{"features":[{"geometry":{"coordinates":[[-76.64376,39.33179],[-76.63987,39.33221],[-76.64105,39.33618],[-76.63663,39.33786],[-76.63304,39.33712],[-76.63266,39.33109],[-76.62939,39.33123],[-76.62915,39.32702],[-76.62627,39.32713],[-76.62598,39.327],[-76.62069,39.32047],[-76.6199,39.32053],[-76.61975,39.31775],[-76.60277,39.31837],[-76.59546,39.31663],[-76.59873,39.31345],[-76.59937,39.31191],[-76.59173,39.31226],[-76.59089,39.29851],[-76.5823,39.29885],[-76.58223,39.29774],[-76.57657,39.29797],[-76.57618,39.29221],[-76.5719,39.2924],[-76.57098,39.27832],[-76.56944,39.27839],[-76.56936,39.27708],[-76.5684,39.27707],[-76.56813,39.27262],[-76.56906,39.27258],[-76.56925,39.27539]],"type":"LineString"},"properties":{"color":"#808285","color_name":"gray","kind":"route","label":"21","long":"Woodberry - Canton Crossing","route_id":"11638","text_color":"#FFFFFF","type_label":"Bus"},"type":"Feature"},{"geometry":{"coordinates":[[-76.65265,39.31804],[-76.65206,39.31771],[-76.65231,39.31753],[-76.65394,39.31832],[-76.65391,39.3188],[-76.66385,39.32195],[-76.66355,39.32239],[-76.66298,39.32284],[-76.65809,39.32487],[-76.65668,39.32626],[-76.65526,39.32931],[-76.65401,39.33029],[-76.64689,39.33241],[-76.64697,39.33326],[-76.64637,39.33394],[-76.64464,39.33478],[-76.63663,39.33786],[-76.63271,39.33706],[-76.62557,39.33737],[-76.61099,39.32825],[-76.5967,39.32833],[-76.5958,39.32807],[-76.59512,39.32763],[-76.59434,39.32658],[-76.59341,39.32385],[-76.59283,39.32291],[-76.59066,39.32121],[-76.58714,39.32382],[-76.58368,39.328],[-76.57168,39.3202],[-76.57288,39.31751],[-76.5731,39.31493],[-76.57295,39.3048],[-76.57275,39.30183],[-76.57283,39.29923],[-76.56989,39.29935],[-76.56907,39.28756],[-76.56721,39.28763],[-76.56715,39.28662],[-76.56267,39.28681],[-76.56096,39.28727],[-76.55904,39.28733],[-76.5573,39.28702],[-76.54833,39.28728],[-76.54844,39.28838],[-76.54953,39.28948],[-76.54982,39.29042],[-76.55258,39.29039],[-76.55291,39.29028],[-76.55314,39.28969],[-76.55265,39.28932],[-76.55261,39.28865]],"type":"LineString"},"properties":{"color":"#808285","color_name":"gray","kind":"route","label":"22","long":"Mondawmin - Bayview","route_id":"11639","text_color":"#FFFFFF","type_label":"Bus"},"type":"Feature"},{"geometry":{"coordinates":[[-76.63017,39.24204],[-76.63009,39.24235],[-76.6309,39.24256],[-76.63084,39.24335],[-76.62655,39.24148],[-76.62471,39.24094],[-76.61412,39.23977],[-76.60952,39.23854],[-76.60792,39.24171],[-76.60914,39.24213],[-76.60872,39.24345],[-76.60898,39.24418],[-76.61625,39.25286],[-76.62521,39.249],[-76.62312,39.2482],[-76.6216,39.24718],[-76.62291,39.24635],[-76.62419,39.24615],[-76.62428,39.24538],[-76.62383,39.24504],[-76.6249,39.24412],[-76.62762,39.24608],[-76.62848,39.24862],[-76.62927,39.24858],[-76.62973,39.24941],[-76.63033,39.24971],[-76.62978,39.25048],[-76.63228,39.25132],[-76.6336,39.25268],[-76.63423,39.25468],[-76.63428,39.25552],[-76.63277,39.25771],[-76.63408,39.25899],[-76.63507,39.25961],[-76.63537,39.26073],[-76.63163,39.26685],[-76.63067,39.27097],[-76.63079,39.27149],[-76.62927,39.27287],[-76.62828,39.27209],[-76.62766,39.27261],[-76.63283,39.27661],[-76.63828,39.27232],[-76.64614,39.27834],[-76.64646,39.27894],[-76.64656,39.28101],[-76.64737,39.28096],[-76.64876,39.28051],[-76.64915,39.2812],[-76.64973,39.28237],[-76.65036,39.29371],[-76.65176,39.29366],[-76.65173,39.29276],[-76.65031,39.2928],[-76.65044,39.29503],[-76.65324,39.29482],[-76.65431,39.31258],[-76.6535,39.31281],[-76.65149,39.31288],[-76.65164,39.31526],[-76.65212,39.31585],[-76.65367,39.31558],[-76.65673,39.31602],[-76.65874,39.31573],[-76.65919,39.31672],[-76.65914,39.31702],[-76.6579,39.31829],[-76.65585,39.31931],[-76.65336,39.31851],[-76.65265,39.31804]],"type":"LineString"},"properties":{"color":"#808285","color_name":"gray","kind":"route","label":"26","long":"Patapsco Station - Mondawmin","route_id":"11640","text_color":"#FFFFFF","type_label":"Bus"},"type":"Feature"},{"geometry":{"coordinates":[[-76.69199,39.34476],[-76.69266,39.34512],[-76.69239,39.34544],[-76.69117,39.34478],[-76.69119,39.34429],[-76.68953,39.34335],[-76.68934,39.34272],[-76.68309,39.34121],[-76.68365,39.34056],[-76.67878,39.33852],[-76.67637,39.33703],[-76.6754,39.33602],[-76.66826,39.33875],[-76.66395,39.34092],[-76.66212,39.34066],[-76.65812,39.34083],[-76.65662,39.34153],[-76.65454,39.34204],[-76.65111,39.34448],[-76.64958,39.34498],[-76.6451,39.34537],[-76.64371,39.34523],[-76.64291,39.34498],[-76.64064,39.34337],[-76.63988,39.34305],[-76.63867,39.34287],[-76.63752,39.34308],[-76.63439,39.34423],[-76.62053,39.34551],[-76.61664,39.34535],[-76.61314,39.3461],[-76.60775,39.34612],[-76.60418,39.34556],[-76.59662,39.34486],[-76.59289,39.34613],[-76.58616,39.34579],[-76.588,39.33998],[-76.58587,39.33988],[-76.58312,39.34045],[-76.58027,39.3402],[-76.57819,39.33942],[-76.57475,39.33703],[-76.57353,39.33867],[-76.57048,39.34197],[-76.56912,39.3428],[-76.56833,39.34232],[-76.56775,39.34185],[-76.56754,39.34143],[-76.56743,39.33968],[-76.56721,39.33911],[-76.56527,39.33756],[-76.56134,39.33071],[-76.55776,39.32837],[-76.55526,39.32778],[-76.55238,39.32622],[-76.55116,39.32524],[-76.54902,39.32288],[-76.54865,39.32201],[-76.54988,39.3216],[-76.55215,39.32013],[-76.55153,39.31887],[-76.547,39.3155],[-76.54635,39.31543],[-76.5446,39.31595],[-76.54547,39.31736],[-76.54772,39.32016],[-76.54834,39.32148]],"type":"LineString"},"properties":{"color":"#808285","color_name":"gray","kind":"route","label":"28","long":"Moravia - Rogers Ave Station","route_id":"11641","text_color":"#FFFFFF","type_label":"Bus"},"type":"Feature"},{"geometry":{"coordinates":[[-76.65265,39.31804],[-76.65206,39.31771],[-76.65231,39.31753],[-76.65394,39.31832],[-76.65368,39.31862],[-76.65222,39.31807],[-76.6514,39.31722],[-76.65132,39.31625],[-76.65212,39.31585],[-76.6534,39.31559],[-76.6564,39.31601],[-76.65625,39.31307],[-76.65643,39.31257],[-76.65727,39.31151],[-76.65718,39.30945],[-76.67107,39.30891],[-76.6687,39.3074],[-76.66778,39.30655],[-76.66666,39.30454],[-76.66532,39.30134],[-76.66493,39.29541],[-76.6649,39.29441],[-76.67232,39.29419],[-76.67267,39.29443],[-76.67233,39.29568],[-76.67212,39.29575],[-76.67197,39.29558],[-76.67233,39.29406],[-76.6721,39.29249],[-76.67261,39.29138],[-76.6726,39.29087],[-76.67207,39.28138],[-76.6722,39.28074],[-76.67164,39.27979],[-76.67148,39.27394],[-76.66894,39.26933],[-76.67864,39.26146],[-76.68096,39.26024],[-76.68301,39.25865],[-76.68188,39.25793],[-76.67861,39.25785],[-76.67846,39.25864],[-76.67506,39.2627],[-76.66819,39.25979],[-76.66667,39.25984],[-76.66503,39.2605],[-76.66468,39.25894],[-76.66402,39.258],[-76.6607,39.25594],[-76.65671,39.25465],[-76.65099,39.25218],[-76.64414,39.25092],[-76.63978,39.24892],[-76.63256,39.24427],[-76.63084,39.24335],[-76.63093,39.24281],[-76.63072,39.24147],[-76.63038,39.24154],[-76.63005,39.24232],[-76.6309,39.24256],[-76.63084,39.24335],[-76.62525,39.24107],[-76.62331,39.24071],[-76.61333,39.23962],[-76.59574,39.2343],[-76.59995,39.22637],[-76.60217,39.22969],[-76.60172,39.23051],[-76.60252,39.23058],[-76.60259,39.23031],[-76.59995,39.22637],[-76.59952,39.22705]],"type":"LineString"},"properties":{"color":"#808285","color_name":"gray","kind":"route","label":"29","long":"Mondawmin - Brooklyn","route_id":"11642","text_color":"#FFFFFF","type_label":"Bus"},"type":"Feature"},{"geometry":{"coordinates":[[-76.69223,39.34461],[-76.69119,39.34398],[-76.69061,39.34395],[-76.68953,39.34335],[-76.68935,39.34287],[-76.69254,39.34293],[-76.69405,39.34354],[-76.6929,39.34524],[-76.69008,39.34757],[-76.69173,39.34869],[-76.68394,39.35265],[-76.67494,39.35682],[-76.67351,39.35688],[-76.66822,39.35609],[-76.66809,39.35483],[-76.66743,39.35279],[-76.66465,39.35341],[-76.66256,39.3543],[-76.66218,39.3549],[-76.66043,39.35499],[-76.65478,39.35733],[-76.65392,39.35788],[-76.65261,39.35948],[-76.65178,39.36005],[-76.64894,39.36083],[-76.64618,39.36127],[-76.64459,39.36178],[-76.63979,39.36228],[-76.63,39.36174],[-76.62536,39.36199],[-76.62095,39.36285],[-76.61738,39.36437],[-76.61224,39.36502],[-76.60777,39.36482],[-76.60721,39.36471],[-76.60728,39.36409],[-76.59998,39.35996],[-76.59806,39.35988],[-76.59421,39.36072],[-76.5913,39.36068],[-76.58214,39.35775],[-76.57362,39.35405],[-76.5666,39.3528],[-76.5657,39.35238],[-76.56299,39.34976],[-76.56078,39.34825],[-76.55459,39.34097],[-76.55274,39.33996],[-76.55142,39.33771],[-76.54853,39.33521],[-76.54781,39.33376],[-76.54434,39.33187],[-76.54178,39.32934],[-76.54106,39.32613],[-76.54019,39.31917],[-76.53894,39.31435],[-76.53223,39.3085],[-76.52856,39.31093],[-76.52627,39.31206],[-76.5267,39.31257],[-76.53051,39.30987],[-76.53079,39.31013],[-76.53283,39.3176],[-76.53233,39.31835],[-76.53186,39.31844]],"type":"LineString"},"properties":{"color":"#808285","color_name":"gray","kind":"route","label":"30","long":"Rogers Ave - Hollander Ridge","route_id":"11643","text_color":"#FFFFFF","type_label":"Bus"},"type":"Feature"},{"geometry":{"coordinates":[[-76.75031,39.30786],[-76.75077,39.30789],[-76.75128,39.3076],[-76.75136,39.30719],[-76.75289,39.30779],[-76.75267,39.31057],[-76.75373,39.31081],[-76.7542,39.31067],[-76.755,39.3127],[-76.75484,39.31295],[-76.74921,39.3128],[-76.74002,39.31193],[-76.73505,39.31222],[-76.73524,39.31363],[-76.73727,39.31703],[-76.73749,39.31792],[-76.73714,39.31895],[-76.73485,39.32101],[-76.73356,39.32165],[-76.73155,39.32163],[-76.73059,39.32181],[-76.72888,39.32246],[-76.72673,39.3237],[-76.72583,39.32377],[-76.72409,39.32335],[-76.72283,39.32329],[-76.72057,39.32441],[-76.71933,39.3259],[-76.71836,39.32627],[-76.71645,39.32578],[-76.71494,39.32479],[-76.71337,39.32479],[-76.71266,39.325],[-76.71224,39.32543],[-76.71159,39.32683],[-76.71115,39.32726],[-76.70981,39.32792],[-76.70763,39.32856],[-76.70795,39.32943],[-76.70518,39.33472],[-76.70043,39.33776],[-76.69893,39.33895],[-76.69748,39.34057],[-76.69415,39.34339],[-76.69265,39.34281],[-76.68934,39.34272],[-76.68953,39.34335],[-76.69266,39.34512],[-76.69239,39.34544],[-76.69117,39.34478],[-76.69119,39.34429],[-76.68953,39.34335],[-76.68934,39.34272],[-76.68507,39.34168],[-76.68354,39.34296],[-76.68057,39.34603],[-76.6759,39.34899],[-76.66981,39.35232],[-76.66506,39.35327],[-76.66263,39.35426],[-76.66218,39.3549],[-76.66043,39.35499],[-76.6596,39.35099],[-76.66022,39.35087]],"type":"LineString"},"properties":{"color":"#808285","color_name":"gray","kind":"route","label":"31","long":"Sinai Hospital - Security Square","route_id":"11644","text_color":"#FFFFFF","type_label":"Bus"},"type":"Feature"},{"geometry":{"coordinates":[[-76.46209,39.37749],[-76.46269,39.37752],[-76.46348,39.37723],[-76.46354,39.37695],[-76.46194,39.37618],[-76.46061,39.37585],[-76.46025,39.37598],[-76.46094,39.37453],[-76.46193,39.37341],[-76.46117,39.37309],[-76.46033,39.37304],[-76.46052,39.37205],[-76.46155,39.37118],[-76.46429,39.36997],[-76.46657,39.36952],[-76.46793,39.36951],[-76.46804,39.36891],[-76.46851,39.36827],[-76.47017,39.36737],[-76.47203,39.3697],[-76.47196,39.37039],[-76.47124,39.37137],[-76.4707,39.37259],[-76.47264,39.3731],[-76.47293,39.37335],[-76.47169,39.37985],[-76.48095,39.38045],[-76.48297,39.38084],[-76.48703,39.38208],[-76.48833,39.38227],[-76.49116,39.38201],[-76.49453,39.38067],[-76.49897,39.38343],[-76.50182,39.38099],[-76.50585,39.37689],[-76.51167,39.37158],[-76.5289,39.35632],[-76.53574,39.3581],[-76.53809,39.35838],[-76.55184,39.36339],[-76.5597,39.3658],[-76.56811,39.3687],[-76.57583,39.36859],[-76.5855,39.36607],[-76.58871,39.36628],[-76.59212,39.36688],[-76.59395,39.36701],[-76.60499,39.36463],[-76.60904,39.3651],[-76.61343,39.36507],[-76.61765,39.36432],[-76.62039,39.36302],[-76.62472,39.3621],[-76.63048,39.36192],[-76.6406,39.3624],[-76.64478,39.3619],[-76.64624,39.36141],[-76.64762,39.36553],[-76.64777,39.36652],[-76.64812,39.36715],[-76.65219,39.36655],[-76.65327,39.36692],[-76.65281,39.36709],[-76.65285,39.36675]],"type":"LineString"},"properties":{"color":"#808285","color_name":"gray","kind":"route","label":"33","long":"Mt Washington Station - White Marsh","route_id":"11645","text_color":"#FFFFFF","type_label":"Bus"},"type":"Feature"},{"geometry":{"coordinates":[[-76.66855,39.42073],[-76.66921,39.4209],[-76.67036,39.42069],[-76.66972,39.41923],[-76.66975,39.41847],[-76.66817,39.41634],[-76.66768,39.41523],[-76.66764,39.41061],[-76.66803,39.4053],[-76.66787,39.40098],[-76.665,39.397],[-76.66437,39.39647],[-76.66311,39.39602],[-76.66285,39.39568],[-76.6613,39.39195],[-76.65968,39.38938],[-76.6592,39.38607],[-76.65836,39.38465],[-76.65708,39.38339],[-76.65228,39.38083],[-76.65153,39.38014],[-76.65085,39.37553],[-76.64812,39.36715],[-76.65219,39.36655],[-76.65327,39.36692],[-76.65364,39.36789],[-76.65467,39.36803],[-76.65598,39.36885],[-76.65733,39.37016],[-76.65935,39.37144],[-76.6599,39.37198],[-76.66029,39.37273],[-76.66022,39.37391],[-76.66046,39.37516],[-76.66103,39.37588],[-76.6619,39.37625],[-76.67352,39.37581],[-76.67667,39.37533],[-76.68195,39.37491],[-76.68664,39.37601],[-76.69318,39.37587],[-76.69309,39.37463],[-76.69243,39.37275],[-76.69244,39.37151],[-76.69269,39.37103],[-76.69394,39.37014],[-76.69419,39.36961],[-76.69202,39.3693],[-76.68957,39.37002],[-76.68651,39.37033],[-76.68564,39.37082],[-76.68546,39.37201],[-76.68232,39.37217],[-76.68217,39.37049],[-76.67972,39.36802],[-76.67483,39.36581],[-76.67389,39.36516],[-76.67309,39.36425],[-76.67643,39.36195],[-76.68811,39.35576],[-76.68595,39.35337],[-76.68452,39.3525],[-76.69187,39.34879],[-76.69008,39.34757],[-76.6929,39.34524],[-76.69415,39.34339],[-76.69265,39.34281],[-76.6888,39.34265],[-76.68507,39.34168],[-76.68545,39.34117],[-76.68546,39.33975],[-76.69306,39.33969],[-76.69309,39.33639],[-76.69563,39.33137],[-76.68361,39.32769],[-76.68254,39.32582],[-76.69542,39.32193],[-76.70108,39.31989],[-76.70469,39.31813],[-76.70518,39.31737],[-76.70514,39.31576],[-76.70669,39.31203],[-76.70808,39.30932],[-76.7106,39.3054],[-76.71173,39.30441],[-76.71443,39.30343],[-76.71661,39.30224],[-76.71971,39.30099],[-76.73144,39.29273],[-76.7316,39.29225],[-76.73498,39.29029],[-76.73408,39.28994],[-76.73153,39.29006],[-76.73139,39.28851],[-76.73171,39.28823],[-76.74811,39.28405],[-76.75023,39.2837],[-76.7533,39.2837],[-76.75402,39.28195],[-76.7537,39.28188],[-76.75335,39.28286],[-76.75316,39.28295]],"type":"LineString"},"properties":{"color":"#808285","color_name":"gray","kind":"route","label":"34","long":"Falls Rd/Greenspring - Catonsville","route_id":"11646","text_color":"#FFFFFF","type_label":"Bus"},"type":"Feature"},{"geometry":{"coordinates":[[-76.45698,39.29629],[-76.45758,39.29515],[-76.45359,39.29385],[-76.45103,39.29355],[-76.45078,39.29495],[-76.44894,39.29757],[-76.44729,39.29893],[-76.44624,39.30057],[-76.44276,39.30297],[-76.44067,39.30414],[-76.44824,39.31233],[-76.45149,39.31635],[-76.45389,39.31852],[-76.45593,39.32169],[-76.45788,39.32369],[-76.46226,39.3266],[-76.46339,39.32696],[-76.46521,39.32717],[-76.46764,39.32802],[-76.46983,39.32845],[-76.47866,39.33544],[-76.4811,39.3377],[-76.48459,39.33891],[-76.48558,39.33959],[-76.4855,39.34015],[-76.48223,39.34226],[-76.48127,39.34259],[-76.47964,39.34265],[-76.47849,39.34297],[-76.47412,39.34618],[-76.47614,39.34785],[-76.47809,39.34912],[-76.47843,39.34956],[-76.47869,39.35041],[-76.48011,39.35016],[-76.48225,39.35059],[-76.4843,39.3504],[-76.4854,39.35054],[-76.48616,39.34746],[-76.48756,39.34437],[-76.48731,39.34151],[-76.48644,39.34],[-76.48664,39.33946],[-76.49576,39.33351],[-76.50062,39.33632],[-76.505,39.33774],[-76.50537,39.33969],[-76.50492,39.34219],[-76.50506,39.34321],[-76.50613,39.34504],[-76.50917,39.34849],[-76.5116,39.35204],[-76.51273,39.35418],[-76.51385,39.35507],[-76.51773,39.35649],[-76.51741,39.35714],[-76.51791,39.35899],[-76.52292,39.36161],[-76.5289,39.35632],[-76.53574,39.3581],[-76.53809,39.35838],[-76.55184,39.36339],[-76.5597,39.3658],[-76.56706,39.36844],[-76.56707,39.37177],[-76.56813,39.37381],[-76.56834,39.37491],[-76.56797,39.37781],[-76.56876,39.37907],[-76.57072,39.38097],[-76.57093,39.38304],[-76.57217,39.38327],[-76.57787,39.38574],[-76.58063,39.38834],[-76.58249,39.38976],[-76.58311,39.39049],[-76.58361,39.39159],[-76.58392,39.39442],[-76.58423,39.39542],[-76.58488,39.39646],[-76.58609,39.39783],[-76.58677,39.39902],[-76.58951,39.39978],[-76.59214,39.40084],[-76.59613,39.40183],[-76.59777,39.40211],[-76.602,39.40199],[-76.60124,39.40595],[-76.59956,39.40571],[-76.59836,39.40529]],"type":"LineString"},"properties":{"color":"#808285","color_name":"gray","kind":"route","label":"36","long":"Towson Town Center - Fox Ridge","route_id":"11647","text_color":"#FFFFFF","type_label":"Bus"},"type":"Feature"},{"geometry":{"coordinates":[[-76.74308,39.37283],[-76.74317,39.37307],[-76.74273,39.3734],[-76.74165,39.37314],[-76.74087,39.37269],[-76.74417,39.37],[-76.74598,39.36939],[-76.74971,39.36941],[-76.75276,39.36746],[-76.75614,39.36671],[-76.75902,39.36643],[-76.76358,39.36751],[-76.76444,39.36756],[-76.76767,39.36724],[-76.76985,39.36627],[-76.77223,39.36618],[-76.77477,39.36575],[-76.77597,39.36502],[-76.77863,39.36134],[-76.75845,39.35381],[-76.76247,39.35014],[-76.76519,39.34898],[-76.76487,39.34835],[-76.76407,39.34341],[-76.76265,39.34143],[-76.7558,39.33848],[-76.75194,39.33661],[-76.75224,39.33581],[-76.75268,39.33318],[-76.75604,39.33365],[-76.75971,39.33371],[-76.75961,39.33256],[-76.75862,39.32975],[-76.75909,39.32729],[-76.75923,39.32531],[-76.75902,39.3224],[-76.75866,39.3213],[-76.75649,39.31714],[-76.75599,39.31501],[-76.75518,39.31312],[-76.75312,39.31284],[-76.74857,39.31275],[-76.74056,39.31195],[-76.73505,39.31222],[-76.73499,39.30966],[-76.73409,39.30708],[-76.73437,39.30553],[-76.73924,39.29929],[-76.74135,39.29769],[-76.74083,39.29702],[-76.74053,39.29595],[-76.73776,39.29393],[-76.73498,39.29029],[-76.73408,39.28994],[-76.73153,39.29006],[-76.73116,39.28604],[-76.73052,39.28413],[-76.73049,39.28346],[-76.73107,39.28234],[-76.73335,39.27903],[-76.73349,39.27833],[-76.72988,39.26731],[-76.72955,39.26622],[-76.7295,39.26526],[-76.7299,39.2627],[-76.73119,39.26172],[-76.73239,39.26006],[-76.7332,39.2595],[-76.73219,39.25822],[-76.73063,39.25697],[-76.73043,39.25647],[-76.73109,39.25594],[-76.73295,39.25535],[-76.7331,39.25515],[-76.73258,39.2524],[-76.73321,39.25084],[-76.73389,39.25033],[-76.73545,39.25005],[-76.73648,39.25037],[-76.73707,39.251],[-76.73724,39.25196],[-76.73681,39.25369],[-76.737,39.25442],[-76.73681,39.25476],[-76.73604,39.25506],[-76.7346,39.25493],[-76.73374,39.25425],[-76.73357,39.25325],[-76.73306,39.25309],[-76.73269,39.25347],[-76.73311,39.25496],[-76.73304,39.25527],[-76.73149,39.25575],[-76.73009,39.25656],[-76.72716,39.25437],[-76.72659,39.25333],[-76.72454,39.2506],[-76.72137,39.25586],[-76.72011,39.25705],[-76.71952,39.25723],[-76.71926,39.2579],[-76.7166,39.26046],[-76.71379,39.25883],[-76.71204,39.25959],[-76.71093,39.25967],[-76.70976,39.25948],[-76.70842,39.25887],[-76.70698,39.2576],[-76.70587,39.25622],[-76.70584,39.25517],[-76.70698,39.25367],[-76.70881,39.25239]],"type":"LineString"},"properties":{"color":"#808285","color_name":"gray","kind":"route","label":"37","long":"Old Court - UMBC/Catonsville","route_id":"11648","text_color":"#FFFFFF","type_label":"Bus"},"type":"Feature"},{"geometry":{"coordinates":[[-76.61754,39.28642],[-76.6174,39.28523],[-76.61767,39.28465],[-76.61764,39.28399],[-76.61468,39.28413],[-76.61554,39.29567],[-76.61537,39.29754],[-76.61554,39.2986],[-76.6157,39.29859],[-76.61618,39.30484],[-76.61846,39.34126],[-76.62018,39.34216],[-76.62177,39.34344],[-76.62349,39.35322],[-76.62429,39.35673],[-76.62495,39.36209],[-76.62175,39.36263],[-76.62039,39.36302],[-76.61765,39.36432],[-76.61576,39.36461],[-76.61677,39.36574],[-76.61798,39.36782],[-76.61834,39.37202],[-76.6192,39.37537],[-76.62111,39.37769],[-76.61865,39.37911],[-76.61931,39.38007],[-76.61936,39.38054],[-76.61914,39.38098],[-76.62002,39.38099],[-76.62052,39.38079],[-76.62282,39.3795],[-76.62482,39.38097],[-76.62751,39.38251],[-76.62617,39.38467],[-76.62442,39.38619],[-76.62408,39.38721],[-76.62439,39.38797],[-76.62494,39.38846],[-76.62722,39.38923],[-76.62803,39.38981],[-76.62828,39.39028],[-76.62831,39.39093],[-76.62815,39.39291],[-76.62784,39.39325],[-76.62659,39.3924],[-76.62666,39.39197],[-76.62728,39.39154],[-76.62718,39.39085],[-76.62581,39.39044],[-76.6249,39.38951],[-76.62472,39.38982],[-76.62497,39.39],[-76.62535,39.38991],[-76.62597,39.39053],[-76.62718,39.39085],[-76.62728,39.39154],[-76.62666,39.39197],[-76.62659,39.3924],[-76.6281,39.39352],[-76.62783,39.39441],[-76.62704,39.39551],[-76.62646,39.39551],[-76.6238,39.39626],[-76.62171,39.39636],[-76.61475,39.39563],[-76.613,39.39583],[-76.61031,39.39659],[-76.6068,39.39716],[-76.60817,39.39884],[-76.60851,39.39996],[-76.6027,39.39939],[-76.60223,39.40173],[-76.602,39.40193],[-76.60122,39.40606],[-76.59917,39.40574],[-76.59799,39.40528]],"type":"LineString"},"properties":{"color":"#808285","color_name":"gray","kind":"route","label":"51","long":"Towson - Downtown","route_id":"11650","text_color":"#FFFFFF","type_label":"Bus"},"type":"Feature"},{"geometry":{"coordinates":[[-76.60422,39.31607],[-76.60722,39.31322],[-76.60713,39.31158],[-76.60947,39.31142],[-76.60956,39.34427],[-76.60996,39.36159],[-76.60977,39.37382],[-76.60225,39.40105],[-76.60223,39.40173],[-76.602,39.40193],[-76.60048,39.41046],[-76.60022,39.41447],[-76.59681,39.42513],[-76.5963,39.42628],[-76.59555,39.42904],[-76.59566,39.43002],[-76.59654,39.43113],[-76.59687,39.43188],[-76.59685,39.44312],[-76.59613,39.44485],[-76.593,39.45017],[-76.59593,39.45146],[-76.59708,39.45239],[-76.59738,39.45336],[-76.59703,39.45514],[-76.59847,39.45655],[-76.59807,39.45821],[-76.59915,39.45961],[-76.60005,39.45989],[-76.60135,39.45985],[-76.60157,39.45904],[-76.60338,39.46019],[-76.60496,39.46017],[-76.60538,39.45967],[-76.60501,39.45915],[-76.60193,39.45848],[-76.60135,39.45985],[-76.59963,39.45982],[-76.59888,39.45939],[-76.59858,39.45981],[-76.59655,39.46015]],"type":"LineString"},"properties":{"color":"#808285","color_name":"gray","kind":"route","label":"52","long":"Greenmount North - Stella Maris","route_id":"11651","text_color":"#FFFFFF","type_label":"Bus"},"type":"Feature"},{"geometry":{"coordinates":[[-76.6229,39.30116],[-76.6218,39.30044],[-76.6209,39.30104],[-76.62012,39.3011],[-76.61883,39.30216],[-76.61842,39.30335],[-76.61176,39.30362],[-76.61205,39.30541],[-76.61241,39.31118],[-76.60713,39.31158],[-76.60722,39.31322],[-76.594,39.32613],[-76.59455,39.32733],[-76.59512,39.32799],[-76.59512,39.33169],[-76.60317,39.33169],[-76.60359,39.33195],[-76.60505,39.33517],[-76.60622,39.33606],[-76.60258,39.33794],[-76.60219,39.33829],[-76.60166,39.3394],[-76.60021,39.34006],[-76.59991,39.34372],[-76.59831,39.354],[-76.59568,39.35687],[-76.59447,39.35931],[-76.59335,39.36688],[-76.58919,39.36621],[-76.58558,39.36591],[-76.58103,39.37369],[-76.57944,39.37539],[-76.57965,39.37903],[-76.57951,39.38044],[-76.57889,39.38196],[-76.57676,39.38504],[-76.57564,39.38631],[-76.57432,39.3873],[-76.56645,39.39103],[-76.56503,39.39193],[-76.56359,39.39369],[-76.56314,39.3949],[-76.56302,39.39585],[-76.56324,39.39732],[-76.56544,39.39679],[-76.57299,39.3959],[-76.576,39.39594],[-76.57648,39.39473],[-76.57762,39.39349],[-76.57785,39.39287],[-76.58009,39.39318],[-76.58375,39.39299],[-76.58392,39.39442],[-76.58437,39.3957],[-76.58609,39.39783],[-76.58677,39.39902],[-76.58951,39.39978],[-76.59214,39.40084],[-76.59613,39.40183],[-76.59777,39.40211],[-76.60174,39.40191],[-76.60224,39.4021],[-76.60277,39.40176],[-76.60242,39.40152],[-76.60225,39.40105],[-76.60701,39.38389],[-76.6111,39.38349],[-76.61183,39.38531],[-76.61312,39.38732],[-76.61328,39.38812],[-76.61315,39.3901],[-76.61359,39.39131],[-76.61429,39.39113],[-76.61592,39.39129],[-76.61819,39.39217],[-76.61975,39.39234],[-76.62106,39.3923],[-76.62173,39.39174],[-76.62295,39.39216],[-76.62317,39.39192],[-76.6238,39.39239],[-76.62394,39.39272],[-76.62361,39.39309],[-76.62304,39.3932],[-76.62235,39.39269],[-76.62302,39.39229],[-76.62247,39.39188]],"type":"LineString"},"properties":{"color":"#808285","color_name":"gray","kind":"route","label":"53","long":"State Center - Towson","route_id":"11652","text_color":"#FFFFFF","type_label":"Bus"},"type":"Feature"},{"geometry":{"coordinates":[[-76.52302,39.39718],[-76.52264,39.39691],[-76.52222,39.39748],[-76.52163,39.39724],[-76.52314,39.39499],[-76.52377,39.39441],[-76.52578,39.39337],[-76.52871,39.39023],[-76.54092,39.37589],[-76.56159,39.35216],[-76.5668,39.34597],[-76.56868,39.34318],[-76.57077,39.34173],[-76.57419,39.3379],[-76.57484,39.33688],[-76.57502,39.33559],[-76.57567,39.33476],[-76.57773,39.3328],[-76.58075,39.33062],[-76.58331,39.3284],[-76.58714,39.32382],[-76.59009,39.32175],[-76.59713,39.31503],[-76.59904,39.31297],[-76.60267,39.31285],[-76.60218,39.30399],[-76.60247,39.3032],[-76.60345,39.302],[-76.60373,39.29905],[-76.60447,39.29767],[-76.60848,39.29467],[-76.60986,39.29392],[-76.61126,39.29369],[-76.61081,39.28788],[-76.62082,39.28752],[-76.62155,39.30012],[-76.62505,39.30307],[-76.62378,39.30383],[-76.62243,39.30413],[-76.62068,39.30423],[-76.62056,39.30329],[-76.62321,39.30141],[-76.6229,39.30116]],"type":"LineString"},"properties":{"color":"#808285","color_name":"gray","kind":"route","label":"54","long":"State Center - Carney/Hillendale","route_id":"11653","text_color":"#FFFFFF","type_label":"Bus"},"type":"Feature"},{"geometry":{"coordinates":[[-76.61601,39.29047],[-76.621,39.29038],[-76.62092,39.28931],[-76.61229,39.28964],[-76.61279,39.29646],[-76.61094,39.29656],[-76.6093,39.29775],[-76.55409,39.29985],[-76.54006,39.30413],[-76.53595,39.30601],[-76.52936,39.31045],[-76.52627,39.31206],[-76.5267,39.31257],[-76.50063,39.33035],[-76.4859,39.3399],[-76.48703,39.34129],[-76.48737,39.34412],[-76.4872,39.34495],[-76.48591,39.34757],[-76.48519,39.35051],[-76.4843,39.3504],[-76.48225,39.35059],[-76.4798,39.35016],[-76.47798,39.35066],[-76.47326,39.35366],[-76.47125,39.35573],[-76.46932,39.35734],[-76.4633,39.35488],[-76.4625,39.35434],[-76.45434,39.36022],[-76.44925,39.36686],[-76.45449,39.37006],[-76.45758,39.37272],[-76.45908,39.37317],[-76.4603,39.37304],[-76.46051,39.37205],[-76.46155,39.37118],[-76.4636,39.3702],[-76.465,39.36977],[-76.46793,39.36948],[-76.46804,39.36891],[-76.46848,39.36831],[-76.47017,39.36737],[-76.47203,39.3697],[-76.47196,39.37039],[-76.47146,39.37099],[-76.47076,39.37243],[-76.46757,39.37175],[-76.46589,39.37177],[-76.46387,39.37227],[-76.46193,39.37341],[-76.46094,39.37453],[-76.45996,39.37693],[-76.46209,39.37749]],"type":"LineString"},"properties":{"color":"#808285","color_name":"gray","kind":"route","label":"56","long":"Downtown - White Marsh","route_id":"11654","text_color":"#FFFFFF","type_label":"Bus"},"type":"Feature"},{"geometry":{"coordinates":[[-76.57242,39.32087],[-76.5737,39.32158],[-76.57268,39.32233],[-76.57042,39.32066],[-76.56395,39.32389],[-76.56084,39.32574],[-76.55766,39.32539],[-76.55582,39.32583],[-76.55518,39.32564],[-76.55398,39.32482],[-76.55205,39.3199],[-76.54994,39.32131],[-76.54859,39.32177],[-76.54803,39.32037],[-76.54562,39.3173],[-76.54475,39.3159],[-76.54333,39.31613],[-76.54109,39.31559],[-76.54004,39.3151],[-76.53939,39.31604],[-76.54019,39.31917],[-76.54076,39.32386],[-76.54419,39.3228],[-76.5447,39.32311],[-76.54528,39.32415],[-76.54645,39.32386],[-76.54608,39.32235],[-76.54887,39.32197],[-76.54988,39.3216],[-76.55349,39.31923],[-76.55433,39.31841],[-76.55734,39.31639],[-76.56107,39.31449],[-76.56267,39.31632],[-76.56436,39.32122],[-76.57148,39.32024],[-76.57158,39.32012],[-76.57097,39.31937],[-76.56866,39.31508],[-76.57136,39.31491],[-76.57135,39.31531],[-76.5729,39.31535],[-76.57272,39.31751],[-76.57148,39.32024],[-76.57242,39.32087]],"type":"LineString"},"properties":{"color":"#808285","color_name":"gray","kind":"route","label":"57","long":"Belair - Edison Circulator","route_id":"11655","text_color":"#FFFFFF","type_label":"Bus"},"type":"Feature"},{"geometry":{"coordinates":[[-76.54333,39.31613],[-76.54109,39.31559],[-76.54004,39.3151],[-76.53959,39.31575],[-76.53952,39.31645],[-76.54019,39.31917],[-76.54076,39.32386],[-76.54513,39.32252],[-76.54887,39.32197],[-76.54988,39.3216],[-76.55349,39.31923],[-76.55433,39.31841],[-76.55734,39.31639],[-76.55961,39.31512],[-76.56203,39.31411],[-76.56376,39.31361],[-76.56772,39.31348],[-76.56563,39.31141],[-76.56227,39.30896],[-76.56081,39.309],[-76.55868,39.30949],[-76.55786,39.3083],[-76.5573,39.3083],[-76.55668,39.30793],[-76.55607,39.30617],[-76.55525,39.30547],[-76.55443,39.30543],[-76.55345,39.30596],[-76.55271,39.30606],[-76.55206,39.30574],[-76.55152,39.3047],[-76.54933,39.30533],[-76.5485,39.30358],[-76.54737,39.3037],[-76.54688,39.30335],[-76.54652,39.30241],[-76.55107,39.30093],[-76.55183,39.30113],[-76.55207,39.30165],[-76.55159,39.30167],[-76.54893,39.29988],[-76.54874,39.29935],[-76.54885,39.29899],[-76.5536,39.29282],[-76.5542,39.29077],[-76.55458,39.29051],[-76.55513,39.2906],[-76.55535,39.29107],[-76.55468,39.29175],[-76.552,39.29202],[-76.55123,39.29228],[-76.55012,39.29111],[-76.54964,39.2894],[-76.54871,39.28845],[-76.54855,39.28728],[-76.52938,39.28808],[-76.52177,39.291],[-76.51938,39.29256],[-76.51807,39.29314],[-76.49328,39.30006],[-76.48503,39.30387],[-76.47958,39.30687],[-76.46566,39.31245],[-76.45082,39.31503],[-76.45049,39.31522],[-76.45389,39.31852],[-76.45477,39.3199],[-76.44326,39.32689],[-76.44122,39.32841],[-76.43664,39.3324],[-76.43564,39.33305],[-76.43468,39.33347],[-76.42181,39.33722],[-76.42052,39.33725],[-76.41933,39.33703],[-76.41493,39.33522],[-76.41292,39.3349],[-76.41133,39.33521],[-76.40801,39.33675],[-76.40388,39.33771],[-76.40208,39.33855],[-76.39982,39.33787],[-76.39759,39.33747],[-76.39675,39.34023],[-76.39579,39.34189],[-76.39592,39.34219],[-76.39231,39.34588],[-76.39114,39.34664],[-76.38986,39.34713],[-76.38389,39.34886]],"type":"LineString"},"properties":{"color":"#808285","color_name":"gray","kind":"route","label":"59","long":"Moravia - Whispering Woods","route_id":"11656","text_color":"#FFFFFF","type_label":"Bus"},"type":"Feature"},{"geometry":{"coordinates":[[-76.48278,39.35467],[-76.48224,39.35472],[-76.48239,39.35552],[-76.48421,39.35534],[-76.48431,39.35399],[-76.48504,39.35372],[-76.485,39.35229],[-76.4854,39.35054],[-76.4843,39.3504],[-76.48225,39.35059],[-76.48011,39.35016],[-76.47869,39.35041],[-76.47843,39.34956],[-76.47809,39.34912],[-76.47614,39.34785],[-76.47412,39.34618],[-76.47849,39.34297],[-76.47922,39.34272],[-76.48101,39.34263],[-76.482,39.34238],[-76.48606,39.33981],[-76.48471,39.33876],[-76.48128,39.33757],[-76.47664,39.33385],[-76.47002,39.33798],[-76.46707,39.33887],[-76.46485,39.34066],[-76.46442,39.34054],[-76.4571,39.33595],[-76.45593,39.3379],[-76.45521,39.34132],[-76.45474,39.34199],[-76.45382,39.34245],[-76.44957,39.34335],[-76.44795,39.33959],[-76.44751,39.33732],[-76.44714,39.33675],[-76.44533,39.3351],[-76.44423,39.33325],[-76.44409,39.33311],[-76.441,39.33329],[-76.44011,39.33313],[-76.43864,39.33219],[-76.43844,39.33146],[-76.43947,39.33012],[-76.44283,39.32739],[-76.45486,39.32004],[-76.45389,39.31852],[-76.45049,39.31522],[-76.45082,39.31503],[-76.46542,39.31253],[-76.47958,39.30687],[-76.48503,39.30387],[-76.49233,39.30051],[-76.49445,39.29977],[-76.5145,39.29423],[-76.51544,39.29411],[-76.51704,39.29439],[-76.51843,39.29407],[-76.51951,39.29419],[-76.5295,39.29702],[-76.53367,39.29472],[-76.53679,39.29138],[-76.53721,39.29043],[-76.53709,39.28775],[-76.52994,39.288],[-76.52867,39.28829],[-76.52177,39.291],[-76.51938,39.29256],[-76.51873,39.29257],[-76.516,39.29158],[-76.51088,39.29046],[-76.50569,39.28836],[-76.49938,39.28428],[-76.496,39.28288],[-76.49382,39.28226],[-76.49003,39.27949],[-76.48378,39.27749],[-76.48008,39.27712],[-76.47682,39.27551],[-76.47427,39.27479],[-76.47249,39.27296],[-76.46274,39.25933],[-76.46231,39.25835],[-76.46194,39.25651],[-76.48259,39.26251],[-76.49103,39.26515],[-76.49532,39.26666],[-76.50538,39.27076],[-76.51125,39.27196],[-76.51791,39.2728],[-76.51778,39.27016],[-76.51744,39.2691],[-76.51721,39.26555],[-76.51702,39.26493],[-76.5166,39.26443],[-76.51524,39.26355],[-76.5136,39.26213],[-76.51229,39.26077],[-76.51219,39.26028],[-76.51259,39.25911],[-76.52228,39.25641],[-76.52234,39.25659],[-76.52334,39.2563],[-76.52064,39.25066],[-76.51967,39.2491],[-76.51876,39.2483],[-76.51503,39.2458],[-76.51502,39.24555],[-76.51363,39.24421],[-76.50985,39.23877],[-76.50876,39.23814],[-76.50841,39.23773],[-76.50748,39.23812],[-76.5076,39.23843],[-76.50695,39.23962],[-76.5064,39.23952],[-76.50517,39.23859],[-76.50431,39.23869],[-76.50328,39.23929]],"type":"LineString"},"properties":{"color":"#808285","color_name":"gray","kind":"route","label":"62","long":"CCBC Essex - Turner Station","route_id":"11657","text_color":"#FFFFFF","type_label":"Bus"},"type":"Feature"},{"geometry":{"coordinates":[[-76.54721,39.34118],[-76.56158,39.33111],[-76.56134,39.33071],[-76.55811,39.32855],[-76.55502,39.32768],[-76.55197,39.32594],[-76.54905,39.32292],[-76.54859,39.32177],[-76.54994,39.32131],[-76.5584,39.31578],[-76.56015,39.31487],[-76.56316,39.31371],[-76.57026,39.3134],[-76.57223,39.31451],[-76.57295,39.31447],[-76.57274,39.30054],[-76.56991,39.29941],[-76.56933,39.29132],[-76.55292,39.29193],[-76.552,39.29202],[-76.55112,39.29236],[-76.5501,39.29143],[-76.54962,39.28966],[-76.54854,39.28859],[-76.54824,39.28756],[-76.54794,39.28743],[-76.54355,39.28751],[-76.5368,39.28323],[-76.53495,39.28108],[-76.52321,39.25634],[-76.52234,39.25659],[-76.52228,39.25641],[-76.51259,39.25911],[-76.51219,39.26028],[-76.51195,39.26042],[-76.51071,39.26056],[-76.50985,39.26042],[-76.50196,39.25673],[-76.50135,39.25613],[-76.49869,39.25199],[-76.49753,39.25087],[-76.49612,39.24988],[-76.47668,39.24269],[-76.47535,39.24206],[-76.4745,39.24135],[-76.47385,39.24029],[-76.47338,39.23726],[-76.47338,39.23618],[-76.47173,39.23614],[-76.46882,39.23648],[-76.46688,39.23697],[-76.4654,39.23759],[-76.46498,39.23556],[-76.46538,39.23432],[-76.46527,39.23344],[-76.46502,39.23313],[-76.46416,39.23274],[-76.464,39.23225],[-76.46524,39.23099],[-76.46873,39.2267],[-76.46912,39.22582],[-76.46918,39.22444],[-76.46939,39.22405],[-76.46978,39.22387],[-76.47568,39.22341],[-76.47634,39.22362],[-76.47719,39.22427],[-76.4784,39.22539],[-76.47796,39.22588],[-76.47811,39.22686],[-76.4785,39.2277],[-76.47907,39.23232],[-76.4785,39.2277],[-76.47811,39.22686],[-76.47796,39.22588],[-76.4784,39.22539],[-76.47917,39.22595],[-76.47999,39.22618],[-76.48283,39.22592],[-76.48543,39.2254],[-76.48589,39.22469],[-76.48539,39.22091],[-76.48501,39.22106],[-76.48537,39.22423],[-76.48175,39.22459],[-76.48167,39.22601],[-76.47999,39.22618],[-76.47917,39.22595],[-76.47673,39.22388],[-76.47568,39.22341],[-76.46891,39.22395],[-76.46888,39.22595],[-76.46747,39.22807],[-76.46475,39.2313],[-76.46412,39.23157],[-76.46362,39.23148],[-76.46337,39.23125],[-76.46335,39.23078],[-76.46361,39.23052],[-76.46435,39.23032],[-76.46481,39.23047],[-76.46509,39.23091],[-76.46507,39.23184],[-76.46429,39.23314],[-76.46422,39.23363],[-76.4648,39.2348],[-76.46519,39.237],[-76.46547,39.23767],[-76.46842,39.23667],[-76.47247,39.23623],[-76.47386,39.23636],[-76.47962,39.23798],[-76.48149,39.23829],[-76.49182,39.23747],[-76.49266,39.23699],[-76.49313,39.23569],[-76.49298,39.23419],[-76.49236,39.23182],[-76.491,39.22966],[-76.49066,39.22709],[-76.4911,39.22643],[-76.49099,39.22635],[-76.49063,39.22684],[-76.491,39.22966],[-76.49225,39.23154],[-76.49298,39.23419],[-76.49313,39.23579],[-76.49285,39.23669],[-76.49242,39.23722],[-76.49149,39.23752],[-76.48149,39.23829],[-76.47962,39.23798],[-76.47661,39.23709]],"type":"LineString"},"properties":{"color":"#808285","color_name":"gray","kind":"route","label":"63","long":"Gardenville - Tradepoint Atlantic","route_id":"11658","text_color":"#FFFFFF","type_label":"Bus"},"type":"Feature"},{"geometry":{"coordinates":[[-76.61601,39.29047],[-76.621,39.29038],[-76.62092,39.28931],[-76.61776,39.28942],[-76.61754,39.28642],[-76.60438,39.28696],[-76.59875,39.28901],[-76.58455,39.2896],[-76.58418,39.28399],[-76.58269,39.28299],[-76.57561,39.28324],[-76.57554,39.28221],[-76.56689,39.28256],[-76.56675,39.28052],[-76.55456,39.28096],[-76.55409,39.27382],[-76.55231,39.2721],[-76.55144,39.2718],[-76.5441,39.27208],[-76.54352,39.27181],[-76.54311,39.26943],[-76.54322,39.26736],[-76.54293,39.26304],[-76.54271,39.26223],[-76.54221,39.2616],[-76.54129,39.26087],[-76.53792,39.25904],[-76.53156,39.25647],[-76.5232,39.25062],[-76.52198,39.25058],[-76.52112,39.25034],[-76.52099,39.25066],[-76.52133,39.25124],[-76.52087,39.25146],[-76.52321,39.25634],[-76.52234,39.25659],[-76.52228,39.25641],[-76.51259,39.25911],[-76.51206,39.26065],[-76.51562,39.2638],[-76.51525,39.26456],[-76.51483,39.26661],[-76.51388,39.26649]],"type":"LineString"},"properties":{"color":"#808285","color_name":"gray","kind":"route","label":"65","long":"Downtown - Dundalk","route_id":"11659","text_color":"#FFFFFF","type_label":"Bus"},"type":"Feature"},{"geometry":{"coordinates":[[-76.54882,39.17622],[-76.55159,39.17712],[-76.55025,39.17951],[-76.54836,39.18141],[-76.55031,39.18265],[-76.5512,39.18372],[-76.55155,39.18463],[-76.55198,39.18712],[-76.55408,39.19103],[-76.55107,39.1924],[-76.55168,39.19328],[-76.55178,39.19403],[-76.55155,39.19469],[-76.55085,39.19539],[-76.5531,39.197],[-76.55381,39.1972],[-76.55479,39.19715],[-76.55563,39.19957],[-76.55706,39.20216],[-76.55782,39.20273],[-76.55857,39.203],[-76.57517,39.20627],[-76.57797,39.20767],[-76.58295,39.20826],[-76.5844,39.20876],[-76.58505,39.20936],[-76.58731,39.21284],[-76.58789,39.21887],[-76.58625,39.21895],[-76.5873,39.23062],[-76.58757,39.23126],[-76.58868,39.23175],[-76.58884,39.23212],[-76.60952,39.23854],[-76.60792,39.24171],[-76.60921,39.24223],[-76.60874,39.24321],[-76.60884,39.24392],[-76.61687,39.25362],[-76.61731,39.25486],[-76.61704,39.25604],[-76.61456,39.26196],[-76.61496,39.26825],[-76.61189,39.26848],[-76.6115,39.27091],[-76.61174,39.27272],[-76.6141,39.27262],[-76.61472,39.28215],[-76.61464,39.28365],[-76.61514,39.2895],[-76.60891,39.28978],[-76.60909,39.29169],[-76.60884,39.29224],[-76.60799,39.29168],[-76.60778,39.29133]],"type":"LineString"},"properties":{"color":"#808285","color_name":"gray","kind":"route","label":"67","long":"Downtown - Marley Neck","route_id":"11660","text_color":"#FFFFFF","type_label":"Bus"},"type":"Feature"},{"geometry":{"coordinates":[[-76.58793,39.12898],[-76.58914,39.12712],[-76.58954,39.12613],[-76.59835,39.13597],[-76.59796,39.13613],[-76.59646,39.13564],[-76.58452,39.13407],[-76.59293,39.14793],[-76.59559,39.14698],[-76.59665,39.14635],[-76.60074,39.14297],[-76.60222,39.14125],[-76.60284,39.1408],[-76.61451,39.15371],[-76.61575,39.15337],[-76.62027,39.15105],[-76.61991,39.14927],[-76.61908,39.14763],[-76.61846,39.14233],[-76.61852,39.14016],[-76.61904,39.13822],[-76.62025,39.1382],[-76.62529,39.13978],[-76.62828,39.14131],[-76.63226,39.14193],[-76.63323,39.13789],[-76.63423,39.13585],[-76.63786,39.13226],[-76.64025,39.12954],[-76.64083,39.12928],[-76.64158,39.12966],[-76.64248,39.13121],[-76.64374,39.13639],[-76.64427,39.14118],[-76.64422,39.14228],[-76.64401,39.14299],[-76.64322,39.1441],[-76.64318,39.14478],[-76.64346,39.14529],[-76.64719,39.14369],[-76.64883,39.14592],[-76.64917,39.14675],[-76.6492,39.14777],[-76.64955,39.1477],[-76.64891,39.14573],[-76.64736,39.14359],[-76.64084,39.14649],[-76.63367,39.15308],[-76.63155,39.15412],[-76.63104,39.15407],[-76.62499,39.16481],[-76.62857,39.16879],[-76.63183,39.17109],[-76.63248,39.17173],[-76.63305,39.17164],[-76.63356,39.17247],[-76.63321,39.17262],[-76.63204,39.17126],[-76.631,39.17054],[-76.62957,39.17138],[-76.62887,39.17202],[-76.62777,39.17433],[-76.62712,39.17507],[-76.6227,39.17725],[-76.62118,39.17729],[-76.61814,39.17606],[-76.61455,39.1826],[-76.61391,39.18564],[-76.61378,39.18763],[-76.61364,39.18788],[-76.61322,39.18801],[-76.61354,39.18977],[-76.61324,39.19831],[-76.61384,39.20379],[-76.61474,39.20943],[-76.61486,39.21165],[-76.61304,39.2298],[-76.61218,39.23185],[-76.61169,39.23426],[-76.60792,39.24171],[-76.60914,39.24213],[-76.60872,39.24345],[-76.60898,39.24418],[-76.61687,39.25362],[-76.61769,39.25349],[-76.62463,39.25476],[-76.62552,39.25515],[-76.62702,39.25641],[-76.62781,39.25681],[-76.63277,39.25771],[-76.63408,39.25899],[-76.63507,39.25961],[-76.63537,39.26073],[-76.63355,39.26374],[-76.6346,39.26406],[-76.63523,39.26473],[-76.63508,39.26691],[-76.63466,39.26802],[-76.63372,39.26914],[-76.6257,39.27586],[-76.62319,39.28104],[-76.62326,39.28438],[-76.62305,39.28482],[-76.62211,39.28566],[-76.62216,39.28747],[-76.62804,39.28716],[-76.62805,39.28797],[-76.62778,39.289],[-76.62367,39.28919]],"type":"LineString"},"properties":{"color":"#808285","color_name":"gray","kind":"route","label":"69","long":"Patapsco Station - Jumpers Hole","route_id":"11661","text_color":"#FFFFFF","type_label":"Bus"},"type":"Feature"},{"geometry":{"coordinates":[[-76.49421,38.98084],[-76.4952,38.97996],[-76.49588,38.97827],[-76.4933,38.9784],[-76.49296,38.97814],[-76.49242,38.97825],[-76.49231,38.9785],[-76.49261,38.97904],[-76.49134,38.98021],[-76.49343,38.98158],[-76.49414,38.98091],[-76.49577,38.98197],[-76.49917,38.98484],[-76.50278,38.98707],[-76.50075,38.98899],[-76.49945,38.98796],[-76.49896,38.98791],[-76.49808,38.98817],[-76.49416,38.9898],[-76.49128,38.99145],[-76.48762,38.99289],[-76.48529,38.99416],[-76.48322,38.99575],[-76.4818,38.99745],[-76.48117,38.99915],[-76.48118,39.00052],[-76.48196,39.00219],[-76.49041,39.01263],[-76.49104,39.0144],[-76.49308,39.01589],[-76.51997,39.04878],[-76.518,39.04952],[-76.51624,39.04707],[-76.51518,39.04688],[-76.51423,39.04735],[-76.51331,39.04837],[-76.51206,39.04824],[-76.51028,39.04903],[-76.51006,39.04936],[-76.51018,39.05005],[-76.51085,39.05052],[-76.51081,39.05108],[-76.51158,39.05234],[-76.51157,39.05322],[-76.51203,39.05395],[-76.51203,39.05432],[-76.51522,39.05446],[-76.51707,39.05427],[-76.51854,39.05378],[-76.52159,39.05214],[-76.52255,39.05207],[-76.52302,39.05234],[-76.5279,39.05779],[-76.52904,39.05663],[-76.52936,39.05683],[-76.53753,39.06264],[-76.54038,39.06608],[-76.54315,39.06765],[-76.54616,39.07124],[-76.54701,39.07293],[-76.54835,39.07424],[-76.54837,39.07767],[-76.54825,39.08003],[-76.5481,39.08015],[-76.61451,39.15371],[-76.61575,39.15337],[-76.62027,39.15105],[-76.61991,39.14927],[-76.61908,39.14763],[-76.61846,39.14233],[-76.61852,39.14016],[-76.61904,39.13822],[-76.62025,39.1382],[-76.62529,39.13978],[-76.62828,39.14131],[-76.63226,39.14193],[-76.63323,39.13789],[-76.63405,39.13612],[-76.63503,39.1349],[-76.63705,39.13308],[-76.64025,39.12954],[-76.64063,39.12932],[-76.64112,39.12931],[-76.64158,39.12966],[-76.64248,39.13121],[-76.64374,39.13639],[-76.64427,39.14118],[-76.64422,39.14228],[-76.64401,39.14299],[-76.64322,39.1441],[-76.64325,39.14492],[-76.64346,39.14529],[-76.64719,39.14369],[-76.64883,39.14592],[-76.64917,39.14675],[-76.6492,39.14777],[-76.64955,39.1477],[-76.6492,39.14634],[-76.64865,39.14529],[-76.64736,39.14359],[-76.64084,39.14649],[-76.63367,39.15308],[-76.63155,39.15412],[-76.63104,39.15407],[-76.62499,39.16481],[-76.62857,39.16879],[-76.63183,39.17109],[-76.63248,39.17173],[-76.63305,39.17164],[-76.63356,39.17247],[-76.63321,39.17262],[-76.63204,39.17126],[-76.631,39.17054],[-76.62957,39.17138],[-76.62887,39.17202],[-76.62777,39.17433],[-76.62712,39.17507],[-76.6227,39.17725],[-76.62118,39.17729],[-76.61814,39.17606],[-76.61455,39.1826],[-76.61391,39.18564],[-76.61378,39.18763],[-76.61364,39.18788],[-76.61322,39.18801],[-76.61354,39.18977],[-76.61324,39.19831],[-76.61384,39.20379],[-76.61474,39.20943],[-76.61486,39.21165],[-76.61304,39.2298],[-76.61218,39.23185],[-76.61169,39.23426],[-76.60792,39.24171],[-76.60914,39.24213],[-76.60872,39.24345],[-76.60898,39.24418],[-76.61687,39.25362],[-76.61769,39.25349],[-76.62463,39.25476],[-76.62552,39.25515],[-76.62702,39.25641],[-76.62781,39.25681],[-76.63277,39.25771],[-76.63408,39.25899],[-76.63507,39.25961],[-76.63537,39.26073],[-76.63355,39.26374],[-76.6346,39.26406],[-76.63523,39.26473],[-76.63508,39.26691],[-76.63466,39.26802],[-76.63372,39.26914],[-76.6257,39.27586],[-76.62319,39.28104],[-76.62326,39.28438],[-76.62305,39.28482],[-76.62211,39.28566],[-76.62216,39.28747],[-76.62804,39.28716],[-76.62805,39.28797],[-76.62778,39.289],[-76.62367,39.28919]],"type":"LineString"},"properties":{"color":"#808285","color_name":"gray","kind":"route","label":"70","long":"Patapsco Station - Annapolis","route_id":"11662","text_color":"#FFFFFF","type_label":"Bus"},"type":"Feature"},{"geometry":{"coordinates":[[-76.63017,39.24202],[-76.63041,39.24143],[-76.63077,39.2415],[-76.63094,39.24316],[-76.63078,39.24351],[-76.6327,39.24454],[-76.63973,39.24907],[-76.63826,39.25578],[-76.63619,39.25932],[-76.63599,39.26074],[-76.63537,39.26073],[-76.63523,39.26],[-76.6341,39.25915],[-76.63329,39.25808],[-76.63277,39.25771],[-76.63428,39.25552],[-76.63411,39.2542],[-76.63342,39.25239],[-76.6328,39.2517],[-76.63183,39.25108],[-76.62982,39.25052],[-76.63036,39.24977],[-76.62973,39.24942],[-76.62932,39.24859],[-76.62854,39.24863],[-76.62753,39.24595],[-76.6249,39.24412],[-76.62383,39.24504],[-76.62428,39.24538],[-76.62419,39.24615],[-76.62291,39.24635],[-76.6216,39.24718],[-76.62312,39.2482],[-76.62521,39.249],[-76.61625,39.25286],[-76.61717,39.25413],[-76.61728,39.25536],[-76.61456,39.2621],[-76.61395,39.26229],[-76.61062,39.26241],[-76.6067,39.2661],[-76.60675,39.26656],[-76.607,39.26675],[-76.60966,39.2666],[-76.60991,39.26692],[-76.60969,39.26708],[-76.60425,39.26727],[-76.60081,39.26685],[-76.6006,39.26805],[-76.6009,39.26897],[-76.5994,39.2716],[-76.59952,39.27235],[-76.59996,39.27275],[-76.60307,39.27389],[-76.60602,39.27579],[-76.60644,39.28028],[-76.60663,39.28067],[-76.60708,39.28087],[-76.61288,39.28069],[-76.61306,39.2822],[-76.61283,39.28223],[-76.61311,39.28515],[-76.61214,39.2866],[-76.61234,39.29048],[-76.61521,39.29038],[-76.61763,39.29053],[-76.62749,39.29011],[-76.62763,39.29274],[-76.62389,39.2928]],"type":"LineString"},"properties":{"color":"#808285","color_name":"gray","kind":"route","label":"71","long":"Downtown - Patapsco Station","route_id":"11663","text_color":"#FFFFFF","type_label":"Bus"},"type":"Feature"},{"geometry":{"coordinates":[[-76.6229,39.30116],[-76.62213,39.3004],[-76.6235,39.2991],[-76.62681,39.30176],[-76.62965,39.29949],[-76.62395,39.29481],[-76.6233,39.28177],[-76.62346,39.2808],[-76.62569,39.2761],[-76.62874,39.27344],[-76.62766,39.27261],[-76.62828,39.27209],[-76.62934,39.27297],[-76.63371,39.26937],[-76.6347,39.26825],[-76.63525,39.26688],[-76.63554,39.26449],[-76.63587,39.26417],[-76.63639,39.26442],[-76.63619,39.26487],[-76.63538,39.26501],[-76.63468,39.26499],[-76.6331,39.26447],[-76.63537,39.26073],[-76.63742,39.26059],[-76.64186,39.26129],[-76.64573,39.25618],[-76.64651,39.25479],[-76.64664,39.25272],[-76.64726,39.24977],[-76.64673,39.24755],[-76.64833,39.2452],[-76.64715,39.24486],[-76.64755,39.24377],[-76.64745,39.24355],[-76.64615,39.24321],[-76.64744,39.24152],[-76.64756,39.2406],[-76.64717,39.23987],[-76.64565,39.23894],[-76.64534,39.23828],[-76.64559,39.23769],[-76.64709,39.23646],[-76.6473,39.23541],[-76.64515,39.2352],[-76.64398,39.23533],[-76.6415,39.23472],[-76.64105,39.24373],[-76.63978,39.24892],[-76.63256,39.24427],[-76.63084,39.24335],[-76.63093,39.24281],[-76.63064,39.24144],[-76.63038,39.24154],[-76.63005,39.24232],[-76.6309,39.24256],[-76.63084,39.24335],[-76.62655,39.24148],[-76.62471,39.24094],[-76.61316,39.23958],[-76.58819,39.23192],[-76.58639,39.2325],[-76.5758,39.23143],[-76.57581,39.23127],[-76.57516,39.23116],[-76.57482,39.23038],[-76.57671,39.23051],[-76.57693,39.23065],[-76.57685,39.23115],[-76.57652,39.23111]],"type":"LineString"},"properties":{"color":"#808285","color_name":"gray","kind":"route","label":"73","long":"State Center - Patapsco Station","route_id":"11664","text_color":"#FFFFFF","type_label":"Bus"},"type":"Feature"},{"geometry":{"coordinates":[[-76.63009,39.24235],[-76.6309,39.24256],[-76.63078,39.24351],[-76.63322,39.24487],[-76.63973,39.24907],[-76.64105,39.24373],[-76.64181,39.23165],[-76.64123,39.22668],[-76.64182,39.22247],[-76.64239,39.22114],[-76.64389,39.22134],[-76.6467,39.2213],[-76.64882,39.22169],[-76.65592,39.22401],[-76.6577,39.22431],[-76.666,39.22461],[-76.66743,39.22377],[-76.66865,39.22365],[-76.67169,39.22292],[-76.67365,39.22191],[-76.67566,39.2203],[-76.67587,39.21901],[-76.67453,39.21887],[-76.6739,39.21859],[-76.67338,39.21814],[-76.67281,39.21721],[-76.67465,39.21635],[-76.6759,39.2162],[-76.67661,39.21632],[-76.67775,39.21397],[-76.67898,39.21017],[-76.679,39.20944],[-76.67671,39.20944],[-76.6774,39.20686],[-76.67635,39.20675],[-76.67695,39.20458],[-76.67773,39.2033],[-76.67848,39.20289],[-76.67921,39.2029],[-76.68149,39.20349],[-76.69091,39.20507],[-76.69078,39.20553],[-76.68851,39.20732],[-76.69058,39.2058],[-76.69091,39.20507],[-76.68456,39.20403],[-76.68492,39.20217],[-76.68522,39.20167],[-76.68593,39.20133],[-76.68769,39.20144],[-76.68933,39.20068],[-76.68968,39.20025],[-76.68981,39.19923],[-76.68967,39.19886],[-76.68522,39.19505],[-76.68277,39.19232],[-76.68123,39.19156],[-76.67924,39.19129],[-76.67421,39.19188],[-76.67406,39.19162],[-76.67268,39.19158],[-76.67264,39.19203],[-76.67217,39.19208],[-76.67121,39.19167],[-76.67107,39.1913],[-76.67118,39.19022],[-76.67646,39.19052],[-76.67674,39.18907],[-76.67557,39.18839],[-76.67333,39.18598],[-76.67337,39.18563],[-76.67381,39.18528],[-76.67409,39.18456],[-76.67418,39.18404],[-76.67401,39.18357],[-76.66998,39.17964],[-76.66919,39.17969],[-76.66843,39.1804],[-76.66954,39.1819],[-76.6754,39.18822],[-76.67659,39.18899],[-76.67625,39.19052],[-76.67832,39.19057],[-76.68041,39.19011],[-76.68466,39.18799],[-76.68964,39.18504],[-76.69001,39.18501],[-76.69064,39.18538],[-76.69093,39.18585],[-76.69079,39.18925],[-76.6921,39.1927],[-76.6927,39.19314],[-76.69407,39.19293],[-76.69421,39.19269],[-76.69377,39.19175],[-76.69224,39.19205],[-76.69164,39.19153],[-76.69075,39.18893],[-76.69093,39.18585],[-76.69064,39.18538],[-76.68978,39.18472],[-76.69111,39.18318],[-76.692,39.18138],[-76.69459,39.17066],[-76.69123,39.17045],[-76.68635,39.1707],[-76.67523,39.17002],[-76.67432,39.1698],[-76.67523,39.17002],[-76.68635,39.1707],[-76.69123,39.17045],[-76.69459,39.17066],[-76.69583,39.16537],[-76.69597,39.16408],[-76.69583,39.163],[-76.6946,39.15848],[-76.70319,39.15845],[-76.70324,39.15959],[-76.7037,39.16108],[-76.70373,39.16284],[-76.70114,39.16792],[-76.70052,39.17055],[-76.70081,39.17132],[-76.70193,39.17126],[-76.705,39.17186],[-76.7071,39.16539],[-76.70783,39.16422],[-76.70864,39.1636],[-76.70984,39.16305],[-76.71182,39.16245],[-76.71194,39.16192],[-76.71349,39.15918],[-76.716,39.16083],[-76.71645,39.1606],[-76.71814,39.15942],[-76.71888,39.1586],[-76.71942,39.15774],[-76.72053,39.15495],[-76.72144,39.15399],[-76.72255,39.15482],[-76.72325,39.15421],[-76.72448,39.15377]],"type":"LineString"},"properties":{"color":"#808285","color_name":"gray","kind":"route","label":"75","long":"Patapsco Station - Arundel Mills","route_id":"11665","text_color":"#FFFFFF","type_label":"Bus"},"type":"Feature"},{"geometry":{"coordinates":[[-76.60778,39.29133],[-76.60776,39.29068],[-76.61391,39.29045],[-76.61364,39.28776],[-76.62725,39.28729],[-76.62869,39.287],[-76.64224,39.28637],[-76.6421,39.28357],[-76.66251,39.27677],[-76.66047,39.27307],[-76.65994,39.27289],[-76.65908,39.27323],[-76.65632,39.26972],[-76.6573,39.26905],[-76.65863,39.26758],[-76.66823,39.27489],[-76.67058,39.27446],[-76.67219,39.27356],[-76.68063,39.27091],[-76.6998,39.26442],[-76.69509,39.26133],[-76.69915,39.25738],[-76.70073,39.25523],[-76.69991,39.25478],[-76.70234,39.25251],[-76.70498,39.25412],[-76.70614,39.2546],[-76.70698,39.25367],[-76.70808,39.25283],[-76.71006,39.25183],[-76.71182,39.25137],[-76.71267,39.25143],[-76.71371,39.25183],[-76.71429,39.25233],[-76.71642,39.25521],[-76.71653,39.2558],[-76.71628,39.25636],[-76.71379,39.25883],[-76.7167,39.26052],[-76.71952,39.25745],[-76.71976,39.25747],[-76.71978,39.25723],[-76.72137,39.25586],[-76.72427,39.25098],[-76.72454,39.25079],[-76.72485,39.2509],[-76.72716,39.25437],[-76.73009,39.25656],[-76.73149,39.25575],[-76.73304,39.25527],[-76.73311,39.25496],[-76.73269,39.25356],[-76.73287,39.25317],[-76.73258,39.2524],[-76.73334,39.25067],[-76.73478,39.2501],[-76.7362,39.25022],[-76.73707,39.251],[-76.73724,39.25187],[-76.73681,39.25369],[-76.737,39.25442],[-76.73645,39.25498],[-76.73522,39.25509],[-76.73441,39.25483],[-76.73374,39.25425],[-76.73357,39.25325],[-76.73306,39.25309],[-76.73269,39.25347],[-76.73311,39.25496],[-76.73304,39.25527],[-76.73149,39.25575],[-76.73009,39.25656],[-76.72736,39.25457],[-76.72478,39.2508],[-76.72166,39.2486],[-76.72065,39.24736],[-76.72017,39.24745],[-76.71958,39.24655],[-76.7198,39.24664]],"type":"LineString"},"properties":{"color":"#808285","color_name":"gray","kind":"route","label":"76","long":"CCBC - Downtown","route_id":"11666","text_color":"#FFFFFF","type_label":"Bus"},"type":"Feature"},{"geometry":{"coordinates":[[-76.65226,39.29303],[-76.65193,39.29303],[-76.65192,39.29323],[-76.65174,39.29324],[-76.65176,39.29366],[-76.66332,39.29319],[-76.66402,39.29338],[-76.66576,39.29445],[-76.68594,39.2937],[-76.6863,39.30025],[-76.68757,39.30204],[-76.68731,39.30254],[-76.68618,39.30296],[-76.68565,39.3029],[-76.68389,39.30194],[-76.68378,39.29958],[-76.68409,39.29554],[-76.68401,39.29378],[-76.69587,39.29334],[-76.70301,39.29225],[-76.71048,39.28819],[-76.71483,39.28333],[-76.71594,39.28142],[-76.7163,39.28111],[-76.72444,39.28104],[-76.72587,39.28065],[-76.73344,39.27723],[-76.73807,39.27659],[-76.75309,39.27343],[-76.75636,39.27381],[-76.75482,39.27788],[-76.75427,39.28119],[-76.75387,39.28119],[-76.75359,39.2818],[-76.75205,39.28186],[-76.75205,39.28263],[-76.75334,39.28262]],"type":"LineString"},"properties":{"color":"#808285","color_name":"gray","kind":"route","label":"77","long":"West Baltimore MARC - Catonsville","route_id":"11667","text_color":"#FFFFFF","type_label":"Bus"},"type":"Feature"},{"geometry":{"coordinates":[[-76.60884,39.29224],[-76.60784,39.29149],[-76.60776,39.29068],[-76.61644,39.29033],[-76.61763,39.29053],[-76.62775,39.29011],[-76.62802,39.289],[-76.66296,39.28741],[-76.66393,39.28777],[-76.6671,39.28612],[-76.66816,39.28595],[-76.67297,39.28579],[-76.67636,39.28815],[-76.68077,39.28412],[-76.68192,39.28438],[-76.68598,39.28687],[-76.68889,39.28816],[-76.68938,39.29359],[-76.69587,39.29334],[-76.70204,39.29242],[-76.70391,39.29243],[-76.70757,39.2919],[-76.71524,39.2915],[-76.72012,39.29083],[-76.72047,39.29106],[-76.72058,39.29145],[-76.72036,39.29222],[-76.71805,39.29448],[-76.72002,39.29527],[-76.72357,39.29825],[-76.7315,39.29267],[-76.73153,39.29006],[-76.7343,39.28997],[-76.73498,39.29029],[-76.73555,39.29093],[-76.73776,39.29393],[-76.74053,39.29595],[-76.74083,39.29702],[-76.74135,39.29769],[-76.74296,39.29717],[-76.74496,39.29692],[-76.74589,39.29705],[-76.74817,39.29798],[-76.74896,39.29813],[-76.75356,39.29791],[-76.7537,39.30197],[-76.75454,39.30432],[-76.75459,39.30507],[-76.7532,39.30827],[-76.75312,39.30887],[-76.75323,39.3093],[-76.75436,39.31097],[-76.75528,39.31334],[-76.76344,39.31504]],"type":"LineString"},"properties":{"color":"#808285","color_name":"gray","kind":"route","label":"78","long":"Downtown - CMS","route_id":"11668","text_color":"#FFFFFF","type_label":"Bus"},"type":"Feature"},{"geometry":{"coordinates":[[-76.76344,39.31504],[-76.76328,39.31471],[-76.75312,39.31284],[-76.74921,39.3128],[-76.74002,39.31193],[-76.73374,39.31222],[-76.72568,39.31129],[-76.71979,39.31143],[-76.7179,39.31117],[-76.71694,39.31082],[-76.71665,39.31167],[-76.71616,39.31207],[-76.71177,39.31286],[-76.70753,39.31027],[-76.70684,39.31006],[-76.70559,39.30982],[-76.69984,39.30961],[-76.6995,39.31054],[-76.69853,39.3111],[-76.6995,39.31054],[-76.69984,39.30961],[-76.70138,39.3096],[-76.7012,39.31157],[-76.70669,39.31203],[-76.70514,39.31576],[-76.70506,39.31771],[-76.70453,39.31822],[-76.70076,39.32002],[-76.69454,39.32223],[-76.68999,39.3236],[-76.68916,39.32198],[-76.68965,39.32181],[-76.69014,39.32093],[-76.69014,39.32021],[-76.69106,39.31962],[-76.6899,39.31843],[-76.69159,39.31732],[-76.69183,39.31629],[-76.69156,39.31567],[-76.69127,39.31544],[-76.68893,39.31478],[-76.68883,39.31412],[-76.68837,39.31387],[-76.68805,39.31391],[-76.68745,39.31442],[-76.68679,39.31446],[-76.68649,39.31416],[-76.68648,39.31358],[-76.68624,39.31319],[-76.68211,39.31082],[-76.67424,39.31098],[-76.6741,39.30883],[-76.67237,39.30886],[-76.65718,39.30945],[-76.65727,39.31151],[-76.65643,39.31257],[-76.65625,39.31307],[-76.6564,39.31601],[-76.65874,39.31573],[-76.65917,39.31697],[-76.65754,39.31855],[-76.65585,39.31931],[-76.65336,39.31851],[-76.65229,39.31787]],"type":"LineString"},"properties":{"color":"#808285","color_name":"gray","kind":"route","label":"79","long":"Mondawmin - CMS","route_id":"11669","text_color":"#FFFFFF","type_label":"Bus"},"type":"Feature"},{"geometry":{"coordinates":[[-76.69226,39.34457],[-76.68953,39.34335],[-76.68934,39.34272],[-76.68309,39.34121],[-76.68471,39.33935],[-76.68475,39.336],[-76.68276,39.33271],[-76.68237,39.32917],[-76.68266,39.32616],[-76.68254,39.32582],[-76.68106,39.32335],[-76.67999,39.32227],[-76.67768,39.32093],[-76.67718,39.32024],[-76.6768,39.31892],[-76.67689,39.31492],[-76.67497,39.31096],[-76.67424,39.31098],[-76.6741,39.30883],[-76.67107,39.30891],[-76.6687,39.3074],[-76.66741,39.30611],[-76.66532,39.30134],[-76.6649,39.29441],[-76.63566,39.29553],[-76.6355,39.29239],[-76.61672,39.29302],[-76.61533,39.29231],[-76.614,39.29234],[-76.61393,39.29115],[-76.60907,39.29129],[-76.60907,39.29184],[-76.60884,39.29224],[-76.60799,39.29168],[-76.60778,39.29133]],"type":"LineString"},"properties":{"color":"#808285","color_name":"gray","kind":"route","label":"80","long":"Downtown - Rogers Ave Station","route_id":"11670","text_color":"#FFFFFF","type_label":"Bus"},"type":"Feature"},{"geometry":{"coordinates":[[-76.72107,39.35921],[-76.72134,39.36021],[-76.72275,39.36006],[-76.72368,39.3622],[-76.72462,39.36205],[-76.73434,39.36203],[-76.74219,39.35986],[-76.74734,39.35963],[-76.74897,39.35918],[-76.75094,39.3582],[-76.75607,39.35788],[-76.75682,39.35746],[-76.75722,39.35695],[-76.75745,39.3552],[-76.75845,39.35381],[-76.79724,39.36814],[-76.81428,39.37594],[-76.81758,39.37852],[-76.82317,39.38127],[-76.82272,39.38304],[-76.82218,39.38414],[-76.82261,39.38684],[-76.8277,39.38615],[-76.8262,39.38328]],"type":"LineString"},"properties":{"color":"#808285","color_name":"gray","kind":"route","label":"81","long":"Deer Park - Milford Mill Station","route_id":"11671","text_color":"#FFFFFF","type_label":"Bus"},"type":"Feature"},{"geometry":{"coordinates":[[-76.70513,39.3509],[-76.70559,39.35107],[-76.70659,39.35009],[-76.70378,39.34843],[-76.7077,39.34646],[-76.70807,39.34815],[-76.7092,39.34944],[-76.71063,39.34835],[-76.71107,39.34767],[-76.71111,39.34597],[-76.71063,39.34526],[-76.70954,39.34519],[-76.70846,39.34614],[-76.7077,39.34646],[-76.70728,39.34469],[-76.70584,39.34317],[-76.7039,39.34405],[-76.69667,39.34554],[-76.69444,39.3436],[-76.69333,39.34297],[-76.69195,39.34274],[-76.68934,39.34272],[-76.68953,39.34335],[-76.69211,39.34461],[-76.69119,39.34398],[-76.69061,39.34395],[-76.68953,39.34335],[-76.68934,39.34272],[-76.68309,39.34121],[-76.68365,39.34056],[-76.67878,39.33852],[-76.67637,39.33703],[-76.6754,39.33602],[-76.67403,39.33656],[-76.67323,39.3357],[-76.67212,39.33505],[-76.67186,39.33548],[-76.6721,39.33578],[-76.67325,39.33656],[-76.67349,39.33655],[-76.67186,39.33548],[-76.67212,39.33505],[-76.6717,39.3346],[-76.67358,39.33396],[-76.66911,39.32889],[-76.67303,39.32092],[-76.67266,39.31422],[-76.66256,39.31461],[-76.6608,39.31491],[-76.6575,39.31583],[-76.65611,39.31582],[-76.65337,39.3154],[-76.65223,39.31562],[-76.65119,39.31613],[-76.64889,39.31422],[-76.64939,39.31402],[-76.65156,39.31393],[-76.65164,39.31526],[-76.65212,39.31585],[-76.65367,39.31558],[-76.65673,39.31602],[-76.65874,39.31573],[-76.65917,39.31697],[-76.65754,39.31855],[-76.65585,39.31931],[-76.65336,39.31851],[-76.6521,39.31776],[-76.65216,39.31753],[-76.65398,39.31842],[-76.65368,39.31862],[-76.65286,39.3184],[-76.65218,39.3185],[-76.65053,39.32015],[-76.65475,39.32196],[-76.65687,39.32442],[-76.65758,39.32566],[-76.65747,39.32751],[-76.65977,39.33069],[-76.65844,39.33128]],"type":"LineString"},"properties":{"color":"#808285","color_name":"gray","kind":"route","label":"82","long":"Park Circle - Reisterstown Plaza","route_id":"11672","text_color":"#FFFFFF","type_label":"Bus"},"type":"Feature"},{"geometry":{"coordinates":[[-76.65285,39.31779],[-76.65387,39.31827],[-76.65392,39.31851],[-76.65218,39.3185],[-76.65053,39.32015],[-76.65475,39.32196],[-76.65578,39.32298],[-76.66837,39.33944],[-76.67808,39.34222],[-76.68092,39.34168],[-76.6825,39.34224],[-76.70287,39.35651],[-76.71319,39.36427],[-76.72143,39.37273],[-76.72508,39.37692],[-76.72673,39.37837],[-76.73077,39.37724],[-76.73363,39.37731],[-76.73678,39.37662],[-76.73776,39.37603],[-76.7396,39.37378],[-76.74087,39.37269],[-76.74165,39.37314],[-76.74273,39.3734],[-76.74317,39.37307],[-76.74308,39.37283]],"type":"LineString"},"properties":{"color":"#808285","color_name":"gray","kind":"route","label":"83","long":"Mondawmin - Old Court Station","route_id":"11673","text_color":"#FFFFFF","type_label":"Bus"},"type":"Feature"},{"geometry":{"coordinates":[[-76.72368,39.3622],[-76.72231,39.35889],[-76.72112,39.35903],[-76.72134,39.36021],[-76.72275,39.36006],[-76.72368,39.3622],[-76.72177,39.36285],[-76.72043,39.36393],[-76.72009,39.36478],[-76.72031,39.36582],[-76.72016,39.36653],[-76.71857,39.36807],[-76.71342,39.37126],[-76.71128,39.37191],[-76.69785,39.36077],[-76.68811,39.35576],[-76.68595,39.35337],[-76.68198,39.35093],[-76.68123,39.35056],[-76.67586,39.34901],[-76.67354,39.34753],[-76.6673,39.34079],[-76.65773,39.32778],[-76.65753,39.3269],[-76.6579,39.32555],[-76.65261,39.31852],[-76.64249,39.31007],[-76.62286,39.31084],[-76.62305,39.31159]],"type":"LineString"},"properties":{"color":"#808285","color_name":"gray","kind":"route","label":"85","long":"North Ave LR - Milford Mill","route_id":"11674","text_color":"#FFFFFF","type_label":"Bus"},"type":"Feature"},{"geometry":{"coordinates":[[-76.82895,39.47859],[-76.82915,39.47857],[-76.82893,39.47577],[-76.82971,39.47016],[-76.82919,39.46467],[-76.82856,39.46359],[-76.82635,39.45684],[-76.77927,39.41877],[-76.7742,39.4151],[-76.77424,39.4147],[-76.77839,39.41173],[-76.77885,39.41082],[-76.77887,39.40912],[-76.78044,39.40896],[-76.78039,39.40861],[-76.77957,39.40826],[-76.77922,39.40833],[-76.77921,39.40893],[-76.77885,39.4089],[-76.77869,39.40677],[-76.7788,39.40578],[-76.77997,39.40399],[-76.78193,39.40267],[-76.78327,39.40209],[-76.78483,39.40366],[-76.78579,39.40405],[-76.78679,39.40412],[-76.78716,39.40459],[-76.78682,39.40563],[-76.78764,39.40743],[-76.78793,39.40773],[-76.79008,39.40867],[-76.79058,39.40875],[-76.79294,39.40816],[-76.79365,39.40741],[-76.79377,39.40644]],"type":"LineString"},"properties":{"color":"#808285","color_name":"gray","kind":"route","label":"87","long":"Glyndon - Owings Mills","route_id":"11675","text_color":"#FFFFFF","type_label":"Bus"},"type":"Feature"},{"geometry":{"coordinates":[[-76.69211,39.34461],[-76.69119,39.34398],[-76.69061,39.34395],[-76.68953,39.34335],[-76.68935,39.34287],[-76.69254,39.34293],[-76.69405,39.34354],[-76.6929,39.34524],[-76.69008,39.34757],[-76.70348,39.35695],[-76.71319,39.36427],[-76.72143,39.37273],[-76.72508,39.37692],[-76.73472,39.38542],[-76.73637,39.38664],[-76.74995,39.39818],[-76.7564,39.40305],[-76.77387,39.41498],[-76.77839,39.41173],[-76.77885,39.41082],[-76.77887,39.40912],[-76.78044,39.40896],[-76.78039,39.40861],[-76.77957,39.40826],[-76.77922,39.40833],[-76.77921,39.40893],[-76.77885,39.4089],[-76.77869,39.40677],[-76.7788,39.40578],[-76.77997,39.40399],[-76.78193,39.40267],[-76.78327,39.40209],[-76.78483,39.40366],[-76.78579,39.40405],[-76.78679,39.40412],[-76.78716,39.40459],[-76.78682,39.40563],[-76.78764,39.40743],[-76.78793,39.40773],[-76.79041,39.40876],[-76.79294,39.40816],[-76.7938,39.40701],[-76.79377,39.40644],[-76.7935,39.40601],[-76.79268,39.40536],[-76.79162,39.40491],[-76.79126,39.40446],[-76.79138,39.40429],[-76.79436,39.40382],[-76.79643,39.40379],[-76.79751,39.40398],[-76.79839,39.40464],[-76.79861,39.40531],[-76.79702,39.40905],[-76.79698,39.40985],[-76.79797,39.41363],[-76.79947,39.41529],[-76.80078,39.41366],[-76.80136,39.41341],[-76.80354,39.41341],[-76.80452,39.41262],[-76.80562,39.41248],[-76.80705,39.41294],[-76.80693,39.41323],[-76.8073,39.41383],[-76.80908,39.41315],[-76.80839,39.41266],[-76.80705,39.41294],[-76.80562,39.41248],[-76.80452,39.41262],[-76.80354,39.41341],[-76.80136,39.41341],[-76.80054,39.41387],[-76.79947,39.41529],[-76.80062,39.41644],[-76.80095,39.41704],[-76.80151,39.41986],[-76.80189,39.42075],[-76.8046,39.42327],[-76.80759,39.42423],[-76.80851,39.42472],[-76.80951,39.42621],[-76.81189,39.42525]],"type":"LineString"},"properties":{"color":"#808285","color_name":"gray","kind":"route","label":"89","long":"Rogers Ave - Owings Mills","route_id":"11676","text_color":"#FFFFFF","type_label":"Bus"},"type":"Feature"},{"geometry":{"coordinates":[[-76.66427,39.35343],[-76.66256,39.3543],[-76.66218,39.3549],[-76.66043,39.35499],[-76.65984,39.35273],[-76.65926,39.34908],[-76.65803,39.34914],[-76.65815,39.34681],[-76.65785,39.3464],[-76.65606,39.34597],[-76.6549,39.34594],[-76.65488,39.34854],[-76.65677,39.34934],[-76.65772,39.34937],[-76.65926,39.34908],[-76.65915,39.3476],[-76.65957,39.34578],[-76.65899,39.34455],[-76.65719,39.34281],[-76.65726,39.3421],[-76.65812,39.34083],[-76.65784,39.33942],[-76.65767,39.33895],[-76.65674,39.3381],[-76.65645,39.33751],[-76.65625,39.3355],[-76.65592,39.33454],[-76.6559,39.33329],[-76.65401,39.33029],[-76.65488,39.33003],[-76.65545,39.32946],[-76.65589,39.3287],[-76.65654,39.32674],[-76.65765,39.32529],[-76.65242,39.31831],[-76.65265,39.31804],[-76.65206,39.31771],[-76.65231,39.31753],[-76.65394,39.31832],[-76.65368,39.31862],[-76.65286,39.3184],[-76.65218,39.3185],[-76.65065,39.32],[-76.64822,39.31878],[-76.64604,39.31682],[-76.64382,39.31598],[-76.64183,39.31401],[-76.64033,39.31515],[-76.63782,39.31255],[-76.63476,39.31436],[-76.63259,39.31443],[-76.63266,39.31667],[-76.63032,39.31669],[-76.63035,39.31521],[-76.63007,39.31481],[-76.63035,39.31465],[-76.63076,39.31448],[-76.63476,39.31436],[-76.63943,39.31157],[-76.63831,39.31024],[-76.63397,39.31034],[-76.63365,39.3099],[-76.62595,39.30358],[-76.6218,39.30044],[-76.6209,39.30104],[-76.61983,39.30127],[-76.61874,39.30228],[-76.61842,39.30335],[-76.61194,39.30361],[-76.61081,39.28788],[-76.62758,39.28726],[-76.62828,39.28709],[-76.62785,39.28603],[-76.62352,39.28619]],"type":"LineString"},"properties":{"color":"#808285","color_name":"gray","kind":"route","label":"91","long":"Mondawmin - Sinai Hospital","route_id":"11677","text_color":"#FFFFFF","type_label":"Bus"},"type":"Feature"},{"geometry":{"coordinates":[[-76.68017,39.35997],[-76.68811,39.35576],[-76.6975,39.36055],[-76.70283,39.36483],[-76.70148,39.36576],[-76.70086,39.36571],[-76.69934,39.36475],[-76.69826,39.36462],[-76.69452,39.36487],[-76.69156,39.36563],[-76.69079,39.36526],[-76.68964,39.3637],[-76.68917,39.36333],[-76.68651,39.36234],[-76.684,39.36418],[-76.68137,39.36579],[-76.67958,39.36792],[-76.68217,39.37049],[-76.68232,39.37217],[-76.67898,39.37218],[-76.67814,39.37196],[-76.67822,39.37344],[-76.67462,39.37341],[-76.67171,39.37285],[-76.67145,39.37509],[-76.67119,39.3759],[-76.66634,39.37616],[-76.66634,39.37498],[-76.6651,39.37486],[-76.66465,39.37489],[-76.66457,39.3755],[-76.66633,39.37565],[-76.66634,39.37616],[-76.67381,39.37579],[-76.67721,39.37527],[-76.68195,39.37491],[-76.68664,39.37601],[-76.69318,39.37587],[-76.69309,39.37463],[-76.69243,39.37275],[-76.69244,39.37151],[-76.69269,39.37103],[-76.69394,39.37014],[-76.69419,39.36961],[-76.69248,39.36931],[-76.69155,39.36935],[-76.68919,39.37009],[-76.68651,39.37033],[-76.68564,39.37082],[-76.68546,39.37201],[-76.69242,39.372],[-76.69249,39.37306],[-76.69309,39.37463],[-76.69318,39.37587],[-76.69692,39.37549],[-76.70028,39.37549],[-76.70634,39.37489],[-76.70682,39.37597],[-76.70971,39.3801],[-76.71123,39.38096],[-76.71303,39.38063],[-76.71569,39.38054],[-76.71645,39.38032],[-76.71801,39.37878],[-76.71833,39.3787],[-76.71993,39.37931],[-76.72122,39.37948],[-76.72653,39.37856],[-76.7271,39.37868],[-76.74665,39.39544],[-76.75214,39.39992],[-76.7564,39.40305],[-76.77639,39.41675],[-76.77298,39.41977],[-76.7712,39.41845],[-76.77026,39.41811],[-76.7704,39.41771],[-76.77024,39.41808],[-76.77061,39.41832],[-76.77046,39.41812],[-76.77062,39.41774],[-76.77055,39.41829],[-76.7712,39.41845],[-76.77298,39.41977],[-76.77639,39.41675],[-76.77802,39.41789],[-76.77912,39.41767],[-76.77968,39.41793],[-76.77961,39.41833],[-76.77832,39.41975],[-76.77802,39.42044],[-76.77791,39.42136],[-76.77825,39.4225],[-76.77974,39.42425],[-76.78021,39.42535],[-76.78077,39.43003],[-76.78051,39.43402],[-76.7783,39.43413],[-76.77251,39.43538],[-76.77401,39.43919],[-76.77456,39.43952],[-76.77633,39.43966]],"type":"LineString"},"properties":{"color":"#808285","color_name":"gray","kind":"route","label":"92","long":"Glen - Baas & Talmudical","route_id":"11678","text_color":"#FFFFFF","type_label":"Bus"},"type":"Feature"},{"geometry":{"coordinates":[[-76.59765,39.4049],[-76.59665,39.4041],[-76.59573,39.40371],[-76.59613,39.40183],[-76.59777,39.40211],[-76.602,39.40199],[-76.60122,39.40606],[-76.60258,39.40669],[-76.60458,39.40919],[-76.60534,39.40978],[-76.60672,39.41021],[-76.60864,39.40996],[-76.60925,39.41018],[-76.61494,39.41735],[-76.6184,39.42374],[-76.62145,39.43014],[-76.62494,39.42884],[-76.62682,39.4286],[-76.62684,39.42838],[-76.62664,39.42841],[-76.62664,39.42862],[-76.62664,39.42841],[-76.62684,39.42838],[-76.62682,39.4286],[-76.62494,39.42884],[-76.62145,39.43014],[-76.62633,39.44079],[-76.62901,39.44005],[-76.63145,39.43892],[-76.63216,39.44027],[-76.63238,39.44196],[-76.63425,39.44538],[-76.63558,39.44711],[-76.63488,39.44742],[-76.63546,39.44857],[-76.63628,39.44831],[-76.63739,39.44974],[-76.63792,39.45135],[-76.63878,39.45266],[-76.63938,39.4532],[-76.64129,39.45427],[-76.64197,39.45511],[-76.64206,39.45551],[-76.6403,39.45567],[-76.63613,39.4556],[-76.63294,39.45612],[-76.63601,39.4633],[-76.63502,39.46361],[-76.63407,39.46419],[-76.63297,39.46607],[-76.63235,39.46673],[-76.62953,39.46762],[-76.62741,39.4689],[-76.62642,39.47039],[-76.62578,39.47088],[-76.62448,39.4714],[-76.62291,39.47175],[-76.62191,39.47178],[-76.62039,39.47151],[-76.62018,39.47228],[-76.62051,39.47355],[-76.64108,39.47485],[-76.6374,39.46642],[-76.63874,39.46611],[-76.6444,39.46579],[-76.64628,39.46789],[-76.64753,39.47042],[-76.65085,39.47543],[-76.65486,39.47972],[-76.65676,39.48143],[-76.65702,39.4828],[-76.65628,39.48609],[-76.65655,39.48704],[-76.65798,39.48968],[-76.66049,39.48928],[-76.66335,39.4892],[-76.66384,39.4893],[-76.66418,39.4896],[-76.66437,39.49118],[-76.66399,39.49168],[-76.65872,39.49211],[-76.65909,39.49554],[-76.6617,39.49537],[-76.66168,39.49677]],"type":"LineString"},"properties":{"color":"#808285","color_name":"gray","kind":"route","label":"93","long":"Towson - Hunt Valley","route_id":"11679","text_color":"#FFFFFF","type_label":"Bus"},"type":"Feature"},{"geometry":{"coordinates":[[-76.58354,39.26542],[-76.60514,39.27296],[-76.6141,39.27262],[-76.615,39.28773],[-76.62082,39.28752],[-76.62154,39.30052],[-76.62024,39.30176],[-76.62101,39.30704],[-76.62084,39.30793],[-76.6193,39.3111],[-76.6199,39.32053],[-76.62069,39.32047],[-76.62604,39.32705],[-76.62915,39.32702],[-76.62939,39.33123],[-76.63494,39.33099],[-76.63659,39.33643],[-76.63895,39.34],[-76.63966,39.3415],[-76.6433,39.35315],[-76.64749,39.3651],[-76.64783,39.3667],[-76.64812,39.36715],[-76.65219,39.36655],[-76.65327,39.36692],[-76.65461,39.3669],[-76.65664,39.36616],[-76.6601,39.36659],[-76.66435,39.36661],[-76.66448,39.36624],[-76.66425,39.36531],[-76.66498,39.36359],[-76.66459,39.36271],[-76.66396,39.35984],[-76.66623,39.35906],[-76.67112,39.35824],[-76.67078,39.35648],[-76.66822,39.35609],[-76.66809,39.35483],[-76.66743,39.35279],[-76.66465,39.35341],[-76.66256,39.3543],[-76.66218,39.3549],[-76.66043,39.35499],[-76.6596,39.35099],[-76.66259,39.35079],[-76.66464,39.35282]],"type":"LineString"},"properties":{"color":"#808285","color_name":"gray","kind":"route","label":"94","long":"Fort McHenry - Sinai Hospital","route_id":"11680","text_color":"#FFFFFF","type_label":"Bus"},"type":"Feature"},{"geometry":{"coordinates":[[-76.63424,39.36806],[-76.63428,39.36429],[-76.63528,39.35943],[-76.63486,39.35643],[-76.63403,39.3531],[-76.63583,39.3487],[-76.63599,39.34726],[-76.63513,39.34268],[-76.63334,39.33837],[-76.63304,39.33712],[-76.62557,39.33737],[-76.61624,39.33143],[-76.61398,39.29641],[-76.61431,39.29547],[-76.61421,39.29356],[-76.61333,39.28437],[-76.6147,39.2843],[-76.61476,39.28502]],"type":"LineString"},"properties":{"color":"#808285","color_name":"gray","kind":"route","label":"95","long":"Downtown - Roland Park","route_id":"11681","text_color":"#FFFFFF","type_label":"Bus"},"type":"Feature"},{"geometry":{"coordinates":[[-76.57045,39.402],[-76.57059,39.40182],[-76.57042,39.40166],[-76.56978,39.40188],[-76.56961,39.40169],[-76.56744,39.40263],[-76.56726,39.40243],[-76.5642,39.3988],[-76.5635,39.39753],[-76.56317,39.39585],[-76.56351,39.39415],[-76.56466,39.39247],[-76.56595,39.39144],[-76.57396,39.38763],[-76.57578,39.3864],[-76.5767,39.38543],[-76.57908,39.38194],[-76.57953,39.38095],[-76.57977,39.37952],[-76.57955,39.37609],[-76.57967,39.37531],[-76.58133,39.37352],[-76.58575,39.36606],[-76.58974,39.35759],[-76.58989,39.35658],[-76.5898,39.3547],[-76.59186,39.34852],[-76.59261,39.34362],[-76.59413,39.33922],[-76.5945,39.33583],[-76.59518,39.33441],[-76.5973,39.33274],[-76.5978,39.33213],[-76.59804,39.32773],[-76.60036,39.32479],[-76.60702,39.31821],[-76.61537,39.3179],[-76.61398,39.29641],[-76.6143,39.2951],[-76.61364,39.28776],[-76.61767,39.28765],[-76.6174,39.28523],[-76.61769,39.28446],[-76.61764,39.28399],[-76.61468,39.28413],[-76.61488,39.28649]],"type":"LineString"},"properties":{"color":"#262727","color_name":"black","kind":"route","label":"103","long":"Downtown - Cromwell Bridge","route_id":"11684","text_color":"#FFFFFF","type_label":"Bus"},"type":"Feature"},{"geometry":{"coordinates":[[-76.53173,39.34131],[-76.53202,39.3413],[-76.53216,39.3394],[-76.53333,39.33583],[-76.53322,39.33479],[-76.53253,39.33344],[-76.53246,39.3325],[-76.53363,39.32809],[-76.53485,39.32663],[-76.54029,39.324],[-76.54513,39.32252],[-76.54887,39.32197],[-76.54988,39.3216],[-76.55349,39.31923],[-76.55433,39.31841],[-76.55734,39.31639],[-76.55961,39.31512],[-76.5628,39.31382],[-76.56376,39.31361],[-76.57008,39.31339],[-76.57084,39.31361],[-76.57232,39.31454],[-76.57312,39.31434],[-76.57275,39.30183],[-76.57285,39.30029],[-76.60373,39.29905],[-76.60447,39.29767],[-76.61029,39.2935],[-76.61023,39.29129],[-76.60778,39.29133],[-76.60776,39.29068],[-76.61644,39.29033],[-76.61763,39.29053],[-76.621,39.29038],[-76.62119,39.29334]],"type":"LineString"},"properties":{"color":"#262727","color_name":"black","kind":"route","label":"105","long":"Cedonia - Downtown","route_id":"11686","text_color":"#FFFFFF","type_label":"Bus"},"type":"Feature"},{"geometry":{"coordinates":[[-76.62246,39.29277],[-76.61672,39.29302],[-76.61533,39.29231],[-76.614,39.29234],[-76.61393,39.29115],[-76.60907,39.29129],[-76.60907,39.29184],[-76.60849,39.29284],[-76.60607,39.29474],[-76.60481,39.29713],[-76.60401,39.29798],[-76.58959,39.29855],[-76.59012,39.30741],[-76.5737,39.32158],[-76.56034,39.33207],[-76.54124,39.3454],[-76.50558,39.37703],[-76.50057,39.38212],[-76.49179,39.38904],[-76.46387,39.41281],[-76.46109,39.41095],[-76.46184,39.40958],[-76.46246,39.40648]],"type":"LineString"},"properties":{"color":"#262727","color_name":"black","kind":"route","label":"115","long":"Downtown - Perry Hall","route_id":"11687","text_color":"#FFFFFF","type_label":"Bus"},"type":"Feature"},{"geometry":{"coordinates":[[-76.46209,39.37749],[-76.46245,39.37755],[-76.46348,39.37722],[-76.4635,39.37696],[-76.46272,39.37647],[-76.46061,39.37585],[-76.46148,39.37422],[-76.46301,39.3729],[-76.46476,39.37217],[-76.46647,39.3719],[-76.46804,39.37196],[-76.4707,39.37259],[-76.47124,39.37137],[-76.47196,39.37039],[-76.47203,39.3697],[-76.47017,39.36737],[-76.46848,39.36831],[-76.46804,39.36891],[-76.46793,39.36948],[-76.46574,39.36963],[-76.46411,39.37002],[-76.46155,39.37118],[-76.46051,39.37205],[-76.4603,39.37304],[-76.46121,39.3731],[-76.46193,39.37341],[-76.46066,39.37505],[-76.45991,39.37717],[-76.45986,39.37894],[-76.45923,39.37939],[-76.4533,39.37939],[-76.44927,39.37908],[-76.45502,39.37373],[-76.45694,39.37223],[-76.45922,39.37087],[-76.46393,39.36873],[-76.47377,39.36378],[-76.4807,39.35954],[-76.48666,39.3565],[-76.49717,39.35157],[-76.50916,39.3453],[-76.51147,39.34403],[-76.51316,39.34261],[-76.51405,39.34144],[-76.51685,39.33649],[-76.51842,39.33444],[-76.52588,39.32689],[-76.53248,39.32055],[-76.53345,39.31949],[-76.534,39.31844],[-76.53421,39.31738],[-76.53417,39.31641],[-76.53115,39.30692],[-76.53088,39.30546],[-76.53067,39.30173],[-76.53088,39.2989],[-76.53142,39.29592],[-76.53374,39.28708],[-76.53417,39.28611],[-76.5351,39.28516],[-76.53655,39.28453],[-76.53802,39.28442],[-76.54227,39.28467],[-76.54538,39.28453],[-76.54733,39.28405],[-76.54892,39.28326],[-76.55009,39.28214],[-76.55096,39.28055],[-76.55146,39.27913],[-76.55213,39.27588],[-76.55261,39.27475],[-76.55319,39.27396],[-76.5647,39.26485],[-76.56848,39.26284],[-76.57287,39.26115],[-76.57545,39.26055],[-76.5781,39.26041],[-76.58067,39.26068],[-76.58272,39.26121],[-76.58932,39.26423],[-76.5962,39.26616],[-76.60393,39.26726],[-76.61488,39.26695],[-76.62131,39.26759],[-76.62253,39.26818],[-76.6229,39.26885],[-76.62288,39.26949],[-76.61913,39.2782],[-76.61883,39.27954],[-76.61989,39.29624],[-76.61108,39.29651],[-76.60967,39.29761],[-76.60887,39.29781],[-76.59156,39.29849],[-76.59089,39.29851],[-76.59081,39.29727]],"type":"LineString"},"properties":{"color":"#262727","color_name":"black","kind":"route","label":"120","long":"White Marsh - Downtown/Hopkins","route_id":"11688","text_color":"#FFFFFF","type_label":"Bus"},"type":"Feature"},{"geometry":{"coordinates":[[-76.8885,39.22154],[-76.88728,39.22152],[-76.88587,39.22177],[-76.88364,39.2216],[-76.88265,39.22101],[-76.8818,39.2198],[-76.88048,39.21905],[-76.87804,39.22038],[-76.8766,39.22159],[-76.87546,39.22171],[-76.87349,39.2203],[-76.87121,39.21977],[-76.8705,39.21942],[-76.86902,39.21824],[-76.86847,39.21674],[-76.86677,39.21562],[-76.8668,39.21452],[-76.86479,39.21452],[-76.86474,39.21352],[-76.86435,39.21309],[-76.86185,39.21282],[-76.86182,39.2116],[-76.85937,39.21141],[-76.8582,39.2118],[-76.85777,39.21223],[-76.85753,39.21281],[-76.8575,39.21591],[-76.85775,39.21742],[-76.85857,39.21923],[-76.85879,39.22035],[-76.85834,39.22165],[-76.85633,39.22475],[-76.85515,39.22571],[-76.85368,39.22638],[-76.85174,39.22681],[-76.85023,39.2268],[-76.8486,39.22649],[-76.84545,39.22528],[-76.84454,39.22467],[-76.84461,39.22403],[-76.84512,39.22378],[-76.84592,39.22403],[-76.84609,39.22451],[-76.84589,39.22512],[-76.84123,39.23302],[-76.83685,39.23997],[-76.82908,39.24727],[-76.8237,39.25159],[-76.82179,39.25395],[-76.82084,39.25619],[-76.81693,39.27557],[-76.81616,39.27773],[-76.81458,39.27993],[-76.81314,39.28106],[-76.78727,39.29599],[-76.78548,39.2967],[-76.78298,39.29682],[-76.78057,39.29607],[-76.76963,39.28871],[-76.76774,39.28766],[-76.76397,39.28612],[-76.76175,39.28542],[-76.75404,39.28352],[-76.75367,39.28306],[-76.75404,39.28194],[-76.75383,39.28189],[-76.7536,39.28193],[-76.75334,39.28262],[-76.75205,39.28263],[-76.75207,39.28322],[-76.7533,39.28301],[-76.75364,39.28207],[-76.75401,39.282],[-76.75353,39.28317],[-76.75296,39.28342],[-76.7487,39.28371],[-76.72348,39.28996],[-76.71703,39.2911],[-76.70753,39.29172],[-76.70405,39.29222],[-76.70261,39.29219],[-76.6961,39.2932],[-76.66565,39.29431],[-76.66428,39.29339],[-76.66321,39.29306],[-76.65492,39.29336],[-76.65173,39.29276],[-76.65033,39.29299],[-76.64303,39.29334],[-76.62701,39.29387],[-76.62392,39.29376],[-76.62367,39.28919],[-76.60605,39.28989],[-76.60228,39.28417],[-76.59327,39.28455],[-76.59338,39.28559],[-76.59675,39.28544],[-76.59673,39.28491]],"type":"LineString"},"properties":{"color":"#262727","color_name":"black","kind":"route","label":"150","long":"Columbia - Downtown/Harbor East","route_id":"11689","text_color":"#FFFFFF","type_label":"Bus"},"type":"Feature"},{"geometry":{"coordinates":[[-76.62321,39.30141],[-76.62155,39.30012],[-76.62074,39.28626],[-76.60872,39.2867],[-76.60907,39.29184],[-76.60818,39.29316],[-76.60607,39.29474],[-76.60481,39.29713],[-76.60401,39.29798],[-76.60372,39.29875],[-76.60345,39.302],[-76.60247,39.3032],[-76.60175,39.30522],[-76.60085,39.30651],[-76.6006,39.3083],[-76.59904,39.31297],[-76.59713,39.31503],[-76.59009,39.32175],[-76.58714,39.32382],[-76.58454,39.32703],[-76.58529,39.32732],[-76.58787,39.32741],[-76.5887,39.32829],[-76.58916,39.3285],[-76.58814,39.33845],[-76.58782,39.33996],[-76.58587,39.33988],[-76.58312,39.34045],[-76.58027,39.3402],[-76.57819,39.33942],[-76.57475,39.33703],[-76.57419,39.3379],[-76.57077,39.34173],[-76.56868,39.34318],[-76.5668,39.34597],[-76.56159,39.35216],[-76.54092,39.37589],[-76.52833,39.39066],[-76.52578,39.39337],[-76.52377,39.39441],[-76.52314,39.39499],[-76.52163,39.39724],[-76.52266,39.39766],[-76.52302,39.39718]],"type":"LineString"},"properties":{"color":"#262727","color_name":"black","kind":"route","label":"154","long":"State Center - Carney/Hillendale","route_id":"11690","text_color":"#FFFFFF","type_label":"Bus"},"type":"Feature"},{"geometry":{"coordinates":[[-76.38389,39.34886],[-76.37957,39.35016],[-76.37932,39.35006],[-76.37928,39.35027],[-76.38986,39.34713],[-76.39145,39.34647],[-76.39354,39.34474],[-76.39592,39.34219],[-76.39579,39.34189],[-76.39675,39.34023],[-76.39754,39.3378],[-76.39728,39.33606],[-76.39671,39.33478],[-76.39559,39.33357],[-76.39507,39.33269],[-76.39494,39.33194],[-76.3952,39.33064],[-76.39396,39.33047],[-76.39366,39.33131],[-76.39282,39.33123],[-76.39285,39.33033],[-76.3952,39.33064],[-76.39494,39.33194],[-76.39507,39.33269],[-76.39559,39.33357],[-76.39685,39.33501],[-76.39759,39.33747],[-76.39982,39.33787],[-76.40208,39.33855],[-76.40388,39.33771],[-76.40801,39.33675],[-76.41222,39.3351],[-76.41362,39.33504],[-76.41458,39.33523],[-76.41907,39.33708],[-76.42035,39.33736],[-76.42152,39.33738],[-76.42792,39.33568],[-76.43471,39.33359],[-76.43649,39.33266],[-76.44283,39.32739],[-76.45486,39.32004],[-76.45413,39.3188],[-76.45269,39.31729],[-76.45149,39.31635],[-76.45049,39.31522],[-76.45065,39.31511],[-76.46341,39.3129],[-76.46385,39.31292],[-76.46418,39.31316],[-76.47958,39.30687],[-76.48503,39.30387],[-76.49233,39.30051],[-76.49445,39.29977],[-76.51838,39.29316],[-76.52189,39.29106],[-76.52909,39.28827],[-76.53404,39.28803],[-76.53476,39.28834],[-76.5348,39.28863],[-76.53449,39.28894],[-76.53397,39.28895],[-76.53358,39.28849],[-76.53398,39.28645],[-76.53475,39.28541],[-76.5363,39.2846],[-76.53802,39.28442],[-76.54417,39.28463],[-76.54621,39.2844],[-76.54776,39.28389],[-76.54922,39.28304],[-76.55046,39.28157],[-76.5513,39.27966],[-76.5524,39.27515],[-76.55375,39.27341],[-76.5647,39.26485],[-76.56848,39.26284],[-76.5736,39.26092],[-76.57729,39.26041],[-76.57927,39.26048],[-76.58138,39.26083],[-76.58334,39.26144],[-76.58932,39.26423],[-76.59285,39.26533],[-76.59736,39.26636],[-76.60393,39.26726],[-76.61488,39.26695],[-76.62131,39.26759],[-76.62226,39.26795],[-76.62276,39.26848],[-76.62292,39.26929],[-76.62253,39.27046],[-76.6189,39.27902],[-76.6188,39.28026],[-76.61943,39.28937],[-76.60891,39.28978],[-76.60902,39.29196],[-76.60818,39.29316],[-76.60607,39.29474],[-76.60481,39.29713],[-76.60401,39.29798],[-76.59089,39.29851]],"type":"LineString"},"properties":{"color":"#262727","color_name":"black","kind":"route","label":"160","long":"Downtown/Hopkins - Essex","route_id":"11691","text_color":"#FFFFFF","type_label":"Bus"},"type":"Feature"},{"geometry":{"coordinates":[[-76.76328,39.31471],[-76.75312,39.31284],[-76.74921,39.3128],[-76.74002,39.31193],[-76.73374,39.31222],[-76.72568,39.31129],[-76.7205,39.31147],[-76.71739,39.31103],[-76.71612,39.31009],[-76.71389,39.30625],[-76.71215,39.30175],[-76.71223,39.30017],[-76.71196,39.2996],[-76.70952,39.29821],[-76.70166,39.29234],[-76.6961,39.2932],[-76.66565,39.29431],[-76.66428,39.29339],[-76.66321,39.29306],[-76.65492,39.29336],[-76.65173,39.29276],[-76.65174,39.29324],[-76.65192,39.29323],[-76.65194,39.29342],[-76.65273,39.29338],[-76.65271,39.29304],[-76.65193,39.29303],[-76.65192,39.29323],[-76.65174,39.29324],[-76.65173,39.29276],[-76.65033,39.29299],[-76.64303,39.29334],[-76.62658,39.29386],[-76.62392,39.29376],[-76.62389,39.2928],[-76.61672,39.29302],[-76.61533,39.29231],[-76.61116,39.29245],[-76.61097,39.2897],[-76.60635,39.28986],[-76.60287,39.29051],[-76.59954,39.29136],[-76.59962,39.29254],[-76.59409,39.29398],[-76.56961,39.29488],[-76.56907,39.28756],[-76.56721,39.28763],[-76.56715,39.28662],[-76.56267,39.28681],[-76.56096,39.28727],[-76.55904,39.28733],[-76.5573,39.28702],[-76.54833,39.28728],[-76.54854,39.28859],[-76.54729,39.28883],[-76.54594,39.28949],[-76.54578,39.28973],[-76.54578,39.29142],[-76.54591,39.29161],[-76.54673,39.29157],[-76.54719,39.29135],[-76.54751,39.2919],[-76.54763,39.29313],[-76.54786,39.29353],[-76.54949,39.29439]],"type":"LineString"},"properties":{"color":"#0072BC","color_name":"teal","kind":"route","label":"CityLink BLUE","long":"CMS - Johns Hopkins Bayview","route_id":"11734","text_color":"#FFFFFF","type_label":"Bus"},"type":"Feature"},{"geometry":{"coordinates":[[-76.52806,39.35702],[-76.54151,39.34519],[-76.56034,39.33207],[-76.5737,39.32158],[-76.59249,39.30542],[-76.59481,39.30535],[-76.59387,39.29035],[-76.59969,39.29021],[-76.60593,39.28794],[-76.60945,39.2877],[-76.61059,39.2879],[-76.62758,39.28726],[-76.62828,39.28709],[-76.62785,39.28603],[-76.62352,39.28619]],"type":"LineString"},"properties":{"color":"#6E4C2F","color_name":"brown","kind":"route","label":"CityLink BROWN","long":"Overlea - Downtown","route_id":"11735","text_color":"#FFFFFF","type_label":"Bus"},"type":"Feature"},{"geometry":{"coordinates":[[-76.56906,39.27258],[-76.56936,39.27708],[-76.57693,39.27867],[-76.58698,39.28464],[-76.58736,39.2848],[-76.58873,39.28474],[-76.59042,39.31232],[-76.67107,39.30891],[-76.67288,39.31084],[-76.67342,39.31099],[-76.67601,39.31092],[-76.67585,39.30879],[-76.6741,39.30883]],"type":"LineString"},"properties":{"color":"#8A7938","color_name":"brown","kind":"route","label":"CityLink GOLD","long":"Walbrook Junction - Canton","route_id":"11736","text_color":"#FFFFFF","type_label":"Bus"},"type":"Feature"},{"geometry":{"coordinates":[[-76.61483,39.28593],[-76.61554,39.29567],[-76.61537,39.29754],[-76.61572,39.2988],[-76.61655,39.31102],[-76.60713,39.31158],[-76.60722,39.31322],[-76.594,39.32613],[-76.59455,39.32733],[-76.59512,39.32799],[-76.59527,39.33357],[-76.59425,39.33582],[-76.59396,39.33888],[-76.59236,39.34359],[-76.59159,39.34866],[-76.58965,39.35442],[-76.5895,39.35755],[-76.5855,39.36607],[-76.58103,39.37369],[-76.57944,39.37539],[-76.57965,39.37903],[-76.57951,39.38044],[-76.57889,39.38196],[-76.57667,39.38515],[-76.57829,39.38605],[-76.58038,39.38812],[-76.58295,39.39027],[-76.58361,39.39159],[-76.58392,39.39442],[-76.58423,39.39542],[-76.58488,39.39646],[-76.58609,39.39783],[-76.58677,39.39902],[-76.58951,39.39978],[-76.59214,39.40084],[-76.59613,39.40183],[-76.59777,39.40211],[-76.602,39.40199],[-76.60124,39.40595],[-76.59921,39.40562],[-76.59786,39.40503]],"type":"LineString"},"properties":{"color":"#008343","color_name":"green","kind":"route","label":"CityLink GREEN","long":"Downtown - Towson","route_id":"11737","text_color":"#FFFFFF","type_label":"Bus"},"type":"Feature"},{"geometry":{"coordinates":[[-76.59675,39.28544],[-76.59668,39.28441],[-76.59746,39.28437],[-76.59911,39.2843],[-76.59918,39.28533],[-76.59675,39.28544],[-76.59803,39.30522],[-76.62069,39.30434],[-76.62056,39.30329],[-76.62304,39.30146],[-76.62512,39.30316],[-76.62965,39.29949],[-76.65149,39.3175],[-76.65248,39.31855],[-76.65331,39.3186],[-76.66385,39.32195],[-76.68741,39.32881],[-76.70891,39.33559],[-76.73195,39.34435],[-76.76388,39.35572],[-76.78457,39.36357],[-76.78622,39.36109]],"type":"LineString"},"properties":{"color":"#6CA043","color_name":"gray","kind":"route","label":"CityLink LIME","long":"NW Hospital - Harbor East","route_id":"11738","text_color":"#FFFFFF","type_label":"Bus"},"type":"Feature"},{"geometry":{"coordinates":[[-76.50329,39.23971],[-76.50334,39.23988],[-76.50467,39.23994],[-76.5064,39.23952],[-76.50783,39.24006],[-76.51031,39.2436],[-76.5098,39.24409],[-76.50781,39.24526],[-76.50777,39.2454],[-76.50796,39.24542],[-76.50817,39.24506],[-76.51031,39.2436],[-76.50783,39.24006],[-76.50695,39.23962],[-76.5076,39.23843],[-76.50748,39.23812],[-76.50841,39.23773],[-76.50876,39.23814],[-76.50985,39.23877],[-76.51363,39.24421],[-76.51502,39.24555],[-76.51499,39.24592],[-76.51958,39.24917],[-76.5205,39.2507],[-76.52429,39.25853],[-76.53364,39.27836],[-76.53422,39.27906],[-76.53615,39.27895],[-76.53909,39.27811],[-76.5452,39.27792],[-76.54642,39.27821],[-76.5507,39.28056],[-76.55218,39.28106],[-76.56675,39.28052],[-76.56715,39.28662],[-76.60273,39.28518],[-76.60473,39.28828],[-76.60593,39.28794],[-76.60916,39.28771],[-76.61059,39.2879],[-76.62725,39.28729],[-76.62869,39.287],[-76.63802,39.28655],[-76.63882,39.30114],[-76.64306,39.30105],[-76.64331,39.30538],[-76.64614,39.30528],[-76.64667,39.31351],[-76.65061,39.31678],[-76.65183,39.31598],[-76.65317,39.31561],[-76.65673,39.31602],[-76.65874,39.31573],[-76.65919,39.31672],[-76.65914,39.31702],[-76.65754,39.31855],[-76.65585,39.31931],[-76.65336,39.31851],[-76.65206,39.31771],[-76.65223,39.31752],[-76.65285,39.31779]],"type":"LineString"},"properties":{"color":"#2E3192","color_name":"blue","kind":"route","label":"CityLink NAVY","long":"Mondawmin - Dundalk","route_id":"11739","text_color":"#FFFFFF","type_label":"Bus"},"type":"Feature"},{"geometry":{"coordinates":[[-76.65272,39.29321],[-76.65271,39.29304],[-76.65193,39.29303],[-76.65192,39.29323],[-76.65174,39.29324],[-76.65173,39.29276],[-76.63404,39.29336],[-76.6338,39.28876],[-76.60635,39.28986],[-76.59954,39.29136],[-76.59962,39.29254],[-76.59409,39.29398],[-76.56961,39.29488],[-76.56933,39.29132],[-76.55292,39.29193],[-76.55123,39.29228],[-76.55012,39.29111],[-76.54964,39.2894],[-76.54871,39.28845],[-76.54855,39.28728],[-76.52994,39.288],[-76.52867,39.28829],[-76.52177,39.291],[-76.51938,39.29256],[-76.51807,39.29314],[-76.49328,39.30006],[-76.48503,39.30387],[-76.47958,39.30687],[-76.46566,39.31245],[-76.45104,39.31498],[-76.45049,39.31522],[-76.44824,39.31233],[-76.44067,39.30414],[-76.44276,39.30297],[-76.44624,39.30057],[-76.44729,39.29893],[-76.44894,39.29757],[-76.45078,39.29495],[-76.45103,39.29355],[-76.45293,39.29369],[-76.45479,39.29423],[-76.45435,39.29501],[-76.45698,39.29629]],"type":"LineString"},"properties":{"color":"#E7731F","color_name":"orange","kind":"route","label":"CityLink ORANGE","long":"Essex - West Baltimore MARC","route_id":"11740","text_color":"#FFFFFF","type_label":"Bus"},"type":"Feature"},{"geometry":{"coordinates":[[-76.65272,39.29321],[-76.65271,39.29304],[-76.65193,39.29303],[-76.65192,39.29323],[-76.65174,39.29324],[-76.65173,39.29276],[-76.64543,39.293],[-76.64576,39.29879],[-76.63451,39.29919],[-76.63358,39.29979],[-76.63153,39.29812],[-76.62757,39.30121],[-76.62266,39.29736],[-76.62116,39.29651],[-76.61961,39.29621],[-76.61108,39.29651],[-76.60967,39.29761],[-76.60887,39.29781],[-76.58512,39.29872],[-76.58556,39.30571],[-76.57278,39.30618],[-76.57295,39.31447],[-76.57223,39.31451],[-76.57026,39.3134],[-76.56376,39.31361],[-76.5628,39.31382],[-76.55961,39.31512],[-76.55734,39.31639],[-76.54966,39.32145],[-76.5449,39.32234],[-76.53978,39.32392],[-76.53485,39.32663],[-76.53363,39.32809],[-76.53246,39.3325],[-76.53253,39.33344],[-76.53322,39.33479],[-76.53333,39.33583],[-76.53216,39.3394],[-76.53199,39.34109],[-76.53173,39.34131]],"type":"LineString"},"properties":{"color":"#D60080","color_name":"pink","kind":"route","label":"CityLink PINK","long":"Cedonia - West Baltimore MARC","route_id":"11741","text_color":"#FFFFFF","type_label":"Bus"},"type":"Feature"},{"geometry":{"coordinates":[[-76.60788,39.29157],[-76.60776,39.29068],[-76.61521,39.29038],[-76.61763,39.29053],[-76.62775,39.29011],[-76.62802,39.289],[-76.64236,39.28837],[-76.64224,39.28637],[-76.64809,39.28609],[-76.64854,39.28623],[-76.65473,39.28412],[-76.66014,39.28066],[-76.66125,39.28016],[-76.66349,39.27964],[-76.67812,39.28184],[-76.6856,39.28167],[-76.68553,39.2787],[-76.68681,39.27673],[-76.68867,39.27483],[-76.69,39.27563],[-76.6919,39.2762],[-76.69265,39.27663],[-76.69406,39.2752],[-76.69511,39.27629],[-76.69567,39.27738],[-76.69572,39.27791],[-76.69471,39.27928],[-76.69455,39.28004],[-76.69368,39.28143],[-76.69903,39.28127],[-76.70293,39.28082],[-76.70518,39.28087],[-76.70572,39.2807],[-76.70694,39.27956],[-76.70891,39.27869],[-76.71491,39.27636],[-76.72081,39.27438],[-76.74694,39.26866],[-76.75037,39.26828],[-76.75665,39.26804],[-76.75687,39.27248],[-76.75482,39.27788],[-76.75419,39.28147],[-76.75404,39.28194],[-76.7536,39.28193],[-76.75334,39.28262],[-76.75205,39.28263],[-76.75207,39.28322],[-76.7533,39.28301],[-76.75344,39.28267]],"type":"LineString"},"properties":{"color":"#851F83","color_name":"purple","kind":"route","label":"CityLink PURPLE","long":"City Hall - Paradise/Catonsville","route_id":"11742","text_color":"#FFFFFF","type_label":"Bus"},"type":"Feature"},{"geometry":{"coordinates":[[-76.62621,39.42838],[-76.62626,39.42866],[-76.62494,39.42884],[-76.62145,39.43014],[-76.6184,39.42374],[-76.61494,39.41735],[-76.60888,39.40969],[-76.6072,39.41013],[-76.60569,39.40983],[-76.60469,39.40914],[-76.60272,39.40661],[-76.60144,39.40599],[-76.60216,39.40211],[-76.60277,39.40176],[-76.60242,39.40152],[-76.60225,39.40105],[-76.60978,39.37362],[-76.60996,39.36159],[-76.60956,39.34427],[-76.60944,39.31078],[-76.60871,39.30691],[-76.60622,39.29756],[-76.60552,39.29687],[-76.60932,39.29416],[-76.61033,39.29379],[-76.61126,39.29369],[-76.61104,39.29046],[-76.61521,39.29038],[-76.61763,39.29053],[-76.62775,39.29011],[-76.62802,39.289],[-76.62367,39.28919]],"type":"LineString"},"properties":{"color":"#D71920","color_name":"red","kind":"route","label":"CityLink RED","long":"Downtown - Towson/Lutherville","route_id":"11743","text_color":"#FFFFFF","type_label":"Bus"},"type":"Feature"},{"geometry":{"coordinates":[[-76.58889,39.22986],[-76.58824,39.22298],[-76.5945,39.22264],[-76.59651,39.22186],[-76.59819,39.22436],[-76.59922,39.22519],[-76.59995,39.22637],[-76.59574,39.2343],[-76.60952,39.23854],[-76.60792,39.24171],[-76.60921,39.24223],[-76.60874,39.24321],[-76.60884,39.24392],[-76.61687,39.25362],[-76.61725,39.2544],[-76.61728,39.25536],[-76.61704,39.25604],[-76.61456,39.26196],[-76.61496,39.26825],[-76.61189,39.26848],[-76.6115,39.27111],[-76.61174,39.27272],[-76.6141,39.27262],[-76.61472,39.28215],[-76.61464,39.28365],[-76.61554,39.29567],[-76.61537,39.29754],[-76.61554,39.2986],[-76.6157,39.29859],[-76.61618,39.30484],[-76.61766,39.3281],[-76.60944,39.32831],[-76.59513,39.32833],[-76.59525,39.3337],[-76.59425,39.33582],[-76.59396,39.33888],[-76.59244,39.34328],[-76.592,39.34606],[-76.58616,39.34579],[-76.58707,39.34256]],"type":"LineString"},"properties":{"color":"#48626F","color_name":"gray","kind":"route","label":"CityLink SILVER","long":"Curtis Bay - Hopkins/Morgan State","route_id":"11744","text_color":"#FFFFFF","type_label":"Bus"},"type":"Feature"},{"geometry":{"coordinates":[[-76.63011,39.24216],[-76.63009,39.24235],[-76.6309,39.24256],[-76.63078,39.24351],[-76.63322,39.24487],[-76.63973,39.24907],[-76.64081,39.24496],[-76.64649,39.24472],[-76.64833,39.2452],[-76.64978,39.24328],[-76.65242,39.23838],[-76.65318,39.23785],[-76.65404,39.23768],[-76.65789,39.23761],[-76.66093,39.23776],[-76.66344,39.23758],[-76.66612,39.237],[-76.67293,39.23479],[-76.67856,39.23057],[-76.68589,39.22844],[-76.6865,39.22974],[-76.68648,39.23061],[-76.68709,39.23353],[-76.68707,39.23425],[-76.68729,39.23456],[-76.681,39.24009],[-76.67803,39.24226],[-76.67285,39.24551],[-76.67177,39.2468],[-76.66943,39.25074],[-76.66834,39.25334],[-76.66926,39.25383],[-76.67079,39.25538],[-76.67261,39.25676],[-76.67306,39.25687],[-76.67302,39.25754],[-76.67326,39.25764],[-76.67367,39.25723],[-76.67359,39.25701],[-76.67261,39.25676],[-76.67079,39.25538],[-76.66926,39.25383],[-76.66834,39.25334],[-76.66791,39.25417],[-76.66672,39.25552],[-76.65969,39.26023],[-76.64594,39.27238],[-76.63285,39.28265],[-76.63253,39.28285],[-76.62789,39.28303],[-76.62611,39.28345],[-76.62756,39.28605],[-76.60872,39.2867],[-76.60909,39.29169],[-76.60849,39.29284],[-76.60939,39.29342],[-76.61013,39.29436],[-76.60989,39.29631],[-76.61075,39.29877],[-76.61156,39.29875],[-76.61149,39.29649]],"type":"LineString"},"properties":{"color":"#F9E500","color_name":"yellow","kind":"route","label":"CityLink YELLOW","long":"Mt Vernon - Patapsco","route_id":"11745","text_color":"#000000","type_label":"Bus"},"type":"Feature"},{"geometry":{"coordinates":[[-76.65272,39.29321],[-76.65271,39.29304],[-76.65193,39.29303],[-76.65192,39.29323],[-76.65174,39.29324],[-76.65173,39.29276],[-76.64303,39.29334],[-76.62701,39.29387],[-76.62499,39.29371],[-76.62124,39.29388],[-76.62074,39.28626],[-76.61926,39.28633],[-76.61898,39.27963],[-76.61932,39.27819],[-76.62145,39.27361],[-76.62436,39.26886],[-76.62439,39.26815],[-76.62388,39.2674],[-76.62249,39.26689],[-76.61885,39.26718],[-76.61397,39.26669],[-76.60429,39.26704],[-76.59755,39.26616],[-76.59345,39.26524],[-76.58939,39.26408],[-76.58323,39.2612],[-76.57992,39.26039],[-76.57645,39.26027],[-76.57345,39.26078],[-76.5704,39.26187],[-76.56516,39.26424],[-76.55267,39.27386],[-76.55186,39.27495],[-76.55061,39.27737],[-76.55059,39.27776],[-76.55112,39.27823],[-76.55239,39.27772],[-76.55434,39.27751],[-76.55406,39.27372],[-76.55186,39.27183],[-76.5441,39.27208],[-76.54356,39.27187],[-76.54327,39.27103],[-76.54311,39.26943],[-76.54322,39.26736],[-76.54293,39.26304],[-76.54271,39.26223],[-76.54221,39.2616],[-76.54129,39.26087],[-76.53792,39.25904],[-76.53156,39.25647],[-76.5232,39.25062],[-76.52198,39.25058],[-76.52112,39.25034],[-76.52099,39.25066],[-76.52133,39.25124],[-76.52087,39.25146],[-76.52321,39.25634],[-76.52234,39.25659],[-76.52228,39.25641],[-76.51259,39.25911],[-76.51205,39.26038],[-76.51097,39.26051],[-76.5103,39.26039],[-76.50206,39.2566],[-76.5013,39.25574],[-76.49885,39.25191],[-76.49678,39.25016],[-76.47535,39.24206],[-76.4745,39.24135],[-76.47385,39.24029],[-76.47338,39.23726],[-76.47338,39.23618],[-76.47173,39.23614],[-76.46882,39.23648],[-76.46688,39.23697],[-76.4654,39.23759],[-76.46498,39.23556],[-76.46538,39.23432],[-76.46527,39.23344],[-76.46502,39.23313],[-76.46416,39.23274],[-76.464,39.23225],[-76.46512,39.23113],[-76.46873,39.2267],[-76.46912,39.22582],[-76.46918,39.22444],[-76.46939,39.22405],[-76.46978,39.22387],[-76.4767,39.22328],[-76.47863,39.22554],[-76.47912,39.23211],[-76.47863,39.22554],[-76.48109,39.22601],[-76.48476,39.22555],[-76.48541,39.22485],[-76.48492,39.22103],[-76.48541,39.22485],[-76.48476,39.22555],[-76.48109,39.22601],[-76.47863,39.22554],[-76.4767,39.22328],[-76.46891,39.22395],[-76.46888,39.22595],[-76.46747,39.22807],[-76.46475,39.2313],[-76.46412,39.23157],[-76.46362,39.23148],[-76.46337,39.23125],[-76.46335,39.23078],[-76.46361,39.23052],[-76.46435,39.23032],[-76.46481,39.23047],[-76.46509,39.23091],[-76.46507,39.23184],[-76.46429,39.23314],[-76.46422,39.23363],[-76.4648,39.2348],[-76.46519,39.237],[-76.46547,39.23767],[-76.46842,39.23667],[-76.47247,39.23623],[-76.47386,39.23636],[-76.47962,39.23798],[-76.48149,39.23829],[-76.49182,39.23747],[-76.49266,39.23699],[-76.49313,39.23569],[-76.49298,39.23419],[-76.49236,39.23182],[-76.491,39.22966],[-76.49066,39.22709],[-76.4911,39.22643],[-76.49099,39.22635],[-76.49063,39.22684],[-76.491,39.22966],[-76.49225,39.23154],[-76.49298,39.23419],[-76.49313,39.23579],[-76.49285,39.23669],[-76.49242,39.23722],[-76.49149,39.23752],[-76.48149,39.23829],[-76.47962,39.23798],[-76.47661,39.23709]],"type":"LineString"},"properties":{"color":"#262727","color_name":"black","kind":"route","label":"163","long":"West Baltimore MARC - Tradepoint","route_id":"14498","text_color":"#FFFFFF","type_label":"Bus"},"type":"Feature"},{"geometry":{"coordinates":[[-76.63038,39.24154],[-76.63064,39.24144],[-76.63079,39.24161],[-76.63093,39.24281],[-76.63078,39.24351],[-76.63322,39.24487],[-76.63973,39.24907],[-76.64081,39.24496],[-76.64678,39.24476],[-76.64871,39.24533],[-76.65035,39.24614],[-76.65149,39.24709],[-76.65449,39.25026],[-76.65578,39.25101],[-76.65905,39.25154],[-76.66187,39.25246],[-76.66606,39.25259],[-76.66884,39.25353],[-76.67079,39.25538],[-76.67261,39.25676],[-76.67306,39.25687],[-76.67302,39.25754],[-76.67343,39.25751],[-76.67367,39.25723],[-76.67359,39.25701],[-76.67261,39.25676],[-76.67079,39.25538],[-76.66926,39.25383],[-76.66834,39.25334],[-76.66791,39.25417],[-76.66672,39.25552],[-76.66432,39.25714],[-76.66361,39.25344],[-76.6636,39.2525],[-76.66552,39.25249],[-76.66834,39.25334],[-76.66981,39.25006],[-76.67171,39.24701],[-76.67269,39.24586],[-76.67638,39.24346],[-76.681,39.24009],[-76.68729,39.23456],[-76.69041,39.23804],[-76.69051,39.23848],[-76.6922,39.2389],[-76.69345,39.23873],[-76.69382,39.2465],[-76.69381,39.2478],[-76.69338,39.25058],[-76.69991,39.25478],[-76.70234,39.25251],[-76.70498,39.25412],[-76.70614,39.2546],[-76.70737,39.25335],[-76.70907,39.25225],[-76.71142,39.25141],[-76.71267,39.25143],[-76.71371,39.25183],[-76.71429,39.25233],[-76.71642,39.25521],[-76.71653,39.2558],[-76.71639,39.25618],[-76.71912,39.25713],[-76.71967,39.25749],[-76.72152,39.25566],[-76.72427,39.25098],[-76.72461,39.25078],[-76.72659,39.25333],[-76.72716,39.25437],[-76.73009,39.25656],[-76.73149,39.25575],[-76.73304,39.25527],[-76.73258,39.2524],[-76.73334,39.25067],[-76.73478,39.2501],[-76.7362,39.25022],[-76.73687,39.25072],[-76.73721,39.25141],[-76.7372,39.2524],[-76.73681,39.25348],[-76.73704,39.25442],[-76.73685,39.25479],[-76.73604,39.25506],[-76.7346,39.25493],[-76.73374,39.25425],[-76.73357,39.25325],[-76.73306,39.25309],[-76.73269,39.25347],[-76.73311,39.25496],[-76.73304,39.25527],[-76.73149,39.25575],[-76.73009,39.25656],[-76.73219,39.25822],[-76.73295,39.25934],[-76.73119,39.26172],[-76.7299,39.2627],[-76.7295,39.26536],[-76.72988,39.26731],[-76.73319,39.27731],[-76.73469,39.27694],[-76.73807,39.27659],[-76.7527,39.27347],[-76.75636,39.27381],[-76.75482,39.27788],[-76.75427,39.28119],[-76.75382,39.28118],[-76.7536,39.28178],[-76.75203,39.2818],[-76.75203,39.28319],[-76.75297,39.28305],[-76.75335,39.28286],[-76.75343,39.28259]],"type":"LineString"},"properties":{"color":"#808285","color_name":"gray","kind":"route","label":"32","long":"Catonsville - Patapsco Station","route_id":"15552","text_color":"#FFFFFF","type_label":"Bus"},"type":"Feature"},{"geometry":{"coordinates":[[-76.76342,39.31477],[-76.75312,39.31284],[-76.74921,39.3128],[-76.74002,39.31193],[-76.73374,39.31222],[-76.72568,39.31129],[-76.7205,39.31147],[-76.7175,39.31106],[-76.71679,39.31073],[-76.71612,39.31009],[-76.71389,39.30625],[-76.71215,39.30175],[-76.71223,39.30017],[-76.71196,39.2996],[-76.70952,39.29821],[-76.70166,39.29234],[-76.6961,39.2932],[-76.66565,39.29431],[-76.66428,39.29339],[-76.66321,39.29306],[-76.65492,39.29336],[-76.65173,39.29276],[-76.65174,39.29324],[-76.65192,39.29323],[-76.65194,39.29342],[-76.65273,39.29338],[-76.65271,39.29304],[-76.65193,39.29303],[-76.65192,39.29323],[-76.65174,39.29324],[-76.65173,39.29276],[-76.65033,39.29299],[-76.64303,39.29334],[-76.62701,39.29387],[-76.62392,39.29376],[-76.62367,39.28919],[-76.60605,39.28989],[-76.59954,39.29136],[-76.59962,39.29254],[-76.59409,39.29398],[-76.56961,39.29488],[-76.56933,39.29132],[-76.55292,39.29193],[-76.55123,39.29228],[-76.55012,39.29111],[-76.54973,39.28957],[-76.54887,39.28873],[-76.54859,39.28806],[-76.54855,39.28728],[-76.54833,39.28728],[-76.52994,39.288],[-76.52904,39.28817],[-76.52177,39.291],[-76.51938,39.29256],[-76.51807,39.29314],[-76.49328,39.30006],[-76.48503,39.30387],[-76.47958,39.30687],[-76.46418,39.31316],[-76.46385,39.31292],[-76.46341,39.3129],[-76.45049,39.31507],[-76.44824,39.31233],[-76.44067,39.30414],[-76.44276,39.30297],[-76.44624,39.30057],[-76.44729,39.29893],[-76.44894,39.29757],[-76.45078,39.29495],[-76.45103,39.29355],[-76.45293,39.29369],[-76.45479,39.29423],[-76.45435,39.29501],[-76.45525,39.29529],[-76.45701,39.29628]],"type":"LineString"},"properties":{"color":"#A0A0A4","color_name":"gray","kind":"route","label":"40","long":"CMS - Essex","route_id":"17178","text_color":"#FFFFFF","type_label":"Bus"},"type":"Feature"},{"geometry":{"coordinates":[-76.66039,39.35095],"type":"Point"},"properties":{"kind":"stop","name":"Cylburn Ave & Greenspring Ave","stop_id":"1"},"type":"Feature"},{"geometry":{"coordinates":[-76.6548,39.34826],"type":"Point"},"properties":{"kind":"stop","name":"Tamarind Rd & Springarden Dr","stop_id":"10"},"type":"Feature"},{"geometry":{"coordinates":[-76.60001,39.29928],"type":"Point"},"properties":{"kind":"stop","name":"MADISON ST & CENTRAL AVE wb","stop_id":"1001"},"type":"Feature"},{"geometry":{"coordinates":[-76.60164,39.29921],"type":"Point"},"properties":{"kind":"stop","name":"MADISON ST & AISQUITH ST wb","stop_id":"1002"},"type":"Feature"},{"geometry":{"coordinates":[-76.64028,39.30109],"type":"Point"},"properties":{"kind":"stop","name":"RIGGS & CALHOUN eb","stop_id":"10024"},"type":"Feature"},{"geometry":{"coordinates":[-76.65749,39.32607],"type":"Point"},"properties":{"kind":"stop","name":"PARK HEIGHTS AVE & DRUID PARK DR fs nb","stop_id":"10028"},"type":"Feature"},{"geometry":{"coordinates":[-76.60427,39.2981],"type":"Point"},"properties":{"kind":"stop","name":"ENSOR ST & MONUMENT ST sb","stop_id":"1003"},"type":"Feature"},{"geometry":{"coordinates":[-76.60686,39.29597],"type":"Point"},"properties":{"kind":"stop","name":"HILLEN ST & COLVIN ST sb","stop_id":"1004"},"type":"Feature"},{"geometry":{"coordinates":[-76.6082,39.29501],"type":"Point"},"properties":{"kind":"stop","name":"HILLEN ST & HIGH ST sb","stop_id":"1006"},"type":"Feature"},{"geometry":{"coordinates":[-76.61206,39.29048],"type":"Point"},"properties":{"kind":"stop","name":"FAYETTE ST & CALVERT ST wb","stop_id":"1009"},"type":"Feature"},{"geometry":{"coordinates":[-76.62108,39.29324],"type":"Point"},"properties":{"kind":"stop","name":"EUTAW ST & SARATOGA ST fs nb","stop_id":"1013"},"type":"Feature"},{"geometry":{"coordinates":[-76.62113,39.29417],"type":"Point"},"properties":{"kind":"stop","name":"EUTAW ST & MULBERRY ST fs nb","stop_id":"1014"},"type":"Feature"},{"geometry":{"coordinates":[-76.62127,39.29644],"type":"Point"},"properties":{"kind":"stop","name":"EUTAW ST & CENTRE ST nb","stop_id":"1017"},"type":"Feature"},{"geometry":{"coordinates":[-76.5948,39.26941],"type":"Point"},"properties":{"kind":"stop","name":"Fort Ave & Decatur St","stop_id":"102"},"type":"Feature"},{"geometry":{"coordinates":[-76.62465,39.30014],"type":"Point"},"properties":{"kind":"stop","name":"MCCULLOH ST & PRESTON ST nb","stop_id":"1021"},"type":"Feature"},{"geometry":{"coordinates":[-76.57957,39.33995],"type":"Point"},"properties":{"kind":"stop","name":"ARGONNE DR & WORK FORCE TECH CENTER eb","stop_id":"10223"},"type":"Feature"},{"geometry":{"coordinates":[-76.56174,39.33126],"type":"Point"},"properties":{"kind":"stop","name":"MORAVIA RD & BELAIR RD eb","stop_id":"10237"},"type":"Feature"},{"geometry":{"coordinates":[-76.64555,39.33283],"type":"Point"},"properties":{"kind":"stop","name":"DRUID PARK DR & CLIPPER RD eb","stop_id":"10249"},"type":"Feature"},{"geometry":{"coordinates":[-76.59632,39.31592],"type":"Point"},"properties":{"kind":"stop","name":"HARFORD RD & CLIFTVIEW AVE sb","stop_id":"10251"},"type":"Feature"},{"geometry":{"coordinates":[-76.51963,39.25714],"type":"Point"},"properties":{"kind":"stop","name":"DUNMANWAY & DUNRAN RD eb","stop_id":"10256"},"type":"Feature"},{"geometry":{"coordinates":[-76.659,39.34467],"type":"Point"},"properties":{"kind":"stop","name":"GREENSPRING AVE & DUPONT AVE nb fs","stop_id":"10292"},"type":"Feature"},{"geometry":{"coordinates":[-76.70579,39.35098],"type":"Point"},"properties":{"kind":"stop","name":"REISTERSTOWN PLAZA STAT nb","stop_id":"10309"},"type":"Feature"},{"geometry":{"coordinates":[-76.69929,39.28116],"type":"Point"},"properties":{"kind":"stop","name":"FREDERICK AVE & CHAPELGATE LN eb","stop_id":"10312"},"type":"Feature"},{"geometry":{"coordinates":[-76.64219,39.28651],"type":"Point"},"properties":{"kind":"stop","name":"GILMOR ST & LOMBARD ST fs nb","stop_id":"10315"},"type":"Feature"},{"geometry":{"coordinates":[-76.70029,39.36266],"type":"Point"},"properties":{"kind":"stop","name":"PARK HEIGHTS AVE & CLARKS LN sb","stop_id":"10320"},"type":"Feature"},{"geometry":{"coordinates":[-76.65644,39.31538],"type":"Point"},"properties":{"kind":"stop","name":"WARWICK AVE & GWYNNS FALLS PKWY fs","stop_id":"10325"},"type":"Feature"},{"geometry":{"coordinates":[-76.67178,39.26716],"type":"Point"},"properties":{"kind":"stop","name":"3431 BENSON AVE opp wb","stop_id":"10332"},"type":"Feature"},{"geometry":{"coordinates":[-76.64171,39.34401],"type":"Point"},"properties":{"kind":"stop","name":"COLD SPRING LN & GRANDVIEW AVE eb","stop_id":"10342"},"type":"Feature"},{"geometry":{"coordinates":[-76.58172,39.34033],"type":"Point"},"properties":{"kind":"stop","name":"ARGONNE DR & MCCALLUM DR eb","stop_id":"10347"},"type":"Feature"},{"geometry":{"coordinates":[-76.62136,39.3455],"type":"Point"},"properties":{"kind":"stop","name":"COLD SPRING LN & CHARLES ST wb","stop_id":"10352"},"type":"Feature"},{"geometry":{"coordinates":[-76.73202,39.2605],"type":"Point"},"properties":{"kind":"stop","name":"BLOOMSBURY AVE & CATONSVILLE HIGH SCHOOL nb","stop_id":"10354"},"type":"Feature"},{"geometry":{"coordinates":[-76.48359,39.35039],"type":"Point"},"properties":{"kind":"stop","name":"FRANKLIN SQUARE DR & LIONHEAD CT eb","stop_id":"10358"},"type":"Feature"},{"geometry":{"coordinates":[-76.47758,39.351],"type":"Point"},"properties":{"kind":"stop","name":"9103 FRANKLIN SQUARE DR opp wb","stop_id":"10368"},"type":"Feature"},{"geometry":{"coordinates":[-76.48405,39.35051],"type":"Point"},"properties":{"kind":"stop","name":"FRANKLIN SQUARE DR & ROSSVILLE BLVD wb","stop_id":"10369"},"type":"Feature"},{"geometry":{"coordinates":[-76.56277,39.3667],"type":"Point"},"properties":{"kind":"stop","name":"NORTHERN PKWY & LAURELTON AVE eb","stop_id":"10380"},"type":"Feature"},{"geometry":{"coordinates":[-76.59361,39.36625],"type":"Point"},"properties":{"kind":"stop","name":"THE ALAMEDA & SHERWOOD AVE sb","stop_id":"10381"},"type":"Feature"},{"geometry":{"coordinates":[-76.6004,39.34054],"type":"Point"},"properties":{"kind":"stop","name":"THE ALAMEDA & ARGONNE AVE sb","stop_id":"10382"},"type":"Feature"},{"geometry":{"coordinates":[-76.51751,39.0487],"type":"Point"},"properties":{"kind":"stop","name":"WEST CAMPUS DR & FINE ARTS BUILDING wb","stop_id":"10397"},"type":"Feature"},{"geometry":{"coordinates":[-76.5176,39.04854],"type":"Point"},"properties":{"kind":"stop","name":"WEST CAMPUS DR & FINE ARTS BUILDING eb","stop_id":"10398"},"type":"Feature"},{"geometry":{"coordinates":[-76.59867,39.27082],"type":"Point"},"properties":{"kind":"stop","name":"Fort Ave & Woodall St","stop_id":"104"},"type":"Feature"},{"geometry":{"coordinates":[-76.63227,39.31033],"type":"Point"},"properties":{"kind":"stop","name":"NORTH AVE & LINDEN AVE eb","stop_id":"1040"},"type":"Feature"},{"geometry":{"coordinates":[-76.65917,39.28757],"type":"Point"},"properties":{"kind":"stop","name":"BALTIMORE ST & FRANKLINTOWN RD eb","stop_id":"10403"},"type":"Feature"},{"geometry":{"coordinates":[-76.66964,39.28595],"type":"Point"},"properties":{"kind":"stop","name":"BALTIMORE ST & BERNICE AVEwb","stop_id":"10407"},"type":"Feature"},{"geometry":{"coordinates":[-76.52946,39.2698],"type":"Point"},"properties":{"kind":"stop","name":"Dundalk Ave & Williams Ave","stop_id":"10412"},"type":"Feature"},{"geometry":{"coordinates":[-76.58306,39.28213],"type":"Point"},"properties":{"kind":"stop","name":"BOSTON ST & MONTFORD AVE eb","stop_id":"10431"},"type":"Feature"},{"geometry":{"coordinates":[-76.57883,39.27962],"type":"Point"},"properties":{"kind":"stop","name":"BOSTON ST & O'DONNELL ST eb","stop_id":"10432"},"type":"Feature"},{"geometry":{"coordinates":[-76.57652,39.27838],"type":"Point"},"properties":{"kind":"stop","name":"BOSTON ST & KENWOOD AVE eb","stop_id":"10433"},"type":"Feature"},{"geometry":{"coordinates":[-76.57199,39.27739],"type":"Point"},"properties":{"kind":"stop","name":"BOSTON ST & ELLWOOD AVE eb","stop_id":"10434"},"type":"Feature"},{"geometry":{"coordinates":[-76.57172,39.2911],"type":"Point"},"properties":{"kind":"stop","name":"EAST ST & LOMBARD ST nb","stop_id":"10439"},"type":"Feature"},{"geometry":{"coordinates":[-76.57219,39.27765],"type":"Point"},"properties":{"kind":"stop","name":"BOSTON ST & ELLWOOD AVE wb","stop_id":"10446"},"type":"Feature"},{"geometry":{"coordinates":[-76.57648,39.2786],"type":"Point"},"properties":{"kind":"stop","name":"BOSTON ST & KENWOOD AVE wb","stop_id":"10447"},"type":"Feature"},{"geometry":{"coordinates":[-76.57828,39.2796],"type":"Point"},"properties":{"kind":"stop","name":"BOSTON ST & O'DONNELLST wb","stop_id":"10448"},"type":"Feature"},{"geometry":{"coordinates":[-76.55042,39.33876],"type":"Point"},"properties":{"kind":"stop","name":"BELAIR RD & LASALLE AVE opp nb","stop_id":"10457"},"type":"Feature"},{"geometry":{"coordinates":[-76.48956,39.39079],"type":"Point"},"properties":{"kind":"stop","name":"BELAIR RD & LINK AVE nb","stop_id":"10459"},"type":"Feature"},{"geometry":{"coordinates":[-76.63037,39.31473],"type":"Point"},"properties":{"kind":"stop","name":"WHITELOCK ST & PARK AVE fs wb","stop_id":"1046"},"type":"Feature"},{"geometry":{"coordinates":[-76.57581,39.3199],"type":"Point"},"properties":{"kind":"stop","name":"BELAIR RD & CLIFTMONT AVE opp sb","stop_id":"10463"},"type":"Feature"},{"geometry":{"coordinates":[-76.49453,39.38699],"type":"Point"},"properties":{"kind":"stop","name":"BELAIR & OLDE FORGE sb","stop_id":"10464"},"type":"Feature"},{"geometry":{"coordinates":[-76.63814,39.29552],"type":"Point"},"properties":{"kind":"stop","name":"EDMONDSON AVE & CAREY ST wb","stop_id":"10467"},"type":"Feature"},{"geometry":{"coordinates":[-76.52576,39.39352],"type":"Point"},"properties":{"kind":"stop","name":"HARFORD RD & 6TH sb","stop_id":"10468"},"type":"Feature"},{"geometry":{"coordinates":[-76.55626,39.35824],"type":"Point"},"properties":{"kind":"stop","name":"HARFORD & CHRISTOPHER nb","stop_id":"10472"},"type":"Feature"},{"geometry":{"coordinates":[-76.52268,39.25655],"type":"Point"},"properties":{"kind":"stop","name":"SOUTH CENTER PL & SHIPPING PL fs sb","stop_id":"10474"},"type":"Feature"},{"geometry":{"coordinates":[-76.63286,39.30201],"type":"Point"},"properties":{"kind":"stop","name":"PENNSYLVANIA AVE & MOSHER ST sb","stop_id":"10477"},"type":"Feature"},{"geometry":{"coordinates":[-76.46962,39.35712],"type":"Point"},"properties":{"kind":"stop","name":"FRANKLIN SQUARE DR & KING AVE fs wb","stop_id":"10479"},"type":"Feature"},{"geometry":{"coordinates":[-76.6318,39.3145],"type":"Point"},"properties":{"kind":"stop","name":"WHITELOCK ST & CALLOW AVE fs wb","stop_id":"1048"},"type":"Feature"},{"geometry":{"coordinates":[-76.64732,39.24485],"type":"Point"},"properties":{"kind":"stop","name":"DAISY AVE & TULIP AVE eb","stop_id":"10484"},"type":"Feature"},{"geometry":{"coordinates":[-76.46288,39.41224],"type":"Point"},"properties":{"kind":"stop","name":"CHAPEL RD & CHAPELTOWN CIR ns wb","stop_id":"10491"},"type":"Feature"},{"geometry":{"coordinates":[-76.64064,39.33201],"type":"Point"},"properties":{"kind":"stop","name":"UNION AVE & ASH ST fs eb","stop_id":"10494"},"type":"Feature"},{"geometry":{"coordinates":[-76.64081,39.33579],"type":"Point"},"properties":{"kind":"stop","name":"BUENA VISTA AVE & 41ST ST nb","stop_id":"10496"},"type":"Feature"},{"geometry":{"coordinates":[-76.60112,39.27166],"type":"Point"},"properties":{"kind":"stop","name":"Fort Ave & Lawrence St","stop_id":"105"},"type":"Feature"},{"geometry":{"coordinates":[-76.62192,39.32204],"type":"Point"},"properties":{"kind":"stop","name":"REMINGTON AVE & 29TH ST nb","stop_id":"10508"},"type":"Feature"},{"geometry":{"coordinates":[-76.63356,39.31448],"type":"Point"},"properties":{"kind":"stop","name":"WHITELOCK ST & BROOKFIELD AVE wb","stop_id":"1051"},"type":"Feature"},{"geometry":{"coordinates":[-76.6237,39.32422],"type":"Point"},"properties":{"kind":"stop","name":"REMINGTON AVE & 31ST ST fs nb","stop_id":"10510"},"type":"Feature"},{"geometry":{"coordinates":[-76.62472,39.32559],"type":"Point"},"properties":{"kind":"stop","name":"REMINGTON AVE & WYMAN PARK DR nb","stop_id":"10511"},"type":"Feature"},{"geometry":{"coordinates":[-76.62748,39.3272],"type":"Point"},"properties":{"kind":"stop","name":"33RD ST & KESWICK RD wb","stop_id":"10512"},"type":"Feature"},{"geometry":{"coordinates":[-76.62893,39.32712],"type":"Point"},"properties":{"kind":"stop","name":"33RD ST & CHESTNUT AVE wb","stop_id":"10513"},"type":"Feature"},{"geometry":{"coordinates":[-76.63634,39.31347],"type":"Point"},"properties":{"kind":"stop","name":"WHITELOCK ST & EUTAW PL wb","stop_id":"1052"},"type":"Feature"},{"geometry":{"coordinates":[-76.61843,39.25178],"type":"Point"},"properties":{"kind":"stop","name":"CHERRY HILL RD & SEAMON AVE eb","stop_id":"10520"},"type":"Feature"},{"geometry":{"coordinates":[-76.45528,39.32088],"type":"Point"},"properties":{"kind":"stop","name":"STEMMERS RUN RD & EASTERN BLVD fs","stop_id":"10521"},"type":"Feature"},{"geometry":{"coordinates":[-76.64014,39.31531],"type":"Point"},"properties":{"kind":"stop","name":"CLOVERDALE RD & MADISON AVE wb","stop_id":"1053"},"type":"Feature"},{"geometry":{"coordinates":[-76.624,39.29303],"type":"Point"},"properties":{"kind":"stop","name":"GREENE ST & SARATOGA ST sb","stop_id":"10533"},"type":"Feature"},{"geometry":{"coordinates":[-76.60543,39.28997],"type":"Point"},"properties":{"kind":"stop","name":"Baltimore St & President St","stop_id":"10534"},"type":"Feature"},{"geometry":{"coordinates":[-76.55499,39.29177],"type":"Point"},"properties":{"kind":"stop","name":"LOMBARD ST & PONCA ST fs eb","stop_id":"10535"},"type":"Feature"},{"geometry":{"coordinates":[-76.54979,39.28957],"type":"Point"},"properties":{"kind":"stop","name":"BAYVIEW BLVD & HOPKINS-BAYVIEW DR sb","stop_id":"10536"},"type":"Feature"},{"geometry":{"coordinates":[-76.46494,39.31256],"type":"Point"},"properties":{"kind":"stop","name":"EASTERN BLVD & MARLYN AVE fs eb","stop_id":"10539"},"type":"Feature"},{"geometry":{"coordinates":[-76.54955,39.28965],"type":"Point"},"properties":{"kind":"stop","name":"Bayview Blvd & Hopkins Bayview Dr","stop_id":"10542"},"type":"Feature"},{"geometry":{"coordinates":[-76.55524,39.29198],"type":"Point"},"properties":{"kind":"stop","name":"Lombard St & Ponca St","stop_id":"10543"},"type":"Feature"},{"geometry":{"coordinates":[-76.6502,39.29376],"type":"Point"},"properties":{"kind":"stop","name":"FRANKLIN ST & PULASKI ns wb","stop_id":"10544"},"type":"Feature"},{"geometry":{"coordinates":[-76.62239,39.29306],"type":"Point"},"properties":{"kind":"stop","name":"PACA ST & SARATOGA ST fs nb","stop_id":"10545"},"type":"Feature"},{"geometry":{"coordinates":[-76.59738,39.2934],"type":"Point"},"properties":{"kind":"stop","name":"CAROLINE ST & FAYETTE ST sb","stop_id":"10548"},"type":"Feature"},{"geometry":{"coordinates":[-76.59718,39.29354],"type":"Point"},"properties":{"kind":"stop","name":"CAROLINE ST & FAYETTE ST fs nb","stop_id":"10550"},"type":"Feature"},{"geometry":{"coordinates":[-76.55242,39.32059],"type":"Point"},"properties":{"kind":"stop","name":"BOWLEYS LN & SINCLAIR LN sb","stop_id":"10557"},"type":"Feature"},{"geometry":{"coordinates":[-76.54517,39.32394],"type":"Point"},"properties":{"kind":"stop","name":"PARKSIDE SHOPPING CENTER","stop_id":"10558"},"type":"Feature"},{"geometry":{"coordinates":[-76.554,39.31888],"type":"Point"},"properties":{"kind":"stop","name":"SINCLAIR LA & PARKSIDE DR wb","stop_id":"10559"},"type":"Feature"},{"geometry":{"coordinates":[-76.56944,39.31503],"type":"Point"},"properties":{"kind":"stop","name":"ERDMAN SHOPPING CENTER","stop_id":"10561"},"type":"Feature"},{"geometry":{"coordinates":[-76.70296,39.36482],"type":"Point"},"properties":{"kind":"stop","name":"FALLSTAFF & PARK HEIGHTS sb","stop_id":"10563"},"type":"Feature"},{"geometry":{"coordinates":[-76.68021,39.36004],"type":"Point"},"properties":{"kind":"stop","name":"GLEN AVE & KEY AVE wb","stop_id":"10566"},"type":"Feature"},{"geometry":{"coordinates":[-76.61629,39.29051],"type":"Point"},"properties":{"kind":"stop","name":"FAYETTE ST PLAZA wb","stop_id":"10567"},"type":"Feature"},{"geometry":{"coordinates":[-76.61852,39.28924],"type":"Point"},"properties":{"kind":"stop","name":"BALTIMORE ST & BALTIMORE ARENA","stop_id":"10568"},"type":"Feature"},{"geometry":{"coordinates":[-76.5892,39.29402],"type":"Point"},"properties":{"kind":"stop","name":"WASHINGTON ST & FAYETTE ST nb","stop_id":"10571"},"type":"Feature"},{"geometry":{"coordinates":[-76.58962,39.30038],"type":"Point"},"properties":{"kind":"stop","name":"WASHINGTON ST & ASHLAND AVE nb","stop_id":"10573"},"type":"Feature"},{"geometry":{"coordinates":[-76.59068,39.29389],"type":"Point"},"properties":{"kind":"stop","name":"WOLFE ST & FAYETTE ST sb","stop_id":"10577"},"type":"Feature"},{"geometry":{"coordinates":[-76.57645,39.29477],"type":"Point"},"properties":{"kind":"stop","name":"LINWOOD AVE & FAYETTE ST sb","stop_id":"10579"},"type":"Feature"},{"geometry":{"coordinates":[-76.65087,39.31715],"type":"Point"},"properties":{"kind":"stop","name":"REISTERSTOWN RD & GWYNNS FALLS PKWY fs nb","stop_id":"1058"},"type":"Feature"},{"geometry":{"coordinates":[-76.63319,39.45706],"type":"Point"},"properties":{"kind":"stop","name":"YORK RD & PARKS AVE nb","stop_id":"10582"},"type":"Feature"},{"geometry":{"coordinates":[-76.63493,39.46106],"type":"Point"},"properties":{"kind":"stop","name":"YORK RD & GALLOWAY AVE nb","stop_id":"10583"},"type":"Feature"},{"geometry":{"coordinates":[-76.74711,39.36925],"type":"Point"},"properties":{"kind":"stop","name":"TALMUDICAL ACADEMY","stop_id":"10584"},"type":"Feature"},{"geometry":{"coordinates":[-76.74692,39.36742],"type":"Point"},"properties":{"kind":"stop","name":"DUE TALMUDICAL","stop_id":"10585"},"type":"Feature"},{"geometry":{"coordinates":[-76.68018,39.3599],"type":"Point"},"properties":{"kind":"stop","name":"GLEN AVE & KEY AVE eb","stop_id":"10587"},"type":"Feature"},{"geometry":{"coordinates":[-76.63438,39.46383],"type":"Point"},"properties":{"kind":"stop","name":"CRANBROOK RD & DUKE OF KENT CT eb","stop_id":"10588"},"type":"Feature"},{"geometry":{"coordinates":[-76.63147,39.46704],"type":"Point"},"properties":{"kind":"stop","name":"CRANBROOK RD & GREENSIDE DR eb","stop_id":"10589"},"type":"Feature"},{"geometry":{"coordinates":[-76.6221,39.47172],"type":"Point"},"properties":{"kind":"stop","name":"CRANBROOK RD & SPRING HEAD CT eb","stop_id":"10590"},"type":"Feature"},{"geometry":{"coordinates":[-76.60306,39.46015],"type":"Point"},"properties":{"kind":"stop","name":"ST VINCENT'S VILLA","stop_id":"10594"},"type":"Feature"},{"geometry":{"coordinates":[-76.62358,39.47173],"type":"Point"},"properties":{"kind":"stop","name":"CRANBROOK RD & GELDING DR fs wb","stop_id":"10598"},"type":"Feature"},{"geometry":{"coordinates":[-76.62561,39.47107],"type":"Point"},"properties":{"kind":"stop","name":"CRANBROOK RD & VINTAGE CT opp wb","stop_id":"10599"},"type":"Feature"},{"geometry":{"coordinates":[-76.63092,39.46731],"type":"Point"},"properties":{"kind":"stop","name":"CRANBROOK RD & GREENSIDE DR wb","stop_id":"10600"},"type":"Feature"},{"geometry":{"coordinates":[-76.6343,39.46417],"type":"Point"},"properties":{"kind":"stop","name":"CRANBROOK RD & DUKE OF KENT LN wb","stop_id":"10602"},"type":"Feature"},{"geometry":{"coordinates":[-76.63585,39.46253],"type":"Point"},"properties":{"kind":"stop","name":"YORK RD & CHURCH LN fs sb","stop_id":"10603"},"type":"Feature"},{"geometry":{"coordinates":[-76.63352,39.45709],"type":"Point"},"properties":{"kind":"stop","name":"YORK RD & OLD PADONIA RD sb","stop_id":"10605"},"type":"Feature"},{"geometry":{"coordinates":[-76.51541,39.26357],"type":"Point"},"properties":{"kind":"stop","name":"SOLLERS POINT RD & CCBC DUNDALK sb","stop_id":"10610"},"type":"Feature"},{"geometry":{"coordinates":[-76.62779,39.44051],"type":"Point"},"properties":{"kind":"stop","name":"TIMONIUM RD & AYLESBURY RD wb","stop_id":"10612"},"type":"Feature"},{"geometry":{"coordinates":[-76.63063,39.43942],"type":"Point"},"properties":{"kind":"stop","name":"TIMONIUM RD & GREENSPRING AVE wb","stop_id":"10613"},"type":"Feature"},{"geometry":{"coordinates":[-76.63354,39.44425],"type":"Point"},"properties":{"kind":"stop","name":"2215 GREENSPRING DR nb","stop_id":"10614"},"type":"Feature"},{"geometry":{"coordinates":[-76.63877,39.45281],"type":"Point"},"properties":{"kind":"stop","name":"9632 DEERECO RD nb","stop_id":"10615"},"type":"Feature"},{"geometry":{"coordinates":[-76.64175,39.455],"type":"Point"},"properties":{"kind":"stop","name":"DEERECO RD & PADONIA RD nb","stop_id":"10616"},"type":"Feature"},{"geometry":{"coordinates":[-76.63732,39.4554],"type":"Point"},"properties":{"kind":"stop","name":"201 PADONIA RD eb","stop_id":"10617"},"type":"Feature"},{"geometry":{"coordinates":[-76.63111,39.47423],"type":"Point"},"properties":{"kind":"stop","name":"WARREN RD & WILMAR PL wb","stop_id":"10618"},"type":"Feature"},{"geometry":{"coordinates":[-76.60349,39.45882],"type":"Point"},"properties":{"kind":"stop","name":"GALLAGHER CENTER","stop_id":"10620"},"type":"Feature"},{"geometry":{"coordinates":[-76.60205,39.40641],"type":"Point"},"properties":{"kind":"stop","name":"FAIRMOUNT AVE & DULANEY VALLEY RD fs wb","stop_id":"10622"},"type":"Feature"},{"geometry":{"coordinates":[-76.73121,39.27204],"type":"Point"},"properties":{"kind":"stop","name":"FREDERICK RD & INGLESIDE AVE fs eb","stop_id":"10623"},"type":"Feature"},{"geometry":{"coordinates":[-76.71158,39.29929],"type":"Point"},"properties":{"kind":"stop","name":"COOKS LA & FOREST PARK AVE fs eb","stop_id":"10625"},"type":"Feature"},{"geometry":{"coordinates":[-76.66303,39.48929],"type":"Point"},"properties":{"kind":"stop","name":"225 SCHILLING CR wb","stop_id":"10628"},"type":"Feature"},{"geometry":{"coordinates":[-76.66428,39.49063],"type":"Point"},"properties":{"kind":"stop","name":"SCHILLING CR & HUNTINGTON CR nb","stop_id":"10629"},"type":"Feature"},{"geometry":{"coordinates":[-76.65977,39.49197],"type":"Point"},"properties":{"kind":"stop","name":"SCHILLING CR & MCCORMICK RD eb","stop_id":"10630"},"type":"Feature"},{"geometry":{"coordinates":[-76.7108,39.29901],"type":"Point"},"properties":{"kind":"stop","name":"1207 COOKS LN","stop_id":"10634"},"type":"Feature"},{"geometry":{"coordinates":[-76.65954,39.49665],"type":"Point"},"properties":{"kind":"stop","name":"MCCORMICK RD & SHAWAN RD sb","stop_id":"10636"},"type":"Feature"},{"geometry":{"coordinates":[-76.6641,39.49172],"type":"Point"},"properties":{"kind":"stop","name":"224 SCHILLING CR sb","stop_id":"10638"},"type":"Feature"},{"geometry":{"coordinates":[-76.65817,39.32863],"type":"Point"},"properties":{"kind":"stop","name":"PARK HEIGHTS AVE & HILLDALE AVE fs nb","stop_id":"1064"},"type":"Feature"},{"geometry":{"coordinates":[-76.65944,39.48934],"type":"Point"},"properties":{"kind":"stop","name":"SCHILLING CR & MCCORMICK RD eb","stop_id":"10640"},"type":"Feature"},{"geometry":{"coordinates":[-76.6257,39.47381],"type":"Point"},"properties":{"kind":"stop","name":"WARREN RD & FERNWOOD RD eb","stop_id":"10641"},"type":"Feature"},{"geometry":{"coordinates":[-76.62257,39.47359],"type":"Point"},"properties":{"kind":"stop","name":"WARREN RD & ABBEY RD eb","stop_id":"10642"},"type":"Feature"},{"geometry":{"coordinates":[-76.63786,39.45566],"type":"Point"},"properties":{"kind":"stop","name":"200 PADONIA RD wb","stop_id":"10644"},"type":"Feature"},{"geometry":{"coordinates":[-76.64185,39.45469],"type":"Point"},"properties":{"kind":"stop","name":"9600 DEERECO RD sb","stop_id":"10645"},"type":"Feature"},{"geometry":{"coordinates":[-76.639,39.45277],"type":"Point"},"properties":{"kind":"stop","name":"9515 DEERECO RD sb","stop_id":"10646"},"type":"Feature"},{"geometry":{"coordinates":[-76.63383,39.44441],"type":"Point"},"properties":{"kind":"stop","name":"2232 GREENSPRING DR sb","stop_id":"10648"},"type":"Feature"},{"geometry":{"coordinates":[-76.63046,39.43928],"type":"Point"},"properties":{"kind":"stop","name":"TIMONIUM RD & GREENSPRING DR fs eb","stop_id":"10649"},"type":"Feature"},{"geometry":{"coordinates":[-76.62732,39.44042],"type":"Point"},"properties":{"kind":"stop","name":"TIMONIUM RD & AYLESBURY RD eb","stop_id":"10650"},"type":"Feature"},{"geometry":{"coordinates":[-76.66128,39.49673],"type":"Point"},"properties":{"kind":"stop","name":"INTERNATIONAL CR & INTERNATIONAL DR","stop_id":"10652"},"type":"Feature"},{"geometry":{"coordinates":[-76.60186,39.40414],"type":"Point"},"properties":{"kind":"stop","name":"714 DULANEY VALLEY RD sb","stop_id":"10654"},"type":"Feature"},{"geometry":{"coordinates":[-76.65884,39.49435],"type":"Point"},"properties":{"kind":"stop","name":"MCCORMICK RD & SHAWAN RD nb","stop_id":"10655"},"type":"Feature"},{"geometry":{"coordinates":[-76.65887,39.49275],"type":"Point"},"properties":{"kind":"stop","name":"MCCORMICK RD & SCHILLING CR sb","stop_id":"10657"},"type":"Feature"},{"geometry":{"coordinates":[-76.62112,39.42915],"type":"Point"},"properties":{"kind":"stop","name":"YORK RD & RIDGELY PLAZA SHOPPING CENTER sb","stop_id":"10658"},"type":"Feature"},{"geometry":{"coordinates":[-76.65953,39.33051],"type":"Point"},"properties":{"kind":"stop","name":"PARK HEIGHTS AVE & VIOLET AVE nb","stop_id":"1066"},"type":"Feature"},{"geometry":{"coordinates":[-76.60767,39.41027],"type":"Point"},"properties":{"kind":"stop","name":"FAIRMOUNT AVE & RADCLIFFE RD wb","stop_id":"10660"},"type":"Feature"},{"geometry":{"coordinates":[-76.62002,39.42741],"type":"Point"},"properties":{"kind":"stop","name":"1700 YORK RD nb","stop_id":"10664"},"type":"Feature"},{"geometry":{"coordinates":[-76.64803,39.345],"type":"Point"},"properties":{"kind":"stop","name":"COLD SPRING LN & LIGHT RAIL eb","stop_id":"10665"},"type":"Feature"},{"geometry":{"coordinates":[-76.54851,39.3224],"type":"Point"},"properties":{"kind":"stop","name":"MORAVIA RD & SINCLAIR LN fs wb","stop_id":"10667"},"type":"Feature"},{"geometry":{"coordinates":[-76.67342,39.33689],"type":"Point"},"properties":{"kind":"stop","name":"COLD SPRING LN & METRO ENT opp wb","stop_id":"10668"},"type":"Feature"},{"geometry":{"coordinates":[-76.66052,39.33189],"type":"Point"},"properties":{"kind":"stop","name":"PARK HEIGHTS AVE & SPRINGHILL AVE nb","stop_id":"1067"},"type":"Feature"},{"geometry":{"coordinates":[-76.64734,39.29285],"type":"Point"},"properties":{"kind":"stop","name":"MULBERRY ST & MONROE ST eb","stop_id":"10674"},"type":"Feature"},{"geometry":{"coordinates":[-76.64523,39.29397],"type":"Point"},"properties":{"kind":"stop","name":"FRANKLIN ST & FULTON AVE wb","stop_id":"10675"},"type":"Feature"},{"geometry":{"coordinates":[-76.81134,39.42533],"type":"Point"},"properties":{"kind":"stop","name":"300 REDLAND CT","stop_id":"10676"},"type":"Feature"},{"geometry":{"coordinates":[-76.60153,39.40412],"type":"Point"},"properties":{"kind":"stop","name":"DULANEY VALLEY RD & MACY'S nb","stop_id":"10680"},"type":"Feature"},{"geometry":{"coordinates":[-76.66794,39.33885],"type":"Point"},"properties":{"kind":"stop","name":"COLD SPRING LN & REISTERSTOWN RD eb","stop_id":"10685"},"type":"Feature"},{"geometry":{"coordinates":[-76.56324,39.29163],"type":"Point"},"properties":{"kind":"stop","name":"Lombard St & Grundy St","stop_id":"10689"},"type":"Feature"},{"geometry":{"coordinates":[-76.66234,39.33434],"type":"Point"},"properties":{"kind":"stop","name":"PARK HEIGHTS AVE & SHIRLEY AVE nb","stop_id":"1069"},"type":"Feature"},{"geometry":{"coordinates":[-76.6022,39.40225],"type":"Point"},"properties":{"kind":"stop","name":"DULANEY VALLEY RD & JOPPA RD sb","stop_id":"10690"},"type":"Feature"},{"geometry":{"coordinates":[-76.61003,39.36421],"type":"Point"},"properties":{"kind":"stop","name":"YORK RD & BELVEDERE AVE sb","stop_id":"10693"},"type":"Feature"},{"geometry":{"coordinates":[-76.60952,39.31828],"type":"Point"},"properties":{"kind":"stop","name":"GREENMOUNT AVE & 25TH ST sb","stop_id":"10698"},"type":"Feature"},{"geometry":{"coordinates":[-76.6068,39.29939],"type":"Point"},"properties":{"kind":"stop","name":"GREENMOUNT AVE & MADISON ST sb","stop_id":"10700"},"type":"Feature"},{"geometry":{"coordinates":[-76.60938,39.31775],"type":"Point"},"properties":{"kind":"stop","name":"GREENMOUNT AVE & 25TH ST nb","stop_id":"10704"},"type":"Feature"},{"geometry":{"coordinates":[-76.60985,39.36392],"type":"Point"},"properties":{"kind":"stop","name":"YORK RD & BELVEDERE AVE nb","stop_id":"10708"},"type":"Feature"},{"geometry":{"coordinates":[-76.66402,39.33664],"type":"Point"},"properties":{"kind":"stop","name":"PARK HEIGHTS AVE & QUANTICO AVE nb","stop_id":"1071"},"type":"Feature"},{"geometry":{"coordinates":[-76.60972,39.37041],"type":"Point"},"properties":{"kind":"stop","name":"YORK RD & WALKER AVE nb","stop_id":"10710"},"type":"Feature"},{"geometry":{"coordinates":[-76.60704,39.38341],"type":"Point"},"properties":{"kind":"stop","name":"YORK RD & STEVENSON LA nb","stop_id":"10711"},"type":"Feature"},{"geometry":{"coordinates":[-76.60239,39.40023],"type":"Point"},"properties":{"kind":"stop","name":"YORK RD & PENNSYLVANIA AVE nb","stop_id":"10712"},"type":"Feature"},{"geometry":{"coordinates":[-76.63515,39.46091],"type":"Point"},"properties":{"kind":"stop","name":"YORK RD & GALLOWAY AVE sb","stop_id":"10717"},"type":"Feature"},{"geometry":{"coordinates":[-76.55872,39.30942],"type":"Point"},"properties":{"kind":"stop","name":"FEDERAL ST & ORVILLE AVE eb","stop_id":"10719"},"type":"Feature"},{"geometry":{"coordinates":[-76.54871,39.30388],"type":"Point"},"properties":{"kind":"stop","name":"ARMISTEAD WAY & FOWLER WAY sb","stop_id":"10720"},"type":"Feature"},{"geometry":{"coordinates":[-76.68391,39.31176],"type":"Point"},"properties":{"kind":"stop","name":"CLIFTON AVE & HOLLY AVE opp eb","stop_id":"10724"},"type":"Feature"},{"geometry":{"coordinates":[-76.68863,39.31486],"type":"Point"},"properties":{"kind":"stop","name":"CLIFTON RD & QUEEN ANNE RD wb","stop_id":"10729"},"type":"Feature"},{"geometry":{"coordinates":[-76.57137,39.30005],"type":"Point"},"properties":{"kind":"stop","name":"MADISON AVE & EDISON HWY wb","stop_id":"10736"},"type":"Feature"},{"geometry":{"coordinates":[-76.57287,39.31215],"type":"Point"},"properties":{"kind":"stop","name":"EDISON HWY & NORTH AVE nb","stop_id":"10738"},"type":"Feature"},{"geometry":{"coordinates":[-76.57309,39.31583],"type":"Point"},"properties":{"kind":"stop","name":"EDISON HWY & ELMORA AVE nb","stop_id":"10739"},"type":"Feature"},{"geometry":{"coordinates":[-76.6661,39.33944],"type":"Point"},"properties":{"kind":"stop","name":"PARK HEIGHTS AVE & COLD SPRING LN nb","stop_id":"1074"},"type":"Feature"},{"geometry":{"coordinates":[-76.57271,39.31696],"type":"Point"},"properties":{"kind":"stop","name":"EDISON HWY & ELMLEY AVE nb","stop_id":"10740"},"type":"Feature"},{"geometry":{"coordinates":[-76.61763,39.33253],"type":"Point"},"properties":{"kind":"stop","name":"UNIVERSITY PWKY & CHARLES ST wb","stop_id":"10745"},"type":"Feature"},{"geometry":{"coordinates":[-76.62013,39.33417],"type":"Point"},"properties":{"kind":"stop","name":"UNIVERSITY PKWY& CANTERBURY RD wb","stop_id":"10746"},"type":"Feature"},{"geometry":{"coordinates":[-76.66719,39.34092],"type":"Point"},"properties":{"kind":"stop","name":"PARK HEIGHTS AVE & WYLIE AVE nb","stop_id":"1075"},"type":"Feature"},{"geometry":{"coordinates":[-76.65719,39.32565],"type":"Point"},"properties":{"kind":"stop","name":"DRUID PARK DR & REISTERSTOWN RD fs eb","stop_id":"10751"},"type":"Feature"},{"geometry":{"coordinates":[-76.65405,39.33014],"type":"Point"},"properties":{"kind":"stop","name":"DRUID PARK DR & GREENSPRING eb","stop_id":"10752"},"type":"Feature"},{"geometry":{"coordinates":[-76.64116,39.3361],"type":"Point"},"properties":{"kind":"stop","name":"41ST ST & BUENA VISTA AVE eb","stop_id":"10754"},"type":"Feature"},{"geometry":{"coordinates":[-76.66802,39.34184],"type":"Point"},"properties":{"kind":"stop","name":"PARK HEIGHTS AVE & SUMTER AVE nb","stop_id":"1076"},"type":"Feature"},{"geometry":{"coordinates":[-76.52329,39.25695],"type":"Point"},"properties":{"kind":"stop","name":"Veterans Park Loop & Dundalk Ave","stop_id":"10763"},"type":"Feature"},{"geometry":{"coordinates":[-76.54827,39.28796],"type":"Point"},"properties":{"kind":"stop","name":"Bayview Blvd & Mason Lord Dr","stop_id":"10764"},"type":"Feature"},{"geometry":{"coordinates":[-76.54566,39.28999],"type":"Point"},"properties":{"kind":"stop","name":"MASON LORD DR & BAYVIEW MED OFFICES","stop_id":"10765"},"type":"Feature"},{"geometry":{"coordinates":[-76.5311,39.27315],"type":"Point"},"properties":{"kind":"stop","name":"Dundalk Ave & Holabird Ave","stop_id":"10768"},"type":"Feature"},{"geometry":{"coordinates":[-76.57705,39.38445],"type":"Point"},"properties":{"kind":"stop","name":"LOCH RAVEN BLVD & TAYLOR AVE nb","stop_id":"10774"},"type":"Feature"},{"geometry":{"coordinates":[-76.56281,39.367],"type":"Point"},"properties":{"kind":"stop","name":"NORTHERN PKWY & LAURELTON AVE fs wb","stop_id":"10777"},"type":"Feature"},{"geometry":{"coordinates":[-76.671,39.34504],"type":"Point"},"properties":{"kind":"stop","name":"PARK HEIGHTS AVE & WOODLAND AVE nb","stop_id":"1079"},"type":"Feature"},{"geometry":{"coordinates":[-76.46225,39.40798],"type":"Point"},"properties":{"kind":"stop","name":"PERRY HALL BLVD & HAYLOCK CT","stop_id":"10791"},"type":"Feature"},{"geometry":{"coordinates":[-76.70379,39.17157],"type":"Point"},"properties":{"kind":"stop","name":"CHARWOOD RD & NEW RIDGE RD fs eb","stop_id":"10799"},"type":"Feature"},{"geometry":{"coordinates":[-76.60502,39.27305],"type":"Point"},"properties":{"kind":"stop","name":"Fort Ave & Jackson St","stop_id":"108"},"type":"Feature"},{"geometry":{"coordinates":[-76.56006,39.36574],"type":"Point"},"properties":{"kind":"stop","name":"NORTHERN PKWY & MARIETTA AVE eb","stop_id":"10802"},"type":"Feature"},{"geometry":{"coordinates":[-76.65388,39.30501],"type":"Point"},"properties":{"kind":"stop","name":"BENTALOU ST & PRESSTMAN ST nb","stop_id":"10808"},"type":"Feature"},{"geometry":{"coordinates":[-76.70494,39.34771],"type":"Point"},"properties":{"kind":"stop","name":"MOUNT HOPE DR & VERTIS PARK DR eb","stop_id":"10809"},"type":"Feature"},{"geometry":{"coordinates":[-76.67312,39.34729],"type":"Point"},"properties":{"kind":"stop","name":"PARK HEIGHTS AVE & GARRISON AVE nb","stop_id":"1081"},"type":"Feature"},{"geometry":{"coordinates":[-76.59836,39.30526],"type":"Point"},"properties":{"kind":"stop","name":"PRESTON ST & CAROLINE ST wb fs","stop_id":"10815"},"type":"Feature"},{"geometry":{"coordinates":[-76.60383,39.29839],"type":"Point"},"properties":{"kind":"stop","name":"ENSOR ST & MONUMENT ST fs nb","stop_id":"10818"},"type":"Feature"},{"geometry":{"coordinates":[-76.6439,39.25072],"type":"Point"},"properties":{"kind":"stop","name":"PATAPSCO AVE & MALVIEW AVE opp eb","stop_id":"10829"},"type":"Feature"},{"geometry":{"coordinates":[-76.67631,39.34926],"type":"Point"},"properties":{"kind":"stop","name":"PARK HEIGHTS AVE & BELVEDERE AVE fs nb","stop_id":"1083"},"type":"Feature"},{"geometry":{"coordinates":[-76.65815,39.25537],"type":"Point"},"properties":{"kind":"stop","name":"PATAPSCO AVE & NIEMAN AVE fs wb","stop_id":"10832"},"type":"Feature"},{"geometry":{"coordinates":[-76.67211,39.28379],"type":"Point"},"properties":{"kind":"stop","name":"HILTON ST & MASSACHUSETTS ST nb","stop_id":"10833"},"type":"Feature"},{"geometry":{"coordinates":[-76.75724,39.31348],"type":"Point"},"properties":{"kind":"stop","name":"SECURITY BLVD & KENNICOTT RD","stop_id":"10834"},"type":"Feature"},{"geometry":{"coordinates":[-76.75665,39.31368],"type":"Point"},"properties":{"kind":"stop","name":"SECURITY BLVD & KENNICOTT RD wb","stop_id":"10835"},"type":"Feature"},{"geometry":{"coordinates":[-76.66609,39.30329],"type":"Point"},"properties":{"kind":"stop","name":"BLOOMINGDALE RD & BELMONT AVE nb","stop_id":"10837"},"type":"Feature"},{"geometry":{"coordinates":[-76.48971,39.26468],"type":"Point"},"properties":{"kind":"stop","name":"WISE AVE & MAVISTA AVE eb","stop_id":"10840"},"type":"Feature"},{"geometry":{"coordinates":[-76.48721,39.2639],"type":"Point"},"properties":{"kind":"stop","name":"WISE AVE & INVERNESS AVE eb","stop_id":"10841"},"type":"Feature"},{"geometry":{"coordinates":[-76.47337,39.25985],"type":"Point"},"properties":{"kind":"stop","name":"WISE AVE & WATERVIEW RD eb","stop_id":"10843"},"type":"Feature"},{"geometry":{"coordinates":[-76.46653,39.25777],"type":"Point"},"properties":{"kind":"stop","name":"WISE AVE & KIRKLAND RD opp eb","stop_id":"10845"},"type":"Feature"},{"geometry":{"coordinates":[-76.46265,39.25662],"type":"Point"},"properties":{"kind":"stop","name":"WISE & NORTH POINT mid eb","stop_id":"10846"},"type":"Feature"},{"geometry":{"coordinates":[-76.46958,39.26942],"type":"Point"},"properties":{"kind":"stop","name":"NORTH POINT BLVD & ST MONICA DR nb","stop_id":"10847"},"type":"Feature"},{"geometry":{"coordinates":[-76.48097,39.2773],"type":"Point"},"properties":{"kind":"stop","name":"NORTH POINT RD & CHARLESMONT RD nb","stop_id":"10848"},"type":"Feature"},{"geometry":{"coordinates":[-76.67859,39.34994],"type":"Point"},"properties":{"kind":"stop","name":"PARK HEIGHTS AVE & HAYWARD AVE nb","stop_id":"1085"},"type":"Feature"},{"geometry":{"coordinates":[-76.49166,39.2808],"type":"Point"},"properties":{"kind":"stop","name":"NORTH POINT RD & NORRIS LA nb","stop_id":"10851"},"type":"Feature"},{"geometry":{"coordinates":[-76.49925,39.28436],"type":"Point"},"properties":{"kind":"stop","name":"NORTH POINT RD & MAPLE RD opp nb","stop_id":"10853"},"type":"Feature"},{"geometry":{"coordinates":[-76.5019,39.28589],"type":"Point"},"properties":{"kind":"stop","name":"NORTH POINT RD & WILLOW RD nb","stop_id":"10854"},"type":"Feature"},{"geometry":{"coordinates":[-76.52329,39.256],"type":"Point"},"properties":{"kind":"stop","name":"DUNDALK AVE & S CENTER PL fs","stop_id":"10855"},"type":"Feature"},{"geometry":{"coordinates":[-76.65822,39.32285],"type":"Point"},"properties":{"kind":"stop","name":"TOWANDA AVE & 1ST LIBERTY VILLAGE ENTRANCE sb","stop_id":"10858"},"type":"Feature"},{"geometry":{"coordinates":[-76.65763,39.32187],"type":"Point"},"properties":{"kind":"stop","name":"TOWANDA AVE & 2ND LIBERTY VILLAGE ENTRANCE sb","stop_id":"10859"},"type":"Feature"},{"geometry":{"coordinates":[-76.68361,39.35205],"type":"Point"},"properties":{"kind":"stop","name":"PARK HEIGHTS AVE & ROGERS AVE nb","stop_id":"1086"},"type":"Feature"},{"geometry":{"coordinates":[-76.65713,39.32098],"type":"Point"},"properties":{"kind":"stop","name":"TOWANDA AVE & ANOKA AVE opp sb","stop_id":"10860"},"type":"Feature"},{"geometry":{"coordinates":[-76.63532,39.29438],"type":"Point"},"properties":{"kind":"stop","name":"FRANKLIN & ARLINGTON AVE wb","stop_id":"10867"},"type":"Feature"},{"geometry":{"coordinates":[-76.638,39.29427],"type":"Point"},"properties":{"kind":"stop","name":"FRANKLIN ST & CAREY ST wb","stop_id":"10868"},"type":"Feature"},{"geometry":{"coordinates":[-76.64022,39.29417],"type":"Point"},"properties":{"kind":"stop","name":"FRANKLIN ST & CALHOUN ST wb","stop_id":"10869"},"type":"Feature"},{"geometry":{"coordinates":[-76.66299,39.37459],"type":"Point"},"properties":{"kind":"stop","name":"[Due] Bais Yaakov High School","stop_id":"1087"},"type":"Feature"},{"geometry":{"coordinates":[-76.61846,39.25371],"type":"Point"},"properties":{"kind":"stop","name":"WATERVIEW AVE & POTEE fs wb","stop_id":"10876"},"type":"Feature"},{"geometry":{"coordinates":[-76.75515,39.27677],"type":"Point"},"properties":{"kind":"stop","name":"ROLLING RD & BEVERLY RD opp nb","stop_id":"10877"},"type":"Feature"},{"geometry":{"coordinates":[-76.75439,39.28022],"type":"Point"},"properties":{"kind":"stop","name":"ROLLING RD & OLD FREDERICK RD opp nb","stop_id":"10878"},"type":"Feature"},{"geometry":{"coordinates":[-76.67307,39.33684],"type":"Point"},"properties":{"kind":"stop","name":"COLD SPRING & COLD SPRING METRO STATION eb","stop_id":"10879"},"type":"Feature"},{"geometry":{"coordinates":[-76.68509,39.35292],"type":"Point"},"properties":{"kind":"stop","name":"PARK HEIGHTS AVE & NORTHERN PKWY nb","stop_id":"1088"},"type":"Feature"},{"geometry":{"coordinates":[-76.70703,39.34425],"type":"Point"},"properties":{"kind":"stop","name":"5601 METRO DR","stop_id":"10881"},"type":"Feature"},{"geometry":{"coordinates":[-76.70109,39.34453],"type":"Point"},"properties":{"kind":"stop","name":"NORTHERN PKWY & NORTHWEST PLAZA eb","stop_id":"10882"},"type":"Feature"},{"geometry":{"coordinates":[-76.6646,39.36326],"type":"Point"},"properties":{"kind":"stop","name":"CROSS COUNTRY BLVD & CHILHAM RD nb","stop_id":"10883"},"type":"Feature"},{"geometry":{"coordinates":[-76.61245,39.27724],"type":"Point"},"properties":{"kind":"stop","name":"LIGHT ST & CROSS ST sb","stop_id":"10887"},"type":"Feature"},{"geometry":{"coordinates":[-76.64281,39.27575],"type":"Point"},"properties":{"kind":"stop","name":"MONROE ST & WASHINGTON BLVD sb","stop_id":"10888"},"type":"Feature"},{"geometry":{"coordinates":[-76.60817,39.26476],"type":"Point"},"properties":{"kind":"stop","name":"MISSION BLVD & RYE ST fs sb","stop_id":"10893"},"type":"Feature"},{"geometry":{"coordinates":[-76.62847,39.27218],"type":"Point"},"properties":{"kind":"stop","name":"HAINES ST & WARNER ST eb","stop_id":"10897"},"type":"Feature"},{"geometry":{"coordinates":[-76.57651,39.29456],"type":"Point"},"properties":{"kind":"stop","name":"FAYETTE ST & LINWOOD AVE eb","stop_id":"10899"},"type":"Feature"},{"geometry":{"coordinates":[-76.68667,39.35429],"type":"Point"},"properties":{"kind":"stop","name":"PARK HEIGHTS AVE & TRAINOR AVE nb","stop_id":"1090"},"type":"Feature"},{"geometry":{"coordinates":[-76.56189,39.29154],"type":"Point"},"properties":{"kind":"stop","name":"LOMBARD ST & HAVEN ST eb","stop_id":"10900"},"type":"Feature"},{"geometry":{"coordinates":[-76.52786,39.28884],"type":"Point"},"properties":{"kind":"stop","name":"EASTERN AVE & PEMBROOKE BLVD mb wb","stop_id":"10903"},"type":"Feature"},{"geometry":{"coordinates":[-76.69321,39.29323],"type":"Point"},"properties":{"kind":"stop","name":"EDMONDSON AVE & SWANN AVE fs eb","stop_id":"10905"},"type":"Feature"},{"geometry":{"coordinates":[-76.6431,39.35292],"type":"Point"},"properties":{"kind":"stop","name":"FALLS RD & HARVEST RD nb","stop_id":"10908"},"type":"Feature"},{"geometry":{"coordinates":[-76.66421,39.36198],"type":"Point"},"properties":{"kind":"stop","name":"CROSS COUNTRY BLVD & SULGRAVE AVE nb","stop_id":"10910"},"type":"Feature"},{"geometry":{"coordinates":[-76.64195,39.34857],"type":"Point"},"properties":{"kind":"stop","name":"FALLS RD & HILLSIDE RD fs sb","stop_id":"10911"},"type":"Feature"},{"geometry":{"coordinates":[-76.63623,39.33489],"type":"Point"},"properties":{"kind":"stop","name":"FALLS RD & COX ST sb","stop_id":"10912"},"type":"Feature"},{"geometry":{"coordinates":[-76.58638,39.34536],"type":"Point"},"properties":{"kind":"stop","name":"HILLEN RD & COLDSPRING LN fs sb","stop_id":"10913"},"type":"Feature"},{"geometry":{"coordinates":[-76.51346,39.04817],"type":"Point"},"properties":{"kind":"stop","name":"RING RD & WEST CAMPUS (AACC) eb","stop_id":"10917"},"type":"Feature"},{"geometry":{"coordinates":[-76.57643,39.32339],"type":"Point"},"properties":{"kind":"stop","name":"ERDMAN AVE & PARKLAWN AVE wb","stop_id":"10918"},"type":"Feature"},{"geometry":{"coordinates":[-76.57873,39.32489],"type":"Point"},"properties":{"kind":"stop","name":"ERDMAN AVE & CROSSLAND AVE wb","stop_id":"10919"},"type":"Feature"},{"geometry":{"coordinates":[-76.68939,39.35652],"type":"Point"},"properties":{"kind":"stop","name":"PARK HEIGHTS AVE & MENLO DR nb","stop_id":"1092"},"type":"Feature"},{"geometry":{"coordinates":[-76.5026,38.9867],"type":"Point"},"properties":{"kind":"stop","name":"ROWE BLVD & TAYLOR AVE fs","stop_id":"10921"},"type":"Feature"},{"geometry":{"coordinates":[-76.61845,39.15197],"type":"Point"},"properties":{"kind":"stop","name":"795 AQUAHART RD opp wb","stop_id":"10922"},"type":"Feature"},{"geometry":{"coordinates":[-76.60958,39.23824],"type":"Point"},"properties":{"kind":"stop","name":"HANOVER ST & PATAPSCO AVE nb","stop_id":"10923"},"type":"Feature"},{"geometry":{"coordinates":[-76.71727,39.3691],"type":"Point"},"properties":{"kind":"stop","name":"SLADE AVE & REISTERSTOWN RD wb","stop_id":"10925"},"type":"Feature"},{"geometry":{"coordinates":[-76.6426,39.26036],"type":"Point"},"properties":{"kind":"stop","name":"HOLLINS FERRY RD & HARMAN AVE sb","stop_id":"10926"},"type":"Feature"},{"geometry":{"coordinates":[-76.64468,39.25763],"type":"Point"},"properties":{"kind":"stop","name":"HOLLINS FERRY RD & BANGER ST sb","stop_id":"10928"},"type":"Feature"},{"geometry":{"coordinates":[-76.64592,39.25596],"type":"Point"},"properties":{"kind":"stop","name":"HOLLINS FERRY RD & BROHAWN AVE sb","stop_id":"10929"},"type":"Feature"},{"geometry":{"coordinates":[-76.64668,39.25337],"type":"Point"},"properties":{"kind":"stop","name":"HOLLINS FERRY RD & MARBOURNE AVE sb","stop_id":"10930"},"type":"Feature"},{"geometry":{"coordinates":[-76.64728,39.24191],"type":"Point"},"properties":{"kind":"stop","name":"MCDOWELL LN & HIGHLAND VILAGE APARTMENTS sb","stop_id":"10932"},"type":"Feature"},{"geometry":{"coordinates":[-76.6473,39.23991],"type":"Point"},"properties":{"kind":"stop","name":"3800 MCDOWELL LN sb","stop_id":"10933"},"type":"Feature"},{"geometry":{"coordinates":[-76.64643,39.23935],"type":"Point"},"properties":{"kind":"stop","name":"MCDOWELL LN & TWIN CIRCLE WY sb","stop_id":"10934"},"type":"Feature"},{"geometry":{"coordinates":[-76.64665,39.23698],"type":"Point"},"properties":{"kind":"stop","name":"4201 MCDOWELL LNopp sb","stop_id":"10936"},"type":"Feature"},{"geometry":{"coordinates":[-76.64563,39.23519],"type":"Point"},"properties":{"kind":"stop","name":"VIRGINIA AVE & WALNUT RD eb","stop_id":"10937"},"type":"Feature"},{"geometry":{"coordinates":[-76.64183,39.23474],"type":"Point"},"properties":{"kind":"stop","name":"VIRGINIA AVE & ANNAPOLIS RD mb eb","stop_id":"10938"},"type":"Feature"},{"geometry":{"coordinates":[-76.64132,39.23723],"type":"Point"},"properties":{"kind":"stop","name":"ANNAPOLIS RD & VERMONT AVE nb","stop_id":"10939"},"type":"Feature"},{"geometry":{"coordinates":[-76.69261,39.3581],"type":"Point"},"properties":{"kind":"stop","name":"PARK HEIGHTS AVE & PINKNEY RD nb","stop_id":"1094"},"type":"Feature"},{"geometry":{"coordinates":[-76.64114,39.24072],"type":"Point"},"properties":{"kind":"stop","name":"ANNAPOLIS RD & ALABAMA AVEnb","stop_id":"10940"},"type":"Feature"},{"geometry":{"coordinates":[-76.64095,39.24474],"type":"Point"},"properties":{"kind":"stop","name":"ANNAPOLIS RD & DAISY AVE fs sb","stop_id":"10942"},"type":"Feature"},{"geometry":{"coordinates":[-76.64189,39.23488],"type":"Point"},"properties":{"kind":"stop","name":"VIRGINIA AVE & ANNAPOLIS RD fs wb","stop_id":"10944"},"type":"Feature"},{"geometry":{"coordinates":[-76.64483,39.23531],"type":"Point"},"properties":{"kind":"stop","name":"VIRGINIA AVE & SCOTIA RD opp wb","stop_id":"10945"},"type":"Feature"},{"geometry":{"coordinates":[-76.64664,39.23683],"type":"Point"},"properties":{"kind":"stop","name":"4201 MCDOWELL LN nb","stop_id":"10946"},"type":"Feature"},{"geometry":{"coordinates":[-76.64643,39.2395],"type":"Point"},"properties":{"kind":"stop","name":"MCDOWELL LN & SONGBIRD CIR nb","stop_id":"10948"},"type":"Feature"},{"geometry":{"coordinates":[-76.6472,39.24],"type":"Point"},"properties":{"kind":"stop","name":"3801 MCDOWELL LN nb","stop_id":"10949"},"type":"Feature"},{"geometry":{"coordinates":[-76.69391,39.35876],"type":"Point"},"properties":{"kind":"stop","name":"PARK HEIGHTS AVE & STRATHMORE AVE nb","stop_id":"1095"},"type":"Feature"},{"geometry":{"coordinates":[-76.64764,39.246],"type":"Point"},"properties":{"kind":"stop","name":"HOLLINS FERRY RD & SHENANDOAH AVE opp nb","stop_id":"10950"},"type":"Feature"},{"geometry":{"coordinates":[-76.64701,39.25081],"type":"Point"},"properties":{"kind":"stop","name":"HOLLINS FERRY RD & HOLLINSWOOD SHOPPING CENTER nb","stop_id":"10952"},"type":"Feature"},{"geometry":{"coordinates":[-76.63415,39.35331],"type":"Point"},"properties":{"kind":"stop","name":"ROLAND AVE & BEECHDALE RD sb","stop_id":"10953"},"type":"Feature"},{"geometry":{"coordinates":[-76.64655,39.25345],"type":"Point"},"properties":{"kind":"stop","name":"HOLLINS FERRY RD & MARBOURNE AVE nb","stop_id":"10955"},"type":"Feature"},{"geometry":{"coordinates":[-76.64589,39.25579],"type":"Point"},"properties":{"kind":"stop","name":"HOLLINS FERRY RD & RITTENHOUSE AVE fs nb","stop_id":"10957"},"type":"Feature"},{"geometry":{"coordinates":[-76.64467,39.25742],"type":"Point"},"properties":{"kind":"stop","name":"HOLLINS FERRY RD & NORTHSHIRE DR nb","stop_id":"10958"},"type":"Feature"},{"geometry":{"coordinates":[-76.64264,39.26015],"type":"Point"},"properties":{"kind":"stop","name":"HOLLINS FERRY RD & HARMAN AVE OP nb","stop_id":"10959"},"type":"Feature"},{"geometry":{"coordinates":[-76.69656,39.36017],"type":"Point"},"properties":{"kind":"stop","name":"PARK HEIGHTS AVE & FORDS LN opp nb","stop_id":"1096"},"type":"Feature"},{"geometry":{"coordinates":[-76.63737,39.26053],"type":"Point"},"properties":{"kind":"stop","name":"WATERVIEW AVE & WESTPORT ST opp eb","stop_id":"10962"},"type":"Feature"},{"geometry":{"coordinates":[-76.70806,39.25847],"type":"Point"},"properties":{"kind":"stop","name":"HILLTOP CIR& CENTER RD sb","stop_id":"10963"},"type":"Feature"},{"geometry":{"coordinates":[-76.70893,39.25249],"type":"Point"},"properties":{"kind":"stop","name":"HILLTOP CIR & COMMONS DR (UMBC) sb","stop_id":"10964"},"type":"Feature"},{"geometry":{"coordinates":[-76.61322,39.28195],"type":"Point"},"properties":{"kind":"stop","name":"LIGHT ST & LEE ST fs sb","stop_id":"10966"},"type":"Feature"},{"geometry":{"coordinates":[-76.55987,39.20306],"type":"Point"},"properties":{"kind":"stop","name":"HAWKINS POINT RD & EFFICIENCY WY fs eb","stop_id":"10967"},"type":"Feature"},{"geometry":{"coordinates":[-76.55622,39.20026],"type":"Point"},"properties":{"kind":"stop","name":"FORT SMALLWOOD RD & FORT ARMISTEAD RD sb","stop_id":"10968"},"type":"Feature"},{"geometry":{"coordinates":[-76.55593,39.20037],"type":"Point"},"properties":{"kind":"stop","name":"FORT SMALLWOOD RD & FORT ARMISTEAD RD fs nb","stop_id":"10969"},"type":"Feature"},{"geometry":{"coordinates":[-76.50036,39.3306],"type":"Point"},"properties":{"kind":"stop","name":"PHILADELPHIA RD & EVERING AVE wb","stop_id":"10971"},"type":"Feature"},{"geometry":{"coordinates":[-76.50346,39.32847],"type":"Point"},"properties":{"kind":"stop","name":"PHILADELPHIA RD & DALTON AVE wb","stop_id":"10972"},"type":"Feature"},{"geometry":{"coordinates":[-76.50651,39.32638],"type":"Point"},"properties":{"kind":"stop","name":"PHILADELPHIA RD & NEIGHBORS AVE wb","stop_id":"10974"},"type":"Feature"},{"geometry":{"coordinates":[-76.55532,39.3001],"type":"Point"},"properties":{"kind":"stop","name":"MONUMENT ST & NEWKIRK ST opp fs wb","stop_id":"10979"},"type":"Feature"},{"geometry":{"coordinates":[-76.7012,39.36365],"type":"Point"},"properties":{"kind":"stop","name":"PARK HEIGHTS AVE & LABYRINTH RD nb","stop_id":"1098"},"type":"Feature"},{"geometry":{"coordinates":[-76.56109,39.29988],"type":"Point"},"properties":{"kind":"stop","name":"MONUMENT ST & KRESSON ST wb","stop_id":"10980"},"type":"Feature"},{"geometry":{"coordinates":[-76.56382,39.29977],"type":"Point"},"properties":{"kind":"stop","name":"MONUMENT ST & DEAN ST wb","stop_id":"10983"},"type":"Feature"},{"geometry":{"coordinates":[-76.56929,39.29955],"type":"Point"},"properties":{"kind":"stop","name":"MONUMENT ST & HIGHLAND AVE wb","stop_id":"10984"},"type":"Feature"},{"geometry":{"coordinates":[-76.5738,39.3003],"type":"Point"},"properties":{"kind":"stop","name":"MADISON ST & ELLWOOD AVE wb","stop_id":"10985"},"type":"Feature"},{"geometry":{"coordinates":[-76.57921,39.30009],"type":"Point"},"properties":{"kind":"stop","name":"MADISON ST & LAKEWOOD AVE wb","stop_id":"10986"},"type":"Feature"},{"geometry":{"coordinates":[-76.58205,39.29998],"type":"Point"},"properties":{"kind":"stop","name":"MADISON ST & MILTON AVE wb","stop_id":"10988"},"type":"Feature"},{"geometry":{"coordinates":[-76.7024,39.36461],"type":"Point"},"properties":{"kind":"stop","name":"PARK HEIGHTS AVE & FALLSTAFF RD nb","stop_id":"1099"},"type":"Feature"},{"geometry":{"coordinates":[-76.6423,39.28563],"type":"Point"},"properties":{"kind":"stop","name":"GILMOR ST & PRATT ST sb","stop_id":"10994"},"type":"Feature"},{"geometry":{"coordinates":[-76.64302,39.28337],"type":"Point"},"properties":{"kind":"stop","name":"WILKENS AVE & GILMOR ST fs wb","stop_id":"10996"},"type":"Feature"},{"geometry":{"coordinates":[-76.64624,39.28234],"type":"Point"},"properties":{"kind":"stop","name":"WILKENS AVE & MONROE ST wb","stop_id":"10998"},"type":"Feature"},{"geometry":{"coordinates":[-76.64753,39.2819],"type":"Point"},"properties":{"kind":"stop","name":"WILKENS AVE & PAYSON ST wb","stop_id":"10999"},"type":"Feature"},{"geometry":{"coordinates":[-76.65936,39.34889],"type":"Point"},"properties":{"kind":"stop","name":"Greenspring Ave & Oakley Ave","stop_id":"11"},"type":"Feature"},{"geometry":{"coordinates":[-76.60823,39.27294],"type":"Point"},"properties":{"kind":"stop","name":"Fort Ave & Riverside Ave","stop_id":"110"},"type":"Feature"},{"geometry":{"coordinates":[-76.64877,39.28147],"type":"Point"},"properties":{"kind":"stop","name":"WILKENS AVE & PULASKI ST wb","stop_id":"11000"},"type":"Feature"},{"geometry":{"coordinates":[-76.6534,39.27992],"type":"Point"},"properties":{"kind":"stop","name":"WILKENS AVE & CATHERINE ST wb","stop_id":"11002"},"type":"Feature"},{"geometry":{"coordinates":[-76.65589,39.2791],"type":"Point"},"properties":{"kind":"stop","name":"WILKENS AVE & MILLINGTON AVE wb","stop_id":"11003"},"type":"Feature"},{"geometry":{"coordinates":[-76.65858,39.27818],"type":"Point"},"properties":{"kind":"stop","name":"WILKENS AVE & BRUNSWICK ST wb","stop_id":"11005"},"type":"Feature"},{"geometry":{"coordinates":[-76.66226,39.27604],"type":"Point"},"properties":{"kind":"stop","name":"DUKELAND ST & WILKENS AVE fs sb","stop_id":"11008"},"type":"Feature"},{"geometry":{"coordinates":[-76.6576,39.27118],"type":"Point"},"properties":{"kind":"stop","name":"1221 BERNARD DR sb","stop_id":"11009"},"type":"Feature"},{"geometry":{"coordinates":[-76.65707,39.26913],"type":"Point"},"properties":{"kind":"stop","name":"GEORGETOWN RD & WILMINGTON AVE wb","stop_id":"11010"},"type":"Feature"},{"geometry":{"coordinates":[-76.66701,39.27403],"type":"Point"},"properties":{"kind":"stop","name":"DESOTO RD & BENSON AVE nb","stop_id":"11013"},"type":"Feature"},{"geometry":{"coordinates":[-76.66199,39.27704],"type":"Point"},"properties":{"kind":"stop","name":"WILKENS AVE & HURLEY AVE wb","stop_id":"11014"},"type":"Feature"},{"geometry":{"coordinates":[-76.66848,39.27491],"type":"Point"},"properties":{"kind":"stop","name":"WILKENS AVE & DESOTO RD wb","stop_id":"11017"},"type":"Feature"},{"geometry":{"coordinates":[-76.67215,39.27372],"type":"Point"},"properties":{"kind":"stop","name":"WILKENS AVE & CATON AVE fs wb","stop_id":"11018"},"type":"Feature"},{"geometry":{"coordinates":[-76.67686,39.27216],"type":"Point"},"properties":{"kind":"stop","name":"WILKENS AVE & PINE HEIGHTS AVE wb","stop_id":"11020"},"type":"Feature"},{"geometry":{"coordinates":[-76.68457,39.26961],"type":"Point"},"properties":{"kind":"stop","name":"WILKENS AVE & JOH AVE opp wb","stop_id":"11024"},"type":"Feature"},{"geometry":{"coordinates":[-76.70869,39.36983],"type":"Point"},"properties":{"kind":"stop","name":"PARK HEIGHTS AVE & SHELBURNE RD nb","stop_id":"1104"},"type":"Feature"},{"geometry":{"coordinates":[-76.6928,39.26682],"type":"Point"},"properties":{"kind":"stop","name":"WILKENS AVE & WARWICK RD wb","stop_id":"11042"},"type":"Feature"},{"geometry":{"coordinates":[-76.6963,39.2657],"type":"Point"},"properties":{"kind":"stop","name":"WILKENS AVE & ALAN DR opp wb","stop_id":"11043"},"type":"Feature"},{"geometry":{"coordinates":[-76.69768,39.2629],"type":"Point"},"properties":{"kind":"stop","name":"MAIDEN CHOICE LN & GATEWAY TER sb","stop_id":"11045"},"type":"Feature"},{"geometry":{"coordinates":[-76.69557,39.26156],"type":"Point"},"properties":{"kind":"stop","name":"MAIDEN CHOICE LN & WESTLAND BLVD sb","stop_id":"11047"},"type":"Feature"},{"geometry":{"coordinates":[-76.69721,39.25944],"type":"Point"},"properties":{"kind":"stop","name":"WESTLAND BLVD & COURTNEY RD wb","stop_id":"11048"},"type":"Feature"},{"geometry":{"coordinates":[-76.69945,39.25716],"type":"Point"},"properties":{"kind":"stop","name":"WESTLAND BLVD & CIRCLE DR wb","stop_id":"11049"},"type":"Feature"},{"geometry":{"coordinates":[-76.70021,39.25488],"type":"Point"},"properties":{"kind":"stop","name":"LINDEN AVE & SHELBOURNE RD sb","stop_id":"11051"},"type":"Feature"},{"geometry":{"coordinates":[-76.71225,39.3718],"type":"Point"},"properties":{"kind":"stop","name":"SLADE AVE & PARK HEIGHTS AVE fs wb","stop_id":"1106"},"type":"Feature"},{"geometry":{"coordinates":[-76.829,39.47863],"type":"Point"},"properties":{"kind":"stop","name":"GLYNDON LOOP","stop_id":"1107"},"type":"Feature"},{"geometry":{"coordinates":[-76.69919,39.25724],"type":"Point"},"properties":{"kind":"stop","name":"WESTLAND BLVD & CIRCLE RD eb","stop_id":"11076"},"type":"Feature"},{"geometry":{"coordinates":[-76.69743,39.25902],"type":"Point"},"properties":{"kind":"stop","name":"WESTLAND BLVD & COURTNEY RD eb","stop_id":"11077"},"type":"Feature"},{"geometry":{"coordinates":[-76.69534,39.26158],"type":"Point"},"properties":{"kind":"stop","name":"MAIDEN CHOICE LN & WESTLAND BLVD nb","stop_id":"11078"},"type":"Feature"},{"geometry":{"coordinates":[-76.69737,39.26289],"type":"Point"},"properties":{"kind":"stop","name":"MAIDEN CHOICE LN & WARREN TREE WY nb","stop_id":"11079"},"type":"Feature"},{"geometry":{"coordinates":[-76.69765,39.26504],"type":"Point"},"properties":{"kind":"stop","name":"WILKENS AVE & ELMRIDGE AVE eb","stop_id":"11081"},"type":"Feature"},{"geometry":{"coordinates":[-76.69307,39.26656],"type":"Point"},"properties":{"kind":"stop","name":"WILKENS AVE & ALAN DR EAST eb","stop_id":"11083"},"type":"Feature"},{"geometry":{"coordinates":[-76.68494,39.26933],"type":"Point"},"properties":{"kind":"stop","name":"WILKENS AVE & JOH AVE eb","stop_id":"11087"},"type":"Feature"},{"geometry":{"coordinates":[-76.6765,39.27208],"type":"Point"},"properties":{"kind":"stop","name":"WILKENS AVE & PINE HEIGHTS AVE eb","stop_id":"11090"},"type":"Feature"},{"geometry":{"coordinates":[-76.67436,39.27275],"type":"Point"},"properties":{"kind":"stop","name":"WILKENS AVE & PRIMSON AVE opp eb","stop_id":"11091"},"type":"Feature"},{"geometry":{"coordinates":[-76.66839,39.27477],"type":"Point"},"properties":{"kind":"stop","name":"WILKENS AVE & DESOTO RD eb","stop_id":"11093"},"type":"Feature"},{"geometry":{"coordinates":[-76.66636,39.27338],"type":"Point"},"properties":{"kind":"stop","name":"DESOTO RD & BENSON AVE sb","stop_id":"11094"},"type":"Feature"},{"geometry":{"coordinates":[-76.65801,39.26818],"type":"Point"},"properties":{"kind":"stop","name":"GEORGETOWN RD & WILMINGTON AVE eb","stop_id":"11097"},"type":"Feature"},{"geometry":{"coordinates":[-76.65774,39.27162],"type":"Point"},"properties":{"kind":"stop","name":"1221 BERNARD DR nb","stop_id":"11098"},"type":"Feature"},{"geometry":{"coordinates":[-76.662,39.27686],"type":"Point"},"properties":{"kind":"stop","name":"WILKENS AVE & DUKELAND ST fs eb","stop_id":"11100"},"type":"Feature"},{"geometry":{"coordinates":[-76.65879,39.27789],"type":"Point"},"properties":{"kind":"stop","name":"WILKENS AVE & BRUNSWICK ST eb","stop_id":"11104"},"type":"Feature"},{"geometry":{"coordinates":[-76.65529,39.27906],"type":"Point"},"properties":{"kind":"stop","name":"WILKENS AVE & MILLINGTON AVE eb","stop_id":"11106"},"type":"Feature"},{"geometry":{"coordinates":[-76.65362,39.27963],"type":"Point"},"properties":{"kind":"stop","name":"WILKENS AVE & CATHERINE ST eb","stop_id":"11107"},"type":"Feature"},{"geometry":{"coordinates":[-76.64929,39.28105],"type":"Point"},"properties":{"kind":"stop","name":"WILKENS AVE & PULASKI ST eb","stop_id":"11110"},"type":"Feature"},{"geometry":{"coordinates":[-76.64203,39.28418],"type":"Point"},"properties":{"kind":"stop","name":"GILMOR ST & McHENRY ST nb","stop_id":"11114"},"type":"Feature"},{"geometry":{"coordinates":[-76.64093,39.28536],"type":"Point"},"properties":{"kind":"stop","name":"PRATT ST & STRICKER ST eb","stop_id":"11115"},"type":"Feature"},{"geometry":{"coordinates":[-76.63527,39.28563],"type":"Point"},"properties":{"kind":"stop","name":"Pratt St & Arlington Ave","stop_id":"11117"},"type":"Feature"},{"geometry":{"coordinates":[-76.63167,39.28581],"type":"Point"},"properties":{"kind":"stop","name":"Pratt St & Poppleton St","stop_id":"11119"},"type":"Feature"},{"geometry":{"coordinates":[-76.62818,39.28598],"type":"Point"},"properties":{"kind":"stop","name":"Pratt St & MLK Blvd","stop_id":"11121"},"type":"Feature"},{"geometry":{"coordinates":[-76.62371,39.28611],"type":"Point"},"properties":{"kind":"stop","name":"Pratt St & Greene St","stop_id":"11123"},"type":"Feature"},{"geometry":{"coordinates":[-76.60599,39.29785],"type":"Point"},"properties":{"kind":"stop","name":"MONUMENT ST & GREENMOUNT AVE eb","stop_id":"11127"},"type":"Feature"},{"geometry":{"coordinates":[-76.60468,39.2979],"type":"Point"},"properties":{"kind":"stop","name":"MONUMENT ST & ENSOR ST eb","stop_id":"11128"},"type":"Feature"},{"geometry":{"coordinates":[-76.57705,39.29899],"type":"Point"},"properties":{"kind":"stop","name":"MONUMENT ST & LINWOOD AVE eb","stop_id":"11133"},"type":"Feature"},{"geometry":{"coordinates":[-76.57112,39.29923],"type":"Point"},"properties":{"kind":"stop","name":"MONUMENT ST & BOULDIN ST eb","stop_id":"11138"},"type":"Feature"},{"geometry":{"coordinates":[-76.56778,39.29935],"type":"Point"},"properties":{"kind":"stop","name":"MONUMENT ST & DEAN ST eb","stop_id":"11139"},"type":"Feature"},{"geometry":{"coordinates":[-76.56355,39.29953],"type":"Point"},"properties":{"kind":"stop","name":"MONUMENT ST & HAVEN ST eb","stop_id":"11141"},"type":"Feature"},{"geometry":{"coordinates":[-76.56085,39.29964],"type":"Point"},"properties":{"kind":"stop","name":"MONUMENT ST & KRESSON ST eb","stop_id":"11142"},"type":"Feature"},{"geometry":{"coordinates":[-76.5577,39.29975],"type":"Point"},"properties":{"kind":"stop","name":"4601 MONUMENT ST eb","stop_id":"11143"},"type":"Feature"},{"geometry":{"coordinates":[-76.5548,39.29986],"type":"Point"},"properties":{"kind":"stop","name":"MONUMENT ST & PULASKI HWY eb","stop_id":"11145"},"type":"Feature"},{"geometry":{"coordinates":[-76.54923,39.30135],"type":"Point"},"properties":{"kind":"stop","name":"PULASKI HWY & ERDMAN AVE eb","stop_id":"11146"},"type":"Feature"},{"geometry":{"coordinates":[-76.53657,39.30562],"type":"Point"},"properties":{"kind":"stop","name":"6700 PULASKI HWY","stop_id":"11148"},"type":"Feature"},{"geometry":{"coordinates":[-76.53059,39.30953],"type":"Point"},"properties":{"kind":"stop","name":"PULASKI HWY & 62ND ST opp eb","stop_id":"11149"},"type":"Feature"},{"geometry":{"coordinates":[-76.82751,39.46],"type":"Point"},"properties":{"kind":"stop","name":"MAIN ST & GLYNDON TRACE DR opp sb","stop_id":"1115"},"type":"Feature"},{"geometry":{"coordinates":[-76.5238,39.31445],"type":"Point"},"properties":{"kind":"stop","name":"PHILADELPHIA RD & ROSEDALE HEIGHTS AVE eb","stop_id":"11151"},"type":"Feature"},{"geometry":{"coordinates":[-76.51736,39.31884],"type":"Point"},"properties":{"kind":"stop","name":"PHILADELPHIA RD & ROSEDALE AVE eb","stop_id":"11153"},"type":"Feature"},{"geometry":{"coordinates":[-76.51488,39.32053],"type":"Point"},"properties":{"kind":"stop","name":"PHILADELPHIA RD & ROSEWICK AVE opp","stop_id":"11154"},"type":"Feature"},{"geometry":{"coordinates":[-76.51081,39.32327],"type":"Point"},"properties":{"kind":"stop","name":"PHILADELPHIA RD & SELLIER AVE eb","stop_id":"11156"},"type":"Feature"},{"geometry":{"coordinates":[-76.50042,39.33036],"type":"Point"},"properties":{"kind":"stop","name":"PHILADELPHIA RD & KENWOOD AVE eb","stop_id":"11157"},"type":"Feature"},{"geometry":{"coordinates":[-76.72064,39.29169],"type":"Point"},"properties":{"kind":"stop","name":"ST AGNES LA & FOREST PARK AVE sb","stop_id":"11161"},"type":"Feature"},{"geometry":{"coordinates":[-76.51645,39.25813],"type":"Point"},"properties":{"kind":"stop","name":"DUNMANWAY & LIBERTY PKWY wb","stop_id":"11165"},"type":"Feature"},{"geometry":{"coordinates":[-76.52518,39.26062],"type":"Point"},"properties":{"kind":"stop","name":"Dundalk Ave & Bayship Rd","stop_id":"11167"},"type":"Feature"},{"geometry":{"coordinates":[-76.80208,39.37032],"type":"Point"},"properties":{"kind":"stop","name":"9137 LIBERTY RD","stop_id":"11169"},"type":"Feature"},{"geometry":{"coordinates":[-76.68945,39.29303],"type":"Point"},"properties":{"kind":"stop","name":"ATHOL AVE & EDMONDSON AVE fs sb","stop_id":"11170"},"type":"Feature"},{"geometry":{"coordinates":[-76.65858,39.22441],"type":"Point"},"properties":{"kind":"stop","name":"NURSERY RD & RAYNOR AVE opp wb","stop_id":"11173"},"type":"Feature"},{"geometry":{"coordinates":[-76.67708,39.20935],"type":"Point"},"properties":{"kind":"stop","name":"CORPORATE BLVD & AERO DR eb","stop_id":"11174"},"type":"Feature"},{"geometry":{"coordinates":[-76.66955,39.18206],"type":"Point"},"properties":{"kind":"stop","name":"BWI INTERNATIONAL TERMINAL eb UPPER LEVEL","stop_id":"11175"},"type":"Feature"},{"geometry":{"coordinates":[-76.6804,39.20313],"type":"Point"},"properties":{"kind":"stop","name":"WINTERSON RD & NURSERY RD fs eb","stop_id":"11176"},"type":"Feature"},{"geometry":{"coordinates":[-76.67656,39.21613],"type":"Point"},"properties":{"kind":"stop","name":"NURSERY RD & GLORIA AVE opp nb","stop_id":"11177"},"type":"Feature"},{"geometry":{"coordinates":[-76.65896,39.22428],"type":"Point"},"properties":{"kind":"stop","name":"NURSERY RD & RAYNOR AVE fs eb","stop_id":"11178"},"type":"Feature"},{"geometry":{"coordinates":[-76.64002,39.29569],"type":"Point"},"properties":{"kind":"stop","name":"Calhoun St & Edmondson Ave","stop_id":"11180"},"type":"Feature"},{"geometry":{"coordinates":[-76.72825,39.36214],"type":"Point"},"properties":{"kind":"stop","name":"MILFORD MILL RD & CLIVEDEN RD wb","stop_id":"11185"},"type":"Feature"},{"geometry":{"coordinates":[-76.73422,39.36207],"type":"Point"},"properties":{"kind":"stop","name":"MILFORD MILL RD & SUDBROOK LN wb","stop_id":"11188"},"type":"Feature"},{"geometry":{"coordinates":[-76.73876,39.36096],"type":"Point"},"properties":{"kind":"stop","name":"MILFORD MILL RD & CLIFFEDGE RD wb","stop_id":"11191"},"type":"Feature"},{"geometry":{"coordinates":[-76.74958,39.35893],"type":"Point"},"properties":{"kind":"stop","name":"MILFORD MILL RD & WASHINGTON AVE opp wb","stop_id":"11194"},"type":"Feature"},{"geometry":{"coordinates":[-76.75532,39.35807],"type":"Point"},"properties":{"kind":"stop","name":"MILFORD MILL RD & WILDOR AVE fs wb","stop_id":"11196"},"type":"Feature"},{"geometry":{"coordinates":[-76.61148,39.2728],"type":"Point"},"properties":{"kind":"stop","name":"Fort Ave & Light St","stop_id":"112"},"type":"Feature"},{"geometry":{"coordinates":[-76.78029,39.36207],"type":"Point"},"properties":{"kind":"stop","name":"LIBERTY RD & LIBERTY COURT SHOPPING CENTER nb","stop_id":"11200"},"type":"Feature"},{"geometry":{"coordinates":[-76.78414,39.36347],"type":"Point"},"properties":{"kind":"stop","name":"LIBERTY RD & BRENBROOK DR nb","stop_id":"11201"},"type":"Feature"},{"geometry":{"coordinates":[-76.79098,39.36599],"type":"Point"},"properties":{"kind":"stop","name":"LIBERTY RD & STONEYBROOK RD nb","stop_id":"11205"},"type":"Feature"},{"geometry":{"coordinates":[-76.79344,39.36683],"type":"Point"},"properties":{"kind":"stop","name":"LIBERTY RD & FIELDSTONE RD nb","stop_id":"11207"},"type":"Feature"},{"geometry":{"coordinates":[-76.79651,39.36794],"type":"Point"},"properties":{"kind":"stop","name":"LIBERTY RD & MARCELLA OP nb","stop_id":"11208"},"type":"Feature"},{"geometry":{"coordinates":[-76.79867,39.36891],"type":"Point"},"properties":{"kind":"stop","name":"LIBERTY RD & OFFUTT RD nb","stop_id":"11209"},"type":"Feature"},{"geometry":{"coordinates":[-76.8003,39.36972],"type":"Point"},"properties":{"kind":"stop","name":"9120 LIBERTY RD MB nb","stop_id":"11210"},"type":"Feature"},{"geometry":{"coordinates":[-76.80396,39.37135],"type":"Point"},"properties":{"kind":"stop","name":"9134 LIBERTY RD MB nb","stop_id":"11211"},"type":"Feature"},{"geometry":{"coordinates":[-76.8,39.36935],"type":"Point"},"properties":{"kind":"stop","name":"LIBERTY RD & OFFUTT RD sb","stop_id":"11212"},"type":"Feature"},{"geometry":{"coordinates":[-76.79746,39.36811],"type":"Point"},"properties":{"kind":"stop","name":"LIBERTY RD & BAYER AVE fs sb","stop_id":"11213"},"type":"Feature"},{"geometry":{"coordinates":[-76.79366,39.36669],"type":"Point"},"properties":{"kind":"stop","name":"LIBERTY RD & FIELDSTONE RD opp sb","stop_id":"11214"},"type":"Feature"},{"geometry":{"coordinates":[-76.79152,39.36594],"type":"Point"},"properties":{"kind":"stop","name":"LIBERTY RD & STONEYBROOK RD sb","stop_id":"11216"},"type":"Feature"},{"geometry":{"coordinates":[-76.78689,39.36432],"type":"Point"},"properties":{"kind":"stop","name":"LIBERTY RD & ANNE HATHAWAY DR opp sb","stop_id":"11218"},"type":"Feature"},{"geometry":{"coordinates":[-76.78482,39.36354],"type":"Point"},"properties":{"kind":"stop","name":"LIBERTY RD & BRENBROOK DR sb","stop_id":"11219"},"type":"Feature"},{"geometry":{"coordinates":[-76.7821,39.36254],"type":"Point"},"properties":{"kind":"stop","name":"LIBERTY RD & FOXCLIFF CT mb sb","stop_id":"11220"},"type":"Feature"},{"geometry":{"coordinates":[-76.77567,39.36011],"type":"Point"},"properties":{"kind":"stop","name":"LIBERTY RD & SAVOY PLAZA sb","stop_id":"11221"},"type":"Feature"},{"geometry":{"coordinates":[-76.75805,39.3541],"type":"Point"},"properties":{"kind":"stop","name":"MILFORD MILL MD & LIBERTY RD fs nb","stop_id":"11222"},"type":"Feature"},{"geometry":{"coordinates":[-76.75639,39.35766],"type":"Point"},"properties":{"kind":"stop","name":"MILFORD MILL RD & CHURCH LN opp nb","stop_id":"11223"},"type":"Feature"},{"geometry":{"coordinates":[-76.74976,39.35869],"type":"Point"},"properties":{"kind":"stop","name":"MILFORD MILL RD & WASHINGTON AVE nb","stop_id":"11226"},"type":"Feature"},{"geometry":{"coordinates":[-76.74557,39.35975],"type":"Point"},"properties":{"kind":"stop","name":"MILFORD MILL RD & SCOTTS HILL DR opp nb","stop_id":"11227"},"type":"Feature"},{"geometry":{"coordinates":[-76.73417,39.36197],"type":"Point"},"properties":{"kind":"stop","name":"MILFORD MILL RD & SUDBROOK LN nb","stop_id":"11231"},"type":"Feature"},{"geometry":{"coordinates":[-76.72628,39.36201],"type":"Point"},"properties":{"kind":"stop","name":"MILFORD MILL RD & WOODSIDE RD nb","stop_id":"11234"},"type":"Feature"},{"geometry":{"coordinates":[-76.82928,39.46491],"type":"Point"},"properties":{"kind":"stop","name":"MAIN ST & COCKEYS MILL RD sb","stop_id":"11236"},"type":"Feature"},{"geometry":{"coordinates":[-76.82833,39.46252],"type":"Point"},"properties":{"kind":"stop","name":"MAIN ST & BOND AVE opp sb","stop_id":"11237"},"type":"Feature"},{"geometry":{"coordinates":[-76.81883,39.45061],"type":"Point"},"properties":{"kind":"stop","name":"REISTERSTOWN RD & CARAWAY RD fs sb","stop_id":"11241"},"type":"Feature"},{"geometry":{"coordinates":[-76.81556,39.44805],"type":"Point"},"properties":{"kind":"stop","name":"REISTERSTOWN RD & FRANKLIN BLVD sb","stop_id":"11242"},"type":"Feature"},{"geometry":{"coordinates":[-76.81336,39.44627],"type":"Point"},"properties":{"kind":"stop","name":"REISTERSTOWN RD & CHESTNUT HILL LN sb","stop_id":"11243"},"type":"Feature"},{"geometry":{"coordinates":[-76.81044,39.44387],"type":"Point"},"properties":{"kind":"stop","name":"REISTERSTOWN RD & AUSTIN RD opp sb","stop_id":"11244"},"type":"Feature"},{"geometry":{"coordinates":[-76.80861,39.44234],"type":"Point"},"properties":{"kind":"stop","name":"REISTERSTOWN RD & CHERRY VALLEY RD sb","stop_id":"11245"},"type":"Feature"},{"geometry":{"coordinates":[-76.80281,39.4378],"type":"Point"},"properties":{"kind":"stop","name":"REISTERSTOWN RD & HIGH FALCON RD opp sb","stop_id":"11247"},"type":"Feature"},{"geometry":{"coordinates":[-76.79033,39.42762],"type":"Point"},"properties":{"kind":"stop","name":"REISTERSTOWN RD & RITTERS LN fs sb","stop_id":"11252"},"type":"Feature"},{"geometry":{"coordinates":[-76.77682,39.41693],"type":"Point"},"properties":{"kind":"stop","name":"REISTERSTOWN RD & ROSEWOOD LN opp sb","stop_id":"11256"},"type":"Feature"},{"geometry":{"coordinates":[-76.78267,39.40252],"type":"Point"},"properties":{"kind":"stop","name":"PAINTERS MILL RD & RED RUN BLVD wb","stop_id":"11258"},"type":"Feature"},{"geometry":{"coordinates":[-76.78673,39.40573],"type":"Point"},"properties":{"kind":"stop","name":"MILL RUN CIR & OWINGS MILLS MALL","stop_id":"11259"},"type":"Feature"},{"geometry":{"coordinates":[-76.77233,39.41376],"type":"Point"},"properties":{"kind":"stop","name":"REISTERSTOWN RD & ST THOMAS LN sb","stop_id":"11261"},"type":"Feature"},{"geometry":{"coordinates":[-76.77091,39.41275],"type":"Point"},"properties":{"kind":"stop","name":"REISTERSTOWN RD & GARRISON VIEW RD opp sb","stop_id":"11262"},"type":"Feature"},{"geometry":{"coordinates":[-76.7684,39.411],"type":"Point"},"properties":{"kind":"stop","name":"REISTERSTOWN RD & ST THOMAS CENTER ENTRANCE sb","stop_id":"11263"},"type":"Feature"},{"geometry":{"coordinates":[-76.76647,39.40967],"type":"Point"},"properties":{"kind":"stop","name":"REISTERSTOWN RD & GARRISON FOREST SCHOOL sb","stop_id":"11264"},"type":"Feature"},{"geometry":{"coordinates":[-76.76371,39.4078],"type":"Point"},"properties":{"kind":"stop","name":"REISTERSTOWN RD & SAM'S CLUB sb","stop_id":"11265"},"type":"Feature"},{"geometry":{"coordinates":[-76.76078,39.40584],"type":"Point"},"properties":{"kind":"stop","name":"REISTERSTOWN RD & KENMAR AVE sb","stop_id":"11266"},"type":"Feature"},{"geometry":{"coordinates":[-76.7511,39.39893],"type":"Point"},"properties":{"kind":"stop","name":"REISTERSTOWN RD & CROSSROADS DR fs sb","stop_id":"11268"},"type":"Feature"},{"geometry":{"coordinates":[-76.74814,39.39647],"type":"Point"},"properties":{"kind":"stop","name":"REISTERSTOWN RD & OLD CRADDOCK RD opp sb","stop_id":"11270"},"type":"Feature"},{"geometry":{"coordinates":[-76.74532,39.39416],"type":"Point"},"properties":{"kind":"stop","name":"REISTERSTOWN RD & AVALON WY sb","stop_id":"11271"},"type":"Feature"},{"geometry":{"coordinates":[-76.73844,39.38829],"type":"Point"},"properties":{"kind":"stop","name":"1844 REISTERSTOWN RD sb","stop_id":"11274"},"type":"Feature"},{"geometry":{"coordinates":[-76.73089,39.3818],"type":"Point"},"properties":{"kind":"stop","name":"REISTERSTOWN RD & VILLAGE RD opp sb","stop_id":"11275"},"type":"Feature"},{"geometry":{"coordinates":[-76.72847,39.37976],"type":"Point"},"properties":{"kind":"stop","name":"REISTERSTOWN RD & NAYLORS LN fs sb","stop_id":"11277"},"type":"Feature"},{"geometry":{"coordinates":[-76.72636,39.37791],"type":"Point"},"properties":{"kind":"stop","name":"REISTERSTOWN RD & OLD COURT RD fs sb","stop_id":"11278"},"type":"Feature"},{"geometry":{"coordinates":[-76.72344,39.37517],"type":"Point"},"properties":{"kind":"stop","name":"REISTERSTOWN RD & CHURCH LN opp nb","stop_id":"11281"},"type":"Feature"},{"geometry":{"coordinates":[-76.72425,39.3761],"type":"Point"},"properties":{"kind":"stop","name":"REISTERSTOWN RD & WALKER AVE nb","stop_id":"11282"},"type":"Feature"},{"geometry":{"coordinates":[-76.72832,39.37992],"type":"Point"},"properties":{"kind":"stop","name":"REISTERSTOWN RD & NAYLORS LN opp nb","stop_id":"11283"},"type":"Feature"},{"geometry":{"coordinates":[-76.73187,39.38297],"type":"Point"},"properties":{"kind":"stop","name":"REISTERSTOWN RD & I-695 nb","stop_id":"11285"},"type":"Feature"},{"geometry":{"coordinates":[-76.74813,39.3968],"type":"Point"},"properties":{"kind":"stop","name":"REISTERSTOWN RD & CRADDOCK LN nb","stop_id":"11289"},"type":"Feature"},{"geometry":{"coordinates":[-76.74591,39.39497],"type":"Point"},"properties":{"kind":"stop","name":"REISTERSTOWN RD & AVALON WAY opp nb","stop_id":"11290"},"type":"Feature"},{"geometry":{"coordinates":[-76.75094,39.39912],"type":"Point"},"properties":{"kind":"stop","name":"REISTERSTOWN RD & VILLAGE QUEEN DR nb","stop_id":"11291"},"type":"Feature"},{"geometry":{"coordinates":[-76.76709,39.41036],"type":"Point"},"properties":{"kind":"stop","name":"REISTERSTOWN RD & GARRISON FOREST SCHOOL nb","stop_id":"11294"},"type":"Feature"},{"geometry":{"coordinates":[-76.77018,39.41252],"type":"Point"},"properties":{"kind":"stop","name":"REISTERSTOWN RD & GARRISON VIEW RD nb","stop_id":"11295"},"type":"Feature"},{"geometry":{"coordinates":[-76.78224,39.40246],"type":"Point"},"properties":{"kind":"stop","name":"PAINTERS MILL RD & RED RUN BLVD fs eb","stop_id":"11298"},"type":"Feature"},{"geometry":{"coordinates":[-76.61394,39.27271],"type":"Point"},"properties":{"kind":"stop","name":"Fort Ave & Charles St","stop_id":"113"},"type":"Feature"},{"geometry":{"coordinates":[-76.78473,39.42335],"type":"Point"},"properties":{"kind":"stop","name":"REISTERSTOWN RD & STRAW HAT RD nb","stop_id":"11303"},"type":"Feature"},{"geometry":{"coordinates":[-76.78617,39.42455],"type":"Point"},"properties":{"kind":"stop","name":"REISTERSTOWN RD & PLEASANT RIDGE DR nb","stop_id":"11304"},"type":"Feature"},{"geometry":{"coordinates":[-76.79012,39.42775],"type":"Point"},"properties":{"kind":"stop","name":"REISTERSTOWN RD & ENCHANTED HILLS RD nb","stop_id":"11305"},"type":"Feature"},{"geometry":{"coordinates":[-76.79837,39.4345],"type":"Point"},"properties":{"kind":"stop","name":"REISTERSTOWN RD & RICHMAR RD nb","stop_id":"11309"},"type":"Feature"},{"geometry":{"coordinates":[-76.80241,39.43776],"type":"Point"},"properties":{"kind":"stop","name":"REISTERSTOWN RD & HIGHFALCON RD nb","stop_id":"11312"},"type":"Feature"},{"geometry":{"coordinates":[-76.80815,39.44234],"type":"Point"},"properties":{"kind":"stop","name":"REISTERSTOWN RD & HAMMERSHIRE RD nb","stop_id":"11314"},"type":"Feature"},{"geometry":{"coordinates":[-76.81281,39.4461],"type":"Point"},"properties":{"kind":"stop","name":"REISTERSTOWN RD & CHESTNUT HILL LNnb","stop_id":"11316"},"type":"Feature"},{"geometry":{"coordinates":[-76.81891,39.45099],"type":"Point"},"properties":{"kind":"stop","name":"REISTERSTOWN RD & CARAWAY RD nb","stop_id":"11318"},"type":"Feature"},{"geometry":{"coordinates":[-76.78399,39.42245],"type":"Point"},"properties":{"kind":"stop","name":"REISTERSTOWN RD & TOLLGATE RD sb","stop_id":"1132"},"type":"Feature"},{"geometry":{"coordinates":[-76.82803,39.46218],"type":"Point"},"properties":{"kind":"stop","name":"MAIN ST & BOND AVE nb","stop_id":"11320"},"type":"Feature"},{"geometry":{"coordinates":[-76.82911,39.46483],"type":"Point"},"properties":{"kind":"stop","name":"MAIN ST & COCKEYS MILL RD opp nb","stop_id":"11321"},"type":"Feature"},{"geometry":{"coordinates":[-76.82959,39.46957],"type":"Point"},"properties":{"kind":"stop","name":"HANOVER PK & WESTMINSTER PK nb","stop_id":"11323"},"type":"Feature"},{"geometry":{"coordinates":[-76.82895,39.47502],"type":"Point"},"properties":{"kind":"stop","name":"HANOVER PK & BUTLER RD nb","stop_id":"11325"},"type":"Feature"},{"geometry":{"coordinates":[-76.82916,39.47499],"type":"Point"},"properties":{"kind":"stop","name":"HANOVER PK & BUTLER RD fs sb","stop_id":"11326"},"type":"Feature"},{"geometry":{"coordinates":[-76.82968,39.4688],"type":"Point"},"properties":{"kind":"stop","name":"MAIN ST & VILLAGE CENTER RD sb","stop_id":"11327"},"type":"Feature"},{"geometry":{"coordinates":[-76.6032,39.33164],"type":"Point"},"properties":{"kind":"stop","name":"36TH ST & ELLERSLIE AVE fs eb","stop_id":"11331"},"type":"Feature"},{"geometry":{"coordinates":[-76.59964,39.33163],"type":"Point"},"properties":{"kind":"stop","name":"36TH ST & EDNOR RD eb","stop_id":"11333"},"type":"Feature"},{"geometry":{"coordinates":[-76.59826,39.33163],"type":"Point"},"properties":{"kind":"stop","name":"36TH ST & LOCH RAVEN BLVD eb","stop_id":"11334"},"type":"Feature"},{"geometry":{"coordinates":[-76.59551,39.33163],"type":"Point"},"properties":{"kind":"stop","name":"36TH ST & THE ALAMEDA","stop_id":"11335"},"type":"Feature"},{"geometry":{"coordinates":[-76.62831,39.28681],"type":"Point"},"properties":{"kind":"stop","name":"MLK BLVD & LOMBARD ST fs sb","stop_id":"11337"},"type":"Feature"},{"geometry":{"coordinates":[-76.59743,39.33174],"type":"Point"},"properties":{"kind":"stop","name":"36TH ST & LOCH RAVEN BLVD wb","stop_id":"11340"},"type":"Feature"},{"geometry":{"coordinates":[-76.59896,39.33174],"type":"Point"},"properties":{"kind":"stop","name":"36TH ST & EDNOR RD wb","stop_id":"11341"},"type":"Feature"},{"geometry":{"coordinates":[-76.60249,39.33174],"type":"Point"},"properties":{"kind":"stop","name":"36TH ST & ELKADER RD wb","stop_id":"11343"},"type":"Feature"},{"geometry":{"coordinates":[-76.7647,39.34785],"type":"Point"},"properties":{"kind":"stop","name":"ROLLING RD & WILD CHERRY RD nb","stop_id":"11350"},"type":"Feature"},{"geometry":{"coordinates":[-76.56788,39.40255],"type":"Point"},"properties":{"kind":"stop","name":"CROMWELL BRIDGE RD & LOCH RAVEN BLVDfs wb","stop_id":"11351"},"type":"Feature"},{"geometry":{"coordinates":[-76.63427,39.29239],"type":"Point"},"properties":{"kind":"stop","name":"SARATOGA ST & SCHROEDER ST eb","stop_id":"11355"},"type":"Feature"},{"geometry":{"coordinates":[-76.63048,39.29253],"type":"Point"},"properties":{"kind":"stop","name":"SARATOGA ST & FREMONT ST eb","stop_id":"11356"},"type":"Feature"},{"geometry":{"coordinates":[-76.56653,39.31245],"type":"Point"},"properties":{"kind":"stop","name":"ERDMAN AVE & SINCLAIR LA fs sb","stop_id":"11361"},"type":"Feature"},{"geometry":{"coordinates":[-76.56525,39.31353],"type":"Point"},"properties":{"kind":"stop","name":"SINCLAIR LN & COLEMAN AVE fs eb","stop_id":"11363"},"type":"Feature"},{"geometry":{"coordinates":[-76.77494,39.4156],"type":"Point"},"properties":{"kind":"stop","name":"REISTERSTOWN RD & PAINTERS MILL RD sb","stop_id":"1137"},"type":"Feature"},{"geometry":{"coordinates":[-76.56792,39.31352],"type":"Point"},"properties":{"kind":"stop","name":"SINCLAIR LA & ERDMAN AVE fs wb","stop_id":"11370"},"type":"Feature"},{"geometry":{"coordinates":[-76.67117,39.35164],"type":"Point"},"properties":{"kind":"stop","name":"BELVEDERE AVE & PEMBRIDGE AVE wb","stop_id":"11372"},"type":"Feature"},{"geometry":{"coordinates":[-76.5628,39.30957],"type":"Point"},"properties":{"kind":"stop","name":"ERDMAN AVE & FEDERAL ST nb","stop_id":"11376"},"type":"Feature"},{"geometry":{"coordinates":[-76.56696,39.31291],"type":"Point"},"properties":{"kind":"stop","name":"ERDMAN AVE & SINCLAIR LANE nb","stop_id":"11377"},"type":"Feature"},{"geometry":{"coordinates":[-76.54382,39.33155],"type":"Point"},"properties":{"kind":"stop","name":"FRANKFORD AVE & CEDELLA AVE wb","stop_id":"11379"},"type":"Feature"},{"geometry":{"coordinates":[-76.6411,39.26119],"type":"Point"},"properties":{"kind":"stop","name":"WATERVIEW AVE & NORFOLK ST wb","stop_id":"11382"},"type":"Feature"},{"geometry":{"coordinates":[-76.70023,39.34503],"type":"Point"},"properties":{"kind":"stop","name":"NORTHERN PKWY & NORTHWEST PLAZA ENTRANCE wb","stop_id":"11390"},"type":"Feature"},{"geometry":{"coordinates":[-76.70544,39.34367],"type":"Point"},"properties":{"kind":"stop","name":"NORTHERN PKWY & METRO DR wb","stop_id":"11391"},"type":"Feature"},{"geometry":{"coordinates":[-76.61413,39.27465],"type":"Point"},"properties":{"kind":"stop","name":"Charles St & Ostend St","stop_id":"114"},"type":"Feature"},{"geometry":{"coordinates":[-76.75446,39.30389],"type":"Point"},"properties":{"kind":"stop","name":"ROLLING RD & MANOR CARE sb","stop_id":"11400"},"type":"Feature"},{"geometry":{"coordinates":[-76.75436,39.30413],"type":"Point"},"properties":{"kind":"stop","name":"ROLLING RD & MANOR CARE nb","stop_id":"11401"},"type":"Feature"},{"geometry":{"coordinates":[-76.60321,39.28533],"type":"Point"},"properties":{"kind":"stop","name":"PRESIDENT ST & EASTERN AVE sb","stop_id":"11408"},"type":"Feature"},{"geometry":{"coordinates":[-76.59629,39.28437],"type":"Point"},"properties":{"kind":"stop","name":"FLEET ST & CAROLINE ST eb","stop_id":"11409"},"type":"Feature"},{"geometry":{"coordinates":[-76.60052,39.28417],"type":"Point"},"properties":{"kind":"stop","name":"FLEET ST & EXETER ST eb","stop_id":"11411"},"type":"Feature"},{"geometry":{"coordinates":[-76.58611,39.28403],"type":"Point"},"properties":{"kind":"stop","name":"BOSTON ST & ALICEANNA ST eb","stop_id":"11414"},"type":"Feature"},{"geometry":{"coordinates":[-76.5875,39.28492],"type":"Point"},"properties":{"kind":"stop","name":"FLEET ST & CHESTER ST fs wb","stop_id":"11415"},"type":"Feature"},{"geometry":{"coordinates":[-76.58977,39.28464],"type":"Point"},"properties":{"kind":"stop","name":"FLEET ST & WOLFE ST eb","stop_id":"11418"},"type":"Feature"},{"geometry":{"coordinates":[-76.60298,39.28568],"type":"Point"},"properties":{"kind":"stop","name":"President St & Fawn St","stop_id":"11420"},"type":"Feature"},{"geometry":{"coordinates":[-76.56327,39.39566],"type":"Point"},"properties":{"kind":"stop","name":"LOCH RAVEN BLVD & YAKONA RD fs sb","stop_id":"11425"},"type":"Feature"},{"geometry":{"coordinates":[-76.60836,39.40983],"type":"Point"},"properties":{"kind":"stop","name":"FAIRMOUNT AVE & YORK RD fs sb","stop_id":"11426"},"type":"Feature"},{"geometry":{"coordinates":[-76.60996,39.36713],"type":"Point"},"properties":{"kind":"stop","name":"YORK RD & LAKE AVE sb","stop_id":"11427"},"type":"Feature"},{"geometry":{"coordinates":[-76.67742,39.20713],"type":"Point"},"properties":{"kind":"stop","name":"AERO DR & INTERNATIONAL DR","stop_id":"11428"},"type":"Feature"},{"geometry":{"coordinates":[-76.79395,39.40645],"type":"Point"},"properties":{"kind":"stop","name":"OWINGS MILLS TOWN CENTER wb","stop_id":"1143"},"type":"Feature"},{"geometry":{"coordinates":[-76.68515,39.20198],"type":"Point"},"properties":{"kind":"stop","name":"ELKRIDGE LANDING RD 921 sb","stop_id":"11435"},"type":"Feature"},{"geometry":{"coordinates":[-76.68986,39.19961],"type":"Point"},"properties":{"kind":"stop","name":"ELKRIDGE LANDING 880 sb","stop_id":"11437"},"type":"Feature"},{"geometry":{"coordinates":[-76.65136,39.47624],"type":"Point"},"properties":{"kind":"stop","name":"BEAVER DAM RD & BEAVER CT nb","stop_id":"11446"},"type":"Feature"},{"geometry":{"coordinates":[-76.5149,39.25849],"type":"Point"},"properties":{"kind":"stop","name":"DUNMANWAY & YORKWAY eb","stop_id":"11453"},"type":"Feature"},{"geometry":{"coordinates":[-76.51723,39.26785],"type":"Point"},"properties":{"kind":"stop","name":"DELVALE RD & DUNDALK HIGH SCHOOL nb","stop_id":"11455"},"type":"Feature"},{"geometry":{"coordinates":[-76.51764,39.27],"type":"Point"},"properties":{"kind":"stop","name":"DELVALE RD & DUNSHIRE WY opp nb","stop_id":"11456"},"type":"Feature"},{"geometry":{"coordinates":[-76.50885,39.27157],"type":"Point"},"properties":{"kind":"stop","name":"HOLABIRD AVE & HOLAVIEW RD fs wb","stop_id":"11458"},"type":"Feature"},{"geometry":{"coordinates":[-76.51181,39.27215],"type":"Point"},"properties":{"kind":"stop","name":"HOLABIRD AVE & RANDOLPH wb","stop_id":"11459"},"type":"Feature"},{"geometry":{"coordinates":[-76.47096,39.25926],"type":"Point"},"properties":{"kind":"stop","name":"WISE AVE & WATERVALE RD wb","stop_id":"11461"},"type":"Feature"},{"geometry":{"coordinates":[-76.51759,39.26929],"type":"Point"},"properties":{"kind":"stop","name":"DELVALE AVE & DUNDALK HIGH opp sb","stop_id":"11463"},"type":"Feature"},{"geometry":{"coordinates":[-76.5191,39.25737],"type":"Point"},"properties":{"kind":"stop","name":"DUNMANWAY & DUNRAN RD wb","stop_id":"11465"},"type":"Feature"},{"geometry":{"coordinates":[-76.66175,39.25874],"type":"Point"},"properties":{"kind":"stop","name":"WASHINGTON BLVD & DIGNAN RD eb","stop_id":"11467"},"type":"Feature"},{"geometry":{"coordinates":[-76.61205,39.2964],"type":"Point"},"properties":{"kind":"stop","name":"CENTRE ST & GUILFORD AVE eb","stop_id":"11472"},"type":"Feature"},{"geometry":{"coordinates":[-76.77464,39.41428],"type":"Point"},"properties":{"kind":"stop","name":"PAINTERS MILL RD & REISTERSTOWN RD eb","stop_id":"1149"},"type":"Feature"},{"geometry":{"coordinates":[-76.61731,39.30454],"type":"Point"},"properties":{"kind":"stop","name":"PRESTON ST & MARYLAND AVE wb","stop_id":"11511"},"type":"Feature"},{"geometry":{"coordinates":[-76.61425,39.27668],"type":"Point"},"properties":{"kind":"stop","name":"Charles St & Cross St","stop_id":"116"},"type":"Feature"},{"geometry":{"coordinates":[-76.6485,39.36818],"type":"Point"},"properties":{"kind":"stop","name":"FALLS RD & SMITH AVE sb","stop_id":"11625"},"type":"Feature"},{"geometry":{"coordinates":[-76.66002,39.37225],"type":"Point"},"properties":{"kind":"stop","name":"SMITH AVE & KENWAY RD nb","stop_id":"11627"},"type":"Feature"},{"geometry":{"coordinates":[-76.66272,39.3764],"type":"Point"},"properties":{"kind":"stop","name":"SMITH AVE & BONNIE RIDGE DR fs wb","stop_id":"11629"},"type":"Feature"},{"geometry":{"coordinates":[-76.6775,39.37532],"type":"Point"},"properties":{"kind":"stop","name":"SMITH AVE & OLD PIMLICO RD wb","stop_id":"11632"},"type":"Feature"},{"geometry":{"coordinates":[-76.67692,39.3668],"type":"Point"},"properties":{"kind":"stop","name":"GREENSPRING & STEELE RD nb","stop_id":"11651"},"type":"Feature"},{"geometry":{"coordinates":[-76.68314,39.37219],"type":"Point"},"properties":{"kind":"stop","name":"WILLOW GLEN DR & GLENWICK wb","stop_id":"11653"},"type":"Feature"},{"geometry":{"coordinates":[-76.68725,39.37033],"type":"Point"},"properties":{"kind":"stop","name":"FALLSTAFF RD & DORAL DR wb","stop_id":"11654"},"type":"Feature"},{"geometry":{"coordinates":[-76.69021,39.36989],"type":"Point"},"properties":{"kind":"stop","name":"FALLSTAFF RD & APOLLO DR wb","stop_id":"11655"},"type":"Feature"},{"geometry":{"coordinates":[-76.69234,39.37291],"type":"Point"},"properties":{"kind":"stop","name":"SANZO RD & MARNAT RD nb","stop_id":"11656"},"type":"Feature"},{"geometry":{"coordinates":[-76.68482,39.37542],"type":"Point"},"properties":{"kind":"stop","name":"SMITH AVE & COPPERSMITH RD eb","stop_id":"11660"},"type":"Feature"},{"geometry":{"coordinates":[-76.67552,39.37539],"type":"Point"},"properties":{"kind":"stop","name":"SMITH AVE & BAYTHORNE RD eb","stop_id":"11661"},"type":"Feature"},{"geometry":{"coordinates":[-76.6714,39.37581],"type":"Point"},"properties":{"kind":"stop","name":"SMITH AVE & EDENVALE RD eb","stop_id":"11662"},"type":"Feature"},{"geometry":{"coordinates":[-76.66265,39.37626],"type":"Point"},"properties":{"kind":"stop","name":"SMITH AVE & PENNY LN eb","stop_id":"11663"},"type":"Feature"},{"geometry":{"coordinates":[-76.65969,39.37166],"type":"Point"},"properties":{"kind":"stop","name":"SMITH AVE & KENWAY AVE sb","stop_id":"11664"},"type":"Feature"},{"geometry":{"coordinates":[-76.64836,39.36847],"type":"Point"},"properties":{"kind":"stop","name":"FALLS RD & BELLEMORE RD nb","stop_id":"11666"},"type":"Feature"},{"geometry":{"coordinates":[-76.64952,39.37145],"type":"Point"},"properties":{"kind":"stop","name":"FALLS RD & APPLEBY AVE nb","stop_id":"11667"},"type":"Feature"},{"geometry":{"coordinates":[-76.65734,39.3837],"type":"Point"},"properties":{"kind":"stop","name":"FALLS RD & BARE HILLS AVE nb","stop_id":"11668"},"type":"Feature"},{"geometry":{"coordinates":[-76.65805,39.38424],"type":"Point"},"properties":{"kind":"stop","name":"FALLS RD & SHOEMAKER RD sb","stop_id":"11685"},"type":"Feature"},{"geometry":{"coordinates":[-76.64983,39.37187],"type":"Point"},"properties":{"kind":"stop","name":"FALLS RD & APPLEBY AVE sb","stop_id":"11686"},"type":"Feature"},{"geometry":{"coordinates":[-76.61439,39.27885],"type":"Point"},"properties":{"kind":"stop","name":"Charles St & Henrietta St","stop_id":"117"},"type":"Feature"},{"geometry":{"coordinates":[-76.72503,39.37673],"type":"Point"},"properties":{"kind":"stop","name":"REISTERSTOWN RD & MCHENRY AVE sb","stop_id":"1172"},"type":"Feature"},{"geometry":{"coordinates":[-76.72381,39.37535],"type":"Point"},"properties":{"kind":"stop","name":"REISTERSTOWN RD & CHURCH LN sb","stop_id":"1173"},"type":"Feature"},{"geometry":{"coordinates":[-76.72317,39.37463],"type":"Point"},"properties":{"kind":"stop","name":"REISTERSTOWN RD & SUDBROOK LN sb","stop_id":"1174"},"type":"Feature"},{"geometry":{"coordinates":[-76.72053,39.37172],"type":"Point"},"properties":{"kind":"stop","name":"REISTERSTOWN RD & CLAREDON AVE sb","stop_id":"1176"},"type":"Feature"},{"geometry":{"coordinates":[-76.88946,39.2215],"type":"Point"},"properties":{"kind":"stop","name":"HARPERS FARM RD & CEDAR LA eb","stop_id":"11772"},"type":"Feature"},{"geometry":{"coordinates":[-76.86355,39.21297],"type":"Point"},"properties":{"kind":"stop","name":"COLUMBIA MALL & SOUTH RING RD eb","stop_id":"11779"},"type":"Feature"},{"geometry":{"coordinates":[-76.71832,39.36938],"type":"Point"},"properties":{"kind":"stop","name":"REISTERSTOWN RD & IRVING PL sb","stop_id":"1178"},"type":"Feature"},{"geometry":{"coordinates":[-76.85685,39.22391],"type":"Point"},"properties":{"kind":"stop","name":"LITTLE PATUXENT PKWY & VANTAGE POINT RD nb","stop_id":"11781"},"type":"Feature"},{"geometry":{"coordinates":[-76.87952,39.21948],"type":"Point"},"properties":{"kind":"stop","name":"TWIN RIVERS RD & HARPERS FARM RD fs eb","stop_id":"11805"},"type":"Feature"},{"geometry":{"coordinates":[-76.87031,39.21916],"type":"Point"},"properties":{"kind":"stop","name":"TWIN RIVERS RD & TRUMPETER RD eb","stop_id":"11807"},"type":"Feature"},{"geometry":{"coordinates":[-76.61755,39.30332],"type":"Point"},"properties":{"kind":"stop","name":"BIDDLE ST & MARYLAND AVE eb","stop_id":"11837"},"type":"Feature"},{"geometry":{"coordinates":[-76.86322,39.21299],"type":"Point"},"properties":{"kind":"stop","name":"COLUMBIA MALL & RING RD wb","stop_id":"11844"},"type":"Feature"},{"geometry":{"coordinates":[-76.85683,39.22464],"type":"Point"},"properties":{"kind":"stop","name":"LITTLE PATUXENT PKWY & VANTAGE POINT RD opp wb","stop_id":"11870"},"type":"Feature"},{"geometry":{"coordinates":[-76.85897,39.21922],"type":"Point"},"properties":{"kind":"stop","name":"LITTLE PATUXENT PKWY & GOVERNOR WARFIELD PKWY sb","stop_id":"11871"},"type":"Feature"},{"geometry":{"coordinates":[-76.71962,39.24621],"type":"Point"},"properties":{"kind":"stop","name":"SOUTHWEST PARK & RIDE LOT","stop_id":"11885"},"type":"Feature"},{"geometry":{"coordinates":[-76.72004,39.36445],"type":"Point"},"properties":{"kind":"stop","name":"MILFORD MILL RD & DEERFIELD RD fs","stop_id":"1189"},"type":"Feature"},{"geometry":{"coordinates":[-76.61464,39.28192],"type":"Point"},"properties":{"kind":"stop","name":"Charles St & Lee St","stop_id":"119"},"type":"Feature"},{"geometry":{"coordinates":[-76.71783,39.36847],"type":"Point"},"properties":{"kind":"stop","name":"MILFORD MILL RD & REISTERSTOWN RD eb","stop_id":"1190"},"type":"Feature"},{"geometry":{"coordinates":[-76.71275,39.36381],"type":"Point"},"properties":{"kind":"stop","name":"REISTERSTOWN RD & COLONIAL RD sb","stop_id":"1192"},"type":"Feature"},{"geometry":{"coordinates":[-76.71144,39.3629],"type":"Point"},"properties":{"kind":"stop","name":"REISTERSTOWN RD & GLENGYLE AVE opp sb","stop_id":"1193"},"type":"Feature"},{"geometry":{"coordinates":[-76.7079,39.36025],"type":"Point"},"properties":{"kind":"stop","name":"REISTERSTOWN RD & LABYRINTH RD opp sb","stop_id":"1196"},"type":"Feature"},{"geometry":{"coordinates":[-76.70369,39.31858],"type":"Point"},"properties":{"kind":"stop","name":"FOREST PARK AVE & PURNELL DR eb","stop_id":"11996"},"type":"Feature"},{"geometry":{"coordinates":[-76.70645,39.31247],"type":"Point"},"properties":{"kind":"stop","name":"FOREST PARK AVE & HILLHOUSE RD nb","stop_id":"11997"},"type":"Feature"},{"geometry":{"coordinates":[-76.70245,39.31919],"type":"Point"},"properties":{"kind":"stop","name":"FOREST PARK AVE & GATEHOUSE DR eb","stop_id":"11998"},"type":"Feature"},{"geometry":{"coordinates":[-76.69102,39.3195],"type":"Point"},"properties":{"kind":"stop","name":"LAWINA RD & WAKEFIELD RD fs sb","stop_id":"11999"},"type":"Feature"},{"geometry":{"coordinates":[-76.65964,39.34615],"type":"Point"},"properties":{"kind":"stop","name":"Greenspring Ave & Woodland Ave","stop_id":"12"},"type":"Feature"},{"geometry":{"coordinates":[-76.61459,39.28401],"type":"Point"},"properties":{"kind":"stop","name":"Charles St & Conway St","stop_id":"120"},"type":"Feature"},{"geometry":{"coordinates":[-76.69019,39.31837],"type":"Point"},"properties":{"kind":"stop","name":"WESTCHESTER RD & LAWINA RD fs wb","stop_id":"12001"},"type":"Feature"},{"geometry":{"coordinates":[-76.70165,39.3556],"type":"Point"},"properties":{"kind":"stop","name":"REISTERSTOWN RD & FORDS LA sb","stop_id":"1201"},"type":"Feature"},{"geometry":{"coordinates":[-76.68663,39.31423],"type":"Point"},"properties":{"kind":"stop","name":"CLIFTON AVE & MONDAWMIN AVE eb","stop_id":"12027"},"type":"Feature"},{"geometry":{"coordinates":[-76.68348,39.31174],"type":"Point"},"properties":{"kind":"stop","name":"CLIFTON AVE & HOLLY AVE wb","stop_id":"12028"},"type":"Feature"},{"geometry":{"coordinates":[-76.70228,39.31942],"type":"Point"},"properties":{"kind":"stop","name":"FOREST PARK AVE & GATEHOUSE DR wb","stop_id":"12030"},"type":"Feature"},{"geometry":{"coordinates":[-76.70654,39.31265],"type":"Point"},"properties":{"kind":"stop","name":"FOREST PARK AVE & HILLHOUSE RD wb","stop_id":"12032"},"type":"Feature"},{"geometry":{"coordinates":[-76.70288,39.30964],"type":"Point"},"properties":{"kind":"stop","name":"WINDSOR MILL RD & CRIMEA RD fs eb","stop_id":"12033"},"type":"Feature"},{"geometry":{"coordinates":[-76.70623,39.30984],"type":"Point"},"properties":{"kind":"stop","name":"WINDSOR MILL RD & CRIMEA RD fs mb wb","stop_id":"12034"},"type":"Feature"},{"geometry":{"coordinates":[-76.6978,39.35292],"type":"Point"},"properties":{"kind":"stop","name":"REISTERSTOWN RD & PINKNEY RD sb","stop_id":"1204"},"type":"Feature"},{"geometry":{"coordinates":[-76.68068,39.20335],"type":"Point"},"properties":{"kind":"stop","name":"WINTERSON RD & NURSERY RD wb","stop_id":"12040"},"type":"Feature"},{"geometry":{"coordinates":[-76.67692,39.20693],"type":"Point"},"properties":{"kind":"stop","name":"INTERNATIONAL DR & AERO DR wb","stop_id":"12041"},"type":"Feature"},{"geometry":{"coordinates":[-76.67752,39.20341],"type":"Point"},"properties":{"kind":"stop","name":"1160 WINTERSON RD opp nb","stop_id":"12042"},"type":"Feature"},{"geometry":{"coordinates":[-76.69554,39.3513],"type":"Point"},"properties":{"kind":"stop","name":"REISTERSTOWN RD & GLEN AVE opp sb","stop_id":"1206"},"type":"Feature"},{"geometry":{"coordinates":[-76.62335,39.28034],"type":"Point"},"properties":{"kind":"stop","name":"RUSSELL ST & HAMBURG ST fs nb","stop_id":"12064"},"type":"Feature"},{"geometry":{"coordinates":[-76.61204,39.38555],"type":"Point"},"properties":{"kind":"stop","name":"OSLER DR & AUBURN DR opp nb","stop_id":"12068"},"type":"Feature"},{"geometry":{"coordinates":[-76.61316,39.38793],"type":"Point"},"properties":{"kind":"stop","name":"OSLER DR & SISTER PIERRE DR nb","stop_id":"12069"},"type":"Feature"},{"geometry":{"coordinates":[-76.61138,39.39636],"type":"Point"},"properties":{"kind":"stop","name":"TOWSONTOWN BLVD & UNIVERSITY AVE wb","stop_id":"12073"},"type":"Feature"},{"geometry":{"coordinates":[-76.56557,39.32109],"type":"Point"},"properties":{"kind":"stop","name":"BREHMS LN & PELHAM AVE fs wb","stop_id":"12082"},"type":"Feature"},{"geometry":{"coordinates":[-76.56963,39.32059],"type":"Point"},"properties":{"kind":"stop","name":"BREHMS LN & MAYFIELD AVE wb","stop_id":"12083"},"type":"Feature"},{"geometry":{"coordinates":[-76.57134,39.3198],"type":"Point"},"properties":{"kind":"stop","name":"ERDMAN AVE & EDISON HWY sb","stop_id":"12085"},"type":"Feature"},{"geometry":{"coordinates":[-76.4779,39.34891],"type":"Point"},"properties":{"kind":"stop","name":"9101 HOSPITAL DR opp eb","stop_id":"12086"},"type":"Feature"},{"geometry":{"coordinates":[-76.44932,39.34303],"type":"Point"},"properties":{"kind":"stop","name":"MIDDLE RIVER RD & COMPASS RD nb","stop_id":"12088"},"type":"Feature"},{"geometry":{"coordinates":[-76.69148,39.34842],"type":"Point"},"properties":{"kind":"stop","name":"REISTERSTOWN RD & NORTHERN PKWY fs sb","stop_id":"1209"},"type":"Feature"},{"geometry":{"coordinates":[-76.45539,39.34108],"type":"Point"},"properties":{"kind":"stop","name":"COMPASS RD & HONEYCOMB RD wb","stop_id":"12093"},"type":"Feature"},{"geometry":{"coordinates":[-76.53601,39.31193],"type":"Point"},"properties":{"kind":"stop","name":"MORAVIA PARK DR & SUPPLY AVE nb","stop_id":"12098"},"type":"Feature"},{"geometry":{"coordinates":[-76.53911,39.31527],"type":"Point"},"properties":{"kind":"stop","name":"FRANKFORD AVE & MORAVIA PARK DR fs nb","stop_id":"12099"},"type":"Feature"},{"geometry":{"coordinates":[-76.6148,39.28634],"type":"Point"},"properties":{"kind":"stop","name":"Charles St & Pratt St","stop_id":"121"},"type":"Feature"},{"geometry":{"coordinates":[-76.72828,39.32299],"type":"Point"},"properties":{"kind":"stop","name":"WOODLAWN DR & WINDSOR MILL RD wb","stop_id":"12104"},"type":"Feature"},{"geometry":{"coordinates":[-76.70777,39.32918],"type":"Point"},"properties":{"kind":"stop","name":"ROGERS AVE & BOSWORTH AVE nb","stop_id":"12105"},"type":"Feature"},{"geometry":{"coordinates":[-76.70051,39.33758],"type":"Point"},"properties":{"kind":"stop","name":"ROGERS AVE & BELLE AVE nb","stop_id":"12106"},"type":"Feature"},{"geometry":{"coordinates":[-76.69843,39.3393],"type":"Point"},"properties":{"kind":"stop","name":"ROGERS AVE & MERCERON AVE nb","stop_id":"12107"},"type":"Feature"},{"geometry":{"coordinates":[-76.68836,39.34627],"type":"Point"},"properties":{"kind":"stop","name":"REISTERSTOWN RD & NEWBERN AVE sb","stop_id":"1211"},"type":"Feature"},{"geometry":{"coordinates":[-76.57886,39.35624],"type":"Point"},"properties":{"kind":"stop","name":"BELVEDERE AVE & WILLOWTON RD eb","stop_id":"12110"},"type":"Feature"},{"geometry":{"coordinates":[-76.57609,39.35498],"type":"Point"},"properties":{"kind":"stop","name":"BELVEDERE AVE & PERRING PKWY eb","stop_id":"12111"},"type":"Feature"},{"geometry":{"coordinates":[-76.72482,39.32347],"type":"Point"},"properties":{"kind":"stop","name":"WOODLAWN DR & GWYNN OAK AVE eb","stop_id":"12114"},"type":"Feature"},{"geometry":{"coordinates":[-76.72469,39.32362],"type":"Point"},"properties":{"kind":"stop","name":"GWYNN OAK AVE & WOODLAWN DR wb","stop_id":"12117"},"type":"Feature"},{"geometry":{"coordinates":[-76.74582,39.35992],"type":"Point"},"properties":{"kind":"stop","name":"MILFORD MILL RD & SCOTTS LEVEL RD wb","stop_id":"12118"},"type":"Feature"},{"geometry":{"coordinates":[-76.68613,39.34472],"type":"Point"},"properties":{"kind":"stop","name":"REISTERSTOWN RD & HAYWARD AVE fs sb","stop_id":"1212"},"type":"Feature"},{"geometry":{"coordinates":[-76.74936,39.39754],"type":"Point"},"properties":{"kind":"stop","name":"REISTERSTOWN RD & MCDONOUGH RD","stop_id":"12121"},"type":"Feature"},{"geometry":{"coordinates":[-76.62938,39.15742],"type":"Point"},"properties":{"kind":"stop","name":"CRAIN HWY & WILSON BLVD sb","stop_id":"12123"},"type":"Feature"},{"geometry":{"coordinates":[-76.68328,39.34272],"type":"Point"},"properties":{"kind":"stop","name":"REISTERSTOWN RD & BELVEDERE AVE fs sb","stop_id":"1214"},"type":"Feature"},{"geometry":{"coordinates":[-76.45649,39.33703],"type":"Point"},"properties":{"kind":"stop","name":"COMPASS RD & MARTIN BLVD wb","stop_id":"12148"},"type":"Feature"},{"geometry":{"coordinates":[-76.39938,39.33772],"type":"Point"},"properties":{"kind":"stop","name":"CARROLL ISLAND RD & CARROLL ISLAND SHOPPING CTR fs sb","stop_id":"12149"},"type":"Feature"},{"geometry":{"coordinates":[-76.68188,39.34187],"type":"Point"},"properties":{"kind":"stop","name":"REISTERSTOWN RD & GARRISON AVE fs sb","stop_id":"1215"},"type":"Feature"},{"geometry":{"coordinates":[-76.4417,39.33352],"type":"Point"},"properties":{"kind":"stop","name":"MARTIN BLVD & RIVERTON RD fs nb","stop_id":"12150"},"type":"Feature"},{"geometry":{"coordinates":[-76.44701,39.33674],"type":"Point"},"properties":{"kind":"stop","name":"MIDDLE RIVER RD & MIDEGO DR nb","stop_id":"12152"},"type":"Feature"},{"geometry":{"coordinates":[-76.44955,39.34306],"type":"Point"},"properties":{"kind":"stop","name":"MIDDLE RIVER RD & COMPASS RD fs sb","stop_id":"12154"},"type":"Feature"},{"geometry":{"coordinates":[-76.44702,39.33654],"type":"Point"},"properties":{"kind":"stop","name":"MIDDLE RIVER RD & WINDLASS DR sb","stop_id":"12155"},"type":"Feature"},{"geometry":{"coordinates":[-76.44134,39.33321],"type":"Point"},"properties":{"kind":"stop","name":"MARTIN BLVD & RIVERTON RD sb","stop_id":"12157"},"type":"Feature"},{"geometry":{"coordinates":[-76.6933,39.37538],"type":"Point"},"properties":{"kind":"stop","name":"SANZO RD & SMITH AVE fs sb","stop_id":"12158"},"type":"Feature"},{"geometry":{"coordinates":[-76.67707,39.34187],"type":"Point"},"properties":{"kind":"stop","name":"REISTERSTOWN RD & LEWIN AVE sb","stop_id":"1216"},"type":"Feature"},{"geometry":{"coordinates":[-76.53659,39.28792],"type":"Point"},"properties":{"kind":"stop","name":"Eastern Ave & Kane St","stop_id":"12160"},"type":"Feature"},{"geometry":{"coordinates":[-76.62849,39.39014],"type":"Point"},"properties":{"kind":"stop","name":"CHARLES ST & CHARLES WY sb","stop_id":"12164"},"type":"Feature"},{"geometry":{"coordinates":[-76.7139,39.30606],"type":"Point"},"properties":{"kind":"stop","name":"SECURITY BLVD & MT VERNON DR fs eb","stop_id":"12165"},"type":"Feature"},{"geometry":{"coordinates":[-76.65812,39.30928],"type":"Point"},"properties":{"kind":"stop","name":"NORTH AVE & THOMAS AVE eb","stop_id":"12169"},"type":"Feature"},{"geometry":{"coordinates":[-76.67514,39.34134],"type":"Point"},"properties":{"kind":"stop","name":"REISTERSTOWN RD & LUCILLE mid sb","stop_id":"1217"},"type":"Feature"},{"geometry":{"coordinates":[-76.55123,39.29055],"type":"Point"},"properties":{"kind":"stop","name":"ALPHA COMMONS DR & ALPHA CENTER","stop_id":"12175"},"type":"Feature"},{"geometry":{"coordinates":[-76.59111,39.29845],"type":"Point"},"properties":{"kind":"stop","name":"MONUMENT ST & WOLFE ST eb","stop_id":"12177"},"type":"Feature"},{"geometry":{"coordinates":[-76.65573,39.33295],"type":"Point"},"properties":{"kind":"stop","name":"GREENSPRING AVE & FOXWELL APARTMENTS sb","stop_id":"12179"},"type":"Feature"},{"geometry":{"coordinates":[-76.67279,39.34064],"type":"Point"},"properties":{"kind":"stop","name":"REISTERSTOWN RD & VIRGINIA AVE sb","stop_id":"1218"},"type":"Feature"},{"geometry":{"coordinates":[-76.63919,39.30122],"type":"Point"},"properties":{"kind":"stop","name":"Riggs Ave & Carey St","stop_id":"12180"},"type":"Feature"},{"geometry":{"coordinates":[-76.48727,39.34435],"type":"Point"},"properties":{"kind":"stop","name":"ROSSVILLE BLVD & SQUARE RIDGE RD nb","stop_id":"12185"},"type":"Feature"},{"geometry":{"coordinates":[-76.50236,39.28605],"type":"Point"},"properties":{"kind":"stop","name":"NORTH POINT RD & WILLOW RD sb","stop_id":"12194"},"type":"Feature"},{"geometry":{"coordinates":[-76.49624,39.28291],"type":"Point"},"properties":{"kind":"stop","name":"NORTH POINT RD & WILLOW sb fs","stop_id":"12195"},"type":"Feature"},{"geometry":{"coordinates":[-76.49197,39.28089],"type":"Point"},"properties":{"kind":"stop","name":"NORTH POINT RD & PARKWOOD RD sb","stop_id":"12196"},"type":"Feature"},{"geometry":{"coordinates":[-76.46937,39.26844],"type":"Point"},"properties":{"kind":"stop","name":"NORTH POINT & ST GREGORY DR sb","stop_id":"12198"},"type":"Feature"},{"geometry":{"coordinates":[-76.46289,39.25685],"type":"Point"},"properties":{"kind":"stop","name":"WISE AVE & NORTH POINT RD fs wb","stop_id":"12199"},"type":"Feature"},{"geometry":{"coordinates":[-76.61488,39.28755],"type":"Point"},"properties":{"kind":"stop","name":"Charles St & Lombard St","stop_id":"122"},"type":"Feature"},{"geometry":{"coordinates":[-76.51704,39.27282],"type":"Point"},"properties":{"kind":"stop","name":"HOLABIRD AVE & DELVALE AVE wb","stop_id":"12200"},"type":"Feature"},{"geometry":{"coordinates":[-76.51305,39.26144],"type":"Point"},"properties":{"kind":"stop","name":"SOLLERS POINT RD & ROBINWOOD RD","stop_id":"12201"},"type":"Feature"},{"geometry":{"coordinates":[-76.46701,39.26584],"type":"Point"},"properties":{"kind":"stop","name":"NORTH POINT BLVD & NEW BATTLE GROVE RD nb","stop_id":"12203"},"type":"Feature"},{"geometry":{"coordinates":[-76.47323,39.35363],"type":"Point"},"properties":{"kind":"stop","name":"9200 FRANKLIN SQUARE DR eb","stop_id":"12204"},"type":"Feature"},{"geometry":{"coordinates":[-76.60713,39.30113],"type":"Point"},"properties":{"kind":"stop","name":"GREENMOUNT AVE & EAGER ST nb","stop_id":"12207"},"type":"Feature"},{"geometry":{"coordinates":[-76.60355,39.40799],"type":"Point"},"properties":{"kind":"stop","name":"FAIRMOUNT AVE & BOSLEY AVE nb","stop_id":"12208"},"type":"Feature"},{"geometry":{"coordinates":[-76.6285,39.46836],"type":"Point"},"properties":{"kind":"stop","name":"CRANBROOK RD & WICKERSHAM WAY","stop_id":"12209"},"type":"Feature"},{"geometry":{"coordinates":[-76.66805,39.33893],"type":"Point"},"properties":{"kind":"stop","name":"REISTERSTOWN RD & COLD SPRING LN sb","stop_id":"1221"},"type":"Feature"},{"geometry":{"coordinates":[-76.65638,39.486],"type":"Point"},"properties":{"kind":"stop","name":"11019 MCORMICK RD sb","stop_id":"12210"},"type":"Feature"},{"geometry":{"coordinates":[-76.65714,39.4828],"type":"Point"},"properties":{"kind":"stop","name":"11100 MCCORMICK sb","stop_id":"12211"},"type":"Feature"},{"geometry":{"coordinates":[-76.75687,39.27065],"type":"Point"},"properties":{"kind":"stop","name":"ROLLING RD & ROLLINGWOOD RD sb","stop_id":"12212"},"type":"Feature"},{"geometry":{"coordinates":[-76.75486,39.26805],"type":"Point"},"properties":{"kind":"stop","name":"FREDERICK RD & FIVE OAKS POOL eb","stop_id":"12213"},"type":"Feature"},{"geometry":{"coordinates":[-76.69576,39.27799],"type":"Point"},"properties":{"kind":"stop","name":"412 COLLEEN RD","stop_id":"12215"},"type":"Feature"},{"geometry":{"coordinates":[-76.69432,39.2754],"type":"Point"},"properties":{"kind":"stop","name":"BEECHFIELD AVE & THORNFIELD AVE sb","stop_id":"12217"},"type":"Feature"},{"geometry":{"coordinates":[-76.68542,39.27978],"type":"Point"},"properties":{"kind":"stop","name":"YALE AVE & WALRAD ST nb","stop_id":"12218"},"type":"Feature"},{"geometry":{"coordinates":[-76.58446,39.28589],"type":"Point"},"properties":{"kind":"stop","name":"Eastern Ave & Patterson Park Ave","stop_id":"12220"},"type":"Feature"},{"geometry":{"coordinates":[-76.57598,39.2862],"type":"Point"},"properties":{"kind":"stop","name":"Eastern Ave & Linwood Ave","stop_id":"12221"},"type":"Feature"},{"geometry":{"coordinates":[-76.57166,39.28638],"type":"Point"},"properties":{"kind":"stop","name":"Eastern Ave & East Ave","stop_id":"12222"},"type":"Feature"},{"geometry":{"coordinates":[-76.54047,39.28532],"type":"Point"},"properties":{"kind":"stop","name":"DUNDALK AVE & GUSRYAN ST sb","stop_id":"12223"},"type":"Feature"},{"geometry":{"coordinates":[-76.5321,39.27433],"type":"Point"},"properties":{"kind":"stop","name":"Dundalk Ave & Hartwait St","stop_id":"12224"},"type":"Feature"},{"geometry":{"coordinates":[-76.52843,39.26671],"type":"Point"},"properties":{"kind":"stop","name":"DUNDALK AVE & CAMERON DR sb","stop_id":"12225"},"type":"Feature"},{"geometry":{"coordinates":[-76.6667,39.33729],"type":"Point"},"properties":{"kind":"stop","name":"REISTERSTOWN RD & GRANTLY AVE fs sb","stop_id":"1223"},"type":"Feature"},{"geometry":{"coordinates":[-76.45215,39.31488],"type":"Point"},"properties":{"kind":"stop","name":"OLD EASTERN AVE & STEMMERS RUN BLVD fs wb","stop_id":"12233"},"type":"Feature"},{"geometry":{"coordinates":[-76.53386,39.27905],"type":"Point"},"properties":{"kind":"stop","name":"DUNDALK & BOSTON ST nb","stop_id":"12236"},"type":"Feature"},{"geometry":{"coordinates":[-76.58732,39.28592],"type":"Point"},"properties":{"kind":"stop","name":"Eastern Ave & Chester St","stop_id":"12237"},"type":"Feature"},{"geometry":{"coordinates":[-76.70447,39.28095],"type":"Point"},"properties":{"kind":"stop","name":"FREDERICK RD & BOSWELL RD wb","stop_id":"12241"},"type":"Feature"},{"geometry":{"coordinates":[-76.75512,39.26818],"type":"Point"},"properties":{"kind":"stop","name":"FREDERICK RD & FIVE OAKS POOL wb","stop_id":"12242"},"type":"Feature"},{"geometry":{"coordinates":[-76.67279,39.32167],"type":"Point"},"properties":{"kind":"stop","name":"HILTON ST & FAIRVIEW AVE","stop_id":"12248"},"type":"Feature"},{"geometry":{"coordinates":[-76.66507,39.3351],"type":"Point"},"properties":{"kind":"stop","name":"REISTERSTOWN RD & OSWEGO AVE opp sb","stop_id":"1225"},"type":"Feature"},{"geometry":{"coordinates":[-76.61383,39.18699],"type":"Point"},"properties":{"kind":"stop","name":"1400CRAIN HWY sb","stop_id":"12251"},"type":"Feature"},{"geometry":{"coordinates":[-76.61519,39.18164],"type":"Point"},"properties":{"kind":"stop","name":"1120 CRAIN HWY sb","stop_id":"12252"},"type":"Feature"},{"geometry":{"coordinates":[-76.62224,39.17747],"type":"Point"},"properties":{"kind":"stop","name":"8TH AVE & PENROD CT wb","stop_id":"12253"},"type":"Feature"},{"geometry":{"coordinates":[-76.6244,39.17651],"type":"Point"},"properties":{"kind":"stop","name":"8TH AVE & GRAYBURN DR sb","stop_id":"12254"},"type":"Feature"},{"geometry":{"coordinates":[-76.62669,39.162],"type":"Point"},"properties":{"kind":"stop","name":"CRAIN HWY & 2ND AVE sb","stop_id":"12255"},"type":"Feature"},{"geometry":{"coordinates":[-76.63043,39.15558],"type":"Point"},"properties":{"kind":"stop","name":"CRAIN HWY & MAIN AVE sb","stop_id":"12256"},"type":"Feature"},{"geometry":{"coordinates":[-76.63148,39.15311],"type":"Point"},"properties":{"kind":"stop","name":"CRAIN HWY & THELMA AVE sb","stop_id":"12257"},"type":"Feature"},{"geometry":{"coordinates":[-76.61835,39.14043],"type":"Point"},"properties":{"kind":"stop","name":"OAKWOOD RD & RT 100 nb","stop_id":"12258"},"type":"Feature"},{"geometry":{"coordinates":[-76.61594,39.15319],"type":"Point"},"properties":{"kind":"stop","name":"AQUAHART RD & GREENWAY RD ns eb","stop_id":"12259"},"type":"Feature"},{"geometry":{"coordinates":[-76.66414,39.3339],"type":"Point"},"properties":{"kind":"stop","name":"REISTERSTOWN RD & SHIRLEY AVE sb","stop_id":"1226"},"type":"Feature"},{"geometry":{"coordinates":[-76.60112,39.13837],"type":"Point"},"properties":{"kind":"stop","name":"RITCHIE HWY & AMERICANA CIR sb","stop_id":"12260"},"type":"Feature"},{"geometry":{"coordinates":[-76.5678,39.10153],"type":"Point"},"properties":{"kind":"stop","name":"142 RITCHIE HWY sb","stop_id":"12261"},"type":"Feature"},{"geometry":{"coordinates":[-76.55008,39.08189],"type":"Point"},"properties":{"kind":"stop","name":"RITCHIE HWY & ROBINSON RD sb","stop_id":"12262"},"type":"Feature"},{"geometry":{"coordinates":[-76.48204,39.00124],"type":"Point"},"properties":{"kind":"stop","name":"RT 450 & BRICE RD sb","stop_id":"12264"},"type":"Feature"},{"geometry":{"coordinates":[-76.49398,38.98999],"type":"Point"},"properties":{"kind":"stop","name":"RT 450 & BADGER RD wb","stop_id":"12265"},"type":"Feature"},{"geometry":{"coordinates":[-76.49414,38.98106],"type":"Point"},"properties":{"kind":"stop","name":"CALVERT ST & BLADEN AVE wb","stop_id":"12266"},"type":"Feature"},{"geometry":{"coordinates":[-76.49428,38.98968],"type":"Point"},"properties":{"kind":"stop","name":"RT 450 & BADGER RD eb","stop_id":"12267"},"type":"Feature"},{"geometry":{"coordinates":[-76.4812,39.00092],"type":"Point"},"properties":{"kind":"stop","name":"RT 450 & BRICE RD eb","stop_id":"12268"},"type":"Feature"},{"geometry":{"coordinates":[-76.66324,39.3327],"type":"Point"},"properties":{"kind":"stop","name":"REISTERSTOWN RD & KEYWORTH AVE sb","stop_id":"1227"},"type":"Feature"},{"geometry":{"coordinates":[-76.5482,39.07968],"type":"Point"},"properties":{"kind":"stop","name":"BALTIMORE ANNAPOLIS BLVD & RITCHIE HWY nb","stop_id":"12270"},"type":"Feature"},{"geometry":{"coordinates":[-76.55978,39.09324],"type":"Point"},"properties":{"kind":"stop","name":"233 RITCHIE HWY nb","stop_id":"12271"},"type":"Feature"},{"geometry":{"coordinates":[-76.56944,39.10397],"type":"Point"},"properties":{"kind":"stop","name":"115 RITCHIE HWY nb","stop_id":"12272"},"type":"Feature"},{"geometry":{"coordinates":[-76.64489,39.28832],"type":"Point"},"properties":{"kind":"stop","name":"BALTIMORE ST & FULTON AVE wb","stop_id":"12273"},"type":"Feature"},{"geometry":{"coordinates":[-76.62254,39.17721],"type":"Point"},"properties":{"kind":"stop","name":"8TH AVE & PENROD CT eb","stop_id":"12276"},"type":"Feature"},{"geometry":{"coordinates":[-76.6175,39.17711],"type":"Point"},"properties":{"kind":"stop","name":"CRAIN HWY & 9TH AVE","stop_id":"12277"},"type":"Feature"},{"geometry":{"coordinates":[-76.63913,39.1482],"type":"Point"},"properties":{"kind":"stop","name":"7704 QUARTERFIELD RD","stop_id":"12279"},"type":"Feature"},{"geometry":{"coordinates":[-76.66227,39.33146],"type":"Point"},"properties":{"kind":"stop","name":"REISTERSTOWN RD & SPRINGHILL AVE sb","stop_id":"1228"},"type":"Feature"},{"geometry":{"coordinates":[-76.51075,39.05084],"type":"Point"},"properties":{"kind":"stop","name":"COLLEGE DR & RING RD EAST nb fs","stop_id":"12280"},"type":"Feature"},{"geometry":{"coordinates":[-76.60216,39.14118],"type":"Point"},"properties":{"kind":"stop","name":"MARLEY STATION & RITCHIE HWY","stop_id":"12281"},"type":"Feature"},{"geometry":{"coordinates":[-76.58535,39.13523],"type":"Point"},"properties":{"kind":"stop","name":"BALTIMORE ANNAPOLIS BLVD & MOUNTAIN RD sb","stop_id":"12282"},"type":"Feature"},{"geometry":{"coordinates":[-76.65537,39.48005],"type":"Point"},"properties":{"kind":"stop","name":"BEAVER DAM RD & SWIM CLUB sb","stop_id":"12283"},"type":"Feature"},{"geometry":{"coordinates":[-76.60228,39.30418],"type":"Point"},"properties":{"kind":"stop","name":"AISQUITH ST & BIDDLE ST","stop_id":"12286"},"type":"Feature"},{"geometry":{"coordinates":[-76.67077,39.24877],"type":"Point"},"properties":{"kind":"stop","name":"WASHINGTON BLVD & COMMERCE DR wb","stop_id":"12287"},"type":"Feature"},{"geometry":{"coordinates":[-76.67046,39.2488],"type":"Point"},"properties":{"kind":"stop","name":"WASHINGTON BLVD & COMMERCE DR eb","stop_id":"12288"},"type":"Feature"},{"geometry":{"coordinates":[-76.68538,39.2285],"type":"Point"},"properties":{"kind":"stop","name":"HOLLINS FERRY RD & HALETHORPE FARMS RD fs","stop_id":"12289"},"type":"Feature"},{"geometry":{"coordinates":[-76.68571,39.22855],"type":"Point"},"properties":{"kind":"stop","name":"HOLLINS FERRY RD & HALETHORPE FARMS RD wb","stop_id":"12290"},"type":"Feature"},{"geometry":{"coordinates":[-76.56877,39.27268],"type":"Point"},"properties":{"kind":"stop","name":"EASTBOURNE AVE & CLINTON ST wb","stop_id":"12292"},"type":"Feature"},{"geometry":{"coordinates":[-76.61758,39.32829],"type":"Point"},"properties":{"kind":"stop","name":"CHARLES ST & 33RD ST fs nb","stop_id":"12295"},"type":"Feature"},{"geometry":{"coordinates":[-76.66037,39.32891],"type":"Point"},"properties":{"kind":"stop","name":"REISTERSTOWN RD & ULMAN AVE sb","stop_id":"1230"},"type":"Feature"},{"geometry":{"coordinates":[-76.61511,39.311],"type":"Point"},"properties":{"kind":"stop","name":"NORTH AVE & SAINT PAUL ST eb","stop_id":"12301"},"type":"Feature"},{"geometry":{"coordinates":[-76.61838,39.31087],"type":"Point"},"properties":{"kind":"stop","name":"NORTH AVE & HOWARD ST fs eb","stop_id":"12302"},"type":"Feature"},{"geometry":{"coordinates":[-76.59174,39.3109],"type":"Point"},"properties":{"kind":"stop","name":"WOLFE ST & LAFAYETTE AVE sb","stop_id":"12303"},"type":"Feature"},{"geometry":{"coordinates":[-76.5319,39.3403],"type":"Point"},"properties":{"kind":"stop","name":"CEDONIA AVE & HAZELWOOD CIR opp","stop_id":"12306"},"type":"Feature"},{"geometry":{"coordinates":[-76.53299,39.33729],"type":"Point"},"properties":{"kind":"stop","name":"CEDONIA AVE & HAMILTON AVE sb","stop_id":"12307"},"type":"Feature"},{"geometry":{"coordinates":[-76.58294,39.28231],"type":"Point"},"properties":{"kind":"stop","name":"BOSTON ST & MONTFORD AVE wb","stop_id":"12308"},"type":"Feature"},{"geometry":{"coordinates":[-76.58051,39.28083],"type":"Point"},"properties":{"kind":"stop","name":"BOSTON ST & THE CAN COwb","stop_id":"12309"},"type":"Feature"},{"geometry":{"coordinates":[-76.65941,39.32769],"type":"Point"},"properties":{"kind":"stop","name":"REISTERSTOWN RD & HILLDALE AVE sb","stop_id":"1231"},"type":"Feature"},{"geometry":{"coordinates":[-76.58948,39.29844],"type":"Point"},"properties":{"kind":"stop","name":"WASHINGTON ST & MONUMENT ST nb","stop_id":"12310"},"type":"Feature"},{"geometry":{"coordinates":[-76.55192,39.36315],"type":"Point"},"properties":{"kind":"stop","name":"HARFORD RD & NORTHERN PKWY nb","stop_id":"12313"},"type":"Feature"},{"geometry":{"coordinates":[-76.79919,39.43489],"type":"Point"},"properties":{"kind":"stop","name":"REISTERSTOWN RD & DOLFIELD BLVD","stop_id":"12314"},"type":"Feature"},{"geometry":{"coordinates":[-76.79648,39.43264],"type":"Point"},"properties":{"kind":"stop","name":"REISTERSTOWN RD & TAUBE CT sb opp","stop_id":"12316"},"type":"Feature"},{"geometry":{"coordinates":[-76.78665,39.42465],"type":"Point"},"properties":{"kind":"stop","name":"REISTERSTOWN RD & PLEASANT RIDGE DR","stop_id":"12318"},"type":"Feature"},{"geometry":{"coordinates":[-76.63496,39.28876],"type":"Point"},"properties":{"kind":"stop","name":"BALTIMORE ST & ARLINGTON AVE wb","stop_id":"12320"},"type":"Feature"},{"geometry":{"coordinates":[-76.66885,39.28586],"type":"Point"},"properties":{"kind":"stop","name":"BALTIMORE ST & ROSEDALE ST eb","stop_id":"12321"},"type":"Feature"},{"geometry":{"coordinates":[-76.57603,39.38583],"type":"Point"},"properties":{"kind":"stop","name":"LOCH RAVEN BLVD & TAYLOR AVE fs nb","stop_id":"12323"},"type":"Feature"},{"geometry":{"coordinates":[-76.62392,39.35471],"type":"Point"},"properties":{"kind":"stop","name":"CHARLES ST & WYNDHURST AVE sb","stop_id":"12329"},"type":"Feature"},{"geometry":{"coordinates":[-76.53362,39.32795],"type":"Point"},"properties":{"kind":"stop","name":"SINCLAIR LN & CEDGATE RD","stop_id":"12331"},"type":"Feature"},{"geometry":{"coordinates":[-76.61248,39.3111],"type":"Point"},"properties":{"kind":"stop","name":"GUILFORD AVE & NORTH AVE fs sb","stop_id":"12332"},"type":"Feature"},{"geometry":{"coordinates":[-76.5321,39.34023],"type":"Point"},"properties":{"kind":"stop","name":"CEDONIA AVE & HAZELWOOD SWIM CLUB wb","stop_id":"12334"},"type":"Feature"},{"geometry":{"coordinates":[-76.59512,39.35812],"type":"Point"},"properties":{"kind":"stop","name":"5600 THE ALAMEDA sb","stop_id":"12338"},"type":"Feature"},{"geometry":{"coordinates":[-76.50516,39.33908],"type":"Point"},"properties":{"kind":"stop","name":"KENWOOD AVE & WEYBURN RD nb","stop_id":"12340"},"type":"Feature"},{"geometry":{"coordinates":[-76.69382,39.24141],"type":"Point"},"properties":{"kind":"stop","name":"CARVILLE AVE & I-95 BRIDGE sb","stop_id":"12342"},"type":"Feature"},{"geometry":{"coordinates":[-76.68874,39.23615],"type":"Point"},"properties":{"kind":"stop","name":"SELMA AVE & MAGNOLIA AVE sb","stop_id":"12343"},"type":"Feature"},{"geometry":{"coordinates":[-76.68827,39.23416],"type":"Point"},"properties":{"kind":"stop","name":"WINANS AVE & WASHINGTON BLVD fs","stop_id":"12345"},"type":"Feature"},{"geometry":{"coordinates":[-76.69067,39.23756],"type":"Point"},"properties":{"kind":"stop","name":"WINANS AVE & POTOMAC AVE nb","stop_id":"12346"},"type":"Feature"},{"geometry":{"coordinates":[-76.69349,39.24157],"type":"Point"},"properties":{"kind":"stop","name":"OREGON AVE & ELM RD nb","stop_id":"12347"},"type":"Feature"},{"geometry":{"coordinates":[-76.69366,39.24456],"type":"Point"},"properties":{"kind":"stop","name":"OREGON AVE & JUNE RD opp nb","stop_id":"12349"},"type":"Feature"},{"geometry":{"coordinates":[-76.57963,39.37585],"type":"Point"},"properties":{"kind":"stop","name":"LOCH RAVEN BLVD & SHEFFORD RD sb","stop_id":"12351"},"type":"Feature"},{"geometry":{"coordinates":[-76.56491,39.397],"type":"Point"},"properties":{"kind":"stop","name":"1627 JOPPA RD wb","stop_id":"12352"},"type":"Feature"},{"geometry":{"coordinates":[-76.67506,39.23332],"type":"Point"},"properties":{"kind":"stop","name":"HOLLINS FERRY RD & RAY RD op wb","stop_id":"12354"},"type":"Feature"},{"geometry":{"coordinates":[-76.67713,39.23164],"type":"Point"},"properties":{"kind":"stop","name":"HOLLINS FERRY RD & AMERICAN TIRE wb","stop_id":"12355"},"type":"Feature"},{"geometry":{"coordinates":[-76.67955,39.23031],"type":"Point"},"properties":{"kind":"stop","name":"HOLLINS FERRY RD & RAILROAD TRACKS wb","stop_id":"12356"},"type":"Feature"},{"geometry":{"coordinates":[-76.60897,39.29321],"type":"Point"},"properties":{"kind":"stop","name":"FALLSWAY & GAY ST fs nb","stop_id":"12357"},"type":"Feature"},{"geometry":{"coordinates":[-76.75871,39.33049],"type":"Point"},"properties":{"kind":"stop","name":"2707 ROLLING RD nb","stop_id":"12358"},"type":"Feature"},{"geometry":{"coordinates":[-76.75331,39.3332],"type":"Point"},"properties":{"kind":"stop","name":"WINDSOR BLVD & LORD BALTIMORE DR nb","stop_id":"12359"},"type":"Feature"},{"geometry":{"coordinates":[-76.64469,39.31182],"type":"Point"},"properties":{"kind":"stop","name":"PENNSYLVANIA AVE & RETREAT ST sb","stop_id":"1236"},"type":"Feature"},{"geometry":{"coordinates":[-76.7521,39.33676],"type":"Point"},"properties":{"kind":"stop","name":"WINDSOR MILL RD & LORD BALTIMORE DR fs wb","stop_id":"12360"},"type":"Feature"},{"geometry":{"coordinates":[-76.75554,39.33841],"type":"Point"},"properties":{"kind":"stop","name":"WINDSOR MILL RD & CRESSON AVE wb","stop_id":"12361"},"type":"Feature"},{"geometry":{"coordinates":[-76.73162,39.27284],"type":"Point"},"properties":{"kind":"stop","name":"INGLESIDE AVE & MELROSE AVE nb","stop_id":"12363"},"type":"Feature"},{"geometry":{"coordinates":[-76.76212,39.34115],"type":"Point"},"properties":{"kind":"stop","name":"WINDSOR MILL RD & ROLLNG RD fs eb","stop_id":"12364"},"type":"Feature"},{"geometry":{"coordinates":[-76.75593,39.33848],"type":"Point"},"properties":{"kind":"stop","name":"WINDSOR MILL RD & CRESSON AVE op eb","stop_id":"12365"},"type":"Feature"},{"geometry":{"coordinates":[-76.73182,39.27301],"type":"Point"},"properties":{"kind":"stop","name":"INGLESIDE AVE & MELROSE AVE sb","stop_id":"12366"},"type":"Feature"},{"geometry":{"coordinates":[-76.65076,39.2416],"type":"Point"},"properties":{"kind":"stop","name":"HOLLINS FERRY RD & 5TH AVE sb","stop_id":"12367"},"type":"Feature"},{"geometry":{"coordinates":[-76.65282,39.23806],"type":"Point"},"properties":{"kind":"stop","name":"HOLLINS FERRY RD & BERO RD wb","stop_id":"12368"},"type":"Feature"},{"geometry":{"coordinates":[-76.64296,39.31034],"type":"Point"},"properties":{"kind":"stop","name":"PENNSYLVANIA AVE & NORTH AVE sb","stop_id":"1237"},"type":"Feature"},{"geometry":{"coordinates":[-76.7592,39.32654],"type":"Point"},"properties":{"kind":"stop","name":"ROLLING RD & TUDSBURY RD sb","stop_id":"12373"},"type":"Feature"},{"geometry":{"coordinates":[-76.56917,39.27579],"type":"Point"},"properties":{"kind":"stop","name":"CLINTON ST & CARDIFF AVE nb","stop_id":"12376"},"type":"Feature"},{"geometry":{"coordinates":[-76.60134,39.28431],"type":"Point"},"properties":{"kind":"stop","name":"FLEET ST & ALBEMARLE ST wb","stop_id":"12377"},"type":"Feature"},{"geometry":{"coordinates":[-76.64184,39.30943],"type":"Point"},"properties":{"kind":"stop","name":"PENNSYLVANIA AVE & CUMBERLAND ST sb","stop_id":"1238"},"type":"Feature"},{"geometry":{"coordinates":[-76.57739,39.38554],"type":"Point"},"properties":{"kind":"stop","name":"TAYLOR AVE & LOCH RAVEN BLVD fs wb","stop_id":"12382"},"type":"Feature"},{"geometry":{"coordinates":[-76.61037,39.26237],"type":"Point"},"properties":{"kind":"stop","name":"CROMWELL ST & PENINSULA wb ns","stop_id":"12388"},"type":"Feature"},{"geometry":{"coordinates":[-76.65301,39.25326],"type":"Point"},"properties":{"kind":"stop","name":"PATAPSCO AVE & JANICE AVE wb","stop_id":"12391"},"type":"Feature"},{"geometry":{"coordinates":[-76.69824,39.36125],"type":"Point"},"properties":{"kind":"stop","name":"PARK HEIGHTS AVE & BANCROFT RD nb","stop_id":"12394"},"type":"Feature"},{"geometry":{"coordinates":[-76.69827,39.36101],"type":"Point"},"properties":{"kind":"stop","name":"PARK HEIGHTS AVE & BANCROFT RD opp sb","stop_id":"12395"},"type":"Feature"},{"geometry":{"coordinates":[-76.6236,39.28585],"type":"Point"},"properties":{"kind":"stop","name":"GREENE ST & PRATT ST sb","stop_id":"12397"},"type":"Feature"},{"geometry":{"coordinates":[-76.57315,39.29242],"type":"Point"},"properties":{"kind":"stop","name":"BALTIMORE ST & ELLWOOD ST wb","stop_id":"12405"},"type":"Feature"},{"geometry":{"coordinates":[-76.66462,39.25684],"type":"Point"},"properties":{"kind":"stop","name":"WASHINGTON BLVD & HAMMONDS FERRY RD","stop_id":"12408"},"type":"Feature"},{"geometry":{"coordinates":[-76.68883,39.28842],"type":"Point"},"properties":{"kind":"stop","name":"ATHOL AVE & OLD FREDERICK RD fs nb","stop_id":"12411"},"type":"Feature"},{"geometry":{"coordinates":[-76.689,39.28864],"type":"Point"},"properties":{"kind":"stop","name":"ATHOL AVE & CHERRY WY opp nb","stop_id":"12412"},"type":"Feature"},{"geometry":{"coordinates":[-76.67636,39.24357],"type":"Point"},"properties":{"kind":"stop","name":"WASHINGTON & SULPHUR SPRING fs wb","stop_id":"12413"},"type":"Feature"},{"geometry":{"coordinates":[-76.67605,39.24341],"type":"Point"},"properties":{"kind":"stop","name":"WASHINGTON BLVD & OLD WASHINGTON BLVD eb","stop_id":"12414"},"type":"Feature"},{"geometry":{"coordinates":[-76.68081,39.24036],"type":"Point"},"properties":{"kind":"stop","name":"WASHINGTON BLVD & RIDGE AVE wb","stop_id":"12415"},"type":"Feature"},{"geometry":{"coordinates":[-76.68114,39.23986],"type":"Point"},"properties":{"kind":"stop","name":"WASHINGTON BLVD & RIDGE AVE eb","stop_id":"12416"},"type":"Feature"},{"geometry":{"coordinates":[-76.70851,39.29165],"type":"Point"},"properties":{"kind":"stop","name":"BALTIMORE NATIONAL PIKE & GREENWICH AVE eb","stop_id":"12418"},"type":"Feature"},{"geometry":{"coordinates":[-76.5473,39.27853],"type":"Point"},"properties":{"kind":"stop","name":"O'Donnell St Cutoff & Travel Center","stop_id":"12420"},"type":"Feature"},{"geometry":{"coordinates":[-76.54578,39.27777],"type":"Point"},"properties":{"kind":"stop","name":"Boston St & Anglesea St","stop_id":"12421"},"type":"Feature"},{"geometry":{"coordinates":[-76.53087,39.3097],"type":"Point"},"properties":{"kind":"stop","name":"PULASKI HWY & 62ND ST wb","stop_id":"12422"},"type":"Feature"},{"geometry":{"coordinates":[-76.60085,39.40746],"type":"Point"},"properties":{"kind":"stop","name":"DULANEY VALLEY RD & SOUTHERLY RD nb","stop_id":"12423"},"type":"Feature"},{"geometry":{"coordinates":[-76.67777,39.20337],"type":"Point"},"properties":{"kind":"stop","name":"1160 WINTERSON RD sb","stop_id":"12426"},"type":"Feature"},{"geometry":{"coordinates":[-76.6903,39.18529],"type":"Point"},"properties":{"kind":"stop","name":"AMTRAK WAY & AVIATION BLVD fs nb","stop_id":"12439"},"type":"Feature"},{"geometry":{"coordinates":[-76.63764,39.30592],"type":"Point"},"properties":{"kind":"stop","name":"PENNSYLVANIA AVE & PRESSTMAN ST sb","stop_id":"1244"},"type":"Feature"},{"geometry":{"coordinates":[-76.69075,39.18765],"type":"Point"},"properties":{"kind":"stop","name":"AMTRAK WAY & EMPLOYEE PARKING LOT nb","stop_id":"12440"},"type":"Feature"},{"geometry":{"coordinates":[-76.70241,39.16535],"type":"Point"},"properties":{"kind":"stop","name":"CANDLEWOOD RD & MERCEDES DR","stop_id":"12444"},"type":"Feature"},{"geometry":{"coordinates":[-76.70761,39.16469],"type":"Point"},"properties":{"kind":"stop","name":"7476 NEW RIDGE RD","stop_id":"12445"},"type":"Feature"},{"geometry":{"coordinates":[-76.63536,39.30404],"type":"Point"},"properties":{"kind":"stop","name":"PENNSYLVANIA AVE & LAURENS ST fs sb","stop_id":"1245"},"type":"Feature"},{"geometry":{"coordinates":[-76.70242,39.16574],"type":"Point"},"properties":{"kind":"stop","name":"CANDLEWOOD RD & MERCEDES DR sb","stop_id":"12450"},"type":"Feature"},{"geometry":{"coordinates":[-76.70335,39.15963],"type":"Point"},"properties":{"kind":"stop","name":"CANDLEWOOD RD & DORSEY RD","stop_id":"12451"},"type":"Feature"},{"geometry":{"coordinates":[-76.68182,39.19188],"type":"Point"},"properties":{"kind":"stop","name":"778 ELKRIDGE LANDING RD nb","stop_id":"12452"},"type":"Feature"},{"geometry":{"coordinates":[-76.69201,39.37577],"type":"Point"},"properties":{"kind":"stop","name":"SMITH AVE & LAURELWOOD AVE opp eb","stop_id":"12456"},"type":"Feature"},{"geometry":{"coordinates":[-76.69144,39.37601],"type":"Point"},"properties":{"kind":"stop","name":"SMITH AVE & LAURELWOOD AVE fs wb","stop_id":"12457"},"type":"Feature"},{"geometry":{"coordinates":[-76.54777,39.34093],"type":"Point"},"properties":{"kind":"stop","name":"BELAIR RD & GARDENVILLE LOOP sb","stop_id":"12460"},"type":"Feature"},{"geometry":{"coordinates":[-76.69424,39.19258],"type":"Point"},"properties":{"kind":"stop","name":"BWI MARSHALL MARC STATION sb","stop_id":"12461"},"type":"Feature"},{"geometry":{"coordinates":[-76.63714,39.13266],"type":"Point"},"properties":{"kind":"stop","name":"CRAIN HWY & GREEN BRANCH LA mid nb","stop_id":"12463"},"type":"Feature"},{"geometry":{"coordinates":[-76.63565,39.13401],"type":"Point"},"properties":{"kind":"stop","name":"CRAIN HWY & NOLPARK CT fs nb","stop_id":"12464"},"type":"Feature"},{"geometry":{"coordinates":[-76.63755,39.13268],"type":"Point"},"properties":{"kind":"stop","name":"CRAIN HWY & CRAINMOUNT DR fs sb","stop_id":"12467"},"type":"Feature"},{"geometry":{"coordinates":[-76.63954,39.14751],"type":"Point"},"properties":{"kind":"stop","name":"QUARTERFIELD RD & PAMELA RD","stop_id":"12468"},"type":"Feature"},{"geometry":{"coordinates":[-76.63238,39.30181],"type":"Point"},"properties":{"kind":"stop","name":"PENNSYLVANIA AVE & MOSHER ST nb","stop_id":"1247"},"type":"Feature"},{"geometry":{"coordinates":[-76.60123,39.40777],"type":"Point"},"properties":{"kind":"stop","name":"DULANEY VALLEY RD & SOUTHERLY RD","stop_id":"12477"},"type":"Feature"},{"geometry":{"coordinates":[-76.47156,39.2722],"type":"Point"},"properties":{"kind":"stop","name":"NORTH POINT BLVD & OLD BATTLE GROVE","stop_id":"12488"},"type":"Feature"},{"geometry":{"coordinates":[-76.47136,39.27124],"type":"Point"},"properties":{"kind":"stop","name":"3950 NORTH POINT BLVD nb","stop_id":"12489"},"type":"Feature"},{"geometry":{"coordinates":[-76.59445,39.14749],"type":"Point"},"properties":{"kind":"stop","name":"MARLEY STATION & B&A BLVD fs wb","stop_id":"12490"},"type":"Feature"},{"geometry":{"coordinates":[-76.6662,39.37624],"type":"Point"},"properties":{"kind":"stop","name":"SMITH AVE & ROCKLAND HILLS CT wb","stop_id":"12491"},"type":"Feature"},{"geometry":{"coordinates":[-76.67294,39.37586],"type":"Point"},"properties":{"kind":"stop","name":"SMITH AVE & WOODBURY RD fs wb","stop_id":"12492"},"type":"Feature"},{"geometry":{"coordinates":[-76.6666,39.37606],"type":"Point"},"properties":{"kind":"stop","name":"SMITH AVE & ROSETTA RD eb","stop_id":"12493"},"type":"Feature"},{"geometry":{"coordinates":[-76.61925,39.29055],"type":"Point"},"properties":{"kind":"stop","name":"Fayette St & Howard St","stop_id":"125"},"type":"Feature"},{"geometry":{"coordinates":[-76.62858,39.29864],"type":"Point"},"properties":{"kind":"stop","name":"PENNSYLVANIA & HOFFMAN opp sb","stop_id":"1250"},"type":"Feature"},{"geometry":{"coordinates":[-76.67184,39.30998],"type":"Point"},"properties":{"kind":"stop","name":"BLOOMINGDALE RD & WALBROOK AVE nb","stop_id":"12500"},"type":"Feature"},{"geometry":{"coordinates":[-76.59901,39.31204],"type":"Point"},"properties":{"kind":"stop","name":"NORTH AVE & HARFORD RD wb","stop_id":"12501"},"type":"Feature"},{"geometry":{"coordinates":[-76.72571,39.25189],"type":"Point"},"properties":{"kind":"stop","name":"ROLLING RD & COLLEGIATE DR","stop_id":"12502"},"type":"Feature"},{"geometry":{"coordinates":[-76.64459,39.28286],"type":"Point"},"properties":{"kind":"stop","name":"WILKENS AVE & FULTON AVE wb","stop_id":"12503"},"type":"Feature"},{"geometry":{"coordinates":[-76.64451,39.28267],"type":"Point"},"properties":{"kind":"stop","name":"WILKENS AVE & FULTON AVE eb","stop_id":"12504"},"type":"Feature"},{"geometry":{"coordinates":[-76.45278,39.32097],"type":"Point"},"properties":{"kind":"stop","name":"EASTERN BLVD & ALCOCK RD opp eb","stop_id":"12508"},"type":"Feature"},{"geometry":{"coordinates":[-76.44776,39.32407],"type":"Point"},"properties":{"kind":"stop","name":"EASTERN BLVD & WILBUR RD eb","stop_id":"12509"},"type":"Feature"},{"geometry":{"coordinates":[-76.62768,39.29791],"type":"Point"},"properties":{"kind":"stop","name":"PENNSYLVANIA & PRESTON sb","stop_id":"1251"},"type":"Feature"},{"geometry":{"coordinates":[-76.47559,39.33443],"type":"Point"},"properties":{"kind":"stop","name":"KELSO DR & ROSSVILLE BLVD fs nb","stop_id":"12511"},"type":"Feature"},{"geometry":{"coordinates":[-76.45443,39.31913],"type":"Point"},"properties":{"kind":"stop","name":"STEMMERS RUN RD & EASTERN BLVD fs sb","stop_id":"12512"},"type":"Feature"},{"geometry":{"coordinates":[-76.56835,39.27533],"type":"Point"},"properties":{"kind":"stop","name":"HIGHLAND AVE & CARDIFF ST sb","stop_id":"12513"},"type":"Feature"},{"geometry":{"coordinates":[-76.70564,39.28065],"type":"Point"},"properties":{"kind":"stop","name":"FREDERICK AVE & NORTH BEND RD","stop_id":"12514"},"type":"Feature"},{"geometry":{"coordinates":[-76.61902,39.37964],"type":"Point"},"properties":{"kind":"stop","name":"103 DUMBARTON RD","stop_id":"12516"},"type":"Feature"},{"geometry":{"coordinates":[-76.62143,39.38041],"type":"Point"},"properties":{"kind":"stop","name":"STEVENSON LN & HEARTH CT opp wb","stop_id":"12517"},"type":"Feature"},{"geometry":{"coordinates":[-76.62628,39.29679],"type":"Point"},"properties":{"kind":"stop","name":"PENNSYLVANIA & MLK BLVD sb","stop_id":"1252"},"type":"Feature"},{"geometry":{"coordinates":[-76.62504,39.29567],"type":"Point"},"properties":{"kind":"stop","name":"PENNSYLVANIA & SAINT MARY","stop_id":"1253"},"type":"Feature"},{"geometry":{"coordinates":[-76.59149,39.22276],"type":"Point"},"properties":{"kind":"stop","name":"CHURCH ST & PRUDENCE ST","stop_id":"12530"},"type":"Feature"},{"geometry":{"coordinates":[-76.50978,39.3732],"type":"Point"},"properties":{"kind":"stop","name":"BELAIR RD & ROSSVILLE BLVD nb","stop_id":"12532"},"type":"Feature"},{"geometry":{"coordinates":[-76.50593,39.37665],"type":"Point"},"properties":{"kind":"stop","name":"BELAIR RD & RIDGE RD nb","stop_id":"12533"},"type":"Feature"},{"geometry":{"coordinates":[-76.50253,39.37994],"type":"Point"},"properties":{"kind":"stop","name":"BELAIR RD & WHOLESALE CLUB DR nb","stop_id":"12534"},"type":"Feature"},{"geometry":{"coordinates":[-76.50323,39.37967],"type":"Point"},"properties":{"kind":"stop","name":"BELAIR RD & WHOLESALE CLUB DR fs sb","stop_id":"12535"},"type":"Feature"},{"geometry":{"coordinates":[-76.68622,39.27775],"type":"Point"},"properties":{"kind":"stop","name":"YALE AVE & PARKTON ST sb","stop_id":"12544"},"type":"Feature"},{"geometry":{"coordinates":[-76.69452,39.25137],"type":"Point"},"properties":{"kind":"stop","name":"LEEDS AVE & LINDEN AVE 1 2011","stop_id":"12545"},"type":"Feature"},{"geometry":{"coordinates":[-76.48973,39.33734],"type":"Point"},"properties":{"kind":"stop","name":"PHILADELPHIA RD & PETRIE WY eb fs","stop_id":"12548"},"type":"Feature"},{"geometry":{"coordinates":[-76.56388,39.3353],"type":"Point"},"properties":{"kind":"stop","name":"MORAVIA RD & SCHLEY AVE fs wb","stop_id":"12549"},"type":"Feature"},{"geometry":{"coordinates":[-76.56406,39.33531],"type":"Point"},"properties":{"kind":"stop","name":"MORAVIA RD & SCHLEY AVE opp eb","stop_id":"12550"},"type":"Feature"},{"geometry":{"coordinates":[-76.61916,39.31117],"type":"Point"},"properties":{"kind":"stop","name":"NORTH AVE & HOWARD ST wb","stop_id":"12557"},"type":"Feature"},{"geometry":{"coordinates":[-76.59804,39.40503],"type":"Point"},"properties":{"kind":"stop","name":"FAIRMOUNT AVE & TOWSONGATE DR fs eb","stop_id":"12558"},"type":"Feature"},{"geometry":{"coordinates":[-76.62399,39.29395],"type":"Point"},"properties":{"kind":"stop","name":"GREENE & MULBERRY sb","stop_id":"1256"},"type":"Feature"},{"geometry":{"coordinates":[-76.68048,39.22991],"type":"Point"},"properties":{"kind":"stop","name":"4711 HOLLINS FERRY RD eb","stop_id":"12560"},"type":"Feature"},{"geometry":{"coordinates":[-76.68051,39.23006],"type":"Point"},"properties":{"kind":"stop","name":"4710 HOLLINS FERRY RD op wb","stop_id":"12561"},"type":"Feature"},{"geometry":{"coordinates":[-76.62841,39.29263],"type":"Point"},"properties":{"kind":"stop","name":"SARATOGA ST & MLK BLVD eb","stop_id":"12570"},"type":"Feature"},{"geometry":{"coordinates":[-76.61425,39.29229],"type":"Point"},"properties":{"kind":"stop","name":"SARATOGA ST & SAINT PAUL PL eb","stop_id":"12571"},"type":"Feature"},{"geometry":{"coordinates":[-76.61877,39.32295],"type":"Point"},"properties":{"kind":"stop","name":"MARYLAND AVE & 29TH ST fs sb","stop_id":"12576"},"type":"Feature"},{"geometry":{"coordinates":[-76.46747,39.36945],"type":"Point"},"properties":{"kind":"stop","name":"TOWN CENTER DR & CORPORATE DR fs eb","stop_id":"12577"},"type":"Feature"},{"geometry":{"coordinates":[-76.5757,39.28314],"type":"Point"},"properties":{"kind":"stop","name":"FAIT ST & LINWOOD AVE eb","stop_id":"12579"},"type":"Feature"},{"geometry":{"coordinates":[-76.62399,39.29297],"type":"Point"},"properties":{"kind":"stop","name":"GREENE ST & LEXINGTON ST fs sb","stop_id":"1258"},"type":"Feature"},{"geometry":{"coordinates":[-76.79587,39.40389],"type":"Point"},"properties":{"kind":"stop","name":"RED RUN BLVD & OWINGS MILLS BLVD wb","stop_id":"12581"},"type":"Feature"},{"geometry":{"coordinates":[-76.79771,39.41328],"type":"Point"},"properties":{"kind":"stop","name":"10705 RED RUN BLVD nb","stop_id":"12582"},"type":"Feature"},{"geometry":{"coordinates":[-76.80976,39.42619],"type":"Point"},"properties":{"kind":"stop","name":"RED LAND CT & RED RUN BLVD fs wb","stop_id":"12583"},"type":"Feature"},{"geometry":{"coordinates":[-76.80948,39.42599],"type":"Point"},"properties":{"kind":"stop","name":"RED RUN BLVD & RED LAND CT fs sb","stop_id":"12584"},"type":"Feature"},{"geometry":{"coordinates":[-76.80121,39.41899],"type":"Point"},"properties":{"kind":"stop","name":"10802 RED RUN BLVD nb","stop_id":"12585"},"type":"Feature"},{"geometry":{"coordinates":[-76.80596,39.42383],"type":"Point"},"properties":{"kind":"stop","name":"RED RUN BLVD & PLEASANT HILL RD nb","stop_id":"12586"},"type":"Feature"},{"geometry":{"coordinates":[-76.80571,39.42357],"type":"Point"},"properties":{"kind":"stop","name":"RED RUN BLVD & DOLFIELD RD sb","stop_id":"12587"},"type":"Feature"},{"geometry":{"coordinates":[-76.80091,39.41678],"type":"Point"},"properties":{"kind":"stop","name":"10715 RED RUN BLVD sb","stop_id":"12588"},"type":"Feature"},{"geometry":{"coordinates":[-76.79783,39.41289],"type":"Point"},"properties":{"kind":"stop","name":"10705 RED RUN BLVD","stop_id":"12589"},"type":"Feature"},{"geometry":{"coordinates":[-76.62381,39.29039],"type":"Point"},"properties":{"kind":"stop","name":"GREENE ST & FAYETTE ST sb","stop_id":"1259"},"type":"Feature"},{"geometry":{"coordinates":[-76.79389,39.40367],"type":"Point"},"properties":{"kind":"stop","name":"RED RUN BLVD & RESTURANT PARK DR eb","stop_id":"12590"},"type":"Feature"},{"geometry":{"coordinates":[-76.7889,39.40385],"type":"Point"},"properties":{"kind":"stop","name":"10375 RED RUN BLVD eb","stop_id":"12591"},"type":"Feature"},{"geometry":{"coordinates":[-76.6234,39.28154],"type":"Point"},"properties":{"kind":"stop","name":"RUSSELL ST & LEE ST sb","stop_id":"12592"},"type":"Feature"},{"geometry":{"coordinates":[-76.53981,39.06536],"type":"Point"},"properties":{"kind":"stop","name":"BALTIMORE ANNAPOLIS BLVD & ALAMEDA AVE sb","stop_id":"12594"},"type":"Feature"},{"geometry":{"coordinates":[-76.68524,39.34144],"type":"Point"},"properties":{"kind":"stop","name":"BELVEDERE AVE & ELDERON AVE nb","stop_id":"12595"},"type":"Feature"},{"geometry":{"coordinates":[-76.70916,39.30748],"type":"Point"},"properties":{"kind":"stop","name":"FOREST PARK AVE & CARMINE AVE fs nb","stop_id":"12597"},"type":"Feature"},{"geometry":{"coordinates":[-76.80024,39.41416],"type":"Point"},"properties":{"kind":"stop","name":"RED BROOK BLVD & RED RUN BLVD eb","stop_id":"12599"},"type":"Feature"},{"geometry":{"coordinates":[-76.62076,39.29048],"type":"Point"},"properties":{"kind":"stop","name":"Fayette St & Eutaw St","stop_id":"126"},"type":"Feature"},{"geometry":{"coordinates":[-76.62378,39.28961],"type":"Point"},"properties":{"kind":"stop","name":"GREENE & BALTIMORE sb","stop_id":"1260"},"type":"Feature"},{"geometry":{"coordinates":[-76.75764,39.35507],"type":"Point"},"properties":{"kind":"stop","name":"MILFORD MILL RD & OLD MILFORD MILL RD","stop_id":"12600"},"type":"Feature"},{"geometry":{"coordinates":[-76.49435,39.38689],"type":"Point"},"properties":{"kind":"stop","name":"BELAIR RD & OLD FORGE LANE nb","stop_id":"12605"},"type":"Feature"},{"geometry":{"coordinates":[-76.55757,39.30828],"type":"Point"},"properties":{"kind":"stop","name":"WRIGHT AVE & ORVILLE AVE fs sb","stop_id":"12606"},"type":"Feature"},{"geometry":{"coordinates":[-76.55633,39.30685],"type":"Point"},"properties":{"kind":"stop","name":"WRIGHT AVE & PRESTON ST sb","stop_id":"12607"},"type":"Feature"},{"geometry":{"coordinates":[-76.55439,39.30538],"type":"Point"},"properties":{"kind":"stop","name":"WRIGHT AVE & CHASE ST fs sb","stop_id":"12608"},"type":"Feature"},{"geometry":{"coordinates":[-76.45508,39.35954],"type":"Point"},"properties":{"kind":"stop","name":"9729 PHILADELPHIA RD nb","stop_id":"12609"},"type":"Feature"},{"geometry":{"coordinates":[-76.62365,39.28702],"type":"Point"},"properties":{"kind":"stop","name":"GREENE ST & LOMBARD ST ns sb","stop_id":"1261"},"type":"Feature"},{"geometry":{"coordinates":[-76.63721,39.15002],"type":"Point"},"properties":{"kind":"stop","name":"QUARTERFIELD RD & JONATHAN AVE wb","stop_id":"12610"},"type":"Feature"},{"geometry":{"coordinates":[-76.63664,39.15028],"type":"Point"},"properties":{"kind":"stop","name":"QUARTERFIELD RD & 7671 QUARTERFIELD","stop_id":"12611"},"type":"Feature"},{"geometry":{"coordinates":[-76.56914,39.27537],"type":"Point"},"properties":{"kind":"stop","name":"CLINTON ST & DANVILLE AVE mid nb","stop_id":"12613"},"type":"Feature"},{"geometry":{"coordinates":[-76.63779,39.26071],"type":"Point"},"properties":{"kind":"stop","name":"WATERVIEW AVE & WESTPORT ST fs wb","stop_id":"12618"},"type":"Feature"},{"geometry":{"coordinates":[-76.53975,39.3042],"type":"Point"},"properties":{"kind":"stop","name":"PULASKI HWY & NORTH POINT RD eb","stop_id":"12619"},"type":"Feature"},{"geometry":{"coordinates":[-76.63509,39.29326],"type":"Point"},"properties":{"kind":"stop","name":"MULBERRY & ARLINGTON fs eb","stop_id":"12623"},"type":"Feature"},{"geometry":{"coordinates":[-76.60327,39.29034],"type":"Point"},"properties":{"kind":"stop","name":"Baltimore St & Exeter St","stop_id":"12624"},"type":"Feature"},{"geometry":{"coordinates":[-76.4661,39.35594],"type":"Point"},"properties":{"kind":"stop","name":"KING AVE & ARMADA WAY eb","stop_id":"12627"},"type":"Feature"},{"geometry":{"coordinates":[-76.67749,39.31097],"type":"Point"},"properties":{"kind":"stop","name":"CLIFTON AVE & ELSINORE AVE wb","stop_id":"12630"},"type":"Feature"},{"geometry":{"coordinates":[-76.65644,39.32355],"type":"Point"},"properties":{"kind":"stop","name":"REISTERSTOWN RD & CHOWAN AVE sb","stop_id":"12634"},"type":"Feature"},{"geometry":{"coordinates":[-76.67639,39.34179],"type":"Point"},"properties":{"kind":"stop","name":"REISTERSTOWN RD & MANCHESTER AVE nb","stop_id":"12635"},"type":"Feature"},{"geometry":{"coordinates":[-76.73407,39.37717],"type":"Point"},"properties":{"kind":"stop","name":"OLD COURT RD & CEDARWOOD CIR eb","stop_id":"12637"},"type":"Feature"},{"geometry":{"coordinates":[-76.74073,39.37302],"type":"Point"},"properties":{"kind":"stop","name":"OLD COURT RD & OLD COURT STATION ENTRANCE wb","stop_id":"12639"},"type":"Feature"},{"geometry":{"coordinates":[-76.73902,39.36069],"type":"Point"},"properties":{"kind":"stop","name":"MILFORD MILL RD & PRINCE GEORGE RD nb","stop_id":"12640"},"type":"Feature"},{"geometry":{"coordinates":[-76.70927,39.37006],"type":"Point"},"properties":{"kind":"stop","name":"PARK HEIGHTS AVE & SHELBURNE RD sb","stop_id":"12643"},"type":"Feature"},{"geometry":{"coordinates":[-76.78723,39.36461],"type":"Point"},"properties":{"kind":"stop","name":"LIBERTY RD & ANNE HATHAWAY DR fs nb","stop_id":"12645"},"type":"Feature"},{"geometry":{"coordinates":[-76.72505,39.34181],"type":"Point"},"properties":{"kind":"stop","name":"LIBERTY RD & CAMPFIELD RD nb","stop_id":"12647"},"type":"Feature"},{"geometry":{"coordinates":[-76.61956,39.28619],"type":"Point"},"properties":{"kind":"stop","name":"Pratt St & Howard St","stop_id":"1265"},"type":"Feature"},{"geometry":{"coordinates":[-76.65582,39.33439],"type":"Point"},"properties":{"kind":"stop","name":"GREENSPRING AVE & KENNEDY KRIEGER INSTITUTE nb","stop_id":"12650"},"type":"Feature"},{"geometry":{"coordinates":[-76.62148,39.29993],"type":"Point"},"properties":{"kind":"stop","name":"EUTAW ST & MLK BLVD nb","stop_id":"12651"},"type":"Feature"},{"geometry":{"coordinates":[-76.52598,39.28923],"type":"Point"},"properties":{"kind":"stop","name":"EASTERN AVE & PEMBROOKE BLVD fs eb","stop_id":"12652"},"type":"Feature"},{"geometry":{"coordinates":[-76.54653,39.30278],"type":"Point"},"properties":{"kind":"stop","name":"ARMISTEAD WAY & PULASKI HWY fs nb","stop_id":"12653"},"type":"Feature"},{"geometry":{"coordinates":[-76.55894,39.30945],"type":"Point"},"properties":{"kind":"stop","name":"FEDERAL ST & ORVILLE ST fs wb","stop_id":"12654"},"type":"Feature"},{"geometry":{"coordinates":[-76.56075,39.3091],"type":"Point"},"properties":{"kind":"stop","name":"FEDERAL ST & WILBUR ST wb","stop_id":"12655"},"type":"Feature"},{"geometry":{"coordinates":[-76.62901,39.34474],"type":"Point"},"properties":{"kind":"stop","name":"COLD SPRING LN& ATWICK RD eb","stop_id":"12656"},"type":"Feature"},{"geometry":{"coordinates":[-76.58182,39.34048],"type":"Point"},"properties":{"kind":"stop","name":"ARGONNE DR & MCCALLUM DRwb","stop_id":"12658"},"type":"Feature"},{"geometry":{"coordinates":[-76.65188,39.34411],"type":"Point"},"properties":{"kind":"stop","name":"COLD SPRING LN & TAMARIND RD wb","stop_id":"12659"},"type":"Feature"},{"geometry":{"coordinates":[-76.61681,39.28636],"type":"Point"},"properties":{"kind":"stop","name":"Pratt St & Sharp St","stop_id":"1266"},"type":"Feature"},{"geometry":{"coordinates":[-76.73808,39.3883],"type":"Point"},"properties":{"kind":"stop","name":"REISTERSTOWN RD & WOODHOLME CENTER CIR nb","stop_id":"12660"},"type":"Feature"},{"geometry":{"coordinates":[-76.74159,39.39128],"type":"Point"},"properties":{"kind":"stop","name":"REISTERSTOWN RD & GREY ROCK RD nb","stop_id":"12661"},"type":"Feature"},{"geometry":{"coordinates":[-76.76274,39.40743],"type":"Point"},"properties":{"kind":"stop","name":"REISTERSTOWN RD & SAM'S CLUB nb","stop_id":"12663"},"type":"Feature"},{"geometry":{"coordinates":[-76.77184,39.4137],"type":"Point"},"properties":{"kind":"stop","name":"REISTERSTOWN RD & ST THOMAS LN","stop_id":"12664"},"type":"Feature"},{"geometry":{"coordinates":[-76.671,39.35732],"type":"Point"},"properties":{"kind":"stop","name":"PIMLICO RD & ROGERS AVE sb","stop_id":"12665"},"type":"Feature"},{"geometry":{"coordinates":[-76.65414,39.3306],"type":"Point"},"properties":{"kind":"stop","name":"GREENSPRING AVE & DRUID PARK DR fs nb","stop_id":"12669"},"type":"Feature"},{"geometry":{"coordinates":[-76.61404,39.28645],"type":"Point"},"properties":{"kind":"stop","name":"Pratt St & Light St","stop_id":"1267"},"type":"Feature"},{"geometry":{"coordinates":[-76.63005,39.28588],"type":"Point"},"properties":{"kind":"stop","name":"Pratt St & Parkin St","stop_id":"12670"},"type":"Feature"},{"geometry":{"coordinates":[-76.62964,39.27288],"type":"Point"},"properties":{"kind":"stop","name":"RUSSELL ST & BUSH ST sb","stop_id":"12671"},"type":"Feature"},{"geometry":{"coordinates":[-76.53674,39.32553],"type":"Point"},"properties":{"kind":"stop","name":"SINCLAIR LA & SINCLAIR PLAZA","stop_id":"12672"},"type":"Feature"},{"geometry":{"coordinates":[-76.68392,39.19332],"type":"Point"},"properties":{"kind":"stop","name":"ELKRIDGE LANDING RD & SCIENCE DR fs sb","stop_id":"12673"},"type":"Feature"},{"geometry":{"coordinates":[-76.68398,39.19367],"type":"Point"},"properties":{"kind":"stop","name":"ELKRIDGE LANDING RD & SCIENCE DR nb","stop_id":"12674"},"type":"Feature"},{"geometry":{"coordinates":[-76.63319,39.25225],"type":"Point"},"properties":{"kind":"stop","name":"1400 CHERRY HILL RD","stop_id":"12676"},"type":"Feature"},{"geometry":{"coordinates":[-76.61248,39.2865],"type":"Point"},"properties":{"kind":"stop","name":"Pratt St & Calvert St","stop_id":"1268"},"type":"Feature"},{"geometry":{"coordinates":[-76.75896,39.33056],"type":"Point"},"properties":{"kind":"stop","name":"2700 ROLLING RD sb","stop_id":"12681"},"type":"Feature"},{"geometry":{"coordinates":[-76.73202,39.26073],"type":"Point"},"properties":{"kind":"stop","name":"BLOOMSBURY AVE & CATONSVILLE HIGH SCHOOL opp sb","stop_id":"12682"},"type":"Feature"},{"geometry":{"coordinates":[-76.80212,39.41349],"type":"Point"},"properties":{"kind":"stop","name":"300 RED BROOK BLVD wb","stop_id":"12684"},"type":"Feature"},{"geometry":{"coordinates":[-76.80233,39.41338],"type":"Point"},"properties":{"kind":"stop","name":"300 RED BROOK BLVD opp eb","stop_id":"12685"},"type":"Feature"},{"geometry":{"coordinates":[-76.60636,39.40097],"type":"Point"},"properties":{"kind":"stop","name":"PENNSYLVANIA AVE & WASHINGTON AVE","stop_id":"12687"},"type":"Feature"},{"geometry":{"coordinates":[-76.6065,39.39972],"type":"Point"},"properties":{"kind":"stop","name":"111 CHESAPEAKE AVE","stop_id":"12688"},"type":"Feature"},{"geometry":{"coordinates":[-76.54165,39.31565],"type":"Point"},"properties":{"kind":"stop","name":"6050 MORAVIA PARK DR & SENIOR APARTMENTS eb","stop_id":"12689"},"type":"Feature"},{"geometry":{"coordinates":[-76.6484,39.14525],"type":"Point"},"properties":{"kind":"stop","name":"GEORGE CLAUSS BLVD & WAL MART wb","stop_id":"12690"},"type":"Feature"},{"geometry":{"coordinates":[-76.5722,39.32082],"type":"Point"},"properties":{"kind":"stop","name":"ERDMAN AVE & ANNETTA AVE wb opp","stop_id":"12691"},"type":"Feature"},{"geometry":{"coordinates":[-76.59221,39.22281],"type":"Point"},"properties":{"kind":"stop","name":"CHURCH ST & PRUDENCE ST fs wb","stop_id":"12692"},"type":"Feature"},{"geometry":{"coordinates":[-76.63816,39.31488],"type":"Point"},"properties":{"kind":"stop","name":"EUTAW PL & BROOKS LA","stop_id":"12693"},"type":"Feature"},{"geometry":{"coordinates":[-76.63318,39.13723],"type":"Point"},"properties":{"kind":"stop","name":"CRAIN HWY & HIDDEN BROOK DR eb","stop_id":"12695"},"type":"Feature"},{"geometry":{"coordinates":[-76.63347,39.13766],"type":"Point"},"properties":{"kind":"stop","name":"CRAIN HWY & HIDDEN BROOK DR wb","stop_id":"12696"},"type":"Feature"},{"geometry":{"coordinates":[-76.56959,39.27698],"type":"Point"},"properties":{"kind":"stop","name":"BOSTON ST & CLINTON ST eb","stop_id":"12697"},"type":"Feature"},{"geometry":{"coordinates":[-76.58483,39.34011],"type":"Point"},"properties":{"kind":"stop","name":"1800 ARGONNE DR eb","stop_id":"12699"},"type":"Feature"},{"geometry":{"coordinates":[-76.62201,39.29046],"type":"Point"},"properties":{"kind":"stop","name":"Fayette St & Paca St","stop_id":"127"},"type":"Feature"},{"geometry":{"coordinates":[-76.60837,39.28662],"type":"Point"},"properties":{"kind":"stop","name":"Pratt St & Gay St","stop_id":"1270"},"type":"Feature"},{"geometry":{"coordinates":[-76.58501,39.34016],"type":"Point"},"properties":{"kind":"stop","name":"1800 ARGONNE DR wb","stop_id":"12700"},"type":"Feature"},{"geometry":{"coordinates":[-76.63457,39.33092],"type":"Point"},"properties":{"kind":"stop","name":"36TH ST & FALLS RD fs eb","stop_id":"12708"},"type":"Feature"},{"geometry":{"coordinates":[-76.58811,39.22055],"type":"Point"},"properties":{"kind":"stop","name":"PENNINGTON AVE & BENHILL AVE sb","stop_id":"12709"},"type":"Feature"},{"geometry":{"coordinates":[-76.60625,39.2867],"type":"Point"},"properties":{"kind":"stop","name":"Pratt St & Market Pl","stop_id":"1271"},"type":"Feature"},{"geometry":{"coordinates":[-76.58577,39.21016],"type":"Point"},"properties":{"kind":"stop","name":"PENNINGTON AVE & ORDNANCE RD sb","stop_id":"12710"},"type":"Feature"},{"geometry":{"coordinates":[-76.6072,39.31169],"type":"Point"},"properties":{"kind":"stop","name":"HOMEWOOD AVE & NORTH AVE ns sb","stop_id":"12711"},"type":"Feature"},{"geometry":{"coordinates":[-76.65833,39.3095],"type":"Point"},"properties":{"kind":"stop","name":"NORTH AVE & THOMAS AVE fs wb","stop_id":"12713"},"type":"Feature"},{"geometry":{"coordinates":[-76.61788,39.30879],"type":"Point"},"properties":{"kind":"stop","name":"MARYLAND AVE & LANVALE & FALLS fs","stop_id":"12714"},"type":"Feature"},{"geometry":{"coordinates":[-76.54617,39.31785],"type":"Point"},"properties":{"kind":"stop","name":"MORAVIA RD & TRUESDALE AVE sb","stop_id":"12715"},"type":"Feature"},{"geometry":{"coordinates":[-76.54878,39.32167],"type":"Point"},"properties":{"kind":"stop","name":"SINCLAIR LN & MORAVIA RD ns eb","stop_id":"12716"},"type":"Feature"},{"geometry":{"coordinates":[-76.5866,39.22378],"type":"Point"},"properties":{"kind":"stop","name":"CURTIS AVE & CYPRESS ST","stop_id":"12718"},"type":"Feature"},{"geometry":{"coordinates":[-76.60308,39.28729],"type":"Point"},"properties":{"kind":"stop","name":"PRATT & ALBEMARLE eb","stop_id":"1272"},"type":"Feature"},{"geometry":{"coordinates":[-76.55479,39.19318],"type":"Point"},"properties":{"kind":"stop","name":"FORT SMALLWOOD RD & PITTMAN RD sb","stop_id":"12721"},"type":"Feature"},{"geometry":{"coordinates":[-76.61394,39.21902],"type":"Point"},"properties":{"kind":"stop","name":"RITCHIE HWY & SEWARD AVE nb","stop_id":"12726"},"type":"Feature"},{"geometry":{"coordinates":[-76.60864,39.39926],"type":"Point"},"properties":{"kind":"stop","name":"BOSLEY AVE & CHESAPEAKE AVE fs sb","stop_id":"12727"},"type":"Feature"},{"geometry":{"coordinates":[-76.61136,39.2707],"type":"Point"},"properties":{"kind":"stop","name":"LIGHT ST & HEATH ST fs nb","stop_id":"12728"},"type":"Feature"},{"geometry":{"coordinates":[-76.58012,39.37444],"type":"Point"},"properties":{"kind":"stop","name":"LOCH RAVEN BLVD & REGESTER AVE nb","stop_id":"12729"},"type":"Feature"},{"geometry":{"coordinates":[-76.50144,38.98846],"type":"Point"},"properties":{"kind":"stop","name":"TAYLOR AVE & RIDGELY AVE","stop_id":"12730"},"type":"Feature"},{"geometry":{"coordinates":[-76.64312,39.35209],"type":"Point"},"properties":{"kind":"stop","name":"FALLS RD & HAMILL RD sb","stop_id":"12732"},"type":"Feature"},{"geometry":{"coordinates":[-76.67986,39.36826],"type":"Point"},"properties":{"kind":"stop","name":"GREENSPRING AVE & TANEY RD wb","stop_id":"12742"},"type":"Feature"},{"geometry":{"coordinates":[-76.67992,39.36804],"type":"Point"},"properties":{"kind":"stop","name":"GREENSPRING AVE & TANEY RD eb","stop_id":"12743"},"type":"Feature"},{"geometry":{"coordinates":[-76.67861,39.37208],"type":"Point"},"properties":{"kind":"stop","name":"WILLOW GLEN DR & PIMLICO RD eb","stop_id":"12744"},"type":"Feature"},{"geometry":{"coordinates":[-76.67856,39.37219],"type":"Point"},"properties":{"kind":"stop","name":"WILLOW GLEN DR & PIMLICO RD fs wb","stop_id":"12745"},"type":"Feature"},{"geometry":{"coordinates":[-76.68457,39.36357],"type":"Point"},"properties":{"kind":"stop","name":"TANEY RD & BAYWOOD AVE","stop_id":"12747"},"type":"Feature"},{"geometry":{"coordinates":[-76.70812,39.37794],"type":"Point"},"properties":{"kind":"stop","name":"SEVEN MILE LA & SOUTHVALE RD nb","stop_id":"12748"},"type":"Feature"},{"geometry":{"coordinates":[-76.71953,39.37926],"type":"Point"},"properties":{"kind":"stop","name":"3635 OLD COURT RD wb","stop_id":"12750"},"type":"Feature"},{"geometry":{"coordinates":[-76.72188,39.37949],"type":"Point"},"properties":{"kind":"stop","name":"3701 OLD COURT RD wb","stop_id":"12751"},"type":"Feature"},{"geometry":{"coordinates":[-76.72464,39.37906],"type":"Point"},"properties":{"kind":"stop","name":"OLD COURT RD & PIKESVILLE PLAZA wb","stop_id":"12752"},"type":"Feature"},{"geometry":{"coordinates":[-76.68096,39.3664],"type":"Point"},"properties":{"kind":"stop","name":"TANEY RD & BARTOL AVE sb","stop_id":"12757"},"type":"Feature"},{"geometry":{"coordinates":[-76.68469,39.36365],"type":"Point"},"properties":{"kind":"stop","name":"TANEY RD & BAYWOOD AVE sb","stop_id":"12758"},"type":"Feature"},{"geometry":{"coordinates":[-76.60042,39.28829],"type":"Point"},"properties":{"kind":"stop","name":"PRATT ST & LLOYD fs eb","stop_id":"1276"},"type":"Feature"},{"geometry":{"coordinates":[-76.67666,39.2093],"type":"Point"},"properties":{"kind":"stop","name":"AERO DR & CORPORATE BLVD","stop_id":"12760"},"type":"Feature"},{"geometry":{"coordinates":[-76.67894,39.36743],"type":"Point"},"properties":{"kind":"stop","name":"GREENSPRING AVE & WETHERBURN RD sb","stop_id":"12761"},"type":"Feature"},{"geometry":{"coordinates":[-76.70833,39.37785],"type":"Point"},"properties":{"kind":"stop","name":"SEVEN MILE LN & SOUTHVALE RD","stop_id":"12762"},"type":"Feature"},{"geometry":{"coordinates":[-76.59719,39.28905],"type":"Point"},"properties":{"kind":"stop","name":"PRATT ST & CAROLINE ST eb","stop_id":"1277"},"type":"Feature"},{"geometry":{"coordinates":[-76.59398,39.28917],"type":"Point"},"properties":{"kind":"stop","name":"PRATT ST & BROADWAY eb","stop_id":"1278"},"type":"Feature"},{"geometry":{"coordinates":[-76.62426,39.29032],"type":"Point"},"properties":{"kind":"stop","name":"Fayette St & Greene St","stop_id":"128"},"type":"Feature"},{"geometry":{"coordinates":[-76.59045,39.28932],"type":"Point"},"properties":{"kind":"stop","name":"PRATT ST & WOLFE ST eb","stop_id":"1280"},"type":"Feature"},{"geometry":{"coordinates":[-76.58916,39.28934],"type":"Point"},"properties":{"kind":"stop","name":"PRATT ST & WASHINGTON ST eb","stop_id":"1281"},"type":"Feature"},{"geometry":{"coordinates":[-76.58742,39.28941],"type":"Point"},"properties":{"kind":"stop","name":"PRATT ST & CHESTER ST eb","stop_id":"1282"},"type":"Feature"},{"geometry":{"coordinates":[-76.58475,39.28954],"type":"Point"},"properties":{"kind":"stop","name":"PRATT ST & PATTERSON PARK AVE eb","stop_id":"1284"},"type":"Feature"},{"geometry":{"coordinates":[-76.69463,39.27591],"type":"Point"},"properties":{"kind":"stop","name":"BEECHFIELD AVE & THORNFIELD AVE","stop_id":"12848"},"type":"Feature"},{"geometry":{"coordinates":[-76.56877,39.3152],"type":"Point"},"properties":{"kind":"stop","name":"ERDMAN AVE & ENOCH PRATT LIBRARY CENTER","stop_id":"12849"},"type":"Feature"},{"geometry":{"coordinates":[-76.60938,39.33072],"type":"Point"},"properties":{"kind":"stop","name":"GREENMOUNT AVE & 35TH ST nb","stop_id":"12850"},"type":"Feature"},{"geometry":{"coordinates":[-76.65676,39.33817],"type":"Point"},"properties":{"kind":"stop","name":"GREENSPRING AVE & OSWEGO AVE nb","stop_id":"12851"},"type":"Feature"},{"geometry":{"coordinates":[-76.58439,39.28581],"type":"Point"},"properties":{"kind":"stop","name":"PATTERSON PARK & EASTERN fs sb","stop_id":"1287"},"type":"Feature"},{"geometry":{"coordinates":[-76.58276,39.28311],"type":"Point"},"properties":{"kind":"stop","name":"ESSEX & MONTFORD eb","stop_id":"1289"},"type":"Feature"},{"geometry":{"coordinates":[-76.57988,39.283],"type":"Point"},"properties":{"kind":"stop","name":"FAIT & LUZERNE eb","stop_id":"1291"},"type":"Feature"},{"geometry":{"coordinates":[-76.57844,39.28304],"type":"Point"},"properties":{"kind":"stop","name":"FAIT & LAKEWOOD eb","stop_id":"1292"},"type":"Feature"},{"geometry":{"coordinates":[-76.57415,39.28218],"type":"Point"},"properties":{"kind":"stop","name":"HUDSON & POTOMAC eb","stop_id":"1295"},"type":"Feature"},{"geometry":{"coordinates":[-76.5714,39.28229],"type":"Point"},"properties":{"kind":"stop","name":"HUDSON & EAST eb","stop_id":"1297"},"type":"Feature"},{"geometry":{"coordinates":[-76.65948,39.34528],"type":"Point"},"properties":{"kind":"stop","name":"Due Dupont","stop_id":"13"},"type":"Feature"},{"geometry":{"coordinates":[-76.62916,39.29013],"type":"Point"},"properties":{"kind":"stop","name":"Fayette St & Fremont Ave","stop_id":"130"},"type":"Feature"},{"geometry":{"coordinates":[-76.56696,39.28166],"type":"Point"},"properties":{"kind":"stop","name":"Conkling St & Dillon St","stop_id":"1301"},"type":"Feature"},{"geometry":{"coordinates":[-76.56668,39.28147],"type":"Point"},"properties":{"kind":"stop","name":"Conkling St & Dillon St","stop_id":"1307"},"type":"Feature"},{"geometry":{"coordinates":[-76.56868,39.28246],"type":"Point"},"properties":{"kind":"stop","name":"HUDSON & HIGHLAND wb","stop_id":"1309"},"type":"Feature"},{"geometry":{"coordinates":[-76.63191,39.29003],"type":"Point"},"properties":{"kind":"stop","name":"Fayette St & Poppleton St","stop_id":"131"},"type":"Feature"},{"geometry":{"coordinates":[-76.57109,39.28247],"type":"Point"},"properties":{"kind":"stop","name":"HUDSON & EAST wb","stop_id":"1311"},"type":"Feature"},{"geometry":{"coordinates":[-76.57404,39.28226],"type":"Point"},"properties":{"kind":"stop","name":"HUDSON & POTOMAC wb","stop_id":"1313"},"type":"Feature"},{"geometry":{"coordinates":[-76.57689,39.28215],"type":"Point"},"properties":{"kind":"stop","name":"HUDSON & KENWOOD wb","stop_id":"1315"},"type":"Feature"},{"geometry":{"coordinates":[-76.57728,39.28315],"type":"Point"},"properties":{"kind":"stop","name":"FAIT & KENWOOD fs wb","stop_id":"1316"},"type":"Feature"},{"geometry":{"coordinates":[-76.57977,39.28308],"type":"Point"},"properties":{"kind":"stop","name":"FAIT & LUZERNE wb","stop_id":"1317"},"type":"Feature"},{"geometry":{"coordinates":[-76.58263,39.28295],"type":"Point"},"properties":{"kind":"stop","name":"FAIT & MONTFORD wb","stop_id":"1319"},"type":"Feature"},{"geometry":{"coordinates":[-76.63346,39.28998],"type":"Point"},"properties":{"kind":"stop","name":"Fayette St & Schroeder St","stop_id":"132"},"type":"Feature"},{"geometry":{"coordinates":[-76.5842,39.28583],"type":"Point"},"properties":{"kind":"stop","name":"PATTERSON PARK & EASTERN nb","stop_id":"1322"},"type":"Feature"},{"geometry":{"coordinates":[-76.58445,39.2894],"type":"Point"},"properties":{"kind":"stop","name":"PATTERSON PARK AVE & PRATT ST nb","stop_id":"1325"},"type":"Feature"},{"geometry":{"coordinates":[-76.58601,39.29076],"type":"Point"},"properties":{"kind":"stop","name":"LOMBARD ST & COLLINGTON AVE wb","stop_id":"1326"},"type":"Feature"},{"geometry":{"coordinates":[-76.58891,39.29065],"type":"Point"},"properties":{"kind":"stop","name":"Lombard St & Washington St","stop_id":"1328"},"type":"Feature"},{"geometry":{"coordinates":[-76.59059,39.29058],"type":"Point"},"properties":{"kind":"stop","name":"LOMBARD ST & WOLFE ST wb","stop_id":"1329"},"type":"Feature"},{"geometry":{"coordinates":[-76.59416,39.29043],"type":"Point"},"properties":{"kind":"stop","name":"LOMBARD ST & BROADWAY fs wb","stop_id":"1331"},"type":"Feature"},{"geometry":{"coordinates":[-76.59744,39.29032],"type":"Point"},"properties":{"kind":"stop","name":"LOMBARD ST & CAROLINE ST fs wb","stop_id":"1332"},"type":"Feature"},{"geometry":{"coordinates":[-76.59927,39.29026],"type":"Point"},"properties":{"kind":"stop","name":"LOMBARD ST & CENTRAL AVE wb","stop_id":"1333"},"type":"Feature"},{"geometry":{"coordinates":[-76.49558,38.97943],"type":"Point"},"properties":{"kind":"stop","name":"CALVERT ST & CLAY ST wb","stop_id":"13337"},"type":"Feature"},{"geometry":{"coordinates":[-76.55134,39.19486],"type":"Point"},"properties":{"kind":"stop","name":"SWAN CREEK & CABOT DR nb","stop_id":"13339"},"type":"Feature"},{"geometry":{"coordinates":[-76.59457,39.30081],"type":"Point"},"properties":{"kind":"stop","name":"BROADWAY & ASHLAND sb","stop_id":"13340"},"type":"Feature"},{"geometry":{"coordinates":[-76.6036,39.28888],"type":"Point"},"properties":{"kind":"stop","name":"LOMBARD ST & ALBEMARLE ST wb","stop_id":"1335"},"type":"Feature"},{"geometry":{"coordinates":[-76.60743,39.28799],"type":"Point"},"properties":{"kind":"stop","name":"Lombard St & Market Pl","stop_id":"1336"},"type":"Feature"},{"geometry":{"coordinates":[-76.60994,39.2879],"type":"Point"},"properties":{"kind":"stop","name":"Lombard St & Commerce St","stop_id":"1337"},"type":"Feature"},{"geometry":{"coordinates":[-76.61177,39.28792],"type":"Point"},"properties":{"kind":"stop","name":"Lombard St & Calvert St","stop_id":"1338"},"type":"Feature"},{"geometry":{"coordinates":[-76.61338,39.28788],"type":"Point"},"properties":{"kind":"stop","name":"Lombard St & Light St","stop_id":"1339"},"type":"Feature"},{"geometry":{"coordinates":[-76.61745,39.28777],"type":"Point"},"properties":{"kind":"stop","name":"Lombard St & Hopkins Pl","stop_id":"1341"},"type":"Feature"},{"geometry":{"coordinates":[-76.61898,39.28772],"type":"Point"},"properties":{"kind":"stop","name":"Lombard St & Howard St","stop_id":"1342"},"type":"Feature"},{"geometry":{"coordinates":[-76.62116,39.28758],"type":"Point"},"properties":{"kind":"stop","name":"Lombard St & Eutaw St","stop_id":"1343"},"type":"Feature"},{"geometry":{"coordinates":[-76.62216,39.28914],"type":"Point"},"properties":{"kind":"stop","name":"PACA ST & BALTIMORE nb","stop_id":"1344"},"type":"Feature"},{"geometry":{"coordinates":[-76.62224,39.29053],"type":"Point"},"properties":{"kind":"stop","name":"PACA ST & FAYETTE ST fs nb","stop_id":"1345"},"type":"Feature"},{"geometry":{"coordinates":[-76.62635,39.29696],"type":"Point"},"properties":{"kind":"stop","name":"PENNSYLVANIA AVE & MLK BLVD fs nb","stop_id":"1351"},"type":"Feature"},{"geometry":{"coordinates":[-76.55128,39.19283],"type":"Point"},"properties":{"kind":"stop","name":"SWAN CREEK DR & KEMBO RD fs","stop_id":"13517"},"type":"Feature"},{"geometry":{"coordinates":[-76.62883,39.29895],"type":"Point"},"properties":{"kind":"stop","name":"PENNSYLVANIA AVE & HOFFMAN mb nb","stop_id":"1352"},"type":"Feature"},{"geometry":{"coordinates":[-76.55108,39.30478],"type":"Point"},"properties":{"kind":"stop","name":"HARPERS WAY & HORNERS LN eb","stop_id":"13520"},"type":"Feature"},{"geometry":{"coordinates":[-76.65291,39.3181],"type":"Point"},"properties":{"kind":"stop","name":"MONDAWMIN METRO STATION BAY 1","stop_id":"13521"},"type":"Feature"},{"geometry":{"coordinates":[-76.65289,39.3179],"type":"Point"},"properties":{"kind":"stop","name":"Mondawmin Metro Station (Bus Bay 2)","stop_id":"13522"},"type":"Feature"},{"geometry":{"coordinates":[-76.65347,39.31817],"type":"Point"},"properties":{"kind":"stop","name":"MONDAWMIN METRO STATION BAY 3","stop_id":"13523"},"type":"Feature"},{"geometry":{"coordinates":[-76.65245,39.31788],"type":"Point"},"properties":{"kind":"stop","name":"MONDAWMIN METRO STATION BAY 4","stop_id":"13524"},"type":"Feature"},{"geometry":{"coordinates":[-76.65272,39.31801],"type":"Point"},"properties":{"kind":"stop","name":"MONDAWMIN METRO STATION BAY 5","stop_id":"13525"},"type":"Feature"},{"geometry":{"coordinates":[-76.65224,39.31778],"type":"Point"},"properties":{"kind":"stop","name":"MONDAWMIN METRO STATION BAY 6","stop_id":"13526"},"type":"Feature"},{"geometry":{"coordinates":[-76.65259,39.31773],"type":"Point"},"properties":{"kind":"stop","name":"MONDAWMIN METRO STATION BAY 7","stop_id":"13527"},"type":"Feature"},{"geometry":{"coordinates":[-76.65281,39.31784],"type":"Point"},"properties":{"kind":"stop","name":"Mondawmin Metro Station (Bus Bay 8)","stop_id":"13528"},"type":"Feature"},{"geometry":{"coordinates":[-76.76421,39.34407],"type":"Point"},"properties":{"kind":"stop","name":"ROLLING RD & ROXY DR fs sb","stop_id":"13538"},"type":"Feature"},{"geometry":{"coordinates":[-76.79807,39.40697],"type":"Point"},"properties":{"kind":"stop","name":"RED RUN BLVD & PALADIUM CT sb","stop_id":"13548"},"type":"Feature"},{"geometry":{"coordinates":[-76.79796,39.4067],"type":"Point"},"properties":{"kind":"stop","name":"RED RUN BLVD & PALADIUM CT","stop_id":"13549"},"type":"Feature"},{"geometry":{"coordinates":[-76.64952,39.31408],"type":"Point"},"properties":{"kind":"stop","name":"ELGIN AVE & MONROE ST fs","stop_id":"13568"},"type":"Feature"},{"geometry":{"coordinates":[-76.63528,39.30415],"type":"Point"},"properties":{"kind":"stop","name":"PENNSYLVANIA AVE& LAURENS ST nb","stop_id":"1357"},"type":"Feature"},{"geometry":{"coordinates":[-76.54978,39.17665],"type":"Point"},"properties":{"kind":"stop","name":"7603 ENERGY PKWY opp wb","stop_id":"13581"},"type":"Feature"},{"geometry":{"coordinates":[-76.60256,39.36493],"type":"Point"},"properties":{"kind":"stop","name":"NORTHERN PKWY & LENTON AVE fs eb","stop_id":"13582"},"type":"Feature"},{"geometry":{"coordinates":[-76.69003,39.36984],"type":"Point"},"properties":{"kind":"stop","name":"FALLSTAFF RD & APOLLO DR eb","stop_id":"13586"},"type":"Feature"},{"geometry":{"coordinates":[-76.57979,39.29778],"type":"Point"},"properties":{"kind":"stop","name":"MCELDERRY ST & GLOVER ST wb","stop_id":"13589"},"type":"Feature"},{"geometry":{"coordinates":[-76.63715,39.30568],"type":"Point"},"properties":{"kind":"stop","name":"PENNSYLVANIA AVE & PRESSTMAN ST nb","stop_id":"1359"},"type":"Feature"},{"geometry":{"coordinates":[-76.63831,39.29298],"type":"Point"},"properties":{"kind":"stop","name":"Carey St & Mulberry St","stop_id":"136"},"type":"Feature"},{"geometry":{"coordinates":[-76.77025,39.41795],"type":"Point"},"properties":{"kind":"stop","name":"TORAH INSTITUTE","stop_id":"13609"},"type":"Feature"},{"geometry":{"coordinates":[-76.56076,39.31457],"type":"Point"},"properties":{"kind":"stop","name":"SINCLAIR LN & FRIAR FIELD RUN fs eb","stop_id":"13611"},"type":"Feature"},{"geometry":{"coordinates":[-76.55739,39.31628],"type":"Point"},"properties":{"kind":"stop","name":"4017 SINCLAIR LN eb","stop_id":"13612"},"type":"Feature"},{"geometry":{"coordinates":[-76.63253,39.31525],"type":"Point"},"properties":{"kind":"stop","name":"2419 LAKEVIEW AVE nb","stop_id":"13615"},"type":"Feature"},{"geometry":{"coordinates":[-76.4502,39.36761],"type":"Point"},"properties":{"kind":"stop","name":"CAMPBELL BLVD & PHILADELPHIA RD wb","stop_id":"13618"},"type":"Feature"},{"geometry":{"coordinates":[-76.67498,39.36583],"type":"Point"},"properties":{"kind":"stop","name":"GREENSPRING AVE & RELLIM RD eb","stop_id":"13619"},"type":"Feature"},{"geometry":{"coordinates":[-76.51448,39.32097],"type":"Point"},"properties":{"kind":"stop","name":"PHILADELPHIA RD & CHESACO AVE fs wb","stop_id":"13620"},"type":"Feature"},{"geometry":{"coordinates":[-76.70727,39.34516],"type":"Point"},"properties":{"kind":"stop","name":"METRO DR & MT HOPE DR nb","stop_id":"13621"},"type":"Feature"},{"geometry":{"coordinates":[-76.60972,39.29407],"type":"Point"},"properties":{"kind":"stop","name":"HILLEN ST & THE FALLSWAY sb","stop_id":"13624"},"type":"Feature"},{"geometry":{"coordinates":[-76.64166,39.30946],"type":"Point"},"properties":{"kind":"stop","name":"PENNSYLVANIA AVE & CUMBERLAND ST nb","stop_id":"1364"},"type":"Feature"},{"geometry":{"coordinates":[-76.64214,39.30985],"type":"Point"},"properties":{"kind":"stop","name":"PENNSYLVANIA AVE & NORTH AVE nb","stop_id":"1365"},"type":"Feature"},{"geometry":{"coordinates":[-76.47544,39.34736],"type":"Point"},"properties":{"kind":"stop","name":"6820 HOSPITAL DR nb","stop_id":"13650"},"type":"Feature"},{"geometry":{"coordinates":[-76.47554,39.34729],"type":"Point"},"properties":{"kind":"stop","name":"HOSPITAL DR & 6820 HOSPITAL DR opp sb","stop_id":"13651"},"type":"Feature"},{"geometry":{"coordinates":[-76.50236,38.98694],"type":"Point"},"properties":{"kind":"stop","name":"ROWE BLVD & TAYLOR AVE wb","stop_id":"13653"},"type":"Feature"},{"geometry":{"coordinates":[-76.56437,39.31368],"type":"Point"},"properties":{"kind":"stop","name":"SINCLAIR LN & COLEMAN AVE wb","stop_id":"13654"},"type":"Feature"},{"geometry":{"coordinates":[-76.64358,39.31108],"type":"Point"},"properties":{"kind":"stop","name":"PENNSYLVANIA AVE & RETREAT ST nb","stop_id":"1366"},"type":"Feature"},{"geometry":{"coordinates":[-76.67315,39.23462],"type":"Point"},"properties":{"kind":"stop","name":"HOLLINS FERRY RD & TRANSWAY RD eb","stop_id":"13661"},"type":"Feature"},{"geometry":{"coordinates":[-76.67336,39.25748],"type":"Point"},"properties":{"kind":"stop","name":"1701 TWIN SPRINGS RD","stop_id":"13662"},"type":"Feature"},{"geometry":{"coordinates":[-76.61924,39.28626],"type":"Point"},"properties":{"kind":"stop","name":"HOWARD ST & PRATT ST ns (CONVENTION CENTER)","stop_id":"13664"},"type":"Feature"},{"geometry":{"coordinates":[-76.64506,39.31233],"type":"Point"},"properties":{"kind":"stop","name":"PENNSYLVANIA AVE& CLIFTON AVE nb","stop_id":"1367"},"type":"Feature"},{"geometry":{"coordinates":[-76.61701,39.15279],"type":"Point"},"properties":{"kind":"stop","name":"AQUAHART RD & GREENWAY RD wb","stop_id":"13672"},"type":"Feature"},{"geometry":{"coordinates":[-76.7088,39.34918],"type":"Point"},"properties":{"kind":"stop","name":"METRO DR & MARIAN DR nb","stop_id":"13674"},"type":"Feature"},{"geometry":{"coordinates":[-76.48544,39.27806],"type":"Point"},"properties":{"kind":"stop","name":"NORTH POINT RD & KIMBERLY RD fs nb","stop_id":"13675"},"type":"Feature"},{"geometry":{"coordinates":[-76.50563,39.23874],"type":"Point"},"properties":{"kind":"stop","name":"Avondale Rd & Glenard Middleton Ct","stop_id":"13681"},"type":"Feature"},{"geometry":{"coordinates":[-76.50483,39.23998],"type":"Point"},"properties":{"kind":"stop","name":"Avondale Rd & Beal Dr","stop_id":"13682"},"type":"Feature"},{"geometry":{"coordinates":[-76.62842,39.2723],"type":"Point"},"properties":{"kind":"stop","name":"HAINES ST & WARNER ST wb","stop_id":"13686"},"type":"Feature"},{"geometry":{"coordinates":[-76.6736,39.35707],"type":"Point"},"properties":{"kind":"stop","name":"NORTHERN PKWY & STUART AVE wb","stop_id":"13689"},"type":"Feature"},{"geometry":{"coordinates":[-76.64594,39.31306],"type":"Point"},"properties":{"kind":"stop","name":"PENNSYLVANIA AVE & FULTON AVE nb","stop_id":"1369"},"type":"Feature"},{"geometry":{"coordinates":[-76.69925,39.33875],"type":"Point"},"properties":{"kind":"stop","name":"ROGERS AVE & ROGERS POST APARTMENTS sb","stop_id":"13690"},"type":"Feature"},{"geometry":{"coordinates":[-76.70601,39.37504],"type":"Point"},"properties":{"kind":"stop","name":"SMITH AVE & SEVEN MILE LN wb","stop_id":"13691"},"type":"Feature"},{"geometry":{"coordinates":[-76.70592,39.37494],"type":"Point"},"properties":{"kind":"stop","name":"SMITH AVE & SEVEN MILE LN eb","stop_id":"13692"},"type":"Feature"},{"geometry":{"coordinates":[-76.5876,39.21532],"type":"Point"},"properties":{"kind":"stop","name":"PENNINGTON AVE & OPEN ST sb","stop_id":"13693"},"type":"Feature"},{"geometry":{"coordinates":[-76.58744,39.21541],"type":"Point"},"properties":{"kind":"stop","name":"PENNINGTON AVE & OPEN ST nb","stop_id":"13694"},"type":"Feature"},{"geometry":{"coordinates":[-76.70045,39.37542],"type":"Point"},"properties":{"kind":"stop","name":"SMITH AVE & LABYRINTH RD eb","stop_id":"13695"},"type":"Feature"},{"geometry":{"coordinates":[-76.69995,39.37558],"type":"Point"},"properties":{"kind":"stop","name":"SMITH AVE & LABYRINTH RD wb","stop_id":"13696"},"type":"Feature"},{"geometry":{"coordinates":[-76.50576,39.37718],"type":"Point"},"properties":{"kind":"stop","name":"BELAIR RD & PUTTY HILL AVE sb","stop_id":"13698"},"type":"Feature"},{"geometry":{"coordinates":[-76.63049,39.27263],"type":"Point"},"properties":{"kind":"stop","name":"BUSH ST & RUSSELL ST eb","stop_id":"13699"},"type":"Feature"},{"geometry":{"coordinates":[-76.63834,39.29405],"type":"Point"},"properties":{"kind":"stop","name":"Carey St & Franklin St","stop_id":"137"},"type":"Feature"},{"geometry":{"coordinates":[-76.49748,39.33248],"type":"Point"},"properties":{"kind":"stop","name":"PHILADELPHIA RD & GOLDEN RING MIDDLE SCHOOL","stop_id":"13700"},"type":"Feature"},{"geometry":{"coordinates":[-76.6378,39.2726],"type":"Point"},"properties":{"kind":"stop","name":"WICOMICO ST & MONROE ST nb","stop_id":"13702"},"type":"Feature"},{"geometry":{"coordinates":[-76.67162,39.37286],"type":"Point"},"properties":{"kind":"stop","name":"EDENVALE RD & FARRINGDON RD nb","stop_id":"13704"},"type":"Feature"},{"geometry":{"coordinates":[-76.67179,39.37272],"type":"Point"},"properties":{"kind":"stop","name":"EDENVALE RD & FARRINGDON RD sb","stop_id":"13705"},"type":"Feature"},{"geometry":{"coordinates":[-76.55439,39.32512],"type":"Point"},"properties":{"kind":"stop","name":"BOWLEYS LN & GUNTHER AVE","stop_id":"13707"},"type":"Feature"},{"geometry":{"coordinates":[-76.56678,39.32245],"type":"Point"},"properties":{"kind":"stop","name":"MANNASOTA AVE & CHESTERFIELD AVE eb","stop_id":"13708"},"type":"Feature"},{"geometry":{"coordinates":[-76.75841,39.40425],"type":"Point"},"properties":{"kind":"stop","name":"REISTERSTOWN RD & HARDEN AVE sb","stop_id":"13712"},"type":"Feature"},{"geometry":{"coordinates":[-76.5568,39.28078],"type":"Point"},"properties":{"kind":"stop","name":"O'Donnell St & Newkirk St","stop_id":"13716"},"type":"Feature"},{"geometry":{"coordinates":[-76.55716,39.28093],"type":"Point"},"properties":{"kind":"stop","name":"O'Donnell St & Macon St","stop_id":"13717"},"type":"Feature"},{"geometry":{"coordinates":[-76.57185,39.32033],"type":"Point"},"properties":{"kind":"stop","name":"ERDMAN AVE & EDISON HWY eb","stop_id":"13718"},"type":"Feature"},{"geometry":{"coordinates":[-76.65812,39.32617],"type":"Point"},"properties":{"kind":"stop","name":"REISTERSTOWN RD & PARK HEIGHTS AVE fs nb","stop_id":"1372"},"type":"Feature"},{"geometry":{"coordinates":[-76.61478,39.28574],"type":"Point"},"properties":{"kind":"stop","name":"CHARLES ST & CAMDEN","stop_id":"13722"},"type":"Feature"},{"geometry":{"coordinates":[-76.6177,39.28655],"type":"Point"},"properties":{"kind":"stop","name":"HOPKINS PL & PRATT ST","stop_id":"13723"},"type":"Feature"},{"geometry":{"coordinates":[-76.62337,39.29938],"type":"Point"},"properties":{"kind":"stop","name":"MLK BLVD & MCCULLOH ST sb","stop_id":"13724"},"type":"Feature"},{"geometry":{"coordinates":[-76.51217,39.26019],"type":"Point"},"properties":{"kind":"stop","name":"SOLLERS POINT RD & MERRITT AVE","stop_id":"13730"},"type":"Feature"},{"geometry":{"coordinates":[-76.56566,39.28066],"type":"Point"},"properties":{"kind":"stop","name":"O'Donnell St & Dean St","stop_id":"13732"},"type":"Feature"},{"geometry":{"coordinates":[-76.56548,39.28052],"type":"Point"},"properties":{"kind":"stop","name":"O'Donnell St & Dean St","stop_id":"13733"},"type":"Feature"},{"geometry":{"coordinates":[-76.62734,39.29036],"type":"Point"},"properties":{"kind":"stop","name":"MLK BLVD & FAYETTE ST nb","stop_id":"13735"},"type":"Feature"},{"geometry":{"coordinates":[-76.75638,39.27367],"type":"Point"},"properties":{"kind":"stop","name":"ROLLING RD & EDMONDSON AVE sb","stop_id":"13737"},"type":"Feature"},{"geometry":{"coordinates":[-76.75918,39.33168],"type":"Point"},"properties":{"kind":"stop","name":"2749 ROLLING RD nb","stop_id":"13739"},"type":"Feature"},{"geometry":{"coordinates":[-76.66013,39.32885],"type":"Point"},"properties":{"kind":"stop","name":"REISTERSTOWN RD & ULMAN AVE nb","stop_id":"1374"},"type":"Feature"},{"geometry":{"coordinates":[-76.75963,39.33336],"type":"Point"},"properties":{"kind":"stop","name":"ROLLING RD & WINDSOR BLVD nb","stop_id":"13740"},"type":"Feature"},{"geometry":{"coordinates":[-76.75749,39.36663],"type":"Point"},"properties":{"kind":"stop","name":"OLD COURT RD & AL HANNAH CIR wb","stop_id":"13742"},"type":"Feature"},{"geometry":{"coordinates":[-76.81532,39.44812],"type":"Point"},"properties":{"kind":"stop","name":"REISTERSTOWN RD & REISTERSTOWN SHOPPING CENTER nb","stop_id":"13745"},"type":"Feature"},{"geometry":{"coordinates":[-76.51214,39.27205],"type":"Point"},"properties":{"kind":"stop","name":"HOLABIRD AVE & RANDOLPH AVE fs eb","stop_id":"13746"},"type":"Feature"},{"geometry":{"coordinates":[-76.4801,39.26194],"type":"Point"},"properties":{"kind":"stop","name":"WISE AVE & SEABRIGHT AVE eb","stop_id":"13747"},"type":"Feature"},{"geometry":{"coordinates":[-76.58474,39.31188],"type":"Point"},"properties":{"kind":"stop","name":"GAY ST & MONTFORD AVE nb","stop_id":"13748"},"type":"Feature"},{"geometry":{"coordinates":[-76.661,39.32999],"type":"Point"},"properties":{"kind":"stop","name":"REISTERSTOWN RD & VIOLET AVE","stop_id":"1375"},"type":"Feature"},{"geometry":{"coordinates":[-76.80722,39.44127],"type":"Point"},"properties":{"kind":"stop","name":"REISTERSTOWN RD & SHETLAND CIR fs sb","stop_id":"13756"},"type":"Feature"},{"geometry":{"coordinates":[-76.60817,39.26469],"type":"Point"},"properties":{"kind":"stop","name":"MISSION BLVD & RYE ST fs nb","stop_id":"13761"},"type":"Feature"},{"geometry":{"coordinates":[-76.63425,39.2754],"type":"Point"},"properties":{"kind":"stop","name":"WICOMICO ST & BUSH ST nb","stop_id":"13767"},"type":"Feature"},{"geometry":{"coordinates":[-76.63412,39.27566],"type":"Point"},"properties":{"kind":"stop","name":"WICOMICO ST & BUSH ST sb","stop_id":"13768"},"type":"Feature"},{"geometry":{"coordinates":[-76.66298,39.3326],"type":"Point"},"properties":{"kind":"stop","name":"REISTERSTOWN RD & KEYWORTH AVE nb","stop_id":"1377"},"type":"Feature"},{"geometry":{"coordinates":[-76.66389,39.33378],"type":"Point"},"properties":{"kind":"stop","name":"REISTERSTOWN RD & SHIRLEY AVE nb","stop_id":"1378"},"type":"Feature"},{"geometry":{"coordinates":[-76.54952,39.29436],"type":"Point"},"properties":{"kind":"stop","name":"LOMBARD ST & BIOSCIENCE DR fs wb","stop_id":"13783"},"type":"Feature"},{"geometry":{"coordinates":[-76.63385,39.28986],"type":"Point"},"properties":{"kind":"stop","name":"SCHROEDER ST & FAYETTE ST fs sb","stop_id":"13794"},"type":"Feature"},{"geometry":{"coordinates":[-76.63397,39.29241],"type":"Point"},"properties":{"kind":"stop","name":"SCHROEDER ST & SARATOGA ST nb","stop_id":"13795"},"type":"Feature"},{"geometry":{"coordinates":[-76.59409,39.29825],"type":"Point"},"properties":{"kind":"stop","name":"BROADWAY & MONUMENT ST nb","stop_id":"13797"},"type":"Feature"},{"geometry":{"coordinates":[-76.59418,39.29951],"type":"Point"},"properties":{"kind":"stop","name":"BROADWAY & MADISON ST fs nb","stop_id":"13798"},"type":"Feature"},{"geometry":{"coordinates":[-76.63843,39.29525],"type":"Point"},"properties":{"kind":"stop","name":"Carey St & Edmondson Ave","stop_id":"138"},"type":"Feature"},{"geometry":{"coordinates":[-76.59381,39.29419],"type":"Point"},"properties":{"kind":"stop","name":"BROADWAY & FAYETTE fs nb","stop_id":"13800"},"type":"Feature"},{"geometry":{"coordinates":[-76.59418,39.29417],"type":"Point"},"properties":{"kind":"stop","name":"BROADWAY & FAYETTE ST sb","stop_id":"13803"},"type":"Feature"},{"geometry":{"coordinates":[-76.59667,39.28541],"type":"Point"},"properties":{"kind":"stop","name":"Eastern Ave & Caroline St","stop_id":"13805"},"type":"Feature"},{"geometry":{"coordinates":[-76.64549,39.29528],"type":"Point"},"properties":{"kind":"stop","name":"FULTON AVE & EDMONDSON AVE fs nb","stop_id":"13809"},"type":"Feature"},{"geometry":{"coordinates":[-76.66639,39.33702],"type":"Point"},"properties":{"kind":"stop","name":"REISTERSTOWN RD & CLASSEN AVE nb","stop_id":"1381"},"type":"Feature"},{"geometry":{"coordinates":[-76.64563,39.29871],"type":"Point"},"properties":{"kind":"stop","name":"FULTON AVE & LAFAYETTE AVE nb","stop_id":"13810"},"type":"Feature"},{"geometry":{"coordinates":[-76.60615,39.29734],"type":"Point"},"properties":{"kind":"stop","name":"FORREST ST & GREENMOUNT AVE fs sb","stop_id":"13811"},"type":"Feature"},{"geometry":{"coordinates":[-76.60231,39.28514],"type":"Point"},"properties":{"kind":"stop","name":"EASTERN AVE & PRESIDENT ST fs eb","stop_id":"13814"},"type":"Feature"},{"geometry":{"coordinates":[-76.59683,39.28546],"type":"Point"},"properties":{"kind":"stop","name":"Eastern Ave & Caroline St","stop_id":"13815"},"type":"Feature"},{"geometry":{"coordinates":[-76.61144,39.29879],"type":"Point"},"properties":{"kind":"stop","name":"MADISON ST & GUILFORD AVE wb","stop_id":"13819"},"type":"Feature"},{"geometry":{"coordinates":[-76.66771,39.33877],"type":"Point"},"properties":{"kind":"stop","name":"REISTERSTOWN RD & COLDSPRING LN nb","stop_id":"1382"},"type":"Feature"},{"geometry":{"coordinates":[-76.62131,39.29842],"type":"Point"},"properties":{"kind":"stop","name":"MADISON ST & EUTAW ST wb","stop_id":"13822"},"type":"Feature"},{"geometry":{"coordinates":[-76.64565,39.29884],"type":"Point"},"properties":{"kind":"stop","name":"LAFAYETTE AVE & FULTON AVE wb","stop_id":"13823"},"type":"Feature"},{"geometry":{"coordinates":[-76.64735,39.2952],"type":"Point"},"properties":{"kind":"stop","name":"MONROE ST & EDMONDSON AVE sb","stop_id":"13824"},"type":"Feature"},{"geometry":{"coordinates":[-76.62147,39.29663],"type":"Point"},"properties":{"kind":"stop","name":"CENTRE ST & EUTAW ST eb","stop_id":"13825"},"type":"Feature"},{"geometry":{"coordinates":[-76.61997,39.29622],"type":"Point"},"properties":{"kind":"stop","name":"CENTRE ST & HOWARD ST eb","stop_id":"13826"},"type":"Feature"},{"geometry":{"coordinates":[-76.61581,39.2963],"type":"Point"},"properties":{"kind":"stop","name":"CENTRE ST & CHARLES ST eb ns","stop_id":"13827"},"type":"Feature"},{"geometry":{"coordinates":[-76.61389,39.29638],"type":"Point"},"properties":{"kind":"stop","name":"CENTRE ST & ST PAUL ST fs eb","stop_id":"13828"},"type":"Feature"},{"geometry":{"coordinates":[-76.56723,39.31345],"type":"Point"},"properties":{"kind":"stop","name":"SINCLAIR LN & ERDMAN AVE fs eb","stop_id":"13829"},"type":"Feature"},{"geometry":{"coordinates":[-76.66944,39.33984],"type":"Point"},"properties":{"kind":"stop","name":"REISTERSTOWN RD & WYLIE AVE nb","stop_id":"1383"},"type":"Feature"},{"geometry":{"coordinates":[-76.65342,39.31871],"type":"Point"},"properties":{"kind":"stop","name":"LIBERTY HEIGHTS AVE & REISTERSTOWN RD fs wb","stop_id":"13833"},"type":"Feature"},{"geometry":{"coordinates":[-76.61171,39.30474],"type":"Point"},"properties":{"kind":"stop","name":"PRESTON ST & GUILFORD ST ns wb","stop_id":"13834"},"type":"Feature"},{"geometry":{"coordinates":[-76.78351,39.35892],"type":"Point"},"properties":{"kind":"stop","name":"NORTHWEST HOSPITAL","stop_id":"13836"},"type":"Feature"},{"geometry":{"coordinates":[-76.61186,39.30357],"type":"Point"},"properties":{"kind":"stop","name":"BIDDLE ST & GUILFORD AVE eb","stop_id":"13838"},"type":"Feature"},{"geometry":{"coordinates":[-76.59578,39.31676],"type":"Point"},"properties":{"kind":"stop","name":"25TH ST & HARFORD RD wb fs","stop_id":"13839"},"type":"Feature"},{"geometry":{"coordinates":[-76.59799,39.31731],"type":"Point"},"properties":{"kind":"stop","name":"25TH ST & AISQUITH ST wb ns","stop_id":"13840"},"type":"Feature"},{"geometry":{"coordinates":[-76.60199,39.31821],"type":"Point"},"properties":{"kind":"stop","name":"25TH ST & KIRK AVE wb ns","stop_id":"13841"},"type":"Feature"},{"geometry":{"coordinates":[-76.60491,39.31834],"type":"Point"},"properties":{"kind":"stop","name":"25TH ST & HOMEWOOD AVE opp wb","stop_id":"13843"},"type":"Feature"},{"geometry":{"coordinates":[-76.60958,39.31814],"type":"Point"},"properties":{"kind":"stop","name":"25TH ST & GREENMOUNT AVE wb fs","stop_id":"13844"},"type":"Feature"},{"geometry":{"coordinates":[-76.61707,39.31789],"type":"Point"},"properties":{"kind":"stop","name":"25TH ST & CHARLES ST wb fs","stop_id":"13846"},"type":"Feature"},{"geometry":{"coordinates":[-76.61845,39.31782],"type":"Point"},"properties":{"kind":"stop","name":"25TH ST & MARYLAND AVE wb fs","stop_id":"13847"},"type":"Feature"},{"geometry":{"coordinates":[-76.63291,39.33428],"type":"Point"},"properties":{"kind":"stop","name":"ROLAND AVE & 38TH ST sb ns","stop_id":"13848"},"type":"Feature"},{"geometry":{"coordinates":[-76.67224,39.3406],"type":"Point"},"properties":{"kind":"stop","name":"REISTERSTOWN RD & VIRGINIA AVE nb","stop_id":"1385"},"type":"Feature"},{"geometry":{"coordinates":[-76.61716,39.31784],"type":"Point"},"properties":{"kind":"stop","name":"25TH ST & CHARLES ST eb fs","stop_id":"13850"},"type":"Feature"},{"geometry":{"coordinates":[-76.61546,39.31786],"type":"Point"},"properties":{"kind":"stop","name":"25TH ST & ST PAUL ST eb ns","stop_id":"13851"},"type":"Feature"},{"geometry":{"coordinates":[-76.60962,39.31802],"type":"Point"},"properties":{"kind":"stop","name":"25TH ST & GREENMOUNT AVE eb fs","stop_id":"13852"},"type":"Feature"},{"geometry":{"coordinates":[-76.60504,39.31826],"type":"Point"},"properties":{"kind":"stop","name":"25TH ST & HOMEWOOD AVE eb ns","stop_id":"13853"},"type":"Feature"},{"geometry":{"coordinates":[-76.60214,39.31821],"type":"Point"},"properties":{"kind":"stop","name":"25TH ST & KIRK AVE eb ns","stop_id":"13854"},"type":"Feature"},{"geometry":{"coordinates":[-76.59911,39.31751],"type":"Point"},"properties":{"kind":"stop","name":"25TH ST & ROBB ST eb ns","stop_id":"13855"},"type":"Feature"},{"geometry":{"coordinates":[-76.67458,39.34129],"type":"Point"},"properties":{"kind":"stop","name":"REISTERSTOWN RD & LUCILLE AVE nb","stop_id":"1387"},"type":"Feature"},{"geometry":{"coordinates":[-76.67741,39.34209],"type":"Point"},"properties":{"kind":"stop","name":"REISTERSTOWN RD & OAKMONT AVE nb","stop_id":"1389"},"type":"Feature"},{"geometry":{"coordinates":[-76.6821,39.34211],"type":"Point"},"properties":{"kind":"stop","name":"REISTERSTOWN RD & GARRISON AVE nb","stop_id":"1390"},"type":"Feature"},{"geometry":{"coordinates":[-76.68321,39.34278],"type":"Point"},"properties":{"kind":"stop","name":"REISTERSTOWN RD & BELVEDERE AVE nb","stop_id":"1393"},"type":"Feature"},{"geometry":{"coordinates":[-76.68614,39.34491],"type":"Point"},"properties":{"kind":"stop","name":"REISTERSTOWN RD & HAYWARD AVE nb","stop_id":"1394"},"type":"Feature"},{"geometry":{"coordinates":[-76.5999,39.27052],"type":"Point"},"properties":{"kind":"stop","name":"KEY HWY & MCHENRY ROW ns nb","stop_id":"13949"},"type":"Feature"},{"geometry":{"coordinates":[-76.68785,39.34612],"type":"Point"},"properties":{"kind":"stop","name":"REISTERSTOWN RD & LEWISTON AVE nb","stop_id":"1395"},"type":"Feature"},{"geometry":{"coordinates":[-76.80528,39.37193],"type":"Point"},"properties":{"kind":"stop","name":"LIBERTY RD & CHAPMAN RD wb","stop_id":"13953"},"type":"Feature"},{"geometry":{"coordinates":[-76.81016,39.37421],"type":"Point"},"properties":{"kind":"stop","name":"LIBERTY RD & PIKESWOOD DR wb","stop_id":"13954"},"type":"Feature"},{"geometry":{"coordinates":[-76.81541,39.37685],"type":"Point"},"properties":{"kind":"stop","name":"LIBERTY RD & LIVE OAK RD eb","stop_id":"13955"},"type":"Feature"},{"geometry":{"coordinates":[-76.82303,39.38126],"type":"Point"},"properties":{"kind":"stop","name":"LIBERTY RD & MARRIOTTSVILLE RD wb","stop_id":"13956"},"type":"Feature"},{"geometry":{"coordinates":[-76.82657,39.38366],"type":"Point"},"properties":{"kind":"stop","name":"DEER PARK RD & LIBERTY RD sb","stop_id":"13957"},"type":"Feature"},{"geometry":{"coordinates":[-76.82337,39.38128],"type":"Point"},"properties":{"kind":"stop","name":"LIBERTY RD & MARRIOTTSVILLE RD eb","stop_id":"13958"},"type":"Feature"},{"geometry":{"coordinates":[-76.81563,39.37678],"type":"Point"},"properties":{"kind":"stop","name":"LIBERTY RD & LIVE OAK RD eb","stop_id":"13959"},"type":"Feature"},{"geometry":{"coordinates":[-76.68987,39.34753],"type":"Point"},"properties":{"kind":"stop","name":"REISTERSTOWN RD & ROGERS AVE nb","stop_id":"1396"},"type":"Feature"},{"geometry":{"coordinates":[-76.81055,39.37411],"type":"Point"},"properties":{"kind":"stop","name":"LIBERTY RD & PIKESWOOD DR eb","stop_id":"13960"},"type":"Feature"},{"geometry":{"coordinates":[-76.80543,39.37184],"type":"Point"},"properties":{"kind":"stop","name":"LIBERTY RD & CHAPMAN RD eb","stop_id":"13961"},"type":"Feature"},{"geometry":{"coordinates":[-76.64932,39.37671],"type":"Point"},"properties":{"kind":"stop","name":"FALLS RD LIGHT RAIL STATION","stop_id":"13971"},"type":"Feature"},{"geometry":{"coordinates":[-76.6915,39.34868],"type":"Point"},"properties":{"kind":"stop","name":"REISTERSTOWN RD & NORTHERN PKWY nb","stop_id":"1398"},"type":"Feature"},{"geometry":{"coordinates":[-76.62279,39.31126],"type":"Point"},"properties":{"kind":"stop","name":"NORTH AVE LIGHT RAIL BUS LOOP","stop_id":"13990"},"type":"Feature"},{"geometry":{"coordinates":[-76.63856,39.29758],"type":"Point"},"properties":{"kind":"stop","name":"Carey St & Lanvale St","stop_id":"140"},"type":"Feature"},{"geometry":{"coordinates":[-76.69434,39.35067],"type":"Point"},"properties":{"kind":"stop","name":"REISTERSTOWN RD & PRIMROSE AVE fs","stop_id":"1401"},"type":"Feature"},{"geometry":{"coordinates":[-76.59448,39.29846],"type":"Point"},"properties":{"kind":"stop","name":"N BROADWAY SB & MONUMENT STns","stop_id":"14028"},"type":"Feature"},{"geometry":{"coordinates":[-76.67341,39.21692],"type":"Point"},"properties":{"kind":"stop","name":"PROGRESS DR & DIGITAL DR eb fs","stop_id":"14029"},"type":"Feature"},{"geometry":{"coordinates":[-76.67363,39.21694],"type":"Point"},"properties":{"kind":"stop","name":"PROGRESS DR & DIGITAL DR wb","stop_id":"14030"},"type":"Feature"},{"geometry":{"coordinates":[-76.66433,39.36643],"type":"Point"},"properties":{"kind":"stop","name":"CROSS COUNTRY BLVD & KELLY AV nb ns","stop_id":"14033"},"type":"Feature"},{"geometry":{"coordinates":[-76.63553,39.46246],"type":"Point"},"properties":{"kind":"stop","name":"YORK RD & ALMS HOUSE DR nb ns","stop_id":"14034"},"type":"Feature"},{"geometry":{"coordinates":[-76.64721,39.24451],"type":"Point"},"properties":{"kind":"stop","name":"TULIP AV & DAISEY AV nb ns","stop_id":"14035"},"type":"Feature"},{"geometry":{"coordinates":[-76.50096,39.02519],"type":"Point"},"properties":{"kind":"stop","name":"RITCHIE HWY & OLD FREDERICK RD OPP sb mid","stop_id":"14036"},"type":"Feature"},{"geometry":{"coordinates":[-76.59937,39.31164],"type":"Point"},"properties":{"kind":"stop","name":"HARFORD AVE & NORTH AVE nb ns","stop_id":"14037"},"type":"Feature"},{"geometry":{"coordinates":[-76.59826,39.13588],"type":"Point"},"properties":{"kind":"stop","name":"RITCHIE HWY & MOUNTAIN RD nb ns","stop_id":"14038"},"type":"Feature"},{"geometry":{"coordinates":[-76.60434,39.14259],"type":"Point"},"properties":{"kind":"stop","name":"RITCHIE HWY & PHELPS AVE nb ns","stop_id":"14039"},"type":"Feature"},{"geometry":{"coordinates":[-76.69691,39.35247],"type":"Point"},"properties":{"kind":"stop","name":"REISTERSTOWN RD & PINKNEY RD nb","stop_id":"1404"},"type":"Feature"},{"geometry":{"coordinates":[-76.64713,39.24187],"type":"Point"},"properties":{"kind":"stop","name":"MYRTLE AVE & HIGHLAND VILLAGE APTS nb mid","stop_id":"14040"},"type":"Feature"},{"geometry":{"coordinates":[-76.70779,39.31013],"type":"Point"},"properties":{"kind":"stop","name":"FOREST PARK AV & WINDSOR MILL RD sb fs","stop_id":"14041"},"type":"Feature"},{"geometry":{"coordinates":[-76.60964,39.35171],"type":"Point"},"properties":{"kind":"stop","name":"YORK RD & BEAUMONT AVE nb ns","stop_id":"14042"},"type":"Feature"},{"geometry":{"coordinates":[-76.63999,39.14737],"type":"Point"},"properties":{"kind":"stop","name":"QUARTERFIELD RD & LANDMARK DR sb ns","stop_id":"14043"},"type":"Feature"},{"geometry":{"coordinates":[-76.61291,39.23069],"type":"Point"},"properties":{"kind":"stop","name":"RITCHIE HWY & 3RD AVE sb fs","stop_id":"14044"},"type":"Feature"},{"geometry":{"coordinates":[-76.68743,39.3019],"type":"Point"},"properties":{"kind":"stop","name":"WOODINGTON RD & 1215 N nb mid","stop_id":"14047"},"type":"Feature"},{"geometry":{"coordinates":[-76.7188,39.36805],"type":"Point"},"properties":{"kind":"stop","name":"MILFORD MILL RD & SLADE AVE wb ns","stop_id":"14050"},"type":"Feature"},{"geometry":{"coordinates":[-76.63195,39.33705],"type":"Point"},"properties":{"kind":"stop","name":"40TH ST & ELM AVE eb ns","stop_id":"14053"},"type":"Feature"},{"geometry":{"coordinates":[-76.75549,39.27383],"type":"Point"},"properties":{"kind":"stop","name":"EDMONDSON AV & ROLLING RD wb ns","stop_id":"14055"},"type":"Feature"},{"geometry":{"coordinates":[-76.48196,39.00236],"type":"Point"},"properties":{"kind":"stop","name":"RICHIE HWY & 1875 RICHIE HWY nb mid","stop_id":"14056"},"type":"Feature"},{"geometry":{"coordinates":[-76.69891,39.3206],"type":"Point"},"properties":{"kind":"stop","name":"FOREST PARK AVE & HILLSDALE RD eb mid","stop_id":"14057"},"type":"Feature"},{"geometry":{"coordinates":[-76.65905,39.49401],"type":"Point"},"properties":{"kind":"stop","name":"MCCORMICK RD & EXECUTIVE PLAZA sb ns","stop_id":"14058"},"type":"Feature"},{"geometry":{"coordinates":[-76.62634,39.38433],"type":"Point"},"properties":{"kind":"stop","name":"CHARLES ST & BROOKEDALE (6451) nb ns","stop_id":"14060"},"type":"Feature"},{"geometry":{"coordinates":[-76.62679,39.38433],"type":"Point"},"properties":{"kind":"stop","name":"CHARLES ST & BROOKEDALE APTS sb mid","stop_id":"14063"},"type":"Feature"},{"geometry":{"coordinates":[-76.62655,39.38187],"type":"Point"},"properties":{"kind":"stop","name":"BELLONA AVE & CHARLES ST wb fs","stop_id":"14064"},"type":"Feature"},{"geometry":{"coordinates":[-76.61654,39.17895],"type":"Point"},"properties":{"kind":"stop","name":"CRAIN HWY & JACKSON AVE nb fs","stop_id":"14066"},"type":"Feature"},{"geometry":{"coordinates":[-76.66687,39.35299],"type":"Point"},"properties":{"kind":"stop","name":"BELVEDERE AVE & PREAKNESS WAY wb ns","stop_id":"14067"},"type":"Feature"},{"geometry":{"coordinates":[-76.65702,39.48779],"type":"Point"},"properties":{"kind":"stop","name":"MCCORMICK RD & WIGHT AVE sb ns","stop_id":"14068"},"type":"Feature"},{"geometry":{"coordinates":[-76.68197,39.19156],"type":"Point"},"properties":{"kind":"stop","name":"ELKRIDGE LANDING & 778 sb mid","stop_id":"14069"},"type":"Feature"},{"geometry":{"coordinates":[-76.69975,39.35446],"type":"Point"},"properties":{"kind":"stop","name":"REISTERSTOWN RD & FORDLEIGH RD nb","stop_id":"1407"},"type":"Feature"},{"geometry":{"coordinates":[-76.60187,39.27345],"type":"Point"},"properties":{"kind":"stop","name":"KEY HWY & BOYLE ST opp fs wb","stop_id":"14070"},"type":"Feature"},{"geometry":{"coordinates":[-76.6045,39.27486],"type":"Point"},"properties":{"kind":"stop","name":"KEY HWY & HARBORVIEW wb fs","stop_id":"14071"},"type":"Feature"},{"geometry":{"coordinates":[-76.60624,39.27755],"type":"Point"},"properties":{"kind":"stop","name":"KEY HWY & PIERSIDE DR wb fs","stop_id":"14072"},"type":"Feature"},{"geometry":{"coordinates":[-76.61,39.28073],"type":"Point"},"properties":{"kind":"stop","name":"KEY HWY & BATTERY AVE wb opp","stop_id":"14073"},"type":"Feature"},{"geometry":{"coordinates":[-76.61288,39.28324],"type":"Point"},"properties":{"kind":"stop","name":"LIGHT ST & BARRE ST fs opp","stop_id":"14074"},"type":"Feature"},{"geometry":{"coordinates":[-76.61241,39.28054],"type":"Point"},"properties":{"kind":"stop","name":"KEY HWY & LIGHT ST fs eb","stop_id":"14075"},"type":"Feature"},{"geometry":{"coordinates":[-76.60725,39.28068],"type":"Point"},"properties":{"kind":"stop","name":"KEY HWY & COVINGTON ns eb","stop_id":"14076"},"type":"Feature"},{"geometry":{"coordinates":[-76.60646,39.27765],"type":"Point"},"properties":{"kind":"stop","name":"KEY HWY & CROSS ST ns sb","stop_id":"14077"},"type":"Feature"},{"geometry":{"coordinates":[-76.60545,39.27522],"type":"Point"},"properties":{"kind":"stop","name":"KEY HWY & JACKSON ST sb ns","stop_id":"14078"},"type":"Feature"},{"geometry":{"coordinates":[-76.60174,39.27334],"type":"Point"},"properties":{"kind":"stop","name":"KEY HWY & BOYLE ST sb fs","stop_id":"14079"},"type":"Feature"},{"geometry":{"coordinates":[-76.62677,39.42825],"type":"Point"},"properties":{"kind":"stop","name":"LUTHERVILLE LIGHT RAIL STATION BAY 1","stop_id":"14083"},"type":"Feature"},{"geometry":{"coordinates":[-76.62628,39.4282],"type":"Point"},"properties":{"kind":"stop","name":"LUTHERVILLE LIGHT RAIL STATION BAY 2","stop_id":"14084"},"type":"Feature"},{"geometry":{"coordinates":[-76.62386,39.28913],"type":"Point"},"properties":{"kind":"stop","name":"BALTIMORE & ARCH","stop_id":"14086"},"type":"Feature"},{"geometry":{"coordinates":[-76.62488,39.28909],"type":"Point"},"properties":{"kind":"stop","name":"UM MEDICAL CENTER BAY 1","stop_id":"14087"},"type":"Feature"},{"geometry":{"coordinates":[-76.63023,39.24176],"type":"Point"},"properties":{"kind":"stop","name":"PATAPSCO LIGHT RAIL STATION BAY 1","stop_id":"14089"},"type":"Feature"},{"geometry":{"coordinates":[-76.70226,39.35624],"type":"Point"},"properties":{"kind":"stop","name":"REISTERSTOWN RD & BANCROFT RD nb","stop_id":"1409"},"type":"Feature"},{"geometry":{"coordinates":[-76.63017,39.24209],"type":"Point"},"properties":{"kind":"stop","name":"PATAPSCO LIGHT RAIL STATION BAY 2","stop_id":"14090"},"type":"Feature"},{"geometry":{"coordinates":[-76.63014,39.242],"type":"Point"},"properties":{"kind":"stop","name":"PATAPSCO LIGHT RAIL STATION BAY 3","stop_id":"14091"},"type":"Feature"},{"geometry":{"coordinates":[-76.63007,39.242],"type":"Point"},"properties":{"kind":"stop","name":"PATAPSCO LIGHTRAIL STATION BAY 4","stop_id":"14092"},"type":"Feature"},{"geometry":{"coordinates":[-76.6916,39.34458],"type":"Point"},"properties":{"kind":"stop","name":"ROGERS AVE METRO STATION BAY 1","stop_id":"14093"},"type":"Feature"},{"geometry":{"coordinates":[-76.69185,39.34472],"type":"Point"},"properties":{"kind":"stop","name":"ROGERS AVE METRO STATION BAY 2","stop_id":"14094"},"type":"Feature"},{"geometry":{"coordinates":[-76.69204,39.3448],"type":"Point"},"properties":{"kind":"stop","name":"ROGERS AVE METRO STATION BAY 3","stop_id":"14095"},"type":"Feature"},{"geometry":{"coordinates":[-76.6927,39.34516],"type":"Point"},"properties":{"kind":"stop","name":"ROGERS AVE METRO STATION","stop_id":"14096"},"type":"Feature"},{"geometry":{"coordinates":[-76.69219,39.34508],"type":"Point"},"properties":{"kind":"stop","name":"ROGERS AVE METRO STATION BAY 5","stop_id":"14097"},"type":"Feature"},{"geometry":{"coordinates":[-76.69196,39.34493],"type":"Point"},"properties":{"kind":"stop","name":"ROGERS AVE METRO STATION BAY 6","stop_id":"14098"},"type":"Feature"},{"geometry":{"coordinates":[-76.63862,39.29876],"type":"Point"},"properties":{"kind":"stop","name":"Carey St & Lafayette Ave","stop_id":"141"},"type":"Feature"},{"geometry":{"coordinates":[-76.46133,39.37734],"type":"Point"},"properties":{"kind":"stop","name":"WHITE MARSH PARK AND RIDE BAY 1","stop_id":"14101"},"type":"Feature"},{"geometry":{"coordinates":[-76.66427,39.35341],"type":"Point"},"properties":{"kind":"stop","name":"SINAI HOSPITAL LOOP ON-STREET STOP","stop_id":"14103"},"type":"Feature"},{"geometry":{"coordinates":[-76.66438,39.3535],"type":"Point"},"properties":{"kind":"stop","name":"SINAI HOSPITAL LOOP BAY 1","stop_id":"14104"},"type":"Feature"},{"geometry":{"coordinates":[-76.65226,39.2931],"type":"Point"},"properties":{"kind":"stop","name":"WEST BALTIMORE MARC STATION BAY 1","stop_id":"14107"},"type":"Feature"},{"geometry":{"coordinates":[-76.65226,39.29303],"type":"Point"},"properties":{"kind":"stop","name":"WEST BALTIMORE MARC STATION BAY 2","stop_id":"14108"},"type":"Feature"},{"geometry":{"coordinates":[-76.65272,39.29321],"type":"Point"},"properties":{"kind":"stop","name":"WEST BALTIMORE MARC STATION BAY 3","stop_id":"14109"},"type":"Feature"},{"geometry":{"coordinates":[-76.65215,39.29302],"type":"Point"},"properties":{"kind":"stop","name":"WEST BALTIMORE MARC STATION BAY 4","stop_id":"14110"},"type":"Feature"},{"geometry":{"coordinates":[-76.6728,39.33649],"type":"Point"},"properties":{"kind":"stop","name":"COLD SPRING METRO STATION BAY 1","stop_id":"14111"},"type":"Feature"},{"geometry":{"coordinates":[-76.67377,39.19163],"type":"Point"},"properties":{"kind":"stop","name":"BWI BUSINESS DISTRICT LIGHT RAIL STATION BAY 1","stop_id":"14119"},"type":"Feature"},{"geometry":{"coordinates":[-76.70736,39.36013],"type":"Point"},"properties":{"kind":"stop","name":"REISTERSTOWN RD & LABYRINTH RD nb","stop_id":"1412"},"type":"Feature"},{"geometry":{"coordinates":[-76.77972,39.40824],"type":"Point"},"properties":{"kind":"stop","name":"OWINGS MILLS METRO STATION BAY 2","stop_id":"14124"},"type":"Feature"},{"geometry":{"coordinates":[-76.77957,39.40816],"type":"Point"},"properties":{"kind":"stop","name":"OWINGS MILLS METRO STATION BAY 3","stop_id":"14125"},"type":"Feature"},{"geometry":{"coordinates":[-76.72105,39.3593],"type":"Point"},"properties":{"kind":"stop","name":"MILFORD MILL METRO STATION BAY 1","stop_id":"14128"},"type":"Feature"},{"geometry":{"coordinates":[-76.72108,39.35944],"type":"Point"},"properties":{"kind":"stop","name":"MILFORD MILL METRO STATION BAY 2","stop_id":"14129"},"type":"Feature"},{"geometry":{"coordinates":[-76.61896,39.28929],"type":"Point"},"properties":{"kind":"stop","name":"BALTIMORE ARENA BAY 1","stop_id":"14132"},"type":"Feature"},{"geometry":{"coordinates":[-76.6187,39.2893],"type":"Point"},"properties":{"kind":"stop","name":"BALTIMORE ARENA BAY 2","stop_id":"14133"},"type":"Feature"},{"geometry":{"coordinates":[-76.61834,39.28932],"type":"Point"},"properties":{"kind":"stop","name":"BALTIMORE ARENA BAY 3","stop_id":"14134"},"type":"Feature"},{"geometry":{"coordinates":[-76.59804,39.40503],"type":"Point"},"properties":{"kind":"stop","name":"TOWSON TOWN CENTER BAY 1","stop_id":"14135"},"type":"Feature"},{"geometry":{"coordinates":[-76.59779,39.4049],"type":"Point"},"properties":{"kind":"stop","name":"TOWSON TOWN CENTER BAY 2","stop_id":"14136"},"type":"Feature"},{"geometry":{"coordinates":[-76.63308,39.1718],"type":"Point"},"properties":{"kind":"stop","name":"CROMWELL LIGHT RAIL STATION BAY 1","stop_id":"14137"},"type":"Feature"},{"geometry":{"coordinates":[-76.6332,39.17195],"type":"Point"},"properties":{"kind":"stop","name":"CROMWELL LIGHT RAIL STATION BAY 2","stop_id":"14138"},"type":"Feature"},{"geometry":{"coordinates":[-76.59104,39.29935],"type":"Point"},"properties":{"kind":"stop","name":"WOLFE ST & MADISON ST sb fs Bay 1","stop_id":"14142"},"type":"Feature"},{"geometry":{"coordinates":[-76.6737,39.30875],"type":"Point"},"properties":{"kind":"stop","name":"NORTH AVE & DENISON ST eb fs","stop_id":"14144"},"type":"Feature"},{"geometry":{"coordinates":[-76.67532,39.30875],"type":"Point"},"properties":{"kind":"stop","name":"NORTH AVE & DENISON ST layover eb ns","stop_id":"14145"},"type":"Feature"},{"geometry":{"coordinates":[-76.63152,39.33716],"type":"Point"},"properties":{"kind":"stop","name":"40TH ST & ELM AVE wb ns","stop_id":"14146"},"type":"Feature"},{"geometry":{"coordinates":[-76.78626,39.3612],"type":"Point"},"properties":{"kind":"stop","name":"BRENBROOK DR & CINNAMON CIR sb","stop_id":"14147"},"type":"Feature"},{"geometry":{"coordinates":[-76.6196,39.3924],"type":"Point"},"properties":{"kind":"stop","name":"SHEPPARD PRATT HOSPITAL wb","stop_id":"14148"},"type":"Feature"},{"geometry":{"coordinates":[-76.58767,39.34117],"type":"Point"},"properties":{"kind":"stop","name":"MORGAN STATE UNIVERSITY","stop_id":"14149"},"type":"Feature"},{"geometry":{"coordinates":[-76.67356,39.25317],"type":"Point"},"properties":{"kind":"stop","name":"BELTWAY BUSINESS COMMUNITY","stop_id":"14150"},"type":"Feature"},{"geometry":{"coordinates":[-76.65184,39.29283],"type":"Point"},"properties":{"kind":"stop","name":"SMALLWOOD ST & W MULBERRY ST sb ns","stop_id":"14152"},"type":"Feature"},{"geometry":{"coordinates":[-76.78174,39.36261],"type":"Point"},"properties":{"kind":"stop","name":"LIBERTY RD & LIBERTY PL","stop_id":"14153"},"type":"Feature"},{"geometry":{"coordinates":[-76.80793,39.41262],"type":"Point"},"properties":{"kind":"stop","name":"700 RED BROOK BLVD opp","stop_id":"14154"},"type":"Feature"},{"geometry":{"coordinates":[-76.62471,39.29552],"type":"Point"},"properties":{"kind":"stop","name":"PENNSYLVANIA & SAINT MARY ST","stop_id":"14155"},"type":"Feature"},{"geometry":{"coordinates":[-76.77029,39.41797],"type":"Point"},"properties":{"kind":"stop","name":"DUE TORAH INSTITUTE","stop_id":"14156"},"type":"Feature"},{"geometry":{"coordinates":[-76.57133,39.28215],"type":"Point"},"properties":{"kind":"stop","name":"S EAST AVE & HUDSON ST sb fs","stop_id":"14157"},"type":"Feature"},{"geometry":{"coordinates":[-76.5712,39.28261],"type":"Point"},"properties":{"kind":"stop","name":"S EAST AVE & HUDSON ST nb fs","stop_id":"14158"},"type":"Feature"},{"geometry":{"coordinates":[-76.59358,39.29044],"type":"Point"},"properties":{"kind":"stop","name":"BROADWAY & LOMBARD ST nb ns","stop_id":"14159"},"type":"Feature"},{"geometry":{"coordinates":[-76.59405,39.29165],"type":"Point"},"properties":{"kind":"stop","name":"BROADWAY & BALTIMORE ST sb ns","stop_id":"14160"},"type":"Feature"},{"geometry":{"coordinates":[-76.60217,39.28527],"type":"Point"},"properties":{"kind":"stop","name":"Eastern Ave & Albemarle St","stop_id":"14161"},"type":"Feature"},{"geometry":{"coordinates":[-76.62079,39.2886],"type":"Point"},"properties":{"kind":"stop","name":"EUTAW ST & REDWOOD nb - Nearside at LR Shuttle Stop","stop_id":"14162"},"type":"Feature"},{"geometry":{"coordinates":[-76.59975,39.27124],"type":"Point"},"properties":{"kind":"stop","name":"KEY HWY & KEY HWY E sb fs","stop_id":"14164"},"type":"Feature"},{"geometry":{"coordinates":[-76.61534,39.29866],"type":"Point"},"properties":{"kind":"stop","name":"MADISON ST & CHARLES ST wb ns","stop_id":"14165"},"type":"Feature"},{"geometry":{"coordinates":[-76.64437,39.30529],"type":"Point"},"properties":{"kind":"stop","name":"Presstman St & Mount St","stop_id":"14168"},"type":"Feature"},{"geometry":{"coordinates":[-76.48813,39.23774],"type":"Point"},"properties":{"kind":"stop","name":"TRADEPOINT ATLANTIC FEDEX","stop_id":"14170"},"type":"Feature"},{"geometry":{"coordinates":[-76.49137,39.2263],"type":"Point"},"properties":{"kind":"stop","name":"TRADEPOINT ATLANTIC SHIPYARD","stop_id":"14171"},"type":"Feature"},{"geometry":{"coordinates":[-76.47176,39.22376],"type":"Point"},"properties":{"kind":"stop","name":"TRADEPOINT ATLANTIC UNDER ARMOUR","stop_id":"14172"},"type":"Feature"},{"geometry":{"coordinates":[-76.67681,39.17016],"type":"Point"},"properties":{"kind":"stop","name":"MATHISON WAY","stop_id":"14173"},"type":"Feature"},{"geometry":{"coordinates":[-76.67504,39.3735],"type":"Point"},"properties":{"kind":"stop","name":"FARRINGDON RD & BAYTHORNE RD wb","stop_id":"14174"},"type":"Feature"},{"geometry":{"coordinates":[-76.68405,39.32551],"type":"Point"},"properties":{"kind":"stop","name":"FOREST PARK AVE & CHELSEA TER wb","stop_id":"14175"},"type":"Feature"},{"geometry":{"coordinates":[-76.67565,39.37335],"type":"Point"},"properties":{"kind":"stop","name":"FARRINGDON RD & BAYTHORNE RD eb","stop_id":"14176"},"type":"Feature"},{"geometry":{"coordinates":[-76.48261,39.39688],"type":"Point"},"properties":{"kind":"stop","name":"BELAIR RD & COTTINGTON RD sb opp","stop_id":"14178"},"type":"Feature"},{"geometry":{"coordinates":[-76.48064,39.39835],"type":"Point"},"properties":{"kind":"stop","name":"BELAIR RD & EBENEZER RD nb ns","stop_id":"14179"},"type":"Feature"},{"geometry":{"coordinates":[-76.71447,39.36569],"type":"Point"},"properties":{"kind":"stop","name":"REISTERSTOWN RD & RANDALL AVE nb","stop_id":"1418"},"type":"Feature"},{"geometry":{"coordinates":[-76.53183,39.31852],"type":"Point"},"properties":{"kind":"stop","name":"62ND ST & PULASKI","stop_id":"14180"},"type":"Feature"},{"geometry":{"coordinates":[-76.68145,39.25778],"type":"Point"},"properties":{"kind":"stop","name":"KNECHT AVE & JOHN AVE eb fs","stop_id":"14181"},"type":"Feature"},{"geometry":{"coordinates":[-76.68194,39.25804],"type":"Point"},"properties":{"kind":"stop","name":"KNECHT AVE & JOHN AVE wb ns","stop_id":"14182"},"type":"Feature"},{"geometry":{"coordinates":[-76.46157,39.41119],"type":"Point"},"properties":{"kind":"stop","name":"CHAPEL RD & CHAPELTOWN CIR eb fs","stop_id":"14183"},"type":"Feature"},{"geometry":{"coordinates":[-76.53089,39.31069],"type":"Point"},"properties":{"kind":"stop","name":"62ND ST & 1601 BLDG","stop_id":"14184"},"type":"Feature"},{"geometry":{"coordinates":[-76.68857,39.37208],"type":"Point"},"properties":{"kind":"stop","name":"WILLOW GLEN DR & WICKFIELD RD","stop_id":"14186"},"type":"Feature"},{"geometry":{"coordinates":[-76.46829,39.22744],"type":"Point"},"properties":{"kind":"stop","name":"TRADEPOINT ATLANTIC AMAZON","stop_id":"14191"},"type":"Feature"},{"geometry":{"coordinates":[-76.59144,39.30629],"type":"Point"},"properties":{"kind":"stop","name":"GAY ST & N WOLFE ST","stop_id":"14193"},"type":"Feature"},{"geometry":{"coordinates":[-76.57593,39.29219],"type":"Point"},"properties":{"kind":"stop","name":"BALTIMORE ST & LINWOOD AVE","stop_id":"14194"},"type":"Feature"},{"geometry":{"coordinates":[-76.71624,39.36753],"type":"Point"},"properties":{"kind":"stop","name":"REISTERSTOWN RD & WARREN RD nb","stop_id":"1420"},"type":"Feature"},{"geometry":{"coordinates":[-76.65831,39.31559],"type":"Point"},"properties":{"kind":"stop","name":"GWYNNS FALLS PKWY & TIOGA PKWY eb fs","stop_id":"14200"},"type":"Feature"},{"geometry":{"coordinates":[-76.47871,39.22578],"type":"Point"},"properties":{"kind":"stop","name":"TRADEPOINT ATLANTIC FLOOR & DECOR","stop_id":"14213"},"type":"Feature"},{"geometry":{"coordinates":[-76.4851,39.22147],"type":"Point"},"properties":{"kind":"stop","name":"TRADEPOINT ATLANTIC HOME DEPOT","stop_id":"14214"},"type":"Feature"},{"geometry":{"coordinates":[-76.49232,39.2321],"type":"Point"},"properties":{"kind":"stop","name":"TRADEPOINT ATLANTIC AMAZON #2 DCA6","stop_id":"14219"},"type":"Feature"},{"geometry":{"coordinates":[-76.68372,39.17057],"type":"Point"},"properties":{"kind":"stop","name":"MATHISON WAY","stop_id":"14220"},"type":"Feature"},{"geometry":{"coordinates":[-76.47887,39.22552],"type":"Point"},"properties":{"kind":"stop","name":"TRADEPOINT ATLANTIC FLOOR & DECOR","stop_id":"14225"},"type":"Feature"},{"geometry":{"coordinates":[-76.47539,39.24217],"type":"Point"},"properties":{"kind":"stop","name":"GOTHAM GREENS","stop_id":"14227"},"type":"Feature"},{"geometry":{"coordinates":[-76.63882,39.46944],"type":"Point"},"properties":{"kind":"stop","name":"YORK RD & FRANKEL WAY sb","stop_id":"14228"},"type":"Feature"},{"geometry":{"coordinates":[-76.63799,39.46636],"type":"Point"},"properties":{"kind":"stop","name":"INDUSTRY LN & YORK RD wb","stop_id":"14229"},"type":"Feature"},{"geometry":{"coordinates":[-76.72022,39.36465],"type":"Point"},"properties":{"kind":"stop","name":"MILFORD MILL RD & DEERFIELD RD wb","stop_id":"1423"},"type":"Feature"},{"geometry":{"coordinates":[-76.63862,39.46949],"type":"Point"},"properties":{"kind":"stop","name":"YORK RD & FRANKEL WY nb","stop_id":"14230"},"type":"Feature"},{"geometry":{"coordinates":[-76.63862,39.46604],"type":"Point"},"properties":{"kind":"stop","name":"INDUSTRY LN & YORK RD eb","stop_id":"14231"},"type":"Feature"},{"geometry":{"coordinates":[-76.47898,39.23217],"type":"Point"},"properties":{"kind":"stop","name":"TRADEPOINT ATLANTIC AMAZON MTN6","stop_id":"14232"},"type":"Feature"},{"geometry":{"coordinates":[-76.65084,39.24638],"type":"Point"},"properties":{"kind":"stop","name":"LANSDOWNE HIGH SCHOOL & LANSDOWNE ROAD eb","stop_id":"14234"},"type":"Feature"},{"geometry":{"coordinates":[-76.65068,39.24649],"type":"Point"},"properties":{"kind":"stop","name":"LANDSDOWNE MIDDLE SCHOOL (WEST ENTRANCE) & LANDSDOWNE RD wb","stop_id":"14235"},"type":"Feature"},{"geometry":{"coordinates":[-76.57649,39.2311],"type":"Point"},"properties":{"kind":"stop","name":"WAGNER'S POINT","stop_id":"14244"},"type":"Feature"},{"geometry":{"coordinates":[-76.60431,39.31612],"type":"Point"},"properties":{"kind":"stop","name":"KIRK AVE opp CURTAIN ST sb","stop_id":"14254"},"type":"Feature"},{"geometry":{"coordinates":[-76.47654,39.23712],"type":"Point"},"properties":{"kind":"stop","name":"BETHLEHEM BLVD & PENINSULA EXPY mb","stop_id":"14257"},"type":"Feature"},{"geometry":{"coordinates":[-76.66489,39.2944],"type":"Point"},"properties":{"kind":"stop","name":"EDMONDSON AVE & POPLAR GROVE WB NS","stop_id":"14259"},"type":"Feature"},{"geometry":{"coordinates":[-76.41894,39.33689],"type":"Point"},"properties":{"kind":"stop","name":"EASTERN BLVD. & WHITE MARSH BLVD. EB NS","stop_id":"14261"},"type":"Feature"},{"geometry":{"coordinates":[-76.63817,39.2876],"type":"Point"},"properties":{"kind":"stop","name":"CAREY ST & HOLLINS SB ns","stop_id":"14283"},"type":"Feature"},{"geometry":{"coordinates":[-76.58058,39.23199],"type":"Point"},"properties":{"kind":"stop","name":"PATAPSCO AVE & 1600 E PATAPSCO AVE WB ns","stop_id":"14284"},"type":"Feature"},{"geometry":{"coordinates":[-76.57718,39.23154],"type":"Point"},"properties":{"kind":"stop","name":"PATAPSCO AVE & 1600 E PATAPSCO AVE EB ns","stop_id":"14285"},"type":"Feature"},{"geometry":{"coordinates":[-76.66164,39.31498],"type":"Point"},"properties":{"kind":"stop","name":"GWYNN FALLS PKWY & BRADISH AVE","stop_id":"14292"},"type":"Feature"},{"geometry":{"coordinates":[-76.66104,39.31482],"type":"Point"},"properties":{"kind":"stop","name":"GWYNN FALLS PKWY & EVERGREEN AVE","stop_id":"14293"},"type":"Feature"},{"geometry":{"coordinates":[-76.58596,39.31067],"type":"Point"},"properties":{"kind":"stop","name":"PATTERSON PARK AVE & GAY ST SB FS","stop_id":"14294"},"type":"Feature"},{"geometry":{"coordinates":[-76.76411,39.35587],"type":"Point"},"properties":{"kind":"stop","name":"LIBERTY RD & MARRIOTTS LN fs nb","stop_id":"1433"},"type":"Feature"},{"geometry":{"coordinates":[-76.72012,39.3715],"type":"Point"},"properties":{"kind":"stop","name":"REISTERSTOWN RD & CLARENDON AVE opp nb","stop_id":"1439"},"type":"Feature"},{"geometry":{"coordinates":[-76.72251,39.37413],"type":"Point"},"properties":{"kind":"stop","name":"REISTERSTOWN RD & SUDBROOK LN nb","stop_id":"1440"},"type":"Feature"},{"geometry":{"coordinates":[-76.72626,39.3781],"type":"Point"},"properties":{"kind":"stop","name":"REISTERSTOWN RD & OLD COURT RD nb","stop_id":"1443"},"type":"Feature"},{"geometry":{"coordinates":[-76.64294,39.30107],"type":"Point"},"properties":{"kind":"stop","name":"Riggs Ave & Gilmor St","stop_id":"145"},"type":"Feature"},{"geometry":{"coordinates":[-76.75606,39.40291],"type":"Point"},"properties":{"kind":"stop","name":"REISTERSTOWN RD & GREENSPRING VALLEY RD nb","stop_id":"1454"},"type":"Feature"},{"geometry":{"coordinates":[-76.65901,39.34445],"type":"Point"},"properties":{"kind":"stop","name":"Greenspring Ave & Dupont Ave","stop_id":"15"},"type":"Feature"},{"geometry":{"coordinates":[-76.59731,39.46004],"type":"Point"},"properties":{"kind":"stop","name":"STELLA MARIS HOSPICE","stop_id":"1501"},"type":"Feature"},{"geometry":{"coordinates":[-76.62685,39.42839],"type":"Point"},"properties":{"kind":"stop","name":"LUTHERVILLE STATION","stop_id":"1506"},"type":"Feature"},{"geometry":{"coordinates":[-76.62435,39.42898],"type":"Point"},"properties":{"kind":"stop","name":"RIDGLEY RD & KURTZ AVE eb","stop_id":"1507"},"type":"Feature"},{"geometry":{"coordinates":[-76.61863,39.42386],"type":"Point"},"properties":{"kind":"stop","name":"YORK RD & BELLONA AVE sb","stop_id":"1509"},"type":"Feature"},{"geometry":{"coordinates":[-76.64608,39.30635],"type":"Point"},"properties":{"kind":"stop","name":"Fulton Ave & Baker St","stop_id":"151"},"type":"Feature"},{"geometry":{"coordinates":[-76.61518,39.41751],"type":"Point"},"properties":{"kind":"stop","name":"YORK RD & GREENRIDGE RD sb","stop_id":"1512"},"type":"Feature"},{"geometry":{"coordinates":[-76.61111,39.41233],"type":"Point"},"properties":{"kind":"stop","name":"YORK RD & WEST RD fs sb","stop_id":"1513"},"type":"Feature"},{"geometry":{"coordinates":[-76.64617,39.30783],"type":"Point"},"properties":{"kind":"stop","name":"Fulton Ave & Presbury St","stop_id":"152"},"type":"Feature"},{"geometry":{"coordinates":[-76.60456,39.39306],"type":"Point"},"properties":{"kind":"stop","name":"YORK RD & AIGBURTH RD sb","stop_id":"1523"},"type":"Feature"},{"geometry":{"coordinates":[-76.60603,39.38788],"type":"Point"},"properties":{"kind":"stop","name":"YORK RD & SISTER PIERRE DR sb","stop_id":"1526"},"type":"Feature"},{"geometry":{"coordinates":[-76.64627,39.30956],"type":"Point"},"properties":{"kind":"stop","name":"Fulton Ave & North Ave","stop_id":"153"},"type":"Feature"},{"geometry":{"coordinates":[-76.60853,39.37872],"type":"Point"},"properties":{"kind":"stop","name":"YORK RD & REGESTER AVE sb","stop_id":"1531"},"type":"Feature"},{"geometry":{"coordinates":[-76.6099,39.37284],"type":"Point"},"properties":{"kind":"stop","name":"YORK RD & YORK RD PLAZA fs sb","stop_id":"1534"},"type":"Feature"},{"geometry":{"coordinates":[-76.60992,39.37079],"type":"Point"},"properties":{"kind":"stop","name":"YORK RD & GITTINGS AVE sb","stop_id":"1536"},"type":"Feature"},{"geometry":{"coordinates":[-76.61003,39.36522],"type":"Point"},"properties":{"kind":"stop","name":"YORK RD & NORTHERN PKWY sb","stop_id":"1539"},"type":"Feature"},{"geometry":{"coordinates":[-76.64639,39.31179],"type":"Point"},"properties":{"kind":"stop","name":"Fulton Ave & Clifton Ave","stop_id":"154"},"type":"Feature"},{"geometry":{"coordinates":[-76.60926,39.36522],"type":"Point"},"properties":{"kind":"stop","name":"NORTHERN PKWY & YORK RD ns wb","stop_id":"1540"},"type":"Feature"},{"geometry":{"coordinates":[-76.63493,39.35829],"type":"Point"},"properties":{"kind":"stop","name":"ROLAND AVE & GILMAN SCHOOL nb","stop_id":"1544"},"type":"Feature"},{"geometry":{"coordinates":[-76.63404,39.36195],"type":"Point"},"properties":{"kind":"stop","name":"NORTHERN PKWY & ROLAND AVE fs eb","stop_id":"1545"},"type":"Feature"},{"geometry":{"coordinates":[-76.61702,39.36431],"type":"Point"},"properties":{"kind":"stop","name":"NORTHERN PKWY & SPRINGLAKE WY fs eb","stop_id":"1550"},"type":"Feature"},{"geometry":{"coordinates":[-76.61005,39.3627],"type":"Point"},"properties":{"kind":"stop","name":"YORK RD & ORKNEY RD fs sb","stop_id":"1552"},"type":"Feature"},{"geometry":{"coordinates":[-76.61002,39.36074],"type":"Point"},"properties":{"kind":"stop","name":"YORK RD & LORTZ LN sb","stop_id":"1553"},"type":"Feature"},{"geometry":{"coordinates":[-76.61001,39.35888],"type":"Point"},"properties":{"kind":"stop","name":"YORK RD & BELLONA AVE sb","stop_id":"1554"},"type":"Feature"},{"geometry":{"coordinates":[-76.60996,39.35573],"type":"Point"},"properties":{"kind":"stop","name":"YORK RD & WOODBOURNE AVE sb","stop_id":"1556"},"type":"Feature"},{"geometry":{"coordinates":[-76.60993,39.35375],"type":"Point"},"properties":{"kind":"stop","name":"YORK RD & GLENWOOD AVE fs sb","stop_id":"1557"},"type":"Feature"},{"geometry":{"coordinates":[-76.60988,39.35205],"type":"Point"},"properties":{"kind":"stop","name":"YORK RD & NOTRE DAME LN sb","stop_id":"1558"},"type":"Feature"},{"geometry":{"coordinates":[-76.60982,39.35029],"type":"Point"},"properties":{"kind":"stop","name":"YORK RD & WINSTON AVE sb","stop_id":"1559"},"type":"Feature"},{"geometry":{"coordinates":[-76.64797,39.31476],"type":"Point"},"properties":{"kind":"stop","name":"Reisterstown Rd & Ruskin Ave","stop_id":"156"},"type":"Feature"},{"geometry":{"coordinates":[-76.60978,39.34836],"type":"Point"},"properties":{"kind":"stop","name":"YORK RD & RADNOR RD sb","stop_id":"1561"},"type":"Feature"},{"geometry":{"coordinates":[-76.60972,39.34651],"type":"Point"},"properties":{"kind":"stop","name":"YORK RD & COLDSPRING LANE sb","stop_id":"1563"},"type":"Feature"},{"geometry":{"coordinates":[-76.60968,39.34373],"type":"Point"},"properties":{"kind":"stop","name":"YORK RD & OAKLAND AVE sb","stop_id":"1564"},"type":"Feature"},{"geometry":{"coordinates":[-76.60968,39.34065],"type":"Point"},"properties":{"kind":"stop","name":"YORK RD & 43RD ST opp sb","stop_id":"1565"},"type":"Feature"},{"geometry":{"coordinates":[-76.60961,39.33891],"type":"Point"},"properties":{"kind":"stop","name":"GREENMOUNT AVE & ROSE HILL TER opp sb","stop_id":"1566"},"type":"Feature"},{"geometry":{"coordinates":[-76.60961,39.33646],"type":"Point"},"properties":{"kind":"stop","name":"GREENMOUNT AVE & 39TH ST sb","stop_id":"1567"},"type":"Feature"},{"geometry":{"coordinates":[-76.60954,39.33275],"type":"Point"},"properties":{"kind":"stop","name":"GREENMOUNT AVE & 36TH ST opp sb","stop_id":"1570"},"type":"Feature"},{"geometry":{"coordinates":[-76.60948,39.32861],"type":"Point"},"properties":{"kind":"stop","name":"GREENMOUNT AVE & 33RD ST sb","stop_id":"1573"},"type":"Feature"},{"geometry":{"coordinates":[-76.60953,39.32735],"type":"Point"},"properties":{"kind":"stop","name":"GREENMOUNT AVE & 32ND ST sb","stop_id":"1574"},"type":"Feature"},{"geometry":{"coordinates":[-76.60949,39.32494],"type":"Point"},"properties":{"kind":"stop","name":"GREENMOUNT AVE & 30TH ST sb","stop_id":"1576"},"type":"Feature"},{"geometry":{"coordinates":[-76.60951,39.32357],"type":"Point"},"properties":{"kind":"stop","name":"GREENMOUNT AVE & 29TH ST sb","stop_id":"1578"},"type":"Feature"},{"geometry":{"coordinates":[-76.60955,39.32137],"type":"Point"},"properties":{"kind":"stop","name":"GREENMOUNT AVE & WHITRIDGE AVE fs sb","stop_id":"1579"},"type":"Feature"},{"geometry":{"coordinates":[-76.60961,39.31462],"type":"Point"},"properties":{"kind":"stop","name":"GREENMOUNT AVE & 22ND ST sb","stop_id":"1582"},"type":"Feature"},{"geometry":{"coordinates":[-76.60954,39.31173],"type":"Point"},"properties":{"kind":"stop","name":"GREENMOUNT AVE & NORTH AVE sb","stop_id":"1584"},"type":"Feature"},{"geometry":{"coordinates":[-76.60908,39.30811],"type":"Point"},"properties":{"kind":"stop","name":"GREENMOUNT AVE & PITMAN PL fs","stop_id":"1587"},"type":"Feature"},{"geometry":{"coordinates":[-76.60829,39.30492],"type":"Point"},"properties":{"kind":"stop","name":"GREENMOUNT AVE & PRESTON ST sb","stop_id":"1589"},"type":"Feature"},{"geometry":{"coordinates":[-76.6512,39.31645],"type":"Point"},"properties":{"kind":"stop","name":"Gwynns Falls Pkwy & Reisterstown Rd","stop_id":"159"},"type":"Feature"},{"geometry":{"coordinates":[-76.60805,39.30402],"type":"Point"},"properties":{"kind":"stop","name":"GREENMOUNT & BIDDLE sb","stop_id":"1590"},"type":"Feature"},{"geometry":{"coordinates":[-76.60775,39.30284],"type":"Point"},"properties":{"kind":"stop","name":"GREENMOUNT & CHASE sb","stop_id":"1591"},"type":"Feature"},{"geometry":{"coordinates":[-76.6074,39.30161],"type":"Point"},"properties":{"kind":"stop","name":"GREENMOUNT AVE & EAGER ST sb","stop_id":"1592"},"type":"Feature"},{"geometry":{"coordinates":[-76.65822,39.34044],"type":"Point"},"properties":{"kind":"stop","name":"GREENSPRING AVE & COLD SPRING Ln","stop_id":"16"},"type":"Feature"},{"geometry":{"coordinates":[-76.65249,39.31579],"type":"Point"},"properties":{"kind":"stop","name":"Gwynns Falls Pkwy & Pulaski St","stop_id":"160"},"type":"Feature"},{"geometry":{"coordinates":[-76.62417,39.2891],"type":"Point"},"properties":{"kind":"stop","name":"BALTIMORE ST & UNIVERSITY OF MD TRANSIT CENTER mid","stop_id":"1601"},"type":"Feature"},{"geometry":{"coordinates":[-76.61199,39.28702],"type":"Point"},"properties":{"kind":"stop","name":"CALVERT ST between PRATT ST & LOMBARD ST nb","stop_id":"1604"},"type":"Feature"},{"geometry":{"coordinates":[-76.61215,39.28866],"type":"Point"},"properties":{"kind":"stop","name":"CALVERT ST & REDWOOD ST nb","stop_id":"1605"},"type":"Feature"},{"geometry":{"coordinates":[-76.60533,39.29686],"type":"Point"},"properties":{"kind":"stop","name":"FORREST ST & HILLEN ST nb","stop_id":"1607"},"type":"Feature"},{"geometry":{"coordinates":[-76.60618,39.29768],"type":"Point"},"properties":{"kind":"stop","name":"GREENMOUNT AVE & MONUMENT ST nb","stop_id":"1608"},"type":"Feature"},{"geometry":{"coordinates":[-76.60426,39.29911],"type":"Point"},"properties":{"kind":"stop","name":"MADISON ST & ENSOR ST fs wb","stop_id":"1609"},"type":"Feature"},{"geometry":{"coordinates":[-76.65689,39.31609],"type":"Point"},"properties":{"kind":"stop","name":"Gwynns Falls Pkwy & Warwick Ave","stop_id":"161"},"type":"Feature"},{"geometry":{"coordinates":[-76.60649,39.29901],"type":"Point"},"properties":{"kind":"stop","name":"MADISON ST & GREENMOUNT AVE wb","stop_id":"1610"},"type":"Feature"},{"geometry":{"coordinates":[-76.60778,39.30358],"type":"Point"},"properties":{"kind":"stop","name":"GREENMOUNT AVE & BIDDLE ST nb","stop_id":"1612"},"type":"Feature"},{"geometry":{"coordinates":[-76.60805,39.30458],"type":"Point"},"properties":{"kind":"stop","name":"GREENMOUNT AVE & PRESTON ST nb","stop_id":"1613"},"type":"Feature"},{"geometry":{"coordinates":[-76.60857,39.30665],"type":"Point"},"properties":{"kind":"stop","name":"GREENMOUNT AVE & OLIVER ST opp nb","stop_id":"1616"},"type":"Feature"},{"geometry":{"coordinates":[-76.60938,39.31114],"type":"Point"},"properties":{"kind":"stop","name":"GREENMOUNT AVE & NORTH AVE nb","stop_id":"1618"},"type":"Feature"},{"geometry":{"coordinates":[-76.60939,39.31487],"type":"Point"},"properties":{"kind":"stop","name":"GREENMOUNT AVE & 22ND ST nb","stop_id":"1620"},"type":"Feature"},{"geometry":{"coordinates":[-76.60938,39.32054],"type":"Point"},"properties":{"kind":"stop","name":"GREENMOUNT AVE & 27TH ST nb","stop_id":"1624"},"type":"Feature"},{"geometry":{"coordinates":[-76.60936,39.32315],"type":"Point"},"properties":{"kind":"stop","name":"GREENMOUNT AVE & EXETER HALL AVE nb","stop_id":"1626"},"type":"Feature"},{"geometry":{"coordinates":[-76.60931,39.32488],"type":"Point"},"properties":{"kind":"stop","name":"GREENMOUNT AVE & 30TH ST opp nb","stop_id":"1627"},"type":"Feature"},{"geometry":{"coordinates":[-76.60934,39.32696],"type":"Point"},"properties":{"kind":"stop","name":"GREENMOUNT AVE & 32ND ST nb","stop_id":"1629"},"type":"Feature"},{"geometry":{"coordinates":[-76.65762,39.31846],"type":"Point"},"properties":{"kind":"stop","name":"Tioga Pkwy & Forest Park Ave","stop_id":"163"},"type":"Feature"},{"geometry":{"coordinates":[-76.60938,39.3277],"type":"Point"},"properties":{"kind":"stop","name":"GREENMOUNT AVE & GORSUCH AVE nb","stop_id":"1631"},"type":"Feature"},{"geometry":{"coordinates":[-76.60939,39.33242],"type":"Point"},"properties":{"kind":"stop","name":"GREENMOUNT AVE & 36TH ST nb","stop_id":"1634"},"type":"Feature"},{"geometry":{"coordinates":[-76.60941,39.3362],"type":"Point"},"properties":{"kind":"stop","name":"GREENMOUNT AVE & 39TH ST nb","stop_id":"1638"},"type":"Feature"},{"geometry":{"coordinates":[-76.65225,39.31823],"type":"Point"},"properties":{"kind":"stop","name":"Reisterstown Rd & Liberty Heights Ave","stop_id":"164"},"type":"Feature"},{"geometry":{"coordinates":[-76.60944,39.33848],"type":"Point"},"properties":{"kind":"stop","name":"GREENMOUNT AVE & ROSE HILL TER nb","stop_id":"1640"},"type":"Feature"},{"geometry":{"coordinates":[-76.60949,39.34133],"type":"Point"},"properties":{"kind":"stop","name":"YORK RD & 43RD ST nb","stop_id":"1643"},"type":"Feature"},{"geometry":{"coordinates":[-76.60949,39.3429],"type":"Point"},"properties":{"kind":"stop","name":"YORK RD & NORTHWAY opp nb","stop_id":"1644"},"type":"Feature"},{"geometry":{"coordinates":[-76.60947,39.34609],"type":"Point"},"properties":{"kind":"stop","name":"YORK RD & COLD SPRING LN nb","stop_id":"1645"},"type":"Feature"},{"geometry":{"coordinates":[-76.60953,39.34766],"type":"Point"},"properties":{"kind":"stop","name":"YORK RD & RADNOR AVE opp nb","stop_id":"1646"},"type":"Feature"},{"geometry":{"coordinates":[-76.60961,39.35045],"type":"Point"},"properties":{"kind":"stop","name":"YORK RD & WINSTON AVE fs nb","stop_id":"1648"},"type":"Feature"},{"geometry":{"coordinates":[-76.65406,39.32085],"type":"Point"},"properties":{"kind":"stop","name":"Reisterstown Rd & Ocala Ave","stop_id":"165"},"type":"Feature"},{"geometry":{"coordinates":[-76.60973,39.35394],"type":"Point"},"properties":{"kind":"stop","name":"YORK RD & GLENWOOD AVE nb","stop_id":"1651"},"type":"Feature"},{"geometry":{"coordinates":[-76.60979,39.35511],"type":"Point"},"properties":{"kind":"stop","name":"YORK RD & WOODBOURNE AVE nb","stop_id":"1652"},"type":"Feature"},{"geometry":{"coordinates":[-76.60981,39.35843],"type":"Point"},"properties":{"kind":"stop","name":"YORK RD & BENNINGHAUS RD nb","stop_id":"1654"},"type":"Feature"},{"geometry":{"coordinates":[-76.60983,39.36061],"type":"Point"},"properties":{"kind":"stop","name":"YORK RD & LORTZ LN opp nb","stop_id":"1655"},"type":"Feature"},{"geometry":{"coordinates":[-76.60986,39.36268],"type":"Point"},"properties":{"kind":"stop","name":"YORK RD & ORKNEY RD nb","stop_id":"1656"},"type":"Feature"},{"geometry":{"coordinates":[-76.60979,39.3654],"type":"Point"},"properties":{"kind":"stop","name":"YORK RD & NORTHERN PKWY fs nb","stop_id":"1658"},"type":"Feature"},{"geometry":{"coordinates":[-76.6096,39.37287],"type":"Point"},"properties":{"kind":"stop","name":"6401 YORK RD nb","stop_id":"1663"},"type":"Feature"},{"geometry":{"coordinates":[-76.60889,39.3767],"type":"Point"},"properties":{"kind":"stop","name":"YORK RD & DUNKIRK RD nb","stop_id":"1665"},"type":"Feature"},{"geometry":{"coordinates":[-76.60843,39.37831],"type":"Point"},"properties":{"kind":"stop","name":"YORK RD & REGESTER AVE nb","stop_id":"1666"},"type":"Feature"},{"geometry":{"coordinates":[-76.65595,39.3234],"type":"Point"},"properties":{"kind":"stop","name":"Reisterstown Rd & Chowan Ave","stop_id":"167"},"type":"Feature"},{"geometry":{"coordinates":[-76.60586,39.38773],"type":"Point"},"properties":{"kind":"stop","name":"YORK RD & SISTER PIERRE DR nb","stop_id":"1671"},"type":"Feature"},{"geometry":{"coordinates":[-76.60433,39.39317],"type":"Point"},"properties":{"kind":"stop","name":"YORK RD & AIGBURTH RD fs nb","stop_id":"1674"},"type":"Feature"},{"geometry":{"coordinates":[-76.60382,39.39492],"type":"Point"},"properties":{"kind":"stop","name":"YORK RD & BURKE AVE nb","stop_id":"1675"},"type":"Feature"},{"geometry":{"coordinates":[-76.65735,39.32529],"type":"Point"},"properties":{"kind":"stop","name":"Reisterstown Rd & Druid Park Dr","stop_id":"168"},"type":"Feature"},{"geometry":{"coordinates":[-76.60958,39.4109],"type":"Point"},"properties":{"kind":"stop","name":"YORK RD & RADCLIFFE RD nb","stop_id":"1690"},"type":"Feature"},{"geometry":{"coordinates":[-76.61111,39.41285],"type":"Point"},"properties":{"kind":"stop","name":"YORK RD & WEST RD nb","stop_id":"1691"},"type":"Feature"},{"geometry":{"coordinates":[-76.61507,39.41785],"type":"Point"},"properties":{"kind":"stop","name":"YORK RD & GREENRIDGE RD nb","stop_id":"1692"},"type":"Feature"},{"geometry":{"coordinates":[-76.61594,39.41963],"type":"Point"},"properties":{"kind":"stop","name":"YORK RD & SEMINARY AVEnb","stop_id":"1693"},"type":"Feature"},{"geometry":{"coordinates":[-76.61729,39.42208],"type":"Point"},"properties":{"kind":"stop","name":"YORK RD & CROFTLEY RD nb","stop_id":"1694"},"type":"Feature"},{"geometry":{"coordinates":[-76.61817,39.42352],"type":"Point"},"properties":{"kind":"stop","name":"YORK RD & MARGATE RD nb","stop_id":"1695"},"type":"Feature"},{"geometry":{"coordinates":[-76.6234,39.4295],"type":"Point"},"properties":{"kind":"stop","name":"RIDGELY RD & KURTZ AVE wb","stop_id":"1697"},"type":"Feature"},{"geometry":{"coordinates":[-76.65561,39.33302],"type":"Point"},"properties":{"kind":"stop","name":"Greenspring Ave & Foxwell Apartments","stop_id":"172"},"type":"Feature"},{"geometry":{"coordinates":[-76.65564,39.48047],"type":"Point"},"properties":{"kind":"stop","name":"BEAVER DAM RD & SWIM CLUB nb","stop_id":"1724"},"type":"Feature"},{"geometry":{"coordinates":[-76.65419,39.4792],"type":"Point"},"properties":{"kind":"stop","name":"BEAVER DAM & COCKEYSVILLE RD nb","stop_id":"1725"},"type":"Feature"},{"geometry":{"coordinates":[-76.65269,39.47732],"type":"Point"},"properties":{"kind":"stop","name":"10610 BEAVER DAM RD sb","stop_id":"1726"},"type":"Feature"},{"geometry":{"coordinates":[-76.63501,39.47448],"type":"Point"},"properties":{"kind":"stop","name":"WARREN RD & SCOTT ADAM RD eb","stop_id":"1730"},"type":"Feature"},{"geometry":{"coordinates":[-76.62042,39.47196],"type":"Point"},"properties":{"kind":"stop","name":"RIDGLAND RD & CRANBROOK RD sb","stop_id":"1734"},"type":"Feature"},{"geometry":{"coordinates":[-76.65625,39.3365],"type":"Point"},"properties":{"kind":"stop","name":"Greenspring Ave & Shirley Ave","stop_id":"175"},"type":"Feature"},{"geometry":{"coordinates":[-76.63553,39.44859],"type":"Point"},"properties":{"kind":"stop","name":"BUS STOP AT TIMONIUM FAIRGROUNDS LIGHT RAIL STATION sb","stop_id":"1750"},"type":"Feature"},{"geometry":{"coordinates":[-76.62561,39.43883],"type":"Point"},"properties":{"kind":"stop","name":"YORK RD & OAKWAY RD opp sb","stop_id":"1755"},"type":"Feature"},{"geometry":{"coordinates":[-76.62433,39.43601],"type":"Point"},"properties":{"kind":"stop","name":"YORK RD & CROWTHER AVE mid sb","stop_id":"1756"},"type":"Feature"},{"geometry":{"coordinates":[-76.62274,39.43258],"type":"Point"},"properties":{"kind":"stop","name":"YORK RD & NORTHHAMPTON RD opp sb","stop_id":"1757"},"type":"Feature"},{"geometry":{"coordinates":[-76.60428,39.40845],"type":"Point"},"properties":{"kind":"stop","name":"FAIRMOUNT AVE & BOSLEY RD sb","stop_id":"1765"},"type":"Feature"},{"geometry":{"coordinates":[-76.60196,39.40608],"type":"Point"},"properties":{"kind":"stop","name":"FAIRMOUNT AVE & DULANEY VALLEY RD eb","stop_id":"1766"},"type":"Feature"},{"geometry":{"coordinates":[-76.60303,39.39851],"type":"Point"},"properties":{"kind":"stop","name":"YORK RD & TOWSONTOWN BLVD sb ns","stop_id":"1770"},"type":"Feature"},{"geometry":{"coordinates":[-76.60382,39.39583],"type":"Point"},"properties":{"kind":"stop","name":"YORK RD & BURKE AVE sb","stop_id":"1776"},"type":"Feature"},{"geometry":{"coordinates":[-76.60705,39.38426],"type":"Point"},"properties":{"kind":"stop","name":"YORK RD & STEVENSON LNsb","stop_id":"1779"},"type":"Feature"},{"geometry":{"coordinates":[-76.65939,39.34638],"type":"Point"},"properties":{"kind":"stop","name":"Greenspring Ave & Woodland Ave","stop_id":"178"},"type":"Feature"},{"geometry":{"coordinates":[-76.65917,39.34878],"type":"Point"},"properties":{"kind":"stop","name":"Greenspring Ave & Springarden Dr","stop_id":"179"},"type":"Feature"},{"geometry":{"coordinates":[-76.60271,39.39914],"type":"Point"},"properties":{"kind":"stop","name":"YORK RD & CHESAPEAKE AVE nb","stop_id":"1793"},"type":"Feature"},{"geometry":{"coordinates":[-76.65668,39.33787],"type":"Point"},"properties":{"kind":"stop","name":"Greenspring Ave & Oswego Ave","stop_id":"18"},"type":"Feature"},{"geometry":{"coordinates":[-76.75353,39.28274],"type":"Point"},"properties":{"kind":"stop","name":"Rolling Rd & Baltimore National Pike","stop_id":"180"},"type":"Feature"},{"geometry":{"coordinates":[-76.62225,39.43216],"type":"Point"},"properties":{"kind":"stop","name":"YORK RD & NORTHAMPTON RD nb","stop_id":"1806"},"type":"Feature"},{"geometry":{"coordinates":[-76.62449,39.43698],"type":"Point"},"properties":{"kind":"stop","name":"YORK RD & BELFAST RD nb","stop_id":"1808"},"type":"Feature"},{"geometry":{"coordinates":[-76.62531,39.43879],"type":"Point"},"properties":{"kind":"stop","name":"YORK RD & OAKWAY RD nb","stop_id":"1809"},"type":"Feature"},{"geometry":{"coordinates":[-76.75521,39.27689],"type":"Point"},"properties":{"kind":"stop","name":"Rolling Rd & Beverly Rd","stop_id":"182"},"type":"Feature"},{"geometry":{"coordinates":[-76.62863,39.46809],"type":"Point"},"properties":{"kind":"stop","name":"CRANBROOK RD & SORLEY RD eb","stop_id":"1823"},"type":"Feature"},{"geometry":{"coordinates":[-76.62569,39.47087],"type":"Point"},"properties":{"kind":"stop","name":"CRANBROOK RD & VINTAGE CT eb","stop_id":"1824"},"type":"Feature"},{"geometry":{"coordinates":[-76.62017,39.47192],"type":"Point"},"properties":{"kind":"stop","name":"RIDGLAND RD & CRANBROOK RD fs nb","stop_id":"1826"},"type":"Feature"},{"geometry":{"coordinates":[-76.62161,39.47362],"type":"Point"},"properties":{"kind":"stop","name":"WARREN RD & ABBEY RD wb","stop_id":"1828"},"type":"Feature"},{"geometry":{"coordinates":[-76.62578,39.47395],"type":"Point"},"properties":{"kind":"stop","name":"WARREN RD & WARREN MANOR CTwb","stop_id":"1829"},"type":"Feature"},{"geometry":{"coordinates":[-76.63276,39.47442],"type":"Point"},"properties":{"kind":"stop","name":"WARREN ROAD & SAMONA AVE fs wb","stop_id":"1830"},"type":"Feature"},{"geometry":{"coordinates":[-76.65666,39.48747],"type":"Point"},"properties":{"kind":"stop","name":"MCCORMICK RD & WIGHT AVE nb","stop_id":"1840"},"type":"Feature"},{"geometry":{"coordinates":[-76.74751,39.26852],"type":"Point"},"properties":{"kind":"stop","name":"Frederick Rd & Smithwood Ave","stop_id":"186"},"type":"Feature"},{"geometry":{"coordinates":[-76.62272,39.30091],"type":"Point"},"properties":{"kind":"stop","name":"EUTAW ST & PRESTON ST fs sb","stop_id":"1864"},"type":"Feature"},{"geometry":{"coordinates":[-76.62134,39.29399],"type":"Point"},"properties":{"kind":"stop","name":"EUTAW ST & MULBERRY ST sb","stop_id":"1870"},"type":"Feature"},{"geometry":{"coordinates":[-76.62117,39.29164],"type":"Point"},"properties":{"kind":"stop","name":"EUTAW & LEXINGTON op sb","stop_id":"1872"},"type":"Feature"},{"geometry":{"coordinates":[-76.62101,39.28876],"type":"Point"},"properties":{"kind":"stop","name":"EUTAW ST & REDWOOD ST sb","stop_id":"1876"},"type":"Feature"},{"geometry":{"coordinates":[-76.61095,39.28654],"type":"Point"},"properties":{"kind":"stop","name":"Pratt St & South St","stop_id":"1879"},"type":"Feature"},{"geometry":{"coordinates":[-76.59308,39.28553],"type":"Point"},"properties":{"kind":"stop","name":"Eastern Ave & Broadway","stop_id":"1888"},"type":"Feature"},{"geometry":{"coordinates":[-76.59026,39.28565],"type":"Point"},"properties":{"kind":"stop","name":"Eastern Ave & Wolfe St","stop_id":"1891"},"type":"Feature"},{"geometry":{"coordinates":[-76.58895,39.28569],"type":"Point"},"properties":{"kind":"stop","name":"Eastern Ave & Washington St","stop_id":"1892"},"type":"Feature"},{"geometry":{"coordinates":[-76.58723,39.28577],"type":"Point"},"properties":{"kind":"stop","name":"Eastern Ave & Chester St","stop_id":"1893"},"type":"Feature"},{"geometry":{"coordinates":[-76.5816,39.28599],"type":"Point"},"properties":{"kind":"stop","name":"Eastern Ave & Milton Ave","stop_id":"1896"},"type":"Feature"},{"geometry":{"coordinates":[-76.5788,39.28609],"type":"Point"},"properties":{"kind":"stop","name":"Eastern Ave & Lakewood Ave","stop_id":"1897"},"type":"Feature"},{"geometry":{"coordinates":[-76.65639,39.33625],"type":"Point"},"properties":{"kind":"stop","name":"Greenspring Ave & Shirley Ave","stop_id":"19"},"type":"Feature"},{"geometry":{"coordinates":[-76.73951,39.27022],"type":"Point"},"properties":{"kind":"stop","name":"Frederick Rd & Beaumont Ave","stop_id":"190"},"type":"Feature"},{"geometry":{"coordinates":[-76.56944,39.28643],"type":"Point"},"properties":{"kind":"stop","name":"Eastern Ave & Highland Ave","stop_id":"1904"},"type":"Feature"},{"geometry":{"coordinates":[-76.56748,39.28653],"type":"Point"},"properties":{"kind":"stop","name":"Eastern Ave & Conkling St","stop_id":"1905"},"type":"Feature"},{"geometry":{"coordinates":[-76.56676,39.28655],"type":"Point"},"properties":{"kind":"stop","name":"EASTERN AVE & CONKLING ST eb fs","stop_id":"1906"},"type":"Feature"},{"geometry":{"coordinates":[-76.5626,39.28674],"type":"Point"},"properties":{"kind":"stop","name":"EASTERN AVE & HAVEN ST eb","stop_id":"1909"},"type":"Feature"},{"geometry":{"coordinates":[-76.55523,39.28702],"type":"Point"},"properties":{"kind":"stop","name":"EASTERN AVE & PONCA ST eb","stop_id":"1913"},"type":"Feature"},{"geometry":{"coordinates":[-76.55326,39.28708],"type":"Point"},"properties":{"kind":"stop","name":"EASTERN AVE & RAPPOLLA ST eb","stop_id":"1914"},"type":"Feature"},{"geometry":{"coordinates":[-76.54675,39.28724],"type":"Point"},"properties":{"kind":"stop","name":"EASTERN AVE & ANGLESEA ST eb","stop_id":"1919"},"type":"Feature"},{"geometry":{"coordinates":[-76.73579,39.27103],"type":"Point"},"properties":{"kind":"stop","name":"Frederick Rd & Newburg Ave","stop_id":"192"},"type":"Feature"},{"geometry":{"coordinates":[-76.54242,39.28656],"type":"Point"},"properties":{"kind":"stop","name":"DUNDALK AVE & FOLCROFT ST mb sb","stop_id":"1922"},"type":"Feature"},{"geometry":{"coordinates":[-76.5359,39.28186],"type":"Point"},"properties":{"kind":"stop","name":"DUNDALK AVE & O'DONNELL ST sb","stop_id":"1924"},"type":"Feature"},{"geometry":{"coordinates":[-76.53448,39.27935],"type":"Point"},"properties":{"kind":"stop","name":"DUNDALK AVE & BOSTON ST sb","stop_id":"1925"},"type":"Feature"},{"geometry":{"coordinates":[-76.53363,39.27758],"type":"Point"},"properties":{"kind":"stop","name":"Dundalk Ave & Youngstown Ave","stop_id":"1926"},"type":"Feature"},{"geometry":{"coordinates":[-76.50821,39.23789],"type":"Point"},"properties":{"kind":"stop","name":"Fleming Dr & New Pittsburg Ave","stop_id":"1937"},"type":"Feature"},{"geometry":{"coordinates":[-76.50825,39.23775],"type":"Point"},"properties":{"kind":"stop","name":"Fleming Dr & New Pittsburg Ave","stop_id":"1938"},"type":"Feature"},{"geometry":{"coordinates":[-76.51138,39.24121],"type":"Point"},"properties":{"kind":"stop","name":"Main St & Sollers Point Rd","stop_id":"1939"},"type":"Feature"},{"geometry":{"coordinates":[-76.51258,39.24283],"type":"Point"},"properties":{"kind":"stop","name":"Main St & Avon Beach Rd","stop_id":"1940"},"type":"Feature"},{"geometry":{"coordinates":[-76.51372,39.24445],"type":"Point"},"properties":{"kind":"stop","name":"Main St & Chestnut St","stop_id":"1941"},"type":"Feature"},{"geometry":{"coordinates":[-76.51571,39.24638],"type":"Point"},"properties":{"kind":"stop","name":"Dundalk Ave & McShane Way","stop_id":"1942"},"type":"Feature"},{"geometry":{"coordinates":[-76.51918,39.24891],"type":"Point"},"properties":{"kind":"stop","name":"Dundalk Ave & Logan Village","stop_id":"1943"},"type":"Feature"},{"geometry":{"coordinates":[-76.52301,39.25621],"type":"Point"},"properties":{"kind":"stop","name":"DUNDALK AVE & S CENTER PL","stop_id":"1944"},"type":"Feature"},{"geometry":{"coordinates":[-76.53106,39.27217],"type":"Point"},"properties":{"kind":"stop","name":"Dundalk Ave & Holabird Ave","stop_id":"1949"},"type":"Feature"},{"geometry":{"coordinates":[-76.72568,39.27326],"type":"Point"},"properties":{"kind":"stop","name":"Frederick Rd & Wade Ave","stop_id":"197"},"type":"Feature"},{"geometry":{"coordinates":[-76.53021,39.27021],"type":"Point"},"properties":{"kind":"stop","name":"Dundalk Ave & Chandlery St","stop_id":"1973"},"type":"Feature"},{"geometry":{"coordinates":[-76.52288,39.25505],"type":"Point"},"properties":{"kind":"stop","name":"Dundalk Ave & Mornington Rd","stop_id":"1977"},"type":"Feature"},{"geometry":{"coordinates":[-76.52117,39.25159],"type":"Point"},"properties":{"kind":"stop","name":"Dundalk Ave & Belclare Rd","stop_id":"1978"},"type":"Feature"},{"geometry":{"coordinates":[-76.51964,39.24891],"type":"Point"},"properties":{"kind":"stop","name":"Dundalk Ave & Logan Village","stop_id":"1979"},"type":"Feature"},{"geometry":{"coordinates":[-76.51624,39.24642],"type":"Point"},"properties":{"kind":"stop","name":"Dundalk Ave & McShane Way","stop_id":"1980"},"type":"Feature"},{"geometry":{"coordinates":[-76.5139,39.24445],"type":"Point"},"properties":{"kind":"stop","name":"Main St & Chestnut St","stop_id":"1981"},"type":"Feature"},{"geometry":{"coordinates":[-76.51297,39.24316],"type":"Point"},"properties":{"kind":"stop","name":"Main St & Avon Beach Rd","stop_id":"1982"},"type":"Feature"},{"geometry":{"coordinates":[-76.5117,39.24139],"type":"Point"},"properties":{"kind":"stop","name":"Main St & Sollers Point Rd","stop_id":"1983"},"type":"Feature"},{"geometry":{"coordinates":[-76.50705,39.23933],"type":"Point"},"properties":{"kind":"stop","name":"William Wade Ave & Avondale Rd","stop_id":"1986"},"type":"Feature"},{"geometry":{"coordinates":[-76.72111,39.27424],"type":"Point"},"properties":{"kind":"stop","name":"Frederick Rd & Shadynook Ave","stop_id":"199"},"type":"Feature"},{"geometry":{"coordinates":[-76.52135,39.2527],"type":"Point"},"properties":{"kind":"stop","name":"Dundalk Ave & Dunhill Rd","stop_id":"2007"},"type":"Feature"},{"geometry":{"coordinates":[-76.528,39.26667],"type":"Point"},"properties":{"kind":"stop","name":"Dundalk Ave & Thruway","stop_id":"2009"},"type":"Feature"},{"geometry":{"coordinates":[-76.71665,39.27563],"type":"Point"},"properties":{"kind":"stop","name":"Frederick Rd & Paradise Ave","stop_id":"201"},"type":"Feature"},{"geometry":{"coordinates":[-76.53194,39.27498],"type":"Point"},"properties":{"kind":"stop","name":"Dundalk Ave & Roberts Ave","stop_id":"2014"},"type":"Feature"},{"geometry":{"coordinates":[-76.53317,39.27755],"type":"Point"},"properties":{"kind":"stop","name":"Dundalk Ave & Youngstown Ave","stop_id":"2015"},"type":"Feature"},{"geometry":{"coordinates":[-76.5352,39.28157],"type":"Point"},"properties":{"kind":"stop","name":"DUNDALK AVE & O'DONNELL ST nb","stop_id":"2017"},"type":"Feature"},{"geometry":{"coordinates":[-76.54129,39.28623],"type":"Point"},"properties":{"kind":"stop","name":"DUNDALK AVE & GUSRYAN ST fs nb","stop_id":"2019"},"type":"Feature"},{"geometry":{"coordinates":[-76.71688,39.27562],"type":"Point"},"properties":{"kind":"stop","name":"FREDERICK RD & PARADISE AVE eb","stop_id":"202"},"type":"Feature"},{"geometry":{"coordinates":[-76.54319,39.28738],"type":"Point"},"properties":{"kind":"stop","name":"DUNDALK AVE & EASTERN AVE nb","stop_id":"2020"},"type":"Feature"},{"geometry":{"coordinates":[-76.54647,39.28756],"type":"Point"},"properties":{"kind":"stop","name":"Eastern Ave & Anglesea St","stop_id":"2022"},"type":"Feature"},{"geometry":{"coordinates":[-76.54947,39.28747],"type":"Point"},"properties":{"kind":"stop","name":"EASTERN AVE & BAYVIEW BLVD fs wb","stop_id":"2026"},"type":"Feature"},{"geometry":{"coordinates":[-76.5547,39.28722],"type":"Point"},"properties":{"kind":"stop","name":"EASTERN AVE & PONCA ST wb","stop_id":"2030"},"type":"Feature"},{"geometry":{"coordinates":[-76.55707,39.28712],"type":"Point"},"properties":{"kind":"stop","name":"EASTERN AVE & MACON ST wb","stop_id":"2033"},"type":"Feature"},{"geometry":{"coordinates":[-76.56375,39.28684],"type":"Point"},"properties":{"kind":"stop","name":"EASTERN AVE & GRUNDY ST fs wb","stop_id":"2034"},"type":"Feature"},{"geometry":{"coordinates":[-76.56494,39.28679],"type":"Point"},"properties":{"kind":"stop","name":"EASTERN AVE & EATON ST wb","stop_id":"2035"},"type":"Feature"},{"geometry":{"coordinates":[-76.56677,39.2867],"type":"Point"},"properties":{"kind":"stop","name":"EASTERN AVE & CONKLING ST wb","stop_id":"2036"},"type":"Feature"},{"geometry":{"coordinates":[-76.56857,39.28664],"type":"Point"},"properties":{"kind":"stop","name":"Eastern Ave & Highland Ave","stop_id":"2037"},"type":"Feature"},{"geometry":{"coordinates":[-76.57131,39.28654],"type":"Point"},"properties":{"kind":"stop","name":"Eastern Ave & East Ave","stop_id":"2039"},"type":"Feature"},{"geometry":{"coordinates":[-76.71408,39.2766],"type":"Point"},"properties":{"kind":"stop","name":"Frederick Rd & Nunnery Ln","stop_id":"204"},"type":"Feature"},{"geometry":{"coordinates":[-76.57566,39.28636],"type":"Point"},"properties":{"kind":"stop","name":"Eastern Ave & Linwood Ave","stop_id":"2042"},"type":"Feature"},{"geometry":{"coordinates":[-76.57981,39.28622],"type":"Point"},"properties":{"kind":"stop","name":"Eastern Ave & Luzerne Ave","stop_id":"2045"},"type":"Feature"},{"geometry":{"coordinates":[-76.58411,39.28604],"type":"Point"},"properties":{"kind":"stop","name":"Eastern Ave & Patterson Park Ave","stop_id":"2047"},"type":"Feature"},{"geometry":{"coordinates":[-76.58862,39.28587],"type":"Point"},"properties":{"kind":"stop","name":"Eastern Ave & Washington St","stop_id":"2049"},"type":"Feature"},{"geometry":{"coordinates":[-76.58995,39.28581],"type":"Point"},"properties":{"kind":"stop","name":"Eastern Ave & Wolfe St","stop_id":"2050"},"type":"Feature"},{"geometry":{"coordinates":[-76.5932,39.28567],"type":"Point"},"properties":{"kind":"stop","name":"Eastern Ave & Broadway","stop_id":"2053"},"type":"Feature"},{"geometry":{"coordinates":[-76.61924,39.28822],"type":"Point"},"properties":{"kind":"stop","name":"HOWARD ST & REDWOOD ST opp nb","stop_id":"2067"},"type":"Feature"},{"geometry":{"coordinates":[-76.61934,39.29028],"type":"Point"},"properties":{"kind":"stop","name":"HOWARD ST & FAYETTE ST nb","stop_id":"2069"},"type":"Feature"},{"geometry":{"coordinates":[-76.71061,39.27798],"type":"Point"},"properties":{"kind":"stop","name":"Frederick Ave & Overbrook Rd","stop_id":"207"},"type":"Feature"},{"geometry":{"coordinates":[-76.61961,39.29366],"type":"Point"},"properties":{"kind":"stop","name":"HOWARD ST & SARATOGA ST mid nb","stop_id":"2072"},"type":"Feature"},{"geometry":{"coordinates":[-76.61968,39.29482],"type":"Point"},"properties":{"kind":"stop","name":"HOWARD ST & FRANKLIN ST nb","stop_id":"2073"},"type":"Feature"},{"geometry":{"coordinates":[-76.61975,39.29597],"type":"Point"},"properties":{"kind":"stop","name":"HOWARD ST & CENTRE ST nb","stop_id":"2074"},"type":"Feature"},{"geometry":{"coordinates":[-76.70629,39.28],"type":"Point"},"properties":{"kind":"stop","name":"FREDERICK AVE & STONECROFT RD opp eb","stop_id":"209"},"type":"Feature"},{"geometry":{"coordinates":[-76.62729,39.39126],"type":"Point"},"properties":{"kind":"stop","name":"GBMC HOSPITAL & LA PETITE CHILD CARE CENTER opp wb","stop_id":"2093"},"type":"Feature"},{"geometry":{"coordinates":[-76.62473,39.39003],"type":"Point"},"properties":{"kind":"stop","name":"GREATER BALTIMORE MEDICAL CENTER","stop_id":"2094"},"type":"Feature"},{"geometry":{"coordinates":[-76.62838,39.39313],"type":"Point"},"properties":{"kind":"stop","name":"CHARLES ST & GBMC HOSPITAL fs sb","stop_id":"2095"},"type":"Feature"},{"geometry":{"coordinates":[-76.65424,39.33056],"type":"Point"},"properties":{"kind":"stop","name":"Greenspring Ave & Druid Park Dr","stop_id":"21"},"type":"Feature"},{"geometry":{"coordinates":[-76.62226,39.37976],"type":"Point"},"properties":{"kind":"stop","name":"STEVENSON LN & BELLONA AVE fs eb","stop_id":"2106"},"type":"Feature"},{"geometry":{"coordinates":[-76.61898,39.37899],"type":"Point"},"properties":{"kind":"stop","name":"RODGERS FORGE RD & DUMBARTON RD fs wb","stop_id":"2107"},"type":"Feature"},{"geometry":{"coordinates":[-76.62086,39.37729],"type":"Point"},"properties":{"kind":"stop","name":"BELLONA AVE & RODGERS FORGE RD fs sb","stop_id":"2108"},"type":"Feature"},{"geometry":{"coordinates":[-76.61929,39.3754],"type":"Point"},"properties":{"kind":"stop","name":"BELLONA AVE & BLENHEIM RD sb","stop_id":"2111"},"type":"Feature"},{"geometry":{"coordinates":[-76.61809,39.36783],"type":"Point"},"properties":{"kind":"stop","name":"BELLONA AVE & LAKE AVE sb","stop_id":"2117"},"type":"Feature"},{"geometry":{"coordinates":[-76.61768,39.36707],"type":"Point"},"properties":{"kind":"stop","name":"BELLONA AVE & MELROSE AVE sb","stop_id":"2118"},"type":"Feature"},{"geometry":{"coordinates":[-76.61738,39.36446],"type":"Point"},"properties":{"kind":"stop","name":"NORTHERN PKWY & SPRINGLAKE WY wb","stop_id":"2120"},"type":"Feature"},{"geometry":{"coordinates":[-76.62502,39.36169],"type":"Point"},"properties":{"kind":"stop","name":"CHARLES ST & NORTHERN PKY fs sb","stop_id":"2121"},"type":"Feature"},{"geometry":{"coordinates":[-76.62362,39.35339],"type":"Point"},"properties":{"kind":"stop","name":"CHARLES ST & HOMELAND AVE sb","stop_id":"2136"},"type":"Feature"},{"geometry":{"coordinates":[-76.62216,39.34549],"type":"Point"},"properties":{"kind":"stop","name":"CHARLES ST & COLDSPRING LN sb","stop_id":"2140"},"type":"Feature"},{"geometry":{"coordinates":[-76.6215,39.34141],"type":"Point"},"properties":{"kind":"stop","name":"CHARLES ST & WARRENTON RD sb","stop_id":"2145"},"type":"Feature"},{"geometry":{"coordinates":[-76.61999,39.3401],"type":"Point"},"properties":{"kind":"stop","name":"CHARLES ST & MILLBROOK RD opp sb","stop_id":"2146"},"type":"Feature"},{"geometry":{"coordinates":[-76.61842,39.33845],"type":"Point"},"properties":{"kind":"stop","name":"CHARLES ST & HIGHFIELD RD fs sb","stop_id":"2147"},"type":"Feature"},{"geometry":{"coordinates":[-76.61828,39.33613],"type":"Point"},"properties":{"kind":"stop","name":"CHARLES ST & 39TH ST sb","stop_id":"2150"},"type":"Feature"},{"geometry":{"coordinates":[-76.61807,39.33326],"type":"Point"},"properties":{"kind":"stop","name":"CHARLES ST & UNIVERSITY PKWY sb","stop_id":"2152"},"type":"Feature"},{"geometry":{"coordinates":[-76.61788,39.32825],"type":"Point"},"properties":{"kind":"stop","name":"CHARLES ST & 33RD ST sb","stop_id":"2155"},"type":"Feature"},{"geometry":{"coordinates":[-76.61773,39.32582],"type":"Point"},"properties":{"kind":"stop","name":"CHARLES ST & 31ST ST opp sb","stop_id":"2156"},"type":"Feature"},{"geometry":{"coordinates":[-76.61761,39.32383],"type":"Point"},"properties":{"kind":"stop","name":"CHARLES ST & WYMAN PARK sb","stop_id":"2157"},"type":"Feature"},{"geometry":{"coordinates":[-76.61862,39.3207],"type":"Point"},"properties":{"kind":"stop","name":"MARYLAND AVE & 27TH ST sb","stop_id":"2160"},"type":"Feature"},{"geometry":{"coordinates":[-76.61847,39.31797],"type":"Point"},"properties":{"kind":"stop","name":"MARYLAND AVE & 25TH ST sb","stop_id":"2162"},"type":"Feature"},{"geometry":{"coordinates":[-76.61833,39.31536],"type":"Point"},"properties":{"kind":"stop","name":"MARYLAND AVE & 23RD ST sb","stop_id":"2165"},"type":"Feature"},{"geometry":{"coordinates":[-76.61815,39.31329],"type":"Point"},"properties":{"kind":"stop","name":"MARYLAND AVE & 21ST ST sb","stop_id":"2167"},"type":"Feature"},{"geometry":{"coordinates":[-76.61802,39.31125],"type":"Point"},"properties":{"kind":"stop","name":"MARYLAND AVE & NORTH AVE sb","stop_id":"2169"},"type":"Feature"},{"geometry":{"coordinates":[-76.69594,39.2813],"type":"Point"},"properties":{"kind":"stop","name":"FREDERICK AVE & WICKHAM RD eb","stop_id":"217"},"type":"Feature"},{"geometry":{"coordinates":[-76.61772,39.30673],"type":"Point"},"properties":{"kind":"stop","name":"MARYLAND AVE & OLIVER ST sb","stop_id":"2172"},"type":"Feature"},{"geometry":{"coordinates":[-76.61757,39.30456],"type":"Point"},"properties":{"kind":"stop","name":"MARYLAND AVE & PRESTON ST sb","stop_id":"2174"},"type":"Feature"},{"geometry":{"coordinates":[-76.61751,39.30351],"type":"Point"},"properties":{"kind":"stop","name":"MARYLAND AVE & BIDDLE ST sb","stop_id":"2175"},"type":"Feature"},{"geometry":{"coordinates":[-76.6277,39.28733],"type":"Point"},"properties":{"kind":"stop","name":"Lombard St & MLK Blvd","stop_id":"2185"},"type":"Feature"},{"geometry":{"coordinates":[-76.62782,39.28583],"type":"Point"},"properties":{"kind":"stop","name":"MLK BLVD & PRATT ST fs sb","stop_id":"2186"},"type":"Feature"},{"geometry":{"coordinates":[-76.62735,39.2832],"type":"Point"},"properties":{"kind":"stop","name":"WASHINGTON BLVD & BARRE ST wb","stop_id":"2187"},"type":"Feature"},{"geometry":{"coordinates":[-76.69418,39.28075],"type":"Point"},"properties":{"kind":"stop","name":"BEECHFIELD AVE & FREDERICK RD fs sb","stop_id":"219"},"type":"Feature"},{"geometry":{"coordinates":[-76.63219,39.28292],"type":"Point"},"properties":{"kind":"stop","name":"WASHINGTON BLVD & CROSS ST sb","stop_id":"2191"},"type":"Feature"},{"geometry":{"coordinates":[-76.63521,39.28087],"type":"Point"},"properties":{"kind":"stop","name":"WASHINGTON BLVD & CAREY ST sb","stop_id":"2193"},"type":"Feature"},{"geometry":{"coordinates":[-76.63787,39.27878],"type":"Point"},"properties":{"kind":"stop","name":"WASHINGTON BLVD & BUSH ST sb","stop_id":"2198"},"type":"Feature"},{"geometry":{"coordinates":[-76.66729,39.25471],"type":"Point"},"properties":{"kind":"stop","name":"WASHINGTON BLVD & BLIND INDUSTRIES ENTRANCE eb","stop_id":"2200"},"type":"Feature"},{"geometry":{"coordinates":[-76.64065,39.2766],"type":"Point"},"properties":{"kind":"stop","name":"WASHINGTON BLVD & ELK opp sb","stop_id":"2202"},"type":"Feature"},{"geometry":{"coordinates":[-76.64174,39.27575],"type":"Point"},"properties":{"kind":"stop","name":"WASHINGTON BLVD & MONROE ST wb","stop_id":"2205"},"type":"Feature"},{"geometry":{"coordinates":[-76.64316,39.27461],"type":"Point"},"properties":{"kind":"stop","name":"WASHINGTON BLVD & RR TRACKS wb","stop_id":"2206"},"type":"Feature"},{"geometry":{"coordinates":[-76.64835,39.27042],"type":"Point"},"properties":{"kind":"stop","name":"WASHINGTON BLVD & HOLLINS FERRY RD wb","stop_id":"2209"},"type":"Feature"},{"geometry":{"coordinates":[-76.65085,39.26822],"type":"Point"},"properties":{"kind":"stop","name":"WASHINGTON BLVD & SPENCE ST fs sb","stop_id":"2211"},"type":"Feature"},{"geometry":{"coordinates":[-76.65305,39.26624],"type":"Point"},"properties":{"kind":"stop","name":"WASHINGTON BLVD & WHISTLER AVE opp wb","stop_id":"2214"},"type":"Feature"},{"geometry":{"coordinates":[-76.6547,39.26475],"type":"Point"},"properties":{"kind":"stop","name":"WASHINGTON BLVD & DESOTO RD wb","stop_id":"2217"},"type":"Feature"},{"geometry":{"coordinates":[-76.65833,39.26154],"type":"Point"},"properties":{"kind":"stop","name":"WASHINGTON & INVERNESS sb","stop_id":"2220"},"type":"Feature"},{"geometry":{"coordinates":[-76.66196,39.25881],"type":"Point"},"properties":{"kind":"stop","name":"WASHINGTON BLVD & ATCO AVE sb","stop_id":"2224"},"type":"Feature"},{"geometry":{"coordinates":[-76.6644,39.25658],"type":"Point"},"properties":{"kind":"stop","name":"HAMMONDS FERRY RD & WASHINGTON BLVD fs sb","stop_id":"2225"},"type":"Feature"},{"geometry":{"coordinates":[-76.66395,39.25444],"type":"Point"},"properties":{"kind":"stop","name":"HAMMONDS FERRY RD & GARDEN AVE sb","stop_id":"2228"},"type":"Feature"},{"geometry":{"coordinates":[-76.69158,39.27606],"type":"Point"},"properties":{"kind":"stop","name":"CEDAR GARDEN RD & LUCIA AVE eb","stop_id":"223"},"type":"Feature"},{"geometry":{"coordinates":[-76.68719,39.23355],"type":"Point"},"properties":{"kind":"stop","name":"HALETHORPE FARMS RD & WASHINGTON BLVD fs","stop_id":"2245"},"type":"Feature"},{"geometry":{"coordinates":[-76.66069,39.23768],"type":"Point"},"properties":{"kind":"stop","name":"4367 HOLLINS FERRY RD eb","stop_id":"2247"},"type":"Feature"},{"geometry":{"coordinates":[-76.65061,39.24152],"type":"Point"},"properties":{"kind":"stop","name":"HOLLINS FERRY RD & FREEWAY fs eb","stop_id":"2248"},"type":"Feature"},{"geometry":{"coordinates":[-76.65734,39.23756],"type":"Point"},"properties":{"kind":"stop","name":"HOLLINS FERRY RD & RYERSON CIR fs eb","stop_id":"2249"},"type":"Feature"},{"geometry":{"coordinates":[-76.68886,39.27492],"type":"Point"},"properties":{"kind":"stop","name":"CEDAR GARDEN RD & YALE AVE eb","stop_id":"225"},"type":"Feature"},{"geometry":{"coordinates":[-76.65337,39.23768],"type":"Point"},"properties":{"kind":"stop","name":"HOLLINS FERRY RD & BERO RD eb","stop_id":"2250"},"type":"Feature"},{"geometry":{"coordinates":[-76.68627,39.27741],"type":"Point"},"properties":{"kind":"stop","name":"YALE AVE & PARKTON ST nb","stop_id":"226"},"type":"Feature"},{"geometry":{"coordinates":[-76.65544,39.23771],"type":"Point"},"properties":{"kind":"stop","name":"HOLLINS FERRY RD & KESSLER RD opp wb","stop_id":"2260"},"type":"Feature"},{"geometry":{"coordinates":[-76.65994,39.23783],"type":"Point"},"properties":{"kind":"stop","name":"4367 HOLLINS FERRY RD wb","stop_id":"2262"},"type":"Feature"},{"geometry":{"coordinates":[-76.67669,39.2318],"type":"Point"},"properties":{"kind":"stop","name":"HOLLINS FERRY RD & AMERICAN TIRE","stop_id":"2263"},"type":"Feature"},{"geometry":{"coordinates":[-76.68704,39.23376],"type":"Point"},"properties":{"kind":"stop","name":"HALETHORPE FARMS RD & WASHINGTON BLVD nb","stop_id":"2264"},"type":"Feature"},{"geometry":{"coordinates":[-76.65844,39.26123],"type":"Point"},"properties":{"kind":"stop","name":"WASHINGTON BLVD & INVERNESS AVE nb","stop_id":"2286"},"type":"Feature"},{"geometry":{"coordinates":[-76.65477,39.2645],"type":"Point"},"properties":{"kind":"stop","name":"WASHINGTON BLVD & DESOTO RD opp nb","stop_id":"2288"},"type":"Feature"},{"geometry":{"coordinates":[-76.68482,39.28164],"type":"Point"},"properties":{"kind":"stop","name":"FREDERICK AVE & AUGUSTA AVE eb","stop_id":"229"},"type":"Feature"},{"geometry":{"coordinates":[-76.65254,39.26651],"type":"Point"},"properties":{"kind":"stop","name":"WASHINGTON BLVD & WHISTLER AVE fs","stop_id":"2291"},"type":"Feature"},{"geometry":{"coordinates":[-76.65052,39.2683],"type":"Point"},"properties":{"kind":"stop","name":"WASHINGTON BLVD & BREITWERT nb","stop_id":"2295"},"type":"Feature"},{"geometry":{"coordinates":[-76.64807,39.2704],"type":"Point"},"properties":{"kind":"stop","name":"WASHINGTON BLVD & HOLLINS FERRY RD fs nb","stop_id":"2297"},"type":"Feature"},{"geometry":{"coordinates":[-76.65753,39.32498],"type":"Point"},"properties":{"kind":"stop","name":"Reisterstown Rd & Druid Park Dr","stop_id":"23"},"type":"Feature"},{"geometry":{"coordinates":[-76.68165,39.28173],"type":"Point"},"properties":{"kind":"stop","name":"FREDERICK AVE & LOUDON AVE fs eb","stop_id":"230"},"type":"Feature"},{"geometry":{"coordinates":[-76.64236,39.27509],"type":"Point"},"properties":{"kind":"stop","name":"WASHINGTON BLVD & MONROE ST nb","stop_id":"2302"},"type":"Feature"},{"geometry":{"coordinates":[-76.64036,39.27666],"type":"Point"},"properties":{"kind":"stop","name":"WASHINGTON BLVD & ELK fs nb","stop_id":"2303"},"type":"Feature"},{"geometry":{"coordinates":[-76.63845,39.27819],"type":"Point"},"properties":{"kind":"stop","name":"WASHINGTON BLVD & BUSH ST nb","stop_id":"2307"},"type":"Feature"},{"geometry":{"coordinates":[-76.67941,39.28179],"type":"Point"},"properties":{"kind":"stop","name":"FREDERICK AVE & LOUDON CEMETERY eb","stop_id":"231"},"type":"Feature"},{"geometry":{"coordinates":[-76.63545,39.28052],"type":"Point"},"properties":{"kind":"stop","name":"WASHINGTON BLVD & CAREY ST nb","stop_id":"2311"},"type":"Feature"},{"geometry":{"coordinates":[-76.63202,39.2828],"type":"Point"},"properties":{"kind":"stop","name":"WASHINGTON BLVD & CROSS ST fs eb","stop_id":"2312"},"type":"Feature"},{"geometry":{"coordinates":[-76.62696,39.28316],"type":"Point"},"properties":{"kind":"stop","name":"WASHINGTON BLVD & BARRE ST fs eb","stop_id":"2315"},"type":"Feature"},{"geometry":{"coordinates":[-76.62797,39.28751],"type":"Point"},"properties":{"kind":"stop","name":"MLK BLVD & LOMBARD ST fs nb","stop_id":"2319"},"type":"Feature"},{"geometry":{"coordinates":[-76.6779,39.28175],"type":"Point"},"properties":{"kind":"stop","name":"FREDERICK AVE & MORLEY ST opp eb","stop_id":"232"},"type":"Feature"},{"geometry":{"coordinates":[-76.62036,39.28927],"type":"Point"},"properties":{"kind":"stop","name":"BALTIMORE ST & EUTAW ST fs eb","stop_id":"2323"},"type":"Feature"},{"geometry":{"coordinates":[-76.61578,39.30075],"type":"Point"},"properties":{"kind":"stop","name":"CHARLES ST & EAGER ST nb","stop_id":"2329"},"type":"Feature"},{"geometry":{"coordinates":[-76.61773,39.33227],"type":"Point"},"properties":{"kind":"stop","name":"CHARLES ST & UNIVERSITY PKWY nb","stop_id":"2339"},"type":"Feature"},{"geometry":{"coordinates":[-76.61792,39.33336],"type":"Point"},"properties":{"kind":"stop","name":"CHARLES ST & BISHOP'S RD nb","stop_id":"2340"},"type":"Feature"},{"geometry":{"coordinates":[-76.61809,39.33561],"type":"Point"},"properties":{"kind":"stop","name":"CHARLES ST & 39TH ST nb","stop_id":"2343"},"type":"Feature"},{"geometry":{"coordinates":[-76.61827,39.33818],"type":"Point"},"properties":{"kind":"stop","name":"CHARLES ST & HIGHFIELD RD nb","stop_id":"2345"},"type":"Feature"},{"geometry":{"coordinates":[-76.61876,39.34149],"type":"Point"},"properties":{"kind":"stop","name":"SAINT PAUL ST & CHARLCOTE RD nb","stop_id":"2346"},"type":"Feature"},{"geometry":{"coordinates":[-76.62206,39.34557],"type":"Point"},"properties":{"kind":"stop","name":"CHARLES ST & COLD SPRING LN fs nb","stop_id":"2349"},"type":"Feature"},{"geometry":{"coordinates":[-76.67263,39.28091],"type":"Point"},"properties":{"kind":"stop","name":"FREDERICK AVE & HILTON ST eb","stop_id":"235"},"type":"Feature"},{"geometry":{"coordinates":[-76.62316,39.35185],"type":"Point"},"properties":{"kind":"stop","name":"CHARLES ST & NOTRE DAME UNIVERSITY nb","stop_id":"2353"},"type":"Feature"},{"geometry":{"coordinates":[-76.62382,39.35504],"type":"Point"},"properties":{"kind":"stop","name":"CHARLES ST & GOODALE RD nb","stop_id":"2356"},"type":"Feature"},{"geometry":{"coordinates":[-76.62425,39.35716],"type":"Point"},"properties":{"kind":"stop","name":"CHARLES ST & TUNBRIDGE RD fs nb","stop_id":"2357"},"type":"Feature"},{"geometry":{"coordinates":[-76.62478,39.36173],"type":"Point"},"properties":{"kind":"stop","name":"CHARLES ST & NORTHERN PKWY nb","stop_id":"2365"},"type":"Feature"},{"geometry":{"coordinates":[-76.61718,39.36653],"type":"Point"},"properties":{"kind":"stop","name":"BELLONA AVE & MELROSE AVE nb","stop_id":"2371"},"type":"Feature"},{"geometry":{"coordinates":[-76.61794,39.36803],"type":"Point"},"properties":{"kind":"stop","name":"BELLONA AVE & LAKE AVE nb","stop_id":"2372"},"type":"Feature"},{"geometry":{"coordinates":[-76.61899,39.37486],"type":"Point"},"properties":{"kind":"stop","name":"BELLONA AVE & GAYWOOD RD fs nb","stop_id":"2377"},"type":"Feature"},{"geometry":{"coordinates":[-76.62095,39.3776],"type":"Point"},"properties":{"kind":"stop","name":"BELLONA AVE & RODGERS FORGE RD nb","stop_id":"2379"},"type":"Feature"},{"geometry":{"coordinates":[-76.66842,39.28028],"type":"Point"},"properties":{"kind":"stop","name":"FREDERICK AVE & WELLESLEY ST eb","stop_id":"238"},"type":"Feature"},{"geometry":{"coordinates":[-76.61945,39.38117],"type":"Point"},"properties":{"kind":"stop","name":"STEVENSON LN & STANMORE RD eb","stop_id":"2381"},"type":"Feature"},{"geometry":{"coordinates":[-76.62566,39.38855],"type":"Point"},"properties":{"kind":"stop","name":"CHARLES ST & SHEPPARD PRATT HOSPITAL sb","stop_id":"2392"},"type":"Feature"},{"geometry":{"coordinates":[-76.62804,39.38994],"type":"Point"},"properties":{"kind":"stop","name":"CHARLES ST & CHARLESWAY nb","stop_id":"2394"},"type":"Feature"},{"geometry":{"coordinates":[-76.62807,39.39274],"type":"Point"},"properties":{"kind":"stop","name":"CHARLES ST & GBMC HOSPITAL nb","stop_id":"2396"},"type":"Feature"},{"geometry":{"coordinates":[-76.62741,39.3912],"type":"Point"},"properties":{"kind":"stop","name":"GBMC HOSPITAL & LA PETITE CHILD CARE CENTER eb","stop_id":"2397"},"type":"Feature"},{"geometry":{"coordinates":[-76.6558,39.32268],"type":"Point"},"properties":{"kind":"stop","name":"Reisterstown Rd & Wichita Ave","stop_id":"24"},"type":"Feature"},{"geometry":{"coordinates":[-76.67247,39.29053],"type":"Point"},"properties":{"kind":"stop","name":"HILTON ST & MONASTERY ST nb","stop_id":"242"},"type":"Feature"},{"geometry":{"coordinates":[-76.57085,39.27759],"type":"Point"},"properties":{"kind":"stop","name":"EAST AVE & BOSTON ST nb","stop_id":"2420"},"type":"Feature"},{"geometry":{"coordinates":[-76.57103,39.28025],"type":"Point"},"properties":{"kind":"stop","name":"EAST AVE & O'DONNELL ST nb","stop_id":"2422"},"type":"Feature"},{"geometry":{"coordinates":[-76.5714,39.28633],"type":"Point"},"properties":{"kind":"stop","name":"EAST AVE & EASTERN AVE nb","stop_id":"2425"},"type":"Feature"},{"geometry":{"coordinates":[-76.57155,39.28835],"type":"Point"},"properties":{"kind":"stop","name":"EAST AVE & GOUGH ST nb","stop_id":"2427"},"type":"Feature"},{"geometry":{"coordinates":[-76.58868,39.28566],"type":"Point"},"properties":{"kind":"stop","name":"WASHINGTON ST & EASTERN AVE nb","stop_id":"2435"},"type":"Feature"},{"geometry":{"coordinates":[-76.67269,39.3157],"type":"Point"},"properties":{"kind":"stop","name":"HILTON ST & TROY ST opp nb","stop_id":"244"},"type":"Feature"},{"geometry":{"coordinates":[-76.59148,39.31238],"type":"Point"},"properties":{"kind":"stop","name":"NORTH AVE & WOLFE ST wb","stop_id":"2440"},"type":"Feature"},{"geometry":{"coordinates":[-76.57627,39.29497],"type":"Point"},"properties":{"kind":"stop","name":"LINWOOD AVE & PULASKI HWY nb","stop_id":"2444"},"type":"Feature"},{"geometry":{"coordinates":[-76.5764,39.2967],"type":"Point"},"properties":{"kind":"stop","name":"LINWOOD AVE & JEFFERSON ST nb","stop_id":"2445"},"type":"Feature"},{"geometry":{"coordinates":[-76.5822,39.29872],"type":"Point"},"properties":{"kind":"stop","name":"MILTON AVE & MONUMENT ST nb","stop_id":"2450"},"type":"Feature"},{"geometry":{"coordinates":[-76.58279,39.30935],"type":"Point"},"properties":{"kind":"stop","name":"MILTON & FEDERAL fs nb","stop_id":"2457"},"type":"Feature"},{"geometry":{"coordinates":[-76.58297,39.31229],"type":"Point"},"properties":{"kind":"stop","name":"MILTON AVE & NORTH AVE nb ns","stop_id":"2459"},"type":"Feature"},{"geometry":{"coordinates":[-76.67286,39.31902],"type":"Point"},"properties":{"kind":"stop","name":"HILTON ST & CARLISLE AVE nb","stop_id":"246"},"type":"Feature"},{"geometry":{"coordinates":[-76.58584,39.31263],"type":"Point"},"properties":{"kind":"stop","name":"NORTH AVE & PATTERSON PARK wb","stop_id":"2461"},"type":"Feature"},{"geometry":{"coordinates":[-76.58781,39.31256],"type":"Point"},"properties":{"kind":"stop","name":"NORTH AVE & COLLINGTON wb","stop_id":"2462"},"type":"Feature"},{"geometry":{"coordinates":[-76.58884,39.28774],"type":"Point"},"properties":{"kind":"stop","name":"WASHINGTON ST & GOUGH nb","stop_id":"2464"},"type":"Feature"},{"geometry":{"coordinates":[-76.58893,39.28931],"type":"Point"},"properties":{"kind":"stop","name":"WASHINGTON ST & PRATT ST nb","stop_id":"2465"},"type":"Feature"},{"geometry":{"coordinates":[-76.58931,39.29546],"type":"Point"},"properties":{"kind":"stop","name":"WASHINGTON ST & ORLEANS ST nb","stop_id":"2468"},"type":"Feature"},{"geometry":{"coordinates":[-76.67289,39.32039],"type":"Point"},"properties":{"kind":"stop","name":"HILTON ST & POWHATAN AVE fs nb","stop_id":"247"},"type":"Feature"},{"geometry":{"coordinates":[-76.58953,39.29932],"type":"Point"},"properties":{"kind":"stop","name":"WASHINGTON ST & MADISON ST nb","stop_id":"2470"},"type":"Feature"},{"geometry":{"coordinates":[-76.5897,39.30191],"type":"Point"},"properties":{"kind":"stop","name":"WASHINGTON ST & EAGER ST nb","stop_id":"2472"},"type":"Feature"},{"geometry":{"coordinates":[-76.58979,39.30328],"type":"Point"},"properties":{"kind":"stop","name":"WASHINGTON ST & CHASE ST nb","stop_id":"2473"},"type":"Feature"},{"geometry":{"coordinates":[-76.58988,39.30492],"type":"Point"},"properties":{"kind":"stop","name":"WASHINGTON ST & PRESTON ST nb","stop_id":"2474"},"type":"Feature"},{"geometry":{"coordinates":[-76.59005,39.30737],"type":"Point"},"properties":{"kind":"stop","name":"WASHINGTON ST & GAY ST nb","stop_id":"2475"},"type":"Feature"},{"geometry":{"coordinates":[-76.59009,39.30857],"type":"Point"},"properties":{"kind":"stop","name":"WASHINGTON ST & FEDERAL ST nb","stop_id":"2476"},"type":"Feature"},{"geometry":{"coordinates":[-76.59026,39.31113],"type":"Point"},"properties":{"kind":"stop","name":"WASHINGTON ST & LAFAYETTE AVE nb","stop_id":"2478"},"type":"Feature"},{"geometry":{"coordinates":[-76.67282,39.32123],"type":"Point"},"properties":{"kind":"stop","name":"HILTON ST & FAIRVIEW AVE nb","stop_id":"248"},"type":"Feature"},{"geometry":{"coordinates":[-76.59538,39.3122],"type":"Point"},"properties":{"kind":"stop","name":"NORTH AVE & BROADWAY fs wb","stop_id":"2481"},"type":"Feature"},{"geometry":{"coordinates":[-76.60305,39.31184],"type":"Point"},"properties":{"kind":"stop","name":"NORTH AVE & AISQUITH ST fs wb","stop_id":"2485"},"type":"Feature"},{"geometry":{"coordinates":[-76.60727,39.31164],"type":"Point"},"properties":{"kind":"stop","name":"NORTH AVE & HOMEWOOD AVE wb","stop_id":"2488"},"type":"Feature"},{"geometry":{"coordinates":[-76.60862,39.3114],"type":"Point"},"properties":{"kind":"stop","name":"NORTH AVE & GREENMOUNT AVE eb","stop_id":"2489"},"type":"Feature"},{"geometry":{"coordinates":[-76.61224,39.31142],"type":"Point"},"properties":{"kind":"stop","name":"NORTH AVE & GUILFORD AVE wb","stop_id":"2492"},"type":"Feature"},{"geometry":{"coordinates":[-76.61536,39.31129],"type":"Point"},"properties":{"kind":"stop","name":"NORTH AVE & SAINT PAUL ST fs wb","stop_id":"2494"},"type":"Feature"},{"geometry":{"coordinates":[-76.61769,39.3112],"type":"Point"},"properties":{"kind":"stop","name":"NORTH AVE & MARYLAND AVE wb","stop_id":"2496"},"type":"Feature"},{"geometry":{"coordinates":[-76.62263,39.31103],"type":"Point"},"properties":{"kind":"stop","name":"NORTH AVE & NORTH AVE LIGHT RAIL STATION wb","stop_id":"2499"},"type":"Feature"},{"geometry":{"coordinates":[-76.65472,39.32125],"type":"Point"},"properties":{"kind":"stop","name":"Reisterstown Rd & Ocala Ave","stop_id":"25"},"type":"Feature"},{"geometry":{"coordinates":[-76.62573,39.31089],"type":"Point"},"properties":{"kind":"stop","name":"NORTH AVE & MT ROYAL AVE wb","stop_id":"2500"},"type":"Feature"},{"geometry":{"coordinates":[-76.62817,39.31079],"type":"Point"},"properties":{"kind":"stop","name":"NORTH AVE & PARK AVE ns wb","stop_id":"2501"},"type":"Feature"},{"geometry":{"coordinates":[-76.63858,39.3103],"type":"Point"},"properties":{"kind":"stop","name":"NORTH AVE & DRUID HILL AVE wb","stop_id":"2503"},"type":"Feature"},{"geometry":{"coordinates":[-76.64227,39.3102],"type":"Point"},"properties":{"kind":"stop","name":"NORTH AVE & PENNSYLVANIA AVE wb","stop_id":"2506"},"type":"Feature"},{"geometry":{"coordinates":[-76.72424,39.15395],"type":"Point"},"properties":{"kind":"stop","name":"ARUNDEL MILLS SHOPPING CENTER","stop_id":"2507"},"type":"Feature"},{"geometry":{"coordinates":[-76.64606,39.31001],"type":"Point"},"properties":{"kind":"stop","name":"NORTH AVE & FULTON AVE wb","stop_id":"2509"},"type":"Feature"},{"geometry":{"coordinates":[-76.67124,39.32449],"type":"Point"},"properties":{"kind":"stop","name":"HILTON ST & LIBERTY HEIGHTS AVE nb","stop_id":"251"},"type":"Feature"},{"geometry":{"coordinates":[-76.64954,39.30983],"type":"Point"},"properties":{"kind":"stop","name":"NORTH AVE & PAYSON ST wb","stop_id":"2511"},"type":"Feature"},{"geometry":{"coordinates":[-76.65248,39.30971],"type":"Point"},"properties":{"kind":"stop","name":"NORTH AVE & SMALLWOOD wb","stop_id":"2513"},"type":"Feature"},{"geometry":{"coordinates":[-76.65431,39.30962],"type":"Point"},"properties":{"kind":"stop","name":"NORTH AVE & BENTALOU ST wb","stop_id":"2514"},"type":"Feature"},{"geometry":{"coordinates":[-76.66301,39.30933],"type":"Point"},"properties":{"kind":"stop","name":"NORTH AVE & ASHBURTON ST wb","stop_id":"2521"},"type":"Feature"},{"geometry":{"coordinates":[-76.66603,39.30918],"type":"Point"},"properties":{"kind":"stop","name":"NORTH AVE & POPLAR GROVE ST wb","stop_id":"2522"},"type":"Feature"},{"geometry":{"coordinates":[-76.66898,39.30911],"type":"Point"},"properties":{"kind":"stop","name":"NORTH AVE & ROSEDALE ST wb","stop_id":"2524"},"type":"Feature"},{"geometry":{"coordinates":[-76.67602,39.30991],"type":"Point"},"properties":{"kind":"stop","name":"EDGEWOOD ST & WALBROOK AVE opp wb","stop_id":"2527"},"type":"Feature"},{"geometry":{"coordinates":[-76.66705,39.32267],"type":"Point"},"properties":{"kind":"stop","name":"LIBERTY HEIGHTS AVE & DUKELAND ST sb","stop_id":"253"},"type":"Feature"},{"geometry":{"coordinates":[-76.68029,39.31088],"type":"Point"},"properties":{"kind":"stop","name":"CLIFTON AVE & CHELSEA TER wb","stop_id":"2532"},"type":"Feature"},{"geometry":{"coordinates":[-76.6864,39.31401],"type":"Point"},"properties":{"kind":"stop","name":"CLIFTON RD & MONDAWMIN AVE wb","stop_id":"2536"},"type":"Feature"},{"geometry":{"coordinates":[-76.69159,39.31705],"type":"Point"},"properties":{"kind":"stop","name":"CLIFTON RD & WESTCHESTER RD wb","stop_id":"2540"},"type":"Feature"},{"geometry":{"coordinates":[-76.69037,39.31809],"type":"Point"},"properties":{"kind":"stop","name":"WESTCHESTER RD & TALBOT RD nb","stop_id":"2541"},"type":"Feature"},{"geometry":{"coordinates":[-76.6907,39.31944],"type":"Point"},"properties":{"kind":"stop","name":"LAWINA RD & WAKEFIELD RD nb","stop_id":"2542"},"type":"Feature"},{"geometry":{"coordinates":[-76.68925,39.32189],"type":"Point"},"properties":{"kind":"stop","name":"FAIRVIEW AVE & WINDSOR APARTMENTS opp nb","stop_id":"2544"},"type":"Feature"},{"geometry":{"coordinates":[-76.68939,39.32252],"type":"Point"},"properties":{"kind":"stop","name":"GRANADA AVE & NORFOLK AVE nb","stop_id":"2545"},"type":"Feature"},{"geometry":{"coordinates":[-76.6899,39.32342],"type":"Point"},"properties":{"kind":"stop","name":"GRANADA AVE & FOREST PARK AVE wb","stop_id":"2546"},"type":"Feature"},{"geometry":{"coordinates":[-76.69142,39.32321],"type":"Point"},"properties":{"kind":"stop","name":"FOREST PARK AVE & LOUDON AVE wb","stop_id":"2547"},"type":"Feature"},{"geometry":{"coordinates":[-76.6961,39.32175],"type":"Point"},"properties":{"kind":"stop","name":"FOREST PARK AVE & FOREST GLEN RD wb","stop_id":"2549"},"type":"Feature"},{"geometry":{"coordinates":[-76.69899,39.32075],"type":"Point"},"properties":{"kind":"stop","name":"FOREST PARK AVE & HILLSDALE RD wb","stop_id":"2550"},"type":"Feature"},{"geometry":{"coordinates":[-76.70507,39.31186],"type":"Point"},"properties":{"kind":"stop","name":"DICKEY HILL RD & SEKOTS RD opp eb","stop_id":"2555"},"type":"Feature"},{"geometry":{"coordinates":[-76.7016,39.31156],"type":"Point"},"properties":{"kind":"stop","name":"DICKEY HILL RD & CRIMEA RD wb","stop_id":"2556"},"type":"Feature"},{"geometry":{"coordinates":[-76.70114,39.3115],"type":"Point"},"properties":{"kind":"stop","name":"DICKEY HILL RD & TUCKER LN eb","stop_id":"2557"},"type":"Feature"},{"geometry":{"coordinates":[-76.70147,39.30973],"type":"Point"},"properties":{"kind":"stop","name":"TUCKER LN & WINDSOR MILL RD sb","stop_id":"2558"},"type":"Feature"},{"geometry":{"coordinates":[-76.7081,39.31068],"type":"Point"},"properties":{"kind":"stop","name":"WINDSOR MILL RD & KERNAN HOSPITAL fs wb","stop_id":"2562"},"type":"Feature"},{"geometry":{"coordinates":[-76.71408,39.31244],"type":"Point"},"properties":{"kind":"stop","name":"KERNAN DR & CLIFTON AVE wb","stop_id":"2565"},"type":"Feature"},{"geometry":{"coordinates":[-76.73185,39.31029],"type":"Point"},"properties":{"kind":"stop","name":"SOCIAL SECURITY TERMINIAL","stop_id":"2572"},"type":"Feature"},{"geometry":{"coordinates":[-76.71415,39.31229],"type":"Point"},"properties":{"kind":"stop","name":"KERNAN DR & CLIFTON AVE eb","stop_id":"2576"},"type":"Feature"},{"geometry":{"coordinates":[-76.71054,39.31202],"type":"Point"},"properties":{"kind":"stop","name":"WINDSOR MILL RD & OAK DR eb","stop_id":"2578"},"type":"Feature"},{"geometry":{"coordinates":[-76.70637,39.31191],"type":"Point"},"properties":{"kind":"stop","name":"DICKEY HILL RD & FOREST PARK AVE wb","stop_id":"2583"},"type":"Feature"},{"geometry":{"coordinates":[-76.69625,39.32151],"type":"Point"},"properties":{"kind":"stop","name":"FOREST PARK AVE & FOREST GLEN RD nb","stop_id":"2587"},"type":"Feature"},{"geometry":{"coordinates":[-76.69179,39.32295],"type":"Point"},"properties":{"kind":"stop","name":"FOREST PARK AVE & LOUDON AVE eb","stop_id":"2589"},"type":"Feature"},{"geometry":{"coordinates":[-76.69021,39.32346],"type":"Point"},"properties":{"kind":"stop","name":"FOREST PARK AVE & GRANADA AVE eb","stop_id":"2590"},"type":"Feature"},{"geometry":{"coordinates":[-76.68982,39.32301],"type":"Point"},"properties":{"kind":"stop","name":"GRANADA AVE & NORFOLK AVE sb","stop_id":"2591"},"type":"Feature"},{"geometry":{"coordinates":[-76.68933,39.32215],"type":"Point"},"properties":{"kind":"stop","name":"GRANADA AVE & FAIRVIEW AVE sb","stop_id":"2592"},"type":"Feature"},{"geometry":{"coordinates":[-76.69133,39.31762],"type":"Point"},"properties":{"kind":"stop","name":"WESTCHESTER RD & CLIFTON RD sb","stop_id":"2596"},"type":"Feature"},{"geometry":{"coordinates":[-76.69187,39.3161],"type":"Point"},"properties":{"kind":"stop","name":"CLIFTON AV & PROSPECT 1 2011","stop_id":"2597"},"type":"Feature"},{"geometry":{"coordinates":[-76.68935,39.31484],"type":"Point"},"properties":{"kind":"stop","name":"CLIFTON RD & TALBOT RD eb","stop_id":"2599"},"type":"Feature"},{"geometry":{"coordinates":[-76.68518,39.3125],"type":"Point"},"properties":{"kind":"stop","name":"CLIFTON AVE & MONTICELLO RD fs eb","stop_id":"2602"},"type":"Feature"},{"geometry":{"coordinates":[-76.66767,39.30897],"type":"Point"},"properties":{"kind":"stop","name":"NORTH AVE & LONGWOOD ST eb","stop_id":"2606"},"type":"Feature"},{"geometry":{"coordinates":[-76.66374,39.30911],"type":"Point"},"properties":{"kind":"stop","name":"NORTH AVE & DUKELAND ST eb","stop_id":"2609"},"type":"Feature"},{"geometry":{"coordinates":[-76.66363,39.27957],"type":"Point"},"properties":{"kind":"stop","name":"FREDERICK AVE & FONTHILL AVE fs eb","stop_id":"261"},"type":"Feature"},{"geometry":{"coordinates":[-76.65391,39.30948],"type":"Point"},"properties":{"kind":"stop","name":"NORTH AVE & BENTALOU ST eb","stop_id":"2615"},"type":"Feature"},{"geometry":{"coordinates":[-76.65031,39.30961],"type":"Point"},"properties":{"kind":"stop","name":"NORTH AVE & PAYSON ST eb","stop_id":"2618"},"type":"Feature"},{"geometry":{"coordinates":[-76.66051,39.2804],"type":"Point"},"properties":{"kind":"stop","name":"FREDERICK AVE & BRUNSWICK ST eb","stop_id":"262"},"type":"Feature"},{"geometry":{"coordinates":[-76.64684,39.30978],"type":"Point"},"properties":{"kind":"stop","name":"NORTH AVE & FULTON AVE eb","stop_id":"2620"},"type":"Feature"},{"geometry":{"coordinates":[-76.64286,39.30995],"type":"Point"},"properties":{"kind":"stop","name":"NORTH AVE & PENNSYLVANIA AVE eb","stop_id":"2623"},"type":"Feature"},{"geometry":{"coordinates":[-76.63821,39.31015],"type":"Point"},"properties":{"kind":"stop","name":"NORTH AVE & DRUID HILL AVE eb","stop_id":"2625"},"type":"Feature"},{"geometry":{"coordinates":[-76.62765,39.31054],"type":"Point"},"properties":{"kind":"stop","name":"NORTH AVE & PARK AVE eb","stop_id":"2627"},"type":"Feature"},{"geometry":{"coordinates":[-76.62519,39.31068],"type":"Point"},"properties":{"kind":"stop","name":"NORTH AVE & MOUNT ROYAL AVE eb","stop_id":"2628"},"type":"Feature"},{"geometry":{"coordinates":[-76.62242,39.3108],"type":"Point"},"properties":{"kind":"stop","name":"NORTH AVE & NORTH AVE LIGHT RAIL STATION opp eb","stop_id":"2629"},"type":"Feature"},{"geometry":{"coordinates":[-76.61673,39.31095],"type":"Point"},"properties":{"kind":"stop","name":"NORTH AVE & CHARLES ST eb","stop_id":"2633"},"type":"Feature"},{"geometry":{"coordinates":[-76.61204,39.31112],"type":"Point"},"properties":{"kind":"stop","name":"NORTH AVE & GUILFORD AVE fs eb","stop_id":"2637"},"type":"Feature"},{"geometry":{"coordinates":[-76.60986,39.31148],"type":"Point"},"properties":{"kind":"stop","name":"NORTH AVE & GREENMOUNT AVE fs wb","stop_id":"2639"},"type":"Feature"},{"geometry":{"coordinates":[-76.65737,39.28235],"type":"Point"},"properties":{"kind":"stop","name":"FREDERICK AVE & FRANKLINTOWN RD opp eb","stop_id":"264"},"type":"Feature"},{"geometry":{"coordinates":[-76.60685,39.3115],"type":"Point"},"properties":{"kind":"stop","name":"NORTH AVE & HOMEWOOD AVE opp eb","stop_id":"2641"},"type":"Feature"},{"geometry":{"coordinates":[-76.60279,39.31169],"type":"Point"},"properties":{"kind":"stop","name":"NORTH AVE & AISQUITH ST eb","stop_id":"2643"},"type":"Feature"},{"geometry":{"coordinates":[-76.59463,39.31205],"type":"Point"},"properties":{"kind":"stop","name":"NORTH AVE & BROADWAY fs eb","stop_id":"2647"},"type":"Feature"},{"geometry":{"coordinates":[-76.59185,39.31217],"type":"Point"},"properties":{"kind":"stop","name":"NORTH AVE & WOLFE ST eb","stop_id":"2649"},"type":"Feature"},{"geometry":{"coordinates":[-76.65554,39.28356],"type":"Point"},"properties":{"kind":"stop","name":"FREDERICK AVE & CATHERINE ST eb","stop_id":"265"},"type":"Feature"},{"geometry":{"coordinates":[-76.5916,39.30879],"type":"Point"},"properties":{"kind":"stop","name":"WOLFE ST & FEDERAL ST sb","stop_id":"2653"},"type":"Feature"},{"geometry":{"coordinates":[-76.59143,39.30604],"type":"Point"},"properties":{"kind":"stop","name":"WOLFE ST & GAY ST fs sb","stop_id":"2655"},"type":"Feature"},{"geometry":{"coordinates":[-76.59134,39.30455],"type":"Point"},"properties":{"kind":"stop","name":"WOLFE ST & BIDDLE ST sb","stop_id":"2656"},"type":"Feature"},{"geometry":{"coordinates":[-76.59121,39.30211],"type":"Point"},"properties":{"kind":"stop","name":"WOLFE ST & EAGER ST sb","stop_id":"2658"},"type":"Feature"},{"geometry":{"coordinates":[-76.59109,39.30084],"type":"Point"},"properties":{"kind":"stop","name":"WOLFE ST & ASHLAND AVE sb","stop_id":"2659"},"type":"Feature"},{"geometry":{"coordinates":[-76.59095,39.29816],"type":"Point"},"properties":{"kind":"stop","name":"WOLFE ST & MONUMENT ST fs sb","stop_id":"2662"},"type":"Feature"},{"geometry":{"coordinates":[-76.5908,39.29726],"type":"Point"},"properties":{"kind":"stop","name":"WOLFE ST & MCELDERRY ST fs","stop_id":"2664"},"type":"Feature"},{"geometry":{"coordinates":[-76.59072,39.29545],"type":"Point"},"properties":{"kind":"stop","name":"WOLFE ST & ORLEANS sb","stop_id":"2666"},"type":"Feature"},{"geometry":{"coordinates":[-76.59054,39.29181],"type":"Point"},"properties":{"kind":"stop","name":"WOLFE ST & BALTIMORE sb","stop_id":"2669"},"type":"Feature"},{"geometry":{"coordinates":[-76.65281,39.28472],"type":"Point"},"properties":{"kind":"stop","name":"FREDERICK AVE & BENTALOU ST eb","stop_id":"267"},"type":"Feature"},{"geometry":{"coordinates":[-76.59045,39.29063],"type":"Point"},"properties":{"kind":"stop","name":"WOLFE ST & LOMBARD ST sb","stop_id":"2670"},"type":"Feature"},{"geometry":{"coordinates":[-76.59039,39.2895],"type":"Point"},"properties":{"kind":"stop","name":"WOLFE ST & PRATT ST sb","stop_id":"2671"},"type":"Feature"},{"geometry":{"coordinates":[-76.59029,39.28795],"type":"Point"},"properties":{"kind":"stop","name":"WOLFE ST & GOUGH sb","stop_id":"2672"},"type":"Feature"},{"geometry":{"coordinates":[-76.59016,39.28586],"type":"Point"},"properties":{"kind":"stop","name":"WOLFE ST & EASTERN AVE sb","stop_id":"2674"},"type":"Feature"},{"geometry":{"coordinates":[-76.58843,39.31233],"type":"Point"},"properties":{"kind":"stop","name":"NORTH AVE & CHESTER eb","stop_id":"2676"},"type":"Feature"},{"geometry":{"coordinates":[-76.58624,39.31242],"type":"Point"},"properties":{"kind":"stop","name":"NORTH AVE & PATTERSON PARK eb","stop_id":"2678"},"type":"Feature"},{"geometry":{"coordinates":[-76.65001,39.28495],"type":"Point"},"properties":{"kind":"stop","name":"PRATT ST & PULASKI ST eb","stop_id":"269"},"type":"Feature"},{"geometry":{"coordinates":[-76.58194,39.2977],"type":"Point"},"properties":{"kind":"stop","name":"MCELDERRY ST & MILTON AVE fs eb","stop_id":"2693"},"type":"Feature"},{"geometry":{"coordinates":[-76.57954,39.29779],"type":"Point"},"properties":{"kind":"stop","name":"MCELDERRY ST & LAKEWOOD AVE eb","stop_id":"2695"},"type":"Feature"},{"geometry":{"coordinates":[-76.57658,39.29718],"type":"Point"},"properties":{"kind":"stop","name":"LINWOOD AVE & JEFFERSON ST sb","stop_id":"2697"},"type":"Feature"},{"geometry":{"coordinates":[-76.57174,39.28861],"type":"Point"},"properties":{"kind":"stop","name":"EAST AVE & GOUGH ST sb","stop_id":"2706"},"type":"Feature"},{"geometry":{"coordinates":[-76.5716,39.28658],"type":"Point"},"properties":{"kind":"stop","name":"EAST AVE & EASTERN AVE sb","stop_id":"2708"},"type":"Feature"},{"geometry":{"coordinates":[-76.57122,39.28048],"type":"Point"},"properties":{"kind":"stop","name":"EAST AVE & O'DONNELL ST sb","stop_id":"2714"},"type":"Feature"},{"geometry":{"coordinates":[-76.57069,39.27828],"type":"Point"},"properties":{"kind":"stop","name":"TOONE ST & EAST AVE fs eb","stop_id":"2715"},"type":"Feature"},{"geometry":{"coordinates":[-76.56946,39.27749],"type":"Point"},"properties":{"kind":"stop","name":"CLINTON ST & BOSTON ST sb","stop_id":"2718"},"type":"Feature"},{"geometry":{"coordinates":[-76.64515,39.28518],"type":"Point"},"properties":{"kind":"stop","name":"PRATT ST & FULTON AVE eb","stop_id":"272"},"type":"Feature"},{"geometry":{"coordinates":[-76.64373,39.28525],"type":"Point"},"properties":{"kind":"stop","name":"PRATT ST & MOUNT ST eb","stop_id":"273"},"type":"Feature"},{"geometry":{"coordinates":[-76.61454,39.26209],"type":"Point"},"properties":{"kind":"stop","name":"HANOVER & CROMWELL","stop_id":"2732"},"type":"Feature"},{"geometry":{"coordinates":[-76.61718,39.25203],"type":"Point"},"properties":{"kind":"stop","name":"POTEE ST & CHERRY HILL RD fs sb","stop_id":"2734"},"type":"Feature"},{"geometry":{"coordinates":[-76.61508,39.24956],"type":"Point"},"properties":{"kind":"stop","name":"POTEE ST & REEDBIRD AVE sb","stop_id":"2735"},"type":"Feature"},{"geometry":{"coordinates":[-76.6082,39.24145],"type":"Point"},"properties":{"kind":"stop","name":"HANOVER ST & SOUTH BALTIMORE PARK & RIDE fs sb","stop_id":"2736"},"type":"Feature"},{"geometry":{"coordinates":[-76.63054,39.24202],"type":"Point"},"properties":{"kind":"stop","name":"PATAPSCO STATION","stop_id":"2737"},"type":"Feature"},{"geometry":{"coordinates":[-76.61035,39.23871],"type":"Point"},"properties":{"kind":"stop","name":"PATAPSCO AVE & POTEE ST mb eb","stop_id":"2740"},"type":"Feature"},{"geometry":{"coordinates":[-76.61156,39.23468],"type":"Point"},"properties":{"kind":"stop","name":"HANOVER ST & JACK ST sb","stop_id":"2743"},"type":"Feature"},{"geometry":{"coordinates":[-76.61236,39.23195],"type":"Point"},"properties":{"kind":"stop","name":"RITCHIE HWY & 2ND AVE sb","stop_id":"2744"},"type":"Feature"},{"geometry":{"coordinates":[-76.61333,39.22935],"type":"Point"},"properties":{"kind":"stop","name":"RITCHIE HWY & 5TH AVE sb","stop_id":"2745"},"type":"Feature"},{"geometry":{"coordinates":[-76.61345,39.22761],"type":"Point"},"properties":{"kind":"stop","name":"RITCHIE HWY & 7TH AVE sb","stop_id":"2746"},"type":"Feature"},{"geometry":{"coordinates":[-76.61376,39.22425],"type":"Point"},"properties":{"kind":"stop","name":"RITCHIE HWY & 11TH AVE sb","stop_id":"2747"},"type":"Feature"},{"geometry":{"coordinates":[-76.6141,39.22065],"type":"Point"},"properties":{"kind":"stop","name":"RITCHIE HWY & 15TH AVE sb","stop_id":"2748"},"type":"Feature"},{"geometry":{"coordinates":[-76.61435,39.21787],"type":"Point"},"properties":{"kind":"stop","name":"RITCHIE HWY & CHURCH ST sb","stop_id":"2749"},"type":"Feature"},{"geometry":{"coordinates":[-76.61456,39.21621],"type":"Point"},"properties":{"kind":"stop","name":"RITCHIE HWY & HAMMONDS LN sb","stop_id":"2750"},"type":"Feature"},{"geometry":{"coordinates":[-76.61505,39.212],"type":"Point"},"properties":{"kind":"stop","name":"RITCHIE HWY & CRESSWELL RD sb","stop_id":"2751"},"type":"Feature"},{"geometry":{"coordinates":[-76.61422,39.20426],"type":"Point"},"properties":{"kind":"stop","name":"RITCHIE HWY & ARUNDEL CORPORATION RD opp fs sb","stop_id":"2752"},"type":"Feature"},{"geometry":{"coordinates":[-76.61349,39.19686],"type":"Point"},"properties":{"kind":"stop","name":"RITCHIE HWY & MVA opp sb","stop_id":"2756"},"type":"Feature"},{"geometry":{"coordinates":[-76.61367,39.19337],"type":"Point"},"properties":{"kind":"stop","name":"RITCHIE HWY & ORDNANCE RD fs sb","stop_id":"2767"},"type":"Feature"},{"geometry":{"coordinates":[-76.61376,39.19121],"type":"Point"},"properties":{"kind":"stop","name":"RITCHIE HWY & CHESAPEAKE SHOPPING CENTER fs sb","stop_id":"2768"},"type":"Feature"},{"geometry":{"coordinates":[-76.63849,39.28849],"type":"Point"},"properties":{"kind":"stop","name":"BALTIMORE ST & CAREYST eb","stop_id":"277"},"type":"Feature"},{"geometry":{"coordinates":[-76.61385,39.18834],"type":"Point"},"properties":{"kind":"stop","name":"RITCHIE HWY & WELLHAM AVE sb","stop_id":"2770"},"type":"Feature"},{"geometry":{"coordinates":[-76.61406,39.18544],"type":"Point"},"properties":{"kind":"stop","name":"CRAIN HWY & FURNACE BRANCH RD sb","stop_id":"2771"},"type":"Feature"},{"geometry":{"coordinates":[-76.61429,39.18402],"type":"Point"},"properties":{"kind":"stop","name":"CRAIN HWY & CRAIN CT sb","stop_id":"2772"},"type":"Feature"},{"geometry":{"coordinates":[-76.61633,39.17969],"type":"Point"},"properties":{"kind":"stop","name":"CRAIN HWY & 11TH AVE sb","stop_id":"2773"},"type":"Feature"},{"geometry":{"coordinates":[-76.61676,39.17891],"type":"Point"},"properties":{"kind":"stop","name":"CRAIN HWY & JACKSON AVE sb","stop_id":"2774"},"type":"Feature"},{"geometry":{"coordinates":[-76.61811,39.17625],"type":"Point"},"properties":{"kind":"stop","name":"CRAIN HWY & 8TH AVE sb","stop_id":"2775"},"type":"Feature"},{"geometry":{"coordinates":[-76.62579,39.17586],"type":"Point"},"properties":{"kind":"stop","name":"8TH AVE & MAY WAGNER LN sb","stop_id":"2776"},"type":"Feature"},{"geometry":{"coordinates":[-76.63068,39.17087],"type":"Point"},"properties":{"kind":"stop","name":"8TH AVE & BALTIMORE ANNAPOLIS BLVD sb","stop_id":"2777"},"type":"Feature"},{"geometry":{"coordinates":[-76.62757,39.16756],"type":"Point"},"properties":{"kind":"stop","name":"BALTIMORE ANNAPOLIS BLVD & MAPLE LN eb","stop_id":"2779"},"type":"Feature"},{"geometry":{"coordinates":[-76.62631,39.16604],"type":"Point"},"properties":{"kind":"stop","name":"BALTIMORE ANNAPOLIS BLVD & OAK LN eb","stop_id":"2780"},"type":"Feature"},{"geometry":{"coordinates":[-76.62552,39.16409],"type":"Point"},"properties":{"kind":"stop","name":"CRAIN HWY & CENTRAL AVE sb","stop_id":"2782"},"type":"Feature"},{"geometry":{"coordinates":[-76.62731,39.16097],"type":"Point"},"properties":{"kind":"stop","name":"CRAIN HWY & 3RD AVE sb","stop_id":"2783"},"type":"Feature"},{"geometry":{"coordinates":[-76.63197,39.1513],"type":"Point"},"properties":{"kind":"stop","name":"CRAIN HWY & CRAIN CT sb","stop_id":"2784"},"type":"Feature"},{"geometry":{"coordinates":[-76.63201,39.1487],"type":"Point"},"properties":{"kind":"stop","name":"CRAIN HWY & 1400 BLK CRAIN H","stop_id":"2785"},"type":"Feature"},{"geometry":{"coordinates":[-76.63158,39.14543],"type":"Point"},"properties":{"kind":"stop","name":"CRAIN HWY & OAK MANOR DR","stop_id":"2786"},"type":"Feature"},{"geometry":{"coordinates":[-76.62242,39.1388],"type":"Point"},"properties":{"kind":"stop","name":"HOSPITAL DR & BW MEDICAL ENT eb","stop_id":"2788"},"type":"Feature"},{"geometry":{"coordinates":[-76.63079,39.14164],"type":"Point"},"properties":{"kind":"stop","name":"HOSPITAL DR & CRAIN HWY fs eb","stop_id":"2789"},"type":"Feature"},{"geometry":{"coordinates":[-76.62886,39.14137],"type":"Point"},"properties":{"kind":"stop","name":"HOSPITAL DR & MT RIDGE DR eb","stop_id":"2790"},"type":"Feature"},{"geometry":{"coordinates":[-76.62633,39.14013],"type":"Point"},"properties":{"kind":"stop","name":"HOSPITAL DR & ELVATON RD eb","stop_id":"2791"},"type":"Feature"},{"geometry":{"coordinates":[-76.62122,39.13844],"type":"Point"},"properties":{"kind":"stop","name":"301 HOSPITAL DR eb","stop_id":"2793"},"type":"Feature"},{"geometry":{"coordinates":[-76.61836,39.14225],"type":"Point"},"properties":{"kind":"stop","name":"7823 OAKWOOD ROAD nb","stop_id":"2794"},"type":"Feature"},{"geometry":{"coordinates":[-76.61849,39.14362],"type":"Point"},"properties":{"kind":"stop","name":"OAKWOOD RD & MAYFLOWER CIR nb","stop_id":"2795"},"type":"Feature"},{"geometry":{"coordinates":[-76.6194,39.14859],"type":"Point"},"properties":{"kind":"stop","name":"OAKWOOD RD & MARY LN nb","stop_id":"2796"},"type":"Feature"},{"geometry":{"coordinates":[-76.61949,39.15129],"type":"Point"},"properties":{"kind":"stop","name":"795 AQUAHART RD eb","stop_id":"2797"},"type":"Feature"},{"geometry":{"coordinates":[-76.61324,39.15185],"type":"Point"},"properties":{"kind":"stop","name":"RITCHIE HWY & HARUNDALE PLAZA sb","stop_id":"2799"},"type":"Feature"},{"geometry":{"coordinates":[-76.61547,39.15353],"type":"Point"},"properties":{"kind":"stop","name":"AQUAHART RD & RITCHIE HWY fs wb","stop_id":"2800"},"type":"Feature"},{"geometry":{"coordinates":[-76.60855,39.14668],"type":"Point"},"properties":{"kind":"stop","name":"RITCHIE HWY & NORFOLK RD sb","stop_id":"2801"},"type":"Feature"},{"geometry":{"coordinates":[-76.60334,39.14086],"type":"Point"},"properties":{"kind":"stop","name":"RITCHIE HWY & MARLEY STATION MALL sb","stop_id":"2802"},"type":"Feature"},{"geometry":{"coordinates":[-76.59378,39.14761],"type":"Point"},"properties":{"kind":"stop","name":"MARLEY STATION &B&A sb","stop_id":"2803"},"type":"Feature"},{"geometry":{"coordinates":[-76.59342,39.12988],"type":"Point"},"properties":{"kind":"stop","name":"RITCHIE HWY & KELLINGTON DR sb","stop_id":"2805"},"type":"Feature"},{"geometry":{"coordinates":[-76.59016,39.1263],"type":"Point"},"properties":{"kind":"stop","name":"RITCHIE HWY & JUMPERS HOLE RD mid sb","stop_id":"2806"},"type":"Feature"},{"geometry":{"coordinates":[-76.588,39.12892],"type":"Point"},"properties":{"kind":"stop","name":"JUMPERS HOLE LOOP & WOODHOLME eb","stop_id":"2807"},"type":"Feature"},{"geometry":{"coordinates":[-76.5831,39.11849],"type":"Point"},"properties":{"kind":"stop","name":"RITCHIE HWY & WATERFORD RD sb","stop_id":"2808"},"type":"Feature"},{"geometry":{"coordinates":[-76.57252,39.10679],"type":"Point"},"properties":{"kind":"stop","name":"RITCHIE HWY & HAMBURG ST sb","stop_id":"2810"},"type":"Feature"},{"geometry":{"coordinates":[-76.55448,39.08675],"type":"Point"},"properties":{"kind":"stop","name":"RITCHIE HWY & WHITES RD sb","stop_id":"2812"},"type":"Feature"},{"geometry":{"coordinates":[-76.5484,39.07874],"type":"Point"},"properties":{"kind":"stop","name":"BALTIMORE ANNAPOLIS BLVD & MARBURY RD sb","stop_id":"2813"},"type":"Feature"},{"geometry":{"coordinates":[-76.54651,39.07186],"type":"Point"},"properties":{"kind":"stop","name":"BALTIMORE ANNAPOLIS BLVD & RIGGS AVE sb","stop_id":"2814"},"type":"Feature"},{"geometry":{"coordinates":[-76.53523,39.06097],"type":"Point"},"properties":{"kind":"stop","name":"BALTIMORE ANNAPOLIS BLVD & RITCHIE CT sb","stop_id":"2815"},"type":"Feature"},{"geometry":{"coordinates":[-76.53157,39.05842],"type":"Point"},"properties":{"kind":"stop","name":"BALTIMORE ANNAPOLIS BLVD & HOYLE LN sb","stop_id":"2816"},"type":"Feature"},{"geometry":{"coordinates":[-76.52842,39.05712],"type":"Point"},"properties":{"kind":"stop","name":"JONES STATION RD & SEVERNA PARK PARK & RIDE eb","stop_id":"2817"},"type":"Feature"},{"geometry":{"coordinates":[-76.51735,39.05431],"type":"Point"},"properties":{"kind":"stop","name":"COLLEGE PKWY & PENINSULA FARM RD wb","stop_id":"2821"},"type":"Feature"},{"geometry":{"coordinates":[-76.51361,39.04817],"type":"Point"},"properties":{"kind":"stop","name":"RING RD & WEST CAMPUS DR sb","stop_id":"2822"},"type":"Feature"},{"geometry":{"coordinates":[-76.51086,39.05082],"type":"Point"},"properties":{"kind":"stop","name":"RING RD & AACC eb","stop_id":"2824"},"type":"Feature"},{"geometry":{"coordinates":[-76.51317,39.05419],"type":"Point"},"properties":{"kind":"stop","name":"COLLEGE PKY & ANNE ARUNDEL COMMUNITY COLLEGE RD eb","stop_id":"2825"},"type":"Feature"},{"geometry":{"coordinates":[-76.51825,39.04633],"type":"Point"},"properties":{"kind":"stop","name":"1244 RITCHIE HWY sb","stop_id":"2826"},"type":"Feature"},{"geometry":{"coordinates":[-76.50988,39.03605],"type":"Point"},"properties":{"kind":"stop","name":"RITCHIE HWY & JOYCE LA sb","stop_id":"2827"},"type":"Feature"},{"geometry":{"coordinates":[-76.50367,39.02838],"type":"Point"},"properties":{"kind":"stop","name":"RITCHIE HWY & ARNOLD RD sb","stop_id":"2828"},"type":"Feature"},{"geometry":{"coordinates":[-76.60851,39.29074],"type":"Point"},"properties":{"kind":"stop","name":"FAYETTE ST & GAY ST wb","stop_id":"283"},"type":"Feature"},{"geometry":{"coordinates":[-76.49907,38.98452],"type":"Point"},"properties":{"kind":"stop","name":"ROWE BLVD & COLLEGE CRK","stop_id":"2830"},"type":"Feature"},{"geometry":{"coordinates":[-76.49354,38.97829],"type":"Point"},"properties":{"kind":"stop","name":"WEST ST & CHURCH CIR","stop_id":"2832"},"type":"Feature"},{"geometry":{"coordinates":[-76.49154,38.97992],"type":"Point"},"properties":{"kind":"stop","name":"COLLEGE AVE & BLADEN ST eb","stop_id":"2833"},"type":"Feature"},{"geometry":{"coordinates":[-76.49151,38.98039],"type":"Point"},"properties":{"kind":"stop","name":"SAINT JOHNS ST & COLLEGE AVE fs nb","stop_id":"2834"},"type":"Feature"},{"geometry":{"coordinates":[-76.49446,38.98079],"type":"Point"},"properties":{"kind":"stop","name":"CALVERT ST & BLADEN ST fs wb","stop_id":"2835"},"type":"Feature"},{"geometry":{"coordinates":[-76.49871,38.98458],"type":"Point"},"properties":{"kind":"stop","name":"ROWE BLVD & COLLEGE AVE nb","stop_id":"2836"},"type":"Feature"},{"geometry":{"coordinates":[-76.50401,39.02949],"type":"Point"},"properties":{"kind":"stop","name":"RITCHIE HWY & ARNOLD RD fs nb","stop_id":"2840"},"type":"Feature"},{"geometry":{"coordinates":[-76.51027,39.03715],"type":"Point"},"properties":{"kind":"stop","name":"RITCHIE HWY & JOYCE LN nb","stop_id":"2842"},"type":"Feature"},{"geometry":{"coordinates":[-76.5178,39.04637],"type":"Point"},"properties":{"kind":"stop","name":"1257 RITCHIE HWY nb","stop_id":"2843"},"type":"Feature"},{"geometry":{"coordinates":[-76.52863,39.05719],"type":"Point"},"properties":{"kind":"stop","name":"JONES STATION RD & SEVERNA PARK PARK & RIDE mb nb","stop_id":"2848"},"type":"Feature"},{"geometry":{"coordinates":[-76.53135,39.05842],"type":"Point"},"properties":{"kind":"stop","name":"BALTIMORE ANNAPOLIS BLVD & HOYLE LN opp nb","stop_id":"2849"},"type":"Feature"},{"geometry":{"coordinates":[-76.61359,39.29054],"type":"Point"},"properties":{"kind":"stop","name":"FAYETTE ST & SAINT PAUL ST wb","stop_id":"285"},"type":"Feature"},{"geometry":{"coordinates":[-76.53702,39.06238],"type":"Point"},"properties":{"kind":"stop","name":"BALTIMORE ANNAPOLIS BLVD & SMITH RD nb","stop_id":"2850"},"type":"Feature"},{"geometry":{"coordinates":[-76.53885,39.06435],"type":"Point"},"properties":{"kind":"stop","name":"BALTIMORE ANNAPOLIS BLVD & BALDY AVE nb","stop_id":"2851"},"type":"Feature"},{"geometry":{"coordinates":[-76.54405,39.06885],"type":"Point"},"properties":{"kind":"stop","name":"BALTIMORE ANNAPOLIS BLVD & BRANDYWINE AVE","stop_id":"2852"},"type":"Feature"},{"geometry":{"coordinates":[-76.54494,39.06994],"type":"Point"},"properties":{"kind":"stop","name":"BALTIMORE ANNAPOLIS BLVD & CYPRESS CREEK RD nb","stop_id":"2853"},"type":"Feature"},{"geometry":{"coordinates":[-76.54646,39.07206],"type":"Point"},"properties":{"kind":"stop","name":"BALTIMORE ANNAPOLIS BLVD & McKINSEY RD nb","stop_id":"2854"},"type":"Feature"},{"geometry":{"coordinates":[-76.54929,39.0816],"type":"Point"},"properties":{"kind":"stop","name":"RITCHIE HWY & ROBINSON RD","stop_id":"2857"},"type":"Feature"},{"geometry":{"coordinates":[-76.55385,39.0867],"type":"Point"},"properties":{"kind":"stop","name":"RITCHIE HWY & BALTIMORE ANNAPOLIS BLVD","stop_id":"2858"},"type":"Feature"},{"geometry":{"coordinates":[-76.56504,39.09908],"type":"Point"},"properties":{"kind":"stop","name":"RITCHIE HWY & MAGOTHY BRIDGE RD nb","stop_id":"2859"},"type":"Feature"},{"geometry":{"coordinates":[-76.57188,39.10672],"type":"Point"},"properties":{"kind":"stop","name":"RITCHIE HWY & HAMBURG ST nb","stop_id":"2860"},"type":"Feature"},{"geometry":{"coordinates":[-76.58261,39.11859],"type":"Point"},"properties":{"kind":"stop","name":"RITCHIE HWY & ELVATON DR nb","stop_id":"2862"},"type":"Feature"},{"geometry":{"coordinates":[-76.59019,39.12697],"type":"Point"},"properties":{"kind":"stop","name":"RITCHIE HWY & JUMPERS HOLE RD fs nb","stop_id":"2863"},"type":"Feature"},{"geometry":{"coordinates":[-76.58528,39.13556],"type":"Point"},"properties":{"kind":"stop","name":"BALT ANNA & SUN VALLEY SHOP nb","stop_id":"2864"},"type":"Feature"},{"geometry":{"coordinates":[-76.60037,39.13822],"type":"Point"},"properties":{"kind":"stop","name":"RITCHIE HWY & AMERICANA CIR nb","stop_id":"2865"},"type":"Feature"},{"geometry":{"coordinates":[-76.60311,39.14124],"type":"Point"},"properties":{"kind":"stop","name":"RITCHIE HWY & MARLEY STATION RD nb fs","stop_id":"2867"},"type":"Feature"},{"geometry":{"coordinates":[-76.60792,39.14659],"type":"Point"},"properties":{"kind":"stop","name":"RITCHIE HWY & NORMAN RD nb","stop_id":"2869"},"type":"Feature"},{"geometry":{"coordinates":[-76.61958,39.14851],"type":"Point"},"properties":{"kind":"stop","name":"OAKWOOD RD & MARY LN sb","stop_id":"2873"},"type":"Feature"},{"geometry":{"coordinates":[-76.61877,39.14396],"type":"Point"},"properties":{"kind":"stop","name":"OAKWOOD RD & MAYFLOWER CIR sb","stop_id":"2874"},"type":"Feature"},{"geometry":{"coordinates":[-76.61853,39.1415],"type":"Point"},"properties":{"kind":"stop","name":"OAKWOOD RD & OAK MANOR DR sb","stop_id":"2875"},"type":"Feature"},{"geometry":{"coordinates":[-76.62035,39.13836],"type":"Point"},"properties":{"kind":"stop","name":"200 HOSPITAL DR wb","stop_id":"2876"},"type":"Feature"},{"geometry":{"coordinates":[-76.62657,39.14041],"type":"Point"},"properties":{"kind":"stop","name":"HOSPITAL DR & ELVATON RD opp wb","stop_id":"2878"},"type":"Feature"},{"geometry":{"coordinates":[-76.6287,39.1415],"type":"Point"},"properties":{"kind":"stop","name":"HOSPITAL DR & MT RIDGE DR wb","stop_id":"2879"},"type":"Feature"},{"geometry":{"coordinates":[-76.62195,39.13882],"type":"Point"},"properties":{"kind":"stop","name":"HOSPITAL DR & BW MED CTR opp wb","stop_id":"2880"},"type":"Feature"},{"geometry":{"coordinates":[-76.63113,39.14607],"type":"Point"},"properties":{"kind":"stop","name":"CRAIN HWY & OAK MANOR DR nb","stop_id":"2882"},"type":"Feature"},{"geometry":{"coordinates":[-76.6317,39.15149],"type":"Point"},"properties":{"kind":"stop","name":"CRAIN HWY & CRAIN CT nb","stop_id":"2884"},"type":"Feature"},{"geometry":{"coordinates":[-76.63138,39.15255],"type":"Point"},"properties":{"kind":"stop","name":"CRAIN HWY & AQUAHART RD nb","stop_id":"2885"},"type":"Feature"},{"geometry":{"coordinates":[-76.63021,39.15546],"type":"Point"},"properties":{"kind":"stop","name":"CRAIN HWY & MAIN AVE nb","stop_id":"2886"},"type":"Feature"},{"geometry":{"coordinates":[-76.6295,39.15687],"type":"Point"},"properties":{"kind":"stop","name":"CRAIN HWY & WILSON BLVD nb","stop_id":"2887"},"type":"Feature"},{"geometry":{"coordinates":[-76.62784,39.15971],"type":"Point"},"properties":{"kind":"stop","name":"CRAIN HWY & 4TH AVE nb","stop_id":"2888"},"type":"Feature"},{"geometry":{"coordinates":[-76.62669,39.16176],"type":"Point"},"properties":{"kind":"stop","name":"CRAIN HWY & 2ND AVE nb","stop_id":"2889"},"type":"Feature"},{"geometry":{"coordinates":[-76.62553,39.16367],"type":"Point"},"properties":{"kind":"stop","name":"CRAIN HWY & POST 40 ROAD nb","stop_id":"2890"},"type":"Feature"},{"geometry":{"coordinates":[-76.62536,39.16532],"type":"Point"},"properties":{"kind":"stop","name":"BALTIMORE ANNAPOLIS BLVD & CRAIN HWY fs wb","stop_id":"2891"},"type":"Feature"},{"geometry":{"coordinates":[-76.62646,39.16653],"type":"Point"},"properties":{"kind":"stop","name":"BALTIMORE ANNAPOLIS BLVD & OAK LN wb","stop_id":"2892"},"type":"Feature"},{"geometry":{"coordinates":[-76.6273,39.16746],"type":"Point"},"properties":{"kind":"stop","name":"BALTIMORE ANNAPOLIS BLVD & MAPLE LN wb","stop_id":"2893"},"type":"Feature"},{"geometry":{"coordinates":[-76.62578,39.17569],"type":"Point"},"properties":{"kind":"stop","name":"8TH AVE & WAGNER LN nb","stop_id":"2895"},"type":"Feature"},{"geometry":{"coordinates":[-76.61609,39.1798],"type":"Point"},"properties":{"kind":"stop","name":"CRAIN HWY & 11TH AVE nb","stop_id":"2896"},"type":"Feature"},{"geometry":{"coordinates":[-76.61511,39.18151],"type":"Point"},"properties":{"kind":"stop","name":"CRAIN HWY & FURNANCE BRANCH RD nb","stop_id":"2897"},"type":"Feature"},{"geometry":{"coordinates":[-76.61416,39.18416],"type":"Point"},"properties":{"kind":"stop","name":"CRAIN HWY & CRAIN CT fs nb","stop_id":"2899"},"type":"Feature"},{"geometry":{"coordinates":[-76.61335,39.18884],"type":"Point"},"properties":{"kind":"stop","name":"RITCHIE HWY & HOLSUM WAY","stop_id":"2901"},"type":"Feature"},{"geometry":{"coordinates":[-76.61335,39.1909],"type":"Point"},"properties":{"kind":"stop","name":"RITCHIE HWY & GLEN BURNIE MALL nb","stop_id":"2902"},"type":"Feature"},{"geometry":{"coordinates":[-76.61325,39.19431],"type":"Point"},"properties":{"kind":"stop","name":"RITCHIE HWY & ORDNANCE RD fs nb","stop_id":"2905"},"type":"Feature"},{"geometry":{"coordinates":[-76.6131,39.19736],"type":"Point"},"properties":{"kind":"stop","name":"RITCHIE HWY & MVA nb","stop_id":"2906"},"type":"Feature"},{"geometry":{"coordinates":[-76.61365,39.20256],"type":"Point"},"properties":{"kind":"stop","name":"RITCHIE HWY & WARFIELD RD nb","stop_id":"2907"},"type":"Feature"},{"geometry":{"coordinates":[-76.61392,39.2045],"type":"Point"},"properties":{"kind":"stop","name":"RITCHIE HWY & ARUNDEL CORPORATION RD nb","stop_id":"2909"},"type":"Feature"},{"geometry":{"coordinates":[-76.61477,39.2108],"type":"Point"},"properties":{"kind":"stop","name":"RITCHIE HWY & CEDAR HILL RD nb","stop_id":"2910"},"type":"Feature"},{"geometry":{"coordinates":[-76.61436,39.2154],"type":"Point"},"properties":{"kind":"stop","name":"RITCHIE HWY & WALTON AVE nb","stop_id":"2911"},"type":"Feature"},{"geometry":{"coordinates":[-76.6141,39.21783],"type":"Point"},"properties":{"kind":"stop","name":"RITCHIE HWY & CHURCH ST nb","stop_id":"2912"},"type":"Feature"},{"geometry":{"coordinates":[-76.61377,39.22085],"type":"Point"},"properties":{"kind":"stop","name":"RITCHIE HWY & 14TH AVE nb","stop_id":"2913"},"type":"Feature"},{"geometry":{"coordinates":[-76.61353,39.22376],"type":"Point"},"properties":{"kind":"stop","name":"RITCHIE HWY & 11TH AVE nb","stop_id":"2914"},"type":"Feature"},{"geometry":{"coordinates":[-76.61334,39.22565],"type":"Point"},"properties":{"kind":"stop","name":"RITCHIE HWY & TOWNSEND AVE nb","stop_id":"2915"},"type":"Feature"},{"geometry":{"coordinates":[-76.61307,39.22883],"type":"Point"},"properties":{"kind":"stop","name":"RITCHIE HWY & ORCHARD AVE nb","stop_id":"2916"},"type":"Feature"},{"geometry":{"coordinates":[-76.612,39.23229],"type":"Point"},"properties":{"kind":"stop","name":"RITCHIE HWY & EDISON AVE nb","stop_id":"2917"},"type":"Feature"},{"geometry":{"coordinates":[-76.61146,39.23448],"type":"Point"},"properties":{"kind":"stop","name":"HANOVER ST & JACK ST fs nb","stop_id":"2918"},"type":"Feature"},{"geometry":{"coordinates":[-76.60981,39.23873],"type":"Point"},"properties":{"kind":"stop","name":"PATAPSCO AVE & POTEE ST mid wb","stop_id":"2919"},"type":"Feature"},{"geometry":{"coordinates":[-76.61385,39.25017],"type":"Point"},"properties":{"kind":"stop","name":"HANOVER ST & REEDBIRD AVE fs nb","stop_id":"2922"},"type":"Feature"},{"geometry":{"coordinates":[-76.61488,39.25137],"type":"Point"},"properties":{"kind":"stop","name":"HANOVER ST & HARBOR HOSPITAL mid nb","stop_id":"2923"},"type":"Feature"},{"geometry":{"coordinates":[-76.61459,39.26822],"type":"Point"},"properties":{"kind":"stop","name":"WELLS ST & CHARLES ST eb","stop_id":"2928"},"type":"Feature"},{"geometry":{"coordinates":[-76.61945,39.29135],"type":"Point"},"properties":{"kind":"stop","name":"HOWARD ST & LEXINGTON ST nb","stop_id":"2936"},"type":"Feature"},{"geometry":{"coordinates":[-76.75069,39.30791],"type":"Point"},"properties":{"kind":"stop","name":"SECURITY SQUARE MALL","stop_id":"2938"},"type":"Feature"},{"geometry":{"coordinates":[-76.64316,39.28639],"type":"Point"},"properties":{"kind":"stop","name":"LOMBARD ST & MOUNT ST wb","stop_id":"294"},"type":"Feature"},{"geometry":{"coordinates":[-76.75423,39.3109],"type":"Point"},"properties":{"kind":"stop","name":"ROLLING RD & ROLLING BEND RD fs nb","stop_id":"2941"},"type":"Feature"},{"geometry":{"coordinates":[-76.75388,39.31285],"type":"Point"},"properties":{"kind":"stop","name":"SECURITY BLVD & ROLLING RD eb","stop_id":"2943"},"type":"Feature"},{"geometry":{"coordinates":[-76.73903,39.31186],"type":"Point"},"properties":{"kind":"stop","name":"SECURITY BLVD & WHITEHEAD RD eb","stop_id":"2945"},"type":"Feature"},{"geometry":{"coordinates":[-76.7342,39.30708],"type":"Point"},"properties":{"kind":"stop","name":"WOODLAWN DR & PARALLEL DR sb","stop_id":"2947"},"type":"Feature"},{"geometry":{"coordinates":[-76.64538,39.28629],"type":"Point"},"properties":{"kind":"stop","name":"LOMBARD ST & FULTON fs wb","stop_id":"295"},"type":"Feature"},{"geometry":{"coordinates":[-76.72996,39.31172],"type":"Point"},"properties":{"kind":"stop","name":"SECURITY BLVD & GWYNN OAK AVE eb","stop_id":"2950"},"type":"Feature"},{"geometry":{"coordinates":[-76.73221,39.28998],"type":"Point"},"properties":{"kind":"stop","name":"CRAIGMONT RD & WESTVIEW MALL eb","stop_id":"2961"},"type":"Feature"},{"geometry":{"coordinates":[-76.72982,39.29378],"type":"Point"},"properties":{"kind":"stop","name":"INGLESIDE AVE & TALBOTT ST eb","stop_id":"2962"},"type":"Feature"},{"geometry":{"coordinates":[-76.72659,39.29601],"type":"Point"},"properties":{"kind":"stop","name":"INGLESIDE AVE & PRINCE GEORGE ST fs eb","stop_id":"2964"},"type":"Feature"},{"geometry":{"coordinates":[-76.72428,39.29762],"type":"Point"},"properties":{"kind":"stop","name":"INGLESIDE AVE & CHARLES ST opp eb","stop_id":"2966"},"type":"Feature"},{"geometry":{"coordinates":[-76.72107,39.29997],"type":"Point"},"properties":{"kind":"stop","name":"INGLESIDE AVE & SUNSET AVE fs eb","stop_id":"2967"},"type":"Feature"},{"geometry":{"coordinates":[-76.71569,39.30269],"type":"Point"},"properties":{"kind":"stop","name":"INGLESIDE AVE & PARALLEL DR eb","stop_id":"2968"},"type":"Feature"},{"geometry":{"coordinates":[-76.64774,39.28618],"type":"Point"},"properties":{"kind":"stop","name":"LOMBARD ST & PAYSON ST wb","stop_id":"297"},"type":"Feature"},{"geometry":{"coordinates":[-76.69929,39.31062],"type":"Point"},"properties":{"kind":"stop","name":"WINDSOR GARDENS LN & BERNARD E MASON APARTMENTS eb","stop_id":"2975"},"type":"Feature"},{"geometry":{"coordinates":[-76.70134,39.30972],"type":"Point"},"properties":{"kind":"stop","name":"TUCKER LN & WINDSOR MILL RD fs nb","stop_id":"2976"},"type":"Feature"},{"geometry":{"coordinates":[-76.64964,39.28593],"type":"Point"},"properties":{"kind":"stop","name":"FREDERICK AVE & PULASKI ST wb","stop_id":"298"},"type":"Feature"},{"geometry":{"coordinates":[-76.68186,39.31067],"type":"Point"},"properties":{"kind":"stop","name":"CLIFTON AVE & MT HOLLY ST eb","stop_id":"2985"},"type":"Feature"},{"geometry":{"coordinates":[-76.67723,39.31081],"type":"Point"},"properties":{"kind":"stop","name":"CLIFTON AVE & ELSINORE AVE eb","stop_id":"2986"},"type":"Feature"},{"geometry":{"coordinates":[-76.67528,39.31086],"type":"Point"},"properties":{"kind":"stop","name":"CLIFTON AVE & GARRISON BLVD eb","stop_id":"2987"},"type":"Feature"},{"geometry":{"coordinates":[-76.67429,39.31],"type":"Point"},"properties":{"kind":"stop","name":"DENISON ST & WALBROOK AVE sb","stop_id":"2988"},"type":"Feature"},{"geometry":{"coordinates":[-76.6715,39.30884],"type":"Point"},"properties":{"kind":"stop","name":"NORTH AVE & BLOOMINGDALE RD eb","stop_id":"2994"},"type":"Feature"},{"geometry":{"coordinates":[-76.66944,39.30779],"type":"Point"},"properties":{"kind":"stop","name":"BLOOMINGDALE RD & ROSEDALE ST sb","stop_id":"2995"},"type":"Feature"},{"geometry":{"coordinates":[-76.66711,39.30533],"type":"Point"},"properties":{"kind":"stop","name":"BLOOMINGDALE RD & BRIGHTON ST sb","stop_id":"2997"},"type":"Feature"},{"geometry":{"coordinates":[-76.66679,39.30462],"type":"Point"},"properties":{"kind":"stop","name":"BLOOMINGDALE RD & PRESSTMAN ST sb","stop_id":"2998"},"type":"Feature"},{"geometry":{"coordinates":[-76.66619,39.30309],"type":"Point"},"properties":{"kind":"stop","name":"BLOOMINGDALE RD & BELMONT AVE sb","stop_id":"2999"},"type":"Feature"},{"geometry":{"coordinates":[-76.66336,39.35155],"type":"Point"},"properties":{"kind":"stop","name":"Lanier Ave & Sinai Hospital","stop_id":"3"},"type":"Feature"},{"geometry":{"coordinates":[-76.6529,39.28484],"type":"Point"},"properties":{"kind":"stop","name":"FREDERICK AVE & BENTALOU ST wb","stop_id":"300"},"type":"Feature"},{"geometry":{"coordinates":[-76.66546,39.30155],"type":"Point"},"properties":{"kind":"stop","name":"BLOOMINGDALE RD & WINCHESTER ST sb","stop_id":"3000"},"type":"Feature"},{"geometry":{"coordinates":[-76.66535,39.30052],"type":"Point"},"properties":{"kind":"stop","name":"POPLAR GROVE ST & RIGGS AVE sb","stop_id":"3001"},"type":"Feature"},{"geometry":{"coordinates":[-76.66519,39.29825],"type":"Point"},"properties":{"kind":"stop","name":"POPLAR GROVE ST & LAFAYETTE AVE sb","stop_id":"3002"},"type":"Feature"},{"geometry":{"coordinates":[-76.66508,39.2961],"type":"Point"},"properties":{"kind":"stop","name":"POPLAR GROVE ST & FRANKLINTOWN RD sb","stop_id":"3004"},"type":"Feature"},{"geometry":{"coordinates":[-76.66446,39.29435],"type":"Point"},"properties":{"kind":"stop","name":"EDMONDSON & POPLAR GROVE eb","stop_id":"3005"},"type":"Feature"},{"geometry":{"coordinates":[-76.66099,39.29447],"type":"Point"},"properties":{"kind":"stop","name":"EDMONDSON AVE & ASHBURTON ST fs eb","stop_id":"3007"},"type":"Feature"},{"geometry":{"coordinates":[-76.65826,39.29457],"type":"Point"},"properties":{"kind":"stop","name":"EDMONDSON AVE & DOSWELL AVE eb","stop_id":"3008"},"type":"Feature"},{"geometry":{"coordinates":[-76.65671,39.29463],"type":"Point"},"properties":{"kind":"stop","name":"EDMONDSON AVE & WARWICK AVE eb","stop_id":"3009"},"type":"Feature"},{"geometry":{"coordinates":[-76.65366,39.29474],"type":"Point"},"properties":{"kind":"stop","name":"EDMONDSON AVE & BENTALOU ST eb","stop_id":"3010"},"type":"Feature"},{"geometry":{"coordinates":[-76.65078,39.29497],"type":"Point"},"properties":{"kind":"stop","name":"EDMONDSON AVE & PULASKI ST eb","stop_id":"3011"},"type":"Feature"},{"geometry":{"coordinates":[-76.64771,39.29508],"type":"Point"},"properties":{"kind":"stop","name":"EDMONDSON AVE & MONROE ST eb","stop_id":"3014"},"type":"Feature"},{"geometry":{"coordinates":[-76.64598,39.29514],"type":"Point"},"properties":{"kind":"stop","name":"EDMONDSON AVE & FULTON AVE eb","stop_id":"3016"},"type":"Feature"},{"geometry":{"coordinates":[-76.64108,39.29531],"type":"Point"},"properties":{"kind":"stop","name":"EDMONDSON AVE & STRICKER ST fs eb","stop_id":"3019"},"type":"Feature"},{"geometry":{"coordinates":[-76.65567,39.28365],"type":"Point"},"properties":{"kind":"stop","name":"FREDERICK AVE & CATHERINE ST wb","stop_id":"302"},"type":"Feature"},{"geometry":{"coordinates":[-76.63864,39.29538],"type":"Point"},"properties":{"kind":"stop","name":"EDMONDSON AVE & CAREY ST eb","stop_id":"3020"},"type":"Feature"},{"geometry":{"coordinates":[-76.63598,39.29547],"type":"Point"},"properties":{"kind":"stop","name":"EDMONDSON AVE & ARLINGTON AVE eb","stop_id":"3021"},"type":"Feature"},{"geometry":{"coordinates":[-76.63568,39.29438],"type":"Point"},"properties":{"kind":"stop","name":"ARLINGTON AVE & FRANKLIN ST sb","stop_id":"3022"},"type":"Feature"},{"geometry":{"coordinates":[-76.6356,39.29307],"type":"Point"},"properties":{"kind":"stop","name":"ARLINGTON AVE & MULBERRY ST fs sb","stop_id":"3023"},"type":"Feature"},{"geometry":{"coordinates":[-76.626,39.29271],"type":"Point"},"properties":{"kind":"stop","name":"SARATOGA ST between PINE ST & ARCH ST mid eb","stop_id":"3027"},"type":"Feature"},{"geometry":{"coordinates":[-76.62402,39.29267],"type":"Point"},"properties":{"kind":"stop","name":"SARATOGA ST & GREENE ST eb","stop_id":"3029"},"type":"Feature"},{"geometry":{"coordinates":[-76.65706,39.28275],"type":"Point"},"properties":{"kind":"stop","name":"FREDERICK AVE & FRANKLINTOWN RD wb","stop_id":"303"},"type":"Feature"},{"geometry":{"coordinates":[-76.62266,39.2927],"type":"Point"},"properties":{"kind":"stop","name":"SARATOGA ST & PACA ST eb","stop_id":"3031"},"type":"Feature"},{"geometry":{"coordinates":[-76.61987,39.29282],"type":"Point"},"properties":{"kind":"stop","name":"SARATOGA ST & HOWARD ST eb","stop_id":"3034"},"type":"Feature"},{"geometry":{"coordinates":[-76.61844,39.29289],"type":"Point"},"properties":{"kind":"stop","name":"SARATOGA ST & PARK AVE eb","stop_id":"3035"},"type":"Feature"},{"geometry":{"coordinates":[-76.61695,39.29292],"type":"Point"},"properties":{"kind":"stop","name":"SARATOGA ST & LIBERTYST eb","stop_id":"3036"},"type":"Feature"},{"geometry":{"coordinates":[-76.61546,39.29225],"type":"Point"},"properties":{"kind":"stop","name":"SARATOGA ST & CHARLES ST eb","stop_id":"3038"},"type":"Feature"},{"geometry":{"coordinates":[-76.61269,39.29114],"type":"Point"},"properties":{"kind":"stop","name":"LEXINGTON ST & CALVERT ST eb","stop_id":"3040"},"type":"Feature"},{"geometry":{"coordinates":[-76.61052,39.29122],"type":"Point"},"properties":{"kind":"stop","name":"LEXINGTON ST & HOLLIDAY ST eb","stop_id":"3048"},"type":"Feature"},{"geometry":{"coordinates":[-76.60356,39.29964],"type":"Point"},"properties":{"kind":"stop","name":"ENSOR ST & MADISON ST fs nb","stop_id":"3052"},"type":"Feature"},{"geometry":{"coordinates":[-76.60343,39.3011],"type":"Point"},"properties":{"kind":"stop","name":"ENSOR ST & EAGER ST mb nb","stop_id":"3053"},"type":"Feature"},{"geometry":{"coordinates":[-76.5944,39.3022],"type":"Point"},"properties":{"kind":"stop","name":"BROADWAY & EAGER ST eb","stop_id":"3059"},"type":"Feature"},{"geometry":{"coordinates":[-76.66291,39.27981],"type":"Point"},"properties":{"kind":"stop","name":"FREDERICK AVE & FONTHILL AVE wb","stop_id":"306"},"type":"Feature"},{"geometry":{"coordinates":[-76.59391,39.30422],"type":"Point"},"properties":{"kind":"stop","name":"GAY & BIDDLE nb","stop_id":"3061"},"type":"Feature"},{"geometry":{"coordinates":[-76.5903,39.30719],"type":"Point"},"properties":{"kind":"stop","name":"GAY ST & WASHINGTON ST nb","stop_id":"3063"},"type":"Feature"},{"geometry":{"coordinates":[-76.58868,39.30854],"type":"Point"},"properties":{"kind":"stop","name":"GAY ST & CHESTER ST nb","stop_id":"3064"},"type":"Feature"},{"geometry":{"coordinates":[-76.58704,39.30993],"type":"Point"},"properties":{"kind":"stop","name":"GAY ST & LANVALE ST nb","stop_id":"3065"},"type":"Feature"},{"geometry":{"coordinates":[-76.58604,39.31076],"type":"Point"},"properties":{"kind":"stop","name":"GAY ST & PATTERSON PARK AVE nb","stop_id":"3066"},"type":"Feature"},{"geometry":{"coordinates":[-76.58213,39.31412],"type":"Point"},"properties":{"kind":"stop","name":"BELAIR RD & SINCLAIR LN nb","stop_id":"3069"},"type":"Feature"},{"geometry":{"coordinates":[-76.58096,39.31514],"type":"Point"},"properties":{"kind":"stop","name":"BELAIR RD & RAVENWOOD AVE nb","stop_id":"3071"},"type":"Feature"},{"geometry":{"coordinates":[-76.57891,39.31693],"type":"Point"},"properties":{"kind":"stop","name":"BELAIR RD & ELMLEY AVE nb","stop_id":"3073"},"type":"Feature"},{"geometry":{"coordinates":[-76.57754,39.31813],"type":"Point"},"properties":{"kind":"stop","name":"BELAIR RD & BELAIR-EDISON CROSSING nb","stop_id":"3074"},"type":"Feature"},{"geometry":{"coordinates":[-76.57594,39.31954],"type":"Point"},"properties":{"kind":"stop","name":"BELAIR RD & CLIFTMONT AVE nb","stop_id":"3075"},"type":"Feature"},{"geometry":{"coordinates":[-76.57381,39.3214],"type":"Point"},"properties":{"kind":"stop","name":"BELAIR RD & ERDMAN AVE nb","stop_id":"3078"},"type":"Feature"},{"geometry":{"coordinates":[-76.57128,39.32325],"type":"Point"},"properties":{"kind":"stop","name":"BELAIR RD & BRENDAN AVE nb","stop_id":"3080"},"type":"Feature"},{"geometry":{"coordinates":[-76.56968,39.3245],"type":"Point"},"properties":{"kind":"stop","name":"BELAIR RD & CHESTERFIELD AVE nb","stop_id":"3081"},"type":"Feature"},{"geometry":{"coordinates":[-76.56611,39.32744],"type":"Point"},"properties":{"kind":"stop","name":"BELAIR RD & PARKSIDE DR nb","stop_id":"3083"},"type":"Feature"},{"geometry":{"coordinates":[-76.56379,39.32932],"type":"Point"},"properties":{"kind":"stop","name":"BELAIR RD & NICHOLAS AVE fs nb","stop_id":"3084"},"type":"Feature"},{"geometry":{"coordinates":[-76.56164,39.33097],"type":"Point"},"properties":{"kind":"stop","name":"BELAIR RD & MORAVIA RD nb","stop_id":"3086"},"type":"Feature"},{"geometry":{"coordinates":[-76.55906,39.33283],"type":"Point"},"properties":{"kind":"stop","name":"BELAIR RD & SOUTHERN AVE nb","stop_id":"3088"},"type":"Feature"},{"geometry":{"coordinates":[-76.55713,39.33417],"type":"Point"},"properties":{"kind":"stop","name":"BELAIR RD & WOODLEA AVE nb","stop_id":"3089"},"type":"Feature"},{"geometry":{"coordinates":[-76.66783,39.28032],"type":"Point"},"properties":{"kind":"stop","name":"FREDERICK AVE & MOUNT OLIVET LN wb","stop_id":"309"},"type":"Feature"},{"geometry":{"coordinates":[-76.55356,39.33667],"type":"Point"},"properties":{"kind":"stop","name":"BELAIR RD & CHESMONT AVE fs nb","stop_id":"3091"},"type":"Feature"},{"geometry":{"coordinates":[-76.55185,39.33783],"type":"Point"},"properties":{"kind":"stop","name":"BELAIR RD & FRANKFORD AVE nb","stop_id":"3092"},"type":"Feature"},{"geometry":{"coordinates":[-76.54749,39.34089],"type":"Point"},"properties":{"kind":"stop","name":"BELAIR RD & ARIZONA AVE nb","stop_id":"3096"},"type":"Feature"},{"geometry":{"coordinates":[-76.54556,39.34225],"type":"Point"},"properties":{"kind":"stop","name":"BELAIR RD & HAMILTON AVE nb","stop_id":"3097"},"type":"Feature"},{"geometry":{"coordinates":[-76.54402,39.34333],"type":"Point"},"properties":{"kind":"stop","name":"BELAIR RD & WHITE AVE fs nb","stop_id":"3098"},"type":"Feature"},{"geometry":{"coordinates":[-76.54171,39.34493],"type":"Point"},"properties":{"kind":"stop","name":"BELAIR RD & GLENARM AVE nb","stop_id":"3099"},"type":"Feature"},{"geometry":{"coordinates":[-76.64833,39.31479],"type":"Point"},"properties":{"kind":"stop","name":"Reisterstown Rd & Elgin Ave","stop_id":"31"},"type":"Feature"},{"geometry":{"coordinates":[-76.54045,39.34597],"type":"Point"},"properties":{"kind":"stop","name":"BELAIR RD & CENTURY RD opp nb","stop_id":"3100"},"type":"Feature"},{"geometry":{"coordinates":[-76.53836,39.34783],"type":"Point"},"properties":{"kind":"stop","name":"BELAIR RD & PARKMONT AVE nb","stop_id":"3101"},"type":"Feature"},{"geometry":{"coordinates":[-76.5366,39.34939],"type":"Point"},"properties":{"kind":"stop","name":"BELAIR RD & RASPE AVE nb","stop_id":"3102"},"type":"Feature"}],"type":"FeatureCollection"}
