{"features":[{"geometry":{"coordinates":[[-77.4051,37.22648],[-77.4049,37.22579],[-77.40282,37.22641],[-77.39389,37.22813],[-77.38772,37.2308],[-77.38702,37.23086],[-77.38331,37.23229],[-77.38408,37.23364],[-77.38461,37.23353],[-77.38502,37.23424],[-77.38634,37.23378],[-77.38714,37.23389],[-77.38611,37.23516],[-77.38416,37.23609],[-77.37776,37.23771],[-77.37739,37.23694],[-77.37498,37.23382],[-77.37417,37.23403],[-77.37692,37.23794],[-77.37342,37.23881],[-77.37278,37.2377],[-77.37228,37.23792],[-77.36441,37.23869],[-77.36457,37.2398],[-77.36575,37.23968],[-77.36573,37.23955],[-77.35909,37.24022],[-77.35645,37.24089],[-77.35584,37.24088],[-77.35537,37.24057],[-77.35537,37.24008],[-77.3558,37.23978],[-77.35656,37.2399],[-77.35711,37.24055],[-77.35731,37.24127],[-77.35711,37.24208],[-77.35737,37.24135],[-77.35713,37.24047],[-77.35649,37.2398],[-77.35573,37.23975],[-77.35526,37.2402],[-77.35552,37.24091],[-77.3554,37.24125],[-77.35092,37.24428],[-77.35104,37.24442],[-77.35513,37.24172],[-77.35709,37.24083],[-77.35939,37.2403],[-77.36457,37.2398],[-77.36455,37.23967],[-77.35909,37.24022],[-77.35701,37.24068],[-77.35488,37.24164],[-77.35092,37.24428],[-77.35104,37.24442],[-77.35513,37.24172],[-77.35662,37.24117],[-77.3571,37.24132],[-77.35726,37.24167],[-77.35697,37.24229],[-77.35597,37.2432],[-77.3558,37.24388],[-77.35615,37.24394],[-77.35629,37.24305],[-77.35722,37.24192],[-77.35736,37.24118],[-77.35677,37.23998],[-77.35621,37.23972],[-77.35565,37.23978],[-77.35526,37.2402],[-77.35552,37.24096],[-77.35512,37.2415],[-77.34755,37.24651],[-77.34689,37.24623],[-77.34797,37.24552],[-77.34664,37.2437],[-77.34761,37.24314],[-77.34739,37.2427],[-77.3478,37.24252],[-77.34771,37.24239],[-77.34729,37.24256],[-77.34761,37.24314],[-77.34664,37.2437],[-77.34797,37.24552],[-77.34689,37.24623],[-77.34755,37.24651],[-77.33418,37.25544],[-77.33369,37.25556],[-77.33319,37.25527],[-77.33028,37.25107],[-77.32984,37.25137],[-77.32981,37.25178],[-77.32854,37.25232],[-77.3289,37.25284],[-77.33075,37.25202],[-77.33328,37.2558],[-77.33297,37.25623],[-77.33061,37.25787],[-77.32854,37.25876],[-77.3267,37.25993],[-77.32825,37.2617],[-77.32902,37.2612]],"type":"LineString"},"properties":{"color":"#4F6ED2","color_name":"blue","kind":"route","label":"4","long":"Blandford","route_id":"19148","text_color":"#000000","type_label":"Bus"},"type":"Feature"},{"geometry":{"coordinates":[[-77.4051,37.22648],[-77.4049,37.22579],[-77.40282,37.22641],[-77.39434,37.22801],[-77.39295,37.22843],[-77.39111,37.22928],[-77.38837,37.22574],[-77.38497,37.22323],[-77.38333,37.22152],[-77.38315,37.21914],[-77.38414,37.2158],[-77.38464,37.21549],[-77.38589,37.21549],[-77.38622,37.21581],[-77.38616,37.21625],[-77.38577,37.21653],[-77.38524,37.21653],[-77.38071,37.21458],[-77.37905,37.21308],[-77.37809,37.21279],[-77.37734,37.21299],[-77.37515,37.21454],[-77.37383,37.21521],[-77.36868,37.21587],[-77.36628,37.2156],[-77.34381,37.20813],[-77.34165,37.20709],[-77.33977,37.20591],[-77.34007,37.20539],[-77.33998,37.20266],[-77.34007,37.20539],[-77.33977,37.20591],[-77.3374,37.20391],[-77.33407,37.19994],[-77.33332,37.20053],[-77.33254,37.20007],[-77.33222,37.20009],[-77.33204,37.20054],[-77.33217,37.20094],[-77.33264,37.20131],[-77.33316,37.20093],[-77.34104,37.19374],[-77.34236,37.19281],[-77.3447,37.1918],[-77.34873,37.19103],[-77.34789,37.18765],[-77.34616,37.18574],[-77.34503,37.18621],[-77.34332,37.18638],[-77.34371,37.18724],[-77.34529,37.18708],[-77.34685,37.18644],[-77.34789,37.18765],[-77.34873,37.19103],[-77.35231,37.19067],[-77.36028,37.1908],[-77.36326,37.19035],[-77.37056,37.18866],[-77.3677,37.18452],[-77.36904,37.18376],[-77.36696,37.18079],[-77.36735,37.18062],[-77.36651,37.17936]],"type":"LineString"},"properties":{"color":"#D6232D","color_name":"red","kind":"route","label":"5","long":"County Drive","route_id":"19154","text_color":"#000000","type_label":"Bus"},"type":"Feature"},{"geometry":{"coordinates":[[-77.2912,37.30699],[-77.29332,37.30813],[-77.29287,37.30354],[-77.29829,37.30319],[-77.30071,37.30268],[-77.29797,37.29513],[-77.29786,37.29439],[-77.29819,37.28829],[-77.29843,37.28765],[-77.30249,37.28389],[-77.30303,37.28283],[-77.30727,37.27973],[-77.3096,37.27903],[-77.31042,37.2786],[-77.31634,37.27315],[-77.31865,37.27494],[-77.31955,37.27746],[-77.31968,37.27853],[-77.3197,37.28185],[-77.31949,37.28288],[-77.31894,37.284],[-77.31712,37.28652],[-77.3163,37.28715],[-77.31469,37.28742],[-77.31383,37.28794],[-77.31348,37.28855],[-77.31286,37.29109],[-77.31245,37.29115],[-77.31283,37.29129],[-77.31348,37.28855],[-77.31383,37.28794],[-77.3146,37.28744],[-77.31603,37.28724],[-77.31689,37.28677],[-77.31886,37.28411],[-77.31943,37.28304],[-77.3197,37.28185],[-77.31964,37.27806],[-77.31858,37.27484],[-77.32215,37.27489],[-77.32221,37.27074],[-77.32156,37.27014],[-77.32712,37.26486],[-77.32687,37.26439],[-77.32498,37.26361],[-77.32465,37.2628],[-77.32514,37.26268],[-77.32754,37.2609],[-77.32792,37.26136]],"type":"LineString"},"properties":{"color":"#00B3B3","color_name":"teal","kind":"route","label":"14","long":"City of Hopewell","route_id":"19308","text_color":"#000000","type_label":"Bus"},"type":"Feature"},{"geometry":{"coordinates":[[-77.4051,37.22648],[-77.4049,37.22579],[-77.40282,37.22641],[-77.39342,37.22827],[-77.38969,37.22995],[-77.39067,37.23122],[-77.39202,37.23056],[-77.39198,37.23041],[-77.38837,37.22574],[-77.38493,37.22319],[-77.38359,37.22196],[-77.38323,37.22122],[-77.38319,37.2189],[-77.38454,37.21428],[-77.38421,37.21199],[-77.38471,37.20907],[-77.3845,37.20786],[-77.38302,37.20534],[-77.37932,37.2017],[-77.3801,37.20123],[-77.38097,37.20216],[-77.38023,37.20261],[-77.37814,37.20026],[-77.37717,37.19866],[-77.37568,37.1951],[-77.36972,37.18758],[-77.36559,37.1814],[-77.36624,37.18111],[-77.36587,37.18055],[-77.36549,37.18065],[-77.36519,37.18023],[-77.36665,37.17959],[-77.36641,37.17921],[-77.36601,37.17926],[-77.3654,37.17896],[-77.36431,37.17949],[-77.36099,37.17458],[-77.36018,37.175],[-77.35599,37.17539],[-77.35543,37.17399],[-77.35266,37.17425],[-77.3522,37.17321]],"type":"LineString"},"properties":{"color":"#000000","color_name":"black","kind":"route","label":"6","long":"South Crater Road","route_id":"19415","text_color":"#FFFFFF","type_label":"Bus"},"type":"Feature"},{"geometry":{"coordinates":[[-77.46953,37.49773],[-77.46953,37.49749],[-77.46889,37.49751],[-77.4688,37.49796],[-77.46954,37.49806],[-77.46948,37.49849],[-77.47024,37.49885],[-77.47059,37.49818],[-77.47061,37.49744],[-77.47017,37.49604],[-77.47014,37.49519],[-77.47097,37.49271],[-77.46823,37.48946],[-77.46407,37.48355],[-77.46327,37.48181],[-77.46122,37.48029],[-77.45987,37.47816],[-77.45764,37.47689],[-77.45701,37.47627],[-77.45528,37.47223],[-77.4428,37.473],[-77.44051,37.47285],[-77.43624,37.47211],[-77.43551,37.47165],[-77.43525,37.47117],[-77.43544,37.46783],[-77.43497,37.46701],[-77.43373,37.46653],[-77.42824,37.46695],[-77.42786,37.46382],[-77.42651,37.46382],[-77.42593,37.46348],[-77.42564,37.46303],[-77.42545,37.4617],[-77.42547,37.45633],[-77.42516,37.45484],[-77.4233,37.44893],[-77.42331,37.44679],[-77.42416,37.44493],[-77.431,37.43634],[-77.43166,37.43487],[-77.43184,37.4333],[-77.43156,37.43183],[-77.42914,37.42495],[-77.42846,37.42241],[-77.42368,37.395],[-77.42296,37.3926],[-77.42187,37.39024],[-77.41941,37.38673],[-77.41675,37.38412],[-77.40994,37.37884],[-77.40823,37.37707],[-77.4069,37.37537],[-77.4056,37.37327],[-77.40441,37.37042],[-77.4038,37.36794],[-77.40358,37.36483],[-77.40407,37.36026],[-77.40443,37.35948],[-77.40617,37.35742],[-77.40652,37.35496],[-77.40704,37.35475],[-77.41335,37.35504],[-77.41198,37.35117],[-77.41204,37.35083],[-77.41263,37.35052],[-77.41322,37.35201],[-77.41244,37.3525],[-77.40869,37.34099],[-77.4073,37.32996],[-77.40586,37.32505],[-77.40551,37.32308],[-77.40557,37.32234],[-77.40796,37.31609],[-77.40821,37.31489],[-77.40936,37.29996],[-77.41089,37.292],[-77.41176,37.28549],[-77.41233,37.28276],[-77.41174,37.26602],[-77.41071,37.24858],[-77.40965,37.24371],[-77.40841,37.24256],[-77.40947,37.24337],[-77.4098,37.24401],[-77.41321,37.24307],[-77.41442,37.243],[-77.4176,37.24369],[-77.4205,37.24377],[-77.42177,37.24332],[-77.42368,37.24201],[-77.42736,37.24074],[-77.42774,37.2403],[-77.42792,37.23902],[-77.42679,37.23855],[-77.42387,37.236],[-77.42079,37.23793],[-77.41929,37.23833],[-77.4174,37.23437],[-77.41765,37.23404],[-77.41919,37.23353],[-77.41926,37.2332],[-77.41763,37.23298],[-77.41661,37.23093],[-77.40495,37.23318],[-77.40486,37.23256],[-77.40304,37.23268],[-77.40212,37.23104],[-77.40173,37.22807],[-77.40536,37.22743],[-77.4051,37.22648]],"type":"LineString"},"properties":{"color":"#008B58","color_name":"green","kind":"route","label":"3","long":"Richmond Express","route_id":"19420","text_color":"#000000","type_label":"Bus"},"type":"Feature"},{"geometry":{"coordinates":[[-77.40384,37.15759],[-77.40383,37.1574],[-77.39836,37.15735],[-77.39804,37.16495],[-77.39832,37.16605],[-77.40073,37.17166],[-77.39612,37.17193],[-77.39234,37.17425],[-77.38928,37.17464],[-77.38573,37.17639],[-77.38367,37.17777],[-77.38249,37.17899],[-77.38218,37.17972],[-77.38201,37.18119],[-77.37803,37.18675],[-77.37569,37.19132],[-77.37522,37.19179],[-77.37356,37.19245],[-77.36923,37.18689],[-77.36559,37.1814],[-77.36624,37.18111],[-77.36587,37.18055],[-77.36549,37.18065],[-77.36519,37.18023],[-77.36665,37.17959],[-77.36641,37.17921],[-77.36601,37.17926],[-77.3654,37.17896],[-77.36419,37.17957],[-77.36972,37.18758],[-77.37277,37.19143],[-77.37017,37.1921],[-77.36958,37.19302],[-77.36959,37.19361],[-77.37105,37.19268],[-77.3712,37.19234],[-77.37111,37.19181],[-77.37277,37.19143],[-77.37581,37.19531],[-77.37713,37.19878],[-77.37782,37.20004],[-77.37915,37.20176],[-77.38313,37.20568],[-77.38442,37.20791],[-77.38461,37.20908],[-77.38411,37.21207],[-77.38443,37.21434],[-77.38299,37.21926],[-77.38309,37.22125],[-77.38354,37.2221],[-77.38514,37.22353],[-77.38823,37.22579],[-77.39196,37.23059],[-77.39438,37.22945],[-77.39517,37.22926],[-77.40536,37.22743],[-77.4051,37.22648]],"type":"LineString"},"properties":{"color":"#008B58","color_name":"green","kind":"route","label":"21","long":"Walnut Hill/Richard Bland","route_id":"77206","text_color":"#000000","type_label":"Bus"},"type":"Feature"},{"geometry":{"coordinates":[[-77.39539,37.25288],[-77.39424,37.25149],[-77.39302,37.25098],[-77.39228,37.25093],[-77.39205,37.25044],[-77.39155,37.25003],[-77.38934,37.24967],[-77.38896,37.24946],[-77.38859,37.24887],[-77.38864,37.24838],[-77.39157,37.24226],[-77.38998,37.242],[-77.38869,37.24232],[-77.38774,37.24283],[-77.38861,37.24345],[-77.39069,37.24408],[-77.38905,37.24752],[-77.38751,37.24709],[-77.38683,37.24714],[-77.3842,37.24827],[-77.38357,37.24897],[-77.38347,37.25039],[-77.38455,37.25346],[-77.3843,37.25402],[-77.38998,37.25594],[-77.38985,37.25621],[-77.38877,37.25585],[-77.38856,37.25625],[-77.38976,37.25666],[-77.3901,37.25599],[-77.39607,37.25776],[-77.39652,37.25674],[-77.39672,37.25505],[-77.39818,37.25267],[-77.3957,37.25185],[-77.39385,37.24904],[-77.3934,37.24656],[-77.39391,37.2445],[-77.39478,37.24431],[-77.39497,37.24392],[-77.39449,37.24367],[-77.39435,37.24332],[-77.39536,37.24062],[-77.39576,37.23351],[-77.39626,37.22944],[-77.39667,37.229],[-77.40536,37.22743],[-77.4051,37.22648]],"type":"LineString"},"properties":{"color":"#8B00A2","color_name":"purple","kind":"route","label":"22 - South Park/Ettrick","long":"22 - South Park/Ettrick","route_id":"77207","text_color":"#000000","type_label":"Bus"},"type":"Feature"},{"geometry":{"coordinates":[[-77.40534,37.22645],[-77.4056,37.22738],[-77.41447,37.22564],[-77.42741,37.22093],[-77.43763,37.2185],[-77.44592,37.21701],[-77.45514,37.21467],[-77.45601,37.21387],[-77.4621,37.20073],[-77.46342,37.19894],[-77.4643,37.19812],[-77.46687,37.19651],[-77.46993,37.19416],[-77.47459,37.19017],[-77.48735,37.18319],[-77.48797,37.18391],[-77.48793,37.18424],[-77.48686,37.18461],[-77.48617,37.18382],[-77.47488,37.18998],[-77.46796,37.19567],[-77.4647,37.19761],[-77.46325,37.19874],[-77.46246,37.19963],[-77.46179,37.20087],[-77.46046,37.20432],[-77.45856,37.20848],[-77.45601,37.21387],[-77.45537,37.21455],[-77.44592,37.21701],[-77.44034,37.21801],[-77.43706,37.21042],[-77.43642,37.21099],[-77.43491,37.21386],[-77.43147,37.21594]],"type":"LineString"},"properties":{"color":"#2756A7","color_name":"teal","kind":"route","label":"23","long":"Washington/Halifax","route_id":"77208","text_color":"#000000","type_label":"Bus"},"type":"Feature"},{"geometry":{"coordinates":[[-77.32792,37.26136],[-77.32826,37.2617],[-77.32949,37.26089],[-77.3282,37.25951],[-77.33093,37.25816],[-77.33156,37.25805],[-77.3386,37.25831],[-77.34726,37.25788],[-77.34767,37.25926],[-77.34784,37.26221],[-77.34806,37.26218],[-77.34885,37.26189],[-77.35013,37.26061],[-77.35154,37.25984],[-77.35242,37.25895],[-77.35581,37.25768],[-77.36246,37.25565],[-77.36455,37.25605],[-77.36477,37.25545],[-77.36644,37.25585],[-77.36697,37.25458],[-77.36532,37.25411],[-77.36778,37.24809],[-77.36675,37.24776],[-77.36593,37.24949],[-77.36707,37.2498],[-77.37014,37.24187],[-77.37139,37.24047],[-77.37341,37.23894],[-77.38542,37.23577],[-77.38671,37.23483],[-77.38797,37.23293],[-77.38863,37.23226],[-77.39438,37.22945],[-77.40536,37.22743],[-77.4051,37.22648]],"type":"LineString"},"properties":{"color":"#86093C","color_name":"red","kind":"route","label":"24","long":"Blandford Puddledock","route_id":"77209","text_color":"#000000","type_label":"Bus"},"type":"Feature"},{"geometry":{"coordinates":[[-77.36304,37.18291],[-77.3615,37.18364],[-77.36099,37.18445],[-77.36104,37.18502],[-77.36221,37.18772],[-77.36265,37.18813],[-77.36328,37.1883],[-77.36513,37.18796],[-77.36576,37.18804],[-77.36628,37.18839],[-77.36678,37.18941],[-77.36079,37.19062],[-77.35151,37.19057],[-77.34869,37.19091],[-77.34433,37.19179],[-77.34259,37.19254],[-77.34104,37.19357],[-77.33344,37.20051],[-77.33217,37.2],[-77.33205,37.20064],[-77.3323,37.20109],[-77.33264,37.20131],[-77.33375,37.20041],[-77.33438,37.20051],[-77.3374,37.20391],[-77.33888,37.20524],[-77.34113,37.2068],[-77.34381,37.20813],[-77.36598,37.21552],[-77.36832,37.21588],[-77.37666,37.21528],[-77.37909,37.21557],[-77.38333,37.21656],[-77.38369,37.21702],[-77.38299,37.21926],[-77.38307,37.22107],[-77.38333,37.22183],[-77.385,37.22342],[-77.38823,37.22579],[-77.39196,37.23059],[-77.39438,37.22945],[-77.39517,37.22926],[-77.40536,37.22743],[-77.4051,37.22648]],"type":"LineString"},"properties":{"color":"#D6232D","color_name":"red","kind":"route","label":"25","long":"South Crater/County Drive","route_id":"77210","text_color":"#000000","type_label":"Bus"},"type":"Feature"},{"geometry":{"coordinates":[-77.40519,37.22647],"type":"Point"},"properties":{"kind":"stop","name":"Petersburg Station","stop_id":"2740281"},"type":"Feature"},{"geometry":{"coordinates":[-77.40119,37.22664],"type":"Point"},"properties":{"kind":"stop","name":"Wythe Street and Adams Street","stop_id":"2740282"},"type":"Feature"},{"geometry":{"coordinates":[-77.39917,37.22703],"type":"Point"},"properties":{"kind":"stop","name":"Wythe Street and Jefferson Street","stop_id":"2740283"},"type":"Feature"},{"geometry":{"coordinates":[-77.39671,37.22747],"type":"Point"},"properties":{"kind":"stop","name":"Wythe Street and McKeever Street","stop_id":"2740284"},"type":"Feature"},{"geometry":{"coordinates":[-77.39214,37.22874],"type":"Point"},"properties":{"kind":"stop","name":"E Wythe Street and S Little Church Street (Kings Motel)","stop_id":"2740286"},"type":"Feature"},{"geometry":{"coordinates":[-77.38975,37.22987],"type":"Point"},"properties":{"kind":"stop","name":"Wythe Street and Old Church Street","stop_id":"2740287"},"type":"Feature"},{"geometry":{"coordinates":[-77.3882,37.23045],"type":"Point"},"properties":{"kind":"stop","name":"Wythe Food Mart","stop_id":"2740288"},"type":"Feature"},{"geometry":{"coordinates":[-77.38682,37.23091],"type":"Point"},"properties":{"kind":"stop","name":"Old Wythe Street and Center Street","stop_id":"2740289"},"type":"Feature"},{"geometry":{"coordinates":[-77.3847,37.23165],"type":"Point"},"properties":{"kind":"stop","name":"Old Wythe Street and Accomack Street","stop_id":"2740290"},"type":"Feature"},{"geometry":{"coordinates":[-77.38337,37.23221],"type":"Point"},"properties":{"kind":"stop","name":"Old Wythe Street and Patrick Street","stop_id":"2740291"},"type":"Feature"},{"geometry":{"coordinates":[-77.38364,37.23299],"type":"Point"},"properties":{"kind":"stop","name":"Patrick Street and Sussex Street","stop_id":"2740292"},"type":"Feature"},{"geometry":{"coordinates":[-77.38455,37.23362],"type":"Point"},"properties":{"kind":"stop","name":"Nottoway Street and Patrick Street","stop_id":"2740293"},"type":"Feature"},{"geometry":{"coordinates":[-77.38494,37.2342],"type":"Point"},"properties":{"kind":"stop","name":"Patrick Street and Amelia Street","stop_id":"2740294"},"type":"Feature"},{"geometry":{"coordinates":[-77.38703,37.23391],"type":"Point"},"properties":{"kind":"stop","name":"Amelia Street and Washington Street","stop_id":"2740295"},"type":"Feature"},{"geometry":{"coordinates":[-77.38343,37.23622],"type":"Point"},"properties":{"kind":"stop","name":"21st Century Academy","stop_id":"2740296"},"type":"Feature"},{"geometry":{"coordinates":[-77.37919,37.23728],"type":"Point"},"properties":{"kind":"stop","name":"Dominion Power (Eastbound)","stop_id":"2740297"},"type":"Feature"},{"geometry":{"coordinates":[-77.37784,37.23764],"type":"Point"},"properties":{"kind":"stop","name":"Washington Street and Culpeper Avenue","stop_id":"2740298"},"type":"Feature"},{"geometry":{"coordinates":[-77.37752,37.23702],"type":"Point"},"properties":{"kind":"stop","name":"Culpeper Avenue and Southampton Street","stop_id":"2740299"},"type":"Feature"},{"geometry":{"coordinates":[-77.37691,37.23618],"type":"Point"},"properties":{"kind":"stop","name":"Culpeper Street and Prince George Street","stop_id":"2740300"},"type":"Feature"},{"geometry":{"coordinates":[-77.3763,37.23536],"type":"Point"},"properties":{"kind":"stop","name":"Culpeper Street and Brunswick Street","stop_id":"2740301"},"type":"Feature"},{"geometry":{"coordinates":[-77.37569,37.23456],"type":"Point"},"properties":{"kind":"stop","name":"Culpeper Street and Hare Street","stop_id":"2740302"},"type":"Feature"},{"geometry":{"coordinates":[-77.3748,37.23496],"type":"Point"},"properties":{"kind":"stop","name":"Slagle Avenue and Hare Street","stop_id":"2740303"},"type":"Feature"},{"geometry":{"coordinates":[-77.37534,37.23569],"type":"Point"},"properties":{"kind":"stop","name":"Slagle Avenue and Brunswick Street","stop_id":"2740304"},"type":"Feature"},{"geometry":{"coordinates":[-77.37595,37.23651],"type":"Point"},"properties":{"kind":"stop","name":"Slagle Avenue and Prince George Street","stop_id":"2740305"},"type":"Feature"},{"geometry":{"coordinates":[-77.37682,37.23786],"type":"Point"},"properties":{"kind":"stop","name":"Slagle Avenue and Washington Street","stop_id":"2740306"},"type":"Feature"},{"geometry":{"coordinates":[-77.37543,37.23829],"type":"Point"},"properties":{"kind":"stop","name":"E Washington Street and Gibbons Avenue Caribbean Kitchen","stop_id":"2740307"},"type":"Feature"},{"geometry":{"coordinates":[-77.37377,37.23873],"type":"Point"},"properties":{"kind":"stop","name":"E Washington and Courthouse St","stop_id":"2740308"},"type":"Feature"},{"geometry":{"coordinates":[-77.37291,37.23777],"type":"Point"},"properties":{"kind":"stop","name":"Court House Road and Richmond Avenue Faith & Hope Temple","stop_id":"2740309"},"type":"Feature"},{"geometry":{"coordinates":[-77.3712,37.23797],"type":"Point"},"properties":{"kind":"stop","name":"Richmond Avenue and Henrico Avenue","stop_id":"2740310"},"type":"Feature"},{"geometry":{"coordinates":[-77.36938,37.23814],"type":"Point"},"properties":{"kind":"stop","name":"Richmond Avenue and Ash Street","stop_id":"2740311"},"type":"Feature"},{"geometry":{"coordinates":[-77.36755,37.23834],"type":"Point"},"properties":{"kind":"stop","name":"Richmond Avenue and Nash Street","stop_id":"2740312"},"type":"Feature"},{"geometry":{"coordinates":[-77.36565,37.23853],"type":"Point"},"properties":{"kind":"stop","name":"Richmond Avenue and Mecklenburg Street","stop_id":"2740313"},"type":"Feature"},{"geometry":{"coordinates":[-77.36452,37.23865],"type":"Point"},"properties":{"kind":"stop","name":"Richmond Avenue and Lakemont Drive Petersburg East Apartments","stop_id":"2740314"},"type":"Feature"},{"geometry":{"coordinates":[-77.32907,37.25287],"type":"Point"},"properties":{"kind":"stop","name":"Fort Lee","stop_id":"2740315"},"type":"Feature"},{"geometry":{"coordinates":[-77.32905,37.26124],"type":"Point"},"properties":{"kind":"stop","name":"Food Lion - Hopewell","stop_id":"2740316"},"type":"Feature"},{"geometry":{"coordinates":[-77.33357,37.2562],"type":"Point"},"properties":{"kind":"stop","name":"Oaklawn Blvd/Rt 36 and Sisisky Road","stop_id":"2740317"},"type":"Feature"},{"geometry":{"coordinates":[-77.32658,37.25865],"type":"Point"},"properties":{"kind":"stop","name":"Unemployment Office","stop_id":"2740318"},"type":"Feature"},{"geometry":{"coordinates":[-77.35146,37.24422],"type":"Point"},"properties":{"kind":"stop","name":"Oaklawn Blvd/Rt37 and GREGG ADAMS GATE","stop_id":"2740319"},"type":"Feature"},{"geometry":{"coordinates":[-77.36567,37.23975],"type":"Point"},"properties":{"kind":"stop","name":"Washington Street and Mecklenburg Street","stop_id":"2740320"},"type":"Feature"},{"geometry":{"coordinates":[-77.36662,37.23968],"type":"Point"},"properties":{"kind":"stop","name":"Washington Street and Nansemond Street","stop_id":"2740321"},"type":"Feature"},{"geometry":{"coordinates":[-77.3709,37.23925],"type":"Point"},"properties":{"kind":"stop","name":"Southern Cars Sales Lot","stop_id":"2740322"},"type":"Feature"},{"geometry":{"coordinates":[-77.37188,37.23915],"type":"Point"},"properties":{"kind":"stop","name":"1933 East Washington St","stop_id":"2740323"},"type":"Feature"},{"geometry":{"coordinates":[-77.37313,37.23904],"type":"Point"},"properties":{"kind":"stop","name":"Washington Street and Puddledock Road","stop_id":"2740324"},"type":"Feature"},{"geometry":{"coordinates":[-77.37615,37.23835],"type":"Point"},"properties":{"kind":"stop","name":"Washington Street and Monument Avenue","stop_id":"2740325"},"type":"Feature"},{"geometry":{"coordinates":[-77.37697,37.23817],"type":"Point"},"properties":{"kind":"stop","name":"Washington Street and Slagle Avenue","stop_id":"2740326"},"type":"Feature"},{"geometry":{"coordinates":[-77.37905,37.23759],"type":"Point"},"properties":{"kind":"stop","name":"Dominion Power (Westbound)","stop_id":"2740327"},"type":"Feature"},{"geometry":{"coordinates":[-77.39373,37.233],"type":"Point"},"properties":{"kind":"stop","name":"North Crater Road and Bank Street","stop_id":"2740361"},"type":"Feature"},{"geometry":{"coordinates":[-77.39343,37.22919],"type":"Point"},"properties":{"kind":"stop","name":"Travel Inn","stop_id":"2740363"},"type":"Feature"},{"geometry":{"coordinates":[-77.39762,37.22893],"type":"Point"},"properties":{"kind":"stop","name":"E Washington Street and Madison Street","stop_id":"2740364"},"type":"Feature"},{"geometry":{"coordinates":[-77.40026,37.22845],"type":"Point"},"properties":{"kind":"stop","name":"Washington Street and Jefferson Street","stop_id":"2740365"},"type":"Feature"},{"geometry":{"coordinates":[-77.38683,37.22451],"type":"Point"},"properties":{"kind":"stop","name":"356 South Crater Road NB (Legacy Monument)","stop_id":"2740367"},"type":"Feature"},{"geometry":{"coordinates":[-77.38503,37.22318],"type":"Point"},"properties":{"kind":"stop","name":"South Crater and Windham Street NB (Crater Rd Veterinary Hospital)","stop_id":"2740368"},"type":"Feature"},{"geometry":{"coordinates":[-77.38337,37.22144],"type":"Point"},"properties":{"kind":"stop","name":"South Crater Road and Jerusalem Avenue","stop_id":"2740369"},"type":"Feature"},{"geometry":{"coordinates":[-77.38344,37.21837],"type":"Point"},"properties":{"kind":"stop","name":"South Crater Road and Columbia Street- Southbound (Flagship Inn)","stop_id":"2740371"},"type":"Feature"},{"geometry":{"coordinates":[-77.36696,37.21565],"type":"Point"},"properties":{"kind":"stop","name":"County Drive and Hickory Hill Road (Hardees)","stop_id":"2740372"},"type":"Feature"},{"geometry":{"coordinates":[-77.34006,37.20266],"type":"Point"},"properties":{"kind":"stop","name":"Pinetree Apartments","stop_id":"2740373"},"type":"Feature"},{"geometry":{"coordinates":[-77.33239,37.20125],"type":"Point"},"properties":{"kind":"stop","name":"Wagner Way and Courthouse Road","stop_id":"2740374"},"type":"Feature"},{"geometry":{"coordinates":[-77.34871,37.19067],"type":"Point"},"properties":{"kind":"stop","name":"Wagner Road and Normandy Drive","stop_id":"2740375"},"type":"Feature"},{"geometry":{"coordinates":[-77.34702,37.18648],"type":"Point"},"properties":{"kind":"stop","name":"Normandy Drive and Roberson Street (Berkeley Manor)","stop_id":"2740376"},"type":"Feature"},{"geometry":{"coordinates":[-77.34626,37.18575],"type":"Point"},"properties":{"kind":"stop","name":"Normandy Drive and Flynn Lane (Berkerly Manor)","stop_id":"2740377"},"type":"Feature"},{"geometry":{"coordinates":[-77.34345,37.1863],"type":"Point"},"properties":{"kind":"stop","name":"Flynn Lane and Francis Street","stop_id":"2740378"},"type":"Feature"},{"geometry":{"coordinates":[-77.34357,37.18713],"type":"Point"},"properties":{"kind":"stop","name":"Francis Street and Roberson Street","stop_id":"2740379"},"type":"Feature"},{"geometry":{"coordinates":[-77.36583,37.18985],"type":"Point"},"properties":{"kind":"stop","name":"Wagner Road Sheets and District 7/ Probation & Parole","stop_id":"2740381"},"type":"Feature"},{"geometry":{"coordinates":[-77.37022,37.18804],"type":"Point"},"properties":{"kind":"stop","name":"South Crater Road and Wagner Road","stop_id":"2740382"},"type":"Feature"},{"geometry":{"coordinates":[-77.36886,37.18612],"type":"Point"},"properties":{"kind":"stop","name":"South Crater Road and Seyler Drive (Southbound)","stop_id":"2740383"},"type":"Feature"},{"geometry":{"coordinates":[-77.36838,37.18431],"type":"Point"},"properties":{"kind":"stop","name":"Crater Circle and South Crater Road (Walgreens)","stop_id":"2740384"},"type":"Feature"},{"geometry":{"coordinates":[-77.36842,37.18275],"type":"Point"},"properties":{"kind":"stop","name":"South Crater Square Shopping Center","stop_id":"2740385"},"type":"Feature"},{"geometry":{"coordinates":[-77.3676,37.18152],"type":"Point"},"properties":{"kind":"stop","name":"Dollar General","stop_id":"2740386"},"type":"Feature"},{"geometry":{"coordinates":[-77.35937,37.18795],"type":"Point"},"properties":{"kind":"stop","name":"Poplar Springs Hospital","stop_id":"2740409"},"type":"Feature"},{"geometry":{"coordinates":[-77.36457,37.18899],"type":"Point"},"properties":{"kind":"stop","name":"Social Security","stop_id":"2740419"},"type":"Feature"},{"geometry":{"coordinates":[-77.36215,37.21436],"type":"Point"},"properties":{"kind":"stop","name":"County Drive and Jamestown Drive (American Inn)","stop_id":"2740420"},"type":"Feature"},{"geometry":{"coordinates":[-77.38348,37.21744],"type":"Point"},"properties":{"kind":"stop","name":"South Crater Road (Flagship Inn)","stop_id":"2740421"},"type":"Feature"},{"geometry":{"coordinates":[-77.383,37.22116],"type":"Point"},"properties":{"kind":"stop","name":"South Crater Road and Texas Avenue","stop_id":"2740422"},"type":"Feature"},{"geometry":{"coordinates":[-77.38508,37.22358],"type":"Point"},"properties":{"kind":"stop","name":"South Crater Road and Windham Street (Northbound)","stop_id":"2740423"},"type":"Feature"},{"geometry":{"coordinates":[-77.38914,37.22703],"type":"Point"},"properties":{"kind":"stop","name":"South Crater Road and Mingea Street Banford Cemetery (Northbound)","stop_id":"2740424"},"type":"Feature"},{"geometry":{"coordinates":[-77.3932,37.23012],"type":"Point"},"properties":{"kind":"stop","name":"E Washington Street and North Little Church Street (Exxon) NB","stop_id":"2740425"},"type":"Feature"},{"geometry":{"coordinates":[-77.34872,37.20873],"type":"Point"},"properties":{"kind":"stop","name":"Meadowbrook Street and Normandale Avenue","stop_id":"2740426"},"type":"Feature"},{"geometry":{"coordinates":[-77.4029,37.22687],"type":"Point"},"properties":{"kind":"stop","name":"Sycamore Street and Crimson Lane (Northbound)","stop_id":"2740428"},"type":"Feature"},{"geometry":{"coordinates":[-77.4035,37.22847],"type":"Point"},"properties":{"kind":"stop","name":"Sycamore Street and Franklin Street","stop_id":"2740429"},"type":"Feature"},{"geometry":{"coordinates":[-77.40479,37.23249],"type":"Point"},"properties":{"kind":"stop","name":"Sycamore Street and Bollingbrook Street","stop_id":"2740430"},"type":"Feature"},{"geometry":{"coordinates":[-77.40681,37.23289],"type":"Point"},"properties":{"kind":"stop","name":"Old Street and Market Street (Carriage House)","stop_id":"2740431"},"type":"Feature"},{"geometry":{"coordinates":[-77.41034,37.23226],"type":"Point"},"properties":{"kind":"stop","name":"Grove Avenue and Browns Alley","stop_id":"2740432"},"type":"Feature"},{"geometry":{"coordinates":[-77.41163,37.23202],"type":"Point"},"properties":{"kind":"stop","name":"Grove Avenue and Johnson Alley (Westbound)","stop_id":"2740433"},"type":"Feature"},{"geometry":{"coordinates":[-77.41289,37.23176],"type":"Point"},"properties":{"kind":"stop","name":"Grove Avenue and Cross Street","stop_id":"2740434"},"type":"Feature"},{"geometry":{"coordinates":[-77.41388,37.23158],"type":"Point"},"properties":{"kind":"stop","name":"Grove Avenue and Squaw Alley (Westbound)","stop_id":"2740435"},"type":"Feature"},{"geometry":{"coordinates":[-77.41645,37.23108],"type":"Point"},"properties":{"kind":"stop","name":"Grove Avenue and Canal Street (Westbound)","stop_id":"2740436"},"type":"Feature"},{"geometry":{"coordinates":[-77.41909,37.23327],"type":"Point"},"properties":{"kind":"stop","name":"Virginia State University Gate","stop_id":"2740437"},"type":"Feature"},{"geometry":{"coordinates":[-77.42081,37.23346],"type":"Point"},"properties":{"kind":"stop","name":"Chesterfield Avenue and Main Street","stop_id":"2740438"},"type":"Feature"},{"geometry":{"coordinates":[-77.42274,37.23511],"type":"Point"},"properties":{"kind":"stop","name":"Chesterfield Avenue and Lee Street","stop_id":"2740439"},"type":"Feature"},{"geometry":{"coordinates":[-77.42372,37.23598],"type":"Point"},"properties":{"kind":"stop","name":"Chesterfield Avenue and Boisseau Street","stop_id":"2740440"},"type":"Feature"},{"geometry":{"coordinates":[-77.42584,37.23781],"type":"Point"},"properties":{"kind":"stop","name":"Chesterfield Avenue and Paine Street","stop_id":"2740442"},"type":"Feature"},{"geometry":{"coordinates":[-77.42685,37.23869],"type":"Point"},"properties":{"kind":"stop","name":"Chesterfield Avenue and James Street","stop_id":"2740443"},"type":"Feature"},{"geometry":{"coordinates":[-77.43226,37.24006],"type":"Point"},"properties":{"kind":"stop","name":"Ettrick Food Lion Shopping Center","stop_id":"2740444"},"type":"Feature"},{"geometry":{"coordinates":[-77.41947,37.23847],"type":"Point"},"properties":{"kind":"stop","name":"University Avenue and Boisseau Street","stop_id":"2740445"},"type":"Feature"},{"geometry":{"coordinates":[-77.4188,37.23723],"type":"Point"},"properties":{"kind":"stop","name":"University Avenue at Gandy Hall","stop_id":"2740446"},"type":"Feature"},{"geometry":{"coordinates":[-77.41805,37.2357],"type":"Point"},"properties":{"kind":"stop","name":"University Avenue and Hayden Street (Jones Dining Hall)","stop_id":"2740447"},"type":"Feature"},{"geometry":{"coordinates":[-77.41547,37.23113],"type":"Point"},"properties":{"kind":"stop","name":"Grove Avenue and Hurt Street","stop_id":"2740448"},"type":"Feature"},{"geometry":{"coordinates":[-77.41399,37.23143],"type":"Point"},"properties":{"kind":"stop","name":"Grove Avenue and Squaw Alley (Eastbound)","stop_id":"2740449"},"type":"Feature"},{"geometry":{"coordinates":[-77.41164,37.2319],"type":"Point"},"properties":{"kind":"stop","name":"Grove Avenue and Johnson Alley (Eastbound)","stop_id":"2740450"},"type":"Feature"},{"geometry":{"coordinates":[-77.40761,37.23268],"type":"Point"},"properties":{"kind":"stop","name":"Grove Avenue and Market Street (Retiree Club)","stop_id":"2740451"},"type":"Feature"},{"geometry":{"coordinates":[-77.42864,37.2418],"type":"Point"},"properties":{"kind":"stop","name":"Amtrak Train Station","stop_id":"2740452"},"type":"Feature"},{"geometry":{"coordinates":[-77.40516,37.22858],"type":"Point"},"properties":{"kind":"stop","name":"Union Street","stop_id":"2740453"},"type":"Feature"},{"geometry":{"coordinates":[-77.4065,37.22732],"type":"Point"},"properties":{"kind":"stop","name":"Washington Street and Market Street (St. Joseph Church)","stop_id":"2740456"},"type":"Feature"},{"geometry":{"coordinates":[-77.40672,37.2269],"type":"Point"},"properties":{"kind":"stop","name":"Market Street and Washington Street","stop_id":"2740457"},"type":"Feature"},{"geometry":{"coordinates":[-77.40623,37.22528],"type":"Point"},"properties":{"kind":"stop","name":"Market Street and Wythe Street (Southbound)","stop_id":"2740458"},"type":"Feature"},{"geometry":{"coordinates":[-77.40598,37.22438],"type":"Point"},"properties":{"kind":"stop","name":"Market Street and Brown Street","stop_id":"2740459"},"type":"Feature"},{"geometry":{"coordinates":[-77.40662,37.22183],"type":"Point"},"properties":{"kind":"stop","name":"Halifax Street and Harding Street - Health Department","stop_id":"2740461"},"type":"Feature"},{"geometry":{"coordinates":[-77.40685,37.22128],"type":"Point"},"properties":{"kind":"stop","name":"Halifax Street and Van Buren Drive","stop_id":"2740462"},"type":"Feature"},{"geometry":{"coordinates":[-77.40776,37.21857],"type":"Point"},"properties":{"kind":"stop","name":"Halifax Street and Lee Avenue (Southbound)","stop_id":"2740464"},"type":"Feature"},{"geometry":{"coordinates":[-77.40805,37.21747],"type":"Point"},"properties":{"kind":"stop","name":"Halifax Street and Porterville Street (Peabody Middle School)","stop_id":"2740465"},"type":"Feature"},{"geometry":{"coordinates":[-77.40847,37.21659],"type":"Point"},"properties":{"kind":"stop","name":"Halifax Street and Wesley Street (Southbound)","stop_id":"2740466"},"type":"Feature"},{"geometry":{"coordinates":[-77.40838,37.21644],"type":"Point"},"properties":{"kind":"stop","name":"Halifax Street and Mistletoe Street (Northbound)","stop_id":"2740467"},"type":"Feature"},{"geometry":{"coordinates":[-77.40925,37.21483],"type":"Point"},"properties":{"kind":"stop","name":"Halifax Street and Shore Street (Southbound)","stop_id":"2740468"},"type":"Feature"},{"geometry":{"coordinates":[-77.40966,37.21401],"type":"Point"},"properties":{"kind":"stop","name":"Halifax Street and St Matthew Street (Southbound)","stop_id":"2740469"},"type":"Feature"},{"geometry":{"coordinates":[-77.4105,37.21266],"type":"Point"},"properties":{"kind":"stop","name":"Halifax Street and Young Avenue SB Metropolitan Baptist Church","stop_id":"2740470"},"type":"Feature"},{"geometry":{"coordinates":[-77.41119,37.21182],"type":"Point"},"properties":{"kind":"stop","name":"Halifax Street and Prince Avenue (Southbound)","stop_id":"2740471"},"type":"Feature"},{"geometry":{"coordinates":[-77.41223,37.21092],"type":"Point"},"properties":{"kind":"stop","name":"Halifax Street and Baylors Lane (Southbound)","stop_id":"2740472"},"type":"Feature"},{"geometry":{"coordinates":[-77.41353,37.20993],"type":"Point"},"properties":{"kind":"stop","name":"A.P. Hill Community Center","stop_id":"2740473"},"type":"Feature"},{"geometry":{"coordinates":[-77.41482,37.20856],"type":"Point"},"properties":{"kind":"stop","name":"Halifax Street and Cool Spring Drive SB","stop_id":"2745255"},"type":"Feature"},{"geometry":{"coordinates":[-77.41766,37.20612],"type":"Point"},"properties":{"kind":"stop","name":"Halifax Street and Custer Street (Southbound) Hill Terrace Apartments","stop_id":"2745256"},"type":"Feature"},{"geometry":{"coordinates":[-77.41955,37.20594],"type":"Point"},"properties":{"kind":"stop","name":"Patterson Street and West Street","stop_id":"2745257"},"type":"Feature"},{"geometry":{"coordinates":[-77.42048,37.20884],"type":"Point"},"properties":{"kind":"stop","name":"Patterson Street and Lincoln Street (Northbound)","stop_id":"2745258"},"type":"Feature"},{"geometry":{"coordinates":[-77.42086,37.20999],"type":"Point"},"properties":{"kind":"stop","name":"Patterson Street and Steel Street","stop_id":"2745259"},"type":"Feature"},{"geometry":{"coordinates":[-77.42125,37.21106],"type":"Point"},"properties":{"kind":"stop","name":"Patterson Street and Floyd Street","stop_id":"2745260"},"type":"Feature"},{"geometry":{"coordinates":[-77.42185,37.21251],"type":"Point"},"properties":{"kind":"stop","name":"Patterson Street and Carver Street Westview School","stop_id":"2745261"},"type":"Feature"},{"geometry":{"coordinates":[-77.42286,37.21358],"type":"Point"},"properties":{"kind":"stop","name":"Augusta Avenue and Patterson Street","stop_id":"2745262"},"type":"Feature"},{"geometry":{"coordinates":[-77.42315,37.21243],"type":"Point"},"properties":{"kind":"stop","name":"Augusta Avenue and Juniper Road Pecan Acres Apartments","stop_id":"2745263"},"type":"Feature"},{"geometry":{"coordinates":[-77.42295,37.21086],"type":"Point"},"properties":{"kind":"stop","name":"Augusta Avenue and Floyd Street","stop_id":"2745264"},"type":"Feature"},{"geometry":{"coordinates":[-77.42064,37.20895],"type":"Point"},"properties":{"kind":"stop","name":"Patterson Street and Lincoln Street (Southbound)","stop_id":"2745265"},"type":"Feature"},{"geometry":{"coordinates":[-77.42113,37.21036],"type":"Point"},"properties":{"kind":"stop","name":"Patterson Street and Hanover Street","stop_id":"2745266"},"type":"Feature"},{"geometry":{"coordinates":[-77.42086,37.20431],"type":"Point"},"properties":{"kind":"stop","name":"Halifax Street and Montgomery Avenue","stop_id":"2745267"},"type":"Feature"},{"geometry":{"coordinates":[-77.41983,37.20634],"type":"Point"},"properties":{"kind":"stop","name":"Patterson Street and Dunbar Street (Southbound)","stop_id":"2745268"},"type":"Feature"},{"geometry":{"coordinates":[-77.42011,37.20461],"type":"Point"},"properties":{"kind":"stop","name":"Halifax Street at Try Me Market","stop_id":"2745270"},"type":"Feature"},{"geometry":{"coordinates":[-77.4172,37.20627],"type":"Point"},"properties":{"kind":"stop","name":"Halifax Street and Custer Street (Northbound)","stop_id":"2745271"},"type":"Feature"},{"geometry":{"coordinates":[-77.41601,37.2096],"type":"Point"},"properties":{"kind":"stop","name":"Custer Street and Hawk Street","stop_id":"2745272"},"type":"Feature"},{"geometry":{"coordinates":[-77.41465,37.21103],"type":"Point"},"properties":{"kind":"stop","name":"Custer Street and Hamilton Street","stop_id":"2745273"},"type":"Feature"},{"geometry":{"coordinates":[-77.41372,37.21153],"type":"Point"},"properties":{"kind":"stop","name":"Custer Street and Hilton Place","stop_id":"2745274"},"type":"Feature"},{"geometry":{"coordinates":[-77.4111,37.21175],"type":"Point"},"properties":{"kind":"stop","name":"Halifax Street and Prince Avenue (Northbound)","stop_id":"2745275"},"type":"Feature"},{"geometry":{"coordinates":[-77.41021,37.21284],"type":"Point"},"properties":{"kind":"stop","name":"Halifax Street and Virginia Avenue","stop_id":"2745276"},"type":"Feature"},{"geometry":{"coordinates":[-77.40959,37.21385],"type":"Point"},"properties":{"kind":"stop","name":"Halifax Street and St Matthew Street (Northbound)","stop_id":"2745277"},"type":"Feature"},{"geometry":{"coordinates":[-77.40908,37.21486],"type":"Point"},"properties":{"kind":"stop","name":"Halifax Street and Shore Street (Northbound)","stop_id":"2745278"},"type":"Feature"},{"geometry":{"coordinates":[-77.40794,37.21734],"type":"Point"},"properties":{"kind":"stop","name":"Halifax Street and Porterville Street (Northbound)","stop_id":"2745279"},"type":"Feature"},{"geometry":{"coordinates":[-77.40761,37.21862],"type":"Point"},"properties":{"kind":"stop","name":"Halifax Street and Lee Avenue (Northbound)","stop_id":"2745280"},"type":"Feature"},{"geometry":{"coordinates":[-77.40714,37.22023],"type":"Point"},"properties":{"kind":"stop","name":"Halifax Street at Tabernacle Baptist Church","stop_id":"2745281"},"type":"Feature"},{"geometry":{"coordinates":[-77.4064,37.222],"type":"Point"},"properties":{"kind":"stop","name":"Halifax Street and Liberty Street","stop_id":"2745282"},"type":"Feature"},{"geometry":{"coordinates":[-77.4056,37.22371],"type":"Point"},"properties":{"kind":"stop","name":"Halifax Street and Byrne Street","stop_id":"2745283"},"type":"Feature"},{"geometry":{"coordinates":[-77.40608,37.22538],"type":"Point"},"properties":{"kind":"stop","name":"Market Street and Wythe Street (Northbound)","stop_id":"2745284"},"type":"Feature"},{"geometry":{"coordinates":[-77.32785,37.2614],"type":"Point"},"properties":{"kind":"stop","name":"Tri-City Drive and Plaza Drive (Transfer to Hopewell Connector)","stop_id":"2745285"},"type":"Feature"},{"geometry":{"coordinates":[-77.31804,37.26926],"type":"Point"},"properties":{"kind":"stop","name":"Oaklawn Boulevard and Colonial Corner Drive (Visitor Center)","stop_id":"2745286"},"type":"Feature"},{"geometry":{"coordinates":[-77.315,37.27125],"type":"Point"},"properties":{"kind":"stop","name":"Courthouse Road and Piper Square Drive (Piper Square Apartments)","stop_id":"2745287"},"type":"Feature"},{"geometry":{"coordinates":[-77.31278,37.27449],"type":"Point"},"properties":{"kind":"stop","name":"Oaklawn Boulevard and Dinwiddie Avenue","stop_id":"2745290"},"type":"Feature"},{"geometry":{"coordinates":[-77.30993,37.27713],"type":"Point"},"properties":{"kind":"stop","name":"Oaklawn Boulevard and Wilmington Avenue","stop_id":"2745291"},"type":"Feature"},{"geometry":{"coordinates":[-77.30502,37.28108],"type":"Point"},"properties":{"kind":"stop","name":"Winston Churchill Drive and Miles Avenue","stop_id":"2745292"},"type":"Feature"},{"geometry":{"coordinates":[-77.29806,37.27855],"type":"Point"},"properties":{"kind":"stop","name":"Berry Street and Sunnyside Avenue","stop_id":"2745293"},"type":"Feature"},{"geometry":{"coordinates":[-77.29496,37.28902],"type":"Point"},"properties":{"kind":"stop","name":"Winston Churchill Drive and Langston Park Drive","stop_id":"2745294"},"type":"Feature"},{"geometry":{"coordinates":[-77.2947,37.29144],"type":"Point"},"properties":{"kind":"stop","name":"Cavalier Square Shopping Center","stop_id":"2745308"},"type":"Feature"},{"geometry":{"coordinates":[-77.28995,37.2948],"type":"Point"},"properties":{"kind":"stop","name":"6th Avenue and Elm Street","stop_id":"2745309"},"type":"Feature"},{"geometry":{"coordinates":[-77.29181,37.30129],"type":"Point"},"properties":{"kind":"stop","name":"City Point Road and 5th Avenue","stop_id":"2745310"},"type":"Feature"},{"geometry":{"coordinates":[-77.28888,37.30144],"type":"Point"},"properties":{"kind":"stop","name":"City Point Road and 2nd Avenue (Hopewell Community Center)","stop_id":"2745311"},"type":"Feature"},{"geometry":{"coordinates":[-77.28734,37.30419],"type":"Point"},"properties":{"kind":"stop","name":"Main Street and Broadway Avenue","stop_id":"2745312"},"type":"Feature"},{"geometry":{"coordinates":[-77.28616,37.30511],"type":"Point"},"properties":{"kind":"stop","name":"Cawson Street and Library Street","stop_id":"2745313"},"type":"Feature"},{"geometry":{"coordinates":[-77.2912,37.30705],"type":"Point"},"properties":{"kind":"stop","name":"Eppes Street and Randolph Road (John Randolph Hospital)","stop_id":"2745314"},"type":"Feature"},{"geometry":{"coordinates":[-77.29996,37.30293],"type":"Point"},"properties":{"kind":"stop","name":"Broadway Avenue and 14th Avenue","stop_id":"2745316"},"type":"Feature"},{"geometry":{"coordinates":[-77.29972,37.29973],"type":"Point"},"properties":{"kind":"stop","name":"15th Avenue and City Point Road (Health department)","stop_id":"2745317"},"type":"Feature"},{"geometry":{"coordinates":[-77.298,37.29346],"type":"Point"},"properties":{"kind":"stop","name":"15th Avenue and Norfolk Street (Appomattox Peanut Company)","stop_id":"2745318"},"type":"Feature"},{"geometry":{"coordinates":[-77.29815,37.29058],"type":"Point"},"properties":{"kind":"stop","name":"15th Avenue and Maple Street (Pearson Tire Company)","stop_id":"2745319"},"type":"Feature"},{"geometry":{"coordinates":[-77.30482,37.28162],"type":"Point"},"properties":{"kind":"stop","name":"Winston Churchill Drive and Miles Avenue Hardees (Northbound)","stop_id":"2745320"},"type":"Feature"},{"geometry":{"coordinates":[-77.31296,37.29122],"type":"Point"},"properties":{"kind":"stop","name":"Hopewell High School","stop_id":"2745321"},"type":"Feature"},{"geometry":{"coordinates":[-77.34075,37.30684],"type":"Point"},"properties":{"kind":"stop","name":"Riverside Regional Jail","stop_id":"2745322"},"type":"Feature"},{"geometry":{"coordinates":[-77.29703,37.28709],"type":"Point"},"properties":{"kind":"stop","name":"Winston Churchill Drive and Arlington Road","stop_id":"2745324"},"type":"Feature"},{"geometry":{"coordinates":[-77.40261,37.22567],"type":"Point"},"properties":{"kind":"stop","name":"Sycamore Street and Surry Lane (Sycamore Towers)","stop_id":"2745417"},"type":"Feature"},{"geometry":{"coordinates":[-77.40212,37.22438],"type":"Point"},"properties":{"kind":"stop","name":"Sycamore Street and Tulip Alley (Lafayette House)","stop_id":"2745419"},"type":"Feature"},{"geometry":{"coordinates":[-77.40161,37.22302],"type":"Point"},"properties":{"kind":"stop","name":"Sycamore Street and Liberty Street","stop_id":"2745421"},"type":"Feature"},{"geometry":{"coordinates":[-77.39781,37.22104],"type":"Point"},"properties":{"kind":"stop","name":"Jefferson Street and Mars Street","stop_id":"2745422"},"type":"Feature"},{"geometry":{"coordinates":[-77.39734,37.21937],"type":"Point"},"properties":{"kind":"stop","name":"Jefferson Street and Mercury Street","stop_id":"2745448"},"type":"Feature"},{"geometry":{"coordinates":[-77.39845,37.2186],"type":"Point"},"properties":{"kind":"stop","name":"Graham Road and Adams Street","stop_id":"2745449"},"type":"Feature"},{"geometry":{"coordinates":[-77.39951,37.21744],"type":"Point"},"properties":{"kind":"stop","name":"Sycamore Street and Apollo Street (Southbound)","stop_id":"2745450"},"type":"Feature"},{"geometry":{"coordinates":[-77.39887,37.21578],"type":"Point"},"properties":{"kind":"stop","name":"Sycamore Street and Shore Street (Gene's Transmission)","stop_id":"2745452"},"type":"Feature"},{"geometry":{"coordinates":[-77.399,37.21161],"type":"Point"},"properties":{"kind":"stop","name":"North Boulevard and Ivy Gates (Southbound)","stop_id":"2745453"},"type":"Feature"},{"geometry":{"coordinates":[-77.39995,37.21081],"type":"Point"},"properties":{"kind":"stop","name":"North Boulevard and Westover Avenue (Southbound)","stop_id":"2745454"},"type":"Feature"},{"geometry":{"coordinates":[-77.40223,37.20513],"type":"Point"},"properties":{"kind":"stop","name":"Johnson Road and Lieutenants Run Drive","stop_id":"2745455"},"type":"Feature"},{"geometry":{"coordinates":[-77.40148,37.20164],"type":"Point"},"properties":{"kind":"stop","name":"Johnson Road and Tanglewood Circle","stop_id":"2745456"},"type":"Feature"},{"geometry":{"coordinates":[-77.39986,37.19928],"type":"Point"},"properties":{"kind":"stop","name":"South Boulevard and Chuckatuck Avenue (Eastbound)","stop_id":"2745457"},"type":"Feature"},{"geometry":{"coordinates":[-77.39642,37.19978],"type":"Point"},"properties":{"kind":"stop","name":"South Boulevard and Matoax Avenue (Eastbound)","stop_id":"2745458"},"type":"Feature"},{"geometry":{"coordinates":[-77.39504,37.19998],"type":"Point"},"properties":{"kind":"stop","name":"South Boulevard and Berkeley Avenue (Eastbound)","stop_id":"2745459"},"type":"Feature"},{"geometry":{"coordinates":[-77.39149,37.20049],"type":"Point"},"properties":{"kind":"stop","name":"South Boulevard and Windsor Road","stop_id":"2745460"},"type":"Feature"},{"geometry":{"coordinates":[-77.38834,37.20285],"type":"Point"},"properties":{"kind":"stop","name":"Glenroy Street and Sherwood Road","stop_id":"2745461"},"type":"Feature"},{"geometry":{"coordinates":[-77.38638,37.20412],"type":"Point"},"properties":{"kind":"stop","name":"Glenroy Street and Sycamore Street","stop_id":"2745462"},"type":"Feature"},{"geometry":{"coordinates":[-77.38417,37.20326],"type":"Point"},"properties":{"kind":"stop","name":"Sycamore Street and South Boulevard (Walnut Hill Pharmacy)","stop_id":"2745463"},"type":"Feature"},{"geometry":{"coordinates":[-77.38219,37.20292],"type":"Point"},"properties":{"kind":"stop","name":"Sycamore Street and Goodrich Avenue Southbound (China Wok Restaurant)","stop_id":"2745464"},"type":"Feature"},{"geometry":{"coordinates":[-77.38107,37.20125],"type":"Point"},"properties":{"kind":"stop","name":"Food Lion - Walnut Hill","stop_id":"2745465"},"type":"Feature"},{"geometry":{"coordinates":[-77.37705,37.19798],"type":"Point"},"properties":{"kind":"stop","name":"South Crater Road and Holly Hill Drive","stop_id":"2745466"},"type":"Feature"},{"geometry":{"coordinates":[-77.37629,37.19604],"type":"Point"},"properties":{"kind":"stop","name":"South Crater Road and Oak Hill Road","stop_id":"2745467"},"type":"Feature"},{"geometry":{"coordinates":[-77.37564,37.19484],"type":"Point"},"properties":{"kind":"stop","name":"South Crater Road and Flank Road Burger King (Southbound)","stop_id":"2745468"},"type":"Feature"},{"geometry":{"coordinates":[-77.3761,37.19209],"type":"Point"},"properties":{"kind":"stop","name":"South Park Drive and Flank Road","stop_id":"2745469"},"type":"Feature"},{"geometry":{"coordinates":[-77.3788,37.19093],"type":"Point"},"properties":{"kind":"stop","name":"South Park Drive and Rolyart Road","stop_id":"2745470"},"type":"Feature"},{"geometry":{"coordinates":[-77.38335,37.18916],"type":"Point"},"properties":{"kind":"stop","name":"West Park Drive and South Park Drive","stop_id":"2745471"},"type":"Feature"},{"geometry":{"coordinates":[-77.38361,37.1907],"type":"Point"},"properties":{"kind":"stop","name":"West Park Drive","stop_id":"2745472"},"type":"Feature"},{"geometry":{"coordinates":[-77.38025,37.1933],"type":"Point"},"properties":{"kind":"stop","name":"North Park Drive and Retnag Road","stop_id":"2745473"},"type":"Feature"},{"geometry":{"coordinates":[-77.38393,37.19322],"type":"Point"},"properties":{"kind":"stop","name":"West Park Drive and North Park Drive (Battlefield Park)","stop_id":"2745474"},"type":"Feature"},{"geometry":{"coordinates":[-77.37556,37.19509],"type":"Point"},"properties":{"kind":"stop","name":"South Crater Road and Flank Road (Northbound) Crater Inn Hotel","stop_id":"2745475"},"type":"Feature"},{"geometry":{"coordinates":[-77.37559,37.19931],"type":"Point"},"properties":{"kind":"stop","name":"Deerfield Drive and Holly Hill Drive","stop_id":"2745476"},"type":"Feature"},{"geometry":{"coordinates":[-77.37328,37.19875],"type":"Point"},"properties":{"kind":"stop","name":"Deerfield Drive and Newport Avenue","stop_id":"2745477"},"type":"Feature"},{"geometry":{"coordinates":[-77.37075,37.19875],"type":"Point"},"properties":{"kind":"stop","name":"Deerfield Drive and Crestwood Avenue (Oakhurst Sub-division)","stop_id":"2745478"},"type":"Feature"},{"geometry":{"coordinates":[-77.36762,37.19936],"type":"Point"},"properties":{"kind":"stop","name":"Glendale Ave and Deerfield Drive","stop_id":"2745479"},"type":"Feature"},{"geometry":{"coordinates":[-77.36854,37.2009],"type":"Point"},"properties":{"kind":"stop","name":"Glendale Drive and Wooded Lane","stop_id":"2745480"},"type":"Feature"},{"geometry":{"coordinates":[-77.3714,37.20153],"type":"Point"},"properties":{"kind":"stop","name":"Holly Hill Drive and Crestwood Avenue","stop_id":"2745481"},"type":"Feature"},{"geometry":{"coordinates":[-77.37358,37.20063],"type":"Point"},"properties":{"kind":"stop","name":"Holly Hill Drive and Newport Avenue","stop_id":"2745482"},"type":"Feature"},{"geometry":{"coordinates":[-77.37574,37.19975],"type":"Point"},"properties":{"kind":"stop","name":"Holly Hill Drive and Deerfield Drive","stop_id":"2745483"},"type":"Feature"},{"geometry":{"coordinates":[-77.37802,37.20176],"type":"Point"},"properties":{"kind":"stop","name":"Morton Avenue and South Crater Road (Good Shepherd Church)","stop_id":"2745484"},"type":"Feature"},{"geometry":{"coordinates":[-77.37398,37.20435],"type":"Point"},"properties":{"kind":"stop","name":"Morton Avenue and Bishop Street","stop_id":"2745485"},"type":"Feature"},{"geometry":{"coordinates":[-77.37201,37.20557],"type":"Point"},"properties":{"kind":"stop","name":"Morton Avenue and Buckner Street","stop_id":"2745486"},"type":"Feature"},{"geometry":{"coordinates":[-77.37138,37.20817],"type":"Point"},"properties":{"kind":"stop","name":"Walton Street and E Beauregard Avenue","stop_id":"2745487"},"type":"Feature"},{"geometry":{"coordinates":[-77.37275,37.20957],"type":"Point"},"properties":{"kind":"stop","name":"Walton Street and East South Boulevard","stop_id":"2745488"},"type":"Feature"},{"geometry":{"coordinates":[-77.37483,37.20849],"type":"Point"},"properties":{"kind":"stop","name":"East South Boulevard and Buckner Street","stop_id":"2745489"},"type":"Feature"},{"geometry":{"coordinates":[-77.38056,37.20609],"type":"Point"},"properties":{"kind":"stop","name":"East South Boulevard at Walnut Hill Baptist Church","stop_id":"2745490"},"type":"Feature"},{"geometry":{"coordinates":[-77.3854,37.20395],"type":"Point"},"properties":{"kind":"stop","name":"East South Boulevard and Sycamore Street","stop_id":"2745491"},"type":"Feature"},{"geometry":{"coordinates":[-77.38806,37.20228],"type":"Point"},"properties":{"kind":"stop","name":"West South Boulevard and Sherwood Road","stop_id":"2745492"},"type":"Feature"},{"geometry":{"coordinates":[-77.38999,37.20108],"type":"Point"},"properties":{"kind":"stop","name":"West South Boulevard and Coggin Street","stop_id":"2745493"},"type":"Feature"},{"geometry":{"coordinates":[-77.39524,37.20008],"type":"Point"},"properties":{"kind":"stop","name":"South Boulevard and Berkeley Avenue (Westbound)","stop_id":"2745494"},"type":"Feature"},{"geometry":{"coordinates":[-77.39663,37.19988],"type":"Point"},"properties":{"kind":"stop","name":"South Boulevard and Matoax Avenue (Westbound)","stop_id":"2745495"},"type":"Feature"},{"geometry":{"coordinates":[-77.40005,37.19939],"type":"Point"},"properties":{"kind":"stop","name":"South Boulevard and Chuckatuck Avenue (Westbound)","stop_id":"2745496"},"type":"Feature"},{"geometry":{"coordinates":[-77.4013,37.20172],"type":"Point"},"properties":{"kind":"stop","name":"Johnson Road and Bermuda Street (Tanglewood Apartments)","stop_id":"2745497"},"type":"Feature"},{"geometry":{"coordinates":[-77.40146,37.2059],"type":"Point"},"properties":{"kind":"stop","name":"North Boulevard and Powhatan Avenue","stop_id":"2745498"},"type":"Feature"},{"geometry":{"coordinates":[-77.40084,37.20936],"type":"Point"},"properties":{"kind":"stop","name":"North Boulevard and Berkeley Avenue","stop_id":"2745499"},"type":"Feature"},{"geometry":{"coordinates":[-77.39975,37.21082],"type":"Point"},"properties":{"kind":"stop","name":"North Boulevard and Westover Avenue (Northbound)","stop_id":"2745500"},"type":"Feature"},{"geometry":{"coordinates":[-77.39884,37.21153],"type":"Point"},"properties":{"kind":"stop","name":"North Boulevard and Ivy Gates (Northbound)","stop_id":"2745501"},"type":"Feature"},{"geometry":{"coordinates":[-77.39752,37.21276],"type":"Point"},"properties":{"kind":"stop","name":"Sycamore Street and Mount Vernon Street","stop_id":"2745502"},"type":"Feature"},{"geometry":{"coordinates":[-77.39894,37.2164],"type":"Point"},"properties":{"kind":"stop","name":"Sycamore Street and Shore Street (Northbound)","stop_id":"2745503"},"type":"Feature"},{"geometry":{"coordinates":[-77.39952,37.21797],"type":"Point"},"properties":{"kind":"stop","name":"Sycamore Street and Apollo Street (Northbound)","stop_id":"2745504"},"type":"Feature"},{"geometry":{"coordinates":[-77.3999,37.21899],"type":"Point"},"properties":{"kind":"stop","name":"Sycamore Street and Mercury Street","stop_id":"2745505"},"type":"Feature"},{"geometry":{"coordinates":[-77.40016,37.21918],"type":"Point"},"properties":{"kind":"stop","name":"Sycamore Street and Walnut Lane (Southbound)","stop_id":"2745506"},"type":"Feature"},{"geometry":{"coordinates":[-77.39814,37.22223],"type":"Point"},"properties":{"kind":"stop","name":"Jefferson Street and Fillmore Street","stop_id":"2745507"},"type":"Feature"},{"geometry":{"coordinates":[-77.40113,37.22223],"type":"Point"},"properties":{"kind":"stop","name":"Sycamore Street and Fillmore Street - Central Park (Northbound)","stop_id":"2745508"},"type":"Feature"},{"geometry":{"coordinates":[-77.40211,37.22478],"type":"Point"},"properties":{"kind":"stop","name":"Sycamore Street and Marshall Street","stop_id":"2745509"},"type":"Feature"},{"geometry":{"coordinates":[-77.40106,37.22158],"type":"Point"},"properties":{"kind":"stop","name":"Sycamore Street and Fillmore Street (Southbound)","stop_id":"2745557"},"type":"Feature"},{"geometry":{"coordinates":[-77.40048,37.22004],"type":"Point"},"properties":{"kind":"stop","name":"Sycamore Street and Darcy Street","stop_id":"2745558"},"type":"Feature"},{"geometry":{"coordinates":[-77.39582,37.21061],"type":"Point"},"properties":{"kind":"stop","name":"Sycamore Street and Ivy Lane (Ivy Gates Apartments)","stop_id":"2750287"},"type":"Feature"},{"geometry":{"coordinates":[-77.39372,37.20892],"type":"Point"},"properties":{"kind":"stop","name":"Sycamore Street and Belmead Street (Southbound)","stop_id":"2750288"},"type":"Feature"},{"geometry":{"coordinates":[-77.39242,37.20786],"type":"Point"},"properties":{"kind":"stop","name":"Sycamore Street and Claremont Street (Southbound)","stop_id":"2750289"},"type":"Feature"},{"geometry":{"coordinates":[-77.38762,37.20538],"type":"Point"},"properties":{"kind":"stop","name":"Sycamore Street and Weyanoke Street (Southbound)","stop_id":"2750290"},"type":"Feature"},{"geometry":{"coordinates":[-77.3865,37.20426],"type":"Point"},"properties":{"kind":"stop","name":"Sycamore Street and Glenroy Street (Southbound)","stop_id":"2750291"},"type":"Feature"},{"geometry":{"coordinates":[-77.38175,37.2044],"type":"Point"},"properties":{"kind":"stop","name":"South Crater Road at Walnut Hill Plaza","stop_id":"2750292"},"type":"Feature"},{"geometry":{"coordinates":[-77.38152,37.20593],"type":"Point"},"properties":{"kind":"stop","name":"South Boulevard and South Crater Road","stop_id":"2750293"},"type":"Feature"},{"geometry":{"coordinates":[-77.37874,37.20576],"type":"Point"},"properties":{"kind":"stop","name":"Colston Street and South Boulevard","stop_id":"2750294"},"type":"Feature"},{"geometry":{"coordinates":[-77.37618,37.20314],"type":"Point"},"properties":{"kind":"stop","name":"Colston Street and Morton Avenue","stop_id":"2750295"},"type":"Feature"},{"geometry":{"coordinates":[-77.37892,37.20159],"type":"Point"},"properties":{"kind":"stop","name":"South Crater Road and Morton Avenue- Q Beauty (Transfer Connection)","stop_id":"2750296"},"type":"Feature"},{"geometry":{"coordinates":[-77.38222,37.20307],"type":"Point"},"properties":{"kind":"stop","name":"Sycamore Street and Goodrich Avenue (Northbound)","stop_id":"2750297"},"type":"Feature"},{"geometry":{"coordinates":[-77.38444,37.20348],"type":"Point"},"properties":{"kind":"stop","name":"Sycamore Street and South Boulevard (Northbound)","stop_id":"2750298"},"type":"Feature"},{"geometry":{"coordinates":[-77.38641,37.20439],"type":"Point"},"properties":{"kind":"stop","name":"Sycamore Street and Glenroy Street (Northbound)","stop_id":"2750299"},"type":"Feature"},{"geometry":{"coordinates":[-77.38754,37.20549],"type":"Point"},"properties":{"kind":"stop","name":"Sycamore Street and Weyanoke Street (Northbound)","stop_id":"2750300"},"type":"Feature"},{"geometry":{"coordinates":[-77.3922,37.20784],"type":"Point"},"properties":{"kind":"stop","name":"Sycamore Street and Claremont Street (Northbound)","stop_id":"2750301"},"type":"Feature"},{"geometry":{"coordinates":[-77.39359,37.20896],"type":"Point"},"properties":{"kind":"stop","name":"Sycamore Street and Belmead Street (Northbound)","stop_id":"2750302"},"type":"Feature"},{"geometry":{"coordinates":[-77.39514,37.21021],"type":"Point"},"properties":{"kind":"stop","name":"Sycamore Street and Fleur De Hundred Street","stop_id":"2750303"},"type":"Feature"},{"geometry":{"coordinates":[-77.39602,37.21095],"type":"Point"},"properties":{"kind":"stop","name":"Sycamore Street and Ivy Lane (Northbound)","stop_id":"2750304"},"type":"Feature"},{"geometry":{"coordinates":[-77.40043,37.2204],"type":"Point"},"properties":{"kind":"stop","name":"Sycamore Street and Mars Street","stop_id":"2750305"},"type":"Feature"},{"geometry":{"coordinates":[-77.39087,37.24203],"type":"Point"},"properties":{"kind":"stop","name":"Roslyn Road and Roslyn Court (Southside Emergency)","stop_id":"2750306"},"type":"Feature"},{"geometry":{"coordinates":[-77.38808,37.24255],"type":"Point"},"properties":{"kind":"stop","name":"Roslyn Road and South Avenue (American Fitness)","stop_id":"2750307"},"type":"Feature"},{"geometry":{"coordinates":[-77.38606,37.24732],"type":"Point"},"properties":{"kind":"stop","name":"Charles H Dimmock Parkway at Walmart","stop_id":"2750308"},"type":"Feature"},{"geometry":{"coordinates":[-77.38347,37.25083],"type":"Point"},"properties":{"kind":"stop","name":"Charles H Dimmock Parkway and Jennick Drive","stop_id":"2750309"},"type":"Feature"},{"geometry":{"coordinates":[-77.38399,37.25219],"type":"Point"},"properties":{"kind":"stop","name":"Charles H Dimmock Parkway and Temple Lake Drive (Red Lobster)","stop_id":"2750310"},"type":"Feature"},{"geometry":{"coordinates":[-77.39036,37.25718],"type":"Point"},"properties":{"kind":"stop","name":"South Park Crossing","stop_id":"2750311"},"type":"Feature"},{"geometry":{"coordinates":[-77.39356,37.25607],"type":"Point"},"properties":{"kind":"stop","name":"South Park Circle (Golden Corral and Casa Don Jose)","stop_id":"2750312"},"type":"Feature"},{"geometry":{"coordinates":[-77.39547,37.25284],"type":"Point"},"properties":{"kind":"stop","name":"Southpark Circle (Regal 16 Cinema)","stop_id":"2750313"},"type":"Feature"},{"geometry":{"coordinates":[-77.39214,37.25031],"type":"Point"},"properties":{"kind":"stop","name":"Southpark Boulevard at Dollar Tree (Northbound)","stop_id":"2750314"},"type":"Feature"},{"geometry":{"coordinates":[-77.38957,37.24676],"type":"Point"},"properties":{"kind":"stop","name":"Southpark Boulevard at Southgate Square at (Burlington and Wendy's)","stop_id":"2750315"},"type":"Feature"},{"geometry":{"coordinates":[-77.38943,37.22702],"type":"Point"},"properties":{"kind":"stop","name":"South Crater Road and Mingea Street (Southbound)","stop_id":"2750317"},"type":"Feature"},{"geometry":{"coordinates":[-77.38448,37.21322],"type":"Point"},"properties":{"kind":"stop","name":"South Crater Road and Tollgate Lane","stop_id":"2750319"},"type":"Feature"},{"geometry":{"coordinates":[-77.3843,37.21199],"type":"Point"},"properties":{"kind":"stop","name":"South Crater Road at Crater Square Apartments (Southbound)","stop_id":"2750320"},"type":"Feature"},{"geometry":{"coordinates":[-77.3848,37.20897],"type":"Point"},"properties":{"kind":"stop","name":"South Carter Road and Claremont Street","stop_id":"2750321"},"type":"Feature"},{"geometry":{"coordinates":[-77.38347,37.20584],"type":"Point"},"properties":{"kind":"stop","name":"South Crater Road and Glenroy Street (Southbound)","stop_id":"2750322"},"type":"Feature"},{"geometry":{"coordinates":[-77.38183,37.20403],"type":"Point"},"properties":{"kind":"stop","name":"South Crater Road and Oakland Street (U.S Renal Care)","stop_id":"2750323"},"type":"Feature"},{"geometry":{"coordinates":[-77.37201,37.19023],"type":"Point"},"properties":{"kind":"stop","name":"South Crater Road and Cavalier Drive Pep Boys (Southbound)","stop_id":"2750324"},"type":"Feature"},{"geometry":{"coordinates":[-77.36775,37.18039],"type":"Point"},"properties":{"kind":"stop","name":"Walmart at Pinehill Plaza","stop_id":"2750325"},"type":"Feature"},{"geometry":{"coordinates":[-77.36462,37.18211],"type":"Point"},"properties":{"kind":"stop","name":"Medical Park Boulevard and South Crater Road (Davita Dialysis Center)","stop_id":"2750326"},"type":"Feature"},{"geometry":{"coordinates":[-77.36297,37.18278],"type":"Point"},"properties":{"kind":"stop","name":"Medical Park Boulevard at Southeast Regional Medical Center","stop_id":"2750349"},"type":"Feature"},{"geometry":{"coordinates":[-77.36355,37.1884],"type":"Point"},"properties":{"kind":"stop","name":"Medical Park Boulevard - Social Security Administration","stop_id":"2750350"},"type":"Feature"},{"geometry":{"coordinates":[-77.36359,37.18942],"type":"Point"},"properties":{"kind":"stop","name":"Elder's Way and Poplar Drive","stop_id":"2750351"},"type":"Feature"},{"geometry":{"coordinates":[-77.36237,37.18941],"type":"Point"},"properties":{"kind":"stop","name":"Poplar Drive at Appomattox Area Health and Wellness Center","stop_id":"2750352"},"type":"Feature"},{"geometry":{"coordinates":[-77.36576,37.18819],"type":"Point"},"properties":{"kind":"stop","name":"Medical Park Blvd- DMV / Peoples Advantage Credit Union","stop_id":"2750353"},"type":"Feature"},{"geometry":{"coordinates":[-77.37219,37.19087],"type":"Point"},"properties":{"kind":"stop","name":"South Crater Road and Cavalier Drive (Northbound) Cavalier Apartments","stop_id":"2750354"},"type":"Feature"},{"geometry":{"coordinates":[-77.37331,37.19233],"type":"Point"},"properties":{"kind":"stop","name":"South Crater Road and Flank Road (Northbound) Monumental Baptist Church","stop_id":"2750355"},"type":"Feature"},{"geometry":{"coordinates":[-77.38395,37.20713],"type":"Point"},"properties":{"kind":"stop","name":"South Crater Road and Jacobs Avenue NB","stop_id":"2750362"},"type":"Feature"},{"geometry":{"coordinates":[-77.38408,37.21207],"type":"Point"},"properties":{"kind":"stop","name":"South Crater Road at Crater Square Apartments (Northbound)","stop_id":"2750363"},"type":"Feature"},{"geometry":{"coordinates":[-77.38678,37.22476],"type":"Point"},"properties":{"kind":"stop","name":"South Crater Road at Blandford Cemetery","stop_id":"2750364"},"type":"Feature"},{"geometry":{"coordinates":[-77.40675,37.22313],"type":"Point"},"properties":{"kind":"stop","name":"Farmer Street and Halifax Street","stop_id":"2750367"},"type":"Feature"},{"geometry":{"coordinates":[-77.40793,37.22285],"type":"Point"},"properties":{"kind":"stop","name":"Farmer Street and Perry Street","stop_id":"2750368"},"type":"Feature"},{"geometry":{"coordinates":[-77.40963,37.22244],"type":"Point"},"properties":{"kind":"stop","name":"Farmers Street and Guarantee Street (Gill Haven)","stop_id":"2750369"},"type":"Feature"},{"geometry":{"coordinates":[-77.41155,37.22223],"type":"Point"},"properties":{"kind":"stop","name":"Farmers Street at Virginia Textile","stop_id":"2750370"},"type":"Feature"},{"geometry":{"coordinates":[-77.41406,37.22268],"type":"Point"},"properties":{"kind":"stop","name":"Farmer Street and South Street (Westbound)","stop_id":"2750371"},"type":"Feature"},{"geometry":{"coordinates":[-77.41617,37.22189],"type":"Point"},"properties":{"kind":"stop","name":"Farmer Street and Dunlop Street","stop_id":"2750372"},"type":"Feature"},{"geometry":{"coordinates":[-77.42151,37.21991],"type":"Point"},"properties":{"kind":"stop","name":"Farmer Street and Britton Street (Westbound)","stop_id":"2750373"},"type":"Feature"},{"geometry":{"coordinates":[-77.42337,37.21934],"type":"Point"},"properties":{"kind":"stop","name":"Farmer Street and Chappell Street (Westbound)","stop_id":"2750388"},"type":"Feature"},{"geometry":{"coordinates":[-77.42583,37.21858],"type":"Point"},"properties":{"kind":"stop","name":"Farmer Street and Indiana Lane (Westbound)","stop_id":"2750389"},"type":"Feature"},{"geometry":{"coordinates":[-77.42696,37.21826],"type":"Point"},"properties":{"kind":"stop","name":"Farmer Street and Fairgrounds Road (Westbound)","stop_id":"2750390"},"type":"Feature"},{"geometry":{"coordinates":[-77.42629,37.21656],"type":"Point"},"properties":{"kind":"stop","name":"Pecan Street and Fairgrounds Road (Southbound)","stop_id":"2750391"},"type":"Feature"},{"geometry":{"coordinates":[-77.42632,37.2156],"type":"Point"},"properties":{"kind":"stop","name":"Pecan Street and Cottonwood Drive (Pecan Acres)","stop_id":"2750392"},"type":"Feature"},{"geometry":{"coordinates":[-77.42498,37.21298],"type":"Point"},"properties":{"kind":"stop","name":"Cottonwood Drive and Juniper Road","stop_id":"2750393"},"type":"Feature"},{"geometry":{"coordinates":[-77.42569,37.21448],"type":"Point"},"properties":{"kind":"stop","name":"Cottonwood Drive (Northbound)","stop_id":"2750394"},"type":"Feature"},{"geometry":{"coordinates":[-77.42617,37.21543],"type":"Point"},"properties":{"kind":"stop","name":"Cottonwood Drive and Pecan Street","stop_id":"2750395"},"type":"Feature"},{"geometry":{"coordinates":[-77.42623,37.21646],"type":"Point"},"properties":{"kind":"stop","name":"Pecan Street and Fairgrounds Road (Northbound)","stop_id":"2750396"},"type":"Feature"},{"geometry":{"coordinates":[-77.42731,37.21156],"type":"Point"},"properties":{"kind":"stop","name":"Youngs Road and Blossum Lane","stop_id":"2750397"},"type":"Feature"},{"geometry":{"coordinates":[-77.42677,37.20758],"type":"Point"},"properties":{"kind":"stop","name":"Youngs Road and Lincoln Street (Southbound)","stop_id":"2750398"},"type":"Feature"},{"geometry":{"coordinates":[-77.42664,37.20458],"type":"Point"},"properties":{"kind":"stop","name":"Halcun Drive and Youngs Road","stop_id":"2750399"},"type":"Feature"},{"geometry":{"coordinates":[-77.42808,37.20436],"type":"Point"},"properties":{"kind":"stop","name":"S Halcun Drive and Duke Drive","stop_id":"2750400"},"type":"Feature"},{"geometry":{"coordinates":[-77.43001,37.20507],"type":"Point"},"properties":{"kind":"stop","name":"Halcun Drive and Circle Drive CT","stop_id":"2750401"},"type":"Feature"},{"geometry":{"coordinates":[-77.42917,37.20595],"type":"Point"},"properties":{"kind":"stop","name":"Halcun Drive and Cambell Drive","stop_id":"2750402"},"type":"Feature"},{"geometry":{"coordinates":[-77.4279,37.20611],"type":"Point"},"properties":{"kind":"stop","name":"N Halcun Drive and Duke Drive","stop_id":"2750403"},"type":"Feature"},{"geometry":{"coordinates":[-77.42662,37.20759],"type":"Point"},"properties":{"kind":"stop","name":"Youngs Road and Lincoln Street (Northbound)","stop_id":"2750404"},"type":"Feature"},{"geometry":{"coordinates":[-77.42689,37.21814],"type":"Point"},"properties":{"kind":"stop","name":"Farmer Street and Fairgrounds Road (Eastbound)","stop_id":"2750405"},"type":"Feature"},{"geometry":{"coordinates":[-77.42567,37.21849],"type":"Point"},"properties":{"kind":"stop","name":"Farmer Street and Indiana Lane (Eastbound)","stop_id":"2750406"},"type":"Feature"},{"geometry":{"coordinates":[-77.42313,37.21927],"type":"Point"},"properties":{"kind":"stop","name":"Farmer Street and Chappell Street (Eastbound)","stop_id":"2750407"},"type":"Feature"},{"geometry":{"coordinates":[-77.42115,37.21989],"type":"Point"},"properties":{"kind":"stop","name":"Farmer Street and Britton Street (Eastbound)","stop_id":"2750408"},"type":"Feature"},{"geometry":{"coordinates":[-77.41895,37.21996],"type":"Point"},"properties":{"kind":"stop","name":"West Street and Willcox Street","stop_id":"2750409"},"type":"Feature"},{"geometry":{"coordinates":[-77.41821,37.21864],"type":"Point"},"properties":{"kind":"stop","name":"West Street and Stainback Street","stop_id":"2750410"},"type":"Feature"},{"geometry":{"coordinates":[-77.41732,37.21752],"type":"Point"},"properties":{"kind":"stop","name":"Lee Avenue and West Street","stop_id":"2750411"},"type":"Feature"},{"geometry":{"coordinates":[-77.4159,37.21804],"type":"Point"},"properties":{"kind":"stop","name":"Lee Avenue and Pegram Street","stop_id":"2750412"},"type":"Feature"},{"geometry":{"coordinates":[-77.41477,37.21848],"type":"Point"},"properties":{"kind":"stop","name":"Lee Avenue and Dunlop Street","stop_id":"2750413"},"type":"Feature"},{"geometry":{"coordinates":[-77.41562,37.22084],"type":"Point"},"properties":{"kind":"stop","name":"Dunlop Street and Wilcox Street","stop_id":"2750414"},"type":"Feature"},{"geometry":{"coordinates":[-77.41611,37.22174],"type":"Point"},"properties":{"kind":"stop","name":"Dunlop Street and Farmer Street","stop_id":"2750415"},"type":"Feature"},{"geometry":{"coordinates":[-77.41426,37.22245],"type":"Point"},"properties":{"kind":"stop","name":"Farmer Street and South Street (Eastbound)","stop_id":"2750416"},"type":"Feature"},{"geometry":{"coordinates":[-77.40916,37.22244],"type":"Point"},"properties":{"kind":"stop","name":"Farmer Street and Guarantee Street","stop_id":"2750417"},"type":"Feature"},{"geometry":{"coordinates":[-77.42766,37.20913],"type":"Point"},"properties":{"kind":"stop","name":"Valor Drive and Youngs Road","stop_id":"2750418"},"type":"Feature"},{"geometry":{"coordinates":[-77.43058,37.20964],"type":"Point"},"properties":{"kind":"stop","name":"East Valor Drive and North Valor Drive","stop_id":"2750419"},"type":"Feature"},{"geometry":{"coordinates":[-77.43071,37.2111],"type":"Point"},"properties":{"kind":"stop","name":"Pleasants Lane and Beech Street","stop_id":"2750420"},"type":"Feature"},{"geometry":{"coordinates":[-77.4312,37.21601],"type":"Point"},"properties":{"kind":"stop","name":"Pleasants Lane and Dupuy Road","stop_id":"2750421"},"type":"Feature"},{"geometry":{"coordinates":[-77.42865,37.21751],"type":"Point"},"properties":{"kind":"stop","name":"Dupuy Road and Youngs Road","stop_id":"2750422"},"type":"Feature"},{"geometry":{"coordinates":[-77.40987,37.22672],"type":"Point"},"properties":{"kind":"stop","name":"Washington Street and Lafayette Street","stop_id":"2750423"},"type":"Feature"},{"geometry":{"coordinates":[-77.41464,37.22567],"type":"Point"},"properties":{"kind":"stop","name":"Washington Street and N Jones Street","stop_id":"2750424"},"type":"Feature"},{"geometry":{"coordinates":[-77.41751,37.22467],"type":"Point"},"properties":{"kind":"stop","name":"Washington Street and Dunlop Street","stop_id":"2750425"},"type":"Feature"},{"geometry":{"coordinates":[-77.42066,37.22351],"type":"Point"},"properties":{"kind":"stop","name":"Washington Street and West Street","stop_id":"2750426"},"type":"Feature"},{"geometry":{"coordinates":[-77.42312,37.22259],"type":"Point"},"properties":{"kind":"stop","name":"Washington Street and Stiles Lane","stop_id":"2750427"},"type":"Feature"},{"geometry":{"coordinates":[-77.42584,37.22157],"type":"Point"},"properties":{"kind":"stop","name":"Washington Street and Indiana Lane","stop_id":"2750428"},"type":"Feature"},{"geometry":{"coordinates":[-77.43051,37.2197],"type":"Point"},"properties":{"kind":"stop","name":"McKenney Street and Washington Street","stop_id":"2750429"},"type":"Feature"},{"geometry":{"coordinates":[-77.42992,37.21816],"type":"Point"},"properties":{"kind":"stop","name":"McKenney Street and Randolph Avenue","stop_id":"2750430"},"type":"Feature"},{"geometry":{"coordinates":[-77.43166,37.21727],"type":"Point"},"properties":{"kind":"stop","name":"Ferndale Avenue and Grayson Street","stop_id":"2750431"},"type":"Feature"},{"geometry":{"coordinates":[-77.43349,37.21663],"type":"Point"},"properties":{"kind":"stop","name":"Ferndale Avenue and Bayard Street","stop_id":"2750432"},"type":"Feature"},{"geometry":{"coordinates":[-77.4359,37.21577],"type":"Point"},"properties":{"kind":"stop","name":"Ferndale Avenue and Elm Street","stop_id":"2750433"},"type":"Feature"},{"geometry":{"coordinates":[-77.43664,37.21736],"type":"Point"},"properties":{"kind":"stop","name":"Church Street and Elm Street","stop_id":"2750434"},"type":"Feature"},{"geometry":{"coordinates":[-77.43839,37.21696],"type":"Point"},"properties":{"kind":"stop","name":"Church Street and Grigg Street","stop_id":"2750435"},"type":"Feature"},{"geometry":{"coordinates":[-77.43956,37.21664],"type":"Point"},"properties":{"kind":"stop","name":"Church Street and Summit Street","stop_id":"2750437"},"type":"Feature"},{"geometry":{"coordinates":[-77.44114,37.21621],"type":"Point"},"properties":{"kind":"stop","name":"Church Street and Spring Street","stop_id":"2750439"},"type":"Feature"},{"geometry":{"coordinates":[-77.4408,37.21508],"type":"Point"},"properties":{"kind":"stop","name":"Spring Street and Rohoic Street","stop_id":"2750440"},"type":"Feature"},{"geometry":{"coordinates":[-77.44027,37.21379],"type":"Point"},"properties":{"kind":"stop","name":"Spring Street and Ferndale Avenue","stop_id":"2750441"},"type":"Feature"},{"geometry":{"coordinates":[-77.43893,37.21442],"type":"Point"},"properties":{"kind":"stop","name":"Ferndale Avenue and Summit Street","stop_id":"2750442"},"type":"Feature"},{"geometry":{"coordinates":[-77.43852,37.21361],"type":"Point"},"properties":{"kind":"stop","name":"Summit Street and School Street","stop_id":"2750443"},"type":"Feature"},{"geometry":{"coordinates":[-77.43765,37.21153],"type":"Point"},"properties":{"kind":"stop","name":"Summit Street and Hill Street","stop_id":"2750444"},"type":"Feature"},{"geometry":{"coordinates":[-77.43684,37.21051],"type":"Point"},"properties":{"kind":"stop","name":"Dupuy Road and Summit Street (Summit Point)","stop_id":"2750445"},"type":"Feature"},{"geometry":{"coordinates":[-77.43513,37.21335],"type":"Point"},"properties":{"kind":"stop","name":"Dupuy Road and Elm Street","stop_id":"2750446"},"type":"Feature"},{"geometry":{"coordinates":[-77.43309,37.21491],"type":"Point"},"properties":{"kind":"stop","name":"Dupuy Road and Popular Road","stop_id":"2750447"},"type":"Feature"},{"geometry":{"coordinates":[-77.42798,37.21848],"type":"Point"},"properties":{"kind":"stop","name":"Ferndale Avenue and Atlantic Street","stop_id":"2750448"},"type":"Feature"},{"geometry":{"coordinates":[-77.42372,37.22006],"type":"Point"},"properties":{"kind":"stop","name":"Rome Street and Chappell Street","stop_id":"2750449"},"type":"Feature"},{"geometry":{"coordinates":[-77.42402,37.22098],"type":"Point"},"properties":{"kind":"stop","name":"Chappell Street and Wythe Street","stop_id":"2750450"},"type":"Feature"},{"geometry":{"coordinates":[-77.42257,37.22157],"type":"Point"},"properties":{"kind":"stop","name":"Wythe Street and Stiles Lane","stop_id":"2750451"},"type":"Feature"},{"geometry":{"coordinates":[-77.42047,37.22234],"type":"Point"},"properties":{"kind":"stop","name":"Wythe Street and West Street","stop_id":"2750452"},"type":"Feature"},{"geometry":{"coordinates":[-77.41741,37.22347],"type":"Point"},"properties":{"kind":"stop","name":"Wythe Street and Dunlop Street","stop_id":"2750453"},"type":"Feature"},{"geometry":{"coordinates":[-77.41529,37.22411],"type":"Point"},"properties":{"kind":"stop","name":"Wythe Street and South Street","stop_id":"2750454"},"type":"Feature"},{"geometry":{"coordinates":[-77.41296,37.22422],"type":"Point"},"properties":{"kind":"stop","name":"Wythe Street and Pine Street","stop_id":"2750455"},"type":"Feature"},{"geometry":{"coordinates":[-77.46768,37.49684],"type":"Point"},"properties":{"kind":"stop","name":"McGuire Medical Center","stop_id":"2750456"},"type":"Feature"},{"geometry":{"coordinates":[-77.43734,37.54004],"type":"Point"},"properties":{"kind":"stop","name":"7th Street and Franklin Street","stop_id":"2750457"},"type":"Feature"},{"geometry":{"coordinates":[-77.43131,37.54049],"type":"Point"},"properties":{"kind":"stop","name":"11th Street and Marshall Street (VCU Medical Center)","stop_id":"2750460"},"type":"Feature"},{"geometry":{"coordinates":[-77.40641,37.22128],"type":"Point"},"properties":{"kind":"stop","name":"Harding Street and Maple Lane","stop_id":"2750490"},"type":"Feature"},{"geometry":{"coordinates":[-77.40547,37.21861],"type":"Point"},"properties":{"kind":"stop","name":"Harding Street and Ross Court","stop_id":"2750491"},"type":"Feature"},{"geometry":{"coordinates":[-77.40482,37.21672],"type":"Point"},"properties":{"kind":"stop","name":"Harding Street and Mistletoe Street","stop_id":"2750492"},"type":"Feature"},{"geometry":{"coordinates":[-77.40415,37.21549],"type":"Point"},"properties":{"kind":"stop","name":"Shore Street and Harding Street","stop_id":"2750493"},"type":"Feature"},{"geometry":{"coordinates":[-77.40251,37.21492],"type":"Point"},"properties":{"kind":"stop","name":"St Matthew Street and Diamond Street","stop_id":"2750494"},"type":"Feature"},{"geometry":{"coordinates":[-77.40238,37.21326],"type":"Point"},"properties":{"kind":"stop","name":"Diamond Street and Saint Mark Street","stop_id":"2750495"},"type":"Feature"},{"geometry":{"coordinates":[-77.40428,37.21292],"type":"Point"},"properties":{"kind":"stop","name":"St Mark Street and High Pearl Street","stop_id":"2750496"},"type":"Feature"},{"geometry":{"coordinates":[-77.40431,37.21371],"type":"Point"},"properties":{"kind":"stop","name":"High Pearl Street and Virginia Avenue","stop_id":"2750497"},"type":"Feature"},{"geometry":{"coordinates":[-77.40687,37.21354],"type":"Point"},"properties":{"kind":"stop","name":"Virginia Avenue and Bolling Street","stop_id":"2750498"},"type":"Feature"},{"geometry":{"coordinates":[-77.40935,37.21315],"type":"Point"},"properties":{"kind":"stop","name":"Virginia Avenue and Melville Street","stop_id":"2750501"},"type":"Feature"},{"geometry":{"coordinates":[-77.40943,37.21129],"type":"Point"},"properties":{"kind":"stop","name":"Melville Street and Court Street","stop_id":"2750504"},"type":"Feature"},{"geometry":{"coordinates":[-77.40809,37.21123],"type":"Point"},"properties":{"kind":"stop","name":"North Carolina Avenue and Saint James Street","stop_id":"2750505"},"type":"Feature"},{"geometry":{"coordinates":[-77.4068,37.21143],"type":"Point"},"properties":{"kind":"stop","name":"North Carolina Avenue and Bolling Street","stop_id":"2750506"},"type":"Feature"},{"geometry":{"coordinates":[-77.40445,37.21177],"type":"Point"},"properties":{"kind":"stop","name":"North Carolina Avenue and High Pearl Street","stop_id":"2750507"},"type":"Feature"},{"geometry":{"coordinates":[-77.40509,37.21785],"type":"Point"},"properties":{"kind":"stop","name":"Harding Street and New Street","stop_id":"2750508"},"type":"Feature"},{"geometry":{"coordinates":[-77.40374,37.21925],"type":"Point"},"properties":{"kind":"stop","name":"Byrne Street and New Street","stop_id":"2750509"},"type":"Feature"},{"geometry":{"coordinates":[-77.4042,37.22052],"type":"Point"},"properties":{"kind":"stop","name":"Byrne Street and Maple Lane","stop_id":"2750510"},"type":"Feature"},{"geometry":{"coordinates":[-77.40488,37.22244],"type":"Point"},"properties":{"kind":"stop","name":"Byrne Street and Liberty Street","stop_id":"2750511"},"type":"Feature"},{"geometry":{"coordinates":[-77.39731,37.18799],"type":"Point"},"properties":{"kind":"stop","name":"Petersburg High School","stop_id":"2750512"},"type":"Feature"},{"geometry":{"coordinates":[-77.36252,37.21426],"type":"Point"},"properties":{"kind":"stop","name":"County Drive and Jamestown Drive (California Inn)","stop_id":"4247461"},"type":"Feature"},{"geometry":{"coordinates":[-77.35953,37.18308],"type":"Point"},"properties":{"kind":"stop","name":"Bon Secours/ Southside Regional Medical Center","stop_id":"4247462"},"type":"Feature"},{"geometry":{"coordinates":[-77.40398,37.15758],"type":"Point"},"properties":{"kind":"stop","name":"Richard Bland College","stop_id":"4247465"},"type":"Feature"},{"geometry":{"coordinates":[-77.37637,37.18952],"type":"Point"},"properties":{"kind":"stop","name":"Flank Road Nursing Facility","stop_id":"4247466"},"type":"Feature"},{"geometry":{"coordinates":[-77.35228,37.17368],"type":"Point"},"properties":{"kind":"stop","name":"Social Services","stop_id":"4247467"},"type":"Feature"},{"geometry":{"coordinates":[-77.36634,37.18879],"type":"Point"},"properties":{"kind":"stop","name":"DMV","stop_id":"4247468"},"type":"Feature"},{"geometry":{"coordinates":[-77.37076,37.19187],"type":"Point"},"properties":{"kind":"stop","name":"Cavalier Senior Apartments Building 1","stop_id":"4247470"},"type":"Feature"},{"geometry":{"coordinates":[-77.41864,37.23538],"type":"Point"},"properties":{"kind":"stop","name":"Virginia State & Dining Hall","stop_id":"4247491"},"type":"Feature"},{"geometry":{"coordinates":[-77.40247,37.23409],"type":"Point"},"properties":{"kind":"stop","name":"Petersburg Union Station","stop_id":"4247493"},"type":"Feature"},{"geometry":{"coordinates":[-77.37814,37.20184],"type":"Point"},"properties":{"kind":"stop","name":"Q Beauty Morton Street","stop_id":"4247494"},"type":"Feature"},{"geometry":{"coordinates":[-77.43194,37.20858],"type":"Point"},"properties":{"kind":"stop","name":"Greenwood Farms","stop_id":"4247496"},"type":"Feature"},{"geometry":{"coordinates":[-77.37954,37.2026],"type":"Point"},"properties":{"kind":"stop","name":"McDonald's","stop_id":"4247497"},"type":"Feature"},{"geometry":{"coordinates":[-77.48744,37.18344],"type":"Point"},"properties":{"kind":"stop","name":"Airport Street","stop_id":"4247498"},"type":"Feature"},{"geometry":{"coordinates":[-77.46823,37.19507],"type":"Point"},"properties":{"kind":"stop","name":"Dollar General & Waffle House","stop_id":"4247499"},"type":"Feature"},{"geometry":{"coordinates":[-77.36527,37.18127],"type":"Point"},"properties":{"kind":"stop","name":"S Crater Road and Medical Park Blvd (Bojangles and LabCorp)","stop_id":"4247501"},"type":"Feature"},{"geometry":{"coordinates":[-77.36487,37.25539],"type":"Point"},"properties":{"kind":"stop","name":"Puddledock Rd Denmark Apartments","stop_id":"4247502"},"type":"Feature"},{"geometry":{"coordinates":[-77.35861,37.14687],"type":"Point"},"properties":{"kind":"stop","name":"Holiday Inn and Hampton Inn","stop_id":"4247503"},"type":"Feature"},{"geometry":{"coordinates":[-77.41299,37.23163],"type":"Point"},"properties":{"kind":"stop","name":"Grove Avenue and Cross Street (Eastbound)","stop_id":"4248853"},"type":"Feature"},{"geometry":{"coordinates":[-77.41042,37.23215],"type":"Point"},"properties":{"kind":"stop","name":"Grove Avenue and Browns Aly (Eastbound) Virginia Concrete","stop_id":"4248854"},"type":"Feature"},{"geometry":{"coordinates":[-77.40564,37.22991],"type":"Point"},"properties":{"kind":"stop","name":"West Tabb Street and Union Street City Hall","stop_id":"4248855"},"type":"Feature"},{"geometry":{"coordinates":[-77.40464,37.22685],"type":"Point"},"properties":{"kind":"stop","name":"Petersburg Station and Union Street (Greyhound Entrance)","stop_id":"4248856"},"type":"Feature"},{"geometry":{"coordinates":[-77.38052,37.2023],"type":"Point"},"properties":{"kind":"stop","name":"Walnut Blvd and S Crater Road (Food Lion and CVS)","stop_id":"4248857"},"type":"Feature"},{"geometry":{"coordinates":[-77.3642,37.18248],"type":"Point"},"properties":{"kind":"stop","name":"Bon Secours Medical Center/ Ollies Department Store at Pine Hill Plaza","stop_id":"4248858"},"type":"Feature"},{"geometry":{"coordinates":[-77.36232,37.17686],"type":"Point"},"properties":{"kind":"stop","name":"South Crater Road and Lakewood Drive Thacker Ace Hardware","stop_id":"4248859"},"type":"Feature"},{"geometry":{"coordinates":[-77.36955,37.1875],"type":"Point"},"properties":{"kind":"stop","name":"South Crater Rd and Wagner Road CHKD Thrift Store","stop_id":"4248880"},"type":"Feature"},{"geometry":{"coordinates":[-77.36432,37.21484],"type":"Point"},"properties":{"kind":"stop","name":"County Drive and Spring Garden (MHP)","stop_id":"4248881"},"type":"Feature"},{"geometry":{"coordinates":[-77.36786,37.21576],"type":"Point"},"properties":{"kind":"stop","name":"County Drive and Sunset MHP","stop_id":"4248882"},"type":"Feature"},{"geometry":{"coordinates":[-77.35669,37.21255],"type":"Point"},"properties":{"kind":"stop","name":"County Drive and Harrison Creek Blvd. AAA Storage","stop_id":"4248883"},"type":"Feature"},{"geometry":{"coordinates":[-77.34611,37.20911],"type":"Point"},"properties":{"kind":"stop","name":"County Drive and Baxter Road (County Line Apartments)","stop_id":"4248884"},"type":"Feature"},{"geometry":{"coordinates":[-77.42504,37.20211],"type":"Point"},"properties":{"kind":"stop","name":"Boydton Plank and Youngs Rd at Family Dollar (Southbound)","stop_id":"4248885"},"type":"Feature"},{"geometry":{"coordinates":[-77.42491,37.20205],"type":"Point"},"properties":{"kind":"stop","name":"Boydton Plank Road and Youngs Road at Family Dollar (Northbound)","stop_id":"4248886"},"type":"Feature"},{"geometry":{"coordinates":[-77.46093,37.20357],"type":"Point"},"properties":{"kind":"stop","name":"Boydton Plank Rd and Simmons Avenue (BP Service Station)","stop_id":"4248887"},"type":"Feature"},{"geometry":{"coordinates":[-77.46745,37.19626],"type":"Point"},"properties":{"kind":"stop","name":"Boydton Plank Road and Ritchie Avenue (Taco Bell/ KFC)","stop_id":"4248888"},"type":"Feature"},{"geometry":{"coordinates":[-77.44021,37.21819],"type":"Point"},"properties":{"kind":"stop","name":"Washington Street Mill Road","stop_id":"4248889"},"type":"Feature"},{"geometry":{"coordinates":[-77.36852,37.18553],"type":"Point"},"properties":{"kind":"stop","name":"South Crater Road and Seyler Drive Taco Bell/ Walgreens (Southbound)","stop_id":"4248890"},"type":"Feature"},{"geometry":{"coordinates":[-77.36697,37.18325],"type":"Point"},"properties":{"kind":"stop","name":"South Crater Road and South Crater Square","stop_id":"4248891"},"type":"Feature"},{"geometry":{"coordinates":[-77.36661,37.17932],"type":"Point"},"properties":{"kind":"stop","name":"South Crater Road Walmart","stop_id":"4248893"},"type":"Feature"},{"geometry":{"coordinates":[-77.35229,37.1732],"type":"Point"},"properties":{"kind":"stop","name":"City of Petersburg Human Resources and Social Services","stop_id":"4248894"},"type":"Feature"},{"geometry":{"coordinates":[-77.33289,37.20019],"type":"Point"},"properties":{"kind":"stop","name":"Wagner Way and Courthouse Road- McDonalds","stop_id":"4248895"},"type":"Feature"},{"geometry":{"coordinates":[-77.35698,37.21236],"type":"Point"},"properties":{"kind":"stop","name":"County Drive and Harrison Creek Blvd (ACQUA Apartments)","stop_id":"4248896"},"type":"Feature"},{"geometry":{"coordinates":[-77.32599,37.25697],"type":"Point"},"properties":{"kind":"stop","name":"Crossings Blvd (Health Department)","stop_id":"4248925"},"type":"Feature"},{"geometry":{"coordinates":[-77.29473,37.28097],"type":"Point"},"properties":{"kind":"stop","name":"Arlington and Pine Avenue","stop_id":"4248926"},"type":"Feature"},{"geometry":{"coordinates":[-77.29508,37.28349],"type":"Point"},"properties":{"kind":"stop","name":"Arlington and Dublin Street (Friendship Baptist Church)","stop_id":"4248927"},"type":"Feature"},{"geometry":{"coordinates":[-77.29668,37.28666],"type":"Point"},"properties":{"kind":"stop","name":"1011 Arlington Road","stop_id":"4248928"},"type":"Feature"},{"geometry":{"coordinates":[-77.34,37.20594],"type":"Point"},"properties":{"kind":"stop","name":"Pinetree Drive (Pinetree Apartments)","stop_id":"4248929"},"type":"Feature"},{"geometry":{"coordinates":[-77.47327,37.19111],"type":"Point"},"properties":{"kind":"stop","name":"Boydton Plank Road and Hofheimer Way (Northbound)","stop_id":"4248930"},"type":"Feature"},{"geometry":{"coordinates":[-77.48661,37.18425],"type":"Point"},"properties":{"kind":"stop","name":"Hospitality Lane and Boydton Plank Road","stop_id":"4248931"},"type":"Feature"},{"geometry":{"coordinates":[-77.47238,37.19219],"type":"Point"},"properties":{"kind":"stop","name":"Boydton Plank Road and Hofheimer Way (Produce Center)","stop_id":"4248932"},"type":"Feature"},{"geometry":{"coordinates":[-77.37949,37.18466],"type":"Point"},"properties":{"kind":"stop","name":"Flank Road at Spring Oak Nursing Home","stop_id":"4248933"},"type":"Feature"},{"geometry":{"coordinates":[-77.29368,37.30358],"type":"Point"},"properties":{"kind":"stop","name":"Broadway and North 7th Avenue (Randolph Market)","stop_id":"4248934"},"type":"Feature"},{"geometry":{"coordinates":[-77.29857,37.29658],"type":"Point"},"properties":{"kind":"stop","name":"15th and Atlantic Street (West End School)","stop_id":"4248935"},"type":"Feature"},{"geometry":{"coordinates":[-77.29925,37.28702],"type":"Point"},"properties":{"kind":"stop","name":"Oaklawn Blvd and 15th Avenue (Brooks Carwash)","stop_id":"4248936"},"type":"Feature"},{"geometry":{"coordinates":[-77.3097,37.2791],"type":"Point"},"properties":{"kind":"stop","name":"Oaklawn Blvd Blackstone Avenue (Northbound)","stop_id":"4248937"},"type":"Feature"},{"geometry":{"coordinates":[-77.3142,37.27529],"type":"Point"},"properties":{"kind":"stop","name":"Woodlawn Street and Dinwiddie Street","stop_id":"4248938"},"type":"Feature"},{"geometry":{"coordinates":[-77.31268,37.29117],"type":"Point"},"properties":{"kind":"stop","name":"S Mesa and Bluefield Street","stop_id":"4248939"},"type":"Feature"},{"geometry":{"coordinates":[-77.32233,37.27157],"type":"Point"},"properties":{"kind":"stop","name":"Perrymount Road and Glouster Street","stop_id":"4248940"},"type":"Feature"},{"geometry":{"coordinates":[-77.32481,37.26316],"type":"Point"},"properties":{"kind":"stop","name":"Cousins Avenue and Plaza Drive at Waffle House","stop_id":"4248941"},"type":"Feature"},{"geometry":{"coordinates":[-77.38085,37.20354],"type":"Point"},"properties":{"kind":"stop","name":"South Crater Road at Walnut Hill Plaza (Family Dollar/Plasma Center)","stop_id":"4248942"},"type":"Feature"},{"geometry":{"coordinates":[-77.43087,37.21095],"type":"Point"},"properties":{"kind":"stop","name":"Pleasants Lane and Beech Street","stop_id":"4248943"},"type":"Feature"},{"geometry":{"coordinates":[-77.448,37.20929],"type":"Point"},"properties":{"kind":"stop","name":"7th Avenue Central State Forensics","stop_id":"4248944"},"type":"Feature"},{"geometry":{"coordinates":[-77.39295,37.24138],"type":"Point"},"properties":{"kind":"stop","name":"E Roslyn Court Bon Secours (Emergency Care)","stop_id":"4248945"},"type":"Feature"},{"geometry":{"coordinates":[-77.36737,37.24983],"type":"Point"},"properties":{"kind":"stop","name":"Colonial Xing Drive and Puddledock Road (Labcorps)","stop_id":"4248946"},"type":"Feature"},{"geometry":{"coordinates":[-77.36623,37.24867],"type":"Point"},"properties":{"kind":"stop","name":"Waterside Drive at Lowes","stop_id":"4248947"},"type":"Feature"},{"geometry":{"coordinates":[-77.36973,37.1928],"type":"Point"},"properties":{"kind":"stop","name":"Cavalier Apartments Bldg. 2","stop_id":"4248948"},"type":"Feature"},{"geometry":{"coordinates":[-77.40703,37.2142],"type":"Point"},"properties":{"kind":"stop","name":"St. Matthews and Bolling Street","stop_id":"4248949"},"type":"Feature"},{"geometry":{"coordinates":[-77.42704,37.20906],"type":"Point"},"properties":{"kind":"stop","name":"Valor Drive and Youngs Road","stop_id":"4248950"},"type":"Feature"},{"geometry":{"coordinates":[-77.38132,37.23675],"type":"Point"},"properties":{"kind":"stop","name":"E Washington and 1250 E Washington","stop_id":"4248951"},"type":"Feature"},{"geometry":{"coordinates":[-77.37518,37.23391],"type":"Point"},"properties":{"kind":"stop","name":"Culpepper and Pin Oaks","stop_id":"4248952"},"type":"Feature"},{"geometry":{"coordinates":[-77.35116,37.24404],"type":"Point"},"properties":{"kind":"stop","name":"Oaklawn Blvd and Gregg Adams Gate-FORT GREGG ADAMS","stop_id":"4248953"},"type":"Feature"},{"geometry":{"coordinates":[-77.36748,37.23961],"type":"Point"},"properties":{"kind":"stop","name":"E Washington Street and Nansemond Street Muslim Center and Dollar General","stop_id":"4248954"},"type":"Feature"},{"geometry":{"coordinates":[-77.39227,37.23367],"type":"Point"},"properties":{"kind":"stop","name":"Bank Street and N Old Church Street","stop_id":"4248955"},"type":"Feature"},{"geometry":{"coordinates":[-77.3924,37.23088],"type":"Point"},"properties":{"kind":"stop","name":"N Crater Road and E Washington Street Marathon Station","stop_id":"4248956"},"type":"Feature"},{"geometry":{"coordinates":[-77.36669,37.18341],"type":"Point"},"properties":{"kind":"stop","name":"Pine Hill Plaza","stop_id":"4248957"},"type":"Feature"},{"geometry":{"coordinates":[-77.41706,37.22353],"type":"Point"},"properties":{"kind":"stop","name":"Dunlop Street and Wythe Street","stop_id":"4248958"},"type":"Feature"},{"geometry":{"coordinates":[-77.42631,37.20446],"type":"Point"},"properties":{"kind":"stop","name":"Youngs Road and Halcon Drive (Northbound) Zion Memorial","stop_id":"4248959"},"type":"Feature"},{"geometry":{"coordinates":[-77.43135,37.21582],"type":"Point"},"properties":{"kind":"stop","name":"Pleasants Road and Dupuy Road Transfer Location","stop_id":"4248960"},"type":"Feature"},{"geometry":{"coordinates":[-77.43116,37.21357],"type":"Point"},"properties":{"kind":"stop","name":"Pleasant Lane Elementary School","stop_id":"4248961"},"type":"Feature"},{"geometry":{"coordinates":[-77.46859,37.19501],"type":"Point"},"properties":{"kind":"stop","name":"Boydton Plank Road and Weakley Road (Burger King)","stop_id":"4248962"},"type":"Feature"},{"geometry":{"coordinates":[-77.42449,37.21884],"type":"Point"},"properties":{"kind":"stop","name":"Farmer Street and W.K McLaughlin Lane","stop_id":"4248963"},"type":"Feature"},{"geometry":{"coordinates":[-77.41433,37.22266],"type":"Point"},"properties":{"kind":"stop","name":"S South Street and Farmer Street","stop_id":"4248964"},"type":"Feature"},{"geometry":{"coordinates":[-77.39058,37.24186],"type":"Point"},"properties":{"kind":"stop","name":"E Roslyn Court and E Roslyn Road Discount Tires (Southbound)","stop_id":"4248965"},"type":"Feature"},{"geometry":{"coordinates":[-77.367,37.25473],"type":"Point"},"properties":{"kind":"stop","name":"Anne Terrace and Denmark Square Puddledock Place Apartments","stop_id":"4248966"},"type":"Feature"},{"geometry":{"coordinates":[-77.38867,37.25637],"type":"Point"},"properties":{"kind":"stop","name":"Temple Avenue at Marshalls","stop_id":"4248967"},"type":"Feature"},{"geometry":{"coordinates":[-77.38966,37.24371],"type":"Point"},"properties":{"kind":"stop","name":"South Avenue and Comfort Inn Suites","stop_id":"4248968"},"type":"Feature"},{"geometry":{"coordinates":[-77.38851,37.24253],"type":"Point"},"properties":{"kind":"stop","name":"E Roslyn Road and Holiday Inn (Northbound)","stop_id":"4248969"},"type":"Feature"},{"geometry":{"coordinates":[-77.43143,37.21589],"type":"Point"},"properties":{"kind":"stop","name":"Dupuy Road and Pleasants Lane Transfer Location","stop_id":"4248970"},"type":"Feature"},{"geometry":{"coordinates":[-77.43276,37.21957],"type":"Point"},"properties":{"kind":"stop","name":"W Washington Street and Grayson Street","stop_id":"4248971"},"type":"Feature"},{"geometry":{"coordinates":[-77.44052,37.21789],"type":"Point"},"properties":{"kind":"stop","name":"W Washington Street and Summit Street","stop_id":"4248973"},"type":"Feature"},{"geometry":{"coordinates":[-77.44672,37.21673],"type":"Point"},"properties":{"kind":"stop","name":"W Washington and Rawlings Lane","stop_id":"4248974"},"type":"Feature"},{"geometry":{"coordinates":[-77.45415,37.20395],"type":"Point"},"properties":{"kind":"stop","name":"Albermarle Street and 7th Avenue","stop_id":"4248975"},"type":"Feature"},{"geometry":{"coordinates":[-77.45687,37.21236],"type":"Point"},"properties":{"kind":"stop","name":"Boydton Plank Road and Westgate Drive (Food Lion)","stop_id":"4248976"},"type":"Feature"},{"geometry":{"coordinates":[-77.45337,37.21525],"type":"Point"},"properties":{"kind":"stop","name":"Washington Street and Boydton Plank Road (Oreily's)","stop_id":"4248977"},"type":"Feature"},{"geometry":{"coordinates":[-77.43708,37.21877],"type":"Point"},"properties":{"kind":"stop","name":"Washington Street and Elm Street","stop_id":"4248978"},"type":"Feature"},{"geometry":{"coordinates":[-77.43279,37.21982],"type":"Point"},"properties":{"kind":"stop","name":"W Washington and Armada Avenue","stop_id":"4248979"},"type":"Feature"},{"geometry":{"coordinates":[-77.41467,37.2085],"type":"Point"},"properties":{"kind":"stop","name":"Halifax Street and Cool Springs Drive (Northbound)","stop_id":"4248980"},"type":"Feature"},{"geometry":{"coordinates":[-77.42067,37.20882],"type":"Point"},"properties":{"kind":"stop","name":"Lincoln Street and Patterson Street","stop_id":"4248981"},"type":"Feature"},{"geometry":{"coordinates":[-77.41203,37.21106],"type":"Point"},"properties":{"kind":"stop","name":"Halifax Street and Arlington Street","stop_id":"4248982"},"type":"Feature"},{"geometry":{"coordinates":[-77.41234,37.21065],"type":"Point"},"properties":{"kind":"stop","name":"Halifax and Baylors Ln J's Store","stop_id":"4248983"},"type":"Feature"},{"geometry":{"coordinates":[-77.4068,37.21256],"type":"Point"},"properties":{"kind":"stop","name":"St Marks Street and Bolling Street","stop_id":"4248985"},"type":"Feature"},{"geometry":{"coordinates":[-77.36936,37.25024],"type":"Point"},"properties":{"kind":"stop","name":"Sheetz","stop_id":"4248992"},"type":"Feature"},{"geometry":{"coordinates":[-77.43282,37.54005],"type":"Point"},"properties":{"kind":"stop","name":"11th St & Broad St","stop_id":"4248993"},"type":"Feature"},{"geometry":{"coordinates":[-77.46048,37.20447],"type":"Point"},"properties":{"kind":"stop","name":"McDonald's","stop_id":"4248995"},"type":"Feature"},{"geometry":{"coordinates":[-77.33024,37.20186],"type":"Point"},"properties":{"kind":"stop","name":"PG County Courthouse","stop_id":"4248998"},"type":"Feature"},{"geometry":{"coordinates":[-77.28784,37.16182],"type":"Point"},"properties":{"kind":"stop","name":"Food Lion Distribution","stop_id":"4248999"},"type":"Feature"},{"geometry":{"coordinates":[-77.2765,37.15408],"type":"Point"},"properties":{"kind":"stop","name":"Standard Motors","stop_id":"4249000"},"type":"Feature"},{"geometry":{"coordinates":[-77.31198,37.19696],"type":"Point"},"properties":{"kind":"stop","name":"Perdue Farms","stop_id":"4249001"},"type":"Feature"},{"geometry":{"coordinates":[-77.27747,37.20197],"type":"Point"},"properties":{"kind":"stop","name":"Amazon","stop_id":"4249002"},"type":"Feature"},{"geometry":{"coordinates":[-77.29612,37.20802],"type":"Point"},"properties":{"kind":"stop","name":"Goya Foods","stop_id":"4249003"},"type":"Feature"},{"geometry":{"coordinates":[-77.40708,37.23267],"type":"Point"},"properties":{"kind":"stop","name":"W Old St and N Market Street Carraige House Apartments","stop_id":"4249005"},"type":"Feature"},{"geometry":{"coordinates":[-77.42753,37.24029],"type":"Point"},"properties":{"kind":"stop","name":"Granger and 2nd Ave at VSU multipurpose center","stop_id":"4249006"},"type":"Feature"},{"geometry":{"coordinates":[-77.40942,37.24997],"type":"Point"},"properties":{"kind":"stop","name":"E Westover and Hill Place","stop_id":"4249007"},"type":"Feature"},{"geometry":{"coordinates":[-77.41396,37.22253],"type":"Point"},"properties":{"kind":"stop","name":"South Street and Farmer St","stop_id":"4249008"},"type":"Feature"},{"geometry":{"coordinates":[-77.42491,37.2024],"type":"Point"},"properties":{"kind":"stop","name":"Boydton Plank Road and Youngs Road at Family Dollar/Aubrey Apts","stop_id":"4251982"},"type":"Feature"},{"geometry":{"coordinates":[-77.42174,37.24315],"type":"Point"},"properties":{"kind":"stop","name":"E River Road and Matthews Jefferson Dive (VSU Main Entrance)","stop_id":"4251984"},"type":"Feature"},{"geometry":{"coordinates":[-77.38785,37.20226],"type":"Point"},"properties":{"kind":"stop","name":"South Blvd and Arch Street Southbound","stop_id":"4251987"},"type":"Feature"},{"geometry":{"coordinates":[-77.45196,37.21562],"type":"Point"},"properties":{"kind":"stop","name":"Washington Street and Boydton Plank Road (Dominion)","stop_id":"4251988"},"type":"Feature"},{"geometry":{"coordinates":[-77.3563,37.24319],"type":"Point"},"properties":{"kind":"stop","name":"Petersburg National Battlefield Park","stop_id":"4254456"},"type":"Feature"},{"geometry":{"coordinates":[-77.34751,37.24336],"type":"Point"},"properties":{"kind":"stop","name":"Fort-Lee Enclave (Museum)","stop_id":"4256931"},"type":"Feature"},{"geometry":{"coordinates":[-77.37343,37.20048],"type":"Point"},"properties":{"kind":"stop","name":"Holly Hill Drive and Newport Ave.","stop_id":"4256933"},"type":"Feature"},{"geometry":{"coordinates":[-77.37122,37.20137],"type":"Point"},"properties":{"kind":"stop","name":"Holly Hill Drive and Crestwood Ave.","stop_id":"4256934"},"type":"Feature"},{"geometry":{"coordinates":[-77.36772,37.19918],"type":"Point"},"properties":{"kind":"stop","name":"Glendale Avenue and Deerfield Drive","stop_id":"4256935"},"type":"Feature"},{"geometry":{"coordinates":[-77.37091,37.19887],"type":"Point"},"properties":{"kind":"stop","name":"Deerfield Drive and Crestwood Ave. (Oakhurst Sub-division)","stop_id":"4256936"},"type":"Feature"},{"geometry":{"coordinates":[-77.37565,37.19959],"type":"Point"},"properties":{"kind":"stop","name":"Deerfield Drive and Holly Hill Drive","stop_id":"4256937"},"type":"Feature"},{"geometry":{"coordinates":[-77.38057,37.20591],"type":"Point"},"properties":{"kind":"stop","name":"East South Blvd. at Walnut Hill Baptist Church","stop_id":"4256938"},"type":"Feature"},{"geometry":{"coordinates":[-77.37295,37.20943],"type":"Point"},"properties":{"kind":"stop","name":"East South Boulevard at Walton Street","stop_id":"4256939"},"type":"Feature"},{"geometry":{"coordinates":[-77.3715,37.20799],"type":"Point"},"properties":{"kind":"stop","name":"Walton Street and E Beauregard Ave.","stop_id":"4256940"},"type":"Feature"},{"geometry":{"coordinates":[-77.3741,37.20447],"type":"Point"},"properties":{"kind":"stop","name":"Morton Avenue and Bishop St.","stop_id":"4256941"},"type":"Feature"},{"geometry":{"coordinates":[-77.37861,37.20156],"type":"Point"},"properties":{"kind":"stop","name":"Morton Avenue and South Crater Road","stop_id":"4256942"},"type":"Feature"},{"geometry":{"coordinates":[-77.39961,37.15741],"type":"Point"},"properties":{"kind":"stop","name":"Richard Bland 1","stop_id":"4258456"},"type":"Feature"},{"geometry":{"coordinates":[-77.38974,37.24387],"type":"Point"},"properties":{"kind":"stop","name":"South Avenue (Evening only)","stop_id":"4258458"},"type":"Feature"},{"geometry":{"coordinates":[-77.42707,37.20938],"type":"Point"},"properties":{"kind":"stop","name":"Youngs Rd and Valor Dr (Evenings Only)","stop_id":"4258459"},"type":"Feature"},{"geometry":{"coordinates":[-77.42649,37.2046],"type":"Point"},"properties":{"kind":"stop","name":"Youngs Road and Halcun Dr (Evenings Only)","stop_id":"4258460"},"type":"Feature"},{"geometry":{"coordinates":[-77.4133,37.21909],"type":"Point"},"properties":{"kind":"stop","name":"Lee Avenue and South Street (Evenings Only)","stop_id":"4258461"},"type":"Feature"},{"geometry":{"coordinates":[-77.41396,37.22244],"type":"Point"},"properties":{"kind":"stop","name":"South St and Farmer St (Evenings Only)","stop_id":"4258462"},"type":"Feature"},{"geometry":{"coordinates":[-77.38603,37.23507],"type":"Point"},"properties":{"kind":"stop","name":"E Washington and E Bank St (Evening Service Only","stop_id":"4258463"},"type":"Feature"},{"geometry":{"coordinates":[-77.377,37.23785],"type":"Point"},"properties":{"kind":"stop","name":"E Washington and Slagle (Evening Service Only)","stop_id":"4258464"},"type":"Feature"},{"geometry":{"coordinates":[-77.36769,37.23928],"type":"Point"},"properties":{"kind":"stop","name":"Washington and Nash Street (Evening Service Only)","stop_id":"4258465"},"type":"Feature"},{"geometry":{"coordinates":[-77.34891,37.19079],"type":"Point"},"properties":{"kind":"stop","name":"Wagner and Normandy Dr (Evening Service Only)","stop_id":"4258467"},"type":"Feature"},{"geometry":{"coordinates":[-77.34119,37.20699],"type":"Point"},"properties":{"kind":"stop","name":"County Drive and Travis Ln (Evening Service Only)","stop_id":"4258468"},"type":"Feature"},{"geometry":{"coordinates":[-77.3703,37.20685],"type":"Point"},"properties":{"kind":"stop","name":"Walton Street and Morton Avenue","stop_id":"4258469"},"type":"Feature"},{"geometry":{"coordinates":[-77.40752,37.34706],"type":"Point"},"properties":{"kind":"stop","name":"Brightpoint Community College","stop_id":"4258470"},"type":"Feature"},{"geometry":{"coordinates":[-77.40244,37.23182],"type":"Point"},"properties":{"kind":"stop","name":"Adams St\u00a0and\u00a0E Bank St","stop_id":"4258537"},"type":"Feature"},{"geometry":{"coordinates":[-77.4085,37.24276],"type":"Point"},"properties":{"kind":"stop","name":"Boulevard and Laffayette","stop_id":"4258538"},"type":"Feature"},{"geometry":{"coordinates":[-77.40996,37.24547],"type":"Point"},"properties":{"kind":"stop","name":"Boulevard at Pickwick","stop_id":"4258539"},"type":"Feature"},{"geometry":{"coordinates":[-77.41088,37.25266],"type":"Point"},"properties":{"kind":"stop","name":"Boulevard at Lyons Ave NB","stop_id":"4258540"},"type":"Feature"},{"geometry":{"coordinates":[-77.41111,37.25642],"type":"Point"},"properties":{"kind":"stop","name":"Boulevard and A Avenue NB","stop_id":"4258541"},"type":"Feature"},{"geometry":{"coordinates":[-77.4118,37.27179],"type":"Point"},"properties":{"kind":"stop","name":"Ellerslie and Colonial Square NB","stop_id":"4258542"},"type":"Feature"},{"geometry":{"coordinates":[-77.40864,37.30771],"type":"Point"},"properties":{"kind":"stop","name":"Happy Hill Rd NB","stop_id":"4258543"},"type":"Feature"},{"geometry":{"coordinates":[-77.40727,37.31716],"type":"Point"},"properties":{"kind":"stop","name":"Mangowood Drive","stop_id":"4258544"},"type":"Feature"},{"geometry":{"coordinates":[-77.40753,37.33394],"type":"Point"},"properties":{"kind":"stop","name":"Greenleigh MHP","stop_id":"4258545"},"type":"Feature"},{"geometry":{"coordinates":[-77.40915,37.34998],"type":"Point"},"properties":{"kind":"stop","name":"Target","stop_id":"4258546"},"type":"Feature"},{"geometry":{"coordinates":[-77.40849,37.34785],"type":"Point"},"properties":{"kind":"stop","name":"Brightpoint College","stop_id":"4258547"},"type":"Feature"},{"geometry":{"coordinates":[-77.46963,37.49773],"type":"Point"},"properties":{"kind":"stop","name":"McGuire Medical Center","stop_id":"4258548"},"type":"Feature"},{"geometry":{"coordinates":[-77.41269,37.35078],"type":"Point"},"properties":{"kind":"stop","name":"Breckenridge","stop_id":"4258549"},"type":"Feature"},{"geometry":{"coordinates":[-77.40792,37.33329],"type":"Point"},"properties":{"kind":"stop","name":"Laketree Drive","stop_id":"4258550"},"type":"Feature"},{"geometry":{"coordinates":[-77.40757,37.31756],"type":"Point"},"properties":{"kind":"stop","name":"Colonial Ridge Apartments","stop_id":"4258551"},"type":"Feature"},{"geometry":{"coordinates":[-77.4088,37.30982],"type":"Point"},"properties":{"kind":"stop","name":"Port Walthall Food Lion","stop_id":"4258552"},"type":"Feature"},{"geometry":{"coordinates":[-77.40915,37.305],"type":"Point"},"properties":{"kind":"stop","name":"Woods Edge","stop_id":"4258553"},"type":"Feature"},{"geometry":{"coordinates":[-77.41196,37.26782],"type":"Point"},"properties":{"kind":"stop","name":"Colonial Square SB","stop_id":"4258554"},"type":"Feature"},{"geometry":{"coordinates":[-77.41135,37.25615],"type":"Point"},"properties":{"kind":"stop","name":"Boulevard and A Avenue SB","stop_id":"4258555"},"type":"Feature"},{"geometry":{"coordinates":[-77.41115,37.25274],"type":"Point"},"properties":{"kind":"stop","name":"Boulevard and Lyons Ave SB","stop_id":"4258556"},"type":"Feature"},{"geometry":{"coordinates":[-77.41029,37.24578],"type":"Point"},"properties":{"kind":"stop","name":"Boulevard and Pickwick Ave SB","stop_id":"4258557"},"type":"Feature"},{"geometry":{"coordinates":[-77.40848,37.24249],"type":"Point"},"properties":{"kind":"stop","name":"Boulevard and Lafayette Ave SB","stop_id":"4258558"},"type":"Feature"},{"geometry":{"coordinates":[-77.40248,37.23145],"type":"Point"},"properties":{"kind":"stop","name":"Adams St and Henry St","stop_id":"4258559"},"type":"Feature"},{"geometry":{"coordinates":[-77.38896,37.23503],"type":"Point"},"properties":{"kind":"stop","name":"Virginia Linen","stop_id":"4259371"},"type":"Feature"}],"type":"FeatureCollection"}
