agency_id,agency_name,grade,score,checked,expiry_status,days_until_expiry,needs_attention,attention_reason,top_fix,shapes_txt_status
10-15-transit,10-15 Transit,D,64.8,2026-08-07,expiring_soon,25,yes,Service data expires in 25 day(s),Re-export with a validity window that reaches at least 60 days out.,ready
128-business-council,128 Business Council,F,39.1,2026-08-07,stale,-2775,yes,Service data has expired,"Re-export the feed with a calendar that reaches further out, and set feed_info feed_end_date past your next service change.",ready
81-connection-citygo-kanconnect,"81 Connection, CityGo, KanConnect",F,50.1,2026-08-07,stale,-950,yes,Service data has expired,"Re-export the feed with a calendar that reaches further out, and set feed_info feed_end_date past your next service change.",ready
abq-ride,ABQ RIDE,F,48.1,2026-08-07,expiring_soon,28,yes,Service data expires in 28 day(s),Re-export with a validity window that reaches at least 60 days out.,ready
academy-bus,Academy Bus,F,42.3,2026-08-07,stale,-1213,yes,Service data has expired,"Re-export the feed with a calendar that reaches further out, and set feed_info feed_end_date past your next service change.",ready
access-allegany,Access Allegany,F,42.0,2026-08-07,lapsed,-219,yes,Service data has expired,"Re-export the feed with a calendar that reaches further out, and set feed_info feed_end_date past your next service change.",ready
actv-venezia-bus,ACTV Venezia (bus and tram),F,52.5,2026-08-07,current,36,yes,Service data expires in 36 day(s),Set wheelchair_boarding to 1 (accessible) or 2 (not accessible) for every stop. A field survey can start with the busiest stops.,
actv-venezia-navigazione,ACTV Venezia (vaporetto navigation),F,47.6,2026-08-07,expiring_soon,24,yes,Service data expires in 24 day(s),Re-export with a validity window that reaches at least 60 days out.,
addison-county-transit-actr,Addison County Transit (ACTR),F,37.8,2026-08-07,stale,-2410,yes,Service data has expired,"Re-export the feed with a calendar that reaches further out, and set feed_info feed_end_date past your next service change.",ready
adirondack-trailways-pine-hill-trailways,Adirondack Trailways Pine Hill Trailways,F,2.3,2026-08-07,stale,-1680,yes,Service data has expired,"Re-export the feed with a calendar that reaches further out, and set feed_info feed_end_date past your next service change.",ready
advance-transit-at,Advance Transit (AT),F,42.3,2026-08-07,stale,-1234,yes,Service data has expired,"Re-export the feed with a calendar that reaches further out, and set feed_info feed_end_date past your next service change.",ready
agglobus-rodez,Agglobus (Rodez),F,45.9,2026-08-07,expiring_soon,23,yes,Service data expires in 23 day(s),Re-export with a validity window that reaches at least 60 days out.,
airport-valet-express,Airport Valet Express,F,44.5,2026-08-07,stale,-2228,yes,Service data has expired,"Re-export the feed with a calendar that reaches further out, and set feed_info feed_end_date past your next service change.",ready
akron-metro-regional-transit-authority-metro,Akron Metro Regional Transit Authority (METRO),F,33.4,2026-08-07,stale,-1301,yes,Service data has expired,"Re-export the feed with a calendar that reaches further out, and set feed_info feed_end_date past your next service change.",ready
akron-metro-regional-transit-authority-metro-2071,Akron Metro Regional Transit Authority (METRO),D,69.7,2026-08-07,expiring_soon,15,yes,Grade slipped from C to D,Re-export with a validity window that reaches at least 60 days out.,ready
alameda-contra-costa-transit-district-ac-transit,Alameda-Contra Costa Transit District (AC Transit),F,52.2,2026-08-07,stale,-888,yes,Service data has expired,"Re-export the feed with a calendar that reaches further out, and set feed_info feed_end_date past your next service change.",ready
albany-transit-system,Albany Transit System,F,34.1,2026-08-07,stale,-768,yes,Service data has expired,"Re-export the feed with a calendar that reaches further out, and set feed_info feed_end_date past your next service change.",ready
alcatraz-cruises-hornblower-angel-island-tiburon-ferry-blue-gold-fleet,"Alcatraz Cruises - Hornblower, Angel Island Tiburon Ferry, Blue & Gold Fleet",F,46.7,2026-08-07,stale,-1772,yes,Service data has expired,"Re-export the feed with a calendar that reaches further out, and set feed_info feed_end_date past your next service change.",ready
alexandria-transit-company-dash,Alexandria Transit Company (DASH),F,59.3,2026-08-07,expiring_soon,24,yes,Service data expires in 24 day(s),Re-export with a validity window that reaches at least 60 days out.,ready
alhambra-community-transit,Alhambra Community Transit,F,47.6,2026-08-07,stale,-1680,yes,Service data has expired,"Re-export the feed with a calendar that reaches further out, and set feed_info feed_end_date past your next service change.",ready
allegany-county-transit,Allegany County Transit,F,25.1,2026-08-07,stale,-2199,yes,Service data has expired,"Re-export the feed with a calendar that reaches further out, and set feed_info feed_end_date past your next service change.",ready
altamont-corridor-express,Altamont Corridor Express,F,46.8,2026-08-07,stale,-584,yes,Service data has expired,"Re-export the feed with a calendar that reaches further out, and set feed_info feed_end_date past your next service change.",ready
altavista-community-transit-system,Altavista Community Transit System,C,77.7,2026-08-07,current,54,yes,Service data expires in 54 day(s),Set wheelchair_boarding to 1 (accessible) or 2 (not accessible) for every stop. A field survey can start with the busiest stops.,ready
amador-transit,Amador Transit,D,65.3,2026-08-07,expiring_soon,25,yes,Service data expires in 25 day(s),Re-export with a validity window that reaches at least 60 days out.,ready
amarillo-city-transit,Amarillo City Transit,F,50.2,2026-08-07,stale,-1680,yes,Service data has expired,"Re-export the feed with a calendar that reaches further out, and set feed_info feed_end_date past your next service change.",ready
amat-palermo,AMAT Palermo,D,60.7,2026-08-07,expiring_soon,24,yes,Service data expires in 24 day(s),Re-export with a validity window that reaches at least 60 days out.,
amt-genova,AMT Genova,F,45.6,2026-08-07,current,49,yes,Service data expires in 49 day(s),Set wheelchair_boarding to 1 (accessible) or 2 (not accessible) for every stop. A field survey can start with the busiest stops.,
amtrak,Amtrak,F,41.1,2026-08-07,expiring_soon,6,yes,Service data expires in 6 day(s),Re-export with a validity window that reaches at least 60 days out.,at_risk
ann-arbor-area-transportation-authority-theride,Ann Arbor Area Transportation Authority (TheRide),D,65.5,2026-08-07,expiring_soon,15,yes,Service data expires in 15 day(s),Re-export with a validity window that reaches at least 60 days out.,ready
annapolis-transit,Annapolis Transit,F,31.2,2026-08-07,stale,-1832,yes,Service data has expired,"Re-export the feed with a calendar that reaches further out, and set feed_info feed_end_date past your next service change.",ready
annapolis-transit-2285,Annapolis Transit,A,91.1,2026-08-07,current,54,yes,Service data expires in 54 day(s),"Add fare_attributes.txt (or Fares v2 files) with your fare structure. If your service is fare-free, ask to have it marked fare-free instead.",ready
antelope-valley-transit-authority-avta,Antelope Valley Transit Authority (AVTA),F,39.2,2026-08-07,stale,-1832,yes,Service data has expired,"Re-export the feed with a calendar that reaches further out, and set feed_info feed_end_date past your next service change.",ready
arcadia-transit,Arcadia Transit,F,46.2,2026-08-07,stale,-1680,yes,Service data has expired,"Re-export the feed with a calendar that reaches further out, and set feed_info feed_end_date past your next service change.",ready
arcadia-transit-2243,Arcadia Transit,F,57.1,2026-08-07,expiring_soon,29,yes,Service data expires in 29 day(s),Re-export with a validity window that reaches at least 60 days out.,ready
areawide-community-transportation-system,Areawide Community Transportation System,F,57.2,2026-08-07,lapsed,-311,yes,Service data has expired,"Re-export the feed with a calendar that reaches further out, and set feed_info feed_end_date past your next service change.",not_ready
arlington-transit-2434,Arlington Transit Flex,D,60.9,2026-08-07,expiring_soon,25,yes,Service data expires in 25 day(s),Re-export with a validity window that reaches at least 60 days out.,not_ready
arvin-transit,Arvin Transit,F,42.7,2026-08-07,stale,-1680,yes,Service data has expired,"Re-export the feed with a calendar that reaches further out, and set feed_info feed_end_date past your next service change.",ready
aspo-olbia,ASPO (Olbia urban bus),F,46.1,2026-08-07,current,39,yes,Service data expires in 39 day(s),Review the rule documentation for 'trip_distance_exceeds_shape_distance' at https://gtfs-validator.mobilitydata.org/rules.html and check the flagged rows in your feed.,
astrobus-lisieux,Astrobus (Lisieux),D,65.1,2026-08-07,current,54,yes,Service data expires in 54 day(s),Set wheelchair_boarding to 1 (accessible) or 2 (not accessible) for every stop. A field survey can start with the busiest stops.,
athens-public-transit,Athens Public Transit,F,50.3,2026-08-07,stale,-3141,yes,Service data has expired,"Re-export the feed with a calendar that reaches further out, and set feed_info feed_end_date past your next service change.",ready
athens-public-transit-1973,Athens Public Transit,F,43.3,2026-08-07,stale,-950,yes,Service data has expired,"Re-export the feed with a calendar that reaches further out, and set feed_info feed_end_date past your next service change.",ready
atlanta-streetcar,Atlanta Streetcar,F,55.7,2026-08-07,stale,-3141,yes,Service data has expired,"Re-export the feed with a calendar that reaches further out, and set feed_info feed_end_date past your next service change.",ready
atlantic-regional-commission,Atlantic Station Shuttle (FREE RIDE),F,39.8,2026-08-07,stale,-4602,yes,Service data has expired,"Re-export the feed with a calendar that reaches further out, and set feed_info feed_end_date past your next service change.",ready
atm-milano,ATM Milano (Comune di Milano),F,47.3,2026-08-07,expiring_soon,5,yes,Service data expires in 5 day(s),Re-export with a validity window that reaches at least 60 days out.,
auburn-transit,Auburn Transit,F,17.5,2026-08-07,stale,-1406,yes,Service data has expired,"Re-export the feed with a calendar that reaches further out, and set feed_info feed_end_date past your next service change.",ready
autolinee-toscane,Autolinee Toscane (at),F,28.5,2026-08-07,expiring_soon,19,yes,Service data expires in 19 day(s),Re-export with a validity window that reaches at least 60 days out.,
avalon-transit,Avalon Transit,F,56.4,2026-08-07,stale,-859,yes,Service data has expired,"Re-export the feed with a calendar that reaches further out, and set feed_info feed_end_date past your next service change.",ready
avon-transit,Avon Transit,F,49.4,2026-08-07,stale,-481,yes,Service data has expired,"Re-export the feed with a calendar that reaches further out, and set feed_info feed_end_date past your next service change.",ready
avon-transit-2040,Avon Transit Flex,D,64.7,2026-08-07,expiring_soon,25,yes,Service data expires in 25 day(s),Re-export with a validity window that reaches at least 60 days out.,not_ready
anm-napoli,Azienda Napoletana Mobilità (ANM),F,26.8,2026-08-07,stale,-950,yes,Service data has expired,"Re-export the feed with a calendar that reaches further out, and set feed_info feed_end_date past your next service change.",
baldwin-park-transit,Baldwin Park Transit,F,39.1,2026-08-07,stale,-1680,yes,Service data has expired,"Re-export the feed with a calendar that reaches further out, and set feed_info feed_end_date past your next service change.",ready
basin-transit-service-bts,Basin Transit Service (BTS),D,63.8,2026-08-07,expiring_soon,24,yes,Service data expires in 24 day(s),Re-export with a validity window that reaches at least 60 days out.,ready
bay-area-rapid-transit-bart,Bay Area Rapid Transit (BART),D,60.1,2026-08-07,expiring_soon,23,yes,Service data expires in 23 day(s),Re-export with a validity window that reaches at least 60 days out.,at_risk
bay-area-transportation-authority,Bay Area Transportation Authority,F,44.6,2026-08-07,stale,-1672,yes,Service data has expired,"Re-export the feed with a calendar that reaches further out, and set feed_info feed_end_date past your next service change.",ready
bay-town-trolley,Bay Town Trolley,F,53.3,2026-08-07,lapsed,-250,yes,Service data has expired,"Re-export the feed with a calendar that reaches further out, and set feed_info feed_end_date past your next service change.",ready
bc-transit-bulkley-nechako-prince-george,BC Transit (Bulkley-Nechako and Prince George Transit Systems),F,57.1,2026-08-07,expiring_soon,29,yes,Service data expires in 29 day(s),Re-export with a validity window that reaches at least 60 days out.,
bc-transit-central-fraser-valley,BC Transit (Central Fraser Valley Transit System),F,54.4,2026-08-07,expiring_soon,29,yes,Service data expires in 29 day(s),Re-export with a validity window that reaches at least 60 days out.,
bc-transit-kamloops,BC Transit (Kamloops Transit System),F,56.2,2026-08-07,expiring_soon,29,yes,Service data expires in 29 day(s),Re-export with a validity window that reaches at least 60 days out.,
bc-transit-kelowna,BC Transit (Kelowna Regional Transit System),F,54.4,2026-08-07,expiring_soon,29,yes,Service data expires in 29 day(s),Re-export with a validity window that reaches at least 60 days out.,
bc-transit-nanaimo,BC Transit (Nanaimo Regional Transit System),F,54.1,2026-08-07,expiring_soon,29,yes,Service data expires in 29 day(s),Re-export with a validity window that reaches at least 60 days out.,
bc-transit-powell-river,BC Transit (Powell River Regional Transit System),F,59.6,2026-08-07,current,31,yes,Grade slipped from D to F,Set wheelchair_boarding to 1 (accessible) or 2 (not accessible) for every stop. A field survey can start with the busiest stops.,
bc-transit-salt-spring-island,BC Transit (Salt Spring Island Transit System),C,73.2,2026-08-07,current,54,yes,Service data expires in 54 day(s),Set wheelchair_boarding to 1 (accessible) or 2 (not accessible) for every stop. A field survey can start with the busiest stops.,
beach-cities-transit,Beach Cities Transit,D,62.2,2026-08-07,stale,-1314,yes,Service data has expired,"Re-export the feed with a calendar that reaches further out, and set feed_info feed_end_date past your next service change.",ready
beaver-county-transit-authority,Beaver County Transit Authority,F,45.0,2026-08-07,stale,-1680,yes,Service data has expired,"Re-export the feed with a calendar that reaches further out, and set feed_info feed_end_date past your next service change.",ready
bell-gardens-trolley,Bell Gardens Trolley,F,49.6,2026-08-07,stale,-584,yes,Service data has expired,"Re-export the feed with a calendar that reaches further out, and set feed_info feed_end_date past your next service change.",ready
bellflower-bus,Bellflower Bus,F,46.7,2026-08-07,stale,-584,yes,Service data has expired,"Re-export the feed with a calendar that reaches further out, and set feed_info feed_end_date past your next service change.",ready
bellflower-bus-3095,Bellflower Bus,D,67.3,2026-08-07,expiring_soon,24,yes,Service data expires in 24 day(s),Re-export with a validity window that reaches at least 60 days out.,ready
ben-franklin-transit,Ben Franklin Transit,F,55.9,2026-08-07,stale,-859,yes,Service data has expired,"Re-export the feed with a calendar that reaches further out, and set feed_info feed_end_date past your next service change.",ready
ben-franklin-transit-2024,Ben Franklin Transit,D,65.1,2026-08-07,expiring_soon,22,yes,Service data expires in 22 day(s),Re-export with a validity window that reaches at least 60 days out.,ready
ben-franklin-transit-2122,Ben Franklin Transit,C,71.9,2026-08-07,expiring_soon,22,yes,Service data expires in 22 day(s),Re-export with a validity window that reaches at least 60 days out.,ready
benson-area-transit,Benson Area Transit,F,51.7,2026-08-07,lapsed,-219,yes,Service data has expired,"Re-export the feed with a calendar that reaches further out, and set feed_info feed_end_date past your next service change.",ready
bent-county-transit,Bent County Transit,F,46.2,2026-08-07,stale,-1330,yes,Service data has expired,"Re-export the feed with a calendar that reaches further out, and set feed_info feed_end_date past your next service change.",ready
benton-area-transportation,Benton Area Transportation,B,85.5,2026-08-07,current,55,yes,Service data expires in 55 day(s),Set wheelchair_boarding to 1 (accessible) or 2 (not accessible) for every stop. A field survey can start with the busiest stops.,ready
benton-area-transportation-3109,Benton Area Transportation - Flex V2,C,78.6,2026-08-07,current,55,yes,Service data expires in 55 day(s),Set wheelchair_boarding to 1 (accessible) or 2 (not accessible) for every stop. A field survey can start with the busiest stops.,at_risk
berks-area-regional-transportation-authority-barta,Berks Area Regional Transportation Authority (BARTA),F,45.4,2026-08-07,stale,-1315,yes,Service data has expired,"Re-export the feed with a calendar that reaches further out, and set feed_info feed_end_date past your next service change.",not_ready
berkshire-regional-transit-authority-brta,Berkshire Regional Transit Authority (BRTA),C,72.9,2026-08-07,expiring_soon,25,yes,Service data expires in 25 day(s),Re-export with a validity window that reaches at least 60 days out.,ready
bethesda-circulator,Bethesda Circulator,F,54.6,2026-08-07,stale,-675,yes,Service data has expired,"Re-export the feed with a calendar that reaches further out, and set feed_info feed_end_date past your next service change.",ready
bettendorf-transit,Bettendorf Transit,B,82.8,2026-08-07,current,55,yes,Service data expires in 55 day(s),Set wheelchair_boarding to 1 (accessible) or 2 (not accessible) for every stop. A field survey can start with the busiest stops.,ready
birmingham-jefferson-county-transit-authority,Birmingham Jefferson County Transit Authority,F,19.1,2026-08-07,stale,-1342,yes,Service data has expired,"Re-export the feed with a calendar that reaches further out, and set feed_info feed_end_date past your next service change.",ready
birmingham-jefferson-county-transit-authority-max,Birmingham Jefferson County Transit Authority (MAX),F,46.0,2026-08-07,stale,-2776,yes,Service data has expired,"Re-export the feed with a calendar that reaches further out, and set feed_info feed_end_date past your next service change.",ready
birmingham-jefferson-county-transit-authority-max-2263,Birmingham Jefferson County Transit Authority (MAX),F,34.8,2026-08-07,stale,-433,yes,Service data has expired,"Re-export the feed with a calendar that reaches further out, and set feed_info feed_end_date past your next service change.",ready
bizkaibus,Bizkaibus,D,67.7,2026-08-07,current,45,yes,Service data expires in 45 day(s),Set wheelchair_boarding to 1 (accessible) or 2 (not accessible) for every stop. A field survey can start with the busiest stops.,
blackpool-transport,Blackpool Transport,F,55.2,2026-08-07,expiring_soon,22,yes,Service data expires in 22 day(s),Re-export with a validity window that reaches at least 60 days out.,
blacksburg-transit,Blacksburg Transit,F,52.0,2026-08-07,lapsed,-7,yes,Service data has expired,"Re-export the feed with a calendar that reaches further out, and set feed_info feed_end_date past your next service change.",ready
bloom-bus,Bloom Bus,F,44.5,2026-08-07,stale,-1344,yes,Service data has expired,"Re-export the feed with a calendar that reaches further out, and set feed_info feed_end_date past your next service change.",ready
bloom-tours,Bloom Tours,F,46.4,2026-08-07,stale,-3870,yes,Service data has expired,"Re-export the feed with a calendar that reaches further out, and set feed_info feed_end_date past your next service change.",ready
bloomington-transit,Bloomington Transit,F,32.1,2026-08-07,stale,-1448,yes,Service data has expired,"Re-export the feed with a calendar that reaches further out, and set feed_info feed_end_date past your next service change.",ready
blue-gold-fleet,Blue & Gold Fleet,F,53.9,2026-08-07,stale,-852,yes,Service data has expired,"Re-export the feed with a calendar that reaches further out, and set feed_info feed_end_date past your next service change.",ready
blue-sky-limo-llc,Blue Sky Limo LLC,F,54.6,2026-08-07,lapsed,-219,yes,Service data has expired,"Re-export the feed with a calendar that reaches further out, and set feed_info feed_end_date past your next service change.",not_ready
blue-star-bus,Blue Star Bus,F,47.5,2026-08-07,stale,-2775,yes,Service data has expired,"Re-export the feed with a calendar that reaches further out, and set feed_info feed_end_date past your next service change.",not_ready
bluestar-hampshire,Bluestar,F,51.9,2026-08-07,expiring_soon,22,yes,Service data expires in 22 day(s),Re-export with a validity window that reaches at least 60 days out.,
boston-harbor-islands-ferries,Boston Harbor Islands Ferries,F,38.7,2026-08-07,stale,-2860,yes,Service data has expired,"Re-export the feed with a calendar that reaches further out, and set feed_info feed_end_date past your next service change.",ready
boulder-county,Boulder County,F,48.1,2026-08-07,stale,-1498,yes,Service data has expired,"Re-export the feed with a calendar that reaches further out, and set feed_info feed_end_date past your next service change.",ready
brampton-transit,Brampton Transit,C,75.5,2026-08-07,expiring_soon,30,yes,Service data expires in 30 day(s),"Use mixed case for stop names and headsigns (e.g. 'Main St & 2nd Ave', not 'MAIN ST & 2ND AVE').",
breckenridge-free-ride,Breckenridge Free Ride,F,47.1,2026-08-07,lapsed,-117,yes,Service data has expired,"Re-export the feed with a calendar that reaches further out, and set feed_info feed_end_date past your next service change.",ready
breeze-transit,Breeze Transit,F,31.7,2026-08-07,stale,-469,yes,Service data has expired,"Re-export the feed with a calendar that reaches further out, and set feed_info feed_end_date past your next service change.",ready
brite,Brite,F,35.2,2026-08-07,lapsed,-218,yes,Service data has expired,"Re-export the feed with a calendar that reaches further out, and set feed_info feed_end_date past your next service change.",ready
brockton-area-transit-authority-bat,Brockton Area Transit Authority (BAT),D,65.2,2026-08-07,expiring_soon,25,yes,Service data expires in 25 day(s),Re-export with a validity window that reaches at least 60 days out.,ready
metropolitan-transit-authority-mta-528,Bronx Bus,F,58.4,2026-08-07,expiring_soon,29,yes,Service data expires in 29 day(s),Re-export with a validity window that reaches at least 60 days out.,ready
metropolitan-transit-authority-mta-512,Brooklyn Bus,F,58.5,2026-08-07,expiring_soon,29,yes,Service data expires in 29 day(s),Re-export with a validity window that reaches at least 60 days out.,ready
broome-county-transit-b-c-transit,Broome County Transit (B.C. Transit),F,38.2,2026-08-07,stale,-1315,yes,Service data has expired,"Re-export the feed with a calendar that reaches further out, and set feed_info feed_end_date past your next service change.",ready
broward-county-transit,Broward County Transit,B,86.2,2026-08-07,current,50,yes,Service data expires in 50 day(s),"Set wheelchair_accessible on every trip. If every vehicle is accessible, this may be one default; otherwise use the value for each trip.",ready
buc-shuttle,Buc Shuttle,F,39.8,2026-08-07,stale,-4602,yes,Service data has expired,"Re-export the feed with a calendar that reaches further out, and set feed_info feed_end_date past your next service change.",ready
buena-vista-ferry,Buena Vista Ferry,D,61.2,2026-08-07,expiring_soon,25,yes,Service data expires in 25 day(s),Re-export with a validity window that reaches at least 60 days out.,ready
burlington-urban-service,Burlington Urban Service,C,72.7,2026-08-07,current,54,yes,Service data expires in 54 day(s),Set wheelchair_boarding to 1 (accessible) or 2 (not accessible) for every stop. A field survey can start with the busiest stops.,ready
burns-paiute-tribal-transit,Burns Paiute Tribal Transit,C,73.4,2026-08-07,current,55,yes,Service data expires in 55 day(s),Set wheelchair_boarding to 1 (accessible) or 2 (not accessible) for every stop. A field survey can start with the busiest stops.,ready
regional-transportation-district-rtd,Bustang,F,45.7,2026-08-07,stale,-1679,yes,Service data has expired,"Re-export the feed with a calendar that reaches further out, and set feed_info feed_end_date past your next service change.",ready
regional-transportation-district-rtd-2280,Bustang,D,69.2,2026-08-07,current,50,yes,Service data expires in 50 day(s),Review the rule documentation for 'foreign_key_violation' at https://gtfs-validator.mobilitydata.org/rules.html and check the flagged rows in your feed.,ready
butler-county-regional-transit-authority,Butler County Regional Transit Authority,F,36.8,2026-08-07,stale,-1910,yes,Service data has expired,"Re-export the feed with a calendar that reaches further out, and set feed_info feed_end_date past your next service change.",ready
butte-regional-transit-b-line,Butte Regional Transit (B-Line),F,45.6,2026-08-07,lapsed,-223,yes,Service data has expired,"Re-export the feed with a calendar that reaches further out, and set feed_info feed_end_date past your next service change.",ready
butte-silver-bow,Butte-Silver Bow,F,50.3,2026-08-07,stale,-1985,yes,Service data has expired,"Re-export the feed with a calendar that reaches further out, and set feed_info feed_end_date past your next service change.",ready
bwi-thurgood-marshall-airport-bwi-shuttle,BWI Thurgood Marshall Airport (BWI) Shuttle,F,46.2,2026-08-07,stale,-1315,yes,Service data has expired,"Re-export the feed with a calendar that reaches further out, and set feed_info feed_end_date past your next service change.",ready
c-tran-305,C TRAN,F,37.2,2026-08-07,stale,-1315,yes,Service data has expired,"Re-export the feed with a calendar that reaches further out, and set feed_info feed_end_date past your next service change.",ready
calabasas-transit-system,Calabasas Transit System,F,47.5,2026-08-07,stale,-1680,yes,Service data has expired,"Re-export the feed with a calendar that reaches further out, and set feed_info feed_end_date past your next service change.",ready
calgary-transit,Calgary Transit,F,17.5,2026-08-07,expiring_soon,23,yes,Service data expires in 23 day(s),Re-export with a validity window that reaches at least 60 days out.,
calvert-county-public-transportation,Calvert County Public Transportation,F,30.9,2026-08-07,stale,-1838,yes,Service data has expired,"Re-export the feed with a calendar that reaches further out, and set feed_info feed_end_date past your next service change.",ready
cape-ann-transportation-authority-cata,Cape Ann Transportation Authority (CATA),D,68.0,2026-08-07,expiring_soon,25,yes,Service data expires in 25 day(s),Re-export with a validity window that reaches at least 60 days out.,ready
cape-cod-regional-transit-authority,Cape Cod Regional Transit Authority Flex,F,41.3,2026-08-07,lapsed,-42,yes,Service data has expired,"Re-export the feed with a calendar that reaches further out, and set feed_info feed_end_date past your next service change.",at_risk
cape-cod-regional-transportation-authority-cape-cod-rta,Cape Cod Regional Transportation Authority (Cape Cod RTA),F,51.9,2026-08-07,lapsed,-42,yes,Service data has expired,"Re-export the feed with a calendar that reaches further out, and set feed_info feed_end_date past your next service change.",ready
capital-area-transit-goraleigh,Capital Area Transit (GoRaleigh),F,51.9,2026-08-07,stale,-859,yes,Service data has expired,"Re-export the feed with a calendar that reaches further out, and set feed_info feed_end_date past your next service change.",ready
capital-area-transit-goraleigh-1983,Capital Area Transit (GoRaleigh),F,42.8,2026-08-07,stale,-737,yes,Service data has expired,"Re-export the feed with a calendar that reaches further out, and set feed_info feed_end_date past your next service change.",ready
capital-area-transit-goraleigh-2074,Capital Area Transit (GoRaleigh),D,60.2,2026-08-07,expiring_soon,24,yes,Service data expires in 24 day(s),Re-export with a validity window that reaches at least 60 days out.,ready
capital-area-transit-system-cats,Capital Area Transit System (CATS),F,46.2,2026-08-07,lapsed,-169,yes,Service data has expired,Confirm your next service period is published: export its calendar and set feed_info feed_end_date past it.,ready
capital-area-transportation-authority-cata,Capital Area Transportation Authority (CATA),F,55.8,2026-08-07,expiring_soon,16,yes,Service data expires in 16 day(s),Re-export with a validity window that reaches at least 60 days out.,ready
capital-district-transportation-authority-cdta,Capital District Transportation Authority (CDTA),B,81.1,2026-08-07,expiring_soon,22,yes,Service data expires in 22 day(s),Re-export with a validity window that reaches at least 60 days out.,ready
capital-trailways,Capital Trailways,F,46.7,2026-08-07,stale,-712,yes,Service data has expired,"Re-export the feed with a calendar that reaches further out, and set feed_info feed_end_date past your next service change.",not_ready
capital-transit,Capital Transit,C,74.7,2026-08-07,current,44,yes,Service data expires in 44 day(s),Set wheelchair_boarding to 1 (accessible) or 2 (not accessible) for every stop. A field survey can start with the busiest stops.,ready
capital-transit-310,Capital Transit,F,44.3,2026-08-07,stale,-1589,yes,Service data has expired,"Re-export the feed with a calendar that reaches further out, and set feed_info feed_end_date past your next service change.",ready
capitol-corridor-joint-powers-authority-capitol-corridor,Capitol Corridor Joint Powers Authority (Capitol Corridor),D,61.1,2026-08-07,stale,-1134,yes,Service data has expired,"Re-export the feed with a calendar that reaches further out, and set feed_info feed_end_date past your next service change.",ready
carabus-royan,Cara'bus (Royan),F,48.9,2026-08-07,expiring_soon,24,yes,Service data expires in 24 day(s),Re-export with a validity window that reaches at least 60 days out.,
carlsbad-municipal-transit-system,Carlsbad Municipal Transit System,F,42.9,2026-08-07,stale,-3872,yes,Service data has expired,"Re-export the feed with a calendar that reaches further out, and set feed_info feed_end_date past your next service change.",not_ready
carlsbad-municipal-transit-system-2284,Carlsbad Municipal Transit System,D,60.1,2026-08-07,lapsed,-219,yes,Service data has expired,"Re-export the feed with a calendar that reaches further out, and set feed_info feed_end_date past your next service change.",ready
carroll-transit-system,Carroll Transit System,F,42.3,2026-08-07,stale,-1649,yes,Service data has expired,"Re-export the feed with a calendar that reaches further out, and set feed_info feed_end_date past your next service change.",ready
carson-circuit,Carson Circuit,F,47.4,2026-08-07,stale,-1863,yes,Service data has expired,"Re-export the feed with a calendar that reaches further out, and set feed_info feed_end_date past your next service change.",ready
cascade-point,Cascade POINT,F,49.6,2026-08-07,stale,-1849,yes,Service data has expired,"Re-export the feed with a calendar that reaches further out, and set feed_info feed_end_date past your next service change.",ready
cascades-east-transit-cet,Cascades East Transit (CET),F,48.4,2026-08-07,stale,-836,yes,Service data has expired,"Re-export the feed with a calendar that reaches further out, and set feed_info feed_end_date past your next service change.",ready
casco-bay-lines,Casco Bay Lines,F,46.6,2026-08-07,stale,-1432,yes,Service data has expired,"Re-export the feed with a calendar that reaches further out, and set feed_info feed_end_date past your next service change.",ready
cat-tran-shuttle,Cat Tran Shuttle,F,38.3,2026-08-07,stale,-1740,yes,Service data has expired,"Re-export the feed with a calendar that reaches further out, and set feed_info feed_end_date past your next service change.",ready
cat-tran-shuttle-2206,Cat Tran Shuttle,F,39.3,2026-08-07,stale,-602,yes,Service data has expired,"Re-export the feed with a calendar that reaches further out, and set feed_info feed_end_date past your next service change.",ready
centre-county-transit-authority-cata,CATABUS,F,22.0,2026-08-07,stale,-1812,yes,Service data has expired,"Re-export the feed with a calendar that reaches further out, and set feed_info feed_end_date past your next service change.",ready
catalina-flyer,Catalina Flyer,F,47.6,2026-08-07,stale,-1680,yes,Service data has expired,"Re-export the feed with a calendar that reaches further out, and set feed_info feed_end_date past your next service change.",ready
cecil-transit,Cecil Transit,F,26.8,2026-08-07,stale,-1807,yes,Service data has expired,"Re-export the feed with a calendar that reaches further out, and set feed_info feed_end_date past your next service change.",ready
cecil-transit-3034,Cecil Transit,F,57.0,2026-08-07,expiring_soon,29,yes,Service data expires in 29 day(s),Re-export with a validity window that reaches at least 60 days out.,ready
cecil-transit-3178,Cecil Transit,F,40.0,2026-08-07,lapsed,-232,yes,Service data has expired,"Re-export the feed with a calendar that reaches further out, and set feed_info feed_end_date past your next service change.",ready
cedar-rapids-transit,Cedar Rapids Transit,C,76.2,2026-08-07,expiring_soon,24,yes,Service data expires in 24 day(s),Re-export with a validity window that reaches at least 60 days out.,ready
central-ohio-transit-authority-cota,Central Ohio Transit Authority (COTA),D,64.6,2026-08-07,expiring_soon,30,yes,Service data expires in 30 day(s),Set wheelchair_boarding to 1 (accessible) or 2 (not accessible) for every stop. A field survey can start with the busiest stops.,ready
central-oregon-breeze,Central Oregon Breeze,D,63.1,2026-08-07,expiring_soon,24,yes,Service data expires in 24 day(s),Re-export with a validity window that reaches at least 60 days out.,ready
centro,Centro,F,49.1,2026-08-07,expiring_soon,30,yes,Service data expires in 30 day(s),Set wheelchair_boarding to 1 (accessible) or 2 (not accessible) for every stop. A field survey can start with the busiest stops.,ready
chapel-hill-transit-cht,Chapel Hill Transit (CHT),F,41.6,2026-08-07,stale,-584,yes,Service data has expired,"Re-export the feed with a calendar that reaches further out, and set feed_info feed_end_date past your next service change.",ready
charles-county-vango,Charles County VanGo,F,26.0,2026-08-07,stale,-1807,yes,Service data has expired,"Re-export the feed with a calendar that reaches further out, and set feed_info feed_end_date past your next service change.",ready
charleston-area-regional-transportation-authority-carta,Charleston Area Regional Transportation Authority (CARTA),D,66.3,2026-08-07,expiring_soon,8,yes,Service data expires in 8 day(s),Re-export with a validity window that reaches at least 60 days out.,ready
charlotte-area-transit-system-cats,Charlotte Area Transit System (CATS),F,44.1,2026-08-07,stale,-1643,yes,Service data has expired,"Re-export the feed with a calendar that reaches further out, and set feed_info feed_end_date past your next service change.",ready
charlotte-area-transit-system-cats-2265,Charlotte Area Transit System (CATS),D,68.9,2026-08-07,current,58,yes,Service data expires in 58 day(s),Set wheelchair_boarding to 1 (accessible) or 2 (not accessible) for every stop. A field survey can start with the busiest stops.,ready
charm-city-circulator,Charm City Circulator,F,51.9,2026-08-07,stale,-1621,yes,Service data has expired,"Re-export the feed with a calendar that reaches further out, and set feed_info feed_end_date past your next service change.",ready
chatham-area-transit-cat,Chatham Area Transit (CAT),F,8.7,2026-08-07,stale,-1734,yes,Service data has expired,"Re-export the feed with a calendar that reaches further out, and set feed_info feed_end_date past your next service change.",ready
chatham-area-transit-cat-2080,Chatham Area Transit (CAT),F,46.0,2026-08-07,stale,-376,yes,Service data has expired,"Re-export the feed with a calendar that reaches further out, and set feed_info feed_end_date past your next service change.",ready
chattanooga-area-regional-transportation-authority-carta,Chattanooga Area Regional Transportation Authority (CARTA),F,33.8,2026-08-07,stale,-1553,yes,Service data has expired,"Re-export the feed with a calendar that reaches further out, and set feed_info feed_end_date past your next service change.",ready
chattanooga-area-regional-transportation-authority-carta-2082,Chattanooga Area Regional Transportation Authority (CARTA),F,32.6,2026-08-07,stale,-720,yes,Service data has expired,"Re-export the feed with a calendar that reaches further out, and set feed_info feed_end_date past your next service change.",ready
cherokee-area-transportation-system-cats,Cherokee Area Transportation System (CATS),F,45.1,2026-08-07,stale,-4602,yes,Service data has expired,"Re-export the feed with a calendar that reaches further out, and set feed_info feed_end_date past your next service change.",ready
cherriots,Cherriots,F,23.8,2026-08-07,lapsed,-217,yes,Service data has expired,"Re-export the feed with a calendar that reaches further out, and set feed_info feed_end_date past your next service change.",ready
chicago-transit-authority-cta,Chicago Transit Authority (CTA),F,49.7,2026-08-07,current,54,yes,Service data expires in 54 day(s),Review the rule documentation for 'equal_shape_distance_diff_coordinates' at https://gtfs-validator.mobilitydata.org/rules.html and check the flagged rows in your feed.,ready
chicago-water-taxi,Chicago Water Taxi,C,76.7,2026-08-07,current,146,yes,Score changed sharply on 2026-08-07,Set wheelchair_boarding to 1 (accessible) or 2 (not accessible) for every terminal. A field survey can start with the busiest terminals.,ready
chittenden-county-transportation-authority-ccta,Chittenden County Transportation Authority (CCTA),C,79.0,2026-08-07,current,55,yes,Service data expires in 55 day(s),Set wheelchair_boarding to 1 (accessible) or 2 (not accessible) for every stop. A field survey can start with the busiest stops.,ready
citibus,Citibus,F,56.6,2026-08-07,expiring_soon,1,yes,Service data expires in 1 day(s),Re-export with a validity window that reaches at least 60 days out.,ready
citibus-2304,Citibus,F,48.4,2026-08-07,stale,-584,yes,Service data has expired,"Re-export the feed with a calendar that reaches further out, and set feed_info feed_end_date past your next service change.",ready
citibus-narbonne,Citibus (Narbonne),F,42.3,2026-08-07,expiring_soon,24,yes,Service data expires in 24 day(s),Re-export with a validity window that reaches at least 60 days out.,
cities-area-transit,Cities Area Transit,F,46.7,2026-08-07,stale,-737,yes,Service data has expired,"Re-export the feed with a calendar that reaches further out, and set feed_info feed_end_date past your next service change.",ready
citilink,Citilink,F,38.9,2026-08-07,stale,-2776,yes,Service data has expired,"Re-export the feed with a calendar that reaches further out, and set feed_info feed_end_date past your next service change.",ready
citrus-county-transit,Citrus County Transit,F,45.0,2026-08-07,stale,-3689,yes,Service data has expired,"Re-export the feed with a calendar that reaches further out, and set feed_info feed_end_date past your next service change.",not_ready
citrus-county-transit-2257,Citrus County Transit,F,48.4,2026-08-07,stale,-584,yes,Service data has expired,"Re-export the feed with a calendar that reaches further out, and set feed_info feed_end_date past your next service change.",ready
city-2-city-shuttle,City 2 City Shuttle,F,51.1,2026-08-07,stale,-3324,yes,Service data has expired,"Re-export the feed with a calendar that reaches further out, and set feed_info feed_end_date past your next service change.",ready
city-coach,City Coach,F,53.5,2026-08-07,lapsed,-38,yes,Service data has expired,"Re-export the feed with a calendar that reaches further out, and set feed_info feed_end_date past your next service change.",ready
city-of-bell-la-campana,City of Bell (La Campana),F,49.4,2026-08-07,stale,-1679,yes,Service data has expired,"Re-export the feed with a calendar that reaches further out, and set feed_info feed_end_date past your next service change.",ready
city-of-bell-la-campana-2249,City of Bell (La Campana),F,55.0,2026-08-07,stale,-584,yes,Service data has expired,"Re-export the feed with a calendar that reaches further out, and set feed_info feed_end_date past your next service change.",ready
city-of-corvallis,City of Corvallis,F,45.7,2026-08-07,stale,-1863,yes,Service data has expired,"Re-export the feed with a calendar that reaches further out, and set feed_info feed_end_date past your next service change.",ready
city-of-douglas,City of Douglas,D,69.8,2026-08-07,lapsed,-99,yes,Service data has expired,"Re-export the feed with a calendar that reaches further out, and set feed_info feed_end_date past your next service change.",ready
city-of-ellensburg-public-transit-central-transit,City of Ellensburg Public Transit (Central Transit),D,69.7,2026-08-07,stale,-494,yes,Service data has expired,"Re-export the feed with a calendar that reaches further out, and set feed_info feed_end_date past your next service change.",ready
city-of-glendale,City of Glendale,F,49.1,2026-08-07,stale,-1437,yes,Service data has expired,"Re-export the feed with a calendar that reaches further out, and set feed_info feed_end_date past your next service change.",ready
city-of-jackson-jtran,City of Jackson (JTRAN),D,68.9,2026-08-07,expiring_soon,29,yes,Grade slipped from C to D,Re-export with a validity window that reaches at least 60 days out.,ready
city-of-las-vegas,City of Las Vegas,F,51.9,2026-08-07,stale,-403,yes,Service data has expired,"Re-export the feed with a calendar that reaches further out, and set feed_info feed_end_date past your next service change.",ready
city-of-lompoc-transit-colt,City of Lompoc Transit (COLT),F,45.8,2026-08-07,stale,-858,yes,Service data has expired,"Re-export the feed with a calendar that reaches further out, and set feed_info feed_end_date past your next service change.",ready
city-of-madera,City of Madera,F,45.6,2026-08-07,lapsed,-6,yes,Service data has expired,"Re-export the feed with a calendar that reaches further out, and set feed_info feed_end_date past your next service change.",ready
city-of-mechanicville-public-transit,City of Mechanicville Public Transit,D,61.4,2026-08-07,current,49,yes,Service data expires in 49 day(s),Set wheelchair_boarding to 1 (accessible) or 2 (not accessible) for every stop. A field survey can start with the busiest stops.,ready
city-of-milton-freewater-public-transportation,City of Milton-Freewater Public Transportation,F,52.8,2026-08-07,stale,-926,yes,Service data has expired,"Re-export the feed with a calendar that reaches further out, and set feed_info feed_end_date past your next service change.",not_ready
city-of-show-low,City of Show Low,F,57.2,2026-08-07,lapsed,-99,yes,Service data has expired,"Re-export the feed with a calendar that reaches further out, and set feed_info feed_end_date past your next service change.",ready
city-of-sierra-vista,City of Sierra Vista,F,52.5,2026-08-07,stale,-2776,yes,Service data has expired,"Re-export the feed with a calendar that reaches further out, and set feed_info feed_end_date past your next service change.",ready
city-of-tracy-tracer,City of Tracy (TRACER),F,16.0,2026-08-07,stale,-1468,yes,Service data has expired,"Re-export the feed with a calendar that reaches further out, and set feed_info feed_end_date past your next service change.",ready
city-of-wasco,City of Wasco,F,30.9,2026-08-07,stale,-1315,yes,Service data has expired,"Re-export the feed with a calendar that reaches further out, and set feed_info feed_end_date past your next service change.",not_ready
city-of-winona-mn-winona-transit-service,City of Winona MN - Winona Transit Service,D,61.7,2026-08-07,lapsed,-218,yes,Service data has expired,"Re-export the feed with a calendar that reaches further out, and set feed_info feed_end_date past your next service change.",ready
citybus-of-greater-lafayette-indiana-citybus,CityBus of Greater Lafayette Indiana (CityBus),D,64.5,2026-08-07,expiring_soon,16,yes,Service data expires in 16 day(s),Re-export with a validity window that reaches at least 60 days out.,ready
clackamas-community-college-ccc-xpress,Clackamas Community College (CCC) Xpress,F,54.8,2026-08-07,stale,-1437,yes,Service data has expired,"Re-export the feed with a calendar that reaches further out, and set feed_info feed_end_date past your next service change.",ready
clackco-connects-clackamas-county-2740,ClackCo Connects (Clackamas County) Realtime Static,D,67.1,2026-08-07,expiring_soon,29,yes,Service data expires in 29 day(s),Re-export with a validity window that reaches at least 60 days out.,ready
c-tran,Clark County Public Transportation Benefit Area,C,75.3,2026-08-07,current,36,yes,Service data expires in 36 day(s),Check the vehicle positions endpoint with your AVL vendor; it should return a fresh GTFS-Realtime protobuf on every request.,ready
clemson-area-transit-cat,Clemson Area Transit (CAT),F,46.6,2026-08-07,stale,-2429,yes,Service data has expired,"Re-export the feed with a calendar that reaches further out, and set feed_info feed_end_date past your next service change.",ready
clinton-county-public-transit-ccpt,Clinton County Public Transit (CCPT),F,35.3,2026-08-07,lapsed,-68,yes,Service data has expired,"Re-export the feed with a calendar that reaches further out, and set feed_info feed_end_date past your next service change.",ready
clinton-municipal-transit-administration-clinton-mta,Clinton Municipal Transit Administration (Clinton MTA),D,67.8,2026-08-07,expiring_soon,24,yes,Service data expires in 24 day(s),Re-export with a validity window that reaches at least 60 days out.,ready
clovis-transit,Clovis Transit,F,59.8,2026-08-07,lapsed,-63,yes,Service data has expired,"Re-export the feed with a calendar that reaches further out, and set feed_info feed_end_date past your next service change.",ready
clovis-transit-2894,Clovis Transit,D,66.8,2026-08-07,expiring_soon,29,yes,Service data expires in 29 day(s),Re-export with a validity window that reaches at least 60 days out.,ready
coach-company,Coach Company,F,48.5,2026-08-07,stale,-1529,yes,Service data has expired,"Re-export the feed with a calendar that reaches further out, and set feed_info feed_end_date past your next service change.",ready
coast-transportation,COAST Transportation,F,38.5,2026-08-07,lapsed,-188,yes,Service data has expired,"Re-export the feed with a calendar that reaches further out, and set feed_info feed_end_date past your next service change.",not_ready
cobb-community-transit-cct,Cobb Community Transit (CCT),F,38.0,2026-08-07,stale,-950,yes,Service data has expired,"Re-export the feed with a calendar that reaches further out, and set feed_info feed_end_date past your next service change.",ready
collier-area-transit-cat,Collier Area Transit (CAT),F,30.1,2026-08-07,stale,-2045,yes,Service data has expired,"Re-export the feed with a calendar that reaches further out, and set feed_info feed_end_date past your next service change.",ready
collier-area-transit-cat-2259,Collier Area Transit (CAT),F,48.8,2026-08-07,expiring_soon,14,yes,Service data expires in 14 day(s),Re-export with a validity window that reaches at least 60 days out.,ready
colorado-school-of-mines,Colorado School Of Mines,F,57.4,2026-08-07,expiring_soon,11,yes,Service data expires in 11 day(s),Re-export with a validity window that reaches at least 60 days out.,ready
compton-renaissance,Compton Renaissance,F,36.4,2026-08-07,stale,-1315,yes,Service data has expired,"Re-export the feed with a calendar that reaches further out, and set feed_info feed_end_date past your next service change.",ready
concord-area-transit,Concord Area Transit Flex,F,39.3,2026-08-07,lapsed,-37,yes,Service data has expired,"Re-export the feed with a calendar that reaches further out, and set feed_info feed_end_date past your next service change.",not_ready
concord-kannapolis-area-transit-rider-transit,Concord Kannapolis Area Transit (Rider Transit),F,42.9,2026-08-07,stale,-1315,yes,Service data has expired,"Re-export the feed with a calendar that reaches further out, and set feed_info feed_end_date past your next service change.",ready
concord-kannapolis-area-transit-rider-transit-2244,Concord Kannapolis Area Transit (Rider Transit),D,63.2,2026-08-07,expiring_soon,29,yes,Service data expires in 29 day(s),Re-export with a validity window that reaches at least 60 days out.,ready
connect-transit,Connect Transit,F,35.8,2026-08-07,stale,-1498,yes,Service data has expired,"Re-export the feed with a calendar that reaches further out, and set feed_info feed_end_date past your next service change.",ready
connect-transit-1238,Connect Transit,F,37.7,2026-08-07,stale,-2532,yes,Service data has expired,"Re-export the feed with a calendar that reaches further out, and set feed_info feed_end_date past your next service change.",ready
connecticut-transit,Connecticut Transit,F,55.6,2026-08-07,current,155,yes,Grade slipped from D to F,Set wheelchair_boarding to 1 (accessible) or 2 (not accessible) for every stop. A field survey can start with the busiest stops.,ready
continuum,Continuum Flex,F,22.5,2026-08-07,stale,-1314,yes,Service data has expired,"Re-export the feed with a calendar that reaches further out, and set feed_info feed_end_date past your next service change.",not_ready
copper-mountain-transit,Copper Mountain Transit,F,56.9,2026-08-07,lapsed,-225,yes,Service data has expired,"Re-export the feed with a calendar that reaches further out, and set feed_info feed_end_date past your next service change.",not_ready
corning-erwin-area-transit-system-ceats,Corning Erwin Area Transit System (CEATS),F,44.2,2026-08-07,lapsed,-219,yes,Service data has expired,"Re-export the feed with a calendar that reaches further out, and set feed_info feed_end_date past your next service change.",ready
corpus-christi-regional-transportation-authority,Corpus Christi Regional Transportation Authority,F,40.9,2026-08-07,stale,-433,yes,Service data has expired,"Re-export the feed with a calendar that reaches further out, and set feed_info feed_end_date past your next service change.",ready
cortland-county-public-transportation,Cortland County Public Transportation,F,35.4,2026-08-07,stale,-495,yes,Service data has expired,"Re-export the feed with a calendar that reaches further out, and set feed_info feed_end_date past your next service change.",ready
city-of-coolidge,Cotton Express and Central Arizona Regional Transit,D,64.8,2026-08-07,stale,-584,yes,Service data has expired,"Re-export the feed with a calendar that reaches further out, and set feed_info feed_end_date past your next service change.",ready
county-connection-cccta,County Connection (CCCTA),F,51.9,2026-08-07,stale,-937,yes,Service data has expired,"Re-export the feed with a calendar that reaches further out, and set feed_info feed_end_date past your next service change.",ready
cudahy-area-rapid-transit,Cudahy Area Rapid Transit,F,46.4,2026-08-07,stale,-1680,yes,Service data has expired,"Re-export the feed with a calendar that reaches further out, and set feed_info feed_end_date past your next service change.",ready
cudahy-area-rapid-transit-2248,Cudahy Area Rapid Transit,F,47.1,2026-08-07,lapsed,-188,yes,Service data has expired,"Re-export the feed with a calendar that reaches further out, and set feed_info feed_end_date past your next service change.",ready
cue-bus,CUE Bus,F,47.9,2026-08-07,lapsed,-211,yes,Service data has expired,"Re-export the feed with a calendar that reaches further out, and set feed_info feed_end_date past your next service change.",ready
culver-city-bus,Culver City Bus,F,53.6,2026-08-07,lapsed,-26,yes,Service data has expired,"Re-export the feed with a calendar that reaches further out, and set feed_info feed_end_date past your next service change.",ready
national-park-service,Cuyahoga Valley Scenic Railroad,D,60.7,2026-08-07,stale,-2840,yes,Service data has expired,"Re-export the feed with a calendar that reaches further out, and set feed_info feed_end_date past your next service change.",ready
cyride,CyRide,D,68.1,2026-08-07,expiring_soon,9,yes,Service data expires in 9 day(s),Re-export with a validity window that reaches at least 60 days out.,ready
dallas-area-rapid-transit-dart,Dallas Area Rapid Transit (DART),F,32.8,2026-08-07,current,37,yes,Service data expires in 37 day(s),Review the rule documentation for 'trip_distance_exceeds_shape_distance' at https://gtfs-validator.mobilitydata.org/rules.html and check the flagged rows in your feed.,ready
dallas-host-committee,Dallas Host Committee,F,48.2,2026-08-07,lapsed,-24,yes,Service data has expired,"Re-export the feed with a calendar that reaches further out, and set feed_info feed_end_date past your next service change.",ready
danville-transit,Danville Transit Flex,B,82.5,2026-08-07,current,54,yes,Service data expires in 54 day(s),Set wheelchair_boarding to 1 (accessible) or 2 (not accessible) for every stop. A field survey can start with the busiest stops.,at_risk
dartmouth-college,Dartmouth College,D,63.4,2026-08-07,expiring_soon,20,yes,Service data expires in 20 day(s),Re-export with a validity window that reaches at least 60 days out.,ready
dattco-motorcoach,DATTCO Motorcoach,F,50.9,2026-08-07,stale,-1010,yes,Service data has expired,"Re-export the feed with a calendar that reaches further out, and set feed_info feed_end_date past your next service change.",ready
dc-streetcar,DC Streetcar,F,45.9,2026-08-07,stale,-1163,yes,Service data has expired,"Re-export the feed with a calendar that reaches further out, and set feed_info feed_end_date past your next service change.",ready
dc-streetcar-2223,DC Streetcar,F,57.2,2026-08-07,stale,-403,yes,Service data has expired,"Re-export the feed with a calendar that reaches further out, and set feed_info feed_end_date past your next service change.",ready
delano-area-rapid-transit,Delano Area Rapid Transit,B,85.0,2026-08-07,current,54,yes,Service data expires in 54 day(s),Set wheelchair_boarding to 1 (accessible) or 2 (not accessible) for every stop. A field survey can start with the busiest stops.,ready
delmarva-community-transit,Delmarva Community Transit,F,31.4,2026-08-07,stale,-1623,yes,Service data has expired,"Re-export the feed with a calendar that reaches further out, and set feed_info feed_end_date past your next service change.",at_risk
denali-national-park-shuttle,Denali National Park Courtesy Shuttle,A,91.6,2026-08-07,current,44,yes,Service data expires in 44 day(s),Remove past service periods the next time you export the feed.,ready
des-moines-area-regional-transit-authority-dart,Des Moines Area Regional Transit Authority (DART),F,51.0,2026-08-07,expiring_soon,15,yes,Service data expires in 15 day(s),Re-export with a validity window that reaches at least 60 days out.,ready
detroit-department-of-transportation-ddot,Detroit Department of Transportation (DDOT),D,66.8,2026-08-07,current,44,yes,Service data expires in 44 day(s),Set wheelchair_boarding to 1 (accessible) or 2 (not accessible) for every stop. A field survey can start with the busiest stops.,ready
detroit-people-mover,Detroit People Mover,F,50.5,2026-08-07,stale,-2188,yes,Service data has expired,"Re-export the feed with a calendar that reaches further out, and set feed_info feed_end_date past your next service change.",ready
diamond-express,Diamond Express,C,72.5,2026-08-07,expiring_soon,24,yes,Service data expires in 24 day(s),Re-export with a validity window that reaches at least 60 days out.,ready
discover-goodwill,Discover Goodwill Flex,C,73.4,2026-08-07,current,55,yes,Service data expires in 55 day(s),Set wheelchair_boarding to 1 (accessible) or 2 (not accessible) for every stop. A field survey can start with the busiest stops.,not_ready
donan-bus,Donan Bus (道南バス),C,73.4,2026-08-07,current,54,yes,Service data expires in 54 day(s),Set wheelchair_boarding to 1 (accessible) or 2 (not accessible) for every stop. A field survey can start with the busiest stops.,
downeylink,DowneyLINK,F,47.7,2026-08-07,stale,-584,yes,Service data has expired,"Re-export the feed with a calendar that reaches further out, and set feed_info feed_end_date past your next service change.",ready
duarte-transit,Duarte Transit,F,46.8,2026-08-07,stale,-2410,yes,Service data has expired,"Re-export the feed with a calendar that reaches further out, and set feed_info feed_end_date past your next service change.",ready
dublin-coach,Dublin Coach,C,70.1,2026-08-07,current,39,yes,Service data expires in 39 day(s),Set wheelchair_boarding to 1 (accessible) or 2 (not accessible) for every stop. A field survey can start with the busiest stops.,
duke-university,Duke University,F,41.6,2026-08-07,lapsed,-362,yes,Service data has expired,"Re-export the feed with a calendar that reaches further out, and set feed_info feed_end_date past your next service change.",ready
eastern-point,Eastern Point,F,51.1,2026-08-07,stale,-1849,yes,Service data has expired,"Re-export the feed with a calendar that reaches further out, and set feed_info feed_end_date past your next service change.",ready
eau-claire-transit,Eau Claire Transit,F,31.0,2026-08-07,lapsed,-219,yes,Service data has expired,"Re-export the feed with a calendar that reaches further out, and set feed_info feed_end_date past your next service change.",at_risk
eco-transit,ECO Transit,F,45.6,2026-08-07,stale,-1210,yes,Service data has expired,"Re-export the feed with a calendar that reaches further out, and set feed_info feed_end_date past your next service change.",ready
eco-transit-2061,ECO Transit,F,45.6,2026-08-07,stale,-1210,yes,Service data has expired,"Re-export the feed with a calendar that reaches further out, and set feed_info feed_end_date past your next service change.",ready
el-monte-transit,El Monte Transit,F,55.0,2026-08-07,lapsed,-280,yes,Service data has expired,"Re-export the feed with a calendar that reaches further out, and set feed_info feed_end_date past your next service change.",ready
el-paso-fountain-valley-senior-citizens-program-inc,El Paso Fountain Valley Senior Citizens Program Inc Flex,D,60.9,2026-08-07,expiring_soon,25,yes,Service data expires in 25 day(s),Re-export with a validity window that reaches at least 60 days out.,not_ready
el-segundo-transportation,El Segundo Transportation,F,48.5,2026-08-07,stale,-1680,yes,Service data has expired,"Re-export the feed with a calendar that reaches further out, and set feed_info feed_end_date past your next service change.",ready
el-segundo-transportation-2210,El Segundo Transportation,F,51.5,2026-08-07,stale,-791,yes,Service data has expired,"Re-export the feed with a calendar that reaches further out, and set feed_info feed_end_date past your next service change.",ready
elevated-transit,Elevated Transit,F,47.5,2026-08-07,stale,-3354,yes,Service data has expired,"Re-export the feed with a calendar that reaches further out, and set feed_info feed_end_date past your next service change.",not_ready
elk-grove-transit,Elk Grove Transit,F,39.2,2026-08-07,stale,-579,yes,Service data has expired,"Re-export the feed with a calendar that reaches further out, and set feed_info feed_end_date past your next service change.",ready
embark,Embark,F,43.7,2026-08-07,stale,-979,yes,Service data has expired,"Re-export the feed with a calendar that reaches further out, and set feed_info feed_end_date past your next service change.",ready
keep-tahoe-blue,Emerald Bay Shuttle,D,65.1,2026-08-07,lapsed,-296,yes,Service data has expired,"Re-export the feed with a calendar that reaches further out, and set feed_info feed_end_date past your next service change.",ready
emerald-coast-rider-ecr,Emerald Coast Rider (ECR),F,53.9,2026-08-07,stale,-3689,yes,Service data has expired,"Re-export the feed with a calendar that reaches further out, and set feed_info feed_end_date past your next service change.",ready
emery-go-round,Emery Go-Round,F,54.6,2026-08-07,stale,-950,yes,Service data has expired,"Re-export the feed with a calendar that reaches further out, and set feed_info feed_end_date past your next service change.",ready
emory-university-cliff-shuttles,Emory University Cliff Shuttles,F,39.8,2026-08-07,stale,-4602,yes,Service data has expired,"Re-export the feed with a calendar that reaches further out, and set feed_info feed_end_date past your next service change.",ready
emt-malaga,Empresa Malagueña de Transportes (EMT Málaga),C,70.7,2026-08-07,current,54,yes,Service data expires in 54 day(s),Set wheelchair_boarding to 1 (accessible) or 2 (not accessible) for every stop. A field survey can start with the busiest stops.,
emt-fuenlabrada,EMT Fuenlabrada (EMTF),F,57.9,2026-08-07,expiring_soon,13,yes,Service data expires in 13 day(s),Re-export with a validity window that reaches at least 60 days out.,
emt-valencia,EMT València,F,45.5,2026-08-07,expiring_soon,23,yes,Service data expires in 23 day(s),Re-export with a validity window that reaches at least 60 days out.,
erie-metropolitan-transit-authority,Erie Metropolitan Transit Authority,F,45.7,2026-08-07,stale,-1010,yes,Service data has expired,"Re-export the feed with a calendar that reaches further out, and set feed_info feed_end_date past your next service change.",ready
escambia-county-area-transit-ecat,Escambia County Area Transit (ECAT),F,46.7,2026-08-07,stale,-1375,yes,Service data has expired,"Re-export the feed with a calendar that reaches further out, and set feed_info feed_end_date past your next service change.",ready
eugene-to-bend,Eugene to BEND,F,54.0,2026-08-07,stale,-3505,yes,Service data has expired,"Re-export the feed with a calendar that reaches further out, and set feed_info feed_end_date past your next service change.",ready
eugene-to-coos-bay,Eugene to Coos Bay,F,54.8,2026-08-07,stale,-3505,yes,Service data has expired,"Re-export the feed with a calendar that reaches further out, and set feed_info feed_end_date past your next service change.",ready
everett-transit,Everett Transit,F,59.6,2026-08-07,expiring_soon,29,yes,Grade slipped from D to F,Re-export with a validity window that reaches at least 60 days out.,ready
express-arrow,Express Arrow,F,49.9,2026-08-07,stale,-858,yes,Service data has expired,"Re-export the feed with a calendar that reaches further out, and set feed_info feed_end_date past your next service change.",ready
fast-transit,Fairfield and Suisun Transit (FAST),F,48.4,2026-08-07,lapsed,-38,yes,Service data has expired,"Re-export the feed with a calendar that reaches further out, and set feed_info feed_end_date past your next service change.",ready
flixbus,Flixbus,F,52.3,2026-08-07,stale,-1974,yes,Service data has expired,"Re-export the feed with a calendar that reaches further out, and set feed_info feed_end_date past your next service change.",not_ready
fort-worth-transit-authority,Fort Worth Transit Authority,D,65.0,2026-08-07,current,50,yes,Service data expires in 50 day(s),Set wheelchair_boarding to 1 (accessible) or 2 (not accessible) for every stop. A field survey can start with the busiest stops.,ready
franklin-county-public-transportation,Franklin County Public Transportation,F,45.0,2026-08-07,expiring_soon,24,yes,Service data expires in 24 day(s),Re-export with a validity window that reaches at least 60 days out.,ready
franklin-regional-transit-authority-frta,Franklin Regional Transit Authority (FRTA),D,66.0,2026-08-07,expiring_soon,24,yes,Service data expires in 24 day(s),Re-export with a validity window that reaches at least 60 days out.,ready
frederick-county-transit,Frederick County TransIT,F,34.3,2026-08-07,stale,-525,yes,Service data has expired,"Re-export the feed with a calendar that reaches further out, and set feed_info feed_end_date past your next service change.",ready
frederick-county-transit-2432,Frederick County TransIT,F,59.0,2026-08-07,expiring_soon,29,yes,Service data expires in 29 day(s),Re-export with a validity window that reaches at least 60 days out.,ready
fredericksburg-regional-transit,Fredericksburg Regional Transit,F,26.4,2026-08-07,stale,-950,yes,Service data has expired,"Re-export the feed with a calendar that reaches further out, and set feed_info feed_end_date past your next service change.",ready
fredericksburg-regional-transit-2430,Fredericksburg Regional Transit,F,38.6,2026-08-07,stale,-494,yes,Service data has expired,"Re-export the feed with a calendar that reaches further out, and set feed_info feed_end_date past your next service change.",ready
freedom-cruise-line,Freedom Cruise Line,D,66.2,2026-08-07,lapsed,-77,yes,Service data has expired,Confirm your next service period is published: export its calendar and set feed_info feed_end_date past it.,ready
gainesville-regional-transit-system,Gainesville Regional Transit System,F,40.9,2026-08-07,stale,-1447,yes,Service data has expired,"Re-export the feed with a calendar that reaches further out, and set feed_info feed_end_date past your next service change.",ready
gainesville-regional-transit-system-2412,Gainesville Regional Transit System,F,47.6,2026-08-07,lapsed,-355,yes,Service data has expired,"Re-export the feed with a calendar that reaches further out, and set feed_info feed_end_date past your next service change.",ready
gallup-express,Gallup Express,F,59.1,2026-08-07,lapsed,-98,yes,Service data has expired,"Re-export the feed with a calendar that reaches further out, and set feed_info feed_end_date past your next service change.",ready
galveston-island-transit,Galveston Island Transit,C,72.7,2026-08-07,current,31,yes,Service data expires in 31 day(s),Set wheelchair_boarding to 1 (accessible) or 2 (not accessible) for every stop. A field survey can start with the busiest stops.,ready
ganu-area-shiokaze-line,Ganu Area Shiokaze Line (岩宇地域しおかぜライン),C,73.6,2026-08-07,current,54,yes,Service data expires in 54 day(s),Set wheelchair_boarding to 1 (accessible) or 2 (not accessible) for every stop. A field survey can start with the busiest stops.,
garden-of-the-gods,Garden of the Gods,F,45.5,2026-08-07,stale,-1163,yes,Service data has expired,"Re-export the feed with a calendar that reaches further out, and set feed_info feed_end_date past your next service change.",ready
georgia-tech-trolley-stinger-shuttles,Georgia Tech Trolley & Stinger Shuttles,F,37.4,2026-08-07,stale,-4479,yes,Service data has expired,"Re-export the feed with a calendar that reaches further out, and set feed_info feed_end_date past your next service change.",ready
gtfs-de-local-transit,Germany local transit aggregate (gtfs.de),F,41.1,2026-08-07,expiring_soon,24,yes,Service data expires in 24 day(s),Re-export with a validity window that reaches at least 60 days out.,
gtfs-de-long-distance-rail,Germany long-distance rail aggregate (gtfs.de),F,55.5,2026-08-07,expiring_soon,24,yes,Service data expires in 24 day(s),Re-export with a validity window that reaches at least 60 days out.,
gtfs-de-regional-rail,Germany regional rail aggregate (gtfs.de),F,46.7,2026-08-07,expiring_soon,24,yes,Service data expires in 24 day(s),Re-export with a validity window that reaches at least 60 days out.,
gest-firenze,GEST — Tramvia di Firenze,F,43.8,2026-08-07,expiring_soon,23,yes,Service data expires in 23 day(s),Re-export with a validity window that reaches at least 60 days out.,
get-around-town-express,Get Around Town Express,F,51.3,2026-08-07,stale,-584,yes,Service data has expired,"Re-export the feed with a calendar that reaches further out, and set feed_info feed_end_date past your next service change.",ready
giant-forest-shuttle,Giant Forest Shuttle (Sequoia National Park),B,81.4,2026-08-07,current,31,yes,Service data expires in 31 day(s),Set wheelchair_boarding to 1 (accessible) or 2 (not accessible) for every stop. A field survey can start with the busiest stops.,ready
glendale-beeline,Glendale Beeline,F,49.1,2026-08-07,stale,-1437,yes,Service data has expired,"Re-export the feed with a calendar that reaches further out, and set feed_info feed_end_date past your next service change.",ready
glendora-transportation-division,Glendora Transportation Division,F,35.7,2026-08-07,stale,-1315,yes,Service data has expired,"Re-export the feed with a calendar that reaches further out, and set feed_info feed_end_date past your next service change.",ready
glendora-transportation-division-3097,Glendora Transportation Division,F,53.8,2026-08-07,lapsed,-7,yes,Service data has expired,"Re-export the feed with a calendar that reaches further out, and set feed_info feed_end_date past your next service change.",ready
glenn-transit-service,Glenn Transit Service,F,33.5,2026-08-07,stale,-1375,yes,Service data has expired,"Re-export the feed with a calendar that reaches further out, and set feed_info feed_end_date past your next service change.",ready
glenn-transit-service-2207,Glenn Transit Service,F,49.7,2026-08-07,stale,-463,yes,Service data has expired,"Re-export the feed with a calendar that reaches further out, and set feed_info feed_end_date past your next service change.",ready
gloversville-transit-services,Gloversville Transit Services,F,30.2,2026-08-07,stale,-950,yes,Service data has expired,"Re-export the feed with a calendar that reaches further out, and set feed_info feed_end_date past your next service change.",ready
go-transit-metrolinx,GO Transit (Metrolinx),C,76.4,2026-08-07,expiring_soon,28,yes,Service data expires in 28 day(s),Re-export with a validity window that reaches at least 60 days out.,
go-west-shuttle,Go West Shuttle,F,48.5,2026-08-07,stale,-1679,yes,Service data has expired,"Re-export the feed with a calendar that reaches further out, and set feed_info feed_end_date past your next service change.",ready
gocary,GoCary,F,52.9,2026-08-07,stale,-584,yes,Service data has expired,"Re-export the feed with a calendar that reaches further out, and set feed_info feed_end_date past your next service change.",ready
godurham,GoDurham,F,38.0,2026-08-07,lapsed,-219,yes,Service data has expired,"Re-export the feed with a calendar that reaches further out, and set feed_info feed_end_date past your next service change.",ready
glacier-going-to-the-sun-road-shuttle,Going-to-the-Sun Road Shuttle (Glacier National Park),B,87.9,2026-08-07,current,31,yes,Service data expires in 31 day(s),,ready
golden-gate-transit,Golden Gate Transit,F,59.1,2026-08-07,current,36,yes,Service data expires in 36 day(s),Set wheelchair_boarding to 1 (accessible) or 2 (not accessible) for every stop. A field survey can start with the busiest stops.,ready
gotriangle,GoTriangle,F,50.4,2026-08-07,stale,-584,yes,Service data has expired,"Re-export the feed with a calendar that reaches further out, and set feed_info feed_end_date past your next service change.",ready
gowal,GoWal,F,47.6,2026-08-07,stale,-1102,yes,Service data has expired,"Re-export the feed with a calendar that reaches further out, and set feed_info feed_end_date past your next service change.",ready
grand-valley-transit,Grand Valley Transit,F,55.2,2026-08-07,lapsed,-275,yes,Service data has expired,"Re-export the feed with a calendar that reaches further out, and set feed_info feed_end_date past your next service change.",ready
greater-attleboro-taunton-regional-transit-authority-gatra,Greater Attleboro Taunton Regional Transit Authority (GATRA),F,35.7,2026-08-07,stale,-474,yes,Service data has expired,"Re-export the feed with a calendar that reaches further out, and set feed_info feed_end_date past your next service change.",ready
greater-dayton-regional-transit-authority-greater-dayton-rta,Greater Dayton Regional Transit Authority (Greater Dayton RTA),D,64.3,2026-08-07,expiring_soon,29,yes,Service data expires in 29 day(s),Re-export with a validity window that reaches at least 60 days out.,ready
greater-glens-falls-transit,Greater Glens Falls Transit,F,20.2,2026-08-07,stale,-950,yes,Service data has expired,"Re-export the feed with a calendar that reaches further out, and set feed_info feed_end_date past your next service change.",ready
greater-peoria-mass-transit-citylink,Greater Peoria Mass Transit (CityLink),F,36.7,2026-08-07,stale,-1707,yes,Service data has expired,"Re-export the feed with a calendar that reaches further out, and set feed_info feed_end_date past your next service change.",ready
greater-portland-metro-bus,Greater Portland Metro Bus,F,23.5,2026-08-07,stale,-1189,yes,Service data has expired,"Re-export the feed with a calendar that reaches further out, and set feed_info feed_end_date past your next service change.",ready
greater-portland-metro-bus-2642,Greater Portland Metro Bus,F,55.7,2026-08-07,expiring_soon,29,yes,Service data expires in 29 day(s),Re-export with a validity window that reaches at least 60 days out.,ready
greeley-evans-transit-get-2076,Greeley-Evans Transit (GET),D,69.0,2026-08-07,expiring_soon,24,yes,Service data expires in 24 day(s),Re-export with a validity window that reaches at least 60 days out.,ready
green-bay-metro,Green Bay Metro,F,26.9,2026-08-07,stale,-2045,yes,Service data has expired,"Re-export the feed with a calendar that reaches further out, and set feed_info feed_end_date past your next service change.",ready
green-line-702,Green Line 702,F,59.6,2026-08-07,expiring_soon,23,yes,Service data expires in 23 day(s),Re-export with a validity window that reaches at least 60 days out.,
greensboro-transit-authority-gta,Greensboro Transit Authority (GTA),F,47.6,2026-08-07,stale,-525,yes,Service data has expired,"Re-export the feed with a calendar that reaches further out, and set feed_info feed_end_date past your next service change.",ready
groome-transportation,Groome Transportation,F,37.6,2026-08-07,stale,-1315,yes,Service data has expired,"Re-export the feed with a calendar that reaches further out, and set feed_info feed_end_date past your next service change.",ready
groome-transportation-greenride,Groome Transportation (Greenride),F,45.0,2026-08-07,stale,-1375,yes,Service data has expired,"Re-export the feed with a calendar that reaches further out, and set feed_info feed_end_date past your next service change.",ready
groome-transportation-arizona-shuttle,Groome Transportation - Arizona Shuttle,F,44.1,2026-08-07,stale,-1315,yes,Service data has expired,"Re-export the feed with a calendar that reaches further out, and set feed_info feed_end_date past your next service change.",ready
groome-transportation-colorado-springs-shuttle,Groome Transportation - Colorado Springs Shuttle,F,49.4,2026-08-07,stale,-1315,yes,Service data has expired,"Re-export the feed with a calendar that reaches further out, and set feed_info feed_end_date past your next service change.",ready
grtc-transit-system,GRTC Transit System,F,31.7,2026-08-07,stale,-811,yes,Service data has expired,"Re-export the feed with a calendar that reaches further out, and set feed_info feed_end_date past your next service change.",ready
gtrans,GTrans,F,23.0,2026-08-07,stale,-1071,yes,Service data has expired,"Re-export the feed with a calendar that reaches further out, and set feed_info feed_end_date past your next service change.",ready
guadalupe-flyer,Guadalupe Flyer,F,47.5,2026-08-07,stale,-383,yes,Service data has expired,"Re-export the feed with a calendar that reaches further out, and set feed_info feed_end_date past your next service change.",not_ready
gwinnett-county-transit,Gwinnett County Transit,F,42.4,2026-08-07,stale,-2044,yes,Service data has expired,"Re-export the feed with a calendar that reaches further out, and set feed_info feed_end_date past your next service change.",ready
harford-transit-link,Harford Transit LINK,F,32.0,2026-08-07,stale,-1315,yes,Service data has expired,"Re-export the feed with a calendar that reaches further out, and set feed_info feed_end_date past your next service change.",ready
connecticut-transit-597,Hartford Line - Rail,F,58.3,2026-08-07,stale,-1169,yes,Service data has expired,"Re-export the feed with a calendar that reaches further out, and set feed_info feed_end_date past your next service change.",not_ready
hawai-i-mass-transit-agency-hele-on-bus,Hawai'i Mass Transit Agency (Hele-On Bus),F,51.9,2026-08-07,stale,-956,yes,Service data has expired,"Re-export the feed with a calendar that reaches further out, and set feed_info feed_end_date past your next service change.",ready
harrisonburg-department-of-public-transportation-hdpt,HDPT,F,30.4,2026-08-07,stale,-1917,yes,Service data has expired,"Re-export the feed with a calendar that reaches further out, and set feed_info feed_end_date past your next service change.",at_risk
hsl-helsinki-region,Helsinki Region Transport (HSL),F,48.2,2026-08-07,current,57,yes,Service data expires in 57 day(s),Review the rule documentation for 'equal_shape_distance_diff_coordinates' at https://gtfs-validator.mobilitydata.org/rules.html and check the flagged rows in your feed.,
herkimer-oneida-counties-transportation-study-hocts,Herkimer-Oneida Counties Transportation Study (HOCTS),F,24.9,2026-08-07,stale,-1680,yes,Service data has expired,"Re-export the feed with a calendar that reaches further out, and set feed_info feed_end_date past your next service change.",ready
hernando-county-transit-thebus,Hernando County Transit (TheBus),F,50.2,2026-08-07,stale,-3505,yes,Service data has expired,"Re-export the feed with a calendar that reaches further out, and set feed_info feed_end_date past your next service change.",ready
hiawathaland-transit,Hiawathaland Transit,C,74.1,2026-08-07,current,55,yes,Service data expires in 55 day(s),Set wheelchair_boarding to 1 (accessible) or 2 (not accessible) for every stop. A field survey can start with the busiest stops.,at_risk
higashiomi-chokotto-bus,Higashiomi City Chokotto Bus (東近江市ちょこっとバス),C,70.8,2026-08-07,current,54,yes,Service data expires in 54 day(s),Set wheelchair_boarding to 1 (accessible) or 2 (not accessible) for every stop. A field survey can start with the busiest stops.,
hillsborough-area-regional-transit-hart,Hillsborough Area Regional Transit (HART),F,45.0,2026-08-07,expiring_soon,8,yes,Service data expires in 8 day(s),Re-export with a validity window that reaches at least 60 days out.,ready
hirado-city-fureai-bus,Hirado City Fureai Bus (平戸市ふれあいバス),C,79.3,2026-08-07,current,54,yes,Service data expires in 54 day(s),Set wheelchair_boarding to 1 (accessible) or 2 (not accessible) for every stop. A field survey can start with the busiest stops.,
homage-d-arling-direct,Homage: DʼArling Direct,F,48.8,2026-08-07,stale,-403,yes,Service data has expired,"Re-export the feed with a calendar that reaches further out, and set feed_info feed_end_date past your next service change.",ready
hornell-area-transit,Hornell Area Transit,F,33.5,2026-08-07,lapsed,-20,yes,Service data has expired,"Re-export the feed with a calendar that reaches further out, and set feed_info feed_end_date past your next service change.",ready
hudson-link,Hudson Link,B,80.6,2026-08-07,current,55,yes,Service data expires in 55 day(s),Set wheelchair_boarding to 1 (accessible) or 2 (not accessible) for every stop. A field survey can start with the busiest stops.,ready
huntington-park-express,Huntington Park Express,F,49.6,2026-08-07,stale,-584,yes,Service data has expired,"Re-export the feed with a calendar that reaches further out, and set feed_info feed_end_date past your next service change.",ready
huntington-park-express-2648,Huntington Park Express,F,48.8,2026-08-07,lapsed,-68,yes,Service data has expired,"Re-export the feed with a calendar that reaches further out, and set feed_info feed_end_date past your next service change.",ready
huntsville-shuttle,Huntsville Shuttle,F,46.7,2026-08-07,stale,-1315,yes,Service data has expired,"Re-export the feed with a calendar that reaches further out, and set feed_info feed_end_date past your next service change.",ready
ilevia-lille,ilévia (Métropole Européenne de Lille),D,60.7,2026-08-07,expiring_soon,23,yes,Service data expires in 23 day(s),Re-export with a validity window that reaches at least 60 days out.,
indian-trails-detroit-ann-arbor-express,"Indian Trails, Detroit Ann Arbor Express",F,56.1,2026-08-07,stale,-584,yes,Service data has expired,"Re-export the feed with a calendar that reaches further out, and set feed_info feed_end_date past your next service change.",ready
indygo,IndyGo,F,37.4,2026-08-07,stale,-895,yes,Service data has expired,"Re-export the feed with a calendar that reaches further out, and set feed_info feed_end_date past your next service change.",ready
inter-island-ferry,Inter-Island Ferry,C,70.8,2026-08-07,expiring_soon,24,yes,Service data expires in 24 day(s),Re-export with a validity window that reaches at least 60 days out.,ready
intercity-buses-cyprus,Intercity Buses Cyprus,D,63.8,2026-08-07,current,54,yes,Service data expires in 54 day(s),Review the rule documentation for 'foreign_key_violation' at https://gtfs-validator.mobilitydata.org/rules.html and check the flagged rows in your feed.,
intercity-transit,Intercity Transit,C,75.9,2026-08-07,current,36,yes,Service data expires in 36 day(s),Set wheelchair_boarding to 1 (accessible) or 2 (not accessible) for every stop. A field survey can start with the busiest stops.,ready
ise-okage-bus,Ise Okage Bus (伊勢市 おかげバス),D,64.0,2026-08-07,current,37,yes,Service data expires in 37 day(s),Ask your AVL vendor to publish updates at least every 20 seconds (the Caltrans guideline).,
island-transit,Island Transit,C,72.9,2026-08-07,current,55,yes,Service data expires in 55 day(s),Set wheelchair_boarding to 1 (accessible) or 2 (not accessible) for every stop. A field survey can start with the busiest stops.,ready
israel-mot-national,Israel Ministry of Transport national GTFS,F,29.8,2026-08-07,expiring_soon,30,yes,Service data expires in 30 day(s),Review the rule documentation for 'foreign_key_violation' at https://gtfs-validator.mobilitydata.org/rules.html and check the flagged rows in your feed.,
jackson-transit-authority,Jackson Transit Authority,F,59.5,2026-08-07,lapsed,-129,yes,Service data has expired,"Re-export the feed with a calendar that reaches further out, and set feed_info feed_end_date past your next service change.",ready
jamestown-s-klallam,Jamestown S'klallam,F,55.5,2026-08-07,stale,-2136,yes,Service data has expired,"Re-export the feed with a calendar that reaches further out, and set feed_info feed_end_date past your next service change.",ready
janesville-transit-system-2239,Janesville Transit System,F,52.6,2026-08-07,lapsed,-344,yes,Service data has expired,"Re-export the feed with a calendar that reaches further out, and set feed_info feed_end_date past your next service change.",ready
jaunt-inc,JAUNT Inc,F,38.0,2026-08-07,stale,-1315,yes,Service data has expired,"Re-export the feed with a calendar that reaches further out, and set feed_info feed_end_date past your next service change.",ready
jeffco-express,JeffCo Express,F,43.7,2026-08-07,stale,-1954,yes,Service data has expired,"Re-export the feed with a calendar that reaches further out, and set feed_info feed_end_date past your next service change.",ready
jfk-airtrain,JFK Airtrain,F,43.4,2026-08-07,stale,-1680,yes,Service data has expired,"Re-export the feed with a calendar that reaches further out, and set feed_info feed_end_date past your next service change.",ready
jonesboro-economical-transportation-jet,Jonesboro Economical Transportation (JET),F,44.1,2026-08-07,stale,-3141,yes,Service data has expired,"Re-export the feed with a calendar that reaches further out, and set feed_info feed_end_date past your next service change.",ready
jr-shikoku-bus-kochi,"JR Shikoku Bus, Kochi (JR四国バス 高知支店)",B,83.9,2026-08-07,current,54,yes,Service data expires in 54 day(s),Set wheelchair_boarding to 1 (accessible) or 2 (not accessible) for every stop. A field survey can start with the busiest stops.,
jtran,JTRAN,F,45.4,2026-08-07,stale,-1680,yes,Service data has expired,"Re-export the feed with a calendar that reaches further out, and set feed_info feed_end_date past your next service change.",ready
jump-around-carson,Jump Around Carson,F,50.8,2026-08-07,stale,-1680,yes,Service data has expired,"Re-export the feed with a calendar that reaches further out, and set feed_info feed_end_date past your next service change.",ready
kalamazoo-metro-transit,Kalamazoo Metro Transit,F,31.8,2026-08-07,stale,-1189,yes,Service data has expired,"Re-export the feed with a calendar that reaches further out, and set feed_info feed_end_date past your next service change.",ready
kalamazoo-metro-transit-2070,Kalamazoo Metro Transit,F,31.4,2026-08-07,stale,-705,yes,Service data has expired,"Re-export the feed with a calendar that reaches further out, and set feed_info feed_end_date past your next service change.",ready
kalispel-tribal-transit-kaltran,Kalispel Tribal Transit (KalTran),F,56.4,2026-08-07,stale,-797,yes,Service data has expired,"Re-export the feed with a calendar that reaches further out, and set feed_info feed_end_date past your next service change.",ready
kansas-city-area-transportation-authority-kcata,Kansas City Area Transportation Authority (KCATA),F,54.5,2026-08-07,current,57,yes,Service data expires in 57 day(s),Set wheelchair_boarding to 1 (accessible) or 2 (not accessible) for every stop. A field survey can start with the busiest stops.,ready
kayak-transit-ctuir,Kayak Transit (CTUIR),F,46.7,2026-08-07,stale,-403,yes,Service data has expired,"Re-export the feed with a calendar that reaches further out, and set feed_info feed_end_date past your next service change.",ready
ktmb-national,Keretapi Tanah Melayu (KTMB),F,17.2,2026-08-07,lapsed,0,yes,Service data expires in 0 day(s),"Re-export the feed with a calendar that reaches further out, and set feed_info feed_end_date past your next service change.",
key-west-transit,Key West Transit,F,46.8,2026-08-07,stale,-571,yes,Service data has expired,"Re-export the feed with a calendar that reaches further out, and set feed_info feed_end_date past your next service change.",ready
kimball-county-transit-service,Kimball County Transit Service,F,51.9,2026-08-07,lapsed,-205,yes,Service data has expired,"Re-export the feed with a calendar that reaches further out, and set feed_info feed_end_date past your next service change.",ready
king-county-metro,King County Metro,C,77.7,2026-08-07,expiring_soon,21,yes,Service data expires in 21 day(s),Re-export with a validity window that reaches at least 60 days out.,ready
kingman-area-regional-transit,Kingman Area Regional Transit,F,57.2,2026-08-07,lapsed,-219,yes,Service data has expired,"Re-export the feed with a calendar that reaches further out, and set feed_info feed_end_date past your next service change.",ready
kings-area-rural-transit,Kings Area Rural Transit,F,42.4,2026-08-07,stale,-2044,yes,Service data has expired,"Re-export the feed with a calendar that reaches further out, and set feed_info feed_end_date past your next service change.",ready
kiryas-joel-area-transit,Kiryas Joel Area Transit,F,55.1,2026-08-07,stale,-767,yes,Service data has expired,"Re-export the feed with a calendar that reaches further out, and set feed_info feed_end_date past your next service change.",ready
kitsap-transit,Kitsap Transit,D,64.2,2026-08-07,current,36,yes,Service data expires in 36 day(s),Check the trip updates endpoint with your AVL vendor; it should return a fresh GTFS-Realtime protobuf on every request.,ready
klamath-shuttle,Klamath Shuttle,F,51.1,2026-08-07,stale,-1432,yes,Service data has expired,"Re-export the feed with a calendar that reaches further out, and set feed_info feed_end_date past your next service change.",ready
klamath-shuttle-crater-lake-trolley,Klamath Shuttle - Crater Lake Trolley,F,50.9,2026-08-07,stale,-2531,yes,Service data has expired,"Re-export the feed with a calendar that reaches further out, and set feed_info feed_end_date past your next service change.",ready
komono-kamoshika-bus,Komono Kamoshika Bus (菰野町 かもしか号),D,60.1,2026-08-07,current,37,yes,Service data expires in 37 day(s),Ask your AVL vendor to publish updates at least every 20 seconds (the Caltrans guideline).,
kochi-konan-city-bus,Konan City Bus (香南市営バス),C,73.4,2026-08-07,current,55,yes,Service data expires in 55 day(s),Set wheelchair_boarding to 1 (accessible) or 2 (not accessible) for every stop. A field survey can start with the busiest stops.,
ku-on-wheels-lawrence-transit-system,KU on Wheels & Lawrence Transit System,F,35.1,2026-08-07,stale,-2014,yes,Service data has expired,"Re-export the feed with a calendar that reaches further out, and set feed_info feed_end_date past your next service change.",ready
ku-on-wheels-lawrence-transit-system-2063,KU on Wheels & Lawrence Transit System,D,63.5,2026-08-07,expiring_soon,29,yes,Service data expires in 29 day(s),Re-export with a validity window that reaches at least 60 days out.,ready
kyivpastrans,Kyivpastrans,F,59.2,2026-08-07,current,26809,yes,Grade slipped from D to F,Set wheelchair_boarding to 1 (accessible) or 2 (not accessible) for every stop. A field survey can start with the busiest stops.,
l-e-w-i-s-mountain-highway-transit,L.E.W.I.S. Mountain Highway Transit,F,54.4,2026-08-07,stale,-1163,yes,Service data has expired,"Re-export the feed with a calendar that reaches further out, and set feed_info feed_end_date past your next service change.",ready
la-puente-link,La Puente LINK,F,48.5,2026-08-07,stale,-1680,yes,Service data has expired,"Re-export the feed with a calendar that reaches further out, and set feed_info feed_end_date past your next service change.",ready
la-puente-link-2250,La Puente LINK,F,48.8,2026-08-07,stale,-584,yes,Service data has expired,"Re-export the feed with a calendar that reaches further out, and set feed_info feed_end_date past your next service change.",ready
lady-of-the-lake,Lady of the Lake,F,55.9,2026-08-07,current,31,yes,Service data expires in 31 day(s),Set wheelchair_boarding to 1 (accessible) or 2 (not accessible) for every stop. A field survey can start with the busiest stops.,ready
lake-county-connection,Lake County Connection,F,49.6,2026-08-07,stale,-2300,yes,Service data has expired,"Re-export the feed with a calendar that reaches further out, and set feed_info feed_end_date past your next service change.",ready
lake-county-connection-2255,Lake County Connection,C,74.9,2026-08-07,current,54,yes,Service data expires in 54 day(s),Set wheelchair_boarding to 1 (accessible) or 2 (not accessible) for every stop. A field survey can start with the busiest stops.,ready
lakeland-area-mass-transit,Lakeland Area Mass Transit,F,24.9,2026-08-07,stale,-2134,yes,Service data has expired,"Re-export the feed with a calendar that reaches further out, and set feed_info feed_end_date past your next service change.",ready
laketran,Laketran,C,73.3,2026-08-07,current,51,yes,Service data expires in 51 day(s),"Set wheelchair_accessible on every trip. If every vehicle is accessible, this may be one default; otherwise use the value for each trip.",ready
lakexpress,LakeXpress,F,38.0,2026-08-07,stale,-1680,yes,Service data has expired,"Re-export the feed with a calendar that reaches further out, and set feed_info feed_end_date past your next service change.",ready
lane-transit-district-ltd,Lane Transit District (LTD),F,39.2,2026-08-07,lapsed,-188,yes,Service data has expired,"Re-export the feed with a calendar that reaches further out, and set feed_info feed_end_date past your next service change.",ready
le-met-metz,LE MET' (Metz),F,55.5,2026-08-07,expiring_soon,23,yes,Service data expires in 23 day(s),Re-export with a validity window that reaches at least 60 days out.,
lehigh-and-northampton-transportation-authority-lanta,Lehigh and Northampton Transportation Authority (LANTA),F,14.1,2026-08-07,stale,-1431,yes,Service data has expired,"Re-export the feed with a calendar that reaches further out, and set feed_info feed_end_date past your next service change.",ready
let-er-bus,Let'er Bus,D,63.5,2026-08-07,expiring_soon,25,yes,Service data expires in 25 day(s),Re-export with a validity window that reaches at least 60 days out.,ready
lextran,Lextran,F,36.5,2026-08-07,stale,-1826,yes,Service data has expired,"Re-export the feed with a calendar that reaches further out, and set feed_info feed_end_date past your next service change.",ready
lextran-2067,Lextran,F,57.4,2026-08-07,expiring_soon,8,yes,Service data expires in 8 day(s),Re-export with a validity window that reaches at least 60 days out.,ready
lignes-dazur-nice,Lignes d'Azur (Nice),D,60.5,2026-08-07,current,37,yes,Service data expires in 37 day(s),Set wheelchair_boarding to 1 (accessible) or 2 (not accessible) for every stop. A field survey can start with the busiest stops.,
limoliner,LimoLiner,F,51.1,2026-08-07,stale,-2410,yes,Service data has expired,"Re-export the feed with a calendar that reaches further out, and set feed_info feed_end_date past your next service change.",ready
lincoln-county-transit-lct,Lincoln County Transit (LCT),B,82.7,2026-08-07,current,55,yes,Service data expires in 55 day(s),Set wheelchair_boarding to 1 (accessible) or 2 (not accessible) for every stop. A field survey can start with the busiest stops.,ready
livermore-amador-valley-transit-authority,Livermore Amador Valley Transit Authority,F,58.3,2026-08-07,lapsed,-99,yes,Service data has expired,"Re-export the feed with a calendar that reaches further out, and set feed_info feed_end_date past your next service change.",ready
lpp-ljubljana,Ljubljanski potniški promet (LPP),F,49.8,2026-08-07,expiring_soon,29,yes,Service data expires in 29 day(s),Re-export with a validity window that reaches at least 60 days out.,
maryland-transit-administration,Local Bus,F,49.7,2026-08-07,expiring_soon,15,yes,Service data expires in 15 day(s),Re-export with a validity window that reaches at least 60 days out.,ready
logan-express,Logan Express,F,48.4,2026-08-07,stale,-2044,yes,Service data has expired,"Re-export the feed with a calendar that reaches further out, and set feed_info feed_end_date past your next service change.",ready
london-transit-commission,London Transit Commission (Ontario),D,60.6,2026-08-07,expiring_soon,29,yes,Service data expires in 29 day(s),Re-export with a validity window that reaches at least 60 days out.,
long-beach-transit-lbt,Long Beach Transit (LBT),F,25.8,2026-08-07,expiring_soon,15,yes,Service data expires in 15 day(s),Re-export with a validity window that reaches at least 60 days out.,ready
long-island-rail-road,Long Island Rail Road,D,66.1,2026-08-07,current,31,yes,Service data expires in 31 day(s),"Set wheelchair_accessible on every trip. If every vehicle is accessible, this may be one default; otherwise use the value for each trip.",ready
metropolitan-transit-authority-mta,Long Island Rail Road,C,72.9,2026-08-07,current,31,yes,Service data expires in 31 day(s),"Set wheelchair_accessible on every trip. If every vehicle is accessible, this may be one default; otherwise use the value for each trip.",ready
los-angeles-county-metropolitan-transportation-authority-la-metro-30,Los Angeles County Metropolitan Transportation Authority (LA Metro) Rail,F,53.9,2026-08-07,expiring_soon,13,yes,Service data expires in 13 day(s),Re-export with a validity window that reaches at least 60 days out.,ready
loudoun-county-transit-2411,Loudoun County Transit Flex,D,65.6,2026-08-07,expiring_soon,25,yes,Service data expires in 25 day(s),Re-export with a validity window that reaches at least 60 days out.,not_ready
lower-columbia-cap-community-action-program,Lower Columbia CAP (Community Action Program),F,48.1,2026-08-07,stale,-393,yes,Service data has expired,"Re-export the feed with a calendar that reaches further out, and set feed_info feed_end_date past your next service change.",not_ready
lummi-island-ferry,Lummi Island Ferry,F,51.1,2026-08-07,lapsed,-6,yes,Service data has expired,"Re-export the feed with a calendar that reaches further out, and set feed_info feed_end_date past your next service change.",ready
lummi-transit,Lummi Transit,F,42.6,2026-08-07,lapsed,-86,yes,Service data has expired,"Re-export the feed with a calendar that reaches further out, and set feed_info feed_end_date past your next service change.",ready
lynwood-trolley-breeze,Lynwood Trolley / Breeze,F,46.8,2026-08-07,stale,-584,yes,Service data has expired,"Re-export the feed with a calendar that reaches further out, and set feed_info feed_end_date past your next service change.",ready
madison-county-transit-1145,Madison County Transit,F,7.0,2026-08-07,stale,-1553,yes,Service data has expired,"Re-export the feed with a calendar that reaches further out, and set feed_info feed_end_date past your next service change.",ready
magnetic-island-ferry,Magnetic Island Ferry (Translink),C,70.9,2026-08-07,current,59,yes,Service data expires in 59 day(s),Set wheelchair_boarding to 1 (accessible) or 2 (not accessible) for every terminal. A field survey can start with the busiest terminals.,
makah-public-transit,Makah Public Transit,F,53.7,2026-08-07,stale,-859,yes,Service data has expired,"Re-export the feed with a calendar that reaches further out, and set feed_info feed_end_date past your next service change.",ready
malheur-council-on-aging-community-services,Malheur Council on Aging & Community Services,D,65.1,2026-08-07,expiring_soon,25,yes,Service data expires in 25 day(s),Re-export with a validity window that reaches at least 60 days out.,ready
manatee-county-area-transit,Manatee County Area Transit,F,39.0,2026-08-07,stale,-2069,yes,Service data has expired,"Re-export the feed with a calendar that reaches further out, and set feed_info feed_end_date past your next service change.",ready
metropolitan-transit-authority-mta-513,Manhattan Bus,F,59.7,2026-08-07,expiring_soon,29,yes,Grade slipped from D to F,Re-export with a validity window that reaches at least 60 days out.,ready
marble-valley-regional-transit-district-mvrtd,Marble Valley Regional Transit District (MVRTD),D,60.0,2026-08-07,expiring_soon,24,yes,Service data expires in 24 day(s),Re-export with a validity window that reaches at least 60 days out.,ready
marble-valley-regional-transit-district-mvrtd-2831,Marble Valley Regional Transit District (MVRTD) Flex,F,48.6,2026-08-07,expiring_soon,24,yes,Service data expires in 24 day(s),Re-export with a validity window that reaches at least 60 days out.,at_risk
marin-transit,Marin Transit,B,80.2,2026-08-07,current,37,yes,Service data expires in 37 day(s),Add the required column named in the finding to the flagged file.,ready
marin-transit-2937,Marin Transit,D,64.2,2026-08-07,current,37,yes,Service data expires in 37 day(s),Check the trip updates endpoint with your AVL vendor; it should return a fresh GTFS-Realtime protobuf on every request.,ready
martha-s-vineyard-transit-authority,Martha's Vineyard Transit Authority,B,82.7,2026-08-07,current,57,yes,Service data expires in 57 day(s),Set wheelchair_boarding to 1 (accessible) or 2 (not accessible) for every stop. A field survey can start with the busiest stops.,ready
mass-transportation-authority-flint,Mass Transportation Authority Flint,F,45.6,2026-08-07,stale,-2411,yes,Service data has expired,"Re-export the feed with a calendar that reaches further out, and set feed_info feed_end_date past your next service change.",ready
massachusetts-bay-transportation-authority-mbta,Massachusetts Bay Transportation Authority (MBTA),D,67.3,2026-08-07,expiring_soon,29,yes,Service data expires in 29 day(s),Re-export with a validity window that reaches at least 60 days out.,ready
massachusetts-ferry-service,Massachusetts Ferry Service,F,40.6,2026-08-07,stale,-5698,yes,Service data has expired,"Re-export the feed with a calendar that reaches further out, and set feed_info feed_end_date past your next service change.",not_ready
massport,Massport,C,76.1,2026-08-07,expiring_soon,24,yes,Service data expires in 24 day(s),Re-export with a validity window that reaches at least 60 days out.,ready
matbus,MATBUS,F,41.2,2026-08-07,stale,-1269,yes,Service data has expired,"Re-export the feed with a calendar that reaches further out, and set feed_info feed_end_date past your next service change.",ready
memphis-area-transit-authority,Memphis Area Transit Authority,F,27.4,2026-08-07,stale,-1945,yes,Service data has expired,"Re-export the feed with a calendar that reaches further out, and set feed_info feed_end_date past your next service change.",ready
memphis-area-transit-authority-2352,Memphis Area Transit Authority,F,40.3,2026-08-07,stale,-515,yes,Service data has expired,"Re-export the feed with a calendar that reaches further out, and set feed_info feed_end_date past your next service change.",ready
mendocino-transit-authority,Mendocino Transit Authority,D,66.6,2026-08-07,expiring_soon,24,yes,Service data expires in 24 day(s),Re-export with a validity window that reaches at least 60 days out.,ready
merced-county-transit-the-bus,Merced County Transit (The Bus),F,58.2,2026-08-07,lapsed,-95,yes,Service data has expired,"Re-export the feed with a calendar that reaches further out, and set feed_info feed_end_date past your next service change.",ready
metro-bilbao,Metro Bilbao,D,61.1,2026-08-07,expiring_soon,29,yes,Service data expires in 29 day(s),Re-export with a validity window that reaches at least 60 days out.,
metro-malaga,Metro de Málaga,F,57.0,2026-08-07,expiring_soon,12,yes,Service data expires in 12 day(s),Re-export with a validity window that reaches at least 60 days out.,
metro-houston-2060,METRO Houston,F,40.9,2026-08-07,lapsed,-62,yes,Service data has expired,"Re-export the feed with a calendar that reaches further out, and set feed_info feed_end_date past your next service change.",ready
metro-st-louis,Metro St. Louis,D,63.1,2026-08-07,expiring_soon,23,yes,Service data expires in 23 day(s),Re-export with a validity window that reaches at least 60 days out.,ready
metro-transit,Metro Transit,C,78.8,2026-08-07,current,42,yes,Service data expires in 42 day(s),"Add fare_attributes.txt (or Fares v2 files) with your fare structure. If your service is fare-free, ask to have it marked fare-free instead.",ready
metro-transit-city-of-madison,Metro Transit - City of Madison,C,74.8,2026-08-07,expiring_soon,8,yes,Service data expires in 8 day(s),Re-export with a validity window that reaches at least 60 days out.,ready
metrobus-sussex,Metrobus,F,42.6,2026-08-07,expiring_soon,21,yes,Service data expires in 21 day(s),Re-export with a validity window that reaches at least 60 days out.,
metropolitan-area-commuter-system,Metropolitan Area Commuter System,F,36.3,2026-08-07,stale,-2595,yes,Service data has expired,"Re-export the feed with a calendar that reaches further out, and set feed_info feed_end_date past your next service change.",ready
metropolitan-atlanta-rapid-transit-authority-marta,Metropolitan Atlanta Rapid Transit Authority (MARTA),F,47.7,2026-08-07,expiring_soon,14,yes,Service data expires in 14 day(s),Re-export with a validity window that reaches at least 60 days out.,ready
metropolitan-transit-authority-of-black-hawk-county,Metropolitan Transit Authority of Black Hawk County,D,60.3,2026-08-07,stale,-2411,yes,Service data has expired,"Re-export the feed with a calendar that reaches further out, and set feed_info feed_end_date past your next service change.",ready
metropolitan-tulsa-transit-authority-mtta,Metropolitan Tulsa Transit Authority (MTTA),F,28.3,2026-08-07,stale,-1084,yes,Service data has expired,"Re-export the feed with a calendar that reaches further out, and set feed_info feed_end_date past your next service change.",ready
michigan-flyer,Michigan Flyer,F,57.3,2026-08-07,stale,-525,yes,Service data has expired,"Re-export the feed with a calendar that reaches further out, and set feed_info feed_end_date past your next service change.",ready
microsoft-shuttles,Microsoft Shuttles,F,18.9,2026-08-07,stale,-2045,yes,Service data has expired,"Re-export the feed with a calendar that reaches further out, and set feed_info feed_end_date past your next service change.",at_risk
middletown-area-transit,Middletown Area Transit,F,45.2,2026-08-07,stale,-1134,yes,Service data has expired,"Re-export the feed with a calendar that reaches further out, and set feed_info feed_end_date past your next service change.",ready
middletown-area-transit-2324,Middletown Area Transit,F,55.0,2026-08-07,stale,-935,yes,Service data has expired,"Re-export the feed with a calendar that reaches further out, and set feed_info feed_end_date past your next service change.",ready
milwaukee-county-transit-system-mcts,Milwaukee County Transit System (MCTS),F,39.6,2026-08-07,stale,-888,yes,Service data has expired,"Re-export the feed with a calendar that reaches further out, and set feed_info feed_end_date past your next service change.",ready
minamichita-umikko-bus,Minamichita Town Umikko Bus (南知多町海っ子バス),C,74.1,2026-08-07,current,54,yes,Service data expires in 54 day(s),Set wheelchair_boarding to 1 (accessible) or 2 (not accessible) for every stop. A field survey can start with the busiest stops.,
minnesota-valley-transit-authority-mvta,Minnesota Valley Transit Authority (MVTA),F,42.3,2026-08-07,expiring_soon,19,yes,Service data expires in 19 day(s),Check the vehicle positions endpoint with your AVL vendor; it should return a fresh GTFS-Realtime protobuf on every request.,ready
mizuho-choisoko-demand-transit,Mizuho Town Choi-Soko Demand Transit (チョイソコみずほまち),D,67.8,2026-08-07,current,54,yes,Service data expires in 54 day(s),Review the rule documentation for 'stop_time_timepoint_without_times' at https://gtfs-validator.mobilitydata.org/rules.html and check the flagged rows in your feed.,
modesto-area-express,Modesto Area Express,F,31.6,2026-08-07,stale,-889,yes,Service data has expired,"Re-export the feed with a calendar that reaches further out, and set feed_info feed_end_date past your next service change.",ready
monroe-county-transportation-authority-mcta,Monroe County Transportation Authority (MCTA),F,52.4,2026-08-07,stale,-881,yes,Service data has expired,"Re-export the feed with a calendar that reaches further out, and set feed_info feed_end_date past your next service change.",ready
montachusett-regional-transit-authority-mart,Montachusett Regional Transit Authority (MART),C,75.5,2026-08-07,current,54,yes,Service data expires in 54 day(s),Set wheelchair_boarding to 1 (accessible) or 2 (not accessible) for every stop. A field survey can start with the busiest stops.,ready
montebello-bus-lines,Montebello Bus Lines,F,46.4,2026-08-07,stale,-1863,yes,Service data has expired,"Re-export the feed with a calendar that reaches further out, and set feed_info feed_end_date past your next service change.",ready
montebello-bus-lines-2201,Montebello Bus Lines,D,66.0,2026-08-07,expiring_soon,30,yes,Service data expires in 30 day(s),Set wheelchair_boarding to 1 (accessible) or 2 (not accessible) for every stop. A field survey can start with the busiest stops.,ready
monterey-salinas-transit-mst,Monterey-Salinas Transit (MST),F,55.6,2026-08-07,expiring_soon,21,yes,Service data expires in 21 day(s),Re-export with a validity window that reaches at least 60 days out.,ready
montgomery-county-department-of-transportation-ride-on,Montgomery County Department of Transportation (Ride On),F,39.2,2026-08-07,expiring_soon,29,yes,Service data expires in 29 day(s),Re-export with a validity window that reaches at least 60 days out.,ready
montelibus-montelimar,Montélibus (Montélimar),F,43.4,2026-08-07,expiring_soon,23,yes,Service data expires in 23 day(s),Re-export with a validity window that reaches at least 60 days out.,
moorpark-city-transit,Moorpark City Transit,D,65.6,2026-08-07,expiring_soon,25,yes,Service data expires in 25 day(s),Re-export with a validity window that reaches at least 60 days out.,ready
moova-vesoul,moova (Vesoul),F,26.1,2026-08-07,expiring_soon,24,yes,Service data expires in 24 day(s),Re-export with a validity window that reaches at least 60 days out.,
moover,MOOver,F,39.5,2026-08-07,stale,-1717,yes,Service data has expired,"Re-export the feed with a calendar that reaches further out, and set feed_info feed_end_date past your next service change.",at_risk
morebus,Morebus,D,61.9,2026-08-07,current,37,yes,Service data expires in 37 day(s),Set wheelchair_boarding to 1 (accessible) or 2 (not accessible) for every stop. A field survey can start with the busiest stops.,
morro-bay-transit,Morro Bay Transit,F,53.4,2026-08-07,stale,-1757,yes,Service data has expired,"Re-export the feed with a calendar that reaches further out, and set feed_info feed_end_date past your next service change.",ready
morro-bay-transit-2059,Morro Bay Transit,F,48.0,2026-08-07,stale,-433,yes,Service data has expired,"Re-export the feed with a calendar that reaches further out, and set feed_info feed_end_date past your next service change.",ready
mountain-empire-transit,Mountain Empire Transit Flex,C,78.1,2026-08-07,current,55,yes,Service data expires in 55 day(s),Set wheelchair_boarding to 1 (accessible) or 2 (not accessible) for every stop. A field survey can start with the busiest stops.,not_ready
mountain-express-mtnexp,Mountain Express (MtnExp),F,55.8,2026-08-07,stale,-1159,yes,Service data has expired,"Re-export the feed with a calendar that reaches further out, and set feed_info feed_end_date past your next service change.",ready
mountain-line-1148,Mountain Line,F,28.6,2026-08-07,lapsed,-222,yes,Service data has expired,Review the rule documentation for 'trip_distance_exceeds_shape_distance' at https://gtfs-validator.mobilitydata.org/rules.html and check the flagged rows in your feed.,ready
mountain-lynx-transit-2447,Mountain Lynx Transit Flex,F,35.2,2026-08-07,lapsed,-1,yes,Service data has expired,"Re-export the feed with a calendar that reaches further out, and set feed_info feed_end_date past your next service change.",at_risk
mountain-metropolitan-transit,Mountain Metropolitan Transit,F,26.2,2026-08-07,stale,-3233,yes,Service data has expired,"Re-export the feed with a calendar that reaches further out, and set feed_info feed_end_date past your next service change.",ready
mountain-metropolitan-transit-2356,Mountain Metropolitan Transit,F,44.3,2026-08-07,lapsed,-314,yes,Service data has expired,"Re-export the feed with a calendar that reaches further out, and set feed_info feed_end_date past your next service change.",ready
mountain-rides-transportation-authority-mrta,Mountain Rides Transportation Authority (MRTA),F,41.5,2026-08-07,stale,-5698,yes,Service data has expired,"Re-export the feed with a calendar that reaches further out, and set feed_info feed_end_date past your next service change.",ready
mountain-view-transportation-management-association-mvgo,Mountain View Transportation Management Association (MVgo),F,47.9,2026-08-07,stale,-950,yes,Service data has expired,"Re-export the feed with a calendar that reaches further out, and set feed_info feed_end_date past your next service change.",ready
move-vendome,Move (Vendôme),F,39.3,2026-08-07,expiring_soon,24,yes,Service data expires in 24 day(s),Re-export with a validity window that reaches at least 60 days out.,
move-stanislaus,Move Stanislaus,C,73.6,2026-08-07,current,55,yes,Service data expires in 55 day(s),Set wheelchair_boarding to 1 (accessible) or 2 (not accessible) for every stop. A field survey can start with the busiest stops.,not_ready
mpk-legnica,MPK Legnica,D,61.0,2026-08-07,current,54,yes,Service data expires in 54 day(s),Set wheelchair_boarding to 1 (accessible) or 2 (not accessible) for every stop. A field survey can start with the busiest stops.,
mt-bachelor,Mt. Bachelor,F,50.2,2026-08-07,stale,-1133,yes,Service data has expired,"Re-export the feed with a calendar that reaches further out, and set feed_info feed_end_date past your next service change.",ready
muckleshoot-tribal-transit,Muckleshoot Tribal Transit,C,76.7,2026-08-07,current,55,yes,Service data expires in 55 day(s),Set wheelchair_boarding to 1 (accessible) or 2 (not accessible) for every stop. A field survey can start with the busiest stops.,ready
muletown-trolley,Muletown Trolley,F,55.5,2026-08-07,lapsed,-225,yes,Service data has expired,"Re-export the feed with a calendar that reaches further out, and set feed_info feed_end_date past your next service change.",not_ready
muncie-indiana-transit-system-mits,Muncie Indiana Transit System (MITS),F,29.5,2026-08-07,stale,-3520,yes,Service data has expired,"Re-export the feed with a calendar that reaches further out, and set feed_info feed_end_date past your next service change.",ready
mvv-munchen,Münchner Verkehrs- und Tarifverbund (MVV),F,40.6,2026-08-07,lapsed,-7,yes,Service data has expired,"Re-export the feed with a calendar that reaches further out, and set feed_info feed_end_date past your next service change.",
nantucket-regional-transit-authority-wave,Nantucket Regional Transit Authority (WAVE),D,66.9,2026-08-07,expiring_soon,25,yes,Service data expires in 25 day(s),Re-export with a validity window that reaches at least 60 days out.,ready
nassau-inter-county-express-nice-bus,Nassau Inter-County Express (NICE Bus),F,56.8,2026-08-07,current,36,yes,Service data expires in 36 day(s),Review the rule documentation for 'trip_distance_exceeds_shape_distance' at https://gtfs-validator.mobilitydata.org/rules.html and check the flagged rows in your feed.,ready
navajo-transit-system,Navajo Transit System,F,56.6,2026-08-07,stale,-2014,yes,Service data has expired,"Re-export the feed with a calendar that reaches further out, and set feed_info feed_end_date past your next service change.",ready
fr-pan-82998,Navette estivale Corté - vallée de la Restonica,D,66.8,2026-08-07,current,54,yes,Service data expires in 54 day(s),Set wheelchair_boarding to 1 (accessible) or 2 (not accessible) for every stop. A field survey can start with the busiest stops.,
nevada-county-connects-gold-country-stage,Nevada County Connects (Gold Country Stage),D,61.4,2026-08-07,lapsed,-188,yes,Service data has expired,"Re-export the feed with a calendar that reaches further out, and set feed_info feed_end_date past your next service change.",ready
new-york-trailways,New York Trailways,F,14.6,2026-08-07,stale,-1680,yes,Service data has expired,"Re-export the feed with a calendar that reaches further out, and set feed_info feed_end_date past your next service change.",ready
newburgh-beacon-shuttle-leprechaun-lines,Newburgh Beacon Shuttle (Leprechaun Lines),F,40.1,2026-08-07,lapsed,-219,yes,Service data has expired,"Re-export the feed with a calendar that reaches further out, and set feed_info feed_end_date past your next service change.",ready
newbury-district,Newbury & District,F,54.5,2026-08-07,expiring_soon,24,yes,Service data expires in 24 day(s),Re-export with a validity window that reaches at least 60 days out.,
niagara-frontier-transportation-authority-nfta,Niagara Frontier Transportation Authority (NFTA),F,29.7,2026-08-07,stale,-783,yes,Service data has expired,"Re-export the feed with a calendar that reaches further out, and set feed_info feed_end_date past your next service change.",ready
nisqually-transit,Nisqually Transit,F,49.9,2026-08-07,stale,-584,yes,Service data has expired,"Re-export the feed with a calendar that reaches further out, and set feed_info feed_end_date past your next service change.",ready
north-carolina-state-university-ncsu,North Carolina State University (NCSU),F,46.8,2026-08-07,stale,-2229,yes,Service data has expired,"Re-export the feed with a calendar that reaches further out, and set feed_info feed_end_date past your next service change.",ready
north-carolina-state-university-ncsu-2245,North Carolina State University (NCSU),D,62.4,2026-08-07,expiring_soon,29,yes,Service data expires in 29 day(s),Re-export with a validity window that reaches at least 60 days out.,ready
north-central-regional-transit-district-ncrtd,North Central Regional Transit District (NCRTD),F,41.3,2026-08-07,stale,-1833,yes,Service data has expired,"Re-export the feed with a calendar that reaches further out, and set feed_info feed_end_date past your next service change.",ready
northwest-point,NorthWest POINT,F,45.9,2026-08-07,stale,-1849,yes,Service data has expired,"Re-export the feed with a calendar that reaches further out, and set feed_info feed_end_date past your next service change.",ready
norwalk-transit-district,Norwalk Transit District,F,20.8,2026-08-07,stale,-1680,yes,Service data has expired,"Re-export the feed with a calendar that reaches further out, and set feed_info feed_end_date past your next service change.",ready
norwalk-transit-system-nts,Norwalk Transit System (NTS),F,22.7,2026-08-07,stale,-1314,yes,Service data has expired,"Re-export the feed with a calendar that reaches further out, and set feed_info feed_end_date past your next service change.",ready
ny-waterway,NY Waterway,F,33.0,2026-08-07,stale,-950,yes,Service data has expired,"Re-export the feed with a calendar that reaches further out, and set feed_info feed_end_date past your next service change.",at_risk
metropolitan-transit-authority-mta-510,NYC Bus Company,D,67.9,2026-08-07,expiring_soon,29,yes,Service data expires in 29 day(s),Re-export with a validity window that reaches at least 60 days out.,ready
metropolitan-transit-authority-mta-516,NYC Subway,C,73.1,2026-08-07,current,31,yes,Service data expires in 31 day(s),Set wheelchair_boarding to 1 (accessible) or 2 (not accessible) for every stop. A field survey can start with the busiest stops.,ready
metropolitan-transit-authority-mta-511,NYC Subway Supplemented,D,62.3,2026-08-07,current,31,yes,Service data expires in 31 day(s),Set wheelchair_boarding to 1 (accessible) or 2 (not accessible) for every stop. A field survey can start with the busiest stops.,at_risk
oakville-transit,Oakville Transit,F,56.6,2026-08-07,expiring_soon,29,yes,Service data expires in 29 day(s),Re-export with a validity window that reaches at least 60 days out.,
oasa-athens-rail,"OASA Athens rail transport (metro, electric railway, tram)",F,55.9,2026-08-07,expiring_soon,24,yes,Service data expires in 24 day(s),Re-export with a validity window that reaches at least 60 days out.,
oasa-athens-road,OASA Athens road transport (buses and trolleybuses),F,55.6,2026-08-07,current,60,yes,Service data expires in 60 day(s),Set wheelchair_boarding to 1 (accessible) or 2 (not accessible) for every stop. A field survey can start with the busiest stops.,
ocean-city-transportation,Ocean City Transportation,F,34.7,2026-08-07,stale,-2268,yes,Service data has expired,"Re-export the feed with a calendar that reaches further out, and set feed_info feed_end_date past your next service change.",ready
omaha-metro,Omaha Metro,F,39.3,2026-08-07,stale,-2253,yes,Service data has expired,"Re-export the feed with a calendar that reaches further out, and set feed_info feed_end_date past your next service change.",ready
orange-county-transportation-authority-octa,Orange County Transportation Authority (OCTA),F,39.6,2026-08-07,expiring_soon,1,yes,Service data expires in 1 day(s),Re-export with a validity window that reaches at least 60 days out.,ready
oregon-department-of-transportation,Oregon Department of Transportation,B,81.0,2026-08-07,current,55,yes,Service data expires in 55 day(s),Set wheelchair_boarding to 1 (accessible) or 2 (not accessible) for every stop. A field survey can start with the busiest stops.,ready
oregon-express-shuttle,Oregon Express Shuttle,D,65.5,2026-08-07,expiring_soon,25,yes,Service data expires in 25 day(s),Re-export with a validity window that reaches at least 60 days out.,ready
otsego-express-public-transportation,Otsego Express Public Transportation,F,40.6,2026-08-07,lapsed,-68,yes,Service data has expired,"Re-export the feed with a calendar that reaches further out, and set feed_info feed_end_date past your next service change.",ready
pace-bus,Pace Bus,F,47.0,2026-08-07,stale,-860,yes,Service data has expired,"Re-export the feed with a calendar that reaches further out, and set feed_info feed_end_date past your next service change.",ready
pace-bus-2347,Pace Bus,F,58.8,2026-08-07,expiring_soon,22,yes,Service data expires in 22 day(s),Re-export with a validity window that reaches at least 60 days out.,ready
pacific-crest-bus-lines,Pacific Crest Bus Lines,C,70.4,2026-08-07,expiring_soon,24,yes,Service data expires in 24 day(s),Re-export with a validity window that reaches at least 60 days out.,ready
palm-tran,Palm Tran,F,59.7,2026-08-07,current,43,yes,Grade slipped from D to F,Set wheelchair_boarding to 1 (accessible) or 2 (not accessible) for every stop. A field survey can start with the busiest stops.,ready
palo-verde-valley-transit-agency,Palo Verde Valley Transit Agency,F,50.7,2026-08-07,stale,-584,yes,Service data has expired,"Re-export the feed with a calendar that reaches further out, and set feed_info feed_end_date past your next service change.",ready
panevezys-district-public-transport,Panevėžys district public transport,D,66.9,2026-08-07,current,55,yes,Service data expires in 55 day(s),Set wheelchair_boarding to 1 (accessible) or 2 (not accessible) for every stop. A field survey can start with the busiest stops.,
pasco-county-public-transportation,Pasco County Public Transportation,F,45.3,2026-08-07,stale,-1133,yes,Service data has expired,"Re-export the feed with a calendar that reaches further out, and set feed_info feed_end_date past your next service change.",not_ready
patco-speedline,PATCO Speedline,B,81.5,2026-08-07,expiring_soon,24,yes,Service data expires in 24 day(s),Re-export with a validity window that reaches at least 60 days out.,at_risk
patriots-party-boats,Patriots Party Boats,C,70.3,2026-08-07,expiring_soon,25,yes,Service data expires in 25 day(s),Re-export with a validity window that reaches at least 60 days out.,ready
petaluma-transit,Petaluma Transit,F,48.1,2026-08-07,stale,-1134,yes,Service data has expired,"Re-export the feed with a calendar that reaches further out, and set feed_info feed_end_date past your next service change.",ready
peter-pan,Peter Pan,F,43.7,2026-08-07,stale,-584,yes,Service data has expired,"Re-export the feed with a calendar that reaches further out, and set feed_info feed_end_date past your next service change.",ready
philomath-connection,Philomath Connection,F,51.1,2026-08-07,stale,-1589,yes,Service data has expired,"Re-export the feed with a calendar that reaches further out, and set feed_info feed_end_date past your next service change.",ready
pierce-transit,Pierce Transit,C,71.1,2026-08-07,expiring_soon,22,yes,Service data expires in 22 day(s),Re-export with a validity window that reaches at least 60 days out.,ready
pinellas-suncoast-transit-authority-psta,Pinellas Suncoast Transit Authority (PSTA),F,34.2,2026-08-07,lapsed,-62,yes,Service data has expired,"Re-export the feed with a calendar that reaches further out, and set feed_info feed_end_date past your next service change.",ready
pioneer-valley-transit-authority-pvta,Pioneer Valley Transit Authority (PVTA),F,30.3,2026-08-07,stale,-874,yes,Service data has expired,"Re-export the feed with a calendar that reaches further out, and set feed_info feed_end_date past your next service change.",ready
pioneer-valley-transit-authority-pvta-2416,Pioneer Valley Transit Authority (PVTA),F,29.4,2026-08-07,expiring_soon,15,yes,Service data expires in 15 day(s),Re-export with a validity window that reaches at least 60 days out.,ready
skm-trojmiasto,PKP Szybka Kolej Miejska w Trójmieście (SKM),F,34.8,2026-08-07,expiring_soon,22,yes,Service data expires in 22 day(s),Re-export with a validity window that reaches at least 60 days out.,
tahoe-area-regional-transit-tart-north-lake-tahoe-express,Placer County,D,62.0,2026-08-07,current,31,yes,Service data expires in 31 day(s),Set wheelchair_boarding to 1 (accessible) or 2 (not accessible) for every stop. A field survey can start with the busiest stops.,ready
placer-county-transit,Placer County Transit,C,78.4,2026-08-07,current,55,yes,Service data expires in 55 day(s),Set wheelchair_boarding to 1 (accessible) or 2 (not accessible) for every stop. A field survey can start with the busiest stops.,ready
playa-vista-shuttle,Playa Vista Shuttle,F,46.4,2026-08-07,stale,-1686,yes,Service data has expired,"Re-export the feed with a calendar that reaches further out, and set feed_info feed_end_date past your next service change.",ready
plumas-transit,Plumas Transit,D,67.4,2026-08-07,expiring_soon,25,yes,Service data expires in 25 day(s),Re-export with a validity window that reaches at least 60 days out.,ready
plymouth-brockton-street-railway-co,Plymouth & Brockton Street Railway Co,B,86.2,2026-08-07,current,55,yes,Service data expires in 55 day(s),"Set wheelchair_accessible on every trip. If every vehicle is accessible, this may be one default; otherwise use the value for each trip.",ready
port-authority-trans-hudson-path,Port Authority Trans-Hudson (PATH),F,52.9,2026-08-07,lapsed,-67,yes,Service data has expired,"Re-export the feed with a calendar that reaches further out, and set feed_info feed_end_date past your next service change.",ready
portage-area-regional-transportation-authority-parta,Portage Area Regional Transportation Authority (PARTA),F,36.8,2026-08-07,stale,-2400,yes,Service data has expired,"Re-export the feed with a calendar that reaches further out, and set feed_info feed_end_date past your next service change.",ready
portage-area-regional-transportation-authority-parta-2256,Portage Area Regional Transportation Authority (PARTA),F,49.7,2026-08-07,expiring_soon,15,yes,Service data expires in 15 day(s),Re-export with a validity window that reaches at least 60 days out.,ready
porterville-transit,Porterville Transit,F,41.2,2026-08-07,stale,-1041,yes,Service data has expired,"Re-export the feed with a calendar that reaches further out, and set feed_info feed_end_date past your next service change.",ready
potomac-and-rappahannock-transportation-commission-prtc,Potomac and Rappahannock Transportation Commission (PRTC),F,24.5,2026-08-07,stale,-642,yes,Service data has expired,"Re-export the feed with a calendar that reaches further out, and set feed_info feed_end_date past your next service change.",ready
pid-prague,Pražská integrovaná doprava (PID),F,31.0,2026-08-07,expiring_soon,12,yes,Service data expires in 12 day(s),Re-export with a validity window that reaches at least 60 days out.,
metro-transit-intercity-transit-city-of-seattle-community-transit-pierce-transit-sound-transit-washington-state-ferries-seattlecentermonorail-everett-transit-seattle-children-s-hospital,Puget Sound Consolidated GTFS,F,34.9,2026-08-07,expiring_soon,21,yes,Service data expires in 21 day(s),Re-export with a validity window that reaches at least 60 days out.,ready
puget-sound-express,Puget Sound Express,F,53.7,2026-08-07,stale,-2505,yes,Service data has expired,"Re-export the feed with a calendar that reaches further out, and set feed_info feed_end_date past your next service change.",ready
pulaski-area-transit-pat,Pulaski Area Transit (PAT),F,42.6,2026-08-07,stale,-1499,yes,Service data has expired,"Re-export the feed with a calendar that reaches further out, and set feed_info feed_end_date past your next service change.",ready
pulaski-area-transit-pat-2198,Pulaski Area Transit (PAT),D,61.9,2026-08-07,expiring_soon,25,yes,Service data expires in 25 day(s),Re-export with a validity window that reaches at least 60 days out.,ready
pulaski-area-transit-pat-2442,Pulaski Area Transit (PAT) Flex,D,64.8,2026-08-07,expiring_soon,25,yes,Service data expires in 25 day(s),Re-export with a validity window that reaches at least 60 days out.,at_risk
qline-detroit,Qline Detroit,F,50.4,2026-08-07,lapsed,-219,yes,Service data has expired,"Re-export the feed with a calendar that reaches further out, and set feed_info feed_end_date past your next service change.",ready
quail-trail-public-transit,Quail Trail Public Transit,D,66.5,2026-08-07,expiring_soon,25,yes,Service data expires in 25 day(s),Re-export with a validity window that reaches at least 60 days out.,ready
queen-anne-s-county-ride,Queen Anne's County Ride,F,59.2,2026-08-07,stale,-2045,yes,Service data has expired,"Re-export the feed with a calendar that reaches further out, and set feed_info feed_end_date past your next service change.",ready
metropolitan-transit-authority-mta-520,Queens Bus,F,58.8,2026-08-07,expiring_soon,29,yes,Service data expires in 29 day(s),Re-export with a validity window that reaches at least 60 days out.,ready
rabbit-transit,Rabbit Transit,F,34.6,2026-08-07,stale,-1315,yes,Service data has expired,"Re-export the feed with a calendar that reaches further out, and set feed_info feed_end_date past your next service change.",ready
radford-transit,Radford Transit,F,52.6,2026-08-07,expiring_soon,29,yes,Service data expires in 29 day(s),Re-export with a validity window that reaches at least 60 days out.,ready
rapidkl-mrtfeeder,Rapid KL MRT feeder bus,F,44.8,2026-08-07,expiring_soon,24,yes,Service data expires in 24 day(s),Re-export with a validity window that reaches at least 60 days out.,
rapidpenang-bus,Rapid Penang,F,50.3,2026-08-07,expiring_soon,24,yes,Service data expires in 24 day(s),Re-export with a validity window that reaches at least 60 days out.,
reading-buses,Reading Buses,F,56.5,2026-08-07,expiring_soon,24,yes,Service data expires in 24 day(s),Re-export with a validity window that reaches at least 60 days out.,
red-rose-transit-authority-rrta,Red Rose Transit Authority (RRTA),F,48.0,2026-08-07,stale,-1680,yes,Service data has expired,"Re-export the feed with a calendar that reaches further out, and set feed_info feed_end_date past your next service change.",not_ready
redding-area-bus-authority,Redding Area Bus Authority,F,56.9,2026-08-07,lapsed,-74,yes,Service data has expired,"Re-export the feed with a calendar that reaches further out, and set feed_info feed_end_date past your next service change.",ready
redding-area-bus-authority-raba,Redding Area Bus Authority (RABA),F,26.4,2026-08-07,stale,-1041,yes,Service data has expired,"Re-export the feed with a calendar that reaches further out, and set feed_info feed_end_date past your next service change.",ready
redding-area-bus-authority-raba-1972,Redding Area Bus Authority (RABA),F,37.3,2026-08-07,lapsed,-219,yes,Service data has expired,"Re-export the feed with a calendar that reaches further out, and set feed_info feed_end_date past your next service change.",ready
redding-area-bus-authority-2853,Redding Area Bus Authority Flex,F,37.8,2026-08-07,lapsed,-219,yes,Service data has expired,"Re-export the feed with a calendar that reaches further out, and set feed_info feed_end_date past your next service change.",not_ready
redwood-coast-transit-rct,Redwood Coast Transit (RCT),F,55.5,2026-08-07,lapsed,-76,yes,Service data has expired,"Re-export the feed with a calendar that reaches further out, and set feed_info feed_end_date past your next service change.",ready
regional-transit-service,Regional Transit Service,F,37.6,2026-08-07,stale,-1954,yes,Service data has expired,"Re-export the feed with a calendar that reaches further out, and set feed_info feed_end_date past your next service change.",ready
regional-transit-service-seneca-rts-seneca,Regional Transit Service Seneca (RTS Seneca),F,38.8,2026-08-07,stale,-5881,yes,Service data has expired,"Re-export the feed with a calendar that reaches further out, and set feed_info feed_end_date past your next service change.",ready
regional-transportation-commission-rtc,Regional Transportation Commission (RTC),D,70.0,2026-08-07,expiring_soon,28,yes,Grade slipped from C to D,Re-export with a validity window that reaches at least 60 days out.,ready
regional-transportation-commission-of-southern-nevada-rtc,Regional Transportation Commission of Southern Nevada (RTC),F,33.1,2026-08-07,stale,-874,yes,Service data has expired,"Re-export the feed with a calendar that reaches further out, and set feed_info feed_end_date past your next service change.",ready
regional-transportation-district,Regional Transportation District,F,40.2,2026-08-07,current,50,yes,Service data expires in 50 day(s),Review the rule documentation for 'stop_time_with_only_arrival_or_departure_time' at https://gtfs-validator.mobilitydata.org/rules.html and check the flagged rows in your feed.,at_risk
regional-transportation-district-rtd-178,Regional Transportation District (RTD),C,75.7,2026-08-07,current,50,yes,Service data expires in 50 day(s),"Set wheelchair_accessible on every trip. If every vehicle is accessible, this may be one default; otherwise use the value for each trip.",ready
relaxsan,reLAXsan,F,54.4,2026-08-07,lapsed,-116,yes,Service data has expired,"Re-export the feed with a calendar that reaches further out, and set feed_info feed_end_date past your next service change.",ready
rhode-island-public-transit-authority,Rhode Island Public Transit Authority,D,64.5,2026-08-07,expiring_soon,21,yes,Service data expires in 21 day(s),Re-export with a validity window that reaches at least 60 days out.,ready
rhody-express,Rhody Express,D,68.2,2026-08-07,expiring_soon,25,yes,Service data expires in 25 day(s),Re-export with a validity window that reaches at least 60 days out.,ready
ride-sitka,RIDE Sitka,F,52.9,2026-08-07,stale,-1680,yes,Service data has expired,"Re-export the feed with a calendar that reaches further out, and set feed_info feed_end_date past your next service change.",ready
ridgecrest-transit,Ridgecrest Transit,F,52.3,2026-08-07,stale,-371,yes,Service data has expired,"Re-export the feed with a calendar that reaches further out, and set feed_info feed_end_date past your next service change.",ready
ridgerunner,Ridgerunner,F,19.5,2026-08-07,stale,-1680,yes,Service data has expired,"Re-export the feed with a calendar that reaches further out, and set feed_info feed_end_date past your next service change.",ready
rio-metro-regional-transit-district,Rio Metro Regional Transit District,D,63.0,2026-08-07,stale,-829,yes,Service data has expired,"Re-export the feed with a calendar that reaches further out, and set feed_info feed_end_date past your next service change.",ready
rio-vista-delta-breeze,Rio Vista Delta Breeze,F,52.0,2026-08-07,stale,-553,yes,Service data has expired,"Re-export the feed with a calendar that reaches further out, and set feed_info feed_end_date past your next service change.",ready
ritmo-haguenau,Ritmo (Haguenau),F,42.8,2026-08-07,expiring_soon,24,yes,Service data expires in 24 day(s),Re-export with a validity window that reaches at least 60 days out.,
riverside-transit-agency,Riverside Transit Agency,D,65.9,2026-08-07,current,36,yes,Service data expires in 36 day(s),Set wheelchair_boarding to 1 (accessible) or 2 (not accessible) for every stop. A field survey can start with the busiest stops.,ready
rlv-riom,RLV Mobilités (Riom),F,16.0,2026-08-07,expiring_soon,23,yes,Service data expires in 23 day(s),Re-export with a validity window that reaches at least 60 days out.,
roadrunner,RoadRunner,F,53.0,2026-08-07,stale,-3505,yes,Service data has expired,"Re-export the feed with a calendar that reaches further out, and set feed_info feed_end_date past your next service change.",ready
roadrunner-transit,RoadRUNNER Transit,D,61.8,2026-08-07,stale,-1100,yes,Service data has expired,"Re-export the feed with a calendar that reaches further out, and set feed_info feed_end_date past your next service change.",ready
roadrunner-transit-2075,RoadRUNNER Transit,F,53.6,2026-08-07,expiring_soon,29,yes,Service data expires in 29 day(s),Re-export with a validity window that reaches at least 60 days out.,ready
roaring-fork-transportation-authority,Roaring Fork Transportation Authority,C,77.1,2026-08-07,current,44,yes,Service data expires in 44 day(s),Set wheelchair_boarding to 1 (accessible) or 2 (not accessible) for every stop. A field survey can start with the busiest stops.,ready
roaring-fork-transportation-authority-2278,Roaring Fork Transportation Authority,C,77.1,2026-08-07,current,44,yes,Service data expires in 44 day(s),Set wheelchair_boarding to 1 (accessible) or 2 (not accessible) for every stop. A field survey can start with the busiest stops.,ready
roaring-fork-transportation-authority-rfta,Roaring Fork Transportation Authority (RFTA) Flex,C,74.6,2026-08-07,current,55,yes,Service data expires in 55 day(s),Set wheelchair_boarding to 1 (accessible) or 2 (not accessible) for every stop. A field survey can start with the busiest stops.,not_ready
rochester-city-lines,Rochester City Lines,F,50.8,2026-08-07,stale,-3871,yes,Service data has expired,"Re-export the feed with a calendar that reaches further out, and set feed_info feed_end_date past your next service change.",ready
rochester-genesee-regional-transportation-authority-rgrta,Rochester-Genesee Regional Transportation Authority (RGRTA),D,61.7,2026-08-07,expiring_soon,30,yes,Service data expires in 30 day(s),Set wheelchair_boarding to 1 (accessible) or 2 (not accessible) for every stop. A field survey can start with the busiest stops.,ready
rock-region-metro,Rock Region Metro,F,39.7,2026-08-07,stale,-3872,yes,Service data has expired,"Re-export the feed with a calendar that reaches further out, and set feed_info feed_end_date past your next service change.",ready
rock-region-metro-2264,Rock Region Metro,F,36.9,2026-08-07,lapsed,-292,yes,Service data has expired,"Re-export the feed with a calendar that reaches further out, and set feed_info feed_end_date past your next service change.",ready
rockford-mass-transit-district,Rockford Mass Transit District,F,46.7,2026-08-07,lapsed,-216,yes,Service data has expired,"Re-export the feed with a calendar that reaches further out, and set feed_info feed_end_date past your next service change.",ready
rockingham-moover,Rockingham MOOver,C,79.0,2026-08-07,current,55,yes,Service data expires in 55 day(s),Set wheelchair_boarding to 1 (accessible) or 2 (not accessible) for every stop. A field survey can start with the busiest stops.,ready
rogue-valley-transportation-district-rvtd,Rogue Valley Transportation District (RVTD),F,47.4,2026-08-07,lapsed,-145,yes,Service data has expired,"Re-export the feed with a calendar that reaches further out, and set feed_info feed_end_date past your next service change.",ready
rogue-valley-transportation-district-rvtd-3103,Rogue Valley Transportation District (RVTD),F,44.1,2026-08-07,lapsed,-47,yes,Service data has expired,"Re-export the feed with a calendar that reaches further out, and set feed_info feed_end_date past your next service change.",ready
roma-servizi-mobilita,Roma Servizi per la Mobilità,F,32.3,2026-08-07,current,38,yes,Service window shortened unexpectedly on 2026-08-07,Review the rule documentation for 'trip_distance_exceeds_shape_distance' at https://gtfs-validator.mobilitydata.org/rules.html and check the flagged rows in your feed.,
rosemead-explorer,Rosemead Explorer,F,51.3,2026-08-07,stale,-584,yes,Service data has expired,"Re-export the feed with a calendar that reaches further out, and set feed_info feed_end_date past your next service change.",ready
rosemead-explorer-3098,Rosemead Explorer,F,55.1,2026-08-07,expiring_soon,29,yes,Service data expires in 29 day(s),Re-export with a validity window that reaches at least 60 days out.,ready
ruraltransit,ruralTRANSIT,D,64.3,2026-08-07,expiring_soon,24,yes,Service data expires in 24 day(s),Re-export with a validity window that reaches at least 60 days out.,ready
ryde-racine,Ryde Racine,F,45.3,2026-08-07,stale,-1498,yes,Service data has expired,"Re-export the feed with a calendar that reaches further out, and set feed_info feed_end_date past your next service change.",ready
fr-pan-81479,Réseau interurbain BreizhGo Bateaux — Breizhgo Bateaux Bréhat,D,69.5,2026-08-07,current,54,yes,Service data expires in 54 day(s),Set wheelchair_boarding to 1 (accessible) or 2 (not accessible) for every terminal. A field survey can start with the busiest terminals.,
fluo-grand-est-aube,Réseau interurbain Fluo Grand Est - Aube,F,24.7,2026-08-07,expiring_soon,23,yes,Service data expires in 23 day(s),Re-export with a validity window that reaches at least 60 days out.,
fr-pan-82305,Réseau maritime de Corse du Sud,F,55.0,2026-08-07,current,54,yes,Service data expires in 54 day(s),Set wheelchair_boarding to 1 (accessible) or 2 (not accessible) for every terminal. A field survey can start with the busiest terminals.,
reseau-mistral-toulon,Réseau Mistral (Toulon),F,52.6,2026-08-07,expiring_soon,24,yes,Service data expires in 24 day(s),Re-export with a validity window that reaches at least 60 days out.,
fr-pan-81252,Réseau urbain A Citadina,F,57.0,2026-08-07,current,54,yes,Service data expires in 54 day(s),Set wheelchair_boarding to 1 (accessible) or 2 (not accessible) for every stop. A field survey can start with the busiest stops.,
cap-cotentin,Réseau urbain Cap Cotentin,F,42.9,2026-08-07,expiring_soon,23,yes,Service data expires in 23 day(s),Re-export with a validity window that reaches at least 60 days out.,
fr-cmonbus,Réseau urbain Cmonbus,D,66.9,2026-08-07,current,54,yes,Service data expires in 54 day(s),Set wheelchair_boarding to 1 (accessible) or 2 (not accessible) for every stop. A field survey can start with the busiest stops.,
fr-pan-82150,Réseau urbain CVL Mobilité,C,74.2,2026-08-07,current,57,yes,Service data expires in 57 day(s),Set wheelchair_boarding to 1 (accessible) or 2 (not accessible) for every stop. A field survey can start with the busiest stops.,
fr-pan-81042,Réseau urbain et interurbain Aire’MOB,D,60.1,2026-08-07,current,54,yes,Service data expires in 54 day(s),Review the rule documentation for 'trip_distance_exceeds_shape_distance' at https://gtfs-validator.mobilitydata.org/rules.html and check the flagged rows in your feed.,
fr-pan-79272,Réseau urbain et scolaire T'CAP — dsp24data-gtfs-2024-09-23-15-45-06.zip,D,69.6,2026-08-07,current,54,yes,Grade slipped from C to D,Review the rule documentation for 'stop_time_with_arrival_before_previous_departure_time' at https://gtfs-validator.mobilitydata.org/rules.html and check the flagged rows in your feed.,
fr-pan-81342,Réseau urbain et scolaire T'CAP — sco24data-gtfs-2024-10-16-10-39-46.zip,D,65.9,2026-08-07,current,54,yes,Service data expires in 54 day(s),Review the rule documentation for 'stop_time_with_arrival_before_previous_departure_time' at https://gtfs-validator.mobilitydata.org/rules.html and check the flagged rows in your feed.,
fr-grandole-mobilites,Réseau urbain Grandole Mobilités,D,68.4,2026-08-07,current,54,yes,Service data expires in 54 day(s),Set wheelchair_boarding to 1 (accessible) or 2 (not accessible) for every stop. A field survey can start with the busiest stops.,
fr-pan-81519,Réseau urbain Hoplà,D,63.6,2026-08-07,current,54,yes,Service data expires in 54 day(s),Set wheelchair_boarding to 1 (accessible) or 2 (not accessible) for every stop. A field survey can start with the busiest stops.,
fr-pan-80465,Réseau urbain Le Bus,F,50.5,2026-08-07,current,50,yes,Service data expires in 50 day(s),Set wheelchair_boarding to 1 (accessible) or 2 (not accessible) for every stop. A field survey can start with the busiest stops.,
fr-pan-79537,Réseau urbain Réso,B,84.3,2026-08-07,current,58,yes,Service data expires in 58 day(s),"Check the flagged stops' shape_dist_traveled against the route shape, and re-generate it on export if they disagree.",
fr-pan-83962,Réseau urbain Via Bastia,F,45.9,2026-08-07,current,54,yes,Service data expires in 54 day(s),Review the rule documentation for 'equal_shape_distance_diff_coordinates' at https://gtfs-validator.mobilitydata.org/rules.html and check the flagged rows in your feed.,
sacramento-regional-transit-sacrt,Sacramento Regional Transit (SacRT),F,47.5,2026-08-07,expiring_soon,8,yes,Service data expires in 8 day(s),Re-export with a validity window that reaches at least 60 days out.,ready
sacramento-regional-transit-sacrt-2137,Sacramento Regional Transit (SacRT),F,39.1,2026-08-07,stale,-489,yes,Service data has expired,"Re-export the feed with a calendar that reaches further out, and set feed_info feed_end_date past your next service change.",ready
saint-mary-s-transit-system,Saint Maryʼs Transit System,F,42.8,2026-08-07,stale,-2013,yes,Service data has expired,"Re-export the feed with a calendar that reaches further out, and set feed_info feed_end_date past your next service change.",ready
salisbury-reds,Salisbury Reds,F,49.9,2026-08-07,expiring_soon,22,yes,Service data expires in 22 day(s),Re-export with a validity window that reaches at least 60 days out.,
samtrans,SamTrans,F,56.3,2026-08-07,lapsed,-6,yes,Service data has expired,"Re-export the feed with a calendar that reaches further out, and set feed_info feed_end_date past your next service change.",ready
san-diego-international-airport-metropolitan-transit-system-mts,"San Diego International Airport, Metropolitan Transit System (MTS)",F,42.0,2026-08-07,expiring_soon,29,yes,Service data expires in 29 day(s),Re-export with a validity window that reaches at least 60 days out.,at_risk
san-francisco-municipal-transportation-agency-sfmta-muni,San Francisco Municipal Transportation Agency (SFMTA - Muni),F,31.6,2026-08-07,stale,-721,yes,Service data has expired,"Re-export the feed with a calendar that reaches further out, and set feed_info feed_end_date past your next service change.",ready
san-francisco-municipal-transportation-agency-sfmta-muni-2886,San Francisco Municipal Transportation Agency (SFMTA - Muni),F,43.6,2026-08-07,expiring_soon,21,yes,Service data expires in 21 day(s),Re-export with a validity window that reaches at least 60 days out.,ready
san-juan-capistrano-free-weekend-trolley,San Juan Capistrano Free Weekend Trolley,F,51.1,2026-08-07,stale,-1707,yes,Service data has expired,"Re-export the feed with a calendar that reaches further out, and set feed_info feed_end_date past your next service change.",ready
san-leandro-links,San Leandro Links,F,44.5,2026-08-07,stale,-1680,yes,Service data has expired,"Re-export the feed with a calendar that reaches further out, and set feed_info feed_end_date past your next service change.",ready
san-miguel-authority-for-regional-transportation-smart,San Miguel Authority for Regional Transportation (SMART),F,48.7,2026-08-07,stale,-1225,yes,Service data has expired,"Re-export the feed with a calendar that reaches further out, and set feed_info feed_end_date past your next service change.",ready
sandia-shuttle,Sandia Shuttle,F,49.4,2026-08-07,stale,-1315,yes,Service data has expired,"Re-export the feed with a calendar that reaches further out, and set feed_info feed_end_date past your next service change.",ready
sandy-area-metro-sam-2739,Sandy Area Metro (SAM) Realtime Static,D,62.2,2026-08-07,expiring_soon,29,yes,Service data expires in 29 day(s),Re-export with a validity window that reaches at least 60 days out.,ready
sanford-trolley,Sanford Trolley,F,57.0,2026-08-07,stale,-1680,yes,Service data has expired,"Re-export the feed with a calendar that reaches further out, and set feed_info feed_end_date past your next service change.",ready
santa-barbara-metropolitan-transit-district-mtd,Santa Barbara Metropolitan Transit District (MTD),C,73.5,2026-08-07,expiring_soon,9,yes,Service data expires in 9 day(s),Re-export with a validity window that reaches at least 60 days out.,ready
santa-clara-valley-transportation-authority-vta,Santa Clara Valley Transportation Authority (VTA),F,49.4,2026-08-07,expiring_soon,2,yes,Service data expires in 2 day(s),Re-export with a validity window that reaches at least 60 days out.,ready
santa-cruz-metro-scmtd,Santa Cruz Metro (SCMTD),F,56.2,2026-08-07,stale,-695,yes,Service data has expired,"Re-export the feed with a calendar that reaches further out, and set feed_info feed_end_date past your next service change.",ready
santa-cruz-metro-scmtd-2425,Santa Cruz Metro (SCMTD),B,82.1,2026-08-07,current,33,yes,Service data expires in 33 day(s),Set wheelchair_boarding to 1 (accessible) or 2 (not accessible) for every stop. A field survey can start with the busiest stops.,ready
santa-fe-trails,Santa Fe Trails,D,64.8,2026-08-07,lapsed,-130,yes,Service data has expired,"Re-export the feed with a calendar that reaches further out, and set feed_info feed_end_date past your next service change.",ready
santa-maria-area-transit,Santa Maria Area Transit,F,33.6,2026-08-07,stale,-1741,yes,Service data has expired,"Re-export the feed with a calendar that reaches further out, and set feed_info feed_end_date past your next service change.",ready
santa-rosa-citybus,Santa Rosa CityBus,F,36.5,2026-08-07,stale,-2325,yes,Service data has expired,"Re-export the feed with a calendar that reaches further out, and set feed_info feed_end_date past your next service change.",ready
santa-rosa-citybus-1986,Santa Rosa CityBus,F,39.6,2026-08-07,stale,-887,yes,Service data has expired,"Re-export the feed with a calendar that reaches further out, and set feed_info feed_end_date past your next service change.",ready
sarasota-county-area-transit,Sarasota County Area Transit,F,22.6,2026-08-07,stale,-1708,yes,Service data has expired,"Re-export the feed with a calendar that reaches further out, and set feed_info feed_end_date past your next service change.",ready
schuyler-county-transit,Schuyler County Transit,F,45.9,2026-08-07,stale,-950,yes,Service data has expired,"Re-export the feed with a calendar that reaches further out, and set feed_info feed_end_date past your next service change.",ready
seattle-children-s-hospital-shuttle,Seattle Children's Hospital Shuttle,F,37.9,2026-08-07,stale,-767,yes,Service data has expired,"Re-export the feed with a calendar that reaches further out, and set feed_info feed_end_date past your next service change.",ready
selah-transit,Selah Transit,D,62.4,2026-08-07,lapsed,-128,yes,Service data has expired,"Re-export the feed with a calendar that reaches further out, and set feed_info feed_end_date past your next service change.",
dc-circulator,Service Discontinued,F,39.4,2026-08-07,stale,-1588,yes,Service data has expired,"Re-export the feed with a calendar that reaches further out, and set feed_info feed_end_date past your next service change.",ready
shore-line-east,Shore Line East,F,47.9,2026-08-07,stale,-584,yes,Service data has expired,"Re-export the feed with a calendar that reaches further out, and set feed_info feed_end_date past your next service change.",not_ready
shore-transit,Shore Transit,F,42.6,2026-08-07,stale,-2410,yes,Service data has expired,"Re-export the feed with a calendar that reaches further out, and set feed_info feed_end_date past your next service change.",ready
shore-transit-3149,Shore Transit,F,49.2,2026-08-07,lapsed,-77,yes,Service data has expired,"Re-export the feed with a calendar that reaches further out, and set feed_info feed_end_date past your next service change.",ready
shuttle-oregon,Shuttle Oregon,F,42.1,2026-08-07,stale,-1163,yes,Service data has expired,"Re-export the feed with a calendar that reaches further out, and set feed_info feed_end_date past your next service change.",ready
sierra-madre-gateway-coach,Sierra Madre Gateway Coach,F,48.5,2026-08-07,stale,-1680,yes,Service data has expired,"Re-export the feed with a calendar that reaches further out, and set feed_info feed_end_date past your next service change.",ready
sierra-madre-gateway-coach-2251,Sierra Madre Gateway Coach,F,54.1,2026-08-07,stale,-584,yes,Service data has expired,"Re-export the feed with a calendar that reaches further out, and set feed_info feed_end_date past your next service change.",ready
silver-key-senior-services,Silver Key Senior Services Flex,D,65.6,2026-08-07,expiring_soon,25,yes,Service data expires in 25 day(s),Re-export with a validity window that reaches at least 60 days out.,not_ready
simi-valley-transit,Simi Valley Transit,F,56.6,2026-08-07,stale,-1163,yes,Service data has expired,"Re-export the feed with a calendar that reaches further out, and set feed_info feed_end_date past your next service change.",ready
sioux-area-metro-sam,Sioux Area Metro (SAM),F,50.0,2026-08-07,stale,-858,yes,Service data has expired,"Re-export the feed with a calendar that reaches further out, and set feed_info feed_end_date past your next service change.",ready
sncf-transilien,SNCF Transilien,F,44.1,2026-08-07,expiring_soon,28,yes,Service data expires in 28 day(s),Re-export with a validity window that reaches at least 60 days out.,
snowmass-village-transportation,Snowmass Village Transportation,D,68.8,2026-08-07,current,44,yes,Service data expires in 44 day(s),Set wheelchair_boarding to 1 (accessible) or 2 (not accessible) for every stop. A field survey can start with the busiest stops.,ready
sonoma-county-airport-express,Sonoma County Airport Express,F,49.4,2026-08-07,stale,-1315,yes,Service data has expired,"Re-export the feed with a calendar that reaches further out, and set feed_info feed_end_date past your next service change.",ready
sonoma-county-transit-sct,Sonoma County Transit (SCT),F,53.5,2026-08-07,expiring_soon,1,yes,Service data expires in 1 day(s),Re-export with a validity window that reaches at least 60 days out.,ready
sound-transit,Sound Transit,C,71.8,2026-08-07,expiring_soon,21,yes,Service data expires in 21 day(s),Re-export with a validity window that reaches at least 60 days out.,ready
south-clackamas-transportation-district,South Clackamas Transportation District,D,60.8,2026-08-07,expiring_soon,24,yes,Service data expires in 24 day(s),Re-export with a validity window that reaches at least 60 days out.,ready
south-county-transit-link,South County Transit Link,F,30.0,2026-08-07,stale,-1680,yes,Service data has expired,"Re-export the feed with a calendar that reaches further out, and set feed_info feed_end_date past your next service change.",ready
south-florida-regional-transportation-authority-tri-rail,South Florida Regional Transportation Authority (Tri-Rail),F,56.7,2026-08-07,lapsed,-219,yes,Service data has expired,"Re-export the feed with a calendar that reaches further out, and set feed_info feed_end_date past your next service change.",ready
south-lane-wheels,South Lane Wheels,F,48.1,2026-08-07,stale,-1071,yes,Service data has expired,"Re-export the feed with a calendar that reaches further out, and set feed_info feed_end_date past your next service change.",not_ready
south-metro-area-regional-transit-smart,South Metro Area Regional Transit (SMART),F,30.1,2026-08-07,stale,-1079,yes,Service data has expired,"Re-export the feed with a calendar that reaches further out, and set feed_info feed_end_date past your next service change.",ready
south-portland,South Portland,F,37.2,2026-08-07,stale,-1590,yes,Service data has expired,"Re-export the feed with a calendar that reaches further out, and set feed_info feed_end_date past your next service change.",ready
south-portland-2641,South Portland,F,37.0,2026-08-07,lapsed,-306,yes,Service data has expired,"Re-export the feed with a calendar that reaches further out, and set feed_info feed_end_date past your next service change.",ready
grand-canyon-national-park,South Rim Shuttle,B,87.8,2026-08-07,current,35,yes,Service data expires in 35 day(s),Remove past service periods the next time you export the feed.,ready
southeast-area-transit-district,Southeast Area Transit District,F,44.5,2026-08-07,stale,-1167,yes,Service data has expired,"Re-export the feed with a calendar that reaches further out, and set feed_info feed_end_date past your next service change.",ready
southeastern-pennsylvania-transportation-authority-septa,Southeastern Pennsylvania Transportation Authority (SEPTA) Bus,F,48.1,2026-08-07,expiring_soon,15,yes,Service data expires in 15 day(s),Re-export with a validity window that reaches at least 60 days out.,ready
southeastern-pennsylvania-transportation-authority-septa-503,Southeastern Pennsylvania Transportation Authority (SEPTA) Rail,C,76.3,2026-08-07,expiring_soon,22,yes,Service data expires in 22 day(s),Re-export with a validity window that reaches at least 60 days out.,ready
southeastern-regional-transit-authority-srta,Southeastern Regional Transit Authority (SRTA),C,70.5,2026-08-07,expiring_soon,22,yes,Service data expires in 22 day(s),Re-export with a validity window that reaches at least 60 days out.,ready
southern-vectis,Southern Vectis,D,67.8,2026-08-07,current,50,yes,Service data expires in 50 day(s),Set wheelchair_boarding to 1 (accessible) or 2 (not accessible) for every stop. A field survey can start with the busiest stops.,
southwest-point,SouthWest POINT,F,48.5,2026-08-07,stale,-1849,yes,Service data has expired,"Re-export the feed with a calendar that reaches further out, and set feed_info feed_end_date past your next service change.",ready
spirit-bus,Spirit Bus,F,52.3,2026-08-07,stale,-858,yes,Service data has expired,"Re-export the feed with a calendar that reaches further out, and set feed_info feed_end_date past your next service change.",ready
spirit-bus-2202,Spirit Bus,D,60.4,2026-08-07,expiring_soon,29,yes,Score fell 6.3 points since 2026-08-06,Re-export with a validity window that reaches at least 60 days out.,ready
springfield-mass-transit-district-smtd,Springfield Mass Transit District (SMTD),F,55.9,2026-08-07,lapsed,-62,yes,Service data has expired,"Re-export the feed with a calendar that reaches further out, and set feed_info feed_end_date past your next service change.",ready
springfield-mass-transit-district-smtd-3187,Springfield Mass Transit District (SMTD),D,61.2,2026-08-07,expiring_soon,15,yes,Service data expires in 15 day(s),Re-export with a validity window that reaches at least 60 days out.,ready
vtrans,Springfield MicroMoo,D,60.7,2026-08-07,current,55,yes,Service data expires in 55 day(s),Review the rule documentation for 'trip_distance_exceeds_shape_distance' at https://gtfs-validator.mobilitydata.org/rules.html and check the flagged rows in your feed.,at_risk
squaxin-island-transit,Squaxin Island Transit,F,53.8,2026-08-07,stale,-1011,yes,Service data has expired,"Re-export the feed with a calendar that reaches further out, and set feed_info feed_end_date past your next service change.",ready
squaxin-island-transit-2197,Squaxin Island Transit,B,81.0,2026-08-07,current,55,yes,Service data expires in 55 day(s),Set wheelchair_boarding to 1 (accessible) or 2 (not accessible) for every stop. A field survey can start with the busiest stops.,ready
st-lawrence-county-public-transit,St Lawrence County Public Transit,F,40.4,2026-08-07,lapsed,-99,yes,Service data has expired,"Re-export the feed with a calendar that reaches further out, and set feed_info feed_end_date past your next service change.",ready
st-lawrence-county-public-transit-2611,St Lawrence County Public Transit,F,53.3,2026-08-07,expiring_soon,29,yes,Service data expires in 29 day(s),Re-export with a validity window that reaches at least 60 days out.,ready
st-mary-s-transit-system-sts,St. Mary's Transit System (STS),F,42.8,2026-08-07,stale,-2013,yes,Service data has expired,"Re-export the feed with a calendar that reaches further out, and set feed_info feed_end_date past your next service change.",ready
stagecoach-transportation-services-sts,Stagecoach Transportation Services (STS),F,21.4,2026-08-07,stale,-2410,yes,Service data has expired,"Re-export the feed with a calendar that reaches further out, and set feed_info feed_end_date past your next service change.",ready
stanislaus-regional-transit-start,Stanislaus Regional Transit (StaRT),F,47.6,2026-08-07,stale,-2045,yes,Service data has expired,"Re-export the feed with a calendar that reaches further out, and set feed_info feed_end_date past your next service change.",ready
stanislaus-regional-transit-authority,Stanislaus Regional Transit Authority,F,44.4,2026-08-07,lapsed,-67,yes,Service data has expired,"Re-export the feed with a calendar that reaches further out, and set feed_info feed_end_date past your next service change.",not_ready
stanislaus-regional-transit-authority-stanrta,Stanislaus Regional Transit Authority (StanRTA),F,41.9,2026-08-07,stale,-889,yes,Service data has expired,"Re-export the feed with a calendar that reaches further out, and set feed_info feed_end_date past your next service change.",ready
stark-area-regional-transit-authority-sarta,Stark Area Regional Transit Authority (SARTA),F,29.2,2026-08-07,stale,-1000,yes,Service data has expired,"Re-export the feed with a calendar that reaches further out, and set feed_info feed_end_date past your next service change.",ready
stark-area-regional-transit-authority-sarta-2001,Stark Area Regional Transit Authority (SARTA),F,37.5,2026-08-07,expiring_soon,1,yes,Service data expires in 1 day(s),Re-export with a validity window that reaches at least 60 days out.,ready
starmetro,StarMetro,F,56.8,2026-08-07,stale,-705,yes,Service data has expired,"Re-export the feed with a calendar that reaches further out, and set feed_info feed_end_date past your next service change.",ready
startran,StarTran,F,52.1,2026-08-07,stale,-2045,yes,Service data has expired,"Re-export the feed with a calendar that reaches further out, and set feed_info feed_end_date past your next service change.",at_risk
metropolitan-transit-authority-mta-514,Staten Island Bus,F,58.5,2026-08-07,expiring_soon,29,yes,Service data expires in 29 day(s),Re-export with a validity window that reaches at least 60 days out.,ready
stcp-porto,STCP (Sociedade de Transportes Colectivos do Porto),F,34.4,2026-08-07,lapsed,-8,yes,Service data has expired,"Re-export the feed with a calendar that reaches further out, and set feed_info feed_end_date past your next service change.",
steel-valley-regional-transit-authority,Steel Valley Regional Transit Authority,F,54.7,2026-08-07,lapsed,-219,yes,Service data has expired,Confirm your next service period is published: export its calendar and set feed_info feed_end_date past it.,at_risk
steuben-area-rides,Steuben Area Rides,F,18.2,2026-08-07,stale,-2045,yes,Service data has expired,"Re-export the feed with a calendar that reaches further out, and set feed_info feed_end_date past your next service change.",ready
steuben-county-transit,Steuben County Transit,F,26.5,2026-08-07,lapsed,-219,yes,Service data has expired,"Re-export the feed with a calendar that reaches further out, and set feed_info feed_end_date past your next service change.",ready
suburban-mobility-authority-for-regional-transit-smart,Suburban Mobility Authority for Regional Transit (SMART),C,74.8,2026-08-07,expiring_soon,30,yes,Service data expires in 30 day(s),Set wheelchair_boarding to 1 (accessible) or 2 (not accessible) for every stop. A field survey can start with the busiest stops.,ready
suffolk-county-transit,Suffolk County Transit,F,32.5,2026-08-07,lapsed,-219,yes,Service data has expired,"Re-export the feed with a calendar that reaches further out, and set feed_info feed_end_date past your next service change.",ready
sunline-transit-agency,SunLine Transit Agency,F,20.3,2026-08-07,lapsed,-219,yes,Service data has expired,"Re-export the feed with a calendar that reaches further out, and set feed_info feed_end_date past your next service change.",ready
sunset-empire-transportation-district-setd-tillamook-county-transportation-district-columbia-county-rider,"Sunset Empire Transportation District (SETD), Tillamook County Transportation District, Columbia County Rider",D,69.3,2026-08-07,expiring_soon,25,yes,Service data expires in 25 day(s),Re-export with a validity window that reaches at least 60 days out.,ready
sunshine-bus-company,Sunshine Bus Company,F,41.2,2026-08-07,stale,-1315,yes,Service data has expired,"Re-export the feed with a calendar that reaches further out, and set feed_info feed_end_date past your next service change.",ready
suntran,SunTran,F,47.2,2026-08-07,stale,-447,yes,Service data has expired,"Re-export the feed with a calendar that reaches further out, and set feed_info feed_end_date past your next service change.",ready
suntran-2354,SunTran,F,55.7,2026-08-07,lapsed,-83,yes,Service data has expired,"Re-export the feed with a calendar that reaches further out, and set feed_info feed_end_date past your next service change.",ready
suntran-343,SunTran,F,54.6,2026-08-07,stale,-736,yes,Service data has expired,"Re-export the feed with a calendar that reaches further out, and set feed_info feed_end_date past your next service change.",ready
swindons-bus-company,Swindon's Bus Company,F,48.2,2026-08-07,expiring_soon,22,yes,Service data expires in 22 day(s),Re-export with a validity window that reaches at least 60 days out.,
sete-agglopole-mobilite,Sète Agglopole Mobilité,B,84.4,2026-08-07,expiring_soon,23,yes,Service data expires in 23 day(s),Re-export with a validity window that reaches at least 60 days out.,
tmm-moselle-madon,T'MM (Moselle et Madon),F,59.5,2026-08-07,expiring_soon,22,yes,Service data expires in 22 day(s),Re-export with a validity window that reaches at least 60 days out.,
t2c-clermont,T2C (Clermont Auvergne Métropole),F,50.2,2026-08-07,expiring_soon,23,yes,Service data expires in 23 day(s),Re-export with a validity window that reaches at least 60 days out.,
fr-pan-83155,TAD ligne Arrens-Marsous - Lourdes,B,86.2,2026-08-07,current,51,yes,Service data expires in 51 day(s),Set wheelchair_boarding to 1 (accessible) or 2 (not accessible) for every stop. A field survey can start with the busiest stops.,
taft-area-transit,Taft Area Transit,F,51.1,2026-08-07,stale,-1680,yes,Service data has expired,"Re-export the feed with a calendar that reaches further out, and set feed_info feed_end_date past your next service change.",ready
tajimi-city-kikyo-bus,Tajimi City Kikyo Bus (多治見市ききょうバス),C,72.6,2026-08-07,current,55,yes,Service data expires in 55 day(s),Set wheelchair_boarding to 1 (accessible) or 2 (not accessible) for every stop. A field survey can start with the busiest stops.,
taneo-nevers,Tanéo (Nevers),F,40.2,2026-08-07,expiring_soon,16,yes,Service data expires in 16 day(s),Re-export with a validity window that reaches at least 60 days out.,
tehama-rural-area-express-trax-susanville-indian-rancheria-public-transportation-program,"Tehama Rural Area Express (TRAX), Susanville Indian Rancheria Public Transportation Program",F,52.0,2026-08-07,lapsed,-98,yes,Service data has expired,"Re-export the feed with a calendar that reaches further out, and set feed_info feed_end_date past your next service change.",ready
terre-haute-transit-utility,Terre Haute Transit Utility,F,52.0,2026-08-07,stale,-402,yes,Service data has expired,"Re-export the feed with a calendar that reaches further out, and set feed_info feed_end_date past your next service change.",ready
tft-arezzo,TFT — Trasporto Ferroviario Toscano (Arezzo),F,50.9,2026-08-07,current,38,yes,Service data expires in 38 day(s),Review the rule documentation for 'trip_distance_exceeds_shape_distance' at https://gtfs-validator.mobilitydata.org/rules.html and check the flagged rows in your feed.,
the-comet,The Comet,F,36.3,2026-08-07,stale,-1610,yes,Service data has expired,"Re-export the feed with a calendar that reaches further out, and set feed_info feed_end_date past your next service change.",ready
the-current,The Current,F,39.5,2026-08-07,stale,-1717,yes,Service data has expired,"Re-export the feed with a calendar that reaches further out, and set feed_info feed_end_date past your next service change.",at_risk
the-jo,The JO,F,40.9,2026-08-07,stale,-2625,yes,Service data has expired,"Re-export the feed with a calendar that reaches further out, and set feed_info feed_end_date past your next service change.",ready
the-jule,The Jule,F,41.8,2026-08-07,stale,-2625,yes,Service data has expired,"Re-export the feed with a calendar that reaches further out, and set feed_info feed_end_date past your next service change.",ready
the-rapid,The Rapid,F,57.1,2026-08-07,expiring_soon,23,yes,Service data expires in 23 day(s),Re-export with a validity window that reaches at least 60 days out.,ready
the-santa-cruzer,The Santa Cruzer,C,79.9,2026-08-07,current,31,yes,Grade slipped from B to C,Set wheelchair_boarding to 1 (accessible) or 2 (not accessible) for every stop. A field survey can start with the busiest stops.,ready
the-victoria-clipper,The Victoria Clipper,F,58.1,2026-08-07,stale,-3082,yes,Service data has expired,"Re-export the feed with a calendar that reaches further out, and set feed_info feed_end_date past your next service change.",ready
thebus,TheBus,F,9.5,2026-08-07,stale,-979,yes,Service data has expired,"Re-export the feed with a calendar that reaches further out, and set feed_info feed_end_date past your next service change.",ready
thebus-2350,TheBus,F,28.4,2026-08-07,expiring_soon,15,yes,Service data expires in 15 day(s),Re-export with a validity window that reaches at least 60 days out.,ready
thousand-oaks-transit-kanan-shuttle,Thousand Oaks Transit - Kanan Shuttle,F,56.6,2026-08-07,lapsed,-124,yes,Service data has expired,"Re-export the feed with a calendar that reaches further out, and set feed_info feed_end_date past your next service change.",ready
tideline-water-taxi,Tideline Water Taxi,F,40.3,2026-08-07,stale,-1194,yes,Service data has expired,"Re-export the feed with a calendar that reaches further out, and set feed_info feed_end_date past your next service change.",ready
tlp-tarbes-lourdes,TLP (Tarbes-Lourdes),F,37.3,2026-08-07,expiring_soon,9,yes,Service data expires in 9 day(s),Re-export with a validity window that reaches at least 60 days out.,
tompkins-consolidated-area-transit-inc,Tompkins Consolidated Area Transit Inc,D,65.9,2026-08-07,expiring_soon,8,yes,Service data expires in 8 day(s),Re-export with a validity window that reaches at least 60 days out.,ready
tono-railway-ena-bus,Tono Railway Ena Bus (東濃鉄道 恵那営業所),C,73.1,2026-08-07,current,54,yes,Service data expires in 54 day(s),Set wheelchair_boarding to 1 (accessible) or 2 (not accessible) for every stop. A field survey can start with the busiest stops.,
toronto-transit-commission,Toronto Transit Commission (TTC),F,55.1,2026-08-07,expiring_soon,29,yes,Service data expires in 29 day(s),Re-export with a validity window that reaches at least 60 days out.,
torrance-transit,Torrance Transit,F,54.3,2026-08-07,stale,-937,yes,Service data has expired,"Re-export the feed with a calendar that reaches further out, and set feed_info feed_end_date past your next service change.",ready
town-of-mountain-village,Town of Mountain Village,F,51.1,2026-08-07,stale,-1223,yes,Service data has expired,"Re-export the feed with a calendar that reaches further out, and set feed_info feed_end_date past your next service change.",ready
town-of-telluride,Town of Telluride,F,48.6,2026-08-07,stale,-1225,yes,Service data has expired,"Re-export the feed with a calendar that reaches further out, and set feed_info feed_end_date past your next service change.",ready
towson-loop,Towson Loop,D,61.0,2026-08-07,expiring_soon,29,yes,Score fell 7.9 points since 2026-08-06,Re-export with a validity window that reaches at least 60 days out.,ready
tram-barcelona-tbx,TRAM Barcelona (Trambaix),F,52.5,2026-08-07,expiring_soon,30,yes,Service data expires in 30 day(s),Set wheelchair_boarding to 1 (accessible) or 2 (not accessible) for every stop. A field survey can start with the busiest stops.,
tram-barcelona-tbs,TRAM Barcelona (Trambesòs),F,54.3,2026-08-07,expiring_soon,30,yes,Service data expires in 30 day(s),Set wheelchair_boarding to 1 (accessible) or 2 (not accessible) for every stop. A field survey can start with the busiest stops.,
transfort,Transfort Flex,C,78.1,2026-08-07,current,55,yes,Service data expires in 55 day(s),Set wheelchair_boarding to 1 (accessible) or 2 (not accessible) for every stop. A field survey can start with the busiest stops.,not_ready
transfort-city-of-fort-collins-transfort,Transfort – City of Fort Collins (Transfort),F,39.9,2026-08-07,stale,-818,yes,Service data has expired,"Re-export the feed with a calendar that reaches further out, and set feed_info feed_end_date past your next service change.",ready
transit-authority-of-northern-kentucky-tank,Transit Authority of Northern Kentucky (TANK),F,30.6,2026-08-07,stale,-950,yes,Service data has expired,"Re-export the feed with a calendar that reaches further out, and set feed_info feed_end_date past your next service change.",ready
transit-authority-of-river-city-tarc,Transit Authority of River City (TARC),F,16.4,2026-08-07,stale,-426,yes,Service data has expired,"Re-export the feed with a calendar that reaches further out, and set feed_info feed_end_date past your next service change.",ready
transit-orange-newburgh-local-transit,Transit Orange / Newburgh Local Transit,F,55.3,2026-08-07,stale,-935,yes,Service data has expired,"Re-export the feed with a calendar that reaches further out, and set feed_info feed_end_date past your next service change.",ready
translink-bowen,TransLink Bowen,C,73.5,2026-08-07,current,59,yes,Service data expires in 59 day(s),Set wheelchair_boarding to 1 (accessible) or 2 (not accessible) for every stop. A field survey can start with the busiest stops.,
translink-bundaberg,TransLink Bundaberg (Duffy's Buses),C,72.8,2026-08-07,current,59,yes,Service data expires in 59 day(s),Set wheelchair_boarding to 1 (accessible) or 2 (not accessible) for every stop. A field survey can start with the busiest stops.,
translink-bus-queensland-toowoomba,TransLink Bus Queensland Toowoomba,C,73.3,2026-08-07,current,59,yes,Service data expires in 59 day(s),Set wheelchair_boarding to 1 (accessible) or 2 (not accessible) for every stop. A field survey can start with the busiest stops.,
translink-gladstone,TransLink Gladstone (Buslink),C,72.2,2026-08-07,current,56,yes,Service data expires in 56 day(s),Set wheelchair_boarding to 1 (accessible) or 2 (not accessible) for every stop. A field survey can start with the busiest stops.,
translink-gympie,TransLink Gympie (Polleys Coaches),C,71.5,2026-08-07,current,59,yes,Service data expires in 59 day(s),Set wheelchair_boarding to 1 (accessible) or 2 (not accessible) for every stop. A field survey can start with the busiest stops.,
translink-innisfail,TransLink Innisfail,C,72.7,2026-08-07,current,57,yes,Service data expires in 57 day(s),Set wheelchair_boarding to 1 (accessible) or 2 (not accessible) for every stop. A field survey can start with the busiest stops.,
translink-kilcoy,TransLink Kilcoy (Christensens Bus and Coach),C,74.4,2026-08-07,current,59,yes,Service data expires in 59 day(s),Set wheelchair_boarding to 1 (accessible) or 2 (not accessible) for every stop. A field survey can start with the busiest stops.,
translink-mackay,TransLink Mackay Transit Coaches,C,73.5,2026-08-07,current,59,yes,Service data expires in 59 day(s),Set wheelchair_boarding to 1 (accessible) or 2 (not accessible) for every stop. A field survey can start with the busiest stops.,
translink-magnetic-island,TransLink Magnetic Island,C,74.4,2026-08-07,current,59,yes,Service data expires in 59 day(s),Set wheelchair_boarding to 1 (accessible) or 2 (not accessible) for every stop. A field survey can start with the busiest stops.,
translink-maleny-landsborough,TransLink Maleny-Landsborough (Glass House Country Coaches),C,74.0,2026-08-07,current,59,yes,Service data expires in 59 day(s),Set wheelchair_boarding to 1 (accessible) or 2 (not accessible) for every stop. A field survey can start with the busiest stops.,
translink-maryborough-hervey-bay,TransLink Maryborough-Hervey Bay,C,73.1,2026-08-07,current,59,yes,Service data expires in 59 day(s),Set wheelchair_boarding to 1 (accessible) or 2 (not accessible) for every stop. A field survey can start with the busiest stops.,
translink-north-stradbroke-island,TransLink North Stradbroke Island,C,74.4,2026-08-07,current,59,yes,Service data expires in 59 day(s),Set wheelchair_boarding to 1 (accessible) or 2 (not accessible) for every stop. A field survey can start with the busiest stops.,
translink-rockhampton-yeppoon,TransLink Rockhampton-Yeppoon,D,68.0,2026-08-07,current,59,yes,Service data expires in 59 day(s),Set wheelchair_boarding to 1 (accessible) or 2 (not accessible) for every stop. A field survey can start with the busiest stops.,
translink-south-east-queensland,TransLink South East Queensland,D,61.5,2026-08-07,current,59,yes,Service data expires in 59 day(s),Set wheelchair_boarding to 1 (accessible) or 2 (not accessible) for every stop. A field survey can start with the busiest stops.,
translink-sunbus-cairns,TransLink Sunbus Cairns,C,73.5,2026-08-07,current,59,yes,Service data expires in 59 day(s),Set wheelchair_boarding to 1 (accessible) or 2 (not accessible) for every stop. A field survey can start with the busiest stops.,
translink-sunbus-townsville,TransLink Sunbus Townsville,C,73.5,2026-08-07,current,59,yes,Service data expires in 59 day(s),Set wheelchair_boarding to 1 (accessible) or 2 (not accessible) for every stop. A field survey can start with the busiest stops.,
translink-warwick,TransLink Warwick (Haidleys Panoramic Coaches),C,72.4,2026-08-07,current,57,yes,Service data expires in 57 day(s),Set wheelchair_boarding to 1 (accessible) or 2 (not accessible) for every stop. A field survey can start with the busiest stops.,
translink-whitsundays,TransLink Whitsundays (Whitsunday Transit),C,74.4,2026-08-07,current,59,yes,Service data expires in 59 day(s),Set wheelchair_boarding to 1 (accessible) or 2 (not accessible) for every stop. A field survey can start with the busiest stops.,
tbm-bordeaux-metropole,Transports Bordeaux Métropole (TBM),D,65.8,2026-08-07,expiring_soon,23,yes,Service data expires in 23 day(s),Re-export with a validity window that reaches at least 60 days out.,
transurbain-evreux,Transurbain (Évreux),D,60.5,2026-08-07,expiring_soon,24,yes,Service data expires in 24 day(s),Re-export with a validity window that reaches at least 60 days out.,
transvilles-valenciennes,Transvilles (Valenciennes),F,39.3,2026-08-07,expiring_soon,24,yes,Service data expires in 24 day(s),Re-export with a validity window that reaches at least 60 days out.,
trentino-trasporti,Trentino Trasporti (urban networks),C,78.4,2026-08-07,current,37,yes,Service data expires in 37 day(s),"Add fare_attributes.txt (or Fares v2 files) with your fare structure. If your service is fare-free, ask to have it marked fare-free instead.",
tri-delta-transit,Tri Delta Transit,F,50.2,2026-08-07,stale,-1680,yes,Service data has expired,"Re-export the feed with a calendar that reaches further out, and set feed_info feed_end_date past your next service change.",ready
trinity-metro,Trinity Metro,D,65.0,2026-08-07,current,50,yes,Service data expires in 50 day(s),Set wheelchair_boarding to 1 (accessible) or 2 (not accessible) for every stop. A field survey can start with the busiest stops.,ready
trinity-transit,Trinity Transit,F,53.7,2026-08-07,lapsed,-212,yes,Service data has expired,"Re-export the feed with a calendar that reaches further out, and set feed_info feed_end_date past your next service change.",ready
tsc-transit,TSC Transit Flex,F,52.0,2026-08-07,lapsed,-37,yes,Service data has expired,"Re-export the feed with a calendar that reaches further out, and set feed_info feed_end_date past your next service change.",ready
tsuruoka-city-bus,Tsuruoka City Bus (鶴岡市営バス),C,72.7,2026-08-07,current,54,yes,Service data expires in 54 day(s),Set wheelchair_boarding to 1 (accessible) or 2 (not accessible) for every stop. A field survey can start with the busiest stops.,
tuc-cambrai,TUC (Cambrai),F,25.9,2026-08-07,expiring_soon,24,yes,Service data expires in 24 day(s),Re-export with a validity window that reaches at least 60 days out.,
tulare-county-area-transit-tcat,Tulare County Area Transit (TCAT),C,74.4,2026-08-07,current,55,yes,Service data expires in 55 day(s),Set wheelchair_boarding to 1 (accessible) or 2 (not accessible) for every stop. A field survey can start with the busiest stops.,ready
tuvisa-vitoria,TUVISA (Vitoria-Gasteiz),D,62.3,2026-08-07,expiring_soon,29,yes,Service data expires in 29 day(s),Re-export with a validity window that reaches at least 60 days out.,
ucsc-transportation-and-parking-services,UCSC Transportation and Parking Services,F,50.8,2026-08-07,lapsed,-216,yes,Service data has expired,"Re-export the feed with a calendar that reaches further out, and set feed_info feed_end_date past your next service change.",ready
ukmerge-public-transport,Ukmergė public transport,F,60.0,2026-08-07,current,511,yes,Grade slipped from D to F,Set wheelchair_boarding to 1 (accessible) or 2 (not accessible) for every stop. A field survey can start with the busiest stops.,
wave-transit-1862,UNCW Seahawk Shuttle,F,50.3,2026-08-07,stale,-1186,yes,Service data has expired,"Re-export the feed with a calendar that reaches further out, and set feed_info feed_end_date past your next service change.",ready
wave-transit-2026,UNCW Seahawk Shuttle,F,48.2,2026-08-07,stale,-456,yes,Service data has expired,"Re-export the feed with a calendar that reaches further out, and set feed_info feed_end_date past your next service change.",ready
unibus-bournemouth,Unibus (Bournemouth),D,61.9,2026-08-07,current,37,yes,Service data expires in 37 day(s),Set wheelchair_boarding to 1 (accessible) or 2 (not accessible) for every stop. A field survey can start with the busiest stops.,
unilink-southampton,Unilink (Southampton),D,63.0,2026-08-07,current,36,yes,Service data expires in 36 day(s),Set wheelchair_boarding to 1 (accessible) or 2 (not accessible) for every stop. A field survey can start with the busiest stops.,
union-city-transit,Union City Transit,F,51.9,2026-08-07,stale,-1045,yes,Service data has expired,"Re-export the feed with a calendar that reaches further out, and set feed_info feed_end_date past your next service change.",ready
unitrans,Unitrans (ASUCD / City of Davis),C,72.6,2026-08-07,current,46,yes,Score fell 3.0 points since 2026-08-06,Set wheelchair_boarding to 1 (accessible) or 2 (not accessible) for every stop. A field survey can start with the busiest stops.,ready
university-of-california-berkeley-shuttle-bear-transit,University of California Berkeley Shuttle (Bear Transit),F,47.1,2026-08-07,stale,-1680,yes,Service data has expired,"Re-export the feed with a calendar that reaches further out, and set feed_info feed_end_date past your next service change.",ready
university-of-colorado-boulder,University of Colorado Boulder,F,59.4,2026-08-07,expiring_soon,13,yes,Service data expires in 13 day(s),Re-export with a validity window that reaches at least 60 days out.,ready
university-of-iowa-cambus-cambus,University of Iowa - CAMBUS (CAMBUS),D,60.1,2026-08-07,expiring_soon,14,yes,Service data expires in 14 day(s),Re-export with a validity window that reaches at least 60 days out.,ready
university-of-michigan-transit-services,University of Michigan Transit Services,F,48.6,2026-08-07,stale,-1560,yes,Service data has expired,"Re-export the feed with a calendar that reaches further out, and set feed_info feed_end_date past your next service change.",ready
university-of-michigan-transit-services-2072,University of Michigan Transit Services,F,58.4,2026-08-07,expiring_soon,15,yes,Service data expires in 15 day(s),Re-export with a validity window that reaches at least 60 days out.,ready
university-of-montana-udash,University of Montana (UDASH),F,53.4,2026-08-07,stale,-818,yes,Service data has expired,"Re-export the feed with a calendar that reaches further out, and set feed_info feed_end_date past your next service change.",ready
uta,UTA,F,19.6,2026-08-07,stale,-846,yes,Service data has expired,"Re-export the feed with a calendar that reaches further out, and set feed_info feed_end_date past your next service change.",ready
uta-2349,UTA,F,34.7,2026-08-07,expiring_soon,8,yes,Service data expires in 8 day(s),Re-export with a validity window that reaches at least 60 days out.,ready
utah-transit-authority-uta,Utah Transit Authority (UTA),F,34.7,2026-08-07,expiring_soon,8,yes,Service data expires in 8 day(s),Re-export with a validity window that reaches at least 60 days out.,ready
utrans,UTrans,F,48.6,2026-08-07,stale,-432,yes,Service data has expired,"Re-export the feed with a calendar that reaches further out, and set feed_info feed_end_date past your next service change.",ready
valley-metro,Valley Metro,F,46.8,2026-08-07,stale,-3871,yes,Service data has expired,"Re-export the feed with a calendar that reaches further out, and set feed_info feed_end_date past your next service change.",ready
valley-metro-2437,Valley Metro Flex,D,62.7,2026-08-07,expiring_soon,25,yes,Service data expires in 25 day(s),Re-export with a validity window that reaches at least 60 days out.,not_ready
valley-retriever-busline,Valley Retriever Busline,F,44.5,2026-08-07,stale,-3371,yes,Service data has expired,"Re-export the feed with a calendar that reaches further out, and set feed_info feed_end_date past your next service change.",ready
valley-transit-wi,Valley Transit (WI),F,47.3,2026-08-07,stale,-950,yes,Service data has expired,"Re-export the feed with a calendar that reaches further out, and set feed_info feed_end_date past your next service change.",ready
ventura-county-transportation-commission,Ventura County Transportation Commission,F,45.8,2026-08-07,lapsed,-357,yes,Service data has expired,"Re-export the feed with a calendar that reaches further out, and set feed_info feed_end_date past your next service change.",ready
verde-lynx,Verde Lynx,F,51.3,2026-08-07,stale,-3505,yes,Service data has expired,"Re-export the feed with a calendar that reaches further out, and set feed_info feed_end_date past your next service change.",ready
via-metropolitan-transit-via,VIA Metropolitan Transit (VIA),F,12.4,2026-08-07,stale,-824,yes,Service data has expired,"Re-export the feed with a calendar that reaches further out, and set feed_info feed_end_date past your next service change.",ready
via-metropolitan-transit-via-2348,VIA Metropolitan Transit (VIA),F,35.5,2026-08-07,expiring_soon,16,yes,Service data expires in 16 day(s),Re-export with a validity window that reaches at least 60 days out.,ready
via-mobility,Via Mobility,F,50.0,2026-08-07,stale,-524,yes,Service data has expired,"Re-export the feed with a calendar that reaches further out, and set feed_info feed_end_date past your next service change.",ready
via-mobility-2395,Via Mobility,D,64.7,2026-08-07,expiring_soon,29,yes,Service data expires in 29 day(s),Re-export with a validity window that reaches at least 60 days out.,ready
victor-valley-transit-authority-vvta,Victor Valley Transit Authority (VVTA),F,43.7,2026-08-07,stale,-496,yes,Service data has expired,"Re-export the feed with a calendar that reaches further out, and set feed_info feed_end_date past your next service change.",ready
village-of-cooperstown-trolly-system,Village of Cooperstown Trolly System,F,44.7,2026-08-07,stale,-1794,yes,Service data has expired,"Re-export the feed with a calendar that reaches further out, and set feed_info feed_end_date past your next service change.",ready
virginia-breeze,Virginia Breeze,F,40.4,2026-08-07,stale,-1498,yes,Service data has expired,"Re-export the feed with a calendar that reaches further out, and set feed_info feed_end_date past your next service change.",ready
virginia-railway-express-vre,Virginia Railway Express (VRE),F,28.3,2026-08-07,stale,-616,yes,Service data has expired,"Re-export the feed with a calendar that reaches further out, and set feed_info feed_end_date past your next service change.",ready
virginia-regional-transit,Virginia Regional Transit,D,68.4,2026-08-07,expiring_soon,25,yes,Service data expires in 25 day(s),Re-export with a validity window that reaches at least 60 days out.,ready
virginia-regional-transit-2445,Virginia Regional Transit Flex,D,63.9,2026-08-07,expiring_soon,25,yes,Service data expires in 25 day(s),Re-export with a validity window that reaches at least 60 days out.,at_risk
votran,Votran,F,42.5,2026-08-07,stale,-1665,yes,Service data has expired,"Re-export the feed with a calendar that reaches further out, and set feed_info feed_end_date past your next service change.",ready
wahkiakum-ferry,Wahkiakum Ferry,F,48.5,2026-08-07,stale,-1010,yes,Service data has expired,"Re-export the feed with a calendar that reaches further out, and set feed_info feed_end_date past your next service change.",ready
warringtons-own-buses,Warrington's Own Buses,F,39.8,2026-08-07,expiring_soon,23,yes,Service data expires in 23 day(s),Re-export with a validity window that reaches at least 60 days out.,
washington-county-transit,Washington County Transit,F,32.7,2026-08-07,stale,-1772,yes,Service data has expired,"Re-export the feed with a calendar that reaches further out, and set feed_info feed_end_date past your next service change.",ready
washington-metropolitan-area-transit-authority-wmata,Washington Metropolitan Area Transit Authority (WMATA) Bus,D,68.0,2026-08-07,current,36,yes,Service data expires in 36 day(s),Set wheelchair_boarding to 1 (accessible) or 2 (not accessible) for every stop. A field survey can start with the busiest stops.,ready
washington-metropolitan-area-transit-authority-wmata-1847,Washington Metropolitan Area Transit Authority (WMATA) Rail,F,41.7,2026-08-07,expiring_soon,7,yes,Service data expires in 7 day(s),Re-export with a validity window that reaches at least 60 days out.,ready
washington-state-ferries,Washington State Ferries,D,63.7,2026-08-07,current,51,yes,Service data expires in 51 day(s),Set wheelchair_boarding to 1 (accessible) or 2 (not accessible) for every terminal. A field survey can start with the busiest terminals.,ready
washington-state-ferries-1331,Washington State Ferries,F,44.1,2026-08-07,expiring_soon,30,yes,Service data expires in 30 day(s),Review the rule documentation for 'block_trips_with_overlapping_stop_times' at https://gtfs-validator.mobilitydata.org/rules.html and check the flagged rows in your feed.,ready
water-avenue-shuttle,Water Avenue Shuttle,F,41.5,2026-08-07,stale,-2275,yes,Service data has expired,"Re-export the feed with a calendar that reaches further out, and set feed_info feed_end_date past your next service change.",ready
watertown-citibus,Watertown Citibus,F,47.3,2026-08-07,lapsed,-219,yes,Service data has expired,"Re-export the feed with a calendar that reaches further out, and set feed_info feed_end_date past your next service change.",ready
watertown-citibus-2881,Watertown Citibus,D,61.5,2026-08-07,expiring_soon,29,yes,Service data expires in 29 day(s),Re-export with a validity window that reaches at least 60 days out.,ready
waukesha-metro-transit,Waukesha Metro Transit,F,51.6,2026-08-07,stale,-432,yes,Service data has expired,"Re-export the feed with a calendar that reaches further out, and set feed_info feed_end_date past your next service change.",ready
west-berkeley-shuttle,West Berkeley Shuttle,F,47.3,2026-08-07,stale,-1680,yes,Service data has expired,"Re-export the feed with a calendar that reaches further out, and set feed_info feed_end_date past your next service change.",ready
westcat,WestCAT,D,64.1,2026-08-07,expiring_soon,24,yes,Service data expires in 24 day(s),Re-export with a validity window that reaches at least 60 days out.,ready
westchester-county-bee-line-system-wcdot-2353,Westchester County Bee-Line System (WCDOT),F,30.4,2026-08-07,lapsed,-341,yes,Service data has expired,"Re-export the feed with a calendar that reaches further out, and set feed_info feed_end_date past your next service change.",ready
western-reserve-transit-authority,Western Reserve Transit Authority,F,17.0,2026-08-07,stale,-2071,yes,Service data has expired,"Re-export the feed with a calendar that reaches further out, and set feed_info feed_end_date past your next service change.",at_risk
whatcom-transportation-authority,Whatcom Transportation Authority,B,87.1,2026-08-07,current,43,yes,Service data expires in 43 day(s),Review the flagged fields and fill in the ones your riders would use.,ready
wichita-transit,Wichita Transit,F,11.7,2026-08-07,stale,-1085,yes,Service data has expired,"Re-export the feed with a calendar that reaches further out, and set feed_info feed_end_date past your next service change.",ready
williamsburg-area-transit-authority,Williamsburg Area Transit Authority,F,43.0,2026-08-07,stale,-1134,yes,Service data has expired,"Re-export the feed with a calendar that reaches further out, and set feed_info feed_end_date past your next service change.",ready
williamsburg-area-transit-authority-2649,Williamsburg Area Transit Authority,F,55.7,2026-08-07,expiring_soon,24,yes,Service data expires in 24 day(s),Re-export with a validity window that reaches at least 60 days out.,ready
williamsburg-area-transit-authority-wata,Williamsburg Area Transit Authority (WATA),F,35.1,2026-08-07,stale,-1134,yes,Service data has expired,"Re-export the feed with a calendar that reaches further out, and set feed_info feed_end_date past your next service change.",ready
woodburn-transit-service-wts,Woodburn Transit Service (WTS),C,71.9,2026-08-07,expiring_soon,24,yes,Service data expires in 24 day(s),Re-export with a validity window that reaches at least 60 days out.,ready
worcester-regional-transit-authority-wrta,Worcester Regional Transit Authority (WRTA),F,44.7,2026-08-07,expiring_soon,4,yes,Service data expires in 4 day(s),Re-export with a validity window that reaches at least 60 days out.,ready
xpress,Xpress,F,56.7,2026-08-07,stale,-1134,yes,Service data has expired,"Re-export the feed with a calendar that reaches further out, and set feed_info feed_end_date past your next service change.",ready
yamako-bus,Yamako Bus (山交バス),D,66.1,2026-08-07,current,54,yes,Service data expires in 54 day(s),Set wheelchair_boarding to 1 (accessible) or 2 (not accessible) for every stop. A field survey can start with the busiest stops.,
yankee-line,Yankee Line,B,85.4,2026-08-07,current,55,yes,Service data expires in 55 day(s),Set wheelchair_boarding to 1 (accessible) or 2 (not accessible) for every stop. A field survey can start with the busiest stops.,ready
yates-transit-service,Yates Transit Service,F,35.3,2026-08-07,lapsed,-219,yes,Service data has expired,"Re-export the feed with a calendar that reaches further out, and set feed_info feed_end_date past your next service change.",ready
yolo-county-transportation-district-yolobus,Yolo County Transportation District (Yolobus),F,55.4,2026-08-07,lapsed,-187,yes,Service data has expired,"Re-export the feed with a calendar that reaches further out, and set feed_info feed_end_date past your next service change.",ready
yolobus,Yolobus (Yolo County Transportation District),C,74.4,2026-08-07,current,31,yes,Service data expires in 31 day(s),"Set wheelchair_accessible on every trip. If every vehicle is accessible, this may be one default; otherwise use the value for each trip.",ready
yole-challans,Yolé (Challans),D,61.3,2026-08-07,current,54,yes,Service data expires in 54 day(s),Review the rule documentation for 'missing_required_file' at https://gtfs-validator.mobilitydata.org/rules.html and check the flagged rows in your feed.,
york-region-transit,York Region Transit (YRT),D,65.3,2026-08-07,expiring_soon,29,yes,Service data expires in 29 day(s),Re-export with a validity window that reaches at least 60 days out.,
yosemite-area-regional-transportation-system-yarts,Yosemite Area Regional Transportation System (YARTS),F,53.7,2026-08-07,lapsed,-311,yes,Service data has expired,"Re-export the feed with a calendar that reaches further out, and set feed_info feed_end_date past your next service change.",ready
yosemite-area-regional-transportation-system-yarts-2394,Yosemite Area Regional Transportation System (YARTS),D,60.0,2026-08-07,lapsed,-78,yes,Service data has expired,Confirm your next service period is published: export its calendar and set feed_info feed_end_date past it.,ready
zet-zagreb,Zagrebački električni tramvaj (ZET),F,56.8,2026-08-07,expiring_soon,30,yes,Service data expires in 30 day(s),Set wheelchair_boarding to 1 (accessible) or 2 (not accessible) for every stop. A field survey can start with the busiest stops.,
ztm-gdansk,Zarząd Transportu Miejskiego w Gdańsku,F,49.8,2026-08-07,expiring_soon,14,yes,Service data expires in 14 day(s),Re-export with a validity window that reaches at least 60 days out.,
ztm-poznan,Zarząd Transportu Miejskiego w Poznaniu,F,39.2,2026-08-07,expiring_soon,9,yes,Service data expires in 9 day(s),Re-export with a validity window that reaches at least 60 days out.,
kushimoto-bus-kushimotokankoshuyu-wakayama-jp,くしもと観光周遊バス　まぐトル号 (くしもと観光周遊バス推進協議会（事務局：和歌山県立南紀熊野ジオパークセンター））),C,73.3,2026-08-07,current,53,yes,Service data expires in 53 day(s),Set wheelchair_boarding to 1 (accessible) or 2 (not accessible) for every stop. A field survey can start with the busiest stops.,
hekinancity-kurukuru-bus,くるくるバス (碧南市),C,73.7,2026-08-07,current,54,yes,Service data expires in 54 day(s),Set wheelchair_boarding to 1 (accessible) or 2 (not accessible) for every stop. A field survey can start with the busiest stops.,
inagawatown-fureaibus,ふれあいバス (猪名川町),C,76.4,2026-08-07,current,54,yes,Service data expires in 54 day(s),Set wheelchair_boarding to 1 (accessible) or 2 (not accessible) for every stop. A field survey can start with the busiest stops.,
namerikawacity-norumycar,コミュニティバス「のるmycar」 (滑川市),F,56.4,2026-08-07,current,54,yes,Service data expires in 54 day(s),Review the rule documentation for 'duplicate_key' at https://gtfs-validator.mobilitydata.org/rules.html and check the flagged rows in your feed.,
kaminoyamacity-kaminoyamacity,上山市営バス,C,72.7,2026-08-07,current,54,yes,Service data expires in 54 day(s),Set wheelchair_boarding to 1 (accessible) or 2 (not accessible) for every stop. A field survey can start with the busiest stops.,
minamiisetown-choeibus,南伊勢町営バス,C,72.2,2026-08-07,current,54,yes,Service data expires in 54 day(s),Set wheelchair_boarding to 1 (accessible) or 2 (not accessible) for every stop. A field survey can start with the busiest stops.,
tosashimizucity-gtfs-tosashimizucity-bus,土佐清水市デマンド交通「おでかけ号」,C,75.4,2026-08-07,current,54,yes,Service data expires in 54 day(s),Set wheelchair_boarding to 1 (accessible) or 2 (not accessible) for every stop. A field survey can start with the busiest stops.,
ohkuravillage-ohkuravillage,大蔵村営バス,C,71.1,2026-08-07,current,54,yes,Service data expires in 54 day(s),Set wheelchair_boarding to 1 (accessible) or 2 (not accessible) for every stop. A field survey can start with the busiest stops.,
yasudatown-gtfs-yasudatown-bus,安田町コミュニティバス「やすら号」,C,75.9,2026-08-07,current,55,yes,Service data expires in 55 day(s),Set wheelchair_boarding to 1 (accessible) or 2 (not accessible) for every stop. A field survey can start with the busiest stops.,
murotocity-gtfs-murotocity-bus,室戸市コミュニティバス「むろはぴ号」,C,75.8,2026-08-07,current,55,yes,Service data expires in 55 day(s),Set wheelchair_boarding to 1 (accessible) or 2 (not accessible) for every stop. A field survey can start with the busiest stops.,
obanazawacity-obanazawacity,尾花沢市営バス,D,69.0,2026-08-07,current,54,yes,Service data expires in 54 day(s),Set wheelchair_boarding to 1 (accessible) or 2 (not accessible) for every stop. A field survey can start with the busiest stops.,
motoyamatown-gtfs-motoyamatown-bus,本山町コミュニティバス「さくらバス」,C,75.9,2026-08-07,current,55,yes,Service data expires in 55 day(s),Set wheelchair_boarding to 1 (accessible) or 2 (not accessible) for every stop. A field survey can start with the busiest stops.,
tanotown-gtfs-tanotown-bus,田野町コミュニティーバス「たのくるバス」,C,77.6,2026-08-07,current,55,yes,Service data expires in 55 day(s),Set wheelchair_boarding to 1 (accessible) or 2 (not accessible) for every stop. A field survey can start with the busiest stops.,
kasamatsutown-communitybus,笠松町公共施設巡回町民バス,C,73.7,2026-08-07,current,54,yes,Service data expires in 54 day(s),Set wheelchair_boarding to 1 (accessible) or 2 (not accessible) for every stop. A field survey can start with the busiest stops.,
minokamocity-communitybus,美濃加茂市コミュニティバス「あい愛バス」,D,69.3,2026-08-07,current,54,yes,Service data expires in 54 day(s),Review the rule documentation for 'invalid_phone_number' at https://gtfs-validator.mobilitydata.org/rules.html and check the flagged rows in your feed.,
nagaicity-nagaicity,長井市営バス,C,72.8,2026-08-07,current,54,yes,Service data expires in 54 day(s),Set wheelchair_boarding to 1 (accessible) or 2 (not accessible) for every stop. A field survey can start with the busiest stops.,
hidacity-communitybus,飛騨市営バス「ひだまる」,C,72.6,2026-08-07,current,54,yes,Service data expires in 54 day(s),Set wheelchair_boarding to 1 (accessible) or 2 (not accessible) for every stop. A field survey can start with the busiest stops.,
north-lake-tahoe-express,24 hour advance reservations required,B,81.4,2026-08-07,current,178,no,,Set wheelchair_boarding to 1 (accessible) or 2 (not accessible) for every stop. A field survey can start with the busiest stops.,ready
avv-aachen,Aachener Verkehrsverbund (AVV),F,52.7,2026-08-07,current,127,no,,Set wheelchair_boarding to 1 (accessible) or 2 (not accessible) for every stop. A field survey can start with the busiest stops.,
adams-county,Adams County Flex,B,80.2,2026-08-07,current,178,no,,Set wheelchair_boarding to 1 (accessible) or 2 (not accessible) for every stop. A field survey can start with the busiest stops.,not_ready
adelaide-metro,Adelaide Metro,D,68.5,2026-08-07,current,65,no,,Set wheelchair_boarding to 1 (accessible) or 2 (not accessible) for every stop. A field survey can start with the busiest stops.,
adirondack-trailways-adp,Adirondack Trailways ADP,F,45.1,2026-08-07,current,1607,no,,Review the rule documentation for 'trip_distance_exceeds_shape_distance' at https://gtfs-validator.mobilitydata.org/rules.html and check the flagged rows in your feed.,ready
adirondack-trailways-nyp,Adirondack Trailways NYP,F,42.5,2026-08-07,current,1607,no,,Review the rule documentation for 'trip_distance_exceeds_shape_distance' at https://gtfs-validator.mobilitydata.org/rules.html and check the flagged rows in your feed.,ready
advance-transit,Advance Transit,C,74.3,2026-08-07,current,116,no,,Set wheelchair_boarding to 1 (accessible) or 2 (not accessible) for every stop. A field survey can start with the busiest stops.,ready
agder-kollektivtrafikk,Agder Kollektivtrafikk,D,61.3,2026-08-07,current,133,no,,Set wheelchair_boarding to 1 (accessible) or 2 (not accessible) for every stop. A field survey can start with the busiest stops.,
aircoach,Aircoach,B,82.6,2026-08-07,current,363,no,,Set wheelchair_boarding to 1 (accessible) or 2 (not accessible) for every stop. A field survey can start with the busiest stops.,
akashi-city-tako-bus,Akashi City Tako Bus (明石市たこバス),C,76.4,2026-08-07,current,266,no,,Set wheelchair_boarding to 1 (accessible) or 2 (not accessible) for every stop. A field survey can start with the busiest stops.,
akechi-railway,Akechi Railway (明知鉄道),C,75.3,2026-08-07,current,236,no,,Set wheelchair_boarding to 1 (accessible) or 2 (not accessible) for every stop. A field survey can start with the busiest stops.,
aki-city-genki-bus,Aki City Genki Bus (安芸市「元気バス」),C,76.2,2026-08-07,current,236,no,,Set wheelchair_boarding to 1 (accessible) or 2 (not accessible) for every stop. A field survey can start with the busiest stops.,
akmene-public-transport,Akmenė public transport,D,60.7,2026-08-07,current,10541,no,,Set wheelchair_boarding to 1 (accessible) or 2 (not accessible) for every stop. A field survey can start with the busiest stops.,
golden-gate-national-recreation-area-alcatraz-island,Alcatraz Cruises Ferry,A,92.2,2026-08-07,current,86,no,,Set wheelchair_boarding to 1 (accessible) or 2 (not accessible) for every terminal. A field survey can start with the busiest terminals.,ready
all-points-transit,All Points Transit,C,79.9,2026-08-07,current,178,no,,Set wheelchair_boarding to 1 (accessible) or 2 (not accessible) for every stop. A field survey can start with the busiest stops.,ready
all-points-transit-2039,All Points Transit Flex,C,77.8,2026-08-07,current,178,no,,Set wheelchair_boarding to 1 (accessible) or 2 (not accessible) for every stop. A field survey can start with the busiest stops.,at_risk
allen-county-regional-transit-authority,Allen County Regional Transit Authority,C,79.4,2026-08-07,current,116,no,,"Set wheelchair_accessible on every trip. If every vehicle is accessible, this may be one default; otherwise use the value for each trip.",ready
alytus-city-public-transport,Alytus city public transport,C,72.8,2026-08-07,current,359,no,,Set wheelchair_boarding to 1 (accessible) or 2 (not accessible) for every stop. A field survey can start with the busiest stops.,
alytus-district-public-transport,Alytus district public transport,D,64.8,2026-08-07,current,359,no,,Set wheelchair_boarding to 1 (accessible) or 2 (not accessible) for every stop. A field survey can start with the busiest stops.,
aleop-pays-de-la-loire,Aléop (Pays de la Loire),F,58.9,2026-08-07,current,329,no,,Review the rule documentation for 'missing_bike_allowance' at https://gtfs-validator.mobilitydata.org/rules.html and check the flagged rows in your feed.,
aleop-yeu-continent,Aléop Yeu-Continent (Île d'Yeu ferry),B,83.3,2026-08-07,current,146,no,,"Set wheelchair_accessible on every trip. If every vehicle is accessible, this may be one default; otherwise use the value for each trip.",
amagi-kanko-bus,Amagi Kanko Bus (甘木観光バス),B,87.1,2026-08-07,current,236,no,,Set wheelchair_boarding to 1 (accessible) or 2 (not accessible) for every stop. A field survey can start with the busiest stops.,
ametis-amiens,Ametis (Amiens Métropole),C,79.3,2026-08-07,current,77,no,,Set wheelchair_boarding to 1 (accessible) or 2 (not accessible) for every stop. A field survey can start with the busiest stops.,
amtrak-san-joaquins,Amtrak San Joaquins,C,79.3,2026-08-07,current,145,no,,Set wheelchair_boarding to 1 (accessible) or 2 (not accessible) for every stop. A field survey can start with the busiest stops.,ready
amtrak-vermonter,Amtrak Vermonter,B,80.1,2026-08-07,current,115,no,,Set wheelchair_boarding to 1 (accessible) or 2 (not accessible) for every stop. A field survey can start with the busiest stops.,ready
anaheim-resort-transportation-art,Anaheim Resort Transportation (ART),F,42.6,2026-08-05,unknown,,no,,Add feed_start_date and feed_end_date to feed_info.txt and include calendar end dates in your export.,not_ready
anchorage-people-mover,Anchorage People Mover,C,73.5,2026-08-07,current,297,no,,Check the vehicle positions endpoint with your AVL vendor; it should return a fresh GTFS-Realtime protobuf on every request.,ready
anjo-ankuru-bus,Anjo City Ankuru Bus (安城市あんくるバス),C,75.0,2026-08-07,current,297,no,,Set wheelchair_boarding to 1 (accessible) or 2 (not accessible) for every stop. A field survey can start with the busiest stops.,
annaka-city-an-bus,Annaka City An-Bus (安中市路線バス「あんバス」),C,75.3,2026-08-07,current,236,no,,Set wheelchair_boarding to 1 (accessible) or 2 (not accessible) for every stop. A field survey can start with the busiest stops.,
anyksciai-public-transport,Anykščiai public transport,D,63.5,2026-08-07,current,1242,no,,Set wheelchair_boarding to 1 (accessible) or 2 (not accessible) for every stop. A field survey can start with the busiest stops.,
aoi-kotsu,Aoi Kotsu (あおい交通),B,80.3,2026-08-07,current,236,no,,Set wheelchair_boarding to 1 (accessible) or 2 (not accessible) for every stop. A field survey can start with the busiest stops.,
arakawa-sakura-bus,Arakawa City Community Bus Sakura (荒川区コミュニティバスさくら),B,80.5,2026-08-07,current,205,no,,Set wheelchair_boarding to 1 (accessible) or 2 (not accessible) for every stop. A field survey can start with the busiest stops.,
aridagawa-town-community-bus,Aridagawa Town Community Bus (有田川町コミュニティバス),C,72.5,2026-08-07,current,236,no,,Set wheelchair_boarding to 1 (accessible) or 2 (not accessible) for every stop. A field survey can start with the busiest stops.,
arlington-transit,Arlington Transit,C,73.3,2026-08-07,current,297,no,,Set wheelchair_boarding to 1 (accessible) or 2 (not accessible) for every stop. A field survey can start with the busiest stops.,ready
arst-sardegna,ARST (Trasporti Regionali della Sardegna),F,30.7,2026-08-07,current,146,no,,Review the rule documentation for 'equal_shape_distance_diff_coordinates' at https://gtfs-validator.mobilitydata.org/rules.html and check the flagged rows in your feed.,
artesia-transit,Artesia Transit,B,82.6,2026-08-07,current,632,no,,Set wheelchair_boarding to 1 (accessible) or 2 (not accessible) for every stop. A field survey can start with the busiest stops.,ready
asa-coast-railway,Asa Coast Railway DMV (阿佐海岸鉄道),C,75.3,2026-08-07,current,307,no,,Set wheelchair_boarding to 1 (accessible) or 2 (not accessible) for every stop. A field survey can start with the busiest stops.,
asahi-town-bus,Asahi Town Bus (あさひまちバス),C,70.0,2026-08-07,current,236,no,,Ask your AVL vendor to publish updates at least every 20 seconds (the Caltrans guideline).,
asara-sardegna,ASARA contributed lines (Sardegna),F,40.3,2026-08-07,current,327,no,,Set wheelchair_boarding to 1 (accessible) or 2 (not accessible) for every stop. A field survey can start with the busiest stops.,
asheville-rides-transit,Asheville Rides Transit,D,68.2,2026-08-07,current,146,no,,Check the service alerts endpoint with your AVL vendor; it should return a fresh GTFS-Realtime protobuf on every request.,ready
ashikaga-city-route-bus,Ashikaga City Route Bus (足利市路線バス),D,67.4,2026-08-07,current,358,no,,Review the rule documentation for 'duplicate_key' at https://gtfs-validator.mobilitydata.org/rules.html and check the flagged rows in your feed.,
fukuoka-ashiya-town-bus,Ashiya Town Bus (芦屋タウンバス),B,80.1,2026-08-07,current,236,no,,Set wheelchair_boarding to 1 (accessible) or 2 (not accessible) for every stop. A field survey can start with the busiest stops.,
astoria-riverfront-trolley,Astoria Riverfront Trolley,B,84.7,2026-08-07,current,86,no,,Set wheelchair_boarding to 1 (accessible) or 2 (not accessible) for every stop. A field survey can start with the busiest stops.,ready
atb-trondelag,AtB,F,55.4,2026-08-07,current,141,no,,Set wheelchair_boarding to 1 (accessible) or 2 (not accessible) for every stop. A field survey can start with the busiest stops.,
atm-messina,ATM Messina,F,55.0,2026-08-07,current,146,no,,Review the rule documentation for 'trip_distance_exceeds_shape_distance' at https://gtfs-validator.mobilitydata.org/rules.html and check the flagged rows in your feed.,
atomic-city-transit,Atomic City Transit,B,82.7,2026-08-07,current,146,no,,Set wheelchair_boarding to 1 (accessible) or 2 (not accessible) for every stop. A field survey can start with the busiest stops.,ready
auburn-transit-2275,Auburn Transit,D,63.2,2026-08-07,current,1607,no,,Review the rule documentation for 'missing_required_field' at https://gtfs-validator.mobilitydata.org/rules.html and check the flagged rows in your feed.,ready
auckland-transport,Auckland Transport,F,51.6,2026-08-07,current,107,no,,Set wheelchair_boarding to 1 (accessible) or 2 (not accessible) for every stop. A field survey can start with the busiest stops.,
gencat-interurban-bus,Autobusos interurbans de la Generalitat de Catalunya,F,42.3,2026-08-07,current,146,no,,Set wheelchair_boarding to 1 (accessible) or 2 (not accessible) for every stop. A field survey can start with the busiest stops.,
puerto-rico-ati,Autoridad de Transporte Integrado de Puerto Rico (ATI),A,91.3,2026-08-07,current,146,no,,Set wheelchair_boarding to 1 (accessible) or 2 (not accessible) for every stop. A field survey can start with the busiest stops.,
atd-latvia-national,Autotransporta direkcija (ATD) national routes,F,26.1,2026-08-07,unknown,,no,,Add feed_start_date and feed_end_date to feed_info.txt and include calendar end dates in your export.,
avon-transit-2433,Avon Transit,B,88.3,2026-08-07,current,110,no,,"Add the destination, direction, or 'via' label riders actually see to trip_headsign. Do not copy the route name. If the label changes during the trip, use stop_headsign.",ready
awaji-jenova-line,"Awaji Jenova Line, Akashi–Iwaya (淡路ジェノバライン明石岩屋航路)",B,80.1,2026-08-07,current,236,no,,Set wheelchair_boarding to 1 (accessible) or 2 (not accessible) for every terminal. A field survey can start with the busiest terminals.,
atp-nuoro,Azienda Trasporti Pubblici di Nuoro (ATP Nuoro),F,55.1,2026-08-07,current,146,no,,Set wheelchair_boarding to 1 (accessible) or 2 (not accessible) for every stop. A field survey can start with the busiest stops.,
baca-area-transportation,Baca Area Transportation,C,73.8,2026-08-07,current,116,no,,Set wheelchair_boarding to 1 (accessible) or 2 (not accessible) for every stop. A field survey can start with the busiest stops.,at_risk
fr-bacs-de-loire-en-loire-atlantique-44,Bacs de Loire en Loire-Atlantique (44),B,80.1,2026-08-07,current,511,no,,"Set wheelchair_accessible on every trip. If every vehicle is accessible, this may be one default; otherwise use the value for each trip.",
bandelier-national-monument-shuttle,Bandelier National Monument Shuttle,B,81.6,2026-08-07,current,68,no,,Set wheelchair_boarding to 1 (accessible) or 2 (not accessible) for every stop. A field survey can start with the busiest stops.,ready
barrie-transit,Barrie Transit (Ontario),C,72.3,2026-08-07,current,85,no,,Set wheelchair_boarding to 1 (accessible) or 2 (not accessible) for every stop. A field survey can start with the busiest stops.,
basmy-alor-setar,BAS.MY Alor Setar,F,59.6,2026-08-07,current,146,no,,Set wheelchair_boarding to 1 (accessible) or 2 (not accessible) for every stop. A field survey can start with the busiest stops.,
basmy-johor-bahru,BAS.MY Johor Bahru,F,37.2,2026-08-07,current,89,no,,Review the rule documentation for 'duplicate_key' at https://gtfs-validator.mobilitydata.org/rules.html and check the flagged rows in your feed.,
basmy-kangar,BAS.MY Kangar,D,62.7,2026-08-07,current,146,no,,Set wheelchair_boarding to 1 (accessible) or 2 (not accessible) for every stop. A field survey can start with the busiest stops.,
basmy-kota-bharu,BAS.MY Kota Bharu,F,58.7,2026-08-07,current,146,no,,Review the rule documentation for 'stop_time_with_arrival_before_previous_departure_time' at https://gtfs-validator.mobilitydata.org/rules.html and check the flagged rows in your feed.,
basmy-kuala-terengganu,BAS.MY Kuala Terengganu,F,58.9,2026-08-07,current,146,no,,Set wheelchair_boarding to 1 (accessible) or 2 (not accessible) for every stop. A field survey can start with the busiest stops.,
basmy-kuching,BAS.MY Kuching,F,49.2,2026-08-07,current,146,no,,Review the rule documentation for 'stop_time_with_arrival_before_previous_departure_time' at https://gtfs-validator.mobilitydata.org/rules.html and check the flagged rows in your feed.,
basmy-melaka,BAS.MY Melaka,D,63.9,2026-08-07,current,89,no,,Review the rule documentation for 'block_trips_with_overlapping_stop_times' at https://gtfs-validator.mobilitydata.org/rules.html and check the flagged rows in your feed.,
bay-area-transportation-authority-2254,Bay Area Transportation Authority,F,56.8,2026-08-07,current,26809,no,,Set wheelchair_boarding to 1 (accessible) or 2 (not accessible) for every stop. A field survey can start with the busiest stops.,ready
bay-state-cruise-company,Bay State Cruise Company,B,80.2,2026-08-07,current,100,no,,Set wheelchair_boarding to 1 (accessible) or 2 (not accessible) for every terminal. A field survey can start with the busiest terminals.,ready
bay-transit,Bay Transit,C,78.8,2026-08-07,current,86,no,,Set wheelchair_boarding to 1 (accessible) or 2 (not accessible) for every stop. A field survey can start with the busiest stops.,ready
bay-transit-2439,Bay Transit Flex,C,76.9,2026-08-07,current,86,no,,Set wheelchair_boarding to 1 (accessible) or 2 (not accessible) for every stop. A field survey can start with the busiest stops.,at_risk
baybus-bay-of-plenty,Baybus (Bay of Plenty),C,72.2,2026-08-07,current,173,no,,Set wheelchair_boarding to 1 (accessible) or 2 (not accessible) for every stop. A field survey can start with the busiest stops.,
bc-transit-100-mile-house,BC Transit (100 Mile House Transit System),C,73.5,2026-08-07,current,146,no,,Set wheelchair_boarding to 1 (accessible) or 2 (not accessible) for every stop. A field survey can start with the busiest stops.,
bc-transit-ashcroft-cache-creek-clinton,BC Transit (Ashcroft-Cache Creek-Clinton Transit System),C,73.5,2026-08-07,current,145,no,,Set wheelchair_boarding to 1 (accessible) or 2 (not accessible) for every stop. A field survey can start with the busiest stops.,
bc-transit-campbell-river,BC Transit (Campbell River Transit System),C,71.7,2026-08-07,current,394,no,,Set wheelchair_boarding to 1 (accessible) or 2 (not accessible) for every stop. A field survey can start with the busiest stops.,
bc-transit-clearwater,BC Transit (Clearwater Transit System),C,72.6,2026-08-07,current,146,no,,Set wheelchair_boarding to 1 (accessible) or 2 (not accessible) for every stop. A field survey can start with the busiest stops.,
bc-transit-columbia-valley,"BC Transit (Columbia Valley, Cranbrook, Elk Valley, and Kimberley)",C,71.3,2026-08-07,current,146,no,,Set wheelchair_boarding to 1 (accessible) or 2 (not accessible) for every stop. A field survey can start with the busiest stops.,
bc-transit-comox-valley,BC Transit (Comox Valley Transit System),C,70.4,2026-08-07,current,236,no,,Set wheelchair_boarding to 1 (accessible) or 2 (not accessible) for every stop. A field survey can start with the busiest stops.,
bc-transit-cowichan-valley,BC Transit (Cowichan Valley Regional Transit System),C,71.7,2026-08-07,current,146,no,,Set wheelchair_boarding to 1 (accessible) or 2 (not accessible) for every stop. A field survey can start with the busiest stops.,
bc-transit-creston-valley,BC Transit (Creston Valley Transit System),C,72.3,2026-08-07,current,146,no,,Set wheelchair_boarding to 1 (accessible) or 2 (not accessible) for every stop. A field survey can start with the busiest stops.,
bc-transit-dawson-creek,BC Transit (Dawson Creek Transit System),C,73.5,2026-08-07,current,146,no,,Set wheelchair_boarding to 1 (accessible) or 2 (not accessible) for every stop. A field survey can start with the busiest stops.,
bc-transit-fort-st-john,BC Transit (Fort St. John Transit System),C,73.5,2026-08-07,current,146,no,,Set wheelchair_boarding to 1 (accessible) or 2 (not accessible) for every stop. A field survey can start with the busiest stops.,
bc-transit-hazelton-kitimat-terrace,"BC Transit (Hazelton, Kitimat, and Terrace)",C,71.7,2026-08-07,current,324,no,,Set wheelchair_boarding to 1 (accessible) or 2 (not accessible) for every stop. A field survey can start with the busiest stops.,
bc-transit-merritt,BC Transit (Merritt Transit System),C,73.5,2026-08-07,current,146,no,,Set wheelchair_boarding to 1 (accessible) or 2 (not accessible) for every stop. A field survey can start with the busiest stops.,
bc-transit-mount-waddington,BC Transit (Mount Waddington Transit System),C,71.7,2026-08-07,current,146,no,,Set wheelchair_boarding to 1 (accessible) or 2 (not accessible) for every stop. A field survey can start with the busiest stops.,
bc-transit-pemberton-valley,BC Transit (Pemberton Valley Transit System),C,73.5,2026-08-07,current,109,no,,Set wheelchair_boarding to 1 (accessible) or 2 (not accessible) for every stop. A field survey can start with the busiest stops.,
bc-transit-port-alberni,BC Transit (Port Alberni Regional Transit System),C,72.6,2026-08-07,current,148,no,,Set wheelchair_boarding to 1 (accessible) or 2 (not accessible) for every stop. A field survey can start with the busiest stops.,
bc-transit-port-edward-prince-rupert,BC Transit (Port Edward and Prince Rupert Transit Systems),C,71.7,2026-08-07,current,323,no,,Set wheelchair_boarding to 1 (accessible) or 2 (not accessible) for every stop. A field survey can start with the busiest stops.,
bc-transit-quesnel,BC Transit (Quesnel Transit System),C,71.7,2026-08-07,current,511,no,,Set wheelchair_boarding to 1 (accessible) or 2 (not accessible) for every stop. A field survey can start with the busiest stops.,
bc-transit-revelstoke,BC Transit (Revelstoke Transit System),C,73.5,2026-08-07,current,112,no,,Set wheelchair_boarding to 1 (accessible) or 2 (not accessible) for every stop. A field survey can start with the busiest stops.,
bc-transit-shuswap-vernon,BC Transit (Shuswap and Vernon Regional Transit Systems),D,69.5,2026-08-07,current,146,no,,Set wheelchair_boarding to 1 (accessible) or 2 (not accessible) for every stop. A field survey can start with the busiest stops.,
bc-transit-smithers,BC Transit (Smithers Transit System),C,77.0,2026-08-07,current,146,no,,Set wheelchair_boarding to 1 (accessible) or 2 (not accessible) for every stop. A field survey can start with the busiest stops.,
bc-transit-south-okanagan-similkameen,BC Transit (South Okanagan-Similkameen Transit System),C,71.7,2026-08-07,current,395,no,,Set wheelchair_boarding to 1 (accessible) or 2 (not accessible) for every stop. A field survey can start with the busiest stops.,
bc-transit-squamish,BC Transit (Squamish Transit System),C,71.3,2026-08-07,current,311,no,,Set wheelchair_boarding to 1 (accessible) or 2 (not accessible) for every stop. A field survey can start with the busiest stops.,
bc-transit-sunshine-coast,BC Transit (Sunshine Coast Transit System),C,72.2,2026-08-07,current,66,no,,Set wheelchair_boarding to 1 (accessible) or 2 (not accessible) for every stop. A field survey can start with the busiest stops.,
bc-transit-victoria,BC Transit (Victoria Regional Transit System),D,67.8,2026-08-07,current,149,no,,Set wheelchair_boarding to 1 (accessible) or 2 (not accessible) for every stop. A field survey can start with the busiest stops.,
bc-transit-west-coast,BC Transit (West Coast Transit System),C,73.5,2026-08-07,current,148,no,,Set wheelchair_boarding to 1 (accessible) or 2 (not accessible) for every stop. A field survey can start with the busiest stops.,
bc-transit-west-kootenay,BC Transit (West Kootenay Transit System),D,68.7,2026-08-07,current,146,no,,Set wheelchair_boarding to 1 (accessible) or 2 (not accessible) for every stop. A field survey can start with the busiest stops.,
bc-transit-whistler,BC Transit (Whistler Transit System),C,71.6,2026-08-07,current,107,no,,Set wheelchair_boarding to 1 (accessible) or 2 (not accessible) for every stop. A field survey can start with the busiest stops.,
bc-transit-williams-lake,BC Transit (Williams Lake Transit System),C,72.6,2026-08-07,current,146,no,,Set wheelchair_boarding to 1 (accessible) or 2 (not accessible) for every stop. A field survey can start with the busiest stops.,
beach-cities-transit-1999,Beach Cities Transit,D,68.1,2026-08-07,current,26809,no,,Set wheelchair_boarding to 1 (accessible) or 2 (not accessible) for every stop. A field survey can start with the busiest stops.,ready
beaumont-transit,Beaumont Transit,B,84.0,2026-08-07,current,147,no,,Set wheelchair_boarding to 1 (accessible) or 2 (not accessible) for every stop. A field survey can start with the busiest stops.,ready
beaver-county-transit-authority-2262,Beaver County Transit Authority,C,74.8,2026-08-07,current,146,no,,Set wheelchair_boarding to 1 (accessible) or 2 (not accessible) for every stop. A field survey can start with the busiest stops.,ready
belgrade-public-transport,Belgrade Public Transport,B,80.9,2026-08-07,current,146,no,,Set wheelchair_boarding to 1 (accessible) or 2 (not accessible) for every stop. A field survey can start with the busiest stops.,
belgrade-suburban-transport,Belgrade Suburban Public Transport,C,76.8,2026-08-07,current,146,no,,Set wheelchair_boarding to 1 (accessible) or 2 (not accessible) for every stop. A field survey can start with the busiest stops.,
beloit-transit,Beloit Transit,F,37.8,2026-07-25,unknown,,no,,Add feed_start_date and feed_end_date to feed_info.txt and include calendar end dates in your export.,not_ready
bent-county-transportation,Bent County Transportation Flex,C,79.1,2026-08-07,current,116,no,,Set wheelchair_boarding to 1 (accessible) or 2 (not accessible) for every stop. A field survey can start with the busiest stops.,not_ready
berks-area-regional-transportation-authority-barta-2064,Berks Area Regional Transportation Authority (BARTA),D,63.8,2026-08-07,current,149,no,,Set wheelchair_boarding to 1 (accessible) or 2 (not accessible) for every stop. A field survey can start with the busiest stops.,ready
bernard-kavanagh,Bernard Kavanagh & Sons,B,80.3,2026-08-07,current,364,no,,Set wheelchair_boarding to 1 (accessible) or 2 (not accessible) for every stop. A field survey can start with the busiest stops.,
bhtrans-convencional,BHTRANS (Belo Horizonte conventional network),F,51.5,2026-08-07,current,146,no,,Review the rule documentation for 'trip_distance_exceeds_shape_distance' at https://gtfs-validator.mobilitydata.org/rules.html and check the flagged rows in your feed.,
bhtrans-suplementar,BHTRANS (Belo Horizonte supplementary network),C,71.8,2026-08-07,current,146,no,,Set wheelchair_boarding to 1 (accessible) or 2 (not accessible) for every stop. A field survey can start with the busiest stops.,
bibus-brest,Bibus (Brest),F,58.3,2026-08-07,current,135,no,,Review the rule documentation for 'trip_distance_exceeds_shape_distance' at https://gtfs-validator.mobilitydata.org/rules.html and check the flagged rows in your feed.,
biddeford-saco-old-orchard-beach-transit,Biddeford Saco Old Orchard Beach Transit,C,79.4,2026-08-07,current,146,no,,Set wheelchair_boarding to 1 (accessible) or 2 (not accessible) for every stop. A field survey can start with the busiest stops.,ready
big-blue-bus,Big Blue Bus,F,52.0,2026-08-07,current,127,no,,Ask your AVL vendor why the feed stopped advancing; the GTFS-Realtime header timestamp should move forward on every publish.,ready
birnie-bus,Birnie Bus,F,58.8,2026-08-07,current,189,no,,Set wheelchair_boarding to 1 (accessible) or 2 (not accessible) for every stop. A field survey can start with the busiest stops.,ready
birstonas-public-transport,Birštonas public transport,C,70.7,2026-08-07,current,8912,no,,Set wheelchair_boarding to 1 (accessible) or 2 (not accessible) for every stop. A field survey can start with the busiest stops.,
birzai-public-transport,Biržai public transport,D,63.2,2026-08-07,current,2338,no,,Set wheelchair_boarding to 1 (accessible) or 2 (not accessible) for every stop. A field survey can start with the busiest stops.,
bisbee-bus,Bisbee Bus,A,99.4,2026-08-07,current,521,no,,Set wheelchair_boarding to 1 (accessible) or 2 (not accessible) for every stop. A field survey can start with the busiest stops.,ready
black-ball-ferry-line,Black Ball Ferry Line,A,98.2,2026-08-07,current,149,no,,Remove past service periods the next time you export the feed.,ready
blackhawk-and-central-city-tramway,Blackhawk and Central City Tramway,B,81.9,2026-08-07,current,146,no,,Set wheelchair_boarding to 1 (accessible) or 2 (not accessible) for every stop. A field survey can start with the busiest stops.,ready
blackhawk-and-central-city-tramway-2041,Blackhawk and Central City Tramway Flex,B,81.9,2026-08-07,current,146,no,,Set wheelchair_boarding to 1 (accessible) or 2 (not accessible) for every stop. A field survey can start with the busiest stops.,ready
blackstone-area-bus-service,Blackstone Area Bus Service,C,74.8,2026-08-07,current,206,no,,Set wheelchair_boarding to 1 (accessible) or 2 (not accessible) for every stop. A field survey can start with the busiest stops.,ready
blaguss-szombathely,Blaguss Agora Hungary (Szombathely),F,51.9,2026-08-07,current,315,no,,Review the rule documentation for 'trip_distance_exceeds_shape_distance' at https://gtfs-validator.mobilitydata.org/rules.html and check the flagged rows in your feed.,
block-island-ferry,Block Island Ferry,C,77.0,2026-08-07,current,66,no,,Set wheelchair_boarding to 1 (accessible) or 2 (not accessible) for every terminal. A field survey can start with the busiest terminals.,ready
bloomington-transit-2066,Bloomington Transit,C,76.2,2026-08-07,current,357,no,,Set wheelchair_boarding to 1 (accessible) or 2 (not accessible) for every stop. A field survey can start with the busiest stops.,ready
blossom-express,Blossom Express,B,86.6,2026-08-07,current,179,no,,Set wheelchair_boarding to 1 (accessible) or 2 (not accessible) for every stop. A field survey can start with the busiest stops.,ready
blue-apple-bus-company,Blue Apple Bus Company,C,77.9,2026-08-07,current,146,no,,Set wheelchair_boarding to 1 (accessible) or 2 (not accessible) for every stop. A field survey can start with the busiest stops.,ready
blue-grass-community-action-partnership,Bluegrass Ultra-Transit Service,C,79.3,2026-08-07,current,146,no,,Set wheelchair_boarding to 1 (accessible) or 2 (not accessible) for every stop. A field survey can start with the busiest stops.,ready
bodo-verkehrsverbund,bodo Verkehrsverbund (Bodensee-Oberschwaben),F,43.6,2026-08-07,current,127,no,,Set wheelchair_boarding to 1 (accessible) or 2 (not accessible) for every stop. A field survey can start with the busiest stops.,
borders-buses,Borders Buses,F,56.8,2026-08-07,current,499,no,,Set wheelchair_boarding to 1 (accessible) or 2 (not accessible) for every stop. A field survey can start with the busiest stops.,
boston-express,Boston Express,C,73.4,2026-08-07,current,877,no,,Set wheelchair_boarding to 1 (accessible) or 2 (not accessible) for every stop. A field survey can start with the busiest stops.,not_ready
boston-harbor-islands-ferries-2073,Boston Harbor Islands Ferries,A,95.3,2026-08-07,current,67,no,,"Set wheelchair_accessible on every trip. If every vehicle is accessible, this may be one default; otherwise use the value for each trip.",ready
boston-harbor-islands-ferry,Boston Harbor Islands Ferry,A,98.2,2026-08-07,current,66,no,,Remove past service periods the next time you export the feed.,ready
boxcar,Boxcar Commuter Bus,C,73.0,2026-08-07,current,365,no,,Set wheelchair_boarding to 1 (accessible) or 2 (not accessible) for every stop. A field survey can start with the busiest stops.,not_ready
brakar-buskerud,Brakar,D,63.4,2026-08-07,current,143,no,,Set wheelchair_boarding to 1 (accessible) or 2 (not accessible) for every stop. A field survey can start with the busiest stops.,
brightline-trains-llc,Brightline Trains LLC,B,82.2,2026-08-07,current,299,no,,Review the rule documentation for 'invalid_phone_number' at https://gtfs-validator.mobilitydata.org/rules.html and check the flagged rows in your feed.,ready
brighton-hove-buses,Brighton & Hove Buses,F,53.1,2026-08-07,current,355,no,,Review the rule documentation for 'block_trips_with_overlapping_stop_times' at https://gtfs-validator.mobilitydata.org/rules.html and check the flagged rows in your feed.,
bristol-virginia-transit,Bristol Virginia Transit,B,84.0,2026-08-07,current,178,no,,Set wheelchair_boarding to 1 (accessible) or 2 (not accessible) for every stop. A field survey can start with the busiest stops.,ready
brittany-ferries,Brittany Ferries,D,69.2,2026-08-07,current,368,no,,"Add the destination, direction, or 'via' label riders actually see to trip_headsign. Do not copy the route name. If the label changes during the trip, use stop_headsign.",
broome-county-transit-b-c-transit-2079,Broome County Transit (B.C. Transit),B,84.3,2026-08-07,current,146,no,,Set wheelchair_boarding to 1 (accessible) or 2 (not accessible) for every stop. A field survey can start with the busiest stops.,at_risk
brown-county-heartland-express,Brown County Heartland Express Flex,C,78.4,2026-08-07,current,178,no,,Set wheelchair_boarding to 1 (accessible) or 2 (not accessible) for every stop. A field survey can start with the busiest stops.,at_risk
bryce-canyon-shuttle,Bryce Canyon Shuttle,C,74.6,2026-08-07,current,72,no,,Set wheelchair_boarding to 1 (accessible) or 2 (not accessible) for every stop. A field survey can start with the busiest stops.,ready
bullhead-area-transit-system,Bullhead Area Transit System,B,87.5,2026-08-07,current,146,no,,Set wheelchair_boarding to 1 (accessible) or 2 (not accessible) for every stop. A field survey can start with the busiest stops.,ready
burbankbus,BurbankBus,F,59.4,2026-08-07,current,26809,no,,Re-generate shape distances in your export; flag to your vendor if it persists.,ready
bus-eireann,Bus Éireann,C,80.0,2026-08-07,current,171,no,,Set wheelchair_boarding to 1 (accessible) or 2 (not accessible) for every stop. A field survey can start with the busiest stops.,
bustang-outrider,Bustang Outrider,B,80.8,2026-08-07,current,178,no,,Set wheelchair_boarding to 1 (accessible) or 2 (not accessible) for every stop. A field survey can start with the busiest stops.,ready
buzen-city-bus,Buzen City Bus (豊前市バス),B,81.8,2026-08-07,current,236,no,,Set wheelchair_boarding to 1 (accessible) or 2 (not accessible) for every stop. A field survey can start with the busiest stops.,
cache-valley-transit-district,Cache Valley Transit District,F,53.1,2026-08-07,current,26809,no,,Set wheelchair_boarding to 1 (accessible) or 2 (not accessible) for every stop. A field survey can start with the busiest stops.,ready
calaveras-transit,Calaveras Transit,B,80.7,2026-08-07,current,145,no,,Set wheelchair_boarding to 1 (accessible) or 2 (not accessible) for every stop. A field survey can start with the busiest stops.,ready
cape-lookout-national-seashore,CALO Ferry Service,B,87.5,2026-08-07,current,205,no,,Set wheelchair_boarding to 1 (accessible) or 2 (not accessible) for every terminal. A field survey can start with the busiest terminals.,ready
caltrain,Caltrain,A,93.2,2026-08-07,current,177,no,,Set wheelchair_boarding to 1 (accessible) or 2 (not accessible) for every stop. A field survey can start with the busiest stops.,ready
camarillo-area-transit,Camarillo Area Transit,B,86.6,2026-08-07,current,178,no,,Set wheelchair_boarding to 1 (accessible) or 2 (not accessible) for every stop. A field survey can start with the busiest stops.,ready
campus-area-rapid-transit-cart,Campus Area Rapid Transit (CART),D,67.6,2026-08-07,current,26809,no,,Set wheelchair_boarding to 1 (accessible) or 2 (not accessible) for every stop. A field survey can start with the busiest stops.,ready
canby-area-transit-cat,Canby Area Transit (CAT),B,84.9,2026-08-07,current,147,no,,Set wheelchair_boarding to 1 (accessible) or 2 (not accessible) for every stop. A field survey can start with the busiest stops.,ready
canby-ferry,Canby Ferry,C,79.3,2026-08-07,current,85,no,,Set wheelchair_boarding to 1 (accessible) or 2 (not accessible) for every terminal. A field survey can start with the busiest terminals.,ready
capital-area-transit-system-cats-2065,Capital Area Transit System (CATS),D,66.5,2026-08-07,current,146,no,,Set wheelchair_boarding to 1 (accessible) or 2 (not accessible) for every stop. A field survey can start with the busiest stops.,ready
capital-metro,Capital Metro,C,79.8,2026-08-07,current,155,no,,Check the service alerts endpoint with your AVL vendor; it should return a fresh GTFS-Realtime protobuf on every request.,ready
car-jaune-reunion,Car Jaune (La Réunion),B,80.6,2026-08-07,current,360,no,,"Set wheelchair_accessible on every trip. If every vehicle is accessible, this may be one default; otherwise use the value for each trip.",
caravan-airport-transportation,Caravan Airport Transportation,B,84.0,2026-08-07,current,86,no,,Set wheelchair_boarding to 1 (accessible) or 2 (not accessible) for every stop. A field survey can start with the busiest stops.,ready
cardiff-bus,Cardiff Bus (Bws Caerdydd),F,56.2,2026-08-07,current,363,no,,Review the rule documentation for 'block_trips_with_overlapping_stop_times' at https://gtfs-validator.mobilitydata.org/rules.html and check the flagged rows in your feed.,
carousel-buses,Carousel Buses,F,59.7,2026-08-07,current,346,no,,Review the rule documentation for 'block_trips_with_overlapping_stop_times' at https://gtfs-validator.mobilitydata.org/rules.html and check the flagged rows in your feed.,
carris-metropolitana,Carris Metropolitana,F,37.8,2026-08-07,current,327,no,,Review the rule documentation for 'trip_distance_exceeds_shape_distance' at https://gtfs-validator.mobilitydata.org/rules.html and check the flagged rows in your feed.,
cars-regionaux-23-creuse,Cars Régionaux 23 — Creuse,D,60.3,2026-08-07,current,344,no,,Re-generate shape distances in your export; flag to your vendor if it persists.,
cascais-proxima,Cascais Próxima (MobiCascais),B,81.0,2026-08-07,current,146,no,,Set wheelchair_boarding to 1 (accessible) or 2 (not accessible) for every stop. A field survey can start with the busiest stops.,
catalina-express,Catalina Express,F,26.2,2026-07-16,unknown,,no,,Add feed_start_date and feed_end_date to feed_info.txt and include calendar end dates in your export.,not_ready
catholic-community-services,Catholic Community Services,C,72.9,2026-08-07,current,178,no,,Set wheelchair_boarding to 1 (accessible) or 2 (not accessible) for every stop. A field survey can start with the busiest stops.,ready
catholic-community-services-2159,Catholic Community Services,C,72.9,2026-08-07,current,178,no,,Set wheelchair_boarding to 1 (accessible) or 2 (not accessible) for every stop. A field survey can start with the busiest stops.,ready
catholic-community-services-2160,Catholic Community Services,C,72.9,2026-08-07,current,178,no,,Set wheelchair_boarding to 1 (accessible) or 2 (not accessible) for every stop. A field survey can start with the busiest stops.,ready
central-community-transit,Central Community Transit,B,83.6,2026-08-07,current,147,no,,Set wheelchair_boarding to 1 (accessible) or 2 (not accessible) for every stop. A field survey can start with the busiest stops.,ready
central-florida-regional-transit-authority-lynx,Central Florida Regional Transit Authority (LYNX),D,62.3,2026-08-07,current,127,no,,Check the trip updates endpoint with your AVL vendor; it should return a fresh GTFS-Realtime protobuf on every request.,ready
champaign-urbana-mass-transit-district-mtd,Champaign Urbana Mass Transit District (MTD),F,57.0,2026-08-07,current,134,no,,"Add fare_attributes.txt (or Fares v2 files) with your fare structure. If your service is fare-free, ask to have it marked fare-free instead.",ready
chautauqua-area-regional-transit-system-carts,Chautauqua Area Regional Transit System (CARTS),F,54.2,2026-08-07,current,146,no,,Set wheelchair_boarding to 1 (accessible) or 2 (not accessible) for every stop. A field survey can start with the busiest stops.,ready
chenango-first-transit,Chenango First Transit,D,61.2,2026-08-07,current,146,no,,Set wheelchair_boarding to 1 (accessible) or 2 (not accessible) for every stop. A field survey can start with the busiest stops.,ready
chigasaki-city-eboshi-bus,Chigasaki City Community Bus Eboshi-go (茅ヶ崎市コミュニティバスえぼし号),B,80.9,2026-08-07,current,236,no,,Set wheelchair_boarding to 1 (accessible) or 2 (not accessible) for every stop. A field survey can start with the busiest stops.,
chikuma-bus,Chikuma Bus (千曲バス),B,80.2,2026-08-07,current,236,no,,Set wheelchair_boarding to 1 (accessible) or 2 (not accessible) for every stop. A field survey can start with the busiest stops.,
chikuma-city-loop-bus,Chikuma City Loop Bus (千曲市循環バス),C,75.2,2026-08-07,current,236,no,,Set wheelchair_boarding to 1 (accessible) or 2 (not accessible) for every stop. A field survey can start with the busiest stops.,
chita-bus,Chita Bus (知多バス),C,72.0,2026-08-07,current,177,no,,Set wheelchair_boarding to 1 (accessible) or 2 (not accessible) for every stop. A field survey can start with the busiest stops.,
chita-city-aiai-bus,Chita City Aiai Bus (知多市コミュニティバス あいあいバス),C,75.0,2026-08-07,current,236,no,,Set wheelchair_boarding to 1 (accessible) or 2 (not accessible) for every stop. A field survey can start with the busiest stops.,
choletbus,Choletbus,C,78.8,2026-08-07,current,329,no,,"Set wheelchair_accessible on every trip. If every vehicle is accessible, this may be one default; otherwise use the value for each trip.",
chuki-bus,Chuki Bus (中紀バス),C,74.0,2026-08-07,current,236,no,,Set wheelchair_boarding to 1 (accessible) or 2 (not accessible) for every stop. A field survey can start with the busiest stops.,
cincinnati-metro,Cincinnati Metro,B,82.7,2026-08-07,current,120,no,,"Turn on shape cleanup in your export tool, or drop the repeated points from shapes.txt.",ready
citalis-reunion,Citalis (La Réunion),D,61.0,2026-08-07,current,146,no,,Set wheelchair_boarding to 1 (accessible) or 2 (not accessible) for every stop. A field survey can start with the busiest stops.,
cities-area-transit-2199,Cities Area Transit,C,73.9,2026-08-07,current,146,no,,Set wheelchair_boarding to 1 (accessible) or 2 (not accessible) for every stop. A field survey can start with the busiest stops.,ready
citilink-2266,Citilink,B,83.0,2026-08-07,current,146,no,,Set wheelchair_boarding to 1 (accessible) or 2 (not accessible) for every stop. A field survey can start with the busiest stops.,ready
city-direct-ie,City Direct,B,82.6,2026-08-07,current,363,no,,Set wheelchair_boarding to 1 (accessible) or 2 (not accessible) for every stop. A field survey can start with the busiest stops.,
alexandria-dot,City of Alexandria,C,75.5,2026-08-07,current,116,no,,Set wheelchair_boarding to 1 (accessible) or 2 (not accessible) for every stop. A field survey can start with the busiest stops.,not_ready
city-of-banning-transit,City of Banning Transit,A,91.2,2026-08-07,current,178,no,,"Set wheelchair_accessible on every trip. If every vehicle is accessible, this may be one default; otherwise use the value for each trip.",ready
city-of-corvallis-2283,City of Corvallis,C,73.5,2026-08-07,current,511,no,,Set wheelchair_boarding to 1 (accessible) or 2 (not accessible) for every stop. A field survey can start with the busiest stops.,ready
city-of-ellensburg-public-transit-central-transit-2456,City of Ellensburg Public Transit (Central Transit),A,92.3,2026-08-07,current,86,no,,"Set wheelchair_accessible on every trip. If every vehicle is accessible, this may be one default; otherwise use the value for each trip.",ready
city-of-fountain-transit,City of Fountain Transit,B,81.1,2026-08-07,current,115,no,,Set wheelchair_boarding to 1 (accessible) or 2 (not accessible) for every stop. A field survey can start with the busiest stops.,ready
city-of-long-beach-transportation,City of Long Beach Transportation,D,64.2,2026-08-07,current,146,no,,Set wheelchair_boarding to 1 (accessible) or 2 (not accessible) for every stop. A field survey can start with the busiest stops.,ready
city-of-loveland,City of Loveland Flex,B,80.2,2026-08-07,current,178,no,,Set wheelchair_boarding to 1 (accessible) or 2 (not accessible) for every stop. A field survey can start with the busiest stops.,not_ready
city-of-miami-beach,City of Miami Beach,C,72.0,2026-08-07,current,147,no,,Set wheelchair_boarding to 1 (accessible) or 2 (not accessible) for every stop. A field survey can start with the busiest stops.,ready
city-of-miami-gardens,City of Miami Gardens,C,77.2,2026-08-07,current,147,no,,Set wheelchair_boarding to 1 (accessible) or 2 (not accessible) for every stop. A field survey can start with the busiest stops.,ready
city-of-milton-freewater-public-transportation-2189,City of Milton-Freewater Public Transportation,C,71.5,2026-08-07,current,146,no,,Set wheelchair_boarding to 1 (accessible) or 2 (not accessible) for every stop. A field survey can start with the busiest stops.,ready
city-of-san-luis-obispo-transit,City of San Luis Obispo Transit,B,86.4,2026-08-07,current,147,no,,Set wheelchair_boarding to 1 (accessible) or 2 (not accessible) for every stop. A field survey can start with the busiest stops.,ready
city-of-tracy,City of Tracy,C,72.6,2026-08-07,current,147,no,,Set wheelchair_boarding to 1 (accessible) or 2 (not accessible) for every stop. A field survey can start with the busiest stops.,not_ready
city-of-tracy-tracer-3099,City of Tracy (TRACER),D,69.8,2026-08-07,current,363,no,,Set wheelchair_boarding to 1 (accessible) or 2 (not accessible) for every stop. A field survey can start with the busiest stops.,ready
citylink-ie,Citylink,C,70.8,2026-08-07,current,364,no,,Review the rule documentation for 'block_trips_with_overlapping_stop_times' at https://gtfs-validator.mobilitydata.org/rules.html and check the flagged rows in your feed.,
clackco-connects-clackamas-county,ClackCo Connects (Clackamas County),B,84.0,2026-08-07,current,116,no,,Set wheelchair_boarding to 1 (accessible) or 2 (not accessible) for every stop. A field survey can start with the busiest stops.,ready
clackco-connects-clackamas-county-2741,ClackCo Connects (Clackamas County) Flex,C,76.1,2026-08-07,current,116,no,,Review the rule documentation for 'invalid_pickup_drop_off_window' at https://gtfs-validator.mobilitydata.org/rules.html and check the flagged rows in your feed.,ready
clallam-transit-system,Clallam Transit System,C,78.2,2026-08-07,current,288,no,,Re-generate shape distances in your export; flag to your vendor if it persists.,ready
clarkstown-minitrans,Clarkstown MiniTrans,D,63.1,2026-08-07,current,146,no,,Set wheelchair_boarding to 1 (accessible) or 2 (not accessible) for every stop. A field survey can start with the busiest stops.,ready
clean-air-express,Clean Air Express,A,90.4,2026-08-07,current,146,no,,Set wheelchair_boarding to 1 (accessible) or 2 (not accessible) for every stop. A field survey can start with the busiest stops.,ready
clear-creek-county-transit,Clear Creek County Transit,C,75.9,2026-08-07,current,115,no,,Set wheelchair_boarding to 1 (accessible) or 2 (not accessible) for every stop. A field survey can start with the busiest stops.,ready
coach-services-thetford,Coach Services,F,54.5,2026-08-07,current,348,no,,Review the rule documentation for 'block_trips_with_overlapping_stop_times' at https://gtfs-validator.mobilitydata.org/rules.html and check the flagged rows in your feed.,
cobblinc,CobbLinc,D,61.2,2026-08-07,current,146,no,,Check the trip updates endpoint with your AVL vendor; it should return a fresh GTFS-Realtime protobuf on every request.,ready
city-of-gadsen,COG Trolley Routes,B,88.4,2026-08-07,current,921,no,,"Add the destination, direction, or 'via' label riders actually see to trip_headsign. Do not copy the route name. If the label changes during the trip, use stop_headsign.",not_ready
colorado-mountain-express,Colorado Mountain Express,C,75.4,2026-08-07,current,266,no,,Set wheelchair_boarding to 1 (accessible) or 2 (not accessible) for every stop. A field survey can start with the busiest stops.,ready
columbia-area-transit-cat,Columbia Area Transit (CAT),B,82.9,2026-08-07,current,147,no,,Set wheelchair_boarding to 1 (accessible) or 2 (not accessible) for every stop. A field survey can start with the busiest stops.,ready
columbia-county-public-transportation,Columbia County Public Transportation,C,73.1,2026-08-07,current,297,no,,Set wheelchair_boarding to 1 (accessible) or 2 (not accessible) for every stop. A field survey can start with the busiest stops.,ready
columbia-county-public-transportation-3116,Columbia County Public Transportation,C,77.7,2026-08-07,current,1242,no,,Set wheelchair_boarding to 1 (accessible) or 2 (not accessible) for every stop. A field survey can start with the busiest stops.,ready
columbia-county-rider,Columbia County Rider,C,77.9,2026-08-07,current,86,no,,Set wheelchair_boarding to 1 (accessible) or 2 (not accessible) for every stop. A field survey can start with the busiest stops.,at_risk
colville-confederated-tribes-transit,Colville Confederated Tribes Transit,C,79.4,2026-08-07,current,206,no,,Set wheelchair_boarding to 1 (accessible) or 2 (not accessible) for every stop. A field survey can start with the busiest stops.,ready
commerce-municipal-bus-lines,Commerce Municipal Bus Lines,B,83.8,2026-08-07,current,1607,no,,Set wheelchair_boarding to 1 (accessible) or 2 (not accessible) for every stop. A field survey can start with the busiest stops.,ready
community-in-motion,Community in Motion,C,74.5,2026-08-07,current,116,no,,Set wheelchair_boarding to 1 (accessible) or 2 (not accessible) for every stop. A field survey can start with the busiest stops.,not_ready
community-transit-ct,Community Transit (CT),C,78.5,2026-08-07,current,126,no,,Review the rule documentation for 'trip_distance_exceeds_shape_distance' at https://gtfs-validator.mobilitydata.org/rules.html and check the flagged rows in your feed.,ready
commute-org-san-mateo-county-shuttles,Commute.org San Mateo County Shuttles,B,85.7,2026-08-07,current,147,no,,"Set wheelchair_accessible on every trip. If every vehicle is accessible, this may be one default; otherwise use the value for each trip.",ready
maryland-transit-administration-467,Commuter Bus,F,54.8,2026-08-07,current,146,no,,Set wheelchair_boarding to 1 (accessible) or 2 (not accessible) for every stop. A field survey can start with the busiest stops.,ready
connect-transit-2267,Connect Transit,D,62.0,2026-08-07,current,26809,no,,Set wheelchair_boarding to 1 (accessible) or 2 (not accessible) for every stop. A field survey can start with the busiest stops.,ready
tib-mallorca,Consorci de Transports de Mallorca (TIB),C,78.6,2026-08-07,current,180,no,,Set wheelchair_boarding to 1 (accessible) or 2 (not accessible) for every stop. A field survey can start with the busiest stops.,
coos-county-area-transit-ccat,Coos County Area Transit (CCAT),C,72.3,2026-08-07,current,86,no,,Set wheelchair_boarding to 1 (accessible) or 2 (not accessible) for every stop. A field survey can start with the busiest stops.,ready
coralville-transit,Coralville Transit,B,82.8,2026-08-07,current,145,no,,Set wheelchair_boarding to 1 (accessible) or 2 (not accessible) for every stop. A field survey can start with the busiest stops.,ready
corolis-beauvais,Corolis (Beauvais),C,72.3,2026-08-07,current,146,no,,Set wheelchair_boarding to 1 (accessible) or 2 (not accessible) for every stop. A field survey can start with the busiest stops.,
corona-cruiser,Corona Cruiser,B,84.0,2026-08-07,current,205,no,,Set wheelchair_boarding to 1 (accessible) or 2 (not accessible) for every stop. A field survey can start with the busiest stops.,ready
corridorrides,CorridorRides,C,78.1,2026-08-07,current,116,no,,Set wheelchair_boarding to 1 (accessible) or 2 (not accessible) for every stop. A field survey can start with the busiest stops.,ready
cortran,CORTRAN Flex,C,78.4,2026-08-07,current,86,no,,Set wheelchair_boarding to 1 (accessible) or 2 (not accessible) for every stop. A field survey can start with the busiest stops.,not_ready
cottonwood-area-transit-cat,Cottonwood Area Transit (CAT),C,79.4,2026-08-07,current,116,no,,Set wheelchair_boarding to 1 (accessible) or 2 (not accessible) for every stop. A field survey can start with the busiest stops.,ready
county-connection-cccta-2421,County Connection (CCCTA),C,76.2,2026-08-07,current,155,no,,Add feed_info.txt with feed_start_date and feed_end_date to your export.,ready
cripple-creek-transportation,Cripple Creek Transportation,C,79.7,2026-08-07,current,69,no,,Set wheelchair_boarding to 1 (accessible) or 2 (not accessible) for every stop. A field survey can start with the busiest stops.,ready
cripple-creek-transportation-2042,Cripple Creek Transportation Flex,C,78.7,2026-08-07,current,69,no,,Set wheelchair_boarding to 1 (accessible) or 2 (not accessible) for every stop. A field survey can start with the busiest stops.,at_risk
crtm-red-de-emt,CRTM — Red de EMT (Madrid city bus),C,72.8,2026-08-07,current,146,no,,Set wheelchair_boarding to 1 (accessible) or 2 (not accessible) for every stop. A field survey can start with the busiest stops.,
crtm-red-de-interurbanos,CRTM — Red de Interurbanos (Madrid regional bus),F,33.8,2026-08-07,current,384,no,,Review the rule documentation for 'stop_time_with_arrival_before_previous_departure_time' at https://gtfs-validator.mobilitydata.org/rules.html and check the flagged rows in your feed.,
crtm-metro-ligero,CRTM — Red de Metro Ligero (Madrid light rail),C,70.9,2026-08-07,current,349,no,,"Add fare_attributes.txt (or Fares v2 files) with your fare structure. If your service is fare-free, ask to have it marked fare-free instead.",
cts-strasbourg,CTS (Strasbourg),C,74.9,2026-08-07,current,178,no,,Set wheelchair_boarding to 1 (accessible) or 2 (not accessible) for every stop. A field survey can start with the busiest stops.,
curry-public-transit,Curry Public Transit,B,84.9,2026-08-07,current,86,no,,Set wheelchair_boarding to 1 (accessible) or 2 (not accessible) for every stop. A field survey can start with the busiest stops.,ready
cuttyhunk-ferry-company,Cuttyhunk Ferry Company,B,83.1,2026-08-07,current,115,no,,Set wheelchair_boarding to 1 (accessible) or 2 (not accessible) for every terminal. A field survey can start with the busiest terminals.,ready
dana-point-trolley,Dana Point Trolley,D,62.2,2026-08-07,current,8911,no,,Set wheelchair_boarding to 1 (accessible) or 2 (not accessible) for every stop. A field survey can start with the busiest stops.,ready
dazaifu-city-mahoroba-bus,Dazaifu City Community Bus Mahoroba-go (太宰府市コミュニティバスまほろば号),B,80.7,2026-08-07,current,236,no,,Set wheelchair_boarding to 1 (accessible) or 2 (not accessible) for every stop. A field survey can start with the busiest stops.,
deepmob-dieppe,DeepMob (Dieppe),D,61.1,2026-08-07,current,297,no,,Set wheelchair_boarding to 1 (accessible) or 2 (not accessible) for every stop. A field survey can start with the busiest stops.,
dekalb-public-transit,DeKalb Public Transit,C,76.5,2026-08-07,current,511,no,,Set wheelchair_boarding to 1 (accessible) or 2 (not accessible) for every stop. A field survey can start with the busiest stops.,ready
delaware-transit-corporation-dart-first-state,Delaware Transit Corporation (DART First State),F,46.2,2026-08-07,current,99,no,,Review the rule documentation for 'equal_shape_distance_diff_coordinates' at https://gtfs-validator.mobilitydata.org/rules.html and check the flagged rows in your feed.,ready
denton-county-transportation-authority-dcta,Denton County Transportation Authority (DCTA),D,63.8,2026-08-07,current,156,no,,Check the trip updates endpoint with your AVL vendor; it should return a fresh GTFS-Realtime protobuf on every request.,ready
detroit-people-mover-2281,Detroit People Mover,B,80.9,2026-08-07,current,146,no,,"Set wheelchair_accessible on every trip. If every vehicle is accessible, this may be one default; otherwise use the value for each trip.",ready
divia-dijon,DiviaMobilités (Dijon),C,72.0,2026-08-07,current,146,no,,"Set wheelchair_accessible on every trip. If every vehicle is accessible, this may be one default; otherwise use the value for each trip.",
sound-generations-hyde-shuttle,do not use - deprecfated,C,74.6,2026-08-07,current,86,no,,Set wheelchair_boarding to 1 (accessible) or 2 (not accessible) for every stop. A field survey can start with the busiest stops.,not_ready
dodger-area-rapid-transit,Dodger Area Rapid Transit,B,87.4,2026-08-07,current,146,no,,Set wheelchair_boarding to 1 (accessible) or 2 (not accessible) for every stop. A field survey can start with the busiest stops.,ready
dolores-county,Dolores County,C,75.5,2026-08-07,current,178,no,,Set wheelchair_boarding to 1 (accessible) or 2 (not accessible) for every stop. A field survey can start with the busiest stops.,not_ready
ding-verkehrsverbund,Donau-Iller-Nahverkehrsverbund (DING),F,43.9,2026-08-07,current,127,no,,Review the rule documentation for 'point_near_origin' at https://gtfs-validator.mobilitydata.org/rules.html and check the flagged rows in your feed.,
dpb-bratislava,"Dopravný podnik Bratislava, a.s. (DPB)",C,76.1,2026-08-07,current,146,no,,Set wheelchair_boarding to 1 (accessible) or 2 (not accessible) for every stop. A field survey can start with the busiest stops.,
downtown-alliance,Downtown Alliance,A,92.2,2026-08-07,current,85,no,,Set wheelchair_boarding to 1 (accessible) or 2 (not accessible) for every stop. A field survey can start with the busiest stops.,ready
dry-tortugas-national-park,DRTO Ferry Service,A,99.8,2026-08-07,current,85,no,,"Check whether the gap is real, like a seasonal break; if not, add the missing dates to the calendar.",ready
druskininkai-public-transport,Druskininkai public transport,C,71.1,2026-08-07,current,359,no,,Set wheelchair_boarding to 1 (accessible) or 2 (not accessible) for every stop. A field survey can start with the busiest stops.,
dublin-bus,Dublin Bus (Transport for Ireland),C,79.3,2026-08-07,current,85,no,,Set wheelchair_boarding to 1 (accessible) or 2 (not accessible) for every stop. A field survey can start with the busiest stops.,
duluth-transit,Duluth Transit,D,61.7,2026-08-07,current,120,no,,"Check with your AVL vendor that every vehicle assignment flows into TripUpdates, including school-day and tripper runs.",ready
durango-transit,Durango Transit,B,86.6,2026-08-07,current,511,no,,"Add fare_attributes.txt (or Fares v2 files) with your fare structure. If your service is fare-free, ask to have it marked fare-free instead.",ready
durango-transit-2290,Durango Transit Flex,B,80.2,2026-08-07,current,116,no,,Set wheelchair_boarding to 1 (accessible) or 2 (not accessible) for every stop. A field survey can start with the busiest stops.,not_ready
dutchess-county,Dutchess County,D,63.3,2026-08-07,current,9185,no,,Set wheelchair_boarding to 1 (accessible) or 2 (not accessible) for every stop. A field survey can start with the busiest stops.,ready
east-yorkshire-buses,East Yorkshire,F,33.0,2026-08-07,current,349,no,,Review the rule documentation for 'duplicate_key' at https://gtfs-validator.mobilitydata.org/rules.html and check the flagged rows in your feed.,
eastern-sierra-transit,Eastern Sierra Transit,B,87.3,2026-08-07,current,146,no,,"Add fare_attributes.txt (or Fares v2 files) with your fare structure. If your service is fare-free, ask to have it marked fare-free instead.",ready
eastside-friends-of-seniors,Eastside Friends of Seniors,C,73.8,2026-08-07,current,116,no,,Set wheelchair_boarding to 1 (accessible) or 2 (not accessible) for every stop. A field survey can start with the busiest stops.,ready
easy-ride-transportation,Easy Ride Transportation,B,80.2,2026-08-07,current,178,no,,Set wheelchair_boarding to 1 (accessible) or 2 (not accessible) for every stop. A field survey can start with the busiest stops.,not_ready
eco-transit-2045,ECO Transit Flex,C,73.8,2026-08-07,current,267,no,,Set wheelchair_boarding to 1 (accessible) or 2 (not accessible) for every stop. A field survey can start with the busiest stops.,not_ready
el-dorado-transit-agency,El Dorado County Transit Authority,B,84.1,2026-08-07,current,116,no,,Set wheelchair_boarding to 1 (accessible) or 2 (not accessible) for every stop. A field survey can start with the busiest stops.,ready
el-paso-transportation-authority,El Paso Transportation Authority,B,81.1,2026-08-07,current,266,no,,Set wheelchair_boarding to 1 (accessible) or 2 (not accessible) for every stop. A field survey can start with the busiest stops.,ready
elektrenai-public-transport,Elektrėnai public transport,D,67.3,2026-08-07,current,511,no,,Set wheelchair_boarding to 1 (accessible) or 2 (not accessible) for every stop. A field survey can start with the busiest stops.,
elwha-transit,Elwha Transit,C,75.5,2026-08-07,current,178,no,,Set wheelchair_boarding to 1 (accessible) or 2 (not accessible) for every stop. A field survey can start with the busiest stops.,ready
embark-2062,Embark,B,87.1,2026-08-07,current,364,no,,"Use mixed case for stop names and headsigns (e.g. 'Main St & 2nd Ave', not 'MAIN ST & 2ND AVE').",ready
emery-go-round-2224,Emery Go-Round,B,80.5,2026-08-07,current,477,no,,Set wheelchair_boarding to 1 (accessible) or 2 (not accessible) for every stop. A field survey can start with the busiest stops.,ready
emt-madrid,EMT Madrid,D,69.3,2026-08-07,current,146,no,,Set wheelchair_boarding to 1 (accessible) or 2 (not accessible) for every stop. A field survey can start with the busiest stops.,
envida,Envida,B,84.0,2026-08-07,current,147,no,,Set wheelchair_boarding to 1 (accessible) or 2 (not accessible) for every stop. A field survey can start with the busiest stops.,ready
envida-2044,Envida Flex,C,78.1,2026-08-07,current,147,no,,Review the rule documentation for 'trip_distance_exceeds_shape_distance' at https://gtfs-validator.mobilitydata.org/rules.html and check the flagged rows in your feed.,at_risk
essex-bus-network,Essex Bus Network,F,49.8,2026-08-07,current,116,no,,Re-generate shape distances in your export; flag to your vendor if it persists.,
estes-transit-2047,Estes Transit Flex,C,71.0,2026-08-07,current,290,no,,Set wheelchair_boarding to 1 (accessible) or 2 (not accessible) for every stop. A field survey can start with the busiest stops.,ready
estonia-public-transport-register,Estonian Public Transport Register national aggregate,F,45.7,2026-08-07,current,511,no,,Review the rule documentation for 'trip_distance_exceeds_shape_distance' at https://gtfs-validator.mobilitydata.org/rules.html and check the flagged rows in your feed.,
etrans,eTrans,A,96.7,2026-08-07,current,116,no,,"Remove retired stops from the export, or add them back to the trips that should serve them.",ready
eurostar,Eurostar,F,58.1,2026-08-07,current,87,no,,Set wheelchair_boarding to 1 (accessible) or 2 (not accessible) for every stop. A field survey can start with the busiest stops.,
everett-transit-3038,Everett Transit,C,77.8,2026-08-07,current,84,no,,"Set wheelchair_accessible on every trip. If every vehicle is accessible, this may be one default; otherwise use the value for each trip.",ready
exo-trains,exo (commuter rail network),D,66.6,2026-08-07,current,149,no,,Set wheelchair_boarding to 1 (accessible) or 2 (not accessible) for every stop. A field survey can start with the busiest stops.,
exo-chambly-richelieu-carignan,exo Chambly-Richelieu-Carignan,C,72.4,2026-08-07,current,149,no,,Set wheelchair_boarding to 1 (accessible) or 2 (not accessible) for every stop. A field survey can start with the busiest stops.,
exo-lassomption,exo L'Assomption,C,73.7,2026-08-07,current,149,no,,Set wheelchair_boarding to 1 (accessible) or 2 (not accessible) for every stop. A field survey can start with the busiest stops.,
exo-la-presquile,exo La Presqu'Île,C,72.5,2026-08-07,current,149,no,,Set wheelchair_boarding to 1 (accessible) or 2 (not accessible) for every stop. A field survey can start with the busiest stops.,
exo-laurentides,exo Laurentides,D,69.8,2026-08-07,current,149,no,,Set wheelchair_boarding to 1 (accessible) or 2 (not accessible) for every stop. A field survey can start with the busiest stops.,
exo-sorel-varennes,exo Sorel-Varennes,C,72.5,2026-08-07,current,149,no,,Set wheelchair_boarding to 1 (accessible) or 2 (not accessible) for every stop. A field survey can start with the busiest stops.,
exo-sud-ouest,exo Sud-Ouest,D,69.8,2026-08-07,current,149,no,,Set wheelchair_boarding to 1 (accessible) or 2 (not accessible) for every stop. A field survey can start with the busiest stops.,
exo-terrebonne-mascouche,exo Terrebonne-Mascouche,D,66.4,2026-08-07,current,149,no,,Set wheelchair_boarding to 1 (accessible) or 2 (not accessible) for every stop. A field survey can start with the busiest stops.,
exo-vallee-du-richelieu,exo Vallée du Richelieu,C,70.7,2026-08-07,current,149,no,,Set wheelchair_boarding to 1 (accessible) or 2 (not accessible) for every stop. A field survey can start with the busiest stops.,
exo-sainte-julie,exo Ville de Sainte-Julie,D,67.2,2026-08-07,current,149,no,,Set wheelchair_boarding to 1 (accessible) or 2 (not accessible) for every stop. A field survey can start with the busiest stops.,
express-bus-ie,Express Bus,C,80.0,2026-08-07,current,364,no,,Set wheelchair_boarding to 1 (accessible) or 2 (not accessible) for every stop. A field survey can start with the busiest stops.,
ez-rider,EZ Rider,F,46.3,2026-08-07,current,8911,no,,Review the rule documentation for 'block_trips_with_overlapping_stop_times' at https://gtfs-validator.mobilitydata.org/rules.html and check the flagged rows in your feed.,at_risk
fairfax-connector,Fairfax Connector,D,61.3,2026-08-07,current,785,no,,Review the rule documentation for 'block_trips_with_overlapping_stop_times' at https://gtfs-validator.mobilitydata.org/rules.html and check the flagged rows in your feed.,ready
fairfax-cue-bus-cue,Fairfax CUE Bus (CUE),D,68.3,2026-08-07,current,4924,no,,Set wheelchair_boarding to 1 (accessible) or 2 (not accessible) for every stop. A field survey can start with the busiest stops.,ready
fairfax-cue-bus-cue-2885,Fairfax CUE Bus (CUE),D,63.1,2026-08-07,current,8911,no,,Set wheelchair_boarding to 1 (accessible) or 2 (not accessible) for every stop. A field survey can start with the busiest stops.,ready
farmville-area-bus,Farmville Area Bus,B,85.1,2026-08-07,current,178,no,,Set wheelchair_boarding to 1 (accessible) or 2 (not accessible) for every stop. A field survey can start with the busiest stops.,ready
farte-telemark,Farte (Telemark),D,62.5,2026-08-07,current,135,no,,Set wheelchair_boarding to 1 (accessible) or 2 (not accessible) for every stop. A field survey can start with the busiest stops.,
fgc-catalunya,Ferrocarrils de la Generalitat de Catalunya (FGC),C,75.2,2026-08-07,current,146,no,,Set wheelchair_boarding to 1 (accessible) or 2 (not accessible) for every stop. A field survey can start with the busiest stops.,
fertagus,Fertagus,A,95.1,2026-08-07,current,153,no,,"Check the flagged stops' shape_dist_traveled against the route shape, and re-generate it on export if they disagree.",
fil-bleu-tours,Fil Bleu (Tours),F,58.2,2026-08-07,current,147,no,,Review the rule documentation for 'invalid_time' at https://gtfs-validator.mobilitydata.org/rules.html and check the flagged rows in your feed.,
filibus-chartres,Filibus (Chartres),F,51.9,2026-08-07,current,329,no,,Set wheelchair_boarding to 1 (accessible) or 2 (not accessible) for every stop. A field survey can start with the busiest stops.,
brown-county-heartland-express-2296,Fixed route + flex,B,80.2,2026-08-07,current,178,no,,Set wheelchair_boarding to 1 (accessible) or 2 (not accessible) for every stop. A field survey can start with the busiest stops.,ready
florida-department-of-transportation-sunrail,Florida Department of Transportation (SunRail),A,91.9,2026-08-07,current,146,no,,Add feed_info.txt with feed_start_date and feed_end_date to your export.,ready
flytoget-airport-express,Flytoget (Airport Express Train),C,70.3,2026-08-07,current,130,no,,Re-generate shape distances in your export; flag to your vendor if it persists.,
foothill-transit,Foothill Transit,F,50.9,2026-08-07,current,85,no,,Check the trip updates endpoint with your AVL vendor; it should return a fresh GTFS-Realtime protobuf on every request.,ready
fort-matanzas-ferry,Fort Matanzas Ferry (National Park Service),A,100.0,2026-08-07,current,146,no,,,ready
fort-sumter-ferry,Fort Sumter Ferry (National Park Service),A,98.2,2026-08-07,current,110,no,,Remove past service periods the next time you export the feed.,ready
four-county-transit,Four County Transit,B,82.0,2026-08-07,current,266,no,,Set wheelchair_boarding to 1 (accessible) or 2 (not accessible) for every stop. A field survey can start with the busiest stops.,ready
four-county-transit-2448,Four County Transit Flex,C,75.7,2026-08-07,current,266,no,,Set wheelchair_boarding to 1 (accessible) or 2 (not accessible) for every stop. A field survey can start with the busiest stops.,at_risk
fram-more-og-romsdal,FRAM (Møre og Romsdal),D,60.8,2026-08-07,current,158,no,,Set wheelchair_boarding to 1 (accessible) or 2 (not accessible) for every stop. A field survey can start with the busiest stops.,
franklin-transit-authority,Franklin Transit Authority,B,87.5,2026-08-07,current,116,no,,Set wheelchair_boarding to 1 (accessible) or 2 (not accessible) for every stop. A field survey can start with the busiest stops.,ready
vag-freiburg,Freiburger Verkehrs AG (VAG),F,52.7,2026-08-07,current,127,no,,Review the rule documentation for 'equal_shape_distance_diff_coordinates' at https://gtfs-validator.mobilitydata.org/rules.html and check the flagged rows in your feed.,
fresno-area-express-fax,Fresno Area Express (FAX),D,60.1,2026-08-07,current,86,no,,Set wheelchair_boarding to 1 (accessible) or 2 (not accessible) for every stop. A field survey can start with the busiest stops.,ready
fcrta,Fresno County Rural Transit Agency (FCRTA),A,90.3,2026-08-07,current,146,no,,Set wheelchair_boarding to 1 (accessible) or 2 (not accessible) for every stop. A field survey can start with the busiest stops.,ready
froggy-transportation,Froggy Transportation,B,87.1,2026-08-07,current,146,no,,Add feed_info.txt with feed_start_date and feed_end_date to your export.,ready
fujieda-city-bus,Fujieda City Community Bus (藤枝市自主運行バス),C,78.5,2026-08-07,current,78,no,,Set wheelchair_boarding to 1 (accessible) or 2 (not accessible) for every stop. A field survey can start with the busiest stops.,
fukaura-town-community-bus,Fukaura Town Community Bus (深浦町コミュニティバス),C,76.1,2026-08-07,current,236,no,,Set wheelchair_boarding to 1 (accessible) or 2 (not accessible) for every stop. A field survey can start with the busiest stops.,
fukutsu-city-mini-bus,Fukutsu Mini-Bus (ふくつミニバス),B,80.2,2026-08-07,current,236,no,,Set wheelchair_boarding to 1 (accessible) or 2 (not accessible) for every stop. A field survey can start with the busiest stops.,
foli-turku,Föli (Turku region),F,51.1,2026-08-07,current,303,no,,Set wheelchair_boarding to 1 (accessible) or 2 (not accessible) for every stop. A field survey can start with the busiest stops.,
gero-city-gero-bus,Gero City Gero Bus (下呂市げろバス),C,73.8,2026-08-07,current,236,no,,Set wheelchair_boarding to 1 (accessible) or 2 (not accessible) for every stop. A field survey can start with the busiest stops.,
gifu-city-community-bus,Gifu City Community Bus (岐阜市コミュニティバス),C,72.6,2026-08-07,current,236,no,,Set wheelchair_boarding to 1 (accessible) or 2 (not accessible) for every stop. A field survey can start with the busiest stops.,
ginko-besancon,Ginko (Besançon),C,75.4,2026-08-07,current,72,no,,Set wheelchair_boarding to 1 (accessible) or 2 (not accessible) for every stop. A field survey can start with the busiest stops.,
glenn-transit-service-3094,Glenn Transit Service,B,85.2,2026-08-07,current,146,no,,Set wheelchair_boarding to 1 (accessible) or 2 (not accessible) for every stop. A field survey can start with the busiest stops.,ready
gloversville-transit-system,Gloversville Transit System,F,56.3,2026-08-07,current,146,no,,Review the rule documentation for 'trip_distance_exceeds_shape_distance' at https://gtfs-validator.mobilitydata.org/rules.html and check the flagged rows in your feed.,ready
go-cornwall-bus,Go Cornwall Bus (Transport for Cornwall),F,49.6,2026-08-07,current,357,no,,Review the rule documentation for 'block_trips_with_overlapping_stop_times' at https://gtfs-validator.mobilitydata.org/rules.html and check the flagged rows in your feed.,
go-north-east,Go North East,D,62.9,2026-08-07,current,138,no,,Review the rule documentation for 'block_trips_with_overlapping_stop_times' at https://gtfs-validator.mobilitydata.org/rules.html and check the flagged rows in your feed.,
go-transit,GO Transit,B,87.5,2026-08-07,current,85,no,,Set wheelchair_boarding to 1 (accessible) or 2 (not accessible) for every stop. A field survey can start with the busiest stops.,ready
goahead-ireland,Go-Ahead Ireland,C,79.0,2026-08-07,current,169,no,,Set wheelchair_boarding to 1 (accessible) or 2 (not accessible) for every stop. A field survey can start with the busiest stops.,
go-ahead-nordic-rail,Go-Ahead Norge (rail),D,68.4,2026-08-07,current,118,no,,"Set wheelchair_accessible on every trip. If every vehicle is accessible, this may be one default; otherwise use the value for each trip.",
gocary-2277,GoCary,B,81.1,2026-08-07,current,119,no,,Set wheelchair_boarding to 1 (accessible) or 2 (not accessible) for every stop. A field survey can start with the busiest stops.,ready
gold-coast-transit-south-coast-area-transit,"Gold Coast Transit, South Coast Area Transit",F,46.0,2026-08-07,current,148,no,,Re-generate shape distances in your export; flag to your vendor if it persists.,ready
golden-empire-transit-district-get,Golden Empire Transit District (GET),B,89.1,2026-08-07,current,511,no,,"Use mixed case for stop names and headsigns (e.g. 'Main St & 2nd Ave', not 'MAIN ST & 2ND AVE').",ready
goshogawara-city-community-bus,Goshogawara City Community Bus (五所川原市コミュニティバス),C,75.3,2026-08-07,current,236,no,,Set wheelchair_boarding to 1 (accessible) or 2 (not accessible) for every stop. A field survey can start with the busiest stops.,
gotriangle-3183,GoTriangle,C,71.4,2026-08-07,current,190,no,,"Set wheelchair_accessible on every trip. If every vehicle is accessible, this may be one default; otherwise use the value for each trip.",ready
graham-transit,Graham Transit,B,80.2,2026-08-07,current,178,no,,Set wheelchair_boarding to 1 (accessible) or 2 (not accessible) for every stop. A field survey can start with the busiest stops.,ready
grand-valley-transit-2288,Grand Valley Transit Flex,B,80.2,2026-08-07,current,178,no,,Set wheelchair_boarding to 1 (accessible) or 2 (not accessible) for every stop. A field survey can start with the busiest stops.,not_ready
grant-transit-authority,Grant Transit Authority,C,79.1,2026-08-07,current,237,no,,Set wheelchair_boarding to 1 (accessible) or 2 (not accessible) for every stop. A field survey can start with the busiest stops.,ready
grapeline,GrapeLine,C,75.5,2026-08-07,current,1058,no,,Set wheelchair_boarding to 1 (accessible) or 2 (not accessible) for every stop. A field survey can start with the busiest stops.,ready
grays-harbor-transit,Grays Harbor Transit,A,95.0,2026-08-07,current,84,no,,"Turn on shape cleanup in your export tool, or drop the repeated points from shapes.txt.",ready
greater-bridgeport-transit,Greater Bridgeport Transit,C,75.2,2026-08-07,current,142,no,,Set wheelchair_boarding to 1 (accessible) or 2 (not accessible) for every stop. A field survey can start with the busiest stops.,ready
greater-cleveland-regional-transit-authority,Greater Cleveland Regional Transit Authority,F,33.6,2026-08-07,current,120,no,,Check the trip updates endpoint with your AVL vendor; it should return a fresh GTFS-Realtime protobuf on every request.,ready
greater-lynchburg-transit-co,Greater Lynchburg Transit Co.,B,81.4,2026-08-07,current,146,no,,Set wheelchair_boarding to 1 (accessible) or 2 (not accessible) for every stop. A field survey can start with the busiest stops.,ready
greater-peoria-mass-transit-citylink-2208,Greater Peoria Mass Transit (CityLink),D,63.8,2026-08-07,current,120,no,,Set wheelchair_boarding to 1 (accessible) or 2 (not accessible) for every stop. A field survey can start with the busiest stops.,ready
green-mountain-community-network-gmcn,Green Mountain Community Network (GMCN),C,78.0,2026-08-07,current,178,no,,Set wheelchair_boarding to 1 (accessible) or 2 (not accessible) for every stop. A field survey can start with the busiest stops.,ready
greene-county-transit,Greene County Transit,F,54.8,2026-08-07,current,147,no,,Review the rule documentation for 'trip_distance_exceeds_shape_distance' at https://gtfs-validator.mobilitydata.org/rules.html and check the flagged rows in your feed.,ready
greensville-emporia-transit,Greensville Emporia Transit,B,82.8,2026-08-07,current,147,no,,Set wheelchair_boarding to 1 (accessible) or 2 (not accessible) for every stop. A field survey can start with the busiest stops.,ready
greenville-transit-authority-greenlink,Greenville Transit Authority (Greenlink),D,67.7,2026-08-07,current,359,no,,Set wheelchair_boarding to 1 (accessible) or 2 (not accessible) for every stop. A field survey can start with the busiest stops.,ready
gtrans-2270,GTrans,B,87.5,2026-08-07,current,64,no,,"Add fare_attributes.txt (or Fares v2 files) with your fare structure. If your service is fare-free, ask to have it marked fare-free instead.",ready
guemes-island-ferry,Guemes Island Ferry,C,74.7,2026-08-07,current,285,no,,Set wheelchair_boarding to 1 (accessible) or 2 (not accessible) for every terminal. A field survey can start with the busiest terminals.,ready
guimabus,Guimabus (Guimarães),F,46.5,2026-08-07,current,146,no,,Review the rule documentation for 'duplicate_key' at https://gtfs-validator.mobilitydata.org/rules.html and check the flagged rows in your feed.,
gujo-city-bus,Gujo City Bus (郡上市自主運行バス),C,74.7,2026-08-07,current,236,no,,Set wheelchair_boarding to 1 (accessible) or 2 (not accessible) for every stop. A field survey can start with the busiest stops.,
gunnison-valley-rta,Gunnison Valley RTA Flex,C,75.5,2026-08-07,current,86,no,,Set wheelchair_boarding to 1 (accessible) or 2 (not accessible) for every stop. A field survey can start with the busiest stops.,not_ready
gunnison-valley-transportation-authority-rta,Gunnison Valley Transportation Authority (RTA),A,98.2,2026-08-07,current,110,no,,Remove past service periods the next time you export the feed.,ready
busnet-tsu-gurutto-bus,Gurutto-Tsu Bus (ぐるっと・つーバス),C,76.0,2026-08-07,current,151,no,,Set wheelchair_boarding to 1 (accessible) or 2 (not accessible) for every stop. A field survey can start with the busiest stops.,
gwinnett-county-transit-2241,Gwinnett County Transit,C,71.7,2026-08-07,current,141,no,,Set wheelchair_boarding to 1 (accessible) or 2 (not accessible) for every stop. A field survey can start with the busiest stops.,ready
hachiman-kanko-bus,Hachiman Kanko Bus (八幡観光バス),C,72.9,2026-08-07,current,236,no,,Set wheelchair_boarding to 1 (accessible) or 2 (not accessible) for every stop. A field survey can start with the busiest stops.,
hachinohe-city-bus,Hachinohe City Bus (八戸市営バス),C,71.8,2026-08-07,current,236,no,,Set wheelchair_boarding to 1 (accessible) or 2 (not accessible) for every stop. A field survey can start with the busiest stops.,
hakusan-community-bus,Hakusan City Community Bus (白山市コミュニティバス「めぐーる」),C,78.7,2026-08-07,current,220,no,,Set wheelchair_boarding to 1 (accessible) or 2 (not accessible) for every stop. A field survey can start with the busiest stops.,
hamamatsu-bus-iwata,"Hamamatsu Bus, Iwata routes (浜松バス／磐田市生活バス路線)",B,83.7,2026-08-07,current,146,no,,Set wheelchair_boarding to 1 (accessible) or 2 (not accessible) for every stop. A field survey can start with the busiest stops.,
hvv-hamburg,Hamburger Verkehrsverbund (hvv),F,41.7,2026-08-07,current,127,no,,Review the rule documentation for 'block_trips_with_overlapping_stop_times' at https://gtfs-validator.mobilitydata.org/rules.html and check the flagged rows in your feed.,
hampton-roads-transit-hrt,Hampton Roads Transit (HRT),D,62.3,2026-08-07,current,78,no,,Set wheelchair_boarding to 1 (accessible) or 2 (not accessible) for every stop. A field survey can start with the busiest stops.,ready
hanamaki-community-bus,Hanamaki City Community Bus (花巻市コミュニティバス),C,73.3,2026-08-07,current,236,no,,Set wheelchair_boarding to 1 (accessible) or 2 (not accessible) for every stop. A field survey can start with the busiest stops.,
harbor-connector,Harbor Connector,B,81.4,2026-08-07,current,85,no,,Set wheelchair_boarding to 1 (accessible) or 2 (not accessible) for every terminal. A field survey can start with the busiest terminals.,ready
harney-county,Harney County,B,81.2,2026-08-07,current,84,no,,Set wheelchair_boarding to 1 (accessible) or 2 (not accessible) for every stop. A field survey can start with the busiest stops.,ready
harpers-ferry-shuttle,Harpers Ferry Shuttle (National Park Service),A,93.6,2026-08-07,current,86,no,,"Set wheelchair_accessible on every trip. If every vehicle is accessible, this may be one default; otherwise use the value for each trip.",ready
connecticut-transit-2840,Hartford Line - Rail,B,83.8,2026-08-07,current,339,no,,"Add fare_attributes.txt (or Fares v2 files) with your fare structure. If your service is fare-free, ask to have it marked fare-free instead.",ready
hayashima-town-bus,Hayashima Town Community Bus (早島町コミュニティバス),C,75.3,2026-08-07,current,236,no,,Set wheelchair_boarding to 1 (accessible) or 2 (not accessible) for every stop. A field survey can start with the busiest stops.,
hedingham-chambers,Hedingham & Chambers,F,40.4,2026-08-07,current,326,no,,Review the rule documentation for 'block_trips_with_overlapping_stop_times' at https://gtfs-validator.mobilitydata.org/rules.html and check the flagged rows in your feed.,
hnv-heilbronn,Heilbronner·Hohenloher·Haller Nahverkehr (HNV),F,44.7,2026-08-07,current,127,no,,Review the rule documentation for 'point_near_origin' at https://gtfs-validator.mobilitydata.org/rules.html and check the flagged rows in your feed.,
higashine-city-bus,Higashine City Bus (東根市営バス),C,75.3,2026-08-07,current,236,no,,Set wheelchair_boarding to 1 (accessible) or 2 (not accessible) for every stop. A field survey can start with the busiest stops.,
high-desert-point,High Desert Point,F,31.3,2026-08-01,unknown,,no,,Add feed_start_date and feed_end_date to feed_info.txt and include calendar end dates in your export.,not_ready
hilagobus-saint-gilles,Hilagobus (Saint-Gilles-Croix-de-Vie),D,69.3,2026-08-07,current,327,no,,Set wheelchair_boarding to 1 (accessible) or 2 (not accessible) for every stop. A field survey can start with the busiest stops.,
himeji-island-community-bus,Himeji City Island Community Buses (姫路市 家島・坊勢・雪彦コミュニティバス),B,81.9,2026-08-07,current,236,no,,Set wheelchair_boarding to 1 (accessible) or 2 (not accessible) for every stop. A field survey can start with the busiest stops.,
hiranai-townbus,Hiranai Town Community Bus (平内町民バス),C,75.2,2026-08-07,current,236,no,,Set wheelchair_boarding to 1 (accessible) or 2 (not accessible) for every stop. A field survey can start with the busiest stops.,
hokushin-bus,Hokushin Bus (北振バス),B,80.5,2026-08-07,current,213,no,,Set wheelchair_boarding to 1 (accessible) or 2 (not accessible) for every stop. A field survey can start with the busiest stops.,
hokuto-city-bus,Hokuto City Bus (北杜市民バス),B,81.8,2026-08-07,current,236,no,,Set wheelchair_boarding to 1 (accessible) or 2 (not accessible) for every stop. A field survey can start with the busiest stops.,
home-james,Home James,B,83.2,2026-08-07,current,104,no,,Set wheelchair_boarding to 1 (accessible) or 2 (not accessible) for every stop. A field survey can start with the busiest stops.,ready
hong-kong-transport-department,Hong Kong Transport Department public transport aggregate,F,47.9,2026-08-07,current,26809,no,,Review the rule documentation for 'invalid_url' at https://gtfs-validator.mobilitydata.org/rules.html and check the flagged rows in your feed.,
hope-college-evening-shuttle,Hope College Evening Shuttle,B,81.1,2026-08-07,current,639,no,,Set wheelchair_boarding to 1 (accessible) or 2 (not accessible) for every stop. A field survey can start with the busiest stops.,not_ready
hopelink-transportation,Hopelink Transportation,C,75.5,2026-08-07,current,178,no,,Set wheelchair_boarding to 1 (accessible) or 2 (not accessible) for every stop. A field survey can start with the busiest stops.,not_ready
humboldt-transit-authority,Humboldt Transit Authority,A,95.5,2026-08-07,current,146,no,,"Check the flagged stops' shape_dist_traveled against the route shape, and re-generate it on export if they disagree.",ready
humboldt-transit-authority-3032,Humboldt Transit Authority,A,90.7,2026-08-07,current,146,no,,Re-generate shape_dist_traveled on export so stop and shape distances use the same units.,ready
huntington-area-rapid-transit-hart,Huntington Area Rapid Transit (HART),C,73.8,2026-08-07,current,148,no,,Set wheelchair_boarding to 1 (accessible) or 2 (not accessible) for every stop. A field survey can start with the busiest stops.,ready
huntsville-shuttle-2081,Huntsville Shuttle,C,72.3,2026-08-07,current,146,no,,Set wheelchair_boarding to 1 (accessible) or 2 (not accessible) for every stop. A field survey can start with the busiest stops.,ready
hut-airport-shuttle,HUT Airport Shuttle,F,31.5,2026-07-16,unknown,,no,,Add feed_start_date and feed_end_date to feed_info.txt and include calendar end dates in your export.,not_ready
hy-line-cruises,Hy-Line Cruises,B,81.2,2026-08-07,current,86,no,,Set wheelchair_boarding to 1 (accessible) or 2 (not accessible) for every terminal. A field survey can start with the busiest terminals.,ready
i-ride-trolley-i-ride,I-RIDE Trolley (I-RIDE),D,69.5,2026-08-07,current,8548,no,,Set wheelchair_boarding to 1 (accessible) or 2 (not accessible) for every stop. A field survey can start with the busiest stops.,ready
irish-rail,Iarnród Éireann (Irish Rail),C,74.8,2026-08-07,current,127,no,,Set wheelchair_boarding to 1 (accessible) or 2 (not accessible) for every stop. A field survey can start with the busiest stops.,
ichikawamisato-town-bus,Ichikawamisato Town Community Bus (市川三郷町コミュニティバス),B,80.9,2026-08-07,current,236,no,,Set wheelchair_boarding to 1 (accessible) or 2 (not accessible) for every stop. A field survey can start with the busiest stops.,
ichinoseki-city-bus,Ichinoseki City Bus (一関市市営バス),C,73.8,2026-08-07,current,236,no,,Set wheelchair_boarding to 1 (accessible) or 2 (not accessible) for every stop. A field survey can start with the busiest stops.,
idelis-pau,Idelis (Pau),C,76.6,2026-08-07,current,331,no,,Add feed_info.txt with feed_start_date and feed_end_date to your export.,
iga-city-community-bus,Iga City Community Bus (伊賀市行政バス・コミュニティバス),C,75.3,2026-08-07,current,236,no,,Set wheelchair_boarding to 1 (accessible) or 2 (not accessible) for every stop. A field survey can start with the busiest stops.,
imari-city-imarin-bus,Imari City Imarin Bus (伊万里市いまりんバス),B,81.1,2026-08-07,current,236,no,,Set wheelchair_boarding to 1 (accessible) or 2 (not accessible) for every stop. A field survey can start with the busiest stops.,
imizu-city-kitokito-bus,Imizu City Kitokito Bus (射水市きときとバス),C,75.8,2026-08-07,current,236,no,,Set wheelchair_boarding to 1 (accessible) or 2 (not accessible) for every stop. A field survey can start with the busiest stops.,
impulsyon-la-roche-sur-yon,Impulsyon (La Roche-sur-Yon),D,61.2,2026-08-07,current,146,no,,Review the rule documentation for 'trip_distance_exceeds_shape_distance' at https://gtfs-validator.mobilitydata.org/rules.html and check the flagged rows in your feed.,
innlandstrafikk,Innlandstrafikk,F,41.3,2026-08-07,current,135,no,,Review the rule documentation for 'duplicate_key' at https://gtfs-validator.mobilitydata.org/rules.html and check the flagged rows in your feed.,
intalink-hertfordshire,Intalink,F,45.2,2026-08-07,current,760,no,,Review the rule documentation for 'point_near_origin' at https://gtfs-validator.mobilitydata.org/rules.html and check the flagged rows in your feed.,
ids-jmk-south-moravia,Integrovaný dopravní systém Jihomoravského kraje (IDS JMK),C,70.3,2026-08-07,current,128,no,,"Add fare_attributes.txt (or Fares v2 files) with your fare structure. If your service is fare-free, ask to have it marked fare-free instead.",
intercity-transit-2289,Intercity Transit,C,75.5,2026-08-07,current,267,no,,Set wheelchair_boarding to 1 (accessible) or 2 (not accessible) for every stop. A field survey can start with the busiest stops.,not_ready
interurban-trolley,Interurban Trolley,B,85.2,2026-08-07,current,146,no,,Set wheelchair_boarding to 1 (accessible) or 2 (not accessible) for every stop. A field survey can start with the busiest stops.,ready
inzai-city-route-bus,Inzai City Route Bus (印西市路線バス),B,82.0,2026-08-07,current,602,no,,Set wheelchair_boarding to 1 (accessible) or 2 (not accessible) for every stop. A field survey can start with the busiest stops.,
iowa-city-transit-system,Iowa City Transit System,C,79.1,2026-08-07,current,85,no,,Set wheelchair_boarding to 1 (accessible) or 2 (not accessible) for every stop. A field survey can start with the busiest stops.,ready
ise-railway,Ise Railway (伊勢鉄道),C,75.3,2026-08-07,current,236,no,,Set wheelchair_boarding to 1 (accessible) or 2 (not accessible) for every stop. A field survey can start with the busiest stops.,
ishikari-itsumo-demand,Ishikari City Itsumo AI On-Demand Transit (石狩市AIデマンド交通「いつモ」),D,63.1,2026-08-07,current,236,no,,Re-generate shape distances in your export; flag to your vendor if it persists.,
acadia-island-explorer,Island Explorer (Acadia National Park),C,78.7,2026-08-07,current,66,no,,Set wheelchair_boarding to 1 (accessible) or 2 (not accessible) for every stop. A field survey can start with the busiest stops.,ready
itoigawa-bus,Itoigawa Bus (糸魚川バス),B,80.5,2026-08-07,current,236,no,,Set wheelchair_boarding to 1 (accessible) or 2 (not accessible) for every stop. A field survey can start with the busiest stops.,
iwade-loop-bus,Iwade City Loop Bus (岩出市巡回バス),C,75.0,2026-08-07,current,236,no,,Set wheelchair_boarding to 1 (accessible) or 2 (not accessible) for every stop. A field survey can start with the busiest stops.,
izilo-lorient,Izilo (Lorient),F,53.5,2026-08-07,current,72,no,,Set wheelchair_boarding to 1 (accessible) or 2 (not accessible) for every stop. A field survey can start with the busiest stops.,
izmir-metro,İzmir Metro,B,85.8,2026-08-07,current,336,no,,Set wheelchair_boarding to 1 (accessible) or 2 (not accessible) for every stop. A field survey can start with the busiest stops.,
jacksonville-transportation-authority-jta,Jacksonville Transportation Authority (JTA),C,72.2,2026-08-07,current,85,no,,Set wheelchair_boarding to 1 (accessible) or 2 (not accessible) for every stop. A field survey can start with the busiest stops.,ready
janesville-transit-system,Janesville Transit System,B,82.2,2026-08-07,current,125,no,,Set wheelchair_boarding to 1 (accessible) or 2 (not accessible) for every stop. A field survey can start with the busiest stops.,ready
jefferson-transit-authority,Jefferson Transit Authority,A,98.0,2026-08-07,current,299,no,,"Use mixed case for stop names and headsigns (e.g. 'Main St & 2nd Ave', not 'MAIN ST & 2ND AVE').",ready
jj-kavanagh,JJ Kavanagh & Sons,C,77.8,2026-08-07,current,364,no,,Set wheelchair_boarding to 1 (accessible) or 2 (not accessible) for every stop. A field survey can start with the busiest stops.,
joetsu-city-bus,Joetsu City Bus (上越市市営バス),D,67.7,2026-08-07,current,236,no,,Set wheelchair_boarding to 1 (accessible) or 2 (not accessible) for every stop. A field survey can start with the busiest stops.,
johnson-county-transit,Johnson County Transit,D,67.3,2026-08-07,current,146,no,,Set wheelchair_boarding to 1 (accessible) or 2 (not accessible) for every stop. A field survey can start with the busiest stops.,ready
jonava-public-transport,Jonava public transport,D,65.9,2026-08-07,current,351,no,,Set wheelchair_boarding to 1 (accessible) or 2 (not accessible) for every stop. A field survey can start with the busiest stops.,
joniskis-public-transport,Joniškis public transport,D,61.5,2026-08-07,current,877,no,,Set wheelchair_boarding to 1 (accessible) or 2 (not accessible) for every stop. A field survey can start with the busiest stops.,
josephine-county-transit-jct,Josephine County Transit (JCT),B,83.1,2026-08-07,current,147,no,,Set wheelchair_boarding to 1 (accessible) or 2 (not accessible) for every stop. A field survey can start with the busiest stops.,ready
jr-east-tsugaru-line-replacement-bus,JR East Tsugaru Line Replacement Bus (JR津軽線代行バス),C,75.3,2026-08-07,current,266,no,,Set wheelchair_boarding to 1 (accessible) or 2 (not accessible) for every stop. A field survey can start with the busiest stops.,
jurbarkas-public-transport,Jurbarkas public transport,D,64.7,2026-08-07,current,145,no,,Set wheelchair_boarding to 1 (accessible) or 2 (not accessible) for every stop. A field survey can start with the busiest stops.,
kaetsuno-himi-loop-bus,Kaetsuno Himi City Loop Bus (加越能バス 氷見市街地周遊バス),C,72.3,2026-08-07,current,236,no,,Ask your AVL vendor to publish updates at least every 20 seconds (the Caltrans guideline).,
kaetsuno-route-bus,Kaetsuno Route Bus (加越能バス 一般路線),C,70.2,2026-08-07,current,236,no,,Ask your AVL vendor to publish updates at least every 20 seconds (the Caltrans guideline).,
kaetsuno-world-heritage-bus,Kaetsuno World Heritage Bus (加越能バス 世界遺産バス),C,73.7,2026-08-07,current,236,no,,Ask your AVL vendor to publish updates at least every 20 seconds (the Caltrans guideline).,
kagamino-town-bus,Kagamino Town Bus (鏡野町営バス),C,73.3,2026-08-07,current,236,no,,Set wheelchair_boarding to 1 (accessible) or 2 (not accessible) for every stop. A field survey can start with the busiest stops.,
kagoshima-city-ai-bus,Kagoshima City Community Bus Ai Bus (鹿児島市コミュニティバス「あいばす」),F,48.2,2026-08-07,current,236,no,,Add the required column named in the finding to the flagged file.,
kai-city-bus,Kai City Bus (甲斐市民バス),B,80.7,2026-08-07,current,236,no,,Set wheelchair_boarding to 1 (accessible) or 2 (not accessible) for every stop. A field survey can start with the busiest stops.,
kakogawa-city-kako-bus,Kakogawa City Kako Bus (加古川市かこバス),C,78.2,2026-08-07,current,115,no,,Set wheelchair_boarding to 1 (accessible) or 2 (not accessible) for every stop. A field survey can start with the busiest stops.,
kalvarija-public-transport,Kalvarija public transport,D,63.8,2026-08-07,current,390,no,,Set wheelchair_boarding to 1 (accessible) or 2 (not accessible) for every stop. A field survey can start with the busiest stops.,
kama-city-bus,Kama City Bus (嘉麻市バス),B,80.6,2026-08-07,current,236,no,,Set wheelchair_boarding to 1 (accessible) or 2 (not accessible) for every stop. A field survey can start with the busiest stops.,
kameyama-city-community-bus,Kameyama City Community Bus (亀山市コミュニティバス),C,76.0,2026-08-07,current,177,no,,Set wheelchair_boarding to 1 (accessible) or 2 (not accessible) for every stop. A field survey can start with the busiest stops.,
kamiichi-town-bus,Kamiichi Town Bus (上市町営バス),D,68.7,2026-08-07,current,236,no,,Ask your AVL vendor to publish updates at least every 20 seconds (the Caltrans guideline).,
kamishihoro-autonomous-bus,Kamishihoro Town Autonomous Bus (上士幌町自動運転バス),C,76.0,2026-08-07,current,85,no,,Set wheelchair_boarding to 1 (accessible) or 2 (not accessible) for every stop. A field survey can start with the busiest stops.,
kamo-city-kamon-bus,Kamo City Kamon Bus (加茂市営バス「かもんバス」),C,75.1,2026-08-07,current,297,no,,Set wheelchair_boarding to 1 (accessible) or 2 (not accessible) for every stop. A field survey can start with the busiest stops.,
kanonji-city-noriai-bus,Kanonji City Noriai Bus (観音寺市のりあいバス),C,77.7,2026-08-07,current,236,no,,Set wheelchair_boarding to 1 (accessible) or 2 (not accessible) for every stop. A field survey can start with the busiest stops.,
kariya-city-karimaru,Kariya City Karimaru Bus (刈谷市コミュニティバス「かりまる」),C,74.3,2026-08-07,current,312,no,,Set wheelchair_boarding to 1 (accessible) or 2 (not accessible) for every stop. A field survey can start with the busiest stops.,
karlsruher-verkehrsverbund,Karlsruher Verkehrsverbund (KVV),D,63.6,2026-08-07,current,127,no,,Set wheelchair_boarding to 1 (accessible) or 2 (not accessible) for every stop. A field survey can start with the busiest stops.,
karuizawa-town-loop-bus,Karuizawa Town Loop Bus (軽井沢町町内循環バス),C,74.7,2026-08-07,current,236,no,,Set wheelchair_boarding to 1 (accessible) or 2 (not accessible) for every stop. A field survey can start with the busiest stops.,
katori-loop-bus,Katori City Loop Bus (香取市循環バス),C,79.4,2026-08-07,current,266,no,,Set wheelchair_boarding to 1 (accessible) or 2 (not accessible) for every stop. A field survey can start with the busiest stops.,
katsuragi-town-community-bus,Katsuragi Town Community Bus (かつらぎ町コミュニティバス),C,76.2,2026-08-07,current,283,no,,Set wheelchair_boarding to 1 (accessible) or 2 (not accessible) for every stop. A field survey can start with the busiest stops.,
katsushika-sakura-bus,Katsushika City Community Bus Sakura (葛飾区コミュニティバスさくら),B,82.0,2026-08-07,current,146,no,,Set wheelchair_boarding to 1 (accessible) or 2 (not accessible) for every stop. A field survey can start with the busiest stops.,
kaunas-city-public-transport,Kaunas city public transport,D,68.3,2026-08-07,current,359,no,,Set wheelchair_boarding to 1 (accessible) or 2 (not accessible) for every stop. A field survey can start with the busiest stops.,
kaunas-district-public-transport,Kaunas district public transport,D,67.2,2026-08-07,current,26809,no,,Set wheelchair_boarding to 1 (accessible) or 2 (not accessible) for every stop. A field survey can start with the busiest stops.,
kearns-transport,Kearns Transport,C,76.0,2026-08-07,current,364,no,,Set wheelchair_boarding to 1 (accessible) or 2 (not accessible) for every stop. A field survey can start with the busiest stops.,
keisei-bus-chiba-west,Keisei Bus Chiba West (京成バス千葉ウエスト),D,68.7,2026-08-07,current,237,no,,Set wheelchair_boarding to 1 (accessible) or 2 (not accessible) for every stop. A field survey can start with the busiest stops.,
kelme-public-transport,Kelmė public transport,D,60.2,2026-08-07,current,146,no,,Set wheelchair_boarding to 1 (accessible) or 2 (not accessible) for every stop. A field survey can start with the busiest stops.,
kenko-hokubu-kotsu,Kenko Hokubu Kotsu (県交北部交通),B,80.2,2026-08-07,current,149,no,,Set wheelchair_boarding to 1 (accessible) or 2 (not accessible) for every stop. A field survey can start with the busiest stops.,
kern-transit,Kern Transit,B,82.8,2026-08-07,current,176,no,,Set wheelchair_boarding to 1 (accessible) or 2 (not accessible) for every stop. A field survey can start with the busiest stops.,ready
kiceo-vannes,Kicéo (Vannes),F,48.7,2026-08-07,current,101,no,,Review the rule documentation for 'trip_distance_exceeds_shape_distance' at https://gtfs-validator.mobilitydata.org/rules.html and check the flagged rows in your feed.,
kimitsu-community-bus,Kimitsu City Community Bus (君津市コミュニティバス),B,82.9,2026-08-07,current,236,no,,Set wheelchair_boarding to 1 (accessible) or 2 (not accessible) for every stop. A field survey can start with the busiest stops.,
kings-area-rural-transit-2204,Kings Area Rural Transit,C,73.5,2026-08-07,current,511,no,,Set wheelchair_boarding to 1 (accessible) or 2 (not accessible) for every stop. A field survey can start with the busiest stops.,ready
kinokawa-city-community-bus,Kinokawa City Community Bus (紀の川市コミュニティバス),C,70.0,2026-08-07,current,602,no,,Add the required column named in the finding to the flagged file.,
kiowa-county-transit,Kiowa County Transit Flex,C,72.9,2026-08-07,current,116,no,,Set wheelchair_boarding to 1 (accessible) or 2 (not accessible) for every stop. A field survey can start with the busiest stops.,ready
kiso-town-bus,Kiso Town Public Transport (木曽町公共交通),C,77.0,2026-08-07,current,327,no,,Set wheelchair_boarding to 1 (accessible) or 2 (not accessible) for every stop. A field survey can start with the busiest stops.,
kitaena-kotsu,Kitaena Kotsu (北恵那交通),C,75.5,2026-08-07,current,236,no,,Set wheelchair_boarding to 1 (accessible) or 2 (not accessible) for every stop. A field survey can start with the busiest stops.,
klaipeda-city-public-transport,Klaipėda city public transport,C,72.1,2026-08-07,current,360,no,,Set wheelchair_boarding to 1 (accessible) or 2 (not accessible) for every stop. A field survey can start with the busiest stops.,
knoxville-area-transit-kat,Knoxville Area Transit (KAT),F,56.8,2026-08-07,current,26809,no,,Set wheelchair_boarding to 1 (accessible) or 2 (not accessible) for every stop. A field survey can start with the busiest stops.,ready
kochi-airport-shared-taxi,Kochi Airport Shared Taxi (高知県空港乗合タクシー),B,82.2,2026-08-07,current,236,no,,Set wheelchair_boarding to 1 (accessible) or 2 (not accessible) for every stop. A field survey can start with the busiest stops.,
kochi-prefectural-ferry,Kochi Prefectural Ferry (高知県営渡船),A,96.5,2026-08-07,current,237,no,,Only change the flagged IDs if an app needs basic ASCII values. Update each place that uses the ID. Keep all names and headsigns in their original language.,
kochi-tobu-kotsu,Kochi Tobu Kotsu (高知東部交通),C,78.5,2026-08-07,current,237,no,,Set wheelchair_boarding to 1 (accessible) or 2 (not accessible) for every stop. A field survey can start with the busiest stops.,
koga-city-bus,Koga City Bus (古賀市「コガバス」),B,80.6,2026-08-07,current,236,no,,Set wheelchair_boarding to 1 (accessible) or 2 (not accessible) for every stop. A field survey can start with the busiest stops.,
koka-city-bus,Koka City Community Bus (甲賀市コミュニティバス),D,69.6,2026-08-07,current,236,no,,Set wheelchair_boarding to 1 (accessible) or 2 (not accessible) for every stop. A field survey can start with the busiest stops.,
kolumbus-rogaland,Kolumbus,D,61.8,2026-08-07,current,151,no,,Set wheelchair_boarding to 1 (accessible) or 2 (not accessible) for every stop. A field survey can start with the busiest stops.,
shiga-konan-city-megurukun-bus,Konan City Megurukun Bus (湖南市コミバス めぐるくん),C,74.6,2026-08-07,current,236,no,,Set wheelchair_boarding to 1 (accessible) or 2 (not accessible) for every stop. A field survey can start with the busiest stops.,
konan-railway,Konan Railway (弘南鉄道),D,69.0,2026-08-07,current,236,no,,Set wheelchair_boarding to 1 (accessible) or 2 (not accessible) for every stop. A field survey can start with the busiest stops.,
konectbus-norfolk,Konectbus,F,57.6,2026-08-07,current,326,no,,Review the rule documentation for 'block_trips_with_overlapping_stop_times' at https://gtfs-validator.mobilitydata.org/rules.html and check the flagged rows in your feed.,
koryo-kotsu,Koryo Kotsu (高知高陵交通),B,80.3,2026-08-07,current,144,no,,Set wheelchair_boarding to 1 (accessible) or 2 (not accessible) for every stop. A field survey can start with the busiest stops.,
kozushima-village-bus,Kozushima Village Bus (神津島村営バス),C,79.4,2026-08-07,current,174,no,,Set wheelchair_boarding to 1 (accessible) or 2 (not accessible) for every stop. A field survey can start with the busiest stops.,
kreisverkehr-schwaebisch-hall,Kreisverkehr Schwäbisch-Hall,F,45.4,2026-08-07,current,127,no,,Review the rule documentation for 'point_near_origin' at https://gtfs-validator.mobilitydata.org/rules.html and check the flagged rows in your feed.,
kretinga-public-transport,Kretinga public transport,D,60.7,2026-08-07,current,1972,no,,Set wheelchair_boarding to 1 (accessible) or 2 (not accessible) for every stop. A field survey can start with the busiest stops.,
kumagaya-yuyu-bus,Kumagaya City Yuyu Bus (熊谷市ゆうゆうバス),B,80.6,2026-08-07,current,511,no,,Set wheelchair_boarding to 1 (accessible) or 2 (not accessible) for every stop. A field survey can start with the busiest stops.,
kumamoto-bus,Kumamoto Bus (熊本バス),D,67.4,2026-08-07,current,93,no,,Add the required column named in the finding to the flagged file.,
kumamoto-city-tram,Kumamoto City Tram (熊本市電),C,78.3,2026-08-07,current,236,no,,Set wheelchair_boarding to 1 (accessible) or 2 (not accessible) for every stop. A field survey can start with the busiest stops.,
kumamoto-dentetsu-bus,Kumamoto Dentetsu Bus (熊本電鉄バス),C,72.1,2026-08-07,current,93,no,,Add the required column named in the finding to the flagged file.,
kumamoto-dentetsu-rail,Kumamoto Electric Railway (熊本電鉄),B,83.8,2026-08-07,current,143,no,,Set wheelchair_boarding to 1 (accessible) or 2 (not accessible) for every stop. A field survey can start with the busiest stops.,
kumamoto-toshi-bus,Kumamoto Toshi Bus (熊本都市バス),D,63.7,2026-08-07,current,92,no,,Add the required column named in the finding to the flagged file.,
kupiskis-public-transport,Kupiškis public transport,D,63.5,2026-08-07,current,389,no,,Set wheelchair_boarding to 1 (accessible) or 2 (not accessible) for every stop. A field survey can start with the busiest stops.,
kurobe-city-bus,Kurobe City Bus (黒部市 新幹線生地・石田三日市・愛本・電動ミニバス),D,62.9,2026-08-07,current,236,no,,Review the rule documentation for 'foreign_key_violation' at https://gtfs-validator.mobilitydata.org/rules.html and check the flagged rows in your feed.,
kuroishi-platto-go,Kuroishi City Platto-go (黒石市「ぷらっと号」),D,69.4,2026-08-07,current,236,no,,Review the rule documentation for 'duplicate_key' at https://gtfs-validator.mobilitydata.org/rules.html and check the flagged rows in your feed.,
kuroiwa-kanko,Kuroiwa Kanko (黒岩観光),B,80.2,2026-08-07,current,139,no,,Set wheelchair_boarding to 1 (accessible) or 2 (not accessible) for every stop. A field survey can start with the busiest stops.,
kusakaru-kotsu,Kusakaru Kotsu (草軽交通),C,73.0,2026-08-07,current,358,no,,Set wheelchair_boarding to 1 (accessible) or 2 (not accessible) for every stop. A field survey can start with the busiest stops.,
kusatsu-mame-bus,Kusatsu City Mame Bus (草津市コミュニティバス「まめバス」),C,76.2,2026-08-07,current,236,no,,Set wheelchair_boarding to 1 (accessible) or 2 (not accessible) for every stop. A field survey can start with the busiest stops.,
kusu-town-community-bus,Kusu Town Community Bus (玖珠町コミュニティバス),C,75.3,2026-08-07,current,236,no,,Set wheelchair_boarding to 1 (accessible) or 2 (not accessible) for every stop. A field survey can start with the busiest stops.,
kuwana-city-k-bus,Kuwana City Community Bus K-Bus (桑名市コミュニティバス「Ｋ－バス」),C,76.5,2026-08-07,current,327,no,,Set wheelchair_boarding to 1 (accessible) or 2 (not accessible) for every stop. A field survey can start with the busiest stops.,
kedainiai-public-transport,Kėdainiai public transport,D,66.0,2026-08-07,current,1607,no,,Set wheelchair_boarding to 1 (accessible) or 2 (not accessible) for every stop. A field survey can start with the busiest stops.,
la-junta-transit,La Junta Transit Flex,B,80.2,2026-08-07,current,178,no,,Set wheelchair_boarding to 1 (accessible) or 2 (not accessible) for every stop. A field survey can start with the busiest stops.,not_ready
los-angeles-department-of-transportation-ladot-dash-commuter-express,LADOT (DASH and Commuter Express),F,57.2,2026-08-07,current,511,no,,Set wheelchair_boarding to 1 (accessible) or 2 (not accessible) for every stop. A field survey can start with the busiest stops.,ready
laguna-beach-transit-lbt,Laguna Beach Transit (LBT),B,81.9,2026-08-07,current,138,no,,Set wheelchair_boarding to 1 (accessible) or 2 (not accessible) for every stop. A field survey can start with the busiest stops.,ready
lake-champlain-ferries,Lake Champlain Ferries,C,76.7,2026-08-07,current,110,no,,Set wheelchair_boarding to 1 (accessible) or 2 (not accessible) for every terminal. A field survey can start with the busiest terminals.,ready
lake-county-senior-center-transportation-program,Lake County Senior Center Transportation Program Flex,C,78.4,2026-08-07,current,116,no,,Set wheelchair_boarding to 1 (accessible) or 2 (not accessible) for every stop. A field survey can start with the busiest stops.,ready
lake-transit,Lake Transit Authority (LTA),C,79.8,2026-08-07,current,146,no,,Set wheelchair_boarding to 1 (accessible) or 2 (not accessible) for every stop. A field survey can start with the busiest stops.,ready
lakes-region-explorer,Lakes Region Explorer,D,62.2,2026-08-07,current,996,no,,Set wheelchair_boarding to 1 (accessible) or 2 (not accessible) for every stop. A field survey can start with the busiest stops.,ready
lakewood-rides,Lakewood Rides Flex,B,80.2,2026-08-07,current,178,no,,Set wheelchair_boarding to 1 (accessible) or 2 (not accessible) for every stop. A field survey can start with the busiest stops.,not_ready
lpt-larnaka,Larnaka Public Transport (LPT),C,74.2,2026-08-07,current,88,no,,Review the rule documentation for 'foreign_key_violation' at https://gtfs-validator.mobilitydata.org/rules.html and check the flagged rows in your feed.,
lassen-rural-bus-lrb,Lassen Rural Bus (LRB),B,80.5,2026-08-07,current,115,no,,Set wheelchair_boarding to 1 (accessible) or 2 (not accessible) for every stop. A field survey can start with the busiest stops.,ready
lawndale-beat,Lawndale Beat,B,82.8,2026-08-07,current,86,no,,Set wheelchair_boarding to 1 (accessible) or 2 (not accessible) for every stop. A field survey can start with the busiest stops.,ready
lazdijai-public-transport,Lazdijai public transport,C,71.7,2026-08-07,current,8912,no,,Set wheelchair_boarding to 1 (accessible) or 2 (not accessible) for every stop. A field survey can start with the busiest stops.,
leetran,LeeTran,D,66.7,2026-08-07,current,103,no,,Set wheelchair_boarding to 1 (accessible) or 2 (not accessible) for every stop. A field survey can start with the busiest stops.,ready
leprechaun-lines,Leprechaun Lines,C,70.2,2026-08-07,current,146,no,,Set wheelchair_boarding to 1 (accessible) or 2 (not accessible) for every stop. A field survey can start with the busiest stops.,ready
lethbridge-transit,Lethbridge Transit,B,82.8,2026-08-07,current,146,no,,Set wheelchair_boarding to 1 (accessible) or 2 (not accessible) for every stop. A field survey can start with the busiest stops.,
lewis-county-public-transportation,Lewis County Public Transportation,F,48.4,2026-08-07,current,328,no,,Set wheelchair_boarding to 1 (accessible) or 2 (not accessible) for every stop. A field survey can start with the busiest stops.,ready
lewiston-transit-system-and-asotin-county-public-transportation-benefit-area-ptba,Lewiston Transit System and Asotin County Public Transportation Benefit Area (PTBA),C,79.3,2026-08-07,current,86,no,,Set wheelchair_boarding to 1 (accessible) or 2 (not accessible) for every stop. A field survey can start with the busiest stops.,ready
maryland-transit-administration-469,Light Rail,C,70.8,2026-08-07,current,146,no,,Add feed_info.txt with feed_start_date and feed_end_date to your export.,ready
fr-pan-84096,Ligne de covoiturage Pays Nantais,C,72.7,2026-08-07,current,1301,no,,Set wheelchair_boarding to 1 (accessible) or 2 (not accessible) for every stop. A field survey can start with the busiest stops.,
fr-pan-81617,Lignes de covoiturage M covoit' Lignes+,D,61.9,2026-08-07,current,297,no,,Review the rule documentation for 'decreasing_shape_distance' at https://gtfs-validator.mobilitydata.org/rules.html and check the flagged rows in your feed.,
limon-bus,Limon Bus (神姫観光),C,73.3,2026-08-07,current,236,no,,Set wheelchair_boarding to 1 (accessible) or 2 (not accessible) for every stop. A field survey can start with the busiest stops.,
link-lane,Link Lane,B,84.9,2026-08-07,current,86,no,,Set wheelchair_boarding to 1 (accessible) or 2 (not accessible) for every stop. A field survey can start with the busiest stops.,ready
link-transit,Link Transit,C,78.2,2026-08-07,current,150,no,,Set wheelchair_boarding to 1 (accessible) or 2 (not accessible) for every stop. A field survey can start with the busiest stops.,ready
link-transit-1971,Link Transit,C,71.2,2026-08-07,current,177,no,,Set wheelchair_boarding to 1 (accessible) or 2 (not accessible) for every stop. A field survey can start with the busiest stops.,ready
linn-shuttle,Linn Shuttle,C,77.6,2026-08-07,current,86,no,,Set wheelchair_boarding to 1 (accessible) or 2 (not accessible) for every stop. A field survey can start with the busiest stops.,ready
linx-transit-linn-benton-loop-albany-transit-system,"LINX Transit, Linn-Benton Loop, Albany Transit System",C,78.4,2026-08-07,current,308,no,,Set wheelchair_boarding to 1 (accessible) or 2 (not accessible) for every stop. A field survey can start with the busiest stops.,ready
rochester-transit-service,Livingston County,C,76.3,2026-08-07,current,1278,no,,Set wheelchair_boarding to 1 (accessible) or 2 (not accessible) for every stop. A field survey can start with the busiest stops.,ready
metro-st-louis-2035,Loop Trolley,C,77.1,2026-08-07,current,79,no,,"Add fare_attributes.txt (or Fares v2 files) with your fare structure. If your service is fare-free, ask to have it marked fare-free instead.",ready
los-angeles-county-department-of-public-works-the-link-and-shuttles,Los Angeles County Department of Public Works (the LINK and shuttles),B,85.8,2026-08-07,current,86,no,,Set wheelchair_boarding to 1 (accessible) or 2 (not accessible) for every stop. A field survey can start with the busiest stops.,ready
los-angeles-county-metropolitan-transportation-authority-la-metro,Los Angeles County Metropolitan Transportation Authority (LA Metro) Bus,C,72.2,2026-08-07,current,127,no,,Set wheelchair_boarding to 1 (accessible) or 2 (not accessible) for every stop. A field survey can start with the busiest stops.,ready
loudoun-county-transit,Loudoun County Transit,C,73.1,2026-08-07,current,232,no,,Set wheelchair_boarding to 1 (accessible) or 2 (not accessible) for every stop. A field survey can start with the busiest stops.,ready
lowell-regional-transit-authority-lrta,Lowell Regional Transit Authority (LRTA),C,78.4,2026-08-07,current,177,no,,Set wheelchair_boarding to 1 (accessible) or 2 (not accessible) for every stop. A field survey can start with the busiest stops.,ready
lower-hudson-valley-transit,Lower Hudson Valley Transit,D,68.0,2026-08-07,current,325,no,,Set wheelchair_boarding to 1 (accessible) or 2 (not accessible) for every stop. A field survey can start with the busiest stops.,ready
luas,Luas (Dublin light rail),C,78.9,2026-08-07,current,125,no,,Set wheelchair_boarding to 1 (accessible) or 2 (not accessible) for every stop. A field survey can start with the busiest stops.,
lvivavtodor,Lvivavtodor,D,66.7,2026-08-07,current,356,no,,Set wheelchair_boarding to 1 (accessible) or 2 (not accessible) for every stop. A field survey can start with the busiest stops.,
madera-county-transit,Madera County Transit,B,87.0,2026-08-07,current,147,no,,Set wheelchair_boarding to 1 (accessible) or 2 (not accessible) for every stop. A field survey can start with the busiest stops.,ready
madison-county-transit,Madison County Transit,D,63.1,2026-08-07,current,189,no,,Set wheelchair_boarding to 1 (accessible) or 2 (not accessible) for every stop. A field survey can start with the busiest stops.,ready
makah-public-transit-2196,Makah Public Transit,B,80.2,2026-08-07,current,86,no,,Set wheelchair_boarding to 1 (accessible) or 2 (not accessible) for every stop. A field survey can start with the busiest stops.,ready
manatee-county-area-transit-2258,Manatee County Area Transit,C,74.3,2026-08-07,current,301,no,,Set wheelchair_boarding to 1 (accessible) or 2 (not accessible) for every stop. A field survey can start with the busiest stops.,at_risk
maniwa-city-maniwakun,Maniwa City Community Bus Maniwa-kun (真庭市コミュニティバス「まにわくん」),B,81.2,2026-08-07,current,236,no,,Set wheelchair_boarding to 1 (accessible) or 2 (not accessible) for every stop. A field survey can start with the busiest stops.,
manteca-transit,Manteca Transit,C,79.6,2026-08-07,current,116,no,,"Set wheelchair_accessible on every trip. If every vehicle is accessible, this may be one default; otherwise use the value for each trip.",not_ready
manyosen,Manyosen (万葉線),D,69.0,2026-08-07,current,327,no,,Review the rule documentation for 'invalid_color' at https://gtfs-validator.mobilitydata.org/rules.html and check the flagged rows in your feed.,
maryland-transit-administration-468,MARC Train,D,60.7,2026-08-07,current,146,no,,Set wheelchair_boarding to 1 (accessible) or 2 (not accessible) for every stop. A field survey can start with the busiest stops.,ready
tper-marconi-express,"Marconi Express (TPER, Bologna)",A,100.0,2026-08-07,current,146,no,,,
marijampole-public-transport,Marijampolė public transport,D,69.1,2026-08-07,current,1607,no,,Set wheelchair_boarding to 1 (accessible) or 2 (not accessible) for every stop. A field survey can start with the busiest stops.,
marineo-boulogne,Marinéo (Boulogne-sur-Mer),F,57.5,2026-08-07,current,330,no,,Review the rule documentation for 'trip_distance_exceeds_shape_distance' at https://gtfs-validator.mobilitydata.org/rules.html and check the flagged rows in your feed.,
mariposa-grove-shuttle,Mariposa Grove Shuttle (Yosemite National Park),A,97.8,2026-08-07,current,251,no,,Delete the empty calendars or set their service days.,ready
marshalltown-municipal-transit,Marshalltown Municipal Transit,B,85.6,2026-08-07,current,116,no,,Set wheelchair_boarding to 1 (accessible) or 2 (not accessible) for every stop. A field survey can start with the busiest stops.,ready
mason-city-public-transit,Mason City Public Transit,B,87.2,2026-08-07,current,146,no,,Set wheelchair_boarding to 1 (accessible) or 2 (not accessible) for every stop. A field survey can start with the busiest stops.,ready
mason-transit-authority,Mason Transit Authority,B,82.1,2026-08-07,current,178,no,,Set wheelchair_boarding to 1 (accessible) or 2 (not accessible) for every stop. A field survey can start with the busiest stops.,ready
mass-transportation-authority-flint-2287,Mass Transportation Authority Flint,C,75.2,2026-08-07,current,511,no,,Set wheelchair_boarding to 1 (accessible) or 2 (not accessible) for every stop. A field survey can start with the busiest stops.,ready
massachusetts-area-express-max,Massachusetts Area Express (MAX),F,31.3,2026-07-30,unknown,,no,,Add feed_start_date and feed_end_date to feed_info.txt and include calendar end dates in your export.,not_ready
masuda-city-noriai-taxi,Masuda City Shared Taxi (益田市乗合タクシー),C,76.2,2026-08-07,current,236,no,,Set wheelchair_boarding to 1 (accessible) or 2 (not accessible) for every stop. A field survey can start with the busiest stops.,
matsusaka-city-bus,Matsusaka City Community Transport (松阪市コミュニティ交通),C,77.0,2026-08-07,current,236,no,,Set wheelchair_boarding to 1 (accessible) or 2 (not accessible) for every stop. A field survey can start with the busiest stops.,
matsushige-town-bus,Matsushige Town Community Bus (松茂町地域コミュニティバス),C,74.9,2026-08-07,current,511,no,,Set wheelchair_boarding to 1 (accessible) or 2 (not accessible) for every stop. A field survey can start with the busiest stops.,
matthews-coach,Matthews Coach Hire,C,77.0,2026-08-07,current,363,no,,Set wheelchair_boarding to 1 (accessible) or 2 (not accessible) for every stop. A field survey can start with the busiest stops.,
maywood-express-shuttle,Maywood Express Shuttle,C,75.5,2026-08-07,current,146,no,,Set wheelchair_boarding to 1 (accessible) or 2 (not accessible) for every stop. A field survey can start with the busiest stops.,ready
mazeikiai-public-transport,Mažeikiai public transport,D,63.0,2026-08-07,current,389,no,,Set wheelchair_boarding to 1 (accessible) or 2 (not accessible) for every stop. A field survey can start with the busiest stops.,
mcgills-buses,McGill's Buses,F,53.4,2026-08-07,current,361,no,,Review the rule documentation for 'duplicate_key' at https://gtfs-validator.mobilitydata.org/rules.html and check the flagged rows in your feed.,
mcgrath-coaches,McGrath Coaches,B,82.4,2026-08-07,current,363,no,,Set wheelchair_boarding to 1 (accessible) or 2 (not accessible) for every stop. A field survey can start with the busiest stops.,
megabus,Megabus,D,68.9,2026-08-07,current,86,no,,Set wheelchair_boarding to 1 (accessible) or 2 (not accessible) for every stop. A field survey can start with the busiest stops.,ready
meiko-bus,Meiko Bus (明光バス),C,70.6,2026-08-07,current,236,no,,Set wheelchair_boarding to 1 (accessible) or 2 (not accessible) for every stop. A field survey can start with the busiest stops.,
meitetsu-kaijo-kanko-ferry,Meitetsu Kaijo Kanko Sen Ferry (名鉄海上観光船),C,72.5,2026-08-07,current,236,no,,Set wheelchair_boarding to 1 (accessible) or 2 (not accessible) for every terminal. A field survey can start with the busiest terminals.,
merced-county-transit-the-bus-3117,Merced County Transit (The Bus),D,65.5,2026-08-07,current,26809,no,,Set wheelchair_boarding to 1 (accessible) or 2 (not accessible) for every stop. A field survey can start with the busiest stops.,ready
merrimack-valley-regional-transit-authority-mvrta,Merrimack Valley Regional Transit Authority (MVRTA),C,75.7,2026-08-07,current,147,no,,Set wheelchair_boarding to 1 (accessible) or 2 (not accessible) for every stop. A field survey can start with the busiest stops.,ready
metra,Metra,F,34.2,2026-08-05,unknown,,no,,Add feed_start_date and feed_end_date to feed_info.txt and include calendar end dates in your export.,not_ready
metra-2854,Metra,F,39.5,2026-08-05,unknown,,no,,Add feed_start_date and feed_end_date to feed_info.txt and include calendar end dates in your export.,not_ready
metro-ride,Metro Ride,C,77.8,2026-08-07,current,147,no,,Set wheelchair_boarding to 1 (accessible) or 2 (not accessible) for every stop. A field survey can start with the busiest stops.,ready
metro-rock-island-county-metropolitan-mass-transit-district,Metro Rock Island County Metropolitan Mass Transit District,D,64.9,2026-08-07,current,72,no,,Set wheelchair_boarding to 1 (accessible) or 2 (not accessible) for every stop. A field survey can start with the busiest stops.,ready
maryland-transit-administration-metro-subway,Metro SubwayLink,C,75.3,2026-08-07,current,146,no,,Add feed_info.txt with feed_start_date and feed_end_date to your export.,ready
metro-sul-do-tejo,Metro Sul do Tejo,B,88.8,2026-08-07,current,1243,no,,"Add fare_attributes.txt (or Fares v2 files) with your fare structure. If your service is fare-free, ask to have it marked fare-free instead.",
metro-north-railroad,Metro-North Railroad,C,76.1,2026-08-07,current,107,no,,"Check with your AVL vendor that every vehicle assignment flows into TripUpdates, including school-day and tripper runs.",ready
mta,Metro-North Railroad,B,80.4,2026-08-07,current,107,no,,"Add fare_attributes.txt (or Fares v2 files) with your fare structure. If your service is fare-free, ask to have it marked fare-free instead.",ready
metrolink,Metrolink,B,84.3,2026-08-07,current,511,no,,Set wheelchair_boarding to 1 (accessible) or 2 (not accessible) for every stop. A field survey can start with the busiest stops.,not_ready
metropolitan-transit-authority-of-black-hawk-county-2414,Metropolitan Transit Authority of Black Hawk County,B,81.5,2026-08-07,current,147,no,,Set wheelchair_boarding to 1 (accessible) or 2 (not accessible) for every stop. A field survey can start with the busiest stops.,ready
metro-lisboa,Metropolitano de Lisboa,B,85.8,2026-08-07,current,146,no,,Set wheelchair_boarding to 1 (accessible) or 2 (not accessible) for every stop. A field survey can start with the busiest stops.,
metrowest-regional-transit-authority-mwrta,MetroWest Regional Transit Authority (MWRTA),C,71.5,2026-08-07,current,82,no,,Set wheelchair_boarding to 1 (accessible) or 2 (not accessible) for every stop. A field survey can start with the busiest stops.,ready
miami-dade-transit,Miami-Dade Transit,F,57.9,2026-08-07,current,511,no,,Review the rule documentation for 'equal_shape_distance_diff_coordinates' at https://gtfs-validator.mobilitydata.org/rules.html and check the flagged rows in your feed.,ready
mibu-town-community-bus,Mibu Town Community Bus (壬生町コミュニティバス みぶーぶ),C,75.8,2026-08-07,current,236,no,,Set wheelchair_boarding to 1 (accessible) or 2 (not accessible) for every stop. A field survey can start with the busiest stops.,
middlesex-3-tma,Middlesex 3 TMA,B,81.9,2026-08-07,current,116,no,,Set wheelchair_boarding to 1 (accessible) or 2 (not accessible) for every stop. A field survey can start with the busiest stops.,ready
middletown-area-transit-mat,Middletown Area Transit (MAT),C,77.7,2026-08-07,current,293,no,,Set wheelchair_boarding to 1 (accessible) or 2 (not accessible) for every stop. A field survey can start with the busiest stops.,ready
midland-bluebird,Midland Bluebird,D,65.8,2026-08-07,current,400,no,,Review the rule documentation for 'block_trips_with_overlapping_stop_times' at https://gtfs-validator.mobilitydata.org/rules.html and check the flagged rows in your feed.,
mie-kotsu-iga,Mie Kotsu Iga (三重交通 伊賀営業所),C,78.8,2026-08-07,current,92,no,,Set wheelchair_boarding to 1 (accessible) or 2 (not accessible) for every stop. A field survey can start with the busiest stops.,
mie-kotsu-ise,Mie Kotsu Ise (三重交通 伊勢営業所),C,77.2,2026-08-07,current,92,no,,Set wheelchair_boarding to 1 (accessible) or 2 (not accessible) for every stop. A field survey can start with the busiest stops.,
mie-kotsu-kuwana,Mie Kotsu Kuwana (三重交通 桑名営業所),C,75.4,2026-08-07,current,92,no,,Set wheelchair_boarding to 1 (accessible) or 2 (not accessible) for every stop. A field survey can start with the busiest stops.,
mie-kotsu-matsusaka,Mie Kotsu Matsusaka (三重交通 松阪営業所),B,80.8,2026-08-07,current,92,no,,Set wheelchair_boarding to 1 (accessible) or 2 (not accessible) for every stop. A field survey can start with the busiest stops.,
mie-kotsu-shima,Mie Kotsu Shima (三重交通 志摩地域),C,72.2,2026-08-07,current,92,no,,Set wheelchair_boarding to 1 (accessible) or 2 (not accessible) for every stop. A field survey can start with the busiest stops.,
mie-kotsu-yokkaichi,Mie Kotsu Yokkaichi (三重交通 四日市営業所),C,79.2,2026-08-07,current,92,no,,Set wheelchair_boarding to 1 (accessible) or 2 (not accessible) for every stop. A field survey can start with the busiest stops.,
milwaukee-county-transit-system-mcts-2127,Milwaukee County Transit System (MCTS),C,70.5,2026-08-07,current,120,no,,Set wheelchair_boarding to 1 (accessible) or 2 (not accessible) for every stop. A field survey can start with the busiest stops.,ready
minamiawaji-ranran-bus,Minami-Awaji City Ran-Ran Bus (南あわじ市らん・らんバス),C,71.9,2026-08-07,current,236,no,,Set wheelchair_boarding to 1 (accessible) or 2 (not accessible) for every stop. A field survey can start with the busiest stops.,
misawa-city-me-bus,Misawa City Community Bus Me-Bus (三沢市コミュニティバス「みーばす」),C,71.2,2026-08-07,current,236,no,,Review the rule documentation for 'invalid_phone_number' at https://gtfs-validator.mobilitydata.org/rules.html and check the flagged rows in your feed.,
mission-bay-transportation-management-association-tma,Mission Bay Transportation Management Association (TMA),B,83.8,2026-08-07,current,158,no,,Set wheelchair_boarding to 1 (accessible) or 2 (not accessible) for every stop. A field survey can start with the busiest stops.,ready
mitoyo-city-community-bus,Mitoyo City Community Bus (三豊市コミュニティバス),C,74.9,2026-08-07,current,236,no,,Set wheelchair_boarding to 1 (accessible) or 2 (not accessible) for every stop. A field survey can start with the busiest stops.,
mdv-mitteldeutscher,Mitteldeutscher Verkehrsverbund (MDV),D,64.2,2026-08-07,current,146,no,,Set wheelchair_boarding to 1 (accessible) or 2 (not accessible) for every stop. A field survey can start with the busiest stops.,
miyama-city-community-bus,Miyama City Community Bus (みやま市コミュニティバス),B,82.3,2026-08-07,current,236,no,,Set wheelchair_boarding to 1 (accessible) or 2 (not accessible) for every stop. A field survey can start with the busiest stops.,
miyoshi-city-tokushima-bus,Miyoshi City Bus (三好市営バス),C,71.4,2026-08-07,current,236,no,,Set wheelchair_boarding to 1 (accessible) or 2 (not accessible) for every stop. A field survey can start with the busiest stops.,
mobigo-cote-dor,Mobigo interurbain (Côte-d'Or),F,38.2,2026-08-07,current,146,no,,Review the rule documentation for 'point_near_origin' at https://gtfs-validator.mobilitydata.org/rules.html and check the flagged rows in your feed.,
mogamigawa-kotsu,Mogamigawa Kotsu (最上川交通),C,75.2,2026-08-07,current,236,no,,Set wheelchair_boarding to 1 (accessible) or 2 (not accessible) for every stop. A field survey can start with the busiest stops.,
moletai-public-transport,Molėtai public transport,D,64.7,2026-08-07,current,511,no,,Set wheelchair_boarding to 1 (accessible) or 2 (not accessible) for every stop. A field survey can start with the busiest stops.,
montgomery-transit,Montgomery Transit,C,78.5,2026-08-07,current,146,no,,Set wheelchair_boarding to 1 (accessible) or 2 (not accessible) for every stop. A field survey can start with the busiest stops.,ready
morongo-basin-transit-authority,Morongo Basin Transit Authority,C,77.5,2026-08-07,current,147,no,,Set wheelchair_boarding to 1 (accessible) or 2 (not accessible) for every stop. A field survey can start with the busiest stops.,ready
morrow-county-public-transit,Morrow County Public Transit,C,71.5,2026-08-07,current,177,no,,Set wheelchair_boarding to 1 (accessible) or 2 (not accessible) for every stop. A field survey can start with the busiest stops.,ready
motomiya-city-community-bus,Motomiya City Community Bus (本宮市コミュニティバス),C,75.1,2026-08-07,current,236,no,,Set wheelchair_boarding to 1 (accessible) or 2 (not accessible) for every stop. A field survey can start with the busiest stops.,
mount-adams-transportation-service,Mount Adams Transportation Service,B,82.5,2026-08-07,current,147,no,,Set wheelchair_boarding to 1 (accessible) or 2 (not accessible) for every stop. A field survey can start with the busiest stops.,ready
mountain-express,Mountain Express Flex,C,75.5,2026-08-07,current,178,no,,Set wheelchair_boarding to 1 (accessible) or 2 (not accessible) for every stop. A field survey can start with the busiest stops.,not_ready
mountain-family-center,Mountain Family Center Flex,C,75.5,2026-08-07,current,178,no,,Set wheelchair_boarding to 1 (accessible) or 2 (not accessible) for every stop. A field survey can start with the busiest stops.,not_ready
mountain-line,Mountain Line,C,78.7,2026-08-07,current,192,no,,Set wheelchair_boarding to 1 (accessible) or 2 (not accessible) for every stop. A field survey can start with the busiest stops.,ready
mountain-line-transit,Mountain Line Transit,D,68.7,2026-08-07,current,26809,no,,Set wheelchair_boarding to 1 (accessible) or 2 (not accessible) for every stop. A field survey can start with the busiest stops.,ready
mountain-line-transit-authority,Mountain Line Transit Authority,B,85.6,2026-08-07,current,146,no,,Review the flagged fields and fill in the ones your riders would use.,ready
mountain-lynx-transit,Mountain Lynx Transit,B,82.7,2026-08-07,current,178,no,,Set wheelchair_boarding to 1 (accessible) or 2 (not accessible) for every stop. A field survey can start with the busiest stops.,ready
mountain-metro-transit,Mountain Metro Transit Flex,B,80.2,2026-08-07,current,178,no,,Set wheelchair_boarding to 1 (accessible) or 2 (not accessible) for every stop. A field survey can start with the busiest stops.,not_ready
mountain-transit,Mountain Transit,B,80.6,2026-08-07,current,147,no,,Set wheelchair_boarding to 1 (accessible) or 2 (not accessible) for every stop. A field survey can start with the busiest stops.,at_risk
mountain-view-community-shuttle,Mountain View Community Shuttle,B,84.5,2026-08-07,current,261,no,,Add feed_info.txt with feed_start_date and feed_end_date to your export.,ready
mountain-view-transportation-management-association-mvgo-2025,Mountain View Transportation Management Association (MVgo),B,89.7,2026-08-07,current,147,no,,Add feed_info.txt with feed_start_date and feed_end_date to your export.,ready
mountain-view-transportation-management-association-mvgo-2880,Mountain View Transportation Management Association (MVgo),B,87.1,2026-08-07,current,147,no,,Add feed_info.txt with feed_start_date and feed_end_date to your export.,ready
munakata-city-community-bus,Munakata City Community Bus (宗像市コミュニティバス),C,79.5,2026-08-07,current,236,no,,Set wheelchair_boarding to 1 (accessible) or 2 (not accessible) for every stop. A field survey can start with the busiest stops.,
tirana-municipal-transit,Municipality of Tirana,B,80.2,2026-08-07,current,146,no,,Set wheelchair_boarding to 1 (accessible) or 2 (not accessible) for every stop. A field survey can start with the busiest stops.,
muscabus,MuscaBus,B,87.5,2026-08-07,current,116,no,,Set wheelchair_boarding to 1 (accessible) or 2 (not accessible) for every stop. A field survey can start with the busiest stops.,ready
mwasalat-oman,Mwasalat (Oman National Transport Company),D,61.7,2026-08-07,current,1089,no,,Set wheelchair_boarding to 1 (accessible) or 2 (not accessible) for every stop. A field survey can start with the busiest stops.,
kochi-kanko-convention-gtfs-kvca-my-yubus,MY遊バス (公益財団法人高知県観光コンベンション協会),C,77.6,2026-08-07,current,236,no,,Set wheelchair_boarding to 1 (accessible) or 2 (not accessible) for every stop. A field survey can start with the busiest stops.,
mav-regional-bus-hungary,MÁV Személyszállítás (Hungary regional bus),F,37.2,2026-08-07,current,90,no,,Re-generate shape distances in your export; flag to your vendor if it persists.,
aix-marseille-provence,Métropole Aix-Marseille-Provence networks,F,39.3,2026-08-07,current,146,no,,Review the rule documentation for 'block_trips_with_overlapping_stop_times' at https://gtfs-validator.mobilitydata.org/rules.html and check the flagged rows in your feed.,
mvg-munich,Münchner Verkehrsgesellschaft (MVG),F,55.6,2026-08-07,current,127,no,,Set wheelchair_boarding to 1 (accessible) or 2 (not accessible) for every stop. A field survey can start with the busiest stops.,
nabari-city-community-bus,Nabari City Community Bus (名張市コミュニティバス),D,67.0,2026-08-07,current,236,no,,Add the required column named in the finding to the flagged file.,
nagahama-nishiazai-wagon,Nagahama City Nishiazai Odekake Wagon (長浜市西浅井おでかけワゴン),D,67.2,2026-08-07,current,236,no,,Review the rule documentation for 'foreign_key_violation' at https://gtfs-validator.mobilitydata.org/rules.html and check the flagged rows in your feed.,
nagai-bus,Nagai Bus (永井バス),B,80.2,2026-08-07,current,236,no,,Set wheelchair_boarding to 1 (accessible) or 2 (not accessible) for every stop. A field survey can start with the busiest stops.,
nagakute-city-n-bus,Nagakute City N-Bus (長久手市N-バス),C,75.3,2026-08-07,current,236,no,,Set wheelchair_boarding to 1 (accessible) or 2 (not accessible) for every stop. A field survey can start with the busiest stops.,
nagano-city-bus,Nagano City Bus and Shared Taxi (長野市営バス・乗合タクシー),C,73.3,2026-08-07,current,236,no,,Set wheelchair_boarding to 1 (accessible) or 2 (not accessible) for every stop. A field survey can start with the busiest stops.,
nagareyama-green-bus,Nagareyama Green Bus (流山ぐりーんバス),C,73.3,2026-08-07,current,156,no,,Set wheelchair_boarding to 1 (accessible) or 2 (not accessible) for every stop. A field survey can start with the busiest stops.,
nagi-town-bus,Nagi Town Bus (なぎバス),C,77.9,2026-08-07,current,206,no,,Set wheelchair_boarding to 1 (accessible) or 2 (not accessible) for every stop. A field survey can start with the busiest stops.,
naka-town-bus,Naka Town Bus (那賀町営バス),C,74.4,2026-08-07,current,236,no,,Set wheelchair_boarding to 1 (accessible) or 2 (not accessible) for every stop. A field survey can start with the busiest stops.,
nakatsugawa-city-community-bus,Nakatsugawa City Community Bus (中津川市コミュニティバス),C,75.2,2026-08-07,current,419,no,,Set wheelchair_boarding to 1 (accessible) or 2 (not accessible) for every stop. A field survey can start with the busiest stops.,
naldo-verkehrsverbund,naldo (Verkehrsverbund Neckar-Alb-Donau),F,55.4,2026-08-07,current,127,no,,Review the rule documentation for 'point_near_origin' at https://gtfs-validator.mobilitydata.org/rules.html and check the flagged rows in your feed.,
namegata-city-bus,Namegata City Bus (行方市営路線バス),C,75.2,2026-08-07,current,202,no,,Set wheelchair_boarding to 1 (accessible) or 2 (not accessible) for every stop. A field survey can start with the busiest stops.,
nanto-city-bus,Nanto City Bus (南砺市営バス),D,62.1,2026-08-07,current,236,no,,Review the rule documentation for 'foreign_key_violation' at https://gtfs-validator.mobilitydata.org/rules.html and check the flagged rows in your feed.,
nanyo-city-bus,Nanyo City Bus (南陽市営バス),C,73.6,2026-08-07,current,236,no,,Set wheelchair_boarding to 1 (accessible) or 2 (not accessible) for every stop. A field survey can start with the busiest stops.,
naoshima-town-bus,Naoshima Town Bus (直島町町営バス),C,77.5,2026-08-07,current,297,no,,Set wheelchair_boarding to 1 (accessible) or 2 (not accessible) for every stop. A field survey can start with the busiest stops.,
narita-community-bus,Narita City Community Bus (成田市コミュニティバス),B,80.8,2026-08-07,current,145,no,,Set wheelchair_boarding to 1 (accessible) or 2 (not accessible) for every stop. A field survey can start with the busiest stops.,
naruto-city-ferry,Naruto City Ferry (鳴門市営渡船),C,72.7,2026-08-07,current,242,no,,Set wheelchair_boarding to 1 (accessible) or 2 (not accessible) for every terminal. A field survey can start with the busiest terminals.,
nashville-mta-wego-public-transit,Nashville MTA WeGo Public Transit,C,71.2,2026-08-07,current,148,no,,Set wheelchair_boarding to 1 (accessible) or 2 (not accessible) for every stop. A field survey can start with the busiest stops.,ready
nasu-town-community-bus,Nasu Town Community Bus (那須町町民バス),C,75.3,2026-08-07,current,236,no,,Set wheelchair_boarding to 1 (accessible) or 2 (not accessible) for every stop. A field survey can start with the busiest stops.,
nasushiobara-community-bus,Nasushiobara City Community Bus (那須塩原市地域バス),C,77.6,2026-08-07,current,236,no,,Set wheelchair_boarding to 1 (accessible) or 2 (not accessible) for every stop. A field survey can start with the busiest stops.,
navajo-transit-system-2346,Navajo Transit System,A,90.3,2026-08-07,current,178,no,,Set wheelchair_boarding to 1 (accessible) or 2 (not accessible) for every stop. A field survey can start with the busiest stops.,ready
fr-pan-81177,Navette estivale SNGO! Giverny Vernon - Gare SNCF,C,71.5,2026-08-07,current,86,no,,Set wheelchair_boarding to 1 (accessible) or 2 (not accessible) for every stop. A field survey can start with the busiest stops.,
fr-navette-pontorson-le-mont-saint-michel,Navette Pontorson – Le Mont-Saint-Michel,D,64.2,2026-08-07,current,146,no,,Set wheelchair_boarding to 1 (accessible) or 2 (not accessible) for every stop. A field survey can start with the busiest stops.,
fr-pan-83405,Navettes Aéroport de Lille,C,73.2,2026-08-07,current,146,no,,Set wheelchair_boarding to 1 (accessible) or 2 (not accessible) for every stop. A field survey can start with the busiest stops.,
fr-uba,Navettes maritimes - UBA,D,65.7,2026-08-07,current,146,no,,Set wheelchair_boarding to 1 (accessible) or 2 (not accessible) for every terminal. A field survey can start with the busiest terminals.,
fr-pan-83626,Navettes saisonnières Bourg-Saint-Maurice,F,56.2,2026-08-07,current,119,no,,Review the rule documentation for 'point_near_origin' at https://gtfs-validator.mobilitydata.org/rules.html and check the flagged rows in your feed.,
needles-area-transit,Needles Area Transit,B,80.2,2026-08-07,current,328,no,,Set wheelchair_boarding to 1 (accessible) or 2 (not accessible) for every stop. A field survey can start with the busiest stops.,ready
nemuro-kotsu,Nemuro Kotsu (根室交通),B,80.5,2026-08-07,current,291,no,,Set wheelchair_boarding to 1 (accessible) or 2 (not accessible) for every stop. A field survey can start with the busiest stops.,
neobus-ouest-vosgien,Neobus (Ouest Vosgien),C,74.8,2026-08-07,current,146,no,,Set wheelchair_boarding to 1 (accessible) or 2 (not accessible) for every stop. A field survey can start with the busiest stops.,
neringa-public-transport,Neringa public transport,D,67.1,2026-08-07,current,1515,no,,Set wheelchair_boarding to 1 (accessible) or 2 (not accessible) for every stop. A field survey can start with the busiest stops.,
new-jersey-transit-nj-transit,New Jersey Transit (NJ Transit) Bus,F,39.0,2026-08-07,current,176,no,,Re-generate shape distances in your export; flag to your vendor if it persists.,ready
new-jersey-transit-nj-transit-509,New Jersey Transit (NJ Transit) Rail,F,44.1,2026-08-07,current,176,no,,Review the rule documentation for 'block_trips_with_overlapping_stop_times' at https://gtfs-validator.mobilitydata.org/rules.html and check the flagged rows in your feed.,ready
newport-bus,Newport Bus (Bws Casnewydd),F,53.3,2026-08-07,current,362,no,,Review the rule documentation for 'block_trips_with_overlapping_stop_times' at https://gtfs-validator.mobilitydata.org/rules.html and check the flagged rows in your feed.,
npt-lefkosia,Nicosia Public Transport (NPT),D,65.4,2026-08-07,current,88,no,,Review the rule documentation for 'foreign_key_violation' at https://gtfs-validator.mobilitydata.org/rules.html and check the flagged rows in your feed.,
niimi-city-bus,Niimi City Bus (新見市営バス),C,74.8,2026-08-07,current,326,no,,Set wheelchair_boarding to 1 (accessible) or 2 (not accessible) for every stop. A field survey can start with the busiest stops.,
nikko-city-bus,Nikko City Bus (日光市営バス),D,69.9,2026-08-07,current,236,no,,Review the rule documentation for 'missing_required_field' at https://gtfs-validator.mobilitydata.org/rules.html and check the flagged rows in your feed.,
ninomiya-town-community-bus,Ninomiya Town Community Bus (二宮町コミュニティバス),C,75.3,2026-08-07,current,146,no,,Set wheelchair_boarding to 1 (accessible) or 2 (not accessible) for every stop. A field survey can start with the busiest stops.,
dublin-bus-nitelink,Nitelink (Dublin Bus),C,74.8,2026-08-07,current,142,no,,Set wheelchair_boarding to 1 (accessible) or 2 (not accessible) for every stop. A field survey can start with the busiest stops.,
nogata-city-community-bus,Nogata City Community Bus (直方市コミュニティバス),B,83.6,2026-08-07,current,236,no,,Set wheelchair_boarding to 1 (accessible) or 2 (not accessible) for every stop. A field survey can start with the busiest stops.,
nonoichi-city-community-bus,Nonoichi City Community Bus (野々市市コミュニティバス),C,75.1,2026-08-07,current,236,no,,Set wheelchair_boarding to 1 (accessible) or 2 (not accessible) for every stop. A field survey can start with the busiest stops.,
norway-bussekspress,NOR-WAY Bussekspress,F,59.8,2026-08-07,current,117,no,,Set wheelchair_boarding to 1 (accessible) or 2 (not accessible) for every stop. A field survey can start with the busiest stops.,
north-country-express-transit,North Country Express Transit,D,61.6,2026-08-07,current,127,no,,Review the rule documentation for 'trip_distance_exceeds_shape_distance' at https://gtfs-validator.mobilitydata.org/rules.html and check the flagged rows in your feed.,ready
north-county-transit-district-nctd,North County Transit District (NCTD),F,42.3,2026-08-07,current,87,no,,Review the rule documentation for 'trip_distance_exceeds_shape_distance' at https://gtfs-validator.mobilitydata.org/rules.html and check the flagged rows in your feed.,ready
north-county-transit-district-nctd-3093,North County Transit District (NCTD),F,42.3,2026-08-07,current,87,no,,Review the rule documentation for 'trip_distance_exceeds_shape_distance' at https://gtfs-validator.mobilitydata.org/rules.html and check the flagged rows in your feed.,ready
nt-alice-springs-bus,Northern Territory Public Transport (Alice Springs),D,62.7,2026-08-07,current,183,no,,Review the rule documentation for 'equal_shape_distance_diff_coordinates' at https://gtfs-validator.mobilitydata.org/rules.html and check the flagged rows in your feed.,
nt-darwin-bus,Northern Territory Public Transport (Darwin),F,57.5,2026-08-07,current,177,no,,Set wheelchair_boarding to 1 (accessible) or 2 (not accessible) for every stop. A field survey can start with the busiest stops.,
norwalk-transit-system-nts-2242,Norwalk Transit System (NTS),C,75.3,2026-08-07,current,1367,no,,Set wheelchair_boarding to 1 (accessible) or 2 (not accessible) for every stop. A field survey can start with the busiest stops.,ready
nottingham-city-transport,Nottingham City Transport,F,55.7,2026-08-07,current,78,no,,Review the rule documentation for 'block_trips_with_overlapping_stop_times' at https://gtfs-validator.mobilitydata.org/rules.html and check the flagged rows in your feed.,
ny-waterway-3192,NY Waterway,C,78.9,2026-08-07,current,511,no,,Set wheelchair_boarding to 1 (accessible) or 2 (not accessible) for every terminal. A field survey can start with the busiest terminals.,ready
nyc-ferry,NYC Ferry,B,88.7,2026-08-07,current,511,no,,"Set wheelchair_accessible on every trip. If every vehicle is accessible, this may be one default; otherwise use the value for each trip.",ready
nyuzen-noran-my-car,Nyuzen Noran My Car (入善町 のらんマイ・カー),C,71.0,2026-08-07,current,236,no,,Ask your AVL vendor to publish updates at least every 20 seconds (the Caltrans guideline).,
ogaki-meihan-kintetsu-bus,Ogaki City Bus (Meihan Kintetsu) (大垣市 名阪近鉄バス),D,66.3,2026-08-07,current,236,no,,Set wheelchair_boarding to 1 (accessible) or 2 (not accessible) for every stop. A field survey can start with the busiest stops.,
ogasawara-village-bus,Ogasawara Village Bus (小笠原村営バス),C,75.9,2026-08-07,current,187,no,,Set wheelchair_boarding to 1 (accessible) or 2 (not accessible) for every stop. A field survey can start with the busiest stops.,
oizumi-town-aozora-bus,Oizumi Town Aozora Bus (大泉町広域公共バス「あおぞら」),C,74.6,2026-08-07,current,236,no,,Set wheelchair_boarding to 1 (accessible) or 2 (not accessible) for every stop. A field survey can start with the busiest stops.,
olean-area-transit-system,Olean Area Transit System,D,62.3,2026-08-07,current,238,no,,Set wheelchair_boarding to 1 (accessible) or 2 (not accessible) for every stop. A field survey can start with the busiest stops.,ready
omaha-metro-2261,Omaha Metro,C,72.0,2026-08-07,current,106,no,,"Set wheelchair_accessible on every trip. If every vehicle is accessible, this may be one default; otherwise use the value for each trip.",ready
omihachiman-akakon-bus,Omihachiman City Akakon Bus (近江八幡市あかこんバス),C,73.6,2026-08-07,current,297,no,,Set wheelchair_boarding to 1 (accessible) or 2 (not accessible) for every stop. A field survey can start with the busiest stops.,
omnibus,Omnibus Flex,C,75.5,2026-08-07,current,178,no,,Set wheelchair_boarding to 1 (accessible) or 2 (not accessible) for every stop. A field survey can start with the busiest stops.,not_ready
omnitrans,OmniTrans,B,88.0,2026-08-07,current,149,no,,Check the flagged stop times for transposed minutes.,ready
ondea-aix-les-bains,Ondéa (Aix-les-Bains),F,51.4,2026-08-07,current,146,no,,Re-generate shape distances in your export; flag to your vendor if it persists.,
ono-city-ranran-bus,Ono City Ran-Ran Bus (小野市らんらんバス),C,70.0,2026-08-07,current,236,no,,Review the rule documentation for 'location_with_unexpected_stop_time' at https://gtfs-validator.mobilitydata.org/rules.html and check the flagged rows in your feed.,
orbus-otago,Orbus (Otago Regional Council),F,58.7,2026-08-07,current,511,no,,Set wheelchair_boarding to 1 (accessible) or 2 (not accessible) for every stop. A field survey can start with the busiest stops.,
orizo-grand-avignon,Orizo (Grand Avignon),F,53.2,2026-08-07,current,72,no,,Review the rule documentation for 'trip_distance_exceeds_shape_distance' at https://gtfs-validator.mobilitydata.org/rules.html and check the flagged rows in your feed.,
oshu-city-bus,Oshu City Community Bus (奥州市コミュニティバス),C,74.2,2026-08-07,current,236,no,,Set wheelchair_boarding to 1 (accessible) or 2 (not accessible) for every stop. A field survey can start with the busiest stops.,
ostalbmobil,OstalbMobil,F,50.4,2026-08-07,current,127,no,,Set wheelchair_boarding to 1 (accessible) or 2 (not accessible) for every stop. A field survey can start with the busiest stops.,
ota-city-bus,Ota City Bus (太田市営バス),C,75.3,2026-08-07,current,301,no,,Set wheelchair_boarding to 1 (accessible) or 2 (not accessible) for every stop. A field survey can start with the busiest stops.,
otama-village-bus,Otama Village Commuter Bus (大玉村通勤通学バス),C,76.2,2026-08-07,current,236,no,,Set wheelchair_boarding to 1 (accessible) or 2 (not accessible) for every stop. A field survey can start with the busiest stops.,
otawara-city-bus,Otawara City Bus (大田原市営バス),C,75.0,2026-08-07,current,236,no,,Set wheelchair_boarding to 1 (accessible) or 2 (not accessible) for every stop. A field survey can start with the busiest stops.,
otone-kotsu,Otone Kotsu (大利根交通),B,85.0,2026-08-07,current,244,no,,Set wheelchair_boarding to 1 (accessible) or 2 (not accessible) for every stop. A field survey can start with the busiest stops.,
otp-thailand-namtang,OTP Thailand (Namtang),F,56.2,2026-08-07,current,146,no,,Review the rule documentation for 'number_out_of_range' at https://gtfs-validator.mobilitydata.org/rules.html and check the flagged rows in your feed.,
outback-express,Outback Express Flex,C,72.9,2026-08-07,current,267,no,,Set wheelchair_boarding to 1 (accessible) or 2 (not accessible) for every stop. A field survey can start with the busiest stops.,at_risk
ovapi-netherlands,OVapi Netherlands national aggregate,F,39.6,2026-08-07,current,127,no,,Re-generate shape distances in your export; flag to your vendor if it persists.,
owari-asahi-asapy-go,Owari Asahi Asapy-go (尾張旭市営バス あさぴー号),D,68.7,2026-08-07,current,115,no,,Ask your AVL vendor to publish updates at least every 20 seconds (the Caltrans guideline).,
oxford-bus-company,Oxford Bus Company,F,33.0,2026-08-07,current,724,no,,Review the rule documentation for 'duplicate_key' at https://gtfs-validator.mobilitydata.org/rules.html and check the flagged rows in your feed.,
oyabe-city-bus,Oyabe City Bus (小矢部市営バス),C,78.6,2026-08-07,current,236,no,,Set wheelchair_boarding to 1 (accessible) or 2 (not accessible) for every stop. A field survey can start with the busiest stops.,
pacific-transit,Pacific Transit,B,83.0,2026-08-07,current,178,no,,"Set wheelchair_accessible on every trip. If every vehicle is accessible, this may be one default; otherwise use the value for each trip.",ready
pacific-transit-3112,Pacific Transit,B,83.0,2026-08-07,current,178,no,,"Set wheelchair_accessible on every trip. If every vehicle is accessible, this may be one default; otherwise use the value for each trip.",ready
pahto-public-passage,Pahto Public Passage,C,79.3,2026-08-07,current,86,no,,Set wheelchair_boarding to 1 (accessible) or 2 (not accessible) for every stop. A field survey can start with the busiest stops.,ready
pakruojis-public-transport,Pakruojis public transport,D,62.5,2026-08-07,current,4042,no,,Set wheelchair_boarding to 1 (accessible) or 2 (not accessible) for every stop. A field survey can start with the busiest stops.,
palanga-city-public-transport,Palanga city public transport,C,72.0,2026-08-07,current,178,no,,Set wheelchair_boarding to 1 (accessible) or 2 (not accessible) for every stop. A field survey can start with the busiest stops.,
palmbus-cannes,Palmbus (Cannes),C,77.2,2026-08-07,current,149,no,,Set wheelchair_boarding to 1 (accessible) or 2 (not accessible) for every stop. A field survey can start with the busiest stops.,
palo-verde-valley-transit-agency-2190,Palo Verde Valley Transit Agency,B,81.0,2026-08-07,current,116,no,,Set wheelchair_boarding to 1 (accessible) or 2 (not accessible) for every stop. A field survey can start with the busiest stops.,ready
palos-verdes-peninsula-transit-authority-pvpta,Palos Verdes Peninsula Transit Authority (PVPTA),D,62.5,2026-08-07,current,116,no,,Review the rule documentation for 'trip_distance_exceeds_shape_distance' at https://gtfs-validator.mobilitydata.org/rules.html and check the flagged rows in your feed.,ready
pame-express-lefkosia,PAME Express (Lefkosia),C,78.5,2026-08-07,current,88,no,,Review the rule documentation for 'foreign_key_violation' at https://gtfs-validator.mobilitydata.org/rules.html and check the flagged rows in your feed.,
panevezys-city-public-transport,Panevėžys city public transport,D,69.6,2026-08-07,current,328,no,,Set wheelchair_boarding to 1 (accessible) or 2 (not accessible) for every stop. A field survey can start with the busiest stops.,
paratransit-services,Paratransit Services,C,75.5,2026-08-07,current,116,no,,Set wheelchair_boarding to 1 (accessible) or 2 (not accessible) for every stop. A field survey can start with the busiest stops.,not_ready
part-putnam-area-rapid-transit,PART Putnam Area Rapid Transit,D,65.2,2026-08-07,current,146,no,,Set wheelchair_boarding to 1 (accessible) or 2 (not accessible) for every stop. A field survey can start with the busiest stops.,ready
pasadena-transit,Pasadena Transit,B,83.2,2026-08-07,current,511,no,,Set wheelchair_boarding to 1 (accessible) or 2 (not accessible) for every stop. A field survey can start with the busiest stops.,ready
pasazieru-vilciens-vivi,Pasažieru vilciens (Vivi),C,70.9,2026-08-07,current,127,no,,Set wheelchair_boarding to 1 (accessible) or 2 (not accessible) for every stop. A field survey can start with the busiest stops.,
pastel-saint-quentin,Pastel (Saint-Quentin),D,66.8,2026-08-07,current,118,no,,Set wheelchair_boarding to 1 (accessible) or 2 (not accessible) for every stop. A field survey can start with the busiest stops.,
patco-speedline-3035,PATCO Speedline,A,100.0,2026-08-07,current,146,no,,,ready
gulf-islands-national-seashore,Pensacola Bay City Ferry,A,96.5,2026-08-07,current,85,no,,Check the flagged terminals' coordinates and the route shape in your scheduling software; re-snap whichever is misplaced.,ready
people-for-people-community-connector,People for People (Community Connector),B,81.9,2026-08-07,current,145,no,,Set wheelchair_boarding to 1 (accessible) or 2 (not accessible) for every stop. A field survey can start with the busiest stops.,ready
people-mover,People Mover,C,74.8,2026-08-07,current,116,no,,Set wheelchair_boarding to 1 (accessible) or 2 (not accessible) for every stop. A field survey can start with the busiest stops.,ready
petersburg-area-transit,Petersburg Area Transit,C,74.1,2026-08-07,current,178,no,,Set wheelchair_boarding to 1 (accessible) or 2 (not accessible) for every stop. A field survey can start with the busiest stops.,ready
petersburg-area-transit-2441,Petersburg Area Transit Flex,D,61.8,2026-08-07,current,178,no,,Review the rule documentation for 'trip_distance_exceeds_shape_distance' at https://gtfs-validator.mobilitydata.org/rules.html and check the flagged rows in your feed.,at_risk
phlash,Philly PHLASH,A,90.6,2026-08-07,current,302,no,,"Set wheelchair_accessible on every trip. If every vehicle is accessible, this may be one default; otherwise use the value for each trip.",ready
philomath-connection-2205,Philomath Connection,C,75.2,2026-08-07,current,511,no,,Set wheelchair_boarding to 1 (accessible) or 2 (not accessible) for every stop. A field survey can start with the busiest stops.,ready
piedmont-authority-for-regional-transportation-part,Piedmont Authority for Regional Transportation (PART),B,87.6,2026-08-07,current,146,no,,Set wheelchair_boarding to 1 (accessible) or 2 (not accessible) for every stop. A field survey can start with the busiest stops.,ready
plunge-public-transport,Plungė public transport,D,69.1,2026-08-07,current,3433,no,,Set wheelchair_boarding to 1 (accessible) or 2 (not accessible) for every stop. A field survey can start with the busiest stops.,
plymouth-citybus,Plymouth Citybus,F,52.7,2026-08-07,current,353,no,,Review the rule documentation for 'block_trips_with_overlapping_stop_times' at https://gtfs-validator.mobilitydata.org/rules.html and check the flagged rows in your feed.,
plzen-pmdp,"Plzeňské městské dopravní podniky, a.s. (PMDP)",C,76.0,2026-08-07,current,175,no,,"Add the destination, direction, or 'via' label riders actually see to trip_headsign. Do not copy the route name. If the label changes during the trip, use stop_headsign.",
pocatello-regional-transit,Pocatello Regional Transit,A,94.8,2026-08-07,current,146,no,,"Set wheelchair_accessible on every trip. If every vehicle is accessible, this may be one default; otherwise use the value for each trip.",ready
pony-express,Pony Express,B,81.9,2026-08-07,current,178,no,,Set wheelchair_boarding to 1 (accessible) or 2 (not accessible) for every stop. A field survey can start with the busiest stops.,ready
port-authority-of-allegheny-county,Port Authority of Allegheny County,C,73.4,2026-08-07,current,68,no,,Set wheelchair_boarding to 1 (accessible) or 2 (not accessible) for every stop. A field survey can start with the busiest stops.,at_risk
potomac-and-rappahannock-transportation-commission-prtc-omniride,Potomac and Rappahannock Transportation Commission (PRTC) Omniride,F,56.5,2026-08-07,current,176,no,,Re-generate shape distances in your export; flag to your vendor if it persists.,ready
prairie-express-transit,Prairie Express Transit,C,75.5,2026-08-07,current,116,no,,Set wheelchair_boarding to 1 (accessible) or 2 (not accessible) for every stop. A field survey can start with the busiest stops.,ready
prienai-public-transport,Prienai public transport,C,71.7,2026-08-07,current,178,no,,Set wheelchair_boarding to 1 (accessible) or 2 (not accessible) for every stop. A field survey can start with the busiest stops.,
prince-george-s-county-the-bus,Prince George's County (The Bus),C,74.7,2026-08-07,current,206,no,,Set wheelchair_boarding to 1 (accessible) or 2 (not accessible) for every stop. A field survey can start with the busiest stops.,ready
fr-pan-82872,Programme des vols Finist'Air,C,74.3,2026-08-07,current,146,no,,Review the rule documentation for 'invalid_row_length' at https://gtfs-validator.mobilitydata.org/rules.html and check the flagged rows in your feed.,
prowers-area-transit,Prowers Area Transit Flex,C,75.5,2026-08-07,current,86,no,,Set wheelchair_boarding to 1 (accessible) or 2 (not accessible) for every stop. A field survey can start with the busiest stops.,not_ready
pueblo-transit-2232,Pueblo Transit,B,80.4,2026-08-07,current,206,no,,Set wheelchair_boarding to 1 (accessible) or 2 (not accessible) for every stop. A field survey can start with the busiest stops.,ready
pueblo-transit,Pueblo Transit Flex,C,76.9,2026-08-07,current,206,no,,Set wheelchair_boarding to 1 (accessible) or 2 (not accessible) for every stop. A field survey can start with the busiest stops.,at_risk
puente-bizkaia,Puente Bizkaia (El Transbordador de Vizcaya),B,87.6,2026-08-07,current,84,no,,Set wheelchair_boarding to 1 (accessible) or 2 (not accessible) for every stop. A field survey can start with the busiest stops.,
puget-sound-educational-service-district,Puget Sound Educational Service District,C,75.5,2026-08-07,current,267,no,,Set wheelchair_boarding to 1 (accessible) or 2 (not accessible) for every stop. A field survey can start with the busiest stops.,not_ready
radar,RADAR,B,86.5,2026-08-07,current,178,no,,Set wheelchair_boarding to 1 (accessible) or 2 (not accessible) for every stop. A field survey can start with the busiest stops.,ready
radar-2443,RADAR Flex,C,75.9,2026-08-07,current,178,no,,Review the rule documentation for 'trip_distance_exceeds_shape_distance' at https://gtfs-validator.mobilitydata.org/rules.html and check the flagged rows in your feed.,at_risk
radford-transit-2415,Radford Transit,C,78.2,2026-08-07,current,178,no,,Set wheelchair_boarding to 1 (accessible) or 2 (not accessible) for every stop. A field survey can start with the busiest stops.,ready
radviliskis-public-transport,Radviliškis public transport,D,63.3,2026-08-07,current,4894,no,,Set wheelchair_boarding to 1 (accessible) or 2 (not accessible) for every stop. A field survey can start with the busiest stops.,
rapidkl-bus,Rapid KL (bus network),F,46.2,2026-08-07,current,236,no,,Set wheelchair_boarding to 1 (accessible) or 2 (not accessible) for every stop. A field survey can start with the busiest stops.,
rapidkuantan-bus,Rapid Kuantan,F,58.8,2026-08-07,current,236,no,,Set wheelchair_boarding to 1 (accessible) or 2 (not accessible) for every stop. A field survey can start with the busiest stops.,
rapidkl-rail,"Rapid Rail KL (LRT, MRT and monorail)",F,59.6,2026-08-07,current,146,no,,Set wheelchair_boarding to 1 (accessible) or 2 (not accessible) for every stop. A field survey can start with the busiest stops.,
raseiniai-public-transport,Raseiniai public transport,D,63.9,2026-08-07,current,1607,no,,Set wheelchair_boarding to 1 (accessible) or 2 (not accessible) for every stop. A field survey can start with the busiest stops.,
red-redon,RED (Redon),B,82.6,2026-08-07,current,146,no,,Set wheelchair_boarding to 1 (accessible) or 2 (not accessible) for every stop. A field survey can start with the busiest stops.,
red-apple-transit,Red Apple Transit,B,87.5,2026-08-07,current,115,no,,Set wheelchair_boarding to 1 (accessible) or 2 (not accessible) for every stop. A field survey can start with the busiest stops.,ready
red-rose-transit-authority-rrta-2000,Red Rose Transit Authority (RRTA),C,71.3,2026-08-07,current,511,no,,Set wheelchair_boarding to 1 (accessible) or 2 (not accessible) for every stop. A field survey can start with the busiest stops.,ready
redding-area-bus-authority-3031,Redding Area Bus Authority,A,93.7,2026-08-07,current,146,no,,Re-generate shape_dist_traveled on export so stop and shape distances use the same units.,ready
devils-postpile-national-monument,Reds Meadow Shuttle,B,85.6,2026-08-07,current,146,no,,"Add fare_attributes.txt (or Fares v2 files) with your fare structure. If your service is fare-free, ask to have it marked fare-free instead.",ready
rvf-freiburg,Regio-Verkehrsverbund Freiburg (RVF),F,41.4,2026-08-07,current,127,no,,Review the rule documentation for 'point_near_origin' at https://gtfs-validator.mobilitydata.org/rules.html and check the flagged rows in your feed.,
regional-transportation-agency-of-central-maryland-rta,Regional Transportation Agency of Central Maryland (RTA),B,81.4,2026-08-07,current,205,no,,Set wheelchair_boarding to 1 (accessible) or 2 (not accessible) for every stop. A field survey can start with the busiest stops.,ready
regional-transportation-commission-of-southern-nevada-rtc-2351,Regional Transportation Commission of Southern Nevada (RTC),F,44.9,2026-08-07,current,379,no,,Review the rule documentation for 'equal_shape_distance_diff_coordinates' at https://gtfs-validator.mobilitydata.org/rules.html and check the flagged rows in your feed.,ready
core-calabria,Regione Calabria regional transport (CORE),F,32.0,2026-08-07,current,511,no,,Review the rule documentation for 'duplicate_key' at https://gtfs-validator.mobilitydata.org/rules.html and check the flagged rows in your feed.,
reihoku-kanko-jidosha,Reihoku Kanko Jidosha (嶺北観光自動車),B,80.3,2026-08-07,current,142,no,,Set wheelchair_boarding to 1 (accessible) or 2 (not accessible) for every stop. A field survey can start with the busiest stops.,
reis-nordland,Reis Nordland (Nordland fylkeskommune),F,57.4,2026-08-07,current,177,no,,Set wheelchair_boarding to 1 (accessible) or 2 (not accessible) for every stop. A field survey can start with the busiest stops.,
rejseplanen-denmark,Rejseplanen national timetable,F,33.2,2026-08-07,current,75,no,,Review the rule documentation for 'invalid_url' at https://gtfs-validator.mobilitydata.org/rules.html and check the flagged rows in your feed.,
renfe-alta-larga-media,"Renfe (Alta Velocidad, Larga y Media Distancia)",F,36.8,2026-08-06,unknown,,no,,Add feed_start_date and feed_end_date to feed_info.txt and include calendar end dates in your export.,
renfe-cercanias-rodalies,Renfe Cercanías y Rodalies,F,35.7,2026-08-06,unknown,,no,,Add feed_start_date and feed_end_date to feed_info.txt and include calendar end dates in your export.,
rensselaer-county-yankee-trails,Rensselaer County (Yankee Trails),C,74.1,2026-08-07,current,146,no,,Set wheelchair_boarding to 1 (accessible) or 2 (not accessible) for every stop. A field survey can start with the busiest stops.,ready
reus-transport,Reus Transport,C,74.3,2026-08-07,current,277,no,,"Set wheelchair_accessible on every trip. If every vehicle is accessible, this may be one default; otherwise use the value for each trip.",
ride-connection,Ride Connection,B,83.7,2026-08-07,current,178,no,,Set wheelchair_boarding to 1 (accessible) or 2 (not accessible) for every stop. A field survey can start with the busiest stops.,ready
rietavas-public-transport,Rietavas public transport,D,62.1,2026-08-07,current,511,no,,Set wheelchair_boarding to 1 (accessible) or 2 (not accessible) for every stop. A field survey can start with the busiest stops.,
rio-de-janeiro-transportes,Rio de Janeiro municipal transport (SMTR),F,59.9,2026-08-07,current,146,no,,Review the rule documentation for 'trip_distance_exceeds_shape_distance' at https://gtfs-validator.mobilitydata.org/rules.html and check the flagged rows in your feed.,
rivercities-transit-rct,RiverCities Transit (RCT),B,80.5,2026-08-07,current,115,no,,Set wheelchair_boarding to 1 (accessible) or 2 (not accessible) for every stop. A field survey can start with the busiest stops.,ready
roadrunnertransit,RoadrunnerTransit,C,72.3,2026-08-07,current,178,no,,Review the rule documentation for 'stop_time_timepoint_without_times' at https://gtfs-validator.mobilitydata.org/rules.html and check the flagged rows in your feed.,ready
rocky-mountain-national-park,Rocky Mountain National Park Shuttles,B,83.5,2026-08-07,current,74,no,,Set wheelchair_boarding to 1 (accessible) or 2 (not accessible) for every stop. A field survey can start with the busiest stops.,ready
rocky-mountain-national-park-shuttles,Rocky Mountain National Park Shuttles,B,83.5,2026-08-07,current,74,no,,Set wheelchair_boarding to 1 (accessible) or 2 (not accessible) for every stop. A field survey can start with the busiest stops.,ready
rogue-valley-transportation-district-rvtd-3219,Rogue Valley Transportation District (RVTD),B,80.9,2026-08-07,current,107,no,,Set wheelchair_boarding to 1 (accessible) or 2 (not accessible) for every stop. A field survey can start with the busiest stops.,ready
rokiskis-public-transport,Rokiškis public transport,D,67.1,2026-08-07,current,26809,no,,Set wheelchair_boarding to 1 (accessible) or 2 (not accessible) for every stop. A field survey can start with the busiest stops.,
roosevelt-island-operating-corporation-tramway-rioc-tramway,Roosevelt Island Operating Corporation Tramway (RIOC Tramway),A,92.9,2026-08-07,current,146,no,,Review the rule documentation for 'equal_shape_distance_diff_coordinates_distance_below_threshold' at https://gtfs-validator.mobilitydata.org/rules.html and check the flagged rows in your feed.,ready
roseville-transit,Roseville Transit,D,67.7,2026-08-07,current,146,no,,Set wheelchair_boarding to 1 (accessible) or 2 (not accessible) for every stop. A field survey can start with the busiest stops.,ready
routt-county-council-on-aging-rccoca-transportation,Routt County Council on Aging (RCCOCA) Transportation Flex,C,77.6,2026-08-07,current,178,no,,Set wheelchair_boarding to 1 (accessible) or 2 (not accessible) for every stop. A field survey can start with the busiest stops.,at_risk
rural-community-transportation-rct,Rural Community Transportation (RCT),B,83.1,2026-08-07,current,146,no,,Set wheelchair_boarding to 1 (accessible) or 2 (not accessible) for every stop. A field survey can start with the busiest stops.,ready
rural-community-transportation-rct-2882,Rural Community Transportation (RCT),C,79.4,2026-08-07,current,145,no,,Set wheelchair_boarding to 1 (accessible) or 2 (not accessible) for every stop. A field survey can start with the busiest stops.,at_risk
ruter-oslo,Ruter,D,61.6,2026-08-07,current,128,no,,Set wheelchair_boarding to 1 (accessible) or 2 (not accessible) for every stop. A field survey can start with the busiest stops.,
ryde-racine-2246,Ryde Racine,C,78.4,2026-08-07,current,511,no,,Set wheelchair_boarding to 1 (accessible) or 2 (not accessible) for every stop. A field survey can start with the busiest stops.,ready
ryugasaki-city-community-bus,Ryugasaki City Community Bus (龍ケ崎市コミュニティバス),C,77.2,2026-08-07,current,146,no,,Set wheelchair_boarding to 1 (accessible) or 2 (not accessible) for every stop. A field survey can start with the busiest stops.,
ryujin-bus,Ryujin Bus (龍神自動車),C,73.3,2026-08-07,current,236,no,,Set wheelchair_boarding to 1 (accessible) or 2 (not accessible) for every stop. A field survey can start with the busiest stops.,
rtc-quebec,Réseau de transport de la Capitale (RTC),C,71.6,2026-08-07,current,133,no,,"Add fare_attributes.txt (or Fares v2 files) with your fare structure. If your service is fare-free, ask to have it marked fare-free instead.",
rtl-longueuil,Réseau de transport de Longueuil,B,80.9,2026-08-07,current,86,no,,Review the flagged fields and fill in the ones your riders would use.,
fr-pan-11681,Réseau européen FlixBus et FlixTrain,F,45.5,2026-08-07,current,178,no,,Set wheelchair_boarding to 1 (accessible) or 2 (not accessible) for every stop. A field survey can start with the busiest stops.,
fr-pan-83113,Réseau interurbain - Ain (01),F,53.8,2026-08-07,current,389,no,,Re-generate shape distances in your export; flag to your vendor if it persists.,
fr-pan-38889,Réseau interurbain - Allier (03),D,61.1,2026-08-07,current,389,no,,Set wheelchair_boarding to 1 (accessible) or 2 (not accessible) for every stop. A field survey can start with the busiest stops.,
fr-pan-80961,Réseau interurbain - Ardèche (07),F,56.5,2026-08-07,current,389,no,,Set wheelchair_boarding to 1 (accessible) or 2 (not accessible) for every stop. A field survey can start with the busiest stops.,
fr-pan-81245,Réseau interurbain - Cantal (15),D,69.4,2026-08-07,current,389,no,,Set wheelchair_boarding to 1 (accessible) or 2 (not accessible) for every stop. A field survey can start with the busiest stops.,
fr-pan-82324,Réseau interurbain - Charente (16),D,68.6,2026-08-07,current,335,no,,"Set wheelchair_accessible on every trip. If every vehicle is accessible, this may be one default; otherwise use the value for each trip.",
fr-pan-82326,Réseau interurbain - Charente-Maritime (17),F,53.5,2026-08-07,current,314,no,,Re-generate shape distances in your export; flag to your vendor if it persists.,
fr-pan-82328,Réseau interurbain - Corrèze (19),F,52.3,2026-08-07,current,344,no,,Re-generate shape distances in your export; flag to your vendor if it persists.,
fr-pan-83200,Réseau interurbain - Corse,D,61.9,2026-08-07,current,1607,no,,Set wheelchair_boarding to 1 (accessible) or 2 (not accessible) for every stop. A field survey can start with the busiest stops.,
fr-pan-82334,Réseau interurbain - Deux-Sèvres (79),D,64.5,2026-08-07,current,344,no,,"Set wheelchair_accessible on every trip. If every vehicle is accessible, this may be one default; otherwise use the value for each trip.",
fr-pan-82336,Réseau interurbain - Dordogne (24),F,58.9,2026-08-07,current,350,no,,Re-generate shape distances in your export; flag to your vendor if it persists.,
fr-pan-82338,Réseau interurbain - Gironde (33),F,48.4,2026-08-07,current,358,no,,Re-generate shape distances in your export; flag to your vendor if it persists.,
fr-pan-38881,Réseau interurbain - Haute-Loire (43),F,51.2,2026-08-07,current,389,no,,Re-generate shape distances in your export; flag to your vendor if it persists.,
fr-pan-80964,Réseau interurbain - Haute-Savoie (74),D,66.1,2026-08-07,current,389,no,,Set wheelchair_boarding to 1 (accessible) or 2 (not accessible) for every stop. A field survey can start with the busiest stops.,
fr-pan-82340,Réseau interurbain - Haute-Vienne (87),D,60.0,2026-08-07,current,350,no,,Re-generate shape distances in your export; flag to your vendor if it persists.,
fr-pan-40287,Réseau interurbain - Isère (38),F,56.8,2026-08-07,current,389,no,,Set wheelchair_boarding to 1 (accessible) or 2 (not accessible) for every stop. A field survey can start with the busiest stops.,
fr-pan-82342,Réseau interurbain - Landes (40),C,71.8,2026-08-07,current,149,no,,"Set wheelchair_accessible on every trip. If every vehicle is accessible, this may be one default; otherwise use the value for each trip.",
fr-pan-83114,Réseau interurbain - Loire (42),F,56.6,2026-08-07,current,389,no,,Set wheelchair_boarding to 1 (accessible) or 2 (not accessible) for every stop. A field survey can start with the busiest stops.,
fr-pan-82344,Réseau interurbain - Lot-et-Garonne (47),C,70.7,2026-08-07,current,329,no,,"Set wheelchair_accessible on every trip. If every vehicle is accessible, this may be one default; otherwise use the value for each trip.",
fr-pan-38888,Réseau interurbain - Puy-de-Dôme (63),F,54.8,2026-08-07,current,389,no,,Set wheelchair_boarding to 1 (accessible) or 2 (not accessible) for every stop. A field survey can start with the busiest stops.,
fr-pan-82346,Réseau interurbain - Pyrénées-Atlantiques (64),C,71.0,2026-08-07,current,327,no,,"Set wheelchair_accessible on every trip. If every vehicle is accessible, this may be one default; otherwise use the value for each trip.",
fr-pan-81244,Réseau interurbain - Savoie (73),D,66.9,2026-08-07,current,389,no,,Set wheelchair_boarding to 1 (accessible) or 2 (not accessible) for every stop. A field survey can start with the busiest stops.,
fr-pan-82332,Réseau interurbain - Vienne (86),C,70.8,2026-08-07,current,344,no,,"Set wheelchair_accessible on every trip. If every vehicle is accessible, this may be one default; otherwise use the value for each trip.",
fr-pan-81480,Réseau interurbain BreizhGo Bateaux — Breizhgo Bateaux Finistère,F,57.0,2026-08-07,current,146,no,,Set wheelchair_boarding to 1 (accessible) or 2 (not accessible) for every terminal. A field survey can start with the busiest terminals.,
fr-pan-81481,Réseau interurbain BreizhGo Bateaux — Breizhgo Bateaux Morbihan,F,54.2,2026-08-07,current,133,no,,Re-generate shape distances in your export; flag to your vendor if it persists.,
fr-pan-81463,Réseau interurbain BreizhGo Car — Breizhgo 35,F,49.8,2026-08-07,current,329,no,,Review the rule documentation for 'equal_shape_distance_diff_coordinates' at https://gtfs-validator.mobilitydata.org/rules.html and check the flagged rows in your feed.,
fr-pan-81462,Réseau interurbain BreizhGo Car — Breizhgo Car 29,F,36.6,2026-08-07,current,330,no,,Review the rule documentation for 'equal_shape_distance_diff_coordinates' at https://gtfs-validator.mobilitydata.org/rules.html and check the flagged rows in your feed.,
fr-pan-81464,Réseau interurbain BreizhGo Car — Breizhgo Car 56,F,51.8,2026-08-07,current,330,no,,Review the rule documentation for 'trip_distance_exceeds_shape_distance' at https://gtfs-validator.mobilitydata.org/rules.html and check the flagged rows in your feed.,
fr-pan-81474,Réseau interurbain BreizhGo TER,D,65.3,2026-08-07,current,89,no,,Set wheelchair_boarding to 1 (accessible) or 2 (not accessible) for every stop. A field survey can start with the busiest stops.,
fr-pan-82137,Réseau interurbain bus Proximité ZOU !,F,51.1,2026-08-07,current,146,no,,Set wheelchair_boarding to 1 (accessible) or 2 (not accessible) for every stop. A field survey can start with the busiest stops.,
fr-pan-83112,Réseau interurbain Cars Région Express,C,76.9,2026-08-07,current,72,no,,Set wheelchair_boarding to 1 (accessible) or 2 (not accessible) for every stop. A field survey can start with the busiest stops.,
fr-pan-80960,Réseau interurbain et scolaire - Drôme (26),F,37.2,2026-08-07,current,389,no,,Re-generate shape distances in your export; flag to your vendor if it persists.,
fr-pan-81138,Réseau interurbain et TAD zonal Corolis,F,47.5,2026-08-07,current,146,no,,Review the rule documentation for 'trip_distance_exceeds_shape_distance' at https://gtfs-validator.mobilitydata.org/rules.html and check the flagged rows in your feed.,
fr-pan-82285,Réseau interurbain Express ZOU !,D,61.9,2026-08-07,current,174,no,,Set wheelchair_boarding to 1 (accessible) or 2 (not accessible) for every stop. A field survey can start with the busiest stops.,
fluo-grand-est-ardennes,Réseau interurbain Fluo Grand Est - Ardennes,F,52.7,2026-08-07,current,146,no,,Set wheelchair_boarding to 1 (accessible) or 2 (not accessible) for every stop. A field survey can start with the busiest stops.,
fluo-grand-est-bas-rhin,Réseau interurbain Fluo Grand Est - Bas-Rhin,D,64.3,2026-08-07,current,389,no,,Review the rule documentation for 'point_near_origin' at https://gtfs-validator.mobilitydata.org/rules.html and check the flagged rows in your feed.,
fr-pan-80419,Réseau interurbain Fluo Grand-Est - Haut-Rhin (68),F,47.3,2026-08-07,current,146,no,,Re-generate shape distances in your export; flag to your vendor if it persists.,
fr-pan-81989,Réseau interurbain Fluo Grand-Est - Haute-Marne (52),F,45.8,2026-08-07,current,146,no,,Re-generate shape distances in your export; flag to your vendor if it persists.,
fr-pan-80421,Réseau interurbain Fluo Grand-Est - Marne (51),D,64.6,2026-08-07,current,146,no,,Set wheelchair_boarding to 1 (accessible) or 2 (not accessible) for every stop. A field survey can start with the busiest stops.,
fr-pan-80423,Réseau interurbain Fluo Grand-Est - Meurthe-et-Moselle (54),F,43.1,2026-08-07,current,146,no,,Re-generate shape distances in your export; flag to your vendor if it persists.,
fr-pan-80425,Réseau interurbain Fluo Grand-Est - Meuse (55),F,50.1,2026-08-07,current,146,no,,Set wheelchair_boarding to 1 (accessible) or 2 (not accessible) for every stop. A field survey can start with the busiest stops.,
fr-pan-80427,Réseau interurbain Fluo Grand-Est - Moselle (57),F,40.5,2026-08-07,current,373,no,,Re-generate shape distances in your export; flag to your vendor if it persists.,
fr-pan-80429,Réseau interurbain Fluo Grand-Est - Vosges (88),F,36.7,2026-08-07,current,146,no,,Re-generate shape distances in your export; flag to your vendor if it persists.,
fr-pan-81026,Réseau interurbain liO Occitanie,F,54.5,2026-08-07,current,389,no,,Review the rule documentation for 'trip_distance_exceeds_shape_distance' at https://gtfs-validator.mobilitydata.org/rules.html and check the flagged rows in your feed.,
fr-pan-82317,Réseau interurbain Nomad Car,F,50.2,2026-08-07,current,390,no,,Set wheelchair_boarding to 1 (accessible) or 2 (not accessible) for every stop. A field survey can start with the busiest stops.,
fr-pan-83530,Réseau interurbain Rémi,F,56.6,2026-08-07,current,329,no,,Re-generate shape distances in your export; flag to your vendor if it persists.,
fr-pan-80701,Réseau interurbain TXIK TXAK,B,81.4,2026-08-07,current,329,no,,"Add fare_attributes.txt (or Fares v2 files) with your fare structure. If your service is fare-free, ask to have it marked fare-free instead.",
leo-auxerrois,Réseau Léo (Communauté d'Agglomération de l'Auxerrois),D,68.9,2026-08-07,current,149,no,,"Set wheelchair_accessible on every trip. If every vehicle is accessible, this may be one default; otherwise use the value for each trip.",
fr-pan-82382,Réseau maritime - Gironde (33),C,78.2,2026-08-07,current,232,no,,"Add fare_attributes.txt (or Fares v2 files) with your fare structure. If your service is fare-free, ask to have it marked fare-free instead.",
fr-bacs-de-seine,Réseau maritime Bacs de Seine,D,65.3,2026-08-07,current,146,no,,Set wheelchair_boarding to 1 (accessible) or 2 (not accessible) for every terminal. A field survey can start with the busiest terminals.,
fr-pan-81996,Réseau maritime Corsica Ferries,F,58.3,2026-08-07,current,145,no,,Review the rule documentation for 'missing_required_field' at https://gtfs-validator.mobilitydata.org/rules.html and check the flagged rows in your feed.,
fr-pan-83510,Réseau maritime Corsica Linea,C,77.3,2026-08-07,current,177,no,,"Add the destination, direction, or 'via' label riders actually see to trip_headsign. Do not copy the route name. If the label changes during the trip, use stop_headsign.",
fr-martinique-maritime,Réseau maritime de Martinique,F,49.4,2026-08-07,current,146,no,,Review the rule documentation for 'stop_time_with_arrival_before_previous_departure_time' at https://gtfs-validator.mobilitydata.org/rules.html and check the flagged rows in your feed.,
fr-pan-81653,Réseau national Trenitalia France,F,39.2,2026-08-07,current,126,no,,Review the rule documentation for 'stop_time_with_arrival_before_previous_departure_time' at https://gtfs-validator.mobilitydata.org/rules.html and check the flagged rows in your feed.,
fr-pan-82094,Réseau scolaire de Flers,D,62.4,2026-08-07,current,329,no,,Review the rule documentation for 'stop_time_with_arrival_before_previous_departure_time' at https://gtfs-validator.mobilitydata.org/rules.html and check the flagged rows in your feed.,
fr-pan-82136,Réseau scolaire interurbain ZOU !,F,53.5,2026-08-07,current,146,no,,Set wheelchair_boarding to 1 (accessible) or 2 (not accessible) for every stop. A field survey can start with the busiest stops.,
fr-pan-83769,Réseau scolaire Tiva,B,87.2,2026-08-07,current,146,no,,"Set wheelchair_accessible on every trip. If every vehicle is accessible, this may be one default; otherwise use the value for each trip.",
sncf-tgv-intercites-ter,"Réseau SNCF TGV, Intercités et TER",D,66.0,2026-08-07,current,177,no,,Set wheelchair_boarding to 1 (accessible) or 2 (not accessible) for every stop. A field survey can start with the busiest stops.,
stan-nancy,Réseau Stan (Nancy),F,60.0,2026-08-07,current,146,no,,Set wheelchair_boarding to 1 (accessible) or 2 (not accessible) for every stop. A field survey can start with the busiest stops.,
fr-pan-83982,Réseau urbain - Navette Ariane,C,73.7,2026-08-07,current,253,no,,Review the rule documentation for 'invalid_url' at https://gtfs-validator.mobilitydata.org/rules.html and check the flagged rows in your feed.,
fr-pan-83258,Réseau urbain 3CMA,F,59.8,2026-08-07,current,146,no,,Set wheelchair_boarding to 1 (accessible) or 2 (not accessible) for every stop. A field survey can start with the busiest stops.,
fr-pan-82997,Réseau urbain A Balanina,D,68.2,2026-08-07,current,1507,no,,Set wheelchair_boarding to 1 (accessible) or 2 (not accessible) for every stop. A field survey can start with the busiest stops.,
fr-pan-82995,Réseau urbain A Berlina,D,63.7,2026-08-07,current,1607,no,,Set wheelchair_boarding to 1 (accessible) or 2 (not accessible) for every stop. A field survey can start with the busiest stops.,
fr-pan-81705,Réseau urbain Agglobus — CACL PERIURBAIN,F,30.2,2026-08-07,current,511,no,,Review the rule documentation for 'equal_shape_distance_diff_coordinates' at https://gtfs-validator.mobilitydata.org/rules.html and check the flagged rows in your feed.,
fr-pan-83304,Réseau urbain Agglobus — GTFS L7 ET L10,F,47.8,2026-08-07,current,146,no,,Review the rule documentation for 'duplicate_key' at https://gtfs-validator.mobilitydata.org/rules.html and check the flagged rows in your feed.,
fr-pan-83781,Réseau urbain Agglobus — GTFS SEMOP 2026,C,70.8,2026-08-07,current,146,no,,Set wheelchair_boarding to 1 (accessible) or 2 (not accessible) for every stop. A field survey can start with the busiest stops.,
fr-pan-75062,Réseau urbain Alesy,C,71.8,2026-08-07,current,283,no,,"Set wheelchair_accessible on every trip. If every vehicle is accessible, this may be one default; otherwise use the value for each trip.",
fr-alterneo,Réseau urbain Alternéo,D,62.3,2026-08-07,current,146,no,,Set wheelchair_boarding to 1 (accessible) or 2 (not accessible) for every stop. A field survey can start with the busiest stops.,
fr-argentan-bus,Réseau urbain Argentan Bus,D,67.6,2026-08-07,current,146,no,,Set wheelchair_boarding to 1 (accessible) or 2 (not accessible) for every stop. A field survey can start with the busiest stops.,
fr-pan-81072,Réseau urbain AXO,D,62.4,2026-08-07,current,146,no,,Set wheelchair_boarding to 1 (accessible) or 2 (not accessible) for every stop. A field survey can start with the busiest stops.,
fr-ca2bm,Réseau urbain CA2BM,F,33.0,2026-08-07,current,331,no,,Review the rule documentation for 'stop_time_with_arrival_before_previous_departure_time' at https://gtfs-validator.mobilitydata.org/rules.html and check the flagged rows in your feed.,
fr-cabus,Réseau urbain CABUS,F,56.4,2026-08-07,current,146,no,,Set wheelchair_boarding to 1 (accessible) or 2 (not accessible) for every stop. A field survey can start with the busiest stops.,
fr-pan-82359,Réseau urbain Calibus,D,66.2,2026-08-07,current,146,no,,Re-generate shape distances in your export; flag to your vendor if it persists.,
fr-carsud,Réseau urbain CarSud,F,50.9,2026-08-07,current,146,no,,Re-generate shape distances in your export; flag to your vendor if it persists.,
fr-cherpa,Réseau urbain Cherpa,C,74.7,2026-08-07,current,146,no,,Set wheelchair_boarding to 1 (accessible) or 2 (not accessible) for every stop. A field survey can start with the busiest stops.,
fr-cmonbus-chaumont,Réseau urbain Cmonbus,D,65.9,2026-08-07,current,389,no,,Re-generate shape distances in your export; flag to your vendor if it persists.,
fr-colibri,Réseau urbain Colibri,D,62.6,2026-08-07,current,757,no,,"Check with your AVL vendor that every vehicle assignment flows into TripUpdates, including school-day and tripper runs.",
fr-pan-81476,Réseau urbain Coralie,F,44.4,2026-08-07,current,2723,no,,Review the rule documentation for 'trip_distance_exceeds_shape_distance' at https://gtfs-validator.mobilitydata.org/rules.html and check the flagged rows in your feed.,
fr-couralin,Réseau urbain Couralin,D,66.3,2026-08-07,current,149,no,,Set wheelchair_boarding to 1 (accessible) or 2 (not accessible) for every stop. A field survey can start with the busiest stops.,
fr-cote-bus,Réseau urbain Côte&Bus,D,69.7,2026-08-07,current,146,no,,Set wheelchair_boarding to 1 (accessible) or 2 (not accessible) for every stop. A field survey can start with the busiest stops.,
fr-pan-81557,Réseau urbain de la CC Jalle Eau Bourde,C,79.9,2026-08-07,current,330,no,,"Add fare_attributes.txt (or Fares v2 files) with your fare structure. If your service is fare-free, ask to have it marked fare-free instead.",
fr-pan-79897,Réseau urbain de la zone Sud (CAESM),F,58.0,2026-08-07,current,146,no,,Set wheelchair_boarding to 1 (accessible) or 2 (not accessible) for every stop. A field survey can start with the busiest stops.,
fr-pan-79528,Réseau urbain Distribus,C,76.0,2026-08-07,current,146,no,,Set wheelchair_boarding to 1 (accessible) or 2 (not accessible) for every stop. A field survey can start with the busiest stops.,
fr-pan-82683,Réseau urbain DK'BUS,D,61.5,2026-08-07,current,146,no,,Set wheelchair_boarding to 1 (accessible) or 2 (not accessible) for every stop. A field survey can start with the busiest stops.,
fr-pan-79728,Réseau urbain du Grand Albigeois,C,76.5,2026-08-07,current,146,no,,Set wheelchair_boarding to 1 (accessible) or 2 (not accessible) for every stop. A field survey can start with the busiest stops.,
fr-pan-81585,Réseau urbain du Pays de Gex,D,67.4,2026-08-07,current,127,no,,Set wheelchair_boarding to 1 (accessible) or 2 (not accessible) for every stop. A field survey can start with the busiest stops.,
fr-pan-84112,Réseau urbain Duobus,F,59.2,2026-08-07,current,511,no,,Re-generate shape distances in your export; flag to your vendor if it persists.,
fr-ecla-mobilite,Réseau urbain ECLA Mobilité,F,55.6,2026-08-07,current,1089,no,,Re-generate shape distances in your export; flag to your vendor if it persists.,
fr-envia,Réseau urbain Envia,D,69.6,2026-08-07,current,146,no,,Set wheelchair_boarding to 1 (accessible) or 2 (not accessible) for every stop. A field survey can start with the busiest stops.,
fr-estival,Réseau urbain Estival,D,63.3,2026-08-07,current,146,no,,Review the rule documentation for 'block_trips_with_overlapping_stop_times' at https://gtfs-validator.mobilitydata.org/rules.html and check the flagged rows in your feed.,
fr-pan-83203,Réseau urbain estival Biscabus,D,66.3,2026-08-07,current,149,no,,Set wheelchair_boarding to 1 (accessible) or 2 (not accessible) for every stop. A field survey can start with the busiest stops.,
fr-altigo,Réseau urbain et interurbain Altigo,F,47.0,2026-08-07,current,140,no,,Review the rule documentation for 'missing_required_field' at https://gtfs-validator.mobilitydata.org/rules.html and check the flagged rows in your feed.,
fr-pan-83789,Réseau urbain et interurbain Trans'Agglo,F,39.2,2026-08-07,current,146,no,,Review the rule documentation for 'start_and_end_range_out_of_order' at https://gtfs-validator.mobilitydata.org/rules.html and check the flagged rows in your feed.,
fr-pan-83762,Réseau urbain et scolaire Lila Presqu'ile,F,54.6,2026-08-07,current,146,no,,Review the rule documentation for 'trip_distance_exceeds_shape_distance' at https://gtfs-validator.mobilitydata.org/rules.html and check the flagged rows in your feed.,
fr-pan-83881,Réseau urbain et scolaire Ycéo,D,69.2,2026-08-07,current,329,no,,Set wheelchair_boarding to 1 (accessible) or 2 (not accessible) for every stop. A field survey can start with the busiest stops.,
fr-pan-82370,Réseau urbain Evalys,C,71.1,2026-08-07,current,146,no,,Review the rule documentation for 'block_trips_with_overlapping_stop_times' at https://gtfs-validator.mobilitydata.org/rules.html and check the flagged rows in your feed.,
fr-pan-79544,Réseau urbain Eveole,F,55.8,2026-08-07,current,149,no,,Review the rule documentation for 'block_trips_with_overlapping_stop_times' at https://gtfs-validator.mobilitydata.org/rules.html and check the flagged rows in your feed.,
fr-pan-81432,Réseau urbain Evidence,B,84.5,2026-08-07,current,85,no,,Set wheelchair_boarding to 1 (accessible) or 2 (not accessible) for every stop. A field survey can start with the busiest stops.,
fr-fablio,Réseau urbain Fablio,D,61.7,2026-08-07,current,146,no,,Set wheelchair_boarding to 1 (accessible) or 2 (not accessible) for every stop. A field survey can start with the busiest stops.,
fr-forbus,Réseau urbain Forbus,C,74.5,2026-08-07,current,146,no,,Set wheelchair_boarding to 1 (accessible) or 2 (not accessible) for every stop. A field survey can start with the busiest stops.,
fr-hobus,Réseau urbain Hobus,C,74.8,2026-08-07,current,146,no,,Set wheelchair_boarding to 1 (accessible) or 2 (not accessible) for every stop. A field survey can start with the busiest stops.,
fr-hop-bus,Réseau urbain Hop Bus,F,42.6,2026-08-07,current,177,no,,Review the rule documentation for 'duplicate_key' at https://gtfs-validator.mobilitydata.org/rules.html and check the flagged rows in your feed.,
fr-pan-80461,Réseau urbain Imagine,F,49.6,2026-08-07,current,511,no,,Re-generate shape distances in your export; flag to your vendor if it persists.,
fr-isibus,Réseau urbain Isibus,D,69.7,2026-08-07,current,146,no,,Re-generate shape distances in your export; flag to your vendor if it persists.,
fr-karulis,Réseau urbain KARU'LIS,F,35.1,2026-08-07,current,146,no,,Review the rule documentation for 'stop_time_with_arrival_before_previous_departure_time' at https://gtfs-validator.mobilitydata.org/rules.html and check the flagged rows in your feed.,
fr-agglo-en-bus,Réseau urbain L'Agglo en Bus,D,67.9,2026-08-07,current,146,no,,Set wheelchair_boarding to 1 (accessible) or 2 (not accessible) for every stop. A field survey can start with the busiest stops.,
fr-agglobus-foix,Réseau urbain l'agglobus,D,69.4,2026-08-07,current,297,no,,Set wheelchair_boarding to 1 (accessible) or 2 (not accessible) for every stop. A field survey can start with the busiest stops.,
lbus-bernay,Réseau urbain l'Bus (Bernay),D,69.9,2026-08-07,current,146,no,,Set wheelchair_boarding to 1 (accessible) or 2 (not accessible) for every stop. A field survey can start with the busiest stops.,
fr-pan-52917,Réseau urbain L'va,D,61.7,2026-08-07,current,146,no,,Re-generate shape distances in your export; flag to your vendor if it persists.,
fr-pan-83725,Réseau urbain Le 37,F,55.9,2026-08-07,current,146,no,,Re-generate shape distances in your export; flag to your vendor if it persists.,
fr-pan-83528,Réseau urbain Le Bus de la Ville d’Amboise,C,78.0,2026-08-07,current,65,no,,"Set wheelchair_accessible on every trip. If every vehicle is accessible, this may be one default; otherwise use the value for each trip.",
fr-le-sit,Réseau urbain Le SIT,C,73.8,2026-08-07,current,146,no,,Set wheelchair_boarding to 1 (accessible) or 2 (not accessible) for every stop. A field survey can start with the busiest stops.,
fr-lib-bus,Réseau urbain Lib'Bus,D,64.9,2026-08-07,current,146,no,,Review the rule documentation for 'trip_distance_exceeds_shape_distance' at https://gtfs-validator.mobilitydata.org/rules.html and check the flagged rows in your feed.,
fr-pan-79508,Réseau urbain Libellus,F,58.7,2026-08-07,current,146,no,,Set wheelchair_boarding to 1 (accessible) or 2 (not accessible) for every stop. A field survey can start with the busiest stops.,
fr-pan-82355,Réseau urbain Libéo,C,70.7,2026-08-07,current,325,no,,"Set wheelchair_accessible on every trip. If every vehicle is accessible, this may be one default; otherwise use the value for each trip.",
fr-pan-82291,Réseau urbain Linéotim,F,36.7,2026-08-07,current,135,no,,Review the rule documentation for 'equal_shape_distance_diff_coordinates' at https://gtfs-validator.mobilitydata.org/rules.html and check the flagged rows in your feed.,
fr-lyneo,Réseau urbain Lyneo,F,41.7,2026-08-07,current,146,no,,Review the rule documentation for 'block_trips_with_overlapping_stop_times' at https://gtfs-validator.mobilitydata.org/rules.html and check the flagged rows in your feed.,
fr-mio,Réseau urbain Mio,D,69.9,2026-08-07,current,146,no,,Set wheelchair_boarding to 1 (accessible) or 2 (not accessible) for every stop. A field survey can start with the busiest stops.,
fr-pan-81058,Réseau urbain Mobi,D,66.3,2026-08-07,current,146,no,,Set wheelchair_boarding to 1 (accessible) or 2 (not accessible) for every stop. A field survey can start with the busiest stops.,
fr-moca,Réseau urbain MOCA,D,65.4,2026-08-07,current,146,no,,"Check with your AVL vendor that every vehicle assignment flows into TripUpdates, including school-day and tripper runs.",
fr-monrezo,Réseau urbain MonRéZO,D,63.1,2026-08-07,current,146,no,,Set wheelchair_boarding to 1 (accessible) or 2 (not accessible) for every stop. A field survey can start with the busiest stops.,
fr-pan-80443,Réseau urbain Mouvéo,C,74.8,2026-08-07,current,146,no,,"Add fare_attributes.txt (or Fares v2 files) with your fare structure. If your service is fare-free, ask to have it marked fare-free instead.",
fr-mouveo-saint-omer,Réseau urbain Mouvéo (Saint-Omer),C,74.1,2026-08-07,current,1607,no,,Review the rule documentation for 'block_trips_with_overlapping_stop_times' at https://gtfs-validator.mobilitydata.org/rules.html and check the flagged rows in your feed.,
fr-muvistrada,Réseau urbain Muvistrada,F,45.9,2026-08-07,current,146,no,,Review the rule documentation for 'block_trips_with_overlapping_stop_times' at https://gtfs-validator.mobilitydata.org/rules.html and check the flagged rows in your feed.,
fr-nemus,Réseau urbain Nemus,C,74.0,2026-08-07,current,146,no,,Set wheelchair_boarding to 1 (accessible) or 2 (not accessible) for every stop. A field survey can start with the busiest stops.,
fr-pan-79576,Réseau urbain Nosbus,B,88.3,2026-08-07,current,329,no,,Re-generate shape_dist_traveled on export so stop and shape distances use the same units.,
fr-ole,Réseau urbain Olé,F,51.6,2026-08-07,current,148,no,,Re-generate shape distances in your export; flag to your vendor if it persists.,
fr-pan-81421,Réseau urbain Oléane,D,67.7,2026-08-07,current,329,no,,"Set wheelchair_accessible on every trip. If every vehicle is accessible, this may be one default; otherwise use the value for each trip.",
fr-pan-79374,Réseau urbain Optymo,C,78.6,2026-08-07,current,146,no,,"Add fare_attributes.txt (or Fares v2 files) with your fare structure. If your service is fare-free, ask to have it marked fare-free instead.",
fr-pan-83859,Réseau urbain Papillon,F,59.2,2026-08-07,current,146,no,,Set wheelchair_boarding to 1 (accessible) or 2 (not accessible) for every stop. A field survey can start with the busiest stops.,
fr-pass-o,Réseau urbain Pass'O,C,71.7,2026-08-07,current,146,no,,Set wheelchair_boarding to 1 (accessible) or 2 (not accessible) for every stop. A field survey can start with the busiest stops.,
fr-pan-83467,Réseau urbain Pays des Ecrins,F,52.5,2026-08-07,current,146,no,,Set wheelchair_boarding to 1 (accessible) or 2 (not accessible) for every stop. A field survey can start with the busiest stops.,
fr-pan-82357,Réseau urbain Péribus,C,74.7,2026-08-07,current,149,no,,"Set wheelchair_accessible on every trip. If every vehicle is accessible, this may be one default; otherwise use the value for each trip.",
fr-pan-83408,Réseau urbain Qub,C,73.3,2026-08-07,current,146,no,,"Add fare_attributes.txt (or Fares v2 files) with your fare structure. If your service is fare-free, ask to have it marked fare-free instead.",
fr-pan-82367,Réseau urbain R'Bus,C,70.5,2026-08-07,current,146,no,,Re-generate shape distances in your export; flag to your vendor if it persists.,
fr-rezo,Réseau urbain Rezo,D,66.4,2026-08-07,current,150,no,,Set wheelchair_boarding to 1 (accessible) or 2 (not accessible) for every stop. A field survey can start with the busiest stops.,
fr-riv-connect,Réseau urbain Riv'Connect,C,72.2,2026-08-07,current,146,no,,"Check with your AVL vendor that every vehicle assignment flows into TripUpdates, including school-day and tripper runs.",
fr-pan-52937,Réseau urbain Ruban,F,51.7,2026-08-07,current,386,no,,Review the rule documentation for 'block_trips_with_overlapping_stop_times' at https://gtfs-validator.mobilitydata.org/rules.html and check the flagged rows in your feed.,
fr-rubis,Réseau urbain Rubis,D,61.9,2026-08-07,current,511,no,,Add coordinates for the flagged stops.,
fr-pan-81070,Réseau urbain Sablons Bus,F,53.6,2026-08-07,current,146,no,,Review the rule documentation for 'trip_distance_exceeds_shape_distance' at https://gtfs-validator.mobilitydata.org/rules.html and check the flagged rows in your feed.,
fr-pan-79859,Réseau urbain Saônibus,F,45.3,2026-08-07,current,389,no,,Re-generate shape distances in your export; flag to your vendor if it persists.,
fr-pan-83893,Réseau urbain Sud Sainte Baume,F,51.5,2026-08-07,current,327,no,,Set wheelchair_boarding to 1 (accessible) or 2 (not accessible) for every stop. A field survey can start with the busiest stops.,
fr-pan-83533,Réseau urbain T'Bus,D,66.4,2026-08-07,current,146,no,,Set wheelchair_boarding to 1 (accessible) or 2 (not accessible) for every stop. A field survey can start with the busiest stops.,
fr-pan-79865,Réseau urbain Tam,F,55.6,2026-08-07,current,146,no,,Review the rule documentation for 'trip_distance_exceeds_shape_distance' at https://gtfs-validator.mobilitydata.org/rules.html and check the flagged rows in your feed.,
nc-taneo-82780,Réseau urbain Tanéo,F,55.3,2026-08-07,current,146,no,,Set wheelchair_boarding to 1 (accessible) or 2 (not accessible) for every stop. A field survey can start with the busiest stops.,
fr-pan-82348,Réseau urbain TCL,B,81.2,2026-08-07,current,72,no,,"Add fare_attributes.txt (or Fares v2 files) with your fare structure. If your service is fare-free, ask to have it marked fare-free instead.",
fr-pan-79864,Réseau urbain Ticobus,D,67.0,2026-08-07,current,694,no,,Set wheelchair_boarding to 1 (accessible) or 2 (not accessible) for every stop. A field survey can start with the busiest stops.,
fr-ticea,Réseau urbain Ticéa,D,61.7,2026-08-07,current,146,no,,Set wheelchair_boarding to 1 (accessible) or 2 (not accessible) for every stop. A field survey can start with the busiest stops.,
fr-pan-83531,Réseau urbain TIG,C,78.9,2026-08-07,current,146,no,,Re-generate shape distances in your export; flag to your vendor if it persists.,
fr-tiva,Réseau urbain TIVA,B,89.6,2026-08-07,current,146,no,,"Add the destination, direction, or 'via' label riders actually see to trip_headsign. Do not copy the route name. If the label changes during the trip, use stop_headsign.",
fr-tmco,Réseau urbain TMCO,C,77.4,2026-08-07,current,511,no,,Set wheelchair_boarding to 1 (accessible) or 2 (not accessible) for every stop. A field survey can start with the busiest stops.,
fr-tohm,Réseau urbain TOHM,D,60.9,2026-08-07,current,146,no,,Review the rule documentation for 'trip_distance_exceeds_shape_distance' at https://gtfs-validator.mobilitydata.org/rules.html and check the flagged rows in your feed.,
fr-pan-81794,Réseau urbain Tougo,C,76.0,2026-08-07,current,149,no,,Add feed_info.txt with feed_start_date and feed_end_date to your export.,
fr-tout-enbus,Réseau urbain Tout'enbus,B,85.3,2026-08-07,current,387,no,,"Check with your AVL vendor that every vehicle assignment flows into TripUpdates, including school-day and tripper runs.",
fr-pan-83785,Réseau urbain Trans'CoVe,D,62.9,2026-08-07,current,146,no,,Set wheelchair_boarding to 1 (accessible) or 2 (not accessible) for every stop. A field survey can start with the busiest stops.,
fr-pan-83462,Réseau urbain Transports du Pays Voironnais,C,74.4,2026-08-07,current,146,no,,Add feed_info.txt with feed_start_date and feed_end_date to your export.,
fr-transpor-pays-de-lor,Réseau urbain Transp’Or,F,52.5,2026-08-07,current,877,no,,Review the rule documentation for 'stop_time_with_arrival_before_previous_departure_time' at https://gtfs-validator.mobilitydata.org/rules.html and check the flagged rows in your feed.,
fr-tub,Réseau urbain TUB,D,64.1,2026-08-07,current,146,no,,Re-generate shape distances in your export; flag to your vendor if it persists.,
fr-tud,Réseau urbain TUD,F,58.5,2026-08-07,current,146,no,,Review the rule documentation for 'equal_shape_distance_diff_coordinates' at https://gtfs-validator.mobilitydata.org/rules.html and check the flagged rows in your feed.,
fr-tul,Réseau urbain TUL,C,72.8,2026-08-07,current,331,no,,"Add fare_attributes.txt (or Fares v2 files) with your fare structure. If your service is fare-free, ask to have it marked fare-free instead.",
fr-pan-80471,Réseau urbain TUM,F,59.6,2026-08-07,current,329,no,,Re-generate shape distances in your export; flag to your vendor if it persists.,
fr-tungt,Réseau urbain TUNGT,F,51.5,2026-08-07,current,146,no,,Review the rule documentation for 'stop_time_with_arrival_before_previous_departure_time' at https://gtfs-validator.mobilitydata.org/rules.html and check the flagged rows in your feed.,
fr-tus,Réseau urbain TUS,F,54.9,2026-08-07,current,177,no,,Review the rule documentation for 'start_and_end_range_out_of_order' at https://gtfs-validator.mobilitydata.org/rules.html and check the flagged rows in your feed.,
fr-pan-82379,Réseau urbain TuT,D,63.0,2026-08-07,current,146,no,,Re-generate shape distances in your export; flag to your vendor if it persists.,
fr-uggo,Réseau urbain UGGO,C,70.8,2026-08-07,current,72,no,,Set wheelchair_boarding to 1 (accessible) or 2 (not accessible) for every stop. A field survey can start with the busiest stops.,
fr-vikibus,Réseau urbain Vikibus,C,70.2,2026-08-07,current,146,no,,Set wheelchair_boarding to 1 (accessible) or 2 (not accessible) for every stop. A field survey can start with the busiest stops.,
fr-villeo-retzeo,Réseau urbain Villéo Retzéo,D,66.4,2026-08-07,current,146,no,,Set wheelchair_boarding to 1 (accessible) or 2 (not accessible) for every stop. A field survey can start with the busiest stops.,
fr-pan-83416,Réseau urbain Yégo,D,64.6,2026-08-07,current,149,no,,Set wheelchair_boarding to 1 (accessible) or 2 (not accessible) for every stop. A field survey can start with the busiest stops.,
fr-pan-82350,Réseau urbain Yélo,C,71.2,2026-08-07,current,266,no,,Re-generate shape distances in your export; flag to your vendor if it persists.,
fr-pan-81944,Réseau urbain évolitY,D,63.6,2026-08-07,current,308,no,,"Add fare_attributes.txt (or Fares v2 files) with your fare structure. If your service is fare-free, ask to have it marked fare-free instead.",
rigas-satiksme,Rīgas satiksme,D,67.0,2026-08-07,current,359,no,,Set wheelchair_boarding to 1 (accessible) or 2 (not accessible) for every stop. A field survey can start with the busiest stops.,
sagae-city-bus,Sagae City Bus (寒河江市営バス),C,73.4,2026-08-07,current,85,no,,Set wheelchair_boarding to 1 (accessible) or 2 (not accessible) for every stop. A field survey can start with the busiest stops.,
sage-stage,Sage Stage,B,86.0,2026-08-07,current,145,no,,"Set wheelchair_accessible on every trip. If every vehicle is accessible, this may be one default; otherwise use the value for each trip.",ready
saint-john-transit,Saint John Transit,C,79.5,2026-08-07,current,511,no,,"Set wheelchair_accessible on every trip. If every vehicle is accessible, this may be one default; otherwise use the value for each trip.",
saint-mary-s-transit-system-2268,Saint Maryʼs Transit System,D,66.2,2026-08-07,current,1243,no,,Set wheelchair_boarding to 1 (accessible) or 2 (not accessible) for every stop. A field survey can start with the busiest stops.,ready
sakata-city-bus,Sakata City Bus (酒田市営バス),C,74.2,2026-08-07,current,236,no,,Set wheelchair_boarding to 1 (accessible) or 2 (not accessible) for every stop. A field survey can start with the busiest stops.,
san-benito-county-express-sbce,San Benito County Express (SBCE),C,77.3,2026-08-07,current,299,no,,Set wheelchair_boarding to 1 (accessible) or 2 (not accessible) for every stop. A field survey can start with the busiest stops.,ready
san-clemente-trolley,San Clemente Trolley,D,63.9,2026-08-07,current,8911,no,,Set wheelchair_boarding to 1 (accessible) or 2 (not accessible) for every stop. A field survey can start with the busiest stops.,ready
san-francisco-bay-area-water-emergency-transportation-authority-weta,San Francisco Bay Area Water Emergency Transportation Authority (WETA),A,90.3,2026-08-07,current,86,no,,"Add the destination, direction, or 'via' label riders actually see to trip_headsign. Do not copy the route name. If the label changes during the trip, use stop_headsign.",ready
san-francisco-bay-area-water-emergency-transportation-authority-weta-3143,San Francisco Bay Area Water Emergency Transportation Authority (WETA),A,90.3,2026-08-07,current,86,no,,"Add the destination, direction, or 'via' label riders actually see to trip_headsign. Do not copy the route name. If the label changes during the trip, use stop_headsign.",ready
san-joaquin-regional-transit-district,San Joaquin Regional Transit District,B,80.2,2026-08-07,current,298,no,,Set wheelchair_boarding to 1 (accessible) or 2 (not accessible) for every stop. A field survey can start with the busiest stops.,not_ready
san-joaquin-regional-transit-district-rtd,San Joaquin Regional Transit District (RTD),C,79.7,2026-08-07,current,169,no,,Set wheelchair_boarding to 1 (accessible) or 2 (not accessible) for every stop. A field survey can start with the busiest stops.,ready
san-luis-obispo-regional-transit-authority-slorta,San Luis Obispo Regional Transit Authority (SLORTA),B,81.7,2026-08-07,current,511,no,,Set wheelchair_boarding to 1 (accessible) or 2 (not accessible) for every stop. A field survey can start with the busiest stops.,ready
san-mateo-county-transit-district-samtrans,San Mateo County Transit District (samTrans),B,86.5,2026-08-07,current,99,no,,Set wheelchair_boarding to 1 (accessible) or 2 (not accessible) for every stop. A field survey can start with the busiest stops.,ready
san-miguel-county,San Miguel County,B,83.9,2026-08-07,current,73,no,,Set wheelchair_boarding to 1 (accessible) or 2 (not accessible) for every stop. A field survey can start with the busiest stops.,ready
sanders-coaches,Sanders Coaches,D,60.5,2026-08-07,current,712,no,,Review the rule documentation for 'block_trips_with_overlapping_stop_times' at https://gtfs-validator.mobilitydata.org/rules.html and check the flagged rows in your feed.,
sandy-area-metro-sam,Sandy Area Metro (SAM),C,80.0,2026-08-07,current,116,no,,Set wheelchair_boarding to 1 (accessible) or 2 (not accessible) for every stop. A field survey can start with the busiest stops.,ready
sanko-bus,Sanko Bus (産交バス),D,64.6,2026-08-07,current,93,no,,Add the required column named in the finding to the flagged file.,
santa-clarita-transit,Santa Clarita Transit,F,26.2,2026-07-16,unknown,,no,,Add feed_start_date and feed_end_date to feed_info.txt and include calendar end dates in your export.,not_ready
santa-maria-area-transit-2272,Santa Maria Area Transit,D,60.2,2026-08-07,current,349,no,,Set wheelchair_boarding to 1 (accessible) or 2 (not accessible) for every stop. A field survey can start with the busiest stops.,ready
santa-ynez-valley-transit,Santa Ynez Valley Transit,A,96.5,2026-08-07,current,176,no,,"Turn on shape cleanup in your export tool, or drop the repeated points from shapes.txt.",ready
sarasota-county-area-transit-scat,Sarasota County Area Transit (SCAT),F,51.1,2026-08-07,current,1057,no,,Set wheelchair_boarding to 1 (accessible) or 2 (not accessible) for every stop. A field survey can start with the busiest stops.,ready
sardegna-minor-islands-maritime-services,Sardegna minor-island maritime services,F,56.6,2026-08-07,current,233,no,,Set wheelchair_boarding to 1 (accessible) or 2 (not accessible) for every terminal. A field survey can start with the busiest terminals.,
sardegna-corsica-maritime-services,Sardegna–Corsica maritime services,D,62.7,2026-08-07,current,85,no,,Set wheelchair_boarding to 1 (accessible) or 2 (not accessible) for every terminal. A field survey can start with the busiest terminals.,
sayo-town-community-bus,Sayo Town Community Bus (佐用町コミュニティバス),B,81.9,2026-08-07,current,266,no,,Set wheelchair_boarding to 1 (accessible) or 2 (not accessible) for every stop. A field survey can start with the busiest stops.,
seastreak-ferry,Seastreak Ferry,C,73.5,2026-08-07,current,1322,no,,"Set wheelchair_accessible on every trip. If every vehicle is accessible, this may be one default; otherwise use the value for each trip.",ready
sedona-shuttle,Sedona Shuttle,A,99.8,2026-08-07,current,389,no,,"Widen feed_start_date and feed_end_date to cover all service dates, or fix the dates that fall outside.",at_risk
seikatsu-bus-yokkaichi,Seikatsu Bus Yokkaichi (生活バスよっかいち),B,81.2,2026-08-07,current,419,no,,Set wheelchair_boarding to 1 (accessible) or 2 (not accessible) for every stop. A field survey can start with the busiest stops.,
seisan-kanko-limousine,Seisan Kanko Takamatsu Airport Limousine (西讃観光　高松空港リムジンバス),C,72.6,2026-08-07,current,236,no,,Set wheelchair_boarding to 1 (accessible) or 2 (not accessible) for every stop. A field survey can start with the busiest stops.,
semboku-city-bus,Semboku City Bus (仙北市民バス),C,72.1,2026-08-07,current,236,no,,Set wheelchair_boarding to 1 (accessible) or 2 (not accessible) for every stop. A field survey can start with the busiest stops.,
semo-seine-eure,SEMO (Seine-Eure),D,62.3,2026-08-07,current,327,no,,Set wheelchair_boarding to 1 (accessible) or 2 (not accessible) for every stop. A field survey can start with the busiest stops.,
senior-resource-development-agency,Senior Resource Development Agency Flex,C,70.2,2026-08-07,current,178,no,,Review the rule documentation for 'invalid_geometry' at https://gtfs-validator.mobilitydata.org/rules.html and check the flagged rows in your feed.,not_ready
mtop-uruguay-metropolitan,Servicios metropolitanos de ómnibus (MTOP Uruguay),F,48.5,2026-08-07,current,140,no,,Review the rule documentation for 'point_near_origin' at https://gtfs-validator.mobilitydata.org/rules.html and check the flagged rows in your feed.,
seto-city-community-bus,Seto City Community Bus (瀬戸市コミュニティバス),C,72.7,2026-08-07,current,236,no,,Set wheelchair_boarding to 1 (accessible) or 2 (not accessible) for every stop. A field survey can start with the busiest stops.,
setouchi-city-bus,Setouchi City Bus (瀬戸内市営バス),C,75.0,2026-08-07,current,236,no,,Set wheelchair_boarding to 1 (accessible) or 2 (not accessible) for every stop. A field survey can start with the busiest stops.,
shawnee-mass-transit-district,Shawnee Mass Transit District,B,82.6,2026-08-07,current,8579,no,,Set wheelchair_boarding to 1 (accessible) or 2 (not accessible) for every stop. A field survey can start with the busiest stops.,not_ready
shichigahama-town-bus,Shichigahama Town Community Bus (七ヶ浜町民バス「ぐるりんこ」),C,75.2,2026-08-07,current,236,no,,Set wheelchair_boarding to 1 (accessible) or 2 (not accessible) for every stop. A field survey can start with the busiest stops.,
shichinohe-town-community-bus,Shichinohe Town Community Bus (七戸町コミュニティバス),C,75.0,2026-08-07,current,602,no,,Set wheelchair_boarding to 1 (accessible) or 2 (not accessible) for every stop. A field survey can start with the busiest stops.,
shimada-community-bus,Shimada City Community Bus (島田市コミュニティバス),B,80.0,2026-08-07,current,236,no,,Set wheelchair_boarding to 1 (accessible) or 2 (not accessible) for every stop. A field survey can start with the busiest stops.,
shimanto-city-bus,Shimanto City Bus (四万十市営バス),C,77.3,2026-08-07,current,237,no,,Set wheelchair_boarding to 1 (accessible) or 2 (not accessible) for every stop. A field survey can start with the busiest stops.,
shimokita-kotsu,Shimokita Kotsu (下北交通),C,71.2,2026-08-07,current,236,no,,Set wheelchair_boarding to 1 (accessible) or 2 (not accessible) for every stop. A field survey can start with the busiest stops.,
shin-joban-kotsu,Shin-Joban Kotsu (新常磐交通),D,64.9,2026-08-07,current,266,no,,Set wheelchair_boarding to 1 (accessible) or 2 (not accessible) for every stop. A field survey can start with the busiest stops.,
shinjo-city-bus,Shinjo City Bus (新庄市営バス),C,76.1,2026-08-07,current,236,no,,Set wheelchair_boarding to 1 (accessible) or 2 (not accessible) for every stop. A field survey can start with the busiest stops.,
shinshiro-city-s-bus,Shinshiro City S-Bus (新城市Sバス),C,73.8,2026-08-07,current,236,no,,Set wheelchair_boarding to 1 (accessible) or 2 (not accessible) for every stop. A field survey can start with the busiest stops.,
shiojiri-step-bus,Shiojiri Community Bus Step-kun (塩尻市地域振興バス「すてっぷくん」),C,72.3,2026-08-07,current,603,no,,Set wheelchair_boarding to 1 (accessible) or 2 (not accessible) for every stop. A field survey can start with the busiest stops.,
gulf-islands-national-seashore-3210,Ship Island Excursions,A,98.2,2026-08-07,current,86,no,,Remove past service periods the next time you export the feed.,ready
shirotori-kotsu,Shirotori Kotsu (白鳥交通),C,75.1,2026-08-07,current,236,no,,Set wheelchair_boarding to 1 (accessible) or 2 (not accessible) for every stop. A field survey can start with the busiest stops.,
shonai-kotsu,Shonai Kotsu (庄内交通),F,48.7,2026-08-07,current,236,no,,Add the required column named in the finding to the flagged file.,
shoreline-metro,Shoreline Metro,B,83.1,2026-08-07,current,511,no,,Set wheelchair_boarding to 1 (accessible) or 2 (not accessible) for every stop. A field survey can start with the busiest stops.,ready
shreveport-and-bossier-city,Shreveport and Bossier City,F,34.7,2026-08-07,current,26809,no,,Check the trip updates endpoint with your AVL vendor; it should return a fresh GTFS-Realtime protobuf on every request.,ready
sioux-city-transit-system,Sioux City Transit System,B,82.6,2026-08-07,current,147,no,,Set wheelchair_boarding to 1 (accessible) or 2 (not accessible) for every stop. A field survey can start with the busiest stops.,ready
siskiyou-county,Siskiyou County,B,81.8,2026-08-07,current,1448,no,,"Set wheelchair_accessible on every trip. If every vehicle is accessible, this may be one default; otherwise use the value for each trip.",ready
sj-nord-rail,SJ Nord (SJ Norge),D,67.6,2026-08-07,current,135,no,,"Set wheelchair_accessible on every trip. If every vehicle is accessible, this may be one default; otherwise use the value for each trip.",
skamania-county-transit,Skamania County Transit,B,80.2,2026-08-07,current,86,no,,Set wheelchair_boarding to 1 (accessible) or 2 (not accessible) for every stop. A field survey can start with the busiest stops.,ready
skuodas-public-transport,Skuodas public transport,D,62.6,2026-08-07,current,5076,no,,Set wheelchair_boarding to 1 (accessible) or 2 (not accessible) for every stop. A field survey can start with the busiest stops.,
skyss-vestland,Skyss,F,48.1,2026-08-07,current,128,no,,Re-generate shape distances in your export; flag to your vendor if it persists.,
slieve-bloom-coach-tours,Slieve Bloom Coach Tours,C,80.0,2026-08-07,current,364,no,,Set wheelchair_boarding to 1 (accessible) or 2 (not accessible) for every stop. A field survey can start with the busiest stops.,
snelandia-finnmark,Snelandia,D,63.0,2026-08-07,current,146,no,,Set wheelchair_boarding to 1 (accessible) or 2 (not accessible) for every stop. A field survey can start with the busiest stops.,
snoqualmie-valley-transportation,Snoqualmie Valley Transportation,B,81.7,2026-08-07,current,86,no,,Set wheelchair_boarding to 1 (accessible) or 2 (not accessible) for every stop. A field survey can start with the busiest stops.,ready
sgm-lecce,Società Gestione Multipla (SGM Lecce),C,73.2,2026-08-07,current,310,no,,Set wheelchair_boarding to 1 (accessible) or 2 (not accessible) for every stop. A field survey can start with the busiest stops.,
stlevis,Société de transport de Lévis (STLévis),A,93.6,2026-08-07,current,135,no,,Set wheelchair_boarding to 1 (accessible) or 2 (not accessible) for every stop. A field survey can start with the busiest stops.,
sts-sherbrooke,Société de transport de Sherbrooke (STS),B,86.8,2026-08-07,current,135,no,,Add feed_info.txt with feed_start_date and feed_end_date to your export.,
rimouski-transit,Société des transports de Rimouski,B,87.2,2026-08-07,current,191,no,,"Add fare_attributes.txt (or Fares v2 files) with your fare structure. If your service is fare-free, ask to have it marked fare-free instead.",
soltrans,SolTrans (Solano County Transit),B,89.8,2026-08-07,current,511,no,,Trim leading and trailing spaces on export. The scorecard's auto-fixed copy already does this.,ready
solea-mulhouse,Soléa (Mulhouse Alsace Agglomération),F,41.2,2026-08-07,current,322,no,,Review the rule documentation for 'trip_distance_exceeds_shape_distance' at https://gtfs-validator.mobilitydata.org/rules.html and check the flagged rows in your feed.,
sonoma-marin-area-rail-transit-smart,Sonoma-Marin Area Rail Transit (SMART),A,98.9,2026-08-07,current,156,no,,Set wheelchair_boarding to 1 (accessible) or 2 (not accessible) for every stop. A field survey can start with the busiest stops.,ready
sound-transit-metro-transit-city-of-seattle-king-county-metro,"Sound Transit, Metro Transit, City of Seattle - King County Metro",B,85.5,2026-08-07,current,231,no,,Re-generate shape_dist_traveled on export so stop and shape distances use the same units.,ready
south-central-council-of-governments-sccog,South Central Council of Governments (SCCOG) Flex,C,72.0,2026-08-07,current,86,no,,Set wheelchair_boarding to 1 (accessible) or 2 (not accessible) for every stop. A field survey can start with the busiest stops.,ready
south-county-transit-link-2203,South County Transit Link,C,76.6,2026-08-07,current,146,no,,Set wheelchair_boarding to 1 (accessible) or 2 (not accessible) for every stop. A field survey can start with the busiest stops.,ready
south-metro-area-regional-transit-smart-2706,South Metro Area Regional Transit (SMART),C,71.3,2026-08-07,current,26809,no,,Set wheelchair_boarding to 1 (accessible) or 2 (not accessible) for every stop. A field survey can start with the busiest stops.,ready
south-shore-line,South Shore Line,B,89.7,2026-08-07,current,1607,no,,"Check with your AVL vendor that every vehicle assignment flows into TripUpdates, including school-day and tripper runs.",ready
southeast-area-transit-district-2240,Southeast Area Transit District,B,80.2,2026-08-07,current,324,no,,Set wheelchair_boarding to 1 (accessible) or 2 (not accessible) for every stop. A field survey can start with the busiest stops.,ready
southwest-rides,Southwest Rides Flex,C,75.5,2026-08-07,current,298,no,,Set wheelchair_boarding to 1 (accessible) or 2 (not accessible) for every stop. A field survey can start with the busiest stops.,not_ready
spokane-transit-authority-sta,Spokane Transit Authority (STA),C,73.8,2026-08-07,current,162,no,,Set wheelchair_boarding to 1 (accessible) or 2 (not accessible) for every stop. A field survey can start with the busiest stops.,ready
stanford-marguerite-shuttle-sms,Stanford Marguerite Shuttle (SMS),A,92.9,2026-08-07,current,315,no,,"Turn on shape cleanup in your export tool, or drop the repeated points from shapes.txt.",ready
stanislaus-regional-transit-start-2273,Stanislaus Regional Transit (StaRT),C,75.2,2026-08-07,current,327,no,,Set wheelchair_boarding to 1 (accessible) or 2 (not accessible) for every stop. A field survey can start with the busiest stops.,ready
star-transit,STAR Transit,B,85.4,2026-08-07,current,511,no,,"Set wheelchair_accessible on every trip. If every vehicle is accessible, this may be one default; otherwise use the value for each trip.",ready
star-transit-819,STAR Transit,C,78.2,2026-08-07,current,86,no,,Set wheelchair_boarding to 1 (accessible) or 2 (not accessible) for every stop. A field survey can start with the busiest stops.,ready
star-transit-2444,STAR Transit Flex,D,66.0,2026-08-07,current,86,no,,Review the rule documentation for 'invalid_pickup_drop_off_window' at https://gtfs-validator.mobilitydata.org/rules.html and check the flagged rows in your feed.,at_risk
startran-2269,StarTran,D,68.2,2026-08-07,current,511,no,,Set wheelchair_boarding to 1 (accessible) or 2 (not accessible) for every stop. A field survey can start with the busiest stops.,ready
stas-saint-etienne,STAS (Saint-Étienne Métropole),F,32.8,2026-08-07,current,72,no,,Review the rule documentation for 'trip_distance_exceeds_shape_distance' at https://gtfs-validator.mobilitydata.org/rules.html and check the flagged rows in your feed.,
staten-island-ferry,Staten Island Ferry,C,73.1,2026-08-07,current,528,no,,Review the rule documentation for 'missing_required_file' at https://gtfs-validator.mobilitydata.org/rules.html and check the flagged rows in your feed.,ready
steamboat-springs-transit,Steamboat Springs Transit Flex,B,84.0,2026-08-07,current,112,no,,Set wheelchair_boarding to 1 (accessible) or 2 (not accessible) for every stop. A field survey can start with the busiest stops.,at_risk
streamline,Streamline,B,80.3,2026-08-07,current,877,no,,Set wheelchair_boarding to 1 (accessible) or 2 (not accessible) for every stop. A field survey can start with the busiest stops.,ready
suffolk-county-transit-3115,Suffolk County Transit,F,58.1,2026-08-07,current,26809,no,,Set wheelchair_boarding to 1 (accessible) or 2 (not accessible) for every stop. A field survey can start with the busiest stops.,ready
sukumo-city-yururin-bus,Sukumo City Yururin Bus (宿毛市「ゆるりんバス」),C,77.9,2026-08-07,current,266,no,,Set wheelchair_boarding to 1 (accessible) or 2 (not accessible) for every stop. A field survey can start with the busiest stops.,
sullivan-county-transit,Sullivan County Transit,F,51.7,2026-08-07,current,146,no,,Set wheelchair_boarding to 1 (accessible) or 2 (not accessible) for every stop. A field survey can start with the busiest stops.,ready
summit-stage,Summit Stage,C,79.6,2026-08-07,current,99,no,,Set wheelchair_boarding to 1 (accessible) or 2 (not accessible) for every stop. A field survey can start with the busiest stops.,ready
sumoto-city-community-bus,Sumoto City Community Bus (洲本市コミュニティバス),B,82.0,2026-08-07,current,236,no,,Set wheelchair_boarding to 1 (accessible) or 2 (not accessible) for every stop. A field survey can start with the busiest stops.,
sun-metro,Sun Metro,C,71.3,2026-08-07,current,127,no,,Set wheelchair_boarding to 1 (accessible) or 2 (not accessible) for every stop. A field survey can start with the busiest stops.,ready
suntran-utah,SunTran Utah,F,58.6,2026-08-07,current,1637,no,,Set wheelchair_boarding to 1 (accessible) or 2 (not accessible) for every stop. A field survey can start with the busiest stops.,ready
suwa-karinchan-bus,Suwa City Karin-chan Bus (諏訪市かりんちゃんバス),C,75.2,2026-08-07,current,236,no,,Set wheelchair_boarding to 1 (accessible) or 2 (not accessible) for every stop. A field survey can start with the busiest stops.,
svipper-troms,Svipper (Troms),F,42.3,2026-08-07,current,151,no,,Review the rule documentation for 'transfer_with_invalid_trip_and_stop' at https://gtfs-validator.mobilitydata.org/rules.html and check the flagged rows in your feed.,
swan-island-evening-shuttle,Swan Island Evening Shuttle,C,78.9,2026-08-07,current,116,no,,Set wheelchair_boarding to 1 (accessible) or 2 (not accessible) for every stop. A field survey can start with the busiest stops.,ready
swiss-demand-responsive-ski-plus,Swiss demand-responsive services (SKI+),C,70.4,2026-08-07,current,127,no,,Set wheelchair_boarding to 1 (accessible) or 2 (not accessible) for every stop. A field survey can start with the busiest stops.,
swiss-national-timetable-2026,Swiss national timetable (opentransportdata.swiss),F,49.8,2026-08-07,current,127,no,,Review the rule documentation for 'duplicate_key' at https://gtfs-validator.mobilitydata.org/rules.html and check the flagged rows in your feed.,
swords-express,Swords Express,C,75.2,2026-08-07,current,364,no,,Set wheelchair_boarding to 1 (accessible) or 2 (not accessible) for every stop. A field survey can start with the busiest stops.,
swu-ulm,SWU Verkehr (Ulm/Neu-Ulm),B,86.6,2026-08-07,current,146,no,,Set wheelchair_boarding to 1 (accessible) or 2 (not accessible) for every stop. A field survey can start with the busiest stops.,
tachikawa-kururin-bus,Tachikawa City Kururin Bus (立川市くるりんバス),C,74.0,2026-08-07,current,236,no,,Set wheelchair_boarding to 1 (accessible) or 2 (not accessible) for every stop. A field survey can start with the busiest stops.,
fr-pan-81158,TAD réseau AlloTIC,F,47.7,2026-08-07,current,146,no,,Review the rule documentation for 'trip_distance_exceeds_shape_distance' at https://gtfs-validator.mobilitydata.org/rules.html and check the flagged rows in your feed.,
fr-pan-83770,TAD réseau Tiva,C,75.2,2026-08-07,current,146,no,,Review the rule documentation for 'invalid_row_length' at https://gtfs-validator.mobilitydata.org/rules.html and check the flagged rows in your feed.,
tagawa-city-community-bus,Tagawa City Community Bus (田川市コミュニティバス),C,78.7,2026-08-07,current,419,no,,Set wheelchair_boarding to 1 (accessible) or 2 (not accessible) for every stop. A field survey can start with the busiest stops.,
tahoe-transportation-district,Tahoe Transportation District,D,69.0,2026-08-07,current,26809,no,,Set wheelchair_boarding to 1 (accessible) or 2 (not accessible) for every stop. A field survey can start with the busiest stops.,ready
taiyo-kotsu-fukuoka,Taiyo Kotsu (太陽交通),B,81.8,2026-08-07,current,236,no,,Set wheelchair_boarding to 1 (accessible) or 2 (not accessible) for every stop. A field survey can start with the busiest stops.,
takaoka-koei-bus,Takaoka City Public Bus (高岡市公営バス),C,75.8,2026-08-07,current,236,no,,Set wheelchair_boarding to 1 (accessible) or 2 (not accessible) for every stop. A field survey can start with the busiest stops.,
takarazuka-city-ranran-bus,Takarazuka City Ran-Ran Bus (宝塚市ランランバス),B,80.7,2026-08-07,current,419,no,,Set wheelchair_boarding to 1 (accessible) or 2 (not accessible) for every stop. A field survey can start with the busiest stops.,
takasago-joton-bus,Takasago City Joton Bus (高砂市じょうとんバス),B,80.8,2026-08-07,current,236,no,,Set wheelchair_boarding to 1 (accessible) or 2 (not accessible) for every stop. A field survey can start with the busiest stops.,
takashima-city-bus,Takashima City Community Bus (高島市コミュニティバス),D,69.2,2026-08-07,current,236,no,,Set wheelchair_boarding to 1 (accessible) or 2 (not accessible) for every stop. A field survey can start with the busiest stops.,
takeya-kotsu,Takeya Kotsu (タケヤ交通),B,81.9,2026-08-07,current,236,no,,Set wheelchair_boarding to 1 (accessible) or 2 (not accessible) for every stop. A field survey can start with the busiest stops.,
tallinn-public-transport-tlt,Tallinn public transport (TLT),C,75.6,2026-08-07,current,146,no,,Set wheelchair_boarding to 1 (accessible) or 2 (not accessible) for every stop. A field survey can start with the busiest stops.,
tampere-nysse,Tampere regional transport (Nysse),C,73.6,2026-08-07,current,72,no,,Set wheelchair_boarding to 1 (accessible) or 2 (not accessible) for every stop. A field survey can start with the busiest stops.,
tanabe-city-jumin-bus,Tanabe City Residents Bus (田辺市住民バス),D,69.8,2026-08-07,current,297,no,,Review the rule documentation for 'foreign_key_violation' at https://gtfs-validator.mobilitydata.org/rules.html and check the flagged rows in your feed.,
tango-nimes,Tango (Nîmes Métropole),F,52.9,2026-08-07,current,146,no,,Set wheelchair_boarding to 1 (accessible) or 2 (not accessible) for every stop. A field survey can start with the busiest stops.,
tao-orleans,TAO (Orléans Métropole),D,68.0,2026-08-07,current,149,no,,"Add the destination, direction, or 'via' label riders actually see to trip_headsign. Do not copy the route name. If the label changes during the trip, use stop_headsign.",
tar-river-transit,Tar River Transit,B,85.9,2026-08-07,current,178,no,,Set wheelchair_boarding to 1 (accessible) or 2 (not accessible) for every stop. A field survey can start with the busiest stops.,ready
tgo-ortenau,Tarifverbund Ortenau (TGO),F,45.8,2026-08-07,current,127,no,,Review the rule documentation for 'point_near_origin' at https://gtfs-validator.mobilitydata.org/rules.html and check the flagged rows in your feed.,
tasmania-public-transport,Tasmania public transport aggregate,D,61.2,2026-08-07,current,85,no,,Set wheelchair_boarding to 1 (accessible) or 2 (not accessible) for every stop. A field survey can start with the busiest stops.,
tatsuno-city-bus,Tatsuno City Community Bus (たつの市コミュニティバス),B,81.2,2026-08-07,current,266,no,,Set wheelchair_boarding to 1 (accessible) or 2 (not accessible) for every stop. A field survey can start with the busiest stops.,
taurage-public-transport,Tauragė public transport,C,70.5,2026-08-07,current,26809,no,,Set wheelchair_boarding to 1 (accessible) or 2 (not accessible) for every stop. A field survey can start with the busiest stops.,
tbk-quimperle,TBK (Quimperlé),D,63.6,2026-08-07,current,146,no,,"Add fare_attributes.txt (or Fares v2 files) with your fare structure. If your service is fare-free, ask to have it marked fare-free instead.",
teller-senior-coalition-transit-tsc-transit,Teller Senior Coalition Transit (TSC Transit),B,86.6,2026-08-07,current,147,no,,Set wheelchair_boarding to 1 (accessible) or 2 (not accessible) for every stop. A field survey can start with the busiest stops.,ready
telsiai-public-transport,Telšiai public transport,D,60.8,2026-08-07,current,1607,no,,Set wheelchair_boarding to 1 (accessible) or 2 (not accessible) for every stop. A field survey can start with the busiest stops.,
tendo-city-bus,Tendo City Bus (天童市営バス),C,76.0,2026-08-07,current,236,no,,Set wheelchair_boarding to 1 (accessible) or 2 (not accessible) for every stop. A field survey can start with the busiest stops.,
tfi-local-link,TFI Local Link,C,79.7,2026-08-07,current,363,no,,Set wheelchair_boarding to 1 (accessible) or 2 (not accessible) for every stop. A field survey can start with the busiest stops.,
tgsrtc-hyderabad-bus,TGSRTC — Greater Hyderabad bus,F,59.8,2026-08-07,current,1639,no,,Set wheelchair_boarding to 1 (accessible) or 2 (not accessible) for every stop. A field survey can start with the busiest stops.,
thames-valley-buses,Thames Valley Buses,D,68.4,2026-08-07,current,360,no,,Set wheelchair_boarding to 1 (accessible) or 2 (not accessible) for every stop. A field survey can start with the busiest stops.,
ketchikan-gateway-borough,The Bus,B,81.6,2026-08-07,current,327,no,,Review the rule documentation for 'invalid_phone_number' at https://gtfs-validator.mobilitydata.org/rules.html and check the flagged rows in your feed.,ready
the-comet-2209,The Comet,B,81.1,2026-08-07,current,155,no,,"Set wheelchair_accessible on every trip. If every vehicle is accessible, this may be one default; otherwise use the value for each trip.",ready
the-jule-2083,The Jule,C,74.2,2026-08-07,current,332,no,,Set wheelchair_boarding to 1 (accessible) or 2 (not accessible) for every stop. A field survey can start with the busiest stops.,ready
the-moccasin-express,The Moccasin Express,B,83.1,2026-08-07,current,86,no,,Set wheelchair_boarding to 1 (accessible) or 2 (not accessible) for every stop. A field survey can start with the busiest stops.,ready
the-otter-express,The Otter Express Flex,C,77.6,2026-08-07,current,178,no,,Set wheelchair_boarding to 1 (accessible) or 2 (not accessible) for every stop. A field survey can start with the busiest stops.,not_ready
thousand-oaks-transit,Thousand Oaks Transit,B,85.9,2026-08-07,current,147,no,,Set wheelchair_boarding to 1 (accessible) or 2 (not accessible) for every stop. A field survey can start with the busiest stops.,ready
tic-compiegne,TIC (Compiègne),F,54.8,2026-08-07,current,96,no,,Review the rule documentation for 'trip_distance_exceeds_shape_distance' at https://gtfs-validator.mobilitydata.org/rules.html and check the flagged rows in your feed.,
titsa-tenerife,TITSA (Tenerife),F,54.6,2026-08-07,current,178,no,,Review the rule documentation for 'equal_shape_distance_diff_coordinates' at https://gtfs-validator.mobilitydata.org/rules.html and check the flagged rows in your feed.,
toba-municipal-ferry,Toba Municipal Ferry (鳥羽市営定期船),D,65.5,2026-08-07,current,542,no,,Add the required column named in the finding to the flagged file.,
toei-bus,Toei Bus (Tokyo Metropolitan Bureau of Transportation),C,77.9,2026-08-07,current,1095,no,,Set wheelchair_boarding to 1 (accessible) or 2 (not accessible) for every stop. A field survey can start with the busiest stops.,
toei-train,Toei Subway (Tokyo Metropolitan Bureau of Transportation),B,81.7,2026-08-07,current,146,no,,Set wheelchair_boarding to 1 (accessible) or 2 (not accessible) for every stop. A field survey can start with the busiest stops.,
tokai-city-ranran-bus,Tokai City Ran-Ran Bus (東海市らんらんバス),C,75.1,2026-08-07,current,236,no,,Set wheelchair_boarding to 1 (accessible) or 2 (not accessible) for every stop. A field survey can start with the busiest stops.,
toki-community-bus,Toki City Community Bus (土岐市民バス),C,75.0,2026-08-07,current,146,no,,Set wheelchair_boarding to 1 (accessible) or 2 (not accessible) for every stop. A field survey can start with the busiest stops.,
tokoname-gruun,Tokoname Gruun (常滑市グルーン),B,80.1,2026-08-07,current,146,no,,Set wheelchair_boarding to 1 (accessible) or 2 (not accessible) for every stop. A field survey can start with the busiest stops.,
tokushima-bus,Tokushima Bus (徳島バス),C,73.1,2026-08-07,current,236,no,,Set wheelchair_boarding to 1 (accessible) or 2 (not accessible) for every stop. A field survey can start with the busiest stops.,
tokushima-bus-nanbu,Tokushima Bus Nanbu (徳島バス南部),C,72.7,2026-08-07,current,146,no,,Set wheelchair_boarding to 1 (accessible) or 2 (not accessible) for every stop. A field survey can start with the busiest stops.,
tokushima-city-bus,Tokushima City Bus (徳島市営バス),C,75.9,2026-08-07,current,236,no,,Set wheelchair_boarding to 1 (accessible) or 2 (not accessible) for every stop. A field survey can start with the busiest stops.,
tonami-city-bus,Tonami City Bus (砺波市営バス),C,71.8,2026-08-07,current,236,no,,Set wheelchair_boarding to 1 (accessible) or 2 (not accessible) for every stop. A field survey can start with the busiest stops.,
toremar,Toremar (Toscana island ferries),D,65.3,2026-08-07,current,146,no,,Set wheelchair_boarding to 1 (accessible) or 2 (not accessible) for every terminal. A field survey can start with the busiest terminals.,
tosa-dragon-bus,Tosa City Dragon Bus (土佐市コミュニティバス「ドラゴンバス」),B,81.3,2026-08-07,current,237,no,,Set wheelchair_boarding to 1 (accessible) or 2 (not accessible) for every stop. A field survey can start with the busiest stops.,
tosaden-streetcar,Tosaden Kotsu Streetcar (とさでん交通 路面電車),C,78.4,2026-08-07,current,237,no,,Set wheelchair_boarding to 1 (accessible) or 2 (not accessible) for every stop. A field survey can start with the busiest stops.,
toshin-kanko-bus,Toshin Kanko Bus (東信観光バス),B,85.5,2026-08-07,current,236,no,,Set wheelchair_boarding to 1 (accessible) or 2 (not accessible) for every stop. A field survey can start with the busiest stops.,
towada-city-communitybus,Towada City Community Bus (十和田市コミュニティバス),C,75.0,2026-08-07,current,146,no,,Set wheelchair_boarding to 1 (accessible) or 2 (not accessible) for every stop. A field survey can start with the busiest stops.,
towada-kanko-dentetsu,Towada Kanko Dentetsu (十和田観光電鉄),C,71.8,2026-08-07,current,236,no,,Set wheelchair_boarding to 1 (accessible) or 2 (not accessible) for every stop. A field survey can start with the busiest stops.,
town-of-estes-park,Town of Estes Park,C,77.1,2026-08-07,current,290,no,,Set wheelchair_boarding to 1 (accessible) or 2 (not accessible) for every stop. A field survey can start with the busiest stops.,ready
town-of-telluride-2050,Town of Telluride Flex,B,82.1,2026-08-07,current,73,no,,Set wheelchair_boarding to 1 (accessible) or 2 (not accessible) for every stop. A field survey can start with the busiest stops.,at_risk
toyama-chitetsu-bus,Toyama Chitetsu Bus (富山地方鉄道バス),D,64.5,2026-08-07,current,291,no,,Review the rule documentation for 'duplicate_key' at https://gtfs-validator.mobilitydata.org/rules.html and check the flagged rows in your feed.,
toyama-chitetsu-tram,Toyama Chitetsu City Tram (富山地方鉄道市内電車),C,73.1,2026-08-07,current,218,no,,Set wheelchair_boarding to 1 (accessible) or 2 (not accessible) for every stop. A field survey can start with the busiest stops.,
toyama-fuchu-community-bus,Toyama Fuchu Community Bus (富山市 婦中コミュニティバス),D,68.0,2026-08-07,current,236,no,,Ask your AVL vendor to publish updates at least every 20 seconds (the Caltrans guideline).,
toyama-horikawa-minami-community-bus,Toyama Horikawa Minami Community Bus (富山市 堀川南コミュニティバス),C,71.0,2026-08-07,current,236,no,,Ask your AVL vendor why the feed stopped advancing; the GTFS-Realtime header timestamp should move forward on every publish.,
toyama-kureha-ikiiki-bus,Toyama Kureha Ikiiki Bus (富山市 呉羽いきいきバス),D,68.0,2026-08-07,current,236,no,,Ask your AVL vendor to publish updates at least every 20 seconds (the Caltrans guideline).,
toyama-maidohaya-bus,Toyama Maidohaya Bus (富山市 まいどはやバス),C,70.2,2026-08-07,current,236,no,,Ask your AVL vendor to publish updates at least every 20 seconds (the Caltrans guideline).,
toyama-oyama-community-bus,Toyama Oyama Community Bus (富山市 大山コミュニティバス),D,67.2,2026-08-07,current,236,no,,Ask your AVL vendor to publish updates at least every 20 seconds (the Caltrans guideline).,
toyama-yamada-community-bus,Toyama Yamada Community Bus (富山市 山田コミュニティバス),C,70.1,2026-08-07,current,236,no,,Ask your AVL vendor to publish updates at least every 20 seconds (the Caltrans guideline).,
toyama-yatsuo-community-bus,Toyama Yatsuo Community Bus (富山市 八尾コミュニティバス),D,66.5,2026-08-07,current,236,no,,Ask your AVL vendor to publish updates at least every 20 seconds (the Caltrans guideline).,
tper-bologna,TPER — Rete bus Bologna,F,51.0,2026-08-07,current,302,no,,Set wheelchair_boarding to 1 (accessible) or 2 (not accessible) for every stop. A field survey can start with the busiest stops.,
tper-ferrara,TPER — Rete bus Ferrara,F,50.9,2026-08-07,current,146,no,,Set wheelchair_boarding to 1 (accessible) or 2 (not accessible) for every stop. A field survey can start with the busiest stops.,
trace-colmar,TRACE (Colmar),F,52.1,2026-08-07,current,115,no,,Re-generate shape distances in your export; flag to your vendor if it persists.,
fr-pan-83990,Trains régionaux ZOU !,D,65.8,2026-08-07,current,127,no,,Set wheelchair_boarding to 1 (accessible) or 2 (not accessible) for every stop. A field survey can start with the busiest stops.,
trakai-public-transport,Trakai public transport,D,63.6,2026-08-07,current,717,no,,Set wheelchair_boarding to 1 (accessible) or 2 (not accessible) for every stop. A field survey can start with the busiest stops.,
izmir-tram,Tram İzmir,B,87.5,2026-08-07,current,343,no,,Set wheelchair_boarding to 1 (accessible) or 2 (not accessible) for every stop. A field survey can start with the busiest stops.,
transdev-blazefield,Transdev Blazefield,F,53.1,2026-08-07,current,361,no,,Review the rule documentation for 'duplicate_key' at https://gtfs-validator.mobilitydata.org/rules.html and check the flagged rows in your feed.,
transit-authority-of-northern-kentucky-tank-2068,Transit Authority of Northern Kentucky (TANK),C,70.9,2026-08-07,current,91,no,,Set wheelchair_boarding to 1 (accessible) or 2 (not accessible) for every stop. A field survey can start with the busiest stops.,ready
transit-authority-of-river-city-tarc-2662,Transit Authority of River City (TARC) Fixed Route,C,72.5,2026-08-07,current,155,no,,Set wheelchair_boarding to 1 (accessible) or 2 (not accessible) for every stop. A field survey can start with the busiest stops.,ready
transmanche-ferries,Transmanche Ferries,D,62.7,2026-08-07,current,149,no,,Set wheelchair_boarding to 1 (accessible) or 2 (not accessible) for every terminal. A field survey can start with the busiest terminals.,
transperth,Transperth,F,44.9,2026-08-07,current,87,no,,Set wheelchair_boarding to 1 (accessible) or 2 (not accessible) for every stop. A field survey can start with the busiest stops.,
tec-wallonia,"Transport en Commun (TEC), Wallonia",F,46.3,2026-08-07,current,89,no,,Set wheelchair_boarding to 1 (accessible) or 2 (not accessible) for every stop. A field survey can start with the busiest stops.,
transport-rouyn-noranda,Transport en commun de Rouyn-Noranda,C,74.8,2026-08-07,current,1243,no,,Set wheelchair_boarding to 1 (accessible) or 2 (not accessible) for every stop. A field survey can start with the busiest stops.,
ungheni-public-transport,Transport Public Ungheni,A,96.9,2026-08-07,current,511,no,,"Set wheelchair_accessible on every trip. If every vehicle is accessible, this may be one default; otherwise use the value for each trip.",
fr-pan-83821,Transport scolaire SCOL'TUS,F,39.8,2026-08-07,current,177,no,,Review the rule documentation for 'equal_shape_distance_diff_coordinates' at https://gtfs-validator.mobilitydata.org/rules.html and check the flagged rows in your feed.,
transportation-management-association-of-chester-county-tmacc,Transportation Management Association of Chester County (TMACC),C,77.2,2026-08-07,current,510,no,,Set wheelchair_boarding to 1 (accessible) or 2 (not accessible) for every stop. A field survey can start with the busiest stops.,ready
transtejo-soflusa,Transtejo Soflusa (TTSL),A,98.8,2026-08-07,current,359,no,,Review the rule documentation for 'service_extends_far_in_the_future' at https://gtfs-validator.mobilitydata.org/rules.html and check the flagged rows in your feed.,
trenitalia-sardegna,Trenitalia regional rail in Sardegna,C,77.6,2026-08-07,current,127,no,,Set wheelchair_boarding to 1 (accessible) or 2 (not accessible) for every stop. A field survey can start with the busiest stops.,
trenitalia-toscana,Trenitalia regional rail in Toscana,F,58.3,2026-08-07,current,127,no,,Review the rule documentation for 'trip_distance_exceeds_shape_distance' at https://gtfs-validator.mobilitydata.org/rules.html and check the flagged rows in your feed.,
trenord,Trenord,D,60.7,2026-08-07,current,127,no,,Set wheelchair_boarding to 1 (accessible) or 2 (not accessible) for every stop. A field survey can start with the busiest stops.,
tri-valley-transit,Tri-Valley Transit,C,78.8,2026-08-07,current,86,no,,Set wheelchair_boarding to 1 (accessible) or 2 (not accessible) for every stop. A field survey can start with the busiest stops.,ready
trimet-portland-streetcar,"TriMet, Portland Streetcar",C,71.8,2026-08-07,current,113,no,,Review the rule documentation for 'block_trips_with_overlapping_stop_times' at https://gtfs-validator.mobilitydata.org/rules.html and check the flagged rows in your feed.,ready
trinity-transit-2709,Trinity Transit,B,87.5,2026-08-07,current,146,no,,Set wheelchair_boarding to 1 (accessible) or 2 (not accessible) for every stop. A field survey can start with the busiest stops.,ready
tsu-airport-line,Tsu Airport Line (津エアポートライン),B,84.3,2026-08-07,current,236,no,,Set wheelchair_boarding to 1 (accessible) or 2 (not accessible) for every terminal. A field survey can start with the busiest terminals.,
tsu-community-bus,Tsu City Community Bus (津市コミュニティバス),C,75.2,2026-08-07,current,236,no,,Set wheelchair_boarding to 1 (accessible) or 2 (not accessible) for every stop. A field survey can start with the busiest stops.,
tsubame-community-bus,Tsubame City Community Bus (燕市コミュニティバス),C,75.3,2026-08-07,current,236,no,,Set wheelchair_boarding to 1 (accessible) or 2 (not accessible) for every stop. A field survey can start with the busiest stops.,
tsuchiura-city-tsuchimaru-bus,Tsuchiura City Tsuchimaru Bus (土浦市つちまるバス),C,75.3,2026-08-07,current,236,no,,Set wheelchair_boarding to 1 (accessible) or 2 (not accessible) for every stop. A field survey can start with the busiest stops.,
tsugaru-city-community-transit,Tsugaru City Community Transit (つがる市地域内交通),C,75.3,2026-08-07,current,146,no,,Set wheelchair_boarding to 1 (accessible) or 2 (not accessible) for every stop. A field survey can start with the busiest stops.,
tsukubane-go,Tsukubane-go (つくばね号),B,80.1,2026-08-07,current,146,no,,Set wheelchair_boarding to 1 (accessible) or 2 (not accessible) for every stop. A field survey can start with the busiest stops.,
turlock-transit,Turlock Transit,B,80.6,2026-08-07,current,145,no,,Set wheelchair_boarding to 1 (accessible) or 2 (not accessible) for every stop. A field survey can start with the busiest stops.,ready
fr-pan-81618,Téléphérique de la Bastille - Bulles de Grenoble,A,97.7,2026-08-07,current,149,no,,Add feed_contact_email to feed_info.txt.,
fr-pan-82880,Téléphérique Papang,C,73.2,2026-08-07,current,572,no,,Set wheelchair_boarding to 1 (accessible) or 2 (not accessible) for every stop. A field survey can start with the busiest stops.,
tuke-busz-pecs,Tüke Busz (Pécs),D,65.0,2026-08-07,current,133,no,,Set wheelchair_boarding to 1 (accessible) or 2 (not accessible) for every stop. A field survey can start with the busiest stops.,
uchinada-town-bus,Uchinada Town Community Bus (内灘町コミュニティバス),C,74.4,2026-08-07,current,146,no,,Set wheelchair_boarding to 1 (accessible) or 2 (not accessible) for every stop. A field survey can start with the busiest stops.,
ueda-bus,Ueda Bus (上田バス),B,80.2,2026-08-07,current,276,no,,Set wheelchair_boarding to 1 (accessible) or 2 (not accessible) for every stop. A field survey can start with the busiest stops.,
ueda-city-orange-bus,Ueda City Orange Bus (上田市街地循環バス・オレンジバス),C,74.8,2026-08-07,current,236,no,,Set wheelchair_boarding to 1 (accessible) or 2 (not accessible) for every stop. A field survey can start with the busiest stops.,
ulster-county-area-transit,Ulster County Area Transit,F,57.7,2026-08-07,current,146,no,,Set wheelchair_boarding to 1 (accessible) or 2 (not accessible) for every stop. A field survey can start with the busiest stops.,ready
union-gap,Union Gap,B,83.1,2026-08-07,current,237,no,,Set wheelchair_boarding to 1 (accessible) or 2 (not accessible) for every stop. A field survey can start with the busiest stops.,ready
up-express,Union Pearson Express (UP Express),B,83.6,2026-08-07,current,170,no,,Review the rule documentation for 'invalid_phone_number' at https://gtfs-validator.mobilitydata.org/rules.html and check the flagged rows in your feed.,
uozu-community-bus,Uozu Community Bus (魚津市民バス),D,69.2,2026-08-07,current,236,no,,Set wheelchair_boarding to 1 (accessible) or 2 (not accessible) for every stop. A field survey can start with the busiest stops.,
upper-arkansas-area-council-of-governments,Upper Arkansas Area Council of Governments Flex,C,72.9,2026-08-07,current,178,no,,Set wheelchair_boarding to 1 (accessible) or 2 (not accessible) for every stop. A field survey can start with the busiest stops.,ready
upper-merion-rambler,Upper Merion Rambler,B,81.7,2026-08-07,current,146,no,,Set wheelchair_boarding to 1 (accessible) or 2 (not accessible) for every stop. A field survey can start with the busiest stops.,ready
usf-bull-runner,USF Bull Runner,C,74.1,2026-08-07,current,1607,no,,Set wheelchair_boarding to 1 (accessible) or 2 (not accessible) for every stop. A field survey can start with the busiest stops.,ready
utena-public-transport,Utena public transport,D,69.4,2026-08-07,current,2420,no,,Set wheelchair_boarding to 1 (accessible) or 2 (not accessible) for every stop. A field survey can start with the busiest stops.,
vail-transit,Vail Transit,B,80.8,2026-08-07,current,121,no,,Set wheelchair_boarding to 1 (accessible) or 2 (not accessible) for every stop. A field survey can start with the busiest stops.,ready
valley-metro-2274,Valley Metro,F,33.0,2026-08-07,current,26809,no,,Re-generate shape distances in your export; flag to your vendor if it persists.,ready
valley-metro-vm,Valley Metro (VM),B,80.0,2026-08-07,current,79,no,,Set wheelchair_boarding to 1 (accessible) or 2 (not accessible) for every stop. A field survey can start with the busiest stops.,ready
valley-regional-transit,Valley Regional Transit,C,76.8,2026-08-07,current,306,no,,Set wheelchair_boarding to 1 (accessible) or 2 (not accessible) for every stop. A field survey can start with the busiest stops.,ready
valley-transit-wi-2069,Valley Transit (WI),D,60.4,2026-08-07,current,26809,no,,Set wheelchair_boarding to 1 (accessible) or 2 (not accessible) for every stop. A field survey can start with the busiest stops.,ready
valparaiso-transit,Valparaiso Transit,B,84.9,2026-08-07,current,86,no,,Set wheelchair_boarding to 1 (accessible) or 2 (not accessible) for every stop. A field survey can start with the busiest stops.,ready
varena-public-transport,Varėna public transport,D,68.3,2026-08-07,current,8912,no,,Set wheelchair_boarding to 1 (accessible) or 2 (not accessible) for every stop. A field survey can start with the busiest stops.,
vbb-berlin-brandenburg-flex,VBB GTFS-Flex demand-responsive services,F,49.1,2026-08-07,current,127,no,,Review the rule documentation for 'missing_prior_notice_duration_min' at https://gtfs-validator.mobilitydata.org/rules.html and check the flagged rows in your feed.,
ventura-county-transportation-commission-3096,Ventura County Transportation Commission,B,82.4,2026-08-07,current,1607,no,,Set wheelchair_boarding to 1 (accessible) or 2 (not accessible) for every stop. A field survey can start with the busiest stops.,ready
vvs-stuttgart,Verkehrs- und Tarifverbund Stuttgart (VVS),F,36.7,2026-08-07,current,91,no,,Re-generate shape distances in your export; flag to your vendor if it persists.,
vgf-freudenstadt,Verkehrs-Gemeinschaft Landkreis Freudenstadt (VGF),D,66.1,2026-08-07,current,127,no,,Set wheelchair_boarding to 1 (accessible) or 2 (not accessible) for every stop. A field survey can start with the busiest stops.,
vgc-calw,Verkehrsgesellschaft Bäderkreis Calw (VGC),F,51.0,2026-08-07,current,127,no,,Set wheelchair_boarding to 1 (accessible) or 2 (not accessible) for every stop. A field survey can start with the busiest stops.,
vbb-berlin-brandenburg,Verkehrsverbund Berlin-Brandenburg (VBB),F,38.1,2026-08-07,current,127,no,,Review the rule documentation for 'block_trips_with_overlapping_stop_times' at https://gtfs-validator.mobilitydata.org/rules.html and check the flagged rows in your feed.,
vgn-nurnberg,Verkehrsverbund Großraum Nürnberg (VGN),F,47.5,2026-08-07,current,127,no,,Set wheelchair_boarding to 1 (accessible) or 2 (not accessible) for every stop. A field survey can start with the busiest stops.,
vhb-hegau-bodensee,Verkehrsverbund Hegau-Bodensee (VHB),F,58.2,2026-08-07,current,127,no,,Review the rule documentation for 'invalid_character' at https://gtfs-validator.mobilitydata.org/rules.html and check the flagged rows in your feed.,
vpe-pforzheim-enzkreis,Verkehrsverbund Pforzheim-Enzkreis (VPE),F,50.9,2026-08-07,current,127,no,,Set wheelchair_boarding to 1 (accessible) or 2 (not accessible) for every stop. A field survey can start with the busiest stops.,
vrn-rhein-neckar,Verkehrsverbund Rhein-Neckar (VRN),F,36.7,2026-08-07,current,127,no,,Re-generate shape distances in your export; flag to your vendor if it persists.,
vrs-rhein-sieg,Verkehrsverbund Rhein-Sieg (VRS),F,36.7,2026-08-07,current,127,no,,Review the rule documentation for 'trip_distance_exceeds_shape_distance' at https://gtfs-validator.mobilitydata.org/rules.html and check the flagged rows in your feed.,
vermont-translines,Vermont Translines,B,84.0,2026-08-07,current,327,no,,Set wheelchair_boarding to 1 (accessible) or 2 (not accessible) for every stop. A field survey can start with the busiest stops.,ready
via-rail-canada,VIA Rail Canada,C,78.9,2026-08-07,current,92,no,,Set wheelchair_boarding to 1 (accessible) or 2 (not accessible) for every stop. A field survey can start with the busiest stops.,
vilnius-district-public-transport,Vilnius district public transport,F,60.0,2026-08-07,current,3433,no,,Set wheelchair_boarding to 1 (accessible) or 2 (not accessible) for every stop. A field survey can start with the busiest stops.,
vilnius-public-transport-judu,Vilnius public transport (JUDU),C,70.9,2026-08-07,current,359,no,,Set wheelchair_boarding to 1 (accessible) or 2 (not accessible) for every stop. A field survey can start with the busiest stops.,
vine-transit,VINE Transit,B,87.8,2026-08-07,current,85,no,,Set wheelchair_boarding to 1 (accessible) or 2 (not accessible) for every stop. A field survey can start with the busiest stops.,ready
vineyard-fast-ferry,Vineyard Fast Ferry,C,76.5,2026-08-07,current,66,no,,Set wheelchair_boarding to 1 (accessible) or 2 (not accessible) for every stop. A field survey can start with the busiest stops.,ready
visaginas-public-transport,Visaginas public transport,D,63.0,2026-08-07,current,328,no,,Set wheelchair_boarding to 1 (accessible) or 2 (not accessible) for every stop. A field survey can start with the busiest stops.,
vkt-vestfold,VKT (Vestfold Kollektivtrafikk),D,64.0,2026-08-07,current,146,no,,Set wheelchair_boarding to 1 (accessible) or 2 (not accessible) for every stop. A field survey can start with the busiest stops.,
vy-rail,Vy (national rail),F,59.9,2026-08-07,current,123,no,,Re-generate shape distances in your export; flag to your vendor if it persists.,
vy-express-coach,Vy Express (Vy Buss),F,58.6,2026-08-07,current,205,no,,Set wheelchair_boarding to 1 (accessible) or 2 (not accessible) for every stop. A field survey can start with the busiest stops.,
wahkiakum-ferry-2193,Wahkiakum Ferry,B,83.1,2026-08-07,current,116,no,,Set wheelchair_boarding to 1 (accessible) or 2 (not accessible) for every terminal. A field survey can start with the busiest terminals.,ready
wahkiakum-on-the-move,Wahkiakum on the Move,B,81.8,2026-08-07,current,85,no,,Set wheelchair_boarding to 1 (accessible) or 2 (not accessible) for every stop. A field survey can start with the busiest stops.,ready
wako-city-loop-bus,Wako City Loop Bus Wakoba (和光市内循環バス「わこば」),B,81.2,2026-08-07,current,146,no,,Set wheelchair_boarding to 1 (accessible) or 2 (not accessible) for every stop. A field survey can start with the busiest stops.,
wallowa-community-connection-wcc-northeast-oregon-public-transit,"Wallowa Community Connection (WCC), Northeast Oregon Public Transit",B,83.0,2026-08-07,current,116,no,,Set wheelchair_boarding to 1 (accessible) or 2 (not accessible) for every stop. A field survey can start with the busiest stops.,ready
waltti-hameenlinna,Waltti (Hämeenlinna),D,64.5,2026-08-07,current,303,no,,Set wheelchair_boarding to 1 (accessible) or 2 (not accessible) for every stop. A field survey can start with the busiest stops.,
waltti-joensuu,Waltti (Joensuu),D,69.3,2026-08-07,current,65,no,,Set wheelchair_boarding to 1 (accessible) or 2 (not accessible) for every stop. A field survey can start with the busiest stops.,
waltti-jyvaskyla,Waltti (Jyväskylä),D,65.8,2026-08-07,current,303,no,,Review the rule documentation for 'invalid_character' at https://gtfs-validator.mobilitydata.org/rules.html and check the flagged rows in your feed.,
waltti-kotka,Waltti (Kotka),F,45.4,2026-08-07,current,86,no,,Review the rule documentation for 'transfer_with_invalid_trip_and_route' at https://gtfs-validator.mobilitydata.org/rules.html and check the flagged rows in your feed.,
waltti-kouvola,Waltti (Kouvola),C,75.8,2026-08-07,current,303,no,,Set wheelchair_boarding to 1 (accessible) or 2 (not accessible) for every stop. A field survey can start with the busiest stops.,
waltti-lahti-region,Waltti (Lahti region),D,64.2,2026-08-07,current,146,no,,Set wheelchair_boarding to 1 (accessible) or 2 (not accessible) for every stop. A field survey can start with the busiest stops.,
waltti-lappeenranta,Waltti (Lappeenranta),F,56.5,2026-08-07,current,19870,no,,Review the rule documentation for 'invalid_url' at https://gtfs-validator.mobilitydata.org/rules.html and check the flagged rows in your feed.,
waltti-mikkeli,Waltti (Mikkeli),F,57.5,2026-08-07,current,511,no,,Review the rule documentation for 'invalid_url' at https://gtfs-validator.mobilitydata.org/rules.html and check the flagged rows in your feed.,
waltti-oulu,Waltti (Oulu),D,65.4,2026-08-07,current,146,no,,Set wheelchair_boarding to 1 (accessible) or 2 (not accessible) for every stop. A field survey can start with the busiest stops.,
waltti-pori,Waltti (Pori),D,66.0,2026-08-07,current,303,no,,Set wheelchair_boarding to 1 (accessible) or 2 (not accessible) for every stop. A field survey can start with the busiest stops.,
waltti-vaasa,Waltti (Vaasa),D,65.2,2026-08-07,current,146,no,,Set wheelchair_boarding to 1 (accessible) or 2 (not accessible) for every stop. A field survey can start with the busiest stops.,
washington-county-transit-2286,Washington County Transit,C,79.4,2026-08-07,current,147,no,,Set wheelchair_boarding to 1 (accessible) or 2 (not accessible) for every stop. A field survey can start with the busiest stops.,ready
washington-park-shuttle,Washington Park Shuttle,B,86.1,2026-08-07,current,327,no,,Set wheelchair_boarding to 1 (accessible) or 2 (not accessible) for every stop. A field survey can start with the busiest stops.,ready
washington-state-department-of-transportation-wsdot-apple-line,Washington State Department of Transportation (WSDOT Apple Line),C,70.1,2026-08-07,current,146,no,,Set wheelchair_boarding to 1 (accessible) or 2 (not accessible) for every stop. A field survey can start with the busiest stops.,ready
wave-transit,Wave Transit,C,72.6,2026-08-07,current,146,no,,Set wheelchair_boarding to 1 (accessible) or 2 (not accessible) for every stop. A field survey can start with the busiest stops.,ready
west-coast-motors,West Coast Motors,F,59.3,2026-08-07,current,504,no,,Set wheelchair_boarding to 1 (accessible) or 2 (not accessible) for every stop. A field survey can start with the busiest stops.,
westchester-county-bee-line-system-wcdot,Westchester County Bee-Line System (WCDOT),D,66.0,2026-08-07,current,73,no,,"Set wheelchair_accessible on every trip. If every vehicle is accessible, this may be one default; otherwise use the value for each trip.",ready
wexford-bus,Wexford Bus,C,74.1,2026-08-07,current,292,no,,Set wheelchair_boarding to 1 (accessible) or 2 (not accessible) for every stop. A field survey can start with the busiest stops.,
wheatland-ferry,Wheatland Ferry,B,82.2,2026-08-07,current,85,no,,Set wheelchair_boarding to 1 (accessible) or 2 (not accessible) for every terminal. A field survey can start with the busiest terminals.,ready
whitehorse-transit,Whitehorse Transit (Yukon),D,60.8,2026-08-07,current,8911,no,,Set wheelchair_boarding to 1 (accessible) or 2 (not accessible) for every stop. A field survey can start with the busiest stops.,
wiener-linien,Wiener Linien,F,58.8,2026-08-07,current,127,no,,Set wheelchair_boarding to 1 (accessible) or 2 (not accessible) for every stop. A field survey can start with the busiest stops.,
williamsburg-area-transit-authority-2438,Williamsburg Area Transit Authority Flex,C,78.5,2026-08-07,current,86,no,,Set wheelchair_boarding to 1 (accessible) or 2 (not accessible) for every stop. A field survey can start with the busiest stops.,not_ready
winter-park-transit,Winter Park Transit,D,67.6,2026-08-07,current,99,no,,Review the rule documentation for 'stop_time_timepoint_without_times' at https://gtfs-validator.mobilitydata.org/rules.html and check the flagged rows in your feed.,ready
wintran,WinTran,C,74.9,2026-08-07,current,178,no,,Set wheelchair_boarding to 1 (accessible) or 2 (not accessible) for every stop. A field survey can start with the busiest stops.,ready
xplore-dundee,Xplore Dundee,C,72.9,2026-08-07,current,333,no,,Set wheelchair_boarding to 1 (accessible) or 2 (not accessible) for every stop. A field survey can start with the busiest stops.,
xpress-2355,Xpress,F,26.2,2026-07-16,unknown,,no,,Add feed_start_date and feed_end_date to feed_info.txt and include calendar end dates in your export.,not_ready
yaese-town-bus,Yaese Town Bus (八重瀬町バス),D,65.1,2026-08-07,current,266,no,,Set wheelchair_boarding to 1 (accessible) or 2 (not accessible) for every stop. A field survey can start with the busiest stops.,
yaita-city-central-loop-bus,Yaita City Central Loop Bus (矢板市中央部循環路線),C,76.2,2026-08-07,current,236,no,,Set wheelchair_boarding to 1 (accessible) or 2 (not accessible) for every stop. A field survey can start with the busiest stops.,
yakima-transit,Yakima Transit,F,28.4,2026-08-07,current,3433,no,,Review the rule documentation for 'stop_time_with_arrival_before_previous_departure_time' at https://gtfs-validator.mobilitydata.org/rules.html and check the flagged rows in your feed.,ready
yamagata-city-bus,Yamagata City Bus (山形市営バス),C,74.8,2026-08-07,current,236,no,,Set wheelchair_boarding to 1 (accessible) or 2 (not accessible) for every stop. A field survey can start with the busiest stops.,
yamagata-railway,Yamagata Railway (山形鉄道),C,76.8,2026-08-07,current,218,no,,Set wheelchair_boarding to 1 (accessible) or 2 (not accessible) for every stop. A field survey can start with the busiest stops.,
yamatokoriyama-city-community-bus,Yamatokoriyama City Community Bus (大和郡山市コミュニティバス),B,81.7,2026-08-07,current,236,no,,Set wheelchair_boarding to 1 (accessible) or 2 (not accessible) for every stop. A field survey can start with the busiest stops.,
yamatotakada-city-kibou-bus,Yamatotakada City Kibou-go Community Bus (大和高田市コミュニティバスきぼう号),C,71.9,2026-08-07,current,236,no,,Set wheelchair_boarding to 1 (accessible) or 2 (not accessible) for every stop. A field survey can start with the busiest stops.,
yamhill-county-transit-area,Yamhill County Transit Area,B,81.7,2026-08-07,current,511,no,,Set wheelchair_boarding to 1 (accessible) or 2 (not accessible) for every stop. A field survey can start with the busiest stops.,ready
yanagawa-community-bus,Yanagawa City Community Bus (柳川市コミュニティバス),B,80.9,2026-08-07,current,236,no,,Set wheelchair_boarding to 1 (accessible) or 2 (not accessible) for every stop. A field survey can start with the busiest stops.,
yanaizu-community-bus,Yanaizu Town Community Bus (柳津町町民バス「ふれあい号」),C,75.3,2026-08-07,current,236,no,,Set wheelchair_boarding to 1 (accessible) or 2 (not accessible) for every stop. A field survey can start with the busiest stops.,
yanbaru-express-bus,Yanbaru Express Bus (やんばる急行バス),B,86.7,2026-08-07,current,146,no,,Set wheelchair_boarding to 1 (accessible) or 2 (not accessible) for every stop. A field survey can start with the busiest stops.,
yasu-city-onori-yasu-bus,Yasu City Onori-Yasu Bus (野洲市コミバス おのりやす),C,70.9,2026-08-07,current,236,no,,Set wheelchair_boarding to 1 (accessible) or 2 (not accessible) for every stop. A field survey can start with the busiest stops.,
yokkaichi-community-bus,Yokkaichi City Bus (四日市市自主運行バス),C,76.7,2026-08-07,current,146,no,,Set wheelchair_boarding to 1 (accessible) or 2 (not accessible) for every stop. A field survey can start with the busiest stops.,
yokosuka-hamachan-bus,Yokosuka City Hamachan Bus (横須賀市ハマちゃんバス),C,74.4,2026-08-07,current,602,no,,Set wheelchair_boarding to 1 (accessible) or 2 (not accessible) for every stop. A field survey can start with the busiest stops.,
yonezawa-city-bus,Yonezawa City Bus (米沢市営バス),C,74.3,2026-08-07,current,115,no,,Set wheelchair_boarding to 1 (accessible) or 2 (not accessible) for every stop. A field survey can start with the busiest stops.,
yosemite-valley-shuttle,Yosemite Valley Shuttle,A,92.2,2026-08-07,current,147,no,,Set wheelchair_boarding to 1 (accessible) or 2 (not accessible) for every stop. A field survey can start with the busiest stops.,ready
yoshinogawa-city-bus,Yoshinogawa City Bus (吉野川市代替バス),C,75.3,2026-08-07,current,236,no,,Set wheelchair_boarding to 1 (accessible) or 2 (not accessible) for every stop. A field survey can start with the busiest stops.,
yotsukaido-city-yoppii,Yotsukaido City Loop Bus Yoppii (四街道市内循環バス「ヨッピィ」),C,74.2,2026-08-07,current,236,no,,Set wheelchair_boarding to 1 (accessible) or 2 (not accessible) for every stop. A field survey can start with the busiest stops.,
yuba-sutter-transit,Yuba-Sutter Transit,C,79.3,2026-08-07,current,146,no,,Set wheelchair_boarding to 1 (accessible) or 2 (not accessible) for every stop. A field survey can start with the busiest stops.,ready
yuki-city-loop-bus,Yuki City Loop Bus (結城市巡回バス),C,76.6,2026-08-07,current,724,no,,Set wheelchair_boarding to 1 (accessible) or 2 (not accessible) for every stop. A field survey can start with the busiest stops.,
yuma-county-intergovernmental-public-transportation-authority-ycipta,Yuma County Intergovernmental Public Transportation Authority (YCIPTA),D,69.3,2026-08-07,current,147,no,,Set wheelchair_boarding to 1 (accessible) or 2 (not accessible) for every stop. A field survey can start with the busiest stops.,ready
zarasai-public-transport,Zarasai public transport,D,62.4,2026-08-07,current,1485,no,,Set wheelchair_boarding to 1 (accessible) or 2 (not accessible) for every stop. A field survey can start with the busiest stops.,
zditm-szczecin,Zarząd Dróg i Transportu Miejskiego w Szczecinie,C,78.6,2026-08-07,current,85,no,,Set wheelchair_boarding to 1 (accessible) or 2 (not accessible) for every stop. A field survey can start with the busiest stops.,
zest-menton,Zest (Menton),F,52.2,2026-08-07,current,331,no,,Set wheelchair_boarding to 1 (accessible) or 2 (not accessible) for every stop. A field survey can start with the busiest stops.,
zion-canyon-shuttle,Zion Canyon Shuttle,A,93.6,2026-08-07,current,148,no,,"Add fare_attributes.txt (or Fares v2 files) with your fare structure. If your service is fare-free, ask to have it marked fare-free instead.",ready
zkm-gdynia,ZKM Gdynia,D,68.7,2026-08-07,current,68,no,,Set wheelchair_boarding to 1 (accessible) or 2 (not accessible) for every stop. A field survey can start with the busiest stops.,
zoom-grand-chalon,Zoom (Le Grand Chalon),F,44.4,2026-08-07,current,146,no,,Review the rule documentation for 'block_trips_with_overlapping_stop_times' at https://gtfs-validator.mobilitydata.org/rules.html and check the flagged rows in your feed.,
ostfold-kollektivtrafikk,Østfold kollektivtrafikk,D,61.6,2026-08-07,current,121,no,,Set wheelchair_boarding to 1 (accessible) or 2 (not accessible) for every stop. A field survey can start with the busiest stops.,
salcininkai-public-transport,Šalčininkai public transport,D,67.5,2026-08-07,current,26809,no,,Set wheelchair_boarding to 1 (accessible) or 2 (not accessible) for every stop. A field survey can start with the busiest stops.,
siauliai-city-public-transport,Šiauliai city public transport,C,71.8,2026-08-07,current,304,no,,Set wheelchair_boarding to 1 (accessible) or 2 (not accessible) for every stop. A field survey can start with the busiest stops.,
siauliai-district-public-transport,Šiauliai district public transport,D,60.1,2026-08-07,current,116,no,,Set wheelchair_boarding to 1 (accessible) or 2 (not accessible) for every stop. A field survey can start with the busiest stops.,
silute-public-transport,Šilutė public transport,F,59.5,2026-08-07,current,26445,no,,Set wheelchair_boarding to 1 (accessible) or 2 (not accessible) for every stop. A field survey can start with the busiest stops.,
sirvintos-public-transport,Širvintos public transport,D,63.8,2026-08-07,current,1607,no,,Set wheelchair_boarding to 1 (accessible) or 2 (not accessible) for every stop. A field survey can start with the busiest stops.,
svencionys-public-transport,Švenčionys public transport,D,64.5,2026-08-07,current,1638,no,,Set wheelchair_boarding to 1 (accessible) or 2 (not accessible) for every stop. A field survey can start with the busiest stops.,
osea-ammochostos,ΟΣΕΑ (Ammochostos),C,79.4,2026-08-07,current,88,no,,Set wheelchair_boarding to 1 (accessible) or 2 (not accessible) for every stop. A field survey can start with the busiest stops.,
osypa-pafos,ΟΣΥΠΑ (Pafos),C,75.9,2026-08-07,current,85,no,,Set wheelchair_boarding to 1 (accessible) or 2 (not accessible) for every stop. A field survey can start with the busiest stops.,
cgm-sofia,Център за градска мобилност (Sofia Urban Mobility Center),C,76.7,2026-08-07,current,364,no,,Set wheelchair_boarding to 1 (accessible) or 2 (not accessible) for every stop. A field survey can start with the busiest stops.,
amacity-amashijunkaibasu,あま市巡回バス,C,76.1,2026-08-07,current,236,no,,Set wheelchair_boarding to 1 (accessible) or 2 (not accessible) for every stop. A field survey can start with the busiest stops.,
inabecity-fukushibus,いなべ市福祉バス,B,81.0,2026-08-07,current,236,no,,Set wheelchair_boarding to 1 (accessible) or 2 (not accessible) for every stop. A field survey can start with the busiest stops.,
kitashitara-odekakehokusetsu,おでかけ北設（設楽町・東栄町・豊根村） (北設楽郡公共交通活性化協議会),C,72.8,2026-08-07,current,236,no,,Set wheelchair_boarding to 1 (accessible) or 2 (not accessible) for every stop. A field survey can start with the busiest stops.,
kisokoikirengo-kiso-bus,きそバス (木曽広域連合),C,75.8,2026-08-07,current,82,no,,Set wheelchair_boarding to 1 (accessible) or 2 (not accessible) for every stop. A field survey can start with the busiest stops.,
nisshincity-communitybus,くるりんばす（日進市巡回バス）,C,73.3,2026-08-07,current,156,no,,Set wheelchair_boarding to 1 (accessible) or 2 (not accessible) for every stop. A field survey can start with the busiest stops.,
okuwavillage-kuwachan-bus,くわちゃんバス (大桑村),C,76.1,2026-08-07,current,168,no,,Set wheelchair_boarding to 1 (accessible) or 2 (not accessible) for every stop. A field survey can start with the busiest stops.,
kanicity-satsukibus,さつきバス (可児市),B,84.0,2026-08-07,current,236,no,,"Set wheelchair_accessible on every trip. If every vehicle is accessible, this may be one default; otherwise use the value for each trip.",
suzakicity-suzakashiminbus,すざか市民バス (須坂市),C,74.4,2026-08-07,current,266,no,,Set wheelchair_boarding to 1 (accessible) or 2 (not accessible) for every stop. A field survey can start with the busiest stops.,
kuratetown-kuratetownsmilebusmiyawakaline,すまいるバスみやわか線 (鞍手町),B,83.6,2026-08-07,current,236,no,,Set wheelchair_boarding to 1 (accessible) or 2 (not accessible) for every stop. A field survey can start with the busiest stops.,
tsurugitown-tsurugitownbus,つるぎ町コミュニティーバス,C,74.9,2026-08-07,current,236,no,,Set wheelchair_boarding to 1 (accessible) or 2 (not accessible) for every stop. A field survey can start with the busiest stops.,
toyoyamatown-communitybus,とよやまタウンバス (豊山町),C,77.6,2026-08-07,current,236,no,,Set wheelchair_boarding to 1 (accessible) or 2 (not accessible) for every stop. A field survey can start with the busiest stops.,
aichi-miyoshicity-sansanbus,みよし市さんさんバス,C,75.1,2026-08-07,current,236,no,,Set wheelchair_boarding to 1 (accessible) or 2 (not accessible) for every stop. A field survey can start with the busiest stops.,
ichikawatown-communitybus,コミュニティバス (市川町),C,77.9,2026-08-07,current,266,no,,Set wheelchair_boarding to 1 (accessible) or 2 (not accessible) for every stop. A field survey can start with the busiest stops.,
hyogo-kamikawatown-communitybus,コミュニティバス (神河町),C,76.6,2026-08-07,current,236,no,,Review the rule documentation for 'stop_time_with_arrival_before_previous_departure_time' at https://gtfs-validator.mobilitydata.org/rules.html and check the flagged rows in your feed.,
hichisotown-choeibus,七宗町営バス,C,76.2,2026-08-07,current,236,no,,Set wheelchair_boarding to 1 (accessible) or 2 (not accessible) for every stop. A field survey can start with the busiest stops.,
miharavillage-gtfs-miharavill-bus,三原村「三原バス」,C,75.2,2026-08-07,current,87,no,,Set wheelchair_boarding to 1 (accessible) or 2 (not accessible) for every stop. A field survey can start with the busiest stops.,
agematsutown-agematu,上松町公共交通,C,76.2,2026-08-07,current,328,no,,Set wheelchair_boarding to 1 (accessible) or 2 (not accessible) for every stop. A field survey can start with the busiest stops.,
nakatosatown-gtfs-nakatosatown-bus,中土佐町コミュニティバス,B,81.4,2026-08-07,current,237,no,,Set wheelchair_boarding to 1 (accessible) or 2 (not accessible) for every stop. A field survey can start with the busiest stops.,
nakayamatown-nakayamatown,中山町営バス,C,75.2,2026-08-07,current,236,no,,Set wheelchair_boarding to 1 (accessible) or 2 (not accessible) for every stop. A field survey can start with the busiest stops.,
nakadomaritown-nakadomari-communitybus,中泊町コミュニティバス,C,76.2,2026-08-07,current,146,no,,Set wheelchair_boarding to 1 (accessible) or 2 (not accessible) for every stop. A field survey can start with the busiest stops.,
hisayamatown-hisayamaikobus,久山町コミュニティバス イコバス,C,79.9,2026-08-07,current,236,no,,Set wheelchair_boarding to 1 (accessible) or 2 (not accessible) for every stop. A field survey can start with the busiest stops.,
niyodogawatown-gtfs-niyodogawatown-townsbus,仁淀川町町民バス,C,77.1,2026-08-07,current,142,no,,Set wheelchair_boarding to 1 (accessible) or 2 (not accessible) for every stop. A field survey can start with the busiest stops.,
fukuokacity-imajukumeinohamaline,今宿姪浜線乗合バス (福岡市),B,85.3,2026-08-07,current,236,no,,Set wheelchair_boarding to 1 (accessible) or 2 (not accessible) for every stop. A field survey can start with the busiest stops.,
sakawatown-gtfs-sakawatown-bus,佐川町コミュニティバス「さかわぐるぐるバス」,B,80.5,2026-08-07,current,236,no,,Set wheelchair_boarding to 1 (accessible) or 2 (not accessible) for every stop. A field survey can start with the busiest stops.,
hachinohecity-hachinohe-nango,八戸市南郷コミュニティバス,C,75.3,2026-08-07,current,236,no,,Set wheelchair_boarding to 1 (accessible) or 2 (not accessible) for every stop. A field survey can start with the busiest stops.,
rokkashovillage-rokkasho-sharedtaxi,六ヶ所村乗合タクシー,C,73.7,2026-08-07,current,84,no,,Set wheelchair_boarding to 1 (accessible) or 2 (not accessible) for every stop. A field survey can start with the busiest stops.,
kitanagoyacity-communitybus,北名古屋市　市内循環バス「きたバス」,C,73.5,2026-08-07,current,236,no,,Set wheelchair_boarding to 1 (accessible) or 2 (not accessible) for every stop. A field survey can start with the busiest stops.,
kitajimatown-kitajimatownfukushibus,北島町福祉バス,C,75.0,2026-08-07,current,195,no,,Set wheelchair_boarding to 1 (accessible) or 2 (not accessible) for every stop. A field survey can start with the busiest stops.,
kitagawavillage-gtfs-kitagawavill-bus,北川村営バス,C,78.8,2026-08-07,current,236,no,,Set wheelchair_boarding to 1 (accessible) or 2 (not accessible) for every stop. A field survey can start with the busiest stops.,
nagisotown-communitybus,南木曽町地域バス,C,77.9,2026-08-07,current,236,no,,Set wheelchair_boarding to 1 (accessible) or 2 (not accessible) for every stop. A field survey can start with the busiest stops.,
shimantotown-gtfs-shimantotown-bus,四万十町コミュニティバス,C,77.3,2026-08-07,current,237,no,,Set wheelchair_boarding to 1 (accessible) or 2 (not accessible) for every stop. A field survey can start with the busiest stops.,
sotogahamatown-sotogahama-townbus,外ヶ浜町営バス,C,73.6,2026-08-07,current,146,no,,Set wheelchair_boarding to 1 (accessible) or 2 (not accessible) for every stop. A field survey can start with the busiest stops.,
takitown-choeibus,多気町営バス,C,76.1,2026-08-07,current,177,no,,Set wheelchair_boarding to 1 (accessible) or 2 (not accessible) for every stop. A field survey can start with the busiest stops.,
oguchitown-communitybus,大口町コミュニティバス,C,75.3,2026-08-07,current,297,no,,Set wheelchair_boarding to 1 (accessible) or 2 (not accessible) for every stop. A field survey can start with the busiest stops.,
odaitown-choeibus,大台町営バス,C,77.7,2026-08-07,current,266,no,,Set wheelchair_boarding to 1 (accessible) or 2 (not accessible) for every stop. A field survey can start with the busiest stops.,
otsukitown-gtfs-otsukitown-bus,大月町「まちなか循環線」,B,84.0,2026-08-07,current,237,no,,Set wheelchair_boarding to 1 (accessible) or 2 (not accessible) for every stop. A field survey can start with the busiest stops.,
oetown-oetown,大江町営バス,C,77.9,2026-08-07,current,236,no,,Set wheelchair_boarding to 1 (accessible) or 2 (not accessible) for every stop. A field survey can start with the busiest stops.,
owanitown-owanitown-sunekarabus,大鰐町スネカラバス,C,76.2,2026-08-07,current,146,no,,Set wheelchair_boarding to 1 (accessible) or 2 (not accessible) for every stop. A field survey can start with the busiest stops.,
miyawakacity-miyawakamunakataline,宮田・百合野線 (宮若市),B,81.7,2026-08-07,current,236,no,,Set wheelchair_boarding to 1 (accessible) or 2 (not accessible) for every stop. A field survey can start with the busiest stops.,
yamagata-ogunitown-ogunitown,小国町営バス (山形県小国町),C,73.6,2026-08-07,current,327,no,,Set wheelchair_boarding to 1 (accessible) or 2 (not accessible) for every stop. A field survey can start with the busiest stops.,
kosugevillage-kosugesoneibus,小菅村営バス,C,79.7,2026-08-07,current,236,no,,Set wheelchair_boarding to 1 (accessible) or 2 (not accessible) for every stop. A field survey can start with the busiest stops.,
owasecity-fureaibus,尾鷲市ふれあいバス,C,76.2,2026-08-07,current,177,no,,Set wheelchair_boarding to 1 (accessible) or 2 (not accessible) for every stop. A field survey can start with the busiest stops.,
gifu-yamagatacity-communitybus,山県市自主運行バス,C,75.4,2026-08-07,current,236,no,,Set wheelchair_boarding to 1 (accessible) or 2 (not accessible) for every stop. A field survey can start with the busiest stops.,
yamanobetown-yamanobetown,山辺町営バス,C,76.2,2026-08-07,current,222,no,,Set wheelchair_boarding to 1 (accessible) or 2 (not accessible) for every stop. A field survey can start with the busiest stops.,
nagano-kawakamivillage-kawakamibus,川上村営バス,D,66.3,2026-08-07,current,236,no,,Review the rule documentation for 'duplicate_key' at https://gtfs-validator.mobilitydata.org/rules.html and check the flagged rows in your feed.,
fukuoka-kawasakitown-kawasakitownfureaibus,川崎町ふれあいバス,B,81.8,2026-08-07,current,236,no,,Set wheelchair_boarding to 1 (accessible) or 2 (not accessible) for every stop. A field survey can start with the busiest stops.,
kawagoetown-fureaibus,川越町ふれあいバス,C,75.3,2026-08-07,current,236,no,,Set wheelchair_boarding to 1 (accessible) or 2 (not accessible) for every stop. A field survey can start with the busiest stops.,
fukusakitown-junkai-fukuhime-fukusakikasairenkei,巡回バス/ふくひめ号/福崎町・加西市連携コミュニティバス,C,76.1,2026-08-07,current,236,no,,Set wheelchair_boarding to 1 (accessible) or 2 (not accessible) for every stop. A field survey can start with the busiest stops.,
shonaitown-shonaitown,庄内町営バス,C,73.1,2026-08-07,current,236,no,,Set wheelchair_boarding to 1 (accessible) or 2 (not accessible) for every stop. A field survey can start with the busiest stops.,
wataraitown-choeibus,度会町営バス,C,76.2,2026-08-07,current,236,no,,Set wheelchair_boarding to 1 (accessible) or 2 (not accessible) for every stop. A field survey can start with the busiest stops.,
mitaketown-communitybus,御嵩町コミュニティバス「ふれあいバス」,C,76.0,2026-08-07,current,280,no,,Set wheelchair_boarding to 1 (accessible) or 2 (not accessible) for every stop. A field survey can start with the busiest stops.,
enacity-communitybus,恵那市自主運行バス（コミュニティバス）,C,72.4,2026-08-07,current,236,no,,Set wheelchair_boarding to 1 (accessible) or 2 (not accessible) for every stop. A field survey can start with the busiest stops.,
kamigoritown-ainorigo,愛のり号 (上郡町),B,81.1,2026-08-07,current,85,no,,Set wheelchair_boarding to 1 (accessible) or 2 (not accessible) for every stop. A field survey can start with the busiest stops.,
tozawavillage-tozawavillagebus,戸沢村営バス,C,76.2,2026-08-07,current,236,no,,Set wheelchair_boarding to 1 (accessible) or 2 (not accessible) for every stop. A field survey can start with the busiest stops.,
ibigawatown-communitybus,揖斐川町ふれあいバス,C,75.3,2026-08-07,current,419,no,,Set wheelchair_boarding to 1 (accessible) or 2 (not accessible) for every stop. A field survey can start with the busiest stops.,
shingovillage-shingo-mizubashogo,新郷村営バス,C,74.9,2026-08-07,current,146,no,,Set wheelchair_boarding to 1 (accessible) or 2 (not accessible) for every stop. A field survey can start with the busiest stops.,
shiga-hinotown-choueibus,日野町営バス,C,75.2,2026-08-07,current,236,no,,Set wheelchair_boarding to 1 (accessible) or 2 (not accessible) for every stop. A field survey can start with the busiest stops.,
mie-meiwatown-chominbus,明和町町民バス,C,76.2,2026-08-07,current,236,no,,Set wheelchair_boarding to 1 (accessible) or 2 (not accessible) for every stop. A field survey can start with the busiest stops.,
kasugacity-yayoi-kasuga,春日市コミュニティバスやよい,C,74.0,2026-08-07,current,236,no,,Set wheelchair_boarding to 1 (accessible) or 2 (not accessible) for every stop. A field survey can start with the busiest stops.,
yamagata-asahitown-asahitown,朝日町営バス,C,74.9,2026-08-07,current,236,no,,Set wheelchair_boarding to 1 (accessible) or 2 (not accessible) for every stop. A field survey can start with the busiest stops.,
kisosakitown-communitybus,木曽岬町自主運行バス,C,76.1,2026-08-07,current,236,no,,Set wheelchair_boarding to 1 (accessible) or 2 (not accessible) for every stop. A field survey can start with the busiest stops.,
kisovillage-kisovill,木祖村公共交通,C,74.1,2026-08-07,current,61,no,,Set wheelchair_boarding to 1 (accessible) or 2 (not accessible) for every stop. A field survey can start with the busiest stops.,
motosucity-shieibus,本巣市営バス,C,75.0,2026-08-07,current,236,no,,Set wheelchair_boarding to 1 (accessible) or 2 (not accessible) for every stop. A field survey can start with the busiest stops.,
murayamacity-murayamacity,村山市営バス,C,75.2,2026-08-07,current,236,no,,Set wheelchair_boarding to 1 (accessible) or 2 (not accessible) for every stop. A field survey can start with the busiest stops.,
higashimiyoshitown-higashimiyoshitownbus,東みよし町営バス,C,75.1,2026-08-07,current,236,no,,Set wheelchair_boarding to 1 (accessible) or 2 (not accessible) for every stop. A field survey can start with the busiest stops.,
tohokutown-tohoku-town-bus,東北町町民バス,C,71.9,2026-08-07,current,236,no,,Set wheelchair_boarding to 1 (accessible) or 2 (not accessible) for every stop. A field survey can start with the busiest stops.,
tointown-communitybus,東員町「オレンジバス」,C,75.0,2026-08-07,current,419,no,,Set wheelchair_boarding to 1 (accessible) or 2 (not accessible) for every stop. A field survey can start with the busiest stops.,
higashiuratown-communitybus,東浦町運行バス　う・ら・ら,C,77.7,2026-08-07,current,236,no,,Set wheelchair_boarding to 1 (accessible) or 2 (not accessible) for every stop. A field survey can start with the busiest stops.,
sekicity-itadorifureaibus,板取ふれあいバス (関市),C,76.2,2026-08-07,current,236,no,,Set wheelchair_boarding to 1 (accessible) or 2 (not accessible) for every stop. A field survey can start with the busiest stops.,
taketoyotown-communitybus,武豊町コミュニティバス「ゆめころん」,C,75.9,2026-08-07,current,236,no,,Set wheelchair_boarding to 1 (accessible) or 2 (not accessible) for every stop. A field survey can start with the busiest stops.,
nagano-ikedatown-ikedatownbus,池田町営バス,C,72.5,2026-08-07,current,222,no,,Set wheelchair_boarding to 1 (accessible) or 2 (not accessible) for every stop. A field survey can start with the busiest stops.,
kahokutown-kahokutown,河北町営バス,C,76.0,2026-08-07,current,146,no,,Set wheelchair_boarding to 1 (accessible) or 2 (not accessible) for every stop. A field survey can start with the busiest stops.,
kochi-tsunotown-gtfs-tsunotown-bus,津野町コミュニティバス「つのバス」,C,74.7,2026-08-07,current,146,no,,Set wheelchair_boarding to 1 (accessible) or 2 (not accessible) for every stop. A field survey can start with the busiest stops.,
kaizucity-communitybus,海津市コミュニティバス,C,77.7,2026-08-07,current,236,no,,Set wheelchair_boarding to 1 (accessible) or 2 (not accessible) for every stop. A field survey can start with the busiest stops.,
kaiyotown-kaiyotownbus,海陽町営バス,C,76.0,2026-08-07,current,236,no,,Set wheelchair_boarding to 1 (accessible) or 2 (not accessible) for every stop. A field survey can start with the busiest stops.,
soedatown-soedamachibus,添田町バス,C,78.8,2026-08-07,current,236,no,,Set wheelchair_boarding to 1 (accessible) or 2 (not accessible) for every stop. A field survey can start with the busiest stops.,
otakivillage-otaki-village,王滝村,C,76.0,2026-08-07,current,236,no,,Set wheelchair_boarding to 1 (accessible) or 2 (not accessible) for every stop. A field survey can start with the busiest stops.,
mizunamicity-communitybus,瑞浪市コミュニティバス,C,73.2,2026-08-07,current,236,no,,Set wheelchair_boarding to 1 (accessible) or 2 (not accessible) for every stop. A field survey can start with the busiest stops.,
shinonsentown-yumetsubame,町民バス夢つばめ (新温泉町),D,62.3,2026-08-07,current,236,no,,Review the rule documentation for 'foreign_key_violation' at https://gtfs-validator.mobilitydata.org/rules.html and check the flagged rows in your feed.,
shiratakatown-shiratakatown,白鷹町営バス,C,76.2,2026-08-07,current,236,no,,Set wheelchair_boarding to 1 (accessible) or 2 (not accessible) for every stop. A field survey can start with the busiest stops.,
mamurogawatown-mamurogawatown,真室川町営バス,C,73.6,2026-08-07,current,236,no,,Set wheelchair_boarding to 1 (accessible) or 2 (not accessible) for every stop. A field survey can start with the busiest stops.,
chiryucity-communitybus,知立市「ミニバス」（コミュニティバス）,C,71.5,2026-08-07,current,146,no,,Set wheelchair_boarding to 1 (accessible) or 2 (not accessible) for every stop. A field survey can start with the busiest stops.,
tateyamatown-tateyama,立山町営バス,C,73.1,2026-08-07,current,64,no,,Set wheelchair_boarding to 1 (accessible) or 2 (not accessible) for every stop. A field survey can start with the busiest stops.,
chikujotown-chikujotowncommunitybus,築上町コミュニティバス,B,80.9,2026-08-07,current,236,no,,Set wheelchair_boarding to 1 (accessible) or 2 (not accessible) for every stop. A field survey can start with the busiest stops.,
kihotown-chominbus,紀宝町民バス,C,75.0,2026-08-07,current,177,no,,Set wheelchair_boarding to 1 (accessible) or 2 (not accessible) for every stop. A field survey can start with the busiest stops.,
hashimacity-hashimacitycommunitybus,羽島市コミュニティバス,C,76.2,2026-08-07,current,236,no,,Set wheelchair_boarding to 1 (accessible) or 2 (not accessible) for every stop. A field survey can start with the busiest stops.,
chikugocity-hainuzukastationarealoopbus,羽犬塚駅周辺循環バス (筑後市),B,80.4,2026-08-07,current,236,no,,Set wheelchair_boarding to 1 (accessible) or 2 (not accessible) for every stop. A field survey can start with the busiest stops.,
geiseivillage-gtfs-geiseivill-bus,芸西村「おでかけバス」,C,79.6,2026-08-07,current,237,no,,Set wheelchair_boarding to 1 (accessible) or 2 (not accessible) for every stop. A field survey can start with the busiest stops.,
kandatown-kandatowncommunitybus,苅田町コミュニティバス,B,80.9,2026-08-07,current,236,no,,Set wheelchair_boarding to 1 (accessible) or 2 (not accessible) for every stop. A field survey can start with the busiest stops.,
moriyamacity-kuruttobus,草津市、守山市、栗東市　くるっとバス,C,76.0,2026-08-07,current,236,no,,Set wheelchair_boarding to 1 (accessible) or 2 (not accessible) for every stop. A field survey can start with the busiest stops.,
iiyamacity-nanohanabus,菜の花バス市街地循環線 (飯山市),C,75.3,2026-08-07,current,236,no,,Set wheelchair_boarding to 1 (accessible) or 2 (not accessible) for every stop. A field survey can start with the busiest stops.,
yomogitavillage-yomogita-communitybus,蓬田村コミュニティバス,C,76.2,2026-08-07,current,236,no,,Set wheelchair_boarding to 1 (accessible) or 2 (not accessible) for every stop. A field survey can start with the busiest stops.,
nishikawatown-nishikawatown,西川町営バス,C,74.7,2026-08-07,current,236,no,,Set wheelchair_boarding to 1 (accessible) or 2 (not accessible) for every stop. A field survey can start with the busiest stops.,
toyoakecity-himawaribus,豊明市ひまわりバス,D,67.9,2026-08-07,current,236,no,,Add the required column named in the finding to the flagged file.,
ongatown-ongatowncommunitybus,遠賀町コミュニティバス,C,76.2,2026-08-07,current,236,no,,Set wheelchair_boarding to 1 (accessible) or 2 (not accessible) for every stop. A field survey can start with the busiest stops.,
yamagata-kaneyamatown-kaneyamatown,金山町営バス (山形県金山町),C,75.3,2026-08-07,current,236,no,,Set wheelchair_boarding to 1 (accessible) or 2 (not accessible) for every stop. A field survey can start with the busiest stops.,
hashikamitown-hashikamibus,階上町コミュニティバス,B,81.9,2026-08-07,current,236,no,,Set wheelchair_boarding to 1 (accessible) or 2 (not accessible) for every stop. A field survey can start with the busiest stops.,
aokivillage-aokisoneibus,青木村営バス,C,75.2,2026-08-07,current,259,no,,Set wheelchair_boarding to 1 (accessible) or 2 (not accessible) for every stop. A field survey can start with the busiest stops.,
suetown-suetowncommunitybus,須恵町コミュニティバス,B,80.8,2026-08-07,current,236,no,,Set wheelchair_boarding to 1 (accessible) or 2 (not accessible) for every stop. A field survey can start with the busiest stops.,
sakegawavillage-sakegawavillage,鮭川村営バス,C,76.2,2026-08-07,current,252,no,,Set wheelchair_boarding to 1 (accessible) or 2 (not accessible) for every stop. A field survey can start with the busiest stops.,
tsurutatown-tsuruta-townbus,鶴田町地域巡回バス,C,76.2,2026-08-07,current,236,no,,Set wheelchair_boarding to 1 (accessible) or 2 (not accessible) for every stop. A field survey can start with the busiest stops.,
