{"features":[{"geometry":{"coordinates":[[-82.57494,35.63712],[-82.57528,35.6365],[-82.57542,35.63499],[-82.57576,35.6344],[-82.57612,35.63096],[-82.57588,35.62963],[-82.57144,35.63045],[-82.56838,35.63124],[-82.56592,35.63141],[-82.56433,35.63193],[-82.56301,35.63299],[-82.56259,35.63303],[-82.55981,35.63218],[-82.55801,35.63208],[-82.55711,35.63176],[-82.55667,35.6314],[-82.55622,35.63052],[-82.55507,35.62748],[-82.5532,35.62696],[-82.55433,35.62471],[-82.55464,35.62331],[-82.55419,35.61745],[-82.55487,35.61532],[-82.55694,35.61541],[-82.55886,35.6141],[-82.56272,35.61431],[-82.56311,35.61487],[-82.56299,35.61719],[-82.56375,35.61767],[-82.56367,35.61866],[-82.56336,35.619],[-82.56409,35.61916],[-82.56545,35.61908],[-82.56614,35.61873],[-82.56683,35.61811],[-82.56786,35.6164],[-82.5677,35.61588],[-82.56739,35.61561],[-82.56655,35.61501],[-82.5661,35.61497],[-82.56398,35.61672],[-82.56375,35.61724],[-82.56349,35.61745],[-82.56313,35.61734],[-82.56297,35.61709],[-82.56311,35.61487],[-82.56289,35.61416],[-82.55886,35.6141],[-82.55694,35.61541],[-82.55487,35.61532],[-82.55513,35.61164],[-82.55312,35.60568],[-82.55325,35.60235],[-82.55398,35.59987],[-82.55395,35.59945],[-82.55371,35.59896],[-82.55256,35.59778],[-82.55192,35.59552],[-82.55427,35.59504],[-82.55509,35.59438],[-82.55553,35.59429],[-82.55505,35.59273],[-82.5559,35.59275]],"type":"LineString"},"properties":{"color":"#00639A","color_name":"teal","kind":"route","label":"N1","long":"North 1","route_id":"1131","text_color":"#FFFFFF","type_label":"Bus"},"type":"Feature"},{"geometry":{"coordinates":[[-82.55591,35.59277],[-82.55637,35.59278],[-82.5563,35.59413],[-82.55176,35.59501],[-82.55256,35.59778],[-82.55373,35.59902],[-82.55399,35.59985],[-82.55334,35.60178],[-82.55312,35.60568],[-82.55514,35.6117],[-82.55487,35.61532],[-82.55694,35.61541],[-82.55886,35.6141],[-82.56272,35.61431],[-82.56311,35.61487],[-82.56299,35.61719],[-82.56375,35.61767],[-82.56367,35.61866],[-82.56336,35.619],[-82.56374,35.61913],[-82.56545,35.61908],[-82.56614,35.61873],[-82.56683,35.61811],[-82.56714,35.61743],[-82.56779,35.61671],[-82.5677,35.61588],[-82.56655,35.61501],[-82.5662,35.61495],[-82.56473,35.61601],[-82.56349,35.61745],[-82.56313,35.61734],[-82.56297,35.61709],[-82.56311,35.61487],[-82.56289,35.61416],[-82.55886,35.6141],[-82.55694,35.61541],[-82.55487,35.61532],[-82.55417,35.61763],[-82.55465,35.62321],[-82.55433,35.62471],[-82.55289,35.62757],[-82.55274,35.62921],[-82.55115,35.63019],[-82.55064,35.63103],[-82.5505,35.63163],[-82.551,35.63302],[-82.55047,35.63396],[-82.547,35.63691],[-82.54649,35.63716],[-82.54405,35.63751],[-82.54313,35.6379],[-82.54236,35.6388],[-82.5405,35.63971],[-82.54024,35.64055],[-82.53961,35.6414],[-82.53924,35.64228],[-82.53829,35.64302],[-82.53687,35.64273],[-82.53564,35.64319],[-82.53325,35.6419],[-82.53143,35.64168],[-82.52885,35.64202],[-82.52879,35.6439],[-82.52775,35.64385],[-82.52804,35.64405]],"type":"LineString"},"properties":{"color":"#D71920","color_name":"red","kind":"route","label":"N2","long":"North 2","route_id":"1132","text_color":"#FFFFFF","type_label":"Bus"},"type":"Feature"},{"geometry":{"coordinates":[[-82.5557,35.59282],[-82.55634,35.59286],[-82.55631,35.59413],[-82.55399,35.59457],[-82.55541,35.5966],[-82.5561,35.59705],[-82.55761,35.59684],[-82.55924,35.59618],[-82.56006,35.59716],[-82.56466,35.59383],[-82.56634,35.59329],[-82.56715,35.59343],[-82.56812,35.59407],[-82.56889,35.59563],[-82.56976,35.59523],[-82.57069,35.59508],[-82.57107,35.5947],[-82.56969,35.59222],[-82.56904,35.59247],[-82.57047,35.59497]],"type":"LineString"},"properties":{"color":"#00723F","color_name":"green","kind":"route","label":"N3","long":"North 3","route_id":"1133","text_color":"#FFFFFF","type_label":"Bus"},"type":"Feature"},{"geometry":{"coordinates":[[-82.31895,35.61517],[-82.31895,35.61487],[-82.32043,35.6143],[-82.3208,35.61551],[-82.32125,35.61539],[-82.32189,35.61584],[-82.32271,35.61513],[-82.32703,35.61379],[-82.33023,35.61211],[-82.33176,35.61156],[-82.35857,35.60586],[-82.36986,35.60113],[-82.37279,35.60032],[-82.37565,35.6],[-82.37906,35.60017],[-82.39013,35.60247],[-82.39321,35.60299],[-82.39499,35.6029],[-82.40154,35.60051],[-82.40333,35.60003],[-82.40362,35.60012],[-82.40412,35.59986],[-82.40937,35.59903],[-82.41589,35.5971],[-82.41924,35.59674],[-82.42161,35.59625],[-82.42628,35.5946],[-82.42882,35.59392],[-82.43611,35.59296],[-82.4433,35.59124],[-82.44915,35.59112],[-82.45076,35.59088],[-82.45299,35.58991],[-82.45678,35.58677],[-82.45917,35.58537],[-82.46263,35.58416],[-82.46504,35.58375],[-82.46769,35.58372],[-82.46969,35.58402],[-82.47208,35.58473],[-82.47506,35.58613],[-82.47648,35.58644],[-82.48115,35.58655],[-82.4879,35.58744],[-82.49291,35.58745],[-82.49419,35.5879],[-82.49639,35.58941],[-82.49759,35.58986],[-82.49886,35.58973],[-82.49999,35.58908],[-82.50154,35.58945],[-82.50252,35.59024],[-82.50567,35.59193],[-82.5038,35.59284],[-82.50324,35.59447],[-82.50322,35.59531],[-82.50373,35.59607],[-82.50463,35.59694],[-82.50544,35.59729],[-82.50738,35.59734],[-82.50899,35.59687],[-82.5097,35.59625],[-82.51043,35.59437],[-82.51052,35.59338],[-82.51106,35.59273],[-82.51202,35.59223],[-82.51463,35.59159],[-82.51578,35.59062],[-82.51591,35.5908],[-82.51581,35.5919],[-82.51529,35.59242],[-82.51513,35.59495],[-82.5155,35.59512],[-82.51718,35.59513],[-82.51749,35.58741],[-82.51584,35.58704],[-82.51383,35.58712],[-82.51377,35.58675],[-82.51707,35.58641],[-82.52422,35.58495],[-82.52618,35.58473],[-82.52737,35.58495],[-82.52882,35.58655],[-82.52929,35.58752],[-82.53086,35.59242],[-82.53201,35.59455],[-82.53274,35.5955],[-82.5361,35.59775],[-82.54067,35.59935],[-82.54154,35.59932],[-82.54287,35.59848],[-82.54738,35.59726],[-82.54997,35.59592],[-82.55427,35.59504],[-82.55509,35.59438],[-82.55552,35.59429],[-82.55505,35.59273],[-82.5554,35.59273]],"type":"LineString"},"properties":{"color":"#A1490C","color_name":"brown","kind":"route","label":"170","long":"","route_id":"1134","text_color":"#FFFFFF","type_label":"Bus"},"type":"Feature"},{"geometry":{"coordinates":[[-82.55566,35.5929],[-82.55509,35.59288],[-82.55507,35.59107],[-82.55397,35.59096],[-82.55226,35.59124],[-82.5509,35.59112],[-82.55169,35.58879],[-82.55175,35.58653],[-82.55126,35.58459],[-82.55142,35.58302],[-82.55076,35.58063],[-82.54994,35.57921],[-82.54803,35.57759],[-82.54724,35.57612],[-82.54686,35.5749],[-82.54588,35.57375],[-82.54565,35.57294],[-82.54519,35.57224],[-82.545,35.57074],[-82.54377,35.56727],[-82.5423,35.56744],[-82.54045,35.56642],[-82.53854,35.5658],[-82.53763,35.5639],[-82.53501,35.56198],[-82.53258,35.55619],[-82.53221,35.55248],[-82.53243,35.5512],[-82.53035,35.55107],[-82.53049,35.5485],[-82.52788,35.54888],[-82.52548,35.54842],[-82.52555,35.54709],[-82.52492,35.54693],[-82.52502,35.54666],[-82.52598,35.5452],[-82.5278,35.54364],[-82.52766,35.54218],[-82.52707,35.54069],[-82.5269,35.53886],[-82.52652,35.53791],[-82.52902,35.53637],[-82.5281,35.53489],[-82.52784,35.53377],[-82.51942,35.53542],[-82.52192,35.54585],[-82.52179,35.54665],[-82.51998,35.55199],[-82.52068,35.55218],[-82.52133,35.55273],[-82.52256,35.55323],[-82.52305,35.55376],[-82.52324,35.55424],[-82.52308,35.55481],[-82.52233,35.55515],[-82.52178,35.55501],[-82.52128,35.5545],[-82.52122,35.55396],[-82.52201,35.55306]],"type":"LineString"},"properties":{"color":"#D71920","color_name":"red","kind":"route","label":"S1","long":"South 1","route_id":"1135","text_color":"#FFFFFF","type_label":"Bus"},"type":"Feature"},{"geometry":{"coordinates":[[-82.55574,35.59277],[-82.55637,35.59278],[-82.55628,35.59414],[-82.55047,35.5952],[-82.55082,35.59573],[-82.54984,35.59592],[-82.54681,35.5973],[-82.54287,35.59848],[-82.54125,35.59938],[-82.54067,35.59935],[-82.53604,35.59775],[-82.53274,35.5955],[-82.53136,35.59344],[-82.53063,35.59179],[-82.52997,35.58959],[-82.53042,35.58858],[-82.53121,35.58801],[-82.53267,35.58751],[-82.53553,35.58752],[-82.53696,35.58592],[-82.53674,35.58527],[-82.53565,35.58492],[-82.53554,35.58169],[-82.53587,35.58107],[-82.539,35.57823],[-82.53891,35.57786],[-82.5386,35.57763],[-82.53852,35.57678],[-82.54233,35.57713],[-82.54299,35.57648],[-82.54375,35.57644],[-82.54419,35.57586],[-82.54465,35.57611],[-82.54452,35.57659],[-82.54483,35.57712],[-82.54571,35.57782],[-82.54689,35.57826],[-82.54842,35.57799],[-82.55003,35.57929],[-82.5507,35.58047],[-82.55142,35.58302],[-82.55126,35.58458],[-82.55175,35.58655],[-82.55169,35.58879],[-82.5509,35.59113],[-82.55233,35.59125],[-82.55397,35.59097],[-82.55643,35.59118],[-82.55637,35.5929],[-82.55591,35.59289]],"type":"LineString"},"properties":{"color":"#F99D1C","color_name":"orange","kind":"route","label":"S2","long":"South 2","route_id":"1136","text_color":"#1C2634","type_label":"Bus"},"type":"Feature"},{"geometry":{"coordinates":[[-82.55555,35.59276],[-82.55641,35.59277],[-82.55652,35.59084],[-82.55627,35.58554],[-82.55304,35.57928],[-82.5519,35.57818],[-82.5509,35.57633],[-82.55046,35.57286],[-82.55071,35.57093],[-82.55051,35.57008],[-82.54995,35.56965],[-82.5448,35.56721],[-82.54396,35.56576],[-82.54294,35.56501],[-82.54243,35.56384],[-82.54073,35.56135],[-82.53888,35.55906],[-82.53808,35.5566],[-82.5389,35.55409],[-82.53868,35.55309],[-82.53476,35.5479],[-82.53177,35.53997],[-82.52894,35.53626],[-82.52802,35.53468],[-82.52795,35.53307],[-82.52933,35.52732],[-82.52957,35.52395],[-82.52929,35.52166],[-82.52844,35.51884],[-82.52575,35.50786],[-82.52401,35.50343],[-82.52161,35.49954],[-82.52112,35.49728],[-82.52114,35.49594],[-82.52161,35.49352],[-82.52338,35.49083],[-82.52548,35.48557],[-82.5255,35.48441],[-82.52466,35.48112],[-82.52441,35.47913],[-82.52312,35.4763],[-82.52205,35.47317],[-82.52103,35.47176],[-82.51907,35.46981],[-82.51607,35.46519],[-82.51232,35.45991],[-82.51512,35.45914],[-82.51721,35.45894],[-82.51832,35.45853],[-82.51953,35.45753],[-82.52424,35.45209],[-82.52594,35.45111],[-82.52953,35.44974],[-82.53126,35.44868],[-82.53174,35.44816],[-82.53446,35.44363],[-82.53521,35.4418],[-82.53517,35.44131],[-82.53641,35.43881],[-82.53736,35.43903],[-82.53792,35.43896],[-82.53712,35.43702],[-82.53658,35.43688],[-82.53501,35.43298],[-82.53452,35.42445],[-82.53445,35.42412],[-82.53419,35.42411],[-82.53412,35.42471]],"type":"LineString"},"properties":{"color":"#80C342","color_name":"gray","kind":"route","label":"S3","long":"South 3","route_id":"1137","text_color":"#1C2634","type_label":"Bus"},"type":"Feature"},{"geometry":{"coordinates":[[-82.55589,35.59288],[-82.55512,35.59287],[-82.55513,35.59108],[-82.55896,35.59114],[-82.55965,35.58281],[-82.56135,35.58261],[-82.56209,35.58227],[-82.56216,35.58176],[-82.56293,35.58178],[-82.56391,35.58123],[-82.56441,35.58121],[-82.56425,35.57967],[-82.56355,35.57904],[-82.5621,35.57678],[-82.56218,35.57478],[-82.5585,35.57462],[-82.55407,35.57399],[-82.55463,35.5733],[-82.55476,35.57263],[-82.55411,35.56944],[-82.55443,35.56907],[-82.55534,35.5693],[-82.55564,35.56917],[-82.55574,35.56886],[-82.55529,35.56814],[-82.55515,35.56829],[-82.55552,35.56877],[-82.5555,35.56927],[-82.55459,35.56904],[-82.55411,35.56938],[-82.55449,35.5713]],"type":"LineString"},"properties":{"color":"#EC008C","color_name":"pink","kind":"route","label":"S4","long":"South 4","route_id":"1138","text_color":"#000000","type_label":"Bus"},"type":"Feature"},{"geometry":{"coordinates":[[-82.55541,35.59288],[-82.55505,35.59273],[-82.55507,35.59107],[-82.56212,35.59114],[-82.56379,35.58919],[-82.56441,35.5876],[-82.56658,35.58702],[-82.56767,35.58624],[-82.57434,35.5799],[-82.57455,35.57947],[-82.57471,35.57773],[-82.58077,35.57794],[-82.58211,35.5778],[-82.58482,35.57856],[-82.58657,35.57848],[-82.58856,35.57875],[-82.58992,35.57839],[-82.59096,35.5776],[-82.59189,35.57746],[-82.59304,35.5778],[-82.59817,35.58064],[-82.6035,35.58131],[-82.60603,35.58298],[-82.60765,35.5845],[-82.60922,35.58547],[-82.60972,35.58544],[-82.61186,35.58406],[-82.61355,35.58365],[-82.61395,35.58389],[-82.61401,35.58498],[-82.61455,35.58564],[-82.61688,35.58624],[-82.61728,35.58461],[-82.618,35.58293],[-82.61751,35.58186],[-82.61683,35.58096],[-82.62149,35.58041],[-82.62375,35.58131],[-82.62509,35.58222],[-82.6287,35.58278],[-82.63148,35.58068]],"type":"LineString"},"properties":{"color":"#F99D1C","color_name":"orange","kind":"route","label":"W1","long":"West 1","route_id":"1139","text_color":"#1C2634","type_label":"Bus"},"type":"Feature"},{"geometry":{"coordinates":[[-82.55541,35.59288],[-82.55505,35.59273],[-82.55507,35.59107],[-82.56212,35.59114],[-82.56379,35.58919],[-82.56441,35.5876],[-82.56658,35.58702],[-82.56767,35.58624],[-82.57434,35.5799],[-82.57455,35.57947],[-82.57471,35.57773],[-82.58077,35.57794],[-82.58211,35.5778],[-82.58482,35.57856],[-82.58657,35.57848],[-82.58856,35.57875],[-82.58977,35.57846],[-82.59078,35.57767],[-82.59134,35.57747],[-82.59277,35.57769],[-82.59339,35.57645],[-82.59358,35.56957],[-82.59323,35.56771],[-82.59332,35.5663],[-82.59437,35.56502],[-82.5938,35.56334],[-82.5943,35.56292],[-82.59672,35.56212],[-82.59797,35.56107],[-82.60043,35.55249],[-82.60049,35.55168],[-82.60011,35.55018],[-82.59816,35.54743],[-82.59771,35.54651],[-82.59705,35.54338],[-82.59717,35.54137],[-82.59828,35.53886],[-82.60055,35.53536],[-82.60154,35.53454],[-82.6043,35.5331],[-82.605,35.53235],[-82.60679,35.52715],[-82.60688,35.5264],[-82.60503,35.52621],[-82.60309,35.52571],[-82.60129,35.52592],[-82.60067,35.52569],[-82.60032,35.52482],[-82.60076,35.52418],[-82.6015,35.52379],[-82.60582,35.5239],[-82.60687,35.52369],[-82.60672,35.52629],[-82.60643,35.52796],[-82.60562,35.52777],[-82.60528,35.52902]],"type":"LineString"},"properties":{"color":"#00723F","color_name":"green","kind":"route","label":"W2","long":"West 2","route_id":"1140","text_color":"#FFFFFF","type_label":"Bus"},"type":"Feature"},{"geometry":{"coordinates":[[-82.51442,35.57591],[-82.51415,35.5742],[-82.51275,35.57425],[-82.51327,35.57651],[-82.51324,35.57677],[-82.51227,35.57761],[-82.51324,35.57837],[-82.51419,35.57958],[-82.51518,35.57996],[-82.51596,35.57993],[-82.51697,35.5791],[-82.51894,35.57859],[-82.52007,35.57771],[-82.51685,35.57454],[-82.51665,35.57415],[-82.51648,35.57199],[-82.51557,35.57136],[-82.515,35.57039],[-82.51442,35.57025],[-82.51364,35.56948],[-82.5135,35.5691],[-82.51361,35.5681],[-82.51277,35.56461],[-82.51338,35.56453],[-82.51638,35.56501],[-82.51772,35.56553],[-82.51994,35.56554],[-82.52185,35.56623],[-82.5256,35.56672],[-82.52816,35.56794],[-82.53022,35.56783],[-82.53165,35.56694],[-82.53327,35.56644],[-82.5355,35.5664],[-82.53737,35.56666],[-82.53967,35.56613],[-82.5423,35.56744],[-82.54377,35.56727],[-82.54497,35.57064],[-82.54513,35.57207],[-82.54599,35.57398],[-82.54688,35.57495],[-82.5472,35.57602],[-82.54799,35.57755],[-82.55003,35.57929],[-82.55077,35.58065],[-82.55142,35.58302],[-82.55126,35.58458],[-82.55175,35.58655],[-82.55169,35.58879],[-82.5509,35.59113],[-82.55233,35.59125],[-82.55397,35.59096],[-82.55643,35.59118],[-82.55637,35.5929],[-82.5557,35.59289]],"type":"LineString"},"properties":{"color":"#92278F","color_name":"purple","kind":"route","label":"S5","long":"South 5","route_id":"1507","text_color":"#FFFFFF","type_label":"Bus"},"type":"Feature"},{"geometry":{"coordinates":[[-82.55555,35.59286],[-82.55508,35.59288],[-82.55553,35.59429],[-82.56303,35.59281],[-82.56429,35.59275],[-82.56601,35.59299],[-82.56737,35.5934],[-82.56829,35.59401],[-82.56994,35.59662],[-82.57081,35.59674],[-82.57233,35.59652],[-82.57251,35.59645],[-82.57225,35.59584],[-82.57032,35.59592],[-82.56973,35.59567],[-82.56924,35.59515],[-82.56829,35.59241],[-82.56837,35.59198],[-82.56879,35.59161],[-82.57421,35.59039],[-82.57724,35.58997],[-82.57922,35.5903],[-82.58007,35.58996],[-82.5809,35.58914],[-82.58149,35.58889],[-82.58916,35.58705],[-82.59202,35.58681],[-82.59228,35.58755],[-82.5932,35.58884],[-82.59332,35.59009],[-82.5932,35.59107],[-82.59242,35.59433],[-82.59162,35.59569],[-82.59109,35.59942],[-82.59034,35.60045],[-82.59059,35.60258],[-82.58989,35.60362],[-82.58959,35.60516],[-82.5896,35.60543],[-82.59087,35.60615],[-82.5913,35.60668],[-82.58989,35.60755],[-82.58699,35.60728],[-82.58666,35.60699]],"type":"LineString"},"properties":{"color":"#F99D1C","color_name":"orange","kind":"route","label":"W5","long":"West 5","route_id":"1508","text_color":"#1C2634","type_label":"Bus"},"type":"Feature"},{"geometry":{"coordinates":[[-82.57215,35.6108],[-82.57223,35.6111],[-82.5725,35.61102],[-82.57217,35.61066],[-82.57224,35.61018],[-82.5714,35.60945],[-82.57142,35.60841],[-82.56987,35.60746],[-82.56822,35.60713],[-82.5631,35.60071],[-82.55922,35.59621],[-82.55681,35.59704],[-82.55599,35.59706],[-82.55556,35.59684],[-82.55427,35.59504],[-82.55509,35.59437],[-82.55553,35.59429],[-82.55501,35.59276],[-82.55601,35.5928]],"type":"LineString"},"properties":{"color":"#92278F","color_name":"purple","kind":"route","label":"N4","long":"North 4","route_id":"15110","text_color":"#FFFFFF","type_label":"Bus"},"type":"Feature"},{"geometry":{"coordinates":[[-82.55637,35.59277],[-82.5563,35.59413],[-82.55177,35.59502],[-82.55075,35.59161],[-82.55173,35.58841],[-82.5507,35.58885],[-82.55006,35.58954],[-82.54944,35.58956],[-82.54874,35.58986],[-82.54781,35.59063],[-82.54542,35.5913],[-82.54494,35.59175],[-82.54441,35.59285],[-82.54371,35.59355],[-82.54361,35.59438],[-82.54409,35.59623],[-82.54401,35.59814],[-82.54604,35.59753],[-82.54693,35.59948],[-82.54675,35.60294],[-82.54578,35.6112],[-82.54493,35.61169],[-82.54399,35.61172],[-82.54339,35.61195],[-82.54242,35.61328],[-82.54069,35.61435],[-82.54109,35.61528],[-82.54042,35.61714],[-82.54133,35.61924],[-82.54141,35.62102],[-82.54168,35.62111],[-82.54211,35.62078],[-82.54172,35.62042],[-82.54176,35.62008]],"type":"LineString"},"properties":{"color":"#00723F","color_name":"green","kind":"route","label":"N5","long":"North 5","route_id":"15111","text_color":"#FFFFFF","type_label":"Bus"},"type":"Feature"},{"geometry":{"coordinates":[[-82.55591,35.59289],[-82.55637,35.59291],[-82.55631,35.59413],[-82.56329,35.59278],[-82.56473,35.59279],[-82.5666,35.59313],[-82.56762,35.59353],[-82.56829,35.59401],[-82.56994,35.59662],[-82.57081,35.59674],[-82.57251,35.59645],[-82.57225,35.59584],[-82.57032,35.59592],[-82.56973,35.59567],[-82.56924,35.59515],[-82.56829,35.59241],[-82.56837,35.59198],[-82.56879,35.59161],[-82.57421,35.59039],[-82.57724,35.58997],[-82.57941,35.59026],[-82.58149,35.58889],[-82.58966,35.58698],[-82.5916,35.58681],[-82.59731,35.5869],[-82.59784,35.58817],[-82.59869,35.58917],[-82.59973,35.58971],[-82.60313,35.59056],[-82.60588,35.59228],[-82.61034,35.59292],[-82.61294,35.59233],[-82.61433,35.59243],[-82.61818,35.59465],[-82.61912,35.59536],[-82.62075,35.59711],[-82.62305,35.60108],[-82.62486,35.60356],[-82.62559,35.60493],[-82.62694,35.60835],[-82.62656,35.60859],[-82.62672,35.60945],[-82.62647,35.61183],[-82.6265,35.61282],[-82.62683,35.61344],[-82.62751,35.61384],[-82.62928,35.6143],[-82.63018,35.61545],[-82.63108,35.61596],[-82.63208,35.61608],[-82.63299,35.61568],[-82.63252,35.61413],[-82.63256,35.61352],[-82.63299,35.6128],[-82.63146,35.61218]],"type":"LineString"},"properties":{"color":"#00AEEF","color_name":"teal","kind":"route","label":"WE1","long":"West East 1","route_id":"15144","text_color":"#1C2634","type_label":"Bus"},"type":"Feature"},{"geometry":{"coordinates":[[-82.46377,35.57979],[-82.4631,35.58342],[-82.46318,35.58403],[-82.4664,35.58368],[-82.46913,35.58391],[-82.47168,35.58458],[-82.47491,35.58605],[-82.47618,35.58638],[-82.4803,35.58646],[-82.48791,35.58743],[-82.49281,35.58744],[-82.49444,35.58803],[-82.49669,35.58959],[-82.49793,35.5899],[-82.49911,35.58961],[-82.50287,35.58732],[-82.50512,35.58667],[-82.50682,35.58655],[-82.51353,35.58675],[-82.51685,35.58645],[-82.52402,35.58497],[-82.52615,35.58474],[-82.52724,35.58487],[-82.52813,35.58567],[-82.52908,35.58699],[-82.53079,35.59225],[-82.5321,35.5947],[-82.53181,35.59499],[-82.53161,35.59587],[-82.53163,35.59937],[-82.52936,35.5981],[-82.52929,35.59868],[-82.52858,35.5989],[-82.52851,35.59914],[-82.52859,35.59932],[-82.52935,35.59941],[-82.52957,35.6],[-82.52926,35.60033],[-82.52876,35.60041],[-82.52833,35.6002],[-82.52818,35.5998],[-82.5286,35.59932],[-82.52859,35.59891],[-82.5293,35.59868],[-82.52936,35.59811],[-82.53164,35.59939],[-82.53163,35.59569],[-82.53176,35.59512],[-82.53212,35.59472],[-82.53274,35.5955],[-82.53577,35.59755],[-82.54106,35.5994],[-82.54163,35.59927],[-82.54305,35.59845],[-82.54741,35.59724],[-82.54997,35.59592],[-82.55427,35.59504],[-82.55509,35.59437],[-82.55553,35.59429],[-82.55508,35.59286],[-82.55556,35.59287]],"type":"LineString"},"properties":{"color":"#80C342","color_name":"gray","kind":"route","label":"WE2","long":"West East 2","route_id":"15145","text_color":"#1C2634","type_label":"Bus"},"type":"Feature"},{"geometry":{"coordinates":[[-82.55541,35.59288],[-82.55505,35.59273],[-82.55507,35.59107],[-82.56212,35.59114],[-82.56379,35.58919],[-82.56441,35.5876],[-82.56658,35.58702],[-82.56767,35.58624],[-82.57434,35.5799],[-82.57455,35.57947],[-82.57471,35.57773],[-82.58077,35.57794],[-82.58211,35.5778],[-82.58482,35.57856],[-82.58657,35.57848],[-82.58856,35.57875],[-82.58977,35.57846],[-82.59078,35.57767],[-82.59134,35.57747],[-82.59277,35.57769],[-82.59314,35.57698],[-82.59164,35.57667],[-82.59162,35.57743],[-82.59078,35.57767],[-82.58976,35.57847],[-82.58854,35.57873],[-82.58679,35.57678],[-82.58527,35.57573],[-82.58405,35.57421],[-82.58267,35.57176],[-82.58273,35.57065],[-82.58314,35.56932],[-82.58246,35.56905]],"type":"LineString"},"properties":{"color":"#D71920","color_name":"red","kind":"route","label":"W6","long":"West 6","route_id":"15146","text_color":"#FFFFFF","type_label":"Bus"},"type":"Feature"},{"geometry":{"coordinates":[[-82.55608,35.59277],[-82.55641,35.59277],[-82.55651,35.59084],[-82.5562,35.58525],[-82.55304,35.57928],[-82.5519,35.57818],[-82.5509,35.57633],[-82.55046,35.57286],[-82.55071,35.57093],[-82.55051,35.57008],[-82.54995,35.56965],[-82.54512,35.56746],[-82.54444,35.56674],[-82.54396,35.56576],[-82.54294,35.56501],[-82.5421,35.56335],[-82.54238,35.56307],[-82.54161,35.56214],[-82.54225,35.56172],[-82.54216,35.56057],[-82.54239,35.56048],[-82.54281,35.56141],[-82.54357,35.56119],[-82.54338,35.56075],[-82.5426,35.56093],[-82.54239,35.56047],[-82.54208,35.56064],[-82.54225,35.56172],[-82.54158,35.56213],[-82.54235,35.56306],[-82.54202,35.56321],[-82.53868,35.55891],[-82.53806,35.55673],[-82.5389,35.55409],[-82.53868,35.55309],[-82.53476,35.5479],[-82.53177,35.53997],[-82.52894,35.53626],[-82.52802,35.53468],[-82.52795,35.53307],[-82.52933,35.52732],[-82.52957,35.52395],[-82.52929,35.52166],[-82.52844,35.51884],[-82.52575,35.50786],[-82.52401,35.50343],[-82.52161,35.49954],[-82.52112,35.49728],[-82.52144,35.49401],[-82.52185,35.49309],[-82.52338,35.49083],[-82.52533,35.486],[-82.52552,35.48491],[-82.53567,35.48317],[-82.53961,35.48304],[-82.54041,35.48271],[-82.54375,35.48047],[-82.54714,35.47991],[-82.54827,35.4801],[-82.55315,35.48199],[-82.55265,35.48325],[-82.55271,35.48384],[-82.55378,35.48497],[-82.55412,35.48566],[-82.55355,35.48605],[-82.55268,35.48603]],"type":"LineString"},"properties":{"color":"#00639A","color_name":"teal","kind":"route","label":"S6","long":"South 6","route_id":"5338","text_color":"#FFFFFF","type_label":"Bus"},"type":"Feature"},{"geometry":{"coordinates":[-82.52545,35.48603],"type":"Point"},"properties":{"kind":"stop","name":"Hendersonville Rd at Allen Ave","stop_id":"2319878"},"type":"Feature"},{"geometry":{"coordinates":[-82.535,35.43082],"type":"Point"},"properties":{"kind":"stop","name":"Airport Rd at Terminal Dr","stop_id":"2319879"},"type":"Feature"},{"geometry":{"coordinates":[-82.53731,35.43742],"type":"Point"},"properties":{"kind":"stop","name":"Asheville Regional Airport / Wright Brothers Way","stop_id":"2319894"},"type":"Feature"},{"geometry":{"coordinates":[-82.53822,35.48323],"type":"Point"},"properties":{"kind":"stop","name":"Long Shoals Rd at Overlook Rd","stop_id":"2320944"},"type":"Feature"},{"geometry":{"coordinates":[-82.53799,35.48301],"type":"Point"},"properties":{"kind":"stop","name":"Long Shoals Rd at Overlook Rd","stop_id":"2320945"},"type":"Feature"},{"geometry":{"coordinates":[-82.55063,35.48113],"type":"Point"},"properties":{"kind":"stop","name":"Long Shoals Rd at Schenck Pkwy","stop_id":"2335490"},"type":"Feature"},{"geometry":{"coordinates":[-82.55258,35.48162],"type":"Point"},"properties":{"kind":"stop","name":"Long Shoals Rd at Skyland Inn Dr","stop_id":"2335491"},"type":"Feature"},{"geometry":{"coordinates":[-82.52018,35.55213],"type":"Point"},"properties":{"kind":"stop","name":"Medical Park Dr at Sweeten Creek Rd","stop_id":"2382507"},"type":"Feature"},{"geometry":{"coordinates":[-82.49512,35.5839],"type":"Point"},"properties":{"kind":"stop","name":"Swannanoa River Rd at E Hawthorne Dr","stop_id":"2382508"},"type":"Feature"},{"geometry":{"coordinates":[-82.57188,35.59663],"type":"Point"},"properties":{"kind":"stop","name":"Hill St at Riverside Dr","stop_id":"2574990"},"type":"Feature"},{"geometry":{"coordinates":[-82.63259,35.61427],"type":"Point"},"properties":{"kind":"stop","name":"Mt. Carmel Rd at Ingles","stop_id":"2574991"},"type":"Feature"},{"geometry":{"coordinates":[-82.62652,35.60856],"type":"Point"},"properties":{"kind":"stop","name":"Old County Home Rd at Exxon","stop_id":"2574992"},"type":"Feature"},{"geometry":{"coordinates":[-82.62998,35.61536],"type":"Point"},"properties":{"kind":"stop","name":"Old County Home Rd at Fire Department","stop_id":"2574993"},"type":"Feature"},{"geometry":{"coordinates":[-82.63149,35.61209],"type":"Point"},"properties":{"kind":"stop","name":"New Leicester Hwy at Walgreens","stop_id":"2574994"},"type":"Feature"},{"geometry":{"coordinates":[-82.62956,35.61155],"type":"Point"},"properties":{"kind":"stop","name":"New Leicester Hwy at Tradewind Dr","stop_id":"2574995"},"type":"Feature"},{"geometry":{"coordinates":[-82.56429,35.58124],"type":"Point"},"properties":{"kind":"stop","name":"Bartlett St at Depot St","stop_id":"2575002"},"type":"Feature"},{"geometry":{"coordinates":[-82.56165,35.58253],"type":"Point"},"properties":{"kind":"stop","name":"Bartlett St at Bartlett Arms","stop_id":"2575003"},"type":"Feature"},{"geometry":{"coordinates":[-82.56252,35.57743],"type":"Point"},"properties":{"kind":"stop","name":"Depot St at Livingston St","stop_id":"2575004"},"type":"Feature"},{"geometry":{"coordinates":[-82.54171,35.56214],"type":"Point"},"properties":{"kind":"stop","name":"MAHEC at Hampton Inn","stop_id":"2575007"},"type":"Feature"},{"geometry":{"coordinates":[-82.5135,35.59184],"type":"Point"},"properties":{"kind":"stop","name":"Old Haw Creek Rd at Dillingham Rd","stop_id":"2575008"},"type":"Feature"},{"geometry":{"coordinates":[-82.50766,35.59724],"type":"Point"},"properties":{"kind":"stop","name":"Old Haw Creek Rd at Trinity Chapel Rd","stop_id":"2575009"},"type":"Feature"},{"geometry":{"coordinates":[-82.5053,35.59718],"type":"Point"},"properties":{"kind":"stop","name":"Old Haw Creek Rd at Bethesda Rd","stop_id":"2575010"},"type":"Feature"},{"geometry":{"coordinates":[-82.50535,35.59726],"type":"Point"},"properties":{"kind":"stop","name":"Bethesda Rd at Old Haw Creek Rd","stop_id":"2575011"},"type":"Feature"},{"geometry":{"coordinates":[-82.51582,35.59151],"type":"Point"},"properties":{"kind":"stop","name":"Spruce Hill Lane at Building 146","stop_id":"2575012"},"type":"Feature"},{"geometry":{"coordinates":[-82.51665,35.59513],"type":"Point"},"properties":{"kind":"stop","name":"Spruce Hill Lane at Building 102","stop_id":"2575013"},"type":"Feature"},{"geometry":{"coordinates":[-82.51587,35.59054],"type":"Point"},"properties":{"kind":"stop","name":"Old Haw Creek Rd at Spruce Hill","stop_id":"2575014"},"type":"Feature"},{"geometry":{"coordinates":[-82.51675,35.58731],"type":"Point"},"properties":{"kind":"stop","name":"New Haw Creek Rd at Rendezvous","stop_id":"2575015"},"type":"Feature"},{"geometry":{"coordinates":[-82.50408,35.59103],"type":"Point"},"properties":{"kind":"stop","name":"Beverly Rd at Avon Rd","stop_id":"2575025"},"type":"Feature"},{"geometry":{"coordinates":[-82.61768,35.58361],"type":"Point"},"properties":{"kind":"stop","name":"N Bear Creek Rd at Cub Rd","stop_id":"2576323"},"type":"Feature"},{"geometry":{"coordinates":[-82.61683,35.586],"type":"Point"},"properties":{"kind":"stop","name":"N Bear Creek Rd at Johnston Blvd","stop_id":"2576324"},"type":"Feature"},{"geometry":{"coordinates":[-82.61456,35.58556],"type":"Point"},"properties":{"kind":"stop","name":"Johnston Blvd at Oakmont Terrace","stop_id":"2576325"},"type":"Feature"},{"geometry":{"coordinates":[-82.58791,35.57877],"type":"Point"},"properties":{"kind":"stop","name":"Haywood Rd at Balm Grove Ave","stop_id":"2576329"},"type":"Feature"},{"geometry":{"coordinates":[-82.58531,35.57863],"type":"Point"},"properties":{"kind":"stop","name":"Haywood Rd at Baker Ave","stop_id":"2576330"},"type":"Feature"},{"geometry":{"coordinates":[-82.58536,35.57846],"type":"Point"},"properties":{"kind":"stop","name":"Haywood Rd at Allen St","stop_id":"2576331"},"type":"Feature"},{"geometry":{"coordinates":[-82.55517,35.5928],"type":"Point"},"properties":{"kind":"stop","name":"ART Station (on Coxe Ave)","stop_id":"2577905"},"type":"Feature"},{"geometry":{"coordinates":[-82.55541,35.59275],"type":"Point"},"properties":{"kind":"stop","name":"ART Station (170 + WE1 EB Bay)","stop_id":"2615565"},"type":"Feature"},{"geometry":{"coordinates":[-82.55555,35.59276],"type":"Point"},"properties":{"kind":"stop","name":"ART Station (S3 + N3 Bay)","stop_id":"2615582"},"type":"Feature"},{"geometry":{"coordinates":[-82.5557,35.59277],"type":"Point"},"properties":{"kind":"stop","name":"ART Station (S2 + WE2 EB Bay)","stop_id":"2615583"},"type":"Feature"},{"geometry":{"coordinates":[-82.5559,35.59278],"type":"Point"},"properties":{"kind":"stop","name":"ART Station (N1 + N2 Bay)","stop_id":"2615584"},"type":"Feature"},{"geometry":{"coordinates":[-82.55607,35.59278],"type":"Point"},"properties":{"kind":"stop","name":"ART Station (N4, N5 + S6 Bay)","stop_id":"2615585"},"type":"Feature"},{"geometry":{"coordinates":[-82.55541,35.59286],"type":"Point"},"properties":{"kind":"stop","name":"ART Station (W1, W2 + W6 Bay)","stop_id":"2615586"},"type":"Feature"},{"geometry":{"coordinates":[-82.55556,35.59287],"type":"Point"},"properties":{"kind":"stop","name":"ART Station (W5 + WE2 WB Bay)","stop_id":"2615587"},"type":"Feature"},{"geometry":{"coordinates":[-82.5557,35.59286],"type":"Point"},"properties":{"kind":"stop","name":"ART Station (S1 + S5 Bay)","stop_id":"2615588"},"type":"Feature"},{"geometry":{"coordinates":[-82.55589,35.59288],"type":"Point"},"properties":{"kind":"stop","name":"ART Station (S4 + WE1 WB Bay)","stop_id":"2615589"},"type":"Feature"},{"geometry":{"coordinates":[-82.55137,35.58457],"type":"Point"},"properties":{"kind":"stop","name":"Biltmore Ave at John Walker Ave","stop_id":"3450297"},"type":"Feature"},{"geometry":{"coordinates":[-82.51161,35.57217],"type":"Point"},"properties":{"kind":"stop","name":"River Ford Parkway at Verde Vista Apartments","stop_id":"3880734"},"type":"Feature"},{"geometry":{"coordinates":[-82.59153,35.59608],"type":"Point"},"properties":{"kind":"stop","name":"N Louisiana Ave at Emma Rd","stop_id":"759437"},"type":"Feature"},{"geometry":{"coordinates":[-82.5911,35.59852],"type":"Point"},"properties":{"kind":"stop","name":"N Louisiana Ave at Emma Elementary School","stop_id":"759438"},"type":"Feature"},{"geometry":{"coordinates":[-82.59034,35.60161],"type":"Point"},"properties":{"kind":"stop","name":"N Louisiana Ave at Mosswood Mobile Home Park","stop_id":"759439"},"type":"Feature"},{"geometry":{"coordinates":[-82.59118,35.60653],"type":"Point"},"properties":{"kind":"stop","name":"Adams Hill Rd at Pearson Bridge Rd","stop_id":"759440"},"type":"Feature"},{"geometry":{"coordinates":[-82.58661,35.60419],"type":"Point"},"properties":{"kind":"stop","name":"Bingham Rd at Adams Hill Rd","stop_id":"759441"},"type":"Feature"},{"geometry":{"coordinates":[-82.58626,35.6028],"type":"Point"},"properties":{"kind":"stop","name":"Bingham Rd at Crossroad Ct","stop_id":"759442"},"type":"Feature"},{"geometry":{"coordinates":[-82.58478,35.60092],"type":"Point"},"properties":{"kind":"stop","name":"Bingham Rd at Keith Dr","stop_id":"759443"},"type":"Feature"},{"geometry":{"coordinates":[-82.58262,35.59808],"type":"Point"},"properties":{"kind":"stop","name":"Bingham Rd at Emma Rd","stop_id":"759444"},"type":"Feature"},{"geometry":{"coordinates":[-82.58694,35.59691],"type":"Point"},"properties":{"kind":"stop","name":"Emma Rd at Emma Hill Dr","stop_id":"759445"},"type":"Feature"},{"geometry":{"coordinates":[-82.59152,35.59575],"type":"Point"},"properties":{"kind":"stop","name":"Emma Rd at N Louisiana Ave","stop_id":"759446"},"type":"Feature"},{"geometry":{"coordinates":[-82.59309,35.59151],"type":"Point"},"properties":{"kind":"stop","name":"N Louisiana Ave at Hazel Mill Rd","stop_id":"759447"},"type":"Feature"},{"geometry":{"coordinates":[-82.5926,35.58777],"type":"Point"},"properties":{"kind":"stop","name":"N Louisiana Ave at Patton Ave","stop_id":"759448"},"type":"Feature"},{"geometry":{"coordinates":[-82.53577,35.56639],"type":"Point"},"properties":{"kind":"stop","name":"Fairview Rd at The District","stop_id":"759460"},"type":"Feature"},{"geometry":{"coordinates":[-82.53179,35.56683],"type":"Point"},"properties":{"kind":"stop","name":"Fairview Rd at Eastview Ave","stop_id":"759461"},"type":"Feature"},{"geometry":{"coordinates":[-82.52934,35.56781],"type":"Point"},"properties":{"kind":"stop","name":"Fairview Rd at East St","stop_id":"759462"},"type":"Feature"},{"geometry":{"coordinates":[-82.52671,35.56717],"type":"Point"},"properties":{"kind":"stop","name":"Fairview Rd at Ridge Ave","stop_id":"759463"},"type":"Feature"},{"geometry":{"coordinates":[-82.51328,35.56629],"type":"Point"},"properties":{"kind":"stop","name":"Cedar St at Fairview Ave","stop_id":"759464"},"type":"Feature"},{"geometry":{"coordinates":[-82.52157,35.56609],"type":"Point"},"properties":{"kind":"stop","name":"Fairview Rd at Unaka Ave","stop_id":"759465"},"type":"Feature"},{"geometry":{"coordinates":[-82.51977,35.56546],"type":"Point"},"properties":{"kind":"stop","name":"Fairview Rd at Shannon Dr","stop_id":"759466"},"type":"Feature"},{"geometry":{"coordinates":[-82.51617,35.56491],"type":"Point"},"properties":{"kind":"stop","name":"Fairview Rd at Harmony Ln","stop_id":"759467"},"type":"Feature"},{"geometry":{"coordinates":[-82.51332,35.56446],"type":"Point"},"properties":{"kind":"stop","name":"Fairview Rd at Liberty St","stop_id":"759468"},"type":"Feature"},{"geometry":{"coordinates":[-82.51118,35.56505],"type":"Point"},"properties":{"kind":"stop","name":"Fairview Rd at Old Fairview Rd","stop_id":"759469"},"type":"Feature"},{"geometry":{"coordinates":[-82.50839,35.56698],"type":"Point"},"properties":{"kind":"stop","name":"Fairview Rd at I-240","stop_id":"759470"},"type":"Feature"},{"geometry":{"coordinates":[-82.50646,35.57061],"type":"Point"},"properties":{"kind":"stop","name":"River Ridge Dr at River Ridge Shopping Center","stop_id":"759471"},"type":"Feature"},{"geometry":{"coordinates":[-82.50792,35.57058],"type":"Point"},"properties":{"kind":"stop","name":"River Ridge Dr at J & S Cafeteria","stop_id":"759472"},"type":"Feature"},{"geometry":{"coordinates":[-82.50303,35.57117],"type":"Point"},"properties":{"kind":"stop","name":"Fairview Rd at Oakley Plaza Shopping Center","stop_id":"759473"},"type":"Feature"},{"geometry":{"coordinates":[-82.53577,35.56653],"type":"Point"},"properties":{"kind":"stop","name":"Fairview Rd at The District","stop_id":"759474"},"type":"Feature"},{"geometry":{"coordinates":[-82.51842,35.57592],"type":"Point"},"properties":{"kind":"stop","name":"Wood Ave at River Hills Rd","stop_id":"759475"},"type":"Feature"},{"geometry":{"coordinates":[-82.58977,35.60388],"type":"Point"},"properties":{"kind":"stop","name":"N Louisiana Ave at Arctic Rd","stop_id":"759476"},"type":"Feature"},{"geometry":{"coordinates":[-82.51658,35.57202],"type":"Point"},"properties":{"kind":"stop","name":"Wood Ave at Future Dr","stop_id":"759477"},"type":"Feature"},{"geometry":{"coordinates":[-82.5141,35.56993],"type":"Point"},"properties":{"kind":"stop","name":"Wood Ave at Cheerio Ln","stop_id":"759478"},"type":"Feature"},{"geometry":{"coordinates":[-82.51286,35.56471],"type":"Point"},"properties":{"kind":"stop","name":"Cedar St at Fairview Rd","stop_id":"759479"},"type":"Feature"},{"geometry":{"coordinates":[-82.58669,35.60697],"type":"Point"},"properties":{"kind":"stop","name":"Pearson Bridge Rd at Bingham Rd","stop_id":"759480"},"type":"Feature"},{"geometry":{"coordinates":[-82.51618,35.565],"type":"Point"},"properties":{"kind":"stop","name":"Fairview Rd at Harmony Ln","stop_id":"759481"},"type":"Feature"},{"geometry":{"coordinates":[-82.52129,35.56608],"type":"Point"},"properties":{"kind":"stop","name":"Fairview Rd at Blalock Ave","stop_id":"759482"},"type":"Feature"},{"geometry":{"coordinates":[-82.52554,35.56676],"type":"Point"},"properties":{"kind":"stop","name":"Fairview Rd at Third St","stop_id":"759483"},"type":"Feature"},{"geometry":{"coordinates":[-82.52918,35.56791],"type":"Point"},"properties":{"kind":"stop","name":"Fairview Rd at East St","stop_id":"759484"},"type":"Feature"},{"geometry":{"coordinates":[-82.53153,35.56704],"type":"Point"},"properties":{"kind":"stop","name":"Fairview Rd at Stoner Rd","stop_id":"759485"},"type":"Feature"},{"geometry":{"coordinates":[-82.59244,35.5878],"type":"Point"},"properties":{"kind":"stop","name":"N Louisiana Ave at Patton Ave","stop_id":"759497"},"type":"Feature"},{"geometry":{"coordinates":[-82.59286,35.59185],"type":"Point"},"properties":{"kind":"stop","name":"N Louisiana Ave at Hazel Mill Rd","stop_id":"759498"},"type":"Feature"},{"geometry":{"coordinates":[-82.5557,35.59281],"type":"Point"},"properties":{"kind":"stop","name":"ART Station","stop_id":"759499"},"type":"Feature"},{"geometry":{"coordinates":[-82.5518,35.59545],"type":"Point"},"properties":{"kind":"stop","name":"Broadway St at College St","stop_id":"759500"},"type":"Feature"},{"geometry":{"coordinates":[-82.55211,35.59657],"type":"Point"},"properties":{"kind":"stop","name":"Broadway St at Walnut St","stop_id":"759501"},"type":"Feature"},{"geometry":{"coordinates":[-82.55299,35.59844],"type":"Point"},"properties":{"kind":"stop","name":"Broadway St at Woodfin St","stop_id":"759502"},"type":"Feature"},{"geometry":{"coordinates":[-82.55367,35.60048],"type":"Point"},"properties":{"kind":"stop","name":"Merrimon Ave at Marcellus St","stop_id":"759503"},"type":"Feature"},{"geometry":{"coordinates":[-82.55308,35.60317],"type":"Point"},"properties":{"kind":"stop","name":"Merrimon Ave at E Chestnut St","stop_id":"759504"},"type":"Feature"},{"geometry":{"coordinates":[-82.55371,35.6076],"type":"Point"},"properties":{"kind":"stop","name":"Merrimon Ave at Hillside St","stop_id":"759505"},"type":"Feature"},{"geometry":{"coordinates":[-82.55463,35.61032],"type":"Point"},"properties":{"kind":"stop","name":"Merrimon Ave at Spears Ave","stop_id":"759506"},"type":"Feature"},{"geometry":{"coordinates":[-82.55503,35.61338],"type":"Point"},"properties":{"kind":"stop","name":"Merrimon Ave at Coleman Ave","stop_id":"759507"},"type":"Feature"},{"geometry":{"coordinates":[-82.55513,35.61538],"type":"Point"},"properties":{"kind":"stop","name":"W T Weaver Blvd at Merrimon Ave","stop_id":"759508"},"type":"Feature"},{"geometry":{"coordinates":[-82.55871,35.61425],"type":"Point"},"properties":{"kind":"stop","name":"W T Weaver Blvd at King St","stop_id":"759509"},"type":"Feature"},{"geometry":{"coordinates":[-82.56133,35.61427],"type":"Point"},"properties":{"kind":"stop","name":"W T Weaver Blvd at Barnard Ave","stop_id":"759510"},"type":"Feature"},{"geometry":{"coordinates":[-82.56367,35.61807],"type":"Point"},"properties":{"kind":"stop","name":"UNC Asheville at Edgewood Rd","stop_id":"759511"},"type":"Feature"},{"geometry":{"coordinates":[-82.5668,35.61825],"type":"Point"},"properties":{"kind":"stop","name":"UNC Asheville at Sherrill Center","stop_id":"759512"},"type":"Feature"},{"geometry":{"coordinates":[-82.56759,35.61567],"type":"Point"},"properties":{"kind":"stop","name":"UNC Asheville at Governors Hall","stop_id":"759513"},"type":"Feature"},{"geometry":{"coordinates":[-82.56469,35.61598],"type":"Point"},"properties":{"kind":"stop","name":"UNC Asheville at Zeis Hall","stop_id":"759514"},"type":"Feature"},{"geometry":{"coordinates":[-82.56142,35.61412],"type":"Point"},"properties":{"kind":"stop","name":"W T Weaver Blvd at Barnard Ave","stop_id":"759515"},"type":"Feature"},{"geometry":{"coordinates":[-82.55852,35.61419],"type":"Point"},"properties":{"kind":"stop","name":"W T Weaver Blvd at King St","stop_id":"759516"},"type":"Feature"},{"geometry":{"coordinates":[-82.55445,35.61634],"type":"Point"},"properties":{"kind":"stop","name":"Merrimon Ave at Murdock Ave","stop_id":"759517"},"type":"Feature"},{"geometry":{"coordinates":[-82.55427,35.62028],"type":"Point"},"properties":{"kind":"stop","name":"Merrimon Ave at Edgewood Rd","stop_id":"759518"},"type":"Feature"},{"geometry":{"coordinates":[-82.55456,35.62321],"type":"Point"},"properties":{"kind":"stop","name":"Merrimon Ave at E Larchmont Rd","stop_id":"759519"},"type":"Feature"},{"geometry":{"coordinates":[-82.55392,35.62539],"type":"Point"},"properties":{"kind":"stop","name":"Merrimon Ave at Gracelyn Rd","stop_id":"759520"},"type":"Feature"},{"geometry":{"coordinates":[-82.55263,35.62833],"type":"Point"},"properties":{"kind":"stop","name":"Merrimon Ave at Ottari Rd","stop_id":"759521"},"type":"Feature"},{"geometry":{"coordinates":[-82.55267,35.62993],"type":"Point"},"properties":{"kind":"stop","name":"Merrimon Ave at Beaverdam Rd","stop_id":"759522"},"type":"Feature"},{"geometry":{"coordinates":[-82.55431,35.632],"type":"Point"},"properties":{"kind":"stop","name":"Merrimon Ave at Beaver Point Park","stop_id":"759523"},"type":"Feature"},{"geometry":{"coordinates":[-82.55693,35.63483],"type":"Point"},"properties":{"kind":"stop","name":"Merrimon Ave at Wembley Rd","stop_id":"759524"},"type":"Feature"},{"geometry":{"coordinates":[-82.56611,35.63618],"type":"Point"},"properties":{"kind":"stop","name":"Merrimon Ave at Midland Dr","stop_id":"759525"},"type":"Feature"},{"geometry":{"coordinates":[-82.57098,35.63713],"type":"Point"},"properties":{"kind":"stop","name":"Merrimon Ave at Stratford Rd","stop_id":"759526"},"type":"Feature"},{"geometry":{"coordinates":[-82.575,35.63715],"type":"Point"},"properties":{"kind":"stop","name":"Elkwood Ave at Merrimon Ave","stop_id":"759527"},"type":"Feature"},{"geometry":{"coordinates":[-82.57551,35.63493],"type":"Point"},"properties":{"kind":"stop","name":"Elkwood Ave at N Ridge Dr","stop_id":"759528"},"type":"Feature"},{"geometry":{"coordinates":[-82.57603,35.6324],"type":"Point"},"properties":{"kind":"stop","name":"Elkwood Ave at Valley Park Rd","stop_id":"759529"},"type":"Feature"},{"geometry":{"coordinates":[-82.57484,35.62976],"type":"Point"},"properties":{"kind":"stop","name":"Lakeshore Dr at Cherry Ln","stop_id":"759530"},"type":"Feature"},{"geometry":{"coordinates":[-82.56979,35.63084],"type":"Point"},"properties":{"kind":"stop","name":"Lakeshore Dr at Westwood Rd","stop_id":"759531"},"type":"Feature"},{"geometry":{"coordinates":[-82.56689,35.63128],"type":"Point"},"properties":{"kind":"stop","name":"Lakeshore Dr at Glenview Rd","stop_id":"759532"},"type":"Feature"},{"geometry":{"coordinates":[-82.5605,35.63229],"type":"Point"},"properties":{"kind":"stop","name":"Lakeshore Dr at Pine Tree Cir","stop_id":"759533"},"type":"Feature"},{"geometry":{"coordinates":[-82.55566,35.62895],"type":"Point"},"properties":{"kind":"stop","name":"Lakeshore Dr at Mt Vernon Pl","stop_id":"759534"},"type":"Feature"},{"geometry":{"coordinates":[-82.55343,35.62699],"type":"Point"},"properties":{"kind":"stop","name":"Lakeshore Dr at Merrimon Ave","stop_id":"759535"},"type":"Feature"},{"geometry":{"coordinates":[-82.55415,35.62545],"type":"Point"},"properties":{"kind":"stop","name":"Merrimon Ave at Colonial Pl","stop_id":"759536"},"type":"Feature"},{"geometry":{"coordinates":[-82.55475,35.62332],"type":"Point"},"properties":{"kind":"stop","name":"Merrimon Ave at Larchmont Rd","stop_id":"759537"},"type":"Feature"},{"geometry":{"coordinates":[-82.55443,35.61967],"type":"Point"},"properties":{"kind":"stop","name":"Merrimon Ave at Edgewood Rd","stop_id":"759538"},"type":"Feature"},{"geometry":{"coordinates":[-82.55527,35.61272],"type":"Point"},"properties":{"kind":"stop","name":"Merrimon Ave at Coleman Ave","stop_id":"759539"},"type":"Feature"},{"geometry":{"coordinates":[-82.55475,35.61009],"type":"Point"},"properties":{"kind":"stop","name":"Merrimon Ave at Spears Ave","stop_id":"759540"},"type":"Feature"},{"geometry":{"coordinates":[-82.55387,35.60749],"type":"Point"},"properties":{"kind":"stop","name":"Merrimon Ave at Hillside St","stop_id":"759541"},"type":"Feature"},{"geometry":{"coordinates":[-82.55327,35.60341],"type":"Point"},"properties":{"kind":"stop","name":"Merrimon Ave at E Chestnut St","stop_id":"759542"},"type":"Feature"},{"geometry":{"coordinates":[-82.55349,35.60163],"type":"Point"},"properties":{"kind":"stop","name":"Merrimon Ave at Whole Foods","stop_id":"759543"},"type":"Feature"},{"geometry":{"coordinates":[-82.55312,35.59832],"type":"Point"},"properties":{"kind":"stop","name":"Broadway St at Woodfin St","stop_id":"759544"},"type":"Feature"},{"geometry":{"coordinates":[-82.55235,35.59669],"type":"Point"},"properties":{"kind":"stop","name":"Broadway St at Walnut St","stop_id":"759545"},"type":"Feature"},{"geometry":{"coordinates":[-82.55254,35.62919],"type":"Point"},"properties":{"kind":"stop","name":"Beaverdam Rd at Merrimon Ave","stop_id":"759547"},"type":"Feature"},{"geometry":{"coordinates":[-82.54966,35.63469],"type":"Point"},"properties":{"kind":"stop","name":"Beaverdam Rd at Kimberly Ave","stop_id":"759548"},"type":"Feature"},{"geometry":{"coordinates":[-82.54759,35.63643],"type":"Point"},"properties":{"kind":"stop","name":"Beaverdam Rd at Elk Mountain Scenic Hwy","stop_id":"759549"},"type":"Feature"},{"geometry":{"coordinates":[-82.54405,35.63752],"type":"Point"},"properties":{"kind":"stop","name":"Beaverdam Rd at Timber Trail","stop_id":"759550"},"type":"Feature"},{"geometry":{"coordinates":[-82.54067,35.63954],"type":"Point"},"properties":{"kind":"stop","name":"Beaverdam Rd at Sycamore St","stop_id":"759551"},"type":"Feature"},{"geometry":{"coordinates":[-82.53659,35.64272],"type":"Point"},"properties":{"kind":"stop","name":"Beaverdam Rd at Carter Cove Rd","stop_id":"759552"},"type":"Feature"},{"geometry":{"coordinates":[-82.53143,35.64164],"type":"Point"},"properties":{"kind":"stop","name":"Beaverdam Rd at Wolfe Cove Rd","stop_id":"759553"},"type":"Feature"},{"geometry":{"coordinates":[-82.52927,35.60028],"type":"Point"},"properties":{"kind":"stop","name":"Centre Park Dr at Social Security Administration","stop_id":"759554"},"type":"Feature"},{"geometry":{"coordinates":[-82.52807,35.64408],"type":"Point"},"properties":{"kind":"stop","name":"Valley Rd at Complete Care","stop_id":"759555"},"type":"Feature"},{"geometry":{"coordinates":[-82.52898,35.64205],"type":"Point"},"properties":{"kind":"stop","name":"Beaverdam Rd at Valley Rd","stop_id":"759556"},"type":"Feature"},{"geometry":{"coordinates":[-82.53229,35.64173],"type":"Point"},"properties":{"kind":"stop","name":"Beaverdam Rd at Faircrest Rd","stop_id":"759557"},"type":"Feature"},{"geometry":{"coordinates":[-82.53555,35.64318],"type":"Point"},"properties":{"kind":"stop","name":"Beaverdam Rd at Carter Cove Rd","stop_id":"759558"},"type":"Feature"},{"geometry":{"coordinates":[-82.54004,35.64095],"type":"Point"},"properties":{"kind":"stop","name":"Beaverdam Rd at Wild Cherry Rd","stop_id":"759559"},"type":"Feature"},{"geometry":{"coordinates":[-82.54248,35.63876],"type":"Point"},"properties":{"kind":"stop","name":"Beaverdam Rd at Killian Rd","stop_id":"759560"},"type":"Feature"},{"geometry":{"coordinates":[-82.54764,35.63652],"type":"Point"},"properties":{"kind":"stop","name":"Beaverdam Rd at Elk Mountain Scenic Hwy","stop_id":"759561"},"type":"Feature"},{"geometry":{"coordinates":[-82.5498,35.6347],"type":"Point"},"properties":{"kind":"stop","name":"Beaverdam Rd at Kimberly Ave","stop_id":"759562"},"type":"Feature"},{"geometry":{"coordinates":[-82.55241,35.62943],"type":"Point"},"properties":{"kind":"stop","name":"Merrimon Ave at Beaverdam Rd","stop_id":"759563"},"type":"Feature"},{"geometry":{"coordinates":[-82.55324,35.6271],"type":"Point"},"properties":{"kind":"stop","name":"Merrimon Ave at Lakeshore Rd","stop_id":"759564"},"type":"Feature"},{"geometry":{"coordinates":[-82.55712,35.59403],"type":"Point"},"properties":{"kind":"stop","name":"Patton Ave at Otis St","stop_id":"759565"},"type":"Feature"},{"geometry":{"coordinates":[-82.56194,35.59306],"type":"Point"},"properties":{"kind":"stop","name":"Patton Ave at Clingman Ave","stop_id":"759567"},"type":"Feature"},{"geometry":{"coordinates":[-82.55926,35.59636],"type":"Point"},"properties":{"kind":"stop","name":"Montford Ave at Haywood St","stop_id":"759568"},"type":"Feature"},{"geometry":{"coordinates":[-82.56024,35.59709],"type":"Point"},"properties":{"kind":"stop","name":"Hill St at Montford Ave","stop_id":"759569"},"type":"Feature"},{"geometry":{"coordinates":[-82.56421,35.59427],"type":"Point"},"properties":{"kind":"stop","name":"Hill St at Isaac Dickson Elementary","stop_id":"759570"},"type":"Feature"},{"geometry":{"coordinates":[-82.56765,35.59378],"type":"Point"},"properties":{"kind":"stop","name":"Hill St at Cross Pl","stop_id":"759571"},"type":"Feature"},{"geometry":{"coordinates":[-82.56903,35.59561],"type":"Point"},"properties":{"kind":"stop","name":"Atkinson St at Hill St","stop_id":"759572"},"type":"Feature"},{"geometry":{"coordinates":[-82.57072,35.59514],"type":"Point"},"properties":{"kind":"stop","name":"Atkinson St at Community Center","stop_id":"759573"},"type":"Feature"},{"geometry":{"coordinates":[-82.56979,35.59234],"type":"Point"},"properties":{"kind":"stop","name":"Atkinson St at Building 24","stop_id":"759574"},"type":"Feature"},{"geometry":{"coordinates":[-82.57038,35.59501],"type":"Point"},"properties":{"kind":"stop","name":"Atkinson St at Building 1","stop_id":"759575"},"type":"Feature"},{"geometry":{"coordinates":[-82.56895,35.59554],"type":"Point"},"properties":{"kind":"stop","name":"Atkinson St at Hill St","stop_id":"759576"},"type":"Feature"},{"geometry":{"coordinates":[-82.5677,35.59367],"type":"Point"},"properties":{"kind":"stop","name":"Hill St at Cross Pl","stop_id":"759577"},"type":"Feature"},{"geometry":{"coordinates":[-82.56408,35.59423],"type":"Point"},"properties":{"kind":"stop","name":"Hill St at Isaac Dickson Elementary","stop_id":"759578"},"type":"Feature"},{"geometry":{"coordinates":[-82.56017,35.597],"type":"Point"},"properties":{"kind":"stop","name":"Hill St at Montford Ave","stop_id":"759579"},"type":"Feature"},{"geometry":{"coordinates":[-82.56186,35.59291],"type":"Point"},"properties":{"kind":"stop","name":"Patton Ave at Clingman Ave","stop_id":"759581"},"type":"Feature"},{"geometry":{"coordinates":[-82.55888,35.59351],"type":"Point"},"properties":{"kind":"stop","name":"Patton Ave at S French Broad Ave","stop_id":"759582"},"type":"Feature"},{"geometry":{"coordinates":[-82.5567,35.59397],"type":"Point"},"properties":{"kind":"stop","name":"Patton Ave at Otis St","stop_id":"759583"},"type":"Feature"},{"geometry":{"coordinates":[-82.55422,35.59448],"type":"Point"},"properties":{"kind":"stop","name":"Patton Ave at Haywood St","stop_id":"759584"},"type":"Feature"},{"geometry":{"coordinates":[-82.54904,35.59625],"type":"Point"},"properties":{"kind":"stop","name":"College St at Court Plaza","stop_id":"759585"},"type":"Feature"},{"geometry":{"coordinates":[-82.54569,35.59754],"type":"Point"},"properties":{"kind":"stop","name":"College St at S Charlotte St","stop_id":"759586"},"type":"Feature"},{"geometry":{"coordinates":[-82.5442,35.59799],"type":"Point"},"properties":{"kind":"stop","name":"College St at Martin Luther King Jr Dr","stop_id":"759587"},"type":"Feature"},{"geometry":{"coordinates":[-82.54164,35.59911],"type":"Point"},"properties":{"kind":"stop","name":"Tunnel Rd at College St","stop_id":"759588"},"type":"Feature"},{"geometry":{"coordinates":[-82.53473,35.59677],"type":"Point"},"properties":{"kind":"stop","name":"Tunnel Rd at Ingles","stop_id":"759589"},"type":"Feature"},{"geometry":{"coordinates":[-82.53208,35.59442],"type":"Point"},"properties":{"kind":"stop","name":"Tunnel Rd at Chunns Cove Rd","stop_id":"759590"},"type":"Feature"},{"geometry":{"coordinates":[-82.53106,35.59255],"type":"Point"},"properties":{"kind":"stop","name":"Tunnel Rd at I-240","stop_id":"759591"},"type":"Feature"},{"geometry":{"coordinates":[-82.53014,35.58982],"type":"Point"},"properties":{"kind":"stop","name":"Tunnel Rd at Kenilworth Rd","stop_id":"759592"},"type":"Feature"},{"geometry":{"coordinates":[-82.52799,35.58531],"type":"Point"},"properties":{"kind":"stop","name":"Tunnel Rd at White Pine Dr","stop_id":"759593"},"type":"Feature"},{"geometry":{"coordinates":[-82.52519,35.58257],"type":"Point"},"properties":{"kind":"stop","name":"S Tunnel Rd at Asheville Mall","stop_id":"759594"},"type":"Feature"},{"geometry":{"coordinates":[-82.52309,35.5805],"type":"Point"},"properties":{"kind":"stop","name":"S Tunnel Rd at Best Buy","stop_id":"759595"},"type":"Feature"},{"geometry":{"coordinates":[-82.52171,35.57915],"type":"Point"},"properties":{"kind":"stop","name":"S Tunnel Rd at Lowes","stop_id":"759596"},"type":"Feature"},{"geometry":{"coordinates":[-82.51978,35.57784],"type":"Point"},"properties":{"kind":"stop","name":"Swannanoa River Rd at S Tunnel Rd","stop_id":"759597"},"type":"Feature"},{"geometry":{"coordinates":[-82.5174,35.57887],"type":"Point"},"properties":{"kind":"stop","name":"Swannanoa River Rd at U-Haul","stop_id":"759598"},"type":"Feature"},{"geometry":{"coordinates":[-82.51454,35.57582],"type":"Point"},"properties":{"kind":"stop","name":"Bleachery Blvd at WalMart / Kohls","stop_id":"759599"},"type":"Feature"},{"geometry":{"coordinates":[-82.51209,35.57739],"type":"Point"},"properties":{"kind":"stop","name":"Swannanoa River Rd at Bleachery Blvd","stop_id":"759600"},"type":"Feature"},{"geometry":{"coordinates":[-82.50661,35.57482],"type":"Point"},"properties":{"kind":"stop","name":"Swannanoa River Rd at Fairway Dr","stop_id":"759601"},"type":"Feature"},{"geometry":{"coordinates":[-82.50228,35.57478],"type":"Point"},"properties":{"kind":"stop","name":"Swannanoa River Rd at Fairview Rd","stop_id":"759602"},"type":"Feature"},{"geometry":{"coordinates":[-82.49874,35.57693],"type":"Point"},"properties":{"kind":"stop","name":"Swannanoa River Rd at Manna Food Bank","stop_id":"759603"},"type":"Feature"},{"geometry":{"coordinates":[-82.49668,35.57946],"type":"Point"},"properties":{"kind":"stop","name":"Swannanoa River Rd at Kensington Dr","stop_id":"759604"},"type":"Feature"},{"geometry":{"coordinates":[-82.49465,35.58244],"type":"Point"},"properties":{"kind":"stop","name":"Swannanoa River Rd at Azalea Rd E","stop_id":"759605"},"type":"Feature"},{"geometry":{"coordinates":[-82.49495,35.58386],"type":"Point"},"properties":{"kind":"stop","name":"Swannanoa River Rd at E Hawthorne Dr","stop_id":"759606"},"type":"Feature"},{"geometry":{"coordinates":[-82.49105,35.58729],"type":"Point"},"properties":{"kind":"stop","name":"Tunnel Rd at Swannanoa River Rd","stop_id":"759607"},"type":"Feature"},{"geometry":{"coordinates":[-82.48837,35.58733],"type":"Point"},"properties":{"kind":"stop","name":"Tunnel Rd at Riceville Rd","stop_id":"759608"},"type":"Feature"},{"geometry":{"coordinates":[-82.4847,35.58847],"type":"Point"},"properties":{"kind":"stop","name":"Veterans Affairs Medical Center at Tunnel Rd","stop_id":"759609"},"type":"Feature"},{"geometry":{"coordinates":[-82.4879,35.58751],"type":"Point"},"properties":{"kind":"stop","name":"Tunnel Rd at Riceville Rd","stop_id":"759610"},"type":"Feature"},{"geometry":{"coordinates":[-82.4917,35.58718],"type":"Point"},"properties":{"kind":"stop","name":"Swannanoa River Rd at Tunnel Rd","stop_id":"759611"},"type":"Feature"},{"geometry":{"coordinates":[-82.49435,35.58539],"type":"Point"},"properties":{"kind":"stop","name":"Swannanoa River Rd at Governors View Rd","stop_id":"759612"},"type":"Feature"},{"geometry":{"coordinates":[-82.49477,35.58217],"type":"Point"},"properties":{"kind":"stop","name":"Swannanoa River Rd at Azalea Rd E","stop_id":"759613"},"type":"Feature"},{"geometry":{"coordinates":[-82.49662,35.57977],"type":"Point"},"properties":{"kind":"stop","name":"Swannanoa River Rd at Kensington Dr","stop_id":"759614"},"type":"Feature"},{"geometry":{"coordinates":[-82.50293,35.57463],"type":"Point"},"properties":{"kind":"stop","name":"Swannanoa River Rd at Fairview Rd","stop_id":"759615"},"type":"Feature"},{"geometry":{"coordinates":[-82.50635,35.57486],"type":"Point"},"properties":{"kind":"stop","name":"Swannanoa River Rd at Fairway Dr","stop_id":"759616"},"type":"Feature"},{"geometry":{"coordinates":[-82.48536,35.58708],"type":"Point"},"properties":{"kind":"stop","name":"Tunnel Rd at Oteen Church Rd","stop_id":"759617"},"type":"Feature"},{"geometry":{"coordinates":[-82.51244,35.57784],"type":"Point"},"properties":{"kind":"stop","name":"Swannanoa River Rd at Bleachery Blvd","stop_id":"759618"},"type":"Feature"},{"geometry":{"coordinates":[-82.51565,35.58008],"type":"Point"},"properties":{"kind":"stop","name":"Swannanoa River Rd at Beechwood Rd","stop_id":"759619"},"type":"Feature"},{"geometry":{"coordinates":[-82.51819,35.57887],"type":"Point"},"properties":{"kind":"stop","name":"Swannanoa River Rd at S Tunnel Rd","stop_id":"759620"},"type":"Feature"},{"geometry":{"coordinates":[-82.52038,35.57816],"type":"Point"},"properties":{"kind":"stop","name":"S Tunnel Rd at Swannanoa River Rd","stop_id":"759621"},"type":"Feature"},{"geometry":{"coordinates":[-82.52259,35.58035],"type":"Point"},"properties":{"kind":"stop","name":"S Tunnel Rd at Overlook Village","stop_id":"759622"},"type":"Feature"},{"geometry":{"coordinates":[-82.52498,35.58265],"type":"Point"},"properties":{"kind":"stop","name":"S Tunnel Rd at Asheville Mall","stop_id":"759623"},"type":"Feature"},{"geometry":{"coordinates":[-82.52798,35.58566],"type":"Point"},"properties":{"kind":"stop","name":"Tunnel Rd at White Pine Dr","stop_id":"759624"},"type":"Feature"},{"geometry":{"coordinates":[-82.52986,35.58975],"type":"Point"},"properties":{"kind":"stop","name":"Tunnel Rd at Kenilworth Rd","stop_id":"759625"},"type":"Feature"},{"geometry":{"coordinates":[-82.53087,35.59264],"type":"Point"},"properties":{"kind":"stop","name":"Tunnel Rd at I-240","stop_id":"759626"},"type":"Feature"},{"geometry":{"coordinates":[-82.5319,35.5946],"type":"Point"},"properties":{"kind":"stop","name":"Tunnel Rd at Chunns Cove Rd","stop_id":"759627"},"type":"Feature"},{"geometry":{"coordinates":[-82.53431,35.59671],"type":"Point"},"properties":{"kind":"stop","name":"Tunnel Rd at Ingles","stop_id":"759628"},"type":"Feature"},{"geometry":{"coordinates":[-82.54426,35.59819],"type":"Point"},"properties":{"kind":"stop","name":"College St at Town Mountain Rd","stop_id":"759629"},"type":"Feature"},{"geometry":{"coordinates":[-82.54704,35.59736],"type":"Point"},"properties":{"kind":"stop","name":"College St at Oak St","stop_id":"759630"},"type":"Feature"},{"geometry":{"coordinates":[-82.54909,35.59645],"type":"Point"},"properties":{"kind":"stop","name":"College St at Court Plaza","stop_id":"759631"},"type":"Feature"},{"geometry":{"coordinates":[-82.55219,35.59553],"type":"Point"},"properties":{"kind":"stop","name":"College St at Broadway St","stop_id":"759632"},"type":"Feature"},{"geometry":{"coordinates":[-82.51345,35.58666],"type":"Point"},"properties":{"kind":"stop","name":"Tunnel Rd at Crockett Ave","stop_id":"759633"},"type":"Feature"},{"geometry":{"coordinates":[-82.51045,35.58666],"type":"Point"},"properties":{"kind":"stop","name":"Tunnel Rd at Overbrook Rd","stop_id":"759634"},"type":"Feature"},{"geometry":{"coordinates":[-82.50656,35.58648],"type":"Point"},"properties":{"kind":"stop","name":"Tunnel Rd at Arco Rd","stop_id":"759635"},"type":"Feature"},{"geometry":{"coordinates":[-82.50305,35.58711],"type":"Point"},"properties":{"kind":"stop","name":"Tunnel Rd at Governors View Rd","stop_id":"759636"},"type":"Feature"},{"geometry":{"coordinates":[-82.5002,35.5892],"type":"Point"},"properties":{"kind":"stop","name":"Beverly Rd at Tunnel Rd","stop_id":"759637"},"type":"Feature"},{"geometry":{"coordinates":[-82.50414,35.5911],"type":"Point"},"properties":{"kind":"stop","name":"Beverly Rd at Avon Rd","stop_id":"759638"},"type":"Feature"},{"geometry":{"coordinates":[-82.50553,35.59197],"type":"Point"},"properties":{"kind":"stop","name":"Beverly Rd at New Haw Creek Rd","stop_id":"759639"},"type":"Feature"},{"geometry":{"coordinates":[-82.50321,35.5953],"type":"Point"},"properties":{"kind":"stop","name":"New Haw Creek Rd at Bethesda Rd","stop_id":"759640"},"type":"Feature"},{"geometry":{"coordinates":[-82.50211,35.60225],"type":"Point"},"properties":{"kind":"stop","name":"New Haw Creek Rd at Bell Rd","stop_id":"759641"},"type":"Feature"},{"geometry":{"coordinates":[-82.50409,35.6003],"type":"Point"},"properties":{"kind":"stop","name":"Old Haw Creek Rd at Willowbrook Rd","stop_id":"759642"},"type":"Feature"},{"geometry":{"coordinates":[-82.50788,35.59728],"type":"Point"},"properties":{"kind":"stop","name":"Old Haw Creek Rd at Pressley Rd","stop_id":"759643"},"type":"Feature"},{"geometry":{"coordinates":[-82.51001,35.5956],"type":"Point"},"properties":{"kind":"stop","name":"Old Haw Creek Rd at Greenbriar Rd","stop_id":"759644"},"type":"Feature"},{"geometry":{"coordinates":[-82.51353,35.59195],"type":"Point"},"properties":{"kind":"stop","name":"Old Haw Creek Rd at Dillingham Rd","stop_id":"759645"},"type":"Feature"},{"geometry":{"coordinates":[-82.51591,35.59062],"type":"Point"},"properties":{"kind":"stop","name":"Old Haw Creek Rd at Spruce Hill Ln","stop_id":"759646"},"type":"Feature"},{"geometry":{"coordinates":[-82.51735,35.59071],"type":"Point"},"properties":{"kind":"stop","name":"Waters Rd at Old Haw Creek Rd","stop_id":"759647"},"type":"Feature"},{"geometry":{"coordinates":[-82.51754,35.58749],"type":"Point"},"properties":{"kind":"stop","name":"Middlebrook Rd at New Haw Creek Rd","stop_id":"759648"},"type":"Feature"},{"geometry":{"coordinates":[-82.51402,35.58707],"type":"Point"},"properties":{"kind":"stop","name":"New Haw Creek Rd at Crockett Ave","stop_id":"759649"},"type":"Feature"},{"geometry":{"coordinates":[-82.51011,35.58983],"type":"Point"},"properties":{"kind":"stop","name":"New Haw Creek Rd at Arco Rd","stop_id":"759650"},"type":"Feature"},{"geometry":{"coordinates":[-82.50585,35.59189],"type":"Point"},"properties":{"kind":"stop","name":"New Haw Creek Rd at Beverly Rd","stop_id":"759651"},"type":"Feature"},{"geometry":{"coordinates":[-82.50053,35.58916],"type":"Point"},"properties":{"kind":"stop","name":"Beverly Rd at Tunnel Rd","stop_id":"759652"},"type":"Feature"},{"geometry":{"coordinates":[-82.49523,35.58845],"type":"Point"},"properties":{"kind":"stop","name":"Tunnel Rd at Maple Springs Rd","stop_id":"759653"},"type":"Feature"},{"geometry":{"coordinates":[-82.48213,35.58654],"type":"Point"},"properties":{"kind":"stop","name":"Tunnel Rd at Pleasant Ridge Rd","stop_id":"759654"},"type":"Feature"},{"geometry":{"coordinates":[-82.4758,35.58622],"type":"Point"},"properties":{"kind":"stop","name":"Tunnel Rd at Reddick Rd","stop_id":"759655"},"type":"Feature"},{"geometry":{"coordinates":[-82.47257,35.58481],"type":"Point"},"properties":{"kind":"stop","name":"Tunnel Rd at E  Azalea Rd","stop_id":"759656"},"type":"Feature"},{"geometry":{"coordinates":[-82.46734,35.58355],"type":"Point"},"properties":{"kind":"stop","name":"US 70 East at ABCCM","stop_id":"759657"},"type":"Feature"},{"geometry":{"coordinates":[-82.46428,35.58376],"type":"Point"},"properties":{"kind":"stop","name":"US 70 East at Porters Cove Rd","stop_id":"759658"},"type":"Feature"},{"geometry":{"coordinates":[-82.4644,35.58392],"type":"Point"},"properties":{"kind":"stop","name":"US 70 West at Moffitt Branch Rd","stop_id":"759659"},"type":"Feature"},{"geometry":{"coordinates":[-82.46732,35.58381],"type":"Point"},"properties":{"kind":"stop","name":"US 70 West at ABCCM","stop_id":"759660"},"type":"Feature"},{"geometry":{"coordinates":[-82.47295,35.58524],"type":"Point"},"properties":{"kind":"stop","name":"Tunnel Rd at Lower Grassy Branch Rd","stop_id":"759661"},"type":"Feature"},{"geometry":{"coordinates":[-82.48266,35.58684],"type":"Point"},"properties":{"kind":"stop","name":"Tunnel Rd at Arnold Rd","stop_id":"759662"},"type":"Feature"},{"geometry":{"coordinates":[-82.48521,35.58726],"type":"Point"},"properties":{"kind":"stop","name":"Tunnel Rd at Oteen Church Rd","stop_id":"759663"},"type":"Feature"},{"geometry":{"coordinates":[-82.49165,35.58747],"type":"Point"},"properties":{"kind":"stop","name":"Tunnel Rd at Swannanoa River Rd","stop_id":"759664"},"type":"Feature"},{"geometry":{"coordinates":[-82.49563,35.58901],"type":"Point"},"properties":{"kind":"stop","name":"Tunnel Rd at Maple Springs Rd","stop_id":"759665"},"type":"Feature"},{"geometry":{"coordinates":[-82.50307,35.58734],"type":"Point"},"properties":{"kind":"stop","name":"Tunnel Rd at Avon Rd","stop_id":"759666"},"type":"Feature"},{"geometry":{"coordinates":[-82.50716,35.58669],"type":"Point"},"properties":{"kind":"stop","name":"Tunnel Rd at Arco Rd","stop_id":"759667"},"type":"Feature"},{"geometry":{"coordinates":[-82.51034,35.58684],"type":"Point"},"properties":{"kind":"stop","name":"Tunnel Rd at Whitson Rd","stop_id":"759668"},"type":"Feature"},{"geometry":{"coordinates":[-82.51354,35.5869],"type":"Point"},"properties":{"kind":"stop","name":"Tunnel Rd at New Haw Creek Rd","stop_id":"759669"},"type":"Feature"},{"geometry":{"coordinates":[-82.43494,35.59305],"type":"Point"},"properties":{"kind":"stop","name":"US 70 East at Warren Wilson Rd","stop_id":"759670"},"type":"Feature"},{"geometry":{"coordinates":[-82.45159,35.59053],"type":"Point"},"properties":{"kind":"stop","name":"US 70 East at Jims Branch Rd","stop_id":"759671"},"type":"Feature"},{"geometry":{"coordinates":[-82.43663,35.59296],"type":"Point"},"properties":{"kind":"stop","name":"US 70 West at Warren Wilson Rd","stop_id":"759674"},"type":"Feature"},{"geometry":{"coordinates":[-82.43043,35.59356],"type":"Point"},"properties":{"kind":"stop","name":"US 70 East at Buckeye Cove Rd","stop_id":"759675"},"type":"Feature"},{"geometry":{"coordinates":[-82.42515,35.5949],"type":"Point"},"properties":{"kind":"stop","name":"US 70 East at New Salem Rd","stop_id":"759676"},"type":"Feature"},{"geometry":{"coordinates":[-82.40814,35.59916],"type":"Point"},"properties":{"kind":"stop","name":"US 70 East at Ingles","stop_id":"759677"},"type":"Feature"},{"geometry":{"coordinates":[-82.40291,35.60003],"type":"Point"},"properties":{"kind":"stop","name":"US 70 East at Patton Cove Rd","stop_id":"759678"},"type":"Feature"},{"geometry":{"coordinates":[-82.39792,35.60177],"type":"Point"},"properties":{"kind":"stop","name":"US 70 East at Whitson Ave","stop_id":"759679"},"type":"Feature"},{"geometry":{"coordinates":[-82.36725,35.60211],"type":"Point"},"properties":{"kind":"stop","name":"US 70 East at Lytle Cove Rd","stop_id":"759680"},"type":"Feature"},{"geometry":{"coordinates":[-82.3624,35.60422],"type":"Point"},"properties":{"kind":"stop","name":"US 70 East at Grovestone Rd","stop_id":"759681"},"type":"Feature"},{"geometry":{"coordinates":[-82.35902,35.60558],"type":"Point"},"properties":{"kind":"stop","name":"US 70 East at Ingles Warehouse","stop_id":"759682"},"type":"Feature"},{"geometry":{"coordinates":[-82.35033,35.60754],"type":"Point"},"properties":{"kind":"stop","name":"US 70 East at Hopey & Co","stop_id":"759683"},"type":"Feature"},{"geometry":{"coordinates":[-82.34104,35.60949],"type":"Point"},"properties":{"kind":"stop","name":"US 70 East at Blue Ridge Rd","stop_id":"759684"},"type":"Feature"},{"geometry":{"coordinates":[-82.33385,35.61099],"type":"Point"},"properties":{"kind":"stop","name":"W State St at Old US 70 Hwy","stop_id":"759685"},"type":"Feature"},{"geometry":{"coordinates":[-82.32678,35.61379],"type":"Point"},"properties":{"kind":"stop","name":"W State St at Cragmont Rd","stop_id":"759686"},"type":"Feature"},{"geometry":{"coordinates":[-82.3219,35.61573],"type":"Point"},"properties":{"kind":"stop","name":"W State St at S Dougherty St","stop_id":"759687"},"type":"Feature"},{"geometry":{"coordinates":[-82.31906,35.61517],"type":"Point"},"properties":{"kind":"stop","name":"Broadway St at Sutton Ave","stop_id":"759688"},"type":"Feature"},{"geometry":{"coordinates":[-82.32212,35.61571],"type":"Point"},"properties":{"kind":"stop","name":"W State St at N Dougherty St","stop_id":"759689"},"type":"Feature"},{"geometry":{"coordinates":[-82.32734,35.61375],"type":"Point"},"properties":{"kind":"stop","name":"W State St at Cragmont Rd","stop_id":"759690"},"type":"Feature"},{"geometry":{"coordinates":[-82.33371,35.61123],"type":"Point"},"properties":{"kind":"stop","name":"W State St at Old US 70 Hwy","stop_id":"759691"},"type":"Feature"},{"geometry":{"coordinates":[-82.34125,35.60963],"type":"Point"},"properties":{"kind":"stop","name":"US 70 West at Blue Ridge Rd","stop_id":"759692"},"type":"Feature"},{"geometry":{"coordinates":[-82.35046,35.60769],"type":"Point"},"properties":{"kind":"stop","name":"US 70 West at Hopey & Co","stop_id":"759693"},"type":"Feature"},{"geometry":{"coordinates":[-82.36188,35.60468],"type":"Point"},"properties":{"kind":"stop","name":"US 70 West at Grovestone Rd","stop_id":"759694"},"type":"Feature"},{"geometry":{"coordinates":[-82.36752,35.60218],"type":"Point"},"properties":{"kind":"stop","name":"US 70 West at Lytle Cove Rd","stop_id":"759695"},"type":"Feature"},{"geometry":{"coordinates":[-82.39764,35.60207],"type":"Point"},"properties":{"kind":"stop","name":"US 70 West at Whitson Ave","stop_id":"759696"},"type":"Feature"},{"geometry":{"coordinates":[-82.40361,35.60007],"type":"Point"},"properties":{"kind":"stop","name":"US 70 West at Patton Cove Rd","stop_id":"759697"},"type":"Feature"},{"geometry":{"coordinates":[-82.41017,35.59891],"type":"Point"},"properties":{"kind":"stop","name":"US 70 West at Riverwood Rd","stop_id":"759698"},"type":"Feature"},{"geometry":{"coordinates":[-82.42512,35.5951],"type":"Point"},"properties":{"kind":"stop","name":"US 70 West at New Salem Rd","stop_id":"759699"},"type":"Feature"},{"geometry":{"coordinates":[-82.43194,35.59355],"type":"Point"},"properties":{"kind":"stop","name":"US 70 West at Little Florida Ave","stop_id":"759700"},"type":"Feature"},{"geometry":{"coordinates":[-82.45198,35.59057],"type":"Point"},"properties":{"kind":"stop","name":"US 70 West at Jims Branch Rd","stop_id":"759701"},"type":"Feature"},{"geometry":{"coordinates":[-82.54527,35.57221],"type":"Point"},"properties":{"kind":"stop","name":"Biltmore Ave at Roebling Cir","stop_id":"759702"},"type":"Feature"},{"geometry":{"coordinates":[-82.54514,35.57234],"type":"Point"},"properties":{"kind":"stop","name":"Biltmore Ave at Caledonia Rd","stop_id":"759703"},"type":"Feature"},{"geometry":{"coordinates":[-82.39131,35.60255],"type":"Point"},"properties":{"kind":"stop","name":"US 70 East at Avery Wood Dr","stop_id":"759704"},"type":"Feature"},{"geometry":{"coordinates":[-82.39005,35.60246],"type":"Point"},"properties":{"kind":"stop","name":"US 70 West at Avery Wood Dr","stop_id":"759705"},"type":"Feature"},{"geometry":{"coordinates":[-82.55446,35.59097],"type":"Point"},"properties":{"kind":"stop","name":"Hilliard Ave at Coxe Ave","stop_id":"759706"},"type":"Feature"},{"geometry":{"coordinates":[-82.55199,35.59119],"type":"Point"},"properties":{"kind":"stop","name":"Hilliard Ave at Lexington Ave","stop_id":"759707"},"type":"Feature"},{"geometry":{"coordinates":[-82.55106,35.59099],"type":"Point"},"properties":{"kind":"stop","name":"Biltmore Ave at Hilliard Ave","stop_id":"759708"},"type":"Feature"},{"geometry":{"coordinates":[-82.55183,35.58856],"type":"Point"},"properties":{"kind":"stop","name":"Biltmore Ave at Southside Ave","stop_id":"759709"},"type":"Feature"},{"geometry":{"coordinates":[-82.55188,35.58659],"type":"Point"},"properties":{"kind":"stop","name":"Biltmore Ave at Short Coxe Ave","stop_id":"759710"},"type":"Feature"},{"geometry":{"coordinates":[-82.55136,35.58236],"type":"Point"},"properties":{"kind":"stop","name":"Biltmore Ave at Choctaw St","stop_id":"759711"},"type":"Feature"},{"geometry":{"coordinates":[-82.54998,35.57916],"type":"Point"},"properties":{"kind":"stop","name":"Biltmore Ave at Hospital Dr","stop_id":"759712"},"type":"Feature"},{"geometry":{"coordinates":[-82.54912,35.57866],"type":"Point"},"properties":{"kind":"stop","name":"Biltmore Ave at Granby St","stop_id":"759713"},"type":"Feature"},{"geometry":{"coordinates":[-82.54734,35.57608],"type":"Point"},"properties":{"kind":"stop","name":"Biltmore Ave at Doctors Dr","stop_id":"759714"},"type":"Feature"},{"geometry":{"coordinates":[-82.54488,35.56995],"type":"Point"},"properties":{"kind":"stop","name":"Biltmore Ave at Meadow Rd","stop_id":"759715"},"type":"Feature"},{"geometry":{"coordinates":[-82.54308,35.56732],"type":"Point"},"properties":{"kind":"stop","name":"Lodge St at Biltmore Ave","stop_id":"759716"},"type":"Feature"},{"geometry":{"coordinates":[-82.54049,35.56636],"type":"Point"},"properties":{"kind":"stop","name":"Brook St at Reed St","stop_id":"759717"},"type":"Feature"},{"geometry":{"coordinates":[-82.5387,35.56579],"type":"Point"},"properties":{"kind":"stop","name":"Sweeten Creek Rd at London Rd","stop_id":"759718"},"type":"Feature"},{"geometry":{"coordinates":[-82.53731,35.56349],"type":"Point"},"properties":{"kind":"stop","name":"London Rd at Shady Oak Dr","stop_id":"759719"},"type":"Feature"},{"geometry":{"coordinates":[-82.53461,35.56116],"type":"Point"},"properties":{"kind":"stop","name":"London Rd at Belvedere Rd","stop_id":"759720"},"type":"Feature"},{"geometry":{"coordinates":[-82.53347,35.55833],"type":"Point"},"properties":{"kind":"stop","name":"London Rd at Iris Dr","stop_id":"759721"},"type":"Feature"},{"geometry":{"coordinates":[-82.5325,35.55479],"type":"Point"},"properties":{"kind":"stop","name":"London Rd at Raleigh Ave","stop_id":"759722"},"type":"Feature"},{"geometry":{"coordinates":[-82.53247,35.5513],"type":"Point"},"properties":{"kind":"stop","name":"London Rd at W Chapel Rd","stop_id":"759723"},"type":"Feature"},{"geometry":{"coordinates":[-82.53044,35.55106],"type":"Point"},"properties":{"kind":"stop","name":"W Chapel Rd at White Ave","stop_id":"759724"},"type":"Feature"},{"geometry":{"coordinates":[-82.52942,35.54859],"type":"Point"},"properties":{"kind":"stop","name":"Shiloh Rd at Brooklyn Rd","stop_id":"759725"},"type":"Feature"},{"geometry":{"coordinates":[-82.52746,35.54879],"type":"Point"},"properties":{"kind":"stop","name":"Shiloh Rd at Kent St","stop_id":"759726"},"type":"Feature"},{"geometry":{"coordinates":[-82.52557,35.54838],"type":"Point"},"properties":{"kind":"stop","name":"Shiloh Rd at Caribou Rd","stop_id":"759727"},"type":"Feature"},{"geometry":{"coordinates":[-82.52553,35.54592],"type":"Point"},"properties":{"kind":"stop","name":"Caribou Rd at Taft Ave","stop_id":"759728"},"type":"Feature"},{"geometry":{"coordinates":[-82.52783,35.54339],"type":"Point"},"properties":{"kind":"stop","name":"Caribou Rd at Forest St","stop_id":"759729"},"type":"Feature"},{"geometry":{"coordinates":[-82.52748,35.54148],"type":"Point"},"properties":{"kind":"stop","name":"Caribou Rd at Dawnwood Cir","stop_id":"759730"},"type":"Feature"},{"geometry":{"coordinates":[-82.52679,35.53857],"type":"Point"},"properties":{"kind":"stop","name":"Caribou Rd at Forestdale Rd","stop_id":"759731"},"type":"Feature"},{"geometry":{"coordinates":[-82.5289,35.53652],"type":"Point"},"properties":{"kind":"stop","name":"Caribou Rd at Hendersonville Rd","stop_id":"759732"},"type":"Feature"},{"geometry":{"coordinates":[-82.52903,35.53622],"type":"Point"},"properties":{"kind":"stop","name":"Hendersonville Rd at Caribou Rd","stop_id":"759733"},"type":"Feature"},{"geometry":{"coordinates":[-82.5276,35.53377],"type":"Point"},"properties":{"kind":"stop","name":"Rock Hill Rd at Hendersonville Rd","stop_id":"759734"},"type":"Feature"},{"geometry":{"coordinates":[-82.52418,35.53448],"type":"Point"},"properties":{"kind":"stop","name":"Rock Hill Rd at Rock Hill Pl","stop_id":"759735"},"type":"Feature"},{"geometry":{"coordinates":[-82.52043,35.53522],"type":"Point"},"properties":{"kind":"stop","name":"Rock Hill Rd at Edgewood Rd S","stop_id":"759736"},"type":"Feature"},{"geometry":{"coordinates":[-82.51934,35.53569],"type":"Point"},"properties":{"kind":"stop","name":"Sweeten Creek Rd at Rock Hill Rd","stop_id":"759737"},"type":"Feature"},{"geometry":{"coordinates":[-82.52069,35.54103],"type":"Point"},"properties":{"kind":"stop","name":"Sweeten Creek Rd at Busbee View Rd","stop_id":"759738"},"type":"Feature"},{"geometry":{"coordinates":[-82.52138,35.54377],"type":"Point"},"properties":{"kind":"stop","name":"Sweeten Creek Rd at W Chapel Rd","stop_id":"759739"},"type":"Feature"},{"geometry":{"coordinates":[-82.52125,35.54779],"type":"Point"},"properties":{"kind":"stop","name":"Sweeten Creek Rd at Sweeten Creek Industrial Park","stop_id":"759740"},"type":"Feature"},{"geometry":{"coordinates":[-82.52207,35.55309],"type":"Point"},"properties":{"kind":"stop","name":"Medical Park Dr at Medical Park","stop_id":"759741"},"type":"Feature"},{"geometry":{"coordinates":[-82.5202,35.55195],"type":"Point"},"properties":{"kind":"stop","name":"Medical Park Dr at Sweeten Creek Rd","stop_id":"759742"},"type":"Feature"},{"geometry":{"coordinates":[-82.52261,35.54865],"type":"Point"},"properties":{"kind":"stop","name":"W Chapel Rd at Robinson Ave","stop_id":"759743"},"type":"Feature"},{"geometry":{"coordinates":[-82.52571,35.54847],"type":"Point"},"properties":{"kind":"stop","name":"Shiloh Rd at Caribou Rd","stop_id":"759744"},"type":"Feature"},{"geometry":{"coordinates":[-82.52746,35.5489],"type":"Point"},"properties":{"kind":"stop","name":"Shiloh Rd at Kent St","stop_id":"759745"},"type":"Feature"},{"geometry":{"coordinates":[-82.52944,35.54868],"type":"Point"},"properties":{"kind":"stop","name":"Shiloh Rd at Brooklyn Rd","stop_id":"759746"},"type":"Feature"},{"geometry":{"coordinates":[-82.53033,35.55101],"type":"Point"},"properties":{"kind":"stop","name":"White Ave at W Chapel Rd","stop_id":"759747"},"type":"Feature"},{"geometry":{"coordinates":[-82.53236,35.55138],"type":"Point"},"properties":{"kind":"stop","name":"London Rd at W Chapel Rd","stop_id":"759748"},"type":"Feature"},{"geometry":{"coordinates":[-82.53229,35.55367],"type":"Point"},"properties":{"kind":"stop","name":"London Rd at Bostic Pl","stop_id":"759749"},"type":"Feature"},{"geometry":{"coordinates":[-82.53249,35.55611],"type":"Point"},"properties":{"kind":"stop","name":"London Rd at Wyatt St","stop_id":"759750"},"type":"Feature"},{"geometry":{"coordinates":[-82.53356,35.55885],"type":"Point"},"properties":{"kind":"stop","name":"London Rd at Brooklyn Rd","stop_id":"759751"},"type":"Feature"},{"geometry":{"coordinates":[-82.53442,35.56102],"type":"Point"},"properties":{"kind":"stop","name":"London Rd at Belvedere Rd","stop_id":"759752"},"type":"Feature"},{"geometry":{"coordinates":[-82.53712,35.56346],"type":"Point"},"properties":{"kind":"stop","name":"London Rd at Shady Oak Dr","stop_id":"759753"},"type":"Feature"},{"geometry":{"coordinates":[-82.53835,35.56558],"type":"Point"},"properties":{"kind":"stop","name":"London Rd at Sweeten Creek Rd","stop_id":"759754"},"type":"Feature"},{"geometry":{"coordinates":[-82.5405,35.56656],"type":"Point"},"properties":{"kind":"stop","name":"Brook St at Reed St","stop_id":"759755"},"type":"Feature"},{"geometry":{"coordinates":[-82.543,35.5675],"type":"Point"},"properties":{"kind":"stop","name":"Lodge St at Biltmore Ave","stop_id":"759756"},"type":"Feature"},{"geometry":{"coordinates":[-82.54462,35.56987],"type":"Point"},"properties":{"kind":"stop","name":"Biltmore Ave at Bryson St","stop_id":"759757"},"type":"Feature"},{"geometry":{"coordinates":[-82.5472,35.57629],"type":"Point"},"properties":{"kind":"stop","name":"Biltmore Ave at Unadilla Rd","stop_id":"759758"},"type":"Feature"},{"geometry":{"coordinates":[-82.55014,35.57971],"type":"Point"},"properties":{"kind":"stop","name":"Biltmore Ave at Hospital Dr","stop_id":"759759"},"type":"Feature"},{"geometry":{"coordinates":[-82.55115,35.58245],"type":"Point"},"properties":{"kind":"stop","name":"Biltmore Ave at Choctaw St","stop_id":"759760"},"type":"Feature"},{"geometry":{"coordinates":[-82.55163,35.587],"type":"Point"},"properties":{"kind":"stop","name":"Biltmore Ave at McCormick Pl","stop_id":"759761"},"type":"Feature"},{"geometry":{"coordinates":[-82.55159,35.5888],"type":"Point"},"properties":{"kind":"stop","name":"Biltmore Ave at S Charlotte St","stop_id":"759762"},"type":"Feature"},{"geometry":{"coordinates":[-82.55202,35.59129],"type":"Point"},"properties":{"kind":"stop","name":"Hilliard Ave at Lexington Ave","stop_id":"759763"},"type":"Feature"},{"geometry":{"coordinates":[-82.55515,35.59117],"type":"Point"},"properties":{"kind":"stop","name":"Coxe Ave at Hilliard Ave","stop_id":"759764"},"type":"Feature"},{"geometry":{"coordinates":[-82.54753,35.57806],"type":"Point"},"properties":{"kind":"stop","name":"Forest Hill Dr at Sherwood Rd","stop_id":"759765"},"type":"Feature"},{"geometry":{"coordinates":[-82.54542,35.57753],"type":"Point"},"properties":{"kind":"stop","name":"Forest Hill Dr at Thurland Ave","stop_id":"759766"},"type":"Feature"},{"geometry":{"coordinates":[-82.54288,35.57656],"type":"Point"},"properties":{"kind":"stop","name":"Warwick Dr at Forest Hill Dr","stop_id":"759767"},"type":"Feature"},{"geometry":{"coordinates":[-82.53846,35.57698],"type":"Point"},"properties":{"kind":"stop","name":"Kenilworth Rd at Warwick Dr","stop_id":"759768"},"type":"Feature"},{"geometry":{"coordinates":[-82.53782,35.57923],"type":"Point"},"properties":{"kind":"stop","name":"Kenilworth Rd at Harvest House Recreation Center","stop_id":"759769"},"type":"Feature"},{"geometry":{"coordinates":[-82.53555,35.58167],"type":"Point"},"properties":{"kind":"stop","name":"Kenilworth Rd at Normandy Rd","stop_id":"759770"},"type":"Feature"},{"geometry":{"coordinates":[-82.53549,35.58426],"type":"Point"},"properties":{"kind":"stop","name":"Kenilworth Rd at Chateau Pl","stop_id":"759771"},"type":"Feature"},{"geometry":{"coordinates":[-82.53618,35.58661],"type":"Point"},"properties":{"kind":"stop","name":"Kenilworth Rd at Kirkman Rd","stop_id":"759772"},"type":"Feature"},{"geometry":{"coordinates":[-82.53382,35.5874],"type":"Point"},"properties":{"kind":"stop","name":"Kenilworth Rd at Springdale Rd","stop_id":"759773"},"type":"Feature"},{"geometry":{"coordinates":[-82.53158,35.58779],"type":"Point"},"properties":{"kind":"stop","name":"Kenilworth Rd at Aurora Dr","stop_id":"759774"},"type":"Feature"},{"geometry":{"coordinates":[-82.53141,35.59927],"type":"Point"},"properties":{"kind":"stop","name":"Piney Mountain Dr at Chunns Cove Rd","stop_id":"759775"},"type":"Feature"},{"geometry":{"coordinates":[-82.52856,35.59941],"type":"Point"},"properties":{"kind":"stop","name":"Centre Park Dr at Exit","stop_id":"759776"},"type":"Feature"},{"geometry":{"coordinates":[-82.53148,35.5994],"type":"Point"},"properties":{"kind":"stop","name":"Piney Mountain Dr at Chunns Cove Rd","stop_id":"759777"},"type":"Feature"},{"geometry":{"coordinates":[-82.53169,35.58783],"type":"Point"},"properties":{"kind":"stop","name":"Kenilworth Rd at Aurora Dr","stop_id":"759778"},"type":"Feature"},{"geometry":{"coordinates":[-82.53485,35.58756],"type":"Point"},"properties":{"kind":"stop","name":"Kenilworth Rd at Springdale Rd","stop_id":"759779"},"type":"Feature"},{"geometry":{"coordinates":[-82.53629,35.58666],"type":"Point"},"properties":{"kind":"stop","name":"Kenilworth Rd at Kirkman Rd","stop_id":"759780"},"type":"Feature"},{"geometry":{"coordinates":[-82.53559,35.58393],"type":"Point"},"properties":{"kind":"stop","name":"Kenilworth Rd at Digges Rd","stop_id":"759781"},"type":"Feature"},{"geometry":{"coordinates":[-82.53562,35.58181],"type":"Point"},"properties":{"kind":"stop","name":"Kenilworth Rd at Normandy Rd","stop_id":"759782"},"type":"Feature"},{"geometry":{"coordinates":[-82.53797,35.57923],"type":"Point"},"properties":{"kind":"stop","name":"Kenilworth Rd at Harvest House Recreation Center","stop_id":"759783"},"type":"Feature"},{"geometry":{"coordinates":[-82.5386,35.57693],"type":"Point"},"properties":{"kind":"stop","name":"Kenilworth Rd at Warwick Rd","stop_id":"759784"},"type":"Feature"},{"geometry":{"coordinates":[-82.54056,35.57704],"type":"Point"},"properties":{"kind":"stop","name":"Warwick Rd at McClain St","stop_id":"759785"},"type":"Feature"},{"geometry":{"coordinates":[-82.54301,35.57658],"type":"Point"},"properties":{"kind":"stop","name":"Warwick Rd at Forest Hill Dr","stop_id":"759786"},"type":"Feature"},{"geometry":{"coordinates":[-82.5452,35.57747],"type":"Point"},"properties":{"kind":"stop","name":"Forest Hill Dr at Thurland Rd","stop_id":"759787"},"type":"Feature"},{"geometry":{"coordinates":[-82.54772,35.57807],"type":"Point"},"properties":{"kind":"stop","name":"Forest Hill Dr at Sherwood Rd","stop_id":"759788"},"type":"Feature"},{"geometry":{"coordinates":[-82.55657,35.59084],"type":"Point"},"properties":{"kind":"stop","name":"Asheland Ave at Hilliard Ave","stop_id":"759789"},"type":"Feature"},{"geometry":{"coordinates":[-82.55656,35.58897],"type":"Point"},"properties":{"kind":"stop","name":"Asheland Ave at Morgan Ave","stop_id":"759790"},"type":"Feature"},{"geometry":{"coordinates":[-82.55618,35.58489],"type":"Point"},"properties":{"kind":"stop","name":"Asheland Ave at Phifer St","stop_id":"759791"},"type":"Feature"},{"geometry":{"coordinates":[-82.55437,35.58179],"type":"Point"},"properties":{"kind":"stop","name":"McDowell St at Choctaw St","stop_id":"759792"},"type":"Feature"},{"geometry":{"coordinates":[-82.55246,35.57868],"type":"Point"},"properties":{"kind":"stop","name":"McDowell St at Hospital Dr","stop_id":"759793"},"type":"Feature"},{"geometry":{"coordinates":[-82.54394,35.56598],"type":"Point"},"properties":{"kind":"stop","name":"All Souls Crescent at Angle St","stop_id":"759794"},"type":"Feature"},{"geometry":{"coordinates":[-82.55069,35.5741],"type":"Point"},"properties":{"kind":"stop","name":"McDowell St at Doctors Dr","stop_id":"759795"},"type":"Feature"},{"geometry":{"coordinates":[-82.55062,35.57237],"type":"Point"},"properties":{"kind":"stop","name":"McDowell St at Asheville High School","stop_id":"759796"},"type":"Feature"},{"geometry":{"coordinates":[-82.55,35.56959],"type":"Point"},"properties":{"kind":"stop","name":"McDowell St at Short McDowell St","stop_id":"759797"},"type":"Feature"},{"geometry":{"coordinates":[-82.54488,35.56716],"type":"Point"},"properties":{"kind":"stop","name":"McDowell St at Lodge St","stop_id":"759798"},"type":"Feature"},{"geometry":{"coordinates":[-82.54438,35.56626],"type":"Point"},"properties":{"kind":"stop","name":"All Souls Crescent at Boston Way","stop_id":"759799"},"type":"Feature"},{"geometry":{"coordinates":[-82.54222,35.5633],"type":"Point"},"properties":{"kind":"stop","name":"Hendersonville Rd at Irwin St","stop_id":"759800"},"type":"Feature"},{"geometry":{"coordinates":[-82.5387,35.55516],"type":"Point"},"properties":{"kind":"stop","name":"Hendersonville Rd at Vanderbilt Park Dr","stop_id":"759801"},"type":"Feature"},{"geometry":{"coordinates":[-82.53532,35.54861],"type":"Point"},"properties":{"kind":"stop","name":"Hendersonville Rd at W Chapel Rd","stop_id":"759802"},"type":"Feature"},{"geometry":{"coordinates":[-82.53425,35.54613],"type":"Point"},"properties":{"kind":"stop","name":"Hendersonville Rd at Jeffress Ave","stop_id":"759803"},"type":"Feature"},{"geometry":{"coordinates":[-82.5334,35.54386],"type":"Point"},"properties":{"kind":"stop","name":"Hendersonville Rd at Busbee Rd","stop_id":"759804"},"type":"Feature"},{"geometry":{"coordinates":[-82.52799,35.5336],"type":"Point"},"properties":{"kind":"stop","name":"Hendersonville Rd at Rock Hill Rd","stop_id":"759805"},"type":"Feature"},{"geometry":{"coordinates":[-82.52923,35.52857],"type":"Point"},"properties":{"kind":"stop","name":"Hendersonville Rd at Eastwood Rd","stop_id":"759806"},"type":"Feature"},{"geometry":{"coordinates":[-82.52969,35.52395],"type":"Point"},"properties":{"kind":"stop","name":"Hendersonville Rd at Carolina Day School","stop_id":"759807"},"type":"Feature"},{"geometry":{"coordinates":[-82.52722,35.51302],"type":"Point"},"properties":{"kind":"stop","name":"Hendersonville Rd at Lambeth Dr","stop_id":"759808"},"type":"Feature"},{"geometry":{"coordinates":[-82.52659,35.51063],"type":"Point"},"properties":{"kind":"stop","name":"Hendersonville Rd at Peachtree Rd","stop_id":"759809"},"type":"Feature"},{"geometry":{"coordinates":[-82.52588,35.50783],"type":"Point"},"properties":{"kind":"stop","name":"Hendersonville Rd at Weirbridge Rd","stop_id":"759810"},"type":"Feature"},{"geometry":{"coordinates":[-82.52408,35.50341],"type":"Point"},"properties":{"kind":"stop","name":"Hendersonville Rd at Gerber Rd","stop_id":"759812"},"type":"Feature"},{"geometry":{"coordinates":[-82.52172,35.49951],"type":"Point"},"properties":{"kind":"stop","name":"Hendersonville Rd at Mills Gap Rd","stop_id":"759813"},"type":"Feature"},{"geometry":{"coordinates":[-82.52406,35.48949],"type":"Point"},"properties":{"kind":"stop","name":"Hendersonville Rd at Springside Rd","stop_id":"759814"},"type":"Feature"},{"geometry":{"coordinates":[-82.52563,35.48444],"type":"Point"},"properties":{"kind":"stop","name":"Hendersonville Rd at Long Shoals Rd","stop_id":"759815"},"type":"Feature"},{"geometry":{"coordinates":[-82.52461,35.47997],"type":"Point"},"properties":{"kind":"stop","name":"Hendersonville Rd at Linamar Entrance","stop_id":"759816"},"type":"Feature"},{"geometry":{"coordinates":[-82.52215,35.47313],"type":"Point"},"properties":{"kind":"stop","name":"Hendersonville Rd at Heywood Rd","stop_id":"759817"},"type":"Feature"},{"geometry":{"coordinates":[-82.51664,35.46592],"type":"Point"},"properties":{"kind":"stop","name":"Hendersonville Rd at Glenn Bridge Rd","stop_id":"759818"},"type":"Feature"},{"geometry":{"coordinates":[-82.51373,35.46176],"type":"Point"},"properties":{"kind":"stop","name":"Hendersonville Rd at Buck Shoals Rd","stop_id":"759819"},"type":"Feature"},{"geometry":{"coordinates":[-82.51251,35.46],"type":"Point"},"properties":{"kind":"stop","name":"Hendersonville Rd at New Airport Rd","stop_id":"759820"},"type":"Feature"},{"geometry":{"coordinates":[-82.51902,35.45819],"type":"Point"},"properties":{"kind":"stop","name":"New Airport Rd at Old Shoals Rd","stop_id":"759821"},"type":"Feature"},{"geometry":{"coordinates":[-82.52255,35.45408],"type":"Point"},"properties":{"kind":"stop","name":"New Airport Rd at WalMart","stop_id":"759822"},"type":"Feature"},{"geometry":{"coordinates":[-82.52599,35.4512],"type":"Point"},"properties":{"kind":"stop","name":"New Airport Rd at Bradley Branch Rd","stop_id":"759823"},"type":"Feature"},{"geometry":{"coordinates":[-82.53307,35.44621],"type":"Point"},"properties":{"kind":"stop","name":"New Airport Rd at McKenna Rd","stop_id":"759824"},"type":"Feature"},{"geometry":{"coordinates":[-82.53431,35.44403],"type":"Point"},"properties":{"kind":"stop","name":"New Airport Rd at Rockwood Rd","stop_id":"759825"},"type":"Feature"},{"geometry":{"coordinates":[-82.53471,35.43098],"type":"Point"},"properties":{"kind":"stop","name":"New Airport Rd at Fanning Bridge Rd","stop_id":"759827"},"type":"Feature"},{"geometry":{"coordinates":[-82.53637,35.43674],"type":"Point"},"properties":{"kind":"stop","name":"New Airport Rd at Airport Park Dr","stop_id":"759828"},"type":"Feature"},{"geometry":{"coordinates":[-82.53414,35.4438],"type":"Point"},"properties":{"kind":"stop","name":"New Airport Rd at Rockwood Rd","stop_id":"759829"},"type":"Feature"},{"geometry":{"coordinates":[-82.53222,35.44716],"type":"Point"},"properties":{"kind":"stop","name":"New Airport Rd at McKenna Rd","stop_id":"759830"},"type":"Feature"},{"geometry":{"coordinates":[-82.52593,35.45099],"type":"Point"},"properties":{"kind":"stop","name":"New Airport Rd at Rutledge Rd","stop_id":"759831"},"type":"Feature"},{"geometry":{"coordinates":[-82.52233,35.45397],"type":"Point"},"properties":{"kind":"stop","name":"New Airport Rd at WalMart","stop_id":"759832"},"type":"Feature"},{"geometry":{"coordinates":[-82.51736,35.45878],"type":"Point"},"properties":{"kind":"stop","name":"New Airport Rd at Old Shoals Rd","stop_id":"759833"},"type":"Feature"},{"geometry":{"coordinates":[-82.51243,35.4605],"type":"Point"},"properties":{"kind":"stop","name":"Hendersonville Rd at New Airport Rd","stop_id":"759834"},"type":"Feature"},{"geometry":{"coordinates":[-82.5167,35.46653],"type":"Point"},"properties":{"kind":"stop","name":"Hendersonville Rd at Glenn Bridge Rd","stop_id":"759835"},"type":"Feature"},{"geometry":{"coordinates":[-82.52172,35.47289],"type":"Point"},"properties":{"kind":"stop","name":"Hendersonville Rd at Royal Pines Dr","stop_id":"759836"},"type":"Feature"},{"geometry":{"coordinates":[-82.5244,35.48044],"type":"Point"},"properties":{"kind":"stop","name":"Hendersonville Rd at Linamar Entrance","stop_id":"759837"},"type":"Feature"},{"geometry":{"coordinates":[-82.52526,35.48596],"type":"Point"},"properties":{"kind":"stop","name":"Hendersonville Rd at Long Shoals Rd","stop_id":"759838"},"type":"Feature"},{"geometry":{"coordinates":[-82.52392,35.48917],"type":"Point"},"properties":{"kind":"stop","name":"Hendersonville Rd at Herman Ave","stop_id":"759839"},"type":"Feature"},{"geometry":{"coordinates":[-82.52319,35.49095],"type":"Point"},"properties":{"kind":"stop","name":"Hendersonville Rd at Oak Forest Blvd","stop_id":"759840"},"type":"Feature"},{"geometry":{"coordinates":[-82.52167,35.49992],"type":"Point"},"properties":{"kind":"stop","name":"Hendersonville Rd at Mills Gap Rd","stop_id":"759841"},"type":"Feature"},{"geometry":{"coordinates":[-82.52353,35.50281],"type":"Point"},"properties":{"kind":"stop","name":"Hendersonville Rd at Gerber Rd","stop_id":"759842"},"type":"Feature"},{"geometry":{"coordinates":[-82.52429,35.50455],"type":"Point"},"properties":{"kind":"stop","name":"Hendersonville Rd at Publix","stop_id":"759843"},"type":"Feature"},{"geometry":{"coordinates":[-82.5256,35.50792],"type":"Point"},"properties":{"kind":"stop","name":"Hendersonville Rd at Turtle Creek Dr","stop_id":"759844"},"type":"Feature"},{"geometry":{"coordinates":[-82.52631,35.51069],"type":"Point"},"properties":{"kind":"stop","name":"Hendersonville Rd at Peachtree Rd","stop_id":"759845"},"type":"Feature"},{"geometry":{"coordinates":[-82.52697,35.51307],"type":"Point"},"properties":{"kind":"stop","name":"Hendersonville Rd at Lambeth Rd","stop_id":"759846"},"type":"Feature"},{"geometry":{"coordinates":[-82.52942,35.52365],"type":"Point"},"properties":{"kind":"stop","name":"Hendersonville Rd at Carolina Day School","stop_id":"759847"},"type":"Feature"},{"geometry":{"coordinates":[-82.52883,35.52917],"type":"Point"},"properties":{"kind":"stop","name":"Hendersonville Rd at Ascot Point Cir","stop_id":"759848"},"type":"Feature"},{"geometry":{"coordinates":[-82.52775,35.53361],"type":"Point"},"properties":{"kind":"stop","name":"Hendersonville Rd at Rock Hill Rd","stop_id":"759849"},"type":"Feature"},{"geometry":{"coordinates":[-82.52908,35.53666],"type":"Point"},"properties":{"kind":"stop","name":"Hendersonville Rd at Caribou Rd","stop_id":"759850"},"type":"Feature"},{"geometry":{"coordinates":[-82.53234,35.54181],"type":"Point"},"properties":{"kind":"stop","name":"Hendersonville Rd at Forest St","stop_id":"759851"},"type":"Feature"},{"geometry":{"coordinates":[-82.53321,35.54401],"type":"Point"},"properties":{"kind":"stop","name":"Hendersonville Rd at Busbee Rd","stop_id":"759852"},"type":"Feature"},{"geometry":{"coordinates":[-82.53399,35.54609],"type":"Point"},"properties":{"kind":"stop","name":"Hendersonville Rd at Jeffress Ave","stop_id":"759853"},"type":"Feature"},{"geometry":{"coordinates":[-82.53513,35.54875],"type":"Point"},"properties":{"kind":"stop","name":"Hendersonville Rd at W Chapel Rd","stop_id":"759854"},"type":"Feature"},{"geometry":{"coordinates":[-82.53838,35.55521],"type":"Point"},"properties":{"kind":"stop","name":"Hendersonville Rd at Vanderbilt Park Dr","stop_id":"759855"},"type":"Feature"},{"geometry":{"coordinates":[-82.54183,35.56315],"type":"Point"},"properties":{"kind":"stop","name":"Hendersonville Rd at Irwin St","stop_id":"759856"},"type":"Feature"},{"geometry":{"coordinates":[-82.54461,35.56731],"type":"Point"},"properties":{"kind":"stop","name":"McDowell St at Lodge St","stop_id":"759857"},"type":"Feature"},{"geometry":{"coordinates":[-82.54986,35.56983],"type":"Point"},"properties":{"kind":"stop","name":"McDowell St at Saint Dunstans Rd","stop_id":"759858"},"type":"Feature"},{"geometry":{"coordinates":[-82.55046,35.57192],"type":"Point"},"properties":{"kind":"stop","name":"McDowell St at Grindstaff Dr","stop_id":"759859"},"type":"Feature"},{"geometry":{"coordinates":[-82.55054,35.57454],"type":"Point"},"properties":{"kind":"stop","name":"McDowell St at Mission Hospital Entrance","stop_id":"759860"},"type":"Feature"},{"geometry":{"coordinates":[-82.55233,35.57873],"type":"Point"},"properties":{"kind":"stop","name":"McDowell St at Hospital Dr","stop_id":"759861"},"type":"Feature"},{"geometry":{"coordinates":[-82.55415,35.58189],"type":"Point"},"properties":{"kind":"stop","name":"McDowell St at Choctaw St","stop_id":"759862"},"type":"Feature"},{"geometry":{"coordinates":[-82.55597,35.58503],"type":"Point"},"properties":{"kind":"stop","name":"Asheland Ave at Southside Ave","stop_id":"759863"},"type":"Feature"},{"geometry":{"coordinates":[-82.55637,35.58879],"type":"Point"},"properties":{"kind":"stop","name":"Asheland Ave at Morgan Ave","stop_id":"759864"},"type":"Feature"},{"geometry":{"coordinates":[-82.55905,35.59094],"type":"Point"},"properties":{"kind":"stop","name":"S French Broad Ave at Hilliard Ave","stop_id":"759865"},"type":"Feature"},{"geometry":{"coordinates":[-82.55936,35.58842],"type":"Point"},"properties":{"kind":"stop","name":"S French Broad Ave at Aston Park Towers","stop_id":"759866"},"type":"Feature"},{"geometry":{"coordinates":[-82.55947,35.58645],"type":"Point"},"properties":{"kind":"stop","name":"S French Broad Ave at Asheville Middle School","stop_id":"759867"},"type":"Feature"},{"geometry":{"coordinates":[-82.55961,35.58459],"type":"Point"},"properties":{"kind":"stop","name":"S French Broad Ave at Vernell Ave","stop_id":"759868"},"type":"Feature"},{"geometry":{"coordinates":[-82.55972,35.58288],"type":"Point"},"properties":{"kind":"stop","name":"S French Broad Ave at Bartlett St","stop_id":"759869"},"type":"Feature"},{"geometry":{"coordinates":[-82.55993,35.57973],"type":"Point"},"properties":{"kind":"stop","name":"S French Broad Ave at Choctaw St","stop_id":"759870"},"type":"Feature"},{"geometry":{"coordinates":[-82.56011,35.57793],"type":"Point"},"properties":{"kind":"stop","name":"S French Broad Ave at Livingston St","stop_id":"759871"},"type":"Feature"},{"geometry":{"coordinates":[-82.56223,35.5774],"type":"Point"},"properties":{"kind":"stop","name":"Livingston St at Depot St","stop_id":"759872"},"type":"Feature"},{"geometry":{"coordinates":[-82.56217,35.57631],"type":"Point"},"properties":{"kind":"stop","name":"Depot St at Southern St","stop_id":"759873"},"type":"Feature"},{"geometry":{"coordinates":[-82.56225,35.57492],"type":"Point"},"properties":{"kind":"stop","name":"Depot St at Oakland Rd","stop_id":"759874"},"type":"Feature"},{"geometry":{"coordinates":[-82.55899,35.57461],"type":"Point"},"properties":{"kind":"stop","name":"Oakland Rd at Hibernia St","stop_id":"759875"},"type":"Feature"},{"geometry":{"coordinates":[-82.55627,35.57426],"type":"Point"},"properties":{"kind":"stop","name":"Oakland Rd at Haith Dr","stop_id":"759876"},"type":"Feature"},{"geometry":{"coordinates":[-82.5543,35.57398],"type":"Point"},"properties":{"kind":"stop","name":"Oakland Rd at Victoria Rd","stop_id":"759877"},"type":"Feature"},{"geometry":{"coordinates":[-82.55445,35.57082],"type":"Point"},"properties":{"kind":"stop","name":"A-B Tech at Holly Library","stop_id":"759878"},"type":"Feature"},{"geometry":{"coordinates":[-82.55439,35.57132],"type":"Point"},"properties":{"kind":"stop","name":"A-B Tech at K Ray Bailey Student Center","stop_id":"759879"},"type":"Feature"},{"geometry":{"coordinates":[-82.55322,35.57438],"type":"Point"},"properties":{"kind":"stop","name":"Victoria Rd at Asheville High School","stop_id":"759880"},"type":"Feature"},{"geometry":{"coordinates":[-82.55195,35.57646],"type":"Point"},"properties":{"kind":"stop","name":"Victoria Rd at Livingston St","stop_id":"759881"},"type":"Feature"},{"geometry":{"coordinates":[-82.55172,35.57742],"type":"Point"},"properties":{"kind":"stop","name":"Livingston St at Victoria Rd","stop_id":"759882"},"type":"Feature"},{"geometry":{"coordinates":[-82.55442,35.57807],"type":"Point"},"properties":{"kind":"stop","name":"Livingston St at Pine Grove Ave","stop_id":"759883"},"type":"Feature"},{"geometry":{"coordinates":[-82.5569,35.57769],"type":"Point"},"properties":{"kind":"stop","name":"Livingston St at Gaston St","stop_id":"759884"},"type":"Feature"},{"geometry":{"coordinates":[-82.55994,35.57794],"type":"Point"},"properties":{"kind":"stop","name":"S French Broad Ave at Livingston St","stop_id":"759885"},"type":"Feature"},{"geometry":{"coordinates":[-82.55976,35.58017],"type":"Point"},"properties":{"kind":"stop","name":"S French Broad Ave at Choctaw St","stop_id":"759886"},"type":"Feature"},{"geometry":{"coordinates":[-82.5596,35.58272],"type":"Point"},"properties":{"kind":"stop","name":"S French Broad Ave at Bartlett St","stop_id":"759887"},"type":"Feature"},{"geometry":{"coordinates":[-82.55947,35.58475],"type":"Point"},"properties":{"kind":"stop","name":"S French Broad Ave at Phifer St","stop_id":"759888"},"type":"Feature"},{"geometry":{"coordinates":[-82.55934,35.5867],"type":"Point"},"properties":{"kind":"stop","name":"S French Broad Ave at Asheville Middle School","stop_id":"759889"},"type":"Feature"},{"geometry":{"coordinates":[-82.55921,35.58848],"type":"Point"},"properties":{"kind":"stop","name":"S French Broad Ave at Aston Park Towers","stop_id":"759890"},"type":"Feature"},{"geometry":{"coordinates":[-82.55893,35.59102],"type":"Point"},"properties":{"kind":"stop","name":"S French Broad Ave at Hilliard Ave","stop_id":"759891"},"type":"Feature"},{"geometry":{"coordinates":[-82.55479,35.59465],"type":"Point"},"properties":{"kind":"stop","name":"College St at Patton Ave","stop_id":"759893"},"type":"Feature"},{"geometry":{"coordinates":[-82.54495,35.59193],"type":"Point"},"properties":{"kind":"stop","name":"Martin Luther King Jr Dr at Miller St","stop_id":"759894"},"type":"Feature"},{"geometry":{"coordinates":[-82.52352,35.47738],"type":"Point"},"properties":{"kind":"stop","name":"Hendersonville Rd at Blake Dr","stop_id":"759895"},"type":"Feature"},{"geometry":{"coordinates":[-82.52374,35.4773],"type":"Point"},"properties":{"kind":"stop","name":"Hendersonville Rd at Blake Dr","stop_id":"759896"},"type":"Feature"},{"geometry":{"coordinates":[-82.51272,35.5745],"type":"Point"},"properties":{"kind":"stop","name":"Bleachery Blvd behind Kohls","stop_id":"759897"},"type":"Feature"},{"geometry":{"coordinates":[-82.52441,35.54895],"type":"Point"},"properties":{"kind":"stop","name":"West Chapel Rd at Booker St","stop_id":"759898"},"type":"Feature"},{"geometry":{"coordinates":[-82.52019,35.53903],"type":"Point"},"properties":{"kind":"stop","name":"Sweeten Creek Rd at 1256 Sweeten Creek Rd","stop_id":"759899"},"type":"Feature"},{"geometry":{"coordinates":[-82.49891,35.57698],"type":"Point"},"properties":{"kind":"stop","name":"Swannanoa River Rd at Manna Food Bank","stop_id":"759900"},"type":"Feature"},{"geometry":{"coordinates":[-82.5592,35.59119],"type":"Point"},"properties":{"kind":"stop","name":"Hilliard Ave at S French Broad Ave","stop_id":"759902"},"type":"Feature"},{"geometry":{"coordinates":[-82.56236,35.59098],"type":"Point"},"properties":{"kind":"stop","name":"Clingman Ave at Hilliard Ave","stop_id":"759903"},"type":"Feature"},{"geometry":{"coordinates":[-82.56373,35.58934],"type":"Point"},"properties":{"kind":"stop","name":"Clingman Ave at Owens Bell Ln","stop_id":"759904"},"type":"Feature"},{"geometry":{"coordinates":[-82.56635,35.58709],"type":"Point"},"properties":{"kind":"stop","name":"Clingman Ave at RAD/Roberts St","stop_id":"759905"},"type":"Feature"},{"geometry":{"coordinates":[-82.56946,35.58464],"type":"Point"},"properties":{"kind":"stop","name":"Haywood Rd at Craven St","stop_id":"759906"},"type":"Feature"},{"geometry":{"coordinates":[-82.57212,35.5821],"type":"Point"},"properties":{"kind":"stop","name":"Haywood Rd at Avon Ave","stop_id":"759907"},"type":"Feature"},{"geometry":{"coordinates":[-82.57422,35.58009],"type":"Point"},"properties":{"kind":"stop","name":"Haywood Rd at Brownwood Ave","stop_id":"759908"},"type":"Feature"},{"geometry":{"coordinates":[-82.57631,35.57783],"type":"Point"},"properties":{"kind":"stop","name":"Haywood Rd at Swannanoa Ave","stop_id":"759909"},"type":"Feature"},{"geometry":{"coordinates":[-82.58114,35.57792],"type":"Point"},"properties":{"kind":"stop","name":"Haywood Rd at Westwood Pl","stop_id":"759910"},"type":"Feature"},{"geometry":{"coordinates":[-82.58239,35.57761],"type":"Point"},"properties":{"kind":"stop","name":"Hanover St at Haywood Rd","stop_id":"759911"},"type":"Feature"},{"geometry":{"coordinates":[-82.58255,35.57507],"type":"Point"},"properties":{"kind":"stop","name":"Hanover St at Montana Ave","stop_id":"759912"},"type":"Feature"},{"geometry":{"coordinates":[-82.58274,35.57156],"type":"Point"},"properties":{"kind":"stop","name":"Hanover St at State St","stop_id":"759913"},"type":"Feature"},{"geometry":{"coordinates":[-82.58247,35.56903],"type":"Point"},"properties":{"kind":"stop","name":"Granada St at PVA Community Center","stop_id":"759914"},"type":"Feature"},{"geometry":{"coordinates":[-82.58261,35.5716],"type":"Point"},"properties":{"kind":"stop","name":"Hanover St at State St","stop_id":"759915"},"type":"Feature"},{"geometry":{"coordinates":[-82.58642,35.57657],"type":"Point"},"properties":{"kind":"stop","name":"State St at Pennsylvania Ave","stop_id":"759916"},"type":"Feature"},{"geometry":{"coordinates":[-82.58823,35.57866],"type":"Point"},"properties":{"kind":"stop","name":"Haywood Rd at State St","stop_id":"759917"},"type":"Feature"},{"geometry":{"coordinates":[-82.5906,35.57795],"type":"Point"},"properties":{"kind":"stop","name":"Haywood Rd at Louisiana Ave","stop_id":"759918"},"type":"Feature"},{"geometry":{"coordinates":[-82.59407,35.57844],"type":"Point"},"properties":{"kind":"stop","name":"Haywood Rd at Vermont Ave","stop_id":"759919"},"type":"Feature"},{"geometry":{"coordinates":[-82.5988,35.58084],"type":"Point"},"properties":{"kind":"stop","name":"Haywood Rd at Blue Ridge Ave","stop_id":"759920"},"type":"Feature"},{"geometry":{"coordinates":[-82.60144,35.58112],"type":"Point"},"properties":{"kind":"stop","name":"Haywood Rd at Balsam Ave","stop_id":"759921"},"type":"Feature"},{"geometry":{"coordinates":[-82.60476,35.58232],"type":"Point"},"properties":{"kind":"stop","name":"Haywood Rd at Patton Ave","stop_id":"759922"},"type":"Feature"},{"geometry":{"coordinates":[-82.60635,35.58338],"type":"Point"},"properties":{"kind":"stop","name":"Johnston Blvd at Patton Ave","stop_id":"759923"},"type":"Feature"},{"geometry":{"coordinates":[-82.60806,35.58478],"type":"Point"},"properties":{"kind":"stop","name":"Johnston Blvd at Providence Rd","stop_id":"759924"},"type":"Feature"},{"geometry":{"coordinates":[-82.61446,35.58561],"type":"Point"},"properties":{"kind":"stop","name":"Johnston Blvd at Oakmont Terrace","stop_id":"759925"},"type":"Feature"},{"geometry":{"coordinates":[-82.61697,35.58603],"type":"Point"},"properties":{"kind":"stop","name":"Johnson Blvd at N Bear Creek Rd","stop_id":"759926"},"type":"Feature"},{"geometry":{"coordinates":[-82.61777,35.58363],"type":"Point"},"properties":{"kind":"stop","name":"N Bear Creek Rd at Cub Rd","stop_id":"759927"},"type":"Feature"},{"geometry":{"coordinates":[-82.61745,35.5817],"type":"Point"},"properties":{"kind":"stop","name":"N Bear Creek Rd at Deaverview Rd","stop_id":"759928"},"type":"Feature"},{"geometry":{"coordinates":[-82.61914,35.58079],"type":"Point"},"properties":{"kind":"stop","name":"Deaverview Rd at Deaverview Apartments","stop_id":"759929"},"type":"Feature"},{"geometry":{"coordinates":[-82.62146,35.58048],"type":"Point"},"properties":{"kind":"stop","name":"Deaverview Rd at Westmore Dr","stop_id":"759930"},"type":"Feature"},{"geometry":{"coordinates":[-82.62377,35.58144],"type":"Point"},"properties":{"kind":"stop","name":"Deaverview Rd at Ford St","stop_id":"759931"},"type":"Feature"},{"geometry":{"coordinates":[-82.62819,35.58268],"type":"Point"},"properties":{"kind":"stop","name":"Deaverview Rd at Pisgah View Rd","stop_id":"759932"},"type":"Feature"},{"geometry":{"coordinates":[-82.63153,35.58072],"type":"Point"},"properties":{"kind":"stop","name":"Pisgah View Rd at Canterbury Apartments","stop_id":"759933"},"type":"Feature"},{"geometry":{"coordinates":[-82.62849,35.58269],"type":"Point"},"properties":{"kind":"stop","name":"Deaverview Rd at Pisgah View Rd","stop_id":"759934"},"type":"Feature"},{"geometry":{"coordinates":[-82.62358,35.58121],"type":"Point"},"properties":{"kind":"stop","name":"Deaverview Rd at Deaver Dr","stop_id":"759935"},"type":"Feature"},{"geometry":{"coordinates":[-82.62164,35.58039],"type":"Point"},"properties":{"kind":"stop","name":"Deaverview Rd at Deaver Park Cir","stop_id":"759936"},"type":"Feature"},{"geometry":{"coordinates":[-82.61709,35.58091],"type":"Point"},"properties":{"kind":"stop","name":"Deaverview Rd at N Bear Creek Rd","stop_id":"759937"},"type":"Feature"},{"geometry":{"coordinates":[-82.61144,35.58084],"type":"Point"},"properties":{"kind":"stop","name":"Deaverview Rd at Roger Farmer City Park","stop_id":"759938"},"type":"Feature"},{"geometry":{"coordinates":[-82.60801,35.58033],"type":"Point"},"properties":{"kind":"stop","name":"Patton Ave at Deaverview Rd","stop_id":"759939"},"type":"Feature"},{"geometry":{"coordinates":[-82.60492,35.58222],"type":"Point"},"properties":{"kind":"stop","name":"Haywood Rd at Patton Ave","stop_id":"759940"},"type":"Feature"},{"geometry":{"coordinates":[-82.60216,35.58109],"type":"Point"},"properties":{"kind":"stop","name":"Haywood Rd at Clinton Ave","stop_id":"759941"},"type":"Feature"},{"geometry":{"coordinates":[-82.59791,35.58047],"type":"Point"},"properties":{"kind":"stop","name":"Haywood Rd at Sulphur Springs Rd","stop_id":"759942"},"type":"Feature"},{"geometry":{"coordinates":[-82.59457,35.5785],"type":"Point"},"properties":{"kind":"stop","name":"Haywood Rd at Vermont Ave","stop_id":"759943"},"type":"Feature"},{"geometry":{"coordinates":[-82.59298,35.57767],"type":"Point"},"properties":{"kind":"stop","name":"Haywood Rd at Brevard Rd","stop_id":"759944"},"type":"Feature"},{"geometry":{"coordinates":[-82.59096,35.57753],"type":"Point"},"properties":{"kind":"stop","name":"Haywood Rd at Virginia Ave","stop_id":"759945"},"type":"Feature"},{"geometry":{"coordinates":[-82.58917,35.57859],"type":"Point"},"properties":{"kind":"stop","name":"Haywood Rd at Louisiana Ave","stop_id":"759946"},"type":"Feature"},{"geometry":{"coordinates":[-82.58684,35.57675],"type":"Point"},"properties":{"kind":"stop","name":"State St at Hudson St","stop_id":"759947"},"type":"Feature"},{"geometry":{"coordinates":[-82.58238,35.57545],"type":"Point"},"properties":{"kind":"stop","name":"Hanover St at Montana Ave","stop_id":"759948"},"type":"Feature"},{"geometry":{"coordinates":[-82.58213,35.57776],"type":"Point"},"properties":{"kind":"stop","name":"Hanover St at Haywood Rd","stop_id":"759949"},"type":"Feature"},{"geometry":{"coordinates":[-82.57971,35.57782],"type":"Point"},"properties":{"kind":"stop","name":"Haywood Rd at Michigan Ave","stop_id":"759950"},"type":"Feature"},{"geometry":{"coordinates":[-82.57638,35.57768],"type":"Point"},"properties":{"kind":"stop","name":"Haywood Rd at Swannanoa Ave","stop_id":"759951"},"type":"Feature"},{"geometry":{"coordinates":[-82.57459,35.57841],"type":"Point"},"properties":{"kind":"stop","name":"Haywood Rd at Elkin St","stop_id":"759952"},"type":"Feature"},{"geometry":{"coordinates":[-82.57408,35.58007],"type":"Point"},"properties":{"kind":"stop","name":"Haywood Rd at Brownwood Ave","stop_id":"759953"},"type":"Feature"},{"geometry":{"coordinates":[-82.57205,35.58201],"type":"Point"},"properties":{"kind":"stop","name":"Haywood Rd at Avon Ave","stop_id":"759954"},"type":"Feature"},{"geometry":{"coordinates":[-82.56984,35.58406],"type":"Point"},"properties":{"kind":"stop","name":"Haywood Rd at Riverview Dr","stop_id":"759955"},"type":"Feature"},{"geometry":{"coordinates":[-82.56607,35.587],"type":"Point"},"properties":{"kind":"stop","name":"Clingman Ave at RAD/Roberts St","stop_id":"759956"},"type":"Feature"},{"geometry":{"coordinates":[-82.56352,35.58942],"type":"Point"},"properties":{"kind":"stop","name":"Clingman Ave at Owens Bell Ln","stop_id":"759957"},"type":"Feature"},{"geometry":{"coordinates":[-82.56215,35.591],"type":"Point"},"properties":{"kind":"stop","name":"Clingman Ave at Hilliard Ave","stop_id":"759958"},"type":"Feature"},{"geometry":{"coordinates":[-82.55911,35.59108],"type":"Point"},"properties":{"kind":"stop","name":"Hilliard Ave at S French Broad Ave","stop_id":"759959"},"type":"Feature"},{"geometry":{"coordinates":[-82.59317,35.5771],"type":"Point"},"properties":{"kind":"stop","name":"Brevard Rd at Haywood Rd","stop_id":"759960"},"type":"Feature"},{"geometry":{"coordinates":[-82.59359,35.57238],"type":"Point"},"properties":{"kind":"stop","name":"Brevard Rd at Davenport Rd","stop_id":"759961"},"type":"Feature"},{"geometry":{"coordinates":[-82.59356,35.56856],"type":"Point"},"properties":{"kind":"stop","name":"Brevard Rd at Morningside St","stop_id":"759962"},"type":"Feature"},{"geometry":{"coordinates":[-82.59438,35.56523],"type":"Point"},"properties":{"kind":"stop","name":"Brevard Rd at Shelburne Rd","stop_id":"759963"},"type":"Feature"},{"geometry":{"coordinates":[-82.59396,35.56326],"type":"Point"},"properties":{"kind":"stop","name":"Brevard Rd at I-240","stop_id":"759964"},"type":"Feature"},{"geometry":{"coordinates":[-82.59909,35.558],"type":"Point"},"properties":{"kind":"stop","name":"Brevard Rd at S Bear Creek Rd","stop_id":"759965"},"type":"Feature"},{"geometry":{"coordinates":[-82.60003,35.55438],"type":"Point"},"properties":{"kind":"stop","name":"Brevard Rd at WNC Farmers Market","stop_id":"759966"},"type":"Feature"},{"geometry":{"coordinates":[-82.60037,35.5502],"type":"Point"},"properties":{"kind":"stop","name":"Brevard Rd at Pond Rd","stop_id":"759967"},"type":"Feature"},{"geometry":{"coordinates":[-82.59744,35.54122],"type":"Point"},"properties":{"kind":"stop","name":"Brevard Rd at Dogwood Rd","stop_id":"759968"},"type":"Feature"},{"geometry":{"coordinates":[-82.60031,35.53593],"type":"Point"},"properties":{"kind":"stop","name":"Brevard Rd at Pine Lane","stop_id":"759969"},"type":"Feature"},{"geometry":{"coordinates":[-82.60463,35.53302],"type":"Point"},"properties":{"kind":"stop","name":"Brevard Rd at Rocky Ridge Rd","stop_id":"759970"},"type":"Feature"},{"geometry":{"coordinates":[-82.60618,35.52957],"type":"Point"},"properties":{"kind":"stop","name":"Brevard Rd at Ingles/Outlets","stop_id":"759971"},"type":"Feature"},{"geometry":{"coordinates":[-82.60555,35.52615],"type":"Point"},"properties":{"kind":"stop","name":"Ridgefield/Sardis Rd at Brevard Rd","stop_id":"759972"},"type":"Feature"},{"geometry":{"coordinates":[-82.60277,35.52557],"type":"Point"},"properties":{"kind":"stop","name":"Ridgefield Blvd at 1090 Ridgefield Blvd","stop_id":"759973"},"type":"Feature"},{"geometry":{"coordinates":[-82.60128,35.52392],"type":"Point"},"properties":{"kind":"stop","name":"Ridgefield Blvd at Heart Dr","stop_id":"759974"},"type":"Feature"},{"geometry":{"coordinates":[-82.60661,35.52382],"type":"Point"},"properties":{"kind":"stop","name":"Ridgefield Blvd at Brevard Rd","stop_id":"759975"},"type":"Feature"},{"geometry":{"coordinates":[-82.60522,35.52898],"type":"Point"},"properties":{"kind":"stop","name":"Asheville Outlets at Asheville Outlets Park-n-Ride","stop_id":"759976"},"type":"Feature"},{"geometry":{"coordinates":[-82.60525,35.53115],"type":"Point"},"properties":{"kind":"stop","name":"Asheville Outlets at Brevard Rd","stop_id":"759977"},"type":"Feature"},{"geometry":{"coordinates":[-82.59926,35.53693],"type":"Point"},"properties":{"kind":"stop","name":"Brevard Rd at Pine Lane","stop_id":"759978"},"type":"Feature"},{"geometry":{"coordinates":[-82.59709,35.54139],"type":"Point"},"properties":{"kind":"stop","name":"Brevard Rd at Dogwood Rd","stop_id":"759979"},"type":"Feature"},{"geometry":{"coordinates":[-82.55415,35.59495],"type":"Point"},"properties":{"kind":"stop","name":"Haywood St at College St","stop_id":"759980"},"type":"Feature"},{"geometry":{"coordinates":[-82.60008,35.55036],"type":"Point"},"properties":{"kind":"stop","name":"Brevard Rd at Pond Rd","stop_id":"759981"},"type":"Feature"},{"geometry":{"coordinates":[-82.59968,35.55446],"type":"Point"},"properties":{"kind":"stop","name":"Brevard Rd at WNC Farmers Market","stop_id":"759982"},"type":"Feature"},{"geometry":{"coordinates":[-82.59858,35.55869],"type":"Point"},"properties":{"kind":"stop","name":"Brevard Rd at S Bear Creek Rd","stop_id":"759983"},"type":"Feature"},{"geometry":{"coordinates":[-82.59405,35.56294],"type":"Point"},"properties":{"kind":"stop","name":"Brevard Rd at I-240","stop_id":"759984"},"type":"Feature"},{"geometry":{"coordinates":[-82.59412,35.56523],"type":"Point"},"properties":{"kind":"stop","name":"Brevard Rd at Fairfax Ave","stop_id":"759985"},"type":"Feature"},{"geometry":{"coordinates":[-82.59325,35.56714],"type":"Point"},"properties":{"kind":"stop","name":"Brevard Rd at High Court Entrance","stop_id":"759986"},"type":"Feature"},{"geometry":{"coordinates":[-82.59348,35.56912],"type":"Point"},"properties":{"kind":"stop","name":"Brevard Rd at Morningside St","stop_id":"759987"},"type":"Feature"},{"geometry":{"coordinates":[-82.59342,35.57199],"type":"Point"},"properties":{"kind":"stop","name":"Brevard Rd at Meyers Ave","stop_id":"759988"},"type":"Feature"},{"geometry":{"coordinates":[-82.59308,35.57691],"type":"Point"},"properties":{"kind":"stop","name":"Brevard Rd at Haywood Rd","stop_id":"759989"},"type":"Feature"},{"geometry":{"coordinates":[-82.57599,35.59026],"type":"Point"},"properties":{"kind":"stop","name":"I-240 at Westgate Shopping Center","stop_id":"759990"},"type":"Feature"},{"geometry":{"coordinates":[-82.57843,35.5902],"type":"Point"},"properties":{"kind":"stop","name":"Patton Ave at Resort Dr","stop_id":"759991"},"type":"Feature"},{"geometry":{"coordinates":[-82.58232,35.58875],"type":"Point"},"properties":{"kind":"stop","name":"Patton Ave at Regent Park Blvd","stop_id":"759992"},"type":"Feature"},{"geometry":{"coordinates":[-82.58698,35.58764],"type":"Point"},"properties":{"kind":"stop","name":"Patton Ave at Florida Ave","stop_id":"759993"},"type":"Feature"},{"geometry":{"coordinates":[-82.59235,35.58689],"type":"Point"},"properties":{"kind":"stop","name":"Patton Ave at N Louisiana Ave","stop_id":"759994"},"type":"Feature"},{"geometry":{"coordinates":[-82.59787,35.58691],"type":"Point"},"properties":{"kind":"stop","name":"Patton Ave at New Leicester Hwy","stop_id":"759995"},"type":"Feature"},{"geometry":{"coordinates":[-82.60113,35.58605],"type":"Point"},"properties":{"kind":"stop","name":"Patton Ave at Druid Dr","stop_id":"759996"},"type":"Feature"},{"geometry":{"coordinates":[-82.60467,35.58401],"type":"Point"},"properties":{"kind":"stop","name":"Patton Ave at Wilburn Rd","stop_id":"759997"},"type":"Feature"},{"geometry":{"coordinates":[-82.60634,35.58292],"type":"Point"},"properties":{"kind":"stop","name":"Patton Ave at Johnson Blvd","stop_id":"759998"},"type":"Feature"},{"geometry":{"coordinates":[-82.60834,35.58],"type":"Point"},"properties":{"kind":"stop","name":"Patton Ave at Deaverview Rd","stop_id":"759999"},"type":"Feature"},{"geometry":{"coordinates":[-82.61047,35.57761],"type":"Point"},"properties":{"kind":"stop","name":"Patton Ave at Gill St","stop_id":"760000"},"type":"Feature"},{"geometry":{"coordinates":[-82.6127,35.57576],"type":"Point"},"properties":{"kind":"stop","name":"Patton Ave at Bear Creek Rd","stop_id":"760001"},"type":"Feature"},{"geometry":{"coordinates":[-82.54939,35.57861],"type":"Point"},"properties":{"kind":"stop","name":"Biltmore Ave at Granby St","stop_id":"760002"},"type":"Feature"},{"geometry":{"coordinates":[-82.61744,35.5721],"type":"Point"},"properties":{"kind":"stop","name":"Patton Ave at Goodwill park-n-ride","stop_id":"760003"},"type":"Feature"},{"geometry":{"coordinates":[-82.61296,35.57541],"type":"Point"},"properties":{"kind":"stop","name":"Patton Ave at Bear Creek Rd","stop_id":"760004"},"type":"Feature"},{"geometry":{"coordinates":[-82.61025,35.57755],"type":"Point"},"properties":{"kind":"stop","name":"Patton Ave at Rumbough Pl","stop_id":"760005"},"type":"Feature"},{"geometry":{"coordinates":[-82.60554,35.58313],"type":"Point"},"properties":{"kind":"stop","name":"Patton Ave at Haywood Rd","stop_id":"760006"},"type":"Feature"},{"geometry":{"coordinates":[-82.60384,35.58413],"type":"Point"},"properties":{"kind":"stop","name":"Patton Ave at Parkwood Dr","stop_id":"760007"},"type":"Feature"},{"geometry":{"coordinates":[-82.60105,35.58572],"type":"Point"},"properties":{"kind":"stop","name":"Patton Ave at Druid Dr","stop_id":"760008"},"type":"Feature"},{"geometry":{"coordinates":[-82.5969,35.58669],"type":"Point"},"properties":{"kind":"stop","name":"Patton Ave at New Leicester Hwy","stop_id":"760009"},"type":"Feature"},{"geometry":{"coordinates":[-82.59174,35.58658],"type":"Point"},"properties":{"kind":"stop","name":"Patton Ave at N Louisiana Ave","stop_id":"760010"},"type":"Feature"},{"geometry":{"coordinates":[-82.5865,35.58744],"type":"Point"},"properties":{"kind":"stop","name":"Patton Ave at Florida Ave","stop_id":"760011"},"type":"Feature"},{"geometry":{"coordinates":[-82.57847,35.58904],"type":"Point"},"properties":{"kind":"stop","name":"Patton Ave at Fed Ex","stop_id":"760012"},"type":"Feature"},{"geometry":{"coordinates":[-82.57635,35.58957],"type":"Point"},"properties":{"kind":"stop","name":"Patton Ave at Western Carolina Rescue Ministries","stop_id":"760013"},"type":"Feature"},{"geometry":{"coordinates":[-82.59746,35.58753],"type":"Point"},"properties":{"kind":"stop","name":"New Leicester Hwy at Patton Ave","stop_id":"760014"},"type":"Feature"},{"geometry":{"coordinates":[-82.60506,35.59204],"type":"Point"},"properties":{"kind":"stop","name":"New Leicester Hwy at Oak Hill Rd","stop_id":"760015"},"type":"Feature"},{"geometry":{"coordinates":[-82.61155,35.59284],"type":"Point"},"properties":{"kind":"stop","name":"New Leicester Hwy at Evelake Rd","stop_id":"760016"},"type":"Feature"},{"geometry":{"coordinates":[-82.61795,35.59463],"type":"Point"},"properties":{"kind":"stop","name":"New Leicester Hwy at Compton Dr","stop_id":"760017"},"type":"Feature"},{"geometry":{"coordinates":[-82.62205,35.59956],"type":"Point"},"properties":{"kind":"stop","name":"New Leicester Hwy at Eliada Home Rd","stop_id":"760018"},"type":"Feature"},{"geometry":{"coordinates":[-82.62318,35.60154],"type":"Point"},"properties":{"kind":"stop","name":"New Leicester Hwy at Chamberlain Dr","stop_id":"760019"},"type":"Feature"},{"geometry":{"coordinates":[-82.62597,35.60563],"type":"Point"},"properties":{"kind":"stop","name":"New Leicester Hwy at Old County Home Rd","stop_id":"760020"},"type":"Feature"},{"geometry":{"coordinates":[-82.62216,35.59929],"type":"Point"},"properties":{"kind":"stop","name":"New Leicester Hwy at Eliada Home Rd/CVS","stop_id":"760021"},"type":"Feature"},{"geometry":{"coordinates":[-82.61777,35.59424],"type":"Point"},"properties":{"kind":"stop","name":"New Leicester Hwy at Compton Dr","stop_id":"760022"},"type":"Feature"},{"geometry":{"coordinates":[-82.61191,35.5925],"type":"Point"},"properties":{"kind":"stop","name":"New Leicester Hwy at Evelake Rd","stop_id":"760023"},"type":"Feature"},{"geometry":{"coordinates":[-82.60494,35.5917],"type":"Point"},"properties":{"kind":"stop","name":"New Leicester Hwy at Oak Hill Rd","stop_id":"760024"},"type":"Feature"},{"geometry":{"coordinates":[-82.59904,35.58928],"type":"Point"},"properties":{"kind":"stop","name":"New Leicester Hwy at Druid Dr","stop_id":"760025"},"type":"Feature"},{"geometry":{"coordinates":[-82.57211,35.61077],"type":"Point"},"properties":{"kind":"stop","name":"Klondyke Pl at Klondyke Pl cul-de-sac","stop_id":"760026"},"type":"Feature"},{"geometry":{"coordinates":[-82.57099,35.60807],"type":"Point"},"properties":{"kind":"stop","name":"Montford Ave at Santee St","stop_id":"760027"},"type":"Feature"},{"geometry":{"coordinates":[-82.56913,35.60729],"type":"Point"},"properties":{"kind":"stop","name":"Montford Ave at Zillicoa St","stop_id":"760028"},"type":"Feature"},{"geometry":{"coordinates":[-82.56705,35.60559],"type":"Point"},"properties":{"kind":"stop","name":"Montford Ave at Watauga St","stop_id":"760029"},"type":"Feature"},{"geometry":{"coordinates":[-82.56465,35.60258],"type":"Point"},"properties":{"kind":"stop","name":"Montford Ave at Cullowhee St","stop_id":"760030"},"type":"Feature"},{"geometry":{"coordinates":[-82.56312,35.60069],"type":"Point"},"properties":{"kind":"stop","name":"Montford Ave at W Chestnut St","stop_id":"760031"},"type":"Feature"},{"geometry":{"coordinates":[-82.56171,35.59895],"type":"Point"},"properties":{"kind":"stop","name":"Montford Ave at Courtland Ave","stop_id":"760032"},"type":"Feature"},{"geometry":{"coordinates":[-82.56021,35.59723],"type":"Point"},"properties":{"kind":"stop","name":"Montford Ave at Chamber of Commerce","stop_id":"760033"},"type":"Feature"},{"geometry":{"coordinates":[-82.55778,35.5967],"type":"Point"},"properties":{"kind":"stop","name":"Haywood St at O'Henry Ave","stop_id":"760034"},"type":"Feature"},{"geometry":{"coordinates":[-82.55609,35.59704],"type":"Point"},"properties":{"kind":"stop","name":"Haywood St at Harrah's Cherokee Center","stop_id":"760035"},"type":"Feature"},{"geometry":{"coordinates":[-82.55194,35.59492],"type":"Point"},"properties":{"kind":"stop","name":"Patton Ave at Biltmore Ave","stop_id":"760036"},"type":"Feature"},{"geometry":{"coordinates":[-82.55118,35.59275],"type":"Point"},"properties":{"kind":"stop","name":"Biltmore Ave at Aston St","stop_id":"760037"},"type":"Feature"},{"geometry":{"coordinates":[-82.55088,35.5886],"type":"Point"},"properties":{"kind":"stop","name":"S Charlotte St at McCormick Field","stop_id":"760038"},"type":"Feature"},{"geometry":{"coordinates":[-82.54913,35.58957],"type":"Point"},"properties":{"kind":"stop","name":"Martin Luther King Jr Dr at S Charlotte St","stop_id":"760039"},"type":"Feature"},{"geometry":{"coordinates":[-82.54619,35.59094],"type":"Point"},"properties":{"kind":"stop","name":"Martin Luther King Jr Dr at Alexander Dr","stop_id":"760040"},"type":"Feature"},{"geometry":{"coordinates":[-82.54476,35.59189],"type":"Point"},"properties":{"kind":"stop","name":"Martin Luther King Jr Dr at Miller St","stop_id":"760041"},"type":"Feature"},{"geometry":{"coordinates":[-82.54358,35.5936],"type":"Point"},"properties":{"kind":"stop","name":"Martin Luther King Jr Dr at Hazzard St","stop_id":"760042"},"type":"Feature"},{"geometry":{"coordinates":[-82.54396,35.59587],"type":"Point"},"properties":{"kind":"stop","name":"Martin Luther King Jr Dr at MLK Park","stop_id":"760043"},"type":"Feature"},{"geometry":{"coordinates":[-82.54381,35.59754],"type":"Point"},"properties":{"kind":"stop","name":"Martin Luther King Jr Dr at Mountain St","stop_id":"760044"},"type":"Feature"},{"geometry":{"coordinates":[-82.54606,35.5978],"type":"Point"},"properties":{"kind":"stop","name":"Charlotte St at College St","stop_id":"760045"},"type":"Feature"},{"geometry":{"coordinates":[-82.54685,35.59973],"type":"Point"},"properties":{"kind":"stop","name":"Charlotte St at Woodfin Pl","stop_id":"760046"},"type":"Feature"},{"geometry":{"coordinates":[-82.54668,35.60285],"type":"Point"},"properties":{"kind":"stop","name":"Charlotte St at E Chestnut St","stop_id":"760047"},"type":"Feature"},{"geometry":{"coordinates":[-82.54612,35.60732],"type":"Point"},"properties":{"kind":"stop","name":"Charlotte St at Hillside St","stop_id":"760048"},"type":"Feature"},{"geometry":{"coordinates":[-82.546,35.60892],"type":"Point"},"properties":{"kind":"stop","name":"Charlotte St at Edwin Pl","stop_id":"760049"},"type":"Feature"},{"geometry":{"coordinates":[-82.54575,35.61101],"type":"Point"},"properties":{"kind":"stop","name":"Charlotte St at Macon Ave","stop_id":"760050"},"type":"Feature"},{"geometry":{"coordinates":[-82.54292,35.61249],"type":"Point"},"properties":{"kind":"stop","name":"Macon Ave at Howland Rd","stop_id":"760051"},"type":"Feature"},{"geometry":{"coordinates":[-82.54104,35.61511],"type":"Point"},"properties":{"kind":"stop","name":"Macon Ave at Sunset Trail","stop_id":"760052"},"type":"Feature"},{"geometry":{"coordinates":[-82.54039,35.61687],"type":"Point"},"properties":{"kind":"stop","name":"Macon Ave at Longchamps Condominiums","stop_id":"760053"},"type":"Feature"},{"geometry":{"coordinates":[-82.54179,35.62008],"type":"Point"},"properties":{"kind":"stop","name":"Grove Park Inn at Sammons Building","stop_id":"760054"},"type":"Feature"},{"geometry":{"coordinates":[-82.54073,35.61791],"type":"Point"},"properties":{"kind":"stop","name":"Macon Ave at Longchamps Condominiums","stop_id":"760055"},"type":"Feature"},{"geometry":{"coordinates":[-82.54113,35.61499],"type":"Point"},"properties":{"kind":"stop","name":"Macon Ave at Edgemont Rd","stop_id":"760056"},"type":"Feature"},{"geometry":{"coordinates":[-82.54308,35.61245],"type":"Point"},"properties":{"kind":"stop","name":"Macon Ave at Howland Rd","stop_id":"760057"},"type":"Feature"},{"geometry":{"coordinates":[-82.54564,35.61129],"type":"Point"},"properties":{"kind":"stop","name":"Macon Ave at Charlotte St","stop_id":"760058"},"type":"Feature"},{"geometry":{"coordinates":[-82.54607,35.60981],"type":"Point"},"properties":{"kind":"stop","name":"Charlotte St at Bond St","stop_id":"760059"},"type":"Feature"},{"geometry":{"coordinates":[-82.54619,35.60859],"type":"Point"},"properties":{"kind":"stop","name":"Charlotte St at Edwin Pl","stop_id":"760060"},"type":"Feature"},{"geometry":{"coordinates":[-82.54632,35.60724],"type":"Point"},"properties":{"kind":"stop","name":"Charlotte St at Hillside St","stop_id":"760061"},"type":"Feature"},{"geometry":{"coordinates":[-82.54683,35.6031],"type":"Point"},"properties":{"kind":"stop","name":"Charlotte St at E Chestnut St","stop_id":"760062"},"type":"Feature"},{"geometry":{"coordinates":[-82.54698,35.59921],"type":"Point"},"properties":{"kind":"stop","name":"Charlotte St at Woodfin Pl","stop_id":"760063"},"type":"Feature"},{"geometry":{"coordinates":[-82.54418,35.59657],"type":"Point"},"properties":{"kind":"stop","name":"Martin Luther King Jr Dr at MLK Park","stop_id":"760064"},"type":"Feature"},{"geometry":{"coordinates":[-82.54374,35.59378],"type":"Point"},"properties":{"kind":"stop","name":"Martin Luther King Jr Dr at Hazzard St","stop_id":"760065"},"type":"Feature"},{"geometry":{"coordinates":[-82.54622,35.5911],"type":"Point"},"properties":{"kind":"stop","name":"Martin Luther King Jr Dr at Alexander Dr","stop_id":"760066"},"type":"Feature"},{"geometry":{"coordinates":[-82.54963,35.58962],"type":"Point"},"properties":{"kind":"stop","name":"Martin Luther King Jr Dr at S Charlotte St","stop_id":"760067"},"type":"Feature"},{"geometry":{"coordinates":[-82.55362,35.59523],"type":"Point"},"properties":{"kind":"stop","name":"College St at Haywood St","stop_id":"760070"},"type":"Feature"},{"geometry":{"coordinates":[-82.55534,35.59665],"type":"Point"},"properties":{"kind":"stop","name":"Haywood St at Harrah's Cherokee Center","stop_id":"760071"},"type":"Feature"},{"geometry":{"coordinates":[-82.55783,35.59682],"type":"Point"},"properties":{"kind":"stop","name":"Haywood St at O'Henry Ave","stop_id":"760072"},"type":"Feature"},{"geometry":{"coordinates":[-82.56016,35.59739],"type":"Point"},"properties":{"kind":"stop","name":"Montford Ave at Chamber of Commerce","stop_id":"760073"},"type":"Feature"},{"geometry":{"coordinates":[-82.56144,35.59887],"type":"Point"},"properties":{"kind":"stop","name":"Montford Ave at Courtland Ave","stop_id":"760074"},"type":"Feature"},{"geometry":{"coordinates":[-82.5628,35.60055],"type":"Point"},"properties":{"kind":"stop","name":"Montford Ave at W Chestnut St","stop_id":"760075"},"type":"Feature"},{"geometry":{"coordinates":[-82.56433,35.60244],"type":"Point"},"properties":{"kind":"stop","name":"Montford Ave at Cullowhee St","stop_id":"760076"},"type":"Feature"},{"geometry":{"coordinates":[-82.5676,35.60658],"type":"Point"},"properties":{"kind":"stop","name":"Montford Ave at Panola St","stop_id":"760077"},"type":"Feature"},{"geometry":{"coordinates":[-82.57008,35.60766],"type":"Point"},"properties":{"kind":"stop","name":"Montford Ave at Bulldog Dr","stop_id":"760078"},"type":"Feature"},{"geometry":{"coordinates":[-82.56579,35.604],"type":"Point"},"properties":{"kind":"stop","name":"Montford Ave at S Waneta","stop_id":"760079"},"type":"Feature"},{"geometry":{"coordinates":[-82.54639,35.60539],"type":"Point"},"properties":{"kind":"stop","name":"Charlotte St at Blair St","stop_id":"760080"},"type":"Feature"},{"geometry":{"coordinates":[-82.54653,35.60558],"type":"Point"},"properties":{"kind":"stop","name":"Charlotte St at Blair St","stop_id":"760081"},"type":"Feature"},{"geometry":{"coordinates":[-82.56544,35.60374],"type":"Point"},"properties":{"kind":"stop","name":"Montford Ave at E Waneta","stop_id":"760082"},"type":"Feature"},{"geometry":{"coordinates":[-82.50016,35.58885],"type":"Point"},"properties":{"kind":"stop","name":"Tunnel Rd at Beverly Rd","stop_id":"760118"},"type":"Feature"},{"geometry":{"coordinates":[-82.46382,35.57979],"type":"Point"},"properties":{"kind":"stop","name":"Porters Cove Rd at I-40","stop_id":"760119"},"type":"Feature"},{"geometry":{"coordinates":[-82.55622,35.59406],"type":"Point"},"properties":{"kind":"stop","name":"Asheland Ave at Patton Ave","stop_id":"760139"},"type":"Feature"},{"geometry":{"coordinates":[-82.5324,35.55375],"type":"Point"},"properties":{"kind":"stop","name":"London Rd at Bostic Pl","stop_id":"772515"},"type":"Feature"},{"geometry":{"coordinates":[-82.52225,35.55508],"type":"Point"},"properties":{"kind":"stop","name":"Medical Park Dr at middle of Medical Park","stop_id":"772516"},"type":"Feature"},{"geometry":{"coordinates":[-82.56622,35.61491],"type":"Point"},"properties":{"kind":"stop","name":"UNC Asheville at Brown Hall","stop_id":"778232"},"type":"Feature"},{"geometry":{"coordinates":[-82.53407,35.42469],"type":"Point"},"properties":{"kind":"stop","name":"WNC Ag Center Park-n-Ride","stop_id":"783788"},"type":"Feature"},{"geometry":{"coordinates":[-82.55869,35.59633],"type":"Point"},"properties":{"kind":"stop","name":"N French Broad Ave at Haywood St","stop_id":"783792"},"type":"Feature"},{"geometry":{"coordinates":[-82.54259,35.56094],"type":"Point"},"properties":{"kind":"stop","name":"MAHEC Campus","stop_id":"849477"},"type":"Feature"},{"geometry":{"coordinates":[-82.53271,35.48382],"type":"Point"},"properties":{"kind":"stop","name":"Long Shoals Rd at Miami Cir","stop_id":"849478"},"type":"Feature"},{"geometry":{"coordinates":[-82.54364,35.48066],"type":"Point"},"properties":{"kind":"stop","name":"Long Shoals Rd at Cranbrook Dr","stop_id":"849479"},"type":"Feature"},{"geometry":{"coordinates":[-82.54827,35.48024],"type":"Point"},"properties":{"kind":"stop","name":"Long Shoals Rd at Forest at Biltmore","stop_id":"849480"},"type":"Feature"},{"geometry":{"coordinates":[-82.55264,35.486],"type":"Point"},"properties":{"kind":"stop","name":"Biltmore Park","stop_id":"849481"},"type":"Feature"},{"geometry":{"coordinates":[-82.54835,35.48003],"type":"Point"},"properties":{"kind":"stop","name":"Long Shoals Rd at Ingles Supermarket","stop_id":"849482"},"type":"Feature"},{"geometry":{"coordinates":[-82.54332,35.48057],"type":"Point"},"properties":{"kind":"stop","name":"Long Shoals Rd at Plott Pl","stop_id":"849483"},"type":"Feature"},{"geometry":{"coordinates":[-82.5319,35.48371],"type":"Point"},"properties":{"kind":"stop","name":"Long Shoals Rd at Linamar","stop_id":"849484"},"type":"Feature"},{"geometry":{"coordinates":[-82.55527,35.56833],"type":"Point"},"properties":{"kind":"stop","name":"AB-Tech Parking Lot","stop_id":"849485"},"type":"Feature"},{"geometry":{"coordinates":[-82.527,35.48477],"type":"Point"},"properties":{"kind":"stop","name":"Long Shoals Rd at Hendersonville Rd","stop_id":"849486"},"type":"Feature"}],"type":"FeatureCollection"}
