{"features":[{"geometry":{"coordinates":[[-80.08216,26.84834],[-80.08172,26.84827],[-80.08175,26.84743],[-80.08227,26.84675],[-80.08311,26.84643],[-80.08251,26.84594],[-80.08271,26.84535],[-80.08265,26.84485],[-80.06575,26.84452],[-80.06137,26.84405],[-80.06204,26.84181],[-80.06198,26.84022],[-80.06007,26.83548],[-80.05985,26.83409],[-80.05996,26.83293],[-80.06107,26.82821],[-80.06111,26.82629],[-80.06086,26.82507],[-80.05809,26.81807],[-80.05528,26.80348],[-80.05422,26.79273],[-80.05484,26.7852],[-80.05508,26.7731],[-80.05549,26.76704],[-80.05528,26.76395],[-80.05534,26.76136],[-80.05646,26.75022],[-80.05686,26.7357],[-80.05284,26.7356],[-80.05341,26.71856],[-80.05433,26.7185],[-80.05486,26.71815],[-80.05511,26.71761],[-80.05492,26.71614],[-80.05497,26.71445],[-80.06355,26.71473],[-80.06461,26.71462],[-80.06576,26.71398],[-80.06443,26.71117],[-80.06428,26.70998],[-80.06259,26.71004],[-80.06278,26.71345],[-80.06304,26.71352],[-80.06281,26.7131],[-80.06283,26.71192],[-80.063,26.71185],[-80.06258,26.71],[-80.06411,26.70994],[-80.06484,26.71253],[-80.06567,26.71383],[-80.06563,26.71404],[-80.06462,26.71456],[-80.06366,26.7147],[-80.05497,26.71445],[-80.05523,26.70549],[-80.05374,26.70547],[-80.05434,26.69189],[-80.05473,26.67584],[-80.05582,26.66078],[-80.05777,26.60359],[-80.05773,26.60233],[-80.05235,26.59197],[-80.05204,26.58986],[-80.05192,26.58501],[-80.05196,26.58287],[-80.05334,26.57792],[-80.05406,26.56182],[-80.05736,26.54101],[-80.05824,26.53388],[-80.05804,26.52061],[-80.05898,26.51654],[-80.05908,26.51376],[-80.06042,26.50099],[-80.0617,26.49626],[-80.06546,26.48513],[-80.06645,26.47921],[-80.06689,26.47736],[-80.0678,26.47513],[-80.06811,26.47388],[-80.06825,26.47229],[-80.06788,26.4522],[-80.06794,26.44677],[-80.06817,26.4451],[-80.06858,26.44396],[-80.07118,26.44002],[-80.07174,26.43873],[-80.07192,26.43765],[-80.07188,26.43511],[-80.07331,26.426],[-80.07624,26.41062],[-80.07626,26.39792],[-80.07665,26.39408],[-80.07643,26.37435],[-80.07656,26.3726],[-80.07743,26.36924],[-80.07826,26.36749],[-80.0791,26.36612],[-80.0856,26.35772],[-80.08624,26.35657],[-80.08653,26.35551],[-80.08657,26.35418],[-80.08624,26.33843],[-80.08654,26.33727],[-80.08732,26.33632],[-80.08997,26.33634],[-80.08926,26.3408],[-80.08797,26.34078]],"type":"LineString"},"properties":{"color":"#0000FF","color_name":"blue","kind":"route","label":"1","long":"PBG - BCR via US-1","route_id":"1","text_color":"#FFFFFF","type_label":"Bus"},"type":"Feature"},{"geometry":{"coordinates":[[-80.12515,26.93284],[-80.12504,26.931],[-80.12379,26.92966],[-80.1236,26.92918],[-80.12357,26.92652],[-80.13,26.92668],[-80.13062,26.92643],[-80.13146,26.92544],[-80.13192,26.92516],[-80.13321,26.92485],[-80.13458,26.92486],[-80.13413,26.93443],[-80.1304,26.93451],[-80.12685,26.93418],[-80.11041,26.93388],[-80.10188,26.93395],[-80.10208,26.92638],[-80.09438,26.92629],[-80.09457,26.9213],[-80.09922,26.92132],[-80.09974,26.92169],[-80.1007,26.92295],[-80.10128,26.92324],[-80.1022,26.92332],[-80.10336,26.89121],[-80.10727,26.89135],[-80.10894,26.89072],[-80.1144,26.89084],[-80.11842,26.88887],[-80.11831,26.88854],[-80.11891,26.88787],[-80.11841,26.88765],[-80.11816,26.88816],[-80.11837,26.88823],[-80.11822,26.88857],[-80.11836,26.88885],[-80.1148,26.89078],[-80.11188,26.89082],[-80.11199,26.88817],[-80.11221,26.8878],[-80.11204,26.88738],[-80.11165,26.88723],[-80.1105,26.88734],[-80.10934,26.88657],[-80.10886,26.88533],[-80.10891,26.8831],[-80.11891,26.88312],[-80.11899,26.88022],[-80.11596,26.88012],[-80.11575,26.8803],[-80.11875,26.88027],[-80.11877,26.883],[-80.10367,26.88285],[-80.10428,26.86378],[-80.10511,26.84535],[-80.10195,26.84546],[-80.1001,26.84612],[-80.09578,26.84699],[-80.09611,26.84889],[-80.09618,26.85105],[-80.09425,26.85134],[-80.09195,26.85048],[-80.09086,26.85034],[-80.0854,26.85116],[-80.08457,26.85121],[-80.08341,26.85094],[-80.08232,26.85032],[-80.08258,26.85001],[-80.08191,26.84941],[-80.08174,26.84874],[-80.08193,26.8471],[-80.08302,26.84748],[-80.08264,26.84846],[-80.08217,26.84837]],"type":"LineString"},"properties":{"color":"#FF4400","color_name":"orange","kind":"route","label":"10","long":"N COUNTY X-TOWN via MILITARY","route_id":"10","text_color":"#FFFFFF","type_label":"Bus"},"type":"Feature"},{"geometry":{"coordinates":[[-80.12891,26.36438],[-80.12892,26.36361],[-80.12664,26.36347],[-80.12567,26.36253],[-80.12268,26.36448],[-80.12155,26.36582],[-80.12123,26.36654],[-80.12102,26.36758],[-80.12102,26.3727],[-80.12129,26.39397],[-80.10234,26.39387],[-80.10235,26.39231],[-80.10027,26.39224],[-80.0998,26.39256],[-80.09991,26.39273],[-80.10003,26.3925],[-80.10057,26.39231],[-80.10233,26.39234],[-80.1024,26.40965],[-80.10224,26.41166],[-80.10165,26.41301],[-80.10067,26.41415],[-80.09347,26.42028],[-80.0928,26.42129],[-80.09223,26.42328],[-80.09236,26.4506],[-80.09268,26.45193],[-80.09345,26.45341],[-80.09354,26.45433],[-80.09252,26.45431],[-80.09238,26.4538],[-80.09126,26.45392],[-80.09133,26.45419],[-80.09176,26.4542],[-80.09173,26.45536],[-80.09285,26.45598],[-80.09357,26.4561],[-80.09363,26.46653],[-80.0933,26.46867],[-80.09006,26.47778],[-80.08972,26.47998],[-80.09048,26.53228],[-80.09067,26.53584],[-80.09342,26.53584],[-80.09348,26.53757],[-80.09492,26.53891],[-80.09741,26.53874],[-80.0979,26.53761],[-80.09801,26.53628],[-80.09786,26.53484],[-80.09659,26.53482],[-80.09661,26.53626],[-80.09797,26.53629],[-80.09789,26.53761],[-80.0974,26.53875],[-80.09493,26.53891],[-80.09368,26.53795],[-80.09347,26.53758],[-80.09342,26.53585],[-80.09056,26.53585],[-80.09066,26.54486],[-80.09043,26.55711],[-80.08964,26.56926],[-80.08964,26.57947],[-80.08977,26.58042],[-80.09037,26.58185],[-80.09303,26.58463],[-80.09355,26.58554],[-80.09394,26.58719],[-80.09379,26.59153],[-80.09351,26.59282],[-80.09288,26.59426],[-80.09022,26.59845],[-80.08976,26.59967],[-80.08953,26.60113],[-80.08802,26.64474],[-80.08822,26.66134],[-80.08767,26.67294],[-80.0873,26.67408],[-80.08646,26.67482],[-80.08149,26.67721],[-80.07616,26.67845],[-80.07465,26.6795],[-80.07438,26.67956],[-80.07385,26.67911],[-80.07379,26.67874],[-80.07429,26.67841],[-80.0739,26.67797],[-80.07403,26.67687],[-80.07487,26.6769],[-80.07565,26.6774],[-80.07607,26.67719],[-80.07609,26.67655],[-80.07715,26.67661],[-80.07782,26.67699],[-80.07787,26.67754],[-80.07754,26.67792],[-80.07521,26.67898],[-80.07437,26.67986],[-80.07386,26.68073],[-80.07366,26.68176],[-80.07355,26.68447],[-80.0738,26.68577],[-80.07459,26.68764],[-80.07569,26.68716],[-80.07681,26.68728],[-80.07755,26.68766],[-80.07886,26.68907],[-80.07977,26.68955],[-80.08541,26.68974],[-80.08813,26.69099],[-80.09157,26.69099],[-80.09228,26.69069],[-80.09271,26.69004],[-80.09254,26.68948],[-80.09147,26.68859],[-80.08891,26.68852],[-80.08774,26.68907],[-80.08538,26.6893],[-80.08386,26.68881],[-80.07932,26.68657],[-80.07631,26.68651],[-80.07523,26.68694],[-80.07455,26.68753],[-80.07481,26.68861],[-80.07487,26.69395],[-80.07464,26.69526],[-80.07429,26.69608],[-80.07361,26.69705],[-80.06755,26.7031],[-80.06484,26.70708],[-80.06446,26.70794],[-80.06412,26.70992],[-80.06262,26.70993],[-80.06296,26.71352],[-80.06278,26.71347],[-80.06268,26.71311],[-80.06268,26.71153]],"type":"LineString"},"properties":{"color":"#00FF00","color_name":"green","kind":"route","label":"2","long":"WPB - BCR via CONGRESS","route_id":"2","text_color":"#000000","type_label":"Bus"},"type":"Feature"},{"geometry":{"coordinates":[[-80.07821,26.80692],[-80.07663,26.8006],[-80.08458,26.80085],[-80.08476,26.80083],[-80.08487,26.80027],[-80.08566,26.79372],[-80.08042,26.79336],[-80.08078,26.78123],[-80.0845,26.78145],[-80.08738,26.78233],[-80.08829,26.76553],[-80.08797,26.76419],[-80.08658,26.76246],[-80.08631,26.76174],[-80.08629,26.76084],[-80.08676,26.75724],[-80.08867,26.75385],[-80.08893,26.75259],[-80.08979,26.73789],[-80.08999,26.73208],[-80.08988,26.7313],[-80.08958,26.73049],[-80.08836,26.72892],[-80.08501,26.72671],[-80.08542,26.72625],[-80.0847,26.72494],[-80.08504,26.72479],[-80.08505,26.72575],[-80.0854,26.7264],[-80.08501,26.72671],[-80.08446,26.72604],[-80.08216,26.72149],[-80.08116,26.71815],[-80.08127,26.71662],[-80.08167,26.71579],[-80.08092,26.71538],[-80.07983,26.7139],[-80.07792,26.71239],[-80.07746,26.71169],[-80.0757,26.71037],[-80.07549,26.71002],[-80.07524,26.71002],[-80.07513,26.71022],[-80.07532,26.71043],[-80.07561,26.71045],[-80.07699,26.71137],[-80.07806,26.71269],[-80.08004,26.71433],[-80.08087,26.71549],[-80.08167,26.71579],[-80.08116,26.71703],[-80.08111,26.71779],[-80.08211,26.7214],[-80.08356,26.72429],[-80.08202,26.72479],[-80.0807,26.72497],[-80.0667,26.72471],[-80.06685,26.71596],[-80.06655,26.71499],[-80.06491,26.71237],[-80.06456,26.71146],[-80.06433,26.70992],[-80.06252,26.71004],[-80.06275,26.71114],[-80.06268,26.71309],[-80.06279,26.71348],[-80.06306,26.71345],[-80.06283,26.71288],[-80.06291,26.71153]],"type":"LineString"},"properties":{"color":"#11FF99","color_name":"teal","kind":"route","label":"20","long":"PBG - WPB VIA CONGRESS","route_id":"20","text_color":"#000000","type_label":"Bus"},"type":"Feature"},{"geometry":{"coordinates":[[-80.12891,26.36438],[-80.12892,26.36361],[-80.12664,26.36347],[-80.12567,26.36253],[-80.12213,26.36501],[-80.12123,26.36654],[-80.12102,26.36758],[-80.12106,26.38147],[-80.12258,26.46487],[-80.12242,26.46877],[-80.12252,26.48291],[-80.12305,26.49853],[-80.12307,26.52029],[-80.12278,26.5289],[-80.12271,26.54894],[-80.12248,26.54997],[-80.12193,26.55113],[-80.12114,26.55208],[-80.11584,26.55691],[-80.11486,26.55836],[-80.11453,26.55942],[-80.11331,26.57161],[-80.11324,26.58548],[-80.11342,26.58696],[-80.11422,26.58936],[-80.11453,26.59137],[-80.11235,26.64635],[-80.11254,26.6639],[-80.11048,26.7218],[-80.10926,26.74786],[-80.10796,26.76581],[-80.10716,26.78358],[-80.10929,26.78362],[-80.10881,26.78508],[-80.10854,26.78535],[-80.1071,26.78532],[-80.1051,26.83783],[-80.10464,26.83821],[-80.10348,26.83848],[-80.10251,26.83899],[-80.0997,26.84179],[-80.09829,26.84274],[-80.09705,26.84324],[-80.09233,26.84429],[-80.09193,26.84372],[-80.09192,26.84319],[-80.09241,26.84221],[-80.09352,26.84166],[-80.09423,26.84156],[-80.0945,26.84175],[-80.09579,26.84699],[-80.09466,26.84698],[-80.09344,26.84643],[-80.09288,26.84639],[-80.09047,26.84743],[-80.08953,26.8476],[-80.0895,26.84943],[-80.08969,26.8505],[-80.0854,26.85116],[-80.08457,26.85121],[-80.08341,26.85094],[-80.08232,26.85032],[-80.08258,26.85001],[-80.08178,26.84896],[-80.08195,26.84709],[-80.08301,26.84747],[-80.08265,26.84846],[-80.08213,26.84834]],"type":"LineString"},"properties":{"color":"#FF00FF","color_name":"pink","kind":"route","label":"3","long":"PBG - BCR via MILITARY","route_id":"3","text_color":"#FFFFFF","type_label":"Bus"},"type":"Feature"},{"geometry":{"coordinates":[[-80.10881,26.78486],[-80.10854,26.78534],[-80.10727,26.78532],[-80.10736,26.7834],[-80.09022,26.78286],[-80.08859,26.78258],[-80.08579,26.78162],[-80.08352,26.78119],[-80.07109,26.78073],[-80.06877,26.78119],[-80.06539,26.78303],[-80.06362,26.78357],[-80.05227,26.78334],[-80.04711,26.78298],[-80.03604,26.78375],[-80.03561,26.7833],[-80.03515,26.78319],[-80.03519,26.78203],[-80.03388,26.78193],[-80.0338,26.7817],[-80.03333,26.77459],[-80.03708,26.77459],[-80.03867,26.77465],[-80.03878,26.77481],[-80.03878,26.77614],[-80.03914,26.77798],[-80.03896,26.78367],[-80.04119,26.78359]],"type":"LineString"},"properties":{"color":"#884400","color_name":"brown","kind":"route","label":"30","long":"RVB X-TOWN via BLUE HERON","route_id":"30","text_color":"#FFFFFF","type_label":"Bus"},"type":"Feature"},{"geometry":{"coordinates":[[-80.06292,26.71155],[-80.06279,26.71296],[-80.06303,26.71351],[-80.0628,26.71348],[-80.06267,26.71307],[-80.06275,26.71115],[-80.06252,26.71008],[-80.06418,26.70994],[-80.06481,26.71245],[-80.06577,26.7139],[-80.06422,26.7146],[-80.06199,26.71466],[-80.06159,26.72738],[-80.06119,26.72952],[-80.061,26.73482],[-80.06123,26.7365],[-80.06563,26.73666],[-80.06618,26.74612],[-80.06977,26.74594],[-80.07025,26.74742],[-80.07186,26.74972],[-80.07232,26.75072],[-80.07247,26.75194],[-80.07235,26.7533],[-80.07803,26.75336],[-80.07801,26.75499],[-80.07709,26.75547],[-80.07639,26.75768],[-80.07697,26.75807],[-80.07713,26.75801],[-80.07642,26.75754],[-80.07709,26.75547],[-80.07801,26.75499],[-80.07803,26.75336],[-80.07955,26.75373],[-80.08053,26.75439],[-80.08112,26.75509],[-80.08197,26.75714],[-80.08262,26.7579],[-80.08409,26.75872],[-80.08526,26.75895],[-80.10844,26.75985],[-80.10796,26.76581],[-80.10716,26.78358],[-80.10929,26.78362],[-80.10881,26.78486]],"type":"LineString"},"properties":{"color":"#007700","color_name":"green","kind":"route","label":"31","long":"WPB X-TOWN via 45TH","route_id":"31","text_color":"#FFFFFF","type_label":"Bus"},"type":"Feature"},{"geometry":{"coordinates":[[-80.08216,26.84834],[-80.08172,26.84827],[-80.08175,26.84743],[-80.08227,26.84675],[-80.08311,26.84643],[-80.08251,26.84594],[-80.08273,26.84516],[-80.08287,26.83766],[-80.0828,26.83658],[-80.08234,26.8357],[-80.08225,26.83499],[-80.083,26.83387],[-80.08364,26.8335],[-80.08792,26.83293],[-80.08833,26.83264],[-80.08854,26.83196],[-80.08686,26.82601],[-80.08638,26.82516],[-80.08471,26.82393],[-80.08274,26.82335],[-80.08211,26.82251],[-80.08191,26.82161],[-80.0821,26.81933],[-80.08315,26.81943],[-80.08421,26.81866],[-80.08821,26.8231],[-80.10586,26.82359],[-80.10647,26.80889],[-80.06466,26.80765],[-80.06146,26.80733],[-80.05596,26.80739],[-80.05528,26.80348],[-80.05471,26.79819],[-80.07261,26.79885],[-80.07258,26.79832],[-80.07036,26.79306],[-80.0714,26.7931],[-80.06685,26.78226],[-80.06918,26.78119],[-80.07059,26.78089],[-80.07082,26.7738],[-80.07907,26.77401],[-80.08033,26.77425],[-80.08313,26.77432],[-80.08336,26.76983],[-80.07618,26.76977],[-80.06828,26.76947],[-80.06768,26.76925],[-80.06153,26.76912],[-80.0609,26.76799],[-80.06024,26.76613],[-80.05993,26.76411],[-80.06081,26.75305],[-80.06397,26.75326],[-80.07803,26.75336],[-80.07806,26.7548],[-80.0778,26.75514],[-80.07709,26.75547],[-80.07639,26.75768],[-80.07696,26.75807],[-80.07715,26.75801],[-80.07646,26.75755],[-80.0771,26.75549],[-80.07801,26.75499],[-80.07802,26.75325],[-80.07251,26.75313],[-80.07254,26.75103],[-80.07192,26.74956],[-80.0705,26.74761],[-80.06997,26.74637],[-80.06991,26.7419],[-80.06971,26.74065],[-80.06929,26.73952],[-80.06805,26.7376],[-80.06727,26.73472],[-80.06634,26.73255],[-80.06609,26.73108],[-80.06657,26.72809],[-80.0667,26.72489],[-80.08039,26.72518],[-80.08317,26.72462],[-80.08482,26.72382],[-80.08505,26.72449],[-80.08465,26.72489],[-80.08503,26.72546],[-80.08493,26.72391],[-80.08507,26.7237],[-80.08619,26.7229],[-80.0884,26.72052],[-80.09609,26.71171],[-80.09403,26.71017],[-80.09366,26.70952],[-80.09365,26.70665],[-80.10038,26.70683],[-80.1005,26.70316],[-80.10332,26.70322],[-80.1051,26.70301],[-80.11114,26.70309],[-80.11098,26.70676],[-80.10876,26.70674]],"type":"LineString"},"properties":{"color":"#660066","color_name":"purple","kind":"route","label":"33","long":"PBG -WPB via AUSTRALN/PBL","route_id":"33","text_color":"#FFFFFF","type_label":"Bus"},"type":"Feature"},{"geometry":{"coordinates":[[-80.1088,26.78507],[-80.10854,26.78533],[-80.1073,26.78532],[-80.10736,26.78358],[-80.11235,26.78368],[-80.11305,26.78384],[-80.11936,26.78795],[-80.11935,26.78462],[-80.11864,26.78324],[-80.11681,26.78157],[-80.1163,26.78082],[-80.11587,26.77928],[-80.11587,26.7779],[-80.11638,26.76387],[-80.1177,26.75095],[-80.12023,26.6808],[-80.12051,26.67797],[-80.12043,26.6755],[-80.12083,26.66221],[-80.12055,26.64804],[-80.12089,26.64002],[-80.12119,26.63869],[-80.12125,26.63641],[-80.12105,26.63536],[-80.12116,26.63128],[-80.12211,26.60782],[-80.11411,26.60731],[-80.11468,26.59109],[-80.11417,26.58861],[-80.10516,26.58843],[-80.10517,26.57139],[-80.10638,26.5461],[-80.09011,26.54648],[-80.08315,26.54686],[-80.08176,26.54743],[-80.07937,26.5494],[-80.07781,26.5503],[-80.07647,26.55059],[-80.07298,26.55063],[-80.07311,26.5522],[-80.07111,26.55231],[-80.07086,26.55243],[-80.07083,26.55276],[-80.07117,26.5529],[-80.07132,26.55234],[-80.07327,26.55221],[-80.07311,26.55073],[-80.07652,26.5507],[-80.07775,26.55044],[-80.07894,26.54988],[-80.08129,26.54792],[-80.08288,26.54707],[-80.08474,26.54681],[-80.09079,26.54665],[-80.09077,26.53768],[-80.09334,26.5376],[-80.09489,26.53887],[-80.0973,26.53881],[-80.09791,26.53754],[-80.09793,26.53496],[-80.09661,26.53496],[-80.09657,26.53591]],"type":"LineString"},"properties":{"color":"#FF0000","color_name":"red","kind":"route","label":"4","long":"WPB - BYB via HAVERHILL","route_id":"4","text_color":"#FFFFFF","type_label":"Bus"},"type":"Feature"},{"geometry":{"coordinates":[[-80.66425,26.72492],[-80.66429,26.7253],[-80.66451,26.72529],[-80.66452,26.7257],[-80.6591,26.7261],[-80.63539,26.72618],[-80.58671,26.72605],[-80.53824,26.72568],[-80.52226,26.72577],[-80.51811,26.72553],[-80.48993,26.72553],[-80.48601,26.72538],[-80.44589,26.72543],[-80.44372,26.72528],[-80.44138,26.72483],[-80.43942,26.72422],[-80.43573,26.72233],[-80.39339,26.69024],[-80.39156,26.68901],[-80.38876,26.68758],[-80.38677,26.68682],[-80.38286,26.68584],[-80.37948,26.68549],[-80.29119,26.68292],[-80.29103,26.68629],[-80.29416,26.6863],[-80.29473,26.68596],[-80.295,26.68448],[-80.29483,26.68421],[-80.29464,26.68428],[-80.29457,26.68444],[-80.29478,26.68459],[-80.29472,26.68591],[-80.29409,26.68631],[-80.293,26.68618],[-80.29107,26.68629],[-80.29117,26.68292],[-80.25146,26.68178],[-80.25139,26.683],[-80.25008,26.6831],[-80.24988,26.68336],[-80.2498,26.68552],[-80.24993,26.68574],[-80.25103,26.68582],[-80.25126,26.68543],[-80.25146,26.68178],[-80.24716,26.68164],[-80.2473,26.67978],[-80.24835,26.67802],[-80.24853,26.67737],[-80.24847,26.67648],[-80.24777,26.67282],[-80.24635,26.66939],[-80.24541,26.66606],[-80.24461,26.6646],[-80.24362,26.66339],[-80.23969,26.65966],[-80.23609,26.65414],[-80.23437,26.65269],[-80.2324,26.65195],[-80.23072,26.65171],[-80.21765,26.65146],[-80.21771,26.65021],[-80.21716,26.64916],[-80.21429,26.64966],[-80.21354,26.6489],[-80.21174,26.6481],[-80.21112,26.64888],[-80.21022,26.64946],[-80.20898,26.64974],[-80.20774,26.64946],[-80.20673,26.64878],[-80.20635,26.6483],[-80.20546,26.64688],[-80.20522,26.64552],[-80.20555,26.64446],[-80.20601,26.644],[-80.2074,26.64322],[-80.20818,26.64311],[-80.20917,26.64326],[-80.21036,26.64398],[-80.21162,26.64583],[-80.21196,26.64713],[-80.21166,26.64827],[-80.21113,26.64887],[-80.21043,26.6494],[-80.20955,26.64968],[-80.20973,26.65033],[-80.20966,26.65116],[-80.20332,26.65063],[-80.20212,26.68329],[-80.20163,26.68918],[-80.20082,26.70917],[-80.14888,26.70785],[-80.11795,26.70686],[-80.1058,26.70673],[-80.0659,26.70565],[-80.06538,26.70529],[-80.06574,26.70458],[-80.06613,26.70442],[-80.06632,26.70469],[-80.0648,26.70714],[-80.06435,26.7082],[-80.06415,26.70991],[-80.06253,26.71001],[-80.06285,26.71135],[-80.06269,26.71309],[-80.06285,26.71351],[-80.06304,26.71344],[-80.06277,26.71196],[-80.06296,26.71181]],"type":"LineString"},"properties":{"color":"#AAAA00","color_name":"yellow","kind":"route","label":"40","long":"WPB - BLG via SR-80 [Ltd Stop Svc]","route_id":"40","text_color":"#FFFFFF","type_label":"Bus"},"type":"Feature"},{"geometry":{"coordinates":[[-80.06267,26.71255],[-80.0628,26.71348],[-80.06305,26.71339],[-80.0628,26.71286],[-80.06281,26.7119],[-80.06304,26.71184],[-80.06256,26.71025],[-80.06266,26.70997],[-80.06412,26.70994],[-80.06452,26.71196],[-80.06571,26.71392],[-80.0647,26.71442],[-80.06355,26.71468],[-80.05497,26.71445],[-80.05514,26.7104],[-80.05365,26.71039],[-80.0536,26.71007],[-80.05374,26.70547],[-80.04907,26.70541],[-80.04792,26.70601],[-80.0364,26.70554],[-80.03667,26.70817],[-80.03744,26.71096],[-80.03775,26.7134],[-80.03787,26.72018],[-80.04106,26.72029],[-80.04091,26.72205],[-80.03795,26.72197],[-80.03801,26.72675],[-80.03761,26.72791],[-80.03751,26.73055],[-80.03706,26.73146],[-80.03661,26.73371],[-80.03657,26.74125],[-80.03534,26.74132],[-80.03523,26.74153],[-80.03549,26.74557],[-80.03575,26.74587],[-80.03673,26.74615],[-80.03683,26.75226],[-80.03676,26.75327],[-80.03646,26.75371],[-80.03669,26.75624],[-80.03766,26.76479],[-80.0389,26.76508],[-80.03916,26.76631],[-80.0393,26.76718],[-80.03921,26.77073]],"type":"LineString"},"properties":{"color":"#AA44AA","color_name":"purple","kind":"route","label":"41","long":"WPB - PALM BCH INLET","route_id":"41","text_color":"#FFFFFF","type_label":"Bus"},"type":"Feature"},{"geometry":{"coordinates":[[-80.21036,26.64398],[-80.21162,26.64583],[-80.21196,26.64713],[-80.21166,26.64827],[-80.21113,26.64887],[-80.21043,26.6494],[-80.20955,26.64968],[-80.20973,26.65033],[-80.20966,26.65116],[-80.20332,26.65063],[-80.20212,26.68329],[-80.20152,26.69146],[-80.17587,26.69172],[-80.17395,26.69187],[-80.17296,26.69475],[-80.17293,26.69966],[-80.17278,26.70041],[-80.17244,26.70115],[-80.17054,26.70325],[-80.17017,26.70402],[-80.17006,26.70841],[-80.12139,26.70695],[-80.1,26.70664],[-80.06566,26.70562],[-80.06542,26.70541],[-80.06542,26.70513],[-80.06602,26.70442],[-80.06631,26.70457],[-80.06631,26.70491],[-80.06493,26.70686],[-80.06434,26.70829],[-80.0641,26.70993],[-80.0625,26.71006],[-80.06278,26.71122],[-80.06262,26.71182],[-80.06267,26.71314],[-80.06282,26.7135],[-80.06305,26.71349],[-80.06277,26.71267],[-80.0628,26.71193],[-80.06301,26.71186]],"type":"LineString"},"properties":{"color":"#008888","color_name":"teal","kind":"route","label":"43","long":"WPB X-TOWN via OKEECHOBEE","route_id":"43","text_color":"#FFFFFF","type_label":"Bus"},"type":"Feature"},{"geometry":{"coordinates":[[-80.06278,26.71303],[-80.06277,26.71197],[-80.06301,26.71183],[-80.06253,26.71004],[-80.06413,26.70994],[-80.06446,26.71179],[-80.06492,26.71282],[-80.06572,26.71394],[-80.06392,26.71464],[-80.06198,26.71462],[-80.06214,26.70769],[-80.0615,26.70438],[-80.06174,26.69956],[-80.06218,26.6985],[-80.06228,26.69761],[-80.06257,26.69053],[-80.07484,26.69098],[-80.07484,26.69434],[-80.07449,26.69567],[-80.07603,26.69599],[-80.07869,26.69604],[-80.0789,26.6911],[-80.08709,26.69132],[-80.08712,26.69096],[-80.08749,26.6908],[-80.08817,26.69098],[-80.0911,26.69106],[-80.09187,26.69089],[-80.09262,26.69029],[-80.09251,26.68948],[-80.09192,26.68882],[-80.09129,26.68855],[-80.08897,26.68849],[-80.08747,26.68912],[-80.08544,26.68929],[-80.08465,26.68917],[-80.08388,26.68833],[-80.0836,26.68835],[-80.08343,26.68861],[-80.0834,26.68967],[-80.08357,26.68994],[-80.08606,26.69017],[-80.08691,26.6908],[-80.08691,26.69132],[-80.09434,26.69155],[-80.09422,26.69024],[-80.09442,26.6899],[-80.09421,26.68985],[-80.09431,26.69144],[-80.08692,26.69121],[-80.08682,26.698],[-80.08988,26.698],[-80.09095,26.69699],[-80.10067,26.69726],[-80.11154,26.6971],[-80.1117,26.69201],[-80.12042,26.69232],[-80.12534,26.6923],[-80.12925,26.69257],[-80.13629,26.69262],[-80.13579,26.70631],[-80.13372,26.70626],[-80.13367,26.70749],[-80.14329,26.70799],[-80.15174,26.70815],[-80.15192,26.71059],[-80.15179,26.71309]],"type":"LineString"},"properties":{"color":"#554433","color_name":"brown","kind":"route","label":"44","long":"WPB X-TOWN via BELVEDERE","route_id":"44","text_color":"#FFFFFF","type_label":"Bus"},"type":"Feature"},{"geometry":{"coordinates":[[-80.21036,26.64396],[-80.21152,26.64566],[-80.21194,26.64701],[-80.21168,26.64815],[-80.21114,26.64889],[-80.21061,26.6493],[-80.20957,26.64969],[-80.20967,26.65113],[-80.20359,26.65062],[-80.14495,26.6511],[-80.14249,26.65133],[-80.13807,26.65222],[-80.13639,26.65226],[-80.08086,26.65065],[-80.0787,26.65134],[-80.07361,26.65454],[-80.06887,26.65538],[-80.05601,26.65506],[-80.05624,26.64947],[-80.05716,26.64946],[-80.05723,26.64844],[-80.05779,26.64843],[-80.05784,26.64756],[-80.05758,26.64722],[-80.05759,26.64623],[-80.05629,26.64611],[-80.05623,26.64817]],"type":"LineString"},"properties":{"color":"#FF44AA","color_name":"pink","kind":"route","label":"46","long":"WPB - WLN via FOREST HILL","route_id":"46","text_color":"#FFFFFF","type_label":"Bus"},"type":"Feature"},{"geometry":{"coordinates":[[-80.66297,26.82559],[-80.66138,26.82643],[-80.66123,26.82385],[-80.66501,26.82384],[-80.66653,26.82299],[-80.66649,26.82023],[-80.66747,26.82019],[-80.66739,26.81309],[-80.6663,26.81307],[-80.66548,26.8139],[-80.66488,26.81323],[-80.66424,26.81296],[-80.66059,26.81291],[-80.6606,26.8122],[-80.66111,26.81089],[-80.66079,26.81037],[-80.66041,26.8103],[-80.65982,26.81043],[-80.65786,26.81168],[-80.65783,26.8129],[-80.65469,26.81288],[-80.65365,26.81235],[-80.65338,26.81189],[-80.65336,26.8074],[-80.65193,26.8073],[-80.65094,26.80619],[-80.65063,26.80615],[-80.64982,26.8066],[-80.64957,26.807],[-80.65006,26.80736],[-80.65128,26.80667],[-80.65193,26.8073],[-80.65336,26.8074],[-80.65334,26.77107],[-80.65385,26.77019],[-80.65479,26.76964],[-80.6585,26.76921],[-80.65917,26.76873],[-80.65966,26.76788],[-80.65982,26.74776],[-80.6628,26.73856],[-80.66438,26.73279],[-80.66704,26.72571],[-80.66455,26.72571],[-80.66454,26.72445],[-80.66433,26.72443],[-80.66425,26.72493],[-80.66451,26.7253],[-80.66456,26.72584],[-80.67134,26.72568],[-80.68404,26.72575],[-80.68403,26.72106],[-80.68361,26.72103],[-80.6836,26.72004],[-80.68363,26.71889],[-80.68405,26.71888],[-80.684,26.68312],[-80.68429,26.68187],[-80.68648,26.67812],[-80.68658,26.67676],[-80.68739,26.6768],[-80.6874,26.67811],[-80.68916,26.67824],[-80.68932,26.6781],[-80.68932,26.67788],[-80.68907,26.67778],[-80.68749,26.67767],[-80.68739,26.67679],[-80.68657,26.6768],[-80.68651,26.67818],[-80.68413,26.68226],[-80.66989,26.68225],[-80.66986,26.68492],[-80.67083,26.68491],[-80.67085,26.6859],[-80.67083,26.68738],[-80.6699,26.68699],[-80.66989,26.68225],[-80.66792,26.68222],[-80.67028,26.67826],[-80.67087,26.66679],[-80.67149,26.66562],[-80.67221,26.66493],[-80.67279,26.66454],[-80.67459,26.66396],[-80.68463,26.66385],[-80.68467,26.66306],[-80.6838,26.66247],[-80.68362,26.66146],[-80.68202,26.66141],[-80.68189,26.66198],[-80.6809,26.66271],[-80.68078,26.66391],[-80.68736,26.66387],[-80.69218,26.66415],[-80.70476,26.66412],[-80.7151,26.66433],[-80.71563,26.66447],[-80.71652,26.66509],[-80.7179,26.66771],[-80.72079,26.66772],[-80.72084,26.66408],[-80.72002,26.66408]],"type":"LineString"},"properties":{"color":"#660055","color_name":"brown","kind":"route","label":"47","long":"PAHOKEE-S BAY via BELLE GLADE","route_id":"47","text_color":"#FFFFFF","type_label":"Bus"},"type":"Feature"},{"geometry":{"coordinates":[[-80.14928,26.64978],[-80.14817,26.6498],[-80.14814,26.65044],[-80.14634,26.6504],[-80.14629,26.64958],[-80.1455,26.64957],[-80.14562,26.64522],[-80.14395,26.64527],[-80.14238,26.64498],[-80.14133,26.64514],[-80.10431,26.64403],[-80.10424,26.65181],[-80.10461,26.66258],[-80.10063,26.66261],[-80.09941,26.66299],[-80.09312,26.66606],[-80.09149,26.66647],[-80.06151,26.66578],[-80.06079,26.67584],[-80.0605,26.69048],[-80.06257,26.69053],[-80.06227,26.69792],[-80.06174,26.69956],[-80.0615,26.70402],[-80.06204,26.70789],[-80.06194,26.71463],[-80.06356,26.71468],[-80.06459,26.71447],[-80.06585,26.71383],[-80.06489,26.71239],[-80.06431,26.70992],[-80.06266,26.70997],[-80.06254,26.71011],[-80.06273,26.71123],[-80.06264,26.71314],[-80.06276,26.71346],[-80.063,26.71345],[-80.06276,26.71263],[-80.06278,26.71194],[-80.06297,26.71184]],"type":"LineString"},"properties":{"color":"#446600","color_name":"brown","kind":"route","label":"60","long":"GRN - WPB via PURDY/PARKER","route_id":"60","text_color":"#FFFFFF","type_label":"Bus"},"type":"Feature"},{"geometry":{"coordinates":[[-80.08664,26.61496],[-80.08648,26.61474],[-80.08639,26.61731],[-80.06894,26.61673],[-80.06887,26.61584],[-80.06822,26.61587],[-80.06811,26.6167],[-80.06515,26.61656],[-80.06439,26.6161],[-80.05726,26.6159],[-80.05697,26.62757],[-80.07621,26.62811],[-80.11302,26.6295],[-80.11271,26.63752],[-80.11764,26.63763],[-80.11998,26.63718],[-80.12163,26.63714],[-80.12377,26.63664],[-80.13433,26.63677],[-80.13995,26.63708],[-80.14101,26.63731],[-80.14322,26.63832],[-80.14568,26.63852],[-80.14534,26.64969],[-80.14623,26.64969],[-80.14624,26.65046],[-80.14995,26.65048],[-80.14993,26.64986],[-80.14927,26.64979]],"type":"LineString"},"properties":{"color":"#993300","color_name":"brown","kind":"route","label":"61","long":"GRN - LKW via CRESTHAVEN/10TH AVE N","route_id":"61","text_color":"#FFFFFF","type_label":"Bus"},"type":"Feature"},{"geometry":{"coordinates":[[-80.2104,26.64398],[-80.21186,26.64622],[-80.21195,26.64716],[-80.21158,26.64831],[-80.21079,26.64927],[-80.20957,26.64969],[-80.20971,26.65114],[-80.20528,26.65063],[-80.20359,26.65061],[-80.20499,26.61711],[-80.15118,26.6176],[-80.14977,26.61779],[-80.14654,26.61887],[-80.144,26.6192],[-80.12405,26.61882],[-80.08651,26.6173],[-80.08664,26.61476],[-80.08648,26.61474],[-80.08639,26.61731],[-80.06894,26.61673],[-80.06887,26.61584],[-80.06822,26.61587],[-80.06811,26.6167],[-80.06515,26.61656],[-80.06439,26.6161],[-80.04796,26.61565],[-80.03875,26.61507],[-80.03709,26.61525],[-80.03707,26.61544],[-80.03822,26.61518]],"type":"LineString"},"properties":{"color":"#AA00AA","color_name":"purple","kind":"route","label":"62","long":"WLN - LKW via LAKE WORTH","route_id":"62","text_color":"#FFFFFF","type_label":"Bus"},"type":"Feature"},{"geometry":{"coordinates":[[-80.15178,26.71308],[-80.15159,26.7156],[-80.14976,26.7155],[-80.14949,26.7137],[-80.14967,26.71221],[-80.1495,26.71147],[-80.14862,26.71077],[-80.14693,26.71039],[-80.14634,26.70952],[-80.14635,26.70835],[-80.14651,26.70804],[-80.15195,26.70816],[-80.15195,26.70727],[-80.15188,26.70612],[-80.15163,26.70539],[-80.15109,26.70468],[-80.1482,26.70264],[-80.1464,26.69843],[-80.14616,26.69755],[-80.14548,26.68637],[-80.14518,26.67169],[-80.1455,26.64928],[-80.14675,26.61826],[-80.14763,26.591],[-80.14746,26.58955],[-80.08625,26.58788],[-80.05199,26.58675],[-80.05196,26.58287],[-80.05334,26.57792],[-80.05364,26.572],[-80.05781,26.57206],[-80.05761,26.57326],[-80.05679,26.57514],[-80.05662,26.57607],[-80.05635,26.57611],[-80.05624,26.57636],[-80.05625,26.57652],[-80.05661,26.57654],[-80.05667,26.57577]],"type":"LineString"},"properties":{"color":"#1177FF","color_name":"blue","kind":"route","label":"63","long":"VISTA CTR-US1 via JOG/LANTANA","route_id":"63","text_color":"#FFFFFF","type_label":"Bus"},"type":"Feature"},{"geometry":{"coordinates":[[-80.13709,26.63169],[-80.13368,26.63151],[-80.13421,26.61918],[-80.14481,26.61933],[-80.14673,26.61901],[-80.147,26.60818],[-80.12153,26.60781],[-80.09665,26.60649],[-80.09564,26.60668],[-80.09496,26.60706],[-80.09249,26.60919],[-80.09189,26.60947],[-80.0908,26.60961],[-80.08253,26.60931],[-80.07924,26.60938],[-80.07434,26.60905],[-80.05762,26.60857],[-80.05777,26.60359],[-80.05771,26.60235],[-80.05728,26.60138],[-80.06654,26.60162],[-80.06663,26.59639],[-80.06576,26.59637],[-80.06561,26.5962],[-80.06571,26.59246],[-80.06501,26.59261],[-80.06288,26.59253],[-80.0629,26.59143],[-80.06327,26.59144]],"type":"LineString"},"properties":{"color":"#118888","color_name":"teal","kind":"route","label":"64","long":"GRN - LNT via MELALEUCA/6TH AVE S","route_id":"64","text_color":"#FFFFFF","type_label":"Bus"},"type":"Feature"},{"geometry":{"coordinates":[[-80.06326,26.59147],[-80.06293,26.59146],[-80.06281,26.59253],[-80.06502,26.59262],[-80.0657,26.59246],[-80.06573,26.58992],[-80.06554,26.5893],[-80.06455,26.58789],[-80.06447,26.58712],[-80.05628,26.58687],[-80.0566,26.57642],[-80.05691,26.5748],[-80.05761,26.57327],[-80.05784,26.57206],[-80.06622,26.57217],[-80.06686,26.55632],[-80.06754,26.55421],[-80.06746,26.55055],[-80.07298,26.55073],[-80.07311,26.5522],[-80.07111,26.55231],[-80.07086,26.55243],[-80.07083,26.55276],[-80.07114,26.55279],[-80.07137,26.55232],[-80.07325,26.55216],[-80.0731,26.55057],[-80.07057,26.55044],[-80.06747,26.55055],[-80.06738,26.54647],[-80.06668,26.54483],[-80.0665,26.54289],[-80.06612,26.54213],[-80.0648,26.54091],[-80.06446,26.54011],[-80.06428,26.53395],[-80.06383,26.51357],[-80.06404,26.51204],[-80.06522,26.50902],[-80.0702,26.50183],[-80.07097,26.5],[-80.07137,26.49807],[-80.07099,26.47437],[-80.07126,26.47355],[-80.07124,26.46921],[-80.07328,26.46919],[-80.0731,26.46166],[-80.08534,26.4617],[-80.08528,26.45234],[-80.08666,26.45088],[-80.08727,26.44995],[-80.08732,26.44692],[-80.09234,26.44685],[-80.09238,26.4509],[-80.09268,26.45193],[-80.09345,26.45341],[-80.09354,26.45433],[-80.09252,26.45431],[-80.09238,26.4538],[-80.09136,26.45381]],"type":"LineString"},"properties":{"color":"#665588","color_name":"gray","kind":"route","label":"70","long":"LNT - DLB via SEACREST","route_id":"70","text_color":"#FFFFFF","type_label":"Bus"},"type":"Feature"},{"geometry":{"coordinates":[[-80.09654,26.53599],[-80.09661,26.53626],[-80.09797,26.53629],[-80.09789,26.53761],[-80.0974,26.53875],[-80.09493,26.53891],[-80.09368,26.53795],[-80.09347,26.53758],[-80.09342,26.53585],[-80.09056,26.53585],[-80.09062,26.54649],[-80.08315,26.54686],[-80.08176,26.54743],[-80.07937,26.5494],[-80.07788,26.55028],[-80.07595,26.55063],[-80.07298,26.55056],[-80.07311,26.5522],[-80.07111,26.55231],[-80.07086,26.55243],[-80.07083,26.55276],[-80.07117,26.5529],[-80.07132,26.55234],[-80.07327,26.55221],[-80.07311,26.55073],[-80.07652,26.5507],[-80.07775,26.55044],[-80.07894,26.54988],[-80.08198,26.54746],[-80.08387,26.54686],[-80.10638,26.54622],[-80.10516,26.57204],[-80.1133,26.57206],[-80.11324,26.58548],[-80.11342,26.58696],[-80.11422,26.58936],[-80.11453,26.59137],[-80.1139,26.60747],[-80.11481,26.60751]],"type":"LineString"},"properties":{"color":"#EE5511","color_name":"orange","kind":"route","label":"71","long":"BYB X-TOWN via LAWRENCE","route_id":"71","text_color":"#FFFFFF","type_label":"Bus"},"type":"Feature"},{"geometry":{"coordinates":[[-80.07082,26.55276],[-80.0711,26.55286],[-80.07128,26.55233],[-80.07327,26.55218],[-80.0731,26.55056],[-80.06709,26.55055],[-80.06511,26.55038],[-80.05986,26.54926],[-80.05771,26.54898],[-80.05607,26.54903],[-80.05736,26.54101],[-80.05824,26.53388],[-80.0582,26.5289],[-80.07979,26.52892],[-80.08405,26.52797],[-80.09368,26.52767],[-80.09333,26.53064],[-80.09347,26.53237],[-80.09395,26.53276],[-80.09498,26.53198],[-80.09662,26.53201],[-80.09725,26.53237],[-80.09782,26.53304],[-80.09791,26.53496],[-80.09658,26.53498],[-80.09661,26.53616],[-80.09794,26.53614],[-80.09785,26.53315],[-80.09732,26.53242],[-80.0966,26.532],[-80.09472,26.53206],[-80.09395,26.53276],[-80.09353,26.53235],[-80.09368,26.52767],[-80.1059,26.52726],[-80.11612,26.5273],[-80.11762,26.52735],[-80.12108,26.52812],[-80.13953,26.52817],[-80.14737,26.52841],[-80.17888,26.52798],[-80.20046,26.52793],[-80.20011,26.52914],[-80.20174,26.52979],[-80.20195,26.52969],[-80.20185,26.52958],[-80.20117,26.52951]],"type":"LineString"},"properties":{"color":"#AA2244","color_name":"red","kind":"route","label":"73","long":"BYB X-TOWN via BOYNTON BEACH","route_id":"73","text_color":"#FFFFFF","type_label":"Bus"},"type":"Feature"},{"geometry":{"coordinates":[[-80.06987,26.44345],[-80.07112,26.44339],[-80.07206,26.44263],[-80.07215,26.4423],[-80.07099,26.44215],[-80.06986,26.44165],[-80.06773,26.44478],[-80.0673,26.44564],[-80.06695,26.44707],[-80.07704,26.44703],[-80.07711,26.45979],[-80.07813,26.45979],[-80.07825,26.46526],[-80.08334,26.46535],[-80.08329,26.47019],[-80.0865,26.47038],[-80.09267,26.47296],[-80.09399,26.47322],[-80.11434,26.47303],[-80.11427,26.4579],[-80.12243,26.45792],[-80.12249,26.46036]],"type":"LineString"},"properties":{"color":"#880077","color_name":"purple","kind":"route","label":"80","long":"DLB X-TWN via LAKE IDA","route_id":"80","text_color":"#FFFFFF","type_label":"Bus"},"type":"Feature"},{"geometry":{"coordinates":[[-80.16095,26.46419],[-80.16134,26.46398],[-80.16167,26.4634],[-80.16337,26.46329],[-80.16343,26.4585],[-80.16223,26.45841],[-80.16214,26.45744],[-80.16157,26.45654],[-80.16102,26.45618],[-80.16112,26.45602],[-80.16017,26.45579],[-80.15938,26.45581],[-80.15938,26.45595],[-80.15759,26.45587],[-80.15593,26.45519],[-80.15357,26.45511],[-80.15218,26.45553],[-80.14826,26.45801],[-80.14713,26.45816],[-80.14715,26.45375],[-80.14026,26.45388],[-80.13859,26.45441],[-80.13665,26.45194],[-80.13565,26.45216],[-80.13427,26.45185],[-80.13326,26.4519],[-80.13275,26.45164],[-80.13253,26.4487],[-80.13271,26.44824],[-80.13355,26.448],[-80.13476,26.44825],[-80.13606,26.44799],[-80.1367,26.4483],[-80.13661,26.44977],[-80.13698,26.45116],[-80.13651,26.45191],[-80.13846,26.45448],[-80.13505,26.45712],[-80.13306,26.45768],[-80.106,26.45784],[-80.09736,26.45888],[-80.09513,26.45962],[-80.09375,26.46041],[-80.09368,26.45432],[-80.09252,26.45431],[-80.09238,26.4538],[-80.09136,26.45381],[-80.09133,26.45419],[-80.09176,26.4542],[-80.09182,26.45444],[-80.09173,26.45536],[-80.09285,26.45598],[-80.09357,26.4561],[-80.09356,26.46053],[-80.09236,26.46115],[-80.09099,26.46147],[-80.0731,26.46166],[-80.07307,26.45982],[-80.06798,26.45985],[-80.06788,26.45252],[-80.06691,26.45252],[-80.06695,26.45747]],"type":"LineString"},"properties":{"color":"#11CC77","color_name":"teal","kind":"route","label":"81","long":"DLB X-TWN via ATLANTIC","route_id":"81","text_color":"#000000","type_label":"Bus"},"type":"Feature"},{"geometry":{"coordinates":[[-80.06858,26.44396],[-80.07118,26.44002],[-80.07174,26.43873],[-80.07192,26.43765],[-80.07188,26.43511],[-80.07347,26.42503],[-80.07911,26.42587],[-80.08001,26.42631],[-80.08143,26.42756],[-80.08195,26.4286],[-80.08208,26.42929],[-80.08208,26.43236],[-80.08289,26.43391],[-80.08478,26.43583],[-80.08433,26.43634],[-80.08386,26.43763],[-80.08322,26.43865],[-80.08315,26.447],[-80.09234,26.44685],[-80.09238,26.4509],[-80.09268,26.45193],[-80.09345,26.45341],[-80.09354,26.45433],[-80.09252,26.45431],[-80.09238,26.4538],[-80.09136,26.45381],[-80.09128,26.45416],[-80.0937,26.45429],[-80.09351,26.45309],[-80.09267,26.45155],[-80.09253,26.45086],[-80.0925,26.44685],[-80.09495,26.44618],[-80.1017,26.44607],[-80.10158,26.43961],[-80.12882,26.43939],[-80.12882,26.43833],[-80.12695,26.43831],[-80.12638,26.43862],[-80.12627,26.43941],[-80.14649,26.43921],[-80.14651,26.43987],[-80.14416,26.43922],[-80.14647,26.43922],[-80.14698,26.45375],[-80.14026,26.45388],[-80.13859,26.45441],[-80.13665,26.45194],[-80.13565,26.45216],[-80.13427,26.45185],[-80.13308,26.45185],[-80.13263,26.45139],[-80.13254,26.44857],[-80.13271,26.44824],[-80.13355,26.448],[-80.13476,26.44825],[-80.13643,26.44804],[-80.1367,26.4483],[-80.13661,26.44977],[-80.13698,26.45114]],"type":"LineString"},"properties":{"color":"#31780E","color_name":"green","kind":"route","label":"88","long":"DLB X-TWN via LINTON","route_id":"88","text_color":"#FFFFFF","type_label":"Bus"},"type":"Feature"},{"geometry":{"coordinates":[[-80.10088,26.37171],[-80.10076,26.3713],[-80.10006,26.3713],[-80.09988,26.3717],[-80.09736,26.37173],[-80.0974,26.36825],[-80.09812,26.36578],[-80.09817,26.36503],[-80.09782,26.36393],[-80.09958,26.36179],[-80.10144,26.36142],[-80.1012,26.36023],[-80.10204,26.35965],[-80.10334,26.35921],[-80.1017,26.35984],[-80.10307,26.35935],[-80.10486,26.35829],[-80.10564,26.35824],[-80.10581,26.36141],[-80.11383,26.36141],[-80.11566,26.36166],[-80.11526,26.36383],[-80.11525,26.36589],[-80.11467,26.36767],[-80.11831,26.3684],[-80.12502,26.36821],[-80.1251,26.36656],[-80.12892,26.36656],[-80.12892,26.36361],[-80.12664,26.36347],[-80.12633,26.36407],[-80.12511,26.36487],[-80.12502,26.36821],[-80.13806,26.36884],[-80.14628,26.36886],[-80.1656,26.36868],[-80.16854,26.36806],[-80.18655,26.36801],[-80.18651,26.38325],[-80.18763,26.38831],[-80.18753,26.38923],[-80.18706,26.39031],[-80.18845,26.39085],[-80.19034,26.39115],[-80.19133,26.391],[-80.196,26.38919],[-80.19711,26.38898],[-80.2036,26.38894],[-80.20361,26.39412],[-80.1867,26.39414],[-80.18669,26.39389],[-80.18673,26.39157],[-80.18778,26.38866],[-80.1867,26.38328],[-80.18659,26.3706],[-80.18673,26.368],[-80.19492,26.36802],[-80.19499,26.36428],[-80.19488,26.36157],[-80.19472,26.36143],[-80.19489,26.36802],[-80.20363,26.36805],[-80.20356,26.36509],[-80.20056,26.36524],[-80.20028,26.36545],[-80.20026,26.36744],[-80.20007,26.36799],[-80.20354,26.36797],[-80.20348,26.35716],[-80.20129,26.35723],[-80.20013,26.35769],[-80.19904,26.35769],[-80.19851,26.3574],[-80.19826,26.35677],[-80.20011,26.35678],[-80.20078,26.35758],[-80.20147,26.35731],[-80.20346,26.35729],[-80.2032,26.33544]],"type":"LineString"},"properties":{"color":"#FF2222","color_name":"red","kind":"route","label":"91","long":"BCR X-TOWN via GLADES","route_id":"91","text_color":"#FFFFFF","type_label":"Bus"},"type":"Feature"},{"geometry":{"coordinates":[[-80.08807,26.34077],[-80.08613,26.3408],[-80.08624,26.34485],[-80.08608,26.34516],[-80.08483,26.34562],[-80.08408,26.34677],[-80.08358,26.34818],[-80.08361,26.35056],[-80.10452,26.3504],[-80.10807,26.35081],[-80.11025,26.35084],[-80.11053,26.35108],[-80.1124,26.35107],[-80.11275,26.35084],[-80.12869,26.35074],[-80.12882,26.3578],[-80.12866,26.35904],[-80.1283,26.35999],[-80.12717,26.36147],[-80.12268,26.36448],[-80.12155,26.36582],[-80.12365,26.3665],[-80.12892,26.36656],[-80.12892,26.36361],[-80.12664,26.36347],[-80.12577,26.36266],[-80.12734,26.36152],[-80.12807,26.36067],[-80.12882,26.35904],[-80.12896,26.35817],[-80.12888,26.35075],[-80.17192,26.35034],[-80.17394,26.34996],[-80.17404,26.35025],[-80.17385,26.35042],[-80.17125,26.35068],[-80.1711,26.33992],[-80.1832,26.3399],[-80.18837,26.33969],[-80.1881,26.33828],[-80.18803,26.33293],[-80.18767,26.33135],[-80.19167,26.32967],[-80.19298,26.32939],[-80.19508,26.32934],[-80.19617,26.32963],[-80.19895,26.33097],[-80.19972,26.33104],[-80.19973,26.33607],[-80.20322,26.3361],[-80.2032,26.33544]],"type":"LineString"},"properties":{"color":"#AA8800","color_name":"orange","kind":"route","label":"92","long":"BCR X-TOWN via PALMETTO PARK","route_id":"92","text_color":"#000000","type_label":"Bus"},"type":"Feature"},{"geometry":{"coordinates":[[-80.09987,26.3925],[-80.0998,26.39269],[-80.09995,26.3927],[-80.10028,26.39234],[-80.10233,26.39233],[-80.10232,26.39383],[-80.09693,26.39438],[-80.09658,26.3941],[-80.09654,26.39381],[-80.09792,26.39006],[-80.0982,26.3881],[-80.09792,26.38344],[-80.09785,26.37619],[-80.09735,26.37511],[-80.09742,26.37467],[-80.0978,26.37421],[-80.0974,26.3735],[-80.09736,26.37199],[-80.09994,26.37201],[-80.10005,26.37238],[-80.10085,26.37236],[-80.10087,26.37138],[-80.10006,26.3713],[-80.09988,26.3717],[-80.09719,26.37173],[-80.09649,26.37136],[-80.09612,26.37042],[-80.09529,26.36971],[-80.09056,26.3686],[-80.08193,26.36698],[-80.0788,26.36815],[-80.07801,26.36797],[-80.0791,26.36612],[-80.0856,26.35772],[-80.08624,26.35657],[-80.08653,26.35551],[-80.08657,26.35418],[-80.08624,26.33843],[-80.08654,26.33727],[-80.08732,26.33632],[-80.08997,26.33634],[-80.08926,26.3408],[-80.08797,26.34078]],"type":"LineString"},"properties":{"color":"#BB00FF","color_name":"purple","kind":"route","label":"94","long":"BOCA RATON-TRS VIA FAU","route_id":"94","text_color":"#FFFFFF","type_label":"Bus"},"type":"Feature"},{"geometry":{"coordinates":[[-80.41571,27.26371],[-80.41594,27.26365],[-80.41594,27.26448],[-80.42457,27.26447],[-80.42484,27.26425],[-80.42473,27.26379],[-80.42255,27.26213],[-80.42171,27.26131],[-80.42086,27.26005],[-80.42016,27.25859],[-80.41602,27.24765],[-80.41373,27.24275],[-80.41061,27.23739],[-80.40393,27.22812],[-80.40281,27.226],[-80.40212,27.22422],[-80.40137,27.22099],[-80.40076,27.21335],[-80.40074,27.19962],[-80.40053,27.19576],[-80.40011,27.19215],[-80.39791,27.17841],[-80.39712,27.17562],[-80.39604,27.17293],[-80.38702,27.15348],[-80.38585,27.1517],[-80.38364,27.14977],[-80.35421,27.13165],[-80.35036,27.12974],[-80.34613,27.12822],[-80.3415,27.12717],[-80.33615,27.12667],[-80.2925,27.12692],[-80.28708,27.12655],[-80.28396,27.12599],[-80.2809,27.12519],[-80.27616,27.12333],[-80.27151,27.12073],[-80.26744,27.1175],[-80.26402,27.11387],[-80.26204,27.11106],[-80.26039,27.10812],[-80.25909,27.10506],[-80.25527,27.09332],[-80.25348,27.08883],[-80.24443,27.06867],[-80.24295,27.06577],[-80.23748,27.05655],[-80.23658,27.05472],[-80.23541,27.05077],[-80.23276,27.03276],[-80.23169,27.02943],[-80.23003,27.02631],[-80.22811,27.02381],[-80.22628,27.02198],[-80.19465,26.99423],[-80.19202,26.9917],[-80.18958,26.98873],[-80.17295,26.96586],[-80.16886,26.95942],[-80.16337,26.95186],[-80.16199,26.95036],[-80.15427,26.9435],[-80.15267,26.94156],[-80.15157,26.93916],[-80.14736,26.92327],[-80.14592,26.91894],[-80.14218,26.91013],[-80.13523,26.89463],[-80.13247,26.8896],[-80.11513,26.85995],[-80.0989,26.83467],[-80.09796,26.8325],[-80.09758,26.82962],[-80.09858,26.80542],[-80.09936,26.78047],[-80.09886,26.77819],[-80.09078,26.75769],[-80.09016,26.75483],[-80.0917,26.72461],[-80.09122,26.72177],[-80.0907,26.72043],[-80.08882,26.71772],[-80.07965,26.7107],[-80.0779,26.70842],[-80.07772,26.70633],[-80.07721,26.70603],[-80.06588,26.70564],[-80.06537,26.7053],[-80.06592,26.70443],[-80.06632,26.70467],[-80.06482,26.70712],[-80.06436,26.70821],[-80.06414,26.70991],[-80.06454,26.71191],[-80.06574,26.71396],[-80.06388,26.71465],[-80.05495,26.71444],[-80.05521,26.7064],[-80.05783,26.70617],[-80.06297,26.70621],[-80.06481,26.70593],[-80.065,26.70625],[-80.0644,26.70785],[-80.06414,26.7099],[-80.06253,26.71],[-80.06286,26.71135],[-80.0627,26.71168],[-80.06277,26.7134],[-80.06304,26.71344],[-80.06285,26.71306],[-80.06291,26.71153]],"type":"LineString"},"properties":{"color":"#CC3333","color_name":"red","kind":"route","label":"95","long":"PORT ST LUCIE EXPRESS","route_id":"95","text_color":"#FFFFFF","type_label":"Bus"},"type":"Feature"},{"geometry":{"coordinates":[-80.05342,26.7204],"type":"Point"},"properties":{"kind":"stop","name":"DIXIE HWY at 8TH ST","stop_id":"100"},"type":"Feature"},{"geometry":{"coordinates":[-80.1054,26.83691],"type":"Point"},"properties":{"kind":"stop","name":"MILITARY TRL at  LARCH AVE","stop_id":"1000"},"type":"Feature"},{"geometry":{"coordinates":[-80.1055,26.83445],"type":"Point"},"properties":{"kind":"stop","name":"MILITARY TRL at JOHNSON DAIRY RD","stop_id":"1001"},"type":"Feature"},{"geometry":{"coordinates":[-80.10565,26.8304],"type":"Point"},"properties":{"kind":"stop","name":"MILITARY TRL at BURNS RD","stop_id":"1002"},"type":"Feature"},{"geometry":{"coordinates":[-80.10576,26.82673],"type":"Point"},"properties":{"kind":"stop","name":"MILITARY TRL at  LILAC","stop_id":"1003"},"type":"Feature"},{"geometry":{"coordinates":[-80.1059,26.82431],"type":"Point"},"properties":{"kind":"stop","name":"MILITARY TRL at HOLLY DR","stop_id":"1004"},"type":"Feature"},{"geometry":{"coordinates":[-80.10618,26.81826],"type":"Point"},"properties":{"kind":"stop","name":"MILITARY TRL at GARDENIA DR","stop_id":"1005"},"type":"Feature"},{"geometry":{"coordinates":[-80.10637,26.81346],"type":"Point"},"properties":{"kind":"stop","name":"MILITARY TRL at BRADY LN","stop_id":"1006"},"type":"Feature"},{"geometry":{"coordinates":[-80.10645,26.81195],"type":"Point"},"properties":{"kind":"stop","name":"MILITARY TRL at ARBOR WAY","stop_id":"1007"},"type":"Feature"},{"geometry":{"coordinates":[-80.10662,26.8065],"type":"Point"},"properties":{"kind":"stop","name":"MILITARY TRL at S MARY BCIT","stop_id":"1008"},"type":"Feature"},{"geometry":{"coordinates":[-80.10676,26.80175],"type":"Point"},"properties":{"kind":"stop","name":"MILITARY TRL at SQ LAKE DR S","stop_id":"1009"},"type":"Feature"},{"geometry":{"coordinates":[-80.10686,26.79834],"type":"Point"},"properties":{"kind":"stop","name":"MILITARY TRL at INVESTMENT LN","stop_id":"1010"},"type":"Feature"},{"geometry":{"coordinates":[-80.10693,26.79649],"type":"Point"},"properties":{"kind":"stop","name":"MILITARY TRL at LILLIAN AVE","stop_id":"1011"},"type":"Feature"},{"geometry":{"coordinates":[-80.10707,26.79216],"type":"Point"},"properties":{"kind":"stop","name":"MILITARY TRL at WOODBINE N","stop_id":"1012"},"type":"Feature"},{"geometry":{"coordinates":[-80.10724,26.78824],"type":"Point"},"properties":{"kind":"stop","name":"MILITARY TRL at WOODBINE S","stop_id":"1013"},"type":"Feature"},{"geometry":{"coordinates":[-80.10735,26.78554],"type":"Point"},"properties":{"kind":"stop","name":"MILITARY TRL at VA MEDL CENTER","stop_id":"1014"},"type":"Feature"},{"geometry":{"coordinates":[-80.10872,26.78485],"type":"Point"},"properties":{"kind":"stop","name":"VA MEDICAL CENTER","stop_id":"1015"},"type":"Feature"},{"geometry":{"coordinates":[-80.10752,26.78136],"type":"Point"},"properties":{"kind":"stop","name":"MILITARY TRL at BEE LINE HWY","stop_id":"1016"},"type":"Feature"},{"geometry":{"coordinates":[-80.1093,26.75183],"type":"Point"},"properties":{"kind":"stop","name":"BALLPARK at S ENTRANCE","stop_id":"1017"},"type":"Feature"},{"geometry":{"coordinates":[-80.10767,26.77773],"type":"Point"},"properties":{"kind":"stop","name":"MILITARY TRL at DYER BLVD","stop_id":"1018"},"type":"Feature"},{"geometry":{"coordinates":[-80.10784,26.77434],"type":"Point"},"properties":{"kind":"stop","name":"MILITARY TRL at OLD BEACON WAY","stop_id":"1019"},"type":"Feature"},{"geometry":{"coordinates":[-80.10798,26.77135],"type":"Point"},"properties":{"kind":"stop","name":"MILITARY TRL at CANTERBURY DR N","stop_id":"1020"},"type":"Feature"},{"geometry":{"coordinates":[-80.10832,26.76549],"type":"Point"},"properties":{"kind":"stop","name":"MILITARY TRL at CANTERBURY DR S","stop_id":"1021"},"type":"Feature"},{"geometry":{"coordinates":[-80.10885,26.75845],"type":"Point"},"properties":{"kind":"stop","name":"MILITARY TRL at 45TH ST SW","stop_id":"1022"},"type":"Feature"},{"geometry":{"coordinates":[-80.10902,26.75501],"type":"Point"},"properties":{"kind":"stop","name":"BALLPARK N ENTRANCE","stop_id":"1023"},"type":"Feature"},{"geometry":{"coordinates":[-80.10944,26.74851],"type":"Point"},"properties":{"kind":"stop","name":"MILITARY TRL at PALMBROOK CIR","stop_id":"1024"},"type":"Feature"},{"geometry":{"coordinates":[-80.10957,26.74572],"type":"Point"},"properties":{"kind":"stop","name":"MILITARY TRL at  APPALOOSA ST","stop_id":"1025"},"type":"Feature"},{"geometry":{"coordinates":[-80.1098,26.74078],"type":"Point"},"properties":{"kind":"stop","name":"MILITARY TRL at  WILLOW POND","stop_id":"1026"},"type":"Feature"},{"geometry":{"coordinates":[-80.11003,26.7357],"type":"Point"},"properties":{"kind":"stop","name":"MILITARY TRL at ROEBUCK","stop_id":"1027"},"type":"Feature"},{"geometry":{"coordinates":[-80.11018,26.73216],"type":"Point"},"properties":{"kind":"stop","name":"MILITARY TRL at LAKESIDE G BLVD","stop_id":"1028"},"type":"Feature"},{"geometry":{"coordinates":[-80.11044,26.72791],"type":"Point"},"properties":{"kind":"stop","name":"MILITARY TRL at GREEN PINE BLVD","stop_id":"1029"},"type":"Feature"},{"geometry":{"coordinates":[-80.05517,26.71717],"type":"Point"},"properties":{"kind":"stop","name":"QUADRILLE BLVD at 4TH ST","stop_id":"103"},"type":"Feature"},{"geometry":{"coordinates":[-80.11061,26.72319],"type":"Point"},"properties":{"kind":"stop","name":"MILITARY TRL at COMMUNITY DR","stop_id":"1030"},"type":"Feature"},{"geometry":{"coordinates":[-80.1108,26.71982],"type":"Point"},"properties":{"kind":"stop","name":"MILITARY TRL at COMUNITY DR","stop_id":"1031"},"type":"Feature"},{"geometry":{"coordinates":[-80.10845,26.76262],"type":"Point"},"properties":{"kind":"stop","name":"MILITARY TRL at 45TH ST NW","stop_id":"1032"},"type":"Feature"},{"geometry":{"coordinates":[-80.11094,26.71605],"type":"Point"},"properties":{"kind":"stop","name":"MILITARY TRL at STEELE ST","stop_id":"1033"},"type":"Feature"},{"geometry":{"coordinates":[-80.11107,26.71195],"type":"Point"},"properties":{"kind":"stop","name":"MILITARY TRL at HIBISCUS ST","stop_id":"1035"},"type":"Feature"},{"geometry":{"coordinates":[-80.11119,26.70885],"type":"Point"},"properties":{"kind":"stop","name":"MILITARY TRL at OKEECHOBEE BLVD","stop_id":"1036"},"type":"Feature"},{"geometry":{"coordinates":[-80.11135,26.70381],"type":"Point"},"properties":{"kind":"stop","name":"MILITARY TRL at  ELMHURST RD","stop_id":"1038"},"type":"Feature"},{"geometry":{"coordinates":[-80.1116,26.6972],"type":"Point"},"properties":{"kind":"stop","name":"MILITARY TRL at CHERRY RD","stop_id":"1039"},"type":"Feature"},{"geometry":{"coordinates":[-80.05506,26.71383],"type":"Point"},"properties":{"kind":"stop","name":"QUADRILLE BLVD at  CLEMATIS ST","stop_id":"104"},"type":"Feature"},{"geometry":{"coordinates":[-80.11164,26.69515],"type":"Point"},"properties":{"kind":"stop","name":"MILITARY TRL at COLE ST","stop_id":"1040"},"type":"Feature"},{"geometry":{"coordinates":[-80.11176,26.6936],"type":"Point"},"properties":{"kind":"stop","name":"MILITARY TRL at  DURHAM ST","stop_id":"1041"},"type":"Feature"},{"geometry":{"coordinates":[-80.11198,26.6861],"type":"Point"},"properties":{"kind":"stop","name":"MILITARY TRL at GOLF ST","stop_id":"1042"},"type":"Feature"},{"geometry":{"coordinates":[-80.11218,26.68075],"type":"Point"},"properties":{"kind":"stop","name":"MILITARY TRL at WALLIS RD","stop_id":"1043"},"type":"Feature"},{"geometry":{"coordinates":[-80.11249,26.67638],"type":"Point"},"properties":{"kind":"stop","name":"MILITARY TRL at SUNSET LN","stop_id":"1044"},"type":"Feature"},{"geometry":{"coordinates":[-80.11245,26.67327],"type":"Point"},"properties":{"kind":"stop","name":"MILITARY TRL at BLD4524","stop_id":"1045"},"type":"Feature"},{"geometry":{"coordinates":[-80.11259,26.66965],"type":"Point"},"properties":{"kind":"stop","name":"MILITARY TRL at SUNNY LN","stop_id":"1046"},"type":"Feature"},{"geometry":{"coordinates":[-80.11265,26.66754],"type":"Point"},"properties":{"kind":"stop","name":"MILITARY TRL at GARDENETTE RD","stop_id":"1047"},"type":"Feature"},{"geometry":{"coordinates":[-80.11281,26.66188],"type":"Point"},"properties":{"kind":"stop","name":"MILITARY TRL at SUMMIT BLVD","stop_id":"1048"},"type":"Feature"},{"geometry":{"coordinates":[-80.11277,26.65916],"type":"Point"},"properties":{"kind":"stop","name":"MILITARY TRL at KELMAR DR","stop_id":"1049"},"type":"Feature"},{"geometry":{"coordinates":[-80.05525,26.70985],"type":"Point"},"properties":{"kind":"stop","name":"QUADRILLE BLVD at FERN ST","stop_id":"105"},"type":"Feature"},{"geometry":{"coordinates":[-80.11269,26.65603],"type":"Point"},"properties":{"kind":"stop","name":"MILITARY TRL at SUTTON TER","stop_id":"1050"},"type":"Feature"},{"geometry":{"coordinates":[-80.11259,26.65113],"type":"Point"},"properties":{"kind":"stop","name":"MILITARY TRL at FOREST HILL BLVD","stop_id":"1051"},"type":"Feature"},{"geometry":{"coordinates":[-80.11254,26.64911],"type":"Point"},"properties":{"kind":"stop","name":"MILITARY TRL at BARBRIGDE RD","stop_id":"1052"},"type":"Feature"},{"geometry":{"coordinates":[-80.1127,26.64355],"type":"Point"},"properties":{"kind":"stop","name":"MILITARY TRL at PURDY LN","stop_id":"1053"},"type":"Feature"},{"geometry":{"coordinates":[-80.1119,26.68791],"type":"Point"},"properties":{"kind":"stop","name":"MILITARY TRL at EVANS LN","stop_id":"1054"},"type":"Feature"},{"geometry":{"coordinates":[-80.11296,26.63708],"type":"Point"},"properties":{"kind":"stop","name":"MILITARY TRL at CRESTHAVEN BLVD","stop_id":"1055"},"type":"Feature"},{"geometry":{"coordinates":[-80.11307,26.63438],"type":"Point"},"properties":{"kind":"stop","name":"MILITARY TRL at BLD 2890 S ENT","stop_id":"1056"},"type":"Feature"},{"geometry":{"coordinates":[-80.11318,26.63206],"type":"Point"},"properties":{"kind":"stop","name":"MILITARY TRL at BLD3095/SILVER OAKS","stop_id":"1058"},"type":"Feature"},{"geometry":{"coordinates":[-80.11325,26.63001],"type":"Point"},"properties":{"kind":"stop","name":"MILITARY TRL at 10TH AVE N","stop_id":"1059"},"type":"Feature"},{"geometry":{"coordinates":[-80.11335,26.62747],"type":"Point"},"properties":{"kind":"stop","name":"MILITARY TRL at CLINTON BLVD","stop_id":"1060"},"type":"Feature"},{"geometry":{"coordinates":[-80.11343,26.62552],"type":"Point"},"properties":{"kind":"stop","name":"MILITARY TRL at CLEMENS ST","stop_id":"1061"},"type":"Feature"},{"geometry":{"coordinates":[-80.11351,26.62349],"type":"Point"},"properties":{"kind":"stop","name":"MILITARY TRL at BOATMAN RD","stop_id":"1062"},"type":"Feature"},{"geometry":{"coordinates":[-80.11359,26.62145],"type":"Point"},"properties":{"kind":"stop","name":"MILITARY TRL at BOWMAN ST","stop_id":"1063"},"type":"Feature"},{"geometry":{"coordinates":[-80.11373,26.61893],"type":"Point"},"properties":{"kind":"stop","name":"MILITARY TRL at LAKE WORTH RD","stop_id":"1064"},"type":"Feature"},{"geometry":{"coordinates":[-80.11428,26.60627],"type":"Point"},"properties":{"kind":"stop","name":"MILITARY TRL at MELALEUCA LN","stop_id":"1065"},"type":"Feature"},{"geometry":{"coordinates":[-80.11388,26.61461],"type":"Point"},"properties":{"kind":"stop","name":"MILITARY TRL at LANDAR DR","stop_id":"1066"},"type":"Feature"},{"geometry":{"coordinates":[-80.11397,26.61215],"type":"Point"},"properties":{"kind":"stop","name":"MILITARY TRL at  PINE FOREST","stop_id":"1067"},"type":"Feature"},{"geometry":{"coordinates":[-80.11405,26.61014],"type":"Point"},"properties":{"kind":"stop","name":"MILITARY TRL at HOLLY LK DR","stop_id":"1068"},"type":"Feature"},{"geometry":{"coordinates":[-80.11418,26.60816],"type":"Point"},"properties":{"kind":"stop","name":"MILITARY TRL at  MELALEUCA","stop_id":"1069"},"type":"Feature"},{"geometry":{"coordinates":[-80.05372,26.71007],"type":"Point"},"properties":{"kind":"stop","name":"DIXIE HWY at  FERN ST","stop_id":"107"},"type":"Feature"},{"geometry":{"coordinates":[-80.11432,26.60252],"type":"Point"},"properties":{"kind":"stop","name":"MILITARY TRL at BARKLEY CRESCENT","stop_id":"1070"},"type":"Feature"},{"geometry":{"coordinates":[-80.11451,26.59827],"type":"Point"},"properties":{"kind":"stop","name":"MILITARY TRL at N COUNTRY CLUB BLVD","stop_id":"1071"},"type":"Feature"},{"geometry":{"coordinates":[-80.11469,26.59373],"type":"Point"},"properties":{"kind":"stop","name":"MILITARY TRL at  COLLIER RD","stop_id":"1072"},"type":"Feature"},{"geometry":{"coordinates":[-80.11469,26.59033],"type":"Point"},"properties":{"kind":"stop","name":"MILITARY TRL at MORRISON AVE","stop_id":"1073"},"type":"Feature"},{"geometry":{"coordinates":[-80.11346,26.58437],"type":"Point"},"properties":{"kind":"stop","name":"MILITARY TRL at  BLUE PINE CIR","stop_id":"1074"},"type":"Feature"},{"geometry":{"coordinates":[-80.11347,26.5817],"type":"Point"},"properties":{"kind":"stop","name":"MILITARY TRL at  VESPASIAN CT","stop_id":"1075"},"type":"Feature"},{"geometry":{"coordinates":[-80.11356,26.5742],"type":"Point"},"properties":{"kind":"stop","name":"MILITARY TRL at  WAL-MART M ENT","stop_id":"1076"},"type":"Feature"},{"geometry":{"coordinates":[-80.11366,26.57049],"type":"Point"},"properties":{"kind":"stop","name":"MILITARY TRL at HYPOLUXO RD","stop_id":"1077"},"type":"Feature"},{"geometry":{"coordinates":[-80.11395,26.56737],"type":"Point"},"properties":{"kind":"stop","name":"MILITARY TRL at COLONY VIEW DR","stop_id":"1078"},"type":"Feature"},{"geometry":{"coordinates":[-80.11433,26.56357],"type":"Point"},"properties":{"kind":"stop","name":"MILITARY TRL at  CANAL DR","stop_id":"1079"},"type":"Feature"},{"geometry":{"coordinates":[-80.05366,26.70825],"type":"Point"},"properties":{"kind":"stop","name":"DIXIE HWY at  HIBISCUS ST","stop_id":"108"},"type":"Feature"},{"geometry":{"coordinates":[-80.11508,26.55844],"type":"Point"},"properties":{"kind":"stop","name":"MILITARY TRL at  OLD MILITARY TRL","stop_id":"1080"},"type":"Feature"},{"geometry":{"coordinates":[-80.11968,26.55373],"type":"Point"},"properties":{"kind":"stop","name":"MILITARY TRL at  LE CHALET BLVD","stop_id":"1081"},"type":"Feature"},{"geometry":{"coordinates":[-80.12297,26.54847],"type":"Point"},"properties":{"kind":"stop","name":"MILITARY TRL at WINDWARD PASSAGE DR","stop_id":"1082"},"type":"Feature"},{"geometry":{"coordinates":[-80.12297,26.54557],"type":"Point"},"properties":{"kind":"stop","name":"MILITARY TRL at  GATEWAY BLVD","stop_id":"1083"},"type":"Feature"},{"geometry":{"coordinates":[-80.12296,26.54206],"type":"Point"},"properties":{"kind":"stop","name":"MILITARY TRL at  TARTAN LAKES BLVD","stop_id":"1084"},"type":"Feature"},{"geometry":{"coordinates":[-80.12297,26.53949],"type":"Point"},"properties":{"kind":"stop","name":"MILITARY TRL at  BOYNTON CANAL L-23","stop_id":"1085"},"type":"Feature"},{"geometry":{"coordinates":[-80.12299,26.53765],"type":"Point"},"properties":{"kind":"stop","name":"MILITARY TRL at  PALO VERDE DR","stop_id":"1086"},"type":"Feature"},{"geometry":{"coordinates":[-80.12301,26.5333],"type":"Point"},"properties":{"kind":"stop","name":"MILITARY TRL at  CYPRESS PARK WY","stop_id":"1088"},"type":"Feature"},{"geometry":{"coordinates":[-80.12304,26.53011],"type":"Point"},"properties":{"kind":"stop","name":"MILITARY TRL at BOYTON BCH BLVD","stop_id":"1090"},"type":"Feature"},{"geometry":{"coordinates":[-80.12308,26.52736],"type":"Point"},"properties":{"kind":"stop","name":"MILITARY TRL at  BOYNTON BCH BLVD","stop_id":"1091"},"type":"Feature"},{"geometry":{"coordinates":[-80.12324,26.5226],"type":"Point"},"properties":{"kind":"stop","name":"MILITARY TRL at  CEDAR PT BLVD","stop_id":"1092"},"type":"Feature"},{"geometry":{"coordinates":[-80.12333,26.52013],"type":"Point"},"properties":{"kind":"stop","name":"MILITARY TRL at  PALM CHASE DR","stop_id":"1093"},"type":"Feature"},{"geometry":{"coordinates":[-80.12331,26.51442],"type":"Point"},"properties":{"kind":"stop","name":"MILITARY TRL at  BRIGHTON LAKES BLVD","stop_id":"1096"},"type":"Feature"},{"geometry":{"coordinates":[-80.12337,26.51326],"type":"Point"},"properties":{"kind":"stop","name":"MILITARY TRL at WOOLBRRIGTH RD","stop_id":"1097"},"type":"Feature"},{"geometry":{"coordinates":[-80.12332,26.50881],"type":"Point"},"properties":{"kind":"stop","name":"MILITARY TRL at INDIAN HILLS","stop_id":"1098"},"type":"Feature"},{"geometry":{"coordinates":[-80.12331,26.50672],"type":"Point"},"properties":{"kind":"stop","name":"MILITARY TRL at  GOLF RD","stop_id":"1099"},"type":"Feature"},{"geometry":{"coordinates":[-80.05397,26.70264],"type":"Point"},"properties":{"kind":"stop","name":"DIXIE HWY at ACACIA RD","stop_id":"110"},"type":"Feature"},{"geometry":{"coordinates":[-80.12307,26.49278],"type":"Point"},"properties":{"kind":"stop","name":"MILITARY TRL at  ROYAL PALM DR","stop_id":"1101"},"type":"Feature"},{"geometry":{"coordinates":[-80.12292,26.4873],"type":"Point"},"properties":{"kind":"stop","name":"MILITARY TRL at  FLAVOR-PICT RD","stop_id":"1102"},"type":"Feature"},{"geometry":{"coordinates":[-80.12276,26.4823],"type":"Point"},"properties":{"kind":"stop","name":"MILITARY TRL at  PINETREE DR","stop_id":"1103"},"type":"Feature"},{"geometry":{"coordinates":[-80.12275,26.48058],"type":"Point"},"properties":{"kind":"stop","name":"MILITARY TRL at  SUNRISE BLVD","stop_id":"1105"},"type":"Feature"},{"geometry":{"coordinates":[-80.12274,26.47553],"type":"Point"},"properties":{"kind":"stop","name":"MILITARY TRL at  VIA DELRAY ST","stop_id":"1106"},"type":"Feature"},{"geometry":{"coordinates":[-80.12272,26.4726],"type":"Point"},"properties":{"kind":"stop","name":"MILITARY TRL at LAKE IDA RD","stop_id":"1107"},"type":"Feature"},{"geometry":{"coordinates":[-80.12268,26.46893],"type":"Point"},"properties":{"kind":"stop","name":"MILITARY TRL at  NESTING WY/HIGH PT","stop_id":"1108"},"type":"Feature"},{"geometry":{"coordinates":[-80.12283,26.46501],"type":"Point"},"properties":{"kind":"stop","name":"MILITARY TRL at  LAKEFRONT BLVD","stop_id":"1109"},"type":"Feature"},{"geometry":{"coordinates":[-80.12269,26.45431],"type":"Point"},"properties":{"kind":"stop","name":"MILITARY TRL at  ATLANTIC AVE","stop_id":"1112"},"type":"Feature"},{"geometry":{"coordinates":[-80.12262,26.4504],"type":"Point"},"properties":{"kind":"stop","name":"MILITARY TRL at  LAKE BLVD","stop_id":"1113"},"type":"Feature"},{"geometry":{"coordinates":[-80.12254,26.44573],"type":"Point"},"properties":{"kind":"stop","name":"MILITARY TRL at  LOWSON BLVD","stop_id":"1114"},"type":"Feature"},{"geometry":{"coordinates":[-80.12246,26.44259],"type":"Point"},"properties":{"kind":"stop","name":"MILITARY TRL at  LAS VERDES DR","stop_id":"1115"},"type":"Feature"},{"geometry":{"coordinates":[-80.12239,26.43827],"type":"Point"},"properties":{"kind":"stop","name":"MILITARY TRL at  LINTON BLVD","stop_id":"1116"},"type":"Feature"},{"geometry":{"coordinates":[-80.12235,26.4359],"type":"Point"},"properties":{"kind":"stop","name":"MILITARY TRL at COUNTRY LAKE CIR","stop_id":"1117"},"type":"Feature"},{"geometry":{"coordinates":[-80.12221,26.42826],"type":"Point"},"properties":{"kind":"stop","name":"MILITARY TRL at  MONTEREY LN","stop_id":"1119"},"type":"Feature"},{"geometry":{"coordinates":[-80.05409,26.69972],"type":"Point"},"properties":{"kind":"stop","name":"DIXIE HWY at PALM ST","stop_id":"112"},"type":"Feature"},{"geometry":{"coordinates":[-80.12216,26.42537],"type":"Point"},"properties":{"kind":"stop","name":"MILITARY TRL at BOCA DELRAY BLVD","stop_id":"1120"},"type":"Feature"},{"geometry":{"coordinates":[-80.12209,26.42102],"type":"Point"},"properties":{"kind":"stop","name":"MILITARY TRL at  CHAMPION WAY","stop_id":"1121"},"type":"Feature"},{"geometry":{"coordinates":[-80.122,26.4147],"type":"Point"},"properties":{"kind":"stop","name":"MILITARY TRL at PHEASANT WAY","stop_id":"1122"},"type":"Feature"},{"geometry":{"coordinates":[-80.12194,26.41006],"type":"Point"},"properties":{"kind":"stop","name":"MILITARY TRL at  MAXWELL DR","stop_id":"1123"},"type":"Feature"},{"geometry":{"coordinates":[-80.12183,26.40761],"type":"Point"},"properties":{"kind":"stop","name":"MILITARY TRL at  CLINT MOORE RD","stop_id":"1124"},"type":"Feature"},{"geometry":{"coordinates":[-80.1217,26.40357],"type":"Point"},"properties":{"kind":"stop","name":"MILITARY TRL at  MIZNER CT","stop_id":"1125"},"type":"Feature"},{"geometry":{"coordinates":[-80.12168,26.39984],"type":"Point"},"properties":{"kind":"stop","name":"MILITARY TRL at  SAN MARCOS N ENT","stop_id":"1126"},"type":"Feature"},{"geometry":{"coordinates":[-80.12158,26.39684],"type":"Point"},"properties":{"kind":"stop","name":"MILITARY TRL at  SAN MARCOS S ENT","stop_id":"1127"},"type":"Feature"},{"geometry":{"coordinates":[-80.12497,26.36732],"type":"Point"},"properties":{"kind":"stop","name":"NW EXEC CTR DR at GLADES RD","stop_id":"1129"},"type":"Feature"},{"geometry":{"coordinates":[-80.07845,26.36833],"type":"Point"},"properties":{"kind":"stop","name":"NE 20TH ST at FEDERAL HWY","stop_id":"1130"},"type":"Feature"},{"geometry":{"coordinates":[-80.0805,26.36764],"type":"Point"},"properties":{"kind":"stop","name":"NE 20TH ST at NE 4TH CT","stop_id":"1131"},"type":"Feature"},{"geometry":{"coordinates":[-80.09776,26.37205],"type":"Point"},"properties":{"kind":"stop","name":"NW 20TH ST at  FL ATL BLVD","stop_id":"1133"},"type":"Feature"},{"geometry":{"coordinates":[-80.10095,26.37171],"type":"Point"},"properties":{"kind":"stop","name":"PALM BCH PLZ at  MAIN ADMIN BLDG","stop_id":"1134"},"type":"Feature"},{"geometry":{"coordinates":[-80.08596,26.3679],"type":"Point"},"properties":{"kind":"stop","name":"NW 20TH ST at DIXIE HWY","stop_id":"1138"},"type":"Feature"},{"geometry":{"coordinates":[-80.12121,26.39493],"type":"Point"},"properties":{"kind":"stop","name":"MILITARY TRL at  YAMATO RD","stop_id":"1139"},"type":"Feature"},{"geometry":{"coordinates":[-80.05422,26.69608],"type":"Point"},"properties":{"kind":"stop","name":"DIXIE HWY at  FLAMINGO","stop_id":"114"},"type":"Feature"},{"geometry":{"coordinates":[-80.12132,26.40035],"type":"Point"},"properties":{"kind":"stop","name":"MILITARY TRL at  SAN MARCO N ENT","stop_id":"1141"},"type":"Feature"},{"geometry":{"coordinates":[-80.12139,26.40507],"type":"Point"},"properties":{"kind":"stop","name":"MILITARY TRL at  OFFICE DEPOT","stop_id":"1142"},"type":"Feature"},{"geometry":{"coordinates":[-80.12152,26.409],"type":"Point"},"properties":{"kind":"stop","name":"MILITARY TRL at  CLINT MOORE RD","stop_id":"1143"},"type":"Feature"},{"geometry":{"coordinates":[-80.12163,26.41501],"type":"Point"},"properties":{"kind":"stop","name":"MILITARY TRL at  PHEASANT WAY","stop_id":"1145"},"type":"Feature"},{"geometry":{"coordinates":[-80.12173,26.42205],"type":"Point"},"properties":{"kind":"stop","name":"MILITARY TRL at  BOCAIRE BLVD","stop_id":"1146"},"type":"Feature"},{"geometry":{"coordinates":[-80.122,26.43766],"type":"Point"},"properties":{"kind":"stop","name":"MILITARY TRL at  BOCA RAY PLZ SE ENT","stop_id":"1150"},"type":"Feature"},{"geometry":{"coordinates":[-80.12206,26.4398],"type":"Point"},"properties":{"kind":"stop","name":"MILITARY TRL at  LINTON BLVD","stop_id":"1151"},"type":"Feature"},{"geometry":{"coordinates":[-80.12213,26.44326],"type":"Point"},"properties":{"kind":"stop","name":"MILITARY TRL at  LAS VERDES DR","stop_id":"1152"},"type":"Feature"},{"geometry":{"coordinates":[-80.12217,26.44635],"type":"Point"},"properties":{"kind":"stop","name":"MILITARY TRL at  LOWSON BLVD","stop_id":"1153"},"type":"Feature"},{"geometry":{"coordinates":[-80.12227,26.45049],"type":"Point"},"properties":{"kind":"stop","name":"MILITARY TRL at LAKE BLVD","stop_id":"1154"},"type":"Feature"},{"geometry":{"coordinates":[-80.12236,26.45612],"type":"Point"},"properties":{"kind":"stop","name":"MILITARY TRL at DELRAY W PLZ SE ENT","stop_id":"1155"},"type":"Feature"},{"geometry":{"coordinates":[-80.1224,26.46036],"type":"Point"},"properties":{"kind":"stop","name":"MILITARY TRL at  DELRAY SQ W ENT","stop_id":"1156"},"type":"Feature"},{"geometry":{"coordinates":[-80.12243,26.46278],"type":"Point"},"properties":{"kind":"stop","name":"MILITARY TRL at FOUNTAINS WAY","stop_id":"1157"},"type":"Feature"},{"geometry":{"coordinates":[-80.12248,26.46487],"type":"Point"},"properties":{"kind":"stop","name":"MILITARY TRL at  LAKE FRONT/BY POST","stop_id":"1158"},"type":"Feature"},{"geometry":{"coordinates":[-80.05438,26.6929],"type":"Point"},"properties":{"kind":"stop","name":"DIXIE HWY at UPLAND","stop_id":"116"},"type":"Feature"},{"geometry":{"coordinates":[-80.12233,26.47067],"type":"Point"},"properties":{"kind":"stop","name":"MILITARY TRL at  NW 5TH ST","stop_id":"1160"},"type":"Feature"},{"geometry":{"coordinates":[-80.12236,26.47344],"type":"Point"},"properties":{"kind":"stop","name":"MILITARY TRL at  LAKE IDA RD","stop_id":"1161"},"type":"Feature"},{"geometry":{"coordinates":[-80.12238,26.47646],"type":"Point"},"properties":{"kind":"stop","name":"MILITARY TRL at W BEXLEY PARK DR","stop_id":"1162"},"type":"Feature"},{"geometry":{"coordinates":[-80.1224,26.48018],"type":"Point"},"properties":{"kind":"stop","name":"MILITARY TRL at PALM RIDGE BLVD","stop_id":"1163"},"type":"Feature"},{"geometry":{"coordinates":[-80.12243,26.48291],"type":"Point"},"properties":{"kind":"stop","name":"MILITARY TRL at  MODERN DR","stop_id":"1164"},"type":"Feature"},{"geometry":{"coordinates":[-80.12244,26.48466],"type":"Point"},"properties":{"kind":"stop","name":"MILITARY TRL at  RIDGEWOOD RD E","stop_id":"1165"},"type":"Feature"},{"geometry":{"coordinates":[-80.12255,26.4876],"type":"Point"},"properties":{"kind":"stop","name":"MILITARY TRL at  COCONUT LN","stop_id":"1166"},"type":"Feature"},{"geometry":{"coordinates":[-80.12273,26.4935],"type":"Point"},"properties":{"kind":"stop","name":"MILITARY TRL at ROYAL PALM DR","stop_id":"1167"},"type":"Feature"},{"geometry":{"coordinates":[-80.12289,26.49813],"type":"Point"},"properties":{"kind":"stop","name":"MILITARY TRL at PIPERS GLEN BLVD","stop_id":"1168"},"type":"Feature"},{"geometry":{"coordinates":[-80.12296,26.50662],"type":"Point"},"properties":{"kind":"stop","name":"MILITARY TRL at  GOLF RD","stop_id":"1169"},"type":"Feature"},{"geometry":{"coordinates":[-80.12298,26.50953],"type":"Point"},"properties":{"kind":"stop","name":"MILITARY TRL at  INDIAN HILLS","stop_id":"1170"},"type":"Feature"},{"geometry":{"coordinates":[-80.12299,26.51288],"type":"Point"},"properties":{"kind":"stop","name":"MILITARY TRL at  WOOLBRIGHT  RD","stop_id":"1171"},"type":"Feature"},{"geometry":{"coordinates":[-80.12297,26.51528],"type":"Point"},"properties":{"kind":"stop","name":"MILITARY TRL at  BRIGHTON LAKES BLVD","stop_id":"1172"},"type":"Feature"},{"geometry":{"coordinates":[-80.12298,26.52029],"type":"Point"},"properties":{"kind":"stop","name":"MILITARY TRL at  PALM CHASE DR","stop_id":"1175"},"type":"Feature"},{"geometry":{"coordinates":[-80.12273,26.52671],"type":"Point"},"properties":{"kind":"stop","name":"MILITARY TRL at APPLEGATE PLZ SE ENT","stop_id":"1177"},"type":"Feature"},{"geometry":{"coordinates":[-80.12267,26.5289],"type":"Point"},"properties":{"kind":"stop","name":"MILITARY TRL at  BOYNTON BCH BLVD","stop_id":"1178"},"type":"Feature"},{"geometry":{"coordinates":[-80.12266,26.53109],"type":"Point"},"properties":{"kind":"stop","name":"MILITARY TRL at  OLD BOYNTON BCH RD","stop_id":"1179"},"type":"Feature"},{"geometry":{"coordinates":[-80.05453,26.68927],"type":"Point"},"properties":{"kind":"stop","name":"DIXIE HWY at  ALMERIA RD","stop_id":"118"},"type":"Feature"},{"geometry":{"coordinates":[-80.12266,26.53402],"type":"Point"},"properties":{"kind":"stop","name":"MILITARY TRL at  CYPRESS PK WY","stop_id":"1180"},"type":"Feature"},{"geometry":{"coordinates":[-80.12265,26.53693],"type":"Point"},"properties":{"kind":"stop","name":"MILITARY TRL at  MIRROR LAKES BLVD","stop_id":"1181"},"type":"Feature"},{"geometry":{"coordinates":[-80.12263,26.54005],"type":"Point"},"properties":{"kind":"stop","name":"MILITARY TRL at  LA PALOMA BLVD","stop_id":"1182"},"type":"Feature"},{"geometry":{"coordinates":[-80.1226,26.54324],"type":"Point"},"properties":{"kind":"stop","name":"MILITARY TRL at  TARTAN LAKES BLVD","stop_id":"1183"},"type":"Feature"},{"geometry":{"coordinates":[-80.12263,26.5466],"type":"Point"},"properties":{"kind":"stop","name":"MILITARY TRL at  GATEWAY BLVD","stop_id":"1184"},"type":"Feature"},{"geometry":{"coordinates":[-80.1226,26.54893],"type":"Point"},"properties":{"kind":"stop","name":"MILITARY TRL at  WINDWARD PASSAGE DR","stop_id":"1185"},"type":"Feature"},{"geometry":{"coordinates":[-80.1189,26.55399],"type":"Point"},"properties":{"kind":"stop","name":"MILITARY TRL at  WHITE FEATHER TR","stop_id":"1186"},"type":"Feature"},{"geometry":{"coordinates":[-80.11476,26.55832],"type":"Point"},"properties":{"kind":"stop","name":"MILITARY TRL at  OLD MILITARY TRL","stop_id":"1187"},"type":"Feature"},{"geometry":{"coordinates":[-80.11402,26.56313],"type":"Point"},"properties":{"kind":"stop","name":"MILITARY TRL at  DOLPHINS DR","stop_id":"1188"},"type":"Feature"},{"geometry":{"coordinates":[-80.11355,26.568],"type":"Point"},"properties":{"kind":"stop","name":"MILITARY TRL at COLONY VIEW RD","stop_id":"1189"},"type":"Feature"},{"geometry":{"coordinates":[-80.11333,26.57022],"type":"Point"},"properties":{"kind":"stop","name":"MILITARY TRL at HYPOLUXO RD","stop_id":"1190"},"type":"Feature"},{"geometry":{"coordinates":[-80.11316,26.57474],"type":"Point"},"properties":{"kind":"stop","name":"MILITARY TRL at WAL-MART E ENT","stop_id":"1191"},"type":"Feature"},{"geometry":{"coordinates":[-80.11313,26.58234],"type":"Point"},"properties":{"kind":"stop","name":"MILITARY TRL at PINESTEAD DR","stop_id":"1192"},"type":"Feature"},{"geometry":{"coordinates":[-80.11312,26.58548],"type":"Point"},"properties":{"kind":"stop","name":"MILITARY TRL at  TALL PINES RD","stop_id":"1193"},"type":"Feature"},{"geometry":{"coordinates":[-80.11412,26.58939],"type":"Point"},"properties":{"kind":"stop","name":"MILITARY TRL at  LANTANA RD","stop_id":"1194"},"type":"Feature"},{"geometry":{"coordinates":[-80.11384,26.60561],"type":"Point"},"properties":{"kind":"stop","name":"MILITARY TRL at 61ST ST","stop_id":"1195"},"type":"Feature"},{"geometry":{"coordinates":[-80.11411,26.59855],"type":"Point"},"properties":{"kind":"stop","name":"MILITARY TRL at N COUNTRY CLUB BLVD","stop_id":"1196"},"type":"Feature"},{"geometry":{"coordinates":[-80.11395,26.60238],"type":"Point"},"properties":{"kind":"stop","name":"MILITARY TRL at BARCLAY CRES","stop_id":"1197"},"type":"Feature"},{"geometry":{"coordinates":[-80.1138,26.60799],"type":"Point"},"properties":{"kind":"stop","name":"MILITARY TRL at  MELALEUCA","stop_id":"1198"},"type":"Feature"},{"geometry":{"coordinates":[-80.11362,26.61174],"type":"Point"},"properties":{"kind":"stop","name":"MILITARY TRL at FULLER ST","stop_id":"1199"},"type":"Feature"},{"geometry":{"coordinates":[-80.0546,26.68578],"type":"Point"},"properties":{"kind":"stop","name":"DIXIE HWY at BLD 311","stop_id":"120"},"type":"Feature"},{"geometry":{"coordinates":[-80.1135,26.61465],"type":"Point"},"properties":{"kind":"stop","name":"MILITARY TRL at COSTWOLD H","stop_id":"1200"},"type":"Feature"},{"geometry":{"coordinates":[-80.11328,26.61979],"type":"Point"},"properties":{"kind":"stop","name":"MILITARY TRL at LAKE WORTH RD","stop_id":"1201"},"type":"Feature"},{"geometry":{"coordinates":[-80.11318,26.62248],"type":"Point"},"properties":{"kind":"stop","name":"MILITARY TRL at LAKEWOOD","stop_id":"1202"},"type":"Feature"},{"geometry":{"coordinates":[-80.11313,26.62446],"type":"Point"},"properties":{"kind":"stop","name":"MILITARY TRL at TODD ST","stop_id":"1203"},"type":"Feature"},{"geometry":{"coordinates":[-80.11304,26.62681],"type":"Point"},"properties":{"kind":"stop","name":"MILITARY TRL at CAMBRIDGE","stop_id":"1204"},"type":"Feature"},{"geometry":{"coordinates":[-80.1129,26.62913],"type":"Point"},"properties":{"kind":"stop","name":"MILITARY TRL at 10TH AVE N","stop_id":"1205"},"type":"Feature"},{"geometry":{"coordinates":[-80.11282,26.63234],"type":"Point"},"properties":{"kind":"stop","name":"MILITARY TRL  at DIAMOND RD","stop_id":"1206"},"type":"Feature"},{"geometry":{"coordinates":[-80.11271,26.63533],"type":"Point"},"properties":{"kind":"stop","name":"MILITARY TRL at SUSSEX AVE","stop_id":"1208"},"type":"Feature"},{"geometry":{"coordinates":[-80.11261,26.63794],"type":"Point"},"properties":{"kind":"stop","name":"MILITARY TRL at CRESTHAVEN BLVD","stop_id":"1209"},"type":"Feature"},{"geometry":{"coordinates":[-80.05469,26.68241],"type":"Point"},"properties":{"kind":"stop","name":"DIXIE HWY at AVENIDA HERMOSA","stop_id":"121"},"type":"Feature"},{"geometry":{"coordinates":[-80.11243,26.64152],"type":"Point"},"properties":{"kind":"stop","name":"MILITARY TRL at CYPRESS LN","stop_id":"1210"},"type":"Feature"},{"geometry":{"coordinates":[-80.11233,26.64453],"type":"Point"},"properties":{"kind":"stop","name":"MILITARY TRL at PURDY LN","stop_id":"1211"},"type":"Feature"},{"geometry":{"coordinates":[-80.11227,26.64654],"type":"Point"},"properties":{"kind":"stop","name":"MILITARY TRL at BEECH DR","stop_id":"1212"},"type":"Feature"},{"geometry":{"coordinates":[-80.11221,26.64918],"type":"Point"},"properties":{"kind":"stop","name":"MILITARY TRL at BARBRIDGE RD","stop_id":"1213"},"type":"Feature"},{"geometry":{"coordinates":[-80.11228,26.65264],"type":"Point"},"properties":{"kind":"stop","name":"MILITARY TRL at FOREST HILL BLVD","stop_id":"1214"},"type":"Feature"},{"geometry":{"coordinates":[-80.11232,26.65551],"type":"Point"},"properties":{"kind":"stop","name":"MILITARY TRL at 14TH RD","stop_id":"1215"},"type":"Feature"},{"geometry":{"coordinates":[-80.11253,26.65982],"type":"Point"},"properties":{"kind":"stop","name":"MILITARY TRL at PALM AVE","stop_id":"1216"},"type":"Feature"},{"geometry":{"coordinates":[-80.11247,26.66157],"type":"Point"},"properties":{"kind":"stop","name":"MILITARY TRL at COCONUT RD","stop_id":"1217"},"type":"Feature"},{"geometry":{"coordinates":[-80.11245,26.66389],"type":"Point"},"properties":{"kind":"stop","name":"MILITARY TRL at SUMMIT W ENT POLO G","stop_id":"1218"},"type":"Feature"},{"geometry":{"coordinates":[-80.11233,26.66739],"type":"Point"},"properties":{"kind":"stop","name":"MILITARY TRL at VENUS AVE","stop_id":"1219"},"type":"Feature"},{"geometry":{"coordinates":[-80.05471,26.68139],"type":"Point"},"properties":{"kind":"stop","name":"DIXIE HWY at EL VEDADO","stop_id":"122"},"type":"Feature"},{"geometry":{"coordinates":[-80.11222,26.66985],"type":"Point"},"properties":{"kind":"stop","name":"MILITARY TRL at SUNNY LN AVE","stop_id":"1220"},"type":"Feature"},{"geometry":{"coordinates":[-80.11204,26.67403],"type":"Point"},"properties":{"kind":"stop","name":"MILITARY TRL at GUN CLUB RD","stop_id":"1221"},"type":"Feature"},{"geometry":{"coordinates":[-80.11204,26.67571],"type":"Point"},"properties":{"kind":"stop","name":"MILITARY TRL at EOC","stop_id":"1222"},"type":"Feature"},{"geometry":{"coordinates":[-80.11193,26.67896],"type":"Point"},"properties":{"kind":"stop","name":"MILITARY TRL at SOUTHERN BLVD/SR-80","stop_id":"1223"},"type":"Feature"},{"geometry":{"coordinates":[-80.11183,26.68114],"type":"Point"},"properties":{"kind":"stop","name":"MILITARY TRL at TULAN DR","stop_id":"1224"},"type":"Feature"},{"geometry":{"coordinates":[-80.11168,26.68535],"type":"Point"},"properties":{"kind":"stop","name":"MILITARY TRL at MOUNTS BOTAN CTR","stop_id":"1225"},"type":"Feature"},{"geometry":{"coordinates":[-80.11159,26.68766],"type":"Point"},"properties":{"kind":"stop","name":"MILITARY TRL at HAZZARD ST","stop_id":"1226"},"type":"Feature"},{"geometry":{"coordinates":[-80.11145,26.69022],"type":"Point"},"properties":{"kind":"stop","name":"MILITARY TRL at GROVE LN","stop_id":"1227"},"type":"Feature"},{"geometry":{"coordinates":[-80.11132,26.69361],"type":"Point"},"properties":{"kind":"stop","name":"MILITARY TRL at DURHAM ST","stop_id":"1228"},"type":"Feature"},{"geometry":{"coordinates":[-80.1113,26.69523],"type":"Point"},"properties":{"kind":"stop","name":"MILITARY TRL at COLE ST","stop_id":"1229"},"type":"Feature"},{"geometry":{"coordinates":[-80.11127,26.69697],"type":"Point"},"properties":{"kind":"stop","name":"MILITARY TRL at CHERRY RD","stop_id":"1230"},"type":"Feature"},{"geometry":{"coordinates":[-80.11108,26.70281],"type":"Point"},"properties":{"kind":"stop","name":"MILITARY TRL at WESTGATE AVE","stop_id":"1231"},"type":"Feature"},{"geometry":{"coordinates":[-80.11087,26.70781],"type":"Point"},"properties":{"kind":"stop","name":"MILITARY TRL at OKEECHOBEE","stop_id":"1232"},"type":"Feature"},{"geometry":{"coordinates":[-80.11085,26.7094],"type":"Point"},"properties":{"kind":"stop","name":"MILITARY TRL at SCHALL WY","stop_id":"1233"},"type":"Feature"},{"geometry":{"coordinates":[-80.11079,26.71169],"type":"Point"},"properties":{"kind":"stop","name":"MILITARY TRL at HIBISCUS","stop_id":"1234"},"type":"Feature"},{"geometry":{"coordinates":[-80.11058,26.71576],"type":"Point"},"properties":{"kind":"stop","name":"MILITARY TRL at  NORTHWOOD UNIV","stop_id":"1235"},"type":"Feature"},{"geometry":{"coordinates":[-80.11058,26.71955],"type":"Point"},"properties":{"kind":"stop","name":"MILITARY TRL at BLD2800","stop_id":"1236"},"type":"Feature"},{"geometry":{"coordinates":[-80.11039,26.72173],"type":"Point"},"properties":{"kind":"stop","name":"MILITARY TRL at COMUNITY DR","stop_id":"1237"},"type":"Feature"},{"geometry":{"coordinates":[-80.11033,26.72349],"type":"Point"},"properties":{"kind":"stop","name":"MILITARY TRL at PEGGY ADAMS ANM RSC","stop_id":"1238"},"type":"Feature"},{"geometry":{"coordinates":[-80.11008,26.72809],"type":"Point"},"properties":{"kind":"stop","name":"MILITARY TRL at GREEN PINE","stop_id":"1239"},"type":"Feature"},{"geometry":{"coordinates":[-80.1099,26.73294],"type":"Point"},"properties":{"kind":"stop","name":"MILITARY TRL at SHENANDOAH","stop_id":"1240"},"type":"Feature"},{"geometry":{"coordinates":[-80.10971,26.7365],"type":"Point"},"properties":{"kind":"stop","name":"MILITARY TRL at ROEBUCK RD","stop_id":"1241"},"type":"Feature"},{"geometry":{"coordinates":[-80.10963,26.73944],"type":"Point"},"properties":{"kind":"stop","name":"MILITARY TRL at BEAR LAKES CT","stop_id":"1242"},"type":"Feature"},{"geometry":{"coordinates":[-80.10927,26.7462],"type":"Point"},"properties":{"kind":"stop","name":"MILITARY TRL at WADITA KA WY","stop_id":"1243"},"type":"Feature"},{"geometry":{"coordinates":[-80.10919,26.74786],"type":"Point"},"properties":{"kind":"stop","name":"MILITARY TRL at CUMBERLAND DR","stop_id":"1244"},"type":"Feature"},{"geometry":{"coordinates":[-80.10872,26.75522],"type":"Point"},"properties":{"kind":"stop","name":"MILITARY TRL at SHILOH DR","stop_id":"1245"},"type":"Feature"},{"geometry":{"coordinates":[-80.11119,26.69928],"type":"Point"},"properties":{"kind":"stop","name":"MILITARY TRL at BLDG 1466","stop_id":"1246"},"type":"Feature"},{"geometry":{"coordinates":[-80.10783,26.76624],"type":"Point"},"properties":{"kind":"stop","name":"MILITARY TRL at  CANTERBURY DR","stop_id":"1247"},"type":"Feature"},{"geometry":{"coordinates":[-80.10759,26.77153],"type":"Point"},"properties":{"kind":"stop","name":"MILITARY TRL at E HOLLY LN","stop_id":"1248"},"type":"Feature"},{"geometry":{"coordinates":[-80.1078,26.76915],"type":"Point"},"properties":{"kind":"stop","name":"MILITARY TRL at PORT W BLVD","stop_id":"1249"},"type":"Feature"},{"geometry":{"coordinates":[-80.05484,26.67523],"type":"Point"},"properties":{"kind":"stop","name":"DIXIE HWY at  SOUTHERN BLVD","stop_id":"125"},"type":"Feature"},{"geometry":{"coordinates":[-80.10749,26.77387],"type":"Point"},"properties":{"kind":"stop","name":"MILITARY TRL at WESTROADS DR","stop_id":"1250"},"type":"Feature"},{"geometry":{"coordinates":[-80.12293,26.50272],"type":"Point"},"properties":{"kind":"stop","name":"MILITARY TRL at CASCADES LAKES BLVD","stop_id":"1252"},"type":"Feature"},{"geometry":{"coordinates":[-80.10794,26.76377],"type":"Point"},"properties":{"kind":"stop","name":"MILITARY TRL at UP THE GROVE LN","stop_id":"1253"},"type":"Feature"},{"geometry":{"coordinates":[-80.10698,26.78618],"type":"Point"},"properties":{"kind":"stop","name":"MILITARY TRL at VA HOSP","stop_id":"1254"},"type":"Feature"},{"geometry":{"coordinates":[-80.10686,26.78896],"type":"Point"},"properties":{"kind":"stop","name":"MILITARY TRL at WOODS EDGE","stop_id":"1255"},"type":"Feature"},{"geometry":{"coordinates":[-80.10667,26.79299],"type":"Point"},"properties":{"kind":"stop","name":"MILITARY TRL at LEO LN","stop_id":"1256"},"type":"Feature"},{"geometry":{"coordinates":[-80.1066,26.79514],"type":"Point"},"properties":{"kind":"stop","name":"MILITARY TRL at S FOUR SEASONS ST","stop_id":"1257"},"type":"Feature"},{"geometry":{"coordinates":[-80.10653,26.79687],"type":"Point"},"properties":{"kind":"stop","name":"MILITARY TRL at N FOUR SEASON ST","stop_id":"1258"},"type":"Feature"},{"geometry":{"coordinates":[-80.10649,26.79854],"type":"Point"},"properties":{"kind":"stop","name":"MILITARY TRL at INVESTMENT LN","stop_id":"1259"},"type":"Feature"},{"geometry":{"coordinates":[-80.10638,26.80239],"type":"Point"},"properties":{"kind":"stop","name":"MILITARY TRL at E GARDEN OAKS CIR","stop_id":"1260"},"type":"Feature"},{"geometry":{"coordinates":[-80.10626,26.80606],"type":"Point"},"properties":{"kind":"stop","name":"MILITARY TRL at MARY CIR","stop_id":"1261"},"type":"Feature"},{"geometry":{"coordinates":[-80.10622,26.80764],"type":"Point"},"properties":{"kind":"stop","name":"MILITARY TRL at GARDENS PK PLZ","stop_id":"1262"},"type":"Feature"},{"geometry":{"coordinates":[-80.10615,26.80983],"type":"Point"},"properties":{"kind":"stop","name":"MILITARY TRL at NORTHLAKE BLVD","stop_id":"1263"},"type":"Feature"},{"geometry":{"coordinates":[-80.10611,26.8124],"type":"Point"},"properties":{"kind":"stop","name":"MILITARY TRL at ARBOR WAY","stop_id":"1264"},"type":"Feature"},{"geometry":{"coordinates":[-80.106,26.81502],"type":"Point"},"properties":{"kind":"stop","name":"MILITARY TRL at CRESTDALE ST","stop_id":"1265"},"type":"Feature"},{"geometry":{"coordinates":[-80.10584,26.81851],"type":"Point"},"properties":{"kind":"stop","name":"MILITARY TRL at GARDENIA DR","stop_id":"1266"},"type":"Feature"},{"geometry":{"coordinates":[-80.10557,26.82414],"type":"Point"},"properties":{"kind":"stop","name":"MILITARY TRL at HOLLY DR","stop_id":"1267"},"type":"Feature"},{"geometry":{"coordinates":[-80.10543,26.8273],"type":"Point"},"properties":{"kind":"stop","name":"MILITARY TRL at LILAC ST","stop_id":"1268"},"type":"Feature"},{"geometry":{"coordinates":[-80.10534,26.82943],"type":"Point"},"properties":{"kind":"stop","name":"MILITARY TRL at PBG REC CTR","stop_id":"1269"},"type":"Feature"},{"geometry":{"coordinates":[-80.10517,26.8343],"type":"Point"},"properties":{"kind":"stop","name":"MILITARY TRL at JHONSON DAIRY RD","stop_id":"1270"},"type":"Feature"},{"geometry":{"coordinates":[-80.10508,26.83657],"type":"Point"},"properties":{"kind":"stop","name":"MILITARY TRL at TANGLEWOOD PLZ","stop_id":"1271"},"type":"Feature"},{"geometry":{"coordinates":[-80.11263,26.65284],"type":"Point"},"properties":{"kind":"stop","name":"MILITARY TRL at SUNSET RANCH","stop_id":"1272"},"type":"Feature"},{"geometry":{"coordinates":[-80.10824,26.76021],"type":"Point"},"properties":{"kind":"stop","name":"MILITARY TRL at 45TH ST","stop_id":"1273"},"type":"Feature"},{"geometry":{"coordinates":[-80.09456,26.8424],"type":"Point"},"properties":{"kind":"stop","name":"ALT A1A at LAKE VICTORIA G","stop_id":"1274"},"type":"Feature"},{"geometry":{"coordinates":[-80.12332,26.50346],"type":"Point"},"properties":{"kind":"stop","name":"MILITARY TRL at CASCADES LAKES BLVD","stop_id":"1275"},"type":"Feature"},{"geometry":{"coordinates":[-80.11264,26.6451],"type":"Point"},"properties":{"kind":"stop","name":"MILITARY TRL at BLD2187","stop_id":"1276"},"type":"Feature"},{"geometry":{"coordinates":[-80.11151,26.70005],"type":"Point"},"properties":{"kind":"stop","name":"MILITARY TRL at BLD1583","stop_id":"1278"},"type":"Feature"},{"geometry":{"coordinates":[-80.11237,26.65683],"type":"Point"},"properties":{"kind":"stop","name":"MILITARY TRL at EDWARD RD","stop_id":"1279"},"type":"Feature"},{"geometry":{"coordinates":[-80.05524,26.67051],"type":"Point"},"properties":{"kind":"stop","name":"DIXIE HWY at MURRAY","stop_id":"128"},"type":"Feature"},{"geometry":{"coordinates":[-80.11182,26.69139],"type":"Point"},"properties":{"kind":"stop","name":"MILITARY TRL at BELVEDERE RD","stop_id":"1280"},"type":"Feature"},{"geometry":{"coordinates":[-80.11379,26.61682],"type":"Point"},"properties":{"kind":"stop","name":"MILITARY TRL at FPL SUB STATION","stop_id":"1281"},"type":"Feature"},{"geometry":{"coordinates":[-80.12194,26.43376],"type":"Point"},"properties":{"kind":"stop","name":"MILITARY TRL at ORCHARD LN","stop_id":"1282"},"type":"Feature"},{"geometry":{"coordinates":[-80.10844,26.75818],"type":"Point"},"properties":{"kind":"stop","name":"MILITARY TRL at 45TH ST","stop_id":"1283"},"type":"Feature"},{"geometry":{"coordinates":[-80.12232,26.43373],"type":"Point"},"properties":{"kind":"stop","name":"MILITARY TRL at ORCHARD LN","stop_id":"1284"},"type":"Feature"},{"geometry":{"coordinates":[-80.11278,26.66425],"type":"Point"},"properties":{"kind":"stop","name":"MILITARY TRL at SUMMIT PINES OFC PK","stop_id":"1285"},"type":"Feature"},{"geometry":{"coordinates":[-80.1227,26.4596],"type":"Point"},"properties":{"kind":"stop","name":"MILITARY TRL at 143RD PL","stop_id":"1286"},"type":"Feature"},{"geometry":{"coordinates":[-80.11281,26.64078],"type":"Point"},"properties":{"kind":"stop","name":"MILITARY TRL at CANAL 9 RD","stop_id":"1287"},"type":"Feature"},{"geometry":{"coordinates":[-80.11357,26.57732],"type":"Point"},"properties":{"kind":"stop","name":"MILITARY TR at REN CHARTER SCH","stop_id":"1288"},"type":"Feature"},{"geometry":{"coordinates":[-80.1132,26.57705],"type":"Point"},"properties":{"kind":"stop","name":"MILITARY TRL at  REN CHARTER SCH","stop_id":"1289"},"type":"Feature"},{"geometry":{"coordinates":[-80.05531,26.66885],"type":"Point"},"properties":{"kind":"stop","name":"DIXIE HWY at PURITAN RD","stop_id":"129"},"type":"Feature"},{"geometry":{"coordinates":[-80.10604,26.8217],"type":"Point"},"properties":{"kind":"stop","name":"MILITARY TRL at ST IGNATIUS LOYOLA","stop_id":"1292"},"type":"Feature"},{"geometry":{"coordinates":[-80.12315,26.49488],"type":"Point"},"properties":{"kind":"stop","name":"MILITARY TRL at  STEINER RD","stop_id":"1293"},"type":"Feature"},{"geometry":{"coordinates":[-80.1228,26.49501],"type":"Point"},"properties":{"kind":"stop","name":"MILITARY TRL at  STEINER RD","stop_id":"1294"},"type":"Feature"},{"geometry":{"coordinates":[-80.1139,26.58757],"type":"Point"},"properties":{"kind":"stop","name":"MILITARY TRL at 61 ST","stop_id":"1295"},"type":"Feature"},{"geometry":{"coordinates":[-80.11693,26.55621],"type":"Point"},"properties":{"kind":"stop","name":"MILITARY TRL at  GATEWAY GARDEN DR","stop_id":"1296"},"type":"Feature"},{"geometry":{"coordinates":[-80.11423,26.56104],"type":"Point"},"properties":{"kind":"stop","name":"MILITARY TRL at  COLONY LAKE DR","stop_id":"1297"},"type":"Feature"},{"geometry":{"coordinates":[-80.11464,26.5603],"type":"Point"},"properties":{"kind":"stop","name":"MILITARY TRL at CAPITAL DR","stop_id":"1298"},"type":"Feature"},{"geometry":{"coordinates":[-80.05551,26.66688],"type":"Point"},"properties":{"kind":"stop","name":"DIXIE HWY at PLYMOUTH","stop_id":"130"},"type":"Feature"},{"geometry":{"coordinates":[-80.05562,26.66503],"type":"Point"},"properties":{"kind":"stop","name":"DIXIE HWY at BUNKER RD","stop_id":"131"},"type":"Feature"},{"geometry":{"coordinates":[-80.05572,26.66346],"type":"Point"},"properties":{"kind":"stop","name":"DIXIE HWY at MAYFLOWER","stop_id":"132"},"type":"Feature"},{"geometry":{"coordinates":[-80.05593,26.66078],"type":"Point"},"properties":{"kind":"stop","name":"DIXIE HWY at PALMETTO","stop_id":"133"},"type":"Feature"},{"geometry":{"coordinates":[-80.056,26.6584],"type":"Point"},"properties":{"kind":"stop","name":"DIXIE HWY at NATHAN HALE RD","stop_id":"134"},"type":"Feature"},{"geometry":{"coordinates":[-80.05606,26.65664],"type":"Point"},"properties":{"kind":"stop","name":"DIXIE HWY at MACY ST","stop_id":"135"},"type":"Feature"},{"geometry":{"coordinates":[-80.05612,26.65467],"type":"Point"},"properties":{"kind":"stop","name":"DIXIE HWY at FOREST HILL BLVD","stop_id":"136"},"type":"Feature"},{"geometry":{"coordinates":[-80.05619,26.65239],"type":"Point"},"properties":{"kind":"stop","name":"DIXIE HWY at KERN ST","stop_id":"137"},"type":"Feature"},{"geometry":{"coordinates":[-80.05627,26.65065],"type":"Point"},"properties":{"kind":"stop","name":"DIXIE HWY at SUMMA ST","stop_id":"139"},"type":"Feature"},{"geometry":{"coordinates":[-80.11593,26.7779],"type":"Point"},"properties":{"kind":"stop","name":"HAVERHILL RD at  DYER BLVD","stop_id":"1401"},"type":"Feature"},{"geometry":{"coordinates":[-80.11648,26.76387],"type":"Point"},"properties":{"kind":"stop","name":"HAVERHILL RD at CARIBBEAN BLVD","stop_id":"1402"},"type":"Feature"},{"geometry":{"coordinates":[-80.11667,26.76186],"type":"Point"},"properties":{"kind":"stop","name":"HAVERHILL RD at  MARCIA PL","stop_id":"1403"},"type":"Feature"},{"geometry":{"coordinates":[-80.06592,26.73143],"type":"Point"},"properties":{"kind":"stop","name":"AUSTRALIAN AVE at ROOSBELT SCH N ENT","stop_id":"1404"},"type":"Feature"},{"geometry":{"coordinates":[-80.12062,26.6718],"type":"Point"},"properties":{"kind":"stop","name":"HAVERHILL RD at BOSQUE LN","stop_id":"1407"},"type":"Feature"},{"geometry":{"coordinates":[-80.12076,26.66872],"type":"Point"},"properties":{"kind":"stop","name":"HAVERHILL RD at  GRANT ST","stop_id":"1408"},"type":"Feature"},{"geometry":{"coordinates":[-80.12078,26.66627],"type":"Point"},"properties":{"kind":"stop","name":"HAVERHILL RD at  CANNON  WAY","stop_id":"1409"},"type":"Feature"},{"geometry":{"coordinates":[-80.0564,26.64721],"type":"Point"},"properties":{"kind":"stop","name":"DIXIE HWY at LIGHTHOUSE OF BLIND","stop_id":"141"},"type":"Feature"},{"geometry":{"coordinates":[-80.10434,26.70326],"type":"Point"},"properties":{"kind":"stop","name":"WESTGATE AVE at INDIAN RD","stop_id":"1410"},"type":"Feature"},{"geometry":{"coordinates":[-80.10797,26.75958],"type":"Point"},"properties":{"kind":"stop","name":"45TH ST at  MILITARY TRL","stop_id":"1413"},"type":"Feature"},{"geometry":{"coordinates":[-80.10313,26.75937],"type":"Point"},"properties":{"kind":"stop","name":"45TH ST at BLDG 3308 E ENT","stop_id":"1414"},"type":"Feature"},{"geometry":{"coordinates":[-80.06645,26.72564],"type":"Point"},"properties":{"kind":"stop","name":"AUSTRALIAN  AVE at 13TH ST","stop_id":"1415"},"type":"Feature"},{"geometry":{"coordinates":[-80.06674,26.73394],"type":"Point"},"properties":{"kind":"stop","name":"AUSTRALIAN  AVE at BLD2220 M ENT","stop_id":"1416"},"type":"Feature"},{"geometry":{"coordinates":[-80.06766,26.73717],"type":"Point"},"properties":{"kind":"stop","name":"AUSTRALIAN  AVE at 25TH ST","stop_id":"1417"},"type":"Feature"},{"geometry":{"coordinates":[-80.06952,26.74075],"type":"Point"},"properties":{"kind":"stop","name":"AUSTRALIAN  AVE at KINGDOM HALL","stop_id":"1418"},"type":"Feature"},{"geometry":{"coordinates":[-80.06968,26.74565],"type":"Point"},"properties":{"kind":"stop","name":"AUSTRALIAN  AVE at 36TH ST","stop_id":"1419"},"type":"Feature"},{"geometry":{"coordinates":[-80.05642,26.64563],"type":"Point"},"properties":{"kind":"stop","name":"DIXIE HWY at GREGORY","stop_id":"142"},"type":"Feature"},{"geometry":{"coordinates":[-80.07181,26.74975],"type":"Point"},"properties":{"kind":"stop","name":"AUSTRALIAN  AVE at 42ND ST","stop_id":"1420"},"type":"Feature"},{"geometry":{"coordinates":[-80.07164,26.749],"type":"Point"},"properties":{"kind":"stop","name":"AUSTRALIAN  AVE at 42ND ST","stop_id":"1423"},"type":"Feature"},{"geometry":{"coordinates":[-80.07005,26.74636],"type":"Point"},"properties":{"kind":"stop","name":"AUSTRALIAN  AVE at  36TH ST","stop_id":"1424"},"type":"Feature"},{"geometry":{"coordinates":[-80.06978,26.74063],"type":"Point"},"properties":{"kind":"stop","name":"AUSTRALIAN  AVE at BLD2935","stop_id":"1425"},"type":"Feature"},{"geometry":{"coordinates":[-80.0679,26.73696],"type":"Point"},"properties":{"kind":"stop","name":"AUSTRALIAN  AVE at 25TH ST","stop_id":"1426"},"type":"Feature"},{"geometry":{"coordinates":[-80.06708,26.73402],"type":"Point"},"properties":{"kind":"stop","name":"AUSTRALIAN  AVE at BLD2220","stop_id":"1427"},"type":"Feature"},{"geometry":{"coordinates":[-80.0565,26.64353],"type":"Point"},"properties":{"kind":"stop","name":"DIXIE HWY at THE ARBOUR SC","stop_id":"143"},"type":"Feature"},{"geometry":{"coordinates":[-80.11738,26.75505],"type":"Point"},"properties":{"kind":"stop","name":"HAVERHILL RD at LEEPER DR","stop_id":"1432"},"type":"Feature"},{"geometry":{"coordinates":[-80.11797,26.7469],"type":"Point"},"properties":{"kind":"stop","name":"HAVERHILL RD at GALILEE APTS","stop_id":"1433"},"type":"Feature"},{"geometry":{"coordinates":[-80.1205,26.67426],"type":"Point"},"properties":{"kind":"stop","name":"HAVERHILL RD at  GUN CLUB RD","stop_id":"1434"},"type":"Feature"},{"geometry":{"coordinates":[-80.11814,26.74197],"type":"Point"},"properties":{"kind":"stop","name":"HAVERHILL RD at CLEMSTON ST","stop_id":"1435"},"type":"Feature"},{"geometry":{"coordinates":[-80.11825,26.73926],"type":"Point"},"properties":{"kind":"stop","name":"HAVERHILL RD at PARADISE PL","stop_id":"1436"},"type":"Feature"},{"geometry":{"coordinates":[-80.1184,26.73569],"type":"Point"},"properties":{"kind":"stop","name":"HAVERHILL RD at ROEBUCK RD","stop_id":"1437"},"type":"Feature"},{"geometry":{"coordinates":[-80.11853,26.73213],"type":"Point"},"properties":{"kind":"stop","name":"HAVERHILL RD at CYPRESS BLVD","stop_id":"1438"},"type":"Feature"},{"geometry":{"coordinates":[-80.11918,26.71462],"type":"Point"},"properties":{"kind":"stop","name":"HAVERHILL at CENTURYCORNERS","stop_id":"1441"},"type":"Feature"},{"geometry":{"coordinates":[-80.11958,26.70308],"type":"Point"},"properties":{"kind":"stop","name":"HAVERHILL RD at  ELMHURST RD","stop_id":"1442"},"type":"Feature"},{"geometry":{"coordinates":[-80.11967,26.70064],"type":"Point"},"properties":{"kind":"stop","name":"HAVERHILL RD at  MOBILAIRE RD","stop_id":"1443"},"type":"Feature"},{"geometry":{"coordinates":[-80.11973,26.69926],"type":"Point"},"properties":{"kind":"stop","name":"HAVERHILL RD at  PINE GROVE DR","stop_id":"1444"},"type":"Feature"},{"geometry":{"coordinates":[-80.11975,26.69753],"type":"Point"},"properties":{"kind":"stop","name":"HAVERHILL RD at  STACY ST","stop_id":"1445"},"type":"Feature"},{"geometry":{"coordinates":[-80.11937,26.71045],"type":"Point"},"properties":{"kind":"stop","name":"HAVERHILL RD at 22ND PL N","stop_id":"1446"},"type":"Feature"},{"geometry":{"coordinates":[-80.11991,26.69357],"type":"Point"},"properties":{"kind":"stop","name":"HAVERHILL RD at  BELVEDERE RD","stop_id":"1447"},"type":"Feature"},{"geometry":{"coordinates":[-80.12007,26.68878],"type":"Point"},"properties":{"kind":"stop","name":"HAVERHILL RD at  PONDEROSA LN","stop_id":"1448"},"type":"Feature"},{"geometry":{"coordinates":[-80.12024,26.68316],"type":"Point"},"properties":{"kind":"stop","name":"HAVERHILL RD at  PINE BREEZE CT","stop_id":"1449"},"type":"Feature"},{"geometry":{"coordinates":[-80.0566,26.64023],"type":"Point"},"properties":{"kind":"stop","name":"DIXIE HWY at WORTHMORE DR","stop_id":"145"},"type":"Feature"},{"geometry":{"coordinates":[-80.1203,26.68175],"type":"Point"},"properties":{"kind":"stop","name":"HAVERHILL RD at WALLIS RD","stop_id":"1450"},"type":"Feature"},{"geometry":{"coordinates":[-80.1206,26.67665],"type":"Point"},"properties":{"kind":"stop","name":"HAVERHILL RD at  PALM BCH CANAL RD","stop_id":"1451"},"type":"Feature"},{"geometry":{"coordinates":[-80.12097,26.6622],"type":"Point"},"properties":{"kind":"stop","name":"HAVERHILL RD at SUMMIT BLVD","stop_id":"1459"},"type":"Feature"},{"geometry":{"coordinates":[-80.0567,26.63759],"type":"Point"},"properties":{"kind":"stop","name":"DIXIE HWY at 19TH AVE N","stop_id":"146"},"type":"Feature"},{"geometry":{"coordinates":[-80.1209,26.65806],"type":"Point"},"properties":{"kind":"stop","name":"HAVERHILL RD at SUMMIT PINES BLVD","stop_id":"1460"},"type":"Feature"},{"geometry":{"coordinates":[-80.12078,26.65424],"type":"Point"},"properties":{"kind":"stop","name":"HAVERHILL RD at PALM HILL DR","stop_id":"1461"},"type":"Feature"},{"geometry":{"coordinates":[-80.12071,26.65134],"type":"Point"},"properties":{"kind":"stop","name":"HAVERHILL RD at FOREST HILL BLVD","stop_id":"1462"},"type":"Feature"},{"geometry":{"coordinates":[-80.12083,26.64409],"type":"Point"},"properties":{"kind":"stop","name":"HAVERHILL RD at PURDY LN","stop_id":"1463"},"type":"Feature"},{"geometry":{"coordinates":[-80.1213,26.63742],"type":"Point"},"properties":{"kind":"stop","name":"HAVERHILL RD at CRESTHAVEN BLVD","stop_id":"1464"},"type":"Feature"},{"geometry":{"coordinates":[-80.12128,26.63129],"type":"Point"},"properties":{"kind":"stop","name":"HAVERHILL RD at 10 AVE N","stop_id":"1465"},"type":"Feature"},{"geometry":{"coordinates":[-80.12176,26.62016],"type":"Point"},"properties":{"kind":"stop","name":"HAVERHILL RD at LAKE WORTH RD","stop_id":"1466"},"type":"Feature"},{"geometry":{"coordinates":[-80.12193,26.61449],"type":"Point"},"properties":{"kind":"stop","name":"HAVERHILL RD at CANTON RD","stop_id":"1467"},"type":"Feature"},{"geometry":{"coordinates":[-80.12208,26.61051],"type":"Point"},"properties":{"kind":"stop","name":"HAVERHILL RD at 45TH RD S","stop_id":"1468"},"type":"Feature"},{"geometry":{"coordinates":[-80.12143,26.62708],"type":"Point"},"properties":{"kind":"stop","name":"HAVERHILL RD at CAMBRIDGE","stop_id":"1469"},"type":"Feature"},{"geometry":{"coordinates":[-80.12161,26.62329],"type":"Point"},"properties":{"kind":"stop","name":"HAVERHILL RD at 2ND ST","stop_id":"1470"},"type":"Feature"},{"geometry":{"coordinates":[-80.14529,26.64851],"type":"Point"},"properties":{"kind":"stop","name":"JOG RD at TRAFALGAR SQ","stop_id":"1471"},"type":"Feature"},{"geometry":{"coordinates":[-80.14928,26.64971],"type":"Point"},"properties":{"kind":"stop","name":"RIVER BRIDGE CTR at  KEYES REALTORS","stop_id":"1472"},"type":"Feature"},{"geometry":{"coordinates":[-80.14562,26.64929],"type":"Point"},"properties":{"kind":"stop","name":"RIVER BRIDGE CTR at  JOG RD EXIT","stop_id":"1473"},"type":"Feature"},{"geometry":{"coordinates":[-80.1457,26.64548],"type":"Point"},"properties":{"kind":"stop","name":"JOG RD at  MEADOW LK RD","stop_id":"1474"},"type":"Feature"},{"geometry":{"coordinates":[-80.15205,26.70697],"type":"Point"},"properties":{"kind":"stop","name":"JOG RD at OKEECHOBEE BLVD","stop_id":"1475"},"type":"Feature"},{"geometry":{"coordinates":[-80.15152,26.70576],"type":"Point"},"properties":{"kind":"stop","name":"JOG RD at WOODLAKE APTS","stop_id":"1476"},"type":"Feature"},{"geometry":{"coordinates":[-80.15045,26.70408],"type":"Point"},"properties":{"kind":"stop","name":"JOG RD at WOODLAKE APTS","stop_id":"1477"},"type":"Feature"},{"geometry":{"coordinates":[-80.14592,26.69786],"type":"Point"},"properties":{"kind":"stop","name":"JOG RD at TURNPIKE CROSSING","stop_id":"1478"},"type":"Feature"},{"geometry":{"coordinates":[-80.14624,26.69753],"type":"Point"},"properties":{"kind":"stop","name":"JOG RD at TURNPIKE CROSSING","stop_id":"1479"},"type":"Feature"},{"geometry":{"coordinates":[-80.05678,26.63489],"type":"Point"},"properties":{"kind":"stop","name":"DIXIE HWY at 16TH AVE N","stop_id":"148"},"type":"Feature"},{"geometry":{"coordinates":[-80.14593,26.69243],"type":"Point"},"properties":{"kind":"stop","name":"JOG RD at BELVEDERE RD","stop_id":"1480"},"type":"Feature"},{"geometry":{"coordinates":[-80.1456,26.69339],"type":"Point"},"properties":{"kind":"stop","name":"JOG RD at BELVEDERE RD","stop_id":"1481"},"type":"Feature"},{"geometry":{"coordinates":[-80.14816,26.61855],"type":"Point"},"properties":{"kind":"stop","name":"LAKE WORTH RD at GRNACRES PLZ SVC RD","stop_id":"1482"},"type":"Feature"},{"geometry":{"coordinates":[-80.15001,26.618],"type":"Point"},"properties":{"kind":"stop","name":"LAKE WORTH RD at CARRIE DR","stop_id":"1483"},"type":"Feature"},{"geometry":{"coordinates":[-80.15322,26.61783],"type":"Point"},"properties":{"kind":"stop","name":"LAKE WORTH RD at VIA POINCIANA","stop_id":"1484"},"type":"Feature"},{"geometry":{"coordinates":[-80.15725,26.61778],"type":"Point"},"properties":{"kind":"stop","name":"LAKE WORTH RD at PINEHURST DR","stop_id":"1485"},"type":"Feature"},{"geometry":{"coordinates":[-80.15911,26.61776],"type":"Point"},"properties":{"kind":"stop","name":"LAKE WORTH RD at  WORTH PLZ","stop_id":"1486"},"type":"Feature"},{"geometry":{"coordinates":[-80.16189,26.61774],"type":"Point"},"properties":{"kind":"stop","name":"LAKE WORTH RD at LUCERNE LAKES BLVD","stop_id":"1487"},"type":"Feature"},{"geometry":{"coordinates":[-80.05688,26.63229],"type":"Point"},"properties":{"kind":"stop","name":"DIXIE HWY at  14TH AVE N","stop_id":"149"},"type":"Feature"},{"geometry":{"coordinates":[-80.16247,26.61741],"type":"Point"},"properties":{"kind":"stop","name":"LAKE WORTH RD at LUCERNE LAKES BLVD","stop_id":"1490"},"type":"Feature"},{"geometry":{"coordinates":[-80.1579,26.61746],"type":"Point"},"properties":{"kind":"stop","name":"LAKE WORTH RD at CHARLESTON RD","stop_id":"1491"},"type":"Feature"},{"geometry":{"coordinates":[-80.15307,26.61751],"type":"Point"},"properties":{"kind":"stop","name":"LAKE WORTH RD at FOUNTAINS DR","stop_id":"1492"},"type":"Feature"},{"geometry":{"coordinates":[-80.14838,26.6181],"type":"Point"},"properties":{"kind":"stop","name":"LAKE WORTH RD at CARRIE DR","stop_id":"1493"},"type":"Feature"},{"geometry":{"coordinates":[-80.14561,26.6389],"type":"Point"},"properties":{"kind":"stop","name":"JOG RD at  CRESTHAVEN BLVD","stop_id":"1499"},"type":"Feature"},{"geometry":{"coordinates":[-80.05695,26.62982],"type":"Point"},"properties":{"kind":"stop","name":"DIXIE HWY at  12TH AVE N","stop_id":"150"},"type":"Feature"},{"geometry":{"coordinates":[-80.14542,26.6429],"type":"Point"},"properties":{"kind":"stop","name":"JOG RD at  FOXTAIL DR","stop_id":"1500"},"type":"Feature"},{"geometry":{"coordinates":[-80.14534,26.64554],"type":"Point"},"properties":{"kind":"stop","name":"JOG RD at  PURDY LN","stop_id":"1501"},"type":"Feature"},{"geometry":{"coordinates":[-80.12137,26.62377],"type":"Point"},"properties":{"kind":"stop","name":"HAVERHILL RD at 2ND ST","stop_id":"1504"},"type":"Feature"},{"geometry":{"coordinates":[-80.12117,26.62733],"type":"Point"},"properties":{"kind":"stop","name":"HAVERHILL RD at CAMBRIDGE","stop_id":"1505"},"type":"Feature"},{"geometry":{"coordinates":[-80.1219,26.61082],"type":"Point"},"properties":{"kind":"stop","name":"HAVERHILL RD at 45TH RD","stop_id":"1506"},"type":"Feature"},{"geometry":{"coordinates":[-80.12175,26.6155],"type":"Point"},"properties":{"kind":"stop","name":"HAVERHILL RD at CENTURIAN WAY","stop_id":"1507"},"type":"Feature"},{"geometry":{"coordinates":[-80.12157,26.61942],"type":"Point"},"properties":{"kind":"stop","name":"HAVERHILL RD at LAKE WORTH RD","stop_id":"1508"},"type":"Feature"},{"geometry":{"coordinates":[-80.12108,26.62969],"type":"Point"},"properties":{"kind":"stop","name":"HAVERHILL RD at WEYMOUTH ST","stop_id":"1509"},"type":"Feature"},{"geometry":{"coordinates":[-80.05705,26.62786],"type":"Point"},"properties":{"kind":"stop","name":"DIXIE HWY at 10TH AVE N","stop_id":"151"},"type":"Feature"},{"geometry":{"coordinates":[-80.12113,26.63754],"type":"Point"},"properties":{"kind":"stop","name":"HAVERHILL RD at CRESTHAVEN BLVD","stop_id":"1510"},"type":"Feature"},{"geometry":{"coordinates":[-80.12053,26.64512],"type":"Point"},"properties":{"kind":"stop","name":"HAVERHILL RD at PURDY LN","stop_id":"1511"},"type":"Feature"},{"geometry":{"coordinates":[-80.12045,26.65063],"type":"Point"},"properties":{"kind":"stop","name":"HAVERHILL RD at FOREST HILL BLVD","stop_id":"1512"},"type":"Feature"},{"geometry":{"coordinates":[-80.12051,26.65392],"type":"Point"},"properties":{"kind":"stop","name":"HAVERHILL RD at PALM HILL APTS","stop_id":"1513"},"type":"Feature"},{"geometry":{"coordinates":[-80.12062,26.65819],"type":"Point"},"properties":{"kind":"stop","name":"HAVERHILL RD at CAREFREE COVE BLVD","stop_id":"1514"},"type":"Feature"},{"geometry":{"coordinates":[-80.12068,26.6636],"type":"Point"},"properties":{"kind":"stop","name":"HAVERHILL RD at  SUMMIT BLVD","stop_id":"1515"},"type":"Feature"},{"geometry":{"coordinates":[-80.12059,26.66641],"type":"Point"},"properties":{"kind":"stop","name":"HAVERHILL RD at  DRYDEN RD","stop_id":"1516"},"type":"Feature"},{"geometry":{"coordinates":[-80.1205,26.66867],"type":"Point"},"properties":{"kind":"stop","name":"HAVERHILL RD at  GRANT ST","stop_id":"1517"},"type":"Feature"},{"geometry":{"coordinates":[-80.05712,26.62524],"type":"Point"},"properties":{"kind":"stop","name":"DIXIE HWY at 8TH AVE N","stop_id":"152"},"type":"Feature"},{"geometry":{"coordinates":[-80.12032,26.67427],"type":"Point"},"properties":{"kind":"stop","name":"HAVERHILL RD at  GUN CLUB RD","stop_id":"1520"},"type":"Feature"},{"geometry":{"coordinates":[-80.1202,26.67701],"type":"Point"},"properties":{"kind":"stop","name":"HAVERHILL RD at PALM BCH CANAL RD","stop_id":"1521"},"type":"Feature"},{"geometry":{"coordinates":[-80.12012,26.67916],"type":"Point"},"properties":{"kind":"stop","name":"HAVERHILL RD at  SOUTHERN BLVD","stop_id":"1522"},"type":"Feature"},{"geometry":{"coordinates":[-80.12005,26.68183],"type":"Point"},"properties":{"kind":"stop","name":"HAVERHILL RD at WALLIS RD","stop_id":"1523"},"type":"Feature"},{"geometry":{"coordinates":[-80.12,26.68346],"type":"Point"},"properties":{"kind":"stop","name":"HAVERHILL RD at AMELIA ST","stop_id":"1524"},"type":"Feature"},{"geometry":{"coordinates":[-80.11981,26.68822],"type":"Point"},"properties":{"kind":"stop","name":"HAVERHILL RD at  LUWAL DR","stop_id":"1525"},"type":"Feature"},{"geometry":{"coordinates":[-80.1198,26.6892],"type":"Point"},"properties":{"kind":"stop","name":"HAVERHILL RD at  PONDEROSA LN","stop_id":"1526"},"type":"Feature"},{"geometry":{"coordinates":[-80.11962,26.6928],"type":"Point"},"properties":{"kind":"stop","name":"HAVERHILL RD at  BELVEDERE RD","stop_id":"1527"},"type":"Feature"},{"geometry":{"coordinates":[-80.11953,26.6974],"type":"Point"},"properties":{"kind":"stop","name":"HAVERHILL RD at  PINE RIDGE LN","stop_id":"1529"},"type":"Feature"},{"geometry":{"coordinates":[-80.05721,26.62285],"type":"Point"},"properties":{"kind":"stop","name":"DIXIE HWY at 6TH AVE N","stop_id":"153"},"type":"Feature"},{"geometry":{"coordinates":[-80.11945,26.69939],"type":"Point"},"properties":{"kind":"stop","name":"HAVERHILL RD at PINE GROVE DR","stop_id":"1530"},"type":"Feature"},{"geometry":{"coordinates":[-80.11933,26.70357],"type":"Point"},"properties":{"kind":"stop","name":"HAVERHILL RD at  ELMHURST LN","stop_id":"1532"},"type":"Feature"},{"geometry":{"coordinates":[-80.11926,26.70501],"type":"Point"},"properties":{"kind":"stop","name":"HAVERHILL RD at  PINE CONE LN","stop_id":"1533"},"type":"Feature"},{"geometry":{"coordinates":[-80.11915,26.70828],"type":"Point"},"properties":{"kind":"stop","name":"HAVERHILL RD at OKEECHOBEE BLVD","stop_id":"1534"},"type":"Feature"},{"geometry":{"coordinates":[-80.11901,26.71329],"type":"Point"},"properties":{"kind":"stop","name":"HAVERHILL RD at CECEILE AVE","stop_id":"1535"},"type":"Feature"},{"geometry":{"coordinates":[-80.11894,26.71415],"type":"Point"},"properties":{"kind":"stop","name":"HAVERHILL RD at VILLA REGINA","stop_id":"1536"},"type":"Feature"},{"geometry":{"coordinates":[-80.11868,26.72202],"type":"Point"},"properties":{"kind":"stop","name":"HAVERHILL RD at COMMUNITY DR","stop_id":"1537"},"type":"Feature"},{"geometry":{"coordinates":[-80.11847,26.72797],"type":"Point"},"properties":{"kind":"stop","name":"HAVERHILL RD at SABLE PINE CT","stop_id":"1539"},"type":"Feature"},{"geometry":{"coordinates":[-80.05729,26.62037],"type":"Point"},"properties":{"kind":"stop","name":"DIXIE HWY at 4TH AVE N","stop_id":"154"},"type":"Feature"},{"geometry":{"coordinates":[-80.1181,26.73674],"type":"Point"},"properties":{"kind":"stop","name":"HAVERHILL RD at ROEBUCK RD","stop_id":"1540"},"type":"Feature"},{"geometry":{"coordinates":[-80.11791,26.74259],"type":"Point"},"properties":{"kind":"stop","name":"HAVERHILL RD at WILLOW POND","stop_id":"1541"},"type":"Feature"},{"geometry":{"coordinates":[-80.11772,26.74754],"type":"Point"},"properties":{"kind":"stop","name":"HAVERHILL RD at LORING DR","stop_id":"1542"},"type":"Feature"},{"geometry":{"coordinates":[-80.11832,26.73237],"type":"Point"},"properties":{"kind":"stop","name":"HAVERHILL RD at LAKESIDE GREEN BLV","stop_id":"1543"},"type":"Feature"},{"geometry":{"coordinates":[-80.11709,26.75579],"type":"Point"},"properties":{"kind":"stop","name":"HAVERHILL RD AT BALLPARK","stop_id":"1544"},"type":"Feature"},{"geometry":{"coordinates":[-80.11872,26.72649],"type":"Point"},"properties":{"kind":"stop","name":"HAVERHILL RD at BLESSED HOPE","stop_id":"1545"},"type":"Feature"},{"geometry":{"coordinates":[-80.11888,26.72221],"type":"Point"},"properties":{"kind":"stop","name":"HAVERHILL RD at HORSESHOE CIR","stop_id":"1546"},"type":"Feature"},{"geometry":{"coordinates":[-80.11948,26.70644],"type":"Point"},"properties":{"kind":"stop","name":"HAVERHILL RD at OKEECHOBEE BLVD","stop_id":"1547"},"type":"Feature"},{"geometry":{"coordinates":[-80.05745,26.61695],"type":"Point"},"properties":{"kind":"stop","name":"DIXIE HWY at LUCERNE AVE","stop_id":"155"},"type":"Feature"},{"geometry":{"coordinates":[-80.10086,26.75961],"type":"Point"},"properties":{"kind":"stop","name":"45TH ST at  VLG BLVD","stop_id":"1561"},"type":"Feature"},{"geometry":{"coordinates":[-80.10556,26.7598],"type":"Point"},"properties":{"kind":"stop","name":"45TH ST at SAMS CLUB M ENT","stop_id":"1562"},"type":"Feature"},{"geometry":{"coordinates":[-80.05757,26.61307],"type":"Point"},"properties":{"kind":"stop","name":"DIXIE HWY at 2ND AVE S","stop_id":"157"},"type":"Feature"},{"geometry":{"coordinates":[-80.11651,26.7614],"type":"Point"},"properties":{"kind":"stop","name":"HAVERHILL RD at MARCIA PL","stop_id":"1570"},"type":"Feature"},{"geometry":{"coordinates":[-80.11627,26.76395],"type":"Point"},"properties":{"kind":"stop","name":"HAVERHILL RD at CARIBBEAN BLVD","stop_id":"1573"},"type":"Feature"},{"geometry":{"coordinates":[-80.11573,26.77866],"type":"Point"},"properties":{"kind":"stop","name":"HAVERHILL RD at DYER BLVD","stop_id":"1574"},"type":"Feature"},{"geometry":{"coordinates":[-80.11932,26.78662],"type":"Point"},"properties":{"kind":"stop","name":"HAVERHILL RD at  BEE LINE HWY","stop_id":"1575"},"type":"Feature"},{"geometry":{"coordinates":[-80.12012,26.68634],"type":"Point"},"properties":{"kind":"stop","name":"HAVERHILL RD at  HAVERHILL MHP","stop_id":"1578"},"type":"Feature"},{"geometry":{"coordinates":[-80.11991,26.68558],"type":"Point"},"properties":{"kind":"stop","name":"HAVERHILL RD at HAVERHILL CT","stop_id":"1579"},"type":"Feature"},{"geometry":{"coordinates":[-80.0576,26.61121],"type":"Point"},"properties":{"kind":"stop","name":"DIXIE HWY at 4TH AVE S","stop_id":"158"},"type":"Feature"},{"geometry":{"coordinates":[-80.08526,26.79575],"type":"Point"},"properties":{"kind":"stop","name":"CONGRESS AVE at SILVER BCH RD","stop_id":"1580"},"type":"Feature"},{"geometry":{"coordinates":[-80.05771,26.60877],"type":"Point"},"properties":{"kind":"stop","name":"DIXIE HWY at 6TH AVE S","stop_id":"159"},"type":"Feature"},{"geometry":{"coordinates":[-80.05778,26.60638],"type":"Point"},"properties":{"kind":"stop","name":"DIXIE HWY at 8TH AVE S","stop_id":"160"},"type":"Feature"},{"geometry":{"coordinates":[-80.05786,26.60359],"type":"Point"},"properties":{"kind":"stop","name":"DIXIE HWY at 10TH AVE S","stop_id":"161"},"type":"Feature"},{"geometry":{"coordinates":[-80.05716,26.60093],"type":"Point"},"properties":{"kind":"stop","name":"DIXIE HWY at 12TH AVE S","stop_id":"162"},"type":"Feature"},{"geometry":{"coordinates":[-80.05598,26.59874],"type":"Point"},"properties":{"kind":"stop","name":"DIXIE HWY at 14TH AVE S","stop_id":"163"},"type":"Feature"},{"geometry":{"coordinates":[-80.05469,26.59634],"type":"Point"},"properties":{"kind":"stop","name":"DIXIE HWY at WASHINGTON AVE","stop_id":"164"},"type":"Feature"},{"geometry":{"coordinates":[-80.05276,26.59272],"type":"Point"},"properties":{"kind":"stop","name":"DIXIE HWY at HESS STATION","stop_id":"166"},"type":"Feature"},{"geometry":{"coordinates":[-80.05212,26.58986],"type":"Point"},"properties":{"kind":"stop","name":"DIXIE HWY at LAKEVIEW AVE","stop_id":"167"},"type":"Feature"},{"geometry":{"coordinates":[-80.05203,26.58501],"type":"Point"},"properties":{"kind":"stop","name":"DIXIE HWY at OCEAN AVE","stop_id":"169"},"type":"Feature"},{"geometry":{"coordinates":[-80.09896,26.84654],"type":"Point"},"properties":{"kind":"stop","name":"KYOTO GARDENS at RCA DR","stop_id":"1698"},"type":"Feature"},{"geometry":{"coordinates":[-80.10194,26.84537],"type":"Point"},"properties":{"kind":"stop","name":"KYOTO GARDENS/FPL","stop_id":"1699"},"type":"Feature"},{"geometry":{"coordinates":[-80.0523,26.58182],"type":"Point"},"properties":{"kind":"stop","name":"DIXIE HWY at IRIS AVE","stop_id":"170"},"type":"Feature"},{"geometry":{"coordinates":[-80.10474,26.84708],"type":"Point"},"properties":{"kind":"stop","name":"MILITARY TRL at WINCHESTER DR","stop_id":"1701"},"type":"Feature"},{"geometry":{"coordinates":[-80.10367,26.87449],"type":"Point"},"properties":{"kind":"stop","name":"MILITARY TRL at DWYER HS","stop_id":"1703"},"type":"Feature"},{"geometry":{"coordinates":[-80.10852,26.88418],"type":"Point"},"properties":{"kind":"stop","name":"CENTRAL BLVD at DONALD ROSS RD","stop_id":"1704"},"type":"Feature"},{"geometry":{"coordinates":[-80.10506,26.89112],"type":"Point"},"properties":{"kind":"stop","name":"UNIVERSITY BLVD at CORPORATE WAY","stop_id":"1706"},"type":"Feature"},{"geometry":{"coordinates":[-80.10282,26.89851],"type":"Point"},"properties":{"kind":"stop","name":"MILITARY TRL at FREDERICK SMALL RD","stop_id":"1707"},"type":"Feature"},{"geometry":{"coordinates":[-80.10255,26.90505],"type":"Point"},"properties":{"kind":"stop","name":"MILITARY TRL at DAKOTA DR","stop_id":"1708"},"type":"Feature"},{"geometry":{"coordinates":[-80.10221,26.91519],"type":"Point"},"properties":{"kind":"stop","name":"MILITARY TR at JUPITER MED CTR N ENT","stop_id":"1709"},"type":"Feature"},{"geometry":{"coordinates":[-80.0531,26.57921],"type":"Point"},"properties":{"kind":"stop","name":"DIXIE HWY at EUCLID BLVD","stop_id":"171"},"type":"Feature"},{"geometry":{"coordinates":[-80.10196,26.92228],"type":"Point"},"properties":{"kind":"stop","name":"MILITARY TRL at JUPITER LKS BLVD","stop_id":"1710"},"type":"Feature"},{"geometry":{"coordinates":[-80.10233,26.91186],"type":"Point"},"properties":{"kind":"stop","name":"MILITARY TRL at HONEYBELL WAY","stop_id":"1711"},"type":"Feature"},{"geometry":{"coordinates":[-80.10178,26.92701],"type":"Point"},"properties":{"kind":"stop","name":"MILITARY TRL at TONEY PENNA DR","stop_id":"1712"},"type":"Feature"},{"geometry":{"coordinates":[-80.10282,26.93419],"type":"Point"},"properties":{"kind":"stop","name":"INDIANTOWN RD at MILITARY TRL","stop_id":"1713"},"type":"Feature"},{"geometry":{"coordinates":[-80.11033,26.93412],"type":"Point"},"properties":{"kind":"stop","name":"INDIANTOWN RD at PENNOCK LN","stop_id":"1714"},"type":"Feature"},{"geometry":{"coordinates":[-80.11766,26.93427],"type":"Point"},"properties":{"kind":"stop","name":"INDIANTOWN RD at DELAWARE RD","stop_id":"1715"},"type":"Feature"},{"geometry":{"coordinates":[-80.12522,26.93284],"type":"Point"},"properties":{"kind":"stop","name":"MAPLEWOOD RD at INDIANTOWN RD","stop_id":"1716"},"type":"Feature"},{"geometry":{"coordinates":[-80.13445,26.92653],"type":"Point"},"properties":{"kind":"stop","name":"CENTRAL BLVD at JUPITER PK DR","stop_id":"1717"},"type":"Feature"},{"geometry":{"coordinates":[-80.13426,26.9303],"type":"Point"},"properties":{"kind":"stop","name":"CENTRAL BLVD at CHASEWOOD DR","stop_id":"1718"},"type":"Feature"},{"geometry":{"coordinates":[-80.13286,26.93437],"type":"Point"},"properties":{"kind":"stop","name":"INDIANTOWN RD at PUBLIX SC","stop_id":"1719"},"type":"Feature"},{"geometry":{"coordinates":[-80.05348,26.57677],"type":"Point"},"properties":{"kind":"stop","name":"DIXIE HWY at FINLANDIA","stop_id":"172"},"type":"Feature"},{"geometry":{"coordinates":[-80.12883,26.93433],"type":"Point"},"properties":{"kind":"stop","name":"INDIANTOWN RD at BUSH RD","stop_id":"1720"},"type":"Feature"},{"geometry":{"coordinates":[-80.11042,26.9338],"type":"Point"},"properties":{"kind":"stop","name":"INDIANTOWN RD at PENNOCK LN","stop_id":"1722"},"type":"Feature"},{"geometry":{"coordinates":[-80.10423,26.93383],"type":"Point"},"properties":{"kind":"stop","name":"INDIANTOWN RD at PHILADELPHIA DR","stop_id":"1723"},"type":"Feature"},{"geometry":{"coordinates":[-80.1021,26.92803],"type":"Point"},"properties":{"kind":"stop","name":"MILITARY TRL at PERRY CIR/JUPITER HS","stop_id":"1724"},"type":"Feature"},{"geometry":{"coordinates":[-80.10059,26.92622],"type":"Point"},"properties":{"kind":"stop","name":"TONEY PENNA DR at LOXAHATCHEE DR","stop_id":"1725"},"type":"Feature"},{"geometry":{"coordinates":[-80.09668,26.92138],"type":"Point"},"properties":{"kind":"stop","name":"JUPITER LAKES BLVD at JUPITER HSP","stop_id":"1726"},"type":"Feature"},{"geometry":{"coordinates":[-80.10238,26.92133],"type":"Point"},"properties":{"kind":"stop","name":"MILITARY TRL at PERRY AVE","stop_id":"1727"},"type":"Feature"},{"geometry":{"coordinates":[-80.10251,26.91642],"type":"Point"},"properties":{"kind":"stop","name":"MILITARY TRL at MARQUETTE DR","stop_id":"1728"},"type":"Feature"},{"geometry":{"coordinates":[-80.10295,26.90434],"type":"Point"},"properties":{"kind":"stop","name":"MILITARY TRL at DAKOTA DR","stop_id":"1729"},"type":"Feature"},{"geometry":{"coordinates":[-80.05369,26.57248],"type":"Point"},"properties":{"kind":"stop","name":"DIXIE HWY at HYPOLUXO RD","stop_id":"173"},"type":"Feature"},{"geometry":{"coordinates":[-80.1032,26.89891],"type":"Point"},"properties":{"kind":"stop","name":"MILITARY TRL at RIVINNA DR","stop_id":"1730"},"type":"Feature"},{"geometry":{"coordinates":[-80.10349,26.89151],"type":"Point"},"properties":{"kind":"stop","name":"MILITARY TRL at UNIVERSITY BLVD","stop_id":"1731"},"type":"Feature"},{"geometry":{"coordinates":[-80.11193,26.89024],"type":"Point"},"properties":{"kind":"stop","name":"CENTRAL BLVD at UNIVERSITY BLVD","stop_id":"1732"},"type":"Feature"},{"geometry":{"coordinates":[-80.1055,26.88274],"type":"Point"},"properties":{"kind":"stop","name":"DONALD ROSS RD at CENTRAL BLVD","stop_id":"1733"},"type":"Feature"},{"geometry":{"coordinates":[-80.10406,26.87427],"type":"Point"},"properties":{"kind":"stop","name":"MILITARY TRL at DWYER HS","stop_id":"1734"},"type":"Feature"},{"geometry":{"coordinates":[-80.10502,26.85077],"type":"Point"},"properties":{"kind":"stop","name":"MILITARY TRL at ELM AVE","stop_id":"1735"},"type":"Feature"},{"geometry":{"coordinates":[-80.1341,26.93238],"type":"Point"},"properties":{"kind":"stop","name":"CENTRAL BLVD at BENDROSS RD","stop_id":"1736"},"type":"Feature"},{"geometry":{"coordinates":[-80.0946,26.92307],"type":"Point"},"properties":{"kind":"stop","name":"OLD DIXIE at JUPITER MEDICAL CTR","stop_id":"1737"},"type":"Feature"},{"geometry":{"coordinates":[-80.09313,26.85122],"type":"Point"},"properties":{"kind":"stop","name":"GARDENS BLVD at VALENCIA GARDENS AVE","stop_id":"1738"},"type":"Feature"},{"geometry":{"coordinates":[-80.09327,26.85097],"type":"Point"},"properties":{"kind":"stop","name":"GARDENS BLVD at LK VICTORIA GARDENS","stop_id":"1739"},"type":"Feature"},{"geometry":{"coordinates":[-80.05485,26.55719],"type":"Point"},"properties":{"kind":"stop","name":"FEDERAL HWY at MINER RD","stop_id":"174"},"type":"Feature"},{"geometry":{"coordinates":[-80.10265,26.91247],"type":"Point"},"properties":{"kind":"stop","name":"MILITARY TRL at VIA ROYALE","stop_id":"1740"},"type":"Feature"},{"geometry":{"coordinates":[-80.10398,26.865],"type":"Point"},"properties":{"kind":"stop","name":"MILITARY TRL at HOOD RD","stop_id":"1741"},"type":"Feature"},{"geometry":{"coordinates":[-80.1044,26.86378],"type":"Point"},"properties":{"kind":"stop","name":"MILITARY TRL at HOOD RD","stop_id":"1742"},"type":"Feature"},{"geometry":{"coordinates":[-80.11822,26.88772],"type":"Point"},"properties":{"kind":"stop","name":"FAU SVC RD at SE QUAD","stop_id":"1743"},"type":"Feature"},{"geometry":{"coordinates":[-80.11572,26.89035],"type":"Point"},"properties":{"kind":"stop","name":"UNIVERSITY BLVD at MAIN ST","stop_id":"1744"},"type":"Feature"},{"geometry":{"coordinates":[-80.11824,26.93397],"type":"Point"},"properties":{"kind":"stop","name":"INDIANTOWN RD at DELAWARE BLVD","stop_id":"1745"},"type":"Feature"},{"geometry":{"coordinates":[-80.0551,26.55553],"type":"Point"},"properties":{"kind":"stop","name":"FEDERAL HWY at LAKESHORE DR","stop_id":"175"},"type":"Feature"},{"geometry":{"coordinates":[-80.11894,26.88235],"type":"Point"},"properties":{"kind":"stop","name":"ALTON TOWN CENTER","stop_id":"1750"},"type":"Feature"},{"geometry":{"coordinates":[-80.05546,26.55333],"type":"Point"},"properties":{"kind":"stop","name":"FEDERAL HWY at SMITH CIR","stop_id":"176"},"type":"Feature"},{"geometry":{"coordinates":[-80.05575,26.5515],"type":"Point"},"properties":{"kind":"stop","name":"FEDERAL HWY at POTTER","stop_id":"177"},"type":"Feature"},{"geometry":{"coordinates":[-80.05629,26.54817],"type":"Point"},"properties":{"kind":"stop","name":"FEDERAL HWY at GATEWAY BLVD","stop_id":"178"},"type":"Feature"},{"geometry":{"coordinates":[-80.05682,26.5449],"type":"Point"},"properties":{"kind":"stop","name":"FEDERAL HWY at LAKE ST","stop_id":"179"},"type":"Feature"},{"geometry":{"coordinates":[-80.05743,26.54102],"type":"Point"},"properties":{"kind":"stop","name":"FEDERAL HWY at NE 15TH AVE","stop_id":"180"},"type":"Feature"},{"geometry":{"coordinates":[-80.05805,26.53556],"type":"Point"},"properties":{"kind":"stop","name":"FEDERAL HWY at MLK BLVD/10 AVE","stop_id":"182"},"type":"Feature"},{"geometry":{"coordinates":[-80.05832,26.53227],"type":"Point"},"properties":{"kind":"stop","name":"FEDERAL HWY at NE 6TH AVE","stop_id":"184"},"type":"Feature"},{"geometry":{"coordinates":[-80.05826,26.53065],"type":"Point"},"properties":{"kind":"stop","name":"FEDERAL HWY at NE 4TH AVE","stop_id":"185"},"type":"Feature"},{"geometry":{"coordinates":[-80.05828,26.52937],"type":"Point"},"properties":{"kind":"stop","name":"FEDERAL HWY at BOYNTON BCH BLVD","stop_id":"186"},"type":"Feature"},{"geometry":{"coordinates":[-80.05824,26.52763],"type":"Point"},"properties":{"kind":"stop","name":"FEDERAL HWY at NE 1ST AVE","stop_id":"187"},"type":"Feature"},{"geometry":{"coordinates":[-80.05809,26.52256],"type":"Point"},"properties":{"kind":"stop","name":"FEDERAL HWY at 5TH AVE","stop_id":"189"},"type":"Feature"},{"geometry":{"coordinates":[-80.05872,26.51825],"type":"Point"},"properties":{"kind":"stop","name":"FEDERAL HWY at SE 10TH AVE","stop_id":"191"},"type":"Feature"},{"geometry":{"coordinates":[-80.05916,26.51376],"type":"Point"},"properties":{"kind":"stop","name":"FEDERAL HWY at WOOLBRIGHT RD","stop_id":"193"},"type":"Feature"},{"geometry":{"coordinates":[-80.05956,26.50953],"type":"Point"},"properties":{"kind":"stop","name":"FEDERAL HWY at SE 21ST AVE","stop_id":"195"},"type":"Feature"},{"geometry":{"coordinates":[-80.05981,26.50688],"type":"Point"},"properties":{"kind":"stop","name":"FEDERAL HWY at SE 23RD AVE","stop_id":"196"},"type":"Feature"},{"geometry":{"coordinates":[-80.06014,26.50366],"type":"Point"},"properties":{"kind":"stop","name":"FEDERAL HWY at SE 28TH CIR","stop_id":"198"},"type":"Feature"},{"geometry":{"coordinates":[-80.06048,26.501],"type":"Point"},"properties":{"kind":"stop","name":"FEDERAL HWY at N OLD DIXIE","stop_id":"199"},"type":"Feature"},{"geometry":{"coordinates":[-80.06177,26.49629],"type":"Point"},"properties":{"kind":"stop","name":"FEDERAL HWY at TURNER RD","stop_id":"200"},"type":"Feature"},{"geometry":{"coordinates":[-80.06304,26.49255],"type":"Point"},"properties":{"kind":"stop","name":"FEDERAL HWY at GULFSTREAM MALL E ENT","stop_id":"201"},"type":"Feature"},{"geometry":{"coordinates":[-80.06494,26.48702],"type":"Point"},"properties":{"kind":"stop","name":"FEDERAL HWY at BLD2400","stop_id":"202"},"type":"Feature"},{"geometry":{"coordinates":[-80.06584,26.48352],"type":"Point"},"properties":{"kind":"stop","name":"FEDERAL HWY at KOKOMO KEY","stop_id":"203"},"type":"Feature"},{"geometry":{"coordinates":[-80.06618,26.48143],"type":"Point"},"properties":{"kind":"stop","name":"FEDERAL HWY at ROYAL PALM BLVD","stop_id":"204"},"type":"Feature"},{"geometry":{"coordinates":[-80.06653,26.47922],"type":"Point"},"properties":{"kind":"stop","name":"FEDERAL HWY at NE 14TH ST","stop_id":"205"},"type":"Feature"},{"geometry":{"coordinates":[-80.06822,26.47389],"type":"Point"},"properties":{"kind":"stop","name":"NE 5TH AVE at GEO BUSH BLVD","stop_id":"206"},"type":"Feature"},{"geometry":{"coordinates":[-80.06828,26.46861],"type":"Point"},"properties":{"kind":"stop","name":"NE 5TH AVE at NE 4TH ST","stop_id":"207"},"type":"Feature"},{"geometry":{"coordinates":[-80.06817,26.46361],"type":"Point"},"properties":{"kind":"stop","name":"NE 5TH AVE at NE 1ST ST","stop_id":"208"},"type":"Feature"},{"geometry":{"coordinates":[-80.06812,26.46086],"type":"Point"},"properties":{"kind":"stop","name":"SE 5TH AVE at E ATLANTIC AVE","stop_id":"210"},"type":"Feature"},{"geometry":{"coordinates":[-80.068,26.45692],"type":"Point"},"properties":{"kind":"stop","name":"SE 5TH AVE at  SE 2ND ST","stop_id":"211"},"type":"Feature"},{"geometry":{"coordinates":[-80.068,26.4555],"type":"Point"},"properties":{"kind":"stop","name":"SE 5TH AVE at BLD 346","stop_id":"212"},"type":"Feature"},{"geometry":{"coordinates":[-80.068,26.4522],"type":"Point"},"properties":{"kind":"stop","name":"SE 5TH AVE at SE 6TH ST","stop_id":"213"},"type":"Feature"},{"geometry":{"coordinates":[-80.068,26.44957],"type":"Point"},"properties":{"kind":"stop","name":"SE 5TH AVE at SE 8TH ST","stop_id":"214"},"type":"Feature"},{"geometry":{"coordinates":[-80.06803,26.44677],"type":"Point"},"properties":{"kind":"stop","name":"SE 5TH AVE at SE 10TH ST","stop_id":"215"},"type":"Feature"},{"geometry":{"coordinates":[-80.06866,26.44399],"type":"Point"},"properties":{"kind":"stop","name":"SE 5TH AVE at PLZ DELRAY SVC RD","stop_id":"216"},"type":"Feature"},{"geometry":{"coordinates":[-80.07023,26.44151],"type":"Point"},"properties":{"kind":"stop","name":"FEDERAL HWY at  BANYAN TREE LN","stop_id":"217"},"type":"Feature"},{"geometry":{"coordinates":[-80.07183,26.43876],"type":"Point"},"properties":{"kind":"stop","name":"FEDERAL HWY at LINTON BLVD","stop_id":"218"},"type":"Feature"},{"geometry":{"coordinates":[-80.0723,26.43318],"type":"Point"},"properties":{"kind":"stop","name":"FEDERAL HWY at DELRAY PLZ","stop_id":"220"},"type":"Feature"},{"geometry":{"coordinates":[-80.08286,26.84095],"type":"Point"},"properties":{"kind":"stop","name":"CAMPUS DR at FAIRCHAIL EXN","stop_id":"2201"},"type":"Feature"},{"geometry":{"coordinates":[-80.08803,26.83001],"type":"Point"},"properties":{"kind":"stop","name":"GARDENS E at BURNS RD","stop_id":"2204"},"type":"Feature"},{"geometry":{"coordinates":[-80.08689,26.826],"type":"Point"},"properties":{"kind":"stop","name":"GARDENS E at  SANDALWOOD DR","stop_id":"2205"},"type":"Feature"},{"geometry":{"coordinates":[-80.08536,26.8242],"type":"Point"},"properties":{"kind":"stop","name":"GARDENS E at RIO VISTA BLVD","stop_id":"2206"},"type":"Feature"},{"geometry":{"coordinates":[-80.08365,26.82359],"type":"Point"},"properties":{"kind":"stop","name":"GARDENS E DR at  BLD3164","stop_id":"2207"},"type":"Feature"},{"geometry":{"coordinates":[-80.08218,26.82248],"type":"Point"},"properties":{"kind":"stop","name":"GARDENS E at MERIDIAN WAY","stop_id":"2208"},"type":"Feature"},{"geometry":{"coordinates":[-80.0821,26.81967],"type":"Point"},"properties":{"kind":"stop","name":"GARDENS E at LIGHTHOUSE DR","stop_id":"2209"},"type":"Feature"},{"geometry":{"coordinates":[-80.09359,26.8233],"type":"Point"},"properties":{"kind":"stop","name":"HOLLY DR at DAPHNE AVE","stop_id":"2218"},"type":"Feature"},{"geometry":{"coordinates":[-80.0991,26.82342],"type":"Point"},"properties":{"kind":"stop","name":"HOLLY DR at PLANT DR","stop_id":"2219"},"type":"Feature"},{"geometry":{"coordinates":[-80.07277,26.43012],"type":"Point"},"properties":{"kind":"stop","name":"FEDERAL HWY at LEMAT AVE","stop_id":"222"},"type":"Feature"},{"geometry":{"coordinates":[-80.10139,26.82351],"type":"Point"},"properties":{"kind":"stop","name":"HOLLY DR at GARDENIA DR","stop_id":"2220"},"type":"Feature"},{"geometry":{"coordinates":[-80.0749,26.80818],"type":"Point"},"properties":{"kind":"stop","name":"NORTHLAKE BLVD at BLD2561","stop_id":"2227"},"type":"Feature"},{"geometry":{"coordinates":[-80.10407,26.80876],"type":"Point"},"properties":{"kind":"stop","name":"NORTHLAKE BLVD at GARDENS PLZ  E ENT","stop_id":"2229"},"type":"Feature"},{"geometry":{"coordinates":[-80.10239,26.8087],"type":"Point"},"properties":{"kind":"stop","name":"NORTHLAKE BLVD at DANIA DR","stop_id":"2230"},"type":"Feature"},{"geometry":{"coordinates":[-80.09382,26.80848],"type":"Point"},"properties":{"kind":"stop","name":"NORTHLAKE BLVD at SANDTREE DR","stop_id":"2231"},"type":"Feature"},{"geometry":{"coordinates":[-80.09129,26.80837],"type":"Point"},"properties":{"kind":"stop","name":"NORTHLAKE BLVD at LYNDALL LN","stop_id":"2232"},"type":"Feature"},{"geometry":{"coordinates":[-80.08722,26.8082],"type":"Point"},"properties":{"kind":"stop","name":"NORTHLAKE BLVD at MC ARTHUR BLVD","stop_id":"2234"},"type":"Feature"},{"geometry":{"coordinates":[-80.07827,26.80691],"type":"Point"},"properties":{"kind":"stop","name":"OLD DIXIE HWY at NORTHLAKE BLVD","stop_id":"2235"},"type":"Feature"},{"geometry":{"coordinates":[-80.07986,26.80806],"type":"Point"},"properties":{"kind":"stop","name":"NORTHLAKE BLVD at MT HOLLY DR","stop_id":"2236"},"type":"Feature"},{"geometry":{"coordinates":[-80.07622,26.80797],"type":"Point"},"properties":{"kind":"stop","name":"NORTHLAKE BLVD at 10TH ST","stop_id":"2237"},"type":"Feature"},{"geometry":{"coordinates":[-80.07338,26.42601],"type":"Point"},"properties":{"kind":"stop","name":"FEDERAL HWY at LINDELL BLVD","stop_id":"224"},"type":"Feature"},{"geometry":{"coordinates":[-80.0725,26.79794],"type":"Point"},"properties":{"kind":"stop","name":"10TH ST at FORESTERIA DR","stop_id":"2241"},"type":"Feature"},{"geometry":{"coordinates":[-80.07124,26.79498],"type":"Point"},"properties":{"kind":"stop","name":"10TH ST at CYPRESS DR","stop_id":"2243"},"type":"Feature"},{"geometry":{"coordinates":[-80.07694,26.80144],"type":"Point"},"properties":{"kind":"stop","name":"OLD DIXIE HWY at WATERTOWER RD","stop_id":"2244"},"type":"Feature"},{"geometry":{"coordinates":[-80.07449,26.41979],"type":"Point"},"properties":{"kind":"stop","name":"FEDERAL HWY at EDDY ST","stop_id":"225"},"type":"Feature"},{"geometry":{"coordinates":[-80.06463,26.78347],"type":"Point"},"properties":{"kind":"stop","name":"BLUE HERON  BLVD at AV H ST W","stop_id":"2254"},"type":"Feature"},{"geometry":{"coordinates":[-80.06791,26.78186],"type":"Point"},"properties":{"kind":"stop","name":"BLUE HERON  BLVD at B. OBAMA HWY","stop_id":"2255"},"type":"Feature"},{"geometry":{"coordinates":[-80.07066,26.78009],"type":"Point"},"properties":{"kind":"stop","name":"AUSTRALIAN  AVE at BLUE HERON  BLVD","stop_id":"2256"},"type":"Feature"},{"geometry":{"coordinates":[-80.07077,26.77749],"type":"Point"},"properties":{"kind":"stop","name":"AUSTRALIAN  AVE at 17TH ST","stop_id":"2258"},"type":"Feature"},{"geometry":{"coordinates":[-80.07083,26.77548],"type":"Point"},"properties":{"kind":"stop","name":"AUSTRALIAN  AVE at W 15TH ST","stop_id":"2259"},"type":"Feature"},{"geometry":{"coordinates":[-80.07499,26.41735],"type":"Point"},"properties":{"kind":"stop","name":"FEDERAL HWY at HIDDEN VALLEY","stop_id":"226"},"type":"Feature"},{"geometry":{"coordinates":[-80.0755,26.41487],"type":"Point"},"properties":{"kind":"stop","name":"FEDERAL HWY at NE 74TH ST","stop_id":"227"},"type":"Feature"},{"geometry":{"coordinates":[-80.07153,26.75309],"type":"Point"},"properties":{"kind":"stop","name":"45TH ST at  AUSTRALIAN AVE","stop_id":"2271"},"type":"Feature"},{"geometry":{"coordinates":[-80.06925,26.75227],"type":"Point"},"properties":{"kind":"stop","name":"45TH ST at  PBC HOME HEALTH CTR","stop_id":"2272"},"type":"Feature"},{"geometry":{"coordinates":[-80.06717,26.75308],"type":"Point"},"properties":{"kind":"stop","name":"45TH ST at  BLD1000 M ENT","stop_id":"2273"},"type":"Feature"},{"geometry":{"coordinates":[-80.06652,26.75332],"type":"Point"},"properties":{"kind":"stop","name":"45TH ST at BLD1041 M ENT","stop_id":"2275"},"type":"Feature"},{"geometry":{"coordinates":[-80.07085,26.75337],"type":"Point"},"properties":{"kind":"stop","name":"45TH ST at PBC HM HLTH CTR ENT","stop_id":"2276"},"type":"Feature"},{"geometry":{"coordinates":[-80.07621,26.41142],"type":"Point"},"properties":{"kind":"stop","name":"FEDERAL HWY at NE 70TH ST","stop_id":"228"},"type":"Feature"},{"geometry":{"coordinates":[-80.07057,26.77545],"type":"Point"},"properties":{"kind":"stop","name":"AUSTRALIAN  AVE at W 15TH ST","stop_id":"2287"},"type":"Feature"},{"geometry":{"coordinates":[-80.07052,26.7778],"type":"Point"},"properties":{"kind":"stop","name":"AUSTRALIAN  AVE at 17TH ST","stop_id":"2288"},"type":"Feature"},{"geometry":{"coordinates":[-80.0764,26.40911],"type":"Point"},"properties":{"kind":"stop","name":"FEDERAL HWY at BERKLEY ST","stop_id":"229"},"type":"Feature"},{"geometry":{"coordinates":[-80.07015,26.78079],"type":"Point"},"properties":{"kind":"stop","name":"BLUE HERON  BLVD at AUSTRALIAN AVE","stop_id":"2290"},"type":"Feature"},{"geometry":{"coordinates":[-80.07041,26.78023],"type":"Point"},"properties":{"kind":"stop","name":"AUSTRALIAN AVE at BLUE HERON BLVD","stop_id":"2291"},"type":"Feature"},{"geometry":{"coordinates":[-80.06412,26.78335],"type":"Point"},"properties":{"kind":"stop","name":"BLUE HERON  BLVD at AV H ST W","stop_id":"2292"},"type":"Feature"},{"geometry":{"coordinates":[-80.07639,26.40476],"type":"Point"},"properties":{"kind":"stop","name":"FEDERAL HWY at GLOUCHESTER ST","stop_id":"230"},"type":"Feature"},{"geometry":{"coordinates":[-80.10386,26.80907],"type":"Point"},"properties":{"kind":"stop","name":"NORTHLAKE BLVD at BLDG 4301 W ENT","stop_id":"2303"},"type":"Feature"},{"geometry":{"coordinates":[-80.07998,26.80835],"type":"Point"},"properties":{"kind":"stop","name":"NORTHLAKE BLVD at MT HOLLY","stop_id":"2307"},"type":"Feature"},{"geometry":{"coordinates":[-80.085,26.80852],"type":"Point"},"properties":{"kind":"stop","name":"NORTHLAKE BLVD at CONGRESS AVE","stop_id":"2308"},"type":"Feature"},{"geometry":{"coordinates":[-80.0884,26.80862],"type":"Point"},"properties":{"kind":"stop","name":"NORTHLAKE BLVD at MC ARTHUR BLVD","stop_id":"2309"},"type":"Feature"},{"geometry":{"coordinates":[-80.09201,26.80875],"type":"Point"},"properties":{"kind":"stop","name":"NORTHLAKE BLVD at SILVERTHORNE DR","stop_id":"2310"},"type":"Feature"},{"geometry":{"coordinates":[-80.09373,26.80881],"type":"Point"},"properties":{"kind":"stop","name":"NORTHLAKE BLVD at SUNRISE DR","stop_id":"2311"},"type":"Feature"},{"geometry":{"coordinates":[-80.10181,26.80899],"type":"Point"},"properties":{"kind":"stop","name":"NORTHLAKE BLVD at  KEATING DR","stop_id":"2312"},"type":"Feature"},{"geometry":{"coordinates":[-80.10078,26.82335],"type":"Point"},"properties":{"kind":"stop","name":"HOLLY DR at GARDENIA DR","stop_id":"2314"},"type":"Feature"},{"geometry":{"coordinates":[-80.09515,26.82319],"type":"Point"},"properties":{"kind":"stop","name":"HOLLY DR at DAHLIA AVE","stop_id":"2316"},"type":"Feature"},{"geometry":{"coordinates":[-80.07638,26.40059],"type":"Point"},"properties":{"kind":"stop","name":"FEDERAL HWY at KINGSBRIDGE ST","stop_id":"232"},"type":"Feature"},{"geometry":{"coordinates":[-80.10564,26.82334],"type":"Point"},"properties":{"kind":"stop","name":"MILITARY TRL at HOLLY DR","stop_id":"2321"},"type":"Feature"},{"geometry":{"coordinates":[-80.08195,26.81968],"type":"Point"},"properties":{"kind":"stop","name":"GARDENS E at LIGHTHOUSE DR","stop_id":"2325"},"type":"Feature"},{"geometry":{"coordinates":[-80.08206,26.82253],"type":"Point"},"properties":{"kind":"stop","name":"GARDENS E at MERIDIAN WAY","stop_id":"2326"},"type":"Feature"},{"geometry":{"coordinates":[-80.08383,26.82371],"type":"Point"},"properties":{"kind":"stop","name":"GARDENS E DR at BLD 3157","stop_id":"2327"},"type":"Feature"},{"geometry":{"coordinates":[-80.0856,26.82456],"type":"Point"},"properties":{"kind":"stop","name":"GARDEN E at BLD 3213","stop_id":"2328"},"type":"Feature"},{"geometry":{"coordinates":[-80.08666,26.82578],"type":"Point"},"properties":{"kind":"stop","name":"GARDENS E at SANDALWOOD DR","stop_id":"2329"},"type":"Feature"},{"geometry":{"coordinates":[-80.07675,26.39408],"type":"Point"},"properties":{"kind":"stop","name":"FEDERAL HWY at YAMATO","stop_id":"233"},"type":"Feature"},{"geometry":{"coordinates":[-80.08778,26.82967],"type":"Point"},"properties":{"kind":"stop","name":"GARDENS E at PBG HOSP/BURNS RD","stop_id":"2330"},"type":"Feature"},{"geometry":{"coordinates":[-80.0828,26.83816],"type":"Point"},"properties":{"kind":"stop","name":"CAMPUS DR at RCA BLVD","stop_id":"2333"},"type":"Feature"},{"geometry":{"coordinates":[-80.08271,26.84094],"type":"Point"},"properties":{"kind":"stop","name":"CAMPUS DR at FAIRCHILD AVE","stop_id":"2334"},"type":"Feature"},{"geometry":{"coordinates":[-80.0826,26.84357],"type":"Point"},"properties":{"kind":"stop","name":"CAMPUS DR at  N CNTY CH 2ND ENT","stop_id":"2335"},"type":"Feature"},{"geometry":{"coordinates":[-80.08484,26.79358],"type":"Point"},"properties":{"kind":"stop","name":"SILVER BCH RD at CONGRESS AVE","stop_id":"2341"},"type":"Feature"},{"geometry":{"coordinates":[-80.08525,26.79796],"type":"Point"},"properties":{"kind":"stop","name":"CONGRESS AVE at VENETO DR","stop_id":"2344"},"type":"Feature"},{"geometry":{"coordinates":[-80.07195,26.79707],"type":"Point"},"properties":{"kind":"stop","name":"10TH ST at EVERGREEN DR","stop_id":"2345"},"type":"Feature"},{"geometry":{"coordinates":[-80.07672,26.39243],"type":"Point"},"properties":{"kind":"stop","name":"FEDERAL HWY at NE 48TH ST","stop_id":"235"},"type":"Feature"},{"geometry":{"coordinates":[-80.083,26.83739],"type":"Point"},"properties":{"kind":"stop","name":"GARDENS E DR at RCA BLVD","stop_id":"2350"},"type":"Feature"},{"geometry":{"coordinates":[-80.08539,26.83334],"type":"Point"},"properties":{"kind":"stop","name":"GARDENS E DR ACROSS FROM OAKS PARK","stop_id":"2351"},"type":"Feature"},{"geometry":{"coordinates":[-80.0867,26.83312],"type":"Point"},"properties":{"kind":"stop","name":"GARDENS E DR at OAKS PARK","stop_id":"2357"},"type":"Feature"},{"geometry":{"coordinates":[-80.0824,26.8344],"type":"Point"},"properties":{"kind":"stop","name":"GARDENS E DR at TALL OAKS DR","stop_id":"2358"},"type":"Feature"},{"geometry":{"coordinates":[-80.07671,26.39046],"type":"Point"},"properties":{"kind":"stop","name":"FEDERAL HWY at NE 46TH ST","stop_id":"236"},"type":"Feature"},{"geometry":{"coordinates":[-80.07669,26.38896],"type":"Point"},"properties":{"kind":"stop","name":"FEDERAL HWY at NE 44TH ST","stop_id":"237"},"type":"Feature"},{"geometry":{"coordinates":[-80.07664,26.38506],"type":"Point"},"properties":{"kind":"stop","name":"FEDERAL HWY at SPANISH RIVER BLVD","stop_id":"239"},"type":"Feature"},{"geometry":{"coordinates":[-80.07659,26.37946],"type":"Point"},"properties":{"kind":"stop","name":"FEDERAL HWY at NE 32ND ST","stop_id":"241"},"type":"Feature"},{"geometry":{"coordinates":[-80.07653,26.37574],"type":"Point"},"properties":{"kind":"stop","name":"FEDERAL HWY at NE 28TH ST","stop_id":"242"},"type":"Feature"},{"geometry":{"coordinates":[-80.07667,26.37261],"type":"Point"},"properties":{"kind":"stop","name":"FEDERAL HWY at NE 25TH TER","stop_id":"243"},"type":"Feature"},{"geometry":{"coordinates":[-80.07834,26.36753],"type":"Point"},"properties":{"kind":"stop","name":"FEDERAL HWY at NE 20TH ST","stop_id":"245"},"type":"Feature"},{"geometry":{"coordinates":[-80.08118,26.36351],"type":"Point"},"properties":{"kind":"stop","name":"FEDERAL HWY at NE 14TH ST","stop_id":"246"},"type":"Feature"},{"geometry":{"coordinates":[-80.08806,26.34071],"type":"Point"},"properties":{"kind":"stop","name":"E CAMINO REAL at DIXIE HWY","stop_id":"251"},"type":"Feature"},{"geometry":{"coordinates":[-80.07313,26.80782],"type":"Point"},"properties":{"kind":"stop","name":"NORTHLAKE BLVD at  PROSPERITY FARMS","stop_id":"2513"},"type":"Feature"},{"geometry":{"coordinates":[-80.0686,26.8077],"type":"Point"},"properties":{"kind":"stop","name":"NORTHLAKE BLVD at FLAGLER BLVD","stop_id":"2515"},"type":"Feature"},{"geometry":{"coordinates":[-80.06467,26.80756],"type":"Point"},"properties":{"kind":"stop","name":"NORTHLAKE BLVD at  JASMINE DR","stop_id":"2516"},"type":"Feature"},{"geometry":{"coordinates":[-80.06146,26.80723],"type":"Point"},"properties":{"kind":"stop","name":"NORTHLAKE BLVD at  CRESCENT DR","stop_id":"2517"},"type":"Feature"},{"geometry":{"coordinates":[-80.05776,26.80723],"type":"Point"},"properties":{"kind":"stop","name":"NORTHLAKE BLVD at SHOP PLZ ENT","stop_id":"2518"},"type":"Feature"},{"geometry":{"coordinates":[-80.05654,26.79833],"type":"Point"},"properties":{"kind":"stop","name":"PARK AVE at 2ND ST","stop_id":"2519"},"type":"Feature"},{"geometry":{"coordinates":[-80.08604,26.35645],"type":"Point"},"properties":{"kind":"stop","name":"FEDERAL HWY at  NE 5TH ST","stop_id":"252"},"type":"Feature"},{"geometry":{"coordinates":[-80.06029,26.79847],"type":"Point"},"properties":{"kind":"stop","name":"PARK AVE at 4TH ST","stop_id":"2520"},"type":"Feature"},{"geometry":{"coordinates":[-80.06952,26.79877],"type":"Point"},"properties":{"kind":"stop","name":"PARK AVE at 8TH ST","stop_id":"2522"},"type":"Feature"},{"geometry":{"coordinates":[-80.07107,26.79884],"type":"Point"},"properties":{"kind":"stop","name":"PARK AVE at 9TH ST","stop_id":"2523"},"type":"Feature"},{"geometry":{"coordinates":[-80.07051,26.79321],"type":"Point"},"properties":{"kind":"stop","name":"10TH ST at SILVER BCH RD","stop_id":"2524"},"type":"Feature"},{"geometry":{"coordinates":[-80.08064,26.7935],"type":"Point"},"properties":{"kind":"stop","name":"SILVER BEACH RD at AVE S","stop_id":"2529"},"type":"Feature"},{"geometry":{"coordinates":[-80.08387,26.35957],"type":"Point"},"properties":{"kind":"stop","name":"FEDERAL HWY at NE 10TH ST","stop_id":"253"},"type":"Feature"},{"geometry":{"coordinates":[-80.08052,26.79129],"type":"Point"},"properties":{"kind":"stop","name":"AVE S at 35TH ST","stop_id":"2530"},"type":"Feature"},{"geometry":{"coordinates":[-80.0806,26.78921],"type":"Point"},"properties":{"kind":"stop","name":"AVE S at 33RD ST","stop_id":"2531"},"type":"Feature"},{"geometry":{"coordinates":[-80.0807,26.78748],"type":"Point"},"properties":{"kind":"stop","name":"AVE S at 30TH ST","stop_id":"2532"},"type":"Feature"},{"geometry":{"coordinates":[-80.0807,26.78601],"type":"Point"},"properties":{"kind":"stop","name":"AVE S at 28TH ST","stop_id":"2533"},"type":"Feature"},{"geometry":{"coordinates":[-80.08078,26.7831],"type":"Point"},"properties":{"kind":"stop","name":"AVE S at 26TH ST","stop_id":"2534"},"type":"Feature"},{"geometry":{"coordinates":[-80.08131,26.36292],"type":"Point"},"properties":{"kind":"stop","name":"FEDERAL HWY at 14TH ST","stop_id":"254"},"type":"Feature"},{"geometry":{"coordinates":[-80.07996,26.76962],"type":"Point"},"properties":{"kind":"stop","name":"MLK BLVD at AVE S","stop_id":"2544"},"type":"Feature"},{"geometry":{"coordinates":[-80.07619,26.76953],"type":"Point"},"properties":{"kind":"stop","name":"MLK BLVD at  AV P ST","stop_id":"2545"},"type":"Feature"},{"geometry":{"coordinates":[-80.07073,26.7693],"type":"Point"},"properties":{"kind":"stop","name":"MLK BLVD at  AUSTRALIAN AVE","stop_id":"2547"},"type":"Feature"},{"geometry":{"coordinates":[-80.06768,26.76917],"type":"Point"},"properties":{"kind":"stop","name":"MLK BLVD at AVE J ST","stop_id":"2548"},"type":"Feature"},{"geometry":{"coordinates":[-80.079,26.36595],"type":"Point"},"properties":{"kind":"stop","name":"FEDERAL HWY at ENT TO PETSUPMARKET","stop_id":"255"},"type":"Feature"},{"geometry":{"coordinates":[-80.08329,26.77019],"type":"Point"},"properties":{"kind":"stop","name":"AVENUE U at MLK BLVD","stop_id":"2550"},"type":"Feature"},{"geometry":{"coordinates":[-80.0831,26.77412],"type":"Point"},"properties":{"kind":"stop","name":"AVENUE U at W 13TH ST","stop_id":"2551"},"type":"Feature"},{"geometry":{"coordinates":[-80.05448,26.78335],"type":"Point"},"properties":{"kind":"stop","name":"BLUE HERON  BLVD at BROADWAY","stop_id":"2552"},"type":"Feature"},{"geometry":{"coordinates":[-80.05047,26.78317],"type":"Point"},"properties":{"kind":"stop","name":"BLUE HERON  BLVD at AVENUE A","stop_id":"2553"},"type":"Feature"},{"geometry":{"coordinates":[-80.08324,26.77339],"type":"Point"},"properties":{"kind":"stop","name":"AVE U at W 12TH ST","stop_id":"2554"},"type":"Feature"},{"geometry":{"coordinates":[-80.0386,26.78353],"type":"Point"},"properties":{"kind":"stop","name":"BLUE HERON  BLVD at LAKE DR","stop_id":"2555"},"type":"Feature"},{"geometry":{"coordinates":[-80.03725,26.78355],"type":"Point"},"properties":{"kind":"stop","name":"BLUE HERON BLVD at PARK AVE","stop_id":"2556"},"type":"Feature"},{"geometry":{"coordinates":[-80.07112,26.77385],"type":"Point"},"properties":{"kind":"stop","name":"W 13TH ST at AUSTRALIAN AVE","stop_id":"2557"},"type":"Feature"},{"geometry":{"coordinates":[-80.07907,26.77404],"type":"Point"},"properties":{"kind":"stop","name":"W 13TH ST at AVE R","stop_id":"2559"},"type":"Feature"},{"geometry":{"coordinates":[-80.05528,26.70581],"type":"Point"},"properties":{"kind":"stop","name":"QUADRILLE BLVD at  OKEECHOBEE BLVD E","stop_id":"256"},"type":"Feature"},{"geometry":{"coordinates":[-80.07908,26.77399],"type":"Point"},"properties":{"kind":"stop","name":"W 13TH ST at AVE R ST","stop_id":"2560"},"type":"Feature"},{"geometry":{"coordinates":[-80.07338,26.77383],"type":"Point"},"properties":{"kind":"stop","name":"W 13TH ST at 1400 BLOCK","stop_id":"2561"},"type":"Feature"},{"geometry":{"coordinates":[-80.03894,26.78332],"type":"Point"},"properties":{"kind":"stop","name":"LAKE DR at BLUE HERON  BLVD","stop_id":"2569"},"type":"Feature"},{"geometry":{"coordinates":[-80.07711,26.36947],"type":"Point"},"properties":{"kind":"stop","name":"FEDERAL HWY at NE 20TH ST","stop_id":"257"},"type":"Feature"},{"geometry":{"coordinates":[-80.0412,26.78366],"type":"Point"},"properties":{"kind":"stop","name":"BLUE HERON  BLVD at PHIL FOSTER PK","stop_id":"2570"},"type":"Feature"},{"geometry":{"coordinates":[-80.05046,26.78354],"type":"Point"},"properties":{"kind":"stop","name":"BLUE HERON  BLVD at AV A ST","stop_id":"2571"},"type":"Feature"},{"geometry":{"coordinates":[-80.06218,26.76935],"type":"Point"},"properties":{"kind":"stop","name":"MLK BLVD at B. OBAMA HWY","stop_id":"2573"},"type":"Feature"},{"geometry":{"coordinates":[-80.06544,26.7694],"type":"Point"},"properties":{"kind":"stop","name":"MLK BLVD at AV I ST","stop_id":"2575"},"type":"Feature"},{"geometry":{"coordinates":[-80.06844,26.76954],"type":"Point"},"properties":{"kind":"stop","name":"MLK BLVD at AV K ST","stop_id":"2576"},"type":"Feature"},{"geometry":{"coordinates":[-80.07186,26.76958],"type":"Point"},"properties":{"kind":"stop","name":"MLK BLVD at  AUSTRALIAN AVE","stop_id":"2577"},"type":"Feature"},{"geometry":{"coordinates":[-80.07611,26.76979],"type":"Point"},"properties":{"kind":"stop","name":"MLK BLVD at  AV P ST","stop_id":"2579"},"type":"Feature"},{"geometry":{"coordinates":[-80.07644,26.37185],"type":"Point"},"properties":{"kind":"stop","name":"FEDERAL HWY at NE 24TH ST","stop_id":"258"},"type":"Feature"},{"geometry":{"coordinates":[-80.08094,26.76988],"type":"Point"},"properties":{"kind":"stop","name":"MLK BLVD at AV S ST","stop_id":"2580"},"type":"Feature"},{"geometry":{"coordinates":[-80.08298,26.76972],"type":"Point"},"properties":{"kind":"stop","name":"MLK BLVD at AVE U","stop_id":"2581"},"type":"Feature"},{"geometry":{"coordinates":[-80.08065,26.78255],"type":"Point"},"properties":{"kind":"stop","name":"AV S ST at 24TH CT","stop_id":"2589"},"type":"Feature"},{"geometry":{"coordinates":[-80.08059,26.78593],"type":"Point"},"properties":{"kind":"stop","name":"AV S ST at W 28TH ST","stop_id":"2591"},"type":"Feature"},{"geometry":{"coordinates":[-80.08055,26.7873],"type":"Point"},"properties":{"kind":"stop","name":"AV S ST at W 30TH ST","stop_id":"2592"},"type":"Feature"},{"geometry":{"coordinates":[-80.08049,26.78904],"type":"Point"},"properties":{"kind":"stop","name":"AV S ST at W 32ND ST","stop_id":"2593"},"type":"Feature"},{"geometry":{"coordinates":[-80.08042,26.7913],"type":"Point"},"properties":{"kind":"stop","name":"AV S ST at W 35TH ST","stop_id":"2594"},"type":"Feature"},{"geometry":{"coordinates":[-80.08037,26.79328],"type":"Point"},"properties":{"kind":"stop","name":"AV S ST at SILVER BCH RD","stop_id":"2595"},"type":"Feature"},{"geometry":{"coordinates":[-80.07625,26.37596],"type":"Point"},"properties":{"kind":"stop","name":"FEDERAL HWY at 28TH PL","stop_id":"260"},"type":"Feature"},{"geometry":{"coordinates":[-80.07079,26.79414],"type":"Point"},"properties":{"kind":"stop","name":"10TH ST at BAYBERRY DR","stop_id":"2600"},"type":"Feature"},{"geometry":{"coordinates":[-80.07249,26.79872],"type":"Point"},"properties":{"kind":"stop","name":"10TH ST at PARK AVE","stop_id":"2602"},"type":"Feature"},{"geometry":{"coordinates":[-80.0715,26.79874],"type":"Point"},"properties":{"kind":"stop","name":"PARK AVE at 9TH ST","stop_id":"2603"},"type":"Feature"},{"geometry":{"coordinates":[-80.06946,26.79868],"type":"Point"},"properties":{"kind":"stop","name":"PARK AVE at 8TH ST","stop_id":"2604"},"type":"Feature"},{"geometry":{"coordinates":[-80.06445,26.79846],"type":"Point"},"properties":{"kind":"stop","name":"PARK AVE at 6TH ST","stop_id":"2605"},"type":"Feature"},{"geometry":{"coordinates":[-80.06024,26.79831],"type":"Point"},"properties":{"kind":"stop","name":"PARK AVE at 4TH ST","stop_id":"2606"},"type":"Feature"},{"geometry":{"coordinates":[-80.05654,26.79818],"type":"Point"},"properties":{"kind":"stop","name":"PARK AVE at 2ND ST","stop_id":"2607"},"type":"Feature"},{"geometry":{"coordinates":[-80.06736,26.79857],"type":"Point"},"properties":{"kind":"stop","name":"PARK AVE at 7 TH ST","stop_id":"2608"},"type":"Feature"},{"geometry":{"coordinates":[-80.06146,26.80754],"type":"Point"},"properties":{"kind":"stop","name":"NORTHLAKE BLVD at CRECENT DR","stop_id":"2609"},"type":"Feature"},{"geometry":{"coordinates":[-80.07627,26.38033],"type":"Point"},"properties":{"kind":"stop","name":"FEDERAL HWY at NE 32ND ST","stop_id":"261"},"type":"Feature"},{"geometry":{"coordinates":[-80.0648,26.80788],"type":"Point"},"properties":{"kind":"stop","name":"NORTHLAKE BLVD at SOUTHWINDS DR","stop_id":"2610"},"type":"Feature"},{"geometry":{"coordinates":[-80.06962,26.80802],"type":"Point"},"properties":{"kind":"stop","name":"NORTHLAKE BLVD at FLAGLER BLVD","stop_id":"2611"},"type":"Feature"},{"geometry":{"coordinates":[-80.07347,26.80814],"type":"Point"},"properties":{"kind":"stop","name":"NORTHLAKE BLVD at PROSPERITY FARMS","stop_id":"2613"},"type":"Feature"},{"geometry":{"coordinates":[-80.07635,26.38401],"type":"Point"},"properties":{"kind":"stop","name":"FEDERAL HWY at NE 37TH ST","stop_id":"262"},"type":"Feature"},{"geometry":{"coordinates":[-80.07631,26.38646],"type":"Point"},"properties":{"kind":"stop","name":"FEDERAL HWY at SPANISH RIVER BLVD","stop_id":"263"},"type":"Feature"},{"geometry":{"coordinates":[-80.0706,26.79161],"type":"Point"},"properties":{"kind":"stop","name":"B. OBAMA HWY at  W 36TH ST","stop_id":"2630"},"type":"Feature"},{"geometry":{"coordinates":[-80.06733,26.79872],"type":"Point"},"properties":{"kind":"stop","name":"PARK AVE at 7TH ST","stop_id":"2635"},"type":"Feature"},{"geometry":{"coordinates":[-80.06043,26.75627],"type":"Point"},"properties":{"kind":"stop","name":"OLD DIXIE HWY at 49 TH ST","stop_id":"2639"},"type":"Feature"},{"geometry":{"coordinates":[-80.06011,26.75943],"type":"Point"},"properties":{"kind":"stop","name":"OLD DIXIE HWY at 54TH ST","stop_id":"2640"},"type":"Feature"},{"geometry":{"coordinates":[-80.05984,26.76433],"type":"Point"},"properties":{"kind":"stop","name":"B. OBAMA HWY at 1ST ST W","stop_id":"2642"},"type":"Feature"},{"geometry":{"coordinates":[-80.0602,26.76641],"type":"Point"},"properties":{"kind":"stop","name":"B. OBAMA HWY at 4TH ST W","stop_id":"2643"},"type":"Feature"},{"geometry":{"coordinates":[-80.06099,26.76795],"type":"Point"},"properties":{"kind":"stop","name":"B. OBAMA HWY at 6TH ST W","stop_id":"2646"},"type":"Feature"},{"geometry":{"coordinates":[-80.06034,26.76611],"type":"Point"},"properties":{"kind":"stop","name":"B. OBAMA HWY at 4TH ST W","stop_id":"2647"},"type":"Feature"},{"geometry":{"coordinates":[-80.06003,26.76411],"type":"Point"},"properties":{"kind":"stop","name":"B. OBAMA HWY at 1ST ST W","stop_id":"2648"},"type":"Feature"},{"geometry":{"coordinates":[-80.0604,26.75876],"type":"Point"},"properties":{"kind":"stop","name":"OLD DIXIE HWY at CHILD DEVELOPMENT","stop_id":"2649"},"type":"Feature"},{"geometry":{"coordinates":[-80.0764,26.38964],"type":"Point"},"properties":{"kind":"stop","name":"FEDERAL HWY at NE 44TH ST","stop_id":"265"},"type":"Feature"},{"geometry":{"coordinates":[-80.0607,26.75581],"type":"Point"},"properties":{"kind":"stop","name":"OLD DIXIE HWY at ST MARYS EMERGENCY","stop_id":"2650"},"type":"Feature"},{"geometry":{"coordinates":[-80.07643,26.39236],"type":"Point"},"properties":{"kind":"stop","name":"FEDERAL HWY at NE 48TH ST","stop_id":"267"},"type":"Feature"},{"geometry":{"coordinates":[-80.0764,26.3944],"type":"Point"},"properties":{"kind":"stop","name":"FEDERAL HWY at YAMATO","stop_id":"269"},"type":"Feature"},{"geometry":{"coordinates":[-80.07606,26.39863],"type":"Point"},"properties":{"kind":"stop","name":"FEDERAL HWY at NEWCASTLE","stop_id":"270"},"type":"Feature"},{"geometry":{"coordinates":[-80.07607,26.40065],"type":"Point"},"properties":{"kind":"stop","name":"FEDERAL HWY at KINGSBRIDGE ST","stop_id":"271"},"type":"Feature"},{"geometry":{"coordinates":[-80.0761,26.40544],"type":"Point"},"properties":{"kind":"stop","name":"FEDERAL HWY at FORSYTH ST","stop_id":"274"},"type":"Feature"},{"geometry":{"coordinates":[-80.07607,26.40959],"type":"Point"},"properties":{"kind":"stop","name":"FEDERAL HWY at BERKLEY ST","stop_id":"276"},"type":"Feature"},{"geometry":{"coordinates":[-80.07565,26.41259],"type":"Point"},"properties":{"kind":"stop","name":"FEDERAL HWY at NE 70TH ST","stop_id":"277"},"type":"Feature"},{"geometry":{"coordinates":[-80.07504,26.41545],"type":"Point"},"properties":{"kind":"stop","name":"FEDERAL HWY at NE 74TH ST","stop_id":"278"},"type":"Feature"},{"geometry":{"coordinates":[-80.07448,26.4185],"type":"Point"},"properties":{"kind":"stop","name":"FEDERAL HWY at HIDDEN VALLEY","stop_id":"279"},"type":"Feature"},{"geometry":{"coordinates":[-80.07407,26.42031],"type":"Point"},"properties":{"kind":"stop","name":"FEDERAL HWY at BAILEY ST","stop_id":"280"},"type":"Feature"},{"geometry":{"coordinates":[-80.10661,26.78335],"type":"Point"},"properties":{"kind":"stop","name":"BLUE HERON  BLVD at MILITARY TRL","stop_id":"2800"},"type":"Feature"},{"geometry":{"coordinates":[-80.10336,26.78324],"type":"Point"},"properties":{"kind":"stop","name":"BLUE HERON BLVD at PALM LAKES ESTA","stop_id":"2801"},"type":"Feature"},{"geometry":{"coordinates":[-80.07317,26.42557],"type":"Point"},"properties":{"kind":"stop","name":"FEDERAL HWY at LINDELL BLVD","stop_id":"281"},"type":"Feature"},{"geometry":{"coordinates":[-80.05374,26.78351],"type":"Point"},"properties":{"kind":"stop","name":"BLUE HERON  BLVD at BROADWAY","stop_id":"2812"},"type":"Feature"},{"geometry":{"coordinates":[-80.07249,26.42983],"type":"Point"},"properties":{"kind":"stop","name":"FEDERAL HWY at LEMAT AVE","stop_id":"282"},"type":"Feature"},{"geometry":{"coordinates":[-80.09023,26.78279],"type":"Point"},"properties":{"kind":"stop","name":"BLUE HERON  BLVD at CONGRESS PK ENT","stop_id":"2821"},"type":"Feature"},{"geometry":{"coordinates":[-80.08685,26.78189],"type":"Point"},"properties":{"kind":"stop","name":"BLUE HERON  BLVD at CONGRESS AVE","stop_id":"2822"},"type":"Feature"},{"geometry":{"coordinates":[-80.0846,26.78123],"type":"Point"},"properties":{"kind":"stop","name":"BLUE HERON  BLVD at BLD1805","stop_id":"2823"},"type":"Feature"},{"geometry":{"coordinates":[-80.08009,26.781],"type":"Point"},"properties":{"kind":"stop","name":"BLUE HERON  BLVD at  AV S ST","stop_id":"2824"},"type":"Feature"},{"geometry":{"coordinates":[-80.07517,26.78077],"type":"Point"},"properties":{"kind":"stop","name":"BLUE HERON  BLVD at GLEN PK IND ENT","stop_id":"2825"},"type":"Feature"},{"geometry":{"coordinates":[-80.07315,26.78068],"type":"Point"},"properties":{"kind":"stop","name":"BLUE HERON  BLVD at  AV O ST","stop_id":"2826"},"type":"Feature"},{"geometry":{"coordinates":[-80.06258,26.78348],"type":"Point"},"properties":{"kind":"stop","name":"BLUE HERON  BLVD at AV H ST E","stop_id":"2827"},"type":"Feature"},{"geometry":{"coordinates":[-80.05814,26.78344],"type":"Point"},"properties":{"kind":"stop","name":"BLUE HERON  BLVD at AV F ST","stop_id":"2828"},"type":"Feature"},{"geometry":{"coordinates":[-80.05632,26.78334],"type":"Point"},"properties":{"kind":"stop","name":"BLUE HERON  BLVD at AV E ST","stop_id":"2829"},"type":"Feature"},{"geometry":{"coordinates":[-80.03387,26.78082],"type":"Point"},"properties":{"kind":"stop","name":"OCEAN AVE at SANDAL","stop_id":"2832"},"type":"Feature"},{"geometry":{"coordinates":[-80.03366,26.77857],"type":"Point"},"properties":{"kind":"stop","name":"OCEAN AVE at EDWARDS","stop_id":"2833"},"type":"Feature"},{"geometry":{"coordinates":[-80.03704,26.77468],"type":"Point"},"properties":{"kind":"stop","name":"INLET at BLD0311","stop_id":"2837"},"type":"Feature"},{"geometry":{"coordinates":[-80.03888,26.77685],"type":"Point"},"properties":{"kind":"stop","name":"LAKE DR at CLAREMONT LN","stop_id":"2839"},"type":"Feature"},{"geometry":{"coordinates":[-80.07195,26.43317],"type":"Point"},"properties":{"kind":"stop","name":"FEDERAL HWY at DELRAY PLZ S ENT","stop_id":"284"},"type":"Feature"},{"geometry":{"coordinates":[-80.0389,26.77994],"type":"Point"},"properties":{"kind":"stop","name":"LAKE DR at BLOSSOM LN","stop_id":"2841"},"type":"Feature"},{"geometry":{"coordinates":[-80.03898,26.78143],"type":"Point"},"properties":{"kind":"stop","name":"LAKE DR at BAMBOO LN","stop_id":"2842"},"type":"Feature"},{"geometry":{"coordinates":[-80.05589,26.78354],"type":"Point"},"properties":{"kind":"stop","name":"BLUE HERON  BLVD at BROADWAY ST","stop_id":"2843"},"type":"Feature"},{"geometry":{"coordinates":[-80.05816,26.7836],"type":"Point"},"properties":{"kind":"stop","name":"BLUE HERON  BLVD at AV F ST","stop_id":"2845"},"type":"Feature"},{"geometry":{"coordinates":[-80.06268,26.78365],"type":"Point"},"properties":{"kind":"stop","name":"BLUE HERON  BLVD at AV H ST E","stop_id":"2846"},"type":"Feature"},{"geometry":{"coordinates":[-80.0703,26.78097],"type":"Point"},"properties":{"kind":"stop","name":"BLUE HERON  BLVD at  AUSTRALIAN AVE","stop_id":"2847"},"type":"Feature"},{"geometry":{"coordinates":[-80.07315,26.78102],"type":"Point"},"properties":{"kind":"stop","name":"BLUE HERON  BLVD at AV O ST","stop_id":"2848"},"type":"Feature"},{"geometry":{"coordinates":[-80.07167,26.43737],"type":"Point"},"properties":{"kind":"stop","name":"FEDERAL HWY at TROPIC BLVD","stop_id":"285"},"type":"Feature"},{"geometry":{"coordinates":[-80.08059,26.7813],"type":"Point"},"properties":{"kind":"stop","name":"BLUE HERON  BLVD at AV S ST","stop_id":"2850"},"type":"Feature"},{"geometry":{"coordinates":[-80.0845,26.78149],"type":"Point"},"properties":{"kind":"stop","name":"BLUE HERON  BLVD at BLD1805","stop_id":"2851"},"type":"Feature"},{"geometry":{"coordinates":[-80.09011,26.78313],"type":"Point"},"properties":{"kind":"stop","name":"BLUE HERON  BLVD at  AV Z ST","stop_id":"2853"},"type":"Feature"},{"geometry":{"coordinates":[-80.07072,26.44024],"type":"Point"},"properties":{"kind":"stop","name":"FEDERAL HWY at LINTON BLVD","stop_id":"286"},"type":"Feature"},{"geometry":{"coordinates":[-80.10411,26.78357],"type":"Point"},"properties":{"kind":"stop","name":"BLUE HERON  BLVD at PALM LK EST","stop_id":"2863"},"type":"Feature"},{"geometry":{"coordinates":[-80.10814,26.78368],"type":"Point"},"properties":{"kind":"stop","name":"BLUE HERON  BLVD at MILITARY TRL","stop_id":"2864"},"type":"Feature"},{"geometry":{"coordinates":[-80.07848,26.78123],"type":"Point"},"properties":{"kind":"stop","name":"BLUE HERON  BLVD at AV R ST","stop_id":"2865"},"type":"Feature"},{"geometry":{"coordinates":[-80.05227,26.78326],"type":"Point"},"properties":{"kind":"stop","name":"BLUE HERON  BLVD at BLD0155","stop_id":"2866"},"type":"Feature"},{"geometry":{"coordinates":[-80.05223,26.78337],"type":"Point"},"properties":{"kind":"stop","name":"BLUE HERON  BLVD at INLET LOUNGE","stop_id":"2867"},"type":"Feature"},{"geometry":{"coordinates":[-80.0681,26.44406],"type":"Point"},"properties":{"kind":"stop","name":"FEDERAL HWY at HARBOURSIDE DR","stop_id":"287"},"type":"Feature"},{"geometry":{"coordinates":[-80.06683,26.44686],"type":"Point"},"properties":{"kind":"stop","name":"SE 6TH AVE at  SE 10TH ST","stop_id":"288"},"type":"Feature"},{"geometry":{"coordinates":[-80.06681,26.44972],"type":"Point"},"properties":{"kind":"stop","name":"SE 6TH AVE at SE 8TH ST","stop_id":"289"},"type":"Feature"},{"geometry":{"coordinates":[-80.06679,26.45231],"type":"Point"},"properties":{"kind":"stop","name":"SE 6TH AVE at SE 6TH ST","stop_id":"290"},"type":"Feature"},{"geometry":{"coordinates":[-80.06677,26.45422],"type":"Point"},"properties":{"kind":"stop","name":"SE 6TH AVE at SE 4TH ST","stop_id":"291"},"type":"Feature"},{"geometry":{"coordinates":[-80.06684,26.45747],"type":"Point"},"properties":{"kind":"stop","name":"SE 6TH AVE at SE 2ND ST","stop_id":"292"},"type":"Feature"},{"geometry":{"coordinates":[-80.06703,26.46616],"type":"Point"},"properties":{"kind":"stop","name":"NE 6TH AVE at NE 2ND ST","stop_id":"293"},"type":"Feature"},{"geometry":{"coordinates":[-80.0671,26.47003],"type":"Point"},"properties":{"kind":"stop","name":"NE 6TH AVE at NE 4TH ST","stop_id":"295"},"type":"Feature"},{"geometry":{"coordinates":[-80.06717,26.47208],"type":"Point"},"properties":{"kind":"stop","name":"NE 6TH AVE at NE 6TH ST","stop_id":"296"},"type":"Feature"},{"geometry":{"coordinates":[-80.06722,26.47518],"type":"Point"},"properties":{"kind":"stop","name":"NE 6TH AVE at GEORGE BUSH BLVD","stop_id":"297"},"type":"Feature"},{"geometry":{"coordinates":[-80.06644,26.47821],"type":"Point"},"properties":{"kind":"stop","name":"FEDERAL HWY at BLD 1235","stop_id":"298"},"type":"Feature"},{"geometry":{"coordinates":[-80.06605,26.48052],"type":"Point"},"properties":{"kind":"stop","name":"FEDERAL HWY at N LAKE AVE","stop_id":"299"},"type":"Feature"},{"geometry":{"coordinates":[-80.06194,26.84429],"type":"Point"},"properties":{"kind":"stop","name":"PGA BLVD at US-1","stop_id":"30"},"type":"Feature"},{"geometry":{"coordinates":[-80.08756,26.78077],"type":"Point"},"properties":{"kind":"stop","name":"CONGRESS AVE at BLUE HERON BLVD","stop_id":"3002"},"type":"Feature"},{"geometry":{"coordinates":[-80.08775,26.77697],"type":"Point"},"properties":{"kind":"stop","name":"CONGRESS AVE at  W 17TH CT","stop_id":"3004"},"type":"Feature"},{"geometry":{"coordinates":[-80.08795,26.77408],"type":"Point"},"properties":{"kind":"stop","name":"CONGRESS AVE at  W 13TH ST","stop_id":"3005"},"type":"Feature"},{"geometry":{"coordinates":[-80.088,26.77142],"type":"Point"},"properties":{"kind":"stop","name":"CONGRESS AVE at W 9TH ST","stop_id":"3006"},"type":"Feature"},{"geometry":{"coordinates":[-80.08586,26.75869],"type":"Point"},"properties":{"kind":"stop","name":"45TH ST at CONGRESS AVE","stop_id":"3008"},"type":"Feature"},{"geometry":{"coordinates":[-80.0836,26.75827],"type":"Point"},"properties":{"kind":"stop","name":"45TH ST at EMBARCADERO","stop_id":"3009"},"type":"Feature"},{"geometry":{"coordinates":[-80.06536,26.48457],"type":"Point"},"properties":{"kind":"stop","name":"FEDERAL HWY at BLD 2004","stop_id":"301"},"type":"Feature"},{"geometry":{"coordinates":[-80.08236,26.75725],"type":"Point"},"properties":{"kind":"stop","name":"45TH ST at  S PL TIFFANY LAKE","stop_id":"3010"},"type":"Feature"},{"geometry":{"coordinates":[-80.08096,26.75447],"type":"Point"},"properties":{"kind":"stop","name":"45TH ST at  S TIFFANY DR","stop_id":"3011"},"type":"Feature"},{"geometry":{"coordinates":[-80.07693,26.75314],"type":"Point"},"properties":{"kind":"stop","name":"45TH ST at N SHORE DR","stop_id":"3012"},"type":"Feature"},{"geometry":{"coordinates":[-80.07541,26.7531],"type":"Point"},"properties":{"kind":"stop","name":"45TH ST at IRWIN AVE","stop_id":"3013"},"type":"Feature"},{"geometry":{"coordinates":[-80.06617,26.74468],"type":"Point"},"properties":{"kind":"stop","name":"ELECTRONICS WAY at 35TH ST","stop_id":"3019"},"type":"Feature"},{"geometry":{"coordinates":[-80.06459,26.48722],"type":"Point"},"properties":{"kind":"stop","name":"FEDERAL HWY at BLD 2401","stop_id":"302"},"type":"Feature"},{"geometry":{"coordinates":[-80.06605,26.74262],"type":"Point"},"properties":{"kind":"stop","name":"ELECTRONICS WAY at PALM TRAN N CNTY","stop_id":"3020"},"type":"Feature"},{"geometry":{"coordinates":[-80.06568,26.73694],"type":"Point"},"properties":{"kind":"stop","name":"ELECTRONICS WAY at  25TH ST","stop_id":"3021"},"type":"Feature"},{"geometry":{"coordinates":[-80.06104,26.7344],"type":"Point"},"properties":{"kind":"stop","name":"TAMARIND AVE at 22ND ST","stop_id":"3026"},"type":"Feature"},{"geometry":{"coordinates":[-80.06112,26.73229],"type":"Point"},"properties":{"kind":"stop","name":"TAMARIND AVE at 20TH ST","stop_id":"3027"},"type":"Feature"},{"geometry":{"coordinates":[-80.06118,26.73093],"type":"Point"},"properties":{"kind":"stop","name":"TAMARIND AVE at GRANT ST","stop_id":"3028"},"type":"Feature"},{"geometry":{"coordinates":[-80.06124,26.7296],"type":"Point"},"properties":{"kind":"stop","name":"TAMARIND AVE at 18TH ST","stop_id":"3029"},"type":"Feature"},{"geometry":{"coordinates":[-80.06301,26.49176],"type":"Point"},"properties":{"kind":"stop","name":"FEDERAL HWY at GULFSTREAM BLVD","stop_id":"303"},"type":"Feature"},{"geometry":{"coordinates":[-80.06158,26.72792],"type":"Point"},"properties":{"kind":"stop","name":"TAMARIND AVE at 15TH ST","stop_id":"3030"},"type":"Feature"},{"geometry":{"coordinates":[-80.06173,26.72481],"type":"Point"},"properties":{"kind":"stop","name":"TAMARIND AVE at  PALM BCH LAKES BLVD","stop_id":"3031"},"type":"Feature"},{"geometry":{"coordinates":[-80.06179,26.72279],"type":"Point"},"properties":{"kind":"stop","name":"TAMARIND AVE at 10th STREET","stop_id":"3033"},"type":"Feature"},{"geometry":{"coordinates":[-80.06189,26.72008],"type":"Point"},"properties":{"kind":"stop","name":"TAMARIND AVE at 7TH ST","stop_id":"3034"},"type":"Feature"},{"geometry":{"coordinates":[-80.06193,26.71827],"type":"Point"},"properties":{"kind":"stop","name":"TAMARIND AVE at 5TH ST","stop_id":"3035"},"type":"Feature"},{"geometry":{"coordinates":[-80.062,26.71588],"type":"Point"},"properties":{"kind":"stop","name":"TAMARIND AVE at 2ND ST","stop_id":"3036"},"type":"Feature"},{"geometry":{"coordinates":[-80.06186,26.71611],"type":"Point"},"properties":{"kind":"stop","name":"TAMARIND AVE at 3RD ST","stop_id":"3038"},"type":"Feature"},{"geometry":{"coordinates":[-80.06182,26.71849],"type":"Point"},"properties":{"kind":"stop","name":"TAMARIND AVE at 5TH ST","stop_id":"3039"},"type":"Feature"},{"geometry":{"coordinates":[-80.06124,26.49681],"type":"Point"},"properties":{"kind":"stop","name":"FEDERAL HWY at TURNER RD","stop_id":"304"},"type":"Feature"},{"geometry":{"coordinates":[-80.06174,26.72076],"type":"Point"},"properties":{"kind":"stop","name":"TAMARIND AVE at 8TH ST","stop_id":"3040"},"type":"Feature"},{"geometry":{"coordinates":[-80.06166,26.72295],"type":"Point"},"properties":{"kind":"stop","name":"TAMARIND AVE at 10TH ST","stop_id":"3041"},"type":"Feature"},{"geometry":{"coordinates":[-80.06159,26.72452],"type":"Point"},"properties":{"kind":"stop","name":"TAMARIND AVE at PALM BCH LAKES BLVD","stop_id":"3043"},"type":"Feature"},{"geometry":{"coordinates":[-80.06139,26.72786],"type":"Point"},"properties":{"kind":"stop","name":"TAMARIND AVE at 15TH ST","stop_id":"3044"},"type":"Feature"},{"geometry":{"coordinates":[-80.06103,26.73067],"type":"Point"},"properties":{"kind":"stop","name":"TAMARIND AVE at  GRANT ST","stop_id":"3046"},"type":"Feature"},{"geometry":{"coordinates":[-80.06098,26.73253],"type":"Point"},"properties":{"kind":"stop","name":"TAMARIND AVE at 20TH ST","stop_id":"3047"},"type":"Feature"},{"geometry":{"coordinates":[-80.06092,26.73426],"type":"Point"},"properties":{"kind":"stop","name":"TAMARIND AVE at 22ND ST","stop_id":"3048"},"type":"Feature"},{"geometry":{"coordinates":[-80.06214,26.73665],"type":"Point"},"properties":{"kind":"stop","name":"25TH ST at 25TH CT","stop_id":"3049"},"type":"Feature"},{"geometry":{"coordinates":[-80.06031,26.50041],"type":"Point"},"properties":{"kind":"stop","name":"FEDERAL HWY at COLONIAL CLUB","stop_id":"305"},"type":"Feature"},{"geometry":{"coordinates":[-80.0656,26.7372],"type":"Point"},"properties":{"kind":"stop","name":"ELECTRONICS WAY at 25TH ST","stop_id":"3052"},"type":"Feature"},{"geometry":{"coordinates":[-80.06592,26.74276],"type":"Point"},"properties":{"kind":"stop","name":"ELECTRONICS WAY at PALM TRAN N CNTY","stop_id":"3053"},"type":"Feature"},{"geometry":{"coordinates":[-80.06604,26.74503],"type":"Point"},"properties":{"kind":"stop","name":"ELECTRONICS WAY at 35TH ST","stop_id":"3054"},"type":"Feature"},{"geometry":{"coordinates":[-80.09726,26.75945],"type":"Point"},"properties":{"kind":"stop","name":"45TH ST at NORTHPOINT BLVD","stop_id":"3056"},"type":"Feature"},{"geometry":{"coordinates":[-80.06589,26.73958],"type":"Point"},"properties":{"kind":"stop","name":"ELECTRONICS WAY at TECHNOLOGY WAY","stop_id":"3057"},"type":"Feature"},{"geometry":{"coordinates":[-80.06573,26.73954],"type":"Point"},"properties":{"kind":"stop","name":"ELECTRONICS WAY at TECHNOLOGY WAY","stop_id":"3058"},"type":"Feature"},{"geometry":{"coordinates":[-80.05977,26.5044],"type":"Point"},"properties":{"kind":"stop","name":"FEDERAL HWY at JAYCEE PK","stop_id":"306"},"type":"Feature"},{"geometry":{"coordinates":[-80.07422,26.75339],"type":"Point"},"properties":{"kind":"stop","name":"45TH ST at POINCIANA PLZ W ENT","stop_id":"3061"},"type":"Feature"},{"geometry":{"coordinates":[-80.07774,26.75343],"type":"Point"},"properties":{"kind":"stop","name":"45TH ST at N SHORE DR","stop_id":"3062"},"type":"Feature"},{"geometry":{"coordinates":[-80.08144,26.75608],"type":"Point"},"properties":{"kind":"stop","name":"45TH ST at JEFFERY AVE","stop_id":"3063"},"type":"Feature"},{"geometry":{"coordinates":[-80.08257,26.75796],"type":"Point"},"properties":{"kind":"stop","name":"45TH ST at SOUTH PL","stop_id":"3064"},"type":"Feature"},{"geometry":{"coordinates":[-80.08406,26.75879],"type":"Point"},"properties":{"kind":"stop","name":"45TH ST at EMBARCADERO DR","stop_id":"3065"},"type":"Feature"},{"geometry":{"coordinates":[-80.0861,26.75983],"type":"Point"},"properties":{"kind":"stop","name":"CONGRESS AVE at  45TH ST","stop_id":"3066"},"type":"Feature"},{"geometry":{"coordinates":[-80.08779,26.77069],"type":"Point"},"properties":{"kind":"stop","name":"CONGRESS AVE at MLK BLVD","stop_id":"3067"},"type":"Feature"},{"geometry":{"coordinates":[-80.0876,26.77396],"type":"Point"},"properties":{"kind":"stop","name":"CONGRESS AVE at W 12TH ST","stop_id":"3068"},"type":"Feature"},{"geometry":{"coordinates":[-80.08745,26.77709],"type":"Point"},"properties":{"kind":"stop","name":"CONGRESS AVE at ESSEX LN","stop_id":"3069"},"type":"Feature"},{"geometry":{"coordinates":[-80.08729,26.78016],"type":"Point"},"properties":{"kind":"stop","name":"CONGRESS AVE at SEABIRD WAY","stop_id":"3070"},"type":"Feature"},{"geometry":{"coordinates":[-80.08753,26.77495],"type":"Point"},"properties":{"kind":"stop","name":"CONGRESS AVE at W 13TH ST","stop_id":"3071"},"type":"Feature"},{"geometry":{"coordinates":[-80.09347,26.7829],"type":"Point"},"properties":{"kind":"stop","name":"BLUE HERON  BLVD at TRAVEL LODGE","stop_id":"3072"},"type":"Feature"},{"geometry":{"coordinates":[-80.0691,26.74585],"type":"Point"},"properties":{"kind":"stop","name":"36TH ST at AUSTRALIAN CT","stop_id":"3074"},"type":"Feature"},{"geometry":{"coordinates":[-80.07654,26.7579],"type":"Point"},"properties":{"kind":"stop","name":"MNP TRS at BUS TRM","stop_id":"3075"},"type":"Feature"},{"geometry":{"coordinates":[-80.05944,26.50768],"type":"Point"},"properties":{"kind":"stop","name":"FEDERAL HWY at SE 23RD AVE","stop_id":"308"},"type":"Feature"},{"geometry":{"coordinates":[-80.05928,26.50951],"type":"Point"},"properties":{"kind":"stop","name":"FEDERAL HWY at SE 20 CT","stop_id":"309"},"type":"Feature"},{"geometry":{"coordinates":[-80.0999,26.75923],"type":"Point"},"properties":{"kind":"stop","name":"45TH ST at VLG BLVD","stop_id":"3095"},"type":"Feature"},{"geometry":{"coordinates":[-80.06774,26.74612],"type":"Point"},"properties":{"kind":"stop","name":"36TH ST at TOWNHOUSE CT","stop_id":"3097"},"type":"Feature"},{"geometry":{"coordinates":[-80.05894,26.51302],"type":"Point"},"properties":{"kind":"stop","name":"FEDERAL HWY at MARKETPLACE PLZ S ENT","stop_id":"310"},"type":"Feature"},{"geometry":{"coordinates":[-80.05884,26.51534],"type":"Point"},"properties":{"kind":"stop","name":"FEDERAL HWY at WOOLBRIGHT RD","stop_id":"312"},"type":"Feature"},{"geometry":{"coordinates":[-80.05857,26.51771],"type":"Point"},"properties":{"kind":"stop","name":"FEDERAL HWY at CASTILLA LN","stop_id":"313"},"type":"Feature"},{"geometry":{"coordinates":[-80.05784,26.52309],"type":"Point"},"properties":{"kind":"stop","name":"FEDERAL HWY at STERLING VLG MAIN ENT","stop_id":"315"},"type":"Feature"},{"geometry":{"coordinates":[-80.05791,26.52624],"type":"Point"},"properties":{"kind":"stop","name":"FEDERAL HWY at SE 1ST AVE","stop_id":"317"},"type":"Feature"},{"geometry":{"coordinates":[-80.06993,26.84478],"type":"Point"},"properties":{"kind":"stop","name":"PGA BLVD at HARBOUR FINANCE CTR","stop_id":"32"},"type":"Feature"},{"geometry":{"coordinates":[-80.05804,26.53186],"type":"Point"},"properties":{"kind":"stop","name":"FEDERAL HWY at NE 6TH AVE","stop_id":"320"},"type":"Feature"},{"geometry":{"coordinates":[-80.09278,26.71555],"type":"Point"},"properties":{"kind":"stop","name":"PALM BCH LAKES BLVD at  ROBBINS DR","stop_id":"3205"},"type":"Feature"},{"geometry":{"coordinates":[-80.05795,26.5287],"type":"Point"},"properties":{"kind":"stop","name":"FEDERAL HWY at BOYNTON BCH BLVD","stop_id":"321"},"type":"Feature"},{"geometry":{"coordinates":[-80.10287,26.70698],"type":"Point"},"properties":{"kind":"stop","name":"OKEECHOBEE BLVD at BLD4047","stop_id":"3210"},"type":"Feature"},{"geometry":{"coordinates":[-80.10834,26.70704],"type":"Point"},"properties":{"kind":"stop","name":"OKEECHOBEE BLVD at BISCAYNE","stop_id":"3211"},"type":"Feature"},{"geometry":{"coordinates":[-80.11184,26.70708],"type":"Point"},"properties":{"kind":"stop","name":"OKEECHOBEE BLVD at MILITARY TRL","stop_id":"3212"},"type":"Feature"},{"geometry":{"coordinates":[-80.11586,26.70715],"type":"Point"},"properties":{"kind":"stop","name":"OKEECHOBEE BLVD at BLD4833","stop_id":"3213"},"type":"Feature"},{"geometry":{"coordinates":[-80.12016,26.70723],"type":"Point"},"properties":{"kind":"stop","name":"OKEECHOBEE BLVD at HAVERHILL RD","stop_id":"3214"},"type":"Feature"},{"geometry":{"coordinates":[-80.12169,26.70727],"type":"Point"},"properties":{"kind":"stop","name":"OKEECHOBEE BLVD at BLD5154","stop_id":"3215"},"type":"Feature"},{"geometry":{"coordinates":[-80.12555,26.70738],"type":"Point"},"properties":{"kind":"stop","name":"OKEECHOBEE BLVD at BLD5405","stop_id":"3216"},"type":"Feature"},{"geometry":{"coordinates":[-80.12997,26.70748],"type":"Point"},"properties":{"kind":"stop","name":"OKEECHOBEE BLVD at BLD5641","stop_id":"3217"},"type":"Feature"},{"geometry":{"coordinates":[-80.13435,26.70763],"type":"Point"},"properties":{"kind":"stop","name":"OKEECHOBEE BLVD at WEST DR","stop_id":"3218"},"type":"Feature"},{"geometry":{"coordinates":[-80.07967,26.7064],"type":"Point"},"properties":{"kind":"stop","name":"OKEECHOBEE RD at OKLAWAHA AVE","stop_id":"3219"},"type":"Feature"},{"geometry":{"coordinates":[-80.05785,26.53508],"type":"Point"},"properties":{"kind":"stop","name":"FEDERAL HWY at NE 9TH AVE","stop_id":"322"},"type":"Feature"},{"geometry":{"coordinates":[-80.14856,26.70816],"type":"Point"},"properties":{"kind":"stop","name":"OKEECHOBEE BLVD at BLD6339","stop_id":"3220"},"type":"Feature"},{"geometry":{"coordinates":[-80.15838,26.70845],"type":"Point"},"properties":{"kind":"stop","name":"OKEECHOBEE BLVD at  RIVERWALK BLVD","stop_id":"3221"},"type":"Feature"},{"geometry":{"coordinates":[-80.16662,26.70866],"type":"Point"},"properties":{"kind":"stop","name":"OKEECHOBEE BLVD at GOLDEN LAKES RD","stop_id":"3222"},"type":"Feature"},{"geometry":{"coordinates":[-80.17016,26.70725],"type":"Point"},"properties":{"kind":"stop","name":"BENOIST FARMS RD at OKEECHOBEE BLVD","stop_id":"3223"},"type":"Feature"},{"geometry":{"coordinates":[-80.15169,26.70916],"type":"Point"},"properties":{"kind":"stop","name":"JOG RD at OKEECHOBEE BLVD","stop_id":"3224"},"type":"Feature"},{"geometry":{"coordinates":[-80.18306,26.70907],"type":"Point"},"properties":{"kind":"stop","name":"OKEECHOBEE BLVD at GRANDE BLVD","stop_id":"3225"},"type":"Feature"},{"geometry":{"coordinates":[-80.0574,26.5382],"type":"Point"},"properties":{"kind":"stop","name":"FEDERAL HWY at NE 12TH AVE","stop_id":"323"},"type":"Feature"},{"geometry":{"coordinates":[-80.13587,26.70667],"type":"Point"},"properties":{"kind":"stop","name":"DREXEL RD at  DREXEL PLZ SE ENT","stop_id":"3235"},"type":"Feature"},{"geometry":{"coordinates":[-80.13606,26.70061],"type":"Point"},"properties":{"kind":"stop","name":"DREXEL RD at 15TH LN","stop_id":"3236"},"type":"Feature"},{"geometry":{"coordinates":[-80.13627,26.69477],"type":"Point"},"properties":{"kind":"stop","name":"DREXEL RD at BLDG 1155 M ENT","stop_id":"3237"},"type":"Feature"},{"geometry":{"coordinates":[-80.2498,26.682],"type":"Point"},"properties":{"kind":"stop","name":"SOUTHERN BL/SR-80 at FOREST HILL BL","stop_id":"3238"},"type":"Feature"},{"geometry":{"coordinates":[-80.13589,26.70113],"type":"Point"},"properties":{"kind":"stop","name":"DREXEL RD at  VELVET PI","stop_id":"3239"},"type":"Feature"},{"geometry":{"coordinates":[-80.05709,26.54129],"type":"Point"},"properties":{"kind":"stop","name":"FEDERAL HWY at NE 15TH PL","stop_id":"324"},"type":"Feature"},{"geometry":{"coordinates":[-80.1362,26.69654],"type":"Point"},"properties":{"kind":"stop","name":"DREXEL RD at  WESTOVER RD","stop_id":"3242"},"type":"Feature"},{"geometry":{"coordinates":[-80.25149,26.6839],"type":"Point"},"properties":{"kind":"stop","name":"PALMS WEST PKWY at PALMS W MED CTR","stop_id":"3243"},"type":"Feature"},{"geometry":{"coordinates":[-80.25951,26.68232],"type":"Point"},"properties":{"kind":"stop","name":"SOUTHERN BLVD at BIG BLUE TRACE","stop_id":"3244"},"type":"Feature"},{"geometry":{"coordinates":[-80.32359,26.68426],"type":"Point"},"properties":{"kind":"stop","name":"SOUTHERN BL at LION COUNTRY SAFARI RD","stop_id":"3245"},"type":"Feature"},{"geometry":{"coordinates":[-80.31076,26.68383],"type":"Point"},"properties":{"kind":"stop","name":"SOUTHERN BL at SEMINOLE PRATT WHITNY","stop_id":"3246"},"type":"Feature"},{"geometry":{"coordinates":[-80.67134,26.72577],"type":"Point"},"properties":{"kind":"stop","name":"HOOKER HWY at LAKESIDE MEM HSP","stop_id":"3249"},"type":"Feature"},{"geometry":{"coordinates":[-80.05651,26.54489],"type":"Point"},"properties":{"kind":"stop","name":"FEDERAL HWY at LAKE ST","stop_id":"325"},"type":"Feature"},{"geometry":{"coordinates":[-80.67131,26.72556],"type":"Point"},"properties":{"kind":"stop","name":"HOOKER HWY at LAKESIDE MEM HSP","stop_id":"3250"},"type":"Feature"},{"geometry":{"coordinates":[-80.66417,26.72493],"type":"Point"},"properties":{"kind":"stop","name":"BLG HRS at SR-80","stop_id":"3253"},"type":"Feature"},{"geometry":{"coordinates":[-80.68362,26.72004],"type":"Point"},"properties":{"kind":"stop","name":"NW 16TH ST at W TECH","stop_id":"3254"},"type":"Feature"},{"geometry":{"coordinates":[-80.24731,26.68105],"type":"Point"},"properties":{"kind":"stop","name":"FOREST HILL BLVD at SOUTHERN BLVD","stop_id":"3265"},"type":"Feature"},{"geometry":{"coordinates":[-80.05589,26.54877],"type":"Point"},"properties":{"kind":"stop","name":"FEDERAL HWY at GATEWAY BLVD","stop_id":"327"},"type":"Feature"},{"geometry":{"coordinates":[-80.18038,26.70858],"type":"Point"},"properties":{"kind":"stop","name":"OKEECHOBEE BLVD at SANSBURY WAY","stop_id":"3277"},"type":"Feature"},{"geometry":{"coordinates":[-80.16516,26.70815],"type":"Point"},"properties":{"kind":"stop","name":"OKEECHOBEE BLVD at  GOLDEN LAKES RD","stop_id":"3278"},"type":"Feature"},{"geometry":{"coordinates":[-80.15733,26.70798],"type":"Point"},"properties":{"kind":"stop","name":"OKEECHOBEE BLVD at SKEES RD","stop_id":"3279"},"type":"Feature"},{"geometry":{"coordinates":[-80.14888,26.70776],"type":"Point"},"properties":{"kind":"stop","name":"OKEECHOBEE BLVD at  HOME DEPOT MAIN","stop_id":"3280"},"type":"Feature"},{"geometry":{"coordinates":[-80.14667,26.70772],"type":"Point"},"properties":{"kind":"stop","name":"OKEECHOBEE BLVD at VISTA PKWY","stop_id":"3281"},"type":"Feature"},{"geometry":{"coordinates":[-80.13667,26.70728],"type":"Point"},"properties":{"kind":"stop","name":"OKEECHOBEE BLVD at DREXEL RD","stop_id":"3282"},"type":"Feature"},{"geometry":{"coordinates":[-80.13438,26.70722],"type":"Point"},"properties":{"kind":"stop","name":"OKEECHOBEE BLVD at  MERIDIAN WAY","stop_id":"3283"},"type":"Feature"},{"geometry":{"coordinates":[-80.12982,26.70712],"type":"Point"},"properties":{"kind":"stop","name":"OKEECHOBEE BLVD at BLD5700","stop_id":"3284"},"type":"Feature"},{"geometry":{"coordinates":[-80.12575,26.70699],"type":"Point"},"properties":{"kind":"stop","name":"OKEECHOBEE BLVD at BLD5405","stop_id":"3285"},"type":"Feature"},{"geometry":{"coordinates":[-80.1214,26.70686],"type":"Point"},"properties":{"kind":"stop","name":"OKEECHOBEE BLVD at BLD5154","stop_id":"3286"},"type":"Feature"},{"geometry":{"coordinates":[-80.11795,26.7068],"type":"Point"},"properties":{"kind":"stop","name":"OKEECHOBEE BLVD at HAVERHILL RD","stop_id":"3287"},"type":"Feature"},{"geometry":{"coordinates":[-80.11465,26.70673],"type":"Point"},"properties":{"kind":"stop","name":"OKEECHOBEE BLVD at  PEPPERTREE PLZ","stop_id":"3288"},"type":"Feature"},{"geometry":{"coordinates":[-80.10876,26.70663],"type":"Point"},"properties":{"kind":"stop","name":"OKEECHOBEE BLVD at MILITARY TRL","stop_id":"3289"},"type":"Feature"},{"geometry":{"coordinates":[-80.05537,26.55208],"type":"Point"},"properties":{"kind":"stop","name":"FEDERAL HWY at POTTER DR","stop_id":"329"},"type":"Feature"},{"geometry":{"coordinates":[-80.10469,26.70664],"type":"Point"},"properties":{"kind":"stop","name":"OKEECHOBEE BLVD at INDIAN RD","stop_id":"3290"},"type":"Feature"},{"geometry":{"coordinates":[-80.09445,26.71326],"type":"Point"},"properties":{"kind":"stop","name":"PBL BLVD at BLD2090","stop_id":"3293"},"type":"Feature"},{"geometry":{"coordinates":[-80.09257,26.71533],"type":"Point"},"properties":{"kind":"stop","name":"PBL BLVD at BLD2020","stop_id":"3294"},"type":"Feature"},{"geometry":{"coordinates":[-80.05473,26.55607],"type":"Point"},"properties":{"kind":"stop","name":"FEDERAL HWY at LAKESHORE DR","stop_id":"330"},"type":"Feature"},{"geometry":{"coordinates":[-80.1,26.70655],"type":"Point"},"properties":{"kind":"stop","name":"OKEECHOBEE BLVD at WABASSO DR","stop_id":"3308"},"type":"Feature"},{"geometry":{"coordinates":[-80.09348,26.70798],"type":"Point"},"properties":{"kind":"stop","name":"SPENCER DR at EXCHANGE CT","stop_id":"3309"},"type":"Feature"},{"geometry":{"coordinates":[-80.09393,26.71017],"type":"Point"},"properties":{"kind":"stop","name":"SPENCER DR at  CARDINAL NEWMAN HS","stop_id":"3310"},"type":"Feature"},{"geometry":{"coordinates":[-80.09556,26.71119],"type":"Point"},"properties":{"kind":"stop","name":"SPENCER DR at PALM BCH LAKES","stop_id":"3312"},"type":"Feature"},{"geometry":{"coordinates":[-80.09372,26.7095],"type":"Point"},"properties":{"kind":"stop","name":"SPENCER DR at VANDIVER DR","stop_id":"3313"},"type":"Feature"},{"geometry":{"coordinates":[-80.11276,26.70669],"type":"Point"},"properties":{"kind":"stop","name":"OKEECHOBEE BLVD at PINE TREE PLZ","stop_id":"3318"},"type":"Feature"},{"geometry":{"coordinates":[-80.08361,26.80636],"type":"Point"},"properties":{"kind":"stop","name":"CONGRESS AVE at TARGET M ENT","stop_id":"3319"},"type":"Feature"},{"geometry":{"coordinates":[-80.06699,26.46326],"type":"Point"},"properties":{"kind":"stop","name":"NE 6TH AVE at NE 1ST ST","stop_id":"332"},"type":"Feature"},{"geometry":{"coordinates":[-80.07078,26.79143],"type":"Point"},"properties":{"kind":"stop","name":"B. OBAMA HWY at W 36TH ST","stop_id":"3320"},"type":"Feature"},{"geometry":{"coordinates":[-80.07017,26.78996],"type":"Point"},"properties":{"kind":"stop","name":"B. OBAMA HWY at W 34TH ST","stop_id":"3321"},"type":"Feature"},{"geometry":{"coordinates":[-80.06929,26.7878],"type":"Point"},"properties":{"kind":"stop","name":"B. OBAMA HWY at W 31ST ST","stop_id":"3322"},"type":"Feature"},{"geometry":{"coordinates":[-80.06832,26.78553],"type":"Point"},"properties":{"kind":"stop","name":"B. OBAMA HWY at  W 28TH ST","stop_id":"3327"},"type":"Feature"},{"geometry":{"coordinates":[-80.06768,26.784],"type":"Point"},"properties":{"kind":"stop","name":"B. OBAMA HWY at BLD2617 S ENT","stop_id":"3328"},"type":"Feature"},{"geometry":{"coordinates":[-80.06714,26.78331],"type":"Point"},"properties":{"kind":"stop","name":"B. OBAMA HWY at W 26TH ST","stop_id":"3329"},"type":"Feature"},{"geometry":{"coordinates":[-80.06903,26.78787],"type":"Point"},"properties":{"kind":"stop","name":"B. OBAMA HWY at  W31ST ST","stop_id":"3330"},"type":"Feature"},{"geometry":{"coordinates":[-80.06824,26.78597],"type":"Point"},"properties":{"kind":"stop","name":"B. OBAMA HWY at W 28TH ST","stop_id":"3337"},"type":"Feature"},{"geometry":{"coordinates":[-80.05656,26.80752],"type":"Point"},"properties":{"kind":"stop","name":"NORTHLAKE BLVD at FEDERAL HWY","stop_id":"334"},"type":"Feature"},{"geometry":{"coordinates":[-80.06667,26.7281],"type":"Point"},"properties":{"kind":"stop","name":"AUSTRALIAN  AVE at A J GAINES PK","stop_id":"3341"},"type":"Feature"},{"geometry":{"coordinates":[-80.08491,26.79848],"type":"Point"},"properties":{"kind":"stop","name":"CONGRESS AVE at VENETO DR","stop_id":"3342"},"type":"Feature"},{"geometry":{"coordinates":[-80.05341,26.57412],"type":"Point"},"properties":{"kind":"stop","name":"FEDERAL HWY at AURA APARTMENTS","stop_id":"335"},"type":"Feature"},{"geometry":{"coordinates":[-80.05326,26.57746],"type":"Point"},"properties":{"kind":"stop","name":"DIXIE HWY at MILTON ST","stop_id":"336"},"type":"Feature"},{"geometry":{"coordinates":[-80.05293,26.57918],"type":"Point"},"properties":{"kind":"stop","name":"DIXIE HWY at EUCLID BLVD","stop_id":"337"},"type":"Feature"},{"geometry":{"coordinates":[-80.24783,26.6728],"type":"Point"},"properties":{"kind":"stop","name":"FOREST HILL BLVD at WELLINGTON TRC","stop_id":"3372"},"type":"Feature"},{"geometry":{"coordinates":[-80.08495,26.80028],"type":"Point"},"properties":{"kind":"stop","name":"CONGRESS AVE at WATERTOWER RD","stop_id":"3373"},"type":"Feature"},{"geometry":{"coordinates":[-80.13593,26.70473],"type":"Point"},"properties":{"kind":"stop","name":"DREXEL RD at  SYKES RD","stop_id":"3378"},"type":"Feature"},{"geometry":{"coordinates":[-80.1358,26.70372],"type":"Point"},"properties":{"kind":"stop","name":"DREXEL RD at  ELMHURST RD","stop_id":"3379"},"type":"Feature"},{"geometry":{"coordinates":[-80.05221,26.58153],"type":"Point"},"properties":{"kind":"stop","name":"DIXIE HWY at E IRIS","stop_id":"338"},"type":"Feature"},{"geometry":{"coordinates":[-80.06209,26.71254],"type":"Point"},"properties":{"kind":"stop","name":"TAMARIND AVE at DATURA ST","stop_id":"3386"},"type":"Feature"},{"geometry":{"coordinates":[-80.27394,26.68233],"type":"Point"},"properties":{"kind":"stop","name":"SOUTHERN BLVD at D RD","stop_id":"3387"},"type":"Feature"},{"geometry":{"coordinates":[-80.2716,26.68264],"type":"Point"},"properties":{"kind":"stop","name":"SOUTHERN BLVD at  D RD","stop_id":"3388"},"type":"Feature"},{"geometry":{"coordinates":[-80.05179,26.58484],"type":"Point"},"properties":{"kind":"stop","name":"DIXIE HWY at OCEAN AVE","stop_id":"339"},"type":"Feature"},{"geometry":{"coordinates":[-80.2947,26.68497],"type":"Point"},"properties":{"kind":"stop","name":"PBSC at LOX GROVES","stop_id":"3390"},"type":"Feature"},{"geometry":{"coordinates":[-80.68409,26.68911],"type":"Point"},"properties":{"kind":"stop","name":"SR-715 at NW AV D ST","stop_id":"3397"},"type":"Feature"},{"geometry":{"coordinates":[-80.07487,26.84487],"type":"Point"},"properties":{"kind":"stop","name":"PGA BLVD at MEADOWS MHP","stop_id":"34"},"type":"Feature"},{"geometry":{"coordinates":[-80.05192,26.58749],"type":"Point"},"properties":{"kind":"stop","name":"DIXIE HWY at CROTON RD","stop_id":"340"},"type":"Feature"},{"geometry":{"coordinates":[-80.03925,26.77073],"type":"Point"},"properties":{"kind":"stop","name":"PALM BCH INLET at E INLET DR RNDABT","stop_id":"3400"},"type":"Feature"},{"geometry":{"coordinates":[-80.03934,26.76718],"type":"Point"},"properties":{"kind":"stop","name":"N OCEAN BLVD at MEDITERRANEAN","stop_id":"3402"},"type":"Feature"},{"geometry":{"coordinates":[-80.03691,26.74999],"type":"Point"},"properties":{"kind":"stop","name":"N OCEAN BLVD at GARDEN RD","stop_id":"3409"},"type":"Feature"},{"geometry":{"coordinates":[-80.05192,26.58987],"type":"Point"},"properties":{"kind":"stop","name":"DIXIE HWY at VIEW ST","stop_id":"341"},"type":"Feature"},{"geometry":{"coordinates":[-80.03537,26.74299],"type":"Point"},"properties":{"kind":"stop","name":"N OCEAN BLVD at BLD0760 E ENT","stop_id":"3411"},"type":"Feature"},{"geometry":{"coordinates":[-80.03665,26.73428],"type":"Point"},"properties":{"kind":"stop","name":"N CNTY RD at WOODS","stop_id":"3416"},"type":"Feature"},{"geometry":{"coordinates":[-80.03785,26.71486],"type":"Point"},"properties":{"kind":"stop","name":"N CNTY RD at BREAKERS RD","stop_id":"3422"},"type":"Feature"},{"geometry":{"coordinates":[-80.03673,26.70574],"type":"Point"},"properties":{"kind":"stop","name":"ROYAL PALM WAY at S CNTY RD","stop_id":"3425"},"type":"Feature"},{"geometry":{"coordinates":[-80.03908,26.70581],"type":"Point"},"properties":{"kind":"stop","name":"ROYAL PALM WAY at HIBISCUS ST","stop_id":"3426"},"type":"Feature"},{"geometry":{"coordinates":[-80.04082,26.70584],"type":"Point"},"properties":{"kind":"stop","name":"ROYAL PALM WAY at COCONUT RW","stop_id":"3427"},"type":"Feature"},{"geometry":{"coordinates":[-80.04347,26.70591],"type":"Point"},"properties":{"kind":"stop","name":"ROYAL PALM WAY at S LAKE DR","stop_id":"3428"},"type":"Feature"},{"geometry":{"coordinates":[-80.05257,26.59277],"type":"Point"},"properties":{"kind":"stop","name":"DIXIE HWY at FEDERAL HWY","stop_id":"343"},"type":"Feature"},{"geometry":{"coordinates":[-80.0519,26.70632],"type":"Point"},"properties":{"kind":"stop","name":"LAKEVIEW AVE at OLIVE AVE","stop_id":"3430"},"type":"Feature"},{"geometry":{"coordinates":[-80.05298,26.71445],"type":"Point"},"properties":{"kind":"stop","name":"BANYAN BLVD at DIXIE HWY","stop_id":"3432"},"type":"Feature"},{"geometry":{"coordinates":[-80.05337,26.70537],"type":"Point"},"properties":{"kind":"stop","name":"OKEECHOBEE BLVD at  DIXIE HWY","stop_id":"3433"},"type":"Feature"},{"geometry":{"coordinates":[-80.05142,26.70538],"type":"Point"},"properties":{"kind":"stop","name":"OKEECHOBEE BLVD at OLIVE   AVE","stop_id":"3434"},"type":"Feature"},{"geometry":{"coordinates":[-80.04307,26.70566],"type":"Point"},"properties":{"kind":"stop","name":"ROYAL PALM WAY at S LAKE DR","stop_id":"3435"},"type":"Feature"},{"geometry":{"coordinates":[-80.04082,26.70561],"type":"Point"},"properties":{"kind":"stop","name":"ROYAL PALM WAY at COCONUT ROW","stop_id":"3436"},"type":"Feature"},{"geometry":{"coordinates":[-80.0389,26.70554],"type":"Point"},"properties":{"kind":"stop","name":"ROYAL PALM WAY at HIBISCUS ST","stop_id":"3437"},"type":"Feature"},{"geometry":{"coordinates":[-80.03765,26.70553],"type":"Point"},"properties":{"kind":"stop","name":"ROYAL PALM WAYat BLD0226","stop_id":"3438"},"type":"Feature"},{"geometry":{"coordinates":[-80.05442,26.59626],"type":"Point"},"properties":{"kind":"stop","name":"DIXIE HWY at WASHINGTON AVE","stop_id":"346"},"type":"Feature"},{"geometry":{"coordinates":[-80.05575,26.59873],"type":"Point"},"properties":{"kind":"stop","name":"DIXIE HWY at 14TH AVE S","stop_id":"347"},"type":"Feature"},{"geometry":{"coordinates":[-80.20142,26.69301],"type":"Point"},"properties":{"kind":"stop","name":"SR 7 at SOUTH UNIVERSITY","stop_id":"3470"},"type":"Feature"},{"geometry":{"coordinates":[-80.20118,26.69903],"type":"Point"},"properties":{"kind":"stop","name":"SR 7 at BUSINESS PARK WAY","stop_id":"3471"},"type":"Feature"},{"geometry":{"coordinates":[-80.201,26.70368],"type":"Point"},"properties":{"kind":"stop","name":"SR 7 at CINEMA 18 RPB","stop_id":"3472"},"type":"Feature"},{"geometry":{"coordinates":[-80.20067,26.70801],"type":"Point"},"properties":{"kind":"stop","name":"SR 7 at OKEECHOBEE BLVD","stop_id":"3473"},"type":"Feature"},{"geometry":{"coordinates":[-80.05643,26.60002],"type":"Point"},"properties":{"kind":"stop","name":"DIXIE HWY at 12TH AVE S","stop_id":"348"},"type":"Feature"},{"geometry":{"coordinates":[-80.185,26.69188],"type":"Point"},"properties":{"kind":"stop","name":"BELVEDERE RD at SANSBURYS WAY","stop_id":"3481"},"type":"Feature"},{"geometry":{"coordinates":[-80.05766,26.60359],"type":"Point"},"properties":{"kind":"stop","name":"DIXIE HWY at 10TH AVE S","stop_id":"349"},"type":"Feature"},{"geometry":{"coordinates":[-80.03767,26.71514],"type":"Point"},"properties":{"kind":"stop","name":"N CNTY RD at COCONUT ROW/BREAKERS","stop_id":"3496"},"type":"Feature"},{"geometry":{"coordinates":[-80.03771,26.71795],"type":"Point"},"properties":{"kind":"stop","name":"S CNTY RD at ROYAL PONCIANA WY","stop_id":"3497"},"type":"Feature"},{"geometry":{"coordinates":[-80.03795,26.72583],"type":"Point"},"properties":{"kind":"stop","name":"N CNTY RD at WELLS RD","stop_id":"3501"},"type":"Feature"},{"geometry":{"coordinates":[-80.0365,26.73863],"type":"Point"},"properties":{"kind":"stop","name":"N CNTY RD at CHERRY LN","stop_id":"3507"},"type":"Feature"},{"geometry":{"coordinates":[-80.03675,26.75226],"type":"Point"},"properties":{"kind":"stop","name":"N OCEAN BLVD at ORANGE GROVE RD","stop_id":"3508"},"type":"Feature"},{"geometry":{"coordinates":[-80.03647,26.74057],"type":"Point"},"properties":{"kind":"stop","name":"N CNTY RD at FAIRVIEW RD","stop_id":"3509"},"type":"Feature"},{"geometry":{"coordinates":[-80.05758,26.60709],"type":"Point"},"properties":{"kind":"stop","name":"DIXIE HWY at 7TH AVE S","stop_id":"351"},"type":"Feature"},{"geometry":{"coordinates":[-80.03678,26.75031],"type":"Point"},"properties":{"kind":"stop","name":"N OCEAN BLVD at GARDEN RD","stop_id":"3512"},"type":"Feature"},{"geometry":{"coordinates":[-80.03649,26.75468],"type":"Point"},"properties":{"kind":"stop","name":"N OCEAN BLVD at EL PUEBLO WAY","stop_id":"3515"},"type":"Feature"},{"geometry":{"coordinates":[-80.03662,26.75624],"type":"Point"},"properties":{"kind":"stop","name":"N OCEAN BLVD at NIGHTINGALE TR","stop_id":"3516"},"type":"Feature"},{"geometry":{"coordinates":[-80.0372,26.76167],"type":"Point"},"properties":{"kind":"stop","name":"N OCEAN BLVD at ANGLER AVE","stop_id":"3519"},"type":"Feature"},{"geometry":{"coordinates":[-80.05739,26.61125],"type":"Point"},"properties":{"kind":"stop","name":"DIXIE HWY at 4TH AVE S","stop_id":"352"},"type":"Feature"},{"geometry":{"coordinates":[-80.03905,26.76617],"type":"Point"},"properties":{"kind":"stop","name":"N OCEAN BLVD at MANANA LN","stop_id":"3521"},"type":"Feature"},{"geometry":{"coordinates":[-80.03922,26.7672],"type":"Point"},"properties":{"kind":"stop","name":"N OCEAN BLVD at MEDITERRANEAN","stop_id":"3522"},"type":"Feature"},{"geometry":{"coordinates":[-80.04082,26.72029],"type":"Point"},"properties":{"kind":"stop","name":"SUNRISE AVE at BRADLEY PL","stop_id":"3527"},"type":"Feature"},{"geometry":{"coordinates":[-80.05728,26.61379],"type":"Point"},"properties":{"kind":"stop","name":"DIXIE HWY at 2ND AVE S","stop_id":"353"},"type":"Feature"},{"geometry":{"coordinates":[-80.04055,26.72016],"type":"Point"},"properties":{"kind":"stop","name":"SUNRISE AVE at BRADLEY PL","stop_id":"3530"},"type":"Feature"},{"geometry":{"coordinates":[-80.05723,26.61562],"type":"Point"},"properties":{"kind":"stop","name":"DIXIE HWY at LAKE AVE","stop_id":"354"},"type":"Feature"},{"geometry":{"coordinates":[-80.05712,26.61852],"type":"Point"},"properties":{"kind":"stop","name":"DIXIE HWY at 2ND AVE N","stop_id":"355"},"type":"Feature"},{"geometry":{"coordinates":[-80.0571,26.62017],"type":"Point"},"properties":{"kind":"stop","name":"DIXIE HWY at 4TH AVE N","stop_id":"356"},"type":"Feature"},{"geometry":{"coordinates":[-80.05703,26.6225],"type":"Point"},"properties":{"kind":"stop","name":"DIXIE HWY at 6TH AVE N","stop_id":"357"},"type":"Feature"},{"geometry":{"coordinates":[-80.05682,26.62529],"type":"Point"},"properties":{"kind":"stop","name":"DIXIE HWY at 8TH AVE N","stop_id":"358"},"type":"Feature"},{"geometry":{"coordinates":[-80.05685,26.62747],"type":"Point"},"properties":{"kind":"stop","name":"DIXIE HWY at 10TH AVE N","stop_id":"359"},"type":"Feature"},{"geometry":{"coordinates":[-80.08326,26.84511],"type":"Point"},"properties":{"kind":"stop","name":"PGA BLVD at CAMPUS DR","stop_id":"36"},"type":"Feature"},{"geometry":{"coordinates":[-80.05677,26.6302],"type":"Point"},"properties":{"kind":"stop","name":"DIXIE HWY at 12TH AVE N","stop_id":"360"},"type":"Feature"},{"geometry":{"coordinates":[-80.05669,26.63225],"type":"Point"},"properties":{"kind":"stop","name":"DIXIE HWY at  14TH AVE N","stop_id":"361"},"type":"Feature"},{"geometry":{"coordinates":[-80.05658,26.63526],"type":"Point"},"properties":{"kind":"stop","name":"DIXIE HWY at 16TH AVE N","stop_id":"362"},"type":"Feature"},{"geometry":{"coordinates":[-80.05651,26.63776],"type":"Point"},"properties":{"kind":"stop","name":"DIXIE HWY at 18TH AVE N","stop_id":"363"},"type":"Feature"},{"geometry":{"coordinates":[-80.05638,26.64101],"type":"Point"},"properties":{"kind":"stop","name":"DIXIE HWY at FORDHAM","stop_id":"365"},"type":"Feature"},{"geometry":{"coordinates":[-80.05627,26.64271],"type":"Point"},"properties":{"kind":"stop","name":"DIXIE HWY at COLUMBIA DR","stop_id":"366"},"type":"Feature"},{"geometry":{"coordinates":[-80.05618,26.64577],"type":"Point"},"properties":{"kind":"stop","name":"DIXIE HWY at GREGORY","stop_id":"367"},"type":"Feature"},{"geometry":{"coordinates":[-80.05612,26.64818],"type":"Point"},"properties":{"kind":"stop","name":"DIXIE HWY at ALHAMBRA PL","stop_id":"369"},"type":"Feature"},{"geometry":{"coordinates":[-80.08216,26.84829],"type":"Point"},"properties":{"kind":"stop","name":"GARDENS MALL TRM at SEARS TRM","stop_id":"37"},"type":"Feature"},{"geometry":{"coordinates":[-80.08658,26.72218],"type":"Point"},"properties":{"kind":"stop","name":"PBL BLVD at TARGET","stop_id":"3702"},"type":"Feature"},{"geometry":{"coordinates":[-80.081,26.71541],"type":"Point"},"properties":{"kind":"stop","name":"EXECUTIVE CTR DR at CONGRESS AVE","stop_id":"3703"},"type":"Feature"},{"geometry":{"coordinates":[-80.07796,26.71235],"type":"Point"},"properties":{"kind":"stop","name":"EXEC CTR DR at PRESIDIO PI","stop_id":"3705"},"type":"Feature"},{"geometry":{"coordinates":[-80.07707,26.71127],"type":"Point"},"properties":{"kind":"stop","name":"EXEC CTR DR at PINNACLE PALMS","stop_id":"3706"},"type":"Feature"},{"geometry":{"coordinates":[-80.0756,26.71047],"type":"Point"},"properties":{"kind":"stop","name":"EXEC CTR DR at LK PT VLG","stop_id":"3707"},"type":"Feature"},{"geometry":{"coordinates":[-80.07697,26.7114],"type":"Point"},"properties":{"kind":"stop","name":"EXEC CTR DR at BLD0600","stop_id":"3708"},"type":"Feature"},{"geometry":{"coordinates":[-80.07753,26.7121],"type":"Point"},"properties":{"kind":"stop","name":"EXEC CTR DR at PRESIDIO PL","stop_id":"3709"},"type":"Feature"},{"geometry":{"coordinates":[-80.05599,26.65186],"type":"Point"},"properties":{"kind":"stop","name":"DIXIE HWY at DESOTO","stop_id":"371"},"type":"Feature"},{"geometry":{"coordinates":[-80.07945,26.71377],"type":"Point"},"properties":{"kind":"stop","name":"EXEC CTR DR at BLD0030","stop_id":"3710"},"type":"Feature"},{"geometry":{"coordinates":[-80.08353,26.72403],"type":"Point"},"properties":{"kind":"stop","name":"CONGRESS AVE at PALM BEACH LKS BLVD","stop_id":"3714"},"type":"Feature"},{"geometry":{"coordinates":[-80.08725,26.70659],"type":"Point"},"properties":{"kind":"stop","name":"OKEECHOBEE BLVD at CONGRESS AVE","stop_id":"3715"},"type":"Feature"},{"geometry":{"coordinates":[-80.09101,26.70669],"type":"Point"},"properties":{"kind":"stop","name":"OKEECHOBEE BLVD at LOXAHATCHEE DR","stop_id":"3716"},"type":"Feature"},{"geometry":{"coordinates":[-80.09432,26.70676],"type":"Point"},"properties":{"kind":"stop","name":"OKEECHOBEE BLVD at SPENCER DR","stop_id":"3717"},"type":"Feature"},{"geometry":{"coordinates":[-80.0982,26.70686],"type":"Point"},"properties":{"kind":"stop","name":"OKEECHOBEE BLVD at TALLAHASSEE","stop_id":"3719"},"type":"Feature"},{"geometry":{"coordinates":[-80.05593,26.6532],"type":"Point"},"properties":{"kind":"stop","name":"DIXIE HWY at MADDOCK ST","stop_id":"372"},"type":"Feature"},{"geometry":{"coordinates":[-80.10052,26.70555],"type":"Point"},"properties":{"kind":"stop","name":"WABASSO DR at CHICKAMAUGA AVE","stop_id":"3720"},"type":"Feature"},{"geometry":{"coordinates":[-80.10057,26.70335],"type":"Point"},"properties":{"kind":"stop","name":"WABASSO DR at WESTGATE AVE","stop_id":"3721"},"type":"Feature"},{"geometry":{"coordinates":[-80.08137,26.71617],"type":"Point"},"properties":{"kind":"stop","name":"CONGRESS AVE at EXECUTIVE CTR DR","stop_id":"3722"},"type":"Feature"},{"geometry":{"coordinates":[-80.17065,26.70324],"type":"Point"},"properties":{"kind":"stop","name":"BENOIST FARMS RD at WINDORAH WAY","stop_id":"3729"},"type":"Feature"},{"geometry":{"coordinates":[-80.05587,26.65489],"type":"Point"},"properties":{"kind":"stop","name":"DIXIE HWY at FOREST HILL BLVD","stop_id":"373"},"type":"Feature"},{"geometry":{"coordinates":[-80.17292,26.70025],"type":"Point"},"properties":{"kind":"stop","name":"BENOIST FARMS RD at  S WINDORAH WAY","stop_id":"3730"},"type":"Feature"},{"geometry":{"coordinates":[-80.17298,26.69604],"type":"Point"},"properties":{"kind":"stop","name":"BENOIST FARMS RD at BLDG 1081 SW ENT","stop_id":"3732"},"type":"Feature"},{"geometry":{"coordinates":[-80.17384,26.69242],"type":"Point"},"properties":{"kind":"stop","name":"BENOIST FARMS RD at BELVEDERE RD","stop_id":"3735"},"type":"Feature"},{"geometry":{"coordinates":[-80.05581,26.6576],"type":"Point"},"properties":{"kind":"stop","name":"DIXIE HWY at HUNTER","stop_id":"374"},"type":"Feature"},{"geometry":{"coordinates":[-80.24731,26.67223],"type":"Point"},"properties":{"kind":"stop","name":"FOREST HILL BLVD at WELLINGTON TRC","stop_id":"3740"},"type":"Feature"},{"geometry":{"coordinates":[-80.20273,26.6763],"type":"Point"},"properties":{"kind":"stop","name":"US-441/SR-7 at LOWES PLZ ENT","stop_id":"3741"},"type":"Feature"},{"geometry":{"coordinates":[-80.21028,26.64405],"type":"Point"},"properties":{"kind":"stop","name":"RING RD at WGM TRML","stop_id":"3742"},"type":"Feature"},{"geometry":{"coordinates":[-80.22528,26.65183],"type":"Point"},"properties":{"kind":"stop","name":"FOREST HILL BLVD at PBC LIBRARY","stop_id":"3743"},"type":"Feature"},{"geometry":{"coordinates":[-80.21635,26.64929],"type":"Point"},"properties":{"kind":"stop","name":"WELLINGTON GREEN DR at PNR","stop_id":"3744"},"type":"Feature"},{"geometry":{"coordinates":[-80.20359,26.6539],"type":"Point"},"properties":{"kind":"stop","name":"US-441/SR-7 at 17 STREET","stop_id":"3745"},"type":"Feature"},{"geometry":{"coordinates":[-80.20294,26.67086],"type":"Point"},"properties":{"kind":"stop","name":"US-441/SR-7 at VICTORIA GROVE","stop_id":"3746"},"type":"Feature"},{"geometry":{"coordinates":[-80.30923,26.68342],"type":"Point"},"properties":{"kind":"stop","name":"SOUTHERN BL at SEMINOLE PRATT WHITNY","stop_id":"3747"},"type":"Feature"},{"geometry":{"coordinates":[-80.32228,26.68379],"type":"Point"},"properties":{"kind":"stop","name":"SOUTHERN BL at LION COUNTRY SAFARI RD","stop_id":"3748"},"type":"Feature"},{"geometry":{"coordinates":[-80.29065,26.68285],"type":"Point"},"properties":{"kind":"stop","name":"SOUTHERN BLVD at B RD","stop_id":"3749"},"type":"Feature"},{"geometry":{"coordinates":[-80.05573,26.6597],"type":"Point"},"properties":{"kind":"stop","name":"DIXIE HWY at COLONIAL RD","stop_id":"375"},"type":"Feature"},{"geometry":{"coordinates":[-80.06993,26.79],"type":"Point"},"properties":{"kind":"stop","name":"B. OBAMA HWY at 34TH ST","stop_id":"3769"},"type":"Feature"},{"geometry":{"coordinates":[-80.08424,26.80224],"type":"Point"},"properties":{"kind":"stop","name":"CONGRESS AVE at WATERTOWER RD","stop_id":"3774"},"type":"Feature"},{"geometry":{"coordinates":[-80.0555,26.6637],"type":"Point"},"properties":{"kind":"stop","name":"DIXIE HWY at  LINDA LN","stop_id":"378"},"type":"Feature"},{"geometry":{"coordinates":[-80.20205,26.68269],"type":"Point"},"properties":{"kind":"stop","name":"SR 7 at CHRIST FELLOWSHIP","stop_id":"3785"},"type":"Feature"},{"geometry":{"coordinates":[-80.20154,26.68917],"type":"Point"},"properties":{"kind":"stop","name":"SR 7 at WALMART W ENT","stop_id":"3786"},"type":"Feature"},{"geometry":{"coordinates":[-80.20191,26.69046],"type":"Point"},"properties":{"kind":"stop","name":"SR 7 at BELVEDERE RD","stop_id":"3787"},"type":"Feature"},{"geometry":{"coordinates":[-80.19884,26.69174],"type":"Point"},"properties":{"kind":"stop","name":"BELVEDERE RD at MAYACOO LAKE BLVD","stop_id":"3788"},"type":"Feature"},{"geometry":{"coordinates":[-80.22432,26.65147],"type":"Point"},"properties":{"kind":"stop","name":"FOREST HILL BL at PALM BCH POLO CLUB","stop_id":"3789"},"type":"Feature"},{"geometry":{"coordinates":[-80.05523,26.66728],"type":"Point"},"properties":{"kind":"stop","name":"DIXIE HWY at PLYMOUTH","stop_id":"379"},"type":"Feature"},{"geometry":{"coordinates":[-80.20249,26.68269],"type":"Point"},"properties":{"kind":"stop","name":"SR-7 at VILLAGE SHOPPES","stop_id":"3790"},"type":"Feature"},{"geometry":{"coordinates":[-80.20313,26.65218],"type":"Point"},"properties":{"kind":"stop","name":"US-441/SR-7 at 17 STREET","stop_id":"3792"},"type":"Feature"},{"geometry":{"coordinates":[-80.20234,26.67165],"type":"Point"},"properties":{"kind":"stop","name":"US-441/SR-7 at PIONEER RD","stop_id":"3793"},"type":"Feature"},{"geometry":{"coordinates":[-80.20232,26.67811],"type":"Point"},"properties":{"kind":"stop","name":"US-441/SR-7 at ACME RD","stop_id":"3794"},"type":"Feature"},{"geometry":{"coordinates":[-80.19379,26.69148],"type":"Point"},"properties":{"kind":"stop","name":"BELVEDERE RD at RP BUSINESS PLAZA","stop_id":"3795"},"type":"Feature"},{"geometry":{"coordinates":[-80.19774,26.69142],"type":"Point"},"properties":{"kind":"stop","name":"BELVEDERE RD at WALMART N ENT","stop_id":"3796"},"type":"Feature"},{"geometry":{"coordinates":[-80.20101,26.69138],"type":"Point"},"properties":{"kind":"stop","name":"BELVEDERE RD at SR-7/US-441","stop_id":"3797"},"type":"Feature"},{"geometry":{"coordinates":[-80.18484,26.69156],"type":"Point"},"properties":{"kind":"stop","name":"BELVEDERE RD at  SANSBURY WAY","stop_id":"3798"},"type":"Feature"},{"geometry":{"coordinates":[-80.17849,26.6916],"type":"Point"},"properties":{"kind":"stop","name":"BELVEDERE RD at STINSON WY","stop_id":"3799"},"type":"Feature"},{"geometry":{"coordinates":[-80.08192,26.84475],"type":"Point"},"properties":{"kind":"stop","name":"PGA BLVD at CAMPUS DR","stop_id":"38"},"type":"Feature"},{"geometry":{"coordinates":[-80.0551,26.66926],"type":"Point"},"properties":{"kind":"stop","name":"DIXIE HWY at E LAKEWOOD RD","stop_id":"380"},"type":"Feature"},{"geometry":{"coordinates":[-80.17331,26.69338],"type":"Point"},"properties":{"kind":"stop","name":"BENOIST FARMS RD at  BELVEDERE RD","stop_id":"3800"},"type":"Feature"},{"geometry":{"coordinates":[-80.17274,26.69545],"type":"Point"},"properties":{"kind":"stop","name":"BENOIST FARMS RD at  THE COLONY APT","stop_id":"3801"},"type":"Feature"},{"geometry":{"coordinates":[-80.17282,26.69965],"type":"Point"},"properties":{"kind":"stop","name":"BENOIST FARMS RD at  GOLDEN RIVER DR","stop_id":"3803"},"type":"Feature"},{"geometry":{"coordinates":[-80.17045,26.7032],"type":"Point"},"properties":{"kind":"stop","name":"BENOIST FARMS RD at  LAKE CRYSTAL N","stop_id":"3807"},"type":"Feature"},{"geometry":{"coordinates":[-80.16995,26.70784],"type":"Point"},"properties":{"kind":"stop","name":"BENOIST FARMS at TURNING PT ACADEMY","stop_id":"3808"},"type":"Feature"},{"geometry":{"coordinates":[-80.17723,26.69195],"type":"Point"},"properties":{"kind":"stop","name":"BELVEDERE RD at MADISON CHASE ST","stop_id":"3826"},"type":"Feature"},{"geometry":{"coordinates":[-80.11093,26.70324],"type":"Point"},"properties":{"kind":"stop","name":"WESTGATE AVE at MILITARY TRL","stop_id":"3827"},"type":"Feature"},{"geometry":{"coordinates":[-80.09822,26.70649],"type":"Point"},"properties":{"kind":"stop","name":"OKEECHOBEE BLVD at TALLAHASSEE DR","stop_id":"3828"},"type":"Feature"},{"geometry":{"coordinates":[-80.09649,26.70645],"type":"Point"},"properties":{"kind":"stop","name":"OKEECHOBEE BLVD at SEMINOLE BLVD","stop_id":"3829"},"type":"Feature"},{"geometry":{"coordinates":[-80.05477,26.67308],"type":"Point"},"properties":{"kind":"stop","name":"DIXIE HWY at PINE TER RD","stop_id":"383"},"type":"Feature"},{"geometry":{"coordinates":[-80.09304,26.70636],"type":"Point"},"properties":{"kind":"stop","name":"OKEECHOBEE BLVD at OSCEOLA DR","stop_id":"3830"},"type":"Feature"},{"geometry":{"coordinates":[-80.09072,26.7063],"type":"Point"},"properties":{"kind":"stop","name":"OKEECHOBEE BLVD at LOXAHATCHEE RD","stop_id":"3831"},"type":"Feature"},{"geometry":{"coordinates":[-80.08304,26.70646],"type":"Point"},"properties":{"kind":"stop","name":"OKEECHOBEE RD at BRAMAN USED CARS","stop_id":"3833"},"type":"Feature"},{"geometry":{"coordinates":[-80.14505,26.67682],"type":"Point"},"properties":{"kind":"stop","name":"JOG RD at SOUTHERN BLVD","stop_id":"3834"},"type":"Feature"},{"geometry":{"coordinates":[-80.07948,26.71354],"type":"Point"},"properties":{"kind":"stop","name":"EXEC CTR DR at CHRISTIAN MANOR","stop_id":"3838"},"type":"Feature"},{"geometry":{"coordinates":[-80.0546,26.67596],"type":"Point"},"properties":{"kind":"stop","name":"DIXIE HWY at SOUTHERN BLVD","stop_id":"384"},"type":"Feature"},{"geometry":{"coordinates":[-80.08167,26.71953],"type":"Point"},"properties":{"kind":"stop","name":"CONGRESS AVE at HANK AARON DR","stop_id":"3840"},"type":"Feature"},{"geometry":{"coordinates":[-80.14546,26.67716],"type":"Point"},"properties":{"kind":"stop","name":"JOG RD at SOUTHERN BLVD","stop_id":"3842"},"type":"Feature"},{"geometry":{"coordinates":[-80.14535,26.67421],"type":"Point"},"properties":{"kind":"stop","name":"JOG RD at GUN CLUB RD","stop_id":"3843"},"type":"Feature"},{"geometry":{"coordinates":[-80.14501,26.6749],"type":"Point"},"properties":{"kind":"stop","name":"JOG RD at GUN CLUB RD","stop_id":"3844"},"type":"Feature"},{"geometry":{"coordinates":[-80.14529,26.67169],"type":"Point"},"properties":{"kind":"stop","name":"JOG RD at WINNERS CHURCH","stop_id":"3845"},"type":"Feature"},{"geometry":{"coordinates":[-80.14494,26.67205],"type":"Point"},"properties":{"kind":"stop","name":"JOG RD at VIA TOWNSEND","stop_id":"3846"},"type":"Feature"},{"geometry":{"coordinates":[-80.08576,26.70612],"type":"Point"},"properties":{"kind":"stop","name":"OKEECHOBEE RD at CONGRESS AVE","stop_id":"3847"},"type":"Feature"},{"geometry":{"coordinates":[-80.08011,26.70604],"type":"Point"},"properties":{"kind":"stop","name":"OKEECHOBEE RD at BLD1880","stop_id":"3848"},"type":"Feature"},{"geometry":{"coordinates":[-80.05187,26.71116],"type":"Point"},"properties":{"kind":"stop","name":"OLIVE AVE at EVERNIA ST","stop_id":"385"},"type":"Feature"},{"geometry":{"coordinates":[-80.15152,26.71497],"type":"Point"},"properties":{"kind":"stop","name":"JOG RD at VISTA PKWY S","stop_id":"3851"},"type":"Feature"},{"geometry":{"coordinates":[-80.15168,26.71308],"type":"Point"},"properties":{"kind":"stop","name":"JOG RD at PBC VISTA CTR ENT","stop_id":"3852"},"type":"Feature"},{"geometry":{"coordinates":[-80.14967,26.71271],"type":"Point"},"properties":{"kind":"stop","name":"VISTA PKWY at PBC VISTA CTR ENT","stop_id":"3853"},"type":"Feature"},{"geometry":{"coordinates":[-80.08031,26.71445],"type":"Point"},"properties":{"kind":"stop","name":"EXEC CTR DR at 101 FOUNTAINVIEW","stop_id":"3855"},"type":"Feature"},{"geometry":{"coordinates":[-80.10754,26.70314],"type":"Point"},"properties":{"kind":"stop","name":"WESTGATE AVE at KEY-MART 1 ENT","stop_id":"3856"},"type":"Feature"},{"geometry":{"coordinates":[-80.20334,26.65926],"type":"Point"},"properties":{"kind":"stop","name":"US-441/SR-7 at BLD 1157","stop_id":"3858"},"type":"Feature"},{"geometry":{"coordinates":[-80.20312,26.66451],"type":"Point"},"properties":{"kind":"stop","name":"US-441/SR-7 at OLD HAMMOCK WY","stop_id":"3859"},"type":"Feature"},{"geometry":{"coordinates":[-80.05451,26.67955],"type":"Point"},"properties":{"kind":"stop","name":"DIXIE HWY at MONROE DR","stop_id":"386"},"type":"Feature"},{"geometry":{"coordinates":[-80.20265,26.66533],"type":"Point"},"properties":{"kind":"stop","name":"US-441/SR-7 at ISLA VERDE DR","stop_id":"3860"},"type":"Feature"},{"geometry":{"coordinates":[-80.05449,26.68156],"type":"Point"},"properties":{"kind":"stop","name":"DIXIE HWY at GREYMON DR","stop_id":"387"},"type":"Feature"},{"geometry":{"coordinates":[-80.0545,26.68519],"type":"Point"},"properties":{"kind":"stop","name":"DIXIE HWY at ALBEMARLE","stop_id":"388"},"type":"Feature"},{"geometry":{"coordinates":[-80.07793,26.84462],"type":"Point"},"properties":{"kind":"stop","name":"PGA BLVD at PBS","stop_id":"39"},"type":"Feature"},{"geometry":{"coordinates":[-80.05537,26.66515],"type":"Point"},"properties":{"kind":"stop","name":"DIXIE HWY at BUNKER RANCH RD","stop_id":"390"},"type":"Feature"},{"geometry":{"coordinates":[-80.05432,26.6901],"type":"Point"},"properties":{"kind":"stop","name":"DIXIE HWY at BELVEDERE RD","stop_id":"391"},"type":"Feature"},{"geometry":{"coordinates":[-80.05408,26.69517],"type":"Point"},"properties":{"kind":"stop","name":"DIXIE HWY at BARCELONA RD","stop_id":"393"},"type":"Feature"},{"geometry":{"coordinates":[-80.05389,26.69911],"type":"Point"},"properties":{"kind":"stop","name":"DIXIE HWY at VICTORIA DR","stop_id":"395"},"type":"Feature"},{"geometry":{"coordinates":[-80.05373,26.7034],"type":"Point"},"properties":{"kind":"stop","name":"DIXIE HWY at KINGS CT","stop_id":"397"},"type":"Feature"},{"geometry":{"coordinates":[-80.05412,26.70647],"type":"Point"},"properties":{"kind":"stop","name":"LAKEVIEW AVE at DIXIE HWY","stop_id":"399"},"type":"Feature"},{"geometry":{"coordinates":[-80.07525,26.84456],"type":"Point"},"properties":{"kind":"stop","name":"PGA BLVD at PGA PLZ W ENT","stop_id":"40"},"type":"Feature"},{"geometry":{"coordinates":[-80.052,26.70717],"type":"Point"},"properties":{"kind":"stop","name":"OLIVE AVE at TRINITY PL","stop_id":"400"},"type":"Feature"},{"geometry":{"coordinates":[-80.0842,26.69132],"type":"Point"},"properties":{"kind":"stop","name":"BELVEDERE RD at ARP PERIMETER RD","stop_id":"4000"},"type":"Feature"},{"geometry":{"coordinates":[-80.13619,26.69297],"type":"Point"},"properties":{"kind":"stop","name":"DREXEL RD at  BELVEDERE RD","stop_id":"4001"},"type":"Feature"},{"geometry":{"coordinates":[-80.13363,26.7065],"type":"Point"},"properties":{"kind":"stop","name":"MERIDAIN RD at  TIFFANY PL","stop_id":"4002"},"type":"Feature"},{"geometry":{"coordinates":[-80.06265,26.69096],"type":"Point"},"properties":{"kind":"stop","name":"PARKER AVE at BELVEDERE RD","stop_id":"4003"},"type":"Feature"},{"geometry":{"coordinates":[-80.0794,26.69119],"type":"Point"},"properties":{"kind":"stop","name":"BELVEDERE RD at FLORIDA MANGO RD","stop_id":"4006"},"type":"Feature"},{"geometry":{"coordinates":[-80.08266,26.69129],"type":"Point"},"properties":{"kind":"stop","name":"BELVEDERE RD at  THRIFTY CAR  RENTAL","stop_id":"4007"},"type":"Feature"},{"geometry":{"coordinates":[-80.09015,26.68847],"type":"Point"},"properties":{"kind":"stop","name":"TURNAGE BLVD at PBI TRM","stop_id":"4008"},"type":"Feature"},{"geometry":{"coordinates":[-80.08673,26.69413],"type":"Point"},"properties":{"kind":"stop","name":"CONGRESS AVE at  KENNEL CLUB","stop_id":"4009"},"type":"Feature"},{"geometry":{"coordinates":[-80.05194,26.70861],"type":"Point"},"properties":{"kind":"stop","name":"OLIVE AVE at HIBISCUS ST","stop_id":"401"},"type":"Feature"},{"geometry":{"coordinates":[-80.08668,26.69662],"type":"Point"},"properties":{"kind":"stop","name":"CONGRESS AVE at  OLD CONGRESS AVE","stop_id":"4010"},"type":"Feature"},{"geometry":{"coordinates":[-80.09031,26.69785],"type":"Point"},"properties":{"kind":"stop","name":"CHERRY RD at  PINE RD","stop_id":"4011"},"type":"Feature"},{"geometry":{"coordinates":[-80.09173,26.69704],"type":"Point"},"properties":{"kind":"stop","name":"CHERRY RD at  OSCEOLA DR","stop_id":"4012"},"type":"Feature"},{"geometry":{"coordinates":[-80.09417,26.69711],"type":"Point"},"properties":{"kind":"stop","name":"CHERRY RD at  CLUBHOUSE DR","stop_id":"4013"},"type":"Feature"},{"geometry":{"coordinates":[-80.09546,26.69716],"type":"Point"},"properties":{"kind":"stop","name":"CHERRY RD at  SEMINOLE BLVD","stop_id":"4014"},"type":"Feature"},{"geometry":{"coordinates":[-80.098,26.69714],"type":"Point"},"properties":{"kind":"stop","name":"CHERRY RD at  TALLAHASSEE DR","stop_id":"4015"},"type":"Feature"},{"geometry":{"coordinates":[-80.10111,26.69728],"type":"Point"},"properties":{"kind":"stop","name":"CHERRY RD at WABASSO DR","stop_id":"4016"},"type":"Feature"},{"geometry":{"coordinates":[-80.1024,26.69727],"type":"Point"},"properties":{"kind":"stop","name":"CHERRY RD at WEST DR","stop_id":"4017"},"type":"Feature"},{"geometry":{"coordinates":[-80.10561,26.69727],"type":"Point"},"properties":{"kind":"stop","name":"CHERRY RD at QUAIL DR","stop_id":"4018"},"type":"Feature"},{"geometry":{"coordinates":[-80.10999,26.69731],"type":"Point"},"properties":{"kind":"stop","name":"CHERRY RD at BLDG 4423 NE ENT","stop_id":"4019"},"type":"Feature"},{"geometry":{"coordinates":[-80.0519,26.71012],"type":"Point"},"properties":{"kind":"stop","name":"OLIVE AVE at FERN ST","stop_id":"402"},"type":"Feature"},{"geometry":{"coordinates":[-80.10967,26.69181],"type":"Point"},"properties":{"kind":"stop","name":"BELVEDERE RD at  MILITARY TRL","stop_id":"4020"},"type":"Feature"},{"geometry":{"coordinates":[-80.11549,26.69222],"type":"Point"},"properties":{"kind":"stop","name":"BELVEDERE RD at  CONCORD AVE","stop_id":"4021"},"type":"Feature"},{"geometry":{"coordinates":[-80.11799,26.69229],"type":"Point"},"properties":{"kind":"stop","name":"BELVEDERE RD at  PARK LN","stop_id":"4022"},"type":"Feature"},{"geometry":{"coordinates":[-80.12276,26.69238],"type":"Point"},"properties":{"kind":"stop","name":"BELVEDERE RD at  CHERYL RD","stop_id":"4024"},"type":"Feature"},{"geometry":{"coordinates":[-80.12534,26.69241],"type":"Point"},"properties":{"kind":"stop","name":"BELVEDERE RD at  TRAILWAY LN","stop_id":"4025"},"type":"Feature"},{"geometry":{"coordinates":[-80.12731,26.69246],"type":"Point"},"properties":{"kind":"stop","name":"BELVEDERE RD at  PINEWAY DR","stop_id":"4026"},"type":"Feature"},{"geometry":{"coordinates":[-80.13058,26.69267],"type":"Point"},"properties":{"kind":"stop","name":"BELVEDERE RD at CAROLINE AVE","stop_id":"4027"},"type":"Feature"},{"geometry":{"coordinates":[-80.05492,26.70924],"type":"Point"},"properties":{"kind":"stop","name":"QUADRILLE BLVD at HIBISCUS ST","stop_id":"403"},"type":"Feature"},{"geometry":{"coordinates":[-80.07538,26.69596],"type":"Point"},"properties":{"kind":"stop","name":"WORTHINGTON RD at CENTREPARK W DR","stop_id":"4040"},"type":"Feature"},{"geometry":{"coordinates":[-80.07889,26.69307],"type":"Point"},"properties":{"kind":"stop","name":"FL MANGO RD at UPLAND RD","stop_id":"4041"},"type":"Feature"},{"geometry":{"coordinates":[-80.0751,26.69572],"type":"Point"},"properties":{"kind":"stop","name":"WORTHINGTON RD at AUSTRAILIAN AVE","stop_id":"4042"},"type":"Feature"},{"geometry":{"coordinates":[-80.0788,26.69486],"type":"Point"},"properties":{"kind":"stop","name":"FL MANGO RD at  KENWOOD RD","stop_id":"4044"},"type":"Feature"},{"geometry":{"coordinates":[-80.07869,26.69389],"type":"Point"},"properties":{"kind":"stop","name":"FL MANGO RD at  UPLAND RD","stop_id":"4045"},"type":"Feature"},{"geometry":{"coordinates":[-80.11348,26.69196],"type":"Point"},"properties":{"kind":"stop","name":"BELVEDERE RD at BLD4610","stop_id":"4052"},"type":"Feature"},{"geometry":{"coordinates":[-80.13577,26.69249],"type":"Point"},"properties":{"kind":"stop","name":"BELVEDERE RD at FLATROCK RD","stop_id":"4053"},"type":"Feature"},{"geometry":{"coordinates":[-80.1331,26.69245],"type":"Point"},"properties":{"kind":"stop","name":"BELVEDERE RD at FIELDSTONE WAY","stop_id":"4054"},"type":"Feature"},{"geometry":{"coordinates":[-80.13068,26.69242],"type":"Point"},"properties":{"kind":"stop","name":"BELVEDERE RD at  CAROLINE AVE","stop_id":"4055"},"type":"Feature"},{"geometry":{"coordinates":[-80.12602,26.69217],"type":"Point"},"properties":{"kind":"stop","name":"BELVEDERE RD at BLDG 5470 M ENT","stop_id":"4057"},"type":"Feature"},{"geometry":{"coordinates":[-80.12358,26.69217],"type":"Point"},"properties":{"kind":"stop","name":"BELVEDERE RD at PARKVIEW PL","stop_id":"4058"},"type":"Feature"},{"geometry":{"coordinates":[-80.11935,26.69208],"type":"Point"},"properties":{"kind":"stop","name":"BELVEDERE RD at  HAVERHILL RD","stop_id":"4059"},"type":"Feature"},{"geometry":{"coordinates":[-80.05489,26.7121],"type":"Point"},"properties":{"kind":"stop","name":"QUADRILLE BLVD at DATURA ST","stop_id":"406"},"type":"Feature"},{"geometry":{"coordinates":[-80.11712,26.69204],"type":"Point"},"properties":{"kind":"stop","name":"BELVEDERE RD at  BRIARWOOD DR","stop_id":"4060"},"type":"Feature"},{"geometry":{"coordinates":[-80.1072,26.69713],"type":"Point"},"properties":{"kind":"stop","name":"COUNTY CLUB RD at CHERRY RD","stop_id":"4061"},"type":"Feature"},{"geometry":{"coordinates":[-80.1028,26.69715],"type":"Point"},"properties":{"kind":"stop","name":"CHERRY RD at  WEST DR","stop_id":"4063"},"type":"Feature"},{"geometry":{"coordinates":[-80.10089,26.69718],"type":"Point"},"properties":{"kind":"stop","name":"CHERRY RD at  WABASSO AVE","stop_id":"4064"},"type":"Feature"},{"geometry":{"coordinates":[-80.09871,26.69715],"type":"Point"},"properties":{"kind":"stop","name":"CHERRY RD at  BEECH RD","stop_id":"4065"},"type":"Feature"},{"geometry":{"coordinates":[-80.09541,26.69702],"type":"Point"},"properties":{"kind":"stop","name":"CHERRY RD at  SEMINOLE BLVD","stop_id":"4066"},"type":"Feature"},{"geometry":{"coordinates":[-80.09389,26.69696],"type":"Point"},"properties":{"kind":"stop","name":"CHERRY RD at  CLUBHOUSE DR","stop_id":"4067"},"type":"Feature"},{"geometry":{"coordinates":[-80.09133,26.6969],"type":"Point"},"properties":{"kind":"stop","name":"CHERRY RD at  HEMLOCK RD W","stop_id":"4068"},"type":"Feature"},{"geometry":{"coordinates":[-80.09018,26.69779],"type":"Point"},"properties":{"kind":"stop","name":"CHERRY RD at  HEMLOCK RD E","stop_id":"4069"},"type":"Feature"},{"geometry":{"coordinates":[-80.087,26.69325],"type":"Point"},"properties":{"kind":"stop","name":"CONGRESS AVE at  KENNEL CLUB SE ENT","stop_id":"4071"},"type":"Feature"},{"geometry":{"coordinates":[-80.08623,26.69111],"type":"Point"},"properties":{"kind":"stop","name":"BELVEDERE RD at  CONGRESS AVE","stop_id":"4072"},"type":"Feature"},{"geometry":{"coordinates":[-80.08258,26.69101],"type":"Point"},"properties":{"kind":"stop","name":"BELVEDERE RD at BLDG 2125 E ENT","stop_id":"4073"},"type":"Feature"},{"geometry":{"coordinates":[-80.0788,26.69165],"type":"Point"},"properties":{"kind":"stop","name":"FLORIDA MANGO RD at BELVEDERE RD","stop_id":"4074"},"type":"Feature"},{"geometry":{"coordinates":[-80.10776,26.69729],"type":"Point"},"properties":{"kind":"stop","name":"CHERRY RD at PBC SUPERVISOR OF ELECTIONS","stop_id":"4080"},"type":"Feature"},{"geometry":{"coordinates":[-80.11245,26.69215],"type":"Point"},"properties":{"kind":"stop","name":"BELVEDERE RD at  MILITARY TRL","stop_id":"4081"},"type":"Feature"},{"geometry":{"coordinates":[-80.0869,26.69627],"type":"Point"},"properties":{"kind":"stop","name":"CONGRESS AVE at  CHERRY WAY","stop_id":"4082"},"type":"Feature"},{"geometry":{"coordinates":[-80.07177,26.69095],"type":"Point"},"properties":{"kind":"stop","name":"BELVEDERE RD at  MERCER AVE","stop_id":"4083"},"type":"Feature"},{"geometry":{"coordinates":[-80.07192,26.69062],"type":"Point"},"properties":{"kind":"stop","name":"BELVEDERE RD at MERCER AVE","stop_id":"4084"},"type":"Feature"},{"geometry":{"coordinates":[-80.05331,26.71921],"type":"Point"},"properties":{"kind":"stop","name":"DIXIE HWY at 6TH ST","stop_id":"411"},"type":"Feature"},{"geometry":{"coordinates":[-80.05321,26.72216],"type":"Point"},"properties":{"kind":"stop","name":"DIXIE HWY at 10TH ST","stop_id":"412"},"type":"Feature"},{"geometry":{"coordinates":[-80.05308,26.7255],"type":"Point"},"properties":{"kind":"stop","name":"DIXIE HWY at 13TH ST","stop_id":"414"},"type":"Feature"},{"geometry":{"coordinates":[-80.053,26.72843],"type":"Point"},"properties":{"kind":"stop","name":"DIXIE HWY at N LAKESIDE CT","stop_id":"415"},"type":"Feature"},{"geometry":{"coordinates":[-80.0529,26.73174],"type":"Point"},"properties":{"kind":"stop","name":"DIXIE HWY at 19 TH ST","stop_id":"417"},"type":"Feature"},{"geometry":{"coordinates":[-80.05281,26.73369],"type":"Point"},"properties":{"kind":"stop","name":"DIXIE HWY at 21ST ST","stop_id":"418"},"type":"Feature"},{"geometry":{"coordinates":[-80.06983,26.84447],"type":"Point"},"properties":{"kind":"stop","name":"PGA BLVD at PROSPERITY CTR","stop_id":"42"},"type":"Feature"},{"geometry":{"coordinates":[-80.23388,26.65272],"type":"Point"},"properties":{"kind":"stop","name":"FOREST HILL BLVD at TOWN SQ","stop_id":"4201"},"type":"Feature"},{"geometry":{"coordinates":[-80.05467,26.73569],"type":"Point"},"properties":{"kind":"stop","name":"24TH ST at SPRUCE AVE","stop_id":"421"},"type":"Feature"},{"geometry":{"coordinates":[-80.05668,26.73717],"type":"Point"},"properties":{"kind":"stop","name":"BROADWAY at  26TH ST","stop_id":"422"},"type":"Feature"},{"geometry":{"coordinates":[-80.2012,26.70792],"type":"Point"},"properties":{"kind":"stop","name":"SR 7 at  OKEECHOBEE BLVD","stop_id":"4241"},"type":"Feature"},{"geometry":{"coordinates":[-80.20143,26.70234],"type":"Point"},"properties":{"kind":"stop","name":"SR 7 at  REGAL CINEMA 18 THT","stop_id":"4242"},"type":"Feature"},{"geometry":{"coordinates":[-80.20157,26.6991],"type":"Point"},"properties":{"kind":"stop","name":"SR 7 at  RPB  BUSINESS PK","stop_id":"4243"},"type":"Feature"},{"geometry":{"coordinates":[-80.20233,26.68595],"type":"Point"},"properties":{"kind":"stop","name":"US-441/SR-7 at BELLA TERRA WY","stop_id":"4245"},"type":"Feature"},{"geometry":{"coordinates":[-80.05654,26.74168],"type":"Point"},"properties":{"kind":"stop","name":"BROADWAY at 31ST ST","stop_id":"425"},"type":"Feature"},{"geometry":{"coordinates":[-80.05642,26.74562],"type":"Point"},"properties":{"kind":"stop","name":"BROADWAY at 36TH ST","stop_id":"427"},"type":"Feature"},{"geometry":{"coordinates":[-80.05637,26.74948],"type":"Point"},"properties":{"kind":"stop","name":"BROADWAY at 40TH ST","stop_id":"429"},"type":"Feature"},{"geometry":{"coordinates":[-80.05599,26.75341],"type":"Point"},"properties":{"kind":"stop","name":"BROADWAY at 46TH ST","stop_id":"432"},"type":"Feature"},{"geometry":{"coordinates":[-80.13608,26.69667],"type":"Point"},"properties":{"kind":"stop","name":"DREXEL RD at  UPLAND WAY","stop_id":"4328"},"type":"Feature"},{"geometry":{"coordinates":[-80.05576,26.75603],"type":"Point"},"properties":{"kind":"stop","name":"BROADWAY at 49TH ST","stop_id":"433"},"type":"Feature"},{"geometry":{"coordinates":[-80.23349,26.65223],"type":"Point"},"properties":{"kind":"stop","name":"FOREST HILL BLVD at TOWN SQ","stop_id":"4336"},"type":"Feature"},{"geometry":{"coordinates":[-80.05551,26.75851],"type":"Point"},"properties":{"kind":"stop","name":"BROADWAY at 52ND ST","stop_id":"435"},"type":"Feature"},{"geometry":{"coordinates":[-80.05514,26.76224],"type":"Point"},"properties":{"kind":"stop","name":"BROADWAY at 58TH ST","stop_id":"438"},"type":"Feature"},{"geometry":{"coordinates":[-80.06207,26.84402],"type":"Point"},"properties":{"kind":"stop","name":"PGA BLVD at FEDERAL HWY","stop_id":"44"},"type":"Feature"},{"geometry":{"coordinates":[-80.05492,26.77475],"type":"Point"},"properties":{"kind":"stop","name":"BROADWAY at 14TH ST","stop_id":"443"},"type":"Feature"},{"geometry":{"coordinates":[-80.05483,26.77731],"type":"Point"},"properties":{"kind":"stop","name":"BROADWAY at 17TH ST","stop_id":"444"},"type":"Feature"},{"geometry":{"coordinates":[-80.05481,26.78015],"type":"Point"},"properties":{"kind":"stop","name":"BROADWAY at 22ND ST","stop_id":"445"},"type":"Feature"},{"geometry":{"coordinates":[-80.0547,26.78381],"type":"Point"},"properties":{"kind":"stop","name":"BROADWAY at BLUE HERON BLVD NB","stop_id":"448"},"type":"Feature"},{"geometry":{"coordinates":[-80.05463,26.78602],"type":"Point"},"properties":{"kind":"stop","name":"BROADWAY at 28TH ST","stop_id":"449"},"type":"Feature"},{"geometry":{"coordinates":[-80.06209,26.8402],"type":"Point"},"properties":{"kind":"stop","name":"FEDERAL HWY at WINN DIXIE","stop_id":"45"},"type":"Feature"},{"geometry":{"coordinates":[-80.06214,26.71129],"type":"Point"},"properties":{"kind":"stop","name":"TAMARIND AVE at  WPB TRI-RAIL STN","stop_id":"4500"},"type":"Feature"},{"geometry":{"coordinates":[-80.0617,26.70158],"type":"Point"},"properties":{"kind":"stop","name":"PARKER AVE at HOWARD PK","stop_id":"4503"},"type":"Feature"},{"geometry":{"coordinates":[-80.06234,26.69762],"type":"Point"},"properties":{"kind":"stop","name":"PARKER AVE at DOCK ST","stop_id":"4504"},"type":"Feature"},{"geometry":{"coordinates":[-80.06242,26.69623],"type":"Point"},"properties":{"kind":"stop","name":"PARKER AVE at FLAMINGO DR","stop_id":"4505"},"type":"Feature"},{"geometry":{"coordinates":[-80.0625,26.69404],"type":"Point"},"properties":{"kind":"stop","name":"PARKER AVE at CHARLES ST","stop_id":"4506"},"type":"Feature"},{"geometry":{"coordinates":[-80.06256,26.69282],"type":"Point"},"properties":{"kind":"stop","name":"PARKER AVE at UPLAND","stop_id":"4507"},"type":"Feature"},{"geometry":{"coordinates":[-80.0622,26.69042],"type":"Point"},"properties":{"kind":"stop","name":"BELVEDERE RD at  PARKER AVE","stop_id":"4508"},"type":"Feature"},{"geometry":{"coordinates":[-80.06061,26.68994],"type":"Point"},"properties":{"kind":"stop","name":"LAKE AVE at BELVEDERE RD","stop_id":"4509"},"type":"Feature"},{"geometry":{"coordinates":[-80.05448,26.78817],"type":"Point"},"properties":{"kind":"stop","name":"BROADWAY at OCEAN TIDE MHP","stop_id":"451"},"type":"Feature"},{"geometry":{"coordinates":[-80.06065,26.68785],"type":"Point"},"properties":{"kind":"stop","name":"LAKE AVE at OMAR RD","stop_id":"4510"},"type":"Feature"},{"geometry":{"coordinates":[-80.06068,26.68606],"type":"Point"},"properties":{"kind":"stop","name":"LAKE AVE at TUSCALOOSA ST","stop_id":"4511"},"type":"Feature"},{"geometry":{"coordinates":[-80.06073,26.68406],"type":"Point"},"properties":{"kind":"stop","name":"LAKE AVE at HAMPTON ST","stop_id":"4512"},"type":"Feature"},{"geometry":{"coordinates":[-80.06076,26.68267],"type":"Point"},"properties":{"kind":"stop","name":"LAKE AVE at AVE HERMOSA","stop_id":"4513"},"type":"Feature"},{"geometry":{"coordinates":[-80.06079,26.68138],"type":"Point"},"properties":{"kind":"stop","name":"LAKE AVE at EL VEDADO","stop_id":"4514"},"type":"Feature"},{"geometry":{"coordinates":[-80.06082,26.67964],"type":"Point"},"properties":{"kind":"stop","name":"LAKE AVE at HOLLYWOOD PI","stop_id":"4515"},"type":"Feature"},{"geometry":{"coordinates":[-80.06086,26.6768],"type":"Point"},"properties":{"kind":"stop","name":"LAKE AVE at CONNISTON PI","stop_id":"4516"},"type":"Feature"},{"geometry":{"coordinates":[-80.06093,26.67452],"type":"Point"},"properties":{"kind":"stop","name":"LAKE AVE at NOTTINGHAM BLVD","stop_id":"4517"},"type":"Feature"},{"geometry":{"coordinates":[-80.06108,26.67212],"type":"Point"},"properties":{"kind":"stop","name":"LAKE AVE at BRIGGS ST","stop_id":"4518"},"type":"Feature"},{"geometry":{"coordinates":[-80.06118,26.67066],"type":"Point"},"properties":{"kind":"stop","name":"LAKE AVE at BRADELY ST","stop_id":"4519"},"type":"Feature"},{"geometry":{"coordinates":[-80.05423,26.79066],"type":"Point"},"properties":{"kind":"stop","name":"BROADWAY at 34TH ST","stop_id":"452"},"type":"Feature"},{"geometry":{"coordinates":[-80.06129,26.6695],"type":"Point"},"properties":{"kind":"stop","name":"LAKE AVE at W LAKEWOOD RD","stop_id":"4520"},"type":"Feature"},{"geometry":{"coordinates":[-80.06139,26.66826],"type":"Point"},"properties":{"kind":"stop","name":"LAKE AVE at  McINTOSH ST","stop_id":"4521"},"type":"Feature"},{"geometry":{"coordinates":[-80.06904,26.66603],"type":"Point"},"properties":{"kind":"stop","name":"SUMMIT BLVD at  DREHER TRL N","stop_id":"4523"},"type":"Feature"},{"geometry":{"coordinates":[-80.07699,26.66622],"type":"Point"},"properties":{"kind":"stop","name":"SUMMIT BLVD at  EASY ST","stop_id":"4524"},"type":"Feature"},{"geometry":{"coordinates":[-80.06348,26.6659],"type":"Point"},"properties":{"kind":"stop","name":"SUMMIT BLVD at PARKER","stop_id":"4526"},"type":"Feature"},{"geometry":{"coordinates":[-80.05418,26.79353],"type":"Point"},"properties":{"kind":"stop","name":"FEDERAL HWY at SILVER BCH RD","stop_id":"453"},"type":"Feature"},{"geometry":{"coordinates":[-80.08229,26.65082],"type":"Point"},"properties":{"kind":"stop","name":"FOREST HILL BLVD at BLD2645","stop_id":"4533"},"type":"Feature"},{"geometry":{"coordinates":[-80.08785,26.65102],"type":"Point"},"properties":{"kind":"stop","name":"FOREST HILL BLVD at  CONGRESS AVE","stop_id":"4534"},"type":"Feature"},{"geometry":{"coordinates":[-80.0899,26.65109],"type":"Point"},"properties":{"kind":"stop","name":"FOREST HILL BLVD at ALICE AVE","stop_id":"4535"},"type":"Feature"},{"geometry":{"coordinates":[-80.09183,26.65115],"type":"Point"},"properties":{"kind":"stop","name":"FOREST HILL BLVD at  LONG PINE WAY","stop_id":"4536"},"type":"Feature"},{"geometry":{"coordinates":[-80.09706,26.65135],"type":"Point"},"properties":{"kind":"stop","name":"FOREST HILL BLVD at WALDEN LN","stop_id":"4537"},"type":"Feature"},{"geometry":{"coordinates":[-80.0991,26.6514],"type":"Point"},"properties":{"kind":"stop","name":"FOREST HILL BLVD at WOODS BEND RD","stop_id":"4538"},"type":"Feature"},{"geometry":{"coordinates":[-80.10062,26.65146],"type":"Point"},"properties":{"kind":"stop","name":"FOREST HILL BLVD at  WOODBRIDGE LAKE","stop_id":"4539"},"type":"Feature"},{"geometry":{"coordinates":[-80.10503,26.65162],"type":"Point"},"properties":{"kind":"stop","name":"FOREST HILL BLVD at KIRK RD","stop_id":"4540"},"type":"Feature"},{"geometry":{"coordinates":[-80.10823,26.65168],"type":"Point"},"properties":{"kind":"stop","name":"FOREST HILL BLVD at FOREST HILL CIR","stop_id":"4541"},"type":"Feature"},{"geometry":{"coordinates":[-80.11098,26.65177],"type":"Point"},"properties":{"kind":"stop","name":"FOREST HILL BLVD at ERIE TERRACE","stop_id":"4542"},"type":"Feature"},{"geometry":{"coordinates":[-80.11502,26.65183],"type":"Point"},"properties":{"kind":"stop","name":"FOREST HILL BLVD at MILITARY TRL","stop_id":"4543"},"type":"Feature"},{"geometry":{"coordinates":[-80.11829,26.65194],"type":"Point"},"properties":{"kind":"stop","name":"FOREST HILL BLVD at GRANFERN AVE","stop_id":"4544"},"type":"Feature"},{"geometry":{"coordinates":[-80.12098,26.65203],"type":"Point"},"properties":{"kind":"stop","name":"FOREST HILL BLVD at HAVERHILL RD","stop_id":"4545"},"type":"Feature"},{"geometry":{"coordinates":[-80.1235,26.65211],"type":"Point"},"properties":{"kind":"stop","name":"FOREST HILL BLVD at GARDEN HILL CIR","stop_id":"4546"},"type":"Feature"},{"geometry":{"coordinates":[-80.12666,26.6522],"type":"Point"},"properties":{"kind":"stop","name":"FOREST HILL BLVD at  FERNGRAN AVE","stop_id":"4547"},"type":"Feature"},{"geometry":{"coordinates":[-80.12995,26.65231],"type":"Point"},"properties":{"kind":"stop","name":"FOREST HILL BLVD at MAYPOP RD","stop_id":"4548"},"type":"Feature"},{"geometry":{"coordinates":[-80.13292,26.65239],"type":"Point"},"properties":{"kind":"stop","name":"FOREST HILL BLVD at KUDZA RD","stop_id":"4549"},"type":"Feature"},{"geometry":{"coordinates":[-80.05439,26.79622],"type":"Point"},"properties":{"kind":"stop","name":"FEDERAL HWY at EVERGREEN DR","stop_id":"455"},"type":"Feature"},{"geometry":{"coordinates":[-80.13656,26.6525],"type":"Point"},"properties":{"kind":"stop","name":"FOREST HILL BL at SHERWOOD FOREST BL","stop_id":"4551"},"type":"Feature"},{"geometry":{"coordinates":[-80.14347,26.65144],"type":"Point"},"properties":{"kind":"stop","name":"FOREST HILL BLVD at JOG RD","stop_id":"4552"},"type":"Feature"},{"geometry":{"coordinates":[-80.13602,26.64506],"type":"Point"},"properties":{"kind":"stop","name":"PURDY LN at LAURELWAY","stop_id":"4558"},"type":"Feature"},{"geometry":{"coordinates":[-80.13385,26.62944],"type":"Point"},"properties":{"kind":"stop","name":"57TH AVE at MHP ENT","stop_id":"4562"},"type":"Feature"},{"geometry":{"coordinates":[-80.13394,26.62744],"type":"Point"},"properties":{"kind":"stop","name":"57TH AVE at LAS PASEOS DR","stop_id":"4563"},"type":"Feature"},{"geometry":{"coordinates":[-80.134,26.62577],"type":"Point"},"properties":{"kind":"stop","name":"57TH AVE at BISCAYNE BLVD","stop_id":"4564"},"type":"Feature"},{"geometry":{"coordinates":[-80.13413,26.62293],"type":"Point"},"properties":{"kind":"stop","name":"57TH AVE at S 37TH CT","stop_id":"4565"},"type":"Feature"},{"geometry":{"coordinates":[-80.13422,26.62125],"type":"Point"},"properties":{"kind":"stop","name":"57TH AVE at S 38TH CT","stop_id":"4566"},"type":"Feature"},{"geometry":{"coordinates":[-80.13798,26.61928],"type":"Point"},"properties":{"kind":"stop","name":"LAKE WORTH RD at SHERWOOD FOREST BLV","stop_id":"4569"},"type":"Feature"},{"geometry":{"coordinates":[-80.05465,26.79892],"type":"Point"},"properties":{"kind":"stop","name":"FEDERAL HWY at GREENBRIAR","stop_id":"457"},"type":"Feature"},{"geometry":{"coordinates":[-80.1403,26.61935],"type":"Point"},"properties":{"kind":"stop","name":"LAKE WORTH RD at WOODLAKES BLVD","stop_id":"4570"},"type":"Feature"},{"geometry":{"coordinates":[-80.14289,26.61942],"type":"Point"},"properties":{"kind":"stop","name":"LAKE WORTH RD at SCOTT RD","stop_id":"4571"},"type":"Feature"},{"geometry":{"coordinates":[-80.14683,26.61826],"type":"Point"},"properties":{"kind":"stop","name":"JOG RD at LAKE WORTH RD","stop_id":"4572"},"type":"Feature"},{"geometry":{"coordinates":[-80.14702,26.61118],"type":"Point"},"properties":{"kind":"stop","name":"JOG RD at TEMPLE TIKVAH N ENT","stop_id":"4573"},"type":"Feature"},{"geometry":{"coordinates":[-80.14643,26.62019],"type":"Point"},"properties":{"kind":"stop","name":"JOG RD at LAKE WORTH RD","stop_id":"4574"},"type":"Feature"},{"geometry":{"coordinates":[-80.14632,26.62263],"type":"Point"},"properties":{"kind":"stop","name":"JOG RD at DODD RD","stop_id":"4575"},"type":"Feature"},{"geometry":{"coordinates":[-80.14621,26.62489],"type":"Point"},"properties":{"kind":"stop","name":"JOG RD at WOODLAKE BLVD","stop_id":"4576"},"type":"Feature"},{"geometry":{"coordinates":[-80.14601,26.62845],"type":"Point"},"properties":{"kind":"stop","name":"JOG RD at 33RD CT S","stop_id":"4577"},"type":"Feature"},{"geometry":{"coordinates":[-80.1459,26.63148],"type":"Point"},"properties":{"kind":"stop","name":"JOG RD at 10TH AVE N","stop_id":"4578"},"type":"Feature"},{"geometry":{"coordinates":[-80.14559,26.63178],"type":"Point"},"properties":{"kind":"stop","name":"10TH AVE N at 7 SPRINGS BLVD","stop_id":"4579"},"type":"Feature"},{"geometry":{"coordinates":[-80.14092,26.63169],"type":"Point"},"properties":{"kind":"stop","name":"10TH AVE N at SHADOW WOOD DR","stop_id":"4580"},"type":"Feature"},{"geometry":{"coordinates":[-80.1371,26.6316],"type":"Point"},"properties":{"kind":"stop","name":"GREENACRES WIC","stop_id":"4581"},"type":"Feature"},{"geometry":{"coordinates":[-80.14527,26.68711],"type":"Point"},"properties":{"kind":"stop","name":"JOG RD at 62ND DR N","stop_id":"4582"},"type":"Feature"},{"geometry":{"coordinates":[-80.14558,26.68636],"type":"Point"},"properties":{"kind":"stop","name":"JOG RD at DEL VERDE BLVD","stop_id":"4583"},"type":"Feature"},{"geometry":{"coordinates":[-80.14512,26.68365],"type":"Point"},"properties":{"kind":"stop","name":"JOG RD at BISCHOFFE RD","stop_id":"4584"},"type":"Feature"},{"geometry":{"coordinates":[-80.14673,26.60863],"type":"Point"},"properties":{"kind":"stop","name":"JOG RD at  MELALEUCA LN","stop_id":"4585"},"type":"Feature"},{"geometry":{"coordinates":[-80.14666,26.61136],"type":"Point"},"properties":{"kind":"stop","name":"JOG RD at TEMPLE TIKVAH N ENT","stop_id":"4586"},"type":"Feature"},{"geometry":{"coordinates":[-80.14653,26.61643],"type":"Point"},"properties":{"kind":"stop","name":"JOG RD at  LAKE WORTH PLZ W ENT","stop_id":"4587"},"type":"Feature"},{"geometry":{"coordinates":[-80.14547,26.68313],"type":"Point"},"properties":{"kind":"stop","name":"JOG RD at BISCHOFFE RD","stop_id":"4588"},"type":"Feature"},{"geometry":{"coordinates":[-80.144,26.61913],"type":"Point"},"properties":{"kind":"stop","name":"LAKE WORTH RD at LAKE WORTH PLZ W EN","stop_id":"4589"},"type":"Feature"},{"geometry":{"coordinates":[-80.05514,26.8033],"type":"Point"},"properties":{"kind":"stop","name":"FEDERAL HWY at PALMETTO","stop_id":"459"},"type":"Feature"},{"geometry":{"coordinates":[-80.14213,26.61904],"type":"Point"},"properties":{"kind":"stop","name":"LAKE WORTH RD at SEMINOLE PALM DR","stop_id":"4590"},"type":"Feature"},{"geometry":{"coordinates":[-80.13761,26.619],"type":"Point"},"properties":{"kind":"stop","name":"LAKE WORTH RD at SHERWOOD FOREST BLV","stop_id":"4591"},"type":"Feature"},{"geometry":{"coordinates":[-80.08204,26.61709],"type":"Point"},"properties":{"kind":"stop","name":"LAKE WORTH RD at JOHN PRINCE PK ENT1","stop_id":"4592"},"type":"Feature"},{"geometry":{"coordinates":[-80.06091,26.83729],"type":"Point"},"properties":{"kind":"stop","name":"FEDERAL HWY at MC LAREN RD","stop_id":"46"},"type":"Feature"},{"geometry":{"coordinates":[-80.05578,26.80775],"type":"Point"},"properties":{"kind":"stop","name":"FEDERAL HWY at NORTHLAKE BLVD","stop_id":"460"},"type":"Feature"},{"geometry":{"coordinates":[-80.14495,26.65104],"type":"Point"},"properties":{"kind":"stop","name":"FOREST HILL BLVD at JOG RD E","stop_id":"4606"},"type":"Feature"},{"geometry":{"coordinates":[-80.13639,26.6522],"type":"Point"},"properties":{"kind":"stop","name":"FOREST HILL BLVD at SHERWOOD FOREST","stop_id":"4607"},"type":"Feature"},{"geometry":{"coordinates":[-80.13289,26.65209],"type":"Point"},"properties":{"kind":"stop","name":"FOREST HILL BLVD at KUDZA RD","stop_id":"4609"},"type":"Feature"},{"geometry":{"coordinates":[-80.05638,26.81068],"type":"Point"},"properties":{"kind":"stop","name":"FEDERAL HWY at  ANCHORAGE DR","stop_id":"461"},"type":"Feature"},{"geometry":{"coordinates":[-80.12977,26.652],"type":"Point"},"properties":{"kind":"stop","name":"FOREST HILL BLVD at MAYPOP RD","stop_id":"4610"},"type":"Feature"},{"geometry":{"coordinates":[-80.12609,26.65185],"type":"Point"},"properties":{"kind":"stop","name":"FOREST HILL BLVD at ABBEY RD","stop_id":"4611"},"type":"Feature"},{"geometry":{"coordinates":[-80.12262,26.65177],"type":"Point"},"properties":{"kind":"stop","name":"FOREST HILL BLVD at HAVERHILL RD W","stop_id":"4612"},"type":"Feature"},{"geometry":{"coordinates":[-80.12009,26.65168],"type":"Point"},"properties":{"kind":"stop","name":"FOREST HILL BLVD at HAVERHILL RD E","stop_id":"4613"},"type":"Feature"},{"geometry":{"coordinates":[-80.11776,26.65163],"type":"Point"},"properties":{"kind":"stop","name":"FOREST HILL BLVD at BAY MEADOWS DR","stop_id":"4614"},"type":"Feature"},{"geometry":{"coordinates":[-80.11404,26.65154],"type":"Point"},"properties":{"kind":"stop","name":"FOREST HILL BLVD at MILITARY TRL","stop_id":"4615"},"type":"Feature"},{"geometry":{"coordinates":[-80.11125,26.65144],"type":"Point"},"properties":{"kind":"stop","name":"FOREST HILL BLVD at SYMS PLZ","stop_id":"4616"},"type":"Feature"},{"geometry":{"coordinates":[-80.10776,26.65136],"type":"Point"},"properties":{"kind":"stop","name":"FOREST HILL BLVD at FOREST AVE","stop_id":"4617"},"type":"Feature"},{"geometry":{"coordinates":[-80.10489,26.65128],"type":"Point"},"properties":{"kind":"stop","name":"FOREST HILL BLVD at KIRK RD","stop_id":"4618"},"type":"Feature"},{"geometry":{"coordinates":[-80.10244,26.65123],"type":"Point"},"properties":{"kind":"stop","name":"FOREST HILL BLVD at SHADETREE WAY","stop_id":"4619"},"type":"Feature"},{"geometry":{"coordinates":[-80.05699,26.81383],"type":"Point"},"properties":{"kind":"stop","name":"FEDERAL HWY at EBBTIDE DR","stop_id":"462"},"type":"Feature"},{"geometry":{"coordinates":[-80.10023,26.65114],"type":"Point"},"properties":{"kind":"stop","name":"FOREST HILL BLVD at BELL LN","stop_id":"4620"},"type":"Feature"},{"geometry":{"coordinates":[-80.09583,26.651],"type":"Point"},"properties":{"kind":"stop","name":"FOREST HILL BLVD at TUCKER RD","stop_id":"4621"},"type":"Feature"},{"geometry":{"coordinates":[-80.09324,26.65091],"type":"Point"},"properties":{"kind":"stop","name":"FOREST HILL BLVD at PBC SCHOOL BOAR","stop_id":"4622"},"type":"Feature"},{"geometry":{"coordinates":[-80.08975,26.65079],"type":"Point"},"properties":{"kind":"stop","name":"FOREST HILL BLVD at ALICE AVE","stop_id":"4623"},"type":"Feature"},{"geometry":{"coordinates":[-80.08696,26.65069],"type":"Point"},"properties":{"kind":"stop","name":"FOREST HILL BLVD at CHOCTAW RD","stop_id":"4624"},"type":"Feature"},{"geometry":{"coordinates":[-80.08496,26.65063],"type":"Point"},"properties":{"kind":"stop","name":"FOREST HILL BLVD at MUSKOGEE RD","stop_id":"4625"},"type":"Feature"},{"geometry":{"coordinates":[-80.08306,26.65059],"type":"Point"},"properties":{"kind":"stop","name":"FOREST HILL BLVD at BLD2670","stop_id":"4626"},"type":"Feature"},{"geometry":{"coordinates":[-80.07946,26.65092],"type":"Point"},"properties":{"kind":"stop","name":"FOREST HILL BLVD at FLORIDA MANGO RD","stop_id":"4627"},"type":"Feature"},{"geometry":{"coordinates":[-80.05767,26.81755],"type":"Point"},"properties":{"kind":"stop","name":"FEDERAL HWY at LIGHTHOUSE DR","stop_id":"463"},"type":"Feature"},{"geometry":{"coordinates":[-80.07689,26.66599],"type":"Point"},"properties":{"kind":"stop","name":"SUMMIT BLVD at  W PATRICK CIR","stop_id":"4635"},"type":"Feature"},{"geometry":{"coordinates":[-80.06965,26.66583],"type":"Point"},"properties":{"kind":"stop","name":"SUMMIT BLVD at  PALM BCH ZOO","stop_id":"4637"},"type":"Feature"},{"geometry":{"coordinates":[-80.06631,26.66572],"type":"Point"},"properties":{"kind":"stop","name":"SUMMIT BLVD at  LENOX RD","stop_id":"4638"},"type":"Feature"},{"geometry":{"coordinates":[-80.06315,26.6658],"type":"Point"},"properties":{"kind":"stop","name":"SUMMIT BLVD at  PARKER AVE","stop_id":"4639"},"type":"Feature"},{"geometry":{"coordinates":[-80.05927,26.82167],"type":"Point"},"properties":{"kind":"stop","name":"FEDERAL HWY at N ANCHORAGE","stop_id":"464"},"type":"Feature"},{"geometry":{"coordinates":[-80.06138,26.66656],"type":"Point"},"properties":{"kind":"stop","name":"LAKE AVE at HANSEN ST","stop_id":"4640"},"type":"Feature"},{"geometry":{"coordinates":[-80.06125,26.6683],"type":"Point"},"properties":{"kind":"stop","name":"LAKE AVE at McINTOSH ST","stop_id":"4641"},"type":"Feature"},{"geometry":{"coordinates":[-80.06116,26.66956],"type":"Point"},"properties":{"kind":"stop","name":"LAKE AVE at LAKEWOOD RD","stop_id":"4642"},"type":"Feature"},{"geometry":{"coordinates":[-80.06107,26.67078],"type":"Point"},"properties":{"kind":"stop","name":"LAKE AVE at BRADLEY ST","stop_id":"4643"},"type":"Feature"},{"geometry":{"coordinates":[-80.06095,26.67225],"type":"Point"},"properties":{"kind":"stop","name":"LAKE AVE at BRIGGS ST","stop_id":"4644"},"type":"Feature"},{"geometry":{"coordinates":[-80.0608,26.67465],"type":"Point"},"properties":{"kind":"stop","name":"LAKE AVE at BLD 4110","stop_id":"4645"},"type":"Feature"},{"geometry":{"coordinates":[-80.06069,26.67655],"type":"Point"},"properties":{"kind":"stop","name":"LAKE AVE at SOUTHERN BLVD","stop_id":"4646"},"type":"Feature"},{"geometry":{"coordinates":[-80.06061,26.67923],"type":"Point"},"properties":{"kind":"stop","name":"LAKE AVE at LOCUST ST","stop_id":"4647"},"type":"Feature"},{"geometry":{"coordinates":[-80.06062,26.68123],"type":"Point"},"properties":{"kind":"stop","name":"LAKE AVE at EL VEDADO ST","stop_id":"4648"},"type":"Feature"},{"geometry":{"coordinates":[-80.0606,26.68304],"type":"Point"},"properties":{"kind":"stop","name":"LAKE AVE at RIDGEWOOD DR","stop_id":"4649"},"type":"Feature"},{"geometry":{"coordinates":[-80.06081,26.82598],"type":"Point"},"properties":{"kind":"stop","name":"FEDERAL HWY at YACHT CLUB DR","stop_id":"465"},"type":"Feature"},{"geometry":{"coordinates":[-80.06056,26.68529],"type":"Point"},"properties":{"kind":"stop","name":"LAKE AVE at HIGH ST","stop_id":"4650"},"type":"Feature"},{"geometry":{"coordinates":[-80.06049,26.6871],"type":"Point"},"properties":{"kind":"stop","name":"LAKE AVE atTALLAPOOSA ST","stop_id":"4651"},"type":"Feature"},{"geometry":{"coordinates":[-80.06044,26.6897],"type":"Point"},"properties":{"kind":"stop","name":"LAKE AVE at GOTHAM CT","stop_id":"4652"},"type":"Feature"},{"geometry":{"coordinates":[-80.06247,26.69097],"type":"Point"},"properties":{"kind":"stop","name":"PARKER AVE at BELVEDERE RD","stop_id":"4653"},"type":"Feature"},{"geometry":{"coordinates":[-80.06243,26.69238],"type":"Point"},"properties":{"kind":"stop","name":"PARKER AVE at SUNSET RD","stop_id":"4654"},"type":"Feature"},{"geometry":{"coordinates":[-80.06237,26.69362],"type":"Point"},"properties":{"kind":"stop","name":"PARKER AVE at ARDMORE RD","stop_id":"4655"},"type":"Feature"},{"geometry":{"coordinates":[-80.06225,26.69629],"type":"Point"},"properties":{"kind":"stop","name":"PARKER AVE at FLAMINGO DR","stop_id":"4656"},"type":"Feature"},{"geometry":{"coordinates":[-80.06217,26.69792],"type":"Point"},"properties":{"kind":"stop","name":"PARKER AVE at  PARK PL","stop_id":"4657"},"type":"Feature"},{"geometry":{"coordinates":[-80.06152,26.7016],"type":"Point"},"properties":{"kind":"stop","name":"PARKER AVE at HOWARD PK","stop_id":"4658"},"type":"Feature"},{"geometry":{"coordinates":[-80.06197,26.70795],"type":"Point"},"properties":{"kind":"stop","name":"TAMARIND AVE at OKEECHOBEE BLVD","stop_id":"4659"},"type":"Feature"},{"geometry":{"coordinates":[-80.05972,26.83492],"type":"Point"},"properties":{"kind":"stop","name":"FEDERAL HWY at LAKESHORE DR","stop_id":"466"},"type":"Feature"},{"geometry":{"coordinates":[-80.14248,26.65125],"type":"Point"},"properties":{"kind":"stop","name":"FOREST HILL BLVD at  WAL-MART ENT","stop_id":"4660"},"type":"Feature"},{"geometry":{"coordinates":[-80.09421,26.65124],"type":"Point"},"properties":{"kind":"stop","name":"FOREST HILL BLVD at BLD3801","stop_id":"4662"},"type":"Feature"},{"geometry":{"coordinates":[-80.14489,26.61939],"type":"Point"},"properties":{"kind":"stop","name":"LAKE WORTH RD at BANK INSTITUTION","stop_id":"4663"},"type":"Feature"},{"geometry":{"coordinates":[-80.14696,26.61434],"type":"Point"},"properties":{"kind":"stop","name":"JOG RD at PINE AVE","stop_id":"4664"},"type":"Feature"},{"geometry":{"coordinates":[-80.1466,26.6143],"type":"Point"},"properties":{"kind":"stop","name":"JOG RD at  POST OFFICE ENT","stop_id":"4665"},"type":"Feature"},{"geometry":{"coordinates":[-80.06139,26.70401],"type":"Point"},"properties":{"kind":"stop","name":"PARKER AVE at OLD OKEECHOBEE RD","stop_id":"4666"},"type":"Feature"},{"geometry":{"coordinates":[-80.14661,26.65133],"type":"Point"},"properties":{"kind":"stop","name":"FOREST HILL BLVD at  JOG RD","stop_id":"4667"},"type":"Feature"},{"geometry":{"coordinates":[-80.13972,26.65191],"type":"Point"},"properties":{"kind":"stop","name":"FOREST HILL BLVD at 16TH PL S","stop_id":"4668"},"type":"Feature"},{"geometry":{"coordinates":[-80.13988,26.65222],"type":"Point"},"properties":{"kind":"stop","name":"FOREST HILL BLVD at 16TH PL S","stop_id":"4669"},"type":"Feature"},{"geometry":{"coordinates":[-80.06097,26.83811],"type":"Point"},"properties":{"kind":"stop","name":"FEDERAL HWY at MAC LAREN","stop_id":"467"},"type":"Feature"},{"geometry":{"coordinates":[-80.16532,26.65122],"type":"Point"},"properties":{"kind":"stop","name":"FOREST HILL BL at OKEEHEELEE PK RD W","stop_id":"4670"},"type":"Feature"},{"geometry":{"coordinates":[-80.17065,26.65113],"type":"Point"},"properties":{"kind":"stop","name":"FOREST HILL BLVD at FL TURNPIKE","stop_id":"4671"},"type":"Feature"},{"geometry":{"coordinates":[-80.18243,26.65101],"type":"Point"},"properties":{"kind":"stop","name":"FOREST HILL BLVD at LYONS RD","stop_id":"4672"},"type":"Feature"},{"geometry":{"coordinates":[-80.20228,26.65054],"type":"Point"},"properties":{"kind":"stop","name":"FOREST HILL BLVD at  US-441/SR-7","stop_id":"4673"},"type":"Feature"},{"geometry":{"coordinates":[-80.1813,26.65068],"type":"Point"},"properties":{"kind":"stop","name":"FOREST HILL BLVD at LYONS RD","stop_id":"4674"},"type":"Feature"},{"geometry":{"coordinates":[-80.17015,26.65082],"type":"Point"},"properties":{"kind":"stop","name":"FOREST HILL BLVD at BLD7950","stop_id":"4675"},"type":"Feature"},{"geometry":{"coordinates":[-80.1649,26.65086],"type":"Point"},"properties":{"kind":"stop","name":"FOREST HILL BLVD at OKEEHEELEE PK E","stop_id":"4676"},"type":"Feature"},{"geometry":{"coordinates":[-80.15745,26.65093],"type":"Point"},"properties":{"kind":"stop","name":"FOREST HILL BLVD at PINEHURST RD","stop_id":"4677"},"type":"Feature"},{"geometry":{"coordinates":[-80.15141,26.651],"type":"Point"},"properties":{"kind":"stop","name":"FOREST HILL BLVD at RIVER BRIDGE BLV","stop_id":"4678"},"type":"Feature"},{"geometry":{"coordinates":[-80.1471,26.65098],"type":"Point"},"properties":{"kind":"stop","name":"FOREST HILL BLVD at JOG RD","stop_id":"4679"},"type":"Feature"},{"geometry":{"coordinates":[-80.0618,26.84178],"type":"Point"},"properties":{"kind":"stop","name":"FEDERAL HWY at COMFORT INN","stop_id":"468"},"type":"Feature"},{"geometry":{"coordinates":[-80.15172,26.65128],"type":"Point"},"properties":{"kind":"stop","name":"FOREST HILL BLVD at OLIVE TREE BLVD","stop_id":"4680"},"type":"Feature"},{"geometry":{"coordinates":[-80.15756,26.65125],"type":"Point"},"properties":{"kind":"stop","name":"FOREST HILL BLVD at PINEHURST DR","stop_id":"4681"},"type":"Feature"},{"geometry":{"coordinates":[-80.10253,26.65152],"type":"Point"},"properties":{"kind":"stop","name":"FOREST HILL BLVD at ROYAL FOREST CT","stop_id":"4682"},"type":"Feature"},{"geometry":{"coordinates":[-80.06152,26.66659],"type":"Point"},"properties":{"kind":"stop","name":"LAKE AVE at HANSEN ST","stop_id":"4683"},"type":"Feature"},{"geometry":{"coordinates":[-80.18874,26.65061],"type":"Point"},"properties":{"kind":"stop","name":"FOREST HILL BLVD at OLYMPIA BLVD","stop_id":"4685"},"type":"Feature"},{"geometry":{"coordinates":[-80.19055,26.65093],"type":"Point"},"properties":{"kind":"stop","name":"FOREST HILL BLVD at VIA BUENA VIDA","stop_id":"4686"},"type":"Feature"},{"geometry":{"coordinates":[-80.19475,26.65055],"type":"Point"},"properties":{"kind":"stop","name":"FOREST HILL BLVD at KOBOSKOS PLZ","stop_id":"4687"},"type":"Feature"},{"geometry":{"coordinates":[-80.19471,26.65089],"type":"Point"},"properties":{"kind":"stop","name":"FOREST HILL BLVD at KOBOSKOS PLZ","stop_id":"4688"},"type":"Feature"},{"geometry":{"coordinates":[-80.05989,26.83409],"type":"Point"},"properties":{"kind":"stop","name":"FEDERAL HWY at GOLF VIEW RD","stop_id":"47"},"type":"Feature"},{"geometry":{"coordinates":[-80.06121,26.82628],"type":"Point"},"properties":{"kind":"stop","name":"FEDERAL HWY at YACHT CLUB DR","stop_id":"48"},"type":"Feature"},{"geometry":{"coordinates":[-80.66129,26.82567],"type":"Point"},"properties":{"kind":"stop","name":"BARFIELD HWY at MAIN ST/US-441","stop_id":"4800"},"type":"Feature"},{"geometry":{"coordinates":[-80.66656,26.8218],"type":"Point"},"properties":{"kind":"stop","name":"RARDIN AVE at W 2ND ST","stop_id":"4808"},"type":"Feature"},{"geometry":{"coordinates":[-80.66069,26.81221],"type":"Point"},"properties":{"kind":"stop","name":"PADGETT CIR at WADDELL WAY","stop_id":"4810"},"type":"Feature"},{"geometry":{"coordinates":[-80.661,26.81146],"type":"Point"},"properties":{"kind":"stop","name":"PADGETT CIR at WHIDDEN RD","stop_id":"4811"},"type":"Feature"},{"geometry":{"coordinates":[-80.66041,26.81028],"type":"Point"},"properties":{"kind":"stop","name":"PADGETT CIR at WHIDDEN RD","stop_id":"4812"},"type":"Feature"},{"geometry":{"coordinates":[-80.65883,26.81099],"type":"Point"},"properties":{"kind":"stop","name":"PADGETT CIR at WADDELL WAY","stop_id":"4813"},"type":"Feature"},{"geometry":{"coordinates":[-80.65776,26.81273],"type":"Point"},"properties":{"kind":"stop","name":"PADGETT CIR at  E 7TH ST/BLD 899","stop_id":"4814"},"type":"Feature"},{"geometry":{"coordinates":[-80.65405,26.81254],"type":"Point"},"properties":{"kind":"stop","name":"N MAIN ST at STATE MARKET RD","stop_id":"4815"},"type":"Feature"},{"geometry":{"coordinates":[-80.65342,26.81006],"type":"Point"},"properties":{"kind":"stop","name":"BELLE GLADES RD at PEE HOKEY","stop_id":"4816"},"type":"Feature"},{"geometry":{"coordinates":[-80.65344,26.80825],"type":"Point"},"properties":{"kind":"stop","name":"BELLE GLADE RD at N 86TH ST","stop_id":"4817"},"type":"Feature"},{"geometry":{"coordinates":[-80.65239,26.80736],"type":"Point"},"properties":{"kind":"stop","name":"SHIRLEY DR at  MAPLE DR","stop_id":"4818"},"type":"Feature"},{"geometry":{"coordinates":[-80.65118,26.80639],"type":"Point"},"properties":{"kind":"stop","name":"SHIRLEY DR at  CHAMBERLAIN CT","stop_id":"4819"},"type":"Feature"},{"geometry":{"coordinates":[-80.64986,26.80658],"type":"Point"},"properties":{"kind":"stop","name":"SHIRLEY DR at  HOLMAN CT","stop_id":"4820"},"type":"Feature"},{"geometry":{"coordinates":[-80.65064,26.80714],"type":"Point"},"properties":{"kind":"stop","name":"SHIRLEY DR at BLDG 140","stop_id":"4822"},"type":"Feature"},{"geometry":{"coordinates":[-80.65322,26.80751],"type":"Point"},"properties":{"kind":"stop","name":"SHIRLEY DR at N MAIN ST","stop_id":"4823"},"type":"Feature"},{"geometry":{"coordinates":[-80.65342,26.79125],"type":"Point"},"properties":{"kind":"stop","name":"US-441/SR-15 at MORGAN RD/NEW HOPE","stop_id":"4824"},"type":"Feature"},{"geometry":{"coordinates":[-80.66443,26.73281],"type":"Point"},"properties":{"kind":"stop","name":"US-441/SR-15 at RUNYON VLG","stop_id":"4825"},"type":"Feature"},{"geometry":{"coordinates":[-80.68656,26.66359],"type":"Point"},"properties":{"kind":"stop","name":"SR-80 at SPOONER RD","stop_id":"4831"},"type":"Feature"},{"geometry":{"coordinates":[-80.68393,26.68623],"type":"Point"},"properties":{"kind":"stop","name":"SR-715 at AVE A","stop_id":"4832"},"type":"Feature"},{"geometry":{"coordinates":[-80.66293,26.8255],"type":"Point"},"properties":{"kind":"stop","name":"MAIN ST at BARFIELD HWY","stop_id":"4839"},"type":"Feature"},{"geometry":{"coordinates":[-80.66159,26.82396],"type":"Point"},"properties":{"kind":"stop","name":"BARACK OBAMA BLVD at BARFIELD HWY","stop_id":"4840"},"type":"Feature"},{"geometry":{"coordinates":[-80.66415,26.82396],"type":"Point"},"properties":{"kind":"stop","name":"BARACK OBAMA BLVD at ANNONA ST","stop_id":"4841"},"type":"Feature"},{"geometry":{"coordinates":[-80.66753,26.82003],"type":"Point"},"properties":{"kind":"stop","name":"AMARYLLIS AVE at W 3RD ST","stop_id":"4842"},"type":"Feature"},{"geometry":{"coordinates":[-80.6675,26.81711],"type":"Point"},"properties":{"kind":"stop","name":"AMARYLLIS AVE at DANIEL PL","stop_id":"4843"},"type":"Feature"},{"geometry":{"coordinates":[-80.66751,26.81495],"type":"Point"},"properties":{"kind":"stop","name":"AMARYLLIS AVE at W 6TH ST","stop_id":"4844"},"type":"Feature"},{"geometry":{"coordinates":[-80.67073,26.68592],"type":"Point"},"properties":{"kind":"stop","name":"NW 3RD ST at W AV A ST","stop_id":"4853"},"type":"Feature"},{"geometry":{"coordinates":[-80.67074,26.66985],"type":"Point"},"properties":{"kind":"stop","name":"MAIN ST/SR-80 at BLD 400","stop_id":"4856"},"type":"Feature"},{"geometry":{"coordinates":[-80.67036,26.67831],"type":"Point"},"properties":{"kind":"stop","name":"S MAIN ST/SR-80 at SE AVE G ST","stop_id":"4857"},"type":"Feature"},{"geometry":{"coordinates":[-80.67059,26.6747],"type":"Point"},"properties":{"kind":"stop","name":"S MAIN ST/SR-80 at BIG LAKE PLZ ENT","stop_id":"4858"},"type":"Feature"},{"geometry":{"coordinates":[-80.68404,26.68609],"type":"Point"},"properties":{"kind":"stop","name":"SR-715 at W AVE A","stop_id":"4859"},"type":"Feature"},{"geometry":{"coordinates":[-80.66864,26.68128],"type":"Point"},"properties":{"kind":"stop","name":"MAIN ST at MLK BLVD","stop_id":"4860"},"type":"Feature"},{"geometry":{"coordinates":[-80.68736,26.66393],"type":"Point"},"properties":{"kind":"stop","name":"SR-80 at SR-715","stop_id":"4861"},"type":"Feature"},{"geometry":{"coordinates":[-80.67065,26.67282],"type":"Point"},"properties":{"kind":"stop","name":"S MAIN ST/SR-80 at SW AV J ST","stop_id":"4862"},"type":"Feature"},{"geometry":{"coordinates":[-80.67122,26.66618],"type":"Point"},"properties":{"kind":"stop","name":"MAIN ST/SR-80 at CNTY RD 827A","stop_id":"4863"},"type":"Feature"},{"geometry":{"coordinates":[-80.67841,26.66397],"type":"Point"},"properties":{"kind":"stop","name":"MAIN ST/SR-80 at GLADES GLEN DR","stop_id":"4864"},"type":"Feature"},{"geometry":{"coordinates":[-80.68461,26.66285],"type":"Point"},"properties":{"kind":"stop","name":"EVERGLADES ST at S MAIN ST","stop_id":"4865"},"type":"Feature"},{"geometry":{"coordinates":[-80.68372,26.66165],"type":"Point"},"properties":{"kind":"stop","name":"EVERGLADES ST at CARVER ST","stop_id":"4866"},"type":"Feature"},{"geometry":{"coordinates":[-80.68218,26.66137],"type":"Point"},"properties":{"kind":"stop","name":"ROOSEVELT ST at CARVER ST","stop_id":"4867"},"type":"Feature"},{"geometry":{"coordinates":[-80.68072,26.66348],"type":"Point"},"properties":{"kind":"stop","name":"ROOSEVELT ST at DAVIS ST","stop_id":"4868"},"type":"Feature"},{"geometry":{"coordinates":[-80.67767,26.66365],"type":"Point"},"properties":{"kind":"stop","name":"MAIN ST/SR-80 at 1ST ST","stop_id":"4870"},"type":"Feature"},{"geometry":{"coordinates":[-80.67075,26.66649],"type":"Point"},"properties":{"kind":"stop","name":"MAIN ST/SR-80 at CR-827A","stop_id":"4871"},"type":"Feature"},{"geometry":{"coordinates":[-80.67043,26.66974],"type":"Point"},"properties":{"kind":"stop","name":"MAIN ST/SR-80 at SE AV K ST","stop_id":"4872"},"type":"Feature"},{"geometry":{"coordinates":[-80.67034,26.67298],"type":"Point"},"properties":{"kind":"stop","name":"MAIN ST/SR-80 at SW AV J ST","stop_id":"4874"},"type":"Feature"},{"geometry":{"coordinates":[-80.67024,26.67582],"type":"Point"},"properties":{"kind":"stop","name":"MAIN ST/SR-80 at BLD 833","stop_id":"4875"},"type":"Feature"},{"geometry":{"coordinates":[-80.67009,26.67815],"type":"Point"},"properties":{"kind":"stop","name":"MAIN ST/SR-80 at SE AV G ST","stop_id":"4876"},"type":"Feature"},{"geometry":{"coordinates":[-80.66979,26.68395],"type":"Point"},"properties":{"kind":"stop","name":"SW 2ND ST at SW AV C ST","stop_id":"4878"},"type":"Feature"},{"geometry":{"coordinates":[-80.66423,26.73287],"type":"Point"},"properties":{"kind":"stop","name":"US-441/SR-15 at RUNYON VLG","stop_id":"4888"},"type":"Feature"},{"geometry":{"coordinates":[-80.65326,26.79103],"type":"Point"},"properties":{"kind":"stop","name":"US-441/SR-15 at MORGAN RD/NEW HOPE","stop_id":"4889"},"type":"Feature"},{"geometry":{"coordinates":[-80.65324,26.81009],"type":"Point"},"properties":{"kind":"stop","name":"US-441/SR-15 at PEE HOKEY DR","stop_id":"4891"},"type":"Feature"},{"geometry":{"coordinates":[-80.65338,26.81205],"type":"Point"},"properties":{"kind":"stop","name":"N MAIN ST at STATE MARKET RD","stop_id":"4892"},"type":"Feature"},{"geometry":{"coordinates":[-80.6579,26.81261],"type":"Point"},"properties":{"kind":"stop","name":"PADGETT CIR at E 7TH ST","stop_id":"4893"},"type":"Feature"},{"geometry":{"coordinates":[-80.65924,26.81086],"type":"Point"},"properties":{"kind":"stop","name":"PADGETT CIR at WHIDDEN RD","stop_id":"4894"},"type":"Feature"},{"geometry":{"coordinates":[-80.66102,26.81115],"type":"Point"},"properties":{"kind":"stop","name":"PADGETT CIR at WHIDDEN RD","stop_id":"4896"},"type":"Feature"},{"geometry":{"coordinates":[-80.66057,26.81264],"type":"Point"},"properties":{"kind":"stop","name":"PADGETT CIR at E 7TH ST","stop_id":"4897"},"type":"Feature"},{"geometry":{"coordinates":[-80.66691,26.81306],"type":"Point"},"properties":{"kind":"stop","name":"W 7TH AVE at AMARYLLIS AVE","stop_id":"4898"},"type":"Feature"},{"geometry":{"coordinates":[-80.05938,26.82094],"type":"Point"},"properties":{"kind":"stop","name":"FEDERAL HWY at ANCHORAGE DR","stop_id":"49"},"type":"Feature"},{"geometry":{"coordinates":[-80.6662,26.81333],"type":"Point"},"properties":{"kind":"stop","name":"MCCLURE  RD at RARDIN AVE","stop_id":"4900"},"type":"Feature"},{"geometry":{"coordinates":[-80.66736,26.81363],"type":"Point"},"properties":{"kind":"stop","name":"AMARYLLIS  AVE at GOLDEN PL","stop_id":"4905"},"type":"Feature"},{"geometry":{"coordinates":[-80.66742,26.81487],"type":"Point"},"properties":{"kind":"stop","name":"AMARYLLIS  AVE at W 6TH ST","stop_id":"4906"},"type":"Feature"},{"geometry":{"coordinates":[-80.6674,26.81652],"type":"Point"},"properties":{"kind":"stop","name":"AMARYLLIS  AVE at W 5TH ST/MLK","stop_id":"4907"},"type":"Feature"},{"geometry":{"coordinates":[-80.66738,26.81826],"type":"Point"},"properties":{"kind":"stop","name":"AMARYLLIS  AVE at W 4TH ST","stop_id":"4908"},"type":"Feature"},{"geometry":{"coordinates":[-80.66739,26.82013],"type":"Point"},"properties":{"kind":"stop","name":"AMARYLLIS  AVE at W 3RD ST","stop_id":"4909"},"type":"Feature"},{"geometry":{"coordinates":[-80.66642,26.82193],"type":"Point"},"properties":{"kind":"stop","name":"RARDIN AVE at E 2ND ST","stop_id":"4911"},"type":"Feature"},{"geometry":{"coordinates":[-80.6643,26.82477],"type":"Point"},"properties":{"kind":"stop","name":"E MAIN ST at BLD 228","stop_id":"4913"},"type":"Feature"},{"geometry":{"coordinates":[-80.07635,26.39792],"type":"Point"},"properties":{"kind":"stop","name":"FEDERAL HWY at NEWCASTLE ST","stop_id":"494"},"type":"Feature"},{"geometry":{"coordinates":[-80.05446,26.55774],"type":"Point"},"properties":{"kind":"stop","name":"FEDERAL HWY at MINER RD","stop_id":"498"},"type":"Feature"},{"geometry":{"coordinates":[-80.05801,26.52925],"type":"Point"},"properties":{"kind":"stop","name":"FEDERAL HWY at BOYNTON BCH BLVD","stop_id":"499"},"type":"Feature"},{"geometry":{"coordinates":[-80.09356,26.69128],"type":"Point"},"properties":{"kind":"stop","name":"BELVEDERE RD at MARINE DR","stop_id":"4999"},"type":"Feature"},{"geometry":{"coordinates":[-80.05785,26.81684],"type":"Point"},"properties":{"kind":"stop","name":"FEDERAL HWY at LIGHTHOUSE DR","stop_id":"50"},"type":"Feature"},{"geometry":{"coordinates":[-80.05348,26.57246],"type":"Point"},"properties":{"kind":"stop","name":"DIXIE HWY at HYPOLUXO RD","stop_id":"500"},"type":"Feature"},{"geometry":{"coordinates":[-80.68411,26.71226],"type":"Point"},"properties":{"kind":"stop","name":"NW 16TH ST at TEDDAR RD","stop_id":"5023"},"type":"Feature"},{"geometry":{"coordinates":[-80.68411,26.70321],"type":"Point"},"properties":{"kind":"stop","name":"NW 16TH ST at PBC SDWA OFC","stop_id":"5024"},"type":"Feature"},{"geometry":{"coordinates":[-80.68409,26.69597],"type":"Point"},"properties":{"kind":"stop","name":"NW 16TH ST at NW AV L ST","stop_id":"5027"},"type":"Feature"},{"geometry":{"coordinates":[-80.6841,26.69304],"type":"Point"},"properties":{"kind":"stop","name":"NW 16TH ST at PALM ST","stop_id":"5029"},"type":"Feature"},{"geometry":{"coordinates":[-80.68407,26.69099],"type":"Point"},"properties":{"kind":"stop","name":"NW 16TH ST at NW AV F ST","stop_id":"5030"},"type":"Feature"},{"geometry":{"coordinates":[-80.68786,26.67764],"type":"Point"},"properties":{"kind":"stop","name":"PBSC BLG SVC RD at ADMIN BLD","stop_id":"5036"},"type":"Feature"},{"geometry":{"coordinates":[-80.66959,26.68234],"type":"Point"},"properties":{"kind":"stop","name":"SW MLK BLVD at SW 2ND ST","stop_id":"5037"},"type":"Feature"},{"geometry":{"coordinates":[-80.67171,26.68236],"type":"Point"},"properties":{"kind":"stop","name":"SW MLK BLVD at SW 4TH ST","stop_id":"5038"},"type":"Feature"},{"geometry":{"coordinates":[-80.67369,26.68236],"type":"Point"},"properties":{"kind":"stop","name":"SW MLK BLVD at SW 6TH ST","stop_id":"5039"},"type":"Feature"},{"geometry":{"coordinates":[-80.67573,26.68236],"type":"Point"},"properties":{"kind":"stop","name":"SW MLK BLVD at SW 8TH ST","stop_id":"5040"},"type":"Feature"},{"geometry":{"coordinates":[-80.67778,26.68238],"type":"Point"},"properties":{"kind":"stop","name":"SW MLK BLVD at SW 10TH ST","stop_id":"5041"},"type":"Feature"},{"geometry":{"coordinates":[-80.67975,26.68237],"type":"Point"},"properties":{"kind":"stop","name":"SW MLK BLVD at SW 12TH ST","stop_id":"5042"},"type":"Feature"},{"geometry":{"coordinates":[-80.68214,26.68239],"type":"Point"},"properties":{"kind":"stop","name":"SW MLK BLVD at SW 14TH ST","stop_id":"5043"},"type":"Feature"},{"geometry":{"coordinates":[-80.68502,26.68079],"type":"Point"},"properties":{"kind":"stop","name":"SW 16TH ST at SW AVE E ST","stop_id":"5044"},"type":"Feature"},{"geometry":{"coordinates":[-80.68594,26.67942],"type":"Point"},"properties":{"kind":"stop","name":"SW 16TH ST at AMERIGAS BLDG","stop_id":"5045"},"type":"Feature"},{"geometry":{"coordinates":[-80.71299,26.66439],"type":"Point"},"properties":{"kind":"stop","name":"W PALM BCH RD at NW 1ST AVE","stop_id":"5052"},"type":"Feature"},{"geometry":{"coordinates":[-80.7167,26.66404],"type":"Point"},"properties":{"kind":"stop","name":"PALM BCH RD at SW 5TH AVE","stop_id":"5053"},"type":"Feature"},{"geometry":{"coordinates":[-80.72002,26.66402],"type":"Point"},"properties":{"kind":"stop","name":"W PALM BCH RD at ILEX ST","stop_id":"5054"},"type":"Feature"},{"geometry":{"coordinates":[-80.71842,26.66776],"type":"Point"},"properties":{"kind":"stop","name":"NW 2ND ST at US-27","stop_id":"5055"},"type":"Feature"},{"geometry":{"coordinates":[-80.71544,26.66402],"type":"Point"},"properties":{"kind":"stop","name":"SR-80 at US-27","stop_id":"5057"},"type":"Feature"},{"geometry":{"coordinates":[-80.71341,26.66411],"type":"Point"},"properties":{"kind":"stop","name":"SR-80 at SW 2ND AVE","stop_id":"5058"},"type":"Feature"},{"geometry":{"coordinates":[-80.7108,26.66413],"type":"Point"},"properties":{"kind":"stop","name":"SR-80 at SE 2ND AVE","stop_id":"5059"},"type":"Feature"},{"geometry":{"coordinates":[-80.70882,26.6641],"type":"Point"},"properties":{"kind":"stop","name":"SR-80 at SE 4TH AVE","stop_id":"5060"},"type":"Feature"},{"geometry":{"coordinates":[-80.68574,26.67933],"type":"Point"},"properties":{"kind":"stop","name":"SW 16TH ST at AMERIGAS BLD","stop_id":"5064"},"type":"Feature"},{"geometry":{"coordinates":[-80.68486,26.68073],"type":"Point"},"properties":{"kind":"stop","name":"SW 16TH ST at SW MLK BLVD","stop_id":"5065"},"type":"Feature"},{"geometry":{"coordinates":[-80.68204,26.68218],"type":"Point"},"properties":{"kind":"stop","name":"SW MLK BLVD at SW 14TH ST","stop_id":"5066"},"type":"Feature"},{"geometry":{"coordinates":[-80.68031,26.68218],"type":"Point"},"properties":{"kind":"stop","name":"SW MLK BLVD at SW 12TH ST","stop_id":"5067"},"type":"Feature"},{"geometry":{"coordinates":[-80.67812,26.68216],"type":"Point"},"properties":{"kind":"stop","name":"SW MLK BLVD at SW 10TH ST","stop_id":"5068"},"type":"Feature"},{"geometry":{"coordinates":[-80.67622,26.68219],"type":"Point"},"properties":{"kind":"stop","name":"SW MLK BLVD at SW 8TH ST","stop_id":"5069"},"type":"Feature"},{"geometry":{"coordinates":[-80.6741,26.68217],"type":"Point"},"properties":{"kind":"stop","name":"SW MLK BLVD at SW 6TH ST","stop_id":"5070"},"type":"Feature"},{"geometry":{"coordinates":[-80.67144,26.68215],"type":"Point"},"properties":{"kind":"stop","name":"SW MLK BLVD at SW 4TH ST","stop_id":"5071"},"type":"Feature"},{"geometry":{"coordinates":[-80.6839,26.69294],"type":"Point"},"properties":{"kind":"stop","name":"NW 16TH ST/SR-715 at  NW AV G","stop_id":"5077"},"type":"Feature"},{"geometry":{"coordinates":[-80.68391,26.69347],"type":"Point"},"properties":{"kind":"stop","name":"NW 16TH ST/SR-715 at W CANAL ST S","stop_id":"5079"},"type":"Feature"},{"geometry":{"coordinates":[-80.6839,26.69628],"type":"Point"},"properties":{"kind":"stop","name":"NW 16TH ST/SR-715 at ICE PLANT RD","stop_id":"5080"},"type":"Feature"},{"geometry":{"coordinates":[-80.68393,26.70065],"type":"Point"},"properties":{"kind":"stop","name":"SR-715 at  NW AV P ST","stop_id":"5082"},"type":"Feature"},{"geometry":{"coordinates":[-80.6839,26.70364],"type":"Point"},"properties":{"kind":"stop","name":"NW 16TH ST at WEST TECH ED CTR","stop_id":"5083"},"type":"Feature"},{"geometry":{"coordinates":[-80.6839,26.71221],"type":"Point"},"properties":{"kind":"stop","name":"NW 16TH ST at TEDDAR RD","stop_id":"5084"},"type":"Feature"},{"geometry":{"coordinates":[-80.05735,26.81377],"type":"Point"},"properties":{"kind":"stop","name":"FEDERAL HWY at EBBTIDE DR","stop_id":"51"},"type":"Feature"},{"geometry":{"coordinates":[-80.0775,26.36926],"type":"Point"},"properties":{"kind":"stop","name":"FEDERAL HWY at BLD2201","stop_id":"512"},"type":"Feature"},{"geometry":{"coordinates":[-80.66997,26.68363],"type":"Point"},"properties":{"kind":"stop","name":"SW 2ND ST at SW AV C ST","stop_id":"5129"},"type":"Feature"},{"geometry":{"coordinates":[-80.05738,26.61804],"type":"Point"},"properties":{"kind":"stop","name":"DIXIE HWY at 2ND AVE N","stop_id":"513"},"type":"Feature"},{"geometry":{"coordinates":[-80.66968,26.68214],"type":"Point"},"properties":{"kind":"stop","name":"SW MLK BLVD at SW 2ND ST","stop_id":"5130"},"type":"Feature"},{"geometry":{"coordinates":[-80.7209,26.6642],"type":"Point"},"properties":{"kind":"stop","name":"NW 9TH AVE at W PALM BCH RD","stop_id":"5147"},"type":"Feature"},{"geometry":{"coordinates":[-80.71736,26.66686],"type":"Point"},"properties":{"kind":"stop","name":"US-27 at NW 1ST ST","stop_id":"5149"},"type":"Feature"},{"geometry":{"coordinates":[-80.05392,26.56681],"type":"Point"},"properties":{"kind":"stop","name":"DIXIE HWY at YACHT CLUB WAY","stop_id":"516"},"type":"Feature"},{"geometry":{"coordinates":[-80.05406,26.56348],"type":"Point"},"properties":{"kind":"stop","name":"DIXIE HWY at NEPTUNE DR","stop_id":"517"},"type":"Feature"},{"geometry":{"coordinates":[-80.05443,26.5598],"type":"Point"},"properties":{"kind":"stop","name":"FEDERAL HWY at PB YACHT CTR","stop_id":"518"},"type":"Feature"},{"geometry":{"coordinates":[-80.05417,26.5595],"type":"Point"},"properties":{"kind":"stop","name":"FEDERAL HWY at PB YACHT CTR","stop_id":"519"},"type":"Feature"},{"geometry":{"coordinates":[-80.05376,26.56339],"type":"Point"},"properties":{"kind":"stop","name":"FEDERAL HWY at HYPOLUXO TOWN HALL","stop_id":"520"},"type":"Feature"},{"geometry":{"coordinates":[-80.0536,26.56729],"type":"Point"},"properties":{"kind":"stop","name":"FEDERAL HWY at THE YACHT CLUB WAY","stop_id":"521"},"type":"Feature"},{"geometry":{"coordinates":[-80.05351,26.56968],"type":"Point"},"properties":{"kind":"stop","name":"FEDERAL HWY at  PARK LN E","stop_id":"522"},"type":"Feature"},{"geometry":{"coordinates":[-80.08246,26.36138],"type":"Point"},"properties":{"kind":"stop","name":"FEDERAL HWY at GLADES RD","stop_id":"523"},"type":"Feature"},{"geometry":{"coordinates":[-80.05598,26.80702],"type":"Point"},"properties":{"kind":"stop","name":"FEDERAL HWY at NORTHLAKE BLVD","stop_id":"53"},"type":"Feature"},{"geometry":{"coordinates":[-80.13239,26.6448],"type":"Point"},"properties":{"kind":"stop","name":"PURDY LN at DILL RD","stop_id":"5305"},"type":"Feature"},{"geometry":{"coordinates":[-80.13051,26.64473],"type":"Point"},"properties":{"kind":"stop","name":"PURDY LN at  RUE RD","stop_id":"5306"},"type":"Feature"},{"geometry":{"coordinates":[-80.12678,26.64463],"type":"Point"},"properties":{"kind":"stop","name":"PURDY LN at  GREENGATE CIR","stop_id":"5307"},"type":"Feature"},{"geometry":{"coordinates":[-80.12441,26.64455],"type":"Point"},"properties":{"kind":"stop","name":"PURDY LN at  LENA LN","stop_id":"5308"},"type":"Feature"},{"geometry":{"coordinates":[-80.12293,26.64451],"type":"Point"},"properties":{"kind":"stop","name":"PURDY LN at  TAYLOR LN","stop_id":"5309"},"type":"Feature"},{"geometry":{"coordinates":[-80.12023,26.6444],"type":"Point"},"properties":{"kind":"stop","name":"PURDY LN at  HAVERHILL RD","stop_id":"5310"},"type":"Feature"},{"geometry":{"coordinates":[-80.11822,26.64437],"type":"Point"},"properties":{"kind":"stop","name":"PURDY LN at  CAROMA LN","stop_id":"5311"},"type":"Feature"},{"geometry":{"coordinates":[-80.11583,26.64432],"type":"Point"},"properties":{"kind":"stop","name":"PURDY LN at  SUNSET DR","stop_id":"5312"},"type":"Feature"},{"geometry":{"coordinates":[-80.11273,26.64419],"type":"Point"},"properties":{"kind":"stop","name":"PURDY LN at  MILITARY TRL","stop_id":"5313"},"type":"Feature"},{"geometry":{"coordinates":[-80.10741,26.64404],"type":"Point"},"properties":{"kind":"stop","name":"PURDY LN at DONALD RD","stop_id":"5314"},"type":"Feature"},{"geometry":{"coordinates":[-80.10517,26.64397],"type":"Point"},"properties":{"kind":"stop","name":"PURDY LN at VLG GREEN CIR","stop_id":"5315"},"type":"Feature"},{"geometry":{"coordinates":[-80.07674,26.65252],"type":"Point"},"properties":{"kind":"stop","name":"FOREST HILL BLVD at CARISSA RD","stop_id":"5332"},"type":"Feature"},{"geometry":{"coordinates":[-80.0751,26.65366],"type":"Point"},"properties":{"kind":"stop","name":"FOREST HILL BLVD at W LAKE DR","stop_id":"5333"},"type":"Feature"},{"geometry":{"coordinates":[-80.07365,26.65446],"type":"Point"},"properties":{"kind":"stop","name":"FOREST HILL BLVD at LAKE CLARKE DR","stop_id":"5334"},"type":"Feature"},{"geometry":{"coordinates":[-80.06339,26.6552],"type":"Point"},"properties":{"kind":"stop","name":"FOREST HILL BLVD at PARKER AVE","stop_id":"5335"},"type":"Feature"},{"geometry":{"coordinates":[-80.06177,26.65516],"type":"Point"},"properties":{"kind":"stop","name":"FOREST HILL BLVD at  LAKE AVE","stop_id":"5336"},"type":"Feature"},{"geometry":{"coordinates":[-80.05924,26.65507],"type":"Point"},"properties":{"kind":"stop","name":"FOREST HILL BLVD at GEORGIA AVE","stop_id":"5337"},"type":"Feature"},{"geometry":{"coordinates":[-80.05776,26.65502],"type":"Point"},"properties":{"kind":"stop","name":"FOREST HILL BLVD at NORTON AVE","stop_id":"5338"},"type":"Feature"},{"geometry":{"coordinates":[-80.08523,26.62832],"type":"Point"},"properties":{"kind":"stop","name":"10TH AVE N at STATE ST","stop_id":"5339"},"type":"Feature"},{"geometry":{"coordinates":[-80.1042,26.64453],"type":"Point"},"properties":{"kind":"stop","name":"KIRK RD at VILLAGE GREEN","stop_id":"5340"},"type":"Feature"},{"geometry":{"coordinates":[-80.10407,26.64798],"type":"Point"},"properties":{"kind":"stop","name":"KIRK RD at L8 CANAL","stop_id":"5341"},"type":"Feature"},{"geometry":{"coordinates":[-80.10415,26.65182],"type":"Point"},"properties":{"kind":"stop","name":"KIRK RD at FOREST HILL BLVD","stop_id":"5342"},"type":"Feature"},{"geometry":{"coordinates":[-80.10428,26.65549],"type":"Point"},"properties":{"kind":"stop","name":"KIRK RD at POT O GOLD ST","stop_id":"5343"},"type":"Feature"},{"geometry":{"coordinates":[-80.0528,26.61656],"type":"Point"},"properties":{"kind":"stop","name":"LUCERNE AVE at N OLIVE AVE","stop_id":"5353"},"type":"Feature"},{"geometry":{"coordinates":[-80.05522,26.61662],"type":"Point"},"properties":{"kind":"stop","name":"LUCERNE AVE at N K ST","stop_id":"5354"},"type":"Feature"},{"geometry":{"coordinates":[-80.05782,26.61673],"type":"Point"},"properties":{"kind":"stop","name":"LUCERNE AVE at DIXIE HWY","stop_id":"5355"},"type":"Feature"},{"geometry":{"coordinates":[-80.06105,26.61678],"type":"Point"},"properties":{"kind":"stop","name":"LUCERNE AVE at N E ST","stop_id":"5356"},"type":"Feature"},{"geometry":{"coordinates":[-80.06347,26.61685],"type":"Point"},"properties":{"kind":"stop","name":"LUCERNE AVE at N C ST","stop_id":"5357"},"type":"Feature"},{"geometry":{"coordinates":[-80.06625,26.61684],"type":"Point"},"properties":{"kind":"stop","name":"LAKE WORTH RD at BLD1710","stop_id":"5358"},"type":"Feature"},{"geometry":{"coordinates":[-80.06628,26.61658],"type":"Point"},"properties":{"kind":"stop","name":"LAKE WORTH RD at LAKE WORTH HGH SCH","stop_id":"5360"},"type":"Feature"},{"geometry":{"coordinates":[-80.06251,26.61602],"type":"Point"},"properties":{"kind":"stop","name":"LAKE AVE at S D ST","stop_id":"5361"},"type":"Feature"},{"geometry":{"coordinates":[-80.05702,26.61584],"type":"Point"},"properties":{"kind":"stop","name":"LAKE AVE at DIXIE HWY","stop_id":"5364"},"type":"Feature"},{"geometry":{"coordinates":[-80.05414,26.61578],"type":"Point"},"properties":{"kind":"stop","name":"LAKE AVE at S L ST","stop_id":"5365"},"type":"Feature"},{"geometry":{"coordinates":[-80.06236,26.65533],"type":"Point"},"properties":{"kind":"stop","name":"FOREST HILL BLVD at LAKE AVE","stop_id":"5382"},"type":"Feature"},{"geometry":{"coordinates":[-80.06457,26.6554],"type":"Point"},"properties":{"kind":"stop","name":"FOREST HILL BLVD at PARKER AVE","stop_id":"5383"},"type":"Feature"},{"geometry":{"coordinates":[-80.07248,26.65515],"type":"Point"},"properties":{"kind":"stop","name":"FOREST HILL BLVD at PINE TREE LN","stop_id":"5384"},"type":"Feature"},{"geometry":{"coordinates":[-80.07465,26.65427],"type":"Point"},"properties":{"kind":"stop","name":"FOREST HILL BLVD at W LAKE DR","stop_id":"5385"},"type":"Feature"},{"geometry":{"coordinates":[-80.07707,26.65265],"type":"Point"},"properties":{"kind":"stop","name":"FOREST HILL BLVD at CARISSA RD","stop_id":"5386"},"type":"Feature"},{"geometry":{"coordinates":[-80.05537,26.80347],"type":"Point"},"properties":{"kind":"stop","name":"FEDERAL HWY at PALMETTO","stop_id":"54"},"type":"Feature"},{"geometry":{"coordinates":[-80.10525,26.64413],"type":"Point"},"properties":{"kind":"stop","name":"PURDY LN at  PARIS DR","stop_id":"5403"},"type":"Feature"},{"geometry":{"coordinates":[-80.1075,26.6442],"type":"Point"},"properties":{"kind":"stop","name":"PURDY LN at  WOODLAWN CONDO","stop_id":"5404"},"type":"Feature"},{"geometry":{"coordinates":[-80.11225,26.64433],"type":"Point"},"properties":{"kind":"stop","name":"PURDY LN at  MILITARY TRL","stop_id":"5405"},"type":"Feature"},{"geometry":{"coordinates":[-80.1156,26.64441],"type":"Point"},"properties":{"kind":"stop","name":"PURDY LN at  E PALMA CIR","stop_id":"5406"},"type":"Feature"},{"geometry":{"coordinates":[-80.11849,26.64454],"type":"Point"},"properties":{"kind":"stop","name":"PURDY LN at  E CAROL CIR","stop_id":"5407"},"type":"Feature"},{"geometry":{"coordinates":[-80.12115,26.64463],"type":"Point"},"properties":{"kind":"stop","name":"PURDY LN at  HAVERHILL RD","stop_id":"5408"},"type":"Feature"},{"geometry":{"coordinates":[-80.12533,26.64472],"type":"Point"},"properties":{"kind":"stop","name":"PURDY LN at  MONICA DR","stop_id":"5410"},"type":"Feature"},{"geometry":{"coordinates":[-80.13092,26.64488],"type":"Point"},"properties":{"kind":"stop","name":"PURDY LN at RUE RD","stop_id":"5411"},"type":"Feature"},{"geometry":{"coordinates":[-80.13322,26.64498],"type":"Point"},"properties":{"kind":"stop","name":"PURDY LN at  KUDZA RD","stop_id":"5412"},"type":"Feature"},{"geometry":{"coordinates":[-80.10434,26.65861],"type":"Point"},"properties":{"kind":"stop","name":"KIRK RD at HAPPINESS ST","stop_id":"5444"},"type":"Feature"},{"geometry":{"coordinates":[-80.14484,26.64513],"type":"Point"},"properties":{"kind":"stop","name":"PURDY LN at JOG RD","stop_id":"5445"},"type":"Feature"},{"geometry":{"coordinates":[-80.13741,26.64496],"type":"Point"},"properties":{"kind":"stop","name":"PURDY LN at SHERWOOD FOREST","stop_id":"5446"},"type":"Feature"},{"geometry":{"coordinates":[-80.1046,26.66051],"type":"Point"},"properties":{"kind":"stop","name":"KIRK RD at COLLIN DR","stop_id":"5447"},"type":"Feature"},{"geometry":{"coordinates":[-80.10037,26.66297],"type":"Point"},"properties":{"kind":"stop","name":"SUMMIT BLVD at KIRK RD","stop_id":"5448"},"type":"Feature"},{"geometry":{"coordinates":[-80.1044,26.65515],"type":"Point"},"properties":{"kind":"stop","name":"KIRK RD at POT O GOLD ST","stop_id":"5449"},"type":"Feature"},{"geometry":{"coordinates":[-80.1044,26.65094],"type":"Point"},"properties":{"kind":"stop","name":"KIRK RD at WOODHAVEN PLAZA","stop_id":"5450"},"type":"Feature"},{"geometry":{"coordinates":[-80.1043,26.64641],"type":"Point"},"properties":{"kind":"stop","name":"KIRK RD at WOODLAND RD","stop_id":"5451"},"type":"Feature"},{"geometry":{"coordinates":[-80.1402,26.64518],"type":"Point"},"properties":{"kind":"stop","name":"PURDY LN at SANTA CATALINA","stop_id":"5452"},"type":"Feature"},{"geometry":{"coordinates":[-80.1435,26.64529],"type":"Point"},"properties":{"kind":"stop","name":"PURDY LN at FOXTAIL DR","stop_id":"5453"},"type":"Feature"},{"geometry":{"coordinates":[-80.07953,26.66607],"type":"Point"},"properties":{"kind":"stop","name":"SUMMIT BLVD at FLORIDA MANGO RD","stop_id":"5454"},"type":"Feature"},{"geometry":{"coordinates":[-80.08249,26.66616],"type":"Point"},"properties":{"kind":"stop","name":"SUMMIT BLVD at PENNSYLVANIA AVE","stop_id":"5455"},"type":"Feature"},{"geometry":{"coordinates":[-80.0794,26.6663],"type":"Point"},"properties":{"kind":"stop","name":"SUMMIT BLVD at FLORIDA MANGO RD","stop_id":"5456"},"type":"Feature"},{"geometry":{"coordinates":[-80.08252,26.66646],"type":"Point"},"properties":{"kind":"stop","name":"SUMMIT BLVD at PENNSYLVANIA AVE","stop_id":"5457"},"type":"Feature"},{"geometry":{"coordinates":[-80.09345,26.84638],"type":"Point"},"properties":{"kind":"stop","name":"MEDICAL MALL BLVD at LK VICTORIA GA","stop_id":"550"},"type":"Feature"},{"geometry":{"coordinates":[-80.08955,26.85032],"type":"Point"},"properties":{"kind":"stop","name":"FAIRCHILD GARDENS AV at GARDENS PKWY","stop_id":"551"},"type":"Feature"},{"geometry":{"coordinates":[-80.08528,26.8514],"type":"Point"},"properties":{"kind":"stop","name":"GARDENS PKWY at TAYLOR DR","stop_id":"558"},"type":"Feature"},{"geometry":{"coordinates":[-80.08977,26.85008],"type":"Point"},"properties":{"kind":"stop","name":"FAIRCHILD GARDENS AV at GARDENS PKWY","stop_id":"559"},"type":"Feature"},{"geometry":{"coordinates":[-80.05495,26.79939],"type":"Point"},"properties":{"kind":"stop","name":"FEDERAL HWY at GREENBRIAR DR","stop_id":"56"},"type":"Feature"},{"geometry":{"coordinates":[-80.0891,26.84648],"type":"Point"},"properties":{"kind":"stop","name":"FAIRCHILD GARDENS AVE at  PGA BLVD","stop_id":"560"},"type":"Feature"},{"geometry":{"coordinates":[-80.09439,26.62867],"type":"Point"},"properties":{"kind":"stop","name":"10TH AVE N at  HENTHORNE DR","stop_id":"5600"},"type":"Feature"},{"geometry":{"coordinates":[-80.14369,26.63836],"type":"Point"},"properties":{"kind":"stop","name":"CRESTHAVEN BLVD at  SUNNY PINE WAY","stop_id":"5601"},"type":"Feature"},{"geometry":{"coordinates":[-80.14172,26.63755],"type":"Point"},"properties":{"kind":"stop","name":"CRESTHAVEN BLVD at  SHADY PINE WAY","stop_id":"5602"},"type":"Feature"},{"geometry":{"coordinates":[-80.13992,26.63702],"type":"Point"},"properties":{"kind":"stop","name":"CRESTHAVEN BLVD at  SKY PINE WAY","stop_id":"5603"},"type":"Feature"},{"geometry":{"coordinates":[-80.13625,26.63685],"type":"Point"},"properties":{"kind":"stop","name":"CRESTHAVEN BLVD at  FERNLEY DR W","stop_id":"5605"},"type":"Feature"},{"geometry":{"coordinates":[-80.13439,26.63671],"type":"Point"},"properties":{"kind":"stop","name":"CRESTHAVEN BLVD at  GATELY DR E","stop_id":"5606"},"type":"Feature"},{"geometry":{"coordinates":[-80.13227,26.63663],"type":"Point"},"properties":{"kind":"stop","name":"CRESTHAVEN BLVD at  W EMORY DR","stop_id":"5607"},"type":"Feature"},{"geometry":{"coordinates":[-80.13046,26.63669],"type":"Point"},"properties":{"kind":"stop","name":"CRESTHAVEN BLVD at  FERNLEY DR E","stop_id":"5608"},"type":"Feature"},{"geometry":{"coordinates":[-80.12801,26.63666],"type":"Point"},"properties":{"kind":"stop","name":"CRESTHAVEN BLVD at  W CROSLEY DR","stop_id":"5609"},"type":"Feature"},{"geometry":{"coordinates":[-80.12623,26.6366],"type":"Point"},"properties":{"kind":"stop","name":"CRESTHAVEN BLVD at  E DUDLEY DR","stop_id":"5610"},"type":"Feature"},{"geometry":{"coordinates":[-80.12445,26.63656],"type":"Point"},"properties":{"kind":"stop","name":"CRESTHAVEN BLVD at   CROSLEY DR W-E","stop_id":"5611"},"type":"Feature"},{"geometry":{"coordinates":[-80.12268,26.63686],"type":"Point"},"properties":{"kind":"stop","name":"CRESTHAVEN BLVD at  E BARKLEY DR","stop_id":"5612"},"type":"Feature"},{"geometry":{"coordinates":[-80.12069,26.63706],"type":"Point"},"properties":{"kind":"stop","name":"CRESTHAVEN BLVD at  HAVERHILL RD","stop_id":"5613"},"type":"Feature"},{"geometry":{"coordinates":[-80.14678,26.61993],"type":"Point"},"properties":{"kind":"stop","name":"JOG RD at LAKE WORTH RD","stop_id":"5614"},"type":"Feature"},{"geometry":{"coordinates":[-80.11891,26.63734],"type":"Point"},"properties":{"kind":"stop","name":"CRESTHAVEN BLVD at  E ASHLEY DR","stop_id":"5615"},"type":"Feature"},{"geometry":{"coordinates":[-80.11656,26.63751],"type":"Point"},"properties":{"kind":"stop","name":"CRESTHAVEN BLVD at  HAVENWOOD RD","stop_id":"5616"},"type":"Feature"},{"geometry":{"coordinates":[-80.11378,26.63741],"type":"Point"},"properties":{"kind":"stop","name":"CRESTHAVEN at  MILITARY TRL","stop_id":"5617"},"type":"Feature"},{"geometry":{"coordinates":[-80.11135,26.62932],"type":"Point"},"properties":{"kind":"stop","name":"10TH AVE N at MILITARY TRL","stop_id":"5618"},"type":"Feature"},{"geometry":{"coordinates":[-80.10819,26.62919],"type":"Point"},"properties":{"kind":"stop","name":"10TH AVE N at GRACE AVE","stop_id":"5619"},"type":"Feature"},{"geometry":{"coordinates":[-80.10545,26.62906],"type":"Point"},"properties":{"kind":"stop","name":"10TH AVE N at  KIRK RD","stop_id":"5620"},"type":"Feature"},{"geometry":{"coordinates":[-80.10051,26.62892],"type":"Point"},"properties":{"kind":"stop","name":"10TH AVE N at  GULFSTREAM","stop_id":"5621"},"type":"Feature"},{"geometry":{"coordinates":[-80.09711,26.62878],"type":"Point"},"properties":{"kind":"stop","name":"10TH AVE N at  DAVIS RD","stop_id":"5622"},"type":"Feature"},{"geometry":{"coordinates":[-80.09179,26.62856],"type":"Point"},"properties":{"kind":"stop","name":"10TH AVE N at  MANOR DR","stop_id":"5623"},"type":"Feature"},{"geometry":{"coordinates":[-80.09008,26.62847],"type":"Point"},"properties":{"kind":"stop","name":"10TH AVE N at CAYMAN DR","stop_id":"5624"},"type":"Feature"},{"geometry":{"coordinates":[-80.08729,26.62841],"type":"Point"},"properties":{"kind":"stop","name":"10TH AVE N at  CONGRESS AVE","stop_id":"5625"},"type":"Feature"},{"geometry":{"coordinates":[-80.08247,26.62824],"type":"Point"},"properties":{"kind":"stop","name":"10TH AVE N at  HELENA DR","stop_id":"5626"},"type":"Feature"},{"geometry":{"coordinates":[-80.07974,26.62814],"type":"Point"},"properties":{"kind":"stop","name":"10TH AVE N at  FL MANGO RD","stop_id":"5627"},"type":"Feature"},{"geometry":{"coordinates":[-80.07464,26.62796],"type":"Point"},"properties":{"kind":"stop","name":"10TH AVE N at  BOUTWELL RD","stop_id":"5628"},"type":"Feature"},{"geometry":{"coordinates":[-80.0722,26.62786],"type":"Point"},"properties":{"kind":"stop","name":"10TH AVE N at  DETROIT ST N","stop_id":"5629"},"type":"Feature"},{"geometry":{"coordinates":[-80.06408,26.62771],"type":"Point"},"properties":{"kind":"stop","name":"10TH AVE N at  N B ST","stop_id":"5630"},"type":"Feature"},{"geometry":{"coordinates":[-80.06166,26.62764],"type":"Point"},"properties":{"kind":"stop","name":"10TH AVE N at  N D ST","stop_id":"5631"},"type":"Feature"},{"geometry":{"coordinates":[-80.06003,26.62758],"type":"Point"},"properties":{"kind":"stop","name":"10TH AVE N at  N F ST","stop_id":"5632"},"type":"Feature"},{"geometry":{"coordinates":[-80.0581,26.62754],"type":"Point"},"properties":{"kind":"stop","name":"10TH AVE N at  N H ST","stop_id":"5633"},"type":"Feature"},{"geometry":{"coordinates":[-80.06067,26.60153],"type":"Point"},"properties":{"kind":"stop","name":"12TH AVE S at S F ST","stop_id":"5645"},"type":"Feature"},{"geometry":{"coordinates":[-80.06291,26.60161],"type":"Point"},"properties":{"kind":"stop","name":"12TH AVE S at S D ST","stop_id":"5646"},"type":"Feature"},{"geometry":{"coordinates":[-80.06484,26.60167],"type":"Point"},"properties":{"kind":"stop","name":"12TH AVE S at S B ST","stop_id":"5647"},"type":"Feature"},{"geometry":{"coordinates":[-80.06596,26.60903],"type":"Point"},"properties":{"kind":"stop","name":"6TH AVE S at  S A ST","stop_id":"5651"},"type":"Feature"},{"geometry":{"coordinates":[-80.07118,26.60918],"type":"Point"},"properties":{"kind":"stop","name":"6TH AVE S at  GRISWOLD DR","stop_id":"5652"},"type":"Feature"},{"geometry":{"coordinates":[-80.07443,26.60921],"type":"Point"},"properties":{"kind":"stop","name":"6TH AVE S at BRALEY ST","stop_id":"5653"},"type":"Feature"},{"geometry":{"coordinates":[-80.08729,26.60973],"type":"Point"},"properties":{"kind":"stop","name":"6TH AVE S at  PBS ENT","stop_id":"5655"},"type":"Feature"},{"geometry":{"coordinates":[-80.08997,26.60983],"type":"Point"},"properties":{"kind":"stop","name":"MELALEUCA LN at  CONGRESS AVE","stop_id":"5659"},"type":"Feature"},{"geometry":{"coordinates":[-80.09818,26.60676],"type":"Point"},"properties":{"kind":"stop","name":"MELALEUCA LN at  DAVIS RD","stop_id":"5660"},"type":"Feature"},{"geometry":{"coordinates":[-80.10194,26.60691],"type":"Point"},"properties":{"kind":"stop","name":"MELALEUCA LN at  GULFSTREAM RD","stop_id":"5661"},"type":"Feature"},{"geometry":{"coordinates":[-80.1041,26.607],"type":"Point"},"properties":{"kind":"stop","name":"MELALEUCA LN at  MATHIS ST","stop_id":"5662"},"type":"Feature"},{"geometry":{"coordinates":[-80.10613,26.6071],"type":"Point"},"properties":{"kind":"stop","name":"MELALEUCA LN at  KIRK RD","stop_id":"5663"},"type":"Feature"},{"geometry":{"coordinates":[-80.10942,26.60727],"type":"Point"},"properties":{"kind":"stop","name":"MELALEUCA LN at  MEE CT","stop_id":"5664"},"type":"Feature"},{"geometry":{"coordinates":[-80.11131,26.60738],"type":"Point"},"properties":{"kind":"stop","name":"MELALEUCA LN at  POINSETTIA LN","stop_id":"5665"},"type":"Feature"},{"geometry":{"coordinates":[-80.11479,26.60761],"type":"Point"},"properties":{"kind":"stop","name":"MELALEUCA LN at  MILITARY TRL","stop_id":"5666"},"type":"Feature"},{"geometry":{"coordinates":[-80.11837,26.60775],"type":"Point"},"properties":{"kind":"stop","name":"MELALEUCA LN at  EMPIRE WAY","stop_id":"5667"},"type":"Feature"},{"geometry":{"coordinates":[-80.12312,26.60793],"type":"Point"},"properties":{"kind":"stop","name":"MELALEUCA LN at  HAVERHILL RD","stop_id":"5668"},"type":"Feature"},{"geometry":{"coordinates":[-80.12542,26.60797],"type":"Point"},"properties":{"kind":"stop","name":"MELALEUCA LN at  SUBURBAN PINES DR","stop_id":"5669"},"type":"Feature"},{"geometry":{"coordinates":[-80.12807,26.60796],"type":"Point"},"properties":{"kind":"stop","name":"MELALEUCA LN at  MARKS WAY","stop_id":"5670"},"type":"Feature"},{"geometry":{"coordinates":[-80.13235,26.60801],"type":"Point"},"properties":{"kind":"stop","name":"MELALEUCA LN at  KNOTTY PINE CIR","stop_id":"5671"},"type":"Feature"},{"geometry":{"coordinates":[-80.13497,26.60805],"type":"Point"},"properties":{"kind":"stop","name":"MELALEUCA LN at  PINEHOV CIR","stop_id":"5672"},"type":"Feature"},{"geometry":{"coordinates":[-80.13918,26.60807],"type":"Point"},"properties":{"kind":"stop","name":"MELALEUCA LN at  SHERWOOD FOREST BLV","stop_id":"5674"},"type":"Feature"},{"geometry":{"coordinates":[-80.14116,26.60814],"type":"Point"},"properties":{"kind":"stop","name":"MELALEUCA LN at  OAK TER DR","stop_id":"5675"},"type":"Feature"},{"geometry":{"coordinates":[-80.14446,26.60824],"type":"Point"},"properties":{"kind":"stop","name":"MELALEUCA LN at  FIRE SKY DR","stop_id":"5676"},"type":"Feature"},{"geometry":{"coordinates":[-80.14599,26.60806],"type":"Point"},"properties":{"kind":"stop","name":"MELALEUCA LN at JOG RD","stop_id":"5677"},"type":"Feature"},{"geometry":{"coordinates":[-80.14352,26.60802],"type":"Point"},"properties":{"kind":"stop","name":"MELALEUCA LN at  PINE GLEN LN","stop_id":"5678"},"type":"Feature"},{"geometry":{"coordinates":[-80.14048,26.6079],"type":"Point"},"properties":{"kind":"stop","name":"MELALEUCA LN at  RAINBOW DR","stop_id":"5679"},"type":"Feature"},{"geometry":{"coordinates":[-80.13836,26.60785],"type":"Point"},"properties":{"kind":"stop","name":"MELALEUCA LN at SHERWOOD FOREST BLVD","stop_id":"5680"},"type":"Feature"},{"geometry":{"coordinates":[-80.13572,26.60786],"type":"Point"},"properties":{"kind":"stop","name":"MELALEUCA LN at  PINE HOV CIR","stop_id":"5681"},"type":"Feature"},{"geometry":{"coordinates":[-80.13174,26.60783],"type":"Point"},"properties":{"kind":"stop","name":"MELALEUCA LN at  MISTY PINES TRL","stop_id":"5682"},"type":"Feature"},{"geometry":{"coordinates":[-80.12858,26.60778],"type":"Point"},"properties":{"kind":"stop","name":"MELALEUCA LN at  WAVERLY WOODS TER","stop_id":"5683"},"type":"Feature"},{"geometry":{"coordinates":[-80.12475,26.60776],"type":"Point"},"properties":{"kind":"stop","name":"MELALEUCA LN at  SUBURBAN PINES DR","stop_id":"5684"},"type":"Feature"},{"geometry":{"coordinates":[-80.12154,26.60769],"type":"Point"},"properties":{"kind":"stop","name":"MELALEUCA LN at  HAVERHILL RD","stop_id":"5685"},"type":"Feature"},{"geometry":{"coordinates":[-80.11829,26.60751],"type":"Point"},"properties":{"kind":"stop","name":"MELALEUCA LN at  GARDNER LN","stop_id":"5686"},"type":"Feature"},{"geometry":{"coordinates":[-80.11262,26.60721],"type":"Point"},"properties":{"kind":"stop","name":"MELALEUCA LN at  MILITARY TRL","stop_id":"5687"},"type":"Feature"},{"geometry":{"coordinates":[-80.11104,26.60714],"type":"Point"},"properties":{"kind":"stop","name":"MELALEUCA LN at  BERTHA ST","stop_id":"5688"},"type":"Feature"},{"geometry":{"coordinates":[-80.10955,26.60706],"type":"Point"},"properties":{"kind":"stop","name":"MELALEUCA LN at  WITCH LN","stop_id":"5689"},"type":"Feature"},{"geometry":{"coordinates":[-80.10611,26.60688],"type":"Point"},"properties":{"kind":"stop","name":"MELALEUCA LN at  KIRK RD","stop_id":"5690"},"type":"Feature"},{"geometry":{"coordinates":[-80.10393,26.60677],"type":"Point"},"properties":{"kind":"stop","name":"MELALEUCA LN at  MATHIS ST","stop_id":"5691"},"type":"Feature"},{"geometry":{"coordinates":[-80.10153,26.60666],"type":"Point"},"properties":{"kind":"stop","name":"MELALEUCA LN at  GULFSTREAM RD","stop_id":"5692"},"type":"Feature"},{"geometry":{"coordinates":[-80.09784,26.60653],"type":"Point"},"properties":{"kind":"stop","name":"MELALEUCA LN at  DAVIS RD","stop_id":"5693"},"type":"Feature"},{"geometry":{"coordinates":[-80.09367,26.60808],"type":"Point"},"properties":{"kind":"stop","name":"6TH AVE S at  CONGRESS PARK DR","stop_id":"5694"},"type":"Feature"},{"geometry":{"coordinates":[-80.08859,26.60946],"type":"Point"},"properties":{"kind":"stop","name":"6TH AVE S at CONGRESS AVE","stop_id":"5695"},"type":"Feature"},{"geometry":{"coordinates":[-80.0863,26.60941],"type":"Point"},"properties":{"kind":"stop","name":"6TH AVE S at JOHN PRINCE PK ADMN ENT","stop_id":"5696"},"type":"Feature"},{"geometry":{"coordinates":[-80.07434,26.60901],"type":"Point"},"properties":{"kind":"stop","name":"6TH AVE S at  SUNSET DR","stop_id":"5697"},"type":"Feature"},{"geometry":{"coordinates":[-80.0708,26.60887],"type":"Point"},"properties":{"kind":"stop","name":"6TH AVE S at  BARBER AVE","stop_id":"5699"},"type":"Feature"},{"geometry":{"coordinates":[-80.05467,26.79646],"type":"Point"},"properties":{"kind":"stop","name":"FEDERAL HWY at  EVERGREEN DR","stop_id":"57"},"type":"Feature"},{"geometry":{"coordinates":[-80.06551,26.60874],"type":"Point"},"properties":{"kind":"stop","name":"6TH AVE S at S A ST","stop_id":"5700"},"type":"Feature"},{"geometry":{"coordinates":[-80.05784,26.60846],"type":"Point"},"properties":{"kind":"stop","name":"6TH AVE S at DIXIE HWY","stop_id":"5701"},"type":"Feature"},{"geometry":{"coordinates":[-80.0637,26.60862],"type":"Point"},"properties":{"kind":"stop","name":"6TH AVE S at S C ST","stop_id":"5702"},"type":"Feature"},{"geometry":{"coordinates":[-80.06173,26.60857],"type":"Point"},"properties":{"kind":"stop","name":"6TH AVE S at S E ST","stop_id":"5703"},"type":"Feature"},{"geometry":{"coordinates":[-80.08298,26.62844],"type":"Point"},"properties":{"kind":"stop","name":"10TH AVE N at PALM DR","stop_id":"5715"},"type":"Feature"},{"geometry":{"coordinates":[-80.05783,26.62773],"type":"Point"},"properties":{"kind":"stop","name":"10TH AVE N at  N H ST","stop_id":"5716"},"type":"Feature"},{"geometry":{"coordinates":[-80.06008,26.62779],"type":"Point"},"properties":{"kind":"stop","name":"10TH AVE N at  N F ST","stop_id":"5717"},"type":"Feature"},{"geometry":{"coordinates":[-80.06167,26.62783],"type":"Point"},"properties":{"kind":"stop","name":"10TH AVE N at  N D ST","stop_id":"5718"},"type":"Feature"},{"geometry":{"coordinates":[-80.06408,26.6279],"type":"Point"},"properties":{"kind":"stop","name":"10TH AVE N at  N B ST","stop_id":"5719"},"type":"Feature"},{"geometry":{"coordinates":[-80.07269,26.62808],"type":"Point"},"properties":{"kind":"stop","name":"10TH AVE N at  DETROIT ST N","stop_id":"5720"},"type":"Feature"},{"geometry":{"coordinates":[-80.07621,26.62828],"type":"Point"},"properties":{"kind":"stop","name":"10TH AVE N at  BOUTWELL RD","stop_id":"5721"},"type":"Feature"},{"geometry":{"coordinates":[-80.07964,26.62835],"type":"Point"},"properties":{"kind":"stop","name":"10TH AVE N at  FL MANGO RD","stop_id":"5722"},"type":"Feature"},{"geometry":{"coordinates":[-80.08503,26.62853],"type":"Point"},"properties":{"kind":"stop","name":"10TH AVE N at  FLEX LN","stop_id":"5723"},"type":"Feature"},{"geometry":{"coordinates":[-80.08701,26.62862],"type":"Point"},"properties":{"kind":"stop","name":"10TH AVE N at SUMMER ST","stop_id":"5724"},"type":"Feature"},{"geometry":{"coordinates":[-80.1128,26.62958],"type":"Point"},"properties":{"kind":"stop","name":"10TH AVE N at  MILITARY TRL","stop_id":"5725"},"type":"Feature"},{"geometry":{"coordinates":[-80.08978,26.62875],"type":"Point"},"properties":{"kind":"stop","name":"10TH AVE N at  CAYMAN DR","stop_id":"5726"},"type":"Feature"},{"geometry":{"coordinates":[-80.09176,26.62879],"type":"Point"},"properties":{"kind":"stop","name":"10TH AVE N at  SAN JUAN DR","stop_id":"5727"},"type":"Feature"},{"geometry":{"coordinates":[-80.09345,26.62885],"type":"Point"},"properties":{"kind":"stop","name":"10TH AVE N at  HENTHORNE DR","stop_id":"5728"},"type":"Feature"},{"geometry":{"coordinates":[-80.09745,26.629],"type":"Point"},"properties":{"kind":"stop","name":"10TH AVE N at  DAVIS RD","stop_id":"5729"},"type":"Feature"},{"geometry":{"coordinates":[-80.10122,26.62916],"type":"Point"},"properties":{"kind":"stop","name":"10TH AVE N at GULFSTREAM RD","stop_id":"5730"},"type":"Feature"},{"geometry":{"coordinates":[-80.10546,26.62928],"type":"Point"},"properties":{"kind":"stop","name":"10TH AVE N at  KIRK RD","stop_id":"5731"},"type":"Feature"},{"geometry":{"coordinates":[-80.10862,26.62941],"type":"Point"},"properties":{"kind":"stop","name":"10TH AVE N at GRACE AVE","stop_id":"5732"},"type":"Feature"},{"geometry":{"coordinates":[-80.11504,26.6377],"type":"Point"},"properties":{"kind":"stop","name":"CRESTHAVEN BLVD at  BUS BAY/S SIDE O","stop_id":"5733"},"type":"Feature"},{"geometry":{"coordinates":[-80.11832,26.63768],"type":"Point"},"properties":{"kind":"stop","name":"CRESTHAVEN BLVD at  LAKEHAVEN RD","stop_id":"5734"},"type":"Feature"},{"geometry":{"coordinates":[-80.12234,26.63714],"type":"Point"},"properties":{"kind":"stop","name":"CRESTHAVEN BLVD at  E BARKLEY DR","stop_id":"5735"},"type":"Feature"},{"geometry":{"coordinates":[-80.12378,26.63674],"type":"Point"},"properties":{"kind":"stop","name":"CRESTHAVEN BLVD at  W BARKLEY DR","stop_id":"5736"},"type":"Feature"},{"geometry":{"coordinates":[-80.12622,26.63676],"type":"Point"},"properties":{"kind":"stop","name":"CRESTHAVEN BLVD at  E DUDLEY DR","stop_id":"5737"},"type":"Feature"},{"geometry":{"coordinates":[-80.12735,26.63678],"type":"Point"},"properties":{"kind":"stop","name":"CRESTHAVEN BLVD at  W DUDLEY DR","stop_id":"5738"},"type":"Feature"},{"geometry":{"coordinates":[-80.13141,26.63678],"type":"Point"},"properties":{"kind":"stop","name":"CRESTHAVEN BLVD at EMORY DR E","stop_id":"5739"},"type":"Feature"},{"geometry":{"coordinates":[-80.13433,26.63685],"type":"Point"},"properties":{"kind":"stop","name":"CRESTHAVEN BLVD at  E GATELY DR","stop_id":"5741"},"type":"Feature"},{"geometry":{"coordinates":[-80.13582,26.63694],"type":"Point"},"properties":{"kind":"stop","name":"CRESTHAVEN BLVD at  W GATELY DR","stop_id":"5742"},"type":"Feature"},{"geometry":{"coordinates":[-80.13802,26.63711],"type":"Point"},"properties":{"kind":"stop","name":"CRESTHAVEN BLVD at  SHERWOOD FOREST","stop_id":"5743"},"type":"Feature"},{"geometry":{"coordinates":[-80.13939,26.63716],"type":"Point"},"properties":{"kind":"stop","name":"CRESTHAVEN BLVD at SEA PINE WAY","stop_id":"5744"},"type":"Feature"},{"geometry":{"coordinates":[-80.14264,26.6382],"type":"Point"},"properties":{"kind":"stop","name":"CRESTHAVEN BLVD at E SHADY PINE WAY","stop_id":"5745"},"type":"Feature"},{"geometry":{"coordinates":[-80.14416,26.63855],"type":"Point"},"properties":{"kind":"stop","name":"CRESTHAVEN BLVD at  SHADY PINE WAY W","stop_id":"5746"},"type":"Feature"},{"geometry":{"coordinates":[-80.09465,26.60767],"type":"Point"},"properties":{"kind":"stop","name":"MELALEUCA LN at  EMERALDA VISTA ST","stop_id":"5747"},"type":"Feature"},{"geometry":{"coordinates":[-80.05876,26.60151],"type":"Point"},"properties":{"kind":"stop","name":"12TH AVE S at S H ST","stop_id":"5748"},"type":"Feature"},{"geometry":{"coordinates":[-80.12,26.63728],"type":"Point"},"properties":{"kind":"stop","name":"CRESTHAVEN BLVD at W ASHLEY DR","stop_id":"5750"},"type":"Feature"},{"geometry":{"coordinates":[-80.11607,26.60733],"type":"Point"},"properties":{"kind":"stop","name":"MELALEUCA LN at PUBLIX WEST ENT","stop_id":"5756"},"type":"Feature"},{"geometry":{"coordinates":[-80.05437,26.7921],"type":"Point"},"properties":{"kind":"stop","name":"BROADWAY at SILVER BCH RD","stop_id":"59"},"type":"Feature"},{"geometry":{"coordinates":[-80.04966,26.61647],"type":"Point"},"properties":{"kind":"stop","name":"LUCERNE AVE at LAKESIDE DR","stop_id":"5900"},"type":"Feature"},{"geometry":{"coordinates":[-80.07168,26.61702],"type":"Point"},"properties":{"kind":"stop","name":"LAKE WORTH RD at CLEVELAND ST","stop_id":"5901"},"type":"Feature"},{"geometry":{"coordinates":[-80.07457,26.61713],"type":"Point"},"properties":{"kind":"stop","name":"LAKE WORTH RD at BOUTWELL RD","stop_id":"5902"},"type":"Feature"},{"geometry":{"coordinates":[-80.07978,26.61723],"type":"Point"},"properties":{"kind":"stop","name":"LAKE WORTH RD at LOUIS DR","stop_id":"5903"},"type":"Feature"},{"geometry":{"coordinates":[-80.08436,26.6174],"type":"Point"},"properties":{"kind":"stop","name":"LAKE WORTH RD at ENGLE DR","stop_id":"5904"},"type":"Feature"},{"geometry":{"coordinates":[-80.08662,26.61496],"type":"Point"},"properties":{"kind":"stop","name":"DOUGLAS DR at PBS TML","stop_id":"5905"},"type":"Feature"},{"geometry":{"coordinates":[-80.09101,26.61773],"type":"Point"},"properties":{"kind":"stop","name":"LAKE WORTH RD at S CONGRESS AVE","stop_id":"5907"},"type":"Feature"},{"geometry":{"coordinates":[-80.09777,26.61796],"type":"Point"},"properties":{"kind":"stop","name":"LAKE WORTH RD at DAVIS DR","stop_id":"5908"},"type":"Feature"},{"geometry":{"coordinates":[-80.09965,26.618],"type":"Point"},"properties":{"kind":"stop","name":"LAKE WORTH RD at  ADCOCK RD","stop_id":"5909"},"type":"Feature"},{"geometry":{"coordinates":[-80.1016,26.6181],"type":"Point"},"properties":{"kind":"stop","name":"LAKE WORTH RD at GULFSTREAM RD","stop_id":"5910"},"type":"Feature"},{"geometry":{"coordinates":[-80.10576,26.61822],"type":"Point"},"properties":{"kind":"stop","name":"LAKE WORTH RD at KIRK RD","stop_id":"5911"},"type":"Feature"},{"geometry":{"coordinates":[-80.10887,26.61839],"type":"Point"},"properties":{"kind":"stop","name":"LAKE WORTH RD at HOME DEPOT","stop_id":"5912"},"type":"Feature"},{"geometry":{"coordinates":[-80.11411,26.61863],"type":"Point"},"properties":{"kind":"stop","name":"LAKE WORTH RD at MILITARY TRL","stop_id":"5913"},"type":"Feature"},{"geometry":{"coordinates":[-80.11891,26.61881],"type":"Point"},"properties":{"kind":"stop","name":"LAKE WORTH RD at BLD4849","stop_id":"5914"},"type":"Feature"},{"geometry":{"coordinates":[-80.12252,26.61898],"type":"Point"},"properties":{"kind":"stop","name":"LAKE WORTH RD at JACKSON AVE","stop_id":"5915"},"type":"Feature"},{"geometry":{"coordinates":[-80.12453,26.61905],"type":"Point"},"properties":{"kind":"stop","name":"LAKE WORTH RD at BROWARD AVE","stop_id":"5916"},"type":"Feature"},{"geometry":{"coordinates":[-80.12623,26.61911],"type":"Point"},"properties":{"kind":"stop","name":"LAKE WORTH RD at SWAIN BLVD","stop_id":"5917"},"type":"Feature"},{"geometry":{"coordinates":[-80.13177,26.61924],"type":"Point"},"properties":{"kind":"stop","name":"LAKE WORTH RD at STEVE MOORE CHEV","stop_id":"5918"},"type":"Feature"},{"geometry":{"coordinates":[-80.13484,26.61925],"type":"Point"},"properties":{"kind":"stop","name":"LAKE WORTH RD at S 57TH AVE","stop_id":"5919"},"type":"Feature"},{"geometry":{"coordinates":[-80.17054,26.61763],"type":"Point"},"properties":{"kind":"stop","name":"LAKE WORTH RD at HADJES RD","stop_id":"5921"},"type":"Feature"},{"geometry":{"coordinates":[-80.18003,26.61754],"type":"Point"},"properties":{"kind":"stop","name":"LAKE WORTH RD at CYPRESS ISLE WAY","stop_id":"5922"},"type":"Feature"},{"geometry":{"coordinates":[-80.18172,26.61752],"type":"Point"},"properties":{"kind":"stop","name":"LAKE WORTH RD at BLANCHETTE TR","stop_id":"5923"},"type":"Feature"},{"geometry":{"coordinates":[-80.19049,26.61745],"type":"Point"},"properties":{"kind":"stop","name":"LAKE WORTH RD at LYONS RD","stop_id":"5924"},"type":"Feature"},{"geometry":{"coordinates":[-80.19633,26.61741],"type":"Point"},"properties":{"kind":"stop","name":"LAKE WORTH RD at CYPRESS EDGE DR","stop_id":"5925"},"type":"Feature"},{"geometry":{"coordinates":[-80.20145,26.6174],"type":"Point"},"properties":{"kind":"stop","name":"LAKE WORTH RD at WOODS WALK PLZ","stop_id":"5926"},"type":"Feature"},{"geometry":{"coordinates":[-80.20405,26.61739],"type":"Point"},"properties":{"kind":"stop","name":"LAKE WORTH RD at US-441/SR-7","stop_id":"5927"},"type":"Feature"},{"geometry":{"coordinates":[-80.20407,26.6316],"type":"Point"},"properties":{"kind":"stop","name":"US-441/SR-7 at WHITE HORSE DR","stop_id":"5928"},"type":"Feature"},{"geometry":{"coordinates":[-80.20455,26.63033],"type":"Point"},"properties":{"kind":"stop","name":"US-441/SR-7 at WHITE HORSE DR","stop_id":"5929"},"type":"Feature"},{"geometry":{"coordinates":[-80.20243,26.61705],"type":"Point"},"properties":{"kind":"stop","name":"LAKE WORTH RD at WOODS WALK PLZ","stop_id":"5930"},"type":"Feature"},{"geometry":{"coordinates":[-80.19534,26.61708],"type":"Point"},"properties":{"kind":"stop","name":"LAKE WORTH RD at  HUNTING TRL","stop_id":"5932"},"type":"Feature"},{"geometry":{"coordinates":[-80.18879,26.61712],"type":"Point"},"properties":{"kind":"stop","name":"LAKE WORTH RD at LYONS RD","stop_id":"5933"},"type":"Feature"},{"geometry":{"coordinates":[-80.17859,26.61722],"type":"Point"},"properties":{"kind":"stop","name":"LAKE WORTH RD at HOOCKS RD","stop_id":"5935"},"type":"Feature"},{"geometry":{"coordinates":[-80.17091,26.61727],"type":"Point"},"properties":{"kind":"stop","name":"LAKE WORTH RD at HADJES DR","stop_id":"5936"},"type":"Feature"},{"geometry":{"coordinates":[-80.16568,26.61735],"type":"Point"},"properties":{"kind":"stop","name":"LAKE WORTH RD at OHIO ST","stop_id":"5937"},"type":"Feature"},{"geometry":{"coordinates":[-80.13365,26.61895],"type":"Point"},"properties":{"kind":"stop","name":"LAKE WORTH RD at 57TH AVE","stop_id":"5938"},"type":"Feature"},{"geometry":{"coordinates":[-80.13214,26.61893],"type":"Point"},"properties":{"kind":"stop","name":"LAKE WORTH RD at BRIDGETTE BLVD","stop_id":"5939"},"type":"Feature"},{"geometry":{"coordinates":[-80.12606,26.6188],"type":"Point"},"properties":{"kind":"stop","name":"LAKE WORTH RD at SOUTHVIEW AVE","stop_id":"5940"},"type":"Feature"},{"geometry":{"coordinates":[-80.12405,26.61875],"type":"Point"},"properties":{"kind":"stop","name":"LAKE WORTH RD at ROBERTS WAY","stop_id":"5941"},"type":"Feature"},{"geometry":{"coordinates":[-80.12089,26.61863],"type":"Point"},"properties":{"kind":"stop","name":"LAKE WORTH RD at HAVERHILL RD","stop_id":"5942"},"type":"Feature"},{"geometry":{"coordinates":[-80.11818,26.61835],"type":"Point"},"properties":{"kind":"stop","name":"LAKE WORTH RD at BLD4790","stop_id":"5943"},"type":"Feature"},{"geometry":{"coordinates":[-80.11265,26.61823],"type":"Point"},"properties":{"kind":"stop","name":"LAKE WORTH RD at CHILDS ST","stop_id":"5944"},"type":"Feature"},{"geometry":{"coordinates":[-80.10915,26.61811],"type":"Point"},"properties":{"kind":"stop","name":"LAKE WORTH RD at HOME DEPOT","stop_id":"5945"},"type":"Feature"},{"geometry":{"coordinates":[-80.09416,26.61782],"type":"Point"},"properties":{"kind":"stop","name":"LAKE WORTH RD at VENTURE II","stop_id":"5946"},"type":"Feature"},{"geometry":{"coordinates":[-80.10483,26.61787],"type":"Point"},"properties":{"kind":"stop","name":"LAKE WORTH RD at KIRK RD","stop_id":"5947"},"type":"Feature"},{"geometry":{"coordinates":[-80.10251,26.61783],"type":"Point"},"properties":{"kind":"stop","name":"LAKE WORTH RD at FOSS RD","stop_id":"5948"},"type":"Feature"},{"geometry":{"coordinates":[-80.09966,26.61772],"type":"Point"},"properties":{"kind":"stop","name":"LAKE WORTH RD at COCONUT RD","stop_id":"5949"},"type":"Feature"},{"geometry":{"coordinates":[-80.09596,26.6176],"type":"Point"},"properties":{"kind":"stop","name":"LAKE WORTH RD at DAVIS RD","stop_id":"5951"},"type":"Feature"},{"geometry":{"coordinates":[-80.09351,26.61752],"type":"Point"},"properties":{"kind":"stop","name":"LAKE WORTH RD at BLD3280","stop_id":"5952"},"type":"Feature"},{"geometry":{"coordinates":[-80.08833,26.61728],"type":"Point"},"properties":{"kind":"stop","name":"LAKE WORTH RD at CONGRESS AVE","stop_id":"5953"},"type":"Feature"},{"geometry":{"coordinates":[-80.08421,26.61716],"type":"Point"},"properties":{"kind":"stop","name":"LAKE WORTH RD at ENGLE DR","stop_id":"5954"},"type":"Feature"},{"geometry":{"coordinates":[-80.07809,26.61696],"type":"Point"},"properties":{"kind":"stop","name":"LAKE WORTH RD at JOHN PRINCE PK ENT2","stop_id":"5955"},"type":"Feature"},{"geometry":{"coordinates":[-80.07726,26.6169],"type":"Point"},"properties":{"kind":"stop","name":"LAKE WORTH RD at  EVERETT CT","stop_id":"5956"},"type":"Feature"},{"geometry":{"coordinates":[-80.0742,26.61687],"type":"Point"},"properties":{"kind":"stop","name":"LAKE WORTH RD at LAKE OSBORNE DR","stop_id":"5957"},"type":"Feature"},{"geometry":{"coordinates":[-80.07062,26.61674],"type":"Point"},"properties":{"kind":"stop","name":"LAKE WORTH RD at ERIE ST","stop_id":"5958"},"type":"Feature"},{"geometry":{"coordinates":[-80.05216,26.61567],"type":"Point"},"properties":{"kind":"stop","name":"LAKE AVE at  FEDERAL HWY","stop_id":"5959"},"type":"Feature"},{"geometry":{"coordinates":[-80.05019,26.61566],"type":"Point"},"properties":{"kind":"stop","name":"LAKE AVE at S PALM WAY","stop_id":"5960"},"type":"Feature"},{"geometry":{"coordinates":[-80.04796,26.61559],"type":"Point"},"properties":{"kind":"stop","name":"LAKE AVE at S GOLFVIEW DR","stop_id":"5961"},"type":"Feature"},{"geometry":{"coordinates":[-80.03822,26.61522],"type":"Point"},"properties":{"kind":"stop","name":"LAKE AVE at OCEAN BLVD","stop_id":"5962"},"type":"Feature"},{"geometry":{"coordinates":[-80.19287,26.61709],"type":"Point"},"properties":{"kind":"stop","name":"LAKE WORTH RD at TALBOT BLVD","stop_id":"5963"},"type":"Feature"},{"geometry":{"coordinates":[-80.20377,26.64991],"type":"Point"},"properties":{"kind":"stop","name":"US-441/SR-7 at FOREST HILL BLVD","stop_id":"5964"},"type":"Feature"},{"geometry":{"coordinates":[-80.11218,26.61854],"type":"Point"},"properties":{"kind":"stop","name":"LAKE WORTH RD at N PRICE ST","stop_id":"5965"},"type":"Feature"},{"geometry":{"coordinates":[-80.20037,26.61706],"type":"Point"},"properties":{"kind":"stop","name":"LAKE WORTH RD at  WOODS WALK BLVD","stop_id":"5967"},"type":"Feature"},{"geometry":{"coordinates":[-80.19307,26.61742],"type":"Point"},"properties":{"kind":"stop","name":"LAKE WORTH RD at SUCCESS DR","stop_id":"5968"},"type":"Feature"},{"geometry":{"coordinates":[-80.06849,26.61559],"type":"Point"},"properties":{"kind":"stop","name":"LKW TRS at BAY A","stop_id":"5969"},"type":"Feature"},{"geometry":{"coordinates":[-80.20434,26.63564],"type":"Point"},"properties":{"kind":"stop","name":"US-441/SR7 at STRIBLING WAY","stop_id":"5971"},"type":"Feature"},{"geometry":{"coordinates":[-80.1858,26.61749],"type":"Point"},"properties":{"kind":"stop","name":"LAKE WORTH RD at DANIELLA DR","stop_id":"5972"},"type":"Feature"},{"geometry":{"coordinates":[-80.18561,26.61715],"type":"Point"},"properties":{"kind":"stop","name":"LAKE WORTH RD at DANIELLA DR","stop_id":"5973"},"type":"Feature"},{"geometry":{"coordinates":[-80.20386,26.63624],"type":"Point"},"properties":{"kind":"stop","name":"US-441/SR7 at STRIBLING WAY","stop_id":"5974"},"type":"Feature"},{"geometry":{"coordinates":[-80.11494,26.61835],"type":"Point"},"properties":{"kind":"stop","name":"LAKE WORTH RD at MILITARY TRL","stop_id":"5975"},"type":"Feature"},{"geometry":{"coordinates":[-80.17763,26.61759],"type":"Point"},"properties":{"kind":"stop","name":"LAKE WORTH RD at HOOKS RD","stop_id":"5977"},"type":"Feature"},{"geometry":{"coordinates":[-80.09138,26.61743],"type":"Point"},"properties":{"kind":"stop","name":"LAKE WORTH RD at ENT TO U HAUL","stop_id":"5978"},"type":"Feature"},{"geometry":{"coordinates":[-80.08258,26.61734],"type":"Point"},"properties":{"kind":"stop","name":"LAKE WORTH RD at BLD2571","stop_id":"5979"},"type":"Feature"},{"geometry":{"coordinates":[-80.16726,26.61766],"type":"Point"},"properties":{"kind":"stop","name":"LAKE WORTH RD at NASSAU RD","stop_id":"5981"},"type":"Feature"},{"geometry":{"coordinates":[-80.07665,26.61714],"type":"Point"},"properties":{"kind":"stop","name":"LAKE WORTH RD at EVERETT CT","stop_id":"5982"},"type":"Feature"},{"geometry":{"coordinates":[-80.20646,26.65107],"type":"Point"},"properties":{"kind":"stop","name":"FOREST HILL BLVD at WELLINGTON MED","stop_id":"5983"},"type":"Feature"},{"geometry":{"coordinates":[-80.08661,26.61637],"type":"Point"},"properties":{"kind":"stop","name":"PBS NE ENT at LAKE WORTH RD","stop_id":"5985"},"type":"Feature"},{"geometry":{"coordinates":[-80.05458,26.78952],"type":"Point"},"properties":{"kind":"stop","name":"BROADWAY at  34TH ST","stop_id":"60"},"type":"Feature"},{"geometry":{"coordinates":[-80.08922,26.84522],"type":"Point"},"properties":{"kind":"stop","name":"PGA BLVD at  FAIRCHILD GARDENS AVE","stop_id":"601"},"type":"Feature"},{"geometry":{"coordinates":[-80.06284,26.71156],"type":"Point"},"properties":{"kind":"stop","name":"WPB ITC at TRI RAIL","stop_id":"602"},"type":"Feature"},{"geometry":{"coordinates":[-80.06259,26.71189],"type":"Point"},"properties":{"kind":"stop","name":"WPB ITC at BAY D","stop_id":"60204"},"type":"Feature"},{"geometry":{"coordinates":[-80.06258,26.71206],"type":"Point"},"properties":{"kind":"stop","name":"WPB ITC at BAY E","stop_id":"60205"},"type":"Feature"},{"geometry":{"coordinates":[-80.06258,26.71223],"type":"Point"},"properties":{"kind":"stop","name":"WPB ITC at BAY F","stop_id":"60206"},"type":"Feature"},{"geometry":{"coordinates":[-80.06258,26.71241],"type":"Point"},"properties":{"kind":"stop","name":"WPB ITC at BAY G","stop_id":"60207"},"type":"Feature"},{"geometry":{"coordinates":[-80.06258,26.71258],"type":"Point"},"properties":{"kind":"stop","name":"WPB ITC at BAY H","stop_id":"60208"},"type":"Feature"},{"geometry":{"coordinates":[-80.0626,26.71288],"type":"Point"},"properties":{"kind":"stop","name":"WPB ITC at BAY I","stop_id":"60209"},"type":"Feature"},{"geometry":{"coordinates":[-80.0626,26.7131],"type":"Point"},"properties":{"kind":"stop","name":"WPB ITC at BAY J","stop_id":"60210"},"type":"Feature"},{"geometry":{"coordinates":[-80.06289,26.71303],"type":"Point"},"properties":{"kind":"stop","name":"WPB ITC at BAY L","stop_id":"60212"},"type":"Feature"},{"geometry":{"coordinates":[-80.06285,26.71288],"type":"Point"},"properties":{"kind":"stop","name":"WPB ITC at BAY M","stop_id":"60213"},"type":"Feature"},{"geometry":{"coordinates":[-80.06286,26.71271],"type":"Point"},"properties":{"kind":"stop","name":"WPB ITC at BAY N","stop_id":"60214"},"type":"Feature"},{"geometry":{"coordinates":[-80.06285,26.71235],"type":"Point"},"properties":{"kind":"stop","name":"WPB ITC at BAY P","stop_id":"60216"},"type":"Feature"},{"geometry":{"coordinates":[-80.08479,26.72517],"type":"Point"},"properties":{"kind":"stop","name":"PBOM SVC RD at TRML","stop_id":"603"},"type":"Feature"},{"geometry":{"coordinates":[-80.08468,26.72518],"type":"Point"},"properties":{"kind":"stop","name":"PBOM at BERTH 1","stop_id":"60301"},"type":"Feature"},{"geometry":{"coordinates":[-80.08479,26.72541],"type":"Point"},"properties":{"kind":"stop","name":"PBOM at BERTH 2","stop_id":"60302"},"type":"Feature"},{"geometry":{"coordinates":[-80.08489,26.72517],"type":"Point"},"properties":{"kind":"stop","name":"PBOM at BERTH 3","stop_id":"60303"},"type":"Feature"},{"geometry":{"coordinates":[-80.08481,26.72501],"type":"Point"},"properties":{"kind":"stop","name":"PBOM at BERTH 4","stop_id":"60304"},"type":"Feature"},{"geometry":{"coordinates":[-80.08272,26.72446],"type":"Point"},"properties":{"kind":"stop","name":"PBL BLVD at CONGRESS AVE","stop_id":"604"},"type":"Feature"},{"geometry":{"coordinates":[-80.07848,26.72491],"type":"Point"},"properties":{"kind":"stop","name":"PBL BLVD at WPB AUDITORIUM","stop_id":"605"},"type":"Feature"},{"geometry":{"coordinates":[-80.07522,26.72486],"type":"Point"},"properties":{"kind":"stop","name":"PBL BLVD at 7TH ST","stop_id":"606"},"type":"Feature"},{"geometry":{"coordinates":[-80.07119,26.72476],"type":"Point"},"properties":{"kind":"stop","name":"PBL BLVD at  GOLF AVE","stop_id":"607"},"type":"Feature"},{"geometry":{"coordinates":[-80.06706,26.72462],"type":"Point"},"properties":{"kind":"stop","name":"PBL BLVD at N AUSTRALIAN AVE","stop_id":"608"},"type":"Feature"},{"geometry":{"coordinates":[-80.06688,26.71965],"type":"Point"},"properties":{"kind":"stop","name":"AUSTRALIAN  AVE at 7TH ST","stop_id":"609"},"type":"Feature"},{"geometry":{"coordinates":[-80.05478,26.78741],"type":"Point"},"properties":{"kind":"stop","name":"BROADWAY at  OCEAN TIDE MHP","stop_id":"61"},"type":"Feature"},{"geometry":{"coordinates":[-80.05529,26.5721],"type":"Point"},"properties":{"kind":"stop","name":"HYPOLUXO RD at LANTANA VILLAGE SQUARE","stop_id":"6102"},"type":"Feature"},{"geometry":{"coordinates":[-80.05706,26.57195],"type":"Point"},"properties":{"kind":"stop","name":"HYPOLUXO RD at OVERLOOK RD","stop_id":"6103"},"type":"Feature"},{"geometry":{"coordinates":[-80.08453,26.58775],"type":"Point"},"properties":{"kind":"stop","name":"LANTANA RD at VIA VERMILYA ST","stop_id":"6109"},"type":"Feature"},{"geometry":{"coordinates":[-80.08258,26.58768],"type":"Point"},"properties":{"kind":"stop","name":"LANTANA RD at BLD 2350 MAIN ENT","stop_id":"6110"},"type":"Feature"},{"geometry":{"coordinates":[-80.08246,26.588],"type":"Point"},"properties":{"kind":"stop","name":"LANTANA RD at FIRE STN M ENT","stop_id":"6111"},"type":"Feature"},{"geometry":{"coordinates":[-80.10527,26.57446],"type":"Point"},"properties":{"kind":"stop","name":"LAWRENCE RD at ARTHURIUM AVE","stop_id":"6112"},"type":"Feature"},{"geometry":{"coordinates":[-80.10573,26.54602],"type":"Point"},"properties":{"kind":"stop","name":"GATEWAY BLVD at  LAWRENCE RD","stop_id":"6113"},"type":"Feature"},{"geometry":{"coordinates":[-80.10091,26.54614],"type":"Point"},"properties":{"kind":"stop","name":"GATEWAY BLVD at  SANDPIPER DR","stop_id":"6114"},"type":"Feature"},{"geometry":{"coordinates":[-80.09731,26.54625],"type":"Point"},"properties":{"kind":"stop","name":"GATEWAY BLVD at  NW 23RD ST","stop_id":"6115"},"type":"Feature"},{"geometry":{"coordinates":[-80.09498,26.5463],"type":"Point"},"properties":{"kind":"stop","name":"GATEWAY BLVD at  SAVANNAH LAKES DR","stop_id":"6116"},"type":"Feature"},{"geometry":{"coordinates":[-80.09329,26.58795],"type":"Point"},"properties":{"kind":"stop","name":"LANTANA RD at  CONGRESS AVE","stop_id":"6117"},"type":"Feature"},{"geometry":{"coordinates":[-80.08979,26.58788],"type":"Point"},"properties":{"kind":"stop","name":"LANTANA RD at  OLD CONGRESS","stop_id":"6118"},"type":"Feature"},{"geometry":{"coordinates":[-80.08626,26.58781],"type":"Point"},"properties":{"kind":"stop","name":"LANTANA RD at  REFLECTIONS BLVD","stop_id":"6119"},"type":"Feature"},{"geometry":{"coordinates":[-80.06163,26.71452],"type":"Point"},"properties":{"kind":"stop","name":"BANYAN BLVD at TAMARIND AVE","stop_id":"612"},"type":"Feature"},{"geometry":{"coordinates":[-80.07703,26.58738],"type":"Point"},"properties":{"kind":"stop","name":"LANTANA RD at LK OSBORNE DR","stop_id":"6120"},"type":"Feature"},{"geometry":{"coordinates":[-80.06181,26.58694],"type":"Point"},"properties":{"kind":"stop","name":"LANTANA RD at  BLD 1126 E ENT","stop_id":"6123"},"type":"Feature"},{"geometry":{"coordinates":[-80.05828,26.58683],"type":"Point"},"properties":{"kind":"stop","name":"LANTANA RD at  S ARNOLD AVE","stop_id":"6124"},"type":"Feature"},{"geometry":{"coordinates":[-80.05668,26.58678],"type":"Point"},"properties":{"kind":"stop","name":"LANTANA RD at  BROADWAY","stop_id":"6125"},"type":"Feature"},{"geometry":{"coordinates":[-80.05725,26.71442],"type":"Point"},"properties":{"kind":"stop","name":"BANYAN BLVD at  ROSEMARY AVE","stop_id":"613"},"type":"Feature"},{"geometry":{"coordinates":[-80.05514,26.71156],"type":"Point"},"properties":{"kind":"stop","name":"QUADRILLE BLVD at  EVERNIA ST","stop_id":"614"},"type":"Feature"},{"geometry":{"coordinates":[-80.05351,26.58689],"type":"Point"},"properties":{"kind":"stop","name":"LANTANA RD at  N 3RD ST","stop_id":"6153"},"type":"Feature"},{"geometry":{"coordinates":[-80.07991,26.58761],"type":"Point"},"properties":{"kind":"stop","name":"LANTANA RD at  LAKE OSBORNE MHP","stop_id":"6154"},"type":"Feature"},{"geometry":{"coordinates":[-80.05685,26.58699],"type":"Point"},"properties":{"kind":"stop","name":"LANTANA RD at BROADWAY","stop_id":"6155"},"type":"Feature"},{"geometry":{"coordinates":[-80.05833,26.58704],"type":"Point"},"properties":{"kind":"stop","name":"LANTANA RD at  N 8TH ST","stop_id":"6156"},"type":"Feature"},{"geometry":{"coordinates":[-80.0618,26.58715],"type":"Point"},"properties":{"kind":"stop","name":"LANTANA RD at LANTANA SPORTS CMPLX","stop_id":"6157"},"type":"Feature"},{"geometry":{"coordinates":[-80.05482,26.7156],"type":"Point"},"properties":{"kind":"stop","name":"QUADRILLE BLVD at BANYAN BLVD","stop_id":"616"},"type":"Feature"},{"geometry":{"coordinates":[-80.07713,26.5877],"type":"Point"},"properties":{"kind":"stop","name":"LANTANA RD at LAKE OSBORNE DR","stop_id":"6160"},"type":"Feature"},{"geometry":{"coordinates":[-80.08082,26.58795],"type":"Point"},"properties":{"kind":"stop","name":"LANTANA RD at SHIMMERI LN","stop_id":"6161"},"type":"Feature"},{"geometry":{"coordinates":[-80.08537,26.58808],"type":"Point"},"properties":{"kind":"stop","name":"LANTANA RD at  PBC AIRPORT","stop_id":"6162"},"type":"Feature"},{"geometry":{"coordinates":[-80.08693,26.58814],"type":"Point"},"properties":{"kind":"stop","name":"LANTANA RD at REFLECTIONS BLVD","stop_id":"6163"},"type":"Feature"},{"geometry":{"coordinates":[-80.09268,26.58828],"type":"Point"},"properties":{"kind":"stop","name":"LANTANA RD at CONGRESS aVE","stop_id":"6165"},"type":"Feature"},{"geometry":{"coordinates":[-80.09156,26.54672],"type":"Point"},"properties":{"kind":"stop","name":"GATEWAY BLVD at  CONGRESS AVE","stop_id":"6166"},"type":"Feature"},{"geometry":{"coordinates":[-80.09338,26.54667],"type":"Point"},"properties":{"kind":"stop","name":"GATEWAY BLVD at  MAHOGANY DR","stop_id":"6167"},"type":"Feature"},{"geometry":{"coordinates":[-80.09499,26.54662],"type":"Point"},"properties":{"kind":"stop","name":"GATEWAY BLVD at  SAVANNAH LAKES DR","stop_id":"6168"},"type":"Feature"},{"geometry":{"coordinates":[-80.09695,26.54657],"type":"Point"},"properties":{"kind":"stop","name":"GATEWAY BLVD at  NW 23RD ST/SAND at S","stop_id":"6169"},"type":"Feature"},{"geometry":{"coordinates":[-80.05912,26.71466],"type":"Point"},"properties":{"kind":"stop","name":"BANYAN BLVD at SAPODILLA AVE","stop_id":"617"},"type":"Feature"},{"geometry":{"coordinates":[-80.10108,26.54645],"type":"Point"},"properties":{"kind":"stop","name":"GATEWAY BLVD at  SUNNY S AVE","stop_id":"6170"},"type":"Feature"},{"geometry":{"coordinates":[-80.06156,26.71473],"type":"Point"},"properties":{"kind":"stop","name":"BANYAN BLVD at TAMARIND AVE","stop_id":"618"},"type":"Feature"},{"geometry":{"coordinates":[-80.06327,26.59154],"type":"Point"},"properties":{"kind":"stop","name":"LNT/LKW PHU at MAIN BLDG","stop_id":"6186"},"type":"Feature"},{"geometry":{"coordinates":[-80.05325,26.58668],"type":"Point"},"properties":{"kind":"stop","name":"LANTANA RD at  N 3RD ST","stop_id":"6190"},"type":"Feature"},{"geometry":{"coordinates":[-80.11262,26.58849],"type":"Point"},"properties":{"kind":"stop","name":"LANTANA RD at MILITARY TRL","stop_id":"6191"},"type":"Feature"},{"geometry":{"coordinates":[-80.09563,26.58832],"type":"Point"},"properties":{"kind":"stop","name":"LANTANA RD at SHOPPES OF ATLANTIS","stop_id":"6192"},"type":"Feature"},{"geometry":{"coordinates":[-80.09864,26.58842],"type":"Point"},"properties":{"kind":"stop","name":"LANTANA RD at  SEMINOLE DR","stop_id":"6193"},"type":"Feature"},{"geometry":{"coordinates":[-80.10258,26.58855],"type":"Point"},"properties":{"kind":"stop","name":"LANTANA RD at ISLAND CLUB DR","stop_id":"6194"},"type":"Feature"},{"geometry":{"coordinates":[-80.10291,26.5883],"type":"Point"},"properties":{"kind":"stop","name":"LANTANA RD at  ISLAND CLUB DR","stop_id":"6195"},"type":"Feature"},{"geometry":{"coordinates":[-80.09898,26.58818],"type":"Point"},"properties":{"kind":"stop","name":"LANTANA RD at  SEMINOLE DR","stop_id":"6196"},"type":"Feature"},{"geometry":{"coordinates":[-80.097,26.58818],"type":"Point"},"properties":{"kind":"stop","name":"LANTANA RD at PALM BREEZES DR","stop_id":"6197"},"type":"Feature"},{"geometry":{"coordinates":[-80.10568,26.58839],"type":"Point"},"properties":{"kind":"stop","name":"LANTANA RD at LAWRENCE RD","stop_id":"6198"},"type":"Feature"},{"geometry":{"coordinates":[-80.10345,26.54639],"type":"Point"},"properties":{"kind":"stop","name":"GATEWAY BLVD at MAX PL","stop_id":"6199"},"type":"Feature"},{"geometry":{"coordinates":[-80.07469,26.69576],"type":"Point"},"properties":{"kind":"stop","name":"AUSTRALIAN  AVE at  WORTHINGTON RD","stop_id":"621"},"type":"Feature"},{"geometry":{"coordinates":[-80.07511,26.69276],"type":"Point"},"properties":{"kind":"stop","name":"AUSTRALIAN  AVE at  BELVEDERE RD","stop_id":"622"},"type":"Feature"},{"geometry":{"coordinates":[-80.07393,26.67783],"type":"Point"},"properties":{"kind":"stop","name":"AIRPORT CTR COMPLEX at BLD 160","stop_id":"623"},"type":"Feature"},{"geometry":{"coordinates":[-80.08852,26.66655],"type":"Point"},"properties":{"kind":"stop","name":"SUMMIT BLVD at  CONGRESS AVE","stop_id":"626"},"type":"Feature"},{"geometry":{"coordinates":[-80.09134,26.66657],"type":"Point"},"properties":{"kind":"stop","name":"SUMMIT BLVD at POST OFFICE","stop_id":"627"},"type":"Feature"},{"geometry":{"coordinates":[-80.09505,26.66522],"type":"Point"},"properties":{"kind":"stop","name":"SUMMIT BLVD at  CREDIT UNION","stop_id":"628"},"type":"Feature"},{"geometry":{"coordinates":[-80.0981,26.66375],"type":"Point"},"properties":{"kind":"stop","name":"SUMMIT BLVD at PBC LIBRARY","stop_id":"629"},"type":"Feature"},{"geometry":{"coordinates":[-80.05488,26.7852],"type":"Point"},"properties":{"kind":"stop","name":"BROADWAY at  28TH ST","stop_id":"63"},"type":"Feature"},{"geometry":{"coordinates":[-80.05636,26.5862],"type":"Point"},"properties":{"kind":"stop","name":"BROADWAY at  W MINNESOTA ST","stop_id":"6301"},"type":"Feature"},{"geometry":{"coordinates":[-80.05642,26.58468],"type":"Point"},"properties":{"kind":"stop","name":"BROADWAY at OCEAN AVE","stop_id":"6302"},"type":"Feature"},{"geometry":{"coordinates":[-80.05646,26.58313],"type":"Point"},"properties":{"kind":"stop","name":"BROADWAY at  W PINE ST","stop_id":"6303"},"type":"Feature"},{"geometry":{"coordinates":[-80.05657,26.58008],"type":"Point"},"properties":{"kind":"stop","name":"BROADWAY at  W BRANCH ST","stop_id":"6304"},"type":"Feature"},{"geometry":{"coordinates":[-80.05661,26.57847],"type":"Point"},"properties":{"kind":"stop","name":"BROADWAY at W PERRY ST","stop_id":"6305"},"type":"Feature"},{"geometry":{"coordinates":[-80.05665,26.57719],"type":"Point"},"properties":{"kind":"stop","name":"BROADWAY at  W JENNINGS ST","stop_id":"6306"},"type":"Feature"},{"geometry":{"coordinates":[-80.05672,26.57578],"type":"Point"},"properties":{"kind":"stop","name":"BROADWAY at W GARNETT ST","stop_id":"6307"},"type":"Feature"},{"geometry":{"coordinates":[-80.05745,26.5739],"type":"Point"},"properties":{"kind":"stop","name":"BROADWAY at  LYNDON DR","stop_id":"6308"},"type":"Feature"},{"geometry":{"coordinates":[-80.05819,26.57215],"type":"Point"},"properties":{"kind":"stop","name":"HYPOLUXO RD at BROADWAY","stop_id":"6309"},"type":"Feature"},{"geometry":{"coordinates":[-80.06166,26.5722],"type":"Point"},"properties":{"kind":"stop","name":"HYPOLUXO RD at SAN CASTLE BLVD","stop_id":"6310"},"type":"Feature"},{"geometry":{"coordinates":[-80.0645,26.57224],"type":"Point"},"properties":{"kind":"stop","name":"HYPOLUXO RD at BLDG 1255 M ENT","stop_id":"6311"},"type":"Feature"},{"geometry":{"coordinates":[-80.06634,26.57161],"type":"Point"},"properties":{"kind":"stop","name":"SEACREST BLVD at  HYPOLUXO RD","stop_id":"6312"},"type":"Feature"},{"geometry":{"coordinates":[-80.06645,26.5691],"type":"Point"},"properties":{"kind":"stop","name":"SEACREST BLVD at LOQUAT TREE DR","stop_id":"6313"},"type":"Feature"},{"geometry":{"coordinates":[-80.06666,26.56483],"type":"Point"},"properties":{"kind":"stop","name":"SEACREST BLVD at  MENTONE DR","stop_id":"6314"},"type":"Feature"},{"geometry":{"coordinates":[-80.06673,26.56335],"type":"Point"},"properties":{"kind":"stop","name":"SEACREST BLVD at PINE PT DR","stop_id":"6315"},"type":"Feature"},{"geometry":{"coordinates":[-80.0676,26.55214],"type":"Point"},"properties":{"kind":"stop","name":"SEACREST BLVD at GATEWAY BLVD","stop_id":"6316"},"type":"Feature"},{"geometry":{"coordinates":[-80.06693,26.55901],"type":"Point"},"properties":{"kind":"stop","name":"SEACREST BLVD at FLAMINGO DR","stop_id":"6317"},"type":"Feature"},{"geometry":{"coordinates":[-80.06698,26.55632],"type":"Point"},"properties":{"kind":"stop","name":"SEACREST BLVD at NW 28TH AVE","stop_id":"6318"},"type":"Feature"},{"geometry":{"coordinates":[-80.06765,26.5542],"type":"Point"},"properties":{"kind":"stop","name":"SEACREST BLVD at NE 26TH AVE","stop_id":"6319"},"type":"Feature"},{"geometry":{"coordinates":[-80.06817,26.55069],"type":"Point"},"properties":{"kind":"stop","name":"GATEWAY BLVD at  NW 1ST ST","stop_id":"6320"},"type":"Feature"},{"geometry":{"coordinates":[-80.06757,26.55024],"type":"Point"},"properties":{"kind":"stop","name":"SEACREST BLVD at  GATEWAY BLVD","stop_id":"6321"},"type":"Feature"},{"geometry":{"coordinates":[-80.06669,26.54389],"type":"Point"},"properties":{"kind":"stop","name":"SEACREST BLVD at  NW 17TH AVE","stop_id":"6322"},"type":"Feature"},{"geometry":{"coordinates":[-80.06661,26.54286],"type":"Point"},"properties":{"kind":"stop","name":"SEACREST BLVD at  NW 16TH AVE","stop_id":"6323"},"type":"Feature"},{"geometry":{"coordinates":[-80.06459,26.54008],"type":"Point"},"properties":{"kind":"stop","name":"SEACREST BLVD at  NW 14TH AVE","stop_id":"6324"},"type":"Feature"},{"geometry":{"coordinates":[-80.06448,26.53667],"type":"Point"},"properties":{"kind":"stop","name":"SEACREST BLVD at MLK BLVD","stop_id":"6326"},"type":"Feature"},{"geometry":{"coordinates":[-80.06438,26.53395],"type":"Point"},"properties":{"kind":"stop","name":"SEACREST BLVD at  NW 8TH AVE","stop_id":"6327"},"type":"Feature"},{"geometry":{"coordinates":[-80.06431,26.53111],"type":"Point"},"properties":{"kind":"stop","name":"SEACREST BLVD at  NW 5TH AVE","stop_id":"6328"},"type":"Feature"},{"geometry":{"coordinates":[-80.06426,26.5286],"type":"Point"},"properties":{"kind":"stop","name":"SEACREST BLVD at  BOYNTON BCH BLVD","stop_id":"6330"},"type":"Feature"},{"geometry":{"coordinates":[-80.06419,26.52552],"type":"Point"},"properties":{"kind":"stop","name":"SEACREST BLVD at  SW 2ND AVE","stop_id":"6331"},"type":"Feature"},{"geometry":{"coordinates":[-80.06417,26.52312],"type":"Point"},"properties":{"kind":"stop","name":"SEACREST BLVD at  SW 5TH AVE","stop_id":"6332"},"type":"Feature"},{"geometry":{"coordinates":[-80.06405,26.51993],"type":"Point"},"properties":{"kind":"stop","name":"SEACREST BLVD at  SW 8TH AVE","stop_id":"6334"},"type":"Feature"},{"geometry":{"coordinates":[-80.06399,26.5183],"type":"Point"},"properties":{"kind":"stop","name":"SEACREST BLVD at  SW 10TH AVE","stop_id":"6335"},"type":"Feature"},{"geometry":{"coordinates":[-80.06399,26.51677],"type":"Point"},"properties":{"kind":"stop","name":"SEACREST BLVD at  SW 12TH AVE","stop_id":"6336"},"type":"Feature"},{"geometry":{"coordinates":[-80.06398,26.51505],"type":"Point"},"properties":{"kind":"stop","name":"SEACREST BLVD at  WOOLBRIGHT RD","stop_id":"6337"},"type":"Feature"},{"geometry":{"coordinates":[-80.06412,26.51206],"type":"Point"},"properties":{"kind":"stop","name":"SEACREST BLVD at MAIN BLVD HIGH PT","stop_id":"6338"},"type":"Feature"},{"geometry":{"coordinates":[-80.06464,26.51033],"type":"Point"},"properties":{"kind":"stop","name":"SEACREST BLVD at SQ HILL CLUBHSE","stop_id":"6339"},"type":"Feature"},{"geometry":{"coordinates":[-80.06667,26.50708],"type":"Point"},"properties":{"kind":"stop","name":"SEACREST BLVD at  SW 23RD AVE","stop_id":"6340"},"type":"Feature"},{"geometry":{"coordinates":[-80.0683,26.50477],"type":"Point"},"properties":{"kind":"stop","name":"S SEACREST BLVD at SE 26TH AVE","stop_id":"6341"},"type":"Feature"},{"geometry":{"coordinates":[-80.07102,26.50001],"type":"Point"},"properties":{"kind":"stop","name":"SEACREST BLVD at SE 28TH AVE","stop_id":"6343"},"type":"Feature"},{"geometry":{"coordinates":[-80.07145,26.49808],"type":"Point"},"properties":{"kind":"stop","name":"SEACREST BLVD at  CHAPEL HILL BLVD","stop_id":"6344"},"type":"Feature"},{"geometry":{"coordinates":[-80.07145,26.49546],"type":"Point"},"properties":{"kind":"stop","name":"SEACREST BLVD at  MISSION HILL RD","stop_id":"6345"},"type":"Feature"},{"geometry":{"coordinates":[-80.07143,26.49374],"type":"Point"},"properties":{"kind":"stop","name":"SEACREST BLVD at 34TH AVE","stop_id":"6346"},"type":"Feature"},{"geometry":{"coordinates":[-80.07139,26.49103],"type":"Point"},"properties":{"kind":"stop","name":"SEACREST BLVD at GULFSTREAM BLVD","stop_id":"6347"},"type":"Feature"},{"geometry":{"coordinates":[-80.07137,26.48817],"type":"Point"},"properties":{"kind":"stop","name":"SEACREST BLVD at  AVOCADO RD","stop_id":"6348"},"type":"Feature"},{"geometry":{"coordinates":[-80.07334,26.46878],"type":"Point"},"properties":{"kind":"stop","name":"SWINTON AVE at  LAKE IDA RD","stop_id":"6358"},"type":"Feature"},{"geometry":{"coordinates":[-80.07322,26.46318],"type":"Point"},"properties":{"kind":"stop","name":"SWINTON AVE at  NW 1ST ST","stop_id":"6359"},"type":"Feature"},{"geometry":{"coordinates":[-80.07314,26.46089],"type":"Point"},"properties":{"kind":"stop","name":"SWINTON AVE at  ATLANTIC AVE","stop_id":"6360"},"type":"Feature"},{"geometry":{"coordinates":[-80.07163,26.44698],"type":"Point"},"properties":{"kind":"stop","name":"SE 10TH ST at  PARK AVE","stop_id":"6365"},"type":"Feature"},{"geometry":{"coordinates":[-80.07014,26.44699],"type":"Point"},"properties":{"kind":"stop","name":"SE 10TH ST at SE 3RD AVE","stop_id":"6366"},"type":"Feature"},{"geometry":{"coordinates":[-80.06987,26.44353],"type":"Point"},"properties":{"kind":"stop","name":"PLZ OF DELRAY at PUBLIX","stop_id":"6367"},"type":"Feature"},{"geometry":{"coordinates":[-80.07232,26.4399],"type":"Point"},"properties":{"kind":"stop","name":"LINTON BLVD at  FEDERAL HWY","stop_id":"6368"},"type":"Feature"},{"geometry":{"coordinates":[-80.10142,26.44026],"type":"Point"},"properties":{"kind":"stop","name":"HOMEWOOD BLVD at BLACK OLIVE BLVD","stop_id":"6369"},"type":"Feature"},{"geometry":{"coordinates":[-80.0883,26.66583],"type":"Point"},"properties":{"kind":"stop","name":"CONGRESS AVE at SUMMIT BLVD","stop_id":"637"},"type":"Feature"},{"geometry":{"coordinates":[-80.10151,26.44563],"type":"Point"},"properties":{"kind":"stop","name":"HOMEWOOD BLVD at LOWSON BLVD","stop_id":"6371"},"type":"Feature"},{"geometry":{"coordinates":[-80.09811,26.44607],"type":"Point"},"properties":{"kind":"stop","name":"LOWSON BLVD at DEL  AIRE BLVD","stop_id":"6372"},"type":"Feature"},{"geometry":{"coordinates":[-80.09457,26.44617],"type":"Point"},"properties":{"kind":"stop","name":"LOWSON BLVD at SW 10TH CT","stop_id":"6373"},"type":"Feature"},{"geometry":{"coordinates":[-80.09155,26.44675],"type":"Point"},"properties":{"kind":"stop","name":"LOWSON BLVD at CONGRESS AVE","stop_id":"6374"},"type":"Feature"},{"geometry":{"coordinates":[-80.10623,26.43966],"type":"Point"},"properties":{"kind":"stop","name":"LINTON BLVD at  DOVER RD","stop_id":"6376"},"type":"Feature"},{"geometry":{"coordinates":[-80.10813,26.43964],"type":"Point"},"properties":{"kind":"stop","name":"LINTON BLVD at  LAKEVIEW GREENS","stop_id":"6377"},"type":"Feature"},{"geometry":{"coordinates":[-80.11244,26.43958],"type":"Point"},"properties":{"kind":"stop","name":"LINTON BLVD at ARELIA WAY","stop_id":"6378"},"type":"Feature"},{"geometry":{"coordinates":[-80.08839,26.66396],"type":"Point"},"properties":{"kind":"stop","name":"CONGRESS AVE at HOLLY DR","stop_id":"638"},"type":"Feature"},{"geometry":{"coordinates":[-80.11651,26.43952],"type":"Point"},"properties":{"kind":"stop","name":"LINTON BLVD at PALM FOREST WAY","stop_id":"6380"},"type":"Feature"},{"geometry":{"coordinates":[-80.11848,26.43951],"type":"Point"},"properties":{"kind":"stop","name":"LINTON BLVD at BLDG 4675 E ENT","stop_id":"6381"},"type":"Feature"},{"geometry":{"coordinates":[-80.06741,26.55424],"type":"Point"},"properties":{"kind":"stop","name":"SEACREST BLVD at NE 26TH AVE","stop_id":"6383"},"type":"Feature"},{"geometry":{"coordinates":[-80.13263,26.44859],"type":"Point"},"properties":{"kind":"stop","name":"LAKES OF DELRAY BLVD at  PEMBRIDGE I","stop_id":"6387"},"type":"Feature"},{"geometry":{"coordinates":[-80.13353,26.44809],"type":"Point"},"properties":{"kind":"stop","name":"LAKES OF DELRAY BLVD at  PEMBRIDGE F","stop_id":"6388"},"type":"Feature"},{"geometry":{"coordinates":[-80.13558,26.4482],"type":"Point"},"properties":{"kind":"stop","name":"LAKES OF DELRAY BLVD at  PEMBRIDGE C","stop_id":"6389"},"type":"Feature"},{"geometry":{"coordinates":[-80.08845,26.66128],"type":"Point"},"properties":{"kind":"stop","name":"CONGRESS AVE at COLLIN DR","stop_id":"639"},"type":"Feature"},{"geometry":{"coordinates":[-80.13665,26.44869],"type":"Point"},"properties":{"kind":"stop","name":"LAKES OF DELRAY BLVD at  ASHLAND I","stop_id":"6390"},"type":"Feature"},{"geometry":{"coordinates":[-80.13626,26.45197],"type":"Point"},"properties":{"kind":"stop","name":"LAKES OF DELRAY BLVD at  CLUB  HOUSE","stop_id":"6391"},"type":"Feature"},{"geometry":{"coordinates":[-80.13427,26.45181],"type":"Point"},"properties":{"kind":"stop","name":"LAKES OF DELRAY BL at WHITNEY MANOR","stop_id":"6392"},"type":"Feature"},{"geometry":{"coordinates":[-80.13309,26.4518],"type":"Point"},"properties":{"kind":"stop","name":"LAKES OF DELRAY BLVD at  WHITNEY RD","stop_id":"6393"},"type":"Feature"},{"geometry":{"coordinates":[-80.13272,26.45054],"type":"Point"},"properties":{"kind":"stop","name":"LAKES OF DELRAY BLVD at  WATERSEDGE","stop_id":"6394"},"type":"Feature"},{"geometry":{"coordinates":[-80.05496,26.78304],"type":"Point"},"properties":{"kind":"stop","name":"BROADWAY at BLUE HERON BLVD SB","stop_id":"64"},"type":"Feature"},{"geometry":{"coordinates":[-80.08838,26.65842],"type":"Point"},"properties":{"kind":"stop","name":"CONGRESS AVE at RIDDLE RD","stop_id":"640"},"type":"Feature"},{"geometry":{"coordinates":[-80.14595,26.63826],"type":"Point"},"properties":{"kind":"stop","name":"JOG RD at RIVER BRIDGE BLVD","stop_id":"6400"},"type":"Feature"},{"geometry":{"coordinates":[-80.14612,26.63332],"type":"Point"},"properties":{"kind":"stop","name":"JOG RD at CONSTITUTION WAY","stop_id":"6402"},"type":"Feature"},{"geometry":{"coordinates":[-80.1462,26.63151],"type":"Point"},"properties":{"kind":"stop","name":"JOG RD at 10TH AVE N","stop_id":"6403"},"type":"Feature"},{"geometry":{"coordinates":[-80.14629,26.62968],"type":"Point"},"properties":{"kind":"stop","name":"JOG RD at SANTA CATALINA","stop_id":"6404"},"type":"Feature"},{"geometry":{"coordinates":[-80.14654,26.62473],"type":"Point"},"properties":{"kind":"stop","name":"JOG RD at CHICKASAW RD","stop_id":"6405"},"type":"Feature"},{"geometry":{"coordinates":[-80.1471,26.60783],"type":"Point"},"properties":{"kind":"stop","name":"JOG RD at FOUNTAINS DR","stop_id":"6406"},"type":"Feature"},{"geometry":{"coordinates":[-80.14716,26.60511],"type":"Point"},"properties":{"kind":"stop","name":"JOG RD at TIMBERLANE CIR","stop_id":"6407"},"type":"Feature"},{"geometry":{"coordinates":[-80.14735,26.60102],"type":"Point"},"properties":{"kind":"stop","name":"JOG RD at PLAINS DR","stop_id":"6408"},"type":"Feature"},{"geometry":{"coordinates":[-80.08833,26.65572],"type":"Point"},"properties":{"kind":"stop","name":"CONGRESS AVE at MELALEUCA RD","stop_id":"641"},"type":"Feature"},{"geometry":{"coordinates":[-80.14753,26.59559],"type":"Point"},"properties":{"kind":"stop","name":"JOG RD at FOUNTAINS CIR","stop_id":"6410"},"type":"Feature"},{"geometry":{"coordinates":[-80.14732,26.59024],"type":"Point"},"properties":{"kind":"stop","name":"JOG RD at LANTANA RD","stop_id":"6411"},"type":"Feature"},{"geometry":{"coordinates":[-80.14716,26.59632],"type":"Point"},"properties":{"kind":"stop","name":"JOG RD at BRENTWOOD BLVD","stop_id":"6412"},"type":"Feature"},{"geometry":{"coordinates":[-80.14696,26.60147],"type":"Point"},"properties":{"kind":"stop","name":"JOG RD at PLAINS DR","stop_id":"6413"},"type":"Feature"},{"geometry":{"coordinates":[-80.14686,26.60475],"type":"Point"},"properties":{"kind":"stop","name":"JOG RD at TIMBERLANE","stop_id":"6414"},"type":"Feature"},{"geometry":{"coordinates":[-80.14544,26.66321],"type":"Point"},"properties":{"kind":"stop","name":"JOG RD at SPRING MEADOW DR","stop_id":"6415"},"type":"Feature"},{"geometry":{"coordinates":[-80.14505,26.66397],"type":"Point"},"properties":{"kind":"stop","name":"JOG RD at SUMMIT BLVD","stop_id":"6416"},"type":"Feature"},{"geometry":{"coordinates":[-80.14512,26.65923],"type":"Point"},"properties":{"kind":"stop","name":"JOG RD at JOGGERS RUN RD","stop_id":"6417"},"type":"Feature"},{"geometry":{"coordinates":[-80.14548,26.65928],"type":"Point"},"properties":{"kind":"stop","name":"JOG RD at LIVE TREE BLVD","stop_id":"6418"},"type":"Feature"},{"geometry":{"coordinates":[-80.14519,26.65164],"type":"Point"},"properties":{"kind":"stop","name":"JOG RD at FOREST HILL BLVD","stop_id":"6419"},"type":"Feature"},{"geometry":{"coordinates":[-80.08822,26.65045],"type":"Point"},"properties":{"kind":"stop","name":"CONGRESS AVE at FOREST HILL BLVD","stop_id":"642"},"type":"Feature"},{"geometry":{"coordinates":[-80.14519,26.65413],"type":"Point"},"properties":{"kind":"stop","name":"JOG RD at 16TH PL S","stop_id":"6421"},"type":"Feature"},{"geometry":{"coordinates":[-80.14556,26.65231],"type":"Point"},"properties":{"kind":"stop","name":"JOG RD at 16TH PL S","stop_id":"6422"},"type":"Feature"},{"geometry":{"coordinates":[-80.14508,26.68133],"type":"Point"},"properties":{"kind":"stop","name":"JOG RD at WALLIS RD","stop_id":"6423"},"type":"Feature"},{"geometry":{"coordinates":[-80.14543,26.68063],"type":"Point"},"properties":{"kind":"stop","name":"JOG RD at WALLIS RD","stop_id":"6424"},"type":"Feature"},{"geometry":{"coordinates":[-80.1283,26.43823],"type":"Point"},"properties":{"kind":"stop","name":"DELRAY MED  CTR at MAIN PATIENT ENT","stop_id":"6425"},"type":"Feature"},{"geometry":{"coordinates":[-80.12353,26.43918],"type":"Point"},"properties":{"kind":"stop","name":"LINTON BLVD at MILITARY TRL/DERAY M","stop_id":"6426"},"type":"Feature"},{"geometry":{"coordinates":[-80.11991,26.43916],"type":"Point"},"properties":{"kind":"stop","name":"LINTON BLVD at MILITARY TRL","stop_id":"6427"},"type":"Feature"},{"geometry":{"coordinates":[-80.11552,26.43921],"type":"Point"},"properties":{"kind":"stop","name":"LINTON BLVD at ORCHARD LN","stop_id":"6428"},"type":"Feature"},{"geometry":{"coordinates":[-80.08825,26.64433],"type":"Point"},"properties":{"kind":"stop","name":"CONGRESS AVE at THELMA RD","stop_id":"643"},"type":"Feature"},{"geometry":{"coordinates":[-80.08742,26.44683],"type":"Point"},"properties":{"kind":"stop","name":"SW 10TH ST at SW 15TH AVE","stop_id":"6436"},"type":"Feature"},{"geometry":{"coordinates":[-80.08487,26.44687],"type":"Point"},"properties":{"kind":"stop","name":"SW 10TH ST at SW 11TH TER","stop_id":"6437"},"type":"Feature"},{"geometry":{"coordinates":[-80.06728,26.54569],"type":"Point"},"properties":{"kind":"stop","name":"SEACREST BLVD at BLD1901 M ENT","stop_id":"6439"},"type":"Feature"},{"geometry":{"coordinates":[-80.08837,26.64157],"type":"Point"},"properties":{"kind":"stop","name":"CONGRESS AVE at  FROST RD","stop_id":"644"},"type":"Feature"},{"geometry":{"coordinates":[-80.06827,26.44712],"type":"Point"},"properties":{"kind":"stop","name":"SE 10TH ST at SE 5TH AVE/FEDERAL HW","stop_id":"6444"},"type":"Feature"},{"geometry":{"coordinates":[-80.07036,26.44709],"type":"Point"},"properties":{"kind":"stop","name":"SE 10TH ST at SE 2ND AVE","stop_id":"6445"},"type":"Feature"},{"geometry":{"coordinates":[-80.07222,26.44713],"type":"Point"},"properties":{"kind":"stop","name":"SE 10TH ST at OLD DIXIE HWY","stop_id":"6446"},"type":"Feature"},{"geometry":{"coordinates":[-80.08852,26.63721],"type":"Point"},"properties":{"kind":"stop","name":"CONGRESS AVE at  GREENBRIER DR","stop_id":"645"},"type":"Feature"},{"geometry":{"coordinates":[-80.07303,26.46223],"type":"Point"},"properties":{"kind":"stop","name":"SWINTON AVE at ATLANTIC AVE","stop_id":"6452"},"type":"Feature"},{"geometry":{"coordinates":[-80.07312,26.46551],"type":"Point"},"properties":{"kind":"stop","name":"SWINTON AVE at NE 2ND ST","stop_id":"6453"},"type":"Feature"},{"geometry":{"coordinates":[-80.08864,26.63422],"type":"Point"},"properties":{"kind":"stop","name":"CONGRESS AVE at  CAROL AVE","stop_id":"646"},"type":"Feature"},{"geometry":{"coordinates":[-80.0712,26.48823],"type":"Point"},"properties":{"kind":"stop","name":"SEACREST BLVD at S EAGLE WAY/AVOCOD","stop_id":"6464"},"type":"Feature"},{"geometry":{"coordinates":[-80.07123,26.49129],"type":"Point"},"properties":{"kind":"stop","name":"SEACREST BLVD at GULFSTREAM BLVD","stop_id":"6465"},"type":"Feature"},{"geometry":{"coordinates":[-80.07129,26.4942],"type":"Point"},"properties":{"kind":"stop","name":"SEACREST BLVD at SE 34TH AVE","stop_id":"6466"},"type":"Feature"},{"geometry":{"coordinates":[-80.07129,26.49551],"type":"Point"},"properties":{"kind":"stop","name":"SEACREST BLVD at MISSION HILL RD","stop_id":"6467"},"type":"Feature"},{"geometry":{"coordinates":[-80.07127,26.49841],"type":"Point"},"properties":{"kind":"stop","name":"SEACREST BLVD at CHAPEL HILL BLVD/3","stop_id":"6468"},"type":"Feature"},{"geometry":{"coordinates":[-80.07069,26.50051],"type":"Point"},"properties":{"kind":"stop","name":"SEACREST BLVD at SE28TH AVE","stop_id":"6469"},"type":"Feature"},{"geometry":{"coordinates":[-80.08889,26.62818],"type":"Point"},"properties":{"kind":"stop","name":"CONGRESS AVE at  10TH AVE N","stop_id":"647"},"type":"Feature"},{"geometry":{"coordinates":[-80.0683,26.50439],"type":"Point"},"properties":{"kind":"stop","name":"SEACREST BLVD at SE 26TH AVE","stop_id":"6470"},"type":"Feature"},{"geometry":{"coordinates":[-80.06638,26.5071],"type":"Point"},"properties":{"kind":"stop","name":"SEACREST BLVD at SE 23RD AVE","stop_id":"6471"},"type":"Feature"},{"geometry":{"coordinates":[-80.06541,26.50849],"type":"Point"},"properties":{"kind":"stop","name":"SEACREST BLVD at SE 22ND AVE","stop_id":"6472"},"type":"Feature"},{"geometry":{"coordinates":[-80.06445,26.51037],"type":"Point"},"properties":{"kind":"stop","name":"SEACREST BLVD at SQ HILL HOUSE","stop_id":"6473"},"type":"Feature"},{"geometry":{"coordinates":[-80.06369,26.51425],"type":"Point"},"properties":{"kind":"stop","name":"SEACREST BLVD at WOOLBRIGHT RD","stop_id":"6475"},"type":"Feature"},{"geometry":{"coordinates":[-80.0638,26.51729],"type":"Point"},"properties":{"kind":"stop","name":"SEACREST BLVD at SE 12TH AVE","stop_id":"6476"},"type":"Feature"},{"geometry":{"coordinates":[-80.06383,26.51893],"type":"Point"},"properties":{"kind":"stop","name":"SEACREST BLVD at SE 10TH AVE","stop_id":"6477"},"type":"Feature"},{"geometry":{"coordinates":[-80.06388,26.52133],"type":"Point"},"properties":{"kind":"stop","name":"SEACREST BLVD at SE 7TH AVE","stop_id":"6479"},"type":"Feature"},{"geometry":{"coordinates":[-80.08904,26.62353],"type":"Point"},"properties":{"kind":"stop","name":"CONGRESS AVE at BUCKLEY AVE","stop_id":"648"},"type":"Feature"},{"geometry":{"coordinates":[-80.06395,26.52406],"type":"Point"},"properties":{"kind":"stop","name":"SEACREST BLVD at SE 4TH AVE","stop_id":"6480"},"type":"Feature"},{"geometry":{"coordinates":[-80.064,26.52636],"type":"Point"},"properties":{"kind":"stop","name":"SEACREST BLVD at SW 1ST AVE","stop_id":"6481"},"type":"Feature"},{"geometry":{"coordinates":[-80.06405,26.52855],"type":"Point"},"properties":{"kind":"stop","name":"SEACREST BLVD at BOYNTON BCH BLVD","stop_id":"6482"},"type":"Feature"},{"geometry":{"coordinates":[-80.0641,26.53062],"type":"Point"},"properties":{"kind":"stop","name":"SEACREST BLVD at  NE 4TH AVE","stop_id":"6483"},"type":"Feature"},{"geometry":{"coordinates":[-80.06417,26.53362],"type":"Point"},"properties":{"kind":"stop","name":"SEACREST BLVD at  NE 7TH AVE","stop_id":"6484"},"type":"Feature"},{"geometry":{"coordinates":[-80.06421,26.5363],"type":"Point"},"properties":{"kind":"stop","name":"SEACREST BLVD at MLK BLVD","stop_id":"6485"},"type":"Feature"},{"geometry":{"coordinates":[-80.06431,26.53811],"type":"Point"},"properties":{"kind":"stop","name":"SEACREST BLVD at  NE 12TH AVE","stop_id":"6486"},"type":"Feature"},{"geometry":{"coordinates":[-80.06459,26.5408],"type":"Point"},"properties":{"kind":"stop","name":"SEACREST BLVD at NE 14TH AVE","stop_id":"6487"},"type":"Feature"},{"geometry":{"coordinates":[-80.06636,26.54283],"type":"Point"},"properties":{"kind":"stop","name":"SEACREST BLVD at NE 16TH AVE","stop_id":"6488"},"type":"Feature"},{"geometry":{"coordinates":[-80.06651,26.54473],"type":"Point"},"properties":{"kind":"stop","name":"SEACREST BLVD at NE 17TH AVE","stop_id":"6489"},"type":"Feature"},{"geometry":{"coordinates":[-80.08921,26.61964],"type":"Point"},"properties":{"kind":"stop","name":"CONGRESS AVE at  2ND AVE N","stop_id":"649"},"type":"Feature"},{"geometry":{"coordinates":[-80.06727,26.54714],"type":"Point"},"properties":{"kind":"stop","name":"SEACREST BLVD at NE 19TH AVE","stop_id":"6490"},"type":"Feature"},{"geometry":{"coordinates":[-80.06735,26.55081],"type":"Point"},"properties":{"kind":"stop","name":"SEACREST BLVD at GATEWAY BLVD","stop_id":"6491"},"type":"Feature"},{"geometry":{"coordinates":[-80.06573,26.59382],"type":"Point"},"properties":{"kind":"stop","name":"ANDREW REDDING RD at GATEWAY DR","stop_id":"6492"},"type":"Feature"},{"geometry":{"coordinates":[-80.06673,26.55657],"type":"Point"},"properties":{"kind":"stop","name":"SEACREST BLVD at OCEAN PKWY","stop_id":"6493"},"type":"Feature"},{"geometry":{"coordinates":[-80.06674,26.55814],"type":"Point"},"properties":{"kind":"stop","name":"SEACREST BLVD at MINER RD","stop_id":"6494"},"type":"Feature"},{"geometry":{"coordinates":[-80.06664,26.5601],"type":"Point"},"properties":{"kind":"stop","name":"SEACREST BLVD at S ATLANTIC DR","stop_id":"6495"},"type":"Feature"},{"geometry":{"coordinates":[-80.06649,26.56328],"type":"Point"},"properties":{"kind":"stop","name":"SEACREST BLVD at PINE PT DR","stop_id":"6496"},"type":"Feature"},{"geometry":{"coordinates":[-80.06617,26.56992],"type":"Point"},"properties":{"kind":"stop","name":"SEACREST BLVD at LOQUAT TREE DR","stop_id":"6498"},"type":"Feature"},{"geometry":{"coordinates":[-80.06559,26.57206],"type":"Point"},"properties":{"kind":"stop","name":"HYPOLUXO RD at SEACREST BLVD","stop_id":"6499"},"type":"Feature"},{"geometry":{"coordinates":[-80.08927,26.61632],"type":"Point"},"properties":{"kind":"stop","name":"CONGRESS AVE at  LAKE WORTH RD","stop_id":"650"},"type":"Feature"},{"geometry":{"coordinates":[-80.0638,26.57203],"type":"Point"},"properties":{"kind":"stop","name":"HYPULOXO RD at BLDG 1380 E ENT","stop_id":"6500"},"type":"Feature"},{"geometry":{"coordinates":[-80.06132,26.57199],"type":"Point"},"properties":{"kind":"stop","name":"HYPULOXO RD at SAN CASTLE BLVD","stop_id":"6501"},"type":"Feature"},{"geometry":{"coordinates":[-80.05767,26.57284],"type":"Point"},"properties":{"kind":"stop","name":"BROADWAY at HYPULOXO RD","stop_id":"6502"},"type":"Feature"},{"geometry":{"coordinates":[-80.05726,26.57395],"type":"Point"},"properties":{"kind":"stop","name":"BROADWAY at LYNDON DR","stop_id":"6503"},"type":"Feature"},{"geometry":{"coordinates":[-80.05657,26.57599],"type":"Point"},"properties":{"kind":"stop","name":"BROADWAY at  GREYNOLDS CIR N","stop_id":"6504"},"type":"Feature"},{"geometry":{"coordinates":[-80.05652,26.5772],"type":"Point"},"properties":{"kind":"stop","name":"BROADWAY at GREYNOLDS CIR","stop_id":"6505"},"type":"Feature"},{"geometry":{"coordinates":[-80.05649,26.57858],"type":"Point"},"properties":{"kind":"stop","name":"BROADWAY at W PERRY ST","stop_id":"6506"},"type":"Feature"},{"geometry":{"coordinates":[-80.05643,26.58005],"type":"Point"},"properties":{"kind":"stop","name":"BROADWAY at W BRANCH ST","stop_id":"6507"},"type":"Feature"},{"geometry":{"coordinates":[-80.05637,26.58288],"type":"Point"},"properties":{"kind":"stop","name":"BROADWAY at W PINE ST","stop_id":"6508"},"type":"Feature"},{"geometry":{"coordinates":[-80.05632,26.5844],"type":"Point"},"properties":{"kind":"stop","name":"BROADWAY at OCEAN AVE","stop_id":"6509"},"type":"Feature"},{"geometry":{"coordinates":[-80.08935,26.61401],"type":"Point"},"properties":{"kind":"stop","name":"CONGRESS AVE at PBS LKW SVC RD","stop_id":"651"},"type":"Feature"},{"geometry":{"coordinates":[-80.06669,26.59656],"type":"Point"},"properties":{"kind":"stop","name":"BARTON RD at BARTON ELEM","stop_id":"6510"},"type":"Feature"},{"geometry":{"coordinates":[-80.06579,26.5904],"type":"Point"},"properties":{"kind":"stop","name":"ANDREW REDDING RD at NEW WORLD AVE","stop_id":"6511"},"type":"Feature"},{"geometry":{"coordinates":[-80.06008,26.6014],"type":"Point"},"properties":{"kind":"stop","name":"12TH AVE S at OASIS HEALTH","stop_id":"6512"},"type":"Feature"},{"geometry":{"coordinates":[-80.06567,26.59033],"type":"Point"},"properties":{"kind":"stop","name":"ANDREW REDDING RD at NEW WORLD AVE","stop_id":"6513"},"type":"Feature"},{"geometry":{"coordinates":[-80.06485,26.58849],"type":"Point"},"properties":{"kind":"stop","name":"ANDREW REDDING RD at AG HOLLEY","stop_id":"6514"},"type":"Feature"},{"geometry":{"coordinates":[-80.06392,26.58701],"type":"Point"},"properties":{"kind":"stop","name":"LANTANA RD at 13TH ST","stop_id":"6515"},"type":"Feature"},{"geometry":{"coordinates":[-80.06343,26.58721],"type":"Point"},"properties":{"kind":"stop","name":"LANTANA RD at ANDREW REDDING RD","stop_id":"6516"},"type":"Feature"},{"geometry":{"coordinates":[-80.06586,26.60155],"type":"Point"},"properties":{"kind":"stop","name":"12TH AVE S at A ST","stop_id":"6517"},"type":"Feature"},{"geometry":{"coordinates":[-80.06491,26.58836],"type":"Point"},"properties":{"kind":"stop","name":"ANDREW REDDING RD at PINE PL","stop_id":"6518"},"type":"Feature"},{"geometry":{"coordinates":[-80.06645,26.59935],"type":"Point"},"properties":{"kind":"stop","name":"BARTON RD at 14TH AVE S","stop_id":"6519"},"type":"Feature"},{"geometry":{"coordinates":[-80.08951,26.60891],"type":"Point"},"properties":{"kind":"stop","name":"CONGRESS AVE at  MELALEUCA LN","stop_id":"652"},"type":"Feature"},{"geometry":{"coordinates":[-80.06644,26.59644],"type":"Point"},"properties":{"kind":"stop","name":"ANDREW REDDING RD at BARTON RD","stop_id":"6520"},"type":"Feature"},{"geometry":{"coordinates":[-80.06562,26.59219],"type":"Point"},"properties":{"kind":"stop","name":"ANDREW REDDING RD at SOUTHWINDS DR","stop_id":"6521"},"type":"Feature"},{"geometry":{"coordinates":[-80.06933,26.50326],"type":"Point"},"properties":{"kind":"stop","name":"SEACREST BLVD at  BLDG 2839  M ENT","stop_id":"6522"},"type":"Feature"},{"geometry":{"coordinates":[-80.06916,26.50321],"type":"Point"},"properties":{"kind":"stop","name":"SEACREST BLVD at BLDG 2828 N ENT","stop_id":"6523"},"type":"Feature"},{"geometry":{"coordinates":[-80.06565,26.59279],"type":"Point"},"properties":{"kind":"stop","name":"ANDREW REDDING RD at DATE PALM DR","stop_id":"6524"},"type":"Feature"},{"geometry":{"coordinates":[-80.06664,26.59965],"type":"Point"},"properties":{"kind":"stop","name":"BARTON RD at LAZYLAND MOBILE","stop_id":"6528"},"type":"Feature"},{"geometry":{"coordinates":[-80.08965,26.60506],"type":"Point"},"properties":{"kind":"stop","name":"CONGRESS AVE at JFK MEDICAL PLAZA","stop_id":"653"},"type":"Feature"},{"geometry":{"coordinates":[-80.08624,26.44707],"type":"Point"},"properties":{"kind":"stop","name":"SW 10TH ST at  SW 12TH AVE","stop_id":"6530"},"type":"Feature"},{"geometry":{"coordinates":[-80.0877,26.44706],"type":"Point"},"properties":{"kind":"stop","name":"SW 10TH ST at  SW 14TH AVE","stop_id":"6531"},"type":"Feature"},{"geometry":{"coordinates":[-80.08923,26.44698],"type":"Point"},"properties":{"kind":"stop","name":"SW 10TH ST at  SW 17TH AVE","stop_id":"6532"},"type":"Feature"},{"geometry":{"coordinates":[-80.09328,26.44681],"type":"Point"},"properties":{"kind":"stop","name":"LOWSON BLVDat SW 20TH CT","stop_id":"6534"},"type":"Feature"},{"geometry":{"coordinates":[-80.09856,26.44618],"type":"Point"},"properties":{"kind":"stop","name":"LOWSON BLVD at DEL AIRE BLVD","stop_id":"6535"},"type":"Feature"},{"geometry":{"coordinates":[-80.10173,26.44418],"type":"Point"},"properties":{"kind":"stop","name":"HOMEWOOD BLVD at LOWSON BLVD","stop_id":"6537"},"type":"Feature"},{"geometry":{"coordinates":[-80.10167,26.44027],"type":"Point"},"properties":{"kind":"stop","name":"HOMEWOOD BLVD at SW 15TH ST","stop_id":"6540"},"type":"Feature"},{"geometry":{"coordinates":[-80.1369,26.45109],"type":"Point"},"properties":{"kind":"stop","name":"LAKES OF DELRAY BLVD at MAIN CLUB H","stop_id":"6541"},"type":"Feature"},{"geometry":{"coordinates":[-80.13267,26.44951],"type":"Point"},"properties":{"kind":"stop","name":"LAKES OF DELRAY BLVD at  LAKES OF DE","stop_id":"6542"},"type":"Feature"},{"geometry":{"coordinates":[-80.07326,26.46538],"type":"Point"},"properties":{"kind":"stop","name":"SWINTON AVE at  NW 2ND ST","stop_id":"6544"},"type":"Feature"},{"geometry":{"coordinates":[-80.06231,26.6088],"type":"Point"},"properties":{"kind":"stop","name":"6TH AVE S at D ST","stop_id":"6545"},"type":"Feature"},{"geometry":{"coordinates":[-80.05843,26.60869],"type":"Point"},"properties":{"kind":"stop","name":"6TH AVE S at H ST","stop_id":"6546"},"type":"Feature"},{"geometry":{"coordinates":[-80.08967,26.60339],"type":"Point"},"properties":{"kind":"stop","name":"CONGRESS AVE at  BLD 4915/PK MED","stop_id":"655"},"type":"Feature"},{"geometry":{"coordinates":[-80.09044,26.59846],"type":"Point"},"properties":{"kind":"stop","name":"CONGRESS AVE at JFK HSP ENT","stop_id":"657"},"type":"Feature"},{"geometry":{"coordinates":[-80.09193,26.59605],"type":"Point"},"properties":{"kind":"stop","name":"CONGRESS AVE at  ATL MED CTR","stop_id":"658"},"type":"Feature"},{"geometry":{"coordinates":[-80.05501,26.77986],"type":"Point"},"properties":{"kind":"stop","name":"BROADWAY at 22ND ST","stop_id":"66"},"type":"Feature"},{"geometry":{"coordinates":[-80.09422,26.58772],"type":"Point"},"properties":{"kind":"stop","name":"CONGRESS AVE at  LANTANA RD","stop_id":"660"},"type":"Feature"},{"geometry":{"coordinates":[-80.09324,26.58459],"type":"Point"},"properties":{"kind":"stop","name":"CONGRESS AVE at ATLANTIS PLZ II","stop_id":"661"},"type":"Feature"},{"geometry":{"coordinates":[-80.09146,26.58286],"type":"Point"},"properties":{"kind":"stop","name":"CONGRESS AVE at  LAKE CASCADE BLVD","stop_id":"662"},"type":"Feature"},{"geometry":{"coordinates":[-80.09006,26.56598],"type":"Point"},"properties":{"kind":"stop","name":"CONGRESS AVE at MEADOWS BLVD1","stop_id":"663"},"type":"Feature"},{"geometry":{"coordinates":[-80.08982,26.57826],"type":"Point"},"properties":{"kind":"stop","name":"CONGRESS AVE at  CARIBB WAY","stop_id":"664"},"type":"Feature"},{"geometry":{"coordinates":[-80.08985,26.57684],"type":"Point"},"properties":{"kind":"stop","name":"CONGRESS AVE at  SEAGRAPE RD","stop_id":"665"},"type":"Feature"},{"geometry":{"coordinates":[-80.08984,26.57446],"type":"Point"},"properties":{"kind":"stop","name":"CONGRESS AVE at  MARINER WAY","stop_id":"666"},"type":"Feature"}],"type":"FeatureCollection"}
