{"features":[{"geometry":{"coordinates":[[-80.98523,33.96724],[-80.99042,33.96985],[-80.98875,33.9836],[-80.98858,33.98722],[-80.98871,33.98782],[-80.98303,33.98758],[-80.9792,33.98707],[-80.97589,33.9877],[-80.97594,33.98782],[-80.97384,33.98839],[-80.97326,33.98881],[-80.97385,33.9893],[-80.9738,33.98947],[-80.97385,33.9893],[-80.97615,33.99137],[-80.97357,33.99187],[-80.97411,33.99068],[-80.97475,33.99011],[-80.97615,33.99137],[-80.97734,33.99184],[-80.97724,33.99196],[-80.97734,33.99184],[-80.97999,33.99294],[-80.98323,33.9953],[-80.98587,33.99677],[-80.99312,33.99745],[-80.99485,33.99854],[-80.9951,33.99876],[-80.99497,33.99885],[-80.99509,33.99876],[-80.99747,34.00111],[-80.99935,34.00239],[-81.00284,34.00332],[-81.00639,34.00455],[-81.00888,34.00578],[-81.01179,34.00663],[-81.01338,34.00759],[-81.01575,34.00701],[-81.03517,34.00082],[-81.03528,34.00142],[-81.03542,34.00138],[-81.03674,34.00436],[-81.0367,34.00467],[-81.03685,34.00462],[-81.03758,34.00623],[-81.03782,34.00717],[-81.03798,34.00712],[-81.03873,34.0088],[-81.03576,34.0096]],"type":"LineString"},"properties":{"color":"#009999","color_name":"teal","kind":"route","label":"42","long":"- Millwood","route_id":"2813","text_color":"#FFFFFF","type_label":"Bus"},"type":"Feature"},{"geometry":{"coordinates":[[-81.15275,34.07322],[-81.15363,34.07297],[-81.15525,34.07449],[-81.15551,34.07453],[-81.15067,34.08009],[-81.14926,34.08053],[-81.14581,34.08032],[-81.14493,34.08093],[-81.14431,34.08189],[-81.14377,34.0839],[-81.14251,34.08559],[-81.13548,34.0824],[-81.12847,34.07825],[-81.11911,34.06962],[-81.11175,34.05823],[-81.10982,34.05435],[-81.10883,34.05309],[-81.10596,34.05012],[-81.10022,34.04495],[-81.09921,34.04379],[-81.09659,34.04156],[-81.09671,34.04148],[-81.0966,34.04157],[-81.09292,34.03881],[-81.09006,34.03642],[-81.08947,34.03567],[-81.08925,34.035],[-81.08908,34.03495],[-81.08674,34.03088],[-81.08681,34.03099],[-81.08686,34.03084],[-81.08377,34.0272],[-81.08366,34.02729],[-81.08168,34.02586],[-81.07951,34.02512],[-81.07893,34.02456],[-81.07723,34.02132],[-81.07736,34.02125],[-81.07722,34.0213],[-81.07661,34.02006],[-81.07609,34.01853],[-81.07573,34.01548],[-81.07589,34.01517],[-81.07573,34.01517],[-81.07618,34.01168],[-81.07474,34.01136],[-81.07361,34.01209],[-81.07038,34.01189],[-81.05697,34.00839],[-81.05554,34.00825],[-81.05052,34.00934],[-81.04909,34.01019],[-81.03737,34.01378],[-81.03544,34.00961],[-81.0356,34.00956]],"type":"LineString"},"properties":{"color":"#9C9707","color_name":"brown","kind":"route","label":"801","long":"- Broad River","route_id":"2814","text_color":"#000000","type_label":"Bus"},"type":"Feature"},{"geometry":{"coordinates":[[-81.0356,34.00956],[-81.03544,34.00962],[-81.03461,34.00775],[-81.03456,34.00728],[-81.03432,34.00712],[-81.03772,34.00612],[-81.03346,33.99658],[-81.03349,33.9963],[-81.03171,33.99265],[-81.04216,33.98933],[-81.05575,33.98526],[-81.05579,33.98538],[-81.06355,33.98162],[-81.0665,33.9808],[-81.06925,33.97978],[-81.0689,33.97902],[-81.06901,33.9789],[-81.06882,33.97885],[-81.06664,33.97425],[-81.06665,33.97388],[-81.0657,33.97153],[-81.06214,33.9683],[-81.06108,33.96611],[-81.06057,33.96579],[-81.05868,33.96541],[-81.05822,33.96513],[-81.05676,33.96221],[-81.05617,33.96149],[-81.05308,33.95946],[-81.05185,33.95827],[-81.04839,33.9516],[-81.04444,33.94611],[-81.04416,33.94501],[-81.04368,33.94112],[-81.04377,33.9405],[-81.04313,33.93651],[-81.04307,33.93349],[-81.04208,33.92085],[-81.0423,33.92002],[-81.04299,33.91926],[-81.04663,33.91723],[-81.04731,33.91664],[-81.04819,33.91525],[-81.04817,33.91439],[-81.04665,33.91182],[-81.04649,33.91181],[-81.04102,33.90403],[-81.04086,33.90357],[-81.03851,33.90149],[-81.03749,33.90024],[-81.03686,33.8987],[-81.03598,33.89534]],"type":"LineString"},"properties":{"color":"#66AD3C","color_name":"gray","kind":"route","label":"92","long":"- 12th Street Extension Express","route_id":"2816","text_color":"#000000","type_label":"Bus"},"type":"Feature"},{"geometry":{"coordinates":[[-80.91221,34.14336],[-80.91088,34.14698],[-80.91091,34.14779],[-80.91139,34.14921],[-80.91128,34.14931],[-80.91163,34.1499],[-80.91173,34.15094],[-80.91106,34.15625],[-80.91063,34.15783],[-80.91017,34.15872],[-80.91023,34.15896],[-80.90762,34.15831],[-80.90539,34.15731],[-80.90447,34.15724],[-80.90193,34.15733],[-80.89842,34.15861],[-80.89593,34.15901],[-80.89297,34.15852],[-80.88731,34.1572],[-80.88678,34.15675],[-80.88652,34.15617],[-80.88667,34.15412],[-80.88637,34.1527],[-80.88451,34.14921],[-80.88464,34.1463],[-80.88447,34.14437],[-80.88393,34.14331],[-80.88256,34.14198],[-80.88215,34.14122],[-80.8822,34.14007],[-80.88288,34.1391],[-80.88027,34.13578],[-80.88032,34.13563],[-80.88023,34.13574],[-80.87845,34.13384],[-80.87907,34.13305],[-80.88352,34.12919],[-80.88342,34.12835],[-80.88122,34.12658],[-80.8821,34.12555],[-80.8826,34.12574],[-80.88275,34.12553],[-80.88246,34.12537],[-80.8821,34.12555],[-80.88122,34.12659],[-80.87881,34.12613],[-80.876,34.12389],[-80.87452,34.12303],[-80.87963,34.11869],[-80.89424,34.11236],[-80.89705,34.11041],[-80.89722,34.11044],[-80.89712,34.11035],[-80.90082,34.10744],[-80.90306,34.1059],[-80.90834,34.10367],[-80.91256,34.1015],[-80.91352,34.10127],[-80.91589,34.10112],[-80.91726,34.10058],[-80.92183,34.09672],[-80.92622,34.09105],[-80.92733,34.08991],[-80.92854,34.08908],[-80.93139,34.08773],[-80.93467,34.08648],[-80.93879,34.08414],[-80.94071,34.08282],[-80.94164,34.08151],[-80.94211,34.07957],[-80.94229,34.0795],[-80.94216,34.07947],[-80.94225,34.07915],[-80.94303,34.07787],[-80.94984,34.07166],[-80.95031,34.07141],[-80.9502,34.07132],[-80.95124,34.07033],[-80.95211,34.07069],[-80.95313,34.07067],[-80.95825,34.06888],[-80.96008,34.06842],[-80.96018,34.06832],[-80.95915,34.06712],[-80.95898,34.06675],[-80.95914,34.0667]],"type":"LineString"},"properties":{"color":"#1D07B3","color_name":"blue","kind":"route","label":"55","long":"- Sandhills","route_id":"2817","text_color":"#FFFFFF","type_label":"Bus"},"type":"Feature"},{"geometry":{"coordinates":[[-81.08925,34.035],[-81.08908,34.03495],[-81.08674,34.03088],[-81.08681,34.03099],[-81.08686,34.03084],[-81.08652,34.0306],[-81.09324,34.03074],[-81.09328,34.02668],[-81.09289,34.02383],[-81.09324,34.02259],[-81.09197,34.02171],[-81.0935,34.02054],[-81.09244,34.01932],[-81.09098,34.01831],[-81.08393,34.01541],[-81.08023,34.01602],[-81.07574,34.01494],[-81.07629,34.01123],[-81.07541,34.011],[-81.07473,34.01111],[-81.07454,34.01027],[-81.07424,34.01026],[-81.07414,34.01048],[-81.07352,34.01048],[-81.07358,34.01022],[-81.07454,34.01027],[-81.07473,34.01111],[-81.07541,34.011],[-81.07587,34.01113],[-81.0761,34.01134],[-81.07608,34.01162],[-81.0747,34.01137],[-81.07372,34.01206],[-81.07179,34.01206],[-81.06809,34.01138],[-81.05699,34.0084],[-81.05513,34.00828],[-81.0506,34.00934],[-81.04907,34.01018],[-81.03895,34.01326],[-81.03793,34.01114],[-81.03799,34.01088],[-81.03782,34.0109],[-81.03712,34.00929],[-81.03576,34.0096]],"type":"LineString"},"properties":{"color":"#65439A","color_name":"purple","kind":"route","label":"84","long":"- Dutch Square","route_id":"2818","text_color":"#FFFFFF","type_label":"Bus"},"type":"Feature"},{"geometry":{"coordinates":[[-81.03782,34.00717],[-81.03796,34.00709],[-81.03873,34.0088],[-81.03712,34.00929],[-81.03507,34.00437],[-81.03351,34.00123],[-81.02726,34.0031],[-81.02711,34.00322],[-81.0301,34.00993],[-81.02209,34.01241],[-81.01658,33.99998]],"type":"LineString"},"properties":{"color":"#019687","color_name":"teal","kind":"route","label":"2","long":"- Soda Cap Connector East","route_id":"2819","text_color":"#FFFFFF","type_label":"Bus"},"type":"Feature"},{"geometry":{"coordinates":[[-81.03373,33.98928],[-81.03243,33.98628],[-81.03083,33.98663],[-81.02746,33.9878],[-81.02676,33.98649],[-81.0238,33.98725],[-81.0237,33.98735],[-81.02425,33.98856],[-81.02418,33.98875],[-81.02604,33.98825],[-81.02648,33.98959],[-81.02776,33.99231],[-81.02293,33.9938],[-81.02378,33.99509],[-81.02067,33.99774],[-81.01914,33.99827],[-81.01888,33.9996],[-81.0249,33.9977],[-81.02384,33.9952],[-81.03328,33.99215],[-81.03448,33.99476],[-81.03606,33.99426],[-81.03417,33.99022],[-81.03415,33.98977],[-81.03373,33.98928]],"type":"LineString"},"properties":{"color":"#005BAA","color_name":"teal","kind":"route","label":"19","long":"- Blue","route_id":"2821","text_color":"#FFFFFF","type_label":"Bus"},"type":"Feature"},{"geometry":{"coordinates":[[-81.03608,33.99265],[-81.03641,33.99264],[-81.03539,33.99295],[-81.03597,33.99428],[-81.02967,33.99625],[-81.02962,33.99651],[-81.03011,33.99764],[-81.03515,33.99607],[-81.03328,33.99215],[-81.03649,33.99113],[-81.03708,33.99243],[-81.03608,33.99265]],"type":"LineString"},"properties":{"color":"#000000","color_name":"black","kind":"route","label":"14","long":"- Express","route_id":"2823","text_color":"#FFFFFF","type_label":"Bus"},"type":"Feature"},{"geometry":{"coordinates":[[-81.03576,34.0096],[-81.0339,34.01028],[-81.0345,34.01162],[-81.03933,34.01013],[-81.0405,34.01279],[-81.04065,34.01292],[-81.04246,34.01236],[-81.04278,34.01314],[-81.04435,34.01489],[-81.0477,34.01973],[-81.05177,34.02223],[-81.05196,34.02229],[-81.0541,34.01989],[-81.05473,34.02027],[-81.05633,34.01947],[-81.05806,34.02015],[-81.05989,34.02402],[-81.0609,34.02569],[-81.06228,34.02736],[-81.05804,34.02938],[-81.05571,34.02921],[-81.05836,34.03104],[-81.05876,34.03164],[-81.06003,34.03548],[-81.06025,34.0367],[-81.06019,34.03774],[-81.05955,34.03923],[-81.05846,34.03974],[-81.04377,34.04039],[-81.04245,34.04074],[-81.04303,34.04153],[-81.04331,34.04278],[-81.04272,34.04445],[-81.0428,34.04634],[-81.04477,34.05113],[-81.04414,34.05589],[-81.04426,34.05604],[-81.04259,34.0563],[-81.04237,34.05849],[-81.0442,34.05844],[-81.04431,34.05473],[-81.04475,34.05152],[-81.04464,34.05074],[-81.04476,34.05075]],"type":"LineString"},"properties":{"color":"#023CFA","color_name":"blue","kind":"route","label":"6","long":"- Eau Claire","route_id":"2824","text_color":"#FFFFFF","type_label":"Bus"},"type":"Feature"},{"geometry":{"coordinates":[[-80.95914,34.0667],[-80.95898,34.06677],[-80.95907,34.06698],[-80.95973,34.06791],[-80.96072,34.06872],[-80.96133,34.06893],[-80.96259,34.06876],[-80.96409,34.06772],[-80.96403,34.06481],[-80.96217,34.0619],[-80.96141,34.06118],[-80.96373,34.05929],[-80.96537,34.0586],[-80.97531,34.05591],[-80.97803,34.05335],[-80.97877,34.05287],[-80.97976,34.05258],[-80.98154,34.0525],[-80.98254,34.05217],[-80.9834,34.05159],[-80.98561,34.04903],[-80.98617,34.04864],[-80.98613,34.04846],[-80.98857,34.04624],[-80.989,34.04606],[-80.98896,34.04589],[-80.99177,34.04334],[-80.99374,34.04221],[-81.00181,34.03888],[-81.00172,34.03877],[-81.00299,34.03753],[-81.00396,34.036],[-81.00381,34.03599],[-81.00414,34.03495],[-81.00487,34.03362],[-81.00543,34.03299],[-81.00558,34.03303],[-81.00571,34.03266],[-81.00729,34.031],[-81.00781,34.02999],[-81.0097,34.0279],[-81.01327,34.02317],[-81.01424,34.02149],[-81.01491,34.01864],[-81.01479,34.01869],[-81.0145,34.01635],[-81.01568,34.01358],[-81.0158,34.01367],[-81.01567,34.0136],[-81.01602,34.01277],[-81.02821,34.00914],[-81.02817,34.00903],[-81.03489,34.00694],[-81.03492,34.00706],[-81.03487,34.00695],[-81.03754,34.00613],[-81.03782,34.00717],[-81.03799,34.00715],[-81.03933,34.01013],[-81.03624,34.01095],[-81.03611,34.01112],[-81.03545,34.00962],[-81.0356,34.00956]],"type":"LineString"},"properties":{"color":"#6A9C00","color_name":"brown","kind":"route","label":"501","long":"- Two Notch","route_id":"2825","text_color":"#000000","type_label":"Bus"},"type":"Feature"},{"geometry":{"coordinates":[[-81.03012,33.99786],[-81.03069,33.99898],[-81.0323,33.99848],[-81.0317,33.99714],[-81.03505,33.99608],[-81.03521,33.99617],[-81.03667,33.99558],[-81.03606,33.99426],[-81.03447,33.99476],[-81.03323,33.99204],[-81.02836,33.99357],[-81.02538,33.98683],[-81.02206,33.9879],[-81.02272,33.98929],[-81.03106,33.98655],[-81.03403,33.9859],[-81.03848,33.98445],[-81.03904,33.98471],[-81.04124,33.98961],[-81.03961,33.99],[-81.03938,33.9895],[-81.03945,33.98911],[-81.03959,33.98913]],"type":"LineString"},"properties":{"color":"#A72051","color_name":"red","kind":"route","label":"20","long":"- West Campus REDUCED","route_id":"2826","text_color":"#FFFFFF","type_label":"Bus"},"type":"Feature"},{"geometry":{"coordinates":[[-81.0356,34.00956],[-81.03551,34.00977],[-81.03493,34.00846],[-81.03166,34.00947],[-81.03652,34.02064],[-81.03662,34.02054],[-81.03733,34.02209],[-81.03793,34.02405],[-81.0332,34.02611],[-81.03205,34.02635],[-81.03023,34.02611],[-81.02832,34.02521],[-81.02717,34.02716],[-81.02729,34.0272],[-81.02701,34.02774],[-81.02539,34.02939],[-81.0255,34.02945],[-81.02376,34.03147],[-81.0225,34.0389],[-81.0218,34.04039],[-81.01936,34.04301],[-81.01433,34.0467],[-81.01051,34.05078],[-81.00434,34.05361],[-81.00136,34.05657],[-80.99895,34.05827],[-80.99545,34.05947],[-80.99126,34.06129],[-80.98209,34.06772],[-80.98551,34.07156],[-80.98622,34.071],[-80.98709,34.06985],[-80.99042,34.06829]],"type":"LineString"},"properties":{"color":"#B85C00","color_name":"orange","kind":"route","label":"301","long":"- Farrow","route_id":"2827","text_color":"#FFFFFF","type_label":"Bus"},"type":"Feature"},{"geometry":{"coordinates":[[-81.01833,34.03714],[-81.01891,34.03738],[-81.01872,34.03671],[-81.01883,34.03625],[-81.0198,34.03454],[-81.01949,34.03361],[-81.01485,34.03488],[-81.01085,34.03627],[-81.00887,34.0367],[-81.00708,34.03677],[-81.0054,34.03661],[-81.00414,34.0358],[-81.00384,34.03588],[-81.00487,34.03362],[-81.00543,34.03299],[-81.00558,34.03303],[-81.00571,34.03266],[-81.00729,34.031],[-81.00781,34.02999],[-81.00846,34.02925],[-81.01185,34.03037],[-81.01488,34.03069],[-81.01638,34.02558],[-81.01797,34.02261],[-81.01868,34.0204],[-81.01954,34.01846],[-81.0195,34.01821],[-81.02101,34.01776],[-81.02056,34.01678],[-81.0236,34.01587],[-81.02285,34.01384],[-81.02272,34.01387],[-81.0215,34.01108],[-81.02821,34.00914],[-81.02817,34.00903],[-81.03489,34.00694],[-81.03492,34.00706],[-81.03487,34.00695],[-81.03754,34.00613],[-81.03782,34.00717],[-81.03799,34.00715],[-81.03933,34.01013],[-81.0377,34.01062],[-81.03712,34.00929],[-81.03576,34.0096],[-81.03712,34.00929],[-81.0377,34.01062],[-81.03782,34.01052]],"type":"LineString"},"properties":{"color":"#B95FED","color_name":"pink","kind":"route","label":"12","long":"- Edgewood","route_id":"2828","text_color":"#FFFFFF","type_label":"Bus"},"type":"Feature"},{"geometry":{"coordinates":[[-80.94845,34.01979],[-80.94934,34.02178],[-80.94989,34.02224],[-80.94932,34.02302],[-80.95069,34.0235],[-80.95106,34.02376],[-80.95105,34.02408],[-80.94454,34.02969],[-80.94468,34.02977],[-80.94224,34.03217],[-80.94032,34.03459],[-80.93986,34.03597],[-80.93976,34.03758],[-80.93948,34.03858],[-80.93861,34.04067],[-80.93783,34.04179],[-80.93833,34.04225],[-80.93847,34.04215],[-80.94006,34.04306],[-80.94214,34.04488],[-80.9438,34.04844],[-80.94377,34.04876],[-80.94393,34.04873],[-80.94528,34.05179],[-80.9462,34.05319],[-80.94633,34.05311],[-80.94803,34.05533],[-80.94812,34.05523],[-80.94992,34.05735],[-80.9507,34.05874],[-80.95062,34.0589],[-80.95078,34.05891],[-80.95164,34.06045],[-80.95323,34.0621],[-80.95337,34.06202],[-80.95521,34.06346],[-80.95656,34.065],[-80.95825,34.06888],[-80.96018,34.06832],[-80.95927,34.06732],[-80.95914,34.0667],[-80.95898,34.06675],[-80.95915,34.06712],[-80.95996,34.06833],[-80.95825,34.06888],[-80.95889,34.0711],[-80.95897,34.0729],[-80.95874,34.0743],[-80.95736,34.0789],[-80.95715,34.08122],[-80.95729,34.08114],[-80.9582,34.08429],[-80.96006,34.0893],[-80.9602,34.09048],[-80.96035,34.09048],[-80.9605,34.09123],[-80.96073,34.09356],[-80.96058,34.09362],[-80.96074,34.09365],[-80.96085,34.09454],[-80.96124,34.09544],[-80.96133,34.09534],[-80.9625,34.09623],[-80.96375,34.09496],[-80.96547,34.09403],[-80.96956,34.09323],[-80.97221,34.09494],[-80.97092,34.09948],[-80.97215,34.09961],[-80.97224,34.09928],[-80.972,34.09845],[-80.9713,34.09804],[-80.97092,34.09944],[-80.97201,34.09954],[-80.97511,34.10056],[-80.97852,34.10093],[-80.98058,34.10187],[-80.98142,34.10064],[-80.97221,34.09494],[-80.97153,34.09714],[-80.97243,34.09804],[-80.97153,34.09714],[-80.97221,34.09494],[-80.98116,34.10037],[-80.97221,34.09494],[-80.97093,34.09945],[-80.97217,34.09959],[-80.97224,34.09902],[-80.97196,34.09846],[-80.97243,34.09804]],"type":"LineString"},"properties":{"color":"#68AA3D","color_name":"gray","kind":"route","label":"75","long":"- Decker / Parkland","route_id":"2829","text_color":"#000000","type_label":"Bus"},"type":"Feature"},{"geometry":{"coordinates":[[-80.9028,34.10589],[-80.90286,34.10602],[-80.90222,34.10643],[-80.89866,34.10558],[-80.89808,34.10528],[-80.89581,34.10277],[-80.89269,34.0985],[-80.89259,34.09764],[-80.89285,34.09406],[-80.89139,34.08918],[-80.89118,34.08749],[-80.8902,34.08424],[-80.89024,34.083],[-80.89067,34.08197],[-80.89141,34.08108],[-80.89279,34.08011],[-80.89909,34.07766],[-80.90828,34.07332],[-80.91269,34.07186],[-80.91336,34.07185],[-80.91467,34.0722],[-80.91536,34.07201],[-80.91273,34.0689],[-80.91175,34.06805],[-80.91865,34.0651],[-80.92533,34.06277],[-80.92954,34.05824],[-80.93201,34.05723],[-80.93308,34.05915],[-80.9347,34.05892],[-80.94589,34.05448],[-80.94686,34.05374],[-80.9453,34.0518],[-80.94288,34.04601],[-80.94214,34.04488],[-80.94147,34.04408],[-80.94006,34.04306],[-80.93783,34.04179],[-80.93739,34.04138],[-80.93732,34.04091],[-80.93818,34.03594],[-80.93903,34.0336],[-80.9434,34.02656],[-80.94683,34.02241],[-80.94741,34.02225],[-80.95032,34.02343],[-80.95116,34.02358],[-80.95229,34.02361],[-80.95351,34.02339],[-80.95356,34.02255],[-80.9533,34.0215],[-80.95221,34.01837],[-80.95173,34.0176],[-80.95096,34.01738],[-80.94956,34.01781],[-80.94855,34.01927],[-80.94845,34.01979]],"type":"LineString"},"properties":{"color":"#65479B","color_name":"purple","kind":"route","label":"77","long":"- Polo","route_id":"2830","text_color":"#FFFFFF","type_label":"Bus"},"type":"Feature"},{"geometry":{"coordinates":[[-81.02499,34.00644],[-81.02337,34.00294],[-81.02498,34.00245],[-81.0243,34.00094],[-81.01982,34.00234],[-81.01885,34.00008],[-81.01888,33.9996],[-81.0249,33.9977],[-81.02588,34.00046],[-81.02427,34.00097],[-81.02494,34.00245],[-81.02654,34.00195],[-81.02892,34.00728],[-81.02573,34.00822],[-81.02499,34.00644]],"type":"LineString"},"properties":{"color":"#848481","color_name":"gray","kind":"route","label":"13","long":"- North Loop REDUCED","route_id":"2831","text_color":"#000000","type_label":"Bus"},"type":"Feature"},{"geometry":{"coordinates":[[-81.12369,33.94677],[-81.12188,33.94645],[-81.12157,33.94657],[-81.1213,33.94704],[-81.12117,33.94805],[-81.1212,33.94851],[-81.12161,33.94916],[-81.12363,33.94989],[-81.12384,33.95016],[-81.12365,33.95051],[-81.12128,33.9509],[-81.12077,33.95072],[-81.12054,33.95039],[-81.12058,33.94998],[-81.1209,33.94978],[-81.12177,33.95014],[-81.12451,33.95261],[-81.12535,33.9537],[-81.11711,33.95614],[-81.11639,33.95649],[-81.11629,33.95637],[-81.11637,33.9565],[-81.10244,33.96125],[-81.10253,33.96136],[-81.1008,33.96253],[-81.09641,33.96641],[-81.0929,33.96916],[-81.09274,33.96912],[-81.09278,33.96926],[-81.09094,33.97069],[-81.0895,33.97169],[-81.08891,33.97184],[-81.08896,33.97198],[-81.086,33.97348],[-81.08514,33.97275],[-81.0774,33.97096],[-81.07685,33.97203],[-81.07687,33.97279],[-81.07663,33.97291],[-81.07671,33.97316],[-81.07557,33.9769],[-81.07495,33.97789],[-81.06373,33.98142],[-81.05602,33.98517],[-81.03148,33.99259],[-81.03449,33.99931],[-81.03435,33.99935],[-81.03452,33.99939],[-81.03528,34.00142],[-81.03542,34.00138],[-81.03674,34.00436],[-81.0367,34.00467],[-81.03685,34.00462],[-81.03754,34.00613],[-81.03782,34.00717],[-81.03799,34.00715],[-81.03933,34.01013],[-81.0377,34.01062],[-81.03712,34.00929],[-81.03576,34.0096]],"type":"LineString"},"properties":{"color":"#FF3399","color_name":"pink","kind":"route","label":"91","long":"- Springdale / Cayce","route_id":"2832","text_color":"#FFFFFF","type_label":"Bus"},"type":"Feature"},{"geometry":{"coordinates":[[-81.01833,34.03714],[-81.01891,34.03738],[-81.01872,34.03671],[-81.01883,34.03625],[-81.0198,34.03454],[-81.01949,34.03361],[-81.02263,34.0324],[-81.03418,34.02989],[-81.03495,34.02896],[-81.03513,34.0277],[-81.03499,34.02658],[-81.03442,34.02553],[-81.03288,34.0262],[-81.03157,34.02636],[-81.03023,34.02611],[-81.02845,34.02529],[-81.0295,34.02395],[-81.03126,34.02258],[-81.02963,34.02125],[-81.0289,34.01916],[-81.02779,34.01791],[-81.02769,34.01692],[-81.02719,34.01551],[-81.02385,34.01642],[-81.02285,34.01384],[-81.02272,34.01387],[-81.01536,33.99751],[-81.01656,33.99765],[-81.01857,33.99835],[-81.01955,33.99821],[-81.02127,33.99733],[-81.02279,33.99585],[-81.02385,33.99517],[-81.02294,33.99378],[-81.0205,33.98842],[-81.02318,33.98752],[-81.02051,33.98522],[-81.0179,33.9833],[-81.01578,33.98404],[-81.0153,33.98362],[-81.01694,33.98229],[-81.0175,33.98291]],"type":"LineString"},"properties":{"color":"#4CA3AE","color_name":"teal","kind":"route","label":"22","long":"- Harden","route_id":"2833","text_color":"#000000","type_label":"Bus"},"type":"Feature"},{"geometry":{"coordinates":[[-81.03373,33.98928],[-81.03243,33.98628],[-81.02272,33.98929],[-81.02206,33.9879],[-81.02538,33.98683],[-81.02842,33.99367],[-81.02384,33.9952],[-81.0249,33.9977],[-81.01888,33.9996],[-81.01885,34.00008],[-81.01982,34.00234],[-81.0339,33.99799],[-81.03329,33.99663],[-81.03655,33.99562],[-81.03597,33.99428],[-81.03547,33.99444],[-81.03597,33.99428],[-81.03655,33.99562],[-81.03329,33.99663],[-81.03321,33.99678],[-81.0339,33.99799],[-81.01982,34.00234],[-81.01885,34.00008],[-81.01888,33.9996],[-81.0249,33.9977],[-81.02384,33.9952],[-81.02842,33.99367],[-81.02538,33.98683],[-81.02318,33.98752],[-81.02302,33.98741],[-81.02206,33.9879],[-81.02272,33.98929],[-81.03243,33.98628],[-81.03373,33.98928]],"type":"LineString"},"properties":{"color":"#A92023","color_name":"red","kind":"route","label":"18","long":"- Red","route_id":"2834","text_color":"#FFFFFF","type_label":"Bus"},"type":"Feature"},{"geometry":{"coordinates":[[-81.11287,34.00906],[-81.11638,34.00871],[-81.11633,34.00578],[-81.11596,34.0047],[-81.10765,34.00326],[-81.10593,34.00265],[-81.09782,33.99905],[-81.09457,33.99888],[-81.08857,33.99899],[-81.08649,33.99867],[-81.05976,33.9965],[-81.05809,33.99618],[-81.05598,33.99542],[-81.05573,33.99517],[-81.05558,33.99525],[-81.05663,33.98727],[-81.05405,33.97754],[-81.05163,33.97405],[-81.05493,33.97272],[-81.05808,33.97194],[-81.05916,33.97136],[-81.06225,33.96908],[-81.06214,33.969],[-81.06411,33.96737],[-81.0633,33.96534],[-81.0631,33.96529],[-81.05994,33.95917],[-81.05917,33.95707],[-81.0631,33.95653],[-81.07401,33.9573],[-81.07357,33.95833],[-81.07508,33.9586],[-81.07524,33.95882],[-81.07434,33.96054],[-81.07445,33.96406],[-81.07397,33.96507],[-81.074,33.96556],[-81.07462,33.96727],[-81.07599,33.96887],[-81.07701,33.97089],[-81.08514,33.97275],[-81.086,33.97349],[-81.08269,33.97542],[-81.07974,33.97853],[-81.07481,33.9832],[-81.0734,33.98389],[-81.07186,33.98875],[-81.07094,33.98969],[-81.06763,33.99085],[-81.06785,33.99199],[-81.06645,33.99333],[-81.06503,33.99408],[-81.06178,33.99518],[-81.05831,33.99697],[-81.05036,34.00056],[-81.03883,34.00422],[-81.03928,34.0055],[-81.0375,34.00608],[-81.03873,34.0088],[-81.03552,34.00977],[-81.03544,34.00961],[-81.0356,34.00956]],"type":"LineString"},"properties":{"color":"#00B3B3","color_name":"teal","kind":"route","label":"96L","long":"- West Columbia / Cayce","route_id":"2837","text_color":"#000000","type_label":"Bus"},"type":"Feature"},{"geometry":{"coordinates":[[-80.97243,34.09804],[-80.97324,34.09765],[-80.97283,34.09707],[-80.97174,34.09748],[-80.97197,34.09814],[-80.97172,34.09823],[-80.9713,34.09804],[-80.97222,34.09494],[-80.9704,34.09382],[-80.96996,34.09316],[-80.96523,34.09407],[-80.96404,34.09459],[-80.96323,34.09519],[-80.95651,34.10249],[-80.9572,34.1029],[-80.95927,34.10327],[-80.9601,34.10377],[-80.96067,34.10442],[-80.96134,34.10576],[-80.96167,34.107],[-80.96197,34.10898],[-80.96217,34.12559],[-80.96268,34.13259],[-80.96252,34.13429],[-80.96215,34.13553],[-80.96167,34.13596],[-80.96002,34.1365],[-80.95701,34.13685],[-80.95581,34.13724],[-80.95389,34.13867],[-80.95238,34.13952],[-80.94553,34.1421],[-80.94323,34.14245],[-80.94096,34.14218],[-80.93336,34.13923],[-80.93333,34.13936],[-80.93039,34.13856],[-80.92825,34.13785],[-80.9282,34.13797],[-80.92438,34.13704],[-80.92298,34.13716],[-80.91941,34.13927],[-80.91831,34.13963],[-80.91395,34.13992],[-80.91349,34.13981],[-80.9135,34.13994],[-80.91007,34.14026],[-80.90346,34.14151],[-80.9035,34.14163],[-80.89997,34.1426],[-80.8959,34.14301],[-80.89499,34.14296],[-80.89384,34.14253],[-80.89274,34.1416],[-80.89264,34.14169],[-80.89032,34.1403],[-80.88872,34.14],[-80.88438,34.13983],[-80.88276,34.139],[-80.88232,34.13847],[-80.88232,34.13821],[-80.88218,34.13828],[-80.88027,34.13578],[-80.88032,34.13563],[-80.88023,34.13574],[-80.87861,34.13417],[-80.87845,34.13376],[-80.88352,34.12919],[-80.88342,34.12835],[-80.88122,34.12658],[-80.8821,34.12555],[-80.8826,34.12574],[-80.88275,34.12553],[-80.88246,34.12537],[-80.8821,34.12555],[-80.88123,34.12659],[-80.87849,34.12598],[-80.87703,34.12479],[-80.87791,34.12402],[-80.87772,34.12307],[-80.87701,34.12356],[-80.87776,34.12419],[-80.87703,34.12479],[-80.87732,34.12513]],"type":"LineString"},"properties":{"color":"#6BAA3A","color_name":"gray","kind":"route","label":"57L","long":"- Killian / Clemson Local","route_id":"2838","text_color":"#000000","type_label":"Bus"},"type":"Feature"},{"geometry":{"coordinates":[[-81.17229,34.08584],[-81.17201,34.086],[-81.17189,34.08638],[-81.17367,34.08687],[-81.17401,34.0897],[-81.1711,34.09079],[-81.16867,34.09109],[-81.16409,34.09076],[-81.16004,34.08992],[-81.16011,34.0898],[-81.15739,34.08937],[-81.15686,34.08922],[-81.1569,34.08897],[-81.15798,34.08744],[-81.15791,34.08678],[-81.15491,34.0839],[-81.15061,34.08083],[-81.15023,34.08031],[-81.15112,34.07973],[-81.15498,34.07508],[-81.15602,34.0741],[-81.16105,34.07153],[-81.16136,34.07152],[-81.16535,34.0682],[-81.16629,34.06778],[-81.16741,34.06757],[-81.16736,34.06745],[-81.16831,34.06712],[-81.16963,34.06632],[-81.16623,34.06331],[-81.16254,34.05911],[-81.16262,34.059],[-81.16254,34.05911],[-81.16215,34.05866],[-81.16162,34.05778],[-81.16122,34.05607],[-81.16109,34.05607],[-81.16032,34.05412],[-81.16021,34.05419],[-81.15823,34.05233],[-81.15828,34.05219],[-81.15817,34.05228],[-81.15508,34.04948],[-81.15513,34.04935],[-81.15297,34.0476],[-81.15226,34.0473],[-81.14999,34.04692],[-81.14222,34.0442],[-81.1403,34.0439],[-81.13765,34.04404],[-81.12997,34.04539],[-81.12315,34.04497],[-81.12082,34.04425],[-81.11946,34.04416],[-81.11677,34.04496],[-81.11603,34.04536],[-81.11558,34.04443],[-81.11545,34.04279],[-81.11523,34.04232],[-81.11292,34.03996],[-81.11163,34.03931],[-81.10853,34.03884],[-81.10743,34.03796],[-81.10711,34.0369],[-81.10733,34.03471],[-81.10668,34.03348],[-81.10497,34.03191],[-81.10403,34.0314],[-81.1012,34.03145],[-81.10115,34.03021],[-81.09954,34.03009],[-81.09681,34.03027],[-81.09662,34.03043],[-81.09663,34.03177],[-81.09219,34.03493],[-81.08942,34.0356],[-81.08913,34.03505],[-81.08925,34.035]],"type":"LineString"},"properties":{"color":"#4AB247","color_name":"green","kind":"route","label":"83L","long":"- St Andrews Local","route_id":"2839","text_color":"#000000","type_label":"Bus"},"type":"Feature"},{"geometry":{"coordinates":[[-81.03576,34.0096],[-81.0339,34.01028],[-81.03449,34.01162],[-81.0377,34.01062],[-81.03761,34.01082],[-81.0377,34.01062],[-81.03948,34.01008],[-81.03346,33.99658],[-81.03349,33.9963],[-81.03336,33.99632],[-81.03165,33.99254],[-81.02378,33.9951],[-81.02084,33.99761],[-81.02002,33.99807],[-81.01898,33.99827],[-81.01763,33.99801],[-81.01748,33.99805],[-81.01741,33.99847],[-81.01588,33.99894],[-80.99312,33.99745],[-80.98808,33.99676],[-80.98567,33.99661],[-80.985,33.99627],[-80.98407,33.99533],[-80.98341,33.99532],[-80.98022,33.99294],[-80.98015,33.99304],[-80.97615,33.99137],[-80.97355,33.99187],[-80.9742,33.99054],[-80.97475,33.99011],[-80.97366,33.98914],[-80.97359,33.98882],[-80.97339,33.98891],[-80.97232,33.98796],[-80.97116,33.98627],[-80.97087,33.98622],[-80.96897,33.9844],[-80.96882,33.98454],[-80.963,33.98098],[-80.96039,33.97873],[-80.95901,33.97714],[-80.95526,33.97379],[-80.95158,33.97188],[-80.95158,33.97171],[-80.95098,33.97161],[-80.94704,33.96956],[-80.94639,33.96906],[-80.94537,33.96807],[-80.94444,33.9666],[-80.94537,33.96807],[-80.94403,33.96574],[-80.94189,33.96294],[-80.941,33.96403],[-80.93806,33.96933],[-80.94107,33.9712],[-80.94297,33.97274],[-80.94656,33.96918],[-80.94537,33.96807],[-80.94156,33.96247],[-80.94179,33.9626],[-80.93962,33.95979],[-80.93831,33.95857],[-80.93717,33.95805],[-80.9362,33.95768],[-80.92735,33.95557],[-80.9261,33.95498],[-80.92603,33.95509],[-80.92526,33.9548],[-80.92159,33.95278],[-80.9067,33.94531],[-80.90478,33.94447],[-80.90476,33.94459],[-80.90295,33.94411],[-80.8996,33.94377],[-80.89216,33.94446],[-80.88911,33.94453],[-80.8757,33.94428],[-80.87225,33.94498],[-80.87164,33.94533],[-80.87169,33.94546],[-80.87305,33.94494],[-80.87642,33.92659],[-80.87634,33.92522],[-80.87493,33.92138],[-80.8738,33.91282],[-80.87399,33.91136],[-80.86861,33.90908],[-80.85695,33.90475],[-80.85492,33.90444],[-80.84901,33.90475],[-80.83073,33.89896],[-80.8238,33.89761],[-80.82022,33.89735],[-80.81678,33.89602],[-80.81427,33.89549],[-80.80238,33.8937],[-80.79954,33.89297],[-80.79408,33.89267],[-80.79308,33.89233],[-80.78642,33.88698],[-80.78339,33.88618],[-80.78208,33.88433],[-80.77987,33.88231],[-80.77348,33.87871],[-80.76839,33.87271],[-80.7682,33.87211],[-80.76749,33.87163],[-80.76387,33.86687],[-80.76346,33.86539],[-80.76358,33.86367],[-80.76588,33.85392],[-80.76575,33.85301],[-80.76404,33.84913],[-80.76416,33.84901],[-80.76403,33.84902],[-80.76405,33.84804],[-80.76456,33.84552],[-80.72629,33.84116],[-80.72748,33.85493],[-80.72751,33.85644],[-80.72718,33.85733],[-80.72669,33.85782],[-80.72529,33.85821],[-80.71796,33.85979],[-80.71278,33.86069],[-80.70225,33.86126],[-80.70267,33.86485],[-80.70346,33.86647],[-80.70487,33.86864],[-80.70099,33.87181],[-80.69813,33.87568],[-80.69807,33.87663],[-80.6978,33.87699],[-80.69671,33.87755],[-80.69617,33.87808],[-80.69049,33.87644],[-80.68751,33.88337],[-80.67744,33.89893],[-80.67274,33.90487],[-80.67132,33.90697],[-80.65785,33.92784],[-80.65675,33.92992],[-80.64773,33.94369],[-80.63718,33.94609],[-80.56683,33.95264],[-80.56428,33.95253],[-80.56167,33.95212],[-80.53528,33.94602],[-80.52708,33.94529],[-80.52706,33.94549],[-80.51612,33.94498],[-80.5141,33.94529],[-80.5031,33.94859],[-80.50082,33.94952],[-80.49468,33.95272],[-80.4901,33.95443],[-80.48958,33.95442],[-80.4891,33.95402],[-80.48914,33.95349],[-80.48948,33.95319],[-80.49027,33.95324],[-80.4907,33.95378],[-80.49086,33.95622],[-80.49034,33.95678],[-80.49021,33.9572],[-80.49023,33.95735],[-80.49107,33.95725],[-80.4907,33.95378],[-80.49082,33.95307],[-80.49111,33.95285],[-80.49156,33.95283],[-80.49198,33.95318],[-80.49197,33.95351],[-80.49168,33.95387],[-80.47638,33.95949],[-80.46771,33.96157],[-80.46366,33.9634],[-80.46177,33.96394],[-80.44031,33.96514],[-80.43892,33.96491],[-80.42894,33.96188],[-80.42732,33.9616],[-80.42561,33.96157],[-80.42271,33.96211],[-80.41888,33.96364],[-80.41675,33.96423],[-80.40933,33.96525],[-80.40733,33.96521],[-80.40499,33.96441],[-80.39448,33.95789],[-80.39336,33.95737],[-80.39117,33.95687],[-80.38466,33.95656],[-80.38116,33.9556],[-80.38045,33.95526],[-80.37901,33.95393],[-80.37323,33.94604],[-80.3716,33.94442],[-80.34445,33.92737],[-80.34418,33.92689],[-80.34436,33.92447],[-80.33969,33.9242],[-80.34029,33.91828],[-80.33762,33.91812],[-80.3377,33.91694],[-80.33886,33.91634],[-80.33936,33.91633]],"type":"LineString"},"properties":{"color":"#AD0101","color_name":"red","kind":"route","label":"44","long":"- Lower Richland Express","route_id":"2840","text_color":"#FFFFFF","type_label":"Bus"},"type":"Feature"},{"geometry":{"coordinates":[[-80.68865,33.88098],[-80.69049,33.87644],[-80.69617,33.87808],[-80.6978,33.87699],[-80.69807,33.87663],[-80.69813,33.87568],[-80.701,33.8718],[-80.70487,33.86864],[-80.70346,33.86647],[-80.70267,33.86485],[-80.70227,33.86228],[-80.70225,33.85853],[-80.70208,33.85782],[-80.70085,33.85604],[-80.69912,33.85079],[-80.6959,33.84676],[-80.69198,33.84085],[-80.68789,33.83691],[-80.68847,33.83717],[-80.6885,33.83698],[-80.73217,33.8419],[-80.73222,33.84267],[-80.73255,33.84354],[-80.73395,33.84537],[-80.73454,33.84579],[-80.7401,33.84831],[-80.74324,33.8503],[-80.74439,33.85148],[-80.7459,33.85385],[-80.74774,33.85595],[-80.74981,33.85768],[-80.75251,33.85954],[-80.75595,33.86342],[-80.75745,33.86394],[-80.7591,33.86613],[-80.75991,33.86679],[-80.76253,33.86767],[-80.76341,33.86482],[-80.76415,33.86109],[-80.76585,33.85432],[-80.76576,33.85301],[-80.76404,33.84912],[-80.76401,33.84804],[-80.76456,33.84551],[-80.86745,33.86293],[-80.86508,33.869],[-80.86427,33.87422],[-80.86061,33.88111],[-80.85981,33.88188],[-80.85323,33.88638],[-80.8585,33.89117],[-80.86209,33.89296],[-80.86271,33.89373],[-80.86445,33.89706],[-80.8653,33.89803],[-80.87111,33.90122],[-80.87652,33.9018],[-80.87751,33.89546],[-80.87794,33.89459],[-80.88443,33.88502],[-80.8862,33.88316],[-80.89541,33.87674],[-80.89736,33.8743],[-80.91698,33.89339],[-80.92346,33.90014],[-80.9252,33.90163],[-80.93152,33.90611],[-80.95731,33.92306],[-80.96157,33.92605],[-80.97102,33.93383],[-80.97387,33.93496],[-80.97244,33.93827],[-80.97486,33.939],[-80.97449,33.93983],[-80.97493,33.94015],[-80.97434,33.94051],[-80.97518,33.94142],[-80.97465,33.94179],[-80.97518,33.94142],[-80.975,33.94136],[-80.97518,33.94142],[-80.97186,33.94359],[-80.97196,33.94368],[-80.96114,33.95102],[-80.95706,33.9547],[-80.95348,33.95748],[-80.94383,33.96561],[-80.94189,33.96294],[-80.94174,33.96299],[-80.93806,33.96933],[-80.94107,33.9712],[-80.94297,33.97274],[-80.94646,33.96927],[-80.9546,33.97355],[-80.95604,33.97463],[-80.95888,33.97751],[-80.96317,33.98126],[-80.96326,33.98115],[-80.96403,33.9816],[-80.97009,33.98537],[-80.97232,33.98796],[-80.97385,33.9893],[-80.9738,33.98947],[-80.97385,33.9893],[-80.97615,33.99137],[-80.97357,33.99187],[-80.97408,33.99097]],"type":"LineString"},"properties":{"color":"#0BB391","color_name":"teal","kind":"route","label":"47","long":"- Eastover / Gadsden","route_id":"2841","text_color":"#000000","type_label":"Bus"},"type":"Feature"},{"geometry":{"coordinates":[[-81.0356,34.00956],[-81.03544,34.00962],[-81.03461,34.00775],[-81.03456,34.00728],[-81.03432,34.00712],[-81.03492,34.00706],[-81.03487,34.00695],[-81.03754,34.00613],[-81.03782,34.00717],[-81.03799,34.00715],[-81.03933,34.01013],[-81.0377,34.01062],[-81.03824,34.01226],[-81.04037,34.01656],[-81.0425,34.0216],[-81.04248,34.02356],[-81.04199,34.02517],[-81.04202,34.02845],[-81.04214,34.02844],[-81.04218,34.02974],[-81.04233,34.02978],[-81.042,34.03177],[-81.04232,34.03366],[-81.04081,34.0383],[-81.0399,34.0401],[-81.03851,34.04158],[-81.03106,34.04787],[-81.01627,34.05496],[-81.01248,34.05767],[-81.01021,34.05985],[-81.00527,34.0681],[-81.00477,34.06863],[-81.00185,34.0705],[-81.00092,34.06826],[-80.99851,34.06489],[-80.99535,34.06636],[-80.99383,34.06737],[-80.99157,34.0677],[-80.99016,34.0683]],"type":"LineString"},"properties":{"color":"#F50505","color_name":"red","kind":"route","label":"101","long":"- North Main","route_id":"2842","text_color":"#FFFFFF","type_label":"Bus"},"type":"Feature"},{"geometry":{"coordinates":[[-80.941,33.96403],[-80.93806,33.96933],[-80.94107,33.9712],[-80.94299,33.97276],[-80.94013,33.97562],[-80.93828,33.97535],[-80.93633,33.9755],[-80.9294,33.97834],[-80.92399,33.97028],[-80.92512,33.96925],[-80.92624,33.96685],[-80.93034,33.95644],[-80.93266,33.95713],[-80.93271,33.95701],[-80.936,33.95779],[-80.93805,33.95867],[-80.93933,33.95972],[-80.94583,33.96888],[-80.95512,33.97389],[-80.95888,33.97751],[-80.96317,33.98126],[-80.96326,33.98115],[-80.96403,33.9816],[-80.97009,33.98537],[-80.97232,33.98796],[-80.97385,33.9893],[-80.9738,33.98947],[-80.97385,33.9893],[-80.97615,33.99137],[-80.97357,33.99187],[-80.97408,33.99097]],"type":"LineString"},"properties":{"color":"#DD6F27","color_name":"orange","kind":"route","label":"45","long":"- Leesburg-Hazelwood","route_id":"2843","text_color":"#000000","type_label":"Bus"},"type":"Feature"},{"geometry":{"coordinates":[[-81.02499,34.00644],[-81.02337,34.00294],[-81.02498,34.00245],[-81.0243,34.00094],[-81.01982,34.00234],[-81.01885,34.00008],[-81.01888,33.9996],[-81.0249,33.9977],[-81.02588,34.00046],[-81.02427,34.00097],[-81.02494,34.00245],[-81.02654,34.00195],[-81.02892,34.00728],[-81.02573,34.00822],[-81.02499,34.00644]],"type":"LineString"},"properties":{"color":"#848481","color_name":"gray","kind":"route","label":"13","long":"- North Loop","route_id":"2844","text_color":"#000000","type_label":"Bus"},"type":"Feature"},{"geometry":{"coordinates":[[-81.0356,34.00956],[-81.03544,34.00962],[-81.03461,34.00775],[-81.03456,34.00728],[-81.03442,34.00733],[-81.03262,34.00328],[-81.03274,34.00325],[-81.03189,34.00165],[-81.03192,34.0014],[-81.03176,34.00137],[-81.02965,33.9966],[-81.02958,33.99578],[-81.02842,33.99368],[-81.03153,33.99271],[-81.03441,33.99913],[-81.03435,33.99935],[-81.03452,33.99939],[-81.03528,34.00142],[-81.03542,34.00138],[-81.03674,34.00436],[-81.0367,34.00467],[-81.03687,34.00463],[-81.03754,34.00613],[-81.04253,34.0046],[-81.04234,34.00395],[-81.04192,34.00326],[-81.03694,34.0048],[-81.03782,34.00717],[-81.03799,34.00715],[-81.03933,34.01013],[-81.03624,34.01095],[-81.03611,34.01112],[-81.03545,34.00962],[-81.0356,34.00956]],"type":"LineString"},"properties":{"color":"#613E9D","color_name":"purple","kind":"route","label":"4","long":"- Soda Cap Connector Orbit","route_id":"2845","text_color":"#FFFFFF","type_label":"Bus"},"type":"Feature"},{"geometry":{"coordinates":[[-81.05663,33.98727],[-81.05607,33.98516],[-81.05269,33.98618],[-81.05307,33.98752],[-81.05229,33.98839],[-81.05123,33.98891],[-81.05094,33.98924],[-81.05098,33.9901],[-81.05225,33.99298],[-81.05332,33.9944],[-81.05351,33.99498],[-81.03686,34.00019],[-81.03632,33.99892],[-81.03796,33.99841],[-81.03667,33.99558],[-81.03329,33.99663],[-81.03446,33.99925],[-81.03435,33.99935],[-81.03452,33.99939],[-81.03528,34.00142],[-81.03542,34.00138],[-81.03674,34.00436],[-81.0367,34.00467],[-81.03685,34.00462],[-81.03754,34.00613],[-81.03782,34.00717]],"type":"LineString"},"properties":{"color":"#E36412","color_name":"orange","kind":"route","label":"1","long":"- Soda Cap Connector West","route_id":"2846","text_color":"#FFFFFF","type_label":"Bus"},"type":"Feature"},{"geometry":{"coordinates":[[-81.03012,33.99786],[-81.03069,33.99898],[-81.0323,33.99848],[-81.0317,33.99714],[-81.03505,33.99608],[-81.03521,33.99617],[-81.03667,33.99558],[-81.03606,33.99426],[-81.03447,33.99476],[-81.03323,33.99204],[-81.02836,33.99357],[-81.02538,33.98683],[-81.02318,33.98752],[-81.02302,33.98741],[-81.02206,33.9879],[-81.02272,33.98929],[-81.03848,33.98445],[-81.03904,33.98471],[-81.04124,33.98961],[-81.03961,33.99],[-81.03938,33.9895],[-81.03945,33.98911],[-81.03959,33.98913]],"type":"LineString"},"properties":{"color":"#E05200","color_name":"orange","kind":"route","label":"20","long":"- West Campus","route_id":"2847","text_color":"#FFFFFF","type_label":"Bus"},"type":"Feature"},{"geometry":{"coordinates":[[-81.03576,34.0096],[-81.03223,34.01079],[-81.03652,34.02064],[-81.03662,34.02054],[-81.03733,34.02209],[-81.03793,34.02405],[-81.03443,34.02554],[-81.03501,34.02664],[-81.03503,34.02856],[-81.03488,34.02909],[-81.03428,34.02975],[-81.03072,34.02973],[-81.02785,34.03034],[-81.02921,34.03458],[-81.02916,34.03596],[-81.03184,34.03615],[-81.0345,34.03737],[-81.03633,34.04015],[-81.03275,34.04173],[-81.02751,34.0463],[-81.03014,34.04886],[-81.03022,34.04922],[-81.0299,34.05042],[-81.0288,34.05201],[-81.0281,34.05361],[-81.02663,34.05812],[-81.0262,34.05879],[-81.02443,34.06041],[-81.02385,34.06117],[-81.02334,34.06216],[-81.02248,34.06477],[-81.02237,34.06822],[-81.02278,34.06994],[-81.02278,34.07537],[-81.02136,34.07567],[-81.02053,34.07664],[-81.01878,34.07737],[-81.01717,34.07852],[-81.01756,34.07916],[-81.01686,34.07979],[-81.01758,34.08047],[-81.01648,34.08185],[-81.0151,34.0827],[-81.01566,34.08349],[-81.01518,34.08401],[-81.01677,34.085],[-81.01762,34.08597],[-81.02223,34.08358],[-81.02378,34.0831],[-81.02661,34.08765],[-81.02681,34.08895],[-81.02811,34.09015],[-81.028,34.09035],[-81.02822,34.09025],[-81.02966,34.09157],[-81.03024,34.09231],[-81.03082,34.09375],[-81.03338,34.09684],[-81.03441,34.09636],[-81.03572,34.0961]],"type":"LineString"},"properties":{"color":"#AC02FA","color_name":"purple","kind":"route","label":"11","long":"- Fairfield","route_id":"2848","text_color":"#FFFFFF","type_label":"Bus"},"type":"Feature"},{"geometry":{"coordinates":[[-80.94845,34.01979],[-80.94934,34.02178],[-80.94989,34.02224],[-80.94932,34.02302],[-80.94491,34.02085],[-80.94262,34.02029],[-80.94137,34.0193],[-80.93902,34.01787],[-80.94008,34.016],[-80.9425,34.01367],[-80.94452,34.01516],[-80.94491,34.01579],[-80.94824,34.0107],[-80.95192,34.0044],[-80.95358,33.99975],[-80.95075,33.99892],[-80.94696,33.99737],[-80.94675,33.99835],[-80.94593,33.99966],[-80.94739,34.0003],[-80.94857,33.9984],[-80.94924,33.99773],[-80.95039,33.99734],[-80.95318,33.99696],[-80.95422,33.99731],[-80.95456,33.99714],[-80.95479,33.99674],[-80.95438,33.9964],[-80.95351,33.99636],[-80.95155,33.99505],[-80.95066,33.99477],[-80.94518,33.99464],[-80.94258,33.99373],[-80.935,34.00802],[-80.93394,34.00968],[-80.93369,34.00997],[-80.9335,34.00987],[-80.93339,34.01029],[-80.93563,34.01202],[-80.93374,34.01371],[-80.93145,34.01192],[-80.92232,34.01959],[-80.93242,34.02803],[-80.93289,34.02776],[-80.93272,34.02736],[-80.93256,34.02749],[-80.92749,34.02332],[-80.92805,34.02059],[-80.92841,34.02006],[-80.9251,34.01728],[-80.93136,34.012],[-80.9385,34.01769],[-80.94122,34.01934],[-80.94222,34.02023],[-80.94317,34.02069],[-80.94441,34.02087],[-80.95032,34.02343],[-80.95202,34.02363],[-80.95351,34.02339],[-80.95356,34.02255],[-80.9533,34.0215],[-80.95221,34.01837],[-80.95184,34.01769],[-80.95147,34.01745],[-80.95096,34.01738],[-80.94944,34.0179],[-80.94855,34.01927],[-80.94845,34.01979]],"type":"LineString"},"properties":{"color":"#3CA351","color_name":"green","kind":"route","label":"76","long":"- Fort Jackson","route_id":"2849","text_color":"#000000","type_label":"Bus"},"type":"Feature"},{"geometry":{"coordinates":[[-81.00963,34.0577],[-81.00973,34.05675],[-81.01004,34.05604],[-81.01173,34.05725],[-81.00527,34.0681],[-81.00362,34.0694],[-81.00197,34.0703],[-81.00029,34.07208],[-80.99755,34.0775],[-80.9967,34.08029],[-80.9968,34.08049],[-80.99548,34.08058],[-80.99458,34.08085],[-80.98971,34.08343],[-80.98898,34.0836],[-80.98325,34.08203],[-80.97708,34.07999],[-80.97249,34.09135],[-80.97139,34.09256],[-80.9695,34.09328],[-80.97221,34.09494],[-80.97092,34.09948],[-80.97215,34.09961],[-80.97224,34.09928],[-80.972,34.09845],[-80.9713,34.09804],[-80.97092,34.09944],[-80.97201,34.09954],[-80.97511,34.10056],[-80.97852,34.10093],[-80.98058,34.10187],[-80.98142,34.10064],[-80.98116,34.10037],[-80.97221,34.09494],[-80.97153,34.09714],[-80.97243,34.09804],[-80.97324,34.09765],[-80.97283,34.09707],[-80.97174,34.09748],[-80.97197,34.09814],[-80.97229,34.09803],[-80.97172,34.09823],[-80.9713,34.09804],[-80.97098,34.09926],[-80.96787,34.09881],[-80.96643,34.09911],[-80.96549,34.09833],[-80.96409,34.09754],[-80.96334,34.09664],[-80.96242,34.09604],[-80.95455,34.10455],[-80.94961,34.10858],[-80.9481,34.11099],[-80.94738,34.11327],[-80.94948,34.11317],[-80.94951,34.11437],[-80.94912,34.11484],[-80.94815,34.11464]],"type":"LineString"},"properties":{"color":"#BF1B8E","color_name":"pink","kind":"route","label":"32","long":"- North Main / Hardscrabble","route_id":"2850","text_color":"#FFFFFF","type_label":"Bus"},"type":"Feature"},{"geometry":{"coordinates":[[-80.97408,33.99097],[-80.9742,33.99054],[-80.97475,33.99011],[-80.97615,33.99137],[-80.97734,33.99184],[-80.97724,33.99196],[-80.97734,33.99184],[-80.97999,33.99294],[-80.98323,33.9953],[-80.98587,33.99677],[-80.99386,33.99756],[-81.00362,33.99814],[-81.00362,33.99827],[-81.00362,33.99814],[-81.01519,33.99901],[-81.01588,33.99894],[-81.01897,34.0059],[-81.03517,34.00082],[-81.03528,34.00142],[-81.03542,34.00138],[-81.03674,34.00436],[-81.0367,34.00467],[-81.03685,34.00462],[-81.03758,34.00623],[-81.03782,34.00717],[-81.03799,34.00715],[-81.03933,34.01013],[-81.03611,34.01112],[-81.03544,34.00961],[-81.0356,34.00956]],"type":"LineString"},"properties":{"color":"#B38900","color_name":"orange","kind":"route","label":"401","long":"- Devine","route_id":"2851","text_color":"#000000","type_label":"Bus"},"type":"Feature"},{"geometry":{"coordinates":[[-81.03608,33.99265],[-81.03641,33.99264],[-81.03539,33.99295],[-81.03597,33.99428],[-81.02967,33.99625],[-81.02962,33.99651],[-81.03011,33.99764],[-81.03515,33.99607],[-81.03328,33.99215],[-81.03649,33.99113],[-81.03708,33.99243],[-81.03608,33.99265]],"type":"LineString"},"properties":{"color":"#000000","color_name":"black","kind":"route","label":"14","long":"- Express REDUCED","route_id":"2852","text_color":"#FFFFFF","type_label":"Bus"},"type":"Feature"},{"geometry":{"coordinates":[[-80.94845,34.01979],[-80.94934,34.02178],[-80.94989,34.02224],[-80.94932,34.02302],[-80.95032,34.02343],[-80.95145,34.02362],[-80.95329,34.02355],[-80.95765,34.02215],[-80.96112,34.0199],[-80.96121,34.02012],[-80.96109,34.01992],[-80.96203,34.01937],[-80.96349,34.01878],[-80.96495,34.01853],[-80.96603,34.01853],[-80.96603,34.01868],[-80.96602,34.01853],[-80.96635,34.01856],[-80.96779,34.01887],[-80.9735,34.02094],[-80.97533,34.02118],[-80.97941,34.02107],[-80.98346,34.02054],[-80.9883,34.01943],[-80.98868,34.01949],[-80.98864,34.01937],[-80.9921,34.01854],[-80.99199,34.0184],[-80.9939,34.01769],[-80.99397,34.01787],[-80.99386,34.0177],[-80.99612,34.01672],[-80.99848,34.01548],[-80.99838,34.01535],[-80.99961,34.01492],[-81.00491,34.01461],[-81.00488,34.01449],[-81.00733,34.01422],[-81.01109,34.01338],[-81.01516,34.01287],[-81.01573,34.01294],[-81.01568,34.01281],[-81.01774,34.01232],[-81.02299,34.01062],[-81.02303,34.01073],[-81.02296,34.01062],[-81.02821,34.00914],[-81.02817,34.00903],[-81.03489,34.00694],[-81.03492,34.00706],[-81.03487,34.00695],[-81.03754,34.00613],[-81.03782,34.00717],[-81.03799,34.00715],[-81.03932,34.01014],[-81.03617,34.0111],[-81.0356,34.00956]],"type":"LineString"},"properties":{"color":"#64449C","color_name":"purple","kind":"route","label":"701","long":"- Forest","route_id":"2853","text_color":"#FFFFFF","type_label":"Bus"},"type":"Feature"},{"geometry":{"coordinates":[[-80.941,33.96403],[-80.93806,33.96933],[-80.94107,33.9712],[-80.94297,33.97274],[-80.94646,33.96927],[-80.94957,33.97083],[-80.94948,33.97101],[-80.94971,33.97091],[-80.9546,33.97355],[-80.95604,33.97463],[-80.95888,33.97751],[-80.96317,33.98126],[-80.96326,33.98115],[-80.96403,33.9816],[-80.97009,33.98537],[-80.97232,33.98796],[-80.97385,33.9893],[-80.9738,33.98947],[-80.97385,33.9893],[-80.97615,33.99137],[-80.97357,33.99187],[-80.97411,33.99068],[-80.97476,33.99011],[-80.97615,33.99137],[-80.97951,33.99267],[-80.97725,33.99694],[-80.97743,33.99693],[-80.97763,33.99792],[-80.97867,33.99932],[-80.97977,34.00144],[-80.97981,34.00206],[-80.97898,34.00523],[-80.97884,34.00632],[-80.97898,34.0072],[-80.97948,34.00813],[-80.97978,34.00827],[-80.98165,34.01083],[-80.98407,34.0137],[-80.98421,34.01362],[-80.98684,34.01514],[-80.98767,34.01596],[-80.98821,34.01693],[-80.98829,34.01682],[-80.98945,34.01846],[-80.99054,34.02215],[-80.99193,34.02447],[-80.99307,34.02598],[-80.99297,34.02606],[-80.99307,34.02598],[-80.99662,34.02951],[-80.9973,34.03038],[-80.99807,34.03186],[-80.99883,34.03421],[-80.99932,34.03493],[-81.00064,34.03539],[-81.00384,34.03588],[-81.00541,34.03675],[-81.00871,34.03671],[-81.00882,34.03686],[-81.0088,34.0367],[-81.0105,34.03636],[-81.01319,34.03551],[-81.01322,34.03572],[-81.01475,34.03503],[-81.01942,34.03373],[-81.02263,34.0324],[-81.02426,34.03215],[-81.03346,34.02995],[-81.03703,34.02987],[-81.04517,34.03019],[-81.04674,34.03074],[-81.04847,34.03075],[-81.04911,34.0306],[-81.05106,34.02949],[-81.05245,34.02902],[-81.05376,34.02895],[-81.05553,34.02918],[-81.0556,34.02934],[-81.05571,34.02921],[-81.05804,34.02938],[-81.0595,34.02888],[-81.06228,34.02736],[-81.06443,34.02678],[-81.07081,34.0257],[-81.07114,34.02579],[-81.07111,34.02566],[-81.07577,34.02489],[-81.07837,34.02488],[-81.08063,34.02549],[-81.08301,34.02675],[-81.08446,34.02812],[-81.08652,34.03058],[-81.09101,34.03077],[-81.09616,34.0305],[-81.09658,34.03068],[-81.09663,34.03177],[-81.09327,34.03422],[-81.09185,34.03507],[-81.08942,34.0356],[-81.08925,34.035],[-81.08908,34.03495],[-81.08663,34.03055],[-81.09396,34.03073],[-81.098,34.03025],[-81.10115,34.03021],[-81.1012,34.03145],[-81.10375,34.03142],[-81.10497,34.03191],[-81.10711,34.03408],[-81.10735,34.03527],[-81.10713,34.03722],[-81.10743,34.03796],[-81.10824,34.03869],[-81.10917,34.0391],[-81.11163,34.03931],[-81.11305,34.04008],[-81.11532,34.04247],[-81.11558,34.04443],[-81.11603,34.04536],[-81.11349,34.04701],[-81.10945,34.04911],[-81.10566,34.04994],[-81.10283,34.04732],[-81.10512,34.04644],[-81.10571,34.04603]],"type":"LineString"},"properties":{"color":"#B85C5C","color_name":"brown","kind":"route","label":"88","long":"- Beltline Crosstown","route_id":"2854","text_color":"#FFFFFF","type_label":"Bus"},"type":"Feature"},{"geometry":{"coordinates":[[-80.94891,33.92148],[-80.94914,33.92098],[-80.95144,33.92015],[-80.95197,33.91959],[-80.95729,33.92304],[-80.96157,33.92605],[-80.96373,33.92794],[-80.96381,33.9278],[-80.96431,33.92815],[-80.95014,33.93995],[-80.94101,33.94301],[-80.93971,33.94366],[-80.9378,33.94499],[-80.9369,33.9441],[-80.93465,33.94323],[-80.93303,33.9419],[-80.92975,33.94066],[-80.9302,33.93989],[-80.92905,33.93937],[-80.9287,33.93977],[-80.9299,33.94043],[-80.92975,33.94066],[-80.93303,33.9419],[-80.93465,33.94323],[-80.9369,33.9441],[-80.9378,33.94499],[-80.93971,33.94366],[-80.94101,33.94301],[-80.95014,33.93995],[-80.96431,33.92815],[-80.97102,33.93383],[-80.97345,33.93492],[-80.97626,33.93572],[-80.97977,33.93807],[-80.97983,33.93791],[-80.98011,33.93805],[-80.97518,33.94142],[-80.975,33.94136],[-80.97518,33.94142],[-80.97186,33.94359],[-80.97196,33.94368],[-80.9652,33.94823],[-80.96645,33.94931],[-80.9678,33.9499],[-80.97567,33.95138],[-80.97697,33.95189],[-80.97776,33.95241],[-80.98377,33.95784],[-80.98545,33.95955],[-80.98553,33.95945],[-80.98637,33.9601],[-80.99069,33.96246],[-80.9985,33.96621],[-81.00891,33.97167],[-81.01502,33.97637],[-81.01502,33.9766],[-81.01517,33.97649],[-81.0164,33.97749],[-81.01934,33.97456],[-81.02159,33.97313],[-81.02509,33.97612],[-81.0224,33.98121],[-81.02735,33.98376],[-81.02779,33.9841],[-81.02802,33.98476],[-81.02823,33.98483],[-81.02935,33.98783],[-81.02946,33.98774],[-81.03022,33.98979],[-81.03034,33.98976],[-81.0307,33.99058],[-81.03169,33.99335],[-81.03674,34.00436],[-81.0367,34.00467],[-81.03685,34.00462],[-81.03754,34.00613],[-81.03782,34.00717],[-81.03799,34.00715],[-81.03933,34.01013],[-81.0377,34.01062],[-81.03712,34.00929],[-81.03576,34.0096]],"type":"LineString"},"properties":{"color":"#969603","color_name":"brown","kind":"route","label":"61","long":"- Shop","route_id":"2855","text_color":"#000000","type_label":"Bus"},"type":"Feature"},{"geometry":{"coordinates":[[-80.97408,33.99097],[-80.9742,33.99054],[-80.97475,33.99011],[-80.97366,33.98914],[-80.97359,33.98882],[-80.97339,33.98891],[-80.97232,33.98796],[-80.97116,33.98627],[-80.97087,33.98622],[-80.96897,33.9844],[-80.96876,33.98449],[-80.96649,33.98309],[-80.96591,33.98248],[-80.96744,33.98045],[-80.96807,33.97998],[-80.97054,33.97982],[-80.97514,33.97879],[-80.97584,33.97886],[-80.97601,33.98498],[-80.97563,33.98715],[-80.97571,33.98788],[-80.97902,33.98712],[-80.98349,33.98776],[-80.99432,33.98785],[-80.99932,33.98828],[-81.00187,33.98816],[-81.00723,33.9867],[-81.0119,33.99067],[-81.01304,33.99327],[-81.01478,33.99631],[-81.01649,34.00033],[-81.01889,33.9996],[-81.01882,34.00003],[-81.01911,34.00088],[-81.01982,34.00234],[-81.0339,33.99799],[-81.03441,33.99913],[-81.03435,33.99935],[-81.03452,33.99939],[-81.03528,34.00142],[-81.03542,34.00138],[-81.03674,34.00436],[-81.0367,34.00467],[-81.03685,34.00462],[-81.03754,34.00613],[-81.03782,34.00717],[-81.03799,34.00715],[-81.03933,34.01013],[-81.03611,34.01112],[-81.03544,34.00961],[-81.0356,34.00956]],"type":"LineString"},"properties":{"color":"#EB6200","color_name":"orange","kind":"route","label":"21","long":"- Rosewood","route_id":"2856","text_color":"#FFFFFF","type_label":"Bus"},"type":"Feature"},{"geometry":{"coordinates":[[-81.02418,33.98875],[-81.0211,33.98979],[-81.02288,33.99374],[-81.02378,33.99509],[-81.02067,33.99774],[-81.01914,33.99827],[-81.01888,33.9996],[-81.0249,33.9977],[-81.02384,33.9952],[-81.02996,33.9932],[-81.0282,33.98887],[-81.02755,33.98777],[-81.02924,33.98723],[-81.02823,33.98483],[-81.0256,33.98562],[-81.0255,33.98571],[-81.02609,33.98659],[-81.0237,33.98736],[-81.02433,33.98877],[-81.02418,33.98875]],"type":"LineString"},"properties":{"color":"#A38E18","color_name":"brown","kind":"route","label":"15","long":"- Yellow","route_id":"80","text_color":"#000000","type_label":"Bus"},"type":"Feature"},{"geometry":{"coordinates":[[-81.03012,33.99786],[-81.03069,33.99898],[-81.0323,33.99848],[-81.0317,33.99714],[-81.03505,33.99608],[-81.03521,33.99617],[-81.03517,33.99604],[-81.03667,33.99558],[-81.03546,33.99274],[-81.03474,33.99154],[-81.03412,33.9901],[-81.03415,33.98977],[-81.03373,33.98928]],"type":"LineString"},"properties":{"color":"#C9500E","color_name":"red","kind":"route","label":"16","long":"- Greek Village Lunch Express","route_id":"81","text_color":"#FFFFFF","type_label":"Bus"},"type":"Feature"},{"geometry":{"coordinates":[[-81.0238,33.98725],[-81.0237,33.98735],[-81.02425,33.98856],[-81.02418,33.98875],[-81.02604,33.98825],[-81.0288,33.99495],[-81.02919,33.99513],[-81.02969,33.99616],[-81.02962,33.99651],[-81.03011,33.99764],[-81.03171,33.99714],[-81.0282,33.98887],[-81.02755,33.98777],[-81.02924,33.98723],[-81.02823,33.98483],[-81.0256,33.98562],[-81.0255,33.98571],[-81.02609,33.98659],[-81.0238,33.98725]],"type":"LineString"},"properties":{"color":"#066A40","color_name":"green","kind":"route","label":"17","long":"- Green","route_id":"83","text_color":"#FFFFFF","type_label":"Bus"},"type":"Feature"},{"geometry":{"coordinates":[[-81.02499,34.00644],[-81.02337,34.00294],[-81.02498,34.00245],[-81.0243,34.00094],[-81.01982,34.00234],[-81.01883,33.99992],[-81.01888,33.9996],[-81.0249,33.9977],[-81.02384,33.9952],[-81.02409,33.99507],[-81.02518,33.99468],[-81.02619,33.99693],[-81.02518,33.99468],[-81.02842,33.99367],[-81.02776,33.99231],[-81.02548,33.99301],[-81.0251,33.99298],[-81.02296,33.99375],[-81.02118,33.9898],[-81.02753,33.9878],[-81.02928,33.99182],[-81.02772,33.9923],[-81.02898,33.99495],[-81.0288,33.99495],[-81.02919,33.99513],[-81.02969,33.99616],[-81.02963,33.99655],[-81.03062,33.99896],[-81.02582,34.00048],[-81.02892,34.00728],[-81.02573,34.00822],[-81.02499,34.00644]],"type":"LineString"},"properties":{"color":"#8B1717","color_name":"brown","kind":"route","label":"24","long":"- Evening 1","route_id":"87","text_color":"#FFFFFF","type_label":"Bus"},"type":"Feature"},{"geometry":{"coordinates":[[-81.03012,33.99786],[-81.03069,33.99898],[-81.0323,33.99848],[-81.0317,33.99714],[-81.03515,33.99607],[-81.03455,33.99477],[-81.03772,33.99375],[-81.03709,33.99241],[-81.03548,33.99287],[-81.03493,33.99165],[-81.04124,33.98961],[-81.04072,33.98818],[-81.04223,33.98772],[-81.0425,33.98833],[-81.04237,33.98833],[-81.04286,33.98912],[-81.03961,33.99],[-81.03938,33.9895],[-81.03959,33.98913],[-81.03928,33.9887],[-81.04065,33.98827],[-81.04124,33.98961],[-81.03476,33.99151],[-81.03412,33.9901],[-81.03415,33.98977],[-81.03373,33.98928],[-81.03243,33.98628],[-81.03083,33.98663],[-81.0211,33.98979],[-81.02288,33.99374],[-81.02366,33.99504],[-81.02386,33.99517],[-81.02515,33.99471],[-81.02618,33.99694],[-81.02525,33.99467],[-81.02831,33.99373],[-81.02898,33.99495],[-81.0288,33.99495],[-81.02904,33.99497],[-81.02944,33.99559],[-81.03012,33.99786]],"type":"LineString"},"properties":{"color":"#0E0753","color_name":"black","kind":"route","label":"25","long":"- Evening 2","route_id":"90","text_color":"#FFFFFF","type_label":"Bus"},"type":"Feature"},{"geometry":{"coordinates":[-80.97632,34.05509],"type":"Point"},"properties":{"kind":"stop","name":"Two Notch and Calvin","stop_id":"100957"},"type":"Feature"},{"geometry":{"coordinates":[-80.90643,34.10452],"type":"Point"},"properties":{"kind":"stop","name":"Two Notch and Tiffany's","stop_id":"101632"},"type":"Feature"},{"geometry":{"coordinates":[-81.02443,33.97735],"type":"Point"},"properties":{"kind":"stop","name":"Rosewood and Olympia inbound","stop_id":"101733"},"type":"Feature"},{"geometry":{"coordinates":[-80.98242,34.0681],"type":"Point"},"properties":{"kind":"stop","name":"Cindy and Farrow","stop_id":"101748"},"type":"Feature"},{"geometry":{"coordinates":[-80.9845,34.0705],"type":"Point"},"properties":{"kind":"stop","name":"812 Cindy","stop_id":"101785"},"type":"Feature"},{"geometry":{"coordinates":[-80.99042,34.06829],"type":"Point"},"properties":{"kind":"stop","name":"Gavilan Campanella West","stop_id":"102046"},"type":"Feature"},{"geometry":{"coordinates":[-80.98651,34.07061],"type":"Point"},"properties":{"kind":"stop","name":"Gavilan and Liston","stop_id":"102080"},"type":"Feature"},{"geometry":{"coordinates":[-80.98816,34.06938],"type":"Point"},"properties":{"kind":"stop","name":"6904 Gavilan","stop_id":"102109"},"type":"Feature"},{"geometry":{"coordinates":[-81.00295,34.06998],"type":"Point"},"properties":{"kind":"stop","name":"Main and Pepsi","stop_id":"102371"},"type":"Feature"},{"geometry":{"coordinates":[-80.99528,34.06664],"type":"Point"},"properties":{"kind":"stop","name":"Gavilan and Issac","stop_id":"102446"},"type":"Feature"},{"geometry":{"coordinates":[-80.99892,34.06553],"type":"Point"},"properties":{"kind":"stop","name":"Wilkes and David","stop_id":"102689"},"type":"Feature"},{"geometry":{"coordinates":[-81.01049,34.05076],"type":"Point"},"properties":{"kind":"stop","name":"Farrow and Koon","stop_id":"103550"},"type":"Feature"},{"geometry":{"coordinates":[-80.99545,34.05947],"type":"Point"},"properties":{"kind":"stop","name":"Farrow and Fontaine","stop_id":"103629"},"type":"Feature"},{"geometry":{"coordinates":[-80.96675,33.98142],"type":"Point"},"properties":{"kind":"stop","name":"Pelham and Woodhill shopping Center","stop_id":"104063"},"type":"Feature"},{"geometry":{"coordinates":[-81.00783,34.05199],"type":"Point"},"properties":{"kind":"stop","name":"Farrow and Dickson","stop_id":"104221"},"type":"Feature"},{"geometry":{"coordinates":[-81.03652,34.00944],"type":"Point"},"properties":{"kind":"stop","name":"Sumter Laurel South","stop_id":"104687"},"type":"Feature"},{"geometry":{"coordinates":[-81.03627,34.00952],"type":"Point"},"properties":{"kind":"stop","name":"Sumter Laurel South","stop_id":"104688"},"type":"Feature"},{"geometry":{"coordinates":[-81.08931,34.03562],"type":"Point"},"properties":{"kind":"stop","name":"Broad River and Dutch Square","stop_id":"104885"},"type":"Feature"},{"geometry":{"coordinates":[-81.08805,34.03327],"type":"Point"},"properties":{"kind":"stop","name":"Broad River and Omarest","stop_id":"105371"},"type":"Feature"},{"geometry":{"coordinates":[-81.03513,34.00879],"type":"Point"},"properties":{"kind":"stop","name":"Sumter Laurel South","stop_id":"106045"},"type":"Feature"},{"geometry":{"coordinates":[-81.00962,34.05838],"type":"Point"},"properties":{"kind":"stop","name":"Koon Cody South","stop_id":"106050"},"type":"Feature"},{"geometry":{"coordinates":[-81.00957,34.05795],"type":"Point"},"properties":{"kind":"stop","name":"Koon Cody South","stop_id":"106051"},"type":"Feature"},{"geometry":{"coordinates":[-80.8775,34.12501],"type":"Point"},"properties":{"kind":"stop","name":"Fashion Forum West","stop_id":"106055"},"type":"Feature"},{"geometry":{"coordinates":[-81.03502,34.00855],"type":"Point"},"properties":{"kind":"stop","name":"Sumter Laurel South","stop_id":"106056"},"type":"Feature"},{"geometry":{"coordinates":[-81.03502,34.00855],"type":"Point"},"properties":{"kind":"stop","name":"Sumter Laurel South","stop_id":"106058"},"type":"Feature"},{"geometry":{"coordinates":[-80.96686,34.13548],"type":"Point"},"properties":{"kind":"stop","name":"Killian Walmart","stop_id":"1090"},"type":"Feature"},{"geometry":{"coordinates":[-80.9293,34.02556],"type":"Point"},"properties":{"kind":"stop","name":"Hampton Pkwy at Field St","stop_id":"112"},"type":"Feature"},{"geometry":{"coordinates":[-81.01225,33.99879],"type":"Point"},"properties":{"kind":"stop","name":"Devine Heidt West","stop_id":"1126"},"type":"Feature"},{"geometry":{"coordinates":[-81.01059,33.99862],"type":"Point"},"properties":{"kind":"stop","name":"Devine Meadows West","stop_id":"1127"},"type":"Feature"},{"geometry":{"coordinates":[-81.02428,34.03069],"type":"Point"},"properties":{"kind":"stop","name":"Farrow Booker North","stop_id":"1128"},"type":"Feature"},{"geometry":{"coordinates":[-81.00097,33.99805],"type":"Point"},"properties":{"kind":"stop","name":"Devine Holly West","stop_id":"1129"},"type":"Feature"},{"geometry":{"coordinates":[-80.93921,34.05718],"type":"Point"},"properties":{"kind":"stop","name":"Brookfield Meredith South","stop_id":"113"},"type":"Feature"},{"geometry":{"coordinates":[-81.02007,34.04217],"type":"Point"},"properties":{"kind":"stop","name":"Farrow Craven North","stop_id":"1130"},"type":"Feature"},{"geometry":{"coordinates":[-81.01734,34.04435],"type":"Point"},"properties":{"kind":"stop","name":"Farrow Busby North","stop_id":"1131"},"type":"Feature"},{"geometry":{"coordinates":[-81.01323,34.0477],"type":"Point"},"properties":{"kind":"stop","name":"Farrow Tarragon North","stop_id":"1132"},"type":"Feature"},{"geometry":{"coordinates":[-80.99873,33.99789],"type":"Point"},"properties":{"kind":"stop","name":"Devine Sims West","stop_id":"1133"},"type":"Feature"},{"geometry":{"coordinates":[-80.99535,34.06636],"type":"Point"},"properties":{"kind":"stop","name":"David Isaac East","stop_id":"1134"},"type":"Feature"},{"geometry":{"coordinates":[-81.01206,34.049],"type":"Point"},"properties":{"kind":"stop","name":"Farrow Gary North","stop_id":"1135"},"type":"Feature"},{"geometry":{"coordinates":[-80.99589,33.99769],"type":"Point"},"properties":{"kind":"stop","name":"Devine Amherst West","stop_id":"1136"},"type":"Feature"},{"geometry":{"coordinates":[-80.88733,33.94477],"type":"Point"},"properties":{"kind":"stop","name":"Garners Ferry @ Century","stop_id":"1137"},"type":"Feature"},{"geometry":{"coordinates":[-80.93193,34.01217],"type":"Point"},"properties":{"kind":"stop","name":"Strom Thurmand St & Lee Rd","stop_id":"114"},"type":"Feature"},{"geometry":{"coordinates":[-81.00911,33.99861],"type":"Point"},"properties":{"kind":"stop","name":"Devine Queen West","stop_id":"1144"},"type":"Feature"},{"geometry":{"coordinates":[-80.99386,33.99756],"type":"Point"},"properties":{"kind":"stop","name":"Devine Millwood West","stop_id":"1145"},"type":"Feature"},{"geometry":{"coordinates":[-81.0267,34.02789],"type":"Point"},"properties":{"kind":"stop","name":"Farrow Colonial North","stop_id":"1146"},"type":"Feature"},{"geometry":{"coordinates":[-81.00704,33.99845],"type":"Point"},"properties":{"kind":"stop","name":"Devine King West","stop_id":"1147"},"type":"Feature"},{"geometry":{"coordinates":[-81.02717,34.02716],"type":"Point"},"properties":{"kind":"stop","name":"Colonial Adams Grove North","stop_id":"1148"},"type":"Feature"},{"geometry":{"coordinates":[-81.02159,34.04046],"type":"Point"},"properties":{"kind":"stop","name":"Farrow Isabel North","stop_id":"1149"},"type":"Feature"},{"geometry":{"coordinates":[-80.9335,34.00987],"type":"Point"},"properties":{"kind":"stop","name":"AAFES Mini-Mall","stop_id":"115"},"type":"Feature"},{"geometry":{"coordinates":[-81.02327,34.03395],"type":"Point"},"properties":{"kind":"stop","name":"Farrow High North","stop_id":"1150"},"type":"Feature"},{"geometry":{"coordinates":[-81.00532,33.99834],"type":"Point"},"properties":{"kind":"stop","name":"Devine Woodrow West","stop_id":"1151"},"type":"Feature"},{"geometry":{"coordinates":[-81.02242,34.03872],"type":"Point"},"properties":{"kind":"stop","name":"Farrow Columbia North","stop_id":"1152"},"type":"Feature"},{"geometry":{"coordinates":[-81.00362,33.99827],"type":"Point"},"properties":{"kind":"stop","name":"Devine Maple West","stop_id":"1153"},"type":"Feature"},{"geometry":{"coordinates":[-81.02539,34.02939],"type":"Point"},"properties":{"kind":"stop","name":"Farrow Kent North","stop_id":"1154"},"type":"Feature"},{"geometry":{"coordinates":[-80.94138,33.99582],"type":"Point"},"properties":{"kind":"stop","name":"Lee Rd at Washington Rd","stop_id":"116"},"type":"Feature"},{"geometry":{"coordinates":[-80.89107,34.08765],"type":"Point"},"properties":{"kind":"stop","name":"Polo Wildwood Downs","stop_id":"1175"},"type":"Feature"},{"geometry":{"coordinates":[-80.98346,34.02054],"type":"Point"},"properties":{"kind":"stop","name":"Forest Madison West","stop_id":"118"},"type":"Feature"},{"geometry":{"coordinates":[-80.94542,34.01517],"type":"Point"},"properties":{"kind":"stop","name":"Magruder Ave at Hill St","stop_id":"1193"},"type":"Feature"},{"geometry":{"coordinates":[-80.92298,34.13716],"type":"Point"},"properties":{"kind":"stop","name":"Clemson Barton East","stop_id":"1198"},"type":"Feature"},{"geometry":{"coordinates":[-80.89328,34.15851],"type":"Point"},"properties":{"kind":"stop","name":"Summit Timber East","stop_id":"1216"},"type":"Feature"},{"geometry":{"coordinates":[-80.92825,34.13785],"type":"Point"},"properties":{"kind":"stop","name":"Clemson Killian Station East","stop_id":"1217"},"type":"Feature"},{"geometry":{"coordinates":[-80.94698,34.00002],"type":"Point"},"properties":{"kind":"stop","name":"Supply Rd at Marion Ave","stop_id":"122"},"type":"Feature"},{"geometry":{"coordinates":[-81.02625,34.0003],"type":"Point"},"properties":{"kind":"stop","name":"Pendleton Pickens East","stop_id":"123"},"type":"Feature"},{"geometry":{"coordinates":[-81.01331,33.99336],"type":"Point"},"properties":{"kind":"stop","name":"Harden Duncan South","stop_id":"1257"},"type":"Feature"},{"geometry":{"coordinates":[-80.96121,34.02012],"type":"Point"},"properties":{"kind":"stop","name":"Forest Lakeshore West","stop_id":"1280"},"type":"Feature"},{"geometry":{"coordinates":[-81.03507,34.00437],"type":"Point"},"properties":{"kind":"stop","name":"Main & Hampton South","stop_id":"1289"},"type":"Feature"},{"geometry":{"coordinates":[-80.91846,34.09944],"type":"Point"},"properties":{"kind":"stop","name":"Two Notch Spring North","stop_id":"1290"},"type":"Feature"},{"geometry":{"coordinates":[-80.90196,34.10674],"type":"Point"},"properties":{"kind":"stop","name":"Two Notch Polo South","stop_id":"1291"},"type":"Feature"},{"geometry":{"coordinates":[-80.89722,34.11044],"type":"Point"},"properties":{"kind":"stop","name":"Two Notch Evergreen South","stop_id":"1292"},"type":"Feature"},{"geometry":{"coordinates":[-80.88849,34.11494],"type":"Point"},"properties":{"kind":"stop","name":"Two Notch Wildewood South","stop_id":"1293"},"type":"Feature"},{"geometry":{"coordinates":[-80.88384,34.11692],"type":"Point"},"properties":{"kind":"stop","name":"Two Notch Sparkelberry South","stop_id":"1294"},"type":"Feature"},{"geometry":{"coordinates":[-80.87999,34.11861],"type":"Point"},"properties":{"kind":"stop","name":"Two Notch Metso South","stop_id":"1295"},"type":"Feature"},{"geometry":{"coordinates":[-80.87585,34.122],"type":"Point"},"properties":{"kind":"stop","name":"Two Notch 10249 South","stop_id":"1296"},"type":"Feature"},{"geometry":{"coordinates":[-80.88393,34.14331],"type":"Point"},"properties":{"kind":"stop","name":"Summit Summit Centre I South","stop_id":"1297"},"type":"Feature"},{"geometry":{"coordinates":[-80.88552,34.15092],"type":"Point"},"properties":{"kind":"stop","name":"Summit Hunters I South","stop_id":"1298"},"type":"Feature"},{"geometry":{"coordinates":[-80.88464,34.1463],"type":"Point"},"properties":{"kind":"stop","name":"Summit Hunters II South","stop_id":"1299"},"type":"Feature"},{"geometry":{"coordinates":[-80.88219,34.14045],"type":"Point"},"properties":{"kind":"stop","name":"Summit Summit Centre II South","stop_id":"1305"},"type":"Feature"},{"geometry":{"coordinates":[-80.94475,34.07609],"type":"Point"},"properties":{"kind":"stop","name":"Two Notch Nates North","stop_id":"1307"},"type":"Feature"},{"geometry":{"coordinates":[-80.94219,34.07895],"type":"Point"},"properties":{"kind":"stop","name":"Two Notch Oakcrest North","stop_id":"1308"},"type":"Feature"},{"geometry":{"coordinates":[-80.93909,34.08371],"type":"Point"},"properties":{"kind":"stop","name":"Two Notch Trenholm North","stop_id":"1309"},"type":"Feature"},{"geometry":{"coordinates":[-80.9371,34.08488],"type":"Point"},"properties":{"kind":"stop","name":"Two Notch Atrium North","stop_id":"1310"},"type":"Feature"},{"geometry":{"coordinates":[-80.93291,34.08697],"type":"Point"},"properties":{"kind":"stop","name":"Two Notch Horseshoe East","stop_id":"1311"},"type":"Feature"},{"geometry":{"coordinates":[-80.92743,34.08965],"type":"Point"},"properties":{"kind":"stop","name":"Two Notch Rabon North","stop_id":"1312"},"type":"Feature"},{"geometry":{"coordinates":[-80.92237,34.09574],"type":"Point"},"properties":{"kind":"stop","name":"Two Notch 9300 North","stop_id":"1313"},"type":"Feature"},{"geometry":{"coordinates":[-80.9204,34.09771],"type":"Point"},"properties":{"kind":"stop","name":"Two Notch Lionsgate North","stop_id":"1314"},"type":"Feature"},{"geometry":{"coordinates":[-80.76416,33.84901],"type":"Point"},"properties":{"kind":"stop","name":"Temple of Faith Bible Way Church","stop_id":"1316"},"type":"Feature"},{"geometry":{"coordinates":[-80.9028,34.10589],"type":"Point"},"properties":{"kind":"stop","name":"Two Notch Polo North","stop_id":"1317"},"type":"Feature"},{"geometry":{"coordinates":[-80.89763,34.10982],"type":"Point"},"properties":{"kind":"stop","name":"Two Notch Evergreen North","stop_id":"1318"},"type":"Feature"},{"geometry":{"coordinates":[-80.96603,34.01868],"type":"Point"},"properties":{"kind":"stop","name":"Forest Trenholm West","stop_id":"1321"},"type":"Feature"},{"geometry":{"coordinates":[-80.33936,33.91633],"type":"Point"},"properties":{"kind":"stop","name":"James E Clyburn Intermodal Transportation Center","stop_id":"1323"},"type":"Feature"},{"geometry":{"coordinates":[-81.01732,34.00018],"type":"Point"},"properties":{"kind":"stop","name":"Greene Harden West","stop_id":"1324"},"type":"Feature"},{"geometry":{"coordinates":[-80.94986,34.07146],"type":"Point"},"properties":{"kind":"stop","name":"Two Notch Fire North","stop_id":"1325"},"type":"Feature"},{"geometry":{"coordinates":[-80.95451,34.07006],"type":"Point"},"properties":{"kind":"stop","name":"Oneil DMV East","stop_id":"1326"},"type":"Feature"},{"geometry":{"coordinates":[-80.95748,34.06905],"type":"Point"},"properties":{"kind":"stop","name":"Oneil Parklane East","stop_id":"1327"},"type":"Feature"},{"geometry":{"coordinates":[-80.95872,34.13689],"type":"Point"},"properties":{"kind":"stop","name":"Killian Ellie West","stop_id":"1328"},"type":"Feature"},{"geometry":{"coordinates":[-80.95377,34.13892],"type":"Point"},"properties":{"kind":"stop","name":"Killian Killians Crossing West","stop_id":"1329"},"type":"Feature"},{"geometry":{"coordinates":[-80.95081,34.14024],"type":"Point"},"properties":{"kind":"stop","name":"Killian Nuttall West","stop_id":"1330"},"type":"Feature"},{"geometry":{"coordinates":[-80.76458,33.84572],"type":"Point"},"properties":{"kind":"stop","name":"Congaree Bluff South","stop_id":"1340"},"type":"Feature"},{"geometry":{"coordinates":[-80.98299,33.98691],"type":"Point"},"properties":{"kind":"stop","name":"Beltline Rosewood South","stop_id":"1345"},"type":"Feature"},{"geometry":{"coordinates":[-80.80137,33.94032],"type":"Point"},"properties":{"kind":"stop","name":"Garners Ferry & Gwinn Field East","stop_id":"1349"},"type":"Feature"},{"geometry":{"coordinates":[-80.98022,33.99294],"type":"Point"},"properties":{"kind":"stop","name":"Devine Beltline East","stop_id":"1350"},"type":"Feature"},{"geometry":{"coordinates":[-81.15946,34.08163],"type":"Point"},"properties":{"kind":"stop","name":"Columbiana Drive & Dillards North","stop_id":"1351"},"type":"Feature"},{"geometry":{"coordinates":[-80.93336,34.13923],"type":"Point"},"properties":{"kind":"stop","name":"Clemson Killian Green East","stop_id":"1363"},"type":"Feature"},{"geometry":{"coordinates":[-80.93709,34.14056],"type":"Point"},"properties":{"kind":"stop","name":"Killian Longtown East","stop_id":"1364"},"type":"Feature"},{"geometry":{"coordinates":[-80.94194,34.14227],"type":"Point"},"properties":{"kind":"stop","name":"Clemson Ricky East","stop_id":"1365"},"type":"Feature"},{"geometry":{"coordinates":[-80.94998,34.14032],"type":"Point"},"properties":{"kind":"stop","name":"Killian Nuttall East","stop_id":"1366"},"type":"Feature"},{"geometry":{"coordinates":[-80.953,34.13907],"type":"Point"},"properties":{"kind":"stop","name":"Killian Killians Crossing East","stop_id":"1367"},"type":"Feature"},{"geometry":{"coordinates":[-80.92665,34.13767],"type":"Point"},"properties":{"kind":"stop","name":"Clemson Whitehurst West","stop_id":"1368"},"type":"Feature"},{"geometry":{"coordinates":[-80.95031,34.07141],"type":"Point"},"properties":{"kind":"stop","name":"Two Notch Fire South","stop_id":"1369"},"type":"Feature"},{"geometry":{"coordinates":[-80.9371,34.14083],"type":"Point"},"properties":{"kind":"stop","name":"Killian Longtown West","stop_id":"1371"},"type":"Feature"},{"geometry":{"coordinates":[-80.95917,34.13654],"type":"Point"},"properties":{"kind":"stop","name":"Killian Bridgeberry East","stop_id":"1372"},"type":"Feature"},{"geometry":{"coordinates":[-80.96319,34.06348],"type":"Point"},"properties":{"kind":"stop","name":"Columbia Faust South","stop_id":"1373"},"type":"Feature"},{"geometry":{"coordinates":[-80.95854,34.06931],"type":"Point"},"properties":{"kind":"stop","name":"Parklane Oneil South","stop_id":"1374"},"type":"Feature"},{"geometry":{"coordinates":[-81.01056,33.98961],"type":"Point"},"properties":{"kind":"stop","name":"Harden Burney North","stop_id":"1407"},"type":"Feature"},{"geometry":{"coordinates":[-81.00764,33.98717],"type":"Point"},"properties":{"kind":"stop","name":"Harden Rosewood North","stop_id":"1408"},"type":"Feature"},{"geometry":{"coordinates":[-80.88006,34.11826],"type":"Point"},"properties":{"kind":"stop","name":"Two Notch Valhalla North","stop_id":"173"},"type":"Feature"},{"geometry":{"coordinates":[-80.92136,34.13833],"type":"Point"},"properties":{"kind":"stop","name":"Clemson 2300 West","stop_id":"177"},"type":"Feature"},{"geometry":{"coordinates":[-80.91577,34.13993],"type":"Point"},"properties":{"kind":"stop","name":"Clemson Hardscrabble West","stop_id":"178"},"type":"Feature"},{"geometry":{"coordinates":[-81.03051,33.99877],"type":"Point"},"properties":{"kind":"stop","name":"Sumter Pendleton North","stop_id":"1854"},"type":"Feature"},{"geometry":{"coordinates":[-80.97054,33.97982],"type":"Point"},"properties":{"kind":"stop","name":"Pelham Arborwood West","stop_id":"209"},"type":"Feature"},{"geometry":{"coordinates":[-81.00446,34.05365],"type":"Point"},"properties":{"kind":"stop","name":"Farrow 5769 South","stop_id":"243"},"type":"Feature"},{"geometry":{"coordinates":[-81.00659,34.05273],"type":"Point"},"properties":{"kind":"stop","name":"Farrow Cushman South","stop_id":"244"},"type":"Feature"},{"geometry":{"coordinates":[-80.99194,34.06105],"type":"Point"},"properties":{"kind":"stop","name":"Farrow Isaac South","stop_id":"245"},"type":"Feature"},{"geometry":{"coordinates":[-80.52709,33.94571],"type":"Point"},"properties":{"kind":"stop","name":"SR 371 @ SR 261 Across from Park and Ride Lot","stop_id":"253"},"type":"Feature"},{"geometry":{"coordinates":[-80.98881,34.06317],"type":"Point"},"properties":{"kind":"stop","name":"Farrow Broomfield South","stop_id":"258"},"type":"Feature"},{"geometry":{"coordinates":[-81.0133,34.04804],"type":"Point"},"properties":{"kind":"stop","name":"Farrow Varn South","stop_id":"261"},"type":"Feature"},{"geometry":{"coordinates":[-81.03554,34.04424],"type":"Point"},"properties":{"kind":"stop","name":"Main Hyatt South","stop_id":"263"},"type":"Feature"},{"geometry":{"coordinates":[-81.02141,33.99884],"type":"Point"},"properties":{"kind":"stop","name":"Greene Barnwell West","stop_id":"2643"},"type":"Feature"},{"geometry":{"coordinates":[-81.03301,34.04646],"type":"Point"},"properties":{"kind":"stop","name":"Main Columbia South","stop_id":"265"},"type":"Feature"},{"geometry":{"coordinates":[-81.02884,34.04914],"type":"Point"},"properties":{"kind":"stop","name":"Main Abermale South","stop_id":"266"},"type":"Feature"},{"geometry":{"coordinates":[-81.02683,34.05011],"type":"Point"},"properties":{"kind":"stop","name":"Main Craven South","stop_id":"267"},"type":"Feature"},{"geometry":{"coordinates":[-81.02538,34.05079],"type":"Point"},"properties":{"kind":"stop","name":"Main Standish South","stop_id":"268"},"type":"Feature"},{"geometry":{"coordinates":[-81.02312,34.05189],"type":"Point"},"properties":{"kind":"stop","name":"Main Ashley South","stop_id":"269"},"type":"Feature"},{"geometry":{"coordinates":[-81.01997,34.05339],"type":"Point"},"properties":{"kind":"stop","name":"Main Colleton South","stop_id":"270"},"type":"Feature"},{"geometry":{"coordinates":[-81.01866,34.05404],"type":"Point"},"properties":{"kind":"stop","name":"Main Midblock South","stop_id":"271"},"type":"Feature"},{"geometry":{"coordinates":[-81.01622,34.05521],"type":"Point"},"properties":{"kind":"stop","name":"Main Oakland South","stop_id":"272"},"type":"Feature"},{"geometry":{"coordinates":[-81.01345,34.05719],"type":"Point"},"properties":{"kind":"stop","name":"Main Fiske South","stop_id":"273"},"type":"Feature"},{"geometry":{"coordinates":[-81.01248,34.05767],"type":"Point"},"properties":{"kind":"stop","name":"Main Prescott North","stop_id":"274"},"type":"Feature"},{"geometry":{"coordinates":[-81.01627,34.05496],"type":"Point"},"properties":{"kind":"stop","name":"Main Oakland North","stop_id":"275"},"type":"Feature"},{"geometry":{"coordinates":[-81.01983,34.05326],"type":"Point"},"properties":{"kind":"stop","name":"Main Colleton North","stop_id":"276"},"type":"Feature"},{"geometry":{"coordinates":[-81.02311,34.05166],"type":"Point"},"properties":{"kind":"stop","name":"Main Ashley North","stop_id":"277"},"type":"Feature"},{"geometry":{"coordinates":[-81.04218,34.02974],"type":"Point"},"properties":{"kind":"stop","name":"Main Sunset North","stop_id":"278"},"type":"Feature"},{"geometry":{"coordinates":[-81.04042,34.0164],"type":"Point"},"properties":{"kind":"stop","name":"Main Bellview South","stop_id":"279"},"type":"Feature"},{"geometry":{"coordinates":[-81.04151,34.01888],"type":"Point"},"properties":{"kind":"stop","name":"Main Confederate South","stop_id":"280"},"type":"Feature"},{"geometry":{"coordinates":[-81.04221,34.02039],"type":"Point"},"properties":{"kind":"stop","name":"Main River South","stop_id":"281"},"type":"Feature"},{"geometry":{"coordinates":[-81.04264,34.02169],"type":"Point"},"properties":{"kind":"stop","name":"Main Anthony South","stop_id":"282"},"type":"Feature"},{"geometry":{"coordinates":[-81.04257,34.02359],"type":"Point"},"properties":{"kind":"stop","name":"Main Newman South","stop_id":"283"},"type":"Feature"},{"geometry":{"coordinates":[-81.04213,34.02525],"type":"Point"},"properties":{"kind":"stop","name":"Main Grace South","stop_id":"284"},"type":"Feature"},{"geometry":{"coordinates":[-81.04219,34.02755],"type":"Point"},"properties":{"kind":"stop","name":"Main Parkside South","stop_id":"285"},"type":"Feature"},{"geometry":{"coordinates":[-81.04241,34.03062],"type":"Point"},"properties":{"kind":"stop","name":"Main Sunset South","stop_id":"286"},"type":"Feature"},{"geometry":{"coordinates":[-81.04226,34.03193],"type":"Point"},"properties":{"kind":"stop","name":"Main Avondale South","stop_id":"287"},"type":"Feature"},{"geometry":{"coordinates":[-81.04215,34.03457],"type":"Point"},"properties":{"kind":"stop","name":"Main Miller South","stop_id":"288"},"type":"Feature"},{"geometry":{"coordinates":[-81.04161,34.03631],"type":"Point"},"properties":{"kind":"stop","name":"Main Kortright South","stop_id":"289"},"type":"Feature"},{"geometry":{"coordinates":[-81.04089,34.03878],"type":"Point"},"properties":{"kind":"stop","name":"Main Monticello South","stop_id":"290"},"type":"Feature"},{"geometry":{"coordinates":[-81.03808,34.04213],"type":"Point"},"properties":{"kind":"stop","name":"Main Lorick South","stop_id":"292"},"type":"Feature"},{"geometry":{"coordinates":[-80.88062,34.13161],"type":"Point"},"properties":{"kind":"stop","name":"Fashion Town Center North","stop_id":"293"},"type":"Feature"},{"geometry":{"coordinates":[-81.01044,34.05102],"type":"Point"},"properties":{"kind":"stop","name":"Farrow Koon South","stop_id":"294"},"type":"Feature"},{"geometry":{"coordinates":[-80.80119,33.94075],"type":"Point"},"properties":{"kind":"stop","name":"Garners Ferry & Across Gwenn Field","stop_id":"295"},"type":"Feature"},{"geometry":{"coordinates":[-80.90407,33.94464],"type":"Point"},"properties":{"kind":"stop","name":"Garners Ferry @ Trotter","stop_id":"303"},"type":"Feature"},{"geometry":{"coordinates":[-80.99894,34.0584],"type":"Point"},"properties":{"kind":"stop","name":"Farrow Stevenson South","stop_id":"312"},"type":"Feature"},{"geometry":{"coordinates":[-80.88667,34.15412],"type":"Point"},"properties":{"kind":"stop","name":"Summit Midblock South","stop_id":"314"},"type":"Feature"},{"geometry":{"coordinates":[-81.00056,34.00267],"type":"Point"},"properties":{"kind":"stop","name":"Millwood Hagood East","stop_id":"316"},"type":"Feature"},{"geometry":{"coordinates":[-80.98201,33.99417],"type":"Point"},"properties":{"kind":"stop","name":"Devine Kalmia East","stop_id":"317"},"type":"Feature"},{"geometry":{"coordinates":[-80.9836,33.99528],"type":"Point"},"properties":{"kind":"stop","name":"Devine Poinsettia East","stop_id":"318"},"type":"Feature"},{"geometry":{"coordinates":[-80.98437,33.99579],"type":"Point"},"properties":{"kind":"stop","name":"Devine Kawana East","stop_id":"319"},"type":"Feature"},{"geometry":{"coordinates":[-80.84293,33.95146],"type":"Point"},"properties":{"kind":"stop","name":"Garners Horrell East","stop_id":"321"},"type":"Feature"},{"geometry":{"coordinates":[-80.98594,33.99656],"type":"Point"},"properties":{"kind":"stop","name":"Devine Abelia East","stop_id":"323"},"type":"Feature"},{"geometry":{"coordinates":[-80.99867,34.00184],"type":"Point"},"properties":{"kind":"stop","name":"Millwood Sims East","stop_id":"324"},"type":"Feature"},{"geometry":{"coordinates":[-80.99035,33.99701],"type":"Point"},"properties":{"kind":"stop","name":"Devine Bonham East","stop_id":"326"},"type":"Feature"},{"geometry":{"coordinates":[-80.92075,34.0977],"type":"Point"},"properties":{"kind":"stop","name":"Two Notch Lionsgate South","stop_id":"327"},"type":"Feature"},{"geometry":{"coordinates":[-80.92183,34.09672],"type":"Point"},"properties":{"kind":"stop","name":"Two Notch Shopping South","stop_id":"328"},"type":"Feature"},{"geometry":{"coordinates":[-80.93467,34.08648],"type":"Point"},"properties":{"kind":"stop","name":"Two Notch Alpine South","stop_id":"329"},"type":"Feature"},{"geometry":{"coordinates":[-80.94229,34.0795],"type":"Point"},"properties":{"kind":"stop","name":"Two Notch Daulton South","stop_id":"330"},"type":"Feature"},{"geometry":{"coordinates":[-80.94145,34.14243],"type":"Point"},"properties":{"kind":"stop","name":"Clemson Longreen West","stop_id":"331"},"type":"Feature"},{"geometry":{"coordinates":[-80.93178,34.0574],"type":"Point"},"properties":{"kind":"stop","name":"Faraway Nearview West","stop_id":"332"},"type":"Feature"},{"geometry":{"coordinates":[-80.99621,33.99962],"type":"Point"},"properties":{"kind":"stop","name":"Millwood Greenwood South","stop_id":"340"},"type":"Feature"},{"geometry":{"coordinates":[-80.94546,34.07577],"type":"Point"},"properties":{"kind":"stop","name":"Two Notch Barbara South","stop_id":"343"},"type":"Feature"},{"geometry":{"coordinates":[-80.93879,34.08414],"type":"Point"},"properties":{"kind":"stop","name":"Two Notch Grampian South","stop_id":"344"},"type":"Feature"},{"geometry":{"coordinates":[-80.92704,34.09034],"type":"Point"},"properties":{"kind":"stop","name":"Two Notch Rabon South","stop_id":"345"},"type":"Feature"},{"geometry":{"coordinates":[-80.91943,34.09886],"type":"Point"},"properties":{"kind":"stop","name":"Two Notch Office North","stop_id":"346"},"type":"Feature"},{"geometry":{"coordinates":[-81.00515,34.00397],"type":"Point"},"properties":{"kind":"stop","name":"Millwood Woodrow South","stop_id":"347"},"type":"Feature"},{"geometry":{"coordinates":[-80.89118,34.08749],"type":"Point"},"properties":{"kind":"stop","name":"Polo and Polo Road Park Recreation Center","stop_id":"352"},"type":"Feature"},{"geometry":{"coordinates":[-81.04199,34.02517],"type":"Point"},"properties":{"kind":"stop","name":"Main Grace North","stop_id":"357"},"type":"Feature"},{"geometry":{"coordinates":[-81.04116,34.01864],"type":"Point"},"properties":{"kind":"stop","name":"Main Confederate North","stop_id":"358"},"type":"Feature"},{"geometry":{"coordinates":[-81.0403,34.01666],"type":"Point"},"properties":{"kind":"stop","name":"Main Franklin North","stop_id":"359"},"type":"Feature"},{"geometry":{"coordinates":[-81.16306,34.08604],"type":"Point"},"properties":{"kind":"stop","name":"Columbiana Drive & Rioz Brazilian North","stop_id":"36"},"type":"Feature"},{"geometry":{"coordinates":[-80.95431,34.07038],"type":"Point"},"properties":{"kind":"stop","name":"Oneil 225 West","stop_id":"360"},"type":"Feature"},{"geometry":{"coordinates":[-81.03321,33.99678],"type":"Point"},"properties":{"kind":"stop","name":"College Assembly West","stop_id":"362"},"type":"Feature"},{"geometry":{"coordinates":[-81.03435,33.99935],"type":"Point"},"properties":{"kind":"stop","name":"Assembly Senate North (State House)","stop_id":"363"},"type":"Feature"},{"geometry":{"coordinates":[-81.03761,34.01082],"type":"Point"},"properties":{"kind":"stop","name":"Richland Main West","stop_id":"364"},"type":"Feature"},{"geometry":{"coordinates":[-81.03824,34.01226],"type":"Point"},"properties":{"kind":"stop","name":"Main Calhoun North","stop_id":"365"},"type":"Feature"},{"geometry":{"coordinates":[-81.03914,34.01415],"type":"Point"},"properties":{"kind":"stop","name":"Main Elmwood North","stop_id":"366"},"type":"Feature"},{"geometry":{"coordinates":[-81.04244,34.02195],"type":"Point"},"properties":{"kind":"stop","name":"Main Anthony North","stop_id":"367"},"type":"Feature"},{"geometry":{"coordinates":[-81.04202,34.02845],"type":"Point"},"properties":{"kind":"stop","name":"Main Parkside North","stop_id":"368"},"type":"Feature"},{"geometry":{"coordinates":[-80.98954,33.9768],"type":"Point"},"properties":{"kind":"stop","name":"Kilbourne Gill North","stop_id":"387"},"type":"Feature"},{"geometry":{"coordinates":[-80.98985,33.97407],"type":"Point"},"properties":{"kind":"stop","name":"Kilbourne Edmond North","stop_id":"388"},"type":"Feature"},{"geometry":{"coordinates":[-80.99028,33.97053],"type":"Point"},"properties":{"kind":"stop","name":"Kilbourne Hydrangea North","stop_id":"389"},"type":"Feature"},{"geometry":{"coordinates":[-80.96618,33.98306],"type":"Point"},"properties":{"kind":"stop","name":"Garners Pelham West","stop_id":"391"},"type":"Feature"},{"geometry":{"coordinates":[-80.96317,33.98126],"type":"Point"},"properties":{"kind":"stop","name":"Garners Cedar West","stop_id":"392"},"type":"Feature"},{"geometry":{"coordinates":[-80.93968,33.96031],"type":"Point"},"properties":{"kind":"stop","name":"Garners Daphne West","stop_id":"397"},"type":"Feature"},{"geometry":{"coordinates":[-80.92592,33.97306],"type":"Point"},"properties":{"kind":"stop","name":"Fairmont Woodford South","stop_id":"405"},"type":"Feature"},{"geometry":{"coordinates":[-80.92979,33.95789],"type":"Point"},"properties":{"kind":"stop","name":"Hazelwood Marie South","stop_id":"406"},"type":"Feature"},{"geometry":{"coordinates":[-80.92873,33.96059],"type":"Point"},"properties":{"kind":"stop","name":"Hazelwood Stuckey South","stop_id":"407"},"type":"Feature"},{"geometry":{"coordinates":[-80.9275,33.9636],"type":"Point"},"properties":{"kind":"stop","name":"Hazelwood Terry South","stop_id":"408"},"type":"Feature"},{"geometry":{"coordinates":[-80.92624,33.96685],"type":"Point"},"properties":{"kind":"stop","name":"Hazelwood Sunview South","stop_id":"409"},"type":"Feature"},{"geometry":{"coordinates":[-80.94179,33.9626],"type":"Point"},"properties":{"kind":"stop","name":"Garners Patterson East","stop_id":"411"},"type":"Feature"},{"geometry":{"coordinates":[-80.95838,34.06956],"type":"Point"},"properties":{"kind":"stop","name":"Parklane Oneil North","stop_id":"412"},"type":"Feature"},{"geometry":{"coordinates":[-81.01938,34.00116],"type":"Point"},"properties":{"kind":"stop","name":"Laurens College South","stop_id":"444"},"type":"Feature"},{"geometry":{"coordinates":[-81.01092,33.98972],"type":"Point"},"properties":{"kind":"stop","name":"Harden Burney South","stop_id":"448"},"type":"Feature"},{"geometry":{"coordinates":[-81.01476,33.99614],"type":"Point"},"properties":{"kind":"stop","name":"Harden Wheat South","stop_id":"465"},"type":"Feature"},{"geometry":{"coordinates":[-81.1163,34.00732],"type":"Point"},"properties":{"kind":"stop","name":"Hospital & Parking Garage North","stop_id":"472"},"type":"Feature"},{"geometry":{"coordinates":[-81.03494,33.99965],"type":"Point"},"properties":{"kind":"stop","name":"Assembly & Senate South","stop_id":"535"},"type":"Feature"},{"geometry":{"coordinates":[-81.079,33.97125],"type":"Point"},"properties":{"kind":"stop","name":"Williams & Across Kmart South","stop_id":"546"},"type":"Feature"},{"geometry":{"coordinates":[-80.95173,33.97213],"type":"Point"},"properties":{"kind":"stop","name":"Garners Exchange West","stop_id":"564"},"type":"Feature"},{"geometry":{"coordinates":[-80.90078,34.10599],"type":"Point"},"properties":{"kind":"stop","name":"Polo Two Notch East","stop_id":"59"},"type":"Feature"},{"geometry":{"coordinates":[-80.69671,33.87755],"type":"Point"},"properties":{"kind":"stop","name":"Chalk & Main North","stop_id":"608"},"type":"Feature"},{"geometry":{"coordinates":[-80.52708,33.94529],"type":"Point"},"properties":{"kind":"stop","name":"SR 378 @ 261 Park and Ride Lot","stop_id":"610"},"type":"Feature"},{"geometry":{"coordinates":[-81.01304,33.99327],"type":"Point"},"properties":{"kind":"stop","name":"Harden Duncan North","stop_id":"611"},"type":"Feature"},{"geometry":{"coordinates":[-80.96468,33.98182],"type":"Point"},"properties":{"kind":"stop","name":"Garners Old East","stop_id":"612"},"type":"Feature"},{"geometry":{"coordinates":[-80.96632,33.98278],"type":"Point"},"properties":{"kind":"stop","name":"Garners Pelham East","stop_id":"613"},"type":"Feature"},{"geometry":{"coordinates":[-80.96897,33.9844],"type":"Point"},"properties":{"kind":"stop","name":"Garners Woodhill II East","stop_id":"614"},"type":"Feature"},{"geometry":{"coordinates":[-80.97116,33.98627],"type":"Point"},"properties":{"kind":"stop","name":"Garners Woodhill I East","stop_id":"615"},"type":"Feature"},{"geometry":{"coordinates":[-80.97359,33.98882],"type":"Point"},"properties":{"kind":"stop","name":"Devine Rosewood East","stop_id":"616"},"type":"Feature"},{"geometry":{"coordinates":[-80.97408,33.99097],"type":"Point"},"properties":{"kind":"stop","name":"Crowson Road","stop_id":"617"},"type":"Feature"},{"geometry":{"coordinates":[-81.01575,34.00701],"type":"Point"},"properties":{"kind":"stop","name":"Gervais Oak West","stop_id":"618"},"type":"Feature"},{"geometry":{"coordinates":[-80.93834,33.96954],"type":"Point"},"properties":{"kind":"stop","name":"Trinity Patterson West","stop_id":"635"},"type":"Feature"},{"geometry":{"coordinates":[-80.941,33.96403],"type":"Point"},"properties":{"kind":"stop","name":"Patterson Garners North","stop_id":"636"},"type":"Feature"},{"geometry":{"coordinates":[-80.94403,33.96574],"type":"Point"},"properties":{"kind":"stop","name":"Garners Atlas East","stop_id":"637"},"type":"Feature"},{"geometry":{"coordinates":[-80.94679,33.96923],"type":"Point"},"properties":{"kind":"stop","name":"Garners Greenlawn East","stop_id":"638"},"type":"Feature"},{"geometry":{"coordinates":[-80.95158,33.97171],"type":"Point"},"properties":{"kind":"stop","name":"Garners Exchange East","stop_id":"639"},"type":"Feature"},{"geometry":{"coordinates":[-80.95901,33.97714],"type":"Point"},"properties":{"kind":"stop","name":"Garners Dorn East","stop_id":"640"},"type":"Feature"},{"geometry":{"coordinates":[-80.96205,33.98001],"type":"Point"},"properties":{"kind":"stop","name":"Garners Cedar East","stop_id":"641"},"type":"Feature"},{"geometry":{"coordinates":[-80.97749,34.08021],"type":"Point"},"properties":{"kind":"stop","name":"Beckman Farrow West","stop_id":"642"},"type":"Feature"},{"geometry":{"coordinates":[-80.78589,33.93925],"type":"Point"},"properties":{"kind":"stop","name":"Garners Ferry @ Mr. Bunky Store","stop_id":"643"},"type":"Feature"},{"geometry":{"coordinates":[-81.01519,33.99901],"type":"Point"},"properties":{"kind":"stop","name":"Devine Santee West","stop_id":"657"},"type":"Feature"},{"geometry":{"coordinates":[-80.68854,33.88085],"type":"Point"},"properties":{"kind":"stop","name":"Vanbolken Lewis Scott Court North","stop_id":"660"},"type":"Feature"},{"geometry":{"coordinates":[-80.95199,34.10696],"type":"Point"},"properties":{"kind":"stop","name":"Farrow 8911 Farrow South","stop_id":"662"},"type":"Feature"},{"geometry":{"coordinates":[-80.97319,34.09009],"type":"Point"},"properties":{"kind":"stop","name":"Farrow McPine South","stop_id":"663"},"type":"Feature"},{"geometry":{"coordinates":[-80.95434,34.10506],"type":"Point"},"properties":{"kind":"stop","name":"Farrow Gateway South","stop_id":"664"},"type":"Feature"},{"geometry":{"coordinates":[-80.97435,34.08705],"type":"Point"},"properties":{"kind":"stop","name":"Farrow Hinton South","stop_id":"665"},"type":"Feature"},{"geometry":{"coordinates":[-80.97617,34.08254],"type":"Point"},"properties":{"kind":"stop","name":"Farrow Ander South","stop_id":"670"},"type":"Feature"},{"geometry":{"coordinates":[-80.9483,34.1114],"type":"Point"},"properties":{"kind":"stop","name":"Farrow 9031 South","stop_id":"674"},"type":"Feature"},{"geometry":{"coordinates":[-80.76395,33.84906],"type":"Point"},"properties":{"kind":"stop","name":"Across From Temple of Faith Bible Church","stop_id":"689"},"type":"Feature"},{"geometry":{"coordinates":[-80.97243,34.09804],"type":"Point"},"properties":{"kind":"stop","name":"Midlands Tech College NE SuperStop","stop_id":"699"},"type":"Feature"},{"geometry":{"coordinates":[-80.96675,34.09892],"type":"Point"},"properties":{"kind":"stop","name":"Technology Circle and Carotek Blvd East","stop_id":"744"},"type":"Feature"},{"geometry":{"coordinates":[-81.009,34.06169],"type":"Point"},"properties":{"kind":"stop","name":"Main Frye NB","stop_id":"752"},"type":"Feature"},{"geometry":{"coordinates":[-81.07612,34.01491],"type":"Point"},"properties":{"kind":"stop","name":"Stoneridge Greystone East","stop_id":"753"},"type":"Feature"},{"geometry":{"coordinates":[-80.9263,33.95543],"type":"Point"},"properties":{"kind":"stop","name":"Garners Ferry @ Hallbrook Drive","stop_id":"771"},"type":"Feature"},{"geometry":{"coordinates":[-81.17229,34.08584],"type":"Point"},"properties":{"kind":"stop","name":"Midlands Tech College Harbison","stop_id":"784"},"type":"Feature"},{"geometry":{"coordinates":[-81.16594,34.08837],"type":"Point"},"properties":{"kind":"stop","name":"Columbia & Columbiana West","stop_id":"81"},"type":"Feature"},{"geometry":{"coordinates":[-81.01911,34.00088],"type":"Point"},"properties":{"kind":"stop","name":"Laurens College North","stop_id":"82"},"type":"Feature"},{"geometry":{"coordinates":[-80.93826,33.95896],"type":"Point"},"properties":{"kind":"stop","name":"Garners Colonial West","stop_id":"828"},"type":"Feature"},{"geometry":{"coordinates":[-80.99449,33.98773],"type":"Point"},"properties":{"kind":"stop","name":"Rosewood Ott East","stop_id":"830"},"type":"Feature"},{"geometry":{"coordinates":[-80.94948,33.97101],"type":"Point"},"properties":{"kind":"stop","name":"Garners 7234 West","stop_id":"838"},"type":"Feature"},{"geometry":{"coordinates":[-80.98683,33.96808],"type":"Point"},"properties":{"kind":"stop","name":"Plowden Laburnum West","stop_id":"839"},"type":"Feature"},{"geometry":{"coordinates":[-80.93491,33.95761],"type":"Point"},"properties":{"kind":"stop","name":"Garners Abernathy West","stop_id":"846"},"type":"Feature"},{"geometry":{"coordinates":[-80.93266,33.95713],"type":"Point"},"properties":{"kind":"stop","name":"Garners Bolton West","stop_id":"847"},"type":"Feature"},{"geometry":{"coordinates":[-81.08265,34.01559],"type":"Point"},"properties":{"kind":"stop","name":"Stoneridge Saluda East","stop_id":"850"},"type":"Feature"},{"geometry":{"coordinates":[-81.09681,34.03027],"type":"Point"},"properties":{"kind":"stop","name":"Bush Arrowood East","stop_id":"851"},"type":"Feature"},{"geometry":{"coordinates":[-80.91572,33.95015],"type":"Point"},"properties":{"kind":"stop","name":"Garners Ferry @ Deer Meadows Apartments","stop_id":"863"},"type":"Feature"},{"geometry":{"coordinates":[-80.99771,33.98799],"type":"Point"},"properties":{"kind":"stop","name":"Rosewood Walker East","stop_id":"880"},"type":"Feature"},{"geometry":{"coordinates":[-81.09289,34.02109],"type":"Point"},"properties":{"kind":"stop","name":"Arrowood Gracern South","stop_id":"881"},"type":"Feature"},{"geometry":{"coordinates":[-81.00939,33.98861],"type":"Point"},"properties":{"kind":"stop","name":"Harden Kiawah North","stop_id":"890"},"type":"Feature"},{"geometry":{"coordinates":[-81.02813,34.04926],"type":"Point"},"properties":{"kind":"stop","name":"Main Albermarle North","stop_id":"895"},"type":"Feature"},{"geometry":{"coordinates":[-81.02951,34.04859],"type":"Point"},"properties":{"kind":"stop","name":"Main Clarendon North","stop_id":"896"},"type":"Feature"},{"geometry":{"coordinates":[-81.03167,34.04728],"type":"Point"},"properties":{"kind":"stop","name":"Main Morgan North","stop_id":"897"},"type":"Feature"},{"geometry":{"coordinates":[-81.03331,34.04588],"type":"Point"},"properties":{"kind":"stop","name":"Main Columbia North","stop_id":"898"},"type":"Feature"},{"geometry":{"coordinates":[-80.92765,34.02291],"type":"Point"},"properties":{"kind":"stop","name":"Marion Ave at Hampton Pkwy","stop_id":"90"},"type":"Feature"},{"geometry":{"coordinates":[-81.03566,34.04392],"type":"Point"},"properties":{"kind":"stop","name":"Main Hyatt North","stop_id":"900"},"type":"Feature"},{"geometry":{"coordinates":[-81.03742,34.04246],"type":"Point"},"properties":{"kind":"stop","name":"Main Kinderway East","stop_id":"901"},"type":"Feature"},{"geometry":{"coordinates":[-81.04085,34.03805],"type":"Point"},"properties":{"kind":"stop","name":"Main Monticello North","stop_id":"903"},"type":"Feature"},{"geometry":{"coordinates":[-80.88232,34.13821],"type":"Point"},"properties":{"kind":"stop","name":"Clemson Lightwood East","stop_id":"904"},"type":"Feature"},{"geometry":{"coordinates":[-80.9865,34.06477],"type":"Point"},"properties":{"kind":"stop","name":"Farrow Campanella South","stop_id":"905"},"type":"Feature"},{"geometry":{"coordinates":[-80.9839,34.06654],"type":"Point"},"properties":{"kind":"stop","name":"Farrow Olive South","stop_id":"907"},"type":"Feature"},{"geometry":{"coordinates":[-80.98226,34.06778],"type":"Point"},"properties":{"kind":"stop","name":"Cindy Farrow South","stop_id":"908"},"type":"Feature"},{"geometry":{"coordinates":[-81.0396,34.04073],"type":"Point"},"properties":{"kind":"stop","name":"Main Arlington South","stop_id":"909"},"type":"Feature"},{"geometry":{"coordinates":[-81.03576,34.0096],"type":"Point"},"properties":{"kind":"stop","name":"Laurel Sumter East","stop_id":"90979"},"type":"Feature"},{"geometry":{"coordinates":[-81.034,34.01019],"type":"Point"},"properties":{"kind":"stop","name":"Laurel Marion East","stop_id":"90980"},"type":"Feature"},{"geometry":{"coordinates":[-81.03247,34.01068],"type":"Point"},"properties":{"kind":"stop","name":"Laurel Bull East","stop_id":"90981"},"type":"Feature"},{"geometry":{"coordinates":[-81.03079,34.01112],"type":"Point"},"properties":{"kind":"stop","name":"Laurel Pickens East","stop_id":"90982"},"type":"Feature"},{"geometry":{"coordinates":[-81.02925,34.01162],"type":"Point"},"properties":{"kind":"stop","name":"Laurel Henderson East","stop_id":"90983"},"type":"Feature"},{"geometry":{"coordinates":[-81.02765,34.01212],"type":"Point"},"properties":{"kind":"stop","name":"Laurel Barnwell East","stop_id":"90984"},"type":"Feature"},{"geometry":{"coordinates":[-81.0259,34.01263],"type":"Point"},"properties":{"kind":"stop","name":"Laurel Gregg East","stop_id":"90985"},"type":"Feature"},{"geometry":{"coordinates":[-81.02388,34.01329],"type":"Point"},"properties":{"kind":"stop","name":"Laurel RR Tracks East","stop_id":"90986"},"type":"Feature"},{"geometry":{"coordinates":[-81.02222,34.01249],"type":"Point"},"properties":{"kind":"stop","name":"Harden Blanding South","stop_id":"90987"},"type":"Feature"},{"geometry":{"coordinates":[-81.02087,34.00958],"type":"Point"},"properties":{"kind":"stop","name":"Harden Hampton South (Richland County Admin)","stop_id":"90988"},"type":"Feature"},{"geometry":{"coordinates":[-81.01981,34.00729],"type":"Point"},"properties":{"kind":"stop","name":"Harden Lady South","stop_id":"90989"},"type":"Feature"},{"geometry":{"coordinates":[-81.01609,34.00669],"type":"Point"},"properties":{"kind":"stop","name":"Gervais Oak East","stop_id":"90990"},"type":"Feature"},{"geometry":{"coordinates":[-81.01143,34.00643],"type":"Point"},"properties":{"kind":"stop","name":"Millwood Short South","stop_id":"90991"},"type":"Feature"},{"geometry":{"coordinates":[-81.00763,34.00491],"type":"Point"},"properties":{"kind":"stop","name":"Millwood Santee South","stop_id":"90992"},"type":"Feature"},{"geometry":{"coordinates":[-81.00294,34.00326],"type":"Point"},"properties":{"kind":"stop","name":"Millwood Maple South","stop_id":"90994"},"type":"Feature"},{"geometry":{"coordinates":[-80.98808,33.99676],"type":"Point"},"properties":{"kind":"stop","name":"Devine Kilbourne East","stop_id":"90999"},"type":"Feature"},{"geometry":{"coordinates":[-80.95069,34.0067],"type":"Point"},"properties":{"kind":"stop","name":"Magruder Ave at Daniel St","stop_id":"91"},"type":"Feature"},{"geometry":{"coordinates":[-80.98554,34.07143],"type":"Point"},"properties":{"kind":"stop","name":"Gavilan Cindy East","stop_id":"910"},"type":"Feature"},{"geometry":{"coordinates":[-80.98267,33.98554],"type":"Point"},"properties":{"kind":"stop","name":"Beltline Withers South","stop_id":"91006"},"type":"Feature"},{"geometry":{"coordinates":[-80.98203,33.98223],"type":"Point"},"properties":{"kind":"stop","name":"Beltline Mikell South","stop_id":"91007"},"type":"Feature"},{"geometry":{"coordinates":[-80.98352,33.97489],"type":"Point"},"properties":{"kind":"stop","name":"Beltline Timberlane South","stop_id":"91008"},"type":"Feature"},{"geometry":{"coordinates":[-80.98523,33.96724],"type":"Point"},"properties":{"kind":"stop","name":"Beltline Plowden South","stop_id":"91009"},"type":"Feature"},{"geometry":{"coordinates":[-80.98929,33.97909],"type":"Point"},"properties":{"kind":"stop","name":"Kilbourne Live North","stop_id":"91015"},"type":"Feature"},{"geometry":{"coordinates":[-80.98875,33.9836],"type":"Point"},"properties":{"kind":"stop","name":"Kilbourne Suber North","stop_id":"91016"},"type":"Feature"},{"geometry":{"coordinates":[-80.98858,33.98722],"type":"Point"},"properties":{"kind":"stop","name":"Kilbourne Rosewood North","stop_id":"91017"},"type":"Feature"},{"geometry":{"coordinates":[-80.97589,33.9877],"type":"Point"},"properties":{"kind":"stop","name":"Rosewood Gills East","stop_id":"91019"},"type":"Feature"},{"geometry":{"coordinates":[-80.9738,33.98947],"type":"Point"},"properties":{"kind":"stop","name":"Garners Rosewood West","stop_id":"91020"},"type":"Feature"},{"geometry":{"coordinates":[-80.97724,33.99196],"type":"Point"},"properties":{"kind":"stop","name":"Devine Cross Hill West","stop_id":"91022"},"type":"Feature"},{"geometry":{"coordinates":[-80.98158,33.99413],"type":"Point"},"properties":{"kind":"stop","name":"Devine Kalmia West","stop_id":"91023"},"type":"Feature"},{"geometry":{"coordinates":[-80.98323,33.9953],"type":"Point"},"properties":{"kind":"stop","name":"Devine Poinsettia West","stop_id":"91024"},"type":"Feature"},{"geometry":{"coordinates":[-80.98587,33.99677],"type":"Point"},"properties":{"kind":"stop","name":"Devine Abelia West","stop_id":"91025"},"type":"Feature"},{"geometry":{"coordinates":[-80.98796,33.99699],"type":"Point"},"properties":{"kind":"stop","name":"Devine Kilbourne West","stop_id":"91026"},"type":"Feature"},{"geometry":{"coordinates":[-80.98987,33.99716],"type":"Point"},"properties":{"kind":"stop","name":"Devine Sweetbriar West","stop_id":"91027"},"type":"Feature"},{"geometry":{"coordinates":[-80.99497,33.99885],"type":"Point"},"properties":{"kind":"stop","name":"Millwood Bellwood North","stop_id":"91028"},"type":"Feature"},{"geometry":{"coordinates":[-80.99747,34.00111],"type":"Point"},"properties":{"kind":"stop","name":"Millwood Butler North","stop_id":"91029"},"type":"Feature"},{"geometry":{"coordinates":[-81.0027,34.00339],"type":"Point"},"properties":{"kind":"stop","name":"Millwood Maple North","stop_id":"91030"},"type":"Feature"},{"geometry":{"coordinates":[-81.00488,34.00409],"type":"Point"},"properties":{"kind":"stop","name":"Millwood Woodrow North","stop_id":"91031"},"type":"Feature"},{"geometry":{"coordinates":[-81.0079,34.00532],"type":"Point"},"properties":{"kind":"stop","name":"Millwood Tree North","stop_id":"91032"},"type":"Feature"},{"geometry":{"coordinates":[-81.01061,34.0064],"type":"Point"},"properties":{"kind":"stop","name":"Millwood Page West","stop_id":"91033"},"type":"Feature"},{"geometry":{"coordinates":[-81.02031,34.00558],"type":"Point"},"properties":{"kind":"stop","name":"Gervais St and Laurens West","stop_id":"91035"},"type":"Feature"},{"geometry":{"coordinates":[-81.02545,34.00394],"type":"Point"},"properties":{"kind":"stop","name":"Gervais Henderson West","stop_id":"91036"},"type":"Feature"},{"geometry":{"coordinates":[-81.02686,34.00347],"type":"Point"},"properties":{"kind":"stop","name":"Gervais Pickens West","stop_id":"91037"},"type":"Feature"},{"geometry":{"coordinates":[-81.02935,34.00274],"type":"Point"},"properties":{"kind":"stop","name":"Gervais Bull West","stop_id":"91038"},"type":"Feature"},{"geometry":{"coordinates":[-81.03171,34.00197],"type":"Point"},"properties":{"kind":"stop","name":"Gervais St and Sumter West","stop_id":"91039"},"type":"Feature"},{"geometry":{"coordinates":[-81.03528,34.00142],"type":"Point"},"properties":{"kind":"stop","name":"Assembly Gervais North (Capitol Center)","stop_id":"91040"},"type":"Feature"},{"geometry":{"coordinates":[-81.0367,34.00467],"type":"Point"},"properties":{"kind":"stop","name":"Assembly & Hampton North","stop_id":"91041"},"type":"Feature"},{"geometry":{"coordinates":[-81.03782,34.00717],"type":"Point"},"properties":{"kind":"stop","name":"Assembly Blanding North (Post Office / Finlay Park)","stop_id":"91042"},"type":"Feature"},{"geometry":{"coordinates":[-80.98158,33.98755],"type":"Point"},"properties":{"kind":"stop","name":"Rosewood Beecliff West","stop_id":"91043"},"type":"Feature"},{"geometry":{"coordinates":[-80.98136,33.98907],"type":"Point"},"properties":{"kind":"stop","name":"Beltline Chapel North","stop_id":"91044"},"type":"Feature"},{"geometry":{"coordinates":[-80.98025,33.99326],"type":"Point"},"properties":{"kind":"stop","name":"Devine Beltline West","stop_id":"91045"},"type":"Feature"},{"geometry":{"coordinates":[-81.0356,34.00956],"type":"Point"},"properties":{"kind":"stop","name":"Sumter Laurel South","stop_id":"91046"},"type":"Feature"},{"geometry":{"coordinates":[-81.03917,34.01029],"type":"Point"},"properties":{"kind":"stop","name":"Richland Assembly West","stop_id":"91047"},"type":"Feature"},{"geometry":{"coordinates":[-81.04311,34.0123],"type":"Point"},"properties":{"kind":"stop","name":"Elmwood Park West","stop_id":"91048"},"type":"Feature"},{"geometry":{"coordinates":[-81.07552,34.01479],"type":"Point"},"properties":{"kind":"stop","name":"Greystone Stoneridge North","stop_id":"91049"},"type":"Feature"},{"geometry":{"coordinates":[-81.07595,34.0183],"type":"Point"},"properties":{"kind":"stop","name":"Greystone 230 North","stop_id":"91050"},"type":"Feature"},{"geometry":{"coordinates":[-81.07715,34.02135],"type":"Point"},"properties":{"kind":"stop","name":"Greystone Lensford North","stop_id":"91051"},"type":"Feature"},{"geometry":{"coordinates":[-81.07824,34.02359],"type":"Point"},"properties":{"kind":"stop","name":"Greystone 110 North","stop_id":"91052"},"type":"Feature"},{"geometry":{"coordinates":[-81.08154,34.02603],"type":"Point"},"properties":{"kind":"stop","name":"Broad Brevard West","stop_id":"91053"},"type":"Feature"},{"geometry":{"coordinates":[-81.08322,34.02701],"type":"Point"},"properties":{"kind":"stop","name":"Broad Means West","stop_id":"91054"},"type":"Feature"},{"geometry":{"coordinates":[-81.08611,34.03025],"type":"Point"},"properties":{"kind":"stop","name":"Broad Elm North","stop_id":"91055"},"type":"Feature"},{"geometry":{"coordinates":[-81.08796,34.0307],"type":"Point"},"properties":{"kind":"stop","name":"Bush River Broad River West","stop_id":"91056"},"type":"Feature"},{"geometry":{"coordinates":[-81.09662,34.03148],"type":"Point"},"properties":{"kind":"stop","name":"Arrowood Dutch Square","stop_id":"91057"},"type":"Feature"},{"geometry":{"coordinates":[-81.09059,34.03531],"type":"Point"},"properties":{"kind":"stop","name":"Bakersfield & Broad River East","stop_id":"91058"},"type":"Feature"},{"geometry":{"coordinates":[-81.09039,34.03699],"type":"Point"},"properties":{"kind":"stop","name":"Broad Longcreek North","stop_id":"91059"},"type":"Feature"},{"geometry":{"coordinates":[-81.09673,34.04179],"type":"Point"},"properties":{"kind":"stop","name":"Broad Marley North","stop_id":"91060"},"type":"Feature"},{"geometry":{"coordinates":[-81.0997,34.04455],"type":"Point"},"properties":{"kind":"stop","name":"Broad Rushmore North","stop_id":"91061"},"type":"Feature"},{"geometry":{"coordinates":[-81.10308,34.04778],"type":"Point"},"properties":{"kind":"stop","name":"Broad St Andrews North","stop_id":"91062"},"type":"Feature"},{"geometry":{"coordinates":[-81.10584,34.0503],"type":"Point"},"properties":{"kind":"stop","name":"Broad St Andrews II North","stop_id":"91063"},"type":"Feature"},{"geometry":{"coordinates":[-81.10857,34.05309],"type":"Point"},"properties":{"kind":"stop","name":"Broad Shivers North","stop_id":"91064"},"type":"Feature"},{"geometry":{"coordinates":[-81.11069,34.05658],"type":"Point"},"properties":{"kind":"stop","name":"Broad Beatty North","stop_id":"91065"},"type":"Feature"},{"geometry":{"coordinates":[-81.11215,34.05907],"type":"Point"},"properties":{"kind":"stop","name":"Broad Chaucer North","stop_id":"91066"},"type":"Feature"},{"geometry":{"coordinates":[-81.11324,34.06077],"type":"Point"},"properties":{"kind":"stop","name":"Broad Huffstetler North","stop_id":"91067"},"type":"Feature"},{"geometry":{"coordinates":[-81.11577,34.06468],"type":"Point"},"properties":{"kind":"stop","name":"Broad Piney Woods North","stop_id":"91068"},"type":"Feature"},{"geometry":{"coordinates":[-81.11716,34.06681],"type":"Point"},"properties":{"kind":"stop","name":"Broad Newnham North","stop_id":"91069"},"type":"Feature"},{"geometry":{"coordinates":[-81.1191,34.06981],"type":"Point"},"properties":{"kind":"stop","name":"Broad Cactus North","stop_id":"91070"},"type":"Feature"},{"geometry":{"coordinates":[-81.12368,34.06831],"type":"Point"},"properties":{"kind":"stop","name":"Piney Wynn West","stop_id":"91071"},"type":"Feature"},{"geometry":{"coordinates":[-81.1289,34.0682],"type":"Point"},"properties":{"kind":"stop","name":"Piney Faulkland West","stop_id":"91072"},"type":"Feature"},{"geometry":{"coordinates":[-81.13861,34.0686],"type":"Point"},"properties":{"kind":"stop","name":"Piney Fernandina West","stop_id":"91073"},"type":"Feature"},{"geometry":{"coordinates":[-81.14533,34.06672],"type":"Point"},"properties":{"kind":"stop","name":"Piney Bower West","stop_id":"91074"},"type":"Feature"},{"geometry":{"coordinates":[-81.1474,34.06952],"type":"Point"},"properties":{"kind":"stop","name":"Bower Saturn North","stop_id":"91075"},"type":"Feature"},{"geometry":{"coordinates":[-81.15275,34.07322],"type":"Point"},"properties":{"kind":"stop","name":"Harbison Walmart","stop_id":"91076"},"type":"Feature"},{"geometry":{"coordinates":[-81.15525,34.07449],"type":"Point"},"properties":{"kind":"stop","name":"Park Terrace Harbison North","stop_id":"91077"},"type":"Feature"},{"geometry":{"coordinates":[-81.15012,34.08026],"type":"Point"},"properties":{"kind":"stop","name":"Harbison Parkridge East","stop_id":"91078"},"type":"Feature"},{"geometry":{"coordinates":[-81.14581,34.08032],"type":"Point"},"properties":{"kind":"stop","name":"Harbison Hillpine East","stop_id":"91079"},"type":"Feature"},{"geometry":{"coordinates":[-81.14257,34.08539],"type":"Point"},"properties":{"kind":"stop","name":"Harbison Broad North","stop_id":"91080"},"type":"Feature"},{"geometry":{"coordinates":[-81.13846,34.08366],"type":"Point"},"properties":{"kind":"stop","name":"Broad Piney East","stop_id":"91081"},"type":"Feature"},{"geometry":{"coordinates":[-81.13104,34.07976],"type":"Point"},"properties":{"kind":"stop","name":"Broad Heritage South","stop_id":"91082"},"type":"Feature"},{"geometry":{"coordinates":[-81.12515,34.07515],"type":"Point"},"properties":{"kind":"stop","name":"Broad Geology South","stop_id":"91083"},"type":"Feature"},{"geometry":{"coordinates":[-81.12052,34.07078],"type":"Point"},"properties":{"kind":"stop","name":"Broad Piney Grove South","stop_id":"91084"},"type":"Feature"},{"geometry":{"coordinates":[-81.116,34.06467],"type":"Point"},"properties":{"kind":"stop","name":"Broad Piney Woods South","stop_id":"91085"},"type":"Feature"},{"geometry":{"coordinates":[-81.11368,34.06106],"type":"Point"},"properties":{"kind":"stop","name":"Broad Huffstetler South","stop_id":"91086"},"type":"Feature"},{"geometry":{"coordinates":[-81.11086,34.05634],"type":"Point"},"properties":{"kind":"stop","name":"Broad Beatty South","stop_id":"91087"},"type":"Feature"},{"geometry":{"coordinates":[-81.10883,34.05309],"type":"Point"},"properties":{"kind":"stop","name":"Broad Shivers South","stop_id":"91088"},"type":"Feature"},{"geometry":{"coordinates":[-81.10596,34.05012],"type":"Point"},"properties":{"kind":"stop","name":"Broad St. Andrews South","stop_id":"91089"},"type":"Feature"},{"geometry":{"coordinates":[-81.10307,34.04738],"type":"Point"},"properties":{"kind":"stop","name":"Broad Zimalcrest South","stop_id":"91090"},"type":"Feature"},{"geometry":{"coordinates":[-81.09921,34.04379],"type":"Point"},"properties":{"kind":"stop","name":"Broad Seminole South","stop_id":"91091"},"type":"Feature"},{"geometry":{"coordinates":[-81.09671,34.04148],"type":"Point"},"properties":{"kind":"stop","name":"Broad Marley South","stop_id":"91092"},"type":"Feature"},{"geometry":{"coordinates":[-81.09125,34.03727],"type":"Point"},"properties":{"kind":"stop","name":"Broad Longcreek South","stop_id":"91093"},"type":"Feature"},{"geometry":{"coordinates":[-81.08925,34.035],"type":"Point"},"properties":{"kind":"stop","name":"Dutch Square @ Broad River SuperStop","stop_id":"91094"},"type":"Feature"},{"geometry":{"coordinates":[-81.08686,34.03084],"type":"Point"},"properties":{"kind":"stop","name":"Broad Bush South","stop_id":"91095"},"type":"Feature"},{"geometry":{"coordinates":[-81.08377,34.0272],"type":"Point"},"properties":{"kind":"stop","name":"Broad Arrowood South","stop_id":"91096"},"type":"Feature"},{"geometry":{"coordinates":[-81.08168,34.02586],"type":"Point"},"properties":{"kind":"stop","name":"Broad Brevard East","stop_id":"91097"},"type":"Feature"},{"geometry":{"coordinates":[-81.07818,34.02288],"type":"Point"},"properties":{"kind":"stop","name":"Greystone Broad South","stop_id":"91098"},"type":"Feature"},{"geometry":{"coordinates":[-81.07736,34.02125],"type":"Point"},"properties":{"kind":"stop","name":"Greystone Lensford South","stop_id":"91099"},"type":"Feature"},{"geometry":{"coordinates":[-80.99016,34.0683],"type":"Point"},"properties":{"kind":"stop","name":"Gavilan Campanella East","stop_id":"911"},"type":"Feature"},{"geometry":{"coordinates":[-81.07589,34.01517],"type":"Point"},"properties":{"kind":"stop","name":"Greystone Stoneridge South","stop_id":"91100"},"type":"Feature"},{"geometry":{"coordinates":[-81.04276,34.01203],"type":"Point"},"properties":{"kind":"stop","name":"Elmwood Park East","stop_id":"91101"},"type":"Feature"},{"geometry":{"coordinates":[-81.03813,34.01344],"type":"Point"},"properties":{"kind":"stop","name":"Elmwood Main East","stop_id":"91102"},"type":"Feature"},{"geometry":{"coordinates":[-81.03373,33.98928],"type":"Point"},"properties":{"kind":"stop","name":"Greek Village Midblock","stop_id":"91103"},"type":"Feature"},{"geometry":{"coordinates":[-81.0288,33.99495],"type":"Point"},"properties":{"kind":"stop","name":"Sumter @ Coker Life Science North","stop_id":"91104"},"type":"Feature"},{"geometry":{"coordinates":[-81.02959,33.99635],"type":"Point"},"properties":{"kind":"stop","name":"Sumter St @ Journalism Building North","stop_id":"91105"},"type":"Feature"},{"geometry":{"coordinates":[-81.03012,33.99786],"type":"Point"},"properties":{"kind":"stop","name":"Sumter Street @ Horseshoe North","stop_id":"91106"},"type":"Feature"},{"geometry":{"coordinates":[-81.03521,33.99617],"type":"Point"},"properties":{"kind":"stop","name":"Park College South","stop_id":"91108"},"type":"Feature"},{"geometry":{"coordinates":[-81.03546,33.99274],"type":"Point"},"properties":{"kind":"stop","name":"Lincoln Devine South","stop_id":"91109"},"type":"Feature"},{"geometry":{"coordinates":[-81.03456,34.00728],"type":"Point"},"properties":{"kind":"stop","name":"Sumter Taylor South","stop_id":"91110"},"type":"Feature"},{"geometry":{"coordinates":[-81.03492,34.00706],"type":"Point"},"properties":{"kind":"stop","name":"Taylor Main West","stop_id":"91111"},"type":"Feature"},{"geometry":{"coordinates":[-81.03557,34.00108],"type":"Point"},"properties":{"kind":"stop","name":"Assembly & Gervais South","stop_id":"91112"},"type":"Feature"},{"geometry":{"coordinates":[-81.03349,33.9963],"type":"Point"},"properties":{"kind":"stop","name":"Assembly College South","stop_id":"91113"},"type":"Feature"},{"geometry":{"coordinates":[-81.05251,33.98634],"type":"Point"},"properties":{"kind":"stop","name":"Knox Axtel West","stop_id":"91114"},"type":"Feature"},{"geometry":{"coordinates":[-81.05579,33.98538],"type":"Point"},"properties":{"kind":"stop","name":"Knox State West","stop_id":"91115"},"type":"Feature"},{"geometry":{"coordinates":[-81.06031,33.98326],"type":"Point"},"properties":{"kind":"stop","name":"Knox Still West","stop_id":"91116"},"type":"Feature"},{"geometry":{"coordinates":[-81.06344,33.98177],"type":"Point"},"properties":{"kind":"stop","name":"Knox 9th West","stop_id":"91117"},"type":"Feature"},{"geometry":{"coordinates":[-81.0665,33.9808],"type":"Point"},"properties":{"kind":"stop","name":"Knox Garden West","stop_id":"91118"},"type":"Feature"},{"geometry":{"coordinates":[-81.06901,33.9789],"type":"Point"},"properties":{"kind":"stop","name":"12th & Indigo South","stop_id":"91119"},"type":"Feature"},{"geometry":{"coordinates":[-81.06665,33.97388],"type":"Point"},"properties":{"kind":"stop","name":"12th & Naples Church","stop_id":"91120"},"type":"Feature"},{"geometry":{"coordinates":[-81.06452,33.97032],"type":"Point"},"properties":{"kind":"stop","name":"12th & Morlaine Rd","stop_id":"91121"},"type":"Feature"},{"geometry":{"coordinates":[-81.06304,33.96903],"type":"Point"},"properties":{"kind":"stop","name":"12th & Frink South","stop_id":"91122"},"type":"Feature"},{"geometry":{"coordinates":[-81.0496,33.9537],"type":"Point"},"properties":{"kind":"stop","name":"12th & Taylor South","stop_id":"91123"},"type":"Feature"},{"geometry":{"coordinates":[-81.04377,33.9405],"type":"Point"},"properties":{"kind":"stop","name":"12th & SCANA Pkwy South","stop_id":"91124"},"type":"Feature"},{"geometry":{"coordinates":[-81.04665,33.91182],"type":"Point"},"properties":{"kind":"stop","name":"12th & Amazon South","stop_id":"91126"},"type":"Feature"},{"geometry":{"coordinates":[-81.04086,33.90357],"type":"Point"},"properties":{"kind":"stop","name":"Nephron Pharmaceuticals","stop_id":"91127"},"type":"Feature"},{"geometry":{"coordinates":[-81.04639,33.91196],"type":"Point"},"properties":{"kind":"stop","name":"12th Street Across from Amazon","stop_id":"91128"},"type":"Feature"},{"geometry":{"coordinates":[-81.04953,33.95418],"type":"Point"},"properties":{"kind":"stop","name":"12th & Taylor North","stop_id":"91131"},"type":"Feature"},{"geometry":{"coordinates":[-81.06206,33.96837],"type":"Point"},"properties":{"kind":"stop","name":"12th & Frink","stop_id":"91132"},"type":"Feature"},{"geometry":{"coordinates":[-81.06475,33.9708],"type":"Point"},"properties":{"kind":"stop","name":"12th & Walter Price Rd","stop_id":"91133"},"type":"Feature"},{"geometry":{"coordinates":[-81.06649,33.97419],"type":"Point"},"properties":{"kind":"stop","name":"12th & Oakland Ave North","stop_id":"91134"},"type":"Feature"},{"geometry":{"coordinates":[-81.06882,33.97921],"type":"Point"},"properties":{"kind":"stop","name":"12th & Indigo North","stop_id":"91135"},"type":"Feature"},{"geometry":{"coordinates":[-81.06563,33.98082],"type":"Point"},"properties":{"kind":"stop","name":"Knox 989 East","stop_id":"91136"},"type":"Feature"},{"geometry":{"coordinates":[-81.06373,33.98142],"type":"Point"},"properties":{"kind":"stop","name":"Knox 9th East","stop_id":"91137"},"type":"Feature"},{"geometry":{"coordinates":[-81.06011,33.98311],"type":"Point"},"properties":{"kind":"stop","name":"Knox 7th East","stop_id":"91138"},"type":"Feature"},{"geometry":{"coordinates":[-81.05716,33.9845],"type":"Point"},"properties":{"kind":"stop","name":"Knox State East","stop_id":"91139"},"type":"Feature"},{"geometry":{"coordinates":[-81.05291,33.986],"type":"Point"},"properties":{"kind":"stop","name":"Knox Axtel East","stop_id":"91140"},"type":"Feature"},{"geometry":{"coordinates":[-81.03512,33.99137],"type":"Point"},"properties":{"kind":"stop","name":"Blossom Gadsden East","stop_id":"91141"},"type":"Feature"},{"geometry":{"coordinates":[-81.03314,33.99657],"type":"Point"},"properties":{"kind":"stop","name":"Assembly College North","stop_id":"91142"},"type":"Feature"},{"geometry":{"coordinates":[-80.95914,34.0667],"type":"Point"},"properties":{"kind":"stop","name":"Columbia Place Mall","stop_id":"91143"},"type":"Feature"},{"geometry":{"coordinates":[-80.89132,34.11361],"type":"Point"},"properties":{"kind":"stop","name":"Two Notch Wildewood North","stop_id":"91158"},"type":"Feature"},{"geometry":{"coordinates":[-80.88361,34.11676],"type":"Point"},"properties":{"kind":"stop","name":"Two Notch Sparkleberry North","stop_id":"91159"},"type":"Feature"},{"geometry":{"coordinates":[-80.87721,34.12048],"type":"Point"},"properties":{"kind":"stop","name":"Two Notch 10200 North","stop_id":"91161"},"type":"Feature"},{"geometry":{"coordinates":[-80.87732,34.12513],"type":"Point"},"properties":{"kind":"stop","name":"Fashion Forum West","stop_id":"91162"},"type":"Feature"},{"geometry":{"coordinates":[-80.88233,34.12752],"type":"Point"},"properties":{"kind":"stop","name":"Fashion & Across R2i2 West","stop_id":"91163"},"type":"Feature"},{"geometry":{"coordinates":[-80.88074,34.13657],"type":"Point"},"properties":{"kind":"stop","name":"Clemson & N. Spring West","stop_id":"91165"},"type":"Feature"},{"geometry":{"coordinates":[-80.88236,34.13888],"type":"Point"},"properties":{"kind":"stop","name":"Clemson Summit West","stop_id":"91166"},"type":"Feature"},{"geometry":{"coordinates":[-80.88871,34.14023],"type":"Point"},"properties":{"kind":"stop","name":"Clemson & Across Rainsborough West","stop_id":"91167"},"type":"Feature"},{"geometry":{"coordinates":[-80.89481,34.14304],"type":"Point"},"properties":{"kind":"stop","name":"Clemson & Carriage Oaks West","stop_id":"91168"},"type":"Feature"},{"geometry":{"coordinates":[-80.89812,34.14292],"type":"Point"},"properties":{"kind":"stop","name":"Clemson & Worthington West","stop_id":"91169"},"type":"Feature"},{"geometry":{"coordinates":[-80.90297,34.14191],"type":"Point"},"properties":{"kind":"stop","name":"Clemson & Wellington Place West","stop_id":"91170"},"type":"Feature"},{"geometry":{"coordinates":[-80.91221,34.14336],"type":"Point"},"properties":{"kind":"stop","name":"Hardscrabble & Bush North","stop_id":"91171"},"type":"Feature"},{"geometry":{"coordinates":[-80.88796,34.15738],"type":"Point"},"properties":{"kind":"stop","name":"Summit Summit Ridge East","stop_id":"91178"},"type":"Feature"},{"geometry":{"coordinates":[-80.88032,34.13563],"type":"Point"},"properties":{"kind":"stop","name":"Clemson & N. Spring East","stop_id":"91184"},"type":"Feature"},{"geometry":{"coordinates":[-80.87973,34.13263],"type":"Point"},"properties":{"kind":"stop","name":"Market Place Forum South","stop_id":"91185"},"type":"Feature"},{"geometry":{"coordinates":[-80.88141,34.12618],"type":"Point"},"properties":{"kind":"stop","name":"Fashion & R2i2 East","stop_id":"91186"},"type":"Feature"},{"geometry":{"coordinates":[-80.8774,34.12497],"type":"Point"},"properties":{"kind":"stop","name":"Fashion Forum East","stop_id":"91187"},"type":"Feature"},{"geometry":{"coordinates":[-80.91123,34.10229],"type":"Point"},"properties":{"kind":"stop","name":"Two Notch Sesquicentennial South","stop_id":"91194"},"type":"Feature"},{"geometry":{"coordinates":[-81.03966,34.01465],"type":"Point"},"properties":{"kind":"stop","name":"Main Scott South","stop_id":"912"},"type":"Feature"},{"geometry":{"coordinates":[-81.07668,34.01517],"type":"Point"},"properties":{"kind":"stop","name":"Stoneridge Greystone West","stop_id":"91207"},"type":"Feature"},{"geometry":{"coordinates":[-81.0817,34.0159],"type":"Point"},"properties":{"kind":"stop","name":"Stoneridge Timothy West","stop_id":"91208"},"type":"Feature"},{"geometry":{"coordinates":[-81.08608,34.01639],"type":"Point"},"properties":{"kind":"stop","name":"Gracern Betsy West","stop_id":"91209"},"type":"Feature"},{"geometry":{"coordinates":[-81.08909,34.0176],"type":"Point"},"properties":{"kind":"stop","name":"Gracern 800 West","stop_id":"91210"},"type":"Feature"},{"geometry":{"coordinates":[-81.09299,34.02641],"type":"Point"},"properties":{"kind":"stop","name":"Colonial 1200 North","stop_id":"91211"},"type":"Feature"},{"geometry":{"coordinates":[-81.09304,34.02933],"type":"Point"},"properties":{"kind":"stop","name":"Colonial 1430 North","stop_id":"91212"},"type":"Feature"},{"geometry":{"coordinates":[-81.09335,34.02999],"type":"Point"},"properties":{"kind":"stop","name":"Colonial Life & Bush River","stop_id":"91213"},"type":"Feature"},{"geometry":{"coordinates":[-81.09328,34.02668],"type":"Point"},"properties":{"kind":"stop","name":"Colonial 1200 South","stop_id":"91214"},"type":"Feature"},{"geometry":{"coordinates":[-81.07348,34.01037],"type":"Point"},"properties":{"kind":"stop","name":"Riverbanks Zoo & Garden","stop_id":"91218"},"type":"Feature"},{"geometry":{"coordinates":[-81.03881,34.01291],"type":"Point"},"properties":{"kind":"stop","name":"Main Elmwood South","stop_id":"91219"},"type":"Feature"},{"geometry":{"coordinates":[-81.03799,34.01088],"type":"Point"},"properties":{"kind":"stop","name":"Main Richland South","stop_id":"91220"},"type":"Feature"},{"geometry":{"coordinates":[-81.03684,34.00849],"type":"Point"},"properties":{"kind":"stop","name":"Main Laurel South (Main St. District)","stop_id":"91222"},"type":"Feature"},{"geometry":{"coordinates":[-81.0363,34.00732],"type":"Point"},"properties":{"kind":"stop","name":"Main Blanding South","stop_id":"91223"},"type":"Feature"},{"geometry":{"coordinates":[-81.03573,34.00605],"type":"Point"},"properties":{"kind":"stop","name":"Main Taylor South (Museum of Art)","stop_id":"91224"},"type":"Feature"},{"geometry":{"coordinates":[-81.03453,34.0033],"type":"Point"},"properties":{"kind":"stop","name":"Main Lady South","stop_id":"91226"},"type":"Feature"},{"geometry":{"coordinates":[-81.03385,34.00177],"type":"Point"},"properties":{"kind":"stop","name":"Main Gervais South","stop_id":"91227"},"type":"Feature"},{"geometry":{"coordinates":[-81.03149,34.00178],"type":"Point"},"properties":{"kind":"stop","name":"Gervais Sumter East","stop_id":"91228"},"type":"Feature"},{"geometry":{"coordinates":[-81.02903,34.00254],"type":"Point"},"properties":{"kind":"stop","name":"Gervais Bull East","stop_id":"91229"},"type":"Feature"},{"geometry":{"coordinates":[-81.02726,34.0031],"type":"Point"},"properties":{"kind":"stop","name":"Gervais Pickens East (U of SC Law)","stop_id":"91230"},"type":"Feature"},{"geometry":{"coordinates":[-81.0288,34.00716],"type":"Point"},"properties":{"kind":"stop","name":"Pickens Hampton North","stop_id":"91231"},"type":"Feature"},{"geometry":{"coordinates":[-81.02853,34.01036],"type":"Point"},"properties":{"kind":"stop","name":"Hampton-Preston/Robert Mills East","stop_id":"91232"},"type":"Feature"},{"geometry":{"coordinates":[-81.02515,34.01138],"type":"Point"},"properties":{"kind":"stop","name":"Gregg Blanding East","stop_id":"91233"},"type":"Feature"},{"geometry":{"coordinates":[-81.02144,34.01082],"type":"Point"},"properties":{"kind":"stop","name":"Harden Taylor South (Benedict / Allen)","stop_id":"91234"},"type":"Feature"},{"geometry":{"coordinates":[-81.01898,34.00539],"type":"Point"},"properties":{"kind":"stop","name":"Harden Gervais South (Five Points District)","stop_id":"91235"},"type":"Feature"},{"geometry":{"coordinates":[-81.01794,34.00307],"type":"Point"},"properties":{"kind":"stop","name":"Harden Pendleton South","stop_id":"91236"},"type":"Feature"},{"geometry":{"coordinates":[-81.01658,33.99998],"type":"Point"},"properties":{"kind":"stop","name":"Harden Greene South (Fountain @ Five Points)","stop_id":"91237"},"type":"Feature"},{"geometry":{"coordinates":[-81.0158,33.99765],"type":"Point"},"properties":{"kind":"stop","name":"Blossom & Harden West","stop_id":"91238"},"type":"Feature"},{"geometry":{"coordinates":[-81.01748,33.99805],"type":"Point"},"properties":{"kind":"stop","name":"Saluda & Greene North","stop_id":"91239"},"type":"Feature"},{"geometry":{"coordinates":[-81.01857,33.99835],"type":"Point"},"properties":{"kind":"stop","name":"Blossom Laurens West","stop_id":"91240"},"type":"Feature"},{"geometry":{"coordinates":[-81.02141,33.99884],"type":"Point"},"properties":{"kind":"stop","name":"Greene Barnwell West","stop_id":"91241"},"type":"Feature"},{"geometry":{"coordinates":[-81.02409,33.99799],"type":"Point"},"properties":{"kind":"stop","name":"Greene Pickens West (U of SC College of Nursing)","stop_id":"91242"},"type":"Feature"},{"geometry":{"coordinates":[-81.02587,34.00068],"type":"Point"},"properties":{"kind":"stop","name":"Pickens Pendleton North","stop_id":"91243"},"type":"Feature"},{"geometry":{"coordinates":[-81.02649,34.00211],"type":"Point"},"properties":{"kind":"stop","name":"Pickens Senate North","stop_id":"91244"},"type":"Feature"},{"geometry":{"coordinates":[-81.035,33.99573],"type":"Point"},"properties":{"kind":"stop","name":"Park @ College - Innovista/Discovery Parking South","stop_id":"91246"},"type":"Feature"},{"geometry":{"coordinates":[-81.03535,33.99454],"type":"Point"},"properties":{"kind":"stop","name":"Greene @ Park West","stop_id":"91247"},"type":"Feature"},{"geometry":{"coordinates":[-81.03608,33.99265],"type":"Point"},"properties":{"kind":"stop","name":"Devine @ Coliseum","stop_id":"91248"},"type":"Feature"},{"geometry":{"coordinates":[-81.03629,33.99126],"type":"Point"},"properties":{"kind":"stop","name":"Blossom Gadsden West","stop_id":"91249"},"type":"Feature"},{"geometry":{"coordinates":[-81.04237,33.98833],"type":"Point"},"properties":{"kind":"stop","name":"Founders Park (Williams @ Wheat North)","stop_id":"91250"},"type":"Feature"},{"geometry":{"coordinates":[-81.03959,33.98913],"type":"Point"},"properties":{"kind":"stop","name":"Park Place Apartments Midblock","stop_id":"91251"},"type":"Feature"},{"geometry":{"coordinates":[-81.03083,33.98663],"type":"Point"},"properties":{"kind":"stop","name":"Saga@Whaley ST. Midblock","stop_id":"91252"},"type":"Feature"},{"geometry":{"coordinates":[-81.02418,33.98875],"type":"Point"},"properties":{"kind":"stop","name":"Whaley St to Campus Village","stop_id":"91253"},"type":"Feature"},{"geometry":{"coordinates":[-81.02225,33.99243],"type":"Point"},"properties":{"kind":"stop","name":"Pickens Rice North","stop_id":"91254"},"type":"Feature"},{"geometry":{"coordinates":[-81.02366,33.99504],"type":"Point"},"properties":{"kind":"stop","name":"Pickens Blossom North","stop_id":"91255"},"type":"Feature"},{"geometry":{"coordinates":[-81.02618,33.99671],"type":"Point"},"properties":{"kind":"stop","name":"University Union Midblock","stop_id":"91256"},"type":"Feature"},{"geometry":{"coordinates":[-81.0238,33.98725],"type":"Point"},"properties":{"kind":"stop","name":"Heyward and Academic Enrichment Center East","stop_id":"91257"},"type":"Feature"},{"geometry":{"coordinates":[-81.02648,33.98959],"type":"Point"},"properties":{"kind":"stop","name":"Sumter @ Band and Dance North","stop_id":"91258"},"type":"Feature"},{"geometry":{"coordinates":[-81.0258,33.99285],"type":"Point"},"properties":{"kind":"stop","name":"Wheat @ P.E. Center/Blatt East","stop_id":"91259"},"type":"Feature"},{"geometry":{"coordinates":[-81.01936,33.99813],"type":"Point"},"properties":{"kind":"stop","name":"Blossom Laurens East","stop_id":"91260"},"type":"Feature"},{"geometry":{"coordinates":[-81.01965,33.99944],"type":"Point"},"properties":{"kind":"stop","name":"Greene Gregg West","stop_id":"91261"},"type":"Feature"},{"geometry":{"coordinates":[-81.02867,33.99367],"type":"Point"},"properties":{"kind":"stop","name":"Blossom & Sumter West","stop_id":"91262"},"type":"Feature"},{"geometry":{"coordinates":[-81.03034,33.99314],"type":"Point"},"properties":{"kind":"stop","name":"Blossom & Main West","stop_id":"91263"},"type":"Feature"},{"geometry":{"coordinates":[-81.03048,33.99758],"type":"Point"},"properties":{"kind":"stop","name":"College & Byrnes Building West","stop_id":"91264"},"type":"Feature"},{"geometry":{"coordinates":[-81.02962,33.99212],"type":"Point"},"properties":{"kind":"stop","name":"Main/Horizon Parking South","stop_id":"91265"},"type":"Feature"},{"geometry":{"coordinates":[-81.0282,33.98887],"type":"Point"},"properties":{"kind":"stop","name":"Main @ Swearingen Building South","stop_id":"91266"},"type":"Feature"},{"geometry":{"coordinates":[-81.0256,33.98562],"type":"Point"},"properties":{"kind":"stop","name":"Flora & S Evans","stop_id":"91267"},"type":"Feature"},{"geometry":{"coordinates":[-81.03162,33.99558],"type":"Point"},"properties":{"kind":"stop","name":"Greene @ Old Law Center West","stop_id":"91268"},"type":"Feature"},{"geometry":{"coordinates":[-81.03361,33.99211],"type":"Point"},"properties":{"kind":"stop","name":"Blossom Park West","stop_id":"91269"},"type":"Feature"},{"geometry":{"coordinates":[-81.04661,34.01822],"type":"Point"},"properties":{"kind":"stop","name":"Park Barrett North","stop_id":"91270"},"type":"Feature"},{"geometry":{"coordinates":[-81.0477,34.01973],"type":"Point"},"properties":{"kind":"stop","name":"Park Beaufort North","stop_id":"91271"},"type":"Feature"},{"geometry":{"coordinates":[-81.04917,34.02064],"type":"Point"},"properties":{"kind":"stop","name":"Park Union North","stop_id":"91272"},"type":"Feature"},{"geometry":{"coordinates":[-81.05063,34.0215],"type":"Point"},"properties":{"kind":"stop","name":"Park Florence North","stop_id":"91273"},"type":"Feature"},{"geometry":{"coordinates":[-81.05177,34.02223],"type":"Point"},"properties":{"kind":"stop","name":"Park Northwood North","stop_id":"91274"},"type":"Feature"},{"geometry":{"coordinates":[-81.05335,34.02079],"type":"Point"},"properties":{"kind":"stop","name":"Northwood Gadsden West","stop_id":"91275"},"type":"Feature"},{"geometry":{"coordinates":[-81.05423,34.02004],"type":"Point"},"properties":{"kind":"stop","name":"Lindsay Northwood North","stop_id":"91276"},"type":"Feature"},{"geometry":{"coordinates":[-81.05804,34.02017],"type":"Point"},"properties":{"kind":"stop","name":"Lucius Midblock North","stop_id":"91277"},"type":"Feature"},{"geometry":{"coordinates":[-81.05989,34.02402],"type":"Point"},"properties":{"kind":"stop","name":"Lucius Marlboro North","stop_id":"91278"},"type":"Feature"},{"geometry":{"coordinates":[-81.062,34.02712],"type":"Point"},"properties":{"kind":"stop","name":"Lucius River North","stop_id":"91279"},"type":"Feature"},{"geometry":{"coordinates":[-81.05936,34.02872],"type":"Point"},"properties":{"kind":"stop","name":"River Pearl East","stop_id":"91280"},"type":"Feature"},{"geometry":{"coordinates":[-81.05904,34.03267],"type":"Point"},"properties":{"kind":"stop","name":"Clement Aberdeen North","stop_id":"91281"},"type":"Feature"},{"geometry":{"coordinates":[-81.05987,34.03527],"type":"Point"},"properties":{"kind":"stop","name":"Clement Ardincaple North","stop_id":"91282"},"type":"Feature"},{"geometry":{"coordinates":[-81.05387,34.03989],"type":"Point"},"properties":{"kind":"stop","name":"Duke Ronnie East","stop_id":"91283"},"type":"Feature"},{"geometry":{"coordinates":[-81.05104,34.03998],"type":"Point"},"properties":{"kind":"stop","name":"Duke Mildred East","stop_id":"91284"},"type":"Feature"},{"geometry":{"coordinates":[-81.04945,34.0401],"type":"Point"},"properties":{"kind":"stop","name":"Duke Abingdon East","stop_id":"91285"},"type":"Feature"},{"geometry":{"coordinates":[-81.04728,34.04018],"type":"Point"},"properties":{"kind":"stop","name":"Duke Palmetto East","stop_id":"91286"},"type":"Feature"},{"geometry":{"coordinates":[-81.04544,34.0403],"type":"Point"},"properties":{"kind":"stop","name":"Duke Ridgewood East","stop_id":"91287"},"type":"Feature"},{"geometry":{"coordinates":[-81.04377,34.04039],"type":"Point"},"properties":{"kind":"stop","name":"Duke Lamar East","stop_id":"91288"},"type":"Feature"},{"geometry":{"coordinates":[-81.04272,34.04121],"type":"Point"},"properties":{"kind":"stop","name":"Monticello Duke North","stop_id":"91289"},"type":"Feature"},{"geometry":{"coordinates":[-81.04319,34.04278],"type":"Point"},"properties":{"kind":"stop","name":"Monticello Wildwood North","stop_id":"91290"},"type":"Feature"},{"geometry":{"coordinates":[-81.04272,34.04445],"type":"Point"},"properties":{"kind":"stop","name":"Monticello Joan North","stop_id":"91291"},"type":"Feature"},{"geometry":{"coordinates":[-81.0428,34.04634],"type":"Point"},"properties":{"kind":"stop","name":"Monticello Lakeside North","stop_id":"91292"},"type":"Feature"},{"geometry":{"coordinates":[-81.04375,34.04864],"type":"Point"},"properties":{"kind":"stop","name":"Monticello Elliot North","stop_id":"91293"},"type":"Feature"},{"geometry":{"coordinates":[-81.04456,34.05085],"type":"Point"},"properties":{"kind":"stop","name":"Monticello Dixie North","stop_id":"91294"},"type":"Feature"},{"geometry":{"coordinates":[-81.04454,34.0524],"type":"Point"},"properties":{"kind":"stop","name":"Ridgeway Lewis North","stop_id":"91295"},"type":"Feature"},{"geometry":{"coordinates":[-81.04414,34.05589],"type":"Point"},"properties":{"kind":"stop","name":"Ridgeway Lawton North","stop_id":"91296"},"type":"Feature"},{"geometry":{"coordinates":[-81.04395,34.05848],"type":"Point"},"properties":{"kind":"stop","name":"Ridgedale Monticello West","stop_id":"91297"},"type":"Feature"},{"geometry":{"coordinates":[-81.04435,34.05606],"type":"Point"},"properties":{"kind":"stop","name":"Monticello Lawton South","stop_id":"91298"},"type":"Feature"},{"geometry":{"coordinates":[-81.04476,34.05075],"type":"Point"},"properties":{"kind":"stop","name":"Monticello Club South","stop_id":"91299"},"type":"Feature"},{"geometry":{"coordinates":[-81.04593,34.04711],"type":"Point"},"properties":{"kind":"stop","name":"Ridgewood Lakeside South","stop_id":"91300"},"type":"Feature"},{"geometry":{"coordinates":[-81.04763,34.04743],"type":"Point"},"properties":{"kind":"stop","name":"Lakeside Hulda West","stop_id":"91301"},"type":"Feature"},{"geometry":{"coordinates":[-81.05083,34.04814],"type":"Point"},"properties":{"kind":"stop","name":"Lakeside Catherine West","stop_id":"91302"},"type":"Feature"},{"geometry":{"coordinates":[-81.05159,34.04622],"type":"Point"},"properties":{"kind":"stop","name":"Catherine Miriam South","stop_id":"91303"},"type":"Feature"},{"geometry":{"coordinates":[-81.05125,34.04508],"type":"Point"},"properties":{"kind":"stop","name":"Wildsmere Euclid East","stop_id":"91304"},"type":"Feature"},{"geometry":{"coordinates":[-81.04947,34.04464],"type":"Point"},"properties":{"kind":"stop","name":"Wildsmere Eunice East","stop_id":"91305"},"type":"Feature"},{"geometry":{"coordinates":[-81.04735,34.04426],"type":"Point"},"properties":{"kind":"stop","name":"Wildsmere Palmetto East","stop_id":"91306"},"type":"Feature"},{"geometry":{"coordinates":[-81.04939,34.0424],"type":"Point"},"properties":{"kind":"stop","name":"Wildwood Abingdon West","stop_id":"91307"},"type":"Feature"},{"geometry":{"coordinates":[-81.05102,34.04233],"type":"Point"},"properties":{"kind":"stop","name":"Wildwood Mildred West","stop_id":"91308"},"type":"Feature"},{"geometry":{"coordinates":[-81.05257,34.04316],"type":"Point"},"properties":{"kind":"stop","name":"Pineneedle 423 West","stop_id":"91309"},"type":"Feature"},{"geometry":{"coordinates":[-81.05482,34.0427],"type":"Point"},"properties":{"kind":"stop","name":"Pineneedle 328 West","stop_id":"91310"},"type":"Feature"},{"geometry":{"coordinates":[-81.05662,34.04244],"type":"Point"},"properties":{"kind":"stop","name":"Pineneedle Woodridge West","stop_id":"91311"},"type":"Feature"},{"geometry":{"coordinates":[-81.05661,34.03996],"type":"Point"},"properties":{"kind":"stop","name":"Woodridge Duke South","stop_id":"91312"},"type":"Feature"},{"geometry":{"coordinates":[-81.05929,34.03299],"type":"Point"},"properties":{"kind":"stop","name":"Clement McRae South","stop_id":"91313"},"type":"Feature"},{"geometry":{"coordinates":[-81.05617,34.0295],"type":"Point"},"properties":{"kind":"stop","name":"Clement River South","stop_id":"91314"},"type":"Feature"},{"geometry":{"coordinates":[-81.0595,34.02888],"type":"Point"},"properties":{"kind":"stop","name":"River Pearl West","stop_id":"91315"},"type":"Feature"},{"geometry":{"coordinates":[-81.06198,34.02686],"type":"Point"},"properties":{"kind":"stop","name":"Lucius River South","stop_id":"91316"},"type":"Feature"},{"geometry":{"coordinates":[-81.06019,34.02432],"type":"Point"},"properties":{"kind":"stop","name":"Lucius Marlboro South","stop_id":"91317"},"type":"Feature"},{"geometry":{"coordinates":[-81.05819,34.02022],"type":"Point"},"properties":{"kind":"stop","name":"Lucius Midblock South","stop_id":"91318"},"type":"Feature"},{"geometry":{"coordinates":[-81.05433,34.01997],"type":"Point"},"properties":{"kind":"stop","name":"Lindsay Northwood South","stop_id":"91319"},"type":"Feature"},{"geometry":{"coordinates":[-81.05199,34.02217],"type":"Point"},"properties":{"kind":"stop","name":"Northwood Park East","stop_id":"91320"},"type":"Feature"},{"geometry":{"coordinates":[-81.05082,34.02155],"type":"Point"},"properties":{"kind":"stop","name":"Park Florence South","stop_id":"91321"},"type":"Feature"},{"geometry":{"coordinates":[-81.04941,34.02065],"type":"Point"},"properties":{"kind":"stop","name":"Park Union South","stop_id":"91322"},"type":"Feature"},{"geometry":{"coordinates":[-81.04761,34.01934],"type":"Point"},"properties":{"kind":"stop","name":"Park Beaufort South","stop_id":"91323"},"type":"Feature"},{"geometry":{"coordinates":[-81.04668,34.01807],"type":"Point"},"properties":{"kind":"stop","name":"Park Barrett South","stop_id":"91324"},"type":"Feature"},{"geometry":{"coordinates":[-81.04447,34.01499],"type":"Point"},"properties":{"kind":"stop","name":"Park Aiken South","stop_id":"91325"},"type":"Feature"},{"geometry":{"coordinates":[-81.02959,34.00845],"type":"Point"},"properties":{"kind":"stop","name":"Taylor Pickens East","stop_id":"91326"},"type":"Feature"},{"geometry":{"coordinates":[-81.02762,34.00907],"type":"Point"},"properties":{"kind":"stop","name":"Taylor Henderson East","stop_id":"91327"},"type":"Feature"},{"geometry":{"coordinates":[-81.02596,34.00959],"type":"Point"},"properties":{"kind":"stop","name":"Taylor Barnwell East","stop_id":"91328"},"type":"Feature"},{"geometry":{"coordinates":[-81.02172,34.01088],"type":"Point"},"properties":{"kind":"stop","name":"Taylor Harden East","stop_id":"91329"},"type":"Feature"},{"geometry":{"coordinates":[-81.018,34.01202],"type":"Point"},"properties":{"kind":"stop","name":"Taylor Oak East","stop_id":"91330"},"type":"Feature"},{"geometry":{"coordinates":[-81.01558,34.01351],"type":"Point"},"properties":{"kind":"stop","name":"Two Notch Forest North","stop_id":"91331"},"type":"Feature"},{"geometry":{"coordinates":[-81.01452,34.01592],"type":"Point"},"properties":{"kind":"stop","name":"Two Notch Laurel North","stop_id":"91332"},"type":"Feature"},{"geometry":{"coordinates":[-81.01461,34.01934],"type":"Point"},"properties":{"kind":"stop","name":"Two Notch Elmwood North","stop_id":"91333"},"type":"Feature"},{"geometry":{"coordinates":[-81.01411,34.02113],"type":"Point"},"properties":{"kind":"stop","name":"Two Notch Chestnut North","stop_id":"91334"},"type":"Feature"},{"geometry":{"coordinates":[-81.01322,34.02287],"type":"Point"},"properties":{"kind":"stop","name":"Two Notch School North","stop_id":"91335"},"type":"Feature"},{"geometry":{"coordinates":[-81.01096,34.02591],"type":"Point"},"properties":{"kind":"stop","name":"Two Notch Harrison North","stop_id":"91336"},"type":"Feature"},{"geometry":{"coordinates":[-81.00877,34.02879],"type":"Point"},"properties":{"kind":"stop","name":"Two Notch Covenant North","stop_id":"91337"},"type":"Feature"},{"geometry":{"coordinates":[-81.00715,34.03076],"type":"Point"},"properties":{"kind":"stop","name":"Two Notch Van Heise North","stop_id":"91338"},"type":"Feature"},{"geometry":{"coordinates":[-81.00543,34.03286],"type":"Point"},"properties":{"kind":"stop","name":"Two Notch Victory North","stop_id":"91339"},"type":"Feature"},{"geometry":{"coordinates":[-81.00352,34.03628],"type":"Point"},"properties":{"kind":"stop","name":"Two Notch Beltline North","stop_id":"91340"},"type":"Feature"},{"geometry":{"coordinates":[-81.00101,34.03902],"type":"Point"},"properties":{"kind":"stop","name":"Two Notch Windover North","stop_id":"91341"},"type":"Feature"},{"geometry":{"coordinates":[-80.99738,34.04057],"type":"Point"},"properties":{"kind":"stop","name":"Two Notch Ellerbe North","stop_id":"91342"},"type":"Feature"},{"geometry":{"coordinates":[-80.99498,34.04157],"type":"Point"},"properties":{"kind":"stop","name":"Two Notch Cushman North","stop_id":"91343"},"type":"Feature"},{"geometry":{"coordinates":[-80.98855,34.04605],"type":"Point"},"properties":{"kind":"stop","name":"Two Notch Hutto North","stop_id":"91344"},"type":"Feature"},{"geometry":{"coordinates":[-80.98761,34.04697],"type":"Point"},"properties":{"kind":"stop","name":"Two Notch Bayview North","stop_id":"91345"},"type":"Feature"},{"geometry":{"coordinates":[-80.98455,34.04999],"type":"Point"},"properties":{"kind":"stop","name":"Two Notch Pinestraw North","stop_id":"91346"},"type":"Feature"},{"geometry":{"coordinates":[-80.98328,34.05227],"type":"Point"},"properties":{"kind":"stop","name":"Fontaine Two Notch West","stop_id":"91347"},"type":"Feature"},{"geometry":{"coordinates":[-80.97875,34.05654],"type":"Point"},"properties":{"kind":"stop","name":"Shakespeare Carlton North","stop_id":"91348"},"type":"Feature"},{"geometry":{"coordinates":[-80.97677,34.05817],"type":"Point"},"properties":{"kind":"stop","name":"Shakespeare 6000 North","stop_id":"91349"},"type":"Feature"},{"geometry":{"coordinates":[-80.97192,34.0595],"type":"Point"},"properties":{"kind":"stop","name":"Shakespeare Humphrey East","stop_id":"91350"},"type":"Feature"},{"geometry":{"coordinates":[-80.97041,34.05973],"type":"Point"},"properties":{"kind":"stop","name":"Shakespeare Judy East","stop_id":"91351"},"type":"Feature"},{"geometry":{"coordinates":[-80.9684,34.06019],"type":"Point"},"properties":{"kind":"stop","name":"Shakespeare Collins East","stop_id":"91352"},"type":"Feature"},{"geometry":{"coordinates":[-80.96663,34.06267],"type":"Point"},"properties":{"kind":"stop","name":"Roof Faust North","stop_id":"91353"},"type":"Feature"},{"geometry":{"coordinates":[-80.96309,34.06327],"type":"Point"},"properties":{"kind":"stop","name":"Faust Columbia Mall East","stop_id":"91354"},"type":"Feature"},{"geometry":{"coordinates":[-80.96486,34.05888],"type":"Point"},"properties":{"kind":"stop","name":"Two Notch Crossland West","stop_id":"91356"},"type":"Feature"},{"geometry":{"coordinates":[-80.96995,34.05748],"type":"Point"},"properties":{"kind":"stop","name":"Two Notch Raymond West","stop_id":"91357"},"type":"Feature"},{"geometry":{"coordinates":[-80.97531,34.05591],"type":"Point"},"properties":{"kind":"stop","name":"Two Notch Bella West","stop_id":"91358"},"type":"Feature"},{"geometry":{"coordinates":[-80.98049,34.05265],"type":"Point"},"properties":{"kind":"stop","name":"Two Notch RCSD West","stop_id":"91359"},"type":"Feature"},{"geometry":{"coordinates":[-80.98491,34.04996],"type":"Point"},"properties":{"kind":"stop","name":"Two Notch Albritton South","stop_id":"91360"},"type":"Feature"},{"geometry":{"coordinates":[-80.98617,34.04864],"type":"Point"},"properties":{"kind":"stop","name":"Two Notch Ferrell South","stop_id":"91361"},"type":"Feature"},{"geometry":{"coordinates":[-80.989,34.04606],"type":"Point"},"properties":{"kind":"stop","name":"Two Notch Baldwin South","stop_id":"91362"},"type":"Feature"},{"geometry":{"coordinates":[-80.9965,34.04119],"type":"Point"},"properties":{"kind":"stop","name":"Two Notch Cushman South","stop_id":"91363"},"type":"Feature"},{"geometry":{"coordinates":[-80.99904,34.0401],"type":"Point"},"properties":{"kind":"stop","name":"Two Notch Blume South","stop_id":"91364"},"type":"Feature"},{"geometry":{"coordinates":[-81.00181,34.03888],"type":"Point"},"properties":{"kind":"stop","name":"Two Notch Windover South","stop_id":"91365"},"type":"Feature"},{"geometry":{"coordinates":[-81.00396,34.036],"type":"Point"},"properties":{"kind":"stop","name":"Two Notch Road & Beltline South","stop_id":"91366"},"type":"Feature"},{"geometry":{"coordinates":[-81.00464,34.03419],"type":"Point"},"properties":{"kind":"stop","name":"Two Notch Auburn South","stop_id":"91367"},"type":"Feature"},{"geometry":{"coordinates":[-81.00558,34.03303],"type":"Point"},"properties":{"kind":"stop","name":"Two Notch Victory South","stop_id":"91368"},"type":"Feature"},{"geometry":{"coordinates":[-81.00729,34.031],"type":"Point"},"properties":{"kind":"stop","name":"Two Notch Van Heise South","stop_id":"91369"},"type":"Feature"},{"geometry":{"coordinates":[-81.01091,34.02633],"type":"Point"},"properties":{"kind":"stop","name":"Two Notch Harrison South","stop_id":"91370"},"type":"Feature"},{"geometry":{"coordinates":[-81.01327,34.02317],"type":"Point"},"properties":{"kind":"stop","name":"Two Notch School South","stop_id":"91371"},"type":"Feature"},{"geometry":{"coordinates":[-81.01424,34.02149],"type":"Point"},"properties":{"kind":"stop","name":"Two Notch Chestnut South","stop_id":"91372"},"type":"Feature"},{"geometry":{"coordinates":[-81.01491,34.01864],"type":"Point"},"properties":{"kind":"stop","name":"Two Notch Read South","stop_id":"91373"},"type":"Feature"},{"geometry":{"coordinates":[-81.01487,34.01564],"type":"Point"},"properties":{"kind":"stop","name":"Two Notch Laurel South","stop_id":"91374"},"type":"Feature"},{"geometry":{"coordinates":[-81.0158,34.01367],"type":"Point"},"properties":{"kind":"stop","name":"Two Notch Taylor South","stop_id":"91375"},"type":"Feature"},{"geometry":{"coordinates":[-81.01774,34.01232],"type":"Point"},"properties":{"kind":"stop","name":"Taylor Oak West","stop_id":"91376"},"type":"Feature"},{"geometry":{"coordinates":[-81.02102,34.01132],"type":"Point"},"properties":{"kind":"stop","name":"Taylor Harden West","stop_id":"91377"},"type":"Feature"},{"geometry":{"coordinates":[-81.02303,34.01073],"type":"Point"},"properties":{"kind":"stop","name":"Taylor RR Tracks West","stop_id":"91378"},"type":"Feature"},{"geometry":{"coordinates":[-81.02613,34.00975],"type":"Point"},"properties":{"kind":"stop","name":"Taylor Barnwell West","stop_id":"91379"},"type":"Feature"},{"geometry":{"coordinates":[-81.02821,34.00914],"type":"Point"},"properties":{"kind":"stop","name":"Taylor Henderson West","stop_id":"91380"},"type":"Feature"},{"geometry":{"coordinates":[-81.02972,34.00862],"type":"Point"},"properties":{"kind":"stop","name":"Taylor Pickens West","stop_id":"91381"},"type":"Feature"},{"geometry":{"coordinates":[-81.0326,34.00778],"type":"Point"},"properties":{"kind":"stop","name":"Taylor Marion West","stop_id":"91382"},"type":"Feature"},{"geometry":{"coordinates":[-81.03912,34.00995],"type":"Point"},"properties":{"kind":"stop","name":"Assembly Richland North","stop_id":"91383"},"type":"Feature"},{"geometry":{"coordinates":[-81.03782,34.01052],"type":"Point"},"properties":{"kind":"stop","name":"Richland Main East","stop_id":"91384"},"type":"Feature"},{"geometry":{"coordinates":[-81.03624,34.01095],"type":"Point"},"properties":{"kind":"stop","name":"Richland & Sumter East","stop_id":"91385"},"type":"Feature"},{"geometry":{"coordinates":[-81.02431,33.98883],"type":"Point"},"properties":{"kind":"stop","name":"Whaley @ Bates West","stop_id":"91386"},"type":"Feature"},{"geometry":{"coordinates":[-81.03403,33.9859],"type":"Point"},"properties":{"kind":"stop","name":"Whaley Gadsden West","stop_id":"91387"},"type":"Feature"},{"geometry":{"coordinates":[-81.03329,34.01337],"type":"Point"},"properties":{"kind":"stop","name":"Bull Calhoun North","stop_id":"91388"},"type":"Feature"},{"geometry":{"coordinates":[-81.03388,34.01468],"type":"Point"},"properties":{"kind":"stop","name":"Bull Elmwood North","stop_id":"91389"},"type":"Feature"},{"geometry":{"coordinates":[-81.03545,34.01825],"type":"Point"},"properties":{"kind":"stop","name":"Bull Freed North","stop_id":"91390"},"type":"Feature"},{"geometry":{"coordinates":[-81.03652,34.02064],"type":"Point"},"properties":{"kind":"stop","name":"Bull Confederate North","stop_id":"91391"},"type":"Feature"},{"geometry":{"coordinates":[-81.03721,34.02201],"type":"Point"},"properties":{"kind":"stop","name":"Bull DSS North","stop_id":"91392"},"type":"Feature"},{"geometry":{"coordinates":[-81.03673,34.02447],"type":"Point"},"properties":{"kind":"stop","name":"Harden Bull East","stop_id":"91393"},"type":"Feature"},{"geometry":{"coordinates":[-81.03272,34.02615],"type":"Point"},"properties":{"kind":"stop","name":"Harden Midblock East","stop_id":"91394"},"type":"Feature"},{"geometry":{"coordinates":[-81.03041,34.02605],"type":"Point"},"properties":{"kind":"stop","name":"Harden Broad East","stop_id":"91395"},"type":"Feature"},{"geometry":{"coordinates":[-81.00895,34.06171],"type":"Point"},"properties":{"kind":"stop","name":"Main Frye North","stop_id":"91410"},"type":"Feature"},{"geometry":{"coordinates":[-81.00826,34.06289],"type":"Point"},"properties":{"kind":"stop","name":"Main 3200 North","stop_id":"91411"},"type":"Feature"},{"geometry":{"coordinates":[-81.00197,34.0703],"type":"Point"},"properties":{"kind":"stop","name":"Wilkes Main North","stop_id":"91412"},"type":"Feature"},{"geometry":{"coordinates":[-80.99892,34.06527],"type":"Point"},"properties":{"kind":"stop","name":"Wilkes Alida South","stop_id":"91413"},"type":"Feature"},{"geometry":{"coordinates":[-80.99493,34.0599],"type":"Point"},"properties":{"kind":"stop","name":"Farrow Wilkes South","stop_id":"91422"},"type":"Feature"},{"geometry":{"coordinates":[-81.01217,34.04925],"type":"Point"},"properties":{"kind":"stop","name":"Farrow Gary South","stop_id":"91428"},"type":"Feature"},{"geometry":{"coordinates":[-81.01752,34.04452],"type":"Point"},"properties":{"kind":"stop","name":"Farrow Busby South","stop_id":"91430"},"type":"Feature"},{"geometry":{"coordinates":[-81.02017,34.04239],"type":"Point"},"properties":{"kind":"stop","name":"Farrow Craven South","stop_id":"91431"},"type":"Feature"},{"geometry":{"coordinates":[-81.02185,34.04054],"type":"Point"},"properties":{"kind":"stop","name":"Farrow Isabel South","stop_id":"91432"},"type":"Feature"},{"geometry":{"coordinates":[-81.02261,34.03907],"type":"Point"},"properties":{"kind":"stop","name":"Farrow Columbia South","stop_id":"91433"},"type":"Feature"},{"geometry":{"coordinates":[-81.02344,34.03415],"type":"Point"},"properties":{"kind":"stop","name":"Farrow High South","stop_id":"91434"},"type":"Feature"},{"geometry":{"coordinates":[-81.02439,34.03084],"type":"Point"},"properties":{"kind":"stop","name":"Farrow Douglas South","stop_id":"91435"},"type":"Feature"},{"geometry":{"coordinates":[-81.02555,34.02952],"type":"Point"},"properties":{"kind":"stop","name":"Farrow Kent South","stop_id":"91436"},"type":"Feature"},{"geometry":{"coordinates":[-81.02691,34.02791],"type":"Point"},"properties":{"kind":"stop","name":"Farrow Colonial South","stop_id":"91437"},"type":"Feature"},{"geometry":{"coordinates":[-81.02833,34.02559],"type":"Point"},"properties":{"kind":"stop","name":"Colonial Harden South","stop_id":"91438"},"type":"Feature"},{"geometry":{"coordinates":[-81.02982,34.0261],"type":"Point"},"properties":{"kind":"stop","name":"Harden Broad West","stop_id":"91439"},"type":"Feature"},{"geometry":{"coordinates":[-81.03276,34.02636],"type":"Point"},"properties":{"kind":"stop","name":"Harden RMH West","stop_id":"91440"},"type":"Feature"},{"geometry":{"coordinates":[-81.0366,34.02481],"type":"Point"},"properties":{"kind":"stop","name":"Harden Bull West","stop_id":"91441"},"type":"Feature"},{"geometry":{"coordinates":[-81.03748,34.02176],"type":"Point"},"properties":{"kind":"stop","name":"Bull Midblock South","stop_id":"91442"},"type":"Feature"},{"geometry":{"coordinates":[-81.0368,34.02032],"type":"Point"},"properties":{"kind":"stop","name":"Bull Confederate South","stop_id":"91443"},"type":"Feature"},{"geometry":{"coordinates":[-81.03581,34.01826],"type":"Point"},"properties":{"kind":"stop","name":"Bull Franklin South","stop_id":"91444"},"type":"Feature"},{"geometry":{"coordinates":[-81.03517,34.0168],"type":"Point"},"properties":{"kind":"stop","name":"Bull Jefferson South","stop_id":"91445"},"type":"Feature"},{"geometry":{"coordinates":[-81.03407,34.0144],"type":"Point"},"properties":{"kind":"stop","name":"Bull Elmwood South","stop_id":"91446"},"type":"Feature"},{"geometry":{"coordinates":[-81.03308,34.01221],"type":"Point"},"properties":{"kind":"stop","name":"Bull Richland South","stop_id":"91447"},"type":"Feature"},{"geometry":{"coordinates":[-81.02139,34.01139],"type":"Point"},"properties":{"kind":"stop","name":"Harden Taylor North","stop_id":"91448"},"type":"Feature"},{"geometry":{"coordinates":[-81.02264,34.01401],"type":"Point"},"properties":{"kind":"stop","name":"Harden Laurel North","stop_id":"91449"},"type":"Feature"},{"geometry":{"coordinates":[-81.02269,34.01608],"type":"Point"},"properties":{"kind":"stop","name":"Read Harden East","stop_id":"91450"},"type":"Feature"},{"geometry":{"coordinates":[-81.01886,34.01973],"type":"Point"},"properties":{"kind":"stop","name":"Barhamville Elmira North","stop_id":"91453"},"type":"Feature"},{"geometry":{"coordinates":[-81.01788,34.02228],"type":"Point"},"properties":{"kind":"stop","name":"Barhamville Chestnut North","stop_id":"91454"},"type":"Feature"},{"geometry":{"coordinates":[-81.01621,34.02584],"type":"Point"},"properties":{"kind":"stop","name":"Barhamville Louisa North","stop_id":"91455"},"type":"Feature"},{"geometry":{"coordinates":[-81.01566,34.02771],"type":"Point"},"properties":{"kind":"stop","name":"Barhamville St. Louis North","stop_id":"91456"},"type":"Feature"},{"geometry":{"coordinates":[-81.01484,34.03053],"type":"Point"},"properties":{"kind":"stop","name":"Barhamville Germany North","stop_id":"91457"},"type":"Feature"},{"geometry":{"coordinates":[-81.01197,34.0302],"type":"Point"},"properties":{"kind":"stop","name":"Germany Waites East","stop_id":"91458"},"type":"Feature"},{"geometry":{"coordinates":[-81.00904,34.02934],"type":"Point"},"properties":{"kind":"stop","name":"Germany Two Notch East","stop_id":"91459"},"type":"Feature"},{"geometry":{"coordinates":[-81.00422,34.03605],"type":"Point"},"properties":{"kind":"stop","name":"Beltline Two Notch West","stop_id":"91460"},"type":"Feature"},{"geometry":{"coordinates":[-81.00882,34.03686],"type":"Point"},"properties":{"kind":"stop","name":"Beltline Boone West","stop_id":"91461"},"type":"Feature"},{"geometry":{"coordinates":[-81.01322,34.03572],"type":"Point"},"properties":{"kind":"stop","name":"Beltline Edison West","stop_id":"91462"},"type":"Feature"},{"geometry":{"coordinates":[-81.01942,34.03373],"type":"Point"},"properties":{"kind":"stop","name":"Beltline Bailey West","stop_id":"91463"},"type":"Feature"},{"geometry":{"coordinates":[-81.01833,34.03714],"type":"Point"},"properties":{"kind":"stop","name":"Bailey Midblock North","stop_id":"91464"},"type":"Feature"},{"geometry":{"coordinates":[-81.01705,34.0342],"type":"Point"},"properties":{"kind":"stop","name":"Beltline Railroad East","stop_id":"91465"},"type":"Feature"},{"geometry":{"coordinates":[-81.01485,34.03488],"type":"Point"},"properties":{"kind":"stop","name":"Beltline English East","stop_id":"91466"},"type":"Feature"},{"geometry":{"coordinates":[-81.01219,34.03572],"type":"Point"},"properties":{"kind":"stop","name":"Beltline Truman East","stop_id":"91467"},"type":"Feature"},{"geometry":{"coordinates":[-81.01042,34.03626],"type":"Point"},"properties":{"kind":"stop","name":"Beltline English II East","stop_id":"91468"},"type":"Feature"},{"geometry":{"coordinates":[-81.00886,34.03658],"type":"Point"},"properties":{"kind":"stop","name":"Beltline Boone East","stop_id":"91469"},"type":"Feature"},{"geometry":{"coordinates":[-81.00414,34.0358],"type":"Point"},"properties":{"kind":"stop","name":"Beltline Two Notch East","stop_id":"91470"},"type":"Feature"},{"geometry":{"coordinates":[-81.01185,34.03037],"type":"Point"},"properties":{"kind":"stop","name":"Germany Waites West","stop_id":"91471"},"type":"Feature"},{"geometry":{"coordinates":[-81.01501,34.03042],"type":"Point"},"properties":{"kind":"stop","name":"Barhamville Germany South","stop_id":"91472"},"type":"Feature"},{"geometry":{"coordinates":[-81.01567,34.02819],"type":"Point"},"properties":{"kind":"stop","name":"Barhamville St. Louis South","stop_id":"91473"},"type":"Feature"},{"geometry":{"coordinates":[-81.01633,34.026],"type":"Point"},"properties":{"kind":"stop","name":"Barhamville Louisa South","stop_id":"91474"},"type":"Feature"},{"geometry":{"coordinates":[-81.01797,34.02261],"type":"Point"},"properties":{"kind":"stop","name":"Barhamville Chestnut South","stop_id":"91475"},"type":"Feature"},{"geometry":{"coordinates":[-81.01876,34.02041],"type":"Point"},"properties":{"kind":"stop","name":"Barhamville Ithica South","stop_id":"91476"},"type":"Feature"},{"geometry":{"coordinates":[-81.01954,34.01846],"type":"Point"},"properties":{"kind":"stop","name":"Barhamville Elmwood South","stop_id":"91477"},"type":"Feature"},{"geometry":{"coordinates":[-81.02088,34.01677],"type":"Point"},"properties":{"kind":"stop","name":"Read Oak West","stop_id":"91478"},"type":"Feature"},{"geometry":{"coordinates":[-81.02336,34.01503],"type":"Point"},"properties":{"kind":"stop","name":"Harden Firestation South","stop_id":"91479"},"type":"Feature"},{"geometry":{"coordinates":[-81.02285,34.01384],"type":"Point"},"properties":{"kind":"stop","name":"Harden Laurel South","stop_id":"91480"},"type":"Feature"},{"geometry":{"coordinates":[-80.94845,34.01979],"type":"Point"},"properties":{"kind":"stop","name":"Forest Drive Sam's Club SuperStop","stop_id":"91481"},"type":"Feature"},{"geometry":{"coordinates":[-80.95078,34.0242],"type":"Point"},"properties":{"kind":"stop","name":"Percival Forest North","stop_id":"91482"},"type":"Feature"},{"geometry":{"coordinates":[-80.94852,34.02617],"type":"Point"},"properties":{"kind":"stop","name":"Percival Partridge North","stop_id":"91483"},"type":"Feature"},{"geometry":{"coordinates":[-80.94667,34.0278],"type":"Point"},"properties":{"kind":"stop","name":"Percival Eagle North","stop_id":"91484"},"type":"Feature"},{"geometry":{"coordinates":[-80.94454,34.02969],"type":"Point"},"properties":{"kind":"stop","name":"Percival Midblock North","stop_id":"91485"},"type":"Feature"},{"geometry":{"coordinates":[-80.94224,34.03217],"type":"Point"},"properties":{"kind":"stop","name":"Percival 612 Percival North","stop_id":"91486"},"type":"Feature"},{"geometry":{"coordinates":[-80.94032,34.03459],"type":"Point"},"properties":{"kind":"stop","name":"Percival 2480 North","stop_id":"91487"},"type":"Feature"},{"geometry":{"coordinates":[-80.93833,34.04225],"type":"Point"},"properties":{"kind":"stop","name":"Decker Percival North","stop_id":"91488"},"type":"Feature"},{"geometry":{"coordinates":[-80.94029,34.04338],"type":"Point"},"properties":{"kind":"stop","name":"Decker Cermack North","stop_id":"91489"},"type":"Feature"},{"geometry":{"coordinates":[-80.94279,34.04648],"type":"Point"},"properties":{"kind":"stop","name":"Decker Coral North","stop_id":"91490"},"type":"Feature"},{"geometry":{"coordinates":[-80.94377,34.04876],"type":"Point"},"properties":{"kind":"stop","name":"Decker Quiet North","stop_id":"91491"},"type":"Feature"},{"geometry":{"coordinates":[-80.9462,34.05319],"type":"Point"},"properties":{"kind":"stop","name":"Decker Brookfield North","stop_id":"91492"},"type":"Feature"},{"geometry":{"coordinates":[-80.94803,34.05533],"type":"Point"},"properties":{"kind":"stop","name":"Decker Wedgefield North","stop_id":"91493"},"type":"Feature"},{"geometry":{"coordinates":[-80.95062,34.0589],"type":"Point"},"properties":{"kind":"stop","name":"Decker ONeil North","stop_id":"91494"},"type":"Feature"},{"geometry":{"coordinates":[-80.95323,34.0621],"type":"Point"},"properties":{"kind":"stop","name":"Decker Trenholm North","stop_id":"91495"},"type":"Feature"},{"geometry":{"coordinates":[-80.95692,34.06604],"type":"Point"},"properties":{"kind":"stop","name":"Parklane Two Notch North","stop_id":"91496"},"type":"Feature"},{"geometry":{"coordinates":[-80.95787,34.07705],"type":"Point"},"properties":{"kind":"stop","name":"Parklane Springcrest North","stop_id":"91498"},"type":"Feature"},{"geometry":{"coordinates":[-80.95715,34.08122],"type":"Point"},"properties":{"kind":"stop","name":"Parklane Clearwater North","stop_id":"91499"},"type":"Feature"},{"geometry":{"coordinates":[-80.9582,34.08429],"type":"Point"},"properties":{"kind":"stop","name":"Parklane Spring North","stop_id":"91500"},"type":"Feature"},{"geometry":{"coordinates":[-80.9602,34.09048],"type":"Point"},"properties":{"kind":"stop","name":"Parklane Ross North","stop_id":"91501"},"type":"Feature"},{"geometry":{"coordinates":[-80.96058,34.09362],"type":"Point"},"properties":{"kind":"stop","name":"Parklane Archives North","stop_id":"91502"},"type":"Feature"},{"geometry":{"coordinates":[-80.96124,34.09544],"type":"Point"},"properties":{"kind":"stop","name":"Parklane Old Legrand North","stop_id":"91503"},"type":"Feature"},{"geometry":{"coordinates":[-80.96764,34.09368],"type":"Point"},"properties":{"kind":"stop","name":"Farrow Technology West","stop_id":"91504"},"type":"Feature"},{"geometry":{"coordinates":[-80.97209,34.09492],"type":"Point"},"properties":{"kind":"stop","name":"Pisgah Powell West","stop_id":"91505"},"type":"Feature"},{"geometry":{"coordinates":[-80.96166,34.09549],"type":"Point"},"properties":{"kind":"stop","name":"Parklane Railroad South","stop_id":"91508"},"type":"Feature"},{"geometry":{"coordinates":[-80.96053,34.0907],"type":"Point"},"properties":{"kind":"stop","name":"Parklane Ross South","stop_id":"91509"},"type":"Feature"},{"geometry":{"coordinates":[-80.95897,34.08578],"type":"Point"},"properties":{"kind":"stop","name":"Parklane Brighton South","stop_id":"91510"},"type":"Feature"},{"geometry":{"coordinates":[-80.95733,34.07966],"type":"Point"},"properties":{"kind":"stop","name":"Parklane Paces South","stop_id":"91511"},"type":"Feature"},{"geometry":{"coordinates":[-80.95734,34.06644],"type":"Point"},"properties":{"kind":"stop","name":"Parklane Two Notch South","stop_id":"91513"},"type":"Feature"},{"geometry":{"coordinates":[-80.95452,34.06275],"type":"Point"},"properties":{"kind":"stop","name":"Decker Trenholm South","stop_id":"91514"},"type":"Feature"},{"geometry":{"coordinates":[-80.95133,34.05982],"type":"Point"},"properties":{"kind":"stop","name":"Decker Oneil South","stop_id":"91515"},"type":"Feature"},{"geometry":{"coordinates":[-80.94843,34.0554],"type":"Point"},"properties":{"kind":"stop","name":"Decker Wedgefield South","stop_id":"91516"},"type":"Feature"},{"geometry":{"coordinates":[-80.94703,34.05378],"type":"Point"},"properties":{"kind":"stop","name":"Decker Brookfield South","stop_id":"91517"},"type":"Feature"},{"geometry":{"coordinates":[-80.9449,34.05072],"type":"Point"},"properties":{"kind":"stop","name":"Decker Crossfield South","stop_id":"91518"},"type":"Feature"},{"geometry":{"coordinates":[-80.94394,34.04843],"type":"Point"},"properties":{"kind":"stop","name":"Decker Quiet South","stop_id":"91519"},"type":"Feature"},{"geometry":{"coordinates":[-80.94288,34.04601],"type":"Point"},"properties":{"kind":"stop","name":"Decker Coral South","stop_id":"91520"},"type":"Feature"},{"geometry":{"coordinates":[-80.94147,34.04408],"type":"Point"},"properties":{"kind":"stop","name":"Decker Ranch South","stop_id":"91521"},"type":"Feature"},{"geometry":{"coordinates":[-80.93813,34.04186],"type":"Point"},"properties":{"kind":"stop","name":"Decker Percival South","stop_id":"91522"},"type":"Feature"},{"geometry":{"coordinates":[-80.94046,34.03461],"type":"Point"},"properties":{"kind":"stop","name":"Percival 2480 South","stop_id":"91523"},"type":"Feature"},{"geometry":{"coordinates":[-80.94229,34.03238],"type":"Point"},"properties":{"kind":"stop","name":"Percival 612 Percival South","stop_id":"91524"},"type":"Feature"},{"geometry":{"coordinates":[-80.94411,34.03036],"type":"Point"},"properties":{"kind":"stop","name":"Percival Lake South","stop_id":"91525"},"type":"Feature"},{"geometry":{"coordinates":[-80.94677,34.02785],"type":"Point"},"properties":{"kind":"stop","name":"Percival Arborwood South","stop_id":"91526"},"type":"Feature"},{"geometry":{"coordinates":[-80.94869,34.02622],"type":"Point"},"properties":{"kind":"stop","name":"Percival Partridge South","stop_id":"91527"},"type":"Feature"},{"geometry":{"coordinates":[-80.95149,34.02381],"type":"Point"},"properties":{"kind":"stop","name":"Percival Forest South","stop_id":"91528"},"type":"Feature"},{"geometry":{"coordinates":[-80.95356,34.02255],"type":"Point"},"properties":{"kind":"stop","name":"Gregg Little South","stop_id":"91529"},"type":"Feature"},{"geometry":{"coordinates":[-80.98116,34.10037],"type":"Point"},"properties":{"kind":"stop","name":"Pisgah Gateway East","stop_id":"91530"},"type":"Feature"},{"geometry":{"coordinates":[-80.94291,34.05544],"type":"Point"},"properties":{"kind":"stop","name":"Brookfield Fox Trail East","stop_id":"91531"},"type":"Feature"},{"geometry":{"coordinates":[-80.93961,34.05683],"type":"Point"},"properties":{"kind":"stop","name":"Brookfield Meredith East","stop_id":"91532"},"type":"Feature"},{"geometry":{"coordinates":[-80.9337,34.05899],"type":"Point"},"properties":{"kind":"stop","name":"Brookfield Nearview East","stop_id":"91533"},"type":"Feature"},{"geometry":{"coordinates":[-80.93212,34.05733],"type":"Point"},"properties":{"kind":"stop","name":"Nearview Faraway South","stop_id":"91534"},"type":"Feature"},{"geometry":{"coordinates":[-80.92978,34.0581],"type":"Point"},"properties":{"kind":"stop","name":"Faraway Boundary East","stop_id":"91535"},"type":"Feature"},{"geometry":{"coordinates":[-80.92729,34.06067],"type":"Point"},"properties":{"kind":"stop","name":"Faraway Red Oak North","stop_id":"91536"},"type":"Feature"},{"geometry":{"coordinates":[-80.92573,34.06235],"type":"Point"},"properties":{"kind":"stop","name":"Faraway Old Satchel North","stop_id":"91537"},"type":"Feature"},{"geometry":{"coordinates":[-80.91891,34.06491],"type":"Point"},"properties":{"kind":"stop","name":"Faraway Larchmont East","stop_id":"91538"},"type":"Feature"},{"geometry":{"coordinates":[-80.91431,34.06691],"type":"Point"},"properties":{"kind":"stop","name":"Faraway Penfield East","stop_id":"91539"},"type":"Feature"},{"geometry":{"coordinates":[-80.91172,34.07212],"type":"Point"},"properties":{"kind":"stop","name":"Polo 1270 Polo East","stop_id":"91540"},"type":"Feature"},{"geometry":{"coordinates":[-80.89008,34.08351],"type":"Point"},"properties":{"kind":"stop","name":"Polo Mallet North","stop_id":"91541"},"type":"Feature"},{"geometry":{"coordinates":[-80.89048,34.08548],"type":"Point"},"properties":{"kind":"stop","name":"Polo 811 North","stop_id":"91542"},"type":"Feature"},{"geometry":{"coordinates":[-80.89198,34.09128],"type":"Point"},"properties":{"kind":"stop","name":"Polo Miles West","stop_id":"91544"},"type":"Feature"},{"geometry":{"coordinates":[-80.90092,34.10614],"type":"Point"},"properties":{"kind":"stop","name":"Polo Two Notch West","stop_id":"91545"},"type":"Feature"},{"geometry":{"coordinates":[-80.8918,34.09026],"type":"Point"},"properties":{"kind":"stop","name":"Polo across Miles East","stop_id":"91547"},"type":"Feature"},{"geometry":{"coordinates":[-80.91177,34.07222],"type":"Point"},"properties":{"kind":"stop","name":"Polo 1270 Polo West","stop_id":"91549"},"type":"Feature"},{"geometry":{"coordinates":[-80.91384,34.06725],"type":"Point"},"properties":{"kind":"stop","name":"Faraway Penfield West","stop_id":"91550"},"type":"Feature"},{"geometry":{"coordinates":[-80.91898,34.06504],"type":"Point"},"properties":{"kind":"stop","name":"Faraway Larchmont West","stop_id":"91551"},"type":"Feature"},{"geometry":{"coordinates":[-80.92488,34.06299],"type":"Point"},"properties":{"kind":"stop","name":"Faraway Wellbrook South","stop_id":"91552"},"type":"Feature"},{"geometry":{"coordinates":[-80.92743,34.06063],"type":"Point"},"properties":{"kind":"stop","name":"Faraway Red Oak South","stop_id":"91553"},"type":"Feature"},{"geometry":{"coordinates":[-80.92915,34.05873],"type":"Point"},"properties":{"kind":"stop","name":"Faraway Boundary South","stop_id":"91554"},"type":"Feature"},{"geometry":{"coordinates":[-80.94216,34.05599],"type":"Point"},"properties":{"kind":"stop","name":"Brookfield Fox Trail South","stop_id":"91558"},"type":"Feature"},{"geometry":{"coordinates":[-80.94589,34.05448],"type":"Point"},"properties":{"kind":"stop","name":"Brookfield Decker South","stop_id":"91559"},"type":"Feature"},{"geometry":{"coordinates":[-81.02499,34.00644],"type":"Point"},"properties":{"kind":"stop","name":"Barnwell @ AD7 Lot South","stop_id":"91560"},"type":"Feature"},{"geometry":{"coordinates":[-81.02502,34.00066],"type":"Point"},"properties":{"kind":"stop","name":"National Advocacy Center @ Pendleton East","stop_id":"91564"},"type":"Feature"},{"geometry":{"coordinates":[-81.02604,34.00215],"type":"Point"},"properties":{"kind":"stop","name":"Senate @ McMaster West","stop_id":"91565"},"type":"Feature"},{"geometry":{"coordinates":[-81.02793,34.00749],"type":"Point"},"properties":{"kind":"stop","name":"Hampton @ 1600 East","stop_id":"91566"},"type":"Feature"},{"geometry":{"coordinates":[-81.0339,34.0059],"type":"Point"},"properties":{"kind":"stop","name":"Sumter Hampton South","stop_id":"91567"},"type":"Feature"},{"geometry":{"coordinates":[-81.03274,34.00325],"type":"Point"},"properties":{"kind":"stop","name":"Sumter Lady South","stop_id":"91568"},"type":"Feature"},{"geometry":{"coordinates":[-81.03192,34.0014],"type":"Point"},"properties":{"kind":"stop","name":"Sumter Gervais South","stop_id":"91569"},"type":"Feature"},{"geometry":{"coordinates":[-81.0309,33.99928],"type":"Point"},"properties":{"kind":"stop","name":"Sumter Pendleton South","stop_id":"91570"},"type":"Feature"},{"geometry":{"coordinates":[-81.03025,33.99777],"type":"Point"},"properties":{"kind":"stop","name":"Sumter College South (U of SC Horseshoe)","stop_id":"91571"},"type":"Feature"},{"geometry":{"coordinates":[-81.02958,33.99578],"type":"Point"},"properties":{"kind":"stop","name":"Sumter & Greene South (Longstreet Theatre)","stop_id":"91572"},"type":"Feature"},{"geometry":{"coordinates":[-81.0289,33.99452],"type":"Point"},"properties":{"kind":"stop","name":"Sumter & Devine South (U of SC Honors College)","stop_id":"91573"},"type":"Feature"},{"geometry":{"coordinates":[-81.04231,33.98938],"type":"Point"},"properties":{"kind":"stop","name":"Blossom Huger West","stop_id":"91574"},"type":"Feature"},{"geometry":{"coordinates":[-81.06895,33.98],"type":"Point"},"properties":{"kind":"stop","name":"Knox 12th West","stop_id":"91575"},"type":"Feature"},{"geometry":{"coordinates":[-81.07185,33.97908],"type":"Point"},"properties":{"kind":"stop","name":"Knox 1270 West","stop_id":"91576"},"type":"Feature"},{"geometry":{"coordinates":[-81.07427,33.97831],"type":"Point"},"properties":{"kind":"stop","name":"Charleston Knox South","stop_id":"91577"},"type":"Feature"},{"geometry":{"coordinates":[-81.07606,33.97575],"type":"Point"},"properties":{"kind":"stop","name":"Charleston Beckham South","stop_id":"91578"},"type":"Feature"},{"geometry":{"coordinates":[-81.07724,33.97235],"type":"Point"},"properties":{"kind":"stop","name":"Charleston Hart South","stop_id":"91579"},"type":"Feature"},{"geometry":{"coordinates":[-81.07862,33.96994],"type":"Point"},"properties":{"kind":"stop","name":"Airport 1638 Airport South","stop_id":"91580"},"type":"Feature"},{"geometry":{"coordinates":[-81.08149,33.96725],"type":"Point"},"properties":{"kind":"stop","name":"Airport Glenn South","stop_id":"91581"},"type":"Feature"},{"geometry":{"coordinates":[-81.08582,33.96321],"type":"Point"},"properties":{"kind":"stop","name":"Airport Sox South","stop_id":"91582"},"type":"Feature"},{"geometry":{"coordinates":[-81.09504,33.95463],"type":"Point"},"properties":{"kind":"stop","name":"Edmund Tarrytown West","stop_id":"91583"},"type":"Feature"},{"geometry":{"coordinates":[-81.09752,33.95234],"type":"Point"},"properties":{"kind":"stop","name":"Edmund Branch West","stop_id":"91584"},"type":"Feature"},{"geometry":{"coordinates":[-81.09922,33.95069],"type":"Point"},"properties":{"kind":"stop","name":"Edmund Lownsdale South","stop_id":"91585"},"type":"Feature"},{"geometry":{"coordinates":[-81.10222,33.95124],"type":"Point"},"properties":{"kind":"stop","name":"Boston Kitty West","stop_id":"91586"},"type":"Feature"},{"geometry":{"coordinates":[-81.10577,33.95175],"type":"Point"},"properties":{"kind":"stop","name":"Boston High West","stop_id":"91587"},"type":"Feature"},{"geometry":{"coordinates":[-81.10914,33.95116],"type":"Point"},"properties":{"kind":"stop","name":"Boston Campus West","stop_id":"91588"},"type":"Feature"},{"geometry":{"coordinates":[-81.11411,33.94929],"type":"Point"},"properties":{"kind":"stop","name":"Lexington Midlands South","stop_id":"91589"},"type":"Feature"},{"geometry":{"coordinates":[-81.12369,33.94677],"type":"Point"},"properties":{"kind":"stop","name":"Columbia Metropolitan Airport","stop_id":"91590"},"type":"Feature"},{"geometry":{"coordinates":[-81.12239,33.95455],"type":"Point"},"properties":{"kind":"stop","name":"Platt Banny North","stop_id":"91591"},"type":"Feature"},{"geometry":{"coordinates":[-81.11711,33.95614],"type":"Point"},"properties":{"kind":"stop","name":"Platt Lexington North","stop_id":"91592"},"type":"Feature"},{"geometry":{"coordinates":[-81.11629,33.95637],"type":"Point"},"properties":{"kind":"stop","name":"Platt Shasta North","stop_id":"91593"},"type":"Feature"},{"geometry":{"coordinates":[-81.1102,33.95848],"type":"Point"},"properties":{"kind":"stop","name":"Platt Lown North","stop_id":"91594"},"type":"Feature"},{"geometry":{"coordinates":[-81.10244,33.96125],"type":"Point"},"properties":{"kind":"stop","name":"Platt Kirkwood North","stop_id":"91595"},"type":"Feature"},{"geometry":{"coordinates":[-81.09274,33.96912],"type":"Point"},"properties":{"kind":"stop","name":"Platt Rainbow North","stop_id":"91596"},"type":"Feature"},{"geometry":{"coordinates":[-81.08891,33.97184],"type":"Point"},"properties":{"kind":"stop","name":"Platt Ziegler East","stop_id":"91597"},"type":"Feature"},{"geometry":{"coordinates":[-81.08674,33.97298],"type":"Point"},"properties":{"kind":"stop","name":"Platt Williams North","stop_id":"91598"},"type":"Feature"},{"geometry":{"coordinates":[-81.07663,33.97291],"type":"Point"},"properties":{"kind":"stop","name":"Charleston Hart North","stop_id":"91600"},"type":"Feature"},{"geometry":{"coordinates":[-81.07366,33.97825],"type":"Point"},"properties":{"kind":"stop","name":"Charleston Knox North","stop_id":"91601"},"type":"Feature"},{"geometry":{"coordinates":[-81.07229,33.97869],"type":"Point"},"properties":{"kind":"stop","name":"Knox 1326 East","stop_id":"91602"},"type":"Feature"},{"geometry":{"coordinates":[-81.06955,33.97957],"type":"Point"},"properties":{"kind":"stop","name":"Knox 12th East","stop_id":"91603"},"type":"Feature"},{"geometry":{"coordinates":[-81.03169,33.99335],"type":"Point"},"properties":{"kind":"stop","name":"Assembly Blossom North","stop_id":"91604"},"type":"Feature"},{"geometry":{"coordinates":[-81.03232,33.99471],"type":"Point"},"properties":{"kind":"stop","name":"Assembly Greene North (U of SC Business)","stop_id":"91605"},"type":"Feature"},{"geometry":{"coordinates":[-81.02426,34.03215],"type":"Point"},"properties":{"kind":"stop","name":"Marshall Farrow West","stop_id":"91607"},"type":"Feature"},{"geometry":{"coordinates":[-81.02864,34.03111],"type":"Point"},"properties":{"kind":"stop","name":"Marshall Colonial West","stop_id":"91608"},"type":"Feature"},{"geometry":{"coordinates":[-81.03227,34.0303],"type":"Point"},"properties":{"kind":"stop","name":"Marshall West West","stop_id":"91609"},"type":"Feature"},{"geometry":{"coordinates":[-81.03513,34.0277],"type":"Point"},"properties":{"kind":"stop","name":"Medical Park South","stop_id":"91610"},"type":"Feature"},{"geometry":{"coordinates":[-81.03101,34.02236],"type":"Point"},"properties":{"kind":"stop","name":"Gregg & Boyce South","stop_id":"91611"},"type":"Feature"},{"geometry":{"coordinates":[-81.02719,34.01551],"type":"Point"},"properties":{"kind":"stop","name":"Gregg Calhoun South","stop_id":"91613"},"type":"Feature"},{"geometry":{"coordinates":[-81.02406,34.01628],"type":"Point"},"properties":{"kind":"stop","name":"Calhoun Harden East","stop_id":"91614"},"type":"Feature"},{"geometry":{"coordinates":[-81.02127,33.99733],"type":"Point"},"properties":{"kind":"stop","name":"Blossom Barnwell West","stop_id":"91615"},"type":"Feature"},{"geometry":{"coordinates":[-81.0235,33.99453],"type":"Point"},"properties":{"kind":"stop","name":"Pickens Blossom South","stop_id":"91616"},"type":"Feature"},{"geometry":{"coordinates":[-81.02178,33.99098],"type":"Point"},"properties":{"kind":"stop","name":"Pickens Catawba South","stop_id":"91617"},"type":"Feature"},{"geometry":{"coordinates":[-81.02063,33.98853],"type":"Point"},"properties":{"kind":"stop","name":"Pickens Heyward South","stop_id":"91618"},"type":"Feature"},{"geometry":{"coordinates":[-81.02292,33.98715],"type":"Point"},"properties":{"kind":"stop","name":"Marion Heyward South","stop_id":"91619"},"type":"Feature"},{"geometry":{"coordinates":[-81.02051,33.98522],"type":"Point"},"properties":{"kind":"stop","name":"Marion Crestwood South","stop_id":"91620"},"type":"Feature"},{"geometry":{"coordinates":[-81.01617,33.9838],"type":"Point"},"properties":{"kind":"stop","name":"Rosewood Pickens East","stop_id":"91621"},"type":"Feature"},{"geometry":{"coordinates":[-81.0175,33.98291],"type":"Point"},"properties":{"kind":"stop","name":"Superior Rosewood North","stop_id":"91622"},"type":"Feature"},{"geometry":{"coordinates":[-81.0202,33.98519],"type":"Point"},"properties":{"kind":"stop","name":"Marion Crestwood North","stop_id":"91623"},"type":"Feature"},{"geometry":{"coordinates":[-81.02302,33.98741],"type":"Point"},"properties":{"kind":"stop","name":"Marion Heyward North","stop_id":"91624"},"type":"Feature"},{"geometry":{"coordinates":[-81.0208,33.98928],"type":"Point"},"properties":{"kind":"stop","name":"Pickens Enoree North","stop_id":"91625"},"type":"Feature"},{"geometry":{"coordinates":[-81.01622,33.99755],"type":"Point"},"properties":{"kind":"stop","name":"Blossom Harden East","stop_id":"91626"},"type":"Feature"},{"geometry":{"coordinates":[-81.01572,33.9988],"type":"Point"},"properties":{"kind":"stop","name":"Harden Devine North","stop_id":"91627"},"type":"Feature"},{"geometry":{"coordinates":[-81.01634,34.00016],"type":"Point"},"properties":{"kind":"stop","name":"Harden Greene North","stop_id":"91628"},"type":"Feature"},{"geometry":{"coordinates":[-81.01835,34.00473],"type":"Point"},"properties":{"kind":"stop","name":"Harden Senate North","stop_id":"91629"},"type":"Feature"},{"geometry":{"coordinates":[-81.01947,34.00718],"type":"Point"},"properties":{"kind":"stop","name":"Harden Lady North","stop_id":"91630"},"type":"Feature"},{"geometry":{"coordinates":[-81.02056,34.00956],"type":"Point"},"properties":{"kind":"stop","name":"Harden Hampton North","stop_id":"91631"},"type":"Feature"},{"geometry":{"coordinates":[-81.02431,34.01635],"type":"Point"},"properties":{"kind":"stop","name":"Calhoun Harden West","stop_id":"91632"},"type":"Feature"},{"geometry":{"coordinates":[-81.02697,34.01552],"type":"Point"},"properties":{"kind":"stop","name":"Calhoun Gregg West","stop_id":"91633"},"type":"Feature"},{"geometry":{"coordinates":[-81.03093,34.02266],"type":"Point"},"properties":{"kind":"stop","name":"Colonial & Gregg East","stop_id":"91635"},"type":"Feature"},{"geometry":{"coordinates":[-81.03496,34.0275],"type":"Point"},"properties":{"kind":"stop","name":"Medical Park @ Prisma Health Richland Mid North","stop_id":"91636"},"type":"Feature"},{"geometry":{"coordinates":[-81.03257,34.02968],"type":"Point"},"properties":{"kind":"stop","name":"Sunset West East","stop_id":"91637"},"type":"Feature"},{"geometry":{"coordinates":[-81.02734,34.03038],"type":"Point"},"properties":{"kind":"stop","name":"Academy Colonial East","stop_id":"91638"},"type":"Feature"},{"geometry":{"coordinates":[-81.02375,34.032],"type":"Point"},"properties":{"kind":"stop","name":"Academy Farrow East","stop_id":"91639"},"type":"Feature"},{"geometry":{"coordinates":[-81.02019,34.03324],"type":"Point"},"properties":{"kind":"stop","name":"Beltline Grant East","stop_id":"91640"},"type":"Feature"},{"geometry":{"coordinates":[-81.01958,34.03396],"type":"Point"},"properties":{"kind":"stop","name":"Bailey & Beltline North","stop_id":"91641"},"type":"Feature"},{"geometry":{"coordinates":[-81.03413,33.9963],"type":"Point"},"properties":{"kind":"stop","name":"College Park East (Koger Center)","stop_id":"91642"},"type":"Feature"},{"geometry":{"coordinates":[-81.03031,33.99903],"type":"Point"},"properties":{"kind":"stop","name":"Pendleton Sumter East","stop_id":"91643"},"type":"Feature"},{"geometry":{"coordinates":[-81.03079,33.98681],"type":"Point"},"properties":{"kind":"stop","name":"Whaley Park West","stop_id":"91645"},"type":"Feature"},{"geometry":{"coordinates":[-81.0254,33.99293],"type":"Point"},"properties":{"kind":"stop","name":"Evening Stop - Blatt P.E. Center @ Wheat Street Midblock","stop_id":"91646"},"type":"Feature"},{"geometry":{"coordinates":[-81.02814,33.98936],"type":"Point"},"properties":{"kind":"stop","name":"Main @ 300 Main North","stop_id":"91647"},"type":"Feature"},{"geometry":{"coordinates":[-81.11287,34.00906],"type":"Point"},"properties":{"kind":"stop","name":"Hulon E Hospital East","stop_id":"91648"},"type":"Feature"},{"geometry":{"coordinates":[-81.11633,34.00578],"type":"Point"},"properties":{"kind":"stop","name":"W Hospital Sunset South","stop_id":"91649"},"type":"Feature"},{"geometry":{"coordinates":[-81.10596,34.00256],"type":"Point"},"properties":{"kind":"stop","name":"Sunset Kleckley East","stop_id":"91650"},"type":"Feature"},{"geometry":{"coordinates":[-81.10286,34.00116],"type":"Point"},"properties":{"kind":"stop","name":"Sunset N Hook East","stop_id":"91651"},"type":"Feature"},{"geometry":{"coordinates":[-81.09782,33.99905],"type":"Point"},"properties":{"kind":"stop","name":"Sunset Kim East","stop_id":"91652"},"type":"Feature"},{"geometry":{"coordinates":[-81.09457,33.99888],"type":"Point"},"properties":{"kind":"stop","name":"Sunset Arehart East","stop_id":"91653"},"type":"Feature"},{"geometry":{"coordinates":[-81.08649,33.99867],"type":"Point"},"properties":{"kind":"stop","name":"Sunset Jones East","stop_id":"91654"},"type":"Feature"},{"geometry":{"coordinates":[-81.08234,33.99834],"type":"Point"},"properties":{"kind":"stop","name":"Sunset Leaphart East","stop_id":"91655"},"type":"Feature"},{"geometry":{"coordinates":[-81.07833,33.998],"type":"Point"},"properties":{"kind":"stop","name":"Sunset 12th East","stop_id":"91656"},"type":"Feature"},{"geometry":{"coordinates":[-81.07262,33.99749],"type":"Point"},"properties":{"kind":"stop","name":"Sunset Line East","stop_id":"91657"},"type":"Feature"},{"geometry":{"coordinates":[-81.07025,33.99729],"type":"Point"},"properties":{"kind":"stop","name":"Sunset 9th East","stop_id":"91658"},"type":"Feature"},{"geometry":{"coordinates":[-81.06457,33.99683],"type":"Point"},"properties":{"kind":"stop","name":"Sunset Lucas East","stop_id":"91659"},"type":"Feature"},{"geometry":{"coordinates":[-81.05767,33.99596],"type":"Point"},"properties":{"kind":"stop","name":"Sunset Jarvis East","stop_id":"91660"},"type":"Feature"},{"geometry":{"coordinates":[-81.05573,33.99517],"type":"Point"},"properties":{"kind":"stop","name":"Sunset State East","stop_id":"91661"},"type":"Feature"},{"geometry":{"coordinates":[-81.05599,33.99288],"type":"Point"},"properties":{"kind":"stop","name":"State Center South (WeCo District)","stop_id":"91662"},"type":"Feature"},{"geometry":{"coordinates":[-81.05626,33.99032],"type":"Point"},"properties":{"kind":"stop","name":"State B Ave South","stop_id":"91663"},"type":"Feature"},{"geometry":{"coordinates":[-81.05663,33.98727],"type":"Point"},"properties":{"kind":"stop","name":"State Knox Abbott South (Parkland Plaza / Cayce)","stop_id":"91664"},"type":"Feature"},{"geometry":{"coordinates":[-81.05517,33.98137],"type":"Point"},"properties":{"kind":"stop","name":"State & Karlaney South","stop_id":"91665"},"type":"Feature"},{"geometry":{"coordinates":[-81.05405,33.97754],"type":"Point"},"properties":{"kind":"stop","name":"State & Oakland South","stop_id":"91666"},"type":"Feature"},{"geometry":{"coordinates":[-81.0519,33.97435],"type":"Point"},"properties":{"kind":"stop","name":"State & Frink South","stop_id":"91667"},"type":"Feature"},{"geometry":{"coordinates":[-81.05808,33.97194],"type":"Point"},"properties":{"kind":"stop","name":"Frink & Foreman West","stop_id":"91668"},"type":"Feature"},{"geometry":{"coordinates":[-81.06225,33.96908],"type":"Point"},"properties":{"kind":"stop","name":"Frink & 12th Street West","stop_id":"91669"},"type":"Feature"},{"geometry":{"coordinates":[-81.06395,33.9669],"type":"Point"},"properties":{"kind":"stop","name":"Julius Felder & Frink South","stop_id":"91670"},"type":"Feature"},{"geometry":{"coordinates":[-81.0633,33.96534],"type":"Point"},"properties":{"kind":"stop","name":"Julius Felder & Lucas South","stop_id":"91671"},"type":"Feature"},{"geometry":{"coordinates":[-81.0618,33.9627],"type":"Point"},"properties":{"kind":"stop","name":"Julius Felder & Hemlock South","stop_id":"91672"},"type":"Feature"},{"geometry":{"coordinates":[-81.06092,33.96097],"type":"Point"},"properties":{"kind":"stop","name":"Julius Felder & Northland South","stop_id":"91673"},"type":"Feature"},{"geometry":{"coordinates":[-81.06013,33.9594],"type":"Point"},"properties":{"kind":"stop","name":"Julius Felder & Sunnyside South","stop_id":"91674"},"type":"Feature"},{"geometry":{"coordinates":[-81.05941,33.95761],"type":"Point"},"properties":{"kind":"stop","name":"Julius Felder & Maple","stop_id":"91675"},"type":"Feature"},{"geometry":{"coordinates":[-81.0611,33.95686],"type":"Point"},"properties":{"kind":"stop","name":"Taylor & Taylor Elementary","stop_id":"91676"},"type":"Feature"},{"geometry":{"coordinates":[-81.06682,33.95683],"type":"Point"},"properties":{"kind":"stop","name":"Taylor & Convience West","stop_id":"91677"},"type":"Feature"},{"geometry":{"coordinates":[-81.07016,33.95708],"type":"Point"},"properties":{"kind":"stop","name":"Taylor & Across Oak West","stop_id":"91678"},"type":"Feature"},{"geometry":{"coordinates":[-81.0738,33.95735],"type":"Point"},"properties":{"kind":"stop","name":"Taylor & Frink West","stop_id":"91679"},"type":"Feature"},{"geometry":{"coordinates":[-81.07354,33.95821],"type":"Point"},"properties":{"kind":"stop","name":"Frink & Dunbar North","stop_id":"91680"},"type":"Feature"},{"geometry":{"coordinates":[-81.07434,33.96163],"type":"Point"},"properties":{"kind":"stop","name":"Dunbar & Wadsworth North","stop_id":"91681"},"type":"Feature"},{"geometry":{"coordinates":[-81.07438,33.96325],"type":"Point"},"properties":{"kind":"stop","name":"Dunbar Wadsworth North","stop_id":"91682"},"type":"Feature"},{"geometry":{"coordinates":[-81.074,33.96556],"type":"Point"},"properties":{"kind":"stop","name":"Dunbar & Middleton North","stop_id":"91683"},"type":"Feature"},{"geometry":{"coordinates":[-81.07556,33.96847],"type":"Point"},"properties":{"kind":"stop","name":"Dunbar & Middle North","stop_id":"91684"},"type":"Feature"},{"geometry":{"coordinates":[-81.07701,33.97089],"type":"Point"},"properties":{"kind":"stop","name":"Dunbar & Joyce North","stop_id":"91685"},"type":"Feature"},{"geometry":{"coordinates":[-81.07925,33.97145],"type":"Point"},"properties":{"kind":"stop","name":"WIlliams & Kmart SuperStop North","stop_id":"91686"},"type":"Feature"},{"geometry":{"coordinates":[-81.08294,33.97506],"type":"Point"},"properties":{"kind":"stop","name":"Platt Springs & Denham East","stop_id":"91687"},"type":"Feature"},{"geometry":{"coordinates":[-81.08022,33.97783],"type":"Point"},"properties":{"kind":"stop","name":"Platt Springs & Wessinger East","stop_id":"91688"},"type":"Feature"},{"geometry":{"coordinates":[-81.06936,33.98033],"type":"Point"},"properties":{"kind":"stop","name":"12th & Knox Abbott North","stop_id":"91689"},"type":"Feature"},{"geometry":{"coordinates":[-81.07098,33.98385],"type":"Point"},"properties":{"kind":"stop","name":"12th & Evergreen North","stop_id":"91690"},"type":"Feature"},{"geometry":{"coordinates":[-81.07238,33.98689],"type":"Point"},"properties":{"kind":"stop","name":"12th & B North","stop_id":"91691"},"type":"Feature"},{"geometry":{"coordinates":[-81.07299,33.98843],"type":"Point"},"properties":{"kind":"stop","name":"12th & Meeting North","stop_id":"91692"},"type":"Feature"},{"geometry":{"coordinates":[-81.07342,33.99024],"type":"Point"},"properties":{"kind":"stop","name":"12th Shull North","stop_id":"91693"},"type":"Feature"},{"geometry":{"coordinates":[-81.07492,33.99307],"type":"Point"},"properties":{"kind":"stop","name":"Monticello 12th West","stop_id":"91694"},"type":"Feature"},{"geometry":{"coordinates":[-81.0775,33.99169],"type":"Point"},"properties":{"kind":"stop","name":"Batchelor Senn West","stop_id":"91695"},"type":"Feature"},{"geometry":{"coordinates":[-81.08116,33.99037],"type":"Point"},"properties":{"kind":"stop","name":"Batchelor Brown West","stop_id":"91696"},"type":"Feature"},{"geometry":{"coordinates":[-81.08352,33.99232],"type":"Point"},"properties":{"kind":"stop","name":"Holland James West","stop_id":"91697"},"type":"Feature"},{"geometry":{"coordinates":[-81.08555,33.99156],"type":"Point"},"properties":{"kind":"stop","name":"Holland Lancaster West","stop_id":"91698"},"type":"Feature"},{"geometry":{"coordinates":[-81.08713,33.991],"type":"Point"},"properties":{"kind":"stop","name":"Holland Guilford West","stop_id":"91699"},"type":"Feature"},{"geometry":{"coordinates":[-81.0887,33.99049],"type":"Point"},"properties":{"kind":"stop","name":"Holland Greenwood West","stop_id":"91700"},"type":"Feature"},{"geometry":{"coordinates":[-81.0926,33.98895],"type":"Point"},"properties":{"kind":"stop","name":"Holland Hendrix West","stop_id":"91701"},"type":"Feature"},{"geometry":{"coordinates":[-81.09513,33.98805],"type":"Point"},"properties":{"kind":"stop","name":"Holland Hook West","stop_id":"91702"},"type":"Feature"},{"geometry":{"coordinates":[-81.09361,33.98514],"type":"Point"},"properties":{"kind":"stop","name":"Hook Jarvis South","stop_id":"91703"},"type":"Feature"},{"geometry":{"coordinates":[-81.09762,33.98327],"type":"Point"},"properties":{"kind":"stop","name":"Augusta Wade West","stop_id":"91704"},"type":"Feature"},{"geometry":{"coordinates":[-81.10185,33.98221],"type":"Point"},"properties":{"kind":"stop","name":"Augusta Castle West","stop_id":"91705"},"type":"Feature"},{"geometry":{"coordinates":[-81.10427,33.98163],"type":"Point"},"properties":{"kind":"stop","name":"Augusta Chris West","stop_id":"91706"},"type":"Feature"},{"geometry":{"coordinates":[-81.11616,34.00585],"type":"Point"},"properties":{"kind":"stop","name":"W Hospital Sunset North","stop_id":"91707"},"type":"Feature"},{"geometry":{"coordinates":[-81.11626,34.00844],"type":"Point"},"properties":{"kind":"stop","name":"W Hospital Hulon","stop_id":"91709"},"type":"Feature"},{"geometry":{"coordinates":[-81.04596,34.00188],"type":"Point"},"properties":{"kind":"stop","name":"Hampton Huger East","stop_id":"91710"},"type":"Feature"},{"geometry":{"coordinates":[-81.04703,34.00333],"type":"Point"},"properties":{"kind":"stop","name":"Taylor Huger West","stop_id":"91711"},"type":"Feature"},{"geometry":{"coordinates":[-81.04864,34.00179],"type":"Point"},"properties":{"kind":"stop","name":"Williams Hampton South","stop_id":"91712"},"type":"Feature"},{"geometry":{"coordinates":[-80.93297,34.13939],"type":"Point"},"properties":{"kind":"stop","name":"Clemson Killian Green West","stop_id":"91716"},"type":"Feature"},{"geometry":{"coordinates":[-80.96588,34.09925],"type":"Point"},"properties":{"kind":"stop","name":"Carotech Blvd & Technology Cir West","stop_id":"91723"},"type":"Feature"},{"geometry":{"coordinates":[-80.97223,34.09513],"type":"Point"},"properties":{"kind":"stop","name":"Powell Rd and Pisgah Rd","stop_id":"91724"},"type":"Feature"},{"geometry":{"coordinates":[-80.91349,34.13981],"type":"Point"},"properties":{"kind":"stop","name":"Clemson & Hardscrabble East","stop_id":"91733"},"type":"Feature"},{"geometry":{"coordinates":[-80.90346,34.14151],"type":"Point"},"properties":{"kind":"stop","name":"Clemson & Across Wellington Place East","stop_id":"91734"},"type":"Feature"},{"geometry":{"coordinates":[-80.89736,34.14278],"type":"Point"},"properties":{"kind":"stop","name":"Clemson & Rose Creek East","stop_id":"91735"},"type":"Feature"},{"geometry":{"coordinates":[-80.89274,34.1416],"type":"Point"},"properties":{"kind":"stop","name":"Clemson & Parson Mill East","stop_id":"91736"},"type":"Feature"},{"geometry":{"coordinates":[-80.88872,34.14],"type":"Point"},"properties":{"kind":"stop","name":"Clemson & Rainsborough East","stop_id":"91737"},"type":"Feature"},{"geometry":{"coordinates":[-81.10055,34.03031],"type":"Point"},"properties":{"kind":"stop","name":"Bush Latonea West","stop_id":"91739"},"type":"Feature"},{"geometry":{"coordinates":[-81.108,34.03137],"type":"Point"},"properties":{"kind":"stop","name":"Bush Zimalcrest West","stop_id":"91740"},"type":"Feature"},{"geometry":{"coordinates":[-81.11686,34.03021],"type":"Point"},"properties":{"kind":"stop","name":"Bush Independence West","stop_id":"91741"},"type":"Feature"},{"geometry":{"coordinates":[-81.12372,34.03273],"type":"Point"},"properties":{"kind":"stop","name":"Bush Woodland West","stop_id":"91742"},"type":"Feature"},{"geometry":{"coordinates":[-81.13012,34.03544],"type":"Point"},"properties":{"kind":"stop","name":"Bush Ashland West","stop_id":"91743"},"type":"Feature"},{"geometry":{"coordinates":[-81.13582,34.03715],"type":"Point"},"properties":{"kind":"stop","name":"Bush Beth West","stop_id":"91744"},"type":"Feature"},{"geometry":{"coordinates":[-81.14438,34.04333],"type":"Point"},"properties":{"kind":"stop","name":"Bush Burnsdowne West","stop_id":"91745"},"type":"Feature"},{"geometry":{"coordinates":[-81.14613,34.04548],"type":"Point"},"properties":{"kind":"stop","name":"Tram St. Andrews North","stop_id":"91746"},"type":"Feature"},{"geometry":{"coordinates":[-81.15027,34.04712],"type":"Point"},"properties":{"kind":"stop","name":"St Andrews Liesure West","stop_id":"91747"},"type":"Feature"},{"geometry":{"coordinates":[-81.15484,34.04943],"type":"Point"},"properties":{"kind":"stop","name":"St Andrews Shaw West","stop_id":"91748"},"type":"Feature"},{"geometry":{"coordinates":[-81.15826,34.05251],"type":"Point"},"properties":{"kind":"stop","name":"St Andrews Piney West","stop_id":"91749"},"type":"Feature"},{"geometry":{"coordinates":[-81.16059,34.05504],"type":"Point"},"properties":{"kind":"stop","name":"St Andrews Bush West","stop_id":"91750"},"type":"Feature"},{"geometry":{"coordinates":[-81.16179,34.05839],"type":"Point"},"properties":{"kind":"stop","name":"St Andrews Drury West","stop_id":"91751"},"type":"Feature"},{"geometry":{"coordinates":[-81.16389,34.06089],"type":"Point"},"properties":{"kind":"stop","name":"St Andrews Challedon West","stop_id":"91752"},"type":"Feature"},{"geometry":{"coordinates":[-81.16538,34.06263],"type":"Point"},"properties":{"kind":"stop","name":"St Andrews Carriage West","stop_id":"91753"},"type":"Feature"},{"geometry":{"coordinates":[-81.16899,34.06659],"type":"Point"},"properties":{"kind":"stop","name":"Harbison and St. Andrews East","stop_id":"91754"},"type":"Feature"},{"geometry":{"coordinates":[-81.16181,34.06903],"type":"Point"},"properties":{"kind":"stop","name":"Bower Harbison East","stop_id":"91755"},"type":"Feature"},{"geometry":{"coordinates":[-81.15963,34.06875],"type":"Point"},"properties":{"kind":"stop","name":"Bower 1005 East","stop_id":"91756"},"type":"Feature"},{"geometry":{"coordinates":[-81.15441,34.06991],"type":"Point"},"properties":{"kind":"stop","name":"Bower 1260 East","stop_id":"91757"},"type":"Feature"},{"geometry":{"coordinates":[-81.15824,34.07589],"type":"Point"},"properties":{"kind":"stop","name":"Columbiana Drive & Columbiana Circle","stop_id":"91758"},"type":"Feature"},{"geometry":{"coordinates":[-81.16011,34.0898],"type":"Point"},"properties":{"kind":"stop","name":"Lake Murray Palmetto East","stop_id":"91763"},"type":"Feature"},{"geometry":{"coordinates":[-81.15772,34.0879],"type":"Point"},"properties":{"kind":"stop","name":"Parkridge Palmetto South","stop_id":"91764"},"type":"Feature"},{"geometry":{"coordinates":[-81.15491,34.0839],"type":"Point"},"properties":{"kind":"stop","name":"Parkridge Riverland South","stop_id":"91765"},"type":"Feature"},{"geometry":{"coordinates":[-81.15042,34.08046],"type":"Point"},"properties":{"kind":"stop","name":"Parkridge Harbison South","stop_id":"91766"},"type":"Feature"},{"geometry":{"coordinates":[-81.15829,34.07301],"type":"Point"},"properties":{"kind":"stop","name":"Harbison 283 West","stop_id":"91767"},"type":"Feature"},{"geometry":{"coordinates":[-81.16136,34.07152],"type":"Point"},"properties":{"kind":"stop","name":"Harbison 267 West","stop_id":"91768"},"type":"Feature"},{"geometry":{"coordinates":[-81.16458,34.06898],"type":"Point"},"properties":{"kind":"stop","name":"Harbison 171 West","stop_id":"91769"},"type":"Feature"},{"geometry":{"coordinates":[-81.16741,34.06757],"type":"Point"},"properties":{"kind":"stop","name":"Harbison Country West","stop_id":"91770"},"type":"Feature"},{"geometry":{"coordinates":[-81.16894,34.06559],"type":"Point"},"properties":{"kind":"stop","name":"St Andrews Avery East","stop_id":"91771"},"type":"Feature"},{"geometry":{"coordinates":[-81.16636,34.06328],"type":"Point"},"properties":{"kind":"stop","name":"St Andrews Carriage East","stop_id":"91772"},"type":"Feature"},{"geometry":{"coordinates":[-81.16435,34.06107],"type":"Point"},"properties":{"kind":"stop","name":"St Andrews Challedon East","stop_id":"91773"},"type":"Feature"},{"geometry":{"coordinates":[-81.16262,34.059],"type":"Point"},"properties":{"kind":"stop","name":"St Andrews Drury East","stop_id":"91774"},"type":"Feature"},{"geometry":{"coordinates":[-81.16122,34.05607],"type":"Point"},"properties":{"kind":"stop","name":"St Andrews 6145 East","stop_id":"91775"},"type":"Feature"},{"geometry":{"coordinates":[-81.16032,34.05412],"type":"Point"},"properties":{"kind":"stop","name":"St Andrews Bush East","stop_id":"91776"},"type":"Feature"},{"geometry":{"coordinates":[-81.15828,34.05219],"type":"Point"},"properties":{"kind":"stop","name":"St Andrews Piney East","stop_id":"91777"},"type":"Feature"},{"geometry":{"coordinates":[-81.15513,34.04935],"type":"Point"},"properties":{"kind":"stop","name":"St Andrews Shaw East","stop_id":"91778"},"type":"Feature"},{"geometry":{"coordinates":[-81.15073,34.04701],"type":"Point"},"properties":{"kind":"stop","name":"St Andrews Leisure East","stop_id":"91779"},"type":"Feature"},{"geometry":{"coordinates":[-81.14664,34.04571],"type":"Point"},"properties":{"kind":"stop","name":"St Andrews Tram East","stop_id":"91780"},"type":"Feature"},{"geometry":{"coordinates":[-81.14222,34.0442],"type":"Point"},"properties":{"kind":"stop","name":"St Andrews Clusters East","stop_id":"91781"},"type":"Feature"},{"geometry":{"coordinates":[-81.13765,34.04404],"type":"Point"},"properties":{"kind":"stop","name":"St Andrews Rollingview East","stop_id":"91782"},"type":"Feature"},{"geometry":{"coordinates":[-81.13171,34.04503],"type":"Point"},"properties":{"kind":"stop","name":"St Andrews Sidney East","stop_id":"91783"},"type":"Feature"},{"geometry":{"coordinates":[-81.12632,34.04505],"type":"Point"},"properties":{"kind":"stop","name":"St Andrews Ashland East","stop_id":"91784"},"type":"Feature"},{"geometry":{"coordinates":[-81.12258,34.04472],"type":"Point"},"properties":{"kind":"stop","name":"St Andrews Jamil East","stop_id":"91785"},"type":"Feature"},{"geometry":{"coordinates":[-81.11566,34.04443],"type":"Point"},"properties":{"kind":"stop","name":"Burning St Andrews South","stop_id":"91786"},"type":"Feature"},{"geometry":{"coordinates":[-81.11485,34.04181],"type":"Point"},"properties":{"kind":"stop","name":"Burning 105 South","stop_id":"91787"},"type":"Feature"},{"geometry":{"coordinates":[-81.11202,34.03941],"type":"Point"},"properties":{"kind":"stop","name":"Burning Center South","stop_id":"91788"},"type":"Feature"},{"geometry":{"coordinates":[-81.10912,34.03896],"type":"Point"},"properties":{"kind":"stop","name":"Browning Zimalcrest South","stop_id":"91789"},"type":"Feature"},{"geometry":{"coordinates":[-81.10403,34.0314],"type":"Point"},"properties":{"kind":"stop","name":"Burnette Fairhaven South","stop_id":"91790"},"type":"Feature"},{"geometry":{"coordinates":[-81.09954,34.03009],"type":"Point"},"properties":{"kind":"stop","name":"Bush Latonea East","stop_id":"91791"},"type":"Feature"},{"geometry":{"coordinates":[-81.03675,34.00373],"type":"Point"},"properties":{"kind":"stop","name":"Assembly Washington South","stop_id":"91793"},"type":"Feature"},{"geometry":{"coordinates":[-81.01538,33.9988],"type":"Point"},"properties":{"kind":"stop","name":"Devine Harden East","stop_id":"91794"},"type":"Feature"},{"geometry":{"coordinates":[-81.00583,33.9982],"type":"Point"},"properties":{"kind":"stop","name":"Devine Woodrow East","stop_id":"91795"},"type":"Feature"},{"geometry":{"coordinates":[-80.99386,33.99741],"type":"Point"},"properties":{"kind":"stop","name":"Devine Millwood East","stop_id":"91796"},"type":"Feature"},{"geometry":{"coordinates":[-80.94277,33.97266],"type":"Point"},"properties":{"kind":"stop","name":"Trinity Greenlawn West","stop_id":"91806"},"type":"Feature"},{"geometry":{"coordinates":[-80.94642,33.96943],"type":"Point"},"properties":{"kind":"stop","name":"Greenlawn Garners South","stop_id":"91807"},"type":"Feature"},{"geometry":{"coordinates":[-80.93831,33.95857],"type":"Point"},"properties":{"kind":"stop","name":"Garners Colonial East","stop_id":"91809"},"type":"Feature"},{"geometry":{"coordinates":[-80.92991,33.95612],"type":"Point"},"properties":{"kind":"stop","name":"Garners Hazelwood East","stop_id":"91810"},"type":"Feature"},{"geometry":{"coordinates":[-80.9261,33.95498],"type":"Point"},"properties":{"kind":"stop","name":"Garners Pineview East","stop_id":"91811"},"type":"Feature"},{"geometry":{"coordinates":[-80.92159,33.95278],"type":"Point"},"properties":{"kind":"stop","name":"Garners Sysco East","stop_id":"91812"},"type":"Feature"},{"geometry":{"coordinates":[-80.91687,33.9504],"type":"Point"},"properties":{"kind":"stop","name":"Garners Old Garners East","stop_id":"91813"},"type":"Feature"},{"geometry":{"coordinates":[-80.90478,33.94447],"type":"Point"},"properties":{"kind":"stop","name":"Garners Old Hopkins","stop_id":"91814"},"type":"Feature"},{"geometry":{"coordinates":[-80.887,33.94449],"type":"Point"},"properties":{"kind":"stop","name":"Garners Century East","stop_id":"91815"},"type":"Feature"},{"geometry":{"coordinates":[-80.87225,33.94498],"type":"Point"},"properties":{"kind":"stop","name":"Garners Ferry & Lower Richland","stop_id":"91816"},"type":"Feature"},{"geometry":{"coordinates":[-80.77284,33.94259],"type":"Point"},"properties":{"kind":"stop","name":"Garners Old Eastover East","stop_id":"91820"},"type":"Feature"},{"geometry":{"coordinates":[-80.49066,33.95734],"type":"Point"},"properties":{"kind":"stop","name":"Shaw AFB Visitors Center","stop_id":"91822"},"type":"Feature"},{"geometry":{"coordinates":[-80.68865,33.88098],"type":"Point"},"properties":{"kind":"stop","name":"Vanboklen Lewis South","stop_id":"91825"},"type":"Feature"},{"geometry":{"coordinates":[-80.69283,33.87714],"type":"Point"},"properties":{"kind":"stop","name":"Main & Anderson\u00a0West","stop_id":"91826"},"type":"Feature"},{"geometry":{"coordinates":[-80.69676,33.87766],"type":"Point"},"properties":{"kind":"stop","name":"Chalk & Main South","stop_id":"91827"},"type":"Feature"},{"geometry":{"coordinates":[-80.69876,33.87496],"type":"Point"},"properties":{"kind":"stop","name":"Chalk Dowdy South","stop_id":"91828"},"type":"Feature"},{"geometry":{"coordinates":[-80.87293,33.91095],"type":"Point"},"properties":{"kind":"stop","name":"Cabin Horrell West","stop_id":"91830"},"type":"Feature"},{"geometry":{"coordinates":[-80.92992,33.95643],"type":"Point"},"properties":{"kind":"stop","name":"Garners Hazelwood West","stop_id":"91835"},"type":"Feature"},{"geometry":{"coordinates":[-80.94139,33.9627],"type":"Point"},"properties":{"kind":"stop","name":"Garners Patterson West","stop_id":"91840"},"type":"Feature"},{"geometry":{"coordinates":[-80.95888,33.97751],"type":"Point"},"properties":{"kind":"stop","name":"Garners Dorn West","stop_id":"91843"},"type":"Feature"},{"geometry":{"coordinates":[-81.03373,33.99785],"type":"Point"},"properties":{"kind":"stop","name":"Assembly Pendleton North","stop_id":"91849"},"type":"Feature"},{"geometry":{"coordinates":[-80.69874,33.87477],"type":"Point"},"properties":{"kind":"stop","name":"Chalk & Hoyle","stop_id":"91852"},"type":"Feature"},{"geometry":{"coordinates":[-80.78604,33.93962],"type":"Point"},"properties":{"kind":"stop","name":"Garners Ferry & Across From Mr. Bunky Store","stop_id":"91856"},"type":"Feature"},{"geometry":{"coordinates":[-80.84323,33.95178],"type":"Point"},"properties":{"kind":"stop","name":"Garners Ferry & Horrell Hill West","stop_id":"91858"},"type":"Feature"},{"geometry":{"coordinates":[-80.68847,33.83717],"type":"Point"},"properties":{"kind":"stop","name":"Poultry & Bluff South","stop_id":"91862"},"type":"Feature"},{"geometry":{"coordinates":[-80.7113,33.83965],"type":"Point"},"properties":{"kind":"stop","name":"Bluff Adam Scott West","stop_id":"91863"},"type":"Feature"},{"geometry":{"coordinates":[-80.85329,33.88627],"type":"Point"},"properties":{"kind":"stop","name":"MLK Clarkson","stop_id":"91864"},"type":"Feature"},{"geometry":{"coordinates":[-80.89719,33.87465],"type":"Point"},"properties":{"kind":"stop","name":"Lower Richland Bluff South","stop_id":"91865"},"type":"Feature"},{"geometry":{"coordinates":[-80.94891,33.92148],"type":"Point"},"properties":{"kind":"stop","name":"Alvin S Glenn","stop_id":"91866"},"type":"Feature"},{"geometry":{"coordinates":[-80.96435,33.92823],"type":"Point"},"properties":{"kind":"stop","name":"Bluff Pineview South","stop_id":"91867"},"type":"Feature"},{"geometry":{"coordinates":[-80.96876,33.93206],"type":"Point"},"properties":{"kind":"stop","name":"Bluff Windy West","stop_id":"91868"},"type":"Feature"},{"geometry":{"coordinates":[-80.97304,33.93667],"type":"Point"},"properties":{"kind":"stop","name":"Flamingo Hileah North","stop_id":"91871"},"type":"Feature"},{"geometry":{"coordinates":[-80.97466,33.93903],"type":"Point"},"properties":{"kind":"stop","name":"Tavineer Palmland West","stop_id":"91872"},"type":"Feature"},{"geometry":{"coordinates":[-80.97459,33.94173],"type":"Point"},"properties":{"kind":"stop","name":"Atlas & Bible North","stop_id":"91873"},"type":"Feature"},{"geometry":{"coordinates":[-80.975,33.94136],"type":"Point"},"properties":{"kind":"stop","name":"Bible Atlas West","stop_id":"91874"},"type":"Feature"},{"geometry":{"coordinates":[-80.97186,33.94359],"type":"Point"},"properties":{"kind":"stop","name":"Atlas Joe North","stop_id":"91875"},"type":"Feature"},{"geometry":{"coordinates":[-80.96952,33.94523],"type":"Point"},"properties":{"kind":"stop","name":"Atlas Joe Frazier II North","stop_id":"91876"},"type":"Feature"},{"geometry":{"coordinates":[-80.96606,33.94758],"type":"Point"},"properties":{"kind":"stop","name":"Atlas Shop North","stop_id":"91877"},"type":"Feature"},{"geometry":{"coordinates":[-80.95348,33.95748],"type":"Point"},"properties":{"kind":"stop","name":"Atlas Atlas North","stop_id":"91878"},"type":"Feature"},{"geometry":{"coordinates":[-80.94927,33.961],"type":"Point"},"properties":{"kind":"stop","name":"Atlas Fountain North","stop_id":"91879"},"type":"Feature"},{"geometry":{"coordinates":[-80.94396,33.96539],"type":"Point"},"properties":{"kind":"stop","name":"Atlas Garners","stop_id":"91880"},"type":"Feature"},{"geometry":{"coordinates":[-80.94352,33.96566],"type":"Point"},"properties":{"kind":"stop","name":"Garners Atlas West","stop_id":"91881"},"type":"Feature"},{"geometry":{"coordinates":[-80.94583,33.96888],"type":"Point"},"properties":{"kind":"stop","name":"Garners Greenlawn West","stop_id":"91882"},"type":"Feature"},{"geometry":{"coordinates":[-80.96854,33.98449],"type":"Point"},"properties":{"kind":"stop","name":"Garners Woodhill West","stop_id":"91885"},"type":"Feature"},{"geometry":{"coordinates":[-81.042,34.03177],"type":"Point"},"properties":{"kind":"stop","name":"Main Avondale North","stop_id":"91893"},"type":"Feature"},{"geometry":{"coordinates":[-81.0421,34.03423],"type":"Point"},"properties":{"kind":"stop","name":"Main Miller North","stop_id":"91894"},"type":"Feature"},{"geometry":{"coordinates":[-81.04152,34.03599],"type":"Point"},"properties":{"kind":"stop","name":"Main Elmore North","stop_id":"91895"},"type":"Feature"},{"geometry":{"coordinates":[-81.03989,34.04007],"type":"Point"},"properties":{"kind":"stop","name":"Main Jackson North","stop_id":"91897"},"type":"Feature"},{"geometry":{"coordinates":[-81.03853,34.04151],"type":"Point"},"properties":{"kind":"stop","name":"Main Lorick North","stop_id":"91898"},"type":"Feature"},{"geometry":{"coordinates":[-81.00963,34.0577],"type":"Point"},"properties":{"kind":"stop","name":"Koon Cody South","stop_id":"91909"},"type":"Feature"},{"geometry":{"coordinates":[-81.01002,34.05626],"type":"Point"},"properties":{"kind":"stop","name":"Koon Prescott South","stop_id":"91910"},"type":"Feature"},{"geometry":{"coordinates":[-80.9397,33.97545],"type":"Point"},"properties":{"kind":"stop","name":"Leesburg Greenlawn East","stop_id":"91938"},"type":"Feature"},{"geometry":{"coordinates":[-80.93633,33.9755],"type":"Point"},"properties":{"kind":"stop","name":"Leesburg Patterson East","stop_id":"91939"},"type":"Feature"},{"geometry":{"coordinates":[-80.9332,33.9767],"type":"Point"},"properties":{"kind":"stop","name":"Leesburg Patricia East","stop_id":"91940"},"type":"Feature"},{"geometry":{"coordinates":[-80.93131,33.97749],"type":"Point"},"properties":{"kind":"stop","name":"Leesburg Hilo East","stop_id":"91941"},"type":"Feature"},{"geometry":{"coordinates":[-80.9296,33.97818],"type":"Point"},"properties":{"kind":"stop","name":"Leesburg Fairmont East","stop_id":"91942"},"type":"Feature"},{"geometry":{"coordinates":[-80.92775,33.9758],"type":"Point"},"properties":{"kind":"stop","name":"Fairmont Caroline South","stop_id":"91943"},"type":"Feature"},{"geometry":{"coordinates":[-80.92415,33.97042],"type":"Point"},"properties":{"kind":"stop","name":"Fairmont Hazelwood South","stop_id":"91945"},"type":"Feature"},{"geometry":{"coordinates":[-81.04234,34.00395],"type":"Point"},"properties":{"kind":"stop","name":"Gadsden at SC Works Midblock","stop_id":"91950"},"type":"Feature"},{"geometry":{"coordinates":[-81.03706,34.00038],"type":"Point"},"properties":{"kind":"stop","name":"Park Gervais South (The Vista)","stop_id":"91951"},"type":"Feature"},{"geometry":{"coordinates":[-81.0385,33.99987],"type":"Point"},"properties":{"kind":"stop","name":"Gervais Lincoln West","stop_id":"91952"},"type":"Feature"},{"geometry":{"coordinates":[-81.04021,33.99937],"type":"Point"},"properties":{"kind":"stop","name":"Gadsden Gervais South","stop_id":"91953"},"type":"Feature"},{"geometry":{"coordinates":[-81.04304,33.99847],"type":"Point"},"properties":{"kind":"stop","name":"Gervais Pulaski West","stop_id":"91954"},"type":"Feature"},{"geometry":{"coordinates":[-81.04556,33.99767],"type":"Point"},"properties":{"kind":"stop","name":"Gervais Huger West","stop_id":"91955"},"type":"Feature"},{"geometry":{"coordinates":[-81.04772,33.99699],"type":"Point"},"properties":{"kind":"stop","name":"Gervais Gist West","stop_id":"91956"},"type":"Feature"},{"geometry":{"coordinates":[-81.05285,33.98687],"type":"Point"},"properties":{"kind":"stop","name":"Alexander Richardson North","stop_id":"91957"},"type":"Feature"},{"geometry":{"coordinates":[-81.05098,33.9901],"type":"Point"},"properties":{"kind":"stop","name":"Alexander Riverwalk North","stop_id":"91958"},"type":"Feature"},{"geometry":{"coordinates":[-81.05334,33.99465],"type":"Point"},"properties":{"kind":"stop","name":"Alexander Meeting North (Brookland / Riverwalk)","stop_id":"91959"},"type":"Feature"},{"geometry":{"coordinates":[-81.04735,33.99681],"type":"Point"},"properties":{"kind":"stop","name":"Gervais & Gist East (State Museum)","stop_id":"91960"},"type":"Feature"},{"geometry":{"coordinates":[-81.04294,33.99824],"type":"Point"},"properties":{"kind":"stop","name":"Gervais Pulaski East","stop_id":"91961"},"type":"Feature"},{"geometry":{"coordinates":[-81.04021,33.99908],"type":"Point"},"properties":{"kind":"stop","name":"Gervais Gadsden East (Vista Union)","stop_id":"91962"},"type":"Feature"},{"geometry":{"coordinates":[-81.03819,33.99972],"type":"Point"},"properties":{"kind":"stop","name":"Gervais Lincoln East (Experience Columbia)","stop_id":"91963"},"type":"Feature"},{"geometry":{"coordinates":[-81.03769,33.99768],"type":"Point"},"properties":{"kind":"stop","name":"Lincoln Convention Ctr South","stop_id":"91964"},"type":"Feature"},{"geometry":{"coordinates":[-81.03741,33.99706],"type":"Point"},"properties":{"kind":"stop","name":"Lincoln Pendleton South","stop_id":"91965"},"type":"Feature"},{"geometry":{"coordinates":[-81.03229,34.01116],"type":"Point"},"properties":{"kind":"stop","name":"Bull Laurel North","stop_id":"91966"},"type":"Feature"},{"geometry":{"coordinates":[-81.02829,34.03189],"type":"Point"},"properties":{"kind":"stop","name":"Colonial Liberty North","stop_id":"91967"},"type":"Feature"},{"geometry":{"coordinates":[-81.02903,34.0343],"type":"Point"},"properties":{"kind":"stop","name":"Colonial Willow North","stop_id":"91968"},"type":"Feature"},{"geometry":{"coordinates":[-81.02909,34.03587],"type":"Point"},"properties":{"kind":"stop","name":"Colonial Lorick North","stop_id":"91969"},"type":"Feature"},{"geometry":{"coordinates":[-81.03017,34.03605],"type":"Point"},"properties":{"kind":"stop","name":"Lorick Grand West","stop_id":"91970"},"type":"Feature"},{"geometry":{"coordinates":[-81.03187,34.0362],"type":"Point"},"properties":{"kind":"stop","name":"Lorick West West","stop_id":"91971"},"type":"Feature"},{"geometry":{"coordinates":[-81.03386,34.0371],"type":"Point"},"properties":{"kind":"stop","name":"Lorick Lorick West","stop_id":"91972"},"type":"Feature"},{"geometry":{"coordinates":[-81.03622,34.04013],"type":"Point"},"properties":{"kind":"stop","name":"Wentworth Lorick North","stop_id":"91973"},"type":"Feature"},{"geometry":{"coordinates":[-81.03123,34.04298],"type":"Point"},"properties":{"kind":"stop","name":"Wentworth Colonial North","stop_id":"91974"},"type":"Feature"},{"geometry":{"coordinates":[-81.02927,34.04462],"type":"Point"},"properties":{"kind":"stop","name":"Colonial Cleveland North","stop_id":"91975"},"type":"Feature"},{"geometry":{"coordinates":[-81.02944,34.04832],"type":"Point"},"properties":{"kind":"stop","name":"Clarendon Main North","stop_id":"91976"},"type":"Feature"},{"geometry":{"coordinates":[-81.03008,34.04941],"type":"Point"},"properties":{"kind":"stop","name":"Fairfield Stebondale North","stop_id":"91977"},"type":"Feature"},{"geometry":{"coordinates":[-81.0281,34.05361],"type":"Point"},"properties":{"kind":"stop","name":"Fairfield Ashley North","stop_id":"91978"},"type":"Feature"},{"geometry":{"coordinates":[-81.02674,34.05754],"type":"Point"},"properties":{"kind":"stop","name":"Fairfield Rosedale North","stop_id":"91979"},"type":"Feature"},{"geometry":{"coordinates":[-81.02574,34.05914],"type":"Point"},"properties":{"kind":"stop","name":"Fairfield Colleton North","stop_id":"91980"},"type":"Feature"},{"geometry":{"coordinates":[-81.02443,34.06041],"type":"Point"},"properties":{"kind":"stop","name":"Fairfield Vernon North","stop_id":"91981"},"type":"Feature"},{"geometry":{"coordinates":[-81.02334,34.06216],"type":"Point"},"properties":{"kind":"stop","name":"Fairfield Oakland North","stop_id":"91982"},"type":"Feature"},{"geometry":{"coordinates":[-81.02291,34.06331],"type":"Point"},"properties":{"kind":"stop","name":"Fairfield Prescott North","stop_id":"91983"},"type":"Feature"},{"geometry":{"coordinates":[-81.02237,34.06822],"type":"Point"},"properties":{"kind":"stop","name":"Fairfield Bowling North","stop_id":"91984"},"type":"Feature"},{"geometry":{"coordinates":[-81.02268,34.0707],"type":"Point"},"properties":{"kind":"stop","name":"Fairfield Montieth North","stop_id":"91985"},"type":"Feature"},{"geometry":{"coordinates":[-81.02022,34.0768],"type":"Point"},"properties":{"kind":"stop","name":"Stanford Dayton East","stop_id":"91986"},"type":"Feature"},{"geometry":{"coordinates":[-81.01717,34.07852],"type":"Point"},"properties":{"kind":"stop","name":"Stanford Woodvale East","stop_id":"91988"},"type":"Feature"},{"geometry":{"coordinates":[-81.01744,34.08042],"type":"Point"},"properties":{"kind":"stop","name":"Beaverbrook Woodcrest North","stop_id":"91989"},"type":"Feature"},{"geometry":{"coordinates":[-81.01516,34.08394],"type":"Point"},"properties":{"kind":"stop","name":"Old Green East","stop_id":"91990"},"type":"Feature"},{"geometry":{"coordinates":[-81.01652,34.08489],"type":"Point"},"properties":{"kind":"stop","name":"Green Green North","stop_id":"91991"},"type":"Feature"},{"geometry":{"coordinates":[-81.01741,34.08582],"type":"Point"},"properties":{"kind":"stop","name":"Green Sharp North","stop_id":"91992"},"type":"Feature"},{"geometry":{"coordinates":[-81.0198,34.08482],"type":"Point"},"properties":{"kind":"stop","name":"Sharp Red West","stop_id":"91993"},"type":"Feature"},{"geometry":{"coordinates":[-81.02339,34.08321],"type":"Point"},"properties":{"kind":"stop","name":"Sharp Fairfield West","stop_id":"91994"},"type":"Feature"},{"geometry":{"coordinates":[-81.028,34.09035],"type":"Point"},"properties":{"kind":"stop","name":"Crane Lincoln North","stop_id":"91995"},"type":"Feature"},{"geometry":{"coordinates":[-81.02968,34.09174],"type":"Point"},"properties":{"kind":"stop","name":"Crane Waterhill North","stop_id":"91996"},"type":"Feature"},{"geometry":{"coordinates":[-81.03143,34.09462],"type":"Point"},"properties":{"kind":"stop","name":"Crane 715 North","stop_id":"91997"},"type":"Feature"},{"geometry":{"coordinates":[-81.03425,34.09648],"type":"Point"},"properties":{"kind":"stop","name":"Saddletrail Bridle West","stop_id":"91998"},"type":"Feature"},{"geometry":{"coordinates":[-81.03572,34.0961],"type":"Point"},"properties":{"kind":"stop","name":"Saddletrail Saddlefield West","stop_id":"91999"},"type":"Feature"},{"geometry":{"coordinates":[-80.95302,33.99954],"type":"Point"},"properties":{"kind":"stop","name":"Anderson St at Jackson Blvd","stop_id":"92"},"type":"Feature"},{"geometry":{"coordinates":[-80.95329,34.02355],"type":"Point"},"properties":{"kind":"stop","name":"Forest Dr & Gregg St West","stop_id":"920"},"type":"Feature"},{"geometry":{"coordinates":[-81.03416,34.09508],"type":"Point"},"properties":{"kind":"stop","name":"Saddlefield Bridle North","stop_id":"92000"},"type":"Feature"},{"geometry":{"coordinates":[-81.03232,34.09379],"type":"Point"},"properties":{"kind":"stop","name":"Saddlefield 308 South","stop_id":"92001"},"type":"Feature"},{"geometry":{"coordinates":[-81.03141,34.09199],"type":"Point"},"properties":{"kind":"stop","name":"Saddlefield Payton South","stop_id":"92002"},"type":"Feature"},{"geometry":{"coordinates":[-81.02897,34.08968],"type":"Point"},"properties":{"kind":"stop","name":"Saddlefield Lincoln South","stop_id":"92003"},"type":"Feature"},{"geometry":{"coordinates":[-81.02406,34.08339],"type":"Point"},"properties":{"kind":"stop","name":"Fairfield Sharp South","stop_id":"92004"},"type":"Feature"},{"geometry":{"coordinates":[-81.02291,34.07787],"type":"Point"},"properties":{"kind":"stop","name":"Fairfield Jerome South","stop_id":"92005"},"type":"Feature"},{"geometry":{"coordinates":[-81.02288,34.07545],"type":"Point"},"properties":{"kind":"stop","name":"Fairfield Stanford South","stop_id":"92006"},"type":"Feature"},{"geometry":{"coordinates":[-81.02292,34.07185],"type":"Point"},"properties":{"kind":"stop","name":"Fairfield Midblock South","stop_id":"92007"},"type":"Feature"},{"geometry":{"coordinates":[-81.02286,34.06939],"type":"Point"},"properties":{"kind":"stop","name":"Fairfield Eisenhower South","stop_id":"92008"},"type":"Feature"},{"geometry":{"coordinates":[-81.02305,34.0637],"type":"Point"},"properties":{"kind":"stop","name":"Fairfield & Buckner South","stop_id":"92009"},"type":"Feature"},{"geometry":{"coordinates":[-81.02432,34.06081],"type":"Point"},"properties":{"kind":"stop","name":"Fairfield Alcott South","stop_id":"92010"},"type":"Feature"},{"geometry":{"coordinates":[-81.0259,34.05925],"type":"Point"},"properties":{"kind":"stop","name":"Fairfield Colleton South","stop_id":"92011"},"type":"Feature"},{"geometry":{"coordinates":[-81.02711,34.05714],"type":"Point"},"properties":{"kind":"stop","name":"Fairfield Rosedale South","stop_id":"92012"},"type":"Feature"},{"geometry":{"coordinates":[-81.02794,34.0547],"type":"Point"},"properties":{"kind":"stop","name":"Fairfield Amberly South","stop_id":"92013"},"type":"Feature"},{"geometry":{"coordinates":[-81.02935,34.05134],"type":"Point"},"properties":{"kind":"stop","name":"Fairfield Stebondale South","stop_id":"92014"},"type":"Feature"},{"geometry":{"coordinates":[-81.02776,34.04648],"type":"Point"},"properties":{"kind":"stop","name":"Clarendon Colonial South","stop_id":"92015"},"type":"Feature"},{"geometry":{"coordinates":[-81.03033,34.04389],"type":"Point"},"properties":{"kind":"stop","name":"Colonial Columbia South","stop_id":"92016"},"type":"Feature"},{"geometry":{"coordinates":[-81.03631,34.04023],"type":"Point"},"properties":{"kind":"stop","name":"Wentworth Lorick South","stop_id":"92017"},"type":"Feature"},{"geometry":{"coordinates":[-81.03466,34.03743],"type":"Point"},"properties":{"kind":"stop","name":"Lorick Lorick East","stop_id":"92018"},"type":"Feature"},{"geometry":{"coordinates":[-81.03202,34.03611],"type":"Point"},"properties":{"kind":"stop","name":"Lorick West East","stop_id":"92019"},"type":"Feature"},{"geometry":{"coordinates":[-81.03044,34.03601],"type":"Point"},"properties":{"kind":"stop","name":"Lorick Grand East","stop_id":"92020"},"type":"Feature"},{"geometry":{"coordinates":[-81.02926,34.03444],"type":"Point"},"properties":{"kind":"stop","name":"Colonial Willow South","stop_id":"92021"},"type":"Feature"},{"geometry":{"coordinates":[-81.02876,34.03288],"type":"Point"},"properties":{"kind":"stop","name":"Colonial High South","stop_id":"92022"},"type":"Feature"},{"geometry":{"coordinates":[-81.02841,34.03188],"type":"Point"},"properties":{"kind":"stop","name":"Colonial Liberty South","stop_id":"92023"},"type":"Feature"},{"geometry":{"coordinates":[-80.9438,34.02049],"type":"Point"},"properties":{"kind":"stop","name":"Fort Jackson Gate 2 East","stop_id":"92024"},"type":"Feature"},{"geometry":{"coordinates":[-80.93926,34.01766],"type":"Point"},"properties":{"kind":"stop","name":"FJ Point 1","stop_id":"92025"},"type":"Feature"},{"geometry":{"coordinates":[-80.95192,34.0044],"type":"Point"},"properties":{"kind":"stop","name":"Magruder Ave at Bragg St","stop_id":"92029"},"type":"Feature"},{"geometry":{"coordinates":[-80.95479,33.99674],"type":"Point"},"properties":{"kind":"stop","name":"FJ Point 2","stop_id":"92032"},"type":"Feature"},{"geometry":{"coordinates":[-80.93272,34.02736],"type":"Point"},"properties":{"kind":"stop","name":"FJ Point 5","stop_id":"92037"},"type":"Feature"},{"geometry":{"coordinates":[-80.93315,34.01349],"type":"Point"},"properties":{"kind":"stop","name":"Strom Thurmand St at Scales Ave","stop_id":"92039"},"type":"Feature"},{"geometry":{"coordinates":[-80.93608,34.01582],"type":"Point"},"properties":{"kind":"stop","name":"Strom Thurmand at Marion Ave","stop_id":"92040"},"type":"Feature"},{"geometry":{"coordinates":[-80.9385,34.01769],"type":"Point"},"properties":{"kind":"stop","name":"Strom Thurmond Blvd at Jackson Blvd South","stop_id":"92041"},"type":"Feature"},{"geometry":{"coordinates":[-80.94317,34.02069],"type":"Point"},"properties":{"kind":"stop","name":"Fort Jackson Gate 2 West","stop_id":"92042"},"type":"Feature"},{"geometry":{"coordinates":[-80.99848,34.07549],"type":"Point"},"properties":{"kind":"stop","name":"Wilson Plumbers North","stop_id":"92043"},"type":"Feature"},{"geometry":{"coordinates":[-80.9967,34.08029],"type":"Point"},"properties":{"kind":"stop","name":"Wilson Beckman North","stop_id":"92044"},"type":"Feature"},{"geometry":{"coordinates":[-80.98838,34.08342],"type":"Point"},"properties":{"kind":"stop","name":"Beckman 502 East","stop_id":"92045"},"type":"Feature"},{"geometry":{"coordinates":[-80.98328,34.08198],"type":"Point"},"properties":{"kind":"stop","name":"Beckman Jessamine East","stop_id":"92046"},"type":"Feature"},{"geometry":{"coordinates":[-80.98091,34.08124],"type":"Point"},"properties":{"kind":"stop","name":"Beckman Crepe East","stop_id":"92047"},"type":"Feature"},{"geometry":{"coordinates":[-80.9775,34.08011],"type":"Point"},"properties":{"kind":"stop","name":"Beckman Farrow East","stop_id":"92048"},"type":"Feature"},{"geometry":{"coordinates":[-80.97603,34.08228],"type":"Point"},"properties":{"kind":"stop","name":"Farrow Ander North","stop_id":"92049"},"type":"Feature"},{"geometry":{"coordinates":[-80.97426,34.08673],"type":"Point"},"properties":{"kind":"stop","name":"Farrow Hinton North","stop_id":"92050"},"type":"Feature"},{"geometry":{"coordinates":[-80.97328,34.08931],"type":"Point"},"properties":{"kind":"stop","name":"Farrow McPine North","stop_id":"92051"},"type":"Feature"},{"geometry":{"coordinates":[-80.9544,34.10458],"type":"Point"},"properties":{"kind":"stop","name":"Farrow Rabon North","stop_id":"92052"},"type":"Feature"},{"geometry":{"coordinates":[-80.95209,34.10649],"type":"Point"},"properties":{"kind":"stop","name":"Farrow 8910 Farrow North","stop_id":"92053"},"type":"Feature"},{"geometry":{"coordinates":[-80.94961,34.10858],"type":"Point"},"properties":{"kind":"stop","name":"Farrow 9020 Farrow North","stop_id":"92054"},"type":"Feature"},{"geometry":{"coordinates":[-80.9481,34.11099],"type":"Point"},"properties":{"kind":"stop","name":"Farrow 9031 North","stop_id":"92055"},"type":"Feature"},{"geometry":{"coordinates":[-80.94815,34.11464],"type":"Point"},"properties":{"kind":"stop","name":"Highland Farrow East","stop_id":"92056"},"type":"Feature"},{"geometry":{"coordinates":[-80.98079,34.08133],"type":"Point"},"properties":{"kind":"stop","name":"Beckman Crepe West","stop_id":"92064"},"type":"Feature"},{"geometry":{"coordinates":[-80.98284,34.08196],"type":"Point"},"properties":{"kind":"stop","name":"Beckman Jessamine West","stop_id":"92065"},"type":"Feature"},{"geometry":{"coordinates":[-80.98812,34.08343],"type":"Point"},"properties":{"kind":"stop","name":"Beckman 502 Beckman West","stop_id":"92066"},"type":"Feature"},{"geometry":{"coordinates":[-80.99706,34.07995],"type":"Point"},"properties":{"kind":"stop","name":"Wilson Meadowlake South","stop_id":"92067"},"type":"Feature"},{"geometry":{"coordinates":[-81.00169,34.07079],"type":"Point"},"properties":{"kind":"stop","name":"Main Wilkes South","stop_id":"92068"},"type":"Feature"},{"geometry":{"coordinates":[-81.00901,34.06214],"type":"Point"},"properties":{"kind":"stop","name":"Main Frye South","stop_id":"92069"},"type":"Feature"},{"geometry":{"coordinates":[-81.02559,34.0036],"type":"Point"},"properties":{"kind":"stop","name":"Gervais Henderson East","stop_id":"92070"},"type":"Feature"},{"geometry":{"coordinates":[-81.02399,34.0041],"type":"Point"},"properties":{"kind":"stop","name":"Gervais Barnwell East","stop_id":"92071"},"type":"Feature"},{"geometry":{"coordinates":[-81.0125,33.99866],"type":"Point"},"properties":{"kind":"stop","name":"Devine Heidt East","stop_id":"92072"},"type":"Feature"},{"geometry":{"coordinates":[-81.0108,33.99851],"type":"Point"},"properties":{"kind":"stop","name":"Devine Meadow East","stop_id":"92073"},"type":"Feature"},{"geometry":{"coordinates":[-81.00918,33.9984],"type":"Point"},"properties":{"kind":"stop","name":"Devine Queen East","stop_id":"92074"},"type":"Feature"},{"geometry":{"coordinates":[-81.00747,33.99828],"type":"Point"},"properties":{"kind":"stop","name":"Devine King East","stop_id":"92075"},"type":"Feature"},{"geometry":{"coordinates":[-81.00346,33.99796],"type":"Point"},"properties":{"kind":"stop","name":"Devine Maple East","stop_id":"92076"},"type":"Feature"},{"geometry":{"coordinates":[-81.0013,33.99787],"type":"Point"},"properties":{"kind":"stop","name":"Devine Holly East","stop_id":"92077"},"type":"Feature"},{"geometry":{"coordinates":[-80.99905,33.99775],"type":"Point"},"properties":{"kind":"stop","name":"Devine Sims East","stop_id":"92078"},"type":"Feature"},{"geometry":{"coordinates":[-80.99597,33.99754],"type":"Point"},"properties":{"kind":"stop","name":"Devine Amherst East","stop_id":"92079"},"type":"Feature"},{"geometry":{"coordinates":[-81.01513,34.01274],"type":"Point"},"properties":{"kind":"stop","name":"Forest Lyon East","stop_id":"92087"},"type":"Feature"},{"geometry":{"coordinates":[-81.01229,34.01312],"type":"Point"},"properties":{"kind":"stop","name":"Forest Garden East","stop_id":"92088"},"type":"Feature"},{"geometry":{"coordinates":[-81.00966,34.01354],"type":"Point"},"properties":{"kind":"stop","name":"Forest Manning East","stop_id":"92089"},"type":"Feature"},{"geometry":{"coordinates":[-81.00769,34.01388],"type":"Point"},"properties":{"kind":"stop","name":"Forest Pinehurst East","stop_id":"92090"},"type":"Feature"},{"geometry":{"coordinates":[-81.00522,34.01438],"type":"Point"},"properties":{"kind":"stop","name":"Forest Devonshire East","stop_id":"92091"},"type":"Feature"},{"geometry":{"coordinates":[-81.00252,34.01459],"type":"Point"},"properties":{"kind":"stop","name":"Forest Wellington East","stop_id":"92092"},"type":"Feature"},{"geometry":{"coordinates":[-81.00016,34.01475],"type":"Point"},"properties":{"kind":"stop","name":"Forest York East","stop_id":"92093"},"type":"Feature"},{"geometry":{"coordinates":[-80.99858,34.0152],"type":"Point"},"properties":{"kind":"stop","name":"Forest Glenwood East","stop_id":"92094"},"type":"Feature"},{"geometry":{"coordinates":[-80.99636,34.01638],"type":"Point"},"properties":{"kind":"stop","name":"Forest Bristol East","stop_id":"92095"},"type":"Feature"},{"geometry":{"coordinates":[-80.99439,34.01739],"type":"Point"},"properties":{"kind":"stop","name":"Forest Sunnyside East","stop_id":"92096"},"type":"Feature"},{"geometry":{"coordinates":[-80.99164,34.01836],"type":"Point"},"properties":{"kind":"stop","name":"Forest Troy East","stop_id":"92097"},"type":"Feature"},{"geometry":{"coordinates":[-80.98837,34.01928],"type":"Point"},"properties":{"kind":"stop","name":"Forest Valley East","stop_id":"92098"},"type":"Feature"},{"geometry":{"coordinates":[-80.98547,34.01992],"type":"Point"},"properties":{"kind":"stop","name":"Forest Landmark East","stop_id":"92099"},"type":"Feature"},{"geometry":{"coordinates":[-80.98289,34.02044],"type":"Point"},"properties":{"kind":"stop","name":"Forest Falcon East","stop_id":"92100"},"type":"Feature"},{"geometry":{"coordinates":[-80.97901,34.02085],"type":"Point"},"properties":{"kind":"stop","name":"Forest Greenhill East","stop_id":"92101"},"type":"Feature"},{"geometry":{"coordinates":[-80.97536,34.02093],"type":"Point"},"properties":{"kind":"stop","name":"Forest Clemson East","stop_id":"92102"},"type":"Feature"},{"geometry":{"coordinates":[-80.97265,34.02045],"type":"Point"},"properties":{"kind":"stop","name":"Forest Gamewell East","stop_id":"92103"},"type":"Feature"},{"geometry":{"coordinates":[-80.97008,34.01956],"type":"Point"},"properties":{"kind":"stop","name":"Forest Shopping Ctr East","stop_id":"92104"},"type":"Feature"},{"geometry":{"coordinates":[-80.96751,34.01865],"type":"Point"},"properties":{"kind":"stop","name":"Forest Trenholm East","stop_id":"92105"},"type":"Feature"},{"geometry":{"coordinates":[-80.96462,34.01844],"type":"Point"},"properties":{"kind":"stop","name":"Forest 4840 East","stop_id":"92106"},"type":"Feature"},{"geometry":{"coordinates":[-80.95973,34.02067],"type":"Point"},"properties":{"kind":"stop","name":"Forest Autumn East","stop_id":"92107"},"type":"Feature"},{"geometry":{"coordinates":[-80.95779,34.02183],"type":"Point"},"properties":{"kind":"stop","name":"Forest Shandon Baptist East","stop_id":"92108"},"type":"Feature"},{"geometry":{"coordinates":[-80.95765,34.02215],"type":"Point"},"properties":{"kind":"stop","name":"Forest Shandon Baptist West","stop_id":"92109"},"type":"Feature"},{"geometry":{"coordinates":[-80.96886,34.01934],"type":"Point"},"properties":{"kind":"stop","name":"Forest 4711 West","stop_id":"92112"},"type":"Feature"},{"geometry":{"coordinates":[-80.9735,34.02094],"type":"Point"},"properties":{"kind":"stop","name":"Forest Willingham West","stop_id":"92113"},"type":"Feature"},{"geometry":{"coordinates":[-80.97533,34.02118],"type":"Point"},"properties":{"kind":"stop","name":"Forest Laureate West","stop_id":"92114"},"type":"Feature"},{"geometry":{"coordinates":[-80.9776,34.02113],"type":"Point"},"properties":{"kind":"stop","name":"Forest Rutland West","stop_id":"92115"},"type":"Feature"},{"geometry":{"coordinates":[-80.97941,34.02107],"type":"Point"},"properties":{"kind":"stop","name":"Forest Cherry West","stop_id":"92116"},"type":"Feature"},{"geometry":{"coordinates":[-80.98868,34.01949],"type":"Point"},"properties":{"kind":"stop","name":"Forest Beltline West","stop_id":"92118"},"type":"Feature"},{"geometry":{"coordinates":[-80.9921,34.01854],"type":"Point"},"properties":{"kind":"stop","name":"Forest Troy West","stop_id":"92119"},"type":"Feature"},{"geometry":{"coordinates":[-80.99397,34.01787],"type":"Point"},"properties":{"kind":"stop","name":"Forest Harrison West","stop_id":"92120"},"type":"Feature"},{"geometry":{"coordinates":[-80.99612,34.01672],"type":"Point"},"properties":{"kind":"stop","name":"Forest Bristol West","stop_id":"92121"},"type":"Feature"},{"geometry":{"coordinates":[-80.99848,34.01548],"type":"Point"},"properties":{"kind":"stop","name":"Forest Glenwood West","stop_id":"92122"},"type":"Feature"},{"geometry":{"coordinates":[-81.00129,34.01483],"type":"Point"},"properties":{"kind":"stop","name":"Forest Julian West","stop_id":"92123"},"type":"Feature"},{"geometry":{"coordinates":[-81.00491,34.01461],"type":"Point"},"properties":{"kind":"stop","name":"Forest Devonshire West","stop_id":"92124"},"type":"Feature"},{"geometry":{"coordinates":[-81.00733,34.01422],"type":"Point"},"properties":{"kind":"stop","name":"Forest Pinehurst West","stop_id":"92125"},"type":"Feature"},{"geometry":{"coordinates":[-81.01033,34.01362],"type":"Point"},"properties":{"kind":"stop","name":"Forest Providence West","stop_id":"92126"},"type":"Feature"},{"geometry":{"coordinates":[-81.01573,34.01294],"type":"Point"},"properties":{"kind":"stop","name":"Forest Two Notch West","stop_id":"92127"},"type":"Feature"},{"geometry":{"coordinates":[-80.97912,33.9932],"type":"Point"},"properties":{"kind":"stop","name":"Beltline Devine North","stop_id":"92128"},"type":"Feature"},{"geometry":{"coordinates":[-80.97725,33.99694],"type":"Point"},"properties":{"kind":"stop","name":"Beltline Cross Hill North","stop_id":"92129"},"type":"Feature"},{"geometry":{"coordinates":[-80.97846,33.99925],"type":"Point"},"properties":{"kind":"stop","name":"Beltline Woodland North","stop_id":"92130"},"type":"Feature"},{"geometry":{"coordinates":[-80.97947,34.00293],"type":"Point"},"properties":{"kind":"stop","name":"Beltline Kilbourne North","stop_id":"92131"},"type":"Feature"},{"geometry":{"coordinates":[-80.97898,34.00523],"type":"Point"},"properties":{"kind":"stop","name":"Beltline Linwood North","stop_id":"92132"},"type":"Feature"},{"geometry":{"coordinates":[-80.97948,34.00813],"type":"Point"},"properties":{"kind":"stop","name":"Beltline Trenholm North","stop_id":"92133"},"type":"Feature"},{"geometry":{"coordinates":[-80.98165,34.01083],"type":"Point"},"properties":{"kind":"stop","name":"Beltline Parkman North","stop_id":"92134"},"type":"Feature"},{"geometry":{"coordinates":[-80.98407,34.0137],"type":"Point"},"properties":{"kind":"stop","name":"Beltline Falcon North","stop_id":"92135"},"type":"Feature"},{"geometry":{"coordinates":[-80.98821,34.01693],"type":"Point"},"properties":{"kind":"stop","name":"Beltline Richland Mall North","stop_id":"92136"},"type":"Feature"},{"geometry":{"coordinates":[-80.98981,34.02004],"type":"Point"},"properties":{"kind":"stop","name":"Beltline Forest North","stop_id":"92137"},"type":"Feature"},{"geometry":{"coordinates":[-80.99054,34.02215],"type":"Point"},"properties":{"kind":"stop","name":"Beltline Hanson North","stop_id":"92138"},"type":"Feature"},{"geometry":{"coordinates":[-80.99297,34.02606],"type":"Point"},"properties":{"kind":"stop","name":"Beltline Spann North","stop_id":"92139"},"type":"Feature"},{"geometry":{"coordinates":[-80.99645,34.02942],"type":"Point"},"properties":{"kind":"stop","name":"Beltline Covenant North","stop_id":"92140"},"type":"Feature"},{"geometry":{"coordinates":[-80.99773,34.03145],"type":"Point"},"properties":{"kind":"stop","name":"Beltline Bonner North","stop_id":"92141"},"type":"Feature"},{"geometry":{"coordinates":[-80.99932,34.03493],"type":"Point"},"properties":{"kind":"stop","name":"Beltline Paxton West","stop_id":"92142"},"type":"Feature"},{"geometry":{"coordinates":[-81.03665,34.02993],"type":"Point"},"properties":{"kind":"stop","name":"Sunset Medical West","stop_id":"92143"},"type":"Feature"},{"geometry":{"coordinates":[-81.04296,34.03021],"type":"Point"},"properties":{"kind":"stop","name":"Sunset Main West","stop_id":"92144"},"type":"Feature"},{"geometry":{"coordinates":[-81.04674,34.03074],"type":"Point"},"properties":{"kind":"stop","name":"Sunset Margrave West","stop_id":"92145"},"type":"Feature"},{"geometry":{"coordinates":[-81.05221,34.02914],"type":"Point"},"properties":{"kind":"stop","name":"Sunset Falling West","stop_id":"92146"},"type":"Feature"},{"geometry":{"coordinates":[-81.0556,34.02934],"type":"Point"},"properties":{"kind":"stop","name":"Sunset Drive & River Drive West","stop_id":"92147"},"type":"Feature"},{"geometry":{"coordinates":[-81.06212,34.02752],"type":"Point"},"properties":{"kind":"stop","name":"River Gibson West","stop_id":"92148"},"type":"Feature"},{"geometry":{"coordinates":[-81.07114,34.02579],"type":"Point"},"properties":{"kind":"stop","name":"Broad Riverhill West","stop_id":"92149"},"type":"Feature"},{"geometry":{"coordinates":[-81.07792,34.02496],"type":"Point"},"properties":{"kind":"stop","name":"Broad Greystone West","stop_id":"92150"},"type":"Feature"},{"geometry":{"coordinates":[-81.10407,34.03152],"type":"Point"},"properties":{"kind":"stop","name":"Burnette Fairhaven North","stop_id":"92151"},"type":"Feature"},{"geometry":{"coordinates":[-81.10917,34.0391],"type":"Point"},"properties":{"kind":"stop","name":"Browning Zimalcrest North","stop_id":"92152"},"type":"Feature"},{"geometry":{"coordinates":[-81.11221,34.0396],"type":"Point"},"properties":{"kind":"stop","name":"Burning Tree Center Pointe North","stop_id":"92153"},"type":"Feature"},{"geometry":{"coordinates":[-81.11488,34.042],"type":"Point"},"properties":{"kind":"stop","name":"Burning Tree 105 North","stop_id":"92154"},"type":"Feature"},{"geometry":{"coordinates":[-81.11529,34.0457],"type":"Point"},"properties":{"kind":"stop","name":"St Andrews Greenore East","stop_id":"92155"},"type":"Feature"},{"geometry":{"coordinates":[-81.10889,34.04919],"type":"Point"},"properties":{"kind":"stop","name":"St Andrews 1200 East","stop_id":"92156"},"type":"Feature"},{"geometry":{"coordinates":[-81.10586,34.04978],"type":"Point"},"properties":{"kind":"stop","name":"St Andrews Broad East","stop_id":"92157"},"type":"Feature"},{"geometry":{"coordinates":[-81.10342,34.0471],"type":"Point"},"properties":{"kind":"stop","name":"Zimalcrest & Broad River West","stop_id":"92158"},"type":"Feature"},{"geometry":{"coordinates":[-81.10571,34.04603],"type":"Point"},"properties":{"kind":"stop","name":"Zimalcrest Scaleybark West","stop_id":"92159"},"type":"Feature"},{"geometry":{"coordinates":[-81.10421,34.04331],"type":"Point"},"properties":{"kind":"stop","name":"Seminole Bent Tree East","stop_id":"92160"},"type":"Feature"},{"geometry":{"coordinates":[-81.09921,34.04349],"type":"Point"},"properties":{"kind":"stop","name":"Seminole Broad East","stop_id":"92161"},"type":"Feature"},{"geometry":{"coordinates":[-81.08907,34.03907],"type":"Point"},"properties":{"kind":"stop","name":"Longcreek 1300 East","stop_id":"92162"},"type":"Feature"},{"geometry":{"coordinates":[-81.08474,34.04015],"type":"Point"},"properties":{"kind":"stop","name":"Longcreek 1340 East","stop_id":"92163"},"type":"Feature"},{"geometry":{"coordinates":[-81.08322,34.04067],"type":"Point"},"properties":{"kind":"stop","name":"Longcreek Cambout West","stop_id":"92164"},"type":"Feature"},{"geometry":{"coordinates":[-81.085,34.04056],"type":"Point"},"properties":{"kind":"stop","name":"Longcreek Jamestown West","stop_id":"92165"},"type":"Feature"},{"geometry":{"coordinates":[-81.09075,34.03739],"type":"Point"},"properties":{"kind":"stop","name":"Longcreek Broad West","stop_id":"92166"},"type":"Feature"},{"geometry":{"coordinates":[-81.07142,34.02547],"type":"Point"},"properties":{"kind":"stop","name":"Broad Riverhill East","stop_id":"92167"},"type":"Feature"},{"geometry":{"coordinates":[-81.06174,34.02753],"type":"Point"},"properties":{"kind":"stop","name":"River Lucius East","stop_id":"92168"},"type":"Feature"},{"geometry":{"coordinates":[-81.05452,34.02894],"type":"Point"},"properties":{"kind":"stop","name":"Sunset River East","stop_id":"92169"},"type":"Feature"},{"geometry":{"coordinates":[-81.04194,34.02995],"type":"Point"},"properties":{"kind":"stop","name":"Sunset Main East","stop_id":"92170"},"type":"Feature"},{"geometry":{"coordinates":[-81.03663,34.02972],"type":"Point"},"properties":{"kind":"stop","name":"Sunset Medical East","stop_id":"92171"},"type":"Feature"},{"geometry":{"coordinates":[-80.99931,34.0346],"type":"Point"},"properties":{"kind":"stop","name":"Beltline Paxton East","stop_id":"92172"},"type":"Feature"},{"geometry":{"coordinates":[-80.998,34.03147],"type":"Point"},"properties":{"kind":"stop","name":"Beltline Bonner South","stop_id":"92173"},"type":"Feature"},{"geometry":{"coordinates":[-80.99682,34.02955],"type":"Point"},"properties":{"kind":"stop","name":"Beltline Covenant South","stop_id":"92174"},"type":"Feature"},{"geometry":{"coordinates":[-80.9933,34.02607],"type":"Point"},"properties":{"kind":"stop","name":"Beltline Oakview","stop_id":"92175"},"type":"Feature"},{"geometry":{"coordinates":[-80.991,34.02247],"type":"Point"},"properties":{"kind":"stop","name":"Beltline Hanson South","stop_id":"92176"},"type":"Feature"},{"geometry":{"coordinates":[-80.99006,34.01997],"type":"Point"},"properties":{"kind":"stop","name":"Beltline Forest South","stop_id":"92177"},"type":"Feature"},{"geometry":{"coordinates":[-80.98865,34.01704],"type":"Point"},"properties":{"kind":"stop","name":"Beltline Richland Mall South","stop_id":"92178"},"type":"Feature"},{"geometry":{"coordinates":[-80.98455,34.01372],"type":"Point"},"properties":{"kind":"stop","name":"Beltline Falcon South","stop_id":"92179"},"type":"Feature"},{"geometry":{"coordinates":[-80.98206,34.01097],"type":"Point"},"properties":{"kind":"stop","name":"Beltline Parkman South","stop_id":"92180"},"type":"Feature"},{"geometry":{"coordinates":[-80.98004,34.00844],"type":"Point"},"properties":{"kind":"stop","name":"Beltline Trenholm South","stop_id":"92181"},"type":"Feature"},{"geometry":{"coordinates":[-80.97919,34.00528],"type":"Point"},"properties":{"kind":"stop","name":"Beltline Linwood South","stop_id":"92182"},"type":"Feature"},{"geometry":{"coordinates":[-80.97976,34.00284],"type":"Point"},"properties":{"kind":"stop","name":"Beltline Kilbourne South","stop_id":"92183"},"type":"Feature"},{"geometry":{"coordinates":[-80.97882,33.99933],"type":"Point"},"properties":{"kind":"stop","name":"Beltline Woodland South","stop_id":"92184"},"type":"Feature"},{"geometry":{"coordinates":[-81.03131,33.99184],"type":"Point"},"properties":{"kind":"stop","name":"Assembly Blossom South","stop_id":"92186"},"type":"Feature"},{"geometry":{"coordinates":[-81.03056,33.99061],"type":"Point"},"properties":{"kind":"stop","name":"Assembly RR Tracks South","stop_id":"92187"},"type":"Feature"},{"geometry":{"coordinates":[-81.02947,33.98735],"type":"Point"},"properties":{"kind":"stop","name":"Assembly Whaley South","stop_id":"92188"},"type":"Feature"},{"geometry":{"coordinates":[-81.02838,33.98492],"type":"Point"},"properties":{"kind":"stop","name":"Assembly Flora South","stop_id":"92189"},"type":"Feature"},{"geometry":{"coordinates":[-81.0253,33.98257],"type":"Point"},"properties":{"kind":"stop","name":"Assembly Ferguson South","stop_id":"92190"},"type":"Feature"},{"geometry":{"coordinates":[-81.02464,33.97724],"type":"Point"},"properties":{"kind":"stop","name":"Rosewood & Olympia West","stop_id":"92191"},"type":"Feature"},{"geometry":{"coordinates":[-81.02285,33.97404],"type":"Point"},"properties":{"kind":"stop","name":"Bluff Hemlock South","stop_id":"92192"},"type":"Feature"},{"geometry":{"coordinates":[-81.02005,33.97391],"type":"Point"},"properties":{"kind":"stop","name":"George Rogers & William Brice Stadium East","stop_id":"92193"},"type":"Feature"},{"geometry":{"coordinates":[-81.01589,33.97696],"type":"Point"},"properties":{"kind":"stop","name":"Shop 1047 East","stop_id":"92194"},"type":"Feature"},{"geometry":{"coordinates":[-81.01169,33.97362],"type":"Point"},"properties":{"kind":"stop","name":"Shop 1402 East","stop_id":"92195"},"type":"Feature"},{"geometry":{"coordinates":[-81.00693,33.97054],"type":"Point"},"properties":{"kind":"stop","name":"Shop Idlewild East","stop_id":"92196"},"type":"Feature"},{"geometry":{"coordinates":[-81.00484,33.96944],"type":"Point"},"properties":{"kind":"stop","name":"Shop Barlow East","stop_id":"92197"},"type":"Feature"},{"geometry":{"coordinates":[-81.00276,33.96834],"type":"Point"},"properties":{"kind":"stop","name":"Shop Eastway East","stop_id":"92198"},"type":"Feature"},{"geometry":{"coordinates":[-81.001,33.96744],"type":"Point"},"properties":{"kind":"stop","name":"Shop Walcott East","stop_id":"92199"},"type":"Feature"},{"geometry":{"coordinates":[-80.99667,33.96519],"type":"Point"},"properties":{"kind":"stop","name":"Shop Blair East","stop_id":"92200"},"type":"Feature"},{"geometry":{"coordinates":[-80.99072,33.96231],"type":"Point"},"properties":{"kind":"stop","name":"Shop Midblock East","stop_id":"92201"},"type":"Feature"},{"geometry":{"coordinates":[-80.98645,33.96003],"type":"Point"},"properties":{"kind":"stop","name":"Shop Railroad East","stop_id":"92202"},"type":"Feature"},{"geometry":{"coordinates":[-80.98528,33.95801],"type":"Point"},"properties":{"kind":"stop","name":"Beltline Shop South","stop_id":"92203"},"type":"Feature"},{"geometry":{"coordinates":[-80.98771,33.95601],"type":"Point"},"properties":{"kind":"stop","name":"Beltline 3938 South","stop_id":"92204"},"type":"Feature"},{"geometry":{"coordinates":[-80.99088,33.954],"type":"Point"},"properties":{"kind":"stop","name":"Beltline Bluff South","stop_id":"92205"},"type":"Feature"},{"geometry":{"coordinates":[-80.98727,33.94511],"type":"Point"},"properties":{"kind":"stop","name":"Bluff A East","stop_id":"92206"},"type":"Feature"},{"geometry":{"coordinates":[-80.98026,33.93808],"type":"Point"},"properties":{"kind":"stop","name":"Bluff Atlas East","stop_id":"92207"},"type":"Feature"},{"geometry":{"coordinates":[-80.97607,33.93557],"type":"Point"},"properties":{"kind":"stop","name":"Bluff Palmland South","stop_id":"92208"},"type":"Feature"},{"geometry":{"coordinates":[-80.97377,33.93483],"type":"Point"},"properties":{"kind":"stop","name":"Bluff Flamingo South","stop_id":"92209"},"type":"Feature"},{"geometry":{"coordinates":[-80.96974,33.93254],"type":"Point"},"properties":{"kind":"stop","name":"Dell Bluff North","stop_id":"92210"},"type":"Feature"},{"geometry":{"coordinates":[-80.96187,33.92639],"type":"Point"},"properties":{"kind":"stop","name":"Bluff & Carswell North","stop_id":"92211"},"type":"Feature"},{"geometry":{"coordinates":[-80.96373,33.92794],"type":"Point"},"properties":{"kind":"stop","name":"Bluff Pineview North","stop_id":"92212"},"type":"Feature"},{"geometry":{"coordinates":[-80.97345,33.93492],"type":"Point"},"properties":{"kind":"stop","name":"Bluff Flamingo North","stop_id":"92213"},"type":"Feature"},{"geometry":{"coordinates":[-80.97977,33.93807],"type":"Point"},"properties":{"kind":"stop","name":"Bluff Atlas West","stop_id":"92214"},"type":"Feature"},{"geometry":{"coordinates":[-80.98545,33.95955],"type":"Point"},"properties":{"kind":"stop","name":"Shop Midblock West","stop_id":"92215"},"type":"Feature"},{"geometry":{"coordinates":[-80.99069,33.96246],"type":"Point"},"properties":{"kind":"stop","name":"Shop 2220 West","stop_id":"92216"},"type":"Feature"},{"geometry":{"coordinates":[-80.99484,33.96444],"type":"Point"},"properties":{"kind":"stop","name":"Shop Andrews West","stop_id":"92217"},"type":"Feature"},{"geometry":{"coordinates":[-81.00074,33.96746],"type":"Point"},"properties":{"kind":"stop","name":"Shop Walcott West","stop_id":"92218"},"type":"Feature"},{"geometry":{"coordinates":[-81.00219,33.96825],"type":"Point"},"properties":{"kind":"stop","name":"Shop DMV West","stop_id":"92219"},"type":"Feature"},{"geometry":{"coordinates":[-81.0045,33.96945],"type":"Point"},"properties":{"kind":"stop","name":"Shop Barlow West","stop_id":"92220"},"type":"Feature"},{"geometry":{"coordinates":[-81.00795,33.97122],"type":"Point"},"properties":{"kind":"stop","name":"Shop Northway North","stop_id":"92221"},"type":"Feature"},{"geometry":{"coordinates":[-81.01116,33.97341],"type":"Point"},"properties":{"kind":"stop","name":"Shop 1150 North","stop_id":"92222"},"type":"Feature"},{"geometry":{"coordinates":[-81.01494,33.97645],"type":"Point"},"properties":{"kind":"stop","name":"Shop Railroad North","stop_id":"92223"},"type":"Feature"},{"geometry":{"coordinates":[-81.02242,33.97395],"type":"Point"},"properties":{"kind":"stop","name":"Bluff Hemlock North","stop_id":"92224"},"type":"Feature"},{"geometry":{"coordinates":[-81.02494,33.98265],"type":"Point"},"properties":{"kind":"stop","name":"Assembly Virginia North","stop_id":"92225"},"type":"Feature"},{"geometry":{"coordinates":[-81.02802,33.98476],"type":"Point"},"properties":{"kind":"stop","name":"Assembly Flora North","stop_id":"92226"},"type":"Feature"},{"geometry":{"coordinates":[-81.02935,33.98783],"type":"Point"},"properties":{"kind":"stop","name":"Assembly Whaley North","stop_id":"92227"},"type":"Feature"},{"geometry":{"coordinates":[-81.03022,33.98979],"type":"Point"},"properties":{"kind":"stop","name":"Assembly Railroad North","stop_id":"92228"},"type":"Feature"},{"geometry":{"coordinates":[-80.9302,33.93989],"type":"Point"},"properties":{"kind":"stop","name":"McIntire Produce","stop_id":"92229"},"type":"Feature"},{"geometry":{"coordinates":[-81.01786,33.99986],"type":"Point"},"properties":{"kind":"stop","name":"Greene Laurens East","stop_id":"92230"},"type":"Feature"},{"geometry":{"coordinates":[-81.00591,33.98693],"type":"Point"},"properties":{"kind":"stop","name":"Rosewood Howard East","stop_id":"92234"},"type":"Feature"},{"geometry":{"coordinates":[-81.00207,33.98789],"type":"Point"},"properties":{"kind":"stop","name":"Rosewood Holly East","stop_id":"92235"},"type":"Feature"},{"geometry":{"coordinates":[-80.99147,33.98779],"type":"Point"},"properties":{"kind":"stop","name":"Rosewood Bonham East","stop_id":"92238"},"type":"Feature"},{"geometry":{"coordinates":[-80.98887,33.98769],"type":"Point"},"properties":{"kind":"stop","name":"Rosewood Kilbourne East","stop_id":"92239"},"type":"Feature"},{"geometry":{"coordinates":[-80.97303,33.97936],"type":"Point"},"properties":{"kind":"stop","name":"Pelham 501 West","stop_id":"92241"},"type":"Feature"},{"geometry":{"coordinates":[-80.97587,33.98164],"type":"Point"},"properties":{"kind":"stop","name":"Gills Creek 500 North","stop_id":"92242"},"type":"Feature"},{"geometry":{"coordinates":[-80.97563,33.98715],"type":"Point"},"properties":{"kind":"stop","name":"Gills Rosewood North","stop_id":"92243"},"type":"Feature"},{"geometry":{"coordinates":[-80.98349,33.98776],"type":"Point"},"properties":{"kind":"stop","name":"Rosewood & South Beltline","stop_id":"92244"},"type":"Feature"},{"geometry":{"coordinates":[-80.98838,33.98788],"type":"Point"},"properties":{"kind":"stop","name":"Rosewood Kilbourne West","stop_id":"92245"},"type":"Feature"},{"geometry":{"coordinates":[-80.99455,33.98794],"type":"Point"},"properties":{"kind":"stop","name":"Rosewood Ott West","stop_id":"92246"},"type":"Feature"},{"geometry":{"coordinates":[-80.99736,33.98817],"type":"Point"},"properties":{"kind":"stop","name":"Rosewood Walker West","stop_id":"92247"},"type":"Feature"},{"geometry":{"coordinates":[-81.00187,33.98816],"type":"Point"},"properties":{"kind":"stop","name":"Rosewood Holly West","stop_id":"92248"},"type":"Feature"},{"geometry":{"coordinates":[-81.00415,33.98759],"type":"Point"},"properties":{"kind":"stop","name":"Rosewood Maple West","stop_id":"92249"},"type":"Feature"},{"geometry":{"coordinates":[-81.01441,33.99581],"type":"Point"},"properties":{"kind":"stop","name":"Harden Wheat North","stop_id":"92254"},"type":"Feature"},{"geometry":{"coordinates":[-81.02099,34.00207],"type":"Point"},"properties":{"kind":"stop","name":"Pendleton Gregg West","stop_id":"92257"},"type":"Feature"},{"geometry":{"coordinates":[-81.02252,34.00157],"type":"Point"},"properties":{"kind":"stop","name":"Pendleton Barnwell West","stop_id":"92258"},"type":"Feature"},{"geometry":{"coordinates":[-81.02577,34.00057],"type":"Point"},"properties":{"kind":"stop","name":"Pendleton Pickens West","stop_id":"92259"},"type":"Feature"},{"geometry":{"coordinates":[-81.02739,34.00008],"type":"Point"},"properties":{"kind":"stop","name":"Pendleton Bull West","stop_id":"92260"},"type":"Feature"},{"geometry":{"coordinates":[-81.03025,33.99913],"type":"Point"},"properties":{"kind":"stop","name":"Pendleton & Sumter West","stop_id":"92261"},"type":"Feature"},{"geometry":{"coordinates":[-80.94824,34.0107],"type":"Point"},"properties":{"kind":"stop","name":"Magruder Ave at Early St","stop_id":"93"},"type":"Feature"},{"geometry":{"coordinates":[-80.98238,33.98742],"type":"Point"},"properties":{"kind":"stop","name":"Rosewood Beltline East","stop_id":"935"},"type":"Feature"},{"geometry":{"coordinates":[-80.87254,33.94528],"type":"Point"},"properties":{"kind":"stop","name":"Garners Ferry & Lower Richland","stop_id":"938"},"type":"Feature"},{"geometry":{"coordinates":[-80.93291,34.059],"type":"Point"},"properties":{"kind":"stop","name":"Nearview Brookfield North","stop_id":"94"},"type":"Feature"},{"geometry":{"coordinates":[-81.02004,34.01798],"type":"Point"},"properties":{"kind":"stop","name":"Elmwood Henry East","stop_id":"941"},"type":"Feature"},{"geometry":{"coordinates":[-81.02287,34.00132],"type":"Point"},"properties":{"kind":"stop","name":"Pendleton Barnwell East","stop_id":"95"},"type":"Feature"},{"geometry":{"coordinates":[-81.07685,33.97203],"type":"Point"},"properties":{"kind":"stop","name":"Charleston Hwy Across From Walmart","stop_id":"95123"},"type":"Feature"},{"geometry":{"coordinates":[-80.97232,34.05684],"type":"Point"},"properties":{"kind":"stop","name":"Two Notch Rd & Risley West","stop_id":"95167"},"type":"Feature"},{"geometry":{"coordinates":[-81.00784,34.03017],"type":"Point"},"properties":{"kind":"stop","name":"Two Notch Road @ Crescent Hill","stop_id":"95180"},"type":"Feature"},{"geometry":{"coordinates":[-81.01968,34.03384],"type":"Point"},"properties":{"kind":"stop","name":"Bailey & Beltline Blvd South","stop_id":"95196"},"type":"Feature"},{"geometry":{"coordinates":[-81.10801,34.00327],"type":"Point"},"properties":{"kind":"stop","name":"Sunset Drive & Chris Drive","stop_id":"95309"},"type":"Feature"},{"geometry":{"coordinates":[-81.11399,34.00444],"type":"Point"},"properties":{"kind":"stop","name":"Sunset @ Lexington Medical Center","stop_id":"95367"},"type":"Feature"},{"geometry":{"coordinates":[-81.15025,34.07069],"type":"Point"},"properties":{"kind":"stop","name":"Bower Parkway @ Sams Club","stop_id":"95737"},"type":"Feature"},{"geometry":{"coordinates":[-81.02073,34.01665],"type":"Point"},"properties":{"kind":"stop","name":"Read Oak East","stop_id":"959"},"type":"Feature"},{"geometry":{"coordinates":[-80.9583,34.07633],"type":"Point"},"properties":{"kind":"stop","name":"Parkland Rd & Springtree South","stop_id":"95904"},"type":"Feature"},{"geometry":{"coordinates":[-81.04278,34.01314],"type":"Point"},"properties":{"kind":"stop","name":"Park St & Elmwood Ave North","stop_id":"96052"},"type":"Feature"},{"geometry":{"coordinates":[-80.64814,33.94312],"type":"Point"},"properties":{"kind":"stop","name":"Vanboklen & Garners Ferry South","stop_id":"96176"},"type":"Feature"},{"geometry":{"coordinates":[-80.89855,34.15851],"type":"Point"},"properties":{"kind":"stop","name":"Summit May East","stop_id":"991"},"type":"Feature"},{"geometry":{"coordinates":[-80.97343,33.94264],"type":"Point"},"properties":{"kind":"stop","name":"Atlas at New Haven Apartments","stop_id":"99231"},"type":"Feature"},{"geometry":{"coordinates":[-80.90539,34.15731],"type":"Point"},"properties":{"kind":"stop","name":"Summit Summit Spring East","stop_id":"993"},"type":"Feature"},{"geometry":{"coordinates":[-81.03606,33.89642],"type":"Point"},"properties":{"kind":"stop","name":"12th St and Old Wire Rd Inbound","stop_id":"99306"},"type":"Feature"},{"geometry":{"coordinates":[-81.03598,33.89534],"type":"Point"},"properties":{"kind":"stop","name":"12th St and Old Wire Rd Outbound","stop_id":"99534"},"type":"Feature"},{"geometry":{"coordinates":[-80.91017,34.15872],"type":"Point"},"properties":{"kind":"stop","name":"Hardscrabble Summit North","stop_id":"996"},"type":"Feature"},{"geometry":{"coordinates":[-80.91136,34.15336],"type":"Point"},"properties":{"kind":"stop","name":"Hardscrabble Palmetto North","stop_id":"997"},"type":"Feature"},{"geometry":{"coordinates":[-81.00567,34.06754],"type":"Point"},"properties":{"kind":"stop","name":"North Main @ Garden Lakes Apt.","stop_id":"99849"},"type":"Feature"},{"geometry":{"coordinates":[-81.00559,34.06752],"type":"Point"},"properties":{"kind":"stop","name":"North Main across Garden Lake Apts.","stop_id":"99882"},"type":"Feature"},{"geometry":{"coordinates":[-80.91128,34.14931],"type":"Point"},"properties":{"kind":"stop","name":"Hardscrabble Elders North","stop_id":"999"},"type":"Feature"}],"type":"FeatureCollection"}
