ntd_id,agency_name,doing_business_as,state,reporter_type,organization_type,agency_url,match_tier,match_evidence
00001,King County,King County Metro,WA,Full Reporter,"City, County or Local Government Unit or Department of Transportation",http://metro.kingcounty.gov/,registry_name_exact,registry:king-county-metro
00002,Spokane Transit Authority,,WA,Full Reporter,Independent Public Agency or Authority of Transit Service,http://www.spokanetransit.com/,registry_name_exact,registry:spokane-transit-authority-sta
00003,Pierce County Transportation Benefit Area Authority,Pierce Transit,WA,Full Reporter,Independent Public Agency or Authority of Transit Service,http://www.piercetransit.org/,registry_name_exact,registry:pierce-transit
00004,Confederated Tribes of the Colville Indian Reservation,,WA,Reduced Reporter,Tribe,https://www.colvilletribes.com/transit-inchelium-ferry,registry_name_fuzzy,registry:colville-confederated-tribes-transit (jaccard 0.60)
00005,City of Everett,Everett Transit,WA,Full Reporter,"City, County or Local Government Unit or Department of Transportation",http://www.everetttransit.org/,registry_name_exact,"registry:everett-transit,everett-transit-3038"
00006,City of Yakima,Yakima Transit,WA,Full Reporter,"City, County or Local Government Unit or Department of Transportation",http://www.yakimatransit.org/,registry_name_exact,registry:yakima-transit
00007,Lane Transit District,,OR,Full Reporter,Independent Public Agency or Authority of Transit Service,http://www.ltd.org/,registry_ntd_id,registry:lane-transit-district-ltd
00008,Tri-County Metropolitan Transportation District of Oregon,TriMet,OR,Full Reporter,Independent Public Agency or Authority of Transit Service,http://www.trimet.org/,registry_domain,registry:trimet-portland-streetcar
00010,Klamath Tribes,Quail Trail,OR,Reduced Reporter,Tribe,https://klamathtribes.org/planning-and-enterprise-department/,registry_name_exact,registry:quail-trail-public-transit
00012,Municipality of Anchorage,,AK,Full Reporter,"City, County or Local Government Unit or Department of Transportation",https://www.muni.org/Departments/transit,registry_domain,registry:anchorage-people-mover
00014,Sitka Tribe of Alaska,,AK,Reduced Reporter,Tribe,https://sitkatribe.org/our-services/transportation/,weak_shared_token,registry:ride-sitka
00016,City of Longview,RiverCities Transit,WA,Full Reporter,"City, County or Local Government Unit or Department of Transportation",http://www.rctransit.org/,registry_name_exact,registry:rivercities-transit-rct
00018,Ben Franklin Transit,,WA,Full Reporter,Independent Public Agency or Authority of Transit Service,http://www.bft.org/,registry_name_exact,"registry:ben-franklin-transit,ben-franklin-transit-2024,ben-franklin-transit-2122"
00019,Intercity Transit,,WA,Full Reporter,Independent Public Agency or Authority of Transit Service,http://www.intercitytransit.com/,registry_name_exact,"registry:intercity-transit,intercity-transit-2289"
00020,Kitsap County Public Transportation Benefit Area Authority,Kitsap Transit,WA,Full Reporter,Independent Public Agency or Authority of Transit Service,http://www.kitsaptransit.com/,registry_name_exact,registry:kitsap-transit
00021,Whatcom Transportation Authority,,WA,Full Reporter,Independent Public Agency or Authority of Transit Service,http://www.ridewta.com/,registry_name_exact,registry:whatcom-transportation-authority
00022,City of Pocatello,Pocatello Regional Transit,ID,Reduced Reporter,"City, County or Local Government Unit or Department of Transportation",http://www.pocatellotransit.com/,registry_name_exact,registry:pocatello-regional-transit
00023,City of Seattle,Seattle Center Monorail,WA,Full Reporter,"City, County or Local Government Unit or Department of Transportation",http://www.seattlemonorail.com/,weak_shared_token,"registry:seattle-children-s-hospital-shuttle,sound-transit-metro-transit-city-of-seattle-king-county-metro"
00024,Clark County Public Transportation Benefit Area Authority,C-TRAN,WA,Full Reporter,Independent Public Agency or Authority of Transit Service,http://www.c-tran.com/,registry_name_exact,registry:c-tran
00025,Salem Area Mass Transit District,Salem-Keizer Transit or Cherriots,OR,Full Reporter,Independent Public Agency or Authority of Transit Service,http://www.cherriots.org/,registry_domain,registry:cherriots
00028,County of Pierce,Pierce County Ferry,WA,Full Reporter,"City, County or Local Government Unit or Department of Transportation",http://www.co.pierce.wa.us/,registry_name_exact,registry:pierce-transit
00029,Snohomish County Public Transportation Benefit Area Corporation,Community Transit,WA,Full Reporter,Independent Public Agency or Authority of Transit Service,https://www.communitytransit.org/,registry_name_exact,registry:community-transit-ct
00031,Shoshone-Bannock Tribes,,ID,Reduced Reporter,Tribe,https://www.shobandot.com/transit,no_candidate,
00033,Senior Services of Snohomish County,Homage Senior Services,WA,Reduced Reporter,Private-Non-Profit Corporation,http://www.homage.org/transportation/,weak_shared_token,registry:homage-d-arling-direct
00034,Rogue Valley Transportation District,,OR,Full Reporter,Independent Public Agency or Authority of Transit Service,http://www.rvtd.org/,registry_name_exact,"registry:rogue-valley-transportation-district-rvtd,rogue-valley-transportation-district-rvtd-3103,rogue-valley-transportation-district-rvtd-3219"
00035,Washington State Ferries,,WA,Full Reporter,State Government Unit or Department of Transportation,http://www.wsdot.wa.gov/ferries/,registry_name_exact,"registry:washington-state-ferries,washington-state-ferries-1331"
00036,Makah Tribal Council,,WA,Reduced Reporter,Tribe,http://www.makah.com/,weak_shared_token,"registry:kalispel-tribal-transit-kaltran,makah-public-transit,makah-public-transit-2196,muckleshoot-tribal-transit"
00040,Central Puget Sound Regional Transit Authority,Sound Transit,WA,Full Reporter,Independent Public Agency or Authority of Transit Service,http://www.soundtransit.org/,registry_name_exact,registry:sound-transit
00041,Alaska Railroad Corporation,,AK,Full Reporter,State Government Unit or Department of Transportation,http://www.alaskarailroad.com,no_candidate,
00043,Chelan Douglas PTBA,Link Transit,WA,Full Reporter,Independent Public Agency or Authority of Transit Service,http://www.linktransit.com/,registry_name_exact,registry:link-transit
00044,Skagit Transit,,WA,Full Reporter,Independent Public Agency or Authority of Transit Service,https://www.skagittransit.org/,no_candidate,
00045,Fairbanks North Star Borough,Metropolitan Area Commuter System,AK,Reduced Reporter,"City, County or Local Government Unit or Department of Transportation",http://www.fnsb.gov/transportation,registry_name_exact,registry:metropolitan-area-commuter-system
00046,City of Wilsonville,South Metro Area Regional Transit,OR,Full Reporter,"City, County or Local Government Unit or Department of Transportation",http://www.ridesmart.com/,registry_name_exact,"registry:south-metro-area-regional-transit-smart,south-metro-area-regional-transit-smart-2706"
00047,City of Corvallis,Corvallis Transit System,OR,Reduced Reporter,"City, County or Local Government Unit or Department of Transportation",http://www.corvallisoregon.gov/cts,registry_name_exact,"registry:city-of-corvallis,city-of-corvallis-2283"
00048,City of Lewiston,Lewiston Transit System,ID,Reduced Reporter,"City, County or Local Government Unit or Department of Transportation",http://www.ridethevalley.org,no_candidate,
00051,Asotin County Public Transportation Benefit Area,,WA,Reduced Reporter,Independent Public Agency or Authority of Transit Service,http://www.asotincoptba.com,weak_shared_token,"registry:c-tran,lewiston-transit-system-and-asotin-county-public-transportation-benefit-area-ptba"
00053,Coeur d'Alene Tribe,Citylink Transit,ID,Reduced Reporter,Tribe,https://www.kcgov.us/490/Citylink-South-Routes,no_candidate,
00057,Central Oregon Intergovernmental Council,Cascades East Transit,OR,Full Reporter,"MPO, COG or Other Planning Agency",https://www.coic.org/transportation/cascade-east-transit/,registry_name_exact,registry:cascades-east-transit-cet
00058,City of Portland,Portland Streetcar,OR,Full Reporter,"City, County or Local Government Unit or Department of Transportation",https://www.portland.gov/transportation,registry_name_fuzzy,registry:trimet-portland-streetcar (jaccard 0.67)
00059,Josephine County,Josephine Community Transit,OR,Reduced Reporter,"City, County or Local Government Unit or Department of Transportation",https://www.josephinecounty.gov/departments/transit/index.php,registry_name_exact,registry:josephine-county-transit-jct
00061,City of Albany,"Albany Transit System, Linn-Benton Loop",OR,Reduced Reporter,"City, County or Local Government Unit or Department of Transportation","albanytransit.com,taketheloop.com",registry_name_fuzzy,registry:linx-transit-linn-benton-loop-albany-transit-system (jaccard 0.80)
00063,City of Milton-Freewater,,OR,Rural Reporter,"City, County or Local Government Unit or Department of Transportation",http://www.mfcity.com/,registry_name_exact,"registry:city-of-milton-freewater-public-transportation,city-of-milton-freewater-public-transportation-2189"
00064,Valley Transit,,WA,Reduced Reporter,Independent Public Agency or Authority of Transit Service,http://www.valleytransit.com/,weak_shared_token,registry:snoqualmie-valley-transportation
00065,Benton County,Benton Area Transit,OR,Reduced Reporter,"City, County or Local Government Unit or Department of Transportation",www.RidetheBAT.com,registry_name_exact,registry:benton-area-transportation
00085,Gulkana Village Council,Soaring Eagle Transit,AK,Reduced Reporter,Tribe,http://www.soaringeagletransit.com,no_candidate,
00095,Lummi Nation,Lummi Transit,WA,Reduced Reporter,Tribe,https://www.lummi-nsn.gov/Website.php?PageID=459,registry_name_exact,registry:lummi-transit
00103,Squaxin Island Tribe,Squaxin Island Transit,WA,Reduced Reporter,Tribe,http://squaxinisland.org/government/departments/community-development/squaxin-island-transit/,registry_name_exact,"registry:squaxin-island-transit,squaxin-island-transit-2197"
00111,Confederated Tribes and Bands of The Yakama Nation,Pahto Public Passage,WA,Reduced Reporter,Tribe,http://www.pahtotransit.com,registry_name_exact,registry:pahto-public-passage
00119,Confederated Tribes of the Umatilla Indian Reservation,Kayak Public Transit,OR,Reduced Reporter,Tribe,https://ctuir.org/tribal-services/planning/kayak-public-transit,registry_name_exact,registry:kayak-transit-ctuir
00135,Nez Perce Tribe,Appaloosa Express,ID,Reduced Reporter,Tribe,https://www.nezperce.org/bus/,no_candidate,
00199,Seldovia Village Tribe,Seldovia Bay Ferry,AK,Reduced Reporter,Tribe,http://seldoviabayferry.com,weak_shared_token,registry:inter-island-ferry
00207,Spokane Tribe of Indians,The Moccasin Express,WA,Reduced Reporter,Tribe,https://www.spokanetribe.com/resources/dnr/transit-services/,registry_name_exact,registry:the-moccasin-express
00285,Thurston Regional Planning Council,ruralTRANSIT,WA,Rural Reporter,"MPO, COG or Other Planning Agency",https://www.trpc.org/325/Rural-Transit,registry_name_exact,registry:ruraltransit
00286,Rural Resources Community Action,,WA,Rural Reporter,Private-Non-Profit Corporation,https://ruralresources.org/,no_candidate,
00287,People for People Moses Lake,,WA,Rural Reporter,Private-Non-Profit Corporation,https://www.mypfp.org/services/transportation/,weak_shared_token,"registry:lady-of-the-lake,people-for-people-community-connector"
00294,City of Pullman,Pullman Transit,WA,Rural Reporter,"City, County or Local Government Unit or Department of Transportation",http://www.pullmantransit.com,no_candidate,
00296,Tillamook County Transportation District,The Wave,OR,Rural Reporter,"City, County or Local Government Unit or Department of Transportation",https://nwconnector.org/agencies/tillamook-county-transportation-district/,weak_shared_token,registry:sunset-empire-transportation-district-setd-tillamook-county-transportation-district-columbia-county-rider
00297,People for People Yakima,,WA,Reduced Reporter,Private-Non-Profit Corporation,https://www.mypfp.org/services/transportation/,registry_name_fuzzy,registry:people-for-people-community-connector (jaccard 0.67)
00298,Island Transit,,WA,Rural Reporter,Independent Public Agency or Authority of Transit Service,https://www.islandtransit.org/,registry_name_exact,registry:island-transit
00299,Klickitat County Senior Services,Mount Adams Transportation Service,WA,Rural Reporter,"City, County or Local Government Unit or Department of Transportation",https://www.klickitatcounty.org/363/Mount-Adams-Transportation-Service-MATS,registry_name_exact,registry:mount-adams-transportation-service
00301,South Clackamas Transportation District,,OR,Rural Reporter,Independent Public Agency or Authority of Transit Service,http://www.sctd.org,registry_name_exact,registry:south-clackamas-transportation-district
00303,Clallam Transit System,,WA,Rural Reporter,Independent Public Agency or Authority of Transit Service,http://www.clallamtransit.com,registry_name_exact,registry:clallam-transit-system
00307,Coos County Area Transit,,OR,Rural Reporter,Independent Public Agency or Authority of Transit Service,http://www.coostransit.org,registry_name_exact,registry:coos-county-area-transit-ccat
00308,Curry County Public Transit Service District,Curry Public Transit Inc,OR,Rural Reporter,Private Provider Reporting on Behalf of a Public Entity,http://www.currypublictransit.org,registry_name_exact,registry:curry-public-transit
00309,Grant County Transportation Authority,Grant Transit Authority,WA,Rural Reporter,Independent Public Agency or Authority of Transit Service,https://www.granttransit.com/,registry_name_exact,registry:grant-transit-authority
00310,Lincoln County Transportation Service District,Lincoln County Transit,OR,Rural Reporter,Independent Public Agency or Authority of Transit Service,http://co.lincoln.or.us/transit,registry_name_exact,registry:lincoln-county-transit-lct
00311,Mountain Rides Transportation Authority,,ID,Rural Reporter,Independent Public Agency or Authority of Transit Service,www.mountainrides.org,registry_name_exact,registry:mountain-rides-transportation-authority-mrta
00312,Hopesource,,WA,Rural Reporter,Private-Non-Profit Corporation,http://www.hopesource.us,no_candidate,
00313,Grant County Transportation District,The People Mover,OR,Rural Reporter,"City, County or Local Government Unit or Department of Transportation",http://www.grantcountypeoplemover.com,registry_name_exact,registry:people-mover
00314,Grays Harbor Transit,,WA,Rural Reporter,Independent Public Agency or Authority of Transit Service,https://www.ghtransit.com/,registry_name_exact,registry:grays-harbor-transit
00315,Mason County Transportation Authority,Mason Transit Authority,WA,Rural Reporter,Independent Public Agency or Authority of Transit Service,https://www.masontransit.org/,registry_name_exact,registry:mason-transit-authority
00316,Jefferson Transit,,WA,Rural Reporter,Independent Public Agency or Authority of Transit Service,http://www.jeffersontransit.com,registry_name_exact,registry:jefferson-transit-authority
00319,Hood River County Transportation District,Columbia Area Transit,OR,Rural Reporter,Independent Public Agency or Authority of Transit Service,ridecatbus.org,registry_name_exact,registry:columbia-area-transit-cat
00321,Yamhill County,Yamhill County Transit,OR,Rural Reporter,"City, County or Local Government Unit or Department of Transportation",http://www.ycbus.org,registry_name_exact,registry:yamhill-county-transit-area
00322,Pacific Transit,,WA,Rural Reporter,Independent Public Agency or Authority of Transit Service,http://www.pacifictransit.org,registry_name_exact,"registry:pacific-transit,pacific-transit-3112"
00323,Malheur Council on Aging and Community Services,,OR,Rural Reporter,Private-Non-Profit Corporation,www.mcoacs.org,registry_name_fuzzy,registry:malheur-council-on-aging-community-services (jaccard 0.86)
00327,Valley Transit,,AK,Reduced Reporter,Private-Non-Profit Corporation,http://www.valleytransitak.org,no_candidate,
00330,City of Canby,,OR,Reduced Reporter,"City, County or Local Government Unit or Department of Transportation",http://www.canbyoregon.gov/transportation/routes.htm,registry_name_exact,registry:canby-area-transit-cat
00331,Sunset Empire Transportation District,,OR,Rural Reporter,Independent Public Agency or Authority of Transit Service,http://www.ridethebus.org,weak_shared_token,registry:sunset-empire-transportation-district-setd-tillamook-county-transportation-district-columbia-county-rider
00332,Okanogan County Transportation & Nutrition,,WA,Rural Reporter,Private-Non-Profit Corporation,https://www.octn.org/what-we-do/transportation/,no_candidate,
00336,Skamania County Senior Services,,WA,Rural Reporter,"City, County or Local Government Unit or Department of Transportation",https://www.skamaniacounty.org/departments-offices/senior-services/services/public-transportation,weak_shared_token,registry:skamania-county-transit
00339,Basin Transit Service,Basin Transit Service Transportation District,OR,Rural Reporter,Independent Public Agency or Authority of Transit Service,www.basintransit.com,registry_name_exact,registry:basin-transit-service-bts
00341,Selkirks-Pend Oreille Transit Authority,,ID,Rural Reporter,Independent Public Agency or Authority of Transit Service,http://www.spotbus.org/,no_candidate,
00343,Community Connection of Northeast Oregon,NEOTransit,OR,Rural Reporter,Private-Non-Profit Corporation,http://www.neotransit.org/,registry_name_fuzzy,registry:wallowa-community-connection-wcc-northeast-oregon-public-transit (jaccard 0.67)
00345,Glacier Valley Transit,,AK,Rural Reporter,Private-Non-Profit Corporation,www.glaciervalleytransit.com,no_candidate,
00347,"Regional Public Transportation, Inc.",SMART Transit,ID,Rural Reporter,Private-Non-Profit Corporation,http://www.smarttransit.org,no_candidate,
00348,"Senior Citizens of Sweet Home, Inc.",,OR,Rural Reporter,Private-Non-Profit Corporation,http://www.linnshuttle.com,no_candidate,
00358,Ketchikan Gateway Borough,The Bus,AK,Rural Reporter,"City, County or Local Government Unit or Department of Transportation",http://www.kgbak.us,registry_name_exact,registry:ketchikan-gateway-borough
00359,City of Pendleton,Let'Er Bus,OR,Rural Reporter,"City, County or Local Government Unit or Department of Transportation",https://pendleton.or.us/transportation,registry_name_exact,registry:let-er-bus
00360,City of Woodburn,Woodburn Transit System,OR,Rural Reporter,"City, County or Local Government Unit or Department of Transportation",https://www.woodburn-or.gov/transit,weak_shared_token,registry:woodburn-transit-service-wts
00363,Clackamas County,Mt Hood Express and #ClackCo Shuttles,OR,Reduced Reporter,"City, County or Local Government Unit or Department of Transportation",https://www.clackamas.us/socialservices/transportation.html,registry_ntd_id,"registry:clackco-connects-clackamas-county-2741,sandy-area-metro-sam"
00364,Lewis County Transit,,WA,Rural Reporter,Independent Public Agency or Authority of Transit Service,https://lewiscountytransit.org,no_candidate,
00368,Lower Columbia Community Action Council,Lower Columbia CAP,WA,Rural Reporter,Private-Non-Profit Corporation,https://lowercolumbiacap.org/get-help/transportation/,registry_name_exact,registry:lower-columbia-cap-community-action-program
00371,Wahkiakum County,Wahkiakum on the Move,WA,Rural Reporter,"City, County or Local Government Unit or Department of Transportation",https://www.co.wahkiakum.wa.us/239/Transit,weak_shared_token,"registry:wahkiakum-ferry,wahkiakum-ferry-2193"
00373,Treasure Valley Transit,,ID,Reduced Reporter,Private-Non-Profit Corporation,www.treasurevalleytransit.com,weak_shared_token,registry:valley-regional-transit
00374,Harney County,Harney Hub Transit,OR,Rural Reporter,"City, County or Local Government Unit or Department of Transportation",http://www.co.harney.or.us/index.php/senior-community-services-center-home,registry_name_exact,registry:harney-county
00375,Columbia County,Columbia County Rider Transportation,OR,Rural Reporter,"City, County or Local Government Unit or Department of Transportation",https://nwconnector.org/agencies/columbia-county-rider/,registry_name_exact,registry:columbia-area-transit-cat
00376,"Ride Connection, Inc.",,OR,Full Reporter,Private-Non-Profit Corporation,http://www.rideconnection.org,registry_name_exact,registry:ride-connection
00377,City of Lebanon,Lebanon Interneighborhood Express,OR,Rural Reporter,"City, County or Local Government Unit or Department of Transportation",https://www.ci.lebanon.or.us/LINX,weak_shared_token,"registry:diamond-express,oregon-express-shuttle,rhody-express"
00382,Inter-Island Ferry Authority,,AK,Rural Reporter,Independent Public Agency or Authority of Transit Service,http://www.interislandferry.com,registry_name_exact,registry:inter-island-ferry
00386,Special Mobility Services,,OR,Rural Reporter,Private-Non-Profit Corporation,http://www.sms1.org,weak_shared_token,registry:malheur-council-on-aging-community-services
00387,City of Bethel,Bethel Transit System,AK,Rural Reporter,"City, County or Local Government Unit or Department of Transportation",http://www.cityofbethel.org,no_candidate,
00389,City of Sandy,,OR,Rural Reporter,"City, County or Local Government Unit or Department of Transportation",https://www.ci.sandy.or.us/transit,weak_shared_token,"registry:sandy-area-metro-sam,sandy-area-metro-sam-2739"
00391,City and Borough of Juneau,Capital Transit,AK,Rural Reporter,"City, County or Local Government Unit or Department of Transportation",https://juneaucapitaltransit.org/,registry_name_exact,registry:capital-transit
00396,Mid-Columbia Economic Development District,,OR,Rural Reporter,"City, County or Local Government Unit or Department of Transportation",https://www.mcedd.org/industry-development/infrastructure/transportation/,weak_shared_token,"registry:columbia-area-transit-cat,sunset-empire-transportation-district-setd-tillamook-county-transportation-district-columbia-county-rider"
00400,Gwichyaa Zhee Tribal Transit Service,Native Village of Fort Yukon,AK,Reduced Reporter,Tribe,www.fortyukon.org,no_candidate,
00401,Lower Elwha Klallam Tribe,,WA,Reduced Reporter,Tribe,www.elwha.org,weak_shared_token,"registry:elwha-transit,jamestown-s-klallam,lower-columbia-cap-community-action-program"
00404,Shoshone County,,ID,Rural Reporter,"City, County or Local Government Unit or Department of Transportation",https://shoshonecounty.id.gov/silver-express/,no_candidate,
00405,Okanogan County Transit Authority,TranGO,WA,Rural Reporter,Independent Public Agency or Authority of Transit Service,https://okanogantransit.com/,no_candidate,
00407,Muckleshoot Indian Tribe,,WA,Reduced Reporter,Tribe,https://tribaltransit.com/,weak_shared_token,registry:muckleshoot-tribal-transit
00409,Morrow County,Morrow County Loop,OR,Rural Reporter,"City, County or Local Government Unit or Department of Transportation",https://cmmmobility.org/mcat/,registry_name_exact,registry:morrow-county-public-transit
00414,Ninilchik Village,BUMPS (Basic Unified Multi Path Services),AK,Reduced Reporter,Tribe,www.ninilchiktribe-nsn.gov,no_candidate,
00416,Boise State University,Bronco Shuttles,ID,Reduced Reporter,University,https://www.boisestate.edu/publicsafety-transportation/,no_candidate,
00459,Umpqua Public Transportation District,,OR,Rural Reporter,Independent Public Agency or Authority of Transit Service,www.umpquatransit.com,no_candidate,
00460,Craig Tribal Association,,AK,Reduced Reporter,Tribe,www.craigtribe.org,no_candidate,
00464,Lane Council of Governments,Link Lane,OR,Rural Reporter,"MPO, COG or Other Planning Agency",https://link-lane.org/,registry_name_exact,registry:link-lane
10001,Rhode Island Public Transit Authority,RIPTA,RI,Full Reporter,Independent Public Agency or Authority of Transit Service,http://www.RIPTA.com/,registry_ntd_id,registry:rhode-island-public-transit-authority
10002,Manchester Transit Authority,,NH,Reduced Reporter,Independent Public Agency or Authority of Transit Service,http://www.mtabus.org/,catalog_name_exact,mdb:mdb-3432
10003,Massachusetts Bay Transportation Authority,,MA,Full Reporter,Independent Public Agency or Authority of Transit Service,http://www.mbta.com/,registry_ntd_id,registry:massachusetts-bay-transportation-authority-mbta
10004,Brockton Area Transit Authority,,MA,Full Reporter,Independent Public Agency or Authority of Transit Service,http://www.ridebat.com/,registry_name_exact,registry:brockton-area-transit-authority-bat
10005,Lowell Regional Transit Authority,LRTA,MA,Full Reporter,Independent Public Agency or Authority of Transit Service,http://www.lrta.com/,registry_name_exact,registry:lowell-regional-transit-authority-lrta
10006,Southeastern Regional Transit Authority,,MA,Full Reporter,Independent Public Agency or Authority of Transit Service,http://www.srtabus.com/,registry_name_exact,registry:southeastern-regional-transit-authority-srta
10007,Berkshire Regional Transit Authority,,MA,Full Reporter,Independent Public Agency or Authority of Transit Service,http://www.berkshirerta.com/,registry_name_exact,registry:berkshire-regional-transit-authority-brta
10008,Pioneer Valley Transit Authority,,MA,Full Reporter,Independent Public Agency or Authority of Transit Service,http://www.pvta.com/,registry_name_exact,"registry:pioneer-valley-transit-authority-pvta,pioneer-valley-transit-authority-pvta-2416"
10013,Merrimack Valley Regional Transit Authority,Merrimack Valley Transit,MA,Full Reporter,Independent Public Agency or Authority of Transit Service,http://www.mevatransit.com/,registry_name_exact,registry:merrimack-valley-regional-transit-authority-mvrta
10014,Worcester Regional Transit Authority,,MA,Full Reporter,Independent Public Agency or Authority of Transit Service,http://www.therta.com/,registry_name_exact,registry:worcester-regional-transit-authority-wrta
10015,Lewiston-Auburn Transit Committee,,ME,Reduced Reporter,"City, County or Local Government Unit or Department of Transportation",http://www.purplebus.org/,no_candidate,
10016,Greater Portland Transit District,METRO,ME,Full Reporter,Independent Public Agency or Authority of Transit Service,http://www.gpmetro.org/,registry_name_fuzzy,registry:greater-portland-metro-bus (jaccard 0.75)
10040,Southeast Area Transit District,,CT,Full Reporter,Independent Public Agency or Authority of Transit Service,http://www.seatbus.com/,registry_name_exact,"registry:southeast-area-transit-district,southeast-area-transit-district-2240"
10045,Connecticut Department of Transportation - CTTransit New Britain -Dattco.,DATTCO,CT,Full Reporter,Private Provider Reporting on Behalf of a Public Entity,http://www.dattco.com/,weak_shared_token,registry:connecticut-transit
10048,Connecticut Department of Transportation - CTTRANSIT - Hartford Division,CTTransit,CT,Full Reporter,State Government Unit or Department of Transportation,http://www.cttransit.com/,registry_ntd_id,"registry:connecticut-transit,connecticut-transit-2840"
10050,Greater Bridgeport Transit Authority,,CT,Full Reporter,Independent Public Agency or Authority of Transit Service,http://www.gogbt.com/,registry_name_exact,registry:greater-bridgeport-transit
10051,Housatonic Area Regional Transit,HARTransit,CT,Full Reporter,Independent Public Agency or Authority of Transit Service,http://www.hartransit.com/,no_candidate,
10053,Cape Ann Transportation Authority,CATA,MA,Full Reporter,Independent Public Agency or Authority of Transit Service,www.canntran.com,registry_name_exact,registry:cape-ann-transportation-authority-cata
10055,Connecticut Department of Transportation - CTTRANSIT New Haven Division,CTTransit,CT,Full Reporter,State Government Unit or Department of Transportation,http://www.cttransit.com/,registry_domain,registry:connecticut-transit
10056,Connecticut Department of Transportation - CTTRANSIT Stamford Division,CTTransit,CT,Full Reporter,State Government Unit or Department of Transportation,http://www.cttransit.com/,registry_domain,registry:connecticut-transit
10057,Norwalk Transit District,,CT,Full Reporter,Independent Public Agency or Authority of Transit Service,http://www.norwalktransit.com/,registry_name_exact,registry:norwalk-transit-district
10061,Montachusett Regional Transit Authority,,MA,Full Reporter,Independent Public Agency or Authority of Transit Service,http://www.mrta.us/,registry_name_exact,registry:montachusett-regional-transit-authority-mart
10064,Greater Attleboro-Taunton Regional Transit Authority,,MA,Full Reporter,Independent Public Agency or Authority of Transit Service,http://www.gatra.org/,registry_name_exact,registry:greater-attleboro-taunton-regional-transit-authority-gatra
10066,Green Mountain Transit Authority,,VT,Full Reporter,Independent Public Agency or Authority of Transit Service,http://www.ridegmt.com,weak_shared_token,registry:green-mountain-community-network-gmcn
10086,Cooperative Alliance for Seacoast Transportation,,NH,Full Reporter,Independent Public Agency or Authority of Transit Service,http://www.coastbus.org/,no_candidate,
10087,City of Nashua,Nashua Transit System,NH,Full Reporter,"City, County or Local Government Unit or Department of Transportation",ridebigblue.com,no_candidate,
10088,Casco Bay Island Transit District,Casco Bay Lines,ME,Full Reporter,Independent Public Agency or Authority of Transit Service,http://www.cascobaylines.com/,registry_name_exact,registry:casco-bay-lines
10096,City of Bangor,Community Connector,ME,Reduced Reporter,"City, County or Local Government Unit or Department of Transportation",http://www.bangormaine.gov/communityconnector,no_candidate,
10098,"Western Maine Transportation Services, Inc.",,ME,Full Reporter,Private-Non-Profit Corporation,http://www.wmtsbus.org/,no_candidate,
10102,Connecticut Department of Transportation,,CT,Full Reporter,State Government Unit or Department of Transportation,https://portal.ct.gov/DOT/Publictrans/Bureau-of-Public-Transportation/CTrail,weak_shared_token,registry:connecticut-transit
10105,Cape Cod Regional Transit Authority,,MA,Full Reporter,Independent Public Agency or Authority of Transit Service,http://www.capecodrta.org/,registry_name_exact,registry:cape-cod-regional-transportation-authority-cape-cod-rta
10107,Milford Transit District,,CT,Full Reporter,Independent Public Agency or Authority of Transit Service,http://www.milfordtransit.com,no_candidate,
10112,City of South Portland,City of South Portland Bus Service,ME,Reduced Reporter,"City, County or Local Government Unit or Department of Transportation",http://www.southportland.org/departments/bus-transportation/,registry_name_exact,"registry:south-portland,south-portland-2641"
10114,Biddeford-Saco-Old Orchard Beach Transit Committee Shuttle Bus,BSOOB Transit,ME,Reduced Reporter,Independent Public Agency or Authority of Transit Service,http://www.BSOOBTransit.org,weak_shared_token,registry:biddeford-saco-old-orchard-beach-transit
10115,Northern New England Passenger Rail Authority,Amtrak Downeaster,ME,Full Reporter,Independent Public Agency or Authority of Transit Service,https://www.nnepra.com/,no_candidate,
10118,MetroWest Regional Transit Authority,,MA,Full Reporter,Independent Public Agency or Authority of Transit Service,http://www.mwrta.com/,registry_name_exact,registry:metrowest-regional-transit-authority-mwrta
10119,University Of New Hampshire,Wildcat Transit,NH,Reduced Reporter,University,http://www.unh.edu/transportation/,no_candidate,
10122,"Jalbert Leasing, Inc.",C&J Bus Lines,NH,Reduced Reporter,Private-For-Profit Corporation,http://www.ridecj.com/,no_candidate,
10128,Connecticut Department of Transportation- CTTransit Waterbury- NET,CTTransit,CT,Full Reporter,"Subsidiary Unit of a Transit Agency, Reporting Separately",http://www.northeastbus.com/,weak_shared_token,registry:connecticut-transit
10130,Connecticut Department of Transportation -CTTRANSIT New Britain,CTTRANSIT,CT,Full Reporter,Private Provider Reporting on Behalf of a Public Entity,http://www.nbtrans.com/,weak_shared_token,registry:connecticut-transit
10131,Northwestern CT Transit District,,CT,Rural Reporter,Independent Public Agency or Authority of Transit Service,http://www.nwcttransit.com/,no_candidate,
10133,"Boston Express Bus, Inc.",,NH,Reduced Reporter,Private-For-Profit Corporation,http://www.bostonexpressbus.com/,no_candidate,
10137,"Advance Transit, Inc. NH",,VT,Rural Reporter,Private-Non-Profit Corporation,http://www.advancetransit.com,registry_domain,registry:advance-transit-at
10140,Estuary Transit District,River Valley Transit,CT,Reduced Reporter,Independent Public Agency or Authority of Transit Service,http://www.rivervalleytransit.com,weak_shared_token,registry:lower-hudson-valley-transit
10143,Tri-Valley Transit Inc,,VT,Rural Reporter,Private-Non-Profit Corporation,http://www.trivalleytransit.org,registry_name_exact,registry:tri-valley-transit
10144,"Southeast Vermont Transit, Inc",,VT,Rural Reporter,Private-Non-Profit Corporation,http://www.moover.com,weak_shared_token,registry:vermont-translines
10145,Martha's Vineyard Transit Authority,,MA,Rural Reporter,Independent Public Agency or Authority of Transit Service,http://www.vineyardtransit.com,registry_name_exact,registry:martha-s-vineyard-transit-authority
10148,Rural Community Transportation,,VT,Rural Reporter,Private-Non-Profit Corporation,http://www.riderct.org,registry_name_exact,"registry:rural-community-transportation-rct,rural-community-transportation-rct-2882"
10149,Windham Region Transit District,,CT,Reduced Reporter,Independent Public Agency or Authority of Transit Service,http://www.wrtd.org,no_candidate,
10151,Green Mountain Community Network,,VT,Rural Reporter,Private-Non-Profit Corporation,http://www.greenmtncn.org,registry_name_exact,registry:green-mountain-community-network-gmcn
10153,Town of Cranberry Isles,,ME,Rural Reporter,"City, County or Local Government Unit or Department of Transportation",https://www.cranberryisles-me.gov/public-services/transportation/,no_candidate,
10154,Marble Valley Regional Transit District,,VT,Rural Reporter,"City, County or Local Government Unit or Department of Transportation",http://www.thebus.com/,registry_name_exact,registry:marble-valley-regional-transit-district-mvrtd
10155,Kennebec Valley Community Action Program,,ME,Rural Reporter,Private-Non-Profit Corporation,http://www.kvcap.org,no_candidate,
10156,Northeastern Connecticut Transit District,,CT,Rural Reporter,Independent Public Agency or Authority of Transit Service,http://www.nectd.org/,weak_shared_token,registry:connecticut-transit
10159,"VNA Home Healthcare, Hospice & Community Service",,NH,Rural Reporter,Private-Non-Profit Corporation,http://www.hcsservices.org,no_candidate,
10161,Belknap-Merrimack CAP/Concord Area Transit,,NH,Rural Reporter,Private-Non-Profit Corporation,http://www.bm-cap.org,weak_shared_token,registry:concord-area-transit
10162,Nantucket Regional Transit Authority,,MA,Rural Reporter,Independent Public Agency or Authority of Transit Service,http://www.nrtawave.com,registry_name_exact,registry:nantucket-regional-transit-authority-wave
10167,Isle au Haut Boat Services,,ME,Rural Reporter,Private-Non-Profit Corporation,http://www.isleauhaut.com,no_candidate,
10169,Waldo Community Action Partners,,ME,Rural Reporter,Private-Non-Profit Corporation,https://waldocap.org/public-transportation/,no_candidate,
10172,"Tri-County CAP, Inc./North Country Transit","Tri County Community Action Program, Inc.",NH,Rural Reporter,Private-Non-Profit Corporation,www.tricountytransit.org,no_candidate,
10173,Franklin Regional Transit Authority,,MA,Rural Reporter,Independent Public Agency or Authority of Transit Service,http://www.frta.org,registry_name_exact,registry:franklin-regional-transit-authority-frta
10175,"Downeast Transportation, Inc.",Downeast,ME,Rural Reporter,Private-Non-Profit Corporation,https://downeasttrans.org/,no_candidate,
10177,"West's Transportation, Inc.",West's Bus Service,ME,Rural Reporter,Private-For-Profit Corporation,http://westbusservice.com/,no_candidate,
10178,Town of Bedford,Bedford Local Transit,MA,Reduced Reporter,"City, County or Local Government Unit or Department of Transportation",https://www.bedfordma.gov/521/Bedford-Local-Transit-BLT,no_candidate,
10179,City of Beverly,,MA,Reduced Reporter,"City, County or Local Government Unit or Department of Transportation",,no_candidate,
10181,Town of Lexington,Lexpress,MA,Reduced Reporter,"City, County or Local Government Unit or Department of Transportation",http://lexpress.us/,no_candidate,
10182,"Mission Hill Link, Inc.",Mission Hill Link,MA,Reduced Reporter,Private-Non-Profit Corporation,https://www.missionhilllink.com/,no_candidate,
10183,"Woods Hole, Martha's Vineyard and Nantucket Steamship Authority",The Steamship Authority,MA,Full Reporter,Independent Public Agency or Authority of Transit Service,www.steamshipauthority.com,weak_shared_token,"registry:martha-s-vineyard-transit-authority,nantucket-regional-transit-authority-wave"
11147,Rhode Island Department of Transportation,,RI,Full Reporter,State Government Unit or Department of Transportation,http://www.ridethebayri.com/,registry_name_fuzzy,registry:rhode-island-public-transit-authority (jaccard 0.67)
11152,Mashantucket Pequot Tribal Nation,,CT,Reduced Reporter,Tribe,https://www.mptn-nsn.gov/CommunityBus.aspx,no_candidate,
11156,Southwestern Community Services Transportation,,NH,Rural Reporter,Private-Non-Profit Corporation,www.scshelps.org,no_candidate,
11160,Peter Pan Bus Lines,Peter Pan,MA,Full Reporter,Private-For-Profit Corporation,www.peterpanbus.com,registry_name_exact,registry:peter-pan
11235,Maine Department of Transportation,,ME,Rural Reporter,State Government Unit or Department of Transportation,https://www.maine.gov/mdot/ferry/,no_candidate,
11239,"Hyannis Harbor Tours, Inc.",Hy-Line Cruises,MA,Full Reporter,Private-For-Profit Corporation,https://hylinecruises.com/,registry_name_exact,registry:hy-line-cruises
20002,Capital District Transportation Authority,,NY,Full Reporter,Independent Public Agency or Authority of Transit Service,http://www.cdta.org/,registry_name_exact,registry:capital-district-transportation-authority-cdta
20003,Broome County,BC Transit,NY,Full Reporter,"City, County or Local Government Unit or Department of Transportation",http://www.gobroomecounty.com/transit/,registry_name_exact,"registry:broome-county-transit-b-c-transit,broome-county-transit-b-c-transit-2079"
20004,Niagara Frontier Transportation Authority,NFTA - Metro Bus & Rail,NY,Full Reporter,Independent Public Agency or Authority of Transit Service,http://metro.nfta.com/,registry_name_exact,registry:niagara-frontier-transportation-authority-nfta
20005,Chemung County,C TRAN,NY,Reduced Reporter,"City, County or Local Government Unit or Department of Transportation",https://ridectran.com/en/,registry_name_exact,registry:c-tran-305
20006,City of Long Beach,,NY,Full Reporter,"City, County or Local Government Unit or Department of Transportation",https://www.longbeachny.gov/index.asp?Type=B_BASIC&SEC=FC64AE5C-ECA2-4D72-BD86-A1F4F8190EED,registry_name_exact,registry:city-of-long-beach-transportation
20008,MTA New York City Transit,,NY,Full Reporter,"Subsidiary Unit of a Transit Agency, Reporting Separately",http://www.mta.info/,atlas_ntd_id,transitland-atlas
20010,Dutchess County,Dutchess County Public Transit,NY,Full Reporter,"City, County or Local Government Unit or Department of Transportation",www.dutchessny.gov/publictransit,registry_name_exact,registry:dutchess-county
20018,Central New York Regional Transportation Authority,New York Regional Transportation Authority,NY,Full Reporter,Independent Public Agency or Authority of Transit Service,http://www.centro.org/,registry_domain,registry:centro
20071,Town of Huntington,Huntington Area Rapid Transit,NY,Full Reporter,"City, County or Local Government Unit or Department of Transportation",http://www.huntingtonny.gov/hart/,registry_name_exact,registry:huntington-area-rapid-transit-hart
20072,Suffolk County,Suffolk County Transit,NY,Full Reporter,"City, County or Local Government Unit or Department of Transportation",http://www.sctbus.org/,registry_name_exact,"registry:suffolk-county-transit,suffolk-county-transit-3115"
20075,Port Authority Transit Corporation,,NJ,Full Reporter,Independent Public Agency or Authority of Transit Service,http://www.ridepatco.org/,registry_domain,registry:patco-speedline
20076,Westchester County,Westchester County - Bee Line,NY,Full Reporter,"City, County or Local Government Unit or Department of Transportation",https://transportation.westchestergov.com/,registry_name_exact,"registry:westchester-county-bee-line-system-wcdot,westchester-county-bee-line-system-wcdot-2353"
20078,"Metro-North Commuter Railroad Company, dba: MTA Metro-North Railroad",,NY,Full Reporter,"Subsidiary Unit of a Transit Agency, Reporting Separately",http://www.mta.info/,registry_ntd_id,registry:mta
20080,New Jersey Transit Corporation,,NJ,Full Reporter,Other Publicly-Owned or Privately Chartered Corporation,http://www.njtransit.com/,registry_ntd_id,"registry:new-jersey-transit-nj-transit,new-jersey-transit-nj-transit-509"
20082,New York City Department of Transportation,,NY,Full Reporter,"City, County or Local Government Unit or Department of Transportation",http://www.nyc.gov/html/dot/html/home/home.shtml,registry_domain,registry:staten-island-ferry
20084,County of Rockland,,NY,Full Reporter,"City, County or Local Government Unit or Department of Transportation",http://rocklandgov.com/departments/public-transportation/,no_candidate,
20085,Town of Clarkstown,Mini Trans,NY,Reduced Reporter,"City, County or Local Government Unit or Department of Transportation",https://town.clarkstown.ny.us/town_hall/mini_trans,weak_shared_token,registry:clarkstown-minitrans
20096,Putnam County,Putnam Area Rapid Transit,NY,Full Reporter,"City, County or Local Government Unit or Department of Transportation",http://www.putnamcountyny.com/transportation/,registry_name_fuzzy,registry:part-putnam-area-rapid-transit (jaccard 0.67)
20098,Port Authority Trans-Hudson Corporation,,NY,Full Reporter,Independent Public Agency or Authority of Transit Service,http://www.panynj.gov/,weak_shared_token,"registry:hudson-link,roosevelt-island-operating-corporation-tramway-rioc-tramway"
20099,Staten Island Rapid Transit Operating Authority,MTA Staten Island Railway,NY,Full Reporter,"Subsidiary Unit of a Transit Agency, Reporting Separately",http://www.mta.info/,weak_shared_token,"registry:huntington-area-rapid-transit-hart,metropolitan-transit-authority-mta-514,part-putnam-area-rapid-transit,roosevelt-island-operating-corporation-tramway-rioc-tramway,staten-island-ferry"
20100,MTA Long Island Rail Road,,NY,Full Reporter,"Subsidiary Unit of a Transit Agency, Reporting Separately",http://www.mta.info/lirr,registry_ntd_id,registry:long-island-rail-road
20113,Regional Transit Service,,NY,Full Reporter,Independent Public Agency or Authority of Transit Service,http://www.myrts.com/,registry_name_exact,registry:regional-transit-service
20122,"Academy Lines, Inc.",Academy,NJ,Full Reporter,Private-For-Profit Corporation,http://www.academybus.com/,no_candidate,
20126,Shortline Transit LLC,Short Line,NJ,Full Reporter,Private-For-Profit Corporation,http://www.shortlinebus.com/,no_candidate,
20128,Suburban Transit Lines LLC,Suburban Transit,NJ,Full Reporter,Private-For-Profit Corporation,http://www.suburbantransit.com/,no_candidate,
20145,Tompkins Consolidated Area Transit,,NY,Full Reporter,Private-Non-Profit Corporation,http://www.tcatbus.com/,registry_ntd_id,registry:tompkins-consolidated-area-transit-inc
20148,Newburgh Beacon Bus Corporation,,NY,Reduced Reporter,Private Provider Reporting on Behalf of a Public Entity,http://www.leprechaunlines.com/,weak_shared_token,"registry:newburgh-beacon-shuttle-leprechaun-lines,roosevelt-island-operating-corporation-tramway-rioc-tramway,transit-orange-newburgh-local-transit"
20149,"Rockland Coaches, Inc.",,NJ,Full Reporter,Private-For-Profit Corporation,https://www.coachusa.com/rockland-coaches,no_candidate,
20160,"Community Transit Lines, Inc.",Community Transit,NJ,Reduced Reporter,Private-For-Profit Corporation,https://www.coachusa.com/community-coach,no_candidate,
20163,"Lakeland Bus Lines, Inc.",,NJ,Full Reporter,Private-For-Profit Corporation,http://www.lakelandbus.com/,no_candidate,
20165,OBC Lines LLC,OBC Lines,NJ,Reduced Reporter,Private-For-Profit Corporation,https://tinyurl.com/3d47f973,no_candidate,
20169,"Trans-Bridge Lines, Inc.",,PA,Full Reporter,Private-For-Profit Corporation,http://www.transbridgelines.com/,no_candidate,
20175,Private Transportation Corporation,,NY,Full Reporter,Private-For-Profit Corporation,https://williamsboropark.com,weak_shared_token,registry:roosevelt-island-operating-corporation-tramway-rioc-tramway
20176,Kaser Bus Service,,NY,Reduced Reporter,Private-For-Profit Corporation,,weak_shared_token,"registry:regional-transit-service,regional-transit-service-seneca-rts-seneca,yates-transit-service"
20177,"Adirondack Transit Lines, Inc.",Adirondack Trailways,NY,Full Reporter,Private-For-Profit Corporation,http://www.trailwaysny.com/,atlas_ntd_id,transitland-atlas
20178,Ulster County,Ulster County Area Transit,NY,Full Reporter,"City, County or Local Government Unit or Department of Transportation",https://ucat.ulstercountyny.gov/,registry_name_exact,registry:ulster-county-area-transit
20179,"Leprechaun Lines, Inc.",,NY,Reduced Reporter,Private Provider Reporting on Behalf of a Public Entity,https://leprechaunlines.com/white-plains-bus-service/,registry_name_exact,registry:leprechaun-lines
20183,Town of Monroe,Monroe Dial A Bus,NY,Reduced Reporter,"City, County or Local Government Unit or Department of Transportation",https://www.monroeny.org/community/dial-a-bus,no_candidate,
20187,Village of Kiryas Joel,KJ Transit,NY,Reduced Reporter,"City, County or Local Government Unit or Department of Transportation",https://www.ridetransitorange.com/kiryasjoel,weak_shared_token,"registry:kiryas-joel-area-transit,village-of-cooperstown-trolly-system"
20188,MTA Bus Company,,NY,Full Reporter,"Subsidiary Unit of a Transit Agency, Reporting Separately",http://www.mta.info/,atlas_ntd_id,transitland-atlas
20190,Port Imperial Ferry Corporation,NY Waterway,NJ,Full Reporter,Private-For-Profit Corporation,http://www.nywaterway.com/,weak_shared_token,registry:port-authority-trans-hudson-path
20195,Gloucester County,,NJ,Reduced Reporter,"City, County or Local Government Unit or Department of Transportation",http://www.co.gloucester.nj.us/depts/h/hserv/transportation/default.asp,no_candidate,
20199,County of Atlantic,,NJ,Full Reporter,"City, County or Local Government Unit or Department of Transportation",https://www.atlanticcountynj.gov/government/county-departments/department-of-human-services/division-of-intergenerational-services/transportation-serv,no_candidate,
20200,South Jersey Transportation Authority,,NJ,Reduced Reporter,Independent Public Agency or Authority of Transit Service,http://www.sjta.com/,weak_shared_token,"registry:new-jersey-transit-nj-transit,new-jersey-transit-nj-transit-509"
20201,County of Cumberland,,NJ,Reduced Reporter,"City, County or Local Government Unit or Department of Transportation",https://www.cumberlandcountynj.gov/transportation,no_candidate,
20206,County of Nassau,Nassau Inter County Express,NY,Full Reporter,"City, County or Local Government Unit or Department of Transportation",http://www.nicebus.com/,registry_name_exact,registry:nassau-inter-county-express-nice-bus
20208,County of Burlington,BurLink,NJ,Reduced Reporter,"City, County or Local Government Unit or Department of Transportation",http://www.co.burlington.nj.us/536/transportation,no_candidate,
20209,Somerset County,Somerset County Transportation,NJ,Full Reporter,"City, County or Local Government Unit or Department of Transportation",https://www.co.somerset.nj.us/government/public-works/transportation,no_candidate,
20212,County of Hunterdon,HCLink,NJ,Reduced Reporter,"City, County or Local Government Unit or Department of Transportation",https://www.ridethelink.com/,no_candidate,
20213,City of Mechanicville,Public Transportation System,NY,Rural Reporter,"City, County or Local Government Unit or Department of Transportation",https://www.mechanicvilleny.gov/public-safety/pages/public-transportation-system-0,registry_name_exact,registry:city-of-mechanicville-public-transit
20214,Town of Warwick,Warwick Dial A Bus,NY,Reduced Reporter,"City, County or Local Government Unit or Department of Transportation",https://www.townofwarwick.org/municipal-transit/,no_candidate,
20215,City of Watertown NY,CitiBus,NY,Reduced Reporter,"City, County or Local Government Unit or Department of Transportation",https://www.watertown-ny.gov/directory/citibus,registry_name_fuzzy,registry:watertown-citibus (jaccard 0.67)
20216,Orange County,Transit Orange,NY,Reduced Reporter,"City, County or Local Government Unit or Department of Transportation",https://www.ridetransitorange.com/,weak_shared_token,registry:transit-orange-newburgh-local-transit
20217,"Hampton Jitney, Inc.",,NY,Full Reporter,Private-For-Profit Corporation,www.hamptonjitney.com,no_candidate,
20220,Broadway Bus Corporation,,NJ,Reduced Reporter,Private-For-Profit Corporation,,no_candidate,
20223,Cape May Lewes Ferry,,DE,Full Reporter,Independent Public Agency or Authority of Transit Service,http://www.cmlf.com/,no_candidate,
20226,"SeaStreak, LLC",,NJ,Full Reporter,Private-For-Profit Corporation,www.seastreak.com,no_candidate,
20227,Town of Wallkill,,NY,Reduced Reporter,"City, County or Local Government Unit or Department of Transportation",https://www.townofwallkill.com/community/transportation,no_candidate,
20925,Lewis County,Lewis County Public Transportation,NY,Rural Reporter,"City, County or Local Government Unit or Department of Transportation",https://lewiscountyny.gov/departments/public-transportation/,registry_name_exact,registry:lewis-county-public-transportation
20926,Schoharie County,Schoharie County Public Transportation,NY,Rural Reporter,"City, County or Local Government Unit or Department of Transportation",ridescpt.com,no_candidate,
20928,Warren County,Warren County Transportation,NJ,Rural Reporter,"City, County or Local Government Unit or Department of Transportation",https://www.warrencountynj.gov/home,no_candidate,
20931,Greene County,Greene County Transit,NY,Rural Reporter,"City, County or Local Government Unit or Department of Transportation",http://www.greenegovernment.com/,registry_name_exact,registry:greene-county-transit
20932,Essex County,Essex County Public Transportation,NY,Rural Reporter,"City, County or Local Government Unit or Department of Transportation",https://essexcountyny.gov/transportation/,no_candidate,
20934,Regional Transit Service,,NY,Rural Reporter,Independent Public Agency or Authority of Transit Service,www.myrts.com,registry_name_exact,registry:regional-transit-service
20935,Chenango County,Chenango County Transit System,NY,Rural Reporter,"City, County or Local Government Unit or Department of Transportation",https://www.chenangocountyny.gov/424/Chenango-County-Transit-System,weak_shared_token,registry:chenango-first-transit
20937,Sullivan County,Move Sullivan,NY,Rural Reporter,"City, County or Local Government Unit or Department of Transportation",https://www.sullivanny.us/Departments/Transportation,registry_name_exact,registry:sullivan-county-transit
20938,Regional Transit Service,,NY,Rural Reporter,Independent Public Agency or Authority of Transit Service,www.myrts.com,registry_name_exact,registry:regional-transit-service
20939,Clinton County,Clinton County Public Transit,NY,Rural Reporter,"City, County or Local Government Unit or Department of Transportation",https://transit.clintoncountyny.gov/,registry_name_exact,registry:clinton-county-public-transit-ccpt
20940,Madison County,Madison Transit System,NY,Rural Reporter,"City, County or Local Government Unit or Department of Transportation",http://www.ridemts.org,registry_name_exact,registry:madison-county-transit
20941,City of Corning,Corning Erwin Area Transit System,NY,Rural Reporter,"City, County or Local Government Unit or Department of Transportation",http://www.rideceats.com,registry_name_exact,registry:corning-erwin-area-transit-system-ceats
20942,Oswego County,Oswego Public Transportation,NY,Rural Reporter,"City, County or Local Government Unit or Department of Transportation",https://www.oswegocounty.com/departments/human_services/office_for_the_aging/other_transportation.php,no_candidate,
20945,Schuyler County,,NY,Rural Reporter,"City, County or Local Government Unit or Department of Transportation",https://www.schuylercountytransit.org/,registry_name_exact,registry:schuyler-county-transit
20946,Steuben County,Steuben County Transportation System,NY,Rural Reporter,"City, County or Local Government Unit or Department of Transportation",http://ridesteuben.com/,registry_name_exact,registry:steuben-county-transit
20947,Regional Transit Service,,NY,Rural Reporter,Independent Public Agency or Authority of Transit Service,www.myrts.com,registry_name_exact,registry:regional-transit-service
20950,Sussex County,Skylands Ride,NJ,Rural Reporter,"City, County or Local Government Unit or Department of Transportation",http://www.sussex.nj.us/,no_candidate,
20951,Allegany County,Access Allegany,NY,Rural Reporter,"City, County or Local Government Unit or Department of Transportation",https://www.accessallegany.com/,registry_name_exact,registry:access-allegany
20953,City of Hornell,Hornell Area Transit,NY,Rural Reporter,"City, County or Local Government Unit or Department of Transportation",http://www.hatrides.com/,registry_name_exact,registry:hornell-area-transit
20957,County of Niagara,Connect Niagara,NY,Rural Reporter,"City, County or Local Government Unit or Department of Transportation",www.niagaracounty.com,weak_shared_token,registry:niagara-frontier-transportation-authority-nfta
20958,Cortland County,Way to Go Cortland,NY,Rural Reporter,"City, County or Local Government Unit or Department of Transportation",www.cortland-co.org,registry_name_exact,registry:cortland-county-public-transportation
20959,Chautauqua County,CHQ Transit,NY,Rural Reporter,"City, County or Local Government Unit or Department of Transportation",http://chautauqua.ny.us/799/CARTS,registry_name_exact,registry:chautauqua-area-regional-transit-system-carts
20960,City of Oneonta,Oneonta Public Transit,NY,Rural Reporter,"City, County or Local Government Unit or Department of Transportation",http://www.oneonta.ny.us,no_candidate,
20962,Regional Transit Service,,NY,Rural Reporter,Independent Public Agency or Authority of Transit Service,www.myrts.com,registry_name_exact,registry:regional-transit-service
20967,Regional Transit Service,,NY,Rural Reporter,Independent Public Agency or Authority of Transit Service,www.myrts.com,registry_name_exact,registry:regional-transit-service
20968,County of Rensselaer,,NY,Rural Reporter,"City, County or Local Government Unit or Department of Transportation",www.rensco.com,registry_name_exact,registry:rensselaer-county-yankee-trails
20975,City of Olean,Olean Area Transit System,NY,Rural Reporter,"City, County or Local Government Unit or Department of Transportation",https://cityofolean.org/olean-area-transit-system/,registry_name_exact,registry:olean-area-transit-system
20980,Regional Transit Service,,NY,Rural Reporter,Independent Public Agency or Authority of Transit Service,www.myrts.com,registry_name_exact,registry:regional-transit-service
20981,City of Gloversville,Gloversville Transit System,NY,Rural Reporter,"City, County or Local Government Unit or Department of Transportation",http://www.ride-gts.com/,registry_name_exact,registry:gloversville-transit-system
20983,Regional Transit Service,,NY,Rural Reporter,Independent Public Agency or Authority of Transit Service,www.myrts.com,registry_name_exact,registry:regional-transit-service
20991,St Lawrence County,St Lawrence County Public Transit,NY,Rural Reporter,"City, County or Local Government Unit or Department of Transportation",https://www.slcnypublictransit.com/,registry_name_exact,"registry:st-lawrence-county-public-transit,st-lawrence-county-public-transit-2611"
20992,Franklin County,Franklin County Public Transportation,NY,Rural Reporter,"City, County or Local Government Unit or Department of Transportation",https://www.franklincountyny.gov/departments/transportation/index.php,registry_name_exact,registry:franklin-county-public-transportation
20998,Otsego County,Otsego Express,NY,Rural Reporter,"City, County or Local Government Unit or Department of Transportation",http://www.otsegocounty.com,registry_name_exact,registry:otsego-express-public-transportation
20999,Columbia County,Columbia County Public Transportation,NY,Rural Reporter,"City, County or Local Government Unit or Department of Transportation",http://www.columbiacountyny.com,registry_name_exact,registry:columbia-county-public-transportation-3116
21000,Yates County,Yates Transit Service,NY,Rural Reporter,"City, County or Local Government Unit or Department of Transportation",https://www.yatestransit.com/,registry_name_exact,registry:yates-transit-service
22929,Seneca Nation of Indians,,NY,Reduced Reporter,Tribe,https://sni.org/community-services/seneca-transit/,weak_shared_token,registry:regional-transit-service-seneca-rts-seneca
22930,New York City Economic Development Corporation,,NY,Full Reporter,Private-Non-Profit Corporation,https://www.ferry.nyc/,weak_shared_token,"registry:new-york-trailways,roosevelt-island-operating-corporation-tramway-rioc-tramway"
30001,Kanawha Valley Regional Transportation Authority,,WV,Full Reporter,Independent Public Agency or Authority of Transit Service,http://www.rideonkrt.com/,no_candidate,
30002,The Tri-State Transit Authority,,WV,Full Reporter,Independent Public Agency or Authority of Transit Service,http://www.tta-wv.com/,no_candidate,
30003,Mid-Ohio Valley Transit Authority,Easy Rider,WV,Reduced Reporter,Independent Public Agency or Authority of Transit Service,http://www.easyriderbus.com/,no_candidate,
30006,Greater Richmond Transit Company,,VA,Full Reporter,Other Publicly-Owned or Privately Chartered Corporation,http://www.ridegrtc.com/,weak_shared_token,"registry:alexandria-transit-company-dash,greater-lynchburg-transit-co"
30007,Greater Roanoke Transit Company,Valley Metro,VA,Full Reporter,Other Publicly-Owned or Privately Chartered Corporation,http://valleymetro.com/,registry_name_exact,"registry:valley-metro,valley-metro-2274"
30008,Greater Lynchburg Transit Company,,VA,Full Reporter,Independent Public Agency or Authority of Transit Service,http://www.gltconline.com/,weak_shared_token,"registry:alexandria-transit-company-dash,greater-lynchburg-transit-co"
30009,City of Petersburg,Petersburg Area Transit,VA,Reduced Reporter,"City, County or Local Government Unit or Department of Transportation",http://www.petersburgva.gov/299/Petersburg-Area-Transit,registry_name_exact,registry:petersburg-area-transit
30010,Lehigh and Northampton Transportation Authority,,PA,Full Reporter,Independent Public Agency or Authority of Transit Service,http://www.lantabus.com/,registry_name_exact,registry:lehigh-and-northampton-transportation-authority-lanta
30011,Altoona Metro Transit,AMTRAN,PA,Full Reporter,Independent Public Agency or Authority of Transit Service,http://www.amtran.org/,atlas_ntd_id,transitland-atlas
30012,Cambria County Transit Authority,CamTran,PA,Full Reporter,Independent Public Agency or Authority of Transit Service,http://www.camtranbus.com/,atlas_ntd_id,transitland-atlas
30013,Erie Metropolitan Transit Authority,the e,PA,Full Reporter,Independent Public Agency or Authority of Transit Service,http://www.ride-the-e.com/,registry_name_exact,registry:erie-metropolitan-transit-authority
30015,Luzerne County Transportation Authority,,PA,Full Reporter,Independent Public Agency or Authority of Transit Service,http://www.lctabus.com/,atlas_ntd_id,transitland-atlas
30019,Southeastern Pennsylvania Transportation Authority,,PA,Full Reporter,Independent Public Agency or Authority of Transit Service,http://www.septa.org/,registry_domain,"registry:southeastern-pennsylvania-transportation-authority-septa,southeastern-pennsylvania-transportation-authority-septa-503"
30022,Pittsburgh Regional Transit,,PA,Full Reporter,Independent Public Agency or Authority of Transit Service,https://www.rideprt.org/,no_candidate,
30023,Beaver County Transit Authority,,PA,Full Reporter,Independent Public Agency or Authority of Transit Service,http://www.bcta.com/,registry_name_exact,"registry:beaver-county-transit-authority,beaver-county-transit-authority-2262"
30025,County of Lackawanna Transit System,,PA,Full Reporter,Independent Public Agency or Authority of Transit Service,http://www.coltsbus.com/,atlas_ntd_id,transitland-atlas
30030,Washington Metropolitan Area Transit Authority,Washington Metro,DC,Full Reporter,Independent Public Agency or Authority of Transit Service,http://www.WMATA.com/,registry_ntd_id,"registry:washington-county-transit,washington-county-transit-2286,washington-metropolitan-area-transit-authority-wmata,washington-metropolitan-area-transit-authority-wmata-1847"
30034,Maryland Transit Administration,MTA,MD,Full Reporter,State Government Unit or Department of Transportation,http://www.mta.maryland.gov/,atlas_ntd_id,transitland-atlas
30035,Ohio Valley Regional Transportation Authority,,WV,Full Reporter,Independent Public Agency or Authority of Transit Service,http://www.ovrta.org/,no_candidate,
30036,City of Charlottesville,Charlottesville Area Transit,VA,Reduced Reporter,"City, County or Local Government Unit or Department of Transportation",https://www.charlottesville.gov/Transit,no_candidate,
30040,City of Annapolis,Annapolis Transit,MD,Reduced Reporter,"City, County or Local Government Unit or Department of Transportation",https://www.annapolis.gov/159/Transportation,registry_name_exact,"registry:annapolis-transit,annapolis-transit-2285"
30041,Board of Commissioners of Allegany County Maryland,Allegany County Transit,MD,Rural Reporter,"City, County or Local Government Unit or Department of Transportation",http://www.alleganygov.org/315/Transit,registry_name_exact,registry:allegany-county-transit
30042,Washington County,Washington County Transit,MD,Reduced Reporter,"City, County or Local Government Unit or Department of Transportation",http://www.washco-md.net/transit/,registry_name_exact,"registry:washington-county-transit,washington-county-transit-2286"
30044,Westmoreland County Transit Authority,,PA,Full Reporter,Independent Public Agency or Authority of Transit Service,http://www.westmorelandtransit.com/,no_candidate,
30045,"JAUNT, Inc.",,VA,Full Reporter,Other Publicly-Owned or Privately Chartered Corporation,http://www.ridejaunt.org/,registry_name_exact,registry:jaunt-inc
30051,"Montgomery County, Maryland",Ride On,MD,Full Reporter,"City, County or Local Government Unit or Department of Transportation",https://www.montgomerycountymd.gov/dot-transit/,registry_domain,registry:montgomery-county-department-of-transportation-ride-on
30053,City of Bristol Virginia,Bristol Virginia Transit,VA,Reduced Reporter,"City, County or Local Government Unit or Department of Transportation",http://www.bristolva.org/196/transit,registry_name_exact,registry:bristol-virginia-transit
30054,Centre Area Transportation Authority,,PA,Full Reporter,Independent Public Agency or Authority of Transit Service,http://www.catabus.com/,catalog_name_exact,mdb:mdb-1236
30055,Mercer County Regional Council of Governments,Shenango Valley Shuttle Service /MCCT,PA,Reduced Reporter,"City, County or Local Government Unit or Department of Transportation",http://svss.mcrcog.com/,atlas_ntd_id,transitland-atlas
30057,Pennsylvania Department of Transportation,,PA,Full Reporter,State Government Unit or Department of Transportation,http://www.dot.state.pa.us/,weak_shared_token,"registry:southeastern-pennsylvania-transportation-authority-septa,southeastern-pennsylvania-transportation-authority-septa-503"
30058,City of Fairfax,CUE Bus,VA,Full Reporter,"City, County or Local Government Unit or Department of Transportation",http://www.CueBus.org/,registry_name_fuzzy,registry:fairfax-cue-bus-cue (jaccard 1.00)
30061,Mid Mon Valley Transit Authority,,PA,Full Reporter,Independent Public Agency or Authority of Transit Service,http://www.mmvta.com/,atlas_ntd_id,transitland-atlas
30068,"Fairfax County, VA",Fairfax Connector Bus System,VA,Full Reporter,"City, County or Local Government Unit or Department of Transportation",http://www.fairfaxconnector.com/,weak_shared_token,"registry:fairfax-connector,fairfax-cue-bus-cue,fairfax-cue-bus-cue-2885"
30069,City of Danville,Danville Transit,VA,Rural Reporter,"City, County or Local Government Unit or Department of Transportation",http://www.danvilletransit.com/,catalog_name_exact,mdb:mdb-2440
30070,Potomac and Rappahannock Transportation Commission,OmniRide,VA,Full Reporter,Independent Public Agency or Authority of Transit Service,http://www.prtctransit.org/,registry_name_exact,registry:potomac-and-rappahannock-transportation-commission-prtc
30071,City of Alexandria,DASH,VA,Full Reporter,"City, County or Local Government Unit or Department of Transportation",https://www.dashbus.com,registry_domain,registry:alexandria-transit-company-dash
30072,"Frederick County, Maryland",TransIt Services of Frederick,MD,Full Reporter,"City, County or Local Government Unit or Department of Transportation",https://www.frederickcountymd.gov/105/TransIT,registry_domain,registry:frederick-county-transit
30073,Virginia Railway Express,,VA,Full Reporter,Independent Public Agency or Authority of Transit Service,http://www.vre.org/,registry_ntd_id,registry:virginia-railway-express-vre
30074,Harford County Maryland,Harford Transit LINK,MD,Reduced Reporter,"City, County or Local Government Unit or Department of Transportation",http://www.harfordcountymd.gov/213/Harford-Transit-LINK,registry_name_exact,registry:harford-transit-link
30075,Delaware Transit Corporation,,DE,Full Reporter,Independent Public Agency or Authority of Transit Service,http://www.DartFirstState.com/,registry_name_exact,registry:delaware-transit-corporation-dart-first-state
30076,Williamsburg Area Transit Authority,,VA,Full Reporter,Independent Public Agency or Authority of Transit Service,http://www.gowata.org/,registry_name_exact,"registry:williamsburg-area-transit-authority,williamsburg-area-transit-authority-2649,williamsburg-area-transit-authority-wata"
30077,Borough of Pottstown,Pottstown Area Rapid Transit,PA,Full Reporter,"City, County or Local Government Unit or Department of Transportation",www.pottstownarearapidtransit.com,atlas_ntd_id,transitland-atlas
30079,City of Fredericksburg,Fredericksburg Regional Transit,VA,Reduced Reporter,"City, County or Local Government Unit or Department of Transportation",http://www.fredericksburgva.gov/transit,registry_name_exact,"registry:fredericksburg-regional-transit,fredericksburg-regional-transit-2430"
30080,"Arlington County, Virginia",Arlington Transit,VA,Full Reporter,"City, County or Local Government Unit or Department of Transportation",http://www.arlingtontransit.com/,registry_ntd_id,registry:arlington-transit
30081,Loudoun County,Loudoun County Transit,VA,Full Reporter,"City, County or Local Government Unit or Department of Transportation",http://www.loudoun.gov/transit,registry_name_exact,registry:loudoun-county-transit
30083,Transportation District Commission of Hampton Roads,Hampton Roads Transit,VA,Full Reporter,Independent Public Agency or Authority of Transit Service,http://www.gohrt.com/,registry_name_exact,registry:hampton-roads-transit-hrt
30085,"Prince George's County, Maryland",Prince George's County Transit/TheBus,MD,Full Reporter,"City, County or Local Government Unit or Department of Transportation",https://www.princegeorgescountymd.gov/2778/MetroTransportation,registry_name_fuzzy,registry:prince-george-s-county-the-bus (jaccard 0.60)
30087,County of Fayette,Fayette Area Coordinated Transportation,PA,Full Reporter,"City, County or Local Government Unit or Department of Transportation",http://www.factbus.com/,atlas_ntd_id,transitland-atlas
30088,"County Commissioners of Charles County, MD",PGM VanGO,MD,Full Reporter,"City, County or Local Government Unit or Department of Transportation",http://www.go-vango.com/,weak_shared_token,registry:charles-county-vango
30089,Monongalia County Urban Mass Transit Authority,Mountain Line Transit Authority,WV,Reduced Reporter,Independent Public Agency or Authority of Transit Service,http://www.busride.org/,registry_name_exact,registry:mountain-line-transit-authority
30090,Eastern Panhandle Transit Authority,,WV,Reduced Reporter,Independent Public Agency or Authority of Transit Service,http://www.eptawv.com,no_candidate,
30091,Town of Blacksburg,Blacksburg Transit,VA,Full Reporter,"City, County or Local Government Unit or Department of Transportation",http://www.ridebt.org,registry_name_exact,registry:blacksburg-transit
30092,"The County Commissioners of Carroll County, Maryland",Carroll Transit System,MD,Reduced Reporter,"City, County or Local Government Unit or Department of Transportation",https://www.carrollcountymd.gov/government/directory/public-works/carroll-transit-system/,registry_name_exact,registry:carroll-transit-system
30093,City of Hazleton,Hazleton Public Transit,PA,Reduced Reporter,"City, County or Local Government Unit or Department of Transportation",http://www.ridehpt.com,atlas_ntd_id,transitland-atlas
30094,City of Harrisonburg,,VA,Full Reporter,"City, County or Local Government Unit or Department of Transportation",https://www.harrisonburgva.gov/bus-service,registry_domain,registry:harrisonburg-department-of-public-transportation-hdpt
30095,County of Lebanon Transit Authority,Lebanon Transit,PA,Full Reporter,Independent Public Agency or Authority of Transit Service,http://www.lebanontransit.org/,atlas_ntd_id,transitland-atlas
30096,The Tri-County Council for the Lower Eastern Shore of Maryland,Shore Transit,MD,Full Reporter,Independent Public Agency or Authority of Transit Service,http://www.shoretransit.org/,registry_name_exact,"registry:shore-transit,shore-transit-3149"
30099,City of Winchester,WinTran,VA,Reduced Reporter,"City, County or Local Government Unit or Department of Transportation",https://www.winchesterva.gov/public-transportation,registry_name_exact,registry:wintran
30107,West Virginia University,Personal Rapid Transit,WV,Full Reporter,University,https://prt.wvu.edu/,no_candidate,
30108,Cecil County Government,Cecil Transit,MD,Reduced Reporter,"City, County or Local Government Unit or Department of Transportation",http://www.ceciltransit.com/,registry_name_exact,"registry:cecil-transit,cecil-transit-3034"
30109,St. Mary's County Government,St. Mary's Transit System,MD,Reduced Reporter,"City, County or Local Government Unit or Department of Transportation",https://www.stmaryscountymd.gov/DPW/STS-Transit/,registry_name_exact,registry:st-mary-s-transit-system-sts
30111,Washington County Transportation Authority,Freedom Transit,PA,Full Reporter,Independent Public Agency or Authority of Transit Service,www.freedom-transit.org,atlas_ntd_id,transitland-atlas
30112,District Department of Transportation,"DC Circulator, DC Streetcar",DC,Full Reporter,State Government Unit or Department of Transportation,http://ddot.dc.gov,registry_domain,registry:dc-circulator
30114,Accomack-Northhampton Transportation District Comm,STAR Transit,VA,Rural Reporter,"City, County or Local Government Unit or Department of Transportation",http://www.mystartransit.org/,registry_name_exact,registry:star-transit-819
30115,"New River Valley Senior Services, Inc.",Pulaski Area Transit,VA,Rural Reporter,Private-Non-Profit Corporation,http://www.pulaskitransit.org,registry_name_exact,"registry:pulaski-area-transit-pat,pulaski-area-transit-pat-2198"
30116,Borough of Mt. Carmel,Lower Anthracite Transportation System,PA,Rural Reporter,"City, County or Local Government Unit or Department of Transportation",https://mountcarmelborough.org/lats/,atlas_ntd_id,transitland-atlas
30118,Virginia Regional Transit,,VA,Rural Reporter,Private-Non-Profit Corporation,www.vatransit.org,registry_name_exact,registry:virginia-regional-transit
30119,Central West Virginia Transit Authority,,WV,Rural Reporter,Independent Public Agency or Authority of Transit Service,http://www.centrabus.com/,no_candidate,
30121,City of Bluefield,,WV,Rural Reporter,"City, County or Local Government Unit or Department of Transportation",http://ridethebatbus.com/,no_candidate,
30122,Randolph County Senior Center,Country Roads Transit,WV,Rural Reporter,Private-Non-Profit Corporation,http://www.countryroadstransit.com/,no_candidate,
30123,District Three Governmental Cooperative,Mountain Lynx Transit,VA,Reduced Reporter,Independent Public Agency or Authority of Transit Service,district-three.org/index.php/public-transit/,registry_name_exact,registry:mountain-lynx-transit
30124,Warren County Transit Authority,Transit Authority of Warren County,PA,Rural Reporter,Independent Public Agency or Authority of Transit Service,http://www.tawcbus.com,no_candidate,
30127,Schuylkill Transportation System,,PA,Rural Reporter,Independent Public Agency or Authority of Transit Service,http://www.go-sts.com,atlas_ntd_id,transitland-atlas
30129,Anne Arundel County,,MD,Full Reporter,"City, County or Local Government Unit or Department of Transportation",https://www.aacounty.org/transportation/transit/transit-app,weak_shared_token,registry:queen-anne-s-county-ride
30130,Baltimore County Department of Public Works Transportation,,MD,Reduced Reporter,"City, County or Local Government Unit or Department of Transportation",https://www.baltimorecountymd.gov/departments/public-works/traffic/transportation/countyride/,weak_shared_token,registry:montgomery-county-department-of-transportation-ride-on
30131,"Board of County Commissioners of Calvert County, Maryland",Calvert County Public Transportation,MD,Reduced Reporter,"City, County or Local Government Unit or Department of Transportation",www.calvertcountymd.gov/transportation,registry_name_exact,registry:calvert-county-public-transportation
30135,Potomac Valley Transit Authority,,WV,Rural Reporter,Independent Public Agency or Authority of Transit Service,http://www.potomacvalleytransit.org/,no_candidate,
30137,Monroe County Transportation Authority,Pocono Pony,PA,Rural Reporter,Independent Public Agency or Authority of Transit Service,www.gomcta.com,registry_name_exact,registry:monroe-county-transportation-authority-mcta
30138,Barbour Co. Senior Center,Here & There Transit,WV,Rural Reporter,Private-Non-Profit Corporation,http://www.hereandtheretransit.com/,no_candidate,
30140,Mountain Transit Authority,,WV,Rural Reporter,Independent Public Agency or Authority of Transit Service,http://www.mtawv.com/,weak_shared_token,registry:mountain-line-transit-authority
30141,Butler Transit Authority,The Bus,PA,Reduced Reporter,Independent Public Agency or Authority of Transit Service,http://www.butlertransitauthority.com,registry_ntd_id,registry:butler-county-regional-transit-authority
30147,Town of Chincoteague,Pony Express,FL,Rural Reporter,"City, County or Local Government Unit or Department of Transportation",https://www.chincoteague.com/pony-express.html,weak_shared_token,registry:bay-town-trolley
30149,Fairmont Marion County Transit Authority,,WV,Rural Reporter,Independent Public Agency or Authority of Transit Service,http://www.fmcta.com/,no_candidate,
30151,New Castle Area Transit Authority,,PA,Rural Reporter,Independent Public Agency or Authority of Transit Service,http://www.newcastletransit.org,atlas_ntd_id,transitland-atlas
30155,Mayor and City Council Town of Ocean City,,MD,Rural Reporter,"City, County or Local Government Unit or Department of Transportation",https://oceancitymd.gov/oc/departments/public-works/transportation/,weak_shared_token,registry:ocean-city-transportation
30157,Town of Altavista,Altavista Community Transit System,VA,Rural Reporter,"City, County or Local Government Unit or Department of Transportation",https://www.altavistava.gov/government/town_departments/transportation/index.php,registry_name_exact,registry:altavista-community-transit-system
30164,Town of Bluefield,Graham Transit,VA,Rural Reporter,"City, County or Local Government Unit or Department of Transportation",https://www.bluefieldva.org/departments/transit_transportation.php,registry_name_exact,registry:graham-transit
30165,Town of Farmville,Farmville Area Bus,VA,Rural Reporter,"City, County or Local Government Unit or Department of Transportation",https://www.farmvilleva.com/175/Farmville-Area-Bus,registry_name_exact,registry:farmville-area-bus
30170,Endless Mountains Transportation Authority,BeST Transit,PA,Rural Reporter,Independent Public Agency or Authority of Transit Service,http://www.goBeSTtransit.com,atlas_ntd_id,transitland-atlas
30172,Bay Aging,Bay Transit,VA,Rural Reporter,Area Agency on Aging,www.baytransit.org,registry_name_exact,registry:bay-transit
30174,Appalachian Agency for Senior Citizens,Four County Transit,VA,Rural Reporter,Private-Non-Profit Corporation,http://www.fourcountytransit.org,registry_name_exact,registry:four-county-transit
30177,Indiana County Transit Authority,IndiGO,PA,Rural Reporter,Independent Public Agency or Authority of Transit Service,http://www.indigobus.com,atlas_ntd_id,transitland-atlas
30178,"Unified Human Services Transportation Systems, Inc",RADAR,VA,Rural Reporter,Private-Non-Profit Corporation,http://www.radartransit.org,registry_name_exact,registry:radar
30183,Tri River Transit,,WV,Rural Reporter,Independent Public Agency or Authority of Transit Service,http://www.tririver.org/,no_candidate,
30184,Town of Blackstone,Blackstone Area Bus Service,VA,Rural Reporter,"City, County or Local Government Unit or Department of Transportation",http://www.blackstonebus.com,registry_name_exact,registry:blackstone-area-bus-service
30185,Crawford Area Transportation Authority,,PA,Rural Reporter,Independent Public Agency or Authority of Transit Service,http://www.catabus.org,atlas_ntd_id,transitland-atlas
30190,"Preston County Sr. Cit, Inc.",Buckwheat Express,WV,Rural Reporter,Private-Non-Profit Corporation,http://www.buckwheatexpress.com/,no_candidate,
30192,Queen Anne's County,County Ride,MD,Reduced Reporter,"City, County or Local Government Unit or Department of Transportation",https://www.qac.org/181/County-Ride,registry_name_fuzzy,registry:queen-anne-s-county-ride (jaccard 1.00)
30194,Mid-County Transit Authority,Town and Country Transit,PA,Rural Reporter,Independent Public Agency or Authority of Transit Service,http://www.tandctransit.com,no_candidate,
30196,Area Transportation Authority of North Central PA,,PA,Rural Reporter,Independent Public Agency or Authority of Transit Service,http://www.rideata.com/,atlas_ntd_id,transitland-atlas
30198,City of Suffolk,Suffolk Transit,VA,Reduced Reporter,"City, County or Local Government Unit or Department of Transportation",https://www.suffolkva.us/429/Suffolk-Transit,no_candidate,
30199,New River Transit Authority,New River Transit,WV,Reduced Reporter,Independent Public Agency or Authority of Transit Service,http://www.newrivertransitauthority.org/,no_candidate,
30200,City of Radford,Radford Transit,VA,Reduced Reporter,"City, County or Local Government Unit or Department of Transportation",https://www.radfordva.gov/2343/RT-SCHEDULES-AND-MAPS,registry_name_exact,"registry:radford-transit,radford-transit-2415"
30201,City of Baltimore,Charm City Circulator,MD,Full Reporter,"City, County or Local Government Unit or Department of Transportation",transportation.baltimorecity.gov/,registry_name_exact,registry:charm-city-circulator
30202,South Central Transit Authority,,PA,Full Reporter,Independent Public Agency or Authority of Transit Service,https://www.sctapa.com/,no_candidate,
30203,York County,Yorktown Trolley,VA,Reduced Reporter,"City, County or Local Government Unit or Department of Transportation",https://www.visityorktown.org/260/Trolley-Parking,no_candidate,
30205,"Transit Management of Central Maryland, Inc.",Regional Transportation Agency of Central Maryland,MD,Full Reporter,Other Publicly-Owned or Privately Chartered Corporation,https://www.transitrta.com/,registry_name_exact,registry:regional-transportation-agency-of-central-maryland-rta
30206,Susquehanna Regional Transportation Authority,rabbittransit,PA,Full Reporter,Independent Public Agency or Authority of Transit Service,https://www.rabbittransit.org/,registry_domain,registry:rabbit-transit
30207,RIVER VALLEY TRANSIT AUTHORITY,River Valley Transit,PA,Full Reporter,Independent Public Agency or Authority of Transit Service,www.ridervt.com,no_candidate,
30209,City of Weirton,Weirton Transit,WV,Reduced Reporter,"City, County or Local Government Unit or Department of Transportation",https://www.cityofweirton.com/221/Weirton-Transit,no_candidate,
30571,Delmarva Community Services Inc.,,MD,Rural Reporter,Private-Non-Profit Corporation,http://www.dcsdct.org/transportation--mobility.html,registry_name_fuzzy,registry:delmarva-community-transit (jaccard 0.67)
30989,Central Shenandoah Planning District Commission,BRITE Bus,VA,Reduced Reporter,"MPO, COG or Other Planning Agency",https://www.britebus.org/,registry_domain,registry:brite
31025,County of Greensville,Greensville Emporia Transit,VA,Rural Reporter,"City, County or Local Government Unit or Department of Transportation",http://www.greensvillecountyva.gov/index.php/departments/transportation,registry_name_exact,registry:greensville-emporia-transit
40001,Chattanooga Area Regional Transportation Authority,,TN,Full Reporter,"City, County or Local Government Unit or Department of Transportation",http://www.gocarta.org/,registry_name_exact,"registry:chattanooga-area-regional-transportation-authority-carta,chattanooga-area-regional-transportation-authority-carta-2082"
40002,City of Knoxville,Knoxville Area Transit,TN,Full Reporter,"City, County or Local Government Unit or Department of Transportation",http://www.katbus.com/,registry_name_exact,registry:knoxville-area-transit-kat
40003,City of Memphis,Memphis Area Transit Authority,TN,Full Reporter,"City, County or Local Government Unit or Department of Transportation",http://www.matatransit.com/,registry_name_exact,"registry:memphis-area-transit-authority,memphis-area-transit-authority-2352"
40004,Metropolitan Transit Authority,WeGo Public Transit,TN,Full Reporter,Independent Public Agency or Authority of Transit Service,https://www.wegotransit.com/,registry_domain,registry:nashville-mta-wego-public-transit
40005,City of Asheville,ART (Asheville Rides Transit),NC,Full Reporter,"City, County or Local Government Unit or Department of Transportation",http://www.ridetheart.com/,weak_shared_token,registry:asheville-rides-transit
40006,Cape Fear Public Transportation Authority,Wave Transit,NC,Full Reporter,Independent Public Agency or Authority of Transit Service,http://www.wavetransit.com/,registry_name_exact,registry:wave-transit
40007,City of Raleigh,GoRaleigh,NC,Full Reporter,"City, County or Local Government Unit or Department of Transportation",http://www.raleighnc.gov/transit/,registry_ntd_id,registry:capital-area-transit-goraleigh-2074
40008,City of Charlotte North Carolina,,NC,Full Reporter,"City, County or Local Government Unit or Department of Transportation",http://www.ridetransit.org,registry_domain,registry:charlotte-area-transit-system-cats-2265
40009,City of Fayetteville,Fayetteville Area System of Transit,NC,Full Reporter,"City, County or Local Government Unit or Department of Transportation",https://www.fayettevillenc.gov/city-services/transit,no_candidate,
40010,City of Gastonia,Gastonia Transit,NC,Reduced Reporter,"City, County or Local Government Unit or Department of Transportation",https://www.cityofgastonia.com/residents/transportation.html,no_candidate,
40011,City of High Point,High Point Transit System,NC,Reduced Reporter,"City, County or Local Government Unit or Department of Transportation",https://www.highpointnc.gov/transit,no_candidate,
40012,City of Winston Salem,Winston-Salem Transit Authority,NC,Full Reporter,"City, County or Local Government Unit or Department of Transportation",http://www.wstransit.com/,atlas_ntd_id,transitland-atlas
40014,Ms Coast Transportation Authority,COAST TRANSIT AUTHORITY,MS,Full Reporter,Independent Public Agency or Authority of Transit Service,http://www.CoastTransit.com/,no_candidate,
40015,"City of Jackson, MS",,MS,Full Reporter,"City, County or Local Government Unit or Department of Transportation",www.ridejtran.com,weak_shared_token,registry:city-of-jackson-jtran
40016,City of Ashland,Ashland Bus System,KY,Reduced Reporter,"City, County or Local Government Unit or Department of Transportation",https://www.ashlandky.gov/residents/ashland_bus_system/index.php,no_candidate,
40017,Lexington Transit Authority,Lextran,KY,Full Reporter,Independent Public Agency or Authority of Transit Service,http://www.lextran.com/,registry_name_exact,"registry:lextran,lextran-2067"
40018,Transit Authority of River City,,KY,Full Reporter,Independent Public Agency or Authority of Transit Service,http://www.ridetarc.org/,registry_name_exact,registry:transit-authority-of-river-city-tarc
40019,Transit Authority of Northern Kentucky,,KY,Full Reporter,Independent Public Agency or Authority of Transit Service,http://www.tankbus.org/,registry_name_exact,"registry:transit-authority-of-northern-kentucky-tank,transit-authority-of-northern-kentucky-tank-2068"
40020,City of Owensboro,Owensboro Transit Systems,KY,Reduced Reporter,"City, County or Local Government Unit or Department of Transportation",https://transit.owensboro.org,no_candidate,
40021,City of Albany,Albany Transit System,GA,Full Reporter,"City, County or Local Government Unit or Department of Transportation",http://www.albanyga.gov/about-us/city-departments/albany-transit-system,registry_name_exact,registry:albany-transit-system
40022,Metropolitan Atlanta Rapid Transit Authority,,GA,Full Reporter,Independent Public Agency or Authority of Transit Service,http://www.itsmarta.com/,registry_name_exact,registry:metropolitan-atlanta-rapid-transit-authority-marta
40023,Augusta Richmond County Transit Department,Augusta Transit,GA,Full Reporter,"City, County or Local Government Unit or Department of Transportation",https://www.augustaga.gov/2770/Transit,no_candidate,
40024,Columbus Consolidated Government,METRA,GA,Reduced Reporter,"City, County or Local Government Unit or Department of Transportation",http://www.columbusga.org/metra/,no_candidate,
40025,Chatham Area Transit Authority,,GA,Full Reporter,Independent Public Agency or Authority of Transit Service,http://www.catchacat.org/,registry_name_exact,"registry:chatham-area-transit-cat,chatham-area-transit-cat-2080"
40026,Manatee County Board of County Commissioners,Manatee County Area Transit,FL,Full Reporter,"City, County or Local Government Unit or Department of Transportation",https://www.mymanatee.org/departments/mcat,registry_name_exact,"registry:manatee-county-area-transit,manatee-county-area-transit-2258"
40027,Pinellas Suncoast Transit Authority,,FL,Full Reporter,Independent Public Agency or Authority of Transit Service,http://www.psta.net/,registry_name_exact,registry:pinellas-suncoast-transit-authority-psta
40028,Lee County,LeeTran,FL,Full Reporter,"City, County or Local Government Unit or Department of Transportation",http://www.rideleetran.com/,registry_name_exact,registry:leetran
40029,Broward County Board of County Commissioners,Broward County Transit Division,FL,Full Reporter,"City, County or Local Government Unit or Department of Transportation",http://www.broward.org/bct/,registry_domain,registry:broward-county-transit
40030,"City of Gainesville, FL",Regional Transit System,FL,Full Reporter,"City, County or Local Government Unit or Department of Transportation",http://www.go-rts.com/,registry_domain,registry:gainesville-regional-transit-system-2412
40031,Lakeland Area Mass Transit District,Citrus Connection,FL,Full Reporter,Independent Public Agency or Authority of Transit Service,http://www.ridecitrus.com/,registry_name_exact,registry:lakeland-area-mass-transit
40032,County of Volusia,VOTRAN,FL,Full Reporter,"City, County or Local Government Unit or Department of Transportation",http://www.votran.org/,registry_name_exact,registry:votran
40034,County of Miami-Dade,,FL,Full Reporter,"City, County or Local Government Unit or Department of Transportation",http://www.miamidade.gov/transit/,registry_name_exact,registry:miami-dade-transit
40035,Central Florida Regional Transportation Authority,,FL,Full Reporter,Independent Public Agency or Authority of Transit Service,http://www.golynx.com/,registry_name_exact,registry:central-florida-regional-transit-authority-lynx
40036,City of Tallahassee,,FL,Full Reporter,"City, County or Local Government Unit or Department of Transportation",https://www.talgov.com/starmetro/starmetroHome.aspx,no_candidate,
40037,"Board of County Commissioners, Palm Beach County","Palm Tran, Inc.",FL,Full Reporter,"City, County or Local Government Unit or Department of Transportation",http://www.palmtran.org/,registry_name_exact,registry:palm-tran
40038,"Escambia County Board of County Commissioners, FL",Escambia County Area Transit,FL,Full Reporter,"City, County or Local Government Unit or Department of Transportation",http://www.goecat.com/,registry_name_exact,registry:escambia-county-area-transit-ecat
40040,Jacksonville Transportation Authority,,FL,Full Reporter,Independent Public Agency or Authority of Transit Service,http://www.jtafla.com/,registry_name_exact,registry:jacksonville-transportation-authority-jta
40041,Hillsborough Area Regional Transit Authority,,FL,Full Reporter,Independent Public Agency or Authority of Transit Service,http://www.gohart.org/,registry_name_exact,registry:hillsborough-area-regional-transit-hart
40042,Birmingham-Jefferson County Transit Authority,,AL,Full Reporter,Independent Public Agency or Authority of Transit Service,http://www.bjcta.org/,registry_name_exact,"registry:birmingham-jefferson-county-transit-authority,birmingham-jefferson-county-transit-authority-max,birmingham-jefferson-county-transit-authority-max-2263"
40043,City of Mobile,THE WAVE TRANSIT SYSTEM,AL,Full Reporter,"City, County or Local Government Unit or Department of Transportation",http://www.thewavetransit.com/,no_candidate,
40044,City of Montgomery,The M Transit,AL,Full Reporter,"City, County or Local Government Unit or Department of Transportation",montgomerytransit.com,registry_name_exact,registry:montgomery-transit
40045,Tuscaloosa County Parking and Transit Authority,Tuscaloosa Transit Authority,AL,Reduced Reporter,Independent Public Agency or Authority of Transit Service,http://www.tuscaloosatransit.com/,no_candidate,
40046,Sarasota County,Breeze Transit,FL,Full Reporter,"City, County or Local Government Unit or Department of Transportation",https://www.scgov.net/government/breeze-transit,registry_name_exact,"registry:sarasota-county-area-transit,sarasota-county-area-transit-scat"
40047,Athens-Clarke County Unified Government,Athens-Clarke County Transit Department,GA,Full Reporter,"City, County or Local Government Unit or Department of Transportation",www.accgov.com/transit,no_candidate,
40049,City of Gadsden,Gadsden Transportation Services,AL,Reduced Reporter,"City, County or Local Government Unit or Department of Transportation",http://www.gadsdendot.com/,no_candidate,
40051,Town of Chapel Hill,Chapel Hill Transit,NC,Full Reporter,"City, County or Local Government Unit or Department of Transportation",http://www.chtransit.org/,registry_ntd_id,registry:chapel-hill-transit-cht
40053,Greenville Transit Authority,Greenlink,SC,Full Reporter,Independent Public Agency or Authority of Transit Service,http://www.ridegreenlink.com/,registry_name_exact,registry:greenville-transit-authority-greenlink
40054,City of Johnson City,Johnson City Transit System,TN,Reduced Reporter,"City, County or Local Government Unit or Department of Transportation",http://www.johnsoncitytransit.org/,no_candidate,
40055,City of Bristol Tennessee,Bristol Tennessee Transit System,TN,Reduced Reporter,"City, County or Local Government Unit or Department of Transportation",http://www.bristoltn.org/142/Transit,no_candidate,
40056,Pee Dee Regional Transportation Authority,,SC,Full Reporter,Independent Public Agency or Authority of Transit Service,http://www.pdrta.org/,no_candidate,
40057,Jackson Transit Authority,,TN,Full Reporter,Independent Public Agency or Authority of Transit Service,http://www.ridejta.com/,registry_name_exact,registry:jackson-transit-authority
40058,City of Rome,,GA,Full Reporter,"City, County or Local Government Unit or Department of Transportation",https://www.romega.us/193/Transit,no_candidate,
40060,City of Hattiesburg,Hub City Transit,MS,Reduced Reporter,"City, County or Local Government Unit or Department of Transportation",https://www.hattiesburgms.com/hct/,no_candidate,
40063,Brevard Board of County Commissioners,Space Coast Area Transit,FL,Full Reporter,"City, County or Local Government Unit or Department of Transportation",http://www.321transit.com/,weak_shared_token,registry:emerald-coast-rider-ecr
40064,East Alabama Regional Planning and Development Commission,Areawide Community Transportation System,AL,Reduced Reporter,"MPO, COG or Other Planning Agency",https://www.earpdc.org/transportation-services/,registry_name_exact,registry:areawide-community-transportation-system
40071,"City of Huntsville, Alabama",Huntsville Transit,AL,Full Reporter,"City, County or Local Government Unit or Department of Transportation",https://www.huntsvilleal.gov/residents/streets/public-transportation/,registry_domain,registry:huntsville-shuttle-2081
40073,Lee-Russell Council of Governments,Lee-Russell Public Transit and Phenix City Express,AL,Reduced Reporter,"MPO, COG or Other Planning Agency",https://www.lrcog.com/public-transit/,no_candidate,
40074,Pasco County Board of County Commissioners,GoPasco,FL,Full Reporter,"City, County or Local Government Unit or Department of Transportation",http://www.gopasco.com/,weak_shared_token,registry:pasco-county-public-transportation
40077,South Florida Regional Transportation Authority,Tri-Rail,FL,Full Reporter,Independent Public Agency or Authority of Transit Service,http://www.tri-rail.com/,registry_name_exact,registry:south-florida-regional-transportation-authority-tri-rail
40078,Cobb County,CobbLinc,GA,Full Reporter,"City, County or Local Government Unit or Department of Transportation",https://www.cobbcounty.org/transportation/cobblinc,registry_name_exact,registry:cobblinc
40080,City of Kingsport,Kingsport Area Transit Service,TN,Reduced Reporter,"City, County or Local Government Unit or Department of Transportation",http://www.kingsporttransit.org/,no_candidate,
40081,City of Anderson,,SC,Reduced Reporter,"City, County or Local Government Unit or Department of Transportation",https://www.cityofandersonsc.com/transit/,no_candidate,
40082,County of Douglas,Connect Douglas,GA,Full Reporter,"City, County or Local Government Unit or Department of Transportation",www.connectdouglas.com,no_candidate,
40086,Metropolitan Bus Authority,,PR,Full Reporter,Independent Public Agency or Authority of Transit Service,https://www.dtop.pr.gov/,registry_domain,registry:puerto-rico-ati
40087,City of Durham,GoDurham,NC,Full Reporter,"City, County or Local Government Unit or Department of Transportation",http://www.godurhamtransit.org/,registry_name_exact,registry:godurham
40092,City of Clarksville,Clarksville Transit System,TN,Reduced Reporter,"City, County or Local Government Unit or Department of Transportation",http://www.ridects.com,no_candidate,
40093,City of Greensboro,Greensboro Transit Agency,NC,Full Reporter,"City, County or Local Government Unit or Department of Transportation",http://www.ridegta.com/,registry_name_exact,registry:greensboro-transit-authority-gta
40094,Alternativa de Transporte Integrado,Autoridad de Transporte Integrado,PR,Full Reporter,State Government Unit or Department of Transportation,https://www.ati.pr.gov,registry_domain,registry:puerto-rico-ati
40095,City of Greenville,Greenville Area Transit,NC,Reduced Reporter,"City, County or Local Government Unit or Department of Transportation",https://www.greenvillenc.gov/government/public-works/great-bus-system,no_candidate,
40096,City of Rocky Mount,Tar River Transit,NC,Reduced Reporter,"City, County or Local Government Unit or Department of Transportation",http://www.tarrivertransit.org,registry_name_exact,registry:tar-river-transit
40100,Santee Wateree Regional Transportation Authority,Santee Wateree RTA,SC,Full Reporter,Independent Public Agency or Authority of Transit Service,www.swrta.com,atlas_ntd_id,transitland-atlas
40101,City of Spartanburg South Carolina,Spartanburg Area Regional Transportation System,SC,Reduced Reporter,Independent Public Agency or Authority of Transit Service,https://www.cityofspartanburg.org/296/Public-Transportation,no_candidate,
40102,Waccamaw Regional Transportation Authority,Coast RTA,SC,Full Reporter,Independent Public Agency or Authority of Transit Service,http://www.coastrta.com/,no_candidate,
40104,Indian River County,GoLine,FL,Full Reporter,"City, County or Local Government Unit or Department of Transportation",http://www.golineirt.com/,no_candidate,
40105,Puerto Rico Highway and Transportation Authority,,PR,Full Reporter,State Government Unit or Department of Transportation,https://act.dtop.pr.gov/,registry_domain,registry:puerto-rico-ati
40108,Research Triangle Regional Public Transportation Authority,GoTriangle,NC,Full Reporter,Independent Public Agency or Authority of Transit Service,http://www.gotriangle.org/,registry_ntd_id,"registry:gotriangle,gotriangle-3183"
40110,Charleston Area Regional Transportation Authority,,SC,Full Reporter,Independent Public Agency or Authority of Transit Service,http://www.ridecarta.com/,registry_name_exact,registry:charleston-area-regional-transportation-authority-carta
40112,City of San Juan,,PR,Reduced Reporter,"City, County or Local Government Unit or Department of Transportation",https://sanjuan.pr/lineasj/,no_candidate,
40114,Municipality of Aguada,,PR,Reduced Reporter,"City, County or Local Government Unit or Department of Transportation",,no_candidate,
40115,Municipality of Caguas,,PR,Reduced Reporter,"City, County or Local Government Unit or Department of Transportation",http://www.caguas.gov.pr/transportacion-publica/,no_candidate,
40117,Municipality of Vega Baja,,PR,Reduced Reporter,"City, County or Local Government Unit or Department of Transportation",http://www.vegabaja.gov.pr,no_candidate,
40120,"City of Ocala, Florida",SunTran,FL,Reduced Reporter,"City, County or Local Government Unit or Department of Transportation",https://www.ocalafl.org/government/city-departments-i-z/suntran,registry_name_exact,registry:suntran-343
40121,Municipality of Hormigueros,,PR,Reduced Reporter,"City, County or Local Government Unit or Department of Transportation",www.municipiohormiguerospr.com,no_candidate,
40122,Municipality of Cayey,,PR,Reduced Reporter,"City, County or Local Government Unit or Department of Transportation",,no_candidate,
40123,Municipality of Gurabo,,PR,Reduced Reporter,"City, County or Local Government Unit or Department of Transportation",,no_candidate,
40124,Municipality of Cidra,,PR,Reduced Reporter,"City, County or Local Government Unit or Department of Transportation",,no_candidate,
40125,Municipality of Carolina,Gobierno Municipal Autonomo de Carolina,PR,Reduced Reporter,"City, County or Local Government Unit or Department of Transportation",http://www.municipiocarolina.com,no_candidate,
40126,Municipality of Humacao,Sistema de Transporte Colectivo de Humacao,PR,Reduced Reporter,"City, County or Local Government Unit or Department of Transportation",,weak_shared_token,registry:puerto-rico-ati
40128,Okaloosa County Board of County Commissioners,EC RIDER,FL,Full Reporter,"City, County or Local Government Unit or Department of Transportation",http://www.ECRider.org,weak_shared_token,registry:emerald-coast-rider-ecr
40130,Macon-Bibb County Transit Authority,,GA,Reduced Reporter,Independent Public Agency or Authority of Transit Service,http://www.mta-mac.com/,no_candidate,
40131,Davidson County,Davidson County Transportation,NC,Reduced Reporter,"City, County or Local Government Unit or Department of Transportation",https://www.co.davidson.nc.us/258/Transportation,atlas_ntd_id,transitland-atlas
40132,Goldsboro-Wayne Transportation Authority,,NC,Reduced Reporter,Independent Public Agency or Authority of Transit Service,http://www.RideGWTA.com/,no_candidate,
40137,Municipality of Bayamon,,PR,Reduced Reporter,"City, County or Local Government Unit or Department of Transportation",https://www.municipiodebayamon.com/servicios-municipales/desarrollo-urbano/planificacion-ordenamiento-territorial-y-administracion-de-fondos-federales,no_candidate,
40138,Gwinnett County Board of Commissioners,Ride Gwinnett,GA,Full Reporter,"City, County or Local Government Unit or Department of Transportation",http://www.ridegwinnett.com,weak_shared_token,"registry:gwinnett-county-transit,gwinnett-county-transit-2241"
40140,Collier County,Collier Area Transit,FL,Full Reporter,"City, County or Local Government Unit or Department of Transportation",www.rideCAT.com,registry_name_exact,"registry:collier-area-transit-cat,collier-area-transit-cat-2259"
40141,Central Midlands Regional Transportation Authority,The COMET,SC,Full Reporter,Independent Public Agency or Authority of Transit Service,https://catchthecometsc.gov/,registry_name_exact,"registry:the-comet,the-comet-2209"
40143,Town of Cary,GoCary,NC,Reduced Reporter,"City, County or Local Government Unit or Department of Transportation",http://www.gocary.org,registry_ntd_id,"registry:gocary,gocary-2277"
40144,City of Gainesville,Hall Area Transit,GA,Reduced Reporter,"City, County or Local Government Unit or Department of Transportation",www.gainesville.org/hall-area-transit,no_candidate,
40145,Municipality of Manati,Municipio de Manati,PR,Reduced Reporter,"City, County or Local Government Unit or Department of Transportation",,no_candidate,
40146,Hernando County Board of County Commissioners,TheBus,FL,Reduced Reporter,"City, County or Local Government Unit or Department of Transportation",http://www.hernandobus.com/,weak_shared_token,registry:hernando-county-transit-thebus
40147,North Carolina State University,,NC,Full Reporter,University,http://www.ncsu.edu/transportation/,registry_name_exact,"registry:north-carolina-state-university-ncsu,north-carolina-state-university-ncsu-2245"
40150,Municipality of Barceloneta,,PR,Reduced Reporter,"City, County or Local Government Unit or Department of Transportation",,no_candidate,
40151,Municipality of Hatillo,,PR,Reduced Reporter,"City, County or Local Government Unit or Department of Transportation",,no_candidate,
40155,"St Johns County, Florida",St Johns County Sunshine Bus Company,FL,Reduced Reporter,"City, County or Local Government Unit or Department of Transportation",http://sunshinebus.net/,weak_shared_token,"registry:central-florida-regional-transit-authority-lynx,florida-department-of-transportation-sunrail,south-florida-regional-transportation-authority-tri-rail,sunshine-bus-company"
40156,Lower Savannah COG,,SC,Reduced Reporter,"MPO, COG or Other Planning Agency",www.bestfriendexpress.com,no_candidate,
40158,Lake County Board of County Commissioners,LakeXpress,FL,Full Reporter,"City, County or Local Government Unit or Department of Transportation",https://ridelakexpress.com/,registry_name_exact,registry:lakexpress
40159,Regional Transportation Authority,WeGo Public Transit,TN,Full Reporter,Independent Public Agency or Authority of Transit Service,https://www.wegotransit.com/,registry_domain,registry:nashville-mta-wego-public-transit
40160,Municipality of Camuy,,PR,Reduced Reporter,"City, County or Local Government Unit or Department of Transportation",,no_candidate,
40161,Cherokee County Board of Commissioners,Cherokee Area Transit Service (CATS),GA,Reduced Reporter,"City, County or Local Government Unit or Department of Transportation",https://www.cherokeecountyga.gov/Transportation/,weak_shared_token,registry:cherokee-area-transportation-system-cats
40162,Franklin Transit Authority,Franklin Transit,TN,Reduced Reporter,"City, County or Local Government Unit or Department of Transportation",https://franklintransit.org/,registry_name_exact,registry:franklin-transit-authority
40163,Municipality of Catano,,PR,Reduced Reporter,"City, County or Local Government Unit or Department of Transportation",,no_candidate,
40164,Municipality of Fajardo,,PR,Reduced Reporter,"City, County or Local Government Unit or Department of Transportation",https://fajardopr.org/sigue-la-ruta-del-trolley-y-visita-nuestro-fajardo,no_candidate,
40165,Municipality of Juncos,,PR,Reduced Reporter,"City, County or Local Government Unit or Department of Transportation",,no_candidate,
40166,City of Jacksonville,Jacksonville Transit,NC,Reduced Reporter,"City, County or Local Government Unit or Department of Transportation",http://www.jacksonvillenc.gov/transit,no_candidate,
40167,City of Concord,Concord Kannapolis Area Transit (Rider),NC,Reduced Reporter,"City, County or Local Government Unit or Department of Transportation",http://www.ckrider.com/,registry_name_exact,"registry:concord-kannapolis-area-transit-rider-transit,concord-kannapolis-area-transit-rider-transit-2244"
40170,Southeast Tennessee Human Resource Agency,Cleveland Urban Area Transit System Division,TN,Reduced Reporter,Other Publicly-Owned or Privately Chartered Corporation,http://www.sethra.us/services/transportation,no_candidate,
40172,Western Piedmont Regional Transit Authority,Greenway Public Transportation,NC,Full Reporter,Independent Public Agency or Authority of Transit Service,http://www.mygreenway.org/,weak_shared_token,registry:piedmont-authority-for-regional-transportation-part
40173,Piedmont Authority for Regional Transportation,,NC,Full Reporter,Independent Public Agency or Authority of Transit Service,http://www.PARTnc.org/,registry_name_exact,registry:piedmont-authority-for-regional-transportation-part
40174,Municipality of Yauco,Sistema de Transporte Colectivo Yauco,PR,Reduced Reporter,"City, County or Local Government Unit or Department of Transportation",,weak_shared_token,registry:puerto-rico-ati
40175,Puerto Rico Maritime Transport Authority,,PR,Full Reporter,State Government Unit or Department of Transportation,https://www.puertoricoferry.com/routes-schedules/ceiba-vieques/,weak_shared_token,registry:puerto-rico-ati
40180,University of Georgia,Transportation and Parking Services,GA,Full Reporter,University,https://TPS.uga.edu/,weak_shared_token,"registry:emory-university-cliff-shuttles,georgia-tech-trolley-stinger-shuttles"
40182,Municipality of Toa Baja,,PR,Reduced Reporter,"City, County or Local Government Unit or Department of Transportation",http://www.toabaja.com/,no_candidate,
40183,Municipality of San Sebastian,,PR,Reduced Reporter,"City, County or Local Government Unit or Department of Transportation",,no_candidate,
40184,City of Bowling Green,GOBG Transit,KY,Reduced Reporter,"City, County or Local Government Unit or Department of Transportation",http://www.bgky.org/transit,no_candidate,
40185,Bay County Transportation Planning Organization,Bayway,FL,Full Reporter,"MPO, COG or Other Planning Agency",http://www.baywaytransit.org,no_candidate,
40186,City of Murfreesboro,Murfreesboro Transit,TN,Reduced Reporter,"City, County or Local Government Unit or Department of Transportation",http://www.murfreesborotn.gov/248/Public-Transit---Rover-Bus-System,no_candidate,
40188,Government of the Virgin Islands,Vitran,VI,Reduced Reporter,State Government Unit or Department of Transportation,www.vitranvi.com,no_candidate,
40190,"East Tennessee Human Resource Agency, Inc.",,TN,Reduced Reporter,Other Publicly-Owned or Privately Chartered Corporation,https://www.ethrapublictransit.org,no_candidate,
40192,Martin County,,FL,Full Reporter,"City, County or Local Government Unit or Department of Transportation",www.martin.fl.us/transit,no_candidate,
40193,"City of Hinesville, Georgia",Liberty Transit,GA,Reduced Reporter,"City, County or Local Government Unit or Department of Transportation",http://www.libertytransit.org/,weak_shared_token,registry:georgia-tech-trolley-stinger-shuttles
40194,Municipality of Mayaguez,,PR,Reduced Reporter,"City, County or Local Government Unit or Department of Transportation",,no_candidate,
40195,Municipality of San Lorenzo,,PR,Reduced Reporter,"City, County or Local Government Unit or Department of Transportation",http://www.sanlorenzosts.com,no_candidate,
40197,Municipality of Lares,,PR,Reduced Reporter,"City, County or Local Government Unit or Department of Transportation",,no_candidate,
40198,Municipality of Dorado,,PR,Reduced Reporter,"City, County or Local Government Unit or Department of Transportation",,no_candidate,
40199,Autonomous Municipality of Vega Alta,Municipio Autonomo de Vega Alta,PR,Reduced Reporter,"City, County or Local Government Unit or Department of Transportation",,no_candidate,
40201,Municipality of Guaynabo,,PR,Reduced Reporter,"City, County or Local Government Unit or Department of Transportation",https://www.guaynabocity.gov.pr/,no_candidate,
40205,The County of Iredell,Iredell County Area Transportation Services,NC,Reduced Reporter,"City, County or Local Government Unit or Department of Transportation",http://www.rideICATS.com,no_candidate,
40206,Berkeley Charleston Dorchester RTMA,TriCounty Link,SC,Reduced Reporter,Independent Public Agency or Authority of Transit Service,http://www.ridetricountylink.com/,weak_shared_token,registry:charleston-area-regional-transportation-authority-carta
40208,City of Clemson,Clemson Area Transit,SC,Reduced Reporter,"City, County or Local Government Unit or Department of Transportation",http://www.catbus.com/,registry_name_exact,registry:clemson-area-transit-cat
40210,Craven County,Craven Area Rural Transit System,NC,Rural Reporter,"City, County or Local Government Unit or Department of Transportation",https://www.cravencountync.gov/165/Transportation-CARTS,no_candidate,
40218,City of La Grange,Oldham's Public Bus,KY,Rural Reporter,"City, County or Local Government Unit or Department of Transportation",https://www.lagrangeky.net/city-bus-service.html,no_candidate,
40221,Gaston County,ACCESS Transportation,NC,Reduced Reporter,"City, County or Local Government Unit or Department of Transportation",https://www.gastongov.com/164/ACCESS---Transportation,no_candidate,
40224,Buncombe County,Mountain Mobility,NC,Full Reporter,"City, County or Local Government Unit or Department of Transportation",http://www.buncombecounty.org/transportation,no_candidate,
40226,"Mountain Projects, Inc.",Haywood Public Transit,NC,Rural Reporter,Private-Non-Profit Corporation,www.haywoodtransit.com,no_candidate,
40229,Henderson County,Apple Country Public Transit,NC,Reduced Reporter,"City, County or Local Government Unit or Department of Transportation",http://www.applecountrytransit.com/,no_candidate,
40231,Orange County,Orange County Public Transit,NC,Reduced Reporter,"City, County or Local Government Unit or Department of Transportation",https://www.orangecountync.gov/transit,no_candidate,
40232,Central Florida Commuter Rail,SunRail,FL,Full Reporter,State Government Unit or Department of Transportation,http://SunRail.com/,registry_domain,registry:florida-department-of-transportation-sunrail
40233,City of Salisbury,Salisbury Transit,NC,Reduced Reporter,"City, County or Local Government Unit or Department of Transportation",http://www.salisburync.gov/transit/,no_candidate,
40234,Autonomous Municipality of Ponce,SITRAS,PR,Reduced Reporter,"City, County or Local Government Unit or Department of Transportation",www.sitrasponce.com,no_candidate,
40238,City of Coconut Creek,,FL,Reduced Reporter,"City, County or Local Government Unit or Department of Transportation",https://www.coconutcreek.net/pw/freebus,no_candidate,
40239,City of Deerfield Beach,Deerfield Beach Express Community Shuttle,FL,Reduced Reporter,"City, County or Local Government Unit or Department of Transportation",www.deerfield-beach.com/1513/Transportation-Services,weak_shared_token,registry:city-of-miami-beach
40240,City of Lighthouse Point,,FL,Reduced Reporter,"City, County or Local Government Unit or Department of Transportation",https://www.lighthousepoint.com/191/Community-Shuttle,no_candidate,
40241,City of Miramar,,FL,Reduced Reporter,"City, County or Local Government Unit or Department of Transportation",https://www.miramarfl.gov/Departments/Public-Works/Transit-Operations,no_candidate,
40248,Town of Hillsboro Beach,Hillsboro Community Shuttle,FL,Reduced Reporter,"City, County or Local Government Unit or Department of Transportation",http://www.townofhillsborobeach.com/206/Community-Shuttle-Schedule,weak_shared_token,"registry:bay-town-trolley,city-of-miami-beach"
40249,City of Hallandale Beach,Hallandale Beach Minibus,FL,Reduced Reporter,"City, County or Local Government Unit or Department of Transportation",http://www.cohb.org/minibus,weak_shared_token,registry:city-of-miami-beach
40250,City of Lauderdale Lakes,,FL,Reduced Reporter,"City, County or Local Government Unit or Department of Transportation",http://www.lauderdalelakes.org/459/Transportation,no_candidate,
40251,City of Pembroke Pines,,FL,Reduced Reporter,"City, County or Local Government Unit or Department of Transportation",https://www.ppines.com/215/Transportation,no_candidate,
40252,City Of Burlington,Link Transit,NC,Full Reporter,"City, County or Local Government Unit or Department of Transportation",www.linktransit.org,registry_ntd_id,"registry:link-transit,link-transit-1971"
40253,City of Coral Springs,Community Shuttle,FL,Reduced Reporter,"City, County or Local Government Unit or Department of Transportation",https://www.coralsprings.org/Government/Departments/Parks-and-Recreation/Community-Bus,no_candidate,
40254,City of Lauderhill,,FL,Reduced Reporter,"City, County or Local Government Unit or Department of Transportation",https://www.lauderhill-fl.gov/community-services/community-shuttle,no_candidate,
40256,City of Margate,Community Bus Svc and Margate Inner-City Transit,FL,Reduced Reporter,"City, County or Local Government Unit or Department of Transportation",https://www.margatefl.com/316/Community-Bus-Service,no_candidate,
40257,City of Pompano Beach,Community Shuttle Program,FL,Reduced Reporter,"City, County or Local Government Unit or Department of Transportation",https://www.pompanobeachfl.gov/residents/resident-information/community-shuttle-program,weak_shared_token,registry:city-of-miami-beach
40261,City of Dania Beach,Community Bus Service,FL,Reduced Reporter,"City, County or Local Government Unit or Department of Transportation",http://www.daniabeachfl.gov/2213/Community-Bus-Service,weak_shared_token,"registry:city-of-miami-beach,dry-tortugas-national-park"
40262,Town of Davie,,FL,Reduced Reporter,"City, County or Local Government Unit or Department of Transportation",https://www.davie-fl.gov/quicklinks.aspx?CID=85,weak_shared_token,registry:bay-town-trolley
40269,Municipality of Añasco,,PR,Reduced Reporter,"City, County or Local Government Unit or Department of Transportation",https://www.municipiodeanasco.com/transporte-colectivo-stc,no_candidate,
40270,City of Rock Hill,My Ride,SC,Reduced Reporter,"City, County or Local Government Unit or Department of Transportation",https://myriderockhill.com/,no_candidate,
40275,City of North Lauderdale,City of North Lauderdale Community Shuttle,FL,Reduced Reporter,"City, County or Local Government Unit or Department of Transportation",https://www.nlauderdale.org/departments/community_development/community_shuttle_program.php,no_candidate,
40277,Town of Apex,GoApex,NC,Reduced Reporter,"City, County or Local Government Unit or Department of Transportation",www.apexnc.org/GoApex,atlas_ntd_id,transitland-atlas
40278,Municipality of Cabo Rojo,,PR,Reduced Reporter,"City, County or Local Government Unit or Department of Transportation",https://ciudadcaborojo.com/transportacion/,no_candidate,
40279,Municipality of Canovanas,,PR,Reduced Reporter,"City, County or Local Government Unit or Department of Transportation",,no_candidate,
40280,Municipality of Corozal,,PR,Reduced Reporter,"City, County or Local Government Unit or Department of Transportation",,no_candidate,
40918,Wilkes Transportation Authority,,NC,Rural Reporter,Independent Public Agency or Authority of Transit Service,http://www.wta1.org/,no_candidate,
40920,Ride Solution,,FL,Rural Reporter,Private-Non-Profit Corporation,http://theridesolution.org/,weak_shared_token,registry:i-ride-trolley-i-ride
40929,Rockingham County Council on Aging,,NC,Rural Reporter,"City, County or Local Government Unit or Department of Transportation",http://www.adtsrc.org/,no_candidate,
40948,Bluegrass Community Action Agency,,KY,Rural Reporter,Private-Non-Profit Corporation,http://www.bluegrasscommunityaction.org/bgcap_bus.html,weak_shared_token,registry:blue-grass-community-action-partnership
40952,Williamsburg County,,SC,Rural Reporter,"City, County or Local Government Unit or Department of Transportation",http://www.wctransit.org,no_candidate,
40953,"Pennyrile Allied Community Services, Inc.",,KY,Rural Reporter,Private-Non-Profit Corporation,http://www.pacs-ky.org/,weak_shared_token,mdb:mdb-362
40954,South Central Tennessee Development District,South Central Area Transit Service,TN,Full Reporter,Independent Public Agency or Authority of Transit Service,https://www.sctdd.org/transportation/,registry_domain,registry:muletown-trolley
40958,Municipality of Orocovis,,PR,Reduced Reporter,"City, County or Local Government Unit or Department of Transportation",https://act.dtop.pr.gov,registry_domain,registry:puerto-rico-ati
40978,Upper-Cumberland Human Resource Agency,,TN,Rural Reporter,Independent Public Agency or Authority of Transit Service,http://www.uchra.com,no_candidate,
40979,"KY River Foothills Development Council, Inc.",,KY,Rural Reporter,Private-Non-Profit Corporation,https://foothillscap.org/programs/transportation-department/,weak_shared_token,"registry:transit-authority-of-river-city-tarc,transit-authority-of-river-city-tarc-2662"
40983,Rutherford County,,NC,Rural Reporter,"City, County or Local Government Unit or Department of Transportation",https://www.rutherfordcountync.gov/Departments/transit/,no_candidate,
40989,Southeast Tennessee Human Resource Agency-Rural Division,,TN,Rural Reporter,Independent Public Agency or Authority of Transit Service,http://www.sethra.us,no_candidate,
40991,Municipality of Utuado,,PR,Rural Reporter,"City, County or Local Government Unit or Department of Transportation",,no_candidate,
40999,Sumter County Board of County Commissioners,Sumter County Transit,FL,Reduced Reporter,"City, County or Local Government Unit or Department of Transportation",http://www.sumtercountyfl.gov/transit,no_candidate,
41003,Fairfield County Transit System,,SC,Rural Reporter,"City, County or Local Government Unit or Department of Transportation",https://www.fairfieldsc.com/departments/transit-system,no_candidate,
41010,Person County,,NC,Rural Reporter,"City, County or Local Government Unit or Department of Transportation",https://www.personcountync.gov/departments-services/departments-i-z/transportation-pats,no_candidate,
41013,Paducah Transit Authority,Paducah Area Transit System,KY,Reduced Reporter,Independent Public Agency or Authority of Transit Service,http://www.paducahtransit.com/,no_candidate,
41028,Scotland County,,NC,Rural Reporter,"City, County or Local Government Unit or Department of Transportation",https://www.scotlandcounty.org/435/Transportation,no_candidate,
41029,Ashe County Transportation Authority Inc,,NC,Rural Reporter,Independent Public Agency or Authority of Transit Service,http://www.actatravels.com/,no_candidate,
41030,Mississippi State University,,MS,Rural Reporter,University,http://www.smart.msstate.edu/,no_candidate,
41032,City of Maysville,Maysville City Transit,KY,Rural Reporter,"City, County or Local Government Unit or Department of Transportation",https://www.cityofmaysvilleky.gov/departments/public_works_department/index.php,no_candidate,
41043,Mitchell County Transportation Authority,,NC,Rural Reporter,"City, County or Local Government Unit or Department of Transportation",http://mitchellcounty.org/departments/transportation,no_candidate,
41048,Kerr Area Transportation Authority,Kerr Area Regional Transportation System,NC,Rural Reporter,Independent Public Agency or Authority of Transit Service,http://www.kartsnc.com/,no_candidate,
41052,City of Oxford,,MS,Rural Reporter,"City, County or Local Government Unit or Department of Transportation",https://www.outtransit.com,no_candidate,
41053,Murray-Calloway County Transit Authority,,KY,Rural Reporter,Independent Public Agency or Authority of Transit Service,http://www.murraytransit.com/,no_candidate,
41060,City of Key West,Key West Transit,FL,Rural Reporter,"City, County or Local Government Unit or Department of Transportation",https://www.cityofkeywest-fl.gov/347/Transportation-KWDoT,registry_name_exact,registry:key-west-transit
41069,Cherokee County,,NC,Rural Reporter,"City, County or Local Government Unit or Department of Transportation",http://www.cherokeecounty-nc.gov,no_candidate,
41082,Transp. Administration of Cleveland County. Inc,,NC,Rural Reporter,Private-Non-Profit Corporation,http://www.taccshelbync.com/,no_candidate,
41083,City of Glasgow,Glasgow Transit System,KY,Rural Reporter,"City, County or Local Government Unit or Department of Transportation",http://www.cityofglasgow.org/,no_candidate,
41092,Lowcountry Regional Transportation Authority,Palmetto Breeze,SC,Reduced Reporter,Independent Public Agency or Authority of Transit Service,http://palmettobreezetransit.com,no_candidate,
41102,City of Gatlinburg,,TN,Rural Reporter,"City, County or Local Government Unit or Department of Transportation",http://www.gatlinburgtrolley.org,no_candidate,
41115,Transylvania County,,NC,Rural Reporter,"City, County or Local Government Unit or Department of Transportation",http://www.transylvaniacounty.org,no_candidate,
41118,Birmingham Regional Paratransit Consortium,ClasTran,AL,Reduced Reporter,Private-Non-Profit Corporation,https://WWW.CLASTRAN.COM/,weak_shared_token,"registry:birmingham-jefferson-county-transit-authority,birmingham-jefferson-county-transit-authority-max,birmingham-jefferson-county-transit-authority-max-2263"
41120,City of Frankfort,Frankfort Public Transit,KY,Rural Reporter,"City, County or Local Government Unit or Department of Transportation",https://www.transit.frankfort.ky.gov/home,no_candidate,
41127,AppalCart,,NC,Rural Reporter,Independent Public Agency or Authority of Transit Service,http://www.appalcart.com,no_candidate,
41136,City of Pigeon Forge,,TN,Rural Reporter,"City, County or Local Government Unit or Department of Transportation",http://www.pigeonforgetrolley.org,no_candidate,
41153,Big Bend Transit,,FL,Rural Reporter,Private-Non-Profit Corporation,http://www.bigbendtransit.org,no_candidate,
41157,County of Citrus,,FL,Reduced Reporter,"City, County or Local Government Unit or Department of Transportation",www.citruscountytransit.com,registry_name_exact,"registry:citrus-county-transit,citrus-county-transit-2257"
41167,Jackson County,,NC,Rural Reporter,"City, County or Local Government Unit or Department of Transportation",http://www.jacksoncountytransit.com/,no_candidate,
41170,Baker Council on Aging,,FL,Rural Reporter,Private-Non-Profit Corporation,http://www.bakercoa.org,no_candidate,
41182,Municipality of Comerio,,PR,Reduced Reporter,"City, County or Local Government Unit or Department of Transportation",https://www.pr.gov/directorio-municipos/comerio,registry_domain,registry:puerto-rico-ati
41191,Macon County,,NC,Rural Reporter,"City, County or Local Government Unit or Department of Transportation",http://www.maconnc.org/transit.html,no_candidate,
41199,Board of County Commissioners of St. Lucie County,Area Regional Transit,FL,Full Reporter,"City, County or Local Government Unit or Department of Transportation",https://www.stlucieco.gov/departments-and-services/area-regional-transit,no_candidate,
42000,Atlanta-Region Transit Link Authority,,GA,Full Reporter,State Government Unit or Department of Transportation,https://atltransit.ga.gov/,weak_shared_token,"registry:atlanta-streetcar,metropolitan-atlanta-rapid-transit-authority-marta"
44913,Eastern Band of Cherokee Indians,,NC,Reduced Reporter,Tribe,http://www.cherokeetransit.com/,no_candidate,
44929,City of Fort Lauderdale,,FL,Full Reporter,"City, County or Local Government Unit or Department of Transportation",https://www.fortlauderdale.gov/laudergo,weak_shared_token,registry:fort-matanzas-ferry
44932,City of Tamarac,,FL,Reduced Reporter,"City, County or Local Government Unit or Department of Transportation",https://www.tamarac.org/439/Community-Shuttle-Service,no_candidate,
44938,Central Florida Regional Planning Council,,FL,Rural Reporter,"MPO, COG or Other Planning Agency",www.cfrpc.org,weak_shared_token,"registry:central-florida-regional-transit-authority-lynx,florida-department-of-transportation-sunrail,south-florida-regional-transportation-authority-tri-rail"
44941,Municipality of Jayuya,,PR,Rural Reporter,"City, County or Local Government Unit or Department of Transportation",,no_candidate,
44942,Municipality of Coamo,,PR,Rural Reporter,"City, County or Local Government Unit or Department of Transportation",,no_candidate,
44943,Municipality of Vieques,,PR,Rural Reporter,"City, County or Local Government Unit or Department of Transportation",,no_candidate,
44944,City of Scottsville,City of Scottsville Transit,KY,Rural Reporter,"City, County or Local Government Unit or Department of Transportation",https://www.cityofscottsville.org/departments/city-transit,no_candidate,
44947,County of Hyde,,NC,Rural Reporter,"City, County or Local Government Unit or Department of Transportation",https://www.hydecountync.gov/,no_candidate,
44958,North Carolina Department of Transportation -- Ferry Division,,NC,Rural Reporter,State Government Unit or Department of Transportation,http://www.ncdot.org,weak_shared_token,"registry:cape-lookout-national-seashore,north-carolina-state-university-ncsu,north-carolina-state-university-ncsu-2245"
44976,Municipality of Patillas,,PR,Rural Reporter,"City, County or Local Government Unit or Department of Transportation",,no_candidate,
44980,Hendry Co. BOCC,STREAM,FL,Rural Reporter,"City, County or Local Government Unit or Department of Transportation",https://www.hendryfla.net/transit.php,no_candidate,
44984,City of Henderson KY,,KY,Rural Reporter,"City, County or Local Government Unit or Department of Transportation",https://www.hendersonky.gov/199/Mass-Transit,no_candidate,
50001,City of Appleton,Valley Transit,WI,Full Reporter,"City, County or Local Government Unit or Department of Transportation",http://www.myvalleytransit.com,registry_name_exact,"registry:valley-transit-wi,valley-transit-wi-2069"
50002,City of Green Bay,Green Bay Metro,WI,Full Reporter,"City, County or Local Government Unit or Department of Transportation",http://www.greenbaymetro.org/,registry_name_exact,registry:green-bay-metro
50003,City of Kenosha,Kenosha Area Transit,WI,Full Reporter,"City, County or Local Government Unit or Department of Transportation",https://www.kenosha.org/departments/transportation,no_candidate,
50004,City of La Crosse,City Of La Crosse MTU,WI,Full Reporter,"City, County or Local Government Unit or Department of Transportation",http://www.cityoflacrosse.org/your-government/departments/municipal-transit-mtu,no_candidate,
50005,City of Madison,,WI,Full Reporter,"City, County or Local Government Unit or Department of Transportation",http://www.mymetrobus.com/,registry_ntd_id,registry:metro-transit-city-of-madison
50006,"City of Racine, Wisconsin",RYDE Racine,WI,Full Reporter,"City, County or Local Government Unit or Department of Transportation",www.ryderacine.com,registry_name_exact,"registry:ryde-racine,ryde-racine-2246"
50007,Bay Mills Indian Community,Bay Mills Public Transportation,MI,Reduced Reporter,Tribe,http://www.BayMills.org/,weak_shared_token,registry:indian-trails-detroit-ann-arbor-express
50008,Milwaukee County,Milwaukee County Transit System,WI,Full Reporter,"City, County or Local Government Unit or Department of Transportation",http://www.ridemcts.com/,registry_name_exact,"registry:milwaukee-county-transit-system-mcts,milwaukee-county-transit-system-mcts-2127"
50009,"City of Oshkosh, Wisconsin",GO Transit,WI,Reduced Reporter,"City, County or Local Government Unit or Department of Transportation",http://www.rideGOtransit.com/,registry_name_exact,registry:go-transit
50010,METRO Regional Transit Authority,,OH,Full Reporter,Independent Public Agency or Authority of Transit Service,http://www.yourmetrobus.org,registry_domain,registry:akron-metro-regional-transit-authority-metro-2071
50011,Stark Area Regional Transit Authority,,OH,Full Reporter,Independent Public Agency or Authority of Transit Service,http://www.sartaonline.com/,registry_name_exact,"registry:stark-area-regional-transit-authority-sarta,stark-area-regional-transit-authority-sarta-2001"
50012,Southwest Ohio Regional Transit Authority,Metro / Access,OH,Full Reporter,Independent Public Agency or Authority of Transit Service,http://www.go-metro.com/,registry_ntd_id,registry:cincinnati-metro
50015,The Greater Cleveland Regional Transit Authority,,OH,Full Reporter,Independent Public Agency or Authority of Transit Service,http://www.riderta.com/,registry_name_exact,registry:greater-cleveland-regional-transit-authority
50016,Central Ohio Transit Authority,,OH,Full Reporter,Independent Public Agency or Authority of Transit Service,http://www.cota.com/,registry_ntd_id,registry:central-ohio-transit-authority-cota
50017,Greater Dayton Regional Transit Authority,,OH,Full Reporter,Independent Public Agency or Authority of Transit Service,http://www.greaterdaytonrta.org/,registry_name_exact,registry:greater-dayton-regional-transit-authority-greater-dayton-rta
50019,City of Middletown,Middletown Transit System,OH,Reduced Reporter,"City, County or Local Government Unit or Department of Transportation",http://www.butlercountyrta.com/schedules-maps/middletown-routes,registry_domain,registry:butler-county-regional-transit-authority
50020,"City of Springfield, Ohio",,OH,Reduced Reporter,"City, County or Local Government Unit or Department of Transportation",https://springfieldohio.gov/springfield-city-area-transit-scat/,weak_shared_token,registry:central-ohio-transit-authority-cota
50021,Portage Area Regional Transportation Authority,,OH,Full Reporter,Independent Public Agency or Authority of Transit Service,http://www.partaonline.org/,registry_name_exact,"registry:portage-area-regional-transportation-authority-parta,portage-area-regional-transportation-authority-parta-2256"
50022,Toledo Area Regional Transit Authority,,OH,Full Reporter,Independent Public Agency or Authority of Transit Service,http://www.tarta.com/,no_candidate,
50024,Western Reserve Transit Authority,,OH,Full Reporter,Independent Public Agency or Authority of Transit Service,http://www.wrtaonline.com/,registry_name_exact,registry:western-reserve-transit-authority
50025,Duluth Transit Authority,DTA,MN,Full Reporter,Independent Public Agency or Authority of Transit Service,http://www.duluthtransit.com/,registry_name_exact,registry:duluth-transit
50026,City of Moorhead,MATBUS,MN,Full Reporter,"City, County or Local Government Unit or Department of Transportation",http://www.matbus.com/,no_candidate,
50027,Metro Transit,,MN,Full Reporter,"Subsidiary Unit of a Transit Agency, Reporting Separately",http://www.metrotransit.org/,registry_ntd_id,registry:metro-transit
50028,St. Cloud Metropolitan Transit Commission,Metro Bus,MN,Full Reporter,Independent Public Agency or Authority of Transit Service,http://www.ridemetrobus.com/,weak_shared_token,registry:metro-transit
50029,Bay Metropolitan Transit Authority,Bay Metro,MI,Full Reporter,Independent Public Agency or Authority of Transit Service,http://www.baymetro.com/,registry_name_exact,"registry:bay-area-transportation-authority,bay-area-transportation-authority-2254"
50030,City of Battle Creek,Battle Creek Transit,MI,Reduced Reporter,"City, County or Local Government Unit or Department of Transportation",http://www.battlecreekmi.gov/transit,no_candidate,
50031,Suburban Mobility Authority for Regional Transportation,,MI,Full Reporter,Independent Public Agency or Authority of Transit Service,http://www.smartbus.org/,registry_name_exact,registry:suburban-mobility-authority-for-regional-transit-smart
50032,Mass Transportation Authority,MTA Flint,MI,Full Reporter,Independent Public Agency or Authority of Transit Service,http://www.mtaflint.org/,registry_domain,registry:mass-transportation-authority-flint
50033,Interurban Transit Partnership,The Rapid,MI,Full Reporter,Independent Public Agency or Authority of Transit Service,http://www.ridetherapid.org/,registry_name_exact,registry:the-rapid
50034,City of Jackson Transportation Authority,Jackson Area Transportation Authority,MI,Full Reporter,Independent Public Agency or Authority of Transit Service,http://www.mijata.org/,no_candidate,
50035,Central County Transportation Authority,Metro Transit,MI,Full Reporter,Independent Public Agency or Authority of Transit Service,http://www.kmetro.org/,weak_shared_token,"registry:kalamazoo-metro-transit,kalamazoo-metro-transit-2070"
50036,Capital Area Transportation Authority,,MI,Full Reporter,Independent Public Agency or Authority of Transit Service,http://www.cata.org/,registry_ntd_id,registry:capital-area-transportation-authority-cata
50037,County of Muskegon,Muskegon Area Transit System,MI,Reduced Reporter,"City, County or Local Government Unit or Department of Transportation",http://www.matsbus.com/,no_candidate,
50038,City of Niles,Niles Dial-A-Ride,MI,Reduced Reporter,"City, County or Local Government Unit or Department of Transportation",http://www.nilesdialaride.org/,no_candidate,
50039,Saginaw Transit Authority Regional Service,,MI,Full Reporter,Independent Public Agency or Authority of Transit Service,http://www.saginaw-stars.com/,no_candidate,
50040,Ann Arbor Area Transportation Authority,,MI,Full Reporter,Independent Public Agency or Authority of Transit Service,http://www.theride.org/,registry_name_exact,registry:ann-arbor-area-transportation-authority-theride
50041,City of Anderson,City of Anderson Transit System,IN,Reduced Reporter,"City, County or Local Government Unit or Department of Transportation",http://www.cityofanderson.com/136/City-of-Anderson-Transit-System-CATS,no_candidate,
50042,City of East Chicago,EAST CHICAGO TRANSIT,IN,Reduced Reporter,"City, County or Local Government Unit or Department of Transportation",http://www.eastchicago.com/161/Bus-Transit,no_candidate,
50043,City of Evansville,,IN,Full Reporter,"City, County or Local Government Unit or Department of Transportation",http://www.evansvillegov.org/mets,no_candidate,
50044,Fort Wayne Public Transportation Corporation,Citilink,IN,Full Reporter,Independent Public Agency or Authority of Transit Service,http://www.fwcitilink.com/,registry_name_exact,"registry:citilink,citilink-2266"
50045,Gary Public Transportation Corporation,,IN,Full Reporter,Independent Public Agency or Authority of Transit Service,http://www.gptcbus.com/,no_candidate,
50047,Bloomington-Normal Public Transit System,Connect Transit,IL,Full Reporter,Independent Public Agency or Authority of Transit Service,http://www.connect-transit.com/,registry_name_exact,"registry:connect-transit-1238,connect-transit-2267"
50050,Indianapolis and Marion County Public Transportation,IndyGo,IN,Full Reporter,Independent Public Agency or Authority of Transit Service,http://www.indygo.net/,registry_name_exact,registry:indygo
50051,Greater Lafayette Public Transportation Corporation,CityBus,IN,Full Reporter,Independent Public Agency or Authority of Transit Service,http://www.gocitybus.com/,registry_domain,registry:citybus-of-greater-lafayette-indiana-citybus
50052,South Bend Public Transportation Corporation,Transpo,IN,Full Reporter,Independent Public Agency or Authority of Transit Service,http://www.sbtranspo.com/,weak_shared_token,registry:south-shore-line
50053,City of Terre Haute,Terre Haute Transit Utility,IN,Full Reporter,"City, County or Local Government Unit or Department of Transportation",http://www.terrehaute.in.gov/departments/transit-department,registry_name_exact,registry:terre-haute-transit-utility
50054,Muncie Indiana Transit System,,IN,Full Reporter,Independent Public Agency or Authority of Transit Service,http://www.mitsbus.org,registry_name_exact,registry:muncie-indiana-transit-system-mits
50056,Greater Peoria Mass Transit District,CityLink,IL,Full Reporter,Independent Public Agency or Authority of Transit Service,http://www.ridecitylink.org/,registry_name_exact,"registry:greater-peoria-mass-transit-citylink,greater-peoria-mass-transit-citylink-2208"
50057,Rock Island County Metropolitan Mass Transit District,,IL,Full Reporter,Independent Public Agency or Authority of Transit Service,http://www.qcmetrolink.com/,registry_name_fuzzy,registry:metro-rock-island-county-metropolitan-mass-transit-district (jaccard 0.75)
50058,Rockford Mass Transit District,,IL,Full Reporter,Independent Public Agency or Authority of Transit Service,http://www.rmtd.org/,registry_name_exact,registry:rockford-mass-transit-district
50059,Springfield Mass Transit District,Sangamon Mass Transit District,IL,Full Reporter,Independent Public Agency or Authority of Transit Service,http://www.smtd.org/,registry_name_exact,registry:springfield-mass-transit-district-smtd
50060,Champaign-Urbana Mass Transit District,,IL,Full Reporter,Independent Public Agency or Authority of Transit Service,https://mtd.org,registry_name_exact,registry:champaign-urbana-mass-transit-district-mtd
50061,"City of Decatur, Il",Decatur Public Transit System,IL,Full Reporter,"City, County or Local Government Unit or Department of Transportation",https://decaturil.gov/departments/transit/,no_candidate,
50066,Chicago Transit Authority,,IL,Full Reporter,Independent Public Agency or Authority of Transit Service,http://www.transitchicago.com/,registry_name_exact,registry:chicago-transit-authority-cta
50088,City of Sheboygan,Shoreline Metro,WI,Reduced Reporter,"City, County or Local Government Unit or Department of Transportation",http://www.shorelinemetro.com/,registry_name_exact,registry:shoreline-metro
50090,Richland County Transit,,OH,Reduced Reporter,Independent Public Agency or Authority of Transit Service,www.rctbuses.com/,no_candidate,
50091,"City of Wausau, Wisconsin",Metro Ride,WI,Reduced Reporter,"City, County or Local Government Unit or Department of Transportation",https://www.wausauwi.gov/metroride,registry_name_exact,registry:metro-ride
50092,"City of Rochester, Minnesota",Rochester Public Transit,MN,Full Reporter,"City, County or Local Government Unit or Department of Transportation",http://www.RPTRide.com/,weak_shared_token,"registry:minnesota-valley-transit-authority-mvta,rochester-city-lines"
50093,Lima Allen County Regional Transit Authority,,OH,Reduced Reporter,Independent Public Agency or Authority of Transit Service,http://www.acrta.com/,weak_shared_token,registry:allen-county-regional-transit-authority
50095,Lorain County,Lorain County Transit,OH,Reduced Reporter,"City, County or Local Government Unit or Department of Transportation",https://www.loraincountyohio.gov/280/Transit,no_candidate,
50096,City of Waukesha,Waukesha Metro Transit,WI,Full Reporter,"City, County or Local Government Unit or Department of Transportation",http://www.waukeshametro.org/,registry_name_exact,registry:waukesha-metro-transit
50098,City of Michigan,Michigan City Transit,IN,Reduced Reporter,"City, County or Local Government Unit or Department of Transportation",http://www.emichigancity.com/339/Transit,no_candidate,
50099,City of Eau Claire,Eau Claire Transit,WI,Full Reporter,"City, County or Local Government Unit or Department of Transportation",https://www.eauclairewi.gov/government/our-divisions/transit,registry_name_exact,registry:eau-claire-transit
50104,Northern Indiana Commuter Transportation District,South Shore Line,IN,Full Reporter,Independent Public Agency or Authority of Transit Service,http://www.mysouthshoreline.com,registry_name_exact,registry:south-shore-line
50108,City of Janesville,Janesville Transit System,WI,Reduced Reporter,"City, County or Local Government Unit or Department of Transportation",https://www.janesvillewi.gov/departments-services/neighborhood-and-community-services/bus-transit-jts,registry_name_exact,"registry:janesville-transit-system,janesville-transit-system-2239"
50109,City of Beloit,Beloit Transit System,WI,Reduced Reporter,"City, County or Local Government Unit or Department of Transportation",http://www.beloittransit.com/,registry_name_exact,registry:beloit-transit
50110,Bloomington Public Transportation Corporation,Bloomington Transit,IN,Full Reporter,Independent Public Agency or Authority of Transit Service,http://www.bloomingtontransit.com/,registry_name_exact,"registry:bloomington-transit,bloomington-transit-2066"
50113,"Pace, the Suburban Bus Division of the Regional Transportation Authority",Pace Suburban Bus,IL,Full Reporter,Independent Public Agency or Authority of Transit Service,http://www.pacebus.com/,registry_domain,"registry:pace-bus,pace-bus-2347"
50117,Laketran,,OH,Full Reporter,Independent Public Agency or Authority of Transit Service,http://www.laketran.com/,registry_name_exact,registry:laketran
50118,Northeast Illinois Regional Commuter Railroad Corporation,Metra,IL,Full Reporter,Independent Public Agency or Authority of Transit Service,http://www.Metrarail.com/,registry_ntd_id,"registry:metra,metra-2854"
50119,City of Detroit,Detroit Department of Transportation,MI,Full Reporter,"City, County or Local Government Unit or Department of Transportation",https://detroitmi.gov/DDOT,registry_name_exact,registry:detroit-department-of-transportation-ddot
50132,Twin Cities Area Transportation Authority,,MI,Reduced Reporter,Independent Public Agency or Authority of Transit Service,http://mywaythere.org/tcata.asp,no_candidate,
50141,Detroit Transportation Corporation,Detroit People Mover,MI,Full Reporter,Independent Public Agency or Authority of Transit Service,http://www.thepeoplemover.com/,registry_name_exact,"registry:detroit-people-mover,detroit-people-mover-2281"
50142,Steel Valley Regional Transit Authority,Steel Valley RTA,OH,Reduced Reporter,Independent Public Agency or Authority of Transit Service,http://www.svrta.com,registry_name_exact,registry:steel-valley-regional-transit-authority
50145,City of Kokomo,,IN,Full Reporter,"City, County or Local Government Unit or Department of Transportation",http://www.cityofkokomo.org/residents/public_transportation_city_line_trolley.php,no_candidate,
50146,Madison County Transit District,,IL,Full Reporter,Independent Public Agency or Authority of Transit Service,http://www.mct.org/,no_candidate,
50148,Blue Water Area Transportation Commission,Blue Water Area Transit,MI,Full Reporter,Independent Public Agency or Authority of Transit Service,http://www.bwbus.com/,no_candidate,
50149,Michiana Area Council of Governments,,IN,Full Reporter,"MPO, COG or Other Planning Agency",http://www.interurbantrolley.com/,no_candidate,
50154,Metropolitan Council,,MN,Full Reporter,"City, County or Local Government Unit or Department of Transportation",https://metrocouncil.org/Transportation/Services.aspx,no_candidate,
50157,Butler County Regional Transit Authority,BCRTA,OH,Full Reporter,Independent Public Agency or Authority of Transit Service,http://www.butlercountyrta.com/,registry_name_exact,registry:butler-county-regional-transit-authority
50158,University of Michigan Parking and Transportation Services,,MI,Full Reporter,University,https://ltp.umich.edu/,registry_domain,"registry:university-of-michigan-transit-services,university-of-michigan-transit-services-2072"
50159,River Valley Metro Mass Transit District,,IL,Full Reporter,"City, County or Local Government Unit or Department of Transportation",http://www.rivervalleymetro.com/,weak_shared_token,registry:metro-rock-island-county-metropolitan-mass-transit-district
50161,Ozaukee County,Ozaukee County Transit,WI,Full Reporter,"City, County or Local Government Unit or Department of Transportation",http://www.ozaukeetransit.com/,no_candidate,
50163,"Licking County, Ohio",Licking County Transit,OH,Full Reporter,"City, County or Local Government Unit or Department of Transportation",https://lickingcounty.gov/depts/public/default.htm,weak_shared_token,registry:central-ohio-transit-authority-cota
50164,City of Sandusky,Sandusky Transit System,OH,Reduced Reporter,"City, County or Local Government Unit or Department of Transportation",https://www.cityofsandusky.com/community/sandusky_transit_system/index.php,no_candidate,
50166,"Clermont County, Ohio",,OH,Full Reporter,"City, County or Local Government Unit or Department of Transportation",http://www.ctc.clermontcountyohio.gov/,weak_shared_token,registry:central-ohio-transit-authority-cota
50171,"Fond du Lac, Wisconsin",Fond du Lac Area Transit,WI,Reduced Reporter,"City, County or Local Government Unit or Department of Transportation",www.fdl.wi.gov/transit,no_candidate,
50174,City of Danville,Danville Mass Transit,IL,Reduced Reporter,"City, County or Local Government Unit or Department of Transportation",http://www.rideDMT.org/,registry_name_exact,registry:danville-mass-transit
50176,City of DeKalb,City of DeKalb Public Transit,IL,Full Reporter,"City, County or Local Government Unit or Department of Transportation",https://www.cityofdekalb.com/1283/DeKalb-Public-Transit,registry_name_exact,registry:dekalb-public-transit
50177,City of Columbus,ColumBus Transit,IN,Reduced Reporter,"City, County or Local Government Unit or Department of Transportation",https://www.columbus.in.gov/columbus-transit/,registry_domain,registry:bloomington-transit
50183,City of Valparaiso,Valpo Transit,IN,Reduced Reporter,"City, County or Local Government Unit or Department of Transportation",www.valpotransit.com,registry_name_exact,registry:valparaiso-transit
50184,Macatawa Area Express Transportation Authority,,MI,Full Reporter,Independent Public Agency or Authority of Transit Service,http://www.catchamax.org/,weak_shared_token,registry:indian-trails-detroit-ann-arbor-express
50186,Lawrence County Port Authority,Lawrence County Transit,OH,Reduced Reporter,Independent Public Agency or Authority of Transit Service,http://www.lawrencecountytransit.com/.,no_candidate,
50196,Harbor Transit Multi-Modal Transportation System,Harbor Transit,MI,Reduced Reporter,Independent Public Agency or Authority of Transit Service,http://www.harbortransit.org/,no_candidate,
50204,Jackson County Mass Transit District,,IL,Rural Reporter,Independent Public Agency or Authority of Transit Service,www.jcmtd.com,no_candidate,
50205,City of Mankato,Mankato Transit System,MN,Reduced Reporter,"City, County or Local Government Unit or Department of Transportation",https://www.mankatomn.gov/your-government/departments/mass-transit,no_candidate,
50209,Central Indiana Regional Transportation Authority,,IN,Full Reporter,Independent Public Agency or Authority of Transit Service,http://www.cirta.us/,weak_shared_token,"registry:citybus-of-greater-lafayette-indiana-citybus,muncie-indiana-transit-system-mits"
50211,Rides Mass Transit District,,IL,Rural Reporter,Independent Public Agency or Authority of Transit Service,http://www.ridesmtd.com/,no_candidate,
50213,M-1 Rail,QLINE Detroit,MI,Full Reporter,Private-Non-Profit Corporation,https://qlinedetroit.com/,registry_name_exact,registry:qline-detroit
50226,Dunn County Transit Commission,,WI,Rural Reporter,Independent Public Agency or Authority of Transit Service,https://dunncountywi.gov/transit,no_candidate,
50232,City of Macomb,McDonough County Public Transportation,IL,Rural Reporter,"City, County or Local Government Unit or Department of Transportation",https://cityofmacomb.com/public-transportation/,no_candidate,
50241,Eastern Upper Peninsula Transportation Authority,,MI,Rural Reporter,Independent Public Agency or Authority of Transit Service,http://www.eupta.net,no_candidate,
50244,Isabella County Transportation Commission,IRide,MI,Rural Reporter,Independent Public Agency or Authority of Transit Service,https://www.ictcbus.com/,no_candidate,
50249,City of Richmond,RoseView Transit,IN,Rural Reporter,"City, County or Local Government Unit or Department of Transportation",http://www.richmondindiana.gov/resources/public-transportation,no_candidate,
50256,Access Johnson County,,IN,Reduced Reporter,Private-Non-Profit Corporation,https://www.gatewayarc.com/access-johnson-county.html,no_candidate,
50258,City of Quincy,Quincy Transit,IL,Rural Reporter,"City, County or Local Government Unit or Department of Transportation",https://www.quincyil.gov/explore/quincy-transportation/quincy-transit,no_candidate,
50260,Eaton County Transportation Authority,,MI,Rural Reporter,Independent Public Agency or Authority of Transit Service,www.eatran.com,no_candidate,
50269,Champaign County,Champaign-County Area Rural Transit System,IL,Rural Reporter,"City, County or Local Government Unit or Department of Transportation",https://c-carts.com/,weak_shared_token,registry:champaign-urbana-mass-transit-district-mtd
50275,Knox Area Transit,,OH,Rural Reporter,"City, County or Local Government Unit or Department of Transportation",https://www.co.knox.oh.us/index.php/county-offices/knox-area-transit,no_candidate,
50276,Four Rivers Resource Services,Ride Solution,IN,Rural Reporter,Private-Non-Profit Corporation,http://www.ridesolution.org,no_candidate,
50278,Athens Transit,Athens Public Transit,OH,Rural Reporter,Private-Non-Profit Corporation,https://hapcap.org/transportation/athens-public-transit/,registry_name_exact,"registry:athens-public-transit,athens-public-transit-1973"
50281,Cass County Council on Aging,Cass Area Transit,IN,Rural Reporter,Private-Non-Profit Corporation,http://www.casstransit.com/transportation/,no_candidate,
50282,Kalkaska Public Transit Authority,Kalkaska Area Transit,MI,Rural Reporter,Independent Public Agency or Authority of Transit Service,https://kalkaskatransit.com/,no_candidate,
50295,Rusk County Transit Commission,,WI,Rural Reporter,Independent Public Agency or Authority of Transit Service,http://www.ruskcounty.org,no_candidate,
50302,City of Washington,Washington Transit System,IN,Rural Reporter,"City, County or Local Government Unit or Department of Transportation",https://www.washingtonin.us/department/index.php?structureid=67,no_candidate,
50308,Area 10 Council on Aging of Monroe County,Rural Transit,IN,Rural Reporter,Area Agency on Aging,http://www.area10agency.org/ruraltransit,no_candidate,
50315,Shawnee Mass Transit District,Shawnee Mass Transit,IL,Rural Reporter,Independent Public Agency or Authority of Transit Service,http://www.shawneemtd.com,registry_name_exact,registry:shawnee-mass-transit-district
50327,South Central Illinois Mass Transit District,South Central Transit,IL,Rural Reporter,Independent Public Agency or Authority of Transit Service,http://www.southcentraltransit.org,no_candidate,
50332,"Hibbing, City of",Hibbing Area Transit,MN,Rural Reporter,"City, County or Local Government Unit or Department of Transportation",https://www.hibbingmn.gov/168/Hibbing-Area-Transit,no_candidate,
50334,"Prairie Five CAC, Inc.",Prairie Five Rides,MN,Rural Reporter,Private-Non-Profit Corporation,www.prairiefive.org/programs/prairie-five-rides-transportation-program/,no_candidate,
50337,Branch Area Transit Authority,,MI,Rural Reporter,Independent Public Agency or Authority of Transit Service,http://www.branchareatransit.com/,no_candidate,
50341,South East Area Transit,,OH,Rural Reporter,Independent Public Agency or Authority of Transit Service,http://seatbus.org/,no_candidate,
50343,Perry County Transit,,OH,Rural Reporter,"City, County or Local Government Unit or Department of Transportation",https://www.perrycountytransit.com/,no_candidate,
50347,Blue River Services,Southern Indiana Transit System,IN,Rural Reporter,Private-Non-Profit Corporation,https://www.brsinc.org/transportation,weak_shared_token,"registry:citybus-of-greater-lafayette-indiana-citybus,muncie-indiana-transit-system-mits"
50349,"Winona, City of",Winona Transit Service,MN,Rural Reporter,"City, County or Local Government Unit or Department of Transportation",https://www.cityofwinona.com/175/Winona-Transit-Service,registry_domain,registry:city-of-winona-mn-winona-transit-service
50353,"Tri-Valley Opportunity Council, Inc.",Tri-Valley Heartland Express,MN,Rural Reporter,Private-Non-Profit Corporation,https://www.tvoc.org/services/transportation/,weak_shared_token,"registry:brown-county-heartland-express,minnesota-valley-transit-authority-mvta,the-otter-express"
50359,City of Stevens Point,,WI,Rural Reporter,"City, County or Local Government Unit or Department of Transportation",https://www.stevenspoint.com/257/Central-Transportation,no_candidate,
50383,Van Buren County Board of Commissioners,,MI,Rural Reporter,"City, County or Local Government Unit or Department of Transportation",https://www.vanburencountymi.gov/551/Public-Transit,no_candidate,
50384,Brown County,Brown County Heartland Express,MN,Rural Reporter,"City, County or Local Government Unit or Department of Transportation",www.co.brown.mn.us,registry_name_fuzzy,registry:brown-county-heartland-express (jaccard 0.75)
50386,City of Houghton,,MI,Rural Reporter,"City, County or Local Government Unit or Department of Transportation",https://www.cityofhoughton.com/transportation/,no_candidate,
50390,Ashtabula County Transportation System,,OH,Rural Reporter,"City, County or Local Government Unit or Department of Transportation",https://acdjfs.org/,no_candidate,
50397,Hubbard County,Hubbard County Heartland Express,MN,Rural Reporter,"City, County or Local Government Unit or Department of Transportation",http://www.hubbardcountyheartlandexpress.com/,weak_shared_token,"registry:brown-county-heartland-express,the-otter-express"
50401,Bay Area Rural Transit Commission,,WI,Rural Reporter,Independent Public Agency or Authority of Transit Service,http://www.bartbus.com,no_candidate,
50406,Lancaster Public Transit System,Lancaster-Fairfield Public Transit,OH,Reduced Reporter,"City, County or Local Government Unit or Department of Transportation",http://www.ci.lancaster.oh.us/242/Transit,no_candidate,
50410,Fayette County Transportation Program,Fayette County Transportation,OH,Rural Reporter,Private-Non-Profit Corporation,http://www.cacfayettecounty.org/transportation/,no_candidate,
50413,Bay Area Transportation Authority,,MI,Full Reporter,Independent Public Agency or Authority of Transit Service,http://www.bata.net,registry_name_exact,"registry:bay-area-transportation-authority,bay-area-transportation-authority-2254"
50427,Marquette County Transit Authority,MARQ-TRAN,MI,Rural Reporter,Independent Public Agency or Authority of Transit Service,http://www.marq-tran.com,no_candidate,
50429,Chillicothe Transit System,,OH,Rural Reporter,"City, County or Local Government Unit or Department of Transportation",https://www.chillicothe.com/departments/transit_department/index.php,no_candidate,
50431,City of Platteville,Platteville Public Transportation,WI,Rural Reporter,"City, County or Local Government Unit or Department of Transportation",https://www.platteville.org/publicworks/page/transportation,no_candidate,
50433,Great Lakes Community Action Partnership,TRIPS Public Transportation,OH,Rural Reporter,Private-Non-Profit Corporation,https://www.glcap.org/programs/transportation/public-transportation/,no_candidate,
50434,Pickaway Area Rural Transit,PICCA Transit,OH,Rural Reporter,Private-Non-Profit Corporation,https://www.picca.info/transportation-1,no_candidate,
50436,St. Joseph County Transportation Authority,,MI,Rural Reporter,Independent Public Agency or Authority of Transit Service,http://www.sjcta.info/,no_candidate,
50437,City of Big Rapids,,MI,Rural Reporter,"City, County or Local Government Unit or Department of Transportation",https://www.cityofbr.org/government/dial-a-ride/senior_riders.php,no_candidate,
50438,Logan Transit System,Logan Public Transit,OH,Rural Reporter,Private-Non-Profit Corporation,https://hapcap.org/transportation/logan-public-transit/,no_candidate,
50440,Seneca-Crawford Area Transportation,North Central Area Transit,OH,Rural Reporter,Private-Non-Profit Corporation,http://www.senecascat.org/,weak_shared_token,registry:central-ohio-transit-authority-cota
50442,County of La Crosse,Scenic Mississippi Regional Transit,WI,Rural Reporter,"City, County or Local Government Unit or Department of Transportation",https://www.lacrossecounty.org/community-development,no_candidate,
50447,Coles County,Coles County Council on Aging,IL,Rural Reporter,"City, County or Local Government Unit or Department of Transportation",http://www.dialaridetransit.org/coles-county-public-transportation.html,no_candidate,
50450,"Cedar Valley Services, Inc.",Southern Minnesota Area Rural Transit,MN,Rural Reporter,Private-Non-Profit Corporation,www.smartbusmn.org,weak_shared_token,registry:minnesota-valley-transit-authority-mvta
50461,City of Manitowoc,Maritime Metro Transit,WI,Rural Reporter,"City, County or Local Government Unit or Department of Transportation",https://www.manitowoc.org/433/Maritime-Metro-Transit,no_candidate,
50464,Pike County/Community Action Transit System,Community Action Transit System,OH,Rural Reporter,Private-Non-Profit Corporation,http://www.catsservices.org/,no_candidate,
50471,"Southwestern MN Opportunity Council, Inc.",Prairieland Transit System,MN,Rural Reporter,Private-Non-Profit Corporation,http://www.smoc.us/id70.html,no_candidate,
50474,"Tri-County Action Program, Inc.",,MN,Rural Reporter,Private-Non-Profit Corporation,https://tricap.org/transportation/,no_candidate,
50476,Yates Township,,MI,Rural Reporter,"City, County or Local Government Unit or Department of Transportation",https://www.yatesdialaride.com/,no_candidate,
50481,Columbiana County/Community Action Rural Transit System,Community Action Rural Transit System,OH,Rural Reporter,Private-Non-Profit Corporation,https://caaofcc.org/carts/,no_candidate,
50485,City of Marion,Marion Transit System,IN,Rural Reporter,"City, County or Local Government Unit or Department of Transportation",https://cityofmarion.in.gov/government/departments/transportation,registry_domain,registry:bloomington-transit
50487,City of Sault Sainte Marie,,MI,Rural Reporter,"City, County or Local Government Unit or Department of Transportation",https://cms.clmcaa.org/our-services/transportation/,no_candidate,
50489,Paul Bunyan Transit,,MN,Rural Reporter,Private-Non-Profit Corporation,http://www.paulbunyantransit.com,no_candidate,
50502,City of Galesburg,City of Galesburg Public Transportation,IL,Rural Reporter,"City, County or Local Government Unit or Department of Transportation",https://www.ci.galesburg.il.us/government/community_development/public_transportation/index.php,no_candidate,
50505,City of Merrill,Merrill-Go-Round,WI,Rural Reporter,"City, County or Local Government Unit or Department of Transportation",https://ci.merrill.wi.us/transit,no_candidate,
50510,"Three Rivers Community Action, Inc.",Hiawathaland Transit,MN,Rural Reporter,Private-Non-Profit Corporation,https://www.threeriverscap.org/hiawathaland-transit/,weak_shared_token,registry:central-community-transit
50515,University of Minnesota,,MN,Full Reporter,University,www.umn.edu/pts,weak_shared_token,registry:minnesota-valley-transit-authority-mvta
50516,City of Plymouth,Plymouth Metrolink,MN,Full Reporter,"City, County or Local Government Unit or Department of Transportation",https://www.plymouthmn.gov/departments/administrative-services-/transit,no_candidate,
50518,SouthWest Transit,,MN,Full Reporter,Independent Public Agency or Authority of Transit Service,www.swtransit.org,no_candidate,
50519,Minnesota Valley Transit Authority,,MN,Full Reporter,Independent Public Agency or Authority of Transit Service,www.mvta.com,registry_name_exact,registry:minnesota-valley-transit-authority-mvta
50520,"Arrowhead Economic Opportunity Agency, Inc.",Arrowhead Transit,MN,Rural Reporter,Private-Non-Profit Corporation,https://arrowheadtransit.com/,no_candidate,
50521,Chicago Water Taxi (Wendella),,IL,Full Reporter,Private-For-Profit Corporation,www.chicagowatertaxi.com,registry_name_exact,registry:chicago-water-taxi
50522,Lake Erie Transportation Commission,Lake Erie Transit,MI,Full Reporter,Independent Public Agency or Authority of Transit Service,www.lakeerietransit.com,no_candidate,
50560,Village of Norridge,Norridge Bus Service,IL,Reduced Reporter,"City, County or Local Government Unit or Department of Transportation",https://www.villageofnorridge.com/our-village/resident-information/norridge-bus-service,no_candidate,
50561,Triton College,Success Express,IL,Reduced Reporter,University,https://www.triton.edu/about/campus/,no_candidate,
50569,Chicago State University,,IL,Reduced Reporter,University,https://www.csu.edu/dosa/resources/shuttle_bus.htm,weak_shared_token,"registry:chicago-transit-authority-cta,chicago-water-taxi"
55228,Menominee Indian Tribe of Wisconsin,Menominee Regional Public Transit,WI,Reduced Reporter,Tribe,http://www.mitwbus.com/,no_candidate,
55246,Fond du Lac Reservation,FDL Transit,MN,Reduced Reporter,Tribe,https://www.fdlband.org/services/transit.php,no_candidate,
55252,Bois Forte Band of Chippewa,Big Woods Transit,MN,Reduced Reporter,Tribe,http://www.boisforte.com/,no_candidate,
55258,Leech Lake Band of Ojibwe,,MN,Reduced Reporter,Tribe,https://www.llojibwe.org/admin/transit.html,no_candidate,
55270,White Earth Band of Chippewa,White Earth Public Transit,MN,Reduced Reporter,Tribe,http://www.whiteearth.com/,no_candidate,
55282,Bad River Band of Lake Superior Tribe of Chippewa,Bad River Tribe,WI,Reduced Reporter,Tribe,http://www.badriver-nsn.gov/,no_candidate,
55311,City of Cincinnati,The Connector,OH,Full Reporter,"City, County or Local Government Unit or Department of Transportation",http://www.cincinnati-oh.gov/streetcar,weak_shared_token,registry:cincinnati-metro
55312,City of Milwaukee,Milwaukee Streetcar System - The Hop Streetcar MKE,WI,Full Reporter,"City, County or Local Government Unit or Department of Transportation",https://thehopmke.com/,registry_name_exact,"registry:milwaukee-county-transit-system-mcts,milwaukee-county-transit-system-mcts-2127"
55314,Central Community Transit Joint Powers Board,Central Community Transit,MN,Rural Reporter,"MPO, COG or Other Planning Agency",http://www.cctbus.org,registry_name_exact,registry:central-community-transit
55319,Oneida-Vilas Transit Commission,Northwoods Transit Connections,WI,Rural Reporter,Independent Public Agency or Authority of Transit Service,http://northwoodstransit.org/,no_candidate,
55320,Faribault-Martin Counties Joint Powers,Prairie Lakes Transit,MN,Rural Reporter,"MPO, COG or Other Planning Agency",http://www.PLTransit.com,no_candidate,
55322,Western-Washtenaw Area Value Express,,MI,Rural Reporter,Private-Non-Profit Corporation,http://ridethewavebus.org/,weak_shared_token,registry:indian-trails-detroit-ann-arbor-express
55324,Washington County Commissioners,Community Action Bus Lines,OH,Rural Reporter,"City, County or Local Government Unit or Department of Transportation",http://wmcap.org/transportation.html,no_candidate,
55326,"United Community Action Partnership, Inc.",Community Transit,MN,Rural Reporter,Private-Non-Profit Corporation,www.communitytransitswmn.org,weak_shared_token,registry:central-community-transit
60001,City of Amarillo,Amarillo City Transit,TX,Reduced Reporter,"City, County or Local Government Unit or Department of Transportation",www.amarillotransit.com,registry_name_exact,registry:amarillo-city-transit
60006,City of El Paso,Sun Metro,TX,Full Reporter,"City, County or Local Government Unit or Department of Transportation",http://www.sunmetro.net,registry_name_exact,registry:el-paso-transportation-authority
60007,Fort Worth Transportation Authority,Trinity Metro,TX,Full Reporter,Independent Public Agency or Authority of Transit Service,https://ridetrinitymetro.org/,registry_name_exact,registry:fort-worth-transit-authority
60008,"Metropolitan Transit Authority of Harris County, Texas",METRO,TX,Full Reporter,Independent Public Agency or Authority of Transit Service,http://www.ridemetro.org/,catalog_domain,mdb:mdb-154
60009,City of Laredo,Laredo Transit Management Inc.,TX,Full Reporter,"City, County or Local Government Unit or Department of Transportation",http://www.elmetrotransit.com,no_candidate,
60010,City of Lubbock,Citibus,TX,Full Reporter,"City, County or Local Government Unit or Department of Transportation",http://www.citibus.com/,registry_name_exact,registry:citibus
60011,VIA Metropolitan Transit,VIA,TX,Full Reporter,Independent Public Agency or Authority of Transit Service,http://www.viainfo.net/,registry_ntd_id,"registry:via-metropolitan-transit-via,via-metropolitan-transit-via-2348"
60012,City of Waco,"Waco Transit System, Inc.",TX,Full Reporter,"City, County or Local Government Unit or Department of Transportation",https://www.waco-texas.com/Departments/Transit-System,no_candidate,
60013,City of Port Arthur,Port Arthur Transit,TX,Reduced Reporter,"City, County or Local Government Unit or Department of Transportation",https://www.portarthurtx.gov/201/Transit-Department,no_candidate,
60014,City of Brownsville,Brownsville Metro,TX,Full Reporter,"City, County or Local Government Unit or Department of Transportation",http://btxmetro.org,weak_shared_token,"registry:capital-metro,metro-houston-2060,sun-metro"
60015,City of Galveston,Galveston Island Transit,TX,Full Reporter,"City, County or Local Government Unit or Department of Transportation",galvestontx.gov/393/Transportation,no_candidate,
60016,City of Beaumont,Beaumont Municipal Transit System,TX,Full Reporter,"City, County or Local Government Unit or Department of Transportation",http://www.beaumonttransit.com/,no_candidate,
60017,Central Oklahoma Transportation and Parking Authority,EMBARK,OK,Full Reporter,"City, County or Local Government Unit or Department of Transportation",http://embarkok.com,registry_name_exact,"registry:embark,embark-2062"
60018,Metropolitan Tulsa Transit Authority,"Tulsa Transit, MetroLink Tulsa",OK,Full Reporter,"City, County or Local Government Unit or Department of Transportation",https://www.metrolinkok.org/,registry_name_exact,registry:metropolitan-tulsa-transit-authority-mtta
60019,City of Albuquerque,ABQRIDE,NM,Full Reporter,"City, County or Local Government Unit or Department of Transportation",http://www.cabq.gov/transit,registry_domain,registry:abq-ride
60022,Capital Area Transit System,,LA,Full Reporter,Independent Public Agency or Authority of Transit Service,http://www.brcats.com/,registry_name_exact,"registry:capital-area-transit-system-cats,capital-area-transit-system-cats-2065"
60023,City of Lake Charles,City Of Lake Charles Transit,LA,Reduced Reporter,"City, County or Local Government Unit or Department of Transportation",http://www.cityoflakecharles.com/transit,no_candidate,
60024,City of Shreveport,SporTran,LA,Full Reporter,"City, County or Local Government Unit or Department of Transportation",http://www.sportran.org/,weak_shared_token,registry:shreveport-and-bossier-city
60025,City of Alexandria,,LA,Reduced Reporter,"City, County or Local Government Unit or Department of Transportation",https://www.cityofalexandriala.com/bus-transit-atrans,no_candidate,
60026,City of Monroe,Monroe Transit,LA,Reduced Reporter,"City, County or Local Government Unit or Department of Transportation",https://monroela.us/government/departments-divisions/transit,no_candidate,
60032,New Orleans Regional Transit Authority,,LA,Full Reporter,Independent Public Agency or Authority of Transit Service,http://www.norta.com/,no_candidate,
60033,Rock Region Metropolitan Transit Authority,Rock Region METRO,AR,Full Reporter,Independent Public Agency or Authority of Transit Service,http://rrmetro.org,registry_name_exact,"registry:rock-region-metro,rock-region-metro-2264"
60034,City of Pine Bluff,Pine Bluff Transit,AR,Reduced Reporter,"City, County or Local Government Unit or Department of Transportation",http://www.cityofpinebluff.com,no_candidate,
60035,City of Wichita Falls,FallsRide,TX,Reduced Reporter,"City, County or Local Government Unit or Department of Transportation",http://www.wichitafallstx.gov/339/Falls-Ride---Public-Transportation,no_candidate,
60038,Lafayette City-Parish Consolidated Government,Lafayette Transit System,LA,Full Reporter,"City, County or Local Government Unit or Department of Transportation",http://www.rideLTS.com,no_candidate,
60040,City of Abilene,CityLink,TX,Reduced Reporter,"City, County or Local Government Unit or Department of Transportation",http://www.abilenetx.gov/citylink,no_candidate,
60048,Capital Metropolitan Transportation Authority,Capital Metro,TX,Full Reporter,Independent Public Agency or Authority of Transit Service,http://www.capmetro.org/,registry_ntd_id,registry:capital-metro
60049,City of Las Cruces NM,RoadRUNNER Transit,NM,Reduced Reporter,"City, County or Local Government Unit or Department of Transportation",https://roadrunner.las-cruces.org,registry_name_exact,"registry:roadrunner-transit,roadrunner-transit-2075"
60051,Corpus Christi Regional Transportation Authority,The B,TX,Full Reporter,Independent Public Agency or Authority of Transit Service,http://www.ccrta.org/,registry_name_exact,registry:corpus-christi-regional-transportation-authority
60056,Dallas Area Rapid Transit,,TX,Full Reporter,Independent Public Agency or Authority of Transit Service,http://www.dart.org/,registry_name_exact,registry:dallas-area-rapid-transit-dart
60058,St. Bernard Parish,St. Bernard Urban Rapid Transit,LA,Reduced Reporter,"City, County or Local Government Unit or Department of Transportation",http://www.sbpg.net/178/transit,no_candidate,
60059,Brazos Transit District,,TX,Full Reporter,Independent Public Agency or Authority of Transit Service,http://www.btd.org/,no_candidate,
60062,"University of Arkansas, Fayetteville",Razorback Transit,AR,Reduced Reporter,University,https://parking.uark.edu/transit-services/transit-operations/maps-and-schedules.php,no_candidate,
60072,Ozark Regional Transit,,AR,Reduced Reporter,Independent Public Agency or Authority of Transit Service,http://www.ozark.org/,no_candidate,
60077,City of Santa Fe,Santa Fe Trails,NM,Full Reporter,"City, County or Local Government Unit or Department of Transportation",https://santafenm.gov/public-works/transit,registry_name_exact,registry:santa-fe-trails
60080,Terrebonne Parish Consolidated Government,Good Earth Transit,LA,Reduced Reporter,"City, County or Local Government Unit or Department of Transportation",http://www.tpcg.org/transit,no_candidate,
60081,City of Longview,City of Longview Transit,TX,Reduced Reporter,"City, County or Local Government Unit or Department of Transportation",http://www.longviewtransit.com/,no_candidate,
60086,City of Fort Smith,Fort Smith Transit,AR,Reduced Reporter,"City, County or Local Government Unit or Department of Transportation",https://www.fortsmithar.gov/government/departments/transit,no_candidate,
60088,Jefferson Parish,Jefferson Transit,LA,Full Reporter,"City, County or Local Government Unit or Department of Transportation",http://www.jptransit.org/,no_candidate,
60089,City of Tyler,Tyler Transit,TX,Reduced Reporter,"City, County or Local Government Unit or Department of Transportation",http://www.tylerbus.org/,no_candidate,
60090,Lower Rio Grande Valley Development Council,,TX,Full Reporter,"MPO, COG or Other Planning Agency",http://www.lrgvdc.org/valleymetro.html,no_candidate,
60091,Hill Country Transit District,The Hop,TX,Full Reporter,Independent Public Agency or Authority of Transit Service,http://www.takethehop.com/,no_candidate,
60093,Texarkana Urban Transit District,T-Line,TX,Reduced Reporter,Independent Public Agency or Authority of Transit Service,http://www.t-linebus.org/,no_candidate,
60094,City of Lawton,Lawton Area Transit System,OK,Reduced Reporter,"City, County or Local Government Unit or Department of Transportation",http://www.ridelats.com/,no_candidate,
60095,Golden Crescent Regional Planning Commission,Victoria Transit,TX,Full Reporter,"MPO, COG or Other Planning Agency",http://www.gcrpc.org/public-transportation-services.html,atlas_ntd_id,transitland-atlas
60097,Midland-Odessa Urban Transit District,EZ-Rider,TX,Reduced Reporter,"City, County or Local Government Unit or Department of Transportation",http://www.ez-rider.org/,registry_name_exact,registry:ez-rider
60099,City of McAllen,Metro McAllen,TX,Reduced Reporter,"City, County or Local Government Unit or Department of Transportation",https://www.mcallen.net/metro,weak_shared_token,"registry:capital-metro,metro-houston-2060,sun-metro"
60100,City of Farmington,Red Apple Transit,NM,Reduced Reporter,"City, County or Local Government Unit or Department of Transportation",http://fmtn.org/279/Red-Apple-Transit,registry_name_exact,registry:red-apple-transit
60101,Denton County Transportation Authority,,TX,Full Reporter,Independent Public Agency or Authority of Transit Service,http://www.dcta.net/,registry_name_exact,registry:denton-county-transportation-authority-dcta
60102,Concho Valley Transit District,,TX,Full Reporter,Independent Public Agency or Authority of Transit Service,http://www.cvtd.org/,no_candidate,
60103,"Fort Bend County, Texas",Fort Bend Transit,TX,Full Reporter,"City, County or Local Government Unit or Department of Transportation",http://www.FBCTransit.org/,weak_shared_token,registry:fort-worth-transit-authority
60104,City of Jonesboro,JET,AR,Reduced Reporter,"City, County or Local Government Unit or Department of Transportation",https://www.jonesboro.org/281/JET,registry_domain,registry:jonesboro-economical-transportation-jet
60105,City of Hot Springs,Hot Springs Intracity Transit,AR,Reduced Reporter,"City, County or Local Government Unit or Department of Transportation",https://www.cityhs.net/164/Intracity-Transit,no_candidate,
60108,Harris County,Harris County Transit,TX,Full Reporter,"City, County or Local Government Unit or Department of Transportation",http://www.harriscountytransit.com/,no_candidate,
60111,Rio Metro Regional Transit District,,NM,Full Reporter,Independent Public Agency or Authority of Transit Service,http://www.riometro.org/,registry_name_exact,registry:rio-metro-regional-transit-district
60113,City of Cleburne,,TX,Reduced Reporter,"City, County or Local Government Unit or Department of Transportation",http://www.cleburne.net/index.aspx?NID=148,no_candidate,
60114,STAR Transit,,TX,Full Reporter,Independent Public Agency or Authority of Transit Service,https://www.startransit.org/,registry_name_exact,registry:star-transit
60118,City of Edmond,Citylink,OK,Reduced Reporter,"City, County or Local Government Unit or Department of Transportation",https://www.edmondok.gov/205/Citylink-Edmond,no_candidate,
60125,City of Round Rock,,TX,Reduced Reporter,"City, County or Local Government Unit or Department of Transportation",www.roundrocktransit.com,atlas_ntd_id,transitland-atlas
60129,City of Conroe,Conroe Connection,TX,Reduced Reporter,"City, County or Local Government Unit or Department of Transportation",https://cityofconroe.org/services/transit/index.php,no_candidate,
60130,Alamo Area Council of Governments,Alamo Regional Transit,TX,Full Reporter,"MPO, COG or Other Planning Agency",https://aacog.gov/alamo-regional-transit,no_candidate,
60133,McKinney Avenue Transit Authority,,TX,Full Reporter,Private-Non-Profit Corporation,http://www.mata.org/,no_candidate,
60134,The Woodlands Township,,TX,Full Reporter,"City, County or Local Government Unit or Department of Transportation",https://thewoodlandstownship-tx.gov/96/Transportation,no_candidate,
60138,North Central Regional Transit District,North Central RTD,NM,Reduced Reporter,State Government Unit or Department of Transportation,www.ncrtd.org,registry_name_exact,registry:north-central-regional-transit-district-ncrtd
60145,Ark-Tex Council of Governments,,TX,Rural Reporter,"MPO, COG or Other Planning Agency",https://www.atcog.org/transportation-programs,no_candidate,
60147,Kleberg County,,TX,Rural Reporter,"City, County or Local Government Unit or Department of Transportation",https://www.co.kleberg.tx.us/page/kleberg.HR,no_candidate,
60151,Grant County,Corre Caminos Transit,NM,Rural Reporter,"City, County or Local Government Unit or Department of Transportation",http://www.correcaminosnm.com,no_candidate,
60152,City of Del Rio,,TX,Rural Reporter,"City, County or Local Government Unit or Department of Transportation",https://www.cityofdelrio.com/government/departments/transportation,no_candidate,
60159,"South Plains Community Action Association, Inc.",SPARTAN Public Transportation,TX,Rural Reporter,Private-Non-Profit Corporation,https://www.spcaa.org/transportation-services,no_candidate,
60160,OSU-Stillwater Community Transit,,OK,Rural Reporter,University,http://www.transit.okstate.edu,no_candidate,
60161,City of Eureka Springs,,AR,Rural Reporter,"City, County or Local Government Unit or Department of Transportation",http://www.eurekatrolley.org,no_candidate,
60167,City of Roswell,Roswell Transit,NM,Rural Reporter,"City, County or Local Government Unit or Department of Transportation",https://roswell-nm.gov/287/Roswell-Transit,no_candidate,
60173,City of South Padre Island,,TX,Rural Reporter,"City, County or Local Government Unit or Department of Transportation",https://www.myspi.org/department/index.php?structureid=34,no_candidate,
60179,El Paso County,El Paso Transportation Authority,TX,Reduced Reporter,"City, County or Local Government Unit or Department of Transportation",https://elpasotransportationauthority.org/,registry_name_exact,registry:el-paso-transportation-authority
60184,City of Carlsbad,Carlsbad Municipal Transit System,NM,Rural Reporter,"City, County or Local Government Unit or Department of Transportation",https://cityofcarlsbadnm.com/departments/community-development/carlsbad-municipal-transit-system/,registry_name_exact,"registry:carlsbad-municipal-transit-system,carlsbad-municipal-transit-system-2284"
60185,Webb County,El Aguila Rural Transit,TX,Rural Reporter,"City, County or Local Government Unit or Department of Transportation",https://www.webbcountytx.gov/CommunityActionAgency/ElAguila/default.aspx,no_candidate,
60186,East Texas Council of Governments,,TX,Rural Reporter,"MPO, COG or Other Planning Agency",https://www.etcog.org/transportation-services,no_candidate,
60190,City of Hobbs,Hobbs Express,NM,Rural Reporter,"City, County or Local Government Unit or Department of Transportation",https://www.hobbsnm.org/hobbs_express.html,weak_shared_token,registry:gallup-express
60196,Tangipahoa Voluntary Council on Aging,,LA,Reduced Reporter,Area Agency on Aging,https://www.tangicoa.com/transportations,no_candidate,
60203,Muskogee County Public Transit Authority,Muskogee County Transit,OK,Rural Reporter,Independent Public Agency or Authority of Transit Service,http://www.muskogeecountytransit.org/,no_candidate,
60206,"Zia Therapy Center, Inc.",ZTrans,NM,Reduced Reporter,Private-Non-Profit Corporation,http://www.ztrans.org,no_candidate,
60214,Logan County Historical Society,First Capital Trolley,OK,Rural Reporter,Private-Non-Profit Corporation,http://www.firstcapitaltrolley.com,no_candidate,
60215,Incorporated County of Los Alamos,Atomic City Transit,NM,Rural Reporter,"City, County or Local Government Unit or Department of Transportation",http://www.atomiccitytransit.com,registry_name_exact,registry:atomic-city-transit
60224,The Community Pantry,Gallup Express,NM,Rural Reporter,Private-Non-Profit Corporation,http://www.gallupexpress.com,registry_name_exact,registry:gallup-express
60238,Colorado Valley Transit District,,TX,Rural Reporter,Independent Public Agency or Authority of Transit Service,http://www.gotransit.org,no_candidate,
60256,Southwest Area Regional Transit District,,TX,Reduced Reporter,Independent Public Agency or Authority of Transit Service,http://www.paseoswart.org,no_candidate,
60269,Texas State University,Bobcat Shuttle,TX,Full Reporter,University,https://www.shuttle.txstate.edu/,no_candidate,
60273,University of Texas Rio Grande Valley,,TX,Full Reporter,University,www.utrgv.edu/transportation,no_candidate,
60274,South Texas College,JagExpress,TX,Reduced Reporter,University,https://www.southtexascollege.edu/jagexpress/,no_candidate,
60275,Gulf Coast Transit District,,TX,Reduced Reporter,Independent Public Agency or Authority of Transit Service,https://www.gulfcoasttransitdistrict.com/,no_candidate,
60276,"Plaquemines Port, Harbor and Terminal District",,LA,Full Reporter,Independent Public Agency or Authority of Transit Service,https://www.portofplaquemines.com/,no_candidate,
66152,Pueblo of Santa Ana,Santa Ana Transportation,NM,Reduced Reporter,Tribe,https://santaana-nsn.gov/transportation/,weak_shared_token,registry:santa-fe-trails
66170,Muscogee (Creek) Nation,Muscogee (Creek) Nation Transit,OK,Reduced Reporter,Tribe,http://www.mcn-nsn.gov/,no_candidate,
66194,Cheyenne & Arapaho Tribes,Cheyenne and Arapaho Tribal Transit,OK,Reduced Reporter,Tribe,http://www.c-a-tribes.org/,no_candidate,
66242,Zuni Pueblo,A:Shiwi Transit,NM,Reduced Reporter,Tribe,https://www.ashiwi.org/Transit.html,no_candidate,
66271,Capital Area Rural Transportation System,CARTS,TX,Rural Reporter,Independent Public Agency or Authority of Transit Service,http://www.ridecarts.com/,weak_shared_token,registry:capital-metro
66276,McLennan County,,TX,Rural Reporter,"City, County or Local Government Unit or Department of Transportation",http://www.co.mclennan.tx.us/595/McLennan-County-Rural-Transit-District,no_candidate,
66283,South Central Regional Transit District,,NM,Reduced Reporter,Independent Public Agency or Authority of Transit Service,http://scrtd.org/,weak_shared_token,registry:north-central-regional-transit-district-ncrtd
66341,City of Norman,EMBARK Norman,OK,Reduced Reporter,"City, County or Local Government Unit or Department of Transportation",https://www.normanok.gov/residents-visitors/transit-parking,weak_shared_token,"registry:embark,embark-2062"
66343,City of San Marcos,San Marcos Transit,TX,Reduced Reporter,"City, County or Local Government Unit or Department of Transportation",https://www.sanmarcostx.gov/1300/Transit,no_candidate,
70001,City of Lincoln,StarTran,NE,Full Reporter,"City, County or Local Government Unit or Department of Transportation",https://www.lincoln.ne.gov/City/Departments/LTU/StarTran,registry_name_exact,"registry:startran,startran-2269"
70002,Transit Authority of Omaha,Metro,NE,Full Reporter,Independent Public Agency or Authority of Transit Service,http://www.ometro.com/,registry_domain,registry:omaha-metro-2261
70003,City of Springfield,City Utilities of Springfield MO,MO,Full Reporter,"City, County or Local Government Unit or Department of Transportation",https://www.cutransit.net/,no_candidate,
70004,Winnebago Tribe of Nebraska,,NE,Reduced Reporter,Tribe,,no_candidate,
70005,Kansas City Area Transportation Authority,,MO,Full Reporter,Independent Public Agency or Authority of Transit Service,http://www.kcata.org/,registry_name_exact,registry:kansas-city-area-transportation-authority-kcata
70006,Bi-State Development Agency of the Missouri-Illinois Metropolitan District,(St. Louis) Metro,MO,Full Reporter,Independent Public Agency or Authority of Transit Service,http://www.metrostlouis.org/,registry_domain,registry:metro-st-louis
70007,City of Bettendorf,Bettendorf Transit System,IA,Reduced Reporter,"City, County or Local Government Unit or Department of Transportation",https://www.bettendorf.org/transit/,registry_name_exact,registry:bettendorf-transit
70008,City of Cedar Rapids,Cedar Rapids Transit,IA,Full Reporter,"City, County or Local Government Unit or Department of Transportation",http://www.cedar-rapids.org/transit/,registry_name_exact,registry:cedar-rapids-transit
70009,City of Davenport,Davenport Citibus,IA,Reduced Reporter,"City, County or Local Government Unit or Department of Transportation",http://citidbus.com/,weak_shared_token,registry:citibus-2304
70010,Des Moines Area Regional Transit Authority,,IA,Full Reporter,Independent Public Agency or Authority of Transit Service,http://www.ridedart.com/,registry_name_exact,registry:des-moines-area-regional-transit-authority-dart
70011,City of Dubuque,The Jule,IA,Reduced Reporter,"City, County or Local Government Unit or Department of Transportation",http://www.cityofdubuque.org/transit,registry_name_exact,"registry:the-jule,the-jule-2083"
70012,City of Sioux City,Sioux City Transit System,IA,Full Reporter,"City, County or Local Government Unit or Department of Transportation",https://www.sioux-city.org/government/departments-q-to-z/transit,registry_name_exact,registry:sioux-city-transit-system
70013,Metropolitan Transit Authority of Black Hawk County,MET Transit,IA,Reduced Reporter,Independent Public Agency or Authority of Transit Service,http://www.mettransit.org/,registry_name_exact,"registry:metropolitan-transit-authority-of-black-hawk-county,metropolitan-transit-authority-of-black-hawk-county-2414"
70014,Topeka Metropolitan Transit Authority,Topeka Metro,KS,Full Reporter,Independent Public Agency or Authority of Transit Service,http://www.topekametro.org/,no_candidate,
70015,City of Wichita,Wichita Transit,KS,Full Reporter,"City, County or Local Government Unit or Department of Transportation",http://www.wichitatransit.org/,registry_name_exact,registry:wichita-transit
70016,City of Columbia,GoCOMO,MO,Full Reporter,"City, County or Local Government Unit or Department of Transportation",http://www.gocomotransit.com,no_candidate,
70018,City of Iowa City,Iowa City Transit,IA,Full Reporter,"City, County or Local Government Unit or Department of Transportation",https://www.icgov.org/government/departments-and-divisions/transportation/transit,registry_name_exact,registry:iowa-city-transit-system
70019,University of Iowa,,IA,Full Reporter,University,https://transportation.uiowa.edu/cambus,registry_name_fuzzy,registry:university-of-iowa-cambus-cambus (jaccard 0.67)
70030,City of Coralville,Coralville Transit System,IA,Full Reporter,"City, County or Local Government Unit or Department of Transportation",http://www.coralville.org/transit,registry_name_exact,registry:coralville-transit
70032,"City of St. Joseph, Missouri",St Joseph Transit,MO,Reduced Reporter,"City, County or Local Government Unit or Department of Transportation",http://www.stjoetransit.info/,no_candidate,
70035,Johnson County Kansas,Johnson County Transit,KS,Full Reporter,"City, County or Local Government Unit or Department of Transportation",http://www.jocogov.org/dept/transit/home,registry_name_exact,registry:johnson-county-transit
70040,City of Joplin,Metro Area Public Transit System,MO,Reduced Reporter,"City, County or Local Government Unit or Department of Transportation",https://www.joplinmo.org/365/Public-Transportation,weak_shared_token,registry:metro-st-louis
70041,Ames Transit Agency,CyRide,IA,Full Reporter,"City, County or Local Government Unit or Department of Transportation",http://www.cyride.com/,registry_name_exact,registry:cyride
70043,City of Jefferson,JEFFTRAN,MO,Reduced Reporter,"City, County or Local Government Unit or Department of Transportation",https://www.jeffersoncitymo.gov/government/transit/index.php,no_candidate,
70044,University of Kansas,KU Transportation Services,KS,Full Reporter,University,https://transportationservices.ku.edu/,no_candidate,
70046,City of Independence,IndeBus,MO,Reduced Reporter,"City, County or Local Government Unit or Department of Transportation",https://ridekc.org/region/indebus,no_candidate,
70047,"Unified Government of Wyandotte County and Kansas City, KS",RideKC,KS,Reduced Reporter,"City, County or Local Government Unit or Department of Transportation",https://www.wycokck.org/Departments/Transportation,no_candidate,
70048,City of Lawrence,Lawrence Transit,KS,Full Reporter,"City, County or Local Government Unit or Department of Transportation",http://www.lawrencetransit.org/,weak_shared_token,"registry:ku-on-wheels-lawrence-transit-system,ku-on-wheels-lawrence-transit-system-2063"
70049,River Bend Transit,,IA,Full Reporter,Private-Non-Profit Corporation,http://www.riverbendtransit.org/,no_candidate,
70050,Southeast Missouri State University,Southeast Transit Service,MO,Reduced Reporter,University,http://www.semo.edu/transit/index.html,no_candidate,
70051,Cape Girardeau County Transit Authority,,MO,Reduced Reporter,Independent Public Agency or Authority of Transit Service,http://www.cgcta.com/,no_candidate,
70053,"Flint Hills Area Transportation Agency, Inc",ATABUS,KS,Reduced Reporter,Private-Non-Profit Corporation,https://www.fhata.org,no_candidate,
70057,Loop Trolley Transportation Development District,,MO,Full Reporter,Independent Public Agency or Authority of Transit Service,http://www.looptrolley.com,registry_domain,registry:metro-st-louis-2035
70060,"Developmental Services of Northwest Kansas, Inc.",Access Transportation,KS,Rural Reporter,Private-Non-Profit Corporation,https://sites.google.com/mydsnwk.org/access,registry_domain,"registry:long-beach-transit-lbt,wave-transit-1862"
70070,Finney County,Finney County Public Transit,KS,Rural Reporter,"City, County or Local Government Unit or Department of Transportation",https://finneycountytransit.org/,no_candidate,
70078,Southeast Kansas Community Action Program,,KS,Rural Reporter,Private-Non-Profit Corporation,https://sek-cap.com/services/transportation/,no_candidate,
70092,City of Marshalltown,Marshalltown Municipal Transit,IA,Rural Reporter,"City, County or Local Government Unit or Department of Transportation",http://www.ci.marshalltown.ia.us,registry_name_exact,registry:marshalltown-municipal-transit
70101,City of Muscatine,MuscaBus,IA,Rural Reporter,"City, County or Local Government Unit or Department of Transportation",http://www.muscatineiowa.gov,registry_name_exact,registry:muscabus
70108,City of Fort Dodge,Dodger Area Rapid Transit,IA,Rural Reporter,"City, County or Local Government Unit or Department of Transportation",https://www.midascogia.net/transit_services/dart/index.php,registry_name_exact,registry:dodger-area-rapid-transit
70111,City of Burlington,Burlington Urban Service,IA,Rural Reporter,"City, County or Local Government Unit or Department of Transportation",www.burlingtoniowa.org,registry_name_exact,registry:burlington-urban-service
70138,East Central Iowa Council of Governments,Corridor Rides,IA,Reduced Reporter,"MPO, COG or Other Planning Agency",http://www.ecicog.org,weak_shared_token,"registry:iowa-city-transit-system,university-of-iowa-cambus-cambus"
70139,City of Dodge City,Dodge City Public Transportation,KS,Rural Reporter,"City, County or Local Government Unit or Department of Transportation",https://www.dodgecity.org/727/Public-Transportation,no_candidate,
70145,"OCCK, Inc.",,KS,Rural Reporter,Private-Non-Profit Corporation,https://salinacitygo.com/,registry_domain,registry:81-connection-citygo-kanconnect
70156,Community Concern,North Fork Area Transit,NE,Rural Reporter,Private-Non-Profit Corporation,https://northforkareatransit.com/,no_candidate,
70162,City of Excelsior Springs,,MO,Rural Reporter,"City, County or Local Government Unit or Department of Transportation",http://www.cityofesmo.com/transportation.html,no_candidate,
70173,City of Clinton,,IA,Rural Reporter,"City, County or Local Government Unit or Department of Transportation",https://www.cityofclintoniowa.gov/215/MTA-Transit,weak_shared_token,registry:clinton-municipal-transit-administration-clinton-mta
70180,Reno County,Reno County Area Transit,KS,Rural Reporter,"City, County or Local Government Unit or Department of Transportation",https://www.renocountyks.gov/Routes-Fares.,no_candidate,
70183,Scotts Bluff Public Transit,Tri City Roadrunner,NE,Rural Reporter,"City, County or Local Government Unit or Department of Transportation",https://tricityroadrunner.com/,no_candidate,
70200,Kimball County Public Transit,,NE,Rural Reporter,"City, County or Local Government Unit or Department of Transportation",https://ridekcts.com/,weak_shared_token,registry:kimball-county-transit-service
70227,City of Liberal,Liberal City Bus,KS,Rural Reporter,"City, County or Local Government Unit or Department of Transportation",http://cityofliberal.org/208/City-Bus,no_candidate,
70242,10-15 Regional Transit Agency,10-15 Transit,IA,Rural Reporter,Independent Public Agency or Authority of Transit Service,https://www.1015transit.com/,registry_name_exact,registry:10-15-transit
70248,Lyon County,Lyon County Transportation,KS,Rural Reporter,"City, County or Local Government Unit or Department of Transportation",https://www.lyoncountyks.gov/176/LCAT,no_candidate,
70260,City of Mason City,Mason City Transit,IA,Rural Reporter,"City, County or Local Government Unit or Department of Transportation",http://www.masoncity.net,registry_name_exact,registry:mason-city-public-transit
70271,"Kansas City, City of Missouri",Kansas City Streetcar,MO,Full Reporter,"City, County or Local Government Unit or Department of Transportation",kcstreetcar.org,weak_shared_token,registry:kansas-city-area-transportation-authority-kcata
77086,New Bourbon Regional Port Authority,,MO,Rural Reporter,"City, County or Local Government Unit or Department of Transportation",https://spexternal.modot.mo.gov/sites/cm/CORDT/cmr18-002_NewBourbon.pdf,no_candidate,
80001,Utah Transit Authority,,UT,Full Reporter,Independent Public Agency or Authority of Transit Service,https://www.rideuta.com/,registry_name_exact,registry:utah-transit-authority-uta
80002,City of Sioux Falls,Sioux Area Metro,SD,Full Reporter,"City, County or Local Government Unit or Department of Transportation",http://www.siouxareametro.org/,registry_name_exact,registry:sioux-area-metro-sam
80003,City of Fargo,Metropolitan Area Transit,ND,Full Reporter,"City, County or Local Government Unit or Department of Transportation",http://www.matbus.com/,no_candidate,
80004,City of Billings,Billings Metropolitan Transit System,MT,Full Reporter,"City, County or Local Government Unit or Department of Transportation",https://www.billingsmt.gov/3042/MET,no_candidate,
80005,City of Colorado Springs,Mountain Metropolitan Transit,CO,Full Reporter,"City, County or Local Government Unit or Department of Transportation",https://coloradosprings.gov/mountain-metro,registry_name_exact,"registry:mountain-metropolitan-transit,mountain-metropolitan-transit-2356"
80006,Denver Regional Transportation District,RTD-Denver,CO,Full Reporter,Independent Public Agency or Authority of Transit Service,http://www.rtd-denver.com/,registry_ntd_id,"registry:regional-transportation-district,regional-transportation-district-rtd-178"
80007,City of Pueblo,Pueblo Transit,CO,Full Reporter,"City, County or Local Government Unit or Department of Transportation",https://pueblo.us/104/Pueblo-Transit,registry_name_exact,registry:pueblo-transit-2232
80008,City of Grand Forks,,ND,Full Reporter,"City, County or Local Government Unit or Department of Transportation",http://www.grandforksgov.com/bus/,no_candidate,
80009,Missoula Urban Transportation District,Mountain Line,MT,Full Reporter,Independent Public Agency or Authority of Transit Service,http://www.mountainline.com/,registry_name_exact,registry:mountain-line
80010,"Greeley, City Of",Greeley Evans Transit,CO,Reduced Reporter,"City, County or Local Government Unit or Department of Transportation",http://www.GreeleyEvansTransit.com/,registry_name_exact,registry:greeley-evans-transit-get-2076
80011,City of Fort Collins,Transfort,CO,Full Reporter,"City, County or Local Government Unit or Department of Transportation",http://www.ridetransfort.com,registry_domain,registry:transfort-city-of-fort-collins-transfort
80012,Great Falls Transit District,,MT,Full Reporter,Independent Public Agency or Authority of Transit Service,http://www.gftransit.com/,no_candidate,
80013,City of Casper,Casper Area Transit,WY,Reduced Reporter,"City, County or Local Government Unit or Department of Transportation",www.casperareatransit.org,no_candidate,
80014,City of Rapid City,Rapid Transit System,SD,Reduced Reporter,"City, County or Local Government Unit or Department of Transportation",http://www.rapidride.org/,no_candidate,
80016,County of Mesa,Grand Valley Transit,CO,Reduced Reporter,"City, County or Local Government Unit or Department of Transportation",http://gvt.mesacounty.us/,registry_name_exact,registry:grand-valley-transit
80018,Fort Peck Tribes,Fort Peck Transit Dial-A-Ride,MT,Reduced Reporter,Tribe,https://fortpecktribes.org,no_candidate,
80019,Bis-Man Transit Board,Bis-Man Transit,ND,Reduced Reporter,Independent Public Agency or Authority of Transit Service,http://www.bismantransit.com/,no_candidate,
80020,The City of Cheyenne,Cheyenne Transit Program,WY,Reduced Reporter,"City, County or Local Government Unit or Department of Transportation",http://www.cheyennecity.org/transit,no_candidate,
80025,"City of Loveland, Colorado",City of Loveland Transit,CO,Full Reporter,"City, County or Local Government Unit or Department of Transportation",https://www.lovgov.org/services/public-works/bus-service,catalog_name_exact,mdb:mdb-2161
80026,City of St. George,SunTran,UT,Reduced Reporter,"City, County or Local Government Unit or Department of Transportation",http://sgcity.org/suntran/,weak_shared_token,registry:suntran-utah
80028,Cache Valley Transit District,Connect Transit,UT,Full Reporter,Independent Public Agency or Authority of Transit Service,http://www.rideconnectutah.gov,registry_name_exact,registry:cache-valley-transit-district
80107,University of Montana,ASUM Transportation,MT,Full Reporter,University,http://umt.edu/transportation/,registry_name_exact,registry:university-of-montana-udash
80119,City of Black Hawk,The Black Hawk & Central City Tramway,CO,Rural Reporter,"City, County or Local Government Unit or Department of Transportation",https://www.cityofblackhawk.org/public-works/page/shuttle-service,weak_shared_token,"registry:blackhawk-and-central-city-tramway,blackhawk-and-central-city-tramway-2041,south-central-council-of-governments-sccog"
80121,Fremont County Association of Governments,Wind River Transportation Authority,WY,Rural Reporter,"MPO, COG or Other Planning Agency",https://gowrta.com/,no_candidate,
80140,University of Wyoming,,WY,Rural Reporter,University,http://www.uwyo.edu/tap/transit/index.html,no_candidate,
80150,Gunnison Valley Rural Transportation Authority,Gunnison Valley RTA,CO,Rural Reporter,Independent Public Agency or Authority of Transit Service,http://www.gunnisonvalleyrta.org,registry_name_fuzzy,registry:gunnison-valley-rta (jaccard 0.60)
80155,Eagle County,ECO Transit,CO,Rural Reporter,"City, County or Local Government Unit or Department of Transportation",http://www.eaglecounty.us,registry_name_exact,"registry:eco-transit,eco-transit-2061"
80159,Mountain Express,,CO,Rural Reporter,Independent Public Agency or Authority of Transit Service,http://www.mtnexp.org,registry_name_exact,registry:mountain-express-mtnexp
80161,Summit County,Summit Stage,CO,Rural Reporter,"City, County or Local Government Unit or Department of Transportation",http://www.summitstage.com,registry_name_exact,registry:summit-stage
80169,Toole County,Northern Transit Interlocal,MT,Rural Reporter,"City, County or Local Government Unit or Department of Transportation",http://northern.rural-transit.com,no_candidate,
80170,Town of Breckenridge,Free Ride,CO,Rural Reporter,"City, County or Local Government Unit or Department of Transportation",https://www.breckfreeride.com,registry_name_fuzzy,registry:breckenridge-free-ride (jaccard 0.75)
80174,Silver Bow County,Butte Silver Bow Transit,MT,Rural Reporter,"City, County or Local Government Unit or Department of Transportation",http://www.co.silverbow.mt.us/178/Transit-Services,registry_name_exact,registry:butte-silver-bow
80186,City of Steamboat Springs,Steamboat Springs Transit,CO,Rural Reporter,"City, County or Local Government Unit or Department of Transportation",https://www.steamboatsprings.net/166/Transit,registry_name_fuzzy,registry:steamboat-springs-transit (jaccard 0.67)
80188,Southern Teton Area Rapid Transit,START Bus,WY,Rural Reporter,Independent Public Agency or Authority of Transit Service,http://www.startbus.com/,no_candidate,
80189,"Southern Colorado Community Action Agency, Inc.",Road Runner Transit / Ignacio Senior Center,CO,Rural Reporter,Private-Non-Profit Corporation,https://sococaa.org,weak_shared_token,"registry:lake-county-senior-center-transportation-program,mountain-family-center"
80193,Senior Citizens Council,Goose Creek Transit,WY,Rural Reporter,Private-Non-Profit Corporation,http://www.sheridanseniorcenter.org,no_candidate,
80204,Opportunity Link,,MT,Rural Reporter,Private-Non-Profit Corporation,http://opportunitylinkmt.org/north-central-montana-transit/,no_candidate,
80206,City of Durango,Durango Transit,CO,Rural Reporter,"City, County or Local Government Unit or Department of Transportation",http://www.durangotransit.com,registry_name_exact,registry:durango-transit
80220,Flathead County,Mountain Climber Transit,MT,Rural Reporter,"City, County or Local Government Unit or Department of Transportation",http://flathead.mt.gov/department-directory/mountain-climber,weak_shared_token,registry:mountain-line
80221,Northeastern Colorado Association of Local Governments,County Express / Prairie Express,CO,Rural Reporter,"MPO, COG or Other Planning Agency",https://www.necalg.org/transportation-1,weak_shared_token,"registry:prairie-express-transit,south-central-council-of-governments-sccog,upper-arkansas-area-council-of-governments"
80235,"Human Resource Development Council District IX, Inc.",Galavan / Streamline,MT,Reduced Reporter,Private-Non-Profit Corporation,http://www.streamlinebus.com,weak_shared_token,registry:streamline
80248,Cedar City,,UT,Rural Reporter,"City, County or Local Government Unit or Department of Transportation",https://www.cedarcityut.gov/92/Transportation,no_candidate,
80255,Big Sky Transportation District,Skyline,MT,Rural Reporter,Independent Public Agency or Authority of Transit Service,www.skylinebus.com,no_candidate,
80256,Town of Mountain Village,Mountain Village Transit,CO,Rural Reporter,"City, County or Local Government Unit or Department of Transportation",https://townofmountainvillage.com/explore/getting-around/,registry_name_exact,registry:town-of-mountain-village
80258,City of Glenwood Springs,Ride Glenwood Springs,CO,Rural Reporter,"City, County or Local Government Unit or Department of Transportation",https://www.cogs.us/187/Ride-Glenwood-Springs,weak_shared_token,"registry:breckenridge-free-ride,easy-ride-transportation,groome-transportation-colorado-springs-shuttle,steamboat-springs-transit"
80260,Uintah Basin Association of Governments,,UT,Rural Reporter,"MPO, COG or Other Planning Agency",https://www.ubaog.org/basin-transit-association,no_candidate,
80263,Town of Snowmass Village,Village Shuttle,CO,Rural Reporter,"City, County or Local Government Unit or Department of Transportation",https://www.snowmasstransit.com/,weak_shared_token,"registry:groome-transportation-colorado-springs-shuttle,snowmass-village-transportation,town-of-mountain-village"
80267,"Senior Resource Development Agency, Pueblo, Inc.",,CO,Reduced Reporter,Private-Non-Profit Corporation,http://www.srda.org/90/Transportation-Services,registry_name_fuzzy,registry:senior-resource-development-agency (jaccard 0.60)
80275,City of Cripple Creek,Cripple Creek Transit,CO,Rural Reporter,"City, County or Local Government Unit or Department of Transportation",https://cityofcripplecreek.com/departments/transportation-department/,registry_name_exact,registry:cripple-creek-transportation
80280,Archuleta County,Mountain Express Transit,CO,Rural Reporter,"City, County or Local Government Unit or Department of Transportation",http://archuletacounty.org/681/Transportation-MET,registry_name_exact,registry:mountain-express-mtnexp
80284,Park City Municipal Corporation,,UT,Rural Reporter,"City, County or Local Government Unit or Department of Transportation",https://www.parkcity.org/departments/transit-bus,no_candidate,
80289,Roaring Fork Transportation Authority,,CO,Rural Reporter,Independent Public Agency or Authority of Transit Service,http://www.rfta.com,registry_name_exact,"registry:roaring-fork-transportation-authority,roaring-fork-transportation-authority-2278"
80303,City of Minot,Minot City Transit,ND,Reduced Reporter,"City, County or Local Government Unit or Department of Transportation",https://www.minotnd.org/294/City-Transit,no_candidate,
88116,Northern Cheyenne Tribe,Northern Cheyenne Tribal Transit Program,MT,Reduced Reporter,Tribe,,no_candidate,
88122,Oglala Sioux Tribe,,SD,Reduced Reporter,Tribe,,weak_shared_token,registry:sioux-area-metro-sam
88134,Confederated Salish and Kootenai Tribes,CSKT Transit,MT,Reduced Reporter,Tribe,http://www.cskt.org/,no_candidate,
88164,Chippewa Cree Tribe,,MT,Reduced Reporter,Tribe,http://www.chippewacree.org/,no_candidate,
88170,Fort Belknap Indian Community,Fort Belknap Transit,MT,Reduced Reporter,Tribe,www.ftbelknap.org,no_candidate,
88188,Crow Tribe of Indians,Crow Nation Transit,MT,Reduced Reporter,Tribe,http://www.crow-nsn.gov,no_candidate,
88194,Yankton Sioux Tribe,,SD,Reduced Reporter,Tribe,https://www.yanktonsiouxtribe.net/yst-transit/,weak_shared_token,registry:sioux-area-metro-sam
88200,Ute Tribe,Ute Tribe Transit,UT,Reduced Reporter,Tribe,http://www.utetribe.com/,no_candidate,
88215,"Montrose County Senior Citizens Transportation, Inc.",All Points Transit,CO,Rural Reporter,Private-Non-Profit Corporation,http://www.allpointstransit.org,registry_name_exact,registry:all-points-transit
88225,Town of Winter Park,The Lift,CO,Rural Reporter,"City, County or Local Government Unit or Department of Transportation",http://www.TheLiftWP.com,weak_shared_token,registry:winter-park-transit
88226,Town of Telluride,Galloping Goose,CO,Rural Reporter,"City, County or Local Government Unit or Department of Transportation",http://www.telluride-co.gov/254/Public-Transportation,registry_name_exact,registry:town-of-telluride
88228,Town of Avon,Avon Transit,CO,Rural Reporter,"City, County or Local Government Unit or Department of Transportation",https://www.avon.org/2038/Mobility,registry_name_exact,"registry:avon-transit,avon-transit-2433"
88230,Teller Senior Coalition,TSC Transit,CO,Rural Reporter,Private-Non-Profit Corporation,https://www.tellerseniorcoalition.org/transportation,registry_name_exact,registry:teller-senior-coalition-transit-tsc-transit
88239,High Valley Transit District,,UT,Rural Reporter,Independent Public Agency or Authority of Transit Service,https://highvalleytransit.org/,weak_shared_token,registry:cache-valley-transit-district
88281,Town of Estes Park,The Peak,CO,Rural Reporter,"City, County or Local Government Unit or Department of Transportation",https://estespark.colorado.gov/transit,registry_name_exact,registry:town-of-estes-park
88288,"Disability Services, Inc.",Envida,CO,Reduced Reporter,Private-Non-Profit Corporation,https://envidacares.org/,registry_name_exact,registry:envida
88293,Park County,Windrider Transit,MT,Rural Reporter,"City, County or Local Government Unit or Department of Transportation",http://www.parkcounty.org/Government-Departments/Transit/,no_candidate,
88294,San Miguel Authority for Regional Transportation,SMART,CO,Rural Reporter,Independent Public Agency or Authority of Transit Service,https://smarttelluride.colorado.gov/,registry_name_exact,registry:san-miguel-authority-for-regional-transportation-smart
88298,Town of Vail,Vail Transit,CO,Rural Reporter,"City, County or Local Government Unit or Department of Transportation",https://www.vail.gov/government/departments/transportation-services/bus-information,registry_name_exact,registry:vail-transit
88299,Clear Creek County,RoundAbout,CO,Rural Reporter,"City, County or Local Government Unit or Department of Transportation",https://www.clearcreekcounty.us/857/RoundAbout-Bus-Service,registry_name_exact,registry:clear-creek-county-transit
88305,Eagle Valley Transportation Authority,Core Transit,CO,Rural Reporter,Independent Public Agency or Authority of Transit Service,https://evta.colorado.gov/,no_candidate,
90001,Regional Transportation Commission of Washoe County,,NV,Full Reporter,Independent Public Agency or Authority of Transit Service,https://www.rtcwashoe.com/public-transportation/,weak_shared_token,"registry:regional-transportation-commission-of-southern-nevada-rtc-2351,regional-transportation-commission-rtc"
90002,City and County of Honolulu,,HI,Full Reporter,"City, County or Local Government Unit or Department of Transportation",http://www.honolulu.gov/dts.html,no_candidate,
90003,San Francisco Bay Area Rapid Transit District,SF BART,CA,Full Reporter,Independent Public Agency or Authority of Transit Service,http://www.bart.gov/,registry_ntd_id,registry:bay-area-rapid-transit-bart
90004,Golden Empire Transit District,,CA,Full Reporter,Independent Public Agency or Authority of Transit Service,http://www.getbus.org/,registry_name_exact,registry:golden-empire-transit-district-get
90005,Navajo Nation,,AZ,Reduced Reporter,Tribe,www.navajotransit.navajo-nsn.gov,no_candidate,
90006,Santa Cruz Metropolitan Transit District,,CA,Full Reporter,Independent Public Agency or Authority of Transit Service,http://www.scmtd.com/,registry_domain,registry:santa-cruz-metro-scmtd
90008,City of Santa Monica,Big Blue Bus,CA,Full Reporter,"City, County or Local Government Unit or Department of Transportation",http://www.bigbluebus.com/,registry_ntd_id,registry:big-blue-bus
90009,San Mateo County Transit District,SamTrans,CA,Full Reporter,Independent Public Agency or Authority of Transit Service,http://www.samtrans.com/,registry_ntd_id,"registry:samtrans,san-mateo-county-transit-district-samtrans"
90010,City of Torrance,Torrance Transit System,CA,Full Reporter,"City, County or Local Government Unit or Department of Transportation",http://Transit.TorranceCA.Gov/,registry_name_exact,registry:torrance-transit
90011,Reno-Sparks Indian Colony,Reno Sparks Indian Colony,NV,Reduced Reporter,Tribe,,no_candidate,
90012,San Joaquin Regional Transit District,San Joaquin RTD,CA,Full Reporter,Independent Public Agency or Authority of Transit Service,http://www.sanjoaquinrtd.com/,registry_name_exact,"registry:san-joaquin-regional-transit-district,san-joaquin-regional-transit-district-rtd"
90013,Santa Clara Valley Transportation Authority,Valley Transportation Authority,CA,Full Reporter,Independent Public Agency or Authority of Transit Service,http://www.vta.org/,registry_ntd_id,registry:santa-clara-valley-transportation-authority-vta
90014,Alameda-Contra Costa Transit District,AC Transit,CA,Full Reporter,Independent Public Agency or Authority of Transit Service,http://www.actransit.org/,registry_ntd_id,registry:alameda-contra-costa-transit-district-ac-transit
90015,City and County of San Francisco,San Francisco Municipal Transportation Agency,CA,Full Reporter,"City, County or Local Government Unit or Department of Transportation",http://www.sfmta.com/,registry_ntd_id,"registry:san-francisco-municipal-transportation-agency-sfmta-muni,san-francisco-municipal-transportation-agency-sfmta-muni-2886"
90016,"Golden Gate Bridge, Highway and Transportation District",,CA,Full Reporter,Independent Public Agency or Authority of Transit Service,http://www.goldengate.org/,registry_ntd_id,registry:golden-gate-transit
90017,City of Santa Rosa,Santa Rosa CityBus,CA,Full Reporter,"City, County or Local Government Unit or Department of Transportation",www.srcity.org/citybus,registry_ntd_id,"registry:santa-rosa-citybus,santa-rosa-citybus-1986"
90019,Sacramento Regional Transit District,Sacramento RT,CA,Full Reporter,Independent Public Agency or Authority of Transit Service,http://www.sacrt.com/,registry_ntd_id,"registry:sacramento-regional-transit-sacrt,sacramento-regional-transit-sacrt-2137"
90020,Santa Barbara Metropolitan Transit District,,CA,Full Reporter,Independent Public Agency or Authority of Transit Service,http://www.sbmtd.gov/,registry_name_exact,registry:santa-barbara-metropolitan-transit-district-mtd
90022,City of Norwalk,Norwalk Transit System,CA,Full Reporter,"City, County or Local Government Unit or Department of Transportation",https://www.norwalk.org/city-hall/departments/norwalk-transit-system-nts,registry_name_exact,"registry:norwalk-transit-system-nts,norwalk-transit-system-nts-2242"
90023,Long Beach Transit,,CA,Full Reporter,Other Publicly-Owned or Privately Chartered Corporation,http://www.lbtransit.com/,registry_name_exact,registry:long-beach-transit-lbt
90026,San Diego Metropolitan Transit System,,CA,Full Reporter,Independent Public Agency or Authority of Transit Service,http://www.sdmts.com/,registry_ntd_id,registry:san-diego-international-airport-metropolitan-transit-system-mts
90027,City of Fresno,Fresno Area Express,CA,Full Reporter,"City, County or Local Government Unit or Department of Transportation",https://www.fresno.gov/transportation/,registry_name_exact,registry:fresno-area-express-fax
90029,Omnitrans,OMNI,CA,Full Reporter,Independent Public Agency or Authority of Transit Service,http://www.omnitrans.org/,registry_name_exact,registry:omnitrans
90030,North County Transit District,,CA,Full Reporter,Independent Public Agency or Authority of Transit Service,http://www.gonctd.com/,registry_name_exact,"registry:north-county-transit-district-nctd,north-county-transit-district-nctd-3093"
90031,Riverside Transit Agency,,CA,Full Reporter,Independent Public Agency or Authority of Transit Service,http://www.riversidetransit.com/,registry_name_exact,registry:riverside-transit-agency
90032,City of Phoenix,Valley Metro,AZ,Full Reporter,"City, County or Local Government Unit or Department of Transportation",http://www.valleymetro.org/,registry_name_exact,registry:valley-metro-vm
90033,City of Tucson,Sun Tran,AZ,Full Reporter,"City, County or Local Government Unit or Department of Transportation",https://www.tucsonaz.gov/Departments/Transportation-Mobility/Transit-Services-Division,weak_shared_token,"registry:cat-tran-shuttle,cat-tran-shuttle-2206"
90034,City of Glendale,,AZ,Full Reporter,"City, County or Local Government Unit or Department of Transportation",https://www.glendaleaz.com/live/city_services/public_transportation,no_candidate,
90035,Gold Coast Transit District,,CA,Full Reporter,Independent Public Agency or Authority of Transit Service,http://www.goldcoasttransit.org/,registry_ntd_id,registry:gold-coast-transit-south-coast-area-transit
90036,Orange County Transportation Authority,,CA,Full Reporter,Independent Public Agency or Authority of Transit Service,http://www.octa.net/,registry_ntd_id,registry:orange-county-transportation-authority-octa
90039,City of Culver City,Culver CityBus,CA,Full Reporter,"City, County or Local Government Unit or Department of Transportation",https://www.culvercitybus.com/,atlas_ntd_id,transitland-atlas
90041,City of Montebello,Montebello Bus Lines,CA,Full Reporter,"City, County or Local Government Unit or Department of Transportation",http://www.ridembl.com/,registry_name_exact,"registry:montebello-bus-lines,montebello-bus-lines-2201"
90042,City of Gardena,GTrans,CA,Full Reporter,"City, County or Local Government Unit or Department of Transportation",www.ridegtrans.com,registry_name_exact,"registry:gtrans,gtrans-2270"
90043,City of Commerce,City of Commerce Transit,CA,Full Reporter,"City, County or Local Government Unit or Department of Transportation",https://www.ci.commerce.ca.us/city-hall/transportation,weak_shared_token,registry:commerce-municipal-bus-lines
90044,City of Arcadia,Arcadia Transit,CA,Reduced Reporter,"City, County or Local Government Unit or Department of Transportation",ArcadiaCA.gov/Transit,registry_name_exact,"registry:arcadia-transit,arcadia-transit-2243"
90045,Regional Transportation Commission of Southern Nevada,,NV,Full Reporter,Independent Public Agency or Authority of Transit Service,http://www.rtcsnv.com/,registry_name_exact,registry:regional-transportation-commission-of-southern-nevada-rtc-2351
90050,City of Simi Valley,Simi Valley Transit,CA,Reduced Reporter,"City, County or Local Government Unit or Department of Transportation",http://www.simivalley.org/departments/public-works/simi-valley-transit,registry_ntd_id,registry:simi-valley-transit
90052,City of Corona,,CA,Reduced Reporter,"City, County or Local Government Unit or Department of Transportation",www.CoronaCA.gov/transit,weak_shared_token,registry:corona-cruiser
90061,Yuba-Sutter Transit Authority,,CA,Reduced Reporter,Independent Public Agency or Authority of Transit Service,http://www.yubasuttertransit.com/,registry_name_exact,registry:yuba-sutter-transit
90062,Monterey-Salinas Transit,,CA,Full Reporter,Independent Public Agency or Authority of Transit Service,http://www.mst.org/,registry_ntd_id,registry:monterey-salinas-transit-mst
90078,Central Contra Costa Transit Authority,County Connection,CA,Full Reporter,Independent Public Agency or Authority of Transit Service,http://www.cccta.org/,registry_ntd_id,"registry:county-connection-cccta,county-connection-cccta-2421"
90079,SunLine Transit Agency,SunLine,CA,Full Reporter,Independent Public Agency or Authority of Transit Service,http://www.sunline.org/,registry_name_exact,registry:sunline-transit-agency
90087,City of Santa Maria,Santa Maria Regional Transit,CA,Full Reporter,"City, County or Local Government Unit or Department of Transportation",https://www.cityofsantamaria.org/services/departments/department-of-public-works/santa-maria-regional-transit-5008,registry_name_exact,"registry:santa-maria-area-transit,santa-maria-area-transit-2272"
90088,Napa Valley Transportation Authority,,CA,Full Reporter,Independent Public Agency or Authority of Transit Service,http://www.vinetransit.com/,registry_ntd_id,registry:vine-transit
90089,County of Sonoma,Sonoma County Transit,CA,Full Reporter,"City, County or Local Government Unit or Department of Transportation",http://www.sctransit.com/,registry_ntd_id,registry:sonoma-county-transit-sct
90090,Yolo County Transportation District,,CA,Full Reporter,Independent Public Agency or Authority of Transit Service,http://www.yolobus.com/,registry_ntd_id,registry:yolobus
90091,City of Visalia,Visalia Transit,CA,Full Reporter,"City, County or Local Government Unit or Department of Transportation",https://www.visalia.city/depts/transportation_services/transit/default.asp,no_candidate,
90092,"City of Fairfield, California",FAST Transit,CA,Full Reporter,"City, County or Local Government Unit or Department of Transportation",https://fasttransit.org/,registry_ntd_id,registry:fast-transit
90093,Redding Area Bus Authority,,CA,Reduced Reporter,Independent Public Agency or Authority of Transit Service,http://www.rabaride.com/,registry_name_exact,"registry:redding-area-bus-authority,redding-area-bus-authority-3031,redding-area-bus-authority-raba,redding-area-bus-authority-raba-1972"
90119,City of Laguna Beach,Laguna Beach Transit,CA,Reduced Reporter,"City, County or Local Government Unit or Department of Transportation",https://www.lagunabeachcity.net/live-here/parking-and-transportation/trolleys,registry_name_exact,registry:laguna-beach-transit-lbt
90121,Antelope Valley Transit Authority,,CA,Full Reporter,Independent Public Agency or Authority of Transit Service,http://www.avta.com/,registry_name_exact,registry:antelope-valley-transit-authority-avta
90131,City of Scottsdale,Scottsdale Trolley,AZ,Full Reporter,"City, County or Local Government Unit or Department of Transportation",http://www.scottsdaleaz.gov/,no_candidate,
90134,Peninsula Corridor Joint Powers Board,Caltrain,CA,Full Reporter,Independent Public Agency or Authority of Transit Service,http://www.caltrain.com/,registry_name_exact,registry:caltrain
90136,Regional Public Transportation Authority,Valley Metro,AZ,Full Reporter,Independent Public Agency or Authority of Transit Service,http://www.valleymetro.org/,registry_name_exact,registry:valley-metro-vm
90142,"University of California, Davis",Unitrans,CA,Full Reporter,University,http://unitrans.ucdavis.edu,registry_ntd_id,registry:unitrans
90144,Livermore / Amador Valley Transit Authority,,CA,Full Reporter,Independent Public Agency or Authority of Transit Service,http://www.wheelsbus.com/,registry_ntd_id,registry:livermore-amador-valley-transit-authority
90146,Foothill Transit,,CA,Full Reporter,Independent Public Agency or Authority of Transit Service,http://www.foothilltransit.org/,registry_name_exact,registry:foothill-transit
90147,City of Los Angeles,,CA,Full Reporter,"City, County or Local Government Unit or Department of Transportation",http://www.ladottransit.com/,registry_name_fuzzy,registry:los-angeles-county-metropolitan-transportation-authority-la-metro (jaccard 0.67)
90148,Victor Valley Transit Authority,,CA,Full Reporter,Independent Public Agency or Authority of Transit Service,http://www.vvta.org/,registry_name_exact,registry:victor-valley-transit-authority-vvta
90149,City of Lompoc,City of Lompoc Transit,CA,Reduced Reporter,"City, County or Local Government Unit or Department of Transportation",http://www.cityoflompoc.com/transit/,registry_name_exact,registry:city-of-lompoc-transit-colt
90151,Southern California Regional Rail Authority,Metrolink,CA,Full Reporter,Independent Public Agency or Authority of Transit Service,http://www.metrolinktrains.com/,registry_name_exact,registry:metrolink
90154,Los Angeles County Metropolitan Transportation Authority,Metro,CA,Full Reporter,Independent Public Agency or Authority of Transit Service,http://www.metro.net/,registry_ntd_id,"registry:los-angeles-county-metropolitan-transportation-authority-la-metro,los-angeles-county-metropolitan-transportation-authority-la-metro-30"
90155,City of Vacaville,City Coach,CA,Reduced Reporter,"City, County or Local Government Unit or Department of Transportation",http://www.citycoach.com/,registry_name_exact,registry:city-coach
90156,City of San Luis Obispo,SLO Transit,CA,Full Reporter,"City, County or Local Government Unit or Department of Transportation",www.slotransit.org,registry_name_exact,"registry:city-of-san-luis-obispo-transit,san-luis-obispo-regional-transit-authority-slorta"
90159,Western Contra Costa Transit Authority,WestCAT,CA,Full Reporter,Independent Public Agency or Authority of Transit Service,http://www.westcat.org/,registry_ntd_id,registry:westcat
90161,City of Union City,Union City Transit,CA,Reduced Reporter,"City, County or Local Government Unit or Department of Transportation",http://www.uctransit.org/,registry_ntd_id,registry:union-city-transit
90162,The Eastern Contra Costa Transit Authority,Tri Delta Transit,CA,Full Reporter,Independent Public Agency or Authority of Transit Service,http://www.trideltatransit.com/,registry_ntd_id,registry:tri-delta-transit
90163,City of Camarillo,Camarillo Area Transit,CA,Reduced Reporter,"City, County or Local Government Unit or Department of Transportation",https://www.cityofcamarillo.org/residents/public_transportation/index.php,registry_ntd_id,registry:camarillo-area-transit
90164,Ventura County Transportation Commission,,CA,Full Reporter,Independent Public Agency or Authority of Transit Service,http://www.goventura.org/,registry_ntd_id,"registry:ventura-county-transportation-commission,ventura-county-transportation-commission-3096"
90165,City of Thousand Oaks,Thousand Oaks Transit,CA,Reduced Reporter,"City, County or Local Government Unit or Department of Transportation",https://toaks.gov/transit,registry_ntd_id,registry:thousand-oaks-transit
90168,City of Roseville,,CA,Reduced Reporter,"City, County or Local Government Unit or Department of Transportation",http://www.roseville.ca.us/transit/,registry_name_exact,registry:roseville-transit
90171,City of Santa Clarita,Santa Clarita Transit,CA,Full Reporter,"City, County or Local Government Unit or Department of Transportation",http://santaclaritatransit.com,registry_ntd_id,registry:santa-clarita-transit
90173,Transit Joint Powers Authority for Merced County,Merced The Bus,CA,Full Reporter,Independent Public Agency or Authority of Transit Service,http://www.mercedthebus.com/,weak_shared_token,"registry:capitol-corridor-joint-powers-authority-capitol-corridor,merced-county-transit-the-bus,merced-county-transit-the-bus-3117"
90175,City of Lodi,GrapeLine,CA,Reduced Reporter,"City, County or Local Government Unit or Department of Transportation",www.lodi.gov/transit,registry_name_exact,registry:grapeline
90182,Altamont Corridor Express,,CA,Full Reporter,Independent Public Agency or Authority of Transit Service,http://www.acerail.com/,registry_ntd_id,registry:altamont-corridor-express
90196,County of Placer,Placer County Transit/TART,CA,Full Reporter,"City, County or Local Government Unit or Department of Transportation",https://www.placercountytransit.com,registry_name_exact,"registry:placer-county-transit,tahoe-area-regional-transit-tart-north-lake-tahoe-express"
90197,City of Tracy,TRACER,CA,Reduced Reporter,"City, County or Local Government Unit or Department of Transportation",http://www.ridetracer.com,registry_name_exact,"registry:city-of-tracy,city-of-tracy-tracer,city-of-tracy-tracer-3099"
90199,City of Madera,Madera Metro,CA,Reduced Reporter,"City, County or Local Government Unit or Department of Transportation",https://www.madera.gov/home/departments/transit/,registry_name_exact,"registry:city-of-madera,madera-county-transit"
90200,Kings County Area Public Transit Agency,,CA,Full Reporter,Independent Public Agency or Authority of Transit Service,http://www.kartbus.org,weak_shared_token,"registry:kings-area-rural-transit,kings-area-rural-transit-2204"
90201,City of Turlock,Turlock Transit,CA,Full Reporter,"City, County or Local Government Unit or Department of Transportation",www.turlocktransit.com,registry_name_exact,registry:turlock-transit
90206,San Luis Obispo Regional Transit Authority,,CA,Full Reporter,Independent Public Agency or Authority of Transit Service,http://www.slorta.org/,registry_name_exact,"registry:city-of-san-luis-obispo-transit,san-luis-obispo-regional-transit-authority-slorta"
90208,Butte County Association of Governments,Butte Regional Transit/B-Line,CA,Full Reporter,"MPO, COG or Other Planning Agency",http://www.blinetransit.com,no_candidate,
90209,"Valley Metro Rail, Inc.",,AZ,Full Reporter,Other Publicly-Owned or Privately Chartered Corporation,http://www.valleymetro.org,registry_name_fuzzy,registry:valley-metro-vm (jaccard 0.67)
90211,Anaheim Transportation Network,Anaheim Regional Transportation,CA,Full Reporter,Independent Public Agency or Authority of Transit Service,http://www.rideart.org/,catalog_name_exact,mdb:mdb-1819
90213,City of Petaluma,Petaluma Transit,CA,Full Reporter,"City, County or Local Government Unit or Department of Transportation",http://transit.cityofpetaluma.net/,registry_ntd_id,registry:petaluma-transit
90214,City of Redondo Beach,Beach Cities Transit,CA,Full Reporter,"City, County or Local Government Unit or Department of Transportation",http://www.beachcitiestransit.org,registry_name_exact,"registry:beach-cities-transit,beach-cities-transit-1999"
90215,Carson Area Metropolitan Planning Organization,,NV,Reduced Reporter,"MPO, COG or Other Planning Agency",www.carsonareampo.com/,weak_shared_token,registry:jump-around-carson
90216,County of Sacramento Municipal Services Agency,South County Transit,CA,Reduced Reporter,"City, County or Local Government Unit or Department of Transportation",http://www.sctlink.com/,weak_shared_token,"registry:commerce-municipal-bus-lines,gold-coast-transit-south-coast-area-transit,sacramento-regional-transit-sacrt,sacramento-regional-transit-sacrt-2137,san-francisco-municipal-transportation-agency-sfmta-muni,san-francisco-municipal-transportation-agency-sfmta-muni-2886,south-county-transit-link,south-county-transit-link-2203,ucsc-transportation-and-parking-services"
90217,City of Manteca,Manteca Transit,CA,Reduced Reporter,"City, County or Local Government Unit or Department of Transportation",http://www.mantecatransit.com,registry_name_exact,registry:manteca-transit
90219,Northern Arizona Intergovernmental Public Transportation Authority,Mountain Line,AZ,Full Reporter,Independent Public Agency or Authority of Transit Service,https://mountainline.az.gov/,registry_name_exact,"registry:mountain-line-1148,mountain-line-transit"
90223,"Paratransit, Inc.",,CA,Full Reporter,Independent Public Agency or Authority of Transit Service,http://www.paratransit.org/,no_candidate,
90225,San Francisco Bay Area Water Emergency Transportation Authority,San Francisco Bay Ferry,CA,Full Reporter,Independent Public Agency or Authority of Transit Service,http://www.sanfranciscobayferry.com/weta,registry_name_exact,"registry:san-francisco-bay-area-water-emergency-transportation-authority-weta,san-francisco-bay-area-water-emergency-transportation-authority-weta-3143"
90226,Imperial County Transportation Commission,,CA,Full Reporter,Independent Public Agency or Authority of Transit Service,http://www.imperialctc.org/,weak_shared_token,"registry:regional-transportation-commission-of-southern-nevada-rtc,ventura-county-transportation-commission,ventura-county-transportation-commission-3096"
90227,City of Moorpark,Moorpark City Transit,CA,Reduced Reporter,"City, County or Local Government Unit or Department of Transportation",http://www.moorparkca.gov/transit,registry_ntd_id,registry:moorpark-city-transit
90229,El Dorado County Transit Authority,El Dorado Transit,CA,Reduced Reporter,Independent Public Agency or Authority of Transit Service,http://www.eldoradotransit.com/,registry_name_exact,registry:el-dorado-transit-agency
90232,Solano County Transit,SolTrans,CA,Full Reporter,Independent Public Agency or Authority of Transit Service,http://www.soltrans.org/,registry_ntd_id,registry:soltrans
90233,Yuma County Intergovernmental Public Transportation Authority,Yuma County Area Transit,AZ,Full Reporter,Independent Public Agency or Authority of Transit Service,https://www.ycipta.org/,registry_name_exact,registry:yuma-county-intergovernmental-public-transportation-authority-ycipta
90234,Marin County Transit District,Marin Transit,CA,Full Reporter,Independent Public Agency or Authority of Transit Service,http://marintransit.org/,registry_ntd_id,"registry:marin-transit,marin-transit-2937"
90237,County of Kaua'i,Kaua'i Bus,HI,Rural Reporter,"City, County or Local Government Unit or Department of Transportation",http://www.kauai.gov/transportation,no_candidate,
90238,City of Delano,Delano Area Rapid Transit,CA,Reduced Reporter,"City, County or Local Government Unit or Department of Transportation",http://www.cityofdelano.org/92/Delano-Area-Rapid-Transit-DART,registry_name_exact,registry:delano-area-rapid-transit
90239,City of Sierra Vista,Vista Transit,AZ,Reduced Reporter,"City, County or Local Government Unit or Department of Transportation",http://www.VistaTransit.org/,registry_name_exact,registry:city-of-sierra-vista
90241,County of Maui,,HI,Full Reporter,"City, County or Local Government Unit or Department of Transportation",https://www.mauicounty.gov/125/Department-of-Transportation,atlas_ntd_id,transitland-atlas
90247,City of Alhambra,Alhambra Community Transit,CA,Reduced Reporter,"City, County or Local Government Unit or Department of Transportation",https://www.cityofalhambra.org/293/Alhambra-Community-Transit-ACT,registry_name_exact,registry:alhambra-community-transit
90249,City of Avalon,Avalon Transit,CA,Reduced Reporter,"City, County or Local Government Unit or Department of Transportation",www.cityofavalon.com/202/Avalon-Transit,registry_name_exact,registry:avalon-transit
90251,City of Baldwin Park,Baldwin Park Transit,CA,Reduced Reporter,"City, County or Local Government Unit or Department of Transportation",https://www.baldwinpark.com/233/Public-Transit,registry_name_exact,registry:baldwin-park-transit
90252,City of Bell,,CA,Reduced Reporter,"City, County or Local Government Unit or Department of Transportation",http://www.cityofbell.org/?NavID=276,registry_name_exact,"registry:city-of-bell-la-campana,city-of-bell-la-campana-2249"
90253,City of Bell Gardens,,CA,Reduced Reporter,"City, County or Local Government Unit or Department of Transportation",www.bellgardens.org/government/city-departments/public-works/transportation,registry_name_fuzzy,registry:bell-gardens-trolley (jaccard 0.67)
90254,City of Bellflower,,CA,Reduced Reporter,"City, County or Local Government Unit or Department of Transportation",https://www.bellflower.org/community/transportation/index.php,weak_shared_token,"registry:bellflower-bus,bellflower-bus-3095"
90256,City of Burbank,,CA,Reduced Reporter,"City, County or Local Government Unit or Department of Transportation",www.burbankbus.org,no_candidate,
90257,City of Calabasas,,CA,Reduced Reporter,"City, County or Local Government Unit or Department of Transportation",www.cityofcalabasas.com,registry_name_exact,registry:calabasas-transit-system
90258,City of Carson,,CA,Reduced Reporter,"City, County or Local Government Unit or Department of Transportation",http://ci.carson.ca.us/CommunityServices/Transportation.aspx,weak_shared_token,registry:carson-circuit
90259,City of Cerritos,Cerritos Transit Services,CA,Reduced Reporter,"City, County or Local Government Unit or Department of Transportation",www.cerritostransit.com,weak_shared_token,registry:ucsc-transportation-and-parking-services
90260,City of Compton,Compton Renaissance Transit Service,CA,Reduced Reporter,"City, County or Local Government Unit or Department of Transportation",https://www.comptoncity.org/our-city/visitors/transportation,registry_name_fuzzy,registry:compton-renaissance (jaccard 0.67)
90262,City of Cudahy,Cudahy Area Rapid Transit,CA,Reduced Reporter,"City, County or Local Government Unit or Department of Transportation",http://www.cityofcudahy.com,registry_name_exact,"registry:cudahy-area-rapid-transit,cudahy-area-rapid-transit-2248"
90263,City of Downey,,CA,Reduced Reporter,"City, County or Local Government Unit or Department of Transportation",https://www.downeyca.org/transit,no_candidate,
90265,City of El Monte,,CA,Reduced Reporter,"City, County or Local Government Unit or Department of Transportation",http://www.ci.el-monte.ca.us/Government/PublicWorks/Transportation.aspx,registry_name_exact,registry:el-monte-transit
90266,City of Glendora,,CA,Reduced Reporter,"City, County or Local Government Unit or Department of Transportation",https://www.cityofglendora.org/departments-services/transportation,weak_shared_token,"registry:glendora-transportation-division,glendora-transportation-division-3097"
90267,City of Huntington Park,,CA,Reduced Reporter,"City, County or Local Government Unit or Department of Transportation",http://www.hpca.gov/231/City-Transportation,registry_domain,registry:huntington-park-express-2648
90268,City of Inglewood,Inglewood Senior Center,CA,Reduced Reporter,"City, County or Local Government Unit or Department of Transportation",https://www.cityofinglewood.org/796/Transportation,no_candidate,
90269,Los Angeles County,LA County Public Works,CA,Reduced Reporter,"City, County or Local Government Unit or Department of Transportation",www.lagobus.info,registry_name_fuzzy,registry:los-angeles-county-department-of-public-works-the-link-and-shuttles (jaccard 0.60)
90270,Los Angeles County,,CA,Reduced Reporter,"City, County or Local Government Unit or Department of Transportation",https://www.dpw.lacounty.gov/landing/transportation.cfm,registry_name_fuzzy,registry:los-angeles-county-metropolitan-transportation-authority-la-metro (jaccard 0.67)
90271,Los Angeles County,,CA,Reduced Reporter,"City, County or Local Government Unit or Department of Transportation",www.lagobus.org,registry_name_fuzzy,registry:los-angeles-county-metropolitan-transportation-authority-la-metro (jaccard 0.67)
90272,Los Angeles County,,CA,Reduced Reporter,"City, County or Local Government Unit or Department of Transportation",https://www.dpw.lacounty.gov/landing/transportation.cfm,registry_name_fuzzy,registry:los-angeles-county-metropolitan-transportation-authority-la-metro (jaccard 0.67)
90273,Los Angeles County,,CA,Reduced Reporter,"City, County or Local Government Unit or Department of Transportation",https://www.dpw.lacounty.gov/landing/transportation.cfm,registry_name_fuzzy,registry:los-angeles-county-metropolitan-transportation-authority-la-metro (jaccard 0.67)
90274,Los Angeles County,,CA,Reduced Reporter,"City, County or Local Government Unit or Department of Transportation",www.lagobus.info,registry_name_fuzzy,registry:los-angeles-county-metropolitan-transportation-authority-la-metro (jaccard 0.67)
90275,Los Angeles County,,CA,Reduced Reporter,"City, County or Local Government Unit or Department of Transportation",www.lagobus.info,registry_name_fuzzy,registry:los-angeles-county-metropolitan-transportation-authority-la-metro (jaccard 0.67)
90276,Los Angeles County,,CA,Reduced Reporter,"City, County or Local Government Unit or Department of Transportation",https://www.dpw.lacounty.gov/landing/transportation.cfm,registry_name_fuzzy,registry:los-angeles-county-metropolitan-transportation-authority-la-metro (jaccard 0.67)
90278,Los Angeles County,,CA,Reduced Reporter,"City, County or Local Government Unit or Department of Transportation",http://www.dpw.lacounty.gov/transit,registry_name_fuzzy,registry:los-angeles-county-metropolitan-transportation-authority-la-metro (jaccard 0.67)
90281,City of Lynwood,Lynwood Breeze,CA,Reduced Reporter,"City, County or Local Government Unit or Department of Transportation",https://www.lynwoodca.gov/252/Lynwood-Breeze-Trolley-Schedule,registry_name_fuzzy,registry:lynwood-trolley-breeze (jaccard 0.67)
90284,City of Maywood,,CA,Reduced Reporter,"City, County or Local Government Unit or Department of Transportation",https://www.cityofmaywood.com/200/Transportation,weak_shared_token,registry:maywood-express-shuttle
90286,City of Monterey Park,Spirit Bus,CA,Reduced Reporter,"City, County or Local Government Unit or Department of Transportation",http://www.montereypark.ca.gov/549/Spirit-Bus,registry_name_exact,"registry:spirit-bus,spirit-bus-2202"
90287,Palos Verdes Peninsula Transit Authority,,CA,Reduced Reporter,Independent Public Agency or Authority of Transit Service,http://www.palosverdes.com/pvtransit/,registry_name_exact,registry:palos-verdes-peninsula-transit-authority-pvpta
90289,City of Rosemead,Rosemead Explorer/Dial-A-Ride,CA,Reduced Reporter,"City, County or Local Government Unit or Department of Transportation",http://www.cityofrosemead.org/cms/one.aspx?pageId=10909050,weak_shared_token,"registry:rosemead-explorer,rosemead-explorer-3098"
90291,City of South Gate,,CA,Reduced Reporter,"City, County or Local Government Unit or Department of Transportation",https://www.cityofsouthgate.org/City-Services/Transportation,weak_shared_token,"registry:gold-coast-transit-south-coast-area-transit,golden-gate-transit,south-county-transit-link,south-county-transit-link-2203"
90293,City of West Covina,,CA,Reduced Reporter,"City, County or Local Government Unit or Department of Transportation",https://www.westcovina.org/departments/community-services-department/transit-services,weak_shared_token,"registry:go-west-shuttle,west-berkeley-shuttle"
90294,City of West Hollywood,,CA,Reduced Reporter,"City, County or Local Government Unit or Department of Transportation",https://www.weho.org/services/public-transportation-transit-options,weak_shared_token,"registry:go-west-shuttle,west-berkeley-shuttle"
90298,County of Ventura,,CA,Reduced Reporter,"City, County or Local Government Unit or Department of Transportation",https://www.vcpublicworks.org/rt/publictransportation/,weak_shared_token,"registry:ventura-county-transportation-commission,ventura-county-transportation-commission-3096"
90299,Sonoma-Marin Area Rail Transit District,,CA,Full Reporter,Independent Public Agency or Authority of Transit Service,www.sonomamarintrain.org,registry_ntd_id,registry:sonoma-marin-area-rail-transit-smart
90300,City of Artesia,,CA,Reduced Reporter,"City, County or Local Government Unit or Department of Transportation",http://www.cityofartesia.us/index.aspx?NID=189,registry_name_exact,registry:artesia-transit
90303,Santa Barbara County Association of Governments,Clean Air Express,CA,Full Reporter,"MPO, COG or Other Planning Agency",https://cleanairexpress.com/,registry_name_exact,registry:clean-air-express
90306,Stanislaus Regional Transit Authority,,CA,Full Reporter,Independent Public Agency or Authority of Transit Service,https://stanrta.org/,registry_name_exact,"registry:stanislaus-regional-transit-authority,stanislaus-regional-transit-authority-stanrta,stanislaus-regional-transit-start,stanislaus-regional-transit-start-2273"
90310,Tulare County Regional Transit Agency,,CA,Full Reporter,Independent Public Agency or Authority of Transit Service,www.gotcrta.org,registry_name_exact,registry:tulare-county-area-transit-tcat
90313,City of Clovis,Clovis Transit,CA,Full Reporter,"City, County or Local Government Unit or Department of Transportation",https://clovistransit.com,registry_name_exact,"registry:clovis-transit,clovis-transit-2894"
90999,Government of Guam-Guam Regional Transit Authority,Guam Public Transit System,GU,Reduced Reporter,State Government Unit or Department of Transportation,http://grta.guam.gov,no_candidate,
91000,Amador Transit,,CA,Rural Reporter,Independent Public Agency or Authority of Transit Service,http://amadortransit.com/,registry_name_exact,registry:amador-transit
91001,City of Show Low,Four Seasons Connection,AZ,Rural Reporter,"City, County or Local Government Unit or Department of Transportation",http://www.ci.show-low.az.us,registry_name_exact,registry:city-of-show-low
91004,Port of Administration Authority,,AS,Rural Reporter,State Government Unit or Department of Transportation,http://www.americansamoa.gov,no_candidate,
91005,Madera County,Madera County Connection,CA,Reduced Reporter,"City, County or Local Government Unit or Department of Transportation",https://www.maderacounty.com/government/public-works/transit,registry_name_exact,"registry:city-of-madera,madera-county-transit"
91006,City of Ridgecrest,Ridgerunner,CA,Rural Reporter,"City, County or Local Government Unit or Department of Transportation",http://ridgecrest-ca.gov/,registry_name_exact,registry:ridgecrest-transit
91007,Fresno County Rural Transit Agency,,CA,Rural Reporter,Independent Public Agency or Authority of Transit Service,http://www.ruraltransit.org/,registry_name_exact,registry:fcrta
91008,Modoc Transportation Agency,Sage Stage,CA,Rural Reporter,Independent Public Agency or Authority of Transit Service,http://sagestage.com/,registry_name_exact,registry:sage-stage
91009,San Benito County Local Transportation Authority,San Benito County Express,CA,Rural Reporter,Independent Public Agency or Authority of Transit Service,http://www.sanbenitocountyexpress.org/,registry_name_exact,registry:san-benito-county-express-sbce
91010,City of Cottonwood,Cottonwood Area Transit,AZ,Rural Reporter,"City, County or Local Government Unit or Department of Transportation",http://www.cottonwoodaz.gov,registry_name_exact,registry:cottonwood-area-transit-cat
91012,Mountain Area Regional Transit Authority,Mountain Transit,CA,Rural Reporter,Independent Public Agency or Authority of Transit Service,http://mountaintransit.org/,registry_name_exact,registry:mountain-transit
91014,City of Rio Vista,Rio Vista Delta Breeze,CA,Rural Reporter,"City, County or Local Government Unit or Department of Transportation",https://www.riovistacity.com/deltabreeze,registry_ntd_id,registry:rio-vista-delta-breeze
91016,"Helping Hands Agency, Inc.",Express Public Transportation,AZ,Rural Reporter,Private-Non-Profit Corporation,http://www.helpinghandsagency.com,weak_shared_token,registry:city-of-coolidge
91018,City of Arcata,Arcata & Mad River Transit System,CA,Rural Reporter,"City, County or Local Government Unit or Department of Transportation",http://www.cityofarcata.org/,no_candidate,
91020,City of Needles,Needles Area Transit,CA,Rural Reporter,"City, County or Local Government Unit or Department of Transportation",http://www.cityofneedles.com/,registry_name_exact,registry:needles-area-transit
91027,City of Arvin,Arvin Transit,CA,Rural Reporter,"City, County or Local Government Unit or Department of Transportation",http://www.arvin.org/,registry_name_exact,registry:arvin-transit
91028,City of Solvang,Santa Ynez Valley Transit,CA,Rural Reporter,"City, County or Local Government Unit or Department of Transportation",http://www.syvt.com,registry_name_exact,registry:santa-ynez-valley-transit
91032,City of Auburn,Auburn Transit,CA,Rural Reporter,"City, County or Local Government Unit or Department of Transportation",https://www.auburn.ca.gov/192/Transit-Services,registry_name_exact,"registry:auburn-transit,auburn-transit-2275"
91035,Trinity County,Trinity Transit,CA,Rural Reporter,"City, County or Local Government Unit or Department of Transportation",http://www.trinitycounty.org/,registry_name_exact,"registry:trinity-transit,trinity-transit-2709"
91036,Humboldt Transit Authority,,CA,Rural Reporter,Independent Public Agency or Authority of Transit Service,http://www.hta.org/,registry_name_exact,"registry:humboldt-transit-authority,humboldt-transit-authority-3032"
91037,City of Bullhead,Bullhead Area Transit System,AZ,Reduced Reporter,"City, County or Local Government Unit or Department of Transportation",https://www.bullheadcity.com/community/bullhead-area-transit-system,registry_name_exact,registry:bullhead-area-transit-system
91043,City of Guadalupe,,CA,Rural Reporter,"City, County or Local Government Unit or Department of Transportation",http://www.ci.guadalupe.ca.us/,weak_shared_token,registry:guadalupe-flyer
91045,Northern Marianas - Commonwealth Office of Transit Authority,,MP,Rural Reporter,State Government Unit or Department of Transportation,www.transit.cnmi.gov,no_candidate,
91047,Mendocino Transit Authority,,CA,Rural Reporter,Independent Public Agency or Authority of Transit Service,http://www.mendocinotransit.org,registry_name_exact,registry:mendocino-transit-authority
91048,County of Siskiyou,Siskiyou County Transit,CA,Rural Reporter,"City, County or Local Government Unit or Department of Transportation",http://www.co.siskiyou.ca.us/,registry_name_exact,registry:siskiyou-county
91052,City of Douglas,,AZ,Rural Reporter,"City, County or Local Government Unit or Department of Transportation",https://www.douglasaz.gov/283/Public-Transportation,registry_name_exact,registry:city-of-douglas
91053,Lake Transit Authority,,CA,Rural Reporter,Independent Public Agency or Authority of Transit Service,http://laketransit.org/,registry_name_exact,registry:lake-transit
91057,Tuolumne County Transit Agency,,CA,Rural Reporter,Independent Public Agency or Authority of Transit Service,https://www.tuolumnecountytransit.com/,no_candidate,
91058,City of Ojai,Ojai Trolley,CA,Reduced Reporter,"City, County or Local Government Unit or Department of Transportation",https://www.ojaitrolley.com/,atlas_ntd_id,transitland-atlas
91059,County of Kern,Kern Regional Transit,CA,Full Reporter,"City, County or Local Government Unit or Department of Transportation",http://kerntransit.org/,registry_name_exact,registry:kern-transit
91062,Eastern Sierra Transit Authority,,CA,Rural Reporter,Independent Public Agency or Authority of Transit Service,https://www.estransit.com,registry_name_exact,registry:eastern-sierra-transit
91064,Douglas County,Douglas Area Rural Transit,NV,Rural Reporter,"City, County or Local Government Unit or Department of Transportation",https://communityservices.douglascountynv.gov/senior_services/transportation,no_candidate,
91069,Town of Miami,Copper Mountain Transit,AZ,Rural Reporter,"City, County or Local Government Unit or Department of Transportation",http://www.miamiaz.gov/,registry_name_exact,registry:copper-mountain-transit
91070,Yosemite Area Regional Transportation System,,CA,Rural Reporter,Independent Public Agency or Authority of Transit Service,http://www.YARTS.com,registry_name_exact,"registry:yosemite-area-regional-transportation-system-yarts,yosemite-area-regional-transportation-system-yarts-2394"
91072,Southern Nevada Transit Coalition,SNTC - Laughlin,NV,Reduced Reporter,Private-Non-Profit Corporation,http://www.sntc.net,atlas_ntd_id,transitland-atlas
91075,City of Kingman,Kingman Area Regional Transit,AZ,Rural Reporter,"City, County or Local Government Unit or Department of Transportation",http://www.bullheadcity.gov/kart,registry_name_exact,registry:kingman-area-regional-transit
91078,City of Escalon,eTrans,CA,Reduced Reporter,"City, County or Local Government Unit or Department of Transportation",http://cityofescalon.org/government/departments/transit_service,registry_name_exact,registry:etrans
91080,County of Hawaii,Hele-On,HI,Rural Reporter,"City, County or Local Government Unit or Department of Transportation",http://heleonbus.org/,registry_domain,registry:hawai-i-mass-transit-agency-hele-on-bus
91088,County of Glenn,Glenn Transit Services,CA,Rural Reporter,"City, County or Local Government Unit or Department of Transportation",https://www.countyofglenn.net/dept/public-works/public-transit-transportation/welcome,weak_shared_token,"registry:glenn-transit-service,glenn-transit-service-2207,glenn-transit-service-3094,ucsc-transportation-and-parking-services"
91089,Tehama County,Tehama Rural Area Express,CA,Rural Reporter,"City, County or Local Government Unit or Department of Transportation",http://www.taketrax.com/,weak_shared_token,registry:tehama-rural-area-express-trax-susanville-indian-rancheria-public-transportation-program
91090,Morongo Basin Transit Authority,Basin Transit,CA,Rural Reporter,Independent Public Agency or Authority of Transit Service,http://www.mbtabus.com,registry_name_exact,registry:morongo-basin-transit-authority
91092,Tahoe Transportation District,,NV,Full Reporter,Independent Public Agency or Authority of Transit Service,http://www.tahoetransportation.org/,registry_name_exact,registry:tahoe-transportation-district
91095,County of Nevada,Nevada County Connects,CA,Rural Reporter,"City, County or Local Government Unit or Department of Transportation",https://www.nevadacountyca.gov/3456/Transit-Services,registry_name_exact,registry:nevada-county-connects-gold-country-stage
91096,City of Coolidge,Cotton Express/Central Arizona Regional Transit,AZ,Rural Reporter,"City, County or Local Government Unit or Department of Transportation",www.coolidgeaz.com,registry_name_fuzzy,registry:city-of-coolidge (jaccard 0.67)
91097,Redwood Coast Transit Authority,,CA,Rural Reporter,Independent Public Agency or Authority of Transit Service,http://www.redwoodcoasttransit.org/,registry_name_exact,registry:redwood-coast-transit-rct
91098,Lassen Transit Service Agency,,CA,Rural Reporter,Independent Public Agency or Authority of Transit Service,http://lassentransportation.com/ltsa,weak_shared_token,"registry:glenn-transit-service,glenn-transit-service-2207,glenn-transit-service-3094,lassen-rural-bus-lrb"
91101,Town of Truckee,Truckee TART,CA,Rural Reporter,"City, County or Local Government Unit or Department of Transportation",http://www.townoftruckee.com/,weak_shared_token,registry:get-around-town-express
91106,City of Maricopa,Maricopa Express Transit,AZ,Reduced Reporter,"City, County or Local Government Unit or Department of Transportation",met-ride.com,weak_shared_token,registry:city-of-coolidge
91107,Southern Nevada Transit Coalition,,NV,Rural Reporter,Private-Non-Profit Corporation,http://www.sntc.net,atlas_ntd_id,transitland-atlas
91114,City of Benson,Benson Area Transit,AZ,Rural Reporter,"City, County or Local Government Unit or Department of Transportation",http://cityofbenson.com,registry_name_exact,registry:benson-area-transit
91119,Plumas County Transportation Commission,,CA,Rural Reporter,Independent Public Agency or Authority of Transit Service,http://www.countyofplumas.com/,weak_shared_token,"registry:plumas-transit,regional-transportation-commission-of-southern-nevada-rtc,ventura-county-transportation-commission,ventura-county-transportation-commission-3096"
91121,City of Bisbee,City of Bisbee/ Bisbee Bus,AZ,Rural Reporter,"City, County or Local Government Unit or Department of Transportation",http://www.cityofbisbee.com,registry_name_fuzzy,registry:bisbee-bus (jaccard 1.00)
91122,Regional Transportation Authority of Pima County,,AZ,Full Reporter,Independent Public Agency or Authority of Transit Service,http://www.RTAmobility.com,no_candidate,
99262,Yurok Tribe,Tribe Yurok,CA,Reduced Reporter,Tribe,http://www.yuroktribe.org/,no_candidate,
99286,San Carlos Apache Tribe,,AZ,Reduced Reporter,Tribe,https://www.scat-nsn.gov/tribal-transportation/,no_candidate,
99316,Chemehuevi Indian Tribe,,CA,Reduced Reporter,Tribe,https://www.havasulandingcasino.com/ferry-schedule,weak_shared_token,registry:tehama-rural-area-express-trax-susanville-indian-rancheria-public-transportation-program
99322,Fallon Paiute-Shoshone Tribe,,NV,Reduced Reporter,Tribe,http://fpsttransit.multiscreensite.com/,no_candidate,
99328,Yavapai-Apache Nation,YAN Transit,AZ,Reduced Reporter,Tribe,http://yantransit.org,no_candidate,
99334,White Mountain Apache Tribe,,AZ,Reduced Reporter,Tribe,www.wmatdot.com,weak_shared_token,"registry:copper-mountain-transit,mountain-line-1148,mountain-line-transit"
99382,Hopi Tribe,Hopi Senom Transit,AZ,Reduced Reporter,Tribe,www.hopi-nsn.gov,no_candidate,
99406,Pyramid Lake Paiute Tribe,,NV,Reduced Reporter,Tribe,http://www.plpt.nsn.us/transit/,weak_shared_token,mdb:mdb-2328
99419,Yavapai Regional Transit,,AZ,Rural Reporter,Private-Non-Profit Corporation,https://www.yavapairegionaltransit.com/,no_candidate,
99423,City of Glendale,Beeline Bus/Dial-A-Ride,CA,Full Reporter,"City, County or Local Government Unit or Department of Transportation",www.glendaleca.gov/government/departments/public-works/public-transportation/beeline-transit-system,registry_name_exact,registry:city-of-glendale
99424,City of Pasadena,Pasadena Transit,CA,Full Reporter,"City, County or Local Government Unit or Department of Transportation",https://www.cityofpasadena.net/pasadena-transit/,registry_name_exact,registry:pasadena-transit
99433,Hualapai Indian Tribe,,AZ,Reduced Reporter,Tribe,https://hualapaitransit.org/,no_candidate,
99436,Gila River Indian Community,Gila River Transit,AZ,Reduced Reporter,Tribe,http://www.gilariver.org/index.php/departments--programs/tribal-development-services,no_candidate,
99442,Calaveras Transit Agency,Calaveras Connect,CA,Rural Reporter,Independent Public Agency or Authority of Transit Service,http://calaverasconnect.org/,registry_name_exact,registry:calaveras-transit
99454,Palo Verde Valley Transit Agency,RidePV,CA,Rural Reporter,Independent Public Agency or Authority of Transit Service,www.pvvta.com,registry_name_exact,"registry:palo-verde-valley-transit-agency,palo-verde-valley-transit-agency-2190"
99455,City of Sedona,Sedona Shuttle,AZ,Rural Reporter,"City, County or Local Government Unit or Department of Transportation",www.sedonaaz.gov,registry_name_exact,registry:sedona-shuttle
99474,Town of Payson,Beeline Bus Public Transportation,AZ,Rural Reporter,"City, County or Local Government Unit or Department of Transportation",https://www.paysonaz.gov/community/beeline-bus,no_candidate,
99475,Shoshone-Paiute Tribes,Shoshone-Paiute Tribes Regional Public Transit,NV,Reduced Reporter,Tribe,,no_candidate,
