{"features":[{"geometry":{"coordinates":[[-78.8379,35.87423],[-78.83747,35.87381],[-78.83698,35.87419],[-78.83659,35.87418],[-78.83642,35.87451],[-78.83578,35.87407],[-78.83515,35.87342],[-78.83422,35.87092],[-78.83354,35.86988],[-78.8324,35.86918],[-78.8297,35.86859],[-78.82871,35.86819],[-78.82436,35.86445],[-78.822,35.86092],[-78.82167,35.86014],[-78.82184,35.85892],[-78.82153,35.85824],[-78.8201,35.85878],[-78.81914,35.85944],[-78.81505,35.86144],[-78.81324,35.862],[-78.8088,35.8639],[-78.80121,35.86545],[-78.79922,35.86629],[-78.79559,35.86931],[-78.79386,35.87177],[-78.78851,35.87617],[-78.7884,35.87674],[-78.79012,35.87805],[-78.7906,35.87805],[-78.79134,35.87755],[-78.79701,35.87295],[-78.8011,35.87005],[-78.80513,35.86662],[-78.80597,35.86535],[-78.80603,35.86435],[-78.80531,35.8631],[-78.79798,35.85794],[-78.7972,35.85712],[-78.79665,35.8561],[-78.79644,35.85464],[-78.79684,35.85324],[-78.79911,35.84964],[-78.79954,35.84943],[-78.79995,35.84955],[-78.80016,35.84997],[-78.79987,35.85039],[-78.79944,35.85049],[-78.79875,35.85026],[-78.79228,35.84596],[-78.77895,35.83867],[-78.76553,35.83253],[-78.76197,35.83067],[-78.7436,35.82029],[-78.74223,35.81912],[-78.74055,35.81716],[-78.73919,35.81605],[-78.73209,35.81284],[-78.72813,35.81013],[-78.7244,35.80796],[-78.72128,35.80658],[-78.71798,35.80544],[-78.70954,35.80376],[-78.70716,35.80295],[-78.70773,35.797],[-78.70762,35.7966],[-78.70658,35.79623],[-78.70584,35.79507],[-78.70534,35.79478],[-78.70048,35.79571],[-78.69738,35.79575],[-78.69482,35.7955],[-78.68855,35.79423],[-78.68534,35.7938],[-78.68385,35.79316],[-78.67851,35.79011],[-78.67594,35.78938],[-78.67193,35.78863],[-78.66517,35.78697],[-78.66113,35.78563],[-78.65718,35.78392],[-78.65538,35.78268],[-78.6554,35.78205],[-78.65591,35.78096],[-78.65572,35.78037],[-78.65524,35.77999],[-78.64597,35.77984],[-78.6461,35.77713],[-78.64191,35.77702],[-78.64184,35.77835],[-78.63658,35.77818],[-78.6367,35.77775]],"type":"LineString"},"properties":{"color":"#A20F15","color_name":"red","kind":"route","label":"100","long":"Route 100","route_id":"3534","text_color":"#FFFFFF","type_label":"Bus"},"type":"Feature"},{"geometry":{"coordinates":[[-78.64647,35.77847],[-78.64603,35.7785],[-78.64613,35.77714],[-78.64025,35.77696],[-78.64066,35.77177],[-78.6403,35.77064],[-78.63949,35.76975],[-78.63949,35.76954],[-78.63955,35.7694],[-78.6413,35.76921],[-78.64308,35.76916],[-78.65217,35.77116],[-78.65515,35.77303],[-78.65616,35.77465],[-78.65695,35.77525],[-78.6589,35.77554],[-78.66224,35.77768],[-78.66455,35.77882],[-78.66721,35.77944],[-78.67108,35.77968],[-78.6736,35.7803],[-78.67587,35.78103],[-78.68542,35.78502],[-78.68944,35.78484],[-78.69044,35.78458],[-78.69841,35.78366],[-78.69983,35.78386],[-78.70512,35.78569],[-78.70855,35.78657],[-78.72029,35.78649],[-78.7269,35.78592],[-78.75329,35.79047],[-78.76262,35.79195],[-78.76466,35.79205],[-78.77178,35.79034],[-78.77284,35.78954],[-78.77393,35.78838],[-78.77514,35.78769],[-78.78333,35.78719],[-78.78327,35.78836],[-78.78182,35.78818]],"type":"LineString"},"properties":{"color":"#A5E5D9","color_name":"white","kind":"route","label":"300","long":"Route 300","route_id":"3535","text_color":"#000000","type_label":"Bus"},"type":"Feature"},{"geometry":{"coordinates":[[-78.64647,35.77847],[-78.64603,35.7785],[-78.64613,35.77716],[-78.64025,35.77696],[-78.64066,35.77177],[-78.6403,35.77064],[-78.63949,35.76975],[-78.63949,35.76954],[-78.63955,35.7694],[-78.6413,35.76921],[-78.64308,35.76916],[-78.65202,35.7711],[-78.65515,35.77303],[-78.65616,35.77465],[-78.65695,35.77525],[-78.6589,35.77554],[-78.66224,35.77768],[-78.66455,35.77882],[-78.66721,35.77944],[-78.67108,35.77968],[-78.6736,35.7803],[-78.67746,35.78165],[-78.68542,35.78502],[-78.68944,35.78484],[-78.69003,35.78463],[-78.69901,35.78363],[-78.70049,35.78398],[-78.70512,35.78569],[-78.70863,35.78657],[-78.72063,35.7864],[-78.72158,35.78541],[-78.72185,35.78463],[-78.72185,35.78307],[-78.72138,35.78206],[-78.72108,35.78003],[-78.72181,35.77748],[-78.72227,35.77355],[-78.72279,35.77224],[-78.72344,35.76967],[-78.72604,35.76598],[-78.7261,35.76541],[-78.72836,35.76017],[-78.72959,35.75631],[-78.73115,35.75334],[-78.73597,35.75498],[-78.7437,35.75628],[-78.74473,35.75609],[-78.74689,35.75608],[-78.74864,35.75577],[-78.74995,35.75469],[-78.75111,35.75334],[-78.75289,35.74981],[-78.75469,35.74562],[-78.75768,35.7454],[-78.75893,35.74501],[-78.76086,35.74408],[-78.76247,35.74361],[-78.77056,35.74172],[-78.7747,35.74179],[-78.77567,35.74161],[-78.7771,35.74118],[-78.78139,35.73894],[-78.78708,35.73673],[-78.78941,35.73718],[-78.79192,35.7372],[-78.80458,35.74061],[-78.82392,35.74429],[-78.82362,35.74506],[-78.8237,35.74696],[-78.82186,35.7467],[-78.82067,35.74625],[-78.82006,35.74561],[-78.82125,35.74379],[-78.82671,35.74494],[-78.83533,35.7478],[-78.83599,35.74661],[-78.83675,35.74387],[-78.83792,35.74188],[-78.84251,35.73734],[-78.84342,35.73517],[-78.84554,35.73307],[-78.84746,35.72909],[-78.8493,35.72981],[-78.85134,35.72657],[-78.85175,35.72496],[-78.8502,35.71968],[-78.84954,35.71849],[-78.84888,35.71787],[-78.848,35.71744],[-78.84469,35.71669],[-78.844,35.71801],[-78.84279,35.71894],[-78.83513,35.70494],[-78.83391,35.7017],[-78.83361,35.69874],[-78.83364,35.69773],[-78.83404,35.69644],[-78.84015,35.68821],[-78.84097,35.68631],[-78.8411,35.68499],[-78.84086,35.6834],[-78.83941,35.67975],[-78.83912,35.67834],[-78.83939,35.67135],[-78.83974,35.66944],[-78.83926,35.66929],[-78.83803,35.66958],[-78.83463,35.66953],[-78.8351,35.66756],[-78.836,35.66156],[-78.83582,35.66008],[-78.83359,35.65232],[-78.83375,35.65075],[-78.83365,35.64812],[-78.8331,35.64303],[-78.8332,35.64266],[-78.8326,35.64073],[-78.83275,35.64015],[-78.83338,35.63932],[-78.83251,35.63883],[-78.83143,35.63788],[-78.82773,35.63313],[-78.82844,35.6329],[-78.8322,35.63275]],"type":"LineString"},"properties":{"color":"#007D78","color_name":"teal","kind":"route","label":"305","long":"Route 305","route_id":"3536","text_color":"#FFFFFF","type_label":"Bus"},"type":"Feature"},{"geometry":{"coordinates":[[-78.78182,35.78818],[-78.78119,35.78833],[-78.78115,35.79147],[-78.78676,35.79218],[-78.78853,35.79288],[-78.79255,35.79555],[-78.79335,35.79628],[-78.79339,35.79656],[-78.794,35.79691],[-78.79616,35.79896],[-78.79714,35.79921],[-78.80041,35.79905],[-78.8014,35.79926],[-78.80368,35.80093],[-78.80502,35.8038],[-78.80554,35.80437],[-78.81555,35.80871],[-78.81614,35.80932],[-78.81621,35.80998],[-78.81706,35.81161],[-78.81936,35.81327],[-78.81835,35.81391],[-78.81613,35.81434],[-78.8147,35.81525],[-78.81159,35.81651],[-78.81059,35.81783],[-78.80975,35.82006],[-78.80921,35.82063],[-78.80776,35.82159],[-78.80715,35.82234],[-78.80685,35.82328],[-78.80681,35.82507],[-78.80645,35.82578],[-78.8059,35.82633],[-78.80643,35.82698],[-78.80694,35.82726],[-78.81216,35.83193],[-78.81563,35.83382],[-78.81662,35.83481],[-78.81953,35.84153],[-78.82,35.84658],[-78.82045,35.84742],[-78.8214,35.84829],[-78.82293,35.8487],[-78.83069,35.84912],[-78.8301,35.85087],[-78.83112,35.85114],[-78.83197,35.85102],[-78.83665,35.85126],[-78.83816,35.85225],[-78.83946,35.85236],[-78.84108,35.85221],[-78.84155,35.85284],[-78.84242,35.85465],[-78.84276,35.8574],[-78.84313,35.85849],[-78.84827,35.86561],[-78.84755,35.86589],[-78.84676,35.86592],[-78.84502,35.86551],[-78.84253,35.86585],[-78.84153,35.86622],[-78.84018,35.86572],[-78.83874,35.86697],[-78.83722,35.86688],[-78.83667,35.86713],[-78.8347,35.86959],[-78.8345,35.87078],[-78.83422,35.87092],[-78.835,35.87312],[-78.83553,35.87385],[-78.83642,35.87451],[-78.83659,35.87418],[-78.83698,35.87419],[-78.83732,35.87392],[-78.8379,35.87423]],"type":"LineString"},"properties":{"color":"#FFCD00","color_name":"yellow","kind":"route","label":"310","long":"Route 310","route_id":"3537","text_color":"#000000","type_label":"Bus"},"type":"Feature"},{"geometry":{"coordinates":[[-78.90521,35.99584],[-78.90515,35.99611],[-78.9066,35.99699],[-78.91088,35.99698],[-78.91103,35.9976],[-78.91136,35.99802],[-78.91492,36.00072],[-78.92372,36.00554],[-78.92924,36.00715],[-78.93078,36.00851],[-78.93175,36.00906],[-78.93338,36.00915],[-78.9338,36.00859],[-78.93401,36.00786],[-78.94214,36.00884],[-78.94371,36.00886],[-78.94474,36.00863],[-78.9457,36.00814],[-78.94902,36.00498],[-78.95099,36.00373],[-78.95144,36.00315],[-78.95232,36.00023],[-78.95295,35.999],[-78.95335,35.99766],[-78.95886,35.99881],[-78.95827,35.99661],[-78.95805,35.98137],[-78.95818,35.98022],[-78.95868,35.97842],[-78.96086,35.97317],[-78.96254,35.96966],[-78.96428,35.96671],[-78.96452,35.96586],[-78.96447,35.96495],[-78.96418,35.96421],[-78.96266,35.96243],[-78.96146,35.96167],[-78.96032,35.96267],[-78.9594,35.96376],[-78.96004,35.96419],[-78.96074,35.96509],[-78.9607,35.96557],[-78.961,35.96609],[-78.96145,35.96872],[-78.96454,35.96785],[-78.9691,35.96585],[-78.98569,35.95701],[-78.99059,35.95474],[-78.99011,35.95383],[-78.98937,35.9532],[-78.98966,35.95287],[-78.98972,35.95242],[-78.98977,35.94863],[-78.99444,35.9484],[-78.99442,35.95301],[-79.02264,35.94022],[-79.02554,35.9373],[-79.02988,35.93475],[-79.03352,35.93082],[-79.03511,35.92771],[-79.03843,35.92425],[-79.03876,35.92245],[-79.03878,35.91944],[-79.03965,35.91853],[-79.04082,35.91763],[-79.04236,35.91695],[-79.04355,35.91681],[-79.0449,35.91718],[-79.0454,35.91714],[-79.05419,35.91376],[-79.05489,35.91365],[-79.05578,35.91316],[-79.05434,35.91072],[-79.05549,35.91028],[-79.05465,35.90863],[-79.05468,35.90748],[-79.05489,35.90691],[-79.05521,35.90398],[-79.05699,35.90202],[-79.05341,35.90211],[-79.05146,35.90139],[-79.0507,35.9019],[-79.0504,35.90303],[-79.05183,35.90354]],"type":"LineString"},"properties":{"color":"#77297D","color_name":"purple","kind":"route","label":"400","long":"Route 400","route_id":"3538","text_color":"#FFFFFF","type_label":"Bus"},"type":"Feature"},{"geometry":{"coordinates":[[-78.90521,35.99584],[-78.90512,35.9961],[-78.9066,35.99699],[-78.91088,35.99698],[-78.91103,35.9976],[-78.91136,35.99802],[-78.91492,36.00072],[-78.92372,36.00554],[-78.92924,36.00715],[-78.93078,36.00851],[-78.93175,36.00906],[-78.93338,36.00915],[-78.9338,36.00859],[-78.93401,36.00786],[-78.94188,36.00883],[-78.94371,36.00886],[-78.94514,36.00846],[-78.94723,36.00683],[-78.94902,36.00498],[-78.95099,36.00373],[-78.95144,36.00315],[-78.95232,36.00023],[-78.95295,35.999],[-78.95335,35.99766],[-78.95886,35.99881],[-78.95827,35.99661],[-78.95805,35.98137],[-78.95818,35.98022],[-78.95868,35.97842],[-78.96086,35.97317],[-78.96254,35.96966],[-78.96428,35.96671],[-78.96452,35.96586],[-78.96447,35.96495],[-78.96384,35.96366],[-78.96266,35.96243],[-78.96146,35.96167],[-78.9594,35.96376],[-78.96004,35.96419],[-78.96072,35.96503],[-78.9607,35.96557],[-78.961,35.96609],[-78.96145,35.96872],[-78.96454,35.96785],[-78.96823,35.96626],[-78.98569,35.95701],[-78.99059,35.95474],[-78.99011,35.95383],[-78.98937,35.9532],[-78.98966,35.95287],[-78.98972,35.95242],[-78.98977,35.94863],[-78.99444,35.9484],[-78.99442,35.95301],[-79.02264,35.94022],[-79.02554,35.9373],[-79.02988,35.93475],[-79.03352,35.93082],[-79.03511,35.92771],[-79.03843,35.92425],[-79.03876,35.92245],[-79.0388,35.91937],[-79.04096,35.91755],[-79.0428,35.91685],[-79.04367,35.91682],[-79.04516,35.91719],[-79.04658,35.91678],[-79.06472,35.9097],[-79.06549,35.90978],[-79.06681,35.91067],[-79.06741,35.91087],[-79.07463,35.91007],[-79.07682,35.90951],[-79.08217,35.90717],[-79.08872,35.90513],[-79.09114,35.90375],[-79.09069,35.90256],[-79.0897,35.90167],[-79.08995,35.90152],[-79.09038,35.90179],[-79.09036,35.90152]],"type":"LineString"},"properties":{"color":"#D89BC5","color_name":"pink","kind":"route","label":"405","long":"Route 405","route_id":"3539","text_color":"#000000","type_label":"Bus"},"type":"Feature"},{"geometry":{"coordinates":[[-78.8379,35.87423],[-78.83747,35.87381],[-78.83698,35.87419],[-78.83659,35.87418],[-78.83642,35.87451],[-78.83729,35.87602],[-78.83882,35.87679],[-78.83908,35.87724],[-78.84045,35.87846],[-78.84212,35.87802],[-78.84472,35.87827],[-78.84566,35.87881],[-78.84749,35.88066],[-78.8501,35.88235],[-78.84989,35.8859],[-78.8482,35.89185],[-78.84783,35.89429],[-78.84893,35.89703],[-78.85113,35.90155],[-78.8511,35.90184],[-78.85146,35.90224],[-78.8518,35.90382],[-78.85168,35.90809],[-78.85096,35.91118],[-78.85072,35.91144],[-78.85077,35.91189],[-78.84988,35.91546],[-78.84987,35.91766],[-78.84964,35.91866],[-78.84608,35.92487],[-78.8459,35.92563],[-78.84307,35.93144],[-78.8425,35.93572],[-78.84184,35.93731],[-78.83927,35.94107],[-78.83895,35.94129],[-78.83857,35.94242],[-78.83989,35.94288],[-78.84127,35.94267],[-78.84242,35.942],[-78.84362,35.94086],[-78.84511,35.93992],[-78.84899,35.93837],[-78.85133,35.93827],[-78.85449,35.93961],[-78.85867,35.93959],[-78.86245,35.94572],[-78.86301,35.94685],[-78.86375,35.94915],[-78.86405,35.95143],[-78.86396,35.95528],[-78.86415,35.95838],[-78.86565,35.96597],[-78.86655,35.96767],[-78.87047,35.97276],[-78.87334,35.97544],[-78.87577,35.97699],[-78.87618,35.97427],[-78.88461,35.97435],[-78.88857,35.97374],[-78.88979,35.97403],[-78.89249,35.97518],[-78.89339,35.97533],[-78.89288,35.97634],[-78.89242,35.97791],[-78.89019,35.98254],[-78.88975,35.98285],[-78.88914,35.98266],[-78.88929,35.9822],[-78.88994,35.98213],[-78.8922,35.98326],[-78.89376,35.98454],[-78.89645,35.98735],[-78.89793,35.98833],[-78.90492,35.99078],[-78.90731,35.99183],[-78.90829,35.9927],[-78.90872,35.99346],[-78.9088,35.997],[-78.90665,35.99699],[-78.90474,35.99579]],"type":"LineString"},"properties":{"color":"#ED218A","color_name":"pink","kind":"route","label":"700","long":"Route 700","route_id":"3540","text_color":"#FFFFFF","type_label":"Bus"},"type":"Feature"},{"geometry":{"coordinates":[[-79.05183,35.90354],[-79.05383,35.90412],[-79.0543,35.90439],[-79.05438,35.90466],[-79.05328,35.90552],[-79.053,35.90623],[-79.05267,35.90852],[-79.05204,35.9087],[-79.05016,35.90871],[-79.04703,35.90988],[-79.04262,35.91058],[-79.04164,35.91095],[-79.03855,35.91109],[-79.02231,35.9076],[-79.01025,35.90241],[-79.00812,35.90175],[-79.00612,35.90167],[-79.00039,35.9034],[-78.99344,35.90745],[-78.98632,35.91041],[-78.98356,35.91212],[-78.98312,35.91216],[-78.98069,35.91111],[-78.97687,35.90778],[-78.97379,35.90591],[-78.9699,35.90447],[-78.96641,35.90381],[-78.96353,35.90368],[-78.96,35.90398],[-78.9412,35.9077],[-78.93664,35.90811],[-78.9364,35.90787],[-78.93999,35.90154],[-78.94001,35.90095],[-78.94302,35.90133],[-78.94356,35.9017],[-78.94487,35.90325],[-78.94671,35.90362],[-78.94954,35.90364],[-78.95234,35.90297],[-78.95391,35.90296],[-78.95527,35.90243],[-78.9568,35.90139],[-78.95824,35.90107],[-78.95965,35.90113],[-78.95991,35.90301],[-78.95621,35.90471],[-78.9412,35.9077],[-78.93678,35.90823],[-78.93555,35.90894],[-78.9346,35.91069],[-78.9099,35.90321],[-78.90801,35.90279],[-78.90653,35.90263],[-78.89554,35.90253],[-78.89043,35.90077],[-78.88588,35.90051],[-78.8768,35.89804],[-78.87315,35.89605],[-78.85802,35.88885],[-78.85684,35.88796],[-78.85643,35.8874],[-78.85597,35.88717],[-78.85243,35.88384],[-78.84749,35.88066],[-78.84519,35.87849],[-78.84329,35.87798],[-78.84065,35.87833],[-78.83904,35.87676],[-78.83794,35.87647],[-78.83718,35.87574],[-78.83642,35.87451],[-78.83659,35.87418],[-78.83698,35.87419],[-78.83732,35.87392],[-78.83813,35.87455],[-78.83837,35.87443],[-78.8379,35.87423]],"type":"LineString"},"properties":{"color":"#00A94F","color_name":"green","kind":"route","label":"800","long":"Route 800","route_id":"3541","text_color":"#000000","type_label":"Bus"},"type":"Feature"},{"geometry":{"coordinates":[[-78.94671,35.90362],[-78.94954,35.90364],[-78.95234,35.90297],[-78.95391,35.90296],[-78.95527,35.90243],[-78.95709,35.90129],[-78.95853,35.90109],[-78.95965,35.90113],[-78.95991,35.90301],[-78.95621,35.90471],[-78.9412,35.9077],[-78.93721,35.90813],[-78.93608,35.90858],[-78.93555,35.90894],[-78.93375,35.9121],[-78.93143,35.91682],[-78.92679,35.92338],[-78.92793,35.92398],[-78.92931,35.92391],[-78.93019,35.9236],[-78.93147,35.92268],[-78.93239,35.92165],[-78.93348,35.9213],[-78.93485,35.92152],[-78.936,35.92234],[-78.93632,35.92231],[-78.93728,35.92281],[-78.93974,35.92298],[-78.94263,35.92393],[-78.9442,35.92383],[-78.94586,35.92309],[-78.94725,35.92207],[-78.94833,35.92173],[-78.95087,35.9219],[-78.95293,35.92278],[-78.95447,35.92248],[-78.95681,35.9228],[-78.9614,35.91885],[-78.96482,35.91823],[-78.97781,35.915],[-78.97842,35.91501],[-78.98024,35.91427],[-78.98413,35.91175],[-78.99396,35.90739],[-79.00011,35.90372],[-79.00192,35.90301],[-79.00583,35.9019],[-79.00729,35.90183],[-79.00892,35.90218],[-79.00971,35.90266],[-79.01052,35.90285],[-79.01914,35.90663],[-79.02249,35.90781],[-79.03023,35.90958],[-79.03525,35.91028],[-79.03752,35.91096],[-79.03882,35.9111],[-79.04081,35.91107],[-79.04289,35.91074],[-79.04784,35.90977],[-79.05016,35.90871],[-79.05325,35.90868],[-79.05462,35.9082],[-79.05521,35.90398],[-79.05699,35.90202],[-79.05392,35.90216],[-79.05146,35.90139],[-79.05106,35.90148],[-79.0507,35.9019],[-79.0504,35.90303],[-79.05183,35.90354]],"type":"LineString"},"properties":{"color":"#046937","color_name":"green","kind":"route","label":"805","long":"Route 805","route_id":"3542","text_color":"#FFFFFF","type_label":"Bus"},"type":"Feature"},{"geometry":{"coordinates":[[-78.64681,35.77849],[-78.64603,35.7785],[-78.64597,35.77984],[-78.63816,35.77956],[-78.63806,35.78117],[-78.64437,35.78147],[-78.64587,35.78142],[-78.64703,35.78071],[-78.65184,35.78102],[-78.65435,35.78211],[-78.65701,35.78384],[-78.66234,35.78623],[-78.67306,35.78903],[-78.67377,35.78899],[-78.67831,35.79005],[-78.67883,35.79027],[-78.67895,35.79055],[-78.67932,35.79056],[-78.68487,35.79367],[-78.69046,35.79466],[-78.69301,35.79536],[-78.69402,35.79751],[-78.69335,35.8012],[-78.69286,35.80197],[-78.69182,35.80297],[-78.69265,35.80354],[-78.69415,35.80385],[-78.70695,35.80407],[-78.71285,35.80463],[-78.71907,35.80608],[-78.72199,35.80715],[-78.72537,35.80879],[-78.74097,35.81931],[-78.76287,35.83142],[-78.77738,35.83807],[-78.79352,35.84694],[-78.8287,35.87118],[-78.83136,35.87354],[-78.84589,35.88883],[-78.8485,35.8908],[-78.85195,35.89251],[-78.85479,35.89341],[-78.8607,35.89483],[-78.8632,35.89584],[-78.86738,35.89821],[-78.86982,35.89934],[-78.87486,35.90073],[-78.88602,35.90531],[-78.88872,35.9062],[-78.89125,35.90665],[-78.92161,35.90943],[-78.92667,35.90962],[-78.93051,35.90954],[-78.93581,35.90891],[-78.95915,35.90429],[-78.9618,35.90391],[-78.96482,35.90385],[-78.96823,35.90425],[-78.97156,35.90516],[-78.9738,35.90611],[-78.97655,35.90777],[-78.97924,35.9101],[-78.98195,35.91317],[-78.98378,35.91589],[-78.98496,35.91864],[-78.98638,35.92643],[-78.98729,35.92933],[-78.99344,35.94364],[-78.99559,35.94708],[-78.99786,35.94988],[-79.00009,35.95212],[-79.00245,35.9541],[-79.00676,35.95695],[-79.02454,35.96651],[-79.02717,35.96772],[-79.0295,35.96854],[-79.03377,35.96952],[-79.03854,35.96982],[-79.04176,35.9693],[-79.04728,35.96748],[-79.04915,35.96728],[-79.05054,35.96734],[-79.05324,35.96791],[-79.05942,35.97004],[-79.06315,35.97259],[-79.06338,35.97256],[-79.06288,35.97148],[-79.06115,35.96874],[-79.06206,35.9693],[-79.06265,35.96943],[-79.07062,35.96965],[-79.07037,35.97152],[-79.07069,35.97159],[-79.07044,35.97042],[-79.07062,35.96965],[-79.06265,35.96943],[-79.06103,35.96876],[-79.05949,35.96649],[-79.05775,35.96188],[-79.05742,35.95881],[-79.05793,35.9564],[-79.05801,35.95441],[-79.05779,35.95294],[-79.05841,35.9499],[-79.05855,35.94752],[-79.05554,35.93228],[-79.05396,35.92738],[-79.05384,35.92655],[-79.05412,35.92506],[-79.05593,35.92097],[-79.05695,35.91527],[-79.05604,35.9134],[-79.05434,35.91072],[-79.05549,35.91028],[-79.05463,35.90842],[-79.05505,35.9051],[-79.05456,35.90464],[-79.05328,35.90552]],"type":"LineString"},"properties":{"color":"#65BAAF","color_name":"gray","kind":"route","label":"CRX","long":"Route CRX","route_id":"3543","text_color":"#000000","type_label":"Bus"},"type":"Feature"},{"geometry":{"coordinates":[[-78.93349,35.99821],[-78.93397,35.99881],[-78.93382,35.999],[-78.93416,35.99914],[-78.9345,35.99986],[-78.93595,36.0001],[-78.93649,36.0007],[-78.93642,36.00111],[-78.93559,36.00206],[-78.93538,36.00271],[-78.93425,36.00437],[-78.93528,36.00504],[-78.93439,36.00655],[-78.93401,36.00786],[-78.93728,36.00817],[-78.9372,36.01103],[-78.93661,36.01284],[-78.93602,36.01295],[-78.93351,36.01064],[-78.93197,36.00868],[-78.9304,36.00745],[-78.929,36.00678],[-78.9239,36.00542],[-78.91399,35.99986],[-78.91311,35.99912],[-78.91283,35.99843],[-78.91275,35.99776],[-78.91295,35.9969],[-78.91028,35.997],[-78.91035,35.99548],[-78.90684,35.99547],[-78.90586,35.99512],[-78.90503,35.99602],[-78.90143,35.99398],[-78.90326,35.98962],[-78.89777,35.98801],[-78.8962,35.98683],[-78.89319,35.98375],[-78.89098,35.98235],[-78.87669,35.97665],[-78.87395,35.9754],[-78.87216,35.97418],[-78.87109,35.97316],[-78.86848,35.96969],[-78.86665,35.96623],[-78.86511,35.96195],[-78.86437,35.95766],[-78.86433,35.95148],[-78.86394,35.94878],[-78.86294,35.94608],[-78.86083,35.94251],[-78.85984,35.94029],[-78.859,35.93705],[-78.85879,35.93449],[-78.85905,35.93158],[-78.86125,35.92099],[-78.86375,35.91458],[-78.86471,35.91267],[-78.86605,35.91064],[-78.86797,35.90843],[-78.87081,35.90582],[-78.87156,35.90483],[-78.87195,35.90395],[-78.87218,35.90254],[-78.8719,35.90111],[-78.87109,35.89974],[-78.86989,35.89863],[-78.86693,35.8971],[-78.86125,35.89479],[-78.85337,35.89278],[-78.85111,35.89192],[-78.84857,35.89059],[-78.84571,35.88837],[-78.83199,35.87386],[-78.82929,35.87138],[-78.82654,35.8693],[-78.79503,35.8477],[-78.79161,35.84558],[-78.77782,35.83807],[-78.76553,35.83253],[-78.7623,35.83085],[-78.74437,35.82078],[-78.74244,35.81933],[-78.74055,35.81716],[-78.73919,35.81605],[-78.73209,35.81284],[-78.72813,35.81013],[-78.72484,35.80819],[-78.72163,35.80672],[-78.71798,35.80544],[-78.70954,35.80376],[-78.70735,35.80298],[-78.70716,35.80295],[-78.70643,35.8062],[-78.71082,35.80642],[-78.71121,35.80513],[-78.71105,35.80509],[-78.71083,35.80555],[-78.71103,35.80573],[-78.71082,35.80642],[-78.70643,35.8062],[-78.70716,35.80295],[-78.70403,35.80356],[-78.70184,35.80367],[-78.6979,35.80359],[-78.69661,35.80334],[-78.6947,35.80221],[-78.69399,35.8013],[-78.69381,35.80041],[-78.69437,35.79749],[-78.69477,35.7972],[-78.69585,35.79716],[-78.69635,35.79695],[-78.69666,35.7965],[-78.69673,35.79571],[-78.68487,35.79367],[-78.6819,35.79211],[-78.67907,35.79032],[-78.67594,35.78938],[-78.66804,35.78775],[-78.663,35.78633],[-78.66256,35.78599],[-78.66113,35.78563],[-78.65701,35.78384],[-78.6561,35.78332],[-78.65536,35.78256],[-78.65212,35.7811],[-78.65028,35.78079],[-78.64592,35.78065],[-78.64603,35.7785],[-78.64647,35.77847]],"type":"LineString"},"properties":{"color":"#0D1F2C","color_name":"black","kind":"route","label":"DRX","long":"Route DRX","route_id":"3544","text_color":"#FFFFFF","type_label":"Bus"},"type":"Feature"},{"geometry":{"coordinates":[[-79.19101,36.08381],[-79.1918,36.08379],[-79.19177,36.08169],[-79.20255,36.0831],[-79.21525,36.08637],[-79.22616,36.08626],[-79.22574,36.08435],[-79.23163,36.08511],[-79.23613,36.08634],[-79.2493,36.09182],[-79.25232,36.0926],[-79.26075,36.09396],[-79.26677,36.0954],[-79.26704,36.09477],[-79.26844,36.09517],[-79.26807,36.09594],[-79.26677,36.0954],[-79.27526,36.0774],[-79.27478,36.07697],[-79.2729,36.07314],[-79.27055,36.07372],[-79.27081,36.07438],[-79.27003,36.07456],[-79.26939,36.0751],[-79.26864,36.07451],[-79.26993,36.0739],[-79.2729,36.07314],[-79.2713,36.07056],[-79.26836,36.07222],[-79.25856,36.07572],[-79.25565,36.07654],[-79.25258,36.07696],[-79.22379,36.07924],[-79.21984,36.07892],[-79.20587,36.07681],[-79.20188,36.07653],[-79.18358,36.07411],[-79.164,36.07321],[-79.16054,36.07283],[-79.15794,36.07218],[-79.15528,36.07116],[-79.1352,36.06154],[-79.12907,36.05829],[-79.12657,36.05665],[-79.12407,36.05457],[-79.11084,36.04065],[-79.10965,36.03961],[-79.10706,36.0383],[-79.10514,36.03789],[-79.10082,36.03741],[-79.09731,36.03596],[-79.09712,36.03596],[-79.09842,36.04078],[-79.09594,36.04097],[-79.09399,36.04062],[-79.09331,36.04199],[-79.09276,36.04193],[-79.09239,36.04096],[-79.09195,36.04051],[-79.09233,36.04002],[-79.09394,36.04073],[-79.09577,36.04108],[-79.09717,36.04107],[-79.09842,36.04078],[-79.10018,36.04592],[-79.10129,36.04762],[-79.1027,36.05135],[-79.10412,36.05365],[-79.10434,36.05487],[-79.10427,36.0563],[-79.09895,36.05572],[-79.09635,36.05582],[-79.08665,36.05871],[-79.08403,36.05899],[-79.08197,36.05881],[-79.07995,36.05827],[-79.04604,36.0462],[-79.0246,36.03919],[-79.02149,36.03886],[-78.99718,36.03791],[-78.98111,36.038],[-78.97778,36.03755],[-78.97224,36.03622],[-78.97016,36.03541],[-78.96753,36.0341],[-78.96527,36.03252],[-78.96362,36.031],[-78.96204,36.02906],[-78.95837,36.02235],[-78.95727,36.02069],[-78.95555,36.01892],[-78.95363,36.01769],[-78.95075,36.01651],[-78.94256,36.0153],[-78.93681,36.01347],[-78.93659,36.01302],[-78.93721,36.01103],[-78.93736,36.00985],[-78.93728,36.00817],[-78.93401,36.00786],[-78.93366,36.00869],[-78.93324,36.00891],[-78.92909,36.00681],[-78.9242,36.00554],[-78.91435,36.00011],[-78.91314,35.99914],[-78.9129,35.9986],[-78.91275,35.99776],[-78.91295,35.9969],[-78.91028,35.997],[-78.91035,35.99548],[-78.90662,35.99551],[-78.90581,35.99513],[-78.90521,35.99584]],"type":"LineString"},"properties":{"color":"#EC8423","color_name":"orange","kind":"route","label":"ODX","long":"Route ODX","route_id":"3545","text_color":"#000000","type_label":"Bus"},"type":"Feature"},{"geometry":{"coordinates":[[-78.79045,35.87449],[-78.78862,35.87606],[-78.78838,35.87651],[-78.7884,35.87674],[-78.78976,35.87784],[-78.7906,35.87805],[-78.79701,35.87295],[-78.8011,35.87005],[-78.80676,35.86528],[-78.82081,35.85862],[-78.82165,35.8585],[-78.82184,35.85892],[-78.82167,35.86014],[-78.82212,35.86132],[-78.82436,35.86445],[-78.82871,35.86819],[-78.8297,35.86859],[-78.8324,35.86918],[-78.83354,35.86988],[-78.83422,35.87092],[-78.83515,35.87342],[-78.83578,35.87407],[-78.83642,35.87451],[-78.83659,35.87418],[-78.83698,35.87419],[-78.83732,35.87392],[-78.8379,35.87423]],"type":"LineString"},"properties":{"color":"#4E7BBE","color_name":"teal","kind":"route","label":"RDU","long":"RDU Shuttle","route_id":"3546","text_color":"#FFFFFF","type_label":"Bus"},"type":"Feature"},{"geometry":{"coordinates":[[-78.51127,35.97108],[-78.51293,35.97172],[-78.51109,35.9742],[-78.51062,35.97547],[-78.50921,35.9752],[-78.5065,35.97504],[-78.50634,35.97486],[-78.50685,35.97283],[-78.50763,35.97078],[-78.5085,35.96966],[-78.50906,35.96942],[-78.50904,35.96917],[-78.51023,35.96769],[-78.5106,35.96638],[-78.5106,35.96549],[-78.51289,35.96557],[-78.51762,35.96623],[-78.51797,35.96539],[-78.51814,35.9619],[-78.51849,35.96109],[-78.5243,35.95671],[-78.52746,35.95315],[-78.52762,35.95275],[-78.52913,35.95097],[-78.53034,35.9501],[-78.53539,35.94777],[-78.53824,35.94602],[-78.5394,35.94582],[-78.5402,35.94193],[-78.54211,35.93733],[-78.54299,35.93409],[-78.54338,35.93005],[-78.54315,35.92575],[-78.54365,35.92326],[-78.54457,35.9214],[-78.54546,35.92019],[-78.55715,35.90577],[-78.55793,35.90378],[-78.55878,35.89564],[-78.55908,35.8943],[-78.55959,35.89321],[-78.56096,35.8914],[-78.56973,35.88368],[-78.57994,35.87176],[-78.58084,35.87057],[-78.58154,35.86922],[-78.58224,35.86652],[-78.58107,35.86625],[-78.57949,35.86452],[-78.5788,35.86487],[-78.57843,35.86414],[-78.57807,35.86396],[-78.57675,35.86373],[-78.57464,35.86376],[-78.57368,35.86417],[-78.57372,35.86342],[-78.57787,35.86362],[-78.57865,35.86387],[-78.57924,35.86423],[-78.58107,35.86625],[-78.58201,35.8665],[-78.58147,35.86875],[-78.58036,35.87081],[-78.58106,35.87094],[-78.58184,35.87072],[-78.58514,35.86884],[-78.59345,35.8648],[-78.59421,35.86462],[-78.59653,35.86467],[-78.59701,35.86453],[-78.59839,35.8634],[-78.59883,35.86265],[-78.60074,35.86102],[-78.60129,35.85964],[-78.60129,35.8588],[-78.5995,35.85416],[-78.59936,35.85321],[-78.59978,35.85197],[-78.60125,35.8503],[-78.60169,35.8485],[-78.60177,35.84712],[-78.60136,35.84304],[-78.60133,35.83958],[-78.60307,35.83017],[-78.60431,35.8276],[-78.60546,35.82586],[-78.60762,35.82454],[-78.60965,35.82236],[-78.61514,35.81916],[-78.61658,35.81654],[-78.62099,35.80738],[-78.62158,35.80677],[-78.62289,35.80599],[-78.62365,35.80504],[-78.62577,35.79945],[-78.62956,35.79731],[-78.63325,35.79143],[-78.63391,35.79121],[-78.6353,35.79122],[-78.63569,35.79098],[-78.63586,35.79068],[-78.63612,35.78786],[-78.63863,35.78804],[-78.6389,35.78755],[-78.63958,35.78698],[-78.63992,35.78511],[-78.64021,35.77831],[-78.64681,35.77849]],"type":"LineString"},"properties":{"color":"#E7A614","color_name":"yellow","kind":"route","label":"WRX","long":"Route WRX","route_id":"3547","text_color":"#000000","type_label":"Bus"},"type":"Feature"},{"geometry":{"coordinates":[[-78.64681,35.77849],[-78.64603,35.7785],[-78.64597,35.77984],[-78.63664,35.77951],[-78.63439,35.78025],[-78.62302,35.77981],[-78.61584,35.77992],[-78.60805,35.7796],[-78.59918,35.77999],[-78.59769,35.78023],[-78.59576,35.78083],[-78.59417,35.78166],[-78.58899,35.78607],[-78.58793,35.78739],[-78.58545,35.79231],[-78.58482,35.79293],[-78.58385,35.79327],[-78.58095,35.7929],[-78.57996,35.79248],[-78.57536,35.78907],[-78.57433,35.78767],[-78.57402,35.78666],[-78.57416,35.78359],[-78.57389,35.78242],[-78.57311,35.78133],[-78.57185,35.78053],[-78.5668,35.77961],[-78.55762,35.77644],[-78.54917,35.77395],[-78.54483,35.77323],[-78.53665,35.77258],[-78.53447,35.77221],[-78.53245,35.77155],[-78.52755,35.76924],[-78.52621,35.76881],[-78.52412,35.76846],[-78.5078,35.76737],[-78.48871,35.76725],[-78.48556,35.7668],[-78.47983,35.76533],[-78.47736,35.76513],[-78.47487,35.76531],[-78.45396,35.76998],[-78.45138,35.77091],[-78.44981,35.77191],[-78.44833,35.77338],[-78.44544,35.77816],[-78.44477,35.77894],[-78.44338,35.77985],[-78.441,35.78062],[-78.44023,35.78115],[-78.43965,35.78185],[-78.43896,35.78199],[-78.43689,35.78091],[-78.43576,35.78007],[-78.43337,35.77596],[-78.43217,35.77439],[-78.43123,35.77372],[-78.423,35.76951],[-78.42186,35.76931],[-78.41767,35.7692],[-78.41469,35.76952],[-78.41075,35.76946],[-78.40889,35.76967],[-78.40689,35.77002],[-78.40594,35.77046],[-78.40329,35.77315],[-78.40099,35.77435],[-78.39546,35.7759],[-78.39384,35.77617],[-78.38425,35.77566],[-78.37919,35.77636],[-78.37791,35.77705],[-78.37552,35.77954],[-78.37497,35.78027],[-78.37458,35.78135],[-78.37103,35.78111],[-78.37097,35.78273],[-78.36239,35.78254],[-78.36245,35.78355],[-78.36087,35.78386],[-78.35954,35.78455],[-78.35418,35.78896],[-78.34583,35.79788],[-78.34304,35.79969],[-78.33716,35.80669],[-78.3345,35.8085],[-78.33281,35.81075],[-78.33221,35.81369],[-78.32729,35.82001],[-78.32725,35.82031],[-78.32389,35.82076],[-78.32425,35.82188],[-78.32354,35.82201],[-78.32317,35.82087],[-78.3219,35.8211],[-78.31458,35.82431],[-78.32071,35.83361],[-78.31743,35.83415],[-78.31001,35.83381],[-78.30355,35.83445],[-78.3007,35.83425],[-78.2985,35.83371],[-78.29507,35.83239],[-78.29289,35.83047],[-78.29239,35.82969],[-78.29682,35.82896]],"type":"LineString"},"properties":{"color":"#5A7838","color_name":"brown","kind":"route","label":"ZWX","long":"Route ZWX","route_id":"3548","text_color":"#FFFFFF","type_label":"Bus"},"type":"Feature"},{"geometry":{"coordinates":[[-78.8379,35.87423],[-78.83747,35.87381],[-78.83698,35.87419],[-78.83659,35.87418],[-78.83642,35.87451],[-78.83729,35.87602],[-78.83882,35.87679],[-78.83908,35.87724],[-78.84031,35.87836],[-78.84045,35.87846],[-78.84103,35.8782],[-78.84264,35.87801],[-78.84465,35.87825],[-78.84519,35.87849],[-78.84749,35.88066],[-78.85213,35.88375],[-78.85556,35.88709],[-78.85768,35.8888],[-78.8654,35.89262],[-78.87253,35.89585],[-78.87609,35.89775],[-78.88008,35.89906],[-78.88008,35.9004],[-78.87834,35.90554],[-78.87793,35.90796],[-78.87782,35.90976],[-78.87804,35.91504],[-78.87791,35.91626],[-78.87742,35.9176],[-78.87636,35.91913],[-78.87518,35.92007],[-78.87145,35.92396],[-78.86947,35.92489],[-78.86769,35.92509],[-78.85935,35.92424],[-78.85968,35.92638],[-78.85858,35.93297],[-78.85871,35.93701],[-78.85932,35.93962],[-78.86004,35.94152],[-78.86301,35.94685],[-78.86375,35.94915],[-78.86405,35.95143],[-78.86396,35.95528],[-78.86415,35.95838],[-78.86548,35.9654],[-78.86629,35.96729],[-78.86924,35.97124],[-78.87126,35.97362],[-78.87331,35.97524],[-78.87582,35.9765],[-78.89089,35.98254],[-78.89305,35.98388],[-78.89597,35.9869],[-78.89742,35.98806],[-78.89877,35.98869],[-78.90492,35.99078],[-78.90731,35.99183],[-78.90829,35.9927],[-78.90872,35.99346],[-78.9088,35.997],[-78.9066,35.99699],[-78.90474,35.99579]],"type":"LineString"},"properties":{"color":"#991D6A","color_name":"purple","kind":"route","label":"705","long":"Route 705","route_id":"3565","text_color":"#FFFFFF","type_label":"Bus"},"type":"Feature"},{"geometry":{"coordinates":[-78.62302,35.77981],"type":"Point"},"properties":{"kind":"stop","name":"New Bern Ave at S Tarboro Rd","stop_id":"10494"},"type":"Feature"},{"geometry":{"coordinates":[-78.62207,35.78055],"type":"Point"},"properties":{"kind":"stop","name":"E Edenton St at N Tarboro Rd","stop_id":"10526"},"type":"Feature"},{"geometry":{"coordinates":[-78.63778,35.78122],"type":"Point"},"properties":{"kind":"stop","name":"E Edenton St at N Wilmington St","stop_id":"10534"},"type":"Feature"},{"geometry":{"coordinates":[-78.9611,35.96616],"type":"Point"},"properties":{"kind":"stop","name":"Westgate Dr at South Square (SB)","stop_id":"1068"},"type":"Feature"},{"geometry":{"coordinates":[-78.9442,35.92383],"type":"Point"},"properties":{"kind":"stop","name":"Woodcroft Pkwy at Autumn Woods Dr","stop_id":"1076"},"type":"Feature"},{"geometry":{"coordinates":[-78.94899,35.92185],"type":"Point"},"properties":{"kind":"stop","name":"Woodcroft Pkwy at Sandstone Ridge Dr (WB)","stop_id":"1078"},"type":"Feature"},{"geometry":{"coordinates":[-78.94912,35.92169],"type":"Point"},"properties":{"kind":"stop","name":"Woodcroft Pkwy at Winterberry Ridge Dr (EB)","stop_id":"1079"},"type":"Feature"},{"geometry":{"coordinates":[-78.9556,35.92252],"type":"Point"},"properties":{"kind":"stop","name":"Woodcroft Shopping Center (EB)","stop_id":"1080"},"type":"Feature"},{"geometry":{"coordinates":[-78.95564,35.92269],"type":"Point"},"properties":{"kind":"stop","name":"Woodcroft Shopping Center (WB)","stop_id":"1081"},"type":"Feature"},{"geometry":{"coordinates":[-78.72069,35.78522],"type":"Point"},"properties":{"kind":"stop","name":"Western Blvd at Jones Franklin Rd","stop_id":"10952"},"type":"Feature"},{"geometry":{"coordinates":[-78.65695,35.77525],"type":"Point"},"properties":{"kind":"stop","name":"Western Blvd at Hunt Dr (WB)","stop_id":"11378"},"type":"Feature"},{"geometry":{"coordinates":[-78.99007,35.9506],"type":"Point"},"properties":{"kind":"stop","name":"McFarland Dr at Witherspoon Blvd (EB)","stop_id":"11435"},"type":"Feature"},{"geometry":{"coordinates":[-78.93999,35.90154],"type":"Point"},"properties":{"kind":"stop","name":"Fayetteville Rd at Renaissance Pkwy (SB)","stop_id":"11439"},"type":"Feature"},{"geometry":{"coordinates":[-79.0507,35.9019],"type":"Point"},"properties":{"kind":"stop","name":"East Dr at Jackson Cir (NB)","stop_id":"11442"},"type":"Feature"},{"geometry":{"coordinates":[-78.58919,35.78643],"type":"Point"},"properties":{"kind":"stop","name":"New Bern Ave at WakeMed (across)","stop_id":"11636"},"type":"Feature"},{"geometry":{"coordinates":[-78.74361,35.756],"type":"Point"},"properties":{"kind":"stop","name":"Dillard Dr at Meeting St (EB)","stop_id":"11641"},"type":"Feature"},{"geometry":{"coordinates":[-78.93549,36.00794],"type":"Point"},"properties":{"kind":"stop","name":"Erwin Rd at Emergency Dr (EB)","stop_id":"11701"},"type":"Feature"},{"geometry":{"coordinates":[-78.93736,36.00985],"type":"Point"},"properties":{"kind":"stop","name":"Fulton St at Elder St (SB)","stop_id":"11816"},"type":"Feature"},{"geometry":{"coordinates":[-78.72029,35.78649],"type":"Point"},"properties":{"kind":"stop","name":"Hillsborough St at Jones Franklin Rd (WB)","stop_id":"11833"},"type":"Feature"},{"geometry":{"coordinates":[-79.19101,36.08381],"type":"Point"},"properties":{"kind":"stop","name":"Efland-Cheeks Community Center","stop_id":"11836"},"type":"Feature"},{"geometry":{"coordinates":[-79.26743,36.0956],"type":"Point"},"properties":{"kind":"stop","name":"E Washington St at S 5th St (Mebane City Hall)","stop_id":"11837"},"type":"Feature"},{"geometry":{"coordinates":[-79.27003,36.07456],"type":"Point"},"properties":{"kind":"stop","name":"Mebane Cone Health Park-and-Ride","stop_id":"11838"},"type":"Feature"},{"geometry":{"coordinates":[-78.64039,35.77508],"type":"Point"},"properties":{"kind":"stop","name":"Salisbury St at Davie St (SB)","stop_id":"11851"},"type":"Feature"},{"geometry":{"coordinates":[-78.64066,35.77177],"type":"Point"},"properties":{"kind":"stop","name":"Salisbury St at South St (SB)","stop_id":"11852"},"type":"Feature"},{"geometry":{"coordinates":[-78.93185,35.92209],"type":"Point"},"properties":{"kind":"stop","name":"Woodcroft Pkwy at Parson's Chase (EB)","stop_id":"11858"},"type":"Feature"},{"geometry":{"coordinates":[-78.93147,35.92268],"type":"Point"},"properties":{"kind":"stop","name":"Woodcroft Pkwy at Homeplace II (WB)","stop_id":"11859"},"type":"Feature"},{"geometry":{"coordinates":[-78.64012,35.7815],"type":"Point"},"properties":{"kind":"stop","name":"N Salisbury St at W Edenton St","stop_id":"1186"},"type":"Feature"},{"geometry":{"coordinates":[-79.09239,36.04096],"type":"Point"},"properties":{"kind":"stop","name":"Durham Tech OCC Park-and-Ride (SB)","stop_id":"11869"},"type":"Feature"},{"geometry":{"coordinates":[-78.63729,35.77951],"type":"Point"},"properties":{"kind":"stop","name":"E Morgan St at S Wilmington St","stop_id":"1188"},"type":"Feature"},{"geometry":{"coordinates":[-78.63793,35.78178],"type":"Point"},"properties":{"kind":"stop","name":"Wilmington St at Jones St","stop_id":"1190"},"type":"Feature"},{"geometry":{"coordinates":[-79.0831,35.90675],"type":"Point"},"properties":{"kind":"stop","name":"Jones Ferry Rd at Davie Rd (EB)","stop_id":"11995"},"type":"Feature"},{"geometry":{"coordinates":[-79.0714,35.91046],"type":"Point"},"properties":{"kind":"stop","name":"E Main St at Jade Palace (WB)","stop_id":"11996"},"type":"Feature"},{"geometry":{"coordinates":[-79.08454,35.90647],"type":"Point"},"properties":{"kind":"stop","name":"Jones Ferry Rd at Alabama Ave (WB)","stop_id":"11997"},"type":"Feature"},{"geometry":{"coordinates":[-79.07072,35.9104],"type":"Point"},"properties":{"kind":"stop","name":"E Main St at Weaver St Realty (EB)","stop_id":"11998"},"type":"Feature"},{"geometry":{"coordinates":[-78.82774,35.86725],"type":"Point"},"properties":{"kind":"stop","name":"Slater Rd at Carrington Mill Blvd (EB)","stop_id":"12059"},"type":"Feature"},{"geometry":{"coordinates":[-78.828,35.86772],"type":"Point"},"properties":{"kind":"stop","name":"Slater Rd at Carrington Mill Blvd (WB)","stop_id":"12060"},"type":"Feature"},{"geometry":{"coordinates":[-78.83946,35.85236],"type":"Point"},"properties":{"kind":"stop","name":"Watkins Rd at Wake Tech RTP Campus (WB)","stop_id":"12067"},"type":"Feature"},{"geometry":{"coordinates":[-78.83112,35.85114],"type":"Point"},"properties":{"kind":"stop","name":"Watkins Rd at Perimeter Park Dr (WB)","stop_id":"12069"},"type":"Feature"},{"geometry":{"coordinates":[-78.82751,35.84878],"type":"Point"},"properties":{"kind":"stop","name":"McCrimmon Pkwy at Airport Blvd (EB)","stop_id":"12107"},"type":"Feature"},{"geometry":{"coordinates":[-78.81388,35.83268],"type":"Point"},"properties":{"kind":"stop","name":"Evans Rd at Aviation Pkwy (WB)","stop_id":"12110"},"type":"Feature"},{"geometry":{"coordinates":[-78.80655,35.82605],"type":"Point"},"properties":{"kind":"stop","name":"Weston Pkwy at Evans Rd (SB)","stop_id":"12112"},"type":"Feature"},{"geometry":{"coordinates":[-78.8118,35.81672],"type":"Point"},"properties":{"kind":"stop","name":"Weston Pkwy at Shelton Dr (SB)","stop_id":"12114"},"type":"Feature"},{"geometry":{"coordinates":[-78.81807,35.81226],"type":"Point"},"properties":{"kind":"stop","name":"Chapel Hill Rd at Summit Ridge Loop (EB)","stop_id":"12115"},"type":"Feature"},{"geometry":{"coordinates":[-78.81646,35.8098],"type":"Point"},"properties":{"kind":"stop","name":"Chapel Hill Rd at Morrisville Pkwy (EB)","stop_id":"12116"},"type":"Feature"},{"geometry":{"coordinates":[-78.8143,35.8079],"type":"Point"},"properties":{"kind":"stop","name":"Chapel Hill Rd at Market Center Dr (EB)","stop_id":"12118"},"type":"Feature"},{"geometry":{"coordinates":[-78.79566,35.7984],"type":"Point"},"properties":{"kind":"stop","name":"Chapel Hill Rd at Maynard Rd (EB)","stop_id":"12120"},"type":"Feature"},{"geometry":{"coordinates":[-78.78978,35.7936],"type":"Point"},"properties":{"kind":"stop","name":"Chapel Hill Rd at Boundary St (EB)","stop_id":"12121"},"type":"Feature"},{"geometry":{"coordinates":[-78.78966,35.79369],"type":"Point"},"properties":{"kind":"stop","name":"Chapel Hill Rd at Boundary St (WB)","stop_id":"12123"},"type":"Feature"},{"geometry":{"coordinates":[-78.79339,35.79656],"type":"Point"},"properties":{"kind":"stop","name":"Chapel Hill Rd at Middleton Rd (WB)","stop_id":"12124"},"type":"Feature"},{"geometry":{"coordinates":[-78.81311,35.80773],"type":"Point"},"properties":{"kind":"stop","name":"Chapel Hill Rd at NW Cary Pkwy (WB)","stop_id":"12126"},"type":"Feature"},{"geometry":{"coordinates":[-78.81621,35.80998],"type":"Point"},"properties":{"kind":"stop","name":"Chapel Hill Rd at Ridgemere Dr (WB)","stop_id":"12127"},"type":"Feature"},{"geometry":{"coordinates":[-78.81887,35.81304],"type":"Point"},"properties":{"kind":"stop","name":"Chapel Hill Rd at Weston Pkwy (WB)","stop_id":"12128"},"type":"Feature"},{"geometry":{"coordinates":[-78.81159,35.81651],"type":"Point"},"properties":{"kind":"stop","name":"Weston Pkwy at Shelton Dr (NB)","stop_id":"12129"},"type":"Feature"},{"geometry":{"coordinates":[-78.80643,35.82698],"type":"Point"},"properties":{"kind":"stop","name":"Evans Rd at Weston Pkwy (NB)","stop_id":"12130"},"type":"Feature"},{"geometry":{"coordinates":[-78.81486,35.83347],"type":"Point"},"properties":{"kind":"stop","name":"McCrimmon Pkwy at Aviation Pkwy (WB)","stop_id":"12131"},"type":"Feature"},{"geometry":{"coordinates":[-78.81966,35.84307],"type":"Point"},"properties":{"kind":"stop","name":"McCrimmon Pkwy at Competition Center Dr (WB)","stop_id":"12132"},"type":"Feature"},{"geometry":{"coordinates":[-78.82731,35.84898],"type":"Point"},"properties":{"kind":"stop","name":"McCrimmon Pkwy at Airport Blvd (WB)","stop_id":"12133"},"type":"Feature"},{"geometry":{"coordinates":[-78.83355,35.65075],"type":"Point"},"properties":{"kind":"stop","name":"Main St at Center St (NB)","stop_id":"12135"},"type":"Feature"},{"geometry":{"coordinates":[-78.83674,35.66964],"type":"Point"},"properties":{"kind":"stop","name":"North Main Athletic Complex Park-and-Ride (WB)","stop_id":"12136"},"type":"Feature"},{"geometry":{"coordinates":[-78.84457,35.71749],"type":"Point"},"properties":{"kind":"stop","name":"Apex Peakway at Hughes St (WB)","stop_id":"12137"},"type":"Feature"},{"geometry":{"coordinates":[-78.7771,35.74118],"type":"Point"},"properties":{"kind":"stop","name":"Tryon Rd at New Waverly Pl (WB)","stop_id":"12142"},"type":"Feature"},{"geometry":{"coordinates":[-78.84445,35.71707],"type":"Point"},"properties":{"kind":"stop","name":"Apex Peakway at Hughes St (EB)","stop_id":"12147"},"type":"Feature"},{"geometry":{"coordinates":[-78.83641,35.66952],"type":"Point"},"properties":{"kind":"stop","name":"North Main Athletic Complex Park-and-Ride (EB)","stop_id":"12148"},"type":"Feature"},{"geometry":{"coordinates":[-78.83375,35.65075],"type":"Point"},"properties":{"kind":"stop","name":"Main St at Center St (SB)","stop_id":"12149"},"type":"Feature"},{"geometry":{"coordinates":[-78.81996,35.84257],"type":"Point"},"properties":{"kind":"stop","name":"McCrimmon Pkwy at Competition Center Dr (EB)","stop_id":"12150"},"type":"Feature"},{"geometry":{"coordinates":[-78.8395,35.85211],"type":"Point"},"properties":{"kind":"stop","name":"Watkins Rd at Wake Tech RTP Campus (EB)","stop_id":"12151"},"type":"Feature"},{"geometry":{"coordinates":[-78.83159,35.85097],"type":"Point"},"properties":{"kind":"stop","name":"Watkins Rd at Perimeter Park Dr (EB)","stop_id":"12152"},"type":"Feature"},{"geometry":{"coordinates":[-78.94671,35.90362],"type":"Point"},"properties":{"kind":"stop","name":"Renaissance Pkwy at Southpoint Mall (WB)","stop_id":"12154"},"type":"Feature"},{"geometry":{"coordinates":[-78.93302,35.91367],"type":"Point"},"properties":{"kind":"stop","name":"Fayetteville Rd at Laurel Springs Dr (NB)","stop_id":"12155"},"type":"Feature"},{"geometry":{"coordinates":[-78.89819,35.90274],"type":"Point"},"properties":{"kind":"stop","name":"NC 54 at Residence Inn Blvd (WB)","stop_id":"12156"},"type":"Feature"},{"geometry":{"coordinates":[-78.90327,35.90281],"type":"Point"},"properties":{"kind":"stop","name":"NC 54 at The Hamptons Apts (WB)","stop_id":"12157"},"type":"Feature"},{"geometry":{"coordinates":[-78.92038,35.90643],"type":"Point"},"properties":{"kind":"stop","name":"NC 54 at Seasons of Southpoint (EB)","stop_id":"12158"},"type":"Feature"},{"geometry":{"coordinates":[-78.94386,36.00865],"type":"Point"},"properties":{"kind":"stop","name":"Erwin Rd at Downing St (EB)","stop_id":"12160"},"type":"Feature"},{"geometry":{"coordinates":[-78.94723,36.00683],"type":"Point"},"properties":{"kind":"stop","name":"Erwin Rd at Lambeth Cir (WB)","stop_id":"12164"},"type":"Feature"},{"geometry":{"coordinates":[-78.93281,35.91011],"type":"Point"},"properties":{"kind":"stop","name":"NC 54 at Fayetteville Rd (EB)","stop_id":"12166"},"type":"Feature"},{"geometry":{"coordinates":[-78.91565,35.90493],"type":"Point"},"properties":{"kind":"stop","name":"NC 54 at Barbee Rd (EB)","stop_id":"12169"},"type":"Feature"},{"geometry":{"coordinates":[-78.92844,35.921],"type":"Point"},"properties":{"kind":"stop","name":"Fayetteville Rd at Geneva Dr (NB)","stop_id":"12170"},"type":"Feature"},{"geometry":{"coordinates":[-78.90929,35.90323],"type":"Point"},"properties":{"kind":"stop","name":"NC 54 at Waterford Valley Dr (WB)","stop_id":"12171"},"type":"Feature"},{"geometry":{"coordinates":[-78.91184,35.90402],"type":"Point"},"properties":{"kind":"stop","name":"NC 54 at Revere Rd (WB)","stop_id":"12172"},"type":"Feature"},{"geometry":{"coordinates":[-78.90956,35.99705],"type":"Point"},"properties":{"kind":"stop","name":"Chapel Hill St at Gregson St (WB)","stop_id":"12174"},"type":"Feature"},{"geometry":{"coordinates":[-78.93338,35.91349],"type":"Point"},"properties":{"kind":"stop","name":"Fayetteville Rd at Laurel Springs Dr (SB)","stop_id":"12175"},"type":"Feature"},{"geometry":{"coordinates":[-78.92883,35.92097],"type":"Point"},"properties":{"kind":"stop","name":"Fayetteville Rd at Geneva Dr (SB)","stop_id":"12177"},"type":"Feature"},{"geometry":{"coordinates":[-78.8947,35.9022],"type":"Point"},"properties":{"kind":"stop","name":"NC 54 at NC 55 (EB)","stop_id":"12179"},"type":"Feature"},{"geometry":{"coordinates":[-78.63776,35.78483],"type":"Point"},"properties":{"kind":"stop","name":"Wilmington St at North St","stop_id":"1218"},"type":"Feature"},{"geometry":{"coordinates":[-78.93375,35.9121],"type":"Point"},"properties":{"kind":"stop","name":"Fayetteville Rd at Crooked Creek Pkwy (NB)","stop_id":"12182"},"type":"Feature"},{"geometry":{"coordinates":[-78.90868,35.99517],"type":"Point"},"properties":{"kind":"stop","name":"Duke St at Jackson St (NB)","stop_id":"12184"},"type":"Feature"},{"geometry":{"coordinates":[-78.96019,35.96308],"type":"Point"},"properties":{"kind":"stop","name":"University Dr at Martin Luther King Jr Pkwy (WB)","stop_id":"12186"},"type":"Feature"},{"geometry":{"coordinates":[-78.92281,35.90733],"type":"Point"},"properties":{"kind":"stop","name":"NC 54 at Pine Glen Trail (WB)","stop_id":"12187"},"type":"Feature"},{"geometry":{"coordinates":[-78.93775,36.00811],"type":"Point"},"properties":{"kind":"stop","name":"Erwin Rd at Fulton St (EB)","stop_id":"12188"},"type":"Feature"},{"geometry":{"coordinates":[-78.94371,36.00886],"type":"Point"},"properties":{"kind":"stop","name":"Erwin Rd at Downing St (WB)","stop_id":"12190"},"type":"Feature"},{"geometry":{"coordinates":[-78.93164,35.91621],"type":"Point"},"properties":{"kind":"stop","name":"Fayetteville Rd at Dunhill Dr (NB)","stop_id":"12192"},"type":"Feature"},{"geometry":{"coordinates":[-78.98978,35.9509],"type":"Point"},"properties":{"kind":"stop","name":"Witherspoon Blvd at McFarland Dr (SB)","stop_id":"12194"},"type":"Feature"},{"geometry":{"coordinates":[-78.95892,35.92073],"type":"Point"},"properties":{"kind":"stop","name":"Hope Valley Rd at Garrett Rd (NB)","stop_id":"12196"},"type":"Feature"},{"geometry":{"coordinates":[-78.95391,35.90296],"type":"Point"},"properties":{"kind":"stop","name":"Renaissance Pkwy at Renaissance Village (WB)","stop_id":"12197"},"type":"Feature"},{"geometry":{"coordinates":[-78.88952,35.9006],"type":"Point"},"properties":{"kind":"stop","name":"NC 54 at S Alston Ave (EB)","stop_id":"12198"},"type":"Feature"},{"geometry":{"coordinates":[-78.64018,35.77992],"type":"Point"},"properties":{"kind":"stop","name":"Salisbury St at Morgan St (SB)","stop_id":"12201"},"type":"Feature"},{"geometry":{"coordinates":[-78.64437,35.78147],"type":"Point"},"properties":{"kind":"stop","name":"Edenton St at Harrington St (WB)","stop_id":"12202"},"type":"Feature"},{"geometry":{"coordinates":[-78.70725,35.80123],"type":"Point"},"properties":{"kind":"stop","name":"Blue Ridge Rd at Westchase Blvd (NB)","stop_id":"12204"},"type":"Feature"},{"geometry":{"coordinates":[-78.70756,35.79794],"type":"Point"},"properties":{"kind":"stop","name":"Blue Ridge Rd at Trinity Rd (NB)","stop_id":"12206"},"type":"Feature"},{"geometry":{"coordinates":[-78.65906,35.78481],"type":"Point"},"properties":{"kind":"stop","name":"Hillsborough St at Forest Rd (WB)","stop_id":"12212"},"type":"Feature"},{"geometry":{"coordinates":[-78.6765,35.78956],"type":"Point"},"properties":{"kind":"stop","name":"Hillsborough St at Friendly Dr (EB)","stop_id":"12218"},"type":"Feature"},{"geometry":{"coordinates":[-78.65895,35.78458],"type":"Point"},"properties":{"kind":"stop","name":"Hillsborough St at Forest Rd (EB)","stop_id":"12222"},"type":"Feature"},{"geometry":{"coordinates":[-78.66224,35.77768],"type":"Point"},"properties":{"kind":"stop","name":"Western Blvd at Ashe Ave (WB)","stop_id":"12224"},"type":"Feature"},{"geometry":{"coordinates":[-78.67874,35.7903],"type":"Point"},"properties":{"kind":"stop","name":"Hillsborough St at Shepherd St (WB)","stop_id":"12226"},"type":"Feature"},{"geometry":{"coordinates":[-78.68847,35.79438],"type":"Point"},"properties":{"kind":"stop","name":"Hillsborough St at Meredith College (WB)","stop_id":"12228"},"type":"Feature"},{"geometry":{"coordinates":[-78.70652,35.78587],"type":"Point"},"properties":{"kind":"stop","name":"Western Blvd at Deboy St (EB)","stop_id":"12232"},"type":"Feature"},{"geometry":{"coordinates":[-79.05328,35.90552],"type":"Point"},"properties":{"kind":"stop","name":"S Columbia St at Health Sciences Library (NB)","stop_id":"12452"},"type":"Feature"},{"geometry":{"coordinates":[-78.93491,36.00478],"type":"Point"},"properties":{"kind":"stop","name":"Trent Dr at Duke Hospital South (WB)","stop_id":"12599"},"type":"Feature"},{"geometry":{"coordinates":[-78.95099,36.00373],"type":"Point"},"properties":{"kind":"stop","name":"Erwin Rd at Morreene Rd (SB)","stop_id":"12602"},"type":"Feature"},{"geometry":{"coordinates":[-78.9607,35.96557],"type":"Point"},"properties":{"kind":"stop","name":"Westgate Dr at South Square (NB)","stop_id":"12608"},"type":"Feature"},{"geometry":{"coordinates":[-78.94559,36.00798],"type":"Point"},"properties":{"kind":"stop","name":"Erwin Rd at LaSalle St (EB)","stop_id":"12616"},"type":"Feature"},{"geometry":{"coordinates":[-78.9457,36.00814],"type":"Point"},"properties":{"kind":"stop","name":"Erwin Rd at LaSalle St (WB)","stop_id":"12618"},"type":"Feature"},{"geometry":{"coordinates":[-78.93011,35.91918],"type":"Point"},"properties":{"kind":"stop","name":"Fayetteville Rd at Sutton Station (SB)","stop_id":"12620"},"type":"Feature"},{"geometry":{"coordinates":[-78.93498,36.00456],"type":"Point"},"properties":{"kind":"stop","name":"Trent Dr at Duke Hospital South (EB)","stop_id":"12622"},"type":"Feature"},{"geometry":{"coordinates":[-78.932,35.91631],"type":"Point"},"properties":{"kind":"stop","name":"Fayetteville Rd at Dunhill Dr (SB)","stop_id":"12629"},"type":"Feature"},{"geometry":{"coordinates":[-78.909,35.99692],"type":"Point"},"properties":{"kind":"stop","name":"Chapel Hill St at Duke St (EB)","stop_id":"12631"},"type":"Feature"},{"geometry":{"coordinates":[-78.96032,35.96267],"type":"Point"},"properties":{"kind":"stop","name":"University Dr at Martin Luther King Jr Pkwy (EB)","stop_id":"12636"},"type":"Feature"},{"geometry":{"coordinates":[-78.93719,36.00886],"type":"Point"},"properties":{"kind":"stop","name":"Fulton St at Erwin Rd (NB)","stop_id":"12638"},"type":"Feature"},{"geometry":{"coordinates":[-78.99434,35.94948],"type":"Point"},"properties":{"kind":"stop","name":"Mt Moriah Rd at Danziger Dr (NB)","stop_id":"12642"},"type":"Feature"},{"geometry":{"coordinates":[-78.93349,35.99821],"type":"Point"},"properties":{"kind":"stop","name":"Chapel Dr at Duke University Rd (NB)","stop_id":"12646"},"type":"Feature"},{"geometry":{"coordinates":[-78.93357,35.99793],"type":"Point"},"properties":{"kind":"stop","name":"Chapel Dr at Duke University Rd (SB)","stop_id":"12647"},"type":"Feature"},{"geometry":{"coordinates":[-78.92972,35.91916],"type":"Point"},"properties":{"kind":"stop","name":"Fayetteville Rd at Sutton Station (NB)","stop_id":"12648"},"type":"Feature"},{"geometry":{"coordinates":[-78.63803,35.77993],"type":"Point"},"properties":{"kind":"stop","name":"Wilmington St at Morgan St","stop_id":"12651"},"type":"Feature"},{"geometry":{"coordinates":[-78.70749,35.80069],"type":"Point"},"properties":{"kind":"stop","name":"Blue Ridge Rd at Westchase Blvd (SB)","stop_id":"12654"},"type":"Feature"},{"geometry":{"coordinates":[-78.70781,35.79743],"type":"Point"},"properties":{"kind":"stop","name":"Blue Ridge Rd at Trinity Rd (SB)","stop_id":"12656"},"type":"Feature"},{"geometry":{"coordinates":[-78.70512,35.78569],"type":"Point"},"properties":{"kind":"stop","name":"Western Blvd at Merendino St (WB)","stop_id":"12658"},"type":"Feature"},{"geometry":{"coordinates":[-78.64844,35.78084],"type":"Point"},"properties":{"kind":"stop","name":"Hillsborough St at Glenwood Ave (WB)","stop_id":"12659"},"type":"Feature"},{"geometry":{"coordinates":[-78.66428,35.78682],"type":"Point"},"properties":{"kind":"stop","name":"Hillsborough St at Enterprise St (WB)","stop_id":"12664"},"type":"Feature"},{"geometry":{"coordinates":[-78.67271,35.78885],"type":"Point"},"properties":{"kind":"stop","name":"Hillsborough St at Brooks Ave (WB)","stop_id":"12666"},"type":"Feature"},{"geometry":{"coordinates":[-78.71285,35.78663],"type":"Point"},"properties":{"kind":"stop","name":"Western Blvd at Powell Dr (WB)","stop_id":"12668"},"type":"Feature"},{"geometry":{"coordinates":[-78.67137,35.78841],"type":"Point"},"properties":{"kind":"stop","name":"Hillsborough St at Gardner St (EB)","stop_id":"12670"},"type":"Feature"},{"geometry":{"coordinates":[-78.66375,35.78647],"type":"Point"},"properties":{"kind":"stop","name":"Hillsborough St at Enterprise St (NCSU Bell Tower)","stop_id":"12672"},"type":"Feature"},{"geometry":{"coordinates":[-78.68401,35.79335],"type":"Point"},"properties":{"kind":"stop","name":"Hillsborough St at Faircloth St (WB)","stop_id":"12678"},"type":"Feature"},{"geometry":{"coordinates":[-78.68311,35.79268],"type":"Point"},"properties":{"kind":"stop","name":"Hillsborough St at Turner St (EB)","stop_id":"12680"},"type":"Feature"},{"geometry":{"coordinates":[-78.71375,35.7864],"type":"Point"},"properties":{"kind":"stop","name":"Western Blvd at Heather Dr (EB)","stop_id":"12683"},"type":"Feature"},{"geometry":{"coordinates":[-78.65028,35.78079],"type":"Point"},"properties":{"kind":"stop","name":"Hillsborough St at St Marys St (EB)","stop_id":"12685"},"type":"Feature"},{"geometry":{"coordinates":[-78.8322,35.63275],"type":"Point"},"properties":{"kind":"stop","name":"Ralph Stephens Rd at Collins Crossings Rd","stop_id":"12687"},"type":"Feature"},{"geometry":{"coordinates":[-78.8332,35.64266],"type":"Point"},"properties":{"kind":"stop","name":"S Main St at Rex Hospital (SB)","stop_id":"12688"},"type":"Feature"},{"geometry":{"coordinates":[-78.833,35.64272],"type":"Point"},"properties":{"kind":"stop","name":"S Main St at Rex Hospital (NB)","stop_id":"12689"},"type":"Feature"},{"geometry":{"coordinates":[-78.8358,35.63754],"type":"Point"},"properties":{"kind":"stop","name":"S Main St at Village Walk Dr (NB)","stop_id":"12690"},"type":"Feature"},{"geometry":{"coordinates":[-78.91778,35.90581],"type":"Point"},"properties":{"kind":"stop","name":"NC 54 at Barbee Rd (WB)","stop_id":"12694"},"type":"Feature"},{"geometry":{"coordinates":[-78.65591,35.78096],"type":"Point"},"properties":{"kind":"stop","name":"Morgan St at Tryon Hill Dr","stop_id":"12701"},"type":"Feature"},{"geometry":{"coordinates":[-78.65547,35.78176],"type":"Point"},"properties":{"kind":"stop","name":"Morgan St at Hillsborough St","stop_id":"12702"},"type":"Feature"},{"geometry":{"coordinates":[-78.64931,35.7799],"type":"Point"},"properties":{"kind":"stop","name":"Morgan St at Boylan Ave","stop_id":"12703"},"type":"Feature"},{"geometry":{"coordinates":[-78.64837,35.77996],"type":"Point"},"properties":{"kind":"stop","name":"Morgan St at Glenwood Ave","stop_id":"12704"},"type":"Feature"},{"geometry":{"coordinates":[-78.64617,35.77754],"type":"Point"},"properties":{"kind":"stop","name":"West St at Raleigh Union Station","stop_id":"12705"},"type":"Feature"},{"geometry":{"coordinates":[-78.64144,35.77695],"type":"Point"},"properties":{"kind":"stop","name":"Martin St at McDowell St (EB)","stop_id":"12707"},"type":"Feature"},{"geometry":{"coordinates":[-78.74258,35.78851],"type":"Point"},"properties":{"kind":"stop","name":"Hillsborough St at Bashford Rd (EB)","stop_id":"12710"},"type":"Feature"},{"geometry":{"coordinates":[-78.74256,35.78868],"type":"Point"},"properties":{"kind":"stop","name":"Hillsborough St at Bashford Rd (WB)","stop_id":"12711"},"type":"Feature"},{"geometry":{"coordinates":[-78.73197,35.78669],"type":"Point"},"properties":{"kind":"stop","name":"Hillsborough St at Wolfwood Dr (EB)","stop_id":"12712"},"type":"Feature"},{"geometry":{"coordinates":[-78.73083,35.78664],"type":"Point"},"properties":{"kind":"stop","name":"Hillsborough St at Wolfwood Dr (WB)","stop_id":"12713"},"type":"Feature"},{"geometry":{"coordinates":[-79.09036,35.90152],"type":"Point"},"properties":{"kind":"stop","name":"Jones Ferry Park-and-Ride","stop_id":"12718"},"type":"Feature"},{"geometry":{"coordinates":[-78.64647,35.77847],"type":"Point"},"properties":{"kind":"stop","name":"Union Station - Bus Platform A","stop_id":"12720"},"type":"Feature"},{"geometry":{"coordinates":[-78.64505,35.77762],"type":"Point"},"properties":{"kind":"stop","name":"Harrington St at Martin St","stop_id":"12723"},"type":"Feature"},{"geometry":{"coordinates":[-78.64681,35.77849],"type":"Point"},"properties":{"kind":"stop","name":"Union Station - Bus Platform B","stop_id":"12724"},"type":"Feature"},{"geometry":{"coordinates":[-78.82277,35.86193],"type":"Point"},"properties":{"kind":"stop","name":"Slater Rd at Copley Pkwy (SB)","stop_id":"12725"},"type":"Feature"},{"geometry":{"coordinates":[-78.82212,35.86132],"type":"Point"},"properties":{"kind":"stop","name":"Slater Rd at Copley Pkwy (NB)","stop_id":"12726"},"type":"Feature"},{"geometry":{"coordinates":[-78.8201,35.85878],"type":"Point"},"properties":{"kind":"stop","name":"Airport Blvd at Slater Rd (EB)","stop_id":"12727"},"type":"Feature"},{"geometry":{"coordinates":[-78.82128,35.85851],"type":"Point"},"properties":{"kind":"stop","name":"Airport Blvd at Slater Rd (WB)","stop_id":"12728"},"type":"Feature"},{"geometry":{"coordinates":[-79.08872,35.90513],"type":"Point"},"properties":{"kind":"stop","name":"Jones Ferry Rd at Willow Creek SC (WB)","stop_id":"12729"},"type":"Feature"},{"geometry":{"coordinates":[-79.0888,35.90488],"type":"Point"},"properties":{"kind":"stop","name":"Jones Ferry Rd at Willow Creek SC (EB)","stop_id":"12730"},"type":"Feature"},{"geometry":{"coordinates":[-78.64308,35.77713],"type":"Point"},"properties":{"kind":"stop","name":"Martin St at Dawson St","stop_id":"12731"},"type":"Feature"},{"geometry":{"coordinates":[-78.72177,35.78417],"type":"Point"},"properties":{"kind":"stop","name":"Jones Franklin Rd at Buck Jones Rd","stop_id":"12732"},"type":"Feature"},{"geometry":{"coordinates":[-78.90764,35.99634],"type":"Point"},"properties":{"kind":"stop","name":"Willard St at Durham Station","stop_id":"12733"},"type":"Feature"},{"geometry":{"coordinates":[-78.51781,35.96481],"type":"Point"},"properties":{"kind":"stop","name":"S Main St at NC 98 (NB)","stop_id":"12740"},"type":"Feature"},{"geometry":{"coordinates":[-78.51797,35.96539],"type":"Point"},"properties":{"kind":"stop","name":"S Main St at NC 98 (SB)","stop_id":"12741"},"type":"Feature"},{"geometry":{"coordinates":[-78.51127,35.97108],"type":"Point"},"properties":{"kind":"stop","name":"Holding Ave at Brooks St (WB)","stop_id":"12742"},"type":"Feature"},{"geometry":{"coordinates":[-78.51018,35.97533],"type":"Point"},"properties":{"kind":"stop","name":"Elm Ave at White St (EB)","stop_id":"12743"},"type":"Feature"},{"geometry":{"coordinates":[-78.53515,35.94765],"type":"Point"},"properties":{"kind":"stop","name":"S Main St at Wake Dr","stop_id":"12744"},"type":"Feature"},{"geometry":{"coordinates":[-78.53539,35.94777],"type":"Point"},"properties":{"kind":"stop","name":"S Main St at Aldi Food Market","stop_id":"12745"},"type":"Feature"},{"geometry":{"coordinates":[-78.53161,35.94937],"type":"Point"},"properties":{"kind":"stop","name":"S Main St at Ligon Mill Rd","stop_id":"12746"},"type":"Feature"},{"geometry":{"coordinates":[-78.53085,35.94998],"type":"Point"},"properties":{"kind":"stop","name":"S Main St at Ligon Mill Rd/ Walmart","stop_id":"12747"},"type":"Feature"},{"geometry":{"coordinates":[-78.52774,35.95235],"type":"Point"},"properties":{"kind":"stop","name":"S Main St at Rodgers Rd (Factory)","stop_id":"12748"},"type":"Feature"},{"geometry":{"coordinates":[-78.52746,35.95315],"type":"Point"},"properties":{"kind":"stop","name":"S Main St at Rodgers Rd (Wake Forest MS)","stop_id":"12749"},"type":"Feature"},{"geometry":{"coordinates":[-78.43337,35.77596],"type":"Point"},"properties":{"kind":"stop","name":"Wendell Falls Pkwy at Taylor Rd (Publix)","stop_id":"12750"},"type":"Feature"},{"geometry":{"coordinates":[-78.43306,35.77614],"type":"Point"},"properties":{"kind":"stop","name":"Wendell Falls Pkwy at Taylor Rd (WB)","stop_id":"12751"},"type":"Feature"},{"geometry":{"coordinates":[-78.41932,35.7692],"type":"Point"},"properties":{"kind":"stop","name":"Wendell Falls Pkwy at Martin Pond Rd (EB)","stop_id":"12752"},"type":"Feature"},{"geometry":{"coordinates":[-78.41937,35.76947],"type":"Point"},"properties":{"kind":"stop","name":"Wendell Falls Pkwy at Martin Pond Rd (WB)","stop_id":"12753"},"type":"Feature"},{"geometry":{"coordinates":[-78.33022,35.81627],"type":"Point"},"properties":{"kind":"stop","name":"Pony Rd at Duggins Oak Dr (EB)","stop_id":"12754"},"type":"Feature"},{"geometry":{"coordinates":[-78.33003,35.81677],"type":"Point"},"properties":{"kind":"stop","name":"Pony Rd at Duggins Oak Dr (WB)","stop_id":"12755"},"type":"Feature"},{"geometry":{"coordinates":[-78.31503,35.82504],"type":"Point"},"properties":{"kind":"stop","name":"Arendell Av at Gannon Av (NB)","stop_id":"12756"},"type":"Feature"},{"geometry":{"coordinates":[-78.31558,35.82396],"type":"Point"},"properties":{"kind":"stop","name":"Gannon Av at Arendell Ave (WB)","stop_id":"12757"},"type":"Feature"},{"geometry":{"coordinates":[-78.31922,35.83142],"type":"Point"},"properties":{"kind":"stop","name":"Arendell Av at Judd St (NB)","stop_id":"12758"},"type":"Feature"},{"geometry":{"coordinates":[-78.29682,35.82896],"type":"Point"},"properties":{"kind":"stop","name":"Gannon Av at Zebulon Commons (WB)","stop_id":"12759"},"type":"Feature"},{"geometry":{"coordinates":[-78.64148,35.77831],"type":"Point"},"properties":{"kind":"stop","name":"Hargett St at McDowell St","stop_id":"12760"},"type":"Feature"},{"geometry":{"coordinates":[-78.63624,35.7878],"type":"Point"},"properties":{"kind":"stop","name":"Peace St at Blount St","stop_id":"12761"},"type":"Feature"},{"geometry":{"coordinates":[-78.63612,35.78816],"type":"Point"},"properties":{"kind":"stop","name":"N Blount St at E Peace St","stop_id":"12762"},"type":"Feature"},{"geometry":{"coordinates":[-78.6436,35.77972],"type":"Point"},"properties":{"kind":"stop","name":"Morgan St at Dawson St","stop_id":"12763"},"type":"Feature"},{"geometry":{"coordinates":[-78.84625,35.86589],"type":"Point"},"properties":{"kind":"stop","name":"Shiloh Glenn Dr at Walmart (WB)","stop_id":"12764"},"type":"Feature"},{"geometry":{"coordinates":[-78.84618,35.86575],"type":"Point"},"properties":{"kind":"stop","name":"Shiloh Glenn Dr at Walmart (EB)","stop_id":"12765"},"type":"Feature"},{"geometry":{"coordinates":[-78.83995,35.86609],"type":"Point"},"properties":{"kind":"stop","name":"Shiloh Glenn Dr at Lower Shiloh Way (WB)","stop_id":"12766"},"type":"Feature"},{"geometry":{"coordinates":[-78.83969,35.86614],"type":"Point"},"properties":{"kind":"stop","name":"Shiloh Glenn Dr at Lower Shiloh Way (EB)","stop_id":"12767"},"type":"Feature"},{"geometry":{"coordinates":[-78.9016,35.99404],"type":"Point"},"properties":{"kind":"stop","name":"Pettigrew St at Mangum St (EB)","stop_id":"12768"},"type":"Feature"},{"geometry":{"coordinates":[-78.89298,35.97662],"type":"Point"},"properties":{"kind":"stop","name":"Alston St at Dupree St (SB)","stop_id":"12769"},"type":"Feature"},{"geometry":{"coordinates":[-78.89288,35.97634],"type":"Point"},"properties":{"kind":"stop","name":"Alston ave at Dupree St (NB)","stop_id":"12770"},"type":"Feature"},{"geometry":{"coordinates":[-78.88744,35.97376],"type":"Point"},"properties":{"kind":"stop","name":"Lawson St at Ridgeway Ave (EB)","stop_id":"12771"},"type":"Feature"},{"geometry":{"coordinates":[-78.88748,35.97395],"type":"Point"},"properties":{"kind":"stop","name":"Lawson St at Ridgeway Ave (WB)","stop_id":"12772"},"type":"Feature"},{"geometry":{"coordinates":[-78.88518,35.97411],"type":"Point"},"properties":{"kind":"stop","name":"Lawson St at Bacon St (EB)","stop_id":"12773"},"type":"Feature"},{"geometry":{"coordinates":[-78.88461,35.97435],"type":"Point"},"properties":{"kind":"stop","name":"Lawson St at Bacon St (WB)","stop_id":"12774"},"type":"Feature"},{"geometry":{"coordinates":[-78.88061,35.97427],"type":"Point"},"properties":{"kind":"stop","name":"Lawson St at DTCC Public Safety (EB)","stop_id":"12775"},"type":"Feature"},{"geometry":{"coordinates":[-78.88062,35.97443],"type":"Point"},"properties":{"kind":"stop","name":"Lawson St at Durham Tech (WB)","stop_id":"12776"},"type":"Feature"},{"geometry":{"coordinates":[-78.85339,35.93905],"type":"Point"},"properties":{"kind":"stop","name":"Ellis Rd at Feeney St (EB)","stop_id":"12777"},"type":"Feature"},{"geometry":{"coordinates":[-78.85449,35.93961],"type":"Point"},"properties":{"kind":"stop","name":"Ellis Rd at Feeney St (WB)","stop_id":"12778"},"type":"Feature"},{"geometry":{"coordinates":[-78.8518,35.93827],"type":"Point"},"properties":{"kind":"stop","name":"Ellis Rd at Advancement Av (EB)","stop_id":"12779"},"type":"Feature"},{"geometry":{"coordinates":[-78.85154,35.93838],"type":"Point"},"properties":{"kind":"stop","name":"Ellis Rd at Advancement Av (WB)","stop_id":"12780"},"type":"Feature"},{"geometry":{"coordinates":[-78.84591,35.93943],"type":"Point"},"properties":{"kind":"stop","name":"Ellis Rd at New Haven Ln (EB)","stop_id":"12781"},"type":"Feature"},{"geometry":{"coordinates":[-78.84666,35.93929],"type":"Point"},"properties":{"kind":"stop","name":"Ellis Rd at Brookville Ln (WB)","stop_id":"12782"},"type":"Feature"},{"geometry":{"coordinates":[-78.83885,35.94202],"type":"Point"},"properties":{"kind":"stop","name":"Miami Blvd at Ellis Rd (SB)","stop_id":"12783"},"type":"Feature"},{"geometry":{"coordinates":[-78.83895,35.94129],"type":"Point"},"properties":{"kind":"stop","name":"Miami Blvd at Ellis Rd (Bethesda ES)","stop_id":"12784"},"type":"Feature"},{"geometry":{"coordinates":[-78.84247,35.93636],"type":"Point"},"properties":{"kind":"stop","name":"Miami Blvd at New Haven Dr","stop_id":"12785"},"type":"Feature"},{"geometry":{"coordinates":[-78.84215,35.93641],"type":"Point"},"properties":{"kind":"stop","name":"Miami Blvd at Methodist St","stop_id":"12786"},"type":"Feature"},{"geometry":{"coordinates":[-78.84341,35.93129],"type":"Point"},"properties":{"kind":"stop","name":"Miami Blvd at Lumley Rd (SB)","stop_id":"12787"},"type":"Feature"},{"geometry":{"coordinates":[-78.84307,35.93144],"type":"Point"},"properties":{"kind":"stop","name":"Miami Blvd at Lumley Rd (NB)","stop_id":"12788"},"type":"Feature"},{"geometry":{"coordinates":[-78.84717,35.92346],"type":"Point"},"properties":{"kind":"stop","name":"Miami Blvd at TW Alexander Dr (SB)","stop_id":"12789"},"type":"Feature"},{"geometry":{"coordinates":[-78.84608,35.92487],"type":"Point"},"properties":{"kind":"stop","name":"Miami Blvd at TW Alexander Dr (NB)","stop_id":"12790"},"type":"Feature"},{"geometry":{"coordinates":[-78.84898,35.92013],"type":"Point"},"properties":{"kind":"stop","name":"Miami Blvd at Stirrup Creek Dr (PBM Graphics)","stop_id":"12791"},"type":"Feature"},{"geometry":{"coordinates":[-78.84849,35.92043],"type":"Point"},"properties":{"kind":"stop","name":"Miami Blvd at Stirrup Creek Dr (NB)","stop_id":"12792"},"type":"Feature"},{"geometry":{"coordinates":[-78.85101,35.9115],"type":"Point"},"properties":{"kind":"stop","name":"Miami Blvd at Patriot Dr (SB)","stop_id":"12793"},"type":"Feature"},{"geometry":{"coordinates":[-78.85072,35.91144],"type":"Point"},"properties":{"kind":"stop","name":"Miami Blvd at Patriot Dr (NB)","stop_id":"12794"},"type":"Feature"},{"geometry":{"coordinates":[-78.8515,35.90198],"type":"Point"},"properties":{"kind":"stop","name":"Miami Blvd at Cornwallis Rd (SB)","stop_id":"12795"},"type":"Feature"},{"geometry":{"coordinates":[-78.8511,35.90184],"type":"Point"},"properties":{"kind":"stop","name":"Miami Blvd at Cornwallis Rd (NB)","stop_id":"12796"},"type":"Feature"},{"geometry":{"coordinates":[-78.87867,35.905],"type":"Point"},"properties":{"kind":"stop","name":"TW Alexander Dr at Reserach Commons (SB)","stop_id":"12797"},"type":"Feature"},{"geometry":{"coordinates":[-78.87834,35.90554],"type":"Point"},"properties":{"kind":"stop","name":"TW Alexander Dr at Reserach Commons (NB)","stop_id":"12798"},"type":"Feature"},{"geometry":{"coordinates":[-78.87565,35.92013],"type":"Point"},"properties":{"kind":"stop","name":"T.W. Alexander Dr at Cornwallis Rd (SB)","stop_id":"12799"},"type":"Feature"},{"geometry":{"coordinates":[-78.87518,35.92007],"type":"Point"},"properties":{"kind":"stop","name":"TW Alexander Dr at Cornwallis Rd (NB)","stop_id":"12800"},"type":"Feature"},{"geometry":{"coordinates":[-78.86347,35.92488],"type":"Point"},"properties":{"kind":"stop","name":"TW Alexander Dr at Moore Dr (WB)","stop_id":"12801"},"type":"Feature"},{"geometry":{"coordinates":[-78.86413,35.92465],"type":"Point"},"properties":{"kind":"stop","name":"TW Alexander Dr at Moore Dr (EB)","stop_id":"12802"},"type":"Feature"},{"geometry":{"coordinates":[-78.87915,35.89859],"type":"Point"},"properties":{"kind":"stop","name":"NC 54 at TW Alexander Dr (EB)","stop_id":"12803"},"type":"Feature"},{"geometry":{"coordinates":[-78.87947,35.89887],"type":"Point"},"properties":{"kind":"stop","name":"NC 54 at TW Alexander Dr (WB)","stop_id":"12804"},"type":"Feature"},{"geometry":{"coordinates":[-78.90521,35.99584],"type":"Point"},"properties":{"kind":"stop","name":"Durham Station (Parking Deck)","stop_id":"12805"},"type":"Feature"},{"geometry":{"coordinates":[-78.90474,35.99579],"type":"Point"},"properties":{"kind":"stop","name":"Pettigrew St at Parking Deck","stop_id":"12807"},"type":"Feature"},{"geometry":{"coordinates":[-78.66801,35.779],"type":"Point"},"properties":{"kind":"stop","name":"Western Blvd at Pullen Rd (EB)","stop_id":"12808"},"type":"Feature"},{"geometry":{"coordinates":[-78.57675,35.86373],"type":"Point"},"properties":{"kind":"stop","name":"Triangle Town Center P&R","stop_id":"1381"},"type":"Feature"},{"geometry":{"coordinates":[-79.05433,35.90212],"type":"Point"},"properties":{"kind":"stop","name":"Mason Farm Rd at Ambulatory Care Center (EB)","stop_id":"1416"},"type":"Feature"},{"geometry":{"coordinates":[-79.05489,35.90691],"type":"Point"},"properties":{"kind":"stop","name":"Pittsboro St at Credit Union (SB)","stop_id":"1418"},"type":"Feature"},{"geometry":{"coordinates":[-79.05482,35.9089],"type":"Point"},"properties":{"kind":"stop","name":"Pittsboro St at McCauley St (SB)","stop_id":"1419"},"type":"Feature"},{"geometry":{"coordinates":[-79.05604,35.9134],"type":"Point"},"properties":{"kind":"stop","name":"N Columbia St at W Franklin St (SB)","stop_id":"1421"},"type":"Feature"},{"geometry":{"coordinates":[-79.05503,35.91165],"type":"Point"},"properties":{"kind":"stop","name":"S Columbia St at Fraternity Ct (SB)","stop_id":"1422"},"type":"Feature"},{"geometry":{"coordinates":[-79.05489,35.91365],"type":"Point"},"properties":{"kind":"stop","name":"E Franklin St at Varsity Theatre (WB)","stop_id":"1423"},"type":"Feature"},{"geometry":{"coordinates":[-79.05457,35.91143],"type":"Point"},"properties":{"kind":"stop","name":"S Columbia St at Abernethy Hall (NB)","stop_id":"1424"},"type":"Feature"},{"geometry":{"coordinates":[-79.05371,35.91006],"type":"Point"},"properties":{"kind":"stop","name":"S Columbia St at Sitterson Hall (NB)","stop_id":"1425"},"type":"Feature"},{"geometry":{"coordinates":[-79.05414,35.91368],"type":"Point"},"properties":{"kind":"stop","name":"E Franklin St at Coffee Shop (EB)","stop_id":"1426"},"type":"Feature"},{"geometry":{"coordinates":[-79.05146,35.90139],"type":"Point"},"properties":{"kind":"stop","name":"East Dr at Mason Farm Rd (EB)","stop_id":"1427"},"type":"Feature"},{"geometry":{"coordinates":[-79.05183,35.90354],"type":"Point"},"properties":{"kind":"stop","name":"Manning Dr at UNC Hospitals (WB)","stop_id":"1428"},"type":"Feature"},{"geometry":{"coordinates":[-79.0515,35.90861],"type":"Point"},"properties":{"kind":"stop","name":"South Rd at Coker Hall (EB)","stop_id":"1430"},"type":"Feature"},{"geometry":{"coordinates":[-79.05111,35.90873],"type":"Point"},"properties":{"kind":"stop","name":"South Rd at Kenan Labs (WB)","stop_id":"1431"},"type":"Feature"},{"geometry":{"coordinates":[-79.04784,35.90977],"type":"Point"},"properties":{"kind":"stop","name":"South Rd at Student Stores (WB)","stop_id":"1432"},"type":"Feature"},{"geometry":{"coordinates":[-79.04756,35.9096],"type":"Point"},"properties":{"kind":"stop","name":"South Rd at Fetzer Gym (EB)","stop_id":"1433"},"type":"Feature"},{"geometry":{"coordinates":[-79.04289,35.91074],"type":"Point"},"properties":{"kind":"stop","name":"South Rd at Country Club Rd (WB)","stop_id":"1434"},"type":"Feature"},{"geometry":{"coordinates":[-79.04262,35.91058],"type":"Point"},"properties":{"kind":"stop","name":"South Rd at Country Club Rd (EB)","stop_id":"1435"},"type":"Feature"},{"geometry":{"coordinates":[-79.03036,35.90933],"type":"Point"},"properties":{"kind":"stop","name":"Raleigh Rd at UNC Administration (EB)","stop_id":"1438"},"type":"Feature"},{"geometry":{"coordinates":[-79.03023,35.90958],"type":"Point"},"properties":{"kind":"stop","name":"Raleigh Rd at UNC Administration (WB)","stop_id":"1439"},"type":"Feature"},{"geometry":{"coordinates":[-79.02481,35.90841],"type":"Point"},"properties":{"kind":"stop","name":"Raleigh Rd at Glen Lennox Shopping Center (WB)","stop_id":"1440"},"type":"Feature"},{"geometry":{"coordinates":[-79.02316,35.90774],"type":"Point"},"properties":{"kind":"stop","name":"Raleigh Rd at Hamilton Rd (EB)","stop_id":"1441"},"type":"Feature"},{"geometry":{"coordinates":[-79.01978,35.90653],"type":"Point"},"properties":{"kind":"stop","name":"Raleigh Rd at Finley Golf Course Rd (EB)","stop_id":"1442"},"type":"Feature"},{"geometry":{"coordinates":[-79.01914,35.90663],"type":"Point"},"properties":{"kind":"stop","name":"Raleigh Rd at Burning Tree Dr (WB)","stop_id":"1443"},"type":"Feature"},{"geometry":{"coordinates":[-79.01025,35.90241],"type":"Point"},"properties":{"kind":"stop","name":"NC 54 at Friday Center Dr","stop_id":"1444"},"type":"Feature"},{"geometry":{"coordinates":[-79.00971,35.90266],"type":"Point"},"properties":{"kind":"stop","name":"NC 54 at Meadowmont Ln (WB)","stop_id":"1445"},"type":"Feature"},{"geometry":{"coordinates":[-78.98548,35.9112],"type":"Point"},"properties":{"kind":"stop","name":"NC 54 at Falconbridge Rd (WB)","stop_id":"1446"},"type":"Feature"},{"geometry":{"coordinates":[-78.98632,35.91041],"type":"Point"},"properties":{"kind":"stop","name":"NC 54 at Falconbridge Rd (EB)","stop_id":"1447"},"type":"Feature"},{"geometry":{"coordinates":[-78.95896,35.90116],"type":"Point"},"properties":{"kind":"stop","name":"Renaissance Pkwy at Leonardo Dr (WB)","stop_id":"1449"},"type":"Feature"},{"geometry":{"coordinates":[-78.93203,35.91013],"type":"Point"},"properties":{"kind":"stop","name":"NC 54 at Fayetteville Rd (WB)","stop_id":"1454"},"type":"Feature"},{"geometry":{"coordinates":[-78.92274,35.90716],"type":"Point"},"properties":{"kind":"stop","name":"NC 54 at Amhurst St (EB)","stop_id":"1461"},"type":"Feature"},{"geometry":{"coordinates":[-78.9099,35.90321],"type":"Point"},"properties":{"kind":"stop","name":"NC 54 at Revere Rd (EB)","stop_id":"1463"},"type":"Feature"},{"geometry":{"coordinates":[-78.90653,35.90263],"type":"Point"},"properties":{"kind":"stop","name":"NC 54 at Blanchard Rd (EB)","stop_id":"1465"},"type":"Feature"},{"geometry":{"coordinates":[-78.90662,35.9028],"type":"Point"},"properties":{"kind":"stop","name":"NC 54 at Blanchard Rd (WB)","stop_id":"1466"},"type":"Feature"},{"geometry":{"coordinates":[-79.07058,35.97083],"type":"Point"},"properties":{"kind":"stop","name":"Eubanks Rd Park-and-Ride","stop_id":"1467"},"type":"Feature"},{"geometry":{"coordinates":[-79.05595,35.91378],"type":"Point"},"properties":{"kind":"stop","name":"N Columbia St at Rosemary St (NB)","stop_id":"1469"},"type":"Feature"},{"geometry":{"coordinates":[-79.05102,35.91487],"type":"Point"},"properties":{"kind":"stop","name":"E Franklin St at Planetarium (EB)","stop_id":"1470"},"type":"Feature"},{"geometry":{"coordinates":[-79.05065,35.91521],"type":"Point"},"properties":{"kind":"stop","name":"E Franklin St at Pickard Ln (WB)","stop_id":"1471"},"type":"Feature"},{"geometry":{"coordinates":[-79.04658,35.91678],"type":"Point"},"properties":{"kind":"stop","name":"E Franklin St at N Boundary St (WB)","stop_id":"1472"},"type":"Feature"},{"geometry":{"coordinates":[-79.04022,35.91822],"type":"Point"},"properties":{"kind":"stop","name":"E Franklin St at Carolina Ave (WB)","stop_id":"1473"},"type":"Feature"},{"geometry":{"coordinates":[-79.03968,35.91838],"type":"Point"},"properties":{"kind":"stop","name":"E Franklin St at Davie Cir (EB)","stop_id":"1474"},"type":"Feature"},{"geometry":{"coordinates":[-79.03843,35.92425],"type":"Point"},"properties":{"kind":"stop","name":"E Franklin St at Elizabeth St (WB)","stop_id":"1475"},"type":"Feature"},{"geometry":{"coordinates":[-79.03796,35.92447],"type":"Point"},"properties":{"kind":"stop","name":"E Franklin St at Elizabeth St (EB)","stop_id":"1476"},"type":"Feature"},{"geometry":{"coordinates":[-79.09186,36.04071],"type":"Point"},"properties":{"kind":"stop","name":"Durham Tech OCC Park-and-Ride (NB)","stop_id":"1483"},"type":"Feature"},{"geometry":{"coordinates":[-79.09928,36.07389],"type":"Point"},"properties":{"kind":"stop","name":"Churton St at Nash & Kollack St (NB)","stop_id":"1487"},"type":"Feature"},{"geometry":{"coordinates":[-79.09952,36.07636],"type":"Point"},"properties":{"kind":"stop","name":"Churton St at King St (SB)","stop_id":"1488"},"type":"Feature"},{"geometry":{"coordinates":[-79.03612,35.92673],"type":"Point"},"properties":{"kind":"stop","name":"E Franklin St at Vet Hospital (WB)","stop_id":"1493"},"type":"Feature"},{"geometry":{"coordinates":[-79.03568,35.92675],"type":"Point"},"properties":{"kind":"stop","name":"E Franklin St at Plant Rd (EB)","stop_id":"1494"},"type":"Feature"},{"geometry":{"coordinates":[-79.03471,35.92871],"type":"Point"},"properties":{"kind":"stop","name":"E Franklin St at Estes Dr (WB)","stop_id":"1495"},"type":"Feature"},{"geometry":{"coordinates":[-79.03384,35.92995],"type":"Point"},"properties":{"kind":"stop","name":"E Franklin St at Estes Dr (EB)","stop_id":"1496"},"type":"Feature"},{"geometry":{"coordinates":[-79.03224,35.93236],"type":"Point"},"properties":{"kind":"stop","name":"E Franklin St at Couch Rd (WB)","stop_id":"1497"},"type":"Feature"},{"geometry":{"coordinates":[-79.03177,35.93237],"type":"Point"},"properties":{"kind":"stop","name":"E Franklin St at Couch Rd (EB)","stop_id":"1498"},"type":"Feature"},{"geometry":{"coordinates":[-79.02988,35.93475],"type":"Point"},"properties":{"kind":"stop","name":"E Franklin St at Elliott Rd (WB)","stop_id":"1499"},"type":"Feature"},{"geometry":{"coordinates":[-79.02856,35.93535],"type":"Point"},"properties":{"kind":"stop","name":"E Franklin St at Elliott Rd (EB)","stop_id":"1500"},"type":"Feature"},{"geometry":{"coordinates":[-79.02639,35.93687],"type":"Point"},"properties":{"kind":"stop","name":"E Franklin St at Eastgate Crossing (WB)","stop_id":"1501"},"type":"Feature"},{"geometry":{"coordinates":[-79.02606,35.93675],"type":"Point"},"properties":{"kind":"stop","name":"E Franklin St at Eastgate Crossing (EB)","stop_id":"1502"},"type":"Feature"},{"geometry":{"coordinates":[-78.97859,35.91468],"type":"Point"},"properties":{"kind":"stop","name":"NC 54 at Quadrangle Dr (EB)","stop_id":"1503"},"type":"Feature"},{"geometry":{"coordinates":[-78.97842,35.91501],"type":"Point"},"properties":{"kind":"stop","name":"NC 54 at Leigh Farm Rd (WB)","stop_id":"1504"},"type":"Feature"},{"geometry":{"coordinates":[-78.96468,35.91808],"type":"Point"},"properties":{"kind":"stop","name":"NC 54 at Copper Ridge Dr (EB)","stop_id":"1512"},"type":"Feature"},{"geometry":{"coordinates":[-78.96482,35.91823],"type":"Point"},"properties":{"kind":"stop","name":"NC 54 at Dresden Dr (WB)","stop_id":"1513"},"type":"Feature"},{"geometry":{"coordinates":[-78.9586,35.92124],"type":"Point"},"properties":{"kind":"stop","name":"Hope Valley Rd at Garrett Rd (SB)","stop_id":"1514"},"type":"Feature"},{"geometry":{"coordinates":[-78.94523,35.92339],"type":"Point"},"properties":{"kind":"stop","name":"Woodcroft Pkwy at Old Fox Trail (EB)","stop_id":"1520"},"type":"Feature"},{"geometry":{"coordinates":[-78.94048,35.92327],"type":"Point"},"properties":{"kind":"stop","name":"Woodcroft Pkwy at Weathersfield Dr (WB)","stop_id":"1522"},"type":"Feature"},{"geometry":{"coordinates":[-78.94045,35.92309],"type":"Point"},"properties":{"kind":"stop","name":"Woodcroft Pkwy at Weathersfield Dr (EB)","stop_id":"1523"},"type":"Feature"},{"geometry":{"coordinates":[-78.93641,35.92222],"type":"Point"},"properties":{"kind":"stop","name":"Woodcroft Pkwy at Highgate Dr (EB)","stop_id":"1540"},"type":"Feature"},{"geometry":{"coordinates":[-78.93574,35.92215],"type":"Point"},"properties":{"kind":"stop","name":"Woodcroft Pkwy at Highgate Dr (WB)","stop_id":"1541"},"type":"Feature"},{"geometry":{"coordinates":[-78.92802,35.92369],"type":"Point"},"properties":{"kind":"stop","name":"Woodcroft Pkwy at Fayetteville Rd (EB)","stop_id":"1544"},"type":"Feature"},{"geometry":{"coordinates":[-78.92793,35.92398],"type":"Point"},"properties":{"kind":"stop","name":"Woodcroft Pkwy at Fayetteville Rd (WB)","stop_id":"1545"},"type":"Feature"},{"geometry":{"coordinates":[-78.95295,35.999],"type":"Point"},"properties":{"kind":"stop","name":"Erwin Rd at Cameron Blvd (SB)","stop_id":"1548"},"type":"Feature"},{"geometry":{"coordinates":[-78.95268,35.99914],"type":"Point"},"properties":{"kind":"stop","name":"Erwin Rd at Center for Living Dr (NB)","stop_id":"1549"},"type":"Feature"},{"geometry":{"coordinates":[-78.95056,36.00377],"type":"Point"},"properties":{"kind":"stop","name":"Erwin Rd at Towerview Rd (NB)","stop_id":"1550"},"type":"Feature"},{"geometry":{"coordinates":[-78.9378,36.00829],"type":"Point"},"properties":{"kind":"stop","name":"Erwin Rd at Fulton St (WB)","stop_id":"1558"},"type":"Feature"},{"geometry":{"coordinates":[-78.93358,36.00861],"type":"Point"},"properties":{"kind":"stop","name":"Trent Dr at Erwin Rd (NB)","stop_id":"1560"},"type":"Feature"},{"geometry":{"coordinates":[-78.9338,36.00859],"type":"Point"},"properties":{"kind":"stop","name":"Trent Dr at Erwin Rd (SB)","stop_id":"1561"},"type":"Feature"},{"geometry":{"coordinates":[-78.85134,35.72657],"type":"Point"},"properties":{"kind":"stop","name":"Hughes St at Williams St (SB)","stop_id":"1582"},"type":"Feature"},{"geometry":{"coordinates":[-78.85122,35.72643],"type":"Point"},"properties":{"kind":"stop","name":"Hughes St at Williams St (NB)","stop_id":"1583"},"type":"Feature"},{"geometry":{"coordinates":[-78.84554,35.73307],"type":"Point"},"properties":{"kind":"stop","name":"Mason St at Apex Town Hall (SB)","stop_id":"1584"},"type":"Feature"},{"geometry":{"coordinates":[-78.84548,35.73282],"type":"Point"},"properties":{"kind":"stop","name":"Mason St at Old Mill Village Dr (NB) Apex Town Hal","stop_id":"1585"},"type":"Feature"},{"geometry":{"coordinates":[-78.82362,35.74506],"type":"Point"},"properties":{"kind":"stop","name":"Lake Pine Plaza Park-and-Ride","stop_id":"1594"},"type":"Feature"},{"geometry":{"coordinates":[-78.8203,35.74545],"type":"Point"},"properties":{"kind":"stop","name":"Lake Pine Dr at Pine Plaza Dr (EB)","stop_id":"1598"},"type":"Feature"},{"geometry":{"coordinates":[-78.85023,35.72036],"type":"Point"},"properties":{"kind":"stop","name":"Hughes St at Estate Dr (NB)","stop_id":"1599"},"type":"Feature"},{"geometry":{"coordinates":[-78.8502,35.71968],"type":"Point"},"properties":{"kind":"stop","name":"Hughes St at Estate Dr (SB)","stop_id":"1600"},"type":"Feature"},{"geometry":{"coordinates":[-78.84796,35.72924],"type":"Point"},"properties":{"kind":"stop","name":"Chatham St at Mason St (EB)","stop_id":"1601"},"type":"Feature"},{"geometry":{"coordinates":[-78.8474,35.72933],"type":"Point"},"properties":{"kind":"stop","name":"Mason St at Chatham St (SB)","stop_id":"1602"},"type":"Feature"},{"geometry":{"coordinates":[-78.84251,35.73734],"type":"Point"},"properties":{"kind":"stop","name":"Laura Duncan Rd at Apex Peakway (SB)","stop_id":"1603"},"type":"Feature"},{"geometry":{"coordinates":[-78.84305,35.73558],"type":"Point"},"properties":{"kind":"stop","name":"Laura Duncan Rd at Apex Peakway (NB)","stop_id":"1604"},"type":"Feature"},{"geometry":{"coordinates":[-78.83574,35.74678],"type":"Point"},"properties":{"kind":"stop","name":"Laura Duncan Rd at US 64 (NB)","stop_id":"1605"},"type":"Feature"},{"geometry":{"coordinates":[-78.83656,35.74446],"type":"Point"},"properties":{"kind":"stop","name":"Laura Duncan Rd at Knollwood Dr (SB)","stop_id":"1606"},"type":"Feature"},{"geometry":{"coordinates":[-78.78086,35.73934],"type":"Point"},"properties":{"kind":"stop","name":"Tryon Rd at WakeMed Cary Hospital (WB)","stop_id":"1609"},"type":"Feature"},{"geometry":{"coordinates":[-78.78239,35.73825],"type":"Point"},"properties":{"kind":"stop","name":"Tryon Rd at Kildaire Farm Rd (EB)","stop_id":"1610"},"type":"Feature"},{"geometry":{"coordinates":[-78.8983,35.90258],"type":"Point"},"properties":{"kind":"stop","name":"NC 54 at Residence Inn Blvd (EB)","stop_id":"1642"},"type":"Feature"},{"geometry":{"coordinates":[-78.8948,35.90244],"type":"Point"},"properties":{"kind":"stop","name":"NC 54 at NC 55 (WB)","stop_id":"1645"},"type":"Feature"},{"geometry":{"coordinates":[-78.88986,35.90079],"type":"Point"},"properties":{"kind":"stop","name":"NC 54 at S Alston Ave (WB)","stop_id":"1648"},"type":"Feature"},{"geometry":{"coordinates":[-78.87315,35.89605],"type":"Point"},"properties":{"kind":"stop","name":"NC 54 at Research Triangle High School (EB)","stop_id":"1658"},"type":"Feature"},{"geometry":{"coordinates":[-78.88471,35.9001],"type":"Point"},"properties":{"kind":"stop","name":"NC 54 at Triangle Dr (EB)","stop_id":"1660"},"type":"Feature"},{"geometry":{"coordinates":[-78.88478,35.90033],"type":"Point"},"properties":{"kind":"stop","name":"NC 54 at Triangle Dr (WB)","stop_id":"1661"},"type":"Feature"},{"geometry":{"coordinates":[-78.84661,35.87967],"type":"Point"},"properties":{"kind":"stop","name":"Slater Rd at Page Rd (EB)","stop_id":"1679"},"type":"Feature"},{"geometry":{"coordinates":[-78.84656,35.87988],"type":"Point"},"properties":{"kind":"stop","name":"Slater Rd at Page Rd (WB)","stop_id":"1680"},"type":"Feature"},{"geometry":{"coordinates":[-78.84399,35.87815],"type":"Point"},"properties":{"kind":"stop","name":"Slater Rd at Emperor Blvd (WB)","stop_id":"1683"},"type":"Feature"},{"geometry":{"coordinates":[-78.84329,35.87798],"type":"Point"},"properties":{"kind":"stop","name":"Slater Rd at Emperor Blvd (EB)","stop_id":"1684"},"type":"Feature"},{"geometry":{"coordinates":[-78.87331,35.89636],"type":"Point"},"properties":{"kind":"stop","name":"NC 54 at Park Office Dr (WB)","stop_id":"1685"},"type":"Feature"},{"geometry":{"coordinates":[-78.86472,35.89198],"type":"Point"},"properties":{"kind":"stop","name":"NC 54 at Rodbell St (EB)","stop_id":"1686"},"type":"Feature"},{"geometry":{"coordinates":[-78.8654,35.89262],"type":"Point"},"properties":{"kind":"stop","name":"NC 54 at Rodbell St (WB)","stop_id":"1687"},"type":"Feature"},{"geometry":{"coordinates":[-78.85643,35.8874],"type":"Point"},"properties":{"kind":"stop","name":"NC 54 at New Millennium Way (EB)","stop_id":"1688"},"type":"Feature"},{"geometry":{"coordinates":[-78.85556,35.88709],"type":"Point"},"properties":{"kind":"stop","name":"NC 54 at New Millennium Way (WB)","stop_id":"1698"},"type":"Feature"},{"geometry":{"coordinates":[-78.84923,35.88166],"type":"Point"},"properties":{"kind":"stop","name":"Slater Rd at Miami Blvd (EB)","stop_id":"1699"},"type":"Feature"},{"geometry":{"coordinates":[-78.84857,35.88147],"type":"Point"},"properties":{"kind":"stop","name":"Slater Rd at Creekstone Dr (WB)","stop_id":"1700"},"type":"Feature"},{"geometry":{"coordinates":[-78.84832,35.89475],"type":"Point"},"properties":{"kind":"stop","name":"Miami Blvd at Guardian Dr (across)","stop_id":"1701"},"type":"Feature"},{"geometry":{"coordinates":[-78.84893,35.89703],"type":"Point"},"properties":{"kind":"stop","name":"Miami Blvd at Chin Page Rd","stop_id":"1702"},"type":"Feature"},{"geometry":{"coordinates":[-78.84783,35.89429],"type":"Point"},"properties":{"kind":"stop","name":"Miami Blvd at Guardian Dr","stop_id":"1705"},"type":"Feature"},{"geometry":{"coordinates":[-78.84942,35.88733],"type":"Point"},"properties":{"kind":"stop","name":"Miami Blvd at Central Park Dr","stop_id":"1706"},"type":"Feature"},{"geometry":{"coordinates":[-78.84933,35.89728],"type":"Point"},"properties":{"kind":"stop","name":"Miami Blvd at Chin Page Rd (across)","stop_id":"1708"},"type":"Feature"},{"geometry":{"coordinates":[-78.78182,35.78818],"type":"Point"},"properties":{"kind":"stop","name":"Cary Depot (South Platform)","stop_id":"1718"},"type":"Feature"},{"geometry":{"coordinates":[-78.8379,35.87423],"type":"Point"},"properties":{"kind":"stop","name":"Regional Transit Center (RTC)","stop_id":"1733"},"type":"Feature"},{"geometry":{"coordinates":[-78.83749,35.876],"type":"Point"},"properties":{"kind":"stop","name":"Slater Rd at GoTriangle (EB)","stop_id":"1734"},"type":"Feature"},{"geometry":{"coordinates":[-78.83729,35.87602],"type":"Point"},"properties":{"kind":"stop","name":"Slater Rd at Sheraton Hotel (WB)","stop_id":"1735"},"type":"Feature"},{"geometry":{"coordinates":[-78.79306,35.87604],"type":"Point"},"properties":{"kind":"stop","name":"RDU Airport at Terminal 2","stop_id":"1741"},"type":"Feature"},{"geometry":{"coordinates":[-78.79045,35.87449],"type":"Point"},"properties":{"kind":"stop","name":"RDU Airport at Terminal 1","stop_id":"1742"},"type":"Feature"},{"geometry":{"coordinates":[-78.76186,35.74361],"type":"Point"},"properties":{"kind":"stop","name":"Tryon Rd at SE Cary Pkwy (EB)","stop_id":"1743"},"type":"Feature"},{"geometry":{"coordinates":[-78.76154,35.74392],"type":"Point"},"properties":{"kind":"stop","name":"Tryon Rd at Cary Pkwy (WB)","stop_id":"1744"},"type":"Feature"},{"geometry":{"coordinates":[-78.75429,35.74675],"type":"Point"},"properties":{"kind":"stop","name":"Piney Plains Rd at Tryon Rd (WB)","stop_id":"1745"},"type":"Feature"},{"geometry":{"coordinates":[-78.7536,35.7478],"type":"Point"},"properties":{"kind":"stop","name":"Piney Plains Rd at Tryon Rd (EB)","stop_id":"1746"},"type":"Feature"},{"geometry":{"coordinates":[-78.75289,35.74981],"type":"Point"},"properties":{"kind":"stop","name":"Piney Plains Rd at Scarlet Sky Ln (WB)","stop_id":"1747"},"type":"Feature"},{"geometry":{"coordinates":[-78.75267,35.74976],"type":"Point"},"properties":{"kind":"stop","name":"Piney Plains Rd at Scarlet Sky Ln (EB)","stop_id":"1748"},"type":"Feature"},{"geometry":{"coordinates":[-78.74864,35.75577],"type":"Point"},"properties":{"kind":"stop","name":"Dillard Dr at Piney Plains Rd (WB)","stop_id":"1763"},"type":"Feature"},{"geometry":{"coordinates":[-78.74842,35.75566],"type":"Point"},"properties":{"kind":"stop","name":"Dillard Dr at Piney Plains Rd (EB)","stop_id":"1764"},"type":"Feature"},{"geometry":{"coordinates":[-78.7437,35.75628],"type":"Point"},"properties":{"kind":"stop","name":"Dillard Dr at Meeting St (WB)","stop_id":"1765"},"type":"Feature"},{"geometry":{"coordinates":[-78.73969,35.75542],"type":"Point"},"properties":{"kind":"stop","name":"Dillard Dr at Walnut St (EB)","stop_id":"1775"},"type":"Feature"},{"geometry":{"coordinates":[-78.73959,35.75562],"type":"Point"},"properties":{"kind":"stop","name":"Dillard Dr at Walnut St (WB)","stop_id":"1776"},"type":"Feature"},{"geometry":{"coordinates":[-78.73356,35.75403],"type":"Point"},"properties":{"kind":"stop","name":"Dillard Dr at Jones Franklin Rd (EB)","stop_id":"1777"},"type":"Feature"},{"geometry":{"coordinates":[-78.7371,35.75503],"type":"Point"},"properties":{"kind":"stop","name":"Dillard Dr at Corning Rd (EB)","stop_id":"1778"},"type":"Feature"},{"geometry":{"coordinates":[-78.73597,35.75498],"type":"Point"},"properties":{"kind":"stop","name":"Dillard Dr at Columbus Ave (WB)","stop_id":"1779"},"type":"Feature"},{"geometry":{"coordinates":[-78.73351,35.7542],"type":"Point"},"properties":{"kind":"stop","name":"Dillard Dr at Jones Franklin Rd (WB)","stop_id":"1780"},"type":"Feature"},{"geometry":{"coordinates":[-78.73023,35.75518],"type":"Point"},"properties":{"kind":"stop","name":"Jones Franklin Rd at Crossroads Blvd (SB)","stop_id":"1781"},"type":"Feature"},{"geometry":{"coordinates":[-78.73002,35.7551],"type":"Point"},"properties":{"kind":"stop","name":"Jones Franklin Rd at Crossroads Blvd (NB)","stop_id":"1782"},"type":"Feature"},{"geometry":{"coordinates":[-78.72848,35.75919],"type":"Point"},"properties":{"kind":"stop","name":"Jones Franklin Rd at Wayne St (NB)","stop_id":"1783"},"type":"Feature"},{"geometry":{"coordinates":[-78.72836,35.76017],"type":"Point"},"properties":{"kind":"stop","name":"Jones Franklin Rd at Woodsdale Rd (SB)","stop_id":"1784"},"type":"Feature"},{"geometry":{"coordinates":[-78.72758,35.76171],"type":"Point"},"properties":{"kind":"stop","name":"Jones Franklin Rd at Penwood Dr (NB)","stop_id":"1785"},"type":"Feature"},{"geometry":{"coordinates":[-78.7276,35.76219],"type":"Point"},"properties":{"kind":"stop","name":"Jones Franklin Rd at Centerview Dr (SB)","stop_id":"1786"},"type":"Feature"},{"geometry":{"coordinates":[-78.72604,35.76598],"type":"Point"},"properties":{"kind":"stop","name":"Jones Franklin Rd at Capital Center Dr (SB)","stop_id":"1796"},"type":"Feature"},{"geometry":{"coordinates":[-78.72559,35.76611],"type":"Point"},"properties":{"kind":"stop","name":"Jones Franklin Rd at Capital Center Dr (NB)","stop_id":"1797"},"type":"Feature"},{"geometry":{"coordinates":[-78.72279,35.77224],"type":"Point"},"properties":{"kind":"stop","name":"Jones Franklin Rd at Ft Sumter Rd (SB)","stop_id":"1798"},"type":"Feature"},{"geometry":{"coordinates":[-78.72118,35.7813],"type":"Point"},"properties":{"kind":"stop","name":"Jones Franklin Rd at Vann St (NB)","stop_id":"1800"},"type":"Feature"},{"geometry":{"coordinates":[-78.72123,35.78067],"type":"Point"},"properties":{"kind":"stop","name":"Jones Franklin Rd at Vann St (SB)","stop_id":"1801"},"type":"Feature"},{"geometry":{"coordinates":[-78.678,35.78167],"type":"Point"},"properties":{"kind":"stop","name":"Western Blvd at Dan Allen Dr (EB)","stop_id":"1802"},"type":"Feature"},{"geometry":{"coordinates":[-78.67637,35.7813],"type":"Point"},"properties":{"kind":"stop","name":"Western Blvd at Morrill Dr (WB)","stop_id":"1803"},"type":"Feature"},{"geometry":{"coordinates":[-78.65294,35.77135],"type":"Point"},"properties":{"kind":"stop","name":"Western Blvd at Boylan Ave (EB)","stop_id":"1806"},"type":"Feature"},{"geometry":{"coordinates":[-78.65323,35.77187],"type":"Point"},"properties":{"kind":"stop","name":"Western Blvd at Boylan Ave (WB)","stop_id":"1807"},"type":"Feature"},{"geometry":{"coordinates":[-78.65652,35.77463],"type":"Point"},"properties":{"kind":"stop","name":"Western Blvd at Hunt Dr (EB)","stop_id":"1808"},"type":"Feature"},{"geometry":{"coordinates":[-78.77284,35.78954],"type":"Point"},"properties":{"kind":"stop","name":"E Chatham St at Ward St (WB)","stop_id":"1819"},"type":"Feature"},{"geometry":{"coordinates":[-78.77286,35.78925],"type":"Point"},"properties":{"kind":"stop","name":"E Chatham St at Circle Dr (EB)","stop_id":"1820"},"type":"Feature"},{"geometry":{"coordinates":[-78.76573,35.79176],"type":"Point"},"properties":{"kind":"stop","name":"E Chatham St at Chatham Square (EB)","stop_id":"1821"},"type":"Feature"},{"geometry":{"coordinates":[-78.76466,35.79205],"type":"Point"},"properties":{"kind":"stop","name":"E Chatham St at NE Maynard Rd (WB)","stop_id":"1822"},"type":"Feature"},{"geometry":{"coordinates":[-78.75392,35.79043],"type":"Point"},"properties":{"kind":"stop","name":"Chatham St at WakeMed Soccer Park (EB)","stop_id":"1823"},"type":"Feature"},{"geometry":{"coordinates":[-78.75329,35.79047],"type":"Point"},"properties":{"kind":"stop","name":"Chatham St at WakeMed Soccer Park (WB)","stop_id":"1824"},"type":"Feature"},{"geometry":{"coordinates":[-78.72185,35.78307],"type":"Point"},"properties":{"kind":"stop","name":"Jones Franklin Rd at Hunt Club Ln (SB)","stop_id":"1833"},"type":"Feature"},{"geometry":{"coordinates":[-78.71083,35.80555],"type":"Point"},"properties":{"kind":"stop","name":"District Drive Park-and-Ride","stop_id":"1837"},"type":"Feature"},{"geometry":{"coordinates":[-78.68944,35.78484],"type":"Point"},"properties":{"kind":"stop","name":"Western Blvd at Whitmore Dr (WB)","stop_id":"1851"},"type":"Feature"},{"geometry":{"coordinates":[-78.68983,35.78457],"type":"Point"},"properties":{"kind":"stop","name":"Western Blvd at Clanton St (EB)","stop_id":"1852"},"type":"Feature"},{"geometry":{"coordinates":[-78.68855,35.79423],"type":"Point"},"properties":{"kind":"stop","name":"Hillsborough St at Meredith College (EB)","stop_id":"1853"},"type":"Feature"},{"geometry":{"coordinates":[-78.63852,35.77063],"type":"Point"},"properties":{"kind":"stop","name":"Wilmington St at South St","stop_id":"1938"},"type":"Feature"},{"geometry":{"coordinates":[-78.63837,35.77473],"type":"Point"},"properties":{"kind":"stop","name":"Wilmington St at Cabarrus St","stop_id":"1939"},"type":"Feature"},{"geometry":{"coordinates":[-78.64025,35.78133],"type":"Point"},"properties":{"kind":"stop","name":"Edenton St at Salisbury St (WB)","stop_id":"1942"},"type":"Feature"},{"geometry":{"coordinates":[-78.63992,35.78511],"type":"Point"},"properties":{"kind":"stop","name":"Salisbury St at Lane St","stop_id":"1953"},"type":"Feature"},{"geometry":{"coordinates":[-78.58899,35.78607],"type":"Point"},"properties":{"kind":"stop","name":"New Bern Ave at Wake Med","stop_id":"1957"},"type":"Feature"},{"geometry":{"coordinates":[-78.36716,35.7826],"type":"Point"},"properties":{"kind":"stop","name":"E 4th St at Wendell Park-and-Ride","stop_id":"2014"},"type":"Feature"},{"geometry":{"coordinates":[-78.36787,35.78278],"type":"Point"},"properties":{"kind":"stop","name":"E 4th St at Wendell Park-and-Ride","stop_id":"2015"},"type":"Feature"},{"geometry":{"coordinates":[-78.3235,35.8217],"type":"Point"},"properties":{"kind":"stop","name":"Zebulon Park-and-Ride","stop_id":"2016"},"type":"Feature"},{"geometry":{"coordinates":[-78.64114,35.7796],"type":"Point"},"properties":{"kind":"stop","name":"Morgan St at McDowell St","stop_id":"2203"},"type":"Feature"},{"geometry":{"coordinates":[-78.6367,35.77775],"type":"Point"},"properties":{"kind":"stop","name":"Blount St at GoRaleigh Station","stop_id":"2214"},"type":"Feature"},{"geometry":{"coordinates":[-79.04597,35.91681],"type":"Point"},"properties":{"kind":"stop","name":"E Franklin St at S Boundary St (EB)","stop_id":"2296"},"type":"Feature"},{"geometry":{"coordinates":[-78.90346,35.90265],"type":"Point"},"properties":{"kind":"stop","name":"NC 54 at The Hamptons Apts (EB)","stop_id":"2298"},"type":"Feature"}],"type":"FeatureCollection"}
