{"features":[{"geometry":{"coordinates":[[-119.1513,34.28795],[-119.14709,34.29051],[-119.14469,34.28776],[-119.14686,34.28619],[-119.14909,34.28398],[-119.1474,34.28275],[-119.1481,34.28211],[-119.14872,34.28227],[-119.14995,34.28278],[-119.15112,34.28364],[-119.15603,34.28941],[-119.15899,34.29237],[-119.15865,34.29257],[-119.15796,34.29164],[-119.1582,34.29145],[-119.1596,34.29306],[-119.1595,34.29315],[-119.1596,34.29306],[-119.16129,34.295],[-119.16213,34.29453],[-119.16221,34.29466],[-119.16213,34.29453],[-119.16774,34.29132],[-119.16816,34.29091],[-119.17181,34.28868],[-119.17313,34.28789],[-119.1732,34.28801],[-119.17313,34.28789],[-119.17981,34.28393],[-119.18212,34.28275],[-119.20945,34.27876],[-119.20947,34.27889],[-119.20945,34.27876],[-119.23103,34.27571],[-119.24369,34.27372],[-119.24371,34.27385],[-119.24369,34.27372],[-119.25027,34.27274],[-119.24968,34.27245]],"type":"LineString"},"properties":{"color":"#009933","color_name":"green","kind":"route","label":"10","long":"","route_id":"10","text_color":"#000000","type_label":"Bus"},"type":"Feature"},{"geometry":{"coordinates":[[-119.24968,34.27245],[-119.24966,34.27232],[-119.24893,34.27244],[-119.24903,34.27292],[-119.24775,34.27311],[-119.24601,34.26488],[-119.24252,34.26399],[-119.23545,34.26273],[-119.23539,34.26127],[-119.2372,34.25773],[-119.23697,34.25741],[-119.2363,34.25718],[-119.23491,34.25714],[-119.23496,34.2592],[-119.23428,34.26046],[-119.2335,34.26103],[-119.22941,34.26284],[-119.17914,34.27007],[-119.17384,34.2709],[-119.17144,34.27155],[-119.16401,34.27605],[-119.16392,34.2759],[-119.16401,34.27605],[-119.15778,34.27963],[-119.1512,34.28373],[-119.15603,34.28941],[-119.1582,34.29145],[-119.15899,34.29237],[-119.15865,34.29257],[-119.15822,34.29182]],"type":"LineString"},"properties":{"color":"#FF00CC","color_name":"pink","kind":"route","label":"11","long":"","route_id":"11","text_color":"#000000","type_label":"Bus"},"type":"Feature"},{"geometry":{"coordinates":[[-119.14877,34.22685],[-119.14879,34.2267],[-119.1515,34.22725],[-119.15322,34.22812],[-119.15425,34.22843],[-119.15529,34.22845],[-119.15638,34.22813],[-119.15582,34.22652],[-119.15441,34.22485],[-119.15451,34.22475],[-119.15441,34.22485],[-119.15351,34.22417],[-119.15015,34.22369],[-119.14913,34.22676],[-119.14626,34.22626],[-119.14381,34.22606],[-119.14088,34.22435],[-119.14002,34.22512],[-119.13896,34.2241],[-119.13892,34.22339],[-119.1386,34.22284],[-119.13748,34.22266],[-119.13741,34.22358],[-119.13222,34.22879],[-119.13449,34.23034],[-119.13908,34.22581],[-119.14041,34.22477],[-119.14054,34.22491],[-119.14041,34.22477],[-119.14176,34.22368],[-119.14235,34.22291],[-119.14262,34.22197],[-119.14201,34.21876],[-119.14982,34.21883],[-119.14982,34.21895],[-119.14982,34.21883],[-119.15286,34.21885],[-119.15286,34.21901],[-119.15286,34.21885],[-119.15392,34.21886],[-119.15407,34.21789],[-119.15618,34.21791],[-119.15619,34.21709],[-119.15833,34.21711],[-119.1583,34.21769],[-119.15817,34.21769],[-119.1583,34.21769],[-119.15831,34.21889],[-119.15817,34.22145],[-119.15804,34.22144],[-119.15817,34.22145],[-119.15827,34.22268],[-119.15869,34.22396],[-119.15869,34.22515],[-119.15859,34.22639],[-119.15794,34.22803],[-119.15878,34.22821],[-119.15934,34.22793],[-119.16047,34.22602],[-119.16587,34.22733],[-119.15795,34.23526],[-119.15986,34.23658],[-119.15696,34.23932],[-119.16325,34.24369],[-119.16407,34.24406],[-119.16793,34.23895],[-119.16807,34.23906],[-119.16793,34.23895],[-119.17465,34.23],[-119.17516,34.23118],[-119.17598,34.2318],[-119.17679,34.23278],[-119.17812,34.23298],[-119.17873,34.23355],[-119.18001,34.23369],[-119.18018,34.23442],[-119.18075,34.2343],[-119.18104,34.23521],[-119.18132,34.23502],[-119.18101,34.23512],[-119.18075,34.2343],[-119.18018,34.23442],[-119.18007,34.23373],[-119.17873,34.23355],[-119.17846,34.23308]],"type":"LineString"},"properties":{"color":"#FF9900","color_name":"orange","kind":"route","label":"15","long":"","route_id":"15","text_color":"#000000","type_label":"Bus"},"type":"Feature"},{"geometry":{"coordinates":[[-119.24181,34.44827],[-119.2418,34.44805],[-119.24615,34.44786],[-119.24931,34.44747],[-119.25256,34.445],[-119.26066,34.44156],[-119.26108,34.44108],[-119.26121,34.44116],[-119.26108,34.44108],[-119.26132,34.44045],[-119.26289,34.43813],[-119.26431,34.43352],[-119.26482,34.43287],[-119.26576,34.43232],[-119.26988,34.43182],[-119.27658,34.43242],[-119.27937,34.43233],[-119.28126,34.43206],[-119.28128,34.43218],[-119.28126,34.43206],[-119.28648,34.43117],[-119.28776,34.43048],[-119.28864,34.42939],[-119.28876,34.42944],[-119.28903,34.42493],[-119.28955,34.42305],[-119.29055,34.42141],[-119.29234,34.41948],[-119.29306,34.41837],[-119.2938,34.41598],[-119.29393,34.41602],[-119.2938,34.41598],[-119.29463,34.41289],[-119.2948,34.4129],[-119.29463,34.41289],[-119.29467,34.41258],[-119.29514,34.41117],[-119.29606,34.40982],[-119.29789,34.40795],[-119.2985,34.40671],[-119.29936,34.40564],[-119.2993,34.40382],[-119.29969,34.40072],[-119.29983,34.40074],[-119.29969,34.40072],[-119.2999,34.39878],[-119.2996,34.39683],[-119.29965,34.39661],[-119.29981,34.39664],[-119.29965,34.39661],[-119.29973,34.39631],[-119.30088,34.39353],[-119.30105,34.39359],[-119.30088,34.39353],[-119.3015,34.39176],[-119.30159,34.38915],[-119.30129,34.38786],[-119.30135,34.38696],[-119.30174,34.3861],[-119.30309,34.38449],[-119.30342,34.38247],[-119.30595,34.37754],[-119.30631,34.37638],[-119.30625,34.37339],[-119.30684,34.37033],[-119.30639,34.3656],[-119.30734,34.36426],[-119.30746,34.36436],[-119.30734,34.36426],[-119.30758,34.36396],[-119.30887,34.36268],[-119.30968,34.36117],[-119.30943,34.35943],[-119.30819,34.35475],[-119.30775,34.35387],[-119.30681,34.35275],[-119.30578,34.35324],[-119.30489,34.35249],[-119.30197,34.35165],[-119.30145,34.35116],[-119.30078,34.35006],[-119.29864,34.34894],[-119.2943,34.34449],[-119.29394,34.34282],[-119.29384,34.34158],[-119.29401,34.34157],[-119.29384,34.34158],[-119.29377,34.34049],[-119.29417,34.33879],[-119.29406,34.33784],[-119.29348,34.33617],[-119.29216,34.33493],[-119.29182,34.3343],[-119.29215,34.33179],[-119.29137,34.32922],[-119.29148,34.32918],[-119.29137,34.32922],[-119.28985,34.32441],[-119.2911,34.31305],[-119.29136,34.31253],[-119.29211,34.31202],[-119.29234,34.31163],[-119.29212,34.31028],[-119.29223,34.30962],[-119.29246,34.30882],[-119.29265,34.30888],[-119.29246,34.30882],[-119.29277,34.30782],[-119.29289,34.30785],[-119.29277,34.30782],[-119.29302,34.30696],[-119.2932,34.30639],[-119.29333,34.30643],[-119.2932,34.30639],[-119.29688,34.29428],[-119.29703,34.29432],[-119.29688,34.29428],[-119.29909,34.28739],[-119.30069,34.28165],[-119.30086,34.28168],[-119.30069,34.28165],[-119.30072,34.27824],[-119.28587,34.27827],[-119.28363,34.27721],[-119.28058,34.27631],[-119.25736,34.27171],[-119.25352,34.27214],[-119.25027,34.27274],[-119.25016,34.27224],[-119.24966,34.27232],[-119.24968,34.27245]],"type":"LineString"},"properties":{"color":"#000099","color_name":"blue","kind":"route","label":"16","long":"","route_id":"16","text_color":"#FFFFFF","type_label":"Bus"},"type":"Feature"},{"geometry":{"coordinates":[[-119.15731,34.16271],[-119.15735,34.16315],[-119.15942,34.16316],[-119.1593,34.16703],[-119.16009,34.16973],[-119.15999,34.17476],[-119.15976,34.17603],[-119.15982,34.1798],[-119.15969,34.1798],[-119.15982,34.1798],[-119.15997,34.18255],[-119.15989,34.18618],[-119.16513,34.18623],[-119.16509,34.18858],[-119.16486,34.18989],[-119.16415,34.18989],[-119.16415,34.18976],[-119.16415,34.18989],[-119.15987,34.18984],[-119.15961,34.2018],[-119.15971,34.20696],[-119.15947,34.20697],[-119.15971,34.20696],[-119.15971,34.21064],[-119.1595,34.21064],[-119.15971,34.21064],[-119.15968,34.21279],[-119.15982,34.21279],[-119.15968,34.21279],[-119.15955,34.21396],[-119.15853,34.21625],[-119.1583,34.21769],[-119.15817,34.21769],[-119.1583,34.21769],[-119.15831,34.21889],[-119.15817,34.22145],[-119.15804,34.22144],[-119.15817,34.22145],[-119.15827,34.22268],[-119.15869,34.22396],[-119.15869,34.22515],[-119.15859,34.22639],[-119.15794,34.22803],[-119.15878,34.22821],[-119.15934,34.22793],[-119.1605,34.22602],[-119.16757,34.22779],[-119.16977,34.22907],[-119.17099,34.23008],[-119.17151,34.23108],[-119.17132,34.23219],[-119.17145,34.23319],[-119.17242,34.23385],[-119.17476,34.23497],[-119.1754,34.23553],[-119.1762,34.23685],[-119.17581,34.2377],[-119.1723,34.24101],[-119.17203,34.24216],[-119.17316,34.2422],[-119.17398,34.24248],[-119.17682,34.2445],[-119.17699,34.24479],[-119.1772,34.24478],[-119.17732,34.24445],[-119.17931,34.24269],[-119.18056,34.24114],[-119.18111,34.23957],[-119.18102,34.23796],[-119.18034,34.23573],[-119.18115,34.23553],[-119.18101,34.23512],[-119.18132,34.23502],[-119.18101,34.23512],[-119.18075,34.2343],[-119.18018,34.23442],[-119.18001,34.23369],[-119.17873,34.23355],[-119.17846,34.23308]],"type":"LineString"},"properties":{"color":"#3333FF","color_name":"blue","kind":"route","label":"17","long":"","route_id":"17","text_color":"#FFFFFF","type_label":"Bus"},"type":"Feature"},{"geometry":{"coordinates":[[-119.19463,34.17555],[-119.18491,34.1755],[-119.18376,34.17507],[-119.18215,34.17384],[-119.18112,34.17367],[-119.18133,34.17728],[-119.18098,34.20791],[-119.18537,34.20794],[-119.18537,34.20807],[-119.18537,34.20794],[-119.18791,34.20796],[-119.18791,34.20808],[-119.18791,34.20796],[-119.19281,34.20799],[-119.19464,34.20838],[-119.19768,34.2085],[-119.22086,34.20851],[-119.22081,34.21242],[-119.22107,34.21945],[-119.21368,34.21932]],"type":"LineString"},"properties":{"color":"#000000","color_name":"black","kind":"route","label":"18A","long":"","route_id":"18A","text_color":"#FFFFFF","type_label":"Bus"},"type":"Feature"},{"geometry":{"coordinates":[[-119.18496,34.1978],[-119.19391,34.19776],[-119.19714,34.19745],[-119.22105,34.19765],[-119.22081,34.21242],[-119.22107,34.21945],[-119.17195,34.21895]],"type":"LineString"},"properties":{"color":"#000000","color_name":"black","kind":"route","label":"18B","long":"","route_id":"18B","text_color":"#FFFFFF","type_label":"Bus"},"type":"Feature"},{"geometry":{"coordinates":[[-119.21368,34.21932],[-119.19455,34.21927],[-119.1945,34.22853],[-119.19434,34.22853],[-119.1945,34.22853],[-119.19448,34.22936],[-119.18658,34.2293],[-119.18659,34.22917],[-119.18658,34.2293],[-119.18619,34.22928],[-119.18631,34.21848],[-119.18664,34.21776],[-119.18763,34.21688],[-119.18801,34.21621],[-119.18796,34.21388],[-119.18741,34.21388],[-119.18743,34.21188],[-119.18799,34.21188],[-119.1881,34.2112],[-119.18805,34.20569],[-119.18784,34.20501],[-119.18792,34.19621],[-119.18909,34.19422],[-119.18917,34.19209],[-119.1895,34.19024],[-119.2005,34.1905],[-119.208,34.19036],[-119.20789,34.19602],[-119.20775,34.19624],[-119.20789,34.19635],[-119.20792,34.19748],[-119.19617,34.19748],[-119.19616,34.19736]],"type":"LineString"},"properties":{"color":"#000000","color_name":"black","kind":"route","label":"18C","long":"","route_id":"18C","text_color":"#FFFFFF","type_label":"Bus"},"type":"Feature"},{"geometry":{"coordinates":[[-119.17195,34.21895],[-119.15831,34.21889],[-119.1583,34.21832],[-119.15854,34.21833],[-119.1583,34.21832],[-119.15839,34.21669],[-119.15955,34.21396],[-119.15963,34.21359],[-119.15944,34.21356],[-119.15963,34.21359],[-119.15967,34.21335],[-119.15972,34.20964],[-119.15986,34.20964],[-119.15972,34.20964],[-119.15968,34.20635],[-119.15968,34.20577],[-119.15987,34.20577],[-119.15968,34.20577],[-119.15973,34.20163],[-119.15988,34.20164],[-119.15973,34.20163],[-119.15974,34.20044],[-119.17448,34.20061],[-119.17855,34.20031],[-119.17925,34.2004],[-119.17981,34.20032],[-119.17982,34.199],[-119.17674,34.19897],[-119.17668,34.1993]],"type":"LineString"},"properties":{"color":"#000000","color_name":"black","kind":"route","label":"18E","long":"","route_id":"18E","text_color":"#FFFFFF","type_label":"Bus"},"type":"Feature"},{"geometry":{"coordinates":[[-119.29253,34.33516],[-119.29216,34.33493],[-119.29182,34.3343],[-119.29215,34.33179],[-119.29137,34.32922],[-119.29148,34.32918],[-119.29137,34.32922],[-119.28985,34.32433],[-119.2911,34.31305],[-119.29136,34.31253],[-119.29211,34.31202],[-119.29234,34.31163],[-119.29212,34.31028],[-119.29223,34.30962],[-119.29246,34.30882],[-119.29265,34.30888],[-119.29246,34.30882],[-119.29277,34.30782],[-119.29289,34.30785],[-119.29277,34.30782],[-119.29302,34.30696],[-119.2932,34.30639],[-119.29333,34.30643],[-119.2932,34.30639],[-119.29688,34.29428],[-119.29703,34.29432],[-119.29688,34.29428],[-119.29909,34.28739],[-119.30069,34.28165],[-119.30086,34.28168],[-119.30069,34.28165],[-119.30075,34.2795],[-119.28223,34.2795],[-119.27789,34.27993],[-119.26699,34.27729],[-119.26144,34.27477],[-119.24854,34.2767],[-119.24775,34.27311],[-119.25027,34.27274],[-119.25016,34.27224],[-119.24966,34.27232],[-119.24968,34.27245]],"type":"LineString"},"properties":{"color":"#000000","color_name":"black","kind":"route","label":"18F","long":"","route_id":"18F","text_color":"#FFFFFF","type_label":"Bus"},"type":"Feature"},{"geometry":{"coordinates":[[-119.14675,34.25365],[-119.15314,34.25797],[-119.15496,34.25596],[-119.16407,34.24406],[-119.15375,34.23713],[-119.15322,34.23693],[-119.15334,34.23672],[-119.15346,34.23679],[-119.15334,34.23672],[-119.15794,34.22803],[-119.15833,34.22763],[-119.15882,34.22492],[-119.15835,34.2219],[-119.15831,34.21889],[-119.15746,34.21889],[-119.15746,34.21876],[-119.15746,34.21889],[-119.15332,34.21886],[-119.15332,34.21872],[-119.15332,34.21886],[-119.14801,34.21881],[-119.14801,34.21865],[-119.14801,34.21881],[-119.14459,34.21879],[-119.14459,34.21864],[-119.14459,34.21879],[-119.14201,34.21876],[-119.14196,34.21998],[-119.14234,34.22209],[-119.14185,34.22323],[-119.14088,34.22435],[-119.14002,34.22512],[-119.13896,34.2241],[-119.13892,34.22339],[-119.1386,34.22284],[-119.13748,34.22266],[-119.13741,34.22358],[-119.13222,34.22879],[-119.13449,34.23034],[-119.13908,34.22581],[-119.14041,34.22477],[-119.14054,34.22491]],"type":"LineString"},"properties":{"color":"#000000","color_name":"black","kind":"route","label":"18G","long":"","route_id":"18G","text_color":"#FFFFFF","type_label":"Bus"},"type":"Feature"},{"geometry":{"coordinates":[[-119.17668,34.1993],[-119.17667,34.20011],[-119.17651,34.20006],[-119.17651,34.19896],[-119.18108,34.19901],[-119.18111,34.19752],[-119.18142,34.19769],[-119.19207,34.19788],[-119.19714,34.19745],[-119.22105,34.19765],[-119.22081,34.21242],[-119.22107,34.21945],[-119.19473,34.21928],[-119.19051,34.21907],[-119.16556,34.21898],[-119.16556,34.21883],[-119.16556,34.21898],[-119.16293,34.21896],[-119.15974,34.2188],[-119.15746,34.21889],[-119.15746,34.21876],[-119.15746,34.21889],[-119.15332,34.21886],[-119.15332,34.21872],[-119.15332,34.21886],[-119.14801,34.21881],[-119.14801,34.21865],[-119.14801,34.21881],[-119.14459,34.21879],[-119.14459,34.21864],[-119.14459,34.21879],[-119.14201,34.21876],[-119.14207,34.21473],[-119.14226,34.21473],[-119.14207,34.21473],[-119.14212,34.21061],[-119.14229,34.21061],[-119.14212,34.21061],[-119.14218,34.20556],[-119.14234,34.20556],[-119.14218,34.20556],[-119.14222,34.20197],[-119.14435,34.20158],[-119.14906,34.20161],[-119.14907,34.19924],[-119.14921,34.19924],[-119.14908,34.19901],[-119.152,34.199],[-119.15451,34.19826],[-119.15979,34.1983],[-119.15974,34.20044],[-119.17448,34.20061],[-119.17855,34.20031],[-119.17925,34.2004],[-119.17981,34.20032],[-119.17982,34.199],[-119.17674,34.19897],[-119.17668,34.1993]],"type":"LineString"},"properties":{"color":"#FF33CC","color_name":"pink","kind":"route","label":"19","long":"","route_id":"19","text_color":"#000000","type_label":"Bus"},"type":"Feature"},{"geometry":{"coordinates":[[-119.17668,34.1993],[-119.17667,34.20011],[-119.17651,34.20006],[-119.17651,34.19896],[-119.18108,34.19901],[-119.1812,34.19604],[-119.18137,34.18072],[-119.1812,34.17549],[-119.18133,34.17548],[-119.1812,34.17549],[-119.18112,34.17367],[-119.17755,34.17339],[-119.17758,34.17229],[-119.17771,34.17229],[-119.17758,34.17229],[-119.17759,34.16954],[-119.17773,34.16954],[-119.17759,34.16954],[-119.17763,34.16611],[-119.17779,34.16611],[-119.17763,34.16611],[-119.17767,34.16083],[-119.17768,34.16066],[-119.17786,34.16067],[-119.17768,34.16066],[-119.17768,34.15858],[-119.17776,34.15501],[-119.17793,34.15501],[-119.17776,34.15501],[-119.17776,34.15471],[-119.18382,34.15478],[-119.1839,34.14756],[-119.19051,34.14761],[-119.19028,34.14678],[-119.19027,34.14377],[-119.19039,34.14275],[-119.19078,34.14239],[-119.1914,34.14236],[-119.19227,34.14283],[-119.19523,34.14376],[-119.19543,34.14409],[-119.19543,34.14781],[-119.19606,34.14782]],"type":"LineString"},"properties":{"color":"#6666FF","color_name":"blue","kind":"route","label":"1A","long":"","route_id":"1A","text_color":"#000000","type_label":"Bus"},"type":"Feature"},{"geometry":{"coordinates":[[-119.17668,34.1993],[-119.17667,34.20011],[-119.17651,34.20006],[-119.17651,34.19896],[-119.18108,34.19901],[-119.18113,34.19858],[-119.18137,34.18072],[-119.1812,34.17549],[-119.18133,34.17548],[-119.1812,34.17549],[-119.18112,34.17367],[-119.17755,34.17339],[-119.17758,34.17229],[-119.17771,34.17229],[-119.17758,34.17229],[-119.17759,34.16954],[-119.17773,34.16954],[-119.17759,34.16954],[-119.17763,34.16611],[-119.17779,34.16611],[-119.17763,34.16604],[-119.1782,34.16593],[-119.1782,34.16109],[-119.19525,34.16108],[-119.19531,34.15483],[-119.20005,34.15484],[-119.20002,34.14906],[-119.19776,34.14905],[-119.1994,34.1477],[-119.19603,34.1477]],"type":"LineString"},"properties":{"color":"#9999FF","color_name":"purple","kind":"route","label":"1B","long":"","route_id":"1B","text_color":"#000000","type_label":"Bus"},"type":"Feature"},{"geometry":{"coordinates":[[-119.17668,34.1993],[-119.17667,34.20011],[-119.17651,34.20006],[-119.17651,34.19896],[-119.17982,34.199],[-119.17981,34.20032],[-119.1738,34.20056],[-119.17374,34.20642],[-119.16476,34.20634],[-119.16418,34.20653],[-119.16354,34.2073],[-119.16271,34.20681],[-119.15968,34.20635],[-119.15968,34.20577],[-119.15987,34.20577],[-119.15968,34.20577],[-119.15969,34.20483],[-119.15417,34.20479],[-119.15421,34.20199],[-119.15972,34.20203],[-119.15972,34.20262],[-119.16075,34.20271],[-119.1685,34.20265],[-119.16848,34.20287],[-119.17377,34.20291],[-119.1738,34.20056],[-119.17981,34.20032],[-119.17982,34.199],[-119.17674,34.19897],[-119.17668,34.1993]],"type":"LineString"},"properties":{"color":"#FFFF00","color_name":"yellow","kind":"route","label":"2","long":"","route_id":"2","text_color":"#000000","type_label":"Bus"},"type":"Feature"},{"geometry":{"coordinates":[[-119.18118,34.17557],[-119.18133,34.17739],[-119.17752,34.17733],[-119.17765,34.17697],[-119.17753,34.17697],[-119.17755,34.17339],[-119.1818,34.17373],[-119.18432,34.17535],[-119.1867,34.17565],[-119.19126,34.17559],[-119.19253,34.17563],[-119.19253,34.17577],[-119.19253,34.17563],[-119.19489,34.17567],[-119.19622,34.17596],[-119.20886,34.17606],[-119.21973,34.17612],[-119.22136,34.17592],[-119.22081,34.21242],[-119.22107,34.21692],[-119.22093,34.22687],[-119.22067,34.22778],[-119.22004,34.22876],[-119.2177,34.23057],[-119.21704,34.23131],[-119.2166,34.23219],[-119.21641,34.23331],[-119.21642,34.23995],[-119.21628,34.24088],[-119.21281,34.24898],[-119.21169,34.25133],[-119.21058,34.25299],[-119.21007,34.25431],[-119.21089,34.25902],[-119.21444,34.27558],[-119.21449,34.27785],[-119.21454,34.27802],[-119.21594,34.27793],[-119.24163,34.27402],[-119.24369,34.27372],[-119.24371,34.27385],[-119.24369,34.27372],[-119.25027,34.27274],[-119.24968,34.27245]],"type":"LineString"},"properties":{"color":"#6666FF","color_name":"blue","kind":"route","label":"21","long":"","route_id":"21","text_color":"#000000","type_label":"Bus"},"type":"Feature"},{"geometry":{"coordinates":[[-119.15748,34.16268],[-119.15736,34.16191],[-119.15942,34.16223],[-119.15943,34.15989],[-119.15961,34.15989],[-119.15943,34.15989],[-119.15946,34.15792],[-119.15989,34.15772],[-119.15996,34.15786],[-119.15989,34.15772],[-119.16584,34.15486],[-119.16714,34.15464],[-119.17077,34.15478],[-119.17776,34.15471],[-119.17776,34.15429],[-119.17793,34.15429],[-119.17776,34.15429],[-119.1778,34.15089],[-119.17796,34.15089],[-119.1778,34.15089],[-119.17782,34.14746],[-119.19543,34.14781],[-119.19543,34.15159],[-119.19506,34.15624],[-119.195,34.16087],[-119.19489,34.17615],[-119.19494,34.18102],[-119.19508,34.17824],[-119.19468,34.1921],[-119.19476,34.19728],[-119.19462,34.19727],[-119.19476,34.19728],[-119.19476,34.19769],[-119.19448,34.22936],[-119.18488,34.22917],[-119.18347,34.22864],[-119.18155,34.22693],[-119.18069,34.2264],[-119.17918,34.22613],[-119.17819,34.22627],[-119.17739,34.22648],[-119.17689,34.22691],[-119.17587,34.22811],[-119.17465,34.23],[-119.17516,34.23118],[-119.17598,34.2318],[-119.17679,34.23278],[-119.17798,34.23294],[-119.17845,34.23327]],"type":"LineString"},"properties":{"color":"#A7343A","color_name":"brown","kind":"route","label":"23","long":"","route_id":"23","text_color":"#FFFFFF","type_label":"Bus"},"type":"Feature"},{"geometry":{"coordinates":[[-119.17668,34.1993],[-119.17667,34.20011],[-119.17651,34.20006],[-119.17651,34.19896],[-119.18108,34.19901],[-119.18111,34.19752],[-119.18142,34.19769],[-119.18791,34.19774],[-119.18797,34.19599],[-119.18894,34.19471],[-119.18913,34.19405],[-119.18917,34.19209],[-119.18956,34.19032],[-119.18954,34.18659],[-119.1893,34.18586],[-119.18922,34.18402],[-119.18863,34.1831],[-119.18641,34.18096],[-119.18623,34.18037],[-119.18623,34.17874],[-119.18131,34.1787],[-119.1812,34.17549],[-119.18133,34.17548],[-119.1812,34.17549],[-119.18112,34.17367],[-119.17625,34.17331],[-119.16006,34.17328],[-119.15976,34.17603],[-119.15982,34.17939],[-119.15675,34.17938],[-119.15676,34.17785],[-119.14896,34.17779],[-119.1491,34.17359]],"type":"LineString"},"properties":{"color":"#FF9933","color_name":"orange","kind":"route","label":"3","long":"","route_id":"3","text_color":"#000000","type_label":"Bus"},"type":"Feature"},{"geometry":{"coordinates":[[-119.17668,34.1993],[-119.1766,34.20011],[-119.17651,34.19896],[-119.18511,34.19904],[-119.18502,34.20794],[-119.18537,34.20807],[-119.18537,34.20794],[-119.19228,34.208],[-119.19216,34.21603],[-119.19459,34.21605],[-119.19455,34.21927],[-119.19051,34.21907],[-119.15831,34.21889],[-119.1583,34.21832],[-119.15854,34.21833],[-119.1583,34.21832],[-119.15839,34.21669],[-119.15955,34.21396],[-119.15963,34.21359],[-119.15944,34.21356],[-119.15963,34.21359],[-119.15967,34.21335],[-119.15972,34.20964],[-119.15986,34.20964],[-119.15972,34.20964],[-119.15968,34.20635],[-119.15968,34.20577],[-119.15987,34.20577],[-119.15968,34.20577],[-119.15973,34.20163],[-119.15988,34.20164],[-119.15973,34.20163],[-119.15974,34.20044],[-119.17448,34.20061],[-119.17855,34.20031],[-119.17925,34.2004],[-119.17981,34.20032],[-119.17982,34.199],[-119.17674,34.19897],[-119.17668,34.1993]],"type":"LineString"},"properties":{"color":"#99FF99","color_name":"white","kind":"route","label":"4A","long":"","route_id":"4A","text_color":"#000000","type_label":"Bus"},"type":"Feature"},{"geometry":{"coordinates":[[-119.17668,34.1993],[-119.17667,34.20011],[-119.17651,34.20006],[-119.17651,34.19896],[-119.17982,34.199],[-119.17981,34.20032],[-119.17431,34.20056],[-119.15974,34.20044],[-119.15961,34.2018],[-119.15971,34.20696],[-119.15947,34.20697],[-119.15971,34.20696],[-119.15971,34.21064],[-119.1595,34.21064],[-119.15971,34.21064],[-119.15968,34.21279],[-119.15982,34.21279],[-119.15968,34.21279],[-119.15955,34.21396],[-119.15853,34.21625],[-119.15833,34.21711],[-119.15619,34.21709],[-119.15617,34.21889],[-119.15631,34.21905],[-119.15631,34.21889],[-119.15854,34.21887],[-119.16145,34.21893],[-119.16145,34.21911],[-119.16145,34.21893],[-119.16501,34.21898],[-119.16501,34.21912],[-119.16501,34.21898],[-119.16968,34.21899],[-119.19455,34.21927],[-119.19454,34.2189],[-119.19471,34.2189],[-119.19454,34.2189],[-119.19459,34.21605],[-119.19216,34.21603],[-119.19228,34.208],[-119.18098,34.20791],[-119.18108,34.19901],[-119.17674,34.19897],[-119.17668,34.1993]],"type":"LineString"},"properties":{"color":"#00CC00","color_name":"green","kind":"route","label":"4B","long":"","route_id":"4B","text_color":"#000000","type_label":"Bus"},"type":"Feature"},{"geometry":{"coordinates":[[-119.20872,34.1813],[-119.22126,34.18131],[-119.22115,34.1903],[-119.19486,34.19007],[-119.19468,34.1921],[-119.19476,34.19728],[-119.19462,34.19727],[-119.19476,34.19728],[-119.19476,34.19769],[-119.18142,34.19769],[-119.18111,34.19752],[-119.18108,34.19901],[-119.17674,34.19897],[-119.17668,34.1993]],"type":"LineString"},"properties":{"color":"#00CCFF","color_name":"teal","kind":"route","label":"5","long":"","route_id":"5","text_color":"#000000","type_label":"Bus"},"type":"Feature"},{"geometry":{"coordinates":[[-119.29289,34.30785],[-119.29277,34.30782],[-119.2932,34.30639],[-119.29333,34.30643],[-119.2932,34.30639],[-119.29688,34.29428],[-119.29703,34.29432],[-119.29688,34.29428],[-119.29909,34.28739],[-119.30069,34.28165],[-119.30086,34.28168],[-119.30069,34.28165],[-119.30075,34.2795],[-119.28223,34.2795],[-119.27789,34.27993],[-119.26699,34.27729],[-119.26144,34.27477],[-119.24854,34.2767],[-119.24775,34.27311],[-119.25027,34.27274],[-119.25016,34.27224],[-119.24966,34.27232],[-119.24968,34.27245],[-119.24966,34.27232],[-119.25016,34.27224],[-119.25027,34.27274],[-119.21469,34.278],[-119.21454,34.27713],[-119.21464,34.27582],[-119.21288,34.26735],[-119.21267,34.26604],[-119.21282,34.26601],[-119.21267,34.26604],[-119.21192,34.26241],[-119.21207,34.26238],[-119.21192,34.26241],[-119.21114,34.25902],[-119.21098,34.25794],[-119.2111,34.25792],[-119.21098,34.25794],[-119.21049,34.25578],[-119.20785,34.2562],[-119.20713,34.25301],[-119.19758,34.25459],[-119.19729,34.25333],[-119.19741,34.2533],[-119.19729,34.25333],[-119.19687,34.25204],[-119.19643,34.25016],[-119.19658,34.25013],[-119.19643,34.25016],[-119.19583,34.24804],[-119.19524,34.24726],[-119.19439,34.24666],[-119.19446,34.24654],[-119.19439,34.24666],[-119.19311,34.24578],[-119.19261,34.24503],[-119.19251,34.24412],[-119.19301,34.24303],[-119.19402,34.24352],[-119.19391,34.24369],[-119.19209,34.24319],[-119.18526,34.24076],[-119.18148,34.23894],[-119.18108,34.23822],[-119.18034,34.23573],[-119.18115,34.23553],[-119.18101,34.23512],[-119.18132,34.23502],[-119.18101,34.23512],[-119.18075,34.2343],[-119.18018,34.23442],[-119.18007,34.23373],[-119.17873,34.23355],[-119.17846,34.23308],[-119.17687,34.23284],[-119.17604,34.23186],[-119.17611,34.23175],[-119.17604,34.23186],[-119.17508,34.23107],[-119.17465,34.23],[-119.17496,34.2296],[-119.17514,34.22973],[-119.17496,34.2296],[-119.17689,34.22691],[-119.17739,34.22648],[-119.177,34.22438],[-119.17706,34.22111],[-119.18084,34.22114],[-119.1809,34.22064],[-119.18108,34.19901],[-119.17674,34.19897],[-119.17668,34.1993]],"type":"LineString"},"properties":{"color":"#FF0033","color_name":"red","kind":"route","label":"6","long":"","route_id":"6","text_color":"#000000","type_label":"Bus"},"type":"Feature"},{"geometry":{"coordinates":[[-119.18118,34.17557],[-119.18133,34.17739],[-119.17752,34.17733],[-119.17765,34.17697],[-119.17753,34.17697],[-119.17758,34.17229],[-119.17771,34.17229],[-119.17758,34.17229],[-119.17759,34.16954],[-119.17773,34.16954],[-119.17759,34.16954],[-119.17763,34.16611],[-119.17779,34.16611],[-119.17763,34.16611],[-119.17767,34.16083],[-119.17768,34.16066],[-119.17786,34.16067],[-119.17768,34.16066],[-119.17776,34.15471],[-119.17001,34.15459],[-119.16624,34.15473],[-119.16527,34.15511],[-119.16543,34.15533],[-119.16519,34.1555],[-119.16543,34.15533],[-119.16527,34.15511],[-119.15946,34.15792],[-119.15943,34.16061],[-119.15928,34.16061],[-119.15943,34.16061],[-119.15942,34.16223],[-119.1564,34.1618],[-119.15241,34.1618],[-119.15213,34.1615],[-119.15141,34.16187],[-119.15146,34.16855],[-119.1513,34.16923],[-119.14628,34.16648],[-119.14536,34.16525]],"type":"LineString"},"properties":{"color":"#99FF99","color_name":"white","kind":"route","label":"7","long":"","route_id":"7","text_color":"#000000","type_label":"Bus"},"type":"Feature"},{"geometry":{"coordinates":[[-119.17668,34.1993],[-119.17673,34.20006],[-119.17652,34.20009],[-119.17651,34.19896],[-119.17597,34.19884],[-119.17596,34.19765],[-119.17457,34.1976],[-119.17203,34.19691],[-119.15978,34.19704],[-119.16148,34.19702],[-119.15979,34.19695],[-119.15987,34.18984],[-119.1605,34.18998],[-119.16486,34.18989],[-119.16508,34.18871],[-119.1652,34.18874],[-119.16513,34.18623],[-119.15989,34.18618],[-119.15995,34.18229],[-119.16011,34.18227],[-119.15995,34.18229],[-119.15981,34.18142],[-119.15985,34.17762],[-119.16013,34.17462],[-119.16007,34.17278],[-119.16023,34.17278],[-119.16007,34.17278],[-119.16009,34.17119],[-119.16026,34.1712],[-119.16009,34.17119],[-119.15999,34.16911],[-119.1594,34.16728],[-119.15939,34.16652],[-119.15959,34.16652],[-119.15939,34.16652],[-119.15942,34.16316],[-119.15735,34.16315],[-119.15748,34.16268],[-119.15736,34.16191],[-119.15942,34.16223],[-119.16541,34.16225],[-119.16541,34.16238],[-119.16541,34.16225],[-119.16771,34.16196],[-119.17101,34.16206],[-119.17385,34.16099],[-119.17767,34.16099],[-119.17755,34.17339],[-119.18112,34.17367],[-119.18118,34.17557]],"type":"LineString"},"properties":{"color":"#33CCFF","color_name":"teal","kind":"route","label":"8","long":"","route_id":"8","text_color":"#000000","type_label":"Bus"},"type":"Feature"},{"geometry":{"coordinates":[-119.1705,34.20293],"type":"Point"},"properties":{"kind":"stop","name":"1st & Bonita","stop_id":"1STBON:1"},"type":"Feature"},{"geometry":{"coordinates":[-119.16325,34.20271],"type":"Point"},"properties":{"kind":"stop","name":"1st & Carmelita","stop_id":"1STCAR:1"},"type":"Feature"},{"geometry":{"coordinates":[-119.1682,34.20267],"type":"Point"},"properties":{"kind":"stop","name":"1st & Juanita","stop_id":"1STJUA:1"},"type":"Feature"},{"geometry":{"coordinates":[-119.16609,34.20273],"type":"Point"},"properties":{"kind":"stop","name":"1st & Marguita","stop_id":"1STMAR:1"},"type":"Feature"},{"geometry":{"coordinates":[-119.17259,34.20294],"type":"Point"},"properties":{"kind":"stop","name":"1st & Roosevelt","stop_id":"1STROO:1"},"type":"Feature"},{"geometry":{"coordinates":[-119.16075,34.20271],"type":"Point"},"properties":{"kind":"stop","name":"1st & Rose","stop_id":"1STROS:1"},"type":"Feature"},{"geometry":{"coordinates":[-119.17925,34.2004],"type":"Point"},"properties":{"kind":"stop","name":"3rd & A","stop_id":"3RDAST:1"},"type":"Feature"},{"geometry":{"coordinates":[-119.17938,34.20031],"type":"Point"},"properties":{"kind":"stop","name":"3rd & B","stop_id":"3RDBST:1"},"type":"Feature"},{"geometry":{"coordinates":[-119.16475,34.20057],"type":"Point"},"properties":{"kind":"stop","name":"3rd & Campton","stop_id":"3RDCAM:1"},"type":"Feature"},{"geometry":{"coordinates":[-119.16415,34.20045],"type":"Point"},"properties":{"kind":"stop","name":"3rd & Campton","stop_id":"3RDCAM:2"},"type":"Feature"},{"geometry":{"coordinates":[-119.17448,34.20061],"type":"Point"},"properties":{"kind":"stop","name":"3rd & Garfield","stop_id":"3RDGAR:1"},"type":"Feature"},{"geometry":{"coordinates":[-119.17339,34.20049],"type":"Point"},"properties":{"kind":"stop","name":"3rd & Garfield","stop_id":"3RDGAR:2"},"type":"Feature"},{"geometry":{"coordinates":[-119.16891,34.20061],"type":"Point"},"properties":{"kind":"stop","name":"3rd & Wilson","stop_id":"3RDWIL:1"},"type":"Feature"},{"geometry":{"coordinates":[-119.16944,34.20045],"type":"Point"},"properties":{"kind":"stop","name":"3rd & Wilson","stop_id":"3RDWIL:2"},"type":"Feature"},{"geometry":{"coordinates":[-119.17957,34.19907],"type":"Point"},"properties":{"kind":"stop","name":"4th & B St","stop_id":"4THBST:1"},"type":"Feature"},{"geometry":{"coordinates":[-119.17931,34.19893],"type":"Point"},"properties":{"kind":"stop","name":"4th & B St","stop_id":"4THBST:2"},"type":"Feature"},{"geometry":{"coordinates":[-119.18313,34.19909],"type":"Point"},"properties":{"kind":"stop","name":"4th & D","stop_id":"4THDST:1"},"type":"Feature"},{"geometry":{"coordinates":[-119.18495,34.1991],"type":"Point"},"properties":{"kind":"stop","name":"4th & F","stop_id":"4THFST:1"},"type":"Feature"},{"geometry":{"coordinates":[-119.2115,34.19764],"type":"Point"},"properties":{"kind":"stop","name":"5th & Mex. Cons.","stop_id":"5STMEX:1"},"type":"Feature"},{"geometry":{"coordinates":[-119.18496,34.1978],"type":"Point"},"properties":{"kind":"stop","name":"5th & F","stop_id":"5THFST:1"},"type":"Feature"},{"geometry":{"coordinates":[-119.18506,34.19768],"type":"Point"},"properties":{"kind":"stop","name":"5th & F","stop_id":"5THFST:2"},"type":"Feature"},{"geometry":{"coordinates":[-119.18496,34.1978],"type":"Point"},"properties":{"kind":"stop","name":"5th & H","stop_id":"5THHST:1"},"type":"Feature"},{"geometry":{"coordinates":[-119.18766,34.19768],"type":"Point"},"properties":{"kind":"stop","name":"5th & H","stop_id":"5THHST:2"},"type":"Feature"},{"geometry":{"coordinates":[-119.19207,34.19788],"type":"Point"},"properties":{"kind":"stop","name":"5th & K","stop_id":"5THKST:1"},"type":"Feature"},{"geometry":{"coordinates":[-119.19131,34.19766],"type":"Point"},"properties":{"kind":"stop","name":"5th & K","stop_id":"5THKST:2"},"type":"Feature"},{"geometry":{"coordinates":[-119.17416,34.19743],"type":"Point"},"properties":{"kind":"stop","name":"5th & Mount. View","stop_id":"5THMOU:1"},"type":"Feature"},{"geometry":{"coordinates":[-119.17418,34.19762],"type":"Point"},"properties":{"kind":"stop","name":"5th & Old Amtrak","stop_id":"5THOLA:1"},"type":"Feature"},{"geometry":{"coordinates":[-119.20644,34.19756],"type":"Point"},"properties":{"kind":"stop","name":"5th & Patterson","stop_id":"5THPAT:1"},"type":"Feature"},{"geometry":{"coordinates":[-119.21911,34.19769],"type":"Point"},"properties":{"kind":"stop","name":"5th & Victoria","stop_id":"5THVIC:1"},"type":"Feature"},{"geometry":{"coordinates":[-119.19584,34.19762],"type":"Point"},"properties":{"kind":"stop","name":"5th & Ventura","stop_id":"5THVTA:1"},"type":"Feature"},{"geometry":{"coordinates":[-119.19616,34.19736],"type":"Point"},"properties":{"kind":"stop","name":"5th & Ventura","stop_id":"5THVTA:2"},"type":"Feature"},{"geometry":{"coordinates":[-119.16017,34.23309],"type":"Point"},"properties":{"kind":"stop","name":"Alvarado & Collins","stop_id":"ALVCOL:1"},"type":"Feature"},{"geometry":{"coordinates":[-119.16012,34.23304],"type":"Point"},"properties":{"kind":"stop","name":"Alvarado & Collins","stop_id":"ALVCOL:2"},"type":"Feature"},{"geometry":{"coordinates":[-119.16541,34.22786],"type":"Point"},"properties":{"kind":"stop","name":"Alvarado & Ventura","stop_id":"ALVVEN:1"},"type":"Feature"},{"geometry":{"coordinates":[-119.16512,34.22803],"type":"Point"},"properties":{"kind":"stop","name":"Alvarado & Ventura","stop_id":"ALVVEN:2"},"type":"Feature"},{"geometry":{"coordinates":[-119.15846,34.2349],"type":"Point"},"properties":{"kind":"stop","name":"Alvarado & Walnut","stop_id":"ALVWAL:1"},"type":"Feature"},{"geometry":{"coordinates":[-119.15837,34.23481],"type":"Point"},"properties":{"kind":"stop","name":"Alvarado & Walnut","stop_id":"ALVWAL:2"},"type":"Feature"},{"geometry":{"coordinates":[-119.15797,34.23845],"type":"Point"},"properties":{"kind":"stop","name":"Balboa & Salem","stop_id":"BALSAL:1"},"type":"Feature"},{"geometry":{"coordinates":[-119.15773,34.23852],"type":"Point"},"properties":{"kind":"stop","name":"Balboa & Salem","stop_id":"BALSAL:2"},"type":"Feature"},{"geometry":{"coordinates":[-119.19437,34.16117],"type":"Point"},"properties":{"kind":"stop","name":"Bard & 5th","stop_id":"BAR5TH:1"},"type":"Feature"},{"geometry":{"coordinates":[-119.16333,34.16236],"type":"Point"},"properties":{"kind":"stop","name":"Bard & Anchorage","stop_id":"BARANC:1"},"type":"Feature"},{"geometry":{"coordinates":[-119.16249,34.16214],"type":"Point"},"properties":{"kind":"stop","name":"Bard & Anchorage","stop_id":"BARANC:2"},"type":"Feature"},{"geometry":{"coordinates":[-119.18072,34.161],"type":"Point"},"properties":{"kind":"stop","name":"Bard & C","stop_id":"BARCST:1"},"type":"Feature"},{"geometry":{"coordinates":[-119.18077,34.16108],"type":"Point"},"properties":{"kind":"stop","name":"Bard & C","stop_id":"BARCST:2"},"type":"Feature"},{"geometry":{"coordinates":[-119.18821,34.16097],"type":"Point"},"properties":{"kind":"stop","name":"Bard & Park","stop_id":"BARPAR:1"},"type":"Feature"},{"geometry":{"coordinates":[-119.18867,34.16112],"type":"Point"},"properties":{"kind":"stop","name":"Bard & Park","stop_id":"BARPAR:2"},"type":"Feature"},{"geometry":{"coordinates":[-119.15293,34.16172],"type":"Point"},"properties":{"kind":"stop","name":"Bard & Pleasant Valley","stop_id":"BARPVR:1"},"type":"Feature"},{"geometry":{"coordinates":[-119.15254,34.16191],"type":"Point"},"properties":{"kind":"stop","name":"Bard & Pleasant Valley","stop_id":"BARPVR:2"},"type":"Feature"},{"geometry":{"coordinates":[-119.1782,34.16109],"type":"Point"},"properties":{"kind":"stop","name":"Bard & Saviers","stop_id":"BARSAV:1"},"type":"Feature"},{"geometry":{"coordinates":[-119.1771,34.16093],"type":"Point"},"properties":{"kind":"stop","name":"Bard & Saviers","stop_id":"BARSAV:2"},"type":"Feature"},{"geometry":{"coordinates":[-119.1564,34.1618],"type":"Point"},"properties":{"kind":"stop","name":"Bard & Simpson","stop_id":"BARSIM:1"},"type":"Feature"},{"geometry":{"coordinates":[-119.15681,34.16193],"type":"Point"},"properties":{"kind":"stop","name":"Bard & Simpson","stop_id":"BARSIM:2"},"type":"Feature"},{"geometry":{"coordinates":[-119.17101,34.16206],"type":"Point"},"properties":{"kind":"stop","name":"Bard & San Juan","stop_id":"BARSJA:1"},"type":"Feature"},{"geometry":{"coordinates":[-119.1696,34.1619],"type":"Point"},"properties":{"kind":"stop","name":"Bard & San Juan","stop_id":"BARSJA:2"},"type":"Feature"},{"geometry":{"coordinates":[-119.16541,34.16238],"type":"Point"},"properties":{"kind":"stop","name":"Bard & Terrace","stop_id":"BARTER:1"},"type":"Feature"},{"geometry":{"coordinates":[-119.16532,34.16222],"type":"Point"},"properties":{"kind":"stop","name":"Bard & Terrace","stop_id":"BARTER:2"},"type":"Feature"},{"geometry":{"coordinates":[-119.20324,34.25373],"type":"Point"},"properties":{"kind":"stop","name":"Bristol & Hill","stop_id":"BRIHIL:1"},"type":"Feature"},{"geometry":{"coordinates":[-119.20361,34.25356],"type":"Point"},"properties":{"kind":"stop","name":"Bristol & Hill","stop_id":"BRIHIL:2"},"type":"Feature"},{"geometry":{"coordinates":[-119.14969,34.16841],"type":"Point"},"properties":{"kind":"stop","name":"Butler & Olds","stop_id":"BUTOLD:1"},"type":"Feature"},{"geometry":{"coordinates":[-119.14756,34.16719],"type":"Point"},"properties":{"kind":"stop","name":"Butler & Orange Grove","stop_id":"BUTORA:1"},"type":"Feature"},{"geometry":{"coordinates":[-119.14536,34.16525],"type":"Point"},"properties":{"kind":"stop","name":"Butler & Pleasant Valley","stop_id":"BUTPVR:1"},"type":"Feature"},{"geometry":{"coordinates":[-119.3063,34.35291],"type":"Point"},"properties":{"kind":"stop","name":"Casitas & Hwy 33","stop_id":"CAVH33:1"},"type":"Feature"},{"geometry":{"coordinates":[-119.14675,34.25365],"type":"Point"},"properties":{"kind":"stop","name":"Central & Rio Mesa HS","stop_id":"CENRIO:2"},"type":"Feature"},{"geometry":{"coordinates":[-119.17851,34.22107],"type":"Point"},"properties":{"kind":"stop","name":"Citrus Grove & Oxnard","stop_id":"CGLOXB:1"},"type":"Feature"},{"geometry":{"coordinates":[-119.17884,34.22119],"type":"Point"},"properties":{"kind":"stop","name":"Citrus Grove & Oxnard","stop_id":"CGLOXB:2"},"type":"Feature"},{"geometry":{"coordinates":[-119.1679,34.17327],"type":"Point"},"properties":{"kind":"stop","name":"Channel Isl & Albany","stop_id":"CIBALB:1"},"type":"Feature"},{"geometry":{"coordinates":[-119.16525,34.17329],"type":"Point"},"properties":{"kind":"stop","name":"Channel Isl & Concord","stop_id":"CIBCON:1"},"type":"Feature"},{"geometry":{"coordinates":[-119.17933,34.17356],"type":"Point"},"properties":{"kind":"stop","name":"Channel Isl & C","stop_id":"CIBCST:1"},"type":"Feature"},{"geometry":{"coordinates":[-119.15279,34.17337],"type":"Point"},"properties":{"kind":"stop","name":"Channel Isl & Eden","stop_id":"CIBEDE:1"},"type":"Feature"},{"geometry":{"coordinates":[-119.1723,34.17327],"type":"Point"},"properties":{"kind":"stop","name":"Channel Isl & Gisler","stop_id":"CIBGIS:1"},"type":"Feature"},{"geometry":{"coordinates":[-119.17294,34.17337],"type":"Point"},"properties":{"kind":"stop","name":"Channel Isl & Gisler","stop_id":"CIBGIS:2"},"type":"Feature"},{"geometry":{"coordinates":[-119.1867,34.17565],"type":"Point"},"properties":{"kind":"stop","name":"Channel Isl & J","stop_id":"CIBJST:1"},"type":"Feature"},{"geometry":{"coordinates":[-119.1858,34.17553],"type":"Point"},"properties":{"kind":"stop","name":"Channel Isl & J","stop_id":"CIBJST:2"},"type":"Feature"},{"geometry":{"coordinates":[-119.19,34.17558],"type":"Point"},"properties":{"kind":"stop","name":"Channel Isl & Lassen","stop_id":"CIBLAS:1"},"type":"Feature"},{"geometry":{"coordinates":[-119.19253,34.17577],"type":"Point"},"properties":{"kind":"stop","name":"Channel Islands & Manzanita","stop_id":"CIBMAN:1"},"type":"Feature"},{"geometry":{"coordinates":[-119.20886,34.17606],"type":"Point"},"properties":{"kind":"stop","name":"Channel Islands & Patterson","stop_id":"CIBPAT:1"},"type":"Feature"},{"geometry":{"coordinates":[-119.20888,34.17567],"type":"Point"},"properties":{"kind":"stop","name":"Channel Islands & Patterson","stop_id":"CIBPAT:2"},"type":"Feature"},{"geometry":{"coordinates":[-119.16057,34.17344],"type":"Point"},"properties":{"kind":"stop","name":"Channel Isl & Rose","stop_id":"CIBROS:2"},"type":"Feature"},{"geometry":{"coordinates":[-119.17625,34.17331],"type":"Point"},"properties":{"kind":"stop","name":"Channel Isl & Saviers","stop_id":"CIBSAV:1"},"type":"Feature"},{"geometry":{"coordinates":[-119.17654,34.1734],"type":"Point"},"properties":{"kind":"stop","name":"Channel Isl & San Marino","stop_id":"CIBSMS:1"},"type":"Feature"},{"geometry":{"coordinates":[-119.16617,34.17349],"type":"Point"},"properties":{"kind":"stop","name":"Channel Isl & Statham","stop_id":"CIBSTA:1"},"type":"Feature"},{"geometry":{"coordinates":[-119.20094,34.17597],"type":"Point"},"properties":{"kind":"stop","name":"Channel Islands & Ukiah","stop_id":"CIBUKI:1"},"type":"Feature"},{"geometry":{"coordinates":[-119.19622,34.17596],"type":"Point"},"properties":{"kind":"stop","name":"Channel Isl & Ventura","stop_id":"CIBVEN:1"},"type":"Feature"},{"geometry":{"coordinates":[-119.19463,34.17555],"type":"Point"},"properties":{"kind":"stop","name":"Channel Isl & Ventura","stop_id":"CIBVEN:2"},"type":"Feature"},{"geometry":{"coordinates":[-119.21973,34.17612],"type":"Point"},"properties":{"kind":"stop","name":"Channel Islands & Victoria","stop_id":"CIBVIC:1"},"type":"Feature"},{"geometry":{"coordinates":[-119.21335,34.17608],"type":"Point"},"properties":{"kind":"stop","name":"Channel Islands & Wheelhouse","stop_id":"CIBWHE:1"},"type":"Feature"},{"geometry":{"coordinates":[-119.16821,34.20634],"type":"Point"},"properties":{"kind":"stop","name":"Colonia & Juanita","stop_id":"COLJUA:1"},"type":"Feature"},{"geometry":{"coordinates":[-119.16598,34.20631],"type":"Point"},"properties":{"kind":"stop","name":"Colonia & Marquita","stop_id":"COLMAR:1"},"type":"Feature"},{"geometry":{"coordinates":[-119.17148,34.20638],"type":"Point"},"properties":{"kind":"stop","name":"Colonia & McKinley","stop_id":"COLMCK:1"},"type":"Feature"},{"geometry":{"coordinates":[-119.18098,34.20327],"type":"Point"},"properties":{"kind":"stop","name":"C & 1st","stop_id":"CST1ST:1"},"type":"Feature"},{"geometry":{"coordinates":[-119.18112,34.20268],"type":"Point"},"properties":{"kind":"stop","name":"C & 1st","stop_id":"CST1ST:2"},"type":"Feature"},{"geometry":{"coordinates":[-119.18102,34.20066],"type":"Point"},"properties":{"kind":"stop","name":"C & 3rd","stop_id":"CST3RD:1"},"type":"Feature"},{"geometry":{"coordinates":[-119.18114,34.20044],"type":"Point"},"properties":{"kind":"stop","name":"C & 3rd","stop_id":"CST3RD:2"},"type":"Feature"},{"geometry":{"coordinates":[-119.18113,34.19858],"type":"Point"},"properties":{"kind":"stop","name":"C & 4th","stop_id":"CST4TH:1"},"type":"Feature"},{"geometry":{"coordinates":[-119.18105,34.19798],"type":"Point"},"properties":{"kind":"stop","name":"C & 5th","stop_id":"CST5TH:1"},"type":"Feature"},{"geometry":{"coordinates":[-119.1812,34.19604],"type":"Point"},"properties":{"kind":"stop","name":"C & 6th","stop_id":"CST6TH:1"},"type":"Feature"},{"geometry":{"coordinates":[-119.18108,34.19478],"type":"Point"},"properties":{"kind":"stop","name":"C & 7th","stop_id":"CST7TH:1"},"type":"Feature"},{"geometry":{"coordinates":[-119.18124,34.19392],"type":"Point"},"properties":{"kind":"stop","name":"C & 8th","stop_id":"CST8TH:1"},"type":"Feature"},{"geometry":{"coordinates":[-119.18121,34.19224],"type":"Point"},"properties":{"kind":"stop","name":"C & 9th","stop_id":"CST9TH:1"},"type":"Feature"},{"geometry":{"coordinates":[-119.18111,34.19224],"type":"Point"},"properties":{"kind":"stop","name":"C & 9th","stop_id":"CST9TH:2"},"type":"Feature"},{"geometry":{"coordinates":[-119.18129,34.1842],"type":"Point"},"properties":{"kind":"stop","name":"C & Cedar","stop_id":"CSTCED:1"},"type":"Feature"},{"geometry":{"coordinates":[-119.18103,34.2117],"type":"Point"},"properties":{"kind":"stop","name":"C & Devonshire","stop_id":"CSTDEV:1"},"type":"Feature"},{"geometry":{"coordinates":[-119.18092,34.20774],"type":"Point"},"properties":{"kind":"stop","name":"C & Doris","stop_id":"CSTDOR:1"},"type":"Feature"},{"geometry":{"coordinates":[-119.18104,34.20811],"type":"Point"},"properties":{"kind":"stop","name":"C & Doris","stop_id":"CSTDOR:2"},"type":"Feature"},{"geometry":{"coordinates":[-119.1812,34.18396],"type":"Point"},"properties":{"kind":"stop","name":"C & Elm","stop_id":"CSTELM:1"},"type":"Feature"},{"geometry":{"coordinates":[-119.18095,34.2144],"type":"Point"},"properties":{"kind":"stop","name":"C & Glenwood","stop_id":"CSTGLE:1"},"type":"Feature"},{"geometry":{"coordinates":[-119.18099,34.21425],"type":"Point"},"properties":{"kind":"stop","name":"C & Glenwood","stop_id":"CSTGLE:2"},"type":"Feature"},{"geometry":{"coordinates":[-119.18073,34.22026],"type":"Point"},"properties":{"kind":"stop","name":"C & Gonzales","stop_id":"CSTGNZ:1"},"type":"Feature"},{"geometry":{"coordinates":[-119.1809,34.22064],"type":"Point"},"properties":{"kind":"stop","name":"C & Gonzales","stop_id":"CSTGNZ:2"},"type":"Feature"},{"geometry":{"coordinates":[-119.18137,34.18074],"type":"Point"},"properties":{"kind":"stop","name":"C & Hemlock","stop_id":"CSTHEM:1"},"type":"Feature"},{"geometry":{"coordinates":[-119.18124,34.18119],"type":"Point"},"properties":{"kind":"stop","name":"C & Hemlock","stop_id":"CSTHEM:2"},"type":"Feature"},{"geometry":{"coordinates":[-119.18127,34.18633],"type":"Point"},"properties":{"kind":"stop","name":"C & Hill","stop_id":"CSTHIL:1"},"type":"Feature"},{"geometry":{"coordinates":[-119.18116,34.18743],"type":"Point"},"properties":{"kind":"stop","name":"C & Hill","stop_id":"CSTHIL:2"},"type":"Feature"},{"geometry":{"coordinates":[-119.18084,34.21624],"type":"Point"},"properties":{"kind":"stop","name":"C & Ivywood","stop_id":"CSTIVY:1"},"type":"Feature"},{"geometry":{"coordinates":[-119.18095,34.21596],"type":"Point"},"properties":{"kind":"stop","name":"C & Ivywood","stop_id":"CSTIVY:2"},"type":"Feature"},{"geometry":{"coordinates":[-119.18097,34.20541],"type":"Point"},"properties":{"kind":"stop","name":"C & Palm","stop_id":"CSTPAL:1"},"type":"Feature"},{"geometry":{"coordinates":[-119.18111,34.20522],"type":"Point"},"properties":{"kind":"stop","name":"C & Palm","stop_id":"CSTPAL:2"},"type":"Feature"},{"geometry":{"coordinates":[-119.18092,34.21106],"type":"Point"},"properties":{"kind":"stop","name":"C & Robert","stop_id":"CSTROB:1"},"type":"Feature"},{"geometry":{"coordinates":[-119.18104,34.21008],"type":"Point"},"properties":{"kind":"stop","name":"C & Roderick","stop_id":"CSTROD:1"},"type":"Feature"},{"geometry":{"coordinates":[-119.18133,34.17548],"type":"Point"},"properties":{"kind":"stop","name":"C St Transfer Ctr","stop_id":"CTC:1"},"type":"Feature"},{"geometry":{"coordinates":[-119.18118,34.17557],"type":"Point"},"properties":{"kind":"stop","name":"C St Transfer Ctr","stop_id":"CTC:2"},"type":"Feature"},{"geometry":{"coordinates":[-119.1513,34.28795],"type":"Point"},"properties":{"kind":"stop","name":"Darling & Jonquill","stop_id":"DARJON:1"},"type":"Feature"},{"geometry":{"coordinates":[-119.14851,34.28962],"type":"Point"},"properties":{"kind":"stop","name":"Darling & Poinsettia Grdn","stop_id":"DARPOI:1"},"type":"Feature"},{"geometry":{"coordinates":[-119.23569,34.26058],"type":"Point"},"properties":{"kind":"stop","name":"Donlon & Bessemer","stop_id":"DONBES:1"},"type":"Feature"},{"geometry":{"coordinates":[-119.18119,34.20788],"type":"Point"},"properties":{"kind":"stop","name":"Doris & C","stop_id":"DORCST:1"},"type":"Feature"},{"geometry":{"coordinates":[-119.20605,34.20856],"type":"Point"},"properties":{"kind":"stop","name":"Doris & Daffodil","stop_id":"DORDAF:1"},"type":"Feature"},{"geometry":{"coordinates":[-119.18537,34.20807],"type":"Point"},"properties":{"kind":"stop","name":"Doris & F","stop_id":"DORFST:1"},"type":"Feature"},{"geometry":{"coordinates":[-119.1853,34.20787],"type":"Point"},"properties":{"kind":"stop","name":"Doris & F","stop_id":"DORFST:2"},"type":"Feature"},{"geometry":{"coordinates":[-119.18791,34.20808],"type":"Point"},"properties":{"kind":"stop","name":"Doris & H","stop_id":"DORHST:1"},"type":"Feature"},{"geometry":{"coordinates":[-119.18823,34.2079],"type":"Point"},"properties":{"kind":"stop","name":"Doris & H","stop_id":"DORHST:2"},"type":"Feature"},{"geometry":{"coordinates":[-119.19204,34.20803],"type":"Point"},"properties":{"kind":"stop","name":"Doris & M","stop_id":"DORMST:1"},"type":"Feature"},{"geometry":{"coordinates":[-119.19269,34.20794],"type":"Point"},"properties":{"kind":"stop","name":"Doris & M","stop_id":"DORMST:2"},"type":"Feature"},{"geometry":{"coordinates":[-119.19768,34.2085],"type":"Point"},"properties":{"kind":"stop","name":"Doris & Oxford","stop_id":"DOROXF:1"},"type":"Feature"},{"geometry":{"coordinates":[-119.19737,34.20835],"type":"Point"},"properties":{"kind":"stop","name":"Doris & Oxford","stop_id":"DOROXF:2"},"type":"Feature"},{"geometry":{"coordinates":[-119.15653,34.19836],"type":"Point"},"properties":{"kind":"stop","name":"Eastman & Calvery","stop_id":"EASCAC:1"},"type":"Feature"},{"geometry":{"coordinates":[-119.1491,34.17359],"type":"Point"},"properties":{"kind":"stop","name":"El Dorado & Channel Isl","stop_id":"ELDCIB:1"},"type":"Feature"},{"geometry":{"coordinates":[-119.14905,34.17675],"type":"Point"},"properties":{"kind":"stop","name":"El Dorado & Marin","stop_id":"ELDMAR:1"},"type":"Feature"},{"geometry":{"coordinates":[-119.1761,34.23213],"type":"Point"},"properties":{"kind":"stop","name":"Esplanade Shp Ctr","stop_id":"ESPSC:1"},"type":"Feature"},{"geometry":{"coordinates":[-119.17611,34.23175],"type":"Point"},"properties":{"kind":"stop","name":"Esplanade Shp Ctr","stop_id":"ESPSC:2"},"type":"Feature"},{"geometry":{"coordinates":[-119.17845,34.23327],"type":"Point"},"properties":{"kind":"stop","name":"Esplanade & Spur","stop_id":"ESPSPU:1"},"type":"Feature"},{"geometry":{"coordinates":[-119.17846,34.23308],"type":"Point"},"properties":{"kind":"stop","name":"Esplanade & Spur","stop_id":"ESPSPU:2"},"type":"Feature"},{"geometry":{"coordinates":[-119.17274,34.242],"type":"Point"},"properties":{"kind":"stop","name":"Forest Park & Riverpark","stop_id":"FPBRPB:1"},"type":"Feature"},{"geometry":{"coordinates":[-119.17271,34.24221],"type":"Point"},"properties":{"kind":"stop","name":"Forest Park & Riverpark","stop_id":"FPBRPB:2"},"type":"Feature"},{"geometry":{"coordinates":[-119.13249,34.22902],"type":"Point"},"properties":{"kind":"stop","name":"Friedrich & Nyeland","stop_id":"FRINYE:1"},"type":"Feature"},{"geometry":{"coordinates":[-119.18504,34.20156],"type":"Point"},"properties":{"kind":"stop","name":"F & 2nd","stop_id":"FST2ND:1"},"type":"Feature"},{"geometry":{"coordinates":[-119.18499,34.20632],"type":"Point"},"properties":{"kind":"stop","name":"F & Beverly","stop_id":"FSTBEV:1"},"type":"Feature"},{"geometry":{"coordinates":[-119.17385,34.20278],"type":"Point"},"properties":{"kind":"stop","name":"Garfield & 1st","stop_id":"GAR1ST:1"},"type":"Feature"},{"geometry":{"coordinates":[-119.17376,34.20153],"type":"Point"},"properties":{"kind":"stop","name":"Garfield & 2nd","stop_id":"GAR2ND:1"},"type":"Feature"},{"geometry":{"coordinates":[-119.17372,34.20442],"type":"Point"},"properties":{"kind":"stop","name":"Garfield & Cooper","stop_id":"GARCOO:1"},"type":"Feature"},{"geometry":{"coordinates":[-119.14877,34.22685],"type":"Point"},"properties":{"kind":"stop","name":"GCTD Main Office","stop_id":"GCTDMAIN1"},"type":"Feature"},{"geometry":{"coordinates":[-119.15426,34.20215],"type":"Point"},"properties":{"kind":"stop","name":"Gibraltar & Santa Lucia","stop_id":"GIBSLA:1"},"type":"Feature"},{"geometry":{"coordinates":[-119.18101,34.21902],"type":"Point"},"properties":{"kind":"stop","name":"Gonzales & C","stop_id":"GNZCST:1"},"type":"Feature"},{"geometry":{"coordinates":[-119.18186,34.21923],"type":"Point"},"properties":{"kind":"stop","name":"Gonzales & C","stop_id":"GNZCST:2"},"type":"Feature"},{"geometry":{"coordinates":[-119.17195,34.21895],"type":"Point"},"properties":{"kind":"stop","name":"Gonzales & Entrada","stop_id":"GNZENT:1"},"type":"Feature"},{"geometry":{"coordinates":[-119.17199,34.21912],"type":"Point"},"properties":{"kind":"stop","name":"Gonzales & Entrada","stop_id":"GNZENT:2"},"type":"Feature"},{"geometry":{"coordinates":[-119.20162,34.21924],"type":"Point"},"properties":{"kind":"stop","name":"Gonzales & Galletin","stop_id":"GNZGAL:1"},"type":"Feature"},{"geometry":{"coordinates":[-119.18529,34.21907],"type":"Point"},"properties":{"kind":"stop","name":"Gonzales & H","stop_id":"GNZHST:1"},"type":"Feature"},{"geometry":{"coordinates":[-119.1867,34.21926],"type":"Point"},"properties":{"kind":"stop","name":"Gonzales & H","stop_id":"GNZHST:2"},"type":"Feature"},{"geometry":{"coordinates":[-119.19051,34.21907],"type":"Point"},"properties":{"kind":"stop","name":"Gonzales & Lantana","stop_id":"GNZLAN:1"},"type":"Feature"},{"geometry":{"coordinates":[-119.18985,34.21927],"type":"Point"},"properties":{"kind":"stop","name":"Gonzales & Lantana","stop_id":"GNZLAN:2"},"type":"Feature"},{"geometry":{"coordinates":[-119.14801,34.21865],"type":"Point"},"properties":{"kind":"stop","name":"Gonzales & Lombard","stop_id":"GNZLOM:1"},"type":"Feature"},{"geometry":{"coordinates":[-119.14982,34.21895],"type":"Point"},"properties":{"kind":"stop","name":"Gonzales & Outlet Ctr","stop_id":"GNZOCD:1"},"type":"Feature"},{"geometry":{"coordinates":[-119.21368,34.21932],"type":"Point"},"properties":{"kind":"stop","name":"Gonzales & Oxnard HS","stop_id":"GNZOHS:1"},"type":"Feature"},{"geometry":{"coordinates":[-119.19884,34.21922],"type":"Point"},"properties":{"kind":"stop","name":"Gonzales & Patricia","stop_id":"GNZPAT:1"},"type":"Feature"},{"geometry":{"coordinates":[-119.15974,34.2188],"type":"Point"},"properties":{"kind":"stop","name":"Gonzales & Rose (before)","stop_id":"GNZROS:1"},"type":"Feature"},{"geometry":{"coordinates":[-119.15746,34.21876],"type":"Point"},"properties":{"kind":"stop","name":"Gonzales & Rose (after)","stop_id":"GNZROS:2"},"type":"Feature"},{"geometry":{"coordinates":[-119.15631,34.21905],"type":"Point"},"properties":{"kind":"stop","name":"Gonzales & Rose (before)","stop_id":"GNZROS:3"},"type":"Feature"},{"geometry":{"coordinates":[-119.16145,34.21911],"type":"Point"},"properties":{"kind":"stop","name":"Gonzales & Rose (after)","stop_id":"GNZROS:4"},"type":"Feature"},{"geometry":{"coordinates":[-119.16556,34.21883],"type":"Point"},"properties":{"kind":"stop","name":"Gonzales & Snow","stop_id":"GNZSNO:1"},"type":"Feature"},{"geometry":{"coordinates":[-119.16501,34.21912],"type":"Point"},"properties":{"kind":"stop","name":"Gonzales & Snow","stop_id":"GNZSNO:2"},"type":"Feature"},{"geometry":{"coordinates":[-119.14459,34.21864],"type":"Point"},"properties":{"kind":"stop","name":"Gonzales & Solar","stop_id":"GNZSOL:1"},"type":"Feature"},{"geometry":{"coordinates":[-119.14554,34.2189],"type":"Point"},"properties":{"kind":"stop","name":"Gonzales & Solar","stop_id":"GNZSOL:2"},"type":"Feature"},{"geometry":{"coordinates":[-119.1935,34.21915],"type":"Point"},"properties":{"kind":"stop","name":"Gonzales & Ventura","stop_id":"GNZVEN:1"},"type":"Feature"},{"geometry":{"coordinates":[-119.22012,34.21933],"type":"Point"},"properties":{"kind":"stop","name":"Gonzales & Victoria","stop_id":"GNZVIC:1"},"type":"Feature"},{"geometry":{"coordinates":[-119.15332,34.21872],"type":"Point"},"properties":{"kind":"stop","name":"Gonzales & Williams","stop_id":"GNZWIL:1"},"type":"Feature"},{"geometry":{"coordinates":[-119.15286,34.21901],"type":"Point"},"properties":{"kind":"stop","name":"Gonzales & Williams","stop_id":"GNZWIL:2"},"type":"Feature"},{"geometry":{"coordinates":[-119.20712,34.25323],"type":"Point"},"properties":{"kind":"stop","name":"Grand & Bristol","stop_id":"GRABRI:1"},"type":"Feature"},{"geometry":{"coordinates":[-119.2074,34.25392],"type":"Point"},"properties":{"kind":"stop","name":"Grand & Bristol","stop_id":"GRABRI:2"},"type":"Feature"},{"geometry":{"coordinates":[-119.30636,34.37228],"type":"Point"},"properties":{"kind":"stop","name":"Hwy 33 & Arroyo MHP","stop_id":"H33AMP:1"},"type":"Feature"},{"geometry":{"coordinates":[-119.30659,34.3719],"type":"Point"},"properties":{"kind":"stop","name":"Hwy 33 & Arroyo MHP","stop_id":"H33AMP:2"},"type":"Feature"},{"geometry":{"coordinates":[-119.28869,34.42882],"type":"Point"},"properties":{"kind":"stop","name":"Hwy 33 & Baldwin","stop_id":"H33BAL:1"},"type":"Feature"},{"geometry":{"coordinates":[-119.28876,34.42944],"type":"Point"},"properties":{"kind":"stop","name":"Hwy 33 & Baldwin","stop_id":"H33BAL:2"},"type":"Feature"},{"geometry":{"coordinates":[-119.29462,34.41266],"type":"Point"},"properties":{"kind":"stop","name":"Hwy 33 & Barbara","stop_id":"H33BAR:1"},"type":"Feature"},{"geometry":{"coordinates":[-119.2948,34.4129],"type":"Point"},"properties":{"kind":"stop","name":"Hwy 33 & Barbara","stop_id":"H33BAR:2"},"type":"Feature"},{"geometry":{"coordinates":[-119.30645,34.36737],"type":"Point"},"properties":{"kind":"stop","name":"Hwy 33 & Casitas","stop_id":"H33CAS:1"},"type":"Feature"},{"geometry":{"coordinates":[-119.30656,34.36727],"type":"Point"},"properties":{"kind":"stop","name":"Hwy 33 & Casitas","stop_id":"H33CAS:2"},"type":"Feature"},{"geometry":{"coordinates":[-119.29361,34.41657],"type":"Point"},"properties":{"kind":"stop","name":"Hwy 33 & Cntry Village MHP","stop_id":"H33CVM:1"},"type":"Feature"},{"geometry":{"coordinates":[-119.29393,34.41602],"type":"Point"},"properties":{"kind":"stop","name":"Hwy 33 & Cntry Village MHP","stop_id":"H33CVM:2"},"type":"Feature"},{"geometry":{"coordinates":[-119.29959,34.40241],"type":"Point"},"properties":{"kind":"stop","name":"Hwy 33 & Casitas Water Dist","stop_id":"H33CWD:1"},"type":"Feature"},{"geometry":{"coordinates":[-119.3009,34.39325],"type":"Point"},"properties":{"kind":"stop","name":"Hwy 33 & Larmier","stop_id":"H33LAR:1"},"type":"Feature"},{"geometry":{"coordinates":[-119.30105,34.39359],"type":"Point"},"properties":{"kind":"stop","name":"Hwy 33 & Larmier","stop_id":"H33LAR:2"},"type":"Feature"},{"geometry":{"coordinates":[-119.28039,34.43212],"type":"Point"},"properties":{"kind":"stop","name":"Hwy 33 & Loma","stop_id":"H33LOM:1"},"type":"Feature"},{"geometry":{"coordinates":[-119.28128,34.43218],"type":"Point"},"properties":{"kind":"stop","name":"Hwy 33 & Loma","stop_id":"H33LOM:2"},"type":"Feature"},{"geometry":{"coordinates":[-119.20302,34.18595],"type":"Point"},"properties":{"kind":"stop","name":"Hill & McLoughlin","stop_id":"H33MCL:1"},"type":"Feature"},{"geometry":{"coordinates":[-119.30615,34.3742],"type":"Point"},"properties":{"kind":"stop","name":"Hwy 33 & Nye","stop_id":"H33NYE:1"},"type":"Feature"},{"geometry":{"coordinates":[-119.2996,34.39671],"type":"Point"},"properties":{"kind":"stop","name":"Hwy 33 & Oak View","stop_id":"H33OVA:1"},"type":"Feature"},{"geometry":{"coordinates":[-119.29981,34.39664],"type":"Point"},"properties":{"kind":"stop","name":"Hwy 33 & Oak View","stop_id":"H33OVA:2"},"type":"Feature"},{"geometry":{"coordinates":[-119.26285,34.43805],"type":"Point"},"properties":{"kind":"stop","name":"Hwy 33 & Ojai Valley Inn (Emp. Ent)","stop_id":"H33OVI:1"},"type":"Feature"},{"geometry":{"coordinates":[-119.28893,34.42512],"type":"Point"},"properties":{"kind":"stop","name":"Hwy 33 & Redhorse Plaza","stop_id":"H33RHP:1"},"type":"Feature"},{"geometry":{"coordinates":[-119.29967,34.4004],"type":"Point"},"properties":{"kind":"stop","name":"Hwy 33 & Santa Ana (Ojai)","stop_id":"H33SAO:1"},"type":"Feature"},{"geometry":{"coordinates":[-119.29983,34.40074],"type":"Point"},"properties":{"kind":"stop","name":"Hwy 33 & Santa Ana (Ojai)","stop_id":"H33SAO:2"},"type":"Feature"},{"geometry":{"coordinates":[-119.30579,34.37765],"type":"Point"},"properties":{"kind":"stop","name":"Hwy 33 & Sulphur","stop_id":"H33SMR:1"},"type":"Feature"},{"geometry":{"coordinates":[-119.30595,34.37754],"type":"Point"},"properties":{"kind":"stop","name":"Hwy 33 & Sulphur","stop_id":"H33SMR:2"},"type":"Feature"},{"geometry":{"coordinates":[-119.30735,34.3641],"type":"Point"},"properties":{"kind":"stop","name":"Hwy 33 & Sycamore","stop_id":"H33SYC:1"},"type":"Feature"},{"geometry":{"coordinates":[-119.30746,34.36436],"type":"Point"},"properties":{"kind":"stop","name":"Hwy 33 & Sycamore","stop_id":"H33SYC:2"},"type":"Feature"},{"geometry":{"coordinates":[-119.28947,34.42308],"type":"Point"},"properties":{"kind":"stop","name":"Hwy 33 & Woodland","stop_id":"H33WOO:1"},"type":"Feature"},{"geometry":{"coordinates":[-119.28978,34.4228],"type":"Point"},"properties":{"kind":"stop","name":"Hwy 33 & Woodland","stop_id":"H33WOO:2"},"type":"Feature"},{"geometry":{"coordinates":[-119.2158,34.18136],"type":"Point"},"properties":{"kind":"stop","name":"Hemlock & Capstan","stop_id":"HEMCAP:1"},"type":"Feature"},{"geometry":{"coordinates":[-119.20326,34.18123],"type":"Point"},"properties":{"kind":"stop","name":"Hemlock & Lido","stop_id":"HEMLID:1"},"type":"Feature"},{"geometry":{"coordinates":[-119.20872,34.1813],"type":"Point"},"properties":{"kind":"stop","name":"Hemlock & Patterson","stop_id":"HEMPAT:1"},"type":"Feature"},{"geometry":{"coordinates":[-119.18795,34.19739],"type":"Point"},"properties":{"kind":"stop","name":"Hobson & 5th","stop_id":"HOB5TH:1"},"type":"Feature"},{"geometry":{"coordinates":[-119.18894,34.19471],"type":"Point"},"properties":{"kind":"stop","name":"Hobson & 7th","stop_id":"HOB7TH:1"},"type":"Feature"},{"geometry":{"coordinates":[-119.18816,34.19552],"type":"Point"},"properties":{"kind":"stop","name":"Hobson & 7th","stop_id":"HOB7TH:2"},"type":"Feature"},{"geometry":{"coordinates":[-119.18909,34.19372],"type":"Point"},"properties":{"kind":"stop","name":"Hobson & Arts Ctr","stop_id":"HOBPAC:1"},"type":"Feature"},{"geometry":{"coordinates":[-119.18956,34.19032],"type":"Point"},"properties":{"kind":"stop","name":"Hobson & Wooley","stop_id":"HOBWOO:1"},"type":"Feature"},{"geometry":{"coordinates":[-119.18792,34.20181],"type":"Point"},"properties":{"kind":"stop","name":"H & 2nd","stop_id":"HST2ND:2"},"type":"Feature"},{"geometry":{"coordinates":[-119.1881,34.2112],"type":"Point"},"properties":{"kind":"stop","name":"H & Devonshire","stop_id":"HSTDEV:2"},"type":"Feature"},{"geometry":{"coordinates":[-119.18813,34.2082],"type":"Point"},"properties":{"kind":"stop","name":"H & Doris","stop_id":"HSTDOR:2"},"type":"Feature"},{"geometry":{"coordinates":[-119.18637,34.22347],"type":"Point"},"properties":{"kind":"stop","name":"H & Erica","stop_id":"HSTERI:2"},"type":"Feature"},{"geometry":{"coordinates":[-119.18639,34.21952],"type":"Point"},"properties":{"kind":"stop","name":"H & Gonzales","stop_id":"HSTGNZ:2"},"type":"Feature"},{"geometry":{"coordinates":[-119.18631,34.22683],"type":"Point"},"properties":{"kind":"stop","name":"H & Holly","stop_id":"HSTHOL:2"},"type":"Feature"},{"geometry":{"coordinates":[-119.18801,34.21621],"type":"Point"},"properties":{"kind":"stop","name":"H & Ivywood","stop_id":"HSTIVY:2"},"type":"Feature"},{"geometry":{"coordinates":[-119.18794,34.20507],"type":"Point"},"properties":{"kind":"stop","name":"H & Palm","stop_id":"HSTPAL:1"},"type":"Feature"},{"geometry":{"coordinates":[-119.17984,34.14758],"type":"Point"},"properties":{"kind":"stop","name":"Hueneme & Courtland","stop_id":"HUECRT1"},"type":"Feature"},{"geometry":{"coordinates":[-119.18569,34.14762],"type":"Point"},"properties":{"kind":"stop","name":"Hueneme & J","stop_id":"HUEJST:1"},"type":"Feature"},{"geometry":{"coordinates":[-119.18654,34.14742],"type":"Point"},"properties":{"kind":"stop","name":"Hueneme & J","stop_id":"HUEJST:2"},"type":"Feature"},{"geometry":{"coordinates":[-119.1896,34.14742],"type":"Point"},"properties":{"kind":"stop","name":"Hueneme & Surfside","stop_id":"HUESUR1"},"type":"Feature"},{"geometry":{"coordinates":[-119.19091,34.14767],"type":"Point"},"properties":{"kind":"stop","name":"Hueneme & Surfside","stop_id":"HUESUR2"},"type":"Feature"},{"geometry":{"coordinates":[-119.19606,34.14782],"type":"Point"},"properties":{"kind":"stop","name":"Hueneme & Ventura","stop_id":"HUEVEN:1"},"type":"Feature"},{"geometry":{"coordinates":[-119.19603,34.1477],"type":"Point"},"properties":{"kind":"stop","name":"Hueneme & Ventura","stop_id":"HUEVEN:2"},"type":"Feature"},{"geometry":{"coordinates":[-119.26104,34.44083],"type":"Point"},"properties":{"kind":"stop","name":"HWY 150 & HWY 33","stop_id":"HWY150:1"},"type":"Feature"},{"geometry":{"coordinates":[-119.26121,34.44116],"type":"Point"},"properties":{"kind":"stop","name":"HWY 150 & HWY 33","stop_id":"HWY150:2"},"type":"Feature"},{"geometry":{"coordinates":[-119.15727,34.17936],"type":"Point"},"properties":{"kind":"stop","name":"Ives & Churchill","stop_id":"IVECHU:1"},"type":"Feature"},{"geometry":{"coordinates":[-119.19424,34.21611],"type":"Point"},"properties":{"kind":"stop","name":"Ivywood & Ventura","stop_id":"IVYVEN:1"},"type":"Feature"},{"geometry":{"coordinates":[-119.19424,34.21602],"type":"Point"},"properties":{"kind":"stop","name":"Ivywood & Ventura","stop_id":"IVYVEN:2"},"type":"Feature"},{"geometry":{"coordinates":[-119.19446,34.24654],"type":"Point"},"properties":{"kind":"stop","name":"Johnson & Northbank","stop_id":"J0NBNK:1"},"type":"Feature"},{"geometry":{"coordinates":[-119.19658,34.25013],"type":"Point"},"properties":{"kind":"stop","name":"Johnson & Crescent","stop_id":"JOHCRE:1"},"type":"Feature"},{"geometry":{"coordinates":[-119.19716,34.25336],"type":"Point"},"properties":{"kind":"stop","name":"Johnson & Hummingbird","stop_id":"JOHHUM:1"},"type":"Feature"},{"geometry":{"coordinates":[-119.19741,34.2533],"type":"Point"},"properties":{"kind":"stop","name":"Johnson & Hummingbird","stop_id":"JOHHUM:2"},"type":"Feature"},{"geometry":{"coordinates":[-119.19578,34.2483],"type":"Point"},"properties":{"kind":"stop","name":"Johnson & Northbank","stop_id":"JOHNBK:1"},"type":"Feature"},{"geometry":{"coordinates":[-119.18851,34.18306],"type":"Point"},"properties":{"kind":"stop","name":"J & Fir","stop_id":"JSTFIR:1"},"type":"Feature"},{"geometry":{"coordinates":[-119.18732,34.1818],"type":"Point"},"properties":{"kind":"stop","name":"J & Hemlock","stop_id":"JSTHEM:1"},"type":"Feature"},{"geometry":{"coordinates":[-119.1873,34.1819],"type":"Point"},"properties":{"kind":"stop","name":"J & Hemlock","stop_id":"JSTHEM:2"},"type":"Feature"},{"geometry":{"coordinates":[-119.18943,34.18619],"type":"Point"},"properties":{"kind":"stop","name":"J & Hill","stop_id":"JSTHIL:1"},"type":"Feature"},{"geometry":{"coordinates":[-119.18939,34.1862],"type":"Point"},"properties":{"kind":"stop","name":"J & Hill","stop_id":"JSTHIL:2"},"type":"Feature"},{"geometry":{"coordinates":[-119.18632,34.17929],"type":"Point"},"properties":{"kind":"stop","name":"J & Kamala","stop_id":"JSTKA2:1"},"type":"Feature"},{"geometry":{"coordinates":[-119.18622,34.17891],"type":"Point"},"properties":{"kind":"stop","name":"J & Kamala","stop_id":"JSTKAM:1"},"type":"Feature"},{"geometry":{"coordinates":[-119.18922,34.18402],"type":"Point"},"properties":{"kind":"stop","name":"J & McKinna","stop_id":"JSTMCK:1"},"type":"Feature"},{"geometry":{"coordinates":[-119.18945,34.19055],"type":"Point"},"properties":{"kind":"stop","name":"J & Wooley","stop_id":"JSTWOO:1"},"type":"Feature"},{"geometry":{"coordinates":[-119.14921,34.19924],"type":"Point"},"properties":{"kind":"stop","name":"Lombard & Eastman","stop_id":"LOMEAS:1"},"type":"Feature"},{"geometry":{"coordinates":[-119.25801,34.27537],"type":"Point"},"properties":{"kind":"stop","name":"Loma Vista & Brent","stop_id":"LVRBRE:1"},"type":"Feature"},{"geometry":{"coordinates":[-119.25716,34.27535],"type":"Point"},"properties":{"kind":"stop","name":"Loma Vista & Brent","stop_id":"LVRBRE:2"},"type":"Feature"},{"geometry":{"coordinates":[-119.25329,34.27612],"type":"Point"},"properties":{"kind":"stop","name":"Loma Vista Road & Hillmont Avenue (VCMC)","stop_id":"LVRHIL:1"},"type":"Feature"},{"geometry":{"coordinates":[-119.2533,34.2759],"type":"Point"},"properties":{"kind":"stop","name":"Loma Vista Road & Hillmont Avenue","stop_id":"LVRHIL:2"},"type":"Feature"},{"geometry":{"coordinates":[-119.26077,34.27483],"type":"Point"},"properties":{"kind":"stop","name":"Loma Vista & Main","stop_id":"LVRMAI:1"},"type":"Feature"},{"geometry":{"coordinates":[-119.2492,34.27671],"type":"Point"},"properties":{"kind":"stop","name":"Loma Vista & Mills","stop_id":"LVRMIL:1"},"type":"Feature"},{"geometry":{"coordinates":[-119.24912,34.27655],"type":"Point"},"properties":{"kind":"stop","name":"Loma Vista & Mills","stop_id":"LVRMIL:2"},"type":"Feature"},{"geometry":{"coordinates":[-119.2398,34.26379],"type":"Point"},"properties":{"kind":"stop","name":"Main & Callens","stop_id":"MACALL:1"},"type":"Feature"},{"geometry":{"coordinates":[-119.27726,34.27969],"type":"Point"},"properties":{"kind":"stop","name":"Main & Chrisman","stop_id":"MAICHR:1"},"type":"Feature"},{"geometry":{"coordinates":[-119.2369,34.26292],"type":"Point"},"properties":{"kind":"stop","name":"Main & Donlon (Target)","stop_id":"MAIDON:1"},"type":"Feature"},{"geometry":{"coordinates":[-119.23628,34.26317],"type":"Point"},"properties":{"kind":"stop","name":"Main & Donlon (Target)","stop_id":"MAIDON:2"},"type":"Feature"},{"geometry":{"coordinates":[-119.27653,34.27968],"type":"Point"},"properties":{"kind":"stop","name":"Main & Encinal","stop_id":"MAIENC:1"},"type":"Feature"},{"geometry":{"coordinates":[-119.27381,34.27888],"type":"Point"},"properties":{"kind":"stop","name":"Main & Hurst","stop_id":"MAIHUR:1"},"type":"Feature"},{"geometry":{"coordinates":[-119.26192,34.27505],"type":"Point"},"properties":{"kind":"stop","name":"Main & Katherine","stop_id":"MAIKAT:1"},"type":"Feature"},{"geometry":{"coordinates":[-119.24559,34.26466],"type":"Point"},"properties":{"kind":"stop","name":"Main & Mills","stop_id":"MAIMIL:1"},"type":"Feature"},{"geometry":{"coordinates":[-119.26874,34.27781],"type":"Point"},"properties":{"kind":"stop","name":"Main & Catalina","stop_id":"MAINCA:1"},"type":"Feature"},{"geometry":{"coordinates":[-119.26885,34.27764],"type":"Point"},"properties":{"kind":"stop","name":"Main & Catalina","stop_id":"MAINCA:2"},"type":"Feature"},{"geometry":{"coordinates":[-119.27317,34.27883],"type":"Point"},"properties":{"kind":"stop","name":"Main & Pacific","stop_id":"MAIPAC:1"},"type":"Feature"},{"geometry":{"coordinates":[-119.26588,34.27687],"type":"Point"},"properties":{"kind":"stop","name":"Main & Seaward","stop_id":"MAISEA:1"},"type":"Feature"},{"geometry":{"coordinates":[-119.26501,34.27628],"type":"Point"},"properties":{"kind":"stop","name":"Main & Seaward","stop_id":"MAISEA:2"},"type":"Feature"},{"geometry":{"coordinates":[-119.23697,34.25741],"type":"Point"},"properties":{"kind":"stop","name":"Market & Donlon","stop_id":"MARDON:1"},"type":"Feature"},{"geometry":{"coordinates":[-119.20283,34.18418],"type":"Point"},"properties":{"kind":"stop","name":"McLoughlin & Carob","stop_id":"MCLCAR:1"},"type":"Feature"},{"geometry":{"coordinates":[-119.24626,34.26668],"type":"Point"},"properties":{"kind":"stop","name":"Mills Road & Main Street","stop_id":"MILMAI1"},"type":"Feature"},{"geometry":{"coordinates":[-119.24695,34.26916],"type":"Point"},"properties":{"kind":"stop","name":"Mills & Maple","stop_id":"MILMAP:1"},"type":"Feature"},{"geometry":{"coordinates":[-119.24689,34.26916],"type":"Point"},"properties":{"kind":"stop","name":"Mills & Maple","stop_id":"MILMAP:2"},"type":"Feature"},{"geometry":{"coordinates":[-119.24778,34.27351],"type":"Point"},"properties":{"kind":"stop","name":"Mills & Telegraph","stop_id":"MILTEL:1"},"type":"Feature"},{"geometry":{"coordinates":[-119.24796,34.27352],"type":"Point"},"properties":{"kind":"stop","name":"Mills & Telegraph","stop_id":"MILTEL:2"},"type":"Feature"},{"geometry":{"coordinates":[-119.20996,34.25579],"type":"Point"},"properties":{"kind":"stop","name":"Moon & Victoria","stop_id":"MOOVIC:1"},"type":"Feature"},{"geometry":{"coordinates":[-119.19219,34.21207],"type":"Point"},"properties":{"kind":"stop","name":"M & Devonshire","stop_id":"MSTDEV:1"},"type":"Feature"},{"geometry":{"coordinates":[-119.19229,34.21159],"type":"Point"},"properties":{"kind":"stop","name":"M & Devonshire","stop_id":"MSTDEV:2"},"type":"Feature"},{"geometry":{"coordinates":[-119.19235,34.20822],"type":"Point"},"properties":{"kind":"stop","name":"M & Doris","stop_id":"MSTDOR:1"},"type":"Feature"},{"geometry":{"coordinates":[-119.19219,34.21443],"type":"Point"},"properties":{"kind":"stop","name":"M & Glenwood","stop_id":"MSTGLE:1"},"type":"Feature"},{"geometry":{"coordinates":[-119.16271,34.20681],"type":"Point"},"properties":{"kind":"stop","name":"Camino Del Sol and Colonia","stop_id":"MULSRV:1"},"type":"Feature"},{"geometry":{"coordinates":[-119.14748,34.28273],"type":"Point"},"properties":{"kind":"stop","name":"Nardo & LA Ave","stop_id":"NARLAA:1"},"type":"Feature"},{"geometry":{"coordinates":[-119.20373,34.18801],"type":"Point"},"properties":{"kind":"stop","name":"Novato & El Portal","stop_id":"NOVELP:1"},"type":"Feature"},{"geometry":{"coordinates":[-119.1351,34.22581],"type":"Point"},"properties":{"kind":"stop","name":"Nyeland & Eucalyptus","stop_id":"NYEEUC:1"},"type":"Feature"},{"geometry":{"coordinates":[-119.13742,34.22309],"type":"Point"},"properties":{"kind":"stop","name":"Nyeland & Ventura","stop_id":"NYEVTA:1"},"type":"Feature"},{"geometry":{"coordinates":[-119.2485,34.44752],"type":"Point"},"properties":{"kind":"stop","name":"Ojai Ave & Blanche","stop_id":"OJABLA:1"},"type":"Feature"},{"geometry":{"coordinates":[-119.24615,34.44786],"type":"Point"},"properties":{"kind":"stop","name":"Ojai Ave & Signal","stop_id":"OJASIG:1"},"type":"Feature"},{"geometry":{"coordinates":[-119.15144,34.16309],"type":"Point"},"properties":{"kind":"stop","name":"Olds & Blue Jay","stop_id":"OLDBLJ:1"},"type":"Feature"},{"geometry":{"coordinates":[-119.15142,34.16621],"type":"Point"},"properties":{"kind":"stop","name":"Olds & Country Club","stop_id":"OLDCCC:1"},"type":"Feature"},{"geometry":{"coordinates":[-119.17668,34.1993],"type":"Point"},"properties":{"kind":"stop","name":"OTC","stop_id":"OTC:1"},"type":"Feature"},{"geometry":{"coordinates":[-119.17834,34.24316],"type":"Point"},"properties":{"kind":"stop","name":"Oxnard & Clyde River","stop_id":"OXBCRP:1"},"type":"Feature"},{"geometry":{"coordinates":[-119.17931,34.24269],"type":"Point"},"properties":{"kind":"stop","name":"Oxnard & Clyde River","stop_id":"OXBCRP:2"},"type":"Feature"},{"geometry":{"coordinates":[-119.17724,34.2251],"type":"Point"},"properties":{"kind":"stop","name":"Oxnard & Vineyard","stop_id":"OXBVIN:1"},"type":"Feature"},{"geometry":{"coordinates":[-119.15748,34.16268],"type":"Point"},"properties":{"kind":"stop","name":"Oxnard College (Lot A)","stop_id":"OXCOLL:1"},"type":"Feature"},{"geometry":{"coordinates":[-119.15731,34.16271],"type":"Point"},"properties":{"kind":"stop","name":"Oxnard College (Lot B)","stop_id":"OXCOLL:2"},"type":"Feature"},{"geometry":{"coordinates":[-119.1652,34.18874],"type":"Point"},"properties":{"kind":"stop","name":"Pacific & Titan","stop_id":"PACTIT:1"},"type":"Feature"},{"geometry":{"coordinates":[-119.14956,34.22512],"type":"Point"},"properties":{"kind":"stop","name":"Paseo Mercado","stop_id":"PASMER2"},"type":"Feature"},{"geometry":{"coordinates":[-119.20786,34.19159],"type":"Point"},"properties":{"kind":"stop","name":"Patterson & Kelp","stop_id":"PATKEL:2"},"type":"Feature"},{"geometry":{"coordinates":[-119.20799,34.2102],"type":"Point"},"properties":{"kind":"stop","name":"Patterson & Lion's Gate","stop_id":"PATLGD:1"},"type":"Feature"},{"geometry":{"coordinates":[-119.18395,34.15124],"type":"Point"},"properties":{"kind":"stop","name":"Perkins & Clara","stop_id":"PERCLA:1"},"type":"Feature"},{"geometry":{"coordinates":[-119.18382,34.15096],"type":"Point"},"properties":{"kind":"stop","name":"Perkins & Clara","stop_id":"PERCLA:2"},"type":"Feature"},{"geometry":{"coordinates":[-119.18396,34.14777],"type":"Point"},"properties":{"kind":"stop","name":"Perkins & Hueneme","stop_id":"PERHUE:1"},"type":"Feature"},{"geometry":{"coordinates":[-119.18372,34.14781],"type":"Point"},"properties":{"kind":"stop","name":"Perkins & Hueneme","stop_id":"PERHUE:2"},"type":"Feature"},{"geometry":{"coordinates":[-119.18391,34.15442],"type":"Point"},"properties":{"kind":"stop","name":"Perkins & Pleasant Valley","stop_id":"PERPVR:1"},"type":"Feature"},{"geometry":{"coordinates":[-119.18378,34.15441],"type":"Point"},"properties":{"kind":"stop","name":"Perkins & Pleasant Valley","stop_id":"PERPVR:2"},"type":"Feature"},{"geometry":{"coordinates":[-119.2,34.15146],"type":"Point"},"properties":{"kind":"stop","name":"Ponoma & Clara","stop_id":"PONCLA:1"},"type":"Feature"},{"geometry":{"coordinates":[-119.20008,34.1517],"type":"Point"},"properties":{"kind":"stop","name":"Ponoma & Clara","stop_id":"PONCLA:2"},"type":"Feature"},{"geometry":{"coordinates":[-119.19998,34.15409],"type":"Point"},"properties":{"kind":"stop","name":"Ponoma & C","stop_id":"PONCST:1"},"type":"Feature"},{"geometry":{"coordinates":[-119.2001,34.15389],"type":"Point"},"properties":{"kind":"stop","name":"Ponoma & C","stop_id":"PONCST:2"},"type":"Feature"},{"geometry":{"coordinates":[-119.24181,34.44827],"type":"Point"},"properties":{"kind":"stop","name":"Ojai Ave & Fox","stop_id":"PRKRID:1"},"type":"Feature"},{"geometry":{"coordinates":[-119.17403,34.15461],"type":"Point"},"properties":{"kind":"stop","name":"Pleasant Valley & Cloyne","stop_id":"PVRCLO:1"},"type":"Feature"},{"geometry":{"coordinates":[-119.17505,34.15476],"type":"Point"},"properties":{"kind":"stop","name":"Pleasant Valley & Cloyne","stop_id":"PVRCLO:2"},"type":"Feature"},{"geometry":{"coordinates":[-119.18166,34.15479],"type":"Point"},"properties":{"kind":"stop","name":"Pleasant Valley & C","stop_id":"PVRCST:1"},"type":"Feature"},{"geometry":{"coordinates":[-119.18025,34.1546],"type":"Point"},"properties":{"kind":"stop","name":"Pleasant Valley & C","stop_id":"PVRCST:2"},"type":"Feature"},{"geometry":{"coordinates":[-119.1609,34.15713],"type":"Point"},"properties":{"kind":"stop","name":"Pleasant Valley & Rose","stop_id":"PVRROS:1"},"type":"Feature"},{"geometry":{"coordinates":[-119.15996,34.15786],"type":"Point"},"properties":{"kind":"stop","name":"Pleasant Valley & Rose","stop_id":"PVRROS:2"},"type":"Feature"},{"geometry":{"coordinates":[-119.17728,34.15462],"type":"Point"},"properties":{"kind":"stop","name":"Pleasant Valley & Saviers","stop_id":"PVRSAV:1"},"type":"Feature"},{"geometry":{"coordinates":[-119.14709,34.16414],"type":"Point"},"properties":{"kind":"stop","name":"Pleasant Valley & Shakespeare","stop_id":"PVRSHK:1"},"type":"Feature"},{"geometry":{"coordinates":[-119.17001,34.15459],"type":"Point"},"properties":{"kind":"stop","name":"Pleasant Valley & Squires","stop_id":"PVRSQU:1"},"type":"Feature"},{"geometry":{"coordinates":[-119.17077,34.15478],"type":"Point"},"properties":{"kind":"stop","name":"Pleasant Valley & Squires","stop_id":"PVRSQU:2"},"type":"Feature"},{"geometry":{"coordinates":[-119.16519,34.1555],"type":"Point"},"properties":{"kind":"stop","name":"Pleasant Valley & Terrace","stop_id":"PVRTER:1"},"type":"Feature"},{"geometry":{"coordinates":[-119.1656,34.15506],"type":"Point"},"properties":{"kind":"stop","name":"Pleasant Valley & Terrace","stop_id":"PVRTER:2"},"type":"Feature"},{"geometry":{"coordinates":[-119.19578,34.15489],"type":"Point"},"properties":{"kind":"stop","name":"Pleasant Valley & Ventura","stop_id":"PVRVEN:1"},"type":"Feature"},{"geometry":{"coordinates":[-119.14234,34.20556],"type":"Point"},"properties":{"kind":"stop","name":"Rice & Camino Del Sol","stop_id":"RICCAM:1"},"type":"Feature"},{"geometry":{"coordinates":[-119.14229,34.21061],"type":"Point"},"properties":{"kind":"stop","name":"Rice & Latigo","stop_id":"RICLAT:1"},"type":"Feature"},{"geometry":{"coordinates":[-119.14226,34.21473],"type":"Point"},"properties":{"kind":"stop","name":"Rice Avenue and Sakioka Drive","stop_id":"RICSAK:1"},"type":"Feature"},{"geometry":{"coordinates":[-119.15928,34.16061],"type":"Point"},"properties":{"kind":"stop","name":"Rose & Billings","stop_id":"ROSBIL:1"},"type":"Feature"},{"geometry":{"coordinates":[-119.15961,34.15989],"type":"Point"},"properties":{"kind":"stop","name":"Rose & Billings","stop_id":"ROSBIL:2"},"type":"Feature"},{"geometry":{"coordinates":[-119.15987,34.20577],"type":"Point"},"properties":{"kind":"stop","name":"Rose & Camino Del Sol","stop_id":"ROSCDS:1"},"type":"Feature"},{"geometry":{"coordinates":[-119.15947,34.20697],"type":"Point"},"properties":{"kind":"stop","name":"Rose & Camino Del Sol","stop_id":"ROSCDS:2"},"type":"Feature"},{"geometry":{"coordinates":[-119.15982,34.21279],"type":"Point"},"properties":{"kind":"stop","name":"Rose Avenue & Cesar Chavez Drive","stop_id":"ROSCES1"},"type":"Feature"},{"geometry":{"coordinates":[-119.15944,34.21356],"type":"Point"},"properties":{"kind":"stop","name":"Rose Avenue & Cesar Chavez Drive","stop_id":"ROSCES2"},"type":"Feature"},{"geometry":{"coordinates":[-119.16023,34.17278],"type":"Point"},"properties":{"kind":"stop","name":"Rose & Channel Isl","stop_id":"ROSCIB:1"},"type":"Feature"},{"geometry":{"coordinates":[-119.15995,34.17418],"type":"Point"},"properties":{"kind":"stop","name":"Rose & Channel Isl","stop_id":"ROSCIB:2"},"type":"Feature"},{"geometry":{"coordinates":[-119.15986,34.20964],"type":"Point"},"properties":{"kind":"stop","name":"Rose Avenue & De La Luna","stop_id":"ROSDEL1"},"type":"Feature"},{"geometry":{"coordinates":[-119.16011,34.18227],"type":"Point"},"properties":{"kind":"stop","name":"Rose & Emerson","stop_id":"ROSEMR:1"},"type":"Feature"},{"geometry":{"coordinates":[-119.15854,34.21833],"type":"Point"},"properties":{"kind":"stop","name":"Rose & Gonzales","stop_id":"ROSGNZ:1"},"type":"Feature"},{"geometry":{"coordinates":[-119.15969,34.16874],"type":"Point"},"properties":{"kind":"stop","name":"Rose &  Gary","stop_id":"ROSGRY:1"},"type":"Feature"},{"geometry":{"coordinates":[-119.15817,34.21769],"type":"Point"},"properties":{"kind":"stop","name":"Rose & Hospital","stop_id":"ROSHOS:1"},"type":"Feature"},{"geometry":{"coordinates":[-119.15969,34.1798],"type":"Point"},"properties":{"kind":"stop","name":"Rose & Ives","stop_id":"ROSIVE:1"},"type":"Feature"},{"geometry":{"coordinates":[-119.1595,34.21064],"type":"Point"},"properties":{"kind":"stop","name":"Rose Avenue & Jacinto Drive","stop_id":"ROSJAC1"},"type":"Feature"},{"geometry":{"coordinates":[-119.15846,34.22177],"type":"Point"},"properties":{"kind":"stop","name":"Rose & Lockwood","stop_id":"ROSLOC:1"},"type":"Feature"},{"geometry":{"coordinates":[-119.15804,34.22144],"type":"Point"},"properties":{"kind":"stop","name":"Rose & Lockwood","stop_id":"ROSLOC:2"},"type":"Feature"},{"geometry":{"coordinates":[-119.15959,34.16652],"type":"Point"},"properties":{"kind":"stop","name":"Rose & North Campus","stop_id":"ROSNCD:1"},"type":"Feature"},{"geometry":{"coordinates":[-119.1593,34.16703],"type":"Point"},"properties":{"kind":"stop","name":"Rose & North Campus","stop_id":"ROSNCD:2"},"type":"Feature"},{"geometry":{"coordinates":[-119.16026,34.1712],"type":"Point"},"properties":{"kind":"stop","name":"Rose & Raiders","stop_id":"ROSRAI:1"},"type":"Feature"},{"geometry":{"coordinates":[-119.15996,34.172],"type":"Point"},"properties":{"kind":"stop","name":"Rose & Raiders","stop_id":"ROSRAI:2"},"type":"Feature"},{"geometry":{"coordinates":[-119.15307,34.23704],"type":"Point"},"properties":{"kind":"stop","name":"Rose & Simon Way","stop_id":"ROSSIM:1"},"type":"Feature"},{"geometry":{"coordinates":[-119.15346,34.23679],"type":"Point"},"properties":{"kind":"stop","name":"Rose & Simon Way","stop_id":"ROSSIM:2"},"type":"Feature"},{"geometry":{"coordinates":[-119.15988,34.20164],"type":"Point"},"properties":{"kind":"stop","name":"Rose & Santa Lucia","stop_id":"ROSSLA:1"},"type":"Feature"},{"geometry":{"coordinates":[-119.15961,34.2018],"type":"Point"},"properties":{"kind":"stop","name":"Rose & Santa Lucia","stop_id":"ROSSLA:2"},"type":"Feature"},{"geometry":{"coordinates":[-119.15833,34.22763],"type":"Point"},"properties":{"kind":"stop","name":"Rose & Ventura","stop_id":"ROSVEN:1"},"type":"Feature"},{"geometry":{"coordinates":[-119.15764,34.22836],"type":"Point"},"properties":{"kind":"stop","name":"Rose & Auto Center","stop_id":"ROSVEN:2"},"type":"Feature"},{"geometry":{"coordinates":[-119.16007,34.18692],"type":"Point"},"properties":{"kind":"stop","name":"Rose & Westar","stop_id":"ROSWES:1"},"type":"Feature"},{"geometry":{"coordinates":[-119.16003,34.18954],"type":"Point"},"properties":{"kind":"stop","name":"Rose & Wooley","stop_id":"ROSWOO:1"},"type":"Feature"},{"geometry":{"coordinates":[-119.17603,34.2377],"type":"Point"},"properties":{"kind":"stop","name":"RiverPark & American River","stop_id":"RPBARD:1"},"type":"Feature"},{"geometry":{"coordinates":[-119.1758,34.23759],"type":"Point"},"properties":{"kind":"stop","name":"RiverPark & American River","stop_id":"RPBARD:2"},"type":"Feature"},{"geometry":{"coordinates":[-119.17291,34.23384],"type":"Point"},"properties":{"kind":"stop","name":"RiverPark & Vineyard","stop_id":"RPBVIN:1"},"type":"Feature"},{"geometry":{"coordinates":[-119.17242,34.23385],"type":"Point"},"properties":{"kind":"stop","name":"RiverPark & Vineyard","stop_id":"RPBVIN:2"},"type":"Feature"},{"geometry":{"coordinates":[-119.28987,34.2796],"type":"Point"},"properties":{"kind":"stop","name":"Santa Clara Avenue & Fir Street","stop_id":"SACFIR1"},"type":"Feature"},{"geometry":{"coordinates":[-119.2902,34.27948],"type":"Point"},"properties":{"kind":"stop","name":"Santa Clara Avenue & Fir Street","stop_id":"SACFIR2"},"type":"Feature"},{"geometry":{"coordinates":[-119.29741,34.2796],"type":"Point"},"properties":{"kind":"stop","name":"Santa Clara & Figueroa","stop_id":"SACLFIG1"},"type":"Feature"},{"geometry":{"coordinates":[-119.29701,34.27946],"type":"Point"},"properties":{"kind":"stop","name":"Santa Clara & Figueroa","stop_id":"SACLFIG2"},"type":"Feature"},{"geometry":{"coordinates":[-119.28223,34.27962],"type":"Point"},"properties":{"kind":"stop","name":"Santa Clara & Hemlock","stop_id":"SACLHEM1"},"type":"Feature"},{"geometry":{"coordinates":[-119.28223,34.2795],"type":"Point"},"properties":{"kind":"stop","name":"Santa Clara & Hemlock","stop_id":"SACLHEM2"},"type":"Feature"},{"geometry":{"coordinates":[-119.28725,34.27965],"type":"Point"},"properties":{"kind":"stop","name":"Santa Clara & Kalorama","stop_id":"SACLKAL1"},"type":"Feature"},{"geometry":{"coordinates":[-119.29447,34.27961],"type":"Point"},"properties":{"kind":"stop","name":"Santa Clara & Oak","stop_id":"SACLOAK1"},"type":"Feature"},{"geometry":{"coordinates":[-119.2945,34.27953],"type":"Point"},"properties":{"kind":"stop","name":"Santa Clara & Oak","stop_id":"SACLOAK2"},"type":"Feature"},{"geometry":{"coordinates":[-119.27896,34.27984],"type":"Point"},"properties":{"kind":"stop","name":"Santa Clara & Main","stop_id":"SAClMAI1"},"type":"Feature"},{"geometry":{"coordinates":[-119.17786,34.16067],"type":"Point"},"properties":{"kind":"stop","name":"Saviers & Bard","stop_id":"SAVBAR:1"},"type":"Feature"},{"geometry":{"coordinates":[-119.17756,34.16144],"type":"Point"},"properties":{"kind":"stop","name":"Saviers & Bard","stop_id":"SAVBAR:2"},"type":"Feature"},{"geometry":{"coordinates":[-119.17773,34.16954],"type":"Point"},"properties":{"kind":"stop","name":"Saviers & Bryce Canyon","stop_id":"SAVBRY:1"},"type":"Feature"},{"geometry":{"coordinates":[-119.17751,34.17014],"type":"Point"},"properties":{"kind":"stop","name":"Saviers & Bryce Canyon","stop_id":"SAVBRY:2"},"type":"Feature"},{"geometry":{"coordinates":[-119.17771,34.17229],"type":"Point"},"properties":{"kind":"stop","name":"Saviers & Channel Isl","stop_id":"SAVCIB:1"},"type":"Feature"},{"geometry":{"coordinates":[-119.17767,34.15153],"type":"Point"},"properties":{"kind":"stop","name":"Saviers & Clara","stop_id":"SAVCLA1"},"type":"Feature"},{"geometry":{"coordinates":[-119.17796,34.15089],"type":"Point"},"properties":{"kind":"stop","name":"Saviers & Clara","stop_id":"SAVCLA2"},"type":"Feature"},{"geometry":{"coordinates":[-119.17767,34.14977],"type":"Point"},"properties":{"kind":"stop","name":"Saviers & Hood","stop_id":"SAVHOD1"},"type":"Feature"},{"geometry":{"coordinates":[-119.17765,34.17697],"type":"Point"},"properties":{"kind":"stop","name":"Saviers & Coach \"C\"","stop_id":"SAVLAU:1"},"type":"Feature"},{"geometry":{"coordinates":[-119.17793,34.15429],"type":"Point"},"properties":{"kind":"stop","name":"Saviers & Pleasant Valley","stop_id":"SAVPVR3"},"type":"Feature"},{"geometry":{"coordinates":[-119.17793,34.15501],"type":"Point"},"properties":{"kind":"stop","name":"Saviers & Pleasant Valley","stop_id":"SAVPVR:1"},"type":"Feature"},{"geometry":{"coordinates":[-119.17763,34.15546],"type":"Point"},"properties":{"kind":"stop","name":"Saviers & Pleasant Valley","stop_id":"SAVPVR:2"},"type":"Feature"},{"geometry":{"coordinates":[-119.17779,34.16611],"type":"Point"},"properties":{"kind":"stop","name":"Saviers & Yucca","stop_id":"SAVYUC:1"},"type":"Feature"},{"geometry":{"coordinates":[-119.17752,34.1663],"type":"Point"},"properties":{"kind":"stop","name":"Saviers & Yucca","stop_id":"SAVYUC:2"},"type":"Feature"},{"geometry":{"coordinates":[-119.14054,34.22491],"type":"Point"},"properties":{"kind":"stop","name":"Santa Clara & Auto Ctr","stop_id":"SCAACD:1"},"type":"Feature"},{"geometry":{"coordinates":[-119.19914,34.14909],"type":"Point"},"properties":{"kind":"stop","name":"Scott & 2nd","stop_id":"SCO2ND:1"},"type":"Feature"},{"geometry":{"coordinates":[-119.19888,34.14902],"type":"Point"},"properties":{"kind":"stop","name":"Scott & Ponoma","stop_id":"SCOPON:1"},"type":"Feature"},{"geometry":{"coordinates":[-119.15669,34.20475],"type":"Point"},"properties":{"kind":"stop","name":"San Gorgonio & Driskill","stop_id":"SGADRI:1"},"type":"Feature"},{"geometry":{"coordinates":[-119.15441,34.20475],"type":"Point"},"properties":{"kind":"stop","name":"San Gorgonio & Gibraltar","stop_id":"SGAGIB:1"},"type":"Feature"},{"geometry":{"coordinates":[-119.15937,34.2048],"type":"Point"},"properties":{"kind":"stop","name":"San Gorgonio & Rose","stop_id":"SGAROS:1"},"type":"Feature"},{"geometry":{"coordinates":[-119.15881,34.24046],"type":"Point"},"properties":{"kind":"stop","name":"Simon & Cortez","stop_id":"SIMCOR:1"},"type":"Feature"},{"geometry":{"coordinates":[-119.15859,34.24048],"type":"Point"},"properties":{"kind":"stop","name":"Simon & Cortez","stop_id":"SIMCOR:2"},"type":"Feature"},{"geometry":{"coordinates":[-119.16325,34.24369],"type":"Point"},"properties":{"kind":"stop","name":"Simon & Vineyard","stop_id":"SIMVIN:1"},"type":"Feature"},{"geometry":{"coordinates":[-119.15695,34.20204],"type":"Point"},"properties":{"kind":"stop","name":"Santa Lucia & Driskill","stop_id":"SLADRI:1"},"type":"Feature"},{"geometry":{"coordinates":[-119.15941,34.20208],"type":"Point"},"properties":{"kind":"stop","name":"Santa Lucia & Rose","stop_id":"SLAROS:1"},"type":"Feature"},{"geometry":{"coordinates":[-119.15601,34.1778],"type":"Point"},"properties":{"kind":"stop","name":"San Mateo & Beaufort","stop_id":"SMPBEA:1"},"type":"Feature"},{"geometry":{"coordinates":[-119.15293,34.17776],"type":"Point"},"properties":{"kind":"stop","name":"San Mateo & Farragut","stop_id":"SMPFAR:1"},"type":"Feature"},{"geometry":{"coordinates":[-119.15132,34.1778],"type":"Point"},"properties":{"kind":"stop","name":"San Mateo & Kepler","stop_id":"SMPKEP:1"},"type":"Feature"},{"geometry":{"coordinates":[-119.18119,34.23516],"type":"Point"},"properties":{"kind":"stop","name":"Spur Drive & Wagon Wheel Road","stop_id":"SPURWW:1"},"type":"Feature"},{"geometry":{"coordinates":[-119.18132,34.23502],"type":"Point"},"properties":{"kind":"stop","name":"Spur Drive & Wagon Wheel Road","stop_id":"SPURWW:2"},"type":"Feature"},{"geometry":{"coordinates":[-119.15612,34.21759],"type":"Point"},"properties":{"kind":"stop","name":"St. John's Hospital","stop_id":"STJHOS:1"},"type":"Feature"},{"geometry":{"coordinates":[-119.15662,34.21718],"type":"Point"},"properties":{"kind":"stop","name":"St. John's Hospital","stop_id":"STJHOS:2"},"type":"Feature"},{"geometry":{"coordinates":[-119.14855,34.20167],"type":"Point"},"properties":{"kind":"stop","name":"Sturgis & Lombard","stop_id":"STULOM:1"},"type":"Feature"},{"geometry":{"coordinates":[-119.14386,34.20177],"type":"Point"},"properties":{"kind":"stop","name":"Sturgis & Rice","stop_id":"STURIC:1"},"type":"Feature"},{"geometry":{"coordinates":[-119.19041,34.14714],"type":"Point"},"properties":{"kind":"stop","name":"Surfside & Hueneme","stop_id":"SURHUE:1"},"type":"Feature"},{"geometry":{"coordinates":[-119.19227,34.14283],"type":"Point"},"properties":{"kind":"stop","name":"Surfside & Oceanview","stop_id":"SUROCE:1"},"type":"Feature"},{"geometry":{"coordinates":[-119.19256,34.14281],"type":"Point"},"properties":{"kind":"stop","name":"Surfside & Oceanview","stop_id":"SUROCE:2"},"type":"Feature"},{"geometry":{"coordinates":[-119.23962,34.27444],"type":"Point"},"properties":{"kind":"stop","name":"Telegraph & Ashwood","stop_id":"TELASH:1"},"type":"Feature"},{"geometry":{"coordinates":[-119.23878,34.27434],"type":"Point"},"properties":{"kind":"stop","name":"Telegraph & Ashwood","stop_id":"TELASH:2"},"type":"Feature"},{"geometry":{"coordinates":[-119.22256,34.27695],"type":"Point"},"properties":{"kind":"stop","name":"Telegraph & Bryn Mawr","stop_id":"TELBMS:1"},"type":"Feature"},{"geometry":{"coordinates":[-119.22182,34.27684],"type":"Point"},"properties":{"kind":"stop","name":"Telegraph & Bryn Mawr","stop_id":"TELBMS:2"},"type":"Feature"},{"geometry":{"coordinates":[-119.17994,34.28378],"type":"Point"},"properties":{"kind":"stop","name":"Telegraph & Cambria","stop_id":"TELCAM:1"},"type":"Feature"},{"geometry":{"coordinates":[-119.18001,34.28396],"type":"Point"},"properties":{"kind":"stop","name":"Telegraph & Cambria","stop_id":"TELCAM:2"},"type":"Feature"},{"geometry":{"coordinates":[-119.23434,34.27522],"type":"Point"},"properties":{"kind":"stop","name":"Telegraph & Claremont","stop_id":"TELCLA:1"},"type":"Feature"},{"geometry":{"coordinates":[-119.23372,34.2751],"type":"Point"},"properties":{"kind":"stop","name":"Telegraph & Claremont","stop_id":"TELCLA:2"},"type":"Feature"},{"geometry":{"coordinates":[-119.24275,34.27375],"type":"Point"},"properties":{"kind":"stop","name":"Telegraph & College","stop_id":"TELCOL:1"},"type":"Feature"},{"geometry":{"coordinates":[-119.19132,34.28124],"type":"Point"},"properties":{"kind":"stop","name":"Telegraph & Crocker","stop_id":"TELCRO:1"},"type":"Feature"},{"geometry":{"coordinates":[-119.19019,34.28167],"type":"Point"},"properties":{"kind":"stop","name":"Telegraph & Crocker","stop_id":"TELCRO:2"},"type":"Feature"},{"geometry":{"coordinates":[-119.22707,34.27628],"type":"Point"},"properties":{"kind":"stop","name":"Telegraph & Day","stop_id":"TELDAY:1"},"type":"Feature"},{"geometry":{"coordinates":[-119.22675,34.27612],"type":"Point"},"properties":{"kind":"stop","name":"Telegraph & Day","stop_id":"TELDAY:2"},"type":"Feature"},{"geometry":{"coordinates":[-119.25414,34.27227],"type":"Point"},"properties":{"kind":"stop","name":"Telegraph & Emma","stop_id":"TELEMM:1"},"type":"Feature"},{"geometry":{"coordinates":[-119.25352,34.27214],"type":"Point"},"properties":{"kind":"stop","name":"Telegraph & Emma","stop_id":"TELEMM:2"},"type":"Feature"},{"geometry":{"coordinates":[-119.23103,34.27571],"type":"Point"},"properties":{"kind":"stop","name":"Telegraph & Estates","stop_id":"TELEST:1"},"type":"Feature"},{"geometry":{"coordinates":[-119.23082,34.27551],"type":"Point"},"properties":{"kind":"stop","name":"Telegraph & Estates","stop_id":"TELEST:2"},"type":"Feature"},{"geometry":{"coordinates":[-119.19654,34.28073],"type":"Point"},"properties":{"kind":"stop","name":"Telegraph & Harding","stop_id":"TELHAR:1"},"type":"Feature"},{"geometry":{"coordinates":[-119.1964,34.28053],"type":"Point"},"properties":{"kind":"stop","name":"Telegraph & Harding","stop_id":"TELHAR:2"},"type":"Feature"},{"geometry":{"coordinates":[-119.20967,34.27867],"type":"Point"},"properties":{"kind":"stop","name":"Telegraph & Hill","stop_id":"TELHIL:1"},"type":"Feature"},{"geometry":{"coordinates":[-119.20947,34.27889],"type":"Point"},"properties":{"kind":"stop","name":"Telegraph & Hill","stop_id":"TELHIL:2"},"type":"Feature"},{"geometry":{"coordinates":[-119.19779,34.28033],"type":"Point"},"properties":{"kind":"stop","name":"Telegraph & Hoover","stop_id":"TELHOO:1"},"type":"Feature"},{"geometry":{"coordinates":[-119.172,34.28852],"type":"Point"},"properties":{"kind":"stop","name":"Telegraph & La Jolla","stop_id":"TELLAJ:1"},"type":"Feature"},{"geometry":{"coordinates":[-119.1732,34.28801],"type":"Point"},"properties":{"kind":"stop","name":"Telegraph & La Jolla","stop_id":"TELLAJ:2"},"type":"Feature"},{"geometry":{"coordinates":[-119.17474,34.28688],"type":"Point"},"properties":{"kind":"stop","name":"Telegraph & Long Canyon","stop_id":"TELLCR:1"},"type":"Feature"},{"geometry":{"coordinates":[-119.18752,34.2818],"type":"Point"},"properties":{"kind":"stop","name":"Telegraph & Mara","stop_id":"TELMAR:1"},"type":"Feature"},{"geometry":{"coordinates":[-119.24371,34.27385],"type":"Point"},"properties":{"kind":"stop","name":"Telegraph & Palomares","stop_id":"TELPAL:1"},"type":"Feature"},{"geometry":{"coordinates":[-119.18151,34.2829],"type":"Point"},"properties":{"kind":"stop","name":"Telegraph & Petit","stop_id":"TELPET:1"},"type":"Feature"},{"geometry":{"coordinates":[-119.1825,34.28278],"type":"Point"},"properties":{"kind":"stop","name":"Telegraph & Petit","stop_id":"TELPET:2"},"type":"Feature"},{"geometry":{"coordinates":[-119.1676,34.29118],"type":"Point"},"properties":{"kind":"stop","name":"Telegraph & Saticoy","stop_id":"TELSAT2"},"type":"Feature"},{"geometry":{"coordinates":[-119.16774,34.29132],"type":"Point"},"properties":{"kind":"stop","name":"Telegraph & Saticoy","stop_id":"TELSAT:1"},"type":"Feature"},{"geometry":{"coordinates":[-119.18452,34.28222],"type":"Point"},"properties":{"kind":"stop","name":"Telegraph & San Mateo","stop_id":"TELSMA:1"},"type":"Feature"},{"geometry":{"coordinates":[-119.18526,34.28235],"type":"Point"},"properties":{"kind":"stop","name":"Telegraph & San Mateo","stop_id":"TELSMA:2"},"type":"Feature"},{"geometry":{"coordinates":[-119.22891,34.27586],"type":"Point"},"properties":{"kind":"stop","name":"Telegraph & Townhouse","stop_id":"TELTOW:1"},"type":"Feature"},{"geometry":{"coordinates":[-119.21594,34.27793],"type":"Point"},"properties":{"kind":"stop","name":"Telegraph & Victoria","stop_id":"TELVIC:1"},"type":"Feature"},{"geometry":{"coordinates":[-119.21549,34.27777],"type":"Point"},"properties":{"kind":"stop","name":"Telegraph & Victoria","stop_id":"TELVIC:2"},"type":"Feature"},{"geometry":{"coordinates":[-119.21324,34.27812],"type":"Point"},"properties":{"kind":"stop","name":"Telegraph & Victoria","stop_id":"TELVIC:3"},"type":"Feature"},{"geometry":{"coordinates":[-119.16165,34.29472],"type":"Point"},"properties":{"kind":"stop","name":"Telegraph & Wells","stop_id":"TELWEL2"},"type":"Feature"},{"geometry":{"coordinates":[-119.16221,34.29466],"type":"Point"},"properties":{"kind":"stop","name":"Telegraph & Wells","stop_id":"TELWEL:1"},"type":"Feature"},{"geometry":{"coordinates":[-119.21826,34.27759],"type":"Point"},"properties":{"kind":"stop","name":"Telegraph & Wake Forest","stop_id":"TELWFA:1"},"type":"Feature"},{"geometry":{"coordinates":[-119.21759,34.27746],"type":"Point"},"properties":{"kind":"stop","name":"Telegraph & Wake Forest","stop_id":"TELWFA:2"},"type":"Feature"},{"geometry":{"coordinates":[-119.25973,34.27237],"type":"Point"},"properties":{"kind":"stop","name":"Thompson & Borchard","stop_id":"THOBOR:1"},"type":"Feature"},{"geometry":{"coordinates":[-119.25976,34.27215],"type":"Point"},"properties":{"kind":"stop","name":"Thompson & Borchard","stop_id":"THOBOR:2"},"type":"Feature"},{"geometry":{"coordinates":[-119.29129,34.27836],"type":"Point"},"properties":{"kind":"stop","name":"Thompson & Chestnut","stop_id":"THOCHE:1"},"type":"Feature"},{"geometry":{"coordinates":[-119.29099,34.27819],"type":"Point"},"properties":{"kind":"stop","name":"Thompson & Chestnut","stop_id":"THOCHE:2"},"type":"Feature"},{"geometry":{"coordinates":[-119.29871,34.27835],"type":"Point"},"properties":{"kind":"stop","name":"Thompson & Figueroa","stop_id":"THOFIG:1"},"type":"Feature"},{"geometry":{"coordinates":[-119.29887,34.27817],"type":"Point"},"properties":{"kind":"stop","name":"Thompson & Figueroa","stop_id":"THOFIG:2"},"type":"Feature"},{"geometry":{"coordinates":[-119.27486,34.27538],"type":"Point"},"properties":{"kind":"stop","name":"Thompson & Hurst","stop_id":"THOHUR:1"},"type":"Feature"},{"geometry":{"coordinates":[-119.27516,34.27524],"type":"Point"},"properties":{"kind":"stop","name":"Thompson & Hurst","stop_id":"THOHUR:2"},"type":"Feature"},{"geometry":{"coordinates":[-119.28734,34.27837],"type":"Point"},"properties":{"kind":"stop","name":"Thompson & Kalorama","stop_id":"THOKAL:1"},"type":"Feature"},{"geometry":{"coordinates":[-119.28669,34.27821],"type":"Point"},"properties":{"kind":"stop","name":"Thompson & Kalorama","stop_id":"THOKAL:2"},"type":"Feature"},{"geometry":{"coordinates":[-119.295,34.27835],"type":"Point"},"properties":{"kind":"stop","name":"Thompson & Oak","stop_id":"THOOAK:1"},"type":"Feature"},{"geometry":{"coordinates":[-119.29541,34.27818],"type":"Point"},"properties":{"kind":"stop","name":"Thompson & Oak","stop_id":"THOOAK:2"},"type":"Feature"},{"geometry":{"coordinates":[-119.26687,34.27379],"type":"Point"},"properties":{"kind":"stop","name":"Thompson & Seaward","stop_id":"THOSEA:1"},"type":"Feature"},{"geometry":{"coordinates":[-119.26557,34.27333],"type":"Point"},"properties":{"kind":"stop","name":"Thompson & Seaward","stop_id":"THOSEA:2"},"type":"Feature"},{"geometry":{"coordinates":[-119.28092,34.27658],"type":"Point"},"properties":{"kind":"stop","name":"Thompson & San Jon","stop_id":"THOSJR:1"},"type":"Feature"},{"geometry":{"coordinates":[-119.28058,34.27631],"type":"Point"},"properties":{"kind":"stop","name":"Thompson & San Jon","stop_id":"THOSJR:2"},"type":"Feature"},{"geometry":{"coordinates":[-119.16203,34.27714],"type":"Point"},"properties":{"kind":"stop","name":"Telephone & Cachuma","stop_id":"TPHCAC:1"},"type":"Feature"},{"geometry":{"coordinates":[-119.16285,34.27691],"type":"Point"},"properties":{"kind":"stop","name":"Telephone & Cachuma","stop_id":"TPHCAC:2"},"type":"Feature"},{"geometry":{"coordinates":[-119.17384,34.2709],"type":"Point"},"properties":{"kind":"stop","name":"Telephone & Clinton","stop_id":"TPHCLI:1"},"type":"Feature"},{"geometry":{"coordinates":[-119.17483,34.27095],"type":"Point"},"properties":{"kind":"stop","name":"Telephone & Clinton","stop_id":"TPHCLI:2"},"type":"Feature"},{"geometry":{"coordinates":[-119.16547,34.2753],"type":"Point"},"properties":{"kind":"stop","name":"Telephone & Gardner","stop_id":"TPHGAR:1"},"type":"Feature"},{"geometry":{"coordinates":[-119.22575,34.26332],"type":"Point"},"properties":{"kind":"stop","name":"Gateway Plz","stop_id":"TPHGAT:1"},"type":"Feature"},{"geometry":{"coordinates":[-119.22585,34.26357],"type":"Point"},"properties":{"kind":"stop","name":"Gateway Plz","stop_id":"TPHGAT:2"},"type":"Feature"},{"geometry":{"coordinates":[-119.20572,34.26626],"type":"Point"},"properties":{"kind":"stop","name":"Telephone & Hill","stop_id":"TPHHIL:1"},"type":"Feature"},{"geometry":{"coordinates":[-119.20715,34.26629],"type":"Point"},"properties":{"kind":"stop","name":"Telephone & Hill","stop_id":"TPHHIL:2"},"type":"Feature"},{"geometry":{"coordinates":[-119.20007,34.26707],"type":"Point"},"properties":{"kind":"stop","name":"Telephone & Johnson","stop_id":"TPHJOH:1"},"type":"Feature"},{"geometry":{"coordinates":[-119.20156,34.26709],"type":"Point"},"properties":{"kind":"stop","name":"Telephone & Johnson","stop_id":"TPHJOH:2"},"type":"Feature"},{"geometry":{"coordinates":[-119.18787,34.26879],"type":"Point"},"properties":{"kind":"stop","name":"Telephone & Kimball","stop_id":"TPHKIM:1"},"type":"Feature"},{"geometry":{"coordinates":[-119.1893,34.26887],"type":"Point"},"properties":{"kind":"stop","name":"Telephone & Kimball","stop_id":"TPHKIM:2"},"type":"Feature"},{"geometry":{"coordinates":[-119.20923,34.26576],"type":"Point"},"properties":{"kind":"stop","name":"Telephone & Lark","stop_id":"TPHLAR:1"},"type":"Feature"},{"geometry":{"coordinates":[-119.23484,34.2576],"type":"Point"},"properties":{"kind":"stop","name":"Telephone & Market","stop_id":"TPHMAR:1"},"type":"Feature"},{"geometry":{"coordinates":[-119.23517,34.2576],"type":"Point"},"properties":{"kind":"stop","name":"Telephone & Market","stop_id":"TPHMAR:2"},"type":"Feature"},{"geometry":{"coordinates":[-119.17914,34.27007],"type":"Point"},"properties":{"kind":"stop","name":"Telephone & Montgomery","stop_id":"TPHMON:1"},"type":"Feature"},{"geometry":{"coordinates":[-119.17981,34.27019],"type":"Point"},"properties":{"kind":"stop","name":"Telephone & Montgomery","stop_id":"TPHMON:2"},"type":"Feature"},{"geometry":{"coordinates":[-119.20334,34.26659],"type":"Point"},"properties":{"kind":"stop","name":"Telephone & Partridge","stop_id":"TPHPAR:1"},"type":"Feature"},{"geometry":{"coordinates":[-119.20399,34.26674],"type":"Point"},"properties":{"kind":"stop","name":"Telephone & Partridge","stop_id":"TPHPAR:2"},"type":"Feature"},{"geometry":{"coordinates":[-119.17144,34.27155],"type":"Point"},"properties":{"kind":"stop","name":"Telephone & Petit","stop_id":"TPHPET:1"},"type":"Feature"},{"geometry":{"coordinates":[-119.17103,34.27206],"type":"Point"},"properties":{"kind":"stop","name":"Telephone & Petit","stop_id":"TPHPET:2"},"type":"Feature"},{"geometry":{"coordinates":[-119.193,34.26808],"type":"Point"},"properties":{"kind":"stop","name":"Telephone & Ramelli","stop_id":"TPHRAM:1"},"type":"Feature"},{"geometry":{"coordinates":[-119.1942,34.26815],"type":"Point"},"properties":{"kind":"stop","name":"Telephone & Ramelli","stop_id":"TPHRAM:2"},"type":"Feature"},{"geometry":{"coordinates":[-119.16392,34.2759],"type":"Point"},"properties":{"kind":"stop","name":"Telephone & Rubicon","stop_id":"TPHRUB:1"},"type":"Feature"},{"geometry":{"coordinates":[-119.21957,34.26424],"type":"Point"},"properties":{"kind":"stop","name":"Telephone & Saratoga","stop_id":"TPHSAR:1"},"type":"Feature"},{"geometry":{"coordinates":[-119.22096,34.26428],"type":"Point"},"properties":{"kind":"stop","name":"Telephone & Saratoga","stop_id":"TPHSAR:2"},"type":"Feature"},{"geometry":{"coordinates":[-119.15778,34.27963],"type":"Point"},"properties":{"kind":"stop","name":"Telephone & Saticoy","stop_id":"TPHSAT:1"},"type":"Feature"},{"geometry":{"coordinates":[-119.15879,34.27933],"type":"Point"},"properties":{"kind":"stop","name":"Telephone & Saticoy","stop_id":"TPHSAT:2"},"type":"Feature"},{"geometry":{"coordinates":[-119.16068,34.27816],"type":"Point"},"properties":{"kind":"stop","name":"Telephone & Scandia","stop_id":"TPHSCA:1"},"type":"Feature"},{"geometry":{"coordinates":[-119.18427,34.26939],"type":"Point"},"properties":{"kind":"stop","name":"Telephone & Sterling","stop_id":"TPHSTE:1"},"type":"Feature"},{"geometry":{"coordinates":[-119.18495,34.26952],"type":"Point"},"properties":{"kind":"stop","name":"Telephone & Sterling","stop_id":"TPHSTE:2"},"type":"Feature"},{"geometry":{"coordinates":[-119.23478,34.25958],"type":"Point"},"properties":{"kind":"stop","name":"Telephone & Telephone Plaza","stop_id":"TPHTRP:1"},"type":"Feature"},{"geometry":{"coordinates":[-119.23453,34.26051],"type":"Point"},"properties":{"kind":"stop","name":"Telephone & Telephone Plaza","stop_id":"TPHTRP:2"},"type":"Feature"},{"geometry":{"coordinates":[-119.16782,34.27365],"type":"Point"},"properties":{"kind":"stop","name":"Telephone & Utica","stop_id":"TPHUTI:1"},"type":"Feature"},{"geometry":{"coordinates":[-119.1685,34.27354],"type":"Point"},"properties":{"kind":"stop","name":"Telephone & Utica","stop_id":"TPHUTI:2"},"type":"Feature"},{"geometry":{"coordinates":[-119.15314,34.28243],"type":"Point"},"properties":{"kind":"stop","name":"Telephone at Veteran's Ctr","stop_id":"TPHVEC:1"},"type":"Feature"},{"geometry":{"coordinates":[-119.21329,34.26512],"type":"Point"},"properties":{"kind":"stop","name":"Victoria & Telephone (Vons)","stop_id":"TPHVIC:1"},"type":"Feature"},{"geometry":{"coordinates":[-119.21169,34.26534],"type":"Point"},"properties":{"kind":"stop","name":"Victoria & Telephone (Gov't Center)","stop_id":"TPHVIC:2"},"type":"Feature"},{"geometry":{"coordinates":[-119.21166,34.2657],"type":"Point"},"properties":{"kind":"stop","name":"Victoria & Telephone (Gov't Center)","stop_id":"TPHVIC:3"},"type":"Feature"},{"geometry":{"coordinates":[-119.21298,34.26548],"type":"Point"},"properties":{"kind":"stop","name":"Victoria & Telephone (Vons)","stop_id":"TPHVIC:4"},"type":"Feature"},{"geometry":{"coordinates":[-119.15167,34.28358],"type":"Point"},"properties":{"kind":"stop","name":"Telephone & Wells","stop_id":"TPHWEL:1"},"type":"Feature"},{"geometry":{"coordinates":[-119.19434,34.22853],"type":"Point"},"properties":{"kind":"stop","name":"Ventura & Vineyard","stop_id":"VENVIN:2"},"type":"Feature"},{"geometry":{"coordinates":[-119.22095,34.19857],"type":"Point"},"properties":{"kind":"stop","name":"Victoria & 5th","stop_id":"VIC5TH:1"},"type":"Feature"},{"geometry":{"coordinates":[-119.22133,34.19725],"type":"Point"},"properties":{"kind":"stop","name":"Victoria & 5th","stop_id":"VIC5TH:2"},"type":"Feature"},{"geometry":{"coordinates":[-119.21089,34.25902],"type":"Point"},"properties":{"kind":"stop","name":"Victoria & Avocet","stop_id":"VICAVO:1"},"type":"Feature"},{"geometry":{"coordinates":[-119.2111,34.25792],"type":"Point"},"properties":{"kind":"stop","name":"Victoria & Avocet","stop_id":"VICAVO:2"},"type":"Feature"},{"geometry":{"coordinates":[-119.22104,34.21999],"type":"Point"},"properties":{"kind":"stop","name":"Victoria & Gonzales","stop_id":"VICGON:1"},"type":"Feature"},{"geometry":{"coordinates":[-119.22133,34.21884],"type":"Point"},"properties":{"kind":"stop","name":"Victoria & Gonzales","stop_id":"VICGON:2"},"type":"Feature"},{"geometry":{"coordinates":[-119.22091,34.22532],"type":"Point"},"properties":{"kind":"stop","name":"Victoria & Gum Tree","stop_id":"VICGUM:1"},"type":"Feature"},{"geometry":{"coordinates":[-119.22129,34.22459],"type":"Point"},"properties":{"kind":"stop","name":"Victoria & Gum Tree","stop_id":"VICGUM:2"},"type":"Feature"},{"geometry":{"coordinates":[-119.22118,34.18182],"type":"Point"},"properties":{"kind":"stop","name":"Victoria & Hemlock","stop_id":"VICHEM:1"},"type":"Feature"},{"geometry":{"coordinates":[-119.22151,34.18156],"type":"Point"},"properties":{"kind":"stop","name":"Victoria & Hemlock","stop_id":"VICHEM:2"},"type":"Feature"},{"geometry":{"coordinates":[-119.22117,34.1858],"type":"Point"},"properties":{"kind":"stop","name":"Victoria & Leeward","stop_id":"VICLEE:1"},"type":"Feature"},{"geometry":{"coordinates":[-119.22147,34.18521],"type":"Point"},"properties":{"kind":"stop","name":"Victoria & Leeward","stop_id":"VICLEE:2"},"type":"Feature"},{"geometry":{"coordinates":[-119.21037,34.25617],"type":"Point"},"properties":{"kind":"stop","name":"Victoria & Moon","stop_id":"VICMOO:1"},"type":"Feature"},{"geometry":{"coordinates":[-119.21047,34.25522],"type":"Point"},"properties":{"kind":"stop","name":"Victoria & Moon","stop_id":"VICMOO:2"},"type":"Feature"},{"geometry":{"coordinates":[-119.21144,34.26139],"type":"Point"},"properties":{"kind":"stop","name":"Victoria & Ralston","stop_id":"VICRAL:1"},"type":"Feature"},{"geometry":{"coordinates":[-119.21207,34.26238],"type":"Point"},"properties":{"kind":"stop","name":"Victoria & Ralston","stop_id":"VICRAL:2"},"type":"Feature"},{"geometry":{"coordinates":[-119.21239,34.2662],"type":"Point"},"properties":{"kind":"stop","name":"Victoria & Telephone","stop_id":"VICTEL:1"},"type":"Feature"},{"geometry":{"coordinates":[-119.21282,34.26601],"type":"Point"},"properties":{"kind":"stop","name":"Victoria & Telephone","stop_id":"VICTEL:2"},"type":"Feature"},{"geometry":{"coordinates":[-119.21176,34.25107],"type":"Point"},"properties":{"kind":"stop","name":"Victoria & Valentine","stop_id":"VICVAL:1"},"type":"Feature"},{"geometry":{"coordinates":[-119.21213,34.25099],"type":"Point"},"properties":{"kind":"stop","name":"Victoria & Valentine","stop_id":"VICVAL:2"},"type":"Feature"},{"geometry":{"coordinates":[-119.22107,34.19086],"type":"Point"},"properties":{"kind":"stop","name":"Victoria & Wooley","stop_id":"VICWOO:1"},"type":"Feature"},{"geometry":{"coordinates":[-119.22144,34.18955],"type":"Point"},"properties":{"kind":"stop","name":"Victoria & Wooley","stop_id":"VICWOO:2"},"type":"Feature"},{"geometry":{"coordinates":[-119.16785,34.23892],"type":"Point"},"properties":{"kind":"stop","name":"Vineyard & Collins","stop_id":"VINCOL:1"},"type":"Feature"},{"geometry":{"coordinates":[-119.16807,34.23906],"type":"Point"},"properties":{"kind":"stop","name":"Vineyard & Collins","stop_id":"VINCOL:2"},"type":"Feature"},{"geometry":{"coordinates":[-119.17514,34.22973],"type":"Point"},"properties":{"kind":"stop","name":"Vineyard & Esplanade","stop_id":"VINESP:1"},"type":"Feature"},{"geometry":{"coordinates":[-119.18662,34.22943],"type":"Point"},"properties":{"kind":"stop","name":"Vineyard & H","stop_id":"VINHST:1"},"type":"Feature"},{"geometry":{"coordinates":[-119.18659,34.22917],"type":"Point"},"properties":{"kind":"stop","name":"Vineyard & H","stop_id":"VINHST:2"},"type":"Feature"},{"geometry":{"coordinates":[-119.19189,34.22926],"type":"Point"},"properties":{"kind":"stop","name":"Vineyard & Lobelia","stop_id":"VINLOB:2"},"type":"Feature"},{"geometry":{"coordinates":[-119.17136,34.23427],"type":"Point"},"properties":{"kind":"stop","name":"Vineyard & Olive","stop_id":"VINOLI:1"},"type":"Feature"},{"geometry":{"coordinates":[-119.1715,34.23439],"type":"Point"},"properties":{"kind":"stop","name":"Vineyard & Olive","stop_id":"VINOLI:2"},"type":"Feature"},{"geometry":{"coordinates":[-119.17811,34.22644],"type":"Point"},"properties":{"kind":"stop","name":"Vineyard & Oxnard Bl","stop_id":"VINOXB:1"},"type":"Feature"},{"geometry":{"coordinates":[-119.16426,34.24367],"type":"Point"},"properties":{"kind":"stop","name":"Vineyard & Simon","stop_id":"VINSIM:1"},"type":"Feature"},{"geometry":{"coordinates":[-119.17587,34.22811],"type":"Point"},"properties":{"kind":"stop","name":"Vineyard & St. Mary's","stop_id":"VINSMD:1"},"type":"Feature"},{"geometry":{"coordinates":[-119.14686,34.28619],"type":"Point"},"properties":{"kind":"stop","name":"Violeta & Amapola","stop_id":"VIOAMA:2"},"type":"Feature"},{"geometry":{"coordinates":[-119.14523,34.28749],"type":"Point"},"properties":{"kind":"stop","name":"Violeta & Campanula","stop_id":"VIOCAM:2"},"type":"Feature"},{"geometry":{"coordinates":[-119.14898,34.28412],"type":"Point"},"properties":{"kind":"stop","name":"Violeta & LA Ave","stop_id":"VIOLLA:2"},"type":"Feature"},{"geometry":{"coordinates":[-119.29415,34.30315],"type":"Point"},"properties":{"kind":"stop","name":"Ventura Ave & Barry","stop_id":"VNABAR:1"},"type":"Feature"},{"geometry":{"coordinates":[-119.29433,34.30305],"type":"Point"},"properties":{"kind":"stop","name":"Ventura Ave & Barry","stop_id":"VNABAR:2"},"type":"Feature"},{"geometry":{"coordinates":[-119.29396,34.33889],"type":"Point"},"properties":{"kind":"stop","name":"Ventura Ave & Brooks","stop_id":"VNABRO:1"},"type":"Feature"},{"geometry":{"coordinates":[-119.29417,34.33879],"type":"Point"},"properties":{"kind":"stop","name":"Ventura Ave & Brooks","stop_id":"VNABRO:2"},"type":"Feature"},{"geometry":{"coordinates":[-119.29879,34.28784],"type":"Point"},"properties":{"kind":"stop","name":"Ventura Ave & Center","stop_id":"VNACEN:1"},"type":"Feature"},{"geometry":{"coordinates":[-119.29909,34.28739],"type":"Point"},"properties":{"kind":"stop","name":"Ventura Ave & Center","stop_id":"VNACEN:2"},"type":"Feature"},{"geometry":{"coordinates":[-119.29403,34.34365],"type":"Point"},"properties":{"kind":"stop","name":".","stop_id":"VNACLR:1"},"type":"Feature"},{"geometry":{"coordinates":[-119.29401,34.34157],"type":"Point"},"properties":{"kind":"stop","name":"Ventura Ave & Canada Larga","stop_id":"VNACLR:2"},"type":"Feature"},{"geometry":{"coordinates":[-119.29581,34.29765],"type":"Point"},"properties":{"kind":"stop","name":"Ventura Ave & Comstock","stop_id":"VNACOM:1"},"type":"Feature"},{"geometry":{"coordinates":[-119.30597,34.35351],"type":"Point"},"properties":{"kind":"stop","name":"Ventura Ave & Casitas Vista","stop_id":"VNACVR:1"},"type":"Feature"},{"geometry":{"coordinates":[-119.29462,34.30144],"type":"Point"},"properties":{"kind":"stop","name":"Ventura Ave & DeAnza","stop_id":"VNADAD:1"},"type":"Feature"},{"geometry":{"coordinates":[-119.29485,34.30136],"type":"Point"},"properties":{"kind":"stop","name":"Ventura Ave & DeAnza","stop_id":"VNADAD:2"},"type":"Feature"},{"geometry":{"coordinates":[-119.29635,34.29588],"type":"Point"},"properties":{"kind":"stop","name":"Ventura Ave & Forbes","stop_id":"VNAFOR:1"},"type":"Feature"},{"geometry":{"coordinates":[-119.29093,34.32752],"type":"Point"},"properties":{"kind":"stop","name":"Ventura Ave & Fraser","stop_id":"VNAFRA:2"},"type":"Feature"},{"geometry":{"coordinates":[-119.29019,34.3205],"type":"Point"},"properties":{"kind":"stop","name":"Ventura Ave & Hartman","stop_id":"VNAHAR:1"},"type":"Feature"},{"geometry":{"coordinates":[-119.29565,34.29872],"type":"Point"},"properties":{"kind":"stop","name":"Ventura Ave & James","stop_id":"VNAJAM:1"},"type":"Feature"},{"geometry":{"coordinates":[-119.29128,34.32903],"type":"Point"},"properties":{"kind":"stop","name":"Ventura Ave & Los Cabos","stop_id":"VNALCL:1"},"type":"Feature"},{"geometry":{"coordinates":[-119.29148,34.32918],"type":"Point"},"properties":{"kind":"stop","name":"Ventura Ave & Los Cabos","stop_id":"VNALCL:2"},"type":"Feature"},{"geometry":{"coordinates":[-119.30052,34.28176],"type":"Point"},"properties":{"kind":"stop","name":"Ventura Avenue & Main Street","stop_id":"VNAMAI:1"},"type":"Feature"},{"geometry":{"coordinates":[-119.30086,34.28168],"type":"Point"},"properties":{"kind":"stop","name":"Ventura Avenue & Main Street","stop_id":"VNAMAI:2"},"type":"Feature"},{"geometry":{"coordinates":[-119.2902,34.32566],"type":"Point"},"properties":{"kind":"stop","name":"Ventura Ave & McKee","stop_id":"VNAMCK:1"},"type":"Feature"},{"geometry":{"coordinates":[-119.29028,34.32555],"type":"Point"},"properties":{"kind":"stop","name":"Ventura Ave & McKee","stop_id":"VNAMCK:2"},"type":"Feature"},{"geometry":{"coordinates":[-119.28995,34.32259],"type":"Point"},"properties":{"kind":"stop","name":"Ventura Ave & Mill","stop_id":"VNAMIL:1"},"type":"Feature"},{"geometry":{"coordinates":[-119.29022,34.3216],"type":"Point"},"properties":{"kind":"stop","name":"Ventura Ave & Orchard","stop_id":"VNAORC:1"},"type":"Feature"},{"geometry":{"coordinates":[-119.29621,34.29685],"type":"Point"},"properties":{"kind":"stop","name":"Ventura Ave & Pleasant","stop_id":"VNAPLE:1"},"type":"Feature"},{"geometry":{"coordinates":[-119.29965,34.28494],"type":"Point"},"properties":{"kind":"stop","name":"Ventura Ave & Park Row","stop_id":"VNAPRA:1"},"type":"Feature"},{"geometry":{"coordinates":[-119.29983,34.28484],"type":"Point"},"properties":{"kind":"stop","name":"Ventura Ave & Park Row","stop_id":"VNAPRA:2"},"type":"Feature"},{"geometry":{"coordinates":[-119.29819,34.28981],"type":"Point"},"properties":{"kind":"stop","name":"Ventura Ave & Ramona","stop_id":"VNARAM:1"},"type":"Feature"},{"geometry":{"coordinates":[-119.29835,34.28984],"type":"Point"},"properties":{"kind":"stop","name":"Ventura Ave & Ramona","stop_id":"VNARAM:2"},"type":"Feature"},{"geometry":{"coordinates":[-119.30068,34.27994],"type":"Point"},"properties":{"kind":"stop","name":"Ventura Ave & Santa Clara","stop_id":"VNASCS:1"},"type":"Feature"},{"geometry":{"coordinates":[-119.29315,34.30633],"type":"Point"},"properties":{"kind":"stop","name":"Ventura Ave & Seneca","stop_id":"VNASEN:1"},"type":"Feature"},{"geometry":{"coordinates":[-119.29333,34.30643],"type":"Point"},"properties":{"kind":"stop","name":"Ventura Ave & Seneca","stop_id":"VNASEN:2"},"type":"Feature"},{"geometry":{"coordinates":[-119.29054,34.31745],"type":"Point"},"properties":{"kind":"stop","name":"Ventura Ave & Shell","stop_id":"VNASHE:1"},"type":"Feature"},{"geometry":{"coordinates":[-119.2907,34.3173],"type":"Point"},"properties":{"kind":"stop","name":"Ventura Ave & Shell","stop_id":"VNASHE:2"},"type":"Feature"},{"geometry":{"coordinates":[-119.2937,34.30461],"type":"Point"},"properties":{"kind":"stop","name":"Ventura Ave & Sr Housing","stop_id":"VNASRH:1"},"type":"Feature"},{"geometry":{"coordinates":[-119.29681,34.29434],"type":"Point"},"properties":{"kind":"stop","name":"Ventura Ave & Vince","stop_id":"VNAVIN:1"},"type":"Feature"},{"geometry":{"coordinates":[-119.29703,34.29432],"type":"Point"},"properties":{"kind":"stop","name":"Ventura Ave & Vince","stop_id":"VNAVIN:2"},"type":"Feature"},{"geometry":{"coordinates":[-119.29739,34.29251],"type":"Point"},"properties":{"kind":"stop","name":"Ventura Ave & Warner","stop_id":"VNAWAR:1"},"type":"Feature"},{"geometry":{"coordinates":[-119.29764,34.2921],"type":"Point"},"properties":{"kind":"stop","name":"Ventura Ave & Warner","stop_id":"VNAWAR:2"},"type":"Feature"},{"geometry":{"coordinates":[-119.29289,34.30785],"type":"Point"},"properties":{"kind":"stop","name":"Ventura Ave & Willet","stop_id":"VNAWIL:2"},"type":"Feature"},{"geometry":{"coordinates":[-119.29279,34.30751],"type":"Point"},"properties":{"kind":"stop","name":"Ventura Ave & Willet","stop_id":"VNAWILL:1"},"type":"Feature"},{"geometry":{"coordinates":[-119.1661,34.22748],"type":"Point"},"properties":{"kind":"stop","name":"Ventura & Alvarado","stop_id":"VNBALV:1"},"type":"Feature"},{"geometry":{"coordinates":[-119.1715,34.23231],"type":"Point"},"properties":{"kind":"stop","name":"Ventura & Financial","stop_id":"VNBFIN:1"},"type":"Feature"},{"geometry":{"coordinates":[-119.17132,34.23219],"type":"Point"},"properties":{"kind":"stop","name":"Ventura & Financial","stop_id":"VNBFIN:2"},"type":"Feature"},{"geometry":{"coordinates":[-119.15451,34.22475],"type":"Point"},"properties":{"kind":"stop","name":"Ventura at Red Lobster","stop_id":"VNBGUI2"},"type":"Feature"},{"geometry":{"coordinates":[-119.16288,34.22667],"type":"Point"},"properties":{"kind":"stop","name":"Ventura Blvd & Royal Duke","stop_id":"VNBRDM:1"},"type":"Feature"},{"geometry":{"coordinates":[-119.15878,34.22821],"type":"Point"},"properties":{"kind":"stop","name":"Ventura Blvd & Rose","stop_id":"VNBROS:1"},"type":"Feature"},{"geometry":{"coordinates":[-119.19498,34.19313],"type":"Point"},"properties":{"kind":"stop","name":"Ventura Rd & 9th","stop_id":"VNR9TH2"},"type":"Feature"},{"geometry":{"coordinates":[-119.19468,34.1921],"type":"Point"},"properties":{"kind":"stop","name":"Ventura Rd & 9th","stop_id":"VNR9TH:1"},"type":"Feature"},{"geometry":{"coordinates":[-119.1953,34.1615],"type":"Point"},"properties":{"kind":"stop","name":"Ventura Rd & Bard","stop_id":"VNRBAR2"},"type":"Feature"},{"geometry":{"coordinates":[-119.195,34.16087],"type":"Point"},"properties":{"kind":"stop","name":"Ventura Rd & Bard","stop_id":"VNRBAR:1"},"type":"Feature"},{"geometry":{"coordinates":[-119.19468,34.2232],"type":"Point"},"properties":{"kind":"stop","name":"Ventura Rd & Bevra","stop_id":"VNRBEV:1"},"type":"Feature"},{"geometry":{"coordinates":[-119.19462,34.22597],"type":"Point"},"properties":{"kind":"stop","name":"Ventura Rd & Carmen","stop_id":"VNRCAR:1"},"type":"Feature"},{"geometry":{"coordinates":[-119.19514,34.17615],"type":"Point"},"properties":{"kind":"stop","name":"Ventura Road & Channel Islands","stop_id":"VNRCIB1"},"type":"Feature"},{"geometry":{"coordinates":[-119.19492,34.17722],"type":"Point"},"properties":{"kind":"stop","name":"Ventura Road & Channel Islands","stop_id":"VNRCIB2"},"type":"Feature"},{"geometry":{"coordinates":[-119.19566,34.15133],"type":"Point"},"properties":{"kind":"stop","name":"Ventura & Clara","stop_id":"VNRCLA1"},"type":"Feature"},{"geometry":{"coordinates":[-119.19538,34.15187],"type":"Point"},"properties":{"kind":"stop","name":"Ventura & Clara","stop_id":"VNRCLA2"},"type":"Feature"},{"geometry":{"coordinates":[-119.19454,34.21106],"type":"Point"},"properties":{"kind":"stop","name":"Ventura & Devonshire","stop_id":"VNRDEV2"},"type":"Feature"},{"geometry":{"coordinates":[-119.19482,34.21108],"type":"Point"},"properties":{"kind":"stop","name":"Ventura & Devonshire","stop_id":"VNRDEV:1"},"type":"Feature"},{"geometry":{"coordinates":[-119.19448,34.22438],"type":"Point"},"properties":{"kind":"stop","name":"Ventura Rd & Fuchsia","stop_id":"VNRFUC:1"},"type":"Feature"},{"geometry":{"coordinates":[-119.19447,34.22001],"type":"Point"},"properties":{"kind":"stop","name":"Ventura Rd & Gonzales","stop_id":"VNRGNZ:1"},"type":"Feature"},{"geometry":{"coordinates":[-119.19471,34.2189],"type":"Point"},"properties":{"kind":"stop","name":"Ventura Rd & Gonzales","stop_id":"VNRGNZ:2"},"type":"Feature"},{"geometry":{"coordinates":[-119.1949,34.1809],"type":"Point"},"properties":{"kind":"stop","name":"Ventura & Hemlock","stop_id":"VNRHEM1"},"type":"Feature"},{"geometry":{"coordinates":[-119.19442,34.22638],"type":"Point"},"properties":{"kind":"stop","name":"Ventura Rd & Holly","stop_id":"VNRHOL:1"},"type":"Feature"},{"geometry":{"coordinates":[-119.1945,34.2158],"type":"Point"},"properties":{"kind":"stop","name":"Ventura & Ivywood","stop_id":"VNRIVY2"},"type":"Feature"},{"geometry":{"coordinates":[-119.19479,34.2156],"type":"Point"},"properties":{"kind":"stop","name":"Ventura & Ivywood","stop_id":"VNRIVY:1"},"type":"Feature"},{"geometry":{"coordinates":[-119.19544,34.15444],"type":"Point"},"properties":{"kind":"stop","name":"Ventura Rd & Pleasant Valley","stop_id":"VNRPVR2"},"type":"Feature"},{"geometry":{"coordinates":[-119.19506,34.15624],"type":"Point"},"properties":{"kind":"stop","name":"Ventura Rd & Pleasant Valley","stop_id":"VNRPVR:1"},"type":"Feature"},{"geometry":{"coordinates":[-119.1956,34.1454],"type":"Point"},"properties":{"kind":"stop","name":"Ventura Rd & Railroad","stop_id":"VNRRRT:1"},"type":"Feature"},{"geometry":{"coordinates":[-119.19565,34.14878],"type":"Point"},"properties":{"kind":"stop","name":"Ventura & Scott","stop_id":"VNRSCT1"},"type":"Feature"},{"geometry":{"coordinates":[-119.19538,34.14932],"type":"Point"},"properties":{"kind":"stop","name":"Ventura & Scott","stop_id":"VNRSCT2"},"type":"Feature"},{"geometry":{"coordinates":[-119.19538,34.14537],"type":"Point"},"properties":{"kind":"stop","name":"Ventura Rd & Seaview","stop_id":"VNRSEA:1"},"type":"Feature"},{"geometry":{"coordinates":[-119.1953,34.16887],"type":"Point"},"properties":{"kind":"stop","name":"Ventura & Sunkist","stop_id":"VNRSUN1"},"type":"Feature"},{"geometry":{"coordinates":[-119.19495,34.16864],"type":"Point"},"properties":{"kind":"stop","name":"Ventura & Sunkist","stop_id":"VNRSUN2"},"type":"Feature"},{"geometry":{"coordinates":[-119.19491,34.17304],"type":"Point"},"properties":{"kind":"stop","name":"Ventura Rd & Spruce","stop_id":"VNTSPR:1"},"type":"Feature"},{"geometry":{"coordinates":[-119.195,34.19721],"type":"Point"},"properties":{"kind":"stop","name":"Ventura Rd  & 5th","stop_id":"VTA5TH:1"},"type":"Feature"},{"geometry":{"coordinates":[-119.19462,34.19727],"type":"Point"},"properties":{"kind":"stop","name":"Ventura Rd  & 5th","stop_id":"VTA5TH:2"},"type":"Feature"},{"geometry":{"coordinates":[-119.29235,34.3091],"type":"Point"},"properties":{"kind":"stop","name":"Ventura Ave & Dakota","stop_id":"VTADAK:1"},"type":"Feature"},{"geometry":{"coordinates":[-119.29265,34.30888],"type":"Point"},"properties":{"kind":"stop","name":"Ventura Ave & Dakota","stop_id":"VTADAK:2"},"type":"Feature"},{"geometry":{"coordinates":[-119.2921,34.33503],"type":"Point"},"properties":{"kind":"stop","name":"Ventura Ave & Norway","stop_id":"VTANOR:1"},"type":"Feature"},{"geometry":{"coordinates":[-119.29253,34.33516],"type":"Point"},"properties":{"kind":"stop","name":"Ventura Ave & Norway","stop_id":"VTANOR:2"},"type":"Feature"},{"geometry":{"coordinates":[-119.24968,34.27245],"type":"Point"},"properties":{"kind":"stop","name":"VTC at Pacific View Mall","stop_id":"VTC:1"},"type":"Feature"},{"geometry":{"coordinates":[-119.15961,34.23631],"type":"Point"},"properties":{"kind":"stop","name":"Walnut & Balboa","stop_id":"WALBAL:1"},"type":"Feature"},{"geometry":{"coordinates":[-119.15968,34.23652],"type":"Point"},"properties":{"kind":"stop","name":"Walnut & Balboa","stop_id":"WALBAL:2"},"type":"Feature"},{"geometry":{"coordinates":[-119.1595,34.29315],"type":"Point"},"properties":{"kind":"stop","name":"Wells & Carlos","stop_id":"WELCAR:1"},"type":"Feature"},{"geometry":{"coordinates":[-119.15822,34.29182],"type":"Point"},"properties":{"kind":"stop","name":"Wells Ctr.","stop_id":"WELCTR:1"},"type":"Feature"},{"geometry":{"coordinates":[-119.15177,34.28456],"type":"Point"},"properties":{"kind":"stop","name":"Wells & Telephone","stop_id":"WELTEL:2"},"type":"Feature"},{"geometry":{"coordinates":[-119.16463,34.18615],"type":"Point"},"properties":{"kind":"stop","name":"Westar & Pacific","stop_id":"WESPAC:1"},"type":"Feature"},{"geometry":{"coordinates":[-119.16474,34.18629],"type":"Point"},"properties":{"kind":"stop","name":"Westar & Pacific","stop_id":"WESPAC:2"},"type":"Feature"},{"geometry":{"coordinates":[-119.16038,34.18609],"type":"Point"},"properties":{"kind":"stop","name":"Westar & Rose","stop_id":"WESROS:1"},"type":"Feature"},{"geometry":{"coordinates":[-119.16069,34.18626],"type":"Point"},"properties":{"kind":"stop","name":"Westar & Rose","stop_id":"WESROS:2"},"type":"Feature"},{"geometry":{"coordinates":[-119.2005,34.1905],"type":"Point"},"properties":{"kind":"stop","name":"Wooley & Escalon","stop_id":"WOOESC:1"},"type":"Feature"},{"geometry":{"coordinates":[-119.20321,34.19016],"type":"Point"},"properties":{"kind":"stop","name":"Wooley & Novato","stop_id":"WOONOV:1"},"type":"Feature"},{"geometry":{"coordinates":[-119.2142,34.1902],"type":"Point"},"properties":{"kind":"stop","name":"Wooley & Offshore","stop_id":"WOOOFF:1"},"type":"Feature"},{"geometry":{"coordinates":[-119.16415,34.18976],"type":"Point"},"properties":{"kind":"stop","name":"Wooley & Pacific","stop_id":"WOOPAC:1"},"type":"Feature"},{"geometry":{"coordinates":[-119.2084,34.19026],"type":"Point"},"properties":{"kind":"stop","name":"Wooley & Patterson","stop_id":"WOOPAT:1"},"type":"Feature"},{"geometry":{"coordinates":[-119.19734,34.1901],"type":"Point"},"properties":{"kind":"stop","name":"Wooley & Pisco","stop_id":"WOOPIC:1"},"type":"Feature"},{"geometry":{"coordinates":[-119.1605,34.18998],"type":"Point"},"properties":{"kind":"stop","name":"Wooley & Telstar","stop_id":"WOOTEL:1"},"type":"Feature"},{"geometry":{"coordinates":[-119.16158,34.18974],"type":"Point"},"properties":{"kind":"stop","name":"Wooley & Telstar","stop_id":"WOOTEL:2"},"type":"Feature"},{"geometry":{"coordinates":[-119.1955,34.1904],"type":"Point"},"properties":{"kind":"stop","name":"Wooley & Ventura","stop_id":"WOOVEN:1"},"type":"Feature"},{"geometry":{"coordinates":[-119.22035,34.19022],"type":"Point"},"properties":{"kind":"stop","name":"Wooley & Victoria","stop_id":"WOOVIC:1"},"type":"Feature"}],"type":"FeatureCollection"}
