{"features":[{"geometry":{"coordinates":[[-85.38745,40.19331],[-85.38738,40.19364],[-85.38739,40.19282],[-85.37098,40.19253],[-85.36992,40.19287],[-85.33519,40.19286],[-85.32976,40.19325],[-85.32977,40.19416],[-85.32937,40.19418],[-85.32977,40.19416],[-85.32976,40.19336],[-85.33437,40.19299],[-85.34063,40.19293],[-85.34074,40.19667],[-85.35349,40.19669],[-85.35345,40.19561],[-85.35724,40.19561],[-85.35721,40.19292],[-85.366,40.19288],[-85.36772,40.19334],[-85.38766,40.1937],[-85.38767,40.19283],[-85.38747,40.19283],[-85.38745,40.19331]],"type":"LineString"},"properties":{"color":"#F07971","color_name":"pink","kind":"route","label":"East Jackson","long":"East Jackson","route_id":"29996745","text_color":"#000000","type_label":"Bus"},"type":"Feature"},{"geometry":{"coordinates":[[-85.38745,40.19331],[-85.38744,40.19369],[-85.38879,40.19372],[-85.38876,40.1946],[-85.39125,40.19465],[-85.39263,40.19525],[-85.3944,40.19661],[-85.39437,40.19749],[-85.4179,40.1976],[-85.4179,40.19571],[-85.41917,40.19572],[-85.41916,40.19298],[-85.42459,40.19296],[-85.42521,40.1931],[-85.42531,40.19292],[-85.43037,40.19298],[-85.43393,40.19471],[-85.43396,40.19371],[-85.44269,40.19387],[-85.44268,40.19128],[-85.44206,40.19127],[-85.44128,40.19098],[-85.43394,40.19093],[-85.43395,40.19301],[-85.41916,40.19298],[-85.41917,40.19572],[-85.4179,40.19571],[-85.4179,40.1976],[-85.39437,40.19749],[-85.3944,40.19661],[-85.39263,40.19525],[-85.39125,40.19465],[-85.38763,40.19457],[-85.38768,40.19282],[-85.3873,40.1928],[-85.38745,40.19331]],"type":"LineString"},"properties":{"color":"#FC0810","color_name":"red","kind":"route","label":"Ball State University","long":"Ball State University","route_id":"30089470","text_color":"#FFFFFF","type_label":"Bus"},"type":"Feature"},{"geometry":{"coordinates":[[-85.38745,40.19331],[-85.38745,40.19369],[-85.38764,40.19369],[-85.38771,40.19199],[-85.39211,40.19206],[-85.39213,40.18857],[-85.40037,40.18874],[-85.40054,40.18879],[-85.39469,40.19295],[-85.40765,40.19301],[-85.40778,40.19306],[-85.40774,40.19573],[-85.41155,40.19573],[-85.41149,40.1864],[-85.41557,40.18656],[-85.41906,40.18584],[-85.41916,40.18429],[-85.41892,40.18274],[-85.42638,40.18143],[-85.42651,40.18182],[-85.42638,40.18143],[-85.41892,40.18274],[-85.41908,40.18343],[-85.41906,40.18584],[-85.41557,40.18656],[-85.41149,40.1864],[-85.41155,40.19573],[-85.40774,40.19573],[-85.40778,40.19301],[-85.38733,40.19282],[-85.38734,40.19343],[-85.38745,40.19331]],"type":"LineString"},"properties":{"color":"#F07971","color_name":"pink","kind":"route","label":"Ball State Jackson","long":"Ball State Jackson","route_id":"30089935","text_color":"#000000","type_label":"Bus"},"type":"Feature"},{"geometry":{"coordinates":[[-85.38745,40.19331],[-85.38748,40.19282],[-85.38542,40.19279],[-85.38537,40.19365],[-85.38878,40.19372],[-85.38872,40.19606],[-85.3884,40.19665],[-85.39036,40.19818],[-85.39193,40.20053],[-85.40102,40.21615],[-85.4022,40.21595],[-85.40962,40.21604],[-85.4096,40.2255],[-85.40893,40.22607],[-85.40841,40.2275],[-85.40774,40.22772],[-85.4033,40.2201],[-85.40585,40.22006],[-85.40587,40.21899],[-85.40807,40.219],[-85.40805,40.21809],[-85.40606,40.21796],[-85.40587,40.21776],[-85.40196,40.21777],[-85.39193,40.20053],[-85.39023,40.19804],[-85.38767,40.19595],[-85.38768,40.19283],[-85.38741,40.19283],[-85.38745,40.19331]],"type":"LineString"},"properties":{"color":"#0614D4","color_name":"blue","kind":"route","label":"Northwest Plaza","long":"Northwest Plaza","route_id":"30089950","text_color":"#FFFFFF","type_label":"Bus"},"type":"Feature"},{"geometry":{"coordinates":[[-85.38745,40.19331],[-85.38741,40.19281],[-85.38542,40.19279],[-85.38534,40.19453],[-85.38171,40.19448],[-85.38164,40.19665],[-85.38101,40.197],[-85.37834,40.19703],[-85.3749,40.19874],[-85.37429,40.19961],[-85.37423,40.20098],[-85.36305,40.20075],[-85.36304,40.20356],[-85.36563,40.2036],[-85.36547,40.20765],[-85.3655,40.21894],[-85.36079,40.21896],[-85.36083,40.22456],[-85.3679,40.22457],[-85.36947,40.22288],[-85.37063,40.22331],[-85.37202,40.22159],[-85.37333,40.21902],[-85.3655,40.21894],[-85.3655,40.21468],[-85.36795,40.21467],[-85.36783,40.20744],[-85.36796,40.20744],[-85.36805,40.20364],[-85.37417,40.20374],[-85.37427,40.19969],[-85.37479,40.19883],[-85.37822,40.19706],[-85.38164,40.19701],[-85.38174,40.19359],[-85.38732,40.19367],[-85.38745,40.19331]],"type":"LineString"},"properties":{"color":"#F0D448","color_name":"yellow","kind":"route","label":"Whitely/Morningside","long":"Whitely/Morningside","route_id":"30100565","text_color":"#000000","type_label":"Bus"},"type":"Feature"},{"geometry":{"coordinates":[[-85.38745,40.19331],[-85.38741,40.19369],[-85.38764,40.19369],[-85.38768,40.19283],[-85.38542,40.19279],[-85.38534,40.19453],[-85.38536,40.19519],[-85.38569,40.19541],[-85.38645,40.19542],[-85.38608,40.20449],[-85.38686,40.2088],[-85.38701,40.21415],[-85.38679,40.22735],[-85.3892,40.22734],[-85.38922,40.2306],[-85.38993,40.23124],[-85.39272,40.23196],[-85.39455,40.23196],[-85.39457,40.22905],[-85.39443,40.22867],[-85.39333,40.22761],[-85.39243,40.22731],[-85.38679,40.22735],[-85.38701,40.21415],[-85.38686,40.2088],[-85.38608,40.20449],[-85.38651,40.19367],[-85.38766,40.1937],[-85.38768,40.19283],[-85.38746,40.19282],[-85.38745,40.19331]],"type":"LineString"},"properties":{"color":"#F77A0C","color_name":"orange","kind":"route","label":"North Walnut","long":"North Walnut","route_id":"30100605","text_color":"#000000","type_label":"Bus"},"type":"Feature"},{"geometry":{"coordinates":[[-85.38745,40.19331],[-85.38746,40.19283],[-85.38176,40.19273],[-85.38181,40.19101],[-85.37719,40.19092],[-85.37718,40.18844],[-85.3678,40.18851],[-85.35117,40.18251],[-85.34862,40.18104],[-85.34741,40.17896],[-85.34616,40.17933],[-85.34588,40.17842],[-85.34714,40.17839],[-85.3457,40.17489],[-85.35268,40.17466],[-85.35271,40.17831],[-85.35853,40.1783],[-85.3586,40.18466],[-85.35836,40.18514],[-85.3678,40.18851],[-85.3818,40.18845],[-85.38174,40.19359],[-85.38745,40.19369],[-85.38745,40.19331]],"type":"LineString"},"properties":{"color":"#F0D448","color_name":"yellow","kind":"route","label":"Burlington","long":"Burlington","route_id":"30100645","text_color":"#000000","type_label":"Bus"},"type":"Feature"},{"geometry":{"coordinates":[[-85.38745,40.19331],[-85.38746,40.19283],[-85.38176,40.19273],[-85.38175,40.18558],[-85.36766,40.1856],[-85.36761,40.1783],[-85.36282,40.1783],[-85.36248,40.16379],[-85.36275,40.16379],[-85.36308,40.16308],[-85.36477,40.1616],[-85.36473,40.16022],[-85.36988,40.16025],[-85.36988,40.15919],[-85.37028,40.15917],[-85.3703,40.15822],[-85.36851,40.15827],[-85.36851,40.15917],[-85.3688,40.1592],[-85.36878,40.16025],[-85.36711,40.16022],[-85.36766,40.1856],[-85.38174,40.18559],[-85.38174,40.19359],[-85.38765,40.1937],[-85.38766,40.19285],[-85.38749,40.19285],[-85.38745,40.19331]],"type":"LineString"},"properties":{"color":"#FC0810","color_name":"red","kind":"route","label":"Industry Willard","long":"Industry Willard","route_id":"30102425","text_color":"#FFFFFF","type_label":"Bus"},"type":"Feature"},{"geometry":{"coordinates":[[-85.38745,40.19331],[-85.38744,40.1937],[-85.38766,40.1937],[-85.3877,40.19111],[-85.38181,40.19101],[-85.38166,40.18133],[-85.38031,40.1813],[-85.38033,40.18214],[-85.37249,40.18216],[-85.37243,40.17829],[-85.37714,40.17831],[-85.37718,40.16389],[-85.37241,40.16384],[-85.3724,40.16301],[-85.37336,40.16087],[-85.37341,40.16022],[-85.37608,40.16021],[-85.37608,40.16389],[-85.37718,40.16389],[-85.37714,40.17832],[-85.37242,40.17831],[-85.37246,40.18218],[-85.38172,40.18218],[-85.38178,40.19188],[-85.38544,40.19195],[-85.38537,40.19365],[-85.38766,40.1937],[-85.38768,40.19283],[-85.38755,40.19282],[-85.38745,40.19331]],"type":"LineString"},"properties":{"color":"#F77A0C","color_name":"orange","kind":"route","label":"Heekin Park","long":"Heekin Park","route_id":"30102591","text_color":"#000000","type_label":"Bus"},"type":"Feature"},{"geometry":{"coordinates":[[-85.38745,40.19331],[-85.38743,40.19369],[-85.38767,40.19369],[-85.3877,40.18962],[-85.38739,40.18941],[-85.38673,40.18938],[-85.38652,40.189],[-85.38604,40.16231],[-85.38525,40.1601],[-85.38317,40.15549],[-85.38439,40.15378],[-85.38585,40.15291],[-85.38669,40.15483],[-85.3859,40.15282],[-85.38432,40.15377],[-85.38359,40.15457],[-85.38227,40.15718],[-85.38171,40.15904],[-85.38155,40.16176],[-85.38165,40.17831],[-85.38639,40.17831],[-85.38653,40.18923],[-85.38561,40.18949],[-85.38553,40.1897],[-85.38537,40.19365],[-85.38742,40.19369],[-85.38745,40.19331]],"type":"LineString"},"properties":{"color":"#0614D4","color_name":"blue","kind":"route","label":"Southway Centre","long":"Southway Centre","route_id":"30109285","text_color":"#FFFFFF","type_label":"Bus"},"type":"Feature"},{"geometry":{"coordinates":[[-85.38745,40.19331],[-85.38739,40.19369],[-85.38765,40.19369],[-85.38771,40.19199],[-85.38993,40.19202],[-85.38995,40.18716],[-85.4018,40.17487],[-85.40526,40.17235],[-85.40498,40.15532],[-85.4064,40.15522],[-85.40661,40.15461],[-85.4073,40.15449],[-85.40735,40.15418],[-85.40482,40.15407],[-85.40501,40.16744],[-85.40539,40.17836],[-85.41676,40.17838],[-85.41675,40.18185],[-85.39502,40.18197],[-85.38995,40.18716],[-85.38991,40.19287],[-85.38746,40.19283],[-85.38745,40.19331]],"type":"LineString"},"properties":{"color":"#970AA1","color_name":"purple","kind":"route","label":"Ivy Tech","long":"Ivy Tech","route_id":"30109325","text_color":"#FFFFFF","type_label":"Bus"},"type":"Feature"},{"geometry":{"coordinates":[[-85.38745,40.19331],[-85.38751,40.19369],[-85.38879,40.19371],[-85.38874,40.19459],[-85.39136,40.19468],[-85.39263,40.19525],[-85.3944,40.19661],[-85.39431,40.20016],[-85.40566,40.20031],[-85.4193,40.20017],[-85.41913,40.20023],[-85.41967,40.20077],[-85.41985,40.20133],[-85.41987,40.21448],[-85.42007,40.22075],[-85.42066,40.22198],[-85.42345,40.22445],[-85.42442,40.22388],[-85.4269,40.22381],[-85.42858,40.22354],[-85.43167,40.22233],[-85.4308,40.2208],[-85.43084,40.21993],[-85.43112,40.2199],[-85.43408,40.21972],[-85.44272,40.22285],[-85.4427,40.22151],[-85.42,40.21899],[-85.41985,40.20126],[-85.41963,40.20071],[-85.41916,40.20023],[-85.39431,40.20016],[-85.3944,40.19661],[-85.39263,40.19525],[-85.39136,40.19468],[-85.38763,40.19457],[-85.38767,40.19283],[-85.38752,40.19282],[-85.38745,40.19331]],"type":"LineString"},"properties":{"color":"#970AA1","color_name":"purple","kind":"route","label":"Riverside/Rural King","long":"Riverside/Rural King","route_id":"30109365","text_color":"#FFFFFF","type_label":"Bus"},"type":"Feature"},{"geometry":{"coordinates":[[-85.38745,40.19331],[-85.38746,40.19369],[-85.38877,40.19372],[-85.38875,40.19459],[-85.39125,40.19465],[-85.39263,40.19525],[-85.3944,40.19661],[-85.39437,40.19749],[-85.40773,40.19761],[-85.40802,40.20766],[-85.40833,40.20815],[-85.40944,40.2088],[-85.41133,40.20896],[-85.41201,40.2093],[-85.41218,40.20991],[-85.41128,40.21131],[-85.43148,40.21873],[-85.44028,40.21858],[-85.44033,40.21733],[-85.44268,40.21731],[-85.4427,40.22447],[-85.43444,40.22439],[-85.43455,40.22339],[-85.4355,40.22247],[-85.43672,40.22061],[-85.44271,40.22285],[-85.44268,40.21731],[-85.44034,40.21733],[-85.44028,40.21858],[-85.43437,40.21857],[-85.43159,40.21875],[-85.41142,40.21137],[-85.41229,40.20993],[-85.41199,40.20915],[-85.41137,40.20889],[-85.40963,40.20878],[-85.4084,40.20808],[-85.40813,40.20764],[-85.40807,40.20428],[-85.40821,40.2038],[-85.40783,40.20049],[-85.40778,40.19764],[-85.39437,40.19749],[-85.3944,40.19661],[-85.39263,40.19525],[-85.39136,40.19468],[-85.38647,40.19455],[-85.3865,40.19366],[-85.38745,40.19369],[-85.38745,40.19331]],"type":"LineString"},"properties":{"color":"#397D02","color_name":"green","kind":"route","label":"Walmart","long":"Walmart","route_id":"30109390","text_color":"#FFFFFF","type_label":"Bus"},"type":"Feature"},{"geometry":{"coordinates":[[-85.38745,40.19331],[-85.38748,40.19282],[-85.38542,40.19279],[-85.38534,40.19453],[-85.38285,40.19449],[-85.3826,40.2021],[-85.38068,40.20809],[-85.38022,40.20864],[-85.38006,40.21184],[-85.37442,40.21904],[-85.37932,40.21901],[-85.37923,40.22323],[-85.38072,40.22324],[-85.38067,40.22117],[-85.37934,40.22116],[-85.37932,40.22298],[-85.37842,40.22408],[-85.37699,40.22448],[-85.37273,40.22394],[-85.37242,40.22522],[-85.37473,40.22534],[-85.37487,40.22422],[-85.37271,40.22393],[-85.37474,40.22168],[-85.37517,40.22016],[-85.3751,40.21934],[-85.37451,40.21939],[-85.37408,40.21991],[-85.37403,40.22047],[-85.37345,40.22019],[-85.38006,40.21183],[-85.38022,40.20864],[-85.38068,40.20809],[-85.3826,40.2021],[-85.38277,40.19702],[-85.38641,40.19709],[-85.38645,40.19542],[-85.3876,40.1953],[-85.38768,40.19283],[-85.38746,40.19283],[-85.38745,40.19331]],"type":"LineString"},"properties":{"color":"#397D02","color_name":"green","kind":"route","label":"Mall","long":"Mall","route_id":"32963025","text_color":"#FFFFFF","type_label":"Bus"},"type":"Feature"},{"geometry":{"coordinates":[-85.38745,40.19331],"type":"Point"},"properties":{"kind":"stop","name":"MITS STATION","stop_id":"29989445"},"type":"Feature"},{"geometry":{"coordinates":[-85.39443,40.19747],"type":"Point"},"properties":{"kind":"stop","name":"UNIVERSITY & RESERVE","stop_id":"29989481"},"type":"Feature"},{"geometry":{"coordinates":[-85.35714,40.19294],"type":"Point"},"properties":{"kind":"stop","name":"JACKSON & HODSON","stop_id":"29989482"},"type":"Feature"},{"geometry":{"coordinates":[-85.32937,40.19418],"type":"Point"},"properties":{"kind":"stop","name":"JACKSON & COUNTRY CLUB","stop_id":"29989483"},"type":"Feature"},{"geometry":{"coordinates":[-85.40773,40.19761],"type":"Point"},"properties":{"kind":"stop","name":"UNIVERSITY & MCKINLEY","stop_id":"30061630"},"type":"Feature"},{"geometry":{"coordinates":[-85.41913,40.19567],"type":"Point"},"properties":{"kind":"stop","name":"GILBERT & TILLOTSON","stop_id":"30061631"},"type":"Feature"},{"geometry":{"coordinates":[-85.44266,40.1913],"type":"Point"},"properties":{"kind":"stop","name":"MORRISON & PEACHTREE","stop_id":"30061632"},"type":"Feature"},{"geometry":{"coordinates":[-85.40778,40.19306],"type":"Point"},"properties":{"kind":"stop","name":"MCKINLEY & JACKSON","stop_id":"30061638"},"type":"Feature"},{"geometry":{"coordinates":[-85.4115,40.18655],"type":"Point"},"properties":{"kind":"stop","name":"WHITE RIVER PLAZA","stop_id":"30061639"},"type":"Feature"},{"geometry":{"coordinates":[-85.42151,40.18822],"type":"Point"},"properties":{"kind":"stop","name":"MARSH","stop_id":"30061645"},"type":"Feature"},{"geometry":{"coordinates":[-85.42651,40.18182],"type":"Point"},"properties":{"kind":"stop","name":"YOC","stop_id":"30061665"},"type":"Feature"},{"geometry":{"coordinates":[-85.39683,40.20895],"type":"Point"},"properties":{"kind":"stop","name":"CENTENNIAL & WHEELING","stop_id":"30061671"},"type":"Feature"},{"geometry":{"coordinates":[-85.40774,40.22772],"type":"Point"},"properties":{"kind":"stop","name":"OAKWOOD & WHEELING","stop_id":"30061672"},"type":"Feature"},{"geometry":{"coordinates":[-85.40339,40.21776],"type":"Point"},"properties":{"kind":"stop","name":"NORTHWEST PLAZA","stop_id":"30061673"},"type":"Feature"},{"geometry":{"coordinates":[-85.37504,40.22027],"type":"Point"},"properties":{"kind":"stop","name":"MUNCIE MALL","stop_id":"30061691"},"type":"Feature"},{"geometry":{"coordinates":[-85.37392,40.2253],"type":"Point"},"properties":{"kind":"stop","name":"MUNCIE PLAZA","stop_id":"30061692"},"type":"Feature"},{"geometry":{"coordinates":[-85.37428,40.2009],"type":"Point"},"properties":{"kind":"stop","name":"LOWELL & MLK","stop_id":"30061693"},"type":"Feature"},{"geometry":{"coordinates":[-85.36557,40.21468],"type":"Point"},"properties":{"kind":"stop","name":"ELGIN & STREETER","stop_id":"30061694"},"type":"Feature"},{"geometry":{"coordinates":[-85.36078,40.2191],"type":"Point"},"properties":{"kind":"stop","name":"MCGALLIARD & BELLAIRE","stop_id":"30061700"},"type":"Feature"},{"geometry":{"coordinates":[-85.36924,40.21901],"type":"Point"},"properties":{"kind":"stop","name":"K-MART","stop_id":"30061705"},"type":"Feature"},{"geometry":{"coordinates":[-85.38701,40.21415],"type":"Point"},"properties":{"kind":"stop","name":"WALNUT & STREETER","stop_id":"30061706"},"type":"Feature"},{"geometry":{"coordinates":[-85.38683,40.22299],"type":"Point"},"properties":{"kind":"stop","name":"WALNUT & SKYWAY","stop_id":"30061707"},"type":"Feature"},{"geometry":{"coordinates":[-85.39447,40.23193],"type":"Point"},"properties":{"kind":"stop","name":"ONTARIO & SUPERIOR","stop_id":"30061713"},"type":"Feature"},{"geometry":{"coordinates":[-85.37718,40.18844],"type":"Point"},"properties":{"kind":"stop","name":"HACKLEY & KIRBY","stop_id":"30061725"},"type":"Feature"},{"geometry":{"coordinates":[-85.35841,40.18515],"type":"Point"},"properties":{"kind":"stop","name":"BURLINGTON & MEEKER","stop_id":"30061726"},"type":"Feature"},{"geometry":{"coordinates":[-85.35268,40.17466],"type":"Point"},"properties":{"kind":"stop","name":"MANHATTAN & 16TH","stop_id":"30061732"},"type":"Feature"},{"geometry":{"coordinates":[-85.38174,40.18559],"type":"Point"},"properties":{"kind":"stop","name":"MADISON & WILLARD","stop_id":"30061733"},"type":"Feature"},{"geometry":{"coordinates":[-85.36761,40.1783],"type":"Point"},"properties":{"kind":"stop","name":"MACEDONIA & MEMORIAL","stop_id":"30061734"},"type":"Feature"},{"geometry":{"coordinates":[-85.36893,40.15828],"type":"Point"},"properties":{"kind":"stop","name":"WALMART SOUTH","stop_id":"30061735"},"type":"Feature"},{"geometry":{"coordinates":[-85.38172,40.18218],"type":"Point"},"properties":{"kind":"stop","name":"MADISON & 8TH","stop_id":"30062510"},"type":"Feature"},{"geometry":{"coordinates":[-85.37713,40.17833],"type":"Point"},"properties":{"kind":"stop","name":"MEMORIAL & HACKLEY","stop_id":"30062511"},"type":"Feature"},{"geometry":{"coordinates":[-85.37608,40.16021],"type":"Point"},"properties":{"kind":"stop","name":"29TH/EBRIGHT","stop_id":"30062512"},"type":"Feature"},{"geometry":{"coordinates":[-85.38632,40.17541],"type":"Point"},"properties":{"kind":"stop","name":"WALNUT & 15TH","stop_id":"30062513"},"type":"Feature"},{"geometry":{"coordinates":[-85.38656,40.15479],"type":"Point"},"properties":{"kind":"stop","name":"SOUTHERN PINES","stop_id":"30062519"},"type":"Feature"},{"geometry":{"coordinates":[-85.39504,40.18198],"type":"Point"},"properties":{"kind":"stop","name":"8TH/HOYT","stop_id":"30066201"},"type":"Feature"},{"geometry":{"coordinates":[-85.40643,40.15497],"type":"Point"},"properties":{"kind":"stop","name":"IVY TECH","stop_id":"30066489"},"type":"Feature"},{"geometry":{"coordinates":[-85.41916,40.20024],"type":"Point"},"properties":{"kind":"stop","name":"RIVERSIDE & TILLOTSON","stop_id":"30066491"},"type":"Feature"},{"geometry":{"coordinates":[-85.42,40.21899],"type":"Point"},"properties":{"kind":"stop","name":"MCGALLIARD & TILLOTSON","stop_id":"30066492"},"type":"Feature"},{"geometry":{"coordinates":[-85.42727,40.21715],"type":"Point"},"properties":{"kind":"stop","name":"SILVERTREE APARTMENTS","stop_id":"30066525"},"type":"Feature"},{"geometry":{"coordinates":[-85.44034,40.21747],"type":"Point"},"properties":{"kind":"stop","name":"WALMART NORTH","stop_id":"30066526"},"type":"Feature"},{"geometry":{"coordinates":[-85.43672,40.22061],"type":"Point"},"properties":{"kind":"stop","name":"MARLEON & BETHEL","stop_id":"30066550"},"type":"Feature"},{"geometry":{"coordinates":[-85.41675,40.17838],"type":"Point"},"properties":{"kind":"stop","name":"CLARK/12TH","stop_id":"30066565"},"type":"Feature"},{"geometry":{"coordinates":[-85.38168,40.16381],"type":"Point"},"properties":{"kind":"stop","name":"MADISON & 26TH","stop_id":"30066566"},"type":"Feature"},{"geometry":{"coordinates":[-85.38165,40.17831],"type":"Point"},"properties":{"kind":"stop","name":"MADISON AND MEMORIAL","stop_id":"30066572"},"type":"Feature"},{"geometry":{"coordinates":[-85.38317,40.15549],"type":"Point"},"properties":{"kind":"stop","name":"WALNUT & MADISON","stop_id":"30102965"},"type":"Feature"},{"geometry":{"coordinates":[-85.40216,40.17463],"type":"Point"},"properties":{"kind":"stop","name":"17TH & HOYT","stop_id":"30109305"},"type":"Feature"},{"geometry":{"coordinates":[-85.38004,40.21184],"type":"Point"},"properties":{"kind":"stop","name":"ELM & GRANVILLE","stop_id":"32963005"},"type":"Feature"},{"geometry":{"coordinates":[-85.44266,40.22151],"type":"Point"},"properties":{"kind":"stop","name":"MORRISON RD & BAKER LN","stop_id":"67201224"},"type":"Feature"},{"geometry":{"coordinates":[-85.38764,40.19457],"type":"Point"},"properties":{"kind":"stop","name":"WASHINGTON/HIGH","stop_id":"77656090"},"type":"Feature"},{"geometry":{"coordinates":[-85.38844,40.19664],"type":"Point"},"properties":{"kind":"stop","name":"WYSOR/HIGH/FRANKLIN","stop_id":"77656092"},"type":"Feature"},{"geometry":{"coordinates":[-85.38956,40.19745],"type":"Point"},"properties":{"kind":"stop","name":"NORTH/WHITE RIVER/WHEELING","stop_id":"77656093"},"type":"Feature"},{"geometry":{"coordinates":[-85.39034,40.19813],"type":"Point"},"properties":{"kind":"stop","name":"UNIVERSITY/WHEELING","stop_id":"77656094"},"type":"Feature"},{"geometry":{"coordinates":[-85.3911,40.19924],"type":"Point"},"properties":{"kind":"stop","name":"ASHLAND/WHEELING","stop_id":"77656095"},"type":"Feature"},{"geometry":{"coordinates":[-85.39194,40.20053],"type":"Point"},"properties":{"kind":"stop","name":"RIVERSIDE/WHEELING","stop_id":"77656096"},"type":"Feature"},{"geometry":{"coordinates":[-85.39224,40.20104],"type":"Point"},"properties":{"kind":"stop","name":"QUEEN/WHEELING","stop_id":"77656097"},"type":"Feature"},{"geometry":{"coordinates":[-85.39276,40.20199],"type":"Point"},"properties":{"kind":"stop","name":"MINNETRISTA/WHEELING","stop_id":"77656098"},"type":"Feature"},{"geometry":{"coordinates":[-85.39393,40.204],"type":"Point"},"properties":{"kind":"stop","name":"NEELY/MINNETRISTA/WHEELING","stop_id":"77656100"},"type":"Feature"},{"geometry":{"coordinates":[-85.39458,40.20508],"type":"Point"},"properties":{"kind":"stop","name":"MARSH/WHEELING","stop_id":"77656101"},"type":"Feature"},{"geometry":{"coordinates":[-85.39509,40.20593],"type":"Point"},"properties":{"kind":"stop","name":"REX/WHEELING","stop_id":"77656102"},"type":"Feature"},{"geometry":{"coordinates":[-85.39528,40.20625],"type":"Point"},"properties":{"kind":"stop","name":"UNDWETH/WHEELING","stop_id":"77656103"},"type":"Feature"},{"geometry":{"coordinates":[-85.39449,40.19747],"type":"Point"},"properties":{"kind":"stop","name":"*UNIVERSITY/RESERVE","stop_id":"77656113"},"type":"Feature"},{"geometry":{"coordinates":[-85.3958,40.19751],"type":"Point"},"properties":{"kind":"stop","name":"UNIVERSITY/PAULINE","stop_id":"77656114"},"type":"Feature"},{"geometry":{"coordinates":[-85.39687,40.19752],"type":"Point"},"properties":{"kind":"stop","name":"UNIVERSITY/LINDEN","stop_id":"77656115"},"type":"Feature"},{"geometry":{"coordinates":[-85.39796,40.19754],"type":"Point"},"properties":{"kind":"stop","name":"UNIVERSITY/LOCUST","stop_id":"77656116"},"type":"Feature"},{"geometry":{"coordinates":[-85.39893,40.19755],"type":"Point"},"properties":{"kind":"stop","name":"UNIVERSITY/LIGHT","stop_id":"77656117"},"type":"Feature"},{"geometry":{"coordinates":[-85.4002,40.19756],"type":"Point"},"properties":{"kind":"stop","name":"UNIVERSITY/GREENWOOD","stop_id":"77656118"},"type":"Feature"},{"geometry":{"coordinates":[-85.40323,40.19763],"type":"Point"},"properties":{"kind":"stop","name":"UNIVERSITY/DICKS","stop_id":"77656119"},"type":"Feature"},{"geometry":{"coordinates":[-85.40447,40.19763],"type":"Point"},"properties":{"kind":"stop","name":"UNIVERSITY/DILL","stop_id":"77656120"},"type":"Feature"},{"geometry":{"coordinates":[-85.40565,40.19764],"type":"Point"},"properties":{"kind":"stop","name":"UNIVERSITY/MARTIN","stop_id":"77656121"},"type":"Feature"},{"geometry":{"coordinates":[-85.4067,40.19764],"type":"Point"},"properties":{"kind":"stop","name":"UNIVERSITY/CALVERT","stop_id":"77656122"},"type":"Feature"},{"geometry":{"coordinates":[-85.41029,40.19765],"type":"Point"},"properties":{"kind":"stop","name":"UNIVERSITY/TALLEY","stop_id":"77656124"},"type":"Feature"},{"geometry":{"coordinates":[-85.41359,40.1976],"type":"Point"},"properties":{"kind":"stop","name":"UNIVERSITY/CAMPUS","stop_id":"77656125"},"type":"Feature"},{"geometry":{"coordinates":[-85.41667,40.19759],"type":"Point"},"properties":{"kind":"stop","name":"UNIVERSITY/CAMPUS (2)","stop_id":"77656126"},"type":"Feature"},{"geometry":{"coordinates":[-85.4179,40.1976],"type":"Point"},"properties":{"kind":"stop","name":"UNIVERSITY/MANNING","stop_id":"77656127"},"type":"Feature"},{"geometry":{"coordinates":[-85.4179,40.19571],"type":"Point"},"properties":{"kind":"stop","name":"GILBERT/MANNING","stop_id":"77656128"},"type":"Feature"},{"geometry":{"coordinates":[-85.41915,40.19383],"type":"Point"},"properties":{"kind":"stop","name":"MAIN/TILLOTSON","stop_id":"77656130"},"type":"Feature"},{"geometry":{"coordinates":[-85.41916,40.19297],"type":"Point"},"properties":{"kind":"stop","name":"JACKSON/TILLOTSON","stop_id":"77656131"},"type":"Feature"},{"geometry":{"coordinates":[-85.42107,40.19298],"type":"Point"},"properties":{"kind":"stop","name":"JACKSON/RILEY","stop_id":"77656132"},"type":"Feature"},{"geometry":{"coordinates":[-85.42415,40.19296],"type":"Point"},"properties":{"kind":"stop","name":"JACKSON/WESTVIEW","stop_id":"77656133"},"type":"Feature"},{"geometry":{"coordinates":[-85.4257,40.19295],"type":"Point"},"properties":{"kind":"stop","name":"JACKSON/NORMANDY","stop_id":"77656134"},"type":"Feature"},{"geometry":{"coordinates":[-85.42765,40.19296],"type":"Point"},"properties":{"kind":"stop","name":"JACKSON/IVYWOOD","stop_id":"77656135"},"type":"Feature"},{"geometry":{"coordinates":[-85.42874,40.19296],"type":"Point"},"properties":{"kind":"stop","name":"JACKSON/STONEGATE","stop_id":"77656136"},"type":"Feature"},{"geometry":{"coordinates":[-85.43016,40.19297],"type":"Point"},"properties":{"kind":"stop","name":"JACKSON/BITTERSWEET","stop_id":"77656137"},"type":"Feature"},{"geometry":{"coordinates":[-85.43037,40.19299],"type":"Point"},"properties":{"kind":"stop","name":"JACKSON/WOODWAY","stop_id":"77656138"},"type":"Feature"},{"geometry":{"coordinates":[-85.43269,40.19299],"type":"Point"},"properties":{"kind":"stop","name":"WOODWAY/MERRYWOOD","stop_id":"77656139"},"type":"Feature"},{"geometry":{"coordinates":[-85.43395,40.19301],"type":"Point"},"properties":{"kind":"stop","name":"WOODWAY/STRADLING","stop_id":"77656140"},"type":"Feature"},{"geometry":{"coordinates":[-85.43396,40.19371],"type":"Point"},"properties":{"kind":"stop","name":"GARVER/STRADLING","stop_id":"77656141"},"type":"Feature"},{"geometry":{"coordinates":[-85.43797,40.19373],"type":"Point"},"properties":{"kind":"stop","name":"GARVER/TREEVIEW","stop_id":"77656142"},"type":"Feature"},{"geometry":{"coordinates":[-85.43932,40.19373],"type":"Point"},"properties":{"kind":"stop","name":"GARVER/HAWTHORNE","stop_id":"77656143"},"type":"Feature"},{"geometry":{"coordinates":[-85.43989,40.19386],"type":"Point"},"properties":{"kind":"stop","name":"GARVER/REDWOOD","stop_id":"77656144"},"type":"Feature"},{"geometry":{"coordinates":[-85.44099,40.19388],"type":"Point"},"properties":{"kind":"stop","name":"GARVER/BIRCHWOOD","stop_id":"77656146"},"type":"Feature"},{"geometry":{"coordinates":[-85.4427,40.19389],"type":"Point"},"properties":{"kind":"stop","name":"GARVER/MORRISON","stop_id":"77656147"},"type":"Feature"},{"geometry":{"coordinates":[-85.44268,40.19186],"type":"Point"},"properties":{"kind":"stop","name":"UNNANMED/MORRISON","stop_id":"77656148"},"type":"Feature"},{"geometry":{"coordinates":[-85.44129,40.19098],"type":"Point"},"properties":{"kind":"stop","name":"PEACHTREE/RAMBLER","stop_id":"77656150"},"type":"Feature"},{"geometry":{"coordinates":[-85.43927,40.19097],"type":"Point"},"properties":{"kind":"stop","name":"PEACHTREE/HAWTHORNE","stop_id":"77656151"},"type":"Feature"},{"geometry":{"coordinates":[-85.43831,40.19096],"type":"Point"},"properties":{"kind":"stop","name":"PEACHTREE/GREENTREE","stop_id":"77656152"},"type":"Feature"},{"geometry":{"coordinates":[-85.43677,40.19095],"type":"Point"},"properties":{"kind":"stop","name":"PEACHTREE/PASTURE","stop_id":"77656153"},"type":"Feature"},{"geometry":{"coordinates":[-85.43394,40.19093],"type":"Point"},"properties":{"kind":"stop","name":"PEACHTREE/STRADLING","stop_id":"77656154"},"type":"Feature"},{"geometry":{"coordinates":[-85.43392,40.19471],"type":"Point"},"properties":{"kind":"stop","name":"JACKSON/STRADLING","stop_id":"77656157"},"type":"Feature"},{"geometry":{"coordinates":[-85.38177,40.18619],"type":"Point"},"properties":{"kind":"stop","name":"3RD/MADISON","stop_id":"77656175"},"type":"Feature"},{"geometry":{"coordinates":[-85.41893,40.18275],"type":"Point"},"properties":{"kind":"stop","name":"KILGORE/TILLOTSON","stop_id":"77656190"},"type":"Feature"},{"geometry":{"coordinates":[-85.4191,40.18433],"type":"Point"},"properties":{"kind":"stop","name":"TILLOTSON OVERPASS/WHITE RIVER","stop_id":"77656193"},"type":"Feature"},{"geometry":{"coordinates":[-85.41912,40.18581],"type":"Point"},"properties":{"kind":"stop","name":"WHITE RIVER/TILLOTSON","stop_id":"77656194"},"type":"Feature"},{"geometry":{"coordinates":[-85.42098,40.18854],"type":"Point"},"properties":{"kind":"stop","name":"ETHEL/UNNAMED","stop_id":"77656196"},"type":"Feature"},{"geometry":{"coordinates":[-85.41913,40.18855],"type":"Point"},"properties":{"kind":"stop","name":"ETHEL/TILLOTSON","stop_id":"77656197"},"type":"Feature"},{"geometry":{"coordinates":[-85.41531,40.18657],"type":"Point"},"properties":{"kind":"stop","name":"WHITE RIVER/CELIA","stop_id":"77656199"},"type":"Feature"},{"geometry":{"coordinates":[-85.41404,40.18655],"type":"Point"},"properties":{"kind":"stop","name":"WHITE RIVER/BRITTAIN","stop_id":"77656200"},"type":"Feature"},{"geometry":{"coordinates":[-85.41272,40.18654],"type":"Point"},"properties":{"kind":"stop","name":"WHITE RIVER/HUTCHINSON","stop_id":"77656201"},"type":"Feature"},{"geometry":{"coordinates":[-85.38692,40.21117],"type":"Point"},"properties":{"kind":"stop","name":"CROMER/WALNUT","stop_id":"77656202"},"type":"Feature"},{"geometry":{"coordinates":[-85.41151,40.18955],"type":"Point"},"properties":{"kind":"stop","name":"GODMAN/NICHOLS","stop_id":"77656204"},"type":"Feature"},{"geometry":{"coordinates":[-85.41152,40.19052],"type":"Point"},"properties":{"kind":"stop","name":"CHARLES/NICHOLS","stop_id":"77656205"},"type":"Feature"},{"geometry":{"coordinates":[-85.41153,40.1915],"type":"Point"},"properties":{"kind":"stop","name":"ADAMS/NICHOLS","stop_id":"77656206"},"type":"Feature"},{"geometry":{"coordinates":[-85.41154,40.19299],"type":"Point"},"properties":{"kind":"stop","name":"JACKSON/NICHOLS","stop_id":"77656207"},"type":"Feature"},{"geometry":{"coordinates":[-85.41154,40.19386],"type":"Point"},"properties":{"kind":"stop","name":"MAIN/NICHOLS","stop_id":"77656208"},"type":"Feature"},{"geometry":{"coordinates":[-85.41154,40.19478],"type":"Point"},"properties":{"kind":"stop","name":"WASHINGTON/NICHOLS","stop_id":"77656209"},"type":"Feature"},{"geometry":{"coordinates":[-85.41155,40.19573],"type":"Point"},"properties":{"kind":"stop","name":"GILBERT/NICHOLS","stop_id":"77656210"},"type":"Feature"},{"geometry":{"coordinates":[-85.41026,40.19572],"type":"Point"},"properties":{"kind":"stop","name":"GILBERT/TALLEY","stop_id":"77656211"},"type":"Feature"},{"geometry":{"coordinates":[-85.40901,40.19573],"type":"Point"},"properties":{"kind":"stop","name":"GILBERT/COLLEGE","stop_id":"77656212"},"type":"Feature"},{"geometry":{"coordinates":[-85.40775,40.19573],"type":"Point"},"properties":{"kind":"stop","name":"GILBERT/MCKINLEY","stop_id":"77656213"},"type":"Feature"},{"geometry":{"coordinates":[-85.40774,40.19479],"type":"Point"},"properties":{"kind":"stop","name":"WASHINGTON/MCKINLEY","stop_id":"77656214"},"type":"Feature"},{"geometry":{"coordinates":[-85.40774,40.19388],"type":"Point"},"properties":{"kind":"stop","name":"MAIN/MCKINLEY","stop_id":"77656215"},"type":"Feature"},{"geometry":{"coordinates":[-85.40669,40.19301],"type":"Point"},"properties":{"kind":"stop","name":"JACKSON/CALVERT","stop_id":"77656218"},"type":"Feature"},{"geometry":{"coordinates":[-85.4056,40.19302],"type":"Point"},"properties":{"kind":"stop","name":"JACKSON/MARTIN","stop_id":"77656219"},"type":"Feature"},{"geometry":{"coordinates":[-85.40452,40.19301],"type":"Point"},"properties":{"kind":"stop","name":"JACKSON/DILL","stop_id":"77656221"},"type":"Feature"},{"geometry":{"coordinates":[-85.40319,40.193],"type":"Point"},"properties":{"kind":"stop","name":"JACKSON/DICKS","stop_id":"77656222"},"type":"Feature"},{"geometry":{"coordinates":[-85.4018,40.193],"type":"Point"},"properties":{"kind":"stop","name":"JACKSON/GRACELAND","stop_id":"77656223"},"type":"Feature"},{"geometry":{"coordinates":[-85.39985,40.193],"type":"Point"},"properties":{"kind":"stop","name":"JACKSON/WHITE RIVER","stop_id":"77656224"},"type":"Feature"},{"geometry":{"coordinates":[-85.39833,40.19298],"type":"Point"},"properties":{"kind":"stop","name":"JACKSON/MAIN (2)","stop_id":"77656225"},"type":"Feature"},{"geometry":{"coordinates":[-85.39537,40.19297],"type":"Point"},"properties":{"kind":"stop","name":"JACKSON/PROUD","stop_id":"77656226"},"type":"Feature"},{"geometry":{"coordinates":[-85.3947,40.19295],"type":"Point"},"properties":{"kind":"stop","name":"JACKSON/KILGORE","stop_id":"77656227"},"type":"Feature"},{"geometry":{"coordinates":[-85.39562,40.19219],"type":"Point"},"properties":{"kind":"stop","name":"ADAMS/KILGORE","stop_id":"77656228"},"type":"Feature"},{"geometry":{"coordinates":[-85.39692,40.19128],"type":"Point"},"properties":{"kind":"stop","name":"CHARLES/KILGORE","stop_id":"77656229"},"type":"Feature"},{"geometry":{"coordinates":[-85.40051,40.18881],"type":"Point"},"properties":{"kind":"stop","name":"POWERS/KILGORE","stop_id":"77656231"},"type":"Feature"},{"geometry":{"coordinates":[-85.40018,40.18874],"type":"Point"},"properties":{"kind":"stop","name":"POWERS/ROSS","stop_id":"77656232"},"type":"Feature"},{"geometry":{"coordinates":[-85.39894,40.18871],"type":"Point"},"properties":{"kind":"stop","name":"POWERS/WILSON/PIERCE","stop_id":"77656233"},"type":"Feature"},{"geometry":{"coordinates":[-85.3977,40.18869],"type":"Point"},"properties":{"kind":"stop","name":"POWERS/BIRCH","stop_id":"77656234"},"type":"Feature"},{"geometry":{"coordinates":[-85.39647,40.18867],"type":"Point"},"properties":{"kind":"stop","name":"POWERS/ELLIOTT","stop_id":"77656235"},"type":"Feature"},{"geometry":{"coordinates":[-85.39538,40.18865],"type":"Point"},"properties":{"kind":"stop","name":"POWERS/PROUD","stop_id":"77656236"},"type":"Feature"},{"geometry":{"coordinates":[-85.39432,40.18863],"type":"Point"},"properties":{"kind":"stop","name":"POWERS/MOUND","stop_id":"77656237"},"type":"Feature"},{"geometry":{"coordinates":[-85.39323,40.18861],"type":"Point"},"properties":{"kind":"stop","name":"POWERS/GHARKEY","stop_id":"77656238"},"type":"Feature"},{"geometry":{"coordinates":[-85.39213,40.18858],"type":"Point"},"properties":{"kind":"stop","name":"POWERS/COUNCIL","stop_id":"77656239"},"type":"Feature"},{"geometry":{"coordinates":[-85.39213,40.19025],"type":"Point"},"properties":{"kind":"stop","name":"HOWARD/COUNCIL","stop_id":"77656240"},"type":"Feature"},{"geometry":{"coordinates":[-85.39212,40.19113],"type":"Point"},"properties":{"kind":"stop","name":"CHARLES/COUNCIL","stop_id":"77656241"},"type":"Feature"},{"geometry":{"coordinates":[-85.39212,40.19207],"type":"Point"},"properties":{"kind":"stop","name":"ADAMS/COUNCIL","stop_id":"77656242"},"type":"Feature"},{"geometry":{"coordinates":[-85.39102,40.19205],"type":"Point"},"properties":{"kind":"stop","name":"ADAMS/CHERRY","stop_id":"77656243"},"type":"Feature"},{"geometry":{"coordinates":[-85.38993,40.19203],"type":"Point"},"properties":{"kind":"stop","name":"ADAMS/LIBERTY","stop_id":"77656244"},"type":"Feature"},{"geometry":{"coordinates":[-85.38883,40.19201],"type":"Point"},"properties":{"kind":"stop","name":"ADAMS/FRANKLIN","stop_id":"77656245"},"type":"Feature"},{"geometry":{"coordinates":[-85.38774,40.19199],"type":"Point"},"properties":{"kind":"stop","name":"ADAMS/HIGH","stop_id":"77656246"},"type":"Feature"},{"geometry":{"coordinates":[-85.4204,40.18854],"type":"Point"},"properties":{"kind":"stop","name":"ETHEL/VARSITY","stop_id":"77656249"},"type":"Feature"},{"geometry":{"coordinates":[-85.40586,40.21893],"type":"Point"},"properties":{"kind":"stop","name":"MCGALLIARD/ROSEWOOD","stop_id":"77656251"},"type":"Feature"},{"geometry":{"coordinates":[-85.40585,40.22013],"type":"Point"},"properties":{"kind":"stop","name":"WOODMONT/ROSEWOOD","stop_id":"77656252"},"type":"Feature"},{"geometry":{"coordinates":[-85.40466,40.22245],"type":"Point"},"properties":{"kind":"stop","name":"HARVARD/WHEELING","stop_id":"77656255"},"type":"Feature"},{"geometry":{"coordinates":[-85.40582,40.22445],"type":"Point"},"properties":{"kind":"stop","name":"YALE/ROSEWOOD/WHEELING","stop_id":"77656256"},"type":"Feature"},{"geometry":{"coordinates":[-85.40686,40.22623],"type":"Point"},"properties":{"kind":"stop","name":"PURDUE/WHEELING","stop_id":"77656258"},"type":"Feature"},{"geometry":{"coordinates":[-85.40843,40.22753],"type":"Point"},"properties":{"kind":"stop","name":"SHEFFIELD/OAKWOOD","stop_id":"77656260"},"type":"Feature"},{"geometry":{"coordinates":[-85.40858,40.22704],"type":"Point"},"properties":{"kind":"stop","name":"BARCELONA/OAKWOOD","stop_id":"77656261"},"type":"Feature"},{"geometry":{"coordinates":[-85.40894,40.22611],"type":"Point"},"properties":{"kind":"stop","name":"PURDUE/OAKWOOD (2)","stop_id":"77656262"},"type":"Feature"},{"geometry":{"coordinates":[-85.40961,40.2255],"type":"Point"},"properties":{"kind":"stop","name":"PURDUE/OAKWOOD","stop_id":"77656263"},"type":"Feature"},{"geometry":{"coordinates":[-85.40957,40.22459],"type":"Point"},"properties":{"kind":"stop","name":"VERNON/OAKWOOD","stop_id":"77656264"},"type":"Feature"},{"geometry":{"coordinates":[-85.40957,40.22386],"type":"Point"},"properties":{"kind":"stop","name":"W BRYDEN/OAKWOOD","stop_id":"77656265"},"type":"Feature"},{"geometry":{"coordinates":[-85.40958,40.22239],"type":"Point"},"properties":{"kind":"stop","name":"NORWOOD/OAKWOOD","stop_id":"77656266"},"type":"Feature"},{"geometry":{"coordinates":[-85.40958,40.22153],"type":"Point"},"properties":{"kind":"stop","name":"HARVARD/OAKWOOD","stop_id":"77656267"},"type":"Feature"},{"geometry":{"coordinates":[-85.40959,40.22004],"type":"Point"},"properties":{"kind":"stop","name":"WOODMONT/OAKWOOD","stop_id":"77656268"},"type":"Feature"},{"geometry":{"coordinates":[-85.40958,40.21892],"type":"Point"},"properties":{"kind":"stop","name":"MCGALLIARD/OAKWOOD","stop_id":"77656270"},"type":"Feature"},{"geometry":{"coordinates":[-85.40962,40.21604],"type":"Point"},"properties":{"kind":"stop","name":"W ROYALE/OAKWOOD","stop_id":"77656271"},"type":"Feature"},{"geometry":{"coordinates":[-85.40541,40.21598],"type":"Point"},"properties":{"kind":"stop","name":"W ROYALE/ROSEWOOD","stop_id":"77656272"},"type":"Feature"},{"geometry":{"coordinates":[-85.4022,40.21595],"type":"Point"},"properties":{"kind":"stop","name":"ROYALE/STIRLING/GLENN ELLYN","stop_id":"77656273"},"type":"Feature"},{"geometry":{"coordinates":[-85.40104,40.21614],"type":"Point"},"properties":{"kind":"stop","name":"*ROYALE/WHEELING (NORTHWEST PLAZA)","stop_id":"77656274"},"type":"Feature"},{"geometry":{"coordinates":[-85.40043,40.21516],"type":"Point"},"properties":{"kind":"stop","name":"HAINES/WHEELING","stop_id":"77656275"},"type":"Feature"},{"geometry":{"coordinates":[-85.39955,40.21362],"type":"Point"},"properties":{"kind":"stop","name":"COWING/WHEELING","stop_id":"77656276"},"type":"Feature"},{"geometry":{"coordinates":[-85.39884,40.21244],"type":"Point"},"properties":{"kind":"stop","name":"WAID/WHEELING","stop_id":"77656277"},"type":"Feature"},{"geometry":{"coordinates":[-85.39819,40.21129],"type":"Point"},"properties":{"kind":"stop","name":"CROMER/WHEELING","stop_id":"77656278"},"type":"Feature"},{"geometry":{"coordinates":[-85.39783,40.21064],"type":"Point"},"properties":{"kind":"stop","name":"WEBER/WHEELING","stop_id":"77656279"},"type":"Feature"},{"geometry":{"coordinates":[-85.39603,40.20751],"type":"Point"},"properties":{"kind":"stop","name":"BETHEL/WHEELING","stop_id":"77656281"},"type":"Feature"},{"geometry":{"coordinates":[-85.3958,40.20714],"type":"Point"},"properties":{"kind":"stop","name":"WILLS/WHEELING","stop_id":"77656282"},"type":"Feature"},{"geometry":{"coordinates":[-85.38688,40.21901],"type":"Point"},"properties":{"kind":"stop","name":"MCGALLIARD/WALNUT","stop_id":"77656285"},"type":"Feature"},{"geometry":{"coordinates":[-85.38685,40.21987],"type":"Point"},"properties":{"kind":"stop","name":"ANDOVER/WALNUT","stop_id":"77656286"},"type":"Feature"},{"geometry":{"coordinates":[-85.38684,40.22066],"type":"Point"},"properties":{"kind":"stop","name":"BERKLEY/WALNUT","stop_id":"77656287"},"type":"Feature"},{"geometry":{"coordinates":[-85.38687,40.20881],"type":"Point"},"properties":{"kind":"stop","name":"CENTENNIAL/WALNUT","stop_id":"77656288"},"type":"Feature"},{"geometry":{"coordinates":[-85.3853,40.19706],"type":"Point"},"properties":{"kind":"stop","name":"WYSOR/MULBERRY","stop_id":"77656290"},"type":"Feature"},{"geometry":{"coordinates":[-85.3842,40.19705],"type":"Point"},"properties":{"kind":"stop","name":"WYSOR/JEFFERSON","stop_id":"77656291"},"type":"Feature"},{"geometry":{"coordinates":[-85.38263,40.20118],"type":"Point"},"properties":{"kind":"stop","name":"MYRTLE/ELM","stop_id":"77656295"},"type":"Feature"},{"geometry":{"coordinates":[-85.38684,40.22143],"type":"Point"},"properties":{"kind":"stop","name":"DARTMOUTH/WALNUT","stop_id":"77656308"},"type":"Feature"},{"geometry":{"coordinates":[-85.38684,40.22223],"type":"Point"},"properties":{"kind":"stop","name":"HARVARD/WALNUT","stop_id":"77656309"},"type":"Feature"},{"geometry":{"coordinates":[-85.38682,40.22448],"type":"Point"},"properties":{"kind":"stop","name":"CHARTER/WALNUT","stop_id":"77656312"},"type":"Feature"},{"geometry":{"coordinates":[-85.3868,40.22595],"type":"Point"},"properties":{"kind":"stop","name":"BROOKLYN/WALNUT","stop_id":"77656313"},"type":"Feature"},{"geometry":{"coordinates":[-85.3868,40.22734],"type":"Point"},"properties":{"kind":"stop","name":"AIRPARK/WALNUT","stop_id":"77656314"},"type":"Feature"},{"geometry":{"coordinates":[-85.38921,40.22733],"type":"Point"},"properties":{"kind":"stop","name":"AIRPARK/ONTARIO","stop_id":"77656318"},"type":"Feature"},{"geometry":{"coordinates":[-85.38683,40.22321],"type":"Point"},"properties":{"kind":"stop","name":"OLDFIELD/WALNUT","stop_id":"77656322"},"type":"Feature"},{"geometry":{"coordinates":[-85.37444,40.21904],"type":"Point"},"properties":{"kind":"stop","name":"MCGALLIARD/GRANVILLE","stop_id":"77656329"},"type":"Feature"},{"geometry":{"coordinates":[-85.37633,40.21669],"type":"Point"},"properties":{"kind":"stop","name":"DUNN/GRANVILLE","stop_id":"77656330"},"type":"Feature"},{"geometry":{"coordinates":[-85.37752,40.21527],"type":"Point"},"properties":{"kind":"stop","name":"LINDA LAYNE/GRANVILLE","stop_id":"77656331"},"type":"Feature"},{"geometry":{"coordinates":[-85.37837,40.21415],"type":"Point"},"properties":{"kind":"stop","name":"STREETER/GRANVILLE","stop_id":"77656332"},"type":"Feature"},{"geometry":{"coordinates":[-85.38019,40.20952],"type":"Point"},"properties":{"kind":"stop","name":"KOHLMETZ/ELM","stop_id":"77656334"},"type":"Feature"},{"geometry":{"coordinates":[-85.38114,40.20666],"type":"Point"},"properties":{"kind":"stop","name":"BIDWELL/ELM","stop_id":"77656335"},"type":"Feature"},{"geometry":{"coordinates":[-85.3817,40.2049],"type":"Point"},"properties":{"kind":"stop","name":"HIGHLAND/ELM","stop_id":"77656336"},"type":"Feature"},{"geometry":{"coordinates":[-85.38225,40.20319],"type":"Point"},"properties":{"kind":"stop","name":"MCCULLOCH/ELM","stop_id":"77656337"},"type":"Feature"},{"geometry":{"coordinates":[-85.38268,40.19973],"type":"Point"},"properties":{"kind":"stop","name":"COLUMBUS/ELM","stop_id":"77656339"},"type":"Feature"},{"geometry":{"coordinates":[-85.38275,40.19791],"type":"Point"},"properties":{"kind":"stop","name":"RACE/ELM","stop_id":"77656340"},"type":"Feature"},{"geometry":{"coordinates":[-85.38278,40.19702],"type":"Point"},"properties":{"kind":"stop","name":"WYSOR/ELM","stop_id":"77656341"},"type":"Feature"},{"geometry":{"coordinates":[-85.3828,40.19618],"type":"Point"},"properties":{"kind":"stop","name":"NORTH/ELM","stop_id":"77656342"},"type":"Feature"},{"geometry":{"coordinates":[-85.38282,40.19535],"type":"Point"},"properties":{"kind":"stop","name":"GILBERT/ELM","stop_id":"77656343"},"type":"Feature"},{"geometry":{"coordinates":[-85.38285,40.19449],"type":"Point"},"properties":{"kind":"stop","name":"WASHINGTON/ELM","stop_id":"77656344"},"type":"Feature"},{"geometry":{"coordinates":[-85.38427,40.19451],"type":"Point"},"properties":{"kind":"stop","name":"WASHINGTON/JEFFERSON","stop_id":"77656345"},"type":"Feature"},{"geometry":{"coordinates":[-85.38537,40.19453],"type":"Point"},"properties":{"kind":"stop","name":"WASHINGTON/MULBERRY","stop_id":"77656346"},"type":"Feature"},{"geometry":{"coordinates":[-85.3854,40.19365],"type":"Point"},"properties":{"kind":"stop","name":"MAIN/MULBERRY","stop_id":"77656347"},"type":"Feature"},{"geometry":{"coordinates":[-85.38542,40.1928],"type":"Point"},"properties":{"kind":"stop","name":"JACKSON/MULBERRY","stop_id":"77656348"},"type":"Feature"},{"geometry":{"coordinates":[-85.38652,40.19281],"type":"Point"},"properties":{"kind":"stop","name":"JACKSON/WALNUT","stop_id":"77656349"},"type":"Feature"},{"geometry":{"coordinates":[-85.37203,40.22382],"type":"Point"},"properties":{"kind":"stop","name":"PRINCETON/MALL PARKING","stop_id":"77656351"},"type":"Feature"},{"geometry":{"coordinates":[-85.38021,40.20907],"type":"Point"},"properties":{"kind":"stop","name":"UNNAMED/ELM","stop_id":"77656352"},"type":"Feature"},{"geometry":{"coordinates":[-85.38698,40.21579],"type":"Point"},"properties":{"kind":"stop","name":"HAINES/WALNUT","stop_id":"77656354"},"type":"Feature"},{"geometry":{"coordinates":[-85.38699,40.21366],"type":"Point"},"properties":{"kind":"stop","name":"CHATEAU/WALNUT","stop_id":"77656358"},"type":"Feature"},{"geometry":{"coordinates":[-85.38699,40.21318],"type":"Point"},"properties":{"kind":"stop","name":"ROOSEVELT/WALNUT","stop_id":"77656359"},"type":"Feature"},{"geometry":{"coordinates":[-85.38674,40.20795],"type":"Point"},"properties":{"kind":"stop","name":"WARD/WALNUT","stop_id":"77656360"},"type":"Feature"},{"geometry":{"coordinates":[-85.38662,40.20718],"type":"Point"},"properties":{"kind":"stop","name":"DAVIDSON/WALNUT","stop_id":"77656361"},"type":"Feature"},{"geometry":{"coordinates":[-85.38652,40.20653],"type":"Point"},"properties":{"kind":"stop","name":"SAINT JOSEPH/WALNUT","stop_id":"77656362"},"type":"Feature"},{"geometry":{"coordinates":[-85.38636,40.2056],"type":"Point"},"properties":{"kind":"stop","name":"HIGHLAND/WALNUT","stop_id":"77656363"},"type":"Feature"},{"geometry":{"coordinates":[-85.38607,40.20448],"type":"Point"},"properties":{"kind":"stop","name":"MCCULLOCH/GRANVILLE/WALNUT","stop_id":"77656364"},"type":"Feature"},{"geometry":{"coordinates":[-85.38624,40.20275],"type":"Point"},"properties":{"kind":"stop","name":"MAPLE/WALNUT","stop_id":"77656365"},"type":"Feature"},{"geometry":{"coordinates":[-85.38629,40.20127],"type":"Point"},"properties":{"kind":"stop","name":"MYRTLE/WALNUT","stop_id":"77656366"},"type":"Feature"},{"geometry":{"coordinates":[-85.38633,40.19978],"type":"Point"},"properties":{"kind":"stop","name":"COLUMBUS/WALNUT","stop_id":"77656367"},"type":"Feature"},{"geometry":{"coordinates":[-85.38642,40.1971],"type":"Point"},"properties":{"kind":"stop","name":"WYSOR/WALNUT","stop_id":"77656368"},"type":"Feature"},{"geometry":{"coordinates":[-85.38643,40.19624],"type":"Point"},"properties":{"kind":"stop","name":"NORTH/WALNUT","stop_id":"77656369"},"type":"Feature"},{"geometry":{"coordinates":[-85.38646,40.19541],"type":"Point"},"properties":{"kind":"stop","name":"GILBERT/WALNUT","stop_id":"77656370"},"type":"Feature"},{"geometry":{"coordinates":[-85.38534,40.19539],"type":"Point"},"properties":{"kind":"stop","name":"GILBERT/MULBERRY","stop_id":"77656371"},"type":"Feature"},{"geometry":{"coordinates":[-85.36247,40.19289],"type":"Point"},"properties":{"kind":"stop","name":"JACKSON/BUNCH","stop_id":"77656377"},"type":"Feature"},{"geometry":{"coordinates":[-85.36593,40.19288],"type":"Point"},"properties":{"kind":"stop","name":"JACKSON/MAIN","stop_id":"77656378"},"type":"Feature"},{"geometry":{"coordinates":[-85.36773,40.19337],"type":"Point"},"properties":{"kind":"stop","name":"MAIN/MACEDONIA","stop_id":"77656379"},"type":"Feature"},{"geometry":{"coordinates":[-85.36872,40.19337],"type":"Point"},"properties":{"kind":"stop","name":"MAIN/LINCOLN","stop_id":"77656380"},"type":"Feature"},{"geometry":{"coordinates":[-85.36978,40.19339],"type":"Point"},"properties":{"kind":"stop","name":"MAIN/BRADY","stop_id":"77656381"},"type":"Feature"},{"geometry":{"coordinates":[-85.3707,40.1934],"type":"Point"},"properties":{"kind":"stop","name":"MAIN/WOLFE","stop_id":"77656382"},"type":"Feature"},{"geometry":{"coordinates":[-85.37172,40.18849],"type":"Point"},"properties":{"kind":"stop","name":"KIRBY/BLAINE","stop_id":"77656384"},"type":"Feature"},{"geometry":{"coordinates":[-85.37055,40.18849],"type":"Point"},"properties":{"kind":"stop","name":"KIRBY/WOLFE","stop_id":"77656385"},"type":"Feature"},{"geometry":{"coordinates":[-85.36909,40.18849],"type":"Point"},"properties":{"kind":"stop","name":"KIRBY/BRADY","stop_id":"77656387"},"type":"Feature"},{"geometry":{"coordinates":[-85.36772,40.18848],"type":"Point"},"properties":{"kind":"stop","name":"KIRBY/BURLINGTON/OHIO/MACEDONIA","stop_id":"77656388"},"type":"Feature"},{"geometry":{"coordinates":[-85.36743,40.18837],"type":"Point"},"properties":{"kind":"stop","name":"BURLINGTON/WINDSOR","stop_id":"77656389"},"type":"Feature"},{"geometry":{"coordinates":[-85.36633,40.18797],"type":"Point"},"properties":{"kind":"stop","name":"BURLINGTON/SHIPLEY","stop_id":"77656390"},"type":"Feature"},{"geometry":{"coordinates":[-85.36599,40.18785],"type":"Point"},"properties":{"kind":"stop","name":"BURLINGTON/KOONTZ","stop_id":"77656391"},"type":"Feature"},{"geometry":{"coordinates":[-85.36515,40.18755],"type":"Point"},"properties":{"kind":"stop","name":"BURLINGTON/BROTHERTON","stop_id":"77656392"},"type":"Feature"},{"geometry":{"coordinates":[-85.36108,40.18611],"type":"Point"},"properties":{"kind":"stop","name":"BURLINGTON/RIBBLE","stop_id":"77656393"},"type":"Feature"},{"geometry":{"coordinates":[-85.35974,40.18563],"type":"Point"},"properties":{"kind":"stop","name":"BURLINGTON/WILLARD/LUICK","stop_id":"77656394"},"type":"Feature"},{"geometry":{"coordinates":[-85.35857,40.18176],"type":"Point"},"properties":{"kind":"stop","name":"8TH/MEEKER","stop_id":"77656396"},"type":"Feature"},{"geometry":{"coordinates":[-85.35856,40.1808],"type":"Point"},"properties":{"kind":"stop","name":"9TH/MEEKER","stop_id":"77656397"},"type":"Feature"},{"geometry":{"coordinates":[-85.35802,40.17829],"type":"Point"},"properties":{"kind":"stop","name":"MEMORIAL/MEEKER","stop_id":"77656399"},"type":"Feature"},{"geometry":{"coordinates":[-85.35741,40.17829],"type":"Point"},"properties":{"kind":"stop","name":"MEMORIAL/WALL","stop_id":"77656400"},"type":"Feature"},{"geometry":{"coordinates":[-85.35523,40.1783],"type":"Point"},"properties":{"kind":"stop","name":"MEMORIAL/ROSEMONT","stop_id":"77656401"},"type":"Feature"},{"geometry":{"coordinates":[-85.354,40.17831],"type":"Point"},"properties":{"kind":"stop","name":"MEMORIAL/MAY","stop_id":"77656402"},"type":"Feature"},{"geometry":{"coordinates":[-85.35273,40.17832],"type":"Point"},"properties":{"kind":"stop","name":"MEMORIAL/MANHATTAN","stop_id":"77656403"},"type":"Feature"},{"geometry":{"coordinates":[-85.38022,40.20865],"type":"Point"},"properties":{"kind":"stop","name":"CENTENNIAL/ELM","stop_id":"77656425"},"type":"Feature"},{"geometry":{"coordinates":[-85.3527,40.17642],"type":"Point"},"properties":{"kind":"stop","name":"14TH/MANHATTAN","stop_id":"77656426"},"type":"Feature"},{"geometry":{"coordinates":[-85.3524,40.17471],"type":"Point"},"properties":{"kind":"stop","name":"16TH/SKINNER","stop_id":"77656428"},"type":"Feature"},{"geometry":{"coordinates":[-85.35164,40.17473],"type":"Point"},"properties":{"kind":"stop","name":"16TH/BILTMORE","stop_id":"77656429"},"type":"Feature"},{"geometry":{"coordinates":[-85.35058,40.17476],"type":"Point"},"properties":{"kind":"stop","name":"16TH/DELAWANDA","stop_id":"77656430"},"type":"Feature"},{"geometry":{"coordinates":[-85.34953,40.17479],"type":"Point"},"properties":{"kind":"stop","name":"16TH/WALDEMERE","stop_id":"77656431"},"type":"Feature"},{"geometry":{"coordinates":[-85.34881,40.17481],"type":"Point"},"properties":{"kind":"stop","name":"16TH/LONNETT","stop_id":"77656432"},"type":"Feature"},{"geometry":{"coordinates":[-85.34847,40.17482],"type":"Point"},"properties":{"kind":"stop","name":"16TH/EATON","stop_id":"77656433"},"type":"Feature"},{"geometry":{"coordinates":[-85.34571,40.1749],"type":"Point"},"properties":{"kind":"stop","name":"16TH/BURLINGTON","stop_id":"77656434"},"type":"Feature"},{"geometry":{"coordinates":[-85.34599,40.17564],"type":"Point"},"properties":{"kind":"stop","name":"15TH/BURLINGTON","stop_id":"77656436"},"type":"Feature"},{"geometry":{"coordinates":[-85.34631,40.17644],"type":"Point"},"properties":{"kind":"stop","name":"14TH/BURLINGTON","stop_id":"77656437"},"type":"Feature"},{"geometry":{"coordinates":[-85.34673,40.17748],"type":"Point"},"properties":{"kind":"stop","name":"13TH/BURLINGTON","stop_id":"77656438"},"type":"Feature"},{"geometry":{"coordinates":[-85.34705,40.17833],"type":"Point"},"properties":{"kind":"stop","name":"MEMORIAL/BURLINGTON","stop_id":"77656439"},"type":"Feature"},{"geometry":{"coordinates":[-85.34586,40.17834],"type":"Point"},"properties":{"kind":"stop","name":"MEMORIAL/ARLINGTON","stop_id":"77656440"},"type":"Feature"},{"geometry":{"coordinates":[-85.34614,40.17931],"type":"Point"},"properties":{"kind":"stop","name":"MARSH PARKING LOT","stop_id":"77656442"},"type":"Feature"},{"geometry":{"coordinates":[-85.34942,40.18158],"type":"Point"},"properties":{"kind":"stop","name":"BURLINGTON/GRAY'S","stop_id":"77656445"},"type":"Feature"},{"geometry":{"coordinates":[-85.35116,40.18251],"type":"Point"},"properties":{"kind":"stop","name":"BURLINGTON/BILTMORE","stop_id":"77656446"},"type":"Feature"},{"geometry":{"coordinates":[-85.38651,40.19367],"type":"Point"},"properties":{"kind":"stop","name":"MAIN/WALNUT","stop_id":"77656449"},"type":"Feature"},{"geometry":{"coordinates":[-85.38429,40.19363],"type":"Point"},"properties":{"kind":"stop","name":"MAIN/JEFFERSON","stop_id":"77656451"},"type":"Feature"},{"geometry":{"coordinates":[-85.38288,40.19361],"type":"Point"},"properties":{"kind":"stop","name":"MAIN/ELM","stop_id":"77656452"},"type":"Feature"},{"geometry":{"coordinates":[-85.38174,40.1936],"type":"Point"},"properties":{"kind":"stop","name":"MAIN/MADISON","stop_id":"77656453"},"type":"Feature"},{"geometry":{"coordinates":[-85.38172,40.19447],"type":"Point"},"properties":{"kind":"stop","name":"WASHINGTON/MADISON","stop_id":"77656454"},"type":"Feature"},{"geometry":{"coordinates":[-85.38169,40.19533],"type":"Point"},"properties":{"kind":"stop","name":"GILBERT/MADISON","stop_id":"77656455"},"type":"Feature"},{"geometry":{"coordinates":[-85.38168,40.19616],"type":"Point"},"properties":{"kind":"stop","name":"NORTH/MADISON","stop_id":"77656456"},"type":"Feature"},{"geometry":{"coordinates":[-85.38168,40.19702],"type":"Point"},"properties":{"kind":"stop","name":"WYSOR/MADISON","stop_id":"77656457"},"type":"Feature"},{"geometry":{"coordinates":[-85.38053,40.197],"type":"Point"},"properties":{"kind":"stop","name":"WYSOR/MONROE","stop_id":"77656458"},"type":"Feature"},{"geometry":{"coordinates":[-85.37943,40.19698],"type":"Point"},"properties":{"kind":"stop","name":"WYSOR/VINE","stop_id":"77656459"},"type":"Feature"},{"geometry":{"coordinates":[-85.37834,40.19697],"type":"Point"},"properties":{"kind":"stop","name":"WYSOR/DR MLK JR/PERSHING","stop_id":"77656461"},"type":"Feature"},{"geometry":{"coordinates":[-85.37724,40.19752],"type":"Point"},"properties":{"kind":"stop","name":"DR MLK JR/HACKLEY","stop_id":"77656462"},"type":"Feature"},{"geometry":{"coordinates":[-85.37524,40.19857],"type":"Point"},"properties":{"kind":"stop","name":"BUNCH/MCCULLOCH/DR MLK JR","stop_id":"77656463"},"type":"Feature"},{"geometry":{"coordinates":[-85.3745,40.19915],"type":"Point"},"properties":{"kind":"stop","name":"HAZEL/DR MLK JR","stop_id":"77656464"},"type":"Feature"},{"geometry":{"coordinates":[-85.37429,40.19999],"type":"Point"},"properties":{"kind":"stop","name":"MANOR/DR MLK JR","stop_id":"77656465"},"type":"Feature"},{"geometry":{"coordinates":[-85.37423,40.20185],"type":"Point"},"properties":{"kind":"stop","name":"PARK/DR MLK JR","stop_id":"77656467"},"type":"Feature"},{"geometry":{"coordinates":[-85.37422,40.20278],"type":"Point"},"properties":{"kind":"stop","name":"RUSSEY/DR MLK JR","stop_id":"77656468"},"type":"Feature"},{"geometry":{"coordinates":[-85.37418,40.20372],"type":"Point"},"properties":{"kind":"stop","name":"HIGHLAND/DR MLK JR","stop_id":"77656469"},"type":"Feature"},{"geometry":{"coordinates":[-85.37292,40.20371],"type":"Point"},"properties":{"kind":"stop","name":"HIGHLAND/PENN","stop_id":"77656470"},"type":"Feature"},{"geometry":{"coordinates":[-85.37171,40.20369],"type":"Point"},"properties":{"kind":"stop","name":"HIGHLAND/BLAINE","stop_id":"77656471"},"type":"Feature"},{"geometry":{"coordinates":[-85.37049,40.20367],"type":"Point"},"properties":{"kind":"stop","name":"HIGHLAND/WOLFE","stop_id":"77656472"},"type":"Feature"},{"geometry":{"coordinates":[-85.36927,40.20365],"type":"Point"},"properties":{"kind":"stop","name":"HIGHLAND/BRADY","stop_id":"77656473"},"type":"Feature"},{"geometry":{"coordinates":[-85.36805,40.20364],"type":"Point"},"properties":{"kind":"stop","name":"HIGHLAND/MACEDONIA","stop_id":"77656474"},"type":"Feature"},{"geometry":{"coordinates":[-85.36802,40.20457],"type":"Point"},"properties":{"kind":"stop","name":"BUTLER/MACEDONIA","stop_id":"77656475"},"type":"Feature"},{"geometry":{"coordinates":[-85.368,40.2055],"type":"Point"},"properties":{"kind":"stop","name":"HINES/MACEDONIA","stop_id":"77656476"},"type":"Feature"},{"geometry":{"coordinates":[-85.36798,40.20644],"type":"Point"},"properties":{"kind":"stop","name":"KIRK/MACEDONIA","stop_id":"77656477"},"type":"Feature"},{"geometry":{"coordinates":[-85.3679,40.20744],"type":"Point"},"properties":{"kind":"stop","name":"CENTENNIAL/MACEDONIA","stop_id":"77656478"},"type":"Feature"},{"geometry":{"coordinates":[-85.36784,40.20829],"type":"Point"},"properties":{"kind":"stop","name":"PARKVIEW/MACEDONIA","stop_id":"77656479"},"type":"Feature"},{"geometry":{"coordinates":[-85.36784,40.20929],"type":"Point"},"properties":{"kind":"stop","name":"KOHLMETZ/MACEDONIA","stop_id":"77656480"},"type":"Feature"},{"geometry":{"coordinates":[-85.36785,40.21014],"type":"Point"},"properties":{"kind":"stop","name":"WEBER/MACEDONIA","stop_id":"77656481"},"type":"Feature"},{"geometry":{"coordinates":[-85.36785,40.21095],"type":"Point"},"properties":{"kind":"stop","name":"CROMER/MACEDONIA","stop_id":"77656482"},"type":"Feature"},{"geometry":{"coordinates":[-85.36788,40.21198],"type":"Point"},"properties":{"kind":"stop","name":"WAID/MACEDONIA","stop_id":"77656483"},"type":"Feature"},{"geometry":{"coordinates":[-85.36796,40.21467],"type":"Point"},"properties":{"kind":"stop","name":"STREETER/MACEDONIA","stop_id":"77656484"},"type":"Feature"},{"geometry":{"coordinates":[-85.36675,40.21468],"type":"Point"},"properties":{"kind":"stop","name":"STREETER/TURNER","stop_id":"77656485"},"type":"Feature"},{"geometry":{"coordinates":[-85.36551,40.21196],"type":"Point"},"properties":{"kind":"stop","name":"WAID/ELGIN","stop_id":"77656486"},"type":"Feature"},{"geometry":{"coordinates":[-85.36551,40.21899],"type":"Point"},"properties":{"kind":"stop","name":"MCGALLIARD/ELGIN","stop_id":"77656488"},"type":"Feature"},{"geometry":{"coordinates":[-85.36975,40.21902],"type":"Point"},"properties":{"kind":"stop","name":"MCGALLIARD/ANDOVER","stop_id":"77656489"},"type":"Feature"},{"geometry":{"coordinates":[-85.37232,40.22114],"type":"Point"},"properties":{"kind":"stop","name":"DARTMOUTH/BROADWAY","stop_id":"77656491"},"type":"Feature"},{"geometry":{"coordinates":[-85.37128,40.22258],"type":"Point"},"properties":{"kind":"stop","name":"HARVARD/BROADWAY","stop_id":"77656492"},"type":"Feature"},{"geometry":{"coordinates":[-85.37063,40.22333],"type":"Point"},"properties":{"kind":"stop","name":"PRINCETON/BROADWAY","stop_id":"77656493"},"type":"Feature"},{"geometry":{"coordinates":[-85.36947,40.22288],"type":"Point"},"properties":{"kind":"stop","name":"PRINCETON/MIAMI","stop_id":"77656494"},"type":"Feature"},{"geometry":{"coordinates":[-85.36869,40.22372],"type":"Point"},"properties":{"kind":"stop","name":"CORNELL/MIAMI","stop_id":"77656495"},"type":"Feature"},{"geometry":{"coordinates":[-85.3679,40.22457],"type":"Point"},"properties":{"kind":"stop","name":"YALE/MIAMI","stop_id":"77656496"},"type":"Feature"},{"geometry":{"coordinates":[-85.36623,40.22453],"type":"Point"},"properties":{"kind":"stop","name":"YALE/HARTFORD","stop_id":"77656497"},"type":"Feature"},{"geometry":{"coordinates":[-85.36301,40.22456],"type":"Point"},"properties":{"kind":"stop","name":"YALE/MUNCIE CREEK","stop_id":"77656498"},"type":"Feature"},{"geometry":{"coordinates":[-85.36084,40.22457],"type":"Point"},"properties":{"kind":"stop","name":"YALE/BELLAIRE","stop_id":"77656499"},"type":"Feature"},{"geometry":{"coordinates":[-85.36085,40.22372],"type":"Point"},"properties":{"kind":"stop","name":"CORNELL/BELLAIRE","stop_id":"77656500"},"type":"Feature"},{"geometry":{"coordinates":[-85.36083,40.22287],"type":"Point"},"properties":{"kind":"stop","name":"PRINCETON/BELLAIRE","stop_id":"77656501"},"type":"Feature"},{"geometry":{"coordinates":[-85.36082,40.22204],"type":"Point"},"properties":{"kind":"stop","name":"HARVARD/BELLAIRE","stop_id":"77656502"},"type":"Feature"},{"geometry":{"coordinates":[-85.36081,40.22118],"type":"Point"},"properties":{"kind":"stop","name":"DARTMOUTH/BELLAIRE","stop_id":"77656503"},"type":"Feature"},{"geometry":{"coordinates":[-85.36551,40.21014],"type":"Point"},"properties":{"kind":"stop","name":"WEBER/ELGIN","stop_id":"77656507"},"type":"Feature"},{"geometry":{"coordinates":[-85.36552,40.20744],"type":"Point"},"properties":{"kind":"stop","name":"CENTENNIAL/ELGIN","stop_id":"77656508"},"type":"Feature"},{"geometry":{"coordinates":[-85.36558,40.20547],"type":"Point"},"properties":{"kind":"stop","name":"HINES/ELGIN","stop_id":"77656509"},"type":"Feature"},{"geometry":{"coordinates":[-85.3656,40.20453],"type":"Point"},"properties":{"kind":"stop","name":"BUTLER/ELGIN","stop_id":"77656510"},"type":"Feature"},{"geometry":{"coordinates":[-85.36561,40.2036],"type":"Point"},"properties":{"kind":"stop","name":"HIGHLAND/ELGIN","stop_id":"77656511"},"type":"Feature"},{"geometry":{"coordinates":[-85.3644,40.20358],"type":"Point"},"properties":{"kind":"stop","name":"HIGHLAND/BURNS","stop_id":"77656512"},"type":"Feature"},{"geometry":{"coordinates":[-85.36307,40.20358],"type":"Point"},"properties":{"kind":"stop","name":"HIGHLAND/GAVIN","stop_id":"77656513"},"type":"Feature"},{"geometry":{"coordinates":[-85.36305,40.20262],"type":"Point"},"properties":{"kind":"stop","name":"RUSSEY/GAVIN","stop_id":"77656514"},"type":"Feature"},{"geometry":{"coordinates":[-85.36304,40.2017],"type":"Point"},"properties":{"kind":"stop","name":"PARK/GAVIN","stop_id":"77656515"},"type":"Feature"},{"geometry":{"coordinates":[-85.36304,40.20076],"type":"Point"},"properties":{"kind":"stop","name":"LOWELL/GAVIN","stop_id":"77656516"},"type":"Feature"},{"geometry":{"coordinates":[-85.36446,40.20078],"type":"Point"},"properties":{"kind":"stop","name":"LOWELL/BURNS","stop_id":"77656517"},"type":"Feature"},{"geometry":{"coordinates":[-85.3657,40.2008],"type":"Point"},"properties":{"kind":"stop","name":"LOWELL/ELGIN","stop_id":"77656518"},"type":"Feature"},{"geometry":{"coordinates":[-85.36689,40.20082],"type":"Point"},"properties":{"kind":"stop","name":"LOWELL/TURNER","stop_id":"77656519"},"type":"Feature"},{"geometry":{"coordinates":[-85.36811,40.20083],"type":"Point"},"properties":{"kind":"stop","name":"LOWELL/MACEDONIA","stop_id":"77656520"},"type":"Feature"},{"geometry":{"coordinates":[-85.36935,40.20085],"type":"Point"},"properties":{"kind":"stop","name":"LOWELL/BRADY","stop_id":"77656521"},"type":"Feature"},{"geometry":{"coordinates":[-85.37056,40.20086],"type":"Point"},"properties":{"kind":"stop","name":"LOWELL/WOLFE","stop_id":"77656522"},"type":"Feature"},{"geometry":{"coordinates":[-85.37177,40.20089],"type":"Point"},"properties":{"kind":"stop","name":"LOWELL/BLAINE","stop_id":"77656523"},"type":"Feature"},{"geometry":{"coordinates":[-85.37299,40.2009],"type":"Point"},"properties":{"kind":"stop","name":"LOWELL/PENN","stop_id":"77656524"},"type":"Feature"},{"geometry":{"coordinates":[-85.36555,40.20641],"type":"Point"},"properties":{"kind":"stop","name":"KIRK/ELGIN","stop_id":"77656535"},"type":"Feature"},{"geometry":{"coordinates":[-85.36552,40.21525],"type":"Point"},"properties":{"kind":"stop","name":"UNNAMED/ELGIN (2)","stop_id":"77656546"},"type":"Feature"},{"geometry":{"coordinates":[-85.36552,40.21641],"type":"Point"},"properties":{"kind":"stop","name":"UNNAMED/ELGIN","stop_id":"77656548"},"type":"Feature"},{"geometry":{"coordinates":[-85.36857,40.219],"type":"Point"},"properties":{"kind":"stop","name":"MCGALLIARD/UNNAMED","stop_id":"77656550"},"type":"Feature"},{"geometry":{"coordinates":[-85.38177,40.19274],"type":"Point"},"properties":{"kind":"stop","name":"JACKSON/MADISON","stop_id":"77656557"},"type":"Feature"},{"geometry":{"coordinates":[-85.3818,40.19188],"type":"Point"},"properties":{"kind":"stop","name":"ADAMS/MADISON","stop_id":"77656558"},"type":"Feature"},{"geometry":{"coordinates":[-85.38182,40.191],"type":"Point"},"properties":{"kind":"stop","name":"CHARLES/MADISON","stop_id":"77656559"},"type":"Feature"},{"geometry":{"coordinates":[-85.38184,40.19014],"type":"Point"},"properties":{"kind":"stop","name":"HOWARD/MADISON","stop_id":"77656560"},"type":"Feature"},{"geometry":{"coordinates":[-85.38182,40.18845],"type":"Point"},"properties":{"kind":"stop","name":"KIRBY/MADISON","stop_id":"77656561"},"type":"Feature"},{"geometry":{"coordinates":[-85.38068,40.18846],"type":"Point"},"properties":{"kind":"stop","name":"KIRBY/MONROE","stop_id":"77656562"},"type":"Feature"},{"geometry":{"coordinates":[-85.3796,40.18848],"type":"Point"},"properties":{"kind":"stop","name":"KIRBY/VINE","stop_id":"77656563"},"type":"Feature"},{"geometry":{"coordinates":[-85.37854,40.18848],"type":"Point"},"properties":{"kind":"stop","name":"KIRBY/PERSHING","stop_id":"77656564"},"type":"Feature"},{"geometry":{"coordinates":[-85.37608,40.18847],"type":"Point"},"properties":{"kind":"stop","name":"KIRBY/EBRIGHT","stop_id":"77656566"},"type":"Feature"},{"geometry":{"coordinates":[-85.37498,40.18848],"type":"Point"},"properties":{"kind":"stop","name":"KIRBY/BEACON","stop_id":"77656567"},"type":"Feature"},{"geometry":{"coordinates":[-85.37388,40.19346],"type":"Point"},"properties":{"kind":"stop","name":"MAIN/GRANT","stop_id":"77656568"},"type":"Feature"},{"geometry":{"coordinates":[-85.37497,40.19348],"type":"Point"},"properties":{"kind":"stop","name":"MAIN/BEACON","stop_id":"77656569"},"type":"Feature"},{"geometry":{"coordinates":[-85.37625,40.1935],"type":"Point"},"properties":{"kind":"stop","name":"MAIN/EBRIGHT","stop_id":"77656571"},"type":"Feature"},{"geometry":{"coordinates":[-85.37735,40.19352],"type":"Point"},"properties":{"kind":"stop","name":"MAIN/HACKLEY","stop_id":"77656572"},"type":"Feature"},{"geometry":{"coordinates":[-85.37844,40.19353],"type":"Point"},"properties":{"kind":"stop","name":"MAIN/PERSHING","stop_id":"77656573"},"type":"Feature"},{"geometry":{"coordinates":[-85.37953,40.19356],"type":"Point"},"properties":{"kind":"stop","name":"MAIN/VINE","stop_id":"77656574"},"type":"Feature"},{"geometry":{"coordinates":[-85.38062,40.19357],"type":"Point"},"properties":{"kind":"stop","name":"MAIN/MONROE","stop_id":"77656575"},"type":"Feature"},{"geometry":{"coordinates":[-85.38432,40.19278],"type":"Point"},"properties":{"kind":"stop","name":"JACKSON/JEFFERSON","stop_id":"77656586"},"type":"Feature"},{"geometry":{"coordinates":[-85.3829,40.19275],"type":"Point"},"properties":{"kind":"stop","name":"JACKSON/ELM","stop_id":"77656587"},"type":"Feature"},{"geometry":{"coordinates":[-85.38065,40.19271],"type":"Point"},"properties":{"kind":"stop","name":"JACKSON/MONROE","stop_id":"77656589"},"type":"Feature"},{"geometry":{"coordinates":[-85.37956,40.1927],"type":"Point"},"properties":{"kind":"stop","name":"JACKSON/VINE","stop_id":"77656590"},"type":"Feature"},{"geometry":{"coordinates":[-85.37846,40.19268],"type":"Point"},"properties":{"kind":"stop","name":"JACKSON/PERSHING","stop_id":"77656591"},"type":"Feature"},{"geometry":{"coordinates":[-85.3772,40.19266],"type":"Point"},"properties":{"kind":"stop","name":"JACKSON/HACKLEY","stop_id":"77656592"},"type":"Feature"},{"geometry":{"coordinates":[-85.37609,40.19264],"type":"Point"},"properties":{"kind":"stop","name":"JACKSON/EBRIGHT","stop_id":"77656593"},"type":"Feature"},{"geometry":{"coordinates":[-85.37499,40.19262],"type":"Point"},"properties":{"kind":"stop","name":"JACKSON/BEACON","stop_id":"77656594"},"type":"Feature"},{"geometry":{"coordinates":[-85.3739,40.1926],"type":"Point"},"properties":{"kind":"stop","name":"JACKSON/GRANT","stop_id":"77656595"},"type":"Feature"},{"geometry":{"coordinates":[-85.37241,40.19258],"type":"Point"},"properties":{"kind":"stop","name":"JACKSON/OHIO","stop_id":"77656596"},"type":"Feature"},{"geometry":{"coordinates":[-85.37072,40.19288],"type":"Point"},"properties":{"kind":"stop","name":"JACKSON/WOLFE","stop_id":"77656597"},"type":"Feature"},{"geometry":{"coordinates":[-85.36873,40.19288],"type":"Point"},"properties":{"kind":"stop","name":"JACKSON/LINCOLN","stop_id":"77656598"},"type":"Feature"},{"geometry":{"coordinates":[-85.36772,40.19288],"type":"Point"},"properties":{"kind":"stop","name":"JACKSON/MACEDONIA","stop_id":"77656599"},"type":"Feature"},{"geometry":{"coordinates":[-85.35855,40.1929],"type":"Point"},"properties":{"kind":"stop","name":"JACKSON/LELAND","stop_id":"77656602"},"type":"Feature"},{"geometry":{"coordinates":[-85.3559,40.19292],"type":"Point"},"properties":{"kind":"stop","name":"JACKSON/GRAFTON","stop_id":"77656604"},"type":"Feature"},{"geometry":{"coordinates":[-85.35342,40.19295],"type":"Point"},"properties":{"kind":"stop","name":"JACKSON/MANHATTAN","stop_id":"77656605"},"type":"Feature"},{"geometry":{"coordinates":[-85.3522,40.19296],"type":"Point"},"properties":{"kind":"stop","name":"JACKSON/BILTMORE","stop_id":"77656606"},"type":"Feature"},{"geometry":{"coordinates":[-85.35097,40.19297],"type":"Point"},"properties":{"kind":"stop","name":"JACKSON/DELAWANDA","stop_id":"77656607"},"type":"Feature"},{"geometry":{"coordinates":[-85.34981,40.19297],"type":"Point"},"properties":{"kind":"stop","name":"JACKSON/WALDEMERE","stop_id":"77656608"},"type":"Feature"},{"geometry":{"coordinates":[-85.3486,40.19297],"type":"Point"},"properties":{"kind":"stop","name":"JACKSON/CLAYPOOL","stop_id":"77656609"},"type":"Feature"},{"geometry":{"coordinates":[-85.34739,40.19297],"type":"Point"},"properties":{"kind":"stop","name":"JACKSON/HOLLAND","stop_id":"77656610"},"type":"Feature"},{"geometry":{"coordinates":[-85.37274,40.19344],"type":"Point"},"properties":{"kind":"stop","name":"MAIN/OHIO","stop_id":"77656611"},"type":"Feature"},{"geometry":{"coordinates":[-85.34613,40.19297],"type":"Point"},"properties":{"kind":"stop","name":"JACKSON/EDGEWOOD","stop_id":"77656612"},"type":"Feature"},{"geometry":{"coordinates":[-85.34512,40.19296],"type":"Point"},"properties":{"kind":"stop","name":"JACKSON/BENNETT","stop_id":"77656613"},"type":"Feature"},{"geometry":{"coordinates":[-85.34165,40.19294],"type":"Point"},"properties":{"kind":"stop","name":"JACKSON/MANGROVE","stop_id":"77656614"},"type":"Feature"},{"geometry":{"coordinates":[-85.34063,40.19293],"type":"Point"},"properties":{"kind":"stop","name":"JACKSON/GRANDE","stop_id":"77656616"},"type":"Feature"},{"geometry":{"coordinates":[-85.33806,40.19293],"type":"Point"},"properties":{"kind":"stop","name":"JACKSON/MUNCIE BYPASS (2)","stop_id":"77656618"},"type":"Feature"},{"geometry":{"coordinates":[-85.33436,40.19295],"type":"Point"},"properties":{"kind":"stop","name":"JACKSON/MUNCIE BYPASS","stop_id":"77656619"},"type":"Feature"},{"geometry":{"coordinates":[-85.33124,40.19317],"type":"Point"},"properties":{"kind":"stop","name":"JACKSON/UNNAMED","stop_id":"77656621"},"type":"Feature"},{"geometry":{"coordinates":[-85.34072,40.19667],"type":"Point"},"properties":{"kind":"stop","name":"WYSOR/GRANDE","stop_id":"77656629"},"type":"Feature"},{"geometry":{"coordinates":[-85.34193,40.1967],"type":"Point"},"properties":{"kind":"stop","name":"WYSOR/MANGROVE","stop_id":"77656630"},"type":"Feature"},{"geometry":{"coordinates":[-85.34401,40.19677],"type":"Point"},"properties":{"kind":"stop","name":"WYSOR/STATE","stop_id":"77656631"},"type":"Feature"},{"geometry":{"coordinates":[-85.34509,40.19676],"type":"Point"},"properties":{"kind":"stop","name":"WYSOR/BENNETT","stop_id":"77656632"},"type":"Feature"},{"geometry":{"coordinates":[-85.34628,40.19674],"type":"Point"},"properties":{"kind":"stop","name":"WYSOR/BAUER","stop_id":"77656633"},"type":"Feature"},{"geometry":{"coordinates":[-85.347,40.19674],"type":"Point"},"properties":{"kind":"stop","name":"WYSOR/EDGEWOOD","stop_id":"77656634"},"type":"Feature"},{"geometry":{"coordinates":[-85.34745,40.19674],"type":"Point"},"properties":{"kind":"stop","name":"WYSOR/HOLLAND","stop_id":"77656635"},"type":"Feature"},{"geometry":{"coordinates":[-85.34868,40.19672],"type":"Point"},"properties":{"kind":"stop","name":"WYSOR/CLAYPOOL","stop_id":"77656636"},"type":"Feature"},{"geometry":{"coordinates":[-85.34988,40.19672],"type":"Point"},"properties":{"kind":"stop","name":"WYSOR/WALDEMERE","stop_id":"77656637"},"type":"Feature"},{"geometry":{"coordinates":[-85.35105,40.19672],"type":"Point"},"properties":{"kind":"stop","name":"WYSOR/DELAWANDA","stop_id":"77656638"},"type":"Feature"},{"geometry":{"coordinates":[-85.35224,40.19671],"type":"Point"},"properties":{"kind":"stop","name":"WYSOR/BILTMORE","stop_id":"77656639"},"type":"Feature"},{"geometry":{"coordinates":[-85.35346,40.19671],"type":"Point"},"properties":{"kind":"stop","name":"WYSOR/MANHATTAN","stop_id":"77656640"},"type":"Feature"},{"geometry":{"coordinates":[-85.35346,40.19562],"type":"Point"},"properties":{"kind":"stop","name":"NORTH/MANHATTAN","stop_id":"77656641"},"type":"Feature"},{"geometry":{"coordinates":[-85.35465,40.19562],"type":"Point"},"properties":{"kind":"stop","name":"NORTH/DAVIS","stop_id":"77656642"},"type":"Feature"},{"geometry":{"coordinates":[-85.3559,40.19562],"type":"Point"},"properties":{"kind":"stop","name":"NORTH/GRAFTON","stop_id":"77656643"},"type":"Feature"},{"geometry":{"coordinates":[-85.35723,40.19562],"type":"Point"},"properties":{"kind":"stop","name":"NORTH/HODSON","stop_id":"77656644"},"type":"Feature"},{"geometry":{"coordinates":[-85.3739,40.18848],"type":"Point"},"properties":{"kind":"stop","name":"KIRBY/GRANT","stop_id":"77656647"},"type":"Feature"},{"geometry":{"coordinates":[-85.37281,40.18849],"type":"Point"},"properties":{"kind":"stop","name":"KIRBY/PENN","stop_id":"77656648"},"type":"Feature"},{"geometry":{"coordinates":[-85.35238,40.183],"type":"Point"},"properties":{"kind":"stop","name":"BURLINGTON/FULLHART","stop_id":"77656649"},"type":"Feature"},{"geometry":{"coordinates":[-85.35381,40.18352],"type":"Point"},"properties":{"kind":"stop","name":"BURLINGTON/MAY","stop_id":"77656650"},"type":"Feature"},{"geometry":{"coordinates":[-85.35497,40.18394],"type":"Point"},"properties":{"kind":"stop","name":"BURLINGTON/TENNESSEE","stop_id":"77656652"},"type":"Feature"},{"geometry":{"coordinates":[-85.35608,40.18434],"type":"Point"},"properties":{"kind":"stop","name":"BURLINGTON/JERSEY","stop_id":"77656653"},"type":"Feature"},{"geometry":{"coordinates":[-85.3572,40.18473],"type":"Point"},"properties":{"kind":"stop","name":"BURLINGTON/WALL","stop_id":"77656654"},"type":"Feature"},{"geometry":{"coordinates":[-85.35824,40.1851],"type":"Point"},"properties":{"kind":"stop","name":"BURLINGTON/CENTER","stop_id":"77656655"},"type":"Feature"},{"geometry":{"coordinates":[-85.37719,40.18932],"type":"Point"},"properties":{"kind":"stop","name":"SEYMOUR/HACKLEY","stop_id":"77656673"},"type":"Feature"},{"geometry":{"coordinates":[-85.3772,40.19092],"type":"Point"},"properties":{"kind":"stop","name":"CHARLES/HACKLEY","stop_id":"77656674"},"type":"Feature"},{"geometry":{"coordinates":[-85.37851,40.19094],"type":"Point"},"properties":{"kind":"stop","name":"CHARLES/PERSHING","stop_id":"77656675"},"type":"Feature"},{"geometry":{"coordinates":[-85.37961,40.19096],"type":"Point"},"properties":{"kind":"stop","name":"CHARLES/VINE","stop_id":"77656676"},"type":"Feature"},{"geometry":{"coordinates":[-85.3807,40.19099],"type":"Point"},"properties":{"kind":"stop","name":"CHARLES/MONROE","stop_id":"77656677"},"type":"Feature"},{"geometry":{"coordinates":[-85.39439,40.19661],"type":"Point"},"properties":{"kind":"stop","name":"NORTH/MEEKS/RESERVE","stop_id":"77656689"},"type":"Feature"},{"geometry":{"coordinates":[-85.39248,40.19519],"type":"Point"},"properties":{"kind":"stop","name":"WHITE RIVER/MEEKS/WASHINGTON","stop_id":"77656690"},"type":"Feature"},{"geometry":{"coordinates":[-85.39095,40.19463],"type":"Point"},"properties":{"kind":"stop","name":"CHERRY/WASHINGTON","stop_id":"77656691"},"type":"Feature"},{"geometry":{"coordinates":[-85.38985,40.19461],"type":"Point"},"properties":{"kind":"stop","name":"WASHINGTON/LIBERTY","stop_id":"77656692"},"type":"Feature"},{"geometry":{"coordinates":[-85.38878,40.19371],"type":"Point"},"properties":{"kind":"stop","name":"MAIN/FRANKLIN","stop_id":"77656694"},"type":"Feature"},{"geometry":{"coordinates":[-85.38697,40.21249],"type":"Point"},"properties":{"kind":"stop","name":"WAID/WALNUT","stop_id":"77656698"},"type":"Feature"},{"geometry":{"coordinates":[-85.38175,40.18471],"type":"Point"},"properties":{"kind":"stop","name":"5TH/MADISON","stop_id":"77656700"},"type":"Feature"},{"geometry":{"coordinates":[-85.38176,40.18559],"type":"Point"},"properties":{"kind":"stop","name":"WILLARD/MADISON","stop_id":"77656701"},"type":"Feature"},{"geometry":{"coordinates":[-85.38178,40.18684],"type":"Point"},"properties":{"kind":"stop","name":"2ND/MADISON","stop_id":"77656702"},"type":"Feature"},{"geometry":{"coordinates":[-85.38179,40.18765],"type":"Point"},"properties":{"kind":"stop","name":"1ST/MADISON","stop_id":"77656703"},"type":"Feature"},{"geometry":{"coordinates":[-85.3818,40.18794],"type":"Point"},"properties":{"kind":"stop","name":"1ST/MADISON (2)","stop_id":"77656704"},"type":"Feature"},{"geometry":{"coordinates":[-85.38438,40.19107],"type":"Point"},"properties":{"kind":"stop","name":"CHARLES/JEFFERSON","stop_id":"77656708"},"type":"Feature"},{"geometry":{"coordinates":[-85.38547,40.19109],"type":"Point"},"properties":{"kind":"stop","name":"CHARLES/MULBERRY","stop_id":"77656709"},"type":"Feature"},{"geometry":{"coordinates":[-85.38656,40.19112],"type":"Point"},"properties":{"kind":"stop","name":"CHARLES/WALNUT","stop_id":"77656710"},"type":"Feature"},{"geometry":{"coordinates":[-85.3877,40.19111],"type":"Point"},"properties":{"kind":"stop","name":"CHARLES/HIGH","stop_id":"77656711"},"type":"Feature"},{"geometry":{"coordinates":[-85.37335,40.17831],"type":"Point"},"properties":{"kind":"stop","name":"MEMORIAL/UNNAMED","stop_id":"77656715"},"type":"Feature"},{"geometry":{"coordinates":[-85.37401,40.17831],"type":"Point"},"properties":{"kind":"stop","name":"MEMORIAL/UNNAMED (2)","stop_id":"77656716"},"type":"Feature"},{"geometry":{"coordinates":[-85.38545,40.19195],"type":"Point"},"properties":{"kind":"stop","name":"ADAMS/MULBERRY","stop_id":"77656723"},"type":"Feature"},{"geometry":{"coordinates":[-85.44139,40.22447],"type":"Point"},"properties":{"kind":"stop","name":"WOODS EDGE/UNNAMED","stop_id":"77656725"},"type":"Feature"},{"geometry":{"coordinates":[-85.38435,40.19193],"type":"Point"},"properties":{"kind":"stop","name":"ADAMS/JEFFERSON","stop_id":"77656734"},"type":"Feature"},{"geometry":{"coordinates":[-85.38329,40.19105],"type":"Point"},"properties":{"kind":"stop","name":"CHARLES/ELM","stop_id":"77656735"},"type":"Feature"},{"geometry":{"coordinates":[-85.38292,40.1919],"type":"Point"},"properties":{"kind":"stop","name":"ADAMS/ELM","stop_id":"77656736"},"type":"Feature"},{"geometry":{"coordinates":[-85.38173,40.18377],"type":"Point"},"properties":{"kind":"stop","name":"6TH/MADISON","stop_id":"77656748"},"type":"Feature"},{"geometry":{"coordinates":[-85.38172,40.18295],"type":"Point"},"properties":{"kind":"stop","name":"7TH/MADISON","stop_id":"77656750"},"type":"Feature"},{"geometry":{"coordinates":[-85.38168,40.18132],"type":"Point"},"properties":{"kind":"stop","name":"9TH/MADISON","stop_id":"77656753"},"type":"Feature"},{"geometry":{"coordinates":[-85.38032,40.18131],"type":"Point"},"properties":{"kind":"stop","name":"9TH/MONROE","stop_id":"77656754"},"type":"Feature"},{"geometry":{"coordinates":[-85.38034,40.18217],"type":"Point"},"properties":{"kind":"stop","name":"8TH/MONROE","stop_id":"77656755"},"type":"Feature"},{"geometry":{"coordinates":[-85.37927,40.18217],"type":"Point"},"properties":{"kind":"stop","name":"8TH/VINE","stop_id":"77656756"},"type":"Feature"},{"geometry":{"coordinates":[-85.37818,40.18218],"type":"Point"},"properties":{"kind":"stop","name":"8TH/PERSHING","stop_id":"77656757"},"type":"Feature"},{"geometry":{"coordinates":[-85.37712,40.18217],"type":"Point"},"properties":{"kind":"stop","name":"8TH/HACKLEY","stop_id":"77656758"},"type":"Feature"},{"geometry":{"coordinates":[-85.37604,40.18217],"type":"Point"},"properties":{"kind":"stop","name":"8TH/EBRIGHT","stop_id":"77656759"},"type":"Feature"},{"geometry":{"coordinates":[-85.37497,40.18218],"type":"Point"},"properties":{"kind":"stop","name":"8TH/BEACON","stop_id":"77656760"},"type":"Feature"},{"geometry":{"coordinates":[-85.37372,40.18218],"type":"Point"},"properties":{"kind":"stop","name":"8TH/GRANT","stop_id":"77656761"},"type":"Feature"},{"geometry":{"coordinates":[-85.37246,40.18218],"type":"Point"},"properties":{"kind":"stop","name":"8TH/PENN","stop_id":"77656762"},"type":"Feature"},{"geometry":{"coordinates":[-85.37245,40.18133],"type":"Point"},"properties":{"kind":"stop","name":"9TH/PENN","stop_id":"77656763"},"type":"Feature"},{"geometry":{"coordinates":[-85.37245,40.18019],"type":"Point"},"properties":{"kind":"stop","name":"10TH/PENN","stop_id":"77656764"},"type":"Feature"},{"geometry":{"coordinates":[-85.37244,40.1792],"type":"Point"},"properties":{"kind":"stop","name":"11TH/PENN","stop_id":"77656765"},"type":"Feature"},{"geometry":{"coordinates":[-85.37254,40.17831],"type":"Point"},"properties":{"kind":"stop","name":"MEMORIAL/PENN","stop_id":"77656767"},"type":"Feature"},{"geometry":{"coordinates":[-85.37374,40.17831],"type":"Point"},"properties":{"kind":"stop","name":"MEMORIAL/GRANT","stop_id":"77656768"},"type":"Feature"},{"geometry":{"coordinates":[-85.37493,40.17831],"type":"Point"},"properties":{"kind":"stop","name":"MEMORIAL/BEACON","stop_id":"77656769"},"type":"Feature"},{"geometry":{"coordinates":[-85.37605,40.17831],"type":"Point"},"properties":{"kind":"stop","name":"MEMORIAL/EBRIGHT","stop_id":"77656770"},"type":"Feature"},{"geometry":{"coordinates":[-85.37717,40.17743],"type":"Point"},"properties":{"kind":"stop","name":"13TH/HACKLEY","stop_id":"77656772"},"type":"Feature"},{"geometry":{"coordinates":[-85.37717,40.1754],"type":"Point"},"properties":{"kind":"stop","name":"15TH/HACKLEY","stop_id":"77656773"},"type":"Feature"},{"geometry":{"coordinates":[-85.37716,40.17437],"type":"Point"},"properties":{"kind":"stop","name":"16TH/HACKLEY","stop_id":"77656774"},"type":"Feature"},{"geometry":{"coordinates":[-85.37717,40.17235],"type":"Point"},"properties":{"kind":"stop","name":"18TH/HACKLEY","stop_id":"77656775"},"type":"Feature"},{"geometry":{"coordinates":[-85.37717,40.17031],"type":"Point"},"properties":{"kind":"stop","name":"20TH/HACKLEY","stop_id":"77656776"},"type":"Feature"},{"geometry":{"coordinates":[-85.37718,40.1693],"type":"Point"},"properties":{"kind":"stop","name":"21ST/HACKLEY","stop_id":"77656777"},"type":"Feature"},{"geometry":{"coordinates":[-85.37718,40.16828],"type":"Point"},"properties":{"kind":"stop","name":"22ND/HACKLEY","stop_id":"77656778"},"type":"Feature"},{"geometry":{"coordinates":[-85.37717,40.16727],"type":"Point"},"properties":{"kind":"stop","name":"23RD/HACKLEY","stop_id":"77656779"},"type":"Feature"},{"geometry":{"coordinates":[-85.37717,40.16624],"type":"Point"},"properties":{"kind":"stop","name":"24TH/HACKLEY","stop_id":"77656780"},"type":"Feature"},{"geometry":{"coordinates":[-85.37718,40.16523],"type":"Point"},"properties":{"kind":"stop","name":"25TH/HACKLEY","stop_id":"77656781"},"type":"Feature"},{"geometry":{"coordinates":[-85.37719,40.16389],"type":"Point"},"properties":{"kind":"stop","name":"26TH/HACKLEY","stop_id":"77656782"},"type":"Feature"},{"geometry":{"coordinates":[-85.37607,40.16389],"type":"Point"},"properties":{"kind":"stop","name":"26TH/EBRIGHT","stop_id":"77656783"},"type":"Feature"},{"geometry":{"coordinates":[-85.37493,40.16023],"type":"Point"},"properties":{"kind":"stop","name":"29TH/BEACON","stop_id":"77656785"},"type":"Feature"},{"geometry":{"coordinates":[-85.37343,40.16023],"type":"Point"},"properties":{"kind":"stop","name":"29TH/PENN","stop_id":"77656786"},"type":"Feature"},{"geometry":{"coordinates":[-85.37293,40.16179],"type":"Point"},"properties":{"kind":"stop","name":"28TH/PENN","stop_id":"77656787"},"type":"Feature"},{"geometry":{"coordinates":[-85.37239,40.16301],"type":"Point"},"properties":{"kind":"stop","name":"27TH/PENN","stop_id":"77656788"},"type":"Feature"},{"geometry":{"coordinates":[-85.3724,40.16384],"type":"Point"},"properties":{"kind":"stop","name":"26TH/PENN","stop_id":"77656789"},"type":"Feature"},{"geometry":{"coordinates":[-85.37417,40.16386],"type":"Point"},"properties":{"kind":"stop","name":"26TH/GRANT","stop_id":"77656790"},"type":"Feature"},{"geometry":{"coordinates":[-85.37494,40.16387],"type":"Point"},"properties":{"kind":"stop","name":"26TH/BEACON","stop_id":"77656791"},"type":"Feature"},{"geometry":{"coordinates":[-85.38063,40.18559],"type":"Point"},"properties":{"kind":"stop","name":"WILLARE/MONROE","stop_id":"77656838"},"type":"Feature"},{"geometry":{"coordinates":[-85.38036,40.18559],"type":"Point"},"properties":{"kind":"stop","name":"WILLARD/MONROE","stop_id":"77656839"},"type":"Feature"},{"geometry":{"coordinates":[-85.37957,40.18559],"type":"Point"},"properties":{"kind":"stop","name":"WILLARDVINE","stop_id":"77656840"},"type":"Feature"},{"geometry":{"coordinates":[-85.37929,40.18559],"type":"Point"},"properties":{"kind":"stop","name":"WILLARD/VINE","stop_id":"77656841"},"type":"Feature"},{"geometry":{"coordinates":[-85.37822,40.18559],"type":"Point"},"properties":{"kind":"stop","name":"WILLARD/PERSHING","stop_id":"77656843"},"type":"Feature"},{"geometry":{"coordinates":[-85.37714,40.18559],"type":"Point"},"properties":{"kind":"stop","name":"WILLARD/HACKLEY","stop_id":"77656844"},"type":"Feature"},{"geometry":{"coordinates":[-85.37606,40.18559],"type":"Point"},"properties":{"kind":"stop","name":"WILLARD/EBRIGHT","stop_id":"77656845"},"type":"Feature"},{"geometry":{"coordinates":[-85.37497,40.18559],"type":"Point"},"properties":{"kind":"stop","name":"WILLARD/BEACON","stop_id":"77656846"},"type":"Feature"},{"geometry":{"coordinates":[-85.37389,40.18559],"type":"Point"},"properties":{"kind":"stop","name":"WILLARD/GRANT","stop_id":"77656847"},"type":"Feature"},{"geometry":{"coordinates":[-85.37249,40.18559],"type":"Point"},"properties":{"kind":"stop","name":"WILLARD/PENN","stop_id":"77656850"},"type":"Feature"},{"geometry":{"coordinates":[-85.3717,40.1856],"type":"Point"},"properties":{"kind":"stop","name":"WILLARD/BLAINE","stop_id":"77656851"},"type":"Feature"},{"geometry":{"coordinates":[-85.37053,40.1856],"type":"Point"},"properties":{"kind":"stop","name":"WILLARDWOLFE","stop_id":"77656853"},"type":"Feature"},{"geometry":{"coordinates":[-85.36944,40.18561],"type":"Point"},"properties":{"kind":"stop","name":"WILLARD/BRADY","stop_id":"77656855"},"type":"Feature"},{"geometry":{"coordinates":[-85.36767,40.1856],"type":"Point"},"properties":{"kind":"stop","name":"WILLARD/MACEDONIA","stop_id":"77656857"},"type":"Feature"},{"geometry":{"coordinates":[-85.36767,40.18463],"type":"Point"},"properties":{"kind":"stop","name":"5TH/MACEDONIA","stop_id":"77656859"},"type":"Feature"},{"geometry":{"coordinates":[-85.36766,40.18366],"type":"Point"},"properties":{"kind":"stop","name":"6TH/MACEDONIA","stop_id":"77656860"},"type":"Feature"},{"geometry":{"coordinates":[-85.36765,40.18304],"type":"Point"},"properties":{"kind":"stop","name":"7TH/MACEDONIA","stop_id":"77656861"},"type":"Feature"},{"geometry":{"coordinates":[-85.36765,40.18219],"type":"Point"},"properties":{"kind":"stop","name":"8TH/MACEDONIA","stop_id":"77656863"},"type":"Feature"},{"geometry":{"coordinates":[-85.36764,40.18133],"type":"Point"},"properties":{"kind":"stop","name":"9TH/MACEDONIA","stop_id":"77656865"},"type":"Feature"},{"geometry":{"coordinates":[-85.36757,40.17743],"type":"Point"},"properties":{"kind":"stop","name":"13TH/MACEDONIA","stop_id":"77656867"},"type":"Feature"},{"geometry":{"coordinates":[-85.36752,40.17616],"type":"Point"},"properties":{"kind":"stop","name":"14TH/MACEDONIA","stop_id":"77656868"},"type":"Feature"},{"geometry":{"coordinates":[-85.36749,40.17512],"type":"Point"},"properties":{"kind":"stop","name":"15TH/MACEDONIA","stop_id":"77656869"},"type":"Feature"},{"geometry":{"coordinates":[-85.36746,40.17437],"type":"Point"},"properties":{"kind":"stop","name":"16TH/MACEDONIA","stop_id":"77656870"},"type":"Feature"},{"geometry":{"coordinates":[-85.36742,40.17337],"type":"Point"},"properties":{"kind":"stop","name":"17TH/MACEDONIA","stop_id":"77656871"},"type":"Feature"},{"geometry":{"coordinates":[-85.36737,40.17236],"type":"Point"},"properties":{"kind":"stop","name":"18TH/MACEDONIA","stop_id":"77656872"},"type":"Feature"},{"geometry":{"coordinates":[-85.36733,40.171],"type":"Point"},"properties":{"kind":"stop","name":"19TH/MACEDONIA","stop_id":"77656873"},"type":"Feature"},{"geometry":{"coordinates":[-85.36731,40.17012],"type":"Point"},"properties":{"kind":"stop","name":"20TH/MACEDONIA","stop_id":"77656875"},"type":"Feature"},{"geometry":{"coordinates":[-85.3673,40.16955],"type":"Point"},"properties":{"kind":"stop","name":"21ST/MACEDONIA","stop_id":"77656876"},"type":"Feature"},{"geometry":{"coordinates":[-85.36728,40.16842],"type":"Point"},"properties":{"kind":"stop","name":"22ND/MACEDONIA","stop_id":"77656879"},"type":"Feature"},{"geometry":{"coordinates":[-85.36725,40.16743],"type":"Point"},"properties":{"kind":"stop","name":"23RD/MACEDONIA","stop_id":"77656880"},"type":"Feature"},{"geometry":{"coordinates":[-85.36724,40.16651],"type":"Point"},"properties":{"kind":"stop","name":"24TH/MACEDONIA","stop_id":"77656881"},"type":"Feature"},{"geometry":{"coordinates":[-85.36722,40.16562],"type":"Point"},"properties":{"kind":"stop","name":"25TH/MACEDONIA","stop_id":"77656882"},"type":"Feature"},{"geometry":{"coordinates":[-85.36721,40.16489],"type":"Point"},"properties":{"kind":"stop","name":"SOUTHWEST/MACEDONIA","stop_id":"77656883"},"type":"Feature"},{"geometry":{"coordinates":[-85.36718,40.16378],"type":"Point"},"properties":{"kind":"stop","name":"26TH/MACEDONIA","stop_id":"77656884"},"type":"Feature"},{"geometry":{"coordinates":[-85.3671,40.16022],"type":"Point"},"properties":{"kind":"stop","name":"29TH/MACEDONIA","stop_id":"77656885"},"type":"Feature"},{"geometry":{"coordinates":[-85.36612,40.16024],"type":"Point"},"properties":{"kind":"stop","name":"29TH/CHANDLER","stop_id":"77656888"},"type":"Feature"},{"geometry":{"coordinates":[-85.36475,40.16022],"type":"Point"},"properties":{"kind":"stop","name":"29TH/DAYTON","stop_id":"77656889"},"type":"Feature"},{"geometry":{"coordinates":[-85.36477,40.1616],"type":"Point"},"properties":{"kind":"stop","name":"JUNIPER/DAYTON","stop_id":"77656890"},"type":"Feature"},{"geometry":{"coordinates":[-85.36275,40.16379],"type":"Point"},"properties":{"kind":"stop","name":"26TH/JUNIPER","stop_id":"77656891"},"type":"Feature"},{"geometry":{"coordinates":[-85.36248,40.16379],"type":"Point"},"properties":{"kind":"stop","name":"26TH/MOCK","stop_id":"77656892"},"type":"Feature"},{"geometry":{"coordinates":[-85.36251,40.16562],"type":"Point"},"properties":{"kind":"stop","name":"25TH/MOCK","stop_id":"77656893"},"type":"Feature"},{"geometry":{"coordinates":[-85.3625,40.16652],"type":"Point"},"properties":{"kind":"stop","name":"24TH/MOCK","stop_id":"77656894"},"type":"Feature"},{"geometry":{"coordinates":[-85.36252,40.16741],"type":"Point"},"properties":{"kind":"stop","name":"23RD/MOCK","stop_id":"77656895"},"type":"Feature"},{"geometry":{"coordinates":[-85.36256,40.16832],"type":"Point"},"properties":{"kind":"stop","name":"22ND/MOCK","stop_id":"77656897"},"type":"Feature"},{"geometry":{"coordinates":[-85.36257,40.1692],"type":"Point"},"properties":{"kind":"stop","name":"21ST/MOCK","stop_id":"77656898"},"type":"Feature"},{"geometry":{"coordinates":[-85.36258,40.17013],"type":"Point"},"properties":{"kind":"stop","name":"20TH/MOCK","stop_id":"77656899"},"type":"Feature"},{"geometry":{"coordinates":[-85.36263,40.17189],"type":"Point"},"properties":{"kind":"stop","name":"19TH/MOCK","stop_id":"77656900"},"type":"Feature"},{"geometry":{"coordinates":[-85.36267,40.17271],"type":"Point"},"properties":{"kind":"stop","name":"18TH/MOCK","stop_id":"77656902"},"type":"Feature"},{"geometry":{"coordinates":[-85.36267,40.17336],"type":"Point"},"properties":{"kind":"stop","name":"17TH/MOCK","stop_id":"77656903"},"type":"Feature"},{"geometry":{"coordinates":[-85.36271,40.17438],"type":"Point"},"properties":{"kind":"stop","name":"16TH/MOCK","stop_id":"77656904"},"type":"Feature"},{"geometry":{"coordinates":[-85.36272,40.17513],"type":"Point"},"properties":{"kind":"stop","name":"15TH/MOCK","stop_id":"77656906"},"type":"Feature"},{"geometry":{"coordinates":[-85.36277,40.17641],"type":"Point"},"properties":{"kind":"stop","name":"14TH/MOCK","stop_id":"77656907"},"type":"Feature"},{"geometry":{"coordinates":[-85.36279,40.17742],"type":"Point"},"properties":{"kind":"stop","name":"13TH/MOCK","stop_id":"77656908"},"type":"Feature"},{"geometry":{"coordinates":[-85.36282,40.1783],"type":"Point"},"properties":{"kind":"stop","name":"MEMORIAL/MOCK","stop_id":"77656909"},"type":"Feature"},{"geometry":{"coordinates":[-85.36647,40.17831],"type":"Point"},"properties":{"kind":"stop","name":"MEMORIAL/SHIPLEY","stop_id":"77656910"},"type":"Feature"},{"geometry":{"coordinates":[-85.36881,40.16022],"type":"Point"},"properties":{"kind":"stop","name":"29TH/WALMARTPARKING","stop_id":"77656957"},"type":"Feature"},{"geometry":{"coordinates":[-85.36298,40.16321],"type":"Point"},"properties":{"kind":"stop","name":"JUNIPER/JUNIPER","stop_id":"77656959"},"type":"Feature"},{"geometry":{"coordinates":[-85.38876,40.19459],"type":"Point"},"properties":{"kind":"stop","name":"WASHINGTON & FRANKLIN","stop_id":"77656971"},"type":"Feature"},{"geometry":{"coordinates":[-85.40782,40.20029],"type":"Point"},"properties":{"kind":"stop","name":"RIVERSIDE/MCKINLEY","stop_id":"77656986"},"type":"Feature"},{"geometry":{"coordinates":[-85.40802,40.2048],"type":"Point"},"properties":{"kind":"stop","name":"NEELY/PETTY/MCKINLEY","stop_id":"77656987"},"type":"Feature"},{"geometry":{"coordinates":[-85.41228,40.20994],"type":"Point"},"properties":{"kind":"stop","name":"BOWMAN/MCKINLEY","stop_id":"77656988"},"type":"Feature"},{"geometry":{"coordinates":[-85.41139,40.21134],"type":"Point"},"properties":{"kind":"stop","name":"BETHEL/MCKINLEY","stop_id":"77656989"},"type":"Feature"},{"geometry":{"coordinates":[-85.41601,40.21304],"type":"Point"},"properties":{"kind":"stop","name":"BETHEL/BURNELL","stop_id":"77656990"},"type":"Feature"},{"geometry":{"coordinates":[-85.41997,40.21451],"type":"Point"},"properties":{"kind":"stop","name":"BETHEL/TILLOTSON","stop_id":"77656991"},"type":"Feature"},{"geometry":{"coordinates":[-85.42466,40.21622],"type":"Point"},"properties":{"kind":"stop","name":"BETHEL/EVERETT","stop_id":"77656992"},"type":"Feature"},{"geometry":{"coordinates":[-85.42648,40.2169],"type":"Point"},"properties":{"kind":"stop","name":"BETHEL/EVERBROOK","stop_id":"77656993"},"type":"Feature"},{"geometry":{"coordinates":[-85.43079,40.21849],"type":"Point"},"properties":{"kind":"stop","name":"BETHEL/TIMBER/CHADAM","stop_id":"77656995"},"type":"Feature"},{"geometry":{"coordinates":[-85.43191,40.21875],"type":"Point"},"properties":{"kind":"stop","name":"CLARA/LYNMAR","stop_id":"77656996"},"type":"Feature"},{"geometry":{"coordinates":[-85.43637,40.21858],"type":"Point"},"properties":{"kind":"stop","name":"CLARA/WILLIAMSBURG","stop_id":"77656997"},"type":"Feature"},{"geometry":{"coordinates":[-85.44268,40.21837],"type":"Point"},"properties":{"kind":"stop","name":"MCGALLIARD/MORRISON","stop_id":"77656999"},"type":"Feature"},{"geometry":{"coordinates":[-85.44269,40.21981],"type":"Point"},"properties":{"kind":"stop","name":"HESSLER/MORRISON","stop_id":"77657000"},"type":"Feature"},{"geometry":{"coordinates":[-85.44271,40.22151],"type":"Point"},"properties":{"kind":"stop","name":"BAKER/MORRISON","stop_id":"77657001"},"type":"Feature"},{"geometry":{"coordinates":[-85.44272,40.22287],"type":"Point"},"properties":{"kind":"stop","name":"BETHEL/MORRISON","stop_id":"77657002"},"type":"Feature"},{"geometry":{"coordinates":[-85.43867,40.2214],"type":"Point"},"properties":{"kind":"stop","name":"UNIVERSITY ESTATES/BETHEL","stop_id":"77657003"},"type":"Feature"},{"geometry":{"coordinates":[-85.43668,40.22066],"type":"Point"},"properties":{"kind":"stop","name":"BETHEL/MARLEON","stop_id":"77657004"},"type":"Feature"},{"geometry":{"coordinates":[-85.43444,40.2244],"type":"Point"},"properties":{"kind":"stop","name":"WOODS EDGE/MARLEON","stop_id":"77657005"},"type":"Feature"},{"geometry":{"coordinates":[-85.4427,40.22447],"type":"Point"},"properties":{"kind":"stop","name":"WOODS EDGE/MORRISON","stop_id":"77657006"},"type":"Feature"},{"geometry":{"coordinates":[-85.38549,40.19036],"type":"Point"},"properties":{"kind":"stop","name":"HOWARD/MULBERRY","stop_id":"77657039"},"type":"Feature"},{"geometry":{"coordinates":[-85.38562,40.18951],"type":"Point"},"properties":{"kind":"stop","name":"SEYMOUR/MULBERRY","stop_id":"77657041"},"type":"Feature"},{"geometry":{"coordinates":[-85.3865,40.18752],"type":"Point"},"properties":{"kind":"stop","name":"1ST/WALNUT","stop_id":"77657043"},"type":"Feature"},{"geometry":{"coordinates":[-85.38648,40.18676],"type":"Point"},"properties":{"kind":"stop","name":"2ND/WALNUT","stop_id":"77657044"},"type":"Feature"},{"geometry":{"coordinates":[-85.38648,40.18636],"type":"Point"},"properties":{"kind":"stop","name":"2ND/WALNUT (2)","stop_id":"77657045"},"type":"Feature"},{"geometry":{"coordinates":[-85.38646,40.18559],"type":"Point"},"properties":{"kind":"stop","name":"WILLARD/WALNUT","stop_id":"77657046"},"type":"Feature"},{"geometry":{"coordinates":[-85.38646,40.1847],"type":"Point"},"properties":{"kind":"stop","name":"5TH/WALNUT","stop_id":"77657047"},"type":"Feature"},{"geometry":{"coordinates":[-85.38645,40.18377],"type":"Point"},"properties":{"kind":"stop","name":"6TH/WALNUT","stop_id":"77657048"},"type":"Feature"},{"geometry":{"coordinates":[-85.38644,40.18294],"type":"Point"},"properties":{"kind":"stop","name":"7TH/WALNUT","stop_id":"77657049"},"type":"Feature"},{"geometry":{"coordinates":[-85.38643,40.18195],"type":"Point"},"properties":{"kind":"stop","name":"8TH/WALNUT","stop_id":"77657050"},"type":"Feature"},{"geometry":{"coordinates":[-85.38642,40.18113],"type":"Point"},"properties":{"kind":"stop","name":"9TH/WALNUT","stop_id":"77657051"},"type":"Feature"},{"geometry":{"coordinates":[-85.38641,40.1803],"type":"Point"},"properties":{"kind":"stop","name":"10TH/WALNUT","stop_id":"77657052"},"type":"Feature"},{"geometry":{"coordinates":[-85.38641,40.17932],"type":"Point"},"properties":{"kind":"stop","name":"11TH/WALNUT","stop_id":"77657053"},"type":"Feature"},{"geometry":{"coordinates":[-85.38638,40.17831],"type":"Point"},"properties":{"kind":"stop","name":"MEMORIAL/WALNUT","stop_id":"77657054"},"type":"Feature"},{"geometry":{"coordinates":[-85.38521,40.17831],"type":"Point"},"properties":{"kind":"stop","name":"MEMORIAL/MULBERRY","stop_id":"77657055"},"type":"Feature"},{"geometry":{"coordinates":[-85.38409,40.17831],"type":"Point"},"properties":{"kind":"stop","name":"MEMORIAL/JEFFERSON","stop_id":"77657056"},"type":"Feature"},{"geometry":{"coordinates":[-85.38295,40.17831],"type":"Point"},"properties":{"kind":"stop","name":"MEMORIAL/ELM","stop_id":"77657057"},"type":"Feature"},{"geometry":{"coordinates":[-85.38165,40.17742],"type":"Point"},"properties":{"kind":"stop","name":"13TH/MADISON","stop_id":"77657062"},"type":"Feature"},{"geometry":{"coordinates":[-85.38166,40.17641],"type":"Point"},"properties":{"kind":"stop","name":"14TH/MADISON","stop_id":"77657063"},"type":"Feature"},{"geometry":{"coordinates":[-85.38165,40.17539],"type":"Point"},"properties":{"kind":"stop","name":"15TH/MADISON","stop_id":"77657064"},"type":"Feature"},{"geometry":{"coordinates":[-85.38165,40.17438],"type":"Point"},"properties":{"kind":"stop","name":"16TH/MADISON","stop_id":"77657065"},"type":"Feature"},{"geometry":{"coordinates":[-85.38165,40.17336],"type":"Point"},"properties":{"kind":"stop","name":"17TH/MADISON","stop_id":"77657066"},"type":"Feature"},{"geometry":{"coordinates":[-85.38166,40.17235],"type":"Point"},"properties":{"kind":"stop","name":"18TH/MADISON","stop_id":"77657067"},"type":"Feature"},{"geometry":{"coordinates":[-85.38165,40.17031],"type":"Point"},"properties":{"kind":"stop","name":"20TH/MADISON","stop_id":"77657068"},"type":"Feature"},{"geometry":{"coordinates":[-85.38166,40.1693],"type":"Point"},"properties":{"kind":"stop","name":"21ST/MADISON","stop_id":"77657069"},"type":"Feature"},{"geometry":{"coordinates":[-85.38166,40.16828],"type":"Point"},"properties":{"kind":"stop","name":"22ND/MADISON","stop_id":"77657070"},"type":"Feature"},{"geometry":{"coordinates":[-85.38166,40.16726],"type":"Point"},"properties":{"kind":"stop","name":"23RD/MADISON","stop_id":"77657071"},"type":"Feature"},{"geometry":{"coordinates":[-85.38165,40.16625],"type":"Point"},"properties":{"kind":"stop","name":"24TH/MADISON","stop_id":"77657073"},"type":"Feature"},{"geometry":{"coordinates":[-85.38166,40.16523],"type":"Point"},"properties":{"kind":"stop","name":"25TH/MADISON","stop_id":"77657074"},"type":"Feature"},{"geometry":{"coordinates":[-85.38165,40.16265],"type":"Point"},"properties":{"kind":"stop","name":"27TH/MADISON","stop_id":"77657076"},"type":"Feature"},{"geometry":{"coordinates":[-85.38163,40.16149],"type":"Point"},"properties":{"kind":"stop","name":"28TH/MADISON","stop_id":"77657078"},"type":"Feature"},{"geometry":{"coordinates":[-85.38166,40.16054],"type":"Point"},"properties":{"kind":"stop","name":"29TH/MADISON","stop_id":"77657079"},"type":"Feature"},{"geometry":{"coordinates":[-85.3854,40.16048],"type":"Point"},"properties":{"kind":"stop","name":"29TH/WALNUT","stop_id":"77657083"},"type":"Feature"},{"geometry":{"coordinates":[-85.38577,40.16144],"type":"Point"},"properties":{"kind":"stop","name":"28TH/WALNUT","stop_id":"77657084"},"type":"Feature"},{"geometry":{"coordinates":[-85.38608,40.16258],"type":"Point"},"properties":{"kind":"stop","name":"27TH/WALNUT","stop_id":"77657085"},"type":"Feature"},{"geometry":{"coordinates":[-85.3861,40.16375],"type":"Point"},"properties":{"kind":"stop","name":"26TH/WALNUT","stop_id":"77657086"},"type":"Feature"},{"geometry":{"coordinates":[-85.38612,40.16649],"type":"Point"},"properties":{"kind":"stop","name":"24TH/WALNUT","stop_id":"77657087"},"type":"Feature"},{"geometry":{"coordinates":[-85.38614,40.1674],"type":"Point"},"properties":{"kind":"stop","name":"23RD/WALNUT","stop_id":"77657089"},"type":"Feature"},{"geometry":{"coordinates":[-85.38615,40.16828],"type":"Point"},"properties":{"kind":"stop","name":"22ND/WALNUT","stop_id":"77657090"},"type":"Feature"},{"geometry":{"coordinates":[-85.38618,40.16929],"type":"Point"},"properties":{"kind":"stop","name":"21ST/WALNUT","stop_id":"77657091"},"type":"Feature"},{"geometry":{"coordinates":[-85.38621,40.17031],"type":"Point"},"properties":{"kind":"stop","name":"20TH/WALNUT","stop_id":"77657092"},"type":"Feature"},{"geometry":{"coordinates":[-85.38627,40.17234],"type":"Point"},"properties":{"kind":"stop","name":"18TH/WALNUT","stop_id":"77657093"},"type":"Feature"},{"geometry":{"coordinates":[-85.38628,40.17336],"type":"Point"},"properties":{"kind":"stop","name":"17TH/WALNUT","stop_id":"77657094"},"type":"Feature"},{"geometry":{"coordinates":[-85.3863,40.17438],"type":"Point"},"properties":{"kind":"stop","name":"16TH/WALNUT","stop_id":"77657095"},"type":"Feature"},{"geometry":{"coordinates":[-85.38635,40.17641],"type":"Point"},"properties":{"kind":"stop","name":"14TH/WALNUT","stop_id":"77657097"},"type":"Feature"},{"geometry":{"coordinates":[-85.38637,40.17743],"type":"Point"},"properties":{"kind":"stop","name":"13TH/WALNUT","stop_id":"77657098"},"type":"Feature"},{"geometry":{"coordinates":[-85.38768,40.1896],"type":"Point"},"properties":{"kind":"stop","name":"SEYMOUR/HIGH","stop_id":"77657112"},"type":"Feature"},{"geometry":{"coordinates":[-85.38653,40.189],"type":"Point"},"properties":{"kind":"stop","name":"VICTOR/WALNUT","stop_id":"77657117"},"type":"Feature"},{"geometry":{"coordinates":[-85.42834,40.21758],"type":"Point"},"properties":{"kind":"stop","name":"BETHEL/COMMUNITY","stop_id":"77657119"},"type":"Feature"},{"geometry":{"coordinates":[-85.42576,40.21664],"type":"Point"},"properties":{"kind":"stop","name":"BETHEL/COMMUNITY (2)","stop_id":"77657120"},"type":"Feature"},{"geometry":{"coordinates":[-85.41391,40.21229],"type":"Point"},"properties":{"kind":"stop","name":"BETHEL/BOWEN","stop_id":"77657123"},"type":"Feature"},{"geometry":{"coordinates":[-85.40779,40.19857],"type":"Point"},"properties":{"kind":"stop","name":"ASHLAND/MCKINLEY","stop_id":"77657124"},"type":"Feature"},{"geometry":{"coordinates":[-85.40982,40.20887],"type":"Point"},"properties":{"kind":"stop","name":"CAMPUS PARKING/MCKINLEY (2)","stop_id":"77657125"},"type":"Feature"},{"geometry":{"coordinates":[-85.40839,40.20812],"type":"Point"},"properties":{"kind":"stop","name":"CAMPUS PARKING/MCKINLEY (2) (3) (4)","stop_id":"77657126"},"type":"Feature"},{"geometry":{"coordinates":[-85.40781,40.19951],"type":"Point"},"properties":{"kind":"stop","name":"CAMPUS PARKING/MCKINLEY (2) (3) (4) (5)","stop_id":"77657129"},"type":"Feature"},{"geometry":{"coordinates":[-85.40803,40.20596],"type":"Point"},"properties":{"kind":"stop","name":"CAMPUS PARKING/MCKINLEY","stop_id":"77657130"},"type":"Feature"},{"geometry":{"coordinates":[-85.41173,40.20901],"type":"Point"},"properties":{"kind":"stop","name":"CAMPUS PARKING/MCKINLEY (2) (3) (4) (5) (6)","stop_id":"77657131"},"type":"Feature"},{"geometry":{"coordinates":[-85.43893,40.21742],"type":"Point"},"properties":{"kind":"stop","name":"WALMART PARKING/WILLIAMSBURG","stop_id":"77657132"},"type":"Feature"},{"geometry":{"coordinates":[-85.40263,40.21893],"type":"Point"},"properties":{"kind":"stop","name":"MCGALLIARD/WHEELING","stop_id":"77657140"},"type":"Feature"},{"geometry":{"coordinates":[-85.38881,40.19285],"type":"Point"},"properties":{"kind":"stop","name":"JACKSON/FRANKLIN","stop_id":"77657142"},"type":"Feature"},{"geometry":{"coordinates":[-85.38991,40.19287],"type":"Point"},"properties":{"kind":"stop","name":"JACKSON/LIBERTY","stop_id":"77657143"},"type":"Feature"},{"geometry":{"coordinates":[-85.391,40.19289],"type":"Point"},"properties":{"kind":"stop","name":"JACKSON/CHERRY","stop_id":"77657144"},"type":"Feature"},{"geometry":{"coordinates":[-85.39209,40.19291],"type":"Point"},"properties":{"kind":"stop","name":"JACKSON/COUNCIL","stop_id":"77657145"},"type":"Feature"},{"geometry":{"coordinates":[-85.39319,40.19293],"type":"Point"},"properties":{"kind":"stop","name":"JACKSON/GHARKEY","stop_id":"77657146"},"type":"Feature"},{"geometry":{"coordinates":[-85.39428,40.19294],"type":"Point"},"properties":{"kind":"stop","name":"JACKSON/MOUND","stop_id":"77657147"},"type":"Feature"},{"geometry":{"coordinates":[-85.38691,40.21035],"type":"Point"},"properties":{"kind":"stop","name":"WEBER/WALNUT","stop_id":"77657151"},"type":"Feature"},{"geometry":{"coordinates":[-85.40807,40.20767],"type":"Point"},"properties":{"kind":"stop","name":"CAMPUS PARKING/MCKINLEY (2) (3)","stop_id":"77657154"},"type":"Feature"},{"geometry":{"coordinates":[-85.44015,40.22194],"type":"Point"},"properties":{"kind":"stop","name":"BETHEL/BETHEL","stop_id":"77657166"},"type":"Feature"},{"geometry":{"coordinates":[-85.38994,40.19109],"type":"Point"},"properties":{"kind":"stop","name":"CHARLES/LIBERTY","stop_id":"77657171"},"type":"Feature"},{"geometry":{"coordinates":[-85.38994,40.19023],"type":"Point"},"properties":{"kind":"stop","name":"HOWARD/LIBERTY","stop_id":"77657172"},"type":"Feature"},{"geometry":{"coordinates":[-85.38994,40.1894],"type":"Point"},"properties":{"kind":"stop","name":"ORCHARD/LIBERTY","stop_id":"77657173"},"type":"Feature"},{"geometry":{"coordinates":[-85.38995,40.18888],"type":"Point"},"properties":{"kind":"stop","name":"VICTOR/LIBERTY","stop_id":"77657174"},"type":"Feature"},{"geometry":{"coordinates":[-85.38996,40.18715],"type":"Point"},"properties":{"kind":"stop","name":"HOYT/LIBERTY","stop_id":"77657176"},"type":"Feature"},{"geometry":{"coordinates":[-85.39153,40.1856],"type":"Point"},"properties":{"kind":"stop","name":"WILLARD/HOYT","stop_id":"77657177"},"type":"Feature"},{"geometry":{"coordinates":[-85.39215,40.18498],"type":"Point"},"properties":{"kind":"stop","name":"HOYT/COUNCIL","stop_id":"77657178"},"type":"Feature"},{"geometry":{"coordinates":[-85.39256,40.18454],"type":"Point"},"properties":{"kind":"stop","name":"HOYT/5TH/6TH","stop_id":"77657179"},"type":"Feature"},{"geometry":{"coordinates":[-85.39318,40.18391],"type":"Point"},"properties":{"kind":"stop","name":"HOYT/DOVER","stop_id":"77657180"},"type":"Feature"},{"geometry":{"coordinates":[-85.39379,40.18326],"type":"Point"},"properties":{"kind":"stop","name":"HOYT/7TH","stop_id":"77657181"},"type":"Feature"},{"geometry":{"coordinates":[-85.39403,40.18301],"type":"Point"},"properties":{"kind":"stop","name":"HOYT/MOUND","stop_id":"77657182"},"type":"Feature"},{"geometry":{"coordinates":[-85.39562,40.18134],"type":"Point"},"properties":{"kind":"stop","name":"9TH/HOYT","stop_id":"77657184"},"type":"Feature"},{"geometry":{"coordinates":[-85.39672,40.18017],"type":"Point"},"properties":{"kind":"stop","name":"10TH/HOYT","stop_id":"77657185"},"type":"Feature"},{"geometry":{"coordinates":[-85.39787,40.17901],"type":"Point"},"properties":{"kind":"stop","name":"11TH/HOYT","stop_id":"77657186"},"type":"Feature"},{"geometry":{"coordinates":[-85.39934,40.17745],"type":"Point"},"properties":{"kind":"stop","name":"13TH/HOYT","stop_id":"77657188"},"type":"Feature"},{"geometry":{"coordinates":[-85.39958,40.17721],"type":"Point"},"properties":{"kind":"stop","name":"HOYT/PIERCE","stop_id":"77657189"},"type":"Feature"},{"geometry":{"coordinates":[-85.40018,40.17659],"type":"Point"},"properties":{"kind":"stop","name":"14TH/HOYT","stop_id":"77657190"},"type":"Feature"},{"geometry":{"coordinates":[-85.40099,40.17575],"type":"Point"},"properties":{"kind":"stop","name":"15TH/HOYT","stop_id":"77657191"},"type":"Feature"},{"geometry":{"coordinates":[-85.40179,40.17491],"type":"Point"},"properties":{"kind":"stop","name":"16TH/HOYT","stop_id":"77657192"},"type":"Feature"},{"geometry":{"coordinates":[-85.40336,40.17374],"type":"Point"},"properties":{"kind":"stop","name":"18TH/HOYT","stop_id":"77657194"},"type":"Feature"},{"geometry":{"coordinates":[-85.40529,40.17232],"type":"Point"},"properties":{"kind":"stop","name":"HOYT/PORT","stop_id":"77657195"},"type":"Feature"},{"geometry":{"coordinates":[-85.40517,40.16937],"type":"Point"},"properties":{"kind":"stop","name":"CORNBREAD/COWAN","stop_id":"77657196"},"type":"Feature"},{"geometry":{"coordinates":[-85.4051,40.16745],"type":"Point"},"properties":{"kind":"stop","name":"23RD/COWAN","stop_id":"77657197"},"type":"Feature"},{"geometry":{"coordinates":[-85.40505,40.16381],"type":"Point"},"properties":{"kind":"stop","name":"26TH/COWAN","stop_id":"77657198"},"type":"Feature"},{"geometry":{"coordinates":[-85.40498,40.16032],"type":"Point"},"properties":{"kind":"stop","name":"UNNAMED/COWAN","stop_id":"77657199"},"type":"Feature"},{"geometry":{"coordinates":[-85.40496,40.15848],"type":"Point"},"properties":{"kind":"stop","name":"MOUNT PLEASANT/COWAN","stop_id":"77657200"},"type":"Feature"},{"geometry":{"coordinates":[-85.40489,40.15412],"type":"Point"},"properties":{"kind":"stop","name":"IVY TECH PARKING/COWAN","stop_id":"77657202"},"type":"Feature"},{"geometry":{"coordinates":[-85.40531,40.17319],"type":"Point"},"properties":{"kind":"stop","name":"18TH/PORT","stop_id":"77657212"},"type":"Feature"},{"geometry":{"coordinates":[-85.40532,40.17403],"type":"Point"},"properties":{"kind":"stop","name":"17TH/PORT","stop_id":"77657213"},"type":"Feature"},{"geometry":{"coordinates":[-85.40534,40.17489],"type":"Point"},"properties":{"kind":"stop","name":"16TH/PORT","stop_id":"77657215"},"type":"Feature"},{"geometry":{"coordinates":[-85.40537,40.17574],"type":"Point"},"properties":{"kind":"stop","name":"15TH/PORT","stop_id":"77657216"},"type":"Feature"},{"geometry":{"coordinates":[-85.40537,40.17659],"type":"Point"},"properties":{"kind":"stop","name":"14TH/PORT","stop_id":"77657217"},"type":"Feature"},{"geometry":{"coordinates":[-85.40538,40.17746],"type":"Point"},"properties":{"kind":"stop","name":"13TH/PORT","stop_id":"77657218"},"type":"Feature"},{"geometry":{"coordinates":[-85.40538,40.17836],"type":"Point"},"properties":{"kind":"stop","name":"MEMORIAL/PORT","stop_id":"77657219"},"type":"Feature"},{"geometry":{"coordinates":[-85.40729,40.17838],"type":"Point"},"properties":{"kind":"stop","name":"MEMORIAL/ROCHESTER","stop_id":"77657220"},"type":"Feature"},{"geometry":{"coordinates":[-85.40918,40.17837],"type":"Point"},"properties":{"kind":"stop","name":"MEMORIAL/UTICA","stop_id":"77657221"},"type":"Feature"},{"geometry":{"coordinates":[-85.41011,40.17838],"type":"Point"},"properties":{"kind":"stop","name":"MEMORIAL/KATHY","stop_id":"77657222"},"type":"Feature"},{"geometry":{"coordinates":[-85.41109,40.17837],"type":"Point"},"properties":{"kind":"stop","name":"MEMORIAL/BATAVIA","stop_id":"77657223"},"type":"Feature"},{"geometry":{"coordinates":[-85.41299,40.17838],"type":"Point"},"properties":{"kind":"stop","name":"MEMORIAL/GILMAN","stop_id":"77657225"},"type":"Feature"},{"geometry":{"coordinates":[-85.38873,40.19545],"type":"Point"},"properties":{"kind":"stop","name":"GILBERT/FRANKLIN","stop_id":"77657236"},"type":"Feature"},{"geometry":{"coordinates":[-85.3876,40.19531],"type":"Point"},"properties":{"kind":"stop","name":"GILBERT/HIGH","stop_id":"77657241"},"type":"Feature"},{"geometry":{"coordinates":[-85.38648,40.19455],"type":"Point"},"properties":{"kind":"stop","name":"WASHINGTON/WALNUT","stop_id":"77657245"},"type":"Feature"},{"geometry":{"coordinates":[-85.41436,40.17838],"type":"Point"},"properties":{"kind":"stop","name":"MEMORIAL/LAZY CREEK","stop_id":"77657265"},"type":"Feature"},{"geometry":{"coordinates":[-85.41488,40.17838],"type":"Point"},"properties":{"kind":"stop","name":"MEMORIAL/DALY","stop_id":"77657266"},"type":"Feature"},{"geometry":{"coordinates":[-85.41678,40.17838],"type":"Point"},"properties":{"kind":"stop","name":"MEMORIAL/CLARK","stop_id":"77657268"},"type":"Feature"},{"geometry":{"coordinates":[-85.41677,40.17929],"type":"Point"},"properties":{"kind":"stop","name":"11TH/CLARK","stop_id":"77657270"},"type":"Feature"},{"geometry":{"coordinates":[-85.41676,40.18014],"type":"Point"},"properties":{"kind":"stop","name":"10TH/CLARK","stop_id":"77657271"},"type":"Feature"},{"geometry":{"coordinates":[-85.41676,40.18099],"type":"Point"},"properties":{"kind":"stop","name":"9TH/CLARK","stop_id":"77657272"},"type":"Feature"},{"geometry":{"coordinates":[-85.41675,40.18185],"type":"Point"},"properties":{"kind":"stop","name":"8TH/CLARK","stop_id":"77657273"},"type":"Feature"},{"geometry":{"coordinates":[-85.41486,40.18185],"type":"Point"},"properties":{"kind":"stop","name":"8TH/DALY","stop_id":"77657274"},"type":"Feature"},{"geometry":{"coordinates":[-85.41297,40.18184],"type":"Point"},"properties":{"kind":"stop","name":"8TH/GILMAN","stop_id":"77657275"},"type":"Feature"},{"geometry":{"coordinates":[-85.41106,40.18185],"type":"Point"},"properties":{"kind":"stop","name":"8TH/BATAVIA","stop_id":"77657276"},"type":"Feature"},{"geometry":{"coordinates":[-85.40917,40.18184],"type":"Point"},"properties":{"kind":"stop","name":"8TH/UTICA","stop_id":"77657277"},"type":"Feature"},{"geometry":{"coordinates":[-85.40727,40.18183],"type":"Point"},"properties":{"kind":"stop","name":"8TH/ROCHESTER","stop_id":"77657278"},"type":"Feature"},{"geometry":{"coordinates":[-85.40538,40.18183],"type":"Point"},"properties":{"kind":"stop","name":"8TH/PORT","stop_id":"77657279"},"type":"Feature"},{"geometry":{"coordinates":[-85.40341,40.18198],"type":"Point"},"properties":{"kind":"stop","name":"8TH/PERKINS","stop_id":"77657281"},"type":"Feature"},{"geometry":{"coordinates":[-85.40144,40.18199],"type":"Point"},"properties":{"kind":"stop","name":"8TH/SAMPSON","stop_id":"77657282"},"type":"Feature"},{"geometry":{"coordinates":[-85.39819,40.18199],"type":"Point"},"properties":{"kind":"stop","name":"8TH/BIRCH","stop_id":"77657283"},"type":"Feature"},{"geometry":{"coordinates":[-85.39651,40.18198],"type":"Point"},"properties":{"kind":"stop","name":"8TH/ELLIOTT","stop_id":"77657285"},"type":"Feature"},{"geometry":{"coordinates":[-85.39435,40.19837],"type":"Point"},"properties":{"kind":"stop","name":"ASHLAND/RESERVE","stop_id":"77657311"},"type":"Feature"},{"geometry":{"coordinates":[-85.39433,40.19927],"type":"Point"},"properties":{"kind":"stop","name":"BEECHWOOD/RESERVE","stop_id":"77657312"},"type":"Feature"},{"geometry":{"coordinates":[-85.39432,40.20016],"type":"Point"},"properties":{"kind":"stop","name":"RIVERSIDE/RESERVE","stop_id":"77657313"},"type":"Feature"},{"geometry":{"coordinates":[-85.39575,40.20018],"type":"Point"},"properties":{"kind":"stop","name":"RIVERSIDE/PAULINE","stop_id":"77657314"},"type":"Feature"},{"geometry":{"coordinates":[-85.39682,40.20019],"type":"Point"},"properties":{"kind":"stop","name":"RIVERSIDE/LINDEN","stop_id":"77657315"},"type":"Feature"},{"geometry":{"coordinates":[-85.39713,40.2002],"type":"Point"},"properties":{"kind":"stop","name":"RIVERSIDE/LINDEN (2)","stop_id":"77657316"},"type":"Feature"},{"geometry":{"coordinates":[-85.39789,40.2002],"type":"Point"},"properties":{"kind":"stop","name":"RIVERSIDE/LOCUST","stop_id":"77657317"},"type":"Feature"},{"geometry":{"coordinates":[-85.39889,40.20022],"type":"Point"},"properties":{"kind":"stop","name":"RIVERSIDE/LIGHT","stop_id":"77657318"},"type":"Feature"},{"geometry":{"coordinates":[-85.40327,40.20028],"type":"Point"},"properties":{"kind":"stop","name":"RIVERSIDE/DICKS","stop_id":"77657319"},"type":"Feature"},{"geometry":{"coordinates":[-85.40448,40.20029],"type":"Point"},"properties":{"kind":"stop","name":"RIVERSIDE/DILL","stop_id":"77657320"},"type":"Feature"},{"geometry":{"coordinates":[-85.41162,40.20027],"type":"Point"},"properties":{"kind":"stop","name":"RIVERSIDE/MEADOW","stop_id":"77657323"},"type":"Feature"},{"geometry":{"coordinates":[-85.4144,40.20025],"type":"Point"},"properties":{"kind":"stop","name":"RIVERSIDE/BRIAR","stop_id":"77657324"},"type":"Feature"},{"geometry":{"coordinates":[-85.41556,40.20027],"type":"Point"},"properties":{"kind":"stop","name":"RIVERSIDE/EAST PARKWAY","stop_id":"77657325"},"type":"Feature"},{"geometry":{"coordinates":[-85.41984,40.20105],"type":"Point"},"properties":{"kind":"stop","name":"DEVON/TILLOTSON","stop_id":"77657327"},"type":"Feature"},{"geometry":{"coordinates":[-85.41985,40.20264],"type":"Point"},"properties":{"kind":"stop","name":"TORQUAY/TILLOTSON","stop_id":"77657328"},"type":"Feature"},{"geometry":{"coordinates":[-85.41985,40.20345],"type":"Point"},"properties":{"kind":"stop","name":"PETTY/TILLOTSON","stop_id":"77657329"},"type":"Feature"},{"geometry":{"coordinates":[-85.41985,40.20425],"type":"Point"},"properties":{"kind":"stop","name":"PETTY/TILLOTSON (2)","stop_id":"77657330"},"type":"Feature"},{"geometry":{"coordinates":[-85.41986,40.20557],"type":"Point"},"properties":{"kind":"stop","name":"BROOK/TILLOTSON","stop_id":"77657331"},"type":"Feature"},{"geometry":{"coordinates":[-85.41988,40.20711],"type":"Point"},"properties":{"kind":"stop","name":"EUCLID/TILLOTSON","stop_id":"77657332"},"type":"Feature"},{"geometry":{"coordinates":[-85.4199,40.20965],"type":"Point"},"properties":{"kind":"stop","name":"BOWMAN/TILLOTSON","stop_id":"77657334"},"type":"Feature"},{"geometry":{"coordinates":[-85.41991,40.2118],"type":"Point"},"properties":{"kind":"stop","name":"BECKETT/TILLOTSON","stop_id":"77657335"},"type":"Feature"},{"geometry":{"coordinates":[-85.42346,40.22446],"type":"Point"},"properties":{"kind":"stop","name":"PURDUE/TILLOTSON","stop_id":"77657338"},"type":"Feature"},{"geometry":{"coordinates":[-85.4248,40.22383],"type":"Point"},"properties":{"kind":"stop","name":"PURDUE/EVERETT","stop_id":"77657339"},"type":"Feature"},{"geometry":{"coordinates":[-85.42482,40.22134],"type":"Point"},"properties":{"kind":"stop","name":"FOX RIDGE/EVERETT","stop_id":"77657340"},"type":"Feature"},{"geometry":{"coordinates":[-85.42637,40.22084],"type":"Point"},"properties":{"kind":"stop","name":"FOX RIDGE/EVERBROOK","stop_id":"77657341"},"type":"Feature"},{"geometry":{"coordinates":[-85.38764,40.19544],"type":"Point"},"properties":{"kind":"stop","name":"GILBERT/HIGH (2)","stop_id":"77657345"},"type":"Feature"},{"geometry":{"coordinates":[-85.42831,40.22014],"type":"Point"},"properties":{"kind":"stop","name":"FOX RIDGE/BRIARWOOD","stop_id":"77657348"},"type":"Feature"},{"geometry":{"coordinates":[-85.4308,40.21994],"type":"Point"},"properties":{"kind":"stop","name":"FOX RIDGE/BETHEL/CHADAM","stop_id":"77657349"},"type":"Feature"},{"geometry":{"coordinates":[-85.43935,40.22152],"type":"Point"},"properties":{"kind":"stop","name":"BAKER/ALLISON","stop_id":"77657352"},"type":"Feature"},{"geometry":{"coordinates":[-85.43168,40.22234],"type":"Point"},"properties":{"kind":"stop","name":"PURDUE/CHADAM","stop_id":"77657364"},"type":"Feature"},{"geometry":{"coordinates":[-85.42834,40.22361],"type":"Point"},"properties":{"kind":"stop","name":"PURDUE/BRIARWOOD","stop_id":"77657365"},"type":"Feature"},{"geometry":{"coordinates":[-85.42671,40.22382],"type":"Point"},"properties":{"kind":"stop","name":"PURDUE/EVERBOOK","stop_id":"77657366"},"type":"Feature"},{"geometry":{"coordinates":[-85.40095,40.20027],"type":"Point"},"properties":{"kind":"stop","name":"RIVERSIDE/NEW YORK","stop_id":"77657404"},"type":"Feature"},{"geometry":{"coordinates":[-85.40568,40.2003],"type":"Point"},"properties":{"kind":"stop","name":"RIVERSIDE/MARTIN","stop_id":"77657406"},"type":"Feature"},{"geometry":{"coordinates":[-85.4065,40.2003],"type":"Point"},"properties":{"kind":"stop","name":"RIVERSIDE/CAMPUS1","stop_id":"77657407"},"type":"Feature"},{"geometry":{"coordinates":[-85.40977,40.20028],"type":"Point"},"properties":{"kind":"stop","name":"RIVERSIDE/CAMPUS3","stop_id":"77657408"},"type":"Feature"},{"geometry":{"coordinates":[-85.41309,40.20026],"type":"Point"},"properties":{"kind":"stop","name":"RIVERSIDE/CAMPUS2","stop_id":"77657410"},"type":"Feature"},{"geometry":{"coordinates":[-85.42001,40.21986],"type":"Point"},"properties":{"kind":"stop","name":"SCHEIDLER APARTMENTS/TILLOTSON","stop_id":"77657411"},"type":"Feature"},{"geometry":{"coordinates":[-85.44002,40.22151],"type":"Point"},"properties":{"kind":"stop","name":"BAKER/BETHEL","stop_id":"77657426"},"type":"Feature"},{"geometry":{"coordinates":[-85.39852,40.17834],"type":"Point"},"properties":{"kind":"stop","name":"MEMORIAL/HOYT","stop_id":"79347949"},"type":"Feature"},{"geometry":{"coordinates":[-85.37046,40.16022],"type":"Point"},"properties":{"kind":"stop","name":"WALMART SOUTH ENTRANCE","stop_id":"80424109"},"type":"Feature"}],"type":"FeatureCollection"}
