{"features":[{"geometry":{"coordinates":[[-76.61146,42.93129],[-76.61124,42.93129],[-76.61129,42.93178],[-76.60925,42.93153],[-76.6084,42.93116],[-76.60792,42.93034],[-76.60816,42.92946],[-76.60719,42.92895],[-76.6068,42.92817],[-76.60692,42.92806],[-76.60682,42.9265],[-76.60788,42.92645],[-76.60829,42.92619],[-76.61033,42.92609],[-76.61024,42.92517],[-76.60862,42.92526],[-76.60871,42.92617],[-76.60549,42.92669],[-76.60505,42.92717],[-76.60507,42.92782],[-76.60484,42.92813],[-76.5985,42.92871],[-76.59789,42.92526],[-76.5946,42.92512],[-76.59244,42.91909],[-76.5903,42.91997],[-76.59015,42.91975],[-76.59092,42.91943],[-76.59108,42.91965],[-76.58451,42.92236],[-76.58429,42.91955],[-76.57961,42.91977],[-76.57927,42.9156],[-76.57094,42.91609],[-76.57108,42.9181],[-76.56832,42.91831],[-76.56833,42.91925],[-76.56912,42.91992],[-76.56923,42.92054],[-76.57629,42.91995],[-76.57757,42.92201],[-76.5791,42.92171],[-76.58093,42.92421],[-76.57682,42.92649],[-76.56846,42.93062],[-76.56889,42.93117],[-76.56881,42.93162],[-76.56693,42.93268]],"type":"LineString"},"properties":{"color":"#38A848","color_name":"green","kind":"route","label":"Aub 1","long":"West Genesee","route_id":"21839","text_color":"#FFFFFF","type_label":"Bus"},"type":"Feature"},{"geometry":{"coordinates":[[-76.56693,42.93268],[-76.5662,42.93283],[-76.56604,42.93055],[-76.56398,42.93082],[-76.56349,42.93106],[-76.56329,42.93147],[-76.56345,42.93189],[-76.5646,42.93252],[-76.56344,42.93307],[-76.55667,42.93335],[-76.55682,42.93607],[-76.55703,42.93653],[-76.54801,42.93991],[-76.54277,42.94235],[-76.54286,42.94265],[-76.54262,42.94306],[-76.54292,42.94323],[-76.5433,42.94317],[-76.54339,42.94286],[-76.54295,42.9427],[-76.54277,42.94235],[-76.54838,42.93977],[-76.54934,42.9414],[-76.54985,42.94374],[-76.55114,42.94437],[-76.55279,42.94434],[-76.55282,42.94477],[-76.55348,42.94539],[-76.55354,42.9458],[-76.55231,42.94711],[-76.55226,42.94788],[-76.5483,42.94797],[-76.5388,42.96333],[-76.5379,42.96304],[-76.53837,42.96229],[-76.53753,42.962],[-76.5367,42.96338],[-76.53753,42.96364],[-76.53781,42.96319],[-76.5387,42.96349],[-76.54413,42.95468],[-76.5452,42.95481],[-76.54776,42.95564],[-76.54743,42.95496],[-76.54737,42.95386]],"type":"LineString"},"properties":{"color":"#3C62AE","color_name":"blue","kind":"route","label":"Aub 2","long":"Franklin","route_id":"21840","text_color":"#FFFFFF","type_label":"Bus"},"type":"Feature"},{"geometry":{"coordinates":[[-76.56693,42.93268],[-76.5662,42.93283],[-76.56647,42.93643],[-76.56553,42.93646],[-76.56518,42.93625],[-76.56512,42.93638],[-76.56517,42.93665],[-76.56553,42.93646],[-76.56647,42.93643],[-76.56678,42.9407],[-76.55995,42.94091],[-76.56008,42.94261],[-76.56691,42.94235],[-76.56715,42.94565],[-76.56451,42.94575],[-76.55526,42.94526],[-76.55495,42.94831],[-76.55553,42.94973],[-76.55512,42.95031],[-76.55432,42.95054],[-76.55437,42.95037],[-76.55511,42.95031],[-76.5555,42.9499],[-76.55549,42.94943],[-76.55496,42.94846],[-76.55514,42.94678],[-76.55499,42.94804],[-76.55323,42.94788],[-76.5483,42.94797],[-76.5388,42.96333],[-76.5379,42.96304],[-76.53837,42.96229],[-76.53753,42.962],[-76.5367,42.96338],[-76.53753,42.96364],[-76.53781,42.96319],[-76.5387,42.96349],[-76.54413,42.95468],[-76.5452,42.95481],[-76.54771,42.95567],[-76.5478,42.95552],[-76.54743,42.95496],[-76.54737,42.95386]],"type":"LineString"},"properties":{"color":"#7E3092","color_name":"purple","kind":"route","label":"Aub 3","long":"North Street","route_id":"21841","text_color":"#FFFFFF","type_label":"Bus"},"type":"Feature"},{"geometry":{"coordinates":[[-76.56693,42.93268],[-76.5662,42.93283],[-76.5663,42.93429],[-76.56993,42.9337],[-76.57008,42.93389],[-76.57212,42.93955],[-76.57294,42.94103],[-76.56982,42.94118],[-76.5697,42.94249],[-76.57075,42.94243],[-76.57071,42.94185],[-76.56978,42.94187],[-76.56982,42.94118],[-76.57294,42.94103],[-76.57552,42.94577],[-76.57732,42.9453],[-76.57995,42.94521],[-76.58006,42.9466],[-76.57884,42.94672],[-76.57892,42.94824],[-76.57684,42.94837],[-76.57366,42.94218],[-76.5785,42.94199],[-76.57829,42.93755],[-76.58551,42.93665],[-76.58608,42.94235],[-76.5885,42.94236],[-76.58851,42.94217],[-76.58762,42.94215],[-76.58761,42.94236],[-76.58608,42.94235],[-76.58569,42.93763],[-76.5852,42.93598],[-76.5873,42.93473],[-76.58911,42.93258],[-76.60261,42.93008],[-76.60696,42.92908],[-76.60819,42.92954],[-76.60795,42.93049],[-76.60859,42.93129],[-76.60941,42.93156],[-76.6117,42.93179],[-76.61168,42.93127],[-76.61146,42.93129]],"type":"LineString"},"properties":{"color":"#D98C27","color_name":"orange","kind":"route","label":"Aub 4","long":"State Street","route_id":"21842","text_color":"#FFFFFF","type_label":"Bus"},"type":"Feature"},{"geometry":{"coordinates":[[-76.55502,42.94996],[-76.55511,42.95031],[-76.55553,42.94973],[-76.55495,42.94831],[-76.55526,42.94526],[-76.56451,42.94575],[-76.56715,42.94565],[-76.56647,42.93643],[-76.56513,42.93632],[-76.56517,42.93665],[-76.56553,42.93646],[-76.56647,42.93643],[-76.56613,42.93178],[-76.56913,42.93028],[-76.56976,42.93098],[-76.56921,42.93124],[-76.56938,42.93149],[-76.56887,42.9315],[-76.56874,42.93091],[-76.56784,42.92996],[-76.56751,42.92986],[-76.56574,42.93068],[-76.56358,42.93099],[-76.56329,42.93147],[-76.56352,42.93196],[-76.56373,42.93208],[-76.56391,42.93192],[-76.56458,42.93226],[-76.5649,42.9321],[-76.56467,42.93185]],"type":"LineString"},"properties":{"color":"#00FF00","color_name":"green","kind":"route","label":"Aub 6","long":"Wegmans Shoppers","route_id":"21843","text_color":"#FFFFFF","type_label":"Bus"},"type":"Feature"},{"geometry":{"coordinates":[[-76.57054,42.94114],[-76.57294,42.94103],[-76.57212,42.93955],[-76.56993,42.9337],[-76.57816,42.93085],[-76.5796,42.93074],[-76.58223,42.93104],[-76.58513,42.93096],[-76.58451,42.92236],[-76.58634,42.9216],[-76.58708,42.92251],[-76.58837,42.92193],[-76.58785,42.92118],[-76.58671,42.92166],[-76.58681,42.92198],[-76.58666,42.92208],[-76.58634,42.9216],[-76.58313,42.92297],[-76.57748,42.92615],[-76.56846,42.93062],[-76.56889,42.93117],[-76.56881,42.93162],[-76.56669,42.93277],[-76.5662,42.93283],[-76.56613,42.93178],[-76.56333,42.9331],[-76.54509,42.93388],[-76.51815,42.93718],[-76.51799,42.93722],[-76.51813,42.93799],[-76.5186,42.93795],[-76.5185,42.93766],[-76.51804,42.93767],[-76.51799,42.93722],[-76.51091,42.9379],[-76.46873,42.94297],[-76.45906,42.94334],[-76.43981,42.9445],[-76.43159,42.94506],[-76.42906,42.94584],[-76.42785,42.94567],[-76.42674,42.94916],[-76.42563,42.95416],[-76.42725,42.97156],[-76.42729,42.97388],[-76.42766,42.97606],[-76.43404,42.97566],[-76.4341,42.97689],[-76.43358,42.97704],[-76.43287,42.97768],[-76.43332,42.97821],[-76.43482,42.97781],[-76.43519,42.97758],[-76.43417,42.97704],[-76.43404,42.97566],[-76.42575,42.97631],[-76.42293,42.97628],[-76.42052,42.97834],[-76.41869,42.97894],[-76.40407,42.9796],[-76.40084,42.97995],[-76.39734,42.98063],[-76.39389,42.98054],[-76.39221,42.98026],[-76.38961,42.98033],[-76.34677,42.98215],[-76.34593,42.98242],[-76.34525,42.98222],[-76.34467,42.98156],[-76.3438,42.98154],[-76.34092,42.98237],[-76.34005,42.98245],[-76.34057,42.98939],[-76.34021,42.99093],[-76.3393,42.99294],[-76.33728,42.9925],[-76.33372,42.99266],[-76.33294,42.996],[-76.33178,42.99902],[-76.33026,43.00201],[-76.33,43.00301],[-76.33032,43.00863],[-76.32984,43.00931],[-76.32901,43.00974],[-76.32137,43.01129],[-76.31827,43.01269],[-76.3171,43.01298],[-76.28902,43.01438],[-76.288,43.01465],[-76.28581,43.0159],[-76.27788,43.0162],[-76.25934,43.01591],[-76.24402,43.01399],[-76.23464,43.01214],[-76.22729,43.01221],[-76.22773,43.01886],[-76.22551,43.02141],[-76.22538,43.02191],[-76.224,43.02317],[-76.2238,43.0238],[-76.22405,43.02523],[-76.22392,43.02574],[-76.22331,43.02617],[-76.22028,43.02675],[-76.21444,43.02857],[-76.21392,43.02912],[-76.21351,43.03064],[-76.21252,43.03141],[-76.20176,43.032],[-76.19966,43.03277],[-76.19532,43.03529],[-76.19394,43.03589],[-76.1889,43.03644],[-76.18721,43.03644],[-76.18277,43.0382],[-76.17525,43.03923],[-76.17396,43.03962],[-76.17203,43.04094],[-76.17115,43.04318],[-76.17083,43.04812],[-76.16783,43.04834],[-76.15834,43.05057],[-76.15607,43.05095],[-76.15548,43.05096],[-76.15552,43.04963],[-76.14739,43.04952],[-76.14752,43.04429],[-76.15086,43.04431],[-76.15086,43.04367]],"type":"LineString"},"properties":{"color":"#CD8ABB","color_name":"pink","kind":"route","label":"Aub38","long":"Auburn - Syracuse via Elbridge","route_id":"21844","text_color":"#FFFFFF","type_label":"Bus"},"type":"Feature"},{"geometry":{"coordinates":[[-76.17683,42.60025],[-76.17794,42.60019],[-76.17776,42.59779],[-76.18028,42.59762],[-76.17969,42.58843],[-76.17884,42.58846],[-76.17802,42.58896],[-76.17707,42.58861],[-76.17653,42.58863],[-76.17552,42.58933],[-76.17414,42.58968],[-76.17303,42.59024],[-76.17111,42.59038],[-76.17112,42.59205],[-76.17164,42.59323],[-76.17195,42.59801],[-76.16114,42.59847],[-76.16133,42.60086],[-76.16683,42.60065],[-76.16721,42.60614],[-76.16636,42.60939],[-76.16417,42.61273],[-76.16315,42.61235],[-76.16257,42.61306],[-76.161,42.61314],[-76.1601,42.61285],[-76.15974,42.61343],[-76.15981,42.61371],[-76.16045,42.614],[-76.16333,42.61399],[-76.16623,42.60965],[-76.16683,42.60792],[-76.16979,42.60806]],"type":"LineString"},"properties":{"color":"#008000","color_name":"green","kind":"route","label":"Cor 1","long":"Route 1","route_id":"21845","text_color":"#FFFFFF","type_label":"Bus"},"type":"Feature"},{"geometry":{"coordinates":[[-76.20352,42.59598],[-76.20356,42.59672],[-76.20543,42.59674],[-76.19778,42.60793],[-76.18606,42.6083],[-76.18627,42.61119],[-76.19232,42.61091],[-76.1925,42.61165],[-76.19454,42.61162],[-76.19452,42.61082],[-76.18627,42.61119],[-76.18578,42.60516],[-76.18411,42.60117],[-76.18055,42.60121],[-76.17877,42.60181],[-76.17803,42.60185],[-76.17776,42.59779],[-76.17527,42.59789],[-76.17544,42.6003],[-76.17666,42.60025]],"type":"LineString"},"properties":{"color":"#800000","color_name":"red","kind":"route","label":"Cor 2","long":"Route 2","route_id":"21846","text_color":"#FFFFFF","type_label":"Bus"},"type":"Feature"},{"geometry":{"coordinates":[[-76.17701,42.60024],[-76.17794,42.60019],[-76.17804,42.60213],[-76.17563,42.60315],[-76.1757,42.60361],[-76.17729,42.60559],[-76.1807,42.60544],[-76.18089,42.60641],[-76.18606,42.6083],[-76.1864,42.61295],[-76.18542,42.61559],[-76.18362,42.61858],[-76.18352,42.61945],[-76.18395,42.62156],[-76.18347,42.62375],[-76.1825,42.62643],[-76.1819,42.62721],[-76.1802,42.62874],[-76.17938,42.6301],[-76.1783,42.63883],[-76.188,42.64482],[-76.19096,42.6345],[-76.19183,42.62914],[-76.18255,42.62956]],"type":"LineString"},"properties":{"color":"#000080","color_name":"blue","kind":"route","label":"Cor 3","long":"Route 3","route_id":"21847","text_color":"#FFFFFF","type_label":"Bus"},"type":"Feature"},{"geometry":{"coordinates":[[-76.21785,42.56828],[-76.21968,42.56881],[-76.22034,42.56766],[-76.2198,42.56738],[-76.22005,42.56695],[-76.22101,42.56723],[-76.21899,42.57089],[-76.21704,42.57026],[-76.21572,42.5723],[-76.21572,42.57256],[-76.21691,42.57287],[-76.21671,42.57343],[-76.21755,42.57361],[-76.21335,42.582],[-76.2053,42.58231],[-76.18052,42.5975],[-76.17982,42.59771],[-76.17527,42.59789],[-76.17544,42.6003],[-76.17701,42.60024]],"type":"LineString"},"properties":{"color":"#FF0000","color_name":"red","kind":"route","label":"Cor 4","long":"Route 4","route_id":"21848","text_color":"#FFFFFF","type_label":"Bus"},"type":"Feature"},{"geometry":{"coordinates":[[-75.91353,42.46899],[-75.91373,42.46898],[-75.91374,42.46924],[-75.91202,42.46928],[-75.91265,42.47422],[-75.91434,42.47665],[-75.91478,42.4777],[-75.91504,42.48056],[-75.91475,42.48194],[-75.91245,42.48648],[-75.91149,42.49007],[-75.90921,42.49456],[-75.90655,42.49907],[-75.90293,42.50261],[-75.90242,42.50365],[-75.90185,42.50593],[-75.89823,42.51184],[-75.89705,42.51429],[-75.89709,42.51556],[-75.89915,42.5193],[-75.89991,42.52534],[-75.89973,42.52851],[-75.89951,42.52936],[-75.89822,42.53281],[-75.89655,42.53849],[-75.89571,42.53854],[-75.89551,42.53925],[-75.89629,42.53933],[-75.89562,42.54224],[-75.90166,42.54159],[-75.90509,42.53304],[-75.90671,42.53118],[-75.90928,42.52531],[-75.91008,42.52475],[-75.91247,42.5238],[-75.91513,42.52244],[-75.91843,42.51964],[-75.91964,42.51957],[-75.92683,42.52494],[-75.93172,42.53003],[-75.93777,42.53301],[-75.94347,42.53609],[-75.9573,42.54405],[-75.95872,42.54494],[-75.96155,42.5474],[-75.96305,42.54788],[-75.9734,42.54921],[-75.97678,42.55006],[-75.98342,42.5523],[-75.98758,42.55435],[-75.98845,42.55523],[-75.98945,42.55743],[-75.99074,42.56174],[-75.99151,42.57632],[-75.99184,42.57727],[-75.99997,42.58468],[-76.00576,42.59079],[-76.01507,42.5966],[-76.01602,42.59696],[-76.03505,42.5982],[-76.05742,42.59937],[-76.063,42.60052],[-76.07165,42.60117],[-76.07509,42.60073],[-76.09041,42.59706],[-76.09498,42.59564],[-76.09469,42.59461],[-76.0944,42.59466],[-76.09249,42.59506],[-76.09318,42.59615],[-76.09689,42.59511],[-76.10434,42.59435],[-76.1081,42.59347],[-76.12283,42.59265],[-76.12418,42.59232],[-76.12609,42.59137],[-76.12834,42.59093],[-76.13446,42.59131],[-76.13589,42.59156],[-76.1427,42.59405],[-76.15247,42.59613],[-76.15668,42.59805],[-76.15886,42.59851],[-76.17527,42.59789],[-76.17544,42.6003],[-76.17683,42.60025]],"type":"LineString"},"properties":{"color":"#00FF00","color_name":"green","kind":"route","label":"Cor 5","long":"Route 5","route_id":"21849","text_color":"#FFFFFF","type_label":"Bus"},"type":"Feature"},{"geometry":{"coordinates":[[-76.28824,42.50282],[-76.28831,42.50299],[-76.28862,42.50285],[-76.29104,42.50335],[-76.2916,42.5024],[-76.29265,42.50211],[-76.2934,42.50231],[-76.29489,42.50332],[-76.29702,42.50355],[-76.29786,42.50382],[-76.297,42.50484],[-76.28409,42.51472],[-76.28302,42.5157],[-76.2822,42.51689],[-76.28002,42.52122],[-76.27089,42.53254],[-76.2695,42.53406],[-76.25888,42.54227],[-76.25616,42.54507],[-76.25001,42.54912],[-76.24818,42.54991],[-76.24438,42.55063],[-76.23603,42.55439],[-76.23058,42.55796],[-76.22533,42.56169],[-76.22245,42.56456],[-76.22101,42.56723],[-76.21872,42.56647],[-76.21837,42.56676],[-76.21796,42.56674],[-76.21724,42.56808],[-76.21957,42.56882],[-76.22034,42.56766],[-76.2198,42.56738],[-76.22005,42.56695],[-76.22101,42.56723],[-76.21686,42.5749],[-76.21598,42.57582],[-76.18052,42.5975],[-76.17982,42.59771],[-76.17527,42.59789],[-76.17544,42.6003],[-76.17683,42.60025]],"type":"LineString"},"properties":{"color":"#FFFF00","color_name":"yellow","kind":"route","label":"Cor 6","long":"Route 6","route_id":"21850","text_color":"#FFFFFF","type_label":"Bus"},"type":"Feature"},{"geometry":{"coordinates":[[-76.17666,42.60025],[-76.17794,42.60019],[-76.17776,42.59779],[-76.18028,42.59762],[-76.18443,42.59504],[-76.18927,42.57724],[-76.18978,42.5764],[-76.192,42.57398],[-76.19306,42.57112],[-76.1932,42.5696],[-76.19309,42.56645],[-76.19115,42.56282],[-76.19043,42.56052],[-76.18625,42.55508],[-76.18457,42.54978],[-76.18437,42.54863],[-76.18455,42.5474],[-76.1852,42.54597],[-76.18904,42.53906],[-76.1915,42.53527],[-76.19288,42.53142],[-76.19325,42.52856],[-76.19327,42.52521],[-76.19556,42.51634],[-76.19555,42.51494],[-76.19472,42.51076],[-76.19473,42.51058],[-76.19528,42.51056],[-76.19535,42.51025],[-76.19499,42.51021],[-76.1953,42.51032],[-76.19528,42.51056],[-76.17881,42.51103],[-76.17096,42.51008],[-76.14901,42.51066],[-76.14474,42.50896],[-76.14515,42.50878],[-76.14519,42.50853],[-76.14493,42.50842],[-76.14475,42.5085],[-76.14474,42.50896],[-76.14221,42.50802],[-76.13817,42.50753],[-76.13702,42.50694],[-76.13473,42.5052],[-76.13024,42.50298],[-76.1242,42.50133],[-76.12324,42.50049],[-76.12179,42.49765],[-76.11957,42.49495],[-76.11861,42.49419],[-76.11715,42.49368],[-76.11473,42.49356],[-76.10878,42.49469],[-76.10676,42.49463],[-76.10363,42.49374],[-76.10158,42.4929],[-76.09719,42.49033],[-76.09604,42.49012],[-76.09037,42.49031],[-76.08883,42.49011],[-76.0868,42.48919],[-76.08539,42.48814],[-76.08446,42.48706],[-76.08395,42.48679],[-76.07969,42.48624],[-76.07855,42.48649],[-76.07706,42.48759],[-76.07545,42.48827],[-76.07491,42.48867],[-76.07457,42.48953],[-76.07462,42.49164],[-76.07414,42.49217],[-76.06934,42.48833],[-76.06847,42.487],[-76.06787,42.48532],[-76.06693,42.48381],[-76.06374,42.48131],[-76.06083,42.47856],[-76.056,42.47278],[-76.05076,42.46694],[-76.04671,42.46066],[-76.04371,42.4553],[-76.04216,42.45341],[-76.04004,42.45148],[-76.03904,42.44955],[-76.03646,42.44565],[-76.03298,42.4424],[-76.03167,42.44088],[-76.03438,42.43954],[-76.03495,42.44032],[-76.03301,42.44144]],"type":"LineString"},"properties":{"color":"#00FFFF","color_name":"teal","kind":"route","label":"Cor11","long":"Route 11","route_id":"21851","text_color":"#FFFFFF","type_label":"Bus"},"type":"Feature"},{"geometry":{"coordinates":[[-76.40632,43.31547],[-76.40495,43.31391],[-76.40523,43.31357],[-76.40739,43.31407],[-76.40927,43.31529],[-76.40703,43.31631],[-76.40979,43.31955],[-76.40346,43.32229],[-76.39479,43.32254],[-76.39631,43.32561],[-76.39829,43.32531],[-76.3983,43.32446],[-76.39943,43.32434],[-76.39946,43.32419],[-76.3983,43.32446],[-76.39829,43.32531],[-76.40044,43.32509],[-76.40093,43.32686],[-76.40188,43.3289],[-76.40481,43.32706],[-76.40946,43.32626],[-76.41072,43.33029],[-76.41608,43.33014],[-76.41679,43.3274],[-76.41659,43.32511],[-76.41482,43.32117],[-76.4124,43.31834],[-76.414,43.31762],[-76.41556,43.31955],[-76.41701,43.32253]],"type":"LineString"},"properties":{"color":"#00FF00","color_name":"green","kind":"route","label":"Ful14","long":"Fulton - East","route_id":"21852","text_color":"#FFFFFF","type_label":"Bus"},"type":"Feature"},{"geometry":{"coordinates":[[-76.41701,43.32253],[-76.41773,43.32414],[-76.41768,43.32503],[-76.42173,43.32482],[-76.42415,43.32432],[-76.42406,43.32297],[-76.42253,43.32303],[-76.41909,43.31732],[-76.42258,43.3162],[-76.42184,43.31498],[-76.41836,43.31612],[-76.41909,43.31732],[-76.42258,43.3162],[-76.42184,43.31498],[-76.42486,43.31402],[-76.42623,43.31392],[-76.42779,43.31424],[-76.43305,43.31674],[-76.4367,43.31924],[-76.43558,43.32009],[-76.4371,43.32121],[-76.43679,43.32192],[-76.437,43.32601],[-76.44376,43.32584],[-76.44551,43.32596],[-76.44644,43.32582],[-76.44754,43.32616],[-76.44793,43.32552],[-76.44786,43.3237]],"type":"LineString"},"properties":{"color":"#DC1D65","color_name":"red","kind":"route","label":"Ful15","long":"Fulton - West","route_id":"21853","text_color":"#FFFFFF","type_label":"Bus"},"type":"Feature"},{"geometry":{"coordinates":[[-76.50627,43.45951],[-76.50556,43.45824],[-76.49788,43.46043],[-76.4909,43.46053],[-76.48502,43.46091],[-76.48569,43.46429],[-76.48561,43.46487],[-76.48501,43.46611],[-76.48526,43.46715],[-76.48364,43.46769],[-76.48351,43.46757],[-76.48284,43.46793],[-76.48296,43.46805],[-76.48526,43.46715],[-76.48501,43.46611],[-76.48561,43.46487],[-76.48569,43.46429],[-76.48502,43.46091],[-76.4792,43.46181],[-76.47964,43.46248],[-76.47896,43.46276],[-76.47822,43.46258],[-76.4773,43.46303],[-76.47707,43.46358],[-76.47774,43.46423],[-76.47951,43.46351],[-76.47896,43.46276],[-76.47964,43.46248],[-76.4792,43.46181],[-76.4718,43.46287],[-76.45575,43.46348],[-76.44618,43.46442],[-76.43377,43.4649],[-76.43061,43.4654],[-76.41873,43.46585],[-76.4133,43.46573],[-76.40302,43.46618],[-76.39964,43.46683],[-76.38087,43.47353],[-76.37574,43.47448],[-76.36898,43.47477],[-76.36779,43.47496],[-76.35862,43.47792],[-76.35643,43.47842],[-76.32693,43.47931],[-76.31646,43.47981],[-76.30862,43.47837],[-76.29132,43.47369],[-76.28978,43.4736],[-76.28353,43.47387],[-76.28084,43.4675],[-76.28033,43.46585],[-76.28046,43.45946],[-76.24335,43.46086],[-76.24088,43.46026],[-76.23684,43.45997],[-76.23663,43.4574],[-76.23555,43.45744],[-76.23559,43.45807],[-76.23668,43.45801],[-76.23595,43.45047],[-76.23613,43.44852],[-76.23676,43.44729],[-76.24226,43.44025],[-76.246,43.43502],[-76.2467,43.43379],[-76.24881,43.42814],[-76.24985,43.42252],[-76.25063,43.41537],[-76.25037,43.4119],[-76.2506,43.41066],[-76.26284,43.38314],[-76.2639,43.38188],[-76.26817,43.37859],[-76.28087,43.37142],[-76.28208,43.37025],[-76.2827,43.36918],[-76.28298,43.36807],[-76.28295,43.36697],[-76.28175,43.36261],[-76.28041,43.35979],[-76.27982,43.35639],[-76.28,43.35527],[-76.28167,43.35124],[-76.28693,43.34996],[-76.28904,43.34913],[-76.29173,43.34743],[-76.2952,43.34459],[-76.29721,43.34365],[-76.2991,43.34326],[-76.31225,43.34219],[-76.31553,43.34168],[-76.31716,43.34121],[-76.32728,43.33703],[-76.32879,43.33658],[-76.33055,43.33642],[-76.33237,43.33661],[-76.35725,43.34282],[-76.35972,43.34303],[-76.36455,43.34229],[-76.371,43.3409],[-76.38707,43.33454],[-76.3926,43.33356],[-76.39468,43.33297],[-76.39606,43.33236],[-76.40188,43.3289],[-76.40188,43.3286],[-76.40093,43.32686],[-76.40044,43.32509],[-76.40044,43.32387],[-76.40106,43.32297],[-76.402,43.32249],[-76.40426,43.32207],[-76.40979,43.31955],[-76.40495,43.31391],[-76.40523,43.31357],[-76.40395,43.31302],[-76.39795,43.30792],[-76.39623,43.30728],[-76.39595,43.30833],[-76.39535,43.3085],[-76.39507,43.30828],[-76.39496,43.30774],[-76.39156,43.30735],[-76.39125,43.30803],[-76.39369,43.30832],[-76.39388,43.30761],[-76.39502,43.30777],[-76.39499,43.30847],[-76.39535,43.3085],[-76.39595,43.30833],[-76.3962,43.30744],[-76.39745,43.3078],[-76.39888,43.30867],[-76.40415,43.31316],[-76.40739,43.31407],[-76.41027,43.31596],[-76.4124,43.31835],[-76.414,43.31762],[-76.41582,43.32006],[-76.41773,43.32414],[-76.41768,43.32503],[-76.42173,43.32482],[-76.42336,43.3244],[-76.42414,43.32565],[-76.42426,43.32631],[-76.44376,43.32584],[-76.44551,43.32596],[-76.44665,43.32583],[-76.44754,43.32616],[-76.44793,43.32552],[-76.44786,43.3237]],"type":"LineString"},"properties":{"color":"#0000FF","color_name":"blue","kind":"route","label":"Mex16","long":"Mexico - Fulton","route_id":"21854","text_color":"#FFFFFF","type_label":"Bus"},"type":"Feature"},{"geometry":{"coordinates":[[-76.47471,43.39926],[-76.47525,43.39987],[-76.47437,43.40015],[-76.4732,43.39831],[-76.47409,43.39826],[-76.474,43.39782],[-76.47366,43.39753],[-76.47313,43.39745],[-76.46936,43.3987],[-76.47035,43.40077],[-76.47022,43.40082],[-76.46113,43.40151],[-76.46263,43.40361],[-76.46547,43.4113],[-76.47088,43.42425],[-76.47173,43.42538],[-76.47261,43.42614],[-76.48188,43.43131],[-76.4825,43.432],[-76.48536,43.43674],[-76.48785,43.43988],[-76.49018,43.44221],[-76.49383,43.44475],[-76.49555,43.44618],[-76.49999,43.44806],[-76.50274,43.45001],[-76.50468,43.45223],[-76.50695,43.45626],[-76.5072,43.45615],[-76.50723,43.45592],[-76.50671,43.45583],[-76.50769,43.45761],[-76.49826,43.46038],[-76.4909,43.46053],[-76.48502,43.46091],[-76.48531,43.46233],[-76.48645,43.46218]],"type":"LineString"},"properties":{"color":"#00FF00","color_name":"green","kind":"route","label":"Osw09","long":"Price Chopper Shopper","route_id":"21855","text_color":"#FFFFFF","type_label":"Bus"},"type":"Feature"},{"geometry":{"coordinates":[[-76.5404,43.45389],[-76.54118,43.45368],[-76.54107,43.45345],[-76.5407,43.45379],[-76.54018,43.45392],[-76.53955,43.45383],[-76.5395,43.45349],[-76.53478,43.45366],[-76.53505,43.45712],[-76.53521,43.45723],[-76.53889,43.45708],[-76.54274,43.4554],[-76.54345,43.45437],[-76.54718,43.45403],[-76.54812,43.45276],[-76.54982,43.45148],[-76.54972,43.45017],[-76.54998,43.44977],[-76.55078,43.44973],[-76.55056,43.44728],[-76.54885,43.44651],[-76.54863,43.44652],[-76.54864,43.44667],[-76.54921,43.4471]],"type":"LineString"},"properties":{"color":"#82D3F2","color_name":"white","kind":"route","label":"Osw10","long":"SUNY Oswego Blue Route","route_id":"21856","text_color":"#000000","type_label":"Bus"},"type":"Feature"},{"geometry":{"coordinates":[[-76.54935,43.43009],[-76.54888,43.4303],[-76.54817,43.43004],[-76.54753,43.42889],[-76.54251,43.43044],[-76.54236,43.42878],[-76.54206,43.42809],[-76.53972,43.42501],[-76.53824,43.42368],[-76.5366,43.42063],[-76.53521,43.41949],[-76.53403,43.41932],[-76.53449,43.42735],[-76.53563,43.43009],[-76.53648,43.44531],[-76.53456,43.44541],[-76.53466,43.44685],[-76.53419,43.44733],[-76.53437,43.45041],[-76.53204,43.45162],[-76.53234,43.45214],[-76.53245,43.45373],[-76.53478,43.45366],[-76.53516,43.45722],[-76.5387,43.45711],[-76.53991,43.45664],[-76.5393,43.45585],[-76.53919,43.45417],[-76.53955,43.45383],[-76.5404,43.45389]],"type":"LineString"},"properties":{"color":"#8AC767","color_name":"gray","kind":"route","label":"Osw11","long":"SUNY Oswego Green Route","route_id":"21857","text_color":"#FFFFFF","type_label":"Bus"},"type":"Feature"},{"geometry":{"coordinates":[[-76.47791,43.46415],[-76.47951,43.46351],[-76.47896,43.46276],[-76.47964,43.46248],[-76.4792,43.46181],[-76.48502,43.46091],[-76.48569,43.46429],[-76.48561,43.46487],[-76.48501,43.46611],[-76.48526,43.46715],[-76.48364,43.46769],[-76.48351,43.46757],[-76.48284,43.46793],[-76.48296,43.46805],[-76.48526,43.46715],[-76.48501,43.46611],[-76.48561,43.46487],[-76.48569,43.46429],[-76.48502,43.46091],[-76.4909,43.46053],[-76.49788,43.46043],[-76.50456,43.45853],[-76.50527,43.45979],[-76.50627,43.45951],[-76.50556,43.45824],[-76.51919,43.45422],[-76.5395,43.45349],[-76.53955,43.45383],[-76.54018,43.45392]],"type":"LineString"},"properties":{"color":"#57E8C7","color_name":"teal","kind":"route","label":"Osw17","long":"Bridge Street","route_id":"21858","text_color":"#FFFFFF","type_label":"Bus"},"type":"Feature"},{"geometry":{"coordinates":[[-76.5404,43.45389],[-76.54118,43.45368],[-76.54107,43.45345],[-76.5407,43.45379],[-76.54018,43.45392],[-76.53955,43.45383],[-76.5395,43.45349],[-76.53245,43.45373],[-76.5323,43.45195],[-76.53183,43.45133],[-76.53171,43.44944],[-76.52976,43.44951],[-76.52942,43.44539],[-76.52859,43.44545],[-76.52875,43.44833],[-76.52888,43.44855],[-76.5297,43.44855],[-76.52976,43.44951],[-76.51931,43.4499],[-76.5175,43.45029],[-76.51609,43.44778],[-76.51401,43.44839],[-76.51276,43.44618],[-76.51259,43.44416],[-76.50808,43.44431],[-76.50826,43.4468],[-76.50982,43.44964],[-76.50773,43.45026],[-76.50913,43.45277],[-76.50559,43.45382],[-76.50769,43.45761],[-76.50456,43.45853],[-76.50527,43.45979],[-76.50627,43.45951]],"type":"LineString"},"properties":{"color":"#E3E923","color_name":"yellow","kind":"route","label":"Osw18","long":"Sunrise West","route_id":"21859","text_color":"#FFFFFF","type_label":"Bus"},"type":"Feature"},{"geometry":{"coordinates":[[-76.47774,43.46423],[-76.47951,43.46351],[-76.47896,43.46276],[-76.47964,43.46248],[-76.4792,43.46181],[-76.48502,43.46091],[-76.48569,43.46429],[-76.48561,43.46487],[-76.48501,43.46611],[-76.48526,43.46715],[-76.48364,43.46769],[-76.48351,43.46757],[-76.48284,43.46793],[-76.48296,43.46805],[-76.48526,43.46715],[-76.48501,43.46611],[-76.48561,43.46487],[-76.48569,43.46429],[-76.48502,43.46091],[-76.47149,43.46289],[-76.47429,43.4569],[-76.47106,43.45613],[-76.47176,43.45462],[-76.47217,43.45441],[-76.47307,43.45448],[-76.47399,43.45428],[-76.4752,43.45487],[-76.47757,43.44992],[-76.48817,43.4522],[-76.48779,43.45162],[-76.49095,43.45042],[-76.48993,43.44894],[-76.49035,43.44872],[-76.49028,43.44812],[-76.48967,43.44786],[-76.48861,43.44811],[-76.48853,43.4489],[-76.48993,43.44894],[-76.49095,43.45042],[-76.49597,43.44901],[-76.49932,43.45569],[-76.50245,43.45476],[-76.50527,43.45979],[-76.50627,43.45951]],"type":"LineString"},"properties":{"color":"#1B1098","color_name":"blue","kind":"route","label":"Osw19","long":"Brandonwood East","route_id":"21860","text_color":"#FFFFFF","type_label":"Bus"},"type":"Feature"},{"geometry":{"coordinates":[[-76.14054,43.04304],[-76.14053,43.04427],[-76.14076,43.0443],[-76.15086,43.04431],[-76.15087,43.04278],[-76.14754,43.04275],[-76.14739,43.04952],[-76.15552,43.04963],[-76.15544,43.05131],[-76.1549,43.05241],[-76.1548,43.05452],[-76.15297,43.05725],[-76.15287,43.05745],[-76.15309,43.05779],[-76.15414,43.05863],[-76.1561,43.06111],[-76.15803,43.06252],[-76.16023,43.06482],[-76.16469,43.06679],[-76.16661,43.06826],[-76.1679,43.06973],[-76.16868,43.07127],[-76.16881,43.07213],[-76.16835,43.0727],[-76.17095,43.07467],[-76.17268,43.07361],[-76.17374,43.07235],[-76.17182,43.07212],[-76.17201,43.07113],[-76.17182,43.07088],[-76.17016,43.07081],[-76.17119,43.07182],[-76.17159,43.07288],[-76.1723,43.07377],[-76.16929,43.07566],[-76.16954,43.07598],[-76.16926,43.07652],[-76.16965,43.0767],[-76.16976,43.07663],[-76.16935,43.07637],[-76.16954,43.07598],[-76.16929,43.07566],[-76.17085,43.07473],[-76.17075,43.07451],[-76.16876,43.07295],[-76.16663,43.07193],[-76.16639,43.07156],[-76.16711,43.07065],[-76.16878,43.07133],[-76.1696,43.0722],[-76.17249,43.07847],[-76.17278,43.08013],[-76.17253,43.08203],[-76.17153,43.08397],[-76.16631,43.09021],[-76.16156,43.09537],[-76.15565,43.10108],[-76.15036,43.10717],[-76.14553,43.11172],[-76.14379,43.11274],[-76.13148,43.11785],[-76.12886,43.11932],[-76.12711,43.12068],[-76.12119,43.12692],[-76.12023,43.12825],[-76.11975,43.1293],[-76.11946,43.13059],[-76.11943,43.13391],[-76.11898,43.13508],[-76.11842,43.13586],[-76.11122,43.14252],[-76.11051,43.14288],[-76.10949,43.14308],[-76.10848,43.14268],[-76.10833,43.14239],[-76.10841,43.14191],[-76.10882,43.14154],[-76.10932,43.1414],[-76.11552,43.14189],[-76.11759,43.1423],[-76.1197,43.14337],[-76.1228,43.14647],[-76.12454,43.14747],[-76.13308,43.15025],[-76.14116,43.15393],[-76.14817,43.15669],[-76.15009,43.15722],[-76.15606,43.15817],[-76.15869,43.15896],[-76.16099,43.15999],[-76.1724,43.16652],[-76.17438,43.16724],[-76.1787,43.1683],[-76.1878,43.17189],[-76.19023,43.17239],[-76.19342,43.17241],[-76.19904,43.17119],[-76.20188,43.17092],[-76.20455,43.17117],[-76.2066,43.17173],[-76.2268,43.18129],[-76.22836,43.18233],[-76.22943,43.1835],[-76.23023,43.18471],[-76.23038,43.18561],[-76.2446,43.1851],[-76.25621,43.18182],[-76.26117,43.18021],[-76.26165,43.18054],[-76.26826,43.18583],[-76.27538,43.19229],[-76.27599,43.19312],[-76.27638,43.1942],[-76.27744,43.2005],[-76.28067,43.208],[-76.28165,43.21232],[-76.28253,43.21419],[-76.28345,43.21558],[-76.28523,43.21763],[-76.28821,43.22038],[-76.29484,43.22545],[-76.30009,43.23093],[-76.30059,43.24164],[-76.30539,43.24968],[-76.30597,43.25242],[-76.30819,43.25252],[-76.31062,43.25339],[-76.31196,43.25427],[-76.31324,43.25549],[-76.31409,43.25672],[-76.32027,43.2683],[-76.3218,43.27065],[-76.32394,43.27333],[-76.33517,43.28533],[-76.35005,43.29819],[-76.35246,43.29969],[-76.35502,43.30055],[-76.36868,43.30352],[-76.37078,43.30416],[-76.375,43.30587],[-76.37694,43.30634],[-76.37923,43.30656],[-76.38648,43.30639],[-76.38873,43.30654],[-76.3962,43.30744],[-76.39595,43.30833],[-76.39549,43.30851],[-76.3951,43.30833],[-76.39496,43.30774],[-76.39145,43.3074],[-76.39125,43.30803],[-76.39369,43.30832],[-76.39388,43.30761],[-76.39502,43.30777],[-76.3951,43.30833],[-76.39549,43.30851],[-76.39595,43.30833],[-76.3962,43.30744],[-76.39697,43.30761],[-76.39888,43.30867],[-76.40415,43.31316],[-76.40739,43.31407],[-76.41027,43.31596],[-76.41401,43.32022],[-76.41582,43.32006],[-76.41701,43.32253],[-76.41562,43.32288],[-76.41659,43.32511],[-76.41682,43.32699],[-76.4148,43.3349],[-76.41482,43.33626],[-76.41512,43.33702],[-76.41581,43.33788],[-76.41931,43.34031],[-76.42123,43.34334],[-76.4232,43.34517],[-76.42402,43.3464],[-76.42434,43.34743],[-76.42438,43.34831],[-76.42383,43.35126],[-76.42391,43.35336],[-76.42641,43.35919],[-76.42792,43.3622],[-76.4293,43.36406],[-76.46113,43.40151],[-76.47035,43.40077],[-76.47178,43.40404],[-76.474,43.41119],[-76.4753,43.41406],[-76.47629,43.41686],[-76.47663,43.41749],[-76.47826,43.41935],[-76.48064,43.42449],[-76.48097,43.42635],[-76.48235,43.43115],[-76.48211,43.43153],[-76.48536,43.43674],[-76.48749,43.43946],[-76.48965,43.44176],[-76.49555,43.44618],[-76.49687,43.44685],[-76.49953,43.44782],[-76.5006,43.44843],[-76.50274,43.45001],[-76.50401,43.45132],[-76.50494,43.45265],[-76.50769,43.45761],[-76.50456,43.45853],[-76.50527,43.45979],[-76.50627,43.45951],[-76.50556,43.45824],[-76.51908,43.45424],[-76.5395,43.45349],[-76.53955,43.45383],[-76.5404,43.45389]],"type":"LineString"},"properties":{"color":"#E0C94A","color_name":"yellow","kind":"route","label":"Osw46","long":"Oswego - Syracuse","route_id":"21861","text_color":"#000000","type_label":"Bus"},"type":"Feature"},{"geometry":{"coordinates":[[-75.45855,43.21295],[-75.45667,43.21191],[-75.45677,43.21139],[-75.45741,43.21068],[-75.46173,43.21279],[-75.4607,43.21397],[-75.47648,43.22153],[-75.47754,43.22032],[-75.48251,43.22269],[-75.4828,43.22261],[-75.48288,43.22239],[-75.48502,43.22415],[-75.48998,43.22738],[-75.50278,43.23514],[-75.50138,43.23621],[-75.50316,43.23732]],"type":"LineString"},"properties":{"color":"#ED2224","color_name":"red","kind":"route","label":"Rome2","long":"WalMart","route_id":"21865","text_color":"#FFFFFF","type_label":"Bus"},"type":"Feature"},{"geometry":{"coordinates":[[-75.45855,43.21295],[-75.4563,43.21191],[-75.45741,43.21068],[-75.46173,43.21279],[-75.4644,43.2099],[-75.46103,43.20745],[-75.45765,43.21039],[-75.45208,43.21667],[-75.45289,43.21848],[-75.45259,43.21854],[-75.45275,43.2193],[-75.45296,43.21938],[-75.45222,43.22091],[-75.44748,43.21912],[-75.43923,43.23084],[-75.43835,43.23056],[-75.43756,43.23161]],"type":"LineString"},"properties":{"color":"#38A848","color_name":"green","kind":"route","label":"Rome5","long":"Black River Blvd","route_id":"21866","text_color":"#FFFFFF","type_label":"Bus"},"type":"Feature"},{"geometry":{"coordinates":[[-75.45855,43.21295],[-75.4563,43.21191],[-75.45474,43.21364],[-75.45398,43.21324],[-75.45125,43.21281],[-75.44396,43.21598],[-75.43528,43.21789],[-75.42798,43.21866],[-75.42689,43.2191],[-75.42132,43.22236],[-75.42009,43.22265],[-75.41923,43.22251],[-75.41856,43.21838],[-75.41822,43.2174],[-75.41952,43.21534],[-75.41982,43.21373],[-75.41965,43.21334],[-75.41918,43.21301],[-75.41782,43.21309],[-75.41727,43.21221],[-75.41631,43.21254],[-75.4166,43.21327],[-75.41338,43.21374],[-75.41259,43.21421],[-75.41742,43.21691],[-75.41766,43.21729],[-75.41695,43.21789],[-75.41542,43.21825],[-75.40714,43.21826],[-75.40689,43.21957],[-75.40701,43.22467],[-75.40719,43.22511],[-75.40805,43.22525],[-75.41591,43.22518],[-75.41585,43.2227]],"type":"LineString"},"properties":{"color":"#D98C27","color_name":"orange","kind":"route","label":"Rome6","long":"MVCC - Griffiss","route_id":"21867","text_color":"#FFFFFF","type_label":"Bus"},"type":"Feature"},{"geometry":{"coordinates":[[-76.14073,43.03742],[-76.14073,43.03755],[-76.13825,43.03766],[-76.13787,43.04055],[-76.13017,43.04048],[-76.13008,43.03936],[-76.1316,43.03937],[-76.13145,43.03721]],"type":"LineString"},"properties":{"color":"#D98C27","color_name":"orange","kind":"route","label":"SU 43","long":"Waverly Ave","route_id":"21868","text_color":"#FFFFFF","type_label":"Bus"},"type":"Feature"},{"geometry":{"coordinates":[[-76.11587,43.01087],[-76.11525,43.01094],[-76.11665,43.01181],[-76.11853,43.01488],[-76.11829,43.01512],[-76.11819,43.01564],[-76.11691,43.01595],[-76.11698,43.01685],[-76.11749,43.01678],[-76.11765,43.01658],[-76.11744,43.01637],[-76.11687,43.01641],[-76.11691,43.01595],[-76.11819,43.01564],[-76.11829,43.01512],[-76.11853,43.01488],[-76.11969,43.01606],[-76.11912,43.01625],[-76.1191,43.01644],[-76.11938,43.01645],[-76.11969,43.01606],[-76.12236,43.01794],[-76.12335,43.01895],[-76.12387,43.02038],[-76.1236,43.02183],[-76.12372,43.02206],[-76.12686,43.02334],[-76.12784,43.02418],[-76.12775,43.02617],[-76.12845,43.02736],[-76.12901,43.02769],[-76.13008,43.03936],[-76.1316,43.03937],[-76.13147,43.0372]],"type":"LineString"},"properties":{"color":"#D98C27","color_name":"orange","kind":"route","label":"SU 44","long":"Skytop Rd","route_id":"21869","text_color":"#FFFFFF","type_label":"Bus"},"type":"Feature"},{"geometry":{"coordinates":[[-76.1192,43.01648],[-76.11969,43.01606],[-76.12058,43.01672],[-76.12005,43.01716],[-76.11984,43.01773],[-76.11927,43.01764],[-76.11859,43.01784],[-76.118,43.01873],[-76.11774,43.01887],[-76.11661,43.01803],[-76.1162,43.0181],[-76.11612,43.01932],[-76.1167,43.02031],[-76.11649,43.02088],[-76.11758,43.02159],[-76.12012,43.02146],[-76.12151,43.02175],[-76.12313,43.02152],[-76.12342,43.02128],[-76.12343,43.02069],[-76.12285,43.01893],[-76.1232,43.01877],[-76.12385,43.02071],[-76.1236,43.02183],[-76.12372,43.02206],[-76.12686,43.02334],[-76.12788,43.02426],[-76.12775,43.02617],[-76.12845,43.02736],[-76.12901,43.02769],[-76.13008,43.03936],[-76.1316,43.03937],[-76.13145,43.03721]],"type":"LineString"},"properties":{"color":"#D98C27","color_name":"orange","kind":"route","label":"SU244","long":"Slocum Heights","route_id":"21872","text_color":"#FFFFFF","type_label":"Bus"},"type":"Feature"},{"geometry":{"coordinates":[[-76.13656,43.04687],[-76.1243,43.04705],[-76.12069,43.04572],[-76.11968,43.04554],[-76.11839,43.03043],[-76.12256,43.03021],[-76.12317,43.03661],[-76.1298,43.03629],[-76.13008,43.03936],[-76.1316,43.03937],[-76.13145,43.03722]],"type":"LineString"},"properties":{"color":"#D98C27","color_name":"orange","kind":"route","label":"SU343","long":"Genesee St - Westcott St","route_id":"21873","text_color":"#FFFFFF","type_label":"Bus"},"type":"Feature"},{"geometry":{"coordinates":[[-76.13148,43.03722],[-76.13132,43.03625],[-76.1298,43.03629],[-76.12901,43.02769],[-76.12845,43.02736],[-76.12775,43.02617],[-76.12784,43.02418],[-76.12686,43.02334],[-76.12372,43.02206],[-76.1236,43.02183],[-76.12387,43.02038],[-76.12366,43.01955],[-76.1232,43.01877],[-76.12285,43.01893],[-76.12343,43.02069],[-76.12342,43.02128],[-76.12313,43.02152],[-76.12151,43.02175],[-76.12012,43.02146],[-76.11758,43.02159],[-76.11649,43.02088],[-76.1167,43.02031],[-76.11612,43.01932],[-76.1162,43.0181],[-76.11661,43.01803],[-76.11774,43.01887],[-76.11827,43.01851],[-76.11859,43.01784],[-76.11927,43.01764],[-76.11984,43.01773],[-76.12005,43.01716],[-76.12085,43.01646],[-76.12092,43.01613],[-76.12077,43.01522],[-76.12047,43.01485],[-76.11959,43.01453],[-76.11853,43.01488],[-76.117,43.0123],[-76.11702,43.01174],[-76.11626,43.01092],[-76.11527,43.01083],[-76.11678,43.01196],[-76.11853,43.01488],[-76.11829,43.01512],[-76.11819,43.01564],[-76.11691,43.01595],[-76.11698,43.01685],[-76.11749,43.01678],[-76.11765,43.01658],[-76.11744,43.01637],[-76.11687,43.01641],[-76.11691,43.01595],[-76.11819,43.01564],[-76.11829,43.01512],[-76.11853,43.01488],[-76.11969,43.01606],[-76.1191,43.01626],[-76.11924,43.01649]],"type":"LineString"},"properties":{"color":"#D98C27","color_name":"orange","kind":"route","label":"SU344","long":"South Campus","route_id":"21874","text_color":"#FFFFFF","type_label":"Bus"},"type":"Feature"},{"geometry":{"coordinates":[[-76.12464,43.0116],[-76.12446,43.0114],[-76.12466,43.01132],[-76.13308,43.01115],[-76.13378,43.01099],[-76.13782,43.01769],[-76.1309,43.01904],[-76.13542,43.02415],[-76.13559,43.0262],[-76.1332,43.02561],[-76.12866,43.02387],[-76.13008,43.03936],[-76.1316,43.03937],[-76.13148,43.03721]],"type":"LineString"},"properties":{"color":"#D98C27","color_name":"orange","kind":"route","label":"SU345","long":"Thurber St","route_id":"21875","text_color":"#FFFFFF","type_label":"Bus"},"type":"Feature"},{"geometry":{"coordinates":[[-76.13147,43.0372],[-76.13132,43.03625],[-76.13172,43.03613],[-76.13277,43.03637],[-76.13429,43.03629],[-76.13444,43.03544],[-76.13728,43.03545],[-76.1381,43.03589],[-76.14058,43.03578],[-76.14073,43.03755],[-76.13825,43.03766],[-76.13787,43.04055],[-76.13772,43.0485],[-76.13993,43.04852],[-76.13991,43.04944],[-76.14214,43.04947],[-76.14216,43.04855],[-76.15553,43.04871],[-76.15552,43.04963],[-76.15841,43.04952],[-76.15812,43.04923],[-76.15763,43.04927],[-76.15751,43.04956],[-76.15552,43.04963],[-76.15553,43.04871],[-76.15884,43.04874],[-76.16084,43.04827],[-76.15891,43.04393],[-76.15887,43.04343],[-76.16406,43.04317],[-76.16413,43.04374],[-76.16565,43.04711],[-76.16084,43.04827]],"type":"LineString"},"properties":{"color":"#D98C27","color_name":"orange","kind":"route","label":"SU443","long":"Connective Corridor","route_id":"21876","text_color":"#FFFFFF","type_label":"Bus"},"type":"Feature"},{"geometry":{"coordinates":[[-76.12467,43.0224],[-76.12338,43.0218],[-76.11762,43.02211],[-76.11758,43.02159],[-76.12012,43.02146],[-76.12151,43.02175],[-76.12328,43.02145],[-76.12343,43.02069],[-76.12285,43.01893],[-76.1232,43.01877],[-76.12366,43.01955],[-76.12387,43.02038],[-76.1236,43.02183],[-76.12372,43.02206],[-76.12686,43.02334],[-76.12788,43.02426],[-76.12775,43.02617],[-76.12845,43.02736],[-76.12901,43.02769],[-76.13008,43.03936],[-76.1316,43.03937],[-76.13148,43.03726]],"type":"LineString"},"properties":{"color":"#D98C27","color_name":"orange","kind":"route","label":"SU444","long":"Small Road","route_id":"21877","text_color":"#FFFFFF","type_label":"Bus"},"type":"Feature"},{"geometry":{"coordinates":[[-76.15116,43.04383],[-76.15118,43.04306],[-76.15087,43.04299],[-76.15087,43.04278],[-76.15154,43.04277],[-76.14982,43.0379],[-76.14922,43.03389],[-76.14125,43.01677],[-76.14114,43.01503],[-76.14167,43.0137],[-76.14236,43.00975],[-76.13984,43.00988],[-76.13978,43.00937],[-76.13944,43.00899],[-76.13933,43.00815],[-76.13898,43.00784],[-76.13886,43.00742],[-76.13869,43.00559],[-76.14317,43.0054],[-76.14271,43.0007],[-76.14431,42.9894],[-76.14365,42.98537],[-76.14159,42.97734],[-76.14096,42.97191],[-76.14059,42.97183],[-76.14094,42.97167]],"type":"LineString"},"properties":{"color":"#38A848","color_name":"green","kind":"route","label":"Sy 10","long":"South Salina St - Nedrow","route_id":"21878","text_color":"#FFFFFF","type_label":"Bus"},"type":"Feature"},{"geometry":{"coordinates":[[-76.15143,43.04311],[-76.15169,43.04383],[-76.15203,43.04383],[-76.15228,43.04458],[-76.15203,43.05913],[-76.15594,43.06405],[-76.15903,43.06732],[-76.15552,43.07202],[-76.16348,43.07521],[-76.16505,43.07658],[-76.16614,43.07582],[-76.16794,43.07618],[-76.16858,43.07606],[-76.16929,43.07566],[-76.16954,43.07598],[-76.16926,43.07652],[-76.16968,43.0767],[-76.16935,43.07637],[-76.16954,43.07598],[-76.16929,43.07566],[-76.17268,43.07361],[-76.17374,43.07235],[-76.17182,43.07212],[-76.17201,43.07113],[-76.17173,43.07084],[-76.17074,43.07073],[-76.17043,43.07095],[-76.17119,43.07182],[-76.17159,43.07288],[-76.1723,43.0737],[-76.17225,43.07391],[-76.17095,43.07467],[-76.17413,43.07722],[-76.17651,43.07847],[-76.17702,43.07899],[-76.17681,43.08304],[-76.17404,43.0884],[-76.17161,43.09242],[-76.17986,43.09812],[-76.18199,43.09939],[-76.18758,43.10146],[-76.19621,43.09496],[-76.19845,43.09933],[-76.20012,43.10076],[-76.20075,43.10105],[-76.20268,43.10144],[-76.20544,43.1015],[-76.20696,43.10177],[-76.2061,43.10334],[-76.20333,43.10604],[-76.19536,43.11178],[-76.19201,43.11558],[-76.19127,43.11606],[-76.18621,43.11827],[-76.18549,43.118],[-76.18514,43.11505],[-76.18371,43.10895],[-76.18406,43.10786],[-76.18502,43.10609]],"type":"LineString"},"properties":{"color":"#7E3092","color_name":"purple","kind":"route","label":"Sy 16","long":"North Salina St - Buckley Rd","route_id":"21879","text_color":"#FFFFFF","type_label":"Bus"},"type":"Feature"},{"geometry":{"coordinates":[[-76.10486,43.1245],[-76.10465,43.12186],[-76.09654,43.12142],[-76.09169,43.12162],[-76.09112,43.12188],[-76.09039,43.123],[-76.09078,43.1255],[-76.08406,43.12729],[-76.0811,43.1279],[-76.07577,43.12791],[-76.07354,43.12763],[-76.07309,43.12183],[-76.0738,43.12045],[-76.07234,43.10175],[-76.07496,43.10094],[-76.07636,43.1003],[-76.07761,43.09933],[-76.07855,43.09804],[-76.07913,43.09847],[-76.07935,43.10011],[-76.11723,43.09841],[-76.11646,43.08967],[-76.116,43.08908],[-76.11485,43.0884],[-76.11483,43.08721],[-76.11395,43.08639],[-76.1138,43.08591],[-76.11464,43.08392],[-76.1158,43.08268],[-76.11661,43.08215],[-76.11831,43.08171],[-76.12115,43.082],[-76.12114,43.08184],[-76.11812,43.08124],[-76.11166,43.0804],[-76.11024,43.07978],[-76.10653,43.07749],[-76.10597,43.07672],[-76.10577,43.07607],[-76.10529,43.0689],[-76.11544,43.06841],[-76.11615,43.06821],[-76.14837,43.05242],[-76.14903,43.05324],[-76.15065,43.05243],[-76.15216,43.05238],[-76.15226,43.04433],[-76.15326,43.04364],[-76.15279,43.04252],[-76.15154,43.04277],[-76.15172,43.04319]],"type":"LineString"},"properties":{"color":"#E0C94A","color_name":"yellow","kind":"route","label":"Sy 20","long":"James St","route_id":"21880","text_color":"#000000","type_label":"Bus"},"type":"Feature"},{"geometry":{"coordinates":[[-76.15118,43.04324],[-76.15087,43.04278],[-76.15343,43.04239],[-76.15468,43.04258],[-76.15919,43.03927],[-76.15884,43.03348],[-76.16478,43.03322],[-76.16455,43.03048],[-76.16375,43.02872],[-76.16195,43.02599],[-76.1593,43.02465],[-76.1593,43.02118],[-76.16102,43.0188],[-76.16676,43.01219],[-76.17062,43.00976],[-76.17026,43.00855],[-76.17029,43.007],[-76.16716,43.00732],[-76.16712,43.00764],[-76.16832,43.00768],[-76.16816,43.0066],[-76.16884,43.00594],[-76.16795,43.0057],[-76.16558,43.00616],[-76.16487,43.00756],[-76.16419,43.00756],[-76.16361,43.00846],[-76.16385,43.00966],[-76.1645,43.00985],[-76.16504,43.01058],[-76.16533,43.01046],[-76.16493,43.00986],[-76.16414,43.00986],[-76.16385,43.00966],[-76.16361,43.00846],[-76.16419,43.00756],[-76.16487,43.00756],[-76.16558,43.00616],[-76.16795,43.0057],[-76.16884,43.00594],[-76.16908,43.00539],[-76.17172,43.0053],[-76.17884,43.00568],[-76.18067,43.00647],[-76.19051,43.0095],[-76.19352,43.01006],[-76.19376,43.0097],[-76.19488,43.00935],[-76.19541,43.00883],[-76.19409,43.00769],[-76.19254,43.00685],[-76.19244,43.00628],[-76.19286,43.00558],[-76.19421,43.00485],[-76.19836,43.00455],[-76.19879,43.00432],[-76.19917,43.00359],[-76.19958,43.00325],[-76.20052,43.00306],[-76.20116,43.00318],[-76.20166,43.00354],[-76.20185,43.00401],[-76.20191,43.005],[-76.20167,43.00668],[-76.20209,43.00813],[-76.20141,43.00867],[-76.20113,43.00926],[-76.19964,43.00975],[-76.1996,43.01038],[-76.19977,43.01059],[-76.19965,43.01091],[-76.19999,43.01137],[-76.19996,43.01161],[-76.20256,43.0123],[-76.20258,43.01421],[-76.2023,43.01436],[-76.20038,43.01438],[-76.19702,43.01489],[-76.19724,43.0195],[-76.19694,43.01982],[-76.19585,43.02023],[-76.1947,43.02132],[-76.19346,43.02157],[-76.19274,43.02115],[-76.19272,43.02053],[-76.19346,43.01893]],"type":"LineString"},"properties":{"color":"#CD8ABB","color_name":"pink","kind":"route","label":"Sy 26","long":"South Ave","route_id":"21881","text_color":"#FFFFFF","type_label":"Bus"},"type":"Feature"},{"geometry":{"coordinates":[[-76.05035,43.03206],[-76.05117,43.03203],[-76.05115,43.03174],[-76.05219,43.03166],[-76.05284,43.03133],[-76.05724,43.03294],[-76.06433,43.03459],[-76.07499,43.03669],[-76.07702,43.03748],[-76.08304,43.04071],[-76.08787,43.04197],[-76.09355,43.04292],[-76.09838,43.04281],[-76.10318,43.04226],[-76.10456,43.04231],[-76.11246,43.04492],[-76.11689,43.04553],[-76.11968,43.04554],[-76.11893,43.03682],[-76.13122,43.03622],[-76.13142,43.03676],[-76.1316,43.03937],[-76.13008,43.03936],[-76.13017,43.04048],[-76.13787,43.04055],[-76.13772,43.0485],[-76.13993,43.04852],[-76.13991,43.04944],[-76.1522,43.0496],[-76.15226,43.04433],[-76.15326,43.04364],[-76.15279,43.04252],[-76.15154,43.04277],[-76.15172,43.04319]],"type":"LineString"},"properties":{"color":"#ED2224","color_name":"red","kind":"route","label":"Sy 30","long":"Westcott St - SU","route_id":"21882","text_color":"#FFFFFF","type_label":"Bus"},"type":"Feature"},{"geometry":{"coordinates":[[-76.15086,43.04367],[-76.15087,43.04278],[-76.14754,43.04275],[-76.14739,43.04952],[-76.15552,43.04963],[-76.15548,43.05096],[-76.15607,43.05095],[-76.15834,43.05057],[-76.16783,43.04834],[-76.17083,43.04812],[-76.17055,43.05367],[-76.1737,43.05375],[-76.1825,43.05207],[-76.18811,43.05242],[-76.19526,43.04964],[-76.19776,43.04773],[-76.19912,43.04731],[-76.2031,43.047],[-76.20638,43.04725],[-76.21561,43.04684],[-76.22062,43.0474],[-76.2252,43.04837],[-76.22825,43.04854],[-76.23274,43.04821],[-76.23393,43.04801],[-76.23377,43.04753],[-76.23476,43.04736],[-76.23465,43.04694],[-76.23309,43.04722],[-76.23324,43.04763],[-76.23362,43.04756],[-76.23379,43.04803],[-76.24052,43.04659],[-76.24565,43.04537],[-76.25511,43.04203],[-76.25685,43.04182],[-76.27204,43.04115],[-76.2719,43.03961],[-76.27159,43.03963],[-76.27149,43.03854],[-76.27074,43.03858],[-76.27085,43.03966],[-76.27176,43.03962],[-76.2719,43.04116],[-76.28456,43.04061],[-76.29522,43.03976],[-76.2974,43.04024],[-76.29842,43.04028],[-76.30039,43.03967],[-76.30226,43.03825],[-76.30307,43.03835],[-76.30428,43.03915],[-76.31043,43.03889],[-76.3122,43.03816],[-76.31247,43.03822],[-76.31237,43.03808],[-76.31153,43.03847]],"type":"LineString"},"properties":{"color":"#CD8ABB","color_name":"pink","kind":"route","label":"Sy 36","long":"Camillus","route_id":"21883","text_color":"#FFFFFF","type_label":"Bus"},"type":"Feature"},{"geometry":{"coordinates":[[-76.15118,43.04306],[-76.15087,43.04299],[-76.15087,43.04278],[-76.14055,43.04269],[-76.14053,43.04427],[-76.13782,43.04423],[-76.13787,43.04055],[-76.13017,43.04048],[-76.13008,43.03936],[-76.1316,43.03937],[-76.13147,43.03721],[-76.13132,43.03625],[-76.1298,43.03629],[-76.12866,43.02387],[-76.1332,43.02561],[-76.13559,43.0262],[-76.13542,43.02415],[-76.1309,43.01904],[-76.13782,43.01769],[-76.13291,43.00949],[-76.13512,43.00935],[-76.13616,43.00906],[-76.13529,43.0071],[-76.13586,43.00507],[-76.13567,43.00507],[-76.13563,43.00601],[-76.13535,43.00651],[-76.13529,43.0071],[-76.13616,43.00906],[-76.13512,43.00935],[-76.13291,43.00949],[-76.13108,43.00508],[-76.12964,43.0025],[-76.12924,43.00126],[-76.13022,43.00069],[-76.1311,42.99863],[-76.1308,42.99588],[-76.13035,42.99589],[-76.13053,42.99687],[-76.13075,42.99687],[-76.13078,42.99712],[-76.13051,42.99743],[-76.13093,42.99787],[-76.13071,42.99893],[-76.13016,42.99923],[-76.12927,42.99902],[-76.12857,42.9994],[-76.12787,42.999],[-76.12742,42.99901],[-76.12731,42.99917],[-76.1284,42.99938],[-76.12811,43.00019],[-76.12172,42.99855],[-76.11842,42.99796],[-76.11877,42.99702],[-76.12001,42.99586],[-76.12007,42.99529],[-76.11975,42.99529],[-76.11974,42.99552]],"type":"LineString"},"properties":{"color":"#917164","color_name":"gray","kind":"route","label":"Sy 40","long":"Drumlins - Nob Hill","route_id":"21884","text_color":"#FFFFFF","type_label":"Bus"},"type":"Feature"},{"geometry":{"coordinates":[[-76.15086,43.04351],[-76.15087,43.04278],[-76.14754,43.04275],[-76.14739,43.04952],[-76.15552,43.04963],[-76.15544,43.05131],[-76.1549,43.05241],[-76.1548,43.05452],[-76.15287,43.05745],[-76.15447,43.059],[-76.15588,43.06089],[-76.15803,43.06252],[-76.16044,43.06496],[-76.16546,43.06727],[-76.16769,43.06945],[-76.16929,43.07219],[-76.17304,43.07538],[-76.17499,43.07729],[-76.17693,43.07858],[-76.1782,43.08031],[-76.19569,43.09436],[-76.19639,43.09524],[-76.19823,43.09898],[-76.19872,43.09963],[-76.20032,43.10088],[-76.20275,43.10148],[-76.20807,43.10452],[-76.2118,43.11203],[-76.22015,43.13165],[-76.22083,43.13265],[-76.2217,43.13348],[-76.22237,43.13308],[-76.22418,43.13455],[-76.22344,43.13498],[-76.22514,43.13651],[-76.22689,43.13902],[-76.23007,43.14612],[-76.2303,43.14749],[-76.22996,43.14891],[-76.22908,43.15161],[-76.22728,43.15521],[-76.22737,43.15662],[-76.22807,43.15785],[-76.24405,43.17055],[-76.2449,43.17032],[-76.25239,43.17004],[-76.25233,43.17108],[-76.25699,43.1709],[-76.2595,43.17075],[-76.25943,43.16967],[-76.2449,43.17032],[-76.24405,43.17055],[-76.23551,43.16371],[-76.23266,43.16563],[-76.22692,43.17034],[-76.22623,43.17123],[-76.22607,43.17209],[-76.22661,43.1793],[-76.22699,43.18027],[-76.22769,43.18095],[-76.23204,43.18368],[-76.23268,43.18448],[-76.23293,43.18554],[-76.2429,43.18523],[-76.24299,43.18659],[-76.24373,43.18762],[-76.24412,43.19017],[-76.2391,43.1902],[-76.23888,43.18781]],"type":"LineString"},"properties":{"color":"#E0C94A","color_name":"yellow","kind":"route","label":"Sy 46","long":"Liverpool - Route 57","route_id":"21885","text_color":"#000000","type_label":"Bus"},"type":"Feature"},{"geometry":{"coordinates":[[-76.15086,43.04351],[-76.15087,43.04278],[-76.14754,43.04275],[-76.14739,43.04952],[-76.15552,43.04963],[-76.15544,43.05131],[-76.1549,43.05241],[-76.1548,43.05452],[-76.15287,43.05745],[-76.15447,43.059],[-76.15588,43.06089],[-76.15803,43.06252],[-76.16023,43.06482],[-76.16469,43.06679],[-76.16661,43.06826],[-76.1679,43.06973],[-76.16868,43.07127],[-76.16881,43.07213],[-76.16835,43.0727],[-76.17095,43.07467],[-76.17268,43.07361],[-76.17374,43.07235],[-76.17182,43.07212],[-76.17201,43.07113],[-76.17182,43.07088],[-76.17016,43.07081],[-76.17119,43.07182],[-76.17159,43.07288],[-76.1723,43.0737],[-76.17225,43.07391],[-76.17095,43.07467],[-76.17358,43.07673],[-76.1762,43.07776],[-76.17701,43.07852],[-76.1782,43.08031],[-76.19569,43.09436],[-76.19639,43.09524],[-76.19837,43.09921],[-76.19929,43.10009],[-76.20032,43.10088],[-76.20101,43.10112],[-76.20268,43.10144],[-76.20544,43.1015],[-76.20696,43.10177],[-76.2061,43.10334],[-76.20333,43.10604],[-76.19733,43.11029],[-76.20396,43.11493],[-76.20497,43.11538],[-76.20544,43.12394],[-76.20662,43.12387],[-76.20648,43.12124],[-76.20579,43.12127],[-76.20599,43.1239],[-76.20544,43.12394],[-76.20592,43.13106],[-76.20702,43.13102]],"type":"LineString"},"properties":{"color":"#8AC767","color_name":"gray","kind":"route","label":"Sy 48","long":"Liverpool - Morgan Rd","route_id":"21886","text_color":"#FFFFFF","type_label":"Bus"},"type":"Feature"},{"geometry":{"coordinates":[[-76.15117,43.04342],[-76.15118,43.04306],[-76.15087,43.04299],[-76.15087,43.04278],[-76.14754,43.04275],[-76.14739,43.04952],[-76.15552,43.04963],[-76.15544,43.05131],[-76.1549,43.05241],[-76.1548,43.05452],[-76.15289,43.05753],[-76.15414,43.05863],[-76.1561,43.06111],[-76.15803,43.06252],[-76.15992,43.06458],[-76.16121,43.06538],[-76.16469,43.06679],[-76.16661,43.06826],[-76.1679,43.06973],[-76.16868,43.07127],[-76.16881,43.07213],[-76.16835,43.0727],[-76.17095,43.07467],[-76.17268,43.07361],[-76.17374,43.07235],[-76.17182,43.07212],[-76.17191,43.07095],[-76.17074,43.07073],[-76.1705,43.07083],[-76.17042,43.07105],[-76.17119,43.07182],[-76.17159,43.07288],[-76.1723,43.07377],[-76.16929,43.07566],[-76.16954,43.07598],[-76.16926,43.07635],[-76.16935,43.07659]],"type":"LineString"},"properties":{"color":"#38A848","color_name":"green","kind":"route","label":"Sy 50","long":"Destiny USA","route_id":"21887","text_color":"#FFFFFF","type_label":"Bus"},"type":"Feature"},{"geometry":{"coordinates":[[-76.11688,43.0962],[-76.11703,43.09621],[-76.11723,43.09841],[-76.11319,43.09853],[-76.11298,43.09604],[-76.11276,43.09584],[-76.11268,43.09516],[-76.1114,43.09351],[-76.11031,43.09341],[-76.11016,43.09356],[-76.11031,43.09728],[-76.11016,43.09866],[-76.07935,43.10011],[-76.07928,43.09958],[-76.08109,43.09892],[-76.08282,43.09589],[-76.08438,43.09623],[-76.08513,43.0951],[-76.08546,43.09492],[-76.08837,43.09603],[-76.08867,43.09709],[-76.09585,43.09609],[-76.09548,43.09515],[-76.09272,43.09059],[-76.09315,43.09054],[-76.09456,43.0914],[-76.09641,43.09019],[-76.10442,43.09008],[-76.10417,43.08799],[-76.09917,43.0835],[-76.10239,43.08183],[-76.10955,43.08148],[-76.1137,43.08394],[-76.11385,43.08447],[-76.11316,43.0852],[-76.11327,43.08548],[-76.11355,43.08559],[-76.11398,43.08539],[-76.11464,43.08392],[-76.11595,43.08255],[-76.11719,43.08191],[-76.11831,43.08171],[-76.12115,43.082],[-76.12336,43.08269],[-76.1295,43.08327],[-76.13213,43.08394],[-76.13529,43.08413],[-76.13728,43.08338],[-76.1491,43.07688],[-76.15318,43.07513],[-76.16037,43.06552],[-76.16045,43.06435],[-76.15967,43.06375],[-76.15836,43.06203],[-76.15616,43.06068],[-76.15461,43.05882],[-76.15391,43.05738],[-76.15327,43.05528],[-76.15213,43.05383],[-76.15228,43.04458],[-76.15203,43.04383],[-76.15169,43.04383],[-76.15151,43.04335]],"type":"LineString"},"properties":{"color":"#CD8ABB","color_name":"pink","kind":"route","label":"Sy 52","long":"Court St","route_id":"21888","text_color":"#FFFFFF","type_label":"Bus"},"type":"Feature"},{"geometry":{"coordinates":[[-76.14112,43.0085],[-76.14217,43.00907],[-76.14227,43.00881],[-76.14257,43.00884],[-76.14236,43.00975],[-76.13984,43.00988],[-76.13978,43.00937],[-76.13944,43.00899],[-76.13927,43.00799],[-76.13891,43.00768],[-76.13869,43.00559],[-76.14317,43.0054],[-76.14271,43.0007],[-76.15315,43.00206],[-76.15323,43.00315],[-76.15726,43.01094],[-76.15526,43.01114],[-76.15066,43.01037],[-76.14769,43.01053],[-76.14829,43.01738],[-76.15284,43.02936],[-76.15449,43.03283],[-76.15565,43.03372],[-76.15588,43.03634],[-76.14958,43.03634],[-76.14982,43.0379],[-76.15162,43.04296],[-76.15143,43.0432]],"type":"LineString"},"properties":{"color":"#3C62AE","color_name":"blue","kind":"route","label":"Sy 54","long":"Midland Ave - Valley Dr","route_id":"21889","text_color":"#FFFFFF","type_label":"Bus"},"type":"Feature"},{"geometry":{"coordinates":[[-76.08008,43.08888],[-76.07995,43.08816],[-76.07828,43.08676],[-76.0781,43.08502],[-76.07706,43.08429],[-76.0744,43.0844],[-76.07354,43.08415],[-76.0702,43.08441],[-76.06951,43.08427],[-76.06941,43.08284],[-76.0682,43.0829],[-76.06813,43.08189],[-76.06845,43.08049],[-76.06943,43.07925],[-76.0646,43.07641],[-76.05893,43.07675],[-76.05282,43.07771],[-76.04716,43.07804],[-76.04251,43.07919],[-76.04433,43.08056],[-76.04859,43.08178],[-76.04906,43.08064],[-76.04887,43.07793],[-76.05332,43.07765],[-76.05893,43.07675],[-76.06404,43.07652],[-76.06716,43.07583],[-76.08512,43.07493],[-76.08602,43.07448],[-76.0885,43.07258],[-76.08927,43.07237],[-76.09075,43.06909],[-76.09069,43.06839],[-76.09022,43.06717],[-76.0864,43.06224],[-76.08657,43.06187],[-76.09454,43.06073],[-76.1085,43.05754],[-76.11352,43.0566],[-76.12996,43.05208],[-76.13257,43.05213],[-76.13484,43.05335],[-76.1364,43.05324],[-76.13646,43.05072],[-76.13992,43.05077],[-76.13991,43.04944],[-76.1522,43.0496],[-76.15226,43.04433],[-76.15326,43.04364],[-76.15279,43.04252],[-76.15154,43.04277],[-76.15195,43.04366]],"type":"LineString"},"properties":{"color":"#917164","color_name":"gray","kind":"route","label":"Sy 58","long":"Park Hill","route_id":"21890","text_color":"#FFFFFF","type_label":"Bus"},"type":"Feature"},{"geometry":{"coordinates":[[-75.9854,42.99722],[-75.98569,42.99763],[-75.98176,42.99913],[-75.98097,42.99972],[-75.98007,43.00082],[-75.97926,43.00122],[-75.98447,43.00592],[-75.98519,43.00535],[-75.98609,43.00507],[-75.98658,43.00571],[-75.98699,43.00568],[-75.98699,43.00552],[-75.98643,43.00554],[-75.98609,43.00507],[-75.98519,43.00535],[-75.98447,43.00592],[-75.98705,43.00955],[-75.98936,43.01134],[-75.9946,43.01601],[-76.00412,43.02905],[-76.00452,43.02998],[-76.0086,43.02938],[-76.01683,43.02926],[-76.01748,43.03942],[-76.01907,43.03945],[-76.02014,43.03999],[-76.02099,43.0401],[-76.02219,43.04004],[-76.02236,43.03933],[-76.02222,43.03853],[-76.02102,43.03867],[-76.02108,43.04],[-76.02011,43.03988],[-76.01909,43.03937],[-76.01748,43.03942],[-76.01683,43.02926],[-76.0215,43.02908],[-76.02137,43.02992],[-76.02043,43.03],[-76.01844,43.03006],[-76.01831,43.0292],[-76.04439,43.02813],[-76.05093,43.03058],[-76.05062,43.03111],[-76.05063,43.03176],[-76.05018,43.03178],[-76.05019,43.03207],[-76.05117,43.03203],[-76.05115,43.03174],[-76.05219,43.03166],[-76.05284,43.03133],[-76.05489,43.03214],[-76.0558,43.0327],[-76.05623,43.03342],[-76.0564,43.03671],[-76.0561,43.03731],[-76.05272,43.0413],[-76.05173,43.04291],[-76.05116,43.04471],[-76.04989,43.05116],[-76.05024,43.05292],[-76.05118,43.05436],[-76.05262,43.05548],[-76.05438,43.05624],[-76.05606,43.05657],[-76.08406,43.05852],[-76.09091,43.05962],[-76.09516,43.05953],[-76.10826,43.05699],[-76.11181,43.05581],[-76.12073,43.05373],[-76.12806,43.05171],[-76.13478,43.05155],[-76.14129,43.05182],[-76.14557,43.05179],[-76.14559,43.04952],[-76.1522,43.0496],[-76.15226,43.04433],[-76.15326,43.04364],[-76.15279,43.04252],[-76.15154,43.04277],[-76.15178,43.04333]],"type":"LineString"},"properties":{"color":"#3C62AE","color_name":"blue","kind":"route","label":"Sy 62","long":"Manlius","route_id":"21891","text_color":"#FFFFFF","type_label":"Bus"},"type":"Feature"},{"geometry":{"coordinates":[[-76.15143,43.0432],[-76.15162,43.04296],[-76.15154,43.04277],[-76.15357,43.04238],[-76.15489,43.04268],[-76.1577,43.04257],[-76.15788,43.04347],[-76.16406,43.04317],[-76.1638,43.04025],[-76.1683,43.0369],[-76.16866,43.03704],[-76.16998,43.03511],[-76.16996,43.03413],[-76.18886,43.03343],[-76.1918,43.03296],[-76.19211,43.03372],[-76.19056,43.03395],[-76.19046,43.03461],[-76.19287,43.03481],[-76.19269,43.03269],[-76.20767,43.02667],[-76.20947,43.02637],[-76.21612,43.02681],[-76.21747,43.02735],[-76.22171,43.0301],[-76.2229,43.03034],[-76.22715,43.03026],[-76.22881,43.03147],[-76.23031,43.03329],[-76.23092,43.03556],[-76.23148,43.0367],[-76.23634,43.0436],[-76.23768,43.04519],[-76.23957,43.04855],[-76.24117,43.05086],[-76.23721,43.05282],[-76.22965,43.05805]],"type":"LineString"},"properties":{"color":"#8AC767","color_name":"gray","kind":"route","label":"Sy 64","long":"Western Lights","route_id":"21892","text_color":"#FFFFFF","type_label":"Bus"},"type":"Feature"},{"geometry":{"coordinates":[[-76.06005,43.06144],[-76.05917,43.06145],[-76.05931,43.06248],[-76.05978,43.06258],[-76.05985,43.06282],[-76.0591,43.06287],[-76.0593,43.06346],[-76.0607,43.06342],[-76.06373,43.06269],[-76.06531,43.06187],[-76.06641,43.06094],[-76.06689,43.06023],[-76.06714,43.05927],[-76.06682,43.05542],[-76.06715,43.05448],[-76.07025,43.0515],[-76.07079,43.0503],[-76.07131,43.04974],[-76.07526,43.05403],[-76.07729,43.0551],[-76.08095,43.0557],[-76.0885,43.05547],[-76.09354,43.05505],[-76.11008,43.05301],[-76.1151,43.05135],[-76.11476,43.04822],[-76.13993,43.04852],[-76.13991,43.04944],[-76.1522,43.0496],[-76.15226,43.04433],[-76.15154,43.04277],[-76.14754,43.04275],[-76.14752,43.04429],[-76.15086,43.04431],[-76.15086,43.04361]],"type":"LineString"},"properties":{"color":"#8AC767","color_name":"gray","kind":"route","label":"Sy 68","long":"East Fayette St - Erie Blvd","route_id":"21893","text_color":"#FFFFFF","type_label":"Bus"},"type":"Feature"},{"geometry":{"coordinates":[[-76.14157,43.0385],[-76.14104,43.03862],[-76.14098,43.03918],[-76.14141,43.03955],[-76.14562,43.03938],[-76.14554,43.03832],[-76.14737,43.03824],[-76.14756,43.04059],[-76.14917,43.0406],[-76.15058,43.04034],[-76.15178,43.04333]],"type":"LineString"},"properties":{"color":"#7E3092","color_name":"purple","kind":"route","label":"Sy 72","long":"Townsend St - East Colvin St","route_id":"21894","text_color":"#FFFFFF","type_label":"Bus"},"type":"Feature"},{"geometry":{"coordinates":[[-76.26956,43.05761],[-76.26933,43.05703],[-76.27013,43.05686],[-76.26968,43.05557],[-76.26983,43.05511],[-76.26591,43.05531],[-76.2655,43.05241],[-76.24314,43.05207],[-76.24214,43.05173],[-76.24133,43.0508],[-76.23721,43.05282],[-76.2257,43.06072],[-76.22329,43.06148],[-76.21873,43.062],[-76.21856,43.05972],[-76.21282,43.06028],[-76.21252,43.05945],[-76.21042,43.05795],[-76.20531,43.05814],[-76.20385,43.05744],[-76.20174,43.05593],[-76.19974,43.05602],[-76.1978,43.05675],[-76.18955,43.04505],[-76.18018,43.04857],[-76.17508,43.04355],[-76.17398,43.0423],[-76.17393,43.0418],[-76.17164,43.04192],[-76.17128,43.04284],[-76.15819,43.04346],[-76.15788,43.04226],[-76.15735,43.04168],[-76.15574,43.04255],[-76.15343,43.04239],[-76.15154,43.04277],[-76.15203,43.04383],[-76.15116,43.04383],[-76.15118,43.04324]],"type":"LineString"},"properties":{"color":"#82D3F2","color_name":"white","kind":"route","label":"Sy 74","long":"Solvay","route_id":"21895","text_color":"#000000","type_label":"Bus"},"type":"Feature"},{"geometry":{"coordinates":[[-76.06007,43.06144],[-76.05917,43.06145],[-76.05936,43.06253],[-76.06091,43.06245],[-76.06096,43.06269],[-76.06158,43.0626],[-76.06184,43.06323],[-76.06271,43.06305],[-76.06449,43.06235],[-76.06568,43.0616],[-76.0667,43.06058],[-76.0671,43.05963],[-76.06687,43.05517],[-76.06715,43.05448],[-76.06848,43.05319],[-76.06807,43.05302],[-76.06568,43.05314],[-76.06349,43.05359],[-76.06214,43.05341],[-76.06115,43.05266],[-76.05986,43.04962],[-76.05984,43.04893],[-76.0602,43.04845],[-76.06322,43.0478],[-76.06376,43.04742],[-76.06379,43.04701],[-76.06343,43.04604],[-76.06376,43.04537],[-76.06371,43.04405],[-76.06407,43.0434],[-76.06409,43.04291],[-76.06866,43.04261],[-76.07052,43.04395],[-76.07286,43.04485],[-76.07479,43.04628],[-76.08059,43.05174],[-76.08078,43.05174],[-76.09059,43.05122],[-76.09235,43.04939],[-76.09368,43.0495],[-76.1037,43.04893],[-76.10346,43.04627],[-76.11235,43.04488],[-76.11644,43.04549],[-76.12025,43.04561],[-76.1243,43.04705],[-76.13638,43.04687],[-76.13899,43.04708],[-76.14017,43.04736],[-76.14404,43.04752],[-76.14564,43.04805],[-76.14559,43.04952],[-76.1522,43.0496],[-76.15226,43.04433],[-76.15203,43.04383],[-76.15149,43.04383]],"type":"LineString"},"properties":{"color":"#82D3F2","color_name":"white","kind":"route","label":"Sy 76","long":"Salt Springs Rd","route_id":"21896","text_color":"#000000","type_label":"Bus"},"type":"Feature"},{"geometry":{"coordinates":[[-76.11498,43.07568],[-76.11479,43.07375],[-76.11388,43.0738],[-76.11351,43.06984],[-76.11446,43.06968],[-76.11528,43.06869],[-76.12173,43.07158],[-76.12114,43.07236],[-76.12116,43.073],[-76.11959,43.07305],[-76.11964,43.07361],[-76.12258,43.0735],[-76.12256,43.07297],[-76.12116,43.073],[-76.12114,43.07236],[-76.12173,43.07158],[-76.125,43.07297],[-76.14195,43.07215],[-76.14257,43.07249],[-76.14329,43.07024],[-76.14335,43.0639],[-76.14399,43.06289],[-76.13608,43.06325],[-76.13587,43.06071],[-76.13455,43.0592],[-76.14837,43.05242],[-76.14903,43.05324],[-76.15065,43.05243],[-76.15216,43.05238],[-76.15226,43.04433],[-76.15203,43.04383],[-76.15169,43.04383],[-76.15144,43.04321]],"type":"LineString"},"properties":{"color":"#38A848","color_name":"green","kind":"route","label":"Sy 80","long":"Grant Blvd","route_id":"21897","text_color":"#FFFFFF","type_label":"Bus"},"type":"Feature"},{"geometry":{"coordinates":[[-76.31901,43.17459],[-76.31373,43.17482],[-76.31252,43.17546],[-76.31206,43.17641],[-76.31222,43.17906],[-76.31514,43.17891],[-76.31694,43.17792],[-76.32137,43.1777],[-76.32019,43.16285],[-76.33459,43.16226],[-76.33296,43.15973],[-76.33218,43.15642],[-76.32967,43.15241],[-76.35045,43.15155],[-76.35077,43.15391],[-76.35265,43.15386],[-76.35247,43.15146],[-76.32967,43.15241],[-76.32759,43.14906],[-76.32555,43.14487],[-76.32481,43.14411],[-76.32383,43.14366],[-76.32142,43.1432],[-76.31106,43.14044],[-76.30968,43.13981],[-76.31049,43.13889],[-76.31066,43.13806],[-76.31172,43.13659],[-76.31423,43.13613],[-76.31627,43.13431],[-76.31642,43.13382],[-76.3163,43.13187],[-76.3165,43.13151],[-76.31631,43.13132],[-76.31418,43.13152],[-76.31302,43.13109],[-76.31123,43.13214],[-76.30973,43.13251],[-76.30923,43.13304],[-76.30704,43.13226],[-76.30406,43.13238],[-76.30111,43.13406],[-76.29214,43.12578],[-76.2851,43.12016],[-76.28362,43.1194],[-76.27082,43.11449],[-76.27036,43.11408],[-76.26986,43.11284],[-76.26952,43.11258],[-76.26608,43.11178],[-76.25532,43.1071],[-76.25137,43.10622],[-76.251,43.10582],[-76.25104,43.10532],[-76.25221,43.10462],[-76.25335,43.10619],[-76.2544,43.10886],[-76.25541,43.11018],[-76.25405,43.11063],[-76.25128,43.11197],[-76.25077,43.11241],[-76.25169,43.11298],[-76.25203,43.11301],[-76.25379,43.11237],[-76.25385,43.1121],[-76.25296,43.11113],[-76.25541,43.11018],[-76.2544,43.10886],[-76.25314,43.1058],[-76.23635,43.08553],[-76.23489,43.08441],[-76.22459,43.07995],[-76.21483,43.07351],[-76.21335,43.07298],[-76.20656,43.07155],[-76.20411,43.07068],[-76.20182,43.06923],[-76.19861,43.06635],[-76.19637,43.06499],[-76.18648,43.05979],[-76.17924,43.05687],[-76.17759,43.05635],[-76.17572,43.05603],[-76.16678,43.05572],[-76.16288,43.05527],[-76.15936,43.05454],[-76.1587,43.05406],[-76.15851,43.0533],[-76.15908,43.05009],[-76.15927,43.04962],[-76.15964,43.04951],[-76.15988,43.0498],[-76.15965,43.05027],[-76.15698,43.05084],[-76.15548,43.05096],[-76.15552,43.04963],[-76.14739,43.04952],[-76.14752,43.04429],[-76.15086,43.04431],[-76.15086,43.04332]],"type":"LineString"},"properties":{"color":"#ED2224","color_name":"red","kind":"route","label":"Sy 82","long":"Baldwinsville","route_id":"21898","text_color":"#FFFFFF","type_label":"Bus"},"type":"Feature"},{"geometry":{"coordinates":[[-76.11214,43.11227],[-76.11222,43.11247],[-76.11461,43.11241],[-76.11665,43.11261],[-76.12083,43.11248],[-76.12091,43.11374],[-76.12962,43.11347],[-76.13245,43.11398],[-76.13389,43.11465],[-76.13786,43.11728],[-76.14249,43.11853],[-76.14124,43.12134],[-76.14007,43.12278],[-76.14192,43.12271],[-76.14365,43.11937],[-76.1445,43.11941],[-76.1447,43.11903],[-76.14396,43.11876],[-76.14647,43.11288],[-76.14808,43.10989],[-76.14775,43.10892],[-76.14659,43.10801],[-76.14623,43.10744],[-76.14594,43.10422],[-76.13304,43.10481],[-76.13249,43.09836],[-76.14545,43.09779],[-76.14577,43.09676],[-76.15022,43.08837],[-76.15786,43.07975],[-76.16524,43.06986],[-76.15903,43.06732],[-76.16041,43.06543],[-76.16045,43.06435],[-76.15967,43.06375],[-76.15836,43.06203],[-76.15616,43.06068],[-76.15461,43.05882],[-76.15391,43.05738],[-76.15327,43.05528],[-76.15213,43.05383],[-76.15226,43.04433],[-76.15326,43.04364],[-76.15279,43.04252],[-76.15162,43.04277],[-76.15015,43.04277],[-76.15013,43.0443],[-76.15086,43.04431],[-76.15087,43.04299]],"type":"LineString"},"properties":{"color":"#E0C94A","color_name":"yellow","kind":"route","label":"Sy 84","long":"Mattydale","route_id":"21899","text_color":"#000000","type_label":"Bus"},"type":"Feature"},{"geometry":{"coordinates":[[-76.15086,43.04332],[-76.15087,43.04278],[-76.14754,43.04275],[-76.14739,43.04952],[-76.15552,43.04963],[-76.15544,43.05131],[-76.1549,43.05241],[-76.1548,43.05452],[-76.15289,43.05753],[-76.15414,43.05863],[-76.1561,43.06111],[-76.15803,43.06252],[-76.15992,43.06458],[-76.16121,43.06538],[-76.16514,43.06704],[-76.16834,43.06988],[-76.16917,43.07097],[-76.16987,43.07243],[-76.1724,43.07824],[-76.17274,43.07963],[-76.17263,43.08161],[-76.17193,43.08336],[-76.16676,43.08967],[-76.16603,43.09022],[-76.16529,43.09034],[-76.16453,43.08996],[-76.16441,43.08944],[-76.16502,43.08881],[-76.1655,43.08886],[-76.17161,43.09242],[-76.16823,43.09737],[-76.16569,43.10059],[-76.16125,43.10564],[-76.16064,43.10666],[-76.1591,43.11711],[-76.15931,43.11971],[-76.16237,43.11955],[-76.16254,43.1202],[-76.16316,43.12117],[-76.16325,43.12174],[-76.16685,43.12157],[-76.16723,43.12541],[-76.16786,43.12604],[-76.16935,43.1266],[-76.16978,43.12697],[-76.17176,43.12602],[-76.17216,43.12562],[-76.17373,43.12668],[-76.17537,43.12635],[-76.17632,43.1265],[-76.17826,43.12627],[-76.1789,43.12642],[-76.18224,43.12182],[-76.18242,43.12092],[-76.18322,43.12047],[-76.18466,43.11906],[-76.18509,43.11881],[-76.18542,43.11885],[-76.1856,43.11905],[-76.18669,43.13138],[-76.18204,43.13157],[-76.18669,43.13138],[-76.18798,43.14701],[-76.184,43.14718],[-76.1833,43.14736],[-76.18234,43.14572],[-76.18016,43.14652],[-76.18027,43.14849],[-76.18058,43.14947],[-76.18815,43.14916],[-76.19267,43.15071],[-76.19334,43.14976]],"type":"LineString"},"properties":{"color":"#8AC767","color_name":"gray","kind":"route","label":"Sy 86","long":"Henry Clay Blvd","route_id":"21900","text_color":"#FFFFFF","type_label":"Bus"},"type":"Feature"},{"geometry":{"coordinates":[[-76.15087,43.04314],[-76.15087,43.04278],[-76.14754,43.04275],[-76.14739,43.04952],[-76.15552,43.04963],[-76.15544,43.05131],[-76.1549,43.05241],[-76.1548,43.05452],[-76.15289,43.05753],[-76.15414,43.05863],[-76.1561,43.06111],[-76.15803,43.06252],[-76.15992,43.06458],[-76.16121,43.06538],[-76.16514,43.06704],[-76.16783,43.06936],[-76.16875,43.07037],[-76.1696,43.07182],[-76.17249,43.07847],[-76.17278,43.08055],[-76.17233,43.08257],[-76.17129,43.08428],[-76.16381,43.09296],[-76.16079,43.09614],[-76.15565,43.10108],[-76.15036,43.10717],[-76.14606,43.11126],[-76.14501,43.1121],[-76.14379,43.11274],[-76.13148,43.11785],[-76.12928,43.11904],[-76.12784,43.12007],[-76.12571,43.12209],[-76.12119,43.12692],[-76.12023,43.12825],[-76.11975,43.1293],[-76.11946,43.13059],[-76.11943,43.13391],[-76.11898,43.13508],[-76.11842,43.13586],[-76.11122,43.14252],[-76.11024,43.14296],[-76.10924,43.14307],[-76.1086,43.14279],[-76.10831,43.14223],[-76.10882,43.14154],[-76.10994,43.14139],[-76.11588,43.14194],[-76.11835,43.1426],[-76.12052,43.14406],[-76.12335,43.14746],[-76.12347,43.14804],[-76.1227,43.14881],[-76.12272,43.1491],[-76.12374,43.14962],[-76.12479,43.14969],[-76.12538,43.15009],[-76.1225,43.15591],[-76.11962,43.15586],[-76.11953,43.15466],[-76.12149,43.15462],[-76.12134,43.1558],[-76.1225,43.15591],[-76.11895,43.16511],[-76.11716,43.16915],[-76.11708,43.1706],[-76.11754,43.17227],[-76.11879,43.17421],[-76.12218,43.18287],[-76.12298,43.18519],[-76.12416,43.18988],[-76.12593,43.19339],[-76.12695,43.19589],[-76.13642,43.22204],[-76.13887,43.22926],[-76.13251,43.22996],[-76.13192,43.23056],[-76.13195,43.23152],[-76.13167,43.23291],[-76.13194,43.23328],[-76.13827,43.23742],[-76.14044,43.23729],[-76.14085,43.24246],[-76.14499,43.27898],[-76.14501,43.28059],[-76.14466,43.2829],[-76.14653,43.28707],[-76.14856,43.29085],[-76.15159,43.29722],[-76.15191,43.29849],[-76.15266,43.30492],[-76.15228,43.30848],[-76.15315,43.30862]],"type":"LineString"},"properties":{"color":"#82D3F2","color_name":"white","kind":"route","label":"Sy 88","long":"North Syracuse - Central Square","route_id":"21901","text_color":"#000000","type_label":"Bus"},"type":"Feature"},{"geometry":{"coordinates":[[-76.33853,43.14929],[-76.33885,43.14922],[-76.33852,43.14909],[-76.33875,43.15203],[-76.32967,43.15241],[-76.33218,43.15642],[-76.33296,43.15973],[-76.33504,43.16294],[-76.33687,43.16478],[-76.33974,43.16659],[-76.33992,43.16938],[-76.33939,43.16931],[-76.33928,43.1687],[-76.3391,43.16872],[-76.33912,43.16908],[-76.33943,43.16935],[-76.33992,43.16938],[-76.33974,43.16659],[-76.33654,43.16451],[-76.33459,43.16226],[-76.31751,43.16286],[-76.31321,43.16461],[-76.30018,43.16814],[-76.3008,43.17785],[-76.30138,43.17891],[-76.30268,43.18002],[-76.30292,43.18091],[-76.30274,43.18141],[-76.30213,43.182],[-76.29942,43.18276],[-76.29268,43.18816],[-76.29576,43.19024],[-76.29837,43.18814],[-76.29852,43.18712],[-76.29969,43.18621],[-76.29733,43.18463],[-76.29972,43.18277],[-76.30153,43.18239],[-76.30236,43.18203],[-76.30285,43.18157],[-76.30311,43.18098],[-76.30292,43.18004],[-76.30145,43.17874],[-76.30098,43.17774],[-76.30039,43.16808],[-76.30088,43.16793],[-76.28457,43.17256],[-76.28108,43.17441],[-76.2794,43.17505],[-76.26238,43.17985],[-76.24569,43.18486],[-76.24372,43.1852],[-76.23516,43.1855],[-76.23526,43.18791],[-76.23864,43.18783]],"type":"LineString"},"properties":{"color":"#38A848","color_name":"green","kind":"route","label":"Sy 90","long":"Wegmans Shopper","route_id":"21902","text_color":"#FFFFFF","type_label":"Bus"},"type":"Feature"},{"geometry":{"coordinates":[[-76.01973,43.03093],[-76.0196,43.03003],[-76.01819,43.03006],[-76.01825,43.03183],[-76.017,43.03186],[-76.01749,43.04013],[-76.01788,43.04117],[-76.01864,43.04192],[-76.02113,43.04312],[-76.02371,43.04306],[-76.03061,43.04336],[-76.04088,43.04303],[-76.04457,43.04022],[-76.04526,43.04075],[-76.04668,43.04142],[-76.05108,43.04318],[-76.05227,43.04347],[-76.06019,43.04324],[-76.06867,43.04263],[-76.07046,43.04394],[-76.07273,43.04479],[-76.07456,43.04613],[-76.08038,43.05155],[-76.08106,43.05232],[-76.07932,43.05248],[-76.07883,43.05279],[-76.07902,43.05333],[-76.07978,43.05383],[-76.0813,43.05383],[-76.0819,43.05349],[-76.08059,43.05176],[-76.08627,43.05148],[-76.08634,43.05206],[-76.08673,43.05233],[-76.0879,43.05234],[-76.08841,43.05201],[-76.08845,43.05136],[-76.09058,43.05124],[-76.09379,43.04772],[-76.10327,43.0463],[-76.10299,43.04583],[-76.10302,43.04634],[-76.11188,43.04492],[-76.11452,43.04525],[-76.11466,43.04723],[-76.11585,43.0472],[-76.11583,43.04622],[-76.116,43.04603]],"type":"LineString"},"properties":{"color":"#ED2224","color_name":"red","kind":"route","label":"Sy 92","long":"Tops Shoppers","route_id":"21903","text_color":"#FFFFFF","type_label":"Bus"},"type":"Feature"},{"geometry":{"coordinates":[[-76.11936,42.7846],[-76.12043,42.78455],[-76.12103,42.79092],[-76.11146,42.7914],[-76.10952,42.79814],[-76.11215,42.79777],[-76.11595,42.79779],[-76.12211,42.79903],[-76.12207,42.80021],[-76.12113,42.80454],[-76.1211,42.80778],[-76.12485,42.81565],[-76.12529,42.81837],[-76.12527,42.82021],[-76.12418,42.82883],[-76.12317,42.83293],[-76.12338,42.83577],[-76.12289,42.83866],[-76.12308,42.84147],[-76.12092,42.84806],[-76.12011,42.8526],[-76.11747,42.85989],[-76.11096,42.8722],[-76.11045,42.87362],[-76.1094,42.89075],[-76.10999,42.89281],[-76.11465,42.90507],[-76.12592,42.93078],[-76.12678,42.93199],[-76.13832,42.94416],[-76.13897,42.94507],[-76.13949,42.94628],[-76.13965,42.94723],[-76.13951,42.94865],[-76.13723,42.9564],[-76.13722,42.96053],[-76.13691,42.9625],[-76.13182,42.97537],[-76.13118,42.9782],[-76.13114,42.97994],[-76.13141,42.98192],[-76.1339,42.99043],[-76.13469,42.99807],[-76.1346,43.00043],[-76.13351,43.00408],[-76.13338,43.00585],[-76.13403,43.00738],[-76.13603,43.00983],[-76.13847,43.01353],[-76.1393,43.01523],[-76.14006,43.01769],[-76.14036,43.02072],[-76.13998,43.02452],[-76.14004,43.02596],[-76.14285,43.03423],[-76.14202,43.03797],[-76.14229,43.04164],[-76.14223,43.04438],[-76.15226,43.04433],[-76.15326,43.04364],[-76.15279,43.04252],[-76.15154,43.04277],[-76.15172,43.04319]],"type":"LineString"},"properties":{"color":"#38A848","color_name":"green","kind":"route","label":"Sy510","long":"Lafayette - Tully","route_id":"21904","text_color":"#FFFFFF","type_label":"Bus"},"type":"Feature"},{"geometry":{"coordinates":[[-76.21455,43.07268],[-76.21383,43.07312],[-76.20846,43.07197],[-76.20818,43.07228],[-76.20677,43.07262],[-76.20876,43.07388],[-76.20945,43.07409],[-76.21119,43.07542],[-76.21325,43.07662],[-76.21474,43.07845],[-76.21634,43.07988],[-76.21878,43.08117],[-76.22008,43.08143],[-76.22222,43.08289],[-76.22322,43.08126],[-76.22304,43.08067],[-76.22247,43.0804],[-76.22015,43.08008],[-76.2191,43.07963],[-76.21439,43.07645],[-76.21339,43.07547],[-76.21296,43.07465],[-76.21292,43.07346],[-76.21336,43.07315],[-76.21415,43.07323],[-76.21459,43.07283],[-76.21455,43.07268]],"type":"LineString"},"properties":{"color":"#FF8000","color_name":"orange","kind":"route","label":"Sy582","long":"Orange Lot","route_id":"21905","text_color":"#FFFFFF","type_label":"Bus"},"type":"Feature"},{"geometry":{"coordinates":[[-76.20444,43.06769],[-76.20356,43.06671],[-76.20208,43.06727],[-76.20086,43.06735],[-76.20015,43.06709],[-76.19936,43.06585],[-76.19878,43.06573],[-76.19848,43.06626],[-76.20182,43.06923],[-76.20364,43.07043],[-76.20689,43.07164],[-76.21356,43.07304],[-76.21373,43.07281],[-76.21315,43.07235],[-76.21298,43.07289],[-76.20689,43.07164],[-76.20364,43.07043],[-76.20182,43.06923],[-76.19848,43.06626],[-76.19878,43.06573],[-76.19936,43.06585],[-76.20015,43.06709],[-76.20086,43.06735],[-76.20208,43.06727],[-76.20341,43.06677],[-76.2044,43.06833],[-76.20486,43.06817],[-76.20444,43.06769]],"type":"LineString"},"properties":{"color":"#FF8000","color_name":"orange","kind":"route","label":"Sy782","long":"Willis Ave Lot","route_id":"21906","text_color":"#FFFFFF","type_label":"Bus"},"type":"Feature"},{"geometry":{"coordinates":[[-76.15086,43.04332],[-76.15086,43.04431],[-76.15226,43.04433],[-76.15468,43.04258],[-76.15783,43.04256],[-76.15878,43.04732],[-76.15809,43.04844],[-76.15888,43.05006],[-76.15798,43.05398],[-76.15811,43.05444],[-76.15859,43.05485],[-76.16688,43.0559],[-76.17353,43.05616],[-76.17701,43.05714],[-76.18063,43.05765],[-76.1873,43.06043],[-76.19675,43.06577],[-76.19865,43.06704],[-76.20231,43.07001],[-76.20677,43.07262],[-76.20851,43.0722],[-76.20946,43.07218],[-76.21356,43.07304],[-76.21373,43.07281],[-76.21315,43.07235],[-76.21258,43.07412],[-76.21211,43.07436],[-76.21154,43.07429],[-76.20815,43.07243],[-76.20342,43.07048],[-76.20193,43.06952],[-76.19851,43.06664],[-76.19653,43.0653],[-76.18697,43.06004],[-76.17879,43.0567],[-76.17707,43.05623],[-76.17505,43.05597],[-76.16678,43.05572],[-76.16288,43.05527],[-76.15922,43.05448],[-76.1587,43.05406],[-76.15851,43.05354],[-76.15908,43.05009],[-76.15879,43.04792],[-76.15891,43.04711],[-76.15803,43.04268],[-76.15766,43.04188],[-76.1575,43.04168],[-76.15715,43.04171],[-76.15574,43.04255],[-76.15357,43.04238],[-76.15087,43.04278],[-76.15086,43.04332]],"type":"LineString"},"properties":{"color":"#FF8000","color_name":"orange","kind":"route","label":"Sy901","long":"State Fair - Hub","route_id":"21908","text_color":"#FFFFFF","type_label":"Bus"},"type":"Feature"},{"geometry":{"coordinates":[[-76.24919,43.1166],[-76.24875,43.11564],[-76.25793,43.11361],[-76.25844,43.11373],[-76.2591,43.11449],[-76.26036,43.11536],[-76.2623,43.11498],[-76.26942,43.11422],[-76.27008,43.11372],[-76.26986,43.11284],[-76.26952,43.11258],[-76.26698,43.11207],[-76.26471,43.11124],[-76.25532,43.1071],[-76.25317,43.10662],[-76.24836,43.10619],[-76.24699,43.10574],[-76.24576,43.10504],[-76.24451,43.10377],[-76.24285,43.10081],[-76.24141,43.09895],[-76.23484,43.0929],[-76.22917,43.08518],[-76.22779,43.08403],[-76.22592,43.08285],[-76.21977,43.08011],[-76.21439,43.07645],[-76.21339,43.07547],[-76.21296,43.07465],[-76.21285,43.074],[-76.21298,43.07335],[-76.21383,43.07312],[-76.21356,43.07304],[-76.21371,43.0727],[-76.21315,43.07235],[-76.21298,43.07289],[-76.21483,43.07351],[-76.21624,43.07432],[-76.22387,43.07951],[-76.22526,43.08068],[-76.22592,43.08285],[-76.2266,43.0839],[-76.22969,43.08627],[-76.23474,43.09307],[-76.24104,43.09882],[-76.24277,43.10105],[-76.24444,43.104],[-76.24542,43.10501],[-76.2465,43.10569],[-76.24813,43.1063],[-76.25313,43.10678],[-76.25527,43.10727],[-76.26094,43.10967],[-76.265,43.11178],[-76.26593,43.11251],[-76.26633,43.11318],[-76.26634,43.11366],[-76.26602,43.11417],[-76.26532,43.11451],[-76.26011,43.1152],[-76.2591,43.11449],[-76.25844,43.11373],[-76.25793,43.11361],[-76.24875,43.11564],[-76.24885,43.11585],[-76.24717,43.11629],[-76.24747,43.11703],[-76.24919,43.1166]],"type":"LineString"},"properties":{"color":"#FF8000","color_name":"orange","kind":"route","label":"Sy907","long":"Long Branch Park","route_id":"21909","text_color":"#FFFFFF","type_label":"Bus"},"type":"Feature"},{"geometry":{"coordinates":[[-76.16941,43.06488],[-76.17037,43.06412],[-76.17128,43.06471],[-76.16944,43.06626],[-76.16619,43.06424],[-76.17484,43.05769],[-76.17598,43.05734],[-76.17974,43.05742],[-76.18685,43.06021],[-76.18833,43.06099],[-76.19733,43.06613],[-76.20231,43.07001],[-76.20677,43.07262],[-76.20851,43.0722],[-76.20946,43.07218],[-76.21356,43.07304],[-76.21374,43.07278],[-76.21315,43.07235],[-76.21265,43.07401],[-76.21221,43.07433],[-76.21169,43.07434],[-76.20815,43.07243],[-76.20448,43.07101],[-76.20234,43.06981],[-76.19817,43.06638],[-76.19595,43.06494],[-76.18648,43.05979],[-76.18038,43.05735],[-76.17801,43.05595],[-76.17717,43.056],[-76.1766,43.05631],[-76.16619,43.06424],[-76.16848,43.06566],[-76.16941,43.06488]],"type":"LineString"},"properties":{"color":"#FF8000","color_name":"orange","kind":"route","label":"Sy909","long":"Destiny USA","route_id":"21910","text_color":"#FFFFFF","type_label":"Bus"},"type":"Feature"},{"geometry":{"coordinates":[[-75.29133,43.12234],[-75.30135,43.13495],[-75.30328,43.13413],[-75.30462,43.13697],[-75.30408,43.137],[-75.30247,43.13634],[-75.29046,43.12128],[-75.28312,43.11642],[-75.28182,43.11613],[-75.2726,43.11516],[-75.26655,43.11219],[-75.26425,43.11133],[-75.26119,43.10966],[-75.25772,43.10867],[-75.25311,43.10704],[-75.24736,43.10643],[-75.23363,43.10222],[-75.23109,43.10529],[-75.23552,43.1055],[-75.23529,43.10632],[-75.23654,43.10628],[-75.2366,43.10583],[-75.236,43.1055],[-75.23109,43.10529],[-75.23363,43.10222],[-75.23117,43.10145],[-75.23056,43.10101],[-75.2297,43.10075],[-75.22906,43.10151]],"type":"LineString"},"properties":{"color":"#38A848","color_name":"green","kind":"route","label":"Ut 11","long":"Whitesboro","route_id":"21924","text_color":"#FFFFFF","type_label":"Bus"},"type":"Feature"},{"geometry":{"coordinates":[[-75.22924,43.1013],[-75.2297,43.10075],[-75.22736,43.10003],[-75.22556,43.10305],[-75.2248,43.10322],[-75.22348,43.10281],[-75.22301,43.10365],[-75.22389,43.10392],[-75.22435,43.10308],[-75.22537,43.10341],[-75.22677,43.10104],[-75.19714,43.09203],[-75.19127,43.08957],[-75.18804,43.08893],[-75.18612,43.09134],[-75.18522,43.09093],[-75.18548,43.09064],[-75.1851,43.09046],[-75.18483,43.09074],[-75.18612,43.09134],[-75.18773,43.08934],[-75.18876,43.08958],[-75.19216,43.09103]],"type":"LineString"},"properties":{"color":"#7E3092","color_name":"purple","kind":"route","label":"Ut 12","long":"Bleeker St","route_id":"21925","text_color":"#FFFFFF","type_label":"Bus"},"type":"Feature"},{"geometry":{"coordinates":[[-75.22906,43.10151],[-75.22891,43.10169],[-75.21784,43.09831],[-75.22365,43.08805],[-75.22735,43.08351],[-75.22396,43.08199],[-75.22223,43.08083],[-75.22118,43.07926],[-75.22021,43.07659],[-75.22039,43.07635],[-75.22105,43.07669],[-75.22115,43.07747],[-75.22562,43.07963],[-75.22898,43.08183],[-75.2396,43.08663],[-75.24162,43.08727],[-75.24437,43.0885],[-75.24693,43.08536],[-75.2623,43.09207],[-75.2648,43.09257],[-75.26931,43.09255],[-75.27096,43.09284],[-75.27151,43.09331],[-75.27173,43.09422],[-75.27261,43.09449],[-75.27318,43.09493],[-75.27339,43.09575],[-75.2734,43.09803],[-75.27452,43.09836],[-75.27528,43.09815],[-75.27434,43.0968],[-75.27424,43.09609],[-75.27442,43.09532],[-75.27835,43.0904],[-75.28003,43.09117],[-75.28082,43.09125],[-75.28145,43.09098],[-75.28229,43.08996],[-75.28297,43.08978],[-75.28469,43.08964],[-75.28534,43.0898],[-75.28579,43.09023],[-75.28572,43.091],[-75.28705,43.0912],[-75.28776,43.09176],[-75.28785,43.09236],[-75.28745,43.0929],[-75.28682,43.09317],[-75.28554,43.09331],[-75.28545,43.09483],[-75.29278,43.09537],[-75.29732,43.09617],[-75.29929,43.09484],[-75.30015,43.09626],[-75.30249,43.09798],[-75.30662,43.09372],[-75.30785,43.09432],[-75.30931,43.09453],[-75.31095,43.09559],[-75.31247,43.09437]],"type":"LineString"},"properties":{"color":"#E0C94A","color_name":"yellow","kind":"route","label":"Ut 14","long":"Mohawk","route_id":"21926","text_color":"#000000","type_label":"Bus"},"type":"Feature"},{"geometry":{"coordinates":[[-75.22021,43.07659],[-75.22056,43.07757],[-75.2212,43.07747],[-75.22379,43.07866],[-75.2271,43.08047],[-75.22898,43.08183],[-75.2396,43.08663],[-75.24162,43.08727],[-75.24437,43.0885],[-75.24176,43.09165],[-75.24321,43.09224],[-75.24156,43.09423],[-75.24014,43.0936],[-75.23844,43.09562],[-75.24004,43.09633],[-75.24054,43.09688],[-75.23117,43.10145],[-75.23056,43.10101],[-75.2297,43.10075],[-75.22924,43.1013]],"type":"LineString"},"properties":{"color":"#82D3F2","color_name":"white","kind":"route","label":"Ut 15","long":"James Street","route_id":"21927","text_color":"#000000","type_label":"Bus"},"type":"Feature"},{"geometry":{"coordinates":[[-75.2294,43.10111],[-75.22891,43.10169],[-75.23303,43.10294],[-75.23363,43.10222],[-75.24101,43.10447],[-75.24477,43.103],[-75.24695,43.10362],[-75.24871,43.10436],[-75.25312,43.09889],[-75.25399,43.09926],[-75.25594,43.09691],[-75.25983,43.09869],[-75.26147,43.09692],[-75.26426,43.09338],[-75.26863,43.09316],[-75.26872,43.09269],[-75.26931,43.09255],[-75.27096,43.09284],[-75.27151,43.09331],[-75.27173,43.09422],[-75.27261,43.09449],[-75.27318,43.09493],[-75.27339,43.09575],[-75.2734,43.09803],[-75.27473,43.09837],[-75.27528,43.09815],[-75.27434,43.0968],[-75.27424,43.09609],[-75.27442,43.09532],[-75.27835,43.0904],[-75.28003,43.09117],[-75.28082,43.09125],[-75.28145,43.09098],[-75.28209,43.09011],[-75.28257,43.08985],[-75.28469,43.08964],[-75.28534,43.0898],[-75.28579,43.09023],[-75.28572,43.091],[-75.28734,43.09133],[-75.28771,43.09166],[-75.28787,43.09216],[-75.28765,43.09272],[-75.28724,43.09303],[-75.28554,43.09331],[-75.28556,43.09394]],"type":"LineString"},"properties":{"color":"#D98C27","color_name":"orange","kind":"route","label":"Ut 20","long":"Lenox - Business Park","route_id":"21928","text_color":"#FFFFFF","type_label":"Bus"},"type":"Feature"},{"geometry":{"coordinates":[[-75.21022,43.07885],[-75.20809,43.07788],[-75.20631,43.07996],[-75.20784,43.08249],[-75.20272,43.08859],[-75.20016,43.08744],[-75.20218,43.08495],[-75.21213,43.08949],[-75.23316,43.09588],[-75.23167,43.09764],[-75.23295,43.09799],[-75.2349,43.09961],[-75.23117,43.10145],[-75.23056,43.10101],[-75.2297,43.10075],[-75.22897,43.10163]],"type":"LineString"},"properties":{"color":"#D98C27","color_name":"orange","kind":"route","label":"Ut 22","long":"South Street","route_id":"21929","text_color":"#FFFFFF","type_label":"Bus"},"type":"Feature"},{"geometry":{"coordinates":[[-75.22906,43.10151],[-75.2297,43.10075],[-75.23056,43.10101],[-75.23117,43.10145],[-75.2424,43.09609],[-75.2878,43.07335],[-75.28377,43.0634],[-75.28212,43.05407],[-75.27857,43.05537],[-75.27772,43.05501],[-75.27865,43.05408],[-75.27803,43.05382],[-75.27703,43.05472],[-75.28262,43.05703],[-75.28377,43.0634],[-75.2878,43.07335],[-75.28921,43.07283],[-75.2966,43.07408],[-75.2961,43.07609],[-75.29221,43.07643],[-75.29242,43.07724],[-75.29752,43.07675],[-75.29737,43.07599],[-75.2961,43.07609],[-75.29676,43.0741],[-75.29994,43.0747],[-75.305,43.07631],[-75.30646,43.07749],[-75.30768,43.07723],[-75.30919,43.07731],[-75.31272,43.07794],[-75.31416,43.07843],[-75.31459,43.07881],[-75.31463,43.07933],[-75.31378,43.08024],[-75.31357,43.08155],[-75.31328,43.08173],[-75.31351,43.08224],[-75.31481,43.08192],[-75.31484,43.08165]],"type":"LineString"},"properties":{"color":"#ED2224","color_name":"red","kind":"route","label":"Ut 24","long":"Genesee Street","route_id":"21930","text_color":"#FFFFFF","type_label":"Bus"},"type":"Feature"},{"geometry":{"coordinates":[[-75.22906,43.10151],[-75.22891,43.10169],[-75.22671,43.10106],[-75.22464,43.10458],[-75.2204,43.10811],[-75.21682,43.11149],[-75.21194,43.11519],[-75.21072,43.11645],[-75.21172,43.11679],[-75.21366,43.11676],[-75.21404,43.11708],[-75.21379,43.11758],[-75.224,43.12136],[-75.22479,43.12068],[-75.2261,43.12173],[-75.22569,43.12211],[-75.22673,43.12255],[-75.22713,43.12291],[-75.22569,43.12456],[-75.22662,43.12501],[-75.22773,43.12353],[-75.22673,43.12255],[-75.22569,43.12211],[-75.2261,43.12173],[-75.22479,43.12068],[-75.224,43.12136],[-75.21398,43.11765],[-75.21428,43.11693],[-75.21422,43.11663],[-75.21311,43.11613],[-75.19799,43.11317],[-75.16931,43.108],[-75.16902,43.10877],[-75.16836,43.10947],[-75.16656,43.10984],[-75.16455,43.11192],[-75.16651,43.11287],[-75.1686,43.11027],[-75.16864,43.10993],[-75.16836,43.10947],[-75.16902,43.10877],[-75.16931,43.108]],"type":"LineString"},"properties":{"color":"#917164","color_name":"gray","kind":"route","label":"Ut 28","long":"Herkimer Rd","route_id":"21931","text_color":"#FFFFFF","type_label":"Bus"},"type":"Feature"},{"geometry":{"coordinates":[[-75.22897,43.10164],[-75.22671,43.10106],[-75.22479,43.10442],[-75.22086,43.10773],[-75.21336,43.10543],[-75.20555,43.11468],[-75.21172,43.11679],[-75.21366,43.11676],[-75.21404,43.11708],[-75.21379,43.11758],[-75.224,43.12136],[-75.22479,43.12068],[-75.2261,43.12173],[-75.22569,43.12211],[-75.22673,43.12255],[-75.22713,43.12291],[-75.22517,43.12516],[-75.22555,43.1257],[-75.22252,43.1291],[-75.22366,43.12949],[-75.22363,43.12999],[-75.21505,43.14047],[-75.21442,43.14088],[-75.21381,43.1407],[-75.21385,43.14017],[-75.21463,43.14006],[-75.21647,43.14085],[-75.21667,43.14119],[-75.21655,43.14151],[-75.216,43.14166],[-75.21564,43.14151],[-75.21548,43.14119],[-75.2157,43.14064],[-75.2176,43.13833],[-75.21787,43.13838],[-75.21749,43.13885],[-75.2188,43.13939],[-75.21917,43.13891],[-75.21787,43.13838],[-75.21788,43.13802],[-75.22188,43.13322],[-75.22248,43.1328],[-75.22437,43.13227],[-75.22557,43.1323],[-75.22648,43.13282],[-75.22697,43.13382],[-75.22746,43.13428],[-75.22929,43.13484]],"type":"LineString"},"properties":{"color":"#3C62AE","color_name":"blue","kind":"route","label":"Ut 29","long":"Riverside Drive","route_id":"21932","text_color":"#FFFFFF","type_label":"Bus"},"type":"Feature"},{"geometry":{"coordinates":[[-75.2297,43.10075],[-75.22891,43.10169],[-75.23001,43.10202],[-75.2424,43.09609],[-75.28308,43.07567],[-75.2878,43.07335],[-75.28921,43.07283],[-75.2966,43.07408],[-75.2961,43.07609],[-75.29417,43.07626],[-75.2944,43.07704],[-75.29752,43.07675],[-75.29737,43.07599],[-75.2961,43.07609],[-75.29676,43.0741],[-75.30217,43.07531],[-75.305,43.07631],[-75.30646,43.07749],[-75.30768,43.07723],[-75.30919,43.07731],[-75.31272,43.07794],[-75.31416,43.07843],[-75.31459,43.07881],[-75.31463,43.07933],[-75.31378,43.08024],[-75.31357,43.08155],[-75.31328,43.08173],[-75.31351,43.08224],[-75.31486,43.08182],[-75.31476,43.08145],[-75.31351,43.08163],[-75.31385,43.08013],[-75.31471,43.07985],[-75.31481,43.07868],[-75.32577,43.08267],[-75.32636,43.08277],[-75.33062,43.08137],[-75.33846,43.07812],[-75.34003,43.07726],[-75.34153,43.07575],[-75.34266,43.0732],[-75.3416,43.07316],[-75.3411,43.07343],[-75.34095,43.07416],[-75.3422,43.07438],[-75.34328,43.07167],[-75.34409,43.0705],[-75.34425,43.06986],[-75.34743,43.06892],[-75.35152,43.06677],[-75.35394,43.06525],[-75.35719,43.06294],[-75.36058,43.05971],[-75.36549,43.05632],[-75.36769,43.05432],[-75.37648,43.05113],[-75.37804,43.04997],[-75.37854,43.04992],[-75.37857,43.05209],[-75.37778,43.05341],[-75.38295,43.05605],[-75.38397,43.05475],[-75.38407,43.04825],[-75.39714,43.04854],[-75.39843,43.04966],[-75.39895,43.04986],[-75.40868,43.05064],[-75.40881,43.0496],[-75.40928,43.04926],[-75.40913,43.04908],[-75.40886,43.04924],[-75.40868,43.05064],[-75.39895,43.04986],[-75.39843,43.04966],[-75.39714,43.04854],[-75.3815,43.04821],[-75.38527,43.04098],[-75.38613,43.04009],[-75.38665,43.04042],[-75.38687,43.04036]],"type":"LineString"},"properties":{"color":"#8AC767","color_name":"gray","kind":"route","label":"Ut 30","long":"Clinton","route_id":"21933","text_color":"#FFFFFF","type_label":"Bus"},"type":"Feature"},{"geometry":{"coordinates":[[-75.22955,43.10093],[-75.22891,43.10169],[-75.23001,43.10202],[-75.24242,43.09608],[-75.24236,43.09559],[-75.24759,43.08927],[-75.25008,43.08702],[-75.25153,43.08529],[-75.25459,43.08658],[-75.25935,43.08053],[-75.26758,43.07394],[-75.26929,43.07487],[-75.27027,43.0748],[-75.27249,43.07576],[-75.27481,43.07378],[-75.27634,43.07194],[-75.2722,43.06975],[-75.27236,43.06936],[-75.27277,43.06205],[-75.27225,43.05892],[-75.27127,43.05678],[-75.27113,43.05532],[-75.27304,43.04949],[-75.27352,43.04054],[-75.27445,43.03838],[-75.2754,43.03483],[-75.27541,43.03364],[-75.27458,43.03186],[-75.2729,43.02929],[-75.27136,43.02773],[-75.26979,43.02498],[-75.26851,43.02458],[-75.26677,43.02434],[-75.26618,43.02587],[-75.26713,43.02662],[-75.26766,43.0268],[-75.26779,43.02659]],"type":"LineString"},"properties":{"color":"#CD8ABB","color_name":"pink","kind":"route","label":"Ut 31","long":"Oneida - Chadwicks","route_id":"21934","text_color":"#FFFFFF","type_label":"Bus"},"type":"Feature"},{"geometry":{"coordinates":[[-75.58761,43.11552],[-75.58738,43.11544],[-75.58752,43.11641],[-75.5884,43.11706],[-75.58926,43.11714],[-75.59021,43.11697],[-75.59214,43.11562],[-75.59374,43.11628],[-75.59444,43.11695],[-75.59519,43.11733],[-75.59017,43.12332],[-75.5877,43.12543],[-75.58434,43.12741],[-75.57699,43.13057],[-75.5741,43.13267],[-75.56525,43.14207],[-75.55973,43.15248],[-75.55835,43.15441],[-75.55216,43.16088],[-75.54885,43.16349],[-75.53627,43.17008],[-75.51295,43.18162],[-75.50858,43.18324],[-75.50218,43.18459],[-75.49241,43.18716],[-75.48874,43.18774],[-75.47855,43.1884],[-75.47079,43.18856],[-75.46177,43.18965],[-75.45191,43.18977],[-75.4505,43.19009],[-75.44965,43.19062],[-75.44902,43.19154],[-75.44895,43.19228],[-75.44921,43.1931],[-75.45161,43.19628],[-75.45543,43.20412],[-75.45727,43.20893],[-75.45803,43.20973],[-75.46007,43.21117],[-75.46226,43.21221],[-75.46108,43.21351],[-75.46068,43.2137],[-75.46009,43.21368],[-75.4563,43.21191],[-75.45474,43.21364],[-75.45398,43.21324],[-75.45119,43.21283],[-75.44396,43.21598],[-75.43528,43.21789],[-75.42766,43.21876],[-75.42132,43.22236],[-75.42009,43.22265],[-75.41923,43.22251],[-75.41856,43.21838],[-75.4182,43.21717],[-75.41278,43.21405],[-75.41175,43.21301],[-75.41153,43.2122],[-75.41173,43.20863],[-75.41157,43.2069],[-75.41045,43.20354],[-75.40989,43.20215],[-75.40951,43.20176],[-75.40854,43.20159],[-75.40634,43.20239],[-75.40511,43.20253],[-75.39537,43.20086],[-75.38159,43.20074],[-75.37764,43.20032],[-75.3743,43.19952],[-75.36507,43.19642],[-75.3501,43.19229],[-75.34707,43.19114],[-75.34035,43.18773],[-75.33635,43.18487],[-75.33474,43.18345],[-75.32863,43.17709],[-75.32554,43.17269],[-75.32337,43.16851],[-75.32296,43.16901],[-75.32103,43.17043],[-75.31863,43.16826],[-75.31796,43.1679],[-75.31643,43.16784],[-75.31518,43.16845],[-75.29924,43.15572],[-75.29187,43.15112],[-75.29475,43.14795],[-75.29546,43.14775],[-75.29618,43.14794],[-75.29654,43.14843],[-75.29637,43.14899],[-75.29573,43.14937],[-75.295,43.1494],[-75.2799,43.14514],[-75.27799,43.1442],[-75.27591,43.14269],[-75.27069,43.13671],[-75.26891,43.1354],[-75.26534,43.13391],[-75.25361,43.12791],[-75.25105,43.12689],[-75.24556,43.12541],[-75.2382,43.12424],[-75.23597,43.12361],[-75.23504,43.12314],[-75.23402,43.12179],[-75.23332,43.1191],[-75.23344,43.11799],[-75.23721,43.11049],[-75.23864,43.10882],[-75.24063,43.1072],[-75.24077,43.10655],[-75.24058,43.10624],[-75.24004,43.10596],[-75.23741,43.10548],[-75.23303,43.10419],[-75.22877,43.10263],[-75.23001,43.10202],[-75.22891,43.10169],[-75.22924,43.1013]],"type":"LineString"},"properties":{"color":"#00FF00","color_name":"green","kind":"route","label":"Ut 33","long":"Rome - Turning Stone","route_id":"21935","text_color":"#FFFFFF","type_label":"Bus"},"type":"Feature"},{"geometry":{"coordinates":[[-75.22924,43.1013],[-75.22891,43.10169],[-75.23303,43.10294],[-75.23363,43.10222],[-75.24736,43.10643],[-75.25311,43.10704],[-75.25862,43.10894],[-75.26104,43.10592],[-75.26797,43.10892],[-75.28329,43.11082],[-75.28523,43.11167],[-75.29704,43.09918],[-75.29731,43.09855],[-75.29732,43.09617],[-75.29929,43.09484],[-75.30015,43.09626],[-75.30249,43.09798],[-75.30662,43.09372],[-75.30785,43.09432],[-75.30931,43.09453],[-75.31095,43.09559],[-75.31247,43.09437],[-75.31096,43.09345],[-75.30945,43.09462],[-75.30785,43.09432],[-75.30662,43.09372],[-75.31028,43.09042],[-75.31195,43.09026],[-75.31218,43.09103],[-75.31291,43.09194],[-75.31401,43.09229],[-75.31527,43.09218],[-75.31539,43.0929],[-75.31678,43.09277],[-75.31661,43.09173],[-75.31825,43.09162],[-75.31876,43.09474],[-75.324,43.09433],[-75.32373,43.09419],[-75.32074,43.09437],[-75.32005,43.09462],[-75.31876,43.09474],[-75.31793,43.08975],[-75.31328,43.09015],[-75.31321,43.08961],[-75.31337,43.08946],[-75.31244,43.08894],[-75.31271,43.0887],[-75.31234,43.0885],[-75.31451,43.08671],[-75.31528,43.08625],[-75.31638,43.08727],[-75.31599,43.08758],[-75.31593,43.08815],[-75.31652,43.08809],[-75.31642,43.08723],[-75.31528,43.08625],[-75.31797,43.08503],[-75.31839,43.08581],[-75.31986,43.08565],[-75.32084,43.08523],[-75.32071,43.08461],[-75.3203,43.08409],[-75.31528,43.08625],[-75.31449,43.0848],[-75.31338,43.08497],[-75.31288,43.08477],[-75.31211,43.08307],[-75.31346,43.08273],[-75.31361,43.08259],[-75.31351,43.08224],[-75.31481,43.08192],[-75.31484,43.08165]],"type":"LineString"},"properties":{"color":"#38A848","color_name":"green","kind":"route","label":"Ut111","long":"New York Mills","route_id":"21936","text_color":"#FFFFFF","type_label":"Bus"},"type":"Feature"},{"geometry":{"coordinates":[-76.15245,43.04958],"type":"Point"},"properties":{"kind":"stop","name":"Washington St & S Salina St","stop_id":"100"},"type":"Feature"},{"geometry":{"coordinates":[-76.20167,43.00659],"type":"Point"},"properties":{"kind":"stop","name":"OCC - Mawhinney Hall","stop_id":"10001"},"type":"Feature"},{"geometry":{"coordinates":[-76.21237,43.03158],"type":"Point"},"properties":{"kind":"stop","name":"Grand Ave & Fay Rd NE","stop_id":"10014"},"type":"Feature"},{"geometry":{"coordinates":[-76.25084,43.11232],"type":"Point"},"properties":{"kind":"stop","name":"Dwight Park","stop_id":"10042"},"type":"Feature"},{"geometry":{"coordinates":[-76.25219,43.11299],"type":"Point"},"properties":{"kind":"stop","name":"Dwight Park","stop_id":"10043"},"type":"Feature"},{"geometry":{"coordinates":[-76.25389,43.11223],"type":"Point"},"properties":{"kind":"stop","name":"Dwight Park","stop_id":"10044"},"type":"Feature"},{"geometry":{"coordinates":[-76.25316,43.11101],"type":"Point"},"properties":{"kind":"stop","name":"Dwight Park","stop_id":"10045"},"type":"Feature"},{"geometry":{"coordinates":[-76.18024,43.09839],"type":"Point"},"properties":{"kind":"stop","name":"7th North & Elwood Davis","stop_id":"10051"},"type":"Feature"},{"geometry":{"coordinates":[-76.18338,43.14731],"type":"Point"},"properties":{"kind":"stop","name":"Stonedale Dr & New Hope E","stop_id":"10058"},"type":"Feature"},{"geometry":{"coordinates":[-76.18239,43.14579],"type":"Point"},"properties":{"kind":"stop","name":"New Hope E & Majestic Dr","stop_id":"10059"},"type":"Feature"},{"geometry":{"coordinates":[-76.18055,43.1494],"type":"Point"},"properties":{"kind":"stop","name":"Majestic Dr & Wetzel Rd","stop_id":"10061"},"type":"Feature"},{"geometry":{"coordinates":[-76.16821,43.12619],"type":"Point"},"properties":{"kind":"stop","name":"Cedarpost Rd & Farmstead Rd","stop_id":"10062"},"type":"Feature"},{"geometry":{"coordinates":[-76.16347,43.12172],"type":"Point"},"properties":{"kind":"stop","name":"W Taft Rd & Janus Park Dr","stop_id":"10064"},"type":"Feature"},{"geometry":{"coordinates":[-76.16311,43.1209],"type":"Point"},"properties":{"kind":"stop","name":"North Medical W & Janus Park stop","stop_id":"10065"},"type":"Feature"},{"geometry":{"coordinates":[-76.13148,43.03812],"type":"Point"},"properties":{"kind":"stop","name":"College Place","stop_id":"10091"},"type":"Feature"},{"geometry":{"coordinates":[-76.13772,43.04059],"type":"Point"},"properties":{"kind":"stop","name":"Waverly Ave & Irving Ave","stop_id":"10092"},"type":"Feature"},{"geometry":{"coordinates":[-76.1404,43.03582],"type":"Point"},"properties":{"kind":"stop","name":"E Raynor Ave & Henry St","stop_id":"10094"},"type":"Feature"},{"geometry":{"coordinates":[-76.13681,43.04052],"type":"Point"},"properties":{"kind":"stop","name":"Waverly Ave & S Crouse Ave","stop_id":"10102"},"type":"Feature"},{"geometry":{"coordinates":[-76.14045,43.04304],"type":"Point"},"properties":{"kind":"stop","name":"Sarah Loguen Bus Shelter","stop_id":"10121"},"type":"Feature"},{"geometry":{"coordinates":[-76.13322,43.01858],"type":"Point"},"properties":{"kind":"stop","name":"Thurber St & Alden St","stop_id":"10124"},"type":"Feature"},{"geometry":{"coordinates":[-76.16461,43.03156],"type":"Point"},"properties":{"kind":"stop","name":"Onondaga Ave & Sterling Ave","stop_id":"10127"},"type":"Feature"},{"geometry":{"coordinates":[-76.31267,43.13135],"type":"Point"},"properties":{"kind":"stop","name":"Delwood Dr & Village Blvd S","stop_id":"10128"},"type":"Feature"},{"geometry":{"coordinates":[-76.33277,43.15922],"type":"Point"},"properties":{"kind":"stop","name":"Oswego Rd & Genesee St","stop_id":"10129"},"type":"Feature"},{"geometry":{"coordinates":[-76.31253,43.13139],"type":"Point"},"properties":{"kind":"stop","name":"Delwood Dr & Village Blvd S","stop_id":"10133"},"type":"Feature"},{"geometry":{"coordinates":[-76.2154,43.07386],"type":"Point"},"properties":{"kind":"stop","name":"New York State Fair (Across from Gate 2)","stop_id":"10134"},"type":"Feature"},{"geometry":{"coordinates":[-76.14028,43.04437],"type":"Point"},"properties":{"kind":"stop","name":"Harrison St & Sarah Loguen St","stop_id":"10138"},"type":"Feature"},{"geometry":{"coordinates":[-76.14638,43.11282],"type":"Point"},"properties":{"kind":"stop","name":"Brewerton Rd & Bailey Rd","stop_id":"10158"},"type":"Feature"},{"geometry":{"coordinates":[-76.14651,43.11293],"type":"Point"},"properties":{"kind":"stop","name":"Brewerton Rd & Bailey Rd","stop_id":"10161"},"type":"Feature"},{"geometry":{"coordinates":[-76.22754,43.01219],"type":"Point"},"properties":{"kind":"stop","name":"Howlett Hill Rd & Harris Rd","stop_id":"1018"},"type":"Feature"},{"geometry":{"coordinates":[-76.16972,43.12698],"type":"Point"},"properties":{"kind":"stop","name":"Cedarpost Rd & Harvest Ln","stop_id":"10185"},"type":"Feature"},{"geometry":{"coordinates":[-76.16987,43.12692],"type":"Point"},"properties":{"kind":"stop","name":"Harvest Ln & Cedarpost Rd","stop_id":"10186"},"type":"Feature"},{"geometry":{"coordinates":[-76.16121,43.11958],"type":"Point"},"properties":{"kind":"stop","name":"North Medical Center","stop_id":"10187"},"type":"Feature"},{"geometry":{"coordinates":[-76.12777,43.02548],"type":"Point"},"properties":{"kind":"stop","name":"Comstock Lot","stop_id":"10189"},"type":"Feature"},{"geometry":{"coordinates":[-76.1259,43.02288],"type":"Point"},"properties":{"kind":"stop","name":"Colvin Lot","stop_id":"10190"},"type":"Feature"},{"geometry":{"coordinates":[-76.12091,43.01593],"type":"Point"},"properties":{"kind":"stop","name":"Winding Ridge Rd N","stop_id":"10192"},"type":"Feature"},{"geometry":{"coordinates":[-76.12088,43.0162],"type":"Point"},"properties":{"kind":"stop","name":"Winding Ridge Rd N","stop_id":"10194"},"type":"Feature"},{"geometry":{"coordinates":[-76.11628,43.01843],"type":"Point"},"properties":{"kind":"stop","name":"Slocum Dr & Lambreth Ln","stop_id":"10195"},"type":"Feature"},{"geometry":{"coordinates":[-76.14559,43.11501],"type":"Point"},"properties":{"kind":"stop","name":"Route 11 & Lawrence Rd","stop_id":"10199"},"type":"Feature"},{"geometry":{"coordinates":[-76.1522,43.04706],"type":"Point"},"properties":{"kind":"stop","name":"S Salina St & Jefferson St","stop_id":"102"},"type":"Feature"},{"geometry":{"coordinates":[-76.11968,43.04552],"type":"Point"},"properties":{"kind":"stop","name":"Westcott St & E Genesee St","stop_id":"10201"},"type":"Feature"},{"geometry":{"coordinates":[-76.11969,43.04512],"type":"Point"},"properties":{"kind":"stop","name":"Westcott St & E Genesee St","stop_id":"10202"},"type":"Feature"},{"geometry":{"coordinates":[-76.13766,43.04681],"type":"Point"},"properties":{"kind":"stop","name":"Syracuse Stage - Community Folk Art Center","stop_id":"10203"},"type":"Feature"},{"geometry":{"coordinates":[-76.22735,43.01239],"type":"Point"},"properties":{"kind":"stop","name":"Harris Rd & Howlett Hill Rd","stop_id":"1021"},"type":"Feature"},{"geometry":{"coordinates":[-76.22999,43.05783],"type":"Point"},"properties":{"kind":"stop","name":"Milton Ave & Bailey St","stop_id":"10216"},"type":"Feature"},{"geometry":{"coordinates":[-76.18733,43.08763],"type":"Point"},"properties":{"kind":"stop","name":"Old Liverpool Rd & Lakeview Dr","stop_id":"10222"},"type":"Feature"},{"geometry":{"coordinates":[-76.20442,43.1025],"type":"Point"},"properties":{"kind":"stop","name":"Oswego St & Cypress St","stop_id":"10223"},"type":"Feature"},{"geometry":{"coordinates":[-76.18723,43.08736],"type":"Point"},"properties":{"kind":"stop","name":"Old Liverpool Rd & Lakeview Ter","stop_id":"10226"},"type":"Feature"},{"geometry":{"coordinates":[-76.11495,43.05088],"type":"Point"},"properties":{"kind":"stop","name":"Westmoreland Ave & Erie Blvd E","stop_id":"10227"},"type":"Feature"},{"geometry":{"coordinates":[-76.08434,43.05568],"type":"Point"},"properties":{"kind":"stop","name":"Erie Blvd E & Thompson Rd","stop_id":"10228"},"type":"Feature"},{"geometry":{"coordinates":[-76.21943,43.13015],"type":"Point"},"properties":{"kind":"stop","name":"Oswego Rd & John Glenn Blvd","stop_id":"10231"},"type":"Feature"},{"geometry":{"coordinates":[-76.22388,43.13479],"type":"Point"},"properties":{"kind":"stop","name":"Wegmans Rt 57","stop_id":"10232"},"type":"Feature"},{"geometry":{"coordinates":[-76.10468,43.06188],"type":"Point"},"properties":{"kind":"stop","name":"Sunnycrest Rd & S Midler Ave","stop_id":"10236"},"type":"Feature"},{"geometry":{"coordinates":[-76.10437,43.062],"type":"Point"},"properties":{"kind":"stop","name":"Sunnycrest Rd & S Midler Ave","stop_id":"10237"},"type":"Feature"},{"geometry":{"coordinates":[-76.22529,43.0219],"type":"Point"},"properties":{"kind":"stop","name":"Harris Rd & Split Rock Rd","stop_id":"1024"},"type":"Feature"},{"geometry":{"coordinates":[-76.14916,43.05579],"type":"Point"},"properties":{"kind":"stop","name":"Union Ave & Prospect Ave","stop_id":"10243"},"type":"Feature"},{"geometry":{"coordinates":[-76.18926,43.05202],"type":"Point"},"properties":{"kind":"stop","name":"W Genesee St & Milton Ave","stop_id":"10245"},"type":"Feature"},{"geometry":{"coordinates":[-76.14568,43.11495],"type":"Point"},"properties":{"kind":"stop","name":"Brewerton Rd & Elbow Rd","stop_id":"10253"},"type":"Feature"},{"geometry":{"coordinates":[-76.22527,43.02201],"type":"Point"},"properties":{"kind":"stop","name":"Harris Rd & Split Rock Rd","stop_id":"1028"},"type":"Feature"},{"geometry":{"coordinates":[-76.19688,43.04846],"type":"Point"},"properties":{"kind":"stop","name":"W Genesee St & Charles Ave","stop_id":"1031"},"type":"Feature"},{"geometry":{"coordinates":[-76.13429,43.28703],"type":"Point"},"properties":{"kind":"stop","name":"State Hwy 49 mid-block stop","stop_id":"10311"},"type":"Feature"},{"geometry":{"coordinates":[-76.14082,43.1239],"type":"Point"},"properties":{"kind":"stop","name":"S Main St & Lawrence Ave","stop_id":"10317"},"type":"Feature"},{"geometry":{"coordinates":[-76.139,43.12509],"type":"Point"},"properties":{"kind":"stop","name":"S Main St & Melrose Dr","stop_id":"10318"},"type":"Feature"},{"geometry":{"coordinates":[-76.1366,43.12677],"type":"Point"},"properties":{"kind":"stop","name":"S Main St & Pleasant Ave","stop_id":"10319"},"type":"Feature"},{"geometry":{"coordinates":[-76.1171,43.16932],"type":"Point"},"properties":{"kind":"stop","name":"Brewerton Rd & Cicero Town Hall","stop_id":"10335"},"type":"Feature"},{"geometry":{"coordinates":[-76.14339,43.26497],"type":"Point"},"properties":{"kind":"stop","name":"Route 11 & Corporate Park Dr","stop_id":"10343"},"type":"Feature"},{"geometry":{"coordinates":[-76.11856,43.17396],"type":"Point"},"properties":{"kind":"stop","name":"Route 11 & Crabtree Ln","stop_id":"10354"},"type":"Feature"},{"geometry":{"coordinates":[-76.14951,43.29272],"type":"Point"},"properties":{"kind":"stop","name":"Rt 11 & Central Square Comm Park","stop_id":"10355"},"type":"Feature"},{"geometry":{"coordinates":[-76.14498,43.27861],"type":"Point"},"properties":{"kind":"stop","name":"Route 11 & Railroad St","stop_id":"10358"},"type":"Feature"},{"geometry":{"coordinates":[-76.14348,43.26529],"type":"Point"},"properties":{"kind":"stop","name":"Route 11 & Corporate Park Dr","stop_id":"10359"},"type":"Feature"},{"geometry":{"coordinates":[-76.14225,43.25477],"type":"Point"},"properties":{"kind":"stop","name":"Route 11 & Kline Rd","stop_id":"10361"},"type":"Feature"},{"geometry":{"coordinates":[-76.13463,43.21709],"type":"Point"},"properties":{"kind":"stop","name":"Route 11 & Mud Mill Rd","stop_id":"10366"},"type":"Feature"},{"geometry":{"coordinates":[-76.11891,43.17441],"type":"Point"},"properties":{"kind":"stop","name":"Route 11 & Crabtree Ln","stop_id":"10367"},"type":"Feature"},{"geometry":{"coordinates":[-76.13339,43.14353],"type":"Point"},"properties":{"kind":"stop","name":"Harris Cir & Shirley Dr","stop_id":"10369"},"type":"Feature"},{"geometry":{"coordinates":[-76.13669,43.12685],"type":"Point"},"properties":{"kind":"stop","name":"S Main St & Pleasant Ave","stop_id":"10371"},"type":"Feature"},{"geometry":{"coordinates":[-76.13887,43.12525],"type":"Point"},"properties":{"kind":"stop","name":"S Main St & Melrose Dr","stop_id":"10372"},"type":"Feature"},{"geometry":{"coordinates":[-76.14091,43.1239],"type":"Point"},"properties":{"kind":"stop","name":"S Main St & Lawrence Ave","stop_id":"10373"},"type":"Feature"},{"geometry":{"coordinates":[-76.1637,43.04935],"type":"Point"},"properties":{"kind":"stop","name":"600 Erie Blvd W","stop_id":"10405"},"type":"Feature"},{"geometry":{"coordinates":[-76.09339,43.03735],"type":"Point"},"properties":{"kind":"stop","name":"Kimber Rd & Killian Dr","stop_id":"10446"},"type":"Feature"},{"geometry":{"coordinates":[-76.09258,43.03091],"type":"Point"},"properties":{"kind":"stop","name":"Kimber Rd & Randall Rd","stop_id":"10447"},"type":"Feature"},{"geometry":{"coordinates":[-76.09544,43.04292],"type":"Point"},"properties":{"kind":"stop","name":"E Genesee St & Unnamed Road","stop_id":"10450"},"type":"Feature"},{"geometry":{"coordinates":[-76.09366,43.03943],"type":"Point"},"properties":{"kind":"stop","name":"Kimber Rd & Euclid Ave","stop_id":"10451"},"type":"Feature"},{"geometry":{"coordinates":[-76.11111,43.03483],"type":"Point"},"properties":{"kind":"stop","name":"Meadowbrook Dr & Montana St","stop_id":"10458"},"type":"Feature"},{"geometry":{"coordinates":[-76.12947,43.03232],"type":"Point"},"properties":{"kind":"stop","name":"Oakwood","stop_id":"10471"},"type":"Feature"},{"geometry":{"coordinates":[-76.14431,42.98898],"type":"Point"},"properties":{"kind":"stop","name":"S Salina St & Richfield Ave","stop_id":"10476"},"type":"Feature"},{"geometry":{"coordinates":[-76.15059,43.00177],"type":"Point"},"properties":{"kind":"stop","name":"W Seneca Tpke & Milburn Dr","stop_id":"10477"},"type":"Feature"},{"geometry":{"coordinates":[-76.15421,43.00511],"type":"Point"},"properties":{"kind":"stop","name":"Valley Dr & Englewood Ave","stop_id":"10478"},"type":"Feature"},{"geometry":{"coordinates":[-76.15773,43.01189],"type":"Point"},"properties":{"kind":"stop","name":"Valley Dr & Marvin Rd","stop_id":"10479"},"type":"Feature"},{"geometry":{"coordinates":[-76.16473,43.03316],"type":"Point"},"properties":{"kind":"stop","name":"Onondaga Ave & Bellevue Ave","stop_id":"1048"},"type":"Feature"},{"geometry":{"coordinates":[-76.16095,43.01794],"type":"Point"},"properties":{"kind":"stop","name":"Valley Dr & W Lafayette Ave","stop_id":"10480"},"type":"Feature"},{"geometry":{"coordinates":[-76.16537,43.01989],"type":"Point"},"properties":{"kind":"stop","name":"Glenwood Ave & Summit Ave","stop_id":"10484"},"type":"Feature"},{"geometry":{"coordinates":[-76.16658,43.01995],"type":"Point"},"properties":{"kind":"stop","name":"Glenwood Ave & Arlington Ave","stop_id":"10485"},"type":"Feature"},{"geometry":{"coordinates":[-76.16785,43.01988],"type":"Point"},"properties":{"kind":"stop","name":"Glenwood Ave & Columbia Ave","stop_id":"10486"},"type":"Feature"},{"geometry":{"coordinates":[-76.14362,42.98532],"type":"Point"},"properties":{"kind":"stop","name":"S Salina St & Dorwin Ave","stop_id":"10488"},"type":"Feature"},{"geometry":{"coordinates":[-76.12269,43.06525],"type":"Point"},"properties":{"kind":"stop","name":"Teall Ave & James St","stop_id":"10503"},"type":"Feature"},{"geometry":{"coordinates":[-76.14281,43.08037],"type":"Point"},"properties":{"kind":"stop","name":"Court St & Wadsworth St","stop_id":"10518"},"type":"Feature"},{"geometry":{"coordinates":[-76.08035,43.03919],"type":"Point"},"properties":{"kind":"stop","name":"E Genesee St & Stoneridge Dr","stop_id":"10533"},"type":"Feature"},{"geometry":{"coordinates":[-76.07227,43.03612],"type":"Point"},"properties":{"kind":"stop","name":"E Genesee St & Paddock Dr","stop_id":"10534"},"type":"Feature"},{"geometry":{"coordinates":[-76.10518,43.06895],"type":"Point"},"properties":{"kind":"stop","name":"James St & N Midler Ave","stop_id":"10550"},"type":"Feature"},{"geometry":{"coordinates":[-76.14412,43.04272],"type":"Point"},"properties":{"kind":"stop","name":"E Adams St & S McBride St","stop_id":"10561"},"type":"Feature"},{"geometry":{"coordinates":[-76.14559,43.03843],"type":"Point"},"properties":{"kind":"stop","name":"Oakwood Ave & Burt St","stop_id":"10565"},"type":"Feature"},{"geometry":{"coordinates":[-76.13239,43.02529],"type":"Point"},"properties":{"kind":"stop","name":"E Colvin St & Lorraine Ave","stop_id":"10573"},"type":"Feature"},{"geometry":{"coordinates":[-76.13466,43.01259],"type":"Point"},"properties":{"kind":"stop","name":"E Brighton Ave & Ball Cir","stop_id":"10578"},"type":"Feature"},{"geometry":{"coordinates":[-76.1301,43.00346],"type":"Point"},"properties":{"kind":"stop","name":"E Brighton Ave & Intrepid La","stop_id":"10579"},"type":"Feature"},{"geometry":{"coordinates":[-76.13097,43.01901],"type":"Point"},"properties":{"kind":"stop","name":"Thurber St & Jamesville Ave","stop_id":"10580"},"type":"Feature"},{"geometry":{"coordinates":[-76.12457,43.01148],"type":"Point"},"properties":{"kind":"stop","name":"Jamesville Ave & Ainsley Dr","stop_id":"10604"},"type":"Feature"},{"geometry":{"coordinates":[-76.14536,43.02564],"type":"Point"},"properties":{"kind":"stop","name":"S Salina St & W Colvin St","stop_id":"10641"},"type":"Feature"},{"geometry":{"coordinates":[-76.15346,43.03061],"type":"Point"},"properties":{"kind":"stop","name":"Midland Ave & Furman St","stop_id":"10656"},"type":"Feature"},{"geometry":{"coordinates":[-76.15393,43.03158],"type":"Point"},"properties":{"kind":"stop","name":"Midland Ave & Cortland Ave","stop_id":"10657"},"type":"Feature"},{"geometry":{"coordinates":[-76.15792,43.02872],"type":"Point"},"properties":{"kind":"stop","name":"South Ave & Cortland Ave","stop_id":"10660"},"type":"Feature"},{"geometry":{"coordinates":[-76.15893,43.03612],"type":"Point"},"properties":{"kind":"stop","name":"South Ave & Tallman St","stop_id":"10662"},"type":"Feature"},{"geometry":{"coordinates":[-76.15906,43.03923],"type":"Point"},"properties":{"kind":"stop","name":"South Ave & W Onondaga St","stop_id":"10663"},"type":"Feature"},{"geometry":{"coordinates":[-76.15908,43.01433],"type":"Point"},"properties":{"kind":"stop","name":"Valley Dr & Griffin St","stop_id":"10671"},"type":"Feature"},{"geometry":{"coordinates":[-76.12237,43.06516],"type":"Point"},"properties":{"kind":"stop","name":"James St & Teall Ave","stop_id":"10678"},"type":"Feature"},{"geometry":{"coordinates":[-76.14977,43.03785],"type":"Point"},"properties":{"kind":"stop","name":"S Salina St & Cortland Ave","stop_id":"10680"},"type":"Feature"},{"geometry":{"coordinates":[-76.15639,43.06792],"type":"Point"},"properties":{"kind":"stop","name":"Park St & Danforth St","stop_id":"10689"},"type":"Feature"},{"geometry":{"coordinates":[-76.1236,43.08197],"type":"Point"},"properties":{"kind":"stop","name":"Teall Ave & Roxford Rd S","stop_id":"10696"},"type":"Feature"},{"geometry":{"coordinates":[-76.12105,43.08086],"type":"Point"},"properties":{"kind":"stop","name":"Schaffer Ave & Arterial Rd","stop_id":"10698"},"type":"Feature"},{"geometry":{"coordinates":[-76.13371,43.07253],"type":"Point"},"properties":{"kind":"stop","name":"Grant Blvd & Pleasantview Ave","stop_id":"10708"},"type":"Feature"},{"geometry":{"coordinates":[-76.13604,43.06244],"type":"Point"},"properties":{"kind":"stop","name":"Oak St & Jasper St","stop_id":"10724"},"type":"Feature"},{"geometry":{"coordinates":[-76.13592,43.06086],"type":"Point"},"properties":{"kind":"stop","name":"Oak St & Highland Ave","stop_id":"10726"},"type":"Feature"},{"geometry":{"coordinates":[-76.12139,43.03026],"type":"Point"},"properties":{"kind":"stop","name":"Broad St & Buckingham Ave","stop_id":"10734"},"type":"Feature"},{"geometry":{"coordinates":[-76.11992,43.03034],"type":"Point"},"properties":{"kind":"stop","name":"Broad St & Kensington Pl","stop_id":"10735"},"type":"Feature"},{"geometry":{"coordinates":[-76.1161,43.03053],"type":"Point"},"properties":{"kind":"stop","name":"Broad St & Meadowbrook Dr","stop_id":"10736"},"type":"Feature"},{"geometry":{"coordinates":[-76.11468,43.03115],"type":"Point"},"properties":{"kind":"stop","name":"Fellows Ave & Meadowbrook Dr","stop_id":"10738"},"type":"Feature"},{"geometry":{"coordinates":[-76.11497,43.03475],"type":"Point"},"properties":{"kind":"stop","name":"Fellows Ave & Montana St","stop_id":"10739"},"type":"Feature"},{"geometry":{"coordinates":[-76.12322,43.05397],"type":"Point"},"properties":{"kind":"stop","name":"Burnet Ave & Winton St","stop_id":"10756"},"type":"Feature"},{"geometry":{"coordinates":[-76.11585,43.04543],"type":"Point"},"properties":{"kind":"stop","name":"E Genesee St & Fellows Ave","stop_id":"10784"},"type":"Feature"},{"geometry":{"coordinates":[-76.14887,43.03316],"type":"Point"},"properties":{"kind":"stop","name":"S Salina St & E Castle St","stop_id":"10793"},"type":"Feature"},{"geometry":{"coordinates":[-76.13583,43.06073],"type":"Point"},"properties":{"kind":"stop","name":"Oak St & Highland Ave","stop_id":"10800"},"type":"Feature"},{"geometry":{"coordinates":[-76.13605,43.06321],"type":"Point"},"properties":{"kind":"stop","name":"Oak St & Park St","stop_id":"10802"},"type":"Feature"},{"geometry":{"coordinates":[-76.14335,43.06972],"type":"Point"},"properties":{"kind":"stop","name":"Butternut St & 3rd Ave","stop_id":"10815"},"type":"Feature"},{"geometry":{"coordinates":[-76.1581,43.06863],"type":"Point"},"properties":{"kind":"stop","name":"Court St & Park St","stop_id":"10840"},"type":"Feature"},{"geometry":{"coordinates":[-76.15671,43.06488],"type":"Point"},"properties":{"kind":"stop","name":"N Salina St & Kirkpatrick St","stop_id":"10842"},"type":"Feature"},{"geometry":{"coordinates":[-76.15418,43.06185],"type":"Point"},"properties":{"kind":"stop","name":"N Salina St & Catawba St","stop_id":"10843"},"type":"Feature"},{"geometry":{"coordinates":[-76.15225,43.0594],"type":"Point"},"properties":{"kind":"stop","name":"N Salina St & Ash St","stop_id":"10844"},"type":"Feature"},{"geometry":{"coordinates":[-76.14895,43.01908],"type":"Point"},"properties":{"kind":"stop","name":"Midland Ave & W Lafayette Ave","stop_id":"10847"},"type":"Feature"},{"geometry":{"coordinates":[-76.16928,43.01975],"type":"Point"},"properties":{"kind":"stop","name":"Glenwood Ave & Wellesley Rd","stop_id":"1085"},"type":"Feature"},{"geometry":{"coordinates":[-76.14423,43.00094],"type":"Point"},"properties":{"kind":"stop","name":"Valley Vista Apts","stop_id":"10851"},"type":"Feature"},{"geometry":{"coordinates":[-76.16901,43.01979],"type":"Point"},"properties":{"kind":"stop","name":"Glenwood Ave & Wellesley Rd","stop_id":"1087"},"type":"Feature"},{"geometry":{"coordinates":[-76.1588,43.03342],"type":"Point"},"properties":{"kind":"stop","name":"South Ave & Bellevue Ave","stop_id":"1088"},"type":"Feature"},{"geometry":{"coordinates":[-76.1891,43.03645],"type":"Point"},"properties":{"kind":"stop","name":"Grand Ave & Homer Ave","stop_id":"10897"},"type":"Feature"},{"geometry":{"coordinates":[-76.19734,43.03414],"type":"Point"},"properties":{"kind":"stop","name":"Grand Ave & Mayson Ave","stop_id":"10900"},"type":"Feature"},{"geometry":{"coordinates":[-76.1988,43.0333],"type":"Point"},"properties":{"kind":"stop","name":"Grand Ave & Graston Ave","stop_id":"10901"},"type":"Feature"},{"geometry":{"coordinates":[-76.20338,43.03185],"type":"Point"},"properties":{"kind":"stop","name":"Grand Ave & Westhill HS Ent Dr N","stop_id":"10903"},"type":"Feature"},{"geometry":{"coordinates":[-76.20558,43.03176],"type":"Point"},"properties":{"kind":"stop","name":"Grand Ave & Hillcrest Rd","stop_id":"10904"},"type":"Feature"},{"geometry":{"coordinates":[-76.21015,43.03162],"type":"Point"},"properties":{"kind":"stop","name":"Grand Ave & Ormsby Dr","stop_id":"10905"},"type":"Feature"},{"geometry":{"coordinates":[-76.20931,43.03462],"type":"Point"},"properties":{"kind":"stop","name":"Fay Rd & Bishop Ludden Entrance","stop_id":"10908"},"type":"Feature"},{"geometry":{"coordinates":[-76.15014,43.06775],"type":"Point"},"properties":{"kind":"stop","name":"Pond St & Spring St","stop_id":"10910"},"type":"Feature"},{"geometry":{"coordinates":[-76.14704,43.07188],"type":"Point"},"properties":{"kind":"stop","name":"Pond St & Becker St","stop_id":"10912"},"type":"Feature"},{"geometry":{"coordinates":[-76.1466,43.07244],"type":"Point"},"properties":{"kind":"stop","name":"Pond St & Warham St","stop_id":"10913"},"type":"Feature"},{"geometry":{"coordinates":[-76.14301,43.05508],"type":"Point"},"properties":{"kind":"stop","name":"James St & Catherine St","stop_id":"10928"},"type":"Feature"},{"geometry":{"coordinates":[-76.17362,43.05378],"type":"Point"},"properties":{"kind":"stop","name":"W Genesee St & Liberty St","stop_id":"10929"},"type":"Feature"},{"geometry":{"coordinates":[-76.19773,43.05915],"type":"Point"},"properties":{"kind":"stop","name":"Milton Ave & Erie Blvd W","stop_id":"1093"},"type":"Feature"},{"geometry":{"coordinates":[-76.19322,43.05049],"type":"Point"},"properties":{"kind":"stop","name":"W Genesee St & Avery Ave","stop_id":"10930"},"type":"Feature"},{"geometry":{"coordinates":[-76.14674,43.05435],"type":"Point"},"properties":{"kind":"stop","name":"E Willow St & N Townsend St","stop_id":"10954"},"type":"Feature"},{"geometry":{"coordinates":[-76.14301,43.08019],"type":"Point"},"properties":{"kind":"stop","name":"Court St & Wadsworth St","stop_id":"10974"},"type":"Feature"},{"geometry":{"coordinates":[-76.13605,43.07243],"type":"Point"},"properties":{"kind":"stop","name":"Grant Blvd & Darlington Rd","stop_id":"1099"},"type":"Feature"},{"geometry":{"coordinates":[-76.17832,43.04682],"type":"Point"},"properties":{"kind":"stop","name":"S Wilbur Ave & Whittier Ave","stop_id":"10994"},"type":"Feature"},{"geometry":{"coordinates":[-76.15076,43.0408],"type":"Point"},"properties":{"kind":"stop","name":"S Salina St & Temple St","stop_id":"110"},"type":"Feature"},{"geometry":{"coordinates":[-76.16803,43.01983],"type":"Point"},"properties":{"kind":"stop","name":"Glenwood Ave & Columbia Ave","stop_id":"11027"},"type":"Feature"},{"geometry":{"coordinates":[-76.16679,43.0199],"type":"Point"},"properties":{"kind":"stop","name":"Glenwood Ave & Arlington Ave","stop_id":"11028"},"type":"Feature"},{"geometry":{"coordinates":[-76.16559,43.01987],"type":"Point"},"properties":{"kind":"stop","name":"Glenwood Ave & Summit Ave","stop_id":"11029"},"type":"Feature"},{"geometry":{"coordinates":[-76.15032,43.00167],"type":"Point"},"properties":{"kind":"stop","name":"W Seneca Tpke & Academy Grn","stop_id":"11035"},"type":"Feature"},{"geometry":{"coordinates":[-76.14701,43.00123],"type":"Point"},"properties":{"kind":"stop","name":"W Seneca Tpke & Midland Ave","stop_id":"11036"},"type":"Feature"},{"geometry":{"coordinates":[-76.21297,43.06027],"type":"Point"},"properties":{"kind":"stop","name":"3rd St & Woods Rd","stop_id":"1104"},"type":"Feature"},{"geometry":{"coordinates":[-76.17066,43.0521],"type":"Point"},"properties":{"kind":"stop","name":"N Geddes St & Park Ave","stop_id":"11051"},"type":"Feature"},{"geometry":{"coordinates":[-76.17069,43.05112],"type":"Point"},"properties":{"kind":"stop","name":"N Geddes St & Wilkinson St","stop_id":"11052"},"type":"Feature"},{"geometry":{"coordinates":[-76.17097,43.04595],"type":"Point"},"properties":{"kind":"stop","name":"S Geddes St & W Fayette St","stop_id":"11054"},"type":"Feature"},{"geometry":{"coordinates":[-76.15946,43.02472],"type":"Point"},"properties":{"kind":"stop","name":"Onondaga Ave & South Ave","stop_id":"11059"},"type":"Feature"},{"geometry":{"coordinates":[-76.15899,43.03626],"type":"Point"},"properties":{"kind":"stop","name":"South Ave & Tallman St","stop_id":"11060"},"type":"Feature"},{"geometry":{"coordinates":[-76.15932,43.02474],"type":"Point"},"properties":{"kind":"stop","name":"South Ave & Onondaga Ave","stop_id":"11061"},"type":"Feature"},{"geometry":{"coordinates":[-76.14984,43.0378],"type":"Point"},"properties":{"kind":"stop","name":"S Salina St & Cortland Ave","stop_id":"11071"},"type":"Feature"},{"geometry":{"coordinates":[-76.13548,43.01382],"type":"Point"},"properties":{"kind":"stop","name":"E Brighton Ave & Ivy Ridge Rd","stop_id":"11082"},"type":"Feature"},{"geometry":{"coordinates":[-76.1301,43.00338],"type":"Point"},"properties":{"kind":"stop","name":"E Brighton Ave & Intrepid La","stop_id":"11083"},"type":"Feature"},{"geometry":{"coordinates":[-76.1348,43.01272],"type":"Point"},"properties":{"kind":"stop","name":"E Brighton Ave & Ball Cir","stop_id":"11084"},"type":"Feature"},{"geometry":{"coordinates":[-76.13062,42.99758],"type":"Point"},"properties":{"kind":"stop","name":"Nob Hill Apts Building #3","stop_id":"11089"},"type":"Feature"},{"geometry":{"coordinates":[-76.12848,42.99935],"type":"Point"},"properties":{"kind":"stop","name":"Nob Hill Apts Building #1","stop_id":"11090"},"type":"Feature"},{"geometry":{"coordinates":[-76.12773,42.99897],"type":"Point"},"properties":{"kind":"stop","name":"Nob Hill Apts Building #2","stop_id":"11091"},"type":"Feature"},{"geometry":{"coordinates":[-76.15924,43.02456],"type":"Point"},"properties":{"kind":"stop","name":"South Ave & Onondaga Ave","stop_id":"11097"},"type":"Feature"},{"geometry":{"coordinates":[-76.1643,43.0442],"type":"Point"},"properties":{"kind":"stop","name":"Oswego St & Tully St","stop_id":"11106"},"type":"Feature"},{"geometry":{"coordinates":[-76.16474,43.04514],"type":"Point"},"properties":{"kind":"stop","name":"Oswego St & Otisco St","stop_id":"11107"},"type":"Feature"},{"geometry":{"coordinates":[-76.17067,43.05008],"type":"Point"},"properties":{"kind":"stop","name":"N Geddes St & Richmond Ave","stop_id":"11110"},"type":"Feature"},{"geometry":{"coordinates":[-76.17062,43.05096],"type":"Point"},"properties":{"kind":"stop","name":"N Geddes St & Wilkinson St","stop_id":"11111"},"type":"Feature"},{"geometry":{"coordinates":[-76.1706,43.05191],"type":"Point"},"properties":{"kind":"stop","name":"N Geddes St & Park Ave","stop_id":"11112"},"type":"Feature"},{"geometry":{"coordinates":[-76.23428,43.04758],"type":"Point"},"properties":{"kind":"stop","name":"Fairmount Fair","stop_id":"1114"},"type":"Feature"},{"geometry":{"coordinates":[-76.14766,43.04055],"type":"Point"},"properties":{"kind":"stop","name":"New St & S State St","stop_id":"11166"},"type":"Feature"},{"geometry":{"coordinates":[-76.12778,43.047],"type":"Point"},"properties":{"kind":"stop","name":"E Genesee St & Beech St","stop_id":"11185"},"type":"Feature"},{"geometry":{"coordinates":[-76.12129,43.04833],"type":"Point"},"properties":{"kind":"stop","name":"E Fayette St & Columbus Ave","stop_id":"11190"},"type":"Feature"},{"geometry":{"coordinates":[-76.14478,43.06322],"type":"Point"},"properties":{"kind":"stop","name":"Park St & Oberst St","stop_id":"11204"},"type":"Feature"},{"geometry":{"coordinates":[-76.15072,43.06694],"type":"Point"},"properties":{"kind":"stop","name":"Pond St & Carbon St","stop_id":"11214"},"type":"Feature"},{"geometry":{"coordinates":[-76.14769,43.07363],"type":"Point"},"properties":{"kind":"stop","name":"Grant Blvd & Culbert St","stop_id":"11219"},"type":"Feature"},{"geometry":{"coordinates":[-76.16752,43.04309],"type":"Point"},"properties":{"kind":"stop","name":"Gifford St & Ontario St","stop_id":"11223"},"type":"Feature"},{"geometry":{"coordinates":[-76.15908,43.06721],"type":"Point"},"properties":{"kind":"stop","name":"Court St & N Salina St","stop_id":"11231"},"type":"Feature"},{"geometry":{"coordinates":[-76.15186,43.07437],"type":"Point"},"properties":{"kind":"stop","name":"Grant Blvd & Danforth St","stop_id":"11232"},"type":"Feature"},{"geometry":{"coordinates":[-76.19272,43.05677],"type":"Point"},"properties":{"kind":"stop","name":"Milton Ave & Essex St","stop_id":"11243"},"type":"Feature"},{"geometry":{"coordinates":[-76.14331,43.06719],"type":"Point"},"properties":{"kind":"stop","name":"Butternut St & 1st North St","stop_id":"1125"},"type":"Feature"},{"geometry":{"coordinates":[-76.18765,43.04577],"type":"Point"},"properties":{"kind":"stop","name":"Tompkins St & Willis Ave","stop_id":"11251"},"type":"Feature"},{"geometry":{"coordinates":[-76.18571,43.0465],"type":"Point"},"properties":{"kind":"stop","name":"Tompkins St & Milton Ave","stop_id":"11252"},"type":"Feature"},{"geometry":{"coordinates":[-76.18342,43.04736],"type":"Point"},"properties":{"kind":"stop","name":"Tompkins St & Emerson Ave","stop_id":"11253"},"type":"Feature"},{"geometry":{"coordinates":[-76.17167,43.04183],"type":"Point"},"properties":{"kind":"stop","name":"S Geddes St & Seymour St","stop_id":"11260"},"type":"Feature"},{"geometry":{"coordinates":[-76.17129,43.04277],"type":"Point"},"properties":{"kind":"stop","name":"S Geddes St & Gifford St","stop_id":"11261"},"type":"Feature"},{"geometry":{"coordinates":[-76.14338,43.06724],"type":"Point"},"properties":{"kind":"stop","name":"Butternut St & 1st North St","stop_id":"1127"},"type":"Feature"},{"geometry":{"coordinates":[-76.15067,43.06715],"type":"Point"},"properties":{"kind":"stop","name":"Pond St & Carbon St","stop_id":"11272"},"type":"Feature"},{"geometry":{"coordinates":[-76.15149,43.06603],"type":"Point"},"properties":{"kind":"stop","name":"Pond St & Park St","stop_id":"11273"},"type":"Feature"},{"geometry":{"coordinates":[-76.14497,43.06326],"type":"Point"},"properties":{"kind":"stop","name":"Park St & Oberst St","stop_id":"11279"},"type":"Feature"},{"geometry":{"coordinates":[-76.14421,43.06287],"type":"Point"},"properties":{"kind":"stop","name":"Park St & Butternut St","stop_id":"11280"},"type":"Feature"},{"geometry":{"coordinates":[-76.10354,43.04642],"type":"Point"},"properties":{"kind":"stop","name":"Seeley Rd & Salt Springs Rd","stop_id":"11309"},"type":"Feature"},{"geometry":{"coordinates":[-76.149,43.06929],"type":"Point"},"properties":{"kind":"stop","name":"Pond St & 1st North St","stop_id":"1132"},"type":"Feature"},{"geometry":{"coordinates":[-76.14892,43.0695],"type":"Point"},"properties":{"kind":"stop","name":"Pond St & 1st North St","stop_id":"1133"},"type":"Feature"},{"geometry":{"coordinates":[-76.14534,43.02569],"type":"Point"},"properties":{"kind":"stop","name":"S Salina St & E Colvin St","stop_id":"11333"},"type":"Feature"},{"geometry":{"coordinates":[-76.14608,43.07318],"type":"Point"},"properties":{"kind":"stop","name":"Pond St & Grant Blvd","stop_id":"1134"},"type":"Feature"},{"geometry":{"coordinates":[-76.14623,43.07328],"type":"Point"},"properties":{"kind":"stop","name":"Grant Blvd & Pond St","stop_id":"1137"},"type":"Feature"},{"geometry":{"coordinates":[-76.15578,43.03638],"type":"Point"},"properties":{"kind":"stop","name":"Tallman St & Midland Ave","stop_id":"11380"},"type":"Feature"},{"geometry":{"coordinates":[-76.16406,43.04749],"type":"Point"},"properties":{"kind":"stop","name":"W Fayette St & Tioga St","stop_id":"11412"},"type":"Feature"},{"geometry":{"coordinates":[-76.16247,43.04787],"type":"Point"},"properties":{"kind":"stop","name":"W Fayettte St & Niagara St","stop_id":"11413"},"type":"Feature"},{"geometry":{"coordinates":[-76.14965,43.07402],"type":"Point"},"properties":{"kind":"stop","name":"Grant Blvd & Kirkpatrick St","stop_id":"1142"},"type":"Feature"},{"geometry":{"coordinates":[-76.17261,43.04057],"type":"Point"},"properties":{"kind":"stop","name":"S Geddes St & Grand Ave","stop_id":"11446"},"type":"Feature"},{"geometry":{"coordinates":[-76.14998,43.07402],"type":"Point"},"properties":{"kind":"stop","name":"Grant Blvd & Kirkpatrick St","stop_id":"1145"},"type":"Feature"},{"geometry":{"coordinates":[-76.15224,43.05947],"type":"Point"},"properties":{"kind":"stop","name":"N Salina St & Ash St","stop_id":"11468"},"type":"Feature"},{"geometry":{"coordinates":[-76.1402,43.07221],"type":"Point"},"properties":{"kind":"stop","name":"Grant Blvd & Worden Ave","stop_id":"11470"},"type":"Feature"},{"geometry":{"coordinates":[-76.1235,43.08172],"type":"Point"},"properties":{"kind":"stop","name":"Teall Ave & Roxford Rd S","stop_id":"11481"},"type":"Feature"},{"geometry":{"coordinates":[-76.12308,43.07178],"type":"Point"},"properties":{"kind":"stop","name":"Teall Ave & Grant Blvd","stop_id":"11482"},"type":"Feature"},{"geometry":{"coordinates":[-76.2297,43.05801],"type":"Point"},"properties":{"kind":"stop","name":"Milton Ave & Bailey St","stop_id":"1149"},"type":"Feature"},{"geometry":{"coordinates":[-76.15603,43.00952],"type":"Point"},"properties":{"kind":"stop","name":"Ballantyne Rd & Valley Dr","stop_id":"11538"},"type":"Feature"},{"geometry":{"coordinates":[-76.15477,43.06725],"type":"Point"},"properties":{"kind":"stop","name":"Park St & Kirkpatrick St","stop_id":"1154"},"type":"Feature"},{"geometry":{"coordinates":[-76.17648,43.04501],"type":"Point"},"properties":{"kind":"stop","name":"S Wilbur Ave & Conservation Pl","stop_id":"11542"},"type":"Feature"},{"geometry":{"coordinates":[-76.17734,43.04589],"type":"Point"},"properties":{"kind":"stop","name":"S Wilbur Ave & Coleridge Ave","stop_id":"11543"},"type":"Feature"},{"geometry":{"coordinates":[-76.21888,43.06197],"type":"Point"},"properties":{"kind":"stop","name":"Milton Ave & Cogswell Ave","stop_id":"1157"},"type":"Feature"},{"geometry":{"coordinates":[-76.08779,43.06379],"type":"Point"},"properties":{"kind":"stop","name":"Thompson Rd & Bristol Labs","stop_id":"11584"},"type":"Feature"},{"geometry":{"coordinates":[-76.15036,43.03956],"type":"Point"},"properties":{"kind":"stop","name":"S Salina St & E Taylor St","stop_id":"116"},"type":"Feature"},{"geometry":{"coordinates":[-76.14711,43.06417],"type":"Point"},"properties":{"kind":"stop","name":"Park St & John St","stop_id":"1161"},"type":"Feature"},{"geometry":{"coordinates":[-76.11171,43.03082],"type":"Point"},"properties":{"kind":"stop","name":"Nottingham Rd & Broad St","stop_id":"11618"},"type":"Feature"},{"geometry":{"coordinates":[-76.11164,43.02938],"type":"Point"},"properties":{"kind":"stop","name":"Nottingham Rd & Spaid Ave","stop_id":"11619"},"type":"Feature"},{"geometry":{"coordinates":[-76.14739,43.06423],"type":"Point"},"properties":{"kind":"stop","name":"Park St & John St","stop_id":"1162"},"type":"Feature"},{"geometry":{"coordinates":[-76.17,43.03422],"type":"Point"},"properties":{"kind":"stop","name":"Dudley St & W Onondaga St","stop_id":"1166"},"type":"Feature"},{"geometry":{"coordinates":[-76.12769,43.0527],"type":"Point"},"properties":{"kind":"stop","name":"Burnet Ave & N Beech St","stop_id":"11678"},"type":"Feature"},{"geometry":{"coordinates":[-76.1373,43.05073],"type":"Point"},"properties":{"kind":"stop","name":"Erie Blvd & N Crouse Ave","stop_id":"11683"},"type":"Feature"},{"geometry":{"coordinates":[-76.20515,43.10152],"type":"Point"},"properties":{"kind":"stop","name":"1st St & Cypress St","stop_id":"11692"},"type":"Feature"},{"geometry":{"coordinates":[-76.20685,43.10191],"type":"Point"},"properties":{"kind":"stop","name":"Vine St & 1st St","stop_id":"11700"},"type":"Feature"},{"geometry":{"coordinates":[-76.11768,43.16164],"type":"Point"},"properties":{"kind":"stop","name":"Walmart - Cicero","stop_id":"11704"},"type":"Feature"},{"geometry":{"coordinates":[-76.2051,43.10148],"type":"Point"},"properties":{"kind":"stop","name":"1st St & Cypress St","stop_id":"11707"},"type":"Feature"},{"geometry":{"coordinates":[-76.13988,43.05024],"type":"Point"},"properties":{"kind":"stop","name":"Forman Ave & E Water St","stop_id":"11709"},"type":"Feature"},{"geometry":{"coordinates":[-76.10552,43.05823],"type":"Point"},"properties":{"kind":"stop","name":"Burnet Ave & S Edwards Ave","stop_id":"11712"},"type":"Feature"},{"geometry":{"coordinates":[-76.1687,43.0369],"type":"Point"},"properties":{"kind":"stop","name":"Dudley St & Delaware St","stop_id":"1173"},"type":"Feature"},{"geometry":{"coordinates":[-76.07159,43.08437],"type":"Point"},"properties":{"kind":"stop","name":"Deerfield Rd & Franklin Pk Apts","stop_id":"11736"},"type":"Feature"},{"geometry":{"coordinates":[-76.15074,43.01046],"type":"Point"},"properties":{"kind":"stop","name":"Atlantic Ave & Ballantyne Rd","stop_id":"11749"},"type":"Feature"},{"geometry":{"coordinates":[-76.13614,43.00889],"type":"Point"},"properties":{"kind":"stop","name":"Lorretto Drive & Glen Ave","stop_id":"11783"},"type":"Feature"},{"geometry":{"coordinates":[-76.1361,43.009],"type":"Point"},"properties":{"kind":"stop","name":"Loretto Driveway & E Glen Ave","stop_id":"11788"},"type":"Feature"},{"geometry":{"coordinates":[-76.06722,43.06585],"type":"Point"},"properties":{"kind":"stop","name":"McCool Ave & E Yates St","stop_id":"1179"},"type":"Feature"},{"geometry":{"coordinates":[-76.14305,43.00545],"type":"Point"},"properties":{"kind":"stop","name":"E Glen Ave & S Salina St","stop_id":"11798"},"type":"Feature"},{"geometry":{"coordinates":[-76.2128,43.06022],"type":"Point"},"properties":{"kind":"stop","name":"Woods Rd & 3rd St","stop_id":"1180"},"type":"Feature"},{"geometry":{"coordinates":[-76.13654,42.95757],"type":"Point"},"properties":{"kind":"stop","name":"Route 11 & Kennedy Rd Spur","stop_id":"11801"},"type":"Feature"},{"geometry":{"coordinates":[-76.13916,42.94639],"type":"Point"},"properties":{"kind":"stop","name":"3529 Route 11","stop_id":"11805"},"type":"Feature"},{"geometry":{"coordinates":[-76.13028,42.93793],"type":"Point"},"properties":{"kind":"stop","name":"Route 11 & McClary Rd","stop_id":"11808"},"type":"Feature"},{"geometry":{"coordinates":[-76.12354,42.93068],"type":"Point"},"properties":{"kind":"stop","name":"Route 11 & Webb Rd","stop_id":"11812"},"type":"Feature"},{"geometry":{"coordinates":[-76.12169,42.92925],"type":"Point"},"properties":{"kind":"stop","name":"Route 11 & Norman Dr","stop_id":"11813"},"type":"Feature"},{"geometry":{"coordinates":[-76.11947,42.92528],"type":"Point"},"properties":{"kind":"stop","name":"Route 11 & Mondore Dr","stop_id":"11815"},"type":"Feature"},{"geometry":{"coordinates":[-76.11533,42.91302],"type":"Point"},"properties":{"kind":"stop","name":"Route 11 & Sentinel Heights Rd","stop_id":"11818"},"type":"Feature"},{"geometry":{"coordinates":[-76.11155,42.90503],"type":"Point"},"properties":{"kind":"stop","name":"Route 11 & Moltion Rd","stop_id":"11821"},"type":"Feature"},{"geometry":{"coordinates":[-76.10548,42.89225],"type":"Point"},"properties":{"kind":"stop","name":"Route 11 & Route 20","stop_id":"11823"},"type":"Feature"},{"geometry":{"coordinates":[-76.1079,42.88249],"type":"Point"},"properties":{"kind":"stop","name":"2291 Route 11","stop_id":"11825"},"type":"Feature"},{"geometry":{"coordinates":[-76.1071,42.87369],"type":"Point"},"properties":{"kind":"stop","name":"Route 11 & Sturgen Dr","stop_id":"11827"},"type":"Feature"},{"geometry":{"coordinates":[-76.10696,42.87202],"type":"Point"},"properties":{"kind":"stop","name":"Route 11 & Meeker Hill Rd","stop_id":"11828"},"type":"Feature"},{"geometry":{"coordinates":[-76.10688,42.87111],"type":"Point"},"properties":{"kind":"stop","name":"Route 11 & Feather Dr","stop_id":"11829"},"type":"Feature"},{"geometry":{"coordinates":[-76.10676,42.86857],"type":"Point"},"properties":{"kind":"stop","name":"Route 11 & North Rd","stop_id":"11830"},"type":"Feature"},{"geometry":{"coordinates":[-76.10805,42.86645],"type":"Point"},"properties":{"kind":"stop","name":"Route 11 & Scammel Rd","stop_id":"11831"},"type":"Feature"},{"geometry":{"coordinates":[-76.115,42.85426],"type":"Point"},"properties":{"kind":"stop","name":"1701 Route 11","stop_id":"11836"},"type":"Feature"},{"geometry":{"coordinates":[-76.12079,42.84274],"type":"Point"},"properties":{"kind":"stop","name":"1461 Route 11","stop_id":"11839"},"type":"Feature"},{"geometry":{"coordinates":[-76.12208,42.83151],"type":"Point"},"properties":{"kind":"stop","name":"1257 Route 11","stop_id":"11841"},"type":"Feature"},{"geometry":{"coordinates":[-76.12257,42.82679],"type":"Point"},"properties":{"kind":"stop","name":"1121 Route 11","stop_id":"11842"},"type":"Feature"},{"geometry":{"coordinates":[-76.12064,42.81277],"type":"Point"},"properties":{"kind":"stop","name":"801 Route 11","stop_id":"11843"},"type":"Feature"},{"geometry":{"coordinates":[-76.12216,42.79912],"type":"Point"},"properties":{"kind":"stop","name":"Route 11 & Route 80","stop_id":"11847"},"type":"Feature"},{"geometry":{"coordinates":[-76.12112,42.79104],"type":"Point"},"properties":{"kind":"stop","name":"Route 281 & Lake Rd","stop_id":"11848"},"type":"Feature"},{"geometry":{"coordinates":[-76.11162,42.79139],"type":"Point"},"properties":{"kind":"stop","name":"Meetinghouse Rd & Route 11","stop_id":"11849"},"type":"Feature"},{"geometry":{"coordinates":[-76.11002,42.79636],"type":"Point"},"properties":{"kind":"stop","name":"Route 11 & Onondaga St","stop_id":"11850"},"type":"Feature"},{"geometry":{"coordinates":[-76.10954,42.79808],"type":"Point"},"properties":{"kind":"stop","name":"Route 11 & Route 80","stop_id":"11851"},"type":"Feature"},{"geometry":{"coordinates":[-76.11345,42.79778],"type":"Point"},"properties":{"kind":"stop","name":"Route 80 & Melinda Ln","stop_id":"11852"},"type":"Feature"},{"geometry":{"coordinates":[-76.12204,42.79905],"type":"Point"},"properties":{"kind":"stop","name":"Route 80 & Route 11","stop_id":"11854"},"type":"Feature"},{"geometry":{"coordinates":[-76.12058,42.811],"type":"Point"},"properties":{"kind":"stop","name":"820 Route 11","stop_id":"11859"},"type":"Feature"},{"geometry":{"coordinates":[-76.12238,42.82425],"type":"Point"},"properties":{"kind":"stop","name":"1112 Route 11","stop_id":"11861"},"type":"Feature"},{"geometry":{"coordinates":[-76.12197,42.83153],"type":"Point"},"properties":{"kind":"stop","name":"1240 Route 11","stop_id":"11863"},"type":"Feature"},{"geometry":{"coordinates":[-76.12079,42.84229],"type":"Point"},"properties":{"kind":"stop","name":"1460 Route 11","stop_id":"11865"},"type":"Feature"},{"geometry":{"coordinates":[-76.11501,42.854],"type":"Point"},"properties":{"kind":"stop","name":"1714 Route 11","stop_id":"11867"},"type":"Feature"},{"geometry":{"coordinates":[-76.10813,42.86626],"type":"Point"},"properties":{"kind":"stop","name":"Route 11 & Scammel Rd","stop_id":"11870"},"type":"Feature"},{"geometry":{"coordinates":[-76.10665,42.86874],"type":"Point"},"properties":{"kind":"stop","name":"Route 11 & North Rd","stop_id":"11871"},"type":"Feature"},{"geometry":{"coordinates":[-76.10677,42.87098],"type":"Point"},"properties":{"kind":"stop","name":"Route 11 & Feather Dr","stop_id":"11872"},"type":"Feature"},{"geometry":{"coordinates":[-76.10689,42.87188],"type":"Point"},"properties":{"kind":"stop","name":"Route 11 & Meeker Hill Rd","stop_id":"11873"},"type":"Feature"},{"geometry":{"coordinates":[-76.10703,42.87355],"type":"Point"},"properties":{"kind":"stop","name":"Route 11 & Sturgen Dr","stop_id":"11874"},"type":"Feature"},{"geometry":{"coordinates":[-76.10783,42.88251],"type":"Point"},"properties":{"kind":"stop","name":"2300 Route 11","stop_id":"11877"},"type":"Feature"},{"geometry":{"coordinates":[-76.10542,42.8921],"type":"Point"},"properties":{"kind":"stop","name":"Route 11 & Route 80","stop_id":"11880"},"type":"Feature"},{"geometry":{"coordinates":[-76.11142,42.9049],"type":"Point"},"properties":{"kind":"stop","name":"Route 11 & Moltion Rd","stop_id":"11882"},"type":"Feature"},{"geometry":{"coordinates":[-76.11519,42.91294],"type":"Point"},"properties":{"kind":"stop","name":"Route 11 & Sentinel Heights Rd","stop_id":"11885"},"type":"Feature"},{"geometry":{"coordinates":[-76.11936,42.92513],"type":"Point"},"properties":{"kind":"stop","name":"Route 11 & Mondore Dr","stop_id":"11888"},"type":"Feature"},{"geometry":{"coordinates":[-76.12151,42.92918],"type":"Point"},"properties":{"kind":"stop","name":"Route 11 & Norman Dr","stop_id":"11890"},"type":"Feature"},{"geometry":{"coordinates":[-76.12334,42.93061],"type":"Point"},"properties":{"kind":"stop","name":"Route 11 & Webb Rd","stop_id":"11891"},"type":"Feature"},{"geometry":{"coordinates":[-76.13014,42.93787],"type":"Point"},"properties":{"kind":"stop","name":"Route 11 & McClary Rd","stop_id":"11894"},"type":"Feature"},{"geometry":{"coordinates":[-76.13795,42.94439],"type":"Point"},"properties":{"kind":"stop","name":"3520 Route 11","stop_id":"11897"},"type":"Feature"},{"geometry":{"coordinates":[-76.13648,42.95745],"type":"Point"},"properties":{"kind":"stop","name":"Route 11 & Kennedy Rd Spur","stop_id":"11900"},"type":"Feature"},{"geometry":{"coordinates":[-76.14816,43.05627],"type":"Point"},"properties":{"kind":"stop","name":"N Townsend St & Union Ave","stop_id":"1193"},"type":"Feature"},{"geometry":{"coordinates":[-76.11831,42.99788],"type":"Point"},"properties":{"kind":"stop","name":"Iroquois Dr &  E Seneca Tpk","stop_id":"11932"},"type":"Feature"},{"geometry":{"coordinates":[-76.12962,43.03409],"type":"Point"},"properties":{"kind":"stop","name":"Comstock Ave & Stratford St","stop_id":"11937"},"type":"Feature"},{"geometry":{"coordinates":[-76.10782,43.0209],"type":"Point"},"properties":{"kind":"stop","name":"Nottingham Rd & Halton Rd","stop_id":"11940"},"type":"Feature"},{"geometry":{"coordinates":[-76.12968,43.00506],"type":"Point"},"properties":{"kind":"stop","name":"Brighton Towers","stop_id":"11942"},"type":"Feature"},{"geometry":{"coordinates":[-76.11153,43.03492],"type":"Point"},"properties":{"kind":"stop","name":"Montana St & Meadowbrook Dr","stop_id":"11944"},"type":"Feature"},{"geometry":{"coordinates":[-76.1148,43.03156],"type":"Point"},"properties":{"kind":"stop","name":"Fellows Ave & Meadowbrook Dr","stop_id":"11954"},"type":"Feature"},{"geometry":{"coordinates":[-76.11477,43.03076],"type":"Point"},"properties":{"kind":"stop","name":"Fellows Ave & Broad St","stop_id":"11955"},"type":"Feature"},{"geometry":{"coordinates":[-76.11705,43.03052],"type":"Point"},"properties":{"kind":"stop","name":"Broad St & Roosevelt Ave","stop_id":"11956"},"type":"Feature"},{"geometry":{"coordinates":[-76.14796,43.05613],"type":"Point"},"properties":{"kind":"stop","name":"N Townsend St & Union Ave","stop_id":"1197"},"type":"Feature"},{"geometry":{"coordinates":[-76.06714,43.05476],"type":"Point"},"properties":{"kind":"stop","name":"Bridge St & Enterprise Pky","stop_id":"12009"},"type":"Feature"},{"geometry":{"coordinates":[-76.06412,43.04342],"type":"Point"},"properties":{"kind":"stop","name":"Widewaters Pkwy & Kinne Rd","stop_id":"12010"},"type":"Feature"},{"geometry":{"coordinates":[-76.11772,43.01646],"type":"Point"},"properties":{"kind":"stop","name":"Sky Hall","stop_id":"12048"},"type":"Feature"},{"geometry":{"coordinates":[-76.19792,43.05669],"type":"Point"},"properties":{"kind":"stop","name":"Chemung St & Avery Ave","stop_id":"1205"},"type":"Feature"},{"geometry":{"coordinates":[-76.56897,42.93042],"type":"Point"},"properties":{"kind":"stop","name":"Genesee St & Green Street","stop_id":"12052"},"type":"Feature"},{"geometry":{"coordinates":[-76.57151,42.92914],"type":"Point"},"properties":{"kind":"stop","name":"Genesee St & James St","stop_id":"12053"},"type":"Feature"},{"geometry":{"coordinates":[-76.5748,42.9275],"type":"Point"},"properties":{"kind":"stop","name":"Genesee St & Washington St","stop_id":"12055"},"type":"Feature"},{"geometry":{"coordinates":[-76.57635,42.92679],"type":"Point"},"properties":{"kind":"stop","name":"Genesee St & Jefferson St","stop_id":"12057"},"type":"Feature"},{"geometry":{"coordinates":[-76.57735,42.92628],"type":"Point"},"properties":{"kind":"stop","name":"Genesee st & Parker St","stop_id":"12058"},"type":"Feature"},{"geometry":{"coordinates":[-76.5785,42.92564],"type":"Point"},"properties":{"kind":"stop","name":"Genesee St & Park Pl","stop_id":"12059"},"type":"Feature"},{"geometry":{"coordinates":[-76.57951,42.92492],"type":"Point"},"properties":{"kind":"stop","name":"Garrow St & Genesee St","stop_id":"12061"},"type":"Feature"},{"geometry":{"coordinates":[-76.57786,42.92218],"type":"Point"},"properties":{"kind":"stop","name":"Garrow St & Arch St","stop_id":"12062"},"type":"Feature"},{"geometry":{"coordinates":[-76.57644,42.92006],"type":"Point"},"properties":{"kind":"stop","name":"Garrow St & Chapman Ave","stop_id":"12063"},"type":"Feature"},{"geometry":{"coordinates":[-76.57207,42.92025],"type":"Point"},"properties":{"kind":"stop","name":"Chapman Ave & Worden Pl","stop_id":"12064"},"type":"Feature"},{"geometry":{"coordinates":[-76.57104,42.91617],"type":"Point"},"properties":{"kind":"stop","name":"Quill Ave & Clymer St","stop_id":"12069"},"type":"Feature"},{"geometry":{"coordinates":[-76.57355,42.91589],"type":"Point"},"properties":{"kind":"stop","name":"Clymer St & Oak St","stop_id":"12071"},"type":"Feature"},{"geometry":{"coordinates":[-76.57583,42.91579],"type":"Point"},"properties":{"kind":"stop","name":"Clymer St & Garrow St","stop_id":"12072"},"type":"Feature"},{"geometry":{"coordinates":[-76.57913,42.91568],"type":"Point"},"properties":{"kind":"stop","name":"Clymer St & Thornton Ave","stop_id":"12073"},"type":"Feature"},{"geometry":{"coordinates":[-76.57932,42.91703],"type":"Point"},"properties":{"kind":"stop","name":"Thornton Ave & Center St","stop_id":"12074"},"type":"Feature"},{"geometry":{"coordinates":[-76.57938,42.91789],"type":"Point"},"properties":{"kind":"stop","name":"Thornton Ave & Saint Anthony St","stop_id":"12075"},"type":"Feature"},{"geometry":{"coordinates":[-76.58424,42.91951],"type":"Point"},"properties":{"kind":"stop","name":"Chapman Ave & Dunning Ave","stop_id":"12079"},"type":"Feature"},{"geometry":{"coordinates":[-76.19771,43.05669],"type":"Point"},"properties":{"kind":"stop","name":"Avery Ave & Chemung St","stop_id":"1208"},"type":"Feature"},{"geometry":{"coordinates":[-76.58409,42.91963],"type":"Point"},"properties":{"kind":"stop","name":"Chapman Ave & Dunning Ave","stop_id":"12086"},"type":"Feature"},{"geometry":{"coordinates":[-76.14789,43.05395],"type":"Point"},"properties":{"kind":"stop","name":"Prospect Ave & E Willow St","stop_id":"1209"},"type":"Feature"},{"geometry":{"coordinates":[-76.58918,42.92047],"type":"Point"},"properties":{"kind":"stop","name":"Genesee St & Lexington Ave","stop_id":"12090"},"type":"Feature"},{"geometry":{"coordinates":[-76.59557,42.92538],"type":"Point"},"properties":{"kind":"stop","name":"Ellis Dr & State Hwy 326","stop_id":"12095"},"type":"Feature"},{"geometry":{"coordinates":[-76.15015,43.0391],"type":"Point"},"properties":{"kind":"stop","name":"S Salina St & W Taylor St","stop_id":"121"},"type":"Feature"},{"geometry":{"coordinates":[-76.18967,43.04516],"type":"Point"},"properties":{"kind":"stop","name":"Avery Ave & Tompkins St","stop_id":"1211"},"type":"Feature"},{"geometry":{"coordinates":[-76.5893,42.92028],"type":"Point"},"properties":{"kind":"stop","name":"Genesee St & Lexington Ave","stop_id":"12115"},"type":"Feature"},{"geometry":{"coordinates":[-76.58453,42.92232],"type":"Point"},"properties":{"kind":"stop","name":"Genesee St & Dunning Ave","stop_id":"12118"},"type":"Feature"},{"geometry":{"coordinates":[-76.58448,42.92066],"type":"Point"},"properties":{"kind":"stop","name":"Dunning Ave & Linen Pl","stop_id":"12119"},"type":"Feature"},{"geometry":{"coordinates":[-76.14785,43.05378],"type":"Point"},"properties":{"kind":"stop","name":"E Willow St & Prospect Ave","stop_id":"1212"},"type":"Feature"},{"geometry":{"coordinates":[-76.5795,42.91819],"type":"Point"},"properties":{"kind":"stop","name":"Thornton Ave & Saint Anthony St","stop_id":"12121"},"type":"Feature"},{"geometry":{"coordinates":[-76.57946,42.917],"type":"Point"},"properties":{"kind":"stop","name":"Thornton Ave & Center St","stop_id":"12122"},"type":"Feature"},{"geometry":{"coordinates":[-76.57935,42.91568],"type":"Point"},"properties":{"kind":"stop","name":"Thornton Ave & Clymer St","stop_id":"12123"},"type":"Feature"},{"geometry":{"coordinates":[-76.57611,42.91571],"type":"Point"},"properties":{"kind":"stop","name":"Clymer St & Garrow St","stop_id":"12124"},"type":"Feature"},{"geometry":{"coordinates":[-76.57381,42.91579],"type":"Point"},"properties":{"kind":"stop","name":"Clymer St & Oak St","stop_id":"12125"},"type":"Feature"},{"geometry":{"coordinates":[-76.57102,42.91604],"type":"Point"},"properties":{"kind":"stop","name":"Clymer St & Quill Ave","stop_id":"12127"},"type":"Feature"},{"geometry":{"coordinates":[-76.57179,42.92046],"type":"Point"},"properties":{"kind":"stop","name":"Chapman Ave & Worden Ave","stop_id":"12132"},"type":"Feature"},{"geometry":{"coordinates":[-76.57609,42.92005],"type":"Point"},"properties":{"kind":"stop","name":"Chapman Ave & Garrow St","stop_id":"12133"},"type":"Feature"},{"geometry":{"coordinates":[-76.57749,42.92196],"type":"Point"},"properties":{"kind":"stop","name":"Garrow St & Fitch Ave","stop_id":"12134"},"type":"Feature"},{"geometry":{"coordinates":[-76.57941,42.92495],"type":"Point"},"properties":{"kind":"stop","name":"Garrow St & Genesee St","stop_id":"12135"},"type":"Feature"},{"geometry":{"coordinates":[-76.57843,42.92554],"type":"Point"},"properties":{"kind":"stop","name":"Genesee St & Park Pl","stop_id":"12136"},"type":"Feature"},{"geometry":{"coordinates":[-76.57752,42.9261],"type":"Point"},"properties":{"kind":"stop","name":"Genesee St & Parker St","stop_id":"12137"},"type":"Feature"},{"geometry":{"coordinates":[-76.57651,42.9266],"type":"Point"},"properties":{"kind":"stop","name":"Genesee St & Jefferson St","stop_id":"12138"},"type":"Feature"},{"geometry":{"coordinates":[-76.57481,42.92745],"type":"Point"},"properties":{"kind":"stop","name":"Genesee St & Washington St","stop_id":"12140"},"type":"Feature"},{"geometry":{"coordinates":[-76.57139,42.92912],"type":"Point"},"properties":{"kind":"stop","name":"Genesee St & James St","stop_id":"12142"},"type":"Feature"},{"geometry":{"coordinates":[-76.56955,42.93005],"type":"Point"},"properties":{"kind":"stop","name":"Genesee St & Court St","stop_id":"12143"},"type":"Feature"},{"geometry":{"coordinates":[-76.5695,42.93106],"type":"Point"},"properties":{"kind":"stop","name":"Boyle Center","stop_id":"12146"},"type":"Feature"},{"geometry":{"coordinates":[-76.1511,43.05234],"type":"Point"},"properties":{"kind":"stop","name":"E Willow St & N Warren St","stop_id":"1215"},"type":"Feature"},{"geometry":{"coordinates":[-76.56466,42.93248],"type":"Point"},"properties":{"kind":"stop","name":"E Genesee St & Loop Rd","stop_id":"12152"},"type":"Feature"},{"geometry":{"coordinates":[-76.56303,42.93308],"type":"Point"},"properties":{"kind":"stop","name":"E Genesee St & Seminary Ave","stop_id":"12154"},"type":"Feature"},{"geometry":{"coordinates":[-76.56127,42.93316],"type":"Point"},"properties":{"kind":"stop","name":"E Genesee St & Owasco St","stop_id":"12155"},"type":"Feature"},{"geometry":{"coordinates":[-76.55901,42.93325],"type":"Point"},"properties":{"kind":"stop","name":"E Genesee St & Fulton St","stop_id":"12156"},"type":"Feature"},{"geometry":{"coordinates":[-76.55799,42.93329],"type":"Point"},"properties":{"kind":"stop","name":"E Genesee St & Hoffman St","stop_id":"12157"},"type":"Feature"},{"geometry":{"coordinates":[-76.55666,42.9335],"type":"Point"},"properties":{"kind":"stop","name":"S Lewis St & E Genesee St","stop_id":"12158"},"type":"Feature"},{"geometry":{"coordinates":[-76.5567,42.93472],"type":"Point"},"properties":{"kind":"stop","name":"Lewis St & Lawton Ave","stop_id":"12159"},"type":"Feature"},{"geometry":{"coordinates":[-76.55689,42.9365],"type":"Point"},"properties":{"kind":"stop","name":"Lewis St & Franklin St","stop_id":"12160"},"type":"Feature"},{"geometry":{"coordinates":[-76.55423,42.93761],"type":"Point"},"properties":{"kind":"stop","name":"Franklin St & Foote St","stop_id":"12162"},"type":"Feature"},{"geometry":{"coordinates":[-76.55159,42.93856],"type":"Point"},"properties":{"kind":"stop","name":"Franklin St & Cayuga St","stop_id":"12164"},"type":"Feature"},{"geometry":{"coordinates":[-76.54958,42.9393],"type":"Point"},"properties":{"kind":"stop","name":"Franklin St & Elm St","stop_id":"12166"},"type":"Feature"},{"geometry":{"coordinates":[-76.54851,42.9397],"type":"Point"},"properties":{"kind":"stop","name":"Franklin St & N Seward Ave","stop_id":"12167"},"type":"Feature"},{"geometry":{"coordinates":[-76.54581,42.94092],"type":"Point"},"properties":{"kind":"stop","name":"Franklin St &  N Herman Ave","stop_id":"12169"},"type":"Feature"},{"geometry":{"coordinates":[-76.54662,42.94056],"type":"Point"},"properties":{"kind":"stop","name":"Franklin St & Hoopes Ave","stop_id":"12183"},"type":"Feature"},{"geometry":{"coordinates":[-76.54824,42.93985],"type":"Point"},"properties":{"kind":"stop","name":"Franklin St & N Seward Ave","stop_id":"12184"},"type":"Feature"},{"geometry":{"coordinates":[-76.55082,42.94434],"type":"Point"},"properties":{"kind":"stop","name":"Seward Ave & Grant Ave","stop_id":"12187"},"type":"Feature"},{"geometry":{"coordinates":[-76.55265,42.94438],"type":"Point"},"properties":{"kind":"stop","name":"Standart Ave & Schwartz Dr","stop_id":"12190"},"type":"Feature"},{"geometry":{"coordinates":[-76.5528,42.94655],"type":"Point"},"properties":{"kind":"stop","name":"Schwartz Dr & Schwartz Cir","stop_id":"12195"},"type":"Feature"},{"geometry":{"coordinates":[-76.55221,42.94781],"type":"Point"},"properties":{"kind":"stop","name":"Schwartz Dr & McIntosh Dr","stop_id":"12197"},"type":"Feature"},{"geometry":{"coordinates":[-76.54515,42.953],"type":"Point"},"properties":{"kind":"stop","name":"Grant Ave & Brookside Dr","stop_id":"12201"},"type":"Feature"},{"geometry":{"coordinates":[-76.5435,42.95564],"type":"Point"},"properties":{"kind":"stop","name":"Grant Ave & Prospect St","stop_id":"12203"},"type":"Feature"},{"geometry":{"coordinates":[-76.54274,42.95688],"type":"Point"},"properties":{"kind":"stop","name":"Grant Ave & Plaza Dr","stop_id":"12204"},"type":"Feature"},{"geometry":{"coordinates":[-76.54503,42.95311],"type":"Point"},"properties":{"kind":"stop","name":"Grant Ave & John Walsh Blvd","stop_id":"12209"},"type":"Feature"},{"geometry":{"coordinates":[-76.54826,42.94797],"type":"Point"},"properties":{"kind":"stop","name":"Grant Ave & McIntosh Dr","stop_id":"12210"},"type":"Feature"},{"geometry":{"coordinates":[-76.55071,42.94794],"type":"Point"},"properties":{"kind":"stop","name":"McIntosh Dr & Auburn Plaza","stop_id":"12211"},"type":"Feature"},{"geometry":{"coordinates":[-76.55227,42.94781],"type":"Point"},"properties":{"kind":"stop","name":"Schwartz Dr & McIntosh Dr","stop_id":"12212"},"type":"Feature"},{"geometry":{"coordinates":[-76.5528,42.94664],"type":"Point"},"properties":{"kind":"stop","name":"Schwartz Dr & Schwartz Cir","stop_id":"12214"},"type":"Feature"},{"geometry":{"coordinates":[-76.55286,42.94441],"type":"Point"},"properties":{"kind":"stop","name":"Schwartz Dr & Standart Ave","stop_id":"12219"},"type":"Feature"},{"geometry":{"coordinates":[-76.18942,43.04516],"type":"Point"},"properties":{"kind":"stop","name":"Tompkins St & Avery Ave","stop_id":"1222"},"type":"Feature"},{"geometry":{"coordinates":[-76.55094,42.94429],"type":"Point"},"properties":{"kind":"stop","name":"Standart Ave & Grant Ave","stop_id":"12222"},"type":"Feature"},{"geometry":{"coordinates":[-76.54938,42.93944],"type":"Point"},"properties":{"kind":"stop","name":"Franklin St & Elm St","stop_id":"12227"},"type":"Feature"},{"geometry":{"coordinates":[-76.55115,42.93877],"type":"Point"},"properties":{"kind":"stop","name":"Franklin St & Adams St","stop_id":"12229"},"type":"Feature"},{"geometry":{"coordinates":[-76.5525,42.9383],"type":"Point"},"properties":{"kind":"stop","name":"Franlin St & Beach Ave","stop_id":"12231"},"type":"Feature"},{"geometry":{"coordinates":[-76.5542,42.93768],"type":"Point"},"properties":{"kind":"stop","name":"Franklin St & Foote St","stop_id":"12232"},"type":"Feature"},{"geometry":{"coordinates":[-76.55702,42.93647],"type":"Point"},"properties":{"kind":"stop","name":"Lewis St & Franklin St","stop_id":"12234"},"type":"Feature"},{"geometry":{"coordinates":[-76.5568,42.9349],"type":"Point"},"properties":{"kind":"stop","name":"Lewis St & Lawton Ave","stop_id":"12235"},"type":"Feature"},{"geometry":{"coordinates":[-76.5567,42.93351],"type":"Point"},"properties":{"kind":"stop","name":"Lewis St & Genesee St","stop_id":"12236"},"type":"Feature"},{"geometry":{"coordinates":[-76.55791,42.93337],"type":"Point"},"properties":{"kind":"stop","name":"E Genesee St & Hoffman St","stop_id":"12237"},"type":"Feature"},{"geometry":{"coordinates":[-76.55885,42.93333],"type":"Point"},"properties":{"kind":"stop","name":"E Genesee St & N Fulton St","stop_id":"12238"},"type":"Feature"},{"geometry":{"coordinates":[-76.56108,42.93324],"type":"Point"},"properties":{"kind":"stop","name":"E Genesee St & John St","stop_id":"12239"},"type":"Feature"},{"geometry":{"coordinates":[-76.56285,42.93319],"type":"Point"},"properties":{"kind":"stop","name":"E Genesee St & Seminary Ave","stop_id":"12240"},"type":"Feature"},{"geometry":{"coordinates":[-76.56454,42.93261],"type":"Point"},"properties":{"kind":"stop","name":"E Genesee St & Dill St","stop_id":"12243"},"type":"Feature"},{"geometry":{"coordinates":[-75.50309,43.23736],"type":"Point"},"properties":{"kind":"stop","name":"Walmart - Rome","stop_id":"12247"},"type":"Feature"},{"geometry":{"coordinates":[-75.42901,43.21848],"type":"Point"},"properties":{"kind":"stop","name":"Mohawk Valley Community College Rome SW","stop_id":"12259"},"type":"Feature"},{"geometry":{"coordinates":[-75.41755,43.21256],"type":"Point"},"properties":{"kind":"stop","name":"VA Hospital - Rome","stop_id":"12261"},"type":"Feature"},{"geometry":{"coordinates":[-75.43756,43.23156],"type":"Point"},"properties":{"kind":"stop","name":"Mohawk Acres Plaza North","stop_id":"12270"},"type":"Feature"},{"geometry":{"coordinates":[-76.56635,42.93529],"type":"Point"},"properties":{"kind":"stop","name":"North St & Seminary St","stop_id":"12274"},"type":"Feature"},{"geometry":{"coordinates":[-76.56475,42.93534],"type":"Point"},"properties":{"kind":"stop","name":"Seminary St & Entrance to Schwartz Towers","stop_id":"12275"},"type":"Feature"},{"geometry":{"coordinates":[-76.56475,42.93642],"type":"Point"},"properties":{"kind":"stop","name":"Schwartz Towers","stop_id":"12276"},"type":"Feature"},{"geometry":{"coordinates":[-76.56652,42.93773],"type":"Point"},"properties":{"kind":"stop","name":"North St & Seymour St","stop_id":"12278"},"type":"Feature"},{"geometry":{"coordinates":[-76.5666,42.9391],"type":"Point"},"properties":{"kind":"stop","name":"North St & North Park","stop_id":"12279"},"type":"Feature"},{"geometry":{"coordinates":[-76.56673,42.94066],"type":"Point"},"properties":{"kind":"stop","name":"North St & Lansing St","stop_id":"12282"},"type":"Feature"},{"geometry":{"coordinates":[-76.56268,42.9408],"type":"Point"},"properties":{"kind":"stop","name":"Lansing St & Nelson St","stop_id":"12284"},"type":"Feature"},{"geometry":{"coordinates":[-76.56135,42.94086],"type":"Point"},"properties":{"kind":"stop","name":"Lansing St & Holley St","stop_id":"12285"},"type":"Feature"},{"geometry":{"coordinates":[-76.56007,42.94089],"type":"Point"},"properties":{"kind":"stop","name":"Lansing St & N Fulton St","stop_id":"12286"},"type":"Feature"},{"geometry":{"coordinates":[-76.55997,42.94191],"type":"Point"},"properties":{"kind":"stop","name":"N Fulton St & Button St","stop_id":"12288"},"type":"Feature"},{"geometry":{"coordinates":[-76.56675,42.9424],"type":"Point"},"properties":{"kind":"stop","name":"Park Ave & North St","stop_id":"12292"},"type":"Feature"},{"geometry":{"coordinates":[-76.56708,42.94556],"type":"Point"},"properties":{"kind":"stop","name":"North St & Standart Ave","stop_id":"12294"},"type":"Feature"},{"geometry":{"coordinates":[-76.56029,42.9455],"type":"Point"},"properties":{"kind":"stop","name":"Standart Ave & N Fulton St","stop_id":"12300"},"type":"Feature"},{"geometry":{"coordinates":[-76.55757,42.94537],"type":"Point"},"properties":{"kind":"stop","name":"Standart Ave & Lewis St","stop_id":"12304"},"type":"Feature"},{"geometry":{"coordinates":[-76.55496,42.94792],"type":"Point"},"properties":{"kind":"stop","name":"Murray St & McIntosh Dr","stop_id":"12308"},"type":"Feature"},{"geometry":{"coordinates":[-76.55524,42.95018],"type":"Point"},"properties":{"kind":"stop","name":"Murray St & Austin Dr","stop_id":"12310"},"type":"Feature"},{"geometry":{"coordinates":[-76.55246,42.94787],"type":"Point"},"properties":{"kind":"stop","name":"McIntosh Dr & Schwartz Dr","stop_id":"12315"},"type":"Feature"},{"geometry":{"coordinates":[-76.54837,42.9481],"type":"Point"},"properties":{"kind":"stop","name":"Grant Ave & Auburn Plaza Ent","stop_id":"12316"},"type":"Feature"},{"geometry":{"coordinates":[-76.5548,42.94807],"type":"Point"},"properties":{"kind":"stop","name":"McIntosh Dr & Murray St","stop_id":"12317"},"type":"Feature"},{"geometry":{"coordinates":[-76.55725,42.94542],"type":"Point"},"properties":{"kind":"stop","name":"Standart Ave & N Lewis St","stop_id":"12321"},"type":"Feature"},{"geometry":{"coordinates":[-76.56011,42.94557],"type":"Point"},"properties":{"kind":"stop","name":"Standart Ave & N Fulton St","stop_id":"12325"},"type":"Feature"},{"geometry":{"coordinates":[-76.56211,42.94568],"type":"Point"},"properties":{"kind":"stop","name":"Standart Ave & Devon Ave","stop_id":"12327"},"type":"Feature"},{"geometry":{"coordinates":[-76.56695,42.94569],"type":"Point"},"properties":{"kind":"stop","name":"Standart Ave & North St","stop_id":"12331"},"type":"Feature"},{"geometry":{"coordinates":[-76.56688,42.94232],"type":"Point"},"properties":{"kind":"stop","name":"Park Ave & North St","stop_id":"12333"},"type":"Feature"},{"geometry":{"coordinates":[-76.56021,42.94259],"type":"Point"},"properties":{"kind":"stop","name":"Park Ave & N Fulton St","stop_id":"12336"},"type":"Feature"},{"geometry":{"coordinates":[-76.56001,42.94096],"type":"Point"},"properties":{"kind":"stop","name":"N Fulton St & Lansing St","stop_id":"12339"},"type":"Feature"},{"geometry":{"coordinates":[-76.56283,42.94088],"type":"Point"},"properties":{"kind":"stop","name":"Lansing St & Nelson St","stop_id":"12341"},"type":"Feature"},{"geometry":{"coordinates":[-76.56664,42.94077],"type":"Point"},"properties":{"kind":"stop","name":"Lansing St & North St","stop_id":"12343"},"type":"Feature"},{"geometry":{"coordinates":[-76.56677,42.9403],"type":"Point"},"properties":{"kind":"stop","name":"North St & Perrine St","stop_id":"12344"},"type":"Feature"},{"geometry":{"coordinates":[-76.56669,42.93924],"type":"Point"},"properties":{"kind":"stop","name":"North St & Cottage St","stop_id":"12346"},"type":"Feature"},{"geometry":{"coordinates":[-76.56661,42.9379],"type":"Point"},"properties":{"kind":"stop","name":"North St & Seymour St","stop_id":"12347"},"type":"Feature"},{"geometry":{"coordinates":[-76.56641,42.93556],"type":"Point"},"properties":{"kind":"stop","name":"North St & Chapel St","stop_id":"12349"},"type":"Feature"},{"geometry":{"coordinates":[-76.55455,42.95048],"type":"Point"},"properties":{"kind":"stop","name":"North Brook Court Apts","stop_id":"12355"},"type":"Feature"},{"geometry":{"coordinates":[-76.59767,42.9253],"type":"Point"},"properties":{"kind":"stop","name":"Ellis Dr & Crane Brook Dr","stop_id":"12359"},"type":"Feature"},{"geometry":{"coordinates":[-76.59749,42.9252],"type":"Point"},"properties":{"kind":"stop","name":"Ellis Dr & Crane Brook Dr","stop_id":"12369"},"type":"Feature"},{"geometry":{"coordinates":[-76.13679,43.07235],"type":"Point"},"properties":{"kind":"stop","name":"Grant Blvd & Oak St","stop_id":"1237"},"type":"Feature"},{"geometry":{"coordinates":[-76.59462,42.92509],"type":"Point"},"properties":{"kind":"stop","name":"Ellis Dr & State Hwy 326","stop_id":"12370"},"type":"Feature"},{"geometry":{"coordinates":[-76.56849,42.93187],"type":"Point"},"properties":{"kind":"stop","name":"Dill St & State St","stop_id":"12372"},"type":"Feature"},{"geometry":{"coordinates":[-76.5703,42.93454],"type":"Point"},"properties":{"kind":"stop","name":"State St & Garden St","stop_id":"12376"},"type":"Feature"},{"geometry":{"coordinates":[-76.57111,42.93676],"type":"Point"},"properties":{"kind":"stop","name":"State St & Van Anden St","stop_id":"12379"},"type":"Feature"},{"geometry":{"coordinates":[-76.57143,42.93772],"type":"Point"},"properties":{"kind":"stop","name":"State St & Seymour St","stop_id":"12380"},"type":"Feature"},{"geometry":{"coordinates":[-76.57178,42.93872],"type":"Point"},"properties":{"kind":"stop","name":"State St & Cottage St","stop_id":"12381"},"type":"Feature"},{"geometry":{"coordinates":[-76.57285,42.94096],"type":"Point"},"properties":{"kind":"stop","name":"State St & Pulaski St","stop_id":"12383"},"type":"Feature"},{"geometry":{"coordinates":[-76.57403,42.94297],"type":"Point"},"properties":{"kind":"stop","name":"State St & Grant St","stop_id":"12385"},"type":"Feature"},{"geometry":{"coordinates":[-76.57533,42.94555],"type":"Point"},"properties":{"kind":"stop","name":"State St & Olympia Ave","stop_id":"12386"},"type":"Feature"},{"geometry":{"coordinates":[-76.57973,42.94522],"type":"Point"},"properties":{"kind":"stop","name":"Brogan Manor Stop 2","stop_id":"12388"},"type":"Feature"},{"geometry":{"coordinates":[-76.58001,42.94652],"type":"Point"},"properties":{"kind":"stop","name":"Brogan Manor Stop 3","stop_id":"12389"},"type":"Feature"},{"geometry":{"coordinates":[-76.57686,42.94835],"type":"Point"},"properties":{"kind":"stop","name":"Munro St & State St","stop_id":"12395"},"type":"Feature"},{"geometry":{"coordinates":[-76.57748,42.9497],"type":"Point"},"properties":{"kind":"stop","name":"State St & York St","stop_id":"12396"},"type":"Feature"},{"geometry":{"coordinates":[-76.58652,42.9484],"type":"Point"},"properties":{"kind":"stop","name":"N Division St & Technology Park Blv","stop_id":"12401"},"type":"Feature"},{"geometry":{"coordinates":[-76.57559,42.94588],"type":"Point"},"properties":{"kind":"stop","name":"State St & Olympia Ave","stop_id":"12404"},"type":"Feature"},{"geometry":{"coordinates":[-76.57426,42.94309],"type":"Point"},"properties":{"kind":"stop","name":"State St & Grant St","stop_id":"12406"},"type":"Feature"},{"geometry":{"coordinates":[-76.57849,42.94106],"type":"Point"},"properties":{"kind":"stop","name":"Washington St & Pulaski St","stop_id":"12409"},"type":"Feature"},{"geometry":{"coordinates":[-76.57845,42.93987],"type":"Point"},"properties":{"kind":"stop","name":"Washington St & Perrine St","stop_id":"12410"},"type":"Feature"},{"geometry":{"coordinates":[-76.57845,42.9398],"type":"Point"},"properties":{"kind":"stop","name":"Perrine St & Washington St","stop_id":"12414"},"type":"Feature"},{"geometry":{"coordinates":[-76.57838,42.93881],"type":"Point"},"properties":{"kind":"stop","name":"Washington St & Cottage St","stop_id":"12415"},"type":"Feature"},{"geometry":{"coordinates":[-76.57835,42.93762],"type":"Point"},"properties":{"kind":"stop","name":"Washington St & Seymour St","stop_id":"12416"},"type":"Feature"},{"geometry":{"coordinates":[-76.58536,42.93674],"type":"Point"},"properties":{"kind":"stop","name":"Seymour St & N Division St","stop_id":"12418"},"type":"Feature"},{"geometry":{"coordinates":[-76.58564,42.93756],"type":"Point"},"properties":{"kind":"stop","name":"N Division St & Cottage St","stop_id":"12420"},"type":"Feature"},{"geometry":{"coordinates":[-76.58575,42.93927],"type":"Point"},"properties":{"kind":"stop","name":"N Division St & Perrine St","stop_id":"12421"},"type":"Feature"},{"geometry":{"coordinates":[-76.5858,42.94008],"type":"Point"},"properties":{"kind":"stop","name":"N Division St & Case Ave","stop_id":"12422"},"type":"Feature"},{"geometry":{"coordinates":[-76.58604,42.94227],"type":"Point"},"properties":{"kind":"stop","name":"N Division St & Allen St","stop_id":"12423"},"type":"Feature"},{"geometry":{"coordinates":[-76.58611,42.9425],"type":"Point"},"properties":{"kind":"stop","name":"N Division St & Allen St","stop_id":"12425"},"type":"Feature"},{"geometry":{"coordinates":[-76.58611,42.94232],"type":"Point"},"properties":{"kind":"stop","name":"Allen St & N Division St","stop_id":"12428"},"type":"Feature"},{"geometry":{"coordinates":[-76.58593,42.94026],"type":"Point"},"properties":{"kind":"stop","name":"N Division St & Case Ave","stop_id":"12429"},"type":"Feature"},{"geometry":{"coordinates":[-76.58586,42.93939],"type":"Point"},"properties":{"kind":"stop","name":"N Division St & Perrine Ave","stop_id":"12430"},"type":"Feature"},{"geometry":{"coordinates":[-76.58568,42.93751],"type":"Point"},"properties":{"kind":"stop","name":"N Division St & Frazee St","stop_id":"12432"},"type":"Feature"},{"geometry":{"coordinates":[-76.58529,42.93612],"type":"Point"},"properties":{"kind":"stop","name":"N Division St & Aurelius Ave","stop_id":"12434"},"type":"Feature"},{"geometry":{"coordinates":[-76.58477,42.93495],"type":"Point"},"properties":{"kind":"stop","name":"N Division St & Wall St","stop_id":"12435"},"type":"Feature"},{"geometry":{"coordinates":[-76.58465,42.93391],"type":"Point"},"properties":{"kind":"stop","name":"N Division St & Dewey St","stop_id":"12436"},"type":"Feature"},{"geometry":{"coordinates":[-76.58457,42.93307],"type":"Point"},"properties":{"kind":"stop","name":"N Division St & West St","stop_id":"12437"},"type":"Feature"},{"geometry":{"coordinates":[-76.58457,42.93158],"type":"Point"},"properties":{"kind":"stop","name":"N Division St & Clark St","stop_id":"12439"},"type":"Feature"},{"geometry":{"coordinates":[-76.15081,43.01047],"type":"Point"},"properties":{"kind":"stop","name":"Atlantic Ave & Ballantyne Rd","stop_id":"1244"},"type":"Feature"},{"geometry":{"coordinates":[-76.58581,42.93184],"type":"Point"},"properties":{"kind":"stop","name":"Clark St & Auburn Ave","stop_id":"12440"},"type":"Feature"},{"geometry":{"coordinates":[-76.58737,42.93225],"type":"Point"},"properties":{"kind":"stop","name":"Clark St & Brookfield Pl","stop_id":"12441"},"type":"Feature"},{"geometry":{"coordinates":[-76.58663,42.93519],"type":"Point"},"properties":{"kind":"stop","name":"Aurelius Ave & Myrtle Ave","stop_id":"12443"},"type":"Feature"},{"geometry":{"coordinates":[-76.59103,42.93229],"type":"Point"},"properties":{"kind":"stop","name":"Clark St & Wheeler St","stop_id":"12445"},"type":"Feature"},{"geometry":{"coordinates":[-76.5944,42.93167],"type":"Point"},"properties":{"kind":"stop","name":"Clark St & Belmont Ave","stop_id":"12447"},"type":"Feature"},{"geometry":{"coordinates":[-76.59514,42.93151],"type":"Point"},"properties":{"kind":"stop","name":"Clark St & GreenView Cir","stop_id":"12448"},"type":"Feature"},{"geometry":{"coordinates":[-76.59723,42.93115],"type":"Point"},"properties":{"kind":"stop","name":"Clark Street Rd & Mullen Dr","stop_id":"12449"},"type":"Feature"},{"geometry":{"coordinates":[-76.15641,43.00935],"type":"Point"},"properties":{"kind":"stop","name":"Valley Dr & Ballantyne Rd","stop_id":"1245"},"type":"Feature"},{"geometry":{"coordinates":[-76.59996,42.93064],"type":"Point"},"properties":{"kind":"stop","name":"Clark Street Rd & Beech Tree Rd","stop_id":"12450"},"type":"Feature"},{"geometry":{"coordinates":[-76.60662,42.92921],"type":"Point"},"properties":{"kind":"stop","name":"Country Max on Clark Street Rd","stop_id":"12451"},"type":"Feature"},{"geometry":{"coordinates":[-76.60013,42.93052],"type":"Point"},"properties":{"kind":"stop","name":"Clark Street Rd & Beech Tree Rd","stop_id":"12452"},"type":"Feature"},{"geometry":{"coordinates":[-76.59741,42.93103],"type":"Point"},"properties":{"kind":"stop","name":"Clark Street Rd & Mullen Dr","stop_id":"12453"},"type":"Feature"},{"geometry":{"coordinates":[-76.59447,42.93158],"type":"Point"},"properties":{"kind":"stop","name":"Clark St & Belmont Ave","stop_id":"12455"},"type":"Feature"},{"geometry":{"coordinates":[-76.59128,42.93217],"type":"Point"},"properties":{"kind":"stop","name":"Clark St & Wheeler St","stop_id":"12457"},"type":"Feature"},{"geometry":{"coordinates":[-76.58698,42.93495],"type":"Point"},"properties":{"kind":"stop","name":"Aurelius Ave & Wall St","stop_id":"12460"},"type":"Feature"},{"geometry":{"coordinates":[-76.58522,42.93593],"type":"Point"},"properties":{"kind":"stop","name":"Aurelius Ave & N Division St","stop_id":"12461"},"type":"Feature"},{"geometry":{"coordinates":[-76.58547,42.93662],"type":"Point"},"properties":{"kind":"stop","name":"N Division St & Seymour St","stop_id":"12462"},"type":"Feature"},{"geometry":{"coordinates":[-76.58645,42.94819],"type":"Point"},"properties":{"kind":"stop","name":"N Division St & Technology Park Blv","stop_id":"12465"},"type":"Feature"},{"geometry":{"coordinates":[-76.58652,42.94911],"type":"Point"},"properties":{"kind":"stop","name":"N Division St & Hiser St","stop_id":"12466"},"type":"Feature"},{"geometry":{"coordinates":[-76.57761,42.94975],"type":"Point"},"properties":{"kind":"stop","name":"York St & State St","stop_id":"12470"},"type":"Feature"},{"geometry":{"coordinates":[-76.5769,42.94841],"type":"Point"},"properties":{"kind":"stop","name":"State St & Munro St","stop_id":"12471"},"type":"Feature"},{"geometry":{"coordinates":[-76.57841,42.93756],"type":"Point"},"properties":{"kind":"stop","name":"Seymour St & Washington St","stop_id":"12473"},"type":"Feature"},{"geometry":{"coordinates":[-76.57832,42.93856],"type":"Point"},"properties":{"kind":"stop","name":"Washington St & Cottage St","stop_id":"12474"},"type":"Feature"},{"geometry":{"coordinates":[-76.57835,42.93974],"type":"Point"},"properties":{"kind":"stop","name":"Washington St & Perrine St","stop_id":"12475"},"type":"Feature"},{"geometry":{"coordinates":[-76.57841,42.94078],"type":"Point"},"properties":{"kind":"stop","name":"Washington St & Pulaski St","stop_id":"12476"},"type":"Feature"},{"geometry":{"coordinates":[-76.57846,42.94192],"type":"Point"},"properties":{"kind":"stop","name":"Washington St & Union St","stop_id":"12477"},"type":"Feature"},{"geometry":{"coordinates":[-76.57374,42.94224],"type":"Point"},"properties":{"kind":"stop","name":"State St & Union St","stop_id":"12480"},"type":"Feature"},{"geometry":{"coordinates":[-76.57299,42.94107],"type":"Point"},"properties":{"kind":"stop","name":"State St & Pulaski St","stop_id":"12481"},"type":"Feature"},{"geometry":{"coordinates":[-76.57241,42.94005],"type":"Point"},"properties":{"kind":"stop","name":"State St & Perrine St","stop_id":"12482"},"type":"Feature"},{"geometry":{"coordinates":[-76.57191,42.93879],"type":"Point"},"properties":{"kind":"stop","name":"State St & Cottage St","stop_id":"12483"},"type":"Feature"},{"geometry":{"coordinates":[-76.57156,42.93787],"type":"Point"},"properties":{"kind":"stop","name":"State St & Seymour St","stop_id":"12484"},"type":"Feature"},{"geometry":{"coordinates":[-76.57125,42.93702],"type":"Point"},"properties":{"kind":"stop","name":"State St & Van Anden St","stop_id":"12485"},"type":"Feature"},{"geometry":{"coordinates":[-76.57096,42.93617],"type":"Point"},"properties":{"kind":"stop","name":"State St & Wall St","stop_id":"12486"},"type":"Feature"},{"geometry":{"coordinates":[-76.16124,43.01844],"type":"Point"},"properties":{"kind":"stop","name":"Valley Dr & South Ave","stop_id":"1249"},"type":"Feature"},{"geometry":{"coordinates":[-76.56901,42.93243],"type":"Point"},"properties":{"kind":"stop","name":"State St & US Hwy 20","stop_id":"12491"},"type":"Feature"},{"geometry":{"coordinates":[-76.56697,42.93259],"type":"Point"},"properties":{"kind":"stop","name":"Dill St & North St","stop_id":"12493"},"type":"Feature"},{"geometry":{"coordinates":[-76.58453,42.92237],"type":"Point"},"properties":{"kind":"stop","name":"Genesee St & Columbus St","stop_id":"12564"},"type":"Feature"},{"geometry":{"coordinates":[-76.58472,42.92576],"type":"Point"},"properties":{"kind":"stop","name":"Columbus St & Wright Ave","stop_id":"12566"},"type":"Feature"},{"geometry":{"coordinates":[-76.57269,42.9411],"type":"Point"},"properties":{"kind":"stop","name":"Pulaski St & State St","stop_id":"12591"},"type":"Feature"},{"geometry":{"coordinates":[-76.57271,42.93279],"type":"Point"},"properties":{"kind":"stop","name":"State Hwy 5 & McMaster St","stop_id":"12592"},"type":"Feature"},{"geometry":{"coordinates":[-76.5851,42.92994],"type":"Point"},"properties":{"kind":"stop","name":"Columbus St & Underwood St","stop_id":"12597"},"type":"Feature"},{"geometry":{"coordinates":[-76.58503,42.92892],"type":"Point"},"properties":{"kind":"stop","name":"Columbus St & Wallace Ave","stop_id":"12603"},"type":"Feature"},{"geometry":{"coordinates":[-76.58481,42.92604],"type":"Point"},"properties":{"kind":"stop","name":"Columbus St & Wright Ave","stop_id":"12605"},"type":"Feature"},{"geometry":{"coordinates":[-76.58455,42.92257],"type":"Point"},"properties":{"kind":"stop","name":"Columbus St & Genesee St","stop_id":"12606"},"type":"Feature"},{"geometry":{"coordinates":[-76.58323,42.92292],"type":"Point"},"properties":{"kind":"stop","name":"Genesee St & Warren Ave","stop_id":"12608"},"type":"Feature"},{"geometry":{"coordinates":[-76.17905,43.00579],"type":"Point"},"properties":{"kind":"stop","name":"Onondaga Rd & W Seneca Tpke","stop_id":"1261"},"type":"Feature"},{"geometry":{"coordinates":[-76.58178,42.92372],"type":"Point"},"properties":{"kind":"stop","name":"Genesee St & Delevan St","stop_id":"12611"},"type":"Feature"},{"geometry":{"coordinates":[-76.1591,43.03896],"type":"Point"},"properties":{"kind":"stop","name":"South Ave & W Onondaga St","stop_id":"12616"},"type":"Feature"},{"geometry":{"coordinates":[-76.17743,43.00564],"type":"Point"},"properties":{"kind":"stop","name":"W Seneca Tpke & South Ave","stop_id":"12622"},"type":"Feature"},{"geometry":{"coordinates":[-76.15585,43.03627],"type":"Point"},"properties":{"kind":"stop","name":"Midland Ave & Tallman St","stop_id":"1263"},"type":"Feature"},{"geometry":{"coordinates":[-76.20037,43.00313],"type":"Point"},"properties":{"kind":"stop","name":"OCC Maintenance Bldg","stop_id":"12634"},"type":"Feature"},{"geometry":{"coordinates":[-76.17032,43.00532],"type":"Point"},"properties":{"kind":"stop","name":"W Seneca Tpke & Broad Rd","stop_id":"1265"},"type":"Feature"},{"geometry":{"coordinates":[-76.19912,43.01455],"type":"Point"},"properties":{"kind":"stop","name":"McDonald Rd & Westbrook Hills Dr","stop_id":"12651"},"type":"Feature"},{"geometry":{"coordinates":[-76.15779,43.04925],"type":"Point"},"properties":{"kind":"stop","name":"The Warehouse","stop_id":"12666"},"type":"Feature"},{"geometry":{"coordinates":[-76.15374,43.04961],"type":"Point"},"properties":{"kind":"stop","name":"W Washington St & S Clinton St","stop_id":"12669"},"type":"Feature"},{"geometry":{"coordinates":[-76.13781,43.0455],"type":"Point"},"properties":{"kind":"stop","name":"Irving Ave & Madison St","stop_id":"12670"},"type":"Feature"},{"geometry":{"coordinates":[-76.2187,43.06189],"type":"Point"},"properties":{"kind":"stop","name":"Cogswell Ave & Milton Ave","stop_id":"12671"},"type":"Feature"},{"geometry":{"coordinates":[-76.17182,43.04192],"type":"Point"},"properties":{"kind":"stop","name":"Seymour St & S Geddes St","stop_id":"12673"},"type":"Feature"},{"geometry":{"coordinates":[-76.24801,43.05212],"type":"Point"},"properties":{"kind":"stop","name":"Milton Ave & Makay Ave","stop_id":"12684"},"type":"Feature"},{"geometry":{"coordinates":[-76.25217,43.05217],"type":"Point"},"properties":{"kind":"stop","name":"Milton Ave & Gordon Pky","stop_id":"12685"},"type":"Feature"},{"geometry":{"coordinates":[-76.11772,43.01355],"type":"Point"},"properties":{"kind":"stop","name":"Skytop Rd & Inn Complete","stop_id":"12705"},"type":"Feature"},{"geometry":{"coordinates":[-76.11732,43.01303],"type":"Point"},"properties":{"kind":"stop","name":"Skytop Rd & Tennity Ice Rink","stop_id":"12707"},"type":"Feature"},{"geometry":{"coordinates":[-76.13449,43.04152],"type":"Point"},"properties":{"kind":"stop","name":"University Ave & Marshall St","stop_id":"12709"},"type":"Feature"},{"geometry":{"coordinates":[-76.11015,43.02162],"type":"Point"},"properties":{"kind":"stop","name":"Tops on Nottingham Rd","stop_id":"12711"},"type":"Feature"},{"geometry":{"coordinates":[-76.14794,43.01311],"type":"Point"},"properties":{"kind":"stop","name":"Midland Ave & W Matson Ave","stop_id":"1272"},"type":"Feature"},{"geometry":{"coordinates":[-75.49348,43.22953],"type":"Point"},"properties":{"kind":"stop","name":"Erie Blvd & Canal Place Shopping Center","stop_id":"12743"},"type":"Feature"},{"geometry":{"coordinates":[-75.46224,43.21475],"type":"Point"},"properties":{"kind":"stop","name":"W Liberty St & Douglas Ave","stop_id":"12745"},"type":"Feature"},{"geometry":{"coordinates":[-75.46499,43.21605],"type":"Point"},"properties":{"kind":"stop","name":"W Liberty St & N Jay St","stop_id":"12749"},"type":"Feature"},{"geometry":{"coordinates":[-75.4674,43.21722],"type":"Point"},"properties":{"kind":"stop","name":"W Liberty St & Kossuth St","stop_id":"12751"},"type":"Feature"},{"geometry":{"coordinates":[-75.46859,43.2178],"type":"Point"},"properties":{"kind":"stop","name":"W Liberty St & Expense St","stop_id":"12753"},"type":"Feature"},{"geometry":{"coordinates":[-75.21799,43.09834],"type":"Point"},"properties":{"kind":"stop","name":"Bleecker St and Mohawk St","stop_id":"12755"},"type":"Feature"},{"geometry":{"coordinates":[-75.21773,43.09832],"type":"Point"},"properties":{"kind":"stop","name":"Bleecker St and Mohawk St","stop_id":"12760"},"type":"Feature"},{"geometry":{"coordinates":[-76.14787,43.01304],"type":"Point"},"properties":{"kind":"stop","name":"Midland Ave & W Matson Ave","stop_id":"1278"},"type":"Feature"},{"geometry":{"coordinates":[-75.47702,43.22099],"type":"Point"},"properties":{"kind":"stop","name":"N Levitt St & Elwood St","stop_id":"12795"},"type":"Feature"},{"geometry":{"coordinates":[-75.47756,43.22037],"type":"Point"},"properties":{"kind":"stop","name":"S Levitt St & W Dominick St","stop_id":"12796"},"type":"Feature"},{"geometry":{"coordinates":[-76.14963,43.03619],"type":"Point"},"properties":{"kind":"stop","name":"S Salina St & Tallman St","stop_id":"128"},"type":"Feature"},{"geometry":{"coordinates":[-75.49086,43.22802],"type":"Point"},"properties":{"kind":"stop","name":"Erie Blvd W & Gifford Rd","stop_id":"12800"},"type":"Feature"},{"geometry":{"coordinates":[-75.4711,43.219],"type":"Point"},"properties":{"kind":"stop","name":"W Liberty St & Frederick St","stop_id":"12812"},"type":"Feature"},{"geometry":{"coordinates":[-75.47345,43.22014],"type":"Point"},"properties":{"kind":"stop","name":"W Liberty St & N Doxtator St","stop_id":"12813"},"type":"Feature"},{"geometry":{"coordinates":[-75.47462,43.22068],"type":"Point"},"properties":{"kind":"stop","name":"W Liberty St & New St","stop_id":"12814"},"type":"Feature"},{"geometry":{"coordinates":[-75.47632,43.22152],"type":"Point"},"properties":{"kind":"stop","name":"W Liberty St & N Levitt St","stop_id":"12815"},"type":"Feature"},{"geometry":{"coordinates":[-76.14674,43.00124],"type":"Point"},"properties":{"kind":"stop","name":"W Seneca Tpke & Midland Ave","stop_id":"1285"},"type":"Feature"},{"geometry":{"coordinates":[-75.46756,43.21721],"type":"Point"},"properties":{"kind":"stop","name":"W Liberty St & Kossuth St","stop_id":"12859"},"type":"Feature"},{"geometry":{"coordinates":[-75.23065,43.10226],"type":"Point"},"properties":{"kind":"stop","name":"Lafayette St & Seneca St","stop_id":"12861"},"type":"Feature"},{"geometry":{"coordinates":[-75.46515,43.21606],"type":"Point"},"properties":{"kind":"stop","name":"W Liberty St & N Jay St","stop_id":"12863"},"type":"Feature"},{"geometry":{"coordinates":[-75.46298,43.21503],"type":"Point"},"properties":{"kind":"stop","name":"W Liberty St & S Madison St","stop_id":"12866"},"type":"Feature"},{"geometry":{"coordinates":[-75.25857,43.10894],"type":"Point"},"properties":{"kind":"stop","name":"Whitesboro St and Mathews Ave","stop_id":"12869"},"type":"Feature"},{"geometry":{"coordinates":[-75.30252,43.13647],"type":"Point"},"properties":{"kind":"stop","name":"Town Garage Main St Whitesboro","stop_id":"12871"},"type":"Feature"},{"geometry":{"coordinates":[-75.29198,43.12313],"type":"Point"},"properties":{"kind":"stop","name":"Main St & Tracey St","stop_id":"12876"},"type":"Feature"},{"geometry":{"coordinates":[-75.25867,43.10894],"type":"Point"},"properties":{"kind":"stop","name":"Whitesboro St and Mathews Ave","stop_id":"12877"},"type":"Feature"},{"geometry":{"coordinates":[-75.22383,43.10391],"type":"Point"},"properties":{"kind":"stop","name":"Main St & Union Station","stop_id":"12879"},"type":"Feature"},{"geometry":{"coordinates":[-75.2403,43.09654],"type":"Point"},"properties":{"kind":"stop","name":"Eagle St & Genesee St","stop_id":"12881"},"type":"Feature"},{"geometry":{"coordinates":[-75.24438,43.08857],"type":"Point"},"properties":{"kind":"stop","name":"Elm St & James St","stop_id":"12882"},"type":"Feature"},{"geometry":{"coordinates":[-75.22893,43.08179],"type":"Point"},"properties":{"kind":"stop","name":"James St & Mohawk St","stop_id":"12883"},"type":"Feature"},{"geometry":{"coordinates":[-75.22023,43.07653],"type":"Point"},"properties":{"kind":"stop","name":"Mohawk Valley Comm College Utica","stop_id":"12884"},"type":"Feature"},{"geometry":{"coordinates":[-75.22875,43.08175],"type":"Point"},"properties":{"kind":"stop","name":"James St & Mohawk St","stop_id":"12885"},"type":"Feature"},{"geometry":{"coordinates":[-75.24429,43.0885],"type":"Point"},"properties":{"kind":"stop","name":"James St & Elm St","stop_id":"12886"},"type":"Feature"},{"geometry":{"coordinates":[-75.24045,43.09685],"type":"Point"},"properties":{"kind":"stop","name":"Eagle St & Genesee St","stop_id":"12887"},"type":"Feature"},{"geometry":{"coordinates":[-75.27164,43.09408],"type":"Point"},"properties":{"kind":"stop","name":"Utica University","stop_id":"12890"},"type":"Feature"},{"geometry":{"coordinates":[-75.27455,43.09718],"type":"Point"},"properties":{"kind":"stop","name":"Saint Lukes Hospital","stop_id":"12891"},"type":"Feature"},{"geometry":{"coordinates":[-75.2855,43.09385],"type":"Point"},"properties":{"kind":"stop","name":"Business Park Dr & Business Park Ct","stop_id":"12893"},"type":"Feature"},{"geometry":{"coordinates":[-76.55354,42.94597],"type":"Point"},"properties":{"kind":"stop","name":"Standart Woods Apts Bldg G","stop_id":"12894"},"type":"Feature"},{"geometry":{"coordinates":[-75.25646,43.08915],"type":"Point"},"properties":{"kind":"stop","name":"Memorial Parkway & Genesee St","stop_id":"12895"},"type":"Feature"},{"geometry":{"coordinates":[-75.21783,43.09828],"type":"Point"},"properties":{"kind":"stop","name":"Mohawk St & Bleecker St","stop_id":"12896"},"type":"Feature"},{"geometry":{"coordinates":[-75.25392,43.09926],"type":"Point"},"properties":{"kind":"stop","name":"Noyes St & City St","stop_id":"12897"},"type":"Feature"},{"geometry":{"coordinates":[-75.28933,43.09695],"type":"Point"},"properties":{"kind":"stop","name":"Country Club Courts","stop_id":"12898"},"type":"Feature"},{"geometry":{"coordinates":[-75.25403,43.09922],"type":"Point"},"properties":{"kind":"stop","name":"City St & Noyes St","stop_id":"12899"},"type":"Feature"},{"geometry":{"coordinates":[-76.14289,43.00008],"type":"Point"},"properties":{"kind":"stop","name":"S Salina St & W Seneca Tpke","stop_id":"1290"},"type":"Feature"},{"geometry":{"coordinates":[-75.22336,43.08885],"type":"Point"},"properties":{"kind":"stop","name":"Eagle St & Mohawk St","stop_id":"12901"},"type":"Feature"},{"geometry":{"coordinates":[-75.21031,43.07887],"type":"Point"},"properties":{"kind":"stop","name":"Armory Dr & Adrean Ter","stop_id":"12902"},"type":"Feature"},{"geometry":{"coordinates":[-75.23626,43.1055],"type":"Point"},"properties":{"kind":"stop","name":"Insight House & Whitesboro St","stop_id":"12903"},"type":"Feature"},{"geometry":{"coordinates":[-75.20449,43.08614],"type":"Point"},"properties":{"kind":"stop","name":"South St & Ontario St","stop_id":"12904"},"type":"Feature"},{"geometry":{"coordinates":[-75.221,43.09228],"type":"Point"},"properties":{"kind":"stop","name":"South St & Mohawk St","stop_id":"12905"},"type":"Feature"},{"geometry":{"coordinates":[-76.14314,43.00534],"type":"Point"},"properties":{"kind":"stop","name":"S Salina St & E Glen Ave","stop_id":"1291"},"type":"Feature"},{"geometry":{"coordinates":[-75.22567,43.12447],"type":"Point"},"properties":{"kind":"stop","name":"Riverside Center","stop_id":"12910"},"type":"Feature"},{"geometry":{"coordinates":[-75.22931,43.13485],"type":"Point"},"properties":{"kind":"stop","name":"SUNY Poly","stop_id":"12911"},"type":"Feature"},{"geometry":{"coordinates":[-75.29597,43.07591],"type":"Point"},"properties":{"kind":"stop","name":"New Hartford Shopping Center Key Bank","stop_id":"12914"},"type":"Feature"},{"geometry":{"coordinates":[-75.31492,43.08166],"type":"Point"},"properties":{"kind":"stop","name":"Sangertown Square Mall","stop_id":"12915"},"type":"Feature"},{"geometry":{"coordinates":[-75.40905,43.04906],"type":"Point"},"properties":{"kind":"stop","name":"Hamilton College","stop_id":"12916"},"type":"Feature"},{"geometry":{"coordinates":[-75.38689,43.04034],"type":"Point"},"properties":{"kind":"stop","name":"Clinton Manor","stop_id":"12917"},"type":"Feature"},{"geometry":{"coordinates":[-75.34102,43.0742],"type":"Point"},"properties":{"kind":"stop","name":"Meadows Senior Living","stop_id":"12918"},"type":"Feature"},{"geometry":{"coordinates":[-75.25032,43.08688],"type":"Point"},"properties":{"kind":"stop","name":"Oneida St & Memorial Parkway","stop_id":"12923"},"type":"Feature"},{"geometry":{"coordinates":[-75.27244,43.06986],"type":"Point"},"properties":{"kind":"stop","name":"Higby Rd & Oneida St","stop_id":"12924"},"type":"Feature"},{"geometry":{"coordinates":[-75.26783,43.02656],"type":"Point"},"properties":{"kind":"stop","name":"Oneida St & Elm St","stop_id":"12925"},"type":"Feature"},{"geometry":{"coordinates":[-75.27221,43.06971],"type":"Point"},"properties":{"kind":"stop","name":"Oneida St & Higby Rd","stop_id":"12926"},"type":"Feature"},{"geometry":{"coordinates":[-75.25065,43.08633],"type":"Point"},"properties":{"kind":"stop","name":"Oneida St & Memorial Parkway","stop_id":"12927"},"type":"Feature"},{"geometry":{"coordinates":[-76.14325,43.00568],"type":"Point"},"properties":{"kind":"stop","name":"S Salina St & W Glen Ave","stop_id":"1293"},"type":"Feature"},{"geometry":{"coordinates":[-75.28475,43.11146],"type":"Point"},"properties":{"kind":"stop","name":"Campbell Ave & Main St NE","stop_id":"12930"},"type":"Feature"},{"geometry":{"coordinates":[-75.31237,43.09449],"type":"Point"},"properties":{"kind":"stop","name":"Walmart - New Hartford","stop_id":"12932"},"type":"Feature"},{"geometry":{"coordinates":[-75.31353,43.08935],"type":"Point"},"properties":{"kind":"stop","name":"At Home- Commercial Dr","stop_id":"12933"},"type":"Feature"},{"geometry":{"coordinates":[-75.30253,43.0979],"type":"Point"},"properties":{"kind":"stop","name":"Commercial Dr & Henderson St","stop_id":"12934"},"type":"Feature"},{"geometry":{"coordinates":[-75.28524,43.11163],"type":"Point"},"properties":{"kind":"stop","name":"Main St & Campbell Ave SW","stop_id":"12935"},"type":"Feature"},{"geometry":{"coordinates":[-75.22835,43.10033],"type":"Point"},"properties":{"kind":"stop","name":"Elizabeth St & Burnet St","stop_id":"12938"},"type":"Feature"},{"geometry":{"coordinates":[-75.22748,43.10007],"type":"Point"},"properties":{"kind":"stop","name":"Elizabeth St & John St","stop_id":"12939"},"type":"Feature"},{"geometry":{"coordinates":[-75.22491,43.10047],"type":"Point"},"properties":{"kind":"stop","name":"Bleecker St & 1st St","stop_id":"12942"},"type":"Feature"},{"geometry":{"coordinates":[-75.22404,43.10018],"type":"Point"},"properties":{"kind":"stop","name":"Bleecker St & Kent St","stop_id":"12943"},"type":"Feature"},{"geometry":{"coordinates":[-75.22298,43.09987],"type":"Point"},"properties":{"kind":"stop","name":"Bleecker St & 2nd St","stop_id":"12944"},"type":"Feature"},{"geometry":{"coordinates":[-75.22103,43.09927],"type":"Point"},"properties":{"kind":"stop","name":"Bleecker St & 3rd Ave","stop_id":"12945"},"type":"Feature"},{"geometry":{"coordinates":[-75.21493,43.09743],"type":"Point"},"properties":{"kind":"stop","name":"Bleecker St & Hubbell St","stop_id":"12946"},"type":"Feature"},{"geometry":{"coordinates":[-75.21135,43.09633],"type":"Point"},"properties":{"kind":"stop","name":"Bleecker St & Kossuth Ave","stop_id":"12947"},"type":"Feature"},{"geometry":{"coordinates":[-75.20957,43.09579],"type":"Point"},"properties":{"kind":"stop","name":"Bleecker St & Pelletieri Ave","stop_id":"12948"},"type":"Feature"},{"geometry":{"coordinates":[-75.20699,43.09502],"type":"Point"},"properties":{"kind":"stop","name":"Bleecker St & Jefferson Ave","stop_id":"12949"},"type":"Feature"},{"geometry":{"coordinates":[-76.14772,43.01065],"type":"Point"},"properties":{"kind":"stop","name":"Midland Ave & Ballantyne Rd","stop_id":"1295"},"type":"Feature"},{"geometry":{"coordinates":[-75.20569,43.09461],"type":"Point"},"properties":{"kind":"stop","name":"Bleecker St & Milgate St","stop_id":"12950"},"type":"Feature"},{"geometry":{"coordinates":[-75.20253,43.09366],"type":"Point"},"properties":{"kind":"stop","name":"Bleecker St & Saint Anthony St","stop_id":"12953"},"type":"Feature"},{"geometry":{"coordinates":[-75.20149,43.09334],"type":"Point"},"properties":{"kind":"stop","name":"Bleecker St & Tilden Ave","stop_id":"12954"},"type":"Feature"},{"geometry":{"coordinates":[-75.20045,43.09302],"type":"Point"},"properties":{"kind":"stop","name":"Bleecker St & Niagara St","stop_id":"12955"},"type":"Feature"},{"geometry":{"coordinates":[-75.19943,43.0927],"type":"Point"},"properties":{"kind":"stop","name":"Bleecker St & Ontario St","stop_id":"12956"},"type":"Feature"},{"geometry":{"coordinates":[-75.19839,43.09239],"type":"Point"},"properties":{"kind":"stop","name":"Bleecker St & Oscar St","stop_id":"12957"},"type":"Feature"},{"geometry":{"coordinates":[-75.19669,43.09187],"type":"Point"},"properties":{"kind":"stop","name":"Bleecker St & Culver Ave","stop_id":"12958"},"type":"Feature"},{"geometry":{"coordinates":[-75.19378,43.0906],"type":"Point"},"properties":{"kind":"stop","name":"Bleecker St & Florence St","stop_id":"12959"},"type":"Feature"},{"geometry":{"coordinates":[-76.1478,43.01052],"type":"Point"},"properties":{"kind":"stop","name":"Ballantyne Rd & Midland Ave","stop_id":"1296"},"type":"Feature"},{"geometry":{"coordinates":[-75.1982,43.09237],"type":"Point"},"properties":{"kind":"stop","name":"Bleecker St & Oscar St","stop_id":"12962"},"type":"Feature"},{"geometry":{"coordinates":[-75.19922,43.09267],"type":"Point"},"properties":{"kind":"stop","name":"Bleecker St & Ontario St","stop_id":"12963"},"type":"Feature"},{"geometry":{"coordinates":[-75.20027,43.09299],"type":"Point"},"properties":{"kind":"stop","name":"Bleecker St & Niagara St","stop_id":"12964"},"type":"Feature"},{"geometry":{"coordinates":[-75.2013,43.09331],"type":"Point"},"properties":{"kind":"stop","name":"Bleecker St & Tilden Ave","stop_id":"12965"},"type":"Feature"},{"geometry":{"coordinates":[-75.20233,43.09363],"type":"Point"},"properties":{"kind":"stop","name":"Bleecker St & Saint Anthony St","stop_id":"12966"},"type":"Feature"},{"geometry":{"coordinates":[-75.2034,43.09396],"type":"Point"},"properties":{"kind":"stop","name":"Bleecker St &Wetmore St","stop_id":"12967"},"type":"Feature"},{"geometry":{"coordinates":[-75.20438,43.09429],"type":"Point"},"properties":{"kind":"stop","name":"Bleecker St & Bacon St","stop_id":"12968"},"type":"Feature"},{"geometry":{"coordinates":[-75.20548,43.09459],"type":"Point"},"properties":{"kind":"stop","name":"Bleecker St & Milgate St","stop_id":"12969"},"type":"Feature"},{"geometry":{"coordinates":[-75.20676,43.09498],"type":"Point"},"properties":{"kind":"stop","name":"Bleecker St & Jefferson Ave","stop_id":"12970"},"type":"Feature"},{"geometry":{"coordinates":[-75.20936,43.09575],"type":"Point"},"properties":{"kind":"stop","name":"Bleecker St & Pelletieri Ave","stop_id":"12971"},"type":"Feature"},{"geometry":{"coordinates":[-75.21115,43.09629],"type":"Point"},"properties":{"kind":"stop","name":"Bleecker St & Kossuth Ave","stop_id":"12972"},"type":"Feature"},{"geometry":{"coordinates":[-75.21473,43.0974],"type":"Point"},"properties":{"kind":"stop","name":"Bleecker St & Hubbell St","stop_id":"12973"},"type":"Feature"},{"geometry":{"coordinates":[-75.22078,43.09923],"type":"Point"},"properties":{"kind":"stop","name":"Bleecker St & 3rd Ave","stop_id":"12974"},"type":"Feature"},{"geometry":{"coordinates":[-75.22276,43.09983],"type":"Point"},"properties":{"kind":"stop","name":"Bleecker St & 2nd St","stop_id":"12975"},"type":"Feature"},{"geometry":{"coordinates":[-75.22386,43.10017],"type":"Point"},"properties":{"kind":"stop","name":"Bleecker St & Kent St","stop_id":"12976"},"type":"Feature"},{"geometry":{"coordinates":[-75.22471,43.10044],"type":"Point"},"properties":{"kind":"stop","name":"Bleecker St & 1st St","stop_id":"12977"},"type":"Feature"},{"geometry":{"coordinates":[-75.22557,43.1007],"type":"Point"},"properties":{"kind":"stop","name":"Bleecker St & Academy St","stop_id":"12978"},"type":"Feature"},{"geometry":{"coordinates":[-75.22639,43.10097],"type":"Point"},"properties":{"kind":"stop","name":"Bleecker St & John St","stop_id":"12979"},"type":"Feature"},{"geometry":{"coordinates":[-75.22758,43.1013],"type":"Point"},"properties":{"kind":"stop","name":"Bleecker St & Burnet St","stop_id":"12980"},"type":"Feature"},{"geometry":{"coordinates":[-75.19214,43.09105],"type":"Point"},"properties":{"kind":"stop","name":"Beechgrove Pl & Florence St","stop_id":"12983"},"type":"Feature"},{"geometry":{"coordinates":[-75.19368,43.09065],"type":"Point"},"properties":{"kind":"stop","name":"Florence St & Bleecker St","stop_id":"12984"},"type":"Feature"},{"geometry":{"coordinates":[-75.22438,43.10313],"type":"Point"},"properties":{"kind":"stop","name":"Railroad St & Broad St","stop_id":"13001"},"type":"Feature"},{"geometry":{"coordinates":[-76.1572,43.01088],"type":"Point"},"properties":{"kind":"stop","name":"Valley Dr & Atlantic Ave","stop_id":"1301"},"type":"Feature"},{"geometry":{"coordinates":[-75.23389,43.10014],"type":"Point"},"properties":{"kind":"stop","name":"Genesee St & Washington St","stop_id":"13010"},"type":"Feature"},{"geometry":{"coordinates":[-75.23494,43.09961],"type":"Point"},"properties":{"kind":"stop","name":"Genesee St & Court St","stop_id":"13011"},"type":"Feature"},{"geometry":{"coordinates":[-75.23706,43.09859],"type":"Point"},"properties":{"kind":"stop","name":"Genesee St & Cornelia Pl","stop_id":"13012"},"type":"Feature"},{"geometry":{"coordinates":[-75.23943,43.09745],"type":"Point"},"properties":{"kind":"stop","name":"Genesee St & Cottage Pl","stop_id":"13014"},"type":"Feature"},{"geometry":{"coordinates":[-75.24001,43.09626],"type":"Point"},"properties":{"kind":"stop","name":"Eagle St & Park Ave","stop_id":"13015"},"type":"Feature"},{"geometry":{"coordinates":[-75.23857,43.09564],"type":"Point"},"properties":{"kind":"stop","name":"Eagle St & Elm St","stop_id":"13016"},"type":"Feature"},{"geometry":{"coordinates":[-76.18462,43.01641],"type":"Point"},"properties":{"kind":"stop","name":"McDonald Rd & Velesko Rd","stop_id":"1302"},"type":"Feature"},{"geometry":{"coordinates":[-75.23397,43.09361],"type":"Point"},"properties":{"kind":"stop","name":"Eagle St & Miller St","stop_id":"13021"},"type":"Feature"},{"geometry":{"coordinates":[-75.233,43.09317],"type":"Point"},"properties":{"kind":"stop","name":"Eagle St & Howard Ave","stop_id":"13022"},"type":"Feature"},{"geometry":{"coordinates":[-75.23202,43.09273],"type":"Point"},"properties":{"kind":"stop","name":"Eagle St & Neilson St","stop_id":"13023"},"type":"Feature"},{"geometry":{"coordinates":[-75.23121,43.09237],"type":"Point"},"properties":{"kind":"stop","name":"Eagle St & Seymour Ave","stop_id":"13024"},"type":"Feature"},{"geometry":{"coordinates":[-75.23035,43.09198],"type":"Point"},"properties":{"kind":"stop","name":"Eagle St & Dudley Ave","stop_id":"13025"},"type":"Feature"},{"geometry":{"coordinates":[-75.2294,43.09156],"type":"Point"},"properties":{"kind":"stop","name":"Eagle St & Brinckerhoff Ave","stop_id":"13026"},"type":"Feature"},{"geometry":{"coordinates":[-75.2284,43.09112],"type":"Point"},"properties":{"kind":"stop","name":"Eagle St & Taylor Ave","stop_id":"13027"},"type":"Feature"},{"geometry":{"coordinates":[-75.22734,43.09063],"type":"Point"},"properties":{"kind":"stop","name":"Eagle St & Conkling Ave","stop_id":"13028"},"type":"Feature"},{"geometry":{"coordinates":[-75.23906,43.09499],"type":"Point"},"properties":{"kind":"stop","name":"Elm St & Louisa St","stop_id":"13029"},"type":"Feature"},{"geometry":{"coordinates":[-75.23956,43.09439],"type":"Point"},"properties":{"kind":"stop","name":"Elm St & Leah St","stop_id":"13030"},"type":"Feature"},{"geometry":{"coordinates":[-75.24013,43.09369],"type":"Point"},"properties":{"kind":"stop","name":"Elm St & Hobart St","stop_id":"13031"},"type":"Feature"},{"geometry":{"coordinates":[-75.24147,43.09422],"type":"Point"},"properties":{"kind":"stop","name":"Hobart St & Kemble St","stop_id":"13032"},"type":"Feature"},{"geometry":{"coordinates":[-75.24217,43.09355],"type":"Point"},"properties":{"kind":"stop","name":"Kemble St & Walker St","stop_id":"13033"},"type":"Feature"},{"geometry":{"coordinates":[-75.24326,43.09229],"type":"Point"},"properties":{"kind":"stop","name":"Kemble St & Grove Pl","stop_id":"13034"},"type":"Feature"},{"geometry":{"coordinates":[-75.24191,43.09163],"type":"Point"},"properties":{"kind":"stop","name":"Grove Pl & Elm St","stop_id":"13035"},"type":"Feature"},{"geometry":{"coordinates":[-75.24229,43.09114],"type":"Point"},"properties":{"kind":"stop","name":"Elm St & Wall St","stop_id":"13036"},"type":"Feature"},{"geometry":{"coordinates":[-75.24283,43.09048],"type":"Point"},"properties":{"kind":"stop","name":"Elm St & Addington Pl","stop_id":"13037"},"type":"Feature"},{"geometry":{"coordinates":[-75.24396,43.08909],"type":"Point"},"properties":{"kind":"stop","name":"Elm St & Lexington Ave","stop_id":"13038"},"type":"Feature"},{"geometry":{"coordinates":[-75.24331,43.08799],"type":"Point"},"properties":{"kind":"stop","name":"James St & High St","stop_id":"13039"},"type":"Feature"},{"geometry":{"coordinates":[-75.2417,43.08728],"type":"Point"},"properties":{"kind":"stop","name":"James St & Steuben St","stop_id":"13040"},"type":"Feature"},{"geometry":{"coordinates":[-75.24071,43.08696],"type":"Point"},"properties":{"kind":"stop","name":"James St & West St","stop_id":"13041"},"type":"Feature"},{"geometry":{"coordinates":[-75.23968,43.08665],"type":"Point"},"properties":{"kind":"stop","name":"James St & Miller St","stop_id":"13042"},"type":"Feature"},{"geometry":{"coordinates":[-75.23863,43.08619],"type":"Point"},"properties":{"kind":"stop","name":"James St & Howard Ave","stop_id":"13043"},"type":"Feature"},{"geometry":{"coordinates":[-75.2377,43.08579],"type":"Point"},"properties":{"kind":"stop","name":"James St & Neilson St","stop_id":"13044"},"type":"Feature"},{"geometry":{"coordinates":[-75.23692,43.08539],"type":"Point"},"properties":{"kind":"stop","name":"James St & Seymour Ave","stop_id":"13045"},"type":"Feature"},{"geometry":{"coordinates":[-75.23605,43.08501],"type":"Point"},"properties":{"kind":"stop","name":"James St & Dudley Ave","stop_id":"13046"},"type":"Feature"},{"geometry":{"coordinates":[-75.23511,43.08459],"type":"Point"},"properties":{"kind":"stop","name":"James St & Brinckerhoff Ave","stop_id":"13047"},"type":"Feature"},{"geometry":{"coordinates":[-75.23412,43.08414],"type":"Point"},"properties":{"kind":"stop","name":"James St & Taylor Ave","stop_id":"13048"},"type":"Feature"},{"geometry":{"coordinates":[-75.23305,43.08364],"type":"Point"},"properties":{"kind":"stop","name":"James St & Conkling Ave","stop_id":"13049"},"type":"Feature"},{"geometry":{"coordinates":[-75.23223,43.08327],"type":"Point"},"properties":{"kind":"stop","name":"James St & Saint Agnes Ave","stop_id":"13050"},"type":"Feature"},{"geometry":{"coordinates":[-75.23141,43.08293],"type":"Point"},"properties":{"kind":"stop","name":"James St & Saint Jane Ave","stop_id":"13051"},"type":"Feature"},{"geometry":{"coordinates":[-75.2306,43.08256],"type":"Point"},"properties":{"kind":"stop","name":"James St & Clementian St","stop_id":"13052"},"type":"Feature"},{"geometry":{"coordinates":[-75.22978,43.08219],"type":"Point"},"properties":{"kind":"stop","name":"James St & Sulzer Pl","stop_id":"13053"},"type":"Feature"},{"geometry":{"coordinates":[-75.22813,43.08118],"type":"Point"},"properties":{"kind":"stop","name":"James St & Harrison Ave","stop_id":"13054"},"type":"Feature"},{"geometry":{"coordinates":[-75.22746,43.08065],"type":"Point"},"properties":{"kind":"stop","name":"James St & Brookside Ave","stop_id":"13055"},"type":"Feature"},{"geometry":{"coordinates":[-75.22571,43.07963],"type":"Point"},"properties":{"kind":"stop","name":"James St & Depeyster Ave","stop_id":"13056"},"type":"Feature"},{"geometry":{"coordinates":[-75.22481,43.07918],"type":"Point"},"properties":{"kind":"stop","name":"James St & Madison Ave","stop_id":"13057"},"type":"Feature"},{"geometry":{"coordinates":[-75.22388,43.0787],"type":"Point"},"properties":{"kind":"stop","name":"James St & Gibson Rd","stop_id":"13058"},"type":"Feature"},{"geometry":{"coordinates":[-75.22118,43.07746],"type":"Point"},"properties":{"kind":"stop","name":"James St & Sherman Center","stop_id":"13059"},"type":"Feature"},{"geometry":{"coordinates":[-76.15318,43.00222],"type":"Point"},"properties":{"kind":"stop","name":"Valley Dr & W Seneca Tpke","stop_id":"1306"},"type":"Feature"},{"geometry":{"coordinates":[-75.22047,43.07637],"type":"Point"},"properties":{"kind":"stop","name":"Sherman Center &Schoolcraft Rd","stop_id":"13060"},"type":"Feature"},{"geometry":{"coordinates":[-75.22223,43.07798],"type":"Point"},"properties":{"kind":"stop","name":"James St & Beckwith Pl","stop_id":"13061"},"type":"Feature"},{"geometry":{"coordinates":[-75.22373,43.07867],"type":"Point"},"properties":{"kind":"stop","name":"James St & Gibson Rd","stop_id":"13062"},"type":"Feature"},{"geometry":{"coordinates":[-75.22465,43.07913],"type":"Point"},"properties":{"kind":"stop","name":"James St & Madison Ave","stop_id":"13063"},"type":"Feature"},{"geometry":{"coordinates":[-75.22554,43.07963],"type":"Point"},"properties":{"kind":"stop","name":"James St & Depeyster Ave","stop_id":"13064"},"type":"Feature"},{"geometry":{"coordinates":[-75.22736,43.08067],"type":"Point"},"properties":{"kind":"stop","name":"James St & Brookside Ave","stop_id":"13065"},"type":"Feature"},{"geometry":{"coordinates":[-75.23044,43.08253],"type":"Point"},"properties":{"kind":"stop","name":"James St & Clementian St","stop_id":"13066"},"type":"Feature"},{"geometry":{"coordinates":[-75.23194,43.08321],"type":"Point"},"properties":{"kind":"stop","name":"James St & Saint Vincent St","stop_id":"13067"},"type":"Feature"},{"geometry":{"coordinates":[-75.23291,43.08365],"type":"Point"},"properties":{"kind":"stop","name":"James St & Conkling Ave","stop_id":"13068"},"type":"Feature"},{"geometry":{"coordinates":[-75.23396,43.08414],"type":"Point"},"properties":{"kind":"stop","name":"James St &Taylor Ave","stop_id":"13069"},"type":"Feature"},{"geometry":{"coordinates":[-75.23499,43.08461],"type":"Point"},"properties":{"kind":"stop","name":"James St & Brinckerhoff Ave","stop_id":"13070"},"type":"Feature"},{"geometry":{"coordinates":[-75.2359,43.08502],"type":"Point"},"properties":{"kind":"stop","name":"James St & Dudley Ave","stop_id":"13071"},"type":"Feature"},{"geometry":{"coordinates":[-75.23674,43.08539],"type":"Point"},"properties":{"kind":"stop","name":"James St & Seymour Ave","stop_id":"13072"},"type":"Feature"},{"geometry":{"coordinates":[-75.23762,43.08578],"type":"Point"},"properties":{"kind":"stop","name":"James St & Neilson Ave","stop_id":"13073"},"type":"Feature"},{"geometry":{"coordinates":[-75.23852,43.08619],"type":"Point"},"properties":{"kind":"stop","name":"James St & Howard Ave","stop_id":"13074"},"type":"Feature"},{"geometry":{"coordinates":[-75.2395,43.08662],"type":"Point"},"properties":{"kind":"stop","name":"James St & Miller St","stop_id":"13075"},"type":"Feature"},{"geometry":{"coordinates":[-75.24051,43.08695],"type":"Point"},"properties":{"kind":"stop","name":"James St & West St","stop_id":"13076"},"type":"Feature"},{"geometry":{"coordinates":[-75.24153,43.08727],"type":"Point"},"properties":{"kind":"stop","name":"James St & Steuben St","stop_id":"13077"},"type":"Feature"},{"geometry":{"coordinates":[-75.24319,43.088],"type":"Point"},"properties":{"kind":"stop","name":"James St & High St","stop_id":"13078"},"type":"Feature"},{"geometry":{"coordinates":[-75.24392,43.089],"type":"Point"},"properties":{"kind":"stop","name":"Elm St & Lexington Ave","stop_id":"13079"},"type":"Feature"},{"geometry":{"coordinates":[-76.15304,43.0021],"type":"Point"},"properties":{"kind":"stop","name":"W Seneca Tpke & Valley Dr","stop_id":"1308"},"type":"Feature"},{"geometry":{"coordinates":[-75.2428,43.09037],"type":"Point"},"properties":{"kind":"stop","name":"Elm St & Addington Pl","stop_id":"13080"},"type":"Feature"},{"geometry":{"coordinates":[-75.24226,43.09104],"type":"Point"},"properties":{"kind":"stop","name":"Elm St & Wall St","stop_id":"13081"},"type":"Feature"},{"geometry":{"coordinates":[-75.24179,43.09156],"type":"Point"},"properties":{"kind":"stop","name":"Elm St & Grove Pl","stop_id":"13082"},"type":"Feature"},{"geometry":{"coordinates":[-75.24313,43.09225],"type":"Point"},"properties":{"kind":"stop","name":"Grove Pl & Kemble St","stop_id":"13083"},"type":"Feature"},{"geometry":{"coordinates":[-75.24157,43.09417],"type":"Point"},"properties":{"kind":"stop","name":"Kemble St & Hobart St","stop_id":"13084"},"type":"Feature"},{"geometry":{"coordinates":[-75.24025,43.09363],"type":"Point"},"properties":{"kind":"stop","name":"Hobart St & Elm St","stop_id":"13085"},"type":"Feature"},{"geometry":{"coordinates":[-75.23958,43.09423],"type":"Point"},"properties":{"kind":"stop","name":"Elm St & Leah St","stop_id":"13086"},"type":"Feature"},{"geometry":{"coordinates":[-75.23901,43.0949],"type":"Point"},"properties":{"kind":"stop","name":"Elm St & Louisa St","stop_id":"13087"},"type":"Feature"},{"geometry":{"coordinates":[-75.23846,43.09557],"type":"Point"},"properties":{"kind":"stop","name":"Elm St & Eagle St","stop_id":"13088"},"type":"Feature"},{"geometry":{"coordinates":[-75.23996,43.0963],"type":"Point"},"properties":{"kind":"stop","name":"Eagle St & Park Ave","stop_id":"13089"},"type":"Feature"},{"geometry":{"coordinates":[-75.23811,43.09804],"type":"Point"},"properties":{"kind":"stop","name":"Genesee St & Dakin St","stop_id":"13090"},"type":"Feature"},{"geometry":{"coordinates":[-75.23731,43.09843],"type":"Point"},"properties":{"kind":"stop","name":"Genesee St & South St","stop_id":"13091"},"type":"Feature"},{"geometry":{"coordinates":[-75.23487,43.09961],"type":"Point"},"properties":{"kind":"stop","name":"Genesee St & Hopper St","stop_id":"13092"},"type":"Feature"},{"geometry":{"coordinates":[-75.23338,43.10032],"type":"Point"},"properties":{"kind":"stop","name":"Genesee St & Bank Pl","stop_id":"13093"},"type":"Feature"},{"geometry":{"coordinates":[-75.2312,43.10141],"type":"Point"},"properties":{"kind":"stop","name":"Genesee St & Elizabeth St","stop_id":"13096"},"type":"Feature"},{"geometry":{"coordinates":[-75.22051,43.07752],"type":"Point"},"properties":{"kind":"stop","name":"Sherman Drive & James St","stop_id":"13103"},"type":"Feature"},{"geometry":{"coordinates":[-75.24522,43.09463],"type":"Point"},"properties":{"kind":"stop","name":"Genesee St & Noyes St","stop_id":"13107"},"type":"Feature"},{"geometry":{"coordinates":[-75.24757,43.09346],"type":"Point"},"properties":{"kind":"stop","name":"Genesee St & Oswego St","stop_id":"13109"},"type":"Feature"},{"geometry":{"coordinates":[-76.07667,43.06652],"type":"Point"},"properties":{"kind":"stop","name":"Kinne St & W Yates St","stop_id":"1311"},"type":"Feature"},{"geometry":{"coordinates":[-75.2491,43.09271],"type":"Point"},"properties":{"kind":"stop","name":"Genesee St & Watson Pl","stop_id":"13110"},"type":"Feature"},{"geometry":{"coordinates":[-75.25034,43.09208],"type":"Point"},"properties":{"kind":"stop","name":"Genesee St & Shaw St","stop_id":"13111"},"type":"Feature"},{"geometry":{"coordinates":[-75.25182,43.09135],"type":"Point"},"properties":{"kind":"stop","name":"Genesee St & Avery Pl","stop_id":"13112"},"type":"Feature"},{"geometry":{"coordinates":[-75.25278,43.09087],"type":"Point"},"properties":{"kind":"stop","name":"Genesee St & Springate St","stop_id":"13113"},"type":"Feature"},{"geometry":{"coordinates":[-75.25422,43.09015],"type":"Point"},"properties":{"kind":"stop","name":"Genesee St & Newell St","stop_id":"13115"},"type":"Feature"},{"geometry":{"coordinates":[-75.2586,43.08798],"type":"Point"},"properties":{"kind":"stop","name":"Genesee St & Shepherd Pl","stop_id":"13117"},"type":"Feature"},{"geometry":{"coordinates":[-75.26131,43.08663],"type":"Point"},"properties":{"kind":"stop","name":"Genesee St & Arnold Ave","stop_id":"13119"},"type":"Feature"},{"geometry":{"coordinates":[-75.26252,43.08602],"type":"Point"},"properties":{"kind":"stop","name":"Genesee St & Hampden Pl","stop_id":"13120"},"type":"Feature"},{"geometry":{"coordinates":[-75.26415,43.08523],"type":"Point"},"properties":{"kind":"stop","name":"Genesee St & Carlile Ave","stop_id":"13121"},"type":"Feature"},{"geometry":{"coordinates":[-75.26592,43.08432],"type":"Point"},"properties":{"kind":"stop","name":"Genesee St & Amy Ave","stop_id":"13122"},"type":"Feature"},{"geometry":{"coordinates":[-75.26912,43.08271],"type":"Point"},"properties":{"kind":"stop","name":"Genesee St & Barton Ave","stop_id":"13123"},"type":"Feature"},{"geometry":{"coordinates":[-75.27151,43.08147],"type":"Point"},"properties":{"kind":"stop","name":"Genesee St & Melrose Ave","stop_id":"13124"},"type":"Feature"},{"geometry":{"coordinates":[-75.27258,43.08094],"type":"Point"},"properties":{"kind":"stop","name":"Genesee St & Seward Ave","stop_id":"13125"},"type":"Feature"},{"geometry":{"coordinates":[-75.27551,43.07948],"type":"Point"},"properties":{"kind":"stop","name":"Genesee St & Meeker Ave","stop_id":"13126"},"type":"Feature"},{"geometry":{"coordinates":[-75.27927,43.0776],"type":"Point"},"properties":{"kind":"stop","name":"Genesee St & Woodlawn Ave W","stop_id":"13127"},"type":"Feature"},{"geometry":{"coordinates":[-75.2807,43.07688],"type":"Point"},"properties":{"kind":"stop","name":"Genesee St & Lyon Pl","stop_id":"13128"},"type":"Feature"},{"geometry":{"coordinates":[-75.28306,43.07568],"type":"Point"},"properties":{"kind":"stop","name":"Genesee St & French Rd","stop_id":"13129"},"type":"Feature"},{"geometry":{"coordinates":[-75.28364,43.07541],"type":"Point"},"properties":{"kind":"stop","name":"Genesee St & Talcott Rd","stop_id":"13130"},"type":"Feature"},{"geometry":{"coordinates":[-75.28482,43.07484],"type":"Point"},"properties":{"kind":"stop","name":"Genesee St & Richardson Ave","stop_id":"13131"},"type":"Feature"},{"geometry":{"coordinates":[-75.28745,43.07263],"type":"Point"},"properties":{"kind":"stop","name":"Oxford Rd & Park St","stop_id":"13133"},"type":"Feature"},{"geometry":{"coordinates":[-75.28606,43.06926],"type":"Point"},"properties":{"kind":"stop","name":"Oxford Rd & Sanger Ave","stop_id":"13134"},"type":"Feature"},{"geometry":{"coordinates":[-75.28538,43.06756],"type":"Point"},"properties":{"kind":"stop","name":"Oxford Rd & Sherman St","stop_id":"13135"},"type":"Feature"},{"geometry":{"coordinates":[-75.28491,43.06631],"type":"Point"},"properties":{"kind":"stop","name":"Oxford Rd & Winmar Cres","stop_id":"13136"},"type":"Feature"},{"geometry":{"coordinates":[-75.28392,43.06373],"type":"Point"},"properties":{"kind":"stop","name":"Oxford Rd & Hoffman Rd","stop_id":"13137"},"type":"Feature"},{"geometry":{"coordinates":[-75.28359,43.06244],"type":"Point"},"properties":{"kind":"stop","name":"Oxford Rd & Woodberry Rd","stop_id":"13138"},"type":"Feature"},{"geometry":{"coordinates":[-75.2834,43.06131],"type":"Point"},"properties":{"kind":"stop","name":"Oxford Rd & Beechwood Rd","stop_id":"13139"},"type":"Feature"},{"geometry":{"coordinates":[-75.28318,43.05994],"type":"Point"},"properties":{"kind":"stop","name":"Oxford Rd & Wills Dr","stop_id":"13140"},"type":"Feature"},{"geometry":{"coordinates":[-75.28219,43.0541],"type":"Point"},"properties":{"kind":"stop","name":"Oxford Rd & Tibbitts Rd","stop_id":"13141"},"type":"Feature"},{"geometry":{"coordinates":[-75.28036,43.05468],"type":"Point"},"properties":{"kind":"stop","name":"Tibbitts Rd & Imperial Dr","stop_id":"13142"},"type":"Feature"},{"geometry":{"coordinates":[-75.28068,43.05628],"type":"Point"},"properties":{"kind":"stop","name":"Kellogg Rd & Harrogate Rd","stop_id":"13143"},"type":"Feature"},{"geometry":{"coordinates":[-75.28261,43.05709],"type":"Point"},"properties":{"kind":"stop","name":"Kellogg Rd & Oxford Rd","stop_id":"13144"},"type":"Feature"},{"geometry":{"coordinates":[-75.28295,43.05915],"type":"Point"},"properties":{"kind":"stop","name":"Oxford Rd & Gateshead Rd","stop_id":"13145"},"type":"Feature"},{"geometry":{"coordinates":[-75.2834,43.0617],"type":"Point"},"properties":{"kind":"stop","name":"Oxford Rd & Library Ln","stop_id":"13146"},"type":"Feature"},{"geometry":{"coordinates":[-75.28494,43.06659],"type":"Point"},"properties":{"kind":"stop","name":"Oxford Rd & Bohling Rd","stop_id":"13149"},"type":"Feature"},{"geometry":{"coordinates":[-75.2854,43.06784],"type":"Point"},"properties":{"kind":"stop","name":"Oxford Rd & Graham Ave","stop_id":"13150"},"type":"Feature"},{"geometry":{"coordinates":[-75.28595,43.06921],"type":"Point"},"properties":{"kind":"stop","name":"Oxford Rd & Daly Pl","stop_id":"13151"},"type":"Feature"},{"geometry":{"coordinates":[-75.28724,43.07232],"type":"Point"},"properties":{"kind":"stop","name":"Oxford Rd & Mill St","stop_id":"13152"},"type":"Feature"},{"geometry":{"coordinates":[-75.28804,43.07328],"type":"Point"},"properties":{"kind":"stop","name":"Genesee St & Butler Pl","stop_id":"13154"},"type":"Feature"},{"geometry":{"coordinates":[-75.29229,43.07335],"type":"Point"},"properties":{"kind":"stop","name":"Genesee St & Huntington Pl","stop_id":"13156"},"type":"Feature"},{"geometry":{"coordinates":[-75.29461,43.07375],"type":"Point"},"properties":{"kind":"stop","name":"Genesee St & Colonial Dr","stop_id":"13157"},"type":"Feature"},{"geometry":{"coordinates":[-75.29809,43.07438],"type":"Point"},"properties":{"kind":"stop","name":"Genesee St & Wilbur Rd","stop_id":"13158"},"type":"Feature"},{"geometry":{"coordinates":[-75.29894,43.07454],"type":"Point"},"properties":{"kind":"stop","name":"Genesee St & Slusser Ave","stop_id":"13159"},"type":"Feature"},{"geometry":{"coordinates":[-75.29985,43.07471],"type":"Point"},"properties":{"kind":"stop","name":"Genesee St & Golf Ave","stop_id":"13160"},"type":"Feature"},{"geometry":{"coordinates":[-75.31188,43.07781],"type":"Point"},"properties":{"kind":"stop","name":"Seneca Tpke & Allman Pl","stop_id":"13161"},"type":"Feature"},{"geometry":{"coordinates":[-75.31294,43.07803],"type":"Point"},"properties":{"kind":"stop","name":"Seneca Tpke & Leard Rd","stop_id":"13162"},"type":"Feature"},{"geometry":{"coordinates":[-75.31427,43.07845],"type":"Point"},"properties":{"kind":"stop","name":"Seneca Tpke & Hara Cres","stop_id":"13164"},"type":"Feature"},{"geometry":{"coordinates":[-75.31303,43.07802],"type":"Point"},"properties":{"kind":"stop","name":"Seneca Tpke & Alvin Pl","stop_id":"13165"},"type":"Feature"},{"geometry":{"coordinates":[-75.31175,43.07774],"type":"Point"},"properties":{"kind":"stop","name":"Seneca Tpke & Paulevan Pl","stop_id":"13166"},"type":"Feature"},{"geometry":{"coordinates":[-75.30225,43.07526],"type":"Point"},"properties":{"kind":"stop","name":"Seneca Tpke & Sherrillbrook Rd","stop_id":"13169"},"type":"Feature"},{"geometry":{"coordinates":[-75.29991,43.07466],"type":"Point"},"properties":{"kind":"stop","name":"Genesee St & Golf Ave","stop_id":"13170"},"type":"Feature"},{"geometry":{"coordinates":[-75.29857,43.07442],"type":"Point"},"properties":{"kind":"stop","name":"Genesee St & Jordan Rd","stop_id":"13171"},"type":"Feature"},{"geometry":{"coordinates":[-75.29237,43.07332],"type":"Point"},"properties":{"kind":"stop","name":"Genesee St & Huntington Pl","stop_id":"13172"},"type":"Feature"},{"geometry":{"coordinates":[-75.28932,43.07282],"type":"Point"},"properties":{"kind":"stop","name":"Genesee St & Paris Rd","stop_id":"13173"},"type":"Feature"},{"geometry":{"coordinates":[-75.28775,43.07334],"type":"Point"},"properties":{"kind":"stop","name":"Genesee St & Oxford Rd","stop_id":"13174"},"type":"Feature"},{"geometry":{"coordinates":[-75.28484,43.07477],"type":"Point"},"properties":{"kind":"stop","name":"Genesee St & Richardson Ave","stop_id":"13175"},"type":"Feature"},{"geometry":{"coordinates":[-75.28329,43.07554],"type":"Point"},"properties":{"kind":"stop","name":"Genesee St & Sunnyside Dr","stop_id":"13176"},"type":"Feature"},{"geometry":{"coordinates":[-75.28231,43.07602],"type":"Point"},"properties":{"kind":"stop","name":"Genesee St & Higby Rd","stop_id":"13177"},"type":"Feature"},{"geometry":{"coordinates":[-75.27932,43.07752],"type":"Point"},"properties":{"kind":"stop","name":"Genesee St & Woodlawn Ave E","stop_id":"13178"},"type":"Feature"},{"geometry":{"coordinates":[-75.27816,43.07811],"type":"Point"},"properties":{"kind":"stop","name":"Genesee St & Arlington Rd","stop_id":"13179"},"type":"Feature"},{"geometry":{"coordinates":[-75.27258,43.08088],"type":"Point"},"properties":{"kind":"stop","name":"Genesee St & Seward Ave","stop_id":"13180"},"type":"Feature"},{"geometry":{"coordinates":[-75.27158,43.08139],"type":"Point"},"properties":{"kind":"stop","name":"Genesee St & Beverly Pl","stop_id":"13181"},"type":"Feature"},{"geometry":{"coordinates":[-75.26973,43.08234],"type":"Point"},"properties":{"kind":"stop","name":"Genesee St & Proctor Blvd","stop_id":"13182"},"type":"Feature"},{"geometry":{"coordinates":[-75.26528,43.0846],"type":"Point"},"properties":{"kind":"stop","name":"Genesee St & Prospect St","stop_id":"13183"},"type":"Feature"},{"geometry":{"coordinates":[-75.26275,43.08587],"type":"Point"},"properties":{"kind":"stop","name":"Genesee St & Kenyon Ct","stop_id":"13185"},"type":"Feature"},{"geometry":{"coordinates":[-75.26182,43.08633],"type":"Point"},"properties":{"kind":"stop","name":"Genesee St & Emerson Ave","stop_id":"13186"},"type":"Feature"},{"geometry":{"coordinates":[-75.26106,43.08671],"type":"Point"},"properties":{"kind":"stop","name":"Genesee St & Auburn Ave","stop_id":"13187"},"type":"Feature"},{"geometry":{"coordinates":[-75.25867,43.0879],"type":"Point"},"properties":{"kind":"stop","name":"Genesee St & Parkside Ct","stop_id":"13188"},"type":"Feature"},{"geometry":{"coordinates":[-75.2569,43.08879],"type":"Point"},"properties":{"kind":"stop","name":"Genesee St & Irving Pl","stop_id":"13189"},"type":"Feature"},{"geometry":{"coordinates":[-75.25478,43.08984],"type":"Point"},"properties":{"kind":"stop","name":"Genesee St & Derbyshire Pl","stop_id":"13191"},"type":"Feature"},{"geometry":{"coordinates":[-75.25221,43.09111],"type":"Point"},"properties":{"kind":"stop","name":"Genesee St & Grant St","stop_id":"13192"},"type":"Feature"},{"geometry":{"coordinates":[-75.25135,43.09154],"type":"Point"},"properties":{"kind":"stop","name":"Genesee St & Scott St","stop_id":"13193"},"type":"Feature"},{"geometry":{"coordinates":[-75.25039,43.09201],"type":"Point"},"properties":{"kind":"stop","name":"Genesee St & Faxton Sr","stop_id":"13194"},"type":"Feature"},{"geometry":{"coordinates":[-75.24937,43.09254],"type":"Point"},"properties":{"kind":"stop","name":"Genesee St & Jewett Pl","stop_id":"13195"},"type":"Feature"},{"geometry":{"coordinates":[-75.24767,43.09336],"type":"Point"},"properties":{"kind":"stop","name":"Genesee St & Clinton Pl","stop_id":"13196"},"type":"Feature"},{"geometry":{"coordinates":[-75.24523,43.09456],"type":"Point"},"properties":{"kind":"stop","name":"Genesee St & Noyes St","stop_id":"13197"},"type":"Feature"},{"geometry":{"coordinates":[-76.14332,43.06631],"type":"Point"},"properties":{"kind":"stop","name":"Butternut St & Knaul St","stop_id":"13230"},"type":"Feature"},{"geometry":{"coordinates":[-76.12158,43.0717],"type":"Point"},"properties":{"kind":"stop","name":"Grant Ter & Grant Blvd","stop_id":"13234"},"type":"Feature"},{"geometry":{"coordinates":[-76.11609,43.07719],"type":"Point"},"properties":{"kind":"stop","name":"Craige St & Noble Ave","stop_id":"13236"},"type":"Feature"},{"geometry":{"coordinates":[-76.11684,43.07715],"type":"Point"},"properties":{"kind":"stop","name":"Craigie St & Gaynor Ave","stop_id":"13237"},"type":"Feature"},{"geometry":{"coordinates":[-76.12164,43.07175],"type":"Point"},"properties":{"kind":"stop","name":"Grant Ter & Grant Blvd","stop_id":"13242"},"type":"Feature"},{"geometry":{"coordinates":[-76.12257,43.07201],"type":"Point"},"properties":{"kind":"stop","name":"Grant Blvd & Teall Ave","stop_id":"13243"},"type":"Feature"},{"geometry":{"coordinates":[-76.15614,43.0816],"type":"Point"},"properties":{"kind":"stop","name":"Wolf St & 7th North St","stop_id":"13256"},"type":"Feature"},{"geometry":{"coordinates":[-76.15267,43.08552],"type":"Point"},"properties":{"kind":"stop","name":"Wolf St & Evelyn Ter","stop_id":"13258"},"type":"Feature"},{"geometry":{"coordinates":[-76.16195,43.0686],"type":"Point"},"properties":{"kind":"stop","name":"N Salina St & Bear St","stop_id":"13259"},"type":"Feature"},{"geometry":{"coordinates":[-76.15916,43.06736],"type":"Point"},"properties":{"kind":"stop","name":"N Salina St & Court St","stop_id":"13260"},"type":"Feature"},{"geometry":{"coordinates":[-76.14447,43.11759],"type":"Point"},"properties":{"kind":"stop","name":"Route 11 & 3732 Route 11","stop_id":"13261"},"type":"Feature"},{"geometry":{"coordinates":[-76.14613,43.11943],"type":"Point"},"properties":{"kind":"stop","name":"Tops Airport Plaza","stop_id":"13262"},"type":"Feature"},{"geometry":{"coordinates":[-76.14514,43.10424],"type":"Point"},"properties":{"kind":"stop","name":"Malden Rd & Brewerton Rd","stop_id":"13286"},"type":"Feature"},{"geometry":{"coordinates":[-76.13944,43.09809],"type":"Point"},"properties":{"kind":"stop","name":"E Molloy Rd & Gordon Ave","stop_id":"13287"},"type":"Feature"},{"geometry":{"coordinates":[-76.14575,43.09687],"type":"Point"},"properties":{"kind":"stop","name":"Brewerton Rd & Brookfield Rd","stop_id":"13296"},"type":"Feature"},{"geometry":{"coordinates":[-76.14642,43.09576],"type":"Point"},"properties":{"kind":"stop","name":"Brewerton Rd & Richfield Blvd","stop_id":"13297"},"type":"Feature"},{"geometry":{"coordinates":[-76.1486,43.09138],"type":"Point"},"properties":{"kind":"stop","name":"Brewerton Rd & Edgemere Rd","stop_id":"13298"},"type":"Feature"},{"geometry":{"coordinates":[-76.14958,43.08948],"type":"Point"},"properties":{"kind":"stop","name":"Brewerton Rd & Factory Ave","stop_id":"13299"},"type":"Feature"},{"geometry":{"coordinates":[-76.15256,43.08573],"type":"Point"},"properties":{"kind":"stop","name":"Wolf St & Evelyn Ter","stop_id":"13300"},"type":"Feature"},{"geometry":{"coordinates":[-76.15711,43.08064],"type":"Point"},"properties":{"kind":"stop","name":"Wolf St & 6th North St","stop_id":"13302"},"type":"Feature"},{"geometry":{"coordinates":[-76.16348,43.0723],"type":"Point"},"properties":{"kind":"stop","name":"Wolf St & Carbon St","stop_id":"13303"},"type":"Feature"},{"geometry":{"coordinates":[-75.21761,43.11073],"type":"Point"},"properties":{"kind":"stop","name":"Genesee St & Fredrick Pl E","stop_id":"13311"},"type":"Feature"},{"geometry":{"coordinates":[-75.20568,43.11468],"type":"Point"},"properties":{"kind":"stop","name":"Herkimer Rd & Leland Ave","stop_id":"13313"},"type":"Feature"},{"geometry":{"coordinates":[-75.20468,43.11447],"type":"Point"},"properties":{"kind":"stop","name":"Herkimer Rd & Van Rensselaer Rd","stop_id":"13314"},"type":"Feature"},{"geometry":{"coordinates":[-75.20297,43.11411],"type":"Point"},"properties":{"kind":"stop","name":"Herkimer Rd & Larchmont Ave","stop_id":"13315"},"type":"Feature"},{"geometry":{"coordinates":[-75.19982,43.11349],"type":"Point"},"properties":{"kind":"stop","name":"Herkimer Rd & Sunlit Ter SW","stop_id":"13316"},"type":"Feature"},{"geometry":{"coordinates":[-75.19551,43.11269],"type":"Point"},"properties":{"kind":"stop","name":"Herkimer Rd & Elmhurst Rd","stop_id":"13317"},"type":"Feature"},{"geometry":{"coordinates":[-75.19086,43.11187],"type":"Point"},"properties":{"kind":"stop","name":"Herkimer Rd & Deerfield Dr E","stop_id":"13318"},"type":"Feature"},{"geometry":{"coordinates":[-75.18941,43.1116],"type":"Point"},"properties":{"kind":"stop","name":"Herkimer Rd & Sunny Brook Ln","stop_id":"13319"},"type":"Feature"},{"geometry":{"coordinates":[-76.14223,43.00981],"type":"Point"},"properties":{"kind":"stop","name":"Fillmore Ave & S Salina St","stop_id":"1332"},"type":"Feature"},{"geometry":{"coordinates":[-75.18096,43.11012],"type":"Point"},"properties":{"kind":"stop","name":"Herkimer Rd & Keyes Rd","stop_id":"13320"},"type":"Feature"},{"geometry":{"coordinates":[-75.17966,43.10988],"type":"Point"},"properties":{"kind":"stop","name":"Herkimer Rd & Dominica Ct","stop_id":"13321"},"type":"Feature"},{"geometry":{"coordinates":[-75.17624,43.10927],"type":"Point"},"properties":{"kind":"stop","name":"Herkimer Rd & Jimmy Blvd","stop_id":"13322"},"type":"Feature"},{"geometry":{"coordinates":[-75.17491,43.10902],"type":"Point"},"properties":{"kind":"stop","name":"Herkimer Rd & Brody Dr","stop_id":"13323"},"type":"Feature"},{"geometry":{"coordinates":[-75.17209,43.10851],"type":"Point"},"properties":{"kind":"stop","name":"Herkimer Rd & Parkedge Dr","stop_id":"13324"},"type":"Feature"},{"geometry":{"coordinates":[-75.16939,43.108],"type":"Point"},"properties":{"kind":"stop","name":"Herkimer Rd & Briarcliffe Ave","stop_id":"13325"},"type":"Feature"},{"geometry":{"coordinates":[-75.16531,43.11235],"type":"Point"},"properties":{"kind":"stop","name":"Redwood Ave & Woodburne Dr","stop_id":"13328"},"type":"Feature"},{"geometry":{"coordinates":[-75.16641,43.11288],"type":"Point"},"properties":{"kind":"stop","name":"Redwood Ave & Cedarbrook Cres","stop_id":"13329"},"type":"Feature"},{"geometry":{"coordinates":[-76.14235,43.00987],"type":"Point"},"properties":{"kind":"stop","name":"S Salina St & Fillmore Ave","stop_id":"1333"},"type":"Feature"},{"geometry":{"coordinates":[-75.16843,43.10944],"type":"Point"},"properties":{"kind":"stop","name":"Cedarbrook Cres & Briarcliffe Ave","stop_id":"13330"},"type":"Feature"},{"geometry":{"coordinates":[-75.16891,43.10896],"type":"Point"},"properties":{"kind":"stop","name":"Briarcliffe Ave & Vine Ct","stop_id":"13331"},"type":"Feature"},{"geometry":{"coordinates":[-75.16935,43.10808],"type":"Point"},"properties":{"kind":"stop","name":"Briarcliffe Ave & Herkimer Rd","stop_id":"13332"},"type":"Feature"},{"geometry":{"coordinates":[-75.17194,43.10852],"type":"Point"},"properties":{"kind":"stop","name":"Herkimer Rd & Parkedge Dr","stop_id":"13333"},"type":"Feature"},{"geometry":{"coordinates":[-75.17477,43.10904],"type":"Point"},"properties":{"kind":"stop","name":"Herkimer Rd & Brody Dr","stop_id":"13334"},"type":"Feature"},{"geometry":{"coordinates":[-75.17608,43.10928],"type":"Point"},"properties":{"kind":"stop","name":"Herkimer Rd & Jimmy Blvd","stop_id":"13335"},"type":"Feature"},{"geometry":{"coordinates":[-75.18083,43.11015],"type":"Point"},"properties":{"kind":"stop","name":"Herkimer Rd & Keyes Rd","stop_id":"13336"},"type":"Feature"},{"geometry":{"coordinates":[-75.18965,43.11169],"type":"Point"},"properties":{"kind":"stop","name":"Herkimer Rd & Lee Blvd","stop_id":"13337"},"type":"Feature"},{"geometry":{"coordinates":[-75.19078,43.1119],"type":"Point"},"properties":{"kind":"stop","name":"Herkimer Rd & Deerfield Dr E","stop_id":"13338"},"type":"Feature"},{"geometry":{"coordinates":[-75.19541,43.11272],"type":"Point"},"properties":{"kind":"stop","name":"Herkimer Rd & Elmhurst Rd","stop_id":"13339"},"type":"Feature"},{"geometry":{"coordinates":[-76.1424,43.00943],"type":"Point"},"properties":{"kind":"stop","name":"S Salina St & Fillmore Ave","stop_id":"1334"},"type":"Feature"},{"geometry":{"coordinates":[-75.19873,43.11333],"type":"Point"},"properties":{"kind":"stop","name":"Herkimer Rd & Linda View Ln","stop_id":"13340"},"type":"Feature"},{"geometry":{"coordinates":[-75.19968,43.11351],"type":"Point"},"properties":{"kind":"stop","name":"Herkimer Rd & Sunlit Ter","stop_id":"13341"},"type":"Feature"},{"geometry":{"coordinates":[-75.20287,43.11415],"type":"Point"},"properties":{"kind":"stop","name":"Herkimer Rd & Larchmont Ave","stop_id":"13342"},"type":"Feature"},{"geometry":{"coordinates":[-75.20455,43.1145],"type":"Point"},"properties":{"kind":"stop","name":"Herkimer Rd & Van Rensselaer Rd","stop_id":"13343"},"type":"Feature"},{"geometry":{"coordinates":[-75.21512,43.11281],"type":"Point"},"properties":{"kind":"stop","name":"Genesee St & Weaver St","stop_id":"13346"},"type":"Feature"},{"geometry":{"coordinates":[-75.2196,43.10906],"type":"Point"},"properties":{"kind":"stop","name":"Genesee St & Wells Ave","stop_id":"13348"},"type":"Feature"},{"geometry":{"coordinates":[-75.22106,43.10782],"type":"Point"},"properties":{"kind":"stop","name":"Genesee St & Wurz Ave","stop_id":"13349"},"type":"Feature"},{"geometry":{"coordinates":[-75.22253,43.10661],"type":"Point"},"properties":{"kind":"stop","name":"Genesee St & Lee St W","stop_id":"13350"},"type":"Feature"},{"geometry":{"coordinates":[-76.15153,43.07436],"type":"Point"},"properties":{"kind":"stop","name":"Grant Blvd & Danforth St","stop_id":"13360"},"type":"Feature"},{"geometry":{"coordinates":[-76.10183,43.08206],"type":"Point"},"properties":{"kind":"stop","name":"Court Street Rd & N Midler Ave","stop_id":"13362"},"type":"Feature"},{"geometry":{"coordinates":[-75.21556,43.11827],"type":"Point"},"properties":{"kind":"stop","name":"Riverside Dr & Spratt Pl","stop_id":"13367"},"type":"Feature"},{"geometry":{"coordinates":[-75.21645,43.11861],"type":"Point"},"properties":{"kind":"stop","name":"Riverside Dr & Ashland Ave","stop_id":"13368"},"type":"Feature"},{"geometry":{"coordinates":[-75.21745,43.11897],"type":"Point"},"properties":{"kind":"stop","name":"Riverside Dr & Kingston Rd","stop_id":"13369"},"type":"Feature"},{"geometry":{"coordinates":[-76.14499,43.02485],"type":"Point"},"properties":{"kind":"stop","name":"S Salina St & Elk St","stop_id":"1337"},"type":"Feature"},{"geometry":{"coordinates":[-75.21855,43.11938],"type":"Point"},"properties":{"kind":"stop","name":"Riverside Dr & Dawes Ave","stop_id":"13370"},"type":"Feature"},{"geometry":{"coordinates":[-75.21951,43.11975],"type":"Point"},"properties":{"kind":"stop","name":"Riverside Dr & Coolidge Rd","stop_id":"13371"},"type":"Feature"},{"geometry":{"coordinates":[-75.22052,43.12012],"type":"Point"},"properties":{"kind":"stop","name":"Riverside Dr & Melvin Rd","stop_id":"13372"},"type":"Feature"},{"geometry":{"coordinates":[-75.22222,43.12074],"type":"Point"},"properties":{"kind":"stop","name":"Riverside Dr & Utica Rd","stop_id":"13373"},"type":"Feature"},{"geometry":{"coordinates":[-75.22386,43.12137],"type":"Point"},"properties":{"kind":"stop","name":"Riverside Dr & Cosby Rd","stop_id":"13375"},"type":"Feature"},{"geometry":{"coordinates":[-76.14492,43.02482],"type":"Point"},"properties":{"kind":"stop","name":"S Salina St & Elk St","stop_id":"1338"},"type":"Feature"},{"geometry":{"coordinates":[-76.11272,43.09575],"type":"Point"},"properties":{"kind":"stop","name":"Pickard Dr & Pickard Dr E","stop_id":"13384"},"type":"Feature"},{"geometry":{"coordinates":[-76.09157,43.09956],"type":"Point"},"properties":{"kind":"stop","name":"E Molloy Rd & Ellicott Dr","stop_id":"13394"},"type":"Feature"},{"geometry":{"coordinates":[-76.14943,43.03536],"type":"Point"},"properties":{"kind":"stop","name":"S Salina St & E Raynor Ave","stop_id":"134"},"type":"Feature"},{"geometry":{"coordinates":[-76.09524,43.09469],"type":"Point"},"properties":{"kind":"stop","name":"Thompson Rd & Brooklawn Pkwy","stop_id":"13400"},"type":"Feature"},{"geometry":{"coordinates":[-76.09384,43.09099],"type":"Point"},"properties":{"kind":"stop","name":"Tarbell Rd & NYS Thruway Authority Bldng","stop_id":"13401"},"type":"Feature"},{"geometry":{"coordinates":[-76.10623,43.08162],"type":"Point"},"properties":{"kind":"stop","name":"Court Street Rd & Baker St","stop_id":"13407"},"type":"Feature"},{"geometry":{"coordinates":[-76.14456,43.02397],"type":"Point"},"properties":{"kind":"stop","name":"S Salina St & McKinley Ave","stop_id":"1341"},"type":"Feature"},{"geometry":{"coordinates":[-76.0898,43.0844],"type":"Point"},"properties":{"kind":"stop","name":"Comfort Inn Thompson Rd","stop_id":"13414"},"type":"Feature"},{"geometry":{"coordinates":[-76.08938,43.08002],"type":"Point"},"properties":{"kind":"stop","name":"Thompson Rd & Carrier","stop_id":"13415"},"type":"Feature"},{"geometry":{"coordinates":[-76.1445,43.02393],"type":"Point"},"properties":{"kind":"stop","name":"S Salina St & McKinley Ave","stop_id":"1342"},"type":"Feature"},{"geometry":{"coordinates":[-75.22404,43.1213],"type":"Point"},"properties":{"kind":"stop","name":"Riverside Dr & Cosby Rd","stop_id":"13427"},"type":"Feature"},{"geometry":{"coordinates":[-75.22316,43.12102],"type":"Point"},"properties":{"kind":"stop","name":"Riverside Dr & Buchanan Rd","stop_id":"13428"},"type":"Feature"},{"geometry":{"coordinates":[-75.22071,43.12011],"type":"Point"},"properties":{"kind":"stop","name":"Riverside Dr & Melvin Rd","stop_id":"13430"},"type":"Feature"},{"geometry":{"coordinates":[-75.21965,43.11973],"type":"Point"},"properties":{"kind":"stop","name":"Riverside Dr & Coolidge Rd","stop_id":"13431"},"type":"Feature"},{"geometry":{"coordinates":[-75.21869,43.11937],"type":"Point"},"properties":{"kind":"stop","name":"Riverside Dr & Dawes Ave","stop_id":"13432"},"type":"Feature"},{"geometry":{"coordinates":[-75.21762,43.11897],"type":"Point"},"properties":{"kind":"stop","name":"Riverside Dr & Kingston Rd","stop_id":"13433"},"type":"Feature"},{"geometry":{"coordinates":[-75.21664,43.11862],"type":"Point"},"properties":{"kind":"stop","name":"Riverside Dr & Ashland Ave","stop_id":"13434"},"type":"Feature"},{"geometry":{"coordinates":[-75.21567,43.11827],"type":"Point"},"properties":{"kind":"stop","name":"Riverside Dr & Spratt Pl","stop_id":"13435"},"type":"Feature"},{"geometry":{"coordinates":[-75.16453,43.1119],"type":"Point"},"properties":{"kind":"stop","name":"Briarcliffe Ave & Redwood Ave","stop_id":"13436"},"type":"Feature"},{"geometry":{"coordinates":[-75.21835,43.09748],"type":"Point"},"properties":{"kind":"stop","name":"Mohawk St & Elizabeth St","stop_id":"13437"},"type":"Feature"},{"geometry":{"coordinates":[-75.21883,43.09661],"type":"Point"},"properties":{"kind":"stop","name":"Mohawk St & Mary St","stop_id":"13438"},"type":"Feature"},{"geometry":{"coordinates":[-75.21928,43.09584],"type":"Point"},"properties":{"kind":"stop","name":"Mohawk St & Blandina St","stop_id":"13439"},"type":"Feature"},{"geometry":{"coordinates":[-76.14411,43.0231],"type":"Point"},"properties":{"kind":"stop","name":"S Salina St & Amherst Ave","stop_id":"1344"},"type":"Feature"},{"geometry":{"coordinates":[-75.21972,43.09508],"type":"Point"},"properties":{"kind":"stop","name":"Mohawk St & Lansing St","stop_id":"13440"},"type":"Feature"},{"geometry":{"coordinates":[-75.22018,43.09427],"type":"Point"},"properties":{"kind":"stop","name":"Mohawk St & Rutger St","stop_id":"13441"},"type":"Feature"},{"geometry":{"coordinates":[-75.22127,43.09235],"type":"Point"},"properties":{"kind":"stop","name":"Mohawk St & South St","stop_id":"13442"},"type":"Feature"},{"geometry":{"coordinates":[-75.2232,43.08893],"type":"Point"},"properties":{"kind":"stop","name":"Mohawk St & Eagle St","stop_id":"13443"},"type":"Feature"},{"geometry":{"coordinates":[-75.22437,43.08711],"type":"Point"},"properties":{"kind":"stop","name":"Mohawk St & Eleanor Pl","stop_id":"13444"},"type":"Feature"},{"geometry":{"coordinates":[-75.22613,43.08501],"type":"Point"},"properties":{"kind":"stop","name":"Mohawk St & Arthur St","stop_id":"13445"},"type":"Feature"},{"geometry":{"coordinates":[-75.22677,43.08426],"type":"Point"},"properties":{"kind":"stop","name":"Mohawk St & Plymouth Pl","stop_id":"13446"},"type":"Feature"},{"geometry":{"coordinates":[-75.22731,43.08363],"type":"Point"},"properties":{"kind":"stop","name":"Mohawk St & Sherman Dr","stop_id":"13447"},"type":"Feature"},{"geometry":{"coordinates":[-75.22311,43.08146],"type":"Point"},"properties":{"kind":"stop","name":"Sherman Dr & Madison Ave","stop_id":"13448"},"type":"Feature"},{"geometry":{"coordinates":[-75.22195,43.08049],"type":"Point"},"properties":{"kind":"stop","name":"Sherman Dr & Gibson Rd","stop_id":"13449"},"type":"Feature"},{"geometry":{"coordinates":[-75.22057,43.07758],"type":"Point"},"properties":{"kind":"stop","name":"Sherman Dr & James St","stop_id":"13450"},"type":"Feature"},{"geometry":{"coordinates":[-75.2288,43.08176],"type":"Point"},"properties":{"kind":"stop","name":"James St & Mohawk St","stop_id":"13451"},"type":"Feature"},{"geometry":{"coordinates":[-75.34609,43.06945],"type":"Point"},"properties":{"kind":"stop","name":"Utica Rd & Limberlost Rd","stop_id":"13453"},"type":"Feature"},{"geometry":{"coordinates":[-75.35397,43.06529],"type":"Point"},"properties":{"kind":"stop","name":"Utica Rd & Homewood Dr","stop_id":"13454"},"type":"Feature"},{"geometry":{"coordinates":[-75.36206,43.05872],"type":"Point"},"properties":{"kind":"stop","name":"Utica Rd & Robinson Rd","stop_id":"13455"},"type":"Feature"},{"geometry":{"coordinates":[-75.36739,43.05463],"type":"Point"},"properties":{"kind":"stop","name":"Utica Rd & Stebbins Dr","stop_id":"13456"},"type":"Feature"},{"geometry":{"coordinates":[-75.37453,43.05193],"type":"Point"},"properties":{"kind":"stop","name":"Utica Rd & Taylor Ave","stop_id":"13457"},"type":"Feature"},{"geometry":{"coordinates":[-75.37841,43.04999],"type":"Point"},"properties":{"kind":"stop","name":"N Park Row & Kirkland Ave","stop_id":"13459"},"type":"Feature"},{"geometry":{"coordinates":[-76.1439,43.02253],"type":"Point"},"properties":{"kind":"stop","name":"S Salina St & Warner Ave","stop_id":"1346"},"type":"Feature"},{"geometry":{"coordinates":[-75.37854,43.05125],"type":"Point"},"properties":{"kind":"stop","name":"Kirkland Ave & Chenango Ave","stop_id":"13460"},"type":"Feature"},{"geometry":{"coordinates":[-75.3778,43.05337],"type":"Point"},"properties":{"kind":"stop","name":"Kirkland Ave & Norton Ave","stop_id":"13461"},"type":"Feature"},{"geometry":{"coordinates":[-75.38291,43.05605],"type":"Point"},"properties":{"kind":"stop","name":"Norton Ave & Elm St","stop_id":"13462"},"type":"Feature"},{"geometry":{"coordinates":[-75.38361,43.05538],"type":"Point"},"properties":{"kind":"stop","name":"Elm St & Harvard Dr","stop_id":"13463"},"type":"Feature"},{"geometry":{"coordinates":[-75.38412,43.04926],"type":"Point"},"properties":{"kind":"stop","name":"Elm St & Murty Ave","stop_id":"13464"},"type":"Feature"},{"geometry":{"coordinates":[-75.38939,43.04835],"type":"Point"},"properties":{"kind":"stop","name":"College St & Cleveland Pl","stop_id":"13466"},"type":"Feature"},{"geometry":{"coordinates":[-75.39404,43.04846],"type":"Point"},"properties":{"kind":"stop","name":"College St & Nichols Ln","stop_id":"13471"},"type":"Feature"},{"geometry":{"coordinates":[-75.38933,43.04831],"type":"Point"},"properties":{"kind":"stop","name":"College St & Dwight  Ave","stop_id":"13472"},"type":"Feature"},{"geometry":{"coordinates":[-75.38766,43.04826],"type":"Point"},"properties":{"kind":"stop","name":"College St & Woodlawn Pl","stop_id":"13475"},"type":"Feature"},{"geometry":{"coordinates":[-75.38527,43.04824],"type":"Point"},"properties":{"kind":"stop","name":"College St & Hamilton Pl","stop_id":"13476"},"type":"Feature"},{"geometry":{"coordinates":[-75.38254,43.04821],"type":"Point"},"properties":{"kind":"stop","name":"College St & Chenango Ave South","stop_id":"13477"},"type":"Feature"},{"geometry":{"coordinates":[-75.3818,43.04818],"type":"Point"},"properties":{"kind":"stop","name":"College St & Franklin Ave","stop_id":"13480"},"type":"Feature"},{"geometry":{"coordinates":[-75.37891,43.0482],"type":"Point"},"properties":{"kind":"stop","name":"College St & Williams St","stop_id":"13481"},"type":"Feature"},{"geometry":{"coordinates":[-75.378,43.04832],"type":"Point"},"properties":{"kind":"stop","name":"N Park Row & Kirkland Ave","stop_id":"13482"},"type":"Feature"},{"geometry":{"coordinates":[-75.37799,43.0499],"type":"Point"},"properties":{"kind":"stop","name":"N Park Row & Utica St","stop_id":"13483"},"type":"Feature"},{"geometry":{"coordinates":[-75.37585,43.05137],"type":"Point"},"properties":{"kind":"stop","name":"Utica St & Mulberry St","stop_id":"13484"},"type":"Feature"},{"geometry":{"coordinates":[-75.3747,43.05181],"type":"Point"},"properties":{"kind":"stop","name":"Utica St & Anderson Pl","stop_id":"13485"},"type":"Feature"},{"geometry":{"coordinates":[-75.37258,43.05258],"type":"Point"},"properties":{"kind":"stop","name":"Utica St & Beatty Ave","stop_id":"13486"},"type":"Feature"},{"geometry":{"coordinates":[-75.3684,43.05399],"type":"Point"},"properties":{"kind":"stop","name":"Utica St & Brimfield St","stop_id":"13487"},"type":"Feature"},{"geometry":{"coordinates":[-75.36139,43.05906],"type":"Point"},"properties":{"kind":"stop","name":"Utica St & Toggletown Rd","stop_id":"13488"},"type":"Feature"},{"geometry":{"coordinates":[-75.35404,43.06514],"type":"Point"},"properties":{"kind":"stop","name":"Utica St & Homewood Dr","stop_id":"13489"},"type":"Feature"},{"geometry":{"coordinates":[-75.34616,43.06934],"type":"Point"},"properties":{"kind":"stop","name":"Utica St & Limberlost Rd","stop_id":"13490"},"type":"Feature"},{"geometry":{"coordinates":[-75.26621,43.0841],"type":"Point"},"properties":{"kind":"stop","name":"Genesee St & Ballantyne Brae","stop_id":"13491"},"type":"Feature"},{"geometry":{"coordinates":[-75.28145,43.0945],"type":"Point"},"properties":{"kind":"stop","name":"Burrstone Rd & Notre Dame Ln","stop_id":"13492"},"type":"Feature"},{"geometry":{"coordinates":[-75.25865,43.09035],"type":"Point"},"properties":{"kind":"stop","name":"Burrstone Rd & Sunset Ave","stop_id":"13493"},"type":"Feature"},{"geometry":{"coordinates":[-75.25385,43.08778],"type":"Point"},"properties":{"kind":"stop","name":"Memorial Pkwy & Holland Ave","stop_id":"13494"},"type":"Feature"},{"geometry":{"coordinates":[-75.25078,43.08641],"type":"Point"},"properties":{"kind":"stop","name":"Memorial Pkwy & Oneida St","stop_id":"13495"},"type":"Feature"},{"geometry":{"coordinates":[-75.24723,43.08514],"type":"Point"},"properties":{"kind":"stop","name":"Memorial Pkwy & Elm St","stop_id":"13496"},"type":"Feature"},{"geometry":{"coordinates":[-75.24612,43.08633],"type":"Point"},"properties":{"kind":"stop","name":"Elm St & Boyce Ave","stop_id":"13497"},"type":"Feature"},{"geometry":{"coordinates":[-75.24525,43.08739],"type":"Point"},"properties":{"kind":"stop","name":"Elm St & Elwood Pl","stop_id":"13498"},"type":"Feature"},{"geometry":{"coordinates":[-75.24442,43.08842],"type":"Point"},"properties":{"kind":"stop","name":"Elm St & James St","stop_id":"13499"},"type":"Feature"},{"geometry":{"coordinates":[-76.1437,43.02225],"type":"Point"},"properties":{"kind":"stop","name":"S Salina St & McAllister Ave","stop_id":"1350"},"type":"Feature"},{"geometry":{"coordinates":[-75.22161,43.08008],"type":"Point"},"properties":{"kind":"stop","name":"Sherman Dr & Gibson Court","stop_id":"13500"},"type":"Feature"},{"geometry":{"coordinates":[-75.22296,43.08143],"type":"Point"},"properties":{"kind":"stop","name":"Sherman Dr & Madison Ave","stop_id":"13501"},"type":"Feature"},{"geometry":{"coordinates":[-75.22529,43.08264],"type":"Point"},"properties":{"kind":"stop","name":"Sherman Dr & Armory Dr","stop_id":"13502"},"type":"Feature"},{"geometry":{"coordinates":[-75.2273,43.08352],"type":"Point"},"properties":{"kind":"stop","name":"Sherman Dr & Mohawk St","stop_id":"13503"},"type":"Feature"},{"geometry":{"coordinates":[-75.22681,43.0842],"type":"Point"},"properties":{"kind":"stop","name":"Mohawk St & Plymouth Pl","stop_id":"13504"},"type":"Feature"},{"geometry":{"coordinates":[-75.22618,43.0849],"type":"Point"},"properties":{"kind":"stop","name":"Mohawk St & Arthur St","stop_id":"13505"},"type":"Feature"},{"geometry":{"coordinates":[-75.2244,43.08702],"type":"Point"},"properties":{"kind":"stop","name":"Mohawk St & Eleanor St","stop_id":"13506"},"type":"Feature"},{"geometry":{"coordinates":[-75.22326,43.08876],"type":"Point"},"properties":{"kind":"stop","name":"Mohawk St & Eagle St","stop_id":"13507"},"type":"Feature"},{"geometry":{"coordinates":[-75.22128,43.09224],"type":"Point"},"properties":{"kind":"stop","name":"Mohawk St & South St","stop_id":"13508"},"type":"Feature"},{"geometry":{"coordinates":[-75.22076,43.09313],"type":"Point"},"properties":{"kind":"stop","name":"Mohawk St & Humbert Ave","stop_id":"13509"},"type":"Feature"},{"geometry":{"coordinates":[-75.22019,43.09414],"type":"Point"},"properties":{"kind":"stop","name":"Mohawk St & Rutger St","stop_id":"13510"},"type":"Feature"},{"geometry":{"coordinates":[-75.21975,43.09493],"type":"Point"},"properties":{"kind":"stop","name":"Mohawk St & Lansing St","stop_id":"13511"},"type":"Feature"},{"geometry":{"coordinates":[-75.21929,43.09572],"type":"Point"},"properties":{"kind":"stop","name":"Mohawk St & Blandina St","stop_id":"13512"},"type":"Feature"},{"geometry":{"coordinates":[-75.21881,43.09648],"type":"Point"},"properties":{"kind":"stop","name":"Mohawk St & Mary St","stop_id":"13513"},"type":"Feature"},{"geometry":{"coordinates":[-75.21836,43.09726],"type":"Point"},"properties":{"kind":"stop","name":"Mohawk St & Elizabeth St","stop_id":"13514"},"type":"Feature"},{"geometry":{"coordinates":[-75.23184,43.10261],"type":"Point"},"properties":{"kind":"stop","name":"LaFayette St & Washington St","stop_id":"13516"},"type":"Feature"},{"geometry":{"coordinates":[-75.23291,43.10293],"type":"Point"},"properties":{"kind":"stop","name":"LaFayette St & Broadway","stop_id":"13517"},"type":"Feature"},{"geometry":{"coordinates":[-75.24295,43.10379],"type":"Point"},"properties":{"kind":"stop","name":"Varick St & Hamilton St","stop_id":"13523"},"type":"Feature"},{"geometry":{"coordinates":[-75.24385,43.10345],"type":"Point"},"properties":{"kind":"stop","name":"Varick St & Edward St","stop_id":"13524"},"type":"Feature"},{"geometry":{"coordinates":[-75.24486,43.10308],"type":"Point"},"properties":{"kind":"stop","name":"Varick St & Court St","stop_id":"13525"},"type":"Feature"},{"geometry":{"coordinates":[-75.24589,43.10335],"type":"Point"},"properties":{"kind":"stop","name":"Court St & Stark St","stop_id":"13526"},"type":"Feature"},{"geometry":{"coordinates":[-75.24688,43.10361],"type":"Point"},"properties":{"kind":"stop","name":"Court St & Schuyler St","stop_id":"13527"},"type":"Feature"},{"geometry":{"coordinates":[-75.24783,43.10398],"type":"Point"},"properties":{"kind":"stop","name":"Court St & Saratoga St","stop_id":"13528"},"type":"Feature"},{"geometry":{"coordinates":[-75.24872,43.10439],"type":"Point"},"properties":{"kind":"stop","name":"Court St & Lenox Ave","stop_id":"13529"},"type":"Feature"},{"geometry":{"coordinates":[-75.25032,43.10242],"type":"Point"},"properties":{"kind":"stop","name":"Lenox Ave & Warren St","stop_id":"13530"},"type":"Feature"},{"geometry":{"coordinates":[-75.25078,43.10182],"type":"Point"},"properties":{"kind":"stop","name":"Lenox Ave & Green St","stop_id":"13531"},"type":"Feature"},{"geometry":{"coordinates":[-75.25174,43.10066],"type":"Point"},"properties":{"kind":"stop","name":"Lenox Ave & Knox St","stop_id":"13532"},"type":"Feature"},{"geometry":{"coordinates":[-75.2531,43.09895],"type":"Point"},"properties":{"kind":"stop","name":"Lenox Ave & Noyes St","stop_id":"13534"},"type":"Feature"},{"geometry":{"coordinates":[-75.25448,43.09875],"type":"Point"},"properties":{"kind":"stop","name":"City St & Maple St","stop_id":"13535"},"type":"Feature"},{"geometry":{"coordinates":[-75.25497,43.09814],"type":"Point"},"properties":{"kind":"stop","name":"City St & Oak St","stop_id":"13536"},"type":"Feature"},{"geometry":{"coordinates":[-75.25544,43.09757],"type":"Point"},"properties":{"kind":"stop","name":"City St & Oswego St","stop_id":"13537"},"type":"Feature"},{"geometry":{"coordinates":[-75.25593,43.09696],"type":"Point"},"properties":{"kind":"stop","name":"City St & Ash St","stop_id":"13538"},"type":"Feature"},{"geometry":{"coordinates":[-75.25771,43.09775],"type":"Point"},"properties":{"kind":"stop","name":"Ash St & Martin St","stop_id":"13539"},"type":"Feature"},{"geometry":{"coordinates":[-75.25973,43.09868],"type":"Point"},"properties":{"kind":"stop","name":"Ash St & York St","stop_id":"13540"},"type":"Feature"},{"geometry":{"coordinates":[-75.26074,43.09781],"type":"Point"},"properties":{"kind":"stop","name":"York St &Thorn St","stop_id":"13541"},"type":"Feature"},{"geometry":{"coordinates":[-75.26141,43.09704],"type":"Point"},"properties":{"kind":"stop","name":"York St & Butternut St","stop_id":"13542"},"type":"Feature"},{"geometry":{"coordinates":[-75.2617,43.09669],"type":"Point"},"properties":{"kind":"stop","name":"York St & Goodrich Ave","stop_id":"13543"},"type":"Feature"},{"geometry":{"coordinates":[-75.26216,43.09613],"type":"Point"},"properties":{"kind":"stop","name":"York St & Watkins Ave","stop_id":"13544"},"type":"Feature"},{"geometry":{"coordinates":[-75.2626,43.09558],"type":"Point"},"properties":{"kind":"stop","name":"York St & Fincke Ave","stop_id":"13545"},"type":"Feature"},{"geometry":{"coordinates":[-75.26308,43.095],"type":"Point"},"properties":{"kind":"stop","name":"York St & Mather Ave","stop_id":"13546"},"type":"Feature"},{"geometry":{"coordinates":[-75.26353,43.0944],"type":"Point"},"properties":{"kind":"stop","name":"York St & Flagg Ave","stop_id":"13547"},"type":"Feature"},{"geometry":{"coordinates":[-75.2641,43.09379],"type":"Point"},"properties":{"kind":"stop","name":"York St & Sophia Ave","stop_id":"13548"},"type":"Feature"},{"geometry":{"coordinates":[-75.26441,43.09338],"type":"Point"},"properties":{"kind":"stop","name":"York St & Old Burrstone Rd","stop_id":"13549"},"type":"Feature"},{"geometry":{"coordinates":[-75.26595,43.09331],"type":"Point"},"properties":{"kind":"stop","name":"Old Burrstone Rd & Pierrepont Ave","stop_id":"13550"},"type":"Feature"},{"geometry":{"coordinates":[-75.26697,43.09326],"type":"Point"},"properties":{"kind":"stop","name":"Old Burrstone Rd & Sarah St","stop_id":"13551"},"type":"Feature"},{"geometry":{"coordinates":[-75.26823,43.09321],"type":"Point"},"properties":{"kind":"stop","name":"Old Burrstone Rd & Grandview Ave","stop_id":"13552"},"type":"Feature"},{"geometry":{"coordinates":[-75.26827,43.09395],"type":"Point"},"properties":{"kind":"stop","name":"Wesley Ave & Fox Pl","stop_id":"13556"},"type":"Feature"},{"geometry":{"coordinates":[-75.26788,43.09534],"type":"Point"},"properties":{"kind":"stop","name":"Wesley Ave & Sophia Ave","stop_id":"13557"},"type":"Feature"},{"geometry":{"coordinates":[-75.26711,43.09504],"type":"Point"},"properties":{"kind":"stop","name":"Sophia Ave & Grandview Ave","stop_id":"13558"},"type":"Feature"},{"geometry":{"coordinates":[-75.26626,43.09466],"type":"Point"},"properties":{"kind":"stop","name":"Sophia Ave & Sarah Ave","stop_id":"13559"},"type":"Feature"},{"geometry":{"coordinates":[-76.17896,43.04745],"type":"Point"},"properties":{"kind":"stop","name":"S Wilbur Ave & Bryant Ave","stop_id":"1356"},"type":"Feature"},{"geometry":{"coordinates":[-75.26491,43.09407],"type":"Point"},"properties":{"kind":"stop","name":"Sophia Ave & Nellis Pl","stop_id":"13560"},"type":"Feature"},{"geometry":{"coordinates":[-75.2641,43.09372],"type":"Point"},"properties":{"kind":"stop","name":"Sophia Ave & York St","stop_id":"13561"},"type":"Feature"},{"geometry":{"coordinates":[-75.26308,43.09492],"type":"Point"},"properties":{"kind":"stop","name":"York St & Mather Ave","stop_id":"13563"},"type":"Feature"},{"geometry":{"coordinates":[-75.26191,43.09637],"type":"Point"},"properties":{"kind":"stop","name":"York St & O'Brien Ave","stop_id":"13564"},"type":"Feature"},{"geometry":{"coordinates":[-75.26137,43.09698],"type":"Point"},"properties":{"kind":"stop","name":"York St & Butternut St","stop_id":"13565"},"type":"Feature"},{"geometry":{"coordinates":[-75.26069,43.09773],"type":"Point"},"properties":{"kind":"stop","name":"York St & Thorn St","stop_id":"13566"},"type":"Feature"},{"geometry":{"coordinates":[-75.25986,43.09865],"type":"Point"},"properties":{"kind":"stop","name":"York St & Ash St","stop_id":"13567"},"type":"Feature"},{"geometry":{"coordinates":[-75.25785,43.09777],"type":"Point"},"properties":{"kind":"stop","name":"Ash St & Martin St","stop_id":"13568"},"type":"Feature"},{"geometry":{"coordinates":[-75.25603,43.09691],"type":"Point"},"properties":{"kind":"stop","name":"Ash St & City St","stop_id":"13569"},"type":"Feature"},{"geometry":{"coordinates":[-75.25545,43.09746],"type":"Point"},"properties":{"kind":"stop","name":"City St & Oswego St","stop_id":"13570"},"type":"Feature"},{"geometry":{"coordinates":[-75.25499,43.09805],"type":"Point"},"properties":{"kind":"stop","name":"City St & Oak St","stop_id":"13571"},"type":"Feature"},{"geometry":{"coordinates":[-75.25451,43.09864],"type":"Point"},"properties":{"kind":"stop","name":"City St & Maple St","stop_id":"13572"},"type":"Feature"},{"geometry":{"coordinates":[-75.25319,43.09889],"type":"Point"},"properties":{"kind":"stop","name":"Noyes St & Lenox Ave","stop_id":"13573"},"type":"Feature"},{"geometry":{"coordinates":[-75.25266,43.09945],"type":"Point"},"properties":{"kind":"stop","name":"Lenox Ave & Walnut St","stop_id":"13574"},"type":"Feature"},{"geometry":{"coordinates":[-75.25177,43.10054],"type":"Point"},"properties":{"kind":"stop","name":"Lenox Ave & Knox St","stop_id":"13576"},"type":"Feature"},{"geometry":{"coordinates":[-75.25128,43.10112],"type":"Point"},"properties":{"kind":"stop","name":"Lenox Ave & Wager St","stop_id":"13577"},"type":"Feature"},{"geometry":{"coordinates":[-75.25079,43.10172],"type":"Point"},"properties":{"kind":"stop","name":"Lenox Ave & Green St","stop_id":"13578"},"type":"Feature"},{"geometry":{"coordinates":[-75.25035,43.10231],"type":"Point"},"properties":{"kind":"stop","name":"Lenox Ave & Warren St","stop_id":"13579"},"type":"Feature"},{"geometry":{"coordinates":[-75.24868,43.10427],"type":"Point"},"properties":{"kind":"stop","name":"Lenox Ave & Court St","stop_id":"13580"},"type":"Feature"},{"geometry":{"coordinates":[-75.24793,43.10398],"type":"Point"},"properties":{"kind":"stop","name":"Court St & Saratoga St","stop_id":"13581"},"type":"Feature"},{"geometry":{"coordinates":[-75.24701,43.10363],"type":"Point"},"properties":{"kind":"stop","name":"Court St & Schuyler St","stop_id":"13582"},"type":"Feature"},{"geometry":{"coordinates":[-75.24511,43.10304],"type":"Point"},"properties":{"kind":"stop","name":"Court St & Varick St","stop_id":"13584"},"type":"Feature"},{"geometry":{"coordinates":[-75.24384,43.1034],"type":"Point"},"properties":{"kind":"stop","name":"Varick St & Spring St","stop_id":"13585"},"type":"Feature"},{"geometry":{"coordinates":[-75.24233,43.10394],"type":"Point"},"properties":{"kind":"stop","name":"Varick St & Cooper St","stop_id":"13586"},"type":"Feature"},{"geometry":{"coordinates":[-75.241,43.10444],"type":"Point"},"properties":{"kind":"stop","name":"Varick St & Columbia St","stop_id":"13587"},"type":"Feature"},{"geometry":{"coordinates":[-75.23976,43.10405],"type":"Point"},"properties":{"kind":"stop","name":"Columbia St & Fay St","stop_id":"13588"},"type":"Feature"},{"geometry":{"coordinates":[-75.23822,43.1036],"type":"Point"},"properties":{"kind":"stop","name":"Columbia St & State St","stop_id":"13589"},"type":"Feature"},{"geometry":{"coordinates":[-75.23577,43.10286],"type":"Point"},"properties":{"kind":"stop","name":"Columbia St & Cornelia St","stop_id":"13590"},"type":"Feature"},{"geometry":{"coordinates":[-75.23372,43.10223],"type":"Point"},"properties":{"kind":"stop","name":"Columbia St & Broadway","stop_id":"13591"},"type":"Feature"},{"geometry":{"coordinates":[-75.2347,43.09938],"type":"Point"},"properties":{"kind":"stop","name":"Hopper St & Genesee St","stop_id":"13596"},"type":"Feature"},{"geometry":{"coordinates":[-75.23283,43.09793],"type":"Point"},"properties":{"kind":"stop","name":"Hopper St & Steuben St","stop_id":"13597"},"type":"Feature"},{"geometry":{"coordinates":[-75.22634,43.09017],"type":"Point"},"properties":{"kind":"stop","name":"Eagle St & Saint Vincent St","stop_id":"13600"},"type":"Feature"},{"geometry":{"coordinates":[-75.21919,43.08696],"type":"Point"},"properties":{"kind":"stop","name":"Eagle St & Kossuth Ave","stop_id":"13602"},"type":"Feature"},{"geometry":{"coordinates":[-75.22145,43.08796],"type":"Point"},"properties":{"kind":"stop","name":"Eagle St & McQuade Ave","stop_id":"13603"},"type":"Feature"},{"geometry":{"coordinates":[-75.2178,43.08635],"type":"Point"},"properties":{"kind":"stop","name":"Eagle St & Hammond Ave","stop_id":"13604"},"type":"Feature"},{"geometry":{"coordinates":[-75.21664,43.08579],"type":"Point"},"properties":{"kind":"stop","name":"Eagle St & Greenview Dr","stop_id":"13605"},"type":"Feature"},{"geometry":{"coordinates":[-75.21528,43.08519],"type":"Point"},"properties":{"kind":"stop","name":"Eagle St & Hillview Dr","stop_id":"13606"},"type":"Feature"},{"geometry":{"coordinates":[-75.21427,43.08477],"type":"Point"},"properties":{"kind":"stop","name":"Eagle St & Hilton Ave","stop_id":"13607"},"type":"Feature"},{"geometry":{"coordinates":[-75.2102,43.0829],"type":"Point"},"properties":{"kind":"stop","name":"Eagle St & Tilden Ave","stop_id":"13608"},"type":"Feature"},{"geometry":{"coordinates":[-75.21259,43.07995],"type":"Point"},"properties":{"kind":"stop","name":"Tilden Ave & Armory Dr","stop_id":"13609"},"type":"Feature"},{"geometry":{"coordinates":[-75.20949,43.07851],"type":"Point"},"properties":{"kind":"stop","name":"Armory Dr & Matt Apartments","stop_id":"13610"},"type":"Feature"},{"geometry":{"coordinates":[-75.20778,43.08244],"type":"Point"},"properties":{"kind":"stop","name":"Albany St & Monroe St","stop_id":"13611"},"type":"Feature"},{"geometry":{"coordinates":[-75.20723,43.08318],"type":"Point"},"properties":{"kind":"stop","name":"Ontario St & Allen St","stop_id":"13612"},"type":"Feature"},{"geometry":{"coordinates":[-75.20665,43.08386],"type":"Point"},"properties":{"kind":"stop","name":"Ontario St & Crouse St","stop_id":"13613"},"type":"Feature"},{"geometry":{"coordinates":[-75.20606,43.08457],"type":"Point"},"properties":{"kind":"stop","name":"Ontario St & Copperfield St","stop_id":"13614"},"type":"Feature"},{"geometry":{"coordinates":[-75.20549,43.08526],"type":"Point"},"properties":{"kind":"stop","name":"Ontario St & Girard St","stop_id":"13615"},"type":"Feature"},{"geometry":{"coordinates":[-75.2048,43.08606],"type":"Point"},"properties":{"kind":"stop","name":"Ontario St & South St","stop_id":"13616"},"type":"Feature"},{"geometry":{"coordinates":[-75.20397,43.08707],"type":"Point"},"properties":{"kind":"stop","name":"Ontario St & Gardner St","stop_id":"13617"},"type":"Feature"},{"geometry":{"coordinates":[-75.20341,43.08773],"type":"Point"},"properties":{"kind":"stop","name":"Ontario St & Guelich St","stop_id":"13618"},"type":"Feature"},{"geometry":{"coordinates":[-75.20275,43.08851],"type":"Point"},"properties":{"kind":"stop","name":"Ontario St & Rutger St","stop_id":"13619"},"type":"Feature"},{"geometry":{"coordinates":[-75.2003,43.08748],"type":"Point"},"properties":{"kind":"stop","name":"Rutger St & Culver Ave","stop_id":"13620"},"type":"Feature"},{"geometry":{"coordinates":[-75.24861,43.1066],"type":"Point"},"properties":{"kind":"stop","name":"Whitesboro St & Dewitt St","stop_id":"13627"},"type":"Feature"},{"geometry":{"coordinates":[-75.25003,43.10675],"type":"Point"},"properties":{"kind":"stop","name":"Whitesboro St & Cross St","stop_id":"13628"},"type":"Feature"},{"geometry":{"coordinates":[-75.25235,43.10699],"type":"Point"},"properties":{"kind":"stop","name":"Whitesboro St & Jason St","stop_id":"13629"},"type":"Feature"},{"geometry":{"coordinates":[-75.25394,43.10735],"type":"Point"},"properties":{"kind":"stop","name":"Whitesboro St & Faass Ave","stop_id":"13630"},"type":"Feature"},{"geometry":{"coordinates":[-75.25609,43.10811],"type":"Point"},"properties":{"kind":"stop","name":"Whitesboro St & Kernan Ave","stop_id":"13631"},"type":"Feature"},{"geometry":{"coordinates":[-75.2569,43.1084],"type":"Point"},"properties":{"kind":"stop","name":"Whitesboro St & Andes Ave","stop_id":"13632"},"type":"Feature"},{"geometry":{"coordinates":[-75.25983,43.10747],"type":"Point"},"properties":{"kind":"stop","name":"Mathews Ave & Highland Ave","stop_id":"13634"},"type":"Feature"},{"geometry":{"coordinates":[-75.26105,43.10594],"type":"Point"},"properties":{"kind":"stop","name":"Mathews Ave & Caroline St","stop_id":"13635"},"type":"Feature"},{"geometry":{"coordinates":[-75.26194,43.10633],"type":"Point"},"properties":{"kind":"stop","name":"Caroline St & Downer Ave","stop_id":"13636"},"type":"Feature"},{"geometry":{"coordinates":[-75.26302,43.10679],"type":"Point"},"properties":{"kind":"stop","name":"Caroline St & Kellogg Ave","stop_id":"13637"},"type":"Feature"},{"geometry":{"coordinates":[-75.26392,43.1072],"type":"Point"},"properties":{"kind":"stop","name":"Caroline St & Nye Ave","stop_id":"13638"},"type":"Feature"},{"geometry":{"coordinates":[-75.26596,43.1081],"type":"Point"},"properties":{"kind":"stop","name":"Caroline St & Tabor Pl","stop_id":"13639"},"type":"Feature"},{"geometry":{"coordinates":[-75.26781,43.10891],"type":"Point"},"properties":{"kind":"stop","name":"Caroline St & Champlin Ave","stop_id":"13640"},"type":"Feature"},{"geometry":{"coordinates":[-75.27094,43.10938],"type":"Point"},"properties":{"kind":"stop","name":"Campbell Ave & Montrose Ave","stop_id":"13642"},"type":"Feature"},{"geometry":{"coordinates":[-75.27304,43.10963],"type":"Point"},"properties":{"kind":"stop","name":"Campbell Ave & Myers Ave","stop_id":"13644"},"type":"Feature"},{"geometry":{"coordinates":[-75.27471,43.10983],"type":"Point"},"properties":{"kind":"stop","name":"Campbell Ave & 2nd St","stop_id":"13646"},"type":"Feature"},{"geometry":{"coordinates":[-75.2768,43.11008],"type":"Point"},"properties":{"kind":"stop","name":"Campbell Ave & 4th St","stop_id":"13648"},"type":"Feature"},{"geometry":{"coordinates":[-75.27893,43.11034],"type":"Point"},"properties":{"kind":"stop","name":"Campbell Ave & 6th St","stop_id":"13650"},"type":"Feature"},{"geometry":{"coordinates":[-75.28109,43.11058],"type":"Point"},"properties":{"kind":"stop","name":"Campbell Ave & 8th St","stop_id":"13652"},"type":"Feature"},{"geometry":{"coordinates":[-75.28213,43.1107],"type":"Point"},"properties":{"kind":"stop","name":"Campbell Ave & 9th St","stop_id":"13653"},"type":"Feature"},{"geometry":{"coordinates":[-75.28627,43.11061],"type":"Point"},"properties":{"kind":"stop","name":"Main St & Wetmore Ave","stop_id":"13654"},"type":"Feature"},{"geometry":{"coordinates":[-75.28725,43.10962],"type":"Point"},"properties":{"kind":"stop","name":"Main St & Greenman Ave","stop_id":"13655"},"type":"Feature"},{"geometry":{"coordinates":[-75.28839,43.10844],"type":"Point"},"properties":{"kind":"stop","name":"Main St & White St","stop_id":"13657"},"type":"Feature"},{"geometry":{"coordinates":[-75.28972,43.10706],"type":"Point"},"properties":{"kind":"stop","name":"Main St & Wadas Dr","stop_id":"13659"},"type":"Feature"},{"geometry":{"coordinates":[-76.14256,43.01972],"type":"Point"},"properties":{"kind":"stop","name":"S Salina St & W Lafayette Ave","stop_id":"1366"},"type":"Feature"},{"geometry":{"coordinates":[-75.29083,43.10589],"type":"Point"},"properties":{"kind":"stop","name":"Main St & Church St","stop_id":"13660"},"type":"Feature"},{"geometry":{"coordinates":[-75.29233,43.10429],"type":"Point"},"properties":{"kind":"stop","name":"Main St & Mill St","stop_id":"13661"},"type":"Feature"},{"geometry":{"coordinates":[-75.2937,43.10282],"type":"Point"},"properties":{"kind":"stop","name":"Main St & Chestnut St","stop_id":"13662"},"type":"Feature"},{"geometry":{"coordinates":[-75.29466,43.10178],"type":"Point"},"properties":{"kind":"stop","name":"Main St & Parkside Ct","stop_id":"13663"},"type":"Feature"},{"geometry":{"coordinates":[-75.2954,43.10099],"type":"Point"},"properties":{"kind":"stop","name":"Main St & Porter St","stop_id":"13664"},"type":"Feature"},{"geometry":{"coordinates":[-75.29676,43.09957],"type":"Point"},"properties":{"kind":"stop","name":"Main St & Elm St","stop_id":"13665"},"type":"Feature"},{"geometry":{"coordinates":[-75.29738,43.09621],"type":"Point"},"properties":{"kind":"stop","name":"Main St & Clinton St","stop_id":"13666"},"type":"Feature"},{"geometry":{"coordinates":[-75.29922,43.09492],"type":"Point"},"properties":{"kind":"stop","name":"Clinton St & Henderson St","stop_id":"13667"},"type":"Feature"},{"geometry":{"coordinates":[-75.30125,43.09711],"type":"Point"},"properties":{"kind":"stop","name":"Henderson St & Royal Brook Ln","stop_id":"13669"},"type":"Feature"},{"geometry":{"coordinates":[-76.14219,43.01891],"type":"Point"},"properties":{"kind":"stop","name":"S Salina St & W Corning Ave","stop_id":"1368"},"type":"Feature"},{"geometry":{"coordinates":[-75.30132,43.09713],"type":"Point"},"properties":{"kind":"stop","name":"Henderson St & Royal Brook Ln","stop_id":"13698"},"type":"Feature"},{"geometry":{"coordinates":[-75.2974,43.09616],"type":"Point"},"properties":{"kind":"stop","name":"Clinton St & Main St","stop_id":"13700"},"type":"Feature"},{"geometry":{"coordinates":[-75.29671,43.0995],"type":"Point"},"properties":{"kind":"stop","name":"Main St & Elm St","stop_id":"13701"},"type":"Feature"},{"geometry":{"coordinates":[-75.29537,43.10093],"type":"Point"},"properties":{"kind":"stop","name":"Main St & Porter St","stop_id":"13702"},"type":"Feature"},{"geometry":{"coordinates":[-75.29367,43.10276],"type":"Point"},"properties":{"kind":"stop","name":"Main St & Chestnut St","stop_id":"13704"},"type":"Feature"},{"geometry":{"coordinates":[-75.293,43.10348],"type":"Point"},"properties":{"kind":"stop","name":"Main St & Maple St","stop_id":"13705"},"type":"Feature"},{"geometry":{"coordinates":[-75.29206,43.10452],"type":"Point"},"properties":{"kind":"stop","name":"Main St & Cottage St","stop_id":"13706"},"type":"Feature"},{"geometry":{"coordinates":[-75.29124,43.10537],"type":"Point"},"properties":{"kind":"stop","name":"Main St & Pleasant St","stop_id":"13707"},"type":"Feature"},{"geometry":{"coordinates":[-75.28969,43.107],"type":"Point"},"properties":{"kind":"stop","name":"Main St & Wadas Dr","stop_id":"13708"},"type":"Feature"},{"geometry":{"coordinates":[-75.28723,43.10954],"type":"Point"},"properties":{"kind":"stop","name":"Main St & Greenman Ave","stop_id":"13709"},"type":"Feature"},{"geometry":{"coordinates":[-76.14245,43.01957],"type":"Point"},"properties":{"kind":"stop","name":"S Salina St & E Lafayette Ave","stop_id":"1371"},"type":"Feature"},{"geometry":{"coordinates":[-75.28624,43.11055],"type":"Point"},"properties":{"kind":"stop","name":"Main St & Wetmore Ave","stop_id":"13710"},"type":"Feature"},{"geometry":{"coordinates":[-75.2822,43.11066],"type":"Point"},"properties":{"kind":"stop","name":"Campbell Ave & 9th St","stop_id":"13711"},"type":"Feature"},{"geometry":{"coordinates":[-75.28115,43.11055],"type":"Point"},"properties":{"kind":"stop","name":"Campbell Ave & 8th St","stop_id":"13712"},"type":"Feature"},{"geometry":{"coordinates":[-75.28009,43.11043],"type":"Point"},"properties":{"kind":"stop","name":"Campbell Ave & 7th St","stop_id":"13713"},"type":"Feature"},{"geometry":{"coordinates":[-75.27899,43.11031],"type":"Point"},"properties":{"kind":"stop","name":"Campbell Ave & 6th St","stop_id":"13714"},"type":"Feature"},{"geometry":{"coordinates":[-75.27693,43.11006],"type":"Point"},"properties":{"kind":"stop","name":"Campbell Ave & 4th St","stop_id":"13716"},"type":"Feature"},{"geometry":{"coordinates":[-75.27515,43.10985],"type":"Point"},"properties":{"kind":"stop","name":"Campbell Ave & Cross St","stop_id":"13717"},"type":"Feature"},{"geometry":{"coordinates":[-75.2739,43.1097],"type":"Point"},"properties":{"kind":"stop","name":"Campbell Ave & Wilcox Ave","stop_id":"13718"},"type":"Feature"},{"geometry":{"coordinates":[-75.27173,43.10944],"type":"Point"},"properties":{"kind":"stop","name":"Campbell Ave & Dudley Ave","stop_id":"13720"},"type":"Feature"},{"geometry":{"coordinates":[-75.26793,43.10887],"type":"Point"},"properties":{"kind":"stop","name":"Campbell Ave & Champlin Ave","stop_id":"13722"},"type":"Feature"},{"geometry":{"coordinates":[-75.26608,43.10811],"type":"Point"},"properties":{"kind":"stop","name":"Caroline St & Tabor Pl","stop_id":"13723"},"type":"Feature"},{"geometry":{"coordinates":[-75.26404,43.10719],"type":"Point"},"properties":{"kind":"stop","name":"Caroline Ave & Nye Ave","stop_id":"13724"},"type":"Feature"},{"geometry":{"coordinates":[-75.26316,43.1068],"type":"Point"},"properties":{"kind":"stop","name":"Caroline St & Kellogg Ave","stop_id":"13725"},"type":"Feature"},{"geometry":{"coordinates":[-75.26205,43.10631],"type":"Point"},"properties":{"kind":"stop","name":"Caroline St & Downer Ave","stop_id":"13726"},"type":"Feature"},{"geometry":{"coordinates":[-75.26112,43.1059],"type":"Point"},"properties":{"kind":"stop","name":"Caroline St & Mathews Ave","stop_id":"13727"},"type":"Feature"},{"geometry":{"coordinates":[-75.25983,43.10739],"type":"Point"},"properties":{"kind":"stop","name":"Mathews Ave & Highland Ave","stop_id":"13728"},"type":"Feature"},{"geometry":{"coordinates":[-75.25861,43.10891],"type":"Point"},"properties":{"kind":"stop","name":"Mathews Ave & Whitesboro St","stop_id":"13729"},"type":"Feature"},{"geometry":{"coordinates":[-75.24871,43.10658],"type":"Point"},"properties":{"kind":"stop","name":"Whitesboro St & Dewitt St","stop_id":"13735"},"type":"Feature"},{"geometry":{"coordinates":[-75.24768,43.10643],"type":"Point"},"properties":{"kind":"stop","name":"Whitesboro St & Lenox Ave","stop_id":"13736"},"type":"Feature"},{"geometry":{"coordinates":[-75.24662,43.10617],"type":"Point"},"properties":{"kind":"stop","name":"Columbia St & Saratoga St","stop_id":"13737"},"type":"Feature"},{"geometry":{"coordinates":[-75.24558,43.10586],"type":"Point"},"properties":{"kind":"stop","name":"Columbia St & Schuyler St","stop_id":"13738"},"type":"Feature"},{"geometry":{"coordinates":[-75.244,43.10538],"type":"Point"},"properties":{"kind":"stop","name":"Columbia St & Hamilton St","stop_id":"13739"},"type":"Feature"},{"geometry":{"coordinates":[-75.2431,43.10509],"type":"Point"},"properties":{"kind":"stop","name":"Columbia St & Wiley St","stop_id":"13740"},"type":"Feature"},{"geometry":{"coordinates":[-75.25944,43.10926],"type":"Point"},"properties":{"kind":"stop","name":"Whitesboro St & Downer Ave","stop_id":"13742"},"type":"Feature"},{"geometry":{"coordinates":[-75.2604,43.10954],"type":"Point"},"properties":{"kind":"stop","name":"Whitesboro St & Kellogg Ave","stop_id":"13743"},"type":"Feature"},{"geometry":{"coordinates":[-75.26159,43.10993],"type":"Point"},"properties":{"kind":"stop","name":"Whitesboro St & Dent St","stop_id":"13744"},"type":"Feature"},{"geometry":{"coordinates":[-75.26324,43.11089],"type":"Point"},"properties":{"kind":"stop","name":"Whitesboro St & Erie St","stop_id":"13745"},"type":"Feature"},{"geometry":{"coordinates":[-75.26543,43.11185],"type":"Point"},"properties":{"kind":"stop","name":"Whitesboro St & Champlin Ave","stop_id":"13746"},"type":"Feature"},{"geometry":{"coordinates":[-75.26997,43.11401],"type":"Point"},"properties":{"kind":"stop","name":"Whitesboro St & Stelter Ave","stop_id":"13747"},"type":"Feature"},{"geometry":{"coordinates":[-75.27084,43.11445],"type":"Point"},"properties":{"kind":"stop","name":"Whitesboro St & Coventry Ave","stop_id":"13748"},"type":"Feature"},{"geometry":{"coordinates":[-75.27186,43.11487],"type":"Point"},"properties":{"kind":"stop","name":"Whitesboro St & Trinity Ave","stop_id":"13749"},"type":"Feature"},{"geometry":{"coordinates":[-75.27472,43.11546],"type":"Point"},"properties":{"kind":"stop","name":"Whitesboro St & Hall Ave","stop_id":"13751"},"type":"Feature"},{"geometry":{"coordinates":[-75.27588,43.11557],"type":"Point"},"properties":{"kind":"stop","name":"Whitesboro St & Russell Ave","stop_id":"13752"},"type":"Feature"},{"geometry":{"coordinates":[-75.27699,43.11567],"type":"Point"},"properties":{"kind":"stop","name":"Whitesboro St & Bayliss Ave","stop_id":"13753"},"type":"Feature"},{"geometry":{"coordinates":[-75.27822,43.11582],"type":"Point"},"properties":{"kind":"stop","name":"Whitesboro St & Jones Pl","stop_id":"13754"},"type":"Feature"},{"geometry":{"coordinates":[-75.28135,43.11613],"type":"Point"},"properties":{"kind":"stop","name":"Whitesboro St & Main St","stop_id":"13755"},"type":"Feature"},{"geometry":{"coordinates":[-75.28622,43.11848],"type":"Point"},"properties":{"kind":"stop","name":"Main St & Davis Ave","stop_id":"13756"},"type":"Feature"},{"geometry":{"coordinates":[-75.28744,43.11929],"type":"Point"},"properties":{"kind":"stop","name":"Main St & Ablett Ave","stop_id":"13758"},"type":"Feature"},{"geometry":{"coordinates":[-76.1418,43.01813],"type":"Point"},"properties":{"kind":"stop","name":"S Salina St & W Newell St","stop_id":"1376"},"type":"Feature"},{"geometry":{"coordinates":[-75.28936,43.12051],"type":"Point"},"properties":{"kind":"stop","name":"Main St & Victory Pkwy","stop_id":"13760"},"type":"Feature"},{"geometry":{"coordinates":[-75.29128,43.1223],"type":"Point"},"properties":{"kind":"stop","name":"Main St & Mohawk St","stop_id":"13762"},"type":"Feature"},{"geometry":{"coordinates":[-75.2926,43.12403],"type":"Point"},"properties":{"kind":"stop","name":"Main St & Elm St","stop_id":"13763"},"type":"Feature"},{"geometry":{"coordinates":[-75.29397,43.12575],"type":"Point"},"properties":{"kind":"stop","name":"Main St & Linwood Pl","stop_id":"13766"},"type":"Feature"},{"geometry":{"coordinates":[-75.2947,43.12665],"type":"Point"},"properties":{"kind":"stop","name":"Main St & Pleasant St","stop_id":"13767"},"type":"Feature"},{"geometry":{"coordinates":[-75.29572,43.12797],"type":"Point"},"properties":{"kind":"stop","name":"Main St & Flagg St","stop_id":"13768"},"type":"Feature"},{"geometry":{"coordinates":[-75.29671,43.12917],"type":"Point"},"properties":{"kind":"stop","name":"Main St & Dewey Ave","stop_id":"13769"},"type":"Feature"},{"geometry":{"coordinates":[-76.14142,43.01722],"type":"Point"},"properties":{"kind":"stop","name":"S Salina St & W Pleasant Ave","stop_id":"1377"},"type":"Feature"},{"geometry":{"coordinates":[-75.2977,43.1304],"type":"Point"},"properties":{"kind":"stop","name":"Main St & Watkins St","stop_id":"13770"},"type":"Feature"},{"geometry":{"coordinates":[-75.29901,43.13205],"type":"Point"},"properties":{"kind":"stop","name":"Main St & Palmer Ave","stop_id":"13771"},"type":"Feature"},{"geometry":{"coordinates":[-75.29969,43.13294],"type":"Point"},"properties":{"kind":"stop","name":"Main St & Fairdale Pl","stop_id":"13772"},"type":"Feature"},{"geometry":{"coordinates":[-75.30033,43.13369],"type":"Point"},"properties":{"kind":"stop","name":"Main St & Hoffman Pl","stop_id":"13773"},"type":"Feature"},{"geometry":{"coordinates":[-75.30143,43.13499],"type":"Point"},"properties":{"kind":"stop","name":"Main St & Glendale Pl","stop_id":"13790"},"type":"Feature"},{"geometry":{"coordinates":[-75.30042,43.1337],"type":"Point"},"properties":{"kind":"stop","name":"Main St & Hoffman Pl","stop_id":"13791"},"type":"Feature"},{"geometry":{"coordinates":[-75.29978,43.13292],"type":"Point"},"properties":{"kind":"stop","name":"Main St & Fairdale Pl","stop_id":"13792"},"type":"Feature"},{"geometry":{"coordinates":[-75.2991,43.13203],"type":"Point"},"properties":{"kind":"stop","name":"Main St & Palmer Ave","stop_id":"13793"},"type":"Feature"},{"geometry":{"coordinates":[-75.29784,43.13049],"type":"Point"},"properties":{"kind":"stop","name":"Main St & Watkins St","stop_id":"13794"},"type":"Feature"},{"geometry":{"coordinates":[-75.29669,43.12904],"type":"Point"},"properties":{"kind":"stop","name":"Main St & Goodell Ave","stop_id":"13795"},"type":"Feature"},{"geometry":{"coordinates":[-75.29587,43.12801],"type":"Point"},"properties":{"kind":"stop","name":"Main St & Flagg St","stop_id":"13796"},"type":"Feature"},{"geometry":{"coordinates":[-75.29497,43.12689],"type":"Point"},"properties":{"kind":"stop","name":"Main St & Brainard St","stop_id":"13797"},"type":"Feature"},{"geometry":{"coordinates":[-75.29413,43.1258],"type":"Point"},"properties":{"kind":"stop","name":"Main St & Westmoreland St","stop_id":"13798"},"type":"Feature"},{"geometry":{"coordinates":[-75.29365,43.12519],"type":"Point"},"properties":{"kind":"stop","name":"Main St & Mosley St","stop_id":"13799"},"type":"Feature"},{"geometry":{"coordinates":[-75.29274,43.12403],"type":"Point"},"properties":{"kind":"stop","name":"Main St & Elm St","stop_id":"13800"},"type":"Feature"},{"geometry":{"coordinates":[-75.2903,43.12104],"type":"Point"},"properties":{"kind":"stop","name":"Main St & Park Ave","stop_id":"13802"},"type":"Feature"},{"geometry":{"coordinates":[-75.28951,43.12053],"type":"Point"},"properties":{"kind":"stop","name":"Main St & Victory Pkwy","stop_id":"13803"},"type":"Feature"},{"geometry":{"coordinates":[-75.28649,43.11859],"type":"Point"},"properties":{"kind":"stop","name":"Main St & Gardner St","stop_id":"13804"},"type":"Feature"},{"geometry":{"coordinates":[-75.28145,43.11606],"type":"Point"},"properties":{"kind":"stop","name":"Whitesboro St & Main St","stop_id":"13805"},"type":"Feature"},{"geometry":{"coordinates":[-75.27835,43.11576],"type":"Point"},"properties":{"kind":"stop","name":"Whitesboro St & Jones Pl","stop_id":"13806"},"type":"Feature"},{"geometry":{"coordinates":[-75.27543,43.11545],"type":"Point"},"properties":{"kind":"stop","name":"Whitesboro St & Elmwood St","stop_id":"13808"},"type":"Feature"},{"geometry":{"coordinates":[-75.27288,43.11519],"type":"Point"},"properties":{"kind":"stop","name":"Whitesboro St & Bunker Ave","stop_id":"13809"},"type":"Feature"},{"geometry":{"coordinates":[-75.27228,43.11501],"type":"Point"},"properties":{"kind":"stop","name":"Whitesboro St & Oatley St","stop_id":"13810"},"type":"Feature"},{"geometry":{"coordinates":[-75.27052,43.11418],"type":"Point"},"properties":{"kind":"stop","name":"Whitesboro St & Edwards St","stop_id":"13811"},"type":"Feature"},{"geometry":{"coordinates":[-75.26559,43.11186],"type":"Point"},"properties":{"kind":"stop","name":"Whitesboro St & Champlin Ave","stop_id":"13812"},"type":"Feature"},{"geometry":{"coordinates":[-75.26475,43.11154],"type":"Point"},"properties":{"kind":"stop","name":"Whitesboro St & Inman Pl","stop_id":"13813"},"type":"Feature"},{"geometry":{"coordinates":[-75.26353,43.11096],"type":"Point"},"properties":{"kind":"stop","name":"Whitesboro St & Erie St","stop_id":"13814"},"type":"Feature"},{"geometry":{"coordinates":[-75.26238,43.11033],"type":"Point"},"properties":{"kind":"stop","name":"Whitesboro St & McBride Ave","stop_id":"13815"},"type":"Feature"},{"geometry":{"coordinates":[-75.26095,43.10958],"type":"Point"},"properties":{"kind":"stop","name":"Whitesboro St & Kellogg Ave","stop_id":"13816"},"type":"Feature"},{"geometry":{"coordinates":[-75.25962,43.10922],"type":"Point"},"properties":{"kind":"stop","name":"Whitesboro St & Downer Ave","stop_id":"13817"},"type":"Feature"},{"geometry":{"coordinates":[-75.25766,43.10862],"type":"Point"},"properties":{"kind":"stop","name":"Whitesboro St & Churchill Ave","stop_id":"13818"},"type":"Feature"},{"geometry":{"coordinates":[-75.25673,43.10829],"type":"Point"},"properties":{"kind":"stop","name":"Whitesboro St & Brayton Park Pl","stop_id":"13819"},"type":"Feature"},{"geometry":{"coordinates":[-76.14176,43.01815],"type":"Point"},"properties":{"kind":"stop","name":"S Salina St & W Newell St","stop_id":"1382"},"type":"Feature"},{"geometry":{"coordinates":[-75.25583,43.10798],"type":"Point"},"properties":{"kind":"stop","name":"Whitesboro St & Cherry St","stop_id":"13820"},"type":"Feature"},{"geometry":{"coordinates":[-75.25506,43.10771],"type":"Point"},"properties":{"kind":"stop","name":"Whitesboro St & Harper St","stop_id":"13821"},"type":"Feature"},{"geometry":{"coordinates":[-75.25018,43.10672],"type":"Point"},"properties":{"kind":"stop","name":"Whitesboro St & Cross St","stop_id":"13822"},"type":"Feature"},{"geometry":{"coordinates":[-75.24112,43.10447],"type":"Point"},"properties":{"kind":"stop","name":"Columbia St & Varick St","stop_id":"13831"},"type":"Feature"},{"geometry":{"coordinates":[-75.24581,43.09149],"type":"Point"},"properties":{"kind":"stop","name":"Oneida St & Clinton Pl","stop_id":"13834"},"type":"Feature"},{"geometry":{"coordinates":[-75.24696,43.09009],"type":"Point"},"properties":{"kind":"stop","name":"Oneida St & Jewett Pl","stop_id":"13835"},"type":"Feature"},{"geometry":{"coordinates":[-75.24765,43.08926],"type":"Point"},"properties":{"kind":"stop","name":"Oneida St & Faxton St","stop_id":"13836"},"type":"Feature"},{"geometry":{"coordinates":[-75.24843,43.08857],"type":"Point"},"properties":{"kind":"stop","name":"Oneida St & Scott St","stop_id":"13837"},"type":"Feature"},{"geometry":{"coordinates":[-75.24914,43.0879],"type":"Point"},"properties":{"kind":"stop","name":"Oneida St & Grant St","stop_id":"13838"},"type":"Feature"},{"geometry":{"coordinates":[-75.25155,43.08534],"type":"Point"},"properties":{"kind":"stop","name":"Oneida St & Greenwood Ct","stop_id":"13839"},"type":"Feature"},{"geometry":{"coordinates":[-75.25245,43.08575],"type":"Point"},"properties":{"kind":"stop","name":"Greenwood Ct & Storrs Ave","stop_id":"13840"},"type":"Feature"},{"geometry":{"coordinates":[-75.25342,43.08615],"type":"Point"},"properties":{"kind":"stop","name":"Greenwood Ct & Baker Ave","stop_id":"13841"},"type":"Feature"},{"geometry":{"coordinates":[-75.25453,43.0866],"type":"Point"},"properties":{"kind":"stop","name":"Greenwood Ct & Holland Ave","stop_id":"13842"},"type":"Feature"},{"geometry":{"coordinates":[-75.2555,43.0855],"type":"Point"},"properties":{"kind":"stop","name":"Holland Ave & Parkside Ct","stop_id":"13843"},"type":"Feature"},{"geometry":{"coordinates":[-75.25673,43.08401],"type":"Point"},"properties":{"kind":"stop","name":"Holland Ave & Van Vorst St","stop_id":"13844"},"type":"Feature"},{"geometry":{"coordinates":[-75.25727,43.08331],"type":"Point"},"properties":{"kind":"stop","name":"Holland Ave & Auburn Ave","stop_id":"13845"},"type":"Feature"},{"geometry":{"coordinates":[-75.25777,43.08272],"type":"Point"},"properties":{"kind":"stop","name":"Holland Ave & Emerson Ave","stop_id":"13846"},"type":"Feature"},{"geometry":{"coordinates":[-75.25864,43.08162],"type":"Point"},"properties":{"kind":"stop","name":"Holland Ave & Prospect St","stop_id":"13847"},"type":"Feature"},{"geometry":{"coordinates":[-75.25945,43.0806],"type":"Point"},"properties":{"kind":"stop","name":"Holland Ave & Ballantyne Brae","stop_id":"13848"},"type":"Feature"},{"geometry":{"coordinates":[-75.26032,43.0799],"type":"Point"},"properties":{"kind":"stop","name":"Oneida St & Bonnie Brae","stop_id":"13849"},"type":"Feature"},{"geometry":{"coordinates":[-75.26108,43.07931],"type":"Point"},"properties":{"kind":"stop","name":"Oneida St & Ferris Ave","stop_id":"13850"},"type":"Feature"},{"geometry":{"coordinates":[-75.26182,43.07871],"type":"Point"},"properties":{"kind":"stop","name":"Oneida St & Geer Ave","stop_id":"13851"},"type":"Feature"},{"geometry":{"coordinates":[-75.26278,43.07791],"type":"Point"},"properties":{"kind":"stop","name":"Oneida St & Proctor Blvd","stop_id":"13852"},"type":"Feature"},{"geometry":{"coordinates":[-75.2662,43.07511],"type":"Point"},"properties":{"kind":"stop","name":"Oneida St & Marlboro Rd","stop_id":"13854"},"type":"Feature"},{"geometry":{"coordinates":[-75.26684,43.07458],"type":"Point"},"properties":{"kind":"stop","name":"Oneida St & Kensington Dr","stop_id":"13855"},"type":"Feature"},{"geometry":{"coordinates":[-75.26762,43.07399],"type":"Point"},"properties":{"kind":"stop","name":"Oneida St & Eastwood Ave","stop_id":"13856"},"type":"Feature"},{"geometry":{"coordinates":[-75.27023,43.07484],"type":"Point"},"properties":{"kind":"stop","name":"Eastwood Ave & Remington Rd","stop_id":"13857"},"type":"Feature"},{"geometry":{"coordinates":[-75.27082,43.07508],"type":"Point"},"properties":{"kind":"stop","name":"Eastwood Ave & Midland Rd","stop_id":"13858"},"type":"Feature"},{"geometry":{"coordinates":[-75.27243,43.07575],"type":"Point"},"properties":{"kind":"stop","name":"Eastwood Ave & Edgewood Rd","stop_id":"13859"},"type":"Feature"},{"geometry":{"coordinates":[-75.27496,43.07367],"type":"Point"},"properties":{"kind":"stop","name":"Edgewood Rd & Arlington Rd","stop_id":"13860"},"type":"Feature"},{"geometry":{"coordinates":[-75.27631,43.07201],"type":"Point"},"properties":{"kind":"stop","name":"Edgewood Rd & Higby Rd","stop_id":"13862"},"type":"Feature"},{"geometry":{"coordinates":[-75.27433,43.07085],"type":"Point"},"properties":{"kind":"stop","name":"Higby Rd & Dunham Rd","stop_id":"13863"},"type":"Feature"},{"geometry":{"coordinates":[-75.27241,43.06872],"type":"Point"},"properties":{"kind":"stop","name":"Oneida St & Ridge Pl","stop_id":"13864"},"type":"Feature"},{"geometry":{"coordinates":[-75.27259,43.06513],"type":"Point"},"properties":{"kind":"stop","name":"Oneida St & Victoria Dr","stop_id":"13865"},"type":"Feature"},{"geometry":{"coordinates":[-75.27281,43.06173],"type":"Point"},"properties":{"kind":"stop","name":"Oneida St & Chestnut Rd","stop_id":"13866"},"type":"Feature"},{"geometry":{"coordinates":[-75.2724,43.05929],"type":"Point"},"properties":{"kind":"stop","name":"Oneida St & Danberry Rd","stop_id":"13867"},"type":"Feature"},{"geometry":{"coordinates":[-75.27124,43.05484],"type":"Point"},"properties":{"kind":"stop","name":"Oneida St & Glencrest Blvd","stop_id":"13868"},"type":"Feature"},{"geometry":{"coordinates":[-75.27299,43.04986],"type":"Point"},"properties":{"kind":"stop","name":"Oneida St & Mallory Rd","stop_id":"13870"},"type":"Feature"},{"geometry":{"coordinates":[-75.27344,43.04436],"type":"Point"},"properties":{"kind":"stop","name":"Oneida St & Sessions Rd","stop_id":"13871"},"type":"Feature"},{"geometry":{"coordinates":[-75.27353,43.04263],"type":"Point"},"properties":{"kind":"stop","name":"Oneida St & Roberts Rd","stop_id":"13872"},"type":"Feature"},{"geometry":{"coordinates":[-75.27438,43.03868],"type":"Point"},"properties":{"kind":"stop","name":"Oneida St & Huxford Rd","stop_id":"13873"},"type":"Feature"},{"geometry":{"coordinates":[-75.27475,43.03735],"type":"Point"},"properties":{"kind":"stop","name":"Oneida St & Oxford Rd","stop_id":"13874"},"type":"Feature"},{"geometry":{"coordinates":[-75.2755,43.03448],"type":"Point"},"properties":{"kind":"stop","name":"Oneida St & Red Hill Rd","stop_id":"13875"},"type":"Feature"},{"geometry":{"coordinates":[-75.27475,43.03203],"type":"Point"},"properties":{"kind":"stop","name":"Oneida St & Bleachery Pl","stop_id":"13876"},"type":"Feature"},{"geometry":{"coordinates":[-75.27155,43.02794],"type":"Point"},"properties":{"kind":"stop","name":"Oneida St & Grange Hill Rd","stop_id":"13877"},"type":"Feature"},{"geometry":{"coordinates":[-76.14121,43.01616],"type":"Point"},"properties":{"kind":"stop","name":"S Salina St & W Calthrop Ave","stop_id":"1388"},"type":"Feature"},{"geometry":{"coordinates":[-75.2668,43.02439],"type":"Point"},"properties":{"kind":"stop","name":"Brooks Ln & Elm St","stop_id":"13880"},"type":"Feature"},{"geometry":{"coordinates":[-75.26977,43.02499],"type":"Point"},"properties":{"kind":"stop","name":"Elm St & Oneida St","stop_id":"13881"},"type":"Feature"},{"geometry":{"coordinates":[-75.27145,43.02793],"type":"Point"},"properties":{"kind":"stop","name":"Oneida St & Grange Hill Rd","stop_id":"13882"},"type":"Feature"},{"geometry":{"coordinates":[-75.27468,43.03202],"type":"Point"},"properties":{"kind":"stop","name":"Oneida St & Bleachery Pl","stop_id":"13883"},"type":"Feature"},{"geometry":{"coordinates":[-75.27544,43.03446],"type":"Point"},"properties":{"kind":"stop","name":"Oneida St & Red Hill Rd","stop_id":"13884"},"type":"Feature"},{"geometry":{"coordinates":[-75.2747,43.0373],"type":"Point"},"properties":{"kind":"stop","name":"Oneida St & Oxford Rd","stop_id":"13885"},"type":"Feature"},{"geometry":{"coordinates":[-75.27348,43.04155],"type":"Point"},"properties":{"kind":"stop","name":"Oneida St & Hand Pl","stop_id":"13887"},"type":"Feature"},{"geometry":{"coordinates":[-75.27346,43.0427],"type":"Point"},"properties":{"kind":"stop","name":"Oneida St & Roberts Rd","stop_id":"13888"},"type":"Feature"},{"geometry":{"coordinates":[-75.27338,43.04427],"type":"Point"},"properties":{"kind":"stop","name":"Oneida St & Sessions Rd","stop_id":"13889"},"type":"Feature"},{"geometry":{"coordinates":[-75.27296,43.04976],"type":"Point"},"properties":{"kind":"stop","name":"Oneida St & Mallory Rd","stop_id":"13890"},"type":"Feature"},{"geometry":{"coordinates":[-75.27192,43.0527],"type":"Point"},"properties":{"kind":"stop","name":"Oneida St & Chapman Rd","stop_id":"13891"},"type":"Feature"},{"geometry":{"coordinates":[-75.27118,43.05477],"type":"Point"},"properties":{"kind":"stop","name":"Oneida St & Glencrest Blvd","stop_id":"13892"},"type":"Feature"},{"geometry":{"coordinates":[-75.27232,43.05925],"type":"Point"},"properties":{"kind":"stop","name":"Oneida St & Danberry Rd","stop_id":"13893"},"type":"Feature"},{"geometry":{"coordinates":[-75.27273,43.06171],"type":"Point"},"properties":{"kind":"stop","name":"Oneida St & Chestnut Rd","stop_id":"13894"},"type":"Feature"},{"geometry":{"coordinates":[-75.27253,43.06506],"type":"Point"},"properties":{"kind":"stop","name":"Oneida St & Forest Rd","stop_id":"13896"},"type":"Feature"},{"geometry":{"coordinates":[-75.27238,43.06688],"type":"Point"},"properties":{"kind":"stop","name":"Oneida St & Knoll Rd","stop_id":"13897"},"type":"Feature"},{"geometry":{"coordinates":[-75.27421,43.07085],"type":"Point"},"properties":{"kind":"stop","name":"Higby Rd & Dunham Rd","stop_id":"13899"},"type":"Feature"},{"geometry":{"coordinates":[-76.17379,43.04186],"type":"Point"},"properties":{"kind":"stop","name":"Seymour St & S Wilbur Ave","stop_id":"1390"},"type":"Feature"},{"geometry":{"coordinates":[-75.27626,43.07196],"type":"Point"},"properties":{"kind":"stop","name":"Higby Rd & Edgewood Rd","stop_id":"13900"},"type":"Feature"},{"geometry":{"coordinates":[-75.27497,43.07357],"type":"Point"},"properties":{"kind":"stop","name":"Edgewood Rd & Arlington Rd","stop_id":"13902"},"type":"Feature"},{"geometry":{"coordinates":[-75.27249,43.07569],"type":"Point"},"properties":{"kind":"stop","name":"Edgewood Rd & Eastwood Ave","stop_id":"13905"},"type":"Feature"},{"geometry":{"coordinates":[-75.27034,43.0748],"type":"Point"},"properties":{"kind":"stop","name":"Eastwood Ave & Remington Rd","stop_id":"13906"},"type":"Feature"},{"geometry":{"coordinates":[-75.26861,43.07433],"type":"Point"},"properties":{"kind":"stop","name":"Eastwood Ave & Dunham Rd","stop_id":"13907"},"type":"Feature"},{"geometry":{"coordinates":[-75.26766,43.07394],"type":"Point"},"properties":{"kind":"stop","name":"Eastwod Ave & Oneida St","stop_id":"13908"},"type":"Feature"},{"geometry":{"coordinates":[-75.26683,43.07454],"type":"Point"},"properties":{"kind":"stop","name":"Oneida St & Kensington Dr","stop_id":"13909"},"type":"Feature"},{"geometry":{"coordinates":[-75.26619,43.07506],"type":"Point"},"properties":{"kind":"stop","name":"Oneida St & Marlboro Rd","stop_id":"13910"},"type":"Feature"},{"geometry":{"coordinates":[-75.26329,43.07743],"type":"Point"},"properties":{"kind":"stop","name":"Oneida St & Hillcrest Manor Ct","stop_id":"13912"},"type":"Feature"},{"geometry":{"coordinates":[-75.25864,43.08154],"type":"Point"},"properties":{"kind":"stop","name":"Holland Ave & Prospect St","stop_id":"13916"},"type":"Feature"},{"geometry":{"coordinates":[-75.25801,43.08233],"type":"Point"},"properties":{"kind":"stop","name":"Holland Ave & Harriet St","stop_id":"13917"},"type":"Feature"},{"geometry":{"coordinates":[-75.25671,43.08391],"type":"Point"},"properties":{"kind":"stop","name":"Holland Ave & Van Vorst St","stop_id":"13918"},"type":"Feature"},{"geometry":{"coordinates":[-75.2555,43.08543],"type":"Point"},"properties":{"kind":"stop","name":"Holland Ave & Parkside Ct","stop_id":"13919"},"type":"Feature"},{"geometry":{"coordinates":[-76.17109,43.0438],"type":"Point"},"properties":{"kind":"stop","name":"S Geddes St & Otisco St","stop_id":"1392"},"type":"Feature"},{"geometry":{"coordinates":[-75.25461,43.08654],"type":"Point"},"properties":{"kind":"stop","name":"Holland Ave & Greenwood Ct","stop_id":"13920"},"type":"Feature"},{"geometry":{"coordinates":[-75.25356,43.08616],"type":"Point"},"properties":{"kind":"stop","name":"Greenwood Ct & Baker Ave","stop_id":"13921"},"type":"Feature"},{"geometry":{"coordinates":[-75.25259,43.08571],"type":"Point"},"properties":{"kind":"stop","name":"Greenwood Ct & Storrs Ave","stop_id":"13922"},"type":"Feature"},{"geometry":{"coordinates":[-75.25161,43.08527],"type":"Point"},"properties":{"kind":"stop","name":"Greenwood Ct & Oneida St","stop_id":"13923"},"type":"Feature"},{"geometry":{"coordinates":[-75.24971,43.08734],"type":"Point"},"properties":{"kind":"stop","name":"Oneida St & Dickinson St","stop_id":"13924"},"type":"Feature"},{"geometry":{"coordinates":[-75.24813,43.08874],"type":"Point"},"properties":{"kind":"stop","name":"Oneida St & Davis Pl","stop_id":"13926"},"type":"Feature"},{"geometry":{"coordinates":[-75.24719,43.08972],"type":"Point"},"properties":{"kind":"stop","name":"Oneida St & James St","stop_id":"13928"},"type":"Feature"},{"geometry":{"coordinates":[-75.24583,43.09139],"type":"Point"},"properties":{"kind":"stop","name":"Oneida St & Clinton Pl","stop_id":"13929"},"type":"Feature"},{"geometry":{"coordinates":[-75.24361,43.09407],"type":"Point"},"properties":{"kind":"stop","name":"Oneida St & Walker St","stop_id":"13930"},"type":"Feature"},{"geometry":{"coordinates":[-75.24299,43.09483],"type":"Point"},"properties":{"kind":"stop","name":"Oneida St & Hobart St","stop_id":"13931"},"type":"Feature"},{"geometry":{"coordinates":[-76.14141,43.0142],"type":"Point"},"properties":{"kind":"stop","name":"S Salina St & E Ostrander Ave","stop_id":"1394"},"type":"Feature"},{"geometry":{"coordinates":[-76.14137,43.01437],"type":"Point"},"properties":{"kind":"stop","name":"S Salina St & W Ostrander Ave","stop_id":"1396"},"type":"Feature"},{"geometry":{"coordinates":[-76.14176,43.01349],"type":"Point"},"properties":{"kind":"stop","name":"S Salina St & W Matson Ave","stop_id":"1397"},"type":"Feature"},{"geometry":{"coordinates":[-76.14889,43.03311],"type":"Point"},"properties":{"kind":"stop","name":"S Salina St & Dr Martin Luther King W","stop_id":"140"},"type":"Feature"},{"geometry":{"coordinates":[-76.14172,43.01332],"type":"Point"},"properties":{"kind":"stop","name":"S Salina St & E Matson Ave","stop_id":"1402"},"type":"Feature"},{"geometry":{"coordinates":[-76.17105,43.04362],"type":"Point"},"properties":{"kind":"stop","name":"S Geddes St & Otisco St","stop_id":"1403"},"type":"Feature"},{"geometry":{"coordinates":[-76.16008,43.04648],"type":"Point"},"properties":{"kind":"stop","name":"La Casita Cultural Center","stop_id":"1405"},"type":"Feature"},{"geometry":{"coordinates":[-75.45859,43.21295],"type":"Point"},"properties":{"kind":"stop","name":"Liberty St & Washington St","stop_id":"14055"},"type":"Feature"},{"geometry":{"coordinates":[-75.4558,43.21245],"type":"Point"},"properties":{"kind":"stop","name":"N James St & E Park St","stop_id":"14057"},"type":"Feature"},{"geometry":{"coordinates":[-75.45478,43.21359],"type":"Point"},"properties":{"kind":"stop","name":"N James St & Stanwix St","stop_id":"14059"},"type":"Feature"},{"geometry":{"coordinates":[-75.45349,43.21313],"type":"Point"},"properties":{"kind":"stop","name":"Stanwix St & Steuben St","stop_id":"14061"},"type":"Feature"},{"geometry":{"coordinates":[-75.45225,43.21296],"type":"Point"},"properties":{"kind":"stop","name":"Stanwix St & Spring St","stop_id":"14062"},"type":"Feature"},{"geometry":{"coordinates":[-75.45041,43.21314],"type":"Point"},"properties":{"kind":"stop","name":"Floyd Ave & Saint Aloysius Ave","stop_id":"14064"},"type":"Feature"},{"geometry":{"coordinates":[-75.44971,43.21345],"type":"Point"},"properties":{"kind":"stop","name":"Floyd Ave & Cottage St","stop_id":"14065"},"type":"Feature"},{"geometry":{"coordinates":[-75.44853,43.21398],"type":"Point"},"properties":{"kind":"stop","name":"Floyd Ave & Myrtle St","stop_id":"14066"},"type":"Feature"},{"geometry":{"coordinates":[-75.44748,43.21445],"type":"Point"},"properties":{"kind":"stop","name":"Floyd Ave & E Bloomfield St","stop_id":"14067"},"type":"Feature"},{"geometry":{"coordinates":[-75.44462,43.21572],"type":"Point"},"properties":{"kind":"stop","name":"Floyd Ave & Pleasant Ave","stop_id":"14069"},"type":"Feature"},{"geometry":{"coordinates":[-75.44278,43.21623],"type":"Point"},"properties":{"kind":"stop","name":"Floyd Ave & Garden St","stop_id":"14070"},"type":"Feature"},{"geometry":{"coordinates":[-75.44137,43.21653],"type":"Point"},"properties":{"kind":"stop","name":"Floyd Ave & Riverside Dr","stop_id":"14071"},"type":"Feature"},{"geometry":{"coordinates":[-75.43995,43.21684],"type":"Point"},"properties":{"kind":"stop","name":"Floyd Ave & Healy Ave","stop_id":"14072"},"type":"Feature"},{"geometry":{"coordinates":[-75.43753,43.2174],"type":"Point"},"properties":{"kind":"stop","name":"Floyd Ave & Oakwood St","stop_id":"14073"},"type":"Feature"},{"geometry":{"coordinates":[-75.43629,43.21766],"type":"Point"},"properties":{"kind":"stop","name":"Floyd Ave & Parkway Dr","stop_id":"14074"},"type":"Feature"},{"geometry":{"coordinates":[-75.43354,43.2181],"type":"Point"},"properties":{"kind":"stop","name":"Floyd Ave & Leffingwell Ave","stop_id":"14075"},"type":"Feature"},{"geometry":{"coordinates":[-75.42631,43.21943],"type":"Point"},"properties":{"kind":"stop","name":"Floyd Ave & Bell Rd S","stop_id":"14078"},"type":"Feature"},{"geometry":{"coordinates":[-75.42477,43.22033],"type":"Point"},"properties":{"kind":"stop","name":"Floyd Ave & Broadway","stop_id":"14080"},"type":"Feature"},{"geometry":{"coordinates":[-75.42086,43.2225],"type":"Point"},"properties":{"kind":"stop","name":"Floyd Ave & Hill Rd","stop_id":"14081"},"type":"Feature"},{"geometry":{"coordinates":[-75.41885,43.21998],"type":"Point"},"properties":{"kind":"stop","name":"Hill Rd & Avery Ln","stop_id":"14082"},"type":"Feature"},{"geometry":{"coordinates":[-75.41278,43.21402],"type":"Point"},"properties":{"kind":"stop","name":"Brookley Rd & Hill Rd","stop_id":"14083"},"type":"Feature"},{"geometry":{"coordinates":[-75.41702,43.21671],"type":"Point"},"properties":{"kind":"stop","name":"Hill Rd & Ellsworth Rd","stop_id":"14084"},"type":"Feature"},{"geometry":{"coordinates":[-75.41377,43.21819],"type":"Point"},"properties":{"kind":"stop","name":"Ellsworth Rd & Cathedral Corp","stop_id":"14086"},"type":"Feature"},{"geometry":{"coordinates":[-75.40689,43.21962],"type":"Point"},"properties":{"kind":"stop","name":"Otis St & Olive Grove St","stop_id":"14089"},"type":"Feature"},{"geometry":{"coordinates":[-75.40698,43.22509],"type":"Point"},"properties":{"kind":"stop","name":"Otis St & Hangar Rd","stop_id":"14091"},"type":"Feature"},{"geometry":{"coordinates":[-75.40898,43.22528],"type":"Point"},"properties":{"kind":"stop","name":"Hangar Rd & Moody St","stop_id":"14092"},"type":"Feature"},{"geometry":{"coordinates":[-75.41791,43.22268],"type":"Point"},"properties":{"kind":"stop","name":"Brooks Rd & Hill Rd","stop_id":"14102"},"type":"Feature"},{"geometry":{"coordinates":[-75.42631,43.2195],"type":"Point"},"properties":{"kind":"stop","name":"Floyd Ave & S Bell Rd","stop_id":"14104"},"type":"Feature"},{"geometry":{"coordinates":[-75.432,43.21826],"type":"Point"},"properties":{"kind":"stop","name":"Floyd Ave & Lori Ln","stop_id":"14105"},"type":"Feature"},{"geometry":{"coordinates":[-75.43739,43.21745],"type":"Point"},"properties":{"kind":"stop","name":"Floyd Ave & Oakwood St","stop_id":"14110"},"type":"Feature"},{"geometry":{"coordinates":[-75.43917,43.21706],"type":"Point"},"properties":{"kind":"stop","name":"Floyd Ave & Jefferson St","stop_id":"14111"},"type":"Feature"},{"geometry":{"coordinates":[-75.44094,43.21665],"type":"Point"},"properties":{"kind":"stop","name":"Floyd Ave & E Locust St","stop_id":"14112"},"type":"Feature"},{"geometry":{"coordinates":[-75.44269,43.2163],"type":"Point"},"properties":{"kind":"stop","name":"Floyd Ave & Garden St","stop_id":"14113"},"type":"Feature"},{"geometry":{"coordinates":[-75.44458,43.21577],"type":"Point"},"properties":{"kind":"stop","name":"Floyd Ave & Pleasant Ave","stop_id":"14114"},"type":"Feature"},{"geometry":{"coordinates":[-75.44745,43.21451],"type":"Point"},"properties":{"kind":"stop","name":"Floyd Ave & E Bloomfield St","stop_id":"14116"},"type":"Feature"},{"geometry":{"coordinates":[-75.44847,43.21405],"type":"Point"},"properties":{"kind":"stop","name":"Floyd Ave & Myrtle St","stop_id":"14117"},"type":"Feature"},{"geometry":{"coordinates":[-75.44929,43.21368],"type":"Point"},"properties":{"kind":"stop","name":"Floyd Ave & E Thomas St","stop_id":"14118"},"type":"Feature"},{"geometry":{"coordinates":[-75.4504,43.21319],"type":"Point"},"properties":{"kind":"stop","name":"Floyd Ave & Black River Blvd","stop_id":"14119"},"type":"Feature"},{"geometry":{"coordinates":[-75.46436,43.20988],"type":"Point"},"properties":{"kind":"stop","name":"Ridge St & S George St","stop_id":"14137"},"type":"Feature"},{"geometry":{"coordinates":[-75.46273,43.21147],"type":"Point"},"properties":{"kind":"stop","name":"S George St & Adams St","stop_id":"14138"},"type":"Feature"},{"geometry":{"coordinates":[-76.14182,43.01263],"type":"Point"},"properties":{"kind":"stop","name":"S Salina St & Hobart Ave","stop_id":"1414"},"type":"Feature"},{"geometry":{"coordinates":[-76.1419,43.01259],"type":"Point"},"properties":{"kind":"stop","name":"S Salina St & Hall Ave","stop_id":"1418"},"type":"Feature"},{"geometry":{"coordinates":[-75.4435,43.22475],"type":"Point"},"properties":{"kind":"stop","name":"Black River Blvd N & Riverview Pkwy","stop_id":"14192"},"type":"Feature"},{"geometry":{"coordinates":[-76.16092,43.04825],"type":"Point"},"properties":{"kind":"stop","name":"W Fayette St & Wyoming St","stop_id":"1420"},"type":"Feature"},{"geometry":{"coordinates":[-75.45824,43.20994],"type":"Point"},"properties":{"kind":"stop","name":"James St & Erie Blvd","stop_id":"14229"},"type":"Feature"},{"geometry":{"coordinates":[-75.46168,43.2128],"type":"Point"},"properties":{"kind":"stop","name":"W Dominick St & N George St","stop_id":"14230"},"type":"Feature"},{"geometry":{"coordinates":[-75.45313,43.2154],"type":"Point"},"properties":{"kind":"stop","name":"N James St & E Thomas St","stop_id":"14237"},"type":"Feature"},{"geometry":{"coordinates":[-75.45262,43.216],"type":"Point"},"properties":{"kind":"stop","name":"N James St & Myrtle St","stop_id":"14238"},"type":"Feature"},{"geometry":{"coordinates":[-75.45278,43.21825],"type":"Point"},"properties":{"kind":"stop","name":"Turin St & Vine St","stop_id":"14269"},"type":"Feature"},{"geometry":{"coordinates":[-75.45225,43.22083],"type":"Point"},"properties":{"kind":"stop","name":"Washington St & Garden St","stop_id":"14272"},"type":"Feature"},{"geometry":{"coordinates":[-75.45042,43.22017],"type":"Point"},"properties":{"kind":"stop","name":"W Garden St & N James St","stop_id":"14274"},"type":"Feature"},{"geometry":{"coordinates":[-75.44831,43.21938],"type":"Point"},"properties":{"kind":"stop","name":"E Garden St & Black River Blvd N","stop_id":"14276"},"type":"Feature"},{"geometry":{"coordinates":[-75.44194,43.22689],"type":"Point"},"properties":{"kind":"stop","name":"Black River Blvd N & Ringdahl Ct","stop_id":"14284"},"type":"Feature"},{"geometry":{"coordinates":[-75.44053,43.22888],"type":"Point"},"properties":{"kind":"stop","name":"Black River Blvd N & Rose Ln","stop_id":"14286"},"type":"Feature"},{"geometry":{"coordinates":[-75.44127,43.22782],"type":"Point"},"properties":{"kind":"stop","name":"Black River Blvd N & E Oak St","stop_id":"14295"},"type":"Feature"},{"geometry":{"coordinates":[-75.44582,43.22143],"type":"Point"},"properties":{"kind":"stop","name":"Black River Blvd N & E Linden St","stop_id":"14299"},"type":"Feature"},{"geometry":{"coordinates":[-75.44495,43.22266],"type":"Point"},"properties":{"kind":"stop","name":"Black River Blvd N & E Locust St","stop_id":"14300"},"type":"Feature"},{"geometry":{"coordinates":[-75.44399,43.22402],"type":"Point"},"properties":{"kind":"stop","name":"Black River Blvd N & E Pine St","stop_id":"14301"},"type":"Feature"},{"geometry":{"coordinates":[-76.14102,42.97265],"type":"Point"},"properties":{"kind":"stop","name":"S Salina St & Kenneth Ave","stop_id":"1431"},"type":"Feature"},{"geometry":{"coordinates":[-75.44495,43.22279],"type":"Point"},"properties":{"kind":"stop","name":"Black River Blvd N & E Locust St","stop_id":"14345"},"type":"Feature"},{"geometry":{"coordinates":[-75.44863,43.21964],"type":"Point"},"properties":{"kind":"stop","name":"E Garden St & Schlieder Ave","stop_id":"14347"},"type":"Feature"},{"geometry":{"coordinates":[-75.44943,43.21987],"type":"Point"},"properties":{"kind":"stop","name":"E Garden St & Edwards Ave","stop_id":"14348"},"type":"Feature"},{"geometry":{"coordinates":[-75.45113,43.22053],"type":"Point"},"properties":{"kind":"stop","name":"W Garden St & Summit Ave","stop_id":"14350"},"type":"Feature"},{"geometry":{"coordinates":[-75.45216,43.22091],"type":"Point"},"properties":{"kind":"stop","name":"W Garden St & Washington St","stop_id":"14351"},"type":"Feature"},{"geometry":{"coordinates":[-75.45264,43.22029],"type":"Point"},"properties":{"kind":"stop","name":"Washington St & Buck Ave","stop_id":"14352"},"type":"Feature"},{"geometry":{"coordinates":[-75.4529,43.21829],"type":"Point"},"properties":{"kind":"stop","name":"Turin St & Vine St","stop_id":"14353"},"type":"Feature"},{"geometry":{"coordinates":[-75.4526,43.21612],"type":"Point"},"properties":{"kind":"stop","name":"N James St & Fort Stanwix Park S","stop_id":"14354"},"type":"Feature"},{"geometry":{"coordinates":[-75.4531,43.21554],"type":"Point"},"properties":{"kind":"stop","name":"N James St & W Thomas St","stop_id":"14355"},"type":"Feature"},{"geometry":{"coordinates":[-75.45364,43.21494],"type":"Point"},"properties":{"kind":"stop","name":"N James St & E Fox St","stop_id":"14356"},"type":"Feature"},{"geometry":{"coordinates":[-75.45476,43.2137],"type":"Point"},"properties":{"kind":"stop","name":"N James St & Huntington St","stop_id":"14358"},"type":"Feature"},{"geometry":{"coordinates":[-76.14197,43.01186],"type":"Point"},"properties":{"kind":"stop","name":"S Salina St & Bennington Dr","stop_id":"1436"},"type":"Feature"},{"geometry":{"coordinates":[-75.45577,43.21256],"type":"Point"},"properties":{"kind":"stop","name":"N James St & W Park St","stop_id":"14360"},"type":"Feature"},{"geometry":{"coordinates":[-75.44062,43.22908],"type":"Point"},"properties":{"kind":"stop","name":"Black River Blvd N & Rose Ln","stop_id":"14388"},"type":"Feature"},{"geometry":{"coordinates":[-75.44195,43.2272],"type":"Point"},"properties":{"kind":"stop","name":"Black River Blvd N & Ringdahl Ct","stop_id":"14389"},"type":"Feature"},{"geometry":{"coordinates":[-75.45741,43.21069],"type":"Point"},"properties":{"kind":"stop","name":"N James St & Dominick St","stop_id":"14390"},"type":"Feature"},{"geometry":{"coordinates":[-75.45397,43.21248],"type":"Point"},"properties":{"kind":"stop","name":"E Court St & Steuben St","stop_id":"14395"},"type":"Feature"},{"geometry":{"coordinates":[-76.14561,43.04802],"type":"Point"},"properties":{"kind":"stop","name":"E Genesee St & S Townsend St","stop_id":"14398"},"type":"Feature"},{"geometry":{"coordinates":[-76.09231,43.0495],"type":"Point"},"properties":{"kind":"stop","name":"Springfield Rd & Fayette Blvd","stop_id":"14399"},"type":"Feature"},{"geometry":{"coordinates":[-76.08073,43.05172],"type":"Point"},"properties":{"kind":"stop","name":"Springfield Rd & Thompson Rd","stop_id":"14401"},"type":"Feature"},{"geometry":{"coordinates":[-76.14204,43.01161],"type":"Point"},"properties":{"kind":"stop","name":"S Salina St & Belle Ave","stop_id":"1443"},"type":"Feature"},{"geometry":{"coordinates":[-76.23763,43.04515],"type":"Point"},"properties":{"kind":"stop","name":"Onondaga Rd S & Inwood Dr","stop_id":"14450"},"type":"Feature"},{"geometry":{"coordinates":[-76.23825,43.04616],"type":"Point"},"properties":{"kind":"stop","name":"Onondaga Rd S & Chapel Dr","stop_id":"14451"},"type":"Feature"},{"geometry":{"coordinates":[-76.23464,43.0412],"type":"Point"},"properties":{"kind":"stop","name":"Onondaga Rd S & Granger Rd","stop_id":"14452"},"type":"Feature"},{"geometry":{"coordinates":[-76.21906,43.0285],"type":"Point"},"properties":{"kind":"stop","name":"Onondaga Blvd & Wolf Hollow Rd","stop_id":"14453"},"type":"Feature"},{"geometry":{"coordinates":[-76.22249,43.03033],"type":"Point"},"properties":{"kind":"stop","name":"Onondaga Blvd & Wolf Hollow Rd","stop_id":"14454"},"type":"Feature"},{"geometry":{"coordinates":[-76.22703,43.03032],"type":"Point"},"properties":{"kind":"stop","name":"Onondaga Blvd & Onondaga Rd","stop_id":"14455"},"type":"Feature"},{"geometry":{"coordinates":[-76.22953,43.03229],"type":"Point"},"properties":{"kind":"stop","name":"Onondaga Rd & Gulf Rd","stop_id":"14456"},"type":"Feature"},{"geometry":{"coordinates":[-76.23051,43.03378],"type":"Point"},"properties":{"kind":"stop","name":"Onondaga Rd S & Wynnfield Dr","stop_id":"14457"},"type":"Feature"},{"geometry":{"coordinates":[-76.2317,43.03705],"type":"Point"},"properties":{"kind":"stop","name":"Onondaga Rd S & Terrytown Heights D","stop_id":"14458"},"type":"Feature"},{"geometry":{"coordinates":[-76.55591,42.93701],"type":"Point"},"properties":{"kind":"stop","name":"Franklin St & Capitol St","stop_id":"14459"},"type":"Feature"},{"geometry":{"coordinates":[-76.14124,42.9738],"type":"Point"},"properties":{"kind":"stop","name":"S Salina St & Edward Pkwy","stop_id":"1446"},"type":"Feature"},{"geometry":{"coordinates":[-76.54736,42.94941],"type":"Point"},"properties":{"kind":"stop","name":"Grant Ave & Corporate Dr","stop_id":"14460"},"type":"Feature"},{"geometry":{"coordinates":[-76.21844,43.05978],"type":"Point"},"properties":{"kind":"stop","name":"3rd St & Cogswell Ave","stop_id":"14468"},"type":"Feature"},{"geometry":{"coordinates":[-76.18741,43.04592],"type":"Point"},"properties":{"kind":"stop","name":"Tompkins St & Willis Ave","stop_id":"14470"},"type":"Feature"},{"geometry":{"coordinates":[-76.20255,43.05658],"type":"Point"},"properties":{"kind":"stop","name":"Woods Rd & Freeman Ave","stop_id":"14472"},"type":"Feature"},{"geometry":{"coordinates":[-76.25542,43.05228],"type":"Point"},"properties":{"kind":"stop","name":"Milton Ave & Gordon Pkwy","stop_id":"14474"},"type":"Feature"},{"geometry":{"coordinates":[-76.24773,43.05217],"type":"Point"},"properties":{"kind":"stop","name":"Milton Ave & Mackay Ave","stop_id":"14475"},"type":"Feature"},{"geometry":{"coordinates":[-76.23451,43.05469],"type":"Point"},"properties":{"kind":"stop","name":"Milton AVe & Box Car Ln","stop_id":"14476"},"type":"Feature"},{"geometry":{"coordinates":[-76.19665,43.05887],"type":"Point"},"properties":{"kind":"stop","name":"Milton Ave & Willis Ave","stop_id":"14477"},"type":"Feature"},{"geometry":{"coordinates":[-76.17936,43.04795],"type":"Point"},"properties":{"kind":"stop","name":"S Wilbur Ave & Tennyson Ave","stop_id":"14478"},"type":"Feature"},{"geometry":{"coordinates":[-76.23451,43.05464],"type":"Point"},"properties":{"kind":"stop","name":"Milton Ave & Box Car Ln","stop_id":"14480"},"type":"Feature"},{"geometry":{"coordinates":[-76.25723,43.05227],"type":"Point"},"properties":{"kind":"stop","name":"Milton Ave & Oak Crest Courtyard","stop_id":"14481"},"type":"Feature"},{"geometry":{"coordinates":[-76.11843,43.01482],"type":"Point"},"properties":{"kind":"stop","name":"Skytop Rd & Lambreth Ln","stop_id":"14488"},"type":"Feature"},{"geometry":{"coordinates":[-76.12819,43.02679],"type":"Point"},"properties":{"kind":"stop","name":"Com-Art Building","stop_id":"14491"},"type":"Feature"},{"geometry":{"coordinates":[-76.12792,43.02682],"type":"Point"},"properties":{"kind":"stop","name":"Com-Art Building","stop_id":"14492"},"type":"Feature"},{"geometry":{"coordinates":[-76.13504,43.02375],"type":"Point"},"properties":{"kind":"stop","name":"Jamesville Ave & Mt St James Apts","stop_id":"14496"},"type":"Feature"},{"geometry":{"coordinates":[-76.14685,43.02882],"type":"Point"},"properties":{"kind":"stop","name":"S Salina St & McLennan Ave","stop_id":"145"},"type":"Feature"},{"geometry":{"coordinates":[-76.11772,43.02157],"type":"Point"},"properties":{"kind":"stop","name":"Small Rd & Slocum Dr","stop_id":"14503"},"type":"Feature"},{"geometry":{"coordinates":[-76.12013,43.01474],"type":"Point"},"properties":{"kind":"stop","name":"Winding Ridge Rd S","stop_id":"14513"},"type":"Feature"},{"geometry":{"coordinates":[-76.14132,42.97501],"type":"Point"},"properties":{"kind":"stop","name":"S Salina St & Hudson Ave","stop_id":"1453"},"type":"Feature"},{"geometry":{"coordinates":[-76.14144,42.97555],"type":"Point"},"properties":{"kind":"stop","name":"S Salina St & Dutton Ave","stop_id":"1461"},"type":"Feature"},{"geometry":{"coordinates":[-76.27842,43.05199],"type":"Point"},"properties":{"kind":"stop","name":"Knowell Rd & North Way","stop_id":"14612"},"type":"Feature"},{"geometry":{"coordinates":[-76.27195,43.03998],"type":"Point"},"properties":{"kind":"stop","name":"Camillus Commons Lot","stop_id":"14615"},"type":"Feature"},{"geometry":{"coordinates":[-76.27086,43.03968],"type":"Point"},"properties":{"kind":"stop","name":"Camillus Commons Park-N-Ride","stop_id":"14616"},"type":"Feature"},{"geometry":{"coordinates":[-76.27722,43.04217],"type":"Point"},"properties":{"kind":"stop","name":"Knowell Rd & Thornton Cir S","stop_id":"14619"},"type":"Feature"},{"geometry":{"coordinates":[-76.27832,43.05179],"type":"Point"},"properties":{"kind":"stop","name":"Knowell Rd & Richlee Dr","stop_id":"14620"},"type":"Feature"},{"geometry":{"coordinates":[-76.27845,43.0526],"type":"Point"},"properties":{"kind":"stop","name":"Knowell Rd & Milton Ave","stop_id":"14621"},"type":"Feature"},{"geometry":{"coordinates":[-76.14213,43.01068],"type":"Point"},"properties":{"kind":"stop","name":"S Salina St & Ballantyne Rd","stop_id":"1464"},"type":"Feature"},{"geometry":{"coordinates":[-76.19675,43.04849],"type":"Point"},"properties":{"kind":"stop","name":"W Genesee St & Montrose Ave","stop_id":"14645"},"type":"Feature"},{"geometry":{"coordinates":[-76.11789,43.05019],"type":"Point"},"properties":{"kind":"stop","name":"Erie Blvd E & Lombard Ave","stop_id":"14661"},"type":"Feature"},{"geometry":{"coordinates":[-76.19283,43.03377],"type":"Point"},"properties":{"kind":"stop","name":"Western Lights bus stop","stop_id":"14675"},"type":"Feature"},{"geometry":{"coordinates":[-76.21027,43.03392],"type":"Point"},"properties":{"kind":"stop","name":"Bishop Ludden Apartments","stop_id":"14679"},"type":"Feature"},{"geometry":{"coordinates":[-76.21043,43.03157],"type":"Point"},"properties":{"kind":"stop","name":"Grand Ave & Ormsby Dr","stop_id":"14681"},"type":"Feature"},{"geometry":{"coordinates":[-76.20587,43.03171],"type":"Point"},"properties":{"kind":"stop","name":"Grand Ave & Hillcrest Rd","stop_id":"14682"},"type":"Feature"},{"geometry":{"coordinates":[-76.20362,43.0318],"type":"Point"},"properties":{"kind":"stop","name":"Grand Ave & Westhill Transport Ctr","stop_id":"14683"},"type":"Feature"},{"geometry":{"coordinates":[-76.19893,43.03314],"type":"Point"},"properties":{"kind":"stop","name":"Grand Ave & Graston Ave","stop_id":"14685"},"type":"Feature"},{"geometry":{"coordinates":[-76.19746,43.03399],"type":"Point"},"properties":{"kind":"stop","name":"Grand Ave & Mayson Ave","stop_id":"14686"},"type":"Feature"},{"geometry":{"coordinates":[-76.15544,43.04208],"type":"Point"},"properties":{"kind":"stop","name":"W Onondaga St & Shonnard St","stop_id":"14698"},"type":"Feature"},{"geometry":{"coordinates":[-76.14759,43.03046],"type":"Point"},"properties":{"kind":"stop","name":"S Salina St & E Kennedy St","stop_id":"147"},"type":"Feature"},{"geometry":{"coordinates":[-76.14256,43.00893],"type":"Point"},"properties":{"kind":"stop","name":"S Salina St & Dawes Ave","stop_id":"1470"},"type":"Feature"},{"geometry":{"coordinates":[-76.18025,43.14862],"type":"Point"},"properties":{"kind":"stop","name":"Majestic Dr & Alfred Dr","stop_id":"14705"},"type":"Feature"},{"geometry":{"coordinates":[-76.175,43.12136],"type":"Point"},"properties":{"kind":"stop","name":"W Taft Rd & Diamond Rd","stop_id":"14708"},"type":"Feature"},{"geometry":{"coordinates":[-76.18493,43.11894],"type":"Point"},"properties":{"kind":"stop","name":"W Taft Rd & Henry Clay Blvd","stop_id":"14709"},"type":"Feature"},{"geometry":{"coordinates":[-76.1415,42.97682],"type":"Point"},"properties":{"kind":"stop","name":"S Salina St & Rockwell Rd","stop_id":"1471"},"type":"Feature"},{"geometry":{"coordinates":[-76.16711,43.12497],"type":"Point"},"properties":{"kind":"stop","name":"Cedarpost Rd & Pinecrest Manor","stop_id":"14712"},"type":"Feature"},{"geometry":{"coordinates":[-76.16291,43.12076],"type":"Point"},"properties":{"kind":"stop","name":"North Medical W & Janus Park stop","stop_id":"14713"},"type":"Feature"},{"geometry":{"coordinates":[-76.15944,43.11496],"type":"Point"},"properties":{"kind":"stop","name":"Buckley Rd & Colony Park Dr","stop_id":"14716"},"type":"Feature"},{"geometry":{"coordinates":[-76.14159,42.97699],"type":"Point"},"properties":{"kind":"stop","name":"S Salina St & Wendell Ave","stop_id":"1472"},"type":"Feature"},{"geometry":{"coordinates":[-76.18223,43.12178],"type":"Point"},"properties":{"kind":"stop","name":"Bear Rd & W Taft Rd","stop_id":"14721"},"type":"Feature"},{"geometry":{"coordinates":[-76.17521,43.12638],"type":"Point"},"properties":{"kind":"stop","name":"Palomino Path & Oakpost Rd","stop_id":"14725"},"type":"Feature"},{"geometry":{"coordinates":[-76.17232,43.12567],"type":"Point"},"properties":{"kind":"stop","name":"Palomino Path & Harvest Ln","stop_id":"14728"},"type":"Feature"},{"geometry":{"coordinates":[-76.17107,43.12635],"type":"Point"},"properties":{"kind":"stop","name":"Harvest Ln & Surrey Ln","stop_id":"14729"},"type":"Feature"},{"geometry":{"coordinates":[-76.16718,43.12514],"type":"Point"},"properties":{"kind":"stop","name":"Cedarpost Rd & Pine Crest Manor","stop_id":"14730"},"type":"Feature"},{"geometry":{"coordinates":[-76.15928,43.11898],"type":"Point"},"properties":{"kind":"stop","name":"Buckley Rd & Dolshire Dr","stop_id":"14734"},"type":"Feature"},{"geometry":{"coordinates":[-76.16423,43.10221],"type":"Point"},"properties":{"kind":"stop","name":"Buckley Rd & Lorian Dr","stop_id":"14736"},"type":"Feature"},{"geometry":{"coordinates":[-76.16667,43.1216],"type":"Point"},"properties":{"kind":"stop","name":"W Taft Rd & Cedarpost Rd","stop_id":"14737"},"type":"Feature"},{"geometry":{"coordinates":[-76.1867,43.13121],"type":"Point"},"properties":{"kind":"stop","name":"Henry Clay Blvd & Norstar Blvd","stop_id":"14738"},"type":"Feature"},{"geometry":{"coordinates":[-76.0763,43.03718],"type":"Point"},"properties":{"kind":"stop","name":"E Genesee St & The Jewish Home","stop_id":"14757"},"type":"Feature"},{"geometry":{"coordinates":[-76.17441,43.09562],"type":"Point"},"properties":{"kind":"stop","name":"Elwood Davis Rd & Nationwide Dr","stop_id":"14759"},"type":"Feature"},{"geometry":{"coordinates":[-76.19407,43.11322],"type":"Point"},"properties":{"kind":"stop","name":"Vine St & Wrentham Dr - Flag Stop","stop_id":"14765"},"type":"Feature"},{"geometry":{"coordinates":[-76.19609,43.1112],"type":"Point"},"properties":{"kind":"stop","name":"Vine St & Continuum Dr -Flag Stop","stop_id":"14766"},"type":"Feature"},{"geometry":{"coordinates":[-76.19327,43.11418],"type":"Point"},"properties":{"kind":"stop","name":"Vine St & Wrentham Dr - Flag Stop","stop_id":"14767"},"type":"Feature"},{"geometry":{"coordinates":[-76.19155,43.11588],"type":"Point"},"properties":{"kind":"stop","name":"Vine St & Burr Dr - Flag Stop","stop_id":"14768"},"type":"Feature"},{"geometry":{"coordinates":[-76.18885,43.11708],"type":"Point"},"properties":{"kind":"stop","name":"Vine St & Apartments - Flag Stop","stop_id":"14769"},"type":"Feature"},{"geometry":{"coordinates":[-76.14052,43.05625],"type":"Point"},"properties":{"kind":"stop","name":"James St & Lodi St","stop_id":"14776"},"type":"Feature"},{"geometry":{"coordinates":[-76.14277,43.00814],"type":"Point"},"properties":{"kind":"stop","name":"S Salina St & Anderson Ave","stop_id":"1479"},"type":"Feature"},{"geometry":{"coordinates":[-76.11803,42.92039],"type":"Point"},"properties":{"kind":"stop","name":"Route 11 & Winacre Dr","stop_id":"14793"},"type":"Feature"},{"geometry":{"coordinates":[-76.11836,42.9214],"type":"Point"},"properties":{"kind":"stop","name":"Lafayette High School","stop_id":"14797"},"type":"Feature"},{"geometry":{"coordinates":[-76.08579,43.08818],"type":"Point"},"properties":{"kind":"stop","name":"Old Collamer Rd S & Carrier Pkwy","stop_id":"14804"},"type":"Feature"},{"geometry":{"coordinates":[-76.08596,43.09006],"type":"Point"},"properties":{"kind":"stop","name":"Old Collamer Rd S & Court Street Rd","stop_id":"14805"},"type":"Feature"},{"geometry":{"coordinates":[-76.07759,43.09047],"type":"Point"},"properties":{"kind":"stop","name":"NVG Dr & Sanders Creek Pkwy","stop_id":"14806"},"type":"Feature"},{"geometry":{"coordinates":[-76.07363,43.09064],"type":"Point"},"properties":{"kind":"stop","name":"New Venture Gear Dr & Campuswood Dr","stop_id":"14807"},"type":"Feature"},{"geometry":{"coordinates":[-76.14181,42.97832],"type":"Point"},"properties":{"kind":"stop","name":"S Salina St & E Roswell Ave","stop_id":"1481"},"type":"Feature"},{"geometry":{"coordinates":[-76.1419,42.97838],"type":"Point"},"properties":{"kind":"stop","name":"S Salina St & W Roswell Ave","stop_id":"1482"},"type":"Feature"},{"geometry":{"coordinates":[-76.05799,43.07404],"type":"Point"},"properties":{"kind":"stop","name":"Fly Rd & Swanka Blvd","stop_id":"14832"},"type":"Feature"},{"geometry":{"coordinates":[-76.06719,43.0544],"type":"Point"},"properties":{"kind":"stop","name":"Bridge St & Enterprise Pkwy","stop_id":"14856"},"type":"Feature"},{"geometry":{"coordinates":[-76.06744,43.06213],"type":"Point"},"properties":{"kind":"stop","name":"Bridge St & E 2nd St","stop_id":"14862"},"type":"Feature"},{"geometry":{"coordinates":[-76.14305,43.00707],"type":"Point"},"properties":{"kind":"stop","name":"S Salina St & W Florence Ave","stop_id":"1487"},"type":"Feature"},{"geometry":{"coordinates":[-76.07818,43.08613],"type":"Point"},"properties":{"kind":"stop","name":"Kinne St & Sanders Creek Pkwy","stop_id":"14873"},"type":"Feature"},{"geometry":{"coordinates":[-76.1422,42.97983],"type":"Point"},"properties":{"kind":"stop","name":"S Salina St & Elton Ave","stop_id":"1489"},"type":"Feature"},{"geometry":{"coordinates":[-76.14777,43.03077],"type":"Point"},"properties":{"kind":"stop","name":"S Salina St & W Kennedy St","stop_id":"149"},"type":"Feature"},{"geometry":{"coordinates":[-76.14231,42.97996],"type":"Point"},"properties":{"kind":"stop","name":"S Salina St & Elton Ave","stop_id":"1490"},"type":"Feature"},{"geometry":{"coordinates":[-76.13598,43.06229],"type":"Point"},"properties":{"kind":"stop","name":"Oak St & Jasper St","stop_id":"14900"},"type":"Feature"},{"geometry":{"coordinates":[-76.13715,43.06325],"type":"Point"},"properties":{"kind":"stop","name":"Park St & Whitwell Dr","stop_id":"14901"},"type":"Feature"},{"geometry":{"coordinates":[-76.1384,43.06321],"type":"Point"},"properties":{"kind":"stop","name":"Park St & Merz Ave","stop_id":"14902"},"type":"Feature"},{"geometry":{"coordinates":[-76.14035,43.0631],"type":"Point"},"properties":{"kind":"stop","name":"Park St & Hier Ave","stop_id":"14904"},"type":"Feature"},{"geometry":{"coordinates":[-76.14136,43.06304],"type":"Point"},"properties":{"kind":"stop","name":"Park St & Highland St","stop_id":"14905"},"type":"Feature"},{"geometry":{"coordinates":[-76.14388,43.06294],"type":"Point"},"properties":{"kind":"stop","name":"Park St & Butternut St","stop_id":"14906"},"type":"Feature"},{"geometry":{"coordinates":[-76.1475,43.03938],"type":"Point"},"properties":{"kind":"stop","name":"S State St & Taylor St","stop_id":"14909"},"type":"Feature"},{"geometry":{"coordinates":[-76.1347,43.05941],"type":"Point"},"properties":{"kind":"stop","name":"Oak St & James St","stop_id":"14916"},"type":"Feature"},{"geometry":{"coordinates":[-75.31668,43.092],"type":"Point"},"properties":{"kind":"stop","name":"The Orchard & Town Hall","stop_id":"14978"},"type":"Feature"},{"geometry":{"coordinates":[-75.27817,43.05386],"type":"Point"},"properties":{"kind":"stop","name":"Kellogg Mall","stop_id":"14979"},"type":"Feature"},{"geometry":{"coordinates":[-75.21909,43.13912],"type":"Point"},"properties":{"kind":"stop","name":"Bank of America - Utica","stop_id":"14981"},"type":"Feature"},{"geometry":{"coordinates":[-75.20801,43.11512],"type":"Point"},"properties":{"kind":"stop","name":"North Utica Shopping Center","stop_id":"14983"},"type":"Feature"},{"geometry":{"coordinates":[-75.20755,43.11532],"type":"Point"},"properties":{"kind":"stop","name":"Herkimer Rd & Euclid Rd","stop_id":"14984"},"type":"Feature"},{"geometry":{"coordinates":[-75.21333,43.10551],"type":"Point"},"properties":{"kind":"stop","name":"Leland Ave & Wurz Ave","stop_id":"14985"},"type":"Feature"},{"geometry":{"coordinates":[-75.2564,43.08904],"type":"Point"},"properties":{"kind":"stop","name":"Genesee St & Memorial Pkwy","stop_id":"14997"},"type":"Feature"},{"geometry":{"coordinates":[-75.25596,43.0893],"type":"Point"},"properties":{"kind":"stop","name":"Genesee St & Memorial Pkwy","stop_id":"14998"},"type":"Feature"},{"geometry":{"coordinates":[-75.23357,43.10225],"type":"Point"},"properties":{"kind":"stop","name":"Broadway & Columbia St","stop_id":"15000"},"type":"Feature"},{"geometry":{"coordinates":[-75.22074,43.09326],"type":"Point"},"properties":{"kind":"stop","name":"Mohawk St & Humbert Ave","stop_id":"15002"},"type":"Feature"},{"geometry":{"coordinates":[-75.24522,43.08751],"type":"Point"},"properties":{"kind":"stop","name":"Elm St & Elmwood Pl","stop_id":"15003"},"type":"Feature"},{"geometry":{"coordinates":[-75.24608,43.08647],"type":"Point"},"properties":{"kind":"stop","name":"Elm St & Boyce Ave","stop_id":"15004"},"type":"Feature"},{"geometry":{"coordinates":[-75.24687,43.08549],"type":"Point"},"properties":{"kind":"stop","name":"Elm St & Pleasant St","stop_id":"15005"},"type":"Feature"},{"geometry":{"coordinates":[-75.24824,43.08595],"type":"Point"},"properties":{"kind":"stop","name":"Memorial Pkwy & Pleasant St","stop_id":"15006"},"type":"Feature"},{"geometry":{"coordinates":[-75.2502,43.08672],"type":"Point"},"properties":{"kind":"stop","name":"Memorial Pkwy & Oneida St","stop_id":"15007"},"type":"Feature"},{"geometry":{"coordinates":[-75.25209,43.08752],"type":"Point"},"properties":{"kind":"stop","name":"Memorial Pkwy & Thomas St","stop_id":"15008"},"type":"Feature"},{"geometry":{"coordinates":[-75.25325,43.08803],"type":"Point"},"properties":{"kind":"stop","name":"Memorial Pkwy & Holland Ave","stop_id":"15009"},"type":"Feature"},{"geometry":{"coordinates":[-75.25584,43.08919],"type":"Point"},"properties":{"kind":"stop","name":"Memorial Pkwy & Genesee St","stop_id":"15010"},"type":"Feature"},{"geometry":{"coordinates":[-75.25827,43.09032],"type":"Point"},"properties":{"kind":"stop","name":"Burrstone Rd & Sunset Ave","stop_id":"15011"},"type":"Feature"},{"geometry":{"coordinates":[-75.25969,43.09097],"type":"Point"},"properties":{"kind":"stop","name":"Burrstone Rd & Bennett St","stop_id":"15012"},"type":"Feature"},{"geometry":{"coordinates":[-75.26458,43.09256],"type":"Point"},"properties":{"kind":"stop","name":"Burrstone Rd & York St","stop_id":"15013"},"type":"Feature"},{"geometry":{"coordinates":[-75.27326,43.09646],"type":"Point"},"properties":{"kind":"stop","name":"Utica University stop","stop_id":"15014"},"type":"Feature"},{"geometry":{"coordinates":[-75.2755,43.09404],"type":"Point"},"properties":{"kind":"stop","name":"Champlin Ave & Burrstone Rd","stop_id":"15017"},"type":"Feature"},{"geometry":{"coordinates":[-75.27833,43.0905],"type":"Point"},"properties":{"kind":"stop","name":"French Rd & Business Park Dr","stop_id":"15018"},"type":"Feature"},{"geometry":{"coordinates":[-76.14252,42.98079],"type":"Point"},"properties":{"kind":"stop","name":"S Salina St & Leonard Ave","stop_id":"1502"},"type":"Feature"},{"geometry":{"coordinates":[-75.27966,43.09103],"type":"Point"},"properties":{"kind":"stop","name":"Buniness Park Dr & Commons Rd","stop_id":"15020"},"type":"Feature"},{"geometry":{"coordinates":[-75.28145,43.09101],"type":"Point"},"properties":{"kind":"stop","name":"Business Park Dr & Notre Dame Ln","stop_id":"15021"},"type":"Feature"},{"geometry":{"coordinates":[-75.28572,43.0909],"type":"Point"},"properties":{"kind":"stop","name":"Business Park Dr & Rhoads Dr","stop_id":"15022"},"type":"Feature"},{"geometry":{"coordinates":[-75.28779,43.09236],"type":"Point"},"properties":{"kind":"stop","name":"Rhoads Dr & Center Green Ct","stop_id":"15023"},"type":"Feature"},{"geometry":{"coordinates":[-75.28566,43.09325],"type":"Point"},"properties":{"kind":"stop","name":"Rhoads Dr & Business Park Dr","stop_id":"15024"},"type":"Feature"},{"geometry":{"coordinates":[-75.28117,43.09452],"type":"Point"},"properties":{"kind":"stop","name":"Burrstone Rd & Notre Dame Ln","stop_id":"15026"},"type":"Feature"},{"geometry":{"coordinates":[-75.28374,43.09474],"type":"Point"},"properties":{"kind":"stop","name":"Burrstone Rd & Winchester Dr","stop_id":"15027"},"type":"Feature"},{"geometry":{"coordinates":[-75.28524,43.09485],"type":"Point"},"properties":{"kind":"stop","name":"Burrstone Rd & Business Park Dr","stop_id":"15028"},"type":"Feature"},{"geometry":{"coordinates":[-75.2871,43.09499],"type":"Point"},"properties":{"kind":"stop","name":"Burrstone Rd & Fairway Dr","stop_id":"15029"},"type":"Feature"},{"geometry":{"coordinates":[-76.22083,43.04738],"type":"Point"},"properties":{"kind":"stop","name":"W Genesee St & Terry Rd","stop_id":"1503"},"type":"Feature"},{"geometry":{"coordinates":[-75.2892,43.09514],"type":"Point"},"properties":{"kind":"stop","name":"Burrstone Rd & Marauder Blvd","stop_id":"15030"},"type":"Feature"},{"geometry":{"coordinates":[-75.29145,43.09529],"type":"Point"},"properties":{"kind":"stop","name":"Burrstone Rd & Pulaski St","stop_id":"15031"},"type":"Feature"},{"geometry":{"coordinates":[-75.2938,43.09554],"type":"Point"},"properties":{"kind":"stop","name":"Burrstone Rd & Prospect St","stop_id":"15032"},"type":"Feature"},{"geometry":{"coordinates":[-75.29723,43.09662],"type":"Point"},"properties":{"kind":"stop","name":"Burrstone Rd & Main St","stop_id":"15033"},"type":"Feature"},{"geometry":{"coordinates":[-75.29411,43.09557],"type":"Point"},"properties":{"kind":"stop","name":"Burrstone Rd & Prospect St","stop_id":"15036"},"type":"Feature"},{"geometry":{"coordinates":[-75.29178,43.09528],"type":"Point"},"properties":{"kind":"stop","name":"Burrstone Rd & Pulaski St","stop_id":"15037"},"type":"Feature"},{"geometry":{"coordinates":[-75.28948,43.09512],"type":"Point"},"properties":{"kind":"stop","name":"Burrstone Rd & Marauder Blvd","stop_id":"15038"},"type":"Feature"},{"geometry":{"coordinates":[-75.28739,43.09495],"type":"Point"},"properties":{"kind":"stop","name":"Burrstone Rd & Fairway Dr","stop_id":"15039"},"type":"Feature"},{"geometry":{"coordinates":[-75.28555,43.09482],"type":"Point"},"properties":{"kind":"stop","name":"Burrstone Rd & Business Park Dr","stop_id":"15040"},"type":"Feature"},{"geometry":{"coordinates":[-75.28405,43.09471],"type":"Point"},"properties":{"kind":"stop","name":"Burrstone Rd & Winchester Dr","stop_id":"15041"},"type":"Feature"},{"geometry":{"coordinates":[-75.27903,43.09346],"type":"Point"},"properties":{"kind":"stop","name":"Slocum Dickson","stop_id":"15042"},"type":"Feature"},{"geometry":{"coordinates":[-75.2757,43.09394],"type":"Point"},"properties":{"kind":"stop","name":"Burrstone Rd & French Rd","stop_id":"15043"},"type":"Feature"},{"geometry":{"coordinates":[-75.26006,43.09099],"type":"Point"},"properties":{"kind":"stop","name":"Burrstone Rd & Bennett St","stop_id":"15044"},"type":"Feature"},{"geometry":{"coordinates":[-75.30239,43.09793],"type":"Point"},"properties":{"kind":"stop","name":"Henderson St & Commercial Dr","stop_id":"15045"},"type":"Feature"},{"geometry":{"coordinates":[-75.20847,43.09546],"type":"Point"},"properties":{"kind":"stop","name":"Bleecker St & Nichols St","stop_id":"15046"},"type":"Feature"},{"geometry":{"coordinates":[-75.19073,43.08942],"type":"Point"},"properties":{"kind":"stop","name":"Bleecker St & Masonic Home driveway","stop_id":"15047"},"type":"Feature"},{"geometry":{"coordinates":[-75.19793,43.09386],"type":"Point"},"properties":{"kind":"stop","name":"Gilbert St & Catherine St","stop_id":"15050"},"type":"Feature"},{"geometry":{"coordinates":[-75.19548,43.09568],"type":"Point"},"properties":{"kind":"stop","name":"Gilbert St & Broad St","stop_id":"15051"},"type":"Feature"},{"geometry":{"coordinates":[-75.1957,43.09289],"type":"Point"},"properties":{"kind":"stop","name":"Culver Ave & Beechgrove Pl","stop_id":"15054"},"type":"Feature"},{"geometry":{"coordinates":[-75.19654,43.09194],"type":"Point"},"properties":{"kind":"stop","name":"Culver Ave & Bleecker St","stop_id":"15055"},"type":"Feature"},{"geometry":{"coordinates":[-75.19927,43.09277],"type":"Point"},"properties":{"kind":"stop","name":"Ontario St & Bleecker St","stop_id":"15061"},"type":"Feature"},{"geometry":{"coordinates":[-75.20819,43.0954],"type":"Point"},"properties":{"kind":"stop","name":"Bleecker St & Nichols St","stop_id":"15062"},"type":"Feature"},{"geometry":{"coordinates":[-76.16874,43.06548],"type":"Point"},"properties":{"kind":"stop","name":"Destiny stop #2","stop_id":"15064"},"type":"Feature"},{"geometry":{"coordinates":[-75.20082,43.08679],"type":"Point"},"properties":{"kind":"stop","name":"Culver Ave & Guelich St","stop_id":"15065"},"type":"Feature"},{"geometry":{"coordinates":[-75.20141,43.08603],"type":"Point"},"properties":{"kind":"stop","name":"Culver Ave & Gardner St","stop_id":"15066"},"type":"Feature"},{"geometry":{"coordinates":[-75.20218,43.08507],"type":"Point"},"properties":{"kind":"stop","name":"Culver Ave & South Ave","stop_id":"15067"},"type":"Feature"},{"geometry":{"coordinates":[-75.20658,43.08702],"type":"Point"},"properties":{"kind":"stop","name":"South St & Tilden Ave","stop_id":"15068"},"type":"Feature"},{"geometry":{"coordinates":[-75.20752,43.08745],"type":"Point"},"properties":{"kind":"stop","name":"South St & Rosemary St","stop_id":"15069"},"type":"Feature"},{"geometry":{"coordinates":[-76.14254,42.98121],"type":"Point"},"properties":{"kind":"stop","name":"S Salina St & Pembrook Dr","stop_id":"1507"},"type":"Feature"},{"geometry":{"coordinates":[-75.20852,43.0879],"type":"Point"},"properties":{"kind":"stop","name":"South St & Bacon St","stop_id":"15070"},"type":"Feature"},{"geometry":{"coordinates":[-75.20973,43.08845],"type":"Point"},"properties":{"kind":"stop","name":"South St & Belle Ave","stop_id":"15071"},"type":"Feature"},{"geometry":{"coordinates":[-75.21055,43.08881],"type":"Point"},"properties":{"kind":"stop","name":"South St & Margery St","stop_id":"15072"},"type":"Feature"},{"geometry":{"coordinates":[-75.21157,43.0893],"type":"Point"},"properties":{"kind":"stop","name":"South St & Jefferson Ave","stop_id":"15073"},"type":"Feature"},{"geometry":{"coordinates":[-75.213,43.08978],"type":"Point"},"properties":{"kind":"stop","name":"South St & Webster Ave","stop_id":"15074"},"type":"Feature"},{"geometry":{"coordinates":[-75.21455,43.09024],"type":"Point"},"properties":{"kind":"stop","name":"South St & Mason St","stop_id":"15075"},"type":"Feature"},{"geometry":{"coordinates":[-75.21592,43.09067],"type":"Point"},"properties":{"kind":"stop","name":"South St & Kossuth Ave","stop_id":"15076"},"type":"Feature"},{"geometry":{"coordinates":[-75.21729,43.09108],"type":"Point"},"properties":{"kind":"stop","name":"South St & Belmont Ave","stop_id":"15077"},"type":"Feature"},{"geometry":{"coordinates":[-75.21837,43.09143],"type":"Point"},"properties":{"kind":"stop","name":"South St & George Pl","stop_id":"15078"},"type":"Feature"},{"geometry":{"coordinates":[-75.21924,43.09169],"type":"Point"},"properties":{"kind":"stop","name":"South St & Young Pl","stop_id":"15079"},"type":"Feature"},{"geometry":{"coordinates":[-75.22244,43.09266],"type":"Point"},"properties":{"kind":"stop","name":"South St & Morris St","stop_id":"15081"},"type":"Feature"},{"geometry":{"coordinates":[-75.22378,43.09306],"type":"Point"},"properties":{"kind":"stop","name":"South St & Saint Vincent St","stop_id":"15082"},"type":"Feature"},{"geometry":{"coordinates":[-75.22478,43.09336],"type":"Point"},"properties":{"kind":"stop","name":"South St & Conkling Ave","stop_id":"15083"},"type":"Feature"},{"geometry":{"coordinates":[-75.22595,43.09372],"type":"Point"},"properties":{"kind":"stop","name":"South St & Taylor Ave","stop_id":"15084"},"type":"Feature"},{"geometry":{"coordinates":[-75.22698,43.09404],"type":"Point"},"properties":{"kind":"stop","name":"South St & Brinckerhoff Ave","stop_id":"15085"},"type":"Feature"},{"geometry":{"coordinates":[-75.22798,43.09435],"type":"Point"},"properties":{"kind":"stop","name":"South St & Dudley Ave","stop_id":"15086"},"type":"Feature"},{"geometry":{"coordinates":[-75.22901,43.09466],"type":"Point"},"properties":{"kind":"stop","name":"South St & Seymour Ave","stop_id":"15087"},"type":"Feature"},{"geometry":{"coordinates":[-75.23099,43.09525],"type":"Point"},"properties":{"kind":"stop","name":"South St & Howard Ave","stop_id":"15088"},"type":"Feature"},{"geometry":{"coordinates":[-75.23206,43.09558],"type":"Point"},"properties":{"kind":"stop","name":"South St & Miller St","stop_id":"15089"},"type":"Feature"},{"geometry":{"coordinates":[-75.23003,43.09497],"type":"Point"},"properties":{"kind":"stop","name":"South St & Nielson St","stop_id":"15094"},"type":"Feature"},{"geometry":{"coordinates":[-75.20644,43.07981],"type":"Point"},"properties":{"kind":"stop","name":"Parkway E & Albany St","stop_id":"15095"},"type":"Feature"},{"geometry":{"coordinates":[-75.20692,43.08101],"type":"Point"},"properties":{"kind":"stop","name":"Albany St & Welsh Bush Rd","stop_id":"15096"},"type":"Feature"},{"geometry":{"coordinates":[-76.143,43.00699],"type":"Point"},"properties":{"kind":"stop","name":"S Salina St & E Florence Ave","stop_id":"1512"},"type":"Feature"},{"geometry":{"coordinates":[-75.2876,43.11932],"type":"Point"},"properties":{"kind":"stop","name":"Main St & Ablett Ave","stop_id":"15126"},"type":"Feature"},{"geometry":{"coordinates":[-75.25407,43.10735],"type":"Point"},"properties":{"kind":"stop","name":"Whitesboro St & Faass Ave","stop_id":"15127"},"type":"Feature"},{"geometry":{"coordinates":[-75.25315,43.10704],"type":"Point"},"properties":{"kind":"stop","name":"Whitesboro St & Court St","stop_id":"15128"},"type":"Feature"},{"geometry":{"coordinates":[-75.29084,43.0964],"type":"Point"},"properties":{"kind":"stop","name":"Pulaski St & Young Ave","stop_id":"15142"},"type":"Feature"},{"geometry":{"coordinates":[-75.31031,43.09395],"type":"Point"},"properties":{"kind":"stop","name":"Consumer Square Michaels","stop_id":"15146"},"type":"Feature"},{"geometry":{"coordinates":[-75.31186,43.09031],"type":"Point"},"properties":{"kind":"stop","name":"Clinton St & Ellinwood Dr","stop_id":"15147"},"type":"Feature"},{"geometry":{"coordinates":[-75.32506,43.08246],"type":"Point"},"properties":{"kind":"stop","name":"Seneca Tpke & Commercial Dr","stop_id":"15155"},"type":"Feature"},{"geometry":{"coordinates":[-75.28785,43.10892],"type":"Point"},"properties":{"kind":"stop","name":"Main St & Saint Stanislaus St","stop_id":"15169"},"type":"Feature"},{"geometry":{"coordinates":[-75.23307,43.10282],"type":"Point"},"properties":{"kind":"stop","name":"Broadway & Lafayette St","stop_id":"15172"},"type":"Feature"},{"geometry":{"coordinates":[-75.2224,43.07797],"type":"Point"},"properties":{"kind":"stop","name":"James St & Beckwith Pl","stop_id":"15176"},"type":"Feature"},{"geometry":{"coordinates":[-75.22805,43.08119],"type":"Point"},"properties":{"kind":"stop","name":"James St & Harrison Ave","stop_id":"15177"},"type":"Feature"},{"geometry":{"coordinates":[-75.22963,43.08219],"type":"Point"},"properties":{"kind":"stop","name":"James St & Sulzer Pl","stop_id":"15178"},"type":"Feature"},{"geometry":{"coordinates":[-75.23127,43.08293],"type":"Point"},"properties":{"kind":"stop","name":"James St & Saint Jane Ave","stop_id":"15179"},"type":"Feature"},{"geometry":{"coordinates":[-76.14272,42.98153],"type":"Point"},"properties":{"kind":"stop","name":"S Salina St & Lindbergh Rd","stop_id":"1518"},"type":"Feature"},{"geometry":{"coordinates":[-75.24216,43.0934],"type":"Point"},"properties":{"kind":"stop","name":"Kemble St & Walker St","stop_id":"15180"},"type":"Feature"},{"geometry":{"coordinates":[-75.27812,43.0782],"type":"Point"},"properties":{"kind":"stop","name":"Genesee St Arlington Rd","stop_id":"15182"},"type":"Feature"},{"geometry":{"coordinates":[-75.28224,43.07612],"type":"Point"},"properties":{"kind":"stop","name":"Genesee St & Higby Rd","stop_id":"15183"},"type":"Feature"},{"geometry":{"coordinates":[-75.28273,43.05717],"type":"Point"},"properties":{"kind":"stop","name":"Oxford Rd & Kellogg Rd","stop_id":"15190"},"type":"Feature"},{"geometry":{"coordinates":[-75.27858,43.05529],"type":"Point"},"properties":{"kind":"stop","name":"Tibbitts Rd & Kellogg Rd","stop_id":"15191"},"type":"Feature"},{"geometry":{"coordinates":[-75.27848,43.05537],"type":"Point"},"properties":{"kind":"stop","name":"Kellogg Rd & Tibbitts Rd","stop_id":"15192"},"type":"Feature"},{"geometry":{"coordinates":[-75.28396,43.06406],"type":"Point"},"properties":{"kind":"stop","name":"Oxford Rd & Sherrill Ln","stop_id":"15195"},"type":"Feature"},{"geometry":{"coordinates":[-75.31927,43.08034],"type":"Point"},"properties":{"kind":"stop","name":"Seneca Tpke & Oakdale Ave","stop_id":"15198"},"type":"Feature"},{"geometry":{"coordinates":[-75.31714,43.07953],"type":"Point"},"properties":{"kind":"stop","name":"Seneca Tpke & Dixon Rd","stop_id":"15199"},"type":"Feature"},{"geometry":{"coordinates":[-75.3162,43.07919],"type":"Point"},"properties":{"kind":"stop","name":"Seneca Tpke & Irving Rd","stop_id":"15200"},"type":"Feature"},{"geometry":{"coordinates":[-75.31492,43.07871],"type":"Point"},"properties":{"kind":"stop","name":"Seneca Tpke & Alexandria Rd","stop_id":"15201"},"type":"Feature"},{"geometry":{"coordinates":[-75.30892,43.07718],"type":"Point"},"properties":{"kind":"stop","name":"Seneca Tpke & Clinton Rd","stop_id":"15202"},"type":"Feature"},{"geometry":{"coordinates":[-75.29674,43.07409],"type":"Point"},"properties":{"kind":"stop","name":"Genesee St & New Hartford Shop Cntr","stop_id":"15204"},"type":"Feature"},{"geometry":{"coordinates":[-75.29472,43.07372],"type":"Point"},"properties":{"kind":"stop","name":"Genesee St & Colonial Dr","stop_id":"15205"},"type":"Feature"},{"geometry":{"coordinates":[-75.28514,43.07463],"type":"Point"},"properties":{"kind":"stop","name":"Genesee St & Brookline Dr","stop_id":"15206"},"type":"Feature"},{"geometry":{"coordinates":[-75.28075,43.07679],"type":"Point"},"properties":{"kind":"stop","name":"Genesee St & Lyon Pl","stop_id":"15207"},"type":"Feature"},{"geometry":{"coordinates":[-75.2761,43.07913],"type":"Point"},"properties":{"kind":"stop","name":"Genesee St & Dewey Ave","stop_id":"15208"},"type":"Feature"},{"geometry":{"coordinates":[-75.25392,43.09025],"type":"Point"},"properties":{"kind":"stop","name":"Genesee St & Sherman Pl","stop_id":"15209"},"type":"Feature"},{"geometry":{"coordinates":[-76.14276,42.98205],"type":"Point"},"properties":{"kind":"stop","name":"S Salina St & Hoover Dr","stop_id":"1521"},"type":"Feature"},{"geometry":{"coordinates":[-76.21324,43.04698],"type":"Point"},"properties":{"kind":"stop","name":"W Genesee St & Century Dr","stop_id":"1522"},"type":"Feature"},{"geometry":{"coordinates":[-76.14298,43.00414],"type":"Point"},"properties":{"kind":"stop","name":"S Salina St & Clarence Ave","stop_id":"1523"},"type":"Feature"},{"geometry":{"coordinates":[-75.21652,43.10634],"type":"Point"},"properties":{"kind":"stop","name":"Wurz Ave & Railroad St","stop_id":"15240"},"type":"Feature"},{"geometry":{"coordinates":[-75.21631,43.10631],"type":"Point"},"properties":{"kind":"stop","name":"Wurz Ave & Railroad St","stop_id":"15243"},"type":"Feature"},{"geometry":{"coordinates":[-75.22072,43.10769],"type":"Point"},"properties":{"kind":"stop","name":"Wurz Ave & Genesee St","stop_id":"15244"},"type":"Feature"},{"geometry":{"coordinates":[-75.21517,43.11272],"type":"Point"},"properties":{"kind":"stop","name":"Genesee St & Weaver St","stop_id":"15247"},"type":"Feature"},{"geometry":{"coordinates":[-75.2113,43.11577],"type":"Point"},"properties":{"kind":"stop","name":"Genesee St & Auert Ave","stop_id":"15248"},"type":"Feature"},{"geometry":{"coordinates":[-75.2093,43.1154],"type":"Point"},"properties":{"kind":"stop","name":"Auert Ave & Northern Rd","stop_id":"15249"},"type":"Feature"},{"geometry":{"coordinates":[-75.19909,43.11335],"type":"Point"},"properties":{"kind":"stop","name":"Herkimer Rd & Candlewyck Ln","stop_id":"15250"},"type":"Feature"},{"geometry":{"coordinates":[-75.18624,43.11104],"type":"Point"},"properties":{"kind":"stop","name":"Herkimer Rd & Green House","stop_id":"15251"},"type":"Feature"},{"geometry":{"coordinates":[-75.18597,43.11105],"type":"Point"},"properties":{"kind":"stop","name":"Herkimer Rd & Green House","stop_id":"15254"},"type":"Feature"},{"geometry":{"coordinates":[-75.20886,43.11577],"type":"Point"},"properties":{"kind":"stop","name":"Herkimer Rd & Northern Rd","stop_id":"15255"},"type":"Feature"},{"geometry":{"coordinates":[-75.20981,43.11618],"type":"Point"},"properties":{"kind":"stop","name":"Herkimer Rd & Coventry Ave","stop_id":"15256"},"type":"Feature"},{"geometry":{"coordinates":[-75.20557,43.11456],"type":"Point"},"properties":{"kind":"stop","name":"Leland Ave & Herkimer Rd","stop_id":"15261"},"type":"Feature"},{"geometry":{"coordinates":[-75.2187,43.10985],"type":"Point"},"properties":{"kind":"stop","name":"Genesee St & McDonalds","stop_id":"15276"},"type":"Feature"},{"geometry":{"coordinates":[-76.14303,43.00397],"type":"Point"},"properties":{"kind":"stop","name":"S Salina St & Crippen Ave","stop_id":"1529"},"type":"Feature"},{"geometry":{"coordinates":[-76.14727,43.0297],"type":"Point"},"properties":{"kind":"stop","name":"S Salina St & Kirk Ave","stop_id":"153"},"type":"Feature"},{"geometry":{"coordinates":[-76.14305,42.98288],"type":"Point"},"properties":{"kind":"stop","name":"S Salina St & Everingham Rd","stop_id":"1530"},"type":"Feature"},{"geometry":{"coordinates":[-75.32803,43.08228],"type":"Point"},"properties":{"kind":"stop","name":"Middle Settlement Rd & Seneca Tpke","stop_id":"15300"},"type":"Feature"},{"geometry":{"coordinates":[-75.35795,43.06238],"type":"Point"},"properties":{"kind":"stop","name":"Utica Rd & Pleasant St","stop_id":"15301"},"type":"Feature"},{"geometry":{"coordinates":[-75.37109,43.05314],"type":"Point"},"properties":{"kind":"stop","name":"Utica Rd & Sherman Pl","stop_id":"15304"},"type":"Feature"},{"geometry":{"coordinates":[-75.3841,43.05111],"type":"Point"},"properties":{"kind":"stop","name":"Elm St & Sanford Ave","stop_id":"15306"},"type":"Feature"},{"geometry":{"coordinates":[-75.38413,43.04831],"type":"Point"},"properties":{"kind":"stop","name":"Elm ST & College St","stop_id":"15307"},"type":"Feature"},{"geometry":{"coordinates":[-75.38737,43.04833],"type":"Point"},"properties":{"kind":"stop","name":"College St & Woodlawn Pl","stop_id":"15308"},"type":"Feature"},{"geometry":{"coordinates":[-75.38418,43.04823],"type":"Point"},"properties":{"kind":"stop","name":"College St & Elm St","stop_id":"15314"},"type":"Feature"},{"geometry":{"coordinates":[-75.34457,43.06974],"type":"Point"},"properties":{"kind":"stop","name":"Utica St & Middle Settlement Rd","stop_id":"15323"},"type":"Feature"},{"geometry":{"coordinates":[-75.32691,43.08256],"type":"Point"},"properties":{"kind":"stop","name":"Middle Settlement Rd & Seneca Tpke","stop_id":"15324"},"type":"Feature"},{"geometry":{"coordinates":[-75.24361,43.09418],"type":"Point"},"properties":{"kind":"stop","name":"Oneida St & Walker St","stop_id":"15341"},"type":"Feature"},{"geometry":{"coordinates":[-75.25808,43.0824],"type":"Point"},"properties":{"kind":"stop","name":"Holland Ave & Leslie Ave","stop_id":"15342"},"type":"Feature"},{"geometry":{"coordinates":[-75.26327,43.07752],"type":"Point"},"properties":{"kind":"stop","name":"Oneida St & Hillcrest Manor Ct","stop_id":"15343"},"type":"Feature"},{"geometry":{"coordinates":[-75.26846,43.07435],"type":"Point"},"properties":{"kind":"stop","name":"Eastwood Ave & Dunham Rd","stop_id":"15344"},"type":"Feature"},{"geometry":{"coordinates":[-75.27245,43.06674],"type":"Point"},"properties":{"kind":"stop","name":"Oneida St & Ridge Rd","stop_id":"15346"},"type":"Feature"},{"geometry":{"coordinates":[-75.26994,43.0251],"type":"Point"},"properties":{"kind":"stop","name":"Oneida St & Elm St","stop_id":"15349"},"type":"Feature"},{"geometry":{"coordinates":[-76.14294,43.00311],"type":"Point"},"properties":{"kind":"stop","name":"S Salina St & Minerva St","stop_id":"1535"},"type":"Feature"},{"geometry":{"coordinates":[-76.14327,42.98371],"type":"Point"},"properties":{"kind":"stop","name":"S Salina St & Ruhamah Ave","stop_id":"1536"},"type":"Feature"},{"geometry":{"coordinates":[-76.1444,43.06228],"type":"Point"},"properties":{"kind":"stop","name":"Butternut St & Schneider St","stop_id":"15466"},"type":"Feature"},{"geometry":{"coordinates":[-76.14372,42.98548],"type":"Point"},"properties":{"kind":"stop","name":"S Salina St & Dorwin Ave","stop_id":"1548"},"type":"Feature"},{"geometry":{"coordinates":[-76.17997,43.03857],"type":"Point"},"properties":{"kind":"stop","name":"Grand Ave & Hoefler St","stop_id":"15484"},"type":"Feature"},{"geometry":{"coordinates":[-76.17871,43.03875],"type":"Point"},"properties":{"kind":"stop","name":"Grand Ave & Lydell St","stop_id":"15485"},"type":"Feature"},{"geometry":{"coordinates":[-76.1773,43.03895],"type":"Point"},"properties":{"kind":"stop","name":"Grand Ave & Herriman St","stop_id":"15486"},"type":"Feature"},{"geometry":{"coordinates":[-76.17581,43.03914],"type":"Point"},"properties":{"kind":"stop","name":"Grand Ave & Cadwell St","stop_id":"15487"},"type":"Feature"},{"geometry":{"coordinates":[-76.17389,43.03965],"type":"Point"},"properties":{"kind":"stop","name":"Grand Ave & Delaware St","stop_id":"15488"},"type":"Feature"},{"geometry":{"coordinates":[-76.14287,43.0022],"type":"Point"},"properties":{"kind":"stop","name":"S Salina St & Seeley Ave","stop_id":"1551"},"type":"Feature"},{"geometry":{"coordinates":[-76.13282,43.02123],"type":"Point"},"properties":{"kind":"stop","name":"Jamesville Ave & Vincent St","stop_id":"15512"},"type":"Feature"},{"geometry":{"coordinates":[-76.48518,43.4669],"type":"Point"},"properties":{"kind":"stop","name":"OCO Medical Center","stop_id":"15515"},"type":"Feature"},{"geometry":{"coordinates":[-76.50723,43.4559],"type":"Point"},"properties":{"kind":"stop","name":"Simeon Dewitt Apartments Osw","stop_id":"15517"},"type":"Feature"},{"geometry":{"coordinates":[-76.48286,43.46791],"type":"Point"},"properties":{"kind":"stop","name":"Centro Garage Oswego","stop_id":"15518"},"type":"Feature"},{"geometry":{"coordinates":[-76.47281,43.45454],"type":"Point"},"properties":{"kind":"stop","name":"Brandonwood Apartments Oswego","stop_id":"15520"},"type":"Feature"},{"geometry":{"coordinates":[-76.54036,43.45399],"type":"Point"},"properties":{"kind":"stop","name":"SUNY Oswego Campus Center","stop_id":"15521"},"type":"Feature"},{"geometry":{"coordinates":[-76.52853,43.44597],"type":"Point"},"properties":{"kind":"stop","name":"Morningstar Care Center","stop_id":"15525"},"type":"Feature"},{"geometry":{"coordinates":[-76.55059,43.4498],"type":"Point"},"properties":{"kind":"stop","name":"SUNY Oswego New Campus","stop_id":"15527"},"type":"Feature"},{"geometry":{"coordinates":[-76.55074,43.44964],"type":"Point"},"properties":{"kind":"stop","name":"SUNY Oswego New Campus","stop_id":"15529"},"type":"Feature"},{"geometry":{"coordinates":[-76.14374,42.98599],"type":"Point"},"properties":{"kind":"stop","name":"S Salina St & Parrish Ln","stop_id":"1553"},"type":"Feature"},{"geometry":{"coordinates":[-76.53555,43.44533],"type":"Point"},"properties":{"kind":"stop","name":"SUNY Oswego Laker Hall","stop_id":"15534"},"type":"Feature"},{"geometry":{"coordinates":[-76.39937,43.32415],"type":"Point"},"properties":{"kind":"stop","name":"Pathfinder Courts - Fulton","stop_id":"15537"},"type":"Feature"},{"geometry":{"coordinates":[-76.39655,43.32547],"type":"Point"},"properties":{"kind":"stop","name":"Emery St & 12th St - Fulton","stop_id":"15538"},"type":"Feature"},{"geometry":{"coordinates":[-76.40625,43.31533],"type":"Point"},"properties":{"kind":"stop","name":"Fulton Medical Center - Urgent Care","stop_id":"15539"},"type":"Feature"},{"geometry":{"coordinates":[-76.41698,43.32242],"type":"Point"},"properties":{"kind":"stop","name":"Towpath Towers - Fulton","stop_id":"15540"},"type":"Feature"},{"geometry":{"coordinates":[-76.39623,43.32548],"type":"Point"},"properties":{"kind":"stop","name":"12th St & Emery St - Fulton","stop_id":"15541"},"type":"Feature"},{"geometry":{"coordinates":[-76.42418,43.32327],"type":"Point"},"properties":{"kind":"stop","name":"Price Chopper - Fulton","stop_id":"15542"},"type":"Feature"},{"geometry":{"coordinates":[-76.43597,43.32042],"type":"Point"},"properties":{"kind":"stop","name":"Fulton Commons","stop_id":"15544"},"type":"Feature"},{"geometry":{"coordinates":[-76.41885,43.31702],"type":"Point"},"properties":{"kind":"stop","name":"Fulton Mills Apts & W 1st St S","stop_id":"15547"},"type":"Feature"},{"geometry":{"coordinates":[-76.26036,43.45996],"type":"Point"},"properties":{"kind":"stop","name":"BOCES Mexico","stop_id":"15549"},"type":"Feature"},{"geometry":{"coordinates":[-76.23548,43.4579],"type":"Point"},"properties":{"kind":"stop","name":"Department Social Services Mexico","stop_id":"15550"},"type":"Feature"},{"geometry":{"coordinates":[-76.48085,43.43206],"type":"Point"},"properties":{"kind":"stop","name":"Public Safety OCJ","stop_id":"15556"},"type":"Feature"},{"geometry":{"coordinates":[-76.29799,43.22866],"type":"Point"},"properties":{"kind":"stop","name":"Route 57 & Lock St","stop_id":"15557"},"type":"Feature"},{"geometry":{"coordinates":[-76.29798,43.22875],"type":"Point"},"properties":{"kind":"stop","name":"Route 57 & Lock St","stop_id":"15558"},"type":"Feature"},{"geometry":{"coordinates":[-76.4101,43.32822],"type":"Point"},"properties":{"kind":"stop","name":"N 6th St & Erie St","stop_id":"15569"},"type":"Feature"},{"geometry":{"coordinates":[-76.14387,42.98629],"type":"Point"},"properties":{"kind":"stop","name":"S Salina St & Jaclyn Dr","stop_id":"1557"},"type":"Feature"},{"geometry":{"coordinates":[-76.40947,43.32628],"type":"Point"},"properties":{"kind":"stop","name":"N 6th St & Oneida St","stop_id":"15571"},"type":"Feature"},{"geometry":{"coordinates":[-76.40599,43.32132],"type":"Point"},"properties":{"kind":"stop","name":"E Broadway & S 7th St","stop_id":"15581"},"type":"Feature"},{"geometry":{"coordinates":[-76.40487,43.31385],"type":"Point"},"properties":{"kind":"stop","name":"S 4th St & Fay St","stop_id":"15595"},"type":"Feature"},{"geometry":{"coordinates":[-76.408,43.3175],"type":"Point"},"properties":{"kind":"stop","name":"S 4th St & Pratt St","stop_id":"15598"},"type":"Feature"},{"geometry":{"coordinates":[-76.14678,43.02877],"type":"Point"},"properties":{"kind":"stop","name":"S Salina St & McLennan Ave","stop_id":"156"},"type":"Feature"},{"geometry":{"coordinates":[-76.40962,43.3194],"type":"Point"},"properties":{"kind":"stop","name":"S 4th St & E Broadway","stop_id":"15600"},"type":"Feature"},{"geometry":{"coordinates":[-76.40049,43.32559],"type":"Point"},"properties":{"kind":"stop","name":"Holly Dr & Emery St","stop_id":"15620"},"type":"Feature"},{"geometry":{"coordinates":[-76.40941,43.32629],"type":"Point"},"properties":{"kind":"stop","name":"Oneida St & N 6th St","stop_id":"15628"},"type":"Feature"},{"geometry":{"coordinates":[-76.1439,42.98705],"type":"Point"},"properties":{"kind":"stop","name":"S Salina St & Oakley Dr","stop_id":"1563"},"type":"Feature"},{"geometry":{"coordinates":[-76.41001,43.32808],"type":"Point"},"properties":{"kind":"stop","name":"N 6th St & Erie St","stop_id":"15630"},"type":"Feature"},{"geometry":{"coordinates":[-76.14401,42.98722],"type":"Point"},"properties":{"kind":"stop","name":"S Salina St & Spaulding Ave","stop_id":"1564"},"type":"Feature"},{"geometry":{"coordinates":[-76.42285,43.31467],"type":"Point"},"properties":{"kind":"stop","name":"W Broadway & W 5th St S","stop_id":"15642"},"type":"Feature"},{"geometry":{"coordinates":[-76.42419,43.31422],"type":"Point"},"properties":{"kind":"stop","name":"W Broadway & W 6th St S","stop_id":"15644"},"type":"Feature"},{"geometry":{"coordinates":[-76.4262,43.31394],"type":"Point"},"properties":{"kind":"stop","name":"W Broadway & Lakeview Ave","stop_id":"15646"},"type":"Feature"},{"geometry":{"coordinates":[-76.43445,43.31765],"type":"Point"},"properties":{"kind":"stop","name":"W Broadway & Phillips St","stop_id":"15647"},"type":"Feature"},{"geometry":{"coordinates":[-76.1427,43.00118],"type":"Point"},"properties":{"kind":"stop","name":"S Salina St & E Seneca Tpke","stop_id":"1568"},"type":"Feature"},{"geometry":{"coordinates":[-76.42116,43.32076],"type":"Point"},"properties":{"kind":"stop","name":"W 1st St S & Austin Ave","stop_id":"15683"},"type":"Feature"},{"geometry":{"coordinates":[-76.42349,43.32433],"type":"Point"},"properties":{"kind":"stop","name":"Gansvoort St & W 1st St S","stop_id":"15695"},"type":"Feature"},{"geometry":{"coordinates":[-76.14418,42.98826],"type":"Point"},"properties":{"kind":"stop","name":"S Salina St & Maplewood Ave","stop_id":"1570"},"type":"Feature"},{"geometry":{"coordinates":[-76.43691,43.3233],"type":"Point"},"properties":{"kind":"stop","name":"Chateau West Apartments","stop_id":"15708"},"type":"Feature"},{"geometry":{"coordinates":[-76.42442,43.31409],"type":"Point"},"properties":{"kind":"stop","name":"W Broadway & W 6th St S","stop_id":"15714"},"type":"Feature"},{"geometry":{"coordinates":[-76.42204,43.31486],"type":"Point"},"properties":{"kind":"stop","name":"W Broadway & W 4th St S","stop_id":"15716"},"type":"Feature"},{"geometry":{"coordinates":[-76.14407,42.98808],"type":"Point"},"properties":{"kind":"stop","name":"S Salina St & Maplewood Ave","stop_id":"1572"},"type":"Feature"},{"geometry":{"coordinates":[-76.43684,43.32308],"type":"Point"},"properties":{"kind":"stop","name":"Chateau West Apartments","stop_id":"15721"},"type":"Feature"},{"geometry":{"coordinates":[-76.43699,43.32593],"type":"Point"},"properties":{"kind":"stop","name":"W 11th St & Hannibal St","stop_id":"15722"},"type":"Feature"},{"geometry":{"coordinates":[-76.14322,42.99758],"type":"Point"},"properties":{"kind":"stop","name":"S Salina St & Byrne Pl","stop_id":"1574"},"type":"Feature"},{"geometry":{"coordinates":[-76.42063,43.31978],"type":"Point"},"properties":{"kind":"stop","name":"W 1st St S & Kellogg St","stop_id":"15743"},"type":"Feature"},{"geometry":{"coordinates":[-76.42264,43.32313],"type":"Point"},"properties":{"kind":"stop","name":"W 1st St S & Schuyler St","stop_id":"15770"},"type":"Feature"},{"geometry":{"coordinates":[-76.42203,43.32214],"type":"Point"},"properties":{"kind":"stop","name":"W 1st St S & Hart St","stop_id":"15771"},"type":"Feature"},{"geometry":{"coordinates":[-76.42129,43.32091],"type":"Point"},"properties":{"kind":"stop","name":"W 1st St S & Phillips St","stop_id":"15772"},"type":"Feature"},{"geometry":{"coordinates":[-76.49078,43.44264],"type":"Point"},"properties":{"kind":"stop","name":"E River Rd & Woodridge","stop_id":"15774"},"type":"Feature"},{"geometry":{"coordinates":[-76.48225,43.43165],"type":"Point"},"properties":{"kind":"stop","name":"Hwy 481 & E River Rd","stop_id":"15775"},"type":"Feature"},{"geometry":{"coordinates":[-76.4788,43.42957],"type":"Point"},"properties":{"kind":"stop","name":"Hwy 481 & Churchill Rd","stop_id":"15776"},"type":"Feature"},{"geometry":{"coordinates":[-76.46661,43.41324],"type":"Point"},"properties":{"kind":"stop","name":"Hwy 481 & Dutch Ridge","stop_id":"15777"},"type":"Feature"},{"geometry":{"coordinates":[-76.46159,43.4016],"type":"Point"},"properties":{"kind":"stop","name":"Hwy 481 & CR 45","stop_id":"15778"},"type":"Feature"},{"geometry":{"coordinates":[-76.44612,43.38339],"type":"Point"},"properties":{"kind":"stop","name":"Hwy 481 & March Rd","stop_id":"15779"},"type":"Feature"},{"geometry":{"coordinates":[-76.14316,42.99741],"type":"Point"},"properties":{"kind":"stop","name":"S Salina St & Byrne Pl","stop_id":"1578"},"type":"Feature"},{"geometry":{"coordinates":[-76.43981,43.37593],"type":"Point"},"properties":{"kind":"stop","name":"Hwy 481 & CR 57","stop_id":"15780"},"type":"Feature"},{"geometry":{"coordinates":[-76.43205,43.36717],"type":"Point"},"properties":{"kind":"stop","name":"Hwy 481 & Chalone Rd","stop_id":"15781"},"type":"Feature"},{"geometry":{"coordinates":[-76.42714,43.36071],"type":"Point"},"properties":{"kind":"stop","name":"Hwy 481 & Van Buren Dr","stop_id":"15782"},"type":"Feature"},{"geometry":{"coordinates":[-76.42418,43.34673],"type":"Point"},"properties":{"kind":"stop","name":"Hwy 481","stop_id":"15783"},"type":"Feature"},{"geometry":{"coordinates":[-76.42413,43.34676],"type":"Point"},"properties":{"kind":"stop","name":"Hwy 481","stop_id":"15784"},"type":"Feature"},{"geometry":{"coordinates":[-76.42693,43.3604],"type":"Point"},"properties":{"kind":"stop","name":"Hwy 481 & Van Buren Dr","stop_id":"15785"},"type":"Feature"},{"geometry":{"coordinates":[-76.43195,43.3672],"type":"Point"},"properties":{"kind":"stop","name":"Hwy 481 & Chalone Dr","stop_id":"15786"},"type":"Feature"},{"geometry":{"coordinates":[-76.43906,43.37552],"type":"Point"},"properties":{"kind":"stop","name":"Hwy 481 & CR 57","stop_id":"15787"},"type":"Feature"},{"geometry":{"coordinates":[-76.44536,43.38298],"type":"Point"},"properties":{"kind":"stop","name":"Hwy 481 & March Rd","stop_id":"15788"},"type":"Feature"},{"geometry":{"coordinates":[-76.46098,43.40135],"type":"Point"},"properties":{"kind":"stop","name":"Hwy 481 & CR 45","stop_id":"15789"},"type":"Feature"},{"geometry":{"coordinates":[-76.46611,43.41284],"type":"Point"},"properties":{"kind":"stop","name":"Hwy 481 & Dutch Ridge","stop_id":"15790"},"type":"Feature"},{"geometry":{"coordinates":[-76.47838,43.42942],"type":"Point"},"properties":{"kind":"stop","name":"Hwy 481 & Churchill Rd","stop_id":"15791"},"type":"Feature"},{"geometry":{"coordinates":[-76.48211,43.43156],"type":"Point"},"properties":{"kind":"stop","name":"Hwy 481 & E River Rd","stop_id":"15792"},"type":"Feature"},{"geometry":{"coordinates":[-76.49056,43.44254],"type":"Point"},"properties":{"kind":"stop","name":"E River Rd & Woodridge","stop_id":"15793"},"type":"Feature"},{"geometry":{"coordinates":[-76.1442,42.98881],"type":"Point"},"properties":{"kind":"stop","name":"S Salina St & Richfield Ave","stop_id":"1580"},"type":"Feature"},{"geometry":{"coordinates":[-76.41061,43.3163],"type":"Point"},"properties":{"kind":"stop","name":"S 2nd St & Pratt St","stop_id":"15804"},"type":"Feature"},{"geometry":{"coordinates":[-76.41086,43.31652],"type":"Point"},"properties":{"kind":"stop","name":"S 2nd St & Pratt St","stop_id":"15805"},"type":"Feature"},{"geometry":{"coordinates":[-76.40947,43.31539],"type":"Point"},"properties":{"kind":"stop","name":"S 2nd St & Division St","stop_id":"15806"},"type":"Feature"},{"geometry":{"coordinates":[-76.40886,43.31994],"type":"Point"},"properties":{"kind":"stop","name":"E Broadway & S 5th St","stop_id":"15810"},"type":"Feature"},{"geometry":{"coordinates":[-76.40782,43.32041],"type":"Point"},"properties":{"kind":"stop","name":"E Broadway & S 6th St","stop_id":"15811"},"type":"Feature"},{"geometry":{"coordinates":[-76.40129,43.32913],"type":"Point"},"properties":{"kind":"stop","name":"Oneida St & S 12th St","stop_id":"15813"},"type":"Feature"},{"geometry":{"coordinates":[-76.39999,43.32999],"type":"Point"},"properties":{"kind":"stop","name":"Route 3 & Sting Ray Alley","stop_id":"15814"},"type":"Feature"},{"geometry":{"coordinates":[-76.39838,43.33097],"type":"Point"},"properties":{"kind":"stop","name":"Route 3 & Florida Ave","stop_id":"15815"},"type":"Feature"},{"geometry":{"coordinates":[-76.39474,43.33293],"type":"Point"},"properties":{"kind":"stop","name":"Route 3 & Gillespie Rd","stop_id":"15816"},"type":"Feature"},{"geometry":{"coordinates":[-76.39346,43.33333],"type":"Point"},"properties":{"kind":"stop","name":"Route 3 & Flood Rd","stop_id":"15817"},"type":"Feature"},{"geometry":{"coordinates":[-76.38557,43.33513],"type":"Point"},"properties":{"kind":"stop","name":"Route 3 & Hilltop Ln","stop_id":"15818"},"type":"Feature"},{"geometry":{"coordinates":[-76.38075,43.33709],"type":"Point"},"properties":{"kind":"stop","name":"Route 3 & Weller Rd","stop_id":"15819"},"type":"Feature"},{"geometry":{"coordinates":[-76.3723,43.34047],"type":"Point"},"properties":{"kind":"stop","name":"Route 3 & Baldwin Rd","stop_id":"15820"},"type":"Feature"},{"geometry":{"coordinates":[-76.35797,43.34294],"type":"Point"},"properties":{"kind":"stop","name":"Route 3 & County Rte 6","stop_id":"15821"},"type":"Feature"},{"geometry":{"coordinates":[-76.33033,43.3364],"type":"Point"},"properties":{"kind":"stop","name":"Route 3 & Route 49","stop_id":"15822"},"type":"Feature"},{"geometry":{"coordinates":[-76.31937,43.3403],"type":"Point"},"properties":{"kind":"stop","name":"Route 3 & Red Sch House","stop_id":"15823"},"type":"Feature"},{"geometry":{"coordinates":[-76.30396,43.34286],"type":"Point"},"properties":{"kind":"stop","name":"Route 3 & Little Wing","stop_id":"15824"},"type":"Feature"},{"geometry":{"coordinates":[-76.30224,43.34299],"type":"Point"},"properties":{"kind":"stop","name":"Route 3 & Goodfellow Rd","stop_id":"15825"},"type":"Feature"},{"geometry":{"coordinates":[-76.28232,43.36468],"type":"Point"},"properties":{"kind":"stop","name":"Route 3 & Co Route 45","stop_id":"15828"},"type":"Feature"},{"geometry":{"coordinates":[-76.28283,43.36666],"type":"Point"},"properties":{"kind":"stop","name":"Route 3 & Co Route 35","stop_id":"15829"},"type":"Feature"},{"geometry":{"coordinates":[-76.14336,42.99648],"type":"Point"},"properties":{"kind":"stop","name":"S Salina St & Amidon Dr","stop_id":"1583"},"type":"Feature"},{"geometry":{"coordinates":[-76.27034,43.37731],"type":"Point"},"properties":{"kind":"stop","name":"Route 3 & Factory Rd","stop_id":"15830"},"type":"Feature"},{"geometry":{"coordinates":[-76.26703,43.37942],"type":"Point"},"properties":{"kind":"stop","name":"Route 3 & Dutchess Ln","stop_id":"15831"},"type":"Feature"},{"geometry":{"coordinates":[-76.2567,43.39679],"type":"Point"},"properties":{"kind":"stop","name":"Route 3 & Route 4","stop_id":"15832"},"type":"Feature"},{"geometry":{"coordinates":[-76.25052,43.4133],"type":"Point"},"properties":{"kind":"stop","name":"Route 3 & Pople Rdge Rd","stop_id":"15833"},"type":"Feature"},{"geometry":{"coordinates":[-76.25013,43.42016],"type":"Point"},"properties":{"kind":"stop","name":"Route 3 & Gillette Rd","stop_id":"15834"},"type":"Feature"},{"geometry":{"coordinates":[-76.24992,43.42173],"type":"Point"},"properties":{"kind":"stop","name":"Route 3 & Hanson Rd","stop_id":"15835"},"type":"Feature"},{"geometry":{"coordinates":[-76.24941,43.42481],"type":"Point"},"properties":{"kind":"stop","name":"Route 3 & Fish Rd","stop_id":"15836"},"type":"Feature"},{"geometry":{"coordinates":[-76.24628,43.43454],"type":"Point"},"properties":{"kind":"stop","name":"Route 3 & Cornell Rd","stop_id":"15837"},"type":"Feature"},{"geometry":{"coordinates":[-76.2423,43.44017],"type":"Point"},"properties":{"kind":"stop","name":"Route 3 & Munger Hill","stop_id":"15838"},"type":"Feature"},{"geometry":{"coordinates":[-76.23628,43.44806],"type":"Point"},"properties":{"kind":"stop","name":"Route 3 & N Munger Hill","stop_id":"15839"},"type":"Feature"},{"geometry":{"coordinates":[-76.14412,42.99056],"type":"Point"},"properties":{"kind":"stop","name":"S Salina St & Conifer Dr","stop_id":"1584"},"type":"Feature"},{"geometry":{"coordinates":[-76.23657,43.45736],"type":"Point"},"properties":{"kind":"stop","name":"Norman Ave & Spring St","stop_id":"15840"},"type":"Feature"},{"geometry":{"coordinates":[-76.23858,43.46005],"type":"Point"},"properties":{"kind":"stop","name":"Main St & Kimberly Ln","stop_id":"15842"},"type":"Feature"},{"geometry":{"coordinates":[-76.24155,43.4604],"type":"Point"},"properties":{"kind":"stop","name":"Main St & Ames St","stop_id":"15843"},"type":"Feature"},{"geometry":{"coordinates":[-76.24325,43.46084],"type":"Point"},"properties":{"kind":"stop","name":"Main St & Co Route 64","stop_id":"15844"},"type":"Feature"},{"geometry":{"coordinates":[-76.25744,43.46031],"type":"Point"},"properties":{"kind":"stop","name":"Co Route 64 & Sabill Dr","stop_id":"15845"},"type":"Feature"},{"geometry":{"coordinates":[-76.27053,43.45992],"type":"Point"},"properties":{"kind":"stop","name":"Co Route 64 & Green Rd","stop_id":"15846"},"type":"Feature"},{"geometry":{"coordinates":[-76.2802,43.45949],"type":"Point"},"properties":{"kind":"stop","name":"Co Route 64 & Co Rte 44","stop_id":"15847"},"type":"Feature"},{"geometry":{"coordinates":[-76.28349,43.4738],"type":"Point"},"properties":{"kind":"stop","name":"Co Route 64 & Rte 104","stop_id":"15848"},"type":"Feature"},{"geometry":{"coordinates":[-76.29793,43.47554],"type":"Point"},"properties":{"kind":"stop","name":"Rte 104 & Hasto Dr","stop_id":"15849"},"type":"Feature"},{"geometry":{"coordinates":[-76.31463,43.47959],"type":"Point"},"properties":{"kind":"stop","name":"Rte 104 & Co Route 6","stop_id":"15850"},"type":"Feature"},{"geometry":{"coordinates":[-76.3214,43.47959],"type":"Point"},"properties":{"kind":"stop","name":"Hwy 104 & Soper Mills","stop_id":"15851"},"type":"Feature"},{"geometry":{"coordinates":[-76.32301,43.47951],"type":"Point"},"properties":{"kind":"stop","name":"Hwy 104 & Booth Rd","stop_id":"15852"},"type":"Feature"},{"geometry":{"coordinates":[-76.32813,43.47931],"type":"Point"},"properties":{"kind":"stop","name":"Hwy 104 & Soper Mills W","stop_id":"15853"},"type":"Feature"},{"geometry":{"coordinates":[-76.33067,43.47921],"type":"Point"},"properties":{"kind":"stop","name":"Hwy 104 & Rte 104B","stop_id":"15854"},"type":"Feature"},{"geometry":{"coordinates":[-76.33276,43.47916],"type":"Point"},"properties":{"kind":"stop","name":"Hwy 104 & Albright Rd","stop_id":"15855"},"type":"Feature"},{"geometry":{"coordinates":[-76.3484,43.47879],"type":"Point"},"properties":{"kind":"stop","name":"Hwy 104 & Keefe Rd","stop_id":"15856"},"type":"Feature"},{"geometry":{"coordinates":[-76.35558,43.47853],"type":"Point"},"properties":{"kind":"stop","name":"Hwy 104 & Middle Rd","stop_id":"15857"},"type":"Feature"},{"geometry":{"coordinates":[-76.36122,43.47712],"type":"Point"},"properties":{"kind":"stop","name":"Hwy 104 & Co Rte 51","stop_id":"15858"},"type":"Feature"},{"geometry":{"coordinates":[-76.38422,43.47244],"type":"Point"},"properties":{"kind":"stop","name":"Rte 104 & Co Rte 29","stop_id":"15859"},"type":"Feature"},{"geometry":{"coordinates":[-76.14418,42.99073],"type":"Point"},"properties":{"kind":"stop","name":"S Salina St & Hilton Rd","stop_id":"1586"},"type":"Feature"},{"geometry":{"coordinates":[-76.38796,43.4711],"type":"Point"},"properties":{"kind":"stop","name":"Rte 104 & Co Rte 29 W","stop_id":"15860"},"type":"Feature"},{"geometry":{"coordinates":[-76.39932,43.46697],"type":"Point"},"properties":{"kind":"stop","name":"Rte 104 & Duke Rd","stop_id":"15861"},"type":"Feature"},{"geometry":{"coordinates":[-76.4046,43.46613],"type":"Point"},"properties":{"kind":"stop","name":"Rte 104 & Co Rte 51A","stop_id":"15862"},"type":"Feature"},{"geometry":{"coordinates":[-76.41318,43.46576],"type":"Point"},"properties":{"kind":"stop","name":"Rte 104 & Maiden Ln Rd","stop_id":"15863"},"type":"Feature"},{"geometry":{"coordinates":[-76.41837,43.46588],"type":"Point"},"properties":{"kind":"stop","name":"Rte 104 & Davis Dr","stop_id":"15864"},"type":"Feature"},{"geometry":{"coordinates":[-76.43044,43.46543],"type":"Point"},"properties":{"kind":"stop","name":"Rte 104 & Creamery Rd","stop_id":"15866"},"type":"Feature"},{"geometry":{"coordinates":[-76.4378,43.46476],"type":"Point"},"properties":{"kind":"stop","name":"Rte 104 & Schaad Dr","stop_id":"15867"},"type":"Feature"},{"geometry":{"coordinates":[-76.44567,43.46446],"type":"Point"},"properties":{"kind":"stop","name":"Rte 104 & Co Rte 53","stop_id":"15868"},"type":"Feature"},{"geometry":{"coordinates":[-76.45636,43.46348],"type":"Point"},"properties":{"kind":"stop","name":"Rte 104 & Simpson Dr","stop_id":"15869"},"type":"Feature"},{"geometry":{"coordinates":[-76.46891,43.46299],"type":"Point"},"properties":{"kind":"stop","name":"Rte 104 & Co Rte 63","stop_id":"15870"},"type":"Feature"},{"geometry":{"coordinates":[-76.4714,43.46291],"type":"Point"},"properties":{"kind":"stop","name":"Rte 104 & City Line Rd","stop_id":"15871"},"type":"Feature"},{"geometry":{"coordinates":[-76.48972,43.46061],"type":"Point"},"properties":{"kind":"stop","name":"Rte 104 & E 13th St","stop_id":"15873"},"type":"Feature"},{"geometry":{"coordinates":[-76.49212,43.46052],"type":"Point"},"properties":{"kind":"stop","name":"Rte 104 & E 12th St","stop_id":"15874"},"type":"Feature"},{"geometry":{"coordinates":[-76.49708,43.46046],"type":"Point"},"properties":{"kind":"stop","name":"Rte 104 & E 10th St","stop_id":"15878"},"type":"Feature"},{"geometry":{"coordinates":[-76.49921,43.46014],"type":"Point"},"properties":{"kind":"stop","name":"E Bridge St & E 9th St","stop_id":"15880"},"type":"Feature"},{"geometry":{"coordinates":[-76.50131,43.45952],"type":"Point"},"properties":{"kind":"stop","name":"E Bridge St & E 7th St","stop_id":"15882"},"type":"Feature"},{"geometry":{"coordinates":[-76.50236,43.45921],"type":"Point"},"properties":{"kind":"stop","name":"E Bridge St & E 6th St","stop_id":"15883"},"type":"Feature"},{"geometry":{"coordinates":[-76.50446,43.45858],"type":"Point"},"properties":{"kind":"stop","name":"E Bridge St & E 4th St","stop_id":"15885"},"type":"Feature"},{"geometry":{"coordinates":[-76.50776,43.4576],"type":"Point"},"properties":{"kind":"stop","name":"E Bridge St & E 1st St","stop_id":"15888"},"type":"Feature"},{"geometry":{"coordinates":[-76.48897,43.45114],"type":"Point"},"properties":{"kind":"stop","name":"Bunner St & Walnut St","stop_id":"15893"},"type":"Feature"},{"geometry":{"coordinates":[-76.14638,43.02792],"type":"Point"},"properties":{"kind":"stop","name":"S Salina St & E Borden Ave","stop_id":"159"},"type":"Feature"},{"geometry":{"coordinates":[-76.49085,43.45047],"type":"Point"},"properties":{"kind":"stop","name":"Hamilton Homes","stop_id":"15905"},"type":"Feature"},{"geometry":{"coordinates":[-76.49269,43.44985],"type":"Point"},"properties":{"kind":"stop","name":"Bunner St & Robinson St","stop_id":"15907"},"type":"Feature"},{"geometry":{"coordinates":[-76.49375,43.44958],"type":"Point"},"properties":{"kind":"stop","name":"Bunner St & E 9th St","stop_id":"15908"},"type":"Feature"},{"geometry":{"coordinates":[-76.49487,43.44932],"type":"Point"},"properties":{"kind":"stop","name":"Bunner St & E 8th St","stop_id":"15909"},"type":"Feature"},{"geometry":{"coordinates":[-76.49586,43.44905],"type":"Point"},"properties":{"kind":"stop","name":"Bunner St & E 7th St","stop_id":"15910"},"type":"Feature"},{"geometry":{"coordinates":[-76.49662,43.45041],"type":"Point"},"properties":{"kind":"stop","name":"E 7th St & Hamilton St","stop_id":"15911"},"type":"Feature"},{"geometry":{"coordinates":[-76.49718,43.45155],"type":"Point"},"properties":{"kind":"stop","name":"E 7th St & Church St","stop_id":"15912"},"type":"Feature"},{"geometry":{"coordinates":[-76.49791,43.45306],"type":"Point"},"properties":{"kind":"stop","name":"E 7th St & Lawrence St","stop_id":"15913"},"type":"Feature"},{"geometry":{"coordinates":[-76.49852,43.45429],"type":"Point"},"properties":{"kind":"stop","name":"E 7th St & E Albany St","stop_id":"15914"},"type":"Feature"},{"geometry":{"coordinates":[-76.49921,43.45553],"type":"Point"},"properties":{"kind":"stop","name":"E 7th St & E Utica St","stop_id":"15915"},"type":"Feature"},{"geometry":{"coordinates":[-76.50019,43.45545],"type":"Point"},"properties":{"kind":"stop","name":"E Utica St & E 6th St","stop_id":"15916"},"type":"Feature"},{"geometry":{"coordinates":[-76.50128,43.45513],"type":"Point"},"properties":{"kind":"stop","name":"E Utica St & E 5th St","stop_id":"15917"},"type":"Feature"},{"geometry":{"coordinates":[-76.50226,43.45484],"type":"Point"},"properties":{"kind":"stop","name":"E Utica St & E 4th St","stop_id":"15918"},"type":"Feature"},{"geometry":{"coordinates":[-76.50304,43.45587],"type":"Point"},"properties":{"kind":"stop","name":"E 4th St & E Mohawk St","stop_id":"15919"},"type":"Feature"},{"geometry":{"coordinates":[-76.14401,42.99138],"type":"Point"},"properties":{"kind":"stop","name":"S Salina St & Searlwyn Rd","stop_id":"1592"},"type":"Feature"},{"geometry":{"coordinates":[-76.50376,43.45714],"type":"Point"},"properties":{"kind":"stop","name":"E 4th St & E Oneida St","stop_id":"15920"},"type":"Feature"},{"geometry":{"coordinates":[-76.50447,43.45841],"type":"Point"},"properties":{"kind":"stop","name":"E 4th St & E Bridge St","stop_id":"15921"},"type":"Feature"},{"geometry":{"coordinates":[-76.14336,42.99597],"type":"Point"},"properties":{"kind":"stop","name":"S Salina St & Weymouth Rd","stop_id":"1593"},"type":"Feature"},{"geometry":{"coordinates":[-76.14407,42.99155],"type":"Point"},"properties":{"kind":"stop","name":"S Salina St & Searlwyn Rd","stop_id":"1595"},"type":"Feature"},{"geometry":{"coordinates":[-76.14347,42.99512],"type":"Point"},"properties":{"kind":"stop","name":"S Salina St & E Cheltenham Rd","stop_id":"1596"},"type":"Feature"},{"geometry":{"coordinates":[-76.48415,43.45135],"type":"Point"},"properties":{"kind":"stop","name":"East Ave & Magnolia Rd","stop_id":"15987"},"type":"Feature"},{"geometry":{"coordinates":[-76.48237,43.45099],"type":"Point"},"properties":{"kind":"stop","name":"East Ave & Christopher Circle","stop_id":"15988"},"type":"Feature"},{"geometry":{"coordinates":[-76.48073,43.45063],"type":"Point"},"properties":{"kind":"stop","name":"East Ave & Talisman Ter","stop_id":"15989"},"type":"Feature"},{"geometry":{"coordinates":[-76.14388,42.99225],"type":"Point"},"properties":{"kind":"stop","name":"S Salina St & Brampton Rd","stop_id":"1599"},"type":"Feature"},{"geometry":{"coordinates":[-76.47761,43.44992],"type":"Point"},"properties":{"kind":"stop","name":"East Ave & City Line Rd","stop_id":"15990"},"type":"Feature"},{"geometry":{"coordinates":[-76.47655,43.45197],"type":"Point"},"properties":{"kind":"stop","name":"City Line Rd & Skyline Dr","stop_id":"15991"},"type":"Feature"},{"geometry":{"coordinates":[-76.47518,43.45482],"type":"Point"},"properties":{"kind":"stop","name":"City Line Rd & Birch Ln","stop_id":"15992"},"type":"Feature"},{"geometry":{"coordinates":[-76.48652,43.46227],"type":"Point"},"properties":{"kind":"stop","name":"Price Chopper Plaza Osw","stop_id":"15998"},"type":"Feature"},{"geometry":{"coordinates":[-76.47143,43.45619],"type":"Point"},"properties":{"kind":"stop","name":"Beech Dr & Birch Ln","stop_id":"16004"},"type":"Feature"},{"geometry":{"coordinates":[-76.47517,43.45488],"type":"Point"},"properties":{"kind":"stop","name":"Birch Ln & City Line Rd","stop_id":"16005"},"type":"Feature"},{"geometry":{"coordinates":[-76.47658,43.45216],"type":"Point"},"properties":{"kind":"stop","name":"City Line Rd & Skyline Dr","stop_id":"16006"},"type":"Feature"},{"geometry":{"coordinates":[-76.47758,43.44996],"type":"Point"},"properties":{"kind":"stop","name":"City Line Rd & East Ave","stop_id":"16007"},"type":"Feature"},{"geometry":{"coordinates":[-76.48055,43.45062],"type":"Point"},"properties":{"kind":"stop","name":"East Ave & Talisman Ter","stop_id":"16008"},"type":"Feature"},{"geometry":{"coordinates":[-76.48223,43.45098],"type":"Point"},"properties":{"kind":"stop","name":"East Ave & Christopher Cir","stop_id":"16009"},"type":"Feature"},{"geometry":{"coordinates":[-76.14387,42.99293],"type":"Point"},"properties":{"kind":"stop","name":"S Salina St & Fiscoe Ave","stop_id":"1601"},"type":"Feature"},{"geometry":{"coordinates":[-76.48384,43.45132],"type":"Point"},"properties":{"kind":"stop","name":"East Ave & Magnolia Rd","stop_id":"16010"},"type":"Feature"},{"geometry":{"coordinates":[-76.48859,43.45134],"type":"Point"},"properties":{"kind":"stop","name":"Bunner St & Walnut St","stop_id":"16012"},"type":"Feature"},{"geometry":{"coordinates":[-76.52991,43.45383],"type":"Point"},"properties":{"kind":"stop","name":"Washington Blvd & 3rd Ave","stop_id":"16013"},"type":"Feature"},{"geometry":{"coordinates":[-76.53475,43.45367],"type":"Point"},"properties":{"kind":"stop","name":"Washington Blvd & Sheldon Ave","stop_id":"16016"},"type":"Feature"},{"geometry":{"coordinates":[-76.53758,43.45358],"type":"Point"},"properties":{"kind":"stop","name":"Washington Blvd & Baylis St","stop_id":"16019"},"type":"Feature"},{"geometry":{"coordinates":[-76.53033,43.45377],"type":"Point"},"properties":{"kind":"stop","name":"Washington Blvd & 3rd Ave","stop_id":"16023"},"type":"Feature"},{"geometry":{"coordinates":[-76.51769,43.45463],"type":"Point"},"properties":{"kind":"stop","name":"W Bridge St & W 7th St","stop_id":"16025"},"type":"Feature"},{"geometry":{"coordinates":[-76.14353,42.99529],"type":"Point"},"properties":{"kind":"stop","name":"S Salina St & W Cheltenham Rd","stop_id":"1604"},"type":"Feature"},{"geometry":{"coordinates":[-76.14375,42.99332],"type":"Point"},"properties":{"kind":"stop","name":"S Salina St & Harding Pl","stop_id":"1605"},"type":"Feature"},{"geometry":{"coordinates":[-76.5192,43.44992],"type":"Point"},"properties":{"kind":"stop","name":"W Utica St & Dublin St","stop_id":"16070"},"type":"Feature"},{"geometry":{"coordinates":[-76.52212,43.4498],"type":"Point"},"properties":{"kind":"stop","name":"W Utica St & Liberty St","stop_id":"16073"},"type":"Feature"},{"geometry":{"coordinates":[-76.5273,43.44962],"type":"Point"},"properties":{"kind":"stop","name":"W Utica St & Hillside Ave","stop_id":"16075"},"type":"Feature"},{"geometry":{"coordinates":[-76.53059,43.4495],"type":"Point"},"properties":{"kind":"stop","name":"W Utica St & 4th Ave","stop_id":"16082"},"type":"Feature"},{"geometry":{"coordinates":[-76.53153,43.44947],"type":"Point"},"properties":{"kind":"stop","name":"W Utica St & 5th Ave","stop_id":"16083"},"type":"Feature"},{"geometry":{"coordinates":[-76.53193,43.45153],"type":"Point"},"properties":{"kind":"stop","name":"5th Ave & Hwy 104","stop_id":"16084"},"type":"Feature"},{"geometry":{"coordinates":[-76.53242,43.45371],"type":"Point"},"properties":{"kind":"stop","name":"5th Ave & Washington Blvd","stop_id":"16085"},"type":"Feature"},{"geometry":{"coordinates":[-76.53227,43.45185],"type":"Point"},"properties":{"kind":"stop","name":"5th Ave & Hwy 104","stop_id":"16086"},"type":"Feature"},{"geometry":{"coordinates":[-76.53173,43.44946],"type":"Point"},"properties":{"kind":"stop","name":"5th Ave & W Utica St","stop_id":"16087"},"type":"Feature"},{"geometry":{"coordinates":[-76.53091,43.44945],"type":"Point"},"properties":{"kind":"stop","name":"W Utica St & 4th Ave","stop_id":"16088"},"type":"Feature"},{"geometry":{"coordinates":[-76.14363,42.99461],"type":"Point"},"properties":{"kind":"stop","name":"S Salina St & W Warrington Rd","stop_id":"1609"},"type":"Feature"},{"geometry":{"coordinates":[-76.52765,43.44956],"type":"Point"},"properties":{"kind":"stop","name":"W Utica St & Hillside Ave","stop_id":"16090"},"type":"Feature"},{"geometry":{"coordinates":[-76.5224,43.44974],"type":"Point"},"properties":{"kind":"stop","name":"W Utica St & Liberty St","stop_id":"16092"},"type":"Feature"},{"geometry":{"coordinates":[-76.52009,43.44985],"type":"Point"},"properties":{"kind":"stop","name":"W Utica St & Babcock St","stop_id":"16094"},"type":"Feature"},{"geometry":{"coordinates":[-76.516,43.44781],"type":"Point"},"properties":{"kind":"stop","name":"Erie St & SW 9th St","stop_id":"16107"},"type":"Feature"},{"geometry":{"coordinates":[-76.51246,43.44414],"type":"Point"},"properties":{"kind":"stop","name":"Ellen St & W 7th St","stop_id":"16115"},"type":"Feature"},{"geometry":{"coordinates":[-76.51065,43.4442],"type":"Point"},"properties":{"kind":"stop","name":"Ellen St & W 5th St","stop_id":"16116"},"type":"Feature"},{"geometry":{"coordinates":[-76.5082,43.44428],"type":"Point"},"properties":{"kind":"stop","name":"Ellen St & W 3rd St","stop_id":"16117"},"type":"Feature"},{"geometry":{"coordinates":[-76.50817,43.44625],"type":"Point"},"properties":{"kind":"stop","name":"W 3rd St & Varick St","stop_id":"16119"},"type":"Feature"},{"geometry":{"coordinates":[-76.14378,42.99363],"type":"Point"},"properties":{"kind":"stop","name":"S Salina St & Rosemont Dr","stop_id":"1612"},"type":"Feature"},{"geometry":{"coordinates":[-76.50902,43.44827],"type":"Point"},"properties":{"kind":"stop","name":"W 3rd St & Niagara St","stop_id":"16121"},"type":"Feature"},{"geometry":{"coordinates":[-76.50971,43.44951],"type":"Point"},"properties":{"kind":"stop","name":"W 3rd St & Erie St","stop_id":"16122"},"type":"Feature"},{"geometry":{"coordinates":[-76.50826,43.44644],"type":"Point"},"properties":{"kind":"stop","name":"W 3rd St & Varick St","stop_id":"16133"},"type":"Feature"},{"geometry":{"coordinates":[-76.5081,43.44432],"type":"Point"},"properties":{"kind":"stop","name":"W 3rd St & Ellen St","stop_id":"16134"},"type":"Feature"},{"geometry":{"coordinates":[-76.51031,43.44424],"type":"Point"},"properties":{"kind":"stop","name":"Ellen St & W 5th St","stop_id":"16135"},"type":"Feature"},{"geometry":{"coordinates":[-76.51242,43.44417],"type":"Point"},"properties":{"kind":"stop","name":"Ellen St & W 7th St","stop_id":"16136"},"type":"Feature"},{"geometry":{"coordinates":[-76.51426,43.44826],"type":"Point"},"properties":{"kind":"stop","name":"Erie St & W 7th St","stop_id":"16146"},"type":"Feature"},{"geometry":{"coordinates":[-76.53438,43.45025],"type":"Point"},"properties":{"kind":"stop","name":"SUNY Oswego Romney Lot Shelter","stop_id":"16160"},"type":"Feature"},{"geometry":{"coordinates":[-76.53483,43.45494],"type":"Point"},"properties":{"kind":"stop","name":"Sheldon Ave & Takamine Rd","stop_id":"16164"},"type":"Feature"},{"geometry":{"coordinates":[-76.53982,43.4567],"type":"Point"},"properties":{"kind":"stop","name":"Rudolph St & Centennial Dr","stop_id":"16168"},"type":"Feature"},{"geometry":{"coordinates":[-76.54277,43.4554],"type":"Point"},"properties":{"kind":"stop","name":"Walker Health Center","stop_id":"16169"},"type":"Feature"},{"geometry":{"coordinates":[-76.14361,42.99424],"type":"Point"},"properties":{"kind":"stop","name":"S Salina St & E Warrington Rd","stop_id":"1617"},"type":"Feature"},{"geometry":{"coordinates":[-76.54395,43.4543],"type":"Point"},"properties":{"kind":"stop","name":"Penfield Library","stop_id":"16170"},"type":"Feature"},{"geometry":{"coordinates":[-76.54991,43.45141],"type":"Point"},"properties":{"kind":"stop","name":"Rudolph St & Onondaga Hall","stop_id":"16182"},"type":"Feature"},{"geometry":{"coordinates":[-76.54508,43.45422],"type":"Point"},"properties":{"kind":"stop","name":"Penfield Library","stop_id":"16183"},"type":"Feature"},{"geometry":{"coordinates":[-76.54247,43.45547],"type":"Point"},"properties":{"kind":"stop","name":"Walker Health Center","stop_id":"16184"},"type":"Feature"},{"geometry":{"coordinates":[-76.54003,43.45657],"type":"Point"},"properties":{"kind":"stop","name":"Rudolph St & Centennial Dr","stop_id":"16185"},"type":"Feature"},{"geometry":{"coordinates":[-76.47732,43.41814],"type":"Point"},"properties":{"kind":"stop","name":"Co Route 57 & Highland Dr","stop_id":"16188"},"type":"Feature"},{"geometry":{"coordinates":[-76.47465,43.41256],"type":"Point"},"properties":{"kind":"stop","name":"Co Route 57 & Dutch Ridge Rd","stop_id":"16189"},"type":"Feature"},{"geometry":{"coordinates":[-76.47043,43.40084],"type":"Point"},"properties":{"kind":"stop","name":"Co Rt 57 & Co Rt 45","stop_id":"16190"},"type":"Feature"},{"geometry":{"coordinates":[-76.27485,43.19176],"type":"Point"},"properties":{"kind":"stop","name":"State Route 57 & Gaskin Rd","stop_id":"16193"},"type":"Feature"},{"geometry":{"coordinates":[-76.26786,43.18546],"type":"Point"},"properties":{"kind":"stop","name":"Route 57 & Linda Ln","stop_id":"16194"},"type":"Feature"},{"geometry":{"coordinates":[-76.2528,43.17647],"type":"Point"},"properties":{"kind":"stop","name":"Oswego Rd & Mendenhall Dr","stop_id":"16201"},"type":"Feature"},{"geometry":{"coordinates":[-76.25086,43.1756],"type":"Point"},"properties":{"kind":"stop","name":"Oswego Rd & Anguilla Dr","stop_id":"16203"},"type":"Feature"},{"geometry":{"coordinates":[-76.21203,43.11249],"type":"Point"},"properties":{"kind":"stop","name":"Oswego St & Meyers Rd","stop_id":"16209"},"type":"Feature"},{"geometry":{"coordinates":[-76.22785,43.14117],"type":"Point"},"properties":{"kind":"stop","name":"Oswego Rd & Bel Harbor Dr","stop_id":"16211"},"type":"Feature"},{"geometry":{"coordinates":[-76.25144,43.17591],"type":"Point"},"properties":{"kind":"stop","name":"Oswego Rd & Canvasback Dr","stop_id":"16214"},"type":"Feature"},{"geometry":{"coordinates":[-76.26107,43.18018],"type":"Point"},"properties":{"kind":"stop","name":"Oswego Rd & Route 31","stop_id":"16215"},"type":"Feature"},{"geometry":{"coordinates":[-76.22634,43.17102],"type":"Point"},"properties":{"kind":"stop","name":"Soule Rd & Fairway Dr E","stop_id":"16216"},"type":"Feature"},{"geometry":{"coordinates":[-76.23893,43.18542],"type":"Point"},"properties":{"kind":"stop","name":"Route 31 & Carling Rd","stop_id":"16219"},"type":"Feature"},{"geometry":{"coordinates":[-76.24428,43.18519],"type":"Point"},"properties":{"kind":"stop","name":"Route 31 & Dell Center Dr","stop_id":"16220"},"type":"Feature"},{"geometry":{"coordinates":[-76.26108,43.18032],"type":"Point"},"properties":{"kind":"stop","name":"Route 31 & Route 57","stop_id":"16221"},"type":"Feature"},{"geometry":{"coordinates":[-76.26758,43.1853],"type":"Point"},"properties":{"kind":"stop","name":"Route 57 & Linda Ln","stop_id":"16222"},"type":"Feature"},{"geometry":{"coordinates":[-76.27757,43.20088],"type":"Point"},"properties":{"kind":"stop","name":"Route 57 & Maider Rd","stop_id":"16224"},"type":"Feature"},{"geometry":{"coordinates":[-76.28514,43.21755],"type":"Point"},"properties":{"kind":"stop","name":"Co Route 57 & Co Route 57A","stop_id":"16225"},"type":"Feature"},{"geometry":{"coordinates":[-76.29478,43.22541],"type":"Point"},"properties":{"kind":"stop","name":"Main St & Chestnut St","stop_id":"16226"},"type":"Feature"},{"geometry":{"coordinates":[-76.4051,43.31354],"type":"Point"},"properties":{"kind":"stop","name":"S 2nd St & Fay St","stop_id":"16227"},"type":"Feature"},{"geometry":{"coordinates":[-76.40914,43.31522],"type":"Point"},"properties":{"kind":"stop","name":"S 2nd St & Division St","stop_id":"16229"},"type":"Feature"},{"geometry":{"coordinates":[-76.47446,43.41229],"type":"Point"},"properties":{"kind":"stop","name":"Rte 57 & Dutch Ridge Rd","stop_id":"16233"},"type":"Feature"},{"geometry":{"coordinates":[-76.4771,43.41798],"type":"Point"},"properties":{"kind":"stop","name":"Co Rte 57 & Highland Dr","stop_id":"16234"},"type":"Feature"},{"geometry":{"coordinates":[-76.48157,43.42855],"type":"Point"},"properties":{"kind":"stop","name":"Rte 57 & Churchill Rd","stop_id":"16235"},"type":"Feature"},{"geometry":{"coordinates":[-76.14633,43.0322],"type":"Point"},"properties":{"kind":"stop","name":"Dunbar Center","stop_id":"16238"},"type":"Feature"},{"geometry":{"coordinates":[-76.14637,43.0322],"type":"Point"},"properties":{"kind":"stop","name":"Dunbar Center","stop_id":"16241"},"type":"Feature"},{"geometry":{"coordinates":[-76.15888,43.03522],"type":"Point"},"properties":{"kind":"stop","name":"SW Community Center","stop_id":"16244"},"type":"Feature"},{"geometry":{"coordinates":[-76.1234,43.0554],"type":"Point"},"properties":{"kind":"stop","name":"Ludovico Apartments","stop_id":"16245"},"type":"Feature"},{"geometry":{"coordinates":[-76.08712,43.06894],"type":"Point"},"properties":{"kind":"stop","name":"Wegmans - James St & Thompson Rd","stop_id":"16246"},"type":"Feature"},{"geometry":{"coordinates":[-76.07784,43.08546],"type":"Point"},"properties":{"kind":"stop","name":"Barrett Manor East","stop_id":"16247"},"type":"Feature"},{"geometry":{"coordinates":[-76.14723,43.11592],"type":"Point"},"properties":{"kind":"stop","name":"Pitcher Hill Apts","stop_id":"16248"},"type":"Feature"},{"geometry":{"coordinates":[-76.1262,43.13623],"type":"Point"},"properties":{"kind":"stop","name":"Malta Manor","stop_id":"16250"},"type":"Feature"},{"geometry":{"coordinates":[-76.12072,42.99593],"type":"Point"},"properties":{"kind":"stop","name":"Barret Manor","stop_id":"16253"},"type":"Feature"},{"geometry":{"coordinates":[-76.15893,43.03521],"type":"Point"},"properties":{"kind":"stop","name":"SW Community Center","stop_id":"16256"},"type":"Feature"},{"geometry":{"coordinates":[-76.15885,43.02595],"type":"Point"},"properties":{"kind":"stop","name":"South Ave & E Bissel St","stop_id":"16257"},"type":"Feature"},{"geometry":{"coordinates":[-76.33906,43.16889],"type":"Point"},"properties":{"kind":"stop","name":"Saint Mary's Apartments","stop_id":"16259"},"type":"Feature"},{"geometry":{"coordinates":[-76.35081,43.15394],"type":"Point"},"properties":{"kind":"stop","name":"River Mall","stop_id":"16261"},"type":"Feature"},{"geometry":{"coordinates":[-76.11967,43.17265],"type":"Point"},"properties":{"kind":"stop","name":"Sacred Heart Apts","stop_id":"16263"},"type":"Feature"},{"geometry":{"coordinates":[-76.1321,43.22864],"type":"Point"},"properties":{"kind":"stop","name":"Bayshore North Apts","stop_id":"16264"},"type":"Feature"},{"geometry":{"coordinates":[-76.13587,43.22956],"type":"Point"},"properties":{"kind":"stop","name":"Rogers Apts","stop_id":"16265"},"type":"Feature"},{"geometry":{"coordinates":[-76.14551,43.05336],"type":"Point"},"properties":{"kind":"stop","name":"Moses DeWitt Apts","stop_id":"16266"},"type":"Feature"},{"geometry":{"coordinates":[-76.13981,43.05552],"type":"Point"},"properties":{"kind":"stop","name":"Regency Tower Apts","stop_id":"16267"},"type":"Feature"},{"geometry":{"coordinates":[-76.14248,43.05648],"type":"Point"},"properties":{"kind":"stop","name":"Villa Scalabrini","stop_id":"16268"},"type":"Feature"},{"geometry":{"coordinates":[-76.10296,43.04593],"type":"Point"},"properties":{"kind":"stop","name":"Brick School Terrace","stop_id":"16269"},"type":"Feature"},{"geometry":{"coordinates":[-76.13849,43.05534],"type":"Point"},"properties":{"kind":"stop","name":"Ross Towers","stop_id":"16273"},"type":"Feature"},{"geometry":{"coordinates":[-76.10248,43.06248],"type":"Point"},"properties":{"kind":"stop","name":"Eastwood Heights","stop_id":"16274"},"type":"Feature"},{"geometry":{"coordinates":[-76.10305,43.0706],"type":"Point"},"properties":{"kind":"stop","name":"Saint Joseph's Manor","stop_id":"16275"},"type":"Feature"},{"geometry":{"coordinates":[-76.07992,43.05244],"type":"Point"},"properties":{"kind":"stop","name":"Swiss Village Apts","stop_id":"16277"},"type":"Feature"},{"geometry":{"coordinates":[-76.13589,43.04536],"type":"Point"},"properties":{"kind":"stop","name":"McCarthy Manor","stop_id":"16278"},"type":"Feature"},{"geometry":{"coordinates":[-76.15363,43.04529],"type":"Point"},"properties":{"kind":"stop","name":"Clinton Plaza","stop_id":"16279"},"type":"Feature"},{"geometry":{"coordinates":[-76.19506,43.03133],"type":"Point"},"properties":{"kind":"stop","name":"Onondaga Senior Apts","stop_id":"16280"},"type":"Feature"},{"geometry":{"coordinates":[-76.1611,43.07199],"type":"Point"},"properties":{"kind":"stop","name":"Salina School Apts","stop_id":"16283"},"type":"Feature"},{"geometry":{"coordinates":[-76.15858,43.06797],"type":"Point"},"properties":{"kind":"stop","name":"Fahey Court","stop_id":"16284"},"type":"Feature"},{"geometry":{"coordinates":[-76.15074,43.06422],"type":"Point"},"properties":{"kind":"stop","name":"Pompei North Apts","stop_id":"16285"},"type":"Feature"},{"geometry":{"coordinates":[-76.15161,43.06464],"type":"Point"},"properties":{"kind":"stop","name":"Bishop Harrison House","stop_id":"16286"},"type":"Feature"},{"geometry":{"coordinates":[-76.19646,43.01425],"type":"Point"},"properties":{"kind":"stop","name":"Ahepa 37 Apts","stop_id":"16291"},"type":"Feature"},{"geometry":{"coordinates":[-76.15629,43.05737],"type":"Point"},"properties":{"kind":"stop","name":"Franklin Square Apts","stop_id":"16294"},"type":"Feature"},{"geometry":{"coordinates":[-76.01973,43.03093],"type":"Point"},"properties":{"kind":"stop","name":"Tops Town Center","stop_id":"16295"},"type":"Feature"},{"geometry":{"coordinates":[-76.00013,43.07724],"type":"Point"},"properties":{"kind":"stop","name":"Eastview Apartments","stop_id":"16296"},"type":"Feature"},{"geometry":{"coordinates":[-76.14932,43.04777],"type":"Point"},"properties":{"kind":"stop","name":"YMCA Syracuse","stop_id":"16304"},"type":"Feature"},{"geometry":{"coordinates":[-76.53515,43.44527],"type":"Point"},"properties":{"kind":"stop","name":"Laker Hall","stop_id":"16306"},"type":"Feature"},{"geometry":{"coordinates":[-76.44793,43.32381],"type":"Point"},"properties":{"kind":"stop","name":"Walmart - Fulton","stop_id":"16307"},"type":"Feature"},{"geometry":{"coordinates":[-76.50919,43.45283],"type":"Point"},"properties":{"kind":"stop","name":"W 1St St & W Utica St","stop_id":"16314"},"type":"Feature"},{"geometry":{"coordinates":[-76.51045,43.45522],"type":"Point"},"properties":{"kind":"stop","name":"W 1st St & W Oneida St","stop_id":"16317"},"type":"Feature"},{"geometry":{"coordinates":[-76.54078,42.95998],"type":"Point"},"properties":{"kind":"stop","name":"Grant Ave & Gates Rd","stop_id":"16326"},"type":"Feature"},{"geometry":{"coordinates":[-76.58173,42.93969],"type":"Point"},"properties":{"kind":"stop","name":"Pulaski St & Perrine St","stop_id":"16328"},"type":"Feature"},{"geometry":{"coordinates":[-76.11978,43.04554],"type":"Point"},"properties":{"kind":"stop","name":"E Genesee St & Westcott St","stop_id":"1635"},"type":"Feature"},{"geometry":{"coordinates":[-76.54826,42.948],"type":"Point"},"properties":{"kind":"stop","name":"Grant Ave & McIntosh Dr","stop_id":"16353"},"type":"Feature"},{"geometry":{"coordinates":[-76.13543,43.02621],"type":"Point"},"properties":{"kind":"stop","name":"E Colvin St & Jamesville Ave","stop_id":"1639"},"type":"Feature"},{"geometry":{"coordinates":[-76.13554,43.02613],"type":"Point"},"properties":{"kind":"stop","name":"Jamesville Ave & E Colvin St","stop_id":"1640"},"type":"Feature"},{"geometry":{"coordinates":[-76.1379,43.04176],"type":"Point"},"properties":{"kind":"stop","name":"Irving Ave & Crouse Hospital","stop_id":"1646"},"type":"Feature"},{"geometry":{"coordinates":[-76.13102,43.01913],"type":"Point"},"properties":{"kind":"stop","name":"Jamesville Ave & Thurber St","stop_id":"1649"},"type":"Feature"},{"geometry":{"coordinates":[-76.13754,43.01725],"type":"Point"},"properties":{"kind":"stop","name":"E Brighton Ave & Thurber St","stop_id":"1655"},"type":"Feature"},{"geometry":{"coordinates":[-76.14651,43.02807],"type":"Point"},"properties":{"kind":"stop","name":"S Salina St & W Borden Ave","stop_id":"166"},"type":"Feature"},{"geometry":{"coordinates":[-76.13801,43.03935],"type":"Point"},"properties":{"kind":"stop","name":"Irving Ave & University Pl","stop_id":"1661"},"type":"Feature"},{"geometry":{"coordinates":[-76.13941,43.00862],"type":"Point"},"properties":{"kind":"stop","name":"Bernardine Apts","stop_id":"1665"},"type":"Feature"},{"geometry":{"coordinates":[-76.5561,42.93338],"type":"Point"},"properties":{"kind":"stop","name":"E Genesee St & Chestnut St","stop_id":"16704"},"type":"Feature"},{"geometry":{"coordinates":[-76.55298,42.93351],"type":"Point"},"properties":{"kind":"stop","name":"E Genesee St & Morris St","stop_id":"16706"},"type":"Feature"},{"geometry":{"coordinates":[-76.55126,42.93356],"type":"Point"},"properties":{"kind":"stop","name":"E Genesee St & Sherman St","stop_id":"16707"},"type":"Feature"},{"geometry":{"coordinates":[-76.55416,42.93346],"type":"Point"},"properties":{"kind":"stop","name":"E Genesee St & Howard St","stop_id":"16709"},"type":"Feature"},{"geometry":{"coordinates":[-76.54873,42.93365],"type":"Point"},"properties":{"kind":"stop","name":"E Genesee St & Maple St","stop_id":"16710"},"type":"Feature"},{"geometry":{"coordinates":[-76.54714,42.93373],"type":"Point"},"properties":{"kind":"stop","name":"E Genesee St & Seward Ave","stop_id":"16711"},"type":"Feature"},{"geometry":{"coordinates":[-76.54559,42.93384],"type":"Point"},"properties":{"kind":"stop","name":"E Genesee St & Hoopes Ave","stop_id":"16712"},"type":"Feature"},{"geometry":{"coordinates":[-76.54414,42.93398],"type":"Point"},"properties":{"kind":"stop","name":"E Genesee St & Herman Ave","stop_id":"16713"},"type":"Feature"},{"geometry":{"coordinates":[-76.5411,42.93436],"type":"Point"},"properties":{"kind":"stop","name":"E Genesee St & Marvine Ave","stop_id":"16714"},"type":"Feature"},{"geometry":{"coordinates":[-76.53996,42.93449],"type":"Point"},"properties":{"kind":"stop","name":"E Genesee St & Alden Ave","stop_id":"16715"},"type":"Feature"},{"geometry":{"coordinates":[-76.53879,42.93463],"type":"Point"},"properties":{"kind":"stop","name":"E Genesee St & Linn Ave","stop_id":"16716"},"type":"Feature"},{"geometry":{"coordinates":[-76.53766,42.93481],"type":"Point"},"properties":{"kind":"stop","name":"E Genesee St & Hunter Ave","stop_id":"16717"},"type":"Feature"},{"geometry":{"coordinates":[-76.53512,42.93518],"type":"Point"},"properties":{"kind":"stop","name":"E Genesee St & Wegman St","stop_id":"16719"},"type":"Feature"},{"geometry":{"coordinates":[-76.53346,42.93536],"type":"Point"},"properties":{"kind":"stop","name":"E Genesee St & John Smith Ave","stop_id":"16721"},"type":"Feature"},{"geometry":{"coordinates":[-76.52976,42.93577],"type":"Point"},"properties":{"kind":"stop","name":"E Genesee St & Butera Dr","stop_id":"16723"},"type":"Feature"},{"geometry":{"coordinates":[-76.5258,42.93617],"type":"Point"},"properties":{"kind":"stop","name":"E Genesee St & Walker Rd","stop_id":"16724"},"type":"Feature"},{"geometry":{"coordinates":[-76.5092,42.93808],"type":"Point"},"properties":{"kind":"stop","name":"E Genesee St & Town Hall Rd","stop_id":"16725"},"type":"Feature"},{"geometry":{"coordinates":[-76.50681,42.93836],"type":"Point"},"properties":{"kind":"stop","name":"E Genesee St & Pine Ridge Rd","stop_id":"16726"},"type":"Feature"},{"geometry":{"coordinates":[-76.49944,42.93935],"type":"Point"},"properties":{"kind":"stop","name":"E Genesee St & Beech Rd","stop_id":"16727"},"type":"Feature"},{"geometry":{"coordinates":[-76.49027,42.94044],"type":"Point"},"properties":{"kind":"stop","name":"E Genesee St & Swamp Rd","stop_id":"16728"},"type":"Feature"},{"geometry":{"coordinates":[-76.47969,42.94167],"type":"Point"},"properties":{"kind":"stop","name":"E Genesee St & Mandy Rue","stop_id":"16729"},"type":"Feature"},{"geometry":{"coordinates":[-76.47151,42.94262],"type":"Point"},"properties":{"kind":"stop","name":"E Genesee St & Broadway Rd","stop_id":"16730"},"type":"Feature"},{"geometry":{"coordinates":[-76.45854,42.94336],"type":"Point"},"properties":{"kind":"stop","name":"E Genesee St & County Line Rd","stop_id":"16731"},"type":"Feature"},{"geometry":{"coordinates":[-76.45212,42.94376],"type":"Point"},"properties":{"kind":"stop","name":"W Genesee St & Hillside Dr","stop_id":"16732"},"type":"Feature"},{"geometry":{"coordinates":[-76.43989,42.94448],"type":"Point"},"properties":{"kind":"stop","name":"W Genesee St & Fuller St","stop_id":"16733"},"type":"Feature"},{"geometry":{"coordinates":[-76.43726,42.94465],"type":"Point"},"properties":{"kind":"stop","name":"W Genesee St & Kane Ave","stop_id":"16734"},"type":"Feature"},{"geometry":{"coordinates":[-76.43503,42.94481],"type":"Point"},"properties":{"kind":"stop","name":"W Genesee St & Griffin St","stop_id":"16735"},"type":"Feature"},{"geometry":{"coordinates":[-76.4322,42.94498],"type":"Point"},"properties":{"kind":"stop","name":"W Genesee St & Lake St","stop_id":"16736"},"type":"Feature"},{"geometry":{"coordinates":[-76.3405,42.98876],"type":"Point"},"properties":{"kind":"stop","name":"North St & Learners Ldg","stop_id":"16741"},"type":"Feature"},{"geometry":{"coordinates":[-76.34007,42.99116],"type":"Point"},"properties":{"kind":"stop","name":"North St & Mustang Hl","stop_id":"16742"},"type":"Feature"},{"geometry":{"coordinates":[-76.33928,42.99288],"type":"Point"},"properties":{"kind":"stop","name":"North St & Scotch Hill Rd","stop_id":"16743"},"type":"Feature"},{"geometry":{"coordinates":[-76.33343,42.99383],"type":"Point"},"properties":{"kind":"stop","name":"Howlett Hill Rd & Candlewick Ln","stop_id":"16744"},"type":"Feature"},{"geometry":{"coordinates":[-76.33253,42.99683],"type":"Point"},"properties":{"kind":"stop","name":"Howlett Hill Rd & Roman Dr","stop_id":"16745"},"type":"Feature"},{"geometry":{"coordinates":[-76.32997,43.00315],"type":"Point"},"properties":{"kind":"stop","name":"Howlett Hill Rd & Falls Rd","stop_id":"16746"},"type":"Feature"},{"geometry":{"coordinates":[-76.33005,43.00899],"type":"Point"},"properties":{"kind":"stop","name":"Howlett Hill Rd & Dunbar Woods Rd","stop_id":"16747"},"type":"Feature"},{"geometry":{"coordinates":[-76.24256,43.01372],"type":"Point"},"properties":{"kind":"stop","name":"Howlett Hill Rd & Stetson Cir","stop_id":"16748"},"type":"Feature"},{"geometry":{"coordinates":[-76.23881,43.01303],"type":"Point"},"properties":{"kind":"stop","name":"Howlett Hill Rd & Westview Dr","stop_id":"16749"},"type":"Feature"},{"geometry":{"coordinates":[-76.13911,43.03587],"type":"Point"},"properties":{"kind":"stop","name":"E Raynor Ave & Stadium Pl","stop_id":"1675"},"type":"Feature"},{"geometry":{"coordinates":[-76.23618,43.01243],"type":"Point"},"properties":{"kind":"stop","name":"Howlett Hill Rd & Sherwood Dr","stop_id":"16750"},"type":"Feature"},{"geometry":{"coordinates":[-76.23473,43.01213],"type":"Point"},"properties":{"kind":"stop","name":"Howlett Hill Rd & Prairieview","stop_id":"16751"},"type":"Feature"},{"geometry":{"coordinates":[-76.23168,43.01208],"type":"Point"},"properties":{"kind":"stop","name":"Howlett Hill Rd & Copperfield Rd","stop_id":"16752"},"type":"Feature"},{"geometry":{"coordinates":[-76.22385,43.0245],"type":"Point"},"properties":{"kind":"stop","name":"Split Rock Rd & Onondaga Rd","stop_id":"16753"},"type":"Feature"},{"geometry":{"coordinates":[-76.17382,43.03974],"type":"Point"},"properties":{"kind":"stop","name":"Grand Ave & Delaware St","stop_id":"16755"},"type":"Feature"},{"geometry":{"coordinates":[-76.22395,43.02433],"type":"Point"},"properties":{"kind":"stop","name":"Fay Rd & Onondaga Rd","stop_id":"16756"},"type":"Feature"},{"geometry":{"coordinates":[-76.23153,43.01213],"type":"Point"},"properties":{"kind":"stop","name":"Howlett Hill Rd & Copperfield Rd","stop_id":"16757"},"type":"Feature"},{"geometry":{"coordinates":[-76.23453,43.01216],"type":"Point"},"properties":{"kind":"stop","name":"Howlett Hill Rd & Prairieview Dr","stop_id":"16758"},"type":"Feature"},{"geometry":{"coordinates":[-76.23898,43.01315],"type":"Point"},"properties":{"kind":"stop","name":"Howlett Hill Rd & Stagecoach Rd","stop_id":"16759"},"type":"Feature"},{"geometry":{"coordinates":[-76.24231,43.01376],"type":"Point"},"properties":{"kind":"stop","name":"Howlett Hill Rd & Stetson Cir","stop_id":"16760"},"type":"Feature"},{"geometry":{"coordinates":[-76.33922,42.99301],"type":"Point"},"properties":{"kind":"stop","name":"Scotch Hill Rd & North St","stop_id":"16762"},"type":"Feature"},{"geometry":{"coordinates":[-76.34011,42.99128],"type":"Point"},"properties":{"kind":"stop","name":"North St & Mustang Hl","stop_id":"16763"},"type":"Feature"},{"geometry":{"coordinates":[-76.34061,42.98893],"type":"Point"},"properties":{"kind":"stop","name":"North St & Learners Ldg","stop_id":"16764"},"type":"Feature"},{"geometry":{"coordinates":[-76.43189,42.94506],"type":"Point"},"properties":{"kind":"stop","name":"W Genesee St & Hannum St","stop_id":"16769"},"type":"Feature"},{"geometry":{"coordinates":[-76.43484,42.94488],"type":"Point"},"properties":{"kind":"stop","name":"W Genesee St & Griffin St","stop_id":"16770"},"type":"Feature"},{"geometry":{"coordinates":[-76.4397,42.94453],"type":"Point"},"properties":{"kind":"stop","name":"W Genesee St & Fuller St","stop_id":"16772"},"type":"Feature"},{"geometry":{"coordinates":[-76.45197,42.94382],"type":"Point"},"properties":{"kind":"stop","name":"W Genesee St & Hillside Dr","stop_id":"16773"},"type":"Feature"},{"geometry":{"coordinates":[-76.45835,42.94341],"type":"Point"},"properties":{"kind":"stop","name":"W Genesee St & County Line Rd","stop_id":"16774"},"type":"Feature"},{"geometry":{"coordinates":[-76.47135,42.94269],"type":"Point"},"properties":{"kind":"stop","name":"E Genesee St & Broadway Rd","stop_id":"16775"},"type":"Feature"},{"geometry":{"coordinates":[-76.47958,42.94173],"type":"Point"},"properties":{"kind":"stop","name":"E Genesee St & Mandy Rue","stop_id":"16776"},"type":"Feature"},{"geometry":{"coordinates":[-76.49013,42.94051],"type":"Point"},"properties":{"kind":"stop","name":"E Genesee St & Swamp Rd","stop_id":"16777"},"type":"Feature"},{"geometry":{"coordinates":[-76.49931,42.93942],"type":"Point"},"properties":{"kind":"stop","name":"E Genesee St & Beech Rd","stop_id":"16778"},"type":"Feature"},{"geometry":{"coordinates":[-76.50667,42.93851],"type":"Point"},"properties":{"kind":"stop","name":"E Genesee St & Pine Ridge Rd","stop_id":"16779"},"type":"Feature"},{"geometry":{"coordinates":[-76.50905,42.93825],"type":"Point"},"properties":{"kind":"stop","name":"E Genesee St & Town Hall Rd","stop_id":"16780"},"type":"Feature"},{"geometry":{"coordinates":[-76.52565,42.93634],"type":"Point"},"properties":{"kind":"stop","name":"E Genesee St & Walker Rd","stop_id":"16781"},"type":"Feature"},{"geometry":{"coordinates":[-76.5296,42.93585],"type":"Point"},"properties":{"kind":"stop","name":"E Genesee St & Butrea Dr","stop_id":"16782"},"type":"Feature"},{"geometry":{"coordinates":[-76.53253,42.93552],"type":"Point"},"properties":{"kind":"stop","name":"E Genesee St & Kenwood Rd","stop_id":"16783"},"type":"Feature"},{"geometry":{"coordinates":[-76.53491,42.93526],"type":"Point"},"properties":{"kind":"stop","name":"E Genesee St & Wegman St","stop_id":"16786"},"type":"Feature"},{"geometry":{"coordinates":[-76.53743,42.93497],"type":"Point"},"properties":{"kind":"stop","name":"E Genesee St & Hunter Ave","stop_id":"16788"},"type":"Feature"},{"geometry":{"coordinates":[-76.53864,42.93487],"type":"Point"},"properties":{"kind":"stop","name":"E Genesee St & Linn Ave","stop_id":"16789"},"type":"Feature"}],"type":"FeatureCollection"}
