{"features":[{"geometry":{"coordinates":[[-75.54946,39.73706],[-75.54923,39.73748],[-75.54968,39.73765],[-75.54655,39.74231],[-75.54748,39.74268],[-75.54604,39.74483],[-75.54968,39.74633],[-75.55059,39.74711],[-75.54961,39.74856],[-75.55061,39.74897],[-75.54652,39.75492],[-75.55026,39.7599],[-75.54242,39.7634],[-75.54447,39.77665],[-75.54519,39.78017],[-75.54766,39.79904],[-75.54963,39.8116],[-75.54963,39.81423],[-75.54872,39.81721],[-75.5476,39.81974],[-75.54712,39.82041],[-75.546,39.82015],[-75.545,39.82216],[-75.54578,39.82269],[-75.5458,39.82321],[-75.54553,39.82346],[-75.54432,39.82375],[-75.54414,39.82418],[-75.54388,39.82513],[-75.54472,39.82535],[-75.545,39.82575],[-75.54425,39.82849],[-75.54388,39.82869],[-75.5402,39.82912],[-75.54023,39.82993],[-75.5388,39.82979],[-75.53479,39.83061],[-75.5341,39.83088],[-75.53365,39.8313],[-75.53421,39.83152],[-75.53494,39.83106]],"type":"LineString"},"properties":{"color":"#FF0000","color_name":"red","kind":"route","label":"002","long":"Concord Pike","route_id":"8143","text_color":"#000000","type_label":"Bus"},"type":"Feature"},{"geometry":{"coordinates":[[-75.62201,39.73689],[-75.62243,39.73689],[-75.62307,39.73924],[-75.62383,39.74458],[-75.62395,39.74585],[-75.62377,39.74627],[-75.61579,39.74878],[-75.61003,39.74785],[-75.60932,39.75322],[-75.60885,39.75442],[-75.60829,39.75523],[-75.60421,39.75855],[-75.60381,39.75856],[-75.60028,39.75713],[-75.59996,39.7576],[-75.59982,39.75838],[-75.60012,39.75923],[-75.60038,39.75932],[-75.60048,39.75908],[-75.60009,39.75879],[-75.59994,39.75832],[-75.60042,39.75718],[-75.58174,39.74976],[-75.58009,39.75214],[-75.55255,39.74094],[-75.54848,39.74699],[-75.53851,39.74293],[-75.53439,39.7445],[-75.53148,39.74598],[-75.52512,39.75196],[-75.52186,39.75345],[-75.51955,39.7537],[-75.5134,39.75269],[-75.51081,39.75258],[-75.50461,39.75317],[-75.5089,39.75688],[-75.50995,39.75837],[-75.50743,39.75947],[-75.5054,39.75905],[-75.50407,39.75908],[-75.5008,39.7571],[-75.49958,39.75662],[-75.49859,39.755],[-75.49504,39.75614],[-75.49318,39.757],[-75.49866,39.76032],[-75.49769,39.76101],[-75.49247,39.76592],[-75.48837,39.76358],[-75.48887,39.7633]],"type":"LineString"},"properties":{"color":"#008000","color_name":"green","kind":"route","label":"004","long":"W 4th Street / Governor Printz Blvd","route_id":"8144","text_color":"#000000","type_label":"Bus"},"type":"Feature"},{"geometry":{"coordinates":[[-75.65042,39.6797],[-75.65043,39.6807],[-75.65145,39.68167],[-75.65148,39.68203],[-75.65407,39.68185],[-75.65506,39.68144],[-75.65567,39.68085],[-75.65584,39.68054],[-75.65564,39.68048],[-75.65577,39.67966],[-75.65603,39.67966],[-75.65604,39.67911],[-75.65571,39.67756],[-75.65488,39.67665],[-75.65282,39.67543],[-75.65336,39.67479],[-75.65389,39.67471],[-75.65463,39.67545],[-75.65621,39.67793],[-75.65675,39.68107],[-75.65646,39.6831],[-75.65571,39.68566],[-75.65369,39.69044],[-75.65143,39.69699],[-75.65627,39.69706],[-75.65808,39.69692],[-75.66508,39.6954],[-75.66649,39.69492],[-75.66791,39.69408],[-75.67255,39.69051],[-75.6704,39.68891],[-75.66927,39.68952],[-75.67003,39.69038],[-75.67173,39.69004],[-75.67211,39.69022],[-75.67213,39.69046],[-75.6687,39.6932],[-75.67144,39.69401],[-75.6727,39.69597],[-75.6749,39.69773],[-75.67556,39.69893],[-75.67651,39.70176],[-75.6764,39.70204],[-75.66447,39.70758],[-75.66132,39.70793],[-75.6567,39.70913],[-75.65289,39.70931],[-75.65211,39.70906],[-75.65061,39.71085],[-75.64972,39.71155],[-75.64774,39.71205],[-75.63819,39.71578],[-75.63149,39.7159],[-75.61385,39.71349],[-75.61246,39.71348],[-75.60656,39.71409],[-75.58602,39.72851],[-75.58112,39.73168],[-75.57969,39.73239],[-75.56228,39.73932],[-75.562,39.74041],[-75.55967,39.74383],[-75.5504,39.74004],[-75.55159,39.73832],[-75.55208,39.73813],[-75.55274,39.73829],[-75.55291,39.73804],[-75.54968,39.73672],[-75.54946,39.73706]],"type":"LineString"},"properties":{"color":"#00FFFF","color_name":"teal","kind":"route","label":"005","long":"Maryland Ave / Christiana Mall","route_id":"8145","text_color":"#000000","type_label":"Bus"},"type":"Feature"},{"geometry":{"coordinates":[[-75.74334,39.68212],[-75.74264,39.68202],[-75.7424,39.68117],[-75.74204,39.68098],[-75.73622,39.68162],[-75.7367,39.68558],[-75.73495,39.68788],[-75.73314,39.68922],[-75.72635,39.69141],[-75.72167,39.69378],[-75.7196,39.69459],[-75.71483,39.69584],[-75.70946,39.69781],[-75.68739,39.705],[-75.68621,39.70572],[-75.67109,39.71702],[-75.64012,39.73303],[-75.63782,39.73395],[-75.63062,39.73586],[-75.6262,39.73206],[-75.62282,39.7359],[-75.62169,39.73613],[-75.6215,39.73666],[-75.62171,39.73677],[-75.62176,39.7361],[-75.62239,39.73603],[-75.62228,39.73511],[-75.62198,39.73445],[-75.62098,39.73331],[-75.62017,39.73558],[-75.61839,39.73624],[-75.61785,39.73736],[-75.6171,39.73766],[-75.60692,39.73844],[-75.59858,39.73946],[-75.59487,39.73865],[-75.59126,39.73882],[-75.58948,39.73919],[-75.5832,39.74114],[-75.57639,39.7424],[-75.57589,39.74281],[-75.56712,39.7557],[-75.56447,39.75459],[-75.5566,39.75248],[-75.54979,39.74639],[-75.54694,39.74521],[-75.55204,39.73769],[-75.54968,39.73672],[-75.54946,39.73706]],"type":"LineString"},"properties":{"color":"#FF0000","color_name":"red","kind":"route","label":"006","long":"Kirkwood Highway","route_id":"8146","text_color":"#000000","type_label":"Bus"},"type":"Feature"},{"geometry":{"coordinates":[[-75.53228,39.71696],[-75.53224,39.71667],[-75.53252,39.71675],[-75.53254,39.71746],[-75.53801,39.72823],[-75.54271,39.73008],[-75.54229,39.73152],[-75.54055,39.73391],[-75.54043,39.7344],[-75.54153,39.73636],[-75.54269,39.7369],[-75.54063,39.73989],[-75.57197,39.75265],[-75.5711,39.75395],[-75.57068,39.75377]],"type":"LineString"},"properties":{"color":"#FFFF00","color_name":"yellow","kind":"route","label":"008","long":"8th and 9th Streets","route_id":"8147","text_color":"#000000","type_label":"Bus"},"type":"Feature"},{"geometry":{"coordinates":[[-75.62165,39.73617],[-75.62282,39.7359],[-75.6262,39.73206],[-75.61841,39.72509],[-75.61705,39.72562],[-75.61246,39.72543],[-75.594,39.72291],[-75.58172,39.73133],[-75.57969,39.73239],[-75.57345,39.73492],[-75.56741,39.74392],[-75.55417,39.73856],[-75.54848,39.74699],[-75.54445,39.74535],[-75.54199,39.749],[-75.54374,39.74977],[-75.54391,39.75012],[-75.54369,39.75083],[-75.54125,39.75207],[-75.53083,39.74556],[-75.53337,39.74191],[-75.53146,39.74114],[-75.53136,39.74143],[-75.53158,39.74189],[-75.53134,39.74223]],"type":"LineString"},"properties":{"color":"#0000FF","color_name":"blue","kind":"route","label":"009","long":"Boxwood Rd / Broom St / Vandever Ave","route_id":"8148","text_color":"#000000","type_label":"Bus"},"type":"Feature"},{"geometry":{"coordinates":[[-75.75429,39.66914],[-75.75457,39.66884],[-75.75436,39.66696],[-75.7528,39.66706],[-75.75299,39.67],[-75.75345,39.67216],[-75.75361,39.68165],[-75.74581,39.68228],[-75.74452,39.68205],[-75.74287,39.68213],[-75.74258,39.68194],[-75.74237,39.68113],[-75.74194,39.68098],[-75.73622,39.68162],[-75.73663,39.68451],[-75.73259,39.68538],[-75.72845,39.68602],[-75.72654,39.68589],[-75.72007,39.68423],[-75.71832,39.68404],[-75.70967,39.68445],[-75.7054,39.6857],[-75.70324,39.68535],[-75.70074,39.68387],[-75.6998,39.6827],[-75.699,39.6801],[-75.69941,39.67883],[-75.69938,39.67831],[-75.69764,39.67586],[-75.69697,39.6719],[-75.69607,39.66974],[-75.69617,39.667],[-75.69395,39.66656],[-75.69098,39.66633],[-75.68341,39.6662],[-75.67452,39.66781],[-75.6742,39.66763],[-75.67413,39.66714],[-75.67386,39.66685],[-75.67284,39.66645],[-75.67251,39.66642],[-75.67259,39.66749],[-75.66936,39.66645],[-75.66851,39.66786],[-75.66795,39.66768],[-75.66708,39.6669],[-75.6665,39.66715],[-75.6658,39.66801],[-75.66448,39.66833],[-75.66438,39.668],[-75.66457,39.66737],[-75.66429,39.667],[-75.65942,39.66506],[-75.6582,39.66482],[-75.65627,39.6637],[-75.65584,39.66311],[-75.65543,39.66168],[-75.65422,39.66159],[-75.65409,39.66175],[-75.65543,39.66168],[-75.65505,39.65995],[-75.65163,39.66151],[-75.64898,39.66212],[-75.62981,39.6636],[-75.63044,39.66769],[-75.6308,39.66801],[-75.63358,39.66911],[-75.62481,39.67795],[-75.61858,39.68463],[-75.61776,39.6852],[-75.61681,39.68547],[-75.61342,39.68516],[-75.61112,39.68559],[-75.6127,39.68818],[-75.6125,39.68863],[-75.61145,39.68954],[-75.61089,39.68952],[-75.60925,39.68854],[-75.60817,39.68728],[-75.60484,39.68852],[-75.60313,39.68977],[-75.60134,39.69257],[-75.60002,39.69338],[-75.59918,39.69318],[-75.59804,39.69165],[-75.59464,39.68631],[-75.58982,39.6795],[-75.58999,39.67902],[-75.59082,39.67904],[-75.59098,39.6793],[-75.59084,39.67964],[-75.57766,39.69422],[-75.57464,39.69638],[-75.57362,39.69736],[-75.57093,39.7018],[-75.55592,39.7186],[-75.5555,39.72004],[-75.55585,39.72619],[-75.55575,39.72869],[-75.55523,39.72956],[-75.55181,39.73385],[-75.55033,39.73663],[-75.54655,39.74231],[-75.54748,39.74268],[-75.54604,39.74483],[-75.54982,39.74642],[-75.55059,39.74711],[-75.54961,39.74856],[-75.55225,39.74964],[-75.55349,39.74992],[-75.5653,39.76053],[-75.56572,39.75991],[-75.57675,39.76435],[-75.57828,39.76211],[-75.57954,39.76308]],"type":"LineString"},"properties":{"color":"#008000","color_name":"green","kind":"route","label":"010","long":"Wilmington / Univ Plz / Newark","route_id":"8149","text_color":"#000000","type_label":"Bus"},"type":"Feature"},{"geometry":{"coordinates":[[-75.50038,39.80726],[-75.49768,39.81005],[-75.49347,39.8126],[-75.48806,39.81099],[-75.4866,39.80899],[-75.48406,39.80676],[-75.48673,39.80495],[-75.4925,39.8045],[-75.50522,39.80004],[-75.50608,39.78285],[-75.50677,39.77553],[-75.50728,39.77365],[-75.50756,39.77351],[-75.50875,39.77379],[-75.51006,39.7738],[-75.51448,39.77287],[-75.5159,39.77238],[-75.51728,39.77134],[-75.51903,39.76934],[-75.52085,39.76653],[-75.52294,39.76471],[-75.5293,39.76167],[-75.53112,39.76038],[-75.54472,39.75427],[-75.54705,39.75326],[-75.54772,39.75314],[-75.5512,39.74807],[-75.54715,39.74644],[-75.55291,39.73804],[-75.54968,39.73672],[-75.54946,39.73706]],"type":"LineString"},"properties":{"color":"#FF0000","color_name":"red","kind":"route","label":"011","long":"Washington Street / Arden","route_id":"8150","text_color":"#000000","type_label":"Bus"},"type":"Feature"},{"geometry":{"coordinates":[[-75.54968,39.73672],[-75.54923,39.73748],[-75.54968,39.73765],[-75.54655,39.74231],[-75.55052,39.74393],[-75.54848,39.74699],[-75.54445,39.74535],[-75.54199,39.749],[-75.54374,39.74977],[-75.54391,39.75012],[-75.54357,39.75101],[-75.51398,39.76445],[-75.50677,39.76305],[-75.50452,39.76183],[-75.49891,39.76746],[-75.49567,39.76927],[-75.49433,39.7703],[-75.49743,39.77208],[-75.47795,39.78501],[-75.4702,39.79209],[-75.4609,39.80022],[-75.45691,39.80303],[-75.45426,39.80452],[-75.45683,39.80798],[-75.45919,39.8102],[-75.46025,39.81076],[-75.4664,39.813],[-75.46385,39.81517],[-75.46306,39.81528],[-75.46165,39.81481],[-75.45916,39.81644],[-75.45876,39.81717],[-75.46206,39.81834],[-75.46161,39.81982],[-75.46055,39.82085],[-75.45805,39.82197],[-75.45755,39.82154],[-75.45681,39.82003],[-75.45669,39.81927],[-75.45898,39.81709],[-75.45701,39.81639],[-75.45207,39.81514],[-75.44669,39.8134],[-75.44484,39.81236],[-75.44261,39.81041],[-75.44243,39.81002],[-75.44265,39.80979],[-75.44537,39.80917],[-75.4477,39.80793],[-75.44727,39.80683],[-75.44787,39.80383],[-75.44724,39.80338],[-75.44668,39.80388]],"type":"LineString"},"properties":{"color":"#008000","color_name":"green","kind":"route","label":"013","long":"Philadelphia Pike / Market St","route_id":"8151","text_color":"#000000","type_label":"Bus"},"type":"Feature"},{"geometry":{"coordinates":[[-75.58117,39.70275],[-75.58198,39.70237],[-75.58155,39.70205],[-75.5806,39.70186],[-75.58104,39.69911],[-75.58088,39.69808],[-75.58049,39.69726],[-75.57819,39.69644],[-75.57697,39.69633],[-75.57616,39.69669],[-75.57532,39.69785],[-75.57494,39.69776],[-75.57728,39.69507],[-75.57712,39.6947],[-75.57481,39.69625],[-75.57362,39.69736],[-75.57093,39.7018],[-75.56408,39.70941],[-75.56363,39.70948],[-75.56185,39.70841],[-75.55598,39.70137],[-75.55308,39.69968],[-75.55239,39.69947],[-75.55122,39.70285],[-75.55339,39.70333],[-75.55468,39.70403],[-75.55767,39.70765],[-75.5583,39.70899],[-75.55644,39.711],[-75.55142,39.71359],[-75.552,39.71424],[-75.55119,39.71466],[-75.54845,39.71148],[-75.54832,39.71156],[-75.54532,39.72049],[-75.54271,39.73008],[-75.55491,39.73514],[-75.55618,39.73307],[-75.55299,39.73241],[-75.55169,39.73403],[-75.55033,39.73663],[-75.54655,39.74231],[-75.55052,39.74393],[-75.54848,39.74699],[-75.54445,39.74535],[-75.54199,39.749],[-75.54045,39.74838],[-75.53802,39.74835],[-75.53326,39.75279],[-75.52787,39.74938],[-75.52508,39.75199],[-75.52186,39.75345],[-75.51978,39.75371],[-75.51677,39.75324],[-75.51657,39.75377],[-75.51648,39.75417],[-75.51753,39.75549],[-75.5176,39.75695],[-75.51811,39.75814],[-75.52061,39.76165],[-75.52301,39.76467],[-75.52378,39.76538],[-75.52699,39.76664],[-75.53235,39.76977],[-75.53526,39.76741],[-75.53434,39.76633]],"type":"LineString"},"properties":{"color":"#0000FF","color_name":"blue","kind":"route","label":"014","long":"Baylor/DHSS / Miller Rd Shop Ctr","route_id":"8152","text_color":"#000000","type_label":"Bus"},"type":"Feature"},{"geometry":{"coordinates":[[-75.55448,39.75061],[-75.54979,39.74639],[-75.54694,39.74521],[-75.5504,39.74004],[-75.54194,39.73651],[-75.54135,39.7359],[-75.54054,39.73428],[-75.54691,39.72476],[-75.54765,39.72468],[-75.54791,39.72488],[-75.54794,39.72521],[-75.54764,39.72547],[-75.54685,39.72558],[-75.54461,39.72519],[-75.5443,39.72496],[-75.54421,39.72441],[-75.54776,39.7132],[-75.55654,39.68803],[-75.55731,39.68796],[-75.56546,39.69199],[-75.56779,39.68949],[-75.56802,39.68899],[-75.56812,39.68772],[-75.56763,39.68447],[-75.5673,39.68365],[-75.56995,39.68301],[-75.57194,39.68295],[-75.57279,39.6823],[-75.57294,39.68082],[-75.57255,39.67718],[-75.56954,39.6774],[-75.56908,39.67765],[-75.56787,39.67919],[-75.56691,39.67961],[-75.56617,39.6797],[-75.56542,39.67726],[-75.5614,39.67364],[-75.56095,39.67031],[-75.55973,39.6706],[-75.55949,39.67096],[-75.55944,39.67167],[-75.55865,39.67231],[-75.55653,39.67033],[-75.55438,39.67189],[-75.55419,39.67221],[-75.55505,39.67307],[-75.55525,39.67361],[-75.55596,39.6742],[-75.55846,39.67267],[-75.55865,39.67231],[-75.55944,39.67167],[-75.55949,39.67096],[-75.55973,39.6706],[-75.56095,39.67031],[-75.56069,39.66775],[-75.5611,39.66669],[-75.56957,39.65984],[-75.57075,39.66028],[-75.57485,39.65848],[-75.59417,39.68588],[-75.59936,39.69377],[-75.60104,39.69305],[-75.60206,39.69235],[-75.60372,39.68967],[-75.60452,39.68888],[-75.60823,39.68738],[-75.60884,39.68819],[-75.60955,39.68874],[-75.61089,39.68952],[-75.61165,39.68944],[-75.61259,39.68853],[-75.61268,39.68805],[-75.61119,39.68569],[-75.61249,39.68535],[-75.61394,39.68529],[-75.61683,39.68558],[-75.61691,39.68642],[-75.61635,39.69447],[-75.61692,39.69444],[-75.6175,39.69467],[-75.61756,39.6949],[-75.61723,39.69513],[-75.61668,39.69523],[-75.61665,39.69452],[-75.61635,39.69447],[-75.61696,39.6857],[-75.61861,39.68478],[-75.62402,39.67896],[-75.62618,39.67703],[-75.6272,39.67759],[-75.62853,39.67903],[-75.62907,39.68008],[-75.62972,39.68225],[-75.63045,39.68333],[-75.63135,39.68404],[-75.63418,39.68566],[-75.63842,39.68711],[-75.64746,39.68749],[-75.65042,39.68798],[-75.65031,39.68839],[-75.65175,39.68855],[-75.65302,39.69107],[-75.6529,39.69187],[-75.65194,39.69299],[-75.65212,39.69349],[-75.65279,39.6937],[-75.65399,39.69021],[-75.65543,39.6871],[-75.65664,39.68287],[-75.65724,39.67912],[-75.65699,39.67821],[-75.65593,39.67634],[-75.65556,39.67529],[-75.65579,39.67494],[-75.6563,39.67486],[-75.65666,39.67507],[-75.65682,39.67552],[-75.65659,39.67597],[-75.65507,39.67697],[-75.65572,39.67769],[-75.65604,39.67911],[-75.65584,39.68054],[-75.65506,39.68144],[-75.65333,39.68202],[-75.65148,39.68203],[-75.6505,39.68183],[-75.64908,39.68086],[-75.64842,39.67938],[-75.6504,39.67888],[-75.65042,39.67969]],"type":"LineString"},"properties":{"color":"#0000FF","color_name":"blue","kind":"route","label":"015","long":"New Castle Av / Jeff Farm / Ch Mall","route_id":"8153","text_color":"#000000","type_label":"Bus"},"type":"Feature"},{"geometry":{"coordinates":[[-75.70963,39.71859],[-75.70922,39.7189],[-75.70863,39.71859],[-75.70713,39.72012],[-75.70502,39.72122],[-75.70345,39.72156],[-75.6995,39.72178],[-75.69771,39.7223],[-75.69656,39.72303],[-75.69335,39.72593],[-75.69226,39.72727],[-75.68955,39.73168],[-75.68942,39.7332],[-75.69035,39.73597],[-75.69042,39.73696],[-75.69002,39.73821],[-75.68884,39.73952],[-75.68845,39.73951],[-75.68581,39.738],[-75.68252,39.7346],[-75.68093,39.73363],[-75.67849,39.73314],[-75.67452,39.73359],[-75.67261,39.73346],[-75.66836,39.73202],[-75.66746,39.73146],[-75.6668,39.73079],[-75.66391,39.73181],[-75.65989,39.73281],[-75.64497,39.74062],[-75.64372,39.74101],[-75.63783,39.74036],[-75.63657,39.73968],[-75.63483,39.73908],[-75.63313,39.73971],[-75.63232,39.73975],[-75.63041,39.73909],[-75.62654,39.73868],[-75.62287,39.73804],[-75.62239,39.73603],[-75.62193,39.73607],[-75.62201,39.73689],[-75.62242,39.73686],[-75.62287,39.73824],[-75.62332,39.74062],[-75.62383,39.74458],[-75.62445,39.75249],[-75.62547,39.75677],[-75.62539,39.75909],[-75.62449,39.76046],[-75.62419,39.76142],[-75.62365,39.76173],[-75.61155,39.76078],[-75.60421,39.7587],[-75.58478,39.751],[-75.55015,39.7369],[-75.54655,39.74231],[-75.54748,39.74268],[-75.54604,39.74483],[-75.54968,39.74633],[-75.55059,39.74711],[-75.54961,39.74856],[-75.55061,39.74897],[-75.54652,39.75492],[-75.55026,39.7599],[-75.54242,39.7634],[-75.54447,39.77665],[-75.54508,39.77945],[-75.54501,39.77988],[-75.54248,39.78033],[-75.54182,39.78016],[-75.53429,39.78812],[-75.5262,39.79623],[-75.5163,39.80688],[-75.5017,39.82318],[-75.50087,39.82474],[-75.49783,39.82434],[-75.49776,39.82462],[-75.49725,39.82465]],"type":"LineString"},"properties":{"color":"#008000","color_name":"green","kind":"route","label":"018","long":"Pike Creek / Wilmington / Foulk Rd","route_id":"8154","text_color":"#000000","type_label":"Bus"},"type":"Feature"},{"geometry":{"coordinates":[[-75.54946,39.73706],[-75.54923,39.73748],[-75.54968,39.73765],[-75.54655,39.74231],[-75.54748,39.74268],[-75.54604,39.74483],[-75.54968,39.74633],[-75.55059,39.74711],[-75.54961,39.74856],[-75.55225,39.74964],[-75.55339,39.74985],[-75.55659,39.75259],[-75.56456,39.75472],[-75.56701,39.75565],[-75.57812,39.76201],[-75.58623,39.76814],[-75.59026,39.77142],[-75.59375,39.77381],[-75.59831,39.77896],[-75.60017,39.77875],[-75.60038,39.77836],[-75.59981,39.77754],[-75.59998,39.77718],[-75.60092,39.77711],[-75.60166,39.77668],[-75.60306,39.77728],[-75.60312,39.77855],[-75.59877,39.77888],[-75.59827,39.77877],[-75.59315,39.77296],[-75.59305,39.77262],[-75.5978,39.76821],[-75.59839,39.7672],[-75.59899,39.76451],[-75.59949,39.76346],[-75.6042,39.75906],[-75.60476,39.75902],[-75.61179,39.76093],[-75.62082,39.76154],[-75.63177,39.76292],[-75.63485,39.76297],[-75.64127,39.76227],[-75.64233,39.76251],[-75.64598,39.76391],[-75.65105,39.76483],[-75.65248,39.76525],[-75.66121,39.76988],[-75.67293,39.77432],[-75.67617,39.7765],[-75.68368,39.78427],[-75.68512,39.7853],[-75.68689,39.7861],[-75.69564,39.78865],[-75.69721,39.78814],[-75.69179,39.78547],[-75.69243,39.78463],[-75.69243,39.78393],[-75.6937,39.78211],[-75.69739,39.7809],[-75.69763,39.78161],[-75.6981,39.78614],[-75.6969,39.78786],[-75.69731,39.78805],[-75.69657,39.78835]],"type":"LineString"},"properties":{"color":"#FF0000","color_name":"red","kind":"route","label":"020","long":"Lancaster Pike / Hockessin","route_id":"8155","text_color":"#000000","type_label":"Bus"},"type":"Feature"},{"geometry":{"coordinates":[[-75.53434,39.76633],[-75.5333,39.76682],[-75.53326,39.76713],[-75.5319,39.76774],[-75.53127,39.76689],[-75.52946,39.7681],[-75.5266,39.76646],[-75.52739,39.7659],[-75.53174,39.76395],[-75.53322,39.76292],[-75.53418,39.76379],[-75.54199,39.76027],[-75.54293,39.76017],[-75.5512,39.74807],[-75.54715,39.74644],[-75.55342,39.7373],[-75.55384,39.73753],[-75.55377,39.73788],[-75.55624,39.73882],[-75.5567,39.73814],[-75.55736,39.73765],[-75.55811,39.73746],[-75.55923,39.73754],[-75.5611,39.73472],[-75.5617,39.7341],[-75.56188,39.73341],[-75.5631,39.73363],[-75.56444,39.7291],[-75.56445,39.72777],[-75.56247,39.72754],[-75.55921,39.72836],[-75.55647,39.72814],[-75.55603,39.72792],[-75.55568,39.7207],[-75.55594,39.71946],[-75.55629,39.71874],[-75.57522,39.6974],[-75.59543,39.6752],[-75.59588,39.67507],[-75.59724,39.6753],[-75.59783,39.6748],[-75.59758,39.67331],[-75.59631,39.67244],[-75.60008,39.66828],[-75.59825,39.66726],[-75.5982,39.66702],[-75.59881,39.66621],[-75.59819,39.66545],[-75.59819,39.66506],[-75.59245,39.66482],[-75.59193,39.66448],[-75.5885,39.66426],[-75.5883,39.66402],[-75.58844,39.66314],[-75.58788,39.66308],[-75.58763,39.6646],[-75.60438,39.66549],[-75.61638,39.65489],[-75.62359,39.64638],[-75.62533,39.64381],[-75.62182,39.64265],[-75.62264,39.6412],[-75.62311,39.64111],[-75.62374,39.64032],[-75.62421,39.64016],[-75.62708,39.64122],[-75.63345,39.63213],[-75.62976,39.63099],[-75.62965,39.63012],[-75.62881,39.62962],[-75.62895,39.6291],[-75.62868,39.62859],[-75.63357,39.62199],[-75.63515,39.62269],[-75.6382,39.61885],[-75.64202,39.62064],[-75.65318,39.60575],[-75.6552,39.60229],[-75.66104,39.59061],[-75.66179,39.5877],[-75.66195,39.58372],[-75.66222,39.58265],[-75.66305,39.5809],[-75.66282,39.58045],[-75.66066,39.57998],[-75.66003,39.57967],[-75.65774,39.57928],[-75.65675,39.57579],[-75.65686,39.57548],[-75.6575,39.57529],[-75.65757,39.57557],[-75.65704,39.57571],[-75.65714,39.57596],[-75.65759,39.5759]],"type":"LineString"},"properties":{"color":"#808080","color_name":"gray","kind":"route","label":"025","long":"Wrangle Hill / Miller Road Shop Ctr","route_id":"8156","text_color":"#000000","type_label":"Bus"},"type":"Feature"},{"geometry":{"coordinates":[[-75.55645,39.77833],[-75.55733,39.77886],[-75.55794,39.77876],[-75.55805,39.77923],[-75.55524,39.78234],[-75.55395,39.78155],[-75.55292,39.78218],[-75.55187,39.78144],[-75.55256,39.7807],[-75.55524,39.78234],[-75.5545,39.78302],[-75.55263,39.78388],[-75.55016,39.78433],[-75.54685,39.78525],[-75.54628,39.78509],[-75.5461,39.78484],[-75.54469,39.77684],[-75.54258,39.76333],[-75.55026,39.7599],[-75.55123,39.76101],[-75.55258,39.762],[-75.55784,39.76073],[-75.55955,39.76002],[-75.55916,39.7597],[-75.5593,39.75939],[-75.56083,39.75905],[-75.5625,39.75799],[-75.56945,39.74782],[-75.5504,39.74004],[-75.55165,39.73827],[-75.55219,39.73812],[-75.55274,39.73829],[-75.5562,39.73298],[-75.55568,39.72155],[-75.55572,39.72028],[-75.55607,39.71913],[-75.55693,39.71787],[-75.56355,39.7105],[-75.56392,39.70982],[-75.56388,39.70962],[-75.56185,39.70841],[-75.55598,39.70137],[-75.5525,39.6995],[-75.55462,39.69354],[-75.5492,39.69145],[-75.54785,39.69068],[-75.54526,39.68981],[-75.544,39.68917],[-75.54526,39.68981],[-75.54785,39.69068],[-75.55003,39.68803],[-75.55009,39.68733],[-75.54965,39.68666],[-75.54775,39.68574],[-75.54509,39.68505],[-75.54434,39.68422],[-75.54418,39.68351],[-75.54417,39.68253],[-75.54441,39.68203],[-75.54638,39.68041],[-75.54714,39.67902],[-75.54876,39.67717],[-75.5504,39.67777],[-75.55317,39.67762],[-75.55023,39.67775],[-75.5489,39.67716]],"type":"LineString"},"properties":{"color":"#FF0000","color_name":"red","kind":"route","label":"028","long":"Nemours / Riveredge Ind Pk","route_id":"8157","text_color":"#000000","type_label":"Bus"},"type":"Feature"},{"geometry":{"coordinates":[[-75.54946,39.73706],[-75.54923,39.73748],[-75.54968,39.73765],[-75.54655,39.74231],[-75.55052,39.74393],[-75.54788,39.74785],[-75.55225,39.74964],[-75.55344,39.74989],[-75.55653,39.75256],[-75.55554,39.75321],[-75.55468,39.75243],[-75.55559,39.75179],[-75.55606,39.75116],[-75.55756,39.74819],[-75.56218,39.74137],[-75.56261,39.74022],[-75.5627,39.73781],[-75.56294,39.73683],[-75.56346,39.73597],[-75.56566,39.73354],[-75.5666,39.73088],[-75.56708,39.73004],[-75.56817,39.72888],[-75.58286,39.71637],[-75.59,39.71201],[-75.60727,39.70214],[-75.61332,39.69839],[-75.61649,39.69676],[-75.61939,39.69566],[-75.64687,39.68703],[-75.65122,39.68605],[-75.65286,39.68537],[-75.65495,39.68368],[-75.65698,39.6813],[-75.65738,39.68063],[-75.65752,39.67977],[-75.65728,39.67703],[-75.657,39.67606],[-75.65661,39.67596],[-75.65507,39.67697],[-75.65571,39.67767],[-75.65601,39.67858],[-75.65596,39.68017],[-75.65584,39.68054],[-75.65564,39.68048],[-75.65577,39.67966],[-75.65603,39.67956],[-75.65601,39.67858],[-75.65571,39.67756],[-75.65488,39.67665],[-75.65282,39.67543],[-75.65352,39.67472],[-75.65398,39.67474],[-75.6543,39.67501],[-75.65604,39.67756],[-75.65648,39.67903],[-75.65675,39.68107],[-75.65638,39.68343],[-75.65496,39.68773],[-75.65396,39.68951],[-75.65335,39.6898],[-75.65282,39.68966],[-75.65259,39.68926],[-75.65268,39.68881],[-75.65351,39.68851],[-75.66164,39.68977],[-75.66435,39.69066],[-75.665,39.69011],[-75.66582,39.6899],[-75.66833,39.69043],[-75.6695,39.69035],[-75.67137,39.68959],[-75.6704,39.68891],[-75.66927,39.68952],[-75.67003,39.69038],[-75.67173,39.69004],[-75.67247,39.69056],[-75.67972,39.68673],[-75.69313,39.68037],[-75.70581,39.67376],[-75.71495,39.66759],[-75.71772,39.66616],[-75.72742,39.6625],[-75.73845,39.66139],[-75.73973,39.66098],[-75.7428,39.65953],[-75.74596,39.6587],[-75.74833,39.65832],[-75.74849,39.65777],[-75.74975,39.65768],[-75.74993,39.65785],[-75.75046,39.65782],[-75.75056,39.65762],[-75.74849,39.65777],[-75.75069,39.65628],[-75.75138,39.65649],[-75.75294,39.66806],[-75.753,39.67012],[-75.75344,39.67205],[-75.7535,39.67443],[-75.75677,39.67477],[-75.76333,39.67468],[-75.76522,39.67474],[-75.76531,39.67491],[-75.75723,39.68205],[-75.75551,39.68162],[-75.75361,39.68165],[-75.74581,39.68228],[-75.74452,39.68205],[-75.74358,39.68211],[-75.74365,39.6825]],"type":"LineString"},"properties":{"color":"#FF0000","color_name":"red","kind":"route","label":"033","long":"Christiana Mall / Newark","route_id":"8158","text_color":"#000000","type_label":"Bus"},"type":"Feature"},{"geometry":{"coordinates":[[-75.53506,39.83104],[-75.53548,39.83099],[-75.53541,39.8305],[-75.53479,39.83061],[-75.5341,39.83088],[-75.53356,39.83144],[-75.53329,39.83268],[-75.53361,39.83368],[-75.53462,39.83438],[-75.53706,39.83467],[-75.53909,39.83361],[-75.53956,39.83288],[-75.54077,39.83272],[-75.54334,39.83278],[-75.54441,39.82876],[-75.5399,39.82908],[-75.53671,39.8298],[-75.53463,39.82969],[-75.53447,39.82131],[-75.53507,39.81884],[-75.53581,39.81246],[-75.53571,39.80841],[-75.54905,39.80923],[-75.54968,39.80913],[-75.55003,39.8087],[-75.54878,39.80524],[-75.54651,39.78927],[-75.54606,39.78441],[-75.54258,39.76333],[-75.55026,39.7599],[-75.54652,39.75492],[-75.55137,39.7478],[-75.54972,39.74635],[-75.54694,39.74521],[-75.55204,39.73769],[-75.54968,39.73672],[-75.54946,39.73706]],"type":"LineString"},"properties":{"color":"#FF0000","color_name":"red","kind":"route","label":"035","long":"Brandywine Town Center / Shipley Rd","route_id":"8159","text_color":"#000000","type_label":"Bus"},"type":"Feature"},{"geometry":{"coordinates":[[-75.54616,39.74635],[-75.55152,39.73839],[-75.55208,39.73813],[-75.55274,39.73829],[-75.55616,39.73314],[-75.55628,39.73224],[-75.55568,39.72093],[-75.55594,39.71946],[-75.55634,39.71866],[-75.57522,39.6974],[-75.5951,39.67555],[-75.5963,39.67619],[-75.59783,39.6748],[-75.59758,39.67331],[-75.59631,39.67244],[-75.60008,39.66828],[-75.59809,39.66715],[-75.59881,39.66621],[-75.59819,39.66545],[-75.5983,39.6652],[-75.60913,39.66561],[-75.64216,39.66275],[-75.63947,39.66014],[-75.63726,39.65837],[-75.63489,39.65513],[-75.63125,39.65654],[-75.62987,39.65672],[-75.62777,39.6566],[-75.62559,39.65567],[-75.62459,39.65478],[-75.62381,39.65357],[-75.62288,39.65104],[-75.62314,39.65061],[-75.62711,39.64925],[-75.63357,39.64771],[-75.63484,39.64724],[-75.64594,39.64113],[-75.66356,39.63097],[-75.68325,39.623],[-75.69554,39.61846],[-75.69914,39.61611],[-75.70447,39.61148],[-75.70631,39.61048],[-75.71029,39.609],[-75.71199,39.60858],[-75.74622,39.60554],[-75.75109,39.60485],[-75.75067,39.60301],[-75.75078,39.60245],[-75.75049,39.60217],[-75.74981,39.60219],[-75.74928,39.60254],[-75.74601,39.60282]],"type":"LineString"},"properties":{"color":"#FF0000","color_name":"red","kind":"route","label":"040","long":"Glasgow / Wilmington","route_id":"8160","text_color":"#000000","type_label":"Bus"},"type":"Feature"},{"geometry":{"coordinates":[[-75.67796,39.45462],[-75.67823,39.45516],[-75.68048,39.45448],[-75.68108,39.45462],[-75.68179,39.4542],[-75.68146,39.45352],[-75.69635,39.4508],[-75.72319,39.44939],[-75.72047,39.43859],[-75.72036,39.43642],[-75.72063,39.43591],[-75.72255,39.43512],[-75.73458,39.43592],[-75.73495,39.43705],[-75.73776,39.44142],[-75.73974,39.44488],[-75.73981,39.44581],[-75.73942,39.44702],[-75.73907,39.44931],[-75.73566,39.45304],[-75.73123,39.45093],[-75.73064,39.45146],[-75.72862,39.45163],[-75.72945,39.4561],[-75.72879,39.45807],[-75.72901,39.45904],[-75.72583,39.4596],[-75.72218,39.45909],[-75.72138,39.46272],[-75.72007,39.48101],[-75.7199,39.48213],[-75.71941,39.48348],[-75.72199,39.48429],[-75.72348,39.48497],[-75.72243,39.48619],[-75.72252,39.4865],[-75.72274,39.48642],[-75.72274,39.48606],[-75.72367,39.48497],[-75.72255,39.4843],[-75.71941,39.48348],[-75.71339,39.49831],[-75.71291,39.50074],[-75.71152,39.51212],[-75.71197,39.51452],[-75.71301,39.51665],[-75.71699,39.52238],[-75.72133,39.52769],[-75.72229,39.52858],[-75.72438,39.52963],[-75.7266,39.53004],[-75.73356,39.5293],[-75.73484,39.52932],[-75.73641,39.52996],[-75.73698,39.53053],[-75.73732,39.53119],[-75.73903,39.5529],[-75.73868,39.55565],[-75.73716,39.55967],[-75.73698,39.56097],[-75.73781,39.56921],[-75.73894,39.57535],[-75.74013,39.58432],[-75.74067,39.59298],[-75.74053,39.59401],[-75.74012,39.59506],[-75.73786,39.5977],[-75.73729,39.59876],[-75.73712,39.60023],[-75.73765,39.60185],[-75.74126,39.606],[-75.7484,39.60531],[-75.75109,39.60485],[-75.75067,39.60301],[-75.75078,39.60245],[-75.75021,39.60213],[-75.74928,39.60254],[-75.74434,39.60302],[-75.74525,39.60562],[-75.74901,39.60522],[-75.75936,39.60341],[-75.76121,39.60351],[-75.76924,39.60497],[-75.77,39.61068],[-75.76989,39.61098],[-75.7696,39.61114],[-75.76297,39.61188],[-75.75926,39.61204],[-75.75857,39.61225],[-75.75757,39.61319],[-75.75717,39.61396],[-75.75673,39.61695],[-75.74503,39.61588],[-75.74405,39.62318],[-75.74323,39.63905],[-75.7433,39.64097],[-75.74375,39.64288],[-75.74455,39.64469],[-75.75015,39.65253],[-75.75111,39.65477],[-75.75294,39.66806],[-75.753,39.67012],[-75.75344,39.67205],[-75.75361,39.68165],[-75.74581,39.68228],[-75.74394,39.68208],[-75.74358,39.68211],[-75.74362,39.6824]],"type":"LineString"},"properties":{"color":"#808080","color_name":"gray","kind":"route","label":"046","long":"Newark / Glasgow / Middletown","route_id":"8161","text_color":"#000000","type_label":"Bus"},"type":"Feature"},{"geometry":{"coordinates":[[-75.65042,39.6797],[-75.65043,39.6807],[-75.65145,39.68167],[-75.65148,39.68203],[-75.65269,39.68204],[-75.65407,39.68185],[-75.6552,39.68134],[-75.65584,39.68054],[-75.65564,39.68048],[-75.65577,39.67966],[-75.65603,39.67966],[-75.65601,39.67858],[-75.65571,39.67756],[-75.65488,39.67665],[-75.65282,39.67543],[-75.65188,39.67508],[-75.65111,39.67519],[-75.65029,39.67617],[-75.64953,39.67555],[-75.65146,39.67311],[-75.65398,39.67384],[-75.65606,39.67411],[-75.65623,39.67247],[-75.65528,39.67134],[-75.65502,39.67072],[-75.65535,39.66813],[-75.65518,39.66644],[-75.65377,39.66313],[-75.65325,39.66084],[-75.65105,39.66168],[-75.64854,39.66218],[-75.63256,39.66335],[-75.60862,39.66553],[-75.59245,39.66482],[-75.59193,39.66448],[-75.58842,39.66424],[-75.5883,39.66402],[-75.58844,39.66314],[-75.58788,39.66308],[-75.58765,39.66433],[-75.58734,39.66459],[-75.5716,39.66376],[-75.56867,39.66304],[-75.56518,39.66416],[-75.56394,39.66434],[-75.56077,39.66694],[-75.56057,39.66766],[-75.56075,39.66993],[-75.56047,39.67032],[-75.55959,39.67075],[-75.55931,39.67182],[-75.55865,39.67231],[-75.55653,39.67033],[-75.5542,39.67208],[-75.55426,39.67235],[-75.55505,39.67307],[-75.55525,39.67361],[-75.55606,39.67419],[-75.55846,39.67267],[-75.55865,39.67231],[-75.55944,39.67167],[-75.55967,39.67065],[-75.56047,39.67038],[-75.56084,39.67064],[-75.56118,39.6741],[-75.55982,39.67835],[-75.55333,39.69662],[-75.54532,39.72049],[-75.54229,39.73152],[-75.54044,39.73422],[-75.54054,39.73476],[-75.54177,39.73655],[-75.54861,39.73933],[-75.54655,39.74231],[-75.55052,39.74393],[-75.54788,39.74785],[-75.55225,39.74964],[-75.55339,39.74985],[-75.55739,39.75335],[-75.55772,39.75282],[-75.55651,39.75243],[-75.55448,39.75061]],"type":"LineString"},"properties":{"color":"#0000FF","color_name":"blue","kind":"route","label":"051","long":"New Castle Av / DE 273 / Ch Mall","route_id":"8162","text_color":"#000000","type_label":"Bus"},"type":"Feature"},{"geometry":{"coordinates":[[-75.6572,39.57596],[-75.65763,39.57587],[-75.65752,39.57532],[-75.65643,39.57552],[-75.65761,39.5795],[-75.66088,39.57988],[-75.66295,39.58032],[-75.66349,39.58061],[-75.66953,39.58173],[-75.68425,39.58528],[-75.68925,39.58746],[-75.69518,39.59048],[-75.70188,39.59485],[-75.71091,39.59963],[-75.71344,39.60125],[-75.71451,39.60227],[-75.71502,39.60312],[-75.71528,39.60406],[-75.71536,39.60854],[-75.71747,39.61354],[-75.71988,39.6172],[-75.72058,39.61967],[-75.72337,39.62502],[-75.72489,39.62687],[-75.7283,39.63426],[-75.7286,39.63742],[-75.72895,39.63883],[-75.73546,39.66004],[-75.73862,39.66744],[-75.73884,39.66905],[-75.73864,39.67067],[-75.73821,39.67182],[-75.73617,39.67542],[-75.73576,39.67716],[-75.73583,39.67858],[-75.74369,39.67638],[-75.7451,39.68188],[-75.74491,39.68207],[-75.74358,39.68211],[-75.74365,39.6825]],"type":"LineString"},"properties":{"color":"#808080","color_name":"gray","kind":"route","label":"053","long":"Wrangle Hill P&R / Newark Hub","route_id":"8163","text_color":"#000000","type_label":"Bus"},"type":"Feature"},{"geometry":{"coordinates":[[-75.65577,39.67983],[-75.65577,39.67966],[-75.65603,39.67966],[-75.65596,39.67832],[-75.65571,39.67756],[-75.65488,39.67665],[-75.65282,39.67543],[-75.65188,39.67508],[-75.65111,39.67519],[-75.65029,39.67617],[-75.64963,39.67572],[-75.64959,39.6754],[-75.65151,39.6731],[-75.65422,39.67391],[-75.65806,39.67429],[-75.65918,39.66674],[-75.65985,39.66542],[-75.66891,39.65973],[-75.67962,39.65478],[-75.69508,39.64891],[-75.70211,39.64792],[-75.70845,39.64744],[-75.7125,39.64693],[-75.72964,39.64229],[-75.73009,39.64247],[-75.73586,39.66136],[-75.73558,39.6616],[-75.72899,39.66206],[-75.72638,39.66261],[-75.72686,39.66448],[-75.72761,39.67024],[-75.72901,39.67688],[-75.73043,39.68012],[-75.7346,39.67885],[-75.73533,39.67867],[-75.73577,39.67878],[-75.73663,39.68451],[-75.74367,39.68378],[-75.74334,39.68212]],"type":"LineString"},"properties":{"color":"#808080","color_name":"gray","kind":"route","label":"055","long":"Ch Mall / Old Baltimore Pk / Newark","route_id":"8164","text_color":"#000000","type_label":"Bus"},"type":"Feature"},{"geometry":{"coordinates":[[-75.44668,39.80388],[-75.44772,39.80447],[-75.44727,39.80683],[-75.4477,39.80793],[-75.45426,39.80452],[-75.45683,39.80798],[-75.45919,39.8102],[-75.46025,39.81076],[-75.4664,39.813],[-75.46385,39.81517],[-75.46306,39.81528],[-75.46165,39.81481],[-75.45921,39.81638],[-75.45876,39.81717],[-75.46206,39.81834],[-75.46161,39.81982],[-75.46055,39.82085],[-75.45848,39.82187],[-75.45792,39.82194],[-75.4573,39.82103],[-75.45665,39.81933],[-75.45835,39.81764],[-75.45917,39.81732],[-75.46503,39.81927],[-75.47839,39.82114],[-75.48749,39.82286],[-75.4978,39.82444],[-75.49776,39.82462],[-75.49725,39.82465],[-75.49705,39.82458],[-75.49709,39.82434],[-75.50355,39.82516],[-75.52267,39.82829],[-75.53597,39.82999],[-75.53708,39.82991],[-75.53996,39.82922],[-75.54415,39.82887],[-75.54318,39.83245],[-75.53956,39.83288],[-75.53909,39.83361],[-75.53706,39.83467],[-75.53462,39.83438],[-75.53361,39.83368],[-75.53329,39.83268],[-75.53356,39.83144],[-75.53365,39.8313],[-75.53421,39.83152],[-75.53506,39.83104]],"type":"LineString"},"properties":{"color":"#008080","color_name":"teal","kind":"route","label":"061","long":"Naamans Road","route_id":"8165","text_color":"#000000","type_label":"Bus"},"type":"Feature"},{"geometry":{"coordinates":[[-75.74601,39.60282],[-75.74434,39.60302],[-75.745,39.6049],[-75.74206,39.60553],[-75.73734,39.60616],[-75.71197,39.60838],[-75.70999,39.60888],[-75.7053,39.61071],[-75.70358,39.61188],[-75.69869,39.61621],[-75.69606,39.61799],[-75.69465,39.61868],[-75.68678,39.6215],[-75.68749,39.6228],[-75.68848,39.62391],[-75.68807,39.62447],[-75.68808,39.62487],[-75.68839,39.62531],[-75.69275,39.62958],[-75.69342,39.62981],[-75.69411,39.6297],[-75.69469,39.62915],[-75.69459,39.62837],[-75.69012,39.624],[-75.68954,39.62372],[-75.68848,39.62391],[-75.68749,39.6228],[-75.68678,39.6215],[-75.66507,39.63003],[-75.66227,39.63137],[-75.66406,39.63317],[-75.66075,39.63516],[-75.66063,39.63543],[-75.66084,39.63585],[-75.66199,39.63557],[-75.66291,39.63575],[-75.6635,39.63618],[-75.6642,39.63722],[-75.66541,39.64008],[-75.66543,39.64059],[-75.66489,39.64134],[-75.6632,39.64208],[-75.66838,39.64918],[-75.66462,39.65085],[-75.66038,39.64914],[-75.65681,39.64979],[-75.65598,39.64977],[-75.65475,39.65513],[-75.65447,39.65722],[-75.65457,39.65853],[-75.65543,39.66168],[-75.65408,39.6617],[-75.65543,39.66168],[-75.65584,39.66311],[-75.65636,39.66378],[-75.6582,39.66482],[-75.65999,39.6653],[-75.65918,39.66674],[-75.65808,39.67418],[-75.65374,39.67362],[-75.65144,39.67279],[-75.64926,39.67555],[-75.65029,39.67617],[-75.6512,39.67524],[-75.6518,39.67515],[-75.65271,39.67546],[-75.65479,39.67672],[-75.65571,39.67767],[-75.65596,39.67832],[-75.65603,39.67966],[-75.65584,39.68054],[-75.65564,39.68048],[-75.65577,39.67966],[-75.65603,39.67966],[-75.65603,39.67879],[-75.65571,39.67756],[-75.65488,39.67665],[-75.65293,39.67538],[-75.65336,39.67479],[-75.65398,39.67474],[-75.65584,39.67719],[-75.65635,39.67842],[-75.65672,39.68148],[-75.65595,39.68492],[-75.65496,39.68773],[-75.65411,39.68932],[-75.65348,39.68978],[-75.65282,39.68966],[-75.65259,39.68926],[-75.65268,39.68881],[-75.65351,39.68851],[-75.66164,39.68977],[-75.66435,39.69066],[-75.665,39.69011],[-75.66582,39.6899],[-75.66833,39.69043],[-75.6695,39.69035],[-75.67099,39.68971],[-75.6704,39.68891],[-75.66927,39.68952],[-75.67003,39.69038],[-75.67173,39.69004],[-75.67211,39.69022],[-75.67213,39.69046],[-75.6687,39.6932],[-75.67112,39.69386],[-75.67159,39.69358],[-75.6721,39.69436],[-75.67237,39.69426],[-75.67227,39.694]],"type":"LineString"},"properties":{"color":"#008080","color_name":"teal","kind":"route","label":"064","long":"Glasgow / Christiana Mall","route_id":"8166","text_color":"#000000","type_label":"Bus"},"type":"Feature"},{"geometry":{"coordinates":[[-75.53,39.1523],[-75.53032,39.15311],[-75.52318,39.15475],[-75.53005,39.17304],[-75.56011,39.16629],[-75.5605,39.16586],[-75.55891,39.16472],[-75.55801,39.16319],[-75.55745,39.16107],[-75.5575,39.15903],[-75.56219,39.15856],[-75.57519,39.15856],[-75.57776,39.15834],[-75.57713,39.15707],[-75.5757,39.15573],[-75.57483,39.15607],[-75.5748,39.15759],[-75.57594,39.15756],[-75.57698,39.15692],[-75.57756,39.15812],[-75.57735,39.15843],[-75.56219,39.15856],[-75.5575,39.15903],[-75.55267,39.15896],[-75.55263,39.1601],[-75.55401,39.16016]],"type":"LineString"},"properties":{"color":"#00FF00","color_name":"green","kind":"route","label":"101","long":"Walker Road","route_id":"8167","text_color":"#000000","type_label":"Bus"},"type":"Feature"},{"geometry":{"coordinates":[[-75.53,39.1523],[-75.53032,39.15311],[-75.5257,39.15418],[-75.52496,39.15226],[-75.52487,39.15129],[-75.5257,39.14057],[-75.52587,39.1396],[-75.52632,39.13883],[-75.52899,39.13593],[-75.52975,39.1347],[-75.53047,39.13519],[-75.53355,39.13606],[-75.53907,39.13564],[-75.54144,39.13714],[-75.54602,39.13227],[-75.53779,39.13255],[-75.53006,39.13318],[-75.53092,39.12858],[-75.53167,39.12867],[-75.53248,39.12695],[-75.53152,39.12666],[-75.5312,39.12833],[-75.53175,39.12849],[-75.53167,39.12867],[-75.53092,39.12858],[-75.53111,39.12686],[-75.53752,39.1132],[-75.54215,39.11351],[-75.53938,39.11631],[-75.54228,39.11796],[-75.54461,39.119],[-75.54616,39.11933],[-75.55024,39.11888],[-75.55215,39.11924],[-75.55334,39.11605],[-75.55383,39.11338],[-75.55421,39.11273],[-75.55518,39.11183],[-75.54581,39.11055],[-75.54566,39.11021],[-75.54673,39.10912],[-75.54107,39.10563],[-75.54346,39.10069],[-75.54387,39.10055],[-75.54744,39.10151],[-75.54722,39.10196],[-75.54572,39.10154]],"type":"LineString"},"properties":{"color":"#00FF00","color_name":"green","kind":"route","label":"104","long":"Camden Walmart","route_id":"8168","text_color":"#000000","type_label":"Bus"},"type":"Feature"},{"geometry":{"coordinates":[[-75.52818,39.15273],[-75.53,39.1523],[-75.53032,39.15311],[-75.52318,39.15475],[-75.52241,39.15257],[-75.52229,39.15135],[-75.52293,39.14083],[-75.52282,39.1394],[-75.5223,39.13773],[-75.51669,39.12406],[-75.51611,39.12212],[-75.51372,39.10178],[-75.50149,39.11004],[-75.50047,39.11187],[-75.49969,39.11279],[-75.49949,39.11335],[-75.49968,39.11407],[-75.50215,39.11688],[-75.50318,39.11735],[-75.50567,39.11761],[-75.50602,39.1179],[-75.50395,39.11877],[-75.50262,39.11966],[-75.49989,39.12316],[-75.49923,39.12287],[-75.49836,39.12295],[-75.49769,39.12479],[-75.49816,39.12504],[-75.49896,39.12394],[-75.49882,39.1229],[-75.49936,39.1229],[-75.49989,39.12316],[-75.49588,39.12852],[-75.4936,39.12661],[-75.49093,39.12834],[-75.49196,39.12943],[-75.49233,39.12957],[-75.49314,39.12926],[-75.49474,39.12811],[-75.49514,39.12809],[-75.49588,39.12852],[-75.49448,39.12987],[-75.49565,39.13117],[-75.49562,39.13164],[-75.49525,39.13201],[-75.49456,39.13216],[-75.49388,39.13189],[-75.48842,39.12618],[-75.48293,39.12294],[-75.48025,39.12095],[-75.47794,39.12289],[-75.47758,39.12304],[-75.47724,39.12268]],"type":"LineString"},"properties":{"color":"#00FF00","color_name":"green","kind":"route","label":"105","long":"Dover AFB","route_id":"8169","text_color":"#000000","type_label":"Bus"},"type":"Feature"},{"geometry":{"coordinates":[[-75.50802,39.15974],[-75.50822,39.15734],[-75.50631,39.15724],[-75.50631,39.15591],[-75.50495,39.15425],[-75.50838,39.15247],[-75.50719,39.15102],[-75.50671,39.15075],[-75.50538,39.15132],[-75.50505,39.15124],[-75.49916,39.14435],[-75.50032,39.14381],[-75.49916,39.14435],[-75.49889,39.14399],[-75.49427,39.13501],[-75.49405,39.13509],[-75.49807,39.143],[-75.5017,39.1476],[-75.50221,39.14785],[-75.5033,39.14728],[-75.50518,39.14964],[-75.50807,39.14811],[-75.50902,39.14812],[-75.50983,39.14892],[-75.50925,39.14923],[-75.50905,39.14901],[-75.50864,39.14921],[-75.50897,39.14934],[-75.50983,39.14892],[-75.51239,39.15178],[-75.51385,39.15231],[-75.51253,39.15584],[-75.51213,39.1573],[-75.51225,39.1576],[-75.51589,39.15787],[-75.51569,39.15647],[-75.51705,39.15515],[-75.51721,39.15452],[-75.51667,39.15321],[-75.51623,39.15288],[-75.51537,39.15264],[-75.51402,39.1565],[-75.51571,39.15681],[-75.51589,39.15787],[-75.51817,39.15778],[-75.51917,39.15801],[-75.52224,39.15729],[-75.52135,39.15514],[-75.5281,39.15361],[-75.52788,39.15295],[-75.52798,39.1528],[-75.53,39.1523]],"type":"LineString"},"properties":{"color":"#00FF00","color_name":"green","kind":"route","label":"107","long":"Luther Village","route_id":"8170","text_color":"#000000","type_label":"Bus"},"type":"Feature"},{"geometry":{"coordinates":[[-75.54144,39.19441],[-75.54303,39.19571],[-75.54345,39.19532],[-75.54359,39.19482],[-75.54281,39.19344],[-75.53963,39.19154],[-75.5399,39.19106],[-75.54139,39.19013],[-75.54144,39.18963],[-75.52971,39.18124],[-75.52481,39.18526],[-75.52424,39.18592],[-75.52404,39.18669],[-75.52414,39.18734],[-75.52572,39.18997],[-75.52592,39.19068],[-75.52577,39.1915],[-75.5246,39.1934],[-75.52429,39.19369],[-75.52362,39.19363],[-75.52134,39.19238],[-75.51986,39.19209],[-75.51972,39.19166],[-75.51986,39.19209],[-75.52134,39.19238],[-75.52424,39.19396],[-75.52567,39.1917],[-75.52592,39.19068],[-75.52572,39.18997],[-75.52414,39.18734],[-75.52404,39.18669],[-75.52424,39.18592],[-75.52481,39.18526],[-75.52942,39.18138],[-75.52955,39.18097],[-75.52256,39.17427],[-75.5218,39.17484],[-75.52191,39.17516],[-75.52115,39.17555],[-75.5209,39.17546],[-75.52179,39.17484],[-75.52191,39.17516],[-75.52115,39.17555],[-75.5209,39.17546],[-75.52024,39.17597],[-75.51837,39.17822],[-75.51599,39.17867],[-75.51576,39.17819],[-75.51392,39.17683],[-75.51098,39.17406],[-75.50993,39.17263],[-75.51089,39.17206],[-75.50916,39.1704],[-75.5062,39.16691],[-75.50758,39.16662],[-75.51594,39.163],[-75.51719,39.16282],[-75.51928,39.16312],[-75.52297,39.1623],[-75.52404,39.16059],[-75.52415,39.15999],[-75.52507,39.15982],[-75.52318,39.15475],[-75.53032,39.15311],[-75.53006,39.15247],[-75.52871,39.15278]],"type":"LineString"},"properties":{"color":"#FF00FF","color_name":"pink","kind":"route","label":"108","long":"Persimmon Tree / Town Point","route_id":"8171","text_color":"#000000","type_label":"Bus"},"type":"Feature"},{"geometry":{"coordinates":[[-75.52871,39.15278],[-75.52858,39.15293],[-75.52878,39.15345],[-75.52686,39.15389],[-75.52823,39.15743],[-75.52342,39.15822],[-75.51837,39.15948],[-75.51824,39.16106],[-75.51863,39.16231],[-75.51834,39.16395],[-75.51899,39.16628],[-75.51877,39.167],[-75.51829,39.16738],[-75.5192,39.1684],[-75.51906,39.16861],[-75.51978,39.16823],[-75.51966,39.16812],[-75.5192,39.1684],[-75.51829,39.16738],[-75.51478,39.16959],[-75.51528,39.17005],[-75.51606,39.17018],[-75.51835,39.17219],[-75.51905,39.17227],[-75.51979,39.17187],[-75.52956,39.18127],[-75.53356,39.1843],[-75.53388,39.18469],[-75.53327,39.18527],[-75.53338,39.18543],[-75.53438,39.18603],[-75.53513,39.18543],[-75.53599,39.18605],[-75.53595,39.18659],[-75.53463,39.18762],[-75.53407,39.18723],[-75.53327,39.18739],[-75.53337,39.18787],[-75.53447,39.18772],[-75.53595,39.18659],[-75.53662,39.18648],[-75.54117,39.18976],[-75.54118,39.1902],[-75.53981,39.19099],[-75.53937,39.19157],[-75.54168,39.19266],[-75.54258,39.19328],[-75.54147,39.1942],[-75.54144,39.19441],[-75.54303,39.19571],[-75.5435,39.19522],[-75.54357,39.19471],[-75.54297,39.19359],[-75.54199,39.19273],[-75.54244,39.19159],[-75.54303,39.19109],[-75.55256,39.19787],[-75.55269,39.1977],[-75.55081,39.19636]],"type":"LineString"},"properties":{"color":"#00FF00","color_name":"green","kind":"route","label":"109","long":"Dover Mall","route_id":"8172","text_color":"#000000","type_label":"Bus"},"type":"Feature"},{"geometry":{"coordinates":[[-75.52871,39.15278],[-75.52858,39.15293],[-75.52878,39.15345],[-75.5257,39.15418],[-75.53258,39.17251],[-75.54648,39.16938],[-75.54727,39.17157],[-75.54793,39.17247],[-75.55361,39.17623],[-75.54594,39.18209],[-75.54431,39.18358],[-75.54363,39.18378],[-75.54275,39.18374],[-75.5403,39.18238],[-75.53908,39.18221],[-75.5382,39.18246],[-75.53392,39.18473],[-75.53327,39.18527],[-75.53347,39.1855],[-75.53438,39.18603],[-75.53513,39.18543],[-75.53599,39.18605],[-75.53606,39.18629],[-75.53595,39.18659],[-75.53463,39.18762],[-75.53407,39.18723],[-75.53327,39.18739],[-75.53337,39.18787],[-75.53447,39.18772],[-75.53595,39.18659],[-75.53662,39.18648],[-75.54117,39.18976],[-75.54118,39.1902],[-75.53981,39.19099],[-75.53937,39.19157],[-75.54168,39.19266],[-75.54258,39.19328],[-75.54147,39.1942],[-75.54144,39.19441],[-75.54303,39.19571],[-75.5435,39.19522],[-75.54357,39.19471],[-75.54297,39.19359],[-75.54199,39.19273],[-75.54244,39.19159],[-75.54303,39.19109],[-75.55572,39.20014],[-75.55732,39.19862],[-75.55799,39.19736],[-75.55833,39.19611],[-75.55888,39.19607],[-75.55972,39.19661],[-75.55972,39.19684],[-75.55929,39.19708]],"type":"LineString"},"properties":{"color":"#FF00FF","color_name":"pink","kind":"route","label":"112","long":"DelTech / West Dover","route_id":"8173","text_color":"#000000","type_label":"Bus"},"type":"Feature"},{"geometry":{"coordinates":[[-75.54597,39.10107],[-75.54571,39.10157],[-75.54597,39.10107],[-75.54328,39.10031],[-75.541,39.10518],[-75.54063,39.10534],[-75.53909,39.10422],[-75.54457,39.09618],[-75.54534,39.08994],[-75.54653,39.08817],[-75.54698,39.08822],[-75.54729,39.08766],[-75.54703,39.08752],[-75.54724,39.0868],[-75.54656,39.08516],[-75.53569,39.07503],[-75.53367,39.07041],[-75.53347,39.06948],[-75.53065,39.06996],[-75.53027,39.06855],[-75.53048,39.06703],[-75.52853,39.06687],[-75.52713,39.06725],[-75.52663,39.06616],[-75.52598,39.06353],[-75.52648,39.06321],[-75.52828,39.0633],[-75.53043,39.06306],[-75.53143,39.06551],[-75.53069,39.06589],[-75.53048,39.06703],[-75.53419,39.06745],[-75.53926,39.06874],[-75.5417,39.0711],[-75.54265,39.07063],[-75.54405,39.07037],[-75.54764,39.07068],[-75.54759,39.0712],[-75.54807,39.07162],[-75.54797,39.07258],[-75.54816,39.07335],[-75.54712,39.07357],[-75.5472,39.07402],[-75.54797,39.0739],[-75.54816,39.07335],[-75.54797,39.07258],[-75.54807,39.07162],[-75.54759,39.0712],[-75.54764,39.07068],[-75.55351,39.07124],[-75.55774,39.04519],[-75.56917,39.00715],[-75.56952,39.00522],[-75.56953,39.0029],[-75.5685,38.99063],[-75.56734,38.9835],[-75.56726,38.97374],[-75.56547,38.96309],[-75.56389,38.94651],[-75.56404,38.9442],[-75.56891,38.91802],[-75.56957,38.91278],[-75.56931,38.91276],[-75.56836,38.9191],[-75.56669,38.92355],[-75.5666,38.92399],[-75.57413,38.92305],[-75.57706,38.92343],[-75.57712,38.92479],[-75.57625,38.92585],[-75.57983,38.92666],[-75.58082,38.92831],[-75.5826,38.92767],[-75.58717,38.93024],[-75.58735,38.93008],[-75.58755,38.93018],[-75.588,38.92971],[-75.58783,38.92961],[-75.58735,38.93008]],"type":"LineString"},"properties":{"color":"#00FF00","color_name":"green","kind":"route","label":"117","long":"Harrington / Dover","route_id":"8174","text_color":"#000000","type_label":"Bus"},"type":"Feature"},{"geometry":{"coordinates":[[-75.16952,38.74815],[-75.16924,38.74843],[-75.16178,38.74832],[-75.15884,38.74764],[-75.15585,38.74626],[-75.13418,38.73187],[-75.12103,38.72163],[-75.10705,38.7147],[-75.10817,38.71306],[-75.10822,38.71194],[-75.10715,38.71208],[-75.10616,38.71162],[-75.1059,38.71126],[-75.10402,38.71204],[-75.10335,38.71295],[-75.08989,38.70721],[-75.09029,38.70674],[-75.09274,38.70815],[-75.09259,38.71028],[-75.09199,38.71148],[-75.08845,38.71526],[-75.07718,38.71643],[-75.07712,38.7166]],"type":"LineString"},"properties":{"color":"#FF0000","color_name":"red","kind":"route","label":"201","long":"Lewes TC / Rehoboth Beach","route_id":"8175","text_color":"#000000","type_label":"Bus"},"type":"Feature"},{"geometry":{"coordinates":[[-75.10697,38.71202],[-75.10614,38.7116],[-75.1059,38.71126],[-75.10763,38.71058],[-75.10828,38.71236],[-75.10803,38.71334],[-75.10694,38.71487],[-75.12083,38.72173],[-75.13388,38.73192],[-75.1565,38.74688],[-75.16002,38.74819],[-75.1641,38.74865],[-75.16526,38.74846],[-75.16861,38.7463],[-75.17065,38.74821],[-75.16952,38.74815],[-75.16932,38.74843],[-75.16603,38.74846],[-75.16574,38.74831],[-75.16578,38.74812],[-75.17104,38.74462],[-75.17404,38.74765],[-75.1747,38.74772],[-75.17588,38.74711],[-75.17616,38.74736],[-75.17425,38.74811],[-75.17245,38.74935],[-75.16991,38.74976],[-75.16769,38.75057],[-75.1681,38.75133],[-75.16883,38.75201],[-75.16892,38.75193],[-75.16769,38.75057],[-75.16384,38.75171],[-75.16288,38.75226],[-75.15398,38.76029],[-75.13245,38.78063],[-75.13125,38.78044],[-75.12092,38.78001],[-75.11853,38.7802],[-75.11841,38.78059],[-75.11728,38.78073],[-75.11733,38.78166],[-75.11857,38.78166],[-75.11863,38.78088]],"type":"LineString"},"properties":{"color":"#FFFF00","color_name":"yellow","kind":"route","label":"204","long":"Lewes TC / Lewes-Ferry","route_id":"8176","text_color":"#000000","type_label":"Bus"},"type":"Feature"},{"geometry":{"coordinates":[[-75.38452,38.69285],[-75.38492,38.69315],[-75.38452,38.69285],[-75.38207,38.69481],[-75.38296,38.6955],[-75.38254,38.69812],[-75.38278,38.69839],[-75.38249,38.69911],[-75.38228,38.69909],[-75.38284,38.69687],[-75.38296,38.6955],[-75.38092,38.69393],[-75.38555,38.69031],[-75.38619,38.69029],[-75.38631,38.69002],[-75.38617,38.68979],[-75.39604,38.68186],[-75.39438,38.67987],[-75.39095,38.67661],[-75.3742,38.6593],[-75.37373,38.65957],[-75.37309,38.65924],[-75.37319,38.65964],[-75.37362,38.65969],[-75.37404,38.65941],[-75.37847,38.66395],[-75.37861,38.6644],[-75.37838,38.66504],[-75.37902,38.6651],[-75.3793,38.6655],[-75.37912,38.66641],[-75.37788,38.66656],[-75.37856,38.66458],[-75.37902,38.66451],[-75.38152,38.66713],[-75.38108,38.66741],[-75.38161,38.66791],[-75.38181,38.66779],[-75.38133,38.66726],[-75.38152,38.66713],[-75.38563,38.67137],[-75.37712,38.67399],[-75.37869,38.67674],[-75.37962,38.68027],[-75.38193,38.68552],[-75.38209,38.68699],[-75.38554,38.68981],[-75.38541,38.69004],[-75.38555,38.69031],[-75.37924,38.69525],[-75.37761,38.69618],[-75.36935,38.69871],[-75.36592,38.70058],[-75.34337,38.70628],[-75.33932,38.70762],[-75.32488,38.71124],[-75.315,38.71484],[-75.3013,38.72047],[-75.28821,38.72432],[-75.23864,38.7342],[-75.20892,38.73882],[-75.1962,38.74018],[-75.17374,38.74827],[-75.17324,38.74842],[-75.17084,38.74842],[-75.17065,38.74821],[-75.16952,38.74815]],"type":"LineString"},"properties":{"color":"#008000","color_name":"green","kind":"route","label":"206","long":"Georgetown / Lewes TC","route_id":"8177","text_color":"#000000","type_label":"Bus"},"type":"Feature"},{"geometry":{"coordinates":[[-75.05279,38.44941],[-75.05262,38.4494],[-75.0527,38.44843],[-75.05412,38.44852],[-75.05423,38.44741],[-75.05262,38.44733],[-75.05217,38.45216],[-75.05154,38.47149],[-75.05214,38.48256],[-75.05248,38.48497],[-75.05489,38.49703],[-75.05493,38.49867],[-75.05439,38.50658],[-75.055,38.52042],[-75.05539,38.52517],[-75.05561,38.52616],[-75.05606,38.52699],[-75.05579,38.52757],[-75.05687,38.53195],[-75.05721,38.5384],[-75.05919,38.53819],[-75.05984,38.54426],[-75.05963,38.54511],[-75.05876,38.54665],[-75.05862,38.54762],[-75.05952,38.55283],[-75.05998,38.5575],[-75.06058,38.57759],[-75.06166,38.5873],[-75.0624,38.60001],[-75.06239,38.60111],[-75.06208,38.60154],[-75.0624,38.60219],[-75.06264,38.60352],[-75.06263,38.60503],[-75.063,38.60532],[-75.06356,38.60527],[-75.06386,38.60684],[-75.06409,38.60686],[-75.06386,38.60684],[-75.06356,38.60527],[-75.063,38.60532],[-75.06263,38.60503],[-75.06264,38.60352],[-75.0624,38.60219],[-75.06208,38.60154],[-75.06214,38.60138],[-75.06257,38.60143],[-75.06429,38.61224],[-75.0652,38.61619],[-75.06608,38.62308],[-75.0674,38.62838],[-75.06874,38.65125],[-75.072,38.68049],[-75.07249,38.68252],[-75.07396,38.68697],[-75.07546,38.69735],[-75.07597,38.69793],[-75.07759,38.69907],[-75.08932,38.70707],[-75.10694,38.71487],[-75.10816,38.71305],[-75.10822,38.71194],[-75.10715,38.71208],[-75.10614,38.7116],[-75.1059,38.71126],[-75.10763,38.71058],[-75.10819,38.71182],[-75.10824,38.71277],[-75.10694,38.71487],[-75.12083,38.72173],[-75.13388,38.73192],[-75.15573,38.74647],[-75.1574,38.7473],[-75.16002,38.74819],[-75.1641,38.74865],[-75.16526,38.74846],[-75.16861,38.7463],[-75.17065,38.74821],[-75.16952,38.74815]],"type":"LineString"},"properties":{"color":"#00FFFF","color_name":"teal","kind":"route","label":"208","long":"Lewes / Ocean City, MD","route_id":"8178","text_color":"#000000","type_label":"Bus"},"type":"Feature"},{"geometry":{"coordinates":[[-75.39077,38.8853],[-75.39242,38.88506],[-75.39281,38.88547],[-75.39326,38.88557],[-75.39369,38.88541],[-75.39387,38.88508],[-75.39369,38.88469],[-75.39311,38.88454],[-75.39256,38.88489],[-75.38887,38.88556],[-75.3902,38.8899],[-75.39801,38.88489],[-75.40034,38.88281],[-75.40694,38.888],[-75.42095,38.89769],[-75.42223,38.89805],[-75.42325,38.89873],[-75.4303,38.90028],[-75.42959,38.90425],[-75.43458,38.90683],[-75.43369,38.90793],[-75.43293,38.9076],[-75.43268,38.90794],[-75.43226,38.90774],[-75.4324,38.90751],[-75.43167,38.90714],[-75.43099,38.90796],[-75.42911,38.90703],[-75.42821,38.91428],[-75.4286,38.91706],[-75.42896,38.92649],[-75.42866,38.92687],[-75.42907,38.92757],[-75.43306,38.92768],[-75.43876,38.9206],[-75.44046,38.92137],[-75.44193,38.91961],[-75.4401,38.91866],[-75.43436,38.92553],[-75.43309,38.92722],[-75.43306,38.92768],[-75.44209,38.92802],[-75.44683,38.93065],[-75.45163,38.93209],[-75.45105,38.93334],[-75.45105,38.93373],[-75.45141,38.93414],[-75.45222,38.93452],[-75.45267,38.93513],[-75.452,38.93535],[-75.45267,38.93513],[-75.45259,38.93491],[-75.45105,38.93373],[-75.45105,38.93334],[-75.45163,38.93209],[-75.44683,38.93065],[-75.44209,38.92802],[-75.43674,38.92778],[-75.43656,38.93127],[-75.43404,38.9311],[-75.43408,38.92982]],"type":"LineString"},"properties":{"color":"#808080","color_name":"gray","kind":"route","label":"210","long":"Milford","route_id":"8179","text_color":"#000000","type_label":"Bus"},"type":"Feature"},{"geometry":{"coordinates":[[-75.56,38.45556],[-75.55812,38.45557],[-75.55614,38.5547],[-75.5564,38.55507],[-75.56268,38.55618],[-75.56797,38.55539],[-75.57022,38.5567],[-75.57278,38.5569],[-75.57437,38.55677],[-75.57505,38.55638],[-75.57523,38.55604],[-75.57767,38.55548],[-75.57955,38.55598],[-75.58468,38.55837],[-75.58563,38.55696],[-75.58283,38.55564],[-75.58304,38.55499],[-75.58276,38.55469],[-75.5761,38.55358],[-75.57725,38.55049],[-75.57226,38.55041],[-75.56975,38.55069],[-75.57147,38.55753],[-75.57193,38.56],[-75.57178,38.56068],[-75.57068,38.56274],[-75.57069,38.56354],[-75.57094,38.56417],[-75.56929,38.56494],[-75.57077,38.5671],[-75.57158,38.56534],[-75.57328,38.56838],[-75.58275,38.58346],[-75.59003,38.59548],[-75.59038,38.59632],[-75.5909,38.59934],[-75.59488,38.60822],[-75.59605,38.60982],[-75.59946,38.61314],[-75.60027,38.61415],[-75.60711,38.62621],[-75.60844,38.62819],[-75.6101,38.6358],[-75.61001,38.63713],[-75.60904,38.63981],[-75.60909,38.64743],[-75.60868,38.6483],[-75.60275,38.64983],[-75.59835,38.65228],[-75.59677,38.65262],[-75.59427,38.65276],[-75.59443,38.65499],[-75.59388,38.66032],[-75.59346,38.6605],[-75.59234,38.66009],[-75.59202,38.66054],[-75.59147,38.66066],[-75.59076,38.66184],[-75.59357,38.66287],[-75.58832,38.70622],[-75.58832,38.70822],[-75.59007,38.72195],[-75.59037,38.7231],[-75.59206,38.72322],[-75.59271,38.72363],[-75.59306,38.72416],[-75.59302,38.72519],[-75.59245,38.72689],[-75.59253,38.72776],[-75.59704,38.73796],[-75.59905,38.74394],[-75.59916,38.74417],[-75.60467,38.74265],[-75.60497,38.74335],[-75.60589,38.74301],[-75.60597,38.74227],[-75.59948,38.74406],[-75.59905,38.74394],[-75.59704,38.73796],[-75.59253,38.72776],[-75.59251,38.7266],[-75.59324,38.72458],[-75.59306,38.72387],[-75.59265,38.72339],[-75.59166,38.723],[-75.58922,38.723],[-75.5883,38.72276],[-75.58656,38.721],[-75.58539,38.72015],[-75.57883,38.71719],[-75.56546,38.71026],[-75.55684,38.70793],[-75.55544,38.70774],[-75.54689,38.70797],[-75.53063,38.71034],[-75.52407,38.7092],[-75.52189,38.70867],[-75.51954,38.70779],[-75.48176,38.69268],[-75.48058,38.69238],[-75.47852,38.69247],[-75.47035,38.69346],[-75.46281,38.69471],[-75.45163,38.69844],[-75.44939,38.69872],[-75.44224,38.69809],[-75.43363,38.69835],[-75.41401,38.6977],[-75.41181,38.69774],[-75.40363,38.69851],[-75.39715,38.69844],[-75.3947,38.69764],[-75.3938,38.69716],[-75.38819,38.69205],[-75.38572,38.69376],[-75.38491,38.69314]],"type":"LineString"},"properties":{"color":"#808080","color_name":"gray","kind":"route","label":"212","long":"Georgetown / Seaford / Laurel","route_id":"8180","text_color":"#000000","type_label":"Bus"},"type":"Feature"},{"geometry":{"coordinates":[[-75.09785,38.71227],[-75.09659,38.71352],[-75.09953,38.71281],[-75.10206,38.71263],[-75.10694,38.71487],[-75.10808,38.71327],[-75.10822,38.71194],[-75.10715,38.71208],[-75.10616,38.71162],[-75.1059,38.71126],[-75.10763,38.71058],[-75.10819,38.71182],[-75.10827,38.71264],[-75.10799,38.71342],[-75.10694,38.71487],[-75.12083,38.72174],[-75.13385,38.73175],[-75.14589,38.72076],[-75.16022,38.70457],[-75.16424,38.7019],[-75.17001,38.69953],[-75.17147,38.69844],[-75.17237,38.69719],[-75.1857,38.67203],[-75.18647,38.6707],[-75.1885,38.66838],[-75.18919,38.66689],[-75.18949,38.66509],[-75.18922,38.6549],[-75.18934,38.65346],[-75.19853,38.61926],[-75.19932,38.61762],[-75.20044,38.61627],[-75.20995,38.60753],[-75.21145,38.60654],[-75.21389,38.60595],[-75.22238,38.60559],[-75.22502,38.60412],[-75.22663,38.60359],[-75.2408,38.60304],[-75.25992,38.60117],[-75.25985,38.60052],[-75.25965,38.60052],[-75.25992,38.60117],[-75.2625,38.60109],[-75.27968,38.60158],[-75.28422,38.60276],[-75.28554,38.60051],[-75.29004,38.59817],[-75.29085,38.59734],[-75.29117,38.5966],[-75.29124,38.59572],[-75.2908,38.59374],[-75.29159,38.59263],[-75.29349,38.5887],[-75.2912,38.58719],[-75.29174,38.58653],[-75.28735,38.58076],[-75.28761,38.58067],[-75.28801,38.58105]],"type":"LineString"},"properties":{"color":"#8000FF","color_name":"purple","kind":"route","label":"215","long":"Rehoboth P&R / Millsboro","route_id":"8181","text_color":"#000000","type_label":"Bus"},"type":"Feature"},{"geometry":{"coordinates":[[-75.52864,39.1528],[-75.52878,39.15345],[-75.52135,39.15514],[-75.52179,39.15619],[-75.51877,39.15699],[-75.51804,39.15768],[-75.51651,39.15785],[-75.51285,39.15753],[-75.51252,39.15732],[-75.5124,39.15698],[-75.514,39.15244],[-75.51239,39.15178],[-75.5092,39.1482],[-75.50868,39.14797],[-75.50801,39.14805],[-75.50382,39.15014],[-75.50984,39.15738],[-75.51167,39.15904],[-75.51581,39.16422],[-75.51646,39.16559],[-75.51715,39.1688],[-75.51815,39.1703],[-75.52982,39.18151],[-75.53875,39.188],[-75.53958,39.18847],[-75.54059,39.18796],[-75.54042,39.18778],[-75.53941,39.18848],[-75.55572,39.20014],[-75.55733,39.19862],[-75.55782,39.19778],[-75.55837,39.19608],[-75.55888,39.19607],[-75.55976,39.19666],[-75.55967,39.19689],[-75.55844,39.19755],[-75.55854,39.19784],[-75.56014,39.19696],[-75.56005,39.19677],[-75.55931,39.19617],[-75.55809,39.19586],[-75.55798,39.19675],[-75.55755,39.19789],[-75.55674,39.19901],[-75.55557,39.20004],[-75.55591,39.2],[-75.55662,39.19939],[-75.55572,39.20014],[-75.55557,39.20004],[-75.55347,39.20161],[-75.5464,39.20518],[-75.54475,39.20544],[-75.53993,39.20515],[-75.53878,39.20477],[-75.53798,39.20404],[-75.53807,39.20322],[-75.53894,39.20271],[-75.53998,39.20284],[-75.54098,39.20345],[-75.54637,39.20951],[-75.54812,39.21116],[-75.54979,39.21239],[-75.56482,39.22156],[-75.56821,39.22383],[-75.57114,39.22614],[-75.57342,39.22822],[-75.5758,39.23071],[-75.5778,39.23317],[-75.57966,39.23586],[-75.58066,39.23784],[-75.5813,39.23991],[-75.58159,39.24207],[-75.58123,39.24545],[-75.57925,39.25157],[-75.57851,39.25488],[-75.57821,39.25854],[-75.57854,39.26272],[-75.5794,39.26625],[-75.58089,39.26996],[-75.58254,39.27285],[-75.58648,39.27869],[-75.58653,39.27983],[-75.58551,39.28175],[-75.58565,39.28257],[-75.58627,39.2831],[-75.58716,39.28329],[-75.59275,39.28201],[-75.59331,39.28227],[-75.59527,39.28856],[-75.59594,39.29015],[-75.59766,39.29363],[-75.60142,39.29964],[-75.60372,39.30266],[-75.61786,39.31888],[-75.61895,39.32037],[-75.61875,39.32083],[-75.61708,39.32155],[-75.6167,39.32191],[-75.61695,39.32274],[-75.61768,39.32374],[-75.61842,39.32348],[-75.61796,39.32276],[-75.61739,39.32287],[-75.61695,39.3227],[-75.61669,39.3222],[-75.61673,39.32184],[-75.61882,39.32087],[-75.61934,39.321],[-75.62527,39.33092],[-75.62917,39.33548],[-75.63086,39.33472],[-75.63252,39.33469],[-75.63404,39.33535],[-75.63554,39.33666],[-75.63697,39.3383],[-75.64427,39.3492],[-75.64662,39.35211],[-75.6514,39.35745],[-75.65297,39.35972],[-75.65403,39.36214],[-75.65554,39.36801],[-75.65653,39.37074],[-75.666,39.38946],[-75.66657,39.39099],[-75.6668,39.39227],[-75.66684,39.39366],[-75.66657,39.3952],[-75.65882,39.41913],[-75.65819,39.42225],[-75.65811,39.42472],[-75.65838,39.42705],[-75.66145,39.43826],[-75.66226,39.44006],[-75.6633,39.44137],[-75.67226,39.449],[-75.67316,39.44997],[-75.67345,39.4506],[-75.67346,39.4514],[-75.67245,39.4534],[-75.67228,39.45411],[-75.6724,39.45491],[-75.6728,39.45576],[-75.68031,39.45372],[-75.68134,39.45354],[-75.68149,39.45402],[-75.68179,39.4542],[-75.68105,39.45466],[-75.68048,39.45448],[-75.67912,39.45483],[-75.67892,39.45444],[-75.67869,39.45441],[-75.67802,39.45463],[-75.67823,39.45516],[-75.68048,39.45448],[-75.68105,39.45466],[-75.68179,39.4542],[-75.68146,39.45352],[-75.68009,39.45373],[-75.67761,39.45424],[-75.67275,39.45564],[-75.67311,39.45685],[-75.67286,39.4578],[-75.67236,39.45846],[-75.67071,39.45953],[-75.66865,39.4603],[-75.65477,39.46386],[-75.65305,39.46466],[-75.65146,39.46599],[-75.65058,39.46739],[-75.65023,39.46865],[-75.64982,39.48202],[-75.64962,39.48403],[-75.64906,39.48681],[-75.64631,39.49579],[-75.64568,39.49736],[-75.64461,39.49922],[-75.6444,39.50042],[-75.64412,39.50066],[-75.64221,39.50109],[-75.64237,39.5017],[-75.64323,39.50157],[-75.64344,39.50188],[-75.64424,39.50174],[-75.6442,39.50141],[-75.64237,39.5017],[-75.64221,39.50109],[-75.64403,39.50086],[-75.64475,39.50112],[-75.64681,39.50684],[-75.65043,39.51333],[-75.65142,39.51642],[-75.65161,39.51843],[-75.65141,39.521],[-75.64977,39.53041],[-75.64949,39.53303],[-75.64935,39.54019],[-75.64972,39.54202],[-75.65096,39.54419],[-75.66211,39.55664],[-75.66302,39.55823],[-75.66345,39.55996],[-75.66344,39.56128],[-75.6619,39.57294],[-75.66156,39.58725],[-75.66082,39.59037],[-75.65432,39.60339],[-75.65184,39.60725],[-75.64989,39.60984],[-75.64871,39.61084],[-75.64755,39.61142],[-75.64484,39.61212],[-75.64349,39.61293],[-75.64263,39.61396],[-75.64223,39.61537],[-75.64239,39.61639],[-75.64305,39.61758],[-75.64898,39.62475],[-75.65078,39.62723],[-75.65216,39.62996],[-75.65302,39.63278],[-75.65327,39.63552],[-75.65289,39.63826],[-75.65219,39.6403],[-75.64997,39.64463],[-75.64949,39.64663],[-75.64942,39.64858],[-75.64966,39.6502],[-75.65212,39.65995],[-75.65292,39.66218],[-75.65479,39.6661],[-75.65505,39.66742],[-75.65505,39.66864],[-75.65436,39.67039],[-75.65215,39.67188],[-75.64926,39.67555],[-75.65029,39.67617],[-75.65124,39.67522],[-75.65199,39.67519],[-75.65277,39.67549],[-75.65516,39.67704],[-75.65571,39.67767],[-75.65602,39.67863],[-75.65596,39.68017],[-75.65544,39.68113],[-75.6557,39.68165],[-75.65457,39.68317],[-75.65258,39.68456],[-75.64126,39.68856],[-75.60792,39.69896],[-75.60138,39.70047],[-75.59224,39.7019],[-75.5907,39.70237],[-75.58932,39.70321],[-75.58823,39.70451],[-75.58779,39.70567],[-75.58723,39.70911],[-75.58624,39.71106],[-75.58442,39.71277],[-75.58197,39.71396],[-75.56923,39.71641],[-75.56557,39.7168],[-75.55752,39.71689],[-75.55612,39.71639],[-75.55599,39.71587],[-75.55632,39.71548],[-75.55761,39.71508],[-75.55807,39.71528],[-75.55825,39.71569],[-75.55602,39.71847],[-75.55555,39.71949],[-75.5555,39.72155],[-75.55585,39.72619],[-75.55575,39.72869],[-75.55523,39.72956],[-75.55181,39.73385],[-75.55033,39.73663],[-75.54655,39.74231],[-75.54748,39.74268],[-75.54604,39.74483],[-75.54968,39.74633],[-75.55059,39.74711],[-75.54961,39.74856],[-75.55225,39.74964],[-75.55339,39.74985],[-75.55739,39.75335],[-75.55772,39.75282],[-75.55651,39.75243],[-75.55448,39.75061]],"type":"LineString"},"properties":{"color":"#008000","color_name":"green","kind":"route","label":"301","long":"Intercounty Wilmington / Dover","route_id":"8182","text_color":"#000000","type_label":"Bus"},"type":"Feature"},{"geometry":{"coordinates":[[-75.72243,39.48619],[-75.72246,39.48646],[-75.72274,39.48642],[-75.72274,39.48606],[-75.72367,39.48497],[-75.72255,39.4843],[-75.71959,39.48352],[-75.72021,39.48129],[-75.72123,39.46336],[-75.71728,39.45168],[-75.71641,39.44859],[-75.71246,39.44884],[-75.71263,39.44989],[-75.72319,39.44939],[-75.72045,39.43832],[-75.72044,39.43607],[-75.72237,39.43516],[-75.72923,39.43546],[-75.73458,39.43592],[-75.73495,39.43705],[-75.73906,39.4436],[-75.7471,39.44068],[-75.74463,39.43615],[-75.74223,39.43074],[-75.74115,39.42944],[-75.73893,39.42829],[-75.73563,39.42751],[-75.72978,39.42543],[-75.72768,39.42528],[-75.72591,39.42571],[-75.72463,39.42635],[-75.72005,39.42952],[-75.71919,39.43042],[-75.71807,39.4321],[-75.71722,39.43291],[-75.71487,39.43395],[-75.71234,39.43547],[-75.71006,39.43185],[-75.70885,39.42948],[-75.70804,39.42699],[-75.7061,39.4223],[-75.70475,39.41575],[-75.70405,39.41389],[-75.70335,39.41278],[-75.69902,39.40837],[-75.69777,39.40754],[-75.69225,39.40471],[-75.6882,39.4005],[-75.67874,39.3939],[-75.66876,39.38538],[-75.66597,39.38162],[-75.66539,39.38008],[-75.66472,39.37698],[-75.66337,39.37452],[-75.65943,39.37055],[-75.65088,39.36443],[-75.64805,39.36179],[-75.6463,39.35925],[-75.63996,39.34741],[-75.62594,39.33145],[-75.61941,39.32077],[-75.61905,39.32071],[-75.61815,39.32106],[-75.61673,39.32184],[-75.61672,39.3223],[-75.61768,39.32374],[-75.61842,39.32348],[-75.61796,39.32276],[-75.61739,39.32287],[-75.61695,39.3227],[-75.6167,39.32191],[-75.61708,39.32155],[-75.61911,39.32073],[-75.61932,39.32051],[-75.619,39.31999],[-75.60277,39.30129],[-75.59771,39.29343],[-75.59553,39.28883],[-75.59298,39.28045],[-75.59019,39.2728],[-75.5867,39.26413],[-75.58635,39.25509],[-75.5867,39.2526],[-75.58842,39.24554],[-75.58815,39.24407],[-75.57928,39.22929],[-75.57137,39.21215],[-75.57075,39.21113],[-75.56935,39.20964],[-75.56833,39.20888],[-75.55591,39.2],[-75.55701,39.199],[-75.55768,39.19806],[-75.55837,39.19608],[-75.55888,39.19607],[-75.55976,39.19666],[-75.55967,39.19689],[-75.55844,39.19755],[-75.55854,39.19784],[-75.56014,39.19696],[-75.55971,39.19644],[-75.55856,39.19589],[-75.55833,39.19559],[-75.55911,39.18947],[-75.56084,39.18556],[-75.56086,39.18433],[-75.56032,39.18272],[-75.55889,39.18111],[-75.55396,39.17647],[-75.54843,39.17289],[-75.54747,39.17195],[-75.54346,39.16088],[-75.54173,39.15378],[-75.54106,39.15359],[-75.53531,39.1549],[-75.5314,39.15547],[-75.53032,39.15311],[-75.5281,39.15361],[-75.52788,39.15295],[-75.52798,39.1528],[-75.53,39.1523]],"type":"LineString"},"properties":{"color":"#FF00FF","color_name":"pink","kind":"route","label":"302","long":"Intercounty Dover / Middletown","route_id":"8183","text_color":"#000000","type_label":"Bus"},"type":"Feature"},{"geometry":{"coordinates":[[-75.38452,38.69285],[-75.38491,38.69314],[-75.38452,38.69285],[-75.38207,38.69481],[-75.38296,38.6955],[-75.38254,38.69812],[-75.38278,38.69839],[-75.38247,38.69912],[-75.38228,38.69909],[-75.38284,38.69687],[-75.38296,38.6955],[-75.38207,38.69481],[-75.38452,38.69285],[-75.38572,38.69376],[-75.38717,38.69269],[-75.3848,38.69091],[-75.37829,38.69585],[-75.37681,38.69646],[-75.36935,38.69871],[-75.36592,38.70058],[-75.34337,38.70628],[-75.33932,38.70762],[-75.32488,38.71124],[-75.315,38.71484],[-75.3013,38.72047],[-75.28882,38.72415],[-75.28566,38.72485],[-75.28763,38.7301],[-75.28849,38.73621],[-75.28938,38.73965],[-75.28964,38.74272],[-75.29053,38.74739],[-75.29117,38.7486],[-75.29214,38.7495],[-75.30742,38.75825],[-75.31436,38.76345],[-75.31506,38.76432],[-75.31641,38.76756],[-75.31647,38.76884],[-75.31147,38.77525],[-75.31016,38.77766],[-75.3105,38.77782],[-75.31211,38.77989],[-75.31386,38.78379],[-75.30961,38.78494],[-75.31096,38.7883],[-75.32412,38.78748],[-75.33995,38.78676],[-75.35577,38.7848],[-75.35769,38.78485],[-75.35967,38.78539],[-75.41261,38.80671],[-75.41578,38.80718],[-75.43811,38.80676],[-75.43854,38.80694],[-75.4392,38.86897],[-75.43897,38.86932],[-75.42916,38.87105],[-75.42598,38.88559],[-75.42632,38.8869],[-75.43084,38.89703],[-75.42866,38.90984],[-75.42824,38.91452],[-75.42253,38.91531],[-75.42203,38.91566],[-75.41932,38.91873],[-75.42866,38.92687],[-75.42906,38.92747],[-75.42939,38.92976],[-75.43133,38.92962],[-75.43296,38.93005],[-75.43315,38.92976],[-75.43409,38.92982],[-75.4341,38.9294],[-75.43341,38.92939],[-75.4327,38.93055],[-75.43271,38.93102],[-75.43487,38.93117],[-75.4344,38.93386],[-75.43321,38.93376],[-75.43332,38.93255],[-75.43146,38.93243],[-75.43136,38.93365],[-75.43074,38.93362],[-75.42995,38.93324],[-75.429,38.9361],[-75.42732,38.93808],[-75.42715,38.93883],[-75.42744,38.9411],[-75.42588,38.94698],[-75.42557,38.94905],[-75.42559,38.95097],[-75.42596,38.95296],[-75.42655,38.95473],[-75.42773,38.95729],[-75.43939,38.98169],[-75.44029,38.9834],[-75.44145,38.98505],[-75.44413,38.9877],[-75.44969,38.99161],[-75.44979,38.99193],[-75.44959,38.99233],[-75.44914,38.99252],[-75.44867,38.99246],[-75.44804,38.99191],[-75.45041,38.98978],[-75.45077,38.98976],[-75.45251,38.99092],[-75.45309,38.99163],[-75.45343,38.99344],[-75.45403,38.99432],[-75.46241,39.00004],[-75.46316,39.00089],[-75.46382,39.00212],[-75.46473,39.00952],[-75.46464,39.01102],[-75.46433,39.01199],[-75.46318,39.01415],[-75.46035,39.01506],[-75.45971,39.01562],[-75.4599,39.01626],[-75.4614,39.01715],[-75.46152,39.01807],[-75.45948,39.02747],[-75.45858,39.03026],[-75.45771,39.03404],[-75.45698,39.03604],[-75.45603,39.04069],[-75.45601,39.04183],[-75.45706,39.04181],[-75.45737,39.04426],[-75.45816,39.04713],[-75.4587,39.04843],[-75.45992,39.05046],[-75.46172,39.05262],[-75.46967,39.06052],[-75.47615,39.07161],[-75.48041,39.07669],[-75.48481,39.07973],[-75.48901,39.08414],[-75.49174,39.08636],[-75.51012,39.09671],[-75.51214,39.09851],[-75.51332,39.10035],[-75.51368,39.10155],[-75.51559,39.1182],[-75.522,39.11686],[-75.52705,39.1152],[-75.53399,39.11323],[-75.53689,39.11317],[-75.53712,39.11346],[-75.53198,39.12444],[-75.53202,39.12475],[-75.5342,39.12558],[-75.53698,39.12566],[-75.53779,39.12593],[-75.53844,39.1265],[-75.5399,39.1287],[-75.5414,39.12962],[-75.54797,39.13018],[-75.54894,39.13064],[-75.54981,39.13157],[-75.55004,39.13242],[-75.54994,39.13304],[-75.54906,39.1342],[-75.54802,39.13472],[-75.54418,39.13594],[-75.54292,39.13664],[-75.54154,39.13783],[-75.54065,39.13912],[-75.53864,39.14304],[-75.53833,39.14454],[-75.53844,39.14586],[-75.54135,39.15309],[-75.54118,39.15355],[-75.53531,39.1549],[-75.5314,39.15547],[-75.53006,39.15247],[-75.52871,39.15278]],"type":"LineString"},"properties":{"color":"#C0DCC0","color_name":"white","kind":"route","label":"303","long":"Intercounty Dover / Milford / Georgetown","route_id":"8184","text_color":"#000000","type_label":"Bus"},"type":"Feature"},{"geometry":{"coordinates":[[-75.1068,38.71194],[-75.10614,38.7116],[-75.1059,38.71126],[-75.10763,38.71058],[-75.10828,38.71236],[-75.10803,38.71334],[-75.10689,38.71485],[-75.12083,38.72173],[-75.13388,38.73192],[-75.15573,38.74647],[-75.1574,38.7473],[-75.16002,38.74819],[-75.1641,38.74865],[-75.16526,38.74846],[-75.16861,38.7463],[-75.17065,38.74821],[-75.16912,38.74809],[-75.16776,38.74684],[-75.17104,38.74462],[-75.17404,38.74765],[-75.1747,38.74772],[-75.17588,38.74711],[-75.17616,38.74736],[-75.17425,38.74811],[-75.17274,38.74921],[-75.1721,38.74929],[-75.17188,38.74893],[-75.17235,38.74863],[-75.17502,38.74862],[-75.18219,38.74968],[-75.18605,38.74969],[-75.1882,38.75037],[-75.18954,38.75133],[-75.19134,38.75374],[-75.19245,38.75464],[-75.20007,38.75896],[-75.20479,38.7614],[-75.21885,38.77067],[-75.24463,38.78718],[-75.24913,38.78929],[-75.25203,38.79088],[-75.25414,38.79235],[-75.25863,38.79603],[-75.26843,38.80266],[-75.30369,38.81944],[-75.30651,38.82174],[-75.31266,38.82946],[-75.32266,38.84675],[-75.32491,38.85225],[-75.32805,38.85773],[-75.33009,38.86008],[-75.33627,38.86646],[-75.33762,38.86724],[-75.33889,38.86762],[-75.34374,38.8679],[-75.34519,38.86819],[-75.3532,38.87203],[-75.35461,38.87312],[-75.35726,38.87671],[-75.35835,38.87745],[-75.37423,38.88518],[-75.38233,38.88768],[-75.39337,38.89453],[-75.3951,38.89611],[-75.39625,38.89786],[-75.39692,38.90002],[-75.39683,38.90579],[-75.39748,38.90901],[-75.39941,38.91317],[-75.40228,38.91732],[-75.40484,38.92007],[-75.40819,38.92289],[-75.42536,38.93429],[-75.42707,38.93627],[-75.42767,38.93787],[-75.42769,38.94014],[-75.42726,38.94232],[-75.42588,38.94698],[-75.42556,38.94938],[-75.42571,38.95185],[-75.42655,38.95473],[-75.44029,38.9834],[-75.44145,38.98505],[-75.44343,38.98713],[-75.44997,38.99174],[-75.4513,38.993],[-75.45262,38.99488],[-75.45918,39.01208],[-75.46152,39.01638],[-75.46155,39.01796],[-75.45948,39.02747],[-75.45858,39.03026],[-75.45663,39.03923],[-75.45645,39.04198],[-75.45682,39.0446],[-75.45835,39.04872],[-75.46148,39.06149],[-75.4617,39.06317],[-75.46166,39.06496],[-75.45912,39.07752],[-75.45769,39.0832],[-75.45564,39.09291],[-75.45521,39.09601],[-75.45389,39.10235],[-75.45383,39.10394],[-75.45436,39.10545],[-75.45521,39.10657],[-75.45629,39.10742],[-75.47567,39.11917],[-75.48762,39.12588],[-75.4891,39.12715],[-75.4976,39.13687],[-75.4983,39.13858],[-75.49834,39.14032],[-75.49439,39.15117],[-75.49315,39.15661],[-75.49255,39.16225],[-75.49281,39.16537],[-75.49364,39.16799],[-75.49551,39.17116],[-75.49782,39.17357],[-75.50043,39.17549],[-75.53597,39.19942],[-75.53686,39.20012],[-75.53739,39.20085],[-75.53753,39.20153],[-75.53739,39.20309],[-75.53766,39.20391],[-75.53827,39.20461],[-75.53914,39.2051],[-75.54019,39.20533],[-75.54444,39.20558],[-75.54585,39.20547],[-75.54687,39.20518],[-75.55299,39.2021],[-75.55462,39.20106],[-75.55733,39.19862],[-75.55782,39.19778],[-75.55842,39.19605],[-75.55888,39.19607],[-75.55976,39.19666],[-75.55967,39.19689],[-75.55844,39.19755],[-75.55854,39.19784],[-75.56014,39.19696],[-75.56005,39.19677],[-75.55931,39.19617],[-75.55809,39.19586],[-75.55777,39.19741],[-75.55706,39.19865],[-75.55451,39.2009],[-75.55311,39.20181],[-75.5464,39.20518],[-75.54475,39.20544],[-75.54018,39.20518],[-75.53895,39.20486],[-75.53804,39.20414],[-75.53797,39.20342],[-75.53855,39.20283],[-75.5395,39.20271],[-75.54045,39.20308],[-75.54237,39.20487],[-75.54665,39.2098],[-75.54888,39.21176],[-75.56482,39.22156],[-75.56881,39.22428],[-75.57231,39.22717],[-75.57471,39.22953],[-75.57683,39.23192],[-75.57909,39.23498],[-75.5801,39.23664],[-75.58095,39.23866],[-75.58146,39.24075],[-75.58159,39.24246],[-75.58123,39.24545],[-75.57925,39.25157],[-75.57843,39.25545],[-75.57823,39.25974],[-75.57877,39.26391],[-75.58002,39.26798],[-75.58175,39.27156],[-75.59084,39.28462],[-75.59237,39.28772],[-75.5931,39.2902],[-75.59346,39.29287],[-75.59307,39.30178],[-75.59359,39.3043],[-75.59466,39.30681],[-75.59574,39.30848],[-75.60212,39.31682],[-75.60372,39.31853],[-75.6054,39.3199],[-75.60786,39.32144],[-75.6324,39.33428],[-75.63451,39.33572],[-75.63613,39.33728],[-75.64427,39.3492],[-75.64662,39.35211],[-75.6514,39.35745],[-75.65297,39.35972],[-75.65403,39.36214],[-75.65554,39.36801],[-75.6567,39.37114],[-75.66614,39.38976],[-75.6668,39.39227],[-75.66667,39.3948],[-75.65864,39.41976],[-75.65814,39.42274],[-75.65825,39.42621],[-75.65862,39.42811],[-75.66145,39.43826],[-75.6621,39.43978],[-75.66381,39.44186],[-75.67336,39.4501],[-75.6741,39.45121],[-75.6746,39.45254],[-75.67474,39.45367],[-75.67461,39.45494],[-75.67419,39.45616],[-75.67324,39.4576],[-75.67236,39.45846],[-75.67071,39.45953],[-75.66865,39.4603],[-75.65444,39.46397],[-75.6523,39.46519],[-75.65097,39.46667],[-75.65049,39.46762],[-75.65022,39.46884],[-75.64982,39.48202],[-75.64952,39.48468],[-75.64898,39.48713],[-75.64594,39.49711],[-75.6455,39.50023],[-75.64564,39.50272],[-75.64629,39.50552],[-75.64721,39.50767],[-75.6506,39.51371],[-75.65114,39.51524],[-75.65154,39.51722],[-75.65141,39.521],[-75.64954,39.53233],[-75.64933,39.5395],[-75.64956,39.54153],[-75.65009,39.54287],[-75.65096,39.54419],[-75.66211,39.55664],[-75.66313,39.5585],[-75.66348,39.56028],[-75.6619,39.57294],[-75.66156,39.58725],[-75.66072,39.59062],[-75.65432,39.60339],[-75.65184,39.60725],[-75.64989,39.60984],[-75.64871,39.61084],[-75.64755,39.61142],[-75.64484,39.61212],[-75.64349,39.61293],[-75.64263,39.61396],[-75.64223,39.61537],[-75.64239,39.61639],[-75.64305,39.61758],[-75.64898,39.62475],[-75.65078,39.62723],[-75.65216,39.62996],[-75.65302,39.63278],[-75.65327,39.63552],[-75.65289,39.63826],[-75.65219,39.6403],[-75.64997,39.64463],[-75.64949,39.64663],[-75.64942,39.64858],[-75.64966,39.6502],[-75.65212,39.65995],[-75.65292,39.66218],[-75.65479,39.6661],[-75.65505,39.66742],[-75.65505,39.66864],[-75.65436,39.67039],[-75.65215,39.67188],[-75.64926,39.67555],[-75.65029,39.67617],[-75.64825,39.67869],[-75.64894,39.68068],[-75.64956,39.6813],[-75.6505,39.68183],[-75.65148,39.68203],[-75.65333,39.68202],[-75.65469,39.68164],[-75.65544,39.68113],[-75.6557,39.68165],[-75.65457,39.68317],[-75.65258,39.68456],[-75.64126,39.68856],[-75.60792,39.69896],[-75.60094,39.70055],[-75.59198,39.70195],[-75.59023,39.7026],[-75.58896,39.70353],[-75.58823,39.70451],[-75.58778,39.70577],[-75.58786,39.70822],[-75.58758,39.70939],[-75.58356,39.71518],[-75.58236,39.7165],[-75.56731,39.72948],[-75.5664,39.73091],[-75.56539,39.73364],[-75.56267,39.7366],[-75.56236,39.7375],[-75.56229,39.73907],[-75.56207,39.73941],[-75.55908,39.74059],[-75.54968,39.73672],[-75.54946,39.73706]],"type":"LineString"},"properties":{"color":"#FF00FF","color_name":"pink","kind":"route","label":"305","long":"Intercounty Wilmington / Rehoboth","route_id":"8185","text_color":"#000000","type_label":"Bus"},"type":"Feature"},{"geometry":{"coordinates":[[-75.16952,38.74815],[-75.16912,38.74809],[-75.16776,38.74684],[-75.17104,38.74462],[-75.17404,38.74765],[-75.17492,38.74766],[-75.17591,38.74695],[-75.17616,38.74736],[-75.17425,38.74811],[-75.17274,38.74921],[-75.1721,38.74929],[-75.17188,38.74893],[-75.17235,38.74863],[-75.17502,38.74862],[-75.18219,38.74968],[-75.18605,38.74969],[-75.1882,38.75037],[-75.18954,38.75133],[-75.19134,38.75374],[-75.19245,38.75464],[-75.20007,38.75896],[-75.20479,38.7614],[-75.21885,38.77067],[-75.24463,38.78718],[-75.24913,38.78929],[-75.25203,38.79088],[-75.25414,38.79235],[-75.25863,38.79603],[-75.26843,38.80266],[-75.27012,38.8036],[-75.30246,38.81874],[-75.30408,38.8197],[-75.30666,38.82192],[-75.31266,38.82946],[-75.32266,38.84675],[-75.32491,38.85225],[-75.32805,38.85773],[-75.33009,38.86008],[-75.33627,38.86646],[-75.33762,38.86724],[-75.33889,38.86762],[-75.34374,38.8679],[-75.34519,38.86819],[-75.3532,38.87203],[-75.35461,38.87312],[-75.35726,38.87671],[-75.35835,38.87745],[-75.37423,38.88518],[-75.38146,38.88733],[-75.38362,38.88842],[-75.38528,38.88967],[-75.38532,38.89017],[-75.38483,38.89102],[-75.38492,38.89164],[-75.38647,38.89254],[-75.38709,38.89187],[-75.3902,38.8899],[-75.38887,38.88556],[-75.392,38.885],[-75.39245,38.88545],[-75.39314,38.88551],[-75.39355,38.88514],[-75.39359,38.88474],[-75.39336,38.88451],[-75.39291,38.88435],[-75.39207,38.88448],[-75.392,38.885],[-75.38887,38.88556],[-75.38983,38.8889],[-75.39099,38.89207],[-75.3913,38.89249],[-75.39485,38.89487],[-75.39703,38.8971],[-75.39877,38.89795],[-75.40389,38.90106],[-75.40838,38.90388],[-75.40966,38.90487],[-75.41431,38.9105],[-75.41488,38.91169],[-75.4159,38.91504],[-75.41656,38.91616],[-75.41766,38.91733],[-75.42866,38.92687],[-75.42906,38.92747],[-75.42939,38.92976],[-75.43133,38.92962],[-75.43296,38.93005],[-75.43315,38.92976],[-75.43409,38.92982],[-75.43404,38.9311],[-75.43487,38.93117],[-75.4344,38.93386],[-75.43074,38.93362],[-75.42995,38.93324],[-75.429,38.9361],[-75.42754,38.93774],[-75.42719,38.93845],[-75.42744,38.9411],[-75.42588,38.94698],[-75.42557,38.94905],[-75.42566,38.95149],[-75.42611,38.95348],[-75.42782,38.95748],[-75.44029,38.9834],[-75.44145,38.98505],[-75.44343,38.98713],[-75.44973,38.99166],[-75.44976,38.99204],[-75.44954,38.99238],[-75.44867,38.99246],[-75.44682,38.99131],[-75.44513,38.98984],[-75.44553,38.98934],[-75.44513,38.98984],[-75.4466,38.99114],[-75.44851,38.99248],[-75.45026,38.99253],[-75.45094,38.99277],[-75.45173,38.99352],[-75.45262,38.99488],[-75.45918,39.01208],[-75.46131,39.01581],[-75.46161,39.01685],[-75.46155,39.01796],[-75.45719,39.03822],[-75.45695,39.04128],[-75.4574,39.04492],[-75.46148,39.06149],[-75.4617,39.06317],[-75.46166,39.06496],[-75.45912,39.07752],[-75.45769,39.0832],[-75.45554,39.09342],[-75.45521,39.09601],[-75.4538,39.10292],[-75.45383,39.10394],[-75.45413,39.10497],[-75.45498,39.10632],[-75.45629,39.10742],[-75.47567,39.11917],[-75.48693,39.12543],[-75.48862,39.12668],[-75.48969,39.12783],[-75.49249,39.13209],[-75.49844,39.14361],[-75.50388,39.15021],[-75.50796,39.14816],[-75.50893,39.1481],[-75.50922,39.14823],[-75.51239,39.15178],[-75.51385,39.15231],[-75.51253,39.15584],[-75.51213,39.1573],[-75.51225,39.1576],[-75.51659,39.15794],[-75.5183,39.15779],[-75.51917,39.15801],[-75.52224,39.15729],[-75.52135,39.15514],[-75.53032,39.15311],[-75.53006,39.15247],[-75.52865,39.15279]],"type":"LineString"},"properties":{"color":"#808080","color_name":"gray","kind":"route","label":"307","long":"Intercounty Lewes TC / Dover","route_id":"8186","text_color":"#000000","type_label":"Bus"},"type":"Feature"},{"geometry":{"coordinates":[[-75.59621,38.66006],[-75.59695,38.65758],[-75.59602,38.65736],[-75.59574,38.65803],[-75.59442,38.65795],[-75.59466,38.65565],[-75.59456,38.65319],[-75.59498,38.65276],[-75.5973,38.65255],[-75.59835,38.65228],[-75.60282,38.65552],[-75.6018,38.65704],[-75.60023,38.66086],[-75.60099,38.66107],[-75.601,38.66141],[-75.60183,38.66265],[-75.60216,38.66282],[-75.60191,38.66342],[-75.59939,38.66271],[-75.6018,38.65704],[-75.6046,38.65315],[-75.60664,38.65402],[-75.60874,38.65383],[-75.60894,38.65421],[-75.60986,38.65405],[-75.60976,38.65365],[-75.61275,38.65312],[-75.61206,38.65054],[-75.61104,38.64787],[-75.61503,38.64694],[-75.61794,38.64651],[-75.6253,38.64614],[-75.62956,38.64544],[-75.63088,38.64849],[-75.63316,38.6479]],"type":"LineString"},"properties":{"color":"#008080","color_name":"teal","kind":"route","label":"903","long":"Seaford Flex","route_id":"8187","text_color":"#000000","type_label":"Bus"},"type":"Feature"},{"geometry":{"coordinates":[[-75.10658,38.71184],[-75.1059,38.71126],[-75.10763,38.71058],[-75.10827,38.71222],[-75.10806,38.71327],[-75.10701,38.71491],[-75.12083,38.72173],[-75.13376,38.73183],[-75.14589,38.72076],[-75.16022,38.70457],[-75.16424,38.7019],[-75.17001,38.69953],[-75.17124,38.69866],[-75.17212,38.69759],[-75.1857,38.67203],[-75.18647,38.6707],[-75.18846,38.66844],[-75.18919,38.66689],[-75.18949,38.66509],[-75.18928,38.65376],[-75.19409,38.63575],[-75.16812,38.62874],[-75.16638,38.62843],[-75.16105,38.62841],[-75.16025,38.62878],[-75.1572,38.63166],[-75.15591,38.63186],[-75.15402,38.63156],[-75.14787,38.62934],[-75.14357,38.62608],[-75.13723,38.62249],[-75.13639,38.62227],[-75.13226,38.62264],[-75.12749,38.62407],[-75.12316,38.62479],[-75.12189,38.62482],[-75.11871,38.62435],[-75.10245,38.6254],[-75.10144,38.62533],[-75.10125,38.62527],[-75.10126,38.62496],[-75.10017,38.62477],[-75.09992,38.62494],[-75.10009,38.62519],[-75.10343,38.62536]],"type":"LineString"},"properties":{"color":"#808080","color_name":"gray","kind":"route","label":"207","long":"Rehoboth / Massey's Landing","route_id":"8189","text_color":"#000000","type_label":"Bus"},"type":"Feature"},{"geometry":{"coordinates":[-75.53463,39.75498],"type":"Point"},"properties":{"kind":"stop","name":"MARKET ST @ 27TH ST","stop_id":"10"},"type":"Feature"},{"geometry":{"coordinates":[-75.59275,39.72368],"type":"Point"},"properties":{"kind":"stop","name":"MARYLAND AVE @ BOXWOOD SHOP CTR","stop_id":"100"},"type":"Feature"},{"geometry":{"coordinates":[-75.56419,39.74559],"type":"Point"},"properties":{"kind":"stop","name":"4TH ST @ FRANKLIN ST","stop_id":"1000"},"type":"Feature"},{"geometry":{"coordinates":[-75.56202,39.74474],"type":"Point"},"properties":{"kind":"stop","name":"4TH ST @ VAN BUREN ST","stop_id":"1002"},"type":"Feature"},{"geometry":{"coordinates":[-75.55501,39.74182],"type":"Point"},"properties":{"kind":"stop","name":"4TH ST @ WASHINGTON ST","stop_id":"1006"},"type":"Feature"},{"geometry":{"coordinates":[-75.5612,39.74378],"type":"Point"},"properties":{"kind":"stop","name":"JACKSON ST @ 3RD ST","stop_id":"1010"},"type":"Feature"},{"geometry":{"coordinates":[-75.56348,39.74044],"type":"Point"},"properties":{"kind":"stop","name":"JACKSON ST @ ELM ST","stop_id":"1011"},"type":"Feature"},{"geometry":{"coordinates":[-75.56442,39.73903],"type":"Point"},"properties":{"kind":"stop","name":"JACKSON ST & MAPLE ST","stop_id":"1012"},"type":"Feature"},{"geometry":{"coordinates":[-75.56648,39.73772],"type":"Point"},"properties":{"kind":"stop","name":"MARYLAND AVE @ VAN BUREN ST","stop_id":"1013"},"type":"Feature"},{"geometry":{"coordinates":[-75.56842,39.73696],"type":"Point"},"properties":{"kind":"stop","name":"MARYLAND AVE @ HARRISON ST","stop_id":"1014"},"type":"Feature"},{"geometry":{"coordinates":[-75.57011,39.73629],"type":"Point"},"properties":{"kind":"stop","name":"MARYLAND AVE @ BANNING ST","stop_id":"1015"},"type":"Feature"},{"geometry":{"coordinates":[-75.57297,39.73517],"type":"Point"},"properties":{"kind":"stop","name":"MARYLAND AVE @ BROOM ST","stop_id":"1016"},"type":"Feature"},{"geometry":{"coordinates":[-75.57523,39.73429],"type":"Point"},"properties":{"kind":"stop","name":"MARYLAND AVE @ MCGOVERN TERR","stop_id":"1017"},"type":"Feature"},{"geometry":{"coordinates":[-75.57778,39.73325],"type":"Point"},"properties":{"kind":"stop","name":"MARYLAND AVE @ OP ROBINSON LN","stop_id":"1018"},"type":"Feature"},{"geometry":{"coordinates":[-75.57992,39.73239],"type":"Point"},"properties":{"kind":"stop","name":"MARYLAND AVE @ OP GERMAY DR","stop_id":"1019"},"type":"Feature"},{"geometry":{"coordinates":[-75.54647,39.74401],"type":"Point"},"properties":{"kind":"stop","name":"FRENCH ST @ 9TH ST","stop_id":"102"},"type":"Feature"},{"geometry":{"coordinates":[-75.58413,39.72988],"type":"Point"},"properties":{"kind":"stop","name":"MARYLAND AVE @ DUPONT RD","stop_id":"1020"},"type":"Feature"},{"geometry":{"coordinates":[-75.58687,39.72797],"type":"Point"},"properties":{"kind":"stop","name":"MARYLAND AVE @ ELMHURST PLACE","stop_id":"1021"},"type":"Feature"},{"geometry":{"coordinates":[-75.58988,39.72584],"type":"Point"},"properties":{"kind":"stop","name":"MARYLAND AVE @ CHAMPLAIN AVE","stop_id":"1022"},"type":"Feature"},{"geometry":{"coordinates":[-75.59306,39.72367],"type":"Point"},"properties":{"kind":"stop","name":"MARYLAND AVE @ HAYDEN AVE","stop_id":"1023"},"type":"Feature"},{"geometry":{"coordinates":[-75.59622,39.72145],"type":"Point"},"properties":{"kind":"stop","name":"MARYLAND AVE @ FALLON AVE","stop_id":"1024"},"type":"Feature"},{"geometry":{"coordinates":[-75.59939,39.71926],"type":"Point"},"properties":{"kind":"stop","name":"MARYLAND AVE @ TROY AVE","stop_id":"1025"},"type":"Feature"},{"geometry":{"coordinates":[-75.60184,39.71751],"type":"Point"},"properties":{"kind":"stop","name":"MARYLAND AVE @ HIGHLAND AVE","stop_id":"1026"},"type":"Feature"},{"geometry":{"coordinates":[-75.6044,39.71575],"type":"Point"},"properties":{"kind":"stop","name":"MARYLAND AVE @ CEDAR ST-NEWPORT","stop_id":"1027"},"type":"Feature"},{"geometry":{"coordinates":[-75.60716,39.71496],"type":"Point"},"properties":{"kind":"stop","name":"DEL RT 4 @ WALNUT ST","stop_id":"1028"},"type":"Feature"},{"geometry":{"coordinates":[-75.61076,39.71463],"type":"Point"},"properties":{"kind":"stop","name":"DEL RT 4 @ ETHAN ST","stop_id":"1029"},"type":"Feature"},{"geometry":{"coordinates":[-75.57335,39.7489],"type":"Point"},"properties":{"kind":"stop","name":"UNION ST @ 4TH ST","stop_id":"103"},"type":"Feature"},{"geometry":{"coordinates":[-75.61251,39.71406],"type":"Point"},"properties":{"kind":"stop","name":"DEL RT 4 @ MARKET ST","stop_id":"1030"},"type":"Feature"},{"geometry":{"coordinates":[-75.61503,39.71376],"type":"Point"},"properties":{"kind":"stop","name":"DEL RT 4 @ GREGG AVE","stop_id":"1031"},"type":"Feature"},{"geometry":{"coordinates":[-75.617,39.71406],"type":"Point"},"properties":{"kind":"stop","name":"DEL RT 4 @ STATE ST","stop_id":"1032"},"type":"Feature"},{"geometry":{"coordinates":[-75.62202,39.71473],"type":"Point"},"properties":{"kind":"stop","name":"DEL RT 4 @ OP KENTUCKY AVE","stop_id":"1033"},"type":"Feature"},{"geometry":{"coordinates":[-75.62484,39.71516],"type":"Point"},"properties":{"kind":"stop","name":"DEL RT 4 @ HERSHEY RUN DR","stop_id":"1034"},"type":"Feature"},{"geometry":{"coordinates":[-75.62662,39.71541],"type":"Point"},"properties":{"kind":"stop","name":"DEL RT 4 @ GLENMORE DR E","stop_id":"1035"},"type":"Feature"},{"geometry":{"coordinates":[-75.63061,39.71593],"type":"Point"},"properties":{"kind":"stop","name":"DEL RT 4 @ GLENBERNE DR","stop_id":"1036"},"type":"Feature"},{"geometry":{"coordinates":[-75.63306,39.71612],"type":"Point"},"properties":{"kind":"stop","name":"DEL RT 4 @ ROTHWELL DR","stop_id":"1037"},"type":"Feature"},{"geometry":{"coordinates":[-75.63595,39.716],"type":"Point"},"properties":{"kind":"stop","name":"DEL RT 4 @ W REDMONT DR","stop_id":"1038"},"type":"Feature"},{"geometry":{"coordinates":[-75.59171,39.73893],"type":"Point"},"properties":{"kind":"stop","name":"KIRKWOOD HWY @ WESTERN AVE","stop_id":"104"},"type":"Feature"},{"geometry":{"coordinates":[-75.64204,39.71521],"type":"Point"},"properties":{"kind":"stop","name":"MAIN ST @ REDWOOD AVE-STANTON","stop_id":"1040"},"type":"Feature"},{"geometry":{"coordinates":[-75.64551,39.71381],"type":"Point"},"properties":{"kind":"stop","name":"MAIN ST @ ROYAL AVE-STANTON","stop_id":"1041"},"type":"Feature"},{"geometry":{"coordinates":[-75.64761,39.71295],"type":"Point"},"properties":{"kind":"stop","name":"DE RT 4 @ ARGONNE AVE","stop_id":"1042"},"type":"Feature"},{"geometry":{"coordinates":[-75.66275,39.69563],"type":"Point"},"properties":{"kind":"stop","name":"DE 4 @ OLD CHURCHMANS RD","stop_id":"1043"},"type":"Feature"},{"geometry":{"coordinates":[-75.65197,39.69636],"type":"Point"},"properties":{"kind":"stop","name":"DEL RT 7 @ DEL RT 4","stop_id":"1044"},"type":"Feature"},{"geometry":{"coordinates":[-75.65304,39.69331],"type":"Point"},"properties":{"kind":"stop","name":"DEL RT 7 @ OP AAA BLVD","stop_id":"1046"},"type":"Feature"},{"geometry":{"coordinates":[-75.6218,39.73613],"type":"Point"},"properties":{"kind":"stop","name":"PRICES CORNER PARK & RIDE","stop_id":"105"},"type":"Feature"},{"geometry":{"coordinates":[-75.65532,39.68627],"type":"Point"},"properties":{"kind":"stop","name":"DE RT 7 @ STAIRWAY TO CHURCHMANS RD","stop_id":"1050"},"type":"Feature"},{"geometry":{"coordinates":[-75.65263,39.69321],"type":"Point"},"properties":{"kind":"stop","name":"DE RT 7 @ AAA BLVD","stop_id":"1052"},"type":"Feature"},{"geometry":{"coordinates":[-75.64099,39.71469],"type":"Point"},"properties":{"kind":"stop","name":"DEL RT 4 @ OP STANTON RD","stop_id":"1055"},"type":"Feature"},{"geometry":{"coordinates":[-75.63555,39.71583],"type":"Point"},"properties":{"kind":"stop","name":"DEL RT 4 @ OP W REDMONT RD","stop_id":"1057"},"type":"Feature"},{"geometry":{"coordinates":[-75.63352,39.71586],"type":"Point"},"properties":{"kind":"stop","name":"DEL RT 4 @ OP ROTHWELL DR","stop_id":"1058"},"type":"Feature"},{"geometry":{"coordinates":[-75.62699,39.71524],"type":"Point"},"properties":{"kind":"stop","name":"DEL RT 4 @ GLENMORE E DR","stop_id":"1059"},"type":"Feature"},{"geometry":{"coordinates":[-75.65685,39.72465],"type":"Point"},"properties":{"kind":"stop","name":"KIRKWOOD HWY @ LIMESTONE RD","stop_id":"106"},"type":"Feature"},{"geometry":{"coordinates":[-75.62532,39.71501],"type":"Point"},"properties":{"kind":"stop","name":"DEL RT 4 @ MC ARTHUR DR","stop_id":"1060"},"type":"Feature"},{"geometry":{"coordinates":[-75.62132,39.71446],"type":"Point"},"properties":{"kind":"stop","name":"DEL RT 4 @ KENTUCKY AVE","stop_id":"1061"},"type":"Feature"},{"geometry":{"coordinates":[-75.61747,39.71392],"type":"Point"},"properties":{"kind":"stop","name":"DEL RT 4 @ WESTMONT DR","stop_id":"1062"},"type":"Feature"},{"geometry":{"coordinates":[-75.61486,39.71358],"type":"Point"},"properties":{"kind":"stop","name":"DEL RT 4 @ GRANT AVE","stop_id":"1063"},"type":"Feature"},{"geometry":{"coordinates":[-75.6119,39.71348],"type":"Point"},"properties":{"kind":"stop","name":"MARKET ST @ MARY ST-NEWPORT","stop_id":"1064"},"type":"Feature"},{"geometry":{"coordinates":[-75.60726,39.71392],"type":"Point"},"properties":{"kind":"stop","name":"MARKET ST @ WALNUT ST-NEWPORT","stop_id":"1065"},"type":"Feature"},{"geometry":{"coordinates":[-75.60396,39.71583],"type":"Point"},"properties":{"kind":"stop","name":"MARYLAND AVE @ OP CEDAR ST-NEWPORT","stop_id":"1066"},"type":"Feature"},{"geometry":{"coordinates":[-75.60139,39.71763],"type":"Point"},"properties":{"kind":"stop","name":"MARYLAND AVE @ FOREST DR","stop_id":"1067"},"type":"Feature"},{"geometry":{"coordinates":[-75.59901,39.71931],"type":"Point"},"properties":{"kind":"stop","name":"MARYLAND AVE @ OP TROY AVE","stop_id":"1068"},"type":"Feature"},{"geometry":{"coordinates":[-75.59634,39.72126],"type":"Point"},"properties":{"kind":"stop","name":"MARYLAND AVE @ OP FALLON AVE","stop_id":"1069"},"type":"Feature"},{"geometry":{"coordinates":[-75.69989,39.70108],"type":"Point"},"properties":{"kind":"stop","name":"KIRKWOOD HWY @ OP HARMONY RD","stop_id":"107"},"type":"Feature"},{"geometry":{"coordinates":[-75.594,39.72278],"type":"Point"},"properties":{"kind":"stop","name":"MARYLAND AVE @ MIDDLEBORO RD","stop_id":"1070"},"type":"Feature"},{"geometry":{"coordinates":[-75.58999,39.7256],"type":"Point"},"properties":{"kind":"stop","name":"MARYLAND AVE @ CHAMPLAIN AVE","stop_id":"1071"},"type":"Feature"},{"geometry":{"coordinates":[-75.58727,39.72745],"type":"Point"},"properties":{"kind":"stop","name":"MARYLAND AVE @ SUMMIT AVE","stop_id":"1073"},"type":"Feature"},{"geometry":{"coordinates":[-75.58613,39.7283],"type":"Point"},"properties":{"kind":"stop","name":"MARYLAND AVE @ VALLEY RD","stop_id":"1074"},"type":"Feature"},{"geometry":{"coordinates":[-75.58389,39.72986],"type":"Point"},"properties":{"kind":"stop","name":"MARYLAND AVE @ ASHLEY PLACE","stop_id":"1075"},"type":"Feature"},{"geometry":{"coordinates":[-75.57983,39.73221],"type":"Point"},"properties":{"kind":"stop","name":"MARYLAND AVE @ GERMAY DR","stop_id":"1077"},"type":"Feature"},{"geometry":{"coordinates":[-75.57579,39.73388],"type":"Point"},"properties":{"kind":"stop","name":"MARYLAND AVE @ CANBY PARK SHOPPING CENTER ENTRANCE","stop_id":"1079"},"type":"Feature"},{"geometry":{"coordinates":[-75.57314,39.73494],"type":"Point"},"properties":{"kind":"stop","name":"MARYLAND AVE @ LATIMER PL","stop_id":"1080"},"type":"Feature"},{"geometry":{"coordinates":[-75.56978,39.73631],"type":"Point"},"properties":{"kind":"stop","name":"MARYLAND AVE @ 5TH AV","stop_id":"1081"},"type":"Feature"},{"geometry":{"coordinates":[-75.56814,39.73697],"type":"Point"},"properties":{"kind":"stop","name":"MARYLAND AVE @ STROUD ST","stop_id":"1082"},"type":"Feature"},{"geometry":{"coordinates":[-75.56538,39.73797],"type":"Point"},"properties":{"kind":"stop","name":"MARYLAND AVE @ BEECH ST","stop_id":"1083"},"type":"Feature"},{"geometry":{"coordinates":[-75.56369,39.73873],"type":"Point"},"properties":{"kind":"stop","name":"MARYLAND AVE @ OP MAPLE ST","stop_id":"1084"},"type":"Feature"},{"geometry":{"coordinates":[-75.5509,39.74913],"type":"Point"},"properties":{"kind":"stop","name":"12TH ST @ WASHINGTON ST","stop_id":"1086"},"type":"Feature"},{"geometry":{"coordinates":[-75.55522,39.75153],"type":"Point"},"properties":{"kind":"stop","name":"DELAWARE AVE @ JACKSON ST","stop_id":"1088"},"type":"Feature"},{"geometry":{"coordinates":[-75.55876,39.75322],"type":"Point"},"properties":{"kind":"stop","name":"PENNSYLVANIA AVE @ FRANKLIN ST","stop_id":"1089"},"type":"Feature"},{"geometry":{"coordinates":[-75.76291,39.67724],"type":"Point"},"properties":{"kind":"stop","name":"S MAIN ST @ NEWARK MUNICIPAL BLDG","stop_id":"109"},"type":"Feature"},{"geometry":{"coordinates":[-75.56109,39.75389],"type":"Point"},"properties":{"kind":"stop","name":"PENNSYLVANIA AVE @ BROOM ST","stop_id":"1090"},"type":"Feature"},{"geometry":{"coordinates":[-75.56315,39.75438],"type":"Point"},"properties":{"kind":"stop","name":"PENNSYLVANIA AVE @ CLAYTON ST","stop_id":"1092"},"type":"Feature"},{"geometry":{"coordinates":[-75.56455,39.75476],"type":"Point"},"properties":{"kind":"stop","name":"PENNSYLVANIA AVE @ DUPONT ST","stop_id":"1093"},"type":"Feature"},{"geometry":{"coordinates":[-75.57012,39.75368],"type":"Point"},"properties":{"kind":"stop","name":"UNION ST @ 9TH ST","stop_id":"1097"},"type":"Feature"},{"geometry":{"coordinates":[-75.57093,39.75234],"type":"Point"},"properties":{"kind":"stop","name":"UNION ST @ 8TH ST","stop_id":"1098"},"type":"Feature"},{"geometry":{"coordinates":[-75.57195,39.75084],"type":"Point"},"properties":{"kind":"stop","name":"UNION ST @ 6TH ST","stop_id":"1099"},"type":"Feature"},{"geometry":{"coordinates":[-75.53316,39.75563],"type":"Point"},"properties":{"kind":"stop","name":"MARKET ST @ 29TH ST","stop_id":"11"},"type":"Feature"},{"geometry":{"coordinates":[-75.57713,39.7434],"type":"Point"},"properties":{"kind":"stop","name":"UNION ST @ SYCAMORE ST","stop_id":"1104"},"type":"Feature"},{"geometry":{"coordinates":[-75.58152,39.74161],"type":"Point"},"properties":{"kind":"stop","name":"KIRKWOOD HWY @ PROSPECT RD N","stop_id":"1106"},"type":"Feature"},{"geometry":{"coordinates":[-75.58996,39.73925],"type":"Point"},"properties":{"kind":"stop","name":"KIRKWOOD HWY @ DUPONT RD","stop_id":"1108"},"type":"Feature"},{"geometry":{"coordinates":[-75.69907,39.70106],"type":"Point"},"properties":{"kind":"stop","name":"KIRKWOOD HWY @ HARMONY RD","stop_id":"111"},"type":"Feature"},{"geometry":{"coordinates":[-75.59473,39.73879],"type":"Point"},"properties":{"kind":"stop","name":"KIRKWOOD HWY @ LEECH AVE","stop_id":"1110"},"type":"Feature"},{"geometry":{"coordinates":[-75.59701,39.73927],"type":"Point"},"properties":{"kind":"stop","name":"KIRKWOOD HWY @ OP BIRCH AVE","stop_id":"1111"},"type":"Feature"},{"geometry":{"coordinates":[-75.59902,39.73964],"type":"Point"},"properties":{"kind":"stop","name":"KIRKWOOD HWY @ SANDERS RD","stop_id":"1112"},"type":"Feature"},{"geometry":{"coordinates":[-75.60284,39.73917],"type":"Point"},"properties":{"kind":"stop","name":"KIRKWOOD HWY @ SPRUCE AVE","stop_id":"1114"},"type":"Feature"},{"geometry":{"coordinates":[-75.6057,39.73881],"type":"Point"},"properties":{"kind":"stop","name":"KIRKWOOD HWY @ VETERANS HOSPITAL","stop_id":"1115"},"type":"Feature"},{"geometry":{"coordinates":[-75.6104,39.73832],"type":"Point"},"properties":{"kind":"stop","name":"KIRKWOOD HWY @ BJ'S STORE","stop_id":"1118"},"type":"Feature"},{"geometry":{"coordinates":[-75.6122,39.73818],"type":"Point"},"properties":{"kind":"stop","name":"KIRKWOOD HWY @ CLIFTON AVE","stop_id":"1119"},"type":"Feature"},{"geometry":{"coordinates":[-75.65669,39.72437],"type":"Point"},"properties":{"kind":"stop","name":"KIRKWOOD HWY @ LIMESTONE RD","stop_id":"112"},"type":"Feature"},{"geometry":{"coordinates":[-75.61526,39.7379],"type":"Point"},"properties":{"kind":"stop","name":"KIRKWOOD HWY @ N WOODWARD AVE","stop_id":"1121"},"type":"Feature"},{"geometry":{"coordinates":[-75.62637,39.73855],"type":"Point"},"properties":{"kind":"stop","name":"GREENBANK RD @ ALBERTSON BLVD","stop_id":"1124"},"type":"Feature"},{"geometry":{"coordinates":[-75.62399,39.73469],"type":"Point"},"properties":{"kind":"stop","name":"OLD CAPITOL TR @ PR COR-PENNEYS","stop_id":"1127"},"type":"Feature"},{"geometry":{"coordinates":[-75.62612,39.73226],"type":"Point"},"properties":{"kind":"stop","name":"OLD CAPITOL TR @ NEWPORT-GAP PK","stop_id":"1128"},"type":"Feature"},{"geometry":{"coordinates":[-75.62804,39.73381],"type":"Point"},"properties":{"kind":"stop","name":"NEWPORT-GAP PK @ FMR SEARS ENT","stop_id":"1129"},"type":"Feature"},{"geometry":{"coordinates":[-75.59199,39.73871],"type":"Point"},"properties":{"kind":"stop","name":"KIRKWOOD HWY @ WESTERN AVE","stop_id":"113"},"type":"Feature"},{"geometry":{"coordinates":[-75.63136,39.73602],"type":"Point"},"properties":{"kind":"stop","name":"KIRKWOOD HWY @ NEWPORT-GAP PK","stop_id":"1131"},"type":"Feature"},{"geometry":{"coordinates":[-75.63655,39.7346],"type":"Point"},"properties":{"kind":"stop","name":"KIRKWOOD HWY @ GREENBANK RD","stop_id":"1132"},"type":"Feature"},{"geometry":{"coordinates":[-75.64024,39.73326],"type":"Point"},"properties":{"kind":"stop","name":"KIRKWOOD HWY @ DUNCAN RD","stop_id":"1133"},"type":"Feature"},{"geometry":{"coordinates":[-75.64252,39.7321],"type":"Point"},"properties":{"kind":"stop","name":"KIRKWOOD HWY @ DUNLINDEN RD","stop_id":"1134"},"type":"Feature"},{"geometry":{"coordinates":[-75.65035,39.72805],"type":"Point"},"properties":{"kind":"stop","name":"KIRKWOOD HWY @ FARRAND DR","stop_id":"1137"},"type":"Feature"},{"geometry":{"coordinates":[-75.65417,39.72608],"type":"Point"},"properties":{"kind":"stop","name":"KIRKWOOD HWY @ OP OL CAPITOL TR","stop_id":"1138"},"type":"Feature"},{"geometry":{"coordinates":[-75.66053,39.72276],"type":"Point"},"properties":{"kind":"stop","name":"KIRKWOOD HWY @ MIDWAY SHOP CTR","stop_id":"1139"},"type":"Feature"},{"geometry":{"coordinates":[-75.54119,39.74166],"type":"Point"},"properties":{"kind":"stop","name":"9TH ST @ SPRUCE ST","stop_id":"114"},"type":"Feature"},{"geometry":{"coordinates":[-75.66364,39.72119],"type":"Point"},"properties":{"kind":"stop","name":"KIRKWOOD HWY @ GRIFFIN DR","stop_id":"1140"},"type":"Feature"},{"geometry":{"coordinates":[-75.66954,39.71809],"type":"Point"},"properties":{"kind":"stop","name":"KIRKWOOD HWY @ WOODMILL DR","stop_id":"1141"},"type":"Feature"},{"geometry":{"coordinates":[-75.67553,39.71409],"type":"Point"},"properties":{"kind":"stop","name":"KIRKWOOD HWY @ OP DELAWARE PARK","stop_id":"1143"},"type":"Feature"},{"geometry":{"coordinates":[-75.67801,39.71221],"type":"Point"},"properties":{"kind":"stop","name":"KIRKWOOD HWY @ WALLASTON RD","stop_id":"1144"},"type":"Feature"},{"geometry":{"coordinates":[-75.68216,39.70905],"type":"Point"},"properties":{"kind":"stop","name":"KIRKWOOD HWY @ PIKE CREEK","stop_id":"1145"},"type":"Feature"},{"geometry":{"coordinates":[-75.68494,39.70697],"type":"Point"},"properties":{"kind":"stop","name":"KIRKWOOD HWY @ MEADOWOOD DR","stop_id":"1147"},"type":"Feature"},{"geometry":{"coordinates":[-75.68936,39.70447],"type":"Point"},"properties":{"kind":"stop","name":"KIRKWOOD HWY @ PARK AVE","stop_id":"1149"},"type":"Feature"},{"geometry":{"coordinates":[-75.56596,39.75031],"type":"Point"},"properties":{"kind":"stop","name":"8TH ST @ CLAYTON ST","stop_id":"115"},"type":"Feature"},{"geometry":{"coordinates":[-75.69214,39.70355],"type":"Point"},"properties":{"kind":"stop","name":"KIRKWOOD HWY @ OP GRN VALLEY LN","stop_id":"1150"},"type":"Feature"},{"geometry":{"coordinates":[-75.69649,39.70216],"type":"Point"},"properties":{"kind":"stop","name":"KIRKWOOD HWY @ UPPER PIKE CREEK","stop_id":"1151"},"type":"Feature"},{"geometry":{"coordinates":[-75.70416,39.69971],"type":"Point"},"properties":{"kind":"stop","name":"KIRKWOOD HWY @ OP BREWSTER DR","stop_id":"1153"},"type":"Feature"},{"geometry":{"coordinates":[-75.70848,39.69831],"type":"Point"},"properties":{"kind":"stop","name":"KIRKWOOD HWY @ DRUMMOND PLAZA","stop_id":"1154"},"type":"Feature"},{"geometry":{"coordinates":[-75.71218,39.697],"type":"Point"},"properties":{"kind":"stop","name":"KIRKWOOD HWY @ ROSE CIR","stop_id":"1156"},"type":"Feature"},{"geometry":{"coordinates":[-75.71613,39.69572],"type":"Point"},"properties":{"kind":"stop","name":"KIRKWOOD HWY @ DELAPLANE AVE","stop_id":"1158"},"type":"Feature"},{"geometry":{"coordinates":[-75.71865,39.69511],"type":"Point"},"properties":{"kind":"stop","name":"KIRKWOOD HWY @ POSSUM PK RD","stop_id":"1159"},"type":"Feature"},{"geometry":{"coordinates":[-75.72208,39.69375],"type":"Point"},"properties":{"kind":"stop","name":"KIRKWOOD HWY @ OP POSSUM PK APT","stop_id":"1160"},"type":"Feature"},{"geometry":{"coordinates":[-75.72647,39.69156],"type":"Point"},"properties":{"kind":"stop","name":"KIRKWOOD HWY @ OP S DILLWYN RD","stop_id":"1161"},"type":"Feature"},{"geometry":{"coordinates":[-75.73556,39.6875],"type":"Point"},"properties":{"kind":"stop","name":"KIRKWOOD HWY @ CLEVELAND AVE","stop_id":"1165"},"type":"Feature"},{"geometry":{"coordinates":[-75.73721,39.6854],"type":"Point"},"properties":{"kind":"stop","name":"KIRKWOOD HWY @ MCDONALDS REST","stop_id":"1166"},"type":"Feature"},{"geometry":{"coordinates":[-75.73954,39.68423],"type":"Point"},"properties":{"kind":"stop","name":"MAIN ST @ OP MED CENTER-NEWARK","stop_id":"1167"},"type":"Feature"},{"geometry":{"coordinates":[-75.74563,39.68367],"type":"Point"},"properties":{"kind":"stop","name":"MAIN ST-NEWARK @ CHAPEL ST","stop_id":"1169"},"type":"Feature"},{"geometry":{"coordinates":[-75.74955,39.68336],"type":"Point"},"properties":{"kind":"stop","name":"MAIN ST @ ACADEMY ST-NEWARK","stop_id":"1170"},"type":"Feature"},{"geometry":{"coordinates":[-75.75212,39.68319],"type":"Point"},"properties":{"kind":"stop","name":"MAIN ST @ ELLIOT HALL-NEWARK","stop_id":"1171"},"type":"Feature"},{"geometry":{"coordinates":[-75.75817,39.68143],"type":"Point"},"properties":{"kind":"stop","name":"S MAIN ST @ OP AMSTEL AVE","stop_id":"1173"},"type":"Feature"},{"geometry":{"coordinates":[-75.76386,39.67645],"type":"Point"},"properties":{"kind":"stop","name":"S MAIN ST @ RITTENHOUSE RD","stop_id":"1175"},"type":"Feature"},{"geometry":{"coordinates":[-75.76458,39.67466],"type":"Point"},"properties":{"kind":"stop","name":"W PARK PL @ S MAIN ST","stop_id":"1179"},"type":"Feature"},{"geometry":{"coordinates":[-75.565,39.75144],"type":"Point"},"properties":{"kind":"stop","name":"9TH ST @ CLAYTON ST","stop_id":"118"},"type":"Feature"},{"geometry":{"coordinates":[-75.76093,39.67466],"type":"Point"},"properties":{"kind":"stop","name":"W PARK PL @ APPLE RD","stop_id":"1181"},"type":"Feature"},{"geometry":{"coordinates":[-75.74912,39.68192],"type":"Point"},"properties":{"kind":"stop","name":"DELAWARE AVE @ ACADEMY ST","stop_id":"1188"},"type":"Feature"},{"geometry":{"coordinates":[-75.74585,39.68222],"type":"Point"},"properties":{"kind":"stop","name":"DELAWARE AVE @ CHAPEL ST-NEWARK","stop_id":"1189"},"type":"Feature"},{"geometry":{"coordinates":[-75.54868,39.74472],"type":"Point"},"properties":{"kind":"stop","name":"9TH ST @ MARKET ST","stop_id":"119"},"type":"Feature"},{"geometry":{"coordinates":[-75.73668,39.68519],"type":"Point"},"properties":{"kind":"stop","name":"DEL RT 72 @ OGLETOWN RD","stop_id":"1193"},"type":"Feature"},{"geometry":{"coordinates":[-75.73541,39.68724],"type":"Point"},"properties":{"kind":"stop","name":"KIRKWOOD HWY @ WOODLAWN AVE","stop_id":"1194"},"type":"Feature"},{"geometry":{"coordinates":[-75.72623,39.69142],"type":"Point"},"properties":{"kind":"stop","name":"KIRKWOOD HWY @ S DILLWYN RD","stop_id":"1198"},"type":"Feature"},{"geometry":{"coordinates":[-75.72224,39.69344],"type":"Point"},"properties":{"kind":"stop","name":"KIRKWOOD HWY @ POSSUM PK APTS","stop_id":"1199"},"type":"Feature"},{"geometry":{"coordinates":[-75.71798,39.69501],"type":"Point"},"properties":{"kind":"stop","name":"KIRKWOOD HWY @ POSSUM PARK MALL","stop_id":"1200"},"type":"Feature"},{"geometry":{"coordinates":[-75.71567,39.69557],"type":"Point"},"properties":{"kind":"stop","name":"KIRKWOOD HWY @ SQUIRE APT","stop_id":"1201"},"type":"Feature"},{"geometry":{"coordinates":[-75.71208,39.69678],"type":"Point"},"properties":{"kind":"stop","name":"KIRKWOOD HWY @ OP ROSE CIR","stop_id":"1203"},"type":"Feature"},{"geometry":{"coordinates":[-75.70831,39.69806],"type":"Point"},"properties":{"kind":"stop","name":"KIRKWOOD HWY @ RED MILL RD","stop_id":"1204"},"type":"Feature"},{"geometry":{"coordinates":[-75.703,39.69977],"type":"Point"},"properties":{"kind":"stop","name":"KIRKWOOD HWY @ BREWSTER DR","stop_id":"1205"},"type":"Feature"},{"geometry":{"coordinates":[-75.69648,39.70189],"type":"Point"},"properties":{"kind":"stop","name":"KIRKWOOD HWY @ OLD HARMONY RD","stop_id":"1207"},"type":"Feature"},{"geometry":{"coordinates":[-75.69129,39.7036],"type":"Point"},"properties":{"kind":"stop","name":"KIRKWOOD HWY @ GREEN VALLEY LN","stop_id":"1208"},"type":"Feature"},{"geometry":{"coordinates":[-75.68874,39.70437],"type":"Point"},"properties":{"kind":"stop","name":"KIRKWOOD HWY @ OP PEKIN AVE","stop_id":"1209"},"type":"Feature"},{"geometry":{"coordinates":[-75.68465,39.7068],"type":"Point"},"properties":{"kind":"stop","name":"KIRKWOOD HWY @ MEADOWOOD DR","stop_id":"1210"},"type":"Feature"},{"geometry":{"coordinates":[-75.68094,39.70962],"type":"Point"},"properties":{"kind":"stop","name":"KIRKWOOD HWY @ OP PIKE CREEK RD","stop_id":"1212"},"type":"Feature"},{"geometry":{"coordinates":[-75.67864,39.71137],"type":"Point"},"properties":{"kind":"stop","name":"KIRKWOOD HWY @ WALLASTON RD","stop_id":"1213"},"type":"Feature"},{"geometry":{"coordinates":[-75.66877,39.71817],"type":"Point"},"properties":{"kind":"stop","name":"KIRKWOOD HWY @ WOODMILL DR","stop_id":"1217"},"type":"Feature"},{"geometry":{"coordinates":[-75.6623,39.72148],"type":"Point"},"properties":{"kind":"stop","name":"KIRKWOOD HWY @ ST JAMES CH RD","stop_id":"1218"},"type":"Feature"},{"geometry":{"coordinates":[-75.66017,39.72259],"type":"Point"},"properties":{"kind":"stop","name":"KIRKWOOD HWY @ OLD CAPITOL TR","stop_id":"1219"},"type":"Feature"},{"geometry":{"coordinates":[-75.53109,39.74232],"type":"Point"},"properties":{"kind":"stop","name":"HOWARD YOUNG CORRECTIONAL INST","stop_id":"122"},"type":"Feature"},{"geometry":{"coordinates":[-75.65305,39.72629],"type":"Point"},"properties":{"kind":"stop","name":"KIRKWOOD HWY @ OLD CAPITOL TR","stop_id":"1221"},"type":"Feature"},{"geometry":{"coordinates":[-75.64837,39.72866],"type":"Point"},"properties":{"kind":"stop","name":"KIRKWOOD HWY @ FARRAND DR","stop_id":"1222"},"type":"Feature"},{"geometry":{"coordinates":[-75.64642,39.72971],"type":"Point"},"properties":{"kind":"stop","name":"KIRKWOOD HWY @ OP EVELYN DR","stop_id":"1223"},"type":"Feature"},{"geometry":{"coordinates":[-75.64125,39.73234],"type":"Point"},"properties":{"kind":"stop","name":"KIRKWOOD HWY @ OP DUNLINDEN RD","stop_id":"1225"},"type":"Feature"},{"geometry":{"coordinates":[-75.63861,39.73359],"type":"Point"},"properties":{"kind":"stop","name":"KIRKWOOD HWY @ DUNCAN RD","stop_id":"1226"},"type":"Feature"},{"geometry":{"coordinates":[-75.63606,39.7344],"type":"Point"},"properties":{"kind":"stop","name":"KIRKWOOD HWY @ GREENBANK RD","stop_id":"1227"},"type":"Feature"},{"geometry":{"coordinates":[-75.63005,39.73539],"type":"Point"},"properties":{"kind":"stop","name":"NEWPORT-GAP PK @ KIRKWOOD HWY","stop_id":"1228"},"type":"Feature"},{"geometry":{"coordinates":[-75.5382,39.75026],"type":"Point"},"properties":{"kind":"stop","name":"VANDEVER AVE @ CARTER ST","stop_id":"123"},"type":"Feature"},{"geometry":{"coordinates":[-75.62798,39.73359],"type":"Point"},"properties":{"kind":"stop","name":"NEWPORT-GAP PK @ CLAYTON AVE","stop_id":"1230"},"type":"Feature"},{"geometry":{"coordinates":[-75.62565,39.73257],"type":"Point"},"properties":{"kind":"stop","name":"OLD CAPITOL TR @ NEWPORT GAP PK","stop_id":"1231"},"type":"Feature"},{"geometry":{"coordinates":[-75.62386,39.73461],"type":"Point"},"properties":{"kind":"stop","name":"OLD CAPITOL TR @ OP PR COR SH C","stop_id":"1232"},"type":"Feature"},{"geometry":{"coordinates":[-75.6152,39.73771],"type":"Point"},"properties":{"kind":"stop","name":"KIRKWOOD HWY @ S WOODWARD AVE","stop_id":"1235"},"type":"Feature"},{"geometry":{"coordinates":[-75.61252,39.73793],"type":"Point"},"properties":{"kind":"stop","name":"KIRKWOOD HWY @ CLIFTON AVE","stop_id":"1237"},"type":"Feature"},{"geometry":{"coordinates":[-75.61044,39.73809],"type":"Point"},"properties":{"kind":"stop","name":"KIRKWOOD HWY @ CENTRAL AVE","stop_id":"1238"},"type":"Feature"},{"geometry":{"coordinates":[-75.56887,39.74191],"type":"Point"},"properties":{"kind":"stop","name":"BROOM ST @ LINDEN ST","stop_id":"124"},"type":"Feature"},{"geometry":{"coordinates":[-75.60534,39.73856],"type":"Point"},"properties":{"kind":"stop","name":"KIRKWOOD HWY @ HAZEL ST","stop_id":"1240"},"type":"Feature"},{"geometry":{"coordinates":[-75.60095,39.73913],"type":"Point"},"properties":{"kind":"stop","name":"KIRKWOOD HWY @ TAMARACK AVE","stop_id":"1241"},"type":"Feature"},{"geometry":{"coordinates":[-75.59878,39.73942],"type":"Point"},"properties":{"kind":"stop","name":"KIRKWOOD HWY @ SANDERS RD","stop_id":"1243"},"type":"Feature"},{"geometry":{"coordinates":[-75.59484,39.7386],"type":"Point"},"properties":{"kind":"stop","name":"KIRKWOOD HWY @ OP LEECH AVE","stop_id":"1245"},"type":"Feature"},{"geometry":{"coordinates":[-75.58926,39.73924],"type":"Point"},"properties":{"kind":"stop","name":"KIRKWOOD HWY @ DUPONT RD","stop_id":"1247"},"type":"Feature"},{"geometry":{"coordinates":[-75.5812,39.74146],"type":"Point"},"properties":{"kind":"stop","name":"KIRKWOOD HWY @ PROSPECT RD S","stop_id":"1248"},"type":"Feature"},{"geometry":{"coordinates":[-75.57875,39.7419],"type":"Point"},"properties":{"kind":"stop","name":"KIRKWOOD HWY @ OP BARRY ST","stop_id":"1249"},"type":"Feature"},{"geometry":{"coordinates":[-75.57581,39.74287],"type":"Point"},"properties":{"kind":"stop","name":"LINCOLN ST @ SYCAMORE ST","stop_id":"1250"},"type":"Feature"},{"geometry":{"coordinates":[-75.57449,39.74474],"type":"Point"},"properties":{"kind":"stop","name":"LINCOLN ST @ ELM ST","stop_id":"1252"},"type":"Feature"},{"geometry":{"coordinates":[-75.5708,39.75021],"type":"Point"},"properties":{"kind":"stop","name":"LINCOLN ST @ 6TH ST","stop_id":"1257"},"type":"Feature"},{"geometry":{"coordinates":[-75.56977,39.75168],"type":"Point"},"properties":{"kind":"stop","name":"LINCOLN ST @ 8TH ST","stop_id":"1258"},"type":"Feature"},{"geometry":{"coordinates":[-75.56895,39.75289],"type":"Point"},"properties":{"kind":"stop","name":"LINCOLN ST @ 9TH ST","stop_id":"1259"},"type":"Feature"},{"geometry":{"coordinates":[-75.61808,39.72556],"type":"Point"},"properties":{"kind":"stop","name":"BOXWOOD RD @ NEWPORT-GAP PK","stop_id":"126"},"type":"Feature"},{"geometry":{"coordinates":[-75.56837,39.75374],"type":"Point"},"properties":{"kind":"stop","name":"LINCOLN ST @ 10TH ST","stop_id":"1260"},"type":"Feature"},{"geometry":{"coordinates":[-75.5675,39.75497],"type":"Point"},"properties":{"kind":"stop","name":"LINCOLN ST @ 11TH ST","stop_id":"1261"},"type":"Feature"},{"geometry":{"coordinates":[-75.56489,39.75469],"type":"Point"},"properties":{"kind":"stop","name":"PENNSYLVANIA AVE @ DUPONT ST","stop_id":"1263"},"type":"Feature"},{"geometry":{"coordinates":[-75.56353,39.75428],"type":"Point"},"properties":{"kind":"stop","name":"PENNSYLVANIA AVE @ CLAYTON ST","stop_id":"1264"},"type":"Feature"},{"geometry":{"coordinates":[-75.56099,39.75363],"type":"Point"},"properties":{"kind":"stop","name":"PENNSYLVANIA AVE @ BROOM ST","stop_id":"1266"},"type":"Feature"},{"geometry":{"coordinates":[-75.55918,39.75314],"type":"Point"},"properties":{"kind":"stop","name":"PENNSYLVANIA AVE @ FRANKLIN ST","stop_id":"1267"},"type":"Feature"},{"geometry":{"coordinates":[-75.55709,39.75256],"type":"Point"},"properties":{"kind":"stop","name":"PENNSYLVANIA AVE @ VAN BUREN ST","stop_id":"1269"},"type":"Feature"},{"geometry":{"coordinates":[-75.55241,39.74867],"type":"Point"},"properties":{"kind":"stop","name":"DELAWARE AVE @ JEFFERSON ST","stop_id":"1271"},"type":"Feature"},{"geometry":{"coordinates":[-75.54202,39.74028],"type":"Point"},"properties":{"kind":"stop","name":"SPRUCE ST @ 8TH ST","stop_id":"1272"},"type":"Feature"},{"geometry":{"coordinates":[-75.54287,39.73903],"type":"Point"},"properties":{"kind":"stop","name":"SPRUCE ST @ 6TH ST","stop_id":"1273"},"type":"Feature"},{"geometry":{"coordinates":[-75.54353,39.73803],"type":"Point"},"properties":{"kind":"stop","name":"SPRUCE ST @ 5TH ST","stop_id":"1274"},"type":"Feature"},{"geometry":{"coordinates":[-75.54642,39.73851],"type":"Point"},"properties":{"kind":"stop","name":"4TH ST @ LOMBARD ST","stop_id":"1277"},"type":"Feature"},{"geometry":{"coordinates":[-75.56886,39.74165],"type":"Point"},"properties":{"kind":"stop","name":"BROOM ST @ LINDEN ST","stop_id":"128"},"type":"Feature"},{"geometry":{"coordinates":[-75.54237,39.74064],"type":"Point"},"properties":{"kind":"stop","name":"8TH ST @ KIRKWOOD ST","stop_id":"1280"},"type":"Feature"},{"geometry":{"coordinates":[-75.54429,39.74141],"type":"Point"},"properties":{"kind":"stop","name":"8TH ST @ LOMBARD ST","stop_id":"1282"},"type":"Feature"},{"geometry":{"coordinates":[-75.54627,39.74224],"type":"Point"},"properties":{"kind":"stop","name":"8TH ST @ WALNUT ST","stop_id":"1283"},"type":"Feature"},{"geometry":{"coordinates":[-75.55235,39.74475],"type":"Point"},"properties":{"kind":"stop","name":"8TH ST @ WEST ST","stop_id":"1286"},"type":"Feature"},{"geometry":{"coordinates":[-75.55741,39.74681],"type":"Point"},"properties":{"kind":"stop","name":"8TH ST @ ADAMS ST","stop_id":"1289"},"type":"Feature"},{"geometry":{"coordinates":[-75.53798,39.75001],"type":"Point"},"properties":{"kind":"stop","name":"VANDEVER AVE @ JESSUP ST","stop_id":"129"},"type":"Feature"},{"geometry":{"coordinates":[-75.5596,39.74772],"type":"Point"},"properties":{"kind":"stop","name":"8TH ST @ VAN BUREN ST","stop_id":"1291"},"type":"Feature"},{"geometry":{"coordinates":[-75.56073,39.74816],"type":"Point"},"properties":{"kind":"stop","name":"8TH ST @ HARRISON ST","stop_id":"1292"},"type":"Feature"},{"geometry":{"coordinates":[-75.56358,39.74931],"type":"Point"},"properties":{"kind":"stop","name":"8TH ST @ BROOM ST","stop_id":"1294"},"type":"Feature"},{"geometry":{"coordinates":[-75.56713,39.75074],"type":"Point"},"properties":{"kind":"stop","name":"8TH ST @ DUPONT ST","stop_id":"1296"},"type":"Feature"},{"geometry":{"coordinates":[-75.56848,39.75128],"type":"Point"},"properties":{"kind":"stop","name":"8TH ST @ SCOTT ST","stop_id":"1297"},"type":"Feature"},{"geometry":{"coordinates":[-75.56964,39.75174],"type":"Point"},"properties":{"kind":"stop","name":"8TH ST @ LINCOLN ST","stop_id":"1298"},"type":"Feature"},{"geometry":{"coordinates":[-75.57166,39.75258],"type":"Point"},"properties":{"kind":"stop","name":"8TH ST @ GRANT AVE","stop_id":"1299"},"type":"Feature"},{"geometry":{"coordinates":[-75.53106,39.75658],"type":"Point"},"properties":{"kind":"stop","name":"MARKET ST @ 31ST ST","stop_id":"13"},"type":"Feature"},{"geometry":{"coordinates":[-75.57346,39.74951],"type":"Point"},"properties":{"kind":"stop","name":"4TH ST @ BANCROFT PKY","stop_id":"1300"},"type":"Feature"},{"geometry":{"coordinates":[-75.57609,39.75062],"type":"Point"},"properties":{"kind":"stop","name":"4TH ST @ FERRIS ST","stop_id":"1302"},"type":"Feature"},{"geometry":{"coordinates":[-75.57838,39.75154],"type":"Point"},"properties":{"kind":"stop","name":"4TH ST @ HAWLEY ST","stop_id":"1303"},"type":"Feature"},{"geometry":{"coordinates":[-75.57973,39.75192],"type":"Point"},"properties":{"kind":"stop","name":"4TH ST @ GREENHILL AVE","stop_id":"1304"},"type":"Feature"},{"geometry":{"coordinates":[-75.57063,39.75757],"type":"Point"},"properties":{"kind":"stop","name":"PENNSYLVANIA AVE @ BANCROFT PKWY","stop_id":"1309"},"type":"Feature"},{"geometry":{"coordinates":[-75.56136,39.75706],"type":"Point"},"properties":{"kind":"stop","name":"DELAWARE AVE @ CLAYTON ST","stop_id":"131"},"type":"Feature"},{"geometry":{"coordinates":[-75.56857,39.75638],"type":"Point"},"properties":{"kind":"stop","name":"PENNSYLVANIA AVE @ UNION ST","stop_id":"1310"},"type":"Feature"},{"geometry":{"coordinates":[-75.56884,39.7529],"type":"Point"},"properties":{"kind":"stop","name":"9TH ST @ LINCOLN ST","stop_id":"1311"},"type":"Feature"},{"geometry":{"coordinates":[-75.56744,39.75238],"type":"Point"},"properties":{"kind":"stop","name":"9TH ST @ SCOTT ST","stop_id":"1312"},"type":"Feature"},{"geometry":{"coordinates":[-75.56656,39.75205],"type":"Point"},"properties":{"kind":"stop","name":"9TH ST @ DUPONT ST","stop_id":"1313"},"type":"Feature"},{"geometry":{"coordinates":[-75.56271,39.75039],"type":"Point"},"properties":{"kind":"stop","name":"9TH ST @ BROOM ST","stop_id":"1314"},"type":"Feature"},{"geometry":{"coordinates":[-75.55912,39.74893],"type":"Point"},"properties":{"kind":"stop","name":"9TH ST @ VAN BUREN ST","stop_id":"1317"},"type":"Feature"},{"geometry":{"coordinates":[-75.55801,39.7485],"type":"Point"},"properties":{"kind":"stop","name":"9TH ST @ JACKSON ST","stop_id":"1318"},"type":"Feature"},{"geometry":{"coordinates":[-75.57953,39.76315],"type":"Point"},"properties":{"kind":"stop","name":"PENNSYLVANIA AVE @ RISING SUN LN","stop_id":"132"},"type":"Feature"},{"geometry":{"coordinates":[-75.55581,39.74769],"type":"Point"},"properties":{"kind":"stop","name":"9TH ST @ MONROE ST","stop_id":"1320"},"type":"Feature"},{"geometry":{"coordinates":[-75.55362,39.7468],"type":"Point"},"properties":{"kind":"stop","name":"9TH ST @ JEFFERSON ST","stop_id":"1322"},"type":"Feature"},{"geometry":{"coordinates":[-75.54724,39.74416],"type":"Point"},"properties":{"kind":"stop","name":"9TH ST @ KING ST","stop_id":"1325"},"type":"Feature"},{"geometry":{"coordinates":[-75.53178,39.74416],"type":"Point"},"properties":{"kind":"stop","name":"CLAYMONT ST @ 15TH ST","stop_id":"1335"},"type":"Feature"},{"geometry":{"coordinates":[-75.53086,39.74547],"type":"Point"},"properties":{"kind":"stop","name":"CLAYMONT ST @ VANDEVER AVE","stop_id":"1336"},"type":"Feature"},{"geometry":{"coordinates":[-75.53253,39.74669],"type":"Point"},"properties":{"kind":"stop","name":"VANDEVER AVE @ THATCHER ST","stop_id":"1337"},"type":"Feature"},{"geometry":{"coordinates":[-75.53477,39.74818],"type":"Point"},"properties":{"kind":"stop","name":"VANDEVER AVE @ CHURCH ST","stop_id":"1338"},"type":"Feature"},{"geometry":{"coordinates":[-75.53578,39.74879],"type":"Point"},"properties":{"kind":"stop","name":"VANDEVER AVE @ SPRUCE ST","stop_id":"1339"},"type":"Feature"},{"geometry":{"coordinates":[-75.54029,39.75161],"type":"Point"},"properties":{"kind":"stop","name":"VANDEVER AVE @ BUENA VISTA ST","stop_id":"1341"},"type":"Feature"},{"geometry":{"coordinates":[-75.55209,39.73875],"type":"Point"},"properties":{"kind":"stop","name":"2ND ST @ KING ST","stop_id":"1342"},"type":"Feature"},{"geometry":{"coordinates":[-75.55329,39.73916],"type":"Point"},"properties":{"kind":"stop","name":"2ND ST @ ORANGE ST","stop_id":"1344"},"type":"Feature"},{"geometry":{"coordinates":[-75.55553,39.74008],"type":"Point"},"properties":{"kind":"stop","name":"2ND ST @ WEST ST","stop_id":"1345"},"type":"Feature"},{"geometry":{"coordinates":[-75.5585,39.74131],"type":"Point"},"properties":{"kind":"stop","name":"2ND ST @ MADISON ST","stop_id":"1346"},"type":"Feature"},{"geometry":{"coordinates":[-75.56064,39.74217],"type":"Point"},"properties":{"kind":"stop","name":"2ND ST @ ADAMS ST","stop_id":"1347"},"type":"Feature"},{"geometry":{"coordinates":[-75.56284,39.74308],"type":"Point"},"properties":{"kind":"stop","name":"2ND ST @ VAN BUREN ST","stop_id":"1348"},"type":"Feature"},{"geometry":{"coordinates":[-75.56504,39.74396],"type":"Point"},"properties":{"kind":"stop","name":"2ND ST @ FRANKLIN ST","stop_id":"1349"},"type":"Feature"},{"geometry":{"coordinates":[-75.56778,39.74365],"type":"Point"},"properties":{"kind":"stop","name":"BROOM ST & LANCASTER AVE","stop_id":"1350"},"type":"Feature"},{"geometry":{"coordinates":[-75.56988,39.74041],"type":"Point"},"properties":{"kind":"stop","name":"BROOM ST @ SYCAMORE ST","stop_id":"1351"},"type":"Feature"},{"geometry":{"coordinates":[-75.57171,39.7378],"type":"Point"},"properties":{"kind":"stop","name":"BROOM ST @ CEDAR ST","stop_id":"1353"},"type":"Feature"},{"geometry":{"coordinates":[-75.60708,39.72482],"type":"Point"},"properties":{"kind":"stop","name":"BOXWOOD RD @ READ AVE","stop_id":"1359"},"type":"Feature"},{"geometry":{"coordinates":[-75.61069,39.72531],"type":"Point"},"properties":{"kind":"stop","name":"BOXWOOD RD @ OP AUGUSTINE ST","stop_id":"1360"},"type":"Feature"},{"geometry":{"coordinates":[-75.62011,39.72672],"type":"Point"},"properties":{"kind":"stop","name":"NEWPORT GAP PK @ OP MEADOWBROOK AVE","stop_id":"1362"},"type":"Feature"},{"geometry":{"coordinates":[-75.62511,39.73117],"type":"Point"},"properties":{"kind":"stop","name":"NEWPORT GAP PK @ OP HILLARDS INC","stop_id":"1364"},"type":"Feature"},{"geometry":{"coordinates":[-75.62544,39.73129],"type":"Point"},"properties":{"kind":"stop","name":"NEWPORT GAP PK @ HILLARDS INC","stop_id":"1365"},"type":"Feature"},{"geometry":{"coordinates":[-75.62085,39.72721],"type":"Point"},"properties":{"kind":"stop","name":"NEWPORT GAP PIKE @ MEADOWBROOK AVE","stop_id":"1367"},"type":"Feature"},{"geometry":{"coordinates":[-75.61801,39.72525],"type":"Point"},"properties":{"kind":"stop","name":"BOXWOOD RD @ NEWPORT-GAP PK","stop_id":"1368"},"type":"Feature"},{"geometry":{"coordinates":[-75.57866,39.76508],"type":"Point"},"properties":{"kind":"stop","name":"RISING SUN LN @ 17TH ST","stop_id":"137"},"type":"Feature"},{"geometry":{"coordinates":[-75.60925,39.72495],"type":"Point"},"properties":{"kind":"stop","name":"BOXWOOD RD @ AUGUSTINE ST","stop_id":"1370"},"type":"Feature"},{"geometry":{"coordinates":[-75.60686,39.72467],"type":"Point"},"properties":{"kind":"stop","name":"BOXWOOD RD @ ROCHELLE PL","stop_id":"1371"},"type":"Feature"},{"geometry":{"coordinates":[-75.60053,39.72382],"type":"Point"},"properties":{"kind":"stop","name":"BOXWOOD RD @ JACKSON RD","stop_id":"1374"},"type":"Feature"},{"geometry":{"coordinates":[-75.57166,39.73754],"type":"Point"},"properties":{"kind":"stop","name":"BROOM ST @ CEDAR ST","stop_id":"1376"},"type":"Feature"},{"geometry":{"coordinates":[-75.56989,39.74015],"type":"Point"},"properties":{"kind":"stop","name":"BROOM ST @ OP SYCAMORE ST","stop_id":"1378"},"type":"Feature"},{"geometry":{"coordinates":[-75.56749,39.74371],"type":"Point"},"properties":{"kind":"stop","name":"BROOM ST @ LANCASTER AVE","stop_id":"1379"},"type":"Feature"},{"geometry":{"coordinates":[-75.56168,39.7572],"type":"Point"},"properties":{"kind":"stop","name":"DELAWARE AVE @ CLAYTON ST","stop_id":"138"},"type":"Feature"},{"geometry":{"coordinates":[-75.56581,39.74318],"type":"Point"},"properties":{"kind":"stop","name":"LANCASTER AVE @ FRANKLIN ST","stop_id":"1380"},"type":"Feature"},{"geometry":{"coordinates":[-75.56362,39.7423],"type":"Point"},"properties":{"kind":"stop","name":"LANCASTER AVE @ VAN BUREN ST","stop_id":"1382"},"type":"Feature"},{"geometry":{"coordinates":[-75.56042,39.74101],"type":"Point"},"properties":{"kind":"stop","name":"M L KING BLVD @ MONROE ST","stop_id":"1384"},"type":"Feature"},{"geometry":{"coordinates":[-75.55374,39.73914],"type":"Point"},"properties":{"kind":"stop","name":"ORANGE ST @ 2ND ST","stop_id":"1385"},"type":"Feature"},{"geometry":{"coordinates":[-75.55281,39.74036],"type":"Point"},"properties":{"kind":"stop","name":"ORANGE ST @ 4TH ST","stop_id":"1386"},"type":"Feature"},{"geometry":{"coordinates":[-75.54018,39.75139],"type":"Point"},"properties":{"kind":"stop","name":"VANDEVER AVE @ BUENA VISTA ST","stop_id":"1387"},"type":"Feature"},{"geometry":{"coordinates":[-75.53603,39.74879],"type":"Point"},"properties":{"kind":"stop","name":"VANDEVER AVE @ SPRUCE ST","stop_id":"1388"},"type":"Feature"},{"geometry":{"coordinates":[-75.53245,39.74651],"type":"Point"},"properties":{"kind":"stop","name":"VANDEVER AVE @ THATCHER ST","stop_id":"1389"},"type":"Feature"},{"geometry":{"coordinates":[-75.52597,39.76313],"type":"Point"},"properties":{"kind":"stop","name":"WASHINGTON ST @ 39TH ST","stop_id":"139"},"type":"Feature"},{"geometry":{"coordinates":[-75.5311,39.74535],"type":"Point"},"properties":{"kind":"stop","name":"CLAYMONT ST @ VANDEVER AV","stop_id":"1390"},"type":"Feature"},{"geometry":{"coordinates":[-75.53168,39.74442],"type":"Point"},"properties":{"kind":"stop","name":"CLAYMONT ST @ 15TH ST","stop_id":"1391"},"type":"Feature"},{"geometry":{"coordinates":[-75.55829,39.75429],"type":"Point"},"properties":{"kind":"stop","name":"DELAWARE AVE @ FRANKLIN ST","stop_id":"1393"},"type":"Feature"},{"geometry":{"coordinates":[-75.55952,39.75536],"type":"Point"},"properties":{"kind":"stop","name":"DELAWARE AVE @ BROOM ST","stop_id":"1394"},"type":"Feature"},{"geometry":{"coordinates":[-75.56242,39.75799],"type":"Point"},"properties":{"kind":"stop","name":"DELAWARE AVE @ DUPONT ST","stop_id":"1396"},"type":"Feature"},{"geometry":{"coordinates":[-75.56575,39.75995],"type":"Point"},"properties":{"kind":"stop","name":"UNION ST @ 17TH ST","stop_id":"1399"},"type":"Feature"},{"geometry":{"coordinates":[-75.52887,39.75759],"type":"Point"},"properties":{"kind":"stop","name":"MARKET ST @ TODDS LN","stop_id":"14"},"type":"Feature"},{"geometry":{"coordinates":[-75.5692,39.76135],"type":"Point"},"properties":{"kind":"stop","name":"17TH ST @ WOODLAWN AVE","stop_id":"1401"},"type":"Feature"},{"geometry":{"coordinates":[-75.57103,39.76208],"type":"Point"},"properties":{"kind":"stop","name":"17TH ST @ RIVERVIEW AVE","stop_id":"1402"},"type":"Feature"},{"geometry":{"coordinates":[-75.5728,39.76279],"type":"Point"},"properties":{"kind":"stop","name":"17TH ST @ GREENHILL AVE","stop_id":"1403"},"type":"Feature"},{"geometry":{"coordinates":[-75.57669,39.76436],"type":"Point"},"properties":{"kind":"stop","name":"17TH ST @ TOWER RD","stop_id":"1406"},"type":"Feature"},{"geometry":{"coordinates":[-75.5833,39.76602],"type":"Point"},"properties":{"kind":"stop","name":"KENNETT PK @ OP WESTOVER RD","stop_id":"1408"},"type":"Feature"},{"geometry":{"coordinates":[-75.58456,39.76703],"type":"Point"},"properties":{"kind":"stop","name":"KENNETT PK @ OP HOPETON RD","stop_id":"1409"},"type":"Feature"},{"geometry":{"coordinates":[-75.50706,39.7741],"type":"Point"},"properties":{"kind":"stop","name":"MARSH RD @ WASHINGTON ST","stop_id":"141"},"type":"Feature"},{"geometry":{"coordinates":[-75.58637,39.76838],"type":"Point"},"properties":{"kind":"stop","name":"KENNETT PK @ BRECKS LN","stop_id":"1410"},"type":"Feature"},{"geometry":{"coordinates":[-75.58908,39.77056],"type":"Point"},"properties":{"kind":"stop","name":"KENNETT PK @ OP CHRISTIANA CARE","stop_id":"1412"},"type":"Feature"},{"geometry":{"coordinates":[-75.59488,39.7752],"type":"Point"},"properties":{"kind":"stop","name":"KENNETT PK @ BRIARS LN","stop_id":"1413"},"type":"Feature"},{"geometry":{"coordinates":[-75.50056,39.80698],"type":"Point"},"properties":{"kind":"stop","name":"MARSH RD @ OP FORWOOD MANOR","stop_id":"144"},"type":"Feature"},{"geometry":{"coordinates":[-75.49313,39.80432],"type":"Point"},"properties":{"kind":"stop","name":"VEALE RD @ BUCKINGHAM RD","stop_id":"145"},"type":"Feature"},{"geometry":{"coordinates":[-75.59736,39.77762],"type":"Point"},"properties":{"kind":"stop","name":"KENNETT PK @ RAILROAD TRACKS","stop_id":"1450"},"type":"Feature"},{"geometry":{"coordinates":[-75.59479,39.7746],"type":"Point"},"properties":{"kind":"stop","name":"KENNETT PK @ PRESIDENTIAL DR","stop_id":"1452"},"type":"Feature"},{"geometry":{"coordinates":[-75.58806,39.76936],"type":"Point"},"properties":{"kind":"stop","name":"KENNETT PK @ CHRISTIANA CARE","stop_id":"1453"},"type":"Feature"},{"geometry":{"coordinates":[-75.58611,39.7679],"type":"Point"},"properties":{"kind":"stop","name":"KENNETT PK @ DUPONT RD PARK & RIDE","stop_id":"1455"},"type":"Feature"},{"geometry":{"coordinates":[-75.58475,39.7669],"type":"Point"},"properties":{"kind":"stop","name":"KENNETT PK @ HOPETON RD","stop_id":"1456"},"type":"Feature"},{"geometry":{"coordinates":[-75.58343,39.7659],"type":"Point"},"properties":{"kind":"stop","name":"KENNETT PK @ WESTOVER RD","stop_id":"1457"},"type":"Feature"},{"geometry":{"coordinates":[-75.57792,39.76617],"type":"Point"},"properties":{"kind":"stop","name":"RISING SUN LN @ 19TH ST","stop_id":"1459"},"type":"Feature"},{"geometry":{"coordinates":[-75.50334,39.80074],"type":"Point"},"properties":{"kind":"stop","name":"VEALE RD @ SILVERSIDE RD","stop_id":"146"},"type":"Feature"},{"geometry":{"coordinates":[-75.57582,39.76556],"type":"Point"},"properties":{"kind":"stop","name":"19TH ST @ TOWER ST","stop_id":"1460"},"type":"Feature"},{"geometry":{"coordinates":[-75.57175,39.76451],"type":"Point"},"properties":{"kind":"stop","name":"DELAWARE AVE @ GREENHILL AVE","stop_id":"1463"},"type":"Feature"},{"geometry":{"coordinates":[-75.57,39.7638],"type":"Point"},"properties":{"kind":"stop","name":"DELAWARE AVE @ RIVERVIEW AVE","stop_id":"1464"},"type":"Feature"},{"geometry":{"coordinates":[-75.56706,39.76208],"type":"Point"},"properties":{"kind":"stop","name":"DELAWARE AVE @ BANCROFT PKWY","stop_id":"1466"},"type":"Feature"},{"geometry":{"coordinates":[-75.56539,39.76053],"type":"Point"},"properties":{"kind":"stop","name":"DELAWARE AVE @ UNION ST","stop_id":"1468"},"type":"Feature"},{"geometry":{"coordinates":[-75.56444,39.7597],"type":"Point"},"properties":{"kind":"stop","name":"DELAWARE AVE @ LINCOLN ST","stop_id":"1469"},"type":"Feature"},{"geometry":{"coordinates":[-75.56264,39.75803],"type":"Point"},"properties":{"kind":"stop","name":"DELAWARE AVE @ DUPONT ST","stop_id":"1471"},"type":"Feature"},{"geometry":{"coordinates":[-75.55967,39.75537],"type":"Point"},"properties":{"kind":"stop","name":"DELAWARE AVE @ BROOM ST","stop_id":"1473"},"type":"Feature"},{"geometry":{"coordinates":[-75.55831,39.75417],"type":"Point"},"properties":{"kind":"stop","name":"DELAWARE AVE @ FRANKLIN ST","stop_id":"1474"},"type":"Feature"},{"geometry":{"coordinates":[-75.54645,39.75341],"type":"Point"},"properties":{"kind":"stop","name":"WASHINGTON ST @ 17TH ST","stop_id":"1476"},"type":"Feature"},{"geometry":{"coordinates":[-75.54543,39.75394],"type":"Point"},"properties":{"kind":"stop","name":"WASHINGTON ST @ 18TH ST","stop_id":"1477"},"type":"Feature"},{"geometry":{"coordinates":[-75.54304,39.755],"type":"Point"},"properties":{"kind":"stop","name":"WASHINGTON ST @ 21ST ST","stop_id":"1479"},"type":"Feature"},{"geometry":{"coordinates":[-75.54156,39.75566],"type":"Point"},"properties":{"kind":"stop","name":"WASHINGTON ST @ CONCORD AVE","stop_id":"1481"},"type":"Feature"},{"geometry":{"coordinates":[-75.53996,39.75638],"type":"Point"},"properties":{"kind":"stop","name":"WASHINGTON ST @ 24TH ST","stop_id":"1482"},"type":"Feature"},{"geometry":{"coordinates":[-75.53812,39.7572],"type":"Point"},"properties":{"kind":"stop","name":"WASHINGTON ST @ 26TH ST","stop_id":"1484"},"type":"Feature"},{"geometry":{"coordinates":[-75.53629,39.75801],"type":"Point"},"properties":{"kind":"stop","name":"WASHINGTON ST @ 28TH ST","stop_id":"1486"},"type":"Feature"},{"geometry":{"coordinates":[-75.53414,39.75897],"type":"Point"},"properties":{"kind":"stop","name":"WASHINGTON ST @ 30TH ST","stop_id":"1488"},"type":"Feature"},{"geometry":{"coordinates":[-75.532,39.75989],"type":"Point"},"properties":{"kind":"stop","name":"WASHINGTON ST @ OP 32ND ST","stop_id":"1490"},"type":"Feature"},{"geometry":{"coordinates":[-75.52942,39.76155],"type":"Point"},"properties":{"kind":"stop","name":"WASHINGTON ST @ 36TH ST","stop_id":"1493"},"type":"Feature"},{"geometry":{"coordinates":[-75.52711,39.76262],"type":"Point"},"properties":{"kind":"stop","name":"WASHINGTON ST @ 38TH ST","stop_id":"1495"},"type":"Feature"},{"geometry":{"coordinates":[-75.52158,39.76293],"type":"Point"},"properties":{"kind":"stop","name":"LEA BLVD & OP TATNALL ST","stop_id":"1496"},"type":"Feature"},{"geometry":{"coordinates":[-75.52295,39.76446],"type":"Point"},"properties":{"kind":"stop","name":"WASHINGTON ST @ LEA BLVD","stop_id":"1497"},"type":"Feature"},{"geometry":{"coordinates":[-75.52124,39.76582],"type":"Point"},"properties":{"kind":"stop","name":"WASHINGTON ST @ HAWTHORNE DR","stop_id":"1498"},"type":"Feature"},{"geometry":{"coordinates":[-75.52023,39.76699],"type":"Point"},"properties":{"kind":"stop","name":"WASHINGTON ST @ DRYDEN ST","stop_id":"1499"},"type":"Feature"},{"geometry":{"coordinates":[-75.52554,39.7634],"type":"Point"},"properties":{"kind":"stop","name":"WASHINGTON ST @ MATSON RUN PKWY","stop_id":"150"},"type":"Feature"},{"geometry":{"coordinates":[-75.51686,39.77144],"type":"Point"},"properties":{"kind":"stop","name":"WASHINGTON ST @ SHIPLEY RD","stop_id":"1501"},"type":"Feature"},{"geometry":{"coordinates":[-75.51097,39.77345],"type":"Point"},"properties":{"kind":"stop","name":"WASHINGTON ST @ WYNDHAM RD","stop_id":"1504"},"type":"Feature"},{"geometry":{"coordinates":[-75.50967,39.77364],"type":"Point"},"properties":{"kind":"stop","name":"WASHINGTON ST @ HANOVER RD","stop_id":"1505"},"type":"Feature"},{"geometry":{"coordinates":[-75.5061,39.782],"type":"Point"},"properties":{"kind":"stop","name":"MARSH RD @ OP FAITH PRES CH","stop_id":"1507"},"type":"Feature"},{"geometry":{"coordinates":[-75.50595,39.78352],"type":"Point"},"properties":{"kind":"stop","name":"MARSH RD @ ROWLAND PARK BVD","stop_id":"1508"},"type":"Feature"},{"geometry":{"coordinates":[-75.54658,39.75472],"type":"Point"},"properties":{"kind":"stop","name":"BAYNARD BLVD @ 18TH ST","stop_id":"151"},"type":"Feature"},{"geometry":{"coordinates":[-75.50576,39.78749],"type":"Point"},"properties":{"kind":"stop","name":"MARSH RD @ CREST RD","stop_id":"1511"},"type":"Feature"},{"geometry":{"coordinates":[-75.50555,39.79164],"type":"Point"},"properties":{"kind":"stop","name":"MARSH RD @ OP BETTE RD","stop_id":"1512"},"type":"Feature"},{"geometry":{"coordinates":[-75.50551,39.79256],"type":"Point"},"properties":{"kind":"stop","name":"MARSH RD @ NORTHWOOD RD","stop_id":"1513"},"type":"Feature"},{"geometry":{"coordinates":[-75.50533,39.79487],"type":"Point"},"properties":{"kind":"stop","name":"MARSH RD @ OP WEBSTER DR","stop_id":"1514"},"type":"Feature"},{"geometry":{"coordinates":[-75.50516,39.79853],"type":"Point"},"properties":{"kind":"stop","name":"MARSH RD @ OP MAYFIELD RD","stop_id":"1515"},"type":"Feature"},{"geometry":{"coordinates":[-75.50507,39.80054],"type":"Point"},"properties":{"kind":"stop","name":"MARSH RD @ OP GRAY SH CTR","stop_id":"1516"},"type":"Feature"},{"geometry":{"coordinates":[-75.50434,39.8029],"type":"Point"},"properties":{"kind":"stop","name":"MARSH RD @ SILVERSIDE RD","stop_id":"1517"},"type":"Feature"},{"geometry":{"coordinates":[-75.50173,39.80573],"type":"Point"},"properties":{"kind":"stop","name":"MARSH RD @ PLAZA III","stop_id":"1518"},"type":"Feature"},{"geometry":{"coordinates":[-75.49819,39.80953],"type":"Point"},"properties":{"kind":"stop","name":"MARSH RD @ OLD ORCHARD RD","stop_id":"1519"},"type":"Feature"},{"geometry":{"coordinates":[-75.53441,39.76635],"type":"Point"},"properties":{"kind":"stop","name":"MILLER RD SHOP CTR","stop_id":"152"},"type":"Feature"},{"geometry":{"coordinates":[-75.49637,39.8108],"type":"Point"},"properties":{"kind":"stop","name":"MARSH RD @ DURBORAW RD","stop_id":"1520"},"type":"Feature"},{"geometry":{"coordinates":[-75.49367,39.81242],"type":"Point"},"properties":{"kind":"stop","name":"MARSH RD @ HARVEY RD","stop_id":"1521"},"type":"Feature"},{"geometry":{"coordinates":[-75.49131,39.81193],"type":"Point"},"properties":{"kind":"stop","name":"HARVEY RD @ HILLSIDE RD","stop_id":"1522"},"type":"Feature"},{"geometry":{"coordinates":[-75.48958,39.81144],"type":"Point"},"properties":{"kind":"stop","name":"HARVEY RD @ LITTLE LN","stop_id":"1523"},"type":"Feature"},{"geometry":{"coordinates":[-75.48841,39.8111],"type":"Point"},"properties":{"kind":"stop","name":"HARVEY RD @ ORLEANS RD","stop_id":"1524"},"type":"Feature"},{"geometry":{"coordinates":[-75.48731,39.80994],"type":"Point"},"properties":{"kind":"stop","name":"HARVEY RD @ OP THE SWEEP","stop_id":"1525"},"type":"Feature"},{"geometry":{"coordinates":[-75.48562,39.80802],"type":"Point"},"properties":{"kind":"stop","name":"HARVEY RD @ OP LORELEY LN","stop_id":"1526"},"type":"Feature"},{"geometry":{"coordinates":[-75.48452,39.80706],"type":"Point"},"properties":{"kind":"stop","name":"HARVEY RD @ MILLERS RD","stop_id":"1528"},"type":"Feature"},{"geometry":{"coordinates":[-75.48826,39.8048],"type":"Point"},"properties":{"kind":"stop","name":"VEALE RD @ WILLOW WAY","stop_id":"1529"},"type":"Feature"},{"geometry":{"coordinates":[-75.54645,39.75514],"type":"Point"},"properties":{"kind":"stop","name":"BAYNARD BLVD @ 18TH ST","stop_id":"153"},"type":"Feature"},{"geometry":{"coordinates":[-75.48566,39.80568],"type":"Point"},"properties":{"kind":"stop","name":"VEALE RD @ SUNSET LN","stop_id":"1531"},"type":"Feature"},{"geometry":{"coordinates":[-75.49555,39.80342],"type":"Point"},"properties":{"kind":"stop","name":"VEALE RD @ OP HILTON RD","stop_id":"1532"},"type":"Feature"},{"geometry":{"coordinates":[-75.49828,39.80246],"type":"Point"},"properties":{"kind":"stop","name":"VEALE RD @ SUTTON PL","stop_id":"1534"},"type":"Feature"},{"geometry":{"coordinates":[-75.5005,39.80169],"type":"Point"},"properties":{"kind":"stop","name":"VEALE RD @ WOODBROOK CIR","stop_id":"1535"},"type":"Feature"},{"geometry":{"coordinates":[-75.50535,39.79913],"type":"Point"},"properties":{"kind":"stop","name":"MARSH RD @ MAYFIELD RD","stop_id":"1536"},"type":"Feature"},{"geometry":{"coordinates":[-75.50557,39.7947],"type":"Point"},"properties":{"kind":"stop","name":"MARSH RD @ WEBSTER DR","stop_id":"1537"},"type":"Feature"},{"geometry":{"coordinates":[-75.50569,39.7918],"type":"Point"},"properties":{"kind":"stop","name":"MARSH RD @ BETTE RD","stop_id":"1539"},"type":"Feature"},{"geometry":{"coordinates":[-75.50587,39.78788],"type":"Point"},"properties":{"kind":"stop","name":"MARSH RD @ CREST RD","stop_id":"1540"},"type":"Feature"},{"geometry":{"coordinates":[-75.50608,39.78393],"type":"Point"},"properties":{"kind":"stop","name":"MARSH RD @ ROWLAND PARK BVD","stop_id":"1543"},"type":"Feature"},{"geometry":{"coordinates":[-75.50623,39.78238],"type":"Point"},"properties":{"kind":"stop","name":"MARSH RD @ FAITH PRES CHURCH","stop_id":"1544"},"type":"Feature"},{"geometry":{"coordinates":[-75.50844,39.7738],"type":"Point"},"properties":{"kind":"stop","name":"WASHINGTON ST @ BRIGHTON RD","stop_id":"1545"},"type":"Feature"},{"geometry":{"coordinates":[-75.51057,39.77377],"type":"Point"},"properties":{"kind":"stop","name":"WASHINGTON ST @ OP WYNDHAM RD","stop_id":"1547"},"type":"Feature"},{"geometry":{"coordinates":[-75.51513,39.77274],"type":"Point"},"properties":{"kind":"stop","name":"WASHINGTON ST @ CARR RD","stop_id":"1549"},"type":"Feature"},{"geometry":{"coordinates":[-75.45534,39.80389],"type":"Point"},"properties":{"kind":"stop","name":"PHILADELPHIA PK @ ARCHMERE ACADEMY","stop_id":"155"},"type":"Feature"},{"geometry":{"coordinates":[-75.51771,39.77101],"type":"Point"},"properties":{"kind":"stop","name":"WASHINGTON ST @ SHIPLEY RD","stop_id":"1550"},"type":"Feature"},{"geometry":{"coordinates":[-75.52044,39.76721],"type":"Point"},"properties":{"kind":"stop","name":"WASHINGTON ST @ MILTON DR","stop_id":"1551"},"type":"Feature"},{"geometry":{"coordinates":[-75.52171,39.76575],"type":"Point"},"properties":{"kind":"stop","name":"WASHINGTON ST @ HAWTHORNE DR","stop_id":"1552"},"type":"Feature"},{"geometry":{"coordinates":[-75.52696,39.76282],"type":"Point"},"properties":{"kind":"stop","name":"WASHINGTON ST @ 38TH ST","stop_id":"1554"},"type":"Feature"},{"geometry":{"coordinates":[-75.52927,39.76177],"type":"Point"},"properties":{"kind":"stop","name":"WASHINGTON ST @ 36TH ST","stop_id":"1556"},"type":"Feature"},{"geometry":{"coordinates":[-75.5306,39.76085],"type":"Point"},"properties":{"kind":"stop","name":"WASHINGTON ST @ 34TH ST","stop_id":"1558"},"type":"Feature"},{"geometry":{"coordinates":[-75.46613,39.81299],"type":"Point"},"properties":{"kind":"stop","name":"DARLEY RD @ PEACHTREE RD","stop_id":"156"},"type":"Feature"},{"geometry":{"coordinates":[-75.53214,39.75997],"type":"Point"},"properties":{"kind":"stop","name":"WASHINGTON ST @ 32ND ST","stop_id":"1560"},"type":"Feature"},{"geometry":{"coordinates":[-75.53396,39.75919],"type":"Point"},"properties":{"kind":"stop","name":"WASHINGTON ST @ 30TH ST","stop_id":"1562"},"type":"Feature"},{"geometry":{"coordinates":[-75.5361,39.75822],"type":"Point"},"properties":{"kind":"stop","name":"WASHINGTON ST @ 28TH ST","stop_id":"1564"},"type":"Feature"},{"geometry":{"coordinates":[-75.53799,39.75739],"type":"Point"},"properties":{"kind":"stop","name":"WASHINGTON ST @ 26TH ST","stop_id":"1566"},"type":"Feature"},{"geometry":{"coordinates":[-75.53983,39.75656],"type":"Point"},"properties":{"kind":"stop","name":"WASHINGTON ST @ 24TH ST","stop_id":"1567"},"type":"Feature"},{"geometry":{"coordinates":[-75.5411,39.75596],"type":"Point"},"properties":{"kind":"stop","name":"WASHINGTON ST @ CONCORD AVE","stop_id":"1568"},"type":"Feature"},{"geometry":{"coordinates":[-75.54286,39.7552],"type":"Point"},"properties":{"kind":"stop","name":"WASHINGTON ST @ 21ST ST","stop_id":"1570"},"type":"Feature"},{"geometry":{"coordinates":[-75.54394,39.75472],"type":"Point"},"properties":{"kind":"stop","name":"WASHINGTON ST @ 20TH ST","stop_id":"1571"},"type":"Feature"},{"geometry":{"coordinates":[-75.5456,39.75398],"type":"Point"},"properties":{"kind":"stop","name":"WASHINGTON ST @ 18TH ST","stop_id":"1573"},"type":"Feature"},{"geometry":{"coordinates":[-75.54664,39.7535],"type":"Point"},"properties":{"kind":"stop","name":"WASHINGTON ST @ 17TH ST","stop_id":"1574"},"type":"Feature"},{"geometry":{"coordinates":[-75.54598,39.7555],"type":"Point"},"properties":{"kind":"stop","name":"BAYNARD BLVD @ 19TH ST","stop_id":"1577"},"type":"Feature"},{"geometry":{"coordinates":[-75.5455,39.7563],"type":"Point"},"properties":{"kind":"stop","name":"BAYNARD BLVD @ 20TH ST","stop_id":"1578"},"type":"Feature"},{"geometry":{"coordinates":[-75.45549,39.804],"type":"Point"},"properties":{"kind":"stop","name":"PHILADELPHIA PK @ OP ARCHMERE ACADEMY","stop_id":"158"},"type":"Feature"},{"geometry":{"coordinates":[-75.54438,39.75794],"type":"Point"},"properties":{"kind":"stop","name":"BAYNARD BLVD @ 22ND ST","stop_id":"1580"},"type":"Feature"},{"geometry":{"coordinates":[-75.54356,39.75912],"type":"Point"},"properties":{"kind":"stop","name":"BAYNARD BLVD @ 23RD ST","stop_id":"1581"},"type":"Feature"},{"geometry":{"coordinates":[-75.5427,39.76037],"type":"Point"},"properties":{"kind":"stop","name":"BAYNARD BLVD @ VAN BUREN ST","stop_id":"1582"},"type":"Feature"},{"geometry":{"coordinates":[-75.54176,39.76179],"type":"Point"},"properties":{"kind":"stop","name":"BAYNARD BLVD @ 26TH ST","stop_id":"1583"},"type":"Feature"},{"geometry":{"coordinates":[-75.54065,39.76347],"type":"Point"},"properties":{"kind":"stop","name":"BAYNARD BLVD @ 28TH ST","stop_id":"1584"},"type":"Feature"},{"geometry":{"coordinates":[-75.53774,39.76545],"type":"Point"},"properties":{"kind":"stop","name":"MILLER RD @ 30TH ST","stop_id":"1586"},"type":"Feature"},{"geometry":{"coordinates":[-75.53604,39.76668],"type":"Point"},"properties":{"kind":"stop","name":"MILLER RD @ 34TH ST","stop_id":"1588"},"type":"Feature"},{"geometry":{"coordinates":[-75.52985,39.76763],"type":"Point"},"properties":{"kind":"stop","name":"FRANKLIN ST @ 39TH ST","stop_id":"1590"},"type":"Feature"},{"geometry":{"coordinates":[-75.528,39.7672],"type":"Point"},"properties":{"kind":"stop","name":"LEA BLVD @ OP COVERLY RD","stop_id":"1591"},"type":"Feature"},{"geometry":{"coordinates":[-75.52696,39.76659],"type":"Point"},"properties":{"kind":"stop","name":"LEA BLVD @ MONROE ST","stop_id":"1592"},"type":"Feature"},{"geometry":{"coordinates":[-75.52811,39.76561],"type":"Point"},"properties":{"kind":"stop","name":"MONROE ST @ 39TH ST","stop_id":"1593"},"type":"Feature"},{"geometry":{"coordinates":[-75.53005,39.76476],"type":"Point"},"properties":{"kind":"stop","name":"MONROE ST @ 37TH ST","stop_id":"1594"},"type":"Feature"},{"geometry":{"coordinates":[-75.53265,39.7634],"type":"Point"},"properties":{"kind":"stop","name":"MONROE ST @ OP 35TH ST","stop_id":"1595"},"type":"Feature"},{"geometry":{"coordinates":[-75.5349,39.76346],"type":"Point"},"properties":{"kind":"stop","name":"VAN BUREN ST @ 32ND ST","stop_id":"1596"},"type":"Feature"},{"geometry":{"coordinates":[-75.53666,39.76267],"type":"Point"},"properties":{"kind":"stop","name":"VAN BUREN ST @ 30TH ST","stop_id":"1597"},"type":"Feature"},{"geometry":{"coordinates":[-75.53881,39.76171],"type":"Point"},"properties":{"kind":"stop","name":"VAN BUREN ST @ 28TH ST","stop_id":"1598"},"type":"Feature"},{"geometry":{"coordinates":[-75.54063,39.76089],"type":"Point"},"properties":{"kind":"stop","name":"VAN BUREN ST @ 26TH ST","stop_id":"1599"},"type":"Feature"},{"geometry":{"coordinates":[-75.52699,39.75847],"type":"Point"},"properties":{"kind":"stop","name":"MARKET ST @ 35TH ST","stop_id":"16"},"type":"Feature"},{"geometry":{"coordinates":[-75.54838,39.71198],"type":"Point"},"properties":{"kind":"stop","name":"NEW CASTLE AVE @ ROGERS RD","stop_id":"160"},"type":"Feature"},{"geometry":{"coordinates":[-75.54285,39.7602],"type":"Point"},"properties":{"kind":"stop","name":"VAN BUREN ST @ BAYNARD BLVD","stop_id":"1601"},"type":"Feature"},{"geometry":{"coordinates":[-75.54396,39.75876],"type":"Point"},"properties":{"kind":"stop","name":"BAYNARD BLVD @ 22ND ST","stop_id":"1603"},"type":"Feature"},{"geometry":{"coordinates":[-75.54454,39.75787],"type":"Point"},"properties":{"kind":"stop","name":"BAYNARD BLVD @ 21ST ST","stop_id":"1604"},"type":"Feature"},{"geometry":{"coordinates":[-75.54521,39.7569],"type":"Point"},"properties":{"kind":"stop","name":"BAYNARD BLVD @ 20TH ST","stop_id":"1605"},"type":"Feature"},{"geometry":{"coordinates":[-75.55483,39.69306],"type":"Point"},"properties":{"kind":"stop","name":"NEW CASTLE AVE @ CHERRY LN","stop_id":"161"},"type":"Feature"},{"geometry":{"coordinates":[-75.48022,39.82126],"type":"Point"},"properties":{"kind":"stop","name":"NAAMANS RD @ OP PIN OAK DR","stop_id":"1614"},"type":"Feature"},{"geometry":{"coordinates":[-75.47797,39.82084],"type":"Point"},"properties":{"kind":"stop","name":"NAAMANS RD @ MARILYN DR","stop_id":"1615"},"type":"Feature"},{"geometry":{"coordinates":[-75.47128,39.82],"type":"Point"},"properties":{"kind":"stop","name":"NAAMANS RD @ MERRIBROOK RD","stop_id":"1616"},"type":"Feature"},{"geometry":{"coordinates":[-75.46636,39.81921],"type":"Point"},"properties":{"kind":"stop","name":"NAAMANS RD @ CARPENTER RD PNR","stop_id":"1617"},"type":"Feature"},{"geometry":{"coordinates":[-75.56826,39.68345],"type":"Point"},"properties":{"kind":"stop","name":"MONTPELIER BLVD @ MOORES LA","stop_id":"162"},"type":"Feature"},{"geometry":{"coordinates":[-75.54713,39.73864],"type":"Point"},"properties":{"kind":"stop","name":"4TH ST @ POPLAR ST","stop_id":"1622"},"type":"Feature"},{"geometry":{"coordinates":[-75.54433,39.73748],"type":"Point"},"properties":{"kind":"stop","name":"4TH ST @ OP SPRUCE ST","stop_id":"1625"},"type":"Feature"},{"geometry":{"coordinates":[-75.54245,39.73671],"type":"Point"},"properties":{"kind":"stop","name":"4TH ST @ CHURCH ST","stop_id":"1626"},"type":"Feature"},{"geometry":{"coordinates":[-75.54222,39.73181],"type":"Point"},"properties":{"kind":"stop","name":"HEALD ST @ OP APPLE ST","stop_id":"1627"},"type":"Feature"},{"geometry":{"coordinates":[-75.54328,39.73016],"type":"Point"},"properties":{"kind":"stop","name":"HEALD ST @ A ST","stop_id":"1628"},"type":"Feature"},{"geometry":{"coordinates":[-75.54419,39.72891],"type":"Point"},"properties":{"kind":"stop","name":"HEALD ST @ B ST","stop_id":"1629"},"type":"Feature"},{"geometry":{"coordinates":[-75.54447,39.72413],"type":"Point"},"properties":{"kind":"stop","name":"NEW CASTLE AVE @ OP NEW YORK AVE","stop_id":"1633"},"type":"Feature"},{"geometry":{"coordinates":[-75.54524,39.72133],"type":"Point"},"properties":{"kind":"stop","name":"NEW CASTLE AVE @ OP TERMINAL AVE","stop_id":"1634"},"type":"Feature"},{"geometry":{"coordinates":[-75.54578,39.71952],"type":"Point"},"properties":{"kind":"stop","name":"NEW CASTLE AVE @ OP DOVER AVE","stop_id":"1635"},"type":"Feature"},{"geometry":{"coordinates":[-75.54671,39.71676],"type":"Point"},"properties":{"kind":"stop","name":"NEW CASTLE AVE @ OP NORTH ST","stop_id":"1636"},"type":"Feature"},{"geometry":{"coordinates":[-75.54712,39.71527],"type":"Point"},"properties":{"kind":"stop","name":"NEW CASTLE AVE @ OP SOUTH ST","stop_id":"1637"},"type":"Feature"},{"geometry":{"coordinates":[-75.54761,39.71406],"type":"Point"},"properties":{"kind":"stop","name":"NEW CASTLE AVE @ GMC TRUCK","stop_id":"1638"},"type":"Feature"},{"geometry":{"coordinates":[-75.54905,39.70992],"type":"Point"},"properties":{"kind":"stop","name":"NEW CASTLE AVE @ OP RIZZO AVE","stop_id":"1639"},"type":"Feature"},{"geometry":{"coordinates":[-75.56714,39.66184],"type":"Point"},"properties":{"kind":"stop","name":"6TH ST @ DELAWARE ST (HISTORIC NEW CASTLE)","stop_id":"164"},"type":"Feature"},{"geometry":{"coordinates":[-75.54954,39.70834],"type":"Point"},"properties":{"kind":"stop","name":"NEW CASTLE AVE @ RYAN AVE","stop_id":"1640"},"type":"Feature"},{"geometry":{"coordinates":[-75.54993,39.70722],"type":"Point"},"properties":{"kind":"stop","name":"NEW CASTLE AVE @ OP ROSE LN","stop_id":"1641"},"type":"Feature"},{"geometry":{"coordinates":[-75.55062,39.70527],"type":"Point"},"properties":{"kind":"stop","name":"NEW CASTLE AVE @ OP LAMBSONS LN","stop_id":"1642"},"type":"Feature"},{"geometry":{"coordinates":[-75.55139,39.70297],"type":"Point"},"properties":{"kind":"stop","name":"NEW CASTLE AVE @ MOOREHOUSE DR","stop_id":"1643"},"type":"Feature"},{"geometry":{"coordinates":[-75.55202,39.70113],"type":"Point"},"properties":{"kind":"stop","name":"NEW CASTLE AVE @ BOWLERAMA","stop_id":"1644"},"type":"Feature"},{"geometry":{"coordinates":[-75.55281,39.69882],"type":"Point"},"properties":{"kind":"stop","name":"NEW CASTLE AVE @ MEMORIAL DR","stop_id":"1645"},"type":"Feature"},{"geometry":{"coordinates":[-75.55546,39.69133],"type":"Point"},"properties":{"kind":"stop","name":"NEW CASTLE AVE @ OP RODNEY DR","stop_id":"1646"},"type":"Feature"},{"geometry":{"coordinates":[-75.55659,39.68813],"type":"Point"},"properties":{"kind":"stop","name":"NEW CASTLE AVE @ LANDERS LN","stop_id":"1647"},"type":"Feature"},{"geometry":{"coordinates":[-75.55802,39.68408],"type":"Point"},"properties":{"kind":"stop","name":"WILMINGTON RD @ CASTLE HILLS DR","stop_id":"1649"},"type":"Feature"},{"geometry":{"coordinates":[-75.57964,39.66532],"type":"Point"},"properties":{"kind":"stop","name":"BASIN RD @ FRENCHTOWN RD","stop_id":"165"},"type":"Feature"},{"geometry":{"coordinates":[-75.55971,39.67932],"type":"Point"},"properties":{"kind":"stop","name":"WILMINGTON RD @ ADAIR AVE","stop_id":"1652"},"type":"Feature"},{"geometry":{"coordinates":[-75.56109,39.67502],"type":"Point"},"properties":{"kind":"stop","name":"WILMINGTON RD @ BRYLGON AVE","stop_id":"1654"},"type":"Feature"},{"geometry":{"coordinates":[-75.55886,39.68878],"type":"Point"},"properties":{"kind":"stop","name":"LANDERS LN @ OP QUEEN AVE E EN","stop_id":"1655"},"type":"Feature"},{"geometry":{"coordinates":[-75.56045,39.68955],"type":"Point"},"properties":{"kind":"stop","name":"LANDERS LN @ GLEN AVE","stop_id":"1656"},"type":"Feature"},{"geometry":{"coordinates":[-75.56186,39.69024],"type":"Point"},"properties":{"kind":"stop","name":"LANDERS LN @ OP QUEEN AVE W EN","stop_id":"1657"},"type":"Feature"},{"geometry":{"coordinates":[-75.56342,39.69102],"type":"Point"},"properties":{"kind":"stop","name":"LANDERS LN @ OP EAST AVE","stop_id":"1658"},"type":"Feature"},{"geometry":{"coordinates":[-75.56531,39.69197],"type":"Point"},"properties":{"kind":"stop","name":"LANDERS LN @ MOORES LN","stop_id":"1659"},"type":"Feature"},{"geometry":{"coordinates":[-75.58807,39.67724],"type":"Point"},"properties":{"kind":"stop","name":"BASIN RD @ CRIPPEN DR","stop_id":"166"},"type":"Feature"},{"geometry":{"coordinates":[-75.56708,39.6903],"type":"Point"},"properties":{"kind":"stop","name":"MOORES LN @ OP MIDFIELD AVE N","stop_id":"1660"},"type":"Feature"},{"geometry":{"coordinates":[-75.56812,39.68748],"type":"Point"},"properties":{"kind":"stop","name":"MOORES LN @ OP PIERSON PL","stop_id":"1661"},"type":"Feature"},{"geometry":{"coordinates":[-75.56785,39.68553],"type":"Point"},"properties":{"kind":"stop","name":"MOORES LN @ OP MIDFIELD AVE S","stop_id":"1662"},"type":"Feature"},{"geometry":{"coordinates":[-75.56764,39.68424],"type":"Point"},"properties":{"kind":"stop","name":"MOORES LN @ COLONIAL VILL AP","stop_id":"1663"},"type":"Feature"},{"geometry":{"coordinates":[-75.56987,39.68307],"type":"Point"},"properties":{"kind":"stop","name":"MONTPELIER BLVD @ LUNENBURG DR","stop_id":"1664"},"type":"Feature"},{"geometry":{"coordinates":[-75.57234,39.68282],"type":"Point"},"properties":{"kind":"stop","name":"MONTPELIER BLVD @ POWHATAN RD","stop_id":"1665"},"type":"Feature"},{"geometry":{"coordinates":[-75.57292,39.68163],"type":"Point"},"properties":{"kind":"stop","name":"INDEPENDENCE BLV @ RALEIGH CT","stop_id":"1666"},"type":"Feature"},{"geometry":{"coordinates":[-75.57293,39.68015],"type":"Point"},"properties":{"kind":"stop","name":"INDEPENDENCE BLV @ TUCKAHOE RD","stop_id":"1667"},"type":"Feature"},{"geometry":{"coordinates":[-75.57277,39.67855],"type":"Point"},"properties":{"kind":"stop","name":"INDEPENDENCE BLV @ SHADWELL CT","stop_id":"1668"},"type":"Feature"},{"geometry":{"coordinates":[-75.57197,39.67719],"type":"Point"},"properties":{"kind":"stop","name":"CONSTITUTION BLV @ INDEPENDENCE BLV","stop_id":"1669"},"type":"Feature"},{"geometry":{"coordinates":[-75.56871,39.67806],"type":"Point"},"properties":{"kind":"stop","name":"CONSTITUTION BLV @ OP MONTICELLO BL","stop_id":"1670"},"type":"Feature"},{"geometry":{"coordinates":[-75.56628,39.67964],"type":"Point"},"properties":{"kind":"stop","name":"CONSTITUTION BLV @ MOORES LN","stop_id":"1671"},"type":"Feature"},{"geometry":{"coordinates":[-75.56522,39.67697],"type":"Point"},"properties":{"kind":"stop","name":"MOORES LN @ SWEDES ST","stop_id":"1672"},"type":"Feature"},{"geometry":{"coordinates":[-75.5622,39.67441],"type":"Point"},"properties":{"kind":"stop","name":"MOORES LN @ 12TH ST","stop_id":"1674"},"type":"Feature"},{"geometry":{"coordinates":[-75.56077,39.66808],"type":"Point"},"properties":{"kind":"stop","name":"WILMINGTON RD @ OP E 6TH ST","stop_id":"1675"},"type":"Feature"},{"geometry":{"coordinates":[-75.56827,39.66094],"type":"Point"},"properties":{"kind":"stop","name":"6TH ST-NC @ TREMONT ST","stop_id":"1678"},"type":"Feature"},{"geometry":{"coordinates":[-75.56948,39.65997],"type":"Point"},"properties":{"kind":"stop","name":"6TH ST-NC @ SOUTH ST","stop_id":"1679"},"type":"Feature"},{"geometry":{"coordinates":[-75.60915,39.68855],"type":"Point"},"properties":{"kind":"stop","name":"READS WAY @ BLDG ONE","stop_id":"168"},"type":"Feature"},{"geometry":{"coordinates":[-75.5711,39.66017],"type":"Point"},"properties":{"kind":"stop","name":"7TH ST-NC @ SOUTH ST","stop_id":"1680"},"type":"Feature"},{"geometry":{"coordinates":[-75.57659,39.66105],"type":"Point"},"properties":{"kind":"stop","name":"WASHINGTON ST-NC @ 10TH ST","stop_id":"1684"},"type":"Feature"},{"geometry":{"coordinates":[-75.57732,39.66206],"type":"Point"},"properties":{"kind":"stop","name":"WASHINGTON ST-NC @ 11TH ST","stop_id":"1685"},"type":"Feature"},{"geometry":{"coordinates":[-75.57837,39.66357],"type":"Point"},"properties":{"kind":"stop","name":"WASHINGTON ST-NC @ 13TH ST","stop_id":"1686"},"type":"Feature"},{"geometry":{"coordinates":[-75.58192,39.66855],"type":"Point"},"properties":{"kind":"stop","name":"BASIN RD @ STOCKTON DR","stop_id":"1687"},"type":"Feature"},{"geometry":{"coordinates":[-75.58344,39.67071],"type":"Point"},"properties":{"kind":"stop","name":"BASIN RD @ NOTRE DAME AVE","stop_id":"1688"},"type":"Feature"},{"geometry":{"coordinates":[-75.58495,39.67284],"type":"Point"},"properties":{"kind":"stop","name":"BASIN RD @ UNIVERSITY AVE","stop_id":"1689"},"type":"Feature"},{"geometry":{"coordinates":[-75.64021,39.66291],"type":"Point"},"properties":{"kind":"stop","name":"CHRISTIANA RD & AIRPORT RD","stop_id":"169"},"type":"Feature"},{"geometry":{"coordinates":[-75.58632,39.67477],"type":"Point"},"properties":{"kind":"stop","name":"BASIN RD @ E ROOSEVELT AVE","stop_id":"1690"},"type":"Feature"},{"geometry":{"coordinates":[-75.58704,39.6758],"type":"Point"},"properties":{"kind":"stop","name":"BASIN RD @ BLOUNT RD","stop_id":"1691"},"type":"Feature"},{"geometry":{"coordinates":[-75.59437,39.68629],"type":"Point"},"properties":{"kind":"stop","name":"BASIN RD @ JAY DR","stop_id":"1692"},"type":"Feature"},{"geometry":{"coordinates":[-75.59265,39.68384],"type":"Point"},"properties":{"kind":"stop","name":"BASIN RD @ WASHINGTON AVE","stop_id":"1693"},"type":"Feature"},{"geometry":{"coordinates":[-75.61241,39.68882],"type":"Point"},"properties":{"kind":"stop","name":"READS WAY @ 31 READS WAY","stop_id":"1697"},"type":"Feature"},{"geometry":{"coordinates":[-75.61181,39.68655],"type":"Point"},"properties":{"kind":"stop","name":"READS WAY @ NEW CASTLE CY GOV CT","stop_id":"1698"},"type":"Feature"},{"geometry":{"coordinates":[-75.61518,39.68552],"type":"Point"},"properties":{"kind":"stop","name":"COMMONS BLVD @ OP EASTER SEALS","stop_id":"1699"},"type":"Feature"},{"geometry":{"coordinates":[-75.52469,39.75948],"type":"Point"},"properties":{"kind":"stop","name":"MARKET ST @ 38TH ST","stop_id":"17"},"type":"Feature"},{"geometry":{"coordinates":[-75.63994,39.66272],"type":"Point"},"properties":{"kind":"stop","name":"CHRISTIANA RD @ COMMUNITY PLAZA","stop_id":"170"},"type":"Feature"},{"geometry":{"coordinates":[-75.61929,39.68412],"type":"Point"},"properties":{"kind":"stop","name":"AIRPORT RD @ OP SCHLEY RD","stop_id":"1700"},"type":"Feature"},{"geometry":{"coordinates":[-75.6215,39.68174],"type":"Point"},"properties":{"kind":"stop","name":"AIRPORT RD @ MOWERY RD","stop_id":"1701"},"type":"Feature"},{"geometry":{"coordinates":[-75.62945,39.67343],"type":"Point"},"properties":{"kind":"stop","name":"AIRPORT RD @ CHERRY RD","stop_id":"1704"},"type":"Feature"},{"geometry":{"coordinates":[-75.60906,39.68831],"type":"Point"},"properties":{"kind":"stop","name":"READS WAY @ 2 READS WAY","stop_id":"171"},"type":"Feature"},{"geometry":{"coordinates":[-75.64433,39.66265],"type":"Point"},"properties":{"kind":"stop","name":"CHRISTIANA RD @ OP WEDGEFIELD DR","stop_id":"1710"},"type":"Feature"},{"geometry":{"coordinates":[-75.65031,39.67963],"type":"Point"},"properties":{"kind":"stop","name":"CHRISTIANA MALL (TARGET)","stop_id":"1711"},"type":"Feature"},{"geometry":{"coordinates":[-75.6449,39.66237],"type":"Point"},"properties":{"kind":"stop","name":"CHRISTIANA RD @ WEDGEFIELD DR","stop_id":"1712"},"type":"Feature"},{"geometry":{"coordinates":[-75.63288,39.66974],"type":"Point"},"properties":{"kind":"stop","name":"AIRPORT RD @ EDINBURGH DR","stop_id":"1715"},"type":"Feature"},{"geometry":{"coordinates":[-75.62933,39.67329],"type":"Point"},"properties":{"kind":"stop","name":"AIRPORT RD @ PRESTWICK DR","stop_id":"1717"},"type":"Feature"},{"geometry":{"coordinates":[-75.62319,39.67958],"type":"Point"},"properties":{"kind":"stop","name":"AIRPORT RD @ OP OL CHURCHMANS RD","stop_id":"1719"},"type":"Feature"},{"geometry":{"coordinates":[-75.59912,39.69294],"type":"Point"},"properties":{"kind":"stop","name":"BASIN RD @ COMMONS BLVD","stop_id":"172"},"type":"Feature"},{"geometry":{"coordinates":[-75.6213,39.68162],"type":"Point"},"properties":{"kind":"stop","name":"AIRPORT RD @ OP MOWERY RD","stop_id":"1720"},"type":"Feature"},{"geometry":{"coordinates":[-75.61918,39.68388],"type":"Point"},"properties":{"kind":"stop","name":"AIRPORT RD @ SCHLEY RD","stop_id":"1721"},"type":"Feature"},{"geometry":{"coordinates":[-75.61526,39.68529],"type":"Point"},"properties":{"kind":"stop","name":"COMMONS BLVD @ EASTER SEALS","stop_id":"1722"},"type":"Feature"},{"geometry":{"coordinates":[-75.61156,39.68636],"type":"Point"},"properties":{"kind":"stop","name":"READS WAY @ BLDG 92","stop_id":"1724"},"type":"Feature"},{"geometry":{"coordinates":[-75.61182,39.68919],"type":"Point"},"properties":{"kind":"stop","name":"READS WAY @ BLDG 42","stop_id":"1725"},"type":"Feature"},{"geometry":{"coordinates":[-75.60761,39.68743],"type":"Point"},"properties":{"kind":"stop","name":"COMMONS BLVD @ OP READS E ENT","stop_id":"1726"},"type":"Feature"},{"geometry":{"coordinates":[-75.59474,39.6863],"type":"Point"},"properties":{"kind":"stop","name":"BASIN RD @ OP JAY DR","stop_id":"1728"},"type":"Feature"},{"geometry":{"coordinates":[-75.58885,39.67793],"type":"Point"},"properties":{"kind":"stop","name":"BASIN RD @ PENN MART SH CTR","stop_id":"1729"},"type":"Feature"},{"geometry":{"coordinates":[-75.56685,39.66192],"type":"Point"},"properties":{"kind":"stop","name":"6TH ST @ DELAWARE ST (HISTORIC NEW CASTLE)","stop_id":"173"},"type":"Feature"},{"geometry":{"coordinates":[-75.58671,39.67488],"type":"Point"},"properties":{"kind":"stop","name":"BASIN RD @ AMSTEL DR","stop_id":"1730"},"type":"Feature"},{"geometry":{"coordinates":[-75.58543,39.67306],"type":"Point"},"properties":{"kind":"stop","name":"BASIN RD @ UNIVERSITY AVE","stop_id":"1731"},"type":"Feature"},{"geometry":{"coordinates":[-75.58364,39.67055],"type":"Point"},"properties":{"kind":"stop","name":"BASIN RD @ WM PENN HS NORTH","stop_id":"1732"},"type":"Feature"},{"geometry":{"coordinates":[-75.58234,39.66871],"type":"Point"},"properties":{"kind":"stop","name":"BASIN RD @ WM PENN HS SOUTH","stop_id":"1733"},"type":"Feature"},{"geometry":{"coordinates":[-75.57987,39.66524],"type":"Point"},"properties":{"kind":"stop","name":"BASIN RD @ FRENCHTOWN RD","stop_id":"1734"},"type":"Feature"},{"geometry":{"coordinates":[-75.57767,39.66237],"type":"Point"},"properties":{"kind":"stop","name":"WASHINGTON ST-NC @ 11TH ST","stop_id":"1735"},"type":"Feature"},{"geometry":{"coordinates":[-75.57676,39.66107],"type":"Point"},"properties":{"kind":"stop","name":"WASHINGTON ST-NC @ 10TH ST","stop_id":"1736"},"type":"Feature"},{"geometry":{"coordinates":[-75.5709,39.66013],"type":"Point"},"properties":{"kind":"stop","name":"7TH ST @ SOUTH ST","stop_id":"1739"},"type":"Feature"},{"geometry":{"coordinates":[-75.56101,39.67445],"type":"Point"},"properties":{"kind":"stop","name":"WILMINGTON RD @ MEGGISSON AV","stop_id":"174"},"type":"Feature"},{"geometry":{"coordinates":[-75.56993,39.65992],"type":"Point"},"properties":{"kind":"stop","name":"SOUTH ST @ 6TH ST","stop_id":"1740"},"type":"Feature"},{"geometry":{"coordinates":[-75.56804,39.66101],"type":"Point"},"properties":{"kind":"stop","name":"6TH ST-NC @ TREMONT ST","stop_id":"1741"},"type":"Feature"},{"geometry":{"coordinates":[-75.56049,39.66811],"type":"Point"},"properties":{"kind":"stop","name":"WILMINGTON RD @ E 6TH ST","stop_id":"1743"},"type":"Feature"},{"geometry":{"coordinates":[-75.56088,39.67178],"type":"Point"},"properties":{"kind":"stop","name":"WILMINGTON RD @ OP BALDT AVE","stop_id":"1744"},"type":"Feature"},{"geometry":{"coordinates":[-75.55917,39.67985],"type":"Point"},"properties":{"kind":"stop","name":"WILMINGTON RD @ HOLCOMB LN","stop_id":"1746"},"type":"Feature"},{"geometry":{"coordinates":[-75.55832,39.68226],"type":"Point"},"properties":{"kind":"stop","name":"WILMINGTON RD @ JACQUETTE SQ","stop_id":"1748"},"type":"Feature"},{"geometry":{"coordinates":[-75.55772,39.68396],"type":"Point"},"properties":{"kind":"stop","name":"WILMINGTON RD @ BUTTONWOOD AVE","stop_id":"1749"},"type":"Feature"},{"geometry":{"coordinates":[-75.5674,39.68398],"type":"Point"},"properties":{"kind":"stop","name":"MOORES LANE @ OP MONTPELIER BL","stop_id":"175"},"type":"Feature"},{"geometry":{"coordinates":[-75.56204,39.67438],"type":"Point"},"properties":{"kind":"stop","name":"MOORES LN @ OP 12TH ST","stop_id":"1751"},"type":"Feature"},{"geometry":{"coordinates":[-75.5636,39.6758],"type":"Point"},"properties":{"kind":"stop","name":"MOORES LN @ OP 14TH ST","stop_id":"1752"},"type":"Feature"},{"geometry":{"coordinates":[-75.56503,39.67696],"type":"Point"},"properties":{"kind":"stop","name":"MOORES LN @ OP SWEDES ST","stop_id":"1753"},"type":"Feature"},{"geometry":{"coordinates":[-75.56695,39.67962],"type":"Point"},"properties":{"kind":"stop","name":"CONSTITUTION BLVD @ MOORES LN","stop_id":"1754"},"type":"Feature"},{"geometry":{"coordinates":[-75.5685,39.67848],"type":"Point"},"properties":{"kind":"stop","name":"CONSTITUTION BLVD @ MONITCELLO BLVD","stop_id":"1755"},"type":"Feature"},{"geometry":{"coordinates":[-75.57171,39.67728],"type":"Point"},"properties":{"kind":"stop","name":"CONSTITUTION BLV @ INDEPENDENCE BLV","stop_id":"1756"},"type":"Feature"},{"geometry":{"coordinates":[-75.57261,39.67847],"type":"Point"},"properties":{"kind":"stop","name":"INDEPENDENCE BLV @ OP SHADWELL CT","stop_id":"1757"},"type":"Feature"},{"geometry":{"coordinates":[-75.57278,39.67997],"type":"Point"},"properties":{"kind":"stop","name":"INDEPENDENCE BLV @ OP TUCKAHOE RD","stop_id":"1758"},"type":"Feature"},{"geometry":{"coordinates":[-75.57283,39.68146],"type":"Point"},"properties":{"kind":"stop","name":"INDEPENDENCE BLV @ MONTICELLO BLVD","stop_id":"1759"},"type":"Feature"},{"geometry":{"coordinates":[-75.55457,39.693],"type":"Point"},"properties":{"kind":"stop","name":"NEW CASTLE AVE & CHERRY LANE","stop_id":"176"},"type":"Feature"},{"geometry":{"coordinates":[-75.56982,39.683],"type":"Point"},"properties":{"kind":"stop","name":"MONTPELIER BLVD @ OP LUNENBURG DR","stop_id":"1761"},"type":"Feature"},{"geometry":{"coordinates":[-75.56842,39.68332],"type":"Point"},"properties":{"kind":"stop","name":"MONTPELIER BLVD @ COMMONWEALTH BLV","stop_id":"1762"},"type":"Feature"},{"geometry":{"coordinates":[-75.56765,39.68547],"type":"Point"},"properties":{"kind":"stop","name":"MOORES LN @ MIDFIELD AVE S","stop_id":"1763"},"type":"Feature"},{"geometry":{"coordinates":[-75.56796,39.68739],"type":"Point"},"properties":{"kind":"stop","name":"MOORES LN @ PIERSON PL","stop_id":"1764"},"type":"Feature"},{"geometry":{"coordinates":[-75.56698,39.6902],"type":"Point"},"properties":{"kind":"stop","name":"MOORES LN @ MIDFIELD AVE N","stop_id":"1765"},"type":"Feature"},{"geometry":{"coordinates":[-75.56544,39.69189],"type":"Point"},"properties":{"kind":"stop","name":"MOORES LN @ LANDERS LN","stop_id":"1766"},"type":"Feature"},{"geometry":{"coordinates":[-75.56346,39.69089],"type":"Point"},"properties":{"kind":"stop","name":"LANDERS LN @ EAST AVE","stop_id":"1767"},"type":"Feature"},{"geometry":{"coordinates":[-75.56208,39.69028],"type":"Point"},"properties":{"kind":"stop","name":"LANDERS LN @ QUEEN AVE N ENT","stop_id":"1768"},"type":"Feature"},{"geometry":{"coordinates":[-75.5607,39.68955],"type":"Point"},"properties":{"kind":"stop","name":"LANDERS LN @ GLEN AVE","stop_id":"1769"},"type":"Feature"},{"geometry":{"coordinates":[-75.54792,39.7124],"type":"Point"},"properties":{"kind":"stop","name":"NEW CASTLE AVE @ OP ROGERS RD","stop_id":"177"},"type":"Feature"},{"geometry":{"coordinates":[-75.55907,39.68874],"type":"Point"},"properties":{"kind":"stop","name":"LANDERS LN @ QUEEN AVE S ENT","stop_id":"1770"},"type":"Feature"},{"geometry":{"coordinates":[-75.55795,39.68818],"type":"Point"},"properties":{"kind":"stop","name":"LANDERS LN @ NEW CASTLE AVE","stop_id":"1771"},"type":"Feature"},{"geometry":{"coordinates":[-75.55629,39.68818],"type":"Point"},"properties":{"kind":"stop","name":"NEW CASTLE AVE @ RIVERVIEW DR","stop_id":"1772"},"type":"Feature"},{"geometry":{"coordinates":[-75.55519,39.69125],"type":"Point"},"properties":{"kind":"stop","name":"NEW CASTLE AVE @ RODNEY DR","stop_id":"1773"},"type":"Feature"},{"geometry":{"coordinates":[-75.55215,39.69998],"type":"Point"},"properties":{"kind":"stop","name":"NEW CASTLE AVE @ MEMORIAL DR","stop_id":"1774"},"type":"Feature"},{"geometry":{"coordinates":[-75.55128,39.70246],"type":"Point"},"properties":{"kind":"stop","name":"NEW CASTLE AVE @ HILLVIEW AVE","stop_id":"1776"},"type":"Feature"},{"geometry":{"coordinates":[-75.55031,39.70532],"type":"Point"},"properties":{"kind":"stop","name":"NEW CASTLE AVE @ LAMBSONS LN","stop_id":"1777"},"type":"Feature"},{"geometry":{"coordinates":[-75.54962,39.70737],"type":"Point"},"properties":{"kind":"stop","name":"NEW CASTLE AVE @ ROSE LN","stop_id":"1778"},"type":"Feature"},{"geometry":{"coordinates":[-75.54929,39.7084],"type":"Point"},"properties":{"kind":"stop","name":"NEW CASTLE AVE @ REVIS AVE","stop_id":"1779"},"type":"Feature"},{"geometry":{"coordinates":[-75.54864,39.71029],"type":"Point"},"properties":{"kind":"stop","name":"NEW CASTLE AVE @ RIZZO AVE","stop_id":"1780"},"type":"Feature"},{"geometry":{"coordinates":[-75.54697,39.71532],"type":"Point"},"properties":{"kind":"stop","name":"NEW CASTLE AVE @ SOUTH ST","stop_id":"1781"},"type":"Feature"},{"geometry":{"coordinates":[-75.54654,39.71664],"type":"Point"},"properties":{"kind":"stop","name":"NEW CASTLE AVE @ NORTH ST","stop_id":"1782"},"type":"Feature"},{"geometry":{"coordinates":[-75.54558,39.71952],"type":"Point"},"properties":{"kind":"stop","name":"NEW CASTLE AVE @ DOVER AVE","stop_id":"1783"},"type":"Feature"},{"geometry":{"coordinates":[-75.54505,39.72117],"type":"Point"},"properties":{"kind":"stop","name":"NEW CASTLE AVE @ ALBANY AVE","stop_id":"1784"},"type":"Feature"},{"geometry":{"coordinates":[-75.54453,39.72306],"type":"Point"},"properties":{"kind":"stop","name":"NEW CASTLE AVE @ OP CLAYMONT ST","stop_id":"1785"},"type":"Feature"},{"geometry":{"coordinates":[-75.54395,39.72489],"type":"Point"},"properties":{"kind":"stop","name":"NEW CASTLE AVE @ NEW YORK AVE","stop_id":"1786"},"type":"Feature"},{"geometry":{"coordinates":[-75.54334,39.72755],"type":"Point"},"properties":{"kind":"stop","name":"NEW CASTLE AVE @ C ST","stop_id":"1787"},"type":"Feature"},{"geometry":{"coordinates":[-75.54302,39.72859],"type":"Point"},"properties":{"kind":"stop","name":"NEW CASTLE AVE @ B ST","stop_id":"1788"},"type":"Feature"},{"geometry":{"coordinates":[-75.54266,39.72995],"type":"Point"},"properties":{"kind":"stop","name":"NEW CASTLE AVE @ A ST","stop_id":"1789"},"type":"Feature"},{"geometry":{"coordinates":[-75.74874,39.65075],"type":"Point"},"properties":{"kind":"stop","name":"S COLLEGE AVE @ FRIENDLYS","stop_id":"179"},"type":"Feature"},{"geometry":{"coordinates":[-75.54233,39.73114],"type":"Point"},"properties":{"kind":"stop","name":"NEW CASTLE AVE @ LOBDELL ST","stop_id":"1790"},"type":"Feature"},{"geometry":{"coordinates":[-75.54153,39.73253],"type":"Point"},"properties":{"kind":"stop","name":"NEW CASTLE AVE @ PEACH ST","stop_id":"1791"},"type":"Feature"},{"geometry":{"coordinates":[-75.54236,39.73685],"type":"Point"},"properties":{"kind":"stop","name":"4TH ST @ CHURCH ST","stop_id":"1792"},"type":"Feature"},{"geometry":{"coordinates":[-75.54376,39.73742],"type":"Point"},"properties":{"kind":"stop","name":"4TH ST @ SPRUCE ST","stop_id":"1793"},"type":"Feature"},{"geometry":{"coordinates":[-75.55012,39.74002],"type":"Point"},"properties":{"kind":"stop","name":"4TH ST @ KING ST","stop_id":"1794"},"type":"Feature"},{"geometry":{"coordinates":[-75.5534,39.7374],"type":"Point"},"properties":{"kind":"stop","name":"MARKET ST @ SHIPLEY ST/ROSA PARKS DR","stop_id":"1795"},"type":"Feature"},{"geometry":{"coordinates":[-75.55497,39.73516],"type":"Point"},"properties":{"kind":"stop","name":"MARKET ST @ A ST","stop_id":"1796"},"type":"Feature"},{"geometry":{"coordinates":[-75.55623,39.73314],"type":"Point"},"properties":{"kind":"stop","name":"MARKET ST @ HOWARD ST","stop_id":"1797"},"type":"Feature"},{"geometry":{"coordinates":[-75.75113,39.65539],"type":"Point"},"properties":{"kind":"stop","name":"S COLLEGE AVE @ OLD CHESTNUT HILL RD","stop_id":"1799"},"type":"Feature"},{"geometry":{"coordinates":[-75.52308,39.76024],"type":"Point"},"properties":{"kind":"stop","name":"MARKET ST @ 40TH ST","stop_id":"18"},"type":"Feature"},{"geometry":{"coordinates":[-75.75018,39.65787],"type":"Point"},"properties":{"kind":"stop","name":"DE 896 @ DE 4 PARK & RIDE (INSIDE)","stop_id":"180"},"type":"Feature"},{"geometry":{"coordinates":[-75.75195,39.66134],"type":"Point"},"properties":{"kind":"stop","name":"S COLLEGE AVE @ BOB CARPENTER CTR","stop_id":"1800"},"type":"Feature"},{"geometry":{"coordinates":[-75.75335,39.67198],"type":"Point"},"properties":{"kind":"stop","name":"S COLLEGE AVE @ OP RITTER LN","stop_id":"1801"},"type":"Feature"},{"geometry":{"coordinates":[-75.75339,39.67347],"type":"Point"},"properties":{"kind":"stop","name":"S COLLEGE AVE @ KELLS AVE","stop_id":"1802"},"type":"Feature"},{"geometry":{"coordinates":[-75.7613,39.67475],"type":"Point"},"properties":{"kind":"stop","name":"W PARK PL @ APPLE RD","stop_id":"1805"},"type":"Feature"},{"geometry":{"coordinates":[-75.76385,39.67475],"type":"Point"},"properties":{"kind":"stop","name":"W PARK PL @ WILLA RD","stop_id":"1806"},"type":"Feature"},{"geometry":{"coordinates":[-75.75263,39.66653],"type":"Point"},"properties":{"kind":"stop","name":"S COLLEGE AVE @ OP INSPIRATION BLVD","stop_id":"181"},"type":"Feature"},{"geometry":{"coordinates":[-75.76438,39.67568],"type":"Point"},"properties":{"kind":"stop","name":"S MAIN ST @ MURRAY RD","stop_id":"1813"},"type":"Feature"},{"geometry":{"coordinates":[-75.76245,39.67724],"type":"Point"},"properties":{"kind":"stop","name":"S MAIN ST @ PARK & SHOP SHOPPING CTR","stop_id":"183"},"type":"Feature"},{"geometry":{"coordinates":[-75.75357,39.67404],"type":"Point"},"properties":{"kind":"stop","name":"S COLLEGE AVE @ W PARK PL","stop_id":"1845"},"type":"Feature"},{"geometry":{"coordinates":[-75.75349,39.67212],"type":"Point"},"properties":{"kind":"stop","name":"S COLLEGE AVE @ RITTER LN","stop_id":"1846"},"type":"Feature"},{"geometry":{"coordinates":[-75.75229,39.66122],"type":"Point"},"properties":{"kind":"stop","name":"S COLLEGE AVE @ MARVIN DR","stop_id":"1847"},"type":"Feature"},{"geometry":{"coordinates":[-75.75136,39.65482],"type":"Point"},"properties":{"kind":"stop","name":"S COLLEGE AVE @ CHESTNUT HL RD W","stop_id":"1854"},"type":"Feature"},{"geometry":{"coordinates":[-75.55539,39.72143],"type":"Point"},"properties":{"kind":"stop","name":"DUPONT HWY @ MILLSIDE RD","stop_id":"1855"},"type":"Feature"},{"geometry":{"coordinates":[-75.55394,39.73105],"type":"Point"},"properties":{"kind":"stop","name":"WALNUT ST @ HOWARD ST","stop_id":"1856"},"type":"Feature"},{"geometry":{"coordinates":[-75.55065,39.73808],"type":"Point"},"properties":{"kind":"stop","name":"2ND ST @ FRENCH ST","stop_id":"1857"},"type":"Feature"},{"geometry":{"coordinates":[-75.54676,39.73169],"type":"Point"},"properties":{"kind":"stop","name":"A ST @ OP HUMANE SOCTY","stop_id":"1859"},"type":"Feature"},{"geometry":{"coordinates":[-75.54414,39.73061],"type":"Point"},"properties":{"kind":"stop","name":"A ST @ TOWNSEND ST","stop_id":"1860"},"type":"Feature"},{"geometry":{"coordinates":[-75.54946,39.71277],"type":"Point"},"properties":{"kind":"stop","name":"ROGERS RD @ OAKMONT DR","stop_id":"1861"},"type":"Feature"},{"geometry":{"coordinates":[-75.55154,39.71367],"type":"Point"},"properties":{"kind":"stop","name":"TALLEDEGA DR @ BUNCHE BLVD","stop_id":"1862"},"type":"Feature"},{"geometry":{"coordinates":[-75.55355,39.71252],"type":"Point"},"properties":{"kind":"stop","name":"BUNCHE BLVD @ CHEYNEY DR","stop_id":"1863"},"type":"Feature"},{"geometry":{"coordinates":[-75.55522,39.71166],"type":"Point"},"properties":{"kind":"stop","name":"BUNCHE BLVD @ CARVER DR","stop_id":"1864"},"type":"Feature"},{"geometry":{"coordinates":[-75.55703,39.71055],"type":"Point"},"properties":{"kind":"stop","name":"BUNCHE BLVD @ OP ANDERSON DR","stop_id":"1865"},"type":"Feature"},{"geometry":{"coordinates":[-75.55824,39.70878],"type":"Point"},"properties":{"kind":"stop","name":"MOOREHOUSE DR @ BUNCHE BLVD","stop_id":"1866"},"type":"Feature"},{"geometry":{"coordinates":[-75.5577,39.70759],"type":"Point"},"properties":{"kind":"stop","name":"MOOREHOUSE DR @ E OF BUNCHE BLVD","stop_id":"1867"},"type":"Feature"},{"geometry":{"coordinates":[-75.55666,39.70636],"type":"Point"},"properties":{"kind":"stop","name":"MOOREHOUSE DR @ B BUNCHE-ANDERSON","stop_id":"1868"},"type":"Feature"},{"geometry":{"coordinates":[-75.55554,39.70502],"type":"Point"},"properties":{"kind":"stop","name":"MOOREHOUSE DR @ W OF ANDERSON DR","stop_id":"1869"},"type":"Feature"},{"geometry":{"coordinates":[-75.55456,39.70393],"type":"Point"},"properties":{"kind":"stop","name":"MOOREHOUSE DR @ ANDERSON DR","stop_id":"1870"},"type":"Feature"},{"geometry":{"coordinates":[-75.55176,39.70289],"type":"Point"},"properties":{"kind":"stop","name":"MOOREHOUSE DR @ NEW CASTLE AVE","stop_id":"1871"},"type":"Feature"},{"geometry":{"coordinates":[-75.74914,39.65069],"type":"Point"},"properties":{"kind":"stop","name":"S COLLEGE AVE @ OP FRIENDLYS","stop_id":"188"},"type":"Feature"},{"geometry":{"coordinates":[-75.55627,39.70191],"type":"Point"},"properties":{"kind":"stop","name":"MEMORIAL DR @ BIZARRE DR","stop_id":"1883"},"type":"Feature"},{"geometry":{"coordinates":[-75.55811,39.70413],"type":"Point"},"properties":{"kind":"stop","name":"MEMORIAL DR @ KARLYN DR S","stop_id":"1884"},"type":"Feature"},{"geometry":{"coordinates":[-75.56073,39.70725],"type":"Point"},"properties":{"kind":"stop","name":"MEMORIAL DR @ PARMA AVE","stop_id":"1885"},"type":"Feature"},{"geometry":{"coordinates":[-75.56167,39.70851],"type":"Point"},"properties":{"kind":"stop","name":"MEMORIAL DR @ KARLYN DR N","stop_id":"1886"},"type":"Feature"},{"geometry":{"coordinates":[-75.56647,39.70743],"type":"Point"},"properties":{"kind":"stop","name":"DUPONT HWY @ COUNTY POLICE BL","stop_id":"1887"},"type":"Feature"},{"geometry":{"coordinates":[-75.5681,39.70565],"type":"Point"},"properties":{"kind":"stop","name":"DUPONT HWY @ DELAWARE PUBLIC AUTO AUCTION","stop_id":"1888"},"type":"Feature"},{"geometry":{"coordinates":[-75.57087,39.70254],"type":"Point"},"properties":{"kind":"stop","name":"DUPONT HWY @ OP GRACELAWN MEM PK","stop_id":"1889"},"type":"Feature"},{"geometry":{"coordinates":[-75.57171,39.70159],"type":"Point"},"properties":{"kind":"stop","name":"DUPONT HWY @ LOVELACE AVE","stop_id":"1890"},"type":"Feature"},{"geometry":{"coordinates":[-75.57312,39.69999],"type":"Point"},"properties":{"kind":"stop","name":"DUPONT HWY @ HEALTH & SOC SVC","stop_id":"1892"},"type":"Feature"},{"geometry":{"coordinates":[-75.57078,39.70179],"type":"Point"},"properties":{"kind":"stop","name":"DUPONT HWY @ RED ROOF INN ENT","stop_id":"1893"},"type":"Feature"},{"geometry":{"coordinates":[-75.56955,39.70316],"type":"Point"},"properties":{"kind":"stop","name":"DUPONT HWY @ GRACELAWN MEM PK","stop_id":"1894"},"type":"Feature"},{"geometry":{"coordinates":[-75.56755,39.70544],"type":"Point"},"properties":{"kind":"stop","name":"DUPONT HWY @ OP DELAWARE PUBLIC AUTO AUCTION","stop_id":"1895"},"type":"Feature"},{"geometry":{"coordinates":[-75.5659,39.70719],"type":"Point"},"properties":{"kind":"stop","name":"DUPONT HWY @ WILDEL AVE","stop_id":"1896"},"type":"Feature"},{"geometry":{"coordinates":[-75.56228,39.70875],"type":"Point"},"properties":{"kind":"stop","name":"MEMORIAL DR @ KARLYN DR N","stop_id":"1897"},"type":"Feature"},{"geometry":{"coordinates":[-75.56116,39.70746],"type":"Point"},"properties":{"kind":"stop","name":"MEMORIAL DR @ PARMA AVE","stop_id":"1898"},"type":"Feature"},{"geometry":{"coordinates":[-75.55863,39.70436],"type":"Point"},"properties":{"kind":"stop","name":"MEMORIAL DR @ KARLYN DR S","stop_id":"1899"},"type":"Feature"},{"geometry":{"coordinates":[-75.55661,39.702],"type":"Point"},"properties":{"kind":"stop","name":"MEMORIAL DR @ BIZARRE DR","stop_id":"1900"},"type":"Feature"},{"geometry":{"coordinates":[-75.55149,39.71452],"type":"Point"},"properties":{"kind":"stop","name":"HASTIE DR @ ROGERS RD","stop_id":"191"},"type":"Feature"},{"geometry":{"coordinates":[-75.55183,39.70307],"type":"Point"},"properties":{"kind":"stop","name":"MOOREHOUSE DR @ NEW CASTLE AVE","stop_id":"1912"},"type":"Feature"},{"geometry":{"coordinates":[-75.55431,39.70388],"type":"Point"},"properties":{"kind":"stop","name":"MOOREHOUSE DR @ ANDERSON DR","stop_id":"1913"},"type":"Feature"},{"geometry":{"coordinates":[-75.55484,39.70436],"type":"Point"},"properties":{"kind":"stop","name":"MOOREHOUSE DR @ ANDERSON DR","stop_id":"1914"},"type":"Feature"},{"geometry":{"coordinates":[-75.55648,39.70635],"type":"Point"},"properties":{"kind":"stop","name":"MOOREHOUSE DR @ B ANDERSON-BUNCH","stop_id":"1915"},"type":"Feature"},{"geometry":{"coordinates":[-75.5575,39.70759],"type":"Point"},"properties":{"kind":"stop","name":"MOOREHOUSE DR @ BUNCHE BLVD","stop_id":"1916"},"type":"Feature"},{"geometry":{"coordinates":[-75.55819,39.70883],"type":"Point"},"properties":{"kind":"stop","name":"MOOREHOUSE DR @ BUNCHE BLVD","stop_id":"1917"},"type":"Feature"},{"geometry":{"coordinates":[-75.55697,39.71041],"type":"Point"},"properties":{"kind":"stop","name":"BUNCHE BLVD @ ANDERSON DR","stop_id":"1918"},"type":"Feature"},{"geometry":{"coordinates":[-75.55542,39.7115],"type":"Point"},"properties":{"kind":"stop","name":"BUNCHE BLVD @ CARVER DR","stop_id":"1919"},"type":"Feature"},{"geometry":{"coordinates":[-75.55367,39.71235],"type":"Point"},"properties":{"kind":"stop","name":"BUNCHE BLVD @ OP CHEYNEY DR","stop_id":"1920"},"type":"Feature"},{"geometry":{"coordinates":[-75.55143,39.71354],"type":"Point"},"properties":{"kind":"stop","name":"BUNCHE BLVD @ TALLEDEGA DR","stop_id":"1921"},"type":"Feature"},{"geometry":{"coordinates":[-75.54975,39.71287],"type":"Point"},"properties":{"kind":"stop","name":"ROGERS RD @ OAKMONT DR","stop_id":"1922"},"type":"Feature"},{"geometry":{"coordinates":[-75.54454,39.73092],"type":"Point"},"properties":{"kind":"stop","name":"A ST @ OP BUTTONWOOD ST","stop_id":"1923"},"type":"Feature"},{"geometry":{"coordinates":[-75.54701,39.73191],"type":"Point"},"properties":{"kind":"stop","name":"A ST @ HUMANE SOCIETY","stop_id":"1924"},"type":"Feature"},{"geometry":{"coordinates":[-75.55131,39.73371],"type":"Point"},"properties":{"kind":"stop","name":"A ST @ WALNUT ST","stop_id":"1925"},"type":"Feature"},{"geometry":{"coordinates":[-75.56679,39.74468],"type":"Point"},"properties":{"kind":"stop","name":"2ND ST @ BROOM ST","stop_id":"1926"},"type":"Feature"},{"geometry":{"coordinates":[-75.57284,39.74715],"type":"Point"},"properties":{"kind":"stop","name":"2ND ST @ LINCOLN ST","stop_id":"1929"},"type":"Feature"},{"geometry":{"coordinates":[-75.55352,39.70005],"type":"Point"},"properties":{"kind":"stop","name":"MEMORIAL DR @ OP LIND AVE","stop_id":"193"},"type":"Feature"},{"geometry":{"coordinates":[-75.64628,39.73011],"type":"Point"},"properties":{"kind":"stop","name":"KIRKWOOD HWY @ EVELYN DR","stop_id":"1930"},"type":"Feature"},{"geometry":{"coordinates":[-75.66724,39.73161],"type":"Point"},"properties":{"kind":"stop","name":"LIMESTONE RD @ MILLTOWN RD","stop_id":"1935"},"type":"Feature"},{"geometry":{"coordinates":[-75.67007,39.73287],"type":"Point"},"properties":{"kind":"stop","name":"LIMESTONE RD @ MEDICAL CENTER","stop_id":"1936"},"type":"Feature"},{"geometry":{"coordinates":[-75.67255,39.73363],"type":"Point"},"properties":{"kind":"stop","name":"LIMESTONE RD @ ARUNDEL DR","stop_id":"1937"},"type":"Feature"},{"geometry":{"coordinates":[-75.56445,39.70965],"type":"Point"},"properties":{"kind":"stop","name":"DUPONT HWY @ HAZELDELL AVE","stop_id":"194"},"type":"Feature"},{"geometry":{"coordinates":[-75.69033,39.73527],"type":"Point"},"properties":{"kind":"stop","name":"NEW LINDEN HILL RD @ PIKE CREEK BLVD","stop_id":"1947"},"type":"Feature"},{"geometry":{"coordinates":[-75.57503,39.70015],"type":"Point"},"properties":{"kind":"stop","name":"DEPT OF HEALTH & SOCIAL SERVICES","stop_id":"195"},"type":"Feature"},{"geometry":{"coordinates":[-75.7062,39.72074],"type":"Point"},"properties":{"kind":"stop","name":"NEW LINDEN HILL RD @ BOYDS VALLEY DR","stop_id":"1950"},"type":"Feature"},{"geometry":{"coordinates":[-75.70553,39.72095],"type":"Point"},"properties":{"kind":"stop","name":"NEW LINDEN HILL @ HENDERSON HILL R","stop_id":"1953"},"type":"Feature"},{"geometry":{"coordinates":[-75.56403,39.70926],"type":"Point"},"properties":{"kind":"stop","name":"DUPONT HWY @ MEMORIAL DR","stop_id":"196"},"type":"Feature"},{"geometry":{"coordinates":[-75.69203,39.72741],"type":"Point"},"properties":{"kind":"stop","name":"NEW LINDEN HILL RD @ SKYLINE DR","stop_id":"1964"},"type":"Feature"},{"geometry":{"coordinates":[-75.68941,39.73361],"type":"Point"},"properties":{"kind":"stop","name":"NEWLINDEN HILLRD @ PK CR OFFICE PLA","stop_id":"1965"},"type":"Feature"},{"geometry":{"coordinates":[-75.6731,39.73346],"type":"Point"},"properties":{"kind":"stop","name":"LIMESTONE RD @ OP ARUNDEL DR","stop_id":"1967"},"type":"Feature"},{"geometry":{"coordinates":[-75.67021,39.73261],"type":"Point"},"properties":{"kind":"stop","name":"LIMESTONE RD @ OP BLDG 3105","stop_id":"1968"},"type":"Feature"},{"geometry":{"coordinates":[-75.55368,39.69995],"type":"Point"},"properties":{"kind":"stop","name":"MEMORIAL DR @ LIND AVE","stop_id":"197"},"type":"Feature"},{"geometry":{"coordinates":[-75.57257,39.74596],"type":"Point"},"properties":{"kind":"stop","name":"LANCASTER AVE @ SCOTT ST","stop_id":"1973"},"type":"Feature"},{"geometry":{"coordinates":[-75.56988,39.74485],"type":"Point"},"properties":{"kind":"stop","name":"LANCASTER AVE @ CLAYTON ST","stop_id":"1974"},"type":"Feature"},{"geometry":{"coordinates":[-75.56751,39.74388],"type":"Point"},"properties":{"kind":"stop","name":"LANCASTER AVE @ BROOM ST","stop_id":"1976"},"type":"Feature"},{"geometry":{"coordinates":[-75.56695,39.75572],"type":"Point"},"properties":{"kind":"stop","name":"PENNSYLVANIA AVE @ LINCOLN ST","stop_id":"1977"},"type":"Feature"},{"geometry":{"coordinates":[-75.56883,39.75678],"type":"Point"},"properties":{"kind":"stop","name":"PENNSYLVANIA AVE @ UNION ST","stop_id":"1978"},"type":"Feature"},{"geometry":{"coordinates":[-75.57455,39.76007],"type":"Point"},"properties":{"kind":"stop","name":"PENNSYLVANIA AVE @ GREENHILL AVE","stop_id":"1981"},"type":"Feature"},{"geometry":{"coordinates":[-75.57704,39.76153],"type":"Point"},"properties":{"kind":"stop","name":"PENNSYLVANIA AVE @ MT SALEM LN","stop_id":"1982"},"type":"Feature"},{"geometry":{"coordinates":[-75.62368,39.76195],"type":"Point"},"properties":{"kind":"stop","name":"LANCASTER PK @ CENTERVILLE RD","stop_id":"1986"},"type":"Feature"},{"geometry":{"coordinates":[-75.55128,39.71453],"type":"Point"},"properties":{"kind":"stop","name":"HASTIE DR @ ROGERS RD","stop_id":"199"},"type":"Feature"},{"geometry":{"coordinates":[-75.65396,39.76608],"type":"Point"},"properties":{"kind":"stop","name":"LANCASTER PK @ OP WESTGATE DR","stop_id":"1998"},"type":"Feature"},{"geometry":{"coordinates":[-75.66127,39.76996],"type":"Point"},"properties":{"kind":"stop","name":"LANCASTER PK @ OP COFFE RN COND","stop_id":"1999"},"type":"Feature"},{"geometry":{"coordinates":[-75.55055,39.74371],"type":"Point"},"properties":{"kind":"stop","name":"ORANGE ST @ 8TH ST","stop_id":"2"},"type":"Feature"},{"geometry":{"coordinates":[-75.52075,39.7613],"type":"Point"},"properties":{"kind":"stop","name":"MARKET ST @ LEA BLVD","stop_id":"20"},"type":"Feature"},{"geometry":{"coordinates":[-75.57474,39.74679],"type":"Point"},"properties":{"kind":"stop","name":"UNION ST @ LANCASTER AVE","stop_id":"200"},"type":"Feature"},{"geometry":{"coordinates":[-75.66384,39.77102],"type":"Point"},"properties":{"kind":"stop","name":"LANCASTER PK @ LOVEVILLE RD","stop_id":"2000"},"type":"Feature"},{"geometry":{"coordinates":[-75.67478,39.77554],"type":"Point"},"properties":{"kind":"stop","name":"LANCASTER PK @ OP SANFORD SCHL","stop_id":"2003"},"type":"Feature"},{"geometry":{"coordinates":[-75.67993,39.78056],"type":"Point"},"properties":{"kind":"stop","name":"LANCASTER PK @ BRACKENVILLE RD","stop_id":"2005"},"type":"Feature"},{"geometry":{"coordinates":[-75.68486,39.78534],"type":"Point"},"properties":{"kind":"stop","name":"LANCASTER PK @ COFFEE RUN S CTR","stop_id":"2007"},"type":"Feature"},{"geometry":{"coordinates":[-75.69338,39.78611],"type":"Point"},"properties":{"kind":"stop","name":"OLD LANCASTER PK @ OP WELLS FARGO","stop_id":"2009"},"type":"Feature"},{"geometry":{"coordinates":[-75.68572,39.73819],"type":"Point"},"properties":{"kind":"stop","name":"LIMESTONE RD @ OP FAITH BAPTIST CHURCH","stop_id":"201"},"type":"Feature"},{"geometry":{"coordinates":[-75.69598,39.78143],"type":"Point"},"properties":{"kind":"stop","name":"ERICKSON AVE @ BECKET CT","stop_id":"2012"},"type":"Feature"},{"geometry":{"coordinates":[-75.69793,39.78454],"type":"Point"},"properties":{"kind":"stop","name":"MILLCREEK RD @ GRANT AVE","stop_id":"2014"},"type":"Feature"},{"geometry":{"coordinates":[-75.68571,39.78544],"type":"Point"},"properties":{"kind":"stop","name":"LANCASTER PK @ SMALL SHOP CTR","stop_id":"2023"},"type":"Feature"},{"geometry":{"coordinates":[-75.67922,39.77946],"type":"Point"},"properties":{"kind":"stop","name":"LANCASTER PK @ BRACKENVILLE RD","stop_id":"2025"},"type":"Feature"},{"geometry":{"coordinates":[-75.67453,39.77517],"type":"Point"},"properties":{"kind":"stop","name":"LANCASTER PK @ SANFORD SCHOOL","stop_id":"2027"},"type":"Feature"},{"geometry":{"coordinates":[-75.69214,39.72752],"type":"Point"},"properties":{"kind":"stop","name":"NEW LINDEN HILL RD @ SKYLINE DR","stop_id":"203"},"type":"Feature"},{"geometry":{"coordinates":[-75.70913,39.71819],"type":"Point"},"properties":{"kind":"stop","name":"POLLY DRUMMOND SHOPPING CENTER","stop_id":"204"},"type":"Feature"},{"geometry":{"coordinates":[-75.66384,39.77087],"type":"Point"},"properties":{"kind":"stop","name":"LANCASTER PK @ LOVEVILLE RD","stop_id":"2041"},"type":"Feature"},{"geometry":{"coordinates":[-75.66142,39.76996],"type":"Point"},"properties":{"kind":"stop","name":"LANCASTER PK @ COFFEE RUN CONDO","stop_id":"2042"},"type":"Feature"},{"geometry":{"coordinates":[-75.65454,39.76621],"type":"Point"},"properties":{"kind":"stop","name":"LANCASTER PK @ WESTGATE DR","stop_id":"2043"},"type":"Feature"},{"geometry":{"coordinates":[-75.57974,39.76306],"type":"Point"},"properties":{"kind":"stop","name":"PENNSYLVANIA AVE @ RISING SUN LN","stop_id":"2046"},"type":"Feature"},{"geometry":{"coordinates":[-75.57725,39.76136],"type":"Point"},"properties":{"kind":"stop","name":"PENNSYLVANIA AVE @ OP MT SALEM LN","stop_id":"2048"},"type":"Feature"},{"geometry":{"coordinates":[-75.57421,39.75964],"type":"Point"},"properties":{"kind":"stop","name":"PENNSYLVANIA AVE @ GREENHILL AVE","stop_id":"2049"},"type":"Feature"},{"geometry":{"coordinates":[-75.54402,39.78006],"type":"Point"},"properties":{"kind":"stop","name":"WELDIN RD @ FOULK RD","stop_id":"2052"},"type":"Feature"},{"geometry":{"coordinates":[-75.54119,39.78076],"type":"Point"},"properties":{"kind":"stop","name":"FOULK RD @ 300 FOULK BLDG","stop_id":"2053"},"type":"Feature"},{"geometry":{"coordinates":[-75.53869,39.78335],"type":"Point"},"properties":{"kind":"stop","name":"FOULK RD @ SIMON RD","stop_id":"2054"},"type":"Feature"},{"geometry":{"coordinates":[-75.53504,39.78722],"type":"Point"},"properties":{"kind":"stop","name":"FOULK RD @ LEADER RN HOME","stop_id":"2057"},"type":"Feature"},{"geometry":{"coordinates":[-75.53226,39.79003],"type":"Point"},"properties":{"kind":"stop","name":"FOULK RD @ WILSON RD","stop_id":"2059"},"type":"Feature"},{"geometry":{"coordinates":[-75.6901,39.73554],"type":"Point"},"properties":{"kind":"stop","name":"NEW LINDEN HILL RD @ LINDEN PARK","stop_id":"206"},"type":"Feature"},{"geometry":{"coordinates":[-75.52972,39.79264],"type":"Point"},"properties":{"kind":"stop","name":"FOULK RD @ OP OAK LANE RD","stop_id":"2061"},"type":"Feature"},{"geometry":{"coordinates":[-75.52598,39.79635],"type":"Point"},"properties":{"kind":"stop","name":"FOULK RD @ OP WINDSOR HILLS DR","stop_id":"2064"},"type":"Feature"},{"geometry":{"coordinates":[-75.52233,39.80033],"type":"Point"},"properties":{"kind":"stop","name":"FOULK RD @ OP TENBY DR","stop_id":"2066"},"type":"Feature"},{"geometry":{"coordinates":[-75.5182,39.80479],"type":"Point"},"properties":{"kind":"stop","name":"FOULK RD @ CHATHAM DR","stop_id":"2068"},"type":"Feature"},{"geometry":{"coordinates":[-75.68526,39.73745],"type":"Point"},"properties":{"kind":"stop","name":"LIMESTONE RD @ FAITH BAPTIST CHURCH","stop_id":"207"},"type":"Feature"},{"geometry":{"coordinates":[-75.51184,39.81186],"type":"Point"},"properties":{"kind":"stop","name":"FOULK RD @ MARLETON RD","stop_id":"2070"},"type":"Feature"},{"geometry":{"coordinates":[-75.50997,39.81386],"type":"Point"},"properties":{"kind":"stop","name":"FOULK RD @ FOULK OFFICE PLZ","stop_id":"2071"},"type":"Feature"},{"geometry":{"coordinates":[-75.50693,39.81726],"type":"Point"},"properties":{"kind":"stop","name":"FOULK RD @ GRUBB RD","stop_id":"2073"},"type":"Feature"},{"geometry":{"coordinates":[-75.50501,39.81945],"type":"Point"},"properties":{"kind":"stop","name":"FOULK RD @ ANNWOOD DR","stop_id":"2074"},"type":"Feature"},{"geometry":{"coordinates":[-75.50241,39.82231],"type":"Point"},"properties":{"kind":"stop","name":"FOULK RD @ WYNNWOOD RD","stop_id":"2076"},"type":"Feature"},{"geometry":{"coordinates":[-75.50102,39.82421],"type":"Point"},"properties":{"kind":"stop","name":"FOULK RD @ NAAMANS RD","stop_id":"2077"},"type":"Feature"},{"geometry":{"coordinates":[-75.49722,39.82416],"type":"Point"},"properties":{"kind":"stop","name":"NAAMANS RD @ F&N SHOPPING CENTER","stop_id":"2078"},"type":"Feature"},{"geometry":{"coordinates":[-75.57344,39.74627],"type":"Point"},"properties":{"kind":"stop","name":"LINCOLN ST @ LANCASTER AVE","stop_id":"208"},"type":"Feature"},{"geometry":{"coordinates":[-75.50164,39.82369],"type":"Point"},"properties":{"kind":"stop","name":"FOULK RD @ LOCUST AVE","stop_id":"2085"},"type":"Feature"},{"geometry":{"coordinates":[-75.57118,39.75805],"type":"Point"},"properties":{"kind":"stop","name":"PENNSYLVANIA AVE @ WOODLAWN AVE","stop_id":"209"},"type":"Feature"},{"geometry":{"coordinates":[-75.50238,39.82264],"type":"Point"},"properties":{"kind":"stop","name":"FOULK RD @ OP WYNNWOOD RD","stop_id":"2091"},"type":"Feature"},{"geometry":{"coordinates":[-75.50495,39.81979],"type":"Point"},"properties":{"kind":"stop","name":"FOULK RD @ ANNWOOD DR","stop_id":"2093"},"type":"Feature"},{"geometry":{"coordinates":[-75.50746,39.81704],"type":"Point"},"properties":{"kind":"stop","name":"FOULK RD @ GRUBB RD","stop_id":"2094"},"type":"Feature"},{"geometry":{"coordinates":[-75.51176,39.8122],"type":"Point"},"properties":{"kind":"stop","name":"FOULK RD @ FOULKWOODS RD","stop_id":"2095"},"type":"Feature"},{"geometry":{"coordinates":[-75.5186,39.80462],"type":"Point"},"properties":{"kind":"stop","name":"FOULK RD @ PEMBREY PL","stop_id":"2098"},"type":"Feature"},{"geometry":{"coordinates":[-75.52211,39.80088],"type":"Point"},"properties":{"kind":"stop","name":"FOULK RD @ TENBY DR","stop_id":"2100"},"type":"Feature"},{"geometry":{"coordinates":[-75.52689,39.79574],"type":"Point"},"properties":{"kind":"stop","name":"FOULK RD @ OP FOULK MANOR N","stop_id":"2103"},"type":"Feature"},{"geometry":{"coordinates":[-75.52993,39.79269],"type":"Point"},"properties":{"kind":"stop","name":"FOULK RD @ OAK LANE RD","stop_id":"2105"},"type":"Feature"},{"geometry":{"coordinates":[-75.53315,39.78943],"type":"Point"},"properties":{"kind":"stop","name":"FOULK RD @ FAIRFAX BLVD PNR","stop_id":"2107"},"type":"Feature"},{"geometry":{"coordinates":[-75.53478,39.78767],"type":"Point"},"properties":{"kind":"stop","name":"FOULK RD @ FOULK PLAZA","stop_id":"2108"},"type":"Feature"},{"geometry":{"coordinates":[-75.539,39.78318],"type":"Point"},"properties":{"kind":"stop","name":"FOULK RD @ SIMON RD","stop_id":"2111"},"type":"Feature"},{"geometry":{"coordinates":[-75.54242,39.77978],"type":"Point"},"properties":{"kind":"stop","name":"FOULK RD @ OP CAVALIER APTS","stop_id":"2112"},"type":"Feature"},{"geometry":{"coordinates":[-75.56249,39.71184],"type":"Point"},"properties":{"kind":"stop","name":"DUPONT HWY @ HESSLER INDUS PK","stop_id":"2114"},"type":"Feature"},{"geometry":{"coordinates":[-75.57957,39.69279],"type":"Point"},"properties":{"kind":"stop","name":"DUPONT HWY @ MCMULLEN AVE","stop_id":"2115"},"type":"Feature"},{"geometry":{"coordinates":[-75.58226,39.68973],"type":"Point"},"properties":{"kind":"stop","name":"DUPONT HWY @ BACON AVE","stop_id":"2117"},"type":"Feature"},{"geometry":{"coordinates":[-75.58347,39.68838],"type":"Point"},"properties":{"kind":"stop","name":"DUPONT HWY @ JEFFERSON AVE","stop_id":"2118"},"type":"Feature"},{"geometry":{"coordinates":[-75.58479,39.68698],"type":"Point"},"properties":{"kind":"stop","name":"DUPONT HWY @ ROOSEVELT AVE","stop_id":"2119"},"type":"Feature"},{"geometry":{"coordinates":[-75.69073,39.7873],"type":"Point"},"properties":{"kind":"stop","name":"LANCASTER PK @ OP WELLS FARGO","stop_id":"212"},"type":"Feature"},{"geometry":{"coordinates":[-75.58617,39.68547],"type":"Point"},"properties":{"kind":"stop","name":"DUPONT HWY @ HARRISON AVE","stop_id":"2120"},"type":"Feature"},{"geometry":{"coordinates":[-75.58782,39.68366],"type":"Point"},"properties":{"kind":"stop","name":"DUPONT HWY @ GARFIELD AVE","stop_id":"2121"},"type":"Feature"},{"geometry":{"coordinates":[-75.59793,39.67457],"type":"Point"},"properties":{"kind":"stop","name":"DUPONT HWY @ NCC AIRPORT-SITE","stop_id":"2124"},"type":"Feature"},{"geometry":{"coordinates":[-75.59951,39.66791],"type":"Point"},"properties":{"kind":"stop","name":"TRADERS LA @ OPP BJS","stop_id":"2126"},"type":"Feature"},{"geometry":{"coordinates":[-75.59946,39.66528],"type":"Point"},"properties":{"kind":"stop","name":"FRENCHTOWN RD @ FARMERS MKT ENT","stop_id":"2127"},"type":"Feature"},{"geometry":{"coordinates":[-75.69647,39.78845],"type":"Point"},"properties":{"kind":"stop","name":"YORKLYN RD @ LANCASTER PK","stop_id":"213"},"type":"Feature"},{"geometry":{"coordinates":[-75.6121,39.66543],"type":"Point"},"properties":{"kind":"stop","name":"CHRISTIANA RD @ CHURCHMANS RD","stop_id":"2130"},"type":"Feature"},{"geometry":{"coordinates":[-75.61502,39.66516],"type":"Point"},"properties":{"kind":"stop","name":"CHRISTIANA RD @ SALLY MAE BLDG","stop_id":"2131"},"type":"Feature"},{"geometry":{"coordinates":[-75.62288,39.66439],"type":"Point"},"properties":{"kind":"stop","name":"CHRISTIANA RD @ FRESCONI DR","stop_id":"2133"},"type":"Feature"},{"geometry":{"coordinates":[-75.62457,39.66424],"type":"Point"},"properties":{"kind":"stop","name":"CHRISTIANA RD @ PLEASANT PL","stop_id":"2134"},"type":"Feature"},{"geometry":{"coordinates":[-75.6303,39.66372],"type":"Point"},"properties":{"kind":"stop","name":"CHRISTIANA RD @ EDINBURGH DR","stop_id":"2136"},"type":"Feature"},{"geometry":{"coordinates":[-75.63304,39.66347],"type":"Point"},"properties":{"kind":"stop","name":"CHRISTIANA RD @ GTOWN APTS EAST Q1","stop_id":"2137"},"type":"Feature"},{"geometry":{"coordinates":[-75.63604,39.66326],"type":"Point"},"properties":{"kind":"stop","name":"CHRISTIANA RD @ OP SADDLEBROOK","stop_id":"2138"},"type":"Feature"},{"geometry":{"coordinates":[-75.64135,39.66176],"type":"Point"},"properties":{"kind":"stop","name":"APPLEBY RD @ FRENCHTOWN RD","stop_id":"2139"},"type":"Feature"},{"geometry":{"coordinates":[-75.69205,39.7855],"type":"Point"},"properties":{"kind":"stop","name":"OLD LANCASTER PK @ ERICKSON AVE","stop_id":"214"},"type":"Feature"},{"geometry":{"coordinates":[-75.62429,39.65457],"type":"Point"},"properties":{"kind":"stop","name":"WILTON BLVD @ STONEBRIDGE BLVD","stop_id":"2147"},"type":"Feature"},{"geometry":{"coordinates":[-75.62615,39.65608],"type":"Point"},"properties":{"kind":"stop","name":"WILTON BLVD @ OP CANDLEWICK CT","stop_id":"2148"},"type":"Feature"},{"geometry":{"coordinates":[-75.62808,39.65673],"type":"Point"},"properties":{"kind":"stop","name":"WILTON BLVD @ ANDOVER CT","stop_id":"2149"},"type":"Feature"},{"geometry":{"coordinates":[-75.69645,39.78827],"type":"Point"},"properties":{"kind":"stop","name":"YORKLYN RD @ LANCASTER PK","stop_id":"215"},"type":"Feature"},{"geometry":{"coordinates":[-75.62953,39.65686],"type":"Point"},"properties":{"kind":"stop","name":"WILTON BLVD @ EDINBURGH DR","stop_id":"2150"},"type":"Feature"},{"geometry":{"coordinates":[-75.63337,39.65579],"type":"Point"},"properties":{"kind":"stop","name":"WILTON BLVD @ BERKLEY WAY","stop_id":"2153"},"type":"Feature"},{"geometry":{"coordinates":[-75.63659,39.65756],"type":"Point"},"properties":{"kind":"stop","name":"APPLEBY RD @ SAYBROOK WAY","stop_id":"2155"},"type":"Feature"},{"geometry":{"coordinates":[-75.63873,39.65961],"type":"Point"},"properties":{"kind":"stop","name":"APPLEBY RD @ OP WINBURNE DR","stop_id":"2156"},"type":"Feature"},{"geometry":{"coordinates":[-75.6406,39.66126],"type":"Point"},"properties":{"kind":"stop","name":"APPLEBY RD @ FRENCHTOWN RD","stop_id":"2157"},"type":"Feature"},{"geometry":{"coordinates":[-75.6369,39.66294],"type":"Point"},"properties":{"kind":"stop","name":"CHRISTIANA RD @ FREEDOM TRAIL","stop_id":"2159"},"type":"Feature"},{"geometry":{"coordinates":[-75.69228,39.78756],"type":"Point"},"properties":{"kind":"stop","name":"LANCASTER PK @ WELLS FARGO","stop_id":"216"},"type":"Feature"},{"geometry":{"coordinates":[-75.63259,39.66329],"type":"Point"},"properties":{"kind":"stop","name":"CHRISTIANA RD @ OP GEORGETOWN APTS","stop_id":"2160"},"type":"Feature"},{"geometry":{"coordinates":[-75.62927,39.66356],"type":"Point"},"properties":{"kind":"stop","name":"CHRISTIANA RD @ EDINBURGH DR","stop_id":"2161"},"type":"Feature"},{"geometry":{"coordinates":[-75.6228,39.66415],"type":"Point"},"properties":{"kind":"stop","name":"CHRISTIANA RD @ RAMBLETON DR","stop_id":"2164"},"type":"Feature"},{"geometry":{"coordinates":[-75.61462,39.66492],"type":"Point"},"properties":{"kind":"stop","name":"CHRISTIANA RD @ OP SALLY MAE BLDG","stop_id":"2166"},"type":"Feature"},{"geometry":{"coordinates":[-75.61042,39.66531],"type":"Point"},"properties":{"kind":"stop","name":"CHRISTIANA RD @ CHURCHMANS RD","stop_id":"2167"},"type":"Feature"},{"geometry":{"coordinates":[-75.60042,39.66507],"type":"Point"},"properties":{"kind":"stop","name":"FRENCHTOWN RD @ OP FARMERS MARKET","stop_id":"2169"},"type":"Feature"},{"geometry":{"coordinates":[-75.59941,39.66793],"type":"Point"},"properties":{"kind":"stop","name":"TRADERS LA @ BJS","stop_id":"2170"},"type":"Feature"},{"geometry":{"coordinates":[-75.59615,39.67377],"type":"Point"},"properties":{"kind":"stop","name":"DUPONT HWY @ SCHOOL LN","stop_id":"2173"},"type":"Feature"},{"geometry":{"coordinates":[-75.5944,39.67573],"type":"Point"},"properties":{"kind":"stop","name":"DUPONT HWY @ OP GRTR WILM AIRPORT","stop_id":"2174"},"type":"Feature"},{"geometry":{"coordinates":[-75.59223,39.67801],"type":"Point"},"properties":{"kind":"stop","name":"DUPONT HWY @ PENN MART SHOP CTR","stop_id":"2175"},"type":"Feature"},{"geometry":{"coordinates":[-75.58719,39.6836],"type":"Point"},"properties":{"kind":"stop","name":"DUPONT HWY @ LINCOLN AVE","stop_id":"2176"},"type":"Feature"},{"geometry":{"coordinates":[-75.58461,39.6864],"type":"Point"},"properties":{"kind":"stop","name":"DUPONT HWY @ ROOSEVELT AVE","stop_id":"2179"},"type":"Feature"},{"geometry":{"coordinates":[-75.58533,39.68558],"type":"Point"},"properties":{"kind":"stop","name":"DUPONT HWY @ STAHL AVE","stop_id":"2180"},"type":"Feature"},{"geometry":{"coordinates":[-75.58146,39.68985],"type":"Point"},"properties":{"kind":"stop","name":"DUPONT HWY @ BOULDEN BLVD","stop_id":"2181"},"type":"Feature"},{"geometry":{"coordinates":[-75.56095,39.71274],"type":"Point"},"properties":{"kind":"stop","name":"DUPONT HWY @ CHRISTIANA PLAZA","stop_id":"2183"},"type":"Feature"},{"geometry":{"coordinates":[-75.63052,39.66769],"type":"Point"},"properties":{"kind":"stop","name":"EDINBURGH DR @ OP FREEPORT RD","stop_id":"2184"},"type":"Feature"},{"geometry":{"coordinates":[-75.63,39.66427],"type":"Point"},"properties":{"kind":"stop","name":"EDINBURGH DR @ FRENCHTOWN RD","stop_id":"2186"},"type":"Feature"},{"geometry":{"coordinates":[-75.6587,39.66497],"type":"Point"},"properties":{"kind":"stop","name":"DEL RT 7 @ OLD BALTIMORE PK","stop_id":"2187"},"type":"Feature"},{"geometry":{"coordinates":[-75.66443,39.66721],"type":"Point"},"properties":{"kind":"stop","name":"W MAIN ST @ CHRIS SAL ELEM S","stop_id":"2188"},"type":"Feature"},{"geometry":{"coordinates":[-75.66937,39.66656],"type":"Point"},"properties":{"kind":"stop","name":"UNIVERSITY PLZ @ OP BURLINGTON FAC","stop_id":"2189"},"type":"Feature"},{"geometry":{"coordinates":[-75.67513,39.66785],"type":"Point"},"properties":{"kind":"stop","name":"CHAPMAN RD @ OP LAWRENCE RD","stop_id":"2190"},"type":"Feature"},{"geometry":{"coordinates":[-75.6762,39.66743],"type":"Point"},"properties":{"kind":"stop","name":"CHAPMAN RD @ WAKEFIELD DR","stop_id":"2193"},"type":"Feature"},{"geometry":{"coordinates":[-75.66941,39.66642],"type":"Point"},"properties":{"kind":"stop","name":"UNIVERSITY PLZ @ BURLINGTON FAC","stop_id":"2195"},"type":"Feature"},{"geometry":{"coordinates":[-75.66451,39.66712],"type":"Point"},"properties":{"kind":"stop","name":"W MAIN ST @ OP CHRIS SALEM ES","stop_id":"2196"},"type":"Feature"},{"geometry":{"coordinates":[-75.66128,39.66582],"type":"Point"},"properties":{"kind":"stop","name":"W MAIN ST @ OLD BALTIMORE PK","stop_id":"2197"},"type":"Feature"},{"geometry":{"coordinates":[-75.65892,39.66489],"type":"Point"},"properties":{"kind":"stop","name":"DEL RT 7 @ OLD BALTIMORE PIKE","stop_id":"2198"},"type":"Feature"},{"geometry":{"coordinates":[-75.62996,39.66507],"type":"Point"},"properties":{"kind":"stop","name":"EDINBURGH DR @ OPP BELLAMY DR","stop_id":"2199"},"type":"Feature"},{"geometry":{"coordinates":[-75.51783,39.76263],"type":"Point"},"properties":{"kind":"stop","name":"PHILADELPHIA PK @ OP FORMAN MILLS","stop_id":"22"},"type":"Feature"},{"geometry":{"coordinates":[-75.57159,39.75815],"type":"Point"},"properties":{"kind":"stop","name":"PENNSYLVANIA AVE @ WOODLAWN AVE","stop_id":"220"},"type":"Feature"},{"geometry":{"coordinates":[-75.63045,39.66785],"type":"Point"},"properties":{"kind":"stop","name":"EDINBURGH DR @ FREEPORT RD","stop_id":"2201"},"type":"Feature"},{"geometry":{"coordinates":[-75.54291,39.74468],"type":"Point"},"properties":{"kind":"stop","name":"11TH ST @ CLIFFORD BROWN WALK","stop_id":"2203"},"type":"Feature"},{"geometry":{"coordinates":[-75.54115,39.74395],"type":"Point"},"properties":{"kind":"stop","name":"11TH ST @ PINE ST","stop_id":"2204"},"type":"Feature"},{"geometry":{"coordinates":[-75.54004,39.74354],"type":"Point"},"properties":{"kind":"stop","name":"11TH ST @ SPRUCE ST","stop_id":"2205"},"type":"Feature"},{"geometry":{"coordinates":[-75.53641,39.74368],"type":"Point"},"properties":{"kind":"stop","name":"NORTHEAST BLVD @ 12TH ST","stop_id":"2206"},"type":"Feature"},{"geometry":{"coordinates":[-75.5336,39.74485],"type":"Point"},"properties":{"kind":"stop","name":"NORTHEAST BLVD @ HEALD ST","stop_id":"2207"},"type":"Feature"},{"geometry":{"coordinates":[-75.53122,39.74617],"type":"Point"},"properties":{"kind":"stop","name":"NORTHEAST BLVD @ VANDEVER AVE","stop_id":"2208"},"type":"Feature"},{"geometry":{"coordinates":[-75.52994,39.74735],"type":"Point"},"properties":{"kind":"stop","name":"NORTHEAST BLVD @ 23RD ST","stop_id":"2209"},"type":"Feature"},{"geometry":{"coordinates":[-75.51445,39.80889],"type":"Point"},"properties":{"kind":"stop","name":"FOULK RD @ SILVERSIDE RD","stop_id":"221"},"type":"Feature"},{"geometry":{"coordinates":[-75.52874,39.74853],"type":"Point"},"properties":{"kind":"stop","name":"NORTHEAST BLVD @ 25TH ST","stop_id":"2210"},"type":"Feature"},{"geometry":{"coordinates":[-75.50586,39.75444],"type":"Point"},"properties":{"kind":"stop","name":"EDGEMOOR RD @ DENNY RD","stop_id":"2211"},"type":"Feature"},{"geometry":{"coordinates":[-75.50958,39.75797],"type":"Point"},"properties":{"kind":"stop","name":"EDGEMOOR RD @ BEEKMAN RD","stop_id":"2212"},"type":"Feature"},{"geometry":{"coordinates":[-75.50756,39.75937],"type":"Point"},"properties":{"kind":"stop","name":"BRADYWINE BLVD @ RIVER RD","stop_id":"2214"},"type":"Feature"},{"geometry":{"coordinates":[-75.50583,39.75909],"type":"Point"},"properties":{"kind":"stop","name":"RYSING DR @ OP RIVER RD","stop_id":"2215"},"type":"Feature"},{"geometry":{"coordinates":[-75.50368,39.75881],"type":"Point"},"properties":{"kind":"stop","name":"RYSING DR @ S PENNEWELL DR","stop_id":"2216"},"type":"Feature"},{"geometry":{"coordinates":[-75.50162,39.75756],"type":"Point"},"properties":{"kind":"stop","name":"RYSING DR @ POLK RD","stop_id":"2218"},"type":"Feature"},{"geometry":{"coordinates":[-75.50052,39.75694],"type":"Point"},"properties":{"kind":"stop","name":"RYSING DR @ PAINTER DR","stop_id":"2219"},"type":"Feature"},{"geometry":{"coordinates":[-75.49726,39.82458],"type":"Point"},"properties":{"kind":"stop","name":"NAAMANS RD @ CEDAR TREE APTS","stop_id":"222"},"type":"Feature"},{"geometry":{"coordinates":[-75.49566,39.75593],"type":"Point"},"properties":{"kind":"stop","name":"GOV PRINTZ BLVD @ HAINES AVE","stop_id":"2220"},"type":"Feature"},{"geometry":{"coordinates":[-75.4936,39.75738],"type":"Point"},"properties":{"kind":"stop","name":"LORE AVE @ GOV PRINTZ BLVD","stop_id":"2221"},"type":"Feature"},{"geometry":{"coordinates":[-75.49507,39.75823],"type":"Point"},"properties":{"kind":"stop","name":"LORE AVE @ OP CHANNEL AVE","stop_id":"2222"},"type":"Feature"},{"geometry":{"coordinates":[-75.49721,39.75929],"type":"Point"},"properties":{"kind":"stop","name":"LORE AVE @ OP WOODCROFT AVE","stop_id":"2224"},"type":"Feature"},{"geometry":{"coordinates":[-75.49674,39.76185],"type":"Point"},"properties":{"kind":"stop","name":"RIVER RD @ OP RODMAN AVE","stop_id":"2226"},"type":"Feature"},{"geometry":{"coordinates":[-75.495,39.76338],"type":"Point"},"properties":{"kind":"stop","name":"RIVER RD & OP MARION AVE","stop_id":"2227"},"type":"Feature"},{"geometry":{"coordinates":[-75.49351,39.76488],"type":"Point"},"properties":{"kind":"stop","name":"RIVER RD @ KYNLYN DR","stop_id":"2229"},"type":"Feature"},{"geometry":{"coordinates":[-75.51589,39.80759],"type":"Point"},"properties":{"kind":"stop","name":"FOULK RD @ SILVERSIDE RD","stop_id":"223"},"type":"Feature"},{"geometry":{"coordinates":[-75.49256,39.76579],"type":"Point"},"properties":{"kind":"stop","name":"RIVER RD @ PROSPECT DR","stop_id":"2230"},"type":"Feature"},{"geometry":{"coordinates":[-75.49104,39.76505],"type":"Point"},"properties":{"kind":"stop","name":"PROSPECT DR @ BLDG 1258","stop_id":"2231"},"type":"Feature"},{"geometry":{"coordinates":[-75.49061,39.76342],"type":"Point"},"properties":{"kind":"stop","name":"KYNLYN DR @ RIVERSIDE DR","stop_id":"2233"},"type":"Feature"},{"geometry":{"coordinates":[-75.49153,39.76394],"type":"Point"},"properties":{"kind":"stop","name":"KYNLYN DR @ BLDG 1311","stop_id":"2234"},"type":"Feature"},{"geometry":{"coordinates":[-75.49348,39.76497],"type":"Point"},"properties":{"kind":"stop","name":"KYNLYN DR @ RIVER RD","stop_id":"2235"},"type":"Feature"},{"geometry":{"coordinates":[-75.49506,39.7636],"type":"Point"},"properties":{"kind":"stop","name":"RIVER RD @ MARION AVE","stop_id":"2236"},"type":"Feature"},{"geometry":{"coordinates":[-75.49662,39.76205],"type":"Point"},"properties":{"kind":"stop","name":"RIVER RD @ RODMAN AVE","stop_id":"2237"},"type":"Feature"},{"geometry":{"coordinates":[-75.49725,39.75942],"type":"Point"},"properties":{"kind":"stop","name":"LORE AVE @ WOODCROFT AVE","stop_id":"2240"},"type":"Feature"},{"geometry":{"coordinates":[-75.49527,39.75827],"type":"Point"},"properties":{"kind":"stop","name":"LORE AVE @ CHANNEL AVE","stop_id":"2242"},"type":"Feature"},{"geometry":{"coordinates":[-75.49371,39.75736],"type":"Point"},"properties":{"kind":"stop","name":"LORE AVE @ GOV PRINTZ BLVD","stop_id":"2243"},"type":"Feature"},{"geometry":{"coordinates":[-75.49564,39.75615],"type":"Point"},"properties":{"kind":"stop","name":"GOV PRINTZ BLVD @ HAINES AVE","stop_id":"2244"},"type":"Feature"},{"geometry":{"coordinates":[-75.50055,39.75699],"type":"Point"},"properties":{"kind":"stop","name":"RYSING DR @ CLAYTON ST","stop_id":"2245"},"type":"Feature"},{"geometry":{"coordinates":[-75.50171,39.75772],"type":"Point"},"properties":{"kind":"stop","name":"RYSING DR @ OP POLK RD","stop_id":"2246"},"type":"Feature"},{"geometry":{"coordinates":[-75.50327,39.75864],"type":"Point"},"properties":{"kind":"stop","name":"RYSING DR @ S PENNEWELL DR","stop_id":"2248"},"type":"Feature"},{"geometry":{"coordinates":[-75.50408,39.75913],"type":"Point"},"properties":{"kind":"stop","name":"RYSING DR @ N PENNEWELL DR","stop_id":"2249"},"type":"Feature"},{"geometry":{"coordinates":[-75.59824,39.67036],"type":"Point"},"properties":{"kind":"stop","name":"SUNSET BLVD @ ARBYS REST","stop_id":"225"},"type":"Feature"},{"geometry":{"coordinates":[-75.50583,39.75914],"type":"Point"},"properties":{"kind":"stop","name":"RYSING DR @ RIVER RD","stop_id":"2250"},"type":"Feature"},{"geometry":{"coordinates":[-75.50723,39.75941],"type":"Point"},"properties":{"kind":"stop","name":"RIVER RD @ BRANDYWINE BLVD","stop_id":"2251"},"type":"Feature"},{"geometry":{"coordinates":[-75.50917,39.75715],"type":"Point"},"properties":{"kind":"stop","name":"EDGEMOOR RD @ PALADIN DR","stop_id":"2253"},"type":"Feature"},{"geometry":{"coordinates":[-75.5069,39.75492],"type":"Point"},"properties":{"kind":"stop","name":"EDGEMOOR RD @ OP DENNY RD","stop_id":"2254"},"type":"Feature"},{"geometry":{"coordinates":[-75.52843,39.74907],"type":"Point"},"properties":{"kind":"stop","name":"NORTHEAST BLVD @ 25TH ST","stop_id":"2255"},"type":"Feature"},{"geometry":{"coordinates":[-75.5315,39.74621],"type":"Point"},"properties":{"kind":"stop","name":"NORTHEAST BLVD @ VANDEVER AVE","stop_id":"2256"},"type":"Feature"},{"geometry":{"coordinates":[-75.53351,39.74512],"type":"Point"},"properties":{"kind":"stop","name":"NORTHEAST BLVD @ 16TH ST","stop_id":"2257"},"type":"Feature"},{"geometry":{"coordinates":[-75.53558,39.74417],"type":"Point"},"properties":{"kind":"stop","name":"NORTHEAST BLVD @ 13TH ST","stop_id":"2258"},"type":"Feature"},{"geometry":{"coordinates":[-75.53912,39.74347],"type":"Point"},"properties":{"kind":"stop","name":"11TH ST @ BENNETT ST","stop_id":"2259"},"type":"Feature"},{"geometry":{"coordinates":[-75.54077,39.74272],"type":"Point"},"properties":{"kind":"stop","name":"10TH ST @ KIRKWOOD ST","stop_id":"2260"},"type":"Feature"},{"geometry":{"coordinates":[-75.54261,39.74346],"type":"Point"},"properties":{"kind":"stop","name":"10TH ST @ LOMBARD ST","stop_id":"2261"},"type":"Feature"},{"geometry":{"coordinates":[-75.54362,39.7439],"type":"Point"},"properties":{"kind":"stop","name":"10TH ST @ CLIFFORD BROWN WALK","stop_id":"2262"},"type":"Feature"},{"geometry":{"coordinates":[-75.5447,39.74433],"type":"Point"},"properties":{"kind":"stop","name":"10TH ST @ WALNUT ST","stop_id":"2263"},"type":"Feature"},{"geometry":{"coordinates":[-75.61092,39.65978],"type":"Point"},"properties":{"kind":"stop","name":"DUPONT HWY @ 5TH AVE","stop_id":"2268"},"type":"Feature"},{"geometry":{"coordinates":[-75.61228,39.65861],"type":"Point"},"properties":{"kind":"stop","name":"DUPONT HWY @ 3RD ST","stop_id":"2269"},"type":"Feature"},{"geometry":{"coordinates":[-75.59803,39.67048],"type":"Point"},"properties":{"kind":"stop","name":"AIRPORT PLAZA @ OPP ARBYS REST","stop_id":"227"},"type":"Feature"},{"geometry":{"coordinates":[-75.61606,39.65531],"type":"Point"},"properties":{"kind":"stop","name":"DUPONT HWY @ WILSON DR","stop_id":"2270"},"type":"Feature"},{"geometry":{"coordinates":[-75.62161,39.64896],"type":"Point"},"properties":{"kind":"stop","name":"DUPONT HWY @ OP LLANGOLLEN BLVD","stop_id":"2272"},"type":"Feature"},{"geometry":{"coordinates":[-75.62246,39.64182],"type":"Point"},"properties":{"kind":"stop","name":"MENDELL PL @ SAIENNI BLVD","stop_id":"2276"},"type":"Feature"},{"geometry":{"coordinates":[-75.62361,39.64058],"type":"Point"},"properties":{"kind":"stop","name":"SAIENNI BLVD @ OP MAPLE CT APTS","stop_id":"2277"},"type":"Feature"},{"geometry":{"coordinates":[-75.62931,39.6382],"type":"Point"},"properties":{"kind":"stop","name":"DUPONT HWY @ BUENA VISTA DR","stop_id":"2278"},"type":"Feature"},{"geometry":{"coordinates":[-75.63057,39.63642],"type":"Point"},"properties":{"kind":"stop","name":"DUPONT HWY & VINWAY RD","stop_id":"2279"},"type":"Feature"},{"geometry":{"coordinates":[-75.62979,39.63671],"type":"Point"},"properties":{"kind":"stop","name":"DUPONT HWY @ OP VINWAY RD","stop_id":"2280"},"type":"Feature"},{"geometry":{"coordinates":[-75.62851,39.63852],"type":"Point"},"properties":{"kind":"stop","name":"DUPONT HWY @ HEDDINGTON DR","stop_id":"2282"},"type":"Feature"},{"geometry":{"coordinates":[-75.62372,39.64028],"type":"Point"},"properties":{"kind":"stop","name":"SAIENNI BLVD @ ESSEX COURT","stop_id":"2283"},"type":"Feature"},{"geometry":{"coordinates":[-75.62217,39.64208],"type":"Point"},"properties":{"kind":"stop","name":"MENDELL PL @ SAIENNI BLVD","stop_id":"2284"},"type":"Feature"},{"geometry":{"coordinates":[-75.61818,39.65247],"type":"Point"},"properties":{"kind":"stop","name":"DUPONT HWY @ 84 LUMBER","stop_id":"2288"},"type":"Feature"},{"geometry":{"coordinates":[-75.61465,39.65579],"type":"Point"},"properties":{"kind":"stop","name":"DUPONT HWY @ NUR TEMPLE","stop_id":"2289"},"type":"Feature"},{"geometry":{"coordinates":[-75.55574,39.72115],"type":"Point"},"properties":{"kind":"stop","name":"DUPONT HWY @ ROYAL FARMS STORE","stop_id":"229"},"type":"Feature"},{"geometry":{"coordinates":[-75.61193,39.65816],"type":"Point"},"properties":{"kind":"stop","name":"DUPONT HWY @ OP 3RD AVE","stop_id":"2290"},"type":"Feature"},{"geometry":{"coordinates":[-75.61025,39.65964],"type":"Point"},"properties":{"kind":"stop","name":"DUPONT HWY @ OP 5TH AV","stop_id":"2291"},"type":"Feature"},{"geometry":{"coordinates":[-75.60624,39.66315],"type":"Point"},"properties":{"kind":"stop","name":"DUPONT HWY @ QUIGLEY BLVD","stop_id":"2293"},"type":"Feature"},{"geometry":{"coordinates":[-75.51513,39.76384],"type":"Point"},"properties":{"kind":"stop","name":"PHILADELPHIA PK @ EDGEMOOR RD","stop_id":"23"},"type":"Feature"},{"geometry":{"coordinates":[-75.56123,39.75858],"type":"Point"},"properties":{"kind":"stop","name":"GILPIN AVE @ DUPONT ST","stop_id":"2300"},"type":"Feature"},{"geometry":{"coordinates":[-75.5584,39.76049],"type":"Point"},"properties":{"kind":"stop","name":"AUGUSTINE C-OFF @ OP WAWASET RD","stop_id":"2301"},"type":"Feature"},{"geometry":{"coordinates":[-75.55407,39.76153],"type":"Point"},"properties":{"kind":"stop","name":"AUGUSTINE C-OFF @ 18TH ST","stop_id":"2302"},"type":"Feature"},{"geometry":{"coordinates":[-75.54963,39.78462],"type":"Point"},"properties":{"kind":"stop","name":"MURPHY RD & ZENECA ENT","stop_id":"2305"},"type":"Feature"},{"geometry":{"coordinates":[-75.54956,39.78446],"type":"Point"},"properties":{"kind":"stop","name":"MURPHY RD & OP ZENECA ENT","stop_id":"2308"},"type":"Feature"},{"geometry":{"coordinates":[-75.62549,39.67758],"type":"Point"},"properties":{"kind":"stop","name":"AIRPORT RD @ CHURCHMANS RD","stop_id":"231"},"type":"Feature"},{"geometry":{"coordinates":[-75.55463,39.76163],"type":"Point"},"properties":{"kind":"stop","name":"AUGUSTINE C-OFF @ 18TH ST","stop_id":"2311"},"type":"Feature"},{"geometry":{"coordinates":[-75.55854,39.7606],"type":"Point"},"properties":{"kind":"stop","name":"AUGUSTINE C-OFF @ WAWASET RD","stop_id":"2312"},"type":"Feature"},{"geometry":{"coordinates":[-75.56137,39.75868],"type":"Point"},"properties":{"kind":"stop","name":"DUPONT ST @ GILPIN AVE","stop_id":"2313"},"type":"Feature"},{"geometry":{"coordinates":[-75.65457,39.66161],"type":"Point"},"properties":{"kind":"stop","name":"DE 273 & DE 7 PARK & RIDE","stop_id":"233"},"type":"Feature"},{"geometry":{"coordinates":[-75.65884,39.68937],"type":"Point"},"properties":{"kind":"stop","name":"CHURCHMANS RD @ CHURCHMANS PLAZA","stop_id":"2336"},"type":"Feature"},{"geometry":{"coordinates":[-75.67324,39.69023],"type":"Point"},"properties":{"kind":"stop","name":"DE 4 @ HYGEIA DR","stop_id":"2337"},"type":"Feature"},{"geometry":{"coordinates":[-75.67858,39.68743],"type":"Point"},"properties":{"kind":"stop","name":"DE 4 @ ROLLING DR","stop_id":"2338"},"type":"Feature"},{"geometry":{"coordinates":[-75.68256,39.6855],"type":"Point"},"properties":{"kind":"stop","name":"DE 4 @ HARMONY RD","stop_id":"2339"},"type":"Feature"},{"geometry":{"coordinates":[-75.68872,39.68258],"type":"Point"},"properties":{"kind":"stop","name":"DE 4 @ PRIDES CROSSING","stop_id":"2340"},"type":"Feature"},{"geometry":{"coordinates":[-75.69208,39.68099],"type":"Point"},"properties":{"kind":"stop","name":"DE 4 @ NAVIENT","stop_id":"2341"},"type":"Feature"},{"geometry":{"coordinates":[-75.72075,39.66508],"type":"Point"},"properties":{"kind":"stop","name":"CHESTNUT HILL RD @ CHES CROSS E","stop_id":"2352"},"type":"Feature"},{"geometry":{"coordinates":[-75.70457,39.67448],"type":"Point"},"properties":{"kind":"stop","name":"CHESTNUT HILL RD @ AUGUSTA DR","stop_id":"2353"},"type":"Feature"},{"geometry":{"coordinates":[-75.70671,39.67333],"type":"Point"},"properties":{"kind":"stop","name":"CHESTNUT HILL RD @ OP TODD LN","stop_id":"2354"},"type":"Feature"},{"geometry":{"coordinates":[-75.71062,39.67066],"type":"Point"},"properties":{"kind":"stop","name":"CHESTNUT HILL RD @ TODD EST ENT","stop_id":"2356"},"type":"Feature"},{"geometry":{"coordinates":[-75.71269,39.66918],"type":"Point"},"properties":{"kind":"stop","name":"CHESTNUT HILL RD @ OLD NEWARK RD","stop_id":"2357"},"type":"Feature"},{"geometry":{"coordinates":[-75.71666,39.66677],"type":"Point"},"properties":{"kind":"stop","name":"CHESTNUT HILL RD @ MALVERN AVE","stop_id":"2358"},"type":"Feature"},{"geometry":{"coordinates":[-75.72742,39.66261],"type":"Point"},"properties":{"kind":"stop","name":"CHESTNUT HILL RD @ MARROWS RD","stop_id":"2361"},"type":"Feature"},{"geometry":{"coordinates":[-75.73054,39.66221],"type":"Point"},"properties":{"kind":"stop","name":"CHESTNUT HILL RD @ KINGSTON RD","stop_id":"2362"},"type":"Feature"},{"geometry":{"coordinates":[-75.73493,39.66192],"type":"Point"},"properties":{"kind":"stop","name":"CHESTNUT HILL RD @ DEL RT 72 OP PNR","stop_id":"2363"},"type":"Feature"},{"geometry":{"coordinates":[-75.73749,39.66162],"type":"Point"},"properties":{"kind":"stop","name":"CHESTNUT HILL RD @ OP PENCADER S CR","stop_id":"2364"},"type":"Feature"},{"geometry":{"coordinates":[-75.74002,39.66096],"type":"Point"},"properties":{"kind":"stop","name":"CHESTNUT HILL RD @ OP ARGYLE RD","stop_id":"2365"},"type":"Feature"},{"geometry":{"coordinates":[-75.74415,39.65923],"type":"Point"},"properties":{"kind":"stop","name":"CHESTNUT HILL RD @ OP ROBSCOTT ENT","stop_id":"2366"},"type":"Feature"},{"geometry":{"coordinates":[-75.75736,39.68182],"type":"Point"},"properties":{"kind":"stop","name":"S MAIN ST @ DELAWARE AVE","stop_id":"2373"},"type":"Feature"},{"geometry":{"coordinates":[-75.7536,39.67888],"type":"Point"},"properties":{"kind":"stop","name":"S COLLEGE AVE @ KENT WAY","stop_id":"2375"},"type":"Feature"},{"geometry":{"coordinates":[-75.74343,39.65907],"type":"Point"},"properties":{"kind":"stop","name":"CHESTNUT HILL RD @ ROBSCOTT MANOR ENT","stop_id":"2377"},"type":"Feature"},{"geometry":{"coordinates":[-75.73909,39.66065],"type":"Point"},"properties":{"kind":"stop","name":"CHESTNUT HILL RD @ ARGYLE RD","stop_id":"2378"},"type":"Feature"},{"geometry":{"coordinates":[-75.62534,39.67734],"type":"Point"},"properties":{"kind":"stop","name":"AIRPORT RD @ CHURCHMANS RD","stop_id":"238"},"type":"Feature"},{"geometry":{"coordinates":[-75.73512,39.66151],"type":"Point"},"properties":{"kind":"stop","name":"CHESTNUT HILL RD @ DEL RT 72 PNR","stop_id":"2380"},"type":"Feature"},{"geometry":{"coordinates":[-75.7295,39.66196],"type":"Point"},"properties":{"kind":"stop","name":"CHESTNUT HILL RD @ KINGSTON RD","stop_id":"2381"},"type":"Feature"},{"geometry":{"coordinates":[-75.72464,39.66316],"type":"Point"},"properties":{"kind":"stop","name":"CHESTNUT HILL RD @ CH PLAZ SHOP CTR","stop_id":"2383"},"type":"Feature"},{"geometry":{"coordinates":[-75.71169,39.66949],"type":"Point"},"properties":{"kind":"stop","name":"CHESTNUT HILL RD @ OP OLD NEWARK RD","stop_id":"2387"},"type":"Feature"},{"geometry":{"coordinates":[-75.70997,39.67063],"type":"Point"},"properties":{"kind":"stop","name":"CHESTNUT HILL RD @ PEARSON DR","stop_id":"2388"},"type":"Feature"},{"geometry":{"coordinates":[-75.60025,39.69552],"type":"Point"},"properties":{"kind":"stop","name":"BASIN RD @ NEWS JOURNAL","stop_id":"239"},"type":"Feature"},{"geometry":{"coordinates":[-75.70603,39.67332],"type":"Point"},"properties":{"kind":"stop","name":"CHESTNUT HILL RD @ TODD LN","stop_id":"2390"},"type":"Feature"},{"geometry":{"coordinates":[-75.70279,39.6749],"type":"Point"},"properties":{"kind":"stop","name":"CHESTNUT HILL RD @ OP AUGUSTA DR","stop_id":"2391"},"type":"Feature"},{"geometry":{"coordinates":[-75.69186,39.68065],"type":"Point"},"properties":{"kind":"stop","name":"DE 4 @ JP MORGAN","stop_id":"2395"},"type":"Feature"},{"geometry":{"coordinates":[-75.68751,39.68277],"type":"Point"},"properties":{"kind":"stop","name":"DE 4 @ ALLANDALE APTS","stop_id":"2396"},"type":"Feature"},{"geometry":{"coordinates":[-75.68105,39.6858],"type":"Point"},"properties":{"kind":"stop","name":"DE 4 @ HARMONY RD","stop_id":"2397"},"type":"Feature"},{"geometry":{"coordinates":[-75.67841,39.68706],"type":"Point"},"properties":{"kind":"stop","name":"DE 4 @ SAMOSET DR","stop_id":"2398"},"type":"Feature"},{"geometry":{"coordinates":[-75.67321,39.68983],"type":"Point"},"properties":{"kind":"stop","name":"DE 4 @ CHRISTIANA HOSPITAL ENTRANCE","stop_id":"2399"},"type":"Feature"},{"geometry":{"coordinates":[-75.6591,39.68901],"type":"Point"},"properties":{"kind":"stop","name":"CHURCHMANS RD @ CONTINENTAL DR","stop_id":"2400"},"type":"Feature"},{"geometry":{"coordinates":[-75.65824,39.67378],"type":"Point"},"properties":{"kind":"stop","name":"OLD BALTIMORE PK @ ROAD A","stop_id":"2406"},"type":"Feature"},{"geometry":{"coordinates":[-75.65848,39.67198],"type":"Point"},"properties":{"kind":"stop","name":"OLD BALTIMORE PK @ EDGEBROOK WAY","stop_id":"2407"},"type":"Feature"},{"geometry":{"coordinates":[-75.65887,39.66906],"type":"Point"},"properties":{"kind":"stop","name":"OLD BALTIMORE PK @ BROWNS LN","stop_id":"2408"},"type":"Feature"},{"geometry":{"coordinates":[-75.56587,39.74625],"type":"Point"},"properties":{"kind":"stop","name":"4TH ST @ BROOM ST","stop_id":"241"},"type":"Feature"},{"geometry":{"coordinates":[-75.66109,39.66585],"type":"Point"},"properties":{"kind":"stop","name":"W MAIN ST @ OLD BALTIMORE PK","stop_id":"2410"},"type":"Feature"},{"geometry":{"coordinates":[-75.67747,39.66743],"type":"Point"},"properties":{"kind":"stop","name":"CHAPMAN RD @ OP WAKEFIELD DR","stop_id":"2411"},"type":"Feature"},{"geometry":{"coordinates":[-75.68137,39.66685],"type":"Point"},"properties":{"kind":"stop","name":"CHAPMAN RD @ RESIDENCE INN EN","stop_id":"2412"},"type":"Feature"},{"geometry":{"coordinates":[-75.69041,39.66637],"type":"Point"},"properties":{"kind":"stop","name":"CHAPMAN RD @ REGAL BLVD","stop_id":"2413"},"type":"Feature"},{"geometry":{"coordinates":[-75.69478,39.66684],"type":"Point"},"properties":{"kind":"stop","name":"CHAPMAN RD @ SANDLEWOOD APTS","stop_id":"2414"},"type":"Feature"},{"geometry":{"coordinates":[-75.69705,39.67273],"type":"Point"},"properties":{"kind":"stop","name":"SALEM CHURCH RD @ ELM DR","stop_id":"2415"},"type":"Feature"},{"geometry":{"coordinates":[-75.69752,39.67556],"type":"Point"},"properties":{"kind":"stop","name":"SALEM CHURCH RD @ OP SALEM CH I PK","stop_id":"2416"},"type":"Feature"},{"geometry":{"coordinates":[-75.72719,39.66655],"type":"Point"},"properties":{"kind":"stop","name":"MARROWS RD @ BROOKSIDE BLVD","stop_id":"2418"},"type":"Feature"},{"geometry":{"coordinates":[-75.51429,39.75273],"type":"Point"},"properties":{"kind":"stop","name":"GOV PRINTZ BLVD @ OP PALADIN DR","stop_id":"242"},"type":"Feature"},{"geometry":{"coordinates":[-75.72941,39.68583],"type":"Point"},"properties":{"kind":"stop","name":"OGLETOWN RD @ GAYLORD DIST","stop_id":"2425"},"type":"Feature"},{"geometry":{"coordinates":[-75.72296,39.68492],"type":"Point"},"properties":{"kind":"stop","name":"OGLETOWN RD @ WHITE CLAY CTR","stop_id":"2426"},"type":"Feature"},{"geometry":{"coordinates":[-75.71817,39.68399],"type":"Point"},"properties":{"kind":"stop","name":"OGLETOWN RD @ WINNER/INFIN ENT","stop_id":"2427"},"type":"Feature"},{"geometry":{"coordinates":[-75.71505,39.68423],"type":"Point"},"properties":{"kind":"stop","name":"OGLETOWN RD @ OP LOWES","stop_id":"2428"},"type":"Feature"},{"geometry":{"coordinates":[-75.71506,39.68448],"type":"Point"},"properties":{"kind":"stop","name":"OGLETOWN RD @ LOWES","stop_id":"2429"},"type":"Feature"},{"geometry":{"coordinates":[-75.49919,39.75601],"type":"Point"},"properties":{"kind":"stop","name":"RYSING DR @ SALISBURY DR","stop_id":"243"},"type":"Feature"},{"geometry":{"coordinates":[-75.71824,39.68425],"type":"Point"},"properties":{"kind":"stop","name":"OGLETOWN RD @ 1800 OGLETOWN ENT","stop_id":"2430"},"type":"Feature"},{"geometry":{"coordinates":[-75.72283,39.68516],"type":"Point"},"properties":{"kind":"stop","name":"OGLETOWN RD @ OP WHITE CLAY CTR","stop_id":"2431"},"type":"Feature"},{"geometry":{"coordinates":[-75.75191,39.68174],"type":"Point"},"properties":{"kind":"stop","name":"DELAWARE AVE @ S COLLEGE AVE-NEWARK","stop_id":"2434"},"type":"Feature"},{"geometry":{"coordinates":[-75.73221,39.68543],"type":"Point"},"properties":{"kind":"stop","name":"OGLETOWN RD @ MARROWS RD","stop_id":"2436"},"type":"Feature"},{"geometry":{"coordinates":[-75.48888,39.76339],"type":"Point"},"properties":{"kind":"stop","name":"KYNLYN DR @ PROSPECT DR","stop_id":"244"},"type":"Feature"},{"geometry":{"coordinates":[-75.72998,39.68603],"type":"Point"},"properties":{"kind":"stop","name":"OGLETOWN RD @ SOUTHERN STATES","stop_id":"2444"},"type":"Feature"},{"geometry":{"coordinates":[-75.73034,39.67969],"type":"Point"},"properties":{"kind":"stop","name":"MARROWS RD @ WYOMING RD","stop_id":"2446"},"type":"Feature"},{"geometry":{"coordinates":[-75.72871,39.67519],"type":"Point"},"properties":{"kind":"stop","name":"MARROWS RD @ WHITE CHAPEL DR","stop_id":"2447"},"type":"Feature"},{"geometry":{"coordinates":[-75.49911,39.75609],"type":"Point"},"properties":{"kind":"stop","name":"RYSING DR @ SALISBURY DR","stop_id":"245"},"type":"Feature"},{"geometry":{"coordinates":[-75.72706,39.66679],"type":"Point"},"properties":{"kind":"stop","name":"MARROWS RD @ BROOKSIDE DR EB","stop_id":"2451"},"type":"Feature"},{"geometry":{"coordinates":[-75.69764,39.67545],"type":"Point"},"properties":{"kind":"stop","name":"SALEM CHURCH RD @ SALEM CH IND PK","stop_id":"2452"},"type":"Feature"},{"geometry":{"coordinates":[-75.69701,39.67178],"type":"Point"},"properties":{"kind":"stop","name":"SALEM CHURCH RD @ OP ELM DR","stop_id":"2453"},"type":"Feature"},{"geometry":{"coordinates":[-75.69616,39.66846],"type":"Point"},"properties":{"kind":"stop","name":"SALEM CHURCH RD @ OP SALEM VILLAGE SQUARE","stop_id":"2454"},"type":"Feature"},{"geometry":{"coordinates":[-75.6899,39.66624],"type":"Point"},"properties":{"kind":"stop","name":"CHAPMAN RD @ OP REGAL BLVD","stop_id":"2455"},"type":"Feature"},{"geometry":{"coordinates":[-75.67979,39.66687],"type":"Point"},"properties":{"kind":"stop","name":"CHAPMAN RD @ OP RESIDENCE INN","stop_id":"2456"},"type":"Feature"},{"geometry":{"coordinates":[-75.65885,39.66857],"type":"Point"},"properties":{"kind":"stop","name":"OLD BALTIMORE PK @ PATTERSON DR","stop_id":"2457"},"type":"Feature"},{"geometry":{"coordinates":[-75.65844,39.67127],"type":"Point"},"properties":{"kind":"stop","name":"OLD BALTIMORE PK @ OP EDGEBROOK WAY","stop_id":"2458"},"type":"Feature"},{"geometry":{"coordinates":[-75.65688,39.6741],"type":"Point"},"properties":{"kind":"stop","name":"ROAD A @ OLD BALTIMORE PK","stop_id":"2459"},"type":"Feature"},{"geometry":{"coordinates":[-75.51417,39.75293],"type":"Point"},"properties":{"kind":"stop","name":"GOV PRINTZ BLVD @ PALADIN DR","stop_id":"246"},"type":"Feature"},{"geometry":{"coordinates":[-75.54973,39.73975],"type":"Point"},"properties":{"kind":"stop","name":"4TH ST @ FRENCH ST","stop_id":"2460"},"type":"Feature"},{"geometry":{"coordinates":[-75.75307,39.66737],"type":"Point"},"properties":{"kind":"stop","name":"S COLLEGE AVE @ NEWARK STA ENT","stop_id":"2469"},"type":"Feature"},{"geometry":{"coordinates":[-75.6117,39.74828],"type":"Point"},"properties":{"kind":"stop","name":"FAULKLAND RD @ CENTRE RD","stop_id":"2479"},"type":"Feature"},{"geometry":{"coordinates":[-75.61559,39.74885],"type":"Point"},"properties":{"kind":"stop","name":"FAULKLAND RD @ OP KENDALL RD","stop_id":"2481"},"type":"Feature"},{"geometry":{"coordinates":[-75.62401,39.7457],"type":"Point"},"properties":{"kind":"stop","name":"CENTERVILLE RD @ FAULKLAND RD","stop_id":"2483"},"type":"Feature"},{"geometry":{"coordinates":[-75.62364,39.74237],"type":"Point"},"properties":{"kind":"stop","name":"CENTERVILLE RD @ OP RHODE ISLAND AVE","stop_id":"2485"},"type":"Feature"},{"geometry":{"coordinates":[-75.62329,39.74007],"type":"Point"},"properties":{"kind":"stop","name":"CENTERVILLE RD @ ELDER DR","stop_id":"2486"},"type":"Feature"},{"geometry":{"coordinates":[-75.62302,39.7386],"type":"Point"},"properties":{"kind":"stop","name":"CENTERVILLE RD @ OP TRENTON PL","stop_id":"2487"},"type":"Feature"},{"geometry":{"coordinates":[-75.6262,39.73867],"type":"Point"},"properties":{"kind":"stop","name":"GREENBANK RD @ ALBERTSON BLVD","stop_id":"2489"},"type":"Feature"},{"geometry":{"coordinates":[-75.62598,39.64085],"type":"Point"},"properties":{"kind":"stop","name":"SAIENNI BLVD @ DUPONT HWY","stop_id":"249"},"type":"Feature"},{"geometry":{"coordinates":[-75.62813,39.7389],"type":"Point"},"properties":{"kind":"stop","name":"GREENBANK RD @ GREENBANK APT","stop_id":"2490"},"type":"Feature"},{"geometry":{"coordinates":[-75.63898,39.74049],"type":"Point"},"properties":{"kind":"stop","name":"MILLTOWN RD @ OP OAKNOLL RD","stop_id":"2491"},"type":"Feature"},{"geometry":{"coordinates":[-75.64903,39.7385],"type":"Point"},"properties":{"kind":"stop","name":"MILLTOWN RD @ DARTMOUTH RD","stop_id":"2495"},"type":"Feature"},{"geometry":{"coordinates":[-75.65192,39.73699],"type":"Point"},"properties":{"kind":"stop","name":"MILLTOWN RD @ MACLARY DR","stop_id":"2496"},"type":"Feature"},{"geometry":{"coordinates":[-75.65607,39.73482],"type":"Point"},"properties":{"kind":"stop","name":"MILLTOWN RD @ OP OWEN DR","stop_id":"2498"},"type":"Feature"},{"geometry":{"coordinates":[-75.65868,39.73344],"type":"Point"},"properties":{"kind":"stop","name":"MILLTOWN RD @ SHEEN RD","stop_id":"2499"},"type":"Feature"},{"geometry":{"coordinates":[-75.51146,39.7655],"type":"Point"},"properties":{"kind":"stop","name":"PHILADELPHIA PK @ BEESON AVE","stop_id":"25"},"type":"Feature"},{"geometry":{"coordinates":[-75.66157,39.73238],"type":"Point"},"properties":{"kind":"stop","name":"MILLTOWN RD @ PECKSNIFF RD","stop_id":"2500"},"type":"Feature"},{"geometry":{"coordinates":[-75.62606,39.6406],"type":"Point"},"properties":{"kind":"stop","name":"SAIENNI BLVD @ DUPONT HWY","stop_id":"251"},"type":"Feature"},{"geometry":{"coordinates":[-75.66145,39.73228],"type":"Point"},"properties":{"kind":"stop","name":"MILLTOWN RD @ PECKSNIFF RD","stop_id":"2521"},"type":"Feature"},{"geometry":{"coordinates":[-75.65853,39.73342],"type":"Point"},"properties":{"kind":"stop","name":"MILLTOWN RD @ HARTLEY RD","stop_id":"2522"},"type":"Feature"},{"geometry":{"coordinates":[-75.65594,39.73477],"type":"Point"},"properties":{"kind":"stop","name":"MILLTOWN RD @ OWEN DR","stop_id":"2523"},"type":"Feature"},{"geometry":{"coordinates":[-75.65137,39.73714],"type":"Point"},"properties":{"kind":"stop","name":"MILLTOWN RD @ PARRIS DR","stop_id":"2525"},"type":"Feature"},{"geometry":{"coordinates":[-75.64903,39.73837],"type":"Point"},"properties":{"kind":"stop","name":"MILLTOWN RD @ DARTMOUTH RD","stop_id":"2526"},"type":"Feature"},{"geometry":{"coordinates":[-75.63885,39.74039],"type":"Point"},"properties":{"kind":"stop","name":"MILLTOWN RD @ OAKNOLL RD","stop_id":"2530"},"type":"Feature"},{"geometry":{"coordinates":[-75.62266,39.74676],"type":"Point"},"properties":{"kind":"stop","name":"FAULKLAND RD @ WALLS AVE","stop_id":"2531"},"type":"Feature"},{"geometry":{"coordinates":[-75.62283,39.7385],"type":"Point"},"properties":{"kind":"stop","name":"CENTERVILLE RD @ TRENTON PL","stop_id":"2532"},"type":"Feature"},{"geometry":{"coordinates":[-75.62346,39.74229],"type":"Point"},"properties":{"kind":"stop","name":"CENTERVILLE RD @ RHODE ISLAND AVE","stop_id":"2534"},"type":"Feature"},{"geometry":{"coordinates":[-75.62384,39.74568],"type":"Point"},"properties":{"kind":"stop","name":"CENTERVILLE RD @ FAULKLAND RD","stop_id":"2536"},"type":"Feature"},{"geometry":{"coordinates":[-75.62195,39.74685],"type":"Point"},"properties":{"kind":"stop","name":"FAULKLAND RD @ ARMSTRONG AVE","stop_id":"2537"},"type":"Feature"},{"geometry":{"coordinates":[-75.61412,39.74846],"type":"Point"},"properties":{"kind":"stop","name":"FAULKLAND RD @ KENDALL RD","stop_id":"2539"},"type":"Feature"},{"geometry":{"coordinates":[-75.55744,39.75348],"type":"Point"},"properties":{"kind":"stop","name":"DELAWARE AVE @ HARRISON ST","stop_id":"254"},"type":"Feature"},{"geometry":{"coordinates":[-75.61173,39.74799],"type":"Point"},"properties":{"kind":"stop","name":"FAULKLAND RD @ CHES RUN SHOP CT","stop_id":"2541"},"type":"Feature"},{"geometry":{"coordinates":[-75.65493,39.65546],"type":"Point"},"properties":{"kind":"stop","name":"DEL RT 7 @ DELDOT NORTH","stop_id":"2548"},"type":"Feature"},{"geometry":{"coordinates":[-75.6559,39.65111],"type":"Point"},"properties":{"kind":"stop","name":"DEL RT 7 @ RIVERS END DR","stop_id":"2549"},"type":"Feature"},{"geometry":{"coordinates":[-75.6714,39.62788],"type":"Point"},"properties":{"kind":"stop","name":"US RT 40 @ WALTHER RD","stop_id":"2552"},"type":"Feature"},{"geometry":{"coordinates":[-75.6844,39.62268],"type":"Point"},"properties":{"kind":"stop","name":"US RT 40 @ WELLINGTON DR","stop_id":"2553"},"type":"Feature"},{"geometry":{"coordinates":[-75.69904,39.61629],"type":"Point"},"properties":{"kind":"stop","name":"US RT 40 @ BECKS WOODS DR","stop_id":"2554"},"type":"Feature"},{"geometry":{"coordinates":[-75.71084,39.60892],"type":"Point"},"properties":{"kind":"stop","name":"US RT 40 @ OP RICKEY BLVD","stop_id":"2555"},"type":"Feature"},{"geometry":{"coordinates":[-75.71947,39.60803],"type":"Point"},"properties":{"kind":"stop","name":"US RT 40 @ BROADLEAF DR","stop_id":"2556"},"type":"Feature"},{"geometry":{"coordinates":[-75.72007,39.60761],"type":"Point"},"properties":{"kind":"stop","name":"US RT 40 @ OP BROADLEAF DR","stop_id":"2557"},"type":"Feature"},{"geometry":{"coordinates":[-75.70889,39.60919],"type":"Point"},"properties":{"kind":"stop","name":"US RT 40 @ RICKEY BLVD","stop_id":"2558"},"type":"Feature"},{"geometry":{"coordinates":[-75.70011,39.61486],"type":"Point"},"properties":{"kind":"stop","name":"US RT 40 @ OP BECKS WOODS","stop_id":"2559"},"type":"Feature"},{"geometry":{"coordinates":[-75.54939,39.76019],"type":"Point"},"properties":{"kind":"stop","name":"BROOM ST @ 19TH ST","stop_id":"256"},"type":"Feature"},{"geometry":{"coordinates":[-75.68305,39.62276],"type":"Point"},"properties":{"kind":"stop","name":"US RT 40 @ CHURCH RD","stop_id":"2560"},"type":"Feature"},{"geometry":{"coordinates":[-75.65579,39.65009],"type":"Point"},"properties":{"kind":"stop","name":"DEL RT 7 @ OP RIVERS END DR","stop_id":"2563"},"type":"Feature"},{"geometry":{"coordinates":[-75.65466,39.65504],"type":"Point"},"properties":{"kind":"stop","name":"DEL RT 7 @ CHRISTIANA MEADOW","stop_id":"2564"},"type":"Feature"},{"geometry":{"coordinates":[-75.65881,39.64944],"type":"Point"},"properties":{"kind":"stop","name":"RIVERS END DR @ PROVIDENCE DR E","stop_id":"2565"},"type":"Feature"},{"geometry":{"coordinates":[-75.66243,39.65005],"type":"Point"},"properties":{"kind":"stop","name":"RIVERS END DR @ OP SILVER RUN TR","stop_id":"2567"},"type":"Feature"},{"geometry":{"coordinates":[-75.66509,39.65081],"type":"Point"},"properties":{"kind":"stop","name":"RIVERS END DR @ PROVIDENCE DR W","stop_id":"2569"},"type":"Feature"},{"geometry":{"coordinates":[-75.54526,39.78151],"type":"Point"},"properties":{"kind":"stop","name":"CONCORD PK @ INDEPENDENCE MALL","stop_id":"257"},"type":"Feature"},{"geometry":{"coordinates":[-75.66809,39.64937],"type":"Point"},"properties":{"kind":"stop","name":"RIVERS END DR @ SMALLEYS DAM RD","stop_id":"2571"},"type":"Feature"},{"geometry":{"coordinates":[-75.6655,39.64514],"type":"Point"},"properties":{"kind":"stop","name":"SMALLEYS DAM RD @ TAYLOR DR","stop_id":"2572"},"type":"Feature"},{"geometry":{"coordinates":[-75.66352,39.64205],"type":"Point"},"properties":{"kind":"stop","name":"SONGSMITH DR @ SMALLEYS DAM RD","stop_id":"2573"},"type":"Feature"},{"geometry":{"coordinates":[-75.66493,39.63885],"type":"Point"},"properties":{"kind":"stop","name":"SONGSMITH DR @ IRIS LANE","stop_id":"2575"},"type":"Feature"},{"geometry":{"coordinates":[-75.66396,39.63673],"type":"Point"},"properties":{"kind":"stop","name":"SONGSMITH DR @ HONEYSUCKLE DR","stop_id":"2577"},"type":"Feature"},{"geometry":{"coordinates":[-75.66102,39.63571],"type":"Point"},"properties":{"kind":"stop","name":"SONGSMITH DR @ GOVERNORS SQ ENT","stop_id":"2578"},"type":"Feature"},{"geometry":{"coordinates":[-75.66383,39.63297],"type":"Point"},"properties":{"kind":"stop","name":"GOVERNORS SQUARE SHOPPING CENTER","stop_id":"2579"},"type":"Feature"},{"geometry":{"coordinates":[-75.63959,39.64425],"type":"Point"},"properties":{"kind":"stop","name":"US 40 @ FAIRWINDS TRAILER PARK","stop_id":"2581"},"type":"Feature"},{"geometry":{"coordinates":[-75.63608,39.64626],"type":"Point"},"properties":{"kind":"stop","name":"US 40 @ OP FIR AVE","stop_id":"2582"},"type":"Feature"},{"geometry":{"coordinates":[-75.63695,39.64619],"type":"Point"},"properties":{"kind":"stop","name":"US 40 @ FIR AVE","stop_id":"2583"},"type":"Feature"},{"geometry":{"coordinates":[-75.63978,39.6446],"type":"Point"},"properties":{"kind":"stop","name":"US 40 @ HOLLY AVE","stop_id":"2584"},"type":"Feature"},{"geometry":{"coordinates":[-75.66469,39.63863],"type":"Point"},"properties":{"kind":"stop","name":"SONGSMITH DR @ BLATTY PL","stop_id":"2588"},"type":"Feature"},{"geometry":{"coordinates":[-75.66337,39.64196],"type":"Point"},"properties":{"kind":"stop","name":"SONGSMITH DR @ SMALLEYS DAM RD","stop_id":"2589"},"type":"Feature"},{"geometry":{"coordinates":[-75.66451,39.64403],"type":"Point"},"properties":{"kind":"stop","name":"SMALLEYS DAM RD @ VICTORIA BLVD","stop_id":"2590"},"type":"Feature"},{"geometry":{"coordinates":[-75.66632,39.64652],"type":"Point"},"properties":{"kind":"stop","name":"SMALLEYS DAM RD @ WOLF DR","stop_id":"2591"},"type":"Feature"},{"geometry":{"coordinates":[-75.66742,39.64959],"type":"Point"},"properties":{"kind":"stop","name":"RIVERS END DR @ SMALLEYS DAM RD","stop_id":"2592"},"type":"Feature"},{"geometry":{"coordinates":[-75.6654,39.65055],"type":"Point"},"properties":{"kind":"stop","name":"RIVERS END DR @ OP PROVIDNC DR W","stop_id":"2594"},"type":"Feature"},{"geometry":{"coordinates":[-75.66251,39.64994],"type":"Point"},"properties":{"kind":"stop","name":"RIVERS END DR @ SILVER RUN TR","stop_id":"2595"},"type":"Feature"},{"geometry":{"coordinates":[-75.65935,39.64923],"type":"Point"},"properties":{"kind":"stop","name":"RIVERS END DR @ KENDAL DR","stop_id":"2597"},"type":"Feature"},{"geometry":{"coordinates":[-75.66218,39.66395],"type":"Point"},"properties":{"kind":"stop","name":"OLD BALTIMORE PK @ BIRCH BROOK DR","stop_id":"2599"},"type":"Feature"},{"geometry":{"coordinates":[-75.55231,39.7811],"type":"Point"},"properties":{"kind":"stop","name":"NEMOURS CLINIC","stop_id":"260"},"type":"Feature"},{"geometry":{"coordinates":[-75.6703,39.65921],"type":"Point"},"properties":{"kind":"stop","name":"OLD BALTIMORE PK @ TREVETT DR","stop_id":"2600"},"type":"Feature"},{"geometry":{"coordinates":[-75.67898,39.65514],"type":"Point"},"properties":{"kind":"stop","name":"OLD BALTIMORE PK @ WOODSHADE DR","stop_id":"2601"},"type":"Feature"},{"geometry":{"coordinates":[-75.68856,39.65149],"type":"Point"},"properties":{"kind":"stop","name":"OLD BALTIMORE PK @ TIMERWOOD BLVD","stop_id":"2602"},"type":"Feature"},{"geometry":{"coordinates":[-75.70747,39.6476],"type":"Point"},"properties":{"kind":"stop","name":"OLD BALTIMORE PK @ HANNA DR","stop_id":"2604"},"type":"Feature"},{"geometry":{"coordinates":[-75.71883,39.64535],"type":"Point"},"properties":{"kind":"stop","name":"OLD BALTIMORE PK @ LUCERNE DR","stop_id":"2605"},"type":"Feature"},{"geometry":{"coordinates":[-75.74397,39.63085],"type":"Point"},"properties":{"kind":"stop","name":"S COLLEGE AVE @ OP GLASGOW HS","stop_id":"2606"},"type":"Feature"},{"geometry":{"coordinates":[-75.74521,39.61693],"type":"Point"},"properties":{"kind":"stop","name":"S COLLEGE AVE @ CORPORATE BVD","stop_id":"2608"},"type":"Feature"},{"geometry":{"coordinates":[-75.74998,39.61644],"type":"Point"},"properties":{"kind":"stop","name":"CORPORATE BLVD & OP DEPT OF LABOR","stop_id":"2609"},"type":"Feature"},{"geometry":{"coordinates":[-75.74999,39.61631],"type":"Point"},"properties":{"kind":"stop","name":"CORPORATE BLVD @ DEPT OF LABOR","stop_id":"2610"},"type":"Feature"},{"geometry":{"coordinates":[-75.74477,39.61678],"type":"Point"},"properties":{"kind":"stop","name":"S COLLEGE AVE @ DADE","stop_id":"2611"},"type":"Feature"},{"geometry":{"coordinates":[-75.74351,39.63171],"type":"Point"},"properties":{"kind":"stop","name":"S COLLEGE AVE @ GLASGOW HS","stop_id":"2613"},"type":"Feature"},{"geometry":{"coordinates":[-75.71873,39.64514],"type":"Point"},"properties":{"kind":"stop","name":"OLD BALTIMORE PK @ LUCERNE DR","stop_id":"2614"},"type":"Feature"},{"geometry":{"coordinates":[-75.70765,39.64735],"type":"Point"},"properties":{"kind":"stop","name":"OLD BALTIMORE PK @ HANNA DR","stop_id":"2615"},"type":"Feature"},{"geometry":{"coordinates":[-75.68851,39.65127],"type":"Point"},"properties":{"kind":"stop","name":"OLD BALTIMORE PK @ WALTHER RD","stop_id":"2617"},"type":"Feature"},{"geometry":{"coordinates":[-75.67887,39.655],"type":"Point"},"properties":{"kind":"stop","name":"OLD BALTIMORE PK @ WOODSHADE DR","stop_id":"2618"},"type":"Feature"},{"geometry":{"coordinates":[-75.67016,39.65902],"type":"Point"},"properties":{"kind":"stop","name":"OLD BALTIMORE PK @ TREFOIL DR","stop_id":"2619"},"type":"Feature"},{"geometry":{"coordinates":[-75.546,39.78426],"type":"Point"},"properties":{"kind":"stop","name":"CONCORD PK @ MURPHY RD","stop_id":"262"},"type":"Feature"},{"geometry":{"coordinates":[-75.66241,39.66366],"type":"Point"},"properties":{"kind":"stop","name":"OLD BALTIMORE PK @ OP BIRCH BROOK DR","stop_id":"2620"},"type":"Feature"},{"geometry":{"coordinates":[-75.62817,39.73879],"type":"Point"},"properties":{"kind":"stop","name":"GREENBANK RD @ OP GREENBANK APT","stop_id":"2628"},"type":"Feature"},{"geometry":{"coordinates":[-75.54064,39.83267],"type":"Point"},"properties":{"kind":"stop","name":"MARKET SQ @ OP TJ MAXX","stop_id":"2633"},"type":"Feature"},{"geometry":{"coordinates":[-75.53641,39.82976],"type":"Point"},"properties":{"kind":"stop","name":"NAAMANS RD @ SHOPS AT NAAMANS RD","stop_id":"2634"},"type":"Feature"},{"geometry":{"coordinates":[-75.52419,39.82823],"type":"Point"},"properties":{"kind":"stop","name":"NAAMANS RD @ OP EBRIGHT RD","stop_id":"2635"},"type":"Feature"},{"geometry":{"coordinates":[-75.54943,39.7603],"type":"Point"},"properties":{"kind":"stop","name":"BROOM ST @ 19TH ST","stop_id":"264"},"type":"Feature"},{"geometry":{"coordinates":[-75.52481,39.82861],"type":"Point"},"properties":{"kind":"stop","name":"NAAMANS RD @ EBRIGHT RD","stop_id":"2647"},"type":"Feature"},{"geometry":{"coordinates":[-75.52935,39.82928],"type":"Point"},"properties":{"kind":"stop","name":"NAAMANS RD @ TROTTERS DR","stop_id":"2648"},"type":"Feature"},{"geometry":{"coordinates":[-75.53333,39.82978],"type":"Point"},"properties":{"kind":"stop","name":"NAAMANS RD @ BRANDYWINE ENT","stop_id":"2649"},"type":"Feature"},{"geometry":{"coordinates":[-75.55746,39.75335],"type":"Point"},"properties":{"kind":"stop","name":"DELAWARE AVE @ HARRISON ST","stop_id":"265"},"type":"Feature"},{"geometry":{"coordinates":[-75.53469,39.82846],"type":"Point"},"properties":{"kind":"stop","name":"SHIPLEY RD @ OP GRANITE WAY","stop_id":"2651"},"type":"Feature"},{"geometry":{"coordinates":[-75.53466,39.82703],"type":"Point"},"properties":{"kind":"stop","name":"SHIPLEY RD @ N ROCKFIELD DR","stop_id":"2652"},"type":"Feature"},{"geometry":{"coordinates":[-75.53458,39.8256],"type":"Point"},"properties":{"kind":"stop","name":"SHIPLEY RD @ OP BURNETT DR","stop_id":"2653"},"type":"Feature"},{"geometry":{"coordinates":[-75.53459,39.82372],"type":"Point"},"properties":{"kind":"stop","name":"SHIPLEY RD @ S ROCKFIELD DR","stop_id":"2654"},"type":"Feature"},{"geometry":{"coordinates":[-75.53448,39.82158],"type":"Point"},"properties":{"kind":"stop","name":"SHIPLEY RD @ MORNINGSIDE DR","stop_id":"2655"},"type":"Feature"},{"geometry":{"coordinates":[-75.53507,39.81934],"type":"Point"},"properties":{"kind":"stop","name":"SHIPLEY RD @ OP SUMMERSET RD","stop_id":"2656"},"type":"Feature"},{"geometry":{"coordinates":[-75.53527,39.81793],"type":"Point"},"properties":{"kind":"stop","name":"SHIPLEY RD @ OP DREXEL DR","stop_id":"2657"},"type":"Feature"},{"geometry":{"coordinates":[-75.53557,39.81573],"type":"Point"},"properties":{"kind":"stop","name":"SHIPLEY RD @ CROSS COUNTRY RD","stop_id":"2658"},"type":"Feature"},{"geometry":{"coordinates":[-75.53569,39.81462],"type":"Point"},"properties":{"kind":"stop","name":"SHIPLEY RD @ PIERSON DR","stop_id":"2659"},"type":"Feature"},{"geometry":{"coordinates":[-75.5359,39.8109],"type":"Point"},"properties":{"kind":"stop","name":"SHIPLEY RD @ PHEASANT RUN DR","stop_id":"2660"},"type":"Feature"},{"geometry":{"coordinates":[-75.5388,39.80859],"type":"Point"},"properties":{"kind":"stop","name":"SILVERSIDE RD @ N BAPTIST CHURCH","stop_id":"2662"},"type":"Feature"},{"geometry":{"coordinates":[-75.5406,39.80871],"type":"Point"},"properties":{"kind":"stop","name":"SILVERSIDE RD @ GREENMOUNT DR","stop_id":"2663"},"type":"Feature"},{"geometry":{"coordinates":[-75.54409,39.80904],"type":"Point"},"properties":{"kind":"stop","name":"SILVERSIDE RD @ CONCORD PLAZA","stop_id":"2664"},"type":"Feature"},{"geometry":{"coordinates":[-75.54785,39.80926],"type":"Point"},"properties":{"kind":"stop","name":"SILVERSIDE RD @ TALLEYVILLE SCTR","stop_id":"2665"},"type":"Feature"},{"geometry":{"coordinates":[-75.7438,39.6262],"type":"Point"},"properties":{"kind":"stop","name":"S COLLEGE AVE @ OP FOUR SEASONS PKWY","stop_id":"2667"},"type":"Feature"},{"geometry":{"coordinates":[-75.65988,39.66553],"type":"Point"},"properties":{"kind":"stop","name":"OLD BALTIMORE PK @ MAIN ST (CHRISTIANA)","stop_id":"2670"},"type":"Feature"},{"geometry":{"coordinates":[-75.5266,39.1641],"type":"Point"},"properties":{"kind":"stop","name":"STATE ST @ OP CECIL ST","stop_id":"2674"},"type":"Feature"},{"geometry":{"coordinates":[-75.54522,39.16975],"type":"Point"},"properties":{"kind":"stop","name":"WALKER RD @ ANNE AVE","stop_id":"2675"},"type":"Feature"},{"geometry":{"coordinates":[-75.55467,39.16763],"type":"Point"},"properties":{"kind":"stop","name":"WALKER RD @ CAPITOL NURSING","stop_id":"2676"},"type":"Feature"},{"geometry":{"coordinates":[-75.55994,39.16646],"type":"Point"},"properties":{"kind":"stop","name":"WALKER RD @ WALKER WOODS","stop_id":"2677"},"type":"Feature"},{"geometry":{"coordinates":[-75.55678,39.15894],"type":"Point"},"properties":{"kind":"stop","name":"FORREST AVE @ KENTON RD","stop_id":"2679"},"type":"Feature"},{"geometry":{"coordinates":[-75.52509,39.15963],"type":"Point"},"properties":{"kind":"stop","name":"STATE ST & REED ST","stop_id":"2691"},"type":"Feature"},{"geometry":{"coordinates":[-75.52373,39.15605],"type":"Point"},"properties":{"kind":"stop","name":"STATE ST & THE GREEN","stop_id":"2692"},"type":"Feature"},{"geometry":{"coordinates":[-75.52731,39.15529],"type":"Point"},"properties":{"kind":"stop","name":"NEW ST & BANK LN","stop_id":"2694"},"type":"Feature"},{"geometry":{"coordinates":[-75.52771,39.15635],"type":"Point"},"properties":{"kind":"stop","name":"NEW ST & NORTH ST","stop_id":"2695"},"type":"Feature"},{"geometry":{"coordinates":[-75.53185,39.16037],"type":"Point"},"properties":{"kind":"stop","name":"DIVISION ST @ KIRKWOOD ST","stop_id":"2698"},"type":"Feature"},{"geometry":{"coordinates":[-75.5091,39.76658],"type":"Point"},"properties":{"kind":"stop","name":"PHILADELPHIA PK @ MARSH RD","stop_id":"27"},"type":"Feature"},{"geometry":{"coordinates":[-75.56382,39.73017],"type":"Point"},"properties":{"kind":"stop","name":"PETTINARO PARK DR @ CHASE CTR","stop_id":"270"},"type":"Feature"},{"geometry":{"coordinates":[-75.53939,39.15912],"type":"Point"},"properties":{"kind":"stop","name":"DIVISION ST @ BOOKER T. WASH E.S.","stop_id":"2700"},"type":"Feature"},{"geometry":{"coordinates":[-75.55005,39.15873],"type":"Point"},"properties":{"kind":"stop","name":"FORREST AVE @ BENNINGTON ST","stop_id":"2704"},"type":"Feature"},{"geometry":{"coordinates":[-75.52811,39.15696],"type":"Point"},"properties":{"kind":"stop","name":"NEW ST & LOOCKERMAN ST","stop_id":"2710"},"type":"Feature"},{"geometry":{"coordinates":[-75.52759,39.15562],"type":"Point"},"properties":{"kind":"stop","name":"NEW ST & BANK LN","stop_id":"2711"},"type":"Feature"},{"geometry":{"coordinates":[-75.54072,39.13685],"type":"Point"},"properties":{"kind":"stop","name":"KESSELRING AVE & OP HAMAN DR","stop_id":"2712"},"type":"Feature"},{"geometry":{"coordinates":[-75.5375,39.13573],"type":"Point"},"properties":{"kind":"stop","name":"KESSELRING AVE & BWTN # 342 & 346","stop_id":"2717"},"type":"Feature"},{"geometry":{"coordinates":[-75.53289,39.13296],"type":"Point"},"properties":{"kind":"stop","name":"WEBBS LN & NATH MITCHELL RD","stop_id":"2720"},"type":"Feature"},{"geometry":{"coordinates":[-75.53277,39.13306],"type":"Point"},"properties":{"kind":"stop","name":"WEBBS LN & RODNEY VILLAGE APTS","stop_id":"2727"},"type":"Feature"},{"geometry":{"coordinates":[-75.53817,39.13579],"type":"Point"},"properties":{"kind":"stop","name":"KESSELRING AVE & 349 & 353","stop_id":"2730"},"type":"Feature"},{"geometry":{"coordinates":[-75.52498,39.15112],"type":"Point"},"properties":{"kind":"stop","name":"GOVERNORS AVE & HOLDEN DODGE","stop_id":"2734"},"type":"Feature"},{"geometry":{"coordinates":[-75.52531,39.14668],"type":"Point"},"properties":{"kind":"stop","name":"GOVERNORS AVE & DEL SURGERY CTR","stop_id":"2735"},"type":"Feature"},{"geometry":{"coordinates":[-75.52564,39.14299],"type":"Point"},"properties":{"kind":"stop","name":"GOVERNORS AVE & JEFFERSON TERR","stop_id":"2737"},"type":"Feature"},{"geometry":{"coordinates":[-75.53032,39.13234],"type":"Point"},"properties":{"kind":"stop","name":"GOVERNORS AVE & WEBBS LN","stop_id":"2738"},"type":"Feature"},{"geometry":{"coordinates":[-75.53067,39.13026],"type":"Point"},"properties":{"kind":"stop","name":"GOVERNORS AVE & GUNNING BEDFD DR","stop_id":"2740"},"type":"Feature"},{"geometry":{"coordinates":[-75.54112,39.11348],"type":"Point"},"properties":{"kind":"stop","name":"CAMDEN-WYMING AV & MAIN ST","stop_id":"2743"},"type":"Feature"},{"geometry":{"coordinates":[-75.53995,39.11674],"type":"Point"},"properties":{"kind":"stop","name":"NORTH ST & OP MTNG HOUSE CT","stop_id":"2744"},"type":"Feature"},{"geometry":{"coordinates":[-75.543,39.11836],"type":"Point"},"properties":{"kind":"stop","name":"OLD NORTH RD & CAESAR ROD HS","stop_id":"2745"},"type":"Feature"},{"geometry":{"coordinates":[-75.55123,39.11921],"type":"Point"},"properties":{"kind":"stop","name":"NORTH ST & WB SIMPSON ES","stop_id":"2746"},"type":"Feature"},{"geometry":{"coordinates":[-75.55324,39.11639],"type":"Point"},"properties":{"kind":"stop","name":"CAESAR RODNEY AV & CAMDEN-WYMING AV","stop_id":"2747"},"type":"Feature"},{"geometry":{"coordinates":[-75.55376,39.11384],"type":"Point"},"properties":{"kind":"stop","name":"CAESAR RODNEY AV & STEVENS ST","stop_id":"2749"},"type":"Feature"},{"geometry":{"coordinates":[-75.66988,39.68917],"type":"Point"},"properties":{"kind":"stop","name":"CHRISTIANA HOSPITAL (PARKING GARAGE)","stop_id":"275"},"type":"Feature"},{"geometry":{"coordinates":[-75.55445,39.11259],"type":"Point"},"properties":{"kind":"stop","name":"CAESAR RODNEY AV & PEACH ST","stop_id":"2750"},"type":"Feature"},{"geometry":{"coordinates":[-75.55324,39.1115],"type":"Point"},"properties":{"kind":"stop","name":"SOUTH ST & VEPCO BLVD","stop_id":"2751"},"type":"Feature"},{"geometry":{"coordinates":[-75.55185,39.11127],"type":"Point"},"properties":{"kind":"stop","name":"SOUTH ST & OP WESLEY ST","stop_id":"2752"},"type":"Feature"},{"geometry":{"coordinates":[-75.54836,39.11078],"type":"Point"},"properties":{"kind":"stop","name":"SOUTH ST & OP WEST ST","stop_id":"2753"},"type":"Feature"},{"geometry":{"coordinates":[-75.54546,39.1083],"type":"Point"},"properties":{"kind":"stop","name":"VOSHELLS MILL RD & MAPLE LN","stop_id":"2754"},"type":"Feature"},{"geometry":{"coordinates":[-75.54246,39.10648],"type":"Point"},"properties":{"kind":"stop","name":"VOSHELLS MILL RD & PARK LN","stop_id":"2755"},"type":"Feature"},{"geometry":{"coordinates":[-75.53941,39.10433],"type":"Point"},"properties":{"kind":"stop","name":"VOSHELLS MILL RD & PEACHTREE RUN","stop_id":"2756"},"type":"Feature"},{"geometry":{"coordinates":[-75.54052,39.10216],"type":"Point"},"properties":{"kind":"stop","name":"PEACHTREE RUN & PALMER RD","stop_id":"2757"},"type":"Feature"},{"geometry":{"coordinates":[-75.54483,39.09527],"type":"Point"},"properties":{"kind":"stop","name":"PEACHTREE RUN & LOCHMEATH WAY","stop_id":"2758"},"type":"Feature"},{"geometry":{"coordinates":[-75.54472,39.0951],"type":"Point"},"properties":{"kind":"stop","name":"PEACHTREE RUN & LOCKMEATH WAY","stop_id":"2759"},"type":"Feature"},{"geometry":{"coordinates":[-75.5365,39.11456],"type":"Point"},"properties":{"kind":"stop","name":"US RT 13 @ LEBANON RD","stop_id":"2774"},"type":"Feature"},{"geometry":{"coordinates":[-75.53546,39.11679],"type":"Point"},"properties":{"kind":"stop","name":"US RT 13 @ DOVER SKATING CT","stop_id":"2775"},"type":"Feature"},{"geometry":{"coordinates":[-75.53428,39.11921],"type":"Point"},"properties":{"kind":"stop","name":"US RT 13 & SHAMROCK AVE","stop_id":"2776"},"type":"Feature"},{"geometry":{"coordinates":[-75.53005,39.1324],"type":"Point"},"properties":{"kind":"stop","name":"GOVERNORS AVE & WEBBS LN","stop_id":"2778"},"type":"Feature"},{"geometry":{"coordinates":[-75.52809,39.13672],"type":"Point"},"properties":{"kind":"stop","name":"GOVERNORS AVE & SOUTHEBEE DR CERNY","stop_id":"2779"},"type":"Feature"},{"geometry":{"coordinates":[-75.69594,39.66786],"type":"Point"},"properties":{"kind":"stop","name":"SALEM CHURCH RD @ CHAPMAN RD","stop_id":"278"},"type":"Feature"},{"geometry":{"coordinates":[-75.52547,39.14222],"type":"Point"},"properties":{"kind":"stop","name":"GOVERNORS AVE & STOP N SHOP","stop_id":"2780"},"type":"Feature"},{"geometry":{"coordinates":[-75.52511,39.14667],"type":"Point"},"properties":{"kind":"stop","name":"GOVERNORS AVE & WAPLES AVE","stop_id":"2781"},"type":"Feature"},{"geometry":{"coordinates":[-75.52481,39.15025],"type":"Point"},"properties":{"kind":"stop","name":"GOVERNORS AVE & KENT HOSPITAL","stop_id":"2782"},"type":"Feature"},{"geometry":{"coordinates":[-75.49603,39.13818],"type":"Point"},"properties":{"kind":"stop","name":"BAY RD & IMPERIAL SC","stop_id":"2785"},"type":"Feature"},{"geometry":{"coordinates":[-75.70044,39.67661],"type":"Point"},"properties":{"kind":"stop","name":"CHESTNUT HILL RD @ OP SALEM CHRH RD","stop_id":"279"},"type":"Feature"},{"geometry":{"coordinates":[-75.50675,39.76765],"type":"Point"},"properties":{"kind":"stop","name":"PHILADELPHIA PK @ RODMAN RD","stop_id":"28"},"type":"Feature"},{"geometry":{"coordinates":[-75.72469,39.66352],"type":"Point"},"properties":{"kind":"stop","name":"CHESTNUT HILL RD @ MARTINDALE DR","stop_id":"280"},"type":"Feature"},{"geometry":{"coordinates":[-75.49596,39.13911],"type":"Point"},"properties":{"kind":"stop","name":"BAY RD & KINGS CLIFF TP","stop_id":"2809"},"type":"Feature"},{"geometry":{"coordinates":[-75.50347,39.15719],"type":"Point"},"properties":{"kind":"stop","name":"S LITTLE CRK RD & CNTRY VILLAGE AP","stop_id":"2810"},"type":"Feature"},{"geometry":{"coordinates":[-75.51025,39.17124],"type":"Point"},"properties":{"kind":"stop","name":"WILLIS RD @ MAPLETON SQUARE APTS","stop_id":"2811"},"type":"Feature"},{"geometry":{"coordinates":[-75.5138,39.16399],"type":"Point"},"properties":{"kind":"stop","name":"DIVISION ST & CVS","stop_id":"2812"},"type":"Feature"},{"geometry":{"coordinates":[-75.51052,39.1653],"type":"Point"},"properties":{"kind":"stop","name":"DIVISION ST & EDGEHILL GIFT","stop_id":"2813"},"type":"Feature"},{"geometry":{"coordinates":[-75.50659,39.16748],"type":"Point"},"properties":{"kind":"stop","name":"WILLIS RD & DIVISION ST","stop_id":"2814"},"type":"Feature"},{"geometry":{"coordinates":[-75.50825,39.16946],"type":"Point"},"properties":{"kind":"stop","name":"WILLIS RD & BLDG 141","stop_id":"2815"},"type":"Feature"},{"geometry":{"coordinates":[-75.51884,39.17769],"type":"Point"},"properties":{"kind":"stop","name":"TOWNSEND BLVD & #844","stop_id":"2816"},"type":"Feature"},{"geometry":{"coordinates":[-75.51611,39.1786],"type":"Point"},"properties":{"kind":"stop","name":"TOWNSEND BLVD & NIMITZ RD","stop_id":"2817"},"type":"Feature"},{"geometry":{"coordinates":[-75.51042,39.1731],"type":"Point"},"properties":{"kind":"stop","name":"NIMITZ RD & HARRISON DR","stop_id":"2818"},"type":"Feature"},{"geometry":{"coordinates":[-75.50816,39.1691],"type":"Point"},"properties":{"kind":"stop","name":"WILLIS RD & OP MAPLETON SQ","stop_id":"2819"},"type":"Feature"},{"geometry":{"coordinates":[-75.73634,39.68297],"type":"Point"},"properties":{"kind":"stop","name":"DEL RT 72 @ OP NEWARK LIBRARY","stop_id":"282"},"type":"Feature"},{"geometry":{"coordinates":[-75.50654,39.16719],"type":"Point"},"properties":{"kind":"stop","name":"WILLIS RD & DIVISION ST","stop_id":"2820"},"type":"Feature"},{"geometry":{"coordinates":[-75.51053,39.16544],"type":"Point"},"properties":{"kind":"stop","name":"DIVISION ST & UPLAND ST","stop_id":"2821"},"type":"Feature"},{"geometry":{"coordinates":[-75.51736,39.1629],"type":"Point"},"properties":{"kind":"stop","name":"DIVISION ST & OP BAYARD AVE","stop_id":"2822"},"type":"Feature"},{"geometry":{"coordinates":[-75.52073,39.16287],"type":"Point"},"properties":{"kind":"stop","name":"DIVISION ST & KENT AVE","stop_id":"2823"},"type":"Feature"},{"geometry":{"coordinates":[-75.52336,39.16179],"type":"Point"},"properties":{"kind":"stop","name":"KINGS HWY & PENNSYLVANIA AVE","stop_id":"2824"},"type":"Feature"},{"geometry":{"coordinates":[-75.52564,39.15785],"type":"Point"},"properties":{"kind":"stop","name":"LOOCKERMAN ST & OP BRADFORD ST","stop_id":"2825"},"type":"Feature"},{"geometry":{"coordinates":[-75.5187,39.16553],"type":"Point"},"properties":{"kind":"stop","name":"KINGS HWY & PROBATION DEPT","stop_id":"2826"},"type":"Feature"},{"geometry":{"coordinates":[-75.51552,39.17019],"type":"Point"},"properties":{"kind":"stop","name":"CENTER DR & METRO FOOD MKT","stop_id":"2827"},"type":"Feature"},{"geometry":{"coordinates":[-75.51777,39.17108],"type":"Point"},"properties":{"kind":"stop","name":"CENTER AT DOVER & RED LOBSTER","stop_id":"2828"},"type":"Feature"},{"geometry":{"coordinates":[-75.52333,39.17544],"type":"Point"},"properties":{"kind":"stop","name":"US 13 & TOWNSEND BLVD","stop_id":"2829"},"type":"Feature"},{"geometry":{"coordinates":[-75.72678,39.66455],"type":"Point"},"properties":{"kind":"stop","name":"MARROWS RD @ KENSINGTON LN","stop_id":"283"},"type":"Feature"},{"geometry":{"coordinates":[-75.52644,39.17843],"type":"Point"},"properties":{"kind":"stop","name":"US RT 13 & JEFFERIC BLVD","stop_id":"2830"},"type":"Feature"},{"geometry":{"coordinates":[-75.53853,39.18798],"type":"Point"},"properties":{"kind":"stop","name":"US RT 13 & BEST BUYS/MICHAELS","stop_id":"2831"},"type":"Feature"},{"geometry":{"coordinates":[-75.5173,39.17115],"type":"Point"},"properties":{"kind":"stop","name":"CENTER DR & OLIVE GARDEN","stop_id":"2833"},"type":"Feature"},{"geometry":{"coordinates":[-75.52218,39.15875],"type":"Point"},"properties":{"kind":"stop","name":"LOOCKERMAN ST & POST OFFICE","stop_id":"2834"},"type":"Feature"},{"geometry":{"coordinates":[-75.5255,39.15794],"type":"Point"},"properties":{"kind":"stop","name":"LOOCKERMAN ST & BRADFORD ST","stop_id":"2835"},"type":"Feature"},{"geometry":{"coordinates":[-75.52645,39.15652],"type":"Point"},"properties":{"kind":"stop","name":"GOVERNORS AVE & NORTH ST","stop_id":"2837"},"type":"Feature"},{"geometry":{"coordinates":[-75.52714,39.15831],"type":"Point"},"properties":{"kind":"stop","name":"GOVERNORS AVE & MINOR ST","stop_id":"2838"},"type":"Feature"},{"geometry":{"coordinates":[-75.52919,39.16372],"type":"Point"},"properties":{"kind":"stop","name":"GOVERNORS AVE & CECIL ST","stop_id":"2839"},"type":"Feature"},{"geometry":{"coordinates":[-75.70051,39.67611],"type":"Point"},"properties":{"kind":"stop","name":"CHESTNUT HILL RD @ SALEM CHURCH RD","stop_id":"284"},"type":"Feature"},{"geometry":{"coordinates":[-75.53086,39.16828],"type":"Point"},"properties":{"kind":"stop","name":"GOVERNORS AVE & WILLIAM ST","stop_id":"2841"},"type":"Feature"},{"geometry":{"coordinates":[-75.54741,39.19433],"type":"Point"},"properties":{"kind":"stop","name":"US RT 13 & RUSTIC LN","stop_id":"2845"},"type":"Feature"},{"geometry":{"coordinates":[-75.55175,39.19745],"type":"Point"},"properties":{"kind":"stop","name":"USRT13 @ SMITH ST","stop_id":"2846"},"type":"Feature"},{"geometry":{"coordinates":[-75.69469,39.66672],"type":"Point"},"properties":{"kind":"stop","name":"CHAPMAN RD @ SALEM CHURCH RD","stop_id":"285"},"type":"Feature"},{"geometry":{"coordinates":[-75.532,39.18277],"type":"Point"},"properties":{"kind":"stop","name":"US RT 13 & DE AGRICULTURAL MUSEUM","stop_id":"2852"},"type":"Feature"},{"geometry":{"coordinates":[-75.53157,39.16957],"type":"Point"},"properties":{"kind":"stop","name":"GOVERNORS AVE & COLUMBIA AVE","stop_id":"2854"},"type":"Feature"},{"geometry":{"coordinates":[-75.53093,39.1679],"type":"Point"},"properties":{"kind":"stop","name":"GOVERNORS AVE @ WILLIAM ST","stop_id":"2855"},"type":"Feature"},{"geometry":{"coordinates":[-75.52988,39.16508],"type":"Point"},"properties":{"kind":"stop","name":"GOVERNORS AVE & MARY ST","stop_id":"2856"},"type":"Feature"},{"geometry":{"coordinates":[-75.52729,39.15829],"type":"Point"},"properties":{"kind":"stop","name":"GOVERNORS AVE & LOOCKERMAN ST","stop_id":"2857"},"type":"Feature"},{"geometry":{"coordinates":[-75.52617,39.15533],"type":"Point"},"properties":{"kind":"stop","name":"GOVERNORS AVE & BANK LN","stop_id":"2858"},"type":"Feature"},{"geometry":{"coordinates":[-75.53559,39.80907],"type":"Point"},"properties":{"kind":"stop","name":"SHIPLEY RD @ SILVERSIDE RD","stop_id":"286"},"type":"Feature"},{"geometry":{"coordinates":[-75.5521,39.17737],"type":"Point"},"properties":{"kind":"stop","name":"COLLEGE RD & OP COLLEGE PK DR","stop_id":"2860"},"type":"Feature"},{"geometry":{"coordinates":[-75.55176,39.17786],"type":"Point"},"properties":{"kind":"stop","name":"COLLEGE RD & COLLEGE PK DR","stop_id":"2861"},"type":"Feature"},{"geometry":{"coordinates":[-75.54396,39.15678],"type":"Point"},"properties":{"kind":"stop","name":"GATEWAY WEST @ FOOD LION","stop_id":"2862"},"type":"Feature"},{"geometry":{"coordinates":[-75.52841,39.15471],"type":"Point"},"properties":{"kind":"stop","name":"QUEEN ST @ QUEEN MANOR APTS","stop_id":"2863"},"type":"Feature"},{"geometry":{"coordinates":[-75.52923,39.15683],"type":"Point"},"properties":{"kind":"stop","name":"QUEEN ST @ LOOCKERMAN ST","stop_id":"2864"},"type":"Feature"},{"geometry":{"coordinates":[-75.54349,39.16123],"type":"Point"},"properties":{"kind":"stop","name":"SAULSBURY RD @ CARVER RD","stop_id":"2868"},"type":"Feature"},{"geometry":{"coordinates":[-75.54427,39.16343],"type":"Point"},"properties":{"kind":"stop","name":"SAULSBURY RD @ CLARA ST EXT","stop_id":"2869"},"type":"Feature"},{"geometry":{"coordinates":[-75.54552,39.16699],"type":"Point"},"properties":{"kind":"stop","name":"SAULSBURY RD @ WHATCOAT APTS","stop_id":"2870"},"type":"Feature"},{"geometry":{"coordinates":[-75.54592,39.1681],"type":"Point"},"properties":{"kind":"stop","name":"MCKEE RD @ WALKER RD","stop_id":"2871"},"type":"Feature"},{"geometry":{"coordinates":[-75.54707,39.17137],"type":"Point"},"properties":{"kind":"stop","name":"MCKEE RD @ BROWN ST","stop_id":"2872"},"type":"Feature"},{"geometry":{"coordinates":[-75.54967,39.17379],"type":"Point"},"properties":{"kind":"stop","name":"MCKEE RD @ OPOLDFORGERD (DOC BLDG)","stop_id":"2873"},"type":"Feature"},{"geometry":{"coordinates":[-75.55249,39.17567],"type":"Point"},"properties":{"kind":"stop","name":"MCKEE RD @ COLLEGE RD","stop_id":"2874"},"type":"Feature"},{"geometry":{"coordinates":[-75.54672,39.18152],"type":"Point"},"properties":{"kind":"stop","name":"COLLEGE RD & JASON ST","stop_id":"2877"},"type":"Feature"},{"geometry":{"coordinates":[-75.54666,39.18171],"type":"Point"},"properties":{"kind":"stop","name":"COLLEGE RD OP JASON ST","stop_id":"2878"},"type":"Feature"},{"geometry":{"coordinates":[-75.55279,39.17558],"type":"Point"},"properties":{"kind":"stop","name":"MCKEE ST @ COLLEGE RD","stop_id":"2879"},"type":"Feature"},{"geometry":{"coordinates":[-75.55011,39.17386],"type":"Point"},"properties":{"kind":"stop","name":"MCKEE RD @ OLD FORGE DR","stop_id":"2880"},"type":"Feature"},{"geometry":{"coordinates":[-75.54721,39.17101],"type":"Point"},"properties":{"kind":"stop","name":"MCKEE RD @ OP BROWN ST","stop_id":"2881"},"type":"Feature"},{"geometry":{"coordinates":[-75.54617,39.16809],"type":"Point"},"properties":{"kind":"stop","name":"SAULSBURYRD @ WALKERRD DEL GUID SER","stop_id":"2882"},"type":"Feature"},{"geometry":{"coordinates":[-75.54562,39.16657],"type":"Point"},"properties":{"kind":"stop","name":"SAULSBURY RD @ WHATCOAT VILLAGE","stop_id":"2883"},"type":"Feature"},{"geometry":{"coordinates":[-75.5445,39.16332],"type":"Point"},"properties":{"kind":"stop","name":"SAULSBURY RD @ GREEN MEADOWS","stop_id":"2884"},"type":"Feature"},{"geometry":{"coordinates":[-75.54354,39.16069],"type":"Point"},"properties":{"kind":"stop","name":"SAULSBURY RD @ OP CARVER RD","stop_id":"2885"},"type":"Feature"},{"geometry":{"coordinates":[-75.53929,39.15756],"type":"Point"},"properties":{"kind":"stop","name":"LINCOLN ST @ REESE ST","stop_id":"2886"},"type":"Feature"},{"geometry":{"coordinates":[-75.53599,39.15777],"type":"Point"},"properties":{"kind":"stop","name":"LINCOLN ST @ CHERRY ST","stop_id":"2887"},"type":"Feature"},{"geometry":{"coordinates":[-75.53413,39.15785],"type":"Point"},"properties":{"kind":"stop","name":"LINCOLN ST @ LOOCKERMAN ST","stop_id":"2888"},"type":"Feature"},{"geometry":{"coordinates":[-75.52937,39.1567],"type":"Point"},"properties":{"kind":"stop","name":"QUEEN ST @ LOOCKERMAN ST","stop_id":"2889"},"type":"Feature"},{"geometry":{"coordinates":[-75.52877,39.15515],"type":"Point"},"properties":{"kind":"stop","name":"QUEEN ST @ BANK LANE","stop_id":"2890"},"type":"Feature"},{"geometry":{"coordinates":[-75.52837,39.15413],"type":"Point"},"properties":{"kind":"stop","name":"QUEEN ST @ WATER ST","stop_id":"2891"},"type":"Feature"},{"geometry":{"coordinates":[-75.5028,39.76946],"type":"Point"},"properties":{"kind":"stop","name":"PHILADELPHIA PK @ OP WASH ST EXT","stop_id":"29"},"type":"Feature"},{"geometry":{"coordinates":[-75.54744,39.15256],"type":"Point"},"properties":{"kind":"stop","name":"ENTERPRISE PLACE @ EASTER SEALS","stop_id":"2902"},"type":"Feature"},{"geometry":{"coordinates":[-75.51408,39.17686],"type":"Point"},"properties":{"kind":"stop","name":"NIMITZ RD & MCDOWELL DR","stop_id":"2912"},"type":"Feature"},{"geometry":{"coordinates":[-75.54867,39.80904],"type":"Point"},"properties":{"kind":"stop","name":"SILVERSIDE RD @ CONCORD PK","stop_id":"2913"},"type":"Feature"},{"geometry":{"coordinates":[-75.54426,39.80881],"type":"Point"},"properties":{"kind":"stop","name":"SILVERSIDE RD @ THE COMMONS","stop_id":"2914"},"type":"Feature"},{"geometry":{"coordinates":[-75.12439,38.7246],"type":"Point"},"properties":{"kind":"stop","name":"DEL RT 1 @ MUNCHY BRANCH RD","stop_id":"2916"},"type":"Feature"},{"geometry":{"coordinates":[-75.1394,38.77398],"type":"Point"},"properties":{"kind":"stop","name":"SAVANNAH RD @ 3RD ST","stop_id":"2918"},"type":"Feature"},{"geometry":{"coordinates":[-75.13519,38.77816],"type":"Point"},"properties":{"kind":"stop","name":"SAVANNAH RD @ DAILY MARKET","stop_id":"2919"},"type":"Feature"},{"geometry":{"coordinates":[-75.53584,39.80947],"type":"Point"},"properties":{"kind":"stop","name":"SHIPLEY RD @ SILVERSIDE RD","stop_id":"292"},"type":"Feature"},{"geometry":{"coordinates":[-75.31141,38.77523],"type":"Point"},"properties":{"kind":"stop","name":"FEDERAL ST @ WHARTON ST","stop_id":"2927"},"type":"Feature"},{"geometry":{"coordinates":[-75.31097,38.7787],"type":"Point"},"properties":{"kind":"stop","name":"UNION ST @ MAGNOLIA ST","stop_id":"2928"},"type":"Feature"},{"geometry":{"coordinates":[-75.3192,38.78787],"type":"Point"},"properties":{"kind":"stop","name":"DEL RT 16 @ MULBERRY ST","stop_id":"2929"},"type":"Feature"},{"geometry":{"coordinates":[-75.57555,39.74728],"type":"Point"},"properties":{"kind":"stop","name":"LANCASTER AVE @ BANCROFT PKWY","stop_id":"293"},"type":"Feature"},{"geometry":{"coordinates":[-75.42481,38.80707],"type":"Point"},"properties":{"kind":"stop","name":"DEL RT 16 @ MCCAULLY AVE","stop_id":"2930"},"type":"Feature"},{"geometry":{"coordinates":[-75.42721,38.80703],"type":"Point"},"properties":{"kind":"stop","name":"DEL RT 16 @ OP ELLEGOOD AVE","stop_id":"2931"},"type":"Feature"},{"geometry":{"coordinates":[-75.42889,38.87169],"type":"Point"},"properties":{"kind":"stop","name":"RD 213 @ RD 207/JOHNSON RD","stop_id":"2934"},"type":"Feature"},{"geometry":{"coordinates":[-75.43013,38.90085],"type":"Point"},"properties":{"kind":"stop","name":"S WALNUT ST @ ELIZABETH ST","stop_id":"2935"},"type":"Feature"},{"geometry":{"coordinates":[-75.42953,38.9044],"type":"Point"},"properties":{"kind":"stop","name":"S WALNUT ST @ E CLARKE ST","stop_id":"2936"},"type":"Feature"},{"geometry":{"coordinates":[-75.42908,38.90709],"type":"Point"},"properties":{"kind":"stop","name":"S WALNUT ST @ OP KINGS HWY","stop_id":"2937"},"type":"Feature"},{"geometry":{"coordinates":[-75.42856,38.91015],"type":"Point"},"properties":{"kind":"stop","name":"S WALNUT ST @ BARKER ST","stop_id":"2938"},"type":"Feature"},{"geometry":{"coordinates":[-75.42844,38.9111],"type":"Point"},"properties":{"kind":"stop","name":"S WALNUT ST @ SE 2ND ST","stop_id":"2939"},"type":"Feature"},{"geometry":{"coordinates":[-75.42833,38.91548],"type":"Point"},"properties":{"kind":"stop","name":"N WALNUT ST & 2ND ST","stop_id":"2940"},"type":"Feature"},{"geometry":{"coordinates":[-75.42852,38.91855],"type":"Point"},"properties":{"kind":"stop","name":"N WALNUT ST & 5TH ST","stop_id":"2941"},"type":"Feature"},{"geometry":{"coordinates":[-75.42863,38.92225],"type":"Point"},"properties":{"kind":"stop","name":"N WALNUT ST & 7TH ST","stop_id":"2942"},"type":"Feature"},{"geometry":{"coordinates":[-75.42885,38.92597],"type":"Point"},"properties":{"kind":"stop","name":"N WALNUT ST & REHOBOTH BLVD","stop_id":"2943"},"type":"Feature"},{"geometry":{"coordinates":[-75.42853,38.91114],"type":"Point"},"properties":{"kind":"stop","name":"S WALNUT ST @ SE 2ND ST","stop_id":"2949"},"type":"Feature"},{"geometry":{"coordinates":[-75.64492,39.74067],"type":"Point"},"properties":{"kind":"stop","name":"MILLTOWN RD @ DUNCAN RD","stop_id":"295"},"type":"Feature"},{"geometry":{"coordinates":[-75.4287,38.91017],"type":"Point"},"properties":{"kind":"stop","name":"S WALNUT ST @ BARKER ST","stop_id":"2950"},"type":"Feature"},{"geometry":{"coordinates":[-75.42941,38.90582],"type":"Point"},"properties":{"kind":"stop","name":"S WALNUT ST @ KINGS HWY","stop_id":"2951"},"type":"Feature"},{"geometry":{"coordinates":[-75.42964,38.90446],"type":"Point"},"properties":{"kind":"stop","name":"S WALNUT ST @ W CLARKE ST","stop_id":"2952"},"type":"Feature"},{"geometry":{"coordinates":[-75.43024,38.90121],"type":"Point"},"properties":{"kind":"stop","name":"S WALNUT ST @ WILBUR ST","stop_id":"2953"},"type":"Feature"},{"geometry":{"coordinates":[-75.42999,38.87096],"type":"Point"},"properties":{"kind":"stop","name":"RD 207 @ RD 213","stop_id":"2954"},"type":"Feature"},{"geometry":{"coordinates":[-75.42741,38.80693],"type":"Point"},"properties":{"kind":"stop","name":"DEL RT 16 @ ELLEGOOD AVE","stop_id":"2956"},"type":"Feature"},{"geometry":{"coordinates":[-75.42467,38.80699],"type":"Point"},"properties":{"kind":"stop","name":"DEL RT 16 @ MCCAULLY AVE","stop_id":"2957"},"type":"Feature"},{"geometry":{"coordinates":[-75.31912,38.7877],"type":"Point"},"properties":{"kind":"stop","name":"DEL RT 16 @ MULBERRY ST","stop_id":"2958"},"type":"Feature"},{"geometry":{"coordinates":[-75.31392,38.78366],"type":"Point"},"properties":{"kind":"stop","name":"DEL RT 5 @ WILLOW ST","stop_id":"2959"},"type":"Feature"},{"geometry":{"coordinates":[-75.66509,39.73147],"type":"Point"},"properties":{"kind":"stop","name":"MILLTOWN RD @ OP CRATCHETT RD","stop_id":"296"},"type":"Feature"},{"geometry":{"coordinates":[-75.31116,38.77868],"type":"Point"},"properties":{"kind":"stop","name":"UNION ST @ MAGNOLIA ST","stop_id":"2960"},"type":"Feature"},{"geometry":{"coordinates":[-75.31179,38.77489],"type":"Point"},"properties":{"kind":"stop","name":"FEDERAL ST OP WHARTON ST","stop_id":"2961"},"type":"Feature"},{"geometry":{"coordinates":[-75.53209,38.71012],"type":"Point"},"properties":{"kind":"stop","name":"DE RT 18/404 EAST @ COVERDALE RD","stop_id":"2969"},"type":"Feature"},{"geometry":{"coordinates":[-75.53289,38.71012],"type":"Point"},"properties":{"kind":"stop","name":"DE RT 18/404 EAST @ CHAPLINS CHAPEL RD","stop_id":"2970"},"type":"Feature"},{"geometry":{"coordinates":[-75.59627,38.73611],"type":"Point"},"properties":{"kind":"stop","name":"MAIN ST @ JACOBS AVE-BRIDGEVILLE","stop_id":"2971"},"type":"Feature"},{"geometry":{"coordinates":[-75.59597,38.65727],"type":"Point"},"properties":{"kind":"stop","name":"SEAFORD VILLAGE SC DIALYSIS CENTER","stop_id":"2972"},"type":"Feature"},{"geometry":{"coordinates":[-75.59629,38.65277],"type":"Point"},"properties":{"kind":"stop","name":"NOR ESKRIDGE PWY @ US13  MCDONALDS","stop_id":"2973"},"type":"Feature"},{"geometry":{"coordinates":[-75.60145,38.65456],"type":"Point"},"properties":{"kind":"stop","name":"DUTTON AVE AT  SEAFORD MEADOWS  APTS","stop_id":"2974"},"type":"Feature"},{"geometry":{"coordinates":[-75.60907,38.63156],"type":"Point"},"properties":{"kind":"stop","name":"MARKET ST @ 7TH ST","stop_id":"2978"},"type":"Feature"},{"geometry":{"coordinates":[-75.59751,38.61115],"type":"Point"},"properties":{"kind":"stop","name":"US 13A @ SUSSEX MANOR TP","stop_id":"2979"},"type":"Feature"},{"geometry":{"coordinates":[-75.57131,38.55721],"type":"Point"},"properties":{"kind":"stop","name":"CENTRAL AVE @ MARKET ST LAUREL SENIOR CTR","stop_id":"2981"},"type":"Feature"},{"geometry":{"coordinates":[-75.57101,38.55599],"type":"Point"},"properties":{"kind":"stop","name":"CENTRAL AVE @ 4TH ST BEFORE LAUREL PUBLIC LIBRARY","stop_id":"2982"},"type":"Feature"},{"geometry":{"coordinates":[-75.5701,38.55236],"type":"Point"},"properties":{"kind":"stop","name":"CENTRAL AVE @ 8TH ST LAUREL MS","stop_id":"2986"},"type":"Feature"},{"geometry":{"coordinates":[-75.57139,38.55709],"type":"Point"},"properties":{"kind":"stop","name":"CENTRAL AVE @ MARKET ST","stop_id":"2988"},"type":"Feature"},{"geometry":{"coordinates":[-75.57188,38.5661],"type":"Point"},"properties":{"kind":"stop","name":"CENTRAL AVE @ DISCOUNT LAND RD RAM DELI MARKET","stop_id":"2989"},"type":"Feature"},{"geometry":{"coordinates":[-75.59752,38.61139],"type":"Point"},"properties":{"kind":"stop","name":"SEAFORD RD OP SUSSEX MANOR MHP","stop_id":"2990"},"type":"Feature"},{"geometry":{"coordinates":[-75.5943,38.65515],"type":"Point"},"properties":{"kind":"stop","name":"US RT 13 @ BEAVER DAM DR","stop_id":"2995"},"type":"Feature"},{"geometry":{"coordinates":[-75.40437,38.69845],"type":"Point"},"properties":{"kind":"stop","name":"SEASHORE HWY @ DEL TECH","stop_id":"2996"},"type":"Feature"},{"geometry":{"coordinates":[-75.53454,39.11987],"type":"Point"},"properties":{"kind":"stop","name":"US RT 13 & OP SHAMROCK AVE","stop_id":"2998"},"type":"Feature"},{"geometry":{"coordinates":[-75.54915,39.74572],"type":"Point"},"properties":{"kind":"stop","name":"ORANGE ST @ 10TH ST","stop_id":"3"},"type":"Feature"},{"geometry":{"coordinates":[-75.50065,39.77044],"type":"Point"},"properties":{"kind":"stop","name":"PHILADELPHIA PK @ BEESON RD","stop_id":"30"},"type":"Feature"},{"geometry":{"coordinates":[-75.67483,39.71421],"type":"Point"},"properties":{"kind":"stop","name":"KIRKWOOD HWY @ OP MILLTOWN RD","stop_id":"301"},"type":"Feature"},{"geometry":{"coordinates":[-75.71255,39.44996],"type":"Point"},"properties":{"kind":"stop","name":"MAIN ST @ N CATHERINE ST EB","stop_id":"3015"},"type":"Feature"},{"geometry":{"coordinates":[-75.53256,39.82938],"type":"Point"},"properties":{"kind":"stop","name":"NAAMANS RD @ OP TROTTERS DR","stop_id":"3016"},"type":"Feature"},{"geometry":{"coordinates":[-75.52951,39.82902],"type":"Point"},"properties":{"kind":"stop","name":"NAAMANS RD @ AMETHYST DR","stop_id":"3017"},"type":"Feature"},{"geometry":{"coordinates":[-75.54055,39.80859],"type":"Point"},"properties":{"kind":"stop","name":"SILVERSIDE RD @ OP GREENMOUNT DR","stop_id":"3018"},"type":"Feature"},{"geometry":{"coordinates":[-75.60916,38.63149],"type":"Point"},"properties":{"kind":"stop","name":"MARKET ST @ 7TH ST","stop_id":"3019"},"type":"Feature"},{"geometry":{"coordinates":[-75.66502,39.73134],"type":"Point"},"properties":{"kind":"stop","name":"MILLTOWN RD @ CRATCHETT RD","stop_id":"302"},"type":"Feature"},{"geometry":{"coordinates":[-75.53576,39.81091],"type":"Point"},"properties":{"kind":"stop","name":"SHIPLEY RD @ N LORI LN","stop_id":"3021"},"type":"Feature"},{"geometry":{"coordinates":[-75.53553,39.81452],"type":"Point"},"properties":{"kind":"stop","name":"SHIPLEY RD @ HEATHWOOD RD","stop_id":"3022"},"type":"Feature"},{"geometry":{"coordinates":[-75.64519,39.74038],"type":"Point"},"properties":{"kind":"stop","name":"MILLTOWN RD @ DUNCAN RD","stop_id":"303"},"type":"Feature"},{"geometry":{"coordinates":[-75.53884,39.80847],"type":"Point"},"properties":{"kind":"stop","name":"SILVERSIDE RD @ N BAPT CHURCH PNR","stop_id":"3049"},"type":"Feature"},{"geometry":{"coordinates":[-75.57549,39.74714],"type":"Point"},"properties":{"kind":"stop","name":"LANCASTER AVE @ BANCROFT PKWY","stop_id":"305"},"type":"Feature"},{"geometry":{"coordinates":[-75.53537,39.81591],"type":"Point"},"properties":{"kind":"stop","name":"SHIPLEY RD @ OP CROSS COUNTRY RD","stop_id":"3050"},"type":"Feature"},{"geometry":{"coordinates":[-75.5351,39.81814],"type":"Point"},"properties":{"kind":"stop","name":"SHIPLEY RD @ DREXEL DR","stop_id":"3051"},"type":"Feature"},{"geometry":{"coordinates":[-75.53487,39.81947],"type":"Point"},"properties":{"kind":"stop","name":"SHIPLEY RD @ SUMMERSET RD","stop_id":"3052"},"type":"Feature"},{"geometry":{"coordinates":[-75.53437,39.82157],"type":"Point"},"properties":{"kind":"stop","name":"SHIPLEY RD @ OP MORNINGSDE DR","stop_id":"3053"},"type":"Feature"},{"geometry":{"coordinates":[-75.53444,39.82425],"type":"Point"},"properties":{"kind":"stop","name":"SHIPLEY RD @ OP S ROCKFLD DR","stop_id":"3054"},"type":"Feature"},{"geometry":{"coordinates":[-75.53446,39.82563],"type":"Point"},"properties":{"kind":"stop","name":"SHIPLEY RD @ BURNETT DR","stop_id":"3055"},"type":"Feature"},{"geometry":{"coordinates":[-75.53448,39.82715],"type":"Point"},"properties":{"kind":"stop","name":"SHIPLEY RD @ OP N ROCKFLD DR","stop_id":"3056"},"type":"Feature"},{"geometry":{"coordinates":[-75.53453,39.82875],"type":"Point"},"properties":{"kind":"stop","name":"SHIPLEY RD @ GRANITE WAY","stop_id":"3057"},"type":"Feature"},{"geometry":{"coordinates":[-75.53629,39.83007],"type":"Point"},"properties":{"kind":"stop","name":"NAAMANS RD @ OP SHOPPING CTR","stop_id":"3058"},"type":"Feature"},{"geometry":{"coordinates":[-75.54055,39.83281],"type":"Point"},"properties":{"kind":"stop","name":"MARKET SQ @ TJ MAXX","stop_id":"3059"},"type":"Feature"},{"geometry":{"coordinates":[-75.6631,39.63132],"type":"Point"},"properties":{"kind":"stop","name":"US 40 @ GOVERNORS SQUARE","stop_id":"306"},"type":"Feature"},{"geometry":{"coordinates":[-75.54392,39.83093],"type":"Point"},"properties":{"kind":"stop","name":"CONCORD PK @ CHUBB","stop_id":"3061"},"type":"Feature"},{"geometry":{"coordinates":[-75.53599,39.11678],"type":"Point"},"properties":{"kind":"stop","name":"US RT 13 @ FAITH COMM CHRCH","stop_id":"3073"},"type":"Feature"},{"geometry":{"coordinates":[-75.51553,39.11677],"type":"Point"},"properties":{"kind":"stop","name":"STATE ST @ OP RICHARDSON LN","stop_id":"3074"},"type":"Feature"},{"geometry":{"coordinates":[-75.51497,39.11175],"type":"Point"},"properties":{"kind":"stop","name":"STATE ST @ HOWE DR","stop_id":"3075"},"type":"Feature"},{"geometry":{"coordinates":[-75.51364,39.10095],"type":"Point"},"properties":{"kind":"stop","name":"STATE ST @ SORGHUM MILL RD","stop_id":"3076"},"type":"Feature"},{"geometry":{"coordinates":[-75.50839,39.09566],"type":"Point"},"properties":{"kind":"stop","name":"STATE ST @ FOSKY DR","stop_id":"3077"},"type":"Feature"},{"geometry":{"coordinates":[-75.47594,39.07114],"type":"Point"},"properties":{"kind":"stop","name":"MAIN ST @ WALNUT ST (MAGNOLIA)","stop_id":"3078"},"type":"Feature"},{"geometry":{"coordinates":[-75.46212,39.05278],"type":"Point"},"properties":{"kind":"stop","name":"CLAPHAM RD @ JURY DR","stop_id":"3079"},"type":"Feature"},{"geometry":{"coordinates":[-75.6875,39.62157],"type":"Point"},"properties":{"kind":"stop","name":"US RT40 @ BROOKMONT DR","stop_id":"308"},"type":"Feature"},{"geometry":{"coordinates":[-75.46033,39.05067],"type":"Point"},"properties":{"kind":"stop","name":"CLAPHAM RD @ OP MULBERRIE PT","stop_id":"3080"},"type":"Feature"},{"geometry":{"coordinates":[-75.45998,39.05052],"type":"Point"},"properties":{"kind":"stop","name":"CLAPHAM RD @ MULBERRIE PT RD","stop_id":"3086"},"type":"Feature"},{"geometry":{"coordinates":[-75.46173,39.05255],"type":"Point"},"properties":{"kind":"stop","name":"CLAPHAM RD @ OP JURY DR","stop_id":"3087"},"type":"Feature"},{"geometry":{"coordinates":[-75.47661,39.07217],"type":"Point"},"properties":{"kind":"stop","name":"MAIN ST @ POST OFFICE/FIRE HSE (MAGNOLIA)","stop_id":"3088"},"type":"Feature"},{"geometry":{"coordinates":[-75.50828,39.09576],"type":"Point"},"properties":{"kind":"stop","name":"STATE ST @ OP FOSKY DR","stop_id":"3089"},"type":"Feature"},{"geometry":{"coordinates":[-75.68993,39.62068],"type":"Point"},"properties":{"kind":"stop","name":"US RT40 @ GLASGOW DR","stop_id":"309"},"type":"Feature"},{"geometry":{"coordinates":[-75.51328,39.10047],"type":"Point"},"properties":{"kind":"stop","name":"STATE ST @ SORGHUM MILL RD","stop_id":"3090"},"type":"Feature"},{"geometry":{"coordinates":[-75.51485,39.11247],"type":"Point"},"properties":{"kind":"stop","name":"STATE ST @ BECKY LN","stop_id":"3091"},"type":"Feature"},{"geometry":{"coordinates":[-75.51536,39.1167],"type":"Point"},"properties":{"kind":"stop","name":"STATE ST @ RICHARDSON LN","stop_id":"3092"},"type":"Feature"},{"geometry":{"coordinates":[-75.54901,39.67717],"type":"Point"},"properties":{"kind":"stop","name":"STEEL DR @ LUKENS DR","stop_id":"3095"},"type":"Feature"},{"geometry":{"coordinates":[-75.54627,39.68536],"type":"Point"},"properties":{"kind":"stop","name":"LUKENS DR @ OP MOVERS INTL","stop_id":"3099"},"type":"Feature"},{"geometry":{"coordinates":[-75.49747,39.77194],"type":"Point"},"properties":{"kind":"stop","name":"PHILADELPHIA PK @ DUNCAN RD","stop_id":"31"},"type":"Feature"},{"geometry":{"coordinates":[-75.69582,39.61841],"type":"Point"},"properties":{"kind":"stop","name":"US RT40 @ SALEM CHURCH RD","stop_id":"310"},"type":"Feature"},{"geometry":{"coordinates":[-75.55012,39.68798],"type":"Point"},"properties":{"kind":"stop","name":"LUKENS DR @ 55 LUKENS DR","stop_id":"3100"},"type":"Feature"},{"geometry":{"coordinates":[-75.54546,39.68533],"type":"Point"},"properties":{"kind":"stop","name":"LUKENS DR @ MOVERS INTL","stop_id":"3102"},"type":"Feature"},{"geometry":{"coordinates":[-75.54842,39.68977],"type":"Point"},"properties":{"kind":"stop","name":"LUKENS DR @ 2 LUKENS DR","stop_id":"3104"},"type":"Feature"},{"geometry":{"coordinates":[-75.54995,39.68805],"type":"Point"},"properties":{"kind":"stop","name":"LUKENS DR @ OP 55 LUKENS DR","stop_id":"3105"},"type":"Feature"},{"geometry":{"coordinates":[-75.54854,39.68982],"type":"Point"},"properties":{"kind":"stop","name":"LUKENS DR @ OP 2 LUKENS DR","stop_id":"3106"},"type":"Feature"},{"geometry":{"coordinates":[-75.70552,39.61094],"type":"Point"},"properties":{"kind":"stop","name":"US RT40 @ SCOTLAND DR","stop_id":"311"},"type":"Feature"},{"geometry":{"coordinates":[-75.4714,39.82023],"type":"Point"},"properties":{"kind":"stop","name":"NAAMANS RD @MERRIBROOK RD - WB","stop_id":"3110"},"type":"Feature"},{"geometry":{"coordinates":[-75.47767,39.82112],"type":"Point"},"properties":{"kind":"stop","name":"NAAMANS RD OP MARILYN DR -WB","stop_id":"3111"},"type":"Feature"},{"geometry":{"coordinates":[-75.48751,39.82294],"type":"Point"},"properties":{"kind":"stop","name":"NAAMANS RD @ MARSH RD - WB","stop_id":"3113"},"type":"Feature"},{"geometry":{"coordinates":[-75.71618,39.60832],"type":"Point"},"properties":{"kind":"stop","name":"US 40 @ SUNSET LAKE RD","stop_id":"312"},"type":"Feature"},{"geometry":{"coordinates":[-75.60504,39.3038],"type":"Point"},"properties":{"kind":"stop","name":"RT 13 @ MT VERNON ST - SB","stop_id":"3124"},"type":"Feature"},{"geometry":{"coordinates":[-75.60537,39.3046],"type":"Point"},"properties":{"kind":"stop","name":"RT 13 @ MT VERNON ST - NB","stop_id":"3125"},"type":"Feature"},{"geometry":{"coordinates":[-75.69228,39.45138],"type":"Point"},"properties":{"kind":"stop","name":"SR 299 @ MIDDLETOWN HIGH SCHOOL","stop_id":"3126"},"type":"Feature"},{"geometry":{"coordinates":[-75.69191,39.4517],"type":"Point"},"properties":{"kind":"stop","name":"SR 299 @ DOVE RUN BLVD","stop_id":"3127"},"type":"Feature"},{"geometry":{"coordinates":[-75.74603,39.60273],"type":"Point"},"properties":{"kind":"stop","name":"PEOPLES PLAZA PARK & RIDE","stop_id":"313"},"type":"Feature"},{"geometry":{"coordinates":[-75.6723,39.69382],"type":"Point"},"properties":{"kind":"stop","name":"FAIRPLAY STATION","stop_id":"3134"},"type":"Feature"},{"geometry":{"coordinates":[-75.67841,39.45441],"type":"Point"},"properties":{"kind":"stop","name":"ODESSA PARK & RIDE (DE 299 & DE 1)","stop_id":"3136"},"type":"Feature"},{"geometry":{"coordinates":[-75.55936,39.19697],"type":"Point"},"properties":{"kind":"stop","name":"SCARBOROUGH RD P&R","stop_id":"3137"},"type":"Feature"},{"geometry":{"coordinates":[-75.64392,39.50138],"type":"Point"},"properties":{"kind":"stop","name":"BOYDS CORNER P&R","stop_id":"3138"},"type":"Feature"},{"geometry":{"coordinates":[-75.71444,39.60806],"type":"Point"},"properties":{"kind":"stop","name":"US 40 @ FOX RUN SHOP CTR","stop_id":"314"},"type":"Feature"},{"geometry":{"coordinates":[-75.68753,39.62291],"type":"Point"},"properties":{"kind":"stop","name":"BROOKMONT DR @ OPP ROYAL FARMS","stop_id":"3145"},"type":"Feature"},{"geometry":{"coordinates":[-75.64344,39.68717],"type":"Point"},"properties":{"kind":"stop","name":"CHURCHMANS RD @ CAVALIER APTS","stop_id":"3149"},"type":"Feature"},{"geometry":{"coordinates":[-75.7037,39.61167],"type":"Point"},"properties":{"kind":"stop","name":"US RT40 @ SCOTLAND DR","stop_id":"315"},"type":"Feature"},{"geometry":{"coordinates":[-75.53057,39.12928],"type":"Point"},"properties":{"kind":"stop","name":"GOVERNORS AVE & ARTISAN BANK","stop_id":"3152"},"type":"Feature"},{"geometry":{"coordinates":[-75.69413,39.61877],"type":"Point"},"properties":{"kind":"stop","name":"US RT40 @ PORTER RD","stop_id":"316"},"type":"Feature"},{"geometry":{"coordinates":[-75.06356,38.60582],"type":"Point"},"properties":{"kind":"stop","name":"DEL RT 1 @ INDIAN RIVER CAMPGROUND","stop_id":"3166"},"type":"Feature"},{"geometry":{"coordinates":[-75.0622,38.58973],"type":"Point"},"properties":{"kind":"stop","name":"DEL RT 1 @ VILLAS OF BEACH COVE","stop_id":"3167"},"type":"Feature"},{"geometry":{"coordinates":[-75.05707,38.53381],"type":"Point"},"properties":{"kind":"stop","name":"PENNSYLVANIA AVE & MAPLEWOOD ST","stop_id":"3170"},"type":"Feature"},{"geometry":{"coordinates":[-75.05599,38.52788],"type":"Point"},"properties":{"kind":"stop","name":"PENNSYLVANIA AVE OPP SEA COLONY","stop_id":"3171"},"type":"Feature"},{"geometry":{"coordinates":[-75.05533,38.51961],"type":"Point"},"properties":{"kind":"stop","name":"DE1 AT EVERGREEN RD","stop_id":"3172"},"type":"Feature"},{"geometry":{"coordinates":[-75.0549,38.51036],"type":"Point"},"properties":{"kind":"stop","name":"DE1 & YORK BEACH MALL","stop_id":"3173"},"type":"Feature"},{"geometry":{"coordinates":[-75.05195,38.46727],"type":"Point"},"properties":{"kind":"stop","name":"DE1 OP LEWES ST","stop_id":"3174"},"type":"Feature"},{"geometry":{"coordinates":[-75.05218,38.45995],"type":"Point"},"properties":{"kind":"stop","name":"DE1 & DAGSBORO ST","stop_id":"3175"},"type":"Feature"},{"geometry":{"coordinates":[-75.05229,38.45588],"type":"Point"},"properties":{"kind":"stop","name":"DE1 & S CAROLINA AVE","stop_id":"3176"},"type":"Feature"},{"geometry":{"coordinates":[-75.05193,38.45793],"type":"Point"},"properties":{"kind":"stop","name":"DE1 & BAYARD ST","stop_id":"3177"},"type":"Feature"},{"geometry":{"coordinates":[-75.05183,38.46025],"type":"Point"},"properties":{"kind":"stop","name":"DE1 & ESSEX ST","stop_id":"3178"},"type":"Feature"},{"geometry":{"coordinates":[-75.05163,38.4673],"type":"Point"},"properties":{"kind":"stop","name":"DE1 & LEWES ST","stop_id":"3179"},"type":"Feature"},{"geometry":{"coordinates":[-75.68695,39.62132],"type":"Point"},"properties":{"kind":"stop","name":"US RT40 @ OP BROOKMONT DR","stop_id":"318"},"type":"Feature"},{"geometry":{"coordinates":[-75.05446,38.51035],"type":"Point"},"properties":{"kind":"stop","name":"DE 1 OP YORK BEACH MALL","stop_id":"3180"},"type":"Feature"},{"geometry":{"coordinates":[-75.055,38.52133],"type":"Point"},"properties":{"kind":"stop","name":"DE RT 1 OP EVERGREEN RD","stop_id":"3181"},"type":"Feature"},{"geometry":{"coordinates":[-75.05585,38.52825],"type":"Point"},"properties":{"kind":"stop","name":"PENNSYLVANIA AVE AT SEA COLONY","stop_id":"3182"},"type":"Feature"},{"geometry":{"coordinates":[-75.05692,38.53385],"type":"Point"},"properties":{"kind":"stop","name":"PENNSYLVANIA AVE & MAPLEWOOD ST.","stop_id":"3183"},"type":"Feature"},{"geometry":{"coordinates":[-75.06163,38.58789],"type":"Point"},"properties":{"kind":"stop","name":"DEL RT 1 AT DUNE RD","stop_id":"3187"},"type":"Feature"},{"geometry":{"coordinates":[-75.67004,39.62792],"type":"Point"},"properties":{"kind":"stop","name":"US RT40 @ GLENDALE BLVD","stop_id":"319"},"type":"Feature"},{"geometry":{"coordinates":[-75.63592,39.68636],"type":"Point"},"properties":{"kind":"stop","name":"CHURCHMANS RD @ NCC COM PK","stop_id":"3192"},"type":"Feature"},{"geometry":{"coordinates":[-75.64226,39.68731],"type":"Point"},"properties":{"kind":"stop","name":"CHURCHMANS RD @ OP CAVALIER APTS","stop_id":"3193"},"type":"Feature"},{"geometry":{"coordinates":[-75.64999,39.68794],"type":"Point"},"properties":{"kind":"stop","name":"CHURCHMANS RD @ DELTECH ENT","stop_id":"3194"},"type":"Feature"},{"geometry":{"coordinates":[-75.65007,39.68764],"type":"Point"},"properties":{"kind":"stop","name":"CHURCHMANS RD @ OFFICE MAX","stop_id":"3195"},"type":"Feature"},{"geometry":{"coordinates":[-75.05289,38.4494],"type":"Point"},"properties":{"kind":"stop","name":"144TH ST TRANSIT CTR (OCEAN CITY MD)","stop_id":"3197"},"type":"Feature"},{"geometry":{"coordinates":[-75.51376,39.76421],"type":"Point"},"properties":{"kind":"stop","name":"HILLCREST AVE @ PHILADELPHIA PK","stop_id":"32"},"type":"Feature"},{"geometry":{"coordinates":[-75.66183,39.63152],"type":"Point"},"properties":{"kind":"stop","name":"US RT40 @ OP GOVERNORS SQ ENT","stop_id":"320"},"type":"Feature"},{"geometry":{"coordinates":[-75.58758,39.66416],"type":"Point"},"properties":{"kind":"stop","name":"CENTERPOINT BLVD @ AMAZON.COM","stop_id":"3202"},"type":"Feature"},{"geometry":{"coordinates":[-75.51566,39.17005],"type":"Point"},"properties":{"kind":"stop","name":"CENTER DR OP METRO FOOD MARKET","stop_id":"3207"},"type":"Feature"},{"geometry":{"coordinates":[-75.37307,38.65923],"type":"Point"},"properties":{"kind":"stop","name":"SUSSEX CORRECTIONAL INSTITUTION","stop_id":"3212"},"type":"Feature"},{"geometry":{"coordinates":[-75.53239,39.71693],"type":"Point"},"properties":{"kind":"stop","name":"PORT OF WILMINGTON","stop_id":"3216"},"type":"Feature"},{"geometry":{"coordinates":[-75.62561,39.75881],"type":"Point"},"properties":{"kind":"stop","name":"CENTERVILLE RD @ RED CLAY DR","stop_id":"3217"},"type":"Feature"},{"geometry":{"coordinates":[-75.54984,39.74994],"type":"Point"},"properties":{"kind":"stop","name":"WASHINGTON ST @ 13TH ST","stop_id":"3218"},"type":"Feature"},{"geometry":{"coordinates":[-75.64684,39.64031],"type":"Point"},"properties":{"kind":"stop","name":"US 40 @ BUCKLEY BLVD","stop_id":"322"},"type":"Feature"},{"geometry":{"coordinates":[-75.64634,39.71256],"type":"Point"},"properties":{"kind":"stop","name":"DE RT 4 @ CREEKSIDE DR","stop_id":"3221"},"type":"Feature"},{"geometry":{"coordinates":[-75.63527,39.68601],"type":"Point"},"properties":{"kind":"stop","name":"CHURCHMANS RD @ OP NCC COM PARK","stop_id":"3222"},"type":"Feature"},{"geometry":{"coordinates":[-75.6218,39.64812],"type":"Point"},"properties":{"kind":"stop","name":"DUPONT HWY @ LLANGOLLEN BLVD","stop_id":"3223"},"type":"Feature"},{"geometry":{"coordinates":[-75.69003,39.73799],"type":"Point"},"properties":{"kind":"stop","name":"NEW LINDEN HILL RD @ RIDING BLVD","stop_id":"3227"},"type":"Feature"},{"geometry":{"coordinates":[-75.62334,39.6531],"type":"Point"},"properties":{"kind":"stop","name":"WILTON BLVD @ OLD FORGE RD","stop_id":"323"},"type":"Feature"},{"geometry":{"coordinates":[-75.58839,39.66474],"type":"Point"},"properties":{"kind":"stop","name":"FRENCHTOWN RD @ CENTERPOINT BLVD","stop_id":"3230"},"type":"Feature"},{"geometry":{"coordinates":[-75.73611,39.60617],"type":"Point"},"properties":{"kind":"stop","name":"US RT 40 @ BELLWOODE DR","stop_id":"3235"},"type":"Feature"},{"geometry":{"coordinates":[-75.64726,39.64048],"type":"Point"},"properties":{"kind":"stop","name":"US 40 @ OP BUCKLEY BLVD","stop_id":"324"},"type":"Feature"},{"geometry":{"coordinates":[-75.69354,39.62729],"type":"Point"},"properties":{"kind":"stop","name":"KEMPER DR @ PLOVER DR","stop_id":"3241"},"type":"Feature"},{"geometry":{"coordinates":[-75.65017,39.67489],"type":"Point"},"properties":{"kind":"stop","name":"CHRISTIANA CTR @ BAHAMA BREEZE","stop_id":"3243"},"type":"Feature"},{"geometry":{"coordinates":[-75.6506,39.67371],"type":"Point"},"properties":{"kind":"stop","name":"CHRISTIANA CTR @ THE CONTAINER STORE","stop_id":"3244"},"type":"Feature"},{"geometry":{"coordinates":[-75.69264,39.64983],"type":"Point"},"properties":{"kind":"stop","name":"OLD BALTIMORE PK @ OP ASPEN DR","stop_id":"3245"},"type":"Feature"},{"geometry":{"coordinates":[-75.69227,39.6498],"type":"Point"},"properties":{"kind":"stop","name":"OLD BALTIMORE PK @ ASPEN DR","stop_id":"3246"},"type":"Feature"},{"geometry":{"coordinates":[-75.75319,39.61659],"type":"Point"},"properties":{"kind":"stop","name":"CORPORATE BLVD @ LAKE DR","stop_id":"325"},"type":"Feature"},{"geometry":{"coordinates":[-75.51417,39.15756],"type":"Point"},"properties":{"kind":"stop","name":"COURT ST @ COWGILL ST","stop_id":"3250"},"type":"Feature"},{"geometry":{"coordinates":[-75.55709,39.73776],"type":"Point"},"properties":{"kind":"stop","name":"WEST ST @ WATER ST","stop_id":"3251"},"type":"Feature"},{"geometry":{"coordinates":[-75.12081,38.72186],"type":"Point"},"properties":{"kind":"stop","name":"DE RT 1 @ LIGHTHOUSE PLAZA","stop_id":"3252"},"type":"Feature"},{"geometry":{"coordinates":[-75.50892,39.14939],"type":"Point"},"properties":{"kind":"stop","name":"DTC ADMIN BLDG ON SITE","stop_id":"3253"},"type":"Feature"},{"geometry":{"coordinates":[-75.48248,39.82166],"type":"Point"},"properties":{"kind":"stop","name":"TRINITY CHURCH P-N-R & ON-SITE","stop_id":"3258"},"type":"Feature"},{"geometry":{"coordinates":[-75.48923,39.8229],"type":"Point"},"properties":{"kind":"stop","name":"NAAMANS RD @ KIRKWOOD FITNESS","stop_id":"3260"},"type":"Feature"},{"geometry":{"coordinates":[-75.58718,38.9301],"type":"Point"},"properties":{"kind":"stop","name":"CLARKS CORNER APTS HARRINGTON","stop_id":"3265"},"type":"Feature"},{"geometry":{"coordinates":[-75.05226,38.45753],"type":"Point"},"properties":{"kind":"stop","name":"DEL RT 1 @ BAYARD ST","stop_id":"3266"},"type":"Feature"},{"geometry":{"coordinates":[-75.56579,39.67831],"type":"Point"},"properties":{"kind":"stop","name":"MOORES LN @ ROGERS MANOR PARK","stop_id":"3267"},"type":"Feature"},{"geometry":{"coordinates":[-75.51098,39.15034],"type":"Point"},"properties":{"kind":"stop","name":"PUBLIC SAFETY BLVD @ CENTRAL DIST","stop_id":"3268"},"type":"Feature"},{"geometry":{"coordinates":[-75.51112,39.15044],"type":"Point"},"properties":{"kind":"stop","name":"PUBLIC SAFETY BLVD @ KENT CO EMS","stop_id":"3269"},"type":"Feature"},{"geometry":{"coordinates":[-75.69732,39.64841],"type":"Point"},"properties":{"kind":"stop","name":"OLD BALTIMORE PK @ SALEM WOODS RD","stop_id":"327"},"type":"Feature"},{"geometry":{"coordinates":[-75.52576,39.14109],"type":"Point"},"properties":{"kind":"stop","name":"GOVERNORS AVE @ LYNNHAVEN DR","stop_id":"3271"},"type":"Feature"},{"geometry":{"coordinates":[-75.54259,39.15277],"type":"Point"},"properties":{"kind":"stop","name":"NORTH ST @ KRAFT","stop_id":"3272"},"type":"Feature"},{"geometry":{"coordinates":[-75.52939,39.13557],"type":"Point"},"properties":{"kind":"stop","name":"GOVERNORS AVE @ KESSELRING AVE","stop_id":"3273"},"type":"Feature"},{"geometry":{"coordinates":[-75.53939,39.10806],"type":"Point"},"properties":{"kind":"stop","name":"US RT 13 @ POSITIVE OUTCOMES SCH","stop_id":"3274"},"type":"Feature"},{"geometry":{"coordinates":[-75.50706,39.14859],"type":"Point"},"properties":{"kind":"stop","name":"TRANSPORTATION CIR OP DMV ADMIN BLD","stop_id":"3275"},"type":"Feature"},{"geometry":{"coordinates":[-75.5072,39.14838],"type":"Point"},"properties":{"kind":"stop","name":"TRANSPORTATION CIR @ DMV","stop_id":"3277"},"type":"Feature"},{"geometry":{"coordinates":[-75.50264,39.11953],"type":"Point"},"properties":{"kind":"stop","name":"DEL RT 10 @ LIBERTO IND PARK","stop_id":"3279"},"type":"Feature"},{"geometry":{"coordinates":[-75.66023,39.66511],"type":"Point"},"properties":{"kind":"stop","name":"OLD BALTIMORE PK @ MAIN ST (CHRISTIANA)","stop_id":"328"},"type":"Feature"},{"geometry":{"coordinates":[-75.50275,39.15527],"type":"Point"},"properties":{"kind":"stop","name":"CORPORATE KIDS CARE @ BLUE HEN CORP","stop_id":"3282"},"type":"Feature"},{"geometry":{"coordinates":[-75.51273,39.16435],"type":"Point"},"properties":{"kind":"stop","name":"DIVISION ST OP GREENHILL AVE","stop_id":"3284"},"type":"Feature"},{"geometry":{"coordinates":[-75.52423,39.16019],"type":"Point"},"properties":{"kind":"stop","name":"KINGS HWY @ REED ST","stop_id":"3285"},"type":"Feature"},{"geometry":{"coordinates":[-75.54699,39.1935],"type":"Point"},"properties":{"kind":"stop","name":"US RT 13 W RUSTIC LANE","stop_id":"3286"},"type":"Feature"},{"geometry":{"coordinates":[-75.51848,39.16416],"type":"Point"},"properties":{"kind":"stop","name":"KINGS HWY OPP PLAYTEX","stop_id":"3287"},"type":"Feature"},{"geometry":{"coordinates":[-75.54292,39.15966],"type":"Point"},"properties":{"kind":"stop","name":"SAULSBURY RD @ OP AFTON CT","stop_id":"3288"},"type":"Feature"},{"geometry":{"coordinates":[-75.50386,39.14803],"type":"Point"},"properties":{"kind":"stop","name":"DANNER CAMPUS OP DELDOT ADMIN EMP","stop_id":"3289"},"type":"Feature"},{"geometry":{"coordinates":[-75.13852,38.73515],"type":"Point"},"properties":{"kind":"stop","name":"DEL RT 1 @ MIDWAY GALLERIA","stop_id":"3290"},"type":"Feature"},{"geometry":{"coordinates":[-75.1553,38.74581],"type":"Point"},"properties":{"kind":"stop","name":"DEL RT 1 @ SAVANNAH WEST APTS","stop_id":"3292"},"type":"Feature"},{"geometry":{"coordinates":[-75.15053,38.74264],"type":"Point"},"properties":{"kind":"stop","name":"DEL RT 1 @ TENLY CT","stop_id":"3293"},"type":"Feature"},{"geometry":{"coordinates":[-75.13521,38.73251],"type":"Point"},"properties":{"kind":"stop","name":"DEL RT 1 @ HAMPTON INN","stop_id":"3294"},"type":"Feature"},{"geometry":{"coordinates":[-75.12607,38.7254],"type":"Point"},"properties":{"kind":"stop","name":"DEL RT 1 @ COMFORT INN","stop_id":"3295"},"type":"Feature"},{"geometry":{"coordinates":[-75.1115,38.71676],"type":"Point"},"properties":{"kind":"stop","name":"DEL RT 1 @ IHOP","stop_id":"3297"},"type":"Feature"},{"geometry":{"coordinates":[-75.43847,38.80733],"type":"Point"},"properties":{"kind":"stop","name":"US RT 113 EXPRESS ONLY @ SR 16","stop_id":"3298"},"type":"Feature"},{"geometry":{"coordinates":[-75.51187,39.76392],"type":"Point"},"properties":{"kind":"stop","name":"HILLCREST AVE @ WEIR AVE","stop_id":"33"},"type":"Feature"},{"geometry":{"coordinates":[-75.69915,39.64836],"type":"Point"},"properties":{"kind":"stop","name":"OLD BALTIMORE PK @ SALEM CHURCH RD","stop_id":"330"},"type":"Feature"},{"geometry":{"coordinates":[-75.55276,38.70773],"type":"Point"},"properties":{"kind":"stop","name":"SR 18/404 OPP WALKERS MILL RD","stop_id":"3303"},"type":"Feature"},{"geometry":{"coordinates":[-75.55224,38.7079],"type":"Point"},"properties":{"kind":"stop","name":"SR18/404 @ WALKERS MILL RD","stop_id":"3304"},"type":"Feature"},{"geometry":{"coordinates":[-75.60898,38.64439],"type":"Point"},"properties":{"kind":"stop","name":"FRONT ST @ POPLAR ST","stop_id":"3305"},"type":"Feature"},{"geometry":{"coordinates":[-75.60913,38.64614],"type":"Point"},"properties":{"kind":"stop","name":"FRONT ST @ MILL ST","stop_id":"3306"},"type":"Feature"},{"geometry":{"coordinates":[-75.60912,38.64384],"type":"Point"},"properties":{"kind":"stop","name":"FRONT ST @ POPLAR ST","stop_id":"3307"},"type":"Feature"},{"geometry":{"coordinates":[-75.60902,38.64661],"type":"Point"},"properties":{"kind":"stop","name":"FRONT ST @ WALKER ST","stop_id":"3308"},"type":"Feature"},{"geometry":{"coordinates":[-75.48348,39.07875],"type":"Point"},"properties":{"kind":"stop","name":"STATE ST @ WOODLEYTOWN RD","stop_id":"3309"},"type":"Feature"},{"geometry":{"coordinates":[-75.48335,39.07877],"type":"Point"},"properties":{"kind":"stop","name":"STATE ST @ PLAINDEALING RD","stop_id":"3310"},"type":"Feature"},{"geometry":{"coordinates":[-75.54761,39.67855],"type":"Point"},"properties":{"kind":"stop","name":"LUKENS DR @ 551 MEWS DR","stop_id":"3313"},"type":"Feature"},{"geometry":{"coordinates":[-75.54664,39.67976],"type":"Point"},"properties":{"kind":"stop","name":"LUKENS DR @ BUILDING 170","stop_id":"3314"},"type":"Feature"},{"geometry":{"coordinates":[-75.63273,39.6686],"type":"Point"},"properties":{"kind":"stop","name":"EDINBURGH DR @ CHIMING RD","stop_id":"3316"},"type":"Feature"},{"geometry":{"coordinates":[-75.66483,39.66831],"type":"Point"},"properties":{"kind":"stop","name":"CHRISTIANA TOWN CTR @ BOSCOVS","stop_id":"3317"},"type":"Feature"},{"geometry":{"coordinates":[-75.66468,39.66824],"type":"Point"},"properties":{"kind":"stop","name":"CHRISTIANA TOWN CTR @ OP BOSCOVS","stop_id":"3318"},"type":"Feature"},{"geometry":{"coordinates":[-75.63254,39.66865],"type":"Point"},"properties":{"kind":"stop","name":"EDINBURGH DR @ OP CHIMING RD","stop_id":"3319"},"type":"Feature"},{"geometry":{"coordinates":[-75.65434,39.65757],"type":"Point"},"properties":{"kind":"stop","name":"DEL RT 7 @ SCHOOL BELL RD","stop_id":"3323"},"type":"Feature"},{"geometry":{"coordinates":[-75.73237,39.65027],"type":"Point"},"properties":{"kind":"stop","name":"DE 72 @ DAWSON DR","stop_id":"3325"},"type":"Feature"},{"geometry":{"coordinates":[-75.75349,39.61675],"type":"Point"},"properties":{"kind":"stop","name":"CORPORATE BLVD @ LAKE DR","stop_id":"3326"},"type":"Feature"},{"geometry":{"coordinates":[-75.75647,39.617],"type":"Point"},"properties":{"kind":"stop","name":"CORPORATE BLVD @ PENCADER DR","stop_id":"3327"},"type":"Feature"},{"geometry":{"coordinates":[-75.76284,39.61196],"type":"Point"},"properties":{"kind":"stop","name":"PENCADER DR @ 650 PENCADER DR","stop_id":"3328"},"type":"Feature"},{"geometry":{"coordinates":[-75.76776,39.61134],"type":"Point"},"properties":{"kind":"stop","name":"PENCADER DR @ REYNOLDS ALUMINUM","stop_id":"3329"},"type":"Feature"},{"geometry":{"coordinates":[-75.76963,39.60729],"type":"Point"},"properties":{"kind":"stop","name":"PLEASANT VALLEY RD @ OP PENCADER BAR","stop_id":"3330"},"type":"Feature"},{"geometry":{"coordinates":[-75.76458,39.60383],"type":"Point"},"properties":{"kind":"stop","name":"US RT 40 @ PERCH CREEK DR","stop_id":"3331"},"type":"Feature"},{"geometry":{"coordinates":[-75.75433,39.60366],"type":"Point"},"properties":{"kind":"stop","name":"US RT40 @ BIDDLE AVE","stop_id":"3332"},"type":"Feature"},{"geometry":{"coordinates":[-75.75832,39.60358],"type":"Point"},"properties":{"kind":"stop","name":"US RT40 @ DEER PARK PLAZA","stop_id":"3333"},"type":"Feature"},{"geometry":{"coordinates":[-75.76322,39.60396],"type":"Point"},"properties":{"kind":"stop","name":"US RT40 @ LA GRANGE PARKWAY","stop_id":"3334"},"type":"Feature"},{"geometry":{"coordinates":[-75.76945,39.60718],"type":"Point"},"properties":{"kind":"stop","name":"PLEASANT VALLEY RD @ PENCADER BAR","stop_id":"3335"},"type":"Feature"},{"geometry":{"coordinates":[-75.76744,39.61127],"type":"Point"},"properties":{"kind":"stop","name":"PENCADER DR @ UCP","stop_id":"3336"},"type":"Feature"},{"geometry":{"coordinates":[-75.76268,39.61188],"type":"Point"},"properties":{"kind":"stop","name":"PENCADER DR @ 405 PENCADER BLVD","stop_id":"3337"},"type":"Feature"},{"geometry":{"coordinates":[-75.75669,39.61658],"type":"Point"},"properties":{"kind":"stop","name":"PENCADER DR @ CORPORATE BLVD","stop_id":"3338"},"type":"Feature"},{"geometry":{"coordinates":[-75.73269,39.65059],"type":"Point"},"properties":{"kind":"stop","name":"DE 72 @ BELLEVUE RD","stop_id":"3339"},"type":"Feature"},{"geometry":{"coordinates":[-75.68863,39.62566],"type":"Point"},"properties":{"kind":"stop","name":"FLAMINGO DR @ HERON CT","stop_id":"3341"},"type":"Feature"},{"geometry":{"coordinates":[-75.69136,39.62836],"type":"Point"},"properties":{"kind":"stop","name":"FLAMINGO DR @ CURLEW DR","stop_id":"3342"},"type":"Feature"},{"geometry":{"coordinates":[-75.69096,39.62471],"type":"Point"},"properties":{"kind":"stop","name":"KEMPER DR @ EGRET CT","stop_id":"3343"},"type":"Feature"},{"geometry":{"coordinates":[-75.73314,39.67939],"type":"Point"},"properties":{"kind":"stop","name":"WYOMING RD @ OP DE TECHNOLOGY PARK","stop_id":"3346"},"type":"Feature"},{"geometry":{"coordinates":[-75.73341,39.6791],"type":"Point"},"properties":{"kind":"stop","name":"WYOMING RD @ DE TECHNOLOGY PARK","stop_id":"3347"},"type":"Feature"},{"geometry":{"coordinates":[-75.57161,38.56084],"type":"Point"},"properties":{"kind":"stop","name":"CENTRAL AVE OP BOYS & GIRLS CLUB","stop_id":"3351"},"type":"Feature"},{"geometry":{"coordinates":[-75.57173,38.56097],"type":"Point"},"properties":{"kind":"stop","name":"CENTRAL AVE @ BOYS & GIRLS CLUB","stop_id":"3352"},"type":"Feature"},{"geometry":{"coordinates":[-75.54739,39.0735],"type":"Point"},"properties":{"kind":"stop","name":"POLYTECH AT WALNUT SHADE RD","stop_id":"3354"},"type":"Feature"},{"geometry":{"coordinates":[-75.56953,39.0059],"type":"Point"},"properties":{"kind":"stop","name":"US13 AT SR12 FELTON","stop_id":"3355"},"type":"Feature"},{"geometry":{"coordinates":[-75.55039,39.74771],"type":"Point"},"properties":{"kind":"stop","name":"11TH ST @ WEST ST","stop_id":"3362"},"type":"Feature"},{"geometry":{"coordinates":[-75.55431,39.73854],"type":"Point"},"properties":{"kind":"stop","name":"ML KING BLVD @ ORANGE ST","stop_id":"3363"},"type":"Feature"},{"geometry":{"coordinates":[-75.69794,39.45059],"type":"Point"},"properties":{"kind":"stop","name":"SR 299 @ SILVER LAKE ROAD","stop_id":"3364"},"type":"Feature"},{"geometry":{"coordinates":[-75.69823,39.45073],"type":"Point"},"properties":{"kind":"stop","name":"SR 299 OP SILVER LAKE ROAD","stop_id":"3365"},"type":"Feature"},{"geometry":{"coordinates":[-75.7124,39.64703],"type":"Point"},"properties":{"kind":"stop","name":"OLD BALTIMORE PK @ OP CHRISTIANA FARMS","stop_id":"3366"},"type":"Feature"},{"geometry":{"coordinates":[-75.71154,39.64698],"type":"Point"},"properties":{"kind":"stop","name":"OLD BALTIMORE PK @ CHRISTIANA FARMS","stop_id":"3367"},"type":"Feature"},{"geometry":{"coordinates":[-75.4898,39.80472],"type":"Point"},"properties":{"kind":"stop","name":"VEALE RD @ BELLEMEADE PL","stop_id":"3377"},"type":"Feature"},{"geometry":{"coordinates":[-75.54215,39.73754],"type":"Point"},"properties":{"kind":"stop","name":"CHURCH ST @ OP 5TH ST","stop_id":"3378"},"type":"Feature"},{"geometry":{"coordinates":[-75.5413,39.73881],"type":"Point"},"properties":{"kind":"stop","name":"CHURCH ST @ OP CURLETT ST","stop_id":"3379"},"type":"Feature"},{"geometry":{"coordinates":[-75.56127,39.67229],"type":"Point"},"properties":{"kind":"stop","name":"WILMINGTON RD @ BALDT AVE","stop_id":"3380"},"type":"Feature"},{"geometry":{"coordinates":[-75.57826,39.75132],"type":"Point"},"properties":{"kind":"stop","name":"4TH ST @ HAWLEY ST","stop_id":"3381"},"type":"Feature"},{"geometry":{"coordinates":[-75.57504,39.75001],"type":"Point"},"properties":{"kind":"stop","name":"4TH ST @ BAYARD AVE","stop_id":"3382"},"type":"Feature"},{"geometry":{"coordinates":[-75.57344,39.74935],"type":"Point"},"properties":{"kind":"stop","name":"4TH ST @ BANCROFT PKWY","stop_id":"3383"},"type":"Feature"},{"geometry":{"coordinates":[-75.5545,39.78286],"type":"Point"},"properties":{"kind":"stop","name":"CHILDRENS DR @ ROCKLAND RD","stop_id":"3385"},"type":"Feature"},{"geometry":{"coordinates":[-75.33764,38.70802],"type":"Point"},"properties":{"kind":"stop","name":"US RT 9 @ STIENER RD","stop_id":"3387"},"type":"Feature"},{"geometry":{"coordinates":[-75.33727,38.70821],"type":"Point"},"properties":{"kind":"stop","name":"US RT 9 OP STIENER RD","stop_id":"3388"},"type":"Feature"},{"geometry":{"coordinates":[-75.26058,38.72975],"type":"Point"},"properties":{"kind":"stop","name":"US RT 9 @ FISHER RD","stop_id":"3389"},"type":"Feature"},{"geometry":{"coordinates":[-75.75414,39.66927],"type":"Point"},"properties":{"kind":"stop","name":"NEWARK TRAIN STATION","stop_id":"339"},"type":"Feature"},{"geometry":{"coordinates":[-75.26209,38.7296],"type":"Point"},"properties":{"kind":"stop","name":"US RT 9 @ FISHER RD","stop_id":"3390"},"type":"Feature"},{"geometry":{"coordinates":[-75.58522,38.7203],"type":"Point"},"properties":{"kind":"stop","name":"SR18/404 OP FD LN BRVILL PARK SC","stop_id":"3392"},"type":"Feature"},{"geometry":{"coordinates":[-75.58494,38.71983],"type":"Point"},"properties":{"kind":"stop","name":"SR18/404 @ BRIDGEVILLE PARK SC","stop_id":"3393"},"type":"Feature"},{"geometry":{"coordinates":[-75.37583,38.79203],"type":"Point"},"properties":{"kind":"stop","name":"DEL RT 16 @ CHURCH OF JCAF","stop_id":"3394"},"type":"Feature"},{"geometry":{"coordinates":[-75.37588,38.7919],"type":"Point"},"properties":{"kind":"stop","name":"DEL RT 16 OP CHURCH OF JCAF","stop_id":"3395"},"type":"Feature"},{"geometry":{"coordinates":[-75.56642,39.75234],"type":"Point"},"properties":{"kind":"stop","name":"DUPONT ST @ W 9TH ST","stop_id":"3397"},"type":"Feature"},{"geometry":{"coordinates":[-75.5103,39.76362],"type":"Point"},"properties":{"kind":"stop","name":"HILLCREST AVE @ MARSH RD","stop_id":"34"},"type":"Feature"},{"geometry":{"coordinates":[-75.75351,39.68026],"type":"Point"},"properties":{"kind":"stop","name":"S COLLEGE AVE @ AMSTEL AVE-PED X","stop_id":"340"},"type":"Feature"},{"geometry":{"coordinates":[-75.5634,39.75411],"type":"Point"},"properties":{"kind":"stop","name":"CLAYTON ST @ PENNSYLVANIA AVE","stop_id":"3400"},"type":"Feature"},{"geometry":{"coordinates":[-75.54585,39.10154],"type":"Point"},"properties":{"kind":"stop","name":"CAMDEN WALMART ON-SITE","stop_id":"3402"},"type":"Feature"},{"geometry":{"coordinates":[-75.56185,39.73381],"type":"Point"},"properties":{"kind":"stop","name":"JUSTISON ST @ FRAWLEY DR","stop_id":"3404"},"type":"Feature"},{"geometry":{"coordinates":[-75.55141,39.16838],"type":"Point"},"properties":{"kind":"stop","name":"WALKER RD @ CATHOLIC CHARITIES","stop_id":"3406"},"type":"Feature"},{"geometry":{"coordinates":[-75.54129,39.1043],"type":"Point"},"properties":{"kind":"stop","name":"US RT 13 @ VOSHELLS MILL RD","stop_id":"3408"},"type":"Feature"},{"geometry":{"coordinates":[-75.73771,39.68133],"type":"Point"},"properties":{"kind":"stop","name":"DELAWARE AVE @ NEWARK HS PEDX","stop_id":"341"},"type":"Feature"},{"geometry":{"coordinates":[-75.75365,39.68011],"type":"Point"},"properties":{"kind":"stop","name":"S COLLEGE AVE @ AMSTEL AVE-PED X","stop_id":"342"},"type":"Feature"},{"geometry":{"coordinates":[-75.56532,39.75395],"type":"Point"},"properties":{"kind":"stop","name":"DUPONT ST @ 11TH ST","stop_id":"3422"},"type":"Feature"},{"geometry":{"coordinates":[-75.56809,39.74991],"type":"Point"},"properties":{"kind":"stop","name":"DUPONT ST @ 7TH ST","stop_id":"3423"},"type":"Feature"},{"geometry":{"coordinates":[-75.5663,39.74983],"type":"Point"},"properties":{"kind":"stop","name":"CLAYTON ST @ 8TH ST-ST FRANCIS HOSP","stop_id":"3427"},"type":"Feature"},{"geometry":{"coordinates":[-75.56521,39.75141],"type":"Point"},"properties":{"kind":"stop","name":"CLAYTON ST @ 9TH ST","stop_id":"3428"},"type":"Feature"},{"geometry":{"coordinates":[-75.47454,39.78799],"type":"Point"},"properties":{"kind":"stop","name":"PHILADELPHIA PIKE @ OP DELAWARE AVE","stop_id":"3429"},"type":"Feature"},{"geometry":{"coordinates":[-75.65453,39.69678],"type":"Point"},"properties":{"kind":"stop","name":"DE 4 @ OP TWIN C LN","stop_id":"3431"},"type":"Feature"},{"geometry":{"coordinates":[-75.657,39.6971],"type":"Point"},"properties":{"kind":"stop","name":"DE 4 @ TWIN C LN","stop_id":"3432"},"type":"Feature"},{"geometry":{"coordinates":[-75.51839,39.7697],"type":"Point"},"properties":{"kind":"stop","name":"WASHINGTON ST @ ROCKWOOD MANSN PARK","stop_id":"3435"},"type":"Feature"},{"geometry":{"coordinates":[-75.54487,39.15866],"type":"Point"},"properties":{"kind":"stop","name":"FORREST AVE @ GATEWAY WEST ENT.","stop_id":"3437"},"type":"Feature"},{"geometry":{"coordinates":[-75.53549,39.17198],"type":"Point"},"properties":{"kind":"stop","name":"WALKER RD @ SILVER LK PLAZA","stop_id":"344"},"type":"Feature"},{"geometry":{"coordinates":[-75.16844,38.75171],"type":"Point"},"properties":{"kind":"stop","name":"N VILL MAIN BLVD @ E AUSTIN ST","stop_id":"3448"},"type":"Feature"},{"geometry":{"coordinates":[-75.10395,38.6254],"type":"Point"},"properties":{"kind":"stop","name":"DE 23 @ MASSEY'S LANDING COMMUNITY","stop_id":"3449"},"type":"Feature"},{"geometry":{"coordinates":[-75.5564,39.16727],"type":"Point"},"properties":{"kind":"stop","name":"WALKER RD @ LIBERTY CT","stop_id":"345"},"type":"Feature"},{"geometry":{"coordinates":[-75.46481,39.00935],"type":"Point"},"properties":{"kind":"stop","name":"FREDERICA RD @ FRONT ST/DE12","stop_id":"3454"},"type":"Feature"},{"geometry":{"coordinates":[-75.55411,39.1602],"type":"Point"},"properties":{"kind":"stop","name":"GREENTREE DR @ GREENTREE SHOP CTR","stop_id":"346"},"type":"Feature"},{"geometry":{"coordinates":[-75.53859,39.8298],"type":"Point"},"properties":{"kind":"stop","name":"BRANDYWNE TWN CT @ OP TARGET","stop_id":"3462"},"type":"Feature"},{"geometry":{"coordinates":[-75.53836,39.82994],"type":"Point"},"properties":{"kind":"stop","name":"BRANDYWINE TWN CT @ TARGET","stop_id":"3463"},"type":"Feature"},{"geometry":{"coordinates":[-75.51714,39.75323],"type":"Point"},"properties":{"kind":"stop","name":"GOV PRINTZ BLVD @ OP LEA BLVD","stop_id":"3466"},"type":"Feature"},{"geometry":{"coordinates":[-75.67965,39.62455],"type":"Point"},"properties":{"kind":"stop","name":"US RT 40 @ OLD TOWN HALL CTR","stop_id":"3468"},"type":"Feature"},{"geometry":{"coordinates":[-75.73048,39.60706],"type":"Point"},"properties":{"kind":"stop","name":"US RT 40 @ AIKEN AVE","stop_id":"3469"},"type":"Feature"},{"geometry":{"coordinates":[-75.74606,39.60566],"type":"Point"},"properties":{"kind":"stop","name":"US RT 40 @ GLASGOW AVE","stop_id":"3470"},"type":"Feature"},{"geometry":{"coordinates":[-75.72934,39.6068],"type":"Point"},"properties":{"kind":"stop","name":"US RT 40 @ AIKEN AVE","stop_id":"3471"},"type":"Feature"},{"geometry":{"coordinates":[-75.10647,38.71525],"type":"Point"},"properties":{"kind":"stop","name":"REHOBOTH AVE EXT @ SEA BLOSSOM BLVD","stop_id":"3473"},"type":"Feature"},{"geometry":{"coordinates":[-75.11464,38.7183],"type":"Point"},"properties":{"kind":"stop","name":"DEL RT 1 @ PALMS AT REHOBOTH","stop_id":"3475"},"type":"Feature"},{"geometry":{"coordinates":[-75.16831,38.75138],"type":"Point"},"properties":{"kind":"stop","name":"N VILL MAIN BLVD @ W AUSTIN ST","stop_id":"3476"},"type":"Feature"},{"geometry":{"coordinates":[-75.16157,38.62829],"type":"Point"},"properties":{"kind":"stop","name":"DEL 23 @ POT NETS RD","stop_id":"3477"},"type":"Feature"},{"geometry":{"coordinates":[-75.14201,38.62511],"type":"Point"},"properties":{"kind":"stop","name":"DEL RT 23 @ CHURCH LN OP REHO SHORE","stop_id":"3478"},"type":"Feature"},{"geometry":{"coordinates":[-75.11188,38.62469],"type":"Point"},"properties":{"kind":"stop","name":"DEL RT 23 OP PINE CONE DR","stop_id":"3479"},"type":"Feature"},{"geometry":{"coordinates":[-75.10784,38.6251],"type":"Point"},"properties":{"kind":"stop","name":"DEL RT 23 @ MALLARD RD DOCKSIDE","stop_id":"3480"},"type":"Feature"},{"geometry":{"coordinates":[-75.11183,38.62481],"type":"Point"},"properties":{"kind":"stop","name":"DEL RT 23 @ PINE CONE DR (COVESIDE)","stop_id":"3481"},"type":"Feature"},{"geometry":{"coordinates":[-75.14181,38.62517],"type":"Point"},"properties":{"kind":"stop","name":"DEL RT 23 @ BAY BLVD","stop_id":"3482"},"type":"Feature"},{"geometry":{"coordinates":[-75.16366,38.62845],"type":"Point"},"properties":{"kind":"stop","name":"DEL RT 23 @ RIDGEWOOD RD","stop_id":"3483"},"type":"Feature"},{"geometry":{"coordinates":[-75.16956,38.62928],"type":"Point"},"properties":{"kind":"stop","name":"DEL RT 23 OP POT NETS LAKESIDE","stop_id":"3484"},"type":"Feature"},{"geometry":{"coordinates":[-75.18367,38.633],"type":"Point"},"properties":{"kind":"stop","name":"DEL RT 23 @ GREENS WAY BAYWOOD GR","stop_id":"3485"},"type":"Feature"},{"geometry":{"coordinates":[-75.16953,38.62909],"type":"Point"},"properties":{"kind":"stop","name":"DEL RT 23 @ NANNYBERRY RD/POT NETS","stop_id":"3486"},"type":"Feature"},{"geometry":{"coordinates":[-75.10788,38.62499],"type":"Point"},"properties":{"kind":"stop","name":"DEL RT 23 @ SHARKSTOOTH","stop_id":"3487"},"type":"Feature"},{"geometry":{"coordinates":[-75.05192,38.47205],"type":"Point"},"properties":{"kind":"stop","name":"DEL RT 1 OP FENWICK ISLD STATE PARK","stop_id":"3488"},"type":"Feature"},{"geometry":{"coordinates":[-75.05148,38.47233],"type":"Point"},"properties":{"kind":"stop","name":"DEL RT 1 @ FENWICK ISLD STATE PARK","stop_id":"3489"},"type":"Feature"},{"geometry":{"coordinates":[-75.54653,39.15862],"type":"Point"},"properties":{"kind":"stop","name":"FORREST AVE @ CARDIOLOGIES CONSULT","stop_id":"3490"},"type":"Feature"},{"geometry":{"coordinates":[-75.67237,39.71648],"type":"Point"},"properties":{"kind":"stop","name":"KIRKWOOD HWY @ MILLTOWN RD-NS","stop_id":"3491"},"type":"Feature"},{"geometry":{"coordinates":[-75.66359,39.63358],"type":"Point"},"properties":{"kind":"stop","name":"GOVERNORS SQUARE SHOPPING CENTER","stop_id":"3496"},"type":"Feature"},{"geometry":{"coordinates":[-75.50765,39.76316],"type":"Point"},"properties":{"kind":"stop","name":"HILLCREST AVE @ OP WOODSIDE AVE","stop_id":"35"},"type":"Feature"},{"geometry":{"coordinates":[-75.53958,39.15471],"type":"Point"},"properties":{"kind":"stop","name":"W NORTH ST @ SIMON CIR","stop_id":"350"},"type":"Feature"},{"geometry":{"coordinates":[-75.59267,38.67295],"type":"Point"},"properties":{"kind":"stop","name":"US RT 13 @ ENTR SUNRISE MOTEL","stop_id":"3500"},"type":"Feature"},{"geometry":{"coordinates":[-75.59221,38.67319],"type":"Point"},"properties":{"kind":"stop","name":"US RT 13 OP ELM ST AND THE SUNRISE MOTEL","stop_id":"3501"},"type":"Feature"},{"geometry":{"coordinates":[-75.48984,39.08485],"type":"Point"},"properties":{"kind":"stop","name":"STATE ST @ BROOKDALE RD","stop_id":"3502"},"type":"Feature"},{"geometry":{"coordinates":[-75.46458,39.00922],"type":"Point"},"properties":{"kind":"stop","name":"FREDERICA RD OPP FRONT ST/DE 12","stop_id":"3504"},"type":"Feature"},{"geometry":{"coordinates":[-75.48877,39.08403],"type":"Point"},"properties":{"kind":"stop","name":"STATE ST @ PONDEROSA DR","stop_id":"3505"},"type":"Feature"},{"geometry":{"coordinates":[-75.68239,39.6538],"type":"Point"},"properties":{"kind":"stop","name":"OLD BALT PIKE @  NORWEGIAN WOODS DR","stop_id":"3506"},"type":"Feature"},{"geometry":{"coordinates":[-75.6811,39.6541],"type":"Point"},"properties":{"kind":"stop","name":"OLD BALT PIKE @ MARTHA WASHINGTON","stop_id":"3507"},"type":"Feature"},{"geometry":{"coordinates":[-75.59727,39.69671],"type":"Point"},"properties":{"kind":"stop","name":"CREEKWOOD DR @ E. COMMONS BLVD","stop_id":"3508"},"type":"Feature"},{"geometry":{"coordinates":[-75.53124,39.15732],"type":"Point"},"properties":{"kind":"stop","name":"LOOCKERMAN ST OP KIRKWOOD ST","stop_id":"3512"},"type":"Feature"},{"geometry":{"coordinates":[-75.54309,39.15402],"type":"Point"},"properties":{"kind":"stop","name":"BEISER BLVD OP SOUTHSIDE FAMILY MED","stop_id":"3513"},"type":"Feature"},{"geometry":{"coordinates":[-75.51976,39.7603],"type":"Point"},"properties":{"kind":"stop","name":"LEA BLVD @ PINE ST","stop_id":"3519"},"type":"Feature"},{"geometry":{"coordinates":[-75.51979,39.76056],"type":"Point"},"properties":{"kind":"stop","name":"LEA BLVD @ PINE ST","stop_id":"3520"},"type":"Feature"},{"geometry":{"coordinates":[-75.68948,39.73327],"type":"Point"},"properties":{"kind":"stop","name":"NEW LINDEN HILL RD @ OP BROWNSTONE PL","stop_id":"3523"},"type":"Feature"},{"geometry":{"coordinates":[-75.53356,39.71966],"type":"Point"},"properties":{"kind":"stop","name":"CHRISTINA AVE @ PUBLIC WORKS YARD","stop_id":"3524"},"type":"Feature"},{"geometry":{"coordinates":[-75.54753,39.15923],"type":"Point"},"properties":{"kind":"stop","name":"FORREST AVE @ MODERN MATURITY","stop_id":"353"},"type":"Feature"},{"geometry":{"coordinates":[-75.42831,38.87499],"type":"Point"},"properties":{"kind":"stop","name":"RD 213 @ SUSQUEHANNA AVE","stop_id":"3533"},"type":"Feature"},{"geometry":{"coordinates":[-75.42009,38.80709],"type":"Point"},"properties":{"kind":"stop","name":"DEL RT 16 @ PONDER AVE EB","stop_id":"3534"},"type":"Feature"},{"geometry":{"coordinates":[-75.42816,38.87468],"type":"Point"},"properties":{"kind":"stop","name":"RD 213 @ SUSQUEHANNA AVE","stop_id":"3536"},"type":"Feature"},{"geometry":{"coordinates":[-75.13683,38.72918],"type":"Point"},"properties":{"kind":"stop","name":"DEL RT 24 OP THE EYE INSTITUTE","stop_id":"3537"},"type":"Feature"},{"geometry":{"coordinates":[-75.13937,38.72686],"type":"Point"},"properties":{"kind":"stop","name":"DEL RT 24 @ RESIDENCE INN","stop_id":"3538"},"type":"Feature"},{"geometry":{"coordinates":[-75.13952,38.72647],"type":"Point"},"properties":{"kind":"stop","name":"DEL RT 24 @ ENT BEEBE MEDICAL CTR","stop_id":"3539"},"type":"Feature"},{"geometry":{"coordinates":[-75.13649,38.7291],"type":"Point"},"properties":{"kind":"stop","name":"DEL RT 24 @ THE EYE INSTITUTE","stop_id":"3540"},"type":"Feature"},{"geometry":{"coordinates":[-75.36899,38.69871],"type":"Point"},"properties":{"kind":"stop","name":"US RT 9 @ AIRPORT RD","stop_id":"3545"},"type":"Feature"},{"geometry":{"coordinates":[-75.3684,38.69928],"type":"Point"},"properties":{"kind":"stop","name":"US RT 9 @ SAND HILL RD","stop_id":"3546"},"type":"Feature"},{"geometry":{"coordinates":[-75.58923,38.59399],"type":"Point"},"properties":{"kind":"stop","name":"US RT 13A OP SKATE WORLD","stop_id":"3547"},"type":"Feature"},{"geometry":{"coordinates":[-75.58887,38.59378],"type":"Point"},"properties":{"kind":"stop","name":"SEAFORD RD @ SKATE WORLD","stop_id":"3548"},"type":"Feature"},{"geometry":{"coordinates":[-75.66195,39.69618],"type":"Point"},"properties":{"kind":"stop","name":"DE 4 @ OP OLD CHURCHMANS RD","stop_id":"3549"},"type":"Feature"},{"geometry":{"coordinates":[-75.54069,39.13666],"type":"Point"},"properties":{"kind":"stop","name":"KESSELRING AVE & HAMAN DR","stop_id":"355"},"type":"Feature"},{"geometry":{"coordinates":[-75.66564,39.63016],"type":"Point"},"properties":{"kind":"stop","name":"US RT 40 @ GOVERNORS SQ PLAZA 2","stop_id":"3551"},"type":"Feature"},{"geometry":{"coordinates":[-75.62764,39.64059],"type":"Point"},"properties":{"kind":"stop","name":"DUPONT HWY @ MALLARD POINTE","stop_id":"3559"},"type":"Feature"},{"geometry":{"coordinates":[-75.54685,39.11936],"type":"Point"},"properties":{"kind":"stop","name":"NORTH ST @ VINING RUN","stop_id":"3560"},"type":"Feature"},{"geometry":{"coordinates":[-75.08853,38.71496],"type":"Point"},"properties":{"kind":"stop","name":"STATE RD @ REHOBOTH AVE","stop_id":"3562"},"type":"Feature"},{"geometry":{"coordinates":[-75.5877,39.24886],"type":"Point"},"properties":{"kind":"stop","name":"US RT 13 @ HICKORY RIDGE RD","stop_id":"3563"},"type":"Feature"},{"geometry":{"coordinates":[-75.58701,39.24976],"type":"Point"},"properties":{"kind":"stop","name":"US RT 13 @ SPRING MEADOWS DR","stop_id":"3564"},"type":"Feature"},{"geometry":{"coordinates":[-75.13075,38.62297],"type":"Point"},"properties":{"kind":"stop","name":"DEL RT 23 @ FAIRFIELD","stop_id":"3565"},"type":"Feature"},{"geometry":{"coordinates":[-75.12181,38.62475],"type":"Point"},"properties":{"kind":"stop","name":"DEL RT 23 OP CLAM RD OP MALONES BAY","stop_id":"3566"},"type":"Feature"},{"geometry":{"coordinates":[-75.12072,38.62467],"type":"Point"},"properties":{"kind":"stop","name":"DEL RT 23 @ HARBOR RD MALONE BAY SD","stop_id":"3567"},"type":"Feature"},{"geometry":{"coordinates":[-75.09073,38.70696],"type":"Point"},"properties":{"kind":"stop","name":"STATE RD @ WASHINGTON ST - MED CTR","stop_id":"3569"},"type":"Feature"},{"geometry":{"coordinates":[-75.5222,39.151],"type":"Point"},"properties":{"kind":"stop","name":"STATE ST & SCULL TR","stop_id":"357"},"type":"Feature"},{"geometry":{"coordinates":[-75.10791,38.71373],"type":"Point"},"properties":{"kind":"stop","name":"SHUTTLE RD @ EXXON STATION","stop_id":"3570"},"type":"Feature"},{"geometry":{"coordinates":[-75.08712,38.70538],"type":"Point"},"properties":{"kind":"stop","name":"DEL RT 1 @ SPRING LAKE DR","stop_id":"3571"},"type":"Feature"},{"geometry":{"coordinates":[-75.05748,38.53816],"type":"Point"},"properties":{"kind":"stop","name":"GARFIELD AVE @ PENNSYLVANIA AVE","stop_id":"3572"},"type":"Feature"},{"geometry":{"coordinates":[-75.05751,38.53849],"type":"Point"},"properties":{"kind":"stop","name":"GARFIELD AVE @ PENNSYLVANIA AVE","stop_id":"3573"},"type":"Feature"},{"geometry":{"coordinates":[-75.6574,39.576],"type":"Point"},"properties":{"kind":"stop","name":"WRANGLE HILL PARK & RIDE","stop_id":"3576"},"type":"Feature"},{"geometry":{"coordinates":[-75.63795,39.68696],"type":"Point"},"properties":{"kind":"stop","name":"CHURCHMANS RD @ GOODING DR","stop_id":"3577"},"type":"Feature"},{"geometry":{"coordinates":[-75.52303,39.14127],"type":"Point"},"properties":{"kind":"stop","name":"STATE ST @ CAPITOL CLEANERS","stop_id":"358"},"type":"Feature"},{"geometry":{"coordinates":[-75.50525,39.15381],"type":"Point"},"properties":{"kind":"stop","name":"KENT COUNTY BLDG @ BLUE HEN CORP","stop_id":"3580"},"type":"Feature"},{"geometry":{"coordinates":[-75.54452,39.1576],"type":"Point"},"properties":{"kind":"stop","name":"GATEWAY WEST @ DOLLAR TREE","stop_id":"3583"},"type":"Feature"},{"geometry":{"coordinates":[-75.08208,38.70228],"type":"Point"},"properties":{"kind":"stop","name":"DEL RT 1 @ JOSEPHINE ST","stop_id":"3587"},"type":"Feature"},{"geometry":{"coordinates":[-75.40211,38.70423],"type":"Point"},"properties":{"kind":"stop","name":"US RT 113 @ GEORGETOWN PROFESSIONAL PLAZA","stop_id":"3590"},"type":"Feature"},{"geometry":{"coordinates":[-75.18803,38.63402],"type":"Point"},"properties":{"kind":"stop","name":"DEL RT 23 @ BAYSHORE DR","stop_id":"3593"},"type":"Feature"},{"geometry":{"coordinates":[-75.16847,38.6288],"type":"Point"},"properties":{"kind":"stop","name":"DELRT23 OP RADIE KAY LN LEISURE PT","stop_id":"3594"},"type":"Feature"},{"geometry":{"coordinates":[-75.13414,38.62235],"type":"Point"},"properties":{"kind":"stop","name":"DEL RT 23 @ COVE VILL SHOPPING CTR","stop_id":"3595"},"type":"Feature"},{"geometry":{"coordinates":[-75.13419,38.62235],"type":"Point"},"properties":{"kind":"stop","name":"DEL RT 23 @ COVE DR","stop_id":"3596"},"type":"Feature"},{"geometry":{"coordinates":[-75.16688,38.62857],"type":"Point"},"properties":{"kind":"stop","name":"DEL RT 23 @ RADIE KAY LN LEISURE PT","stop_id":"3597"},"type":"Feature"},{"geometry":{"coordinates":[-75.50572,39.76246],"type":"Point"},"properties":{"kind":"stop","name":"HAINES AVE @ BLUEROCK AVE","stop_id":"36"},"type":"Feature"},{"geometry":{"coordinates":[-75.59303,39.28034],"type":"Point"},"properties":{"kind":"stop","name":"US RT13 @ CARTER RD","stop_id":"3600"},"type":"Feature"},{"geometry":{"coordinates":[-75.59056,39.27347],"type":"Point"},"properties":{"kind":"stop","name":"US RT 13 @ HEDGEGROW HOLLOW RD","stop_id":"3601"},"type":"Feature"},{"geometry":{"coordinates":[-75.59022,39.27376],"type":"Point"},"properties":{"kind":"stop","name":"US RT 13 @ LAWNDALE RD","stop_id":"3602"},"type":"Feature"},{"geometry":{"coordinates":[-75.5921,39.27908],"type":"Point"},"properties":{"kind":"stop","name":"US RT 13 @ CARTER RD","stop_id":"3603"},"type":"Feature"},{"geometry":{"coordinates":[-75.49239,39.8237],"type":"Point"},"properties":{"kind":"stop","name":"NAAMANS RD @ BALLYMEADE","stop_id":"3607"},"type":"Feature"},{"geometry":{"coordinates":[-75.51006,39.82636],"type":"Point"},"properties":{"kind":"stop","name":"NAAMANS RD @ NORTHGATE RD","stop_id":"3608"},"type":"Feature"},{"geometry":{"coordinates":[-75.51712,39.82748],"type":"Point"},"properties":{"kind":"stop","name":"NAAMANS RD @ CHANNIN DR","stop_id":"3609"},"type":"Feature"},{"geometry":{"coordinates":[-75.54728,39.08787],"type":"Point"},"properties":{"kind":"stop","name":"MIFFLIN MEADOWS & ON SITE","stop_id":"361"},"type":"Feature"},{"geometry":{"coordinates":[-75.52189,39.82796],"type":"Point"},"properties":{"kind":"stop","name":"NAAMANS RD @ SMITH LA","stop_id":"3610"},"type":"Feature"},{"geometry":{"coordinates":[-75.51597,39.82702],"type":"Point"},"properties":{"kind":"stop","name":"NAAMANS RD @ BRANDYWOOD DR","stop_id":"3611"},"type":"Feature"},{"geometry":{"coordinates":[-75.50959,39.82601],"type":"Point"},"properties":{"kind":"stop","name":"NAAMANS RD @ MOUSLEY PL","stop_id":"3612"},"type":"Feature"},{"geometry":{"coordinates":[-75.49151,39.82328],"type":"Point"},"properties":{"kind":"stop","name":"NAAMANS RD @ OP BALLYMEADE","stop_id":"3613"},"type":"Feature"},{"geometry":{"coordinates":[-75.51413,39.15589],"type":"Point"},"properties":{"kind":"stop","name":"NEW CASTLE AVE OP KENT AVE","stop_id":"3614"},"type":"Feature"},{"geometry":{"coordinates":[-75.51558,39.15687],"type":"Point"},"properties":{"kind":"stop","name":"NEW CASTLE AVE OP FAMILY COURT BLDG","stop_id":"3615"},"type":"Feature"},{"geometry":{"coordinates":[-75.65029,39.63875],"type":"Point"},"properties":{"kind":"stop","name":"US 40 @ BEST WESTERN PLUS HOTEL","stop_id":"3624"},"type":"Feature"},{"geometry":{"coordinates":[-75.56634,39.20737],"type":"Point"},"properties":{"kind":"stop","name":"US RT13 @ MARIAN DR","stop_id":"3627"},"type":"Feature"},{"geometry":{"coordinates":[-75.5663,39.20779],"type":"Point"},"properties":{"kind":"stop","name":"US RT13 @ MARION DR","stop_id":"3628"},"type":"Feature"},{"geometry":{"coordinates":[-75.43959,38.86849],"type":"Point"},"properties":{"kind":"stop","name":"US 113 @ JOHNSON RD","stop_id":"3629"},"type":"Feature"},{"geometry":{"coordinates":[-75.51756,39.11782],"type":"Point"},"properties":{"kind":"stop","name":"DEL RT 10 @ OP MOORES LAKE SC","stop_id":"363"},"type":"Feature"},{"geometry":{"coordinates":[-75.43905,38.86765],"type":"Point"},"properties":{"kind":"stop","name":"US 113 @ MORGAN DR","stop_id":"3630"},"type":"Feature"},{"geometry":{"coordinates":[-75.68743,39.62253],"type":"Point"},"properties":{"kind":"stop","name":"BROOKMONT FARMS @ E-Z WAYMART","stop_id":"3631"},"type":"Feature"},{"geometry":{"coordinates":[-75.57139,39.21201],"type":"Point"},"properties":{"kind":"stop","name":"US RT13 @ PINEWOOD ACRES","stop_id":"3634"},"type":"Feature"},{"geometry":{"coordinates":[-75.57273,39.21599],"type":"Point"},"properties":{"kind":"stop","name":"US RT13 WALMART CHESWOLD","stop_id":"3635"},"type":"Feature"},{"geometry":{"coordinates":[-75.54729,39.15351],"type":"Point"},"properties":{"kind":"stop","name":"COMMERCE WAY @ ENTERPRISE PL","stop_id":"3638"},"type":"Feature"},{"geometry":{"coordinates":[-75.50069,39.12254],"type":"Point"},"properties":{"kind":"stop","name":"DEL RT 10 @ WAWA","stop_id":"3639"},"type":"Feature"},{"geometry":{"coordinates":[-75.52265,39.14218],"type":"Point"},"properties":{"kind":"stop","name":"STATE ST @ CAPITOL CLEANERS","stop_id":"364"},"type":"Feature"},{"geometry":{"coordinates":[-75.51672,39.11769],"type":"Point"},"properties":{"kind":"stop","name":"DEL RT 10 @ MOORES LAKE SC","stop_id":"3640"},"type":"Feature"},{"geometry":{"coordinates":[-75.62448,39.64453],"type":"Point"},"properties":{"kind":"stop","name":"DUPONT HWY @ PINE VALLEY APTS","stop_id":"3644"},"type":"Feature"},{"geometry":{"coordinates":[-75.06015,38.55511],"type":"Point"},"properties":{"kind":"stop","name":"DELRT1 @ FRED HUDSON RD","stop_id":"3647"},"type":"Feature"},{"geometry":{"coordinates":[-75.05975,38.55544],"type":"Point"},"properties":{"kind":"stop","name":"DELRT1 OP FRED HUDSON RD","stop_id":"3648"},"type":"Feature"},{"geometry":{"coordinates":[-75.71449,39.64657],"type":"Point"},"properties":{"kind":"stop","name":"OLD BALTIMORE PK @ ALBE DR","stop_id":"3649"},"type":"Feature"},{"geometry":{"coordinates":[-75.50395,39.14795],"type":"Point"},"properties":{"kind":"stop","name":"DANNER CAMPUS @ DELDOT ADMIN EMPENT","stop_id":"365"},"type":"Feature"},{"geometry":{"coordinates":[-75.7223,39.64436],"type":"Point"},"properties":{"kind":"stop","name":"OLD BALTIMORE PK @ WESTOVER WOODS DR","stop_id":"3650"},"type":"Feature"},{"geometry":{"coordinates":[-75.72173,39.64437],"type":"Point"},"properties":{"kind":"stop","name":"OLD BALTIMORE PK @ TORINGTON WAY","stop_id":"3651"},"type":"Feature"},{"geometry":{"coordinates":[-75.71446,39.64633],"type":"Point"},"properties":{"kind":"stop","name":"OLD BALTIMORE PK @ DEER RUN DR","stop_id":"3652"},"type":"Feature"},{"geometry":{"coordinates":[-75.19392,38.63674],"type":"Point"},"properties":{"kind":"stop","name":"DEL RT 24 @ DEL RT 23","stop_id":"3654"},"type":"Feature"},{"geometry":{"coordinates":[-75.10314,38.62533],"type":"Point"},"properties":{"kind":"stop","name":"DELRT23 @ JASPER VIEW RD","stop_id":"3655"},"type":"Feature"},{"geometry":{"coordinates":[-75.48033,39.82157],"type":"Point"},"properties":{"kind":"stop","name":"NAAMANS RD @ PIN OAK DR","stop_id":"3657"},"type":"Feature"},{"geometry":{"coordinates":[-75.54537,39.72721],"type":"Point"},"properties":{"kind":"stop","name":"HEALD ST @ D ST","stop_id":"3661"},"type":"Feature"},{"geometry":{"coordinates":[-75.50805,39.15973],"type":"Point"},"properties":{"kind":"stop","name":"BABB DRIVE & LUTHER VILLAGE","stop_id":"3662"},"type":"Feature"},{"geometry":{"coordinates":[-75.73532,39.65885],"type":"Point"},"properties":{"kind":"stop","name":"DE 72 @ PENCADER PLAZA","stop_id":"3663"},"type":"Feature"},{"geometry":{"coordinates":[-75.73532,39.65993],"type":"Point"},"properties":{"kind":"stop","name":"DE 72 @ KENMAR DR","stop_id":"3665"},"type":"Feature"},{"geometry":{"coordinates":[-75.55749,39.67111],"type":"Point"},"properties":{"kind":"stop","name":"SHIPS LANDING WAY @ OP. TIRE RACK","stop_id":"3666"},"type":"Feature"},{"geometry":{"coordinates":[-75.5549,39.673],"type":"Point"},"properties":{"kind":"stop","name":"SHIPS LANDING WAY @ ESSBAR EQUIPMENT","stop_id":"3667"},"type":"Feature"},{"geometry":{"coordinates":[-75.55511,39.67129],"type":"Point"},"properties":{"kind":"stop","name":"SHIPS LANDING WAY @ OP HIBBERT GROUP","stop_id":"3668"},"type":"Feature"},{"geometry":{"coordinates":[-75.55661,39.67396],"type":"Point"},"properties":{"kind":"stop","name":"ANCHOR MILL ROAD @ OP 5 BELOW INC","stop_id":"3669"},"type":"Feature"},{"geometry":{"coordinates":[-75.74343,39.68234],"type":"Point"},"properties":{"kind":"stop","name":"NEWARK TRANSIT HUB (FARMER LANE)","stop_id":"3678"},"type":"Feature"},{"geometry":{"coordinates":[-75.74352,39.68242],"type":"Point"},"properties":{"kind":"stop","name":"NEWARK TRANSIT HUB (POMEROY LA)","stop_id":"3679"},"type":"Feature"},{"geometry":{"coordinates":[-75.49371,39.12897],"type":"Point"},"properties":{"kind":"stop","name":"PINE CABIN RD & OP GENERALS GRN APT","stop_id":"368"},"type":"Feature"},{"geometry":{"coordinates":[-75.56179,39.73362],"type":"Point"},"properties":{"kind":"stop","name":"JUSTISON ST @ OP FRAWLEY DR","stop_id":"3684"},"type":"Feature"},{"geometry":{"coordinates":[-75.54735,39.74605],"type":"Point"},"properties":{"kind":"stop","name":"N MARKET ST @ RODNEY SQUARE","stop_id":"3687"},"type":"Feature"},{"geometry":{"coordinates":[-75.73602,39.6806],"type":"Point"},"properties":{"kind":"stop","name":"DEL RT 72 @ WYOMING ROAD","stop_id":"3690"},"type":"Feature"},{"geometry":{"coordinates":[-75.54402,39.68926],"type":"Point"},"properties":{"kind":"stop","name":"CHERRY LANE @ DEPT OF CORRECTIONS","stop_id":"3692"},"type":"Feature"},{"geometry":{"coordinates":[-75.5811,39.70281],"type":"Point"},"properties":{"kind":"stop","name":"BAYLOR WOMEN'S CORRECTIONAL INST","stop_id":"3695"},"type":"Feature"},{"geometry":{"coordinates":[-75.54955,39.69152],"type":"Point"},"properties":{"kind":"stop","name":"CHERRY LANE @ RIVERVIEW DR","stop_id":"3696"},"type":"Feature"},{"geometry":{"coordinates":[-75.62826,39.67482],"type":"Point"},"properties":{"kind":"stop","name":"AIRPORT RD @ DMV","stop_id":"3697"},"type":"Feature"},{"geometry":{"coordinates":[-75.31452,38.77134],"type":"Point"},"properties":{"kind":"stop","name":"FEDERAL ST OP NEW ST","stop_id":"3711"},"type":"Feature"},{"geometry":{"coordinates":[-75.31449,38.7712],"type":"Point"},"properties":{"kind":"stop","name":"FEDERAL ST @ NEW ST","stop_id":"3712"},"type":"Feature"},{"geometry":{"coordinates":[-75.50311,39.15212],"type":"Point"},"properties":{"kind":"stop","name":"BAY RD & BLUE HEN MALL","stop_id":"372"},"type":"Feature"},{"geometry":{"coordinates":[-75.7301,39.45146],"type":"Point"},"properties":{"kind":"stop","name":"SANDHILL DR @ HAMPTON INN REAR ENT","stop_id":"3721"},"type":"Feature"},{"geometry":{"coordinates":[-75.72894,39.45399],"type":"Point"},"properties":{"kind":"stop","name":"RAMUNNO DR @ LOUIS LN","stop_id":"3722"},"type":"Feature"},{"geometry":{"coordinates":[-75.72898,39.45728],"type":"Point"},"properties":{"kind":"stop","name":"RAMUNNO DR @ OP LISA LN","stop_id":"3723"},"type":"Feature"},{"geometry":{"coordinates":[-75.72401,39.45931],"type":"Point"},"properties":{"kind":"stop","name":"ASH LN @ OP FOXTAIL LANE","stop_id":"3724"},"type":"Feature"},{"geometry":{"coordinates":[-75.72579,39.44919],"type":"Point"},"properties":{"kind":"stop","name":"SR 299 @ MIDDLETOWN COMMONS SC","stop_id":"3725"},"type":"Feature"},{"geometry":{"coordinates":[-75.70788,39.45003],"type":"Point"},"properties":{"kind":"stop","name":"SR 299 @ OP NEW ST","stop_id":"3727"},"type":"Feature"},{"geometry":{"coordinates":[-75.73782,39.45068],"type":"Point"},"properties":{"kind":"stop","name":"MERRIMAC AVE @ SOUTH RIDGE AVE","stop_id":"3728"},"type":"Feature"},{"geometry":{"coordinates":[-75.51591,39.15739],"type":"Point"},"properties":{"kind":"stop","name":"RIVER RD & FAMILY CT","stop_id":"373"},"type":"Feature"},{"geometry":{"coordinates":[-75.70838,39.45017],"type":"Point"},"properties":{"kind":"stop","name":"SR 299 @ NEW ST","stop_id":"3731"},"type":"Feature"},{"geometry":{"coordinates":[-75.73959,39.44627],"type":"Point"},"properties":{"kind":"stop","name":"MERRIMAC AVE @ MIDDLETOWN WALMART","stop_id":"3733"},"type":"Feature"},{"geometry":{"coordinates":[-75.5553,39.73278],"type":"Point"},"properties":{"kind":"stop","name":"HOWARD ST @ SHOP RITE","stop_id":"3736"},"type":"Feature"},{"geometry":{"coordinates":[-75.38497,38.69307],"type":"Point"},"properties":{"kind":"stop","name":"GEORGETOWN TRANSIT HUB","stop_id":"3737"},"type":"Feature"},{"geometry":{"coordinates":[-75.08941,38.71536],"type":"Point"},"properties":{"kind":"stop","name":"REHOBOTH AVE @ THE ARK","stop_id":"3738"},"type":"Feature"},{"geometry":{"coordinates":[-75.15121,38.74357],"type":"Point"},"properties":{"kind":"stop","name":"DEL RT 1 @ COMMUNITY BANK","stop_id":"3739"},"type":"Feature"},{"geometry":{"coordinates":[-75.51526,39.15274],"type":"Point"},"properties":{"kind":"stop","name":"NEW CASTLE AVE & RIVER RD","stop_id":"374"},"type":"Feature"},{"geometry":{"coordinates":[-75.56904,39.00595],"type":"Point"},"properties":{"kind":"stop","name":"FELTON US13 AT SR12","stop_id":"3742"},"type":"Feature"},{"geometry":{"coordinates":[-75.56925,39.20945],"type":"Point"},"properties":{"kind":"stop","name":"US RT13 @ REDNERS MARKET","stop_id":"3743"},"type":"Feature"},{"geometry":{"coordinates":[-75.5383,39.06844],"type":"Point"},"properties":{"kind":"stop","name":"MILLCHOP LN @ STEPHENSON DR","stop_id":"3744"},"type":"Feature"},{"geometry":{"coordinates":[-75.53076,39.06993],"type":"Point"},"properties":{"kind":"stop","name":"JEFFERY DR @ BOYD DR","stop_id":"3745"},"type":"Feature"},{"geometry":{"coordinates":[-75.52682,39.06663],"type":"Point"},"properties":{"kind":"stop","name":"CHERRY DR EAST @ ORANGE ST","stop_id":"3746"},"type":"Feature"},{"geometry":{"coordinates":[-75.53054,39.06347],"type":"Point"},"properties":{"kind":"stop","name":"PLUM DR @ CHERRY DR EAST","stop_id":"3747"},"type":"Feature"},{"geometry":{"coordinates":[-75.53134,39.06547],"type":"Point"},"properties":{"kind":"stop","name":"PLUM DR @ APPLE RUN","stop_id":"3748"},"type":"Feature"},{"geometry":{"coordinates":[-75.5324,39.06732],"type":"Point"},"properties":{"kind":"stop","name":"MILLCHOP LN @ MABEL DR","stop_id":"3749"},"type":"Feature"},{"geometry":{"coordinates":[-75.4983,39.15682],"type":"Point"},"properties":{"kind":"stop","name":"S LITTLE CRK RD & TUDOR IND PARK","stop_id":"375"},"type":"Feature"},{"geometry":{"coordinates":[-75.53765,39.06842],"type":"Point"},"properties":{"kind":"stop","name":"MILLCHOP LN OP STEPHENSON DR","stop_id":"3750"},"type":"Feature"},{"geometry":{"coordinates":[-75.55629,39.05523],"type":"Point"},"properties":{"kind":"stop","name":"US RT13 OP CRESTWOOD DR","stop_id":"3751"},"type":"Feature"},{"geometry":{"coordinates":[-75.558,39.04631],"type":"Point"},"properties":{"kind":"stop","name":"US RT13 @ EVENS RD","stop_id":"3752"},"type":"Feature"},{"geometry":{"coordinates":[-75.56105,39.03446],"type":"Point"},"properties":{"kind":"stop","name":"US RT13 @ RUBEON MAY ALLENS TP","stop_id":"3753"},"type":"Feature"},{"geometry":{"coordinates":[-75.56224,39.0305],"type":"Point"},"properties":{"kind":"stop","name":"US RT13 @ OLD NEW RD/WILLIS TIRES","stop_id":"3754"},"type":"Feature"},{"geometry":{"coordinates":[-75.56772,39.01226],"type":"Point"},"properties":{"kind":"stop","name":"US RT13 @ S ERIN AVE","stop_id":"3755"},"type":"Feature"},{"geometry":{"coordinates":[-75.5675,38.98396],"type":"Point"},"properties":{"kind":"stop","name":"US RT13 @ REEVES CROSSING RD","stop_id":"3756"},"type":"Feature"},{"geometry":{"coordinates":[-75.56628,38.93271],"type":"Point"},"properties":{"kind":"stop","name":"US RT13 @ DELAWARE AVE","stop_id":"3757"},"type":"Feature"},{"geometry":{"coordinates":[-75.56713,38.92821],"type":"Point"},"properties":{"kind":"stop","name":"US RT13 @ SHAW AVE","stop_id":"3758"},"type":"Feature"},{"geometry":{"coordinates":[-75.56933,38.91542],"type":"Point"},"properties":{"kind":"stop","name":"US RT13 @ FAIRGROUND RD","stop_id":"3759"},"type":"Feature"},{"geometry":{"coordinates":[-75.56888,38.91553],"type":"Point"},"properties":{"kind":"stop","name":"US RT13 @ CORN CRIB RD","stop_id":"3760"},"type":"Feature"},{"geometry":{"coordinates":[-75.5673,38.92158],"type":"Point"},"properties":{"kind":"stop","name":"US RT13 @ HOLIDAY INN EXPRESS HOTEL","stop_id":"3761"},"type":"Feature"},{"geometry":{"coordinates":[-75.57268,38.9233],"type":"Point"},"properties":{"kind":"stop","name":"CLARK ST @ THOMAS ST","stop_id":"3762"},"type":"Feature"},{"geometry":{"coordinates":[-75.58158,38.92809],"type":"Point"},"properties":{"kind":"stop","name":"CENTER ST @ PARK BROWN RD OPHERI MN","stop_id":"3763"},"type":"Feature"},{"geometry":{"coordinates":[-75.58171,38.92796],"type":"Point"},"properties":{"kind":"stop","name":"CENTER ST @ PARK BROWN RD HERIT MAN","stop_id":"3764"},"type":"Feature"},{"geometry":{"coordinates":[-75.56725,38.9856],"type":"Point"},"properties":{"kind":"stop","name":"US 13 AT KILLENS POND RD","stop_id":"3765"},"type":"Feature"},{"geometry":{"coordinates":[-75.56057,39.03442],"type":"Point"},"properties":{"kind":"stop","name":"US RT 13 OPP RUBEON MAY DR","stop_id":"3766"},"type":"Feature"},{"geometry":{"coordinates":[-75.55864,39.04086],"type":"Point"},"properties":{"kind":"stop","name":"US RT 13 AT IRISH HILL RD","stop_id":"3767"},"type":"Feature"},{"geometry":{"coordinates":[-75.55568,39.05493],"type":"Point"},"properties":{"kind":"stop","name":"US RT 13 AT CRESTWOOD DR","stop_id":"3768"},"type":"Feature"},{"geometry":{"coordinates":[-75.51417,39.1637],"type":"Point"},"properties":{"kind":"stop","name":"DIVISION ST & EDGEHILL SHOP CTR","stop_id":"377"},"type":"Feature"},{"geometry":{"coordinates":[-75.72894,39.64252],"type":"Point"},"properties":{"kind":"stop","name":"OLD BALTIMORE PK @ SR 72","stop_id":"3770"},"type":"Feature"},{"geometry":{"coordinates":[-75.07425,38.68936],"type":"Point"},"properties":{"kind":"stop","name":"DEL RT 1 & DICKINSON AVE","stop_id":"3772"},"type":"Feature"},{"geometry":{"coordinates":[-75.52957,39.15265],"type":"Point"},"properties":{"kind":"stop","name":"DOVER TRANSIT CENTER","stop_id":"3777"},"type":"Feature"},{"geometry":{"coordinates":[-75.57084,39.7538],"type":"Point"},"properties":{"kind":"stop","name":"9TH ST @ GRANT AVE","stop_id":"3778"},"type":"Feature"},{"geometry":{"coordinates":[-75.50992,39.17113],"type":"Point"},"properties":{"kind":"stop","name":"WILLIS RD @ MAPLETON SQUARE APTS","stop_id":"378"},"type":"Feature"},{"geometry":{"coordinates":[-75.28819,38.58031],"type":"Point"},"properties":{"kind":"stop","name":"MID SUSSEX SC OPPOSITE GOODWILL","stop_id":"3784"},"type":"Feature"},{"geometry":{"coordinates":[-75.52501,39.75225],"type":"Point"},"properties":{"kind":"stop","name":"NORTHEAST BLVD @ 30TH ST","stop_id":"3789"},"type":"Feature"},{"geometry":{"coordinates":[-75.478,39.12275],"type":"Point"},"properties":{"kind":"stop","name":"DOVER AIR BASE VISITOR CTR","stop_id":"3791"},"type":"Feature"},{"geometry":{"coordinates":[-75.5035,39.76277],"type":"Point"},"properties":{"kind":"stop","name":"BRANDYWINE BLVD @ LORE AVE","stop_id":"38"},"type":"Feature"},{"geometry":{"coordinates":[-75.58843,39.26935],"type":"Point"},"properties":{"kind":"stop","name":"US RT 13 @ BIG OAK RD","stop_id":"3800"},"type":"Feature"},{"geometry":{"coordinates":[-75.60116,39.29936],"type":"Point"},"properties":{"kind":"stop","name":"US RT 13 @ OP CHESTNUT ST","stop_id":"3801"},"type":"Feature"},{"geometry":{"coordinates":[-75.54066,39.10176],"type":"Point"},"properties":{"kind":"stop","name":"PEACHTREE RUN & VANESSA DR","stop_id":"3803"},"type":"Feature"},{"geometry":{"coordinates":[-75.56069,39.74229],"type":"Point"},"properties":{"kind":"stop","name":"ADAMS ST & 2ND ST","stop_id":"3805"},"type":"Feature"},{"geometry":{"coordinates":[-75.52152,39.15536],"type":"Point"},"properties":{"kind":"stop","name":"FEDERAL ST @ WATER ST IB","stop_id":"3807"},"type":"Feature"},{"geometry":{"coordinates":[-75.57381,39.21738],"type":"Point"},"properties":{"kind":"stop","name":"US RT13 @  OP JEROME DR","stop_id":"3811"},"type":"Feature"},{"geometry":{"coordinates":[-75.66392,39.6369],"type":"Point"},"properties":{"kind":"stop","name":"SONGSMITH DR @ TOLSTOY  PL","stop_id":"3812"},"type":"Feature"},{"geometry":{"coordinates":[-75.48287,39.78161],"type":"Point"},"properties":{"kind":"stop","name":"PHILADELPHIA PK @ E CLEARVIEW AVE","stop_id":"3813"},"type":"Feature"},{"geometry":{"coordinates":[-75.56425,39.75967],"type":"Point"},"properties":{"kind":"stop","name":"DELAWARE AVE @ LINCOLN ST","stop_id":"3814"},"type":"Feature"},{"geometry":{"coordinates":[-75.54402,39.75448],"type":"Point"},"properties":{"kind":"stop","name":"WASHINGTON ST @ 20TH ST","stop_id":"3816"},"type":"Feature"},{"geometry":{"coordinates":[-75.53683,39.754],"type":"Point"},"properties":{"kind":"stop","name":"MARKET ST @ 25TH ST","stop_id":"3817"},"type":"Feature"},{"geometry":{"coordinates":[-75.74963,39.60421],"type":"Point"},"properties":{"kind":"stop","name":"US 40 @ PEOPLES PLAZA WEST ENTRANCE","stop_id":"3819"},"type":"Feature"},{"geometry":{"coordinates":[-75.51953,39.16847],"type":"Point"},"properties":{"kind":"stop","name":"LUTHER TOWERS & BLDG 1","stop_id":"382"},"type":"Feature"},{"geometry":{"coordinates":[-75.39847,38.69855],"type":"Point"},"properties":{"kind":"stop","name":"DE 18/404 @ US 113 BOULEVARD FORD","stop_id":"3821"},"type":"Feature"},{"geometry":{"coordinates":[-75.59933,38.65305],"type":"Point"},"properties":{"kind":"stop","name":"DUTTON AVE AT SEAFORD ASST LIVING CENTER","stop_id":"3824"},"type":"Feature"},{"geometry":{"coordinates":[-75.55657,39.75271],"type":"Point"},"properties":{"kind":"stop","name":"DELAWARE AVE @ VAN BUREN ST","stop_id":"3827"},"type":"Feature"},{"geometry":{"coordinates":[-75.62438,39.75037],"type":"Point"},"properties":{"kind":"stop","name":"CENTERVILLE RD @ ST CATHERINE OF SIENA","stop_id":"3828"},"type":"Feature"},{"geometry":{"coordinates":[-75.62422,39.75048],"type":"Point"},"properties":{"kind":"stop","name":"CENTERVILLE RD @ OP ST CATHERINE OF SIENA","stop_id":"3829"},"type":"Feature"},{"geometry":{"coordinates":[-75.53348,39.18762],"type":"Point"},"properties":{"kind":"stop","name":"BALLY'S DOVER","stop_id":"383"},"type":"Feature"},{"geometry":{"coordinates":[-75.62529,39.75905],"type":"Point"},"properties":{"kind":"stop","name":"CENTERVILLE RD @ E. RED CLAY DR","stop_id":"3830"},"type":"Feature"},{"geometry":{"coordinates":[-75.5599,38.45536],"type":"Point"},"properties":{"kind":"stop","name":"WOODLAWN AVE @ STATE LINE RD (DELMAR)","stop_id":"3831"},"type":"Feature"},{"geometry":{"coordinates":[-75.73672,39.44006],"type":"Point"},"properties":{"kind":"stop","name":"AMAZON (PHL 7 & 9)","stop_id":"3832"},"type":"Feature"},{"geometry":{"coordinates":[-75.59114,39.66445],"type":"Point"},"properties":{"kind":"stop","name":"AMAZON (PHL 1)","stop_id":"3834"},"type":"Feature"},{"geometry":{"coordinates":[-75.67598,39.626],"type":"Point"},"properties":{"kind":"stop","name":"WILMINGTON UNIVERSITY COMPLEX","stop_id":"3835"},"type":"Feature"},{"geometry":{"coordinates":[-75.1424,38.73731],"type":"Point"},"properties":{"kind":"stop","name":"DEL RT 1 AT PELICAN SQUARE SC","stop_id":"3837"},"type":"Feature"},{"geometry":{"coordinates":[-75.59248,38.60271],"type":"Point"},"properties":{"kind":"stop","name":"SEAFORD ROAD @ ONEALS RD SOUTH","stop_id":"3839"},"type":"Feature"},{"geometry":{"coordinates":[-75.54137,39.19444],"type":"Point"},"properties":{"kind":"stop","name":"US RT 13 & DOVER MALL ENT 1","stop_id":"384"},"type":"Feature"},{"geometry":{"coordinates":[-75.59218,38.60254],"type":"Point"},"properties":{"kind":"stop","name":"SEAFORD RD @ ONEALS RD NORTH","stop_id":"3840"},"type":"Feature"},{"geometry":{"coordinates":[-75.54618,39.74643],"type":"Point"},"properties":{"kind":"stop","name":"KING ST @ 11TH ST","stop_id":"3841"},"type":"Feature"},{"geometry":{"coordinates":[-75.56065,39.73525],"type":"Point"},"properties":{"kind":"stop","name":"JUSTISON ST @ HOLLINGSWORTH AVE","stop_id":"3843"},"type":"Feature"},{"geometry":{"coordinates":[-75.56059,39.73552],"type":"Point"},"properties":{"kind":"stop","name":"JUSTISON ST @ HOLLINGSWORTH AVE","stop_id":"3844"},"type":"Feature"},{"geometry":{"coordinates":[-75.63941,39.65996],"type":"Point"},"properties":{"kind":"stop","name":"APPLEBY RD @ WINBURNE DR","stop_id":"3847"},"type":"Feature"},{"geometry":{"coordinates":[-75.53005,39.15885],"type":"Point"},"properties":{"kind":"stop","name":"QUEEN ST @ REED ST NB","stop_id":"3849"},"type":"Feature"},{"geometry":{"coordinates":[-75.5401,39.18799],"type":"Point"},"properties":{"kind":"stop","name":"DELAWARE STATE UNIVERSITY","stop_id":"385"},"type":"Feature"},{"geometry":{"coordinates":[-75.5473,39.74541],"type":"Point"},"properties":{"kind":"stop","name":"10TH ST @ KING ST (RODNEY SQUARE)","stop_id":"3851"},"type":"Feature"},{"geometry":{"coordinates":[-75.16985,38.74818],"type":"Point"},"properties":{"kind":"stop","name":"LEWES TRANSIT CENTER","stop_id":"3852"},"type":"Feature"},{"geometry":{"coordinates":[-75.31376,38.78368],"type":"Point"},"properties":{"kind":"stop","name":"UNION ST @ BAY RD","stop_id":"3853"},"type":"Feature"},{"geometry":{"coordinates":[-75.42022,38.80717],"type":"Point"},"properties":{"kind":"stop","name":"DEL RT 16 @ PONDER AVE WB","stop_id":"3854"},"type":"Feature"},{"geometry":{"coordinates":[-75.72739,39.64274],"type":"Point"},"properties":{"kind":"stop","name":"OLD BALTIMORE PIKE @ WORD OF LIFE","stop_id":"3859"},"type":"Feature"},{"geometry":{"coordinates":[-75.54767,39.74787],"type":"Point"},"properties":{"kind":"stop","name":"12TH ST @ ORANGE ST","stop_id":"3860"},"type":"Feature"},{"geometry":{"coordinates":[-75.5501,39.74663],"type":"Point"},"properties":{"kind":"stop","name":"DELAWARE AVE @ TATNALL ST","stop_id":"3861"},"type":"Feature"},{"geometry":{"coordinates":[-75.55243,39.7388],"type":"Point"},"properties":{"kind":"stop","name":"MARKET ST @ 2ND ST","stop_id":"3862"},"type":"Feature"},{"geometry":{"coordinates":[-75.55806,39.73748],"type":"Point"},"properties":{"kind":"stop","name":"WEST ST @ BARCLAYS WB","stop_id":"3863"},"type":"Feature"},{"geometry":{"coordinates":[-75.68454,39.68412],"type":"Point"},"properties":{"kind":"stop","name":"DE 4 @ BROOKBEND DR","stop_id":"3872"},"type":"Feature"},{"geometry":{"coordinates":[-75.68943,39.73934],"type":"Point"},"properties":{"kind":"stop","name":"NEW LINDEN HILL RD @ LIMESTONE RD","stop_id":"3873"},"type":"Feature"},{"geometry":{"coordinates":[-75.58174,39.73138],"type":"Point"},"properties":{"kind":"stop","name":"MARYLAND AVE @ RACE ST","stop_id":"3875"},"type":"Feature"},{"geometry":{"coordinates":[-75.66857,39.69368],"type":"Point"},"properties":{"kind":"stop","name":"DE RT 4 @ DELAWARE PARK","stop_id":"3880"},"type":"Feature"},{"geometry":{"coordinates":[-75.63309,38.64801],"type":"Point"},"properties":{"kind":"stop","name":"TULL ST AT SUSSEX AVE MEADOW BRIDGE APTS","stop_id":"3881"},"type":"Feature"},{"geometry":{"coordinates":[-75.58549,38.55744],"type":"Point"},"properties":{"kind":"stop","name":"GREENE AVE @ 6TH ST WEXFORD VILLAGE","stop_id":"3884"},"type":"Feature"},{"geometry":{"coordinates":[-75.56591,39.75302],"type":"Point"},"properties":{"kind":"stop","name":"DUPONT ST @ 10TH ST","stop_id":"3885"},"type":"Feature"},{"geometry":{"coordinates":[-75.60018,39.72381],"type":"Point"},"properties":{"kind":"stop","name":"BOXWOOD RD @ BOXWOOD AVE","stop_id":"3886"},"type":"Feature"},{"geometry":{"coordinates":[-75.66233,39.63563],"type":"Point"},"properties":{"kind":"stop","name":"SONGSMITH DR @ OP CARVEL LN","stop_id":"3889"},"type":"Feature"},{"geometry":{"coordinates":[-75.29216,38.58783],"type":"Point"},"properties":{"kind":"stop","name":"MONROE ST AT BRANDYWINE VILLAGE APTS","stop_id":"3895"},"type":"Feature"},{"geometry":{"coordinates":[-75.62205,38.64331],"type":"Point"},"properties":{"kind":"stop","name":"FZ: LOCUST ST BTWN SHIPLEY ST AND BRADFORD ST","stop_id":"3897"},"type":"Feature"},{"geometry":{"coordinates":[-75.61621,38.63942],"type":"Point"},"properties":{"kind":"stop","name":"FZ: PA AVE/HIGH ST BTWN BRADFORD ST AND CANNON ST CONNECTION","stop_id":"3898"},"type":"Feature"},{"geometry":{"coordinates":[-75.6122,38.64089],"type":"Point"},"properties":{"kind":"stop","name":"FZ: PA AVE/HIGH ST BTWN BRADFORD ST AND CANNON ST OP LARED","stop_id":"3899"},"type":"Feature"},{"geometry":{"coordinates":[-75.50227,39.76405],"type":"Point"},"properties":{"kind":"stop","name":"BRANDYWINE BLVD @ LINDAMERE ENT","stop_id":"39"},"type":"Feature"},{"geometry":{"coordinates":[-75.52889,39.16255],"type":"Point"},"properties":{"kind":"stop","name":"GOVERNORS AVE & FULTON ST","stop_id":"390"},"type":"Feature"},{"geometry":{"coordinates":[-75.58311,38.55773],"type":"Point"},"properties":{"kind":"stop","name":"WEST 6TH ST @ CROCKETT AVE HOPE HOUSE 1 & 2","stop_id":"3900"},"type":"Feature"},{"geometry":{"coordinates":[-75.58371,38.55596],"type":"Point"},"properties":{"kind":"stop","name":"WEST 7TH ST @ CROCKETT AVE LITTLE CREEK APTS","stop_id":"3901"},"type":"Feature"},{"geometry":{"coordinates":[-75.57248,38.55034],"type":"Point"},"properties":{"kind":"stop","name":"FZ: 10TH ST BTWN  POPLAR ST AND WEST ST","stop_id":"3902"},"type":"Feature"},{"geometry":{"coordinates":[-75.55663,38.54918],"type":"Point"},"properties":{"kind":"stop","name":"US RT 13 @ NATIONAL BLVD YODER OVERHEAD DOOR CO","stop_id":"3904"},"type":"Feature"},{"geometry":{"coordinates":[-75.55616,38.54933],"type":"Point"},"properties":{"kind":"stop","name":"US RT 13 @ TRUSSUM POND RD JOHNNY JANOSIK","stop_id":"3905"},"type":"Feature"},{"geometry":{"coordinates":[-75.57032,38.56629],"type":"Point"},"properties":{"kind":"stop","name":"WILSON ST @ DANIELS ST OPPOSITE CARVEL GARDENS","stop_id":"3906"},"type":"Feature"},{"geometry":{"coordinates":[-75.57021,38.56646],"type":"Point"},"properties":{"kind":"stop","name":"WILSON ST @ DANIELS ST CARVEL GARDENS","stop_id":"3907"},"type":"Feature"},{"geometry":{"coordinates":[-75.19127,38.74182],"type":"Point"},"properties":{"kind":"stop","name":"US RT 9 OPPOSITE THE VINEYARDS SOCIAL SECURITY EB","stop_id":"3908"},"type":"Feature"},{"geometry":{"coordinates":[-75.19093,38.74213],"type":"Point"},"properties":{"kind":"stop","name":"US RT 9 @ THE VINEYARDS SOCIAL SECURITY WB","stop_id":"3909"},"type":"Feature"},{"geometry":{"coordinates":[-75.56282,39.75758],"type":"Point"},"properties":{"kind":"stop","name":"DUPONT ST @ 16TH ST","stop_id":"3912"},"type":"Feature"},{"geometry":{"coordinates":[-75.56157,39.7568],"type":"Point"},"properties":{"kind":"stop","name":"CLAYTON @ DELAWARE AVE","stop_id":"3913"},"type":"Feature"},{"geometry":{"coordinates":[-75.72856,39.67529],"type":"Point"},"properties":{"kind":"stop","name":"MARROWS RD @ KIMBERTON DR","stop_id":"3916"},"type":"Feature"},{"geometry":{"coordinates":[-75.54179,39.72964],"type":"Point"},"properties":{"kind":"stop","name":"A ST @ S. CLAYMONT ST","stop_id":"3918"},"type":"Feature"},{"geometry":{"coordinates":[-75.62468,39.75437],"type":"Point"},"properties":{"kind":"stop","name":"CENTERVILLE RD @ 2710","stop_id":"3919"},"type":"Feature"},{"geometry":{"coordinates":[-75.10689,38.71196],"type":"Point"},"properties":{"kind":"stop","name":"REHOBOTH P-N-R @ COUNTRY CLUB RD","stop_id":"392"},"type":"Feature"},{"geometry":{"coordinates":[-75.62471,39.75319],"type":"Point"},"properties":{"kind":"stop","name":"CENTERVILLE RD @ TURNSTONE DR","stop_id":"3920"},"type":"Feature"},{"geometry":{"coordinates":[-75.54182,39.72984],"type":"Point"},"properties":{"kind":"stop","name":"A ST @ S. CLAYMONT ST","stop_id":"3921"},"type":"Feature"},{"geometry":{"coordinates":[-75.57601,38.55045],"type":"Point"},"properties":{"kind":"stop","name":"FZ: 10TH ST BTWN  POPLAR ST AND WEST ST","stop_id":"3922"},"type":"Feature"},{"geometry":{"coordinates":[-75.55012,39.74975],"type":"Point"},"properties":{"kind":"stop","name":"WASHINGTON ST @ OP 13TH ST","stop_id":"3926"},"type":"Feature"},{"geometry":{"coordinates":[-75.53473,39.15391],"type":"Point"},"properties":{"kind":"stop","name":"EDEN HILL MED CTR","stop_id":"3927"},"type":"Feature"},{"geometry":{"coordinates":[-75.08357,38.71576],"type":"Point"},"properties":{"kind":"stop","name":"REHOBOTH AVE OP CITY HALL","stop_id":"393"},"type":"Feature"},{"geometry":{"coordinates":[-75.25987,38.6005],"type":"Point"},"properties":{"kind":"stop","name":"MOUNTAIRE FARMS","stop_id":"3931"},"type":"Feature"},{"geometry":{"coordinates":[-75.55165,39.73968],"type":"Point"},"properties":{"kind":"stop","name":"MARKET ST @ 3RD","stop_id":"3932"},"type":"Feature"},{"geometry":{"coordinates":[-75.54973,39.74256],"type":"Point"},"properties":{"kind":"stop","name":"MARKET ST @ 7TH NB","stop_id":"3933"},"type":"Feature"},{"geometry":{"coordinates":[-75.54836,39.74473],"type":"Point"},"properties":{"kind":"stop","name":"MARKET ST @ 9TH ST","stop_id":"3934"},"type":"Feature"},{"geometry":{"coordinates":[-75.54976,39.74273],"type":"Point"},"properties":{"kind":"stop","name":"MARKET ST @ 7TH ST","stop_id":"3935"},"type":"Feature"},{"geometry":{"coordinates":[-75.57047,39.74619],"type":"Point"},"properties":{"kind":"stop","name":"2ND ST @ N. DUPONT ST","stop_id":"3938"},"type":"Feature"},{"geometry":{"coordinates":[-75.12836,38.72767],"type":"Point"},"properties":{"kind":"stop","name":"DE RT 1 OP OLD LANDING RD","stop_id":"3939"},"type":"Feature"},{"geometry":{"coordinates":[-75.077,38.71663],"type":"Point"},"properties":{"kind":"stop","name":"REHOBOTH AVE & BOARDWALK","stop_id":"394"},"type":"Feature"},{"geometry":{"coordinates":[-75.68493,39.39811],"type":"Point"},"properties":{"kind":"stop","name":"SUMMIT BRIDGE RD @ MAIN ST","stop_id":"3940"},"type":"Feature"},{"geometry":{"coordinates":[-75.68466,39.39815],"type":"Point"},"properties":{"kind":"stop","name":"SUMMIT BRIDGE RD @ PINE TREE RD","stop_id":"3942"},"type":"Feature"},{"geometry":{"coordinates":[-75.607,39.66323],"type":"Point"},"properties":{"kind":"stop","name":"DUPONT HWY @ OP QUIGLEY BLVD","stop_id":"3945"},"type":"Feature"},{"geometry":{"coordinates":[-75.42311,38.92216],"type":"Point"},"properties":{"kind":"stop","name":"PERDUE MILFORD","stop_id":"3946"},"type":"Feature"},{"geometry":{"coordinates":[-75.72739,39.66934],"type":"Point"},"properties":{"kind":"stop","name":"MARROWS RD @ OP BASEBALL FIELD","stop_id":"3947"},"type":"Feature"},{"geometry":{"coordinates":[-75.72757,39.6694],"type":"Point"},"properties":{"kind":"stop","name":"MARROWS RD @ BASEBALL FIELD","stop_id":"3948"},"type":"Feature"},{"geometry":{"coordinates":[-75.42327,38.92205],"type":"Point"},"properties":{"kind":"stop","name":"REHOBOTH BLVD OP PERDUE","stop_id":"3949"},"type":"Feature"},{"geometry":{"coordinates":[-75.08349,38.71604],"type":"Point"},"properties":{"kind":"stop","name":"REHOBOTH AVE & CITY HALL","stop_id":"395"},"type":"Feature"},{"geometry":{"coordinates":[-75.11874,38.78087],"type":"Point"},"properties":{"kind":"stop","name":"DRBA FERRY TERMINAL","stop_id":"3950"},"type":"Feature"},{"geometry":{"coordinates":[-75.51985,39.19164],"type":"Point"},"properties":{"kind":"stop","name":"PERSIMMON CIRCLE @ PERSIMMON TREE LANE","stop_id":"3951"},"type":"Feature"},{"geometry":{"coordinates":[-75.52786,39.18278],"type":"Point"},"properties":{"kind":"stop","name":"LEIPSEC ROAD @ HOME DEPOT","stop_id":"3953"},"type":"Feature"},{"geometry":{"coordinates":[-75.14342,38.73839],"type":"Point"},"properties":{"kind":"stop","name":"DEL RT 1 @ WELLS FARGO BANK","stop_id":"3954"},"type":"Feature"},{"geometry":{"coordinates":[-75.60202,38.66265],"type":"Point"},"properties":{"kind":"stop","name":"NANTICOKE HEALTH PAV","stop_id":"3955"},"type":"Feature"},{"geometry":{"coordinates":[-75.09743,38.71063],"type":"Point"},"properties":{"kind":"stop","name":"DEL RT 1 & OYSTER HOUSE ROAD","stop_id":"3956"},"type":"Feature"},{"geometry":{"coordinates":[-75.13263,38.78033],"type":"Point"},"properties":{"kind":"stop","name":"SAVANNAH RD @ HENLOPEN DR","stop_id":"3958"},"type":"Feature"},{"geometry":{"coordinates":[-75.09879,38.71098],"type":"Point"},"properties":{"kind":"stop","name":"DEL RT 1 & PHILLIPS ST","stop_id":"396"},"type":"Feature"},{"geometry":{"coordinates":[-75.38143,38.66718],"type":"Point"},"properties":{"kind":"stop","name":"GEORGETOWN PROBATION & PAROLE","stop_id":"3962"},"type":"Feature"},{"geometry":{"coordinates":[-75.38248,38.69797],"type":"Point"},"properties":{"kind":"stop","name":"PERDUE GEORGETOWN","stop_id":"3963"},"type":"Feature"},{"geometry":{"coordinates":[-75.60814,39.68747],"type":"Point"},"properties":{"kind":"stop","name":"COMMONS BLVD @ READS WAY","stop_id":"3968"},"type":"Feature"},{"geometry":{"coordinates":[-75.08969,38.707],"type":"Point"},"properties":{"kind":"stop","name":"DEL RT 1 & REHOBOTH BEACH HOUSE","stop_id":"397"},"type":"Feature"},{"geometry":{"coordinates":[-75.55016,39.74687],"type":"Point"},"properties":{"kind":"stop","name":"10TH ST @ TATNALL ST","stop_id":"3970"},"type":"Feature"},{"geometry":{"coordinates":[-75.53994,39.13237],"type":"Point"},"properties":{"kind":"stop","name":"WEBBS LN OP ALDER RD","stop_id":"3972"},"type":"Feature"},{"geometry":{"coordinates":[-75.53997,39.13253],"type":"Point"},"properties":{"kind":"stop","name":"WEBBS LN @ ALDER RD","stop_id":"3973"},"type":"Feature"},{"geometry":{"coordinates":[-75.54516,39.74786],"type":"Point"},"properties":{"kind":"stop","name":"KING ST @ 13TH ST","stop_id":"3974"},"type":"Feature"},{"geometry":{"coordinates":[-75.45185,38.93545],"type":"Point"},"properties":{"kind":"stop","name":"BOYS & GIRLS CLUB MILFORD","stop_id":"3975"},"type":"Feature"},{"geometry":{"coordinates":[-75.43117,38.92284],"type":"Point"},"properties":{"kind":"stop","name":"CHURCH ST AT BRIGHT WAY","stop_id":"3976"},"type":"Feature"},{"geometry":{"coordinates":[-75.43194,38.91697],"type":"Point"},"properties":{"kind":"stop","name":"CHURCH ST AT NW 5TH ST","stop_id":"3977"},"type":"Feature"},{"geometry":{"coordinates":[-75.08196,38.70181],"type":"Point"},"properties":{"kind":"stop","name":"DEL RT 1 @ THE DUNES MOTEL","stop_id":"398"},"type":"Feature"},{"geometry":{"coordinates":[-75.43276,38.90792],"type":"Point"},"properties":{"kind":"stop","name":"MILFORD WELLNESS VILLAGE","stop_id":"3982"},"type":"Feature"},{"geometry":{"coordinates":[-75.53243,39.12703],"type":"Point"},"properties":{"kind":"stop","name":"RODNEY VILLAGE SHOPPING CENTER","stop_id":"3984"},"type":"Feature"},{"geometry":{"coordinates":[-75.66802,39.6936],"type":"Point"},"properties":{"kind":"stop","name":"DE 4 & DELAWARE PARK DR","stop_id":"3987"},"type":"Feature"},{"geometry":{"coordinates":[-75.07647,38.69801],"type":"Point"},"properties":{"kind":"stop","name":"DEL RT 1 @ HOUSTON ST","stop_id":"399"},"type":"Feature"},{"geometry":{"coordinates":[-75.52322,39.76475],"type":"Point"},"properties":{"kind":"stop","name":"LEA BLVD @ WASHINGTON ST","stop_id":"3999"},"type":"Feature"},{"geometry":{"coordinates":[-75.54663,39.74613],"type":"Point"},"properties":{"kind":"stop","name":"11TH ST @ KING ST (RODNEY SQUARE)","stop_id":"4"},"type":"Feature"},{"geometry":{"coordinates":[-75.50105,39.76527],"type":"Point"},"properties":{"kind":"stop","name":"BRANDYWINE BLVD @ MAPLE AVE","stop_id":"40"},"type":"Feature"},{"geometry":{"coordinates":[-75.55788,39.72829],"type":"Point"},"properties":{"kind":"stop","name":"JUDY JOHNSON DR @ ORANGE ST","stop_id":"4000"},"type":"Feature"},{"geometry":{"coordinates":[-75.5231,39.7649],"type":"Point"},"properties":{"kind":"stop","name":"LEA BLVD @ WASHINGTON ST","stop_id":"4001"},"type":"Feature"},{"geometry":{"coordinates":[-75.52622,39.76638],"type":"Point"},"properties":{"kind":"stop","name":"LEA BLVD @ W MATSON RUN PKWY","stop_id":"4002"},"type":"Feature"},{"geometry":{"coordinates":[-75.71751,39.66595],"type":"Point"},"properties":{"kind":"stop","name":"CHESTNUT HILL RD @ CHESTNUT CROSSING DR","stop_id":"4003"},"type":"Feature"},{"geometry":{"coordinates":[-75.59758,39.673],"type":"Point"},"properties":{"kind":"stop","name":"DUPONT HWY @ OP SCHOOL LA","stop_id":"4004"},"type":"Feature"},{"geometry":{"coordinates":[-75.55266,39.74093],"type":"Point"},"properties":{"kind":"stop","name":"4TH ST @ ORANGE ST","stop_id":"4005"},"type":"Feature"},{"geometry":{"coordinates":[-75.63135,39.6247],"type":"Point"},"properties":{"kind":"stop","name":"AMAZON (ILG1) OP BLDG","stop_id":"4006"},"type":"Feature"},{"geometry":{"coordinates":[-75.71549,39.60753],"type":"Point"},"properties":{"kind":"stop","name":"WRANGLE HILL RD @ PULASKI HWY","stop_id":"4007"},"type":"Feature"},{"geometry":{"coordinates":[-75.71533,39.60878],"type":"Point"},"properties":{"kind":"stop","name":"SUNSET LAKE RD @ PULASKI HWY","stop_id":"4008"},"type":"Feature"},{"geometry":{"coordinates":[-75.0749,38.69199],"type":"Point"},"properties":{"kind":"stop","name":"DEL RT 1 & READ ST","stop_id":"401"},"type":"Feature"},{"geometry":{"coordinates":[-75.39088,38.88526],"type":"Point"},"properties":{"kind":"stop","name":"BAYHEALTH CAMPUS MAIN HOSPITAL","stop_id":"4013"},"type":"Feature"},{"geometry":{"coordinates":[-75.39085,38.88514],"type":"Point"},"properties":{"kind":"stop","name":"BAYHEALTH CAMPUS NEMOURS PEDIATRIC","stop_id":"4014"},"type":"Feature"},{"geometry":{"coordinates":[-75.7292,39.63992],"type":"Point"},"properties":{"kind":"stop","name":"DE 72 @ OLD BALTIMORE PK","stop_id":"4015"},"type":"Feature"},{"geometry":{"coordinates":[-75.73,39.64127],"type":"Point"},"properties":{"kind":"stop","name":"DE 72 @ OLD BALTIMORE PK","stop_id":"4016"},"type":"Feature"},{"geometry":{"coordinates":[-75.68074,39.62367],"type":"Point"},"properties":{"kind":"stop","name":"US RT 40 @ ELIZABETH PLAZA","stop_id":"4017"},"type":"Feature"},{"geometry":{"coordinates":[-75.67704,39.62515],"type":"Point"},"properties":{"kind":"stop","name":"US RT 40 @ ROCKWOOD RD","stop_id":"4018"},"type":"Feature"},{"geometry":{"coordinates":[-75.75262,39.66381],"type":"Point"},"properties":{"kind":"stop","name":"S COLLEGE AVE @ DISCOVERY BLVD","stop_id":"4019"},"type":"Feature"},{"geometry":{"coordinates":[-75.07459,38.68942],"type":"Point"},"properties":{"kind":"stop","name":"DEL RT 1 & RUDDERTOWN","stop_id":"402"},"type":"Feature"},{"geometry":{"coordinates":[-75.63166,39.7396],"type":"Point"},"properties":{"kind":"stop","name":"GREENBANK RD @ RAILROAD EAST","stop_id":"4022"},"type":"Feature"},{"geometry":{"coordinates":[-75.63202,39.73965],"type":"Point"},"properties":{"kind":"stop","name":"GREENBANK RD @ RAILROAD WEST","stop_id":"4023"},"type":"Feature"},{"geometry":{"coordinates":[-75.40523,38.69847],"type":"Point"},"properties":{"kind":"stop","name":"SEASHORE HWY @ OPP DEL TECH","stop_id":"4024"},"type":"Feature"},{"geometry":{"coordinates":[-75.31109,38.71655],"type":"Point"},"properties":{"kind":"stop","name":"US RT 9 @ EMERSON WAY","stop_id":"4025"},"type":"Feature"},{"geometry":{"coordinates":[-75.53366,39.12519],"type":"Point"},"properties":{"kind":"stop","name":"POW/MIA PKWY @ RODNEY VILLAGE S","stop_id":"4026"},"type":"Feature"},{"geometry":{"coordinates":[-75.53453,39.12572],"type":"Point"},"properties":{"kind":"stop","name":"POW/MIA PKWY @ CHARLES POLK","stop_id":"4027"},"type":"Feature"},{"geometry":{"coordinates":[-75.53965,39.14936],"type":"Point"},"properties":{"kind":"stop","name":"POW/MIA PKWY @ EDEN PARK N","stop_id":"4028"},"type":"Feature"},{"geometry":{"coordinates":[-75.53999,39.14921],"type":"Point"},"properties":{"kind":"stop","name":"POW/MIA PKWY @ EDEN PARK S","stop_id":"4029"},"type":"Feature"},{"geometry":{"coordinates":[-75.07464,38.69269],"type":"Point"},"properties":{"kind":"stop","name":"DEL RT 1 & MCKINLEY AVE","stop_id":"403"},"type":"Feature"},{"geometry":{"coordinates":[-75.67425,39.66743],"type":"Point"},"properties":{"kind":"stop","name":"LAWRENCE DR @ CHAPMAN RD","stop_id":"4030"},"type":"Feature"},{"geometry":{"coordinates":[-75.65399,39.66071],"type":"Point"},"properties":{"kind":"stop","name":"CHRISTIANA RD @ OPP 273/7 P&R","stop_id":"4031"},"type":"Feature"},{"geometry":{"coordinates":[-75.43734,38.80671],"type":"Point"},"properties":{"kind":"stop","name":"SR 16 @ US 113","stop_id":"4032"},"type":"Feature"},{"geometry":{"coordinates":[-75.57315,39.66395],"type":"Point"},"properties":{"kind":"stop","name":"DELAWARE ST @ OP 10TH ST","stop_id":"4035"},"type":"Feature"},{"geometry":{"coordinates":[-75.5732,39.66377],"type":"Point"},"properties":{"kind":"stop","name":"DELAWARE ST @ 10TH ST","stop_id":"4036"},"type":"Feature"},{"geometry":{"coordinates":[-75.55836,38.46057],"type":"Point"},"properties":{"kind":"stop","name":"US 13 @ DELMAR BUSINESS PARK","stop_id":"4037"},"type":"Feature"},{"geometry":{"coordinates":[-75.44148,38.92032],"type":"Point"},"properties":{"kind":"stop","name":"E MASTEN CIR @ BRANDYWINE COUN","stop_id":"4038"},"type":"Feature"},{"geometry":{"coordinates":[-75.4393,38.91944],"type":"Point"},"properties":{"kind":"stop","name":"US 113 @ PLAZA AT MILFORD","stop_id":"4039"},"type":"Feature"},{"geometry":{"coordinates":[-75.55616,39.72891],"type":"Point"},"properties":{"kind":"stop","name":"MARKET ST @ NEW SWEDEN ST","stop_id":"4042"},"type":"Feature"},{"geometry":{"coordinates":[-75.66195,39.70776],"type":"Point"},"properties":{"kind":"stop","name":"DELAWARE PARK @ STABLES","stop_id":"4043"},"type":"Feature"},{"geometry":{"coordinates":[-75.57422,39.65885],"type":"Point"},"properties":{"kind":"stop","name":"7TH ST-NC @ OPP THE GARRISON APTS","stop_id":"4044"},"type":"Feature"},{"geometry":{"coordinates":[-75.5736,39.65898],"type":"Point"},"properties":{"kind":"stop","name":"7TH ST-NC @ THE GARRISON APTS","stop_id":"4045"},"type":"Feature"},{"geometry":{"coordinates":[-75.56643,39.66378],"type":"Point"},"properties":{"kind":"stop","name":"CHESTNUT ST @ RIVER PLAZA SHOP CTR","stop_id":"4046"},"type":"Feature"},{"geometry":{"coordinates":[-75.58138,39.6644],"type":"Point"},"properties":{"kind":"stop","name":"FRENCHTOWN RD @ BELLANCA RD","stop_id":"4047"},"type":"Feature"},{"geometry":{"coordinates":[-75.57753,39.66401],"type":"Point"},"properties":{"kind":"stop","name":"DELAWARE ST @ WASHINGTON ST","stop_id":"4048"},"type":"Feature"},{"geometry":{"coordinates":[-75.56621,39.66369],"type":"Point"},"properties":{"kind":"stop","name":"CHESTNUT ST @ OPP RIVER PLAZA SHOP CTR","stop_id":"4049"},"type":"Feature"},{"geometry":{"coordinates":[-75.07506,38.69583],"type":"Point"},"properties":{"kind":"stop","name":"DEL RT 1 & SAULSBURY ST","stop_id":"405"},"type":"Feature"},{"geometry":{"coordinates":[-75.5494,39.73716],"type":"Point"},"properties":{"kind":"stop","name":"WILMINGTON TC (INSIDE)","stop_id":"4050"},"type":"Feature"},{"geometry":{"coordinates":[-75.54972,39.7374],"type":"Point"},"properties":{"kind":"stop","name":"WILMINGTON TC (OUTSIDE)","stop_id":"4051"},"type":"Feature"},{"geometry":{"coordinates":[-75.73351,39.65379],"type":"Point"},"properties":{"kind":"stop","name":"DE 72 @ SCOTTFIELD TURN","stop_id":"4053"},"type":"Feature"},{"geometry":{"coordinates":[-75.73355,39.65322],"type":"Point"},"properties":{"kind":"stop","name":"DE 72 @ BLUE HEN DR","stop_id":"4054"},"type":"Feature"},{"geometry":{"coordinates":[-75.28559,38.72514],"type":"Point"},"properties":{"kind":"stop","name":"FZ: HARBESON RT 9 @ RT 5","stop_id":"4055"},"type":"Feature"},{"geometry":{"coordinates":[-75.71902,39.4566],"type":"Point"},"properties":{"kind":"stop","name":"BROAD ST @ GREENLAWN BLVD","stop_id":"4056"},"type":"Feature"},{"geometry":{"coordinates":[-75.71811,39.45383],"type":"Point"},"properties":{"kind":"stop","name":"FZ-BROAD ST @ SHALLCROSS PL","stop_id":"4057"},"type":"Feature"},{"geometry":{"coordinates":[-75.73588,39.45268],"type":"Point"},"properties":{"kind":"stop","name":"MERRIMAC AVE @ BUNKER HILL RD NB","stop_id":"4058"},"type":"Feature"},{"geometry":{"coordinates":[-75.71724,39.45125],"type":"Point"},"properties":{"kind":"stop","name":"FZ-BROAD ST @ CRAWFORD ST","stop_id":"4059"},"type":"Feature"},{"geometry":{"coordinates":[-75.07908,38.70006],"type":"Point"},"properties":{"kind":"stop","name":"DEL RT 1 & CULLEN ST","stop_id":"406"},"type":"Feature"},{"geometry":{"coordinates":[-75.71473,39.44861],"type":"Point"},"properties":{"kind":"stop","name":"FZ-GREEN ST @ COX ST","stop_id":"4060"},"type":"Feature"},{"geometry":{"coordinates":[-75.74143,39.44284],"type":"Point"},"properties":{"kind":"stop","name":"MIDDLETOWN-WARWICK RD @ MERRIMAC AVE","stop_id":"4061"},"type":"Feature"},{"geometry":{"coordinates":[-75.55568,39.72748],"type":"Point"},"properties":{"kind":"stop","name":"MARKET ST @ NEW SWEDEN ST FIELDHOUSE","stop_id":"4062"},"type":"Feature"},{"geometry":{"coordinates":[-75.71241,39.44927],"type":"Point"},"properties":{"kind":"stop","name":"CATHERINE ST @ MAIN ST","stop_id":"4063"},"type":"Feature"},{"geometry":{"coordinates":[-75.74,39.4447],"type":"Point"},"properties":{"kind":"stop","name":"MERRIMAC AVE @ COMMERCE DR","stop_id":"4064"},"type":"Feature"},{"geometry":{"coordinates":[-75.73595,39.45287],"type":"Point"},"properties":{"kind":"stop","name":"MERRIMAC AVE @ BUNKER HILL RD SB","stop_id":"4065"},"type":"Feature"},{"geometry":{"coordinates":[-75.56411,39.73031],"type":"Point"},"properties":{"kind":"stop","name":"SHIPYARD DR @ PETTINARO PARK DR","stop_id":"4066"},"type":"Feature"},{"geometry":{"coordinates":[-75.56369,39.73235],"type":"Point"},"properties":{"kind":"stop","name":"SHIPYARD DR @ FRAWLEY STADIUM","stop_id":"4067"},"type":"Feature"},{"geometry":{"coordinates":[-75.56446,39.72807],"type":"Point"},"properties":{"kind":"stop","name":"SHIPYARD DR @ JUDY JOHNSON DR","stop_id":"4068"},"type":"Feature"},{"geometry":{"coordinates":[-75.65589,39.68026],"type":"Point"},"properties":{"kind":"stop","name":"CHRISTIANA MALL PARK & RIDE (OUTSIDE)","stop_id":"4069"},"type":"Feature"},{"geometry":{"coordinates":[-75.08609,38.70505],"type":"Point"},"properties":{"kind":"stop","name":"DEL RT 1 & TERRACE RD","stop_id":"407"},"type":"Feature"},{"geometry":{"coordinates":[-75.56348,39.72766],"type":"Point"},"properties":{"kind":"stop","name":"NEW SWEDEN ST @ SHIPYARD DR","stop_id":"4070"},"type":"Feature"},{"geometry":{"coordinates":[-75.5526,39.73272],"type":"Point"},"properties":{"kind":"stop","name":"WALNUT ST @ A ST","stop_id":"4072"},"type":"Feature"},{"geometry":{"coordinates":[-75.62062,39.65176],"type":"Point"},"properties":{"kind":"stop","name":"US RT 40 @ WILTON BLVD","stop_id":"4073"},"type":"Feature"},{"geometry":{"coordinates":[-75.6227,39.65048],"type":"Point"},"properties":{"kind":"stop","name":"US RT 40 @ OP WILTON BLVD","stop_id":"4074"},"type":"Feature"},{"geometry":{"coordinates":[-75.73789,39.45088],"type":"Point"},"properties":{"kind":"stop","name":"MERRIMAC AVE @ SPRING ARBOR DR","stop_id":"4075"},"type":"Feature"},{"geometry":{"coordinates":[-75.08924,38.70713],"type":"Point"},"properties":{"kind":"stop","name":"DEL RT 1 & STATE RD LUXARY MOTORS","stop_id":"408"},"type":"Feature"},{"geometry":{"coordinates":[-75.72897,39.4586],"type":"Point"},"properties":{"kind":"stop","name":"RAMUNNO DR @ ASH BLVD","stop_id":"4080"},"type":"Feature"},{"geometry":{"coordinates":[-75.71611,39.44868],"type":"Point"},"properties":{"kind":"stop","name":"FZ-GREEN ST @ BROAD ST","stop_id":"4081"},"type":"Feature"},{"geometry":{"coordinates":[-75.71697,39.45107],"type":"Point"},"properties":{"kind":"stop","name":"FZ-BROAD ST @ CRAWFORD ST","stop_id":"4082"},"type":"Feature"},{"geometry":{"coordinates":[-75.71785,39.45372],"type":"Point"},"properties":{"kind":"stop","name":"FZ-BROAD ST @ SHALLCROSS PL","stop_id":"4084"},"type":"Feature"},{"geometry":{"coordinates":[-75.71931,39.45808],"type":"Point"},"properties":{"kind":"stop","name":"BROAD ST @ GREENLAWN BLVD","stop_id":"4085"},"type":"Feature"},{"geometry":{"coordinates":[-75.75229,39.66388],"type":"Point"},"properties":{"kind":"stop","name":"S COLLEGE AVE @ OPP DISCOVERY BLVD","stop_id":"4086"},"type":"Feature"},{"geometry":{"coordinates":[-75.72416,39.45948],"type":"Point"},"properties":{"kind":"stop","name":"ASH BLVD @ FOXTAIL LA","stop_id":"4087"},"type":"Feature"},{"geometry":{"coordinates":[-75.72923,39.45708],"type":"Point"},"properties":{"kind":"stop","name":"FZ-RAMUNNO DR @ LISA LA","stop_id":"4088"},"type":"Feature"},{"geometry":{"coordinates":[-75.72913,39.45397],"type":"Point"},"properties":{"kind":"stop","name":"FZ-RAMUNNO DR @ LOUIS LA","stop_id":"4089"},"type":"Feature"},{"geometry":{"coordinates":[-75.09904,38.71144],"type":"Point"},"properties":{"kind":"stop","name":"DEL RT 1 & CHURCH ST","stop_id":"409"},"type":"Feature"},{"geometry":{"coordinates":[-75.72961,39.45163],"type":"Point"},"properties":{"kind":"stop","name":"FZ-SANDHILL DR @ KETLAY PLAZA","stop_id":"4090"},"type":"Feature"},{"geometry":{"coordinates":[-75.63161,39.62468],"type":"Point"},"properties":{"kind":"stop","name":"AMAZON (ILG1)","stop_id":"4093"},"type":"Feature"},{"geometry":{"coordinates":[-75.50658,39.10647],"type":"Point"},"properties":{"kind":"stop","name":"FZ: EAGLE MEADOWS","stop_id":"4094"},"type":"Feature"},{"geometry":{"coordinates":[-75.50695,39.10644],"type":"Point"},"properties":{"kind":"stop","name":"FZ: OP EAGLE MEADOWS","stop_id":"4095"},"type":"Feature"},{"geometry":{"coordinates":[-75.55639,39.77836],"type":"Point"},"properties":{"kind":"stop","name":"NEMOURS CHILDRENS HOSP MAIN ENTRANCE","stop_id":"4096"},"type":"Feature"},{"geometry":{"coordinates":[-75.5747,39.15695],"type":"Point"},"properties":{"kind":"stop","name":"DOVER HIGH SCHOOL","stop_id":"4097"},"type":"Feature"},{"geometry":{"coordinates":[-75.44527,38.98985],"type":"Point"},"properties":{"kind":"stop","name":"FREDERICA PARK N RIDE","stop_id":"4098"},"type":"Feature"},{"geometry":{"coordinates":[-75.53845,39.82955],"type":"Point"},"properties":{"kind":"stop","name":"NAAMANS WB @ BRANDYWINE PKWY","stop_id":"4099"},"type":"Feature"},{"geometry":{"coordinates":[-75.5,39.76632],"type":"Point"},"properties":{"kind":"stop","name":"BRANDYWINE BLVD @ MARION AVE","stop_id":"41"},"type":"Feature"},{"geometry":{"coordinates":[-75.11124,38.71714],"type":"Point"},"properties":{"kind":"stop","name":"DEL RT 1 @ TANGER OUTLETS SEASIDE","stop_id":"410"},"type":"Feature"},{"geometry":{"coordinates":[-75.65473,39.65724],"type":"Point"},"properties":{"kind":"stop","name":"DE 7 @ OP SCHOOL BELL RD","stop_id":"4102"},"type":"Feature"},{"geometry":{"coordinates":[-75.60158,39.69284],"type":"Point"},"properties":{"kind":"stop","name":"COMMONS BLVD @ FED EX SHIP CENTER","stop_id":"4103"},"type":"Feature"},{"geometry":{"coordinates":[-75.59759,39.69145],"type":"Point"},"properties":{"kind":"stop","name":"BASIN RD @ PAUL RD","stop_id":"4104"},"type":"Feature"},{"geometry":{"coordinates":[-75.74428,39.68381],"type":"Point"},"properties":{"kind":"stop","name":"MAIN ST @ POMEROY TR-NEWARK","stop_id":"4105"},"type":"Feature"},{"geometry":{"coordinates":[-75.72256,39.48598],"type":"Point"},"properties":{"kind":"stop","name":"NORTH MIDDLETOWN PARK & RIDE","stop_id":"4106"},"type":"Feature"},{"geometry":{"coordinates":[-75.63971,39.6195],"type":"Point"},"properties":{"kind":"stop","name":"HAMBURG RD @ OUTSIDE TYBOUTS CORNER P&P","stop_id":"4107"},"type":"Feature"},{"geometry":{"coordinates":[-75.48456,39.82232],"type":"Point"},"properties":{"kind":"stop","name":"NAAMANS RD @ OP DARLEY RD WB","stop_id":"4108"},"type":"Feature"},{"geometry":{"coordinates":[-75.50636,39.77772],"type":"Point"},"properties":{"kind":"stop","name":"MARSH RD @ BELLEVUE PARK NB","stop_id":"4109"},"type":"Feature"},{"geometry":{"coordinates":[-75.50671,39.77773],"type":"Point"},"properties":{"kind":"stop","name":"MARSH RD @ BELLEVUE PARK SB","stop_id":"4110"},"type":"Feature"},{"geometry":{"coordinates":[-75.56589,39.67831],"type":"Point"},"properties":{"kind":"stop","name":"MOORES LA @ OP ROGERS MANOR PARK","stop_id":"4111"},"type":"Feature"},{"geometry":{"coordinates":[-75.61356,39.72556],"type":"Point"},"properties":{"kind":"stop","name":"BOXWOOD RD @ OP COPA LN","stop_id":"4112"},"type":"Feature"},{"geometry":{"coordinates":[-75.69143,39.61974],"type":"Point"},"properties":{"kind":"stop","name":"US RT40 @ OP GLASGOW DR","stop_id":"4113"},"type":"Feature"},{"geometry":{"coordinates":[-75.62535,39.73739],"type":"Point"},"properties":{"kind":"stop","name":"KIRKWOOD HWY @ PRICES CORNER CAR WASH","stop_id":"4114"},"type":"Feature"},{"geometry":{"coordinates":[-75.74994,39.65815],"type":"Point"},"properties":{"kind":"stop","name":"DE 896/4 PARK & RIDE (OUTSIDE)","stop_id":"4115"},"type":"Feature"},{"geometry":{"coordinates":[-75.60265,39.75801],"type":"Point"},"properties":{"kind":"stop","name":"LANCASTER PK @ OP BARLEY MILL PLAZA","stop_id":"4117"},"type":"Feature"},{"geometry":{"coordinates":[-75.60249,39.7583],"type":"Point"},"properties":{"kind":"stop","name":"LANCASTER PK @ BARLEY MILL PLAZA","stop_id":"4118"},"type":"Feature"},{"geometry":{"coordinates":[-75.60105,39.76165],"type":"Point"},"properties":{"kind":"stop","name":"CENTRE RD @ BARLEY MILL PLAZA","stop_id":"4119"},"type":"Feature"},{"geometry":{"coordinates":[-75.10742,38.71524],"type":"Point"},"properties":{"kind":"stop","name":"DEL RT 1 @ CVS PHARMACY","stop_id":"412"},"type":"Feature"},{"geometry":{"coordinates":[-75.599,39.76485],"type":"Point"},"properties":{"kind":"stop","name":"CENTRE RD @ OP BARLEY MILL PLAZA","stop_id":"4120"},"type":"Feature"},{"geometry":{"coordinates":[-75.60378,39.75955],"type":"Point"},"properties":{"kind":"stop","name":"CENTRE RD @ LANCASTER PIKE","stop_id":"4121"},"type":"Feature"},{"geometry":{"coordinates":[-75.54441,39.82693],"type":"Point"},"properties":{"kind":"stop","name":"CONCORD PK @ NORTHERN MALL ENT - NB","stop_id":"4123"},"type":"Feature"},{"geometry":{"coordinates":[-75.54736,39.82088],"type":"Point"},"properties":{"kind":"stop","name":"CONCORD PK @ OP SOUTHERN MALL ENT - SB","stop_id":"4124"},"type":"Feature"},{"geometry":{"coordinates":[-75.5516,39.74592],"type":"Point"},"properties":{"kind":"stop","name":"9TH ST @ WEST ST","stop_id":"4125"},"type":"Feature"},{"geometry":{"coordinates":[-75.5435,39.83112],"type":"Point"},"properties":{"kind":"stop","name":"CONCORD PK @ OP CHUBB - NB","stop_id":"4126"},"type":"Feature"},{"geometry":{"coordinates":[-75.73731,39.4406],"type":"Point"},"properties":{"kind":"stop","name":"MERRIMAC AVE @ OPP AMAZON","stop_id":"4127"},"type":"Feature"},{"geometry":{"coordinates":[-75.75134,39.65752],"type":"Point"},"properties":{"kind":"stop","name":"COLLEGE AVE @ DE896/DE 4 P&R (OUTSIDE)","stop_id":"4128"},"type":"Feature"},{"geometry":{"coordinates":[-75.72315,39.44879],"type":"Point"},"properties":{"kind":"stop","name":"INDUSTRIAL DR @ MAIN ST SB","stop_id":"4129"},"type":"Feature"},{"geometry":{"coordinates":[-75.11633,38.71958],"type":"Point"},"properties":{"kind":"stop","name":"DEL RT 1 @ ALDI","stop_id":"413"},"type":"Feature"},{"geometry":{"coordinates":[-75.72297,39.44896],"type":"Point"},"properties":{"kind":"stop","name":"INDUSTRIAL DR @ MAIN ST NB","stop_id":"4130"},"type":"Feature"},{"geometry":{"coordinates":[-75.7289,39.45895],"type":"Point"},"properties":{"kind":"stop","name":"FZ-RAMUNNO DR @ ASH BLVD","stop_id":"4131"},"type":"Feature"},{"geometry":{"coordinates":[-75.15336,38.76103],"type":"Point"},"properties":{"kind":"stop","name":"SAVANNAH RD @ SEWELL LA","stop_id":"4132"},"type":"Feature"},{"geometry":{"coordinates":[-75.1532,38.76091],"type":"Point"},"properties":{"kind":"stop","name":"SAVANNAH RD @ VIKINGS WY","stop_id":"4133"},"type":"Feature"},{"geometry":{"coordinates":[-75.68519,39.45295],"type":"Point"},"properties":{"kind":"stop","name":"SR 299 @ Brick Mill Rd - WB","stop_id":"4135"},"type":"Feature"},{"geometry":{"coordinates":[-75.07532,38.69529],"type":"Point"},"properties":{"kind":"stop","name":"DEL RT 1 @ NEW ORLEANS ST SB","stop_id":"4137"},"type":"Feature"},{"geometry":{"coordinates":[-75.195,38.63202],"type":"Point"},"properties":{"kind":"stop","name":"DEL 24 @ PLAZA DR - EB","stop_id":"4138"},"type":"Feature"},{"geometry":{"coordinates":[-75.19522,38.63203],"type":"Point"},"properties":{"kind":"stop","name":"DEL 24 @ PLAZA DR - WB","stop_id":"4139"},"type":"Feature"},{"geometry":{"coordinates":[-75.12796,38.78037],"type":"Point"},"properties":{"kind":"stop","name":"HENLOPEN DR @ GEORGIA AVE WB","stop_id":"4140"},"type":"Feature"},{"geometry":{"coordinates":[-75.55419,39.7455],"type":"Point"},"properties":{"kind":"stop","name":"8TH ST @ JEFFERSON","stop_id":"4141"},"type":"Feature"},{"geometry":{"coordinates":[-75.44663,39.80385],"type":"Point"},"properties":{"kind":"stop","name":"CLAYMONT TRANSPORTATION CENTER","stop_id":"4142"},"type":"Feature"},{"geometry":{"coordinates":[-75.54445,39.74302],"type":"Point"},"properties":{"kind":"stop","name":"9TH ST @ CLIFFORD BROWN WALK","stop_id":"4143"},"type":"Feature"},{"geometry":{"coordinates":[-75.55145,39.7425],"type":"Point"},"properties":{"kind":"stop","name":"ORANGE ST @ 6TH ST","stop_id":"4144"},"type":"Feature"},{"geometry":{"coordinates":[-75.74411,39.62726],"type":"Point"},"properties":{"kind":"stop","name":"S COLLEGE AVE @ FOUR SEASONS SC","stop_id":"4145"},"type":"Feature"},{"geometry":{"coordinates":[-75.61708,39.69517],"type":"Point"},"properties":{"kind":"stop","name":"HOPE CENTER","stop_id":"4146"},"type":"Feature"},{"geometry":{"coordinates":[-75.66982,39.69267],"type":"Point"},"properties":{"kind":"stop","name":"DE RT 4 @ FAIRPLAY STATION","stop_id":"4147"},"type":"Feature"},{"geometry":{"coordinates":[-75.74116,39.681],"type":"Point"},"properties":{"kind":"stop","name":"DELAWARE AVE @ TYRE AVE","stop_id":"4148"},"type":"Feature"},{"geometry":{"coordinates":[-75.4486,39.80734],"type":"Point"},"properties":{"kind":"stop","name":"PHILADELPHIA PK @ TRANSIT CENTER DR","stop_id":"4149"},"type":"Feature"},{"geometry":{"coordinates":[-75.44848,39.80761],"type":"Point"},"properties":{"kind":"stop","name":"PHILADELPHIA PK @ TRANSIT CENTER DR - SW","stop_id":"4150"},"type":"Feature"},{"geometry":{"coordinates":[-75.44738,39.80798],"type":"Point"},"properties":{"kind":"stop","name":"PHILADELPHIA PK @ TRANSIT CENTER DR - NE","stop_id":"4151"},"type":"Feature"},{"geometry":{"coordinates":[-75.44604,39.80888],"type":"Point"},"properties":{"kind":"stop","name":"PHILADELPHIA PK @ TRANSIT CENTER DR - NW","stop_id":"4152"},"type":"Feature"},{"geometry":{"coordinates":[-75.64005,39.61982],"type":"Point"},"properties":{"kind":"stop","name":"Hamburg Rd @ Op Tybouts Corner P&R","stop_id":"4153"},"type":"Feature"},{"geometry":{"coordinates":[-75.20183,38.61486],"type":"Point"},"properties":{"kind":"stop","name":"Del 24 @ Oak Orchard Rd - EB","stop_id":"4154"},"type":"Feature"},{"geometry":{"coordinates":[-75.20152,38.61541],"type":"Point"},"properties":{"kind":"stop","name":"Del 24 @ Mt Joy Rd - WB","stop_id":"4155"},"type":"Feature"},{"geometry":{"coordinates":[-75.1518,38.71425],"type":"Point"},"properties":{"kind":"stop","name":"Del 24 @ Love Creek Elementary - WB","stop_id":"4156"},"type":"Feature"},{"geometry":{"coordinates":[-75.15173,38.71402],"type":"Point"},"properties":{"kind":"stop","name":"Del24 @ Beacon Middle - EB","stop_id":"4157"},"type":"Feature"},{"geometry":{"coordinates":[-75.67321,39.66648],"type":"Point"},"properties":{"kind":"stop","name":"LAWRENCE DR @ WILKINSON DR","stop_id":"4158"},"type":"Feature"},{"geometry":{"coordinates":[-75.67312,39.66664],"type":"Point"},"properties":{"kind":"stop","name":"LAWRENCE DR @ OP WILKINSON DR","stop_id":"4159"},"type":"Feature"},{"geometry":{"coordinates":[-75.14008,38.73568],"type":"Point"},"properties":{"kind":"stop","name":"DEL RT 1 & TANGER OUTLETS SURFSIDE","stop_id":"416"},"type":"Feature"},{"geometry":{"coordinates":[-75.56552,38.93025],"type":"Point"},"properties":{"kind":"stop","name":"US Rt 13 @ Bayhealth Outpatient Harrington - NB","stop_id":"4160"},"type":"Feature"},{"geometry":{"coordinates":[-75.60215,39.77853],"type":"Point"},"properties":{"kind":"stop","name":"HILLSIDE RD @ AI HIGH SCHOOL","stop_id":"4161"},"type":"Feature"},{"geometry":{"coordinates":[-75.68574,39.45268],"type":"Point"},"properties":{"kind":"stop","name":"SR 299 @ WILLOW GROVE MILL DR -  EB","stop_id":"4162"},"type":"Feature"},{"geometry":{"coordinates":[-75.15828,38.70689],"type":"Point"},"properties":{"kind":"stop","name":"Del24 @ Spencer Ln - WB","stop_id":"4163"},"type":"Feature"},{"geometry":{"coordinates":[-75.15754,38.70742],"type":"Point"},"properties":{"kind":"stop","name":"Del24 @ Williams Way - EB","stop_id":"4164"},"type":"Feature"},{"geometry":{"coordinates":[-75.15445,38.71125],"type":"Point"},"properties":{"kind":"stop","name":"Del24 @ Lexington Ave - WB","stop_id":"4165"},"type":"Feature"},{"geometry":{"coordinates":[-75.15389,38.71158],"type":"Point"},"properties":{"kind":"stop","name":"Del24 @ Op Lexington Ave - EB","stop_id":"4166"},"type":"Feature"},{"geometry":{"coordinates":[-75.70066,39.45042],"type":"Point"},"properties":{"kind":"stop","name":"SR 299 @ DICKENSON BLVD - EB","stop_id":"4167"},"type":"Feature"},{"geometry":{"coordinates":[-75.70294,39.45046],"type":"Point"},"properties":{"kind":"stop","name":"SR 299 @ CLEAVER FARM RD - WB","stop_id":"4168"},"type":"Feature"},{"geometry":{"coordinates":[-75.19065,38.63472],"type":"Point"},"properties":{"kind":"stop","name":"Del RT 23 @ Beebe Health","stop_id":"4169"},"type":"Feature"},{"geometry":{"coordinates":[-75.13079,38.72911],"type":"Point"},"properties":{"kind":"stop","name":"DEL RT 1 @ REHOB MALL","stop_id":"417"},"type":"Feature"},{"geometry":{"coordinates":[-75.62479,39.64349],"type":"Point"},"properties":{"kind":"stop","name":"Schafer Blvd @ Dupont Hwy","stop_id":"4170"},"type":"Feature"},{"geometry":{"coordinates":[-75.37872,38.67656],"type":"Point"},"properties":{"kind":"stop","name":"Bedford St @ Shadow Oak Dr - SB","stop_id":"4171"},"type":"Feature"},{"geometry":{"coordinates":[-75.3787,38.67706],"type":"Point"},"properties":{"kind":"stop","name":"Bedford St @ Shadow Oak Dr - NB","stop_id":"4172"},"type":"Feature"},{"geometry":{"coordinates":[-75.29228,38.58859],"type":"Point"},"properties":{"kind":"stop","name":"Railroad St @ Central Alley","stop_id":"4173"},"type":"Feature"},{"geometry":{"coordinates":[-75.19696,38.62472],"type":"Point"},"properties":{"kind":"stop","name":"Del 24 @ Victoria Landing Rd - EB","stop_id":"4174"},"type":"Feature"},{"geometry":{"coordinates":[-75.19682,38.62609],"type":"Point"},"properties":{"kind":"stop","name":"Del 24 @ Autumn Rd (Far-side) - WB","stop_id":"4175"},"type":"Feature"},{"geometry":{"coordinates":[-75.18928,38.66698],"type":"Point"},"properties":{"kind":"stop","name":"Del 24 @ Hollymount Rd - WB","stop_id":"4176"},"type":"Feature"},{"geometry":{"coordinates":[-75.18796,38.66899],"type":"Point"},"properties":{"kind":"stop","name":"Del 24 @ Sloan Rd - EB","stop_id":"4177"},"type":"Feature"},{"geometry":{"coordinates":[-75.44887,39.81401],"type":"Point"},"properties":{"kind":"stop","name":"Naamans Rd @ Op Tri-State - EB","stop_id":"4178"},"type":"Feature"},{"geometry":{"coordinates":[-75.44839,39.81421],"type":"Point"},"properties":{"kind":"stop","name":"Naamans Rd @ Tri-State - WB","stop_id":"4179"},"type":"Feature"},{"geometry":{"coordinates":[-75.1232,38.72314],"type":"Point"},"properties":{"kind":"stop","name":"DEL RT 1 & THE MARKET PL(SEA SHELL","stop_id":"418"},"type":"Feature"},{"geometry":{"coordinates":[-75.44363,39.81122],"type":"Point"},"properties":{"kind":"stop","name":"Naamans Rd @ Op Ridge Rd - EB","stop_id":"4180"},"type":"Feature"},{"geometry":{"coordinates":[-75.44348,39.81152],"type":"Point"},"properties":{"kind":"stop","name":"Naamans Rd @ Ridge Rd - WB","stop_id":"4181"},"type":"Feature"},{"geometry":{"coordinates":[-75.62372,39.65309],"type":"Point"},"properties":{"kind":"stop","name":"Wilton Blvd @ Old Forge - SB","stop_id":"4182"},"type":"Feature"},{"geometry":{"coordinates":[-75.20394,38.61292],"type":"Point"},"properties":{"kind":"stop","name":"Del 24 @ Riverside Apts - EB","stop_id":"4183"},"type":"Feature"},{"geometry":{"coordinates":[-75.69819,39.61646],"type":"Point"},"properties":{"kind":"stop","name":"US Rt 40 @ Op Becks Woods Medical - EB","stop_id":"4184"},"type":"Feature"},{"geometry":{"coordinates":[-75.42543,38.91492],"type":"Point"},"properties":{"kind":"stop","name":"Front St @ Bicentennial Park - WB","stop_id":"4185"},"type":"Feature"},{"geometry":{"coordinates":[-75.42549,38.91475],"type":"Point"},"properties":{"kind":"stop","name":"Front St @ Bicentennial Park - EB","stop_id":"4186"},"type":"Feature"},{"geometry":{"coordinates":[-75.6834,39.58482],"type":"Point"},"properties":{"kind":"stop","name":"Wrangle Hill Rd @ Red Lion Rd - EB","stop_id":"4187"},"type":"Feature"},{"geometry":{"coordinates":[-75.6837,39.58516],"type":"Point"},"properties":{"kind":"stop","name":"Wrangle Hill Rd @ Red Lion Rd - WB","stop_id":"4188"},"type":"Feature"},{"geometry":{"coordinates":[-75.67853,39.58371],"type":"Point"},"properties":{"kind":"stop","name":"Wrangle Hill Rd @ Connell Dr - EB","stop_id":"4189"},"type":"Feature"},{"geometry":{"coordinates":[-75.67883,39.58396],"type":"Point"},"properties":{"kind":"stop","name":"Wrangle Hill Rd @ Connell Dr - WB","stop_id":"4190"},"type":"Feature"},{"geometry":{"coordinates":[-75.66696,39.58107],"type":"Point"},"properties":{"kind":"stop","name":"Wrangle Hill Rd @ Wilson Blvd - EB","stop_id":"4191"},"type":"Feature"},{"geometry":{"coordinates":[-75.66822,39.58156],"type":"Point"},"properties":{"kind":"stop","name":"Wrangle Hill Rd @ OP Wilson Blvd","stop_id":"4192"},"type":"Feature"},{"geometry":{"coordinates":[-75.63377,39.65551],"type":"Point"},"properties":{"kind":"stop","name":"Wilton Blvd @ Ashton Ln - EB","stop_id":"4193"},"type":"Feature"},{"geometry":{"coordinates":[-75.62826,39.65661],"type":"Point"},"properties":{"kind":"stop","name":"Wilton Blvd @ Bedford Ln - EB","stop_id":"4194"},"type":"Feature"},{"geometry":{"coordinates":[-75.16587,38.70131],"type":"Point"},"properties":{"kind":"stop","name":"Del 24 @ Op Daniels Way - WB","stop_id":"4197"},"type":"Feature"},{"geometry":{"coordinates":[-75.18322,38.67704],"type":"Point"},"properties":{"kind":"stop","name":"Del 24 @ Robinsonville Rd - WB","stop_id":"4198"},"type":"Feature"},{"geometry":{"coordinates":[-75.49854,39.76768],"type":"Point"},"properties":{"kind":"stop","name":"BRANDYWINE BLVD @ BELLEFONTE AVE","stop_id":"42"},"type":"Feature"},{"geometry":{"coordinates":[-75.11808,38.72],"type":"Point"},"properties":{"kind":"stop","name":"DEL RT 1 @ CAMELOT DR (ECONO LODGE)","stop_id":"420"},"type":"Feature"},{"geometry":{"coordinates":[-75.19628,38.6281],"type":"Point"},"properties":{"kind":"stop","name":"Del 24 @ Autumn Rd (Nearside) - WB","stop_id":"4200"},"type":"Feature"},{"geometry":{"coordinates":[-75.18642,38.74381],"type":"Point"},"properties":{"kind":"stop","name":"US Rt 9 @ Nassau Commons Blvd","stop_id":"4202"},"type":"Feature"},{"geometry":{"coordinates":[-75.28448,38.60239],"type":"Point"},"properties":{"kind":"stop","name":"Hollyville Rd @ DEL 24 - WB","stop_id":"4203"},"type":"Feature"},{"geometry":{"coordinates":[-75.28375,38.60257],"type":"Point"},"properties":{"kind":"stop","name":"Del 24 @ Hollyville Rd - EB","stop_id":"4204"},"type":"Feature"},{"geometry":{"coordinates":[-75.18602,38.74378],"type":"Point"},"properties":{"kind":"stop","name":"US Rt 9 @ OP Nassau Commons Blvd","stop_id":"4205"},"type":"Feature"},{"geometry":{"coordinates":[-75.32329,38.71189],"type":"Point"},"properties":{"kind":"stop","name":"US Rt 9 @ Besche Ave","stop_id":"4207"},"type":"Feature"},{"geometry":{"coordinates":[-75.60883,39.6657],"type":"Point"},"properties":{"kind":"stop","name":"Christiana Rd @ Churchmans Rd - Warehouse","stop_id":"4208"},"type":"Feature"},{"geometry":{"coordinates":[-75.50765,39.15143],"type":"Point"},"properties":{"kind":"stop","name":"DOVER BAY COURT PLAZA @ DEPT OF LABOR","stop_id":"4209"},"type":"Feature"},{"geometry":{"coordinates":[-75.10903,38.71549],"type":"Point"},"properties":{"kind":"stop","name":"DEL RT 1 & TANGER OUTLETS BAYSIDE","stop_id":"422"},"type":"Feature"},{"geometry":{"coordinates":[-75.1303,38.72923],"type":"Point"},"properties":{"kind":"stop","name":"DEL RT 1 @ OP REHO MALL","stop_id":"423"},"type":"Feature"},{"geometry":{"coordinates":[-75.15912,38.75555],"type":"Point"},"properties":{"kind":"stop","name":"SAVANNAH RD @ QUAKER RD","stop_id":"424"},"type":"Feature"},{"geometry":{"coordinates":[-75.14878,38.76512],"type":"Point"},"properties":{"kind":"stop","name":"SAVANNAH RD @ US ARMY RESERVE","stop_id":"425"},"type":"Feature"},{"geometry":{"coordinates":[-75.14285,38.77076],"type":"Point"},"properties":{"kind":"stop","name":"SAVANNAH RD @ BEEBE AVE","stop_id":"426"},"type":"Feature"},{"geometry":{"coordinates":[-75.14051,38.77541],"type":"Point"},"properties":{"kind":"stop","name":"MARKET ST @ 2ND ST","stop_id":"427"},"type":"Feature"},{"geometry":{"coordinates":[-75.14256,38.77121],"type":"Point"},"properties":{"kind":"stop","name":"SAVANNAH RD @ BEEBE HOSPITAL","stop_id":"428"},"type":"Feature"},{"geometry":{"coordinates":[-75.14884,38.76528],"type":"Point"},"properties":{"kind":"stop","name":"SAVANNAH RD @ HULING COVE","stop_id":"429"},"type":"Feature"},{"geometry":{"coordinates":[-75.49731,39.76832],"type":"Point"},"properties":{"kind":"stop","name":"BRANDYWINE BLVD @ HIGHLAND AVE","stop_id":"43"},"type":"Feature"},{"geometry":{"coordinates":[-75.15844,38.75639],"type":"Point"},"properties":{"kind":"stop","name":"SAVANNAH RD @ COVEY CREEK","stop_id":"430"},"type":"Feature"},{"geometry":{"coordinates":[-75.37912,38.66538],"type":"Point"},"properties":{"kind":"stop","name":"ADAMS STATE SERVICE CENTER AT BEDFORD ST","stop_id":"432"},"type":"Feature"}],"type":"FeatureCollection"}
