{"features":[{"geometry":{"coordinates":[[-111.66099,40.22523],[-111.66198,40.22519],[-111.66059,40.22495],[-111.66088,40.22406],[-111.66071,40.22175],[-111.6624,40.22178],[-111.66193,40.22073],[-111.6619,40.21932],[-111.66068,40.21931],[-111.6604,40.21904],[-111.66041,40.21801],[-111.66093,40.21732],[-111.66097,40.21549],[-111.6613,40.21469],[-111.66068,40.21455],[-111.65461,40.21462],[-111.65333,40.21422],[-111.65282,40.21352],[-111.65276,40.21213],[-111.65207,40.20994],[-111.6521,40.20876],[-111.64465,40.20858],[-111.64028,40.2092],[-111.63131,40.20743],[-111.6298,40.20781],[-111.6283,40.20636],[-111.6208,40.20104],[-111.61384,40.19373],[-111.61234,40.19185],[-111.61185,40.19088],[-111.61086,40.18785],[-111.61068,40.18662],[-111.61059,40.17225],[-111.6033,40.17227],[-111.60332,40.16104],[-111.61065,40.16113],[-111.61072,40.15724],[-111.61174,40.15214],[-111.61188,40.15059],[-111.61146,40.14437],[-111.61158,40.14326],[-111.61187,40.14256],[-111.62964,40.12245],[-111.63091,40.12284],[-111.63657,40.12267],[-111.63767,40.12223],[-111.64062,40.12012],[-111.64068,40.10977],[-111.65479,40.10985],[-111.65484,40.10521],[-111.65519,40.1036],[-111.65583,40.08876],[-111.65613,40.08709],[-111.65793,40.08303],[-111.66095,40.07498],[-111.66938,40.05916],[-111.6698,40.05868],[-111.67488,40.05624],[-111.67832,40.05391],[-111.68469,40.05032],[-111.68665,40.04948],[-111.71562,40.04459],[-111.73353,40.04451],[-111.73385,40.04413],[-111.73396,40.03392],[-111.73453,40.03273],[-111.73602,40.0313],[-111.75073,40.03137],[-111.75056,40.03395],[-111.75085,40.03445],[-111.75198,40.03468],[-111.75298,40.03441],[-111.75429,40.03331],[-111.75429,40.03217]],"type":"LineString"},"properties":{"color":"#004A97","color_name":"teal","kind":"route","label":"821","long":"SOUTH COUNTY/PROVO STATION","route_id":"10810","text_color":"#FFFFFF","type_label":"Bus"},"type":"Feature"},{"geometry":{"coordinates":[[-112.29841,40.53854],[-112.2987,40.52309],[-112.30457,40.52318],[-112.30441,40.53431],[-112.29848,40.5343],[-112.2981,40.55104],[-112.29648,40.56134],[-112.295,40.57291],[-112.29363,40.57289],[-112.29384,40.57552],[-112.29401,40.57544],[-112.29373,40.57532],[-112.29363,40.57289],[-112.295,40.57291],[-112.29389,40.58011],[-112.29381,40.58176],[-112.29441,40.61017],[-112.2949,40.61616],[-112.29353,40.62206],[-112.29208,40.62733],[-112.28993,40.63381],[-112.28801,40.64093],[-112.28782,40.64242],[-112.28836,40.64695],[-112.29172,40.64672],[-112.29334,40.64716],[-112.29534,40.64866],[-112.29559,40.649],[-112.29574,40.65029],[-112.29673,40.65122],[-112.29648,40.65143],[-112.29672,40.65176],[-112.29716,40.65165],[-112.29637,40.65081],[-112.29308,40.65278],[-112.29186,40.65306],[-112.28919,40.65323],[-112.28978,40.65853],[-112.28941,40.66026],[-112.28867,40.66165],[-112.28525,40.6667],[-112.26842,40.68579],[-112.26669,40.68509],[-112.2627,40.68496],[-112.26283,40.68521],[-112.26669,40.68509],[-112.26842,40.68579],[-112.26359,40.69124],[-112.26286,40.69406],[-112.25887,40.6996],[-112.25531,40.70502],[-112.2539,40.70655],[-112.25279,40.70738],[-112.22683,40.72258],[-112.20802,40.73016],[-112.19508,40.73675],[-112.19125,40.73898],[-112.18573,40.7429],[-112.16659,40.75881],[-112.16235,40.762],[-112.15449,40.7685],[-112.15343,40.76918],[-112.15079,40.77023],[-112.14764,40.77066],[-112.03365,40.77092],[-112.03055,40.77068],[-112.02943,40.77037],[-112.02725,40.76936],[-112.02506,40.76915],[-112.02496,40.77629],[-112.01974,40.77629],[-112.01974,40.77424],[-112.01722,40.77422],[-112.01366,40.77353],[-112.00582,40.77353],[-112.00579,40.77064],[-112.00547,40.76992],[-112.00473,40.76925],[-112.00379,40.76885],[-112.00153,40.76844],[-112.00029,40.76799],[-111.99405,40.76532],[-111.9899,40.76445],[-111.97904,40.76342],[-111.97182,40.7623],[-111.97015,40.76243],[-111.96829,40.76297],[-111.95817,40.76796],[-111.95818,40.7715],[-111.95353,40.77149],[-111.95349,40.77087],[-111.95313,40.77018],[-111.95092,40.77106],[-111.94872,40.77141],[-111.88826,40.77154],[-111.88824,40.75848],[-111.8912,40.75848]],"type":"LineString"},"properties":{"color":"#BE2036","color_name":"red","kind":"route","label":"451","long":"TOOELE FAST BUS","route_id":"19902","text_color":"#FFFFFF","type_label":"Bus"},"type":"Feature"},{"geometry":{"coordinates":[[-111.8284,40.75989],[-111.82943,40.7586],[-111.83156,40.75665],[-111.82894,40.75488],[-111.82748,40.75616],[-111.82684,40.75551],[-111.82578,40.75588],[-111.82393,40.75735],[-111.82365,40.7578],[-111.8236,40.75832],[-111.82379,40.75876],[-111.8265,40.76151],[-111.82777,40.76063],[-111.82943,40.7586],[-111.83156,40.75665],[-111.83254,40.75582],[-111.83373,40.75514],[-111.83535,40.75686],[-111.8355,40.75728],[-111.83551,40.75788],[-111.83478,40.75875],[-111.83465,40.75933],[-111.8356,40.76238],[-111.84196,40.75933],[-111.84283,40.75935],[-111.84587,40.75998],[-111.84727,40.76078],[-111.84806,40.76096],[-111.84976,40.76095],[-111.85083,40.7606],[-111.85389,40.76065],[-111.85389,40.75857],[-111.86138,40.75861],[-111.86216,40.75909],[-111.86253,40.7604],[-111.8632,40.76077],[-111.88822,40.76074],[-111.88826,40.77154],[-111.89968,40.77152],[-111.89963,40.7876],[-111.89983,40.78821],[-111.90377,40.79452],[-111.91651,40.80476],[-111.91764,40.80594],[-111.91817,40.80697],[-111.91884,40.81228],[-111.91878,40.81364],[-111.91837,40.8149],[-111.91586,40.81911],[-111.9154,40.82992],[-111.91437,40.83384],[-111.91263,40.8373],[-111.91119,40.83736],[-111.91137,40.83754],[-111.91127,40.83805],[-111.90992,40.83919],[-111.90842,40.84035],[-111.90544,40.84182],[-111.89902,40.84702],[-111.89626,40.84998],[-111.89609,40.85229],[-111.89569,40.85304],[-111.88916,40.85889],[-111.88594,40.86092],[-111.88579,40.86159],[-111.88467,40.86153],[-111.88344,40.86187],[-111.88204,40.8624],[-111.88102,40.86319],[-111.87738,40.86914],[-111.87665,40.87119],[-111.87369,40.87786],[-111.87238,40.88243],[-111.87235,40.88431],[-111.8674,40.88427],[-111.8675,40.88609],[-111.86796,40.88659],[-111.8699,40.88726],[-111.87238,40.88733],[-111.87225,40.92317],[-111.87244,40.92511],[-111.87263,40.92588],[-111.87413,40.92913],[-111.87895,40.92911],[-111.87895,40.935],[-111.87914,40.93704],[-111.88067,40.94394],[-111.88279,40.94986],[-111.88327,40.95204],[-111.88336,40.97852],[-111.88509,40.98018],[-111.88564,40.98048],[-111.90171,40.98058],[-111.90262,40.98084],[-111.9045,40.98204],[-111.91106,40.98211],[-111.91204,40.98366],[-111.912,40.98403],[-111.90905,40.98664],[-111.90723,40.98544],[-111.90731,40.9851],[-111.90685,40.98504],[-111.90671,40.98518],[-111.90683,40.98544],[-111.90489,40.98724],[-111.90503,40.98755],[-111.90558,40.9879],[-111.90585,40.98784],[-111.9058,40.98762],[-111.90501,40.98718],[-111.90683,40.98544],[-111.90723,40.98544],[-111.90905,40.98664],[-111.91236,40.9837],[-111.91147,40.98287],[-111.91133,40.98235],[-111.91158,40.98221],[-111.91147,40.98197],[-111.91106,40.98211],[-111.9045,40.98204],[-111.902,40.98061],[-111.88754,40.98049],[-111.88749,40.98776],[-111.88768,40.98988],[-111.88861,40.9903],[-111.89179,40.99015],[-111.89302,40.99069],[-111.89577,40.99465],[-111.8972,40.99634],[-111.89864,40.99889],[-111.90301,41.00342],[-111.90772,41.00785],[-111.90887,41.00951],[-111.90984,41.01031],[-111.90961,41.0107],[-111.90979,41.01111],[-111.91078,41.0115],[-111.91119,41.01201],[-111.91105,41.01275],[-111.90807,41.01905],[-111.90202,41.02557],[-111.90155,41.02639],[-111.90135,41.02745],[-111.90207,41.03171],[-111.9049,41.03597],[-111.90655,41.03779],[-111.90849,41.03949],[-111.90931,41.04071],[-111.90942,41.04175],[-111.91252,41.04162],[-111.91226,41.0412],[-111.91109,41.04073],[-111.91101,41.04086],[-111.9115,41.04108],[-111.91226,41.0412],[-111.91252,41.04162],[-111.90942,41.04175],[-111.90958,41.04373],[-111.90989,41.04414],[-111.91027,41.05067],[-111.91032,41.06083],[-111.9107,41.06618],[-111.90997,41.06618],[-111.91004,41.06719],[-111.91034,41.06811],[-111.91059,41.07403],[-111.91045,41.07562],[-111.90985,41.07735],[-111.91051,41.07733],[-111.91088,41.08119],[-111.91066,41.08766],[-111.91005,41.09217],[-111.91181,41.09214],[-111.91181,41.0924],[-111.91141,41.09339],[-111.91123,41.09346],[-111.91132,41.09358],[-111.91147,41.09352],[-111.91181,41.09214],[-111.91005,41.09217],[-111.91035,41.09719],[-111.90998,41.10562],[-111.90888,41.11371],[-111.90801,41.1238],[-111.90759,41.12574],[-111.90624,41.12759],[-111.90624,41.12813],[-111.90643,41.12852],[-111.91088,41.12774],[-111.91091,41.1285],[-111.91058,41.12848],[-111.90997,41.12905],[-111.91024,41.12926],[-111.91091,41.1285],[-111.91088,41.12774],[-111.90659,41.12847],[-111.9064,41.12816],[-111.90633,41.12775],[-111.90671,41.12739],[-111.90723,41.12733],[-111.90767,41.12752],[-111.90821,41.12881],[-111.91055,41.13248],[-111.91856,41.14417],[-111.91991,41.14565],[-111.92092,41.14629],[-111.92227,41.14682],[-111.9291,41.14804],[-111.93161,41.14886],[-111.93294,41.14961],[-111.93517,41.15128],[-111.93873,41.15418],[-111.93926,41.15482],[-111.93966,41.15571],[-111.93987,41.16025],[-111.94066,41.16254],[-111.94248,41.16509],[-111.94864,41.17264],[-111.94918,41.17394],[-111.94929,41.17568],[-111.94889,41.19053],[-111.94795,41.19039],[-111.94775,41.19019],[-111.94747,41.19037],[-111.94777,41.19054],[-111.94841,41.19193],[-111.94781,41.19323],[-111.94754,41.19337],[-111.948,41.19386],[-111.94802,41.19476],[-111.94388,41.19478],[-111.94247,41.19569],[-111.94087,41.19573],[-111.93939,41.1949],[-111.93829,41.19457],[-111.93797,41.19469],[-111.93754,41.19529],[-111.93715,41.19515],[-111.93703,41.19541],[-111.93735,41.19547],[-111.93797,41.19469],[-111.93829,41.19457],[-111.93939,41.1949],[-111.94087,41.19573],[-111.94247,41.19569],[-111.94388,41.19478],[-111.94782,41.19484],[-111.94812,41.19455],[-111.94782,41.19353],[-111.94795,41.19338],[-111.94882,41.19334],[-111.94847,41.20993],[-111.97072,41.21024],[-111.97061,41.21439],[-111.97899,41.2145],[-111.97883,41.22286],[-111.97974,41.22286],[-111.98009,41.22439],[-111.97997,41.22495],[-111.97879,41.22496],[-111.97852,41.23681],[-111.97968,41.23682]],"type":"LineString"},"properties":{"color":"#004A97","color_name":"teal","kind":"route","label":"455","long":"U OF U/DAVIS COUNTY/WSU","route_id":"19906","text_color":"#FFFFFF","type_label":"Bus"},"type":"Feature"},{"geometry":{"coordinates":[[-111.97963,41.23682],[-111.97852,41.23681],[-111.97883,41.22293],[-111.97984,41.223],[-111.97981,41.22495],[-111.97601,41.22492],[-111.97595,41.22701],[-111.96751,41.22691],[-111.96756,41.22481],[-111.97038,41.22485],[-111.97094,41.20051],[-111.97373,41.19783],[-111.97941,41.19789],[-111.97953,41.19306],[-111.97929,41.19253],[-111.98734,41.18479],[-111.99087,41.18221],[-111.9948,41.18031],[-112.01616,41.17255],[-112.01994,41.17079],[-112.02603,41.16738],[-112.02602,41.11473],[-112.02562,41.11351],[-112.02482,41.11236],[-112.02058,41.10816],[-112.01603,41.10421],[-112.00835,41.09648],[-112.00936,41.09596],[-112.011,41.09599],[-112.01329,41.09477],[-112.01249,41.09369],[-112.01179,41.09399],[-112.01255,41.09502],[-112.01179,41.09566],[-112.0108,41.09603],[-112.00936,41.09596],[-112.00835,41.09648],[-112.00468,41.09276],[-111.9973,41.09285],[-111.99728,41.08916],[-111.97953,41.08918],[-111.97954,41.08491],[-111.97837,41.08342],[-111.97841,41.08084],[-111.97863,41.08067],[-111.98203,41.08059],[-111.98415,41.07957],[-111.98674,41.07949],[-111.98739,41.07909],[-111.98338,41.07663],[-111.98146,41.07517],[-111.97071,41.06502],[-111.96631,41.06019],[-111.95763,41.06011],[-111.9577,41.05622],[-111.96343,41.05589],[-111.96491,41.058],[-111.96553,41.05766],[-111.96494,41.05716],[-111.96443,41.05727],[-111.96336,41.05577],[-111.9577,41.05622],[-111.95777,41.05189],[-111.95853,41.05083],[-111.95447,41.0473],[-111.94655,41.04188],[-111.94547,41.04138],[-111.94167,41.04055],[-111.93872,41.0385],[-111.93855,41.03822],[-111.93867,41.03381],[-111.93832,41.0332],[-111.92611,41.02268],[-111.91411,41.01283],[-111.91281,41.01187],[-111.9092,41.00987],[-111.90772,41.00785],[-111.90301,41.00342],[-111.89873,40.99901],[-111.89715,40.99629],[-111.89571,40.99459],[-111.89301,40.99067],[-111.89167,40.99013],[-111.88827,40.99027],[-111.88758,40.98973],[-111.88754,40.98049],[-111.88531,40.98036],[-111.88347,40.97868],[-111.88326,40.97818],[-111.8834,40.96679],[-111.88327,40.95204],[-111.88279,40.94986],[-111.88067,40.94394],[-111.87914,40.93704],[-111.87896,40.93537],[-111.879,40.89483],[-111.87907,40.8941],[-111.87933,40.89381],[-111.8807,40.89365],[-111.8807,40.88111],[-111.88111,40.88039],[-111.88565,40.87479],[-111.88589,40.87475],[-111.89203,40.86687],[-111.89225,40.8661],[-111.89224,40.8616],[-111.89633,40.86162],[-111.90648,40.84888],[-111.91348,40.83587],[-111.91467,40.83409],[-111.91648,40.83252],[-111.91698,40.83183],[-111.91732,40.83024],[-111.91651,40.82696],[-111.91685,40.82153],[-111.9172,40.82023],[-111.91845,40.81868],[-111.91881,40.81788],[-111.91912,40.8143],[-111.9183,40.80748],[-111.91764,40.80594],[-111.91639,40.80466],[-111.90377,40.79452],[-111.89974,40.78785],[-111.89968,40.77152],[-111.88827,40.77152],[-111.88822,40.75986]],"type":"LineString"},"properties":{"color":"#004A97","color_name":"teal","kind":"route","label":"470","long":"OGDEN - SALT LAKE INTERCITY","route_id":"19930","text_color":"#FFFFFF","type_label":"Bus"},"type":"Feature"},{"geometry":{"coordinates":[[-111.8284,40.75989],[-111.82943,40.7586],[-111.83156,40.75665],[-111.82894,40.75488],[-111.82748,40.75616],[-111.82684,40.75551],[-111.8263,40.75564],[-111.82393,40.75735],[-111.82359,40.75816],[-111.82379,40.75876],[-111.8265,40.76151],[-111.82777,40.76063],[-111.82943,40.7586],[-111.83156,40.75665],[-111.83349,40.75526],[-111.83373,40.75514],[-111.83535,40.75686],[-111.83551,40.75788],[-111.83478,40.75875],[-111.83466,40.75957],[-111.83592,40.76348],[-111.83675,40.76507],[-111.83691,40.76576],[-111.83733,40.76588],[-111.83844,40.76706],[-111.84048,40.76865],[-111.84051,40.76891],[-111.84084,40.76891],[-111.84185,40.76969],[-111.84308,40.77121],[-111.84201,40.7727],[-111.84066,40.77299],[-111.84062,40.772],[-111.84029,40.77129],[-111.83855,40.76953],[-111.83671,40.76843],[-111.83629,40.76794],[-111.83626,40.76737],[-111.83665,40.76636],[-111.83674,40.76534],[-111.8356,40.76238],[-111.84146,40.75944],[-111.84255,40.75931],[-111.84408,40.75957],[-111.84623,40.7601],[-111.84762,40.76088],[-111.84973,40.76096],[-111.85083,40.7606],[-111.85389,40.76065],[-111.85389,40.75857],[-111.86053,40.75856],[-111.86138,40.75861],[-111.86202,40.75894],[-111.86236,40.75944],[-111.86253,40.7604],[-111.8632,40.76077],[-111.88822,40.76074],[-111.88826,40.77154],[-111.89968,40.77152],[-111.8997,40.78241],[-111.89992,40.78805],[-111.90369,40.79444],[-111.91651,40.80476],[-111.91764,40.80594],[-111.91817,40.80697],[-111.91884,40.81228],[-111.91882,40.81337],[-111.91849,40.81465],[-111.91666,40.81765],[-111.91632,40.81858],[-111.91547,40.83319],[-111.91519,40.84305],[-111.91474,40.84563],[-111.91388,40.84767],[-111.91292,40.84914],[-111.9011,40.86247],[-111.89916,40.86517],[-111.89789,40.86776],[-111.89717,40.87],[-111.89677,40.8727],[-111.89633,40.89071],[-111.89612,40.89233],[-111.89492,40.89631],[-111.89375,40.89856],[-111.89169,40.90142],[-111.8912,40.90316],[-111.89121,40.91492],[-111.89081,40.92153],[-111.89123,40.92794],[-111.89112,40.94926],[-111.89088,40.95435],[-111.89113,40.96739],[-111.89173,40.96921],[-111.89419,40.97341],[-111.89807,40.98328],[-111.89978,40.98578],[-111.90224,40.98785],[-111.90564,40.98958],[-111.90905,40.98664],[-111.90723,40.98544],[-111.90731,40.9851],[-111.90685,40.98504],[-111.90671,40.98518],[-111.90683,40.98544],[-111.90488,40.98723],[-111.90518,40.98766],[-111.90558,40.9879],[-111.90585,40.98784],[-111.9058,40.98762],[-111.90501,40.98718],[-111.90683,40.98544],[-111.90723,40.98544],[-111.90905,40.98664],[-111.9047,40.99038],[-111.90342,40.99104],[-111.9021,40.99133],[-111.90395,40.99422],[-111.90858,41.00302],[-111.90965,41.00515],[-111.91078,41.00827],[-111.91152,41.00943],[-111.91162,41.01014],[-111.9113,41.01158],[-111.91137,41.01243],[-111.90928,41.01739],[-111.90856,41.0197],[-111.90819,41.02186],[-111.90812,41.02375],[-111.90936,41.03908],[-111.90921,41.0395],[-111.9087,41.03979],[-111.90931,41.04071],[-111.90942,41.04175],[-111.91252,41.04162],[-111.91226,41.0412],[-111.91109,41.04073],[-111.91101,41.04086],[-111.9115,41.04108],[-111.91226,41.0412],[-111.91252,41.04162],[-111.90942,41.04175],[-111.90958,41.04373],[-111.90989,41.04414],[-111.91027,41.05067],[-111.91032,41.06083],[-111.9107,41.06618],[-111.90997,41.06618],[-111.91004,41.06719],[-111.91034,41.06811],[-111.91059,41.07403],[-111.91045,41.07562],[-111.90985,41.07735],[-111.91051,41.07733],[-111.91088,41.08119],[-111.91066,41.08766],[-111.91005,41.09217],[-111.91181,41.09214],[-111.91181,41.0924],[-111.91141,41.09339],[-111.91123,41.09346],[-111.91132,41.09358],[-111.91147,41.09352],[-111.91181,41.09214],[-111.91005,41.09217],[-111.91035,41.09719],[-111.90998,41.10562],[-111.90888,41.11371],[-111.90801,41.1238],[-111.90759,41.12574],[-111.90624,41.12759],[-111.90618,41.12792],[-111.90643,41.12852],[-111.91088,41.12774],[-111.91091,41.1285],[-111.91058,41.12848],[-111.90997,41.12905],[-111.91024,41.12926],[-111.91091,41.1285],[-111.91088,41.12774],[-111.90659,41.12847],[-111.9064,41.12816],[-111.90633,41.12775],[-111.90671,41.12739],[-111.90723,41.12733],[-111.90767,41.12752],[-111.90821,41.12881],[-111.91055,41.13248],[-111.91856,41.14417],[-111.91991,41.14565],[-111.92092,41.14629],[-111.92227,41.14682],[-111.9291,41.14804],[-111.93126,41.1487],[-111.93338,41.14993],[-111.93873,41.15418],[-111.93926,41.15482],[-111.93966,41.15571],[-111.93981,41.15986],[-111.94009,41.16114],[-111.94066,41.16254],[-111.94166,41.16404],[-111.94801,41.17181],[-111.94896,41.17323],[-111.94925,41.17423],[-111.94929,41.17568],[-111.94823,41.22035],[-111.95932,41.2205],[-111.95937,41.21839],[-111.97893,41.2187],[-111.97879,41.22496],[-111.97997,41.22495],[-111.98009,41.22439],[-111.98025,41.22435]],"type":"LineString"},"properties":{"color":"#BE2036","color_name":"red","kind":"route","label":"473","long":"SLC - OGDEN HWY 89 EXPRESS","route_id":"19936","text_color":"#FFFFFF","type_label":"Bus"},"type":"Feature"},{"geometry":{"coordinates":[[-111.83755,40.77241],[-111.83814,40.77298],[-111.83883,40.77272],[-111.84153,40.77299],[-111.84223,40.77266],[-111.84292,40.77159],[-111.84364,40.77111],[-111.84683,40.77097],[-111.8474,40.77079],[-111.84774,40.7705],[-111.84784,40.77005],[-111.84725,40.76805],[-111.84728,40.76706],[-111.85234,40.76709],[-111.85233,40.76503],[-111.90785,40.76509],[-111.90834,40.76484],[-111.90833,40.76401],[-111.90894,40.76401],[-111.90967,40.76469],[-111.9099,40.7646],[-111.90918,40.76319]],"type":"LineString"},"properties":{"color":"#2EB566","color_name":"green","kind":"route","label":"2","long":"200 SOUTH","route_id":"2003","text_color":"#FFFFFF","type_label":"Bus"},"type":"Feature"},{"geometry":{"coordinates":[[-111.80918,40.63294],[-111.80822,40.63206],[-111.8068,40.63177],[-111.80557,40.63594],[-111.80998,40.63821],[-111.81162,40.63831],[-111.8119,40.63851],[-111.81208,40.65098],[-111.81472,40.65494],[-111.81907,40.65813],[-111.8193,40.66357],[-111.82459,40.66877],[-111.82446,40.70959],[-111.82951,40.70961],[-111.82948,40.71273],[-111.84211,40.71271],[-111.84216,40.71866],[-111.84196,40.72481],[-111.84227,40.72549],[-111.84227,40.73361],[-111.83646,40.73362],[-111.8365,40.75079],[-111.82665,40.75078],[-111.82655,40.75353],[-111.82669,40.75551],[-111.82578,40.75588],[-111.82393,40.75735],[-111.8236,40.75797],[-111.82379,40.75876],[-111.8265,40.76151],[-111.82777,40.76063],[-111.82943,40.7586],[-111.83156,40.75665],[-111.83254,40.75582],[-111.83373,40.75514],[-111.83535,40.75686],[-111.8355,40.75728],[-111.83551,40.75788],[-111.83478,40.75875],[-111.83466,40.75957],[-111.83592,40.76348],[-111.83671,40.76518],[-111.83674,40.76589],[-111.83626,40.76737],[-111.83629,40.76794],[-111.83671,40.76843],[-111.83855,40.76953],[-111.84007,40.77104],[-111.84055,40.77174],[-111.84066,40.77299],[-111.84079,40.77303],[-111.84208,40.77278],[-111.84292,40.77159],[-111.84364,40.77111],[-111.84683,40.77097],[-111.84758,40.77067],[-111.84784,40.77005],[-111.84725,40.76805],[-111.84735,40.76702],[-111.8516,40.76702],[-111.85234,40.76709],[-111.85224,40.77282],[-111.88689,40.77287],[-111.88711,40.77245],[-111.88713,40.77171],[-111.88792,40.77153],[-111.9012,40.77147],[-111.90252,40.77162],[-111.90253,40.7758],[-111.90439,40.77589],[-111.90443,40.77549],[-111.90486,40.77503],[-111.90489,40.77407]],"type":"LineString"},"properties":{"color":"#004A97","color_name":"teal","kind":"route","label":"223","long":"2300 EAST/ HOLLADAY BLVD","route_id":"20160","text_color":"#FFFFFF","type_label":"Bus"},"type":"Feature"},{"geometry":{"coordinates":[[-111.93958,40.671],[-111.93954,40.67066],[-111.94029,40.67059],[-111.9403,40.66997],[-111.94759,40.67007],[-111.9479,40.67024],[-111.94804,40.67061],[-111.94792,40.67328],[-111.94842,40.67329],[-111.94844,40.66764],[-111.95799,40.6676],[-111.95781,40.58777],[-111.96983,40.58775],[-111.97217,40.58789],[-111.97218,40.58694],[-111.97255,40.58644],[-111.97249,40.58576],[-111.97337,40.58486],[-111.97364,40.58411],[-111.9735,40.584],[-111.97338,40.58416]],"type":"LineString"},"properties":{"color":"#004A97","color_name":"teal","kind":"route","label":"227","long":"2700 WEST","route_id":"20161","text_color":"#FFFFFF","type_label":"Bus"},"type":"Feature"},{"geometry":{"coordinates":[[-111.8856,40.58842],[-111.88528,40.5884],[-111.88524,40.58885],[-111.88503,40.58881],[-111.88503,40.58811],[-111.87213,40.5881],[-111.87222,40.58064],[-111.86225,40.58055],[-111.86141,40.58105],[-111.8603,40.58063],[-111.85786,40.58051],[-111.83402,40.58041],[-111.83418,40.58501],[-111.82992,40.5855],[-111.82759,40.58514],[-111.81858,40.58277],[-111.81897,40.58188],[-111.81911,40.57967],[-111.82113,40.57793],[-111.82268,40.5789],[-111.82307,40.57852],[-111.82165,40.57746],[-111.82067,40.57699],[-111.8195,40.57676],[-111.8179,40.57674],[-111.81815,40.57509],[-111.81802,40.57483],[-111.81759,40.57464],[-111.8179,40.57316],[-111.83739,40.57316],[-111.83739,40.57519],[-111.83704,40.57621],[-111.83442,40.57867],[-111.8336,40.57841],[-111.83246,40.57848],[-111.83255,40.57872],[-111.83311,40.57869]],"type":"LineString"},"properties":{"color":"#004A97","color_name":"teal","kind":"route","label":"F94","long":"9400 SOUTH FLEX","route_id":"20201","text_color":"#FFFFFF","type_label":"Bus"},"type":"Feature"},{"geometry":{"coordinates":[[-111.89701,40.7247],[-111.89702,40.72378],[-111.89721,40.72372],[-111.89971,40.72371],[-111.89972,40.72542],[-111.85455,40.7254],[-111.85297,40.72545],[-111.85085,40.72586],[-111.84555,40.72582],[-111.84316,40.72548],[-111.83082,40.72549],[-111.83072,40.74498],[-111.83064,40.74531],[-111.83023,40.74552],[-111.83049,40.74656],[-111.83056,40.75079],[-111.83373,40.75514],[-111.83535,40.75686],[-111.8355,40.75728],[-111.83551,40.75788],[-111.83478,40.75875],[-111.83466,40.75957],[-111.83592,40.76348],[-111.83671,40.76518],[-111.83674,40.76589],[-111.83626,40.76737],[-111.83629,40.76794],[-111.83671,40.76843],[-111.83855,40.76953],[-111.84029,40.77129],[-111.84062,40.772],[-111.84066,40.77299],[-111.84175,40.77292],[-111.84223,40.77266],[-111.84292,40.77159],[-111.84337,40.77123],[-111.84488,40.77097],[-111.84489,40.76951],[-111.84414,40.76611],[-111.84438,40.76574],[-111.84519,40.76533],[-111.84524,40.76499],[-111.84492,40.76454]],"type":"LineString"},"properties":{"color":"#2EB566","color_name":"green","kind":"route","label":"21","long":"2100 SOUTH / 2100 EAST","route_id":"2022","text_color":"#FFFFFF","type_label":"Bus"},"type":"Feature"},{"geometry":{"coordinates":[[-111.89489,40.66041],[-111.89577,40.65879],[-111.89503,40.65792],[-111.89408,40.65946],[-111.89328,40.66201],[-111.8987,40.66097],[-111.9039,40.66052],[-111.90402,40.65981],[-111.90455,40.6591],[-111.90972,40.65634],[-111.91007,40.65569],[-111.91031,40.65376],[-111.91264,40.65323],[-111.91428,40.65307],[-111.93177,40.65302],[-111.93983,40.65319],[-111.95227,40.65303],[-111.9864,40.65306],[-111.98789,40.65278],[-112.00694,40.65279],[-112.00879,40.65304],[-112.03143,40.65306],[-112.03162,40.65056],[-112.03142,40.64933],[-112.03149,40.64785],[-112.03336,40.64528],[-112.03356,40.64469],[-112.03354,40.63854],[-112.02667,40.63855]],"type":"LineString"},"properties":{"color":"#004A97","color_name":"teal","kind":"route","label":"54","long":"5400 SOUTH","route_id":"2053","text_color":"#FFFFFF","type_label":"Bus"},"type":"Feature"},{"geometry":{"coordinates":[[-111.89809,40.6334],[-111.89784,40.63316],[-111.89788,40.63288],[-111.92925,40.62987],[-111.92924,40.63796],[-111.93599,40.63794],[-111.9378,40.63856],[-111.94092,40.63862],[-112.00543,40.63857],[-112.00567,40.63756],[-112.007,40.63627],[-112.0073,40.63533],[-112.00722,40.62791],[-112.00693,40.62712],[-112.00565,40.6256],[-112.00543,40.62405],[-112.01804,40.624],[-112.01801,40.62636],[-112.01737,40.62974],[-112.01737,40.63368],[-112.01886,40.63604],[-112.01889,40.6364],[-112.02456,40.63624],[-112.02459,40.64222],[-112.02983,40.64221],[-112.03081,40.64253],[-112.03354,40.64253],[-112.03354,40.63854],[-112.0275,40.63855]],"type":"LineString"},"properties":{"color":"#004A97","color_name":"teal","kind":"route","label":"62","long":"6200 SOUTH","route_id":"2061","text_color":"#FFFFFF","type_label":"Bus"},"type":"Feature"},{"geometry":{"coordinates":[[-111.89808,40.61878],[-111.89803,40.61817],[-111.89782,40.61806],[-111.89769,40.61886],[-111.89731,40.61919],[-111.8967,40.61922],[-111.89674,40.6206],[-111.89249,40.6206],[-111.89031,40.62083],[-111.87149,40.62078],[-111.86856,40.62195],[-111.86507,40.6222],[-111.86392,40.62246],[-111.85833,40.62568],[-111.85645,40.6261],[-111.85324,40.62603],[-111.83171,40.62401],[-111.80768,40.62394],[-111.80765,40.62884],[-111.8068,40.63177],[-111.80822,40.63206],[-111.80979,40.63332],[-111.81041,40.63409],[-111.81137,40.63355]],"type":"LineString"},"properties":{"color":"#004A97","color_name":"teal","kind":"route","label":"72","long":"7200 SOUTH","route_id":"2069","text_color":"#FFFFFF","type_label":"Bus"},"type":"Feature"},{"geometry":{"coordinates":[[-111.97879,41.22496],[-111.97893,41.2187],[-111.97053,41.21857],[-111.97047,41.22277],[-111.97105,41.22279],[-112.00018,41.22312],[-112.00077,41.22291],[-112.0056,41.21903],[-112.00612,41.21841],[-112.00649,41.21704],[-112.00648,41.20483],[-112.02004,41.20058],[-112.02399,41.19867],[-112.02582,41.19815],[-112.02593,41.18346],[-112.03228,41.18341],[-112.03223,41.19052],[-112.03249,41.19047],[-112.03256,41.19064],[-112.03558,41.19067],[-112.03558,41.19022],[-112.03591,41.18974],[-112.03803,41.18917],[-112.03918,41.18793],[-112.03953,41.18818],[-112.03882,41.18901],[-112.03591,41.18974],[-112.03558,41.19022],[-112.03558,41.19067],[-112.04831,41.19063],[-112.05219,41.18704],[-112.06415,41.17745],[-112.06446,41.17673],[-112.0645,41.16159],[-112.02603,41.16172],[-112.02603,41.15962],[-112.02774,41.15963]],"type":"LineString"},"properties":{"color":"#004A97","color_name":"teal","kind":"route","label":"604","long":"WEST OGDEN","route_id":"2116","text_color":"#FFFFFF","type_label":"Bus"},"type":"Feature"},{"geometry":{"coordinates":[[-111.96885,41.30086],[-111.96861,41.31271],[-111.96837,41.31317],[-111.96681,41.3145],[-111.96668,41.31749],[-111.94734,41.31723],[-111.94748,41.3064],[-111.95098,41.3064],[-111.95371,41.30575],[-111.96873,41.30588],[-111.96951,41.26666],[-111.96531,41.26658],[-111.96529,41.26579],[-111.96609,41.26545],[-111.96646,41.26495],[-111.96648,41.26394],[-111.96631,41.26354],[-111.96542,41.26353],[-111.96631,41.26354],[-111.9665,41.26449],[-111.96629,41.26524],[-111.96529,41.26579],[-111.96531,41.26658],[-111.96951,41.26666],[-111.9713,41.18466],[-111.97263,41.18444],[-111.97348,41.1835],[-111.97366,41.17745],[-111.97625,41.17767],[-111.98292,41.17774],[-111.98293,41.17307],[-111.98343,41.17251],[-111.9724,41.17243],[-111.9718,41.17261],[-111.97133,41.17195],[-111.97025,41.17143],[-111.97007,41.1709],[-111.97013,41.16996],[-111.97052,41.16937],[-111.97072,41.16789],[-111.97205,41.16672],[-111.9716,41.16638],[-111.97076,41.16605],[-111.96859,41.166],[-111.96861,41.16957],[-111.96835,41.16993],[-111.96808,41.16998],[-111.96478,41.16864],[-111.96504,41.16829],[-111.96413,41.1679],[-111.96364,41.16734],[-111.95806,41.16497],[-111.9576,41.16561],[-111.95215,41.16332],[-111.9517,41.16394],[-111.95326,41.16491],[-111.95498,41.16535],[-111.95714,41.16625],[-111.95785,41.16525],[-111.9576,41.16561],[-111.95664,41.16521]],"type":"LineString"},"properties":{"color":"#2EB566","color_name":"green","kind":"route","label":"612","long":"WASHINGTON BLVD","route_id":"2121","text_color":"#FFFFFF","type_label":"Bus"},"type":"Feature"},{"geometry":{"coordinates":[[-111.97973,41.22299],[-111.98004,41.22413],[-111.98,41.22481],[-111.97879,41.22496],[-111.97868,41.22913],[-111.97029,41.22904],[-111.96993,41.24431],[-112.0095,41.24465],[-112.00958,41.25292],[-112.00894,41.25521],[-112.00888,41.26714],[-112.00832,41.28441],[-112.00787,41.28885],[-112.01492,41.30042],[-112.01546,41.30441],[-112.02516,41.3042],[-112.02491,41.30497],[-112.02372,41.3059],[-112.02361,41.30669]],"type":"LineString"},"properties":{"color":"#004A97","color_name":"teal","kind":"route","label":"613","long":"WEBER INDUSTRIAL PARK","route_id":"2122","text_color":"#FFFFFF","type_label":"Bus"},"type":"Feature"},{"geometry":{"coordinates":[[-111.98766,41.0998],[-111.98679,41.09989],[-111.98766,41.09999],[-111.98776,41.09291],[-111.99276,41.09289],[-111.99384,41.09322],[-111.99722,41.09694],[-111.99724,41.10354],[-112.01539,41.10358],[-112.00835,41.09648],[-112.00936,41.09596],[-112.011,41.09599],[-112.01329,41.09477],[-112.01249,41.09369],[-112.01329,41.09477],[-112.011,41.09599],[-112.00936,41.09596],[-112.00835,41.09648],[-112.0011,41.08915],[-112.03249,41.08924],[-112.05995,41.08906],[-112.06461,41.08921],[-112.0645,41.16159],[-112.06664,41.1618],[-112.06873,41.16271],[-112.06821,41.16313],[-112.06807,41.16369],[-112.06446,41.16364],[-112.0645,41.16249]],"type":"LineString"},"properties":{"color":"#004A97","color_name":"teal","kind":"route","label":"626","long":"WEST ROY /  WSU DAVIS","route_id":"2128","text_color":"#FFFFFF","type_label":"Bus"},"type":"Feature"},{"geometry":{"coordinates":[[-111.91126,41.04086],[-111.91226,41.0412],[-111.91252,41.04162],[-111.91385,41.04146],[-111.91551,41.04102],[-111.91995,41.03905],[-111.92183,41.03841],[-111.92431,41.03803],[-111.92719,41.03801],[-111.9274,41.02744],[-111.92515,41.02688],[-111.92242,41.02776],[-111.9236,41.03008],[-111.92728,41.03004],[-111.9274,41.02744],[-111.92811,41.02699],[-111.92956,41.02678],[-111.93034,41.02629],[-111.93864,41.03362],[-111.93855,41.03809],[-111.93569,41.03807],[-111.93574,41.04037],[-111.93741,41.04445],[-111.93809,41.04737],[-111.93977,41.05219],[-111.94176,41.05486],[-111.94567,41.06223],[-111.94952,41.06645],[-111.95008,41.06737],[-111.95019,41.07438],[-111.95176,41.07455],[-111.97388,41.07473],[-111.97441,41.07512],[-111.97382,41.07557],[-111.97354,41.0761],[-111.97349,41.08066],[-111.97819,41.08067],[-111.97841,41.08084],[-111.97863,41.08067],[-111.9819,41.08061],[-111.98415,41.07957],[-111.98674,41.07949],[-111.98739,41.07909],[-111.99478,41.08356],[-111.99686,41.08503],[-112.00835,41.09648],[-112.00936,41.09596],[-112.011,41.09599],[-112.01329,41.09477],[-112.01249,41.09369],[-112.01179,41.09399]],"type":"LineString"},"properties":{"color":"#004A97","color_name":"teal","kind":"route","label":"627","long":"CLFD STATION  /  FRUIT HEIGHTS PNR","route_id":"2129","text_color":"#FFFFFF","type_label":"Bus"},"type":"Feature"},{"geometry":{"coordinates":[[-112.02424,41.49131],[-112.02791,41.48736],[-112.02834,41.48596],[-112.02838,41.48461],[-112.02365,41.48457],[-112.02371,41.48653],[-112.01638,41.48653],[-112.01613,41.49252],[-112.01266,41.49235],[-112.01265,41.49432],[-112.01291,41.49481],[-112.0129,41.49596],[-112.01131,41.49594],[-112.01118,41.49828],[-112.01604,41.49835],[-112.01578,41.51041],[-112.02044,41.51045],[-112.02041,41.51291],[-112.01571,41.51285],[-112.01554,41.52485],[-112.02336,41.52489],[-112.02393,41.49244],[-112.02424,41.49131]],"type":"LineString"},"properties":{"color":"#004A97","color_name":"teal","kind":"route","label":"F638","long":"THE BRIGHAM CITY Flex","route_id":"21305","text_color":"#FFFFFF","type_label":"Bus"},"type":"Feature"},{"geometry":{"coordinates":[[-111.97974,41.22299],[-111.98005,41.22414],[-111.97998,41.22487],[-111.97879,41.22496],[-111.97758,41.27124],[-111.97973,41.27301],[-111.98141,41.27494],[-111.9946,41.29457],[-111.99637,41.29663],[-111.99417,41.29398],[-111.98904,41.28632],[-111.99506,41.29515],[-112.00784,41.30944],[-112.02957,41.33828],[-112.0307,41.34015],[-112.03158,41.34213],[-112.03527,41.35087],[-112.03572,41.35264],[-112.03537,41.36708],[-112.03512,41.3683],[-112.03373,41.37199],[-112.03192,41.38441],[-112.03218,41.386],[-112.03433,41.39116],[-112.03449,41.39237],[-112.03426,41.39573],[-112.03434,41.39714],[-112.03636,41.40527],[-112.03629,41.41264],[-112.03592,41.4192],[-112.03558,41.43202],[-112.03865,41.45349],[-112.03869,41.45545],[-112.03726,41.45977],[-112.036,41.46201],[-112.01769,41.48384],[-112.01657,41.48586],[-112.01638,41.48653],[-112.02813,41.48653],[-112.02772,41.48749],[-112.02897,41.48771],[-112.02897,41.49148],[-112.02815,41.49155],[-112.02766,41.4918],[-112.02411,41.4916],[-112.02473,41.49059],[-112.02789,41.4873],[-112.02834,41.48596],[-112.02838,41.48456],[-112.02365,41.48457],[-112.02371,41.48653],[-112.02365,41.48457],[-112.02838,41.48456],[-112.02836,41.48584],[-112.02813,41.48653],[-112.01638,41.48653],[-112.0162,41.48888],[-112.01546,41.52831],[-112.0138,41.52829],[-112.01385,41.52483],[-112.01554,41.52485]],"type":"LineString"},"properties":{"color":"#004A97","color_name":"teal","kind":"route","label":"630","long":"BRIGHAM CITY/ OGDEN COMMUTER","route_id":"2131","text_color":"#FFFFFF","type_label":"Bus"},"type":"Feature"},{"geometry":{"coordinates":[[-111.9735,41.0794],[-111.97451,41.07935],[-111.97477,41.07908],[-111.97437,41.07878],[-111.97435,41.07793],[-111.97351,41.07795],[-111.97346,41.08918],[-111.98778,41.08921],[-111.98766,41.09977],[-111.98685,41.09977],[-111.9867,41.09915],[-111.98638,41.09894],[-111.98605,41.09956],[-111.98682,41.09993],[-111.98766,41.09995],[-111.98778,41.08921],[-111.99728,41.08919],[-111.9973,41.09285],[-112.00468,41.09276],[-112.00835,41.09648],[-112.00957,41.09594],[-112.011,41.09599],[-112.01329,41.09477],[-112.0125,41.09368],[-112.01212,41.09382],[-112.01151,41.09285],[-112.00692,41.09278],[-112.00693,41.08914],[-112.01787,41.0891],[-112.01821,41.08987],[-112.01922,41.09105],[-112.02105,41.09263],[-112.03112,41.10485],[-112.0287,41.10588],[-112.03241,41.10993],[-112.03352,41.11048],[-112.03427,41.11062],[-112.04528,41.11067],[-112.0453,41.13989],[-112.02606,41.13986],[-112.02593,41.18346],[-112.01423,41.18351],[-112.01067,41.18293],[-112.01043,41.18272],[-111.99576,41.18214],[-111.99569,41.17996],[-111.99148,41.18186],[-111.98855,41.18378],[-111.97929,41.19253],[-111.97953,41.19306],[-111.97941,41.19789],[-111.94875,41.19761],[-111.94882,41.19334],[-111.94795,41.19338],[-111.94773,41.19322],[-111.94754,41.19337],[-111.948,41.19386],[-111.94812,41.19445],[-111.94782,41.19484],[-111.94388,41.19478],[-111.94239,41.19568],[-111.94093,41.19572],[-111.94043,41.19562],[-111.93939,41.1949],[-111.93829,41.19457],[-111.93797,41.19469],[-111.93754,41.19529],[-111.93716,41.19533],[-111.93754,41.19529],[-111.93797,41.19469],[-111.93829,41.19457],[-111.93939,41.1949],[-111.94043,41.19562],[-111.94093,41.19572],[-111.94239,41.19568],[-111.94388,41.19478],[-111.94782,41.19484],[-111.94812,41.19455],[-111.94782,41.19353],[-111.94795,41.19338],[-111.94882,41.19334],[-111.94875,41.19761],[-111.95013,41.19762]],"type":"LineString"},"properties":{"color":"#004A97","color_name":"teal","kind":"route","label":"640","long":"LAYTON HILLS MALL / WSU OGDEN CAMP","route_id":"2133","text_color":"#FFFFFF","type_label":"Bus"},"type":"Feature"},{"geometry":{"coordinates":[[-111.71239,40.27581],[-111.71301,40.2761],[-111.71329,40.27555],[-111.71366,40.27538],[-111.71717,40.27561],[-111.71833,40.27605],[-111.71968,40.27702],[-111.72246,40.2797],[-111.72413,40.28196],[-111.72491,40.28361],[-111.72531,40.28525],[-111.7254,40.28688],[-111.72593,40.31866],[-111.7263,40.32029],[-111.72684,40.32155],[-111.72775,40.32296],[-111.72889,40.32424],[-111.73187,40.3264],[-111.80132,40.3709],[-111.80478,40.37241],[-111.81487,40.3752],[-111.81694,40.37597],[-111.82982,40.38356],[-111.83103,40.38453],[-111.83248,40.38623],[-111.83502,40.39152],[-111.83586,40.39269],[-111.83716,40.39387],[-111.8385,40.3948],[-111.84564,40.39862],[-111.84809,40.40015],[-111.86431,40.41106],[-111.87493,40.41853],[-111.88047,40.42291],[-111.88182,40.42451],[-111.88514,40.42239],[-111.88558,40.42163],[-111.88557,40.42033],[-111.88812,40.42028],[-111.8894,40.42071],[-111.89343,40.42448],[-111.89375,40.42501],[-111.8938,40.42594],[-111.89516,40.42595],[-111.89534,40.42616],[-111.89619,40.42554],[-111.89595,40.42543],[-111.89516,40.42595],[-111.8938,40.42594],[-111.89366,40.42473],[-111.8894,40.42071],[-111.88812,40.42028],[-111.88557,40.42033],[-111.88552,40.41734],[-111.88674,40.41536],[-111.88681,40.41327],[-111.9074,40.41318],[-111.91413,40.41344],[-111.92284,40.41335],[-111.92316,40.41312],[-111.91925,40.39936],[-111.92248,40.39849],[-111.92363,40.39842],[-111.92591,40.39866],[-111.93016,40.3998],[-111.9312,40.39957],[-111.93231,40.39881],[-111.9321,40.39873],[-111.9312,40.39957],[-111.93016,40.3998],[-111.92489,40.3984],[-111.92248,40.39849],[-111.91925,40.39936],[-111.91662,40.3903],[-111.91633,40.38876],[-111.91643,40.37438],[-111.91626,40.36195],[-111.92087,40.36196],[-111.92372,40.36217],[-111.95035,40.36201],[-111.9764,40.36216],[-111.97649,40.36137],[-111.97622,40.36091],[-111.97317,40.35882],[-111.9739,40.35636],[-111.97423,40.35611],[-111.97455,40.35628],[-111.9763,40.35637],[-111.98101,40.35775],[-111.98045,40.35888]],"type":"LineString"},"properties":{"color":"#BE2036","color_name":"red","kind":"route","label":"806","long":"EAGLE MTN/SARATOGA SPR/LEHI STN/UVU","route_id":"2152","text_color":"#FFFFFF","type_label":"Bus"},"type":"Feature"},{"geometry":{"coordinates":[[-111.7121,40.27536],[-111.71094,40.27541],[-111.71095,40.2757],[-111.70859,40.27567],[-111.70821,40.27589],[-111.70816,40.27831],[-111.70894,40.2796],[-111.7095,40.27984],[-111.71066,40.27954],[-111.71243,40.2795],[-111.71353,40.28004],[-111.71503,40.28005],[-111.71646,40.28197],[-111.71721,40.28229],[-111.71724,40.28268],[-111.72391,40.28242],[-111.72423,40.28989],[-111.73391,40.28986],[-111.73407,40.29716],[-111.73558,40.29729],[-111.7368,40.29821],[-111.73715,40.29905],[-111.73728,40.30133],[-111.73848,40.3029],[-111.73875,40.30353],[-111.73898,40.3079],[-111.73939,40.30861],[-111.74156,40.31004],[-111.74202,40.31096],[-111.74213,40.31183],[-111.73468,40.31187],[-111.74074,40.34535],[-111.74076,40.36394],[-111.73886,40.36394],[-111.73888,40.36884],[-111.73987,40.37128],[-111.73989,40.38991],[-111.74026,40.39047],[-111.74273,40.39208],[-111.76918,40.39191],[-111.76948,40.3932],[-111.77297,40.39648],[-111.77332,40.39764],[-111.77345,40.43201],[-111.82061,40.43173],[-111.82587,40.43182],[-111.83065,40.43214],[-111.83572,40.43204],[-111.84023,40.43147],[-111.84746,40.43222],[-111.85387,40.43239],[-111.8586,40.43219],[-111.86632,40.43241],[-111.88087,40.43133],[-111.88069,40.43032],[-111.88002,40.42904],[-111.87988,40.42696],[-111.88007,40.42622],[-111.88045,40.42559],[-111.88514,40.42239],[-111.88558,40.42163],[-111.88557,40.42033],[-111.88812,40.42028],[-111.8894,40.42071],[-111.89366,40.42473],[-111.8938,40.42594],[-111.89516,40.42595],[-111.89534,40.42616],[-111.89619,40.42554],[-111.89595,40.42543],[-111.8954,40.42578]],"type":"LineString"},"properties":{"color":"#BE2036","color_name":"red","kind":"route","label":"807","long":"NORTH COUNTY/LEHI STATION/UVU","route_id":"2153","text_color":"#FFFFFF","type_label":"Bus"},"type":"Feature"},{"geometry":{"coordinates":[[-111.89716,40.7004],[-111.89718,40.70118],[-111.89765,40.70124],[-111.89796,40.7017],[-111.89795,40.70387],[-111.89399,40.70387],[-111.894,40.69978],[-111.84351,40.69995],[-111.79465,40.69984],[-111.79596,40.69328],[-111.79602,40.68794],[-111.79672,40.6879],[-111.79677,40.6873]],"type":"LineString"},"properties":{"color":"#2EB566","color_name":"green","kind":"route","label":"33","long":"3300 SOUTH","route_id":"2328","text_color":"#FFFFFF","type_label":"Bus"},"type":"Feature"},{"geometry":{"coordinates":[[-112.09089,40.69648],[-112.09181,40.69649],[-112.09181,40.71122],[-112.10709,40.71098],[-112.10714,40.71289],[-112.10809,40.71288],[-112.11007,40.71283],[-112.11008,40.71094],[-112.10945,40.71095],[-112.1093,40.70375],[-112.09182,40.7037],[-112.09181,40.69649],[-111.96424,40.69656],[-111.96422,40.69443],[-111.96023,40.69443],[-111.96021,40.69656],[-111.93691,40.69662],[-111.93443,40.69714],[-111.93141,40.69876],[-111.92977,40.6992],[-111.92573,40.69943],[-111.91693,40.69942],[-111.91691,40.69169],[-111.91119,40.69167],[-111.91121,40.69961],[-111.90923,40.6998],[-111.89974,40.69994],[-111.89973,40.70388],[-111.89795,40.70387],[-111.89796,40.7017],[-111.89767,40.70136],[-111.89765,40.70027],[-111.89721,40.70032],[-111.89714,40.70077]],"type":"LineString"},"properties":{"color":"#2EB566","color_name":"green","kind":"route","label":"35","long":"3500 SOUTH","route_id":"2332","text_color":"#FFFFFF","type_label":"Bus"},"type":"Feature"},{"geometry":{"coordinates":[[-111.79676,40.68782],[-111.79602,40.68794],[-111.79605,40.6839],[-111.79627,40.68291],[-111.79668,40.68205],[-111.79827,40.67981],[-111.80099,40.67498],[-111.80174,40.67404],[-111.80371,40.67479],[-111.81741,40.67538],[-111.82127,40.67492],[-111.82324,40.67434],[-111.82451,40.67421],[-111.82461,40.66891],[-111.82425,40.66834],[-111.83134,40.6659],[-111.8422,40.66594],[-111.84612,40.66702],[-111.84844,40.66735],[-111.85202,40.66643],[-111.85361,40.6658],[-111.85438,40.66572],[-111.85414,40.67432],[-111.8883,40.67435],[-111.88831,40.66433],[-111.89105,40.66437],[-111.89196,40.66402],[-111.89304,40.66261],[-111.89408,40.65946],[-111.89503,40.65792],[-111.89577,40.65879],[-111.89486,40.66019],[-111.89451,40.66034],[-111.89486,40.66019],[-111.89451,40.66034],[-111.89477,40.66047],[-111.89451,40.66034],[-111.89486,40.66019],[-111.89451,40.66034],[-111.89489,40.66041],[-111.89525,40.65984]],"type":"LineString"},"properties":{"color":"#004A97","color_name":"teal","kind":"route","label":"45","long":"4500 SOUTH","route_id":"2343","text_color":"#FFFFFF","type_label":"Bus"},"type":"Feature"},{"geometry":{"coordinates":[[-111.89584,40.42582],[-111.89619,40.42554],[-111.89595,40.42543],[-111.89516,40.42595],[-111.8938,40.42594],[-111.89366,40.42473],[-111.8894,40.42071],[-111.88812,40.42028],[-111.88557,40.42033],[-111.88558,40.42163],[-111.88514,40.42239],[-111.88045,40.42559],[-111.88007,40.42622],[-111.87988,40.42696],[-111.88002,40.42904],[-111.88069,40.43032],[-111.8809,40.43167],[-111.88672,40.43158],[-111.88686,40.43223],[-111.88737,40.43268],[-111.88782,40.43281],[-111.88823,40.43366],[-111.89167,40.43579],[-111.8907,40.43656],[-111.88628,40.43353],[-111.88503,40.4331],[-111.88376,40.43323],[-111.88211,40.43438],[-111.88106,40.43451],[-111.8809,40.43167],[-111.88847,40.4316],[-111.88976,40.43193],[-111.89199,40.43333],[-111.89612,40.43691],[-111.89764,40.43856],[-111.89923,40.43992],[-111.91056,40.44787],[-111.91171,40.44894],[-111.91262,40.45026],[-111.91319,40.45176],[-111.91422,40.45742],[-111.91429,40.45961],[-111.91377,40.46248],[-111.91259,40.46518],[-111.90347,40.47837],[-111.90008,40.48255],[-111.89228,40.49026],[-111.89129,40.49183],[-111.89094,40.49346],[-111.89098,40.52179],[-111.89029,40.5268],[-111.88174,40.52674],[-111.88178,40.52828],[-111.88163,40.52874],[-111.88335,40.52863],[-111.88373,40.52923],[-111.88536,40.52931],[-111.88589,40.52967],[-111.88658,40.52977],[-111.88648,40.53703],[-111.8914,40.53704],[-111.89133,40.54173],[-111.89081,40.55159],[-111.89068,40.56971],[-111.8891,40.56976],[-111.88825,40.57005],[-111.88761,40.57053],[-111.887,40.57139],[-111.88495,40.57045],[-111.88479,40.57062],[-111.88488,40.57101]],"type":"LineString"},"properties":{"color":"#004A97","color_name":"teal","kind":"route","label":"871","long":"TECH CORRIDOR RAIL CONNECTOR","route_id":"2368","text_color":"#FFFFFF","type_label":"Bus"},"type":"Feature"},{"geometry":{"coordinates":[[-111.9091,40.76318],[-111.90894,40.76401],[-111.90975,40.76469],[-111.90967,40.76498],[-111.90256,40.76497],[-111.90264,40.76066],[-111.91683,40.76066],[-111.91684,40.75409],[-111.91407,40.75409],[-111.91407,40.75193],[-111.91683,40.75193],[-111.91687,40.72572],[-111.92231,40.72598],[-111.939,40.72591],[-111.93904,40.73314],[-111.958,40.73311],[-111.95804,40.72869],[-111.9591,40.7278],[-111.95938,40.72649],[-111.96011,40.72612],[-111.96424,40.72695],[-111.96691,40.72794],[-111.96809,40.72812],[-111.96821,40.73084],[-111.98743,40.73087],[-111.98675,40.72885],[-111.98628,40.72662],[-111.98626,40.72513],[-111.98647,40.72391],[-111.98642,40.7204],[-111.98624,40.71944],[-111.9856,40.71834],[-111.98355,40.71834],[-111.98323,40.7196],[-111.98326,40.72254],[-111.98368,40.72318],[-111.98467,40.72361],[-111.98429,40.72441],[-111.98389,40.7248],[-111.98258,40.72537],[-111.9772,40.72572],[-111.97709,40.69293],[-111.96006,40.69294],[-111.96004,40.69334]],"type":"LineString"},"properties":{"color":"#004A97","color_name":"teal","kind":"route","label":"509","long":"900 W SHUTTLE","route_id":"25310","text_color":"#FFFFFF","type_label":"Bus"},"type":"Feature"},{"geometry":{"coordinates":[[-111.90489,40.77407],[-111.90482,40.7737],[-111.90252,40.7737],[-111.90251,40.77143],[-111.89108,40.77155],[-111.89109,40.77594],[-111.89055,40.77731],[-111.8903,40.77902],[-111.88997,40.77995],[-111.88561,40.77994],[-111.88657,40.77608],[-111.88701,40.77592],[-111.89109,40.77594],[-111.8911,40.77571],[-111.89108,40.77155],[-111.88826,40.77154],[-111.88829,40.65608],[-111.89423,40.65575],[-111.89451,40.65735],[-111.89577,40.65879],[-111.89486,40.66019],[-111.89451,40.66034],[-111.89477,40.66047],[-111.89451,40.66034],[-111.89486,40.66019],[-111.89451,40.66034],[-111.89489,40.66041],[-111.89525,40.65984]],"type":"LineString"},"properties":{"color":"#2EB566","color_name":"green","kind":"route","label":"200","long":"STATE STREET NORTH","route_id":"27610","text_color":"#FFFFFF","type_label":"Bus"},"type":"Feature"},{"geometry":{"coordinates":[[-111.89811,40.63347],[-111.89784,40.63316],[-111.89788,40.63288],[-111.88972,40.63331],[-111.86599,40.63156],[-111.86597,40.65901],[-111.86573,40.66002],[-111.86474,40.66216],[-111.86457,40.66307],[-111.86556,40.67211],[-111.86533,40.76936],[-111.86709,40.76936],[-111.86707,40.77959],[-111.88055,40.77963],[-111.88056,40.77736],[-111.87756,40.77735],[-111.87755,40.76935],[-111.88826,40.76936],[-111.88823,40.76503],[-111.90785,40.76509],[-111.90834,40.76484],[-111.90833,40.76401],[-111.90894,40.76401],[-111.90967,40.76469],[-111.90894,40.76401],[-111.90967,40.76469],[-111.9099,40.7646],[-111.90918,40.76319]],"type":"LineString"},"properties":{"color":"#2EB566","color_name":"green","kind":"route","label":"209","long":"900 EAST / 9TH Ave","route_id":"27613","text_color":"#FFFFFF","type_label":"Bus"},"type":"Feature"},{"geometry":{"coordinates":[[-111.9381,40.76067],[-111.93904,40.76067],[-111.93935,40.77615],[-111.93424,40.77616],[-111.93385,40.77603],[-111.93304,40.77529],[-111.93312,40.77164],[-111.93927,40.77164],[-111.9394,40.78019],[-111.91684,40.78021],[-111.91685,40.78241],[-111.8997,40.78241],[-111.8997,40.765],[-111.87678,40.76502],[-111.87696,40.67435],[-111.89128,40.67442],[-111.89126,40.67799],[-111.89384,40.678],[-111.89384,40.67729]],"type":"LineString"},"properties":{"color":"#004A97","color_name":"teal","kind":"route","label":"205","long":"500 EAST","route_id":"27614","text_color":"#FFFFFF","type_label":"Bus"},"type":"Feature"},{"geometry":{"coordinates":[[-111.84492,40.76454],[-111.84443,40.76418],[-111.84374,40.7646],[-111.84437,40.76542],[-111.84414,40.76661],[-111.84486,40.76933],[-111.84488,40.77097],[-111.84365,40.771],[-111.84308,40.77121],[-111.84201,40.7727],[-111.84066,40.77299],[-111.84062,40.772],[-111.84029,40.77129],[-111.83833,40.76925],[-111.83629,40.76794],[-111.83626,40.76737],[-111.83686,40.766],[-111.83691,40.76533],[-111.83596,40.76358],[-111.8356,40.76238],[-111.84196,40.75933],[-111.84283,40.75935],[-111.84587,40.75998],[-111.84727,40.76078],[-111.84806,40.76096],[-111.84973,40.76096],[-111.85083,40.7606],[-111.85389,40.76065],[-111.85392,40.72758],[-111.85365,40.72324],[-111.85347,40.71327],[-111.8536,40.71182],[-111.8551,40.71024],[-111.85542,40.70929],[-111.85532,40.70376],[-111.85429,40.70156],[-111.85404,40.70056],[-111.85413,40.67538],[-111.85448,40.66044],[-111.85478,40.62636],[-111.8557,40.62247],[-111.85612,40.62204],[-111.85579,40.62142],[-111.85585,40.62078],[-111.85803,40.61801],[-111.86206,40.61899],[-111.8626,40.6173],[-111.86261,40.60959],[-111.89076,40.60956],[-111.89073,40.61095],[-111.89454,40.61093],[-111.89455,40.61047],[-111.89439,40.61034],[-111.89329,40.61003],[-111.89318,40.61027]],"type":"LineString"},"properties":{"color":"#004A97","color_name":"teal","kind":"route","label":"213","long":"1300 EAST","route_id":"32878","text_color":"#FFFFFF","type_label":"Bus"},"type":"Feature"},{"geometry":{"coordinates":[[-111.97979,41.2231],[-111.97997,41.22348],[-111.97984,41.22362],[-111.97953,41.2233],[-111.97882,41.22328],[-111.97852,41.23681],[-111.9701,41.23669],[-111.96963,41.25919],[-111.99007,41.25941],[-111.99001,41.26072],[-111.99043,41.26574],[-111.99278,41.2656],[-111.99255,41.26356],[-112.00732,41.26278],[-112.00685,41.25825],[-112.00714,41.25801],[-112.00697,41.25779],[-112.00648,41.25801],[-111.99994,41.25835],[-111.99823,41.25877],[-111.99797,41.25864],[-111.9979,41.25444],[-111.99711,41.25288],[-111.99547,41.25116],[-111.99498,41.2504],[-111.99455,41.24895],[-111.99445,41.24564],[-111.99013,41.24557],[-111.99003,41.24607],[-111.98992,41.25442],[-111.99012,41.25499],[-111.99046,41.2553],[-111.99341,41.25749],[-111.99345,41.25895],[-111.99319,41.25924],[-111.99219,41.25942],[-111.96963,41.25919],[-111.9701,41.23669],[-111.97852,41.23681],[-111.97883,41.22293],[-111.97954,41.22293],[-111.97979,41.2231]],"type":"LineString"},"properties":{"color":"#004A97","color_name":"teal","kind":"route","label":"F618","long":"OGDEN BDO FLEX","route_id":"33219","text_color":"#FFFFFF","type_label":"Bus"},"type":"Feature"},{"geometry":{"coordinates":[[-111.96045,40.69369],[-111.96052,40.69294],[-111.95796,40.69294],[-111.95789,40.69308],[-111.95801,40.71223],[-111.96557,40.71221],[-111.96705,40.71191],[-111.97002,40.71186],[-111.97217,40.71119],[-111.97716,40.71118],[-111.97717,40.7147],[-111.98191,40.71469],[-111.98211,40.71831],[-111.98704,40.71837],[-111.98829,40.71812],[-111.98935,40.71722],[-111.98954,40.7162],[-111.98855,40.71377],[-111.98854,40.71297],[-111.98913,40.71204],[-111.99055,40.71135],[-111.99502,40.71086],[-111.99633,40.71107],[-111.99947,40.71211],[-112.00072,40.71234],[-112.00519,40.71206],[-112.00841,40.71236],[-112.00901,40.71258],[-112.01303,40.7124],[-112.01356,40.71258],[-112.01994,40.71242],[-112.02104,40.7121],[-112.02182,40.71128],[-112.02491,40.71112],[-112.02493,40.73245],[-111.99116,40.73254],[-111.99038,40.7323],[-111.9894,40.7311],[-111.98872,40.73087],[-111.96821,40.73084],[-111.96809,40.72812],[-111.96691,40.72794],[-111.96424,40.72695],[-111.96098,40.7262],[-111.95987,40.72617],[-111.95929,40.72666],[-111.9591,40.7278],[-111.958,40.72883],[-111.95802,40.74044],[-111.94475,40.74048],[-111.9409,40.74077],[-111.93711,40.74043],[-111.91686,40.74051],[-111.91683,40.76066],[-111.90529,40.76061],[-111.90507,40.76178],[-111.90507,40.76359],[-111.90545,40.76456],[-111.90545,40.76509],[-111.90813,40.76506],[-111.90834,40.76484],[-111.90833,40.76401],[-111.90848,40.76399],[-111.90894,40.76401],[-111.90967,40.76469],[-111.90984,40.76466],[-111.90918,40.76319],[-111.90902,40.76328],[-111.90894,40.76401],[-111.9088,40.76399],[-111.90967,40.76469],[-111.9099,40.7646],[-111.90918,40.76319]],"type":"LineString"},"properties":{"color":"#BE2036","color_name":"red","kind":"route","label":"513","long":"INDUSTRIAL BUSINESS PARK SHUTTLE","route_id":"33284","text_color":"#FFFFFF","type_label":"Bus"},"type":"Feature"},{"geometry":{"coordinates":[[-111.96016,40.69369],[-111.96038,40.69365],[-111.96046,40.69295],[-111.96755,40.69291],[-111.96756,40.69672],[-111.98664,40.69661],[-111.98659,40.66725],[-111.9869,40.66568],[-111.98697,40.64916],[-111.98694,40.64589],[-111.98649,40.64487],[-111.98645,40.63857],[-111.97913,40.63858],[-111.97894,40.63819],[-111.97822,40.63813],[-111.97829,40.63575],[-111.9787,40.63525],[-111.98019,40.63428],[-111.98045,40.63376],[-111.97961,40.63232],[-111.9793,40.63052],[-111.9777,40.62839],[-111.97739,40.62747],[-111.97739,40.62447],[-111.9796,40.62438],[-111.9793,40.62382],[-111.98113,40.62283],[-111.9822,40.62159],[-111.9826,40.62002],[-111.98226,40.6177],[-111.98245,40.6168],[-111.9838,40.61366],[-111.98565,40.61211],[-111.98635,40.6109],[-111.98642,40.58788],[-111.97217,40.58789],[-111.97233,40.59105],[-111.97176,40.59251],[-111.97075,40.5924],[-111.96957,40.59262],[-111.96908,40.59296],[-111.9687,40.59359],[-111.96872,40.59422],[-111.96914,40.59499],[-111.9704,40.59501]],"type":"LineString"},"properties":{"color":"#004A97","color_name":"teal","kind":"route","label":"240","long":"4000 WEST/ DIXIE VALLEY","route_id":"34504","text_color":"#FFFFFF","type_label":"Bus"},"type":"Feature"},{"geometry":{"coordinates":[[-111.96023,40.69342],[-111.96004,40.69324],[-111.96006,40.69294],[-111.95796,40.69294],[-111.95789,40.69308],[-111.95785,40.70305],[-111.958,40.70392],[-112.00575,40.70387],[-112.00567,40.66703],[-112.006,40.66635],[-112.00639,40.66601],[-112.00865,40.66511],[-112.0094,40.66444],[-112.00959,40.66391],[-112.00958,40.66055],[-112.00769,40.65717],[-112.00697,40.65663],[-112.00591,40.65644],[-112.00585,40.65477],[-112.00388,40.65279],[-112.00608,40.65279],[-112.00605,40.65201],[-112.00562,40.65114],[-112.00543,40.63828],[-112.00575,40.63745],[-112.007,40.63627],[-112.0073,40.63533],[-112.00722,40.62791],[-112.00693,40.62712],[-112.00565,40.6256],[-112.00543,40.62405],[-112.01287,40.62401],[-112.01288,40.62169],[-112.01383,40.62018],[-112.0139,40.61905],[-112.01211,40.61552],[-112.01176,40.61439],[-112.0118,40.61348],[-112.01262,40.61118],[-112.01267,40.60763],[-112.01314,40.60704],[-112.01619,40.60456],[-112.01903,40.60392],[-112.01972,40.6036],[-112.02007,40.60296],[-112.02006,40.60109],[-112.01979,40.59955],[-112.01681,40.5973],[-112.01478,40.59459],[-112.01471,40.58794],[-111.99361,40.5879],[-111.9934,40.58773],[-111.99347,40.58728],[-111.99394,40.58683],[-112.0043,40.58179]],"type":"LineString"},"properties":{"color":"#004A97","color_name":"teal","kind":"route","label":"248","long":"4800 WEST","route_id":"34505","text_color":"#FFFFFF","type_label":"Bus"},"type":"Feature"},{"geometry":{"coordinates":[[-112.02673,40.6095],[-112.02824,40.60963],[-112.02849,40.60945],[-112.02824,40.60926],[-112.02425,40.60945],[-112.02432,40.61229],[-112.02412,40.61264],[-112.02438,40.61373],[-112.02457,40.62432],[-112.0249,40.70799],[-112.02014,40.70789],[-112.01993,40.70805],[-112.02019,40.70952],[-112.02149,40.71037],[-112.0217,40.71126],[-112.02545,40.71109]],"type":"LineString"},"properties":{"color":"#004A97","color_name":"teal","kind":"route","label":"F556","long":"5600 WEST FLEX","route_id":"34520","text_color":"#FFFFFF","type_label":"Bus"},"type":"Feature"},{"geometry":{"coordinates":[[-111.89344,40.61052],[-111.89389,40.61066],[-111.89408,40.61038],[-111.89439,40.61034],[-111.89455,40.61047],[-111.89454,40.61093],[-111.90547,40.61093],[-111.91567,40.61032],[-111.91581,40.61199],[-111.91565,40.6145],[-111.91608,40.61599],[-111.91477,40.61632],[-111.91461,40.61683],[-111.91478,40.617],[-111.91549,40.61691],[-111.9154,40.61616],[-111.91608,40.61599],[-111.91639,40.61834],[-111.91596,40.61954],[-111.91439,40.62153],[-111.91646,40.62303],[-111.91857,40.62376],[-111.92464,40.62382],[-111.92733,40.62416],[-111.97827,40.62407],[-111.97989,40.62359],[-111.98113,40.62283],[-111.98209,40.62178],[-111.98256,40.62048],[-111.98228,40.61749],[-111.9832,40.61498],[-111.98175,40.61466],[-111.98089,40.61411],[-111.98025,40.61308],[-111.98016,40.61231],[-111.98037,40.6117],[-111.98127,40.61065],[-111.98142,40.60948],[-111.98482,40.60953]],"type":"LineString"},"properties":{"color":"#004A97","color_name":"teal","kind":"route","label":"F570","long":"7000 SOUTH FLEX","route_id":"34521","text_color":"#FFFFFF","type_label":"Bus"},"type":"Feature"},{"geometry":{"coordinates":[[-112.02673,40.6095],[-112.02824,40.60963],[-112.02849,40.60945],[-112.02824,40.60926],[-112.01402,40.60948],[-111.93091,40.60955],[-111.92542,40.6088],[-111.91822,40.61012],[-111.90756,40.61084],[-111.89454,40.61093],[-111.89451,40.6104],[-111.89329,40.61003],[-111.89315,40.61018],[-111.89344,40.61052]],"type":"LineString"},"properties":{"color":"#004A97","color_name":"teal","kind":"route","label":"F578","long":"7800 SOUTH FLEX","route_id":"34522","text_color":"#FFFFFF","type_label":"Bus"},"type":"Feature"},{"geometry":{"coordinates":[[-111.71245,40.27539],[-111.70494,40.27531],[-111.7047,40.27544],[-111.70464,40.27366],[-111.68228,40.27352],[-111.67791,40.27302],[-111.6753,40.27296],[-111.67404,40.27269],[-111.67288,40.27195],[-111.67229,40.27103],[-111.67218,40.27034],[-111.67246,40.26783],[-111.67222,40.26692],[-111.67174,40.2662],[-111.66626,40.26229],[-111.66178,40.258],[-111.66206,40.24299],[-111.64655,40.24303],[-111.6465,40.24586],[-111.64309,40.24587],[-111.64321,40.23309],[-111.64281,40.23156],[-111.6426,40.22584],[-111.64307,40.22518],[-111.63253,40.21103],[-111.62977,40.20778],[-111.6283,40.20636],[-111.6208,40.20104],[-111.61384,40.19373],[-111.61234,40.19185],[-111.61185,40.19088],[-111.61086,40.18785],[-111.61068,40.18662],[-111.61059,40.17225],[-111.6033,40.17227],[-111.60332,40.16104],[-111.61065,40.16113],[-111.61072,40.15724],[-111.61174,40.15214],[-111.61188,40.15059],[-111.61146,40.14437],[-111.61158,40.14326],[-111.61187,40.14256],[-111.62964,40.12245],[-111.63091,40.12284],[-111.63657,40.12267],[-111.63767,40.12223],[-111.64062,40.12012],[-111.64068,40.10977],[-111.65479,40.10985],[-111.65484,40.10521],[-111.65519,40.1036],[-111.65583,40.08876],[-111.65613,40.08709],[-111.65793,40.08303],[-111.66095,40.07498],[-111.66938,40.05916],[-111.6698,40.05868],[-111.67488,40.05624],[-111.67832,40.05391],[-111.68469,40.05032],[-111.68665,40.04948],[-111.71562,40.04459],[-111.73353,40.04451],[-111.73385,40.04413],[-111.73396,40.03392],[-111.73453,40.03273],[-111.73602,40.0313],[-111.75073,40.03137],[-111.75056,40.03395],[-111.75085,40.03445],[-111.75198,40.03468],[-111.75298,40.03441],[-111.75429,40.03331],[-111.75429,40.03217],[-111.7541,40.03192]],"type":"LineString"},"properties":{"color":"#BE2036","color_name":"red","kind":"route","label":"822","long":"SOUTH UTAH COUNTY BYU/UVU LIMITED","route_id":"35675","text_color":"#FFFFFF","type_label":"Bus"},"type":"Feature"},{"geometry":{"coordinates":[[-111.66099,40.22523],[-111.66198,40.22519],[-111.66059,40.22495],[-111.66058,40.22475],[-111.66088,40.22406],[-111.66071,40.22175],[-111.66239,40.22183],[-111.66193,40.22073],[-111.6619,40.21932],[-111.66057,40.21927],[-111.66039,40.21891],[-111.6605,40.21785],[-111.65899,40.21769],[-111.65873,40.22335],[-111.65866,40.24303],[-111.64655,40.24303],[-111.6465,40.24586],[-111.64309,40.24587],[-111.64326,40.25665],[-111.64732,40.25662],[-111.65017,40.25564],[-111.65352,40.25584],[-111.65861,40.25582],[-111.6598,40.25617],[-111.66626,40.26229],[-111.67174,40.2662],[-111.67222,40.26692],[-111.67246,40.26783],[-111.67218,40.27034],[-111.67229,40.27103],[-111.67288,40.27195],[-111.67429,40.27278],[-111.68228,40.27352],[-111.70464,40.27366],[-111.7047,40.27544],[-111.70494,40.27531],[-111.71098,40.2754],[-111.71097,40.27567],[-111.71238,40.27581],[-111.71288,40.2761],[-111.71315,40.276],[-111.71338,40.2751],[-111.71662,40.27546],[-111.72652,40.27523],[-111.72724,40.27508],[-111.72942,40.27746],[-111.73035,40.27912],[-111.72901,40.27895],[-111.72602,40.27897],[-111.72594,40.27932],[-111.72728,40.28129],[-111.72681,40.2814],[-111.72626,40.28077]],"type":"LineString"},"properties":{"color":"#1191D0","color_name":"teal","kind":"route","label":"830X","long":"UTAH VALLEY EXPRESS","route_id":"3686","text_color":"#FFFFFF","type_label":"Bus"},"type":"Feature"},{"geometry":{"coordinates":[[-111.679,40.2732],[-111.6811,40.2735],[-111.68462,40.2735],[-111.68855,40.28246],[-111.68369,40.28229],[-111.67634,40.28234],[-111.6762,40.28375],[-111.67626,40.28958],[-111.67679,40.3193],[-111.6808,40.31928],[-111.68079,40.32216],[-111.68017,40.3228],[-111.68094,40.32341],[-111.67843,40.32587],[-111.68089,40.3266],[-111.69694,40.32664],[-111.72487,40.32638],[-111.72452,40.31459],[-111.72256,40.31467],[-111.7204,40.31509],[-111.71977,40.3148],[-111.71957,40.31422],[-111.71963,40.312],[-111.72288,40.31191],[-111.72302,40.31076],[-111.72424,40.3097],[-111.72448,40.30913],[-111.72428,40.29864],[-111.72327,40.29718],[-111.72343,40.29654],[-111.72411,40.29576],[-111.72427,40.29501],[-111.72401,40.28265],[-111.72391,40.28242],[-111.71724,40.28268],[-111.71721,40.28229],[-111.71646,40.28197],[-111.71503,40.28005],[-111.71353,40.28004],[-111.71243,40.2795],[-111.70923,40.27979],[-111.70894,40.2796],[-111.70816,40.27831],[-111.70815,40.27606],[-111.70859,40.27567],[-111.71053,40.27567],[-111.71239,40.27581],[-111.71301,40.2761],[-111.71329,40.27555],[-111.71358,40.27538],[-111.715,40.27557],[-111.72652,40.27523],[-111.72724,40.27508],[-111.72942,40.27746],[-111.73035,40.27912],[-111.72901,40.27895],[-111.72602,40.27897],[-111.72594,40.27932],[-111.72728,40.28129],[-111.72681,40.2814],[-111.72626,40.28077]],"type":"LineString"},"properties":{"color":"#004A97","color_name":"teal","kind":"route","label":"862","long":"OREM EAST/WEST","route_id":"3687","text_color":"#FFFFFF","type_label":"Bus"},"type":"Feature"},{"geometry":{"coordinates":[[-111.66062,40.22517],[-111.66198,40.22519],[-111.66059,40.22495],[-111.66058,40.22475],[-111.66088,40.22406],[-111.66071,40.22175],[-111.66239,40.22183],[-111.66193,40.22073],[-111.6619,40.21932],[-111.66057,40.21927],[-111.66039,40.21891],[-111.6605,40.21785],[-111.65899,40.21769],[-111.65873,40.22335],[-111.65871,40.2297],[-111.64274,40.22966],[-111.64284,40.23182],[-111.64321,40.23309],[-111.64309,40.24587],[-111.6465,40.24586],[-111.64655,40.24303],[-111.65866,40.24303],[-111.65861,40.25582],[-111.66004,40.25632],[-111.66178,40.258],[-111.66128,40.26343],[-111.66603,40.26358],[-111.66727,40.26309],[-111.66807,40.26225],[-111.66781,40.26053],[-111.66805,40.25715],[-111.67214,40.25681],[-111.67269,40.2564],[-111.67335,40.25521],[-111.67534,40.25346],[-111.69465,40.25348],[-111.69515,40.27359],[-111.70464,40.27366],[-111.70494,40.27196],[-111.70552,40.27149],[-111.70758,40.27076],[-111.71177,40.27087],[-111.71203,40.27246],[-111.71357,40.27445],[-111.71358,40.27468],[-111.71324,40.2754],[-111.71274,40.27568],[-111.71094,40.27541],[-111.71095,40.2757],[-111.70859,40.27567],[-111.70827,40.27581],[-111.70816,40.27831],[-111.7088,40.2794],[-111.70937,40.27983],[-111.71066,40.27954],[-111.71243,40.2795],[-111.71353,40.28004],[-111.71503,40.28005],[-111.71646,40.28197],[-111.71721,40.28229],[-111.71724,40.28268],[-111.72391,40.28242],[-111.72423,40.28989],[-111.73391,40.28986],[-111.73367,40.28482],[-111.73156,40.28148],[-111.73035,40.27912],[-111.72901,40.27895],[-111.72602,40.27897],[-111.72594,40.27932],[-111.72728,40.28129],[-111.72681,40.2814],[-111.72626,40.28077]],"type":"LineString"},"properties":{"color":"#004A97","color_name":"teal","kind":"route","label":"831","long":"PROVO GRANDVIEW","route_id":"3711","text_color":"#FFFFFF","type_label":"Bus"},"type":"Feature"},{"geometry":{"coordinates":[[-111.66181,40.22506],[-111.66059,40.22495],[-111.66058,40.2246],[-111.66088,40.22397],[-111.66226,40.22398],[-111.6624,40.22178],[-111.6674,40.22165],[-111.6675,40.23369],[-111.67724,40.23369],[-111.67817,40.23329],[-111.68094,40.23144],[-111.68201,40.2312],[-111.68282,40.2313],[-111.68347,40.23162],[-111.68502,40.23346],[-111.68631,40.23385],[-111.71301,40.23383],[-111.71298,40.22282],[-111.71251,40.22059],[-111.71244,40.21747],[-111.71383,40.21721],[-111.71406,40.21668],[-111.71391,40.21541],[-111.71106,40.21297],[-111.71009,40.21284],[-111.70855,40.21358],[-111.70747,40.21366],[-111.70675,40.21401],[-111.70693,40.21462],[-111.7087,40.21461],[-111.71101,40.21553],[-111.71184,40.21622],[-111.71238,40.21719],[-111.71251,40.22059],[-111.71298,40.22282],[-111.71301,40.23383],[-111.68631,40.23385],[-111.68502,40.23346],[-111.68347,40.23162],[-111.68282,40.2313],[-111.68201,40.2312],[-111.68094,40.23144],[-111.67817,40.23329],[-111.67724,40.23369],[-111.6675,40.23369],[-111.6674,40.22165],[-111.66226,40.2217],[-111.66226,40.22398],[-111.66088,40.22397],[-111.66058,40.2246],[-111.66071,40.22521],[-111.66198,40.22519],[-111.66103,40.22499]],"type":"LineString"},"properties":{"color":"#004A97","color_name":"teal","kind":"route","label":"833","long":"AIRPORT/PROVO STATION","route_id":"3713","text_color":"#FFFFFF","type_label":"Bus"},"type":"Feature"},{"geometry":{"coordinates":[[-111.71239,40.27581],[-111.71301,40.2761],[-111.71329,40.27555],[-111.71358,40.27538],[-111.715,40.27557],[-111.71881,40.2754],[-111.71923,40.27498],[-111.71921,40.27446],[-111.71593,40.27159],[-111.70925,40.26378],[-111.69667,40.25251],[-111.69593,40.25131],[-111.69561,40.25032],[-111.69542,40.2453],[-111.69517,40.24445],[-111.69445,40.24324],[-111.67575,40.22449],[-111.66605,40.21638],[-111.66003,40.20897],[-111.65848,40.20661],[-111.65837,40.20599],[-111.6588,40.20549],[-111.65959,40.2053],[-111.66042,40.20561],[-111.66072,40.20614],[-111.66092,40.20724],[-111.65858,40.20829],[-111.65901,40.20927],[-111.65898,40.21464],[-111.66069,40.21468],[-111.66111,40.2151],[-111.66093,40.21732],[-111.66041,40.21801],[-111.6604,40.21904],[-111.66068,40.21931],[-111.6619,40.21932],[-111.66193,40.22073],[-111.66228,40.22152],[-111.6622,40.22177],[-111.66071,40.22175],[-111.66088,40.22406],[-111.66058,40.2246],[-111.66062,40.22517],[-111.66198,40.22519],[-111.66059,40.22495],[-111.66088,40.22406],[-111.66071,40.22175],[-111.6624,40.22178],[-111.66193,40.22073],[-111.6619,40.21932],[-111.66068,40.21931],[-111.6604,40.21904],[-111.66041,40.21801],[-111.66093,40.21732],[-111.66097,40.21549],[-111.6613,40.21469],[-111.66068,40.21455],[-111.65898,40.21464],[-111.65903,40.21145],[-111.65945,40.21041],[-111.6609,40.20819],[-111.66115,40.20719],[-111.66101,40.20634],[-111.66041,40.20529],[-111.65952,40.20451],[-111.65611,40.20333],[-111.6545,40.2022],[-111.64877,40.19499],[-111.64745,40.19234],[-111.64676,40.18937],[-111.64699,40.1358],[-111.6475,40.13166],[-111.64805,40.13084],[-111.64925,40.12984],[-111.64937,40.12938],[-111.64802,40.12699],[-111.64715,40.12599],[-111.64006,40.12041],[-111.64061,40.12005],[-111.64063,40.11881],[-111.64274,40.1188],[-111.64274,40.12008],[-111.64061,40.12005],[-111.64006,40.12041],[-111.64715,40.12599],[-111.64802,40.12699],[-111.64916,40.12891],[-111.64951,40.12871],[-111.64993,40.12795],[-111.65068,40.12737],[-111.65776,40.12358],[-111.6673,40.11645],[-111.67479,40.11034],[-111.68027,40.10631],[-111.68893,40.09944],[-111.69656,40.09188],[-111.70172,40.08598],[-111.70461,40.08316],[-111.71136,40.07721],[-111.72546,40.06323],[-111.73329,40.05467],[-111.7381,40.05049],[-111.75317,40.03552],[-111.75565,40.03353],[-111.75863,40.03206],[-111.75874,40.03147],[-111.75406,40.03139],[-111.75429,40.03217],[-111.75429,40.03331],[-111.75298,40.03441],[-111.75198,40.03468],[-111.75085,40.03445],[-111.75056,40.03395],[-111.75073,40.03137],[-111.75874,40.03147],[-111.75885,40.03023],[-111.76049,40.02795],[-111.76202,40.02486],[-111.76254,40.02307],[-111.76278,40.0213],[-111.76254,40.00781],[-111.76406,39.99149],[-111.76454,39.98907],[-111.76563,39.98566],[-111.76762,39.98173],[-111.7697,39.97874],[-111.77339,39.97557],[-111.79362,39.97567],[-111.79528,39.97618],[-111.79947,39.97835],[-111.79592,39.97651]],"type":"LineString"},"properties":{"color":"#BE2036","color_name":"red","kind":"route","label":"805","long":"SANTAQUIN/PAYSON/SF/PROVO STN/UVU","route_id":"37499","text_color":"#FFFFFF","type_label":"Bus"},"type":"Feature"},{"geometry":{"coordinates":[[-111.66099,40.22523],[-111.66198,40.22519],[-111.66059,40.22495],[-111.66058,40.22475],[-111.66088,40.22406],[-111.66071,40.22175],[-111.66239,40.22183],[-111.66193,40.22073],[-111.6619,40.21932],[-111.66057,40.21927],[-111.66039,40.21891],[-111.6605,40.21785],[-111.65899,40.21769],[-111.65873,40.22335],[-111.65869,40.23512],[-111.66747,40.23513],[-111.66742,40.24982],[-111.66764,40.25102],[-111.66847,40.25217],[-111.68103,40.26577],[-111.68178,40.26705],[-111.68455,40.27334],[-111.68195,40.27348],[-111.67791,40.27302],[-111.67605,40.27299],[-111.67634,40.28234],[-111.68369,40.28229],[-111.68855,40.28246],[-111.70823,40.32719],[-111.72121,40.34301],[-111.73874,40.3578],[-111.74069,40.35902],[-111.74076,40.36394],[-111.74218,40.3641],[-111.75024,40.36589],[-111.75117,40.36577],[-111.75273,40.36644],[-111.79192,40.37541],[-111.79248,40.37563],[-111.79351,40.37657],[-111.79417,40.37678],[-111.81175,40.37689],[-111.81186,40.37722],[-111.81288,40.37828],[-111.81456,40.38301],[-111.81503,40.38366],[-111.8162,40.38456],[-111.84865,40.3975],[-111.86765,40.41177],[-111.86885,40.41207],[-111.87142,40.41191],[-111.8722,40.41223],[-111.87268,40.41302],[-111.8768,40.41329],[-111.87714,40.41699],[-111.87787,40.41805],[-111.8789,40.41895],[-111.87982,40.41866],[-111.88094,40.41871],[-111.88176,40.41905],[-111.88307,40.42005],[-111.88396,40.42031],[-111.88812,40.42028],[-111.88896,40.42049],[-111.89033,40.42154],[-111.89366,40.42473],[-111.8938,40.42594],[-111.89516,40.42595],[-111.89534,40.42616],[-111.89584,40.42582]],"type":"LineString"},"properties":{"color":"#2EB566","color_name":"green","kind":"route","label":"850","long":"STATE STREET","route_id":"37811","text_color":"#FFFFFF","type_label":"Bus"},"type":"Feature"},{"geometry":{"coordinates":[[-111.98348,40.78425],[-111.98099,40.78422],[-111.98036,40.78389],[-111.97973,40.77803],[-111.97992,40.7773],[-111.98036,40.77664],[-111.98133,40.77593],[-111.98412,40.77454],[-111.98502,40.77369],[-111.98565,40.77227],[-111.98563,40.77049],[-111.98479,40.7689],[-111.98337,40.76756],[-111.98147,40.76654],[-111.97958,40.76605],[-111.9715,40.76512],[-111.96893,40.76514],[-111.96661,40.76542],[-111.96342,40.76622],[-111.95819,40.76805],[-111.95103,40.7711],[-111.94805,40.77161],[-111.90383,40.77169],[-111.90259,40.77124],[-111.90251,40.76933],[-111.89157,40.76935],[-111.89122,40.76928],[-111.89106,40.76901],[-111.89107,40.75435],[-111.89141,40.75413],[-111.8964,40.75412],[-111.8968,40.75386],[-111.89694,40.7224],[-111.90563,40.72236],[-111.90629,40.72252],[-111.90811,40.72353],[-111.90926,40.72375],[-111.91288,40.72319],[-111.92094,40.7238],[-111.92234,40.72353],[-111.92314,40.72304],[-111.92379,40.72207],[-111.92384,40.71687],[-111.92454,40.71529],[-111.92481,40.71377],[-111.92562,40.71298],[-111.92621,40.71274],[-111.93511,40.71125],[-111.94318,40.71112],[-111.94343,40.71089],[-111.94392,40.70939],[-111.94442,40.70877],[-111.94854,40.70564],[-111.94877,40.70379],[-111.95789,40.70369],[-111.95801,40.69458],[-111.9583,40.69436],[-111.96052,40.69433],[-111.96074,40.69401],[-111.96074,40.69304]],"type":"LineString"},"properties":{"color":"#2EB566","color_name":"green","kind":"route","label":"704","long":"Green Line","route_id":"39020","text_color":"#FFFFFF","type_label":"Tram / light rail"},"type":"Feature"},{"geometry":{"coordinates":[[-111.74981,40.31169],[-111.74963,40.31149],[-111.74989,40.31112],[-111.75125,40.31143],[-111.75197,40.31106],[-111.75421,40.31055],[-111.75349,40.30747],[-111.75388,40.30478],[-111.75334,40.30159],[-111.75328,40.29915],[-111.75367,40.298],[-111.75364,40.2972],[-111.75392,40.29703],[-111.75367,40.29681],[-111.75342,40.297],[-111.73847,40.29714],[-111.73674,40.29814],[-111.73558,40.29729],[-111.73237,40.29711],[-111.69349,40.29717],[-111.67297,40.29688],[-111.66599,40.29706],[-111.66302,40.29758],[-111.66314,40.29853],[-111.66252,40.30109],[-111.66292,40.30242],[-111.66235,40.30378],[-111.66122,40.30363],[-111.66016,40.30315],[-111.65774,40.30279],[-111.65586,40.30278],[-111.65816,40.29216],[-111.65875,40.28594],[-111.65867,40.28403],[-111.65693,40.27049],[-111.65708,40.26906],[-111.65858,40.26337],[-111.66603,40.26358],[-111.66727,40.26309],[-111.6647,40.26093],[-111.66178,40.258],[-111.66221,40.2391],[-111.66226,40.22398],[-111.66088,40.22397],[-111.66058,40.2246],[-111.66062,40.22517],[-111.66194,40.22527]],"type":"LineString"},"properties":{"color":"#004A97","color_name":"teal","kind":"route","label":"834","long":"VINEYARD/RIVERWOODS/ PROVO STATION","route_id":"39024","text_color":"#FFFFFF","type_label":"Bus"},"type":"Feature"},{"geometry":{"coordinates":[[-111.98065,41.22435],[-111.98082,41.21805],[-111.98132,41.21666],[-111.98328,41.21376],[-111.98405,41.21115],[-111.98437,41.21062],[-111.98489,41.21027],[-111.98599,41.21001],[-111.99113,41.21045],[-111.99742,41.21053],[-112.0083,41.2103],[-112.01128,41.20998],[-112.01392,41.20917],[-112.01733,41.20735],[-112.03903,41.18929],[-112.04041,41.18774],[-112.04169,41.18593],[-112.04298,41.18359],[-112.04424,41.18024],[-112.04469,41.1779],[-112.04482,41.17644],[-112.04457,41.17255],[-112.04335,41.16847],[-112.03616,41.14935],[-112.0359,41.14714],[-112.03522,41.12504],[-112.03482,41.12288],[-112.0341,41.1213],[-112.03282,41.11947],[-112.00969,41.08909],[-112.00598,41.0843],[-112.00465,41.08293],[-112.00282,41.08142],[-111.9673,41.05846],[-111.97308,41.06219],[-111.96518,41.05698],[-111.96313,41.05511],[-111.95837,41.04764],[-111.94923,41.03261],[-111.93993,41.01282],[-111.93768,41.00932],[-111.93533,41.00702],[-111.93257,41.00517],[-111.90294,40.98671],[-111.90146,40.98575],[-111.89958,40.98413],[-111.89896,40.98352],[-111.89824,40.9821],[-111.89212,40.96605],[-111.89175,40.96437],[-111.8922,40.90362],[-111.89276,40.90181],[-111.89896,40.89038],[-111.9056,40.87472],[-111.90928,40.86377],[-111.91768,40.84009],[-111.91834,40.83114],[-111.91811,40.82753],[-111.91862,40.82045],[-111.91912,40.81817],[-111.91968,40.80903],[-111.91971,40.80377],[-111.9193,40.80233],[-111.91851,40.80081],[-111.91091,40.79237],[-111.90925,40.79119],[-111.9063,40.78999],[-111.9057,40.7894],[-111.90544,40.7888],[-111.90538,40.78432],[-111.9051,40.78061],[-111.90523,40.77114],[-111.90574,40.77028],[-111.90624,40.76988],[-111.90932,40.76893],[-111.9102,40.76844],[-111.91074,40.76776],[-111.91098,40.76677],[-111.91047,40.76522],[-111.90863,40.76137],[-111.90843,40.76042],[-111.90887,40.75791],[-111.90894,40.74849],[-111.90841,40.74089],[-111.90843,40.71391],[-111.90784,40.71081],[-111.89733,40.67991],[-111.89699,40.67811],[-111.89568,40.66479],[-111.8958,40.6627],[-111.89659,40.65981],[-111.89995,40.65011],[-111.90035,40.64704],[-111.90081,40.6397],[-111.90665,40.61589],[-111.90687,40.61438],[-111.9068,40.61254],[-111.90271,40.59025],[-111.9028,40.58842],[-111.9045,40.57654],[-111.90447,40.57493],[-111.90394,40.57318],[-111.901,40.56772],[-111.9006,40.56663],[-111.9004,40.56521],[-111.90468,40.52943],[-111.90411,40.5127],[-111.90443,40.51111],[-111.9052,40.50956],[-111.92605,40.4802],[-111.93143,40.4715],[-111.93209,40.46989],[-111.93321,40.46337],[-111.93325,40.46211],[-111.93297,40.46053],[-111.93218,40.45879],[-111.93102,40.4573],[-111.9243,40.45199],[-111.92295,40.45042],[-111.9225,40.44939],[-111.92229,40.44814],[-111.92282,40.44435],[-111.92254,40.44349],[-111.92198,40.44274],[-111.92096,40.442],[-111.91984,40.44159],[-111.91387,40.44071],[-111.91269,40.44023],[-111.91151,40.43945],[-111.89028,40.41979],[-111.85698,40.39167],[-111.85597,40.39058],[-111.85546,40.38938],[-111.85502,40.3842],[-111.85444,40.38318],[-111.85364,40.38243],[-111.8524,40.38177],[-111.85123,40.38144],[-111.80687,40.37215],[-111.80339,40.37081],[-111.80018,40.3687],[-111.76232,40.33067],[-111.75089,40.31404],[-111.72145,40.27519],[-111.71913,40.27253],[-111.71453,40.26615],[-111.713,40.26434],[-111.67492,40.22756],[-111.67312,40.22656],[-111.67087,40.22593],[-111.66315,40.22577],[-111.65927,40.22545]],"type":"LineString"},"properties":{"color":"#C227B9","color_name":"pink","kind":"route","label":"750","long":"FrontRunner","route_id":"41065","text_color":"#FFFFFF","type_label":"Rail"},"type":"Feature"},{"geometry":{"coordinates":[[-111.93304,40.77231],[-111.93304,40.77164],[-111.94693,40.77165],[-111.95022,40.77144],[-111.95537,40.76946],[-111.96167,40.76665],[-111.96545,40.76551],[-111.9679,40.76506],[-111.97199,40.76489],[-111.97936,40.76568],[-111.981,40.76552],[-111.98445,40.76477],[-111.98863,40.76487],[-111.99215,40.76529],[-111.99339,40.76562],[-112.00025,40.76832],[-112.00359,40.7694],[-112.0046,40.77],[-112.00535,40.77081],[-112.00563,40.77176],[-112.00563,40.77353],[-112.01362,40.77353],[-112.01722,40.77422],[-112.01974,40.77424],[-112.01974,40.77641],[-112.02647,40.7764],[-112.02742,40.77669],[-112.02949,40.77814],[-112.03082,40.7787],[-112.03621,40.77878],[-112.03622,40.78129],[-112.02498,40.78129],[-112.02498,40.78419],[-112.03625,40.78416],[-112.03622,40.78129],[-112.01975,40.78131],[-112.01974,40.77629],[-112.01459,40.77631],[-112.01461,40.78134],[-112.00586,40.78135],[-112.00582,40.77086],[-112.00527,40.76967],[-112.00427,40.76901],[-112.00103,40.76826],[-111.9946,40.7655],[-111.9899,40.76445],[-111.97904,40.76342],[-111.97254,40.76234],[-111.9706,40.76236],[-111.9681,40.76305],[-111.95652,40.76877],[-111.95092,40.77106],[-111.94914,40.7714],[-111.93927,40.77142],[-111.93927,40.77224]],"type":"LineString"},"properties":{"color":"#BE2036","color_name":"red","kind":"route","label":"551","long":"INTERNATIONAL CENTER","route_id":"41354","text_color":"#FFFFFF","type_label":"Bus"},"type":"Feature"},{"geometry":{"coordinates":[[-111.89489,40.66041],[-111.89577,40.65879],[-111.89503,40.65792],[-111.89408,40.65946],[-111.89304,40.66261],[-111.89196,40.66402],[-111.89105,40.66437],[-111.88831,40.66433],[-111.8883,40.65577],[-111.88931,40.63481],[-111.8906,40.62081],[-111.89096,40.59014],[-111.89091,40.57269],[-111.88897,40.57255],[-111.88738,40.57153],[-111.88495,40.57045],[-111.88479,40.57062],[-111.88506,40.57109],[-111.88579,40.57094],[-111.887,40.57139],[-111.8878,40.57035],[-111.8889,40.5698],[-111.89573,40.5697],[-111.89586,40.56598],[-111.8957,40.56454],[-111.89501,40.56466],[-111.89499,40.5697],[-111.90445,40.5697],[-111.90448,40.56849],[-111.90259,40.5624],[-111.9012,40.56253],[-111.90107,40.56369]],"type":"LineString"},"properties":{"color":"#004A97","color_name":"teal","kind":"route","label":"201","long":"STATE STREET SOUTH","route_id":"44246","text_color":"#FFFFFF","type_label":"Bus"},"type":"Feature"},{"geometry":{"coordinates":[[-111.89675,40.72373],[-111.89677,40.72246],[-111.89644,40.72225],[-111.87662,40.72228],[-111.87457,40.72235],[-111.87179,40.72275],[-111.86147,40.72273]],"type":"LineString"},"properties":{"color":"#77777A","color_name":"gray","kind":"route","label":"720","long":"S-Line","route_id":"45389","text_color":"#FFFFFF","type_label":"Tram / light rail"},"type":"Feature"},{"geometry":{"coordinates":[[-111.93592,40.60521],[-111.9357,40.60531],[-111.93565,40.60582],[-111.93874,40.60562],[-111.9388,40.66765],[-111.93887,40.66982],[-111.9403,40.66997],[-111.94026,40.67098],[-111.93983,40.6711],[-111.93948,40.67077],[-111.93968,40.67059],[-111.94029,40.67059],[-111.9403,40.66997],[-111.93887,40.66982],[-111.93903,40.75935],[-111.93927,40.77164],[-111.94693,40.77165],[-111.94699,40.77293],[-111.94733,40.77359],[-111.94741,40.77581]],"type":"LineString"},"properties":{"color":"#2EB566","color_name":"green","kind":"route","label":"217","long":"REDWOOD ROAD","route_id":"45407","text_color":"#FFFFFF","type_label":"Bus"},"type":"Feature"},{"geometry":{"coordinates":[[-111.89733,40.72489],[-111.89709,40.72489],[-111.89701,40.7247],[-111.89709,40.72373],[-111.89971,40.72371],[-111.8997,40.7335],[-111.84798,40.73349],[-111.848,40.74857],[-111.84719,40.74934],[-111.84716,40.74979],[-111.8453,40.7498],[-111.84527,40.75895],[-111.84488,40.75928],[-111.84412,40.75947],[-111.84269,40.75916],[-111.84141,40.75927],[-111.83582,40.76211],[-111.8356,40.76238],[-111.83674,40.76534],[-111.83665,40.76636],[-111.83626,40.76737],[-111.83629,40.76794],[-111.83671,40.76843],[-111.83855,40.76953],[-111.84007,40.77104],[-111.84055,40.77174],[-111.84066,40.77299],[-111.84079,40.77303],[-111.84208,40.77278],[-111.84337,40.77123],[-111.84488,40.77097],[-111.84489,40.76951],[-111.84414,40.76611],[-111.84438,40.76574],[-111.84512,40.76542],[-111.84524,40.76499]],"type":"LineString"},"properties":{"color":"#004A97","color_name":"teal","kind":"route","label":"17","long":"1700 SOUTH","route_id":"45408","text_color":"#FFFFFF","type_label":"Bus"},"type":"Feature"},{"geometry":{"coordinates":[[-111.84516,40.76481],[-111.84452,40.76419],[-111.84374,40.7646],[-111.84437,40.76542],[-111.84414,40.76661],[-111.84486,40.76933],[-111.84488,40.77097],[-111.84333,40.77117],[-111.84283,40.77157],[-111.84206,40.77271],[-111.84066,40.77298],[-111.84062,40.772],[-111.84029,40.77129],[-111.83833,40.76925],[-111.83629,40.76794],[-111.83626,40.76737],[-111.83686,40.766],[-111.83691,40.76533],[-111.83596,40.76358],[-111.8356,40.76238],[-111.84146,40.75944],[-111.84255,40.75931],[-111.84508,40.75978],[-111.84544,40.75833],[-111.8453,40.7498],[-111.84873,40.7498],[-111.84938,40.74961],[-111.85216,40.7498],[-111.89968,40.74977],[-111.89966,40.74158],[-111.91361,40.74155],[-111.91642,40.74053],[-111.92807,40.74045],[-111.92912,40.74236],[-111.93035,40.74318],[-111.9297,40.74386],[-111.92935,40.74385],[-111.92912,40.7441],[-111.92945,40.74438],[-111.92948,40.75127],[-111.928,40.75127],[-111.928,40.755],[-111.92948,40.755],[-111.92949,40.76064],[-111.93997,40.76061],[-111.941,40.76032],[-111.94364,40.75908],[-111.94317,40.75851]],"type":"LineString"},"properties":{"color":"#2EB566","color_name":"green","kind":"route","label":"9","long":"900 SOUTH","route_id":"45409","text_color":"#FFFFFF","type_label":"Bus"},"type":"Feature"},{"geometry":{"coordinates":[[-111.9091,40.76318],[-111.90894,40.76401],[-111.90975,40.76469],[-111.90977,40.76498],[-111.85233,40.76503],[-111.85231,40.76062],[-111.85389,40.76065],[-111.8539,40.7498],[-111.85963,40.74979],[-111.85959,40.72437],[-111.85715,40.71916],[-111.85539,40.7127],[-111.84822,40.69288],[-111.84536,40.68788],[-111.84324,40.68142],[-111.84226,40.6762],[-111.8395,40.66763],[-111.83903,40.66429],[-111.8384,40.66332],[-111.83518,40.66026],[-111.83475,40.65912],[-111.83501,40.64199],[-111.83527,40.6414],[-111.83633,40.64069],[-111.83461,40.63861],[-111.83428,40.63758],[-111.83399,40.62791],[-111.83402,40.62616],[-111.83428,40.62469],[-111.8343,40.61752],[-111.83353,40.61445],[-111.83177,40.61099],[-111.8321,40.60986],[-111.83279,40.60904],[-111.83302,40.60835],[-111.83286,40.60683],[-111.83311,40.60302],[-111.83293,40.60211],[-111.83223,40.60054],[-111.83177,40.59502],[-111.83204,40.59421],[-111.83374,40.59166],[-111.83413,40.5902],[-111.83402,40.5797],[-111.83442,40.57867],[-111.8336,40.57841],[-111.83246,40.57847],[-111.83253,40.57883],[-111.83317,40.57882]],"type":"LineString"},"properties":{"color":"#004A97","color_name":"teal","kind":"route","label":"220","long":"HIGHLAND DRIVE / 1100 EAST","route_id":"45418","text_color":"#FFFFFF","type_label":"Bus"},"type":"Feature"},{"geometry":{"coordinates":[[-111.90107,40.56369],[-111.90097,40.56382],[-111.90121,40.56398],[-111.90301,40.56371],[-111.90247,40.56192],[-111.90276,40.56105],[-111.90273,40.55892],[-111.91013,40.559],[-111.91033,40.5579],[-111.91097,40.55732],[-111.91225,40.55675],[-111.91336,40.55497],[-111.91381,40.55482],[-111.91422,40.55435],[-111.91631,40.55357],[-111.91693,40.55107],[-111.91727,40.55054],[-111.91719,40.54939],[-111.91792,40.54431],[-111.92915,40.54416],[-111.92914,40.56217],[-111.93867,40.56232],[-111.93874,40.60562],[-111.9375,40.60573],[-111.93715,40.60489],[-111.93592,40.60521]],"type":"LineString"},"properties":{"color":"#004A97","color_name":"teal","kind":"route","label":"218","long":"SOUTH JORDAN","route_id":"45422","text_color":"#FFFFFF","type_label":"Bus"},"type":"Feature"},{"geometry":{"coordinates":[[-111.97347,40.58423],[-111.97327,40.58496],[-111.97249,40.58576],[-111.97251,40.58644],[-111.97214,40.58694],[-111.97234,40.5909],[-111.97182,40.59223],[-111.97176,40.59321],[-111.96867,40.59396],[-111.96914,40.59499],[-111.97008,40.59507],[-111.971,40.59481],[-111.97056,40.59345],[-111.9691,40.59392],[-111.96745,40.59393],[-111.96731,40.58776],[-111.90906,40.58775],[-111.90501,40.588],[-111.89075,40.58809],[-111.89088,40.59172],[-111.88505,40.59167],[-111.88521,40.58973],[-111.88503,40.58881],[-111.88556,40.58886],[-111.8856,40.58842]],"type":"LineString"},"properties":{"color":"#004A97","color_name":"teal","kind":"route","label":"F590","long":"9000 SOUTH FLEX","route_id":"45424","text_color":"#FFFFFF","type_label":"Bus"},"type":"Feature"},{"geometry":{"coordinates":[[-111.88488,40.57101],[-111.88556,40.5711],[-111.88585,40.57095],[-111.887,40.57139],[-111.88808,40.57015],[-111.88958,40.56971],[-111.90445,40.5697],[-111.90449,40.56855],[-111.90277,40.56294],[-111.90106,40.56302],[-111.90098,40.56384],[-111.90121,40.56402],[-111.90186,40.56401],[-111.90187,40.56442],[-111.9032,40.56431],[-111.90247,40.56192],[-111.90276,40.56105],[-111.90274,40.55722],[-111.90334,40.55492],[-111.90305,40.55444],[-111.90262,40.55424],[-111.8997,40.55393],[-111.89925,40.55353],[-111.89867,40.55243],[-111.89866,40.54428],[-111.89849,40.54224],[-111.89587,40.52993],[-111.89567,40.52678],[-111.90667,40.5268],[-111.90659,40.52204],[-111.90564,40.52036],[-111.90575,40.51992],[-111.90626,40.51947],[-111.9057,40.51872],[-111.90565,40.51417],[-111.90472,40.5142],[-111.90465,40.51476]],"type":"LineString"},"properties":{"color":"#004A97","color_name":"teal","kind":"route","label":"F514","long":"JORDAN GATEWAY FLEX","route_id":"48851","text_color":"#FFFFFF","type_label":"Bus"},"type":"Feature"},{"geometry":{"coordinates":[[-111.90518,40.98766],[-111.90558,40.9879],[-111.90585,40.98784],[-111.9058,40.98762],[-111.90498,40.98716],[-111.90683,40.98544],[-111.90723,40.98544],[-111.90905,40.98664],[-111.9107,40.98523],[-111.90917,40.98409],[-111.90904,40.98209],[-111.9045,40.98204],[-111.902,40.98061],[-111.89621,40.98055],[-111.89628,40.98175],[-111.89662,40.98202],[-111.89726,40.98211],[-111.89838,40.98475],[-111.90023,40.98718],[-111.90059,40.9884],[-111.90024,40.98936],[-111.89913,40.98999],[-111.897,40.99021],[-111.89674,40.9906],[-111.89672,40.9914],[-111.89353,40.99134],[-111.89282,40.99053],[-111.89184,40.99015],[-111.88827,40.99027],[-111.88782,40.99005],[-111.88753,40.98953],[-111.88755,40.98212],[-111.88539,40.98211],[-111.88539,40.98118],[-111.88603,40.98068],[-111.88603,40.98049],[-111.89621,40.98055],[-111.89628,40.98175],[-111.89662,40.98202],[-111.89726,40.98211],[-111.89795,40.98398],[-111.90023,40.98718],[-111.90059,40.9884],[-111.90046,40.98905],[-111.89978,40.98973],[-111.89913,40.98999],[-111.897,40.99021],[-111.89674,40.9906],[-111.89672,40.9914],[-111.9021,40.99133],[-111.90342,40.99104],[-111.90437,40.99056],[-111.912,40.98403],[-111.91204,40.98366],[-111.91135,40.98255],[-111.91133,40.98235],[-111.9116,40.98215],[-111.91147,40.98197],[-111.90904,40.98209],[-111.90909,40.98391],[-111.90945,40.9844],[-111.9107,40.98523],[-111.91042,40.9855],[-111.90905,40.98664],[-111.90723,40.98544],[-111.90719,40.9851],[-111.90689,40.9851],[-111.90683,40.98544],[-111.90489,40.98724],[-111.90518,40.98766]],"type":"LineString"},"properties":{"color":"#004A97","color_name":"teal","kind":"route","label":"667","long":"LAGOON /  STATION PARK SHUTTLE","route_id":"48862","text_color":"#FFFFFF","type_label":"Bus"},"type":"Feature"},{"geometry":{"coordinates":[[-111.89384,40.67729],[-111.89382,40.67692],[-111.89351,40.67703],[-111.89384,40.67729],[-111.89384,40.678],[-111.89126,40.67799],[-111.89128,40.67442],[-111.90421,40.67449],[-111.90934,40.67505],[-111.91156,40.675],[-111.92331,40.67195],[-111.933,40.66836],[-111.93633,40.66772],[-111.9388,40.66765],[-111.93887,40.66982],[-111.9403,40.66997],[-111.94026,40.67098],[-111.93983,40.6711],[-111.93948,40.67077],[-111.93968,40.67059],[-111.94029,40.67059],[-111.9403,40.66997],[-111.93887,40.66982],[-111.9388,40.66765],[-111.98691,40.66757],[-111.98948,40.66724],[-112.00619,40.66727],[-112.00806,40.66759],[-112.02469,40.66757],[-112.02477,40.68209],[-111.96753,40.68213],[-111.96755,40.69291],[-111.96006,40.69294],[-111.96004,40.69334]],"type":"LineString"},"properties":{"color":"#004A97","color_name":"teal","kind":"route","label":"47","long":"4700 SOUTH","route_id":"51572","text_color":"#FFFFFF","type_label":"Bus"},"type":"Feature"},{"geometry":{"coordinates":[[-111.90828,40.76152],[-111.90811,40.7649],[-111.90258,40.76511],[-111.90251,40.76933],[-111.89157,40.76935],[-111.89122,40.76928],[-111.89106,40.76901],[-111.89107,40.75435],[-111.89141,40.75413],[-111.8964,40.75412],[-111.89681,40.7538],[-111.89696,40.68908],[-111.8949,40.68204],[-111.89405,40.67801],[-111.89419,40.66837],[-111.89387,40.6649],[-111.89401,40.66352],[-111.89445,40.66194],[-111.89732,40.6567],[-111.89806,40.65417],[-111.89854,40.62074],[-111.89817,40.61808],[-111.89745,40.61607],[-111.89576,40.61323],[-111.89428,40.61155],[-111.88876,40.60631],[-111.88735,40.60431],[-111.88653,40.60228],[-111.88548,40.59314],[-111.88643,40.57998],[-111.88633,40.57791],[-111.88419,40.56913],[-111.88079,40.55958],[-111.87916,40.54689],[-111.87819,40.54387],[-111.87639,40.54093],[-111.86391,40.52703],[-111.862,40.52599],[-111.85833,40.52545]],"type":"LineString"},"properties":{"color":"#004A97","color_name":"teal","kind":"route","label":"701","long":"Blue Line","route_id":"5907","text_color":"#FFFFFF","type_label":"Tram / light rail"},"type":"Feature"},{"geometry":{"coordinates":[[-111.96553,41.05766],[-111.96491,41.058],[-111.96343,41.05589],[-111.96571,41.05535],[-111.96748,41.05455],[-111.96467,41.05568],[-111.96343,41.05589],[-111.96336,41.05577],[-111.96563,41.05523],[-111.96972,41.05346],[-111.97449,41.05205],[-111.98019,41.04934],[-111.98464,41.04889],[-111.9867,41.04841],[-111.98797,41.04834],[-111.98796,41.06018],[-111.98612,41.06019],[-111.98613,41.0608],[-111.98649,41.06149],[-111.98646,41.06443],[-111.98839,41.06446],[-111.98884,41.06476],[-111.99117,41.06737],[-111.99137,41.06824],[-111.99283,41.06994],[-111.98785,41.07015],[-111.98719,41.07042],[-111.98555,41.07172],[-111.98612,41.07201],[-111.98783,41.07208],[-111.98788,41.07845],[-111.98702,41.0794],[-111.98415,41.07957],[-111.9819,41.08061],[-111.97863,41.08067],[-111.9784,41.0805],[-111.97819,41.08067],[-111.97349,41.08066],[-111.9734,41.10242],[-111.97337,41.10308],[-111.97257,41.10351],[-111.9892,41.10354],[-111.98908,41.10206],[-111.9878,41.10089],[-111.98766,41.0998],[-111.98688,41.09976],[-111.9866,41.09905],[-111.98616,41.09958],[-111.98688,41.09998],[-111.98766,41.09999],[-111.9878,41.10089],[-111.98908,41.10206],[-111.9892,41.10354],[-112.01539,41.10358],[-112.00835,41.09648],[-112.00957,41.09594],[-112.0108,41.09603],[-112.01179,41.09566],[-112.01259,41.09507],[-112.01179,41.09399],[-112.01249,41.09369],[-112.01329,41.09477]],"type":"LineString"},"properties":{"color":"#004A97","color_name":"teal","kind":"route","label":"628","long":"CLEARFIELD / LAYTON WESTSIDE","route_id":"64546","text_color":"#FFFFFF","type_label":"Bus"},"type":"Feature"},{"geometry":{"coordinates":[[-111.88544,40.58888],[-111.8856,40.58842],[-111.88545,40.58832],[-111.88528,40.5884],[-111.88524,40.58885],[-111.88212,40.58877],[-111.88189,40.58816],[-111.86642,40.58803],[-111.86535,40.58786],[-111.86436,40.58728],[-111.8639,40.58661],[-111.86373,40.58415],[-111.86307,40.58259],[-111.86195,40.58141],[-111.8603,40.58063],[-111.84986,40.58041],[-111.83402,40.58041],[-111.83405,40.57949],[-111.83442,40.57867],[-111.8336,40.57841],[-111.83246,40.57848],[-111.83248,40.5788],[-111.83318,40.57878],[-111.83337,40.57841],[-111.83442,40.57867],[-111.83405,40.57949],[-111.83402,40.58041],[-111.82788,40.58043],[-111.82649,40.58021],[-111.82477,40.57956],[-111.82132,40.57727],[-111.8195,40.57676],[-111.81155,40.57677],[-111.80466,40.57806],[-111.80326,40.57802],[-111.80213,40.57743],[-111.79885,40.57341],[-111.79762,40.57227],[-111.79697,40.57195],[-111.79622,40.57201],[-111.79483,40.57266],[-111.78965,40.57296],[-111.78656,40.57358],[-111.77944,40.57229],[-111.77755,40.57233],[-111.7765,40.57267],[-111.77135,40.57172],[-111.76936,40.57207],[-111.76751,40.57168],[-111.765,40.57215],[-111.76236,40.57182],[-111.76079,40.57197],[-111.75899,40.57185],[-111.75694,40.57223],[-111.75542,40.57178],[-111.75083,40.57138],[-111.74742,40.57228],[-111.74608,40.5718],[-111.74523,40.57121],[-111.74417,40.57107],[-111.74285,40.5712],[-111.74107,40.57205],[-111.73959,40.57194],[-111.73851,40.57162],[-111.73405,40.57197],[-111.73251,40.57171],[-111.73038,40.57232],[-111.72906,40.57174],[-111.72793,40.57178],[-111.72722,40.572],[-111.72651,40.57261],[-111.72607,40.57275],[-111.72008,40.57197],[-111.71579,40.57116],[-111.71328,40.57138],[-111.7092,40.57062],[-111.7074,40.57118],[-111.70463,40.57113],[-111.70301,40.57073],[-111.70164,40.5711],[-111.70124,40.57146],[-111.70015,40.57346],[-111.69976,40.5737],[-111.69786,40.57358],[-111.69443,40.57444],[-111.69123,40.57438],[-111.68987,40.57464],[-111.68815,40.57526],[-111.68479,40.57535],[-111.68243,40.57616],[-111.68067,40.57594],[-111.67849,40.57627],[-111.67706,40.57685],[-111.67545,40.57859],[-111.67475,40.579],[-111.67419,40.57896],[-111.6724,40.57827],[-111.67044,40.57823],[-111.67,40.57804],[-111.66833,40.57833],[-111.66635,40.57923],[-111.66425,40.57942],[-111.66218,40.58004],[-111.6603,40.57955],[-111.65901,40.57956],[-111.6584,40.58004],[-111.6578,40.58086],[-111.65787,40.58104],[-111.65873,40.57982],[-111.65921,40.57951],[-111.6603,40.57955],[-111.66307,40.58029],[-111.66428,40.58022],[-111.66451,40.58035],[-111.65936,40.58182],[-111.65846,40.58251],[-111.65469,40.5846],[-111.65154,40.58757],[-111.64713,40.58894],[-111.64182,40.58927],[-111.63939,40.5893],[-111.63889,40.58911]],"type":"LineString"},"properties":{"color":"#000000","color_name":"black","kind":"route","label":"994","long":"90TH SO TRAX/SNWBRD/ALTA","route_id":"65743","text_color":"#FFFFFF","type_label":"Bus"},"type":"Feature"},{"geometry":{"coordinates":[[-112.03949,41.18828],[-112.03918,41.18793],[-112.03803,41.18917],[-112.03591,41.18974],[-112.03558,41.19022],[-112.03558,41.19067],[-112.0477,41.19065],[-112.04798,41.19095],[-112.04519,41.19364],[-112.03452,41.20191],[-112.03043,41.20448],[-112.02884,41.205],[-112.02377,41.20565],[-112.02215,41.20629],[-112.01283,41.21383],[-112.01478,41.21542],[-112.01148,41.21816],[-112.01129,41.21955],[-112.02569,41.21967],[-112.02558,41.2287],[-112.01281,41.22863],[-112.00884,41.22919],[-111.99511,41.23003],[-111.98961,41.23129],[-111.98807,41.23137],[-111.98646,41.23096],[-111.98463,41.22977],[-111.98358,41.22936],[-111.98248,41.22918],[-111.97868,41.22913],[-111.97883,41.22293],[-111.97973,41.22299],[-111.98004,41.22421],[-111.97981,41.22425],[-111.97961,41.22374]],"type":"LineString"},"properties":{"color":"#004A97","color_name":"teal","kind":"route","label":"F620","long":"WEST HAVEN FLEX","route_id":"73422","text_color":"#FFFFFF","type_label":"Bus"},"type":"Feature"},{"geometry":{"coordinates":[[-112.29848,40.5343],[-112.2981,40.55104],[-112.29648,40.56134],[-112.295,40.57291],[-112.29363,40.57289],[-112.29369,40.5754],[-112.29363,40.57289],[-112.295,40.57291],[-112.29389,40.58011],[-112.29381,40.58176],[-112.29442,40.61053],[-112.2949,40.61616],[-112.29283,40.62467],[-112.29005,40.63338],[-112.28801,40.64093],[-112.28782,40.64242],[-112.28836,40.64695],[-112.29172,40.64672],[-112.29334,40.64716],[-112.29534,40.64866],[-112.29559,40.649],[-112.29574,40.65029],[-112.29673,40.65122],[-112.29648,40.65143],[-112.29672,40.65176],[-112.29716,40.65165],[-112.29637,40.65081],[-112.29308,40.65278],[-112.29186,40.65306],[-112.28919,40.65323],[-112.28978,40.65853],[-112.28941,40.66026],[-112.28867,40.66165],[-112.28525,40.6667],[-112.26842,40.68579],[-112.26669,40.68509],[-112.2627,40.68496],[-112.26283,40.68521],[-112.26422,40.68505],[-112.26695,40.68513],[-112.26802,40.6856],[-112.26805,40.6862],[-112.26359,40.69124],[-112.26286,40.69406],[-112.25887,40.6996],[-112.25531,40.70502],[-112.2539,40.70655],[-112.25279,40.70738],[-112.22683,40.72258],[-112.20802,40.73016],[-112.19508,40.73675],[-112.19125,40.73898],[-112.18573,40.7429],[-112.16659,40.75881],[-112.16235,40.762],[-112.15389,40.76891],[-112.15225,40.76975],[-112.15079,40.77023],[-112.14764,40.77066],[-112.05375,40.77089],[-112.03139,40.77079],[-112.02971,40.77047],[-112.02725,40.76936],[-112.02506,40.76915],[-112.02496,40.77629],[-112.01974,40.77629],[-112.01974,40.77424],[-112.01722,40.77422],[-112.01362,40.77353],[-112.00582,40.77353],[-112.00579,40.77064],[-112.00547,40.76992],[-112.00473,40.76925],[-112.00379,40.76885],[-112.00153,40.76844],[-112.00029,40.76799],[-111.99405,40.76532],[-111.9899,40.76445],[-111.97904,40.76342],[-111.97304,40.7624],[-111.97132,40.76231],[-111.96971,40.76252],[-111.9681,40.76305],[-111.95817,40.76796],[-111.95818,40.7715],[-111.95352,40.77149],[-111.95349,40.77087],[-111.95313,40.77018],[-111.95092,40.77106],[-111.94914,40.7714],[-111.90251,40.77143],[-111.90253,40.7758],[-111.90439,40.77589],[-111.90443,40.77549],[-111.90486,40.77503],[-111.90489,40.77407]],"type":"LineString"},"properties":{"color":"#004A97","color_name":"teal","kind":"route","label":"F453","long":"TOOELE SLC FLEX","route_id":"76841","text_color":"#FFFFFF","type_label":"Bus"},"type":"Feature"},{"geometry":{"coordinates":[[-111.79673,40.68776],[-111.79675,40.68703],[-111.79603,40.68705],[-111.79596,40.69328],[-111.79464,40.69941],[-111.79524,40.70422],[-111.79605,40.70619],[-111.79752,40.70797],[-111.80062,40.71035],[-111.80563,40.71323],[-111.8086,40.71631],[-111.8102,40.7194],[-111.81333,40.72352],[-111.81887,40.73181],[-111.82985,40.74466],[-111.83049,40.74656],[-111.83056,40.75079],[-111.83078,40.75123],[-111.83452,40.75609],[-111.83638,40.75754],[-111.8376,40.75807],[-111.83899,40.7584],[-111.84534,40.7585],[-111.84514,40.75927],[-111.84502,40.75953],[-111.84474,40.75958],[-111.84477,40.75977],[-111.84623,40.7601],[-111.84727,40.76078],[-111.84806,40.76096],[-111.84973,40.76096],[-111.85083,40.7606],[-111.85389,40.76065],[-111.85389,40.75857],[-111.85506,40.75856],[-111.86138,40.75861],[-111.86216,40.75909],[-111.86253,40.7604],[-111.8632,40.76077],[-111.88536,40.76073],[-111.88536,40.76502],[-111.89396,40.76501],[-111.89395,40.76068],[-111.9381,40.76067]],"type":"LineString"},"properties":{"color":"#004A97","color_name":"teal","kind":"route","label":"4","long":"400 SOUTH","route_id":"79372","text_color":"#FFFFFF","type_label":"Bus"},"type":"Feature"},{"geometry":{"coordinates":[[-111.98004,41.22413],[-111.97995,41.22491],[-111.97601,41.22492],[-111.97607,41.22074],[-111.97332,41.2207],[-111.97327,41.22281],[-111.97189,41.22279],[-111.97187,41.22361],[-111.97144,41.22414],[-111.97152,41.22696],[-111.97034,41.22694],[-111.97054,41.22067],[-111.97607,41.22074],[-111.97601,41.22492],[-111.97879,41.22496],[-111.97883,41.22293],[-111.97973,41.22299]],"type":"LineString"},"properties":{"color":"#004A97","color_name":"teal","kind":"route","label":"601","long":"OGDEN TROLLEY","route_id":"81586","text_color":"#FFFFFF","type_label":"Bus"},"type":"Feature"},{"geometry":{"coordinates":[[-112.01245,40.54241],[-112.0238,40.55405],[-112.02452,40.55511],[-112.0247,40.55609],[-112.02487,40.56989],[-112.02463,40.57085],[-112.02392,40.57163],[-111.98476,40.59099],[-111.93125,40.60636],[-111.92578,40.60741],[-111.9231,40.60866],[-111.92214,40.60957],[-111.92178,40.61059],[-111.92166,40.61351],[-111.92146,40.61418],[-111.92084,40.6152],[-111.91964,40.61619],[-111.91739,40.61695],[-111.909,40.61763],[-111.90804,40.61822],[-111.90771,40.61895],[-111.90766,40.62489],[-111.9075,40.62555],[-111.90455,40.63041],[-111.90321,40.63123],[-111.90098,40.63197],[-111.89888,40.63215],[-111.89849,40.63243],[-111.89803,40.65442],[-111.89732,40.6567],[-111.89445,40.66194],[-111.89389,40.66443],[-111.89419,40.66837],[-111.89405,40.67801],[-111.8949,40.68204],[-111.89696,40.68908],[-111.89676,40.75397],[-111.8964,40.75412],[-111.89141,40.75413],[-111.8911,40.75428],[-111.89109,40.76063],[-111.86331,40.76066],[-111.86261,40.76032],[-111.86246,40.75936],[-111.86207,40.75882],[-111.86099,40.75847],[-111.8525,40.75851],[-111.85218,40.75874],[-111.85208,40.7604],[-111.85094,40.76047],[-111.84925,40.76091],[-111.84763,40.76084],[-111.84639,40.76012],[-111.84447,40.75959],[-111.8424,40.75925],[-111.84141,40.75937],[-111.83711,40.76154],[-111.83584,40.76237],[-111.83705,40.76545],[-111.83645,40.76732],[-111.83652,40.76782],[-111.83699,40.7683],[-111.8384,40.76913],[-111.84015,40.77078]],"type":"LineString"},"properties":{"color":"#BE2036","color_name":"red","kind":"route","label":"703","long":"Red Line","route_id":"8246","text_color":"#FFFFFF","type_label":"Tram / light rail"},"type":"Feature"},{"geometry":{"coordinates":[[-111.97073,40.59492],[-111.971,40.59469],[-111.97048,40.59344],[-111.9691,40.59392],[-111.96745,40.59393],[-111.96731,40.59513],[-111.96755,40.69291],[-111.96006,40.69294],[-111.9601,40.69349]],"type":"LineString"},"properties":{"color":"#004A97","color_name":"teal","kind":"route","label":"F232","long":"3200 WEST FLEX","route_id":"87442","text_color":"#FFFFFF","type_label":"Bus"},"type":"Feature"},{"geometry":{"coordinates":[[-111.87682,40.77623],[-111.87604,40.77624],[-111.87603,40.7751],[-111.87755,40.77509],[-111.87756,40.77735],[-111.88056,40.77736],[-111.88055,40.77963],[-111.87755,40.77962],[-111.87755,40.78191],[-111.86396,40.78184],[-111.86184,40.78096],[-111.85978,40.78047],[-111.85812,40.77974],[-111.85599,40.77955],[-111.85439,40.77877],[-111.85223,40.77825],[-111.85234,40.76709],[-111.85204,40.76705],[-111.84728,40.76706],[-111.84725,40.76805],[-111.84784,40.77016],[-111.84774,40.7705],[-111.8472,40.77088],[-111.8441,40.77098],[-111.84333,40.77117],[-111.84283,40.77157],[-111.84226,40.77254],[-111.84149,40.77292],[-111.8401,40.77296],[-111.83841,40.77268],[-111.83801,40.77255],[-111.83756,40.77207],[-111.83734,40.77229],[-111.8378,40.77266]],"type":"LineString"},"properties":{"color":"#004A97","color_name":"teal","kind":"route","label":"F11","long":"11TH AVENUE FLEX","route_id":"87443","text_color":"#FFFFFF","type_label":"Bus"},"type":"Feature"},{"geometry":{"coordinates":[[-111.89357,40.61064],[-111.89389,40.61066],[-111.89408,40.61038],[-111.89439,40.61034],[-111.89455,40.61047],[-111.89454,40.61093],[-111.89073,40.61095],[-111.89076,40.60587],[-111.89626,40.60591],[-111.89609,40.59908],[-111.9004,40.59901],[-111.90072,40.59502],[-111.896,40.59499],[-111.89603,40.58626],[-111.89663,40.58571],[-111.89908,40.58525],[-111.89931,40.58473],[-111.89929,40.58068],[-111.89952,40.57955],[-111.89949,40.57387],[-111.89916,40.57333],[-111.89792,40.57278],[-111.8975,40.57219],[-111.89728,40.57159],[-111.89728,40.56969],[-111.88932,40.56973],[-111.88795,40.57024],[-111.887,40.57139],[-111.88495,40.57045],[-111.88479,40.57062],[-111.88488,40.57101]],"type":"LineString"},"properties":{"color":"#004A97","color_name":"teal","kind":"route","label":"F525","long":"MIDVALE FLEX","route_id":"87444","text_color":"#FFFFFF","type_label":"Bus"},"type":"Feature"},{"geometry":{"coordinates":[[-111.90104,40.56312],[-111.90104,40.56397],[-111.90186,40.56401],[-111.90187,40.56442],[-111.9032,40.56431],[-111.90449,40.56855],[-111.90445,40.5697],[-111.90079,40.56971],[-111.90072,40.58064],[-111.90548,40.58067],[-111.90546,40.58495],[-111.90448,40.58615],[-111.90424,40.58676],[-111.90423,40.58999],[-111.90453,40.59283],[-111.90587,40.59685],[-111.90901,40.59834],[-111.91025,40.59852],[-111.91029,40.61566],[-111.91077,40.61582],[-111.91039,40.61657],[-111.91026,40.61745],[-111.91017,40.63172],[-111.89788,40.63288],[-111.89777,40.63421],[-111.89799,40.63433],[-111.89811,40.63347]],"type":"LineString"},"properties":{"color":"#004A97","color_name":"teal","kind":"route","label":"F202","long":"SANDY PARKWAY FLEX","route_id":"87445","text_color":"#FFFFFF","type_label":"Bus"},"type":"Feature"},{"geometry":{"coordinates":[[-111.88823,40.75956],[-111.88826,40.77154],[-111.89968,40.77152],[-111.8997,40.78796],[-111.90386,40.79461],[-111.91639,40.80466],[-111.91745,40.80569],[-111.91799,40.80653],[-111.9183,40.80748],[-111.91884,40.81228],[-111.91882,40.81337],[-111.91849,40.81465],[-111.91666,40.81765],[-111.91632,40.81858],[-111.91547,40.83319],[-111.91519,40.84305],[-111.91474,40.84563],[-111.91388,40.84767],[-111.91292,40.84914],[-111.9011,40.86247],[-111.89916,40.86517],[-111.89789,40.86776],[-111.89717,40.87],[-111.89677,40.8727],[-111.89633,40.89071],[-111.89612,40.89233],[-111.89551,40.89475],[-111.89464,40.89692],[-111.89375,40.89856],[-111.89169,40.90142],[-111.89127,40.90255],[-111.89121,40.91492],[-111.89081,40.9221],[-111.89123,40.92794],[-111.89112,40.94926],[-111.89088,40.95435],[-111.89101,40.9662],[-111.89133,40.96823],[-111.89203,40.96978],[-111.89419,40.97341],[-111.89818,40.9835],[-111.89931,40.98522],[-111.90062,40.98661],[-111.90224,40.98785],[-111.90831,40.99096],[-111.91276,40.99353],[-111.92958,41.00435],[-111.93202,41.00629],[-111.93445,41.00867],[-111.93748,41.0112],[-111.9387,41.01254],[-111.93982,41.01434],[-111.94698,41.02976],[-111.9475,41.03219],[-111.94718,41.03504],[-111.94732,41.03813],[-111.95092,41.03817],[-111.95064,41.03774],[-111.9496,41.037],[-111.94948,41.03653],[-111.94904,41.03651],[-111.94948,41.03743],[-111.94971,41.0376],[-111.95,41.03732],[-111.95064,41.03774],[-111.95092,41.03817],[-111.94732,41.03813],[-111.94739,41.03831],[-111.95443,41.04305],[-111.95568,41.04442],[-111.96058,41.05232],[-111.96087,41.05351],[-111.96075,41.0564],[-111.96152,41.0585],[-111.9623,41.05943],[-111.9664,41.06297],[-111.97339,41.07052],[-111.97572,41.07425],[-111.97568,41.07446],[-111.97423,41.07523],[-111.97367,41.07578],[-111.9735,41.0794],[-111.97444,41.07938],[-111.97486,41.0791],[-111.97438,41.07873],[-111.97438,41.07794],[-111.97351,41.07795],[-111.97367,41.07578],[-111.97423,41.07523],[-111.97568,41.07446],[-111.97618,41.07463],[-111.97815,41.07604],[-111.97967,41.07732],[-112.00634,41.10617],[-112.01794,41.11902],[-112.02267,41.12279],[-112.02402,41.12429],[-112.02485,41.12592],[-112.02516,41.12753],[-112.02516,41.15186],[-112.02356,41.15756],[-112.0222,41.16039],[-112.02154,41.16408],[-112.0206,41.1668],[-112.02042,41.16674],[-112.02012,41.16746],[-112.02036,41.1675],[-112.02068,41.16658]],"type":"LineString"},"properties":{"color":"#BE2036","color_name":"red","kind":"route","label":"472","long":"RIVERDALE / SALT LAKE EXPRESS","route_id":"87522","text_color":"#FFFFFF","type_label":"Bus"},"type":"Feature"},{"geometry":{"coordinates":[[-111.94327,40.75861],[-111.94481,40.75859],[-111.94068,40.76044],[-111.93904,40.76067],[-111.93935,40.77615],[-111.93424,40.77616],[-111.93385,40.77603],[-111.93304,40.77529],[-111.93312,40.77164],[-111.93927,40.77164],[-111.93941,40.77857],[-111.93923,40.79105],[-111.91685,40.79104],[-111.91685,40.77146],[-111.89396,40.77154],[-111.89396,40.76501],[-111.88536,40.76502],[-111.88537,40.76935],[-111.85392,40.76937],[-111.85393,40.7672],[-111.8474,40.767],[-111.84725,40.76716],[-111.84725,40.76805],[-111.84784,40.77005],[-111.84774,40.7705],[-111.8474,40.77079],[-111.84683,40.77097],[-111.8441,40.77098],[-111.84333,40.77117],[-111.84283,40.77157],[-111.84226,40.77254],[-111.84126,40.77296],[-111.83841,40.77268],[-111.83801,40.77255],[-111.83756,40.77207],[-111.83734,40.77229],[-111.83755,40.77241]],"type":"LineString"},"properties":{"color":"#2EB566","color_name":"green","kind":"route","label":"1","long":"South Temple","route_id":"87708","text_color":"#FFFFFF","type_label":"Bus"},"type":"Feature"},{"geometry":{"coordinates":[[-111.96004,40.69369],[-111.96024,40.69405],[-111.9606,40.69374],[-111.96063,40.69295],[-111.95796,40.69294],[-111.95799,40.6676],[-111.9388,40.66765],[-111.93887,40.66982],[-111.9403,40.66997],[-111.94028,40.67078],[-111.93998,40.67103],[-111.93976,40.671],[-111.93964,40.67074],[-111.93986,40.67054],[-111.94029,40.67057],[-111.9403,40.66997],[-111.93887,40.66982],[-111.9388,40.66765],[-111.93458,40.6678],[-111.93264,40.6683],[-111.92317,40.6718],[-111.9139,40.67425],[-111.91381,40.67215],[-111.91423,40.67131],[-111.91363,40.67086],[-111.9113,40.67033],[-111.90961,40.66949],[-111.90904,40.66854],[-111.90894,40.66682],[-111.90638,40.66729],[-111.90629,40.66599],[-111.90583,40.66481],[-111.90558,40.6632],[-111.90411,40.66152],[-111.9039,40.66052],[-111.8987,40.66097],[-111.89328,40.66201],[-111.89408,40.65946],[-111.89503,40.65792],[-111.89577,40.65879],[-111.89486,40.66019],[-111.89451,40.66034],[-111.89489,40.66041],[-111.8954,40.65961]],"type":"LineString"},"properties":{"color":"#1191D0","color_name":"teal","kind":"route","label":"50X","long":"MID-VALLEY CONNECTOR BRT","route_id":"87711","text_color":"#FFFFFF","type_label":"Bus"},"type":"Feature"},{"geometry":{"coordinates":[[-111.94563,41.19172],[-111.94581,41.19146],[-111.94538,41.19141],[-111.94556,41.19062],[-111.94548,41.18911],[-111.94575,41.1886],[-111.94635,41.1881],[-111.94597,41.18669],[-111.94534,41.18563],[-111.94534,41.18451],[-111.94621,41.18355],[-111.94622,41.18327],[-111.94581,41.1829],[-111.94604,41.1824],[-111.9459,41.18065],[-111.94626,41.18082],[-111.94712,41.18072],[-111.9464,41.18062]],"type":"LineString"},"properties":{"color":"#1191D0","color_name":"teal","kind":"route","label":"602","long":"OGX WILDCAT SHUTTLE","route_id":"90585","text_color":"#FFFFFF","type_label":"Bus"},"type":"Feature"},{"geometry":{"coordinates":[[-111.97979,41.22493],[-111.97038,41.22485],[-111.97054,41.22067],[-111.94823,41.22035],[-111.94882,41.19334],[-111.94795,41.19338],[-111.94773,41.19322],[-111.94697,41.19334],[-111.94622,41.19283],[-111.94626,41.19239],[-111.94494,41.19184],[-111.94538,41.19141],[-111.94554,41.19075],[-111.9455,41.18902],[-111.94635,41.1881],[-111.94597,41.18669],[-111.94534,41.18563],[-111.94534,41.18451],[-111.94618,41.18375],[-111.94622,41.18327],[-111.94581,41.1829],[-111.94617,41.18201],[-111.94616,41.18087],[-111.9459,41.18065],[-111.9464,41.18062],[-111.9472,41.18063],[-111.9473,41.18104],[-111.94797,41.1816],[-111.94842,41.1827],[-111.95062,41.18278],[-111.95202,41.1837],[-111.95251,41.18371],[-111.95258,41.18307],[-111.95317,41.18307],[-111.95326,41.18437]],"type":"LineString"},"properties":{"color":"#1191D0","color_name":"teal","kind":"route","label":"603X","long":"Ogden Express (OGX)","route_id":"92235","text_color":"#FFFFFF","type_label":"Bus"},"type":"Feature"},{"geometry":{"coordinates":[[-111.66099,40.22523],[-111.66198,40.22519],[-111.66059,40.22495],[-111.66058,40.22475],[-111.66088,40.22406],[-111.66071,40.22175],[-111.66239,40.22183],[-111.66193,40.22073],[-111.6619,40.21932],[-111.66057,40.21927],[-111.66039,40.21891],[-111.6605,40.21785],[-111.65899,40.21769],[-111.65873,40.22335],[-111.65871,40.2297],[-111.64648,40.22966],[-111.63252,40.21103],[-111.62943,40.20737],[-111.62732,40.20564],[-111.6208,40.20104],[-111.61307,40.19282],[-111.61175,40.19051],[-111.61086,40.18772],[-111.61067,40.1859],[-111.61065,40.16113],[-111.62428,40.16106],[-111.64241,40.16128],[-111.64237,40.15403],[-111.64224,40.15391],[-111.64239,40.15377],[-111.64235,40.1446],[-111.63609,40.14466],[-111.63625,40.1428],[-111.63779,40.14183],[-111.63809,40.14105],[-111.63789,40.14057],[-111.63656,40.13961],[-111.6362,40.13911],[-111.63613,40.13769],[-111.63555,40.13599],[-111.63574,40.13232],[-111.63653,40.12952],[-111.63752,40.12795],[-111.64434,40.1227],[-111.65471,40.1229],[-111.65479,40.10845],[-111.65656,40.10847],[-111.6566,40.10585],[-111.65485,40.10587],[-111.65482,40.1075]],"type":"LineString"},"properties":{"color":"#004A97","color_name":"teal","kind":"route","label":"823","long":"SPVL/SPFK","route_id":"92754","text_color":"#FFFFFF","type_label":"Bus"},"type":"Feature"},{"geometry":{"coordinates":[[-111.79673,40.68776],[-111.79663,40.68791],[-111.79602,40.68791],[-111.79603,40.68705],[-111.79743,40.68701],[-111.89401,40.68699],[-111.894,40.68812],[-111.89618,40.68811],[-111.89653,40.68862],[-111.89664,40.68849],[-111.89642,40.68779],[-111.89618,40.68811],[-111.89541,40.68812],[-111.89534,40.68697],[-111.8988,40.68665],[-111.9027,40.68671],[-111.90622,40.68701],[-111.91813,40.68695],[-111.93286,40.68378],[-111.93677,40.68234],[-111.93889,40.68213],[-111.93893,40.68929],[-111.94044,40.68942],[-111.958,40.68935],[-111.95796,40.69294],[-111.96006,40.69294],[-111.96017,40.69371],[-111.96039,40.69361],[-111.96019,40.69341]],"type":"LineString"},"properties":{"color":"#2EB566","color_name":"green","kind":"route","label":"39","long":"3900 SOUTH","route_id":"93045","text_color":"#FFFFFF","type_label":"Bus"},"type":"Feature"},{"geometry":{"coordinates":[[-111.94736,40.77576],[-111.94733,40.77359],[-111.94699,40.77293],[-111.94694,40.77142],[-111.93927,40.77142],[-111.93938,40.78704],[-111.93912,40.80718],[-111.937,40.83074],[-111.93651,40.83177],[-111.93648,40.8326],[-111.93567,40.83464],[-111.93508,40.83533],[-111.93382,40.83811],[-111.93172,40.84192],[-111.93407,40.84189],[-111.93402,40.84266],[-111.93187,40.84668],[-111.93195,40.85297],[-111.93166,40.85317],[-111.93194,40.85339],[-111.93198,40.85736],[-111.93181,40.85749],[-111.93198,40.85762],[-111.93209,40.86165],[-111.90596,40.86162],[-111.90307,40.8618],[-111.90298,40.86228],[-111.90222,40.86319],[-111.90207,40.86364],[-111.90199,40.88164],[-111.90237,40.88152],[-111.90304,40.8801],[-111.90298,40.87994],[-111.90201,40.87983],[-111.90199,40.88164]],"type":"LineString"},"properties":{"color":"#004A97","color_name":"teal","kind":"route","label":"417","long":"NORTH REDWOOD RD","route_id":"93348","text_color":"#FFFFFF","type_label":"Bus"},"type":"Feature"},{"geometry":{"coordinates":[[-112.01343,40.54341],[-112.01238,40.54185],[-112.01999,40.53752],[-112.01766,40.53513],[-112.0174,40.53153],[-112.01714,40.53074],[-112.01242,40.52639],[-112.01152,40.52524],[-112.01115,40.52375],[-112.01118,40.52121],[-112.01139,40.52059],[-112.012,40.51996],[-112.01832,40.51624],[-112.01633,40.51436],[-112.01545,40.51416],[-112.01468,40.51436],[-112.01114,40.51086],[-112.0103,40.50962],[-112.01021,40.50787],[-112.00518,40.50784],[-112.00491,40.49588],[-112.00402,40.49314],[-112.00288,40.49124],[-112.00162,40.48973],[-111.99897,40.48753],[-111.97775,40.47486],[-111.97562,40.47699],[-111.97534,40.4775],[-111.97519,40.47859],[-111.97534,40.47992],[-111.97603,40.48106],[-111.97667,40.48159],[-111.97785,40.48208],[-111.98119,40.48249],[-111.99065,40.48814],[-111.99513,40.49194],[-111.99553,40.49287],[-111.99553,40.4962],[-111.99574,40.49701],[-111.99626,40.49767],[-111.99786,40.4989],[-111.99856,40.50008],[-111.99865,40.50779],[-111.97685,40.50779],[-111.9767,40.52226],[-111.92515,40.52231],[-111.92323,40.52279],[-111.91766,40.5258],[-111.91579,40.52649],[-111.91398,40.52673],[-111.90667,40.5268],[-111.9066,40.5221],[-111.90564,40.52036],[-111.90575,40.51992],[-111.90626,40.51947],[-111.9057,40.51868],[-111.90565,40.51417],[-111.90472,40.5142],[-111.90465,40.51459],[-111.90481,40.51488],[-111.90565,40.5149],[-111.9057,40.51208],[-111.90703,40.50983],[-111.90512,40.509],[-111.90442,40.50845],[-111.90391,40.50767],[-111.9038,40.50624],[-111.89698,40.50624],[-111.89703,40.50678],[-111.89739,40.50743],[-111.89743,40.50896],[-111.89629,40.51032],[-111.8959,40.5112],[-111.89583,40.51185],[-111.89617,40.51305],[-111.89697,40.51402],[-111.89709,40.51491],[-111.8943,40.52322],[-111.89429,40.52514],[-111.8954,40.52556],[-111.89573,40.52614],[-111.89567,40.52678],[-111.87526,40.52672],[-111.87121,40.52696],[-111.87119,40.52509],[-111.86389,40.52509],[-111.85425,40.52539],[-111.8536,40.52526],[-111.85341,40.52504],[-111.85321,40.52517],[-111.85339,40.52535],[-111.85896,40.52533]],"type":"LineString"},"properties":{"color":"#004A97","color_name":"teal","kind":"route","label":"126","long":"12600 SOUTH","route_id":"93610","text_color":"#FFFFFF","type_label":"Bus"},"type":"Feature"},{"geometry":{"coordinates":[[-111.88528,40.5711],[-111.88585,40.57095],[-111.887,40.57139],[-111.88795,40.57024],[-111.88932,40.56973],[-111.89573,40.5697],[-111.89586,40.56598],[-111.8957,40.56454],[-111.89501,40.56466],[-111.89499,40.5697],[-111.90445,40.5697],[-111.90449,40.56855],[-111.90259,40.5624],[-111.9012,40.56253],[-111.90097,40.56382],[-111.90121,40.56398],[-111.90301,40.56371],[-111.90247,40.56192],[-111.90276,40.56105],[-111.90273,40.55892],[-111.91013,40.559],[-111.91033,40.5579],[-111.91097,40.55732],[-111.91197,40.55691],[-111.91259,40.55641],[-111.91305,40.55527],[-111.91389,40.55474],[-111.91385,40.55447],[-111.91355,40.55443],[-111.91303,40.55518],[-111.91259,40.55641],[-111.91197,40.55691],[-111.91097,40.55732],[-111.91033,40.5579],[-111.91013,40.559],[-111.9125,40.55905],[-111.9145,40.55932],[-111.92728,40.56214],[-111.93867,40.56232],[-111.9388,40.5233],[-111.93863,40.49737],[-111.93878,40.49308],[-111.93902,40.49194],[-111.94,40.48964],[-111.94766,40.48959],[-111.94833,40.48974],[-111.94851,40.4896],[-111.94833,40.48946],[-111.94815,40.4896],[-111.94,40.48964],[-111.93902,40.49194],[-111.93878,40.49308],[-111.93865,40.49834]],"type":"LineString"},"properties":{"color":"#004A97","color_name":"teal","kind":"route","label":"219","long":"South Redwood Rd","route_id":"93611","text_color":"#FFFFFF","type_label":"Bus"},"type":"Feature"},{"geometry":{"coordinates":[[-111.96542,41.26353],[-111.96631,41.26354],[-111.9665,41.26449],[-111.96629,41.26524],[-111.96529,41.26579],[-111.96531,41.26658],[-111.96951,41.26666],[-111.96963,41.25919],[-111.94789,41.25895],[-111.94811,41.24715],[-111.94753,41.24583],[-111.94568,41.24402],[-111.94534,41.24282],[-111.94568,41.23861],[-111.9478,41.23147],[-111.94802,41.23022],[-111.94847,41.20993],[-111.94296,41.20983],[-111.94293,41.21087],[-111.94017,41.21086],[-111.9402,41.20895],[-111.94106,41.20892],[-111.94155,41.20871],[-111.94278,41.20913],[-111.94296,41.20983],[-111.94847,41.20993],[-111.94882,41.19334],[-111.94756,41.1933],[-111.94806,41.19404],[-111.94812,41.19455],[-111.94782,41.19484],[-111.94388,41.19478],[-111.94239,41.19568],[-111.94093,41.19572],[-111.94043,41.19562],[-111.93939,41.1949],[-111.93829,41.19457],[-111.93797,41.19469],[-111.93754,41.19529],[-111.93716,41.19533],[-111.93754,41.19529],[-111.93797,41.19469],[-111.93829,41.19457],[-111.93939,41.1949],[-111.94043,41.19562],[-111.94093,41.19572],[-111.94239,41.19568],[-111.94388,41.19478],[-111.9476,41.19485],[-111.94808,41.19466],[-111.94782,41.19353],[-111.94795,41.19331],[-111.94781,41.19323],[-111.94841,41.19193],[-111.94777,41.19054],[-111.94747,41.19037],[-111.94775,41.19019],[-111.94795,41.19039],[-111.94889,41.1904],[-111.9493,41.17461],[-111.94866,41.17267],[-111.94248,41.16509],[-111.94066,41.16254],[-111.94009,41.16114],[-111.93981,41.15986],[-111.93971,41.15494],[-111.93594,41.15198],[-111.93711,41.15147],[-111.94273,41.15161],[-111.94315,41.15208],[-111.94242,41.15279],[-111.94236,41.15421],[-111.9405,41.15556],[-111.94698,41.16062],[-111.94963,41.16215],[-111.95215,41.16332],[-111.9517,41.16394],[-111.95298,41.16479],[-111.95498,41.16535],[-111.95714,41.16625]],"type":"LineString"},"properties":{"color":"#004A97","color_name":"teal","kind":"route","label":"625","long":"ATC / HARRISON BLVD / WSU","route_id":"9605","text_color":"#FFFFFF","type_label":"Bus"},"type":"Feature"},{"geometry":{"coordinates":[[-111.97064,41.2747],[-111.96934,41.27515],[-111.96929,41.27721],[-111.95884,41.2772],[-111.95902,41.27654],[-111.95913,41.27208],[-111.95924,41.2659],[-111.95906,41.26515],[-111.96063,41.26486],[-111.96064,41.26269],[-111.96096,41.26238],[-111.96516,41.26237],[-111.96599,41.26309],[-111.96537,41.26317],[-111.96542,41.26353],[-111.96631,41.26354],[-111.9665,41.26449],[-111.96629,41.26524],[-111.96529,41.26579],[-111.96531,41.26658],[-111.96951,41.26666],[-111.96963,41.25919],[-111.95623,41.25903],[-111.95527,41.25673],[-111.95524,41.25414],[-111.95421,41.25221],[-111.95423,41.25128],[-111.95475,41.24932],[-111.95478,41.24765],[-111.95459,41.24699],[-111.9538,41.24616],[-111.95344,41.24537],[-111.95343,41.24341],[-111.9528,41.24113],[-111.95289,41.23773],[-111.95317,41.23701],[-111.95385,41.23634],[-111.95823,41.2347],[-111.95877,41.23426],[-111.95903,41.23369],[-111.95956,41.21005],[-111.94847,41.20993],[-111.94889,41.1904],[-111.94795,41.19039],[-111.94775,41.19019],[-111.94747,41.19037],[-111.94777,41.19054],[-111.94841,41.19193],[-111.94781,41.19323],[-111.94754,41.19337],[-111.948,41.19386],[-111.94802,41.19476],[-111.94388,41.19478],[-111.94239,41.19568],[-111.94093,41.19572],[-111.94043,41.19562],[-111.93939,41.1949],[-111.93829,41.19457],[-111.93797,41.19469],[-111.93754,41.19529],[-111.93716,41.19533],[-111.93754,41.19529],[-111.93797,41.19469],[-111.93829,41.19457],[-111.93939,41.1949],[-111.94043,41.19562],[-111.94093,41.19572],[-111.94239,41.19568],[-111.94388,41.19478],[-111.94802,41.19476],[-111.94809,41.19423],[-111.94781,41.19323],[-111.94841,41.19193],[-111.94777,41.19054],[-111.94795,41.19039],[-111.94889,41.1904],[-111.94914,41.18275],[-111.95062,41.18278],[-111.9516,41.18354],[-111.95251,41.18375],[-111.9525,41.1849],[-111.95319,41.18476],[-111.95322,41.18315],[-111.95258,41.18307],[-111.95251,41.18375],[-111.95232,41.18374],[-111.9516,41.18354],[-111.95062,41.18278],[-111.94857,41.18275],[-111.94826,41.18259],[-111.94783,41.18144],[-111.94714,41.18088],[-111.94668,41.18114]],"type":"LineString"},"properties":{"color":"#004A97","color_name":"teal","kind":"route","label":"645","long":"MONROE BLVD","route_id":"9606","text_color":"#FFFFFF","type_label":"Bus"},"type":"Feature"},{"geometry":{"coordinates":[-111.97049,41.22146],"type":"Point"},"properties":{"kind":"stop","name":"Washington Blvd Station","stop_id":"10095"},"type":"Feature"},{"geometry":{"coordinates":[-111.83759,40.77253],"type":"Point"},"properties":{"kind":"stop","name":"University Hospital","stop_id":"1022"},"type":"Feature"},{"geometry":{"coordinates":[-111.93955,40.78435],"type":"Point"},"properties":{"kind":"stop","name":"Redwood Rd / 700 N (SB)","stop_id":"1024"},"type":"Feature"},{"geometry":{"coordinates":[-111.69408,40.29551],"type":"Point"},"properties":{"kind":"stop","name":"State St / 100 S (NB)","stop_id":"1029"},"type":"Feature"},{"geometry":{"coordinates":[-111.68425,40.27223],"type":"Point"},"properties":{"kind":"stop","name":"State St / University Pkwy (SB)","stop_id":"10337"},"type":"Feature"},{"geometry":{"coordinates":[-111.68304,40.26938],"type":"Point"},"properties":{"kind":"stop","name":"State St / 1500 S (SB)","stop_id":"10338"},"type":"Feature"},{"geometry":{"coordinates":[-111.68211,40.26726],"type":"Point"},"properties":{"kind":"stop","name":"State St / 1600 S (SB)","stop_id":"10339"},"type":"Feature"},{"geometry":{"coordinates":[-111.76018,40.36822],"type":"Point"},"properties":{"kind":"stop","name":"State Rd / 1300 W (WB)","stop_id":"10340"},"type":"Feature"},{"geometry":{"coordinates":[-111.76983,40.37042],"type":"Point"},"properties":{"kind":"stop","name":"State St / North County Blvd (WB)","stop_id":"10341"},"type":"Feature"},{"geometry":{"coordinates":[-111.77285,40.3711],"type":"Point"},"properties":{"kind":"stop","name":"State St / 860 E (WB)","stop_id":"10342"},"type":"Feature"},{"geometry":{"coordinates":[-111.77778,40.37223],"type":"Point"},"properties":{"kind":"stop","name":"State St / 740 E (WB)","stop_id":"10343"},"type":"Feature"},{"geometry":{"coordinates":[-111.78116,40.37307],"type":"Point"},"properties":{"kind":"stop","name":"State St / 700 E (WB)","stop_id":"10344"},"type":"Feature"},{"geometry":{"coordinates":[-111.786,40.37421],"type":"Point"},"properties":{"kind":"stop","name":"State St / 500 E (WB)","stop_id":"10345"},"type":"Feature"},{"geometry":{"coordinates":[-111.79168,40.37549],"type":"Point"},"properties":{"kind":"stop","name":"State St / 300 E (WB)","stop_id":"10347"},"type":"Feature"},{"geometry":{"coordinates":[-111.79899,40.37691],"type":"Point"},"properties":{"kind":"stop","name":"Main St / American Fork Center St (","stop_id":"10348"},"type":"Feature"},{"geometry":{"coordinates":[-111.80115,40.37692],"type":"Point"},"properties":{"kind":"stop","name":"Main St / 100 W (WB)","stop_id":"10349"},"type":"Feature"},{"geometry":{"coordinates":[-111.807,40.37696],"type":"Point"},"properties":{"kind":"stop","name":"Main St / 300 W (WB)","stop_id":"10350"},"type":"Feature"},{"geometry":{"coordinates":[-111.81021,40.37703],"type":"Point"},"properties":{"kind":"stop","name":"Main St / Columbia Village (WB)","stop_id":"10351"},"type":"Feature"},{"geometry":{"coordinates":[-111.81327,40.37986],"type":"Point"},"properties":{"kind":"stop","name":"State St / Green Spring Way (NB)","stop_id":"10352"},"type":"Feature"},{"geometry":{"coordinates":[-111.70157,40.31266],"type":"Point"},"properties":{"kind":"stop","name":"State St / 800 N (NB)","stop_id":"1038"},"type":"Feature"},{"geometry":{"coordinates":[-111.81336,40.37922],"type":"Point"},"properties":{"kind":"stop","name":"State St / Green Spring Way (SB)","stop_id":"10381"},"type":"Feature"},{"geometry":{"coordinates":[-111.81025,40.37679],"type":"Point"},"properties":{"kind":"stop","name":"State St / Columbia Village (EB)","stop_id":"10382"},"type":"Feature"},{"geometry":{"coordinates":[-111.80555,40.37676],"type":"Point"},"properties":{"kind":"stop","name":"Main St / 300 W (EB)","stop_id":"10384"},"type":"Feature"},{"geometry":{"coordinates":[-111.6673,40.23827],"type":"Point"},"properties":{"kind":"stop","name":"500 W / 300 N (NB)","stop_id":"10388"},"type":"Feature"},{"geometry":{"coordinates":[-111.66729,40.24087],"type":"Point"},"properties":{"kind":"stop","name":"500 W / 500 N","stop_id":"10390"},"type":"Feature"},{"geometry":{"coordinates":[-111.6673,40.24506],"type":"Point"},"properties":{"kind":"stop","name":"500 W / 800 N (NB)","stop_id":"10393"},"type":"Feature"},{"geometry":{"coordinates":[-111.66732,40.24676],"type":"Point"},"properties":{"kind":"stop","name":"500 W / 940 N (NB)","stop_id":"10394"},"type":"Feature"},{"geometry":{"coordinates":[-111.66726,40.24864],"type":"Point"},"properties":{"kind":"stop","name":"Utah Valley Hospital (NB)","stop_id":"10395"},"type":"Feature"},{"geometry":{"coordinates":[-111.6699,40.25397],"type":"Point"},"properties":{"kind":"stop","name":"State St / Riverside Ave (NB)","stop_id":"10396"},"type":"Feature"},{"geometry":{"coordinates":[-111.67269,40.25698],"type":"Point"},"properties":{"kind":"stop","name":"State St / Grandview Ln (NB)","stop_id":"10398"},"type":"Feature"},{"geometry":{"coordinates":[-111.67503,40.25952],"type":"Point"},"properties":{"kind":"stop","name":"State St / 1850 N (NB)","stop_id":"10399"},"type":"Feature"},{"geometry":{"coordinates":[-111.70357,40.31717],"type":"Point"},"properties":{"kind":"stop","name":"State St / 1100 N (NB)","stop_id":"1040"},"type":"Feature"},{"geometry":{"coordinates":[-111.6769,40.26153],"type":"Point"},"properties":{"kind":"stop","name":"State St / 1950 N (NB)","stop_id":"10400"},"type":"Feature"},{"geometry":{"coordinates":[-111.67936,40.26417],"type":"Point"},"properties":{"kind":"stop","name":"State St / 1851 S (NB)","stop_id":"10401"},"type":"Feature"},{"geometry":{"coordinates":[-111.68116,40.26632],"type":"Point"},"properties":{"kind":"stop","name":"State St / 1700 S (NB)","stop_id":"10402"},"type":"Feature"},{"geometry":{"coordinates":[-111.68207,40.26822],"type":"Point"},"properties":{"kind":"stop","name":"State St / 1600 S (NB)","stop_id":"10403"},"type":"Feature"},{"geometry":{"coordinates":[-111.68377,40.27206],"type":"Point"},"properties":{"kind":"stop","name":"State St / University Pkwy (NB)","stop_id":"10405"},"type":"Feature"},{"geometry":{"coordinates":[-111.70479,40.31988],"type":"Point"},"properties":{"kind":"stop","name":"State St / 1200 N (NB)","stop_id":"1041"},"type":"Feature"},{"geometry":{"coordinates":[-111.71567,40.28088],"type":"Point"},"properties":{"kind":"stop","name":"UVU Fulton Library (WB)","stop_id":"10412"},"type":"Feature"},{"geometry":{"coordinates":[-111.72468,40.32122],"type":"Point"},"properties":{"kind":"stop","name":"1200 W / 1300 N (NB)","stop_id":"10423"},"type":"Feature"},{"geometry":{"coordinates":[-111.72474,40.3233],"type":"Point"},"properties":{"kind":"stop","name":"1200 W / 1420 (NB)","stop_id":"10424"},"type":"Feature"},{"geometry":{"coordinates":[-111.80148,40.37673],"type":"Point"},"properties":{"kind":"stop","name":"Main St / 100 W (EB)","stop_id":"10431"},"type":"Feature"},{"geometry":{"coordinates":[-111.79022,40.37492],"type":"Point"},"properties":{"kind":"stop","name":"State St / 300 E (EB)","stop_id":"10432"},"type":"Feature"},{"geometry":{"coordinates":[-111.78753,40.37431],"type":"Point"},"properties":{"kind":"stop","name":"State St / 400 E (EB)","stop_id":"10433"},"type":"Feature"},{"geometry":{"coordinates":[-111.78413,40.37351],"type":"Point"},"properties":{"kind":"stop","name":"State St / 500 E (EB)","stop_id":"10434"},"type":"Feature"},{"geometry":{"coordinates":[-111.77775,40.37196],"type":"Point"},"properties":{"kind":"stop","name":"State St / 740 E (EB)","stop_id":"10435"},"type":"Feature"},{"geometry":{"coordinates":[-111.77267,40.37083],"type":"Point"},"properties":{"kind":"stop","name":"State St / 860 E (EB)","stop_id":"10436"},"type":"Feature"},{"geometry":{"coordinates":[-111.76799,40.36978],"type":"Point"},"properties":{"kind":"stop","name":"State St / North County Blvd (EB)","stop_id":"10437"},"type":"Feature"},{"geometry":{"coordinates":[-111.74944,40.36562],"type":"Point"},"properties":{"kind":"stop","name":"Pleasant Grove Center St / State St","stop_id":"10438"},"type":"Feature"},{"geometry":{"coordinates":[-111.74648,40.36494],"type":"Point"},"properties":{"kind":"stop","name":"Center St / 400 W (EB)","stop_id":"10439"},"type":"Feature"},{"geometry":{"coordinates":[-111.74411,40.36442],"type":"Point"},"properties":{"kind":"stop","name":"Center St / 200 W (EB)","stop_id":"10440"},"type":"Feature"},{"geometry":{"coordinates":[-111.74253,40.36405],"type":"Point"},"properties":{"kind":"stop","name":"Center St / 100 W (EB)","stop_id":"10441"},"type":"Feature"},{"geometry":{"coordinates":[-111.73897,40.35779],"type":"Point"},"properties":{"kind":"stop","name":"State St / 100 E (SB)","stop_id":"10442"},"type":"Feature"},{"geometry":{"coordinates":[-111.73143,40.35141],"type":"Point"},"properties":{"kind":"stop","name":"State St / 700 N (SB)","stop_id":"10444"},"type":"Feature"},{"geometry":{"coordinates":[-111.72969,40.34995],"type":"Point"},"properties":{"kind":"stop","name":"State St / 600 N (SB)","stop_id":"10445"},"type":"Feature"},{"geometry":{"coordinates":[-111.72572,40.34667],"type":"Point"},"properties":{"kind":"stop","name":"State St / 500 N (SB)","stop_id":"10446"},"type":"Feature"},{"geometry":{"coordinates":[-111.72291,40.34428],"type":"Point"},"properties":{"kind":"stop","name":"State St / 400 N (SB)","stop_id":"10447"},"type":"Feature"},{"geometry":{"coordinates":[-111.71245,40.33272],"type":"Point"},"properties":{"kind":"stop","name":"State St / 2000 N (NB)","stop_id":"1045"},"type":"Feature"},{"geometry":{"coordinates":[-111.71516,40.3355],"type":"Point"},"properties":{"kind":"stop","name":"State St / 800 W (SB)","stop_id":"10450"},"type":"Feature"},{"geometry":{"coordinates":[-111.71101,40.33033],"type":"Point"},"properties":{"kind":"stop","name":"State St / 1800 N (SB)","stop_id":"10451"},"type":"Feature"},{"geometry":{"coordinates":[-111.70628,40.32236],"type":"Point"},"properties":{"kind":"stop","name":"State St / 1400 N (SB)","stop_id":"10453"},"type":"Feature"},{"geometry":{"coordinates":[-111.70334,40.31572],"type":"Point"},"properties":{"kind":"stop","name":"State St / 1000 N (SB)","stop_id":"10454"},"type":"Feature"},{"geometry":{"coordinates":[-111.70006,40.30815],"type":"Point"},"properties":{"kind":"stop","name":"State St / 600 N (SB)","stop_id":"10457"},"type":"Feature"},{"geometry":{"coordinates":[-111.69612,40.29913],"type":"Point"},"properties":{"kind":"stop","name":"State St / 100 N (SB)","stop_id":"10460"},"type":"Feature"},{"geometry":{"coordinates":[-111.69325,40.29269],"type":"Point"},"properties":{"kind":"stop","name":"State St / 200 S (SB)","stop_id":"10461"},"type":"Feature"},{"geometry":{"coordinates":[-111.69039,40.28611],"type":"Point"},"properties":{"kind":"stop","name":"State St / 600 S (SB)","stop_id":"10462"},"type":"Feature"},{"geometry":{"coordinates":[-111.67223,40.25592],"type":"Point"},"properties":{"kind":"stop","name":"State St / Grandview Ln (SB)","stop_id":"10467"},"type":"Feature"},{"geometry":{"coordinates":[-111.66969,40.25316],"type":"Point"},"properties":{"kind":"stop","name":"State St / Riverside Ave (SB)","stop_id":"10468"},"type":"Feature"},{"geometry":{"coordinates":[-111.66756,40.2481],"type":"Point"},"properties":{"kind":"stop","name":"500 W / 1050 N (SB)","stop_id":"10469"},"type":"Feature"},{"geometry":{"coordinates":[-111.66757,40.24614],"type":"Point"},"properties":{"kind":"stop","name":"500 W / 940 N (SB)","stop_id":"10470"},"type":"Feature"},{"geometry":{"coordinates":[-111.6676,40.24405],"type":"Point"},"properties":{"kind":"stop","name":"500 W / 800 N (SB)","stop_id":"10471"},"type":"Feature"},{"geometry":{"coordinates":[-111.66761,40.24002],"type":"Point"},"properties":{"kind":"stop","name":"500 W / 500 N (SB)","stop_id":"10472"},"type":"Feature"},{"geometry":{"coordinates":[-111.66762,40.23756],"type":"Point"},"properties":{"kind":"stop","name":"500 W / 300 N (SB)","stop_id":"10474"},"type":"Feature"},{"geometry":{"coordinates":[-111.6602,40.23502],"type":"Point"},"properties":{"kind":"stop","name":"100 N / 100 W (EB)","stop_id":"10476"},"type":"Feature"},{"geometry":{"coordinates":[-111.66802,40.25896],"type":"Point"},"properties":{"kind":"stop","name":"550 W / 1800 N (SB)","stop_id":"10485"},"type":"Feature"},{"geometry":{"coordinates":[-111.64298,40.24875],"type":"Point"},"properties":{"kind":"stop","name":"BYU Central Campus Station (NB)","stop_id":"10493"},"type":"Feature"},{"geometry":{"coordinates":[-111.65888,40.23326],"type":"Point"},"properties":{"kind":"stop","name":"University Ave / Center St (SB)","stop_id":"10506"},"type":"Feature"},{"geometry":{"coordinates":[-111.65887,40.2292],"type":"Point"},"properties":{"kind":"stop","name":"University Ave / 300 S (SB)","stop_id":"10508"},"type":"Feature"},{"geometry":{"coordinates":[-111.66081,40.22223],"type":"Point"},"properties":{"kind":"stop","name":"100 W / 920 S (SB)","stop_id":"10511"},"type":"Feature"},{"geometry":{"coordinates":[-111.65856,40.22768],"type":"Point"},"properties":{"kind":"stop","name":"University Ave / 450 S (NB)","stop_id":"10512"},"type":"Feature"},{"geometry":{"coordinates":[-111.6585,40.23019],"type":"Point"},"properties":{"kind":"stop","name":"University Ave / 300 S (NB)","stop_id":"10513"},"type":"Feature"},{"geometry":{"coordinates":[-111.67596,40.27574],"type":"Point"},"properties":{"kind":"stop","name":"800 E / 1169 S (NB)","stop_id":"10520"},"type":"Feature"},{"geometry":{"coordinates":[-111.67621,40.28036],"type":"Point"},"properties":{"kind":"stop","name":"800 E / 900 S (NB)","stop_id":"10521"},"type":"Feature"},{"geometry":{"coordinates":[-111.68102,40.26544],"type":"Point"},"properties":{"kind":"stop","name":"State St / 1700 S (SB)","stop_id":"10536"},"type":"Feature"},{"geometry":{"coordinates":[-111.6792,40.26345],"type":"Point"},"properties":{"kind":"stop","name":"State St / 1800 S (SB)","stop_id":"10537"},"type":"Feature"},{"geometry":{"coordinates":[-111.67685,40.26097],"type":"Point"},"properties":{"kind":"stop","name":"State St / 1950 N (SB)","stop_id":"10538"},"type":"Feature"},{"geometry":{"coordinates":[-111.71337,40.3333],"type":"Point"},"properties":{"kind":"stop","name":"State St / 2000 N (SB)","stop_id":"1054"},"type":"Feature"},{"geometry":{"coordinates":[-111.64868,40.24292],"type":"Point"},"properties":{"kind":"stop","name":"700 N / 600 E (EB)","stop_id":"10543"},"type":"Feature"},{"geometry":{"coordinates":[-111.64329,40.24806],"type":"Point"},"properties":{"kind":"stop","name":"BYU Central Campus Station (SB)","stop_id":"10546"},"type":"Feature"},{"geometry":{"coordinates":[-111.66785,40.25899],"type":"Point"},"properties":{"kind":"stop","name":"550 W / 1800 N (NB)","stop_id":"10553"},"type":"Feature"},{"geometry":{"coordinates":[-111.66793,40.26175],"type":"Point"},"properties":{"kind":"stop","name":"550 W / University Pkwy (NB)","stop_id":"10554"},"type":"Feature"},{"geometry":{"coordinates":[-111.69602,40.27373],"type":"Point"},"properties":{"kind":"stop","name":"University Pkwy / Main St (WB)","stop_id":"10558"},"type":"Feature"},{"geometry":{"coordinates":[-111.70062,40.27376],"type":"Point"},"properties":{"kind":"stop","name":"University Pkwy / 200 W (WB)","stop_id":"10560"},"type":"Feature"},{"geometry":{"coordinates":[-111.64137,40.12505],"type":"Point"},"properties":{"kind":"stop","name":"Canyon Creek Pkwy / Commerce Way (S","stop_id":"10564"},"type":"Feature"},{"geometry":{"coordinates":[-111.64019,40.1256],"type":"Point"},"properties":{"kind":"stop","name":"Canyon Creek Pkwy / Commerce Way (N","stop_id":"10565"},"type":"Feature"},{"geometry":{"coordinates":[-111.67629,40.276],"type":"Point"},"properties":{"kind":"stop","name":"800 E / 1150 S (SB)","stop_id":"10566"},"type":"Feature"},{"geometry":{"coordinates":[-111.85413,40.40133],"type":"Point"},"properties":{"kind":"stop","name":"State St / 300 W (EB)","stop_id":"10568"},"type":"Feature"},{"geometry":{"coordinates":[-111.65878,40.24696],"type":"Point"},"properties":{"kind":"stop","name":"University Ave / 960 N (SB)","stop_id":"10570"},"type":"Feature"},{"geometry":{"coordinates":[-111.65849,40.24362],"type":"Point"},"properties":{"kind":"stop","name":"University Ave / 700 N (NB)","stop_id":"10575"},"type":"Feature"},{"geometry":{"coordinates":[-111.65488,40.12231],"type":"Point"},"properties":{"kind":"stop","name":"Main St / 1000 N (SB)","stop_id":"10582"},"type":"Feature"},{"geometry":{"coordinates":[-111.65498,40.11216],"type":"Point"},"properties":{"kind":"stop","name":"Main Street / 200 N (SB)","stop_id":"10583"},"type":"Feature"},{"geometry":{"coordinates":[-111.65388,40.10968],"type":"Point"},"properties":{"kind":"stop","name":"Center St / Main St (EB)","stop_id":"10584"},"type":"Feature"},{"geometry":{"coordinates":[-111.64841,40.10966],"type":"Point"},"properties":{"kind":"stop","name":"Center St / 400 E (EB)","stop_id":"10585"},"type":"Feature"},{"geometry":{"coordinates":[-111.64052,40.11828],"type":"Point"},"properties":{"kind":"stop","name":"800 E / 700 N (NB)","stop_id":"10586"},"type":"Feature"},{"geometry":{"coordinates":[-111.64072,40.11897],"type":"Point"},"properties":{"kind":"stop","name":"800 E / 700 N (SB)","stop_id":"10587"},"type":"Feature"},{"geometry":{"coordinates":[-111.64832,40.10992],"type":"Point"},"properties":{"kind":"stop","name":"Center St / 400 E (WB)","stop_id":"10588"},"type":"Feature"},{"geometry":{"coordinates":[-111.65252,40.10995],"type":"Point"},"properties":{"kind":"stop","name":"Center St / 100 E (WB)","stop_id":"10589"},"type":"Feature"},{"geometry":{"coordinates":[-111.70482,40.319],"type":"Point"},"properties":{"kind":"stop","name":"State St / 1200 N (SB)","stop_id":"1059"},"type":"Feature"},{"geometry":{"coordinates":[-111.65458,40.11531],"type":"Point"},"properties":{"kind":"stop","name":"Main St / 400 N (NB)","stop_id":"10590"},"type":"Feature"},{"geometry":{"coordinates":[-111.65405,40.12281],"type":"Point"},"properties":{"kind":"stop","name":"1000 N / Main Street (EB)","stop_id":"10591"},"type":"Feature"},{"geometry":{"coordinates":[-111.85505,40.40234],"type":"Point"},"properties":{"kind":"stop","name":"State St / 300 W (WB)","stop_id":"10592"},"type":"Feature"},{"geometry":{"coordinates":[-111.78043,40.37257],"type":"Point"},"properties":{"kind":"stop","name":"State St / 700 E (EB)","stop_id":"10594"},"type":"Feature"},{"geometry":{"coordinates":[-111.75916,40.36776],"type":"Point"},"properties":{"kind":"stop","name":"State St / 1300 W (EB)","stop_id":"10595"},"type":"Feature"},{"geometry":{"coordinates":[-111.73588,40.35519],"type":"Point"},"properties":{"kind":"stop","name":"State St / 700 S (SB)","stop_id":"10596"},"type":"Feature"},{"geometry":{"coordinates":[-111.68856,40.28295],"type":"Point"},"properties":{"kind":"stop","name":"State St / 800 S (NB)","stop_id":"10601"},"type":"Feature"},{"geometry":{"coordinates":[-111.69011,40.2865],"type":"Point"},"properties":{"kind":"stop","name":"State St / 600 S (NB)","stop_id":"10603"},"type":"Feature"},{"geometry":{"coordinates":[-111.69178,40.29019],"type":"Point"},"properties":{"kind":"stop","name":"State St / 400 S (NB)","stop_id":"10604"},"type":"Feature"},{"geometry":{"coordinates":[-111.69332,40.29377],"type":"Point"},"properties":{"kind":"stop","name":"State St / 200 S (NB)","stop_id":"10606"},"type":"Feature"},{"geometry":{"coordinates":[-111.69499,40.29761],"type":"Point"},"properties":{"kind":"stop","name":"State St / Center St (NB)","stop_id":"10607"},"type":"Feature"},{"geometry":{"coordinates":[-111.69657,40.3012],"type":"Point"},"properties":{"kind":"stop","name":"State St / 200 N (NB)","stop_id":"10609"},"type":"Feature"},{"geometry":{"coordinates":[-111.69986,40.30872],"type":"Point"},"properties":{"kind":"stop","name":"State St / 600 N (NB)","stop_id":"10612"},"type":"Feature"},{"geometry":{"coordinates":[-111.70596,40.32253],"type":"Point"},"properties":{"kind":"stop","name":"State St / 1400 N (NB)","stop_id":"10615"},"type":"Feature"},{"geometry":{"coordinates":[-111.708,40.32717],"type":"Point"},"properties":{"kind":"stop","name":"State St / 1600 N (NB)","stop_id":"10617"},"type":"Feature"},{"geometry":{"coordinates":[-111.71069,40.33061],"type":"Point"},"properties":{"kind":"stop","name":"State St / 1800 N (NB)","stop_id":"10618"},"type":"Feature"},{"geometry":{"coordinates":[-111.71477,40.33554],"type":"Point"},"properties":{"kind":"stop","name":"State St / Lindon Main St (NB)","stop_id":"10619"},"type":"Feature"},{"geometry":{"coordinates":[-111.72135,40.34342],"type":"Point"},"properties":{"kind":"stop","name":"State St / 300 N (NB)","stop_id":"10622"},"type":"Feature"},{"geometry":{"coordinates":[-111.72331,40.34508],"type":"Point"},"properties":{"kind":"stop","name":"State St / 400 N (NB)","stop_id":"10623"},"type":"Feature"},{"geometry":{"coordinates":[-111.73193,40.3523],"type":"Point"},"properties":{"kind":"stop","name":"State Rd / 800 N (NB)","stop_id":"10625"},"type":"Feature"},{"geometry":{"coordinates":[-111.73431,40.35428],"type":"Point"},"properties":{"kind":"stop","name":"State Rd / 790 S (NB)","stop_id":"10626"},"type":"Feature"},{"geometry":{"coordinates":[-111.73673,40.35634],"type":"Point"},"properties":{"kind":"stop","name":"State Rd / 700 S (NB)","stop_id":"10627"},"type":"Feature"},{"geometry":{"coordinates":[-111.74067,40.36322],"type":"Point"},"properties":{"kind":"stop","name":"Main St / 50 S (NB)","stop_id":"10628"},"type":"Feature"},{"geometry":{"coordinates":[-111.74155,40.36408],"type":"Point"},"properties":{"kind":"stop","name":"Center St / 50 W (WB)","stop_id":"10629"},"type":"Feature"},{"geometry":{"coordinates":[-111.7445,40.36472],"type":"Point"},"properties":{"kind":"stop","name":"Center St / 200 W (WB)","stop_id":"10630"},"type":"Feature"},{"geometry":{"coordinates":[-111.6746,40.25849],"type":"Point"},"properties":{"kind":"stop","name":"State St / 1850 N (SB)","stop_id":"10632"},"type":"Feature"},{"geometry":{"coordinates":[-111.72431,40.28901],"type":"Point"},"properties":{"kind":"stop","name":"1200 W / 400 S (SB)","stop_id":"10648"},"type":"Feature"},{"geometry":{"coordinates":[-111.72425,40.28644],"type":"Point"},"properties":{"kind":"stop","name":"1200 W / 600 S (SB)","stop_id":"10649"},"type":"Feature"},{"geometry":{"coordinates":[-111.71385,40.28001],"type":"Point"},"properties":{"kind":"stop","name":"UVU Institute (EB)","stop_id":"10651"},"type":"Feature"},{"geometry":{"coordinates":[-111.68744,40.28232],"type":"Point"},"properties":{"kind":"stop","name":"800 S / State St (EB)","stop_id":"10659"},"type":"Feature"},{"geometry":{"coordinates":[-111.69902,40.30579],"type":"Point"},"properties":{"kind":"stop","name":"State St / 500 N (SB)","stop_id":"1066"},"type":"Feature"},{"geometry":{"coordinates":[-111.67647,40.2812],"type":"Point"},"properties":{"kind":"stop","name":"800 E / 800 S (SB)","stop_id":"10663"},"type":"Feature"},{"geometry":{"coordinates":[-111.67644,40.27819],"type":"Point"},"properties":{"kind":"stop","name":"800 E / 1000 S (SB)","stop_id":"10664"},"type":"Feature"},{"geometry":{"coordinates":[-111.64283,40.2286],"type":"Point"},"properties":{"kind":"stop","name":"900 E / 400 S (SB)","stop_id":"10666"},"type":"Feature"},{"geometry":{"coordinates":[-111.64276,40.2265],"type":"Point"},"properties":{"kind":"stop","name":"900 E / 460 S (SB)","stop_id":"10667"},"type":"Feature"},{"geometry":{"coordinates":[-111.6434,40.22589],"type":"Point"},"properties":{"kind":"stop","name":"State Street / 900 E (NB)","stop_id":"10668"},"type":"Feature"},{"geometry":{"coordinates":[-111.69814,40.30369],"type":"Point"},"properties":{"kind":"stop","name":"State St / 400 N (SB)","stop_id":"1067"},"type":"Feature"},{"geometry":{"coordinates":[-111.64227,40.14922],"type":"Point"},"properties":{"kind":"stop","name":"1750 W / 1300 S (NB)","stop_id":"10689"},"type":"Feature"},{"geometry":{"coordinates":[-111.63681,40.12929],"type":"Point"},"properties":{"kind":"stop","name":"Canyon Creek Pkwy / Spanish Fork Pk","stop_id":"10699"},"type":"Feature"},{"geometry":{"coordinates":[-111.64637,40.22932],"type":"Point"},"properties":{"kind":"stop","name":"State Street / 300 S (SB)","stop_id":"10700"},"type":"Feature"},{"geometry":{"coordinates":[-111.69507,40.29666],"type":"Point"},"properties":{"kind":"stop","name":"State St / Orem Center St (SB)","stop_id":"1071"},"type":"Feature"},{"geometry":{"coordinates":[-111.64316,40.23248],"type":"Point"},"properties":{"kind":"stop","name":"900 E / 50 S (SB)","stop_id":"10754"},"type":"Feature"},{"geometry":{"coordinates":[-111.63622,40.12986],"type":"Point"},"properties":{"kind":"stop","name":"Canyon Creek Pkwy / Spanish Fork Pk","stop_id":"10756"},"type":"Feature"},{"geometry":{"coordinates":[-111.65202,40.22976],"type":"Point"},"properties":{"kind":"stop","name":"300 S / 400 E (WB)","stop_id":"10757"},"type":"Feature"},{"geometry":{"coordinates":[-111.68571,40.25352],"type":"Point"},"properties":{"kind":"stop","name":"1460 N / 1500 W (WB)","stop_id":"10767"},"type":"Feature"},{"geometry":{"coordinates":[-111.69069,40.25352],"type":"Point"},"properties":{"kind":"stop","name":"1460 N / 1900 W (WB)","stop_id":"10769"},"type":"Feature"},{"geometry":{"coordinates":[-111.69427,40.25351],"type":"Point"},"properties":{"kind":"stop","name":"1460 N / Grand Ave (WB)","stop_id":"10770"},"type":"Feature"},{"geometry":{"coordinates":[-111.6947,40.25659],"type":"Point"},"properties":{"kind":"stop","name":"2100 W / 1730 N (NB)","stop_id":"10771"},"type":"Feature"},{"geometry":{"coordinates":[-111.69484,40.26369],"type":"Point"},"properties":{"kind":"stop","name":"Main St / 1820 S (NB)","stop_id":"10773"},"type":"Feature"},{"geometry":{"coordinates":[-111.69495,40.26827],"type":"Point"},"properties":{"kind":"stop","name":"Main St / 1600 S (NB)","stop_id":"10774"},"type":"Feature"},{"geometry":{"coordinates":[-111.695,40.27053],"type":"Point"},"properties":{"kind":"stop","name":"Main St / 1450 S (NB)","stop_id":"10775"},"type":"Feature"},{"geometry":{"coordinates":[-111.695,40.27219],"type":"Point"},"properties":{"kind":"stop","name":"Main St / 1400 S (NB)","stop_id":"10776"},"type":"Feature"},{"geometry":{"coordinates":[-111.70561,40.27152],"type":"Point"},"properties":{"kind":"stop","name":"1430 S / 400 W (WB)","stop_id":"10777"},"type":"Feature"},{"geometry":{"coordinates":[-111.70834,40.27078],"type":"Point"},"properties":{"kind":"stop","name":"1430 S / 550 W (WB)","stop_id":"10778"},"type":"Feature"},{"geometry":{"coordinates":[-111.71101,40.27088],"type":"Point"},"properties":{"kind":"stop","name":"1430 W / Sandhill Rd (WB)","stop_id":"10779"},"type":"Feature"},{"geometry":{"coordinates":[-111.71211,40.27275],"type":"Point"},"properties":{"kind":"stop","name":"Sandhill Rd / 1350 S (NB)","stop_id":"10780"},"type":"Feature"},{"geometry":{"coordinates":[-111.71108,40.27076],"type":"Point"},"properties":{"kind":"stop","name":"1430 S / Sandhill Rd (EB)","stop_id":"10781"},"type":"Feature"},{"geometry":{"coordinates":[-111.70824,40.27065],"type":"Point"},"properties":{"kind":"stop","name":"1430 S / 550 W (EB)","stop_id":"10782"},"type":"Feature"},{"geometry":{"coordinates":[-111.70524,40.27154],"type":"Point"},"properties":{"kind":"stop","name":"1430 S / 400 W (EB)","stop_id":"10783"},"type":"Feature"},{"geometry":{"coordinates":[-111.69526,40.27288],"type":"Point"},"properties":{"kind":"stop","name":"Main St / University Pkwy (SB)","stop_id":"10784"},"type":"Feature"},{"geometry":{"coordinates":[-111.69518,40.27057],"type":"Point"},"properties":{"kind":"stop","name":"Main St / 1450 S (SB)","stop_id":"10785"},"type":"Feature"},{"geometry":{"coordinates":[-111.69511,40.26739],"type":"Point"},"properties":{"kind":"stop","name":"Main St / 1600 S (SB)","stop_id":"10786"},"type":"Feature"},{"geometry":{"coordinates":[-111.69506,40.26357],"type":"Point"},"properties":{"kind":"stop","name":"Main St / 1820 S (SB)","stop_id":"10787"},"type":"Feature"},{"geometry":{"coordinates":[-111.69488,40.25716],"type":"Point"},"properties":{"kind":"stop","name":"2100 W / 1730 N (SB)","stop_id":"10788"},"type":"Feature"},{"geometry":{"coordinates":[-111.69485,40.25556],"type":"Point"},"properties":{"kind":"stop","name":"Main St / 1600 N (SB)","stop_id":"10789"},"type":"Feature"},{"geometry":{"coordinates":[-111.69414,40.25339],"type":"Point"},"properties":{"kind":"stop","name":"1460 N / Grand Ave (EB)","stop_id":"10790"},"type":"Feature"},{"geometry":{"coordinates":[-111.69101,40.2534],"type":"Point"},"properties":{"kind":"stop","name":"1460 N / 1900 W (EB)","stop_id":"10791"},"type":"Feature"},{"geometry":{"coordinates":[-111.64266,40.23005],"type":"Point"},"properties":{"kind":"stop","name":"900 E / 300 S (NB)","stop_id":"10812"},"type":"Feature"},{"geometry":{"coordinates":[-111.64278,40.23198],"type":"Point"},"properties":{"kind":"stop","name":"900 E / 150 S (NB)","stop_id":"10813"},"type":"Feature"},{"geometry":{"coordinates":[-111.66479,40.26363],"type":"Point"},"properties":{"kind":"stop","name":"2230 N / 400 W (WB)","stop_id":"10832"},"type":"Feature"},{"geometry":{"coordinates":[-111.64309,40.23414],"type":"Point"},"properties":{"kind":"stop","name":"900 E / Center St (NB)","stop_id":"10846"},"type":"Feature"},{"geometry":{"coordinates":[-111.64305,40.23636],"type":"Point"},"properties":{"kind":"stop","name":"900 E / 200 N (NB)","stop_id":"10847"},"type":"Feature"},{"geometry":{"coordinates":[-111.64305,40.23767],"type":"Point"},"properties":{"kind":"stop","name":"900 E / 300 N (NB)","stop_id":"10848"},"type":"Feature"},{"geometry":{"coordinates":[-111.64301,40.24035],"type":"Point"},"properties":{"kind":"stop","name":"900 E / 450 N (NB)","stop_id":"10849"},"type":"Feature"},{"geometry":{"coordinates":[-111.6433,40.23977],"type":"Point"},"properties":{"kind":"stop","name":"900 E / 450 N (SB)","stop_id":"10854"},"type":"Feature"},{"geometry":{"coordinates":[-111.64332,40.23791],"type":"Point"},"properties":{"kind":"stop","name":"900 E / 300 N (SB)","stop_id":"10855"},"type":"Feature"},{"geometry":{"coordinates":[-111.64331,40.23611],"type":"Point"},"properties":{"kind":"stop","name":"900 E / 200 N (SB)","stop_id":"10856"},"type":"Feature"},{"geometry":{"coordinates":[-111.64334,40.23443],"type":"Point"},"properties":{"kind":"stop","name":"900 E / Center St (SB)","stop_id":"10857"},"type":"Feature"},{"geometry":{"coordinates":[-111.67618,40.28299],"type":"Point"},"properties":{"kind":"stop","name":"800 E / 800 S (NB)","stop_id":"10858"},"type":"Feature"},{"geometry":{"coordinates":[-111.67614,40.28544],"type":"Point"},"properties":{"kind":"stop","name":"800 E / 620 S (NB)","stop_id":"10859"},"type":"Feature"},{"geometry":{"coordinates":[-111.67616,40.28739],"type":"Point"},"properties":{"kind":"stop","name":"800 E / 500 S (NB)","stop_id":"10860"},"type":"Feature"},{"geometry":{"coordinates":[-111.69801,40.3267],"type":"Point"},"properties":{"kind":"stop","name":"1600 N / 110 W (WB)","stop_id":"10880"},"type":"Feature"},{"geometry":{"coordinates":[-111.70329,40.32665],"type":"Point"},"properties":{"kind":"stop","name":"1600 N / 280 W (WB)","stop_id":"10881"},"type":"Feature"},{"geometry":{"coordinates":[-111.70676,40.32664],"type":"Point"},"properties":{"kind":"stop","name":"1600 N / 400 W (WB)","stop_id":"10882"},"type":"Feature"},{"geometry":{"coordinates":[-111.72094,40.32647],"type":"Point"},"properties":{"kind":"stop","name":"1600 N / 1040 N (WB)","stop_id":"10884"},"type":"Feature"},{"geometry":{"coordinates":[-111.72057,40.32632],"type":"Point"},"properties":{"kind":"stop","name":"1600 N / 1040 N (EB)","stop_id":"10885"},"type":"Feature"},{"geometry":{"coordinates":[-111.71412,40.32637],"type":"Point"},"properties":{"kind":"stop","name":"1600 N / 800 W (EB)","stop_id":"10886"},"type":"Feature"},{"geometry":{"coordinates":[-111.7099,40.32641],"type":"Point"},"properties":{"kind":"stop","name":"1600 N / State St (EB)","stop_id":"10887"},"type":"Feature"},{"geometry":{"coordinates":[-111.70297,40.32651],"type":"Point"},"properties":{"kind":"stop","name":"1600 N / 280 W (EB)","stop_id":"10888"},"type":"Feature"},{"geometry":{"coordinates":[-111.69856,40.32653],"type":"Point"},"properties":{"kind":"stop","name":"1600 N / 110 W (EB)","stop_id":"10889"},"type":"Feature"},{"geometry":{"coordinates":[-111.67747,40.31921],"type":"Point"},"properties":{"kind":"stop","name":"1200 N / 800 E (EB)","stop_id":"10894"},"type":"Feature"},{"geometry":{"coordinates":[-111.63513,40.21426],"type":"Point"},"properties":{"kind":"stop","name":"State St / 1320 S (SB)","stop_id":"10910"},"type":"Feature"},{"geometry":{"coordinates":[-111.61079,40.17898],"type":"Point"},"properties":{"kind":"stop","name":"Main St / 900 N (NB)","stop_id":"10911"},"type":"Feature"},{"geometry":{"coordinates":[-111.61079,40.17515],"type":"Point"},"properties":{"kind":"stop","name":"Main St / 600 N (SB)","stop_id":"10912"},"type":"Feature"},{"geometry":{"coordinates":[-111.61022,40.1722],"type":"Point"},"properties":{"kind":"stop","name":"400 N / Main St (EB)","stop_id":"10913"},"type":"Feature"},{"geometry":{"coordinates":[-111.60837,40.17216],"type":"Point"},"properties":{"kind":"stop","name":"400 N / 100 E (EB)","stop_id":"10914"},"type":"Feature"},{"geometry":{"coordinates":[-111.6066,40.17217],"type":"Point"},"properties":{"kind":"stop","name":"400 N / 200 E (EB)","stop_id":"10915"},"type":"Feature"},{"geometry":{"coordinates":[-111.6037,40.17216],"type":"Point"},"properties":{"kind":"stop","name":"400 N / 400 E (EB)","stop_id":"10916"},"type":"Feature"},{"geometry":{"coordinates":[-111.6108,40.17194],"type":"Point"},"properties":{"kind":"stop","name":"Main St / 400 S (SB)","stop_id":"10917"},"type":"Feature"},{"geometry":{"coordinates":[-111.60342,40.17005],"type":"Point"},"properties":{"kind":"stop","name":"400 E / 200 N (SB)","stop_id":"10918"},"type":"Feature"},{"geometry":{"coordinates":[-111.61083,40.16635],"type":"Point"},"properties":{"kind":"stop","name":"Main St / Center St (SB)","stop_id":"10919"},"type":"Feature"},{"geometry":{"coordinates":[-111.60345,40.16622],"type":"Point"},"properties":{"kind":"stop","name":"400 E /  Center St (SB)","stop_id":"10920"},"type":"Feature"},{"geometry":{"coordinates":[-111.60347,40.16362],"type":"Point"},"properties":{"kind":"stop","name":"400 E / 200 S (SB)","stop_id":"10921"},"type":"Feature"},{"geometry":{"coordinates":[-111.6035,40.1616],"type":"Point"},"properties":{"kind":"stop","name":"400 E / 400 S (SB)","stop_id":"10922"},"type":"Feature"},{"geometry":{"coordinates":[-111.60736,40.16119],"type":"Point"},"properties":{"kind":"stop","name":"400 S / 200 E (WB)","stop_id":"10923"},"type":"Feature"},{"geometry":{"coordinates":[-111.61083,40.16361],"type":"Point"},"properties":{"kind":"stop","name":"Main St / 200 S (SB)","stop_id":"10924"},"type":"Feature"},{"geometry":{"coordinates":[-111.64073,40.11721],"type":"Point"},"properties":{"kind":"stop","name":"800 E / 600 N (SB)","stop_id":"10925"},"type":"Feature"},{"geometry":{"coordinates":[-111.64074,40.11555],"type":"Point"},"properties":{"kind":"stop","name":"800 E / State Rd (SB)","stop_id":"10926"},"type":"Feature"},{"geometry":{"coordinates":[-111.64077,40.11219],"type":"Point"},"properties":{"kind":"stop","name":"800 E / 200 N (SB)","stop_id":"10927"},"type":"Feature"},{"geometry":{"coordinates":[-111.64078,40.11004],"type":"Point"},"properties":{"kind":"stop","name":"800 E / Center St (SB)","stop_id":"10928"},"type":"Feature"},{"geometry":{"coordinates":[-111.64388,40.1099],"type":"Point"},"properties":{"kind":"stop","name":"Center St / 600 E (WB)","stop_id":"10929"},"type":"Feature"},{"geometry":{"coordinates":[-111.65499,40.10793],"type":"Point"},"properties":{"kind":"stop","name":"Main St / 140 S (SB)","stop_id":"10930"},"type":"Feature"},{"geometry":{"coordinates":[-111.655,40.107],"type":"Point"},"properties":{"kind":"stop","name":"Main St / 200 S (SB)","stop_id":"10931"},"type":"Feature"},{"geometry":{"coordinates":[-111.65503,40.10554],"type":"Point"},"properties":{"kind":"stop","name":"Main St / 300 S (SB)","stop_id":"10932"},"type":"Feature"},{"geometry":{"coordinates":[-111.65538,40.10276],"type":"Point"},"properties":{"kind":"stop","name":"Main St / 500 S (SB)","stop_id":"10933"},"type":"Feature"},{"geometry":{"coordinates":[-111.66897,40.06036],"type":"Point"},"properties":{"kind":"stop","name":"Highway 198 / 400 N (SB)","stop_id":"10934"},"type":"Feature"},{"geometry":{"coordinates":[-111.68327,40.05123],"type":"Point"},"properties":{"kind":"stop","name":"Highway 198 / Sheen Rd (SB)","stop_id":"10936"},"type":"Feature"},{"geometry":{"coordinates":[-111.71644,40.04466],"type":"Point"},"properties":{"kind":"stop","name":"100 N / 1000 E (WB)","stop_id":"10937"},"type":"Feature"},{"geometry":{"coordinates":[-111.71853,40.04461],"type":"Point"},"properties":{"kind":"stop","name":"100 N / 900 E (WB)","stop_id":"10938"},"type":"Feature"},{"geometry":{"coordinates":[-111.723,40.04459],"type":"Point"},"properties":{"kind":"stop","name":"100 N / 600 E (WB)","stop_id":"10939"},"type":"Feature"},{"geometry":{"coordinates":[-111.72777,40.0446],"type":"Point"},"properties":{"kind":"stop","name":"100 N / 400 E (WB)","stop_id":"10941"},"type":"Feature"},{"geometry":{"coordinates":[-111.72988,40.04463],"type":"Point"},"properties":{"kind":"stop","name":"100 N / 200 E (WB)","stop_id":"10942"},"type":"Feature"},{"geometry":{"coordinates":[-111.73393,40.04428],"type":"Point"},"properties":{"kind":"stop","name":"100 W / 100 N (SB)","stop_id":"10943"},"type":"Feature"},{"geometry":{"coordinates":[-111.73395,40.03795],"type":"Point"},"properties":{"kind":"stop","name":"100 W / 400 S (SB)","stop_id":"10945"},"type":"Feature"},{"geometry":{"coordinates":[-111.73409,40.03378],"type":"Point"},"properties":{"kind":"stop","name":"100 W / 700 S (SB)","stop_id":"10946"},"type":"Feature"},{"geometry":{"coordinates":[-111.73394,40.03357],"type":"Point"},"properties":{"kind":"stop","name":"100 W / 700 S (NB)","stop_id":"10948"},"type":"Feature"},{"geometry":{"coordinates":[-111.73378,40.03849],"type":"Point"},"properties":{"kind":"stop","name":"100 W / 400 S (NB)","stop_id":"10949"},"type":"Feature"},{"geometry":{"coordinates":[-111.73376,40.04207],"type":"Point"},"properties":{"kind":"stop","name":"100 W / 200 S (NB)","stop_id":"10950"},"type":"Feature"},{"geometry":{"coordinates":[-111.73173,40.04447],"type":"Point"},"properties":{"kind":"stop","name":"100 N / Main St (EB)","stop_id":"10951"},"type":"Feature"},{"geometry":{"coordinates":[-111.73014,40.04446],"type":"Point"},"properties":{"kind":"stop","name":"100 N / 200 E (EB)","stop_id":"10952"},"type":"Feature"},{"geometry":{"coordinates":[-111.72684,40.04444],"type":"Point"},"properties":{"kind":"stop","name":"100 N / 400 E (EB)","stop_id":"10953"},"type":"Feature"},{"geometry":{"coordinates":[-111.7251,40.04443],"type":"Point"},"properties":{"kind":"stop","name":"100 N / 500 E (EB)","stop_id":"10954"},"type":"Feature"},{"geometry":{"coordinates":[-111.72288,40.04442],"type":"Point"},"properties":{"kind":"stop","name":"100 N / 600 E (EB)","stop_id":"10955"},"type":"Feature"},{"geometry":{"coordinates":[-111.71805,40.04439],"type":"Point"},"properties":{"kind":"stop","name":"100 N / 900 E (EB)","stop_id":"10956"},"type":"Feature"},{"geometry":{"coordinates":[-111.71564,40.04447],"type":"Point"},"properties":{"kind":"stop","name":"100 N / 1000 E (EB)","stop_id":"10957"},"type":"Feature"},{"geometry":{"coordinates":[-111.68291,40.05125],"type":"Point"},"properties":{"kind":"stop","name":"Highway 198 / Sheen Rd (NB)","stop_id":"10958"},"type":"Feature"},{"geometry":{"coordinates":[-111.66888,40.05988],"type":"Point"},"properties":{"kind":"stop","name":"Highway 198 / 400 N (NB)","stop_id":"10959"},"type":"Feature"},{"geometry":{"coordinates":[-111.65503,40.10321],"type":"Point"},"properties":{"kind":"stop","name":"Main St / 500 S (NB)","stop_id":"10960"},"type":"Feature"},{"geometry":{"coordinates":[-111.65466,40.10614],"type":"Point"},"properties":{"kind":"stop","name":"Main St / 300 S (NB)","stop_id":"10961"},"type":"Feature"},{"geometry":{"coordinates":[-111.65465,40.10738],"type":"Point"},"properties":{"kind":"stop","name":"Main St / 200 S (NB)","stop_id":"10962"},"type":"Feature"},{"geometry":{"coordinates":[-111.65462,40.1089],"type":"Point"},"properties":{"kind":"stop","name":"Main St / 100 S (NB)","stop_id":"10963"},"type":"Feature"},{"geometry":{"coordinates":[-111.64369,40.10963],"type":"Point"},"properties":{"kind":"stop","name":"Center St / 600 E (EB)","stop_id":"10964"},"type":"Feature"},{"geometry":{"coordinates":[-111.64064,40.11034],"type":"Point"},"properties":{"kind":"stop","name":"800 E / Center St (NB)","stop_id":"10965"},"type":"Feature"},{"geometry":{"coordinates":[-111.64057,40.11224],"type":"Point"},"properties":{"kind":"stop","name":"800 E / 200 N (NB)","stop_id":"10966"},"type":"Feature"},{"geometry":{"coordinates":[-111.64053,40.11558],"type":"Point"},"properties":{"kind":"stop","name":"800 E / State Rd (NB)","stop_id":"10967"},"type":"Feature"},{"geometry":{"coordinates":[-111.61084,40.16186],"type":"Point"},"properties":{"kind":"stop","name":"Main St / 400 S (SB)","stop_id":"10968"},"type":"Feature"},{"geometry":{"coordinates":[-111.60672,40.16101],"type":"Point"},"properties":{"kind":"stop","name":"400 S / 200 E (EB)","stop_id":"10969"},"type":"Feature"},{"geometry":{"coordinates":[-111.60445,40.161],"type":"Point"},"properties":{"kind":"stop","name":"400 S / 400 E (EB)","stop_id":"10970"},"type":"Feature"},{"geometry":{"coordinates":[-111.60329,40.16419],"type":"Point"},"properties":{"kind":"stop","name":"400 E / 200 S (NB)","stop_id":"10971"},"type":"Feature"},{"geometry":{"coordinates":[-111.60327,40.16703],"type":"Point"},"properties":{"kind":"stop","name":"400 E / Center St (NB)","stop_id":"10972"},"type":"Feature"},{"geometry":{"coordinates":[-111.61047,40.16428],"type":"Point"},"properties":{"kind":"stop","name":"Main Street / 200 S (NB)","stop_id":"10973"},"type":"Feature"},{"geometry":{"coordinates":[-111.60323,40.16969],"type":"Point"},"properties":{"kind":"stop","name":"400 E / 200 N (NB)","stop_id":"10974"},"type":"Feature"},{"geometry":{"coordinates":[-111.61044,40.16709],"type":"Point"},"properties":{"kind":"stop","name":"Main Street / Center Street (NB)","stop_id":"10975"},"type":"Feature"},{"geometry":{"coordinates":[-111.60432,40.1723],"type":"Point"},"properties":{"kind":"stop","name":"400 N / 400 E (WB)","stop_id":"10976"},"type":"Feature"},{"geometry":{"coordinates":[-111.60659,40.17231],"type":"Point"},"properties":{"kind":"stop","name":"400 N / 200 E (WB)","stop_id":"10977"},"type":"Feature"},{"geometry":{"coordinates":[-111.60882,40.17232],"type":"Point"},"properties":{"kind":"stop","name":"400 N / 100 E (WB)","stop_id":"10978"},"type":"Feature"},{"geometry":{"coordinates":[-111.61043,40.1726],"type":"Point"},"properties":{"kind":"stop","name":"Main St / 400 N (NB)","stop_id":"10979"},"type":"Feature"},{"geometry":{"coordinates":[-111.61043,40.17585],"type":"Point"},"properties":{"kind":"stop","name":"Main St / 700 N (NB)","stop_id":"10980"},"type":"Feature"},{"geometry":{"coordinates":[-111.61045,40.17876],"type":"Point"},"properties":{"kind":"stop","name":"Main St / 900 N (NB)","stop_id":"10981"},"type":"Feature"},{"geometry":{"coordinates":[-111.62207,40.20221],"type":"Point"},"properties":{"kind":"stop","name":"State St / 2300 S (NB)","stop_id":"10982"},"type":"Feature"},{"geometry":{"coordinates":[-111.6348,40.21431],"type":"Point"},"properties":{"kind":"stop","name":"State St / 1320 S (NB)","stop_id":"10983"},"type":"Feature"},{"geometry":{"coordinates":[-111.67678,40.3113],"type":"Point"},"properties":{"kind":"stop","name":"800 E / 800 N (SB)","stop_id":"10984"},"type":"Feature"},{"geometry":{"coordinates":[-111.79895,40.37672],"type":"Point"},"properties":{"kind":"stop","name":"Main St / American Fork Center St (","stop_id":"11001"},"type":"Feature"},{"geometry":{"coordinates":[-111.66894,40.25703],"type":"Point"},"properties":{"kind":"stop","name":"1720 N / 550 W (WB)","stop_id":"11006"},"type":"Feature"},{"geometry":{"coordinates":[-111.8042,40.37694],"type":"Point"},"properties":{"kind":"stop","name":"Main St / 200 W (WB)","stop_id":"11010"},"type":"Feature"},{"geometry":{"coordinates":[-111.96859,41.30834],"type":"Point"},"properties":{"kind":"stop","name":"400 E / 2700 N (NB)","stop_id":"11042"},"type":"Feature"},{"geometry":{"coordinates":[-112.00582,41.30732],"type":"Point"},"properties":{"kind":"stop","name":"US-89 / 2700 N (NB)","stop_id":"11044"},"type":"Feature"},{"geometry":{"coordinates":[-112.02705,41.33524],"type":"Point"},"properties":{"kind":"stop","name":"US-89 / Pleasant View Dr (NB)","stop_id":"11045"},"type":"Feature"},{"geometry":{"coordinates":[-112.009,41.2598],"type":"Point"},"properties":{"kind":"stop","name":"1200 W / 200 S (NB)","stop_id":"11061"},"type":"Feature"},{"geometry":{"coordinates":[-112.00963,41.25097],"type":"Point"},"properties":{"kind":"stop","name":"1200 W / 700 S (SB) (Ogden)","stop_id":"11062"},"type":"Feature"},{"geometry":{"coordinates":[-112.00626,41.24448],"type":"Point"},"properties":{"kind":"stop","name":"12Th St / 1085 W (EB)","stop_id":"11063"},"type":"Feature"},{"geometry":{"coordinates":[-112.00226,41.24445],"type":"Point"},"properties":{"kind":"stop","name":"12Th St / 955 W (EB) (Ogden)","stop_id":"11064"},"type":"Feature"},{"geometry":{"coordinates":[-112.01533,41.30203],"type":"Point"},"properties":{"kind":"stop","name":"1500 W / 2450 N (SB)","stop_id":"11075"},"type":"Feature"},{"geometry":{"coordinates":[-112.01379,41.2984],"type":"Point"},"properties":{"kind":"stop","name":"1500 W / 2350 N (SB)","stop_id":"11076"},"type":"Feature"},{"geometry":{"coordinates":[-112.01251,41.29633],"type":"Point"},"properties":{"kind":"stop","name":"1500 W / 2150 N (SB)","stop_id":"11077"},"type":"Feature"},{"geometry":{"coordinates":[-112.01116,41.29413],"type":"Point"},"properties":{"kind":"stop","name":"1500 W / 1973 N (SB)","stop_id":"11078"},"type":"Feature"},{"geometry":{"coordinates":[-112.02666,41.33426],"type":"Point"},"properties":{"kind":"stop","name":"US-89 / Pleasant View Dr (SB)","stop_id":"11126"},"type":"Feature"},{"geometry":{"coordinates":[-112.00089,41.30143],"type":"Point"},"properties":{"kind":"stop","name":"US-89 / Lisa St (SB)","stop_id":"11128"},"type":"Feature"},{"geometry":{"coordinates":[-111.97786,41.17765],"type":"Point"},"properties":{"kind":"stop","name":"4700 S / 100 E (EB)","stop_id":"11130"},"type":"Feature"},{"geometry":{"coordinates":[-111.97553,41.17758],"type":"Point"},"properties":{"kind":"stop","name":"4700 S / 200 E (EB)","stop_id":"11131"},"type":"Feature"},{"geometry":{"coordinates":[-111.97965,41.1936],"type":"Point"},"properties":{"kind":"stop","name":"Wall Ave / Riverdale Rd (SB)","stop_id":"11156"},"type":"Feature"},{"geometry":{"coordinates":[-111.98476,41.18744],"type":"Point"},"properties":{"kind":"stop","name":"Riverdale Rd / 4150 S (SB)","stop_id":"11158"},"type":"Feature"},{"geometry":{"coordinates":[-112.00931,41.18284],"type":"Point"},"properties":{"kind":"stop","name":"4400 S / 1150 W (WB)","stop_id":"11162"},"type":"Feature"},{"geometry":{"coordinates":[-112.02057,41.18355],"type":"Point"},"properties":{"kind":"stop","name":"4400 S / 1700 W (WB)","stop_id":"11165"},"type":"Feature"},{"geometry":{"coordinates":[-112.02418,41.18353],"type":"Point"},"properties":{"kind":"stop","name":"4400 S / 1825 W (WB)","stop_id":"11166"},"type":"Feature"},{"geometry":{"coordinates":[-112.0261,41.17981],"type":"Point"},"properties":{"kind":"stop","name":"1900 W / 4650 S (SB)","stop_id":"11167"},"type":"Feature"},{"geometry":{"coordinates":[-112.02606,41.17807],"type":"Point"},"properties":{"kind":"stop","name":"1900 W / 4700 S (SB)","stop_id":"11168"},"type":"Feature"},{"geometry":{"coordinates":[-111.97124,41.22686],"type":"Point"},"properties":{"kind":"stop","name":"22nd St / Washington Blvd (EB)","stop_id":"11183"},"type":"Feature"},{"geometry":{"coordinates":[-111.97855,41.2287],"type":"Point"},"properties":{"kind":"stop","name":"Wall Ave / 21 St (NB)","stop_id":"11187"},"type":"Feature"},{"geometry":{"coordinates":[-111.97831,41.23988],"type":"Point"},"properties":{"kind":"stop","name":"Wall Ave / 15th St (NB)","stop_id":"11188"},"type":"Feature"},{"geometry":{"coordinates":[-111.97806,41.24521],"type":"Point"},"properties":{"kind":"stop","name":"Wall Ave / 12th St (NB)","stop_id":"11190"},"type":"Feature"},{"geometry":{"coordinates":[-111.97801,41.24734],"type":"Point"},"properties":{"kind":"stop","name":"Wall Ave / A St (NB)","stop_id":"11191"},"type":"Feature"},{"geometry":{"coordinates":[-111.97857,41.24069],"type":"Point"},"properties":{"kind":"stop","name":"Wall Ave / 14th St (SB)","stop_id":"11194"},"type":"Feature"},{"geometry":{"coordinates":[-111.97345,41.2269],"type":"Point"},"properties":{"kind":"stop","name":"22nd St / Grant Ave (EB)","stop_id":"11198"},"type":"Feature"},{"geometry":{"coordinates":[-111.98289,41.17596],"type":"Point"},"properties":{"kind":"stop","name":"300 W / 4800 S (NB)","stop_id":"11210"},"type":"Feature"},{"geometry":{"coordinates":[-111.99761,41.22317],"type":"Point"},"properties":{"kind":"stop","name":"24th St / F Ave (WB)","stop_id":"11213"},"type":"Feature"},{"geometry":{"coordinates":[-112.00434,41.22018],"type":"Point"},"properties":{"kind":"stop","name":"Pennsylvania Ave / Water Tower Way","stop_id":"11214"},"type":"Feature"},{"geometry":{"coordinates":[-112.00639,41.21386],"type":"Point"},"properties":{"kind":"stop","name":"Pennsylvania Ave / Kershaw Ave (NB)","stop_id":"11219"},"type":"Feature"},{"geometry":{"coordinates":[-112.0064,41.21573],"type":"Point"},"properties":{"kind":"stop","name":"Pennsylvania Ave / 28th St (NB)","stop_id":"11220"},"type":"Feature"},{"geometry":{"coordinates":[-112.00635,41.21764],"type":"Point"},"properties":{"kind":"stop","name":"Pennsylvania Ave / Wadman Dr (NB)","stop_id":"11221"},"type":"Feature"},{"geometry":{"coordinates":[-111.99666,41.22296],"type":"Point"},"properties":{"kind":"stop","name":"24th St / F Ave (EB)","stop_id":"11223"},"type":"Feature"},{"geometry":{"coordinates":[-111.9921,41.22294],"type":"Point"},"properties":{"kind":"stop","name":"24th St / C Ave (EB)","stop_id":"11224"},"type":"Feature"},{"geometry":{"coordinates":[-112.00947,41.24792],"type":"Point"},"properties":{"kind":"stop","name":"1200 W / 950 S (NB)","stop_id":"11225"},"type":"Feature"},{"geometry":{"coordinates":[-112.00951,41.25167],"type":"Point"},"properties":{"kind":"stop","name":"1200 W / 700 S (NB)","stop_id":"11226"},"type":"Feature"},{"geometry":{"coordinates":[-112.00889,41.25948],"type":"Point"},"properties":{"kind":"stop","name":"1200 W / 200 S (SB)","stop_id":"11227"},"type":"Feature"},{"geometry":{"coordinates":[-111.99198,41.2231],"type":"Point"},"properties":{"kind":"stop","name":"24th St / B Ave (WB)","stop_id":"11233"},"type":"Feature"},{"geometry":{"coordinates":[-111.97025,41.2232],"type":"Point"},"properties":{"kind":"stop","name":"WASHINGTON BLVD @ 24TH ST","stop_id":"11234"},"type":"Feature"},{"geometry":{"coordinates":[-111.98086,41.24439],"type":"Point"},"properties":{"kind":"stop","name":"12Th St / I St (WB) (Ogden)","stop_id":"11236"},"type":"Feature"},{"geometry":{"coordinates":[-111.98406,41.24442],"type":"Point"},"properties":{"kind":"stop","name":"12Th St / Gibson Ave (WB) (Ogden)","stop_id":"11237"},"type":"Feature"},{"geometry":{"coordinates":[-111.98809,41.24448],"type":"Point"},"properties":{"kind":"stop","name":"12Th St / Century Dr (WB) (Ogden)","stop_id":"11238"},"type":"Feature"},{"geometry":{"coordinates":[-111.99521,41.24457],"type":"Point"},"properties":{"kind":"stop","name":"12Th St / Depot Dr (WB) (Ogden)","stop_id":"11239"},"type":"Feature"},{"geometry":{"coordinates":[-112.0262,41.16084],"type":"Point"},"properties":{"kind":"stop","name":"1900 W / 5600 S (SB)","stop_id":"11246"},"type":"Feature"},{"geometry":{"coordinates":[-112.06431,41.15629],"type":"Point"},"properties":{"kind":"stop","name":"3500 W / 5900 S (NB) (Roy)","stop_id":"11260"},"type":"Feature"},{"geometry":{"coordinates":[-111.99573,41.22314],"type":"Point"},"properties":{"kind":"stop","name":"24th St / E Ave (WB)","stop_id":"11285"},"type":"Feature"},{"geometry":{"coordinates":[-112.00605,41.21866],"type":"Point"},"properties":{"kind":"stop","name":"Pennsylvania Ave / 2550 S (SB)","stop_id":"11287"},"type":"Feature"},{"geometry":{"coordinates":[-112.00657,41.21388],"type":"Point"},"properties":{"kind":"stop","name":"Pennsylvania Ave / Kershaw St (SB)","stop_id":"11289"},"type":"Feature"},{"geometry":{"coordinates":[-112.00656,41.20703],"type":"Point"},"properties":{"kind":"stop","name":"Pennsylvania Ave / 3200 S (SB)","stop_id":"11290"},"type":"Feature"},{"geometry":{"coordinates":[-111.98822,41.24428],"type":"Point"},"properties":{"kind":"stop","name":"12Th St / Century Dr (EB) (Ogden)","stop_id":"11291"},"type":"Feature"},{"geometry":{"coordinates":[-111.98393,41.24423],"type":"Point"},"properties":{"kind":"stop","name":"12Th St / Gibson Ave (EB) (Ogden)","stop_id":"11292"},"type":"Feature"},{"geometry":{"coordinates":[-111.97979,41.24411],"type":"Point"},"properties":{"kind":"stop","name":"12Th St / I St (EB) (Ogden)","stop_id":"11293"},"type":"Feature"},{"geometry":{"coordinates":[-111.97023,41.23934],"type":"Point"},"properties":{"kind":"stop","name":"Washington Blvd / 15th St (SB)","stop_id":"11297"},"type":"Feature"},{"geometry":{"coordinates":[-112.06455,41.15574],"type":"Point"},"properties":{"kind":"stop","name":"3500 W / 5900 S (SB) (R0Y)","stop_id":"11303"},"type":"Feature"},{"geometry":{"coordinates":[-112.02585,41.17662],"type":"Point"},"properties":{"kind":"stop","name":"1900 W / 4800 S (NB)","stop_id":"11327"},"type":"Feature"},{"geometry":{"coordinates":[-112.02582,41.18038],"type":"Point"},"properties":{"kind":"stop","name":"1900 W / 4650 S (NB)","stop_id":"11328"},"type":"Feature"},{"geometry":{"coordinates":[-112.02407,41.18344],"type":"Point"},"properties":{"kind":"stop","name":"4400 S / 1825 W (EB) (Roy)","stop_id":"11329"},"type":"Feature"},{"geometry":{"coordinates":[-112.02113,41.18345],"type":"Point"},"properties":{"kind":"stop","name":"4400 S / 1700 W (EB) (Roy)","stop_id":"11330"},"type":"Feature"},{"geometry":{"coordinates":[-112.01426,41.18348],"type":"Point"},"properties":{"kind":"stop","name":"4400 S / Airport Rd (EB) (Roy)","stop_id":"11332"},"type":"Feature"},{"geometry":{"coordinates":[-112.00923,41.1827],"type":"Point"},"properties":{"kind":"stop","name":"4400 S / 1150 W (EB) (Riverdale)","stop_id":"11333"},"type":"Feature"},{"geometry":{"coordinates":[-112.00404,41.18245],"type":"Point"},"properties":{"kind":"stop","name":"4400 S / 1025 W (EB)","stop_id":"11334"},"type":"Feature"},{"geometry":{"coordinates":[-112.00015,41.18226],"type":"Point"},"properties":{"kind":"stop","name":"4400 S / 900 W (EB)","stop_id":"11335"},"type":"Feature"},{"geometry":{"coordinates":[-111.97938,41.19352],"type":"Point"},"properties":{"kind":"stop","name":"Wall Ave / Riverdale Rd (NB) (S. Og","stop_id":"11340"},"type":"Feature"},{"geometry":{"coordinates":[-112.02602,41.18271],"type":"Point"},"properties":{"kind":"stop","name":"1900 W / 4410 S (SB)","stop_id":"11391"},"type":"Feature"},{"geometry":{"coordinates":[-111.95928,41.26908],"type":"Point"},"properties":{"kind":"stop","name":"Monroe Blvd / 550 N (SB)","stop_id":"11397"},"type":"Feature"},{"geometry":{"coordinates":[-111.95532,41.25595],"type":"Point"},"properties":{"kind":"stop","name":"Monroe Blvd / Harrop St (SB)","stop_id":"11401"},"type":"Feature"},{"geometry":{"coordinates":[-111.95437,41.25118],"type":"Point"},"properties":{"kind":"stop","name":"Monroe Blvd / 7th St (SB)","stop_id":"11402"},"type":"Feature"},{"geometry":{"coordinates":[-111.95487,41.24881],"type":"Point"},"properties":{"kind":"stop","name":"Monroe Blvd / 9th St (SB)","stop_id":"11403"},"type":"Feature"},{"geometry":{"coordinates":[-111.97321,41.24444],"type":"Point"},"properties":{"kind":"stop","name":"12Th St / Grant Ave (WB)","stop_id":"11410"},"type":"Feature"},{"geometry":{"coordinates":[-111.94945,41.17526],"type":"Point"},"properties":{"kind":"stop","name":"Harrison Blvd / 4875 S (SB)","stop_id":"11413"},"type":"Feature"},{"geometry":{"coordinates":[-111.97647,41.24421],"type":"Point"},"properties":{"kind":"stop","name":"12Th St / Lincoln Ave (EB)","stop_id":"11417"},"type":"Feature"},{"geometry":{"coordinates":[-111.95469,41.24887],"type":"Point"},"properties":{"kind":"stop","name":"Monroe Blvd / 9th St (NB)","stop_id":"11419"},"type":"Feature"},{"geometry":{"coordinates":[-111.95453,41.25323],"type":"Point"},"properties":{"kind":"stop","name":"Monroe Blvd / 6th St (NB)","stop_id":"11421"},"type":"Feature"},{"geometry":{"coordinates":[-111.95505,41.25602],"type":"Point"},"properties":{"kind":"stop","name":"Monroe Blvd / Harrop St (NB)","stop_id":"11422"},"type":"Feature"},{"geometry":{"coordinates":[-112.01209,41.10044],"type":"Point"},"properties":{"kind":"stop","name":"State St / 900 S (NB)","stop_id":"11424"},"type":"Feature"},{"geometry":{"coordinates":[-112.01814,41.10622],"type":"Point"},"properties":{"kind":"stop","name":"State St / 540 S (NB)","stop_id":"11425"},"type":"Feature"},{"geometry":{"coordinates":[-112.02595,41.12595],"type":"Point"},"properties":{"kind":"stop","name":"Main St / 800 N (NB)","stop_id":"11430"},"type":"Feature"},{"geometry":{"coordinates":[-112.02591,41.14266],"type":"Point"},"properties":{"kind":"stop","name":"Main St / 2000N (NB) (Sunset)","stop_id":"11434"},"type":"Feature"},{"geometry":{"coordinates":[-112.02593,41.14759],"type":"Point"},"properties":{"kind":"stop","name":"Main St / 2300 N (NB)","stop_id":"11435"},"type":"Feature"},{"geometry":{"coordinates":[-112.02593,41.15087],"type":"Point"},"properties":{"kind":"stop","name":"Main St / 2500 N (NB)","stop_id":"11436"},"type":"Feature"},{"geometry":{"coordinates":[-112.02593,41.15263],"type":"Point"},"properties":{"kind":"stop","name":"1900 W / 6100 S (NB)","stop_id":"11437"},"type":"Feature"},{"geometry":{"coordinates":[-111.95922,41.27224],"type":"Point"},"properties":{"kind":"stop","name":"Monroe Blvd / 825 N (SB)","stop_id":"11447"},"type":"Feature"},{"geometry":{"coordinates":[-111.95925,41.27068],"type":"Point"},"properties":{"kind":"stop","name":"Monroe Blvd / 675 N (SB) (Ogden)","stop_id":"11448"},"type":"Feature"},{"geometry":{"coordinates":[-112.0259,41.15486],"type":"Point"},"properties":{"kind":"stop","name":"1900 W / 6000 S (NB)","stop_id":"11449"},"type":"Feature"},{"geometry":{"coordinates":[-112.02591,41.1591],"type":"Point"},"properties":{"kind":"stop","name":"1900 W / 5700 S (NB)","stop_id":"11451"},"type":"Feature"},{"geometry":{"coordinates":[-112.0262,41.1592],"type":"Point"},"properties":{"kind":"stop","name":"1900 W / 5700 S (SB)","stop_id":"11474"},"type":"Feature"},{"geometry":{"coordinates":[-112.02617,41.15493],"type":"Point"},"properties":{"kind":"stop","name":"1900 W / 6000 S (SB)","stop_id":"11475"},"type":"Feature"},{"geometry":{"coordinates":[-112.02619,41.15278],"type":"Point"},"properties":{"kind":"stop","name":"1900 W / 6100 S (SB)","stop_id":"11476"},"type":"Feature"},{"geometry":{"coordinates":[-111.91581,41.1404],"type":"Point"},"properties":{"kind":"stop","name":"US-89 / 6600 S (NB)","stop_id":"11477"},"type":"Feature"},{"geometry":{"coordinates":[-111.94506,41.16844],"type":"Point"},"properties":{"kind":"stop","name":"Harrison Blvd Shadow Valley Dr (NB)","stop_id":"11479"},"type":"Feature"},{"geometry":{"coordinates":[-111.94747,41.17143],"type":"Point"},"properties":{"kind":"stop","name":"Harrison Blvd / 5000 S (NB)","stop_id":"11480"},"type":"Feature"},{"geometry":{"coordinates":[-111.94911,41.17647],"type":"Point"},"properties":{"kind":"stop","name":"Harrison Blvd / Edgewood Dr (NB)","stop_id":"11481"},"type":"Feature"},{"geometry":{"coordinates":[-111.94906,41.17855],"type":"Point"},"properties":{"kind":"stop","name":"Harrison Blvd / 4600 S (NB)","stop_id":"11482"},"type":"Feature"},{"geometry":{"coordinates":[-111.96976,41.22702],"type":"Point"},"properties":{"kind":"stop","name":"22nd St / Washington Blvd (WB)","stop_id":"11488"},"type":"Feature"},{"geometry":{"coordinates":[-111.97,41.23415],"type":"Point"},"properties":{"kind":"stop","name":"Washington Blvd / Park Blvd (NB)","stop_id":"11490"},"type":"Feature"},{"geometry":{"coordinates":[-111.96993,41.23704],"type":"Point"},"properties":{"kind":"stop","name":"Washington Blvd / 17th St (NB)","stop_id":"11491"},"type":"Feature"},{"geometry":{"coordinates":[-111.96988,41.23915],"type":"Point"},"properties":{"kind":"stop","name":"Washington Blvd / 16th St (NB)","stop_id":"11492"},"type":"Feature"},{"geometry":{"coordinates":[-111.96984,41.2415],"type":"Point"},"properties":{"kind":"stop","name":"Washington Blvd / 14th St (NB)","stop_id":"11493"},"type":"Feature"},{"geometry":{"coordinates":[-111.96973,41.24822],"type":"Point"},"properties":{"kind":"stop","name":"Washington Blvd / Cross St (NB)","stop_id":"11495"},"type":"Feature"},{"geometry":{"coordinates":[-111.96958,41.2548],"type":"Point"},"properties":{"kind":"stop","name":"Washington Blvd / 5th St (NB)","stop_id":"11499"},"type":"Feature"},{"geometry":{"coordinates":[-111.96954,41.25642],"type":"Point"},"properties":{"kind":"stop","name":"Washington Blvd / 4th St (NB)","stop_id":"11500"},"type":"Feature"},{"geometry":{"coordinates":[-111.96733,41.25915],"type":"Point"},"properties":{"kind":"stop","name":"2nd  St / Adams Ave (EB)","stop_id":"11501"},"type":"Feature"},{"geometry":{"coordinates":[-111.96413,41.25916],"type":"Point"},"properties":{"kind":"stop","name":"2nd St / Jefferson Ave (WB)","stop_id":"11502"},"type":"Feature"},{"geometry":{"coordinates":[-111.95528,41.25898],"type":"Point"},"properties":{"kind":"stop","name":"2nd St / Quincy Ave (EB)","stop_id":"11504"},"type":"Feature"},{"geometry":{"coordinates":[-111.95324,41.25896],"type":"Point"},"properties":{"kind":"stop","name":"2nd St / Jackson Ave (EB)","stop_id":"11505"},"type":"Feature"},{"geometry":{"coordinates":[-111.95013,41.25888],"type":"Point"},"properties":{"kind":"stop","name":"2nd St / Eccles Ave (EB)","stop_id":"11506"},"type":"Feature"},{"geometry":{"coordinates":[-111.94799,41.25502],"type":"Point"},"properties":{"kind":"stop","name":"Harrison Blvd / 5th St (SB)","stop_id":"11507"},"type":"Feature"},{"geometry":{"coordinates":[-111.97068,41.21814],"type":"Point"},"properties":{"kind":"stop","name":"Washington Blvd / 26th St (SB)","stop_id":"11514"},"type":"Feature"},{"geometry":{"coordinates":[-111.97072,41.21621],"type":"Point"},"properties":{"kind":"stop","name":"Washington Blvd / 27th St (SB)","stop_id":"11515"},"type":"Feature"},{"geometry":{"coordinates":[-111.97087,41.2099],"type":"Point"},"properties":{"kind":"stop","name":"Washington Blvd / 30th St (SB)","stop_id":"11517"},"type":"Feature"},{"geometry":{"coordinates":[-111.9712,41.19562],"type":"Point"},"properties":{"kind":"stop","name":"Washington Blvd / 37th St (SB)","stop_id":"11524"},"type":"Feature"},{"geometry":{"coordinates":[-111.97267,41.18451],"type":"Point"},"properties":{"kind":"stop","name":"4300 S / 350 E (WB)","stop_id":"11528"},"type":"Feature"},{"geometry":{"coordinates":[-111.97363,41.18098],"type":"Point"},"properties":{"kind":"stop","name":"300 E / 4525 S (SB)","stop_id":"11529"},"type":"Feature"},{"geometry":{"coordinates":[-111.97367,41.17944],"type":"Point"},"properties":{"kind":"stop","name":"300 E / 4600 S (SB)","stop_id":"11530"},"type":"Feature"},{"geometry":{"coordinates":[-111.9718,41.22494],"type":"Point"},"properties":{"kind":"stop","name":"Kiesel Avenue Station","stop_id":"11540"},"type":"Feature"},{"geometry":{"coordinates":[-111.96275,41.1669],"type":"Point"},"properties":{"kind":"stop","name":"5300 S / 700 E (EB)","stop_id":"11541"},"type":"Feature"},{"geometry":{"coordinates":[-111.97084,41.19965],"type":"Point"},"properties":{"kind":"stop","name":"Washington Blvd / 35th St (NB)","stop_id":"11544"},"type":"Feature"},{"geometry":{"coordinates":[-111.97066,41.20646],"type":"Point"},"properties":{"kind":"stop","name":"Washington Blvd / 32nd St (NB)","stop_id":"11546"},"type":"Feature"},{"geometry":{"coordinates":[-111.97052,41.21262],"type":"Point"},"properties":{"kind":"stop","name":"Washington Blvd / 29th St (NB)","stop_id":"11548"},"type":"Feature"},{"geometry":{"coordinates":[-111.97036,41.21884],"type":"Point"},"properties":{"kind":"stop","name":"Washington Blvd / 26th St (NB)","stop_id":"11550"},"type":"Feature"},{"geometry":{"coordinates":[-111.97092,41.19573],"type":"Point"},"properties":{"kind":"stop","name":"Washington Blvd / 37th St (NB)","stop_id":"11551"},"type":"Feature"},{"geometry":{"coordinates":[-111.97097,41.19375],"type":"Point"},"properties":{"kind":"stop","name":"Washington Blvd / 38th St (NB)","stop_id":"11552"},"type":"Feature"},{"geometry":{"coordinates":[-111.94844,41.21844],"type":"Point"},"properties":{"kind":"stop","name":"Harrison Blvd / 26th St (SB) (Ogden","stop_id":"11561"},"type":"Feature"},{"geometry":{"coordinates":[-111.94848,41.21637],"type":"Point"},"properties":{"kind":"stop","name":"Harrison Blvd / 27th St (SB)","stop_id":"11562"},"type":"Feature"},{"geometry":{"coordinates":[-111.94853,41.21377],"type":"Point"},"properties":{"kind":"stop","name":"28th Street Station","stop_id":"11563"},"type":"Feature"},{"geometry":{"coordinates":[-111.94857,41.21169],"type":"Point"},"properties":{"kind":"stop","name":"Harrison Blvd / 29th St (SB) (Ogden","stop_id":"11564"},"type":"Feature"},{"geometry":{"coordinates":[-111.94862,41.20596],"type":"Point"},"properties":{"kind":"stop","name":"32nd Street Station","stop_id":"11566"},"type":"Feature"},{"geometry":{"coordinates":[-111.94887,41.20542],"type":"Point"},"properties":{"kind":"stop","name":"Harrison Blvd / 32nd St (SB)","stop_id":"11567"},"type":"Feature"},{"geometry":{"coordinates":[-111.94866,41.20609],"type":"Point"},"properties":{"kind":"stop","name":"32nd Street Station","stop_id":"11568"},"type":"Feature"},{"geometry":{"coordinates":[-111.94883,41.19722],"type":"Point"},"properties":{"kind":"stop","name":"36th Street Station","stop_id":"11571"},"type":"Feature"},{"geometry":{"coordinates":[-111.94888,41.19926],"type":"Point"},"properties":{"kind":"stop","name":"Harrison Blvd /35th St (SB)","stop_id":"11572"},"type":"Feature"},{"geometry":{"coordinates":[-111.94845,41.20482],"type":"Point"},"properties":{"kind":"stop","name":"Harrison Blvd / 32nd St (NB)","stop_id":"11574"},"type":"Feature"},{"geometry":{"coordinates":[-111.94825,41.21385],"type":"Point"},"properties":{"kind":"stop","name":"28th Street Station","stop_id":"11578"},"type":"Feature"},{"geometry":{"coordinates":[-111.94823,41.216],"type":"Point"},"properties":{"kind":"stop","name":"Harrison Blvd / 27th St (NB)","stop_id":"11579"},"type":"Feature"},{"geometry":{"coordinates":[-111.9482,41.21808],"type":"Point"},"properties":{"kind":"stop","name":"Harrison Blvd / 26th St (NB)","stop_id":"11580"},"type":"Feature"},{"geometry":{"coordinates":[-111.94782,41.20997],"type":"Point"},"properties":{"kind":"stop","name":"30th St / Iowa Ave ((WB)","stop_id":"11609"},"type":"Feature"},{"geometry":{"coordinates":[-111.94755,41.20985],"type":"Point"},"properties":{"kind":"stop","name":"30th St / Iowa Ave (EB)","stop_id":"11610"},"type":"Feature"},{"geometry":{"coordinates":[-111.9454,41.20983],"type":"Point"},"properties":{"kind":"stop","name":"30th St / Tyler Ave (EB)","stop_id":"11611"},"type":"Feature"},{"geometry":{"coordinates":[-111.94493,41.19487],"type":"Point"},"properties":{"kind":"stop","name":"Weber State McKay Building (Stop A)","stop_id":"11633"},"type":"Feature"},{"geometry":{"coordinates":[-111.94927,41.18243],"type":"Point"},"properties":{"kind":"stop","name":"Harrison Blvd / Oakcrest Dr (SB)","stop_id":"11637"},"type":"Feature"},{"geometry":{"coordinates":[-111.95833,41.16503],"type":"Point"},"properties":{"kind":"stop","name":"5300 S / 850 E (EB)","stop_id":"11653"},"type":"Feature"},{"geometry":{"coordinates":[-111.94896,41.18302],"type":"Point"},"properties":{"kind":"stop","name":"Harrison Blvd / Oakcrest Dr (NB)","stop_id":"11672"},"type":"Feature"},{"geometry":{"coordinates":[-111.9735,41.18315],"type":"Point"},"properties":{"kind":"stop","name":"300 E / 4425 S (NB)","stop_id":"11675"},"type":"Feature"},{"geometry":{"coordinates":[-111.9724,41.18449],"type":"Point"},"properties":{"kind":"stop","name":"4300 S / 350 E (EB)","stop_id":"11676"},"type":"Feature"},{"geometry":{"coordinates":[-111.96945,41.26184],"type":"Point"},"properties":{"kind":"stop","name":"Washington Blvd / 150 N (NB)","stop_id":"11682"},"type":"Feature"},{"geometry":{"coordinates":[-111.96936,41.26736],"type":"Point"},"properties":{"kind":"stop","name":"Washington Blvd / North St (NB)","stop_id":"11685"},"type":"Feature"},{"geometry":{"coordinates":[-111.96931,41.26989],"type":"Point"},"properties":{"kind":"stop","name":"Washington Blvd / 650 N (NB)","stop_id":"11686"},"type":"Feature"},{"geometry":{"coordinates":[-111.96925,41.27238],"type":"Point"},"properties":{"kind":"stop","name":"Washington Blvd / 800 N (NB)","stop_id":"11687"},"type":"Feature"},{"geometry":{"coordinates":[-111.96922,41.27432],"type":"Point"},"properties":{"kind":"stop","name":"Washington Blvd / 900 N (NB)","stop_id":"11688"},"type":"Feature"},{"geometry":{"coordinates":[-111.9691,41.28035],"type":"Point"},"properties":{"kind":"stop","name":"Washington Blvd / Canfield Dr (NB)","stop_id":"11689"},"type":"Feature"},{"geometry":{"coordinates":[-111.96899,41.28632],"type":"Point"},"properties":{"kind":"stop","name":"Washington Blvd / 1600 N (NB)","stop_id":"11690"},"type":"Feature"},{"geometry":{"coordinates":[-111.96893,41.28931],"type":"Point"},"properties":{"kind":"stop","name":"Washington Blvd / 1700 N (NB)","stop_id":"11691"},"type":"Feature"},{"geometry":{"coordinates":[-111.96884,41.29386],"type":"Point"},"properties":{"kind":"stop","name":"Washington Blvd / 2000 N (NB)","stop_id":"11692"},"type":"Feature"},{"geometry":{"coordinates":[-111.96877,41.29666],"type":"Point"},"properties":{"kind":"stop","name":"Washington Blvd / 2100 N (NB)","stop_id":"11694"},"type":"Feature"},{"geometry":{"coordinates":[-111.96874,41.29819],"type":"Point"},"properties":{"kind":"stop","name":"Washington Blvd / 2175 N (NB)","stop_id":"11695"},"type":"Feature"},{"geometry":{"coordinates":[-111.96663,41.31568],"type":"Point"},"properties":{"kind":"stop","name":"450 E / 3000 N (NB)","stop_id":"11699"},"type":"Feature"},{"geometry":{"coordinates":[-111.95707,41.31731],"type":"Point"},"properties":{"kind":"stop","name":"3100 N / 750 E (EB)","stop_id":"11700"},"type":"Feature"},{"geometry":{"coordinates":[-111.95481,41.3173],"type":"Point"},"properties":{"kind":"stop","name":"3100 N / 800 E (EB)","stop_id":"11701"},"type":"Feature"},{"geometry":{"coordinates":[-111.95048,41.31721],"type":"Point"},"properties":{"kind":"stop","name":"3100 N / 950 E (EB)","stop_id":"11702"},"type":"Feature"},{"geometry":{"coordinates":[-111.94747,41.31611],"type":"Point"},"properties":{"kind":"stop","name":"1050 E / 3050 N (SB)","stop_id":"11703"},"type":"Feature"},{"geometry":{"coordinates":[-111.94751,41.31293],"type":"Point"},"properties":{"kind":"stop","name":"1050 E / 2850 N (SB)","stop_id":"11704"},"type":"Feature"},{"geometry":{"coordinates":[-111.94755,41.31038],"type":"Point"},"properties":{"kind":"stop","name":"1050 E / 2750 N (SB)","stop_id":"11705"},"type":"Feature"},{"geometry":{"coordinates":[-111.94759,41.30669],"type":"Point"},"properties":{"kind":"stop","name":"1050 E / 2600 N (SB)","stop_id":"11706"},"type":"Feature"},{"geometry":{"coordinates":[-111.95359,41.30582],"type":"Point"},"properties":{"kind":"stop","name":"2600 N / 850 E (WB)","stop_id":"11708"},"type":"Feature"},{"geometry":{"coordinates":[-111.96169,41.30588],"type":"Point"},"properties":{"kind":"stop","name":"2600 N / 600 E (WB)","stop_id":"11710"},"type":"Feature"},{"geometry":{"coordinates":[-111.96324,41.30589],"type":"Point"},"properties":{"kind":"stop","name":"2600 N / 550 E (WB)","stop_id":"11711"},"type":"Feature"},{"geometry":{"coordinates":[-111.96892,41.30311],"type":"Point"},"properties":{"kind":"stop","name":"Washington Blvd / 2500 N (SB)","stop_id":"11713"},"type":"Feature"},{"geometry":{"coordinates":[-111.96899,41.3007],"type":"Point"},"properties":{"kind":"stop","name":"Washington Blvd / 2300 N (SB)","stop_id":"11714"},"type":"Feature"},{"geometry":{"coordinates":[-111.969,41.29894],"type":"Point"},"properties":{"kind":"stop","name":"Washington Blvd / 2250 N (SB)","stop_id":"11715"},"type":"Feature"},{"geometry":{"coordinates":[-111.96904,41.2975],"type":"Point"},"properties":{"kind":"stop","name":"Washington Blvd / 2175 N (SB)","stop_id":"11716"},"type":"Feature"},{"geometry":{"coordinates":[-111.96907,41.29621],"type":"Point"},"properties":{"kind":"stop","name":"Washington Blvd / 2100 N (SB)","stop_id":"11717"},"type":"Feature"},{"geometry":{"coordinates":[-111.96911,41.29399],"type":"Point"},"properties":{"kind":"stop","name":"Washington Blvd / 2000 N (SB)","stop_id":"11718"},"type":"Feature"},{"geometry":{"coordinates":[-111.96924,41.28872],"type":"Point"},"properties":{"kind":"stop","name":"Washington Blvd / 1700 N (SB)","stop_id":"11719"},"type":"Feature"},{"geometry":{"coordinates":[-111.96925,41.28725],"type":"Point"},"properties":{"kind":"stop","name":"Washington Blvd / 1625 N (SB)","stop_id":"11720"},"type":"Feature"},{"geometry":{"coordinates":[-111.96939,41.27994],"type":"Point"},"properties":{"kind":"stop","name":"Washington Blvd / Canfield Dr (SB)","stop_id":"11721"},"type":"Feature"},{"geometry":{"coordinates":[-111.96944,41.277],"type":"Point"},"properties":{"kind":"stop","name":"Washington Blvd / 1100 N (SB)","stop_id":"11722"},"type":"Feature"},{"geometry":{"coordinates":[-111.9695,41.27435],"type":"Point"},"properties":{"kind":"stop","name":"Washington Blvd / 900 N (SB)","stop_id":"11723"},"type":"Feature"},{"geometry":{"coordinates":[-111.96953,41.27244],"type":"Point"},"properties":{"kind":"stop","name":"Washington Blvd / 800 N (SB)","stop_id":"11724"},"type":"Feature"},{"geometry":{"coordinates":[-111.96962,41.26897],"type":"Point"},"properties":{"kind":"stop","name":"Washington Blvd / 700 N (SB)","stop_id":"11725"},"type":"Feature"},{"geometry":{"coordinates":[-111.96973,41.26188],"type":"Point"},"properties":{"kind":"stop","name":"Washington Blvd / 150 N (SB)","stop_id":"11727"},"type":"Feature"},{"geometry":{"coordinates":[-111.9699,41.25597],"type":"Point"},"properties":{"kind":"stop","name":"Washington Blvd / 4th St (SB)","stop_id":"11728"},"type":"Feature"},{"geometry":{"coordinates":[-111.96992,41.25442],"type":"Point"},"properties":{"kind":"stop","name":"Washington Blvd / 5th St (SB)","stop_id":"11729"},"type":"Feature"},{"geometry":{"coordinates":[-111.96998,41.25127],"type":"Point"},"properties":{"kind":"stop","name":"Washington Blvd / 7th St (SB)","stop_id":"11731"},"type":"Feature"},{"geometry":{"coordinates":[-111.97,41.24795],"type":"Point"},"properties":{"kind":"stop","name":"Washington Blvd / Cross St (SB)","stop_id":"11733"},"type":"Feature"},{"geometry":{"coordinates":[-112.06434,41.17252],"type":"Point"},"properties":{"kind":"stop","name":"3500 W / 5000 S (NB)","stop_id":"11736"},"type":"Feature"},{"geometry":{"coordinates":[-112.0257,41.19278],"type":"Point"},"properties":{"kind":"stop","name":"1900 W / 3900 S (NB)","stop_id":"11739"},"type":"Feature"},{"geometry":{"coordinates":[-111.99379,41.22297],"type":"Point"},"properties":{"kind":"stop","name":"24th St / D Ave (EB)","stop_id":"11740"},"type":"Feature"},{"geometry":{"coordinates":[-112.03504,41.16176],"type":"Point"},"properties":{"kind":"stop","name":"5600 S / 2300 W (WB)","stop_id":"11743"},"type":"Feature"},{"geometry":{"coordinates":[-112.02598,41.19279],"type":"Point"},"properties":{"kind":"stop","name":"1900 W / 3900 S (SB)","stop_id":"11747"},"type":"Feature"},{"geometry":{"coordinates":[-111.96648,41.26666],"type":"Point"},"properties":{"kind":"stop","name":"North St / 500 E (WB)","stop_id":"11748"},"type":"Feature"},{"geometry":{"coordinates":[-111.96213,41.26238],"type":"Point"},"properties":{"kind":"stop","name":"Ring Rd (Ogden Tech) / AVC Ln (EB)","stop_id":"11749"},"type":"Feature"},{"geometry":{"coordinates":[-111.94486,41.19473],"type":"Point"},"properties":{"kind":"stop","name":"Weber State McKay Building (Stop B)","stop_id":"11759"},"type":"Feature"},{"geometry":{"coordinates":[-111.95126,41.19765],"type":"Point"},"properties":{"kind":"stop","name":"36th St / Van Buren Ave (WB)","stop_id":"11761"},"type":"Feature"},{"geometry":{"coordinates":[-111.95375,41.1977],"type":"Point"},"properties":{"kind":"stop","name":"36th St / Jackson Ave (WB)","stop_id":"11762"},"type":"Feature"},{"geometry":{"coordinates":[-111.9575,41.19766],"type":"Point"},"properties":{"kind":"stop","name":"36th St / Quincy Ave (WB)","stop_id":"11763"},"type":"Feature"},{"geometry":{"coordinates":[-111.96074,41.19771],"type":"Point"},"properties":{"kind":"stop","name":"36th St / Monroe Blvd (WB)","stop_id":"11764"},"type":"Feature"},{"geometry":{"coordinates":[-111.96266,41.19773],"type":"Point"},"properties":{"kind":"stop","name":"36th St / Madison Ave (WB)","stop_id":"11765"},"type":"Feature"},{"geometry":{"coordinates":[-111.96528,41.19777],"type":"Point"},"properties":{"kind":"stop","name":"36th St / Jefferson Ave (WB)","stop_id":"11766"},"type":"Feature"},{"geometry":{"coordinates":[-111.96918,41.19785],"type":"Point"},"properties":{"kind":"stop","name":"36th St / Ogden Ave (WB)","stop_id":"11767"},"type":"Feature"},{"geometry":{"coordinates":[-111.97199,41.19789],"type":"Point"},"properties":{"kind":"stop","name":"36th St / Kiesel Ave (WB)","stop_id":"11768"},"type":"Feature"},{"geometry":{"coordinates":[-111.9453,41.24103],"type":"Point"},"properties":{"kind":"stop","name":"Harrison Blvd / Canyon Rd (NB)","stop_id":"11779"},"type":"Feature"},{"geometry":{"coordinates":[-111.97307,41.19772],"type":"Point"},"properties":{"kind":"stop","name":"36th St / Kiesel Ave (EB)","stop_id":"11798"},"type":"Feature"},{"geometry":{"coordinates":[-111.97023,41.19771],"type":"Point"},"properties":{"kind":"stop","name":"36th St / Washington Blvd (EB)","stop_id":"11799"},"type":"Feature"},{"geometry":{"coordinates":[-111.96559,41.19769],"type":"Point"},"properties":{"kind":"stop","name":"36th St / Jefferson Ave (EB)","stop_id":"11800"},"type":"Feature"},{"geometry":{"coordinates":[-111.96344,41.19761],"type":"Point"},"properties":{"kind":"stop","name":"36th St / Madison Ave (EB)","stop_id":"11801"},"type":"Feature"},{"geometry":{"coordinates":[-111.96002,41.19761],"type":"Point"},"properties":{"kind":"stop","name":"36th St / Monroe Blvd (EB)","stop_id":"11802"},"type":"Feature"},{"geometry":{"coordinates":[-111.95657,41.19758],"type":"Point"},"properties":{"kind":"stop","name":"36th St / Quincy Ave (EB)","stop_id":"11803"},"type":"Feature"},{"geometry":{"coordinates":[-111.95393,41.19756],"type":"Point"},"properties":{"kind":"stop","name":"36th St / Jackson Ave (EB)","stop_id":"11804"},"type":"Feature"},{"geometry":{"coordinates":[-111.95197,41.19757],"type":"Point"},"properties":{"kind":"stop","name":"36th St / Van Buren Ave (EB)","stop_id":"11805"},"type":"Feature"},{"geometry":{"coordinates":[-111.9396,41.15946],"type":"Point"},"properties":{"kind":"stop","name":"Harrison Blvd / 5700 S (NB) (S. Ogd","stop_id":"11806"},"type":"Feature"},{"geometry":{"coordinates":[-111.91754,41.14247],"type":"Point"},"properties":{"kind":"stop","name":"US-89 / 6550 S (SB) (Uintah)","stop_id":"11810"},"type":"Feature"},{"geometry":{"coordinates":[-111.9457,41.23966],"type":"Point"},"properties":{"kind":"stop","name":"Harrison Blvd / 16th St (SB)","stop_id":"11811"},"type":"Feature"},{"geometry":{"coordinates":[-111.95922,41.22913],"type":"Point"},"properties":{"kind":"stop","name":"Monroe Blvd / 21st St (SB)","stop_id":"11817"},"type":"Feature"},{"geometry":{"coordinates":[-112.0203,41.167],"type":"Point"},"properties":{"kind":"stop","name":"Riverdale P+R","stop_id":"11825"},"type":"Feature"},{"geometry":{"coordinates":[-111.98222,41.27636],"type":"Point"},"properties":{"kind":"stop","name":"US-89 / 1100 N (NB)","stop_id":"11845"},"type":"Feature"},{"geometry":{"coordinates":[-111.98382,41.27875],"type":"Point"},"properties":{"kind":"stop","name":"US-89 / Pennsylvania Dr (NB)","stop_id":"11846"},"type":"Feature"},{"geometry":{"coordinates":[-111.98586,41.28181],"type":"Point"},"properties":{"kind":"stop","name":"US-89 / 1350 N (NB) (Harrisville)","stop_id":"11847"},"type":"Feature"},{"geometry":{"coordinates":[-111.98909,41.28664],"type":"Point"},"properties":{"kind":"stop","name":"US-89 / 1550 N (NB)","stop_id":"11848"},"type":"Feature"},{"geometry":{"coordinates":[-111.99693,41.29745],"type":"Point"},"properties":{"kind":"stop","name":"US-89 / Willow Brook Ln (NB)","stop_id":"11850"},"type":"Feature"},{"geometry":{"coordinates":[-112.00963,41.24778],"type":"Point"},"properties":{"kind":"stop","name":"1200 W / 950 S (SB) (Slaterville)","stop_id":"11853"},"type":"Feature"},{"geometry":{"coordinates":[-111.99697,41.29708],"type":"Point"},"properties":{"kind":"stop","name":"US-89 /  Willow Brook Ln (SB)","stop_id":"11856"},"type":"Feature"},{"geometry":{"coordinates":[-111.98903,41.28602],"type":"Point"},"properties":{"kind":"stop","name":"US-89 / 1550 N (SB)","stop_id":"11858"},"type":"Feature"},{"geometry":{"coordinates":[-111.98563,41.28094],"type":"Point"},"properties":{"kind":"stop","name":"US-89 /  1350 N (SB)","stop_id":"11859"},"type":"Feature"},{"geometry":{"coordinates":[-111.97883,41.27202],"type":"Point"},"properties":{"kind":"stop","name":"US-89 / Larsen Ln (SB)","stop_id":"11862"},"type":"Feature"},{"geometry":{"coordinates":[-111.97865,41.27222],"type":"Point"},"properties":{"kind":"stop","name":"US-89 / Larsen Ln (NB)","stop_id":"11863"},"type":"Feature"},{"geometry":{"coordinates":[-112.02614,41.17572],"type":"Point"},"properties":{"kind":"stop","name":"1900 W / 4800 S (SB)","stop_id":"11864"},"type":"Feature"},{"geometry":{"coordinates":[-111.95861,41.16528],"type":"Point"},"properties":{"kind":"stop","name":"5300 S / 850 E (WB)","stop_id":"11873"},"type":"Feature"},{"geometry":{"coordinates":[-111.96293,41.1671],"type":"Point"},"properties":{"kind":"stop","name":"5300 S / 700 E (WB)","stop_id":"11874"},"type":"Feature"},{"geometry":{"coordinates":[-111.97799,41.24894],"type":"Point"},"properties":{"kind":"stop","name":"Wall Ave / 9th St (NB)","stop_id":"11878"},"type":"Feature"},{"geometry":{"coordinates":[-111.97791,41.25233],"type":"Point"},"properties":{"kind":"stop","name":"Wall Ave / 7th St (NB)","stop_id":"11879"},"type":"Feature"},{"geometry":{"coordinates":[-111.97784,41.25622],"type":"Point"},"properties":{"kind":"stop","name":"Wall Ave / 4th St (NB)","stop_id":"11880"},"type":"Feature"},{"geometry":{"coordinates":[-111.97774,41.25983],"type":"Point"},"properties":{"kind":"stop","name":"Wall Ave / 2nd St (NB)","stop_id":"11881"},"type":"Feature"},{"geometry":{"coordinates":[-111.97767,41.26283],"type":"Point"},"properties":{"kind":"stop","name":"Wall Ave / Southwell St (NB)","stop_id":"11904"},"type":"Feature"},{"geometry":{"coordinates":[-111.97763,41.2644],"type":"Point"},"properties":{"kind":"stop","name":"Wall Ave / Dan St (NB)","stop_id":"11905"},"type":"Feature"},{"geometry":{"coordinates":[-111.9779,41.26508],"type":"Point"},"properties":{"kind":"stop","name":"Wall Ave / Dan St (SB)","stop_id":"11907"},"type":"Feature"},{"geometry":{"coordinates":[-111.97798,41.26223],"type":"Point"},"properties":{"kind":"stop","name":"Wall Ave / Southwell St (SB)","stop_id":"11908"},"type":"Feature"},{"geometry":{"coordinates":[-111.97803,41.25886],"type":"Point"},"properties":{"kind":"stop","name":"Wall Ave / 2nd St (SB)","stop_id":"11909"},"type":"Feature"},{"geometry":{"coordinates":[-111.97814,41.2549],"type":"Point"},"properties":{"kind":"stop","name":"Wall Ave / 475 S (SB)","stop_id":"11910"},"type":"Feature"},{"geometry":{"coordinates":[-111.97817,41.25256],"type":"Point"},"properties":{"kind":"stop","name":"Wall Ave / 7th St (SB)","stop_id":"11911"},"type":"Feature"},{"geometry":{"coordinates":[-111.97828,41.24842],"type":"Point"},"properties":{"kind":"stop","name":"Wall Ave / 9th St (SB)","stop_id":"11912"},"type":"Feature"},{"geometry":{"coordinates":[-111.94755,41.17104],"type":"Point"},"properties":{"kind":"stop","name":"Harrison Blvd / 5000 S (SB) (Ogden)","stop_id":"11913"},"type":"Feature"},{"geometry":{"coordinates":[-111.99845,41.2444],"type":"Point"},"properties":{"kind":"stop","name":"12Th St / 815 W (EB)","stop_id":"11923"},"type":"Feature"},{"geometry":{"coordinates":[-111.97174,41.22481],"type":"Point"},"properties":{"kind":"stop","name":"Kiesel Avenue Station","stop_id":"11933"},"type":"Feature"},{"geometry":{"coordinates":[-111.97795,41.17774],"type":"Point"},"properties":{"kind":"stop","name":"4700 S / 100 E (WB)","stop_id":"11937"},"type":"Feature"},{"geometry":{"coordinates":[-111.98041,41.17777],"type":"Point"},"properties":{"kind":"stop","name":"4700 S / 200 W (WB)","stop_id":"11938"},"type":"Feature"},{"geometry":{"coordinates":[-111.98303,41.17626],"type":"Point"},"properties":{"kind":"stop","name":"300 W / 4800 S (SB)","stop_id":"11939"},"type":"Feature"},{"geometry":{"coordinates":[-111.98298,41.17449],"type":"Point"},"properties":{"kind":"stop","name":"300 W / 4900 S (SB)","stop_id":"11940"},"type":"Feature"},{"geometry":{"coordinates":[-111.98221,41.17246],"type":"Point"},"properties":{"kind":"stop","name":"5000 S / 300 W (EB)","stop_id":"11949"},"type":"Feature"},{"geometry":{"coordinates":[-111.97964,41.17246],"type":"Point"},"properties":{"kind":"stop","name":"5000 S / 150 W (EB)","stop_id":"11950"},"type":"Feature"},{"geometry":{"coordinates":[-111.97684,41.17244],"type":"Point"},"properties":{"kind":"stop","name":"5000 S / 150 E (EB)","stop_id":"11951"},"type":"Feature"},{"geometry":{"coordinates":[-111.97418,41.17242],"type":"Point"},"properties":{"kind":"stop","name":"5000 S / 300 E (EB)","stop_id":"11952"},"type":"Feature"},{"geometry":{"coordinates":[-111.97651,41.17252],"type":"Point"},"properties":{"kind":"stop","name":"5000 S / 150 E (WB)","stop_id":"11955"},"type":"Feature"},{"geometry":{"coordinates":[-111.97922,41.17254],"type":"Point"},"properties":{"kind":"stop","name":"5000 S / 150 W (WB)","stop_id":"11957"},"type":"Feature"},{"geometry":{"coordinates":[-111.98304,41.17256],"type":"Point"},"properties":{"kind":"stop","name":"5000 S / 300 W (WB)","stop_id":"11958"},"type":"Feature"},{"geometry":{"coordinates":[-111.99931,41.24462],"type":"Point"},"properties":{"kind":"stop","name":"12Th St / 820 W (WB)","stop_id":"11960"},"type":"Feature"},{"geometry":{"coordinates":[-112.00431,41.2447],"type":"Point"},"properties":{"kind":"stop","name":"12Th St / 1008 W (WB)","stop_id":"11962"},"type":"Feature"},{"geometry":{"coordinates":[-112.00635,41.24471],"type":"Point"},"properties":{"kind":"stop","name":"12Th St / 1085 W (WB) (Ogden - Irs)","stop_id":"11963"},"type":"Feature"},{"geometry":{"coordinates":[-112.00857,41.24475],"type":"Point"},"properties":{"kind":"stop","name":"12Th St /1200 W (WB) (Slaterville)","stop_id":"11964"},"type":"Feature"},{"geometry":{"coordinates":[-112.01111,41.29434],"type":"Point"},"properties":{"kind":"stop","name":"1500 W / 1900 N (NB)","stop_id":"11970"},"type":"Feature"},{"geometry":{"coordinates":[-112.0125,41.29661],"type":"Point"},"properties":{"kind":"stop","name":"1500 W / 2150 N (NB)","stop_id":"11971"},"type":"Feature"},{"geometry":{"coordinates":[-112.0138,41.29873],"type":"Point"},"properties":{"kind":"stop","name":"1500 W / 2350 N (NB)","stop_id":"11972"},"type":"Feature"},{"geometry":{"coordinates":[-112.01514,41.302],"type":"Point"},"properties":{"kind":"stop","name":"1350 W / 2450 N (NB)","stop_id":"11973"},"type":"Feature"},{"geometry":{"coordinates":[-112.01611,41.30447],"type":"Point"},"properties":{"kind":"stop","name":"2550 N / 1500 W (WB)","stop_id":"11974"},"type":"Feature"},{"geometry":{"coordinates":[-112.0218,41.30433],"type":"Point"},"properties":{"kind":"stop","name":"2550 N / 1600 W (WB)","stop_id":"11975"},"type":"Feature"},{"geometry":{"coordinates":[-112.02353,41.30621],"type":"Point"},"properties":{"kind":"stop","name":"1850 W / 2700 N (NB)","stop_id":"11976"},"type":"Feature"},{"geometry":{"coordinates":[-112.03525,41.36587],"type":"Point"},"properties":{"kind":"stop","name":"US-89 / 7950 S (NB)","stop_id":"12018"},"type":"Feature"},{"geometry":{"coordinates":[-112.03435,41.36973],"type":"Point"},"properties":{"kind":"stop","name":"US-89 / 7720 S (NB)","stop_id":"12019"},"type":"Feature"},{"geometry":{"coordinates":[-112.03303,41.37545],"type":"Point"},"properties":{"kind":"stop","name":"US-89 / 7425 S (NB)","stop_id":"12020"},"type":"Feature"},{"geometry":{"coordinates":[-112.03172,41.38445],"type":"Point"},"properties":{"kind":"stop","name":"US-89 / 6900 S (NB)","stop_id":"12021"},"type":"Feature"},{"geometry":{"coordinates":[-112.03409,41.39566],"type":"Point"},"properties":{"kind":"stop","name":"US-89 / 825 S (NB)","stop_id":"12022"},"type":"Feature"},{"geometry":{"coordinates":[-112.03446,41.39846],"type":"Point"},"properties":{"kind":"stop","name":"US-89 / 600 S (NB)","stop_id":"12023"},"type":"Feature"},{"geometry":{"coordinates":[-112.03548,41.4022],"type":"Point"},"properties":{"kind":"stop","name":"US-89 / 300 S (NB)","stop_id":"12024"},"type":"Feature"},{"geometry":{"coordinates":[-112.03618,41.40515],"type":"Point"},"properties":{"kind":"stop","name":"US-89 / 200 S (NB)","stop_id":"12026"},"type":"Feature"},{"geometry":{"coordinates":[-112.03614,41.41098],"type":"Point"},"properties":{"kind":"stop","name":"US-89 / 100 N (NB) (Willard)","stop_id":"12029"},"type":"Feature"},{"geometry":{"coordinates":[-112.03561,41.42307],"type":"Point"},"properties":{"kind":"stop","name":"US-89 / 750 N (NB)","stop_id":"12030"},"type":"Feature"},{"geometry":{"coordinates":[-112.03551,41.4274],"type":"Point"},"properties":{"kind":"stop","name":"US-89 / 1050 N (NB)","stop_id":"12031"},"type":"Feature"},{"geometry":{"coordinates":[-112.03761,41.44773],"type":"Point"},"properties":{"kind":"stop","name":"US-89 / 3450 S (NB)","stop_id":"12032"},"type":"Feature"},{"geometry":{"coordinates":[-112.03526,41.35117],"type":"Point"},"properties":{"kind":"stop","name":"US-89 / 8700 S (NB)","stop_id":"12036"},"type":"Feature"},{"geometry":{"coordinates":[-112.03563,41.3535],"type":"Point"},"properties":{"kind":"stop","name":"US-89 / 8615 S (NB)","stop_id":"12037"},"type":"Feature"},{"geometry":{"coordinates":[-112.03559,41.46233],"type":"Point"},"properties":{"kind":"stop","name":"US-89 / 2600 S (NB)","stop_id":"12039"},"type":"Feature"},{"geometry":{"coordinates":[-112.01583,41.50332],"type":"Point"},"properties":{"kind":"stop","name":"Main St / 400 S (NB)","stop_id":"12040"},"type":"Feature"},{"geometry":{"coordinates":[-112.01579,41.50507],"type":"Point"},"properties":{"kind":"stop","name":"Main St / 300 S (NB)","stop_id":"12041"},"type":"Feature"},{"geometry":{"coordinates":[-112.01573,41.5066],"type":"Point"},"properties":{"kind":"stop","name":"Main St / 200 S (NB)","stop_id":"12042"},"type":"Feature"},{"geometry":{"coordinates":[-112.0157,41.50794],"type":"Point"},"properties":{"kind":"stop","name":"Main St / 100 S (NB) (Brigham City)","stop_id":"12043"},"type":"Feature"},{"geometry":{"coordinates":[-112.01565,41.51016],"type":"Point"},"properties":{"kind":"stop","name":"Main St / Forest St (NB) (Brigham C","stop_id":"12044"},"type":"Feature"},{"geometry":{"coordinates":[-112.01559,41.51362],"type":"Point"},"properties":{"kind":"stop","name":"Main St / 100 N (NB)","stop_id":"12045"},"type":"Feature"},{"geometry":{"coordinates":[-112.01619,41.49563],"type":"Point"},"properties":{"kind":"stop","name":"Main St / 700 S (SB) (Brigham City)","stop_id":"12046"},"type":"Feature"},{"geometry":{"coordinates":[-112.01533,41.52816],"type":"Point"},"properties":{"kind":"stop","name":"Main St / 900 N (NB)","stop_id":"12047"},"type":"Feature"},{"geometry":{"coordinates":[-112.01398,41.52674],"type":"Point"},"properties":{"kind":"stop","name":"100 E / 800 N (SB)","stop_id":"12048"},"type":"Feature"},{"geometry":{"coordinates":[-112.01402,41.52504],"type":"Point"},"properties":{"kind":"stop","name":"100 E / 700 N (SB)","stop_id":"12049"},"type":"Feature"},{"geometry":{"coordinates":[-112.01677,41.48574],"type":"Point"},"properties":{"kind":"stop","name":"Main St / 1100 S (SB)","stop_id":"12050"},"type":"Feature"},{"geometry":{"coordinates":[-112.02273,41.4781],"type":"Point"},"properties":{"kind":"stop","name":"US-89 / 1750 S (SB)","stop_id":"12051"},"type":"Feature"},{"geometry":{"coordinates":[-112.03092,41.46835],"type":"Point"},"properties":{"kind":"stop","name":"US-89 / Rockwell Dr (Perry)","stop_id":"12053"},"type":"Feature"},{"geometry":{"coordinates":[-112.03401,41.46461],"type":"Point"},"properties":{"kind":"stop","name":"US-89 / 2450 S (SB)","stop_id":"12054"},"type":"Feature"},{"geometry":{"coordinates":[-112.03622,41.46197],"type":"Point"},"properties":{"kind":"stop","name":"US-89 / 2600 S (SB)","stop_id":"12055"},"type":"Feature"},{"geometry":{"coordinates":[-112.03788,41.44716],"type":"Point"},"properties":{"kind":"stop","name":"US-89 / 3450 S (SB)","stop_id":"12056"},"type":"Feature"},{"geometry":{"coordinates":[-112.03579,41.42746],"type":"Point"},"properties":{"kind":"stop","name":"US-89 / 1050 N (SB)","stop_id":"12057"},"type":"Feature"},{"geometry":{"coordinates":[-112.036,41.42204],"type":"Point"},"properties":{"kind":"stop","name":"US-89 / 750 N (SB)","stop_id":"12058"},"type":"Feature"},{"geometry":{"coordinates":[-112.03641,41.41088],"type":"Point"},"properties":{"kind":"stop","name":"US-89 / 100 N (SB) (Willard)","stop_id":"12059"},"type":"Feature"},{"geometry":{"coordinates":[-112.03652,41.40541],"type":"Point"},"properties":{"kind":"stop","name":"US-89 / 200 S (SB)","stop_id":"12062"},"type":"Feature"},{"geometry":{"coordinates":[-112.03473,41.39827],"type":"Point"},"properties":{"kind":"stop","name":"US-89 / 600 S (SB)","stop_id":"12063"},"type":"Feature"},{"geometry":{"coordinates":[-112.03444,41.39539],"type":"Point"},"properties":{"kind":"stop","name":"US-89 / 825 S (SB)","stop_id":"12064"},"type":"Feature"},{"geometry":{"coordinates":[-112.03203,41.38418],"type":"Point"},"properties":{"kind":"stop","name":"US-89 /  6900 S (SB)","stop_id":"12065"},"type":"Feature"},{"geometry":{"coordinates":[-112.03633,41.35161],"type":"Point"},"properties":{"kind":"stop","name":"US-89 / 8700 S (SB)","stop_id":"12067"},"type":"Feature"},{"geometry":{"coordinates":[-112.033,41.46545],"type":"Point"},"properties":{"kind":"stop","name":"US-89 / 2450 S (NB)","stop_id":"12069"},"type":"Feature"},{"geometry":{"coordinates":[-112.03108,41.46773],"type":"Point"},"properties":{"kind":"stop","name":"US-89 / Rockwell Dr (NB) (Perry)","stop_id":"12070"},"type":"Feature"},{"geometry":{"coordinates":[-112.0244,41.47573],"type":"Point"},"properties":{"kind":"stop","name":"US-89 / Maddox Ln (NB)","stop_id":"12071"},"type":"Feature"},{"geometry":{"coordinates":[-112.02233,41.47823],"type":"Point"},"properties":{"kind":"stop","name":"US-89 / 1750 S (NB)","stop_id":"12072"},"type":"Feature"},{"geometry":{"coordinates":[-112.01696,41.48468],"type":"Point"},"properties":{"kind":"stop","name":"Main St / 1100 S (NB) (Brigham City","stop_id":"12073"},"type":"Feature"},{"geometry":{"coordinates":[-112.01606,41.48795],"type":"Point"},"properties":{"kind":"stop","name":"Main St / E St (NB)","stop_id":"12074"},"type":"Feature"},{"geometry":{"coordinates":[-112.01597,41.49292],"type":"Point"},"properties":{"kind":"stop","name":"Main St / Fishburn Dr (NB)","stop_id":"12076"},"type":"Feature"},{"geometry":{"coordinates":[-112.01594,41.49486],"type":"Point"},"properties":{"kind":"stop","name":"Main St / 800 S (NB)","stop_id":"12077"},"type":"Feature"},{"geometry":{"coordinates":[-112.01596,41.49645],"type":"Point"},"properties":{"kind":"stop","name":"Main St / 700 S (NB) (Brigham City)","stop_id":"12078"},"type":"Feature"},{"geometry":{"coordinates":[-112.01592,41.49862],"type":"Point"},"properties":{"kind":"stop","name":"Main St / 600 S (NB)","stop_id":"12079"},"type":"Feature"},{"geometry":{"coordinates":[-112.03561,41.3657],"type":"Point"},"properties":{"kind":"stop","name":"US-89 / 7950 S (SB)","stop_id":"12080"},"type":"Feature"},{"geometry":{"coordinates":[-112.01559,41.51507],"type":"Point"},"properties":{"kind":"stop","name":"Main St / 200 N (NB)","stop_id":"12081"},"type":"Feature"},{"geometry":{"coordinates":[-112.01556,41.51702],"type":"Point"},"properties":{"kind":"stop","name":"Main St / 300 N (NB)","stop_id":"12082"},"type":"Feature"},{"geometry":{"coordinates":[-112.01551,41.51915],"type":"Point"},"properties":{"kind":"stop","name":"Main St / 400 N (NB)","stop_id":"12083"},"type":"Feature"},{"geometry":{"coordinates":[-112.01547,41.5211],"type":"Point"},"properties":{"kind":"stop","name":"Main St / 500 N (NB)","stop_id":"12084"},"type":"Feature"},{"geometry":{"coordinates":[-112.01545,41.52311],"type":"Point"},"properties":{"kind":"stop","name":"Main St / 600 N (NB)","stop_id":"12085"},"type":"Feature"},{"geometry":{"coordinates":[-112.01495,41.5249],"type":"Point"},"properties":{"kind":"stop","name":"700 N / 50 E (WB) (Brigham City)","stop_id":"12086"},"type":"Feature"},{"geometry":{"coordinates":[-112.01564,41.52317],"type":"Point"},"properties":{"kind":"stop","name":"Main St / 600 N (SB)","stop_id":"12087"},"type":"Feature"},{"geometry":{"coordinates":[-112.01569,41.52066],"type":"Point"},"properties":{"kind":"stop","name":"Main St / 500 N (SB)","stop_id":"12088"},"type":"Feature"},{"geometry":{"coordinates":[-112.01571,41.51859],"type":"Point"},"properties":{"kind":"stop","name":"Main St / 400 N (SB)","stop_id":"12089"},"type":"Feature"},{"geometry":{"coordinates":[-112.01574,41.51658],"type":"Point"},"properties":{"kind":"stop","name":"Main St / 300 N (SB)","stop_id":"12090"},"type":"Feature"},{"geometry":{"coordinates":[-112.01579,41.51452],"type":"Point"},"properties":{"kind":"stop","name":"Main St / 200 N (SB)","stop_id":"12091"},"type":"Feature"},{"geometry":{"coordinates":[-112.01594,41.50785],"type":"Point"},"properties":{"kind":"stop","name":"Main St / 100 S (SB) (Brigham City)","stop_id":"12098"},"type":"Feature"},{"geometry":{"coordinates":[-112.01627,41.49175],"type":"Point"},"properties":{"kind":"stop","name":"Main St / Fishburn Dr (SB) (Brigham","stop_id":"12099"},"type":"Feature"},{"geometry":{"coordinates":[-112.01633,41.48976],"type":"Point"},"properties":{"kind":"stop","name":"Main St / 990 S (SB)","stop_id":"12100"},"type":"Feature"},{"geometry":{"coordinates":[-112.01638,41.48758],"type":"Point"},"properties":{"kind":"stop","name":"Main St / E St (SB)","stop_id":"12101"},"type":"Feature"},{"geometry":{"coordinates":[-112.01599,41.5044],"type":"Point"},"properties":{"kind":"stop","name":"Main St / 300 S (SB)","stop_id":"12104"},"type":"Feature"},{"geometry":{"coordinates":[-112.01601,41.50296],"type":"Point"},"properties":{"kind":"stop","name":"Main St / 400 S (SB)","stop_id":"12105"},"type":"Feature"},{"geometry":{"coordinates":[-112.01605,41.50051],"type":"Point"},"properties":{"kind":"stop","name":"Main St / 500 S (SB)","stop_id":"12106"},"type":"Feature"},{"geometry":{"coordinates":[-111.97066,41.22024],"type":"Point"},"properties":{"kind":"stop","name":"Washington Blvd / 25th St (SB)","stop_id":"12113"},"type":"Feature"},{"geometry":{"coordinates":[-112.01539,41.52631],"type":"Point"},"properties":{"kind":"stop","name":"Main St / 800 N (NB)","stop_id":"12143"},"type":"Feature"},{"geometry":{"coordinates":[-112.05573,41.16172],"type":"Point"},"properties":{"kind":"stop","name":"5600 S / 3100 W (WB)","stop_id":"12150"},"type":"Feature"},{"geometry":{"coordinates":[-112.06182,41.16174],"type":"Point"},"properties":{"kind":"stop","name":"5600 S / 3400 W (WB)","stop_id":"12151"},"type":"Feature"},{"geometry":{"coordinates":[-112.06435,41.16212],"type":"Point"},"properties":{"kind":"stop","name":"3500 W / 5500 S (NB)","stop_id":"12152"},"type":"Feature"},{"geometry":{"coordinates":[-112.06433,41.165],"type":"Point"},"properties":{"kind":"stop","name":"3500 W / 5400 S (NB)","stop_id":"12153"},"type":"Feature"},{"geometry":{"coordinates":[-112.06434,41.17557],"type":"Point"},"properties":{"kind":"stop","name":"3500 W / 4800 S (NB)","stop_id":"12154"},"type":"Feature"},{"geometry":{"coordinates":[-112.02571,41.19129],"type":"Point"},"properties":{"kind":"stop","name":"1900 W / 4000 S (NB)","stop_id":"12167"},"type":"Feature"},{"geometry":{"coordinates":[-112.02571,41.19473],"type":"Point"},"properties":{"kind":"stop","name":"1900 W / 3775 S (NB)","stop_id":"12168"},"type":"Feature"},{"geometry":{"coordinates":[-112.01159,41.20307],"type":"Point"},"properties":{"kind":"stop","name":"Hinckley Dr / 1325 W (EB)","stop_id":"12169"},"type":"Feature"},{"geometry":{"coordinates":[-112.02599,41.19438],"type":"Point"},"properties":{"kind":"stop","name":"1900 W / 3775 S (SB)","stop_id":"12170"},"type":"Feature"},{"geometry":{"coordinates":[-112.02598,41.19144],"type":"Point"},"properties":{"kind":"stop","name":"1900 W / 4000 S (SB)","stop_id":"12171"},"type":"Feature"},{"geometry":{"coordinates":[-112.06466,41.17553],"type":"Point"},"properties":{"kind":"stop","name":"3500 W / 4800 S (SB)","stop_id":"12183"},"type":"Feature"},{"geometry":{"coordinates":[-112.0646,41.1726],"type":"Point"},"properties":{"kind":"stop","name":"3500 W / 5000 S (SB)","stop_id":"12184"},"type":"Feature"},{"geometry":{"coordinates":[-112.06187,41.1615],"type":"Point"},"properties":{"kind":"stop","name":"5600 S / 3400 W (EB)","stop_id":"12186"},"type":"Feature"},{"geometry":{"coordinates":[-112.04642,41.16158],"type":"Point"},"properties":{"kind":"stop","name":"5600 S / 2700 W (EB)","stop_id":"12187"},"type":"Feature"},{"geometry":{"coordinates":[-111.89217,40.86221],"type":"Point"},"properties":{"kind":"stop","name":"500 W / 2600 S (NB)","stop_id":"12229"},"type":"Feature"},{"geometry":{"coordinates":[-111.89217,40.86448],"type":"Point"},"properties":{"kind":"stop","name":"500 W / 2350 S (NB)","stop_id":"12230"},"type":"Feature"},{"geometry":{"coordinates":[-111.89127,40.86775],"type":"Point"},"properties":{"kind":"stop","name":"Main St / 2050 S (NB)","stop_id":"12231"},"type":"Feature"},{"geometry":{"coordinates":[-111.89059,40.86865],"type":"Point"},"properties":{"kind":"stop","name":"Main St / 2000 S (NB)","stop_id":"12232"},"type":"Feature"},{"geometry":{"coordinates":[-111.88832,40.87141],"type":"Point"},"properties":{"kind":"stop","name":"Main St / 1800 S (NB)","stop_id":"12234"},"type":"Feature"},{"geometry":{"coordinates":[-111.88629,40.87396],"type":"Point"},"properties":{"kind":"stop","name":"Main St / 1500 S (NB)","stop_id":"12236"},"type":"Feature"},{"geometry":{"coordinates":[-111.88327,40.87767],"type":"Point"},"properties":{"kind":"stop","name":"Main St / 1200 S (NB)","stop_id":"12237"},"type":"Feature"},{"geometry":{"coordinates":[-111.88183,40.87942],"type":"Point"},"properties":{"kind":"stop","name":"Main St / 1000 S (NB)","stop_id":"12238"},"type":"Feature"},{"geometry":{"coordinates":[-111.88069,40.8809],"type":"Point"},"properties":{"kind":"stop","name":"Main St / 800 S (NB)","stop_id":"12239"},"type":"Feature"},{"geometry":{"coordinates":[-111.88059,40.8822],"type":"Point"},"properties":{"kind":"stop","name":"Main St / 700 S (NB)","stop_id":"12240"},"type":"Feature"},{"geometry":{"coordinates":[-111.88058,40.88458],"type":"Point"},"properties":{"kind":"stop","name":"Main St / 500 S (NB)","stop_id":"12241"},"type":"Feature"},{"geometry":{"coordinates":[-111.88059,40.88612],"type":"Point"},"properties":{"kind":"stop","name":"Main St / 300 S (NB)","stop_id":"12242"},"type":"Feature"},{"geometry":{"coordinates":[-111.88062,40.89271],"type":"Point"},"properties":{"kind":"stop","name":"Main St / 300 N (NB)","stop_id":"12243"},"type":"Feature"},{"geometry":{"coordinates":[-111.87894,40.89791],"type":"Point"},"properties":{"kind":"stop","name":"Main St / 800 N (NB)","stop_id":"12245"},"type":"Feature"},{"geometry":{"coordinates":[-111.87894,40.90132],"type":"Point"},"properties":{"kind":"stop","name":"Main St / 1100 N (NB)","stop_id":"12247"},"type":"Feature"},{"geometry":{"coordinates":[-111.87887,40.90447],"type":"Point"},"properties":{"kind":"stop","name":"Main St / 1200 S (NB) (Centerville)","stop_id":"12248"},"type":"Feature"},{"geometry":{"coordinates":[-111.87891,40.90699],"type":"Point"},"properties":{"kind":"stop","name":"Main St / Pages Ln (NB)","stop_id":"12249"},"type":"Feature"},{"geometry":{"coordinates":[-111.87892,40.90818],"type":"Point"},"properties":{"kind":"stop","name":"Main St / 850 S (NB)","stop_id":"12250"},"type":"Feature"},{"geometry":{"coordinates":[-111.87891,40.91062],"type":"Point"},"properties":{"kind":"stop","name":"Main St / 550 S (NB)","stop_id":"12251"},"type":"Feature"},{"geometry":{"coordinates":[-111.87891,40.91334],"type":"Point"},"properties":{"kind":"stop","name":"Main St / Porter Ln (NB)","stop_id":"12252"},"type":"Feature"},{"geometry":{"coordinates":[-111.8789,40.91521],"type":"Point"},"properties":{"kind":"stop","name":"Main St / 200 S (NB)","stop_id":"12253"},"type":"Feature"},{"geometry":{"coordinates":[-111.8789,40.91695],"type":"Point"},"properties":{"kind":"stop","name":"Main St / Centerville Center St (NB","stop_id":"12254"},"type":"Feature"},{"geometry":{"coordinates":[-111.87889,40.91836],"type":"Point"},"properties":{"kind":"stop","name":"Main St / 100 N (NB)","stop_id":"12255"},"type":"Feature"},{"geometry":{"coordinates":[-111.88328,40.95461],"type":"Point"},"properties":{"kind":"stop","name":"200 E / 1600 S (NB)","stop_id":"12256"},"type":"Feature"},{"geometry":{"coordinates":[-111.91842,41.01651],"type":"Point"},"properties":{"kind":"stop","name":"Main St / Haight Creek Dr (NB)","stop_id":"12258"},"type":"Feature"},{"geometry":{"coordinates":[-111.92272,41.02003],"type":"Point"},"properties":{"kind":"stop","name":"Main St / Woodland Valley Dr (NB)","stop_id":"12260"},"type":"Feature"},{"geometry":{"coordinates":[-111.92805,41.02443],"type":"Point"},"properties":{"kind":"stop","name":"Main St / Calder Ln (NB)","stop_id":"12262"},"type":"Feature"},{"geometry":{"coordinates":[-111.93351,41.02921],"type":"Point"},"properties":{"kind":"stop","name":"Main St / 300 S (NB)","stop_id":"12263"},"type":"Feature"},{"geometry":{"coordinates":[-111.93566,41.03103],"type":"Point"},"properties":{"kind":"stop","name":"Main St / 200 S (NB)","stop_id":"12264"},"type":"Feature"},{"geometry":{"coordinates":[-111.92712,41.03177],"type":"Point"},"properties":{"kind":"stop","name":"500 E / 200 S (NB)","stop_id":"12265"},"type":"Feature"},{"geometry":{"coordinates":[-111.9403,41.03978],"type":"Point"},"properties":{"kind":"stop","name":"Main St / 300 N (NB)","stop_id":"12267"},"type":"Feature"},{"geometry":{"coordinates":[-111.9428,41.04093],"type":"Point"},"properties":{"kind":"stop","name":"Main St / 300 W (WB)","stop_id":"12268"},"type":"Feature"},{"geometry":{"coordinates":[-111.90197,40.86669],"type":"Point"},"properties":{"kind":"stop","name":"800 W / 2250 S (NB)","stop_id":"12270"},"type":"Feature"},{"geometry":{"coordinates":[-111.90196,40.8703],"type":"Point"},"properties":{"kind":"stop","name":"800 W / 1975 S (NB)","stop_id":"12272"},"type":"Feature"},{"geometry":{"coordinates":[-111.90194,40.87522],"type":"Point"},"properties":{"kind":"stop","name":"800 W / 1500 S (NB)","stop_id":"12274"},"type":"Feature"},{"geometry":{"coordinates":[-111.90189,40.87721],"type":"Point"},"properties":{"kind":"stop","name":"800 W / 1175 5 (NB)","stop_id":"12277"},"type":"Feature"},{"geometry":{"coordinates":[-111.85347,40.7231],"type":"Point"},"properties":{"kind":"stop","name":"1300 E / Wilmington Ave (NB)","stop_id":"12310"},"type":"Feature"},{"geometry":{"coordinates":[-111.90207,40.87812],"type":"Point"},"properties":{"kind":"stop","name":"800 W / 1175 S (SB)","stop_id":"12322"},"type":"Feature"},{"geometry":{"coordinates":[-111.90209,40.87425],"type":"Point"},"properties":{"kind":"stop","name":"800 W / 1500 S (SB)","stop_id":"12324"},"type":"Feature"},{"geometry":{"coordinates":[-111.90212,40.87029],"type":"Point"},"properties":{"kind":"stop","name":"800 W / 1975 S (SB)","stop_id":"12326"},"type":"Feature"},{"geometry":{"coordinates":[-111.86753,40.8852],"type":"Point"},"properties":{"kind":"stop","name":"Medical Dr / 450 S (SB)","stop_id":"12340"},"type":"Feature"},{"geometry":{"coordinates":[-111.86964,40.88424],"type":"Point"},"properties":{"kind":"stop","name":"500 S / Larsen Dr (EB)","stop_id":"12341"},"type":"Feature"},{"geometry":{"coordinates":[-112.0357,41.40184],"type":"Point"},"properties":{"kind":"stop","name":"US-89 / 300 S (SB)","stop_id":"12372"},"type":"Feature"},{"geometry":{"coordinates":[-112.0349,41.36932],"type":"Point"},"properties":{"kind":"stop","name":"US-89 / 7720 S (SB)","stop_id":"12373"},"type":"Feature"},{"geometry":{"coordinates":[-112.03345,41.37467],"type":"Point"},"properties":{"kind":"stop","name":"US-89 / 7425 S (SB)","stop_id":"12374"},"type":"Feature"},{"geometry":{"coordinates":[-111.87888,40.92474],"type":"Point"},"properties":{"kind":"stop","name":"Main St / Bonita Way (NB)","stop_id":"12376"},"type":"Feature"},{"geometry":{"coordinates":[-111.87885,40.92672],"type":"Point"},"properties":{"kind":"stop","name":"Main St / Pheasantbrook Dr (NB)","stop_id":"12377"},"type":"Feature"},{"geometry":{"coordinates":[-111.87886,40.92874],"type":"Point"},"properties":{"kind":"stop","name":"Main St / Chase Ln (NB)","stop_id":"12378"},"type":"Feature"},{"geometry":{"coordinates":[-111.87905,40.92871],"type":"Point"},"properties":{"kind":"stop","name":"Main St / Chase Ln (SB)","stop_id":"12387"},"type":"Feature"},{"geometry":{"coordinates":[-111.87901,40.92638],"type":"Point"},"properties":{"kind":"stop","name":"Main St / Pheasantbrook Dr (SB)","stop_id":"12388"},"type":"Feature"},{"geometry":{"coordinates":[-111.87906,40.92459],"type":"Point"},"properties":{"kind":"stop","name":"Main St / Bonita Way (SB)","stop_id":"12389"},"type":"Feature"},{"geometry":{"coordinates":[-111.95051,41.04474],"type":"Point"},"properties":{"kind":"stop","name":"Main St / Mutton Hollow Rd (NB)","stop_id":"12460"},"type":"Feature"},{"geometry":{"coordinates":[-111.95612,41.04885],"type":"Point"},"properties":{"kind":"stop","name":"Main St / Rosewood Way (NB)","stop_id":"12462"},"type":"Feature"},{"geometry":{"coordinates":[-111.97081,41.05301],"type":"Point"},"properties":{"kind":"stop","name":"Layton Pkwy / Flint St (EB)","stop_id":"12464"},"type":"Feature"},{"geometry":{"coordinates":[-111.97297,41.05262],"type":"Point"},"properties":{"kind":"stop","name":"Layton Pkwy / Flint St (WB)","stop_id":"12465"},"type":"Feature"},{"geometry":{"coordinates":[-111.95754,41.05742],"type":"Point"},"properties":{"kind":"stop","name":"Fort Ln / Elm St (NB)","stop_id":"12466"},"type":"Feature"},{"geometry":{"coordinates":[-111.96153,41.06019],"type":"Point"},"properties":{"kind":"stop","name":"Gentile St / Wasatch Dr (WB)","stop_id":"12467"},"type":"Feature"},{"geometry":{"coordinates":[-111.96438,41.06023],"type":"Point"},"properties":{"kind":"stop","name":"Gentile St / Main St (WB)","stop_id":"12468"},"type":"Feature"},{"geometry":{"coordinates":[-111.96837,41.0627],"type":"Point"},"properties":{"kind":"stop","name":"Main St / Church St (NB)","stop_id":"12469"},"type":"Feature"},{"geometry":{"coordinates":[-111.99035,41.06654],"type":"Point"},"properties":{"kind":"stop","name":"Marshall Way / 450 N (NB)","stop_id":"12470"},"type":"Feature"},{"geometry":{"coordinates":[-111.98802,41.05864],"type":"Point"},"properties":{"kind":"stop","name":"Angel St / 75 S (SB)","stop_id":"12471"},"type":"Feature"},{"geometry":{"coordinates":[-111.97334,41.06771],"type":"Point"},"properties":{"kind":"stop","name":"Main St / 550 N (NB)","stop_id":"12472"},"type":"Feature"},{"geometry":{"coordinates":[-111.9767,41.07089],"type":"Point"},"properties":{"kind":"stop","name":"Main St / Hill Field Rd (NB)","stop_id":"12473"},"type":"Feature"},{"geometry":{"coordinates":[-111.99212,41.06892],"type":"Point"},"properties":{"kind":"stop","name":"Marshall Way / Hillfield Rd (SB)","stop_id":"12474"},"type":"Feature"},{"geometry":{"coordinates":[-111.98093,41.07488],"type":"Point"},"properties":{"kind":"stop","name":"Main St / Gordon Ln (NB)","stop_id":"12475"},"type":"Feature"},{"geometry":{"coordinates":[-111.98356,41.07692],"type":"Point"},"properties":{"kind":"stop","name":"Main St / 1100 N (NB)","stop_id":"12476"},"type":"Feature"},{"geometry":{"coordinates":[-111.98886,41.08011],"type":"Point"},"properties":{"kind":"stop","name":"Main St / 1400 N (NB)","stop_id":"12477"},"type":"Feature"},{"geometry":{"coordinates":[-111.99212,41.08208],"type":"Point"},"properties":{"kind":"stop","name":"Main St / Reid Ave (NB)","stop_id":"12478"},"type":"Feature"},{"geometry":{"coordinates":[-111.99469,41.08365],"type":"Point"},"properties":{"kind":"stop","name":"Main St / 1600 N (NB)","stop_id":"12479"},"type":"Feature"},{"geometry":{"coordinates":[-112.00016,41.0884],"type":"Point"},"properties":{"kind":"stop","name":"Main St / Antelope Dr (NB)","stop_id":"12481"},"type":"Feature"},{"geometry":{"coordinates":[-112.00627,41.09455],"type":"Point"},"properties":{"kind":"stop","name":"State St / 1000 E (NB)","stop_id":"12483"},"type":"Feature"},{"geometry":{"coordinates":[-111.86943,40.88435],"type":"Point"},"properties":{"kind":"stop","name":"500 S / Larsen Dr (WB)","stop_id":"12504"},"type":"Feature"},{"geometry":{"coordinates":[-112.02619,41.15062],"type":"Point"},"properties":{"kind":"stop","name":"Main St / 2500 N (SB)","stop_id":"12514"},"type":"Feature"},{"geometry":{"coordinates":[-112.02625,41.14809],"type":"Point"},"properties":{"kind":"stop","name":"Main St / 2400 N (SB)","stop_id":"12515"},"type":"Feature"},{"geometry":{"coordinates":[-112.02619,41.14245],"type":"Point"},"properties":{"kind":"stop","name":"Main St / 2000 N (SB)","stop_id":"12516"},"type":"Feature"},{"geometry":{"coordinates":[-112.02621,41.13219],"type":"Point"},"properties":{"kind":"stop","name":"Main St / 1300 N (SB) (Sunset)","stop_id":"12518"},"type":"Feature"},{"geometry":{"coordinates":[-112.02612,41.12229],"type":"Point"},"properties":{"kind":"stop","name":"Main St / 650 N (SB)","stop_id":"12520"},"type":"Feature"},{"geometry":{"coordinates":[-112.02621,41.11761],"type":"Point"},"properties":{"kind":"stop","name":"Main St / 300 N (SB)","stop_id":"12522"},"type":"Feature"},{"geometry":{"coordinates":[-112.01212,41.10007],"type":"Point"},"properties":{"kind":"stop","name":"State St / 900 S (SB)","stop_id":"12527"},"type":"Feature"},{"geometry":{"coordinates":[-111.91676,40.74112],"type":"Point"},"properties":{"kind":"stop","name":"900 W / California Ave (NB)","stop_id":"1253"},"type":"Feature"},{"geometry":{"coordinates":[-112.00024,41.08809],"type":"Point"},"properties":{"kind":"stop","name":"Main St / Antelope Dr (SB)","stop_id":"12533"},"type":"Feature"},{"geometry":{"coordinates":[-111.99771,41.08561],"type":"Point"},"properties":{"kind":"stop","name":"Main St / Camelot Dr (SB)","stop_id":"12534"},"type":"Feature"},{"geometry":{"coordinates":[-111.99478,41.08349],"type":"Point"},"properties":{"kind":"stop","name":"Main St / 1600 N (SB)","stop_id":"12535"},"type":"Feature"},{"geometry":{"coordinates":[-111.99077,41.081],"type":"Point"},"properties":{"kind":"stop","name":"Main St / 1450 N (SB)","stop_id":"12537"},"type":"Feature"},{"geometry":{"coordinates":[-111.98644,41.07839],"type":"Point"},"properties":{"kind":"stop","name":"Main St /1250 N (SB) (Layton)","stop_id":"12538"},"type":"Feature"},{"geometry":{"coordinates":[-111.98347,41.07653],"type":"Point"},"properties":{"kind":"stop","name":"Main St / 1100 N (SB) (Layton)","stop_id":"12539"},"type":"Feature"},{"geometry":{"coordinates":[-111.98794,41.07826],"type":"Point"},"properties":{"kind":"stop","name":"1200 W / 1200 N (SB)","stop_id":"12540"},"type":"Feature"},{"geometry":{"coordinates":[-111.98761,41.06438],"type":"Point"},"properties":{"kind":"stop","name":"Marshall Way / Sugar St (EB)","stop_id":"12541"},"type":"Feature"},{"geometry":{"coordinates":[-111.99032,41.06632],"type":"Point"},"properties":{"kind":"stop","name":"Marshall Way / 450 N (SB)","stop_id":"12542"},"type":"Feature"},{"geometry":{"coordinates":[-111.97406,41.068],"type":"Point"},"properties":{"kind":"stop","name":"Main St / 550 N (SB)","stop_id":"12543"},"type":"Feature"},{"geometry":{"coordinates":[-111.97045,41.06455],"type":"Point"},"properties":{"kind":"stop","name":"Main St / 300 N (SB)","stop_id":"12544"},"type":"Feature"},{"geometry":{"coordinates":[-111.96859,41.06258],"type":"Point"},"properties":{"kind":"stop","name":"Main St / Church St (SB)","stop_id":"12545"},"type":"Feature"},{"geometry":{"coordinates":[-111.96413,41.06011],"type":"Point"},"properties":{"kind":"stop","name":"Gentile St / Main St (EB)","stop_id":"12546"},"type":"Feature"},{"geometry":{"coordinates":[-111.98709,41.04848],"type":"Point"},"properties":{"kind":"stop","name":"Layton Pkwy / Angel St (WB)","stop_id":"12547"},"type":"Feature"},{"geometry":{"coordinates":[-111.95779,41.05731],"type":"Point"},"properties":{"kind":"stop","name":"Fort Ln / Elm St (SB)","stop_id":"12548"},"type":"Feature"},{"geometry":{"coordinates":[-111.96853,41.05414],"type":"Point"},"properties":{"kind":"stop","name":"Layton Pkwy / 100 W (WB)","stop_id":"12549"},"type":"Feature"},{"geometry":{"coordinates":[-111.95783,41.05374],"type":"Point"},"properties":{"kind":"stop","name":"Fort Ln / Knowlton St (SB)","stop_id":"12550"},"type":"Feature"},{"geometry":{"coordinates":[-111.95731,41.04959],"type":"Point"},"properties":{"kind":"stop","name":"Main St / Rosewood Ln (SB)","stop_id":"12551"},"type":"Feature"},{"geometry":{"coordinates":[-111.95484,41.04745],"type":"Point"},"properties":{"kind":"stop","name":"Main St / Clearwater Dr (SB)","stop_id":"12552"},"type":"Feature"},{"geometry":{"coordinates":[-111.94368,41.0409],"type":"Point"},"properties":{"kind":"stop","name":"Main St / 300 W (EB)","stop_id":"12558"},"type":"Feature"},{"geometry":{"coordinates":[-111.94114,41.0401],"type":"Point"},"properties":{"kind":"stop","name":"Main St / 300 N (SB)","stop_id":"12559"},"type":"Feature"},{"geometry":{"coordinates":[-111.9276,41.0271],"type":"Point"},"properties":{"kind":"stop","name":"500 E / Davis Tech Dr (SB)","stop_id":"12562"},"type":"Feature"},{"geometry":{"coordinates":[-111.93578,41.0308],"type":"Point"},"properties":{"kind":"stop","name":"Main St / 200 S (SB)","stop_id":"12563"},"type":"Feature"},{"geometry":{"coordinates":[-111.93428,41.02949],"type":"Point"},"properties":{"kind":"stop","name":"Main St / 350 S (SB)","stop_id":"12564"},"type":"Feature"},{"geometry":{"coordinates":[-111.92755,41.0237],"type":"Point"},"properties":{"kind":"stop","name":"Main St / Calder Ln (SB)","stop_id":"12566"},"type":"Feature"},{"geometry":{"coordinates":[-111.92584,41.02223],"type":"Point"},"properties":{"kind":"stop","name":"Main St / Burton Ln / Nicholls Rd (","stop_id":"12567"},"type":"Feature"},{"geometry":{"coordinates":[-111.92241,41.01946],"type":"Point"},"properties":{"kind":"stop","name":"Main St / Woodland Valley Dr (SB)","stop_id":"12568"},"type":"Feature"},{"geometry":{"coordinates":[-111.91796,41.01583],"type":"Point"},"properties":{"kind":"stop","name":"Main St / Haight Creek Dr (SB)","stop_id":"12570"},"type":"Feature"},{"geometry":{"coordinates":[-111.91634,41.01469],"type":"Point"},"properties":{"kind":"stop","name":"Main St / Rigby Rd (SB)","stop_id":"12571"},"type":"Feature"},{"geometry":{"coordinates":[-111.87911,40.91876],"type":"Point"},"properties":{"kind":"stop","name":"Main St / 100 N (SB)","stop_id":"12573"},"type":"Feature"},{"geometry":{"coordinates":[-111.87909,40.91691],"type":"Point"},"properties":{"kind":"stop","name":"Main St / Centerville Center St (SB","stop_id":"12574"},"type":"Feature"},{"geometry":{"coordinates":[-111.87912,40.9154],"type":"Point"},"properties":{"kind":"stop","name":"Main St / 200 S (SB)","stop_id":"12575"},"type":"Feature"},{"geometry":{"coordinates":[-111.87913,40.91283],"type":"Point"},"properties":{"kind":"stop","name":"Main St / Porter Ln (SB) (Centervil","stop_id":"12576"},"type":"Feature"},{"geometry":{"coordinates":[-111.87914,40.91094],"type":"Point"},"properties":{"kind":"stop","name":"Main St / 550 S (SB)","stop_id":"12577"},"type":"Feature"},{"geometry":{"coordinates":[-111.87913,40.90793],"type":"Point"},"properties":{"kind":"stop","name":"Main St / 850 S (SB) (Centerville)","stop_id":"12578"},"type":"Feature"},{"geometry":{"coordinates":[-111.87913,40.90606],"type":"Point"},"properties":{"kind":"stop","name":"Main St / Pages Ln (SB) (Bountiful)","stop_id":"12579"},"type":"Feature"},{"geometry":{"coordinates":[-111.87909,40.90416],"type":"Point"},"properties":{"kind":"stop","name":"Main St / 1200 S (SB) (Bountiful)","stop_id":"12580"},"type":"Feature"},{"geometry":{"coordinates":[-111.87908,40.90097],"type":"Point"},"properties":{"kind":"stop","name":"Main St / 1100 N (SB)","stop_id":"12582"},"type":"Feature"},{"geometry":{"coordinates":[-111.87905,40.89792],"type":"Point"},"properties":{"kind":"stop","name":"Main St / 800 N (SB)","stop_id":"12584"},"type":"Feature"},{"geometry":{"coordinates":[-111.87914,40.89527],"type":"Point"},"properties":{"kind":"stop","name":"Main St / 550 N (SB)","stop_id":"12585"},"type":"Feature"},{"geometry":{"coordinates":[-111.88082,40.89262],"type":"Point"},"properties":{"kind":"stop","name":"Main St / 300 N (SB)","stop_id":"12586"},"type":"Feature"},{"geometry":{"coordinates":[-111.88079,40.88648],"type":"Point"},"properties":{"kind":"stop","name":"Main St / 300 S (SB)","stop_id":"12587"},"type":"Feature"},{"geometry":{"coordinates":[-111.88079,40.8839],"type":"Point"},"properties":{"kind":"stop","name":"Main St / 500 S (SB) (Bountiful)","stop_id":"12588"},"type":"Feature"},{"geometry":{"coordinates":[-111.8808,40.88214],"type":"Point"},"properties":{"kind":"stop","name":"Main St / 700 S (SB)","stop_id":"12589"},"type":"Feature"},{"geometry":{"coordinates":[-111.88108,40.88053],"type":"Point"},"properties":{"kind":"stop","name":"Main St / 800 S (SB)","stop_id":"12590"},"type":"Feature"},{"geometry":{"coordinates":[-111.88199,40.87944],"type":"Point"},"properties":{"kind":"stop","name":"Main St / 1000 S (SB)","stop_id":"12591"},"type":"Feature"},{"geometry":{"coordinates":[-111.88372,40.87729],"type":"Point"},"properties":{"kind":"stop","name":"Main St / 1200 S (SB) (Bountiful)","stop_id":"12592"},"type":"Feature"},{"geometry":{"coordinates":[-111.8847,40.87614],"type":"Point"},"properties":{"kind":"stop","name":"Main St / 1400 S (SB)","stop_id":"12593"},"type":"Feature"},{"geometry":{"coordinates":[-111.88643,40.874],"type":"Point"},"properties":{"kind":"stop","name":"Main St / 1600 S (SB)","stop_id":"12595"},"type":"Feature"},{"geometry":{"coordinates":[-111.88903,40.87079],"type":"Point"},"properties":{"kind":"stop","name":"Main St / 1800 S (SB)","stop_id":"12597"},"type":"Feature"},{"geometry":{"coordinates":[-111.89074,40.86868],"type":"Point"},"properties":{"kind":"stop","name":"Main St / 2000 S (SB)","stop_id":"12599"},"type":"Feature"},{"geometry":{"coordinates":[-111.89151,40.86776],"type":"Point"},"properties":{"kind":"stop","name":"Main St / 2050 S (SB)","stop_id":"12600"},"type":"Feature"},{"geometry":{"coordinates":[-111.89234,40.86473],"type":"Point"},"properties":{"kind":"stop","name":"500 W / 2350 S (SB)","stop_id":"12601"},"type":"Feature"},{"geometry":{"coordinates":[-111.92714,41.03335],"type":"Point"},"properties":{"kind":"stop","name":"500 E / 100 S (NB)","stop_id":"12605"},"type":"Feature"},{"geometry":{"coordinates":[-111.90244,41.03219],"type":"Point"},"properties":{"kind":"stop","name":"Mountain Rd / Green Rd (SB)","stop_id":"12609"},"type":"Feature"},{"geometry":{"coordinates":[-111.90142,41.02755],"type":"Point"},"properties":{"kind":"stop","name":"Mountain Rd / Nicholls Rd (SB)","stop_id":"12610"},"type":"Feature"},{"geometry":{"coordinates":[-111.87652,40.77618],"type":"Point"},"properties":{"kind":"stop","name":"6th Ave / F St (EB)","stop_id":"12619"},"type":"Feature"},{"geometry":{"coordinates":[-111.86481,40.7693],"type":"Point"},"properties":{"kind":"stop","name":"South Temple / 900 E / M St (EB)","stop_id":"12629"},"type":"Feature"},{"geometry":{"coordinates":[-111.86009,40.76929],"type":"Point"},"properties":{"kind":"stop","name":"South Temple / 1100 E / Q St (EB)","stop_id":"12631"},"type":"Feature"},{"geometry":{"coordinates":[-111.85437,40.76928],"type":"Point"},"properties":{"kind":"stop","name":"South Temple / 1300 E / T St (EB)","stop_id":"12633"},"type":"Feature"},{"geometry":{"coordinates":[-111.8549,40.76941],"type":"Point"},"properties":{"kind":"stop","name":"South Temple / 1300 E / T St (WB)","stop_id":"12634"},"type":"Feature"},{"geometry":{"coordinates":[-111.85933,40.76945],"type":"Point"},"properties":{"kind":"stop","name":"South Temple / 1100 E / Q St (WB)","stop_id":"12636"},"type":"Feature"},{"geometry":{"coordinates":[-111.8646,40.7694],"type":"Point"},"properties":{"kind":"stop","name":"South Temple / 900 E / N St (WB)","stop_id":"12637"},"type":"Feature"},{"geometry":{"coordinates":[-111.87476,40.7728],"type":"Point"},"properties":{"kind":"stop","name":"3rd Ave / G St (EB)","stop_id":"12652"},"type":"Feature"},{"geometry":{"coordinates":[-111.87195,40.77278],"type":"Point"},"properties":{"kind":"stop","name":"3rd Ave / I St (EB)","stop_id":"12653"},"type":"Feature"},{"geometry":{"coordinates":[-111.86888,40.77279],"type":"Point"},"properties":{"kind":"stop","name":"3rd Ave / K St (EB)","stop_id":"12654"},"type":"Feature"},{"geometry":{"coordinates":[-111.86584,40.77278],"type":"Point"},"properties":{"kind":"stop","name":"3rd Ave / M St (EB)","stop_id":"12655"},"type":"Feature"},{"geometry":{"coordinates":[-111.86439,40.77278],"type":"Point"},"properties":{"kind":"stop","name":"3rd Ave / N St (EB)","stop_id":"12656"},"type":"Feature"},{"geometry":{"coordinates":[-111.8613,40.77277],"type":"Point"},"properties":{"kind":"stop","name":"3rd Ave / P St (EB)","stop_id":"12657"},"type":"Feature"},{"geometry":{"coordinates":[-111.8583,40.77278],"type":"Point"},"properties":{"kind":"stop","name":"3rd Ave / R St (EB)","stop_id":"12658"},"type":"Feature"},{"geometry":{"coordinates":[-111.85536,40.77278],"type":"Point"},"properties":{"kind":"stop","name":"3rd Ave / T St (EB)","stop_id":"12659"},"type":"Feature"},{"geometry":{"coordinates":[-111.85258,40.77277],"type":"Point"},"properties":{"kind":"stop","name":"3rd Ave / Virginia St (EB)","stop_id":"12660"},"type":"Feature"},{"geometry":{"coordinates":[-111.83105,40.7562],"type":"Point"},"properties":{"kind":"stop","name":"Komas Dr / Wakara Way (SB)","stop_id":"12662"},"type":"Feature"},{"geometry":{"coordinates":[-111.82926,40.75503],"type":"Point"},"properties":{"kind":"stop","name":"Komas Dr / Blackhawk Way (SB)","stop_id":"12663"},"type":"Feature"},{"geometry":{"coordinates":[-111.82677,40.75368],"type":"Point"},"properties":{"kind":"stop","name":"Arapeen Dr / Komas Dr (SB)","stop_id":"12665"},"type":"Feature"},{"geometry":{"coordinates":[-111.82678,40.7523],"type":"Point"},"properties":{"kind":"stop","name":"University Village East (SB)","stop_id":"12666"},"type":"Feature"},{"geometry":{"coordinates":[-111.90396,40.84291],"type":"Point"},"properties":{"kind":"stop","name":"Orchard Dr / 75 N (NB) (N. Salt Lak","stop_id":"12668"},"type":"Feature"},{"geometry":{"coordinates":[-111.90176,40.84471],"type":"Point"},"properties":{"kind":"stop","name":"Orchard Dr / Sider Dr (NB)","stop_id":"12670"},"type":"Feature"},{"geometry":{"coordinates":[-111.89957,40.84649],"type":"Point"},"properties":{"kind":"stop","name":"Orchard Dr / Oakleaf Ln (NB)","stop_id":"12671"},"type":"Feature"},{"geometry":{"coordinates":[-111.89719,40.84884],"type":"Point"},"properties":{"kind":"stop","name":"Orchard Dr / Eaglewood Dr (NB) (N.","stop_id":"12673"},"type":"Feature"},{"geometry":{"coordinates":[-111.89602,40.85096],"type":"Point"},"properties":{"kind":"stop","name":"Orchard Dr / 3600 S (NB)","stop_id":"12674"},"type":"Feature"},{"geometry":{"coordinates":[-111.89184,40.85639],"type":"Point"},"properties":{"kind":"stop","name":"Orchard Dr / 500 W (NB)","stop_id":"12677"},"type":"Feature"},{"geometry":{"coordinates":[-111.88094,40.86314],"type":"Point"},"properties":{"kind":"stop","name":"Orchard Dr / North Canyon Rd (NB)","stop_id":"12682"},"type":"Feature"},{"geometry":{"coordinates":[-111.87865,40.86683],"type":"Point"},"properties":{"kind":"stop","name":"Orchard Dr / Orchard Pines Loop (NB","stop_id":"12683"},"type":"Feature"},{"geometry":{"coordinates":[-111.87636,40.87159],"type":"Point"},"properties":{"kind":"stop","name":"Orchard Dr / 1800 S (NB)","stop_id":"12686"},"type":"Feature"},{"geometry":{"coordinates":[-111.87482,40.87507],"type":"Point"},"properties":{"kind":"stop","name":"Orchard Dr / 1500 S (NB)","stop_id":"12687"},"type":"Feature"},{"geometry":{"coordinates":[-111.87324,40.87875],"type":"Point"},"properties":{"kind":"stop","name":"Orchard Dr / 1100 S (NB)","stop_id":"12688"},"type":"Feature"},{"geometry":{"coordinates":[-111.87233,40.88231],"type":"Point"},"properties":{"kind":"stop","name":"Orchard Dr / Lee St (NB)","stop_id":"12690"},"type":"Feature"},{"geometry":{"coordinates":[-111.87227,40.88412],"type":"Point"},"properties":{"kind":"stop","name":"Orchard Dr / 500 S (NB)","stop_id":"12691"},"type":"Feature"},{"geometry":{"coordinates":[-111.87228,40.88938],"type":"Point"},"properties":{"kind":"stop","name":"400 E / Center St (NB)","stop_id":"12693"},"type":"Feature"},{"geometry":{"coordinates":[-111.87246,40.88905],"type":"Point"},"properties":{"kind":"stop","name":"400 E / Center St (SB)","stop_id":"12694"},"type":"Feature"},{"geometry":{"coordinates":[-111.87246,40.88395],"type":"Point"},"properties":{"kind":"stop","name":"Orchard Dr / 500 S (SB)","stop_id":"12697"},"type":"Feature"},{"geometry":{"coordinates":[-111.87248,40.88251],"type":"Point"},"properties":{"kind":"stop","name":"Orchard Dr / Lee St (SB)","stop_id":"12698"},"type":"Feature"},{"geometry":{"coordinates":[-111.87352,40.87849],"type":"Point"},"properties":{"kind":"stop","name":"Orchard Dr / 1100 S (SB)","stop_id":"12699"},"type":"Feature"},{"geometry":{"coordinates":[-111.87499,40.87516],"type":"Point"},"properties":{"kind":"stop","name":"Orchard Dr / 1500 S (SB)","stop_id":"12700"},"type":"Feature"},{"geometry":{"coordinates":[-111.87606,40.87274],"type":"Point"},"properties":{"kind":"stop","name":"Orchard Dr / 1650 S (SB)","stop_id":"12701"},"type":"Feature"},{"geometry":{"coordinates":[-111.87687,40.87087],"type":"Point"},"properties":{"kind":"stop","name":"Orchard Dr / 1800 S (SB)","stop_id":"12702"},"type":"Feature"},{"geometry":{"coordinates":[-111.87303,40.88038],"type":"Point"},"properties":{"kind":"stop","name":"Orchard Dr / Mill St (SB)","stop_id":"12703"},"type":"Feature"},{"geometry":{"coordinates":[-111.87857,40.86733],"type":"Point"},"properties":{"kind":"stop","name":"Orchard Dr / Orchard Pines Loop (SB","stop_id":"12705"},"type":"Feature"},{"geometry":{"coordinates":[-111.87976,40.86523],"type":"Point"},"properties":{"kind":"stop","name":"Orchard Dr / Orchard Pl (SB)","stop_id":"12706"},"type":"Feature"},{"geometry":{"coordinates":[-111.90013,40.78885],"type":"Point"},"properties":{"kind":"stop","name":"Beck St / 900 N (NB)","stop_id":"12715"},"type":"Feature"},{"geometry":{"coordinates":[-111.90202,40.79205],"type":"Point"},"properties":{"kind":"stop","name":"Beck St / 1000 N (NB)","stop_id":"12716"},"type":"Feature"},{"geometry":{"coordinates":[-111.91019,40.8415],"type":"Point"},"properties":{"kind":"stop","name":"US-89 / North Salt Lake Center St (","stop_id":"12720"},"type":"Feature"},{"geometry":{"coordinates":[-111.87227,40.89243],"type":"Point"},"properties":{"kind":"stop","name":"400 E / 300 N (NB)","stop_id":"12721"},"type":"Feature"},{"geometry":{"coordinates":[-111.87229,40.89439],"type":"Point"},"properties":{"kind":"stop","name":"400 E / 400 N (NB)","stop_id":"12722"},"type":"Feature"},{"geometry":{"coordinates":[-111.87229,40.89727],"type":"Point"},"properties":{"kind":"stop","name":"400 E / 775 N (NB)","stop_id":"12724"},"type":"Feature"},{"geometry":{"coordinates":[-111.8723,40.89982],"type":"Point"},"properties":{"kind":"stop","name":"400 E / Maplewood Dr (NB)","stop_id":"12726"},"type":"Feature"},{"geometry":{"coordinates":[-111.8723,40.90315],"type":"Point"},"properties":{"kind":"stop","name":"400 E / 1300 N (NB)","stop_id":"12728"},"type":"Feature"},{"geometry":{"coordinates":[-111.87231,40.90466],"type":"Point"},"properties":{"kind":"stop","name":"400 E / 1400 N (NB)","stop_id":"12729"},"type":"Feature"},{"geometry":{"coordinates":[-111.87231,40.90638],"type":"Point"},"properties":{"kind":"stop","name":"400 E / Pages Ln (NB)","stop_id":"12730"},"type":"Feature"},{"geometry":{"coordinates":[-111.87229,40.90947],"type":"Point"},"properties":{"kind":"stop","name":"400 E / 700 S (NB)","stop_id":"12732"},"type":"Feature"},{"geometry":{"coordinates":[-111.88322,40.97087],"type":"Point"},"properties":{"kind":"stop","name":"200 E / Continental Dr (NB)","stop_id":"12734"},"type":"Feature"},{"geometry":{"coordinates":[-111.8832,40.97276],"type":"Point"},"properties":{"kind":"stop","name":"200 E / Woodland Dr (NB)","stop_id":"12735"},"type":"Feature"},{"geometry":{"coordinates":[-111.88317,40.97438],"type":"Point"},"properties":{"kind":"stop","name":"200 E / Oak Ln (NB)","stop_id":"12736"},"type":"Feature"},{"geometry":{"coordinates":[-111.8832,40.97601],"type":"Point"},"properties":{"kind":"stop","name":"200 E / 300 S (NB)","stop_id":"12737"},"type":"Feature"},{"geometry":{"coordinates":[-111.88319,40.97751],"type":"Point"},"properties":{"kind":"stop","name":"200 E / 200 S (NB)","stop_id":"12738"},"type":"Feature"},{"geometry":{"coordinates":[-111.8833,40.97864],"type":"Point"},"properties":{"kind":"stop","name":"200 E / 100 S (NB)","stop_id":"12739"},"type":"Feature"},{"geometry":{"coordinates":[-111.88745,40.98236],"type":"Point"},"properties":{"kind":"stop","name":"Main St / 100 N (NB)","stop_id":"12740"},"type":"Feature"},{"geometry":{"coordinates":[-111.88742,40.98522],"type":"Point"},"properties":{"kind":"stop","name":"Main St / 300 N (NB)","stop_id":"12742"},"type":"Feature"},{"geometry":{"coordinates":[-111.88743,40.98848],"type":"Point"},"properties":{"kind":"stop","name":"Main St / 500 N (NB)","stop_id":"12744"},"type":"Feature"},{"geometry":{"coordinates":[-111.88973,40.99029],"type":"Point"},"properties":{"kind":"stop","name":"Main St / 90 W (WB)","stop_id":"12745"},"type":"Feature"},{"geometry":{"coordinates":[-111.89634,40.99544],"type":"Point"},"properties":{"kind":"stop","name":"Main St / 900 N (NB)","stop_id":"12747"},"type":"Feature"},{"geometry":{"coordinates":[-111.89822,40.99838],"type":"Point"},"properties":{"kind":"stop","name":"Main St / 1050 N (NB)","stop_id":"12748"},"type":"Feature"},{"geometry":{"coordinates":[-111.90019,41.00045],"type":"Point"},"properties":{"kind":"stop","name":"Main St / Shepard Ln (SB)","stop_id":"12754"},"type":"Feature"},{"geometry":{"coordinates":[-111.89825,40.9982],"type":"Point"},"properties":{"kind":"stop","name":"Main St / 1050 N (SB)","stop_id":"12755"},"type":"Feature"},{"geometry":{"coordinates":[-111.88341,40.96234],"type":"Point"},"properties":{"kind":"stop","name":"200 E / 1110 S (SB)","stop_id":"12756"},"type":"Feature"},{"geometry":{"coordinates":[-111.8834,40.95973],"type":"Point"},"properties":{"kind":"stop","name":"200 E / 1235 S (SB)","stop_id":"12757"},"type":"Feature"},{"geometry":{"coordinates":[-111.88345,40.95707],"type":"Point"},"properties":{"kind":"stop","name":"200 E / 1420 S (SB)","stop_id":"12758"},"type":"Feature"},{"geometry":{"coordinates":[-111.88344,40.95417],"type":"Point"},"properties":{"kind":"stop","name":"200 E / 1470 S (SB) (Farmington)","stop_id":"12759"},"type":"Feature"},{"geometry":{"coordinates":[-111.88334,40.95182],"type":"Point"},"properties":{"kind":"stop","name":"Main St / 2150 N (SB) (Centerville)","stop_id":"12761"},"type":"Feature"},{"geometry":{"coordinates":[-111.88147,40.94621],"type":"Point"},"properties":{"kind":"stop","name":"Main St / 1950 N (SB)","stop_id":"12763"},"type":"Feature"},{"geometry":{"coordinates":[-111.88069,40.94376],"type":"Point"},"properties":{"kind":"stop","name":"Main St / 1750 N (SB)","stop_id":"12764"},"type":"Feature"},{"geometry":{"coordinates":[-111.88034,40.94233],"type":"Point"},"properties":{"kind":"stop","name":"Main St / Jennings Ln (SB)","stop_id":"12765"},"type":"Feature"},{"geometry":{"coordinates":[-111.87988,40.94005],"type":"Point"},"properties":{"kind":"stop","name":"Main St / Ricks Creek Way (SB)","stop_id":"12766"},"type":"Feature"},{"geometry":{"coordinates":[-111.87928,40.93729],"type":"Point"},"properties":{"kind":"stop","name":"Main St / 1450 N (SB)","stop_id":"12767"},"type":"Feature"},{"geometry":{"coordinates":[-111.87903,40.93348],"type":"Point"},"properties":{"kind":"stop","name":"Main St / Casa Loma Dr (SB)","stop_id":"12769"},"type":"Feature"},{"geometry":{"coordinates":[-111.87904,40.9307],"type":"Point"},"properties":{"kind":"stop","name":"Main St / Barnard St (SB) (Centervi","stop_id":"12770"},"type":"Feature"},{"geometry":{"coordinates":[-111.87438,40.92907],"type":"Point"},"properties":{"kind":"stop","name":"Chase Ln / 400 E (EB)","stop_id":"12773"},"type":"Feature"},{"geometry":{"coordinates":[-111.87267,40.92576],"type":"Point"},"properties":{"kind":"stop","name":"400 E / Linda Loma Dr (SB)","stop_id":"12775"},"type":"Feature"},{"geometry":{"coordinates":[-111.87235,40.92389],"type":"Point"},"properties":{"kind":"stop","name":"400 E / London Rd (SB)","stop_id":"12776"},"type":"Feature"},{"geometry":{"coordinates":[-111.87238,40.9196],"type":"Point"},"properties":{"kind":"stop","name":"400 E / Fairview Rd (SB)","stop_id":"12777"},"type":"Feature"},{"geometry":{"coordinates":[-111.87243,40.91639],"type":"Point"},"properties":{"kind":"stop","name":"400 E / 100 S (SB)","stop_id":"12779"},"type":"Feature"},{"geometry":{"coordinates":[-111.87245,40.91321],"type":"Point"},"properties":{"kind":"stop","name":"400 E / Porters Ln (SB)","stop_id":"12781"},"type":"Feature"},{"geometry":{"coordinates":[-111.87248,40.90942],"type":"Point"},"properties":{"kind":"stop","name":"400 E / 700 S (SB)","stop_id":"12783"},"type":"Feature"},{"geometry":{"coordinates":[-111.87247,40.90729],"type":"Point"},"properties":{"kind":"stop","name":"400 E / Elbert Ave (SB)","stop_id":"12784"},"type":"Feature"},{"geometry":{"coordinates":[-111.87248,40.90595],"type":"Point"},"properties":{"kind":"stop","name":"400 E / Pages Ln (SB)","stop_id":"12785"},"type":"Feature"},{"geometry":{"coordinates":[-111.87249,40.9044],"type":"Point"},"properties":{"kind":"stop","name":"400 E / 1400 N (SB)","stop_id":"12786"},"type":"Feature"},{"geometry":{"coordinates":[-111.87249,40.90288],"type":"Point"},"properties":{"kind":"stop","name":"400 E / 1300 N (SB)","stop_id":"12787"},"type":"Feature"},{"geometry":{"coordinates":[-111.87249,40.89985],"type":"Point"},"properties":{"kind":"stop","name":"400 E / Maplewood Dr (SB)","stop_id":"12789"},"type":"Feature"},{"geometry":{"coordinates":[-111.87248,40.89705],"type":"Point"},"properties":{"kind":"stop","name":"400 E / 775 N (SB)","stop_id":"12791"},"type":"Feature"},{"geometry":{"coordinates":[-111.87247,40.89127],"type":"Point"},"properties":{"kind":"stop","name":"400 E / 150 N (SB)","stop_id":"12794"},"type":"Feature"},{"geometry":{"coordinates":[-111.8821,40.86246],"type":"Point"},"properties":{"kind":"stop","name":"Orchard Dr / North Canyon Rd (SB)","stop_id":"12795"},"type":"Feature"},{"geometry":{"coordinates":[-111.89199,40.8565],"type":"Point"},"properties":{"kind":"stop","name":"Orchard Dr / 500 W (SB)","stop_id":"12797"},"type":"Feature"},{"geometry":{"coordinates":[-111.89307,40.85552],"type":"Point"},"properties":{"kind":"stop","name":"Orchard Dr / 3100 S (SB)","stop_id":"12798"},"type":"Feature"},{"geometry":{"coordinates":[-111.89649,40.99543],"type":"Point"},"properties":{"kind":"stop","name":"Main St / 900 N (SB)","stop_id":"12800"},"type":"Feature"},{"geometry":{"coordinates":[-111.89341,40.99098],"type":"Point"},"properties":{"kind":"stop","name":"Main St / Park Ln (SB)","stop_id":"12802"},"type":"Feature"},{"geometry":{"coordinates":[-111.88759,40.98839],"type":"Point"},"properties":{"kind":"stop","name":"Main St / 500 N (SB)","stop_id":"12804"},"type":"Feature"},{"geometry":{"coordinates":[-111.88762,40.98555],"type":"Point"},"properties":{"kind":"stop","name":"Main St / 300 N (SB)","stop_id":"12806"},"type":"Feature"},{"geometry":{"coordinates":[-111.88761,40.98229],"type":"Point"},"properties":{"kind":"stop","name":"Main St / 100 N (SB)","stop_id":"12808"},"type":"Feature"},{"geometry":{"coordinates":[-111.88333,40.97731],"type":"Point"},"properties":{"kind":"stop","name":"200 E / 200 S (SB)","stop_id":"12810"},"type":"Feature"},{"geometry":{"coordinates":[-111.88337,40.97444],"type":"Point"},"properties":{"kind":"stop","name":"200 E / Oak Ln (SB)","stop_id":"12811"},"type":"Feature"},{"geometry":{"coordinates":[-111.8834,40.97268],"type":"Point"},"properties":{"kind":"stop","name":"200 E / Woodland Dr (SB)","stop_id":"12812"},"type":"Feature"},{"geometry":{"coordinates":[-111.88339,40.97116],"type":"Point"},"properties":{"kind":"stop","name":"200 E / Continental Dr (SB)","stop_id":"12813"},"type":"Feature"},{"geometry":{"coordinates":[-111.88343,40.96927],"type":"Point"},"properties":{"kind":"stop","name":"200 E / 700 S (SB)","stop_id":"12814"},"type":"Feature"},{"geometry":{"coordinates":[-111.87228,40.91104],"type":"Point"},"properties":{"kind":"stop","name":"400 E / 550 S (NB)","stop_id":"12817"},"type":"Feature"},{"geometry":{"coordinates":[-111.87222,40.91611],"type":"Point"},"properties":{"kind":"stop","name":"400 E / 100 S (NB)","stop_id":"12819"},"type":"Feature"},{"geometry":{"coordinates":[-111.87221,40.91838],"type":"Point"},"properties":{"kind":"stop","name":"400 E / 100 N (NB)","stop_id":"12820"},"type":"Feature"},{"geometry":{"coordinates":[-111.87219,40.91961],"type":"Point"},"properties":{"kind":"stop","name":"400 E / Fairview Rd (NB)","stop_id":"12821"},"type":"Feature"},{"geometry":{"coordinates":[-111.87218,40.92115],"type":"Point"},"properties":{"kind":"stop","name":"400 E / Parrish Ln (NB)","stop_id":"12822"},"type":"Feature"},{"geometry":{"coordinates":[-111.87224,40.92414],"type":"Point"},"properties":{"kind":"stop","name":"400 E / London Rd (NB)","stop_id":"12823"},"type":"Feature"},{"geometry":{"coordinates":[-111.87267,40.92616],"type":"Point"},"properties":{"kind":"stop","name":"400 E / Linda Loma Dr (NB)","stop_id":"12824"},"type":"Feature"},{"geometry":{"coordinates":[-111.87399,40.92896],"type":"Point"},"properties":{"kind":"stop","name":"400 E / Chase Ln (NB)","stop_id":"12825"},"type":"Feature"},{"geometry":{"coordinates":[-111.87581,40.92916],"type":"Point"},"properties":{"kind":"stop","name":"Chase Ln / Wilmar Pl (WB)","stop_id":"12826"},"type":"Feature"},{"geometry":{"coordinates":[-111.87862,40.92915],"type":"Point"},"properties":{"kind":"stop","name":"Chase Ln / Main St (WB) (Centervill","stop_id":"12827"},"type":"Feature"},{"geometry":{"coordinates":[-111.87887,40.93189],"type":"Point"},"properties":{"kind":"stop","name":"Main St / Barnard St (NB)","stop_id":"12829"},"type":"Feature"},{"geometry":{"coordinates":[-111.87885,40.93335],"type":"Point"},"properties":{"kind":"stop","name":"Main St / Casa Loma Dr (NB)","stop_id":"12830"},"type":"Feature"},{"geometry":{"coordinates":[-111.87887,40.93564],"type":"Point"},"properties":{"kind":"stop","name":"Main St / Peachtree Dr (NB)","stop_id":"12831"},"type":"Feature"},{"geometry":{"coordinates":[-111.87901,40.93713],"type":"Point"},"properties":{"kind":"stop","name":"Main St / 1450 N (NB)","stop_id":"12832"},"type":"Feature"},{"geometry":{"coordinates":[-111.87973,40.94031],"type":"Point"},"properties":{"kind":"stop","name":"Main St / Ricks Creek Way (NB)","stop_id":"12834"},"type":"Feature"},{"geometry":{"coordinates":[-111.88005,40.94198],"type":"Point"},"properties":{"kind":"stop","name":"Main St / Jennings Ln (NB)","stop_id":"12835"},"type":"Feature"},{"geometry":{"coordinates":[-111.88051,40.94353],"type":"Point"},"properties":{"kind":"stop","name":"Main St / 1750 N (NB)","stop_id":"12836"},"type":"Feature"},{"geometry":{"coordinates":[-111.8813,40.94624],"type":"Point"},"properties":{"kind":"stop","name":"Main St / 1950 N (NB)","stop_id":"12837"},"type":"Feature"},{"geometry":{"coordinates":[-111.88315,40.95185],"type":"Point"},"properties":{"kind":"stop","name":"Main St / 2150 N (NB)","stop_id":"12839"},"type":"Feature"},{"geometry":{"coordinates":[-111.88325,40.95756],"type":"Point"},"properties":{"kind":"stop","name":"200 E / 1420 S (NB)","stop_id":"12840"},"type":"Feature"},{"geometry":{"coordinates":[-111.88325,40.96019],"type":"Point"},"properties":{"kind":"stop","name":"200 E 1235 S (NB)","stop_id":"12842"},"type":"Feature"},{"geometry":{"coordinates":[-111.88325,40.96558],"type":"Point"},"properties":{"kind":"stop","name":"200 E / Glovers Ln (NB)","stop_id":"12844"},"type":"Feature"},{"geometry":{"coordinates":[-111.88325,40.96886],"type":"Point"},"properties":{"kind":"stop","name":"200 E / 700 S (NB)","stop_id":"12846"},"type":"Feature"},{"geometry":{"coordinates":[-111.8962,40.85082],"type":"Point"},"properties":{"kind":"stop","name":"Orchard Dr / 3600 S (SB)","stop_id":"12847"},"type":"Feature"},{"geometry":{"coordinates":[-111.89975,40.84652],"type":"Point"},"properties":{"kind":"stop","name":"Orchard Dr / Oakleaf Ln (SB)","stop_id":"12851"},"type":"Feature"},{"geometry":{"coordinates":[-111.90205,40.84468],"type":"Point"},"properties":{"kind":"stop","name":"Orchard Dr / Sider Dr (SB)","stop_id":"12852"},"type":"Feature"},{"geometry":{"coordinates":[-111.90332,40.84363],"type":"Point"},"properties":{"kind":"stop","name":"Orchard Dr / Odell Ln (SB)","stop_id":"12853"},"type":"Feature"},{"geometry":{"coordinates":[-111.90534,40.84203],"type":"Point"},"properties":{"kind":"stop","name":"Orchard Dr / Center St (SB) (N. Sal","stop_id":"12854"},"type":"Feature"},{"geometry":{"coordinates":[-111.91164,40.8394],"type":"Point"},"properties":{"kind":"stop","name":"US-89 / North Salt Lake Main St (SB","stop_id":"12857"},"type":"Feature"},{"geometry":{"coordinates":[-111.91319,40.8366],"type":"Point"},"properties":{"kind":"stop","name":"US-89 / Eagleridge Dr (SB) (N. Salt","stop_id":"12858"},"type":"Feature"},{"geometry":{"coordinates":[-111.9007,40.78916],"type":"Point"},"properties":{"kind":"stop","name":"Beck St / 900 N (SB)","stop_id":"12863"},"type":"Feature"},{"geometry":{"coordinates":[-112.01181,41.08921],"type":"Point"},"properties":{"kind":"stop","name":"Antelope Dr / Demetro Dr (WB)","stop_id":"12867"},"type":"Feature"},{"geometry":{"coordinates":[-112.02284,41.08933],"type":"Point"},"properties":{"kind":"stop","name":"Antelope Dr / 200 E (WB)","stop_id":"12868"},"type":"Feature"},{"geometry":{"coordinates":[-112.02689,41.08933],"type":"Point"},"properties":{"kind":"stop","name":"Antelope Dr / Main St (WB)","stop_id":"12869"},"type":"Feature"},{"geometry":{"coordinates":[-112.0374,41.08928],"type":"Point"},"properties":{"kind":"stop","name":"Antelope Dr / 600 W (WB)","stop_id":"12872"},"type":"Feature"},{"geometry":{"coordinates":[-112.04591,41.08927],"type":"Point"},"properties":{"kind":"stop","name":"Antelope Dr / 1000 W (WB)","stop_id":"12873"},"type":"Feature"},{"geometry":{"coordinates":[-112.04846,41.08919],"type":"Point"},"properties":{"kind":"stop","name":"Antelope Dr / 1100 W (WB)","stop_id":"12874"},"type":"Feature"},{"geometry":{"coordinates":[-112.05187,41.08919],"type":"Point"},"properties":{"kind":"stop","name":"Antelope Dr / 1350 W (WB)","stop_id":"12875"},"type":"Feature"},{"geometry":{"coordinates":[-112.06454,41.09439],"type":"Point"},"properties":{"kind":"stop","name":"2000 W / 1350 S (NB)","stop_id":"12878"},"type":"Feature"},{"geometry":{"coordinates":[-112.06445,41.11214],"type":"Point"},"properties":{"kind":"stop","name":"2000 W / SR-193 (NB)","stop_id":"12882"},"type":"Feature"},{"geometry":{"coordinates":[-112.06468,41.11004],"type":"Point"},"properties":{"kind":"stop","name":"2000 W / SR-193 (SB)","stop_id":"12900"},"type":"Feature"},{"geometry":{"coordinates":[-112.06475,41.1033],"type":"Point"},"properties":{"kind":"stop","name":"2000 W / 700 S (SB)","stop_id":"12901"},"type":"Feature"},{"geometry":{"coordinates":[-112.06471,41.09849],"type":"Point"},"properties":{"kind":"stop","name":"2000 W / 1100 S (SB)","stop_id":"12902"},"type":"Feature"},{"geometry":{"coordinates":[-112.06486,41.0966],"type":"Point"},"properties":{"kind":"stop","name":"2000 W / 1175 S (SB)","stop_id":"12903"},"type":"Feature"},{"geometry":{"coordinates":[-112.05903,41.08896],"type":"Point"},"properties":{"kind":"stop","name":"Antelope Dr / 1700 W (EB)","stop_id":"12906"},"type":"Feature"},{"geometry":{"coordinates":[-112.04846,41.08896],"type":"Point"},"properties":{"kind":"stop","name":"Antelope Dr / 1100 W (EB)","stop_id":"12909"},"type":"Feature"},{"geometry":{"coordinates":[-112.04394,41.08904],"type":"Point"},"properties":{"kind":"stop","name":"Antelope Dr / 1000 W (EB)","stop_id":"12910"},"type":"Feature"},{"geometry":{"coordinates":[-112.03501,41.0891],"type":"Point"},"properties":{"kind":"stop","name":"Antelope Dr / 500 W (EB)","stop_id":"12912"},"type":"Feature"},{"geometry":{"coordinates":[-112.03021,41.08911],"type":"Point"},"properties":{"kind":"stop","name":"Antelope Dr / 300 W (EB)","stop_id":"12913"},"type":"Feature"},{"geometry":{"coordinates":[-112.02701,41.0891],"type":"Point"},"properties":{"kind":"stop","name":"Antelope Dr / Main St (EB)","stop_id":"12914"},"type":"Feature"},{"geometry":{"coordinates":[-112.02333,41.0891],"type":"Point"},"properties":{"kind":"stop","name":"Antelope Dr / 200 E (EB)","stop_id":"12915"},"type":"Feature"},{"geometry":{"coordinates":[-112.00642,41.08903],"type":"Point"},"properties":{"kind":"stop","name":"Antelope Dr / 2200 W (EB) (Layton)","stop_id":"12917"},"type":"Feature"},{"geometry":{"coordinates":[-111.97961,41.08712],"type":"Point"},"properties":{"kind":"stop","name":"700 W / 1875 N (SB)","stop_id":"12927"},"type":"Feature"},{"geometry":{"coordinates":[-111.98529,41.07959],"type":"Point"},"properties":{"kind":"stop","name":"Midtown Crossing / 1100 W (WB)","stop_id":"12931"},"type":"Feature"},{"geometry":{"coordinates":[-111.97363,41.08015],"type":"Point"},"properties":{"kind":"stop","name":"Hill Field Rd / 1350 N (SB)","stop_id":"12933"},"type":"Feature"},{"geometry":{"coordinates":[-111.97334,41.08026],"type":"Point"},"properties":{"kind":"stop","name":"Hill Field Rd / 1350 N (NB)","stop_id":"12934"},"type":"Feature"},{"geometry":{"coordinates":[-111.97932,41.0806],"type":"Point"},"properties":{"kind":"stop","name":"1425 N / Layton Hills Pkwy (EB)","stop_id":"12937"},"type":"Feature"},{"geometry":{"coordinates":[-111.98777,41.07287],"type":"Point"},"properties":{"kind":"stop","name":"1200 W / 900 N (NB)","stop_id":"12938"},"type":"Feature"},{"geometry":{"coordinates":[-111.97948,41.08494],"type":"Point"},"properties":{"kind":"stop","name":"700 W / 1725 N (NB)","stop_id":"12940"},"type":"Feature"},{"geometry":{"coordinates":[-111.97945,41.08709],"type":"Point"},"properties":{"kind":"stop","name":"700 W / 1875 N (NB)","stop_id":"12942"},"type":"Feature"},{"geometry":{"coordinates":[-111.83055,40.75122],"type":"Point"},"properties":{"kind":"stop","name":"Foothill Dr / Sunnyside Ave (NB)","stop_id":"12945"},"type":"Feature"},{"geometry":{"coordinates":[-111.81429,40.69974],"type":"Point"},"properties":{"kind":"stop","name":"3300 S / 2700 E (EB)","stop_id":"12946"},"type":"Feature"},{"geometry":{"coordinates":[-111.81207,40.69974],"type":"Point"},"properties":{"kind":"stop","name":"3300 S / 2800 E (EB)","stop_id":"12947"},"type":"Feature"},{"geometry":{"coordinates":[-111.80976,40.69974],"type":"Point"},"properties":{"kind":"stop","name":"3300 S / 2940 E (EB)","stop_id":"12948"},"type":"Feature"},{"geometry":{"coordinates":[-111.80785,40.69972],"type":"Point"},"properties":{"kind":"stop","name":"3300 S / 3010 E (EB)","stop_id":"12949"},"type":"Feature"},{"geometry":{"coordinates":[-111.80498,40.69973],"type":"Point"},"properties":{"kind":"stop","name":"3300 S / Metropolitan Way (EB)","stop_id":"12950"},"type":"Feature"},{"geometry":{"coordinates":[-111.80388,40.69973],"type":"Point"},"properties":{"kind":"stop","name":"3300 S / 3175 E (EB)","stop_id":"12951"},"type":"Feature"},{"geometry":{"coordinates":[-111.7293,40.35012],"type":"Point"},"properties":{"kind":"stop","name":"State St / 600 N (NB)","stop_id":"12952"},"type":"Feature"},{"geometry":{"coordinates":[-111.83356,40.75465],"type":"Point"},"properties":{"kind":"stop","name":"Foothill Dr / Wakara Way (SB)","stop_id":"12953"},"type":"Feature"},{"geometry":{"coordinates":[-111.83075,40.72812],"type":"Point"},"properties":{"kind":"stop","name":"2100 E / Hollywood Ave (NB)","stop_id":"12954"},"type":"Feature"},{"geometry":{"coordinates":[-111.83073,40.73117],"type":"Point"},"properties":{"kind":"stop","name":"2100 E / Wilson Ave (NB)","stop_id":"12956"},"type":"Feature"},{"geometry":{"coordinates":[-111.83072,40.73338],"type":"Point"},"properties":{"kind":"stop","name":"2100 E / 1700 S (NB)","stop_id":"12957"},"type":"Feature"},{"geometry":{"coordinates":[-111.83071,40.73591],"type":"Point"},"properties":{"kind":"stop","name":"2100 E / Bryan Ave (NB)","stop_id":"12958"},"type":"Feature"},{"geometry":{"coordinates":[-111.82945,40.71264],"type":"Point"},"properties":{"kind":"stop","name":"Connor St / 2700 S (NB)","stop_id":"12980"},"type":"Feature"},{"geometry":{"coordinates":[-111.90554,40.51787],"type":"Point"},"properties":{"kind":"stop","name":"Frontrunner Blvd / 12900 S (NB)","stop_id":"12982"},"type":"Feature"},{"geometry":{"coordinates":[-111.89408,40.771],"type":"Point"},"properties":{"kind":"stop","name":"West Temple / North Temple (SB)","stop_id":"12988"},"type":"Feature"},{"geometry":{"coordinates":[-111.8941,40.76246],"type":"Point"},"properties":{"kind":"stop","name":"West Temple / Broadway (SB)","stop_id":"12989"},"type":"Feature"},{"geometry":{"coordinates":[-111.83494,40.75992],"type":"Point"},"properties":{"kind":"stop","name":"Mario Capecchi / Research Rd (SB)","stop_id":"13003"},"type":"Feature"},{"geometry":{"coordinates":[-111.8307,40.73905],"type":"Point"},"properties":{"kind":"stop","name":"2100 E / St. Mary's Dr (NB)","stop_id":"13005"},"type":"Feature"},{"geometry":{"coordinates":[-111.83068,40.7421],"type":"Point"},"properties":{"kind":"stop","name":"2100 E / 1300 S (NB)","stop_id":"13006"},"type":"Feature"},{"geometry":{"coordinates":[-111.83061,40.74442],"type":"Point"},"properties":{"kind":"stop","name":"2100 E / Laird Ave (NB)","stop_id":"13007"},"type":"Feature"},{"geometry":{"coordinates":[-111.83392,40.75566],"type":"Point"},"properties":{"kind":"stop","name":"Foothill Dr / Wakara Way (NB)","stop_id":"13009"},"type":"Feature"},{"geometry":{"coordinates":[-111.83483,40.75845],"type":"Point"},"properties":{"kind":"stop","name":"Mario Capecchi Dr / Pollock Rd (NB)","stop_id":"13010"},"type":"Feature"},{"geometry":{"coordinates":[-111.83469,40.75991],"type":"Point"},"properties":{"kind":"stop","name":"Mario Capecchi / Research Rd (NB)","stop_id":"13011"},"type":"Feature"},{"geometry":{"coordinates":[-111.84679,40.76051],"type":"Point"},"properties":{"kind":"stop","name":"U Social Work Building (WB)","stop_id":"13014"},"type":"Feature"},{"geometry":{"coordinates":[-111.89384,40.7699],"type":"Point"},"properties":{"kind":"stop","name":"West Temple & South Temple (NB)","stop_id":"13027"},"type":"Feature"},{"geometry":{"coordinates":[-111.83128,40.75157],"type":"Point"},"properties":{"kind":"stop","name":"Foothill Dr / Sunnyside Ave (SB)","stop_id":"13028"},"type":"Feature"},{"geometry":{"coordinates":[-111.83076,40.74889],"type":"Point"},"properties":{"kind":"stop","name":"Foothill Dr / Hubbard Ave (SB)","stop_id":"13029"},"type":"Feature"},{"geometry":{"coordinates":[-111.83082,40.74394],"type":"Point"},"properties":{"kind":"stop","name":"2100 E / Laird Ave (SB)","stop_id":"13031"},"type":"Feature"},{"geometry":{"coordinates":[-111.83087,40.74179],"type":"Point"},"properties":{"kind":"stop","name":"2100 E / 1300 S (SB)","stop_id":"13032"},"type":"Feature"},{"geometry":{"coordinates":[-111.83088,40.7386],"type":"Point"},"properties":{"kind":"stop","name":"2100 E / St. Mary's Dr (SB)","stop_id":"13033"},"type":"Feature"},{"geometry":{"coordinates":[-111.83088,40.73548],"type":"Point"},"properties":{"kind":"stop","name":"2100 E / Bryan Ave (SB)","stop_id":"13035"},"type":"Feature"},{"geometry":{"coordinates":[-111.83087,40.73377],"type":"Point"},"properties":{"kind":"stop","name":"2100 E / 1700 S (SB)","stop_id":"13036"},"type":"Feature"},{"geometry":{"coordinates":[-111.83088,40.73104],"type":"Point"},"properties":{"kind":"stop","name":"2100 E / Wilson Ave (SB)","stop_id":"13037"},"type":"Feature"},{"geometry":{"coordinates":[-111.8309,40.72825],"type":"Point"},"properties":{"kind":"stop","name":"2100 E / Hollywood Ave (SB)","stop_id":"13039"},"type":"Feature"},{"geometry":{"coordinates":[-111.8296,40.71214],"type":"Point"},"properties":{"kind":"stop","name":"Connor St / 2700 S (SB)","stop_id":"13047"},"type":"Feature"},{"geometry":{"coordinates":[-111.82028,40.7333],"type":"Point"},"properties":{"kind":"stop","name":"Foothill Dr / 1700 S (SB)","stop_id":"13064"},"type":"Feature"},{"geometry":{"coordinates":[-111.81534,40.72628],"type":"Point"},"properties":{"kind":"stop","name":"Foothill Dr / 2100 S (SB)","stop_id":"13066"},"type":"Feature"},{"geometry":{"coordinates":[-111.81203,40.72148],"type":"Point"},"properties":{"kind":"stop","name":"Foothill Dr / Thunderbird Dr (SB)","stop_id":"13068"},"type":"Feature"},{"geometry":{"coordinates":[-111.81223,40.72229],"type":"Point"},"properties":{"kind":"stop","name":"Foothill Dr / Thunderbird Dr (NB)","stop_id":"13081"},"type":"Feature"},{"geometry":{"coordinates":[-111.81825,40.7311],"type":"Point"},"properties":{"kind":"stop","name":"Foothill Dr / Laurelhurst Dr (NB)","stop_id":"13084"},"type":"Feature"},{"geometry":{"coordinates":[-111.81975,40.73311],"type":"Point"},"properties":{"kind":"stop","name":"Foothill Dr / 1700 S (NB)","stop_id":"13085"},"type":"Feature"},{"geometry":{"coordinates":[-111.88844,40.76204],"type":"Point"},"properties":{"kind":"stop","name":"State St / 300 S (SB)","stop_id":"13091"},"type":"Feature"},{"geometry":{"coordinates":[-111.82451,40.75681],"type":"Point"},"properties":{"kind":"stop","name":"Chipeta Way / Colorow Way (NB)","stop_id":"13092"},"type":"Feature"},{"geometry":{"coordinates":[-111.82873,40.75952],"type":"Point"},"properties":{"kind":"stop","name":"Wakara Way / 400 S (WB)","stop_id":"13093"},"type":"Feature"},{"geometry":{"coordinates":[-111.83059,40.75765],"type":"Point"},"properties":{"kind":"stop","name":"Wakara Way / Arapeen Dr (WB)","stop_id":"13094"},"type":"Feature"},{"geometry":{"coordinates":[-111.88807,40.76356],"type":"Point"},"properties":{"kind":"stop","name":"State St / 300 S (NB)","stop_id":"13095"},"type":"Feature"},{"geometry":{"coordinates":[-111.87048,40.76928],"type":"Point"},"properties":{"kind":"stop","name":"South Temple / 700 E / J St (EB)","stop_id":"13096"},"type":"Feature"},{"geometry":{"coordinates":[-111.84245,40.77248],"type":"Point"},"properties":{"kind":"stop","name":"North Campus / Federal Heights (WB)","stop_id":"13100"},"type":"Feature"},{"geometry":{"coordinates":[-111.82677,40.76121],"type":"Point"},"properties":{"kind":"stop","name":"Wakara Way / Chipeta Dr (EB)","stop_id":"13101"},"type":"Feature"},{"geometry":{"coordinates":[-111.82552,40.76028],"type":"Point"},"properties":{"kind":"stop","name":"Chipeta Way / 450 S (SB)","stop_id":"13102"},"type":"Feature"},{"geometry":{"coordinates":[-111.82431,40.75903],"type":"Point"},"properties":{"kind":"stop","name":"Chipeta Way / Tabby Ln (SB)","stop_id":"13103"},"type":"Feature"},{"geometry":{"coordinates":[-111.82491,40.75679],"type":"Point"},"properties":{"kind":"stop","name":"Chipeta Way / Colorow Way (SB)","stop_id":"13104"},"type":"Feature"},{"geometry":{"coordinates":[-111.89149,40.76501],"type":"Point"},"properties":{"kind":"stop","name":"200 S / Main St (EB)","stop_id":"13105"},"type":"Feature"},{"geometry":{"coordinates":[-111.85401,40.75218],"type":"Point"},"properties":{"kind":"stop","name":"1300 E / 800 S (SB)","stop_id":"13116"},"type":"Feature"},{"geometry":{"coordinates":[-111.85108,40.74967],"type":"Point"},"properties":{"kind":"stop","name":"900 S / 1400 E (EB)","stop_id":"13117"},"type":"Feature"},{"geometry":{"coordinates":[-111.84751,40.74974],"type":"Point"},"properties":{"kind":"stop","name":"900 S / 1500 E (EB)","stop_id":"13118"},"type":"Feature"},{"geometry":{"coordinates":[-111.83658,40.74796],"type":"Point"},"properties":{"kind":"stop","name":"1900 E / Michigan Ave (SB)","stop_id":"13123"},"type":"Feature"},{"geometry":{"coordinates":[-111.83658,40.74618],"type":"Point"},"properties":{"kind":"stop","name":"1900 E / Herbert Ave (SB)","stop_id":"13124"},"type":"Feature"},{"geometry":{"coordinates":[-111.83658,40.7435],"type":"Point"},"properties":{"kind":"stop","name":"1900 E / Princeton Ave (SB)","stop_id":"13125"},"type":"Feature"},{"geometry":{"coordinates":[-111.83658,40.7422],"type":"Point"},"properties":{"kind":"stop","name":"1900 E / 1300 S (SB)","stop_id":"13126"},"type":"Feature"},{"geometry":{"coordinates":[-111.82466,40.73838],"type":"Point"},"properties":{"kind":"stop","name":"Foothill Dr / 2300 E (SB)","stop_id":"13146"},"type":"Feature"},{"geometry":{"coordinates":[-111.82334,40.73685],"type":"Point"},"properties":{"kind":"stop","name":"Foothill Dr / Kensington Ave (SB)","stop_id":"13147"},"type":"Feature"},{"geometry":{"coordinates":[-111.90372,40.50668],"type":"Point"},"properties":{"kind":"stop","name":"Vista Station Blvd / 13490 S (SB)","stop_id":"13156"},"type":"Feature"},{"geometry":{"coordinates":[-111.79485,40.69793],"type":"Point"},"properties":{"kind":"stop","name":"Wasatch Blvd / Eastwood Dr (NB)","stop_id":"13165"},"type":"Feature"},{"geometry":{"coordinates":[-111.85224,40.76127],"type":"Point"},"properties":{"kind":"stop","name":"Stadium Station (NB)","stop_id":"13173"},"type":"Feature"},{"geometry":{"coordinates":[-111.85227,40.76425],"type":"Point"},"properties":{"kind":"stop","name":"U Presidents' Circle (NB Stop D)","stop_id":"13175"},"type":"Feature"},{"geometry":{"coordinates":[-111.88092,40.76943],"type":"Point"},"properties":{"kind":"stop","name":"South Temple / 400 E / C St (WB)","stop_id":"13179"},"type":"Feature"},{"geometry":{"coordinates":[-111.88841,40.77064],"type":"Point"},"properties":{"kind":"stop","name":"State St / 1st Ave (SB)","stop_id":"13182"},"type":"Feature"},{"geometry":{"coordinates":[-111.82233,40.73613],"type":"Point"},"properties":{"kind":"stop","name":"Foothill Dr / Kensington Ave (NB)","stop_id":"13183"},"type":"Feature"},{"geometry":{"coordinates":[-111.8246,40.73877],"type":"Point"},"properties":{"kind":"stop","name":"Foothill Dr / 2300 E (NB)","stop_id":"13184"},"type":"Feature"},{"geometry":{"coordinates":[-111.8297,40.75068],"type":"Point"},"properties":{"kind":"stop","name":"Sunnyside Ave / Connor St (WB)","stop_id":"13186"},"type":"Feature"},{"geometry":{"coordinates":[-111.82655,40.75343],"type":"Point"},"properties":{"kind":"stop","name":"Arapeen Dr / Komas Dr (NB)","stop_id":"13187"},"type":"Feature"},{"geometry":{"coordinates":[-111.82656,40.75531],"type":"Point"},"properties":{"kind":"stop","name":"Arapeen Dr / Chipeta Way (NB)","stop_id":"13188"},"type":"Feature"},{"geometry":{"coordinates":[-111.82429,40.75935],"type":"Point"},"properties":{"kind":"stop","name":"Chipeta Way / Tabby Ln (NB)","stop_id":"13189"},"type":"Feature"},{"geometry":{"coordinates":[-111.82572,40.7608],"type":"Point"},"properties":{"kind":"stop","name":"Chipeta Way / 450 S (NB)","stop_id":"13190"},"type":"Feature"},{"geometry":{"coordinates":[-111.82705,40.76129],"type":"Point"},"properties":{"kind":"stop","name":"Wakara Way / Chipeta Way (WB)","stop_id":"13191"},"type":"Feature"},{"geometry":{"coordinates":[-111.88806,40.76814],"type":"Point"},"properties":{"kind":"stop","name":"State St / 50 S (NB)","stop_id":"13192"},"type":"Feature"},{"geometry":{"coordinates":[-111.84219,40.77253],"type":"Point"},"properties":{"kind":"stop","name":"North Campus / Federal Heights (EB)","stop_id":"13194"},"type":"Feature"},{"geometry":{"coordinates":[-111.83041,40.75748],"type":"Point"},"properties":{"kind":"stop","name":"Wakara Way / Arapeen Dr (EB)","stop_id":"13198"},"type":"Feature"},{"geometry":{"coordinates":[-111.82855,40.75932],"type":"Point"},"properties":{"kind":"stop","name":"Wakara Way / 400 S (EB)","stop_id":"13199"},"type":"Feature"},{"geometry":{"coordinates":[-111.83046,40.74781],"type":"Point"},"properties":{"kind":"stop","name":"Foothill Dr / Michigan Ave (NB)","stop_id":"13201"},"type":"Feature"},{"geometry":{"coordinates":[-111.82781,40.742],"type":"Point"},"properties":{"kind":"stop","name":"Foothill Dr / 1300 S (SB)","stop_id":"13203"},"type":"Feature"},{"geometry":{"coordinates":[-111.98526,41.07942],"type":"Point"},"properties":{"kind":"stop","name":"Midtown Crossing  / 1100 W (EB)","stop_id":"13206"},"type":"Feature"},{"geometry":{"coordinates":[-111.9395,40.77585],"type":"Point"},"properties":{"kind":"stop","name":"Redwood Rd / 300 N (SB)","stop_id":"13212"},"type":"Feature"},{"geometry":{"coordinates":[-111.84205,40.71314],"type":"Point"},"properties":{"kind":"stop","name":"1700 E / 2700 S (NB)","stop_id":"13219"},"type":"Feature"},{"geometry":{"coordinates":[-111.83647,40.74207],"type":"Point"},"properties":{"kind":"stop","name":"1900 E / 1300 S (NB)","stop_id":"13235"},"type":"Feature"},{"geometry":{"coordinates":[-111.83647,40.74448],"type":"Point"},"properties":{"kind":"stop","name":"1900 E / Harvard Ave (NB)","stop_id":"13236"},"type":"Feature"},{"geometry":{"coordinates":[-111.83647,40.74594],"type":"Point"},"properties":{"kind":"stop","name":"1900 E / Herbert Ave (NB)","stop_id":"13237"},"type":"Feature"},{"geometry":{"coordinates":[-111.83647,40.74765],"type":"Point"},"properties":{"kind":"stop","name":"1900 E / Michigan Ave (NB)","stop_id":"13238"},"type":"Feature"},{"geometry":{"coordinates":[-111.8485,40.74986],"type":"Point"},"properties":{"kind":"stop","name":"900 S / Amanda Ave (WB)","stop_id":"13243"},"type":"Feature"},{"geometry":{"coordinates":[-111.85097,40.74978],"type":"Point"},"properties":{"kind":"stop","name":"900 S / 1400 E (WB)","stop_id":"13244"},"type":"Feature"},{"geometry":{"coordinates":[-111.85371,40.75778],"type":"Point"},"properties":{"kind":"stop","name":"1300 E / 500 S (NB)","stop_id":"13247"},"type":"Feature"},{"geometry":{"coordinates":[-111.89205,40.76512],"type":"Point"},"properties":{"kind":"stop","name":"200 S / Main St (WB)","stop_id":"13257"},"type":"Feature"},{"geometry":{"coordinates":[-111.85396,40.74587],"type":"Point"},"properties":{"kind":"stop","name":"1300 E / Yale Ave (SB)","stop_id":"13259"},"type":"Feature"},{"geometry":{"coordinates":[-111.85396,40.74048],"type":"Point"},"properties":{"kind":"stop","name":"1300 E / Sherman Ave (SB)","stop_id":"13262"},"type":"Feature"},{"geometry":{"coordinates":[-111.8539,40.73915],"type":"Point"},"properties":{"kind":"stop","name":"1300 E / Browning Ave (SB)","stop_id":"13263"},"type":"Feature"},{"geometry":{"coordinates":[-111.8539,40.73614],"type":"Point"},"properties":{"kind":"stop","name":"1300 E / Kensington Ave (SB)","stop_id":"13265"},"type":"Feature"},{"geometry":{"coordinates":[-111.85391,40.73301],"type":"Point"},"properties":{"kind":"stop","name":"1300 E / 1700 S (SB)","stop_id":"13266"},"type":"Feature"},{"geometry":{"coordinates":[-111.85392,40.73169],"type":"Point"},"properties":{"kind":"stop","name":"1300 E / Wilson Ave (SB)","stop_id":"13267"},"type":"Feature"},{"geometry":{"coordinates":[-111.85399,40.7294],"type":"Point"},"properties":{"kind":"stop","name":"1300 E / Westminster Ave (SB)","stop_id":"13269"},"type":"Feature"},{"geometry":{"coordinates":[-111.85386,40.72343],"type":"Point"},"properties":{"kind":"stop","name":"1300 E / Wilmington Ave (SB)","stop_id":"13271"},"type":"Feature"},{"geometry":{"coordinates":[-111.85366,40.71577],"type":"Point"},"properties":{"kind":"stop","name":"1300 E / Stratford Ave (SB)","stop_id":"13272"},"type":"Feature"},{"geometry":{"coordinates":[-111.84222,40.71307],"type":"Point"},"properties":{"kind":"stop","name":"1700 E / 2700 S (SB)","stop_id":"13279"},"type":"Feature"},{"geometry":{"coordinates":[-111.85134,40.70002],"type":"Point"},"properties":{"kind":"stop","name":"3300 S / Highland Dr (WB)","stop_id":"13288"},"type":"Feature"},{"geometry":{"coordinates":[-111.8555,40.70763],"type":"Point"},"properties":{"kind":"stop","name":"Richmond St / Zenith Ave (SB)","stop_id":"13292"},"type":"Feature"},{"geometry":{"coordinates":[-111.85547,40.70558],"type":"Point"},"properties":{"kind":"stop","name":"Richmond St / Elgin Ave (SB)","stop_id":"13293"},"type":"Feature"},{"geometry":{"coordinates":[-111.85523,40.703],"type":"Point"},"properties":{"kind":"stop","name":"1300 E / Miller Ave (SB)","stop_id":"13294"},"type":"Feature"},{"geometry":{"coordinates":[-111.85414,40.69714],"type":"Point"},"properties":{"kind":"stop","name":"1300 E / Lavon Dr (SB)","stop_id":"13295"},"type":"Feature"},{"geometry":{"coordinates":[-111.85416,40.6952],"type":"Point"},"properties":{"kind":"stop","name":"1300 E / Lorraine Dr (SB)","stop_id":"13296"},"type":"Feature"},{"geometry":{"coordinates":[-111.85419,40.6933],"type":"Point"},"properties":{"kind":"stop","name":"1300 E / Brookshire Dr (SB)","stop_id":"13297"},"type":"Feature"},{"geometry":{"coordinates":[-111.85418,40.69214],"type":"Point"},"properties":{"kind":"stop","name":"1300 E / Murphys Ln (SB)","stop_id":"13298"},"type":"Feature"},{"geometry":{"coordinates":[-111.85422,40.68956],"type":"Point"},"properties":{"kind":"stop","name":"1300 E / Mariposa Ave (SB)","stop_id":"13300"},"type":"Feature"},{"geometry":{"coordinates":[-111.85421,40.68826],"type":"Point"},"properties":{"kind":"stop","name":"1300 E / 3825 S (SB)","stop_id":"13301"},"type":"Feature"},{"geometry":{"coordinates":[-111.8542,40.68463],"type":"Point"},"properties":{"kind":"stop","name":"1300 E / 4000 S (SB)","stop_id":"13302"},"type":"Feature"},{"geometry":{"coordinates":[-111.8542,40.68296],"type":"Point"},"properties":{"kind":"stop","name":"1300 E / 4085 S (SB)","stop_id":"13303"},"type":"Feature"},{"geometry":{"coordinates":[-111.85423,40.68111],"type":"Point"},"properties":{"kind":"stop","name":"1300 E / 4170 S (SB)","stop_id":"13304"},"type":"Feature"},{"geometry":{"coordinates":[-111.8542,40.6796],"type":"Point"},"properties":{"kind":"stop","name":"1300 E / Parkcrest Cir (SB)","stop_id":"13305"},"type":"Feature"},{"geometry":{"coordinates":[-111.85423,40.67665],"type":"Point"},"properties":{"kind":"stop","name":"1300 E / Royal Troon Dr (SB)","stop_id":"13306"},"type":"Feature"},{"geometry":{"coordinates":[-111.85427,40.67274],"type":"Point"},"properties":{"kind":"stop","name":"1300 E / 4550 S (SB)","stop_id":"13307"},"type":"Feature"},{"geometry":{"coordinates":[-111.85428,40.67071],"type":"Point"},"properties":{"kind":"stop","name":"1300 E / College St (SB)","stop_id":"13308"},"type":"Feature"},{"geometry":{"coordinates":[-111.8543,40.66933],"type":"Point"},"properties":{"kind":"stop","name":"1300 E / Stillwood Dr (SB)","stop_id":"13309"},"type":"Feature"},{"geometry":{"coordinates":[-111.85445,40.66684],"type":"Point"},"properties":{"kind":"stop","name":"1300 E / Bonner Way (SB)","stop_id":"13310"},"type":"Feature"},{"geometry":{"coordinates":[-111.85452,40.66539],"type":"Point"},"properties":{"kind":"stop","name":"1300 E / Murray Holladay Rd (SB)","stop_id":"13311"},"type":"Feature"},{"geometry":{"coordinates":[-111.85453,40.66419],"type":"Point"},"properties":{"kind":"stop","name":"1300 E / 4850 S (SB)","stop_id":"13312"},"type":"Feature"},{"geometry":{"coordinates":[-111.85455,40.66208],"type":"Point"},"properties":{"kind":"stop","name":"1300 E / Kings Row Dr (SB)","stop_id":"13313"},"type":"Feature"},{"geometry":{"coordinates":[-111.8546,40.65772],"type":"Point"},"properties":{"kind":"stop","name":"1300 E / El Sendero St (SB)","stop_id":"13315"},"type":"Feature"},{"geometry":{"coordinates":[-111.85462,40.655],"type":"Point"},"properties":{"kind":"stop","name":"1300 E / 5290 S (SB)","stop_id":"13316"},"type":"Feature"},{"geometry":{"coordinates":[-111.85463,40.6541],"type":"Point"},"properties":{"kind":"stop","name":"1300 E / 5360 S (SB)","stop_id":"13317"},"type":"Feature"},{"geometry":{"coordinates":[-111.85463,40.65206],"type":"Point"},"properties":{"kind":"stop","name":"1300 E / Chevy Chase Dr (SB)","stop_id":"13318"},"type":"Feature"},{"geometry":{"coordinates":[-111.85465,40.65028],"type":"Point"},"properties":{"kind":"stop","name":"1300 E / Old Maple Ct (SB)","stop_id":"13319"},"type":"Feature"},{"geometry":{"coordinates":[-111.85468,40.64634],"type":"Point"},"properties":{"kind":"stop","name":"1300 E / Woodstock Ave (SB)","stop_id":"13320"},"type":"Feature"},{"geometry":{"coordinates":[-111.85468,40.64455],"type":"Point"},"properties":{"kind":"stop","name":"1300 E / Hyland Lake Dr (SB)","stop_id":"13321"},"type":"Feature"},{"geometry":{"coordinates":[-111.8547,40.64308],"type":"Point"},"properties":{"kind":"stop","name":"1300 E / 5935 (S (SB)","stop_id":"13322"},"type":"Feature"},{"geometry":{"coordinates":[-111.85472,40.63985],"type":"Point"},"properties":{"kind":"stop","name":"1300 E / Vine St (SB)","stop_id":"13323"},"type":"Feature"},{"geometry":{"coordinates":[-111.85473,40.63863],"type":"Point"},"properties":{"kind":"stop","name":"1300 E / 6200 S (SB)","stop_id":"13324"},"type":"Feature"},{"geometry":{"coordinates":[-111.85476,40.63643],"type":"Point"},"properties":{"kind":"stop","name":"1300 E / Maplewood Dr (SB)","stop_id":"13325"},"type":"Feature"},{"geometry":{"coordinates":[-111.85479,40.6342],"type":"Point"},"properties":{"kind":"stop","name":"1300 E / 6400 S (SB)","stop_id":"13326"},"type":"Feature"},{"geometry":{"coordinates":[-111.85482,40.63234],"type":"Point"},"properties":{"kind":"stop","name":"1300 E / Greenfield Ave (SB)","stop_id":"13327"},"type":"Feature"},{"geometry":{"coordinates":[-111.85486,40.62776],"type":"Point"},"properties":{"kind":"stop","name":"1300 E / Hollow Dale Dr (SB)","stop_id":"13328"},"type":"Feature"},{"geometry":{"coordinates":[-111.85548,40.62625],"type":"Point"},"properties":{"kind":"stop","name":"Fort Union Blvd / 1300 E (WB)","stop_id":"13329"},"type":"Feature"},{"geometry":{"coordinates":[-111.85815,40.62591],"type":"Point"},"properties":{"kind":"stop","name":"Fort Union Blvd / Creekcove Way (WB","stop_id":"13330"},"type":"Feature"},{"geometry":{"coordinates":[-111.86308,40.62306],"type":"Point"},"properties":{"kind":"stop","name":"Fort Union Blvd / 995 E (WB)","stop_id":"13331"},"type":"Feature"},{"geometry":{"coordinates":[-111.85327,40.71301],"type":"Point"},"properties":{"kind":"stop","name":"1300 E / 2700 S (NB)","stop_id":"13332"},"type":"Feature"},{"geometry":{"coordinates":[-111.97006,41.07464],"type":"Point"},"properties":{"kind":"stop","name":"Gordon Ave / 250 W (EB)","stop_id":"13333"},"type":"Feature"},{"geometry":{"coordinates":[-111.96689,41.07457],"type":"Point"},"properties":{"kind":"stop","name":"Gordon Ave / Hill Blvd (EB)","stop_id":"13334"},"type":"Feature"},{"geometry":{"coordinates":[-111.96526,41.07456],"type":"Point"},"properties":{"kind":"stop","name":"Gordon Ave / 60 E (EB)","stop_id":"13335"},"type":"Feature"},{"geometry":{"coordinates":[-111.96075,41.07453],"type":"Point"},"properties":{"kind":"stop","name":"Gordon Ave / Amethyst St (EB)","stop_id":"13336"},"type":"Feature"},{"geometry":{"coordinates":[-111.95775,41.07449],"type":"Point"},"properties":{"kind":"stop","name":"Gordon Ave / Fort Ln (EB)","stop_id":"13337"},"type":"Feature"},{"geometry":{"coordinates":[-111.95449,41.07447],"type":"Point"},"properties":{"kind":"stop","name":"Gordon Ave / Valeria Dr (EB)","stop_id":"13338"},"type":"Feature"},{"geometry":{"coordinates":[-111.95031,41.07312],"type":"Point"},"properties":{"kind":"stop","name":"Fairfield Rd / 900 N (SB)","stop_id":"13339"},"type":"Feature"},{"geometry":{"coordinates":[-111.95032,41.07059],"type":"Point"},"properties":{"kind":"stop","name":"Fairfield Rd / Aspen Way (SB)","stop_id":"13340"},"type":"Feature"},{"geometry":{"coordinates":[-111.94993,41.06679],"type":"Point"},"properties":{"kind":"stop","name":"Fairfield Rd / Wasatch Dr (SB)","stop_id":"13341"},"type":"Feature"},{"geometry":{"coordinates":[-111.94885,41.06557],"type":"Point"},"properties":{"kind":"stop","name":"Fairfield Rd / 350 N (SB)","stop_id":"13342"},"type":"Feature"},{"geometry":{"coordinates":[-111.94682,41.06336],"type":"Point"},"properties":{"kind":"stop","name":"Fairfield Rd / 300 N (SB)","stop_id":"13343"},"type":"Feature"},{"geometry":{"coordinates":[-111.94489,41.0606],"type":"Point"},"properties":{"kind":"stop","name":"Fairfield Rd / 75 N (SB)","stop_id":"13344"},"type":"Feature"},{"geometry":{"coordinates":[-111.94374,41.05842],"type":"Point"},"properties":{"kind":"stop","name":"Fairfield Rd / Rosewood Ln (SB)","stop_id":"13345"},"type":"Feature"},{"geometry":{"coordinates":[-111.94255,41.05612],"type":"Point"},"properties":{"kind":"stop","name":"Fairfield Rd / 320 S (SB)","stop_id":"13346"},"type":"Feature"},{"geometry":{"coordinates":[-111.94118,41.05389],"type":"Point"},"properties":{"kind":"stop","name":"Fairfield Rd / 440 S (SB)","stop_id":"13347"},"type":"Feature"},{"geometry":{"coordinates":[-111.93987,41.05213],"type":"Point"},"properties":{"kind":"stop","name":"Fairfield Rd / Mutton Hollow Rd (SB","stop_id":"13348"},"type":"Feature"},{"geometry":{"coordinates":[-111.93904,41.04985],"type":"Point"},"properties":{"kind":"stop","name":"Fairfield Rd / 950 N (SB)","stop_id":"13349"},"type":"Feature"},{"geometry":{"coordinates":[-111.93761,41.04472],"type":"Point"},"properties":{"kind":"stop","name":"Fairfield Rd / 600 N (SB)","stop_id":"13350"},"type":"Feature"},{"geometry":{"coordinates":[-111.93698,41.0432],"type":"Point"},"properties":{"kind":"stop","name":"Fairfield Rd / 500 N (SB)","stop_id":"13351"},"type":"Feature"},{"geometry":{"coordinates":[-111.92192,41.03848],"type":"Point"},"properties":{"kind":"stop","name":"200 N / 750  E (WB)","stop_id":"13359"},"type":"Feature"},{"geometry":{"coordinates":[-111.92736,41.03359],"type":"Point"},"properties":{"kind":"stop","name":"500 E / 100 S (SB)","stop_id":"13360"},"type":"Feature"},{"geometry":{"coordinates":[-111.92737,41.03186],"type":"Point"},"properties":{"kind":"stop","name":"500 E / 200 S (SB)","stop_id":"13361"},"type":"Feature"},{"geometry":{"coordinates":[-111.92413,41.03794],"type":"Point"},"properties":{"kind":"stop","name":"200 N / 650 E (EB)","stop_id":"13362"},"type":"Feature"},{"geometry":{"coordinates":[-111.93882,41.04978],"type":"Point"},"properties":{"kind":"stop","name":"Fairfield Rd / 950 N (NB)","stop_id":"13365"},"type":"Feature"},{"geometry":{"coordinates":[-111.94015,41.0529],"type":"Point"},"properties":{"kind":"stop","name":"Fairfield Rd / Mutton Hollow Rd (NB","stop_id":"13366"},"type":"Feature"},{"geometry":{"coordinates":[-111.94136,41.05443],"type":"Point"},"properties":{"kind":"stop","name":"Fairfield Rd /  440 S (NB)","stop_id":"13367"},"type":"Feature"},{"geometry":{"coordinates":[-111.94265,41.05678],"type":"Point"},"properties":{"kind":"stop","name":"Fairfield Rd / 320 S (NB)","stop_id":"13368"},"type":"Feature"},{"geometry":{"coordinates":[-111.94382,41.059],"type":"Point"},"properties":{"kind":"stop","name":"Fairfield Rd / Rosewood Ln (NB)","stop_id":"13369"},"type":"Feature"},{"geometry":{"coordinates":[-111.94477,41.06081],"type":"Point"},"properties":{"kind":"stop","name":"Fairfield Rd / 75 N (NB)","stop_id":"13370"},"type":"Feature"},{"geometry":{"coordinates":[-111.94675,41.06355],"type":"Point"},"properties":{"kind":"stop","name":"Fairfield Rd / 300 N (NB)","stop_id":"13371"},"type":"Feature"},{"geometry":{"coordinates":[-111.94857,41.06553],"type":"Point"},"properties":{"kind":"stop","name":"Fairfield Rd / 350 N (NB)","stop_id":"13372"},"type":"Feature"},{"geometry":{"coordinates":[-111.98804,41.05471],"type":"Point"},"properties":{"kind":"stop","name":"Angel St / 425 S (SB)","stop_id":"13373"},"type":"Feature"},{"geometry":{"coordinates":[-111.95012,41.07086],"type":"Point"},"properties":{"kind":"stop","name":"Fairfield Rd / Aspen Way (NB)","stop_id":"13374"},"type":"Feature"},{"geometry":{"coordinates":[-111.95718,41.07469],"type":"Point"},"properties":{"kind":"stop","name":"Gordon Ave / Fort Ln (WB)","stop_id":"13376"},"type":"Feature"},{"geometry":{"coordinates":[-111.96167,41.07472],"type":"Point"},"properties":{"kind":"stop","name":"Gordon Ave / 300  E (WB)","stop_id":"13377"},"type":"Feature"},{"geometry":{"coordinates":[-111.96436,41.07475],"type":"Point"},"properties":{"kind":"stop","name":"Gordon Ave / 125 E (WB)","stop_id":"13378"},"type":"Feature"},{"geometry":{"coordinates":[-111.96659,41.07476],"type":"Point"},"properties":{"kind":"stop","name":"Gordon Ave / Hill Blvd (WB)","stop_id":"13379"},"type":"Feature"},{"geometry":{"coordinates":[-111.85401,40.6895],"type":"Point"},"properties":{"kind":"stop","name":"1300 E / Mariposa Ave (NB)","stop_id":"13385"},"type":"Feature"},{"geometry":{"coordinates":[-111.85399,40.692],"type":"Point"},"properties":{"kind":"stop","name":"1300 E / Murphys Ln (NB)","stop_id":"13386"},"type":"Feature"},{"geometry":{"coordinates":[-111.85397,40.69303],"type":"Point"},"properties":{"kind":"stop","name":"1300 E / Brookshire Dr (NB)","stop_id":"13387"},"type":"Feature"},{"geometry":{"coordinates":[-111.85394,40.6957],"type":"Point"},"properties":{"kind":"stop","name":"1300 E / Lorraine Dr (NB)","stop_id":"13388"},"type":"Feature"},{"geometry":{"coordinates":[-111.8546,40.63236],"type":"Point"},"properties":{"kind":"stop","name":"1300 E / Greenfield Ave (NB)","stop_id":"13391"},"type":"Feature"},{"geometry":{"coordinates":[-111.85456,40.63515],"type":"Point"},"properties":{"kind":"stop","name":"1300 E / 6400 S (NB)","stop_id":"13392"},"type":"Feature"},{"geometry":{"coordinates":[-111.85451,40.63653],"type":"Point"},"properties":{"kind":"stop","name":"1300 E / Maplewood Dr (NB)","stop_id":"13393"},"type":"Feature"},{"geometry":{"coordinates":[-111.85445,40.63909],"type":"Point"},"properties":{"kind":"stop","name":"1300 E / 6200 S (NB)","stop_id":"13395"},"type":"Feature"},{"geometry":{"coordinates":[-111.85445,40.64316],"type":"Point"},"properties":{"kind":"stop","name":"1300 E / 5935 S (NB)","stop_id":"13396"},"type":"Feature"},{"geometry":{"coordinates":[-111.85441,40.64685],"type":"Point"},"properties":{"kind":"stop","name":"1300 E / Woodstock Ave (NB)","stop_id":"13398"},"type":"Feature"},{"geometry":{"coordinates":[-111.85442,40.64836],"type":"Point"},"properties":{"kind":"stop","name":"1300 E / 5600 S (NB)","stop_id":"13399"},"type":"Feature"},{"geometry":{"coordinates":[-111.85439,40.65222],"type":"Point"},"properties":{"kind":"stop","name":"1300 E / Chevy Chase Dr (NB)","stop_id":"13400"},"type":"Feature"},{"geometry":{"coordinates":[-111.8544,40.65417],"type":"Point"},"properties":{"kind":"stop","name":"1300 E / 5360 S (NB)","stop_id":"13401"},"type":"Feature"},{"geometry":{"coordinates":[-111.85435,40.65573],"type":"Point"},"properties":{"kind":"stop","name":"1300 E / 5290 S (NB)","stop_id":"13402"},"type":"Feature"},{"geometry":{"coordinates":[-111.85438,40.65743],"type":"Point"},"properties":{"kind":"stop","name":"1300 E / Van Winkle (NB)","stop_id":"13403"},"type":"Feature"},{"geometry":{"coordinates":[-111.85437,40.66103],"type":"Point"},"properties":{"kind":"stop","name":"1300 E / 5000 S (NB)","stop_id":"13404"},"type":"Feature"},{"geometry":{"coordinates":[-111.85436,40.66241],"type":"Point"},"properties":{"kind":"stop","name":"1300 E / Kings Row Dr (NB)","stop_id":"13405"},"type":"Feature"},{"geometry":{"coordinates":[-111.85429,40.66411],"type":"Point"},"properties":{"kind":"stop","name":"1300 E / 4850 S (NB)","stop_id":"13406"},"type":"Feature"},{"geometry":{"coordinates":[-111.8542,40.66741],"type":"Point"},"properties":{"kind":"stop","name":"1300 E / Bonner Way (NB)","stop_id":"13407"},"type":"Feature"},{"geometry":{"coordinates":[-111.85408,40.66927],"type":"Point"},"properties":{"kind":"stop","name":"1300 E / Stillwood Dr (NB)","stop_id":"13408"},"type":"Feature"},{"geometry":{"coordinates":[-111.85404,40.67089],"type":"Point"},"properties":{"kind":"stop","name":"1300 E / College St (NB)","stop_id":"13409"},"type":"Feature"},{"geometry":{"coordinates":[-111.85402,40.67299],"type":"Point"},"properties":{"kind":"stop","name":"1300 E / 4500 S (NB)","stop_id":"13410"},"type":"Feature"},{"geometry":{"coordinates":[-111.85402,40.67599],"type":"Point"},"properties":{"kind":"stop","name":"1300 E / Royal Troon Dr (NB)","stop_id":"13411"},"type":"Feature"},{"geometry":{"coordinates":[-111.85401,40.67964],"type":"Point"},"properties":{"kind":"stop","name":"1300 E / Parkcrest Cir (NB)","stop_id":"13413"},"type":"Feature"},{"geometry":{"coordinates":[-111.85404,40.68129],"type":"Point"},"properties":{"kind":"stop","name":"1300 E / 4170 S (NB)","stop_id":"13414"},"type":"Feature"},{"geometry":{"coordinates":[-111.85402,40.68282],"type":"Point"},"properties":{"kind":"stop","name":"1300 E / 4085 S (NB)","stop_id":"13415"},"type":"Feature"},{"geometry":{"coordinates":[-111.854,40.68457],"type":"Point"},"properties":{"kind":"stop","name":"1300 E / 4000 S (NB)","stop_id":"13416"},"type":"Feature"},{"geometry":{"coordinates":[-111.85393,40.69708],"type":"Point"},"properties":{"kind":"stop","name":"1300 E / Lavon Dr (NB)","stop_id":"13417"},"type":"Feature"},{"geometry":{"coordinates":[-111.85388,40.69954],"type":"Point"},"properties":{"kind":"stop","name":"1300 E / 3300 S (NB)","stop_id":"13418"},"type":"Feature"},{"geometry":{"coordinates":[-111.85428,40.70186],"type":"Point"},"properties":{"kind":"stop","name":"1300 E / Woodland Ave (NB)","stop_id":"13419"},"type":"Feature"},{"geometry":{"coordinates":[-111.85523,40.70533],"type":"Point"},"properties":{"kind":"stop","name":"Richmond St /  Elgin Ave (NB)","stop_id":"13420"},"type":"Feature"},{"geometry":{"coordinates":[-111.85507,40.71003],"type":"Point"},"properties":{"kind":"stop","name":"Richmond St / Highland Dr (NB)","stop_id":"13421"},"type":"Feature"},{"geometry":{"coordinates":[-111.85455,40.70005],"type":"Point"},"properties":{"kind":"stop","name":"3300 S / 1300 E (WB)","stop_id":"13422"},"type":"Feature"},{"geometry":{"coordinates":[-111.85679,40.69999],"type":"Point"},"properties":{"kind":"stop","name":"3300 S / 1200 E (WB)","stop_id":"13423"},"type":"Feature"},{"geometry":{"coordinates":[-111.8593,40.69999],"type":"Point"},"properties":{"kind":"stop","name":"3300 S / 1100 E (WB)","stop_id":"13424"},"type":"Feature"},{"geometry":{"coordinates":[-111.8544,40.70149],"type":"Point"},"properties":{"kind":"stop","name":"1300 E / Woodland Ave (SB)","stop_id":"13428"},"type":"Feature"},{"geometry":{"coordinates":[-111.84993,40.69984],"type":"Point"},"properties":{"kind":"stop","name":"3300 S / Highland Dr (EB)","stop_id":"13429"},"type":"Feature"},{"geometry":{"coordinates":[-111.84601,40.69986],"type":"Point"},"properties":{"kind":"stop","name":"3300 S / 1575 E (EB)","stop_id":"13430"},"type":"Feature"},{"geometry":{"coordinates":[-111.85328,40.71577],"type":"Point"},"properties":{"kind":"stop","name":"1300 E / Stratford Ave (NB)","stop_id":"13435"},"type":"Feature"},{"geometry":{"coordinates":[-111.85385,40.72946],"type":"Point"},"properties":{"kind":"stop","name":"1300 E / Westminster Ave (NB)","stop_id":"13443"},"type":"Feature"},{"geometry":{"coordinates":[-111.85378,40.73244],"type":"Point"},"properties":{"kind":"stop","name":"1300 E / Wilson Ave (NB)","stop_id":"13445"},"type":"Feature"},{"geometry":{"coordinates":[-111.85374,40.73398],"type":"Point"},"properties":{"kind":"stop","name":"1300 E / 1700 S (NB)","stop_id":"13446"},"type":"Feature"},{"geometry":{"coordinates":[-111.85372,40.73698],"type":"Point"},"properties":{"kind":"stop","name":"1300 E / Emerson Ave (NB)","stop_id":"13448"},"type":"Feature"},{"geometry":{"coordinates":[-111.8538,40.74062],"type":"Point"},"properties":{"kind":"stop","name":"1300 E / Sherman Ave (NB)","stop_id":"13449"},"type":"Feature"},{"geometry":{"coordinates":[-111.8538,40.74345],"type":"Point"},"properties":{"kind":"stop","name":"1300 E / Harvard Ave (NB)","stop_id":"13451"},"type":"Feature"},{"geometry":{"coordinates":[-111.8538,40.74599],"type":"Point"},"properties":{"kind":"stop","name":"1300 E / Yale Ave (NB)","stop_id":"13453"},"type":"Feature"},{"geometry":{"coordinates":[-111.85485,40.77287],"type":"Point"},"properties":{"kind":"stop","name":"3rd Ave / T St (WB)","stop_id":"13455"},"type":"Feature"},{"geometry":{"coordinates":[-111.85837,40.77287],"type":"Point"},"properties":{"kind":"stop","name":"3rd Ave / R St (WB)","stop_id":"13456"},"type":"Feature"},{"geometry":{"coordinates":[-111.8608,40.77288],"type":"Point"},"properties":{"kind":"stop","name":"3rd Ave / P St (WB)","stop_id":"13457"},"type":"Feature"},{"geometry":{"coordinates":[-111.86372,40.7729],"type":"Point"},"properties":{"kind":"stop","name":"3rd Ave / N St (WB)","stop_id":"13458"},"type":"Feature"},{"geometry":{"coordinates":[-111.86535,40.7729],"type":"Point"},"properties":{"kind":"stop","name":"3rd Ave / M St (WB)","stop_id":"13459"},"type":"Feature"},{"geometry":{"coordinates":[-111.86838,40.77292],"type":"Point"},"properties":{"kind":"stop","name":"3rd Ave / K St (WB)","stop_id":"13460"},"type":"Feature"},{"geometry":{"coordinates":[-111.87121,40.77287],"type":"Point"},"properties":{"kind":"stop","name":"3rd Ave / I St (WB)","stop_id":"13461"},"type":"Feature"},{"geometry":{"coordinates":[-111.8758,40.7729],"type":"Point"},"properties":{"kind":"stop","name":"3rd Ave / F St (WB)","stop_id":"13463"},"type":"Feature"},{"geometry":{"coordinates":[-111.96928,41.07483],"type":"Point"},"properties":{"kind":"stop","name":"Gordon Ave / 150 W (WB)","stop_id":"13466"},"type":"Feature"},{"geometry":{"coordinates":[-111.97226,41.0748],"type":"Point"},"properties":{"kind":"stop","name":"Gordon Ave / 400 W (WB)","stop_id":"13467"},"type":"Feature"},{"geometry":{"coordinates":[-111.97335,41.08307],"type":"Point"},"properties":{"kind":"stop","name":"Hill Field Rd / 1550 N (NB)","stop_id":"13468"},"type":"Feature"},{"geometry":{"coordinates":[-111.97333,41.08759],"type":"Point"},"properties":{"kind":"stop","name":"Hill Field Rd / 1900 N (NB)","stop_id":"13469"},"type":"Feature"},{"geometry":{"coordinates":[-111.97331,41.09075],"type":"Point"},"properties":{"kind":"stop","name":"Hill Field Rd / 2000 N (NB)","stop_id":"13470"},"type":"Feature"},{"geometry":{"coordinates":[-111.97329,41.09692],"type":"Point"},"properties":{"kind":"stop","name":"Hill Field Rd / 2600 N (NB)","stop_id":"13471"},"type":"Feature"},{"geometry":{"coordinates":[-111.97327,41.1007],"type":"Point"},"properties":{"kind":"stop","name":"Hill Field Rd / 2850 N (NB)","stop_id":"13472"},"type":"Feature"},{"geometry":{"coordinates":[-111.81214,40.62404],"type":"Point"},"properties":{"kind":"stop","name":"Fort Union Blvd /  2825 E (WB)","stop_id":"13485"},"type":"Feature"},{"geometry":{"coordinates":[-111.81418,40.62404],"type":"Point"},"properties":{"kind":"stop","name":"Fort Union Blvd / Sunburst Cir (WB)","stop_id":"13486"},"type":"Feature"},{"geometry":{"coordinates":[-111.80978,40.69997],"type":"Point"},"properties":{"kind":"stop","name":"3300 S / 2900 E (WB)","stop_id":"13505"},"type":"Feature"},{"geometry":{"coordinates":[-111.82459,40.69935],"type":"Point"},"properties":{"kind":"stop","name":"2300 E / 3300 S (SB)","stop_id":"13506"},"type":"Feature"},{"geometry":{"coordinates":[-111.80406,40.7],"type":"Point"},"properties":{"kind":"stop","name":"3300 S / Metropolitan Way (WB)","stop_id":"13529"},"type":"Feature"},{"geometry":{"coordinates":[-111.80723,40.69998],"type":"Point"},"properties":{"kind":"stop","name":"3300 S / 3010 E (WB)","stop_id":"13530"},"type":"Feature"},{"geometry":{"coordinates":[-111.81566,40.6754],"type":"Point"},"properties":{"kind":"stop","name":"4500 S / 2700 E (WB)","stop_id":"13536"},"type":"Feature"},{"geometry":{"coordinates":[-111.81801,40.67543],"type":"Point"},"properties":{"kind":"stop","name":"4500 S / Camille St (WB)","stop_id":"13537"},"type":"Feature"},{"geometry":{"coordinates":[-111.82114,40.67502],"type":"Point"},"properties":{"kind":"stop","name":"4500 S / Butternut Rd (WB)","stop_id":"13539"},"type":"Feature"},{"geometry":{"coordinates":[-111.82282,40.67453],"type":"Point"},"properties":{"kind":"stop","name":"4500 S / Russell St (WB)","stop_id":"13540"},"type":"Feature"},{"geometry":{"coordinates":[-111.82461,40.67271],"type":"Point"},"properties":{"kind":"stop","name":"2300 E / John Holladay Ct (SB)","stop_id":"13541"},"type":"Feature"},{"geometry":{"coordinates":[-111.82466,40.67056],"type":"Point"},"properties":{"kind":"stop","name":"2300 E / Holladay Blvd (SB)","stop_id":"13542"},"type":"Feature"},{"geometry":{"coordinates":[-111.82206,40.66607],"type":"Point"},"properties":{"kind":"stop","name":"Holladay Blvd / Arbor Ln (SB)","stop_id":"13544"},"type":"Feature"},{"geometry":{"coordinates":[-111.82056,40.66482],"type":"Point"},"properties":{"kind":"stop","name":"Holladay Blvd / Valley View Ave (SB","stop_id":"13545"},"type":"Feature"},{"geometry":{"coordinates":[-111.8193,40.66289],"type":"Point"},"properties":{"kind":"stop","name":"Holladay Blvd / Cottonwood Ln (SB)","stop_id":"13546"},"type":"Feature"},{"geometry":{"coordinates":[-111.81922,40.66156],"type":"Point"},"properties":{"kind":"stop","name":"Holladay Blvd / Flamingo Dr (SB)","stop_id":"13547"},"type":"Feature"},{"geometry":{"coordinates":[-111.81858,40.65759],"type":"Point"},"properties":{"kind":"stop","name":"Holladay Blvd / Veronica Cir (SB)","stop_id":"13549"},"type":"Feature"},{"geometry":{"coordinates":[-111.8136,40.65328],"type":"Point"},"properties":{"kind":"stop","name":"Holladay Blvd / Hillsden Dr (SB)","stop_id":"13552"},"type":"Feature"},{"geometry":{"coordinates":[-111.81204,40.64978],"type":"Point"},"properties":{"kind":"stop","name":"Holladay Blvd / Heather Cir (SB)","stop_id":"13553"},"type":"Feature"},{"geometry":{"coordinates":[-111.81203,40.64769],"type":"Point"},"properties":{"kind":"stop","name":"Holladay Blvd / Country Rd (SB)","stop_id":"13554"},"type":"Feature"},{"geometry":{"coordinates":[-111.81201,40.64583],"type":"Point"},"properties":{"kind":"stop","name":"Holladay Blvd / Tolcate Ln (SB)","stop_id":"13555"},"type":"Feature"},{"geometry":{"coordinates":[-111.812,40.64349],"type":"Point"},"properties":{"kind":"stop","name":"Holladay Blvd / Madsen View Ct (SB)","stop_id":"13556"},"type":"Feature"},{"geometry":{"coordinates":[-111.812,40.6421],"type":"Point"},"properties":{"kind":"stop","name":"Holladay Blvd / Shadybrook Ln (SB)","stop_id":"13557"},"type":"Feature"},{"geometry":{"coordinates":[-111.812,40.64104],"type":"Point"},"properties":{"kind":"stop","name":"Holladay Blvd / Creek Crossing Ln (","stop_id":"13558"},"type":"Feature"},{"geometry":{"coordinates":[-111.80662,40.633],"type":"Point"},"properties":{"kind":"stop","name":"3000 E / Big Cottonwood Canyon Rd (","stop_id":"13560"},"type":"Feature"},{"geometry":{"coordinates":[-111.81126,40.63371],"type":"Point"},"properties":{"kind":"stop","name":"Cottonwood Corporate Center","stop_id":"13561"},"type":"Feature"},{"geometry":{"coordinates":[-111.81051,40.63304],"type":"Point"},"properties":{"kind":"stop","name":"Cottonwood Pkwy / 2890 E (EB)","stop_id":"13562"},"type":"Feature"},{"geometry":{"coordinates":[-111.80867,40.63224],"type":"Point"},"properties":{"kind":"stop","name":"Cottonwood Pkwy / 3000 E (EB)","stop_id":"13563"},"type":"Feature"},{"geometry":{"coordinates":[-111.80777,40.62879],"type":"Point"},"properties":{"kind":"stop","name":"3000 E / Hollow Mill Dr (SB)","stop_id":"13564"},"type":"Feature"},{"geometry":{"coordinates":[-111.80776,40.62566],"type":"Point"},"properties":{"kind":"stop","name":"3000 E / Pine View Dr (SB)","stop_id":"13565"},"type":"Feature"},{"geometry":{"coordinates":[-111.80777,40.62481],"type":"Point"},"properties":{"kind":"stop","name":"3000 E / Fort Union Blvd (SB)","stop_id":"13566"},"type":"Feature"},{"geometry":{"coordinates":[-111.80904,40.62403],"type":"Point"},"properties":{"kind":"stop","name":"Fort Union Blvd / Twin Aspen Cove (","stop_id":"13567"},"type":"Feature"},{"geometry":{"coordinates":[-111.80082,40.69973],"type":"Point"},"properties":{"kind":"stop","name":"3300 S / Valley St (EB)","stop_id":"13582"},"type":"Feature"},{"geometry":{"coordinates":[-111.79488,40.69976],"type":"Point"},"properties":{"kind":"stop","name":"3300 S / Wasatch Blvd (EB)","stop_id":"13583"},"type":"Feature"},{"geometry":{"coordinates":[-111.82325,40.6239],"type":"Point"},"properties":{"kind":"stop","name":"Fort Union Blvd / 2344 E (EB)","stop_id":"13592"},"type":"Feature"},{"geometry":{"coordinates":[-111.82075,40.62388],"type":"Point"},"properties":{"kind":"stop","name":"Fort Union Blvd / Promenade Dr (EB)","stop_id":"13593"},"type":"Feature"},{"geometry":{"coordinates":[-111.81473,40.62387],"type":"Point"},"properties":{"kind":"stop","name":"Fort Union Blvd / 2700 E (EB)","stop_id":"13594"},"type":"Feature"},{"geometry":{"coordinates":[-111.81142,40.62386],"type":"Point"},"properties":{"kind":"stop","name":"Fort Union Blvd / 2870 E (EB)","stop_id":"13595"},"type":"Feature"},{"geometry":{"coordinates":[-111.80763,40.62455],"type":"Point"},"properties":{"kind":"stop","name":"3000 E / Fort Union Blvd (NB)","stop_id":"13597"},"type":"Feature"},{"geometry":{"coordinates":[-111.80593,40.63419],"type":"Point"},"properties":{"kind":"stop","name":"3000 E / 6410 S (NB)","stop_id":"13598"},"type":"Feature"},{"geometry":{"coordinates":[-111.80896,40.63251],"type":"Point"},"properties":{"kind":"stop","name":"Cottonwood Pkwy / 2916 E (EB)","stop_id":"13599"},"type":"Feature"},{"geometry":{"coordinates":[-111.81183,40.63941],"type":"Point"},"properties":{"kind":"stop","name":"Holladay Blvd / 6200 S (NB)","stop_id":"13600"},"type":"Feature"},{"geometry":{"coordinates":[-111.81184,40.64102],"type":"Point"},"properties":{"kind":"stop","name":"Holladay Blvd / Creek Crossing Ln (","stop_id":"13601"},"type":"Feature"},{"geometry":{"coordinates":[-111.81185,40.6445],"type":"Point"},"properties":{"kind":"stop","name":"Holladay Blvd / Madsen View Ct (NB)","stop_id":"13603"},"type":"Feature"},{"geometry":{"coordinates":[-111.81186,40.64762],"type":"Point"},"properties":{"kind":"stop","name":"Holladay Blvd / Country Rd (NB)","stop_id":"13605"},"type":"Feature"},{"geometry":{"coordinates":[-111.81185,40.64995],"type":"Point"},"properties":{"kind":"stop","name":"Holladay Blvd / Heather Cir (NB)","stop_id":"13606"},"type":"Feature"},{"geometry":{"coordinates":[-111.81249,40.6518],"type":"Point"},"properties":{"kind":"stop","name":"Holladay Blvd / Wayman View Ct (NB)","stop_id":"13607"},"type":"Feature"},{"geometry":{"coordinates":[-111.8136,40.65354],"type":"Point"},"properties":{"kind":"stop","name":"Holladay Blvd / Hillsden Dr (NB)","stop_id":"13608"},"type":"Feature"},{"geometry":{"coordinates":[-111.81536,40.65551],"type":"Point"},"properties":{"kind":"stop","name":"Holladay Blvd / Blue Spruce Dr (NB)","stop_id":"13609"},"type":"Feature"},{"geometry":{"coordinates":[-111.81907,40.66129],"type":"Point"},"properties":{"kind":"stop","name":"Holladay Blvd / Flamingo Dr (NB)","stop_id":"13611"},"type":"Feature"},{"geometry":{"coordinates":[-111.8197,40.66423],"type":"Point"},"properties":{"kind":"stop","name":"Holladay Blvd / Holladay Oaks Ln (N","stop_id":"13612"},"type":"Feature"},{"geometry":{"coordinates":[-111.82077,40.66517],"type":"Point"},"properties":{"kind":"stop","name":"Holladay Blvd / Valley View Ave (NB","stop_id":"13613"},"type":"Feature"},{"geometry":{"coordinates":[-111.82446,40.67249],"type":"Point"},"properties":{"kind":"stop","name":"2300 E / John Holladay Ct (NB)","stop_id":"13616"},"type":"Feature"},{"geometry":{"coordinates":[-111.82396,40.67414],"type":"Point"},"properties":{"kind":"stop","name":"4500 S / 2300 E (EB)","stop_id":"13617"},"type":"Feature"},{"geometry":{"coordinates":[-111.81981,40.67503],"type":"Point"},"properties":{"kind":"stop","name":"4500 S / Wander Ln (EB)","stop_id":"13619"},"type":"Feature"},{"geometry":{"coordinates":[-111.8182,40.67524],"type":"Point"},"properties":{"kind":"stop","name":"4500 S / Camille St (EB)","stop_id":"13620"},"type":"Feature"},{"geometry":{"coordinates":[-111.82964,40.7446],"type":"Point"},"properties":{"kind":"stop","name":"Foothill Dr / 2100 E","stop_id":"13634"},"type":"Feature"},{"geometry":{"coordinates":[-111.89717,40.76492],"type":"Point"},"properties":{"kind":"stop","name":"200 S / 200 W (EB)","stop_id":"13635"},"type":"Feature"},{"geometry":{"coordinates":[-111.88565,40.76493],"type":"Point"},"properties":{"kind":"stop","name":"200 S / 200 E (EB)","stop_id":"13636"},"type":"Feature"},{"geometry":{"coordinates":[-111.88281,40.76492],"type":"Point"},"properties":{"kind":"stop","name":"200 S / 300 E (EB)","stop_id":"13637"},"type":"Feature"},{"geometry":{"coordinates":[-111.83611,40.64025],"type":"Point"},"properties":{"kind":"stop","name":"Van Winkle Expy / Vine St (SB)","stop_id":"13679"},"type":"Feature"},{"geometry":{"coordinates":[-111.83445,40.63759],"type":"Point"},"properties":{"kind":"stop","name":"Highland Dr / 6200 S (SB)","stop_id":"13680"},"type":"Feature"},{"geometry":{"coordinates":[-111.83442,40.63592],"type":"Point"},"properties":{"kind":"stop","name":"Highland Dr / Monte Cristo Dr (SB)","stop_id":"13681"},"type":"Feature"},{"geometry":{"coordinates":[-111.83442,40.62332],"type":"Point"},"properties":{"kind":"stop","name":"Highland Dr / 7000 S (SB)","stop_id":"13683"},"type":"Feature"},{"geometry":{"coordinates":[-111.83451,40.62013],"type":"Point"},"properties":{"kind":"stop","name":"Highland Dr / 7200 S (SB)","stop_id":"13685"},"type":"Feature"},{"geometry":{"coordinates":[-111.83385,40.61506],"type":"Point"},"properties":{"kind":"stop","name":"Highland Dr / Parkridge Dr (SB)","stop_id":"13687"},"type":"Feature"},{"geometry":{"coordinates":[-111.8326,40.60954],"type":"Point"},"properties":{"kind":"stop","name":"Highland Dr / Forest Creek Ln (SB)","stop_id":"13688"},"type":"Feature"},{"geometry":{"coordinates":[-111.83217,40.59434],"type":"Point"},"properties":{"kind":"stop","name":"Highland Dr / Alta Canyon Dr (SB)","stop_id":"13692"},"type":"Feature"},{"geometry":{"coordinates":[-111.8343,40.58931],"type":"Point"},"properties":{"kind":"stop","name":"Highland Dr / Newcastle Dr (SB)","stop_id":"13693"},"type":"Feature"},{"geometry":{"coordinates":[-111.83427,40.5846],"type":"Point"},"properties":{"kind":"stop","name":"Highland Dr / Falcon Way (SB)","stop_id":"13695"},"type":"Feature"},{"geometry":{"coordinates":[-111.82949,40.58033],"type":"Point"},"properties":{"kind":"stop","name":"9400 S / Raintree Dr (EB)","stop_id":"13697"},"type":"Feature"},{"geometry":{"coordinates":[-111.93966,40.68946],"type":"Point"},"properties":{"kind":"stop","name":"3800 S / Redwood Road (WB)","stop_id":"13711"},"type":"Feature"},{"geometry":{"coordinates":[-111.94404,40.6895],"type":"Point"},"properties":{"kind":"stop","name":"3800 S / 1950 W (WB)","stop_id":"13712"},"type":"Feature"},{"geometry":{"coordinates":[-111.82782,40.58051],"type":"Point"},"properties":{"kind":"stop","name":"9400 S / Solena Way (WB)","stop_id":"13729"},"type":"Feature"},{"geometry":{"coordinates":[-111.83404,40.58548],"type":"Point"},"properties":{"kind":"stop","name":"Highland Dr / Falcon Way (NB)","stop_id":"13731"},"type":"Feature"},{"geometry":{"coordinates":[-111.83399,40.59009],"type":"Point"},"properties":{"kind":"stop","name":"Highland Dr / Newcastle Dr (NB)","stop_id":"13733"},"type":"Feature"},{"geometry":{"coordinates":[-111.83183,40.59428],"type":"Point"},"properties":{"kind":"stop","name":"Highland Dr / Alta Canyon Dr (NB)","stop_id":"13734"},"type":"Feature"},{"geometry":{"coordinates":[-111.8321,40.60965],"type":"Point"},"properties":{"kind":"stop","name":"Highland Dr / Forest Creek Ln (Lds","stop_id":"13737"},"type":"Feature"},{"geometry":{"coordinates":[-111.83359,40.61528],"type":"Point"},"properties":{"kind":"stop","name":"Highland Dr / Parkridge Dr (NB)","stop_id":"13738"},"type":"Feature"},{"geometry":{"coordinates":[-111.83421,40.62305],"type":"Point"},"properties":{"kind":"stop","name":"Highland Dr / 7000 S (NB)","stop_id":"13740"},"type":"Feature"},{"geometry":{"coordinates":[-111.87937,40.76511],"type":"Point"},"properties":{"kind":"stop","name":"200 S / 400 E (WB)","stop_id":"13788"},"type":"Feature"},{"geometry":{"coordinates":[-111.88222,40.76511],"type":"Point"},"properties":{"kind":"stop","name":"200 S / 300 E (WB)","stop_id":"13789"},"type":"Feature"},{"geometry":{"coordinates":[-111.88792,40.76518],"type":"Point"},"properties":{"kind":"stop","name":"200 S / State St (WB)","stop_id":"13791"},"type":"Feature"},{"geometry":{"coordinates":[-111.89588,40.76515],"type":"Point"},"properties":{"kind":"stop","name":"200 S / 200 W (WB)","stop_id":"13792"},"type":"Feature"},{"geometry":{"coordinates":[-111.91177,40.68713],"type":"Point"},"properties":{"kind":"stop","name":"3900 S / 700 W (WB)","stop_id":"13802"},"type":"Feature"},{"geometry":{"coordinates":[-111.92479,40.68566],"type":"Point"},"properties":{"kind":"stop","name":"4000 S / 1150 W (WB)","stop_id":"13804"},"type":"Feature"},{"geometry":{"coordinates":[-111.93003,40.68451],"type":"Point"},"properties":{"kind":"stop","name":"4000 S / 1300 W (WB)","stop_id":"13805"},"type":"Feature"},{"geometry":{"coordinates":[-111.93484,40.6832],"type":"Point"},"properties":{"kind":"stop","name":"4100 S / 1500 W (WB)","stop_id":"13806"},"type":"Feature"},{"geometry":{"coordinates":[-111.93874,40.68307],"type":"Point"},"properties":{"kind":"stop","name":"Redwood Rd / 4100 S (NB)","stop_id":"13807"},"type":"Feature"},{"geometry":{"coordinates":[-111.93873,40.68509],"type":"Point"},"properties":{"kind":"stop","name":"Redwood Rd / 4000 S (NB)","stop_id":"13808"},"type":"Feature"},{"geometry":{"coordinates":[-111.93878,40.68746],"type":"Point"},"properties":{"kind":"stop","name":"Redwood Rd / 3860 S (NB)","stop_id":"13809"},"type":"Feature"},{"geometry":{"coordinates":[-111.86827,40.88681],"type":"Point"},"properties":{"kind":"stop","name":"Medical Dr / 600 E (NB)","stop_id":"13815"},"type":"Feature"},{"geometry":{"coordinates":[-111.87214,40.8874],"type":"Point"},"properties":{"kind":"stop","name":"Medical Dr / 400 E (WB)","stop_id":"13816"},"type":"Feature"},{"geometry":{"coordinates":[-111.90997,40.83901],"type":"Point"},"properties":{"kind":"stop","name":"Orchard Dr / 150 S (NB)","stop_id":"13822"},"type":"Feature"},{"geometry":{"coordinates":[-111.91144,40.83798],"type":"Point"},"properties":{"kind":"stop","name":"Orchard Dr / Eagle Ridge Dr (SB)","stop_id":"13823"},"type":"Feature"},{"geometry":{"coordinates":[-111.87565,40.87322],"type":"Point"},"properties":{"kind":"stop","name":"Orchard Dr / 1650 S (NB)","stop_id":"13824"},"type":"Feature"},{"geometry":{"coordinates":[-111.86735,40.8852],"type":"Point"},"properties":{"kind":"stop","name":"Medical Dr / 450 S (NB)","stop_id":"13825"},"type":"Feature"},{"geometry":{"coordinates":[-111.99889,41.09275],"type":"Point"},"properties":{"kind":"stop","name":"1450 S / 1350 E (EB)","stop_id":"13834"},"type":"Feature"},{"geometry":{"coordinates":[-111.9974,41.09246],"type":"Point"},"properties":{"kind":"stop","name":"1700 W 1450 S (SB)","stop_id":"13835"},"type":"Feature"},{"geometry":{"coordinates":[-111.99738,41.09105],"type":"Point"},"properties":{"kind":"stop","name":"Robins Dr / Antelope Dr (SB)","stop_id":"13836"},"type":"Feature"},{"geometry":{"coordinates":[-111.98247,41.08911],"type":"Point"},"properties":{"kind":"stop","name":"Antelope Dr / 925 W (EB)","stop_id":"13837"},"type":"Feature"},{"geometry":{"coordinates":[-111.98054,41.08906],"type":"Point"},"properties":{"kind":"stop","name":"Antelope Dr / 700 W (EB)","stop_id":"13838"},"type":"Feature"},{"geometry":{"coordinates":[-111.97433,41.08907],"type":"Point"},"properties":{"kind":"stop","name":"Antelope Dr / Hill Field Rd (EB)","stop_id":"13839"},"type":"Feature"},{"geometry":{"coordinates":[-111.97361,41.08738],"type":"Point"},"properties":{"kind":"stop","name":"Hill Field Rd / 1900 N (SB)","stop_id":"13840"},"type":"Feature"},{"geometry":{"coordinates":[-111.97362,41.08379],"type":"Point"},"properties":{"kind":"stop","name":"Hill Field Rd / Forbes Ave (SB)","stop_id":"13841"},"type":"Feature"},{"geometry":{"coordinates":[-111.89006,40.98059],"type":"Point"},"properties":{"kind":"stop","name":"State St / 100 W (WB)","stop_id":"13848"},"type":"Feature"},{"geometry":{"coordinates":[-111.8924,40.98059],"type":"Point"},"properties":{"kind":"stop","name":"State St / 200 W (WB)","stop_id":"13849"},"type":"Feature"},{"geometry":{"coordinates":[-111.89597,40.98062],"type":"Point"},"properties":{"kind":"stop","name":"State St / 400 W (WB)","stop_id":"13850"},"type":"Feature"},{"geometry":{"coordinates":[-111.90178,40.98068],"type":"Point"},"properties":{"kind":"stop","name":"State St / 650 W (WB)","stop_id":"13851"},"type":"Feature"},{"geometry":{"coordinates":[-111.90664,40.982],"type":"Point"},"properties":{"kind":"stop","name":"Clark Ln / Un Ave (EB)","stop_id":"13853"},"type":"Feature"},{"geometry":{"coordinates":[-111.90286,40.98088],"type":"Point"},"properties":{"kind":"stop","name":"State St / Phoenix Wy (EB)","stop_id":"13854"},"type":"Feature"},{"geometry":{"coordinates":[-111.89547,40.98047],"type":"Point"},"properties":{"kind":"stop","name":"State St / 400 W (EB)","stop_id":"13855"},"type":"Feature"},{"geometry":{"coordinates":[-111.88937,40.98041],"type":"Point"},"properties":{"kind":"stop","name":"State St / 100 W (EB)","stop_id":"13856"},"type":"Feature"},{"geometry":{"coordinates":[-111.87199,40.88727],"type":"Point"},"properties":{"kind":"stop","name":"Medical Dr / 400 E (EB)","stop_id":"13867"},"type":"Feature"},{"geometry":{"coordinates":[-111.868,40.88652],"type":"Point"},"properties":{"kind":"stop","name":"Medical Dr / 600 E (SB)","stop_id":"13868"},"type":"Feature"},{"geometry":{"coordinates":[-111.9149,41.01333],"type":"Point"},"properties":{"kind":"stop","name":"Main St / 1300 S (SB)","stop_id":"13870"},"type":"Feature"},{"geometry":{"coordinates":[-111.89097,40.77192],"type":"Point"},"properties":{"kind":"stop","name":"Main St / North Temple (NB)","stop_id":"13872"},"type":"Feature"},{"geometry":{"coordinates":[-111.89037,40.7781],"type":"Point"},"properties":{"kind":"stop","name":"Columbus St / 400 N (NB)","stop_id":"13874"},"type":"Feature"},{"geometry":{"coordinates":[-111.89,40.77953],"type":"Point"},"properties":{"kind":"stop","name":"Columbus St / 500 N (NB)","stop_id":"13875"},"type":"Feature"},{"geometry":{"coordinates":[-111.89129,40.77377],"type":"Point"},"properties":{"kind":"stop","name":"Main St / 200 N (SB)","stop_id":"13881"},"type":"Feature"},{"geometry":{"coordinates":[-111.91494,41.01365],"type":"Point"},"properties":{"kind":"stop","name":"Main St / 1300 S (NB)","stop_id":"13882"},"type":"Feature"},{"geometry":{"coordinates":[-111.93622,41.1524],"type":"Point"},"properties":{"kind":"stop","name":"US-89 / Skyline Dr (NB)","stop_id":"13898"},"type":"Feature"},{"geometry":{"coordinates":[-111.89651,40.77165],"type":"Point"},"properties":{"kind":"stop","name":"North Temple / 200 W (WB)","stop_id":"13907"},"type":"Feature"},{"geometry":{"coordinates":[-111.89959,40.7757],"type":"Point"},"properties":{"kind":"stop","name":"300 W / 300 N (NB)","stop_id":"13909"},"type":"Feature"},{"geometry":{"coordinates":[-111.89951,40.7829],"type":"Point"},"properties":{"kind":"stop","name":"300 W / 600 N (NB)","stop_id":"13912"},"type":"Feature"},{"geometry":{"coordinates":[-111.89951,40.78476],"type":"Point"},"properties":{"kind":"stop","name":"300 W / 700 N (NB)","stop_id":"13913"},"type":"Feature"},{"geometry":{"coordinates":[-111.89951,40.78654],"type":"Point"},"properties":{"kind":"stop","name":"300 W / 800 N / Wall St (NB)","stop_id":"13914"},"type":"Feature"},{"geometry":{"coordinates":[-111.90643,40.84864],"type":"Point"},"properties":{"kind":"stop","name":"US-89 / Bountiful 3800 S (NB)","stop_id":"13915"},"type":"Feature"},{"geometry":{"coordinates":[-111.90374,40.85194],"type":"Point"},"properties":{"kind":"stop","name":"US-89 / 3450 S (NB)","stop_id":"13917"},"type":"Feature"},{"geometry":{"coordinates":[-111.9007,40.85599],"type":"Point"},"properties":{"kind":"stop","name":"US-89 / 3100 S (NB)","stop_id":"13919"},"type":"Feature"},{"geometry":{"coordinates":[-111.89973,40.85712],"type":"Point"},"properties":{"kind":"stop","name":"US-89 / 3000 S (NB)","stop_id":"13920"},"type":"Feature"},{"geometry":{"coordinates":[-111.89804,40.85924],"type":"Point"},"properties":{"kind":"stop","name":"US-89 / 2800 S (NB)","stop_id":"13921"},"type":"Feature"},{"geometry":{"coordinates":[-111.89633,40.86136],"type":"Point"},"properties":{"kind":"stop","name":"US-89 / 2600 S (NB)","stop_id":"13922"},"type":"Feature"},{"geometry":{"coordinates":[-111.89709,40.8609],"type":"Point"},"properties":{"kind":"stop","name":"US-89 / 2600 S (SB)","stop_id":"13923"},"type":"Feature"},{"geometry":{"coordinates":[-111.89946,40.85786],"type":"Point"},"properties":{"kind":"stop","name":"US-89 / 2900 S (SB)","stop_id":"13924"},"type":"Feature"},{"geometry":{"coordinates":[-111.90076,40.85616],"type":"Point"},"properties":{"kind":"stop","name":"US-89 / 3100 S (SB)","stop_id":"13925"},"type":"Feature"},{"geometry":{"coordinates":[-111.90268,40.8538],"type":"Point"},"properties":{"kind":"stop","name":"US-89 / 3300 S (SB)","stop_id":"13926"},"type":"Feature"},{"geometry":{"coordinates":[-111.90393,40.85213],"type":"Point"},"properties":{"kind":"stop","name":"US-89 / 3450 S (SB)","stop_id":"13927"},"type":"Feature"},{"geometry":{"coordinates":[-111.90914,40.84415],"type":"Point"},"properties":{"kind":"stop","name":"US-89 / 100 N (SB)","stop_id":"13929"},"type":"Feature"},{"geometry":{"coordinates":[-111.89991,40.78695],"type":"Point"},"properties":{"kind":"stop","name":"300 W / 800 N / Wall St (SB)","stop_id":"13930"},"type":"Feature"},{"geometry":{"coordinates":[-111.8999,40.78476],"type":"Point"},"properties":{"kind":"stop","name":"300 W / 700 N (SB)","stop_id":"13931"},"type":"Feature"},{"geometry":{"coordinates":[-111.89991,40.78266],"type":"Point"},"properties":{"kind":"stop","name":"300 W / 600 N (SB)","stop_id":"13932"},"type":"Feature"},{"geometry":{"coordinates":[-111.8999,40.78047],"type":"Point"},"properties":{"kind":"stop","name":"300 W / 500 N (SB)","stop_id":"13933"},"type":"Feature"},{"geometry":{"coordinates":[-111.8999,40.77833],"type":"Point"},"properties":{"kind":"stop","name":"300 W / 400 N (SB)","stop_id":"13934"},"type":"Feature"},{"geometry":{"coordinates":[-111.89983,40.77565],"type":"Point"},"properties":{"kind":"stop","name":"300 W / 300 N (SB)","stop_id":"13935"},"type":"Feature"},{"geometry":{"coordinates":[-111.94728,40.77456],"type":"Point"},"properties":{"kind":"stop","name":"1950 W / 200 N (NB)","stop_id":"13939"},"type":"Feature"},{"geometry":{"coordinates":[-111.94751,40.77585],"type":"Point"},"properties":{"kind":"stop","name":"Services for the Blind and Visually","stop_id":"13940"},"type":"Feature"},{"geometry":{"coordinates":[-111.99725,41.09104],"type":"Point"},"properties":{"kind":"stop","name":"Robins Dr / Antelope Dr (NB)","stop_id":"13942"},"type":"Feature"},{"geometry":{"coordinates":[-111.99725,41.09255],"type":"Point"},"properties":{"kind":"stop","name":"1700 W / 1450 S (NB)","stop_id":"13943"},"type":"Feature"},{"geometry":{"coordinates":[-111.99908,41.09288],"type":"Point"},"properties":{"kind":"stop","name":"1450 S / 1350 E (WB)","stop_id":"13944"},"type":"Feature"},{"geometry":{"coordinates":[-112.04517,41.11887],"type":"Point"},"properties":{"kind":"stop","name":"1000 W / 300 N (NB)","stop_id":"13956"},"type":"Feature"},{"geometry":{"coordinates":[-112.04521,41.12286],"type":"Point"},"properties":{"kind":"stop","name":"1000 W / 700 N (NB)","stop_id":"13958"},"type":"Feature"},{"geometry":{"coordinates":[-111.9745,41.08929],"type":"Point"},"properties":{"kind":"stop","name":"Antelope Dr / Hill Field Rd (WB)","stop_id":"13973"},"type":"Feature"},{"geometry":{"coordinates":[-111.9773,41.08929],"type":"Point"},"properties":{"kind":"stop","name":"Antelope Dr / 650 W (WB)","stop_id":"13974"},"type":"Feature"},{"geometry":{"coordinates":[-111.98044,41.0893],"type":"Point"},"properties":{"kind":"stop","name":"Antelope Dr / 700 W (WB)","stop_id":"13975"},"type":"Feature"},{"geometry":{"coordinates":[-112.0454,41.12488],"type":"Point"},"properties":{"kind":"stop","name":"1000 W / 800 N (SB)","stop_id":"13978"},"type":"Feature"},{"geometry":{"coordinates":[-112.04538,41.12093],"type":"Point"},"properties":{"kind":"stop","name":"1000 W / 525 N (SB)","stop_id":"13979"},"type":"Feature"},{"geometry":{"coordinates":[-112.04538,41.11876],"type":"Point"},"properties":{"kind":"stop","name":"1000 W / 300 N (SB)","stop_id":"13980"},"type":"Feature"},{"geometry":{"coordinates":[-112.03594,41.41558],"type":"Point"},"properties":{"kind":"stop","name":"US-89 / 400 N (NB)","stop_id":"14015"},"type":"Feature"},{"geometry":{"coordinates":[-112.03586,41.43561],"type":"Point"},"properties":{"kind":"stop","name":"US-89 / 1650 S (NB)","stop_id":"14016"},"type":"Feature"},{"geometry":{"coordinates":[-112.03689,41.44244],"type":"Point"},"properties":{"kind":"stop","name":"US-89 / Hargis Hill Rd (NB)","stop_id":"14017"},"type":"Feature"},{"geometry":{"coordinates":[-112.01596,41.50684],"type":"Point"},"properties":{"kind":"stop","name":"Main St / 200 S (SB)","stop_id":"14019"},"type":"Feature"},{"geometry":{"coordinates":[-112.0161,41.49811],"type":"Point"},"properties":{"kind":"stop","name":"Main St / 600 S (SB)","stop_id":"14020"},"type":"Feature"},{"geometry":{"coordinates":[-112.01623,41.49419],"type":"Point"},"properties":{"kind":"stop","name":"Main St / 800 S (SB)","stop_id":"14021"},"type":"Feature"},{"geometry":{"coordinates":[-112.0371,41.44211],"type":"Point"},"properties":{"kind":"stop","name":"US-89 / Hargis Hill Rd (SB)","stop_id":"14030"},"type":"Feature"},{"geometry":{"coordinates":[-112.03602,41.43503],"type":"Point"},"properties":{"kind":"stop","name":"US-89 / 1650 N (SB)","stop_id":"14031"},"type":"Feature"},{"geometry":{"coordinates":[-112.03628,41.41537],"type":"Point"},"properties":{"kind":"stop","name":"US-89 / 400 N (SB)","stop_id":"14032"},"type":"Feature"},{"geometry":{"coordinates":[-112.02039,41.09214],"type":"Point"},"properties":{"kind":"stop","name":"13th St / A St (NB)","stop_id":"14033"},"type":"Feature"},{"geometry":{"coordinates":[-112.04243,41.08928],"type":"Point"},"properties":{"kind":"stop","name":"Antelope Dr / 900 W (WB)","stop_id":"14043"},"type":"Feature"},{"geometry":{"coordinates":[-111.95087,40.77164],"type":"Point"},"properties":{"kind":"stop","name":"North Temple St / 2100 W (WB)","stop_id":"14047"},"type":"Feature"},{"geometry":{"coordinates":[-111.93818,40.77608],"type":"Point"},"properties":{"kind":"stop","name":"Northstar Dr / Redwood Rd (EB)","stop_id":"14052"},"type":"Feature"},{"geometry":{"coordinates":[-112.0268,41.09972],"type":"Point"},"properties":{"kind":"stop","name":"13th St / E St (NB)","stop_id":"14053"},"type":"Feature"},{"geometry":{"coordinates":[-111.86535,40.71588],"type":"Point"},"properties":{"kind":"stop","name":"900 E / Stratford Ave (NB)","stop_id":"14103"},"type":"Feature"},{"geometry":{"coordinates":[-111.86534,40.71864],"type":"Point"},"properties":{"kind":"stop","name":"900 E / Parkway Ave (NB)","stop_id":"14105"},"type":"Feature"},{"geometry":{"coordinates":[-111.86527,40.72705],"type":"Point"},"properties":{"kind":"stop","name":"900 E / Hollywood Ave (NB)","stop_id":"14108"},"type":"Feature"},{"geometry":{"coordinates":[-111.86527,40.73016],"type":"Point"},"properties":{"kind":"stop","name":"900 E / Garfield Ave (NB)","stop_id":"14109"},"type":"Feature"},{"geometry":{"coordinates":[-111.86527,40.73336],"type":"Point"},"properties":{"kind":"stop","name":"900 E / 1700 S (NB)","stop_id":"14111"},"type":"Feature"},{"geometry":{"coordinates":[-111.86526,40.73616],"type":"Point"},"properties":{"kind":"stop","name":"900 E / Bryan Ave (NB)","stop_id":"14112"},"type":"Feature"},{"geometry":{"coordinates":[-111.86526,40.73935],"type":"Point"},"properties":{"kind":"stop","name":"900 E / Browning Ave (NB)","stop_id":"14113"},"type":"Feature"},{"geometry":{"coordinates":[-111.86524,40.74213],"type":"Point"},"properties":{"kind":"stop","name":"900 E / 1300 S (NB)","stop_id":"14114"},"type":"Feature"},{"geometry":{"coordinates":[-111.86528,40.74522],"type":"Point"},"properties":{"kind":"stop","name":"900 E / Yale Ave (NB)","stop_id":"14116"},"type":"Feature"},{"geometry":{"coordinates":[-111.86524,40.75027],"type":"Point"},"properties":{"kind":"stop","name":"900 E / 900 S (NB)","stop_id":"14119"},"type":"Feature"},{"geometry":{"coordinates":[-111.86524,40.75223],"type":"Point"},"properties":{"kind":"stop","name":"900 E / 800 S (NB)","stop_id":"14120"},"type":"Feature"},{"geometry":{"coordinates":[-111.86525,40.75659],"type":"Point"},"properties":{"kind":"stop","name":"900 E / 600 S (NB)","stop_id":"14122"},"type":"Feature"},{"geometry":{"coordinates":[-111.86519,40.76108],"type":"Point"},"properties":{"kind":"stop","name":"900 E / 400 S (NB) for 900 East Stn","stop_id":"14124"},"type":"Feature"},{"geometry":{"coordinates":[-111.87685,40.7386],"type":"Point"},"properties":{"kind":"stop","name":"500 E / Cleveland Ave (SB)","stop_id":"14131"},"type":"Feature"},{"geometry":{"coordinates":[-111.87695,40.73655],"type":"Point"},"properties":{"kind":"stop","name":"500 E / Kensington Ave (SB)","stop_id":"14132"},"type":"Feature"},{"geometry":{"coordinates":[-111.87687,40.73324],"type":"Point"},"properties":{"kind":"stop","name":"500 E / 1700 S (SB)","stop_id":"14134"},"type":"Feature"},{"geometry":{"coordinates":[-111.87688,40.73082],"type":"Point"},"properties":{"kind":"stop","name":"500 E / Downington Ave (SB)","stop_id":"14135"},"type":"Feature"},{"geometry":{"coordinates":[-111.87689,40.72769],"type":"Point"},"properties":{"kind":"stop","name":"500 E / Ramona Ave (SB)","stop_id":"14137"},"type":"Feature"},{"geometry":{"coordinates":[-111.87695,40.72251],"type":"Point"},"properties":{"kind":"stop","name":"500 E / S-Line (SB)","stop_id":"14138"},"type":"Feature"},{"geometry":{"coordinates":[-111.87694,40.71956],"type":"Point"},"properties":{"kind":"stop","name":"500 E / Burton Ave (SB)","stop_id":"14139"},"type":"Feature"},{"geometry":{"coordinates":[-111.87694,40.71719],"type":"Point"},"properties":{"kind":"stop","name":"500 E / Warnock Ave (SB)","stop_id":"14141"},"type":"Feature"},{"geometry":{"coordinates":[-111.87699,40.71579],"type":"Point"},"properties":{"kind":"stop","name":"Columbus Center (SB)","stop_id":"14142"},"type":"Feature"},{"geometry":{"coordinates":[-111.87698,40.71213],"type":"Point"},"properties":{"kind":"stop","name":"500 E / 2700 S (SB)","stop_id":"14143"},"type":"Feature"},{"geometry":{"coordinates":[-111.87686,40.69809],"type":"Point"},"properties":{"kind":"stop","name":"500 E / Farmer Alumni Dr (NB)","stop_id":"14148"},"type":"Feature"},{"geometry":{"coordinates":[-111.87689,40.70223],"type":"Point"},"properties":{"kind":"stop","name":"500 E / Lambourne Ave (NB)","stop_id":"14149"},"type":"Feature"},{"geometry":{"coordinates":[-111.87686,40.7046],"type":"Point"},"properties":{"kind":"stop","name":"Fitts Park (NB)","stop_id":"14150"},"type":"Feature"},{"geometry":{"coordinates":[-111.87673,40.72766],"type":"Point"},"properties":{"kind":"stop","name":"500 E / Ramona Ave (NB)","stop_id":"14152"},"type":"Feature"},{"geometry":{"coordinates":[-111.87673,40.73073],"type":"Point"},"properties":{"kind":"stop","name":"500 E / Downington Ave (NB)","stop_id":"14153"},"type":"Feature"},{"geometry":{"coordinates":[-111.87672,40.73384],"type":"Point"},"properties":{"kind":"stop","name":"500 E / 1700 S (NB)","stop_id":"14154"},"type":"Feature"},{"geometry":{"coordinates":[-111.87667,40.73618],"type":"Point"},"properties":{"kind":"stop","name":"500 E / Kensington Ave (NB)","stop_id":"14156"},"type":"Feature"},{"geometry":{"coordinates":[-111.87682,40.70722],"type":"Point"},"properties":{"kind":"stop","name":"500 E / Garden Ave (NB)","stop_id":"14157"},"type":"Feature"},{"geometry":{"coordinates":[-111.87684,40.70836],"type":"Point"},"properties":{"kind":"stop","name":"500 E / Sunset Ave (NB)","stop_id":"14158"},"type":"Feature"},{"geometry":{"coordinates":[-111.87679,40.71299],"type":"Point"},"properties":{"kind":"stop","name":"500 E / 2700 S (NB)","stop_id":"14161"},"type":"Feature"},{"geometry":{"coordinates":[-111.87681,40.71578],"type":"Point"},"properties":{"kind":"stop","name":"Columbus Center (NB)","stop_id":"14162"},"type":"Feature"},{"geometry":{"coordinates":[-111.8768,40.71733],"type":"Point"},"properties":{"kind":"stop","name":"500 E / Warnock Ave (NB)","stop_id":"14163"},"type":"Feature"},{"geometry":{"coordinates":[-111.87676,40.71964],"type":"Point"},"properties":{"kind":"stop","name":"500 E / Burton Ave (NB)","stop_id":"14164"},"type":"Feature"},{"geometry":{"coordinates":[-111.87674,40.72218],"type":"Point"},"properties":{"kind":"stop","name":"500 E / S-Line (NB)","stop_id":"14165"},"type":"Feature"},{"geometry":{"coordinates":[-111.87674,40.73819],"type":"Point"},"properties":{"kind":"stop","name":"500 E / Cleveland Ave (NB)","stop_id":"14168"},"type":"Feature"},{"geometry":{"coordinates":[-111.87668,40.74135],"type":"Point"},"properties":{"kind":"stop","name":"500 E / 1300 S (NB)","stop_id":"14169"},"type":"Feature"},{"geometry":{"coordinates":[-111.87672,40.74638],"type":"Point"},"properties":{"kind":"stop","name":"500 E / Herbert Ave (NB)","stop_id":"14172"},"type":"Feature"},{"geometry":{"coordinates":[-111.87669,40.75022],"type":"Point"},"properties":{"kind":"stop","name":"500 E / 900 S (NB)","stop_id":"14174"},"type":"Feature"},{"geometry":{"coordinates":[-111.87671,40.75174],"type":"Point"},"properties":{"kind":"stop","name":"500 E / 800 S (NB)","stop_id":"14175"},"type":"Feature"},{"geometry":{"coordinates":[-111.87665,40.75443],"type":"Point"},"properties":{"kind":"stop","name":"500 E / 700 S (NB)","stop_id":"14176"},"type":"Feature"},{"geometry":{"coordinates":[-111.87667,40.75664],"type":"Point"},"properties":{"kind":"stop","name":"500 E / 600 S (NB)","stop_id":"14177"},"type":"Feature"},{"geometry":{"coordinates":[-111.87666,40.75881],"type":"Point"},"properties":{"kind":"stop","name":"500 E / 500 S (NB)","stop_id":"14178"},"type":"Feature"},{"geometry":{"coordinates":[-111.87664,40.76103],"type":"Point"},"properties":{"kind":"stop","name":"500 E / 400 S (NB)","stop_id":"14179"},"type":"Feature"},{"geometry":{"coordinates":[-111.87667,40.76338],"type":"Point"},"properties":{"kind":"stop","name":"500 E / 300 S (NB)","stop_id":"14180"},"type":"Feature"},{"geometry":{"coordinates":[-111.87691,40.75996],"type":"Point"},"properties":{"kind":"stop","name":"500 E / 400 S (SB)","stop_id":"14181"},"type":"Feature"},{"geometry":{"coordinates":[-111.87691,40.75792],"type":"Point"},"properties":{"kind":"stop","name":"500 E / 500 S (SB)","stop_id":"14182"},"type":"Feature"},{"geometry":{"coordinates":[-111.87694,40.75655],"type":"Point"},"properties":{"kind":"stop","name":"500 E / 600 S (SB)","stop_id":"14183"},"type":"Feature"},{"geometry":{"coordinates":[-111.87689,40.75376],"type":"Point"},"properties":{"kind":"stop","name":"500 E / 700 S (SB)","stop_id":"14184"},"type":"Feature"},{"geometry":{"coordinates":[-111.87691,40.75168],"type":"Point"},"properties":{"kind":"stop","name":"500 E / 800 S (SB)","stop_id":"14185"},"type":"Feature"},{"geometry":{"coordinates":[-111.87686,40.74184],"type":"Point"},"properties":{"kind":"stop","name":"500 E / 1300 S (SB)","stop_id":"14189"},"type":"Feature"},{"geometry":{"coordinates":[-111.8654,40.69768],"type":"Point"},"properties":{"kind":"stop","name":"900 E / 3385 S (NB)","stop_id":"14190"},"type":"Feature"},{"geometry":{"coordinates":[-111.86541,40.70439],"type":"Point"},"properties":{"kind":"stop","name":"900 E / Gregson Ave (NB)","stop_id":"14191"},"type":"Feature"},{"geometry":{"coordinates":[-111.86538,40.70601],"type":"Point"},"properties":{"kind":"stop","name":"900 E / Austin Ave (NB)","stop_id":"14192"},"type":"Feature"},{"geometry":{"coordinates":[-111.8654,40.70773],"type":"Point"},"properties":{"kind":"stop","name":"900 E / Crandall Ave (NB)","stop_id":"14193"},"type":"Feature"},{"geometry":{"coordinates":[-111.86539,40.70975],"type":"Point"},"properties":{"kind":"stop","name":"900 E / Atkin Ave (NB)","stop_id":"14194"},"type":"Feature"},{"geometry":{"coordinates":[-111.8654,40.71096],"type":"Point"},"properties":{"kind":"stop","name":"900 E / Charlton Cir (NB)","stop_id":"14195"},"type":"Feature"},{"geometry":{"coordinates":[-111.86535,40.71293],"type":"Point"},"properties":{"kind":"stop","name":"900 E / 2700 S (NB)","stop_id":"14196"},"type":"Feature"},{"geometry":{"coordinates":[-111.87698,40.70886],"type":"Point"},"properties":{"kind":"stop","name":"500 E / Sunset Ave (SB)","stop_id":"14197"},"type":"Feature"},{"geometry":{"coordinates":[-111.87701,40.707],"type":"Point"},"properties":{"kind":"stop","name":"500 E / Garden Ave (SB)","stop_id":"14198"},"type":"Feature"},{"geometry":{"coordinates":[-111.87699,40.70417],"type":"Point"},"properties":{"kind":"stop","name":"Fitts Park (SB)","stop_id":"14200"},"type":"Feature"},{"geometry":{"coordinates":[-111.87699,40.70197],"type":"Point"},"properties":{"kind":"stop","name":"500 E / Stanley Ave (SB)","stop_id":"14201"},"type":"Feature"},{"geometry":{"coordinates":[-111.87705,40.69795],"type":"Point"},"properties":{"kind":"stop","name":"500 E / Farmer Alumni Dr (SB)","stop_id":"14202"},"type":"Feature"},{"geometry":{"coordinates":[-111.87707,40.6956],"type":"Point"},"properties":{"kind":"stop","name":"500 E / Millcreek Way (SB)","stop_id":"14203"},"type":"Feature"},{"geometry":{"coordinates":[-111.87707,40.69406],"type":"Point"},"properties":{"kind":"stop","name":"500 E / Penney Ave (SB)","stop_id":"14204"},"type":"Feature"},{"geometry":{"coordinates":[-111.87708,40.6927],"type":"Point"},"properties":{"kind":"stop","name":"500 E / Wendell Dr (SB)","stop_id":"14205"},"type":"Feature"},{"geometry":{"coordinates":[-111.87709,40.69017],"type":"Point"},"properties":{"kind":"stop","name":"500 E / 3700 S (SB)","stop_id":"14206"},"type":"Feature"},{"geometry":{"coordinates":[-111.87707,40.68553],"type":"Point"},"properties":{"kind":"stop","name":"500 E / Delno Dr (SB)","stop_id":"14207"},"type":"Feature"},{"geometry":{"coordinates":[-111.87709,40.6833],"type":"Point"},"properties":{"kind":"stop","name":"500 E / 4050 S (SB)","stop_id":"14208"},"type":"Feature"},{"geometry":{"coordinates":[-111.87712,40.682],"type":"Point"},"properties":{"kind":"stop","name":"500 E / 4100 S (SB)","stop_id":"14209"},"type":"Feature"},{"geometry":{"coordinates":[-111.87706,40.67892],"type":"Point"},"properties":{"kind":"stop","name":"500 E / Joye St (SB)","stop_id":"14210"},"type":"Feature"},{"geometry":{"coordinates":[-111.87963,40.67443],"type":"Point"},"properties":{"kind":"stop","name":"4500 S / Gordon Ln (WB)","stop_id":"14211"},"type":"Feature"},{"geometry":{"coordinates":[-111.8836,40.67446],"type":"Point"},"properties":{"kind":"stop","name":"4500 S / Atwood Blvd (WB)","stop_id":"14212"},"type":"Feature"},{"geometry":{"coordinates":[-111.8885,40.67334],"type":"Point"},"properties":{"kind":"stop","name":"State St / 4500 S (SB)","stop_id":"14213"},"type":"Feature"},{"geometry":{"coordinates":[-111.88851,40.66656],"type":"Point"},"properties":{"kind":"stop","name":"State St / 4800 S (SB)","stop_id":"14214"},"type":"Feature"},{"geometry":{"coordinates":[-111.88851,40.66457],"type":"Point"},"properties":{"kind":"stop","name":"State St / Vine St (SB)","stop_id":"14215"},"type":"Feature"},{"geometry":{"coordinates":[-111.89555,40.65962],"type":"Point"},"properties":{"kind":"stop","name":"Murray Central Station (Bay A)","stop_id":"14216"},"type":"Feature"},{"geometry":{"coordinates":[-111.86548,40.76453],"type":"Point"},"properties":{"kind":"stop","name":"900 E / 200 S (SB)","stop_id":"14233"},"type":"Feature"},{"geometry":{"coordinates":[-111.86544,40.76012],"type":"Point"},"properties":{"kind":"stop","name":"900 E / 400 S (SB) for 900 East Stn","stop_id":"14235"},"type":"Feature"},{"geometry":{"coordinates":[-111.86545,40.75596],"type":"Point"},"properties":{"kind":"stop","name":"900 E / 600 S (SB)","stop_id":"14237"},"type":"Feature"},{"geometry":{"coordinates":[-111.86548,40.75155],"type":"Point"},"properties":{"kind":"stop","name":"900 E / 800 S (SB)","stop_id":"14238"},"type":"Feature"},{"geometry":{"coordinates":[-111.86548,40.7495],"type":"Point"},"properties":{"kind":"stop","name":"900 E / 900 S (SB)","stop_id":"14239"},"type":"Feature"},{"geometry":{"coordinates":[-111.86543,40.74548],"type":"Point"},"properties":{"kind":"stop","name":"900 E / Yale Ave (SB)","stop_id":"14242"},"type":"Feature"},{"geometry":{"coordinates":[-111.86544,40.74179],"type":"Point"},"properties":{"kind":"stop","name":"900 E / 1300 S (SB)","stop_id":"14244"},"type":"Feature"},{"geometry":{"coordinates":[-111.8654,40.73874],"type":"Point"},"properties":{"kind":"stop","name":"900 E / Browning Ave (SB)","stop_id":"14245"},"type":"Feature"},{"geometry":{"coordinates":[-111.86542,40.73571],"type":"Point"},"properties":{"kind":"stop","name":"900 E / Bryan Ave (SB)","stop_id":"14247"},"type":"Feature"},{"geometry":{"coordinates":[-111.86544,40.73394],"type":"Point"},"properties":{"kind":"stop","name":"900 E / 1700 S (SB)","stop_id":"14248"},"type":"Feature"},{"geometry":{"coordinates":[-111.86543,40.73045],"type":"Point"},"properties":{"kind":"stop","name":"900 E / Garfield Ave (SB)","stop_id":"14250"},"type":"Feature"},{"geometry":{"coordinates":[-111.86544,40.72747],"type":"Point"},"properties":{"kind":"stop","name":"900 E / Hollywood Ave (SB)","stop_id":"14251"},"type":"Feature"},{"geometry":{"coordinates":[-111.86548,40.72305],"type":"Point"},"properties":{"kind":"stop","name":"900 E / Sugarmont Dr and Stn (SB)","stop_id":"14253"},"type":"Feature"},{"geometry":{"coordinates":[-111.8655,40.71865],"type":"Point"},"properties":{"kind":"stop","name":"900 E / Parkway Ave (SB)","stop_id":"14255"},"type":"Feature"},{"geometry":{"coordinates":[-111.86553,40.71563],"type":"Point"},"properties":{"kind":"stop","name":"900 E / Stratford Ave (SB)","stop_id":"14257"},"type":"Feature"},{"geometry":{"coordinates":[-111.86555,40.7109],"type":"Point"},"properties":{"kind":"stop","name":"900 E / Charlton Cir (SB)","stop_id":"14259"},"type":"Feature"},{"geometry":{"coordinates":[-111.86556,40.70976],"type":"Point"},"properties":{"kind":"stop","name":"900 E / Atkin Ave (SB)","stop_id":"14260"},"type":"Feature"},{"geometry":{"coordinates":[-111.86555,40.70801],"type":"Point"},"properties":{"kind":"stop","name":"900 E / Zenith Ave (SB)","stop_id":"14261"},"type":"Feature"},{"geometry":{"coordinates":[-111.86556,40.706],"type":"Point"},"properties":{"kind":"stop","name":"900 E / Elgin Ave (SB)","stop_id":"14262"},"type":"Feature"},{"geometry":{"coordinates":[-111.86555,40.70443],"type":"Point"},"properties":{"kind":"stop","name":"900 E / Gregson Ave (SB)","stop_id":"14263"},"type":"Feature"},{"geometry":{"coordinates":[-111.86555,40.70177],"type":"Point"},"properties":{"kind":"stop","name":"900 E / Springview Dr (SB)","stop_id":"14264"},"type":"Feature"},{"geometry":{"coordinates":[-111.86557,40.69612],"type":"Point"},"properties":{"kind":"stop","name":"900 E / Scott Ave (SB)","stop_id":"14265"},"type":"Feature"},{"geometry":{"coordinates":[-111.86559,40.69311],"type":"Point"},"properties":{"kind":"stop","name":"900 E / 3600 S (SB)","stop_id":"14266"},"type":"Feature"},{"geometry":{"coordinates":[-111.86561,40.68997],"type":"Point"},"properties":{"kind":"stop","name":"900 E / White Maple Way (SB)","stop_id":"14268"},"type":"Feature"},{"geometry":{"coordinates":[-111.86563,40.68873],"type":"Point"},"properties":{"kind":"stop","name":"900 E / 3800 S (SB)","stop_id":"14269"},"type":"Feature"},{"geometry":{"coordinates":[-111.86462,40.68695],"type":"Point"},"properties":{"kind":"stop","name":"3900 S / 900 E (EB)","stop_id":"14270"},"type":"Feature"},{"geometry":{"coordinates":[-111.86288,40.68698],"type":"Point"},"properties":{"kind":"stop","name":"3900 S / 1000 E (EB)","stop_id":"14271"},"type":"Feature"},{"geometry":{"coordinates":[-111.88958,40.6335],"type":"Point"},"properties":{"kind":"stop","name":"State St / Winchester St (SB)","stop_id":"14276"},"type":"Feature"},{"geometry":{"coordinates":[-111.88903,40.63769],"type":"Point"},"properties":{"kind":"stop","name":"State St / 6100 S (NB)","stop_id":"14277"},"type":"Feature"},{"geometry":{"coordinates":[-111.88914,40.66445],"type":"Point"},"properties":{"kind":"stop","name":"Vine St / Poplar St (WB)","stop_id":"14295"},"type":"Feature"},{"geometry":{"coordinates":[-111.89282,40.66314],"type":"Point"},"properties":{"kind":"stop","name":"Vine St / Cottonwood St (SB)","stop_id":"14296"},"type":"Feature"},{"geometry":{"coordinates":[-111.89431,40.65923],"type":"Point"},"properties":{"kind":"stop","name":"Cottonwood St / Woodrow St (SB)","stop_id":"14297"},"type":"Feature"},{"geometry":{"coordinates":[-111.85931,40.68694],"type":"Point"},"properties":{"kind":"stop","name":"3900 S / 1100 E (EB)","stop_id":"14299"},"type":"Feature"},{"geometry":{"coordinates":[-111.85695,40.68696],"type":"Point"},"properties":{"kind":"stop","name":"3900 S / 1200 E (EB)","stop_id":"14300"},"type":"Feature"},{"geometry":{"coordinates":[-111.85716,40.6744],"type":"Point"},"properties":{"kind":"stop","name":"4500 S / 1200 E (WB)","stop_id":"14301"},"type":"Feature"},{"geometry":{"coordinates":[-111.86029,40.68713],"type":"Point"},"properties":{"kind":"stop","name":"3900 S / 1100 E (WB)","stop_id":"14309"},"type":"Feature"},{"geometry":{"coordinates":[-111.86316,40.68715],"type":"Point"},"properties":{"kind":"stop","name":"3900 S / 1000 E (WB)","stop_id":"14310"},"type":"Feature"},{"geometry":{"coordinates":[-111.86544,40.68762],"type":"Point"},"properties":{"kind":"stop","name":"900 E / 3900 S (NB)","stop_id":"14311"},"type":"Feature"},{"geometry":{"coordinates":[-111.86542,40.68899],"type":"Point"},"properties":{"kind":"stop","name":"900 E / 3800 S (NB)","stop_id":"14312"},"type":"Feature"},{"geometry":{"coordinates":[-111.86541,40.69077],"type":"Point"},"properties":{"kind":"stop","name":"900 E / 3700 S (NB)","stop_id":"14313"},"type":"Feature"},{"geometry":{"coordinates":[-111.8654,40.69267],"type":"Point"},"properties":{"kind":"stop","name":"900 E / 3600 S (NB)","stop_id":"14314"},"type":"Feature"},{"geometry":{"coordinates":[-111.8945,40.65849],"type":"Point"},"properties":{"kind":"stop","name":"Cottonwood St / Woodrow St (NB)","stop_id":"14316"},"type":"Feature"},{"geometry":{"coordinates":[-111.8929,40.66266],"type":"Point"},"properties":{"kind":"stop","name":"Vine St / Cottonwood St (NB)","stop_id":"14317"},"type":"Feature"},{"geometry":{"coordinates":[-111.89002,40.66427],"type":"Point"},"properties":{"kind":"stop","name":"Vine St / Poplar St (EB)","stop_id":"14318"},"type":"Feature"},{"geometry":{"coordinates":[-111.88809,40.66987],"type":"Point"},"properties":{"kind":"stop","name":"State St / Miller St (NB)","stop_id":"14319"},"type":"Feature"},{"geometry":{"coordinates":[-111.88808,40.67179],"type":"Point"},"properties":{"kind":"stop","name":"State St / 4600 S (NB)","stop_id":"14320"},"type":"Feature"},{"geometry":{"coordinates":[-111.88479,40.67421],"type":"Point"},"properties":{"kind":"stop","name":"4500 S / Atwood Blvd (EB)","stop_id":"14321"},"type":"Feature"},{"geometry":{"coordinates":[-111.88058,40.67423],"type":"Point"},"properties":{"kind":"stop","name":"4500 S / Creek Ln (EB)","stop_id":"14323"},"type":"Feature"},{"geometry":{"coordinates":[-111.87695,40.67817],"type":"Point"},"properties":{"kind":"stop","name":"500 E / Joye St (NB)","stop_id":"14325"},"type":"Feature"},{"geometry":{"coordinates":[-111.8769,40.67978],"type":"Point"},"properties":{"kind":"stop","name":"500 E / Malibu Dr (NB)","stop_id":"14326"},"type":"Feature"},{"geometry":{"coordinates":[-111.87696,40.68096],"type":"Point"},"properties":{"kind":"stop","name":"500 E / 4200 S (NB)","stop_id":"14327"},"type":"Feature"},{"geometry":{"coordinates":[-111.87693,40.68223],"type":"Point"},"properties":{"kind":"stop","name":"500 E / 4100 S (NB)","stop_id":"14328"},"type":"Feature"},{"geometry":{"coordinates":[-111.87693,40.68364],"type":"Point"},"properties":{"kind":"stop","name":"500 E / 4050 S (NB)","stop_id":"14329"},"type":"Feature"},{"geometry":{"coordinates":[-111.87692,40.68514],"type":"Point"},"properties":{"kind":"stop","name":"500 E / Delno Dr (NB)","stop_id":"14330"},"type":"Feature"},{"geometry":{"coordinates":[-111.87693,40.68788],"type":"Point"},"properties":{"kind":"stop","name":"500 E / 3900 S (NB)","stop_id":"14331"},"type":"Feature"},{"geometry":{"coordinates":[-111.87691,40.6903],"type":"Point"},"properties":{"kind":"stop","name":"500 E / 3700 S (NB)","stop_id":"14332"},"type":"Feature"},{"geometry":{"coordinates":[-111.87693,40.69342],"type":"Point"},"properties":{"kind":"stop","name":"500 E / Wendell Dr (NB)","stop_id":"14334"},"type":"Feature"},{"geometry":{"coordinates":[-111.87691,40.69534],"type":"Point"},"properties":{"kind":"stop","name":"500 E / Millcreek Way (NB)","stop_id":"14335"},"type":"Feature"},{"geometry":{"coordinates":[-111.88211,40.74974],"type":"Point"},"properties":{"kind":"stop","name":"900 S / 300 E (EB)","stop_id":"14340"},"type":"Feature"},{"geometry":{"coordinates":[-111.83455,40.75069],"type":"Point"},"properties":{"kind":"stop","name":"University Village West (EB)","stop_id":"14342"},"type":"Feature"},{"geometry":{"coordinates":[-111.84439,40.68544],"type":"Point"},"properties":{"kind":"stop","name":"Highland Dr / 3970 S (NB)","stop_id":"14349"},"type":"Feature"},{"geometry":{"coordinates":[-111.84692,40.69093],"type":"Point"},"properties":{"kind":"stop","name":"Highland Dr / Siggard Dr (NB)","stop_id":"14350"},"type":"Feature"},{"geometry":{"coordinates":[-111.84895,40.69519],"type":"Point"},"properties":{"kind":"stop","name":"Highland Dr / Millcreek Way (NB)","stop_id":"14352"},"type":"Feature"},{"geometry":{"coordinates":[-111.84981,40.69758],"type":"Point"},"properties":{"kind":"stop","name":"Highland Dr / Luck Ln (NB)","stop_id":"14354"},"type":"Feature"},{"geometry":{"coordinates":[-111.85089,40.70067],"type":"Point"},"properties":{"kind":"stop","name":"Highland Dr / 3300 S (NB)","stop_id":"14355"},"type":"Feature"},{"geometry":{"coordinates":[-111.85175,40.70306],"type":"Point"},"properties":{"kind":"stop","name":"Highland Dr / Miller Ave (NB)","stop_id":"14356"},"type":"Feature"},{"geometry":{"coordinates":[-111.85264,40.70544],"type":"Point"},"properties":{"kind":"stop","name":"Highland Dr / Elgin Ave (NB)","stop_id":"14357"},"type":"Feature"},{"geometry":{"coordinates":[-111.85342,40.70769],"type":"Point"},"properties":{"kind":"stop","name":"Highland Dr / Zenith Ave (NB)","stop_id":"14358"},"type":"Feature"},{"geometry":{"coordinates":[-111.85419,40.70965],"type":"Point"},"properties":{"kind":"stop","name":"Highland Dr / Atkin Ave (NB)","stop_id":"14359"},"type":"Feature"},{"geometry":{"coordinates":[-111.85489,40.71165],"type":"Point"},"properties":{"kind":"stop","name":"Highland Dr / 2700 S (NB)","stop_id":"14360"},"type":"Feature"},{"geometry":{"coordinates":[-111.85594,40.71533],"type":"Point"},"properties":{"kind":"stop","name":"Highland Dr / Stratford Ave (NB)","stop_id":"14362"},"type":"Feature"},{"geometry":{"coordinates":[-111.85666,40.71777],"type":"Point"},"properties":{"kind":"stop","name":"Highland Dr / Parkway Ave (NB)","stop_id":"14363"},"type":"Feature"},{"geometry":{"coordinates":[-111.85832,40.72182],"type":"Point"},"properties":{"kind":"stop","name":"Highland Dr / Simpson Ave (NB)","stop_id":"14365"},"type":"Feature"},{"geometry":{"coordinates":[-111.85955,40.7248],"type":"Point"},"properties":{"kind":"stop","name":"Highland Dr / 2100 S (NB)","stop_id":"14366"},"type":"Feature"},{"geometry":{"coordinates":[-111.85961,40.7285],"type":"Point"},"properties":{"kind":"stop","name":"1100 E / Ramona Ave (NB)","stop_id":"14368"},"type":"Feature"},{"geometry":{"coordinates":[-111.85959,40.73157],"type":"Point"},"properties":{"kind":"stop","name":"1100 E / Wilson Ave (NB)","stop_id":"14369"},"type":"Feature"},{"geometry":{"coordinates":[-111.87709,40.74976],"type":"Point"},"properties":{"kind":"stop","name":"900 S / 500 E (EB)","stop_id":"14375"},"type":"Feature"},{"geometry":{"coordinates":[-111.87349,40.74975],"type":"Point"},"properties":{"kind":"stop","name":"900 S / 600 E (EB)","stop_id":"14376"},"type":"Feature"},{"geometry":{"coordinates":[-111.87067,40.74977],"type":"Point"},"properties":{"kind":"stop","name":"900 S / 700 E (EB)","stop_id":"14377"},"type":"Feature"},{"geometry":{"coordinates":[-111.86781,40.74977],"type":"Point"},"properties":{"kind":"stop","name":"900 S / 800 E (EB)","stop_id":"14378"},"type":"Feature"},{"geometry":{"coordinates":[-111.86225,40.74971],"type":"Point"},"properties":{"kind":"stop","name":"900 S / 1000 E (EB)","stop_id":"14380"},"type":"Feature"},{"geometry":{"coordinates":[-111.85999,40.74971],"type":"Point"},"properties":{"kind":"stop","name":"900 S / 1100 E (EB)","stop_id":"14381"},"type":"Feature"},{"geometry":{"coordinates":[-111.84806,40.74739],"type":"Point"},"properties":{"kind":"stop","name":"1500 E / Gilmer Dr (SB)","stop_id":"14384"},"type":"Feature"},{"geometry":{"coordinates":[-111.84806,40.74545],"type":"Point"},"properties":{"kind":"stop","name":"1500 E / Yale Ave (SB)","stop_id":"14385"},"type":"Feature"},{"geometry":{"coordinates":[-111.84807,40.74361],"type":"Point"},"properties":{"kind":"stop","name":"1500 E / Princeton Ave (SB)","stop_id":"14386"},"type":"Feature"},{"geometry":{"coordinates":[-111.84807,40.74191],"type":"Point"},"properties":{"kind":"stop","name":"1500 E / 1300 S (SB)","stop_id":"14387"},"type":"Feature"},{"geometry":{"coordinates":[-111.84803,40.74012],"type":"Point"},"properties":{"kind":"stop","name":"1500 E / Harrison Ave (SB)","stop_id":"14388"},"type":"Feature"},{"geometry":{"coordinates":[-111.84801,40.73882],"type":"Point"},"properties":{"kind":"stop","name":"1500 E / Browning Ave (SB)","stop_id":"14389"},"type":"Feature"},{"geometry":{"coordinates":[-111.84804,40.73729],"type":"Point"},"properties":{"kind":"stop","name":"1500 E / Emerson Ave (SB)","stop_id":"14390"},"type":"Feature"},{"geometry":{"coordinates":[-111.84805,40.73544],"type":"Point"},"properties":{"kind":"stop","name":"1500 E / Bryan Ave (SB)","stop_id":"14391"},"type":"Feature"},{"geometry":{"coordinates":[-111.84807,40.73378],"type":"Point"},"properties":{"kind":"stop","name":"1500 E / 1700 S (SB)","stop_id":"14392"},"type":"Feature"},{"geometry":{"coordinates":[-111.84218,40.73338],"type":"Point"},"properties":{"kind":"stop","name":"1700 E / 1700 S (NB)","stop_id":"14397"},"type":"Feature"},{"geometry":{"coordinates":[-111.84209,40.72559],"type":"Point"},"properties":{"kind":"stop","name":"2100 S / 1700 E (WB)","stop_id":"14404"},"type":"Feature"},{"geometry":{"coordinates":[-111.84869,40.72598],"type":"Point"},"properties":{"kind":"stop","name":"2100 S / 1500 E (WB)","stop_id":"14406"},"type":"Feature"},{"geometry":{"coordinates":[-111.83074,40.72609],"type":"Point"},"properties":{"kind":"stop","name":"2100 E / 2100 S (NB)","stop_id":"14416"},"type":"Feature"},{"geometry":{"coordinates":[-111.83093,40.72588],"type":"Point"},"properties":{"kind":"stop","name":"2100 E / 2100 S (SB)","stop_id":"14417"},"type":"Feature"},{"geometry":{"coordinates":[-111.83413,40.72543],"type":"Point"},"properties":{"kind":"stop","name":"2100 S / 2000 E (EB)","stop_id":"14418"},"type":"Feature"},{"geometry":{"coordinates":[-111.84796,40.73524],"type":"Point"},"properties":{"kind":"stop","name":"1500 E / Bryan Ave (NB)","stop_id":"14424"},"type":"Feature"},{"geometry":{"coordinates":[-111.84793,40.73706],"type":"Point"},"properties":{"kind":"stop","name":"1500 E / Emerson Ave (NB)","stop_id":"14425"},"type":"Feature"},{"geometry":{"coordinates":[-111.84792,40.73867],"type":"Point"},"properties":{"kind":"stop","name":"1500 E / Browning Ave (NB)","stop_id":"14426"},"type":"Feature"},{"geometry":{"coordinates":[-111.84792,40.73987],"type":"Point"},"properties":{"kind":"stop","name":"1500 E / Harrison Ave (NB)","stop_id":"14427"},"type":"Feature"},{"geometry":{"coordinates":[-111.84792,40.74132],"type":"Point"},"properties":{"kind":"stop","name":"1500 E / 1300 S (NB)","stop_id":"14428"},"type":"Feature"},{"geometry":{"coordinates":[-111.84795,40.74356],"type":"Point"},"properties":{"kind":"stop","name":"1500 E / Princeton Ave (NB)","stop_id":"14429"},"type":"Feature"},{"geometry":{"coordinates":[-111.84792,40.74604],"type":"Point"},"properties":{"kind":"stop","name":"1500 E / Yale Ave (NB)","stop_id":"14430"},"type":"Feature"},{"geometry":{"coordinates":[-111.84795,40.74765],"type":"Point"},"properties":{"kind":"stop","name":"1500 E / Gilmer Dr (NB)","stop_id":"14431"},"type":"Feature"},{"geometry":{"coordinates":[-111.84709,40.7496],"type":"Point"},"properties":{"kind":"stop","name":"1500 E / 900 S (NB)","stop_id":"14432"},"type":"Feature"},{"geometry":{"coordinates":[-111.85922,40.74986],"type":"Point"},"properties":{"kind":"stop","name":"900 S / 1100 E (WB)","stop_id":"14435"},"type":"Feature"},{"geometry":{"coordinates":[-111.86259,40.74989],"type":"Point"},"properties":{"kind":"stop","name":"900 S / 1000 E (WB)","stop_id":"14436"},"type":"Feature"},{"geometry":{"coordinates":[-111.86575,40.74988],"type":"Point"},"properties":{"kind":"stop","name":"900 S / 900 E (WB)","stop_id":"14437"},"type":"Feature"},{"geometry":{"coordinates":[-111.86785,40.74989],"type":"Point"},"properties":{"kind":"stop","name":"900 S / 800 E (WB)","stop_id":"14438"},"type":"Feature"},{"geometry":{"coordinates":[-111.8717,40.74988],"type":"Point"},"properties":{"kind":"stop","name":"900 S / 700 E (WB)","stop_id":"14439"},"type":"Feature"},{"geometry":{"coordinates":[-111.8743,40.74988],"type":"Point"},"properties":{"kind":"stop","name":"900 S / 600 E (WB)","stop_id":"14440"},"type":"Feature"},{"geometry":{"coordinates":[-111.87738,40.74988],"type":"Point"},"properties":{"kind":"stop","name":"900 S / 500 E (WB)","stop_id":"14442"},"type":"Feature"},{"geometry":{"coordinates":[-111.88006,40.74988],"type":"Point"},"properties":{"kind":"stop","name":"900 S / 400 E (WB)","stop_id":"14443"},"type":"Feature"},{"geometry":{"coordinates":[-111.88284,40.74987],"type":"Point"},"properties":{"kind":"stop","name":"900 S / 300 E (WB)","stop_id":"14444"},"type":"Feature"},{"geometry":{"coordinates":[-111.88573,40.74988],"type":"Point"},"properties":{"kind":"stop","name":"900 S / 200 E (WB)","stop_id":"14445"},"type":"Feature"},{"geometry":{"coordinates":[-111.88531,40.76364],"type":"Point"},"properties":{"kind":"stop","name":"200 E / 300 S (NB)","stop_id":"14451"},"type":"Feature"},{"geometry":{"coordinates":[-111.8349,40.64371],"type":"Point"},"properties":{"kind":"stop","name":"Highland Dr / Fardown Ave (NB)","stop_id":"14453"},"type":"Feature"},{"geometry":{"coordinates":[-111.83487,40.64735],"type":"Point"},"properties":{"kind":"stop","name":"Highland Dr / Wildwood Dr (NB)","stop_id":"14455"},"type":"Feature"},{"geometry":{"coordinates":[-111.83486,40.6498],"type":"Point"},"properties":{"kind":"stop","name":"Highland Dr / 5600 S (NB)","stop_id":"14456"},"type":"Feature"},{"geometry":{"coordinates":[-111.83487,40.65188],"type":"Point"},"properties":{"kind":"stop","name":"Highland Dr / Walker Ln (NB)","stop_id":"14457"},"type":"Feature"},{"geometry":{"coordinates":[-111.83471,40.6561],"type":"Point"},"properties":{"kind":"stop","name":"Highland Dr / Spring Ln (NB)","stop_id":"14459"},"type":"Feature"},{"geometry":{"coordinates":[-111.83469,40.65952],"type":"Point"},"properties":{"kind":"stop","name":"Highland Dr / Moor Mont Dr (NB)","stop_id":"14461"},"type":"Feature"},{"geometry":{"coordinates":[-111.839,40.66495],"type":"Point"},"properties":{"kind":"stop","name":"Highland Dr / Murray Holladay Rd (N","stop_id":"14463"},"type":"Feature"},{"geometry":{"coordinates":[-111.83916,40.66636],"type":"Point"},"properties":{"kind":"stop","name":"Highland Dr / Sycamore Ln (NB)","stop_id":"14464"},"type":"Feature"},{"geometry":{"coordinates":[-111.84065,40.67171],"type":"Point"},"properties":{"kind":"stop","name":"Highland Dr / Cottonwood Glen Ct (N","stop_id":"14466"},"type":"Feature"},{"geometry":{"coordinates":[-111.84178,40.6751],"type":"Point"},"properties":{"kind":"stop","name":"Highland Dr / 4500 S (NB)","stop_id":"14467"},"type":"Feature"},{"geometry":{"coordinates":[-111.84248,40.67798],"type":"Point"},"properties":{"kind":"stop","name":"Highland Dr / Olive Dr (NB)","stop_id":"14469"},"type":"Feature"},{"geometry":{"coordinates":[-111.84299,40.68082],"type":"Point"},"properties":{"kind":"stop","name":"Highland Dr / Holladay Blvd (NB)","stop_id":"14470"},"type":"Feature"},{"geometry":{"coordinates":[-111.85956,40.73412],"type":"Point"},"properties":{"kind":"stop","name":"1100 E / 1700 S (NB)","stop_id":"14471"},"type":"Feature"},{"geometry":{"coordinates":[-111.85958,40.73607],"type":"Point"},"properties":{"kind":"stop","name":"1100 E / Kensington Ave (NB)","stop_id":"14472"},"type":"Feature"},{"geometry":{"coordinates":[-111.85954,40.73974],"type":"Point"},"properties":{"kind":"stop","name":"1100 E / Harrison Ave (NB)","stop_id":"14474"},"type":"Feature"},{"geometry":{"coordinates":[-111.85953,40.74209],"type":"Point"},"properties":{"kind":"stop","name":"1100 E / 1300 S (NB)","stop_id":"14475"},"type":"Feature"},{"geometry":{"coordinates":[-111.85949,40.74564],"type":"Point"},"properties":{"kind":"stop","name":"1100 E / Yale Ave (NB)","stop_id":"14477"},"type":"Feature"},{"geometry":{"coordinates":[-111.85945,40.74946],"type":"Point"},"properties":{"kind":"stop","name":"1100 E / 900 S (NB)","stop_id":"14479"},"type":"Feature"},{"geometry":{"coordinates":[-111.86222,40.7651],"type":"Point"},"properties":{"kind":"stop","name":"200 S / 1000 E (WB)","stop_id":"14482"},"type":"Feature"},{"geometry":{"coordinates":[-111.89927,40.76521],"type":"Point"},"properties":{"kind":"stop","name":"200 S / 300 W (WB)","stop_id":"14483"},"type":"Feature"},{"geometry":{"coordinates":[-111.85426,40.66644],"type":"Point"},"properties":{"kind":"stop","name":"1300 E / Murray Holladay Rd (NB)","stop_id":"14501"},"type":"Feature"},{"geometry":{"coordinates":[-111.8654,40.70309],"type":"Point"},"properties":{"kind":"stop","name":"900 E / Kingsmill Ln (NB)","stop_id":"14504"},"type":"Feature"},{"geometry":{"coordinates":[-111.86522,40.72506],"type":"Point"},"properties":{"kind":"stop","name":"900 E / 2100 S (NB)","stop_id":"14505"},"type":"Feature"},{"geometry":{"coordinates":[-111.90857,40.84467],"type":"Point"},"properties":{"kind":"stop","name":"US-89 / 100 N (NB)","stop_id":"14506"},"type":"Feature"},{"geometry":{"coordinates":[-112.04538,41.12302],"type":"Point"},"properties":{"kind":"stop","name":"1000 W / 700 N (SB)","stop_id":"14511"},"type":"Feature"},{"geometry":{"coordinates":[-111.87706,40.67655],"type":"Point"},"properties":{"kind":"stop","name":"500 E / Bridlewood Dr (SB)","stop_id":"14514"},"type":"Feature"},{"geometry":{"coordinates":[-111.88809,40.6666],"type":"Point"},"properties":{"kind":"stop","name":"State St / 4800 S (NB)","stop_id":"14516"},"type":"Feature"},{"geometry":{"coordinates":[-111.90802,40.65711],"type":"Point"},"properties":{"kind":"stop","name":"Murray Blvd / Allendale Dr (NB)","stop_id":"14541"},"type":"Feature"},{"geometry":{"coordinates":[-111.89919,40.66086],"type":"Point"},"properties":{"kind":"stop","name":"Vine Street Station","stop_id":"14546"},"type":"Feature"},{"geometry":{"coordinates":[-111.91693,40.76032],"type":"Point"},"properties":{"kind":"stop","name":"900 W / 400 S (SB)","stop_id":"14551"},"type":"Feature"},{"geometry":{"coordinates":[-111.91693,40.75593],"type":"Point"},"properties":{"kind":"stop","name":"900 W / 600 S (SB)","stop_id":"14553"},"type":"Feature"},{"geometry":{"coordinates":[-111.91434,40.75401],"type":"Point"},"properties":{"kind":"stop","name":"700 S / 800 W (EB)","stop_id":"14555"},"type":"Feature"},{"geometry":{"coordinates":[-111.91694,40.7514],"type":"Point"},"properties":{"kind":"stop","name":"900 W / 800 S (SB)","stop_id":"14556"},"type":"Feature"},{"geometry":{"coordinates":[-111.91694,40.75002],"type":"Point"},"properties":{"kind":"stop","name":"900 W / 900 S (SB)","stop_id":"14557"},"type":"Feature"},{"geometry":{"coordinates":[-111.91695,40.74811],"type":"Point"},"properties":{"kind":"stop","name":"900 W / Fayette Ave (SB)","stop_id":"14558"},"type":"Feature"},{"geometry":{"coordinates":[-111.91699,40.74473],"type":"Point"},"properties":{"kind":"stop","name":"900 W / Fremont Ave (SB)","stop_id":"14560"},"type":"Feature"},{"geometry":{"coordinates":[-111.91907,40.74059],"type":"Point"},"properties":{"kind":"stop","name":"California Ave / 1000 W (WB)","stop_id":"14561"},"type":"Feature"},{"geometry":{"coordinates":[-111.88843,40.76385],"type":"Point"},"properties":{"kind":"stop","name":"State St / 250 S (SB)","stop_id":"14596"},"type":"Feature"},{"geometry":{"coordinates":[-111.88842,40.76001],"type":"Point"},"properties":{"kind":"stop","name":"State St / 400 S (SB)","stop_id":"14598"},"type":"Feature"},{"geometry":{"coordinates":[-111.89944,40.66094],"type":"Point"},"properties":{"kind":"stop","name":"Vine Street Station","stop_id":"14603"},"type":"Feature"},{"geometry":{"coordinates":[-111.90876,40.657],"type":"Point"},"properties":{"kind":"stop","name":"Murray Blvd / Allendale Dr (SB)","stop_id":"14607"},"type":"Feature"},{"geometry":{"coordinates":[-111.92944,40.75524],"type":"Point"},"properties":{"kind":"stop","name":"Navajo St / Arapahoe Ave (NB)","stop_id":"14644"},"type":"Feature"},{"geometry":{"coordinates":[-111.92957,40.75082],"type":"Point"},"properties":{"kind":"stop","name":"Navajo St / Indiana Ave (SB)","stop_id":"14652"},"type":"Feature"},{"geometry":{"coordinates":[-111.92953,40.74801],"type":"Point"},"properties":{"kind":"stop","name":"Navajo St / 1000 S (SB)","stop_id":"14653"},"type":"Feature"},{"geometry":{"coordinates":[-111.92749,40.74037],"type":"Point"},"properties":{"kind":"stop","name":"California Ave / Concord St (EB)","stop_id":"14668"},"type":"Feature"},{"geometry":{"coordinates":[-111.92401,40.74039],"type":"Point"},"properties":{"kind":"stop","name":"California Ave / Emery St (EB)","stop_id":"14669"},"type":"Feature"},{"geometry":{"coordinates":[-111.91933,40.74041],"type":"Point"},"properties":{"kind":"stop","name":"California Ave / 1000 W (EB)","stop_id":"14670"},"type":"Feature"},{"geometry":{"coordinates":[-111.91675,40.74468],"type":"Point"},"properties":{"kind":"stop","name":"900 W / Fremont Ave (NB)","stop_id":"14672"},"type":"Feature"},{"geometry":{"coordinates":[-111.91675,40.74821],"type":"Point"},"properties":{"kind":"stop","name":"900 W / Fayette Ave (NB)","stop_id":"14674"},"type":"Feature"},{"geometry":{"coordinates":[-111.9167,40.75008],"type":"Point"},"properties":{"kind":"stop","name":"900 W / 900 S (NB)","stop_id":"14675"},"type":"Feature"},{"geometry":{"coordinates":[-111.89452,40.56957],"type":"Point"},"properties":{"kind":"stop","name":"10000 S / Centennial Pkwy (EB)","stop_id":"14697"},"type":"Feature"},{"geometry":{"coordinates":[-111.89209,40.56958],"type":"Point"},"properties":{"kind":"stop","name":"10000 S / State St (EB)","stop_id":"14698"},"type":"Feature"},{"geometry":{"coordinates":[-111.88543,40.5712],"type":"Point"},"properties":{"kind":"stop","name":"Sandy Civic Center Station (Bay B)","stop_id":"14699"},"type":"Feature"},{"geometry":{"coordinates":[-111.89164,40.56982],"type":"Point"},"properties":{"kind":"stop","name":"10000 S / State St (WB)","stop_id":"14700"},"type":"Feature"},{"geometry":{"coordinates":[-111.91381,40.75376],"type":"Point"},"properties":{"kind":"stop","name":"800 W / 700 S (NB)","stop_id":"14716"},"type":"Feature"},{"geometry":{"coordinates":[-111.91671,40.75441],"type":"Point"},"properties":{"kind":"stop","name":"900 W / 700 S (NB)","stop_id":"14717"},"type":"Feature"},{"geometry":{"coordinates":[-111.91673,40.75673],"type":"Point"},"properties":{"kind":"stop","name":"900 W / 600 S (NB)","stop_id":"14718"},"type":"Feature"},{"geometry":{"coordinates":[-111.91673,40.76026],"type":"Point"},"properties":{"kind":"stop","name":"900 W / 400 S (NB)","stop_id":"14720"},"type":"Feature"},{"geometry":{"coordinates":[-111.90569,40.76054],"type":"Point"},"properties":{"kind":"stop","name":"400 S / 500 W (EB)","stop_id":"14721"},"type":"Feature"},{"geometry":{"coordinates":[-111.90005,40.76053],"type":"Point"},"properties":{"kind":"stop","name":"400 S / 300 W (EB)","stop_id":"14722"},"type":"Feature"},{"geometry":{"coordinates":[-111.89637,40.76051],"type":"Point"},"properties":{"kind":"stop","name":"400 S / 200 W (EB)","stop_id":"14723"},"type":"Feature"},{"geometry":{"coordinates":[-111.8965,40.76078],"type":"Point"},"properties":{"kind":"stop","name":"400 S / 200 W (WB)","stop_id":"14724"},"type":"Feature"},{"geometry":{"coordinates":[-111.90027,40.7608],"type":"Point"},"properties":{"kind":"stop","name":"400 S / 300 W (WB)","stop_id":"14725"},"type":"Feature"},{"geometry":{"coordinates":[-111.90352,40.76079],"type":"Point"},"properties":{"kind":"stop","name":"400 S / Rio Grande St (WB)","stop_id":"14727"},"type":"Feature"},{"geometry":{"coordinates":[-111.96012,40.69494],"type":"Point"},"properties":{"kind":"stop","name":"West Valley Central Station (Bay L)","stop_id":"14728"},"type":"Feature"},{"geometry":{"coordinates":[-111.9579,40.70784],"type":"Point"},"properties":{"kind":"stop","name":"Constitution Blvd / 2890 S (NB)","stop_id":"14732"},"type":"Feature"},{"geometry":{"coordinates":[-111.95791,40.7103],"type":"Point"},"properties":{"kind":"stop","name":"Constitution Blvd / 2771 S (NB)","stop_id":"14733"},"type":"Feature"},{"geometry":{"coordinates":[-111.96217,40.72641],"type":"Point"},"properties":{"kind":"stop","name":"North Frontage Rd / 2900 W (EB)","stop_id":"14746"},"type":"Feature"},{"geometry":{"coordinates":[-111.95796,40.72871],"type":"Point"},"properties":{"kind":"stop","name":"UDOT Region Two (NB)","stop_id":"14747"},"type":"Feature"},{"geometry":{"coordinates":[-111.95794,40.73393],"type":"Point"},"properties":{"kind":"stop","name":"Pioneer Rd / 1700 S (NB)","stop_id":"14748"},"type":"Feature"},{"geometry":{"coordinates":[-111.95795,40.73737],"type":"Point"},"properties":{"kind":"stop","name":"Pioneer Rd / 1500 S (NB)","stop_id":"14749"},"type":"Feature"},{"geometry":{"coordinates":[-111.9491,40.73305],"type":"Point"},"properties":{"kind":"stop","name":"1700 S / Bennett Rd (EB)","stop_id":"14753"},"type":"Feature"},{"geometry":{"coordinates":[-111.94723,40.73305],"type":"Point"},"properties":{"kind":"stop","name":"1700 S / Wallace Rd (EB)","stop_id":"14754"},"type":"Feature"},{"geometry":{"coordinates":[-111.94433,40.73305],"type":"Point"},"properties":{"kind":"stop","name":"1700 S / Industrial Rd (EB)","stop_id":"14755"},"type":"Feature"},{"geometry":{"coordinates":[-111.94276,40.73306],"type":"Point"},"properties":{"kind":"stop","name":"1700 S / Empire Rd (EB)","stop_id":"14756"},"type":"Feature"},{"geometry":{"coordinates":[-111.9402,40.73298],"type":"Point"},"properties":{"kind":"stop","name":"1700 S / Redwood Rd (EB)","stop_id":"14757"},"type":"Feature"},{"geometry":{"coordinates":[-111.93922,40.73255],"type":"Point"},"properties":{"kind":"stop","name":"Redwood Rd / 1700 S (SB)","stop_id":"14758"},"type":"Feature"},{"geometry":{"coordinates":[-111.93922,40.73013],"type":"Point"},"properties":{"kind":"stop","name":"Redwood Rd / 1800 S (SB)","stop_id":"14759"},"type":"Feature"},{"geometry":{"coordinates":[-111.9331,40.72581],"type":"Point"},"properties":{"kind":"stop","name":"2100 S / 1500 W (EB)","stop_id":"14762"},"type":"Feature"},{"geometry":{"coordinates":[-111.8869,40.72535],"type":"Point"},"properties":{"kind":"stop","name":"2100 S / State St (EB)","stop_id":"14767"},"type":"Feature"},{"geometry":{"coordinates":[-111.88514,40.72534],"type":"Point"},"properties":{"kind":"stop","name":"2100 S / 200 E (EB)","stop_id":"14768"},"type":"Feature"},{"geometry":{"coordinates":[-111.88279,40.72535],"type":"Point"},"properties":{"kind":"stop","name":"2100 S / 300 E (EB)","stop_id":"14769"},"type":"Feature"},{"geometry":{"coordinates":[-111.85966,40.74586],"type":"Point"},"properties":{"kind":"stop","name":"1100 E / Yale Ave (SB)","stop_id":"14771"},"type":"Feature"},{"geometry":{"coordinates":[-111.8597,40.7409],"type":"Point"},"properties":{"kind":"stop","name":"1100 E / 1300 S (SB)","stop_id":"14773"},"type":"Feature"},{"geometry":{"coordinates":[-111.85971,40.73962],"type":"Point"},"properties":{"kind":"stop","name":"1100 E / Harrison Ave (SB)","stop_id":"14774"},"type":"Feature"},{"geometry":{"coordinates":[-111.85972,40.73651],"type":"Point"},"properties":{"kind":"stop","name":"1100 E / Kensington Ave (SB)","stop_id":"14776"},"type":"Feature"},{"geometry":{"coordinates":[-111.85972,40.73387],"type":"Point"},"properties":{"kind":"stop","name":"1100 E / 1700 S (SB)","stop_id":"14777"},"type":"Feature"},{"geometry":{"coordinates":[-111.85974,40.73169],"type":"Point"},"properties":{"kind":"stop","name":"1100 E / Wilson Ave (SB)","stop_id":"14778"},"type":"Feature"},{"geometry":{"coordinates":[-111.8597,40.72836],"type":"Point"},"properties":{"kind":"stop","name":"1100 E / Ramona Ave (SB)","stop_id":"14780"},"type":"Feature"},{"geometry":{"coordinates":[-111.85863,40.72204],"type":"Point"},"properties":{"kind":"stop","name":"Highland Dr / Simpson Ave (SB)","stop_id":"14783"},"type":"Feature"},{"geometry":{"coordinates":[-111.857,40.71838],"type":"Point"},"properties":{"kind":"stop","name":"Highland Dr / Parkway Ave (SB)","stop_id":"14785"},"type":"Feature"},{"geometry":{"coordinates":[-111.85623,40.71575],"type":"Point"},"properties":{"kind":"stop","name":"Highland Dr / Stratford Ave (SB)","stop_id":"14786"},"type":"Feature"},{"geometry":{"coordinates":[-111.85537,40.71237],"type":"Point"},"properties":{"kind":"stop","name":"Highland Dr / 2700 S (SB)","stop_id":"14787"},"type":"Feature"},{"geometry":{"coordinates":[-111.85498,40.71135],"type":"Point"},"properties":{"kind":"stop","name":"Highland Dr / Greystone Way (SB)","stop_id":"14788"},"type":"Feature"},{"geometry":{"coordinates":[-111.85425,40.70936],"type":"Point"},"properties":{"kind":"stop","name":"Highland Dr / Atkin Ave (SB)","stop_id":"14789"},"type":"Feature"},{"geometry":{"coordinates":[-111.85347,40.70729],"type":"Point"},"properties":{"kind":"stop","name":"Highland Dr / Hudson Ave (SB)","stop_id":"14790"},"type":"Feature"},{"geometry":{"coordinates":[-111.85197,40.70298],"type":"Point"},"properties":{"kind":"stop","name":"Highland Dr / Miller Ave (SB)","stop_id":"14791"},"type":"Feature"},{"geometry":{"coordinates":[-111.84947,40.69602],"type":"Point"},"properties":{"kind":"stop","name":"Highland Dr / Evergreen Ln (SB)","stop_id":"14793"},"type":"Feature"},{"geometry":{"coordinates":[-111.84897,40.69461],"type":"Point"},"properties":{"kind":"stop","name":"Highland Dr / Millcreek Way (SB)","stop_id":"14794"},"type":"Feature"},{"geometry":{"coordinates":[-111.84707,40.69076],"type":"Point"},"properties":{"kind":"stop","name":"Highland Dr / Siggard Dr (SB)","stop_id":"14796"},"type":"Feature"},{"geometry":{"coordinates":[-111.84566,40.68836],"type":"Point"},"properties":{"kind":"stop","name":"Highland Dr / Forest Hills Dr (SB)","stop_id":"14797"},"type":"Feature"},{"geometry":{"coordinates":[-111.93923,40.78733],"type":"Point"},"properties":{"kind":"stop","name":"Redwood Rd / 800 N (NB)","stop_id":"14808"},"type":"Feature"},{"geometry":{"coordinates":[-111.93916,40.78896],"type":"Point"},"properties":{"kind":"stop","name":"Redwood Rd / 900 N (NB)","stop_id":"14809"},"type":"Feature"},{"geometry":{"coordinates":[-111.93905,40.79147],"type":"Point"},"properties":{"kind":"stop","name":"Redwood Rd / 1000 N (NB)","stop_id":"14810"},"type":"Feature"},{"geometry":{"coordinates":[-111.93908,40.79801],"type":"Point"},"properties":{"kind":"stop","name":"Redwood Road / 1300 N (NB)","stop_id":"14812"},"type":"Feature"},{"geometry":{"coordinates":[-111.93898,40.80754],"type":"Point"},"properties":{"kind":"stop","name":"Redwood Rd / Jordan River Trail (NB","stop_id":"14818"},"type":"Feature"},{"geometry":{"coordinates":[-111.93847,40.8135],"type":"Point"},"properties":{"kind":"stop","name":"Redwood Road / 2300 N (NB)","stop_id":"14819"},"type":"Feature"},{"geometry":{"coordinates":[-111.84392,40.68338],"type":"Point"},"properties":{"kind":"stop","name":"Highland Dr / Woodside Dr (SB)","stop_id":"14821"},"type":"Feature"},{"geometry":{"coordinates":[-111.84302,40.67997],"type":"Point"},"properties":{"kind":"stop","name":"Highland Dr / Holladay Blvd (SB)","stop_id":"14823"},"type":"Feature"},{"geometry":{"coordinates":[-111.84264,40.67785],"type":"Point"},"properties":{"kind":"stop","name":"Highland Dr / Olive Dr (SB)","stop_id":"14824"},"type":"Feature"},{"geometry":{"coordinates":[-111.84238,40.6762],"type":"Point"},"properties":{"kind":"stop","name":"Highland Dr / Kiera Ct (SB)","stop_id":"14825"},"type":"Feature"},{"geometry":{"coordinates":[-111.84157,40.67381],"type":"Point"},"properties":{"kind":"stop","name":"Highland Dr / 4500 S (SB)","stop_id":"14826"},"type":"Feature"},{"geometry":{"coordinates":[-111.83999,40.66877],"type":"Point"},"properties":{"kind":"stop","name":"Highland Dr / 4675 S (SB)","stop_id":"14828"},"type":"Feature"},{"geometry":{"coordinates":[-111.83933,40.66479],"type":"Point"},"properties":{"kind":"stop","name":"Highland Dr / Murray Holladay Rd (S","stop_id":"14829"},"type":"Feature"},{"geometry":{"coordinates":[-111.83545,40.6604],"type":"Point"},"properties":{"kind":"stop","name":"Highland Dr / Moor Mont Dr (SB)","stop_id":"14831"},"type":"Feature"},{"geometry":{"coordinates":[-111.83494,40.65612],"type":"Point"},"properties":{"kind":"stop","name":"Highland Dr / Spring Ln (SB)","stop_id":"14833"},"type":"Feature"},{"geometry":{"coordinates":[-111.83505,40.65225],"type":"Point"},"properties":{"kind":"stop","name":"Highland Dr / Walker Ln (SB)","stop_id":"14835"},"type":"Feature"},{"geometry":{"coordinates":[-111.83507,40.64909],"type":"Point"},"properties":{"kind":"stop","name":"Highland Dr / 5600 S (SB)","stop_id":"14836"},"type":"Feature"},{"geometry":{"coordinates":[-111.83508,40.64737],"type":"Point"},"properties":{"kind":"stop","name":"Highland Dr / Wildwood Dr (SB)","stop_id":"14837"},"type":"Feature"},{"geometry":{"coordinates":[-111.83512,40.64395],"type":"Point"},"properties":{"kind":"stop","name":"Highland Dr / Fardown Ave (SB)","stop_id":"14839"},"type":"Feature"},{"geometry":{"coordinates":[-111.93934,40.79379],"type":"Point"},"properties":{"kind":"stop","name":"Redwood Rd / 1100 N (SB)","stop_id":"14856"},"type":"Feature"},{"geometry":{"coordinates":[-111.93938,40.79151],"type":"Point"},"properties":{"kind":"stop","name":"Redwood Rd / 1000 N  (SB)","stop_id":"14857"},"type":"Feature"},{"geometry":{"coordinates":[-111.93948,40.78873],"type":"Point"},"properties":{"kind":"stop","name":"Redwood Rd / 900 N (SB)","stop_id":"14858"},"type":"Feature"},{"geometry":{"coordinates":[-111.93953,40.78657],"type":"Point"},"properties":{"kind":"stop","name":"Redwood Rd / 800 N (SB)","stop_id":"14859"},"type":"Feature"},{"geometry":{"coordinates":[-111.89684,40.61102],"type":"Point"},"properties":{"kind":"stop","name":"Center St / Grant St (WB)","stop_id":"14867"},"type":"Feature"},{"geometry":{"coordinates":[-111.90239,40.61104],"type":"Point"},"properties":{"kind":"stop","name":"Center St / Chapel St (WB)","stop_id":"14869"},"type":"Feature"},{"geometry":{"coordinates":[-111.90415,40.61104],"type":"Point"},"properties":{"kind":"stop","name":"Center St / Locust St (WB)","stop_id":"14870"},"type":"Feature"},{"geometry":{"coordinates":[-111.90831,40.6109],"type":"Point"},"properties":{"kind":"stop","name":"Center St / Allen St (WB)","stop_id":"14871"},"type":"Feature"},{"geometry":{"coordinates":[-111.91038,40.6099],"type":"Point"},"properties":{"kind":"stop","name":"Main St / Price St (SB)","stop_id":"14872"},"type":"Feature"},{"geometry":{"coordinates":[-111.91042,40.6065],"type":"Point"},"properties":{"kind":"stop","name":"Midvale Main St / Wasatch St (SB)","stop_id":"14874"},"type":"Feature"},{"geometry":{"coordinates":[-111.89627,40.60419],"type":"Point"},"properties":{"kind":"stop","name":"Monroe St / Columbia Dr (SB)","stop_id":"14878"},"type":"Feature"},{"geometry":{"coordinates":[-111.89624,40.60227],"type":"Point"},"properties":{"kind":"stop","name":"Monroe St / Marquette Dr (SB)","stop_id":"14879"},"type":"Feature"},{"geometry":{"coordinates":[-111.89619,40.60105],"type":"Point"},"properties":{"kind":"stop","name":"Monroe St / St Marys Dr (SB)","stop_id":"14880"},"type":"Feature"},{"geometry":{"coordinates":[-111.89618,40.5993],"type":"Point"},"properties":{"kind":"stop","name":"Monroe St / Princeton Dr (SB)","stop_id":"14881"},"type":"Feature"},{"geometry":{"coordinates":[-111.89606,40.59161],"type":"Point"},"properties":{"kind":"stop","name":"Monroe St / Cottage Ave (SB)","stop_id":"14884"},"type":"Feature"},{"geometry":{"coordinates":[-111.89601,40.58937],"type":"Point"},"properties":{"kind":"stop","name":"Monroe Blvd / Freedom Ave (SB)","stop_id":"14885"},"type":"Feature"},{"geometry":{"coordinates":[-111.9043,40.59154],"type":"Point"},"properties":{"kind":"stop","name":"Sandy Pkwy / 8800 S (NB)","stop_id":"14887"},"type":"Feature"},{"geometry":{"coordinates":[-111.90472,40.59371],"type":"Point"},"properties":{"kind":"stop","name":"Sandy Pkwy / 8700 S (NB)","stop_id":"14888"},"type":"Feature"},{"geometry":{"coordinates":[-111.9063,40.59721],"type":"Point"},"properties":{"kind":"stop","name":"Sandy Pkwy / 8500 S (NB)","stop_id":"14889"},"type":"Feature"},{"geometry":{"coordinates":[-111.90946,40.59855],"type":"Point"},"properties":{"kind":"stop","name":"Sandy Pkwy / 700 W (NB)","stop_id":"14890"},"type":"Feature"},{"geometry":{"coordinates":[-111.9102,40.60441],"type":"Point"},"properties":{"kind":"stop","name":"Midvale Main St / Fern St (NB)","stop_id":"14892"},"type":"Feature"},{"geometry":{"coordinates":[-111.91022,40.60676],"type":"Point"},"properties":{"kind":"stop","name":"Midvale Main St / Wasatch St (NB)","stop_id":"14893"},"type":"Feature"},{"geometry":{"coordinates":[-111.90983,40.61054],"type":"Point"},"properties":{"kind":"stop","name":"Center St / Main St (EB)","stop_id":"14895"},"type":"Feature"},{"geometry":{"coordinates":[-111.95366,40.77105],"type":"Point"},"properties":{"kind":"stop","name":"2200 W / North Temple St (SB)","stop_id":"14896"},"type":"Feature"},{"geometry":{"coordinates":[-111.89819,40.6336],"type":"Point"},"properties":{"kind":"stop","name":"Fashion Place West Station (Bay C)","stop_id":"14901"},"type":"Feature"},{"geometry":{"coordinates":[-111.89621,40.63291],"type":"Point"},"properties":{"kind":"stop","name":"Winchester St / Jefferson St (EB)","stop_id":"14902"},"type":"Feature"},{"geometry":{"coordinates":[-111.89391,40.63306],"type":"Point"},"properties":{"kind":"stop","name":"Winchester St / Malstrom Ln (EB)","stop_id":"14903"},"type":"Feature"},{"geometry":{"coordinates":[-111.89148,40.63321],"type":"Point"},"properties":{"kind":"stop","name":"Winchester St / State St (EB)","stop_id":"14904"},"type":"Feature"},{"geometry":{"coordinates":[-111.88635,40.63292],"type":"Point"},"properties":{"kind":"stop","name":"Winchester/Fashion Place Mall (EB)","stop_id":"14905"},"type":"Feature"},{"geometry":{"coordinates":[-111.88236,40.63263],"type":"Point"},"properties":{"kind":"stop","name":"Winchester St / 300 E (EB)","stop_id":"14906"},"type":"Feature"},{"geometry":{"coordinates":[-111.87914,40.6324],"type":"Point"},"properties":{"kind":"stop","name":"Winchester St / 370 E (EB)","stop_id":"14907"},"type":"Feature"},{"geometry":{"coordinates":[-111.87249,40.63194],"type":"Point"},"properties":{"kind":"stop","name":"Winchester St / 700 E (EB)","stop_id":"14909"},"type":"Feature"},{"geometry":{"coordinates":[-111.91674,40.78278],"type":"Point"},"properties":{"kind":"stop","name":"900 W / 600 N (NB)","stop_id":"14931"},"type":"Feature"},{"geometry":{"coordinates":[-111.91674,40.785],"type":"Point"},"properties":{"kind":"stop","name":"900 W / 700 N (NB)","stop_id":"14932"},"type":"Feature"},{"geometry":{"coordinates":[-111.91675,40.78684],"type":"Point"},"properties":{"kind":"stop","name":"900 W / 800 N (NB)","stop_id":"14933"},"type":"Feature"},{"geometry":{"coordinates":[-111.91673,40.7887],"type":"Point"},"properties":{"kind":"stop","name":"900 W / 900 N (NB)","stop_id":"14934"},"type":"Feature"},{"geometry":{"coordinates":[-111.91817,40.79114],"type":"Point"},"properties":{"kind":"stop","name":"1000 N / 900 W (WB)","stop_id":"14935"},"type":"Feature"},{"geometry":{"coordinates":[-111.92193,40.79116],"type":"Point"},"properties":{"kind":"stop","name":"1000 N / American Beauty Dr (WB)","stop_id":"14936"},"type":"Feature"},{"geometry":{"coordinates":[-111.93195,40.79095],"type":"Point"},"properties":{"kind":"stop","name":"1000 N / 1400 W (EB)","stop_id":"14950"},"type":"Feature"},{"geometry":{"coordinates":[-111.92822,40.79096],"type":"Point"},"properties":{"kind":"stop","name":"1000 N / 1300 W (EB)","stop_id":"14951"},"type":"Feature"},{"geometry":{"coordinates":[-111.92515,40.79095],"type":"Point"},"properties":{"kind":"stop","name":"1000 N / 1200 W (EB)","stop_id":"14952"},"type":"Feature"},{"geometry":{"coordinates":[-111.89352,40.61068],"type":"Point"},"properties":{"kind":"stop","name":"Midvale Center Station (Bay B)","stop_id":"14960"},"type":"Feature"},{"geometry":{"coordinates":[-111.90414,40.61085],"type":"Point"},"properties":{"kind":"stop","name":"Center St / Locust St (EB)","stop_id":"14962"},"type":"Feature"},{"geometry":{"coordinates":[-111.90214,40.61083],"type":"Point"},"properties":{"kind":"stop","name":"Center St / Chapel St (EB)","stop_id":"14963"},"type":"Feature"},{"geometry":{"coordinates":[-111.89693,40.61085],"type":"Point"},"properties":{"kind":"stop","name":"Center St / Grant St (EB)","stop_id":"14965"},"type":"Feature"},{"geometry":{"coordinates":[-111.91036,40.60396],"type":"Point"},"properties":{"kind":"stop","name":"Midvale Main St / Ivy Dr (SB)","stop_id":"14966"},"type":"Feature"},{"geometry":{"coordinates":[-111.91033,40.60187],"type":"Point"},"properties":{"kind":"stop","name":"Midvale Main St / Heather St (SB)","stop_id":"14967"},"type":"Feature"},{"geometry":{"coordinates":[-111.9065,40.59715],"type":"Point"},"properties":{"kind":"stop","name":"Sandy Pkwy / 8500 S (SB)","stop_id":"14969"},"type":"Feature"},{"geometry":{"coordinates":[-111.90514,40.59444],"type":"Point"},"properties":{"kind":"stop","name":"Sandy Pkwy / 8600 S (SB)","stop_id":"14970"},"type":"Feature"},{"geometry":{"coordinates":[-111.90453,40.59186],"type":"Point"},"properties":{"kind":"stop","name":"Sandy Pkwy / 8800 S (SB)","stop_id":"14971"},"type":"Feature"},{"geometry":{"coordinates":[-111.90434,40.58898],"type":"Point"},"properties":{"kind":"stop","name":"Sandy Pkwy / 9000 S (SB)","stop_id":"14972"},"type":"Feature"},{"geometry":{"coordinates":[-111.88564,40.58863],"type":"Point"},"properties":{"kind":"stop","name":"Historic Sandy Station (Bay C)","stop_id":"15007"},"type":"Feature"},{"geometry":{"coordinates":[-111.87754,40.58797],"type":"Point"},"properties":{"kind":"stop","name":"9000 S / Greenwood Dr (EB)","stop_id":"15009"},"type":"Feature"},{"geometry":{"coordinates":[-111.86988,40.58794],"type":"Point"},"properties":{"kind":"stop","name":"9000 S / Scirlein Dr (EB)","stop_id":"15010"},"type":"Feature"},{"geometry":{"coordinates":[-111.87227,40.58646],"type":"Point"},"properties":{"kind":"stop","name":"700 E / 9085 S (SB)","stop_id":"15011"},"type":"Feature"},{"geometry":{"coordinates":[-111.87237,40.58381],"type":"Point"},"properties":{"kind":"stop","name":"700 E / Rose Cottage Ln (SB)","stop_id":"15012"},"type":"Feature"},{"geometry":{"coordinates":[-111.92736,40.79113],"type":"Point"},"properties":{"kind":"stop","name":"1000 N / 1300 W (WB)","stop_id":"15040"},"type":"Feature"},{"geometry":{"coordinates":[-111.9323,40.79112],"type":"Point"},"properties":{"kind":"stop","name":"1000 N / 1400 W (WB)","stop_id":"15041"},"type":"Feature"},{"geometry":{"coordinates":[-111.92107,40.79098],"type":"Point"},"properties":{"kind":"stop","name":"1000 N / American Beauty Dr (EB)","stop_id":"15055"},"type":"Feature"},{"geometry":{"coordinates":[-111.91698,40.78873],"type":"Point"},"properties":{"kind":"stop","name":"900 W / 900 N (SB)","stop_id":"15057"},"type":"Feature"},{"geometry":{"coordinates":[-111.91696,40.78629],"type":"Point"},"properties":{"kind":"stop","name":"900 W / 800 N (SB)","stop_id":"15058"},"type":"Feature"},{"geometry":{"coordinates":[-111.91696,40.78425],"type":"Point"},"properties":{"kind":"stop","name":"900 W / 700 N (SB)","stop_id":"15059"},"type":"Feature"},{"geometry":{"coordinates":[-111.91697,40.78206],"type":"Point"},"properties":{"kind":"stop","name":"900 W / 600 N (SB)","stop_id":"15060"},"type":"Feature"},{"geometry":{"coordinates":[-111.8779,40.58828],"type":"Point"},"properties":{"kind":"stop","name":"9000 S / Greenwood Dr (WB)","stop_id":"15081"},"type":"Feature"},{"geometry":{"coordinates":[-111.87934,40.6326],"type":"Point"},"properties":{"kind":"stop","name":"Winchester St / 370 E (WB)","stop_id":"15107"},"type":"Feature"},{"geometry":{"coordinates":[-111.88157,40.63279],"type":"Point"},"properties":{"kind":"stop","name":"Winchester St / 300 E (WB)","stop_id":"15108"},"type":"Feature"},{"geometry":{"coordinates":[-111.85637,40.62032],"type":"Point"},"properties":{"kind":"stop","name":"Union Park Ave / 1300 E (SB)","stop_id":"15109"},"type":"Feature"},{"geometry":{"coordinates":[-111.85507,40.62444],"type":"Point"},"properties":{"kind":"stop","name":"1300 E / Union Park Center (NB)","stop_id":"15121"},"type":"Feature"},{"geometry":{"coordinates":[-111.85467,40.62682],"type":"Point"},"properties":{"kind":"stop","name":"1300 E / Fort Union Blvd (NB)","stop_id":"15122"},"type":"Feature"},{"geometry":{"coordinates":[-111.85466,40.62792],"type":"Point"},"properties":{"kind":"stop","name":"1300 E / Hollow Dale Dr (NB)","stop_id":"15123"},"type":"Feature"},{"geometry":{"coordinates":[-111.85462,40.62916],"type":"Point"},"properties":{"kind":"stop","name":"1300 E / 6720 S (NB)","stop_id":"15124"},"type":"Feature"},{"geometry":{"coordinates":[-111.86678,40.63169],"type":"Point"},"properties":{"kind":"stop","name":"Winchester St / 900 E (WB)","stop_id":"15129"},"type":"Feature"},{"geometry":{"coordinates":[-111.86914,40.63188],"type":"Point"},"properties":{"kind":"stop","name":"Winchester St / 800 E (WB)","stop_id":"15130"},"type":"Feature"},{"geometry":{"coordinates":[-111.89047,40.63343],"type":"Point"},"properties":{"kind":"stop","name":"Winchester St / State St (WB)","stop_id":"15131"},"type":"Feature"},{"geometry":{"coordinates":[-111.89407,40.6332],"type":"Point"},"properties":{"kind":"stop","name":"Winchester St / Malstrom Ln (WB)","stop_id":"15132"},"type":"Feature"},{"geometry":{"coordinates":[-111.89621,40.63307],"type":"Point"},"properties":{"kind":"stop","name":"Winchester St / Jefferson St (WB)","stop_id":"15133"},"type":"Feature"},{"geometry":{"coordinates":[-111.86923,40.6317],"type":"Point"},"properties":{"kind":"stop","name":"Winchester St / 800 E (EB)","stop_id":"15134"},"type":"Feature"},{"geometry":{"coordinates":[-111.85578,40.62303],"type":"Point"},"properties":{"kind":"stop","name":"1300 E / Union Park Ave (SB)","stop_id":"15135"},"type":"Feature"},{"geometry":{"coordinates":[-111.8776,40.77957],"type":"Point"},"properties":{"kind":"stop","name":"9th Ave / E St (EB)","stop_id":"15191"},"type":"Feature"},{"geometry":{"coordinates":[-111.83714,40.76872],"type":"Point"},"properties":{"kind":"stop","name":"Mario Capecchi Dr / 1900 E (NB)","stop_id":"15193"},"type":"Feature"},{"geometry":{"coordinates":[-111.84047,40.77193],"type":"Point"},"properties":{"kind":"stop","name":"Mario Capecchi / North Campus (NB)","stop_id":"15194"},"type":"Feature"},{"geometry":{"coordinates":[-111.84226,40.77027],"type":"Point"},"properties":{"kind":"stop","name":"Wasatch Dr / Exploration Way (NB)","stop_id":"15198"},"type":"Feature"},{"geometry":{"coordinates":[-111.8529,40.76727],"type":"Point"},"properties":{"kind":"stop","name":"100 S / University St (WB)","stop_id":"15199"},"type":"Feature"},{"geometry":{"coordinates":[-111.85232,40.76923],"type":"Point"},"properties":{"kind":"stop","name":"University St / South Temple (NB)","stop_id":"15200"},"type":"Feature"},{"geometry":{"coordinates":[-111.85222,40.77501],"type":"Point"},"properties":{"kind":"stop","name":"Virginia St / 5th Ave (NB)","stop_id":"15203"},"type":"Feature"},{"geometry":{"coordinates":[-111.86309,40.78168],"type":"Point"},"properties":{"kind":"stop","name":"11th Ave / Terrace Hills Dr (WB)","stop_id":"15204"},"type":"Feature"},{"geometry":{"coordinates":[-111.87752,40.78067],"type":"Point"},"properties":{"kind":"stop","name":"E St / 10th Ave (NB)","stop_id":"15205"},"type":"Feature"},{"geometry":{"coordinates":[-111.87751,40.78177],"type":"Point"},"properties":{"kind":"stop","name":"E St / 11th Ave (NB)","stop_id":"15206"},"type":"Feature"},{"geometry":{"coordinates":[-111.87096,40.78183],"type":"Point"},"properties":{"kind":"stop","name":"11th Ave / I St (EB)","stop_id":"15210"},"type":"Feature"},{"geometry":{"coordinates":[-111.86871,40.78185],"type":"Point"},"properties":{"kind":"stop","name":"11th Ave / K St (EB)","stop_id":"15211"},"type":"Feature"},{"geometry":{"coordinates":[-111.86296,40.78148],"type":"Point"},"properties":{"kind":"stop","name":"11th Ave / Terrace Hills Dr (EB)","stop_id":"15212"},"type":"Feature"},{"geometry":{"coordinates":[-111.85232,40.77519],"type":"Point"},"properties":{"kind":"stop","name":"Virginia St / 5th Ave (SB)","stop_id":"15213"},"type":"Feature"},{"geometry":{"coordinates":[-111.85244,40.76967],"type":"Point"},"properties":{"kind":"stop","name":"Virginia St / South Temple (SB)","stop_id":"15215"},"type":"Feature"},{"geometry":{"coordinates":[-111.86891,40.78194],"type":"Point"},"properties":{"kind":"stop","name":"11th Ave / K St (WB)","stop_id":"15217"},"type":"Feature"},{"geometry":{"coordinates":[-111.8714,40.78194],"type":"Point"},"properties":{"kind":"stop","name":"11th Ave / I St (WB)","stop_id":"15218"},"type":"Feature"},{"geometry":{"coordinates":[-111.87763,40.78087],"type":"Point"},"properties":{"kind":"stop","name":"E St / 10th Ave (SB)","stop_id":"15224"},"type":"Feature"},{"geometry":{"coordinates":[-111.8774,40.77971],"type":"Point"},"properties":{"kind":"stop","name":"9th Ave / E St (WB)","stop_id":"15225"},"type":"Feature"},{"geometry":{"coordinates":[-111.87975,40.77971],"type":"Point"},"properties":{"kind":"stop","name":"9th Ave / LDS Hospital (WB)","stop_id":"15226"},"type":"Feature"},{"geometry":{"coordinates":[-111.88662,40.77289],"type":"Point"},"properties":{"kind":"stop","name":"3rd Ave / Canyon Rd (WB)","stop_id":"15231"},"type":"Feature"},{"geometry":{"coordinates":[-111.88593,40.687],"type":"Point"},"properties":{"kind":"stop","name":"3900 S / 200 E (EB)","stop_id":"15234"},"type":"Feature"},{"geometry":{"coordinates":[-111.89315,40.68689],"type":"Point"},"properties":{"kind":"stop","name":"3900 S / West Temple (EB)","stop_id":"15248"},"type":"Feature"},{"geometry":{"coordinates":[-111.89034,40.6869],"type":"Point"},"properties":{"kind":"stop","name":"3900 S / Main St (EB)","stop_id":"15249"},"type":"Feature"},{"geometry":{"coordinates":[-111.87854,40.60961],"type":"Point"},"properties":{"kind":"stop","name":"7800 S / 450 E (WB)","stop_id":"15280"},"type":"Feature"},{"geometry":{"coordinates":[-111.87966,40.60963],"type":"Point"},"properties":{"kind":"stop","name":"7800 S / Woodard Farms Dr (WB)","stop_id":"15281"},"type":"Feature"},{"geometry":{"coordinates":[-111.8832,40.60964],"type":"Point"},"properties":{"kind":"stop","name":"7800 S / 280 E (WB)","stop_id":"15282"},"type":"Feature"},{"geometry":{"coordinates":[-111.8862,40.60964],"type":"Point"},"properties":{"kind":"stop","name":"7800 S / 160 E (WB)","stop_id":"15283"},"type":"Feature"},{"geometry":{"coordinates":[-111.88787,40.60964],"type":"Point"},"properties":{"kind":"stop","name":"7800 S / Candlestick Ln (WB)","stop_id":"15284"},"type":"Feature"},{"geometry":{"coordinates":[-111.89276,40.61084],"type":"Point"},"properties":{"kind":"stop","name":"Center St / State St (WB)","stop_id":"15285"},"type":"Feature"},{"geometry":{"coordinates":[-111.88801,40.60949],"type":"Point"},"properties":{"kind":"stop","name":"7800 S / Candlestick Ln (EB)","stop_id":"15286"},"type":"Feature"},{"geometry":{"coordinates":[-111.88626,40.6095],"type":"Point"},"properties":{"kind":"stop","name":"7800 S / 160 E (EB)","stop_id":"15287"},"type":"Feature"},{"geometry":{"coordinates":[-111.88279,40.6095],"type":"Point"},"properties":{"kind":"stop","name":"7800 S / 280 E (EB)","stop_id":"15288"},"type":"Feature"},{"geometry":{"coordinates":[-111.87873,40.60948],"type":"Point"},"properties":{"kind":"stop","name":"7800 S / 450 E (EB)","stop_id":"15290"},"type":"Feature"},{"geometry":{"coordinates":[-111.87612,40.60947],"type":"Point"},"properties":{"kind":"stop","name":"7800 S / Sandy Heights Dr (EB)","stop_id":"15291"},"type":"Feature"},{"geometry":{"coordinates":[-111.87092,40.60947],"type":"Point"},"properties":{"kind":"stop","name":"7800 S / 700 E (EB)","stop_id":"15292"},"type":"Feature"},{"geometry":{"coordinates":[-111.86778,40.60947],"type":"Point"},"properties":{"kind":"stop","name":"7800 S / Ponderosa Way (EB)","stop_id":"15293"},"type":"Feature"},{"geometry":{"coordinates":[-111.86432,40.60949],"type":"Point"},"properties":{"kind":"stop","name":"7800 S / 1000 E (EB)","stop_id":"15294"},"type":"Feature"},{"geometry":{"coordinates":[-111.86258,40.61037],"type":"Point"},"properties":{"kind":"stop","name":"1000 E / 7800 S (NB)","stop_id":"15295"},"type":"Feature"},{"geometry":{"coordinates":[-111.86258,40.61204],"type":"Point"},"properties":{"kind":"stop","name":"1000 E / Casa Roja St (NB)","stop_id":"15296"},"type":"Feature"},{"geometry":{"coordinates":[-111.86257,40.61408],"type":"Point"},"properties":{"kind":"stop","name":"1000 E / 7575 S (NB)","stop_id":"15297"},"type":"Feature"},{"geometry":{"coordinates":[-111.86256,40.61654],"type":"Point"},"properties":{"kind":"stop","name":"1000 E / Chapel Hill Dr (NB)","stop_id":"15298"},"type":"Feature"},{"geometry":{"coordinates":[-111.86236,40.61789],"type":"Point"},"properties":{"kind":"stop","name":"1000 E / Creekhill Ln (NB)","stop_id":"15299"},"type":"Feature"},{"geometry":{"coordinates":[-111.85958,40.6183],"type":"Point"},"properties":{"kind":"stop","name":"South Union Ave / 1105 E (EB)","stop_id":"15301"},"type":"Feature"},{"geometry":{"coordinates":[-111.85573,40.62068],"type":"Point"},"properties":{"kind":"stop","name":"Union Park Ave / 1300 E  (NB)","stop_id":"15302"},"type":"Feature"},{"geometry":{"coordinates":[-111.86573,40.65087],"type":"Point"},"properties":{"kind":"stop","name":"900 E / 5600 S (NB)","stop_id":"15308"},"type":"Feature"},{"geometry":{"coordinates":[-111.86578,40.65229],"type":"Point"},"properties":{"kind":"stop","name":"900 E / 5500 S (NB)","stop_id":"15309"},"type":"Feature"},{"geometry":{"coordinates":[-111.86579,40.65395],"type":"Point"},"properties":{"kind":"stop","name":"900 E / 5400 S (NB)","stop_id":"15310"},"type":"Feature"},{"geometry":{"coordinates":[-111.86583,40.65517],"type":"Point"},"properties":{"kind":"stop","name":"900 E / 5290 S (NB)","stop_id":"15311"},"type":"Feature"},{"geometry":{"coordinates":[-111.865,40.66117],"type":"Point"},"properties":{"kind":"stop","name":"900 E / Eastgate Rd (NB)","stop_id":"15314"},"type":"Feature"},{"geometry":{"coordinates":[-111.86816,40.68697],"type":"Point"},"properties":{"kind":"stop","name":"3900 S / 800 E (EB)","stop_id":"15315"},"type":"Feature"},{"geometry":{"coordinates":[-111.86566,40.68643],"type":"Point"},"properties":{"kind":"stop","name":"900 E / 3900 S (SB)","stop_id":"15316"},"type":"Feature"},{"geometry":{"coordinates":[-111.86564,40.6841],"type":"Point"},"properties":{"kind":"stop","name":"900 E / Hillview Dr (SB)","stop_id":"15317"},"type":"Feature"},{"geometry":{"coordinates":[-111.86563,40.67959],"type":"Point"},"properties":{"kind":"stop","name":"900 E / 4200 S (SB)","stop_id":"15319"},"type":"Feature"},{"geometry":{"coordinates":[-111.86563,40.67741],"type":"Point"},"properties":{"kind":"stop","name":"900 E / Rowley Dr (SB)","stop_id":"15320"},"type":"Feature"},{"geometry":{"coordinates":[-111.86567,40.67555],"type":"Point"},"properties":{"kind":"stop","name":"900 E / 4400 S (SB)","stop_id":"15321"},"type":"Feature"},{"geometry":{"coordinates":[-111.86566,40.67168],"type":"Point"},"properties":{"kind":"stop","name":"900 E / College St (SB)","stop_id":"15322"},"type":"Feature"},{"geometry":{"coordinates":[-111.86537,40.66892],"type":"Point"},"properties":{"kind":"stop","name":"900 E / 4650 S (SB)","stop_id":"15323"},"type":"Feature"},{"geometry":{"coordinates":[-111.86525,40.66787],"type":"Point"},"properties":{"kind":"stop","name":"900 E / 4750 S (SB)","stop_id":"15324"},"type":"Feature"},{"geometry":{"coordinates":[-111.87751,40.5266],"type":"Point"},"properties":{"kind":"stop","name":"12300 S / 450 E (EB)","stop_id":"15343"},"type":"Feature"},{"geometry":{"coordinates":[-111.88126,40.52661],"type":"Point"},"properties":{"kind":"stop","name":"12300 S / 300 E (EB)","stop_id":"15345"},"type":"Feature"},{"geometry":{"coordinates":[-111.97567,40.52213],"type":"Point"},"properties":{"kind":"stop","name":"12600 S / 3600 W (EB)","stop_id":"15347"},"type":"Feature"},{"geometry":{"coordinates":[-111.86508,40.66172],"type":"Point"},"properties":{"kind":"stop","name":"900 E / Eastgate Rd (SB)","stop_id":"15362"},"type":"Feature"},{"geometry":{"coordinates":[-111.86608,40.65905],"type":"Point"},"properties":{"kind":"stop","name":"900 E / Arrowhead Ln (SB)","stop_id":"15363"},"type":"Feature"},{"geometry":{"coordinates":[-111.86612,40.6556],"type":"Point"},"properties":{"kind":"stop","name":"900 E / 5290 S (SB)","stop_id":"15364"},"type":"Feature"},{"geometry":{"coordinates":[-111.86607,40.65407],"type":"Point"},"properties":{"kind":"stop","name":"900 E / 5400 S (SB)","stop_id":"15365"},"type":"Feature"},{"geometry":{"coordinates":[-111.86607,40.65186],"type":"Point"},"properties":{"kind":"stop","name":"900 E / 5500 S (SB)","stop_id":"15366"},"type":"Feature"},{"geometry":{"coordinates":[-111.85995,40.61853],"type":"Point"},"properties":{"kind":"stop","name":"South Union Ave / 1105 E (WB)","stop_id":"15372"},"type":"Feature"},{"geometry":{"coordinates":[-111.86271,40.61658],"type":"Point"},"properties":{"kind":"stop","name":"1000 E / Chapel Hill Dr (SB)","stop_id":"15373"},"type":"Feature"},{"geometry":{"coordinates":[-111.86271,40.61442],"type":"Point"},"properties":{"kind":"stop","name":"1000 E / 7575 S (SB)","stop_id":"15374"},"type":"Feature"},{"geometry":{"coordinates":[-111.86271,40.61218],"type":"Point"},"properties":{"kind":"stop","name":"1000 E / Casa Roja St (SB)","stop_id":"15375"},"type":"Feature"},{"geometry":{"coordinates":[-111.86272,40.6104],"type":"Point"},"properties":{"kind":"stop","name":"1000 E / 7800 S (SB)","stop_id":"15376"},"type":"Feature"},{"geometry":{"coordinates":[-111.86781,40.60964],"type":"Point"},"properties":{"kind":"stop","name":"7800 S / Ponderosa Way (WB)","stop_id":"15377"},"type":"Feature"},{"geometry":{"coordinates":[-111.86968,40.60962],"type":"Point"},"properties":{"kind":"stop","name":"7800 S / Chad St (WB)","stop_id":"15378"},"type":"Feature"},{"geometry":{"coordinates":[-111.87334,40.60963],"type":"Point"},"properties":{"kind":"stop","name":"7800 S / 700 E (WB)","stop_id":"15379"},"type":"Feature"},{"geometry":{"coordinates":[-111.87526,40.60962],"type":"Point"},"properties":{"kind":"stop","name":"7800 S / Sandy Heights Dr (WB)","stop_id":"15380"},"type":"Feature"},{"geometry":{"coordinates":[-111.86579,40.63658],"type":"Point"},"properties":{"kind":"stop","name":"900 E / Southwood Dr (NB)","stop_id":"15382"},"type":"Feature"},{"geometry":{"coordinates":[-111.86582,40.6389],"type":"Point"},"properties":{"kind":"stop","name":"900 E / Holly Ave (NB)","stop_id":"15383"},"type":"Feature"},{"geometry":{"coordinates":[-111.86578,40.6426],"type":"Point"},"properties":{"kind":"stop","name":"900 E / Vine St south (NB)","stop_id":"15385"},"type":"Feature"},{"geometry":{"coordinates":[-111.86581,40.64412],"type":"Point"},"properties":{"kind":"stop","name":"900 E / Vine St north (NB)","stop_id":"15386"},"type":"Feature"},{"geometry":{"coordinates":[-111.86495,40.66786],"type":"Point"},"properties":{"kind":"stop","name":"900 E / 4750 S (NB)","stop_id":"15389"},"type":"Feature"},{"geometry":{"coordinates":[-111.86513,40.66936],"type":"Point"},"properties":{"kind":"stop","name":"900 E / 4650 S (NB)","stop_id":"15390"},"type":"Feature"},{"geometry":{"coordinates":[-111.86538,40.67146],"type":"Point"},"properties":{"kind":"stop","name":"900 E / College St (NB)","stop_id":"15391"},"type":"Feature"},{"geometry":{"coordinates":[-111.86545,40.67845],"type":"Point"},"properties":{"kind":"stop","name":"900 E / Garden Dr (NB)","stop_id":"15393"},"type":"Feature"},{"geometry":{"coordinates":[-111.86543,40.67954],"type":"Point"},"properties":{"kind":"stop","name":"900 E / 4200 S (NB)","stop_id":"15394"},"type":"Feature"},{"geometry":{"coordinates":[-111.86544,40.68204],"type":"Point"},"properties":{"kind":"stop","name":"900 E / 4125 S (NB)","stop_id":"15395"},"type":"Feature"},{"geometry":{"coordinates":[-111.86545,40.68382],"type":"Point"},"properties":{"kind":"stop","name":"900 E / Hillview Dr (NB)","stop_id":"15396"},"type":"Feature"},{"geometry":{"coordinates":[-111.86544,40.6856],"type":"Point"},"properties":{"kind":"stop","name":"900 E / 4000 S (NB)","stop_id":"15397"},"type":"Feature"},{"geometry":{"coordinates":[-111.86859,40.68715],"type":"Point"},"properties":{"kind":"stop","name":"3900 S / 800 E (WB)","stop_id":"15398"},"type":"Feature"},{"geometry":{"coordinates":[-111.89626,40.56981],"type":"Point"},"properties":{"kind":"stop","name":"10000 S / Centennial Pkwy (WB)","stop_id":"15401"},"type":"Feature"},{"geometry":{"coordinates":[-111.90381,40.56567],"type":"Point"},"properties":{"kind":"stop","name":"Jordan Gateway / Ultradent Dr (SB)","stop_id":"15402"},"type":"Feature"},{"geometry":{"coordinates":[-111.90265,40.56199],"type":"Point"},"properties":{"kind":"stop","name":"South Jordan Gateway / 10415 S (SB)","stop_id":"15403"},"type":"Feature"},{"geometry":{"coordinates":[-111.92925,40.56106],"type":"Point"},"properties":{"kind":"stop","name":"Temple Drive / McClan Dr (SB)","stop_id":"15404"},"type":"Feature"},{"geometry":{"coordinates":[-111.92924,40.55044],"type":"Point"},"properties":{"kind":"stop","name":"Temple Drive / Jordan River Dr (SB)","stop_id":"15409"},"type":"Feature"},{"geometry":{"coordinates":[-111.92929,40.54761],"type":"Point"},"properties":{"kind":"stop","name":"Temple Drive / Park Palisade Dr (SB","stop_id":"15410"},"type":"Feature"},{"geometry":{"coordinates":[-111.93014,40.52244],"type":"Point"},"properties":{"kind":"stop","name":"12300 S / 1300 W (WB)","stop_id":"15421"},"type":"Feature"},{"geometry":{"coordinates":[-111.87993,40.74973],"type":"Point"},"properties":{"kind":"stop","name":"900 S / 400 E (EB)","stop_id":"15430"},"type":"Feature"},{"geometry":{"coordinates":[-111.88007,40.76082],"type":"Point"},"properties":{"kind":"stop","name":"400 S / 400 E (WB)","stop_id":"15434"},"type":"Feature"},{"geometry":{"coordinates":[-111.88016,40.76051],"type":"Point"},"properties":{"kind":"stop","name":"400 S / 400 E (EB)","stop_id":"15437"},"type":"Feature"},{"geometry":{"coordinates":[-111.95826,40.52245],"type":"Point"},"properties":{"kind":"stop","name":"12600 S / 2700 W (WB)","stop_id":"15450"},"type":"Feature"},{"geometry":{"coordinates":[-111.98867,40.50802],"type":"Point"},"properties":{"kind":"stop","name":"13400 S / Old Liberty Way (WB)","stop_id":"15456"},"type":"Feature"},{"geometry":{"coordinates":[-111.99477,40.49134],"type":"Point"},"properties":{"kind":"stop","name":"Sentinel Ridge Blvd / Rosecrest Rd","stop_id":"15460"},"type":"Feature"},{"geometry":{"coordinates":[-111.94553,40.52219],"type":"Point"},"properties":{"kind":"stop","name":"12600 S / Park Ave (EB)","stop_id":"15471"},"type":"Feature"},{"geometry":{"coordinates":[-111.93736,40.52216],"type":"Point"},"properties":{"kind":"stop","name":"12600 S / Redwood Rd (EB)","stop_id":"15472"},"type":"Feature"},{"geometry":{"coordinates":[-111.90665,40.50952],"type":"Point"},"properties":{"kind":"stop","name":"Vista Station Blvd / Frontrunner Bl","stop_id":"15476"},"type":"Feature"},{"geometry":{"coordinates":[-111.90623,40.52126],"type":"Point"},"properties":{"kind":"stop","name":"Vista Station Blvd / Cephus Rd (SB)","stop_id":"15478"},"type":"Feature"},{"geometry":{"coordinates":[-111.92853,40.52219],"type":"Point"},"properties":{"kind":"stop","name":"12300 S / 1300 W (EB)","stop_id":"15479"},"type":"Feature"},{"geometry":{"coordinates":[-111.92903,40.54753],"type":"Point"},"properties":{"kind":"stop","name":"Temple Drive / Park Palisade Dr (NB","stop_id":"15490"},"type":"Feature"},{"geometry":{"coordinates":[-111.92903,40.55035],"type":"Point"},"properties":{"kind":"stop","name":"Temple Drive / Jordan River Dr (NB)","stop_id":"15491"},"type":"Feature"},{"geometry":{"coordinates":[-111.92905,40.55365],"type":"Point"},"properties":{"kind":"stop","name":"Temple Drive / 10875 S (NB)","stop_id":"15492"},"type":"Feature"},{"geometry":{"coordinates":[-111.92905,40.55571],"type":"Point"},"properties":{"kind":"stop","name":"Temple Drive / Country Creek Dr (NB","stop_id":"15493"},"type":"Feature"},{"geometry":{"coordinates":[-111.90236,40.56202],"type":"Point"},"properties":{"kind":"stop","name":"South Jordan Gtwy / 10500 S (EB)","stop_id":"15496"},"type":"Feature"},{"geometry":{"coordinates":[-111.90368,40.56641],"type":"Point"},"properties":{"kind":"stop","name":"Jordan Gateway / Ultradent Dr (NB)","stop_id":"15497"},"type":"Feature"},{"geometry":{"coordinates":[-111.86611,40.64155],"type":"Point"},"properties":{"kind":"stop","name":"900 E / Vine St south (SB)","stop_id":"15503"},"type":"Feature"},{"geometry":{"coordinates":[-111.86607,40.63976],"type":"Point"},"properties":{"kind":"stop","name":"900 E / Woodshire Ave (SB)","stop_id":"15504"},"type":"Feature"},{"geometry":{"coordinates":[-111.86608,40.63809],"type":"Point"},"properties":{"kind":"stop","name":"900 E / Holly Ave (SB)","stop_id":"15505"},"type":"Feature"},{"geometry":{"coordinates":[-111.86609,40.63608],"type":"Point"},"properties":{"kind":"stop","name":"900 E / Southwood Dr (SB)","stop_id":"15506"},"type":"Feature"},{"geometry":{"coordinates":[-111.86611,40.63328],"type":"Point"},"properties":{"kind":"stop","name":"900 E / Silver Shadow Dr (SB)","stop_id":"15507"},"type":"Feature"},{"geometry":{"coordinates":[-111.86581,40.63219],"type":"Point"},"properties":{"kind":"stop","name":"900 E / Winchester St (NB)","stop_id":"15553"},"type":"Feature"},{"geometry":{"coordinates":[-111.89279,40.68711],"type":"Point"},"properties":{"kind":"stop","name":"3900 S / West Temple (WB)","stop_id":"15554"},"type":"Feature"},{"geometry":{"coordinates":[-111.89797,40.63322],"type":"Point"},"properties":{"kind":"stop","name":"Fashion Place West Station (Bay E)","stop_id":"15555"},"type":"Feature"},{"geometry":{"coordinates":[-111.88891,40.6401],"type":"Point"},"properties":{"kind":"stop","name":"State St / 5975 S (NB)","stop_id":"15556"},"type":"Feature"},{"geometry":{"coordinates":[-111.88878,40.64275],"type":"Point"},"properties":{"kind":"stop","name":"State St / 5900 S (NB)","stop_id":"15557"},"type":"Feature"},{"geometry":{"coordinates":[-111.88861,40.64558],"type":"Point"},"properties":{"kind":"stop","name":"State St / 5770 S (NB)","stop_id":"15558"},"type":"Feature"},{"geometry":{"coordinates":[-111.88851,40.6475],"type":"Point"},"properties":{"kind":"stop","name":"State St / Stauffer Ln (NB)","stop_id":"15559"},"type":"Feature"},{"geometry":{"coordinates":[-111.88845,40.64879],"type":"Point"},"properties":{"kind":"stop","name":"State St / 5600 S (NB)","stop_id":"15560"},"type":"Feature"},{"geometry":{"coordinates":[-111.88835,40.65094],"type":"Point"},"properties":{"kind":"stop","name":"State St / 5530 S (NB)","stop_id":"15561"},"type":"Feature"},{"geometry":{"coordinates":[-111.88824,40.65297],"type":"Point"},"properties":{"kind":"stop","name":"State St / 5460 S (NB)","stop_id":"15562"},"type":"Feature"},{"geometry":{"coordinates":[-111.8881,40.65545],"type":"Point"},"properties":{"kind":"stop","name":"State St / 5300 S (NB)","stop_id":"15563"},"type":"Feature"},{"geometry":{"coordinates":[-111.8881,40.66254],"type":"Point"},"properties":{"kind":"stop","name":"State St / Arlington Ave  (NB)","stop_id":"15565"},"type":"Feature"},{"geometry":{"coordinates":[-111.88815,40.66412],"type":"Point"},"properties":{"kind":"stop","name":"State St / Vine St (NB)","stop_id":"15566"},"type":"Feature"},{"geometry":{"coordinates":[-111.88808,40.67485],"type":"Point"},"properties":{"kind":"stop","name":"State St / 4500 S (NB)","stop_id":"15567"},"type":"Feature"},{"geometry":{"coordinates":[-111.8881,40.67993],"type":"Point"},"properties":{"kind":"stop","name":"State St / Gordon Ln (NB)","stop_id":"15568"},"type":"Feature"},{"geometry":{"coordinates":[-111.88806,40.68397],"type":"Point"},"properties":{"kind":"stop","name":"State St / Hill Ave (NB)","stop_id":"15569"},"type":"Feature"},{"geometry":{"coordinates":[-111.88806,40.69226],"type":"Point"},"properties":{"kind":"stop","name":"State St / Helm Ave (NB)","stop_id":"15571"},"type":"Feature"},{"geometry":{"coordinates":[-111.88809,40.70041],"type":"Point"},"properties":{"kind":"stop","name":"State St / 3300 S (NB)","stop_id":"15573"},"type":"Feature"},{"geometry":{"coordinates":[-111.88809,40.70409],"type":"Point"},"properties":{"kind":"stop","name":"State St / Bank Ave (NB)","stop_id":"15574"},"type":"Feature"},{"geometry":{"coordinates":[-111.88809,40.70615],"type":"Point"},"properties":{"kind":"stop","name":"State St / 2950 Ave (NB)","stop_id":"15575"},"type":"Feature"},{"geometry":{"coordinates":[-111.88809,40.70888],"type":"Point"},"properties":{"kind":"stop","name":"State St / Louise Ave (NB)","stop_id":"15576"},"type":"Feature"},{"geometry":{"coordinates":[-111.88805,40.71085],"type":"Point"},"properties":{"kind":"stop","name":"State St / Claybourne Ave (NB)","stop_id":"15577"},"type":"Feature"},{"geometry":{"coordinates":[-111.88809,40.71247],"type":"Point"},"properties":{"kind":"stop","name":"State St / 2700 S (NB)","stop_id":"15578"},"type":"Feature"},{"geometry":{"coordinates":[-111.88807,40.71675],"type":"Point"},"properties":{"kind":"stop","name":"State St / Whitlock Ave (NB)","stop_id":"15579"},"type":"Feature"},{"geometry":{"coordinates":[-111.88807,40.7193],"type":"Point"},"properties":{"kind":"stop","name":"State St / Burton Ave (NB)","stop_id":"15580"},"type":"Feature"},{"geometry":{"coordinates":[-111.88803,40.72817],"type":"Point"},"properties":{"kind":"stop","name":"State St / Westminster Ave (NB)","stop_id":"15583"},"type":"Feature"},{"geometry":{"coordinates":[-111.88803,40.73135],"type":"Point"},"properties":{"kind":"stop","name":"State St / Coatsville Ave (NB)","stop_id":"15584"},"type":"Feature"},{"geometry":{"coordinates":[-111.88804,40.73401],"type":"Point"},"properties":{"kind":"stop","name":"State St / 1700 S (NB)","stop_id":"15585"},"type":"Feature"},{"geometry":{"coordinates":[-111.88804,40.737],"type":"Point"},"properties":{"kind":"stop","name":"State St / Kensington Ave (NB)","stop_id":"15586"},"type":"Feature"},{"geometry":{"coordinates":[-111.88803,40.73965],"type":"Point"},"properties":{"kind":"stop","name":"State St / 1400 S (NB)","stop_id":"15587"},"type":"Feature"},{"geometry":{"coordinates":[-111.88804,40.74198],"type":"Point"},"properties":{"kind":"stop","name":"State St / 1300 S (NB)","stop_id":"15588"},"type":"Feature"},{"geometry":{"coordinates":[-111.88804,40.74417],"type":"Point"},"properties":{"kind":"stop","name":"State St / Hampton Ave (NB)","stop_id":"15589"},"type":"Feature"},{"geometry":{"coordinates":[-111.88804,40.75229],"type":"Point"},"properties":{"kind":"stop","name":"State St / 800 S (NB)","stop_id":"15591"},"type":"Feature"},{"geometry":{"coordinates":[-111.88806,40.75495],"type":"Point"},"properties":{"kind":"stop","name":"State St / 700 (NB)","stop_id":"15592"},"type":"Feature"},{"geometry":{"coordinates":[-111.88804,40.75672],"type":"Point"},"properties":{"kind":"stop","name":"State St / 600 S (NB)","stop_id":"15593"},"type":"Feature"},{"geometry":{"coordinates":[-111.88804,40.75825],"type":"Point"},"properties":{"kind":"stop","name":"State St / 500 S (NB)","stop_id":"15594"},"type":"Feature"},{"geometry":{"coordinates":[-111.89983,40.76971],"type":"Point"},"properties":{"kind":"stop","name":"300 W / South Temple (SB) for Arena","stop_id":"15595"},"type":"Feature"},{"geometry":{"coordinates":[-111.89951,40.76695],"type":"Point"},"properties":{"kind":"stop","name":"300 W / 100 S (NB)","stop_id":"15596"},"type":"Feature"},{"geometry":{"coordinates":[-111.88842,40.75821],"type":"Point"},"properties":{"kind":"stop","name":"State St / 500 S (SB)","stop_id":"15597"},"type":"Feature"},{"geometry":{"coordinates":[-111.88842,40.75496],"type":"Point"},"properties":{"kind":"stop","name":"State St / 600 S (SB)","stop_id":"15598"},"type":"Feature"},{"geometry":{"coordinates":[-111.88842,40.75373],"type":"Point"},"properties":{"kind":"stop","name":"State St / 700 S (SB)","stop_id":"15599"},"type":"Feature"},{"geometry":{"coordinates":[-111.88846,40.75149],"type":"Point"},"properties":{"kind":"stop","name":"State St / 800 S (SB)","stop_id":"15600"},"type":"Feature"},{"geometry":{"coordinates":[-111.88842,40.74943],"type":"Point"},"properties":{"kind":"stop","name":"State St / 900 S (SB)","stop_id":"15601"},"type":"Feature"},{"geometry":{"coordinates":[-111.88842,40.74655],"type":"Point"},"properties":{"kind":"stop","name":"State St / Herbert Ave (SB)","stop_id":"15602"},"type":"Feature"},{"geometry":{"coordinates":[-111.88842,40.74242],"type":"Point"},"properties":{"kind":"stop","name":"State St / 1300 S (SB)","stop_id":"15604"},"type":"Feature"},{"geometry":{"coordinates":[-111.88838,40.73692],"type":"Point"},"properties":{"kind":"stop","name":"State St / Kensington Ave (SB)","stop_id":"15606"},"type":"Feature"},{"geometry":{"coordinates":[-111.88844,40.73315],"type":"Point"},"properties":{"kind":"stop","name":"State St / 1700 S (SB)","stop_id":"15607"},"type":"Feature"},{"geometry":{"coordinates":[-111.88845,40.72432],"type":"Point"},"properties":{"kind":"stop","name":"State St / 2100 S (SB)","stop_id":"15610"},"type":"Feature"},{"geometry":{"coordinates":[-111.88846,40.71994],"type":"Point"},"properties":{"kind":"stop","name":"State St / Truman Ave (SB)","stop_id":"15612"},"type":"Feature"},{"geometry":{"coordinates":[-111.88846,40.71604],"type":"Point"},"properties":{"kind":"stop","name":"State St / Whitlock Ave (SB)","stop_id":"15613"},"type":"Feature"},{"geometry":{"coordinates":[-111.88846,40.71452],"type":"Point"},"properties":{"kind":"stop","name":"State St / Vidas Ave (SB)","stop_id":"15614"},"type":"Feature"},{"geometry":{"coordinates":[-111.8346,40.75089],"type":"Point"},"properties":{"kind":"stop","name":"University Village West (WB)","stop_id":"15667"},"type":"Feature"},{"geometry":{"coordinates":[-111.83572,40.76312],"type":"Point"},"properties":{"kind":"stop","name":"Mario Capecchi / South Campus (NB)","stop_id":"15669"},"type":"Feature"},{"geometry":{"coordinates":[-111.88646,40.53055],"type":"Point"},"properties":{"kind":"stop","name":"150 E / 12175 S (NB)","stop_id":"15696"},"type":"Feature"},{"geometry":{"coordinates":[-111.88166,40.52725],"type":"Point"},"properties":{"kind":"stop","name":"300 E / 12300 S (NB)","stop_id":"15704"},"type":"Feature"},{"geometry":{"coordinates":[-111.8847,40.52933],"type":"Point"},"properties":{"kind":"stop","name":"12175 S / 200 E (WB)","stop_id":"15705"},"type":"Feature"},{"geometry":{"coordinates":[-111.85378,40.73878],"type":"Point"},"properties":{"kind":"stop","name":"1300 E / Browning Ave (NB)","stop_id":"15742"},"type":"Feature"},{"geometry":{"coordinates":[-111.89512,40.52665],"type":"Point"},"properties":{"kind":"stop","name":"12300 S / Lone Peak Pkwy (EB)","stop_id":"15755"},"type":"Feature"},{"geometry":{"coordinates":[-111.88288,40.52689],"type":"Point"},"properties":{"kind":"stop","name":"12300 S / 300 E (WB)","stop_id":"15757"},"type":"Feature"},{"geometry":{"coordinates":[-111.86697,40.52499],"type":"Point"},"properties":{"kind":"stop","name":"Pioneer Rd / 900 E (EB)","stop_id":"15758"},"type":"Feature"},{"geometry":{"coordinates":[-111.91113,40.69407],"type":"Point"},"properties":{"kind":"stop","name":"700 W / Billinis Rd (NB)","stop_id":"15773"},"type":"Feature"},{"geometry":{"coordinates":[-111.89332,40.69967],"type":"Point"},"properties":{"kind":"stop","name":"3300 S / West Temple (EB)","stop_id":"15780"},"type":"Feature"},{"geometry":{"coordinates":[-111.8914,40.69967],"type":"Point"},"properties":{"kind":"stop","name":"3300 S / Main St (EB)","stop_id":"15781"},"type":"Feature"},{"geometry":{"coordinates":[-111.88572,40.69979],"type":"Point"},"properties":{"kind":"stop","name":"3300 S / 200 E (EB)","stop_id":"15783"},"type":"Feature"},{"geometry":{"coordinates":[-111.88291,40.69978],"type":"Point"},"properties":{"kind":"stop","name":"3300 S / 300 E (EB)","stop_id":"15784"},"type":"Feature"},{"geometry":{"coordinates":[-111.87647,40.6998],"type":"Point"},"properties":{"kind":"stop","name":"3300 S / 500 E (EB)","stop_id":"15785"},"type":"Feature"},{"geometry":{"coordinates":[-111.87045,40.6998],"type":"Point"},"properties":{"kind":"stop","name":"3300 S / 700 E (EB)","stop_id":"15786"},"type":"Feature"},{"geometry":{"coordinates":[-111.86851,40.69979],"type":"Point"},"properties":{"kind":"stop","name":"3300 S / 800 E (EB)","stop_id":"15787"},"type":"Feature"},{"geometry":{"coordinates":[-111.86622,40.6998],"type":"Point"},"properties":{"kind":"stop","name":"3300 S / 900 E (EB)","stop_id":"15788"},"type":"Feature"},{"geometry":{"coordinates":[-111.86276,40.6998],"type":"Point"},"properties":{"kind":"stop","name":"3300 S / 1000 E (EB)","stop_id":"15789"},"type":"Feature"},{"geometry":{"coordinates":[-111.8593,40.69981],"type":"Point"},"properties":{"kind":"stop","name":"3300 S / 1100 E (EB)","stop_id":"15790"},"type":"Feature"},{"geometry":{"coordinates":[-111.85678,40.69984],"type":"Point"},"properties":{"kind":"stop","name":"3300 S / 1200 E (EB)","stop_id":"15791"},"type":"Feature"},{"geometry":{"coordinates":[-111.85352,40.69982],"type":"Point"},"properties":{"kind":"stop","name":"3300 S / 1300 E (EB)","stop_id":"15792"},"type":"Feature"},{"geometry":{"coordinates":[-111.84426,40.69986],"type":"Point"},"properties":{"kind":"stop","name":"3300 S / Imperial St (EB)","stop_id":"15793"},"type":"Feature"},{"geometry":{"coordinates":[-111.83889,40.69985],"type":"Point"},"properties":{"kind":"stop","name":"3300 S / Honeycut Rd (EB)","stop_id":"15794"},"type":"Feature"},{"geometry":{"coordinates":[-111.83749,40.69982],"type":"Point"},"properties":{"kind":"stop","name":"3300 S / 1885 E (EB)","stop_id":"15795"},"type":"Feature"},{"geometry":{"coordinates":[-111.82729,40.69979],"type":"Point"},"properties":{"kind":"stop","name":"3300 S / 2210 E (EB)","stop_id":"15797"},"type":"Feature"},{"geometry":{"coordinates":[-111.82274,40.69978],"type":"Point"},"properties":{"kind":"stop","name":"3300 S / 2340 E (EB)","stop_id":"15798"},"type":"Feature"},{"geometry":{"coordinates":[-111.82115,40.69978],"type":"Point"},"properties":{"kind":"stop","name":"3300 S / Pioneer St (EB)","stop_id":"15799"},"type":"Feature"},{"geometry":{"coordinates":[-111.81729,40.69978],"type":"Point"},"properties":{"kind":"stop","name":"3300 S / 2600 E (EB)","stop_id":"15800"},"type":"Feature"},{"geometry":{"coordinates":[-111.81445,40.69998],"type":"Point"},"properties":{"kind":"stop","name":"3300 S / 2700 E (WB)","stop_id":"15805"},"type":"Feature"},{"geometry":{"coordinates":[-111.81718,40.69996],"type":"Point"},"properties":{"kind":"stop","name":"3300 S / 2600 E (WB)","stop_id":"15806"},"type":"Feature"},{"geometry":{"coordinates":[-111.82074,40.69994],"type":"Point"},"properties":{"kind":"stop","name":"3300 S / Pioneer St (WB)","stop_id":"15807"},"type":"Feature"},{"geometry":{"coordinates":[-111.82529,40.69994],"type":"Point"},"properties":{"kind":"stop","name":"3300 S / 2300 E (WB)","stop_id":"15808"},"type":"Feature"},{"geometry":{"coordinates":[-111.83865,40.70001],"type":"Point"},"properties":{"kind":"stop","name":"3300 S / Melbourne St / Honeycut Rd","stop_id":"15812"},"type":"Feature"},{"geometry":{"coordinates":[-111.84328,40.70004],"type":"Point"},"properties":{"kind":"stop","name":"3300 S / Imperial St (WB)","stop_id":"15813"},"type":"Feature"},{"geometry":{"coordinates":[-111.86253,40.69995],"type":"Point"},"properties":{"kind":"stop","name":"3300 S / 1000 E (WB)","stop_id":"15814"},"type":"Feature"},{"geometry":{"coordinates":[-111.81618,40.62405],"type":"Point"},"properties":{"kind":"stop","name":"Fort Union Blvd / 2700 E (WB)","stop_id":"15848"},"type":"Feature"},{"geometry":{"coordinates":[-111.81843,40.62403],"type":"Point"},"properties":{"kind":"stop","name":"Fort Union Blvd / Hollow Mill Dr (W","stop_id":"15849"},"type":"Feature"},{"geometry":{"coordinates":[-111.82034,40.62404],"type":"Point"},"properties":{"kind":"stop","name":"Fort Union Blvd / Promenade Dr (WB)","stop_id":"15850"},"type":"Feature"},{"geometry":{"coordinates":[-111.82357,40.62406],"type":"Point"},"properties":{"kind":"stop","name":"Fort Union Blvd / 2335 E (WB)","stop_id":"15851"},"type":"Feature"},{"geometry":{"coordinates":[-111.8775,40.72534],"type":"Point"},"properties":{"kind":"stop","name":"2100 S / 500 E (EB)","stop_id":"15861"},"type":"Feature"},{"geometry":{"coordinates":[-111.87048,40.72533],"type":"Point"},"properties":{"kind":"stop","name":"2100 S / 700 E (EB)","stop_id":"15864"},"type":"Feature"},{"geometry":{"coordinates":[-111.86783,40.72534],"type":"Point"},"properties":{"kind":"stop","name":"2100 S / 800 E (EB)","stop_id":"15865"},"type":"Feature"},{"geometry":{"coordinates":[-111.86497,40.72532],"type":"Point"},"properties":{"kind":"stop","name":"2100 S / 900 E (EB)","stop_id":"15866"},"type":"Feature"},{"geometry":{"coordinates":[-111.85666,40.72532],"type":"Point"},"properties":{"kind":"stop","name":"2100 S / 1200 E (EB)","stop_id":"15869"},"type":"Feature"},{"geometry":{"coordinates":[-111.84697,40.72574],"type":"Point"},"properties":{"kind":"stop","name":"2100 S / 1500 E (EB)","stop_id":"15872"},"type":"Feature"},{"geometry":{"coordinates":[-111.84327,40.72536],"type":"Point"},"properties":{"kind":"stop","name":"2100 S / 1700 E (EB)","stop_id":"15874"},"type":"Feature"},{"geometry":{"coordinates":[-111.85434,40.7255],"type":"Point"},"properties":{"kind":"stop","name":"2100 S / 1300 E (WB)","stop_id":"15886"},"type":"Feature"},{"geometry":{"coordinates":[-111.85627,40.72549],"type":"Point"},"properties":{"kind":"stop","name":"2100 S / 1200 E (WB)","stop_id":"15887"},"type":"Feature"},{"geometry":{"coordinates":[-111.86491,40.7255],"type":"Point"},"properties":{"kind":"stop","name":"2100 S / 900 E (WB)","stop_id":"15891"},"type":"Feature"},{"geometry":{"coordinates":[-111.86856,40.7255],"type":"Point"},"properties":{"kind":"stop","name":"2100 S / 800 E (WB)","stop_id":"15892"},"type":"Feature"},{"geometry":{"coordinates":[-111.87167,40.72553],"type":"Point"},"properties":{"kind":"stop","name":"2100 S / 700 E (WB)","stop_id":"15893"},"type":"Feature"},{"geometry":{"coordinates":[-111.87756,40.72554],"type":"Point"},"properties":{"kind":"stop","name":"2100 S / 500 E (WB)","stop_id":"15895"},"type":"Feature"},{"geometry":{"coordinates":[-111.88227,40.72553],"type":"Point"},"properties":{"kind":"stop","name":"2100 S / 300 E (WB)","stop_id":"15897"},"type":"Feature"},{"geometry":{"coordinates":[-111.88523,40.72552],"type":"Point"},"properties":{"kind":"stop","name":"2100 S / 200 E (WB)","stop_id":"15898"},"type":"Feature"},{"geometry":{"coordinates":[-111.88906,40.72555],"type":"Point"},"properties":{"kind":"stop","name":"2100 S / State St (WB)","stop_id":"15899"},"type":"Feature"},{"geometry":{"coordinates":[-111.91946,40.69956],"type":"Point"},"properties":{"kind":"stop","name":"3300 S / 1000 W (WB)","stop_id":"15923"},"type":"Feature"},{"geometry":{"coordinates":[-111.92154,40.69956],"type":"Point"},"properties":{"kind":"stop","name":"3300 S / 1100 W (WB)","stop_id":"15924"},"type":"Feature"},{"geometry":{"coordinates":[-111.9322,40.69848],"type":"Point"},"properties":{"kind":"stop","name":"3400 S / 1400 W (WB)","stop_id":"15928"},"type":"Feature"},{"geometry":{"coordinates":[-111.93472,40.69719],"type":"Point"},"properties":{"kind":"stop","name":"3500 S / 1500 W (WB)","stop_id":"15929"},"type":"Feature"},{"geometry":{"coordinates":[-111.93956,40.69675],"type":"Point"},"properties":{"kind":"stop","name":"3500 S / Redwood Rd (WB)","stop_id":"15930"},"type":"Feature"},{"geometry":{"coordinates":[-111.94326,40.69674],"type":"Point"},"properties":{"kind":"stop","name":"3500 S / 1950 W (WB)","stop_id":"15932"},"type":"Feature"},{"geometry":{"coordinates":[-111.94561,40.69677],"type":"Point"},"properties":{"kind":"stop","name":"3500 S / Decker Lake Dr (WB)","stop_id":"15933"},"type":"Feature"},{"geometry":{"coordinates":[-111.93968,40.67069],"type":"Point"},"properties":{"kind":"stop","name":"SLCC Transit Center (Bay G)","stop_id":"15938"},"type":"Feature"},{"geometry":{"coordinates":[-111.94851,40.6722],"type":"Point"},"properties":{"kind":"stop","name":"2200 W / Tottenham Court Rd (SB)","stop_id":"15939"},"type":"Feature"},{"geometry":{"coordinates":[-111.94851,40.67003],"type":"Point"},"properties":{"kind":"stop","name":"2200 W / 4620 S (SB)","stop_id":"15940"},"type":"Feature"},{"geometry":{"coordinates":[-111.93974,40.67096],"type":"Point"},"properties":{"kind":"stop","name":"SLCC Transit Center (Bay E)","stop_id":"15942"},"type":"Feature"},{"geometry":{"coordinates":[-111.94893,40.65321],"type":"Point"},"properties":{"kind":"stop","name":"5400 S / 2200 W (WB)","stop_id":"15947"},"type":"Feature"},{"geometry":{"coordinates":[-111.95799,40.65262],"type":"Point"},"properties":{"kind":"stop","name":"2700 W / 5400 S (SB)","stop_id":"15950"},"type":"Feature"},{"geometry":{"coordinates":[-111.95797,40.65085],"type":"Point"},"properties":{"kind":"stop","name":"2700 W / Lou Jean St (SB)","stop_id":"15951"},"type":"Feature"},{"geometry":{"coordinates":[-111.95795,40.64739],"type":"Point"},"properties":{"kind":"stop","name":"2700 W / Surrey Rd (SB)","stop_id":"15952"},"type":"Feature"},{"geometry":{"coordinates":[-111.95796,40.64374],"type":"Point"},"properties":{"kind":"stop","name":"2700 W / 5930 S (SB)","stop_id":"15954"},"type":"Feature"},{"geometry":{"coordinates":[-111.95796,40.63997],"type":"Point"},"properties":{"kind":"stop","name":"2700 W / Sweet Basil S (SB)","stop_id":"15955"},"type":"Feature"},{"geometry":{"coordinates":[-111.95775,40.64111],"type":"Point"},"properties":{"kind":"stop","name":"2700 W / Sweet Basil S (NB)","stop_id":"15957"},"type":"Feature"},{"geometry":{"coordinates":[-111.95776,40.64393],"type":"Point"},"properties":{"kind":"stop","name":"2700 W / 5930 S (NB)","stop_id":"15958"},"type":"Feature"},{"geometry":{"coordinates":[-111.95776,40.64525],"type":"Point"},"properties":{"kind":"stop","name":"2700 W / Sharron Dr (NB)","stop_id":"15959"},"type":"Feature"},{"geometry":{"coordinates":[-111.95776,40.64664],"type":"Point"},"properties":{"kind":"stop","name":"2700 W / Surrey Rd (NB)","stop_id":"15960"},"type":"Feature"},{"geometry":{"coordinates":[-111.95778,40.65134],"type":"Point"},"properties":{"kind":"stop","name":"2700 W / Lou Jean St (NB)","stop_id":"15961"},"type":"Feature"},{"geometry":{"coordinates":[-111.95733,40.65299],"type":"Point"},"properties":{"kind":"stop","name":"5400 S / 2700 W (EB)","stop_id":"15962"},"type":"Feature"},{"geometry":{"coordinates":[-111.91219,40.69162],"type":"Point"},"properties":{"kind":"stop","name":"Carlisle St / 700 W (EB)","stop_id":"15968"},"type":"Feature"},{"geometry":{"coordinates":[-111.98682,40.65399],"type":"Point"},"properties":{"kind":"stop","name":"4015 W / 5400 S (NB)","stop_id":"15977"},"type":"Feature"},{"geometry":{"coordinates":[-111.98704,40.6578],"type":"Point"},"properties":{"kind":"stop","name":"4015 W / 5115 S (SB)","stop_id":"15978"},"type":"Feature"},{"geometry":{"coordinates":[-111.99137,40.66717],"type":"Point"},"properties":{"kind":"stop","name":"4715 S / 4180 W (EB)","stop_id":"15989"},"type":"Feature"},{"geometry":{"coordinates":[-111.98891,40.66719],"type":"Point"},"properties":{"kind":"stop","name":"4715 S / 4140 W (EB)","stop_id":"15990"},"type":"Feature"},{"geometry":{"coordinates":[-111.98599,40.66751],"type":"Point"},"properties":{"kind":"stop","name":"4700 S / 4015 W (EB)","stop_id":"15991"},"type":"Feature"},{"geometry":{"coordinates":[-111.97917,40.66747],"type":"Point"},"properties":{"kind":"stop","name":"4700 S / Bangerter Hwy (EB)","stop_id":"15993"},"type":"Feature"},{"geometry":{"coordinates":[-111.97628,40.66746],"type":"Point"},"properties":{"kind":"stop","name":"4700 S / 3600 W (EB)","stop_id":"15994"},"type":"Feature"},{"geometry":{"coordinates":[-111.9718,40.66748],"type":"Point"},"properties":{"kind":"stop","name":"4700 S / Simper Ln (EB)","stop_id":"15995"},"type":"Feature"},{"geometry":{"coordinates":[-111.96704,40.66753],"type":"Point"},"properties":{"kind":"stop","name":"4700 S / 3200 W (EB)","stop_id":"15996"},"type":"Feature"},{"geometry":{"coordinates":[-111.9631,40.66749],"type":"Point"},"properties":{"kind":"stop","name":"4700 S / 2950 W (EB)","stop_id":"15997"},"type":"Feature"},{"geometry":{"coordinates":[-111.95814,40.66912],"type":"Point"},"properties":{"kind":"stop","name":"4700 South 2700 West Station","stop_id":"15999"},"type":"Feature"},{"geometry":{"coordinates":[-111.95784,40.68258],"type":"Point"},"properties":{"kind":"stop","name":"4100 South Station","stop_id":"16003"},"type":"Feature"},{"geometry":{"coordinates":[-111.93981,40.67059],"type":"Point"},"properties":{"kind":"stop","name":"SLCC transit Center (Bay H)","stop_id":"16013"},"type":"Feature"},{"geometry":{"coordinates":[-111.94835,40.66812],"type":"Point"},"properties":{"kind":"stop","name":"2200 W / 4700 S (NB)","stop_id":"16015"},"type":"Feature"}],"type":"FeatureCollection"}
