{"features":[{"geometry":{"coordinates":[[-122.92062,46.98292],[-122.92088,46.98282],[-122.92073,46.98263],[-122.92022,46.98274],[-122.91831,46.98249],[-122.91832,46.97963],[-122.91368,46.97969],[-122.91322,46.9795],[-122.91084,46.98],[-122.90511,46.98324],[-122.90653,46.98449],[-122.90725,46.98551],[-122.90762,46.98654],[-122.9076,46.99709],[-122.90867,46.99968],[-122.90861,46.99999],[-122.90964,47.00181],[-122.90972,47.00295],[-122.90318,47.01433],[-122.90117,47.01671],[-122.89867,47.01667],[-122.89865,47.01888],[-122.89888,47.01913],[-122.89601,47.02169],[-122.89564,47.02251],[-122.89579,47.0231],[-122.89617,47.02349],[-122.90057,47.02616],[-122.9008,47.02654],[-122.90082,47.03907],[-122.90195,47.0466],[-122.90045,47.0467],[-122.89938,47.04618],[-122.89934,47.04592],[-122.89959,47.04591],[-122.90019,47.04616]],"type":"LineString"},"properties":{"color":"#005BAA","color_name":"teal","kind":"route","label":"13","long":"Capitol Blvd","route_id":"13","text_color":"#FFFFFF","type_label":"Bus"},"type":"Feature"},{"geometry":{"coordinates":[[-122.92062,46.98292],[-122.92088,46.98282],[-122.92073,46.98263],[-122.92022,46.98274],[-122.91831,46.98249],[-122.91831,46.98014],[-122.91888,46.9798],[-122.9224,46.98012],[-122.93345,46.98205],[-122.93525,46.98272],[-122.93527,46.98291],[-122.93444,46.98381],[-122.93035,46.98704],[-122.92319,46.99214],[-122.92222,46.99378],[-122.92162,46.99429],[-122.92127,46.9954],[-122.91748,46.99735],[-122.91606,46.99992],[-122.92674,47.00001],[-122.92682,47.00343],[-122.92664,47.00744],[-122.90951,47.00725],[-122.90738,47.00905],[-122.90689,47.00975],[-122.90672,47.0105],[-122.90663,47.01648],[-122.90416,47.0167],[-122.89867,47.01667],[-122.89865,47.01888],[-122.89888,47.01913],[-122.89601,47.02169],[-122.89564,47.02265],[-122.89617,47.02349],[-122.90057,47.02616],[-122.9008,47.02654],[-122.90082,47.03907],[-122.90195,47.0466],[-122.90045,47.0467],[-122.89938,47.04618],[-122.89934,47.04592],[-122.89992,47.04607]],"type":"LineString"},"properties":{"color":"#005BAA","color_name":"teal","kind":"route","label":"15","long":"Littlerock Rd","route_id":"15","text_color":"#FFFFFF","type_label":"Bus"},"type":"Feature"},{"geometry":{"coordinates":[[-122.92062,46.98292],[-122.92088,46.98282],[-122.92073,46.98263],[-122.92022,46.98274],[-122.91831,46.98249],[-122.91832,46.97963],[-122.91368,46.97969],[-122.91322,46.9795],[-122.91084,46.98],[-122.90511,46.98324],[-122.90653,46.98449],[-122.90756,46.98627],[-122.90769,46.98756],[-122.9076,46.99709],[-122.90867,46.99968],[-122.90861,46.99999],[-122.90913,47.00067],[-122.90977,47.00234],[-122.90959,47.00333],[-122.90757,47.00682],[-122.90932,47.00724],[-122.91297,47.00729],[-122.91297,47.01338],[-122.91422,47.0149],[-122.91718,47.01627],[-122.91936,47.01674],[-122.92164,47.01865],[-122.92458,47.01935],[-122.92616,47.01951],[-122.92617,47.02147],[-122.92533,47.02198],[-122.92396,47.02197],[-122.92324,47.02232],[-122.92311,47.02438],[-122.92509,47.02514],[-122.92622,47.02535],[-122.94489,47.02531],[-122.94546,47.02506],[-122.94666,47.02366],[-122.94671,47.02186],[-122.94459,47.02185]],"type":"LineString"},"properties":{"color":"#006B3F","color_name":"green","kind":"route","label":"16","long":"Mottman Rd","route_id":"16","text_color":"#FFFFFF","type_label":"Bus"},"type":"Feature"},{"geometry":{"coordinates":[[-122.87264,47.04354],[-122.87034,47.04353],[-122.87034,47.04018],[-122.87096,47.03993],[-122.88177,47.04011],[-122.88187,47.03925],[-122.88753,47.03906],[-122.88766,47.03987],[-122.89831,47.03913],[-122.89934,47.04592],[-122.90064,47.04628],[-122.90069,47.04668],[-122.90045,47.0467],[-122.89955,47.04624]],"type":"LineString"},"properties":{"color":"#005BAA","color_name":"teal","kind":"route","label":"20","long":"Legion Way/Union Ave","route_id":"20","text_color":"#FFFFFF","type_label":"Bus"},"type":"Feature"},{"geometry":{"coordinates":[[-122.89955,47.04624],[-122.89938,47.04618],[-122.89922,47.04508],[-122.88713,47.04591],[-122.88762,47.05015],[-122.87735,47.05011],[-122.8775,47.05359],[-122.88249,47.05362],[-122.8824,47.06204],[-122.87352,47.06199],[-122.87156,47.06214],[-122.8714,47.06855]],"type":"LineString"},"properties":{"color":"#006B3F","color_name":"green","kind":"route","label":"21","long":"Friendly Grove","route_id":"21","text_color":"#FFFFFF","type_label":"Bus"},"type":"Feature"},{"geometry":{"coordinates":[[-122.89975,47.0463],[-122.89938,47.04618],[-122.89831,47.03913],[-122.88766,47.03987],[-122.88779,47.04075],[-122.88444,47.04098],[-122.88188,47.04098],[-122.88187,47.0401],[-122.87096,47.03993],[-122.87034,47.04018],[-122.87034,47.04353],[-122.87304,47.04353]],"type":"LineString"},"properties":{"color":"#006B3F","color_name":"green","kind":"route","label":"22","long":"Union Ave/Legion Way","route_id":"22","text_color":"#FFFFFF","type_label":"Bus"},"type":"Feature"},{"geometry":{"coordinates":[[-122.90247,47.05016],[-122.90262,47.05005],[-122.90243,47.04983],[-122.90195,47.0466],[-122.89947,47.04677],[-122.89871,47.04169],[-122.89236,47.04211],[-122.89207,47.03954],[-122.89584,47.0393],[-122.89601,47.03717],[-122.8959,47.03585],[-122.89605,47.03558],[-122.8959,47.03396],[-122.90082,47.03376],[-122.90081,47.03555],[-122.90314,47.03644],[-122.90325,47.03664],[-122.9038,47.0365],[-122.9038,47.03542],[-122.90081,47.03555],[-122.90082,47.03907],[-122.90157,47.04406],[-122.90964,47.04352],[-122.91064,47.0433],[-122.91394,47.04125],[-122.91448,47.04064],[-122.91475,47.03997],[-122.91456,47.0388],[-122.91252,47.03655],[-122.91099,47.03382],[-122.91,47.03158],[-122.91226,47.03138],[-122.91291,47.03106],[-122.91328,47.0294],[-122.91361,47.02903],[-122.91328,47.02855],[-122.9133,47.02785],[-122.91514,47.02786],[-122.91487,47.02852],[-122.91487,47.02941],[-122.91586,47.03042],[-122.9172,47.03083],[-122.91876,47.03071],[-122.91964,47.03031],[-122.92178,47.02873],[-122.92426,47.02764],[-122.92347,47.02719],[-122.92311,47.02669],[-122.92312,47.02306],[-122.92338,47.02276],[-122.92381,47.02267],[-122.92686,47.02377],[-122.929,47.02362],[-122.92928,47.02347],[-122.92923,47.02325]],"type":"LineString"},"properties":{"color":"#005BAA","color_name":"teal","kind":"route","label":"24","long":"Capitol Campus/SPSCC","route_id":"24","text_color":"#FFFFFF","type_label":"Bus"},"type":"Feature"},{"geometry":{"coordinates":[[-122.93263,47.0423],[-122.93261,47.04328],[-122.93431,47.0433],[-122.93425,47.04617],[-122.93768,47.04702],[-122.96037,47.04706],[-122.96041,47.04221],[-122.95755,47.04181],[-122.95422,47.042],[-122.94922,47.0414],[-122.94805,47.04106],[-122.94623,47.04013],[-122.94446,47.03987],[-122.92271,47.03983],[-122.92257,47.04353],[-122.9148,47.04339],[-122.91477,47.04427],[-122.91252,47.04423],[-122.9119,47.04407],[-122.90169,47.04491],[-122.90195,47.0466],[-122.90045,47.0467],[-122.89938,47.04618],[-122.89934,47.04592],[-122.89974,47.04601]],"type":"LineString"},"properties":{"color":"#005BAA","color_name":"teal","kind":"route","label":"30","long":"Capital Mall Dr","route_id":"30","text_color":"#FFFFFF","type_label":"Bus"},"type":"Feature"},{"geometry":{"coordinates":[[-122.93263,47.0423],[-122.93261,47.04328],[-122.93904,47.04333],[-122.94034,47.04302],[-122.94109,47.04418],[-122.94125,47.04489],[-122.94123,47.05153],[-122.92566,47.05157],[-122.92558,47.05354],[-122.91844,47.05356],[-122.91846,47.0497],[-122.91774,47.04969],[-122.91783,47.04717],[-122.92009,47.04722],[-122.92016,47.04592],[-122.91359,47.04579],[-122.91304,47.04553],[-122.91232,47.0448],[-122.91215,47.04417],[-122.9119,47.04407],[-122.90169,47.04491],[-122.90195,47.0466],[-122.90045,47.0467],[-122.89938,47.04618],[-122.89934,47.04592],[-122.89974,47.04601]],"type":"LineString"},"properties":{"color":"#006B3F","color_name":"green","kind":"route","label":"31","long":"Conger Ave/Capital Mall","route_id":"31","text_color":"#FFFFFF","type_label":"Bus"},"type":"Feature"},{"geometry":{"coordinates":[[-122.92923,47.02325],[-122.92897,47.02318],[-122.92808,47.02362],[-122.92682,47.0236],[-122.92531,47.02269],[-122.92314,47.02269],[-122.92314,47.02678],[-122.92353,47.02723],[-122.92675,47.02905],[-122.92798,47.02928],[-122.9307,47.02926],[-122.93224,47.02972],[-122.9349,47.03184],[-122.93635,47.03363],[-122.93872,47.0351],[-122.93917,47.03612],[-122.93925,47.04114],[-122.94103,47.04407],[-122.94125,47.04489],[-122.94127,47.04712],[-122.93797,47.04706],[-122.93409,47.04616],[-122.92589,47.04602],[-122.92555,47.05514],[-122.92569,47.05959],[-122.92834,47.06317],[-122.92986,47.06744],[-122.93199,47.07028],[-122.93275,47.07079],[-122.93382,47.0711],[-122.93248,47.07109],[-122.93201,47.0703],[-122.93275,47.07079],[-122.93391,47.07112],[-122.94235,47.07127],[-122.94334,47.07562],[-122.94915,47.07553],[-122.95417,47.07232],[-122.9564,47.07203],[-122.9566,47.07331],[-122.95724,47.07433],[-122.95806,47.07494],[-122.95912,47.07534],[-122.96053,47.07553],[-122.96874,47.07563],[-122.97056,47.07611],[-122.97344,47.07612],[-122.97369,47.07557],[-122.97346,47.07537],[-122.97256,47.0758],[-122.97244,47.07612],[-122.97056,47.07611],[-122.96874,47.07563],[-122.96426,47.07563],[-122.96452,47.07399],[-122.96519,47.07299],[-122.96602,47.0723],[-122.96715,47.07177],[-122.97011,47.07126],[-122.97066,47.07076],[-122.97076,47.07004],[-122.97208,47.07003],[-122.97396,47.06949],[-122.97434,47.06957],[-122.97571,47.0708],[-122.97607,47.07126],[-122.97624,47.07203],[-122.97665,47.07215],[-122.97705,47.07196]],"type":"LineString"},"properties":{"color":"#005BAA","color_name":"teal","kind":"route","label":"32","long":"SPSCC/The Evergreen State College","route_id":"32","text_color":"#FFFFFF","type_label":"Bus"},"type":"Feature"},{"geometry":{"coordinates":[[-122.93263,47.0423],[-122.93261,47.04328],[-122.93431,47.0433],[-122.93425,47.04617],[-122.92589,47.04602],[-122.92609,47.04445],[-122.94426,47.0296],[-122.94497,47.02921],[-122.94457,47.02897],[-122.94013,47.02873],[-122.93966,47.02854],[-122.93935,47.02808],[-122.93928,47.01903],[-122.94062,47.01684],[-122.94072,47.01416],[-122.94164,47.0141],[-122.94265,47.01355],[-122.94451,47.01353],[-122.94443,47.01804],[-122.9422,47.01805]],"type":"LineString"},"properties":{"color":"#006B3F","color_name":"green","kind":"route","label":"33","long":"Black Lake Blvd","route_id":"33","text_color":"#FFFFFF","type_label":"Bus"},"type":"Feature"},{"geometry":{"coordinates":[[-122.97705,47.07196],[-122.97704,47.07165],[-122.97653,47.07136],[-122.97435,47.06915],[-122.97281,47.06975],[-122.97153,47.06992],[-122.96506,47.06929],[-122.96331,47.06929],[-122.96117,47.06983],[-122.95793,47.07165],[-122.9545,47.07215],[-122.94915,47.07553],[-122.94334,47.07562],[-122.94212,47.07036],[-122.94229,47.06544],[-122.94122,47.06063],[-122.94117,47.04441],[-122.94034,47.04302],[-122.93904,47.04333],[-122.93261,47.04328],[-122.93261,47.04275],[-122.93348,47.04275],[-122.93344,47.04227],[-122.93263,47.0423]],"type":"LineString"},"properties":{"color":"#E27D1F","color_name":"orange","kind":"route","label":"34","long":"The Evergreen State College/Capital Mall","route_id":"34","text_color":"#FFFFFF","type_label":"Bus"},"type":"Feature"},{"geometry":{"coordinates":[[-122.91327,47.02832],[-122.9133,47.02785],[-122.91514,47.02786],[-122.91481,47.02891],[-122.91505,47.02972],[-122.91613,47.03055],[-122.91745,47.03085],[-122.91848,47.03077],[-122.9194,47.03045],[-122.92178,47.02873],[-122.92426,47.02764],[-122.92675,47.02905],[-122.92798,47.02928],[-122.93097,47.0293],[-122.93254,47.02991],[-122.9349,47.03184],[-122.93624,47.03353],[-122.93849,47.03493],[-122.93899,47.03545],[-122.93918,47.03634],[-122.93922,47.04098],[-122.94034,47.04302],[-122.93904,47.04333],[-122.93261,47.04328],[-122.93261,47.04275],[-122.93348,47.04275],[-122.93344,47.04227],[-122.93263,47.0423]],"type":"LineString"},"properties":{"color":"#E27D1F","color_name":"orange","kind":"route","label":"35","long":"Courthouse/Capital Mall","route_id":"35","text_color":"#FFFFFF","type_label":"Bus"},"type":"Feature"},{"geometry":{"coordinates":[[-122.89993,47.04636],[-122.89938,47.04618],[-122.89922,47.04508],[-122.88468,47.04607],[-122.86454,47.04601],[-122.8528,47.0467],[-122.85317,47.04815],[-122.85268,47.04953],[-122.85011,47.05088],[-122.84932,47.05105],[-122.84444,47.05101],[-122.84442,47.04725],[-122.79731,47.05029],[-122.79444,47.05072],[-122.74095,47.06149],[-122.74151,47.06256],[-122.74151,47.06819],[-122.74127,47.06882],[-122.74145,47.0691],[-122.74155,47.07193],[-122.74326,47.07408],[-122.74431,47.07513],[-122.74543,47.07585],[-122.74654,47.0761],[-122.7481,47.07608],[-122.75048,47.0756],[-122.75146,47.07693],[-122.75203,47.0785],[-122.75313,47.08022],[-122.75318,47.081],[-122.75299,47.08187],[-122.7532,47.08275],[-122.75547,47.08552],[-122.75644,47.08877],[-122.75768,47.08994],[-122.75933,47.09048],[-122.7808,47.09058],[-122.78087,47.083],[-122.77982,47.08315],[-122.77861,47.08379],[-122.77759,47.08397],[-122.772,47.08392],[-122.76919,47.08308],[-122.76511,47.08301],[-122.7651,47.08068],[-122.76534,47.07964],[-122.76504,47.07881],[-122.76376,47.07666],[-122.76357,47.07503],[-122.7638,47.07359],[-122.76503,47.07083],[-122.76489,47.07],[-122.76512,47.06941],[-122.76463,47.06836],[-122.76206,47.06841]],"type":"LineString"},"properties":{"color":"#005BAA","color_name":"teal","kind":"route","label":"50","long":"Martin Way","route_id":"50","text_color":"#FFFFFF","type_label":"Bus"},"type":"Feature"},{"geometry":{"coordinates":[[-122.90247,47.05016],[-122.90262,47.05005],[-122.90243,47.04983],[-122.90195,47.0466],[-122.89822,47.04686],[-122.89758,47.04276],[-122.89651,47.04225],[-122.89623,47.04187],[-122.88804,47.0424],[-122.88683,47.03502],[-122.88694,47.03123],[-122.8867,47.03067],[-122.88616,47.03018],[-122.88483,47.02965],[-122.87249,47.02937],[-122.87049,47.02906],[-122.86522,47.02893],[-122.86507,47.02907],[-122.86511,47.0326],[-122.85019,47.03251],[-122.84963,47.03234],[-122.84762,47.03246],[-122.84693,47.03232],[-122.84448,47.03256],[-122.84425,47.03285],[-122.84426,47.03402],[-122.84392,47.03426],[-122.83376,47.03425],[-122.83378,47.04131],[-122.8332,47.04134],[-122.83226,47.04188],[-122.8302,47.04189],[-122.83017,47.04292],[-122.82951,47.04276],[-122.82932,47.04197]],"type":"LineString"},"properties":{"color":"#006B3F","color_name":"green","kind":"route","label":"51","long":"Farmers Market/Lacey","route_id":"51","text_color":"#FFFFFF","type_label":"Bus"},"type":"Feature"},{"geometry":{"coordinates":[[-122.90044,47.04624],[-122.90064,47.04628],[-122.90069,47.04668],[-122.89822,47.04686],[-122.89758,47.04276],[-122.89625,47.04197],[-122.89584,47.0393],[-122.89603,47.03549],[-122.89378,47.0353],[-122.89274,47.03495],[-122.89009,47.03255],[-122.89073,47.03051],[-122.89164,47.0296],[-122.88914,47.02846],[-122.88784,47.02616],[-122.88665,47.02534],[-122.87985,47.02473],[-122.87898,47.02435],[-122.87865,47.02391],[-122.87852,47.02191],[-122.87769,47.02015],[-122.87796,47.01912],[-122.87919,47.01726],[-122.8794,47.01021],[-122.88075,47.00866],[-122.881,47.00808],[-122.88093,47.00354],[-122.87306,47.00355],[-122.87199,47.00434],[-122.87127,47.00459],[-122.86738,47.00465],[-122.8643,47.00341],[-122.86253,47.00208],[-122.86141,47.0017],[-122.85091,47.0002],[-122.84758,46.99894],[-122.84163,46.99715],[-122.83795,46.99632],[-122.82867,46.99625],[-122.82862,46.99867],[-122.8284,46.99926],[-122.82801,46.99962],[-122.82519,47.00035],[-122.8232,47.0004],[-122.82318,47.00665],[-122.82296,47.00711],[-122.82319,47.00765],[-122.82329,47.02517],[-122.82309,47.02712],[-122.8229,47.02745],[-122.82314,47.02788],[-122.82333,47.0294],[-122.82323,47.04328],[-122.83016,47.04329],[-122.83017,47.04292],[-122.82944,47.04267],[-122.82932,47.04197]],"type":"LineString"},"properties":{"color":"#005BAA","color_name":"teal","kind":"route","label":"52","long":"College St/Yelm Hwy","route_id":"52","text_color":"#FFFFFF","type_label":"Bus"},"type":"Feature"},{"geometry":{"coordinates":[[-122.48334,47.16103],[-122.4845,47.16146],[-122.48626,47.15995],[-122.5046,47.14924],[-122.50444,47.14818],[-122.50522,47.14789],[-122.50601,47.14668],[-122.51048,47.14403],[-122.51717,47.14052],[-122.52188,47.13893],[-122.53075,47.13426],[-122.56969,47.11132],[-122.57159,47.11039],[-122.58074,47.10762],[-122.58382,47.10604],[-122.58638,47.10501],[-122.59207,47.10343],[-122.59865,47.10261],[-122.60682,47.10031],[-122.61877,47.09463],[-122.62061,47.09404],[-122.62614,47.09273],[-122.63211,47.09096],[-122.63868,47.08932],[-122.64366,47.08836],[-122.66068,47.08417],[-122.67685,47.08184],[-122.69215,47.07778],[-122.69474,47.07671],[-122.70041,47.07334],[-122.71288,47.06853],[-122.71523,47.06812],[-122.72484,47.06816],[-122.73538,47.06749],[-122.74911,47.06547],[-122.76975,47.06319],[-122.8056,47.05712],[-122.80723,47.05666],[-122.80864,47.05598],[-122.81636,47.05063],[-122.81775,47.04991],[-122.82006,47.04927],[-122.82028,47.04882],[-122.81692,47.04904],[-122.81656,47.0498],[-122.81491,47.04998],[-122.81462,47.04988],[-122.81449,47.0492],[-122.82028,47.04882],[-122.82078,47.0479],[-122.82305,47.04694],[-122.82375,47.04683],[-122.84183,47.04521],[-122.84342,47.04475],[-122.85288,47.04107],[-122.85515,47.04052],[-122.86546,47.04072],[-122.86857,47.04047],[-122.86998,47.04009],[-122.87148,47.03937],[-122.87413,47.03749],[-122.87652,47.03643],[-122.88663,47.03556],[-122.89027,47.03445],[-122.89103,47.03448],[-122.89283,47.03508],[-122.89579,47.03572],[-122.89605,47.03558],[-122.8959,47.03396],[-122.90082,47.03376],[-122.90082,47.03907],[-122.90195,47.0466],[-122.89989,47.04674],[-122.89959,47.04653]],"type":"LineString"},"properties":{"color":"#66A9D8","color_name":"teal","kind":"route","label":"600","long":"Lakewood Commuter","route_id":"600","text_color":"#000000","type_label":"Bus"},"type":"Feature"},{"geometry":{"coordinates":[[-122.89959,47.04653],[-122.89943,47.04652],[-122.89934,47.04592],[-122.90182,47.04575],[-122.90082,47.03907],[-122.90082,47.03376],[-122.89585,47.0337],[-122.89566,47.03542],[-122.89378,47.0353],[-122.89247,47.03479],[-122.89014,47.03264],[-122.89007,47.03238],[-122.89032,47.032],[-122.89087,47.03181],[-122.89152,47.03209],[-122.89141,47.03268],[-122.89042,47.03366],[-122.88852,47.03476],[-122.88606,47.03537],[-122.87831,47.03592],[-122.87642,47.03627],[-122.87408,47.03731],[-122.87143,47.03914],[-122.86927,47.0401],[-122.8667,47.04051],[-122.8563,47.04026],[-122.85445,47.04045],[-122.852,47.04118],[-122.84332,47.0446],[-122.84168,47.04496],[-122.83139,47.04588],[-122.82968,47.04552],[-122.82849,47.04549],[-122.8285,47.0433],[-122.83016,47.04329],[-122.83017,47.04292],[-122.82944,47.04267],[-122.82939,47.04185],[-122.8302,47.04189],[-122.83016,47.04329],[-122.82323,47.04328],[-122.82317,47.04864],[-122.79663,47.05037],[-122.79661,47.05228],[-122.79636,47.05315],[-122.79656,47.0541],[-122.79668,47.05747],[-122.79815,47.06089],[-122.7996,47.0633],[-122.79966,47.06382],[-122.79948,47.06436],[-122.79739,47.06412],[-122.79578,47.0644],[-122.7946,47.06494],[-122.79163,47.06693],[-122.78819,47.06817],[-122.78646,47.06847],[-122.78595,47.06833],[-122.7854,47.06855],[-122.78404,47.06859],[-122.77535,47.06787],[-122.77299,47.06821],[-122.7709,47.0688],[-122.77061,47.06911],[-122.76994,47.06927],[-122.76503,47.0693],[-122.76463,47.06836],[-122.76167,47.06834],[-122.76463,47.06836],[-122.76463,47.0672],[-122.76482,47.06677],[-122.76604,47.06594],[-122.76638,47.06593],[-122.76811,47.06724],[-122.76853,47.06709],[-122.76674,47.06604],[-122.76616,47.06547],[-122.7654,47.06438],[-122.76508,47.06316],[-122.76482,47.06286],[-122.76445,47.06279],[-122.76109,47.06353],[-122.73465,47.06733],[-122.72603,47.06789],[-122.71426,47.068],[-122.71242,47.06842],[-122.6887,47.07751],[-122.67508,47.0815],[-122.67101,47.08247],[-122.66059,47.084],[-122.6209,47.09351],[-122.61717,47.09482],[-122.60812,47.0996],[-122.60648,47.10026],[-122.59881,47.10238],[-122.59668,47.10273],[-122.59263,47.10298],[-122.58799,47.10419],[-122.58406,47.10549],[-122.57957,47.10781],[-122.57207,47.11003],[-122.57042,47.11071],[-122.56096,47.11624],[-122.55803,47.11729],[-122.55692,47.11792],[-122.55857,47.11912],[-122.55992,47.11953],[-122.56011,47.11979],[-122.56004,47.12007],[-122.55933,47.12027],[-122.55838,47.11955],[-122.55821,47.11911],[-122.55784,47.11919],[-122.55922,47.12028],[-122.55984,47.12026],[-122.56011,47.11987],[-122.55992,47.11953],[-122.55857,47.11912],[-122.55692,47.11792],[-122.55542,47.11887],[-122.55272,47.12112],[-122.54278,47.12673],[-122.52969,47.13462],[-122.52098,47.13913],[-122.51711,47.14034],[-122.50818,47.14493],[-122.50447,47.14633],[-122.50433,47.14938],[-122.4994,47.15222],[-122.49964,47.1524],[-122.49839,47.15314],[-122.49817,47.15296],[-122.48626,47.15995],[-122.4845,47.16146],[-122.48375,47.16106],[-122.48346,47.16125],[-122.48307,47.16117],[-122.48296,47.16078],[-122.48331,47.16055],[-122.48334,47.16103]],"type":"LineString"},"properties":{"color":"#66A9D8","color_name":"teal","kind":"route","label":"610","long":"Lacey Connector","route_id":"610","text_color":"#000000","type_label":"Bus"},"type":"Feature"},{"geometry":{"coordinates":[[-122.82947,47.04271],[-122.82929,47.04224],[-122.82939,47.04185],[-122.83226,47.04188],[-122.8332,47.04134],[-122.83378,47.04131],[-122.83379,47.03927],[-122.84438,47.04179],[-122.85071,47.04142],[-122.85283,47.04157],[-122.85643,47.04253],[-122.86206,47.0436],[-122.8643,47.04448],[-122.86907,47.04563],[-122.869,47.03695],[-122.86824,47.03564],[-122.86821,47.0344],[-122.86798,47.03388],[-122.86735,47.03334],[-122.86585,47.03261],[-122.86512,47.03167],[-122.86514,47.02953],[-122.86547,47.02908],[-122.86516,47.02869],[-122.86512,47.0276],[-122.86516,47.01875],[-122.86538,47.01819],[-122.86521,47.01763],[-122.86525,47.01479],[-122.8655,47.01437],[-122.86529,47.01399],[-122.86523,47.01183],[-122.86522,47.00465],[-122.86535,47.00428],[-122.86571,47.00416],[-122.86782,47.00479],[-122.871,47.0047],[-122.87185,47.0045],[-122.8727,47.00393],[-122.87367,47.00362],[-122.88093,47.00354],[-122.88112,46.99212],[-122.88135,46.99158],[-122.88191,46.99103],[-122.88267,46.99066],[-122.8849,46.99012],[-122.88556,46.98966],[-122.88603,46.98893],[-122.88659,46.98733],[-122.8867,46.98083],[-122.896,46.97558],[-122.90511,46.98324],[-122.90184,46.98495],[-122.90202,46.98539],[-122.91834,46.98541],[-122.91831,46.98264],[-122.92062,46.98292]],"type":"LineString"},"properties":{"color":"#006B3F","color_name":"green","kind":"route","label":"70","long":"Tumwater/Lacey","route_id":"70","text_color":"#FFFFFF","type_label":"Bus"},"type":"Feature"},{"geometry":{"coordinates":[[-122.74014,46.98659],[-122.73839,46.98878],[-122.73819,46.98927],[-122.73867,46.99217],[-122.73857,46.99591],[-122.75968,46.996],[-122.75978,47.00325],[-122.75442,47.00326],[-122.75437,47.00887],[-122.75413,47.0104],[-122.75421,47.01388],[-122.75404,47.01412],[-122.75423,47.01441],[-122.75431,47.01722],[-122.75495,47.01804],[-122.75895,47.02047],[-122.76019,47.02085],[-122.76371,47.02131],[-122.76478,47.02162],[-122.76671,47.02334],[-122.76728,47.02437],[-122.76727,47.02545],[-122.76632,47.02756],[-122.76494,47.02881],[-122.76445,47.02978],[-122.76484,47.03068],[-122.76494,47.03868],[-122.76465,47.03936],[-122.76498,47.04009],[-122.76449,47.05677],[-122.76903,47.05589],[-122.76918,47.05696],[-122.76899,47.06087],[-122.76851,47.0612],[-122.76478,47.06128],[-122.76484,47.06231],[-122.76527,47.0629],[-122.76555,47.06407],[-122.76553,47.06502],[-122.76612,47.06584],[-122.76482,47.06677],[-122.76463,47.0672],[-122.76463,47.06836],[-122.76167,47.06834],[-122.76463,47.06836],[-122.7648,47.06885],[-122.76458,47.06943],[-122.76485,47.06962],[-122.76565,47.06943],[-122.76968,47.06939],[-122.77108,47.06919],[-122.77159,47.06878],[-122.77283,47.06834],[-122.77489,47.06799],[-122.7764,47.06797],[-122.78588,47.06876],[-122.78795,47.06831],[-122.79103,47.06729],[-122.79231,47.06663],[-122.79482,47.0649],[-122.79592,47.06444],[-122.79752,47.06419],[-122.80082,47.06449],[-122.80199,47.06417],[-122.80268,47.06351],[-122.80464,47.06039],[-122.80521,47.05819],[-122.80578,47.05778],[-122.83371,47.05778],[-122.83378,47.04131],[-122.8332,47.04134],[-122.83226,47.04188],[-122.8302,47.04189],[-122.83017,47.04292],[-122.82998,47.04291]],"type":"LineString"},"properties":{"color":"#006B3F","color_name":"green","kind":"route","label":"71","long":"Britton Pkwy/Marvin Rd","route_id":"71","text_color":"#FFFFFF","type_label":"Bus"},"type":"Feature"},{"geometry":{"coordinates":[[-122.82409,47.0005],[-122.82526,47.00046],[-122.82746,46.99988],[-122.82823,46.99944],[-122.82862,46.99867],[-122.82867,46.99625],[-122.82321,46.99625],[-122.82306,46.98858],[-122.82238,46.98728],[-122.8224,46.98687],[-122.81465,46.98687],[-122.81373,46.98655],[-122.81298,46.98574],[-122.81205,46.98528],[-122.80934,46.98521],[-122.80847,46.98538],[-122.80163,46.98857],[-122.79977,46.99033],[-122.79935,46.99115],[-122.80637,46.99272],[-122.80719,46.99317],[-122.80734,46.99424],[-122.80729,47.0013],[-122.80794,47.00361],[-122.80847,47.00898],[-122.8063,47.00903],[-122.80476,47.0087],[-122.79881,47.00506],[-122.79718,47.00453],[-122.79171,47.00428],[-122.78535,47.00545],[-122.78408,47.00533],[-122.78065,47.00451],[-122.77982,47.0045],[-122.77971,47.00475],[-122.78036,47.00526],[-122.78049,47.00697],[-122.78088,47.01412],[-122.78087,47.01857],[-122.78124,47.0192],[-122.78206,47.01954],[-122.78944,47.01966],[-122.79028,47.02003],[-122.79118,47.02088],[-122.7915,47.02137],[-122.79158,47.02224],[-122.79143,47.03305],[-122.79187,47.03361],[-122.79259,47.03378],[-122.79951,47.0338],[-122.80015,47.03395],[-122.80065,47.03454],[-122.8006,47.03764],[-122.8055,47.03688],[-122.80634,47.03702],[-122.81142,47.03697],[-122.82123,47.0372],[-122.8297,47.03819],[-122.83195,47.03898],[-122.83379,47.03927],[-122.83378,47.04131],[-122.8332,47.04134],[-122.83226,47.04188],[-122.82957,47.04188],[-122.82985,47.04257]],"type":"LineString"},"properties":{"color":"#006B3F","color_name":"green","kind":"route","label":"72","long":"Carpenter Rd/Corporate Center","route_id":"72","text_color":"#FFFFFF","type_label":"Bus"},"type":"Feature"},{"geometry":{"coordinates":[[-122.80445,47.02791],[-122.81157,47.02788],[-122.81274,47.02739],[-122.81327,47.02737],[-122.82198,47.02742],[-122.82312,47.02763],[-122.82374,47.02745],[-122.82852,47.02744],[-122.82852,47.02792],[-122.83375,47.02781],[-122.83378,47.04131],[-122.8332,47.04134],[-122.83226,47.04188],[-122.82957,47.04188],[-122.8296,47.04217]],"type":"LineString"},"properties":{"color":"#006B3F","color_name":"green","kind":"route","label":"73","long":"Golf Club Rd/22nd Ave","route_id":"73","text_color":"#FFFFFF","type_label":"Bus"},"type":"Feature"},{"geometry":{"coordinates":[[-122.8296,47.04217],[-122.83018,47.04275],[-122.8302,47.04189],[-122.83226,47.04188],[-122.8332,47.04134],[-122.83378,47.04131],[-122.83361,47.05152],[-122.83369,47.06871],[-122.8443,47.0687],[-122.84442,47.04725],[-122.8528,47.0467],[-122.85317,47.04815],[-122.85268,47.04953],[-122.84988,47.05097],[-122.84507,47.05102]],"type":"LineString"},"properties":{"color":"#006B3F","color_name":"green","kind":"route","label":"74","long":"Lilly Rd/26th Ave","route_id":"74","text_color":"#FFFFFF","type_label":"Bus"},"type":"Feature"},{"geometry":{"coordinates":[[-122.82938,47.04254],[-122.82939,47.04185],[-122.82859,47.04144],[-122.82864,47.0384],[-122.82898,47.03799],[-122.82889,47.03769],[-122.82586,47.03654],[-122.81795,47.0347],[-122.80688,47.03658],[-122.80626,47.03656],[-122.8055,47.03688],[-122.79942,47.03786],[-122.7972,47.0386],[-122.7926,47.04074],[-122.78787,47.04126],[-122.78216,47.04232],[-122.78029,47.04204],[-122.77288,47.03956],[-122.76609,47.03944],[-122.76484,47.03917],[-122.76465,47.03936],[-122.76498,47.04009],[-122.76475,47.04677],[-122.75561,47.04813],[-122.74438,47.05183],[-122.74185,47.0521],[-122.74106,47.05088],[-122.74109,47.04839],[-122.74276,47.04624],[-122.74448,47.04491],[-122.7448,47.04424],[-122.7448,47.04322],[-122.74448,47.04272],[-122.74274,47.0412],[-122.74269,47.03982],[-122.7423,47.03926],[-122.74058,47.03859],[-122.74152,47.0376],[-122.74264,47.03701],[-122.74274,47.03593],[-122.74543,47.03648]],"type":"LineString"},"properties":{"color":"#005BAA","color_name":"teal","kind":"route","label":"75","long":"Pacific Ave/Steilacoom Rd","route_id":"75","text_color":"#FFFFFF","type_label":"Bus"},"type":"Feature"},{"geometry":{"coordinates":[[-122.92923,47.02325],[-122.92897,47.02318],[-122.92808,47.02362],[-122.92682,47.0236],[-122.92531,47.02269],[-122.92314,47.02269],[-122.92324,47.02232],[-122.92376,47.02201],[-122.92533,47.02198],[-122.92609,47.02159],[-122.92629,47.02115],[-122.92624,47.01936],[-122.92458,47.01935],[-122.92164,47.01865],[-122.91936,47.01674],[-122.91718,47.01627],[-122.91394,47.01466],[-122.91297,47.01338],[-122.91297,47.00729],[-122.90932,47.00724],[-122.90757,47.00682],[-122.90318,47.01433],[-122.89888,47.01913],[-122.89865,47.01888],[-122.89867,47.01667],[-122.89824,47.01661],[-122.87319,47.01654],[-122.8731,47.01513],[-122.87247,47.01464],[-122.86716,47.01454],[-122.86541,47.01423],[-122.86527,47.01376],[-122.86523,47.00799],[-122.86389,47.00801],[-122.86271,47.00768],[-122.85705,47.00765],[-122.85449,47.00643],[-122.85348,47.00619],[-122.85301,47.00568],[-122.85202,47.00517],[-122.85275,47.00421],[-122.85261,47.00371],[-122.85202,47.00324],[-122.84434,47.00276],[-122.8444,46.99797],[-122.83999,46.99667],[-122.83795,46.99632],[-122.8073,46.99617],[-122.80729,47.0013],[-122.80794,47.00361],[-122.80869,47.01075],[-122.80849,47.01347],[-122.80875,47.01453],[-122.81033,47.01802],[-122.81027,47.02213],[-122.81079,47.02532],[-122.81105,47.02575],[-122.81761,47.03207],[-122.81795,47.03273],[-122.81796,47.0371],[-122.82123,47.0372],[-122.82802,47.03795],[-122.83014,47.0383],[-122.83218,47.03904],[-122.83379,47.03927],[-122.83378,47.04131],[-122.8332,47.04134],[-122.83226,47.04188],[-122.82957,47.04188],[-122.8297,47.04236]],"type":"LineString"},"properties":{"color":"#005BAA","color_name":"teal","kind":"route","label":"76","long":"Ruddell/SPSCC","route_id":"76","text_color":"#FFFFFF","type_label":"Bus"},"type":"Feature"},{"geometry":{"coordinates":[[-122.77668,47.08396],[-122.772,47.08392],[-122.76919,47.08308],[-122.76511,47.08301],[-122.7651,47.08068],[-122.76534,47.07964],[-122.76418,47.07739],[-122.76126,47.07801],[-122.75764,47.07756],[-122.75228,47.07768],[-122.75192,47.07753],[-122.75177,47.07696],[-122.75067,47.07546],[-122.75044,47.07482],[-122.75058,47.07389],[-122.7512,47.0731],[-122.75233,47.07251],[-122.75548,47.07194],[-122.75822,47.07031],[-122.75913,47.07012],[-122.76141,47.0701],[-122.7641,47.06949],[-122.76499,47.06959],[-122.76512,47.06941],[-122.76463,47.06836],[-122.76206,47.06841]],"type":"LineString"},"properties":{"color":"#E27D1F","color_name":"orange","kind":"route","label":"77","long":"Marvin Rd/Willamette Dr","route_id":"77","text_color":"#FFFFFF","type_label":"Bus"},"type":"Feature"},{"geometry":{"coordinates":[[-122.76206,47.06841],[-122.76463,47.06836],[-122.7648,47.06885],[-122.76464,47.06933],[-122.76261,47.06938],[-122.76048,47.0699],[-122.75826,47.07016],[-122.75513,47.07188],[-122.75177,47.07253],[-122.75111,47.07292],[-122.75041,47.07369],[-122.75018,47.0743],[-122.75024,47.07508],[-122.75146,47.07693],[-122.75203,47.0785],[-122.75303,47.07998],[-122.7532,47.08071],[-122.75302,47.08227],[-122.7535,47.08317],[-122.75374,47.08347],[-122.75857,47.08154],[-122.75941,47.08144],[-122.7612,47.08174],[-122.76509,47.08173],[-122.76511,47.08301],[-122.76919,47.08308],[-122.77169,47.08394],[-122.77445,47.08402]],"type":"LineString"},"properties":{"color":"#E27D1F","color_name":"orange","kind":"route","label":"78","long":"Willamette Dr/Marvin Rd","route_id":"78","text_color":"#FFFFFF","type_label":"Bus"},"type":"Feature"},{"geometry":{"coordinates":[[-122.76206,47.06841],[-122.76463,47.06836],[-122.7648,47.06885],[-122.76458,47.06943],[-122.76485,47.06962],[-122.76565,47.06943],[-122.76984,47.06938],[-122.77132,47.06901],[-122.76868,47.06731],[-122.76847,47.06698],[-122.76674,47.06604],[-122.7654,47.06438],[-122.76508,47.06316],[-122.76522,47.06235],[-122.76471,47.05971],[-122.76449,47.05677],[-122.79327,47.05102],[-122.79663,47.05049],[-122.82317,47.04864],[-122.8233,47.04142],[-122.82872,47.04144],[-122.82957,47.04188],[-122.82974,47.04243],[-122.83018,47.04275],[-122.8302,47.04189],[-122.83226,47.04188],[-122.8332,47.04134],[-122.83378,47.04131],[-122.83371,47.04794],[-122.86454,47.04601],[-122.87046,47.04605],[-122.87461,47.04689],[-122.88464,47.04689],[-122.90406,47.04559],[-122.90429,47.04548],[-122.9042,47.04488],[-122.90444,47.04472],[-122.9111,47.04423],[-122.91199,47.04448],[-122.9133,47.046],[-122.91408,47.04582],[-122.93425,47.04617],[-122.93431,47.0433],[-122.93261,47.04328],[-122.93261,47.04275],[-122.93348,47.04275],[-122.93344,47.04227],[-122.93263,47.0423]],"type":"LineString"},"properties":{"color":"#E27D1F","color_name":"orange","kind":"route","label":"9X","long":"Crosstown Express","route_id":"9","text_color":"#FFFFFF","type_label":"Bus"},"type":"Feature"},{"geometry":{"coordinates":[[-122.5794,46.93363],[-122.5792,46.93809],[-122.58901,46.93832],[-122.59021,46.93816],[-122.59005,46.93751],[-122.59005,46.93317],[-122.59051,46.9333],[-122.63233,46.95595],[-122.63283,46.95667],[-122.63287,46.96383],[-122.63208,46.9647],[-122.63357,46.96536],[-122.63553,46.96695],[-122.64223,46.97078],[-122.64642,46.97548],[-122.64755,46.9772],[-122.64924,46.98349],[-122.65294,46.99021],[-122.65438,46.99229],[-122.65549,46.99345],[-122.65803,46.99551],[-122.664,46.99962],[-122.68542,47.00732],[-122.68703,47.00832],[-122.6883,47.00942],[-122.68858,47.00936],[-122.68894,47.00873],[-122.68975,47.00812],[-122.69319,47.00704],[-122.69796,47.00439],[-122.704,46.99634],[-122.70638,46.99386],[-122.70974,46.99101],[-122.71858,46.9862],[-122.72035,46.98564],[-122.72284,46.98527],[-122.73348,46.98484],[-122.73771,46.98547],[-122.7402,46.98558],[-122.74066,46.98579],[-122.74274,46.98552],[-122.74828,46.98553],[-122.75078,46.98572],[-122.7535,46.98627],[-122.75649,46.98629],[-122.75793,46.98606],[-122.76024,46.98482],[-122.76158,46.98452],[-122.7666,46.98443],[-122.77135,46.98489],[-122.77485,46.98549],[-122.79322,46.98974],[-122.79314,46.99],[-122.79328,46.99012],[-122.79505,46.99046],[-122.79426,46.99098],[-122.79445,46.9912],[-122.79512,46.99093],[-122.79515,46.99054],[-122.79328,46.99012],[-122.79314,46.99],[-122.79322,46.98974],[-122.80661,46.9928],[-122.80698,46.99296],[-122.80728,46.99343],[-122.8073,46.99626],[-122.82321,46.99625],[-122.82318,47.00665],[-122.82296,47.00711],[-122.82319,47.00765],[-122.82329,47.02517],[-122.82309,47.02712],[-122.8229,47.02745],[-122.82314,47.02788],[-122.82333,47.0294],[-122.82323,47.04328],[-122.83016,47.04329],[-122.83017,47.04292],[-122.82951,47.04276],[-122.82932,47.04237]],"type":"LineString"},"properties":{"color":"#005BAA","color_name":"teal","kind":"route","label":"90","long":"Yelm/Lacey","route_id":"90","text_color":"#FFFFFF","type_label":"Bus"},"type":"Feature"},{"geometry":{"coordinates":[-122.90171,47.04442],"type":"Point"},"properties":{"kind":"stop","name":"Capitol Way at 4th Ave [sb]","stop_id":"1"},"type":"Feature"},{"geometry":{"coordinates":[-122.89715,47.02073],"type":"Point"},"properties":{"kind":"stop","name":"Capitol Blvd at Carlyon Ave [sb]","stop_id":"10"},"type":"Feature"},{"geometry":{"coordinates":[-122.92635,47.0205],"type":"Point"},"properties":{"kind":"stop","name":"Crosby Blvd at Somerset Hill Dr [sb]","stop_id":"100"},"type":"Feature"},{"geometry":{"coordinates":[-122.76206,47.06837],"type":"Point"},"properties":{"kind":"stop","name":"Hawks Prairie Park & Ride","stop_id":"1007"},"type":"Feature"},{"geometry":{"coordinates":[-122.82337,47.04737],"type":"Point"},"properties":{"kind":"stop","name":"College St at Martin Way [sb]","stop_id":"1008"},"type":"Feature"},{"geometry":{"coordinates":[-122.92049,47.01763],"type":"Point"},"properties":{"kind":"stop","name":"Barnes Blvd at Ridgeview Loop [sb]","stop_id":"101"},"type":"Feature"},{"geometry":{"coordinates":[-122.74196,47.07266],"type":"Point"},"properties":{"kind":"stop","name":"Orion Dr at Polaris Ln [nb]","stop_id":"1011"},"type":"Feature"},{"geometry":{"coordinates":[-122.74461,47.0755],"type":"Point"},"properties":{"kind":"stop","name":"9050 Orion Dr [wb]","stop_id":"1012"},"type":"Feature"},{"geometry":{"coordinates":[-122.75176,47.07677],"type":"Point"},"properties":{"kind":"stop","name":"Willamette Dr at 31st Ave [sb]","stop_id":"1013"},"type":"Feature"},{"geometry":{"coordinates":[-122.74989,47.07583],"type":"Point"},"properties":{"kind":"stop","name":"Orion Dr at Willamette Dr [wb]","stop_id":"1014"},"type":"Feature"},{"geometry":{"coordinates":[-122.7522,47.07264],"type":"Point"},"properties":{"kind":"stop","name":"Willamette Dr at Borealis Ct [wb]","stop_id":"1015"},"type":"Feature"},{"geometry":{"coordinates":[-122.75733,47.07086],"type":"Point"},"properties":{"kind":"stop","name":"Willamette Dr at Commerce Pl [wb]","stop_id":"1016"},"type":"Feature"},{"geometry":{"coordinates":[-122.76582,47.06947],"type":"Point"},"properties":{"kind":"stop","name":"Willamette Dr at Hogum Bay Rd [wb]","stop_id":"1017"},"type":"Feature"},{"geometry":{"coordinates":[-122.77263,47.07034],"type":"Point"},"properties":{"kind":"stop","name":"Providence Medical Group [sb]","stop_id":"1018"},"type":"Feature"},{"geometry":{"coordinates":[-122.76718,47.06128],"type":"Point"},"properties":{"kind":"stop","name":"Quinalt Dr at Galaxy Dr [wb]","stop_id":"1019"},"type":"Feature"},{"geometry":{"coordinates":[-122.91815,47.0164],"type":"Point"},"properties":{"kind":"stop","name":"Overlook Point Park [sb]","stop_id":"102"},"type":"Feature"},{"geometry":{"coordinates":[-122.92454,47.02793],"type":"Point"},"properties":{"kind":"stop","name":"Cooper Point Dr at Evergreen Park Dr [nb","stop_id":"1021"},"type":"Feature"},{"geometry":{"coordinates":[-122.92392,47.02729],"type":"Point"},"properties":{"kind":"stop","name":"Cooper Point Dr at Evergreen Park Dr [sb","stop_id":"1022"},"type":"Feature"},{"geometry":{"coordinates":[-122.96049,47.04337],"type":"Point"},"properties":{"kind":"stop","name":"Kaiser Rd at Greenwood Dr [sb]","stop_id":"1025"},"type":"Feature"},{"geometry":{"coordinates":[-122.95818,47.04717],"type":"Point"},"properties":{"kind":"stop","name":"Harrison Ave at Twin Flowers St [wb]","stop_id":"1026"},"type":"Feature"},{"geometry":{"coordinates":[-122.95097,47.04151],"type":"Point"},"properties":{"kind":"stop","name":"Capital Medical Center [eb]","stop_id":"1027"},"type":"Feature"},{"geometry":{"coordinates":[-122.77045,47.0684],"type":"Point"},"properties":{"kind":"stop","name":"Marvin Rd at Britton Pkwy [sb]","stop_id":"1029"},"type":"Feature"},{"geometry":{"coordinates":[-122.91515,47.01528],"type":"Point"},"properties":{"kind":"stop","name":"Barnes Blvd at Vista Loop [sb]","stop_id":"103"},"type":"Feature"},{"geometry":{"coordinates":[-122.95963,47.04697],"type":"Point"},"properties":{"kind":"stop","name":"Harrison Ave at Kaiser Rd [eb]","stop_id":"1030"},"type":"Feature"},{"geometry":{"coordinates":[-122.94898,47.047],"type":"Point"},"properties":{"kind":"stop","name":"Harrison Ave at Yauger Way [eb]","stop_id":"1031"},"type":"Feature"},{"geometry":{"coordinates":[-122.94203,47.04721],"type":"Point"},"properties":{"kind":"stop","name":"Harrison Ave at Cooper Point Rd [wb]","stop_id":"1033"},"type":"Feature"},{"geometry":{"coordinates":[-122.95044,47.04722],"type":"Point"},"properties":{"kind":"stop","name":"Harrison Ave at Yauger Way [wb]","stop_id":"1034"},"type":"Feature"},{"geometry":{"coordinates":[-122.94298,47.0254],"type":"Point"},"properties":{"kind":"stop","name":"New Horizon Communities [wb]","stop_id":"1035"},"type":"Feature"},{"geometry":{"coordinates":[-122.81788,47.04886],"type":"Point"},"properties":{"kind":"stop","name":"Martin Way at I-5 [eb]","stop_id":"1036"},"type":"Feature"},{"geometry":{"coordinates":[-122.94646,47.02408],"type":"Point"},"properties":{"kind":"stop","name":"Crites St at 26th Ave [sb]","stop_id":"1037"},"type":"Feature"},{"geometry":{"coordinates":[-122.94459,47.02181],"type":"Point"},"properties":{"kind":"stop","name":"29th Ave at Ferguson St [eb]","stop_id":"1038"},"type":"Feature"},{"geometry":{"coordinates":[-122.63816,46.96839],"type":"Point"},"properties":{"kind":"stop","name":"Yelm Hwy at Powerhouse Ln [eb]","stop_id":"1039"},"type":"Feature"},{"geometry":{"coordinates":[-122.91305,47.00847],"type":"Point"},"properties":{"kind":"stop","name":"7th Ave at I St [sb]","stop_id":"104"},"type":"Feature"},{"geometry":{"coordinates":[-122.63801,46.96851],"type":"Point"},"properties":{"kind":"stop","name":"Yelm Hwy at Powerhouse Ln [wb]","stop_id":"1040"},"type":"Feature"},{"geometry":{"coordinates":[-122.95633,47.04185],"type":"Point"},"properties":{"kind":"stop","name":"7th Ave at Fieldstone Dr [eb]","stop_id":"1041"},"type":"Feature"},{"geometry":{"coordinates":[-122.9563,47.04196],"type":"Point"},"properties":{"kind":"stop","name":"7th Ave at Fieldstone Dr [wb]","stop_id":"1042"},"type":"Feature"},{"geometry":{"coordinates":[-122.9006,47.04492],"type":"Point"},"properties":{"kind":"stop","name":"4th Ave at Washington St [eb]","stop_id":"1043"},"type":"Feature"},{"geometry":{"coordinates":[-122.79439,47.06498],"type":"Point"},"properties":{"kind":"stop","name":"Britton Place Apts [eb]","stop_id":"1045"},"type":"Feature"},{"geometry":{"coordinates":[-122.78706,47.06832],"type":"Point"},"properties":{"kind":"stop","name":"Britton Pkwy at Gateway Blvd [eb]","stop_id":"1046"},"type":"Feature"},{"geometry":{"coordinates":[-122.77306,47.06815],"type":"Point"},"properties":{"kind":"stop","name":"Britton Pkwy at Marvin Rd [eb]","stop_id":"1047"},"type":"Feature"},{"geometry":{"coordinates":[-122.76967,47.06925],"type":"Point"},"properties":{"kind":"stop","name":"Willamette Dr at Marvin Rd [eb]","stop_id":"1048"},"type":"Feature"},{"geometry":{"coordinates":[-122.76308,47.06928],"type":"Point"},"properties":{"kind":"stop","name":"Willamette Dr at Hogum Bay Rd [eb]","stop_id":"1049"},"type":"Feature"},{"geometry":{"coordinates":[-122.90858,47.00798],"type":"Point"},"properties":{"kind":"stop","name":"2nd Ave at I St [nb]","stop_id":"105"},"type":"Feature"},{"geometry":{"coordinates":[-122.75714,47.07061],"type":"Point"},"properties":{"kind":"stop","name":"Willamette Dr at Commerce Place [eb]","stop_id":"1050"},"type":"Feature"},{"geometry":{"coordinates":[-122.75211,47.07236],"type":"Point"},"properties":{"kind":"stop","name":"Willamette Dr at Borealis Ct [eb]","stop_id":"1051"},"type":"Feature"},{"geometry":{"coordinates":[-122.75118,47.07654],"type":"Point"},"properties":{"kind":"stop","name":"Willamette Dr at 31st Ave [nb]","stop_id":"1052"},"type":"Feature"},{"geometry":{"coordinates":[-122.75205,47.0787],"type":"Point"},"properties":{"kind":"stop","name":"Meridian Campus Ctr [nb]","stop_id":"1053"},"type":"Feature"},{"geometry":{"coordinates":[-122.75476,47.08475],"type":"Point"},"properties":{"kind":"stop","name":"Willamette Dr at Madrid St [nb]","stop_id":"1054"},"type":"Feature"},{"geometry":{"coordinates":[-122.75792,47.09016],"type":"Point"},"properties":{"kind":"stop","name":"Willamette Dr at Meriwood Dr [wb]","stop_id":"1055"},"type":"Feature"},{"geometry":{"coordinates":[-122.76455,47.09045],"type":"Point"},"properties":{"kind":"stop","name":"41st Ave at Whidbey Rd [wb]","stop_id":"1056"},"type":"Feature"},{"geometry":{"coordinates":[-122.76826,47.09047],"type":"Point"},"properties":{"kind":"stop","name":"41st Ave at Vashon Dr [wb]","stop_id":"1057"},"type":"Feature"},{"geometry":{"coordinates":[-122.77704,47.09052],"type":"Point"},"properties":{"kind":"stop","name":"41st Ave at Edgewater Blvd [wb]","stop_id":"1058"},"type":"Feature"},{"geometry":{"coordinates":[-122.78085,47.08971],"type":"Point"},"properties":{"kind":"stop","name":"Marvin Rd at 41st Ave [sb]","stop_id":"1059"},"type":"Feature"},{"geometry":{"coordinates":[-122.90668,47.01378],"type":"Point"},"properties":{"kind":"stop","name":"2nd Ave at C St [nb]","stop_id":"106"},"type":"Feature"},{"geometry":{"coordinates":[-122.78086,47.08545],"type":"Point"},"properties":{"kind":"stop","name":"Marvin Rd at Spencer Ave [sb]","stop_id":"1060"},"type":"Feature"},{"geometry":{"coordinates":[-122.77668,47.08392],"type":"Point"},"properties":{"kind":"stop","name":"Target Dist Ctr [eb]","stop_id":"1061"},"type":"Feature"},{"geometry":{"coordinates":[-122.76832,47.08295],"type":"Point"},"properties":{"kind":"stop","name":"Hawks Prairie Rd at Hogum Bay Rd [eb]","stop_id":"1062"},"type":"Feature"},{"geometry":{"coordinates":[-122.76477,47.07814],"type":"Point"},"properties":{"kind":"stop","name":"Hogum Bay Rd at 31st Ave [sb]","stop_id":"1063"},"type":"Feature"},{"geometry":{"coordinates":[-122.76386,47.07372],"type":"Point"},"properties":{"kind":"stop","name":"Hogum Bay Rd at 30th Ave [sb]","stop_id":"1064"},"type":"Feature"},{"geometry":{"coordinates":[-122.77289,47.0684],"type":"Point"},"properties":{"kind":"stop","name":"Britton Pkwy at Marvin Rd [wb]","stop_id":"1065"},"type":"Feature"},{"geometry":{"coordinates":[-122.78119,47.06851],"type":"Point"},"properties":{"kind":"stop","name":"Britton Pkwy at Callison Rd [wb]","stop_id":"1066"},"type":"Feature"},{"geometry":{"coordinates":[-122.78762,47.06844],"type":"Point"},"properties":{"kind":"stop","name":"Britton Pkwy at Gateway Blvd [wb]","stop_id":"1067"},"type":"Feature"},{"geometry":{"coordinates":[-122.79467,47.06507],"type":"Point"},"properties":{"kind":"stop","name":"Britton Place Apts [wb]","stop_id":"1068"},"type":"Feature"},{"geometry":{"coordinates":[-122.90665,47.01538],"type":"Point"},"properties":{"kind":"stop","name":"2nd Ave at Division St [nb]","stop_id":"107"},"type":"Feature"},{"geometry":{"coordinates":[-122.92892,47.02545],"type":"Point"},"properties":{"kind":"stop","name":"SPSCC Mottman Entrance [wb]","stop_id":"1071"},"type":"Feature"},{"geometry":{"coordinates":[-122.93488,47.02539],"type":"Point"},"properties":{"kind":"stop","name":"Mottman Rd at Firland St [wb]","stop_id":"1072"},"type":"Feature"},{"geometry":{"coordinates":[-122.93629,47.02522],"type":"Point"},"properties":{"kind":"stop","name":"Mottman Rd at Firland St [eb]","stop_id":"1073"},"type":"Feature"},{"geometry":{"coordinates":[-122.92858,47.02532],"type":"Point"},"properties":{"kind":"stop","name":"SPSCC Mottman Entrance [eb]","stop_id":"1074"},"type":"Feature"},{"geometry":{"coordinates":[-122.7652,47.08139],"type":"Point"},"properties":{"kind":"stop","name":"Hogum Bay Rd at Campus Glen Dr [sb]","stop_id":"1075"},"type":"Feature"},{"geometry":{"coordinates":[-122.81673,47.04963],"type":"Point"},"properties":{"kind":"stop","name":"Martin Way Park & Ride Flyer Stop","stop_id":"1076"},"type":"Feature"},{"geometry":{"coordinates":[-122.90605,47.00979],"type":"Point"},"properties":{"kind":"stop","name":"Capitol Blvd at Tumwater Valley Dr [sb]","stop_id":"1077"},"type":"Feature"},{"geometry":{"coordinates":[-122.90587,47.00935],"type":"Point"},"properties":{"kind":"stop","name":"Capitol Blvd at Tumwater Valley Dr [nb]","stop_id":"1078"},"type":"Feature"},{"geometry":{"coordinates":[-122.83071,47.03862],"type":"Point"},"properties":{"kind":"stop","name":"Pacific Ave at Selma St [wb]","stop_id":"1079"},"type":"Feature"},{"geometry":{"coordinates":[-122.90828,46.99909],"type":"Point"},"properties":{"kind":"stop","name":"Capitol Blvd at Ruby St [nb]","stop_id":"1080"},"type":"Feature"},{"geometry":{"coordinates":[-122.55872,47.11997],"type":"Point"},"properties":{"kind":"stop","name":"Berkeley St SW & Washington Ave SW","stop_id":"1083"},"type":"Feature"},{"geometry":{"coordinates":[-122.90387,46.98205],"type":"Point"},"properties":{"kind":"stop","name":"Old Hwy 99 at 73rd Ave [sb]","stop_id":"1084"},"type":"Feature"},{"geometry":{"coordinates":[-122.89843,46.97751],"type":"Point"},"properties":{"kind":"stop","name":"Old Hwy 99 at Olympia Airport [sb]","stop_id":"1085"},"type":"Feature"},{"geometry":{"coordinates":[-122.89455,46.97629],"type":"Point"},"properties":{"kind":"stop","name":"Henderson Blvd at Old Hwy 99 [nb]","stop_id":"1086"},"type":"Feature"},{"geometry":{"coordinates":[-122.88857,46.97967],"type":"Point"},"properties":{"kind":"stop","name":"Henderson Blvd at Trails End Dr [nb]","stop_id":"1087"},"type":"Feature"},{"geometry":{"coordinates":[-122.88652,46.98131],"type":"Point"},"properties":{"kind":"stop","name":"Henderson Blvd at 73rd Ave [nb]","stop_id":"1088"},"type":"Feature"},{"geometry":{"coordinates":[-122.88655,46.98383],"type":"Point"},"properties":{"kind":"stop","name":"Henderson Blvd at Tumwater Blvd [nb]","stop_id":"1089"},"type":"Feature"},{"geometry":{"coordinates":[-122.89649,47.01656],"type":"Point"},"properties":{"kind":"stop","name":"North St at Cleveland Ave [eb]","stop_id":"109"},"type":"Feature"},{"geometry":{"coordinates":[-122.88616,46.98826],"type":"Point"},"properties":{"kind":"stop","name":"Henderson Blvd at 68th Ave [nb]","stop_id":"1090"},"type":"Feature"},{"geometry":{"coordinates":[-122.88366,46.99037],"type":"Point"},"properties":{"kind":"stop","name":"Henderson Blvd at 65th Ave [nb]","stop_id":"1091"},"type":"Feature"},{"geometry":{"coordinates":[-122.88076,46.99664],"type":"Point"},"properties":{"kind":"stop","name":"Pioneer Park [nb]","stop_id":"1092"},"type":"Feature"},{"geometry":{"coordinates":[-122.88086,47.00015],"type":"Point"},"properties":{"kind":"stop","name":"Henderson Blvd at 53rd Ave [nb]","stop_id":"1093"},"type":"Feature"},{"geometry":{"coordinates":[-122.86508,47.00642],"type":"Point"},"properties":{"kind":"stop","name":"Boulevard Rd at 45th Ave [nb]","stop_id":"1094"},"type":"Feature"},{"geometry":{"coordinates":[-122.86538,47.00524],"type":"Point"},"properties":{"kind":"stop","name":"Boulevard Rd at 45th Ave [sb]","stop_id":"1095"},"type":"Feature"},{"geometry":{"coordinates":[-122.86524,47.03124],"type":"Point"},"properties":{"kind":"stop","name":"Boulevard Rd at 18th Ave [sb]","stop_id":"1096"},"type":"Feature"},{"geometry":{"coordinates":[-122.86814,47.03405],"type":"Point"},"properties":{"kind":"stop","name":"Boulevard Rd at Chambers St [sb]","stop_id":"1097"},"type":"Feature"},{"geometry":{"coordinates":[-122.86499,47.0312],"type":"Point"},"properties":{"kind":"stop","name":"Boulevard Rd at 18th [nb]","stop_id":"1098"},"type":"Feature"},{"geometry":{"coordinates":[-122.88123,46.99963],"type":"Point"},"properties":{"kind":"stop","name":"Henderson Blvd at 53rd Ave [sb]","stop_id":"1099"},"type":"Feature"},{"geometry":{"coordinates":[-122.90529,47.01102],"type":"Point"},"properties":{"kind":"stop","name":"Capitol Blvd at E St [sb]","stop_id":"11"},"type":"Feature"},{"geometry":{"coordinates":[-122.89341,47.01657],"type":"Point"},"properties":{"kind":"stop","name":"North St at Lorne St [eb]","stop_id":"110"},"type":"Feature"},{"geometry":{"coordinates":[-122.88118,46.9975],"type":"Point"},"properties":{"kind":"stop","name":"Pioneeer Park [sb]","stop_id":"1100"},"type":"Feature"},{"geometry":{"coordinates":[-122.88429,46.99044],"type":"Point"},"properties":{"kind":"stop","name":"Henderson Blvd at Wildflower St [wb]","stop_id":"1101"},"type":"Feature"},{"geometry":{"coordinates":[-122.88668,46.9876],"type":"Point"},"properties":{"kind":"stop","name":"Henderson Blvd at 68th Ave [sb]","stop_id":"1102"},"type":"Feature"},{"geometry":{"coordinates":[-122.88672,46.98613],"type":"Point"},"properties":{"kind":"stop","name":"Henderson Blvd at Tumwater Blvd [sb]","stop_id":"1103"},"type":"Feature"},{"geometry":{"coordinates":[-122.88674,46.98194],"type":"Point"},"properties":{"kind":"stop","name":"Henderson Blvd at 73rd Ave [sb]","stop_id":"1104"},"type":"Feature"},{"geometry":{"coordinates":[-122.89513,46.97616],"type":"Point"},"properties":{"kind":"stop","name":"Henderson Blvd at Capitol Blvd [sb]","stop_id":"1106"},"type":"Feature"},{"geometry":{"coordinates":[-122.90394,46.98238],"type":"Point"},"properties":{"kind":"stop","name":"Old Hwy 99 at 73rd Ave [nb]","stop_id":"1109"},"type":"Feature"},{"geometry":{"coordinates":[-122.88905,47.01654],"type":"Point"},"properties":{"kind":"stop","name":"North St at Pear St [eb]","stop_id":"111"},"type":"Feature"},{"geometry":{"coordinates":[-122.74,46.98653],"type":"Point"},"properties":{"kind":"stop","name":"Meridian Rd at Yelm Hwy [nb]","stop_id":"1110"},"type":"Feature"},{"geometry":{"coordinates":[-122.75205,46.99607],"type":"Point"},"properties":{"kind":"stop","name":"58th Ave at Manor House [wb]","stop_id":"1111"},"type":"Feature"},{"geometry":{"coordinates":[-122.75951,46.99621],"type":"Point"},"properties":{"kind":"stop","name":"58th Ave at Kagy St [wb]","stop_id":"1112"},"type":"Feature"},{"geometry":{"coordinates":[-122.75952,46.99952],"type":"Point"},"properties":{"kind":"stop","name":"Kagy St at 55th Ave [nb]","stop_id":"1113"},"type":"Feature"},{"geometry":{"coordinates":[-122.83021,47.05788],"type":"Point"},"properties":{"kind":"stop","name":"15th Ave at Bradley St [wb]","stop_id":"1114"},"type":"Feature"},{"geometry":{"coordinates":[-122.7596,47.00317],"type":"Point"},"properties":{"kind":"stop","name":"Mullen Rd at Kagy St [eb]","stop_id":"1115"},"type":"Feature"},{"geometry":{"coordinates":[-122.75405,47.01457],"type":"Point"},"properties":{"kind":"stop","name":"Marvin Rd at Oakwood St [nb]","stop_id":"1116"},"type":"Feature"},{"geometry":{"coordinates":[-122.7588,47.0205],"type":"Point"},"properties":{"kind":"stop","name":"Evergreen Forest Elementary School [nb]","stop_id":"1117"},"type":"Feature"},{"geometry":{"coordinates":[-122.76902,47.05794],"type":"Point"},"properties":{"kind":"stop","name":"The Landing at Hawks Prairie [nb]","stop_id":"1119"},"type":"Feature"},{"geometry":{"coordinates":[-122.8848,47.01653],"type":"Point"},"properties":{"kind":"stop","name":"Olympia High School [eb]","stop_id":"112"},"type":"Feature"},{"geometry":{"coordinates":[-122.76828,47.06114],"type":"Point"},"properties":{"kind":"stop","name":"Quinault Dr at Marvin Rd [eb]","stop_id":"1120"},"type":"Feature"},{"geometry":{"coordinates":[-122.81264,47.05778],"type":"Point"},"properties":{"kind":"stop","name":"15th Ave at Woodland Creek St [wb]","stop_id":"1121"},"type":"Feature"},{"geometry":{"coordinates":[-122.81485,47.05784],"type":"Point"},"properties":{"kind":"stop","name":"15th Ave at Cypress Apartments [wb]","stop_id":"1122"},"type":"Feature"},{"geometry":{"coordinates":[-122.82127,47.05784],"type":"Point"},"properties":{"kind":"stop","name":"15th Ave at Cunningham Rd [wb]","stop_id":"1123"},"type":"Feature"},{"geometry":{"coordinates":[-122.82573,47.05784],"type":"Point"},"properties":{"kind":"stop","name":"15th Ave at Enterprise Dr [wb]","stop_id":"1124"},"type":"Feature"},{"geometry":{"coordinates":[-122.83383,47.05678],"type":"Point"},"properties":{"kind":"stop","name":"Sleater Kinney Rd at 14th Ave [sb]","stop_id":"1125"},"type":"Feature"},{"geometry":{"coordinates":[-122.83387,47.05357],"type":"Point"},"properties":{"kind":"stop","name":"Sleater Kinney Rd at 6th Ave [sb]","stop_id":"1126"},"type":"Feature"},{"geometry":{"coordinates":[-122.83384,47.05117],"type":"Point"},"properties":{"kind":"stop","name":"North Thurston High School [sb]","stop_id":"1127"},"type":"Feature"},{"geometry":{"coordinates":[-122.8338,47.04874],"type":"Point"},"properties":{"kind":"stop","name":"Sleater Kinney Rd at Martin Way [sb]","stop_id":"1128"},"type":"Feature"},{"geometry":{"coordinates":[-122.83363,47.0486],"type":"Point"},"properties":{"kind":"stop","name":"Sleater Kinney Rd at Martin Way [nb]","stop_id":"1129"},"type":"Feature"},{"geometry":{"coordinates":[-122.88234,47.01652],"type":"Point"},"properties":{"kind":"stop","name":"North St at Central St [eb]","stop_id":"113"},"type":"Feature"},{"geometry":{"coordinates":[-122.83349,47.05159],"type":"Point"},"properties":{"kind":"stop","name":"North Thurston High School [nb]","stop_id":"1130"},"type":"Feature"},{"geometry":{"coordinates":[-122.83353,47.05501],"type":"Point"},"properties":{"kind":"stop","name":"Sleater Kinney Rd at 6th Ave [nb]","stop_id":"1131"},"type":"Feature"},{"geometry":{"coordinates":[-122.83107,47.05765],"type":"Point"},"properties":{"kind":"stop","name":"15th Ave at Bradley St [eb]","stop_id":"1132"},"type":"Feature"},{"geometry":{"coordinates":[-122.82735,47.05771],"type":"Point"},"properties":{"kind":"stop","name":"15th Ave at Enterprise Dr [eb]","stop_id":"1133"},"type":"Feature"},{"geometry":{"coordinates":[-122.82114,47.05764],"type":"Point"},"properties":{"kind":"stop","name":"15th Ave at Burton Ray St [eb]","stop_id":"1134"},"type":"Feature"},{"geometry":{"coordinates":[-122.81315,47.05761],"type":"Point"},"properties":{"kind":"stop","name":"15th Ave at Modera [eb]","stop_id":"1135"},"type":"Feature"},{"geometry":{"coordinates":[-122.76679,47.06929],"type":"Point"},"properties":{"kind":"stop","name":"Wilamette Dr at Hogum Bay Twn Ctr [eb]","stop_id":"1136"},"type":"Feature"},{"geometry":{"coordinates":[-122.76515,47.04346],"type":"Point"},"properties":{"kind":"stop","name":"Marvin Rd at Regional Atheltics Complex","stop_id":"1137"},"type":"Feature"},{"geometry":{"coordinates":[-122.76513,47.03998],"type":"Point"},"properties":{"kind":"stop","name":"Marvin Rd at 9th Ave [sb]","stop_id":"1138"},"type":"Feature"},{"geometry":{"coordinates":[-122.75757,47.01957],"type":"Point"},"properties":{"kind":"stop","name":"Evergreen Forest Elementary School [sb]","stop_id":"1139"},"type":"Feature"},{"geometry":{"coordinates":[-122.87933,47.01622],"type":"Point"},"properties":{"kind":"stop","name":"Henderson Blvd at North St [sb]","stop_id":"114"},"type":"Feature"},{"geometry":{"coordinates":[-122.75444,47.01377],"type":"Point"},"properties":{"kind":"stop","name":"Marvin Rd at Lakeforest Dr [sb]","stop_id":"1140"},"type":"Feature"},{"geometry":{"coordinates":[-122.73875,46.99737],"type":"Point"},"properties":{"kind":"stop","name":"Meridian Rd at Tri Lake Dr [sb]","stop_id":"1141"},"type":"Feature"},{"geometry":{"coordinates":[-122.74144,47.00309],"type":"Point"},"properties":{"kind":"stop","name":"Mullen Rd at Tri Lake Dr [eb]","stop_id":"1142"},"type":"Feature"},{"geometry":{"coordinates":[-122.82568,47.02738],"type":"Point"},"properties":{"kind":"stop","name":"22nd Ave at College St [eb]","stop_id":"1143"},"type":"Feature"},{"geometry":{"coordinates":[-122.81886,47.02733],"type":"Point"},"properties":{"kind":"stop","name":"22nd Ave at Judd St [eb]","stop_id":"1144"},"type":"Feature"},{"geometry":{"coordinates":[-122.8183,47.02749],"type":"Point"},"properties":{"kind":"stop","name":"22nd Ave at Judd St [wb]","stop_id":"1145"},"type":"Feature"},{"geometry":{"coordinates":[-122.82244,47.02755],"type":"Point"},"properties":{"kind":"stop","name":"22nd Ave at Golf Club Rd [wb]","stop_id":"1146"},"type":"Feature"},{"geometry":{"coordinates":[-122.82523,47.0276],"type":"Point"},"properties":{"kind":"stop","name":"22nd Ave at College St [wb]","stop_id":"1147"},"type":"Feature"},{"geometry":{"coordinates":[-122.82834,47.02773],"type":"Point"},"properties":{"kind":"stop","name":"Golf Club Rd at 21st Ave [nb]","stop_id":"1148"},"type":"Feature"},{"geometry":{"coordinates":[-122.83359,47.06066],"type":"Point"},"properties":{"kind":"stop","name":"Sleater Kinney Rd at 18th Ave [nb]","stop_id":"1149"},"type":"Feature"},{"geometry":{"coordinates":[-122.87936,47.01279],"type":"Point"},"properties":{"kind":"stop","name":"Henderson Blvd at Middle St [sb]","stop_id":"115"},"type":"Feature"},{"geometry":{"coordinates":[-122.83359,47.06292],"type":"Point"},"properties":{"kind":"stop","name":"Sleater Kinney Rd at Baptist Church","stop_id":"1150"},"type":"Feature"},{"geometry":{"coordinates":[-122.83357,47.0647],"type":"Point"},"properties":{"kind":"stop","name":"Sleater Kinney Rd at 23rd Ave [nb]","stop_id":"1151"},"type":"Feature"},{"geometry":{"coordinates":[-122.83361,47.06822],"type":"Point"},"properties":{"kind":"stop","name":"Sleater Kinney Rd at 26th Ave [nb]","stop_id":"1152"},"type":"Feature"},{"geometry":{"coordinates":[-122.83755,47.06874],"type":"Point"},"properties":{"kind":"stop","name":"Chehalis Western Trail [wb]","stop_id":"1153"},"type":"Feature"},{"geometry":{"coordinates":[-122.8444,47.06596],"type":"Point"},"properties":{"kind":"stop","name":"Lilly Rd at 23rd Ave [sb]","stop_id":"1154"},"type":"Feature"},{"geometry":{"coordinates":[-122.84442,47.06319],"type":"Point"},"properties":{"kind":"stop","name":"Lilly Rd at Windwood Pl [sb]","stop_id":"1155"},"type":"Feature"},{"geometry":{"coordinates":[-122.84447,47.06077],"type":"Point"},"properties":{"kind":"stop","name":"Lilly Rd at Woodside Ct [sb]","stop_id":"1156"},"type":"Feature"},{"geometry":{"coordinates":[-122.8445,47.05812],"type":"Point"},"properties":{"kind":"stop","name":"Lilly Rd at Woodard Green Dr [sb]","stop_id":"1157"},"type":"Feature"},{"geometry":{"coordinates":[-122.84427,47.06067],"type":"Point"},"properties":{"kind":"stop","name":"Lilly Rd at Mapleview Dr [nb]","stop_id":"1158"},"type":"Feature"},{"geometry":{"coordinates":[-122.84428,47.063],"type":"Point"},"properties":{"kind":"stop","name":"Lilly Rd at Landau Ave [nb]","stop_id":"1159"},"type":"Feature"},{"geometry":{"coordinates":[-122.88108,47.00766],"type":"Point"},"properties":{"kind":"stop","name":"Henderson Blvd at Briggs Dr [sb]","stop_id":"116"},"type":"Feature"},{"geometry":{"coordinates":[-122.84425,47.06576],"type":"Point"},"properties":{"kind":"stop","name":"Lilly Rd at 23rd Ave [nb]","stop_id":"1160"},"type":"Feature"},{"geometry":{"coordinates":[-122.84424,47.06801],"type":"Point"},"properties":{"kind":"stop","name":"Lilly Rd at 23rd Ave [nb]","stop_id":"1161"},"type":"Feature"},{"geometry":{"coordinates":[-122.84169,47.06864],"type":"Point"},"properties":{"kind":"stop","name":"26th Ave at Village St [eb]","stop_id":"1162"},"type":"Feature"},{"geometry":{"coordinates":[-122.83829,47.06866],"type":"Point"},"properties":{"kind":"stop","name":"26th Ave at Trailside Dr [eb]","stop_id":"1163"},"type":"Feature"},{"geometry":{"coordinates":[-122.83374,47.06452],"type":"Point"},"properties":{"kind":"stop","name":"Sleater Kinney Rd at Sleater Crossing","stop_id":"1164"},"type":"Feature"},{"geometry":{"coordinates":[-122.83372,47.06213],"type":"Point"},"properties":{"kind":"stop","name":"Sleater Kinney Rd at 20th Ave [sb]","stop_id":"1165"},"type":"Feature"},{"geometry":{"coordinates":[-122.83384,47.05884],"type":"Point"},"properties":{"kind":"stop","name":"Sleater Kinney Rd at 15th Ct [sb]","stop_id":"1166"},"type":"Feature"},{"geometry":{"coordinates":[-122.87012,47.01463],"type":"Point"},"properties":{"kind":"stop","name":"Log Cabin Blvd at Gainsborough Dr [wb]","stop_id":"1167"},"type":"Feature"},{"geometry":{"coordinates":[-122.87625,47.01663],"type":"Point"},"properties":{"kind":"stop","name":"North St at Cain Rd [wb]","stop_id":"1168"},"type":"Feature"},{"geometry":{"coordinates":[-122.87637,47.01651],"type":"Point"},"properties":{"kind":"stop","name":"North St at Cain Rd [eb]","stop_id":"1169"},"type":"Feature"},{"geometry":{"coordinates":[-122.88108,47.00503],"type":"Point"},"properties":{"kind":"stop","name":"Henderson Blvd at Yelm Hwy [sb]","stop_id":"117"},"type":"Feature"},{"geometry":{"coordinates":[-122.87094,47.01446],"type":"Point"},"properties":{"kind":"stop","name":"Log Cabin Blvd at Whitmore Dr [eb]","stop_id":"1170"},"type":"Feature"},{"geometry":{"coordinates":[-122.77287,47.07097],"type":"Point"},"properties":{"kind":"stop","name":"Marvin Rd at Hickory Stick Rd [nb]","stop_id":"1171"},"type":"Feature"},{"geometry":{"coordinates":[-122.77499,47.07342],"type":"Point"},"properties":{"kind":"stop","name":"Marvin Rd at 29th Ave [nb]","stop_id":"1172"},"type":"Feature"},{"geometry":{"coordinates":[-122.77729,47.07611],"type":"Point"},"properties":{"kind":"stop","name":"Marvin Rd at 31st Ave [nb]","stop_id":"1173"},"type":"Feature"},{"geometry":{"coordinates":[-122.78045,47.07981],"type":"Point"},"properties":{"kind":"stop","name":"Marvin Rd at Hawks Prairie Rd [nb]","stop_id":"1174"},"type":"Feature"},{"geometry":{"coordinates":[-122.75306,47.08104],"type":"Point"},"properties":{"kind":"stop","name":"Willamette Dr at Deni Dr [nb]","stop_id":"1175"},"type":"Feature"},{"geometry":{"coordinates":[-122.75325,47.08296],"type":"Point"},"properties":{"kind":"stop","name":"Meridian Neighborhood Park [nb]","stop_id":"1176"},"type":"Feature"},{"geometry":{"coordinates":[-122.75591,47.08272],"type":"Point"},"properties":{"kind":"stop","name":"Campus Glen Dr at Becket St [wb]","stop_id":"1177"},"type":"Feature"},{"geometry":{"coordinates":[-122.75804,47.0818],"type":"Point"},"properties":{"kind":"stop","name":"Campus Glen Dr at Salish MS [wb]","stop_id":"1179"},"type":"Feature"},{"geometry":{"coordinates":[-122.87543,47.00347],"type":"Point"},"properties":{"kind":"stop","name":"Yelm Hwy at Village Dr [eb]","stop_id":"118"},"type":"Feature"},{"geometry":{"coordinates":[-122.76278,47.08187],"type":"Point"},"properties":{"kind":"stop","name":"Campus Glen Dr at Hogum Bay Rd [wb]","stop_id":"1180"},"type":"Feature"},{"geometry":{"coordinates":[-122.76497,47.08227],"type":"Point"},"properties":{"kind":"stop","name":"Hogum Bay Rd at Hawks Prairie Rd [nb]","stop_id":"1181"},"type":"Feature"},{"geometry":{"coordinates":[-122.76842,47.08313],"type":"Point"},"properties":{"kind":"stop","name":"Hawks Prairie Rd at Target [wb]","stop_id":"1182"},"type":"Feature"},{"geometry":{"coordinates":[-122.77445,47.08405],"type":"Point"},"properties":{"kind":"stop","name":"Hawks Prairie Rd at Marvin Rd [eb]","stop_id":"1183"},"type":"Feature"},{"geometry":{"coordinates":[-122.78087,47.08145],"type":"Point"},"properties":{"kind":"stop","name":"Marvin Rd at 34th Ave [sb]","stop_id":"1184"},"type":"Feature"},{"geometry":{"coordinates":[-122.7771,47.07546],"type":"Point"},"properties":{"kind":"stop","name":"Marvin Rd at Gateway Blvd [sb]","stop_id":"1185"},"type":"Feature"},{"geometry":{"coordinates":[-122.77468,47.07267],"type":"Point"},"properties":{"kind":"stop","name":"Marvin Rd at 29th Ave [sb]","stop_id":"1186"},"type":"Feature"},{"geometry":{"coordinates":[-122.87044,47.04225],"type":"Point"},"properties":{"kind":"stop","name":"Sawyer St at 9th Ave [sb]","stop_id":"1188"},"type":"Feature"},{"geometry":{"coordinates":[-122.87026,47.04217],"type":"Point"},"properties":{"kind":"stop","name":"Sawyer St at 9th Ave [nb]","stop_id":"1189"},"type":"Feature"},{"geometry":{"coordinates":[-122.86882,47.00462],"type":"Point"},"properties":{"kind":"stop","name":"Yelm Hwy at Juli Ct [eb]","stop_id":"119"},"type":"Feature"},{"geometry":{"coordinates":[-122.93889,47.04704],"type":"Point"},"properties":{"kind":"stop","name":"Harrison Ave at 400 Cooper Point Rd [eb]","stop_id":"1190"},"type":"Feature"},{"geometry":{"coordinates":[-122.75914,47.07777],"type":"Point"},"properties":{"kind":"stop","name":"31st Ave at Hanna Ct [eb]","stop_id":"1191"},"type":"Feature"},{"geometry":{"coordinates":[-122.753,47.07758],"type":"Point"},"properties":{"kind":"stop","name":"31st Ave at Willamette Dr [eb]","stop_id":"1192"},"type":"Feature"},{"geometry":{"coordinates":[-122.93472,46.98381],"type":"Point"},"properties":{"kind":"stop","name":"Littlerock Rd at Tumwater Blvd [sb]","stop_id":"1193"},"type":"Feature"},{"geometry":{"coordinates":[-122.93443,46.98373],"type":"Point"},"properties":{"kind":"stop","name":"Littlerock Rd at Sequoia Landing [nb]","stop_id":"1194"},"type":"Feature"},{"geometry":{"coordinates":[-122.93336,46.98464],"type":"Point"},"properties":{"kind":"stop","name":"Littlerock Rd at Israel Rd [nb]","stop_id":"1195"},"type":"Feature"},{"geometry":{"coordinates":[-122.8923,47.04379],"type":"Point"},"properties":{"kind":"stop","name":"Legion Way at Plum St [eb]","stop_id":"1196"},"type":"Feature"},{"geometry":{"coordinates":[-122.8905,47.03962],"type":"Point"},"properties":{"kind":"stop","name":"Union Ave at Quince St [eb]","stop_id":"1197"},"type":"Feature"},{"geometry":{"coordinates":[-122.88618,47.03923],"type":"Point"},"properties":{"kind":"stop","name":"11th Ave at Saint Michael's [wb]","stop_id":"1198"},"type":"Feature"},{"geometry":{"coordinates":[-122.89227,47.04066],"type":"Point"},"properties":{"kind":"stop","name":"Plum St at Union Ave [sb]","stop_id":"1199"},"type":"Feature"},{"geometry":{"coordinates":[-122.90731,47.00748],"type":"Point"},"properties":{"kind":"stop","name":"Capitol Blvd at Linwood Ave [sb]","stop_id":"12"},"type":"Feature"},{"geometry":{"coordinates":[-122.86508,47.00365],"type":"Point"},"properties":{"kind":"stop","name":"Yelm Hwy at Boulevard Rd [eb]","stop_id":"120"},"type":"Feature"},{"geometry":{"coordinates":[-122.8923,47.04391],"type":"Point"},"properties":{"kind":"stop","name":"Legion Way at Plum St [wb]","stop_id":"1200"},"type":"Feature"},{"geometry":{"coordinates":[-122.89183,47.04026],"type":"Point"},"properties":{"kind":"stop","name":"Plum St at Union Ave [nb]","stop_id":"1201"},"type":"Feature"},{"geometry":{"coordinates":[-122.93741,47.03984],"type":"Point"},"properties":{"kind":"stop","name":"2825 Capital Mall Dr [eb]","stop_id":"1202"},"type":"Feature"},{"geometry":{"coordinates":[-122.93332,47.0398],"type":"Point"},"properties":{"kind":"stop","name":"2525 Capital Mall Dr [eb]","stop_id":"1203"},"type":"Feature"},{"geometry":{"coordinates":[-122.93319,47.03996],"type":"Point"},"properties":{"kind":"stop","name":"Capital Mall Dr at Mall Lp Dr East  [wb]","stop_id":"1204"},"type":"Feature"},{"geometry":{"coordinates":[-122.93745,47.03996],"type":"Point"},"properties":{"kind":"stop","name":"Capital Mall Dr at Mall Loop Dr West [wb","stop_id":"1205"},"type":"Feature"},{"geometry":{"coordinates":[-122.96017,47.04468],"type":"Point"},"properties":{"kind":"stop","name":"Kaiser Rd at 5th Way [nb]","stop_id":"1206"},"type":"Feature"},{"geometry":{"coordinates":[-122.94426,47.04699],"type":"Point"},"properties":{"kind":"stop","name":"Harrison Ave at Cooper Point [eb]","stop_id":"1207"},"type":"Feature"},{"geometry":{"coordinates":[-122.926,47.0454],"type":"Point"},"properties":{"kind":"stop","name":"Division St at 4th Ave [sb]","stop_id":"1208"},"type":"Feature"},{"geometry":{"coordinates":[-122.93112,47.04045],"type":"Point"},"properties":{"kind":"stop","name":"Black Lake Blvd at Capital Mall Dr [sb]","stop_id":"1209"},"type":"Feature"},{"geometry":{"coordinates":[-122.85905,47.00127],"type":"Point"},"properties":{"kind":"stop","name":"Yelm Hwy at Donovan Dr [eb]","stop_id":"121"},"type":"Feature"},{"geometry":{"coordinates":[-122.93571,47.03668],"type":"Point"},"properties":{"kind":"stop","name":"Black Lake Blvd at 12th Ct [sb]","stop_id":"1210"},"type":"Feature"},{"geometry":{"coordinates":[-122.938,47.0349],"type":"Point"},"properties":{"kind":"stop","name":"Black Lake Blvd at Cooper Point [sb]","stop_id":"1211"},"type":"Feature"},{"geometry":{"coordinates":[-122.94311,47.03063],"type":"Point"},"properties":{"kind":"stop","name":"Black Lake Blvd at Forest Headquarters [","stop_id":"1212"},"type":"Feature"},{"geometry":{"coordinates":[-122.94247,47.02889],"type":"Point"},"properties":{"kind":"stop","name":"21st Ave at Black Lake Apt [sb]","stop_id":"1213"},"type":"Feature"},{"geometry":{"coordinates":[-122.9395,47.02747],"type":"Point"},"properties":{"kind":"stop","name":"21st Ave at Black Lake Meadows Reserve [","stop_id":"1214"},"type":"Feature"},{"geometry":{"coordinates":[-122.93937,47.02544],"type":"Point"},"properties":{"kind":"stop","name":"RW Johnson Blvd at Mottman Rd [sb]","stop_id":"1215"},"type":"Feature"},{"geometry":{"coordinates":[-122.93935,47.02221],"type":"Point"},"properties":{"kind":"stop","name":"RW Johnson Blvd at 27th Ave [sb]","stop_id":"1216"},"type":"Feature"},{"geometry":{"coordinates":[-122.93936,47.02745],"type":"Point"},"properties":{"kind":"stop","name":"RW Johnson Blvd at 21st Ave [nb]","stop_id":"1217"},"type":"Feature"},{"geometry":{"coordinates":[-122.94289,47.02901],"type":"Point"},"properties":{"kind":"stop","name":"21st Ave at Black Lake Apts [wb]","stop_id":"1218"},"type":"Feature"},{"geometry":{"coordinates":[-122.94358,47.03005],"type":"Point"},"properties":{"kind":"stop","name":"Black Lake Blvd at Cascade Office Park [","stop_id":"1219"},"type":"Feature"},{"geometry":{"coordinates":[-122.85399,47.00063],"type":"Point"},"properties":{"kind":"stop","name":"Yelm Hwy at Rich Rd [eb]","stop_id":"122"},"type":"Feature"},{"geometry":{"coordinates":[-122.93685,47.0355],"type":"Point"},"properties":{"kind":"stop","name":"Black Lake Blvd at Cooper Point Rd [nb]","stop_id":"1220"},"type":"Feature"},{"geometry":{"coordinates":[-122.93476,47.03729],"type":"Point"},"properties":{"kind":"stop","name":"Black Lake Blvd at Westmoor Ct [nb]","stop_id":"1221"},"type":"Feature"},{"geometry":{"coordinates":[-122.93216,47.03938],"type":"Point"},"properties":{"kind":"stop","name":"Black Lake Blvd at Capital Mall Dr [nb]","stop_id":"1222"},"type":"Feature"},{"geometry":{"coordinates":[-122.74857,47.07594],"type":"Point"},"properties":{"kind":"stop","name":"Orion Dr at Willamette Dr [sb]","stop_id":"1223"},"type":"Feature"},{"geometry":{"coordinates":[-122.74434,47.07503],"type":"Point"},"properties":{"kind":"stop","name":"Orion Dr at Lacey Business Park [sb]","stop_id":"1224"},"type":"Feature"},{"geometry":{"coordinates":[-122.74273,47.07327],"type":"Point"},"properties":{"kind":"stop","name":"Orion Dr at Polaris Ln [sb]","stop_id":"1225"},"type":"Feature"},{"geometry":{"coordinates":[-122.74166,47.0693],"type":"Point"},"properties":{"kind":"stop","name":"Orion Dr at Merdian Rd [sb]","stop_id":"1226"},"type":"Feature"},{"geometry":{"coordinates":[-122.74159,47.0632],"type":"Point"},"properties":{"kind":"stop","name":"Meridian Rd at Quinault Dr [sb]","stop_id":"1227"},"type":"Feature"},{"geometry":{"coordinates":[-122.74205,47.06139],"type":"Point"},"properties":{"kind":"stop","name":"Meridian Station [wb]","stop_id":"1228"},"type":"Feature"},{"geometry":{"coordinates":[-122.74942,47.05993],"type":"Point"},"properties":{"kind":"stop","name":"Martin Way at River Ridge [wb]","stop_id":"1229"},"type":"Feature"},{"geometry":{"coordinates":[-122.852,47.00031],"type":"Point"},"properties":{"kind":"stop","name":"Yelm Hwy at Chambers Creek Loop [eb]","stop_id":"123"},"type":"Feature"},{"geometry":{"coordinates":[-122.75585,47.05862],"type":"Point"},"properties":{"kind":"stop","name":"Martin Way at Hoh St [wb]","stop_id":"1230"},"type":"Feature"},{"geometry":{"coordinates":[-122.76477,47.05949],"type":"Point"},"properties":{"kind":"stop","name":"The Landing at Hawks Prairie [sb]","stop_id":"1231"},"type":"Feature"},{"geometry":{"coordinates":[-122.76455,47.05884],"type":"Point"},"properties":{"kind":"stop","name":"Marvin Rd at Lacey Marketplace [nb]","stop_id":"1232"},"type":"Feature"},{"geometry":{"coordinates":[-122.89112,47.02931],"type":"Point"},"properties":{"kind":"stop","name":"Henderson Blvd at 14th Ave [sb]","stop_id":"1233"},"type":"Feature"},{"geometry":{"coordinates":[-122.87876,47.02305],"type":"Point"},"properties":{"kind":"stop","name":"Henderson Blvd at Eskridge Blvd [sb]","stop_id":"1234"},"type":"Feature"},{"geometry":{"coordinates":[-122.87791,47.01964],"type":"Point"},"properties":{"kind":"stop","name":"Henderson Blvd at Carlyon Ave [sb]","stop_id":"1235"},"type":"Feature"},{"geometry":{"coordinates":[-122.87911,47.01547],"type":"Point"},"properties":{"kind":"stop","name":"Henderson Blvd at North St [nb]","stop_id":"1236"},"type":"Feature"},{"geometry":{"coordinates":[-122.87759,47.01934],"type":"Point"},"properties":{"kind":"stop","name":"Henderson Blvd at Carlyon Ave [nb]","stop_id":"1237"},"type":"Feature"},{"geometry":{"coordinates":[-122.8784,47.02305],"type":"Point"},"properties":{"kind":"stop","name":"Henderson Blvd at Eskridge Blvd [nb]","stop_id":"1238"},"type":"Feature"},{"geometry":{"coordinates":[-122.88905,47.02857],"type":"Point"},"properties":{"kind":"stop","name":"Henderson Blvd at Watershed Park [wb]","stop_id":"1239"},"type":"Feature"},{"geometry":{"coordinates":[-122.84506,46.99809],"type":"Point"},"properties":{"kind":"stop","name":"Yelm Hwy at Wiggins Rd [eb]","stop_id":"124"},"type":"Feature"},{"geometry":{"coordinates":[-122.89077,47.02947],"type":"Point"},"properties":{"kind":"stop","name":"Henderson Blvd at 14th Ave [nb]","stop_id":"1240"},"type":"Feature"},{"geometry":{"coordinates":[-122.82434,46.99634],"type":"Point"},"properties":{"kind":"stop","name":"Yelm Hwy at College St [wb]","stop_id":"1241"},"type":"Feature"},{"geometry":{"coordinates":[-122.74634,47.06045],"type":"Point"},"properties":{"kind":"stop","name":"9106 Martin Way [wb]","stop_id":"1242"},"type":"Feature"},{"geometry":{"coordinates":[-122.89865,47.04164],"type":"Point"},"properties":{"kind":"stop","name":"Franklin St at 8th Ave [nb]","stop_id":"1243"},"type":"Feature"},{"geometry":{"coordinates":[-122.84143,46.99701],"type":"Point"},"properties":{"kind":"stop","name":"Yelm Hwy at Donnelly Dr [eb]","stop_id":"125"},"type":"Feature"},{"geometry":{"coordinates":[-122.83643,46.9962],"type":"Point"},"properties":{"kind":"stop","name":"Yelm Hwy at Troon Ln [eb]","stop_id":"126"},"type":"Feature"},{"geometry":{"coordinates":[-122.83347,46.99619],"type":"Point"},"properties":{"kind":"stop","name":"Yelm Hwy at Chardonnay Dr [eb]","stop_id":"127"},"type":"Feature"},{"geometry":{"coordinates":[-122.81897,46.9962],"type":"Point"},"properties":{"kind":"stop","name":"Yelm Hwy at Sarazen St [eb]","stop_id":"129"},"type":"Feature"},{"geometry":{"coordinates":[-122.8195,46.99634],"type":"Point"},"properties":{"kind":"stop","name":"Yelm Hwy at Sarazen St [wb]","stop_id":"130"},"type":"Feature"},{"geometry":{"coordinates":[-122.8294,46.99638],"type":"Point"},"properties":{"kind":"stop","name":"Yelm Hwy at Corporate Center Dr [wb]","stop_id":"131"},"type":"Feature"},{"geometry":{"coordinates":[-122.83348,46.99638],"type":"Point"},"properties":{"kind":"stop","name":"Yelm Hwy at Chardonnay Dr [wb]","stop_id":"132"},"type":"Feature"},{"geometry":{"coordinates":[-122.83849,46.99648],"type":"Point"},"properties":{"kind":"stop","name":"Yelm Hwy at Normandy Dr [wb]","stop_id":"133"},"type":"Feature"},{"geometry":{"coordinates":[-122.85998,47.00156],"type":"Point"},"properties":{"kind":"stop","name":"Yelm Hwy at Donovan Dr [wb]","stop_id":"134"},"type":"Feature"},{"geometry":{"coordinates":[-122.84498,46.99827],"type":"Point"},"properties":{"kind":"stop","name":"Yelm Hwy at Wiggins Rd [wb]","stop_id":"135"},"type":"Feature"},{"geometry":{"coordinates":[-122.85229,47.00053],"type":"Point"},"properties":{"kind":"stop","name":"Yelm Hwy at Chambers Creek Loop [wb]","stop_id":"136"},"type":"Feature"},{"geometry":{"coordinates":[-122.85591,47.00102],"type":"Point"},"properties":{"kind":"stop","name":"Yelm Hwy at Rich Rd [wb]","stop_id":"137"},"type":"Feature"},{"geometry":{"coordinates":[-122.84212,46.99739],"type":"Point"},"properties":{"kind":"stop","name":"Yelm Hwy at Donnelly Dr [wb]","stop_id":"138"},"type":"Feature"},{"geometry":{"coordinates":[-122.86638,47.0045],"type":"Point"},"properties":{"kind":"stop","name":"Yelm Hwy at Boulevard Rd [wb]","stop_id":"139"},"type":"Feature"},{"geometry":{"coordinates":[-122.92063,47.00742],"type":"Point"},"properties":{"kind":"stop","name":"Linwood Ave at Liberty St [wb]","stop_id":"14"},"type":"Feature"},{"geometry":{"coordinates":[-122.86947,47.0048],"type":"Point"},"properties":{"kind":"stop","name":"Yelm Hwy at Juli Ct [wb]","stop_id":"140"},"type":"Feature"},{"geometry":{"coordinates":[-122.87594,47.00365],"type":"Point"},"properties":{"kind":"stop","name":"Yelm Hwy at Village Dr [wb]","stop_id":"141"},"type":"Feature"},{"geometry":{"coordinates":[-122.8808,47.00505],"type":"Point"},"properties":{"kind":"stop","name":"Henderson Blvd at Yelm Hwy [nb]","stop_id":"142"},"type":"Feature"},{"geometry":{"coordinates":[-122.88081,47.00767],"type":"Point"},"properties":{"kind":"stop","name":"Henderson Blvd at Briggs Dr [nb]","stop_id":"143"},"type":"Feature"},{"geometry":{"coordinates":[-122.87917,47.01326],"type":"Point"},"properties":{"kind":"stop","name":"Henderson Blvd at Middle St [nb]","stop_id":"144"},"type":"Feature"},{"geometry":{"coordinates":[-122.88246,47.01661],"type":"Point"},"properties":{"kind":"stop","name":"North St at Central St [wb]","stop_id":"145"},"type":"Feature"},{"geometry":{"coordinates":[-122.88424,47.01662],"type":"Point"},"properties":{"kind":"stop","name":"Olympia High School [wb]","stop_id":"146"},"type":"Feature"},{"geometry":{"coordinates":[-122.887,47.01663],"type":"Point"},"properties":{"kind":"stop","name":"North St at Hawthorne Pl [wb]","stop_id":"147"},"type":"Feature"},{"geometry":{"coordinates":[-122.89051,47.01663],"type":"Point"},"properties":{"kind":"stop","name":"North St at Hoadly St [wb]","stop_id":"148"},"type":"Feature"},{"geometry":{"coordinates":[-122.89309,47.01665],"type":"Point"},"properties":{"kind":"stop","name":"North St at Lorne St [wb]","stop_id":"149"},"type":"Feature"},{"geometry":{"coordinates":[-122.92586,47.00742],"type":"Point"},"properties":{"kind":"stop","name":"Linwood Ave at Rural Rd [wb]","stop_id":"15"},"type":"Feature"},{"geometry":{"coordinates":[-122.8965,47.01666],"type":"Point"},"properties":{"kind":"stop","name":"North St at Cleveland Ave [wb]","stop_id":"150"},"type":"Feature"},{"geometry":{"coordinates":[-122.90025,47.04591],"type":"Point"},"properties":{"kind":"stop","name":"Olympia Transit Center - Bay A","stop_id":"1500"},"type":"Feature"},{"geometry":{"coordinates":[-122.89972,47.04604],"type":"Point"},"properties":{"kind":"stop","name":"Olympia Transit Center - Bay B","stop_id":"1501"},"type":"Feature"},{"geometry":{"coordinates":[-122.8999,47.04611],"type":"Point"},"properties":{"kind":"stop","name":"Olympia Transit Center - Bay C","stop_id":"1502"},"type":"Feature"},{"geometry":{"coordinates":[-122.90017,47.04619],"type":"Point"},"properties":{"kind":"stop","name":"Olympia Transit Center - Bay E","stop_id":"1503"},"type":"Feature"},{"geometry":{"coordinates":[-122.90042,47.04627],"type":"Point"},"properties":{"kind":"stop","name":"Olympia Transit Center - Bay F","stop_id":"1504"},"type":"Feature"},{"geometry":{"coordinates":[-122.89996,47.04632],"type":"Point"},"properties":{"kind":"stop","name":"Olympia Transit Center - Bay I","stop_id":"1506"},"type":"Feature"},{"geometry":{"coordinates":[-122.89977,47.04627],"type":"Point"},"properties":{"kind":"stop","name":"Olympia Transit Center - Bay J","stop_id":"1507"},"type":"Feature"},{"geometry":{"coordinates":[-122.89958,47.0462],"type":"Point"},"properties":{"kind":"stop","name":"Olympia Transit Center - Bay K","stop_id":"1508"},"type":"Feature"},{"geometry":{"coordinates":[-122.90017,47.04668],"type":"Point"},"properties":{"kind":"stop","name":"Olympia Transit Center - Bay N","stop_id":"1509"},"type":"Feature"},{"geometry":{"coordinates":[-122.87132,47.06854],"type":"Point"},"properties":{"kind":"stop","name":"Friendly Grove at 26th Ave [nb]","stop_id":"151"},"type":"Feature"},{"geometry":{"coordinates":[-122.89981,47.04658],"type":"Point"},"properties":{"kind":"stop","name":"Olympia Transit Center - Bay M","stop_id":"1510"},"type":"Feature"},{"geometry":{"coordinates":[-122.89962,47.04649],"type":"Point"},"properties":{"kind":"stop","name":"Olympia Transit Center - Bay L","stop_id":"1511"},"type":"Feature"},{"geometry":{"coordinates":[-122.88358,47.06889],"type":"Point"},"properties":{"kind":"stop","name":"26th Ave at Bethel St [wb]","stop_id":"152"},"type":"Feature"},{"geometry":{"coordinates":[-122.8847,47.06728],"type":"Point"},"properties":{"kind":"stop","name":"Bethel St at Brandon Ct [sb]","stop_id":"153"},"type":"Feature"},{"geometry":{"coordinates":[-122.8847,47.06576],"type":"Point"},"properties":{"kind":"stop","name":"Bethel St at Devon Ct [sb]","stop_id":"154"},"type":"Feature"},{"geometry":{"coordinates":[-122.8848,47.0617],"type":"Point"},"properties":{"kind":"stop","name":"Bethel St at Miller Ave [sb]","stop_id":"155"},"type":"Feature"},{"geometry":{"coordinates":[-122.88481,47.05988],"type":"Point"},"properties":{"kind":"stop","name":"Bethel St at Ethridge Ave [sb]","stop_id":"156"},"type":"Feature"},{"geometry":{"coordinates":[-122.88489,47.05769],"type":"Point"},"properties":{"kind":"stop","name":"Bethel St at San Francisco Ave [sb]","stop_id":"157"},"type":"Feature"},{"geometry":{"coordinates":[-122.88748,47.05691],"type":"Point"},"properties":{"kind":"stop","name":"Puget St at San Francisco Ave [sb]","stop_id":"158"},"type":"Feature"},{"geometry":{"coordinates":[-122.88751,47.05533],"type":"Point"},"properties":{"kind":"stop","name":"Puget St at Leavenworth Ave [sb]","stop_id":"159"},"type":"Feature"},{"geometry":{"coordinates":[-122.92679,47.00473],"type":"Point"},"properties":{"kind":"stop","name":"Rural Rd at 48th Ave [sb]","stop_id":"16"},"type":"Feature"},{"geometry":{"coordinates":[-122.88751,47.05347],"type":"Point"},"properties":{"kind":"stop","name":"Puget St at Pine Ave [sb]","stop_id":"160"},"type":"Feature"},{"geometry":{"coordinates":[-122.82935,47.04197],"type":"Point"},"properties":{"kind":"stop","name":"Lacey Transit Center - Bay L","stop_id":"1600"},"type":"Feature"},{"geometry":{"coordinates":[-122.82934,47.04218],"type":"Point"},"properties":{"kind":"stop","name":"Lacey Transit Center - Bay K","stop_id":"1601"},"type":"Feature"},{"geometry":{"coordinates":[-122.82936,47.04237],"type":"Point"},"properties":{"kind":"stop","name":"Lacey Transit Center - Bay J","stop_id":"1602"},"type":"Feature"},{"geometry":{"coordinates":[-122.82942,47.04253],"type":"Point"},"properties":{"kind":"stop","name":"Lacey Transit Center - Bay I","stop_id":"1603"},"type":"Feature"},{"geometry":{"coordinates":[-122.82952,47.04269],"type":"Point"},"properties":{"kind":"stop","name":"Lacey Transit Center - Bay H","stop_id":"1604"},"type":"Feature"},{"geometry":{"coordinates":[-122.82966,47.0428],"type":"Point"},"properties":{"kind":"stop","name":"Lacey Transit Center - Bay G","stop_id":"1606"},"type":"Feature"},{"geometry":{"coordinates":[-122.82999,47.04287],"type":"Point"},"properties":{"kind":"stop","name":"Lacey Transit Center - Bay F","stop_id":"1607"},"type":"Feature"},{"geometry":{"coordinates":[-122.82951,47.04198],"type":"Point"},"properties":{"kind":"stop","name":"Lacey Transit Center - Bay A","stop_id":"1608"},"type":"Feature"},{"geometry":{"coordinates":[-122.82956,47.04218],"type":"Point"},"properties":{"kind":"stop","name":"Lacey Transit Center - Bay B","stop_id":"1609"},"type":"Feature"},{"geometry":{"coordinates":[-122.88769,47.05143],"type":"Point"},"properties":{"kind":"stop","name":"Puget St at Yew Ave [sb]","stop_id":"161"},"type":"Feature"},{"geometry":{"coordinates":[-122.82963,47.04238],"type":"Point"},"properties":{"kind":"stop","name":"Lacey Transit Center - Bay C","stop_id":"1610"},"type":"Feature"},{"geometry":{"coordinates":[-122.82979,47.04259],"type":"Point"},"properties":{"kind":"stop","name":"Lacey Transit Center - Bay D","stop_id":"1611"},"type":"Feature"},{"geometry":{"coordinates":[-122.83003,47.04273],"type":"Point"},"properties":{"kind":"stop","name":"Lacey Transit Center - Bay E","stop_id":"1613"},"type":"Feature"},{"geometry":{"coordinates":[-122.88769,47.04978],"type":"Point"},"properties":{"kind":"stop","name":"Puget St at Bigelow Ave [sb]","stop_id":"162"},"type":"Feature"},{"geometry":{"coordinates":[-122.88756,47.04847],"type":"Point"},"properties":{"kind":"stop","name":"Puget St at Thurston Ave [sb]","stop_id":"163"},"type":"Feature"},{"geometry":{"coordinates":[-122.88946,47.04664],"type":"Point"},"properties":{"kind":"stop","name":"State Ave at Eastside St [wb]","stop_id":"164"},"type":"Feature"},{"geometry":{"coordinates":[-122.89375,47.04636],"type":"Point"},"properties":{"kind":"stop","name":"State Ave at East Bay Dr [wb]","stop_id":"165"},"type":"Feature"},{"geometry":{"coordinates":[-122.89617,47.0462],"type":"Point"},"properties":{"kind":"stop","name":"State at Cherry [wb]","stop_id":"166"},"type":"Feature"},{"geometry":{"coordinates":[-122.89766,47.04514],"type":"Point"},"properties":{"kind":"stop","name":"4th at Adams [eb]","stop_id":"168"},"type":"Feature"},{"geometry":{"coordinates":[-122.89159,47.04551],"type":"Point"},"properties":{"kind":"stop","name":"4th Ave at Pear St [eb]","stop_id":"169"},"type":"Feature"},{"geometry":{"coordinates":[-122.92682,47.00056],"type":"Point"},"properties":{"kind":"stop","name":"Rural Rd at Trosper Rd [sb]","stop_id":"17"},"type":"Feature"},{"geometry":{"coordinates":[-122.88742,47.04868],"type":"Point"},"properties":{"kind":"stop","name":"Puget St at Thurston Ave [nb]","stop_id":"170"},"type":"Feature"},{"geometry":{"coordinates":[-122.88751,47.05002],"type":"Point"},"properties":{"kind":"stop","name":"Puget St at Bigelow Ave [nb]","stop_id":"171"},"type":"Feature"},{"geometry":{"coordinates":[-122.88424,47.0501],"type":"Point"},"properties":{"kind":"stop","name":"Bigelow Ave at Garrison St [eb]","stop_id":"172"},"type":"Feature"},{"geometry":{"coordinates":[-122.88149,47.05009],"type":"Point"},"properties":{"kind":"stop","name":"Bigelow Ave at Central St [eb]","stop_id":"173"},"type":"Feature"},{"geometry":{"coordinates":[-122.8773,47.05038],"type":"Point"},"properties":{"kind":"stop","name":"Fir St at Bigelow Ave [nb]","stop_id":"174"},"type":"Feature"},{"geometry":{"coordinates":[-122.87837,47.05363],"type":"Point"},"properties":{"kind":"stop","name":"Pine Ave at McCormick St [wb]","stop_id":"175"},"type":"Feature"},{"geometry":{"coordinates":[-122.8806,47.05364],"type":"Point"},"properties":{"kind":"stop","name":"Pine Ave at Lybarger St [wb]","stop_id":"176"},"type":"Feature"},{"geometry":{"coordinates":[-122.8824,47.0538],"type":"Point"},"properties":{"kind":"stop","name":"Central St at Pine Ave [nb]","stop_id":"177"},"type":"Feature"},{"geometry":{"coordinates":[-122.88244,47.05836],"type":"Point"},"properties":{"kind":"stop","name":"Central St at Massey Ave [nb]","stop_id":"178"},"type":"Feature"},{"geometry":{"coordinates":[-122.88236,47.06075],"type":"Point"},"properties":{"kind":"stop","name":"Central St at Ethridge Ave [nb]","stop_id":"179"},"type":"Feature"},{"geometry":{"coordinates":[-122.9251,46.99992],"type":"Point"},"properties":{"kind":"stop","name":"Trosper Rd at Commander Dr [eb]","stop_id":"18"},"type":"Feature"},{"geometry":{"coordinates":[-122.87753,47.06196],"type":"Point"},"properties":{"kind":"stop","name":"Miller Ave at McCormick St [eb]","stop_id":"180"},"type":"Feature"},{"geometry":{"coordinates":[-122.87274,47.06194],"type":"Point"},"properties":{"kind":"stop","name":"Miller Ave at Ann St [eb]","stop_id":"181"},"type":"Feature"},{"geometry":{"coordinates":[-122.87138,47.06465],"type":"Point"},"properties":{"kind":"stop","name":"2242 Friendly Grove Rd [nb]","stop_id":"182"},"type":"Feature"},{"geometry":{"coordinates":[-122.83388,47.04277],"type":"Point"},"properties":{"kind":"stop","name":"Sleater Kinney Rd at 6th Ave [sb]","stop_id":"185"},"type":"Feature"},{"geometry":{"coordinates":[-122.83384,47.04024],"type":"Point"},"properties":{"kind":"stop","name":"Sleater Kinney Rd at Pacific Ave [sb]","stop_id":"186"},"type":"Feature"},{"geometry":{"coordinates":[-122.83387,47.03755],"type":"Point"},"properties":{"kind":"stop","name":"Sleater Kinney Rd at 12th Ave [sb]","stop_id":"187"},"type":"Feature"},{"geometry":{"coordinates":[-122.83386,47.03483],"type":"Point"},"properties":{"kind":"stop","name":"Sleater Kinney Rd at 14th Ave [sb]","stop_id":"188"},"type":"Feature"},{"geometry":{"coordinates":[-122.83765,47.03431],"type":"Point"},"properties":{"kind":"stop","name":"Capitol Club Apts [wb]","stop_id":"189"},"type":"Feature"},{"geometry":{"coordinates":[-122.91814,46.99987],"type":"Point"},"properties":{"kind":"stop","name":"Trosper Rd at Lake Park Dr [eb]","stop_id":"19"},"type":"Feature"},{"geometry":{"coordinates":[-122.84187,47.03433],"type":"Point"},"properties":{"kind":"stop","name":"Colonial Estates MHP [wb]","stop_id":"190"},"type":"Feature"},{"geometry":{"coordinates":[-122.84815,47.03258],"type":"Point"},"properties":{"kind":"stop","name":"18th Ave at Fones Rd [wb]","stop_id":"191"},"type":"Feature"},{"geometry":{"coordinates":[-122.85519,47.03261],"type":"Point"},"properties":{"kind":"stop","name":"18th Ave at Craig Rd [wb]","stop_id":"192"},"type":"Feature"},{"geometry":{"coordinates":[-122.85312,47.03264],"type":"Point"},"properties":{"kind":"stop","name":"18th Ave at Kempton St [wb]","stop_id":"193"},"type":"Feature"},{"geometry":{"coordinates":[-122.8574,47.0326],"type":"Point"},"properties":{"kind":"stop","name":"18th Ave at Allen Rd [wb]","stop_id":"194"},"type":"Feature"},{"geometry":{"coordinates":[-122.85923,47.03263],"type":"Point"},"properties":{"kind":"stop","name":"18th Ave at Amhurst St [wb]","stop_id":"195"},"type":"Feature"},{"geometry":{"coordinates":[-122.86262,47.03269],"type":"Point"},"properties":{"kind":"stop","name":"18th Ave at Karen Frazier Rd [wb]","stop_id":"196"},"type":"Feature"},{"geometry":{"coordinates":[-122.86654,47.03306],"type":"Point"},"properties":{"kind":"stop","name":"Boulevard Rd at Ellis St [nb]","stop_id":"197"},"type":"Feature"},{"geometry":{"coordinates":[-122.86892,47.03707],"type":"Point"},"properties":{"kind":"stop","name":"Boulevard Rd at 15th Ave [nb]","stop_id":"198"},"type":"Feature"},{"geometry":{"coordinates":[-122.86899,47.03911],"type":"Point"},"properties":{"kind":"stop","name":"Boulevard Rd at 12th Ave [nb]","stop_id":"199"},"type":"Feature"},{"geometry":{"coordinates":[-122.90149,47.04289],"type":"Point"},"properties":{"kind":"stop","name":"Capitol Way at Legion Way [sb]","stop_id":"2"},"type":"Feature"},{"geometry":{"coordinates":[-122.92102,46.99991],"type":"Point"},"properties":{"kind":"stop","name":"Olympics West Retirement Inn","stop_id":"20"},"type":"Feature"},{"geometry":{"coordinates":[-122.86897,47.04103],"type":"Point"},"properties":{"kind":"stop","name":"Boulevard Rd at Union Ave [nb]","stop_id":"200"},"type":"Feature"},{"geometry":{"coordinates":[-122.87434,47.03993],"type":"Point"},"properties":{"kind":"stop","name":"Union Ave at Fairview St [wb]","stop_id":"203"},"type":"Feature"},{"geometry":{"coordinates":[-122.88007,47.04015],"type":"Point"},"properties":{"kind":"stop","name":"Union Ave at Lybarger St [wb]","stop_id":"204"},"type":"Feature"},{"geometry":{"coordinates":[-122.88786,47.04181],"type":"Point"},"properties":{"kind":"stop","name":"Eastside St at 9th Ave [nb]","stop_id":"207"},"type":"Feature"},{"geometry":{"coordinates":[-122.89124,47.04224],"type":"Point"},"properties":{"kind":"stop","name":"8th Ave at Pear St [wb]","stop_id":"208"},"type":"Feature"},{"geometry":{"coordinates":[-122.89414,47.04205],"type":"Point"},"properties":{"kind":"stop","name":"8th Ave at Chestnut St [wb]","stop_id":"209"},"type":"Feature"},{"geometry":{"coordinates":[-122.917,46.99833],"type":"Point"},"properties":{"kind":"stop","name":"Littlerock Rd at Trosper Rd [sb]","stop_id":"21"},"type":"Feature"},{"geometry":{"coordinates":[-122.89779,47.04181],"type":"Point"},"properties":{"kind":"stop","name":"8th Ave at Adams St [wb]","stop_id":"210"},"type":"Feature"},{"geometry":{"coordinates":[-122.89893,47.04361],"type":"Point"},"properties":{"kind":"stop","name":"Franklin St at Legion Ave [nb]","stop_id":"211"},"type":"Feature"},{"geometry":{"coordinates":[-122.89902,47.04319],"type":"Point"},"properties":{"kind":"stop","name":"Franklin St at Legion Ave [sb]","stop_id":"212"},"type":"Feature"},{"geometry":{"coordinates":[-122.89826,47.04165],"type":"Point"},"properties":{"kind":"stop","name":"8th Ave at Franklin St [eb]","stop_id":"213"},"type":"Feature"},{"geometry":{"coordinates":[-122.89384,47.04201],"type":"Point"},"properties":{"kind":"stop","name":"8th Ave at Chestnut St [eb]","stop_id":"214"},"type":"Feature"},{"geometry":{"coordinates":[-122.89105,47.04214],"type":"Point"},"properties":{"kind":"stop","name":"8th Ave at Pear St [eb]","stop_id":"215"},"type":"Feature"},{"geometry":{"coordinates":[-122.88804,47.04187],"type":"Point"},"properties":{"kind":"stop","name":"Eastside St at 8th Ave [sb]","stop_id":"216"},"type":"Feature"},{"geometry":{"coordinates":[-122.88648,47.04078],"type":"Point"},"properties":{"kind":"stop","name":"St. Michaels Church [eb]","stop_id":"217"},"type":"Feature"},{"geometry":{"coordinates":[-122.88255,47.04095],"type":"Point"},"properties":{"kind":"stop","name":"10th Ave at Central St [eb]","stop_id":"218"},"type":"Feature"},{"geometry":{"coordinates":[-122.87998,47.04007],"type":"Point"},"properties":{"kind":"stop","name":"Union Ave at Lybarger St [eb]","stop_id":"219"},"type":"Feature"},{"geometry":{"coordinates":[-122.91906,46.99666],"type":"Point"},"properties":{"kind":"stop","name":"Peak Plaza - Costco [sb]","stop_id":"22"},"type":"Feature"},{"geometry":{"coordinates":[-122.87382,47.03986],"type":"Point"},"properties":{"kind":"stop","name":"Union Ave at Wilson St [eb]","stop_id":"220"},"type":"Feature"},{"geometry":{"coordinates":[-122.86919,47.04065],"type":"Point"},"properties":{"kind":"stop","name":"Boulevard Rd at Union Ave [sb]","stop_id":"223"},"type":"Feature"},{"geometry":{"coordinates":[-122.86915,47.03867],"type":"Point"},"properties":{"kind":"stop","name":"Boulevard Rd at 12th Ave [sb]","stop_id":"224"},"type":"Feature"},{"geometry":{"coordinates":[-122.86882,47.03641],"type":"Point"},"properties":{"kind":"stop","name":"Boulevard Rd at 15th Ave [sb]","stop_id":"225"},"type":"Feature"},{"geometry":{"coordinates":[-122.86452,47.03249],"type":"Point"},"properties":{"kind":"stop","name":"18th Ave at Boulevard Rd [eb]","stop_id":"226"},"type":"Feature"},{"geometry":{"coordinates":[-122.8626,47.03255],"type":"Point"},"properties":{"kind":"stop","name":"18th Ave at Karen Frazier Rd [eb]","stop_id":"227"},"type":"Feature"},{"geometry":{"coordinates":[-122.85984,47.03254],"type":"Point"},"properties":{"kind":"stop","name":"18th Ave at Amhurst St [eb]","stop_id":"228"},"type":"Feature"},{"geometry":{"coordinates":[-122.85736,47.03253],"type":"Point"},"properties":{"kind":"stop","name":"18th Ave at Allen Rd [eb]","stop_id":"229"},"type":"Feature"},{"geometry":{"coordinates":[-122.92172,46.9949],"type":"Point"},"properties":{"kind":"stop","name":"Littlerock at Kingswood Dr [sb]","stop_id":"23"},"type":"Feature"},{"geometry":{"coordinates":[-122.85536,47.03249],"type":"Point"},"properties":{"kind":"stop","name":"18th Ave at Craig Rd [eb]","stop_id":"230"},"type":"Feature"},{"geometry":{"coordinates":[-122.85238,47.03247],"type":"Point"},"properties":{"kind":"stop","name":"18th Ave at Kempton St [eb]","stop_id":"231"},"type":"Feature"},{"geometry":{"coordinates":[-122.8486,47.03243],"type":"Point"},"properties":{"kind":"stop","name":"18th Ave at Hoffman Rd [eb]","stop_id":"232"},"type":"Feature"},{"geometry":{"coordinates":[-122.8442,47.03299],"type":"Point"},"properties":{"kind":"stop","name":"Elizabeth St at 18th Ave [nb]","stop_id":"233"},"type":"Feature"},{"geometry":{"coordinates":[-122.84124,47.0342],"type":"Point"},"properties":{"kind":"stop","name":"Colonial Estates MHP [eb]","stop_id":"234"},"type":"Feature"},{"geometry":{"coordinates":[-122.83744,47.03419],"type":"Point"},"properties":{"kind":"stop","name":"Hacienda Apts [eb]","stop_id":"235"},"type":"Feature"},{"geometry":{"coordinates":[-122.83372,47.03464],"type":"Point"},"properties":{"kind":"stop","name":"Sleater Kinney Rd at 14th Ave [nb]","stop_id":"236"},"type":"Feature"},{"geometry":{"coordinates":[-122.83369,47.03794],"type":"Point"},"properties":{"kind":"stop","name":"Sleater Kinney Rd at Lacey Blvd [nb]","stop_id":"237"},"type":"Feature"},{"geometry":{"coordinates":[-122.83368,47.03988],"type":"Point"},"properties":{"kind":"stop","name":"Sleater Kinney Rd at Pacific Ave [nb]","stop_id":"238"},"type":"Feature"},{"geometry":{"coordinates":[-122.83365,47.04188],"type":"Point"},"properties":{"kind":"stop","name":"Sleater Kinney Rd at 7th Ave [nb]","stop_id":"239"},"type":"Feature"},{"geometry":{"coordinates":[-122.92354,46.99209],"type":"Point"},"properties":{"kind":"stop","name":"Tumwater Middle School [sb]","stop_id":"24"},"type":"Feature"},{"geometry":{"coordinates":[-122.97713,47.07198],"type":"Point"},"properties":{"kind":"stop","name":"Evergreen Library Loop","stop_id":"241"},"type":"Feature"},{"geometry":{"coordinates":[-122.96969,47.06976],"type":"Point"},"properties":{"kind":"stop","name":"Evergreen Pkwy at Overhulse Rd [eb]","stop_id":"242"},"type":"Feature"},{"geometry":{"coordinates":[-122.95556,47.07191],"type":"Point"},"properties":{"kind":"stop","name":"Kaiser Rd at Driftwood Rd [eb]","stop_id":"243"},"type":"Feature"},{"geometry":{"coordinates":[-122.95208,47.07361],"type":"Point"},"properties":{"kind":"stop","name":"Kaiser Rd at Cedrona Dr [eb]","stop_id":"244"},"type":"Feature"},{"geometry":{"coordinates":[-122.9496,47.07527],"type":"Point"},"properties":{"kind":"stop","name":"College Court Apts [eb]","stop_id":"245"},"type":"Feature"},{"geometry":{"coordinates":[-122.9442,47.07554],"type":"Point"},"properties":{"kind":"stop","name":"Kaiser Rd at Cooper Point Rd [eb]","stop_id":"246"},"type":"Feature"},{"geometry":{"coordinates":[-122.94305,47.07367],"type":"Point"},"properties":{"kind":"stop","name":"Cooper Point Rd at 29th Ave [sb]","stop_id":"247"},"type":"Feature"},{"geometry":{"coordinates":[-122.94161,47.07113],"type":"Point"},"properties":{"kind":"stop","name":"28th Ave at Cooper Point Rd [eb]","stop_id":"248"},"type":"Feature"},{"geometry":{"coordinates":[-122.93541,47.07113],"type":"Point"},"properties":{"kind":"stop","name":"28th Ave at Division St [eb]","stop_id":"249"},"type":"Feature"},{"geometry":{"coordinates":[-122.92723,46.98947],"type":"Point"},"properties":{"kind":"stop","name":"Littlerock Rd at Odegard Rd [sb]","stop_id":"25"},"type":"Feature"},{"geometry":{"coordinates":[-122.93118,47.06902],"type":"Point"},"properties":{"kind":"stop","name":"Division St at 26th Ave [sb]","stop_id":"250"},"type":"Feature"},{"geometry":{"coordinates":[-122.92946,47.06636],"type":"Point"},"properties":{"kind":"stop","name":"Butler Cove Apts [sb]","stop_id":"251"},"type":"Feature"},{"geometry":{"coordinates":[-122.929,47.06489],"type":"Point"},"properties":{"kind":"stop","name":"Division St at Burbank Ave [sb]","stop_id":"252"},"type":"Feature"},{"geometry":{"coordinates":[-122.92846,47.06336],"type":"Point"},"properties":{"kind":"stop","name":"Division St at Elliott Ave [sb]","stop_id":"253"},"type":"Feature"},{"geometry":{"coordinates":[-122.92571,47.05917],"type":"Point"},"properties":{"kind":"stop","name":"Division St at Muirhead Ave [sb]","stop_id":"254"},"type":"Feature"},{"geometry":{"coordinates":[-122.92566,47.05735],"type":"Point"},"properties":{"kind":"stop","name":"Division St at Walnut Rd [sb]","stop_id":"255"},"type":"Feature"},{"geometry":{"coordinates":[-122.92563,47.05494],"type":"Point"},"properties":{"kind":"stop","name":"Division St at Dickinson Ave [sb]","stop_id":"256"},"type":"Feature"},{"geometry":{"coordinates":[-122.92565,47.05324],"type":"Point"},"properties":{"kind":"stop","name":"Division St at Bowman Ave [sb]","stop_id":"257"},"type":"Feature"},{"geometry":{"coordinates":[-122.92576,47.05133],"type":"Point"},"properties":{"kind":"stop","name":"Division St at Conger Ave [sb]","stop_id":"258"},"type":"Feature"},{"geometry":{"coordinates":[-122.92584,47.04956],"type":"Point"},"properties":{"kind":"stop","name":"Division St at Madison Ave [sb]","stop_id":"259"},"type":"Feature"},{"geometry":{"coordinates":[-122.92945,46.98791],"type":"Point"},"properties":{"kind":"stop","name":"Littlerock Rd at Glenwood Dr [sb]","stop_id":"26"},"type":"Feature"},{"geometry":{"coordinates":[-122.92592,47.04737],"type":"Point"},"properties":{"kind":"stop","name":"Division St at Garfield Ave [sb]","stop_id":"260"},"type":"Feature"},{"geometry":{"coordinates":[-122.92511,47.04591],"type":"Point"},"properties":{"kind":"stop","name":"Harrison Ave at Division St [eb]","stop_id":"261"},"type":"Feature"},{"geometry":{"coordinates":[-122.92277,47.04592],"type":"Point"},"properties":{"kind":"stop","name":"Harrison Ave at Decatur St [eb]","stop_id":"262"},"type":"Feature"},{"geometry":{"coordinates":[-122.92,47.04586],"type":"Point"},"properties":{"kind":"stop","name":"Harrison Ave at Plymouth St [eb]","stop_id":"263"},"type":"Feature"},{"geometry":{"coordinates":[-122.91524,47.04577],"type":"Point"},"properties":{"kind":"stop","name":"Harrison Ave at Foote St [eb]","stop_id":"264"},"type":"Feature"},{"geometry":{"coordinates":[-122.9055,47.04368],"type":"Point"},"properties":{"kind":"stop","name":"5th Ave at Sylvester St [eb]","stop_id":"265"},"type":"Feature"},{"geometry":{"coordinates":[-122.90592,47.04381],"type":"Point"},"properties":{"kind":"stop","name":"5th Ave at Sylvester St [wb]","stop_id":"267"},"type":"Feature"},{"geometry":{"coordinates":[-122.90806,47.04365],"type":"Point"},"properties":{"kind":"stop","name":"5th Ave at Deschutes Pkwy [wb]","stop_id":"268"},"type":"Feature"},{"geometry":{"coordinates":[-122.91639,47.04592],"type":"Point"},"properties":{"kind":"stop","name":"Harrison Ave at Percival St [wb]","stop_id":"269"},"type":"Feature"},{"geometry":{"coordinates":[-122.92049,47.04601],"type":"Point"},"properties":{"kind":"stop","name":"Harrison Ave at Perry St [wb]","stop_id":"271"},"type":"Feature"},{"geometry":{"coordinates":[-122.92578,47.04661],"type":"Point"},"properties":{"kind":"stop","name":"Division St at Harrison Ave [nb]","stop_id":"273"},"type":"Feature"},{"geometry":{"coordinates":[-122.92568,47.04967],"type":"Point"},"properties":{"kind":"stop","name":"Division St at Madison Ave [nb]","stop_id":"274"},"type":"Feature"},{"geometry":{"coordinates":[-122.92558,47.05215],"type":"Point"},"properties":{"kind":"stop","name":"Division St at Giles Ave [nb]","stop_id":"275"},"type":"Feature"},{"geometry":{"coordinates":[-122.92552,47.0534],"type":"Point"},"properties":{"kind":"stop","name":"Division St at Bowman Ave [nb]","stop_id":"276"},"type":"Feature"},{"geometry":{"coordinates":[-122.92548,47.05504],"type":"Point"},"properties":{"kind":"stop","name":"Division St at Dickinson Ave [nb]","stop_id":"277"},"type":"Feature"},{"geometry":{"coordinates":[-122.92549,47.0569],"type":"Point"},"properties":{"kind":"stop","name":"Division St at Farwell Ave [nb]","stop_id":"278"},"type":"Feature"},{"geometry":{"coordinates":[-122.92559,47.05947],"type":"Point"},"properties":{"kind":"stop","name":"Division St at Muirhead Ave [nb]","stop_id":"279"},"type":"Feature"},{"geometry":{"coordinates":[-122.9184,46.98481],"type":"Point"},"properties":{"kind":"stop","name":"Linderson Way at Israel Rd [sb]","stop_id":"28"},"type":"Feature"},{"geometry":{"coordinates":[-122.92843,47.06361],"type":"Point"},"properties":{"kind":"stop","name":"Division St at Elliott Ave [nb]","stop_id":"280"},"type":"Feature"},{"geometry":{"coordinates":[-122.92888,47.06494],"type":"Point"},"properties":{"kind":"stop","name":"Division St at Burbank Ave [nb]","stop_id":"281"},"type":"Feature"},{"geometry":{"coordinates":[-122.92937,47.06673],"type":"Point"},"properties":{"kind":"stop","name":"Butler Cove Apts [nb]","stop_id":"282"},"type":"Feature"},{"geometry":{"coordinates":[-122.93133,47.06941],"type":"Point"},"properties":{"kind":"stop","name":"Division St at 26th Ave [nb]","stop_id":"283"},"type":"Feature"},{"geometry":{"coordinates":[-122.93558,47.0712],"type":"Point"},"properties":{"kind":"stop","name":"28th Ave at Division St [wb]","stop_id":"284"},"type":"Feature"},{"geometry":{"coordinates":[-122.94158,47.07137],"type":"Point"},"properties":{"kind":"stop","name":"28th Ave at Cooper Point Rd [wb]","stop_id":"285"},"type":"Feature"},{"geometry":{"coordinates":[-122.9429,47.07384],"type":"Point"},"properties":{"kind":"stop","name":"Cooper Point Rd at 29th Ave [nb]","stop_id":"286"},"type":"Feature"},{"geometry":{"coordinates":[-122.94394,47.07566],"type":"Point"},"properties":{"kind":"stop","name":"Kaiser Rd at Cooper Point Rd [wb]","stop_id":"287"},"type":"Feature"},{"geometry":{"coordinates":[-122.94999,47.07516],"type":"Point"},"properties":{"kind":"stop","name":"College Court Apts [wb]","stop_id":"288"},"type":"Feature"},{"geometry":{"coordinates":[-122.95178,47.07398],"type":"Point"},"properties":{"kind":"stop","name":"Kaiser Rd at Cedrona Dr [wb]","stop_id":"289"},"type":"Feature"},{"geometry":{"coordinates":[-122.92061,46.98297],"type":"Point"},"properties":{"kind":"stop","name":"Labor & Industries Building","stop_id":"29"},"type":"Feature"},{"geometry":{"coordinates":[-122.89633,47.034],"type":"Point"},"properties":{"kind":"stop","name":"Maple Park Ave at Jefferson St [wb]","stop_id":"290"},"type":"Feature"},{"geometry":{"coordinates":[-122.95756,47.0747],"type":"Point"},"properties":{"kind":"stop","name":"Evergreen Maintenance [wb]","stop_id":"291"},"type":"Feature"},{"geometry":{"coordinates":[-122.96838,47.07567],"type":"Point"},"properties":{"kind":"stop","name":"Driftwood Rd at Wildcurrant Loop [wb]","stop_id":"292"},"type":"Feature"},{"geometry":{"coordinates":[-122.97037,47.07608],"type":"Point"},"properties":{"kind":"stop","name":"Driftwood Rd at Overhulse Rd [wb]","stop_id":"293"},"type":"Feature"},{"geometry":{"coordinates":[-122.97345,47.07533],"type":"Point"},"properties":{"kind":"stop","name":"Evergreen Dorms","stop_id":"294"},"type":"Feature"},{"geometry":{"coordinates":[-122.97076,47.07608],"type":"Point"},"properties":{"kind":"stop","name":"Driftwood Rd at Overhulse Rd [eb]","stop_id":"295"},"type":"Feature"},{"geometry":{"coordinates":[-122.96794,47.07563],"type":"Point"},"properties":{"kind":"stop","name":"Driftwood Rd at Wildcurrant Loop [eb]","stop_id":"296"},"type":"Feature"},{"geometry":{"coordinates":[-122.96438,47.07505],"type":"Point"},"properties":{"kind":"stop","name":"Overhulse Pl at Driftwood Rd [sb]","stop_id":"297"},"type":"Feature"},{"geometry":{"coordinates":[-122.96972,47.07143],"type":"Point"},"properties":{"kind":"stop","name":"Overhulse Pl at Fireweed Dr [sb]","stop_id":"298"},"type":"Feature"},{"geometry":{"coordinates":[-122.97005,47.07004],"type":"Point"},"properties":{"kind":"stop","name":"Evergreen Pkwy at Overhulse Pl [wb]","stop_id":"299"},"type":"Feature"},{"geometry":{"coordinates":[-122.90108,47.04049],"type":"Point"},"properties":{"kind":"stop","name":"Capitol Way at 9th Ave [sb]","stop_id":"3"},"type":"Feature"},{"geometry":{"coordinates":[-122.91846,46.98115],"type":"Point"},"properties":{"kind":"stop","name":"Linderson Way at Tumwater Blvd [sb]","stop_id":"30"},"type":"Feature"},{"geometry":{"coordinates":[-122.91319,47.0294],"type":"Point"},"properties":{"kind":"stop","name":"County Courthouse [nb]","stop_id":"300"},"type":"Feature"},{"geometry":{"coordinates":[-122.91036,47.03258],"type":"Point"},"properties":{"kind":"stop","name":"Deschutes Pkwy at Lakeridge Dr [nb]","stop_id":"301"},"type":"Feature"},{"geometry":{"coordinates":[-122.91425,47.04083],"type":"Point"},"properties":{"kind":"stop","name":"Capitol Lake [nb]","stop_id":"302"},"type":"Feature"},{"geometry":{"coordinates":[-122.9131,47.0374],"type":"Point"},"properties":{"kind":"stop","name":"Marathon Park [nb]","stop_id":"303"},"type":"Feature"},{"geometry":{"coordinates":[-122.91143,47.03466],"type":"Point"},"properties":{"kind":"stop","name":"Percival Cove [nb]","stop_id":"304"},"type":"Feature"},{"geometry":{"coordinates":[-122.90013,47.03368],"type":"Point"},"properties":{"kind":"stop","name":"Maple Park Ave at Capitol Way [eb]","stop_id":"305"},"type":"Feature"},{"geometry":{"coordinates":[-122.8979,47.0337],"type":"Point"},"properties":{"kind":"stop","name":"Maple Park Ave at Franklin St [eb]","stop_id":"306"},"type":"Feature"},{"geometry":{"coordinates":[-122.89565,47.03432],"type":"Point"},"properties":{"kind":"stop","name":"Jefferson St at Maple Park Ave [nb]","stop_id":"307"},"type":"Feature"},{"geometry":{"coordinates":[-122.89572,47.03699],"type":"Point"},"properties":{"kind":"stop","name":"Jefferson St at 13th Ave [nb]","stop_id":"308"},"type":"Feature"},{"geometry":{"coordinates":[-122.89583,47.03843],"type":"Point"},"properties":{"kind":"stop","name":"Jefferson St at 11th Ave [nb]","stop_id":"309"},"type":"Feature"},{"geometry":{"coordinates":[-122.93159,46.98594],"type":"Point"},"properties":{"kind":"stop","name":"Littlerock at Miner Dr [nb]","stop_id":"31"},"type":"Feature"},{"geometry":{"coordinates":[-122.89582,47.03962],"type":"Point"},"properties":{"kind":"stop","name":"Jefferson St at Union Ave [nb]","stop_id":"310"},"type":"Feature"},{"geometry":{"coordinates":[-122.89597,47.04064],"type":"Point"},"properties":{"kind":"stop","name":"Jefferson St at 9th Ave [nb]","stop_id":"311"},"type":"Feature"},{"geometry":{"coordinates":[-122.88745,47.03794],"type":"Point"},"properties":{"kind":"stop","name":"Eastside St at 12th Ave [sb]","stop_id":"312"},"type":"Feature"},{"geometry":{"coordinates":[-122.89609,47.04031],"type":"Point"},"properties":{"kind":"stop","name":"Jefferson St at 10th Ave [sb]","stop_id":"313"},"type":"Feature"},{"geometry":{"coordinates":[-122.89595,47.03827],"type":"Point"},"properties":{"kind":"stop","name":"Jefferson St at 11th Ave [sb]","stop_id":"314"},"type":"Feature"},{"geometry":{"coordinates":[-122.89597,47.03669],"type":"Point"},"properties":{"kind":"stop","name":"Jefferson St at 13th Ave [sb]","stop_id":"315"},"type":"Feature"},{"geometry":{"coordinates":[-122.89798,47.03388],"type":"Point"},"properties":{"kind":"stop","name":"Maple Park Ave at Franklin St [wb]","stop_id":"316"},"type":"Feature"},{"geometry":{"coordinates":[-122.89953,47.03388],"type":"Point"},"properties":{"kind":"stop","name":"Maple Park Ave at Capitol Way [wb]","stop_id":"317"},"type":"Feature"},{"geometry":{"coordinates":[-122.91154,47.03454],"type":"Point"},"properties":{"kind":"stop","name":"Percival Cove [sb]","stop_id":"318"},"type":"Feature"},{"geometry":{"coordinates":[-122.91319,47.03731],"type":"Point"},"properties":{"kind":"stop","name":"Marathon Park [sb]","stop_id":"319"},"type":"Feature"},{"geometry":{"coordinates":[-122.92927,46.9878],"type":"Point"},"properties":{"kind":"stop","name":"Littlerock Rd at McIver Ct [nb]","stop_id":"32"},"type":"Feature"},{"geometry":{"coordinates":[-122.91438,47.04083],"type":"Point"},"properties":{"kind":"stop","name":"Capitol Lake [sb]","stop_id":"320"},"type":"Feature"},{"geometry":{"coordinates":[-122.91052,47.03254],"type":"Point"},"properties":{"kind":"stop","name":"Deschutes Pkwy at Lakeridge Dr [sb]","stop_id":"321"},"type":"Feature"},{"geometry":{"coordinates":[-122.91341,47.02832],"type":"Point"},"properties":{"kind":"stop","name":"County Courthouse [sb]","stop_id":"322"},"type":"Feature"},{"geometry":{"coordinates":[-122.93253,47.04228],"type":"Point"},"properties":{"kind":"stop","name":"Capital Mall Station","stop_id":"323"},"type":"Feature"},{"geometry":{"coordinates":[-122.93421,47.04504],"type":"Point"},"properties":{"kind":"stop","name":"Kenyon St at 4th Ave [nb]","stop_id":"324"},"type":"Feature"},{"geometry":{"coordinates":[-122.93471,47.04629],"type":"Point"},"properties":{"kind":"stop","name":"Harrison Ave at Kenyon St [wb]","stop_id":"325"},"type":"Feature"},{"geometry":{"coordinates":[-122.93858,47.04718],"type":"Point"},"properties":{"kind":"stop","name":"2920 Harrison Ave [wb]","stop_id":"326"},"type":"Feature"},{"geometry":{"coordinates":[-122.94141,47.04547],"type":"Point"},"properties":{"kind":"stop","name":"Cooper Point Rd at Harrison Ave [sb]","stop_id":"327"},"type":"Feature"},{"geometry":{"coordinates":[-122.93933,47.03684],"type":"Point"},"properties":{"kind":"stop","name":"Cooper Point Rd at 12th Ave [sb]","stop_id":"328"},"type":"Feature"},{"geometry":{"coordinates":[-122.93734,47.03415],"type":"Point"},"properties":{"kind":"stop","name":"Cooper Point Rd at Black Lake Blvd [eb]","stop_id":"329"},"type":"Feature"},{"geometry":{"coordinates":[-122.92721,46.98927],"type":"Point"},"properties":{"kind":"stop","name":"Littlerock Rd at Odegard Rd [nb]","stop_id":"33"},"type":"Feature"},{"geometry":{"coordinates":[-122.93505,47.03184],"type":"Point"},"properties":{"kind":"stop","name":"Central Park Villa [eb]","stop_id":"330"},"type":"Feature"},{"geometry":{"coordinates":[-122.93254,47.02981],"type":"Point"},"properties":{"kind":"stop","name":"Cooper Point Rd at Carriage Dr [eb]","stop_id":"331"},"type":"Feature"},{"geometry":{"coordinates":[-122.92328,47.02339],"type":"Point"},"properties":{"kind":"stop","name":"Crosby Blvd at Mottman Rd [sb]","stop_id":"332"},"type":"Feature"},{"geometry":{"coordinates":[-122.92298,47.02304],"type":"Point"},"properties":{"kind":"stop","name":"Crosby Blvd at Mottman Rd [nb]","stop_id":"333"},"type":"Feature"},{"geometry":{"coordinates":[-122.92231,47.02838],"type":"Point"},"properties":{"kind":"stop","name":"Evergreen Park Dr at S Evergreen Park Dr","stop_id":"334"},"type":"Feature"},{"geometry":{"coordinates":[-122.91924,47.03043],"type":"Point"},"properties":{"kind":"stop","name":"Sherwood Glen Apts [eb]","stop_id":"335"},"type":"Feature"},{"geometry":{"coordinates":[-122.91737,47.03078],"type":"Point"},"properties":{"kind":"stop","name":"Heritage Park Apts [eb]","stop_id":"336"},"type":"Feature"},{"geometry":{"coordinates":[-122.91528,47.02984],"type":"Point"},"properties":{"kind":"stop","name":"Westlake Apts [eb]","stop_id":"337"},"type":"Feature"},{"geometry":{"coordinates":[-122.9149,47.028],"type":"Point"},"properties":{"kind":"stop","name":"S. Evergreen Park Dr at 24th Way [nb]","stop_id":"338"},"type":"Feature"},{"geometry":{"coordinates":[-122.91528,47.03007],"type":"Point"},"properties":{"kind":"stop","name":"Regency Apts [wb]","stop_id":"339"},"type":"Feature"},{"geometry":{"coordinates":[-122.92421,46.99133],"type":"Point"},"properties":{"kind":"stop","name":"Tumwater Middle School [nb]","stop_id":"34"},"type":"Feature"},{"geometry":{"coordinates":[-122.91682,47.03085],"type":"Point"},"properties":{"kind":"stop","name":"Heritage Park Apts [wb]","stop_id":"340"},"type":"Feature"},{"geometry":{"coordinates":[-122.91899,47.03069],"type":"Point"},"properties":{"kind":"stop","name":"Broadmoor West [wb]","stop_id":"341"},"type":"Feature"},{"geometry":{"coordinates":[-122.92268,47.02843],"type":"Point"},"properties":{"kind":"stop","name":"Evergreen Park Dr at S. Evergreen Park D","stop_id":"342"},"type":"Feature"},{"geometry":{"coordinates":[-122.9331,47.03046],"type":"Point"},"properties":{"kind":"stop","name":"Cooper Point Rd at Carriage Dr [wb]","stop_id":"343"},"type":"Feature"},{"geometry":{"coordinates":[-122.93514,47.03226],"type":"Point"},"properties":{"kind":"stop","name":"1800 Cooper Point Rd [nb]","stop_id":"344"},"type":"Feature"},{"geometry":{"coordinates":[-122.93624,47.03369],"type":"Point"},"properties":{"kind":"stop","name":"Cooper Point Rd at Black Lake Blvd [wb]","stop_id":"345"},"type":"Feature"},{"geometry":{"coordinates":[-122.93902,47.0377],"type":"Point"},"properties":{"kind":"stop","name":"Cooper Point Rd at 12th Ave [nb]","stop_id":"346"},"type":"Feature"},{"geometry":{"coordinates":[-122.9391,47.04114],"type":"Point"},"properties":{"kind":"stop","name":"Cooper Point Rd at Capital Mall Dr [nb]","stop_id":"347"},"type":"Feature"},{"geometry":{"coordinates":[-122.95186,47.04184],"type":"Point"},"properties":{"kind":"stop","name":"Capital Medical Center [wb]","stop_id":"348"},"type":"Feature"},{"geometry":{"coordinates":[-122.91844,46.99674],"type":"Point"},"properties":{"kind":"stop","name":"Peak Plaza - Costco [nb]","stop_id":"35"},"type":"Feature"},{"geometry":{"coordinates":[-122.94822,47.04103],"type":"Point"},"properties":{"kind":"stop","name":"Capital Mall Dr at Courtside St [eb]","stop_id":"354"},"type":"Feature"},{"geometry":{"coordinates":[-122.94523,47.03984],"type":"Point"},"properties":{"kind":"stop","name":"Capital Mall Dr at Archwood Dr W [eb]","stop_id":"355"},"type":"Feature"},{"geometry":{"coordinates":[-122.94272,47.03981],"type":"Point"},"properties":{"kind":"stop","name":"Capital Mall Dr at Archwood Dr E [eb]","stop_id":"356"},"type":"Feature"},{"geometry":{"coordinates":[-122.94111,47.04511],"type":"Point"},"properties":{"kind":"stop","name":"Capital Village [nb]","stop_id":"358"},"type":"Feature"},{"geometry":{"coordinates":[-122.94115,47.0495],"type":"Point"},"properties":{"kind":"stop","name":"Cooper Point Rd at Harrison Ave [nb]","stop_id":"359"},"type":"Feature"},{"geometry":{"coordinates":[-122.91681,46.99823],"type":"Point"},"properties":{"kind":"stop","name":"Littlerock Rd at Trosper Rd [nb]","stop_id":"36"},"type":"Feature"},{"geometry":{"coordinates":[-122.94112,47.05198],"type":"Point"},"properties":{"kind":"stop","name":"Cooper Point Rd at Conger Ave [nb]","stop_id":"360"},"type":"Feature"},{"geometry":{"coordinates":[-122.93806,47.05151],"type":"Point"},"properties":{"kind":"stop","name":"Conger Ave at Wily St [eb]","stop_id":"361"},"type":"Feature"},{"geometry":{"coordinates":[-122.93363,47.05157],"type":"Point"},"properties":{"kind":"stop","name":"Capital High School [eb]","stop_id":"362"},"type":"Feature"},{"geometry":{"coordinates":[-122.93088,47.05157],"type":"Point"},"properties":{"kind":"stop","name":"Conger Ave at Cardigan St [eb]","stop_id":"363"},"type":"Feature"},{"geometry":{"coordinates":[-122.92811,47.05151],"type":"Point"},"properties":{"kind":"stop","name":"Jefferson Middle School [eb]","stop_id":"364"},"type":"Feature"},{"geometry":{"coordinates":[-122.92278,47.05354],"type":"Point"},"properties":{"kind":"stop","name":"Bowman Ave at Milroy St [eb]","stop_id":"365"},"type":"Feature"},{"geometry":{"coordinates":[-122.91909,47.05353],"type":"Point"},"properties":{"kind":"stop","name":"Bowman Ave at Rogers St [eb]","stop_id":"366"},"type":"Feature"},{"geometry":{"coordinates":[-122.91853,47.05108],"type":"Point"},"properties":{"kind":"stop","name":"Rogers St at Conger Ave [sb]","stop_id":"367"},"type":"Feature"},{"geometry":{"coordinates":[-122.91785,47.04825],"type":"Point"},"properties":{"kind":"stop","name":"Rogers St at Jackson Ave [sb]","stop_id":"368"},"type":"Feature"},{"geometry":{"coordinates":[-122.91949,47.04725],"type":"Point"},"properties":{"kind":"stop","name":"Garfield Ave at Plymouth St [wb]","stop_id":"369"},"type":"Feature"},{"geometry":{"coordinates":[-122.91726,47.00004],"type":"Point"},"properties":{"kind":"stop","name":"Trosper Rd at 2nd Ave [wb]","stop_id":"37"},"type":"Feature"},{"geometry":{"coordinates":[-122.9178,47.04624],"type":"Point"},"properties":{"kind":"stop","name":"Rogers St at Harrison Ave [nb]","stop_id":"370"},"type":"Feature"},{"geometry":{"coordinates":[-122.91773,47.04866],"type":"Point"},"properties":{"kind":"stop","name":"Rogers St at Jackson Ave [nb]","stop_id":"371"},"type":"Feature"},{"geometry":{"coordinates":[-122.91841,47.05081],"type":"Point"},"properties":{"kind":"stop","name":"Rogers St at Conger Ave [nb]","stop_id":"372"},"type":"Feature"},{"geometry":{"coordinates":[-122.91894,47.05359],"type":"Point"},"properties":{"kind":"stop","name":"Bowman Ave at Rogers St [wb]","stop_id":"373"},"type":"Feature"},{"geometry":{"coordinates":[-122.92271,47.05361],"type":"Point"},"properties":{"kind":"stop","name":"Bowman Ave at Milroy St [wb]","stop_id":"374"},"type":"Feature"},{"geometry":{"coordinates":[-122.92795,47.05163],"type":"Point"},"properties":{"kind":"stop","name":"Jefferson Middle School [wb]","stop_id":"375"},"type":"Feature"},{"geometry":{"coordinates":[-122.93236,47.05165],"type":"Point"},"properties":{"kind":"stop","name":"Conger Ave at Cardigan St [wb]","stop_id":"376"},"type":"Feature"},{"geometry":{"coordinates":[-122.93453,47.05163],"type":"Point"},"properties":{"kind":"stop","name":"Capital High School [wb]","stop_id":"377"},"type":"Feature"},{"geometry":{"coordinates":[-122.93845,47.05158],"type":"Point"},"properties":{"kind":"stop","name":"Conger Ave at Wily St [wb]","stop_id":"378"},"type":"Feature"},{"geometry":{"coordinates":[-122.94024,47.05159],"type":"Point"},"properties":{"kind":"stop","name":"Conger Ave at Cooper Point Rd [wb]","stop_id":"379"},"type":"Feature"},{"geometry":{"coordinates":[-122.92133,47.00005],"type":"Point"},"properties":{"kind":"stop","name":"Tumwater Mobile Estates [wb]","stop_id":"38"},"type":"Feature"},{"geometry":{"coordinates":[-122.94133,47.05104],"type":"Point"},"properties":{"kind":"stop","name":"Cooper Point Rd at Conger Ave [sb]","stop_id":"380"},"type":"Feature"},{"geometry":{"coordinates":[-122.93934,47.04039],"type":"Point"},"properties":{"kind":"stop","name":"Cooper Point Rd at Capital Mall Dr [sb]","stop_id":"381"},"type":"Feature"},{"geometry":{"coordinates":[-122.84435,47.03356],"type":"Point"},"properties":{"kind":"stop","name":"Elizabeth St at 14th Ave [sb]","stop_id":"382"},"type":"Feature"},{"geometry":{"coordinates":[-122.94232,47.03996],"type":"Point"},"properties":{"kind":"stop","name":"Capital Mall Dr at Archwood Dr E [wb]","stop_id":"383"},"type":"Feature"},{"geometry":{"coordinates":[-122.94472,47.03995],"type":"Point"},"properties":{"kind":"stop","name":"Capital Mall Dr at Alta St [wb]","stop_id":"384"},"type":"Feature"},{"geometry":{"coordinates":[-122.94887,47.04139],"type":"Point"},"properties":{"kind":"stop","name":"Capital Mall Dr at Courtside St [wb]","stop_id":"385"},"type":"Feature"},{"geometry":{"coordinates":[-122.93321,47.04606],"type":"Point"},"properties":{"kind":"stop","name":"Harrison Ave at Kenyon St [eb]","stop_id":"386"},"type":"Feature"},{"geometry":{"coordinates":[-122.9288,47.04596],"type":"Point"},"properties":{"kind":"stop","name":"2303 Harrison Ave [eb]","stop_id":"387"},"type":"Feature"},{"geometry":{"coordinates":[-122.92568,47.00006],"type":"Point"},"properties":{"kind":"stop","name":"Western Plaza MHP [wb]","stop_id":"39"},"type":"Feature"},{"geometry":{"coordinates":[-122.9294,47.04182],"type":"Point"},"properties":{"kind":"stop","name":"Black Lake Blvd at Capital Mall [sb]","stop_id":"390"},"type":"Feature"},{"geometry":{"coordinates":[-122.9308,47.03979],"type":"Point"},"properties":{"kind":"stop","name":"9th Ave at Black Lake Blvd [eb]","stop_id":"391"},"type":"Feature"},{"geometry":{"coordinates":[-122.92823,47.03978],"type":"Point"},"properties":{"kind":"stop","name":"9th Ave at Fern St [eb]","stop_id":"392"},"type":"Feature"},{"geometry":{"coordinates":[-122.92607,47.03979],"type":"Point"},"properties":{"kind":"stop","name":"Village Garden Apts [eb]","stop_id":"393"},"type":"Feature"},{"geometry":{"coordinates":[-122.92263,47.04004],"type":"Point"},"properties":{"kind":"stop","name":"Decatur St at 9th Ave [nb]","stop_id":"394"},"type":"Feature"},{"geometry":{"coordinates":[-122.92257,47.04196],"type":"Point"},"properties":{"kind":"stop","name":"Decatur St at 7th Ave [nb]","stop_id":"395"},"type":"Feature"},{"geometry":{"coordinates":[-122.92228,47.04348],"type":"Point"},"properties":{"kind":"stop","name":"5th Ave at Decatur St [eb]","stop_id":"396"},"type":"Feature"},{"geometry":{"coordinates":[-122.92053,47.04342],"type":"Point"},"properties":{"kind":"stop","name":"5th Ave at Thomas St [eb]","stop_id":"397"},"type":"Feature"},{"geometry":{"coordinates":[-122.91813,47.0434],"type":"Point"},"properties":{"kind":"stop","name":"5th Ave at Rogers St [eb]","stop_id":"398"},"type":"Feature"},{"geometry":{"coordinates":[-122.91469,47.04412],"type":"Point"},"properties":{"kind":"stop","name":"Sherman St at 4th Ave [nb]","stop_id":"399"},"type":"Feature"},{"geometry":{"coordinates":[-122.90095,47.03926],"type":"Point"},"properties":{"kind":"stop","name":"Capitol Way at Union Ave [sb]","stop_id":"4"},"type":"Feature"},{"geometry":{"coordinates":[-122.92666,47.00115],"type":"Point"},"properties":{"kind":"stop","name":"Rural Rd at Trosper Rd [nb]","stop_id":"40"},"type":"Feature"},{"geometry":{"coordinates":[-122.91488,47.04402],"type":"Point"},"properties":{"kind":"stop","name":"Sherman St at 4th Ave [sb]","stop_id":"400"},"type":"Feature"},{"geometry":{"coordinates":[-122.91702,47.04347],"type":"Point"},"properties":{"kind":"stop","name":"5th Ave at Percival St [wb]","stop_id":"401"},"type":"Feature"},{"geometry":{"coordinates":[-122.92015,47.04351],"type":"Point"},"properties":{"kind":"stop","name":"5th Ave at Plymouth St [wb]","stop_id":"402"},"type":"Feature"},{"geometry":{"coordinates":[-122.92265,47.0433],"type":"Point"},"properties":{"kind":"stop","name":"Decatur St at 5th Ave [sb]","stop_id":"403"},"type":"Feature"},{"geometry":{"coordinates":[-122.92271,47.04176],"type":"Point"},"properties":{"kind":"stop","name":"Decatur St at 7th Ave [sb]","stop_id":"404"},"type":"Feature"},{"geometry":{"coordinates":[-122.92368,47.03988],"type":"Point"},"properties":{"kind":"stop","name":"9th Ave at Decatur St [wb]","stop_id":"405"},"type":"Feature"},{"geometry":{"coordinates":[-122.92523,47.03989],"type":"Point"},"properties":{"kind":"stop","name":"9th Ave at Cushing St [wb]","stop_id":"406"},"type":"Feature"},{"geometry":{"coordinates":[-122.92778,47.0399],"type":"Point"},"properties":{"kind":"stop","name":"9th Ave at Soroya St [wb]","stop_id":"407"},"type":"Feature"},{"geometry":{"coordinates":[-122.93056,47.0399],"type":"Point"},"properties":{"kind":"stop","name":"9th Ave at Black Lake Blvd [wb]","stop_id":"408"},"type":"Feature"},{"geometry":{"coordinates":[-122.92957,47.04153],"type":"Point"},"properties":{"kind":"stop","name":"Capital Place [nb]","stop_id":"409"},"type":"Feature"},{"geometry":{"coordinates":[-122.92658,47.00443],"type":"Point"},"properties":{"kind":"stop","name":"Rural Rd at 48th Ave [nb]","stop_id":"41"},"type":"Feature"},{"geometry":{"coordinates":[-122.92639,47.04405],"type":"Point"},"properties":{"kind":"stop","name":"Black Lake Blvd at 4th Ave [nb]","stop_id":"410"},"type":"Feature"},{"geometry":{"coordinates":[-122.92657,47.04608],"type":"Point"},"properties":{"kind":"stop","name":"Harrison Ave at Division St [wb]","stop_id":"411"},"type":"Feature"},{"geometry":{"coordinates":[-122.93073,47.04614],"type":"Point"},"properties":{"kind":"stop","name":"2400 Harrison Ave [wb]","stop_id":"412"},"type":"Feature"},{"geometry":{"coordinates":[-122.94191,47.06346],"type":"Point"},"properties":{"kind":"stop","name":"Cooper Point Rd at 20th Ave [sb]","stop_id":"413"},"type":"Feature"},{"geometry":{"coordinates":[-122.94128,47.05847],"type":"Point"},"properties":{"kind":"stop","name":"Cooper Point Rd at 14th Ave [sb]","stop_id":"414"},"type":"Feature"},{"geometry":{"coordinates":[-122.94132,47.05382],"type":"Point"},"properties":{"kind":"stop","name":"Cooper Point Rd at Sarah Ct [sb]","stop_id":"415"},"type":"Feature"},{"geometry":{"coordinates":[-122.94119,47.05393],"type":"Point"},"properties":{"kind":"stop","name":"Cooper Point Rd at Sarah Ct [nb]","stop_id":"416"},"type":"Feature"},{"geometry":{"coordinates":[-122.94112,47.05772],"type":"Point"},"properties":{"kind":"stop","name":"Cooper Point Rd at Walnut Rd [nb]","stop_id":"417"},"type":"Feature"},{"geometry":{"coordinates":[-122.94174,47.06351],"type":"Point"},"properties":{"kind":"stop","name":"Cooper Point Rd at 20th Ave [nb]","stop_id":"418"},"type":"Feature"},{"geometry":{"coordinates":[-122.92581,47.00735],"type":"Point"},"properties":{"kind":"stop","name":"Linwood Ave at Rural Rd [eb]","stop_id":"42"},"type":"Feature"},{"geometry":{"coordinates":[-122.88774,47.04409],"type":"Point"},"properties":{"kind":"stop","name":"Legion Way at Eastside St [eb]","stop_id":"422"},"type":"Feature"},{"geometry":{"coordinates":[-122.8845,47.04435],"type":"Point"},"properties":{"kind":"stop","name":"Legion Way at Boundary St [eb]","stop_id":"423"},"type":"Feature"},{"geometry":{"coordinates":[-122.83472,47.0395],"type":"Point"},"properties":{"kind":"stop","name":"Pacific Ave at Sleater Kinney Rd [wb]","stop_id":"424"},"type":"Feature"},{"geometry":{"coordinates":[-122.83778,47.04022],"type":"Point"},"properties":{"kind":"stop","name":"South Sound Center [wb]","stop_id":"425"},"type":"Feature"},{"geometry":{"coordinates":[-122.84046,47.04088],"type":"Point"},"properties":{"kind":"stop","name":"Pacific Ave at Birch St [wb]","stop_id":"426"},"type":"Feature"},{"geometry":{"coordinates":[-122.8426,47.04146],"type":"Point"},"properties":{"kind":"stop","name":"Pacific Ave at Weir St [wb]","stop_id":"427"},"type":"Feature"},{"geometry":{"coordinates":[-122.92116,47.00734],"type":"Point"},"properties":{"kind":"stop","name":"Linwood Ave at Liberty St [eb]","stop_id":"43"},"type":"Feature"},{"geometry":{"coordinates":[-122.84435,47.04854],"type":"Point"},"properties":{"kind":"stop","name":"Lilly Rd at Mary Elder Rd [nb]","stop_id":"430"},"type":"Feature"},{"geometry":{"coordinates":[-122.84431,47.05349],"type":"Point"},"properties":{"kind":"stop","name":"Lilly Rd at 10th Ave [nb]","stop_id":"432"},"type":"Feature"},{"geometry":{"coordinates":[-122.84432,47.05691],"type":"Point"},"properties":{"kind":"stop","name":"Lilly Rd at 12th Ave [nb]","stop_id":"433"},"type":"Feature"},{"geometry":{"coordinates":[-122.84456,47.05673],"type":"Point"},"properties":{"kind":"stop","name":"Lilly Rd at 12th Ave [sb]","stop_id":"435"},"type":"Feature"},{"geometry":{"coordinates":[-122.84449,47.05318],"type":"Point"},"properties":{"kind":"stop","name":"Providence St. Peter Medical Center [sb]","stop_id":"436"},"type":"Feature"},{"geometry":{"coordinates":[-122.8449,47.05109],"type":"Point"},"properties":{"kind":"stop","name":"Ensign Rd at Lilly Rd [wb]","stop_id":"437"},"type":"Feature"},{"geometry":{"coordinates":[-122.84797,47.05111],"type":"Point"},"properties":{"kind":"stop","name":"Providence St. Peter Emergency [wb]","stop_id":"438"},"type":"Feature"},{"geometry":{"coordinates":[-122.85128,47.05039],"type":"Point"},"properties":{"kind":"stop","name":"Ensign Rd at Providence Ln [wb]","stop_id":"439"},"type":"Feature"},{"geometry":{"coordinates":[-122.91666,47.00726],"type":"Point"},"properties":{"kind":"stop","name":"Linwood Ave at G St [eb]","stop_id":"44"},"type":"Feature"},{"geometry":{"coordinates":[-122.85511,47.04666],"type":"Point"},"properties":{"kind":"stop","name":"Animal Services [wb]","stop_id":"440"},"type":"Feature"},{"geometry":{"coordinates":[-122.85983,47.04636],"type":"Point"},"properties":{"kind":"stop","name":"Martin Way at Pattison St [wb]","stop_id":"441"},"type":"Feature"},{"geometry":{"coordinates":[-122.86298,47.04611],"type":"Point"},"properties":{"kind":"stop","name":"Martin Way at Phoenix St [wb]","stop_id":"442"},"type":"Feature"},{"geometry":{"coordinates":[-122.86597,47.04497],"type":"Point"},"properties":{"kind":"stop","name":"Pacific Ave at Phoenix St [wb]","stop_id":"443"},"type":"Feature"},{"geometry":{"coordinates":[-122.86919,47.04392],"type":"Point"},"properties":{"kind":"stop","name":"Boulevard Rd at 7th Ave [sb]","stop_id":"444"},"type":"Feature"},{"geometry":{"coordinates":[-122.87304,47.04357],"type":"Point"},"properties":{"kind":"stop","name":"7th Ave at Wilson St","stop_id":"445"},"type":"Feature"},{"geometry":{"coordinates":[-122.87603,47.04355],"type":"Point"},"properties":{"kind":"stop","name":"7th Ave at Fairview St [wb]","stop_id":"446"},"type":"Feature"},{"geometry":{"coordinates":[-122.87869,47.04441],"type":"Point"},"properties":{"kind":"stop","name":"Legion Way at McCormick St [wb]","stop_id":"447"},"type":"Feature"},{"geometry":{"coordinates":[-122.88527,47.04436],"type":"Point"},"properties":{"kind":"stop","name":"Legion Way at Boundary St [wb]","stop_id":"448"},"type":"Feature"},{"geometry":{"coordinates":[-122.88866,47.04412],"type":"Point"},"properties":{"kind":"stop","name":"Legion Way at Eastside St [wb]","stop_id":"449"},"type":"Feature"},{"geometry":{"coordinates":[-122.9124,47.0072],"type":"Point"},"properties":{"kind":"stop","name":"Linwood Ave at 6th Ave [eb]","stop_id":"45"},"type":"Feature"},{"geometry":{"coordinates":[-122.87865,47.04431],"type":"Point"},"properties":{"kind":"stop","name":"Legion Way at McCormick St [eb]","stop_id":"453"},"type":"Feature"},{"geometry":{"coordinates":[-122.87595,47.04348],"type":"Point"},"properties":{"kind":"stop","name":"7th Ave at Fairview St [eb]","stop_id":"454"},"type":"Feature"},{"geometry":{"coordinates":[-122.87264,47.0435],"type":"Point"},"properties":{"kind":"stop","name":"7th Ave at Wilson St","stop_id":"455"},"type":"Feature"},{"geometry":{"coordinates":[-122.86901,47.04368],"type":"Point"},"properties":{"kind":"stop","name":"Boulevard Rd at 7th Ave [nb]","stop_id":"456"},"type":"Feature"},{"geometry":{"coordinates":[-122.86783,47.04524],"type":"Point"},"properties":{"kind":"stop","name":"Pacific Ave at Chambers St [eb]","stop_id":"457"},"type":"Feature"},{"geometry":{"coordinates":[-122.86401,47.04594],"type":"Point"},"properties":{"kind":"stop","name":"Martin Way at Phoenix St [eb]","stop_id":"458"},"type":"Feature"},{"geometry":{"coordinates":[-122.8585,47.04619],"type":"Point"},"properties":{"kind":"stop","name":"Martin Way at Pattison St [eb]","stop_id":"459"},"type":"Feature"},{"geometry":{"coordinates":[-122.90711,47.00736],"type":"Point"},"properties":{"kind":"stop","name":"Capitol Blvd at Linwood Ave [nb]","stop_id":"46"},"type":"Feature"},{"geometry":{"coordinates":[-122.85518,47.04642],"type":"Point"},"properties":{"kind":"stop","name":"3025 Martin Way [eb]","stop_id":"460"},"type":"Feature"},{"geometry":{"coordinates":[-122.85061,47.05056],"type":"Point"},"properties":{"kind":"stop","name":"Ensign Rd at Providence Ln [eb]","stop_id":"461"},"type":"Feature"},{"geometry":{"coordinates":[-122.84732,47.05101],"type":"Point"},"properties":{"kind":"stop","name":"Ensign Medical Center [eb]","stop_id":"462"},"type":"Feature"},{"geometry":{"coordinates":[-122.84507,47.051],"type":"Point"},"properties":{"kind":"stop","name":"Ensign Rd at Lilly Rd [eb]","stop_id":"463"},"type":"Feature"},{"geometry":{"coordinates":[-122.84453,47.05086],"type":"Point"},"properties":{"kind":"stop","name":"Lilly Rd at Ensign Rd [sb]","stop_id":"464"},"type":"Feature"},{"geometry":{"coordinates":[-122.84461,47.04873],"type":"Point"},"properties":{"kind":"stop","name":"Lilly Rd at Mary Elder Rd [sb]","stop_id":"465"},"type":"Feature"},{"geometry":{"coordinates":[-122.84197,47.0411],"type":"Point"},"properties":{"kind":"stop","name":"Pacific Ave at Poplar St [eb]","stop_id":"468"},"type":"Feature"},{"geometry":{"coordinates":[-122.839,47.04031],"type":"Point"},"properties":{"kind":"stop","name":"3801 Pacific Ave [eb]","stop_id":"469"},"type":"Feature"},{"geometry":{"coordinates":[-122.90428,47.01214],"type":"Point"},"properties":{"kind":"stop","name":"Capitol Blvd at E [nb]","stop_id":"47"},"type":"Feature"},{"geometry":{"coordinates":[-122.83594,47.0396],"type":"Point"},"properties":{"kind":"stop","name":"South Sound Center [eb]","stop_id":"470"},"type":"Feature"},{"geometry":{"coordinates":[-122.8317,47.04184],"type":"Point"},"properties":{"kind":"stop","name":"7th Ave at Sleater Kinney Rd [eb]","stop_id":"471"},"type":"Feature"},{"geometry":{"coordinates":[-122.83369,47.03063],"type":"Point"},"properties":{"kind":"stop","name":"Panorama [nb]","stop_id":"472"},"type":"Feature"},{"geometry":{"coordinates":[-122.49867,47.15288],"type":"Point"},"properties":{"kind":"stop","name":"Lakewood Station Bay 5 [nb]","stop_id":"473"},"type":"Feature"},{"geometry":{"coordinates":[-122.49887,47.15266],"type":"Point"},"properties":{"kind":"stop","name":"Lakewood Station [sb]","stop_id":"474"},"type":"Feature"},{"geometry":{"coordinates":[-122.61716,46.94766],"type":"Point"},"properties":{"kind":"stop","name":"Yelm Ave at Tahoma Blvd [eb]","stop_id":"475"},"type":"Feature"},{"geometry":{"coordinates":[-122.61785,46.94817],"type":"Point"},"properties":{"kind":"stop","name":"Yelm Ave at Killion Rd [wb]","stop_id":"476"},"type":"Feature"},{"geometry":{"coordinates":[-122.82859,47.02953],"type":"Point"},"properties":{"kind":"stop","name":"Golf Club Rd at 19th Ave [sb]","stop_id":"477"},"type":"Feature"},{"geometry":{"coordinates":[-122.8286,47.03221],"type":"Point"},"properties":{"kind":"stop","name":"Golf Club Rd at 16th Ave [sb]","stop_id":"478"},"type":"Feature"},{"geometry":{"coordinates":[-122.82859,47.0344],"type":"Point"},"properties":{"kind":"stop","name":"Golf Club Rd at 14th Ave [sb]","stop_id":"479"},"type":"Feature"},{"geometry":{"coordinates":[-122.89854,47.01805],"type":"Point"},"properties":{"kind":"stop","name":"Tumwater Square [nb]","stop_id":"48"},"type":"Feature"},{"geometry":{"coordinates":[-122.88826,47.0458],"type":"Point"},"properties":{"kind":"stop","name":"4th Ave at Eastside St [eb]","stop_id":"480"},"type":"Feature"},{"geometry":{"coordinates":[-122.88483,47.04602],"type":"Point"},"properties":{"kind":"stop","name":"4th Ave at Boundary St [eb]","stop_id":"481"},"type":"Feature"},{"geometry":{"coordinates":[-122.88094,47.04599],"type":"Point"},"properties":{"kind":"stop","name":"4th Ave at Central St [eb]","stop_id":"482"},"type":"Feature"},{"geometry":{"coordinates":[-122.87871,47.04599],"type":"Point"},"properties":{"kind":"stop","name":"4th Ave at McCormick St [eb]","stop_id":"483"},"type":"Feature"},{"geometry":{"coordinates":[-122.87532,47.046],"type":"Point"},"properties":{"kind":"stop","name":"4th Ave at Fairview St [eb]","stop_id":"484"},"type":"Feature"},{"geometry":{"coordinates":[-122.86859,47.04593],"type":"Point"},"properties":{"kind":"stop","name":"4th Ave at Chambers St [eb]","stop_id":"485"},"type":"Feature"},{"geometry":{"coordinates":[-122.85034,47.04679],"type":"Point"},"properties":{"kind":"stop","name":"Martin Way at Mary Elder Rd [eb]","stop_id":"486"},"type":"Feature"},{"geometry":{"coordinates":[-122.8435,47.04718],"type":"Point"},"properties":{"kind":"stop","name":"Martin Way at Lilly Rd [eb]","stop_id":"487"},"type":"Feature"},{"geometry":{"coordinates":[-122.84054,47.04739],"type":"Point"},"properties":{"kind":"stop","name":"3775 Martin Way [eb]","stop_id":"488"},"type":"Feature"},{"geometry":{"coordinates":[-122.83585,47.0477],"type":"Point"},"properties":{"kind":"stop","name":"Martin Way at Sleater Kinney [eb]","stop_id":"489"},"type":"Feature"},{"geometry":{"coordinates":[-122.89713,47.02065],"type":"Point"},"properties":{"kind":"stop","name":"Capitol Blvd at Carlyon Ave [nb]","stop_id":"49"},"type":"Feature"},{"geometry":{"coordinates":[-122.82593,47.04836],"type":"Point"},"properties":{"kind":"stop","name":"Martin Way at College St [eb]","stop_id":"491"},"type":"Feature"},{"geometry":{"coordinates":[-122.80868,47.04938],"type":"Point"},"properties":{"kind":"stop","name":"Martin Way at Desmond Dr [eb]","stop_id":"492"},"type":"Feature"},{"geometry":{"coordinates":[-122.80065,47.04998],"type":"Point"},"properties":{"kind":"stop","name":"6127 Martin Way [eb]","stop_id":"493"},"type":"Feature"},{"geometry":{"coordinates":[-122.79597,47.05038],"type":"Point"},"properties":{"kind":"stop","name":"Martin Way at Carpenter Rd [eb]","stop_id":"494"},"type":"Feature"},{"geometry":{"coordinates":[-122.79022,47.05156],"type":"Point"},"properties":{"kind":"stop","name":"Martin Way at Kinwood St [eb]","stop_id":"495"},"type":"Feature"},{"geometry":{"coordinates":[-122.78532,47.05252],"type":"Point"},"properties":{"kind":"stop","name":"Tanglewilde Shopping Center [eb]","stop_id":"496"},"type":"Feature"},{"geometry":{"coordinates":[-122.78204,47.05312],"type":"Point"},"properties":{"kind":"stop","name":"Martin Way at Ranger Dr [eb]","stop_id":"497"},"type":"Feature"},{"geometry":{"coordinates":[-122.77642,47.05427],"type":"Point"},"properties":{"kind":"stop","name":"Martin Way at Kingham St [eb]","stop_id":"498"},"type":"Feature"},{"geometry":{"coordinates":[-122.77261,47.05505],"type":"Point"},"properties":{"kind":"stop","name":"Martin Way Plaza [eb]","stop_id":"499"},"type":"Feature"},{"geometry":{"coordinates":[-122.90102,47.03782],"type":"Point"},"properties":{"kind":"stop","name":"Capitol Way at 11th Ave [sb]","stop_id":"5"},"type":"Feature"},{"geometry":{"coordinates":[-122.89583,47.02333],"type":"Point"},"properties":{"kind":"stop","name":"Capitol Blvd at Eskridge Way [nb]","stop_id":"50"},"type":"Feature"},{"geometry":{"coordinates":[-122.76372,47.05682],"type":"Point"},"properties":{"kind":"stop","name":"Martin Way at Marvin Rd [eb]","stop_id":"500"},"type":"Feature"},{"geometry":{"coordinates":[-122.75931,47.05769],"type":"Point"},"properties":{"kind":"stop","name":"Martin Way at Gerald St [eb]","stop_id":"501"},"type":"Feature"},{"geometry":{"coordinates":[-122.75493,47.05859],"type":"Point"},"properties":{"kind":"stop","name":"Martin Way at Hoh St [eb]","stop_id":"502"},"type":"Feature"},{"geometry":{"coordinates":[-122.75238,47.05911],"type":"Point"},"properties":{"kind":"stop","name":"Martin Way at Blackhawk Ln [eb]","stop_id":"503"},"type":"Feature"},{"geometry":{"coordinates":[-122.74908,47.05975],"type":"Point"},"properties":{"kind":"stop","name":"Martin Way at River Ridge Dr [eb]","stop_id":"504"},"type":"Feature"},{"geometry":{"coordinates":[-122.74367,47.06084],"type":"Point"},"properties":{"kind":"stop","name":"Martin Way at Copper Wood Ln [eb]","stop_id":"505"},"type":"Feature"},{"geometry":{"coordinates":[-122.74139,47.06306],"type":"Point"},"properties":{"kind":"stop","name":"Meridian Rd at 4th Ave [nb]","stop_id":"506"},"type":"Feature"},{"geometry":{"coordinates":[-122.82859,47.03087],"type":"Point"},"properties":{"kind":"stop","name":"Golf Club Rd","stop_id":"507"},"type":"Feature"},{"geometry":{"coordinates":[-122.90073,47.02781],"type":"Point"},"properties":{"kind":"stop","name":"Capitol Way at 24th Ave [nb]","stop_id":"51"},"type":"Feature"},{"geometry":{"coordinates":[-122.76599,47.0566],"type":"Point"},"properties":{"kind":"stop","name":"Martin Way at Marvin Rd [wb]","stop_id":"515"},"type":"Feature"},{"geometry":{"coordinates":[-122.77332,47.05513],"type":"Point"},"properties":{"kind":"stop","name":"Martin Way Plaza [wb]","stop_id":"516"},"type":"Feature"},{"geometry":{"coordinates":[-122.77801,47.05418],"type":"Point"},"properties":{"kind":"stop","name":"Martin Way at Kingham St [wb]","stop_id":"517"},"type":"Feature"},{"geometry":{"coordinates":[-122.78398,47.05295],"type":"Point"},"properties":{"kind":"stop","name":"Martin Way at Hensley St [wb]","stop_id":"518"},"type":"Feature"},{"geometry":{"coordinates":[-122.78685,47.05239],"type":"Point"},"properties":{"kind":"stop","name":"Martin Way at Neil St [wb]","stop_id":"519"},"type":"Feature"},{"geometry":{"coordinates":[-122.90073,47.03045],"type":"Point"},"properties":{"kind":"stop","name":"Capitol Way at 21st Ave [nb]","stop_id":"52"},"type":"Feature"},{"geometry":{"coordinates":[-122.80076,47.05018],"type":"Point"},"properties":{"kind":"stop","name":"5780 Martin Way [wb]","stop_id":"520"},"type":"Feature"},{"geometry":{"coordinates":[-122.8107,47.04959],"type":"Point"},"properties":{"kind":"stop","name":"Martin Way at Desmond Dr [wb]","stop_id":"521"},"type":"Feature"},{"geometry":{"coordinates":[-122.81492,47.0493],"type":"Point"},"properties":{"kind":"stop","name":"Martin Way P&R [wb]","stop_id":"522"},"type":"Feature"},{"geometry":{"coordinates":[-122.82538,47.04857],"type":"Point"},"properties":{"kind":"stop","name":"Martin Way at College St [wb]","stop_id":"523"},"type":"Feature"},{"geometry":{"coordinates":[-122.83125,47.04824],"type":"Point"},"properties":{"kind":"stop","name":"Martin Way Station [wb]","stop_id":"524"},"type":"Feature"},{"geometry":{"coordinates":[-122.83556,47.04796],"type":"Point"},"properties":{"kind":"stop","name":"Martin Way at Sleater Kinney Rd [wb]","stop_id":"525"},"type":"Feature"},{"geometry":{"coordinates":[-122.83805,47.04773],"type":"Point"},"properties":{"kind":"stop","name":"3924 Martin Way [wb]","stop_id":"526"},"type":"Feature"},{"geometry":{"coordinates":[-122.84205,47.04749],"type":"Point"},"properties":{"kind":"stop","name":"3700 Martin Way [wb]","stop_id":"527"},"type":"Feature"},{"geometry":{"coordinates":[-122.84521,47.0473],"type":"Point"},"properties":{"kind":"stop","name":"Martin Way at Lilly Rd [wb]","stop_id":"528"},"type":"Feature"},{"geometry":{"coordinates":[-122.84917,47.04702],"type":"Point"},"properties":{"kind":"stop","name":"Martin Way at Mary Elder Rd [wb]","stop_id":"529"},"type":"Feature"},{"geometry":{"coordinates":[-122.90072,47.03195],"type":"Point"},"properties":{"kind":"stop","name":"Capitol Way at 18th Ave [nb]","stop_id":"53"},"type":"Feature"},{"geometry":{"coordinates":[-122.86926,47.04611],"type":"Point"},"properties":{"kind":"stop","name":"4th Ave at Chambers St [wb]","stop_id":"530"},"type":"Feature"},{"geometry":{"coordinates":[-122.87201,47.04643],"type":"Point"},"properties":{"kind":"stop","name":"Pacific Ave at Sawyer St [wb]","stop_id":"531"},"type":"Feature"},{"geometry":{"coordinates":[-122.87676,47.04696],"type":"Point"},"properties":{"kind":"stop","name":"State Ave at Turner St [wb]","stop_id":"532"},"type":"Feature"},{"geometry":{"coordinates":[-122.87969,47.04698],"type":"Point"},"properties":{"kind":"stop","name":"State Ave at McCormick St [wb]","stop_id":"533"},"type":"Feature"},{"geometry":{"coordinates":[-122.88298,47.04692],"type":"Point"},"properties":{"kind":"stop","name":"State Ave at Central St [wb]","stop_id":"534"},"type":"Feature"},{"geometry":{"coordinates":[-122.88496,47.04689],"type":"Point"},"properties":{"kind":"stop","name":"State Ave at Bethel St [wb]","stop_id":"535"},"type":"Feature"},{"geometry":{"coordinates":[-122.76475,47.0546],"type":"Point"},"properties":{"kind":"stop","name":"Marvin Rd at Martin Way [sb]","stop_id":"536"},"type":"Feature"},{"geometry":{"coordinates":[-122.76475,47.05262],"type":"Point"},"properties":{"kind":"stop","name":"Marvin Rd at 3rd Ave [sb]","stop_id":"537"},"type":"Feature"},{"geometry":{"coordinates":[-122.76483,47.04932],"type":"Point"},"properties":{"kind":"stop","name":"Marvin Rd at Steilacoom Rd [sb]","stop_id":"538"},"type":"Feature"},{"geometry":{"coordinates":[-122.7609,47.04729],"type":"Point"},"properties":{"kind":"stop","name":"Steilacoom Rd at Marvin Rd [eb]","stop_id":"539"},"type":"Feature"},{"geometry":{"coordinates":[-122.90072,47.0342],"type":"Point"},"properties":{"kind":"stop","name":"Capitol Way at Maple Park Ave [nb]","stop_id":"54"},"type":"Feature"},{"geometry":{"coordinates":[-122.75706,47.04784],"type":"Point"},"properties":{"kind":"stop","name":"Rainier Vista MHP [eb]","stop_id":"540"},"type":"Feature"},{"geometry":{"coordinates":[-122.75295,47.04893],"type":"Point"},"properties":{"kind":"stop","name":"Steilacoom Rd at Pine Crest Dr [eb]","stop_id":"541"},"type":"Feature"},{"geometry":{"coordinates":[-122.74671,47.05107],"type":"Point"},"properties":{"kind":"stop","name":"Steilacoom Rd at Fleming Way [eb]","stop_id":"542"},"type":"Feature"},{"geometry":{"coordinates":[-122.74167,47.05147],"type":"Point"},"properties":{"kind":"stop","name":"Deerbrush Dr at Steilacoom Rd [sb]","stop_id":"543"},"type":"Feature"},{"geometry":{"coordinates":[-122.74112,47.04961],"type":"Point"},"properties":{"kind":"stop","name":"Deerbush Dr at 7th Ct [sb]","stop_id":"544"},"type":"Feature"},{"geometry":{"coordinates":[-122.74163,47.04772],"type":"Point"},"properties":{"kind":"stop","name":"Meadows Elementary School [sb]","stop_id":"545"},"type":"Feature"},{"geometry":{"coordinates":[-122.74243,47.04688],"type":"Point"},"properties":{"kind":"stop","name":"Deerbrush Dr at Pinedrop Dr [sb]","stop_id":"546"},"type":"Feature"},{"geometry":{"coordinates":[-122.74467,47.04475],"type":"Point"},"properties":{"kind":"stop","name":"Deerbrush Dr at Shadberry Dr [sb]","stop_id":"547"},"type":"Feature"},{"geometry":{"coordinates":[-122.74435,47.04253],"type":"Point"},"properties":{"kind":"stop","name":"Deerbrush Dr at Rockcress Dr [sb]","stop_id":"548"},"type":"Feature"},{"geometry":{"coordinates":[-122.74281,47.04051],"type":"Point"},"properties":{"kind":"stop","name":"Deerbrush Dr at Clover Dr [sb]","stop_id":"549"},"type":"Feature"},{"geometry":{"coordinates":[-122.9007,47.03723],"type":"Point"},"properties":{"kind":"stop","name":"Capitol Way at 11th Ave [nb]","stop_id":"55"},"type":"Feature"},{"geometry":{"coordinates":[-122.74223,47.03915],"type":"Point"},"properties":{"kind":"stop","name":"Deerbrush Dr at Goldenrod Dr [sb]","stop_id":"550"},"type":"Feature"},{"geometry":{"coordinates":[-122.74114,47.03812],"type":"Point"},"properties":{"kind":"stop","name":"Rockcress Dr at Deerbrush Dr [sb]","stop_id":"551"},"type":"Feature"},{"geometry":{"coordinates":[-122.74276,47.03708],"type":"Point"},"properties":{"kind":"stop","name":"Rockcress Dr at Pacific Ave [sb]","stop_id":"552"},"type":"Feature"},{"geometry":{"coordinates":[-122.74539,47.03656],"type":"Point"},"properties":{"kind":"stop","name":"Pacific Ave at Rockcress Dr [wb]","stop_id":"553"},"type":"Feature"},{"geometry":{"coordinates":[-122.75085,47.03692],"type":"Point"},"properties":{"kind":"stop","name":"Pacific Ave at Chatham Dr [wb]","stop_id":"554"},"type":"Feature"},{"geometry":{"coordinates":[-122.75828,47.03703],"type":"Point"},"properties":{"kind":"stop","name":"Pacific Ave at 15th Ave [wb]","stop_id":"555"},"type":"Feature"},{"geometry":{"coordinates":[-122.76095,47.03805],"type":"Point"},"properties":{"kind":"stop","name":"Pacific Ave at Sitka Dr [wb]","stop_id":"556"},"type":"Feature"},{"geometry":{"coordinates":[-122.76482,47.04022],"type":"Point"},"properties":{"kind":"stop","name":"Marvin Rd at 9th Ave [nb]","stop_id":"557"},"type":"Feature"},{"geometry":{"coordinates":[-122.7648,47.04322],"type":"Point"},"properties":{"kind":"stop","name":"Marvin Rd at 8th Ave [nb]","stop_id":"558"},"type":"Feature"},{"geometry":{"coordinates":[-122.76456,47.04816],"type":"Point"},"properties":{"kind":"stop","name":"Marvin Rd at Steilacoom Rd [nb]","stop_id":"559"},"type":"Feature"},{"geometry":{"coordinates":[-122.90075,47.03938],"type":"Point"},"properties":{"kind":"stop","name":"Capitol Way at Union Ave [nb]","stop_id":"56"},"type":"Feature"},{"geometry":{"coordinates":[-122.76446,47.05265],"type":"Point"},"properties":{"kind":"stop","name":"Marvin Rd at 3rd Ave [nb]","stop_id":"560"},"type":"Feature"},{"geometry":{"coordinates":[-122.76442,47.05506],"type":"Point"},"properties":{"kind":"stop","name":"Marvin Rd at Martin Way [nb]","stop_id":"561"},"type":"Feature"},{"geometry":{"coordinates":[-122.86414,47.04433],"type":"Point"},"properties":{"kind":"stop","name":"Pacific Ave at Phoenix St [eb]","stop_id":"562"},"type":"Feature"},{"geometry":{"coordinates":[-122.86053,47.04321],"type":"Point"},"properties":{"kind":"stop","name":"Pacific Ave at Devoe St [eb]","stop_id":"563"},"type":"Feature"},{"geometry":{"coordinates":[-122.85765,47.0427],"type":"Point"},"properties":{"kind":"stop","name":"Pacific Ave at Pattison St [eb]","stop_id":"564"},"type":"Feature"},{"geometry":{"coordinates":[-122.84586,47.04169],"type":"Point"},"properties":{"kind":"stop","name":"Pacific Ave at Fones Rd [eb]","stop_id":"565"},"type":"Feature"},{"geometry":{"coordinates":[-122.82778,47.04325],"type":"Point"},"properties":{"kind":"stop","name":"6th Ave at Golf Club Rd [eb]","stop_id":"566"},"type":"Feature"},{"geometry":{"coordinates":[-122.82388,47.04321],"type":"Point"},"properties":{"kind":"stop","name":"6th Ave at College St [eb]","stop_id":"567"},"type":"Feature"},{"geometry":{"coordinates":[-122.82339,47.04051],"type":"Point"},"properties":{"kind":"stop","name":"College St at Woodland Square Loop [sb]","stop_id":"568"},"type":"Feature"},{"geometry":{"coordinates":[-122.82341,47.03841],"type":"Point"},"properties":{"kind":"stop","name":"College St at Pacific Ave [sb]","stop_id":"569"},"type":"Feature"},{"geometry":{"coordinates":[-122.901,47.04102],"type":"Point"},"properties":{"kind":"stop","name":"Capitol Way at 9th Ave [nb]","stop_id":"57"},"type":"Feature"},{"geometry":{"coordinates":[-122.82338,47.03389],"type":"Point"},"properties":{"kind":"stop","name":"College St at 14th Ave [sb]","stop_id":"570"},"type":"Feature"},{"geometry":{"coordinates":[-122.82336,47.03242],"type":"Point"},"properties":{"kind":"stop","name":"College St at 15th Ave [sb]","stop_id":"571"},"type":"Feature"},{"geometry":{"coordinates":[-122.82339,47.03062],"type":"Point"},"properties":{"kind":"stop","name":"College St at 17th Ave [sb]","stop_id":"572"},"type":"Feature"},{"geometry":{"coordinates":[-122.8234,47.02806],"type":"Point"},"properties":{"kind":"stop","name":"College St at 22nd Ave [sb]","stop_id":"573"},"type":"Feature"},{"geometry":{"coordinates":[-122.8234,47.02613],"type":"Point"},"properties":{"kind":"stop","name":"College St at 23rd Ave [sb]","stop_id":"574"},"type":"Feature"},{"geometry":{"coordinates":[-122.82338,47.02361],"type":"Point"},"properties":{"kind":"stop","name":"College St at 26th Ave [sb]","stop_id":"575"},"type":"Feature"},{"geometry":{"coordinates":[-122.82334,47.02094],"type":"Point"},"properties":{"kind":"stop","name":"College St at 29th Ave [sb]","stop_id":"576"},"type":"Feature"},{"geometry":{"coordinates":[-122.82327,47.01873],"type":"Point"},"properties":{"kind":"stop","name":"College St at Montclair Dr [sb]","stop_id":"577"},"type":"Feature"},{"geometry":{"coordinates":[-122.82327,47.01713],"type":"Point"},"properties":{"kind":"stop","name":"College St at 32nd Ln [sb]","stop_id":"578"},"type":"Feature"},{"geometry":{"coordinates":[-122.82334,47.01404],"type":"Point"},"properties":{"kind":"stop","name":"College St at 37th Ave [sb]","stop_id":"579"},"type":"Feature"},{"geometry":{"coordinates":[-122.9013,47.04277],"type":"Point"},"properties":{"kind":"stop","name":"Capitol Way at 7th Ave [nb]","stop_id":"58"},"type":"Feature"},{"geometry":{"coordinates":[-122.82327,47.01122],"type":"Point"},"properties":{"kind":"stop","name":"College St at 39th Ave [sb]","stop_id":"580"},"type":"Feature"},{"geometry":{"coordinates":[-122.82333,47.00607],"type":"Point"},"properties":{"kind":"stop","name":"College St at 45th Ave [sb]","stop_id":"581"},"type":"Feature"},{"geometry":{"coordinates":[-122.82336,47.00322],"type":"Point"},"properties":{"kind":"stop","name":"Lacey Park Apts [sb]","stop_id":"582"},"type":"Feature"},{"geometry":{"coordinates":[-122.82332,47.00081],"type":"Point"},"properties":{"kind":"stop","name":"College St at Corporate Center Dr [sb]","stop_id":"583"},"type":"Feature"},{"geometry":{"coordinates":[-122.82335,46.99805],"type":"Point"},"properties":{"kind":"stop","name":"College St at Yelm Hwy [sb]","stop_id":"584"},"type":"Feature"},{"geometry":{"coordinates":[-122.82331,47.0092],"type":"Point"},"properties":{"kind":"stop","name":"College St at 41st Ave [sb]","stop_id":"585"},"type":"Feature"},{"geometry":{"coordinates":[-122.815,46.99614],"type":"Point"},"properties":{"kind":"stop","name":"Yelm Hwy at Parkside Dr [eb]","stop_id":"586"},"type":"Feature"},{"geometry":{"coordinates":[-122.80912,46.99607],"type":"Point"},"properties":{"kind":"stop","name":"Yelm Hwy at Titleist Ln [eb]","stop_id":"587"},"type":"Feature"},{"geometry":{"coordinates":[-122.80746,46.9944],"type":"Point"},"properties":{"kind":"stop","name":"Yelm Hwy at Ruddell Rd [sb]","stop_id":"588"},"type":"Feature"},{"geometry":{"coordinates":[-122.8011,46.99144],"type":"Point"},"properties":{"kind":"stop","name":"Yelm Hwy at Balustrade Blvd [eb]","stop_id":"589"},"type":"Feature"},{"geometry":{"coordinates":[-122.79443,46.99124],"type":"Point"},"properties":{"kind":"stop","name":"Amtrak Station","stop_id":"590"},"type":"Feature"},{"geometry":{"coordinates":[-122.79987,46.99138],"type":"Point"},"properties":{"kind":"stop","name":"Yelm Hwy at Compton Blvd [wb]","stop_id":"591"},"type":"Feature"},{"geometry":{"coordinates":[-122.8072,46.99449],"type":"Point"},"properties":{"kind":"stop","name":"Yelm Hwy at Crimson Ct [nb]","stop_id":"592"},"type":"Feature"},{"geometry":{"coordinates":[-122.81161,46.99629],"type":"Point"},"properties":{"kind":"stop","name":"Yelm Hwy at Mt Olympus St [wb]","stop_id":"593"},"type":"Feature"},{"geometry":{"coordinates":[-122.81567,46.99633],"type":"Point"},"properties":{"kind":"stop","name":"Yelm Hwy at Parkside Dr [wb]","stop_id":"594"},"type":"Feature"},{"geometry":{"coordinates":[-122.82302,46.99798],"type":"Point"},"properties":{"kind":"stop","name":"College St at Yelm Hwy [nb]","stop_id":"595"},"type":"Feature"},{"geometry":{"coordinates":[-122.82304,47.00165],"type":"Point"},"properties":{"kind":"stop","name":"College St at 51st Ln [nb]","stop_id":"596"},"type":"Feature"},{"geometry":{"coordinates":[-122.82304,47.00325],"type":"Point"},"properties":{"kind":"stop","name":"Lacey Park Apts [nb]","stop_id":"597"},"type":"Feature"},{"geometry":{"coordinates":[-122.82303,47.00601],"type":"Point"},"properties":{"kind":"stop","name":"College Pointe Apts [nb]","stop_id":"598"},"type":"Feature"},{"geometry":{"coordinates":[-122.82307,47.00814],"type":"Point"},"properties":{"kind":"stop","name":"College St at 45th Ave [nb]","stop_id":"599"},"type":"Feature"},{"geometry":{"coordinates":[-122.92138,46.99498],"type":"Point"},"properties":{"kind":"stop","name":"Littlerock Rd at Kingswood Dr [nb]","stop_id":"60"},"type":"Feature"},{"geometry":{"coordinates":[-122.82305,47.01142],"type":"Point"},"properties":{"kind":"stop","name":"College St at 39th Ave [nb]","stop_id":"600"},"type":"Feature"},{"geometry":{"coordinates":[-122.82303,47.01465],"type":"Point"},"properties":{"kind":"stop","name":"College St at Mullen Rd [nb]","stop_id":"601"},"type":"Feature"},{"geometry":{"coordinates":[-122.8231,47.01718],"type":"Point"},"properties":{"kind":"stop","name":"3330 College St  [nb]","stop_id":"602"},"type":"Feature"},{"geometry":{"coordinates":[-122.8231,47.01915],"type":"Point"},"properties":{"kind":"stop","name":"College St at 31st Ave [nb]","stop_id":"603"},"type":"Feature"},{"geometry":{"coordinates":[-122.82315,47.02096],"type":"Point"},"properties":{"kind":"stop","name":"College St at Belair Dr [nb]","stop_id":"604"},"type":"Feature"},{"geometry":{"coordinates":[-122.82321,47.02414],"type":"Point"},"properties":{"kind":"stop","name":"College St at 26th Ave [nb]","stop_id":"605"},"type":"Feature"},{"geometry":{"coordinates":[-122.82311,47.0262],"type":"Point"},"properties":{"kind":"stop","name":"College St at 24th Ave [nb]","stop_id":"606"},"type":"Feature"},{"geometry":{"coordinates":[-122.82313,47.0281],"type":"Point"},"properties":{"kind":"stop","name":"College St at 22nd Ave [nb]","stop_id":"607"},"type":"Feature"},{"geometry":{"coordinates":[-122.82319,47.03077],"type":"Point"},"properties":{"kind":"stop","name":"College St at 18th Ave [nb]","stop_id":"608"},"type":"Feature"},{"geometry":{"coordinates":[-122.8232,47.03238],"type":"Point"},"properties":{"kind":"stop","name":"College St at 16th Ave [nb]","stop_id":"609"},"type":"Feature"},{"geometry":{"coordinates":[-122.9039,47.01314],"type":"Point"},"properties":{"kind":"stop","name":"Tumwater Falls Park [sb]","stop_id":"61"},"type":"Feature"},{"geometry":{"coordinates":[-122.82319,47.03417],"type":"Point"},"properties":{"kind":"stop","name":"College St at 14th Ave [nb]","stop_id":"610"},"type":"Feature"},{"geometry":{"coordinates":[-122.82317,47.03797],"type":"Point"},"properties":{"kind":"stop","name":"College St at Pacific Ave [nb]","stop_id":"611"},"type":"Feature"},{"geometry":{"coordinates":[-122.82317,47.04043],"type":"Point"},"properties":{"kind":"stop","name":"College St at Woodland Square Lp [nb]","stop_id":"612"},"type":"Feature"},{"geometry":{"coordinates":[-122.82513,47.04333],"type":"Point"},"properties":{"kind":"stop","name":"6th Ave at College St [wb]","stop_id":"613"},"type":"Feature"},{"geometry":{"coordinates":[-122.82829,47.04335],"type":"Point"},"properties":{"kind":"stop","name":"6th Ave at Golf Club Rd [wb]","stop_id":"614"},"type":"Feature"},{"geometry":{"coordinates":[-122.84502,47.04189],"type":"Point"},"properties":{"kind":"stop","name":"Pacific Ave at Lilly Rd [wb]","stop_id":"615"},"type":"Feature"},{"geometry":{"coordinates":[-122.85828,47.04298],"type":"Point"},"properties":{"kind":"stop","name":"Pacific Ave at Pattison St [wb]","stop_id":"616"},"type":"Feature"},{"geometry":{"coordinates":[-122.8612,47.04352],"type":"Point"},"properties":{"kind":"stop","name":"Pacific Ave at Devoe St [wb]","stop_id":"617"},"type":"Feature"},{"geometry":{"coordinates":[-122.81805,47.03364],"type":"Point"},"properties":{"kind":"stop","name":"Ruddell Rd at 14th Ave [sb]","stop_id":"618"},"type":"Feature"},{"geometry":{"coordinates":[-122.81717,47.03146],"type":"Point"},"properties":{"kind":"stop","name":"Ruddell Rd at 16th Ave [sb]","stop_id":"619"},"type":"Feature"},{"geometry":{"coordinates":[-122.90739,46.98629],"type":"Point"},"properties":{"kind":"stop","name":"Capitol Blvd at Israel Rd [nb]","stop_id":"62"},"type":"Feature"},{"geometry":{"coordinates":[-122.81548,47.02987],"type":"Point"},"properties":{"kind":"stop","name":"Ruddell Rd at 19th Ave [sb]","stop_id":"620"},"type":"Feature"},{"geometry":{"coordinates":[-122.81214,47.02677],"type":"Point"},"properties":{"kind":"stop","name":"Ruddell Rd at 22nd Ave [sb]","stop_id":"621"},"type":"Feature"},{"geometry":{"coordinates":[-122.80994,47.02504],"type":"Point"},"properties":{"kind":"stop","name":"25th Ave at Sycamore St [eb]","stop_id":"622"},"type":"Feature"},{"geometry":{"coordinates":[-122.80814,47.02508],"type":"Point"},"properties":{"kind":"stop","name":"25th Ave at Angela St [eb]","stop_id":"623"},"type":"Feature"},{"geometry":{"coordinates":[-122.80589,47.02507],"type":"Point"},"properties":{"kind":"stop","name":"25th Ave at 25th Loop [eb]","stop_id":"624"},"type":"Feature"},{"geometry":{"coordinates":[-122.80407,47.0265],"type":"Point"},"properties":{"kind":"stop","name":"Lilac St at Shady Lane [nb]","stop_id":"625"},"type":"Feature"},{"geometry":{"coordinates":[-122.80445,47.02795],"type":"Point"},"properties":{"kind":"stop","name":"22nd Ave at Lilac St [wb]","stop_id":"626"},"type":"Feature"},{"geometry":{"coordinates":[-122.59016,46.93377],"type":"Point"},"properties":{"kind":"stop","name":"Creek St at Yelm Ave [sb]","stop_id":"627"},"type":"Feature"},{"geometry":{"coordinates":[-122.81203,47.02779],"type":"Point"},"properties":{"kind":"stop","name":"22nd Ave at Sycamore St [wb]","stop_id":"628"},"type":"Feature"},{"geometry":{"coordinates":[-122.81053,47.02322],"type":"Point"},"properties":{"kind":"stop","name":"Ruddell Rd at 27th Ave [sb]","stop_id":"629"},"type":"Feature"},{"geometry":{"coordinates":[-122.90757,46.98861],"type":"Point"},"properties":{"kind":"stop","name":"Capitol Blvd at Dennis St [nb]","stop_id":"63"},"type":"Feature"},{"geometry":{"coordinates":[-122.81039,47.02041],"type":"Point"},"properties":{"kind":"stop","name":"Ruddell Rd at 30th Ave [sb]","stop_id":"630"},"type":"Feature"},{"geometry":{"coordinates":[-122.81036,47.01783],"type":"Point"},"properties":{"kind":"stop","name":"Ruddell Rd at Ruddell Loop [sb]","stop_id":"631"},"type":"Feature"},{"geometry":{"coordinates":[-122.80879,47.01432],"type":"Point"},"properties":{"kind":"stop","name":"Ruddell Rd at Koala St [sb]","stop_id":"632"},"type":"Feature"},{"geometry":{"coordinates":[-122.80871,47.01227],"type":"Point"},"properties":{"kind":"stop","name":"Ruddell Rd at 39th Ave [sb]","stop_id":"633"},"type":"Feature"},{"geometry":{"coordinates":[-122.80868,47.00967],"type":"Point"},"properties":{"kind":"stop","name":"Ruddell Rd at 40th Ct [sb]","stop_id":"634"},"type":"Feature"},{"geometry":{"coordinates":[-122.80841,47.00741],"type":"Point"},"properties":{"kind":"stop","name":"Ruddell Rd at 45th Ave [sb]","stop_id":"635"},"type":"Feature"},{"geometry":{"coordinates":[-122.80765,47.00217],"type":"Point"},"properties":{"kind":"stop","name":"Ruddell Rd at 50th Ave [sb]","stop_id":"636"},"type":"Feature"},{"geometry":{"coordinates":[-122.80742,46.9995],"type":"Point"},"properties":{"kind":"stop","name":"Ruddell Rd at 54th Ave [sb]","stop_id":"637"},"type":"Feature"},{"geometry":{"coordinates":[-122.80744,46.99691],"type":"Point"},"properties":{"kind":"stop","name":"Ruddell Rd at Yelm Hwy [sb]","stop_id":"638"},"type":"Feature"},{"geometry":{"coordinates":[-122.82409,47.00061],"type":"Point"},"properties":{"kind":"stop","name":"Corporate Center Dr at College St [wb]","stop_id":"639"},"type":"Feature"},{"geometry":{"coordinates":[-122.90755,46.9914],"type":"Point"},"properties":{"kind":"stop","name":"Courtyard Plaza [nb]","stop_id":"64"},"type":"Feature"},{"geometry":{"coordinates":[-122.82731,46.99999],"type":"Point"},"properties":{"kind":"stop","name":"Corporate Center Dr at Intelco Lp [wb]","stop_id":"640"},"type":"Feature"},{"geometry":{"coordinates":[-122.82881,46.99794],"type":"Point"},"properties":{"kind":"stop","name":"Corporate Center Dr at Corporate Center","stop_id":"641"},"type":"Feature"},{"geometry":{"coordinates":[-122.80721,46.997],"type":"Point"},"properties":{"kind":"stop","name":"Ruddell Rd at Yelm Hwy [nb]","stop_id":"642"},"type":"Feature"},{"geometry":{"coordinates":[-122.8071,47.00005],"type":"Point"},"properties":{"kind":"stop","name":"Ruddell Rd at 54th Ave [nb]","stop_id":"643"},"type":"Feature"},{"geometry":{"coordinates":[-122.80778,47.00334],"type":"Point"},"properties":{"kind":"stop","name":"Ruddell Rd at 50th Ave [nb]","stop_id":"644"},"type":"Feature"},{"geometry":{"coordinates":[-122.80813,47.00755],"type":"Point"},"properties":{"kind":"stop","name":"Ruddell Rd at 45th Ave [nb]","stop_id":"645"},"type":"Feature"},{"geometry":{"coordinates":[-122.80845,47.0096],"type":"Point"},"properties":{"kind":"stop","name":"Ruddell Rd at Mullen Rd [nb]","stop_id":"646"},"type":"Feature"},{"geometry":{"coordinates":[-122.8085,47.01239],"type":"Point"},"properties":{"kind":"stop","name":"Ruddell Rd at 39th Ave [nb]","stop_id":"647"},"type":"Feature"},{"geometry":{"coordinates":[-122.80875,47.01467],"type":"Point"},"properties":{"kind":"stop","name":"Ruddell Rd at 37th Ave [nb]","stop_id":"648"},"type":"Feature"},{"geometry":{"coordinates":[-122.81023,47.01809],"type":"Point"},"properties":{"kind":"stop","name":"Ruddell Rd at 32nd Ct [nb]","stop_id":"649"},"type":"Feature"},{"geometry":{"coordinates":[-122.90748,46.99372],"type":"Point"},"properties":{"kind":"stop","name":"Capitol Blvd and W St [nb]","stop_id":"65"},"type":"Feature"},{"geometry":{"coordinates":[-122.81016,47.02093],"type":"Point"},"properties":{"kind":"stop","name":"Ruddell Rd at 30th Ave [nb]","stop_id":"650"},"type":"Feature"},{"geometry":{"coordinates":[-122.81041,47.0234],"type":"Point"},"properties":{"kind":"stop","name":"Ruddell Rd at 27th Ave [nb]","stop_id":"651"},"type":"Feature"},{"geometry":{"coordinates":[-122.81327,47.02803],"type":"Point"},"properties":{"kind":"stop","name":"Ruddell Rd at 22nd Ave [nb]","stop_id":"652"},"type":"Feature"},{"geometry":{"coordinates":[-122.81557,47.03017],"type":"Point"},"properties":{"kind":"stop","name":"Ruddell Rd at 19th Ave [nb]","stop_id":"653"},"type":"Feature"},{"geometry":{"coordinates":[-122.81745,47.03199],"type":"Point"},"properties":{"kind":"stop","name":"Ruddell Rd at 16th Ave [nb]","stop_id":"654"},"type":"Feature"},{"geometry":{"coordinates":[-122.81788,47.03367],"type":"Point"},"properties":{"kind":"stop","name":"Ruddell Rd at 14th Ave [nb]","stop_id":"655"},"type":"Feature"},{"geometry":{"coordinates":[-122.81789,47.03645],"type":"Point"},"properties":{"kind":"stop","name":"Ruddell Rd at Pacific Ave [nb]","stop_id":"656"},"type":"Feature"},{"geometry":{"coordinates":[-122.82875,47.03901],"type":"Point"},"properties":{"kind":"stop","name":"Golf Club Rd at 10th Ave [sb]","stop_id":"657"},"type":"Feature"},{"geometry":{"coordinates":[-122.82561,47.03642],"type":"Point"},"properties":{"kind":"stop","name":"Lacey Village [eb]","stop_id":"659"},"type":"Feature"},{"geometry":{"coordinates":[-122.90747,46.99522],"type":"Point"},"properties":{"kind":"stop","name":"Capitol Blvd at U St [nb]","stop_id":"66"},"type":"Feature"},{"geometry":{"coordinates":[-122.82168,47.03548],"type":"Point"},"properties":{"kind":"stop","name":"Lacey Blvd at Violet St [eb]","stop_id":"660"},"type":"Feature"},{"geometry":{"coordinates":[-122.81651,47.03479],"type":"Point"},"properties":{"kind":"stop","name":"Lacey Blvd at Church St [eb]","stop_id":"661"},"type":"Feature"},{"geometry":{"coordinates":[-122.81358,47.03531],"type":"Point"},"properties":{"kind":"stop","name":"Lacey Blvd at Alder St [eb]","stop_id":"662"},"type":"Feature"},{"geometry":{"coordinates":[-122.81013,47.03591],"type":"Point"},"properties":{"kind":"stop","name":"Lacey Blvd at Lebanon St [eb]","stop_id":"663"},"type":"Feature"},{"geometry":{"coordinates":[-122.80748,47.03638],"type":"Point"},"properties":{"kind":"stop","name":"Lacey Blvd at Clearbrook [eb]","stop_id":"664"},"type":"Feature"},{"geometry":{"coordinates":[-122.80078,47.03683],"type":"Point"},"properties":{"kind":"stop","name":"Carpenter Rd at Pacific Ave [sb]","stop_id":"665"},"type":"Feature"},{"geometry":{"coordinates":[-122.7971,47.0337],"type":"Point"},"properties":{"kind":"stop","name":"Carpenter Rd at Diamond Rd [eb]","stop_id":"667"},"type":"Feature"},{"geometry":{"coordinates":[-122.79151,47.03273],"type":"Point"},"properties":{"kind":"stop","name":"1505 Carpenter Rd [sb]","stop_id":"668"},"type":"Feature"},{"geometry":{"coordinates":[-122.79158,47.03048],"type":"Point"},"properties":{"kind":"stop","name":"Carpenter Rd at Sierra Dr [sb]","stop_id":"669"},"type":"Feature"},{"geometry":{"coordinates":[-122.90761,46.99758],"type":"Point"},"properties":{"kind":"stop","name":"Capitol Blvd and Lee St [nb]","stop_id":"67"},"type":"Feature"},{"geometry":{"coordinates":[-122.79163,47.02697],"type":"Point"},"properties":{"kind":"stop","name":"Carpenter Rd at Holmes Island Rd [sb]","stop_id":"670"},"type":"Feature"},{"geometry":{"coordinates":[-122.79165,47.02265],"type":"Point"},"properties":{"kind":"stop","name":"Carpenter Rd at 27th Ln [sb]","stop_id":"671"},"type":"Feature"},{"geometry":{"coordinates":[-122.78824,47.01951],"type":"Point"},"properties":{"kind":"stop","name":"County Fairgrounds [eb]","stop_id":"672"},"type":"Feature"},{"geometry":{"coordinates":[-122.78406,47.01951],"type":"Point"},"properties":{"kind":"stop","name":"Carpenter Rd at Carpenter Lp [sb]","stop_id":"673"},"type":"Feature"},{"geometry":{"coordinates":[-122.78094,47.01673],"type":"Point"},"properties":{"kind":"stop","name":"Carpenter Rd at 33rd Ave [sb]","stop_id":"674"},"type":"Feature"},{"geometry":{"coordinates":[-122.78092,47.01234],"type":"Point"},"properties":{"kind":"stop","name":"Carpenter Rd at 38th Dr [sb]","stop_id":"675"},"type":"Feature"},{"geometry":{"coordinates":[-122.7807,47.00981],"type":"Point"},"properties":{"kind":"stop","name":"Carpenter Rd at 41st Ave [sb]","stop_id":"676"},"type":"Feature"},{"geometry":{"coordinates":[-122.78056,47.00699],"type":"Point"},"properties":{"kind":"stop","name":"Carpenter Rd at 45th Ave [sb]","stop_id":"677"},"type":"Feature"},{"geometry":{"coordinates":[-122.78041,47.00509],"type":"Point"},"properties":{"kind":"stop","name":"Carpenter Rd at Mullen Rd [sb]","stop_id":"678"},"type":"Feature"},{"geometry":{"coordinates":[-122.78464,47.00548],"type":"Point"},"properties":{"kind":"stop","name":"Mullen Rd at Timberline Dr [wb]","stop_id":"679"},"type":"Feature"},{"geometry":{"coordinates":[-122.90961,47.00234],"type":"Point"},"properties":{"kind":"stop","name":"Capitol 5000 [nb]","stop_id":"68"},"type":"Feature"},{"geometry":{"coordinates":[-122.78801,47.00511],"type":"Point"},"properties":{"kind":"stop","name":"Mullen Rd at Glen Terra Dr [wb]","stop_id":"680"},"type":"Feature"},{"geometry":{"coordinates":[-122.7906,47.00452],"type":"Point"},"properties":{"kind":"stop","name":"Mullen Rd at Rumac St [wb]","stop_id":"681"},"type":"Feature"},{"geometry":{"coordinates":[-122.79644,47.00447],"type":"Point"},"properties":{"kind":"stop","name":"6500 Mullen Rd [wb]","stop_id":"682"},"type":"Feature"},{"geometry":{"coordinates":[-122.80041,47.00615],"type":"Point"},"properties":{"kind":"stop","name":"Timberline High School [wb]","stop_id":"683"},"type":"Feature"},{"geometry":{"coordinates":[-122.80445,47.00867],"type":"Point"},"properties":{"kind":"stop","name":"Mullen Rd at Ruddell Rd [wb]","stop_id":"684"},"type":"Feature"},{"geometry":{"coordinates":[-122.80702,47.00894],"type":"Point"},"properties":{"kind":"stop","name":"Mullen Rd at Ruddell Rd [eb]","stop_id":"685"},"type":"Feature"},{"geometry":{"coordinates":[-122.80126,47.00652],"type":"Point"},"properties":{"kind":"stop","name":"Timberline High School [eb]","stop_id":"686"},"type":"Feature"},{"geometry":{"coordinates":[-122.79662,47.00439],"type":"Point"},"properties":{"kind":"stop","name":"6435 Mullen Rd [eb]","stop_id":"687"},"type":"Feature"},{"geometry":{"coordinates":[-122.79059,47.00439],"type":"Point"},"properties":{"kind":"stop","name":"Mullen Rd at Rumac St [eb]","stop_id":"688"},"type":"Feature"},{"geometry":{"coordinates":[-122.78785,47.005],"type":"Point"},"properties":{"kind":"stop","name":"Mullen Rd at Glen Terra Dr [eb]","stop_id":"689"},"type":"Feature"},{"geometry":{"coordinates":[-122.90247,47.05016],"type":"Point"},"properties":{"kind":"stop","name":"Olympia Farmers Market","stop_id":"69"},"type":"Feature"},{"geometry":{"coordinates":[-122.78369,47.00517],"type":"Point"},"properties":{"kind":"stop","name":"Mullen Rd at Timberline Dr [eb]","stop_id":"690"},"type":"Feature"},{"geometry":{"coordinates":[-122.80053,47.03631],"type":"Point"},"properties":{"kind":"stop","name":"Carpenter Rd at Bismarck Ln [nb]","stop_id":"691"},"type":"Feature"},{"geometry":{"coordinates":[-122.78034,47.00694],"type":"Point"},"properties":{"kind":"stop","name":"Carpenter Rd at 45th Ave [nb]","stop_id":"692"},"type":"Feature"},{"geometry":{"coordinates":[-122.78058,47.00977],"type":"Point"},"properties":{"kind":"stop","name":"Carpenter Rd at 41st Ave [nb]","stop_id":"693"},"type":"Feature"},{"geometry":{"coordinates":[-122.78063,47.01239],"type":"Point"},"properties":{"kind":"stop","name":"Carpenter Rd at 38th Ave [nb]","stop_id":"694"},"type":"Feature"},{"geometry":{"coordinates":[-122.78077,47.01681],"type":"Point"},"properties":{"kind":"stop","name":"Carpenter Rd at 33rd Ave [nb]","stop_id":"695"},"type":"Feature"},{"geometry":{"coordinates":[-122.78522,47.01962],"type":"Point"},"properties":{"kind":"stop","name":"Carpenter Rd at Carpenter Lp [nb]","stop_id":"696"},"type":"Feature"},{"geometry":{"coordinates":[-122.78812,47.01963],"type":"Point"},"properties":{"kind":"stop","name":"County Fairgrounds [wb]","stop_id":"697"},"type":"Feature"},{"geometry":{"coordinates":[-122.79149,47.02321],"type":"Point"},"properties":{"kind":"stop","name":"Carpenter Rd at Long Lake County Rd [nb]","stop_id":"698"},"type":"Feature"},{"geometry":{"coordinates":[-122.79149,47.02717],"type":"Point"},"properties":{"kind":"stop","name":"Carpenter at Holmes Island Rd [nb]","stop_id":"699"},"type":"Feature"},{"geometry":{"coordinates":[-122.90093,47.03201],"type":"Point"},"properties":{"kind":"stop","name":"Capitol Way at 18th Ave [sb]","stop_id":"7"},"type":"Feature"},{"geometry":{"coordinates":[-122.9021,47.04855],"type":"Point"},"properties":{"kind":"stop","name":"Capitol Way at A Ave [nb]","stop_id":"70"},"type":"Feature"},{"geometry":{"coordinates":[-122.7914,47.03052],"type":"Point"},"properties":{"kind":"stop","name":"Carpenter Rd at Sierra Dr [nb]","stop_id":"700"},"type":"Feature"},{"geometry":{"coordinates":[-122.7913,47.03297],"type":"Point"},"properties":{"kind":"stop","name":"1505 Carpenter Rd [nb]","stop_id":"701"},"type":"Feature"},{"geometry":{"coordinates":[-122.797,47.03388],"type":"Point"},"properties":{"kind":"stop","name":"Carpenter Rd at Diamond Dr [nb]","stop_id":"702"},"type":"Feature"},{"geometry":{"coordinates":[-122.80127,47.03762],"type":"Point"},"properties":{"kind":"stop","name":"Pacific Ave at Carpenter Rd [wb]","stop_id":"703"},"type":"Feature"},{"geometry":{"coordinates":[-122.89817,47.04584],"type":"Point"},"properties":{"kind":"stop","name":"Adams St at State Ave [sb]","stop_id":"705"},"type":"Feature"},{"geometry":{"coordinates":[-122.89776,47.04326],"type":"Point"},"properties":{"kind":"stop","name":"Adams St at Legion Ave [sb]","stop_id":"706"},"type":"Feature"},{"geometry":{"coordinates":[-122.89495,47.03928],"type":"Point"},"properties":{"kind":"stop","name":"Union Ave at Jefferson St [eb]","stop_id":"707"},"type":"Feature"},{"geometry":{"coordinates":[-122.88698,47.03278],"type":"Point"},"properties":{"kind":"stop","name":"Eastside St at 18th Ave [sb]","stop_id":"709"},"type":"Feature"},{"geometry":{"coordinates":[-122.90237,47.04869],"type":"Point"},"properties":{"kind":"stop","name":"Capitol Way at A Ave [sb]","stop_id":"71"},"type":"Feature"},{"geometry":{"coordinates":[-122.88345,47.02954],"type":"Point"},"properties":{"kind":"stop","name":"22nd Ave at Boundary St [eb]","stop_id":"710"},"type":"Feature"},{"geometry":{"coordinates":[-122.87665,47.02937],"type":"Point"},"properties":{"kind":"stop","name":"22nd Ave at Fir St [eb]","stop_id":"711"},"type":"Feature"},{"geometry":{"coordinates":[-122.87418,47.02936],"type":"Point"},"properties":{"kind":"stop","name":"22nd Ave at Cain Rd [eb]","stop_id":"712"},"type":"Feature"},{"geometry":{"coordinates":[-122.87039,47.02903],"type":"Point"},"properties":{"kind":"stop","name":"22nd Ave at Nut Tree Lp [eb]","stop_id":"713"},"type":"Feature"},{"geometry":{"coordinates":[-122.61343,46.94584],"type":"Point"},"properties":{"kind":"stop","name":"Yelm Ave at Longmire St [wb]","stop_id":"714"},"type":"Feature"},{"geometry":{"coordinates":[-122.86755,47.02898],"type":"Point"},"properties":{"kind":"stop","name":"22nd Ave at Boulevard Rd [eb]","stop_id":"715"},"type":"Feature"},{"geometry":{"coordinates":[-122.86521,47.02733],"type":"Point"},"properties":{"kind":"stop","name":"Boulevard Rd at Holly Ln [sb]","stop_id":"716"},"type":"Feature"},{"geometry":{"coordinates":[-122.86525,47.02514],"type":"Point"},"properties":{"kind":"stop","name":"Boulevard Rd at Fox Ave [sb]","stop_id":"717"},"type":"Feature"},{"geometry":{"coordinates":[-122.86526,47.02036],"type":"Point"},"properties":{"kind":"stop","name":"Washington Middle School [sb]","stop_id":"718"},"type":"Feature"},{"geometry":{"coordinates":[-122.86534,47.01745],"type":"Point"},"properties":{"kind":"stop","name":"Boulevard Rd at Morse-Merryman Rd [sb]","stop_id":"719"},"type":"Feature"},{"geometry":{"coordinates":[-122.90938,47.00104],"type":"Point"},"properties":{"kind":"stop","name":"Southgate Center [sb]","stop_id":"72"},"type":"Feature"},{"geometry":{"coordinates":[-122.86531,47.01608],"type":"Point"},"properties":{"kind":"stop","name":"Boulevard Rd at 36th Ave [sb]","stop_id":"720"},"type":"Feature"},{"geometry":{"coordinates":[-122.86535,47.00975],"type":"Point"},"properties":{"kind":"stop","name":"Boulevard Rd at 42nd Ave [sb]","stop_id":"721"},"type":"Feature"},{"geometry":{"coordinates":[-122.86455,47.00794],"type":"Point"},"properties":{"kind":"stop","name":"Wilderness Dr at Boulevard Rd [eb]","stop_id":"722"},"type":"Feature"},{"geometry":{"coordinates":[-122.77766,46.98607],"type":"Point"},"properties":{"kind":"stop","name":"Yelm Hwy at Fair Oaks Rd [eb]","stop_id":"723"},"type":"Feature"},{"geometry":{"coordinates":[-122.7672,46.98441],"type":"Point"},"properties":{"kind":"stop","name":"Yelm Hwy at Spurgeon Creek Rd [eb]","stop_id":"724"},"type":"Feature"},{"geometry":{"coordinates":[-122.74186,46.98547],"type":"Point"},"properties":{"kind":"stop","name":"Yelm Hwy at Meridian Rd [eb]","stop_id":"725"},"type":"Feature"},{"geometry":{"coordinates":[-122.72252,46.98524],"type":"Point"},"properties":{"kind":"stop","name":"Yelm Hwy at Johnson Rd [eb]","stop_id":"726"},"type":"Feature"},{"geometry":{"coordinates":[-122.71696,46.98698],"type":"Point"},"properties":{"kind":"stop","name":"Yelm Hwy at Rehklau Rd [eb]","stop_id":"727"},"type":"Feature"},{"geometry":{"coordinates":[-122.70655,46.99364],"type":"Point"},"properties":{"kind":"stop","name":"Yelm Hwy at Braywood Ln W [eb]","stop_id":"728"},"type":"Feature"},{"geometry":{"coordinates":[-122.69671,47.00509],"type":"Point"},"properties":{"kind":"stop","name":"Yelm Hwy at Ruth Ct [eb]","stop_id":"729"},"type":"Feature"},{"geometry":{"coordinates":[-122.90775,46.99736],"type":"Point"},"properties":{"kind":"stop","name":"Capitol Blvd at Lee St [sb]","stop_id":"73"},"type":"Feature"},{"geometry":{"coordinates":[-122.68997,47.00795],"type":"Point"},"properties":{"kind":"stop","name":"Yelm Hwy at SR 510 [eb]","stop_id":"730"},"type":"Feature"},{"geometry":{"coordinates":[-122.7018,46.99903],"type":"Point"},"properties":{"kind":"stop","name":"Yelm Hwy at Braywood Ln E [eb]","stop_id":"731"},"type":"Feature"},{"geometry":{"coordinates":[-122.66889,47.0013],"type":"Point"},"properties":{"kind":"stop","name":"Red Wind Casino [sb]","stop_id":"732"},"type":"Feature"},{"geometry":{"coordinates":[-122.63293,46.95836],"type":"Point"},"properties":{"kind":"stop","name":"Yelm Hwy at 89th Ave [sb]","stop_id":"733"},"type":"Feature"},{"geometry":{"coordinates":[-122.64253,46.97085],"type":"Point"},"properties":{"kind":"stop","name":"Southworth ES [sb]","stop_id":"734"},"type":"Feature"},{"geometry":{"coordinates":[-122.63299,46.96481],"type":"Point"},"properties":{"kind":"stop","name":"Yelm Hwy at Mudd Run Rd [eb]","stop_id":"735"},"type":"Feature"},{"geometry":{"coordinates":[-122.62739,46.95321],"type":"Point"},"properties":{"kind":"stop","name":"Yelm Ave at Burnett Rd [eb]","stop_id":"736"},"type":"Feature"},{"geometry":{"coordinates":[-122.6252,46.95199],"type":"Point"},"properties":{"kind":"stop","name":"Yelm Ave at 93rd Ave [eb]","stop_id":"737"},"type":"Feature"},{"geometry":{"coordinates":[-122.62186,46.95018],"type":"Point"},"properties":{"kind":"stop","name":"Yelm High School [eb]","stop_id":"738"},"type":"Feature"},{"geometry":{"coordinates":[-122.61424,46.94609],"type":"Point"},"properties":{"kind":"stop","name":"Yelm Ave at Cullens St [eb]","stop_id":"739"},"type":"Feature"},{"geometry":{"coordinates":[-122.90774,46.99549],"type":"Point"},"properties":{"kind":"stop","name":"Capitol Blvd at Pinehurst Dr [sb]","stop_id":"74"},"type":"Feature"},{"geometry":{"coordinates":[-122.6086,46.94299],"type":"Point"},"properties":{"kind":"stop","name":"Yelm Ave at Edwards St [eb]","stop_id":"740"},"type":"Feature"},{"geometry":{"coordinates":[-122.60458,46.94081],"type":"Point"},"properties":{"kind":"stop","name":"Yelm Ave at 3rd St [eb]","stop_id":"741"},"type":"Feature"},{"geometry":{"coordinates":[-122.59009,46.93557],"type":"Point"},"properties":{"kind":"stop","name":"Creek St at Algiers Rd [sb]","stop_id":"744"},"type":"Feature"},{"geometry":{"coordinates":[-122.60918,46.94349],"type":"Point"},"properties":{"kind":"stop","name":"Yelm Ave at Edwards St [wb]","stop_id":"745"},"type":"Feature"},{"geometry":{"coordinates":[-122.61538,46.94687],"type":"Point"},"properties":{"kind":"stop","name":"Yelm Ave at Cullens St [wb]","stop_id":"746"},"type":"Feature"},{"geometry":{"coordinates":[-122.62186,46.95031],"type":"Point"},"properties":{"kind":"stop","name":"Yelm High School [wb]","stop_id":"747"},"type":"Feature"},{"geometry":{"coordinates":[-122.62561,46.95237],"type":"Point"},"properties":{"kind":"stop","name":"Yelm Ave at 93rd Ave [wb]","stop_id":"748"},"type":"Feature"},{"geometry":{"coordinates":[-122.62795,46.95365],"type":"Point"},"properties":{"kind":"stop","name":"Yelm Ave at Burnett Rd [nb]","stop_id":"749"},"type":"Feature"},{"geometry":{"coordinates":[-122.9077,46.99356],"type":"Point"},"properties":{"kind":"stop","name":"6131 Capitol Blvd [sb]","stop_id":"75"},"type":"Feature"},{"geometry":{"coordinates":[-122.63266,46.9641],"type":"Point"},"properties":{"kind":"stop","name":"Yelm Hwy at Mudd Run Rd [nb]","stop_id":"750"},"type":"Feature"},{"geometry":{"coordinates":[-122.64136,46.97035],"type":"Point"},"properties":{"kind":"stop","name":"Southworth ES [nb]","stop_id":"751"},"type":"Feature"},{"geometry":{"coordinates":[-122.63278,46.95907],"type":"Point"},"properties":{"kind":"stop","name":"Yelm Hwy at 89th Ave [nb]","stop_id":"752"},"type":"Feature"},{"geometry":{"coordinates":[-122.66959,47.00178],"type":"Point"},"properties":{"kind":"stop","name":"Red Wind Casino [nb]","stop_id":"753"},"type":"Feature"},{"geometry":{"coordinates":[-122.70202,46.999],"type":"Point"},"properties":{"kind":"stop","name":"Yelm Hwy at Braywood Ln E [wb]","stop_id":"754"},"type":"Feature"},{"geometry":{"coordinates":[-122.69009,47.00806],"type":"Point"},"properties":{"kind":"stop","name":"Yelm Hwy at SR 510 [wb]","stop_id":"755"},"type":"Feature"},{"geometry":{"coordinates":[-122.69792,47.00452],"type":"Point"},"properties":{"kind":"stop","name":"Yelm Hwy at Gallup Dr [wb]","stop_id":"756"},"type":"Feature"},{"geometry":{"coordinates":[-122.70759,46.99289],"type":"Point"},"properties":{"kind":"stop","name":"Yelm Hwy at Braywood Ln W [wb]","stop_id":"757"},"type":"Feature"},{"geometry":{"coordinates":[-122.71781,46.98665],"type":"Point"},"properties":{"kind":"stop","name":"Yelm Hwy at Rehklau Rd [wb]","stop_id":"758"},"type":"Feature"},{"geometry":{"coordinates":[-122.7233,46.9853],"type":"Point"},"properties":{"kind":"stop","name":"Yelm Hwy at Lake St Clair Dr [wb]","stop_id":"759"},"type":"Feature"},{"geometry":{"coordinates":[-122.90773,46.99148],"type":"Point"},"properties":{"kind":"stop","name":"6330 Capitol Blvd [sb]","stop_id":"76"},"type":"Feature"},{"geometry":{"coordinates":[-122.74007,46.98561],"type":"Point"},"properties":{"kind":"stop","name":"Yelm Hwy at Meridian Rd [wb]","stop_id":"760"},"type":"Feature"},{"geometry":{"coordinates":[-122.76942,46.98477],"type":"Point"},"properties":{"kind":"stop","name":"Yelm Hwy at Spurgeon Creek Rd [wb]","stop_id":"761"},"type":"Feature"},{"geometry":{"coordinates":[-122.778,46.98629],"type":"Point"},"properties":{"kind":"stop","name":"Yelm Hwy at Fair Oaks Rd [wb]","stop_id":"762"},"type":"Feature"},{"geometry":{"coordinates":[-122.90962,46.98057],"type":"Point"},"properties":{"kind":"stop","name":"Tumwater Blvd at Terminal St [eb]","stop_id":"763"},"type":"Feature"},{"geometry":{"coordinates":[-122.87692,47.02947],"type":"Point"},"properties":{"kind":"stop","name":"22nd Ave at Fir St [wb]","stop_id":"764"},"type":"Feature"},{"geometry":{"coordinates":[-122.88354,47.02962],"type":"Point"},"properties":{"kind":"stop","name":"22nd Ave at Boundary St [wb]","stop_id":"765"},"type":"Feature"},{"geometry":{"coordinates":[-122.86645,47.02906],"type":"Point"},"properties":{"kind":"stop","name":"22nd Ave at Myrtle Pl [wb]","stop_id":"766"},"type":"Feature"},{"geometry":{"coordinates":[-122.87008,47.02907],"type":"Point"},"properties":{"kind":"stop","name":"22nd Ave at Brown St [wb]","stop_id":"767"},"type":"Feature"},{"geometry":{"coordinates":[-122.87386,47.02945],"type":"Point"},"properties":{"kind":"stop","name":"22nd Ave at Wilson St [wb]","stop_id":"768"},"type":"Feature"},{"geometry":{"coordinates":[-122.89769,47.04369],"type":"Point"},"properties":{"kind":"stop","name":"Adams St at Legion Ave [nb]","stop_id":"769"},"type":"Feature"},{"geometry":{"coordinates":[-122.90787,46.98757],"type":"Point"},"properties":{"kind":"stop","name":"Capitol Blvd at Dennis St [sb]","stop_id":"77"},"type":"Feature"},{"geometry":{"coordinates":[-122.89791,47.04539],"type":"Point"},"properties":{"kind":"stop","name":"Adams St at 4th Ave [nb]","stop_id":"770"},"type":"Feature"},{"geometry":{"coordinates":[-122.86505,47.02786],"type":"Point"},"properties":{"kind":"stop","name":"Boulevard Rd at 24th Ave [nb]","stop_id":"771"},"type":"Feature"},{"geometry":{"coordinates":[-122.86504,47.025],"type":"Point"},"properties":{"kind":"stop","name":"Boulevard Rd at 28th Ave [nb]","stop_id":"772"},"type":"Feature"},{"geometry":{"coordinates":[-122.86507,47.02039],"type":"Point"},"properties":{"kind":"stop","name":"Boulevard Rd at 31st Ct [nb]","stop_id":"773"},"type":"Feature"},{"geometry":{"coordinates":[-122.86512,47.01744],"type":"Point"},"properties":{"kind":"stop","name":"Boulevard Rd at Morse-Merryman Rd [nb]","stop_id":"774"},"type":"Feature"},{"geometry":{"coordinates":[-122.86512,47.00936],"type":"Point"},"properties":{"kind":"stop","name":"Boulevard Rd at Boulevard Park Ct [nb]","stop_id":"775"},"type":"Feature"},{"geometry":{"coordinates":[-122.86513,47.0159],"type":"Point"},"properties":{"kind":"stop","name":"Boulevard Rd at 36th Ave [nb]","stop_id":"776"},"type":"Feature"},{"geometry":{"coordinates":[-122.86384,47.00802],"type":"Point"},"properties":{"kind":"stop","name":"Wilderness Dr at Boulevard Rd [wb]","stop_id":"777"},"type":"Feature"},{"geometry":{"coordinates":[-122.88678,47.03306],"type":"Point"},"properties":{"kind":"stop","name":"Eastside St at 18th Ave [nb]","stop_id":"778"},"type":"Feature"},{"geometry":{"coordinates":[-122.88726,47.03777],"type":"Point"},"properties":{"kind":"stop","name":"Eastside St at 12th Ave [nb]","stop_id":"779"},"type":"Feature"},{"geometry":{"coordinates":[-122.90954,46.98548],"type":"Point"},"properties":{"kind":"stop","name":"Indian Creek Apts [wb]","stop_id":"78"},"type":"Feature"},{"geometry":{"coordinates":[-122.88817,47.03991],"type":"Point"},"properties":{"kind":"stop","name":"Union Ave at Eastside St [wb]","stop_id":"780"},"type":"Feature"},{"geometry":{"coordinates":[-122.89399,47.03942],"type":"Point"},"properties":{"kind":"stop","name":"Union Ave at Cherry St [wb]","stop_id":"781"},"type":"Feature"},{"geometry":{"coordinates":[-122.89089,47.03972],"type":"Point"},"properties":{"kind":"stop","name":"Union Ave at Plum St [wb]","stop_id":"782"},"type":"Feature"},{"geometry":{"coordinates":[-122.92839,47.04247],"type":"Point"},"properties":{"kind":"stop","name":"Abalon Pointe Apts [nb]","stop_id":"783"},"type":"Feature"},{"geometry":{"coordinates":[-122.92613,47.02088],"type":"Point"},"properties":{"kind":"stop","name":"Crosby Blvd at Westbury Lane [nb]","stop_id":"784"},"type":"Feature"},{"geometry":{"coordinates":[-122.91813,47.01652],"type":"Point"},"properties":{"kind":"stop","name":"Barnes Blvd at Blue Sky Dr [nb]","stop_id":"785"},"type":"Feature"},{"geometry":{"coordinates":[-122.95575,47.0721],"type":"Point"},"properties":{"kind":"stop","name":"Kaiser Rd at Driftwood Rd [wb]","stop_id":"786"},"type":"Feature"},{"geometry":{"coordinates":[-122.91663,47.00742],"type":"Point"},"properties":{"kind":"stop","name":"Linwood Ave at G St [wb]","stop_id":"787"},"type":"Feature"},{"geometry":{"coordinates":[-122.60421,46.94077],"type":"Point"},"properties":{"kind":"stop","name":"Yelm Ave at 3rd St [nb]","stop_id":"788"},"type":"Feature"},{"geometry":{"coordinates":[-122.8337,47.02826],"type":"Point"},"properties":{"kind":"stop","name":"Sleater Kinney Rd at 21st Ave [nb]","stop_id":"789"},"type":"Feature"},{"geometry":{"coordinates":[-122.91324,46.98548],"type":"Point"},"properties":{"kind":"stop","name":"Israel Rd at New Market St [wb]","stop_id":"79"},"type":"Feature"},{"geometry":{"coordinates":[-122.92069,47.02961],"type":"Point"},"properties":{"kind":"stop","name":"Evergreen Park [wb]","stop_id":"791"},"type":"Feature"},{"geometry":{"coordinates":[-122.92091,47.0292],"type":"Point"},"properties":{"kind":"stop","name":"Evergreen Park [eb]","stop_id":"792"},"type":"Feature"},{"geometry":{"coordinates":[-122.76839,47.05593],"type":"Point"},"properties":{"kind":"stop","name":"Martin Way at Galaxy Dr [eb]","stop_id":"793"},"type":"Feature"},{"geometry":{"coordinates":[-122.83112,47.04804],"type":"Point"},"properties":{"kind":"stop","name":"Kasey Keller Dr [eb]","stop_id":"794"},"type":"Feature"},{"geometry":{"coordinates":[-122.81512,47.04987],"type":"Point"},"properties":{"kind":"stop","name":"Martin Way Park & Ride","stop_id":"795"},"type":"Feature"},{"geometry":{"coordinates":[-122.90722,47.04456],"type":"Point"},"properties":{"kind":"stop","name":"4th Ave at Simmons St [wb]","stop_id":"796"},"type":"Feature"},{"geometry":{"coordinates":[-122.90286,47.04571],"type":"Point"},"properties":{"kind":"stop","name":"State Ave at Columbia St [wb]","stop_id":"797"},"type":"Feature"},{"geometry":{"coordinates":[-122.90623,47.04447],"type":"Point"},"properties":{"kind":"stop","name":"4th Ave at Simmons St [eb]","stop_id":"798"},"type":"Feature"},{"geometry":{"coordinates":[-122.90091,47.02746],"type":"Point"},"properties":{"kind":"stop","name":"Capitol Way at 24th Ave [sb]","stop_id":"8"},"type":"Feature"},{"geometry":{"coordinates":[-122.9163,46.98547],"type":"Point"},"properties":{"kind":"stop","name":"Tumwater High School [wb]","stop_id":"80"},"type":"Feature"},{"geometry":{"coordinates":[-122.91098,47.04309],"type":"Point"},"properties":{"kind":"stop","name":"Deschutes Pkwy at 5th Ave [nb]","stop_id":"800"},"type":"Feature"},{"geometry":{"coordinates":[-122.91096,47.0432],"type":"Point"},"properties":{"kind":"stop","name":"Deschutes Pkwy at 5th Ave [sb]","stop_id":"801"},"type":"Feature"},{"geometry":{"coordinates":[-122.90753,47.04355],"type":"Point"},"properties":{"kind":"stop","name":"5th Ave at Deschutes Pkwy [eb]","stop_id":"802"},"type":"Feature"},{"geometry":{"coordinates":[-122.92792,47.02936],"type":"Point"},"properties":{"kind":"stop","name":"Cooper Point Rd at Caton Way [wb]","stop_id":"803"},"type":"Feature"},{"geometry":{"coordinates":[-122.92898,47.02918],"type":"Point"},"properties":{"kind":"stop","name":"Cooper Point Rd at Caton Way [eb]","stop_id":"804"},"type":"Feature"},{"geometry":{"coordinates":[-122.86029,47.00764],"type":"Point"},"properties":{"kind":"stop","name":"2803 Wilderness Dr [eb]","stop_id":"806"},"type":"Feature"},{"geometry":{"coordinates":[-122.85646,47.00736],"type":"Point"},"properties":{"kind":"stop","name":"Wilderness Dr at Wilderness Loop [eb]","stop_id":"807"},"type":"Feature"},{"geometry":{"coordinates":[-122.85249,47.00537],"type":"Point"},"properties":{"kind":"stop","name":"Wilderness Dr at Donnelly Dr [eb]","stop_id":"808"},"type":"Feature"},{"geometry":{"coordinates":[-122.85284,47.00426],"type":"Point"},"properties":{"kind":"stop","name":"Donnelly Dr at Canady Ct [eb]","stop_id":"809"},"type":"Feature"},{"geometry":{"coordinates":[-122.90251,47.01678],"type":"Point"},"properties":{"kind":"stop","name":"Custer Way at Schmidt Pl [wb]","stop_id":"81"},"type":"Feature"},{"geometry":{"coordinates":[-122.84825,47.00297],"type":"Point"},"properties":{"kind":"stop","name":"Donnelly Dr at Edgeworth Dr [eb]","stop_id":"810"},"type":"Feature"},{"geometry":{"coordinates":[-122.84463,47.0027],"type":"Point"},"properties":{"kind":"stop","name":"Donnelly Dr at Wiggins Rd [eb]","stop_id":"811"},"type":"Feature"},{"geometry":{"coordinates":[-122.60113,46.93908],"type":"Point"},"properties":{"kind":"stop","name":"Yelm Ave at Clark Rd [nb]","stop_id":"812"},"type":"Feature"},{"geometry":{"coordinates":[-122.84537,47.00282],"type":"Point"},"properties":{"kind":"stop","name":"Donnelly Dr at Wiggins Rd [wb]","stop_id":"813"},"type":"Feature"},{"geometry":{"coordinates":[-122.84888,47.00309],"type":"Point"},"properties":{"kind":"stop","name":"Donnelly Dr at Edgeworth Dr [wb]","stop_id":"814"},"type":"Feature"},{"geometry":{"coordinates":[-122.85263,47.00445],"type":"Point"},"properties":{"kind":"stop","name":"Donnelly Dr at Canady Ct [wb]","stop_id":"815"},"type":"Feature"},{"geometry":{"coordinates":[-122.85237,47.00538],"type":"Point"},"properties":{"kind":"stop","name":"Wilderness Dr at Donnelly Dr [wb]","stop_id":"816"},"type":"Feature"},{"geometry":{"coordinates":[-122.85648,47.00748],"type":"Point"},"properties":{"kind":"stop","name":"Wilderness Dr at Wilderness Ct [wb]","stop_id":"817"},"type":"Feature"},{"geometry":{"coordinates":[-122.86043,47.00773],"type":"Point"},"properties":{"kind":"stop","name":"2808 Wilderness [wb]","stop_id":"818"},"type":"Feature"},{"geometry":{"coordinates":[-122.79978,47.03769],"type":"Point"},"properties":{"kind":"stop","name":"Pacific Ave at Carpenter Rd [eb]","stop_id":"819"},"type":"Feature"},{"geometry":{"coordinates":[-122.90681,47.01503],"type":"Point"},"properties":{"kind":"stop","name":"2nd ave at Division St [sb]","stop_id":"82"},"type":"Feature"},{"geometry":{"coordinates":[-122.79391,47.04019],"type":"Point"},"properties":{"kind":"stop","name":"Pacific Ave at Lake Lois Rd [eb]","stop_id":"820"},"type":"Feature"},{"geometry":{"coordinates":[-122.79028,47.04097],"type":"Point"},"properties":{"kind":"stop","name":"Pacific Ave at Kinwood St [eb]","stop_id":"821"},"type":"Feature"},{"geometry":{"coordinates":[-122.78476,47.0418],"type":"Point"},"properties":{"kind":"stop","name":"Pacific Ave at Ranger Dr [eb]","stop_id":"822"},"type":"Feature"},{"geometry":{"coordinates":[-122.78069,47.04209],"type":"Point"},"properties":{"kind":"stop","name":"Pacific Ave at Union Mills Rd [eb]","stop_id":"823"},"type":"Feature"},{"geometry":{"coordinates":[-122.77546,47.04036],"type":"Point"},"properties":{"kind":"stop","name":"Pacific Ave at Skyridge St [eb]","stop_id":"824"},"type":"Feature"},{"geometry":{"coordinates":[-122.76744,47.03937],"type":"Point"},"properties":{"kind":"stop","name":"Pacific Ave at Marvin Rd [eb]","stop_id":"825"},"type":"Feature"},{"geometry":{"coordinates":[-122.76502,47.03707],"type":"Point"},"properties":{"kind":"stop","name":"Marvin Rd at Scarlet Oak Dr [sb]","stop_id":"826"},"type":"Feature"},{"geometry":{"coordinates":[-122.76491,47.02966],"type":"Point"},"properties":{"kind":"stop","name":"Marvin Rd at 19th Ave [sb]","stop_id":"827"},"type":"Feature"},{"geometry":{"coordinates":[-122.76747,47.02465],"type":"Point"},"properties":{"kind":"stop","name":"Marvin Rd at 25th Ave [sb]","stop_id":"828"},"type":"Feature"},{"geometry":{"coordinates":[-122.90685,47.01371],"type":"Point"},"properties":{"kind":"stop","name":"2nd Ave at C St [sb]","stop_id":"83"},"type":"Feature"},{"geometry":{"coordinates":[-122.75445,47.0075],"type":"Point"},"properties":{"kind":"stop","name":"Marvin Rd at 44th Ave [sb]","stop_id":"833"},"type":"Feature"},{"geometry":{"coordinates":[-122.75449,47.00378],"type":"Point"},"properties":{"kind":"stop","name":"Marvin Rd at Mullen Rd [sb]","stop_id":"834"},"type":"Feature"},{"geometry":{"coordinates":[-122.7486,47.0032],"type":"Point"},"properties":{"kind":"stop","name":"Mullen Rd at Archer Dr [eb]","stop_id":"835"},"type":"Feature"},{"geometry":{"coordinates":[-122.75432,47.00374],"type":"Point"},"properties":{"kind":"stop","name":"Marvin Rd at Mullen Rd [nb]","stop_id":"839"},"type":"Feature"},{"geometry":{"coordinates":[-122.90868,47.00807],"type":"Point"},"properties":{"kind":"stop","name":"2nd Ave at I St [sb]","stop_id":"84"},"type":"Feature"},{"geometry":{"coordinates":[-122.75428,47.00775],"type":"Point"},"properties":{"kind":"stop","name":"Marvin Rd at 44th Ave [nb]","stop_id":"840"},"type":"Feature"},{"geometry":{"coordinates":[-122.76679,47.0264],"type":"Point"},"properties":{"kind":"stop","name":"Marvin Rd at Banyon St [nb]","stop_id":"845"},"type":"Feature"},{"geometry":{"coordinates":[-122.76448,47.02949],"type":"Point"},"properties":{"kind":"stop","name":"Marvin Rd at 19th Ave [nb]","stop_id":"846"},"type":"Feature"},{"geometry":{"coordinates":[-122.76475,47.03571],"type":"Point"},"properties":{"kind":"stop","name":"Marvin Rd at Sweetbriar Ln [nb]","stop_id":"847"},"type":"Feature"},{"geometry":{"coordinates":[-122.76999,47.03954],"type":"Point"},"properties":{"kind":"stop","name":"Pacific Ave at Burwood St [wb]","stop_id":"848"},"type":"Feature"},{"geometry":{"coordinates":[-122.77582,47.04056],"type":"Point"},"properties":{"kind":"stop","name":"Pacific Ave at Oakcrest Dr [wb]","stop_id":"849"},"type":"Feature"},{"geometry":{"coordinates":[-122.91284,47.00884],"type":"Point"},"properties":{"kind":"stop","name":"7th Ave at I St [nb]","stop_id":"85"},"type":"Feature"},{"geometry":{"coordinates":[-122.78074,47.04231],"type":"Point"},"properties":{"kind":"stop","name":"Pacific Ave at Steilacoom Rd [wb]","stop_id":"850"},"type":"Feature"},{"geometry":{"coordinates":[-122.78561,47.04182],"type":"Point"},"properties":{"kind":"stop","name":"Pacific Ave at Ranger Dr [wb]","stop_id":"851"},"type":"Feature"},{"geometry":{"coordinates":[-122.79192,47.041],"type":"Point"},"properties":{"kind":"stop","name":"Pacific Ave at Kinwood Dr [wb]","stop_id":"852"},"type":"Feature"},{"geometry":{"coordinates":[-122.79453,47.0401],"type":"Point"},"properties":{"kind":"stop","name":"Pacific Ave at Lake Lois Rd [wb]","stop_id":"853"},"type":"Feature"},{"geometry":{"coordinates":[-122.81032,47.03704],"type":"Point"},"properties":{"kind":"stop","name":"Pacific Ave at Bowker Rd [wb]","stop_id":"854"},"type":"Feature"},{"geometry":{"coordinates":[-122.81639,47.03722],"type":"Point"},"properties":{"kind":"stop","name":"St. Martin's University [wb]","stop_id":"855"},"type":"Feature"},{"geometry":{"coordinates":[-122.82498,47.03772],"type":"Point"},"properties":{"kind":"stop","name":"Pacific Ave at College St [wb]","stop_id":"856"},"type":"Feature"},{"geometry":{"coordinates":[-122.76926,47.05896],"type":"Point"},"properties":{"kind":"stop","name":"Lacey Walmart [sb]","stop_id":"857"},"type":"Feature"},{"geometry":{"coordinates":[-122.89447,47.04533],"type":"Point"},"properties":{"kind":"stop","name":"4th Ave at Chestnut St [eb]","stop_id":"858"},"type":"Feature"},{"geometry":{"coordinates":[-122.6115,46.94461],"type":"Point"},"properties":{"kind":"stop","name":"Yelm Ave at Solberg St [eb]","stop_id":"859"},"type":"Feature"},{"geometry":{"coordinates":[-122.91514,47.01547],"type":"Point"},"properties":{"kind":"stop","name":"Barnes Blvd at Vista Loop [nb]","stop_id":"86"},"type":"Feature"},{"geometry":{"coordinates":[-122.78136,47.00465],"type":"Point"},"properties":{"kind":"stop","name":"Mullen Rd at Carpenter Rd Extension [eb]","stop_id":"860"},"type":"Feature"},{"geometry":{"coordinates":[-122.90092,47.02989],"type":"Point"},"properties":{"kind":"stop","name":"Capitol Way at 21st Ave [sb]","stop_id":"867"},"type":"Feature"},{"geometry":{"coordinates":[-122.9018,47.046],"type":"Point"},"properties":{"kind":"stop","name":"Capitol Way at State Ave [nb]","stop_id":"868"},"type":"Feature"},{"geometry":{"coordinates":[-122.92257,47.01899],"type":"Point"},"properties":{"kind":"stop","name":"Barnes Blvd at Ridgeview Loop [nb]","stop_id":"87"},"type":"Feature"},{"geometry":{"coordinates":[-122.8187,47.03478],"type":"Point"},"properties":{"kind":"stop","name":"Lacey Blvd at Ruddell Rd [eb]","stop_id":"870"},"type":"Feature"},{"geometry":{"coordinates":[-122.8814,47.04431],"type":"Point"},"properties":{"kind":"stop","name":"Legion Ave at Central St [eb]","stop_id":"871"},"type":"Feature"},{"geometry":{"coordinates":[-122.88129,47.04439],"type":"Point"},"properties":{"kind":"stop","name":"Legion Ave at Central St [wb]","stop_id":"872"},"type":"Feature"},{"geometry":{"coordinates":[-122.91552,46.97961],"type":"Point"},"properties":{"kind":"stop","name":"Tumwater Blvd at New Market St [eb]","stop_id":"875"},"type":"Feature"},{"geometry":{"coordinates":[-122.82027,47.03725],"type":"Point"},"properties":{"kind":"stop","name":"Pacific Ave at Webb St [wb]","stop_id":"876"},"type":"Feature"},{"geometry":{"coordinates":[-122.88032,47.06198],"type":"Point"},"properties":{"kind":"stop","name":"Miller Ave at Marion St [eb]","stop_id":"877"},"type":"Feature"},{"geometry":{"coordinates":[-122.93439,47.04516],"type":"Point"},"properties":{"kind":"stop","name":"Kenyon St at Harrison Ave [sb]","stop_id":"878"},"type":"Feature"},{"geometry":{"coordinates":[-122.90694,46.98211],"type":"Point"},"properties":{"kind":"stop","name":"Tumwater Blvd at Cleanwater Dr [eb]","stop_id":"879"},"type":"Feature"},{"geometry":{"coordinates":[-122.92928,47.02322],"type":"Point"},"properties":{"kind":"stop","name":"South Puget Sound Community College","stop_id":"88"},"type":"Feature"},{"geometry":{"coordinates":[-122.76493,47.03324],"type":"Point"},"properties":{"kind":"stop","name":"Marvin Rd at 15th Ave [sb]","stop_id":"880"},"type":"Feature"},{"geometry":{"coordinates":[-122.76469,47.03342],"type":"Point"},"properties":{"kind":"stop","name":"Marvin Rd at 15th Ave [nb]","stop_id":"881"},"type":"Feature"},{"geometry":{"coordinates":[-122.76407,47.0213],"type":"Point"},"properties":{"kind":"stop","name":"Marvin Rd at Walthew St [sb]","stop_id":"882"},"type":"Feature"},{"geometry":{"coordinates":[-122.76603,47.02278],"type":"Point"},"properties":{"kind":"stop","name":"Marvin Rd at Walthew St [nb]","stop_id":"883"},"type":"Feature"},{"geometry":{"coordinates":[-122.79718,47.0505],"type":"Point"},"properties":{"kind":"stop","name":"Martin Way at Carpenter Rd [wb]","stop_id":"886"},"type":"Feature"},{"geometry":{"coordinates":[-122.79183,47.05138],"type":"Point"},"properties":{"kind":"stop","name":"Martin Way at Kinwood St [wb]","stop_id":"887"},"type":"Feature"},{"geometry":{"coordinates":[-122.87979,47.01664],"type":"Point"},"properties":{"kind":"stop","name":"North St at Henderson Blvd [wb]","stop_id":"890"},"type":"Feature"},{"geometry":{"coordinates":[-122.90681,47.01101],"type":"Point"},"properties":{"kind":"stop","name":"2nd Ave at F St [sb]","stop_id":"891"},"type":"Feature"},{"geometry":{"coordinates":[-122.90665,47.01154],"type":"Point"},"properties":{"kind":"stop","name":"2nd Ave at E St [nb]","stop_id":"892"},"type":"Feature"},{"geometry":{"coordinates":[-122.89872,47.01811],"type":"Point"},"properties":{"kind":"stop","name":"Tumwater Square [sb]","stop_id":"893"},"type":"Feature"},{"geometry":{"coordinates":[-122.90387,47.03633],"type":"Point"},"properties":{"kind":"stop","name":"State Capitol Building [sb]","stop_id":"894"},"type":"Feature"},{"geometry":{"coordinates":[-122.90291,47.0354],"type":"Point"},"properties":{"kind":"stop","name":"Newhouse Building [eb]","stop_id":"896"},"type":"Feature"},{"geometry":{"coordinates":[-122.80447,47.03689],"type":"Point"},"properties":{"kind":"stop","name":"Pacific Ave at Ulery St [eb]","stop_id":"898"},"type":"Feature"},{"geometry":{"coordinates":[-122.59582,46.93626],"type":"Point"},"properties":{"kind":"stop","name":"Nisqually Plaza [wb]","stop_id":"899"},"type":"Feature"},{"geometry":{"coordinates":[-122.89633,47.02349],"type":"Point"},"properties":{"kind":"stop","name":"Capitol Blvd at O'Farrell Ave [sb]","stop_id":"9"},"type":"Feature"},{"geometry":{"coordinates":[-122.82612,47.00001],"type":"Point"},"properties":{"kind":"stop","name":"Corporate Center Dr at Tiffani Lane [eb]","stop_id":"901"},"type":"Feature"},{"geometry":{"coordinates":[-122.76654,47.02749],"type":"Point"},"properties":{"kind":"stop","name":"Marvin Rd at 22nd Ave [sb]","stop_id":"902"},"type":"Feature"},{"geometry":{"coordinates":[-122.83369,47.03283],"type":"Point"},"properties":{"kind":"stop","name":"Sleater Kinney Rd at Circle Ln [nb]","stop_id":"903"},"type":"Feature"},{"geometry":{"coordinates":[-122.82858,47.02814],"type":"Point"},"properties":{"kind":"stop","name":"Golf Club Rd at 21st Ave [sb]","stop_id":"904"},"type":"Feature"},{"geometry":{"coordinates":[-122.82223,46.99619],"type":"Point"},"properties":{"kind":"stop","name":"Yelm Hwy at Rainier Rd [eb]","stop_id":"905"},"type":"Feature"},{"geometry":{"coordinates":[-122.80337,46.98767],"type":"Point"},"properties":{"kind":"stop","name":"Balustrade Blvd at 66th Ave [eb]","stop_id":"906"},"type":"Feature"},{"geometry":{"coordinates":[-122.80394,46.98764],"type":"Point"},"properties":{"kind":"stop","name":"Balustrade Blvd at 66th Ave [wb]","stop_id":"907"},"type":"Feature"},{"geometry":{"coordinates":[-122.93154,46.98627],"type":"Point"},"properties":{"kind":"stop","name":"Littlerock Rd at Miner Dr [sb]","stop_id":"908"},"type":"Feature"},{"geometry":{"coordinates":[-122.88729,47.04717],"type":"Point"},"properties":{"kind":"stop","name":"Puget St at State Ave [nb]","stop_id":"909"},"type":"Feature"},{"geometry":{"coordinates":[-122.93935,47.02054],"type":"Point"},"properties":{"kind":"stop","name":"RW Johnson Blvd at 29th Ave [sb]","stop_id":"91"},"type":"Feature"},{"geometry":{"coordinates":[-122.74628,46.98539],"type":"Point"},"properties":{"kind":"stop","name":"Yelm Hwy at Englewood Dr [eb]","stop_id":"910"},"type":"Feature"},{"geometry":{"coordinates":[-122.74715,46.98556],"type":"Point"},"properties":{"kind":"stop","name":"Yelm Hwy at Englewood Dr [wb]","stop_id":"911"},"type":"Feature"},{"geometry":{"coordinates":[-122.59937,46.93815],"type":"Point"},"properties":{"kind":"stop","name":"Yelm Ave at 103rd Ave [wb]","stop_id":"912"},"type":"Feature"},{"geometry":{"coordinates":[-122.59671,46.93651],"type":"Point"},"properties":{"kind":"stop","name":"Nisqually Plaza [eb]","stop_id":"913"},"type":"Feature"},{"geometry":{"coordinates":[-122.58955,46.93304],"type":"Point"},"properties":{"kind":"stop","name":"Yelm Ave at Bald Hill Rd [eb]","stop_id":"914"},"type":"Feature"},{"geometry":{"coordinates":[-122.58405,46.93818],"type":"Point"},"properties":{"kind":"stop","name":"103rd Ave at Grove Rd [wb]","stop_id":"915"},"type":"Feature"},{"geometry":{"coordinates":[-122.58921,46.93835],"type":"Point"},"properties":{"kind":"stop","name":"103rd Ave at Creek St [wb]","stop_id":"916"},"type":"Feature"},{"geometry":{"coordinates":[-122.8443,47.00135],"type":"Point"},"properties":{"kind":"stop","name":"Wiggins Rd at Landview Dr [nb]","stop_id":"917"},"type":"Feature"},{"geometry":{"coordinates":[-122.877,47.04006],"type":"Point"},"properties":{"kind":"stop","name":"Union Ave at Fir St [eb]","stop_id":"918"},"type":"Feature"},{"geometry":{"coordinates":[-122.877,47.04014],"type":"Point"},"properties":{"kind":"stop","name":"Union Ave at Fir St [wb]","stop_id":"919"},"type":"Feature"},{"geometry":{"coordinates":[-122.9422,47.01799],"type":"Point"},"properties":{"kind":"stop","name":"Family Court Building","stop_id":"92"},"type":"Feature"},{"geometry":{"coordinates":[-122.60151,46.93912],"type":"Point"},"properties":{"kind":"stop","name":"Yelm Ave at Clark Rd [eb]","stop_id":"920"},"type":"Feature"},{"geometry":{"coordinates":[-122.81076,46.98517],"type":"Point"},"properties":{"kind":"stop","name":"Balustrade Blvd at Radius Lp [eb]","stop_id":"921"},"type":"Feature"},{"geometry":{"coordinates":[-122.87999,47.00343],"type":"Point"},"properties":{"kind":"stop","name":"Yelm Hwy at Henderson Blvd [eb]","stop_id":"922"},"type":"Feature"},{"geometry":{"coordinates":[-122.48324,47.16107],"type":"Point"},"properties":{"kind":"stop","name":"SR512 Park & Ride -  Zone G","stop_id":"929"},"type":"Feature"},{"geometry":{"coordinates":[-122.93915,47.01923],"type":"Point"},"properties":{"kind":"stop","name":"RW Johnson Blvd at Somerset Hill Dr [nb]","stop_id":"93"},"type":"Feature"},{"geometry":{"coordinates":[-122.90665,46.98482],"type":"Point"},"properties":{"kind":"stop","name":"Capitol Blvd at Tumwater Blvd [nb]","stop_id":"939"},"type":"Feature"},{"geometry":{"coordinates":[-122.9391,47.02381],"type":"Point"},"properties":{"kind":"stop","name":"RW Johnson Blvd at 27th Ave [nb]","stop_id":"94"},"type":"Feature"},{"geometry":{"coordinates":[-122.87137,47.06587],"type":"Point"},"properties":{"kind":"stop","name":"Friendly Grove Park [nb]","stop_id":"940"},"type":"Feature"},{"geometry":{"coordinates":[-122.90465,47.04459],"type":"Point"},"properties":{"kind":"stop","name":"4th Ave at Water St [eb]","stop_id":"941"},"type":"Feature"},{"geometry":{"coordinates":[-122.93914,47.02221],"type":"Point"},"properties":{"kind":"stop","name":"RW Johnson Blvd at 29th Ave [nb]","stop_id":"942"},"type":"Feature"},{"geometry":{"coordinates":[-122.80808,47.00362],"type":"Point"},"properties":{"kind":"stop","name":"Rainier Vista Park [sb]","stop_id":"944"},"type":"Feature"},{"geometry":{"coordinates":[-122.81068,47.02562],"type":"Point"},"properties":{"kind":"stop","name":"Ruddell Rd at 25th Ave [nb]","stop_id":"945"},"type":"Feature"},{"geometry":{"coordinates":[-122.79864,47.0382],"type":"Point"},"properties":{"kind":"stop","name":"Pacific at Bismarck Ln [wb]","stop_id":"946"},"type":"Feature"},{"geometry":{"coordinates":[-122.80497,47.03703],"type":"Point"},"properties":{"kind":"stop","name":"Pacific Ave at Ulery St [wb]","stop_id":"947"},"type":"Feature"},{"geometry":{"coordinates":[-122.84441,46.99927],"type":"Point"},"properties":{"kind":"stop","name":"Wiggins Rd at Yelm Hwy [sb]","stop_id":"948"},"type":"Feature"},{"geometry":{"coordinates":[-122.84428,46.9993],"type":"Point"},"properties":{"kind":"stop","name":"Wiggins Rd at 55th Ct [nb]","stop_id":"949"},"type":"Feature"},{"geometry":{"coordinates":[-122.94131,47.01425],"type":"Point"},"properties":{"kind":"stop","name":"37th Ave at RW Johnson Blvd [wb]","stop_id":"95"},"type":"Feature"},{"geometry":{"coordinates":[-122.90093,47.03517],"type":"Point"},"properties":{"kind":"stop","name":"Capitol Way at 14th Ave [sb]","stop_id":"950"},"type":"Feature"},{"geometry":{"coordinates":[-122.9444,47.01527],"type":"Point"},"properties":{"kind":"stop","name":"Accountability & Restitution Center [nb]","stop_id":"96"},"type":"Feature"},{"geometry":{"coordinates":[-122.90159,47.03545],"type":"Point"},"properties":{"kind":"stop","name":"Sid Snyder Ave at Capitol Way [eb]","stop_id":"961"},"type":"Feature"},{"geometry":{"coordinates":[-122.90152,47.04417],"type":"Point"},"properties":{"kind":"stop","name":"Capitol Way at 5th Ave [nb]","stop_id":"962"},"type":"Feature"},{"geometry":{"coordinates":[-122.8258,46.99617],"type":"Point"},"properties":{"kind":"stop","name":"Yelm Hwy at Ronald Lane [eb]","stop_id":"964"},"type":"Feature"},{"geometry":{"coordinates":[-122.94142,47.04878],"type":"Point"},"properties":{"kind":"stop","name":"Cooper Point Rd at Limited Ln [sb]","stop_id":"966"},"type":"Feature"},{"geometry":{"coordinates":[-122.91303,47.01132],"type":"Point"},"properties":{"kind":"stop","name":"7th Ave at Ebbets Dr [sb]","stop_id":"967"},"type":"Feature"},{"geometry":{"coordinates":[-122.74142,47.06829],"type":"Point"},"properties":{"kind":"stop","name":"Meridian Rd at Orion Dr [nb]","stop_id":"970"},"type":"Feature"},{"geometry":{"coordinates":[-122.76182,47.05752],"type":"Point"},"properties":{"kind":"stop","name":"Martin Way at Gerald St [wb]","stop_id":"977"},"type":"Feature"},{"geometry":{"coordinates":[-122.76929,47.0571],"type":"Point"},"properties":{"kind":"stop","name":"1145 Galaxy Dr [sb]","stop_id":"978"},"type":"Feature"},{"geometry":{"coordinates":[-122.82333,46.99505],"type":"Point"},"properties":{"kind":"stop","name":"Rainier Rd at Rainier Lp [sb]","stop_id":"979"},"type":"Feature"},{"geometry":{"coordinates":[-122.82313,46.98866],"type":"Point"},"properties":{"kind":"stop","name":"Rainier Rd at 66th Ave [sb]","stop_id":"980"},"type":"Feature"},{"geometry":{"coordinates":[-122.81999,46.98686],"type":"Point"},"properties":{"kind":"stop","name":"Balustrade Blvd at Compass St [eb]","stop_id":"981"},"type":"Feature"},{"geometry":{"coordinates":[-122.8163,46.98687],"type":"Point"},"properties":{"kind":"stop","name":"Balustrade Blvd at Prism St [eb]","stop_id":"982"},"type":"Feature"},{"geometry":{"coordinates":[-122.81315,46.98591],"type":"Point"},"properties":{"kind":"stop","name":"Balustrade Blvd at Flute St [eb]","stop_id":"983"},"type":"Feature"},{"geometry":{"coordinates":[-122.80601,46.98648],"type":"Point"},"properties":{"kind":"stop","name":"Balustrade Blvd at Ruddell Rd [eb]","stop_id":"984"},"type":"Feature"},{"geometry":{"coordinates":[-122.80006,46.99001],"type":"Point"},"properties":{"kind":"stop","name":"Balustrade Blvd at Delaware Ave [eb]","stop_id":"985"},"type":"Feature"},{"geometry":{"coordinates":[-122.80024,46.99022],"type":"Point"},"properties":{"kind":"stop","name":"Balustrade Blvd at Delaware Ave [wb]","stop_id":"986"},"type":"Feature"},{"geometry":{"coordinates":[-122.80601,46.98673],"type":"Point"},"properties":{"kind":"stop","name":"Balustrade Blvd at Ruddell Rd [wb]","stop_id":"987"},"type":"Feature"},{"geometry":{"coordinates":[-122.81151,46.9854],"type":"Point"},"properties":{"kind":"stop","name":"Balustrade Blvd at Breeze Dr [wb]","stop_id":"988"},"type":"Feature"},{"geometry":{"coordinates":[-122.81605,46.98705],"type":"Point"},"properties":{"kind":"stop","name":"Balustrade Blvd at Prism St [wb]","stop_id":"989"},"type":"Feature"},{"geometry":{"coordinates":[-122.81976,46.98706],"type":"Point"},"properties":{"kind":"stop","name":"Balustrade Blvd at Compass St [wb]","stop_id":"990"},"type":"Feature"},{"geometry":{"coordinates":[-122.823,46.98893],"type":"Point"},"properties":{"kind":"stop","name":"Rainier Rd at 66th Ave [nb]","stop_id":"991"},"type":"Feature"},{"geometry":{"coordinates":[-122.8231,46.99469],"type":"Point"},"properties":{"kind":"stop","name":"Rainier Rd at Rainier Loop [nb]","stop_id":"992"},"type":"Feature"},{"geometry":{"coordinates":[-122.82844,46.99695],"type":"Point"},"properties":{"kind":"stop","name":"Corporate Center Dr at Yelm Hwy [nb]","stop_id":"994"},"type":"Feature"},{"geometry":{"coordinates":[-122.82435,47.00034],"type":"Point"},"properties":{"kind":"stop","name":"Corporate Center Dr at College St [eb]","stop_id":"995"},"type":"Feature"},{"geometry":{"coordinates":[-122.90452,46.98346],"type":"Point"},"properties":{"kind":"stop","name":"Tumwater Blvd at Capitol Blvd [eb]","stop_id":"996"},"type":"Feature"},{"geometry":{"coordinates":[-122.90411,46.98546],"type":"Point"},"properties":{"kind":"stop","name":"Israel Rd at Nikolas St [wb]","stop_id":"997"},"type":"Feature"},{"geometry":{"coordinates":[-122.9103,47.00729],"type":"Point"},"properties":{"kind":"stop","name":"Linwood Ave at 5th Ave [sb]","stop_id":"998"},"type":"Feature"},{"geometry":{"coordinates":[-122.57929,46.93363],"type":"Point"},"properties":{"kind":"stop","name":"Yelm Walmart","stop_id":"999"},"type":"Feature"}],"type":"FeatureCollection"}
