{"features":[{"geometry":{"coordinates":[[-95.40328,29.70438],[-95.40325,29.70377],[-95.40441,29.704],[-95.40467,29.7038],[-95.40465,29.70344],[-95.40529,29.70356],[-95.40735,29.70468],[-95.40787,29.70558],[-95.40788,29.7063],[-95.40962,29.7063],[-95.46831,29.70593],[-95.4685,29.70565],[-95.46908,29.70563],[-95.46964,29.7058],[-95.50225,29.70546],[-95.50402,29.70521],[-95.50761,29.70409],[-95.50928,29.70389],[-95.51165,29.70406],[-95.51504,29.70505],[-95.51738,29.70529],[-95.55035,29.70497],[-95.56729,29.70406],[-95.57341,29.70394],[-95.61094,29.70349],[-95.6236,29.70381],[-95.62749,29.70396],[-95.62745,29.70568],[-95.6278,29.70713],[-95.6278,29.71125],[-95.62951,29.71142],[-95.63061,29.71129],[-95.63054,29.71101],[-95.62999,29.71135],[-95.62941,29.71142]],"type":"LineString"},"properties":{"color":"#004080","color_name":"teal","kind":"route","label":"002","long":"Bellaire","route_id":"002","text_color":"#FFFFFF","type_label":"Bus"},"type":"Feature"},{"geometry":{"coordinates":[[-95.35836,29.77178],[-95.3589,29.77205],[-95.35877,29.77229],[-95.35905,29.77273],[-95.35988,29.7724],[-95.36153,29.77613],[-95.35561,29.77832],[-95.33962,29.77865],[-95.33928,29.78055],[-95.33924,29.79388],[-95.33141,29.79395],[-95.32984,29.7935],[-95.3287,29.79346],[-95.32576,29.79348],[-95.32399,29.79388],[-95.32206,29.79388],[-95.32223,29.79435],[-95.32237,29.80389],[-95.31703,29.80395],[-95.31711,29.81365],[-95.32765,29.81355],[-95.32822,29.81428],[-95.32864,29.81432],[-95.32901,29.8344],[-95.32888,29.83563],[-95.32695,29.8404],[-95.30211,29.84072],[-95.30209,29.83926],[-95.30196,29.83927],[-95.30209,29.84854],[-95.30184,29.84941],[-95.30065,29.85114],[-95.30044,29.85197],[-95.30051,29.86424],[-95.31726,29.86403],[-95.31621,29.86667],[-95.3145,29.86684],[-95.30052,29.86687],[-95.30054,29.87151],[-95.30974,29.87129],[-95.31365,29.8704],[-95.31618,29.87036],[-95.31916,29.87003],[-95.32826,29.86998],[-95.33194,29.87101],[-95.3381,29.8711],[-95.36194,29.87089],[-95.36512,29.87078],[-95.36839,29.87032],[-95.3795,29.87007],[-95.41031,29.86994],[-95.41247,29.87056],[-95.41222,29.87466],[-95.41422,29.87471],[-95.41417,29.87732],[-95.41404,29.87471],[-95.4124,29.87474],[-95.41276,29.87147],[-95.41281,29.86912],[-95.42828,29.86357],[-95.43104,29.86357],[-95.4311,29.86525],[-95.43084,29.86513],[-95.43082,29.86466],[-95.4311,29.86457],[-95.43104,29.86357],[-95.44642,29.86349],[-95.44906,29.86316],[-95.45185,29.8632],[-95.45362,29.86346],[-95.45875,29.86344],[-95.45889,29.87073],[-95.46118,29.87072],[-95.4631,29.87039],[-95.47081,29.86783],[-95.4729,29.86692],[-95.47352,29.86328],[-95.47753,29.86326],[-95.47817,29.8634],[-95.47906,29.86402],[-95.47964,29.86504],[-95.48016,29.86556],[-95.48126,29.86584],[-95.50692,29.86569],[-95.50704,29.86465],[-95.50689,29.8638],[-95.50564,29.86193],[-95.50318,29.86309],[-95.50017,29.86315],[-95.50019,29.86557],[-95.48132,29.86571],[-95.47911,29.86549],[-95.47632,29.86565],[-95.47453,29.86605],[-95.4716,29.86735]],"type":"LineString"},"properties":{"color":"#004080","color_name":"teal","kind":"route","label":"003","long":"Langley - Little York","route_id":"003","text_color":"#FFFFFF","type_label":"Bus"},"type":"Feature"},{"geometry":{"coordinates":[[-95.62941,29.71142],[-95.6278,29.71125],[-95.62792,29.71213],[-95.63452,29.71159],[-95.6345,29.70412],[-95.63818,29.70414],[-95.63797,29.69922],[-95.63873,29.69645],[-95.63806,29.69495],[-95.63801,29.69304],[-95.63436,29.69306],[-95.63437,29.69013],[-95.63206,29.68982],[-95.62937,29.6885],[-95.62743,29.68795],[-95.62566,29.68792],[-95.6224,29.68844],[-95.61367,29.68847],[-95.61117,29.68879],[-95.59521,29.68904],[-95.59241,29.68878],[-95.58242,29.68886],[-95.57653,29.68796],[-95.57204,29.68802],[-95.56657,29.68904],[-95.56288,29.6892],[-95.56023,29.68956],[-95.55505,29.68914],[-95.54973,29.69043],[-95.5369,29.69067],[-95.53551,29.69099],[-95.53229,29.69224],[-95.53025,29.6925],[-95.52874,29.69238],[-95.52521,29.69154],[-95.52094,29.69146],[-95.51822,29.69099],[-95.51327,29.69108],[-95.51083,29.69177],[-95.50932,29.69199],[-95.50714,29.69185],[-95.50452,29.69087],[-95.50144,29.68871],[-95.49922,29.68815],[-95.49195,29.68821],[-95.48791,29.68893],[-95.45168,29.68914],[-95.44896,29.68977],[-95.44495,29.68995],[-95.44396,29.69035],[-95.44268,29.6913],[-95.44179,29.69154],[-95.43764,29.69163],[-95.43471,29.69267],[-95.43219,29.69252],[-95.43128,29.69263],[-95.43055,29.69295],[-95.42924,29.69398],[-95.4268,29.69672],[-95.42519,29.69742],[-95.42404,29.69742],[-95.42173,29.69676],[-95.42077,29.69668],[-95.41999,29.69685],[-95.41767,29.698],[-95.41682,29.69814],[-95.41448,29.69736],[-95.41235,29.69698],[-95.40666,29.70423],[-95.40529,29.70356],[-95.40465,29.70344],[-95.40451,29.70384],[-95.40381,29.7038],[-95.40404,29.70483],[-95.40341,29.70485],[-95.40319,29.70385],[-95.40341,29.70375],[-95.40366,29.70484],[-95.40341,29.70485],[-95.40319,29.70385],[-95.40351,29.70373],[-95.40455,29.70396],[-95.40465,29.70344],[-95.40434,29.70343],[-95.39947,29.7044],[-95.39908,29.70539],[-95.39899,29.70901],[-95.39739,29.7101],[-95.39431,29.70824],[-95.39357,29.70715],[-95.39151,29.7081],[-95.38855,29.70836],[-95.38764,29.70872],[-95.38704,29.70924],[-95.38506,29.71197],[-95.38387,29.7126],[-95.38264,29.71262],[-95.37934,29.71169],[-95.37853,29.71162],[-95.37718,29.71185],[-95.37338,29.71353],[-95.37224,29.71334],[-95.37139,29.71279],[-95.37048,29.71338],[-95.37172,29.71421],[-95.37133,29.71518],[-95.3717,29.71568],[-95.37146,29.7167],[-95.36435,29.7257],[-95.3624,29.72452],[-95.36158,29.7238],[-95.35902,29.72299],[-95.35581,29.72242],[-95.35188,29.72122],[-95.35042,29.72477],[-95.34632,29.72349],[-95.34573,29.72477],[-95.34402,29.7272],[-95.34015,29.72599],[-95.33879,29.72592],[-95.3377,29.72645],[-95.33614,29.72822],[-95.33546,29.72865],[-95.33491,29.72865]],"type":"LineString"},"properties":{"color":"#004080","color_name":"teal","kind":"route","label":"004","long":"Beechnut","route_id":"004","text_color":"#FFFFFF","type_label":"Bus"},"type":"Feature"},{"geometry":{"coordinates":[[-95.38335,29.73239],[-95.38341,29.73203],[-95.38879,29.72526],[-95.37974,29.71993],[-95.3823,29.71253],[-95.37934,29.71169],[-95.37759,29.71174],[-95.37789,29.71349],[-95.37791,29.71652],[-95.37639,29.7218],[-95.37385,29.72009],[-95.37298,29.71977],[-95.36588,29.71547],[-95.36174,29.71418],[-95.36044,29.71447],[-95.36191,29.71073],[-95.36007,29.7105],[-95.35803,29.7111],[-95.35736,29.71094],[-95.35642,29.71032],[-95.35951,29.70235],[-95.35959,29.70134],[-95.35932,29.70028],[-95.3589,29.7004],[-95.35842,29.70161],[-95.35798,29.70147],[-95.35781,29.70169],[-95.35651,29.70132],[-95.35647,29.70112],[-95.35842,29.70161],[-95.35727,29.7044],[-95.34079,29.69927],[-95.32989,29.69556],[-95.31479,29.69106],[-95.31409,29.6907],[-95.30726,29.68545],[-95.30604,29.6851],[-95.29697,29.68511],[-95.27829,29.6856],[-95.27771,29.68503],[-95.27739,29.68499],[-95.27697,29.68537],[-95.27714,29.68574],[-95.27661,29.68618],[-95.26468,29.69513],[-95.25415,29.68383],[-95.2526,29.6826],[-95.25163,29.68209],[-95.25028,29.68174],[-95.24899,29.68177],[-95.24625,29.68285],[-95.24469,29.6832],[-95.2295,29.68333],[-95.2277,29.68067],[-95.23463,29.674],[-95.23525,29.67448]],"type":"LineString"},"properties":{"color":"#004080","color_name":"teal","kind":"route","label":"005","long":"Southmore","route_id":"005","text_color":"#FFFFFF","type_label":"Bus"},"type":"Feature"},{"geometry":{"coordinates":[[-95.37103,29.75016],[-95.3713,29.74978],[-95.3691,29.74844],[-95.35841,29.76194],[-95.35084,29.75741],[-95.35031,29.75735],[-95.34536,29.75937],[-95.34368,29.76145],[-95.34304,29.76281],[-95.34305,29.76769],[-95.34349,29.76871],[-95.34343,29.77114],[-95.34318,29.77175],[-95.3419,29.77298],[-95.34179,29.77384],[-95.33955,29.775],[-95.33932,29.78278],[-95.33933,29.78335],[-95.33953,29.78367],[-95.34027,29.78345],[-95.34057,29.77857],[-95.34187,29.77857],[-95.34293,29.84615],[-95.3428,29.84819],[-95.34237,29.8494],[-95.34148,29.85092],[-95.33825,29.85107],[-95.33631,29.85136],[-95.3364,29.85153],[-95.3378,29.85152],[-95.33825,29.85107],[-95.34104,29.85096],[-95.34129,29.85119],[-95.33399,29.86336],[-95.33317,29.86453],[-95.33251,29.86442],[-95.33217,29.86547],[-95.32879,29.87166],[-95.3127,29.89922],[-95.31116,29.90255],[-95.31259,29.90294],[-95.3324,29.90246],[-95.3323,29.90375],[-95.33143,29.90605],[-95.33126,29.90719],[-95.33144,29.91542],[-95.33083,29.91898],[-95.3309,29.92328],[-95.33128,29.92594],[-95.33122,29.93018],[-95.31615,29.93042],[-95.31623,29.934],[-95.31554,29.93721],[-95.31554,29.94332],[-95.3175,29.94352],[-95.32414,29.9435],[-95.3254,29.94387],[-95.32805,29.94572],[-95.32891,29.94612],[-95.32997,29.94632],[-95.33179,29.94631],[-95.33175,29.93997],[-95.33223,29.93952],[-95.35613,29.93933],[-95.35625,29.94134],[-95.35843,29.95114],[-95.36215,29.95118],[-95.36481,29.95166],[-95.36914,29.95174],[-95.37084,29.95222],[-95.37323,29.95329],[-95.37486,29.95358],[-95.37992,29.95353],[-95.3817,29.95326],[-95.38324,29.95267],[-95.3856,29.95129],[-95.38718,29.9509],[-95.39957,29.95067],[-95.39877,29.94905],[-95.39656,29.9464],[-95.39598,29.94451],[-95.39594,29.94343],[-95.40066,29.9443],[-95.40227,29.9442],[-95.40384,29.9436],[-95.40481,29.94658],[-95.40529,29.94723],[-95.40719,29.94876],[-95.40751,29.94939],[-95.4076,29.95055],[-95.40962,29.95053],[-95.41119,29.95029],[-95.41036,29.94861]],"type":"LineString"},"properties":{"color":"#004080","color_name":"teal","kind":"route","label":"006","long":"Jensen / Greens","route_id":"006","text_color":"#FFFFFF","type_label":"Bus"},"type":"Feature"},{"geometry":{"coordinates":[[-95.45699,29.67958],[-95.45678,29.67939],[-95.45691,29.67926],[-95.4576,29.67961],[-95.45766,29.67998],[-95.45943,29.68003],[-95.4597,29.67706],[-95.4616,29.6721],[-95.46403,29.66461],[-95.46417,29.66344],[-95.46403,29.65801],[-95.46595,29.65778],[-95.46763,29.65672],[-95.46976,29.65584],[-95.47713,29.65124],[-95.47819,29.65102],[-95.48217,29.65098],[-95.48232,29.64995],[-95.48223,29.64471],[-95.51147,29.64429],[-95.51362,29.64389],[-95.51624,29.64261],[-95.5179,29.64209],[-95.5215,29.64194],[-95.52379,29.64163],[-95.52643,29.64166],[-95.52785,29.64199],[-95.52771,29.64309],[-95.52782,29.64919],[-95.52715,29.64922]],"type":"LineString"},"properties":{"color":"#004080","color_name":"teal","kind":"route","label":"007","long":"West Airport","route_id":"007","text_color":"#FFFFFF","type_label":"Bus"},"type":"Feature"},{"geometry":{"coordinates":[[-95.55946,29.65528],[-95.55914,29.65538],[-95.55926,29.65564],[-95.56042,29.65559],[-95.56074,29.65525],[-95.56083,29.65467],[-95.56292,29.65472],[-95.56352,29.65319],[-95.56025,29.65254],[-95.55328,29.65268],[-95.55196,29.65283],[-95.55063,29.65324],[-95.54552,29.6557],[-95.54338,29.6562],[-95.53273,29.65626],[-95.52896,29.6556],[-95.51608,29.65553],[-95.51268,29.65589],[-95.50331,29.65599],[-95.49898,29.65699],[-95.48301,29.65724],[-95.48116,29.65752],[-95.47884,29.65821],[-95.47638,29.65936],[-95.47525,29.66011],[-95.46573,29.66888],[-95.46442,29.66979],[-95.46281,29.67048],[-95.4598,29.67115],[-95.45707,29.67246],[-95.45545,29.67293],[-95.45396,29.67308],[-95.43939,29.67323],[-95.43737,29.67276],[-95.43497,29.67279],[-95.43269,29.67332],[-95.43183,29.67319],[-95.42858,29.67201],[-95.42663,29.67183],[-95.42489,29.67211],[-95.42267,29.67277],[-95.42102,29.67291],[-95.41335,29.67308],[-95.40936,29.67245],[-95.40456,29.67256],[-95.40155,29.67342],[-95.40165,29.67384],[-95.40223,29.67375]],"type":"LineString"},"properties":{"color":"#004080","color_name":"teal","kind":"route","label":"008","long":"West Bellfort","route_id":"008","text_color":"#FFFFFF","type_label":"Bus"},"type":"Feature"},{"geometry":{"coordinates":[[-95.33519,29.72864],[-95.33465,29.72855],[-95.33467,29.72874],[-95.33596,29.72915],[-95.33625,29.72833],[-95.33767,29.72669],[-95.33882,29.72612],[-95.33994,29.72614],[-95.34395,29.72738],[-95.34461,29.72625],[-95.3457,29.72502],[-95.34643,29.72353],[-95.35551,29.72632],[-95.36032,29.72883],[-95.36656,29.73258],[-95.36499,29.7345],[-95.36623,29.73525],[-95.37277,29.73905],[-95.37425,29.73722],[-95.37942,29.7403],[-95.37794,29.74217],[-95.3805,29.74371],[-95.3819,29.7419],[-95.382,29.73962],[-95.38264,29.73817],[-95.38647,29.73325],[-95.38713,29.73268],[-95.38807,29.73232],[-95.39806,29.73147],[-95.40502,29.73114],[-95.41319,29.7312],[-95.41865,29.731],[-95.41862,29.72861],[-95.42019,29.72859],[-95.42217,29.72886],[-95.43279,29.72797],[-95.43499,29.72826],[-95.46107,29.72618],[-95.46074,29.72449],[-95.46065,29.71664],[-95.49456,29.71628],[-95.49626,29.7156],[-95.49722,29.71486],[-95.49425,29.71227],[-95.49339,29.71079],[-95.49683,29.71063],[-95.4968,29.70694],[-95.49723,29.70551],[-95.50296,29.7054],[-95.50469,29.70503],[-95.507,29.70423],[-95.5088,29.70392],[-95.51165,29.70406],[-95.51616,29.70523],[-95.52122,29.70525],[-95.52128,29.71129],[-95.52078,29.71314],[-95.51572,29.71303],[-95.51578,29.7176],[-95.51354,29.71763],[-95.51367,29.71677],[-95.51359,29.70994]],"type":"LineString"},"properties":{"color":"#004080","color_name":"teal","kind":"route","label":"009","long":"Gulfton / Holman","route_id":"009","text_color":"#FFFFFF","type_label":"Bus"},"type":"Feature"},{"geometry":{"coordinates":[[-95.40336,29.70464],[-95.40325,29.70377],[-95.40441,29.704],[-95.40467,29.7038],[-95.40465,29.70344],[-95.40529,29.70356],[-95.40735,29.70468],[-95.40787,29.70558],[-95.40788,29.7063],[-95.44021,29.70607],[-95.43985,29.66507],[-95.44631,29.66455],[-95.46546,29.66438],[-95.46733,29.66473],[-95.4698,29.66624],[-95.47122,29.66662],[-95.49721,29.66628],[-95.49818,29.66628],[-95.49837,29.66669],[-95.49879,29.66677],[-95.50844,29.66655],[-95.50851,29.67086],[-95.50436,29.67093],[-95.50432,29.66699]],"type":"LineString"},"properties":{"color":"#004080","color_name":"teal","kind":"route","label":"010","long":"Willowbend","route_id":"010","text_color":"#FFFFFF","type_label":"Bus"},"type":"Feature"},{"geometry":{"coordinates":[[-95.26027,29.78038],[-95.26026,29.78007],[-95.26243,29.7796],[-95.26444,29.7847],[-95.26814,29.78354],[-95.26992,29.78244],[-95.27072,29.78156],[-95.2713,29.78056],[-95.2721,29.77731],[-95.27988,29.77842],[-95.28527,29.7784],[-95.28693,29.77807],[-95.28823,29.77805],[-95.29045,29.77829],[-95.29305,29.77779],[-95.29785,29.77575],[-95.30102,29.77478],[-95.30118,29.77649],[-95.31573,29.77644],[-95.31564,29.77555],[-95.3152,29.77544],[-95.31536,29.77646],[-95.33131,29.77597],[-95.33766,29.77597],[-95.34456,29.77227],[-95.34666,29.77161],[-95.35208,29.77155],[-95.35218,29.77055],[-95.35575,29.7685],[-95.3574,29.76402],[-95.35906,29.76276],[-95.36939,29.74969],[-95.372,29.75127],[-95.3726,29.75052],[-95.36653,29.74688],[-95.37425,29.73722],[-95.37338,29.73671],[-95.37435,29.7354],[-95.37502,29.73391],[-95.38703,29.69888],[-95.39051,29.69823],[-95.39064,29.69869],[-95.39018,29.69894],[-95.39016,29.69931],[-95.39049,29.69951],[-95.39092,29.69937],[-95.39062,29.69809],[-95.38708,29.69876],[-95.39322,29.68083],[-95.39702,29.68056],[-95.40241,29.67945],[-95.40295,29.6792],[-95.40279,29.67863],[-95.39987,29.6792],[-95.39976,29.67341],[-95.40157,29.67353],[-95.40165,29.67384],[-95.40183,29.67386],[-95.40264,29.67354],[-95.40165,29.67384],[-95.40157,29.67353],[-95.40309,29.67303],[-95.40331,29.66934],[-95.40306,29.66852],[-95.39776,29.66998],[-95.3976,29.66982],[-95.39834,29.667],[-95.41392,29.62781],[-95.41822,29.62847],[-95.43099,29.62826],[-95.43083,29.61453],[-95.43145,29.61453],[-95.43153,29.61373],[-95.43175,29.61372]],"type":"LineString"},"properties":{"color":"#004080","color_name":"teal","kind":"route","label":"011","long":"Almeda / Lyons","route_id":"011","text_color":"#FFFFFF","type_label":"Bus"},"type":"Feature"},{"geometry":{"coordinates":[[-95.40373,29.70456],[-95.40351,29.70373],[-95.40441,29.704],[-95.40467,29.7038],[-95.40465,29.70344],[-95.40529,29.70356],[-95.40666,29.70423],[-95.42741,29.67804],[-95.43162,29.67298],[-95.43418,29.6695],[-95.44139,29.66052],[-95.44194,29.65943],[-95.44206,29.65685],[-95.44262,29.6556],[-95.44305,29.65518],[-95.44379,29.65488],[-95.44506,29.65474],[-95.44677,29.65416],[-95.44659,29.65325],[-95.44653,29.64572],[-95.44315,29.64579],[-95.44306,29.64227],[-95.44285,29.64185],[-95.4448,29.64125],[-95.44646,29.6411],[-95.44623,29.62755],[-95.43801,29.6277],[-95.43792,29.62045],[-95.43803,29.61988],[-95.43911,29.61788],[-95.43905,29.61332],[-95.43221,29.61341],[-95.43222,29.61394],[-95.43175,29.61399]],"type":"LineString"},"properties":{"color":"#004080","color_name":"teal","kind":"route","label":"014","long":"Hiram Clarke","route_id":"014","text_color":"#FFFFFF","type_label":"Bus"},"type":"Feature"},{"geometry":{"coordinates":[[-95.30292,29.73514],[-95.30317,29.73455],[-95.29774,29.73289],[-95.29726,29.73411],[-95.28616,29.73072],[-95.28344,29.73746],[-95.28315,29.73768],[-95.28369,29.73851],[-95.28472,29.73941],[-95.28681,29.74008],[-95.2885,29.73594],[-95.2918,29.73695],[-95.33418,29.75025],[-95.33558,29.75127],[-95.34743,29.7585],[-95.35031,29.75735],[-95.35084,29.75741],[-95.35238,29.75834],[-95.35298,29.7576],[-95.36417,29.76428],[-95.36538,29.76281],[-95.36653,29.76339],[-95.36946,29.76385],[-95.37363,29.76381],[-95.37882,29.76347],[-95.38019,29.76318],[-95.383,29.7622],[-95.3857,29.76196],[-95.38768,29.76214],[-95.39073,29.76301],[-95.39253,29.76318],[-95.39611,29.76409],[-95.39742,29.76422],[-95.3992,29.76381],[-95.40266,29.76222],[-95.40428,29.76176],[-95.40962,29.76186],[-95.41226,29.76278],[-95.41325,29.7629],[-95.41446,29.76255],[-95.41613,29.76148],[-95.42195,29.7614],[-95.42315,29.76174],[-95.42455,29.76297],[-95.42549,29.76343],[-95.42843,29.76363],[-95.43214,29.76483],[-95.43377,29.76514],[-95.43627,29.76531],[-95.44044,29.76527],[-95.44468,29.7671],[-95.44638,29.76804],[-95.44894,29.76877],[-95.44969,29.76876],[-95.45405,29.7673],[-95.45911,29.76419],[-95.46159,29.76355],[-95.46336,29.76234],[-95.46296,29.75026],[-95.46724,29.75022],[-95.46666,29.72976],[-95.46699,29.72868],[-95.46822,29.7271],[-95.46833,29.72559],[-95.46626,29.72577],[-95.46632,29.72558],[-95.46604,29.72542],[-95.46429,29.72541],[-95.46429,29.72516],[-95.46521,29.72513],[-95.46521,29.72537],[-95.46626,29.7255],[-95.46626,29.72577],[-95.46833,29.72559],[-95.46816,29.72515],[-95.46793,29.70593],[-95.46836,29.7059],[-95.4685,29.70565],[-95.47168,29.70575],[-95.47598,29.7036],[-95.47621,29.70372],[-95.47624,29.70537]],"type":"LineString"},"properties":{"color":"#004080","color_name":"teal","kind":"route","label":"020","long":"Canal / Memorial","route_id":"020","text_color":"#FFFFFF","type_label":"Bus"},"type":"Feature"},{"geometry":{"coordinates":[[-95.50231,29.82936],[-95.50059,29.82938],[-95.50011,29.82977],[-95.49562,29.82655],[-95.49526,29.8269],[-95.49361,29.82574],[-95.49158,29.82812],[-95.49081,29.83323],[-95.48913,29.83296],[-95.48613,29.83315],[-95.48276,29.83301],[-95.48892,29.83874],[-95.4892,29.83668],[-95.49094,29.83327],[-95.4899,29.83299],[-95.48519,29.83315],[-95.4811,29.8329],[-95.47212,29.83295],[-95.4695,29.8324],[-95.46804,29.83235],[-95.4436,29.83267],[-95.44226,29.83225],[-95.43672,29.82874],[-95.4357,29.8283],[-95.4348,29.82817],[-95.42911,29.82829],[-95.42642,29.82869],[-95.42364,29.82883],[-95.42214,29.8286],[-95.41805,29.82733],[-95.41564,29.82701],[-95.40921,29.82731],[-95.40657,29.82801],[-95.39984,29.8281],[-95.39579,29.82845],[-95.38044,29.82858],[-95.37604,29.82827],[-95.37592,29.83204],[-95.37638,29.83199],[-95.37689,29.83247]],"type":"LineString"},"properties":{"color":"#004080","color_name":"teal","kind":"route","label":"023","long":"Clay - W. 43rd","route_id":"023","text_color":"#FFFFFF","type_label":"Bus"},"type":"Feature"},{"geometry":{"coordinates":[[-95.33486,29.72812],[-95.33527,29.72767],[-95.33565,29.72804],[-95.33511,29.7287],[-95.33465,29.72855],[-95.33467,29.72874],[-95.33596,29.72915],[-95.33625,29.72833],[-95.33767,29.72669],[-95.33821,29.72633],[-95.33737,29.72483],[-95.33542,29.71794],[-95.33591,29.71774],[-95.33756,29.71862],[-95.33906,29.71909],[-95.3399,29.71702],[-95.33999,29.71584],[-95.34038,29.71584],[-95.34564,29.71733],[-95.34743,29.71808],[-95.35265,29.71971],[-95.35377,29.71692],[-95.36393,29.72001],[-95.37074,29.72404],[-95.36926,29.7259],[-95.38272,29.734],[-95.38362,29.73176],[-95.38438,29.73225],[-95.38297,29.73416],[-95.38418,29.73466],[-95.42777,29.73405],[-95.43025,29.73384],[-95.43437,29.73291],[-95.44966,29.73252],[-95.45229,29.73285],[-95.45612,29.73278],[-95.45883,29.73206],[-95.46665,29.73164],[-95.48416,29.7316],[-95.48659,29.73189],[-95.48978,29.73191],[-95.50158,29.73174],[-95.50308,29.73147],[-95.50719,29.72986],[-95.50919,29.72942],[-95.53365,29.72905],[-95.5347,29.72889],[-95.5379,29.72786],[-95.54048,29.72775],[-95.54192,29.72784],[-95.54525,29.72867],[-95.54726,29.72886],[-95.55011,29.72867],[-95.5545,29.72769],[-95.56066,29.7277],[-95.56378,29.72791],[-95.57413,29.7278],[-95.57956,29.72795],[-95.58187,29.72862],[-95.58423,29.73029],[-95.58569,29.73097],[-95.58701,29.73126],[-95.58842,29.7313],[-95.59098,29.73083],[-95.59408,29.73065],[-95.59697,29.7299],[-95.60583,29.72985],[-95.60576,29.72726],[-95.60499,29.72426],[-95.6049,29.71994],[-95.6082,29.72008],[-95.61272,29.72004],[-95.61363,29.71987],[-95.61401,29.71931],[-95.61419,29.71733],[-95.61519,29.71651],[-95.6147,29.71527],[-95.61472,29.71315],[-95.62792,29.71213],[-95.62795,29.71125],[-95.62951,29.71142],[-95.63061,29.71129],[-95.63054,29.71101],[-95.62999,29.71135],[-95.62941,29.71142]],"type":"LineString"},"properties":{"color":"#004080","color_name":"teal","kind":"route","label":"025","long":"Richmond","route_id":"025","text_color":"#FFFFFF","type_label":"Bus"},"type":"Feature"},{"geometry":{"coordinates":[[-95.53597,29.78026],[-95.53591,29.77857],[-95.5402,29.77853],[-95.54098,29.77828],[-95.54311,29.77809],[-95.54449,29.77821],[-95.5444,29.78048],[-95.54394,29.78242],[-95.54389,29.78359],[-95.54407,29.78717],[-95.54456,29.78918],[-95.54465,29.79428],[-95.53933,29.79409],[-95.53693,29.79422],[-95.52581,29.79729],[-95.52223,29.79855],[-95.51275,29.80023],[-95.5112,29.80107],[-95.51003,29.80235],[-95.50895,29.80288],[-95.50653,29.80304],[-95.49481,29.80303],[-95.48739,29.80278],[-95.46825,29.80288],[-95.46296,29.80292],[-95.46256,29.80318],[-95.46011,29.80141],[-95.45858,29.8014],[-95.42598,29.80166],[-95.42514,29.80194],[-95.42331,29.8035],[-95.42234,29.80371],[-95.38854,29.80412],[-95.38738,29.80388],[-95.38312,29.80377],[-95.37294,29.80386],[-95.37057,29.80368],[-95.36817,29.80312],[-95.35244,29.8033],[-95.35218,29.79321],[-95.3507,29.79325],[-95.349,29.79367],[-95.34795,29.79372],[-95.34314,29.79363],[-95.34209,29.79375],[-95.3422,29.80201],[-95.33491,29.80023],[-95.33337,29.80009],[-95.32816,29.80019],[-95.32825,29.80685],[-95.32858,29.80997],[-95.32864,29.81432],[-95.3281,29.81442],[-95.32787,29.81427]],"type":"LineString"},"properties":{"color":"#004080","color_name":"teal","kind":"route","label":"026","long":"Long Point / Cavalcade","route_id":"026","text_color":"#FFFFFF","type_label":"Bus"},"type":"Feature"},{"geometry":{"coordinates":[[-95.404,29.7045],[-95.40404,29.70483],[-95.40341,29.70485],[-95.40325,29.70377],[-95.40441,29.704],[-95.40467,29.7038],[-95.40465,29.70344],[-95.40499,29.70349],[-95.40735,29.70468],[-95.40787,29.70558],[-95.40788,29.7063],[-95.41258,29.70627],[-95.4127,29.71751],[-95.41153,29.71763],[-95.40896,29.71851],[-95.41021,29.72109],[-95.41047,29.72291],[-95.41075,29.75445],[-95.41042,29.75499],[-95.40896,29.75565],[-95.40854,29.75607],[-95.40828,29.75887],[-95.4083,29.75933],[-95.4087,29.75956],[-95.40938,29.76523],[-95.40964,29.77939],[-95.40916,29.78108],[-95.40975,29.78374],[-95.41061,29.82646],[-95.41051,29.82778],[-95.41102,29.84646],[-95.41109,29.84755],[-95.41199,29.85145],[-95.41218,29.85392],[-95.41247,29.87056],[-95.41214,29.87408],[-95.41222,29.87466],[-95.4124,29.87474],[-95.41422,29.87471],[-95.41424,29.87602]],"type":"LineString"},"properties":{"color":"#004080","color_name":"teal","kind":"route","label":"027","long":"Shepherd","route_id":"027","text_color":"#FFFFFF","type_label":"Bus"},"type":"Feature"},{"geometry":{"coordinates":[[-95.39348,29.71145],[-95.39311,29.71173],[-95.39142,29.71006],[-95.39074,29.70871],[-95.39097,29.70832],[-95.39347,29.70732],[-95.39423,29.70832],[-95.39737,29.7102],[-95.39906,29.7091],[-95.39917,29.7054],[-95.39947,29.7044],[-95.40335,29.70357],[-95.40366,29.70484],[-95.40341,29.70485],[-95.40325,29.70377],[-95.40441,29.704],[-95.40467,29.7038],[-95.40465,29.70344],[-95.40391,29.70346],[-95.39947,29.7044],[-95.3992,29.69906],[-95.39833,29.69626],[-95.39048,29.69812],[-95.39064,29.69869],[-95.39011,29.6991],[-95.39025,29.69943],[-95.39069,29.69949],[-95.39095,29.69929],[-95.39062,29.69809],[-95.37706,29.7007],[-95.37406,29.70097],[-95.37267,29.70142],[-95.37116,29.70156],[-95.35815,29.70231],[-95.35842,29.70161],[-95.35798,29.70147],[-95.35781,29.70169],[-95.35651,29.70132],[-95.35662,29.70105],[-95.35842,29.70161],[-95.35815,29.70231],[-95.35336,29.70255],[-95.35102,29.70307],[-95.33766,29.70844],[-95.3315,29.71017],[-95.32563,29.71146],[-95.32416,29.71136],[-95.32082,29.71045],[-95.31863,29.71075],[-95.31686,29.71143],[-95.31042,29.72624],[-95.3084,29.73164],[-95.30752,29.73333],[-95.30696,29.73392],[-95.30559,29.73458],[-95.30496,29.7351],[-95.30342,29.73463],[-95.303,29.73562],[-95.30275,29.73554],[-95.30307,29.73473],[-95.30317,29.73455],[-95.30496,29.7351],[-95.30403,29.73696],[-95.29772,29.75205],[-95.29506,29.75538],[-95.29467,29.75634],[-95.29428,29.75642],[-95.29359,29.75551],[-95.2942,29.75479],[-95.29422,29.75375],[-95.29457,29.75351],[-95.29495,29.75356],[-95.29772,29.75526],[-95.29771,29.75594],[-95.29728,29.75647],[-95.30125,29.75871],[-95.30102,29.77478],[-95.30845,29.7747],[-95.3105,29.77438],[-95.31281,29.77437],[-95.31516,29.77465],[-95.31523,29.77575],[-95.31566,29.77574],[-95.31563,29.77535],[-95.3154,29.77532]],"type":"LineString"},"properties":{"color":"#004080","color_name":"teal","kind":"route","label":"028","long":"OST - Wayside","route_id":"028","text_color":"#FFFFFF","type_label":"Bus"},"type":"Feature"},{"geometry":{"coordinates":[[-95.32813,29.81416],[-95.32876,29.81432],[-95.32867,29.80944],[-95.32839,29.80699],[-95.32826,29.79882],[-95.32781,29.79688],[-95.32776,29.7924],[-95.32754,29.79077],[-95.32721,29.78304],[-95.32676,29.78061],[-95.32652,29.77613],[-95.32652,29.76992],[-95.32755,29.76655],[-95.32758,29.76201],[-95.32858,29.76015],[-95.33197,29.75624],[-95.33547,29.75506],[-95.3366,29.75432],[-95.34495,29.74379],[-95.34528,29.7427],[-95.34523,29.74152],[-95.34543,29.74053],[-95.34993,29.72943],[-95.35004,29.72777],[-95.34875,29.72767],[-95.34653,29.7279],[-95.34402,29.7272],[-95.34602,29.72449],[-95.34896,29.71717],[-95.34921,29.71617],[-95.34911,29.71391],[-95.35027,29.71094],[-95.34742,29.71174],[-95.34586,29.71283],[-95.3451,29.71313],[-95.34379,29.71321],[-95.34138,29.71273],[-95.34178,29.71041],[-95.34351,29.7061],[-95.35188,29.70302],[-95.35375,29.70267],[-95.3581,29.70244],[-95.35842,29.70161],[-95.35798,29.70147],[-95.35781,29.70169],[-95.35651,29.70132],[-95.35662,29.70105],[-95.35842,29.70161],[-95.35815,29.70231],[-95.35425,29.70246],[-95.35213,29.70275],[-95.34863,29.70406],[-95.34828,29.70293],[-95.34852,29.70184],[-95.35506,29.68589],[-95.35598,29.68323],[-95.35539,29.65322],[-95.35617,29.64988],[-95.35626,29.64733],[-95.35565,29.62718],[-95.35388,29.62705],[-95.35189,29.62618],[-95.35072,29.62591],[-95.34094,29.62594],[-95.33943,29.62576],[-95.33918,29.62808],[-95.33922,29.6331],[-95.33937,29.6331]],"type":"LineString"},"properties":{"color":"#004080","color_name":"teal","kind":"route","label":"029","long":"Cullen / Hirsch","route_id":"029","text_color":"#FFFFFF","type_label":"Bus"},"type":"Feature"},{"geometry":{"coordinates":[[-95.41405,29.87537],[-95.41404,29.87471],[-95.4124,29.87474],[-95.41281,29.87071],[-95.41432,29.87099],[-95.41738,29.871],[-95.41742,29.87519],[-95.41776,29.8752],[-95.41875,29.87508],[-95.42114,29.87429],[-95.42076,29.87363],[-95.42069,29.87099],[-95.43674,29.8708],[-95.4344,29.86862],[-95.43076,29.8657],[-95.43111,29.8654],[-95.43084,29.86513],[-95.43082,29.86466],[-95.4311,29.86457],[-95.43104,29.86357],[-95.4295,29.86357],[-95.4292,29.86149],[-95.42893,29.83966],[-95.42968,29.83765],[-95.4298,29.8364],[-95.42958,29.81722],[-95.42923,29.80478],[-95.42937,29.80391],[-95.42999,29.80265],[-95.43012,29.80172],[-95.42997,29.78921],[-95.42265,29.78922],[-95.41962,29.79001],[-95.40891,29.79051],[-95.38646,29.79084],[-95.38538,29.79081],[-95.38435,29.79052],[-95.3808,29.79055],[-95.38066,29.78145],[-95.38096,29.78023],[-95.38151,29.77502],[-95.38276,29.77338],[-95.38275,29.76787],[-95.38247,29.767],[-95.38157,29.76629],[-95.38136,29.76576],[-95.38131,29.76438],[-95.3806,29.76341],[-95.38019,29.76318],[-95.37725,29.76345],[-95.37083,29.76358],[-95.36922,29.76233],[-95.36799,29.761],[-95.36635,29.76001],[-95.36274,29.76457],[-95.35049,29.75734],[-95.34933,29.75765],[-95.34513,29.75956],[-95.34368,29.76145],[-95.34308,29.76268],[-95.34304,29.76465],[-95.33372,29.76479],[-95.33238,29.76538],[-95.32285,29.76544],[-95.32009,29.76449],[-95.31799,29.76433],[-95.3056,29.7607],[-95.29728,29.75647],[-95.29665,29.75669],[-95.29494,29.75679],[-95.2941,29.75713],[-95.29335,29.75713],[-95.29036,29.75458],[-95.25601,29.7321],[-95.25512,29.73199],[-95.25543,29.74371],[-95.25752,29.74367],[-95.25745,29.74024],[-95.25916,29.74004],[-95.26108,29.73933],[-95.26286,29.73782],[-95.26324,29.73815],[-95.26339,29.73857],[-95.26355,29.74342],[-95.26834,29.74353],[-95.27205,29.74338]],"type":"LineString"},"properties":{"color":"#004080","color_name":"teal","kind":"route","label":"030","long":"Clinton / Ella","route_id":"030","text_color":"#FFFFFF","type_label":"Bus"},"type":"Feature"},{"geometry":{"coordinates":[[-95.45714,29.67966],[-95.45746,29.67984],[-95.45764,29.67972],[-95.45766,29.67998],[-95.45943,29.68003],[-95.45946,29.67937],[-95.45854,29.67933],[-95.45852,29.68072],[-95.45822,29.68217],[-95.46048,29.68187],[-95.46223,29.68064],[-95.46333,29.68021],[-95.46757,29.67967],[-95.47693,29.67801],[-95.48157,29.67671],[-95.4818,29.67735],[-95.48184,29.67899],[-95.48425,29.67915],[-95.48479,29.72102],[-95.48474,29.72238],[-95.48419,29.72425],[-95.48408,29.72534],[-95.48425,29.73776],[-95.47666,29.73784],[-95.47662,29.73547],[-95.48357,29.73543]],"type":"LineString"},"properties":{"color":"#004080","color_name":"teal","kind":"route","label":"032","long":"Renwick","route_id":"032","text_color":"#FFFFFF","type_label":"Bus"},"type":"Feature"},{"geometry":{"coordinates":[[-95.37248,29.75067],[-95.37315,29.74979],[-95.37838,29.75294],[-95.37953,29.75328],[-95.38376,29.75324],[-95.38544,29.75346],[-95.41072,29.75303],[-95.41069,29.74908],[-95.41508,29.749],[-95.42247,29.74778],[-95.43014,29.74774],[-95.4417,29.74676],[-95.45224,29.74661],[-95.45449,29.74666],[-95.45617,29.74725],[-95.45735,29.74822],[-95.45839,29.74971],[-95.45889,29.75005],[-95.45984,29.75029],[-95.4861,29.74998],[-95.48606,29.74768],[-95.48556,29.7462],[-95.48548,29.74185],[-95.48465,29.74003],[-95.48435,29.73776],[-95.47666,29.73784],[-95.47662,29.73547],[-95.48358,29.73543]],"type":"LineString"},"properties":{"color":"#004080","color_name":"teal","kind":"route","label":"035","long":"San Felipe","route_id":"035","text_color":"#FFFFFF","type_label":"Bus"},"type":"Feature"},{"geometry":{"coordinates":[[-95.55973,29.83425],[-95.55972,29.83208],[-95.56432,29.83204],[-95.56414,29.8273],[-95.56426,29.82259],[-95.54846,29.82283],[-95.54533,29.82262],[-95.53835,29.8226],[-95.53426,29.82178],[-95.52118,29.82192],[-95.5198,29.82172],[-95.51799,29.82116],[-95.51647,29.82098],[-95.50717,29.8211],[-95.50468,29.82079],[-95.50144,29.8208],[-95.49997,29.82045],[-95.49826,29.81937],[-95.49526,29.81788],[-95.49393,29.81765],[-95.49068,29.81763],[-95.48818,29.81703],[-95.4862,29.81691],[-95.4846,29.81719],[-95.48283,29.81858],[-95.48132,29.81911],[-95.45988,29.81958],[-95.45739,29.81944],[-95.45213,29.81754],[-95.44906,29.81716],[-95.41042,29.81743],[-95.41059,29.82733],[-95.40921,29.82731],[-95.40657,29.82801],[-95.39984,29.8281],[-95.39579,29.82845],[-95.38065,29.82858],[-95.38145,29.83012],[-95.3843,29.83371],[-95.38431,29.83461],[-95.37588,29.83476],[-95.37615,29.83201],[-95.37638,29.83199],[-95.37705,29.83259],[-95.37691,29.83272],[-95.37643,29.8324],[-95.37655,29.83222],[-95.37638,29.83199],[-95.37615,29.83201],[-95.3763,29.82827],[-95.36771,29.8284],[-95.3651,29.82883],[-95.35607,29.82896],[-95.3534,29.82861],[-95.34747,29.82861],[-95.34187,29.82867],[-95.33866,29.82914],[-95.33598,29.82907],[-95.33577,29.82868],[-95.33593,29.82706],[-95.33569,29.81593],[-95.33573,29.81473],[-95.33607,29.81326],[-95.32861,29.81328],[-95.32864,29.81432],[-95.32797,29.81439],[-95.3276,29.81395]],"type":"LineString"},"properties":{"color":"#004080","color_name":"teal","kind":"route","label":"036","long":"Kempwood","route_id":"036","text_color":"#FFFFFF","type_label":"Bus"},"type":"Feature"},{"geometry":{"coordinates":[[-95.25169,29.7174],[-95.25388,29.71872],[-95.2643,29.71842],[-95.26429,29.71768],[-95.26545,29.71766],[-95.26551,29.71839],[-95.26013,29.71852],[-95.25991,29.71532],[-95.26019,29.71396],[-95.2613,29.71257],[-95.26362,29.71128],[-95.26395,29.71197],[-95.26364,29.71305],[-95.27094,29.71574],[-95.27238,29.71588],[-95.28063,29.71573],[-95.28177,29.71592],[-95.28433,29.71681],[-95.29024,29.71678],[-95.29207,29.71735],[-95.29731,29.71732],[-95.2982,29.71749],[-95.2993,29.71811],[-95.30426,29.72208],[-95.30828,29.72381],[-95.31111,29.72473],[-95.3084,29.73164],[-95.30735,29.73356],[-95.30496,29.7351],[-95.30342,29.73463],[-95.30325,29.73504]],"type":"LineString"},"properties":{"color":"#004080","color_name":"teal","kind":"route","label":"038","long":"Manchester - Lawndale","route_id":"038","text_color":"#FFFFFF","type_label":"Bus"},"type":"Feature"},{"geometry":{"coordinates":[[-95.4553,29.7833],[-95.45483,29.78326],[-95.4548,29.78302],[-95.45572,29.78284],[-95.45436,29.78249],[-95.45447,29.78411],[-95.45889,29.78414],[-95.46185,29.78467],[-95.4653,29.78479],[-95.47036,29.78474],[-95.47777,29.7843],[-95.50268,29.78505],[-95.51704,29.78491],[-95.53111,29.78512],[-95.55296,29.78502],[-95.57653,29.78524],[-95.57665,29.79907],[-95.57697,29.79907],[-95.57945,29.79905],[-95.57963,29.79883],[-95.57952,29.7852],[-95.58981,29.78529],[-95.59,29.7851],[-95.58991,29.78421],[-95.58158,29.78412],[-95.58159,29.78286],[-95.58271,29.78287]],"type":"LineString"},"properties":{"color":"#004080","color_name":"teal","kind":"route","label":"039","long":"Katy Freeway","route_id":"039","text_color":"#FFFFFF","type_label":"Bus"},"type":"Feature"},{"geometry":{"coordinates":[[-95.25481,29.66387],[-95.25519,29.66386],[-95.25513,29.66359],[-95.25428,29.66336],[-95.25378,29.66267],[-95.25376,29.66166],[-95.25395,29.6612],[-95.25662,29.66117],[-95.26206,29.6694],[-95.26285,29.66897],[-95.26331,29.66814],[-95.26323,29.6583],[-95.26353,29.65692],[-95.26404,29.65573],[-95.26634,29.65742],[-95.26762,29.65794],[-95.2689,29.65814],[-95.27501,29.65795],[-95.27616,29.65766],[-95.27927,29.65756],[-95.27959,29.65704],[-95.27948,29.656],[-95.27931,29.65582],[-95.27799,29.65569],[-95.27742,29.65533],[-95.27574,29.65535],[-95.27507,29.65593],[-95.27504,29.65633],[-95.27539,29.65683],[-95.27656,29.65756],[-95.27663,29.65799],[-95.28454,29.65772],[-95.28612,29.65724],[-95.28877,29.65594],[-95.28921,29.6749],[-95.28946,29.67548],[-95.29341,29.68079],[-95.29672,29.68576],[-95.29848,29.68856],[-95.29872,29.68929],[-95.29886,29.69227],[-95.29938,29.69358],[-95.29877,29.69386],[-95.29807,29.69526],[-95.29682,29.69881],[-95.29683,29.69981],[-95.2964,29.70084],[-95.30489,29.70343],[-95.3087,29.7062],[-95.31284,29.70812],[-95.31487,29.71078],[-95.3157,29.71231],[-95.31913,29.71546],[-95.32868,29.73343],[-95.33117,29.73505],[-95.33394,29.73571],[-95.33595,29.7307],[-95.33596,29.72915],[-95.33464,29.72864],[-95.33509,29.72772],[-95.33527,29.72767],[-95.33565,29.72804],[-95.33511,29.7287],[-95.33465,29.72855],[-95.33467,29.72874],[-95.3351,29.72889],[-95.3343,29.72944],[-95.33377,29.73016],[-95.33185,29.73488],[-95.33197,29.7368],[-95.3316,29.73778],[-95.34524,29.74184],[-95.35469,29.74747],[-95.35705,29.74452],[-95.36561,29.74964],[-95.36206,29.75412],[-95.37066,29.75932],[-95.37203,29.75784],[-95.37815,29.75773],[-95.37897,29.7579],[-95.38128,29.75788],[-95.38338,29.75764],[-95.39811,29.75732],[-95.39818,29.76137],[-95.39891,29.76297],[-95.399,29.76368],[-95.39835,29.76511],[-95.39719,29.76677],[-95.39703,29.76772],[-95.39781,29.80397],[-95.39923,29.80395],[-95.39959,29.82694],[-95.39974,29.82823],[-95.40033,29.82945],[-95.40248,29.8325],[-95.40275,29.8336],[-95.40305,29.8575],[-95.40307,29.85821],[-95.40345,29.85902],[-95.40216,29.85954],[-95.40746,29.86998],[-95.41031,29.86994],[-95.41247,29.87056],[-95.41222,29.87466],[-95.41422,29.87471],[-95.41417,29.87732],[-95.41406,29.87569]],"type":"LineString"},"properties":{"color":"#004080","color_name":"teal","kind":"route","label":"040","long":"Telephone / Heights","route_id":"040","text_color":"#FFFFFF","type_label":"Bus"},"type":"Feature"},{"geometry":{"coordinates":[[-95.33478,29.72829],[-95.33516,29.72769],[-95.33565,29.72804],[-95.33511,29.7287],[-95.33465,29.72855],[-95.33467,29.72874],[-95.3351,29.72889],[-95.3343,29.72944],[-95.33377,29.73016],[-95.33185,29.73488],[-95.33197,29.7368],[-95.3316,29.73778],[-95.34524,29.74184],[-95.35469,29.74747],[-95.35705,29.74452],[-95.36561,29.74964],[-95.36206,29.75412],[-95.37066,29.75932],[-95.37203,29.75784],[-95.37815,29.75773],[-95.37897,29.7579],[-95.38128,29.75788],[-95.38307,29.75765],[-95.39902,29.75731],[-95.40141,29.75711],[-95.40841,29.75711],[-95.40848,29.76006],[-95.40915,29.76261],[-95.40938,29.76607],[-95.41006,29.76605],[-95.40945,29.76481],[-95.40934,29.76287],[-95.40871,29.75966],[-95.41096,29.75902],[-95.41352,29.75875],[-95.41457,29.75822],[-95.41595,29.75674],[-95.41735,29.75464],[-95.41838,29.75217],[-95.41883,29.75002],[-95.41829,29.69819],[-95.41787,29.69696],[-95.41722,29.69621],[-95.41436,29.69433],[-95.40666,29.70423],[-95.40529,29.70356],[-95.40465,29.70344],[-95.40451,29.70384],[-95.40381,29.7038],[-95.40406,29.70475],[-95.40384,29.70486],[-95.40359,29.70404]],"type":"LineString"},"properties":{"color":"#004080","color_name":"teal","kind":"route","label":"041","long":"Kirby / Polk","route_id":"041","text_color":"#FFFFFF","type_label":"Bus"},"type":"Feature"},{"geometry":{"coordinates":[[-95.36838,29.74908],[-95.37288,29.7518],[-95.36574,29.76077],[-95.36906,29.76239],[-95.3707,29.76388],[-95.3721,29.76402],[-95.37233,29.76536],[-95.3725,29.78033],[-95.3719,29.78268],[-95.37208,29.78352],[-95.37215,29.78711],[-95.37185,29.78791],[-95.37213,29.78915],[-95.37213,29.79015],[-95.3844,29.79933],[-95.38797,29.80386],[-95.39487,29.82284],[-95.3977,29.82846],[-95.39987,29.82822],[-95.40668,29.82812],[-95.40876,29.82751],[-95.41059,29.82733],[-95.41102,29.84646],[-95.4113,29.84851],[-95.4117,29.84944],[-95.43068,29.86577],[-95.43111,29.8654],[-95.43084,29.86513],[-95.43082,29.86466],[-95.4311,29.86457],[-95.43111,29.8654],[-95.43068,29.86577],[-95.434,29.86842],[-95.44193,29.87584],[-95.45589,29.89014],[-95.45768,29.89152],[-95.46287,29.89698],[-95.46443,29.89837],[-95.47007,29.90443],[-95.46995,29.90479],[-95.49353,29.91968],[-95.49782,29.9228],[-95.49788,29.92812],[-95.49987,29.92825],[-95.49977,29.92796],[-95.49916,29.92789],[-95.49898,29.92813],[-95.50146,29.92858],[-95.50232,29.92856],[-95.50355,29.92818],[-95.50418,29.92763],[-95.50932,29.93183],[-95.51214,29.93452],[-95.52414,29.94338],[-95.52956,29.94786],[-95.53447,29.95155],[-95.54191,29.95672],[-95.54921,29.96289],[-95.55804,29.96866],[-95.56002,29.97017],[-95.56245,29.97291],[-95.56699,29.98113],[-95.57293,29.99018],[-95.57468,29.99242],[-95.58278,30.00174],[-95.58397,30.00119],[-95.58553,29.9997],[-95.58406,29.99775],[-95.58411,29.99353],[-95.58379,29.99234],[-95.58302,29.99168],[-95.5819,29.99135],[-95.5782,29.99189],[-95.57956,29.9942],[-95.57841,29.99507],[-95.57625,29.99295],[-95.57669,29.99248],[-95.5777,29.99218],[-95.57778,29.99257],[-95.57749,29.99275],[-95.57774,29.99324],[-95.57719,29.99338]],"type":"LineString"},"properties":{"color":"#004080","color_name":"teal","kind":"route","label":"044","long":"Acres Homes","route_id":"044","text_color":"#FFFFFF","type_label":"Bus"},"type":"Feature"},{"geometry":{"coordinates":[[-95.55337,29.86999],[-95.55249,29.86924],[-95.55243,29.86955],[-95.55366,29.87038],[-95.55419,29.87014],[-95.55498,29.86926],[-95.52868,29.85071],[-95.52714,29.85105],[-95.52558,29.85078],[-95.51156,29.85088],[-95.50808,29.85157],[-95.50674,29.85164],[-95.5041,29.85145],[-95.50128,29.85068],[-95.50008,29.85056],[-95.48064,29.85051],[-95.47858,29.85017],[-95.47666,29.84937],[-95.47465,29.84886],[-95.46655,29.84885],[-95.46531,29.84869],[-95.46376,29.84813],[-95.46122,29.84655],[-95.45874,29.84587],[-95.45734,29.84588],[-95.4545,29.8464],[-95.44803,29.84647],[-95.44281,29.84681],[-95.44269,29.84583],[-95.44188,29.84399],[-95.44184,29.84107],[-95.42983,29.84112],[-95.42715,29.84092],[-95.41092,29.84117],[-95.41108,29.8471],[-95.40526,29.84707],[-95.40427,29.84674],[-95.4026,29.84558],[-95.40111,29.84519],[-95.39379,29.84545],[-95.37771,29.84553],[-95.37572,29.84115],[-95.37553,29.84024],[-95.37593,29.83401],[-95.37615,29.83201],[-95.37638,29.83199],[-95.37705,29.83259],[-95.37691,29.83272],[-95.37643,29.8324],[-95.37655,29.83222],[-95.37638,29.83199],[-95.37592,29.83204],[-95.37553,29.84024],[-95.37572,29.84115],[-95.37771,29.84553],[-95.37089,29.84566],[-95.36834,29.84614],[-95.36056,29.84621],[-95.35567,29.84701],[-95.35243,29.84793],[-95.33813,29.84822],[-95.33522,29.84867],[-95.32773,29.84869],[-95.32509,29.84805],[-95.29138,29.84852],[-95.28774,29.84803],[-95.28604,29.84825],[-95.28333,29.84924],[-95.28084,29.84969],[-95.2642,29.84999],[-95.26384,29.84999],[-95.26383,29.84986],[-95.26421,29.84971]],"type":"LineString"},"properties":{"color":"#004080","color_name":"teal","kind":"route","label":"045","long":"Tidwell","route_id":"045","text_color":"#FFFFFF","type_label":"Bus"},"type":"Feature"},{"geometry":{"coordinates":[[-95.52714,29.64922],[-95.52495,29.64925],[-95.52322,29.6485],[-95.52254,29.64771],[-95.5213,29.64424],[-95.52128,29.64194],[-95.52379,29.64163],[-95.52574,29.64161],[-95.52785,29.64199],[-95.52771,29.64376],[-95.52814,29.67571],[-95.5284,29.67748],[-95.52859,29.68611],[-95.5295,29.68738],[-95.5334,29.68975],[-95.5351,29.69113],[-95.53681,29.69352],[-95.53763,29.69592],[-95.53785,29.6983],[-95.53794,29.70538],[-95.53878,29.70874],[-95.53903,29.7224],[-95.53919,29.73501],[-95.53827,29.73976],[-95.53841,29.74964],[-95.53871,29.75058],[-95.54033,29.75273],[-95.54385,29.75547],[-95.54461,29.7568],[-95.54482,29.75786],[-95.54476,29.76269],[-95.54428,29.76492],[-95.54451,29.7791],[-95.54389,29.78359],[-95.54407,29.78717],[-95.54456,29.78918],[-95.54482,29.80263],[-95.54513,29.80554],[-95.54526,29.83247],[-95.54494,29.83411],[-95.54512,29.85974],[-95.54493,29.86055],[-95.54413,29.86166],[-95.55478,29.86926],[-95.55395,29.87013],[-95.55313,29.86982]],"type":"LineString"},"properties":{"color":"#004080","color_name":"teal","kind":"route","label":"046","long":"Gessner","route_id":"046","text_color":"#FFFFFF","type_label":"Bus"},"type":"Feature"},{"geometry":{"coordinates":[[-95.45614,29.78298],[-95.4564,29.78304],[-95.45638,29.78328],[-95.4549,29.78329],[-95.4548,29.78302],[-95.45572,29.78284],[-95.45462,29.78245],[-95.45429,29.78268],[-95.45446,29.78294],[-95.45447,29.78411],[-95.45684,29.78414],[-95.45667,29.77784],[-95.45677,29.77462],[-95.45657,29.77337],[-95.45761,29.77336],[-95.45747,29.76513],[-95.45938,29.76405],[-95.46159,29.76355],[-95.46284,29.76258],[-95.46396,29.76225],[-95.46634,29.76229],[-95.4682,29.76321],[-95.47021,29.76331],[-95.47217,29.76394],[-95.47862,29.76376],[-95.47966,29.76326],[-95.48411,29.75929],[-95.4849,29.75882],[-95.48972,29.75806],[-95.49925,29.75536],[-95.50005,29.75502],[-95.50122,29.7541],[-95.50099,29.73626],[-95.50135,29.73368],[-95.50111,29.71959],[-95.50071,29.71838],[-95.49992,29.71729],[-95.494,29.71197],[-95.49339,29.71079],[-95.49325,29.70988],[-95.49305,29.69139],[-95.49253,29.68866],[-95.49251,29.68696],[-95.49293,29.68482],[-95.49292,29.67924],[-95.49362,29.67736],[-95.49383,29.67563],[-95.49354,29.67435],[-95.49264,29.67241],[-95.49239,29.67129],[-95.49215,29.65254],[-95.49238,29.65135],[-95.49323,29.64938],[-95.49344,29.64832],[-95.49325,29.63759],[-95.49367,29.63756]],"type":"LineString"},"properties":{"color":"#004080","color_name":"teal","kind":"route","label":"047","long":"Hillcroft","route_id":"047","text_color":"#FFFFFF","type_label":"Bus"},"type":"Feature"},{"geometry":{"coordinates":[[-95.27774,29.77141],[-95.27755,29.77138],[-95.27746,29.76989],[-95.27652,29.76923],[-95.2763,29.76884],[-95.27597,29.76615],[-95.27009,29.76558],[-95.26989,29.76029],[-95.27284,29.76023],[-95.27271,29.75733],[-95.27561,29.75728],[-95.27585,29.75961],[-95.27758,29.75958],[-95.27761,29.76119],[-95.28369,29.76115],[-95.28405,29.77841],[-95.28527,29.7784],[-95.28693,29.77807],[-95.28858,29.77805],[-95.29025,29.7783],[-95.29183,29.77807],[-95.29155,29.77283],[-95.29254,29.7726],[-95.29655,29.7726],[-95.29791,29.77285],[-95.31049,29.77287],[-95.31514,29.77263],[-95.31519,29.77528],[-95.31563,29.77535],[-95.31555,29.77264],[-95.3174,29.77263],[-95.31741,29.76982],[-95.31786,29.76981],[-95.31795,29.76797],[-95.32324,29.76804],[-95.32326,29.77078],[-95.32636,29.77082],[-95.32635,29.77614],[-95.32954,29.77602],[-95.32968,29.77266],[-95.33578,29.77254],[-95.33576,29.76946],[-95.33951,29.76936],[-95.33949,29.76847],[-95.34305,29.76762],[-95.34301,29.76301],[-95.34387,29.76117],[-95.34535,29.75954],[-95.34659,29.75907],[-95.34781,29.75832],[-95.35031,29.75735],[-95.35084,29.75741],[-95.35238,29.75834],[-95.35298,29.7576],[-95.36422,29.76431],[-95.36425,29.76488],[-95.36632,29.76533],[-95.36663,29.76471],[-95.36559,29.76405]],"type":"LineString"},"properties":{"color":"#004080","color_name":"teal","kind":"route","label":"048","long":"Market","route_id":"048","text_color":"#FFFFFF","type_label":"Bus"},"type":"Feature"},{"geometry":{"coordinates":[[-95.46903,29.59021],[-95.45384,29.5843],[-95.45421,29.58286],[-95.45421,29.58108],[-95.47105,29.58074],[-95.47115,29.58617],[-95.47094,29.58745],[-95.46467,29.60005],[-95.46436,29.60135],[-95.46479,29.60726],[-95.46509,29.62753],[-95.46474,29.62902],[-95.46367,29.6311],[-95.46342,29.63239],[-95.4639,29.66421],[-95.46283,29.66762],[-95.46142,29.67119],[-95.45856,29.67736],[-95.45854,29.67933],[-95.45779,29.67914],[-95.45746,29.67984],[-95.45678,29.67939],[-95.45691,29.67926],[-95.4576,29.67961],[-95.45766,29.67998],[-95.45943,29.68003],[-95.45946,29.67937],[-95.45854,29.67933],[-95.45852,29.68072],[-95.45822,29.68201],[-95.45849,29.68462],[-95.45854,29.68928],[-95.46751,29.68924],[-95.46776,29.69206],[-95.46793,29.70593],[-95.46826,29.70593],[-95.4685,29.70565],[-95.46908,29.70563],[-95.4695,29.70582],[-95.47624,29.70571],[-95.47654,29.73799],[-95.4794,29.73797],[-95.47942,29.73852],[-95.47976,29.76309],[-95.47876,29.76364],[-95.4779,29.76376],[-95.47826,29.76634],[-95.47824,29.771],[-95.47846,29.77163],[-95.48052,29.77431],[-95.48322,29.77645],[-95.48443,29.7779],[-95.48478,29.7806],[-95.48474,29.78269],[-95.48468,29.78345],[-95.47681,29.78311],[-95.468,29.78365],[-95.46253,29.78364],[-95.46038,29.78338],[-95.4589,29.78298],[-95.45674,29.78154],[-95.45682,29.78385],[-95.45462,29.7838],[-95.4548,29.78302],[-95.45602,29.78298]],"type":"LineString"},"properties":{"color":"#004080","color_name":"teal","kind":"route","label":"049","long":"Chimney Rock / S. Post Oak","route_id":"049","text_color":"#FFFFFF","type_label":"Bus"},"type":"Feature"},{"geometry":{"coordinates":[[-95.33543,29.72835],[-95.33511,29.7287],[-95.33465,29.72855],[-95.33467,29.72874],[-95.3351,29.72889],[-95.3343,29.72944],[-95.33377,29.73016],[-95.33194,29.73465],[-95.33182,29.73539],[-95.33197,29.7368],[-95.33164,29.7377],[-95.31452,29.73254],[-95.31145,29.73259],[-95.3105,29.73277],[-95.30905,29.73337],[-95.30763,29.73313],[-95.30696,29.73392],[-95.30559,29.73458],[-95.30496,29.7351],[-95.30342,29.73463],[-95.303,29.73562],[-95.30275,29.73554],[-95.30317,29.73455],[-95.29774,29.73289],[-95.29726,29.73411],[-95.28053,29.72907],[-95.27919,29.72801],[-95.27858,29.72664],[-95.27754,29.68659],[-95.27759,29.6862],[-95.27813,29.68544],[-95.27747,29.68482],[-95.27699,29.6637],[-95.27671,29.65818],[-95.27685,29.65791],[-95.27736,29.65765],[-95.27927,29.65756],[-95.27957,29.65722],[-95.27959,29.65665],[-95.27948,29.656],[-95.27913,29.65573],[-95.27811,29.65572],[-95.27742,29.65533],[-95.27578,29.65535]],"type":"LineString"},"properties":{"color":"#004080","color_name":"teal","kind":"route","label":"050","long":"Broadway","route_id":"050","text_color":"#FFFFFF","type_label":"Bus"},"type":"Feature"},{"geometry":{"coordinates":[[-95.37129,29.7503],[-95.37155,29.74991],[-95.3691,29.74844],[-95.35753,29.76307],[-95.35643,29.76679],[-95.35831,29.7672],[-95.35807,29.76831],[-95.35824,29.76913],[-95.35988,29.7724],[-95.35905,29.77273],[-95.35877,29.77229],[-95.35804,29.77184],[-95.35819,29.77169],[-95.3589,29.77205],[-95.35877,29.77229],[-95.35905,29.77273],[-95.35988,29.7724],[-95.36153,29.77613],[-95.35552,29.77834],[-95.35053,29.77836],[-95.35064,29.78433],[-95.35103,29.78556],[-95.3517,29.81264],[-95.35045,29.81313],[-95.32861,29.81328],[-95.32864,29.81432],[-95.3281,29.81442],[-95.32755,29.81388],[-95.32761,29.81375],[-95.32777,29.81371],[-95.32822,29.81428],[-95.32876,29.81432],[-95.32873,29.81327],[-95.31284,29.81344],[-95.31282,29.81291]],"type":"LineString"},"properties":{"color":"#004080","color_name":"teal","kind":"route","label":"051","long":"Hardy - Kelley","route_id":"051","text_color":"#FFFFFF","type_label":"Bus"},"type":"Feature"},{"geometry":{"coordinates":[[-95.37124,29.75032],[-95.37154,29.74991],[-95.3691,29.74844],[-95.35753,29.76307],[-95.35643,29.76679],[-95.35831,29.7672],[-95.35807,29.76831],[-95.35824,29.76913],[-95.35988,29.7724],[-95.35905,29.77273],[-95.35877,29.77229],[-95.35804,29.77184],[-95.35819,29.77169],[-95.3589,29.77205],[-95.35877,29.77229],[-95.35905,29.77273],[-95.35988,29.7724],[-95.36153,29.77613],[-95.35552,29.77834],[-95.35053,29.77836],[-95.35064,29.78433],[-95.35103,29.78556],[-95.3517,29.81264],[-95.35045,29.81313],[-95.32861,29.81328],[-95.32864,29.81432],[-95.3281,29.81442],[-95.32755,29.81388],[-95.32761,29.81375],[-95.32777,29.81371],[-95.32822,29.81428],[-95.32864,29.81432],[-95.329,29.83401],[-95.31075,29.83426],[-95.30962,29.83395],[-95.30793,29.83296],[-95.30557,29.83113],[-95.30453,29.8313],[-95.30016,29.83136],[-95.2696,29.8314],[-95.26679,29.8307],[-95.26194,29.83076],[-95.262,29.8354],[-95.26221,29.83661],[-95.26225,29.85013],[-95.26384,29.85011],[-95.26388,29.8498],[-95.26463,29.84976],[-95.26463,29.84998],[-95.26225,29.85001],[-95.26257,29.87213],[-95.28151,29.8718],[-95.28173,29.87031],[-95.2815,29.85814],[-95.28162,29.85677],[-95.28215,29.85472],[-95.28475,29.8494],[-95.28494,29.84863],[-95.28303,29.84932],[-95.28039,29.84972],[-95.2642,29.84999]],"type":"LineString"},"properties":{"color":"#004080","color_name":"teal","kind":"route","label":"052","long":"Hardy - Ley","route_id":"052","text_color":"#FFFFFF","type_label":"Bus"},"type":"Feature"},{"geometry":{"coordinates":[[-95.37128,29.7503],[-95.37157,29.74993],[-95.36993,29.74896],[-95.37317,29.74487],[-95.35786,29.73562],[-95.34854,29.73271],[-95.34999,29.72919],[-95.35016,29.72583],[-95.35954,29.70223],[-95.35959,29.70134],[-95.35932,29.70028],[-95.3589,29.7004],[-95.35842,29.70161],[-95.35798,29.70147],[-95.35781,29.70169],[-95.35651,29.70132],[-95.35647,29.70112],[-95.35842,29.70161],[-95.3589,29.7004],[-95.35932,29.70028],[-95.35948,29.69917],[-95.36724,29.67985],[-95.36713,29.67264],[-95.36832,29.66905],[-95.36811,29.6578],[-95.36873,29.65557],[-95.36823,29.62847],[-95.36853,29.62624],[-95.36831,29.61899],[-95.36796,29.61903],[-95.36795,29.61967],[-95.36796,29.6198],[-95.36834,29.61978],[-95.36812,29.61665],[-95.37453,29.61655],[-95.376,29.61593],[-95.37829,29.61455],[-95.38024,29.6141],[-95.43214,29.61357],[-95.43222,29.61394],[-95.43156,29.614],[-95.43153,29.61373],[-95.43183,29.61372]],"type":"LineString"},"properties":{"color":"#004080","color_name":"teal","kind":"route","label":"054","long":"Scott","route_id":"054","text_color":"#FFFFFF","type_label":"Bus"},"type":"Feature"},{"geometry":{"coordinates":[[-95.41036,29.94861],[-95.40903,29.94739],[-95.4081,29.94611],[-95.40768,29.945],[-95.40752,29.94323],[-95.40508,29.94328],[-95.40384,29.9436],[-95.40481,29.94658],[-95.40529,29.94723],[-95.40719,29.94876],[-95.40751,29.94939],[-95.4076,29.95041],[-95.39953,29.95052],[-95.39877,29.94905],[-95.39714,29.94726],[-95.39635,29.94588],[-95.39598,29.94451],[-95.39594,29.94343],[-95.39843,29.93565],[-95.39929,29.93491],[-95.4008,29.93442],[-95.40161,29.93386],[-95.40213,29.93301],[-95.4022,29.93176],[-95.40974,29.93166],[-95.40989,29.92856],[-95.40499,29.91457],[-95.40451,29.91365],[-95.39723,29.89336],[-95.39384,29.8875],[-95.38719,29.87671],[-95.38503,29.87273],[-95.38465,29.8595],[-95.38441,29.83724],[-95.3776,29.83732],[-95.37569,29.83762],[-95.37629,29.82839],[-95.38039,29.82873],[-95.38432,29.82868],[-95.3828,29.8151],[-95.38205,29.81148],[-95.38195,29.8039],[-95.38807,29.80405],[-95.38766,29.78149],[-95.38713,29.78012],[-95.38706,29.77915],[-95.38741,29.77803],[-95.39001,29.77538],[-95.39049,29.77464],[-95.39075,29.77371],[-95.39078,29.77156],[-95.39217,29.76824],[-95.39238,29.7672],[-95.39253,29.76318],[-95.39206,29.74687],[-95.39127,29.74444],[-95.39109,29.72429],[-95.3917,29.7231],[-95.40662,29.70434],[-95.40578,29.70376],[-95.40465,29.70344],[-95.40451,29.70384],[-95.40381,29.7038],[-95.40393,29.70426]],"type":"LineString"},"properties":{"color":"#004080","color_name":"teal","kind":"route","label":"056","long":"Airline / Montrose","route_id":"056","text_color":"#FFFFFF","type_label":"Bus"},"type":"Feature"},{"geometry":{"coordinates":[[-95.45572,29.7833],[-95.45476,29.78317],[-95.45491,29.78298],[-95.45566,29.78297],[-95.45555,29.78274],[-95.45462,29.78245],[-95.45429,29.78268],[-95.45446,29.78294],[-95.45447,29.78411],[-95.45686,29.78425],[-95.457,29.79661],[-95.45646,29.79762],[-95.45574,29.7984],[-95.4655,29.80542],[-95.46717,29.8069],[-95.46838,29.80753],[-95.4745,29.81194],[-95.47566,29.811],[-95.47945,29.81067],[-95.49143,29.81073],[-95.49396,29.81109],[-95.5008,29.81095],[-95.51177,29.81108],[-95.51535,29.81076],[-95.51969,29.8099],[-95.52618,29.80983],[-95.52858,29.8093],[-95.53139,29.80925],[-95.53393,29.80973],[-95.53744,29.81201],[-95.5387,29.8125],[-95.54006,29.81274],[-95.56642,29.81272],[-95.56992,29.81298],[-95.56997,29.83179],[-95.56326,29.83186],[-95.56345,29.83546],[-95.56245,29.83565],[-95.56123,29.83626],[-95.5602,29.83631],[-95.5593,29.83604],[-95.5597,29.83522],[-95.55973,29.83425]],"type":"LineString"},"properties":{"color":"#004080","color_name":"teal","kind":"route","label":"058","long":"Hammerly","route_id":"058","text_color":"#FFFFFF","type_label":"Bus"},"type":"Feature"},{"geometry":{"coordinates":[[-95.41424,29.87553],[-95.41417,29.87732],[-95.4144,29.87732],[-95.41445,29.87781],[-95.41382,29.87814],[-95.43403,29.90415],[-95.42273,29.90439],[-95.42286,29.91004],[-95.42369,29.91177],[-95.42375,29.91487],[-95.40665,29.91515],[-95.4052,29.91533],[-95.40008,29.90137],[-95.39323,29.90151],[-95.39145,29.90208],[-95.37843,29.90201],[-95.37273,29.9022],[-95.33211,29.90246],[-95.31252,29.90294],[-95.309,29.90186],[-95.30842,29.90121],[-95.30889,29.90108],[-95.31175,29.90111],[-95.31116,29.90255],[-95.31252,29.90294],[-95.31335,29.90293]],"type":"LineString"},"properties":{"color":"#004080","color_name":"teal","kind":"route","label":"059","long":"Aldine Mail","route_id":"059","text_color":"#FFFFFF","type_label":"Bus"},"type":"Feature"},{"geometry":{"coordinates":[[-95.40358,29.7044],[-95.40366,29.70484],[-95.40341,29.70485],[-95.40325,29.70377],[-95.40455,29.70396],[-95.40465,29.70344],[-95.40444,29.70343],[-95.39947,29.7044],[-95.39908,29.70539],[-95.39899,29.70901],[-95.39739,29.7101],[-95.39431,29.70824],[-95.39357,29.70715],[-95.39151,29.7081],[-95.39057,29.70822],[-95.39031,29.70724],[-95.39025,29.70593],[-95.39041,29.70532],[-95.39315,29.69873],[-95.39317,29.69763],[-95.39229,29.69436],[-95.39229,29.69354],[-95.39266,29.69213],[-95.3945,29.68903],[-95.40006,29.68897],[-95.4,29.68525],[-95.38441,29.68545],[-95.3833,29.68575],[-95.38127,29.68692],[-95.37988,29.6871],[-95.37811,29.68696],[-95.37166,29.68494],[-95.3691,29.69124],[-95.36887,29.69176],[-95.36855,29.69167],[-95.36621,29.69743],[-95.36493,29.70068],[-95.36486,29.70192],[-95.35815,29.70231],[-95.35842,29.70161],[-95.35798,29.70147],[-95.35781,29.70169],[-95.35645,29.70123],[-95.35662,29.70105],[-95.35761,29.70135]],"type":"LineString"},"properties":{"color":"#004080","color_name":"teal","kind":"route","label":"060","long":"Cambridge","route_id":"060","text_color":"#FFFFFF","type_label":"Bus"},"type":"Feature"},{"geometry":{"coordinates":[[-95.50725,29.62186],[-95.50726,29.62229],[-95.50776,29.62229],[-95.50728,29.62492],[-95.50733,29.62948],[-95.50812,29.63325],[-95.50865,29.68447],[-95.50884,29.6886],[-95.50994,29.69213],[-95.51117,29.69436],[-95.51229,29.69562],[-95.52019,29.70247],[-95.52095,29.70367],[-95.52122,29.70509],[-95.52126,29.71154],[-95.52106,29.71245],[-95.52008,29.71468],[-95.51991,29.71624],[-95.51997,29.72012],[-95.52045,29.72271],[-95.5205,29.73371],[-95.52102,29.73603],[-95.52137,29.74091],[-95.51799,29.74105],[-95.51607,29.74166],[-95.51361,29.7417],[-95.51171,29.74104],[-95.51089,29.74027],[-95.51027,29.73905],[-95.5102,29.7379]],"type":"LineString"},"properties":{"color":"#004080","color_name":"teal","kind":"route","label":"063","long":"Fondren","route_id":"063","text_color":"#FFFFFF","type_label":"Bus"},"type":"Feature"},{"geometry":{"coordinates":[[-95.38303,29.73335],[-95.38362,29.73176],[-95.38445,29.7323],[-95.38959,29.72579],[-95.3904,29.72611],[-95.39229,29.72614],[-95.39423,29.72611],[-95.39542,29.72577],[-95.4334,29.72528],[-95.46793,29.70767],[-95.46793,29.70593],[-95.46837,29.70589],[-95.4685,29.70565],[-95.46953,29.70581],[-95.47168,29.70575],[-95.51516,29.68353],[-95.52734,29.67747],[-95.52964,29.67656],[-95.54119,29.67602],[-95.56838,29.6742],[-95.594,29.67576],[-95.6118,29.68074],[-95.61429,29.68115],[-95.61432,29.68847],[-95.61068,29.68879],[-95.61063,29.6854]],"type":"LineString"},"properties":{"color":"#004080","color_name":"teal","kind":"route","label":"065","long":"Bissonnet","route_id":"065","text_color":"#FFFFFF","type_label":"Bus"},"type":"Feature"},{"geometry":{"coordinates":[[-95.4561,29.7833],[-95.4549,29.78329],[-95.4548,29.78302],[-95.45572,29.78284],[-95.45462,29.78245],[-95.45429,29.78268],[-95.45446,29.78294],[-95.45447,29.78411],[-95.45686,29.78425],[-95.45702,29.79634],[-95.45677,29.79714],[-95.45587,29.79826],[-95.44308,29.78897],[-95.44216,29.78913],[-95.42298,29.7892],[-95.41998,29.78997],[-95.41648,29.79013],[-95.41644,29.78913],[-95.41821,29.78167],[-95.41817,29.77693],[-95.40847,29.77707],[-95.40057,29.77611],[-95.39726,29.77614],[-95.39739,29.78146],[-95.38371,29.78167],[-95.38328,29.78149],[-95.38303,29.78067],[-95.38196,29.77971],[-95.38105,29.77953],[-95.38033,29.77967],[-95.37934,29.78056],[-95.37631,29.78181],[-95.37418,29.7818],[-95.37355,29.78162],[-95.3724,29.78066],[-95.36996,29.77951],[-95.36818,29.77931],[-95.35694,29.78328],[-95.34086,29.78352],[-95.33933,29.78396],[-95.33834,29.78466],[-95.33054,29.78493],[-95.32416,29.78764],[-95.32089,29.78756],[-95.31646,29.78774],[-95.31652,29.78944],[-95.31622,29.78976],[-95.31594,29.78953],[-95.31594,29.778],[-95.31566,29.77574],[-95.31535,29.7757]],"type":"LineString"},"properties":{"color":"#004080","color_name":"teal","kind":"route","label":"066","long":"Quitman","route_id":"066","text_color":"#FFFFFF","type_label":"Bus"},"type":"Feature"},{"geometry":{"coordinates":[[-95.63847,29.78754],[-95.63784,29.78754],[-95.63778,29.78781],[-95.63896,29.78782],[-95.63896,29.78825],[-95.62939,29.7883],[-95.62549,29.78748],[-95.62078,29.78765],[-95.61655,29.78736],[-95.61546,29.78688],[-95.61424,29.7858],[-95.61325,29.78555],[-95.61205,29.78576],[-95.61025,29.78682],[-95.6093,29.78703],[-95.60745,29.7869],[-95.60666,29.78608],[-95.60636,29.77608],[-95.60634,29.76114],[-95.60581,29.72816],[-95.60569,29.72683],[-95.60499,29.72426],[-95.60424,29.68356],[-95.60389,29.68216],[-95.60282,29.67972],[-95.60067,29.67971],[-95.59997,29.67991],[-95.59941,29.67861],[-95.59945,29.67796]],"type":"LineString"},"properties":{"color":"#004080","color_name":"teal","kind":"route","label":"067","long":"Dairy Ashford","route_id":"067","text_color":"#FFFFFF","type_label":"Bus"},"type":"Feature"},{"geometry":{"coordinates":[[-95.40391,29.70418],[-95.40404,29.70483],[-95.40341,29.70485],[-95.40325,29.70377],[-95.40441,29.704],[-95.40467,29.7038],[-95.40465,29.70344],[-95.40529,29.70356],[-95.40666,29.70423],[-95.41179,29.69774],[-95.41445,29.69826],[-95.41664,29.69834],[-95.41756,29.69815],[-95.41823,29.69786],[-95.41787,29.69696],[-95.41818,29.69686],[-95.41942,29.69564],[-95.42039,29.69533],[-95.42161,29.69554],[-95.42352,29.69642],[-95.42528,29.69644],[-95.42604,29.69607],[-95.4274,29.69456],[-95.42794,29.69356],[-95.42835,29.69192],[-95.42889,29.6913],[-95.42972,29.69083],[-95.43146,29.69058],[-95.43432,29.69098],[-95.43533,29.69077],[-95.43801,29.68969],[-95.44155,29.68983],[-95.44284,29.68963],[-95.44378,29.68911],[-95.44573,29.68739],[-95.44823,29.68647],[-95.45023,29.68502],[-95.45789,29.68226],[-95.45936,29.68205],[-95.45946,29.67937],[-95.45779,29.67914],[-95.45746,29.67984],[-95.45683,29.6795],[-95.45691,29.67926],[-95.4576,29.67961],[-95.45766,29.67998],[-95.45943,29.68003],[-95.45946,29.67937],[-95.45854,29.67933],[-95.45852,29.68072],[-95.45822,29.68217],[-95.45985,29.68202],[-95.46073,29.68176],[-95.46223,29.68064],[-95.46333,29.68021],[-95.46757,29.67967],[-95.47693,29.67801],[-95.48424,29.67595],[-95.48574,29.67576],[-95.48794,29.67617],[-95.49288,29.67872],[-95.49711,29.67943],[-95.49844,29.6789],[-95.49906,29.67776],[-95.49943,29.6775],[-95.50288,29.67691],[-95.50648,29.67579],[-95.5109,29.67559],[-95.51195,29.67519],[-95.51492,29.67337],[-95.52064,29.67182],[-95.52459,29.67148],[-95.52946,29.6714],[-95.53166,29.67181],[-95.53338,29.67278],[-95.53639,29.67555],[-95.53778,29.67612],[-95.56285,29.67454],[-95.56289,29.67751],[-95.56261,29.6789],[-95.56272,29.68935],[-95.56618,29.68922],[-95.57166,29.68818],[-95.57466,29.68809],[-95.57457,29.67893],[-95.57307,29.67895],[-95.57307,29.67968]],"type":"LineString"},"properties":{"color":"#004080","color_name":"teal","kind":"route","label":"068","long":"Braeswood","route_id":"068","text_color":"#FFFFFF","type_label":"Bus"},"type":"Feature"},{"geometry":{"coordinates":[[-95.56809,29.78876],[-95.56809,29.78841],[-95.56986,29.78841],[-95.56985,29.79073],[-95.55368,29.7907],[-95.5447,29.79088],[-95.54463,29.78888],[-95.54417,29.78716],[-95.54406,29.78391],[-95.54409,29.78257],[-95.54459,29.77975],[-95.54445,29.76525],[-95.5446,29.7639],[-95.5431,29.76344],[-95.53832,29.76333],[-95.53807,29.76309],[-95.53796,29.76257],[-95.53792,29.75957],[-95.53748,29.75907],[-95.53041,29.75906],[-95.52996,29.75892],[-95.52968,29.7584],[-95.52954,29.75435],[-95.52895,29.754],[-95.52655,29.75399],[-95.52615,29.75379],[-95.52596,29.75344],[-95.52589,29.75102],[-95.51644,29.75103],[-95.51417,29.75118],[-95.51223,29.75465],[-95.51031,29.75729],[-95.50758,29.75906],[-95.50686,29.75977],[-95.5065,29.76084],[-95.5065,29.76258],[-95.50595,29.76348],[-95.49958,29.76618],[-95.49641,29.77002],[-95.4959,29.77042],[-95.49412,29.77099],[-95.4933,29.77147],[-95.48905,29.77633],[-95.48791,29.77729],[-95.4841,29.77735],[-95.48296,29.77763],[-95.48126,29.77837],[-95.47877,29.77849],[-95.47683,29.77883],[-95.47249,29.77899],[-95.47054,29.7793],[-95.46638,29.77926],[-95.46456,29.77876],[-95.46262,29.77736],[-95.46182,29.77628],[-95.46151,29.77438],[-95.46092,29.7736],[-95.45981,29.7732],[-95.45657,29.77324],[-95.45677,29.77462],[-95.45682,29.78385],[-95.45462,29.7838],[-95.45462,29.78345],[-95.45491,29.78298],[-95.45633,29.78299],[-95.45638,29.78328],[-95.45596,29.7833]],"type":"LineString"},"properties":{"color":"#004080","color_name":"teal","kind":"route","label":"070","long":"Memorial","route_id":"070","text_color":"#FFFFFF","type_label":"Bus"},"type":"Feature"},{"geometry":{"coordinates":[[-95.56809,29.78876],[-95.56809,29.78841],[-95.56986,29.78841],[-95.56985,29.79073],[-95.55368,29.7907],[-95.5447,29.79088],[-95.54463,29.78888],[-95.54417,29.78716],[-95.54406,29.78391],[-95.51403,29.78382],[-95.51389,29.78383],[-95.51397,29.78494],[-95.5212,29.78494],[-95.52166,29.78704],[-95.52173,29.79224],[-95.5221,29.79325],[-95.52101,29.79371],[-95.51594,29.79382],[-95.51393,29.7943],[-95.50828,29.79427],[-95.50376,29.79383],[-95.49885,29.79385],[-95.4959,29.79482],[-95.4932,29.79488],[-95.48487,29.7949],[-95.48301,29.79457],[-95.46814,29.79452],[-95.468,29.78365],[-95.46253,29.78364],[-95.46038,29.78338],[-95.45837,29.78274],[-95.45674,29.78154],[-95.45682,29.78385],[-95.45462,29.7838],[-95.4548,29.78302],[-95.45633,29.78299],[-95.45638,29.78328],[-95.45596,29.7833]],"type":"LineString"},"properties":{"color":"#004080","color_name":"teal","kind":"route","label":"072","long":"Westview","route_id":"072","text_color":"#FFFFFF","type_label":"Bus"},"type":"Feature"},{"geometry":{"coordinates":[[-95.40252,29.67367],[-95.40254,29.67345],[-95.40165,29.67384],[-95.40155,29.67342],[-95.40011,29.67338],[-95.39863,29.67282],[-95.39746,29.67187],[-95.39475,29.6687],[-95.39369,29.66805],[-95.39222,29.66766],[-95.38184,29.6678],[-95.37781,29.66905],[-95.37639,29.66924],[-95.35767,29.66948],[-95.35539,29.66892],[-95.35347,29.66782],[-95.35051,29.66691],[-95.3477,29.66668],[-95.34485,29.66606],[-95.32268,29.66649],[-95.31937,29.66591],[-95.31793,29.66602],[-95.30722,29.66846],[-95.3044,29.66984],[-95.3015,29.67204],[-95.30043,29.67257],[-95.29435,29.67361],[-95.29115,29.67363],[-95.28733,29.67255],[-95.28531,29.67228],[-95.27722,29.67235],[-95.27671,29.65818],[-95.27685,29.65791],[-95.27736,29.65765],[-95.27927,29.65756],[-95.27957,29.65722],[-95.27959,29.65665],[-95.27948,29.656],[-95.27913,29.65573],[-95.27811,29.65572],[-95.27742,29.65533],[-95.27578,29.65535]],"type":"LineString"},"properties":{"color":"#004080","color_name":"teal","kind":"route","label":"073","long":"Bellfort","route_id":"073","text_color":"#FFFFFF","type_label":"Bus"},"type":"Feature"},{"geometry":{"coordinates":[[-95.63868,29.78754],[-95.63784,29.78754],[-95.63778,29.78781],[-95.63896,29.78782],[-95.63894,29.78841],[-95.64034,29.78873],[-95.64133,29.78868],[-95.64312,29.78806],[-95.64509,29.78804],[-95.64489,29.77884],[-95.64465,29.77676],[-95.64403,29.77538],[-95.64271,29.77562],[-95.63736,29.77531],[-95.63568,29.77557],[-95.63423,29.77619],[-95.62888,29.77951],[-95.62763,29.77985],[-95.62161,29.77981],[-95.6203,29.77933],[-95.61833,29.7777],[-95.61851,29.77653],[-95.61907,29.77518],[-95.61991,29.77395],[-95.62063,29.77237],[-95.62204,29.77067],[-95.62479,29.76654],[-95.62543,29.76468],[-95.62528,29.74765],[-95.62496,29.74626],[-95.62403,29.74401],[-95.62364,29.7407],[-95.62361,29.73843],[-95.62388,29.73624],[-95.62385,29.72949],[-95.62413,29.72734],[-95.62353,29.7251],[-95.62343,29.72357],[-95.62416,29.72068],[-95.62411,29.71245],[-95.62792,29.71213],[-95.62795,29.71125],[-95.62951,29.71142],[-95.63061,29.71129],[-95.63065,29.71109],[-95.63045,29.71101],[-95.62999,29.71135],[-95.62951,29.71142],[-95.6278,29.71125],[-95.62792,29.71213],[-95.64173,29.711],[-95.64151,29.70792],[-95.6395,29.7072],[-95.64012,29.70556],[-95.64014,29.70412],[-95.64467,29.70408],[-95.64638,29.70386],[-95.64771,29.70344],[-95.65088,29.70188],[-95.65871,29.69957],[-95.66151,29.69943],[-95.66431,29.69995],[-95.66331,29.70235],[-95.66157,29.70475],[-95.66065,29.70679],[-95.66037,29.70877],[-95.66031,29.71605],[-95.65601,29.71811],[-95.65392,29.71855],[-95.65401,29.71976],[-95.65474,29.72293],[-95.65437,29.72663],[-95.65052,29.72677],[-95.64882,29.72832],[-95.64844,29.72925],[-95.64883,29.72954]],"type":"LineString"},"properties":{"color":"#004080","color_name":"teal","kind":"route","label":"075","long":"Eldridge","route_id":"075","text_color":"#FFFFFF","type_label":"Bus"},"type":"Feature"},{"geometry":{"coordinates":[[-95.30317,29.73523],[-95.303,29.73562],[-95.30275,29.73554],[-95.30317,29.73455],[-95.29263,29.73133],[-95.29313,29.7303],[-95.29439,29.72892],[-95.2948,29.7282],[-95.29577,29.72582],[-95.29588,29.72449],[-95.29497,29.72222],[-95.29492,29.71734],[-95.29207,29.71735],[-95.29025,29.71636],[-95.29006,29.70641],[-95.28972,29.70494],[-95.29002,29.7044],[-95.29091,29.70391],[-95.29318,29.70385],[-95.29438,29.70338],[-95.29314,29.70193],[-95.29122,29.7007],[-95.29022,29.70029],[-95.28835,29.70024],[-95.28339,29.70105],[-95.28335,29.69944],[-95.28748,29.69835],[-95.28845,29.6983],[-95.28952,29.69865],[-95.2953,29.70235],[-95.29624,29.70114],[-95.2969,29.69967],[-95.29698,29.69872],[-95.29828,29.69514],[-95.29605,29.69507],[-95.29427,29.69536],[-95.29315,29.69567],[-95.29274,29.69645],[-95.29228,29.69665],[-95.29165,29.6952],[-95.29066,29.69238],[-95.2903,29.68193],[-95.28938,29.67751],[-95.28929,29.67314],[-95.28665,29.67242],[-95.28368,29.67219],[-95.27267,29.67251],[-95.27123,29.67304],[-95.26663,29.67651],[-95.26045,29.67011],[-95.24899,29.67028],[-95.24768,29.67009],[-95.24042,29.67023],[-95.23933,29.67042],[-95.23748,29.6713],[-95.23463,29.674],[-95.23584,29.67503],[-95.23618,29.6759],[-95.23597,29.67922],[-95.23617,29.68338],[-95.23894,29.68337],[-95.23901,29.69107],[-95.24292,29.69107],[-95.24487,29.68847],[-95.24619,29.68738],[-95.24542,29.6868],[-95.24392,29.6862]],"type":"LineString"},"properties":{"color":"#004080","color_name":"teal","kind":"route","label":"076","long":"Evergreen","route_id":"076","text_color":"#FFFFFF","type_label":"Bus"},"type":"Feature"},{"geometry":{"coordinates":[[-95.31531,29.77511],[-95.31518,29.77508],[-95.31529,29.77611],[-95.31581,29.77804],[-95.31594,29.78976],[-95.31507,29.78977],[-95.31503,29.7883],[-95.30173,29.79396],[-95.30187,29.81716],[-95.29791,29.81703],[-95.29796,29.82319],[-95.29749,29.82365],[-95.29744,29.82481],[-95.29795,29.82551],[-95.29794,29.82598],[-95.30191,29.82597],[-95.30197,29.83489],[-95.29376,29.83491],[-95.29378,29.84043],[-95.29806,29.84039],[-95.29803,29.83489],[-95.30197,29.83489],[-95.30209,29.84854],[-95.30184,29.84941],[-95.30065,29.85114],[-95.30044,29.85197],[-95.30055,29.87127],[-95.29283,29.87143],[-95.29293,29.87555],[-95.28698,29.87573],[-95.2869,29.87747],[-95.29096,29.87923],[-95.293,29.87926],[-95.29304,29.88296],[-95.29287,29.88361],[-95.29382,29.88391],[-95.29349,29.8847],[-95.29611,29.88521],[-95.29952,29.88519]],"type":"LineString"},"properties":{"color":"#004080","color_name":"teal","kind":"route","label":"077","long":"Homestead","route_id":"077","text_color":"#FFFFFF","type_label":"Bus"},"type":"Feature"},{"geometry":{"coordinates":[[-95.31556,29.77578],[-95.31558,29.77385],[-95.31257,29.77418],[-95.31046,29.77418],[-95.30859,29.77387],[-95.30102,29.77386],[-95.30118,29.7762],[-95.30116,29.78752],[-95.29162,29.78764],[-95.29114,29.78969],[-95.28907,29.79484],[-95.28883,29.79622],[-95.28889,29.79842],[-95.28869,29.79954],[-95.28799,29.80064],[-95.28554,29.80205],[-95.28463,29.8032],[-95.28444,29.80945],[-95.28095,29.80948],[-95.28087,29.82186],[-95.28433,29.82182],[-95.28426,29.83495],[-95.28453,29.84694],[-95.28479,29.84857],[-95.28463,29.84955],[-95.28367,29.85125],[-95.2815,29.85039],[-95.28119,29.84964],[-95.2642,29.84999],[-95.26384,29.84999],[-95.26383,29.84986],[-95.26421,29.84971],[-95.26463,29.84976],[-95.26463,29.84998],[-95.25645,29.85014],[-95.25255,29.85086],[-95.23703,29.85102],[-95.23708,29.85313],[-95.23619,29.85315],[-95.23622,29.8547],[-95.24088,29.85463],[-95.24081,29.85311],[-95.23708,29.85313],[-95.23704,29.85164]],"type":"LineString"},"properties":{"color":"#004080","color_name":"teal","kind":"route","label":"078","long":"Wayside","route_id":"078","text_color":"#FFFFFF","type_label":"Bus"},"type":"Feature"},{"geometry":{"coordinates":[[-95.3586,29.7722],[-95.35808,29.77192],[-95.35809,29.77174],[-95.3589,29.77205],[-95.35877,29.77229],[-95.35905,29.77273],[-95.35988,29.7724],[-95.36153,29.77613],[-95.35773,29.77751],[-95.36067,29.78358],[-95.36083,29.78436],[-95.36037,29.78774],[-95.36031,29.78974],[-95.36081,29.79148],[-95.3612,29.82899],[-95.36534,29.82892],[-95.36771,29.8285],[-95.37604,29.82839],[-95.37592,29.83204],[-95.37638,29.83199],[-95.37705,29.83259],[-95.37691,29.83272],[-95.37643,29.8324],[-95.37655,29.83222],[-95.37638,29.83199],[-95.37592,29.83204],[-95.37569,29.83762],[-95.36145,29.83759],[-95.36155,29.84016],[-95.3624,29.84233],[-95.36252,29.84321],[-95.3626,29.84627],[-95.36228,29.84787],[-95.36234,29.85187],[-95.37188,29.85183],[-95.37214,29.86626],[-95.37188,29.86741],[-95.37194,29.87015],[-95.36853,29.87018],[-95.36482,29.87066],[-95.35194,29.87086],[-95.35129,29.86966]],"type":"LineString"},"properties":{"color":"#004080","color_name":"teal","kind":"route","label":"079","long":"Irvington","route_id":"079","text_color":"#FFFFFF","type_label":"Bus"},"type":"Feature"},{"geometry":{"coordinates":[[-95.33678,29.85152],[-95.3379,29.85149],[-95.33825,29.85107],[-95.34148,29.85092],[-95.34265,29.84907],[-95.34299,29.84809],[-95.33768,29.84824],[-95.33602,29.84862],[-95.33337,29.84872],[-95.32773,29.84869],[-95.32509,29.84805],[-95.31917,29.84813],[-95.31889,29.82842],[-95.31868,29.82629],[-95.3186,29.82046],[-95.31764,29.81726],[-95.31726,29.8134],[-95.31284,29.81344],[-95.31282,29.81281],[-95.31245,29.81282],[-95.31242,29.81342],[-95.31146,29.81323],[-95.31136,29.81347],[-95.31287,29.81371],[-95.32765,29.81355],[-95.32822,29.81428],[-95.32876,29.81432],[-95.32873,29.81327],[-95.31726,29.8134],[-95.31689,29.79532],[-95.31617,29.79356],[-95.31595,29.79003],[-95.31598,29.77932],[-95.31556,29.77439],[-95.31556,29.76381],[-95.31919,29.75752],[-95.32513,29.74968],[-95.32697,29.74753],[-95.32883,29.74328],[-95.3303,29.74127],[-95.33191,29.73749],[-95.33334,29.73654],[-95.33384,29.73594],[-95.33595,29.7307],[-95.33596,29.72915],[-95.33467,29.72874],[-95.33504,29.72777],[-95.33527,29.72767],[-95.33565,29.72804],[-95.33511,29.7287],[-95.33465,29.72855],[-95.33467,29.72874],[-95.33596,29.72915],[-95.33625,29.72833],[-95.33767,29.72669],[-95.33821,29.72633],[-95.33737,29.72483],[-95.33542,29.71794],[-95.33591,29.71774],[-95.33756,29.71862],[-95.33906,29.71909],[-95.3399,29.71702],[-95.34005,29.71555],[-95.33972,29.71478],[-95.33811,29.71305],[-95.33685,29.70985],[-95.33667,29.70872],[-95.33592,29.70806],[-95.33443,29.70519],[-95.33432,29.70453],[-95.34111,29.68718],[-95.34124,29.68644],[-95.33933,29.68132],[-95.33855,29.68034],[-95.33708,29.67911],[-95.33667,29.67802],[-95.33655,29.67386],[-95.33727,29.67126],[-95.33741,29.67001],[-95.33722,29.66352],[-95.33672,29.66153],[-95.3365,29.65184],[-95.33738,29.6485],[-95.33706,29.64441],[-95.33738,29.6423],[-95.33417,29.64229],[-95.33415,29.64439],[-95.33225,29.64433],[-95.32959,29.64359],[-95.32764,29.64351],[-95.32604,29.64386],[-95.32371,29.64499],[-95.3223,29.64536],[-95.32229,29.64328],[-95.32398,29.64323],[-95.32397,29.63753],[-95.33228,29.6376],[-95.33955,29.63706],[-95.33951,29.6295],[-95.33919,29.62951],[-95.33921,29.63088]],"type":"LineString"},"properties":{"color":"#004080","color_name":"teal","kind":"route","label":"080","long":"MLK / Lockwood","route_id":"080","text_color":"#FFFFFF","type_label":"Bus"},"type":"Feature"},{"geometry":{"coordinates":[[-95.36383,29.76408],[-95.36427,29.76438],[-95.36425,29.76488],[-95.36632,29.76533],[-95.36663,29.76471],[-95.36305,29.76255],[-95.37878,29.74267],[-95.38137,29.74425],[-95.3824,29.74465],[-95.38886,29.74451],[-95.39035,29.74468],[-95.3933,29.74463],[-95.39698,29.74283],[-95.39758,29.74279],[-95.4083,29.74278],[-95.4223,29.74217],[-95.43143,29.74211],[-95.43441,29.74156],[-95.44211,29.74176],[-95.44816,29.74163],[-95.46614,29.74064],[-95.46755,29.74035],[-95.47348,29.73829],[-95.47503,29.738],[-95.56663,29.73692],[-95.6441,29.73564],[-95.64398,29.72919],[-95.64723,29.7292],[-95.64898,29.72958],[-95.65059,29.73042],[-95.65322,29.73248]],"type":"LineString"},"properties":{"color":"#004080","color_name":"teal","kind":"route","label":"082","long":"Westheimer","route_id":"082","text_color":"#FFFFFF","type_label":"Bus"},"type":"Feature"},{"geometry":{"coordinates":[[-95.32625,29.94442],[-95.32805,29.94572],[-95.32891,29.94612],[-95.32997,29.94632],[-95.33179,29.94631],[-95.33173,29.93889],[-95.31213,29.93903],[-95.30718,29.93954],[-95.30342,29.93959],[-95.3028,29.92539],[-95.30844,29.91685],[-95.30889,29.91571],[-95.31004,29.9108],[-95.32331,29.91073],[-95.3268,29.91127],[-95.33152,29.91123],[-95.33143,29.90701],[-95.33171,29.90572],[-95.33245,29.90386],[-95.33256,29.90246],[-95.33123,29.90248],[-95.33108,29.891],[-95.33061,29.89086],[-95.33052,29.88453],[-95.33007,29.88306],[-95.33006,29.88165],[-95.33558,29.88139],[-95.33557,29.8795],[-95.34435,29.87953],[-95.34454,29.87867],[-95.34441,29.87711],[-95.34267,29.87479],[-95.34264,29.8709],[-95.33209,29.87085],[-95.33055,29.87041],[-95.33273,29.86671],[-95.33405,29.86325],[-95.34148,29.85092],[-95.3364,29.85127],[-95.3364,29.85153],[-95.33715,29.85152]],"type":"LineString"},"properties":{"color":"#004080","color_name":"teal","kind":"route","label":"083","long":"Lee Road - JFK","route_id":"083","text_color":"#FFFFFF","type_label":"Bus"},"type":"Feature"},{"geometry":{"coordinates":[[-95.45576,29.78297],[-95.45633,29.78299],[-95.45638,29.78328],[-95.4549,29.78329],[-95.4548,29.78302],[-95.45572,29.78284],[-95.45462,29.78245],[-95.45429,29.78268],[-95.45446,29.78294],[-95.45447,29.78411],[-95.45684,29.78414],[-95.45667,29.77784],[-95.45677,29.77462],[-95.45657,29.77337],[-95.45641,29.76566],[-95.45606,29.76236],[-95.45598,29.75407],[-95.45388,29.75416],[-95.45371,29.74662],[-95.4417,29.74676],[-95.44157,29.73259],[-95.43409,29.7328],[-95.42935,29.73383],[-95.4282,29.7303],[-95.4279,29.72789],[-95.42761,29.71498],[-95.41209,29.71508],[-95.40094,29.71146],[-95.40666,29.70423],[-95.40529,29.70356],[-95.40465,29.70344],[-95.40451,29.70384],[-95.40381,29.7038],[-95.40406,29.70475],[-95.40384,29.70486],[-95.40351,29.70373],[-95.40441,29.704],[-95.40467,29.7038],[-95.40465,29.70344],[-95.40289,29.70366],[-95.4022,29.70145],[-95.40091,29.69578],[-95.41318,29.69282],[-95.41266,29.69096],[-95.41242,29.68205],[-95.42354,29.68228],[-95.42396,29.68247],[-95.42602,29.67983],[-95.42503,29.67892],[-95.42485,29.6771],[-95.41836,29.67734],[-95.41844,29.67619],[-95.4194,29.67506],[-95.41948,29.67323]],"type":"LineString"},"properties":{"color":"#004080","color_name":"teal","kind":"route","label":"084","long":"Buffalo Speedway","route_id":"084","text_color":"#FFFFFF","type_label":"Bus"},"type":"Feature"},{"geometry":{"coordinates":[[-95.41036,29.94861],[-95.40903,29.94739],[-95.4081,29.94611],[-95.40768,29.945],[-95.40752,29.94323],[-95.40545,29.94325],[-95.40384,29.9436],[-95.40481,29.94658],[-95.40529,29.94723],[-95.40719,29.94876],[-95.40751,29.94939],[-95.4076,29.95055],[-95.4104,29.95045],[-95.41354,29.94939],[-95.41523,29.94914],[-95.4196,29.94924],[-95.42702,29.94901],[-95.42846,29.94878],[-95.42988,29.94824],[-95.43192,29.94661],[-95.43336,29.94612],[-95.46637,29.94587],[-95.47801,29.96107],[-95.48088,29.95939],[-95.48187,29.95837],[-95.48308,29.95643],[-95.48348,29.95448],[-95.48335,29.94814],[-95.48387,29.94549],[-95.48379,29.94414],[-95.48343,29.94253],[-95.48326,29.93466],[-95.4831,29.93387],[-95.48186,29.93114],[-95.48148,29.92978],[-95.48141,29.92542],[-95.4817,29.92338],[-95.48157,29.91845],[-95.48111,29.91714],[-95.48003,29.91521],[-95.47976,29.91391],[-95.47973,29.91262],[-95.48026,29.91012],[-95.4803,29.90405],[-95.48056,29.90179],[-95.4805,29.89944],[-95.48022,29.89762],[-95.48015,29.89371],[-95.47977,29.89234],[-95.47893,29.891],[-95.47533,29.88815],[-95.47477,29.88742],[-95.47416,29.88599],[-95.47386,29.87651],[-95.47409,29.87423],[-95.4729,29.86692],[-95.47352,29.86356],[-95.47297,29.8254],[-95.47389,29.82193],[-95.47369,29.81374],[-95.47389,29.81292],[-95.4745,29.81194],[-95.45587,29.79826],[-95.4568,29.79729],[-95.45716,29.79619],[-95.45682,29.78385],[-95.45462,29.7838],[-95.4547,29.7834],[-95.45644,29.78342],[-95.45645,29.78373],[-95.45475,29.7837],[-95.4548,29.78302],[-95.45566,29.78297],[-95.45555,29.78274],[-95.45436,29.78249],[-95.45447,29.7838],[-95.44818,29.7837],[-95.44443,29.78298],[-95.43708,29.7807],[-95.43472,29.78054],[-95.43317,29.78011],[-95.42981,29.77808],[-95.42356,29.77086],[-95.42302,29.7711],[-95.41343,29.77043],[-95.40614,29.77051],[-95.39189,29.76896],[-95.38162,29.76826],[-95.37173,29.7672],[-95.37051,29.76694],[-95.36835,29.76584],[-95.36437,29.7649],[-95.36444,29.764],[-95.3743,29.75158],[-95.37109,29.74963]],"type":"LineString"},"properties":{"color":"#004080","color_name":"teal","kind":"route","label":"085","long":"Antoine / Washington","route_id":"085","text_color":"#FFFFFF","type_label":"Bus"},"type":"Feature"},{"geometry":{"coordinates":[[-95.41036,29.94861],[-95.40903,29.94739],[-95.4081,29.94611],[-95.40768,29.945],[-95.40752,29.94323],[-95.40468,29.94335],[-95.40384,29.9436],[-95.40464,29.94622],[-95.40529,29.94723],[-95.40719,29.94876],[-95.40751,29.94939],[-95.4076,29.95041],[-95.39935,29.95053],[-95.39994,29.9548],[-95.40135,29.95831],[-95.40149,29.96185],[-95.40219,29.96497],[-95.40219,29.96652],[-95.4018,29.96898],[-95.40208,29.97088],[-95.40282,29.97226],[-95.40372,29.97322],[-95.40758,29.97559],[-95.40855,29.9765],[-95.40967,29.97859],[-95.41028,29.98101],[-95.41037,29.98453],[-95.41068,29.98659],[-95.41069,29.99017],[-95.41038,29.99098],[-95.40839,29.9934],[-95.4077,29.99516],[-95.40789,30.00174],[-95.40853,30.00351],[-95.40921,30.00461],[-95.41299,30.00943],[-95.41545,30.01183],[-95.41612,30.01302],[-95.41705,30.01564],[-95.41879,30.01765],[-95.41919,30.01843],[-95.41972,30.02037],[-95.41807,30.02063],[-95.41801,30.0219],[-95.41763,30.022],[-95.41764,30.02226],[-95.41801,30.02228],[-95.41774,30.02342],[-95.41789,30.0241],[-95.42253,30.02322],[-95.42939,30.02146],[-95.4393,30.01818],[-95.44112,30.02026],[-95.44258,30.02228],[-95.4461,30.0203],[-95.44366,30.01691],[-95.44749,30.01577],[-95.4491,30.01508],[-95.46586,30.00601],[-95.48631,29.99452],[-95.5356,29.96735],[-95.54401,29.96364],[-95.54699,29.96152],[-95.54743,29.96147],[-95.54993,29.96342]],"type":"LineString"},"properties":{"color":"#004080","color_name":"teal","kind":"route","label":"086","long":"FM 1960 / Imperial Valley","route_id":"086","text_color":"#FFFFFF","type_label":"Bus"},"type":"Feature"},{"geometry":{"coordinates":[[-95.40358,29.70439],[-95.40366,29.70484],[-95.40341,29.70485],[-95.40325,29.70377],[-95.40455,29.70396],[-95.40465,29.70344],[-95.40434,29.70343],[-95.39947,29.7044],[-95.39908,29.70539],[-95.39905,29.70616],[-95.39338,29.70612],[-95.39117,29.70576],[-95.39014,29.70596],[-95.38859,29.70658],[-95.38695,29.70651],[-95.38441,29.7056],[-95.38173,29.70389],[-95.37549,29.70191],[-95.37668,29.69818],[-95.35452,29.69142],[-95.35289,29.69119],[-95.3462,29.68902],[-95.34366,29.68839],[-95.34041,29.68853],[-95.33671,29.6978],[-95.32989,29.69556],[-95.32688,29.69476],[-95.32613,29.69226],[-95.33228,29.68919],[-95.33022,29.68446],[-95.32917,29.68347],[-95.32883,29.68285],[-95.32859,29.67313],[-95.32859,29.65864],[-95.37108,29.65831],[-95.38797,29.65781],[-95.38814,29.65591],[-95.3876,29.65216],[-95.38756,29.6506],[-95.38799,29.64733],[-95.38795,29.64367],[-95.39086,29.64363],[-95.39086,29.64343],[-95.38654,29.64349],[-95.38662,29.64584],[-95.38706,29.64879],[-95.38712,29.65218],[-95.3865,29.65785],[-95.39289,29.65765],[-95.39289,29.65854],[-95.39234,29.65928],[-95.39124,29.65928],[-95.39126,29.65769],[-95.40207,29.65759],[-95.39686,29.67044],[-95.40293,29.66864],[-95.40315,29.66962],[-95.40291,29.67298],[-95.40155,29.67342],[-95.40165,29.67384],[-95.40196,29.67382]],"type":"LineString"},"properties":{"color":"#004080","color_name":"teal","kind":"route","label":"087","long":"Sunnyside","route_id":"087","text_color":"#FFFFFF","type_label":"Bus"},"type":"Feature"},{"geometry":{"coordinates":[[-95.28939,29.6481],[-95.29142,29.64799],[-95.29152,29.65297],[-95.29215,29.65409],[-95.28604,29.65712],[-95.28453,29.65757],[-95.27702,29.6578],[-95.27682,29.65766],[-95.27694,29.65741],[-95.27823,29.65763],[-95.27927,29.65756],[-95.27957,29.65722],[-95.27959,29.65665],[-95.27948,29.656],[-95.27918,29.65575],[-95.27811,29.65572],[-95.27757,29.65536],[-95.27672,29.65532],[-95.27574,29.65535],[-95.27502,29.65603],[-95.27518,29.65663],[-95.27636,29.65751],[-95.27607,29.65782],[-95.26815,29.65788],[-95.26616,29.65716],[-95.26541,29.65669],[-95.26073,29.65291],[-95.25954,29.65238],[-95.25833,29.6521],[-95.25813,29.64333],[-95.24899,29.64348],[-95.24894,29.64005],[-95.24618,29.64006],[-95.24513,29.63957],[-95.24616,29.63798],[-95.24641,29.63332],[-95.24686,29.63208],[-95.2484,29.62931],[-95.24862,29.62828],[-95.2486,29.62709],[-95.23672,29.62754],[-95.23116,29.6276],[-95.23052,29.62739],[-95.22998,29.62692],[-95.2297,29.62623],[-95.22942,29.62028],[-95.22997,29.6186],[-95.22357,29.61324],[-95.22284,29.61164],[-95.22202,29.61043],[-95.21809,29.60698],[-95.21674,29.60805],[-95.21543,29.60833],[-95.21545,29.60955],[-95.21524,29.60991],[-95.21554,29.61032],[-95.21676,29.61032],[-95.21676,29.60959],[-95.21691,29.60947],[-95.2171,29.60958],[-95.21697,29.61032],[-95.21565,29.61032],[-95.21542,29.60989],[-95.21553,29.60844],[-95.2168,29.60814],[-95.21801,29.60705],[-95.2217,29.6102],[-95.22303,29.61226],[-95.2254,29.61162],[-95.22799,29.61148],[-95.22877,29.60252],[-95.22867,29.59884],[-95.22841,29.59771],[-95.22779,29.59661],[-95.22692,29.59566],[-95.22004,29.58998],[-95.21886,29.58867],[-95.21062,29.58179],[-95.21015,29.58226],[-95.21169,29.58352],[-95.20869,29.58614],[-95.20735,29.58502],[-95.21071,29.58187],[-95.2088,29.58032],[-95.20695,29.57944],[-95.20396,29.57699],[-95.20342,29.57745],[-95.20391,29.57785]],"type":"LineString"},"properties":{"color":"#004080","color_name":"teal","kind":"route","label":"088","long":"Sagemont","route_id":"088","text_color":"#FFFFFF","type_label":"Bus"},"type":"Feature"},{"geometry":{"coordinates":[[-95.45613,29.78342],[-95.45644,29.78342],[-95.45645,29.78373],[-95.45475,29.7837],[-95.4548,29.78302],[-95.45572,29.78284],[-95.45462,29.78245],[-95.45429,29.78268],[-95.45446,29.78294],[-95.45447,29.78411],[-95.45686,29.78425],[-95.457,29.79661],[-95.45646,29.79762],[-95.45574,29.7984],[-95.45993,29.80141],[-95.45858,29.8014],[-95.45877,29.80666],[-95.4566,29.80683],[-95.45444,29.80843],[-95.45281,29.80897],[-95.45233,29.80727],[-95.45121,29.80618],[-95.4504,29.80589],[-95.44888,29.8061],[-95.4475,29.80766],[-95.44742,29.80935],[-95.44522,29.8094],[-95.44433,29.80975],[-95.44379,29.8102],[-95.44482,29.8111],[-95.4452,29.81172],[-95.44531,29.81414],[-95.44642,29.81414]],"type":"LineString"},"properties":{"color":"#004080","color_name":"teal","kind":"route","label":"089","long":"Dacoma","route_id":"089","text_color":"#FFFFFF","type_label":"Bus"},"type":"Feature"},{"geometry":{"coordinates":[[-95.37695,29.83252],[-95.37688,29.83267],[-95.37653,29.83245],[-95.37638,29.83199],[-95.37592,29.83204],[-95.37553,29.84024],[-95.37572,29.84115],[-95.37776,29.84563],[-95.39085,29.84559],[-95.39108,29.85975],[-95.39766,29.85972],[-95.39787,29.86996],[-95.41031,29.86994],[-95.41247,29.87056],[-95.41222,29.87466],[-95.41422,29.87471],[-95.41417,29.87732],[-95.4144,29.87732],[-95.41445,29.87781],[-95.41382,29.87814],[-95.41474,29.8794],[-95.45894,29.93615],[-95.497,29.98592],[-95.49619,29.98631],[-95.49533,29.98637],[-95.49518,29.98695],[-95.49441,29.98749],[-95.49246,29.98728],[-95.49211,29.98946],[-95.49283,29.99094],[-95.49841,29.98787],[-95.49797,29.98727]],"type":"LineString"},"properties":{"color":"#004080","color_name":"teal","kind":"route","label":"096","long":"Veterans Memorial","route_id":"096","text_color":"#FFFFFF","type_label":"Bus"},"type":"Feature"},{"geometry":{"coordinates":[[-95.26429,29.84971],[-95.26463,29.84976],[-95.26463,29.84998],[-95.26246,29.85001],[-95.26221,29.83719],[-95.26254,29.83678],[-95.26299,29.83662],[-95.26954,29.83657],[-95.27012,29.83618],[-95.26982,29.81618],[-95.2625,29.81614],[-95.26229,29.81225],[-95.26135,29.81028],[-95.2606,29.80957],[-95.2587,29.81162],[-95.25793,29.81217],[-95.2406,29.81958],[-95.24047,29.80033],[-95.24094,29.79895],[-95.24395,29.79538],[-95.24467,29.79502],[-95.24802,29.79483],[-95.26182,29.79212],[-95.26838,29.79179],[-95.26686,29.78854],[-95.26523,29.78432],[-95.26149,29.78552],[-95.26077,29.78483],[-95.26014,29.78458],[-95.26034,29.78369],[-95.26026,29.78007],[-95.26243,29.7796],[-95.26739,29.79194],[-95.26879,29.79481],[-95.2698,29.7961],[-95.27136,29.79734],[-95.27628,29.8005],[-95.27746,29.80097],[-95.27904,29.802],[-95.28137,29.80355],[-95.2827,29.80468],[-95.28449,29.8049],[-95.28728,29.80446],[-95.29,29.80442],[-95.2919,29.80472],[-95.29414,29.80465],[-95.29612,29.805],[-95.29754,29.80555],[-95.30398,29.80905],[-95.31041,29.81308],[-95.3116,29.81355],[-95.31361,29.81371],[-95.31361,29.81343],[-95.31284,29.81344],[-95.31282,29.81281],[-95.31245,29.81282],[-95.31242,29.81342],[-95.31146,29.81323],[-95.31136,29.81347],[-95.31247,29.81369],[-95.32765,29.81355],[-95.32822,29.81428],[-95.3281,29.81442],[-95.32789,29.8143]],"type":"LineString"},"properties":{"color":"#004080","color_name":"teal","kind":"route","label":"097","long":"Settegast","route_id":"097","text_color":"#FFFFFF","type_label":"Bus"},"type":"Feature"},{"geometry":{"coordinates":[[-95.50704,29.62192],[-95.50701,29.62155],[-95.50719,29.62146],[-95.50726,29.62229],[-95.50793,29.62232],[-95.50855,29.62051],[-95.50896,29.61849],[-95.50924,29.61412],[-95.50892,29.61213],[-95.50728,29.60809],[-95.50724,29.60681],[-95.50764,29.60482],[-95.5076,29.60136],[-95.50487,29.60114],[-95.50049,29.59922],[-95.49812,29.59876],[-95.48572,29.599],[-95.48385,29.59955],[-95.48211,29.60069],[-95.47892,29.59808],[-95.47398,29.59614],[-95.46892,29.59615],[-95.46696,29.59547],[-95.46449,29.60058],[-95.46439,29.60312],[-95.46465,29.60577],[-95.44587,29.6061],[-95.44598,29.61182],[-95.44579,29.61324],[-95.43221,29.61341],[-95.43222,29.61394],[-95.43201,29.61398]],"type":"LineString"},"properties":{"color":"#004080","color_name":"teal","kind":"route","label":"098","long":"Briargate","route_id":"098","text_color":"#FFFFFF","type_label":"Bus"},"type":"Feature"},{"geometry":{"coordinates":[[-95.3778,30.00632],[-95.3781,30.00516],[-95.38187,30.00362],[-95.38252,30.00376],[-95.38283,30.00404],[-95.38387,30.00604],[-95.38206,30.00702],[-95.38051,30.00838],[-95.37499,30.01144],[-95.37855,30.01727],[-95.38008,30.02026],[-95.38602,30.0214],[-95.39616,30.02577],[-95.39741,30.02648],[-95.40033,30.02725],[-95.4031,30.02714],[-95.40918,30.02598],[-95.41194,30.02519],[-95.41789,30.0241],[-95.41774,30.02342],[-95.41801,30.0219],[-95.41763,30.022],[-95.41764,30.02226],[-95.41801,30.02228],[-95.41774,30.02342],[-95.41789,30.0241],[-95.42047,30.02362],[-95.42053,30.02743],[-95.42085,30.02894],[-95.42228,30.02858],[-95.42962,30.0287],[-95.43257,30.02853],[-95.43419,30.0279],[-95.43781,30.02591],[-95.43916,30.02487],[-95.44247,30.02304],[-95.44297,30.0226],[-95.4393,30.01818],[-95.44813,30.01555],[-95.4506,30.01426],[-95.43825,29.99752],[-95.43736,29.99663],[-95.43286,29.99356],[-95.43224,29.99286],[-95.43163,29.99172],[-95.43128,29.99004],[-95.43174,29.98796],[-95.43222,29.9871],[-95.43763,29.98078],[-95.4383,29.97932],[-95.43844,29.97733],[-95.4381,29.97581],[-95.43709,29.9742],[-95.43165,29.9693],[-95.43069,29.96796],[-95.42928,29.96418],[-95.42916,29.9599],[-95.42673,29.96048],[-95.42468,29.96126],[-95.42383,29.95997],[-95.42328,29.95864],[-95.4231,29.95483],[-95.42224,29.95288],[-95.42224,29.94891],[-95.41468,29.94881],[-95.41114,29.95017],[-95.41055,29.94884],[-95.40834,29.94651],[-95.40768,29.945],[-95.40744,29.94113],[-95.41165,29.94128],[-95.41461,29.94097],[-95.4134,29.93746],[-95.4124,29.93374],[-95.41224,29.92983],[-95.41301,29.91766],[-95.41265,29.89824],[-95.40999,29.89803],[-95.40866,29.89742],[-95.40855,29.88432],[-95.40571,29.88435],[-95.40568,29.87941],[-95.40517,29.87834],[-95.40512,29.87542],[-95.39786,29.8755],[-95.39787,29.86996],[-95.41031,29.86994],[-95.41247,29.87056],[-95.41222,29.87466],[-95.41422,29.87471],[-95.41425,29.87698]],"type":"LineString"},"properties":{"color":"#004080","color_name":"teal","kind":"route","label":"099","long":"Ella - FM 1960","route_id":"099","text_color":"#FFFFFF","type_label":"Bus"},"type":"Feature"},{"geometry":{"coordinates":[[-95.36839,29.74909],[-95.37114,29.75074],[-95.36073,29.76394],[-95.36053,29.76454],[-95.36067,29.76655],[-95.36073,29.7669],[-95.3612,29.76744],[-95.36406,29.76892],[-95.36457,29.76938],[-95.36905,29.7765],[-95.36923,29.7781],[-95.36847,29.78076],[-95.36849,29.783],[-95.36903,29.78468],[-95.37091,29.78735],[-95.37176,29.78925],[-95.37183,29.80042],[-95.37372,29.80933],[-95.37648,29.81639],[-95.37959,29.82303],[-95.38074,29.82767],[-95.38144,29.8294],[-95.38666,29.83619],[-95.39165,29.84385],[-95.40165,29.85801],[-95.40824,29.87074],[-95.41106,29.87522],[-95.41184,29.87727],[-95.41261,29.91699],[-95.41252,29.91914],[-95.41214,29.92013],[-95.41198,29.92171],[-95.41123,29.93093],[-95.4113,29.9338],[-95.41222,29.93791],[-95.40746,29.93818],[-95.40755,29.94393],[-95.4078,29.94541],[-95.40834,29.94651],[-95.41057,29.949],[-95.41114,29.95017],[-95.4097,29.95036],[-95.39953,29.95052],[-95.39877,29.94905],[-95.39656,29.9464],[-95.39598,29.94451],[-95.39604,29.94296],[-95.39738,29.93892],[-95.39527,29.93845],[-95.39353,29.93829],[-95.38944,29.93837],[-95.38724,29.93865],[-95.33276,29.93905],[-95.33194,29.93952],[-95.33146,29.94059],[-95.33133,29.94441],[-95.33145,29.95386],[-95.33091,29.95613],[-95.331,29.95785],[-95.33129,29.95869],[-95.33954,29.97205],[-95.34199,29.97557],[-95.34252,29.97683],[-95.34253,29.97818],[-95.3421,29.97925],[-95.34163,29.97987],[-95.33888,29.98132],[-95.33764,29.98149],[-95.33482,29.98118],[-95.32744,29.98112],[-95.32688,29.9813],[-95.32617,29.98186],[-95.32586,29.98255],[-95.32587,29.98321],[-95.32751,29.98539],[-95.32987,29.98706],[-95.33051,29.98731],[-95.34061,29.98744],[-95.34125,29.98704],[-95.3412,29.98632],[-95.34079,29.98611],[-95.32945,29.98597],[-95.32618,29.98486],[-95.32514,29.98474],[-95.31318,29.98477],[-95.31323,29.98677],[-95.32342,29.98681]],"type":"LineString"},"properties":{"color":"#004080","color_name":"teal","kind":"route","label":"102","long":"Bush IAH","route_id":"102","text_color":"#FFFFFF","type_label":"Bus"},"type":"Feature"},{"geometry":{"coordinates":[[-95.36925,29.74961],[-95.37114,29.75074],[-95.36073,29.76394],[-95.36053,29.76454],[-95.36059,29.76554],[-95.36073,29.7669],[-95.36104,29.76729],[-95.36406,29.76892],[-95.36506,29.76999],[-95.36587,29.77155],[-95.36905,29.7765],[-95.36923,29.7781],[-95.36847,29.78076],[-95.36849,29.783],[-95.36903,29.78468],[-95.37091,29.78735],[-95.37176,29.78925],[-95.37183,29.80042],[-95.37372,29.80933],[-95.37648,29.81639],[-95.37959,29.82303],[-95.38074,29.82767],[-95.38144,29.8294],[-95.38666,29.83619],[-95.39165,29.84385],[-95.40165,29.85801],[-95.40824,29.87074],[-95.41075,29.87474],[-95.41107,29.87627],[-95.41137,29.87638],[-95.41199,29.87576],[-95.41324,29.87736],[-95.41417,29.87732],[-95.41404,29.87471],[-95.41422,29.87471],[-95.41423,29.87521]],"type":"LineString"},"properties":{"color":"#004080","color_name":"teal","kind":"route","label":"108","long":"Veterans Memorial Express","route_id":"108","text_color":"#FFFFFF","type_label":"Bus"},"type":"Feature"},{"geometry":{"coordinates":[[-95.37559,29.75125],[-95.37571,29.75132],[-95.37512,29.75208],[-95.3691,29.74844],[-95.35841,29.76194],[-95.35153,29.75783],[-95.34971,29.76027],[-95.34934,29.76285],[-95.34886,29.764],[-95.34757,29.76537],[-95.34541,29.76675],[-95.34331,29.76763],[-95.33906,29.76876],[-95.33565,29.76916],[-95.32304,29.77391],[-95.32056,29.7742],[-95.31795,29.77385],[-95.31514,29.77385],[-95.31519,29.77528],[-95.31563,29.77535],[-95.31558,29.77385],[-95.31257,29.77418],[-95.30169,29.7742],[-95.29932,29.7747],[-95.29336,29.77714],[-95.29159,29.77766],[-95.28991,29.77784],[-95.28014,29.77794],[-95.27766,29.7777],[-95.24983,29.77329],[-95.23616,29.7734],[-95.22053,29.77005],[-95.21524,29.77007],[-95.20781,29.7708],[-95.19966,29.77129],[-95.18646,29.77029],[-95.18697,29.79184],[-95.18882,29.79232],[-95.19113,29.79348],[-95.19238,29.79387],[-95.19415,29.79403],[-95.19569,29.7938],[-95.19702,29.7933],[-95.19993,29.7917],[-95.20162,29.79139],[-95.20615,29.79119],[-95.21049,29.78991],[-95.21325,29.78863],[-95.21503,29.78736],[-95.21611,29.7869],[-95.21868,29.78667],[-95.21866,29.78387],[-95.21773,29.78388],[-95.21762,29.78435]],"type":"LineString"},"properties":{"color":"#004080","color_name":"teal","kind":"route","label":"137","long":"Northshore Express","route_id":"137","text_color":"#FFFFFF","type_label":"Bus"},"type":"Feature"},{"geometry":{"coordinates":[[-95.35631,29.75962],[-95.36417,29.76428],[-95.36429,29.76418],[-95.38183,29.74201],[-95.382,29.73962],[-95.3824,29.73851],[-95.38292,29.73773],[-95.38677,29.73275],[-95.38814,29.73213],[-95.39806,29.73132],[-95.40549,29.73095],[-95.42394,29.7305],[-95.43181,29.72938],[-95.44041,29.72889],[-95.44376,29.72906],[-95.44999,29.73008],[-95.45631,29.72996],[-95.45962,29.7289],[-95.46374,29.72726],[-95.46816,29.72619],[-95.47322,29.72589],[-95.48625,29.72577],[-95.48792,29.7256],[-95.48898,29.72527],[-95.49034,29.7245],[-95.49481,29.72066],[-95.49543,29.72106],[-95.49699,29.72113],[-95.49705,29.72211],[-95.49653,29.72254],[-95.49658,29.7227],[-95.49531,29.72281],[-95.49515,29.72261],[-95.49632,29.72241],[-95.49658,29.7227],[-95.49733,29.72267],[-95.49734,29.72334],[-95.53407,29.72031],[-95.53533,29.72041],[-95.53563,29.7201],[-95.53681,29.72051],[-95.53705,29.72043],[-95.53705,29.72],[-95.53731,29.71998],[-95.53722,29.72066],[-95.53693,29.72017],[-95.53548,29.72011],[-95.53533,29.72041],[-95.53662,29.72077],[-95.53882,29.72206],[-95.54106,29.72288],[-95.54338,29.7232],[-95.54813,29.72284],[-95.54894,29.72277],[-95.54872,29.71662],[-95.55568,29.71682],[-95.56335,29.71621],[-95.56349,29.71729],[-95.5623,29.71738],[-95.56227,29.71716],[-95.56351,29.71702],[-95.56335,29.71621],[-95.56606,29.71595],[-95.57557,29.71519],[-95.57666,29.71536],[-95.57852,29.71601],[-95.57975,29.7161],[-95.58643,29.71554],[-95.58876,29.71499],[-95.59472,29.71486],[-95.61296,29.71323],[-95.62792,29.71213],[-95.62795,29.71125],[-95.62951,29.71142],[-95.63061,29.71129],[-95.63054,29.71101],[-95.62999,29.71135],[-95.62941,29.71142]],"type":"LineString"},"properties":{"color":"#004080","color_name":"teal","kind":"route","label":"151","long":"Westpark Express","route_id":"151","text_color":"#FFFFFF","type_label":"Bus"},"type":"Feature"},{"geometry":{"coordinates":[[-95.38312,29.73312],[-95.38362,29.73176],[-95.38445,29.7323],[-95.38297,29.73416],[-95.38397,29.73463],[-95.38571,29.73458],[-95.38684,29.73287],[-95.38757,29.73247],[-95.38909,29.73215],[-95.40549,29.73095],[-95.42394,29.7305],[-95.43181,29.72938],[-95.44041,29.72889],[-95.44376,29.72906],[-95.44999,29.73008],[-95.45572,29.73002],[-95.45715,29.72979],[-95.46374,29.72726],[-95.46816,29.72619],[-95.47322,29.72589],[-95.48625,29.72577],[-95.48792,29.7256],[-95.48898,29.72527],[-95.49034,29.7245],[-95.49474,29.72068],[-95.49543,29.72106],[-95.49679,29.72106],[-95.49706,29.72129],[-95.49705,29.72211],[-95.49653,29.72254],[-95.49658,29.7227],[-95.49521,29.72279],[-95.49531,29.72248],[-95.49632,29.72241],[-95.49658,29.7227],[-95.49733,29.72267],[-95.49732,29.72129],[-95.49793,29.72118],[-95.49789,29.72009],[-95.49818,29.71949],[-95.4995,29.71975],[-95.50218,29.71955],[-95.50559,29.71824],[-95.50796,29.7182],[-95.51003,29.71789],[-95.5186,29.71768],[-95.52433,29.71769],[-95.52584,29.71793],[-95.53921,29.71771],[-95.54203,29.71832],[-95.54418,29.71812],[-95.54655,29.7172],[-95.54872,29.71662],[-95.54811,29.71525],[-95.54639,29.71351],[-95.5457,29.71194],[-95.54533,29.70502],[-95.55141,29.70491],[-95.55155,29.7035],[-95.55226,29.70186],[-95.55209,29.69319],[-95.5519,29.69215],[-95.5512,29.69032],[-95.55389,29.68947],[-95.55345,29.68844],[-95.55212,29.68739],[-95.55141,29.68623],[-95.55145,29.6837],[-95.55047,29.6815],[-95.55167,29.68084],[-95.55237,29.68002],[-95.55369,29.67683],[-95.55365,29.67515],[-95.56285,29.67454],[-95.56289,29.67751],[-95.56261,29.6789],[-95.56268,29.68175],[-95.5615,29.68154]],"type":"LineString"},"properties":{"color":"#004080","color_name":"teal","kind":"route","label":"152","long":"Harwin Express","route_id":"152","text_color":"#FFFFFF","type_label":"Bus"},"type":"Feature"},{"geometry":{"coordinates":[[-95.38327,29.73251],[-95.38362,29.73176],[-95.38445,29.7323],[-95.38297,29.73416],[-95.38372,29.73458],[-95.38441,29.73466],[-95.38571,29.73458],[-95.38684,29.73287],[-95.38807,29.73232],[-95.40501,29.73098],[-95.42394,29.7305],[-95.43181,29.72938],[-95.44086,29.72888],[-95.44376,29.72906],[-95.44999,29.73008],[-95.45572,29.73002],[-95.45715,29.72979],[-95.46374,29.72726],[-95.46816,29.72619],[-95.47322,29.72589],[-95.48625,29.72577],[-95.48792,29.7256],[-95.48898,29.72527],[-95.49034,29.7245],[-95.49474,29.72068],[-95.49543,29.72106],[-95.49679,29.72106],[-95.49706,29.72129],[-95.49705,29.72211],[-95.49653,29.72254],[-95.49658,29.7227],[-95.49521,29.72279],[-95.49531,29.72248],[-95.49632,29.72241],[-95.49658,29.7227],[-95.49733,29.72267],[-95.49732,29.72129],[-95.49793,29.72118],[-95.49789,29.72009],[-95.49818,29.71949],[-95.4995,29.71975],[-95.50218,29.71955],[-95.50559,29.71824],[-95.50796,29.7182],[-95.51003,29.71789],[-95.51635,29.71771],[-95.52433,29.71769],[-95.52584,29.71793],[-95.53921,29.71771],[-95.5415,29.71824],[-95.54283,29.71835],[-95.54418,29.71812],[-95.54655,29.7172],[-95.54872,29.71662],[-95.54906,29.73313],[-95.54835,29.7363],[-95.54836,29.73713],[-95.55987,29.73701],[-95.55967,29.73967],[-95.56037,29.73982],[-95.56129,29.73959],[-95.56193,29.74036],[-95.56215,29.74105],[-95.56206,29.74254],[-95.56096,29.74452],[-95.561,29.74743],[-95.56429,29.74725],[-95.56838,29.74752],[-95.57122,29.74802],[-95.57688,29.748],[-95.57839,29.74786],[-95.58209,29.747],[-95.58474,29.74707],[-95.58646,29.7475],[-95.58784,29.74811],[-95.5924,29.75156],[-95.59425,29.75243],[-95.60095,29.75384],[-95.6062,29.75398],[-95.60613,29.74627],[-95.6093,29.74614],[-95.61025,29.74647],[-95.61766,29.74633],[-95.61904,29.74655],[-95.61887,29.74699],[-95.61811,29.74766],[-95.61844,29.74817],[-95.61844,29.74946],[-95.61895,29.75127],[-95.61845,29.75316],[-95.61837,29.75437],[-95.61867,29.757],[-95.61868,29.76092],[-95.61912,29.76171],[-95.62096,29.76281],[-95.62132,29.76409],[-95.62546,29.76408],[-95.62538,29.755],[-95.6272,29.75569],[-95.62855,29.75596],[-95.63581,29.75597],[-95.63583,29.75055],[-95.63913,29.75045],[-95.63948,29.75065],[-95.63953,29.7551]],"type":"LineString"},"properties":{"color":"#004080","color_name":"teal","kind":"route","label":"153","long":"Harwin Express","route_id":"153","text_color":"#FFFFFF","type_label":"Bus"},"type":"Feature"},{"geometry":{"coordinates":[[-95.56034,29.65526],[-95.55914,29.65538],[-95.55926,29.65564],[-95.56042,29.65559],[-95.56074,29.65525],[-95.56083,29.65467],[-95.56292,29.65472],[-95.56346,29.65333],[-95.57075,29.65554],[-95.57051,29.65702],[-95.56895,29.66135],[-95.56862,29.66453],[-95.5689,29.66704],[-95.57024,29.67153],[-95.57031,29.67498],[-95.57054,29.67667],[-95.57051,29.67854],[-95.57004,29.6803],[-95.5699,29.6822],[-95.56945,29.68399],[-95.56943,29.68517],[-95.57096,29.69167],[-95.57143,29.72042],[-95.56988,29.72055],[-95.56693,29.72131],[-95.56701,29.72398],[-95.56797,29.7255],[-95.56805,29.73023],[-95.56787,29.73159],[-95.56693,29.73388],[-95.56693,29.73691],[-95.57171,29.73684],[-95.57208,29.75053],[-95.57254,29.75186],[-95.57355,29.75361],[-95.57556,29.75585],[-95.57621,29.7575],[-95.57626,29.76053],[-95.57552,29.76308],[-95.57594,29.76579],[-95.57546,29.76823],[-95.57544,29.76991],[-95.57586,29.77259],[-95.56176,29.77284],[-95.56049,29.77269],[-95.55923,29.77215],[-95.55831,29.77121],[-95.55796,29.77034],[-95.55777,29.7675],[-95.55754,29.76704],[-95.55689,29.76646],[-95.55574,29.76616],[-95.54826,29.76629],[-95.5475,29.76615],[-95.54662,29.76564],[-95.5454,29.76439],[-95.54445,29.76383],[-95.54428,29.76546],[-95.54451,29.7791],[-95.5444,29.78048],[-95.54392,29.78255],[-95.54393,29.78391],[-95.50739,29.78447],[-95.48642,29.78403],[-95.47806,29.78367],[-95.4681,29.78417],[-95.46251,29.78417],[-95.45987,29.78383],[-95.4583,29.78398],[-95.45462,29.7838],[-95.4547,29.7834],[-95.45644,29.78342],[-95.45645,29.78373],[-95.45475,29.7837],[-95.4548,29.78302],[-95.45573,29.78288],[-95.45462,29.78245],[-95.45429,29.78268],[-95.45446,29.78294],[-95.45447,29.7838],[-95.44887,29.78375],[-95.4453,29.78321],[-95.43708,29.7807],[-95.43472,29.78054],[-95.43317,29.78011],[-95.42981,29.77808],[-95.42888,29.77705],[-95.42834,29.777],[-95.42446,29.77726],[-95.40929,29.77744],[-95.40088,29.7764],[-95.38781,29.77663],[-95.38366,29.77712],[-95.38094,29.77783],[-95.37819,29.77882],[-95.37597,29.77904],[-95.3743,29.77875],[-95.37064,29.77756],[-95.36874,29.77622],[-95.3666,29.77281],[-95.3662,29.77162],[-95.36623,29.77034],[-95.36699,29.76769],[-95.36732,29.76555],[-95.36437,29.7649],[-95.36444,29.764],[-95.3743,29.75158],[-95.37149,29.74988],[-95.37119,29.75025]],"type":"LineString"},"properties":{"color":"#004080","color_name":"teal","kind":"route","label":"161","long":"Wilcrest Express","route_id":"161","text_color":"#FFFFFF","type_label":"Bus"},"type":"Feature"},{"geometry":{"coordinates":[[-95.63821,29.78754],[-95.63784,29.78754],[-95.63778,29.78781],[-95.63896,29.78782],[-95.63894,29.78841],[-95.64034,29.78873],[-95.64133,29.78868],[-95.64312,29.78806],[-95.64509,29.78804],[-95.64502,29.78427],[-95.64176,29.78428],[-95.6418,29.78256],[-95.64017,29.78253],[-95.63918,29.78215],[-95.6303,29.78222],[-95.63024,29.78079],[-95.62941,29.7802],[-95.62888,29.77951],[-95.62701,29.77989],[-95.62245,29.7799],[-95.62092,29.77962],[-95.61943,29.77869],[-95.617,29.77645],[-95.61629,29.77551],[-95.61535,29.77365],[-95.61462,29.77286],[-95.60981,29.77026],[-95.60802,29.77005],[-95.59802,29.77021],[-95.59282,29.77002],[-95.59072,29.77065],[-95.58733,29.77282],[-95.58568,29.77324],[-95.58242,29.77325],[-95.57895,29.77258],[-95.56139,29.77282],[-95.55947,29.7723],[-95.55831,29.77121],[-95.55796,29.77034],[-95.55777,29.7675],[-95.55739,29.76687],[-95.55672,29.76637],[-95.55574,29.76616],[-95.54769,29.76619],[-95.54696,29.76589],[-95.5454,29.76439],[-95.54445,29.76383],[-95.54428,29.76546],[-95.54451,29.7791],[-95.5444,29.78048],[-95.54392,29.78255],[-95.54393,29.78391],[-95.50739,29.78447],[-95.48642,29.78403],[-95.47806,29.78367],[-95.4681,29.78417],[-95.46251,29.78417],[-95.45987,29.78383],[-95.4583,29.78398],[-95.45462,29.7838],[-95.4547,29.7834],[-95.45644,29.78342],[-95.45645,29.78373],[-95.45475,29.7837],[-95.4548,29.78302],[-95.45573,29.78288],[-95.45462,29.78245],[-95.45429,29.78268],[-95.45446,29.78294],[-95.45447,29.7838],[-95.44887,29.78375],[-95.4453,29.78321],[-95.43708,29.7807],[-95.43472,29.78054],[-95.43317,29.78011],[-95.42981,29.77808],[-95.42888,29.77705],[-95.42834,29.777],[-95.42446,29.77726],[-95.40929,29.77744],[-95.40088,29.7764],[-95.38781,29.77663],[-95.3831,29.77724],[-95.37765,29.77895],[-95.37541,29.77897],[-95.37064,29.77756],[-95.36874,29.77622],[-95.3666,29.77281],[-95.3662,29.77162],[-95.36623,29.77034],[-95.36699,29.76769],[-95.36732,29.76555],[-95.36437,29.7649],[-95.36444,29.764],[-95.3743,29.75158],[-95.37149,29.74988],[-95.37119,29.75025]],"type":"LineString"},"properties":{"color":"#004080","color_name":"teal","kind":"route","label":"162","long":"Memorial Express","route_id":"162","text_color":"#FFFFFF","type_label":"Bus"},"type":"Feature"},{"geometry":{"coordinates":[[-95.37329,29.75317],[-95.37051,29.7515],[-95.36073,29.76394],[-95.36053,29.76454],[-95.36073,29.7669],[-95.36148,29.76763],[-95.36406,29.76892],[-95.36457,29.76938],[-95.36905,29.7765],[-95.36923,29.7781],[-95.36847,29.78076],[-95.36849,29.783],[-95.36903,29.78468],[-95.37091,29.78735],[-95.37176,29.78925],[-95.37183,29.80042],[-95.37326,29.8077],[-95.37425,29.81081],[-95.37648,29.81639],[-95.37959,29.82303],[-95.38119,29.82889],[-95.38219,29.83049],[-95.38666,29.83619],[-95.39165,29.84385],[-95.40165,29.85801],[-95.40824,29.87074],[-95.41106,29.87522],[-95.41175,29.87685],[-95.41197,29.87839],[-95.41261,29.91699],[-95.41187,29.92936],[-95.41204,29.93439],[-95.41265,29.93686],[-95.4177,29.95131],[-95.41832,29.95563],[-95.41863,29.96371],[-95.421,29.97367],[-95.42119,29.97402],[-95.42157,29.97414],[-95.42527,29.97406],[-95.42512,29.97351],[-95.42536,29.97341],[-95.42556,29.97364]],"type":"LineString"},"properties":{"color":"#004080","color_name":"teal","kind":"route","label":"202","long":"Kuykendahl P&R","route_id":"202","text_color":"#FFFFFF","type_label":"Bus"},"type":"Feature"},{"geometry":{"coordinates":[[-95.41762,30.02211],[-95.41764,30.02226],[-95.41801,30.02228],[-95.41807,30.02063],[-95.42811,30.01913],[-95.4283,30.02094],[-95.42866,30.02106],[-95.42932,30.02079],[-95.42838,30.01321],[-95.42791,30.01218],[-95.42738,30.00815],[-95.42175,29.97721],[-95.41863,29.96371],[-95.41842,29.95705],[-95.41796,29.9525],[-95.41707,29.94938],[-95.41265,29.93686],[-95.41204,29.93439],[-95.41187,29.92936],[-95.41261,29.91699],[-95.41191,29.87765],[-95.41106,29.87522],[-95.40824,29.87074],[-95.40191,29.85842],[-95.39165,29.84385],[-95.38666,29.83619],[-95.38144,29.8294],[-95.38074,29.82767],[-95.37959,29.82303],[-95.37648,29.81639],[-95.37372,29.80933],[-95.37183,29.80042],[-95.37176,29.78925],[-95.37091,29.78735],[-95.36903,29.78468],[-95.36849,29.783],[-95.36847,29.78076],[-95.36923,29.7781],[-95.36905,29.7765],[-95.36457,29.76938],[-95.36406,29.76892],[-95.3612,29.76744],[-95.36071,29.76633],[-95.36074,29.76579],[-95.36125,29.76482],[-95.372,29.75127],[-95.37342,29.75211]],"type":"LineString"},"properties":{"color":"#004080","color_name":"teal","kind":"route","label":"204","long":"Spring P&R","route_id":"204","text_color":"#FFFFFF","type_label":"Bus"},"type":"Feature"},{"geometry":{"coordinates":[[-95.41762,30.02211],[-95.41764,30.02226],[-95.41801,30.02228],[-95.41807,30.02063],[-95.42811,30.01913],[-95.4283,30.02094],[-95.42866,30.02106],[-95.42932,30.02079],[-95.42832,30.01114],[-95.42726,30.00655],[-95.42233,29.97943],[-95.42207,29.97614],[-95.41978,29.9662],[-95.42007,29.96584],[-95.42285,29.96603],[-95.42312,29.9679],[-95.42397,29.96951],[-95.42501,29.97062],[-95.42853,29.97353],[-95.42786,29.97403],[-95.42567,29.97405],[-95.42513,29.97378],[-95.42512,29.97351],[-95.42536,29.97341],[-95.42556,29.9735],[-95.42556,29.97377],[-95.42527,29.97406],[-95.42296,29.97405],[-95.42292,29.97511],[-95.4218,29.975],[-95.42084,29.97089],[-95.4199,29.96837],[-95.4188,29.9637],[-95.41851,29.95589],[-95.41792,29.9516],[-95.4123,29.93505],[-95.41205,29.93296],[-95.412,29.9301],[-95.41274,29.91599],[-95.41212,29.87877],[-95.41174,29.87639],[-95.41088,29.87467],[-95.40824,29.87052],[-95.40164,29.85779],[-95.39194,29.84407],[-95.38663,29.83593],[-95.38199,29.83005],[-95.38124,29.82872],[-95.37967,29.82289],[-95.37669,29.81671],[-95.37412,29.81031],[-95.3734,29.80797],[-95.3719,29.79983],[-95.3719,29.7895],[-95.37134,29.7879],[-95.36903,29.78436],[-95.36861,29.78289],[-95.36862,29.78076],[-95.36942,29.77787],[-95.36928,29.77669],[-95.36838,29.77496],[-95.36611,29.77177],[-95.36525,29.76999],[-95.36465,29.76918],[-95.36161,29.76762],[-95.3609,29.76688],[-95.36083,29.76591],[-95.36125,29.76482],[-95.372,29.75127],[-95.37454,29.75276],[-95.37396,29.75355],[-95.37329,29.75317]],"type":"LineString"},"properties":{"color":"#004080","color_name":"teal","kind":"route","label":"209","long":"Kuykendahl / Spring P&R","route_id":"209","text_color":"#FFFFFF","type_label":"Bus"},"type":"Feature"},{"geometry":{"coordinates":[[-95.37342,29.75211],[-95.37459,29.75284],[-95.37443,29.75732],[-95.37407,29.75862],[-95.37208,29.76204],[-95.37132,29.76273],[-95.36805,29.7643],[-95.36727,29.76508],[-95.36543,29.76893],[-95.36502,29.77022],[-95.36528,29.77147],[-95.36747,29.77509],[-95.36796,29.77632],[-95.36853,29.78373],[-95.36909,29.78496],[-95.37106,29.78787],[-95.37157,29.78905],[-95.3717,29.8001],[-95.37335,29.80863],[-95.37643,29.81655],[-95.37944,29.82296],[-95.38061,29.82762],[-95.38138,29.82962],[-95.38602,29.83545],[-95.3918,29.84426],[-95.40156,29.85806],[-95.40812,29.87075],[-95.41027,29.87426],[-95.4115,29.87817],[-95.41176,29.87956],[-95.41199,29.89083],[-95.41176,29.89275],[-95.41186,29.89825],[-95.45992,29.89751],[-95.46166,29.89784],[-95.46335,29.89886],[-95.46776,29.90339],[-95.49408,29.92004],[-95.50418,29.92763],[-95.50355,29.92818],[-95.50206,29.92858],[-95.49987,29.92825],[-95.49977,29.92796],[-95.4993,29.92791]],"type":"LineString"},"properties":{"color":"#004080","color_name":"teal","kind":"route","label":"212","long":"Seton Lake P&R","route_id":"212","text_color":"#FFFFFF","type_label":"Bus"},"type":"Feature"},{"geometry":{"coordinates":[[-95.37297,29.7517],[-95.36336,29.7638],[-95.36422,29.76431],[-95.36425,29.76488],[-95.36732,29.76555],[-95.36699,29.76769],[-95.36618,29.77065],[-95.36628,29.772],[-95.36835,29.77569],[-95.36889,29.77637],[-95.37001,29.77722],[-95.37378,29.7786],[-95.37597,29.77904],[-95.37765,29.77895],[-95.38227,29.77743],[-95.38453,29.77697],[-95.40026,29.77661],[-95.40211,29.77671],[-95.40905,29.77766],[-95.42679,29.77745],[-95.44299,29.77904],[-95.44996,29.77909],[-95.45172,29.77951],[-95.45234,29.78006],[-95.45258,29.78094],[-95.45179,29.78282],[-95.45191,29.78311],[-95.45268,29.78344],[-95.4532,29.78335],[-95.45379,29.78287],[-95.45643,29.78311],[-95.45626,29.7833],[-95.4549,29.78329],[-95.45476,29.78317],[-95.45491,29.78298],[-95.45633,29.78299],[-95.45503,29.78239],[-95.45406,29.78236],[-95.45323,29.78292],[-95.45264,29.78409],[-95.45311,29.78861],[-95.45314,29.79065],[-95.4513,29.7988],[-95.45133,29.80189],[-95.45193,29.8034],[-95.45324,29.80509],[-95.49154,29.84053],[-95.49468,29.84283],[-95.52614,29.86048],[-95.55073,29.87135],[-95.55117,29.87125],[-95.55221,29.8694],[-95.5538,29.87037],[-95.55386,29.87016],[-95.55278,29.86958],[-95.55266,29.86928],[-95.55221,29.8694],[-95.55119,29.87153],[-95.56886,29.87957],[-95.59616,29.89867],[-95.59374,29.90141],[-95.5937,29.90166],[-95.59413,29.90213]],"type":"LineString"},"properties":{"color":"#004080","color_name":"teal","kind":"route","label":"216","long":"W L York / NW Station P&R","route_id":"216","text_color":"#FFFFFF","type_label":"Bus"},"type":"Feature"},{"geometry":{"coordinates":[[-95.68493,29.96437],[-95.6844,29.96413],[-95.68442,29.96136],[-95.68457,29.96115],[-95.68728,29.96302],[-95.6876,29.96287],[-95.68774,29.96249],[-95.67774,29.95559],[-95.67125,29.95145],[-95.6656,29.94722],[-95.63383,29.92528],[-95.63252,29.92451],[-95.63056,29.92381],[-95.62487,29.92323],[-95.62332,29.92282],[-95.62138,29.92184],[-95.61728,29.91859],[-95.61573,29.91644],[-95.61211,29.91063],[-95.61015,29.9086],[-95.56961,29.88004],[-95.56712,29.87866],[-95.5256,29.86021],[-95.49468,29.84283],[-95.49245,29.84129],[-95.46931,29.82009],[-95.45324,29.80509],[-95.45176,29.80314],[-95.45133,29.80189],[-95.45133,29.79831],[-95.45314,29.79065],[-95.45311,29.78861],[-95.45264,29.78409],[-95.45309,29.78313],[-95.45359,29.78258],[-95.45426,29.78232],[-95.45519,29.78247],[-95.45512,29.78268],[-95.45436,29.78249],[-95.45446,29.78294],[-95.45573,29.78288],[-95.45436,29.78249],[-95.45447,29.7838],[-95.44887,29.78375],[-95.44636,29.78344],[-95.43708,29.7807],[-95.43472,29.78054],[-95.43317,29.78011],[-95.42981,29.77808],[-95.42888,29.77705],[-95.42834,29.777],[-95.42446,29.77726],[-95.40929,29.77744],[-95.40088,29.7764],[-95.38781,29.77663],[-95.3831,29.77724],[-95.37819,29.77882],[-95.37653,29.77905],[-95.3743,29.77875],[-95.37132,29.77781],[-95.37001,29.77722],[-95.36874,29.77622],[-95.3666,29.77281],[-95.36628,29.772],[-95.36618,29.77065],[-95.36699,29.76769],[-95.36732,29.76555],[-95.36437,29.7649],[-95.36444,29.764],[-95.37297,29.7532]],"type":"LineString"},"properties":{"color":"#004080","color_name":"teal","kind":"route","label":"217","long":"Cypress P&R","route_id":"217","text_color":"#FFFFFF","type_label":"Bus"},"type":"Feature"},{"geometry":{"coordinates":[[-95.37296,29.75171],[-95.36336,29.7638],[-95.36422,29.76431],[-95.36425,29.76488],[-95.36732,29.76555],[-95.36699,29.76769],[-95.36618,29.77065],[-95.36628,29.772],[-95.36835,29.77569],[-95.36889,29.77637],[-95.37001,29.77722],[-95.37378,29.7786],[-95.37597,29.77904],[-95.37765,29.77895],[-95.38227,29.77743],[-95.38453,29.77697],[-95.40026,29.77661],[-95.40211,29.77671],[-95.40905,29.77766],[-95.42679,29.77745],[-95.44261,29.77909],[-95.4499,29.77923],[-95.45097,29.77966],[-95.45134,29.78],[-95.45164,29.78067],[-95.45143,29.78407],[-95.45463,29.78411],[-95.4548,29.78302],[-95.45633,29.78299],[-95.45643,29.7832],[-95.4549,29.78329],[-95.4548,29.78302],[-95.45572,29.78284],[-95.45449,29.78245],[-95.45429,29.78268],[-95.45446,29.78294],[-95.45447,29.7838],[-95.45144,29.78384],[-95.45139,29.78916],[-95.45112,29.79141],[-95.44836,29.80196],[-95.44769,29.80365],[-95.44857,29.80428],[-95.45031,29.80406],[-95.45115,29.80425],[-95.45208,29.80469],[-95.45295,29.8054],[-95.46544,29.81714],[-95.46781,29.8189],[-95.47266,29.82325],[-95.49218,29.84133],[-95.49456,29.84292],[-95.52623,29.86077],[-95.53126,29.86321],[-95.54797,29.87051],[-95.54818,29.87068],[-95.5481,29.87095],[-95.5468,29.87145],[-95.54688,29.87111],[-95.5482,29.87036],[-95.55045,29.86857],[-95.55251,29.86756],[-95.55478,29.86926],[-95.55386,29.87016],[-95.55278,29.86958],[-95.55266,29.86928],[-95.55221,29.8694],[-95.55343,29.87028],[-95.55399,29.8703],[-95.55498,29.86926],[-95.55265,29.86762],[-95.55122,29.86806],[-95.54797,29.87051],[-95.54688,29.87111],[-95.54655,29.87105],[-95.54663,29.87067],[-95.54732,29.87021],[-95.55772,29.87501],[-95.56737,29.87889],[-95.57025,29.88064],[-95.58586,29.89161],[-95.59345,29.89733],[-95.59899,29.90112],[-95.59763,29.90226],[-95.5958,29.90321],[-95.59388,29.90126],[-95.5937,29.90166],[-95.59442,29.90245],[-95.59498,29.90231],[-95.5959,29.90332],[-95.59787,29.90232],[-95.59915,29.90123],[-95.59955,29.9015],[-95.61051,29.90934],[-95.61368,29.91345],[-95.61661,29.91814],[-95.61835,29.91984],[-95.62147,29.92204],[-95.62349,29.92298],[-95.6256,29.92348],[-95.63027,29.92386],[-95.63222,29.92449],[-95.63354,29.9252],[-95.65572,29.94072],[-95.65896,29.94328],[-95.6673,29.94908],[-95.67167,29.95241],[-95.68457,29.96115],[-95.68442,29.96136],[-95.68442,29.96369],[-95.68537,29.96431],[-95.68519,29.96455],[-95.68494,29.96438]],"type":"LineString"},"properties":{"color":"#004080","color_name":"teal","kind":"route","label":"219","long":"Cypress / NW Station / W L York P&R","route_id":"219","text_color":"#FFFFFF","type_label":"Bus"},"type":"Feature"},{"geometry":{"coordinates":[[-95.74443,29.77407],[-95.74371,29.77413],[-95.74363,29.77488],[-95.74158,29.77508],[-95.73877,29.77606],[-95.73723,29.77626],[-95.7355,29.77608],[-95.73568,29.78482],[-95.72648,29.78472],[-95.72281,29.78495],[-95.70581,29.78507],[-95.68867,29.78485],[-95.62404,29.78481],[-95.55203,29.78436],[-95.51584,29.78428],[-95.50548,29.78446],[-95.49331,29.78406],[-95.48549,29.784],[-95.47837,29.78342],[-95.47415,29.78352],[-95.46887,29.78395],[-95.46188,29.78392],[-95.45953,29.78361],[-95.45828,29.7832],[-95.45349,29.78009],[-95.45226,29.77941],[-95.45059,29.77888],[-95.44283,29.77877],[-95.42688,29.77723],[-95.40929,29.77744],[-95.40088,29.7764],[-95.38687,29.77663],[-95.38279,29.77713],[-95.37722,29.77889],[-95.37584,29.77887],[-95.37406,29.77848],[-95.37072,29.77702],[-95.36954,29.77613],[-95.36641,29.77173],[-95.3659,29.77068],[-95.36577,29.76979],[-95.36614,29.76808],[-95.36723,29.76571],[-95.3678,29.76492],[-95.36844,29.76437],[-95.36994,29.76363],[-95.37307,29.76255],[-95.37425,29.76148],[-95.37474,29.76062],[-95.37497,29.75971],[-95.37491,29.75411],[-95.37519,29.7522],[-95.37344,29.75107],[-95.37238,29.75245]],"type":"LineString"},"properties":{"color":"#004080","color_name":"teal","kind":"route","label":"221","long":"Kingsland P&R","route_id":"221","text_color":"#FFFFFF","type_label":"Bus"},"type":"Feature"},{"geometry":{"coordinates":[[-95.7763,29.78779],[-95.77673,29.78813],[-95.77663,29.78881],[-95.77389,29.78935],[-95.77339,29.78831],[-95.77265,29.7877],[-95.77061,29.78725],[-95.77059,29.78587],[-95.77648,29.78579],[-95.77653,29.78488],[-95.77559,29.78473],[-95.76589,29.78498],[-95.75732,29.78478],[-95.75344,29.78503],[-95.7355,29.78521],[-95.68867,29.78485],[-95.62404,29.78481],[-95.55203,29.78436],[-95.51584,29.78428],[-95.50383,29.78445],[-95.49331,29.78406],[-95.48549,29.784],[-95.47837,29.78342],[-95.47415,29.78352],[-95.46887,29.78395],[-95.46255,29.78395],[-95.46021,29.78372],[-95.45858,29.78333],[-95.45744,29.78275],[-95.45349,29.78009],[-95.45226,29.77941],[-95.45059,29.77888],[-95.44283,29.77877],[-95.42688,29.77723],[-95.40929,29.77744],[-95.40088,29.7764],[-95.38648,29.77664],[-95.3831,29.77706],[-95.37766,29.77881],[-95.37613,29.7789],[-95.37406,29.77848],[-95.37094,29.77713],[-95.36991,29.77648],[-95.36685,29.77242],[-95.36585,29.77052],[-95.36579,29.76925],[-95.36602,29.76838],[-95.36723,29.76571],[-95.3678,29.76492],[-95.36946,29.76385],[-95.3721,29.763],[-95.3734,29.76234],[-95.37425,29.76148],[-95.37487,29.76021],[-95.37491,29.75411],[-95.37519,29.7522],[-95.37171,29.75002],[-95.37123,29.75063]],"type":"LineString"},"properties":{"color":"#004080","color_name":"teal","kind":"route","label":"222","long":"Grand Parkway P&R","route_id":"222","text_color":"#FFFFFF","type_label":"Bus"},"type":"Feature"},{"geometry":{"coordinates":[[-95.63835,29.78754],[-95.63784,29.78754],[-95.63778,29.78781],[-95.63896,29.78782],[-95.63896,29.78825],[-95.63026,29.78831],[-95.6288,29.78822],[-95.62549,29.78748],[-95.62078,29.78765],[-95.61683,29.78739],[-95.61562,29.78698],[-95.61424,29.7858],[-95.61325,29.78555],[-95.61205,29.78576],[-95.60989,29.78695],[-95.60787,29.78701],[-95.60722,29.78679],[-95.60681,29.78637],[-95.6066,29.78532],[-95.61734,29.78537],[-95.61753,29.7852],[-95.61753,29.78449],[-95.617,29.78432],[-95.61217,29.78429],[-95.6075,29.78456],[-95.59555,29.78449],[-95.59317,29.78469],[-95.55203,29.78436],[-95.51584,29.78428],[-95.50548,29.78446],[-95.49331,29.78406],[-95.48549,29.784],[-95.47837,29.78342],[-95.47415,29.78352],[-95.46887,29.78395],[-95.46188,29.78392],[-95.45953,29.78361],[-95.45828,29.7832],[-95.45349,29.78009],[-95.45226,29.77941],[-95.45059,29.77888],[-95.44283,29.77877],[-95.42688,29.77723],[-95.40929,29.77744],[-95.40088,29.7764],[-95.38648,29.77664],[-95.38229,29.77725],[-95.37766,29.77881],[-95.37584,29.77887],[-95.37406,29.77848],[-95.37094,29.77713],[-95.36991,29.77648],[-95.36685,29.77242],[-95.36583,29.77038],[-95.36579,29.76925],[-95.36602,29.76838],[-95.36723,29.76571],[-95.3678,29.76492],[-95.36946,29.76385],[-95.3721,29.763],[-95.3734,29.76234],[-95.37425,29.76148],[-95.3748,29.76046],[-95.37498,29.75949],[-95.37491,29.75411],[-95.37519,29.7522],[-95.37344,29.75107],[-95.37238,29.75244]],"type":"LineString"},"properties":{"color":"#004080","color_name":"teal","kind":"route","label":"228","long":"Addicks P&R","route_id":"228","text_color":"#FFFFFF","type_label":"Bus"},"type":"Feature"},{"geometry":{"coordinates":[[-95.7763,29.78779],[-95.77673,29.78813],[-95.77663,29.78881],[-95.77389,29.78935],[-95.77339,29.78831],[-95.77245,29.78762],[-95.77061,29.78725],[-95.76857,29.78731],[-95.76759,29.78768],[-95.76667,29.78833],[-95.76632,29.78894],[-95.76627,29.78997],[-95.76284,29.78998],[-95.76,29.79038],[-95.75805,29.79032],[-95.754,29.78932],[-95.75197,29.78928],[-95.75185,29.77463],[-95.74363,29.77488],[-95.74371,29.77413],[-95.74404,29.77407],[-95.74463,29.77443],[-95.74482,29.77432],[-95.74469,29.77407],[-95.74371,29.77413],[-95.74363,29.77488],[-95.74158,29.77508],[-95.73832,29.77616],[-95.7369,29.77626],[-95.7355,29.77608],[-95.73568,29.78482],[-95.72648,29.78472],[-95.72281,29.78495],[-95.70639,29.78507],[-95.68867,29.78485],[-95.63574,29.78486],[-95.63545,29.78754],[-95.63571,29.78796],[-95.6363,29.78809],[-95.63851,29.78802],[-95.63896,29.78769],[-95.63887,29.78754],[-95.63784,29.78754],[-95.63775,29.78774],[-95.63789,29.78784],[-95.63896,29.78782],[-95.6384,29.78803],[-95.63658,29.78805],[-95.63597,29.78788],[-95.63575,29.78749],[-95.63574,29.78486],[-95.55203,29.78436],[-95.51584,29.78428],[-95.50383,29.78445],[-95.49331,29.78406],[-95.48549,29.784],[-95.47837,29.78342],[-95.47415,29.78352],[-95.46887,29.78395],[-95.46188,29.78392],[-95.45953,29.78361],[-95.45828,29.7832],[-95.45349,29.78009],[-95.45226,29.77941],[-95.45059,29.77888],[-95.44283,29.77877],[-95.42688,29.77723],[-95.40929,29.77744],[-95.40088,29.7764],[-95.38781,29.77663],[-95.38366,29.77712],[-95.38094,29.77783],[-95.37819,29.77882],[-95.37597,29.77904],[-95.3743,29.77875],[-95.37064,29.77756],[-95.36928,29.77669],[-95.36835,29.77569],[-95.3666,29.77281],[-95.3662,29.77162],[-95.36618,29.77065],[-95.36703,29.76749],[-95.36727,29.76508],[-95.36478,29.76357],[-95.3743,29.75158],[-95.37344,29.75107],[-95.37238,29.75244]],"type":"LineString"},"properties":{"color":"#004080","color_name":"teal","kind":"route","label":"229","long":"Grand Parkway / Kingsland / Addicks","route_id":"229","text_color":"#FFFFFF","type_label":"Bus"},"type":"Feature"},{"geometry":{"coordinates":[[-95.09187,29.79001],[-95.10799,29.78467],[-95.12064,29.77936],[-95.12276,29.77864],[-95.15073,29.77184],[-95.1546,29.77117],[-95.18265,29.77062],[-95.2038,29.77183],[-95.21372,29.77099],[-95.21428,29.77194],[-95.21751,29.77469],[-95.21837,29.77612],[-95.21854,29.77736],[-95.21866,29.78387],[-95.21762,29.78397],[-95.21762,29.78457],[-95.21794,29.78468],[-95.21804,29.78387],[-95.21866,29.78387],[-95.21842,29.7763],[-95.2177,29.7749],[-95.214,29.77131],[-95.21441,29.77094],[-95.21474,29.7709],[-95.21834,29.77072],[-95.22082,29.77082],[-95.22851,29.77252],[-95.23123,29.77285],[-95.23618,29.77386],[-95.25246,29.77388],[-95.27724,29.77787],[-95.28006,29.77818],[-95.29113,29.77793],[-95.29315,29.77742],[-95.29952,29.77484],[-95.30166,29.7744],[-95.32222,29.77427],[-95.32478,29.77355],[-95.33589,29.7693],[-95.34248,29.76884],[-95.34434,29.76829],[-95.34716,29.76709],[-95.34818,29.76638],[-95.34938,29.765],[-95.34991,29.76379],[-95.35087,29.76037],[-95.35298,29.7576],[-95.36246,29.7633],[-95.372,29.75127],[-95.37264,29.75165]],"type":"LineString"},"properties":{"color":"#004080","color_name":"teal","kind":"route","label":"236","long":"Maxey P&R","route_id":"236","text_color":"#FFFFFF","type_label":"Bus"},"type":"Feature"},{"geometry":{"coordinates":[[-94.97973,29.79802],[-94.97797,29.79874],[-94.97751,29.79922],[-94.97741,29.79996],[-94.97799,29.8024],[-94.98134,29.80182],[-94.9818,29.80501],[-94.9879,29.80378],[-95.01005,29.80033],[-95.01229,29.80014],[-95.02453,29.79989],[-95.0263,29.79962],[-95.04894,29.79127],[-95.05225,29.79054],[-95.05459,29.79046],[-95.0564,29.79072],[-95.05877,29.79154],[-95.06657,29.79499],[-95.0688,29.79541],[-95.07112,29.79531],[-95.07264,29.79494],[-95.08255,29.7915],[-95.08918,29.79062],[-95.09188,29.79001],[-95.10799,29.78467],[-95.12064,29.77936],[-95.12276,29.77864],[-95.15073,29.77184],[-95.1546,29.77117],[-95.18265,29.77062],[-95.18962,29.77091],[-95.20026,29.77166],[-95.20738,29.77134],[-95.21589,29.77051],[-95.21978,29.77045],[-95.22118,29.77061],[-95.23567,29.7738],[-95.25246,29.77388],[-95.27724,29.77787],[-95.28006,29.77818],[-95.29113,29.77793],[-95.29315,29.77742],[-95.29952,29.77484],[-95.30166,29.7744],[-95.32222,29.77427],[-95.32405,29.77381],[-95.33544,29.76944],[-95.33667,29.76914],[-95.33937,29.76915],[-95.34207,29.7698],[-95.34513,29.76982],[-95.3482,29.77019],[-95.35109,29.77013],[-95.35257,29.76985],[-95.35791,29.76759],[-95.35972,29.76721],[-95.36104,29.76751],[-95.36434,29.7693],[-95.36522,29.76943],[-95.36579,29.76925],[-95.36629,29.76882],[-95.36675,29.76673],[-95.36744,29.76536],[-95.36809,29.76464],[-95.36994,29.76363],[-95.37307,29.76255],[-95.37383,29.76195],[-95.37454,29.76101],[-95.37497,29.75971],[-95.37491,29.75411],[-95.37522,29.75244],[-95.37512,29.75208],[-95.37445,29.75167]],"type":"LineString"},"properties":{"color":"#004080","color_name":"teal","kind":"route","label":"237","long":"Baytown P&R","route_id":"237","text_color":"#FFFFFF","type_label":"Bus"},"type":"Feature"},{"geometry":{"coordinates":[[-95.15785,29.54773],[-95.15753,29.54791],[-95.15772,29.54808],[-95.15879,29.54735],[-95.16005,29.54793],[-95.15929,29.54932],[-95.15782,29.55077],[-95.1535,29.55371],[-95.16438,29.56519],[-95.1666,29.56724],[-95.17506,29.57714],[-95.17567,29.57753],[-95.17968,29.58214],[-95.18262,29.58512],[-95.19228,29.59362],[-95.20312,29.60432],[-95.24387,29.64151],[-95.2474,29.64635],[-95.25828,29.66309],[-95.25753,29.66343],[-95.25415,29.66351],[-95.25403,29.6638],[-95.25525,29.66386],[-95.25593,29.66357],[-95.25743,29.66351],[-95.25841,29.66326],[-95.26358,29.67099],[-95.26472,29.67241],[-95.28437,29.69231],[-95.28651,29.69522],[-95.28789,29.69613],[-95.28894,29.69742],[-95.28974,29.69809],[-95.31337,29.71386],[-95.31881,29.71734],[-95.32584,29.72105],[-95.33326,29.72576],[-95.33318,29.72643],[-95.33339,29.72679],[-95.33442,29.72714],[-95.33565,29.72804],[-95.33511,29.7287],[-95.33465,29.72855],[-95.33504,29.72777],[-95.33497,29.72745],[-95.33336,29.72671],[-95.33329,29.7262],[-95.3337,29.72605],[-95.34089,29.7307],[-95.34614,29.73479],[-95.35469,29.74022],[-95.35606,29.74158],[-95.36167,29.74506],[-95.36049,29.74656],[-95.36304,29.74809],[-95.36425,29.74659],[-95.37114,29.75074],[-95.36103,29.76354],[-95.3541,29.75938],[-95.3547,29.75863],[-95.35632,29.75963]],"type":"LineString"},"properties":{"color":"#004080","color_name":"teal","kind":"route","label":"244","long":"Monroe / El Dorado P&R","route_id":"244","text_color":"#FFFFFF","type_label":"Bus"},"type":"Feature"},{"geometry":{"coordinates":[[-95.12409,29.55293],[-95.12372,29.55306],[-95.12354,29.5527],[-95.12492,29.55197],[-95.13082,29.54725],[-95.13704,29.54285],[-95.1411,29.54076],[-95.14963,29.54962],[-95.15275,29.55242],[-95.16446,29.5648],[-95.17617,29.57844],[-95.18129,29.58411],[-95.1921,29.59364],[-95.20278,29.60418],[-95.20619,29.60728],[-95.20933,29.6108],[-95.21116,29.61215],[-95.21477,29.61536],[-95.21475,29.61593],[-95.21391,29.61686],[-95.21438,29.61757],[-95.21776,29.61474],[-95.217,29.61429],[-95.21582,29.61497],[-95.21517,29.61484],[-95.21068,29.61056],[-95.21085,29.61038],[-95.21488,29.61023],[-95.21534,29.60999],[-95.21554,29.61032],[-95.21676,29.61032],[-95.21676,29.60959],[-95.21703,29.6095],[-95.21697,29.61032],[-95.2118,29.61047],[-95.21068,29.61085],[-95.21068,29.61123],[-95.24387,29.64151],[-95.2474,29.64635],[-95.26404,29.67161],[-95.28437,29.69231],[-95.28637,29.69508],[-95.28789,29.69613],[-95.28923,29.69771],[-95.29358,29.70075],[-95.31881,29.71734],[-95.32584,29.72105],[-95.33326,29.72576],[-95.33318,29.72643],[-95.33339,29.72679],[-95.33442,29.72714],[-95.33565,29.72804],[-95.33511,29.7287],[-95.33465,29.72855],[-95.33504,29.72777],[-95.33497,29.72745],[-95.33336,29.72671],[-95.33329,29.7262],[-95.3337,29.72605],[-95.34026,29.73026],[-95.34614,29.73479],[-95.35469,29.74022],[-95.35666,29.74198],[-95.36167,29.74506],[-95.36049,29.74656],[-95.36304,29.74809],[-95.36425,29.74659],[-95.37114,29.75074],[-95.36103,29.76354],[-95.3541,29.75938],[-95.3547,29.75863],[-95.35632,29.75963]],"type":"LineString"},"properties":{"color":"#004080","color_name":"teal","kind":"route","label":"247","long":"Fuqua / Bay Area P&R","route_id":"247","text_color":"#FFFFFF","type_label":"Bus"},"type":"Feature"},{"geometry":{"coordinates":[[-95.35632,29.75963],[-95.36246,29.7633],[-95.3726,29.75052],[-95.36395,29.74537],[-95.36278,29.74683],[-95.35939,29.74478],[-95.36056,29.74331],[-95.35576,29.74041],[-95.35474,29.73955],[-95.34532,29.73355],[-95.34073,29.72964],[-95.33883,29.72828],[-95.33844,29.72766],[-95.33813,29.72616],[-95.33647,29.72793],[-95.33546,29.72865],[-95.33465,29.72855],[-95.33509,29.72772],[-95.33527,29.72767],[-95.33565,29.72804],[-95.33511,29.7287],[-95.33465,29.72855],[-95.33467,29.72874],[-95.33644,29.72929],[-95.33708,29.72798],[-95.33696,29.72775],[-95.32601,29.72102],[-95.31837,29.71693],[-95.2941,29.70099],[-95.28988,29.69778],[-95.26429,29.6717],[-95.26024,29.6657],[-95.25906,29.66347],[-95.25202,29.65276],[-95.25157,29.65269],[-95.25123,29.653],[-95.25662,29.66117],[-95.25395,29.6612],[-95.25375,29.66176],[-95.25378,29.66389],[-95.25525,29.66386],[-95.25513,29.66359],[-95.25428,29.66336],[-95.25378,29.66267],[-95.25376,29.66166],[-95.25395,29.6612],[-95.25662,29.66117],[-95.26183,29.66901],[-95.26224,29.669],[-95.26247,29.66866],[-95.25601,29.65884],[-95.25452,29.65702],[-95.24451,29.64203],[-95.24327,29.6407],[-95.22679,29.62571],[-95.22485,29.62364],[-95.21068,29.61056],[-95.21085,29.61038],[-95.21488,29.61023],[-95.21534,29.60999],[-95.21554,29.61032],[-95.21676,29.61032],[-95.21676,29.60959],[-95.2171,29.60958],[-95.21697,29.61032],[-95.21565,29.61032],[-95.21531,29.60982],[-95.21477,29.61014],[-95.21046,29.61032],[-95.20916,29.60906],[-95.20658,29.60733],[-95.20272,29.60378],[-95.19247,29.59361],[-95.18475,29.58687],[-95.18075,29.58304],[-95.16975,29.57045],[-95.1669,29.56708],[-95.16454,29.56391],[-95.1544,29.55326],[-95.1584,29.5505],[-95.15965,29.54909],[-95.16031,29.54784],[-95.15888,29.54725],[-95.15753,29.54791],[-95.15772,29.54808],[-95.15879,29.54735],[-95.16005,29.54793],[-95.15961,29.54883],[-95.15782,29.55077],[-95.15429,29.55314],[-95.14194,29.54018],[-95.13659,29.54294],[-95.12662,29.55005],[-95.12583,29.54956],[-95.12499,29.5495],[-95.12354,29.54983],[-95.1221,29.55045],[-95.12354,29.5527],[-95.12432,29.55249],[-95.1241,29.55292]],"type":"LineString"},"properties":{"color":"#004080","color_name":"teal","kind":"route","label":"249","long":"Bay Area/El Dorado/Fuqua/Monroe P&R","route_id":"249","text_color":"#FFFFFF","type_label":"Bus"},"type":"Feature"},{"geometry":{"coordinates":[[-95.18307,30.05429],[-95.18362,30.05425],[-95.18589,30.05338],[-95.18455,30.05],[-95.18684,30.04924],[-95.18864,30.04825],[-95.18951,30.04746],[-95.19092,30.04563],[-95.19262,30.04443],[-95.19458,30.04381],[-95.19862,30.04335],[-95.20138,30.04367],[-95.20288,30.04418],[-95.2057,30.04554],[-95.20995,30.04648],[-95.21248,30.04776],[-95.21871,30.05028],[-95.22027,30.05073],[-95.22403,30.0512],[-95.22856,30.05119],[-95.2301,30.05087],[-95.23236,30.04991],[-95.23352,30.04965],[-95.2391,30.04952],[-95.24137,30.04996],[-95.24448,30.05137],[-95.25239,30.05275],[-95.25309,30.04968],[-95.25353,30.04652],[-95.25714,30.03124],[-95.26262,30.01764],[-95.26986,30.00127],[-95.27131,29.99711],[-95.27545,29.98699],[-95.27838,29.97912],[-95.28092,29.97394],[-95.30226,29.9258],[-95.30366,29.92336],[-95.30823,29.9166],[-95.30878,29.91496],[-95.31134,29.90413],[-95.31252,29.90092],[-95.33215,29.867],[-95.33311,29.86473],[-95.33357,29.862],[-95.33396,29.85324],[-95.33363,29.83817],[-95.33535,29.82927],[-95.33557,29.82717],[-95.33528,29.8108],[-95.33546,29.80987],[-95.33598,29.8087],[-95.33918,29.8046],[-95.33967,29.80368],[-95.33997,29.80257],[-95.34011,29.8006],[-95.33993,29.78957],[-95.34003,29.78236],[-95.3404,29.77385],[-95.34084,29.77133],[-95.34177,29.77033],[-95.34347,29.76981],[-95.34513,29.76982],[-95.3482,29.77019],[-95.35109,29.77013],[-95.35228,29.76993],[-95.3567,29.76801],[-95.35948,29.76721],[-95.36104,29.76751],[-95.36457,29.76938],[-95.36579,29.76925],[-95.36638,29.76866],[-95.36675,29.76673],[-95.36732,29.76555],[-95.36795,29.76477],[-95.36994,29.76363],[-95.37307,29.76255],[-95.37425,29.76148],[-95.37474,29.76062],[-95.37498,29.75949],[-95.37481,29.75479],[-95.37396,29.75355],[-95.37239,29.75263]],"type":"LineString"},"properties":{"color":"#004080","color_name":"teal","kind":"route","label":"255","long":"Kingwood P&R","route_id":"255","text_color":"#FFFFFF","type_label":"Bus"},"type":"Feature"},{"geometry":{"coordinates":[[-95.29811,29.92769],[-95.29828,29.92751],[-95.29796,29.92709],[-95.2982,29.92681],[-95.30214,29.92323],[-95.30253,29.92335],[-95.30264,29.92369],[-95.3028,29.92539],[-95.3082,29.91729],[-95.30868,29.91634],[-95.30917,29.9133],[-95.31134,29.90413],[-95.31252,29.90092],[-95.33215,29.867],[-95.33317,29.86453],[-95.33357,29.862],[-95.33396,29.85324],[-95.33363,29.83817],[-95.33535,29.82927],[-95.33557,29.82717],[-95.33528,29.8108],[-95.33546,29.80987],[-95.33598,29.8087],[-95.33918,29.8046],[-95.33967,29.80368],[-95.33997,29.80257],[-95.34011,29.8006],[-95.33993,29.78957],[-95.34003,29.78236],[-95.3404,29.77385],[-95.34084,29.77133],[-95.34177,29.77033],[-95.34347,29.76981],[-95.34513,29.76982],[-95.3482,29.77019],[-95.35109,29.77013],[-95.35228,29.76993],[-95.3567,29.76801],[-95.35948,29.76721],[-95.36104,29.76751],[-95.36457,29.76938],[-95.36579,29.76925],[-95.36638,29.76866],[-95.36675,29.76673],[-95.36732,29.76555],[-95.36795,29.76477],[-95.36994,29.76363],[-95.37307,29.76255],[-95.37425,29.76148],[-95.37474,29.76062],[-95.37498,29.75949],[-95.37481,29.75479],[-95.37396,29.75355],[-95.37239,29.75263]],"type":"LineString"},"properties":{"color":"#004080","color_name":"teal","kind":"route","label":"256","long":"Eastex P&R","route_id":"256","text_color":"#FFFFFF","type_label":"Bus"},"type":"Feature"},{"geometry":{"coordinates":[[-95.37266,29.75166],[-95.37459,29.75284],[-95.37443,29.75732],[-95.37414,29.75847],[-95.37208,29.76204],[-95.37132,29.76273],[-95.3679,29.76441],[-95.36711,29.7653],[-95.36639,29.76679],[-95.36549,29.76789],[-95.3644,29.76808],[-95.36059,29.76709],[-95.35947,29.76702],[-95.35641,29.76792],[-95.35294,29.7695],[-95.35147,29.76994],[-95.34764,29.76998],[-95.34428,29.76916],[-95.34178,29.76905],[-95.34079,29.76929],[-95.3402,29.77],[-95.33978,29.77194],[-95.33974,29.77359],[-95.33986,29.77715],[-95.33953,29.79091],[-95.33961,29.80245],[-95.33873,29.80479],[-95.33552,29.80913],[-95.33505,29.81113],[-95.33519,29.82742],[-95.33499,29.82927],[-95.33327,29.83816],[-95.33346,29.85574],[-95.33318,29.86225],[-95.33264,29.86499],[-95.33174,29.86703],[-95.31206,29.90112],[-95.31099,29.90407],[-95.30805,29.91613],[-95.30738,29.91741],[-95.30274,29.92411],[-95.30149,29.92625],[-95.28103,29.97279],[-95.27795,29.97917],[-95.27086,29.99734],[-95.26979,30.00054],[-95.26644,30.00814],[-95.26486,30.01083],[-95.26315,30.0146],[-95.26236,30.01552],[-95.26093,30.01657],[-95.26039,30.01745],[-95.26034,30.01757],[-95.26495,30.0189],[-95.26509,30.01793],[-95.26416,30.01652],[-95.26353,30.01681],[-95.26245,30.01952],[-95.26259,30.01973],[-95.26281,30.01963],[-95.26301,30.01909]],"type":"LineString"},"properties":{"color":"#004080","color_name":"teal","kind":"route","label":"257","long":"Townsen P&R","route_id":"257","text_color":"#FFFFFF","type_label":"Bus"},"type":"Feature"},{"geometry":{"coordinates":[[-95.37239,29.75263],[-95.37051,29.7515],[-95.36103,29.76354],[-95.35325,29.75885],[-95.35186,29.76064],[-95.35034,29.76342],[-95.34907,29.76471],[-95.34725,29.76617],[-95.34576,29.76706],[-95.34183,29.76861],[-95.34106,29.76926],[-95.34052,29.77013],[-95.34014,29.7718],[-95.33963,29.78244],[-95.33961,29.80245],[-95.33873,29.80479],[-95.33552,29.80913],[-95.33505,29.81113],[-95.33519,29.82742],[-95.33499,29.82927],[-95.33327,29.83816],[-95.33346,29.85574],[-95.33318,29.86225],[-95.33264,29.86499],[-95.33174,29.86703],[-95.31232,29.90058],[-95.31099,29.90407],[-95.30883,29.91316],[-95.30735,29.91688],[-95.30455,29.9209],[-95.29861,29.92615],[-95.2971,29.9277],[-95.29761,29.92814],[-95.29818,29.92766],[-95.29824,29.92738],[-95.29796,29.92709],[-95.2982,29.92681],[-95.30214,29.92323],[-95.30253,29.92335],[-95.30264,29.92369],[-95.30031,29.92806],[-95.29829,29.93308],[-95.29711,29.93551],[-95.29614,29.9387],[-95.27981,29.97553],[-95.27795,29.97917],[-95.27086,29.99734],[-95.26979,30.00054],[-95.26644,30.00814],[-95.26486,30.01083],[-95.26315,30.0146],[-95.26236,30.01552],[-95.26093,30.01657],[-95.26034,30.01757],[-95.26495,30.0189],[-95.26509,30.01793],[-95.26416,30.01652],[-95.26353,30.01681],[-95.2625,30.01934],[-95.26259,30.01973],[-95.26281,30.01963],[-95.26317,30.01868],[-95.26279,30.01862],[-95.26342,30.01709],[-95.26439,30.01759],[-95.26456,30.01745],[-95.2644,30.01714],[-95.26342,30.01663],[-95.26161,30.01615],[-95.26093,30.01657],[-95.26052,30.01716],[-95.26024,30.01795],[-95.26071,30.0196],[-95.26051,30.0207],[-95.25441,30.03433],[-95.25345,30.03704],[-95.24978,30.04461],[-95.24734,30.0517],[-95.24498,30.05121],[-95.242,30.04979],[-95.24011,30.04935],[-95.23299,30.04945],[-95.23191,30.04969],[-95.22911,30.0508],[-95.22797,30.05099],[-95.22434,30.05102],[-95.22133,30.05066],[-95.21973,30.05027],[-95.21502,30.04852],[-95.21049,30.04634],[-95.20694,30.04547],[-95.20095,30.04331],[-95.19835,30.04302],[-95.19381,30.04364],[-95.19257,30.04403],[-95.19134,30.04471],[-95.19027,30.04566],[-95.1891,30.04739],[-95.18836,30.04813],[-95.18675,30.04908],[-95.18428,30.04996],[-95.18506,30.05191],[-95.18534,30.05351],[-95.18444,30.0539],[-95.18264,30.05384],[-95.18261,30.05414],[-95.18307,30.05429]],"type":"LineString"},"properties":{"color":"#004080","color_name":"teal","kind":"route","label":"259","long":"Kingwood / Townsen / Eastex P&R","route_id":"259","text_color":"#FFFFFF","type_label":"Bus"},"type":"Feature"},{"geometry":{"coordinates":[[-95.55985,29.65528],[-95.55929,29.65528],[-95.55912,29.65553],[-95.55926,29.65564],[-95.5606,29.65549],[-95.56083,29.65467],[-95.56292,29.65472],[-95.56346,29.65333],[-95.56508,29.65383],[-95.56033,29.65811],[-95.55666,29.66202],[-95.53563,29.68162],[-95.52909,29.6898],[-95.52764,29.69137],[-95.49155,29.72328],[-95.48949,29.72487],[-95.48833,29.72535],[-95.48677,29.72561],[-95.47318,29.72572],[-95.46816,29.72604],[-95.46599,29.72654],[-95.45922,29.72924],[-95.45571,29.7299],[-95.45019,29.72996],[-95.44366,29.72891],[-95.44036,29.72875],[-95.43227,29.72914],[-95.42388,29.73038],[-95.40012,29.73102],[-95.38915,29.73184],[-95.38772,29.73212],[-95.38646,29.73288],[-95.38252,29.73796],[-95.38208,29.73872],[-95.3816,29.74072],[-95.37344,29.75107],[-95.36741,29.7474],[-95.35786,29.75947],[-95.35613,29.75839],[-95.35499,29.75989],[-95.3541,29.75938],[-95.3547,29.75863],[-95.35632,29.75963]],"type":"LineString"},"properties":{"color":"#004080","color_name":"teal","kind":"route","label":"265","long":"West Bellfort P&R","route_id":"265","text_color":"#FFFFFF","type_label":"Bus"},"type":"Feature"},{"geometry":{"coordinates":[[-95.55986,29.65527],[-95.55929,29.65528],[-95.55912,29.65553],[-95.55926,29.65564],[-95.5606,29.65549],[-95.56083,29.65467],[-95.56292,29.65472],[-95.56346,29.65333],[-95.56508,29.65383],[-95.56033,29.65811],[-95.55666,29.66202],[-95.53563,29.68162],[-95.52909,29.6898],[-95.52764,29.69137],[-95.49155,29.72328],[-95.48949,29.72487],[-95.48833,29.72535],[-95.48677,29.72561],[-95.47318,29.72572],[-95.46816,29.72604],[-95.46599,29.72654],[-95.45922,29.72924],[-95.45571,29.7299],[-95.45019,29.72996],[-95.44366,29.72891],[-95.44036,29.72875],[-95.43227,29.72914],[-95.42388,29.73038],[-95.40012,29.73102],[-95.38915,29.73184],[-95.38772,29.73212],[-95.38646,29.73288],[-95.38252,29.73796],[-95.38208,29.73872],[-95.38153,29.74082],[-95.36274,29.76457],[-95.3541,29.75938],[-95.3547,29.75863],[-95.35632,29.75963]],"type":"LineString"},"properties":{"color":"#004080","color_name":"teal","kind":"route","label":"269","long":"West Bellfort P&R","route_id":"269","text_color":"#FFFFFF","type_label":"Bus"},"type":"Feature"},{"geometry":{"coordinates":[[-95.39012,29.69907],[-95.39025,29.69943],[-95.39089,29.69942],[-95.39065,29.69821],[-95.39837,29.69637],[-95.3992,29.69906],[-95.39947,29.7044],[-95.40434,29.70343],[-95.40465,29.70344],[-95.40451,29.70384],[-95.40381,29.7038],[-95.40404,29.70483],[-95.40341,29.70485],[-95.40325,29.70377],[-95.40341,29.70375],[-95.40366,29.70484],[-95.40341,29.70485],[-95.40319,29.70385],[-95.40351,29.70373],[-95.40441,29.704],[-95.40467,29.7038],[-95.40465,29.70344],[-95.40529,29.70356],[-95.40666,29.70423],[-95.42533,29.68082],[-95.44127,29.66046],[-95.44178,29.65942],[-95.4422,29.65634],[-95.44305,29.65518],[-95.44387,29.65473],[-95.45001,29.65285],[-95.4789,29.64161],[-95.48109,29.64094],[-95.48178,29.64056],[-95.48231,29.63998],[-95.48251,29.63892],[-95.48213,29.63427],[-95.48201,29.629],[-95.48237,29.62746],[-95.48284,29.62672],[-95.48367,29.62597],[-95.48753,29.62404],[-95.48876,29.62288],[-95.49154,29.61768],[-95.49653,29.60997],[-95.50449,29.59682],[-95.50525,29.59525],[-95.50596,29.59297],[-95.50629,29.5904],[-95.50613,29.57804],[-95.50697,29.56812],[-95.50673,29.55768],[-95.50644,29.55584],[-95.5058,29.55377],[-95.50271,29.54779],[-95.5019,29.54569],[-95.50137,29.54297],[-95.50134,29.541],[-95.50163,29.539],[-95.50329,29.53524],[-95.50484,29.53292],[-95.50652,29.53105],[-95.50911,29.52927],[-95.50889,29.52854],[-95.50847,29.52865]],"type":"LineString"},"properties":{"color":"#004080","color_name":"teal","kind":"route","label":"270","long":"Missouri City P&R","route_id":"270","text_color":"#FFFFFF","type_label":"Bus"},"type":"Feature"},{"geometry":{"coordinates":[[-95.40349,29.70404],[-95.40366,29.70484],[-95.40341,29.70485],[-95.40319,29.70385],[-95.40351,29.70373],[-95.40441,29.704],[-95.40467,29.7038],[-95.40465,29.70344],[-95.39947,29.7044],[-95.39908,29.70539],[-95.39899,29.70901],[-95.39739,29.7101],[-95.39431,29.70824],[-95.39357,29.70715],[-95.39151,29.7081],[-95.3904,29.70823],[-95.39053,29.70876],[-95.3913,29.70997],[-95.39311,29.71173],[-95.39395,29.71373],[-95.39743,29.71592],[-95.3917,29.7231],[-95.39074,29.72392],[-95.39046,29.7247],[-95.38297,29.73416],[-95.38372,29.73458],[-95.38571,29.73458],[-95.38684,29.73287],[-95.38807,29.73232],[-95.40501,29.73098],[-95.42394,29.7305],[-95.43181,29.72938],[-95.44041,29.72889],[-95.44376,29.72906],[-95.44999,29.73008],[-95.45649,29.72994],[-95.46374,29.72726],[-95.46428,29.72593],[-95.46429,29.72516],[-95.46521,29.72513],[-95.46521,29.72537],[-95.46429,29.72541],[-95.46403,29.72678],[-95.46428,29.72712],[-95.4672,29.72637],[-95.46927,29.72608],[-95.48686,29.72575],[-95.48846,29.72545],[-95.4899,29.7248],[-95.49117,29.72381],[-95.52751,29.69167],[-95.52913,29.68995],[-95.53563,29.6818],[-95.54668,29.67148],[-95.54767,29.67069],[-95.54829,29.67115],[-95.54842,29.67352],[-95.54809,29.67361],[-95.54795,29.67346],[-95.54821,29.67282],[-95.54815,29.67182],[-95.54795,29.67162],[-95.54779,29.67183],[-95.5478,29.67244],[-95.54792,29.67353],[-95.54838,29.67363],[-95.54851,29.67344],[-95.54844,29.67137],[-95.54783,29.67049],[-95.56251,29.6567],[-95.56118,29.65544],[-95.56074,29.65525],[-95.55985,29.65528]],"type":"LineString"},"properties":{"color":"#004080","color_name":"teal","kind":"route","label":"292","long":"Southwest Freeway / TMC P&R","route_id":"292","text_color":"#FFFFFF","type_label":"Bus"},"type":"Feature"},{"geometry":{"coordinates":[[-95.20818,29.61377],[-95.20822,29.61408],[-95.20808,29.61409],[-95.20774,29.61379],[-95.208,29.61333],[-95.21012,29.61134],[-95.21042,29.61114],[-95.21068,29.61123],[-95.24387,29.64151],[-95.2474,29.64635],[-95.25828,29.66309],[-95.25753,29.66343],[-95.25415,29.66351],[-95.25403,29.6638],[-95.25525,29.66386],[-95.25593,29.66357],[-95.25743,29.66351],[-95.25841,29.66326],[-95.26358,29.67099],[-95.26472,29.67241],[-95.28437,29.69231],[-95.28637,29.69508],[-95.28789,29.69613],[-95.28923,29.69771],[-95.29358,29.70075],[-95.31881,29.71734],[-95.32646,29.72142],[-95.3395,29.72976],[-95.34614,29.73479],[-95.35469,29.74022],[-95.35666,29.74198],[-95.36248,29.74556],[-95.36449,29.74316],[-95.36455,29.74277],[-95.36583,29.74092],[-95.36907,29.73679],[-95.37052,29.7355],[-95.37131,29.7345],[-95.37296,29.72927],[-95.37629,29.72474],[-95.37772,29.72081],[-95.379,29.71632],[-95.37906,29.71365],[-95.37833,29.71107],[-95.37544,29.70524],[-95.37523,29.70442],[-95.37549,29.70191],[-95.38173,29.70389],[-95.38441,29.7056],[-95.38695,29.70651],[-95.38859,29.70658],[-95.39014,29.70596],[-95.39117,29.70576],[-95.39422,29.70627],[-95.39438,29.70658],[-95.39341,29.70722],[-95.39413,29.70823],[-95.39737,29.7102],[-95.39906,29.7091],[-95.39917,29.7054],[-95.39947,29.7044],[-95.40335,29.70357],[-95.40366,29.70484],[-95.40341,29.70485],[-95.40325,29.70377],[-95.40441,29.704],[-95.40464,29.70387],[-95.40465,29.70344],[-95.40391,29.70346],[-95.39947,29.7044],[-95.3992,29.69906],[-95.39833,29.69626],[-95.39313,29.69752],[-95.39229,29.69436],[-95.39418,29.69395]],"type":"LineString"},"properties":{"color":"#004080","color_name":"teal","kind":"route","label":"297","long":"Gulf Freeway / TMC P&R","route_id":"297","text_color":"#FFFFFF","type_label":"Bus"},"type":"Feature"},{"geometry":{"coordinates":[[-95.40321,29.70404],[-95.40325,29.70377],[-95.40351,29.70373],[-95.40455,29.70396],[-95.40465,29.70344],[-95.40391,29.70346],[-95.39947,29.7044],[-95.39908,29.70539],[-95.39899,29.70901],[-95.39739,29.7101],[-95.39431,29.70824],[-95.39357,29.70715],[-95.39151,29.7081],[-95.3904,29.70823],[-95.39053,29.70876],[-95.3913,29.70997],[-95.39311,29.71173],[-95.39395,29.71373],[-95.39743,29.71592],[-95.39269,29.72191],[-95.39065,29.72413],[-95.39097,29.72461],[-95.39103,29.72548],[-95.39122,29.74486],[-95.3919,29.7469],[-95.39216,29.75702],[-95.39238,29.75863],[-95.39223,29.7669],[-95.39197,29.76844],[-95.39065,29.77155],[-95.39058,29.77371],[-95.39039,29.77443],[-95.38995,29.77519],[-95.38812,29.77709],[-95.38845,29.7772],[-95.3948,29.77706],[-95.39714,29.77667],[-95.40026,29.77661],[-95.40211,29.77671],[-95.40905,29.77766],[-95.42679,29.77745],[-95.44261,29.77909],[-95.4499,29.77923],[-95.45097,29.77966],[-95.45159,29.78046],[-95.45143,29.78407],[-95.45163,29.78408],[-95.45463,29.78411],[-95.4548,29.78302],[-95.45573,29.78288],[-95.45462,29.78245],[-95.45429,29.78268],[-95.45446,29.78294],[-95.45447,29.78411],[-95.45979,29.78391],[-95.46289,29.78425],[-95.46965,29.78423],[-95.4773,29.78374],[-95.48642,29.78414],[-95.50512,29.78458],[-95.51559,29.7844],[-95.55203,29.78449],[-95.63574,29.78498],[-95.63545,29.78754],[-95.63571,29.78796],[-95.6363,29.78809],[-95.63851,29.78802],[-95.63896,29.78769],[-95.63887,29.78754],[-95.63784,29.78754],[-95.63775,29.78774],[-95.63789,29.78784],[-95.63896,29.78782],[-95.6384,29.78803],[-95.6363,29.78803],[-95.63587,29.78778],[-95.63574,29.78498],[-95.63627,29.78494],[-95.68867,29.78494],[-95.72161,29.78525],[-95.72627,29.78566],[-95.73585,29.78571],[-95.73566,29.77627],[-95.73795,29.77638],[-95.73939,29.77606],[-95.74146,29.77527],[-95.74363,29.77505],[-95.74371,29.77413],[-95.74404,29.77407],[-95.74463,29.77443],[-95.74481,29.77414],[-95.74443,29.77407]],"type":"LineString"},"properties":{"color":"#004080","color_name":"teal","kind":"route","label":"298","long":"Katy Freeway / TMC P&R","route_id":"298","text_color":"#FFFFFF","type_label":"Bus"},"type":"Feature"},{"geometry":{"coordinates":[[-95.46467,29.72515],[-95.46521,29.72513],[-95.46521,29.72537],[-95.46626,29.7255],[-95.46626,29.72577],[-95.46833,29.72559],[-95.46816,29.72515],[-95.46793,29.70593],[-95.46836,29.7059],[-95.4685,29.70565],[-95.46908,29.70563],[-95.4696,29.7058],[-95.50117,29.70547],[-95.5006,29.70893],[-95.49681,29.70886],[-95.49683,29.71063],[-95.49407,29.71066],[-95.49317,29.71086],[-95.49358,29.71179],[-95.49429,29.71267],[-95.50004,29.71763],[-95.50077,29.71883],[-95.50094,29.71964],[-95.4995,29.71975],[-95.49818,29.71949],[-95.49789,29.72009],[-95.49793,29.72118],[-95.49732,29.72129],[-95.49733,29.72267],[-95.49531,29.72281],[-95.49515,29.72261],[-95.49632,29.72241],[-95.49658,29.7227],[-95.49733,29.72267],[-95.49732,29.72129],[-95.49793,29.72118],[-95.49789,29.72009],[-95.49818,29.71949],[-95.4995,29.71975],[-95.50112,29.71966],[-95.50079,29.71856],[-95.50026,29.71768],[-95.49722,29.71486],[-95.49638,29.71553],[-95.49516,29.71609],[-95.49415,29.71636],[-95.49307,29.71636],[-95.4931,29.71997],[-95.47227,29.72018],[-95.47234,29.72521],[-95.46626,29.72577],[-95.46626,29.7255],[-95.46573,29.72533],[-95.46429,29.72541],[-95.46429,29.72516],[-95.46467,29.72515]],"type":"LineString"},"properties":{"color":"#004080","color_name":"teal","kind":"route","label":"309","long":"Gulfton Circulator","route_id":"309","text_color":"#FFFFFF","type_label":"Bus"},"type":"Feature"},{"geometry":{"coordinates":[[-95.46467,29.72515],[-95.46521,29.72513],[-95.46521,29.72537],[-95.46626,29.7255],[-95.46626,29.72577],[-95.47234,29.72521],[-95.47227,29.72018],[-95.4931,29.71997],[-95.49307,29.71636],[-95.49415,29.71636],[-95.49516,29.71609],[-95.49626,29.7156],[-95.49702,29.71502],[-95.50008,29.71767],[-95.50067,29.71857],[-95.50094,29.71964],[-95.4995,29.71975],[-95.49818,29.71949],[-95.49789,29.72009],[-95.49793,29.72118],[-95.49732,29.72129],[-95.49733,29.72267],[-95.49531,29.72281],[-95.4952,29.72252],[-95.49632,29.72241],[-95.49658,29.7227],[-95.49733,29.72267],[-95.49732,29.72129],[-95.49793,29.72118],[-95.49789,29.72009],[-95.49818,29.71949],[-95.4995,29.71975],[-95.50112,29.71966],[-95.50089,29.71885],[-95.50052,29.71805],[-95.49978,29.71715],[-95.49425,29.71227],[-95.49339,29.71079],[-95.49683,29.71063],[-95.49681,29.70886],[-95.5006,29.70893],[-95.50117,29.70527],[-95.47062,29.70558],[-95.46849,29.70581],[-95.46824,29.7055],[-95.46794,29.70549],[-95.46815,29.7256],[-95.46626,29.72577],[-95.46626,29.7255],[-95.46573,29.72533],[-95.46429,29.72541],[-95.46429,29.72516],[-95.46467,29.72515]],"type":"LineString"},"properties":{"color":"#004080","color_name":"teal","kind":"route","label":"310","long":"Gulfton Circulator","route_id":"310","text_color":"#FFFFFF","type_label":"Bus"},"type":"Feature"},{"geometry":{"coordinates":[[-95.35714,29.7015],[-95.35651,29.70132],[-95.35662,29.70105],[-95.35842,29.70161],[-95.3581,29.70244],[-95.36485,29.70205],[-95.36493,29.70068],[-95.36711,29.69525],[-95.37257,29.6969],[-95.3754,29.68981],[-95.37346,29.68906],[-95.37576,29.68322],[-95.37268,29.68234],[-95.37166,29.68494],[-95.36588,29.68315],[-95.36703,29.68048],[-95.36414,29.68061],[-95.35826,29.68024],[-95.35688,29.68022],[-95.35408,29.68082],[-95.349,29.68277],[-95.34891,29.68226],[-95.34957,29.68086],[-95.35092,29.67979],[-95.35124,29.67926],[-95.34467,29.67728],[-95.34533,29.6755],[-95.34572,29.6735],[-95.34693,29.67097],[-95.34842,29.66709]],"type":"LineString"},"properties":{"color":"#004080","color_name":"teal","kind":"route","label":"360","long":"Peerless Shuttle","route_id":"360","text_color":"#FFFFFF","type_label":"Bus"},"type":"Feature"},{"geometry":{"coordinates":[[-95.41036,29.94861],[-95.40903,29.94739],[-95.4081,29.94611],[-95.40768,29.945],[-95.40752,29.94323],[-95.40508,29.94328],[-95.40384,29.9436],[-95.40481,29.94658],[-95.40529,29.94723],[-95.40719,29.94876],[-95.40751,29.94939],[-95.4076,29.95055],[-95.4104,29.95045],[-95.41354,29.94939],[-95.41492,29.94917],[-95.41739,29.9493],[-95.42218,29.94907],[-95.42224,29.95288],[-95.4231,29.95483],[-95.42328,29.95864],[-95.42383,29.95997],[-95.42468,29.96126],[-95.42673,29.96048],[-95.42901,29.95993],[-95.42911,29.9642],[-95.43069,29.96835],[-95.43147,29.96936],[-95.43722,29.97461],[-95.43794,29.97586],[-95.43824,29.97683],[-95.43814,29.97924],[-95.43731,29.98099],[-95.42866,29.97341],[-95.42786,29.97403],[-95.42567,29.97405],[-95.42513,29.97378],[-95.42512,29.97351],[-95.42536,29.97341],[-95.42556,29.9735],[-95.42548,29.97385]],"type":"LineString"},"properties":{"color":"#004080","color_name":"teal","kind":"route","label":"399","long":"Kuykendahl Shuttle","route_id":"399","text_color":"#FFFFFF","type_label":"Bus"},"type":"Feature"},{"geometry":{"coordinates":[[-95.45559,29.78341],[-95.45644,29.78342],[-95.45645,29.78373],[-95.45475,29.7837],[-95.4548,29.78302],[-95.45572,29.78284],[-95.45462,29.78245],[-95.45429,29.78268],[-95.45446,29.78294],[-95.45448,29.78395],[-95.45684,29.78399],[-95.45631,29.76549],[-95.45591,29.75902],[-95.45562,29.75853],[-95.45557,29.75414],[-95.45666,29.7541],[-95.45933,29.75304],[-95.46037,29.75217],[-95.46113,29.75083],[-95.46129,29.75011],[-95.46108,29.74225],[-95.46071,29.74012],[-95.46052,29.73329],[-95.46158,29.7296],[-95.46098,29.72619],[-95.46626,29.72577],[-95.46626,29.7255],[-95.46588,29.72538],[-95.46466,29.7254]],"type":"LineString"},"properties":{"color":"#000000","color_name":"black","kind":"route","label":"433","long":"Silver Line","route_id":"433","text_color":"#FFFFFF","type_label":"Bus"},"type":"Feature"},{"geometry":{"coordinates":[[-95.25462,29.66387],[-95.25525,29.66386],[-95.25489,29.6635],[-95.25405,29.66346],[-95.25378,29.66267],[-95.25376,29.66166],[-95.25395,29.6612],[-95.25662,29.66117],[-95.26206,29.6694],[-95.26285,29.66897],[-95.26331,29.66814],[-95.26323,29.6583],[-95.26353,29.65692],[-95.26404,29.65573],[-95.26634,29.65742],[-95.26762,29.65794],[-95.2689,29.65814],[-95.27278,29.65807],[-95.27551,29.65791],[-95.27616,29.65766],[-95.27911,29.65762],[-95.27958,29.65714],[-95.2795,29.65609],[-95.27931,29.65582],[-95.27799,29.65569],[-95.27742,29.65533],[-95.27574,29.65535],[-95.27501,29.65612],[-95.27518,29.65663],[-95.27636,29.65751],[-95.27607,29.65782],[-95.26915,29.65797],[-95.26777,29.6578],[-95.26616,29.65716],[-95.26395,29.65548],[-95.26288,29.65861],[-95.26289,29.6624],[-95.2616,29.66224],[-95.26071,29.66282],[-95.25898,29.66292],[-95.2585,29.66321],[-95.26243,29.66929],[-95.26472,29.67241],[-95.28437,29.69231],[-95.28637,29.69508],[-95.28789,29.69613],[-95.28938,29.69783],[-95.29358,29.70075],[-95.31881,29.71734],[-95.32646,29.72142],[-95.3395,29.72976],[-95.34614,29.73479],[-95.35469,29.74022],[-95.35666,29.74198],[-95.36167,29.74506],[-95.36049,29.74656],[-95.36304,29.74809],[-95.36425,29.74659],[-95.37114,29.75074],[-95.36697,29.75602],[-95.36437,29.75442],[-95.362,29.75742],[-95.35641,29.75407],[-95.35585,29.75483],[-95.35647,29.75521],[-95.35885,29.75662],[-95.35945,29.75587],[-95.35513,29.7533],[-95.35095,29.75857],[-95.35267,29.75963],[-95.35169,29.76092],[-95.35111,29.76261],[-95.35029,29.76381],[-95.34918,29.76501],[-95.34728,29.76653],[-95.34255,29.7684],[-95.34171,29.7689],[-95.34106,29.76958],[-95.34062,29.7704],[-95.34024,29.77286],[-95.33986,29.78207],[-95.3399,29.8009],[-95.33958,29.80382],[-95.33997,29.80717],[-95.33968,29.80871],[-95.33809,29.81254],[-95.33756,29.81337],[-95.33555,29.8155],[-95.33521,29.81662],[-95.33538,29.82753],[-95.33343,29.83852],[-95.33368,29.85464],[-95.3334,29.86186],[-95.33285,29.86494],[-95.33129,29.86815],[-95.31214,29.90136],[-95.31116,29.90414],[-95.30814,29.91635],[-95.30155,29.92649],[-95.29731,29.93649],[-95.2809,29.97356],[-95.2784,29.97864],[-95.27519,29.98705],[-95.27532,29.9873],[-95.27625,29.9876],[-95.27801,29.98771],[-95.27842,29.98675],[-95.2801,29.98592],[-95.28102,29.98519],[-95.28148,29.98448],[-95.28161,29.98342],[-95.29275,29.98334],[-95.29695,29.98358],[-95.30475,29.98521],[-95.30704,29.98549],[-95.32687,29.98563],[-95.328,29.98589],[-95.33003,29.98715],[-95.33094,29.98733],[-95.33511,29.98711],[-95.3353,29.98687],[-95.33528,29.98609],[-95.32945,29.98597],[-95.32568,29.98478],[-95.31857,29.98476],[-95.31858,29.98562],[-95.32723,29.98568],[-95.3274,29.98625],[-95.32724,29.9868],[-95.32336,29.98681]],"type":"LineString"},"properties":{"color":"#004080","color_name":"teal","kind":"route","label":"500","long":"DOWNTOWN DIRECT","route_id":"500","text_color":"#FFFFFF","type_label":"Bus"},"type":"Feature"},{"geometry":{"coordinates":[[-95.40284,29.6736],[-95.40334,29.67563],[-95.40348,29.69024],[-95.40475,29.69242],[-95.40488,29.69684],[-95.40561,29.69881],[-95.40548,29.69941],[-95.40477,29.70037],[-95.40276,29.70145],[-95.40246,29.70189],[-95.40302,29.70478],[-95.40294,29.70705],[-95.39574,29.71625],[-95.3941,29.71935],[-95.39204,29.72196],[-95.39128,29.7225],[-95.38957,29.72297],[-95.38881,29.72353],[-95.38379,29.72985],[-95.38348,29.73065],[-95.38357,29.73211],[-95.38288,29.73426],[-95.35963,29.76367],[-95.3591,29.76468],[-95.35817,29.76805],[-95.35818,29.76864],[-95.35894,29.77114],[-95.3605,29.77374],[-95.36492,29.78307],[-95.36463,29.7835],[-95.36091,29.78482],[-95.36045,29.78751],[-95.36043,29.79014],[-95.36179,29.79235],[-95.36749,29.79665],[-95.36785,29.79715],[-95.36792,29.80217],[-95.3687,29.80429],[-95.36968,29.80936],[-95.36974,29.81323],[-95.36999,29.81449],[-95.37115,29.81726],[-95.37155,29.8178],[-95.37265,29.81852],[-95.37439,29.81928],[-95.375,29.8198],[-95.37526,29.82041],[-95.37537,29.82152],[-95.37639,29.82407],[-95.37648,29.8251],[-95.37618,29.82784],[-95.37601,29.83246]],"type":"LineString"},"properties":{"color":"#EF0000","color_name":"red","kind":"route","label":"700","long":"METRORAIL RED LINE","route_id":"700","text_color":"#FFFFFF","type_label":"Tram / light rail"},"type":"Feature"},{"geometry":{"coordinates":[[-95.37026,29.76331],[-95.36799,29.76097],[-95.35676,29.75418],[-95.35586,29.75415],[-95.35501,29.755],[-95.3546,29.7551],[-95.35084,29.75288],[-95.35028,29.75277],[-95.3482,29.75294],[-95.34705,29.75265],[-95.34628,29.7522],[-95.34528,29.75108],[-95.34369,29.74974],[-95.33827,29.74647],[-95.33246,29.74422],[-95.32638,29.74313],[-95.3029,29.73588]],"type":"LineString"},"properties":{"color":"#3E7E00","color_name":"green","kind":"route","label":"800","long":"METRORAIL GREEN LINE","route_id":"800","text_color":"#FFFFFF","type_label":"Tram / light rail"},"type":"Feature"},{"geometry":{"coordinates":[[-95.21762,29.78435],[-95.21762,29.78457],[-95.21794,29.78468],[-95.21804,29.78387],[-95.21866,29.78387],[-95.21854,29.77736],[-95.21837,29.77612],[-95.21751,29.77469],[-95.21372,29.77099],[-95.21834,29.77072],[-95.22082,29.77082],[-95.2281,29.77243],[-95.23123,29.77285],[-95.23618,29.77386],[-95.25246,29.77388],[-95.25494,29.77425],[-95.25907,29.77559],[-95.26193,29.77615],[-95.26308,29.77587],[-95.2648,29.77461],[-95.26517,29.7737],[-95.26523,29.7705],[-95.26557,29.76709],[-95.26493,29.74273],[-95.26684,29.72778],[-95.26625,29.72243],[-95.26629,29.71244],[-95.26645,29.71132],[-95.26693,29.71018],[-95.26784,29.7092],[-95.27236,29.70674],[-95.27979,29.70126],[-95.28294,29.69938],[-95.28559,29.69826],[-95.29196,29.69657],[-95.29448,29.69569],[-95.29561,29.69551],[-95.30158,29.696],[-95.31117,29.69719],[-95.31267,29.69717],[-95.31456,29.69687],[-95.31613,29.69638],[-95.31926,29.69499],[-95.3352,29.68752],[-95.34918,29.68325],[-95.35393,29.68139],[-95.35743,29.68066],[-95.36145,29.68059],[-95.3641,29.68079],[-95.36582,29.68123],[-95.36719,29.6813],[-95.37514,29.68121],[-95.37713,29.6814],[-95.37828,29.68213],[-95.37867,29.68296],[-95.37861,29.68579],[-95.37836,29.68702],[-95.38096,29.68701],[-95.38343,29.68569],[-95.38441,29.68545],[-95.40338,29.68521],[-95.40391,29.6849],[-95.4061,29.6849],[-95.40633,29.68423]],"type":"LineString"},"properties":{"color":"#004080","color_name":"teal","kind":"route","label":"804","long":"MAXEY P&R RODEO SHUTTLE","route_id":"804","text_color":"#FFFFFF","type_label":"Bus"},"type":"Feature"},{"geometry":{"coordinates":[[-95.37026,29.76331],[-95.36799,29.76097],[-95.35676,29.75418],[-95.35586,29.75415],[-95.35497,29.75503],[-95.35454,29.75508],[-95.34822,29.75129],[-95.34729,29.75027],[-95.3467,29.74864],[-95.34632,29.74623],[-95.34684,29.74414],[-95.34656,29.74367],[-95.34518,29.7426],[-95.34522,29.74096],[-95.34981,29.72948],[-95.35009,29.72557],[-95.3521,29.71995],[-95.35168,29.71955],[-95.34773,29.71835],[-95.34619,29.71763],[-95.34048,29.7159],[-95.34006,29.71561],[-95.33963,29.7148],[-95.33798,29.71303],[-95.33725,29.71089],[-95.33424,29.70483],[-95.33428,29.70419],[-95.3364,29.69885],[-95.33637,29.69816],[-95.33571,29.69753],[-95.3323,29.69649]],"type":"LineString"},"properties":{"color":"#40007E","color_name":"blue","kind":"route","label":"900","long":"METRORAIL PURPLE LINE","route_id":"900","text_color":"#FFFFFF","type_label":"Tram / light rail"},"type":"Feature"},{"geometry":{"coordinates":[-95.45719,29.67952],"type":"Point"},"properties":{"kind":"stop","name":"West Loop Transit Center","stop_id":"100"},"type":"Feature"},{"geometry":{"coordinates":[-95.45844,29.68576],"type":"Point"},"properties":{"kind":"stop","name":"W Loop S @ Jackwood St","stop_id":"10000"},"type":"Feature"},{"geometry":{"coordinates":[-95.4385,29.62765],"type":"Point"},"properties":{"kind":"stop","name":"W Orem Dr @ White Heather Dr","stop_id":"10005"},"type":"Feature"},{"geometry":{"coordinates":[-95.45816,29.60583],"type":"Point"},"properties":{"kind":"stop","name":"Anderson Rd @ Long Look Dr","stop_id":"10006"},"type":"Feature"},{"geometry":{"coordinates":[-95.38816,29.68745],"type":"Point"},"properties":{"kind":"stop","name":"El Rio St @ El Camino St","stop_id":"10010"},"type":"Feature"},{"geometry":{"coordinates":[-95.41942,29.88511],"type":"Point"},"properties":{"kind":"stop","name":"Veterans Memorial Dr @ Diplomat Way","stop_id":"10013"},"type":"Feature"},{"geometry":{"coordinates":[-95.40963,29.9311],"type":"Point"},"properties":{"kind":"stop","name":"Airline Dr @ Aldine Bender Rd","stop_id":"10014"},"type":"Feature"},{"geometry":{"coordinates":[-95.40583,29.9177],"type":"Point"},"properties":{"kind":"stop","name":"Airline Dr @ West Rd Mb","stop_id":"10015"},"type":"Feature"},{"geometry":{"coordinates":[-95.42276,29.90725],"type":"Point"},"properties":{"kind":"stop","name":"Deer Trail Dr @ Blue Bell Rd","stop_id":"10016"},"type":"Feature"},{"geometry":{"coordinates":[-95.36358,29.90218],"type":"Point"},"properties":{"kind":"stop","name":"Aldine Mail Route Rd @ Chrisman Rd","stop_id":"10017"},"type":"Feature"},{"geometry":{"coordinates":[-95.29429,29.73312],"type":"Point"},"properties":{"kind":"stop","name":"Harrisburg Blvd @ 74th St","stop_id":"1002"},"type":"Feature"},{"geometry":{"coordinates":[-95.33061,29.88704],"type":"Point"},"properties":{"kind":"stop","name":"Hartley Rd @ Bertrand St","stop_id":"10020"},"type":"Feature"},{"geometry":{"coordinates":[-95.31486,29.84056],"type":"Point"},"properties":{"kind":"stop","name":"Laura Koppe Rd @ Heatherside St","stop_id":"10022"},"type":"Feature"},{"geometry":{"coordinates":[-95.30181,29.81698],"type":"Point"},"properties":{"kind":"stop","name":"Homestead Rd @ Miley St","stop_id":"10023"},"type":"Feature"},{"geometry":{"coordinates":[-95.32117,29.78761],"type":"Point"},"properties":{"kind":"stop","name":"Liberty Rd @ Solo","stop_id":"10025"},"type":"Feature"},{"geometry":{"coordinates":[-95.25752,29.74034],"type":"Point"},"properties":{"kind":"stop","name":"Clinton Park St @ N Carolina St","stop_id":"10027"},"type":"Feature"},{"geometry":{"coordinates":[-95.26362,29.73691],"type":"Point"},"properties":{"kind":"stop","name":"Clinton Dr @ N Carolina St","stop_id":"10028"},"type":"Feature"},{"geometry":{"coordinates":[-95.29246,29.73256],"type":"Point"},"properties":{"kind":"stop","name":"Harrisburg Blvd @ S 75th St","stop_id":"1003"},"type":"Feature"},{"geometry":{"coordinates":[-95.35557,29.65857],"type":"Point"},"properties":{"kind":"stop","name":"Cullen Blvd @ Reed Rd","stop_id":"10031"},"type":"Feature"},{"geometry":{"coordinates":[-95.35584,29.65151],"type":"Point"},"properties":{"kind":"stop","name":"Cullen Blvd @ Sunbeam St","stop_id":"10032"},"type":"Feature"},{"geometry":{"coordinates":[-95.3488,29.70172],"type":"Point"},"properties":{"kind":"stop","name":"Griggs Rd @ Cullen Blvd","stop_id":"10033"},"type":"Feature"},{"geometry":{"coordinates":[-95.22818,29.68038],"type":"Point"},"properties":{"kind":"stop","name":"S Richey St @ Allen Genoa Rd","stop_id":"10034"},"type":"Feature"},{"geometry":{"coordinates":[-95.34559,29.73939],"type":"Point"},"properties":{"kind":"stop","name":"Scott St @ Leeland St","stop_id":"10035"},"type":"Feature"},{"geometry":{"coordinates":[-95.37976,29.71961],"type":"Point"},"properties":{"kind":"stop","name":"Almeda Rd @ Binz St","stop_id":"10036"},"type":"Feature"},{"geometry":{"coordinates":[-95.37917,29.72135],"type":"Point"},"properties":{"kind":"stop","name":"Almeda Rd @ Calumet St Mb","stop_id":"10037"},"type":"Feature"},{"geometry":{"coordinates":[-95.43513,29.66843],"type":"Point"},"properties":{"kind":"stop","name":"S Main St @ Charleston Park Dr","stop_id":"10038"},"type":"Feature"},{"geometry":{"coordinates":[-95.36086,29.75873],"type":"Point"},"properties":{"kind":"stop","name":"San Jacinto St @ Texas Ave","stop_id":"10039"},"type":"Feature"},{"geometry":{"coordinates":[-95.29114,29.73213],"type":"Point"},"properties":{"kind":"stop","name":"Harrisburg Blvd @ Pineview Dr","stop_id":"1004"},"type":"Feature"},{"geometry":{"coordinates":[-95.34335,29.77082],"type":"Point"},"properties":{"kind":"stop","name":"Jensen Dr @ Providence St","stop_id":"10041"},"type":"Feature"},{"geometry":{"coordinates":[-95.34245,29.77232],"type":"Point"},"properties":{"kind":"stop","name":"Jensen Dr @ Opelousas St","stop_id":"10042"},"type":"Feature"},{"geometry":{"coordinates":[-95.3948,29.85976],"type":"Point"},"properties":{"kind":"stop","name":"E Parker Rd @ Werner St","stop_id":"10043"},"type":"Feature"},{"geometry":{"coordinates":[-95.39126,29.85959],"type":"Point"},"properties":{"kind":"stop","name":"E Parker Rd @ Nordling Rd","stop_id":"10044"},"type":"Feature"},{"geometry":{"coordinates":[-95.31807,29.89213],"type":"Point"},"properties":{"kind":"stop","name":"Eastex Freeway   @ Mount Houston Rd","stop_id":"10046"},"type":"Feature"},{"geometry":{"coordinates":[-95.43123,29.90072],"type":"Point"},"properties":{"kind":"stop","name":"Veterans Memorial Dr @ Coralmont Rd","stop_id":"10049"},"type":"Feature"},{"geometry":{"coordinates":[-95.28826,29.73128],"type":"Point"},"properties":{"kind":"stop","name":"Harrisburg Blvd @ 77th St","stop_id":"1005"},"type":"Feature"},{"geometry":{"coordinates":[-95.4183,29.91513],"type":"Point"},"properties":{"kind":"stop","name":"West Rd @ Greens Crossing Blvd","stop_id":"10050"},"type":"Feature"},{"geometry":{"coordinates":[-95.49258,29.68779],"type":"Point"},"properties":{"kind":"stop","name":"Hillcroft Ave @ Beechnut St","stop_id":"10053"},"type":"Feature"},{"geometry":{"coordinates":[-95.50212,29.69028],"type":"Point"},"properties":{"kind":"stop","name":"Bissonnet St @ Beechnut St","stop_id":"10054"},"type":"Feature"},{"geometry":{"coordinates":[-95.5865,29.71556],"type":"Point"},"properties":{"kind":"stop","name":"Alief Clodine Rd @ Alief Village Dr","stop_id":"10055"},"type":"Feature"},{"geometry":{"coordinates":[-95.43863,29.73256],"type":"Point"},"properties":{"kind":"stop","name":"Richmond Ave @ Cummins St","stop_id":"10056"},"type":"Feature"},{"geometry":{"coordinates":[-95.28627,29.73069],"type":"Point"},"properties":{"kind":"stop","name":"Harrisburg Blvd @ 78th St","stop_id":"1006"},"type":"Feature"},{"geometry":{"coordinates":[-95.32658,29.77],"type":"Point"},"properties":{"kind":"stop","name":"Waco St @ Buck St","stop_id":"10060"},"type":"Feature"},{"geometry":{"coordinates":[-95.32632,29.76987],"type":"Point"},"properties":{"kind":"stop","name":"Waco St @ Buck St","stop_id":"10061"},"type":"Feature"},{"geometry":{"coordinates":[-95.267,29.78869],"type":"Point"},"properties":{"kind":"stop","name":"N Loop E @ Glesby St","stop_id":"10062"},"type":"Feature"},{"geometry":{"coordinates":[-95.33464,29.81497],"type":"Point"},"properties":{"kind":"stop","name":"Eastex Freeway @ Reid St","stop_id":"10064"},"type":"Feature"},{"geometry":{"coordinates":[-95.51876,29.79914],"type":"Point"},"properties":{"kind":"stop","name":"Long Point Rd @ Big Bend Dr","stop_id":"10067"},"type":"Feature"},{"geometry":{"coordinates":[-95.45896,29.80048],"type":"Point"},"properties":{"kind":"stop","name":"Hempstead Rd @ Mangum Rd","stop_id":"10068"},"type":"Feature"},{"geometry":{"coordinates":[-95.52783,29.94528],"type":"Point"},"properties":{"kind":"stop","name":"Tomball Pkwy @ Mills Rd","stop_id":"10069"},"type":"Feature"},{"geometry":{"coordinates":[-95.28434,29.73012],"type":"Point"},"properties":{"kind":"stop","name":"Harrisburg Blvd @ 79th St","stop_id":"1007"},"type":"Feature"},{"geometry":{"coordinates":[-95.52483,29.94308],"type":"Point"},"properties":{"kind":"stop","name":"Tomball Pkwy @ High Life Dr","stop_id":"10071"},"type":"Feature"},{"geometry":{"coordinates":[-95.3937,29.88765],"type":"Point"},"properties":{"kind":"stop","name":"Airline Dr @ Louise Rd","stop_id":"10073"},"type":"Feature"},{"geometry":{"coordinates":[-95.36459,29.74912],"type":"Point"},"properties":{"kind":"stop","name":"Pease St @ La Branch St","stop_id":"10078"},"type":"Feature"},{"geometry":{"coordinates":[-95.55433,29.81276],"type":"Point"},"properties":{"kind":"stop","name":"Hammerly Blvd @ Shadowdale Dr","stop_id":"10079"},"type":"Feature"},{"geometry":{"coordinates":[-95.28124,29.72921],"type":"Point"},"properties":{"kind":"stop","name":"Harrisburg Blvd @ 80th St Mb","stop_id":"1008"},"type":"Feature"},{"geometry":{"coordinates":[-95.56249,29.81284],"type":"Point"},"properties":{"kind":"stop","name":"Hammerly Blvd @ Sam Houston Pkwy","stop_id":"10080"},"type":"Feature"},{"geometry":{"coordinates":[-95.5533,29.81259],"type":"Point"},"properties":{"kind":"stop","name":"Hammerly Blvd @ Shadowdale Dr","stop_id":"10081"},"type":"Feature"},{"geometry":{"coordinates":[-95.55104,29.81259],"type":"Point"},"properties":{"kind":"stop","name":"Hammerly Blvd @ Triway Ln","stop_id":"10082"},"type":"Feature"},{"geometry":{"coordinates":[-95.54734,29.81261],"type":"Point"},"properties":{"kind":"stop","name":"Hammerly Blvd @ Triway Ln MB2","stop_id":"10083"},"type":"Feature"},{"geometry":{"coordinates":[-95.54554,29.8126],"type":"Point"},"properties":{"kind":"stop","name":"Hammerly Blvd @ Gessner Rd","stop_id":"10084"},"type":"Feature"},{"geometry":{"coordinates":[-95.55641,29.81277],"type":"Point"},"properties":{"kind":"stop","name":"Hammerly Blvd @ Shadowdale Dr","stop_id":"10085"},"type":"Feature"},{"geometry":{"coordinates":[-95.45287,29.74126],"type":"Point"},"properties":{"kind":"stop","name":"Westheimer Rd @ Kettering Dr","stop_id":"10089"},"type":"Feature"},{"geometry":{"coordinates":[-95.27786,29.7038],"type":"Point"},"properties":{"kind":"stop","name":"Broadway St @ Glover St","stop_id":"1009"},"type":"Feature"},{"geometry":{"coordinates":[-95.33594,29.82345],"type":"Point"},"properties":{"kind":"stop","name":"Eastex Freeway   @ Clarence St","stop_id":"10091"},"type":"Feature"},{"geometry":{"coordinates":[-95.32347,29.88047],"type":"Point"},"properties":{"kind":"stop","name":"Eastex Freeway @ Hopper Rd","stop_id":"10092"},"type":"Feature"},{"geometry":{"coordinates":[-95.31691,29.89182],"type":"Point"},"properties":{"kind":"stop","name":"Eastex Freeway @ Mount Houston Rd","stop_id":"10093"},"type":"Feature"},{"geometry":{"coordinates":[-95.31534,29.89452],"type":"Point"},"properties":{"kind":"stop","name":"Eastex Freeway @ Brunswick St","stop_id":"10094"},"type":"Feature"},{"geometry":{"coordinates":[-95.31267,29.89914],"type":"Point"},"properties":{"kind":"stop","name":"Eastex Freeway @ Winfield Rd","stop_id":"10095"},"type":"Feature"},{"geometry":{"coordinates":[-95.5064,29.76248],"type":"Point"},"properties":{"kind":"stop","name":"Memorial Dr @ Greenbay St","stop_id":"101"},"type":"Feature"},{"geometry":{"coordinates":[-95.27789,29.70496],"type":"Point"},"properties":{"kind":"stop","name":"Broadway St @ Scanlock St","stop_id":"1010"},"type":"Feature"},{"geometry":{"coordinates":[-95.37513,29.90232],"type":"Point"},"properties":{"kind":"stop","name":"Aldine Mail Route Rd @ Hardy Rd","stop_id":"10100"},"type":"Feature"},{"geometry":{"coordinates":[-95.41264,29.87334],"type":"Point"},"properties":{"kind":"stop","name":"Shepherd Dr @ Veterans Memorial Dr","stop_id":"10101"},"type":"Feature"},{"geometry":{"coordinates":[-95.41287,29.87086],"type":"Point"},"properties":{"kind":"stop","name":"Shepherd Dr @ Victory Dr","stop_id":"10102"},"type":"Feature"},{"geometry":{"coordinates":[-95.41291,29.8693],"type":"Point"},"properties":{"kind":"stop","name":"Shepherd Dr @ Little York Rd","stop_id":"10103"},"type":"Feature"},{"geometry":{"coordinates":[-95.41238,29.87018],"type":"Point"},"properties":{"kind":"stop","name":"Shepherd Dr @ Victory Dr","stop_id":"10104"},"type":"Feature"},{"geometry":{"coordinates":[-95.41221,29.87262],"type":"Point"},"properties":{"kind":"stop","name":"Shepherd Dr @ Victory Dr","stop_id":"10105"},"type":"Feature"},{"geometry":{"coordinates":[-95.52272,29.9743],"type":"Point"},"properties":{"kind":"stop","name":"FM 1960 Rd @ Hollister St","stop_id":"10107"},"type":"Feature"},{"geometry":{"coordinates":[-95.57486,29.98959],"type":"Point"},"properties":{"kind":"stop","name":"Chasewood Park Dr @ Tomball Pkwy Mb","stop_id":"10108"},"type":"Feature"},{"geometry":{"coordinates":[-95.27794,29.7065],"type":"Point"},"properties":{"kind":"stop","name":"Broadway St @ Keller St","stop_id":"1011"},"type":"Feature"},{"geometry":{"coordinates":[-95.31994,29.7171],"type":"Point"},"properties":{"kind":"stop","name":"Telephone Rd @ Gulf Freeway","stop_id":"10111"},"type":"Feature"},{"geometry":{"coordinates":[-95.39921,29.80588],"type":"Point"},"properties":{"kind":"stop","name":"Yale St @ E 22nd St","stop_id":"10115"},"type":"Feature"},{"geometry":{"coordinates":[-95.2756,29.75785],"type":"Point"},"properties":{"kind":"stop","name":"Pleasantville Dr @ Cargill St","stop_id":"10116"},"type":"Feature"},{"geometry":{"coordinates":[-95.29292,29.87224],"type":"Point"},"properties":{"kind":"stop","name":"Cheeves Dr @ E Little York Rd","stop_id":"10118"},"type":"Feature"},{"geometry":{"coordinates":[-95.45296,29.80888],"type":"Point"},"properties":{"kind":"stop","name":"Dacoma St @ Governors Cir","stop_id":"10119"},"type":"Feature"},{"geometry":{"coordinates":[-95.27797,29.70935],"type":"Point"},"properties":{"kind":"stop","name":"Broadway St @ Galveston Rd","stop_id":"1012"},"type":"Feature"},{"geometry":{"coordinates":[-95.43317,29.8412],"type":"Point"},"properties":{"kind":"stop","name":"Pinemont Dr @ Ella Blvd Mb1","stop_id":"10120"},"type":"Feature"},{"geometry":{"coordinates":[-95.4372,29.84118],"type":"Point"},"properties":{"kind":"stop","name":"Pinemont Dr @ Ella Blvd Mb2","stop_id":"10121"},"type":"Feature"},{"geometry":{"coordinates":[-95.44169,29.84116],"type":"Point"},"properties":{"kind":"stop","name":"Pinemont Dr @ Rosslyn Rd","stop_id":"10122"},"type":"Feature"},{"geometry":{"coordinates":[-95.44183,29.8439],"type":"Point"},"properties":{"kind":"stop","name":"Rosslyn Rd @ W Donovan St","stop_id":"10123"},"type":"Feature"},{"geometry":{"coordinates":[-95.44204,29.84438],"type":"Point"},"properties":{"kind":"stop","name":"Rosslyn Rd @ W Donovan St","stop_id":"10125"},"type":"Feature"},{"geometry":{"coordinates":[-95.44192,29.84123],"type":"Point"},"properties":{"kind":"stop","name":"Rosslyn Rd @ Pinemont Dr","stop_id":"10126"},"type":"Feature"},{"geometry":{"coordinates":[-95.42906,29.84094],"type":"Point"},"properties":{"kind":"stop","name":"Pinemont Dr @ Wheatley St","stop_id":"10127"},"type":"Feature"},{"geometry":{"coordinates":[-95.47701,29.8331],"type":"Point"},"properties":{"kind":"stop","name":"W 43rd St @ Hill Oak Dr","stop_id":"10128"},"type":"Feature"},{"geometry":{"coordinates":[-95.49563,29.83531],"type":"Point"},"properties":{"kind":"stop","name":"W 43rd St @ Dayco St","stop_id":"10129"},"type":"Feature"},{"geometry":{"coordinates":[-95.278,29.71123],"type":"Point"},"properties":{"kind":"stop","name":"Broadway St @ Brutus St","stop_id":"1013"},"type":"Feature"},{"geometry":{"coordinates":[-95.53519,29.81022],"type":"Point"},"properties":{"kind":"stop","name":"Hammerly Blvd @ Elmgate Dr","stop_id":"10130"},"type":"Feature"},{"geometry":{"coordinates":[-95.52866,29.67659],"type":"Point"},"properties":{"kind":"stop","name":"Bissonnet St @ S Gessner Rd","stop_id":"10133"},"type":"Feature"},{"geometry":{"coordinates":[-95.50081,29.69095],"type":"Point"},"properties":{"kind":"stop","name":"Bissonnet St @ Albacore Dr","stop_id":"10134"},"type":"Feature"},{"geometry":{"coordinates":[-95.5215,29.68044],"type":"Point"},"properties":{"kind":"stop","name":"Bissonnet St @ Brae Acres Rd","stop_id":"10135"},"type":"Feature"},{"geometry":{"coordinates":[-95.49295,29.68838],"type":"Point"},"properties":{"kind":"stop","name":"Beechnut St @ Hillcroft Ave","stop_id":"10136"},"type":"Feature"},{"geometry":{"coordinates":[-95.50039,29.71963],"type":"Point"},"properties":{"kind":"stop","name":"Harwin Dr @ Hillcroft Ave","stop_id":"10137"},"type":"Feature"},{"geometry":{"coordinates":[-95.53955,29.71764],"type":"Point"},"properties":{"kind":"stop","name":"Harwin Dr @ S Gessner Rd","stop_id":"10138"},"type":"Feature"},{"geometry":{"coordinates":[-95.48994,29.73166],"type":"Point"},"properties":{"kind":"stop","name":"Richmond Ave @ Greenridge Dr","stop_id":"10139"},"type":"Feature"},{"geometry":{"coordinates":[-95.28204,29.72961],"type":"Point"},"properties":{"kind":"stop","name":"Harrisburg Blvd @ 80th St","stop_id":"1014"},"type":"Feature"},{"geometry":{"coordinates":[-95.47097,29.73894],"type":"Point"},"properties":{"kind":"stop","name":"Westheimer Rd @ Yorktown St","stop_id":"10140"},"type":"Feature"},{"geometry":{"coordinates":[-95.50656,29.76214],"type":"Point"},"properties":{"kind":"stop","name":"Memorial Dr @ Greenbay","stop_id":"10141"},"type":"Feature"},{"geometry":{"coordinates":[-95.55799,29.76993],"type":"Point"},"properties":{"kind":"stop","name":"Memorial Dr @ Old Oaks Dr","stop_id":"10142"},"type":"Feature"},{"geometry":{"coordinates":[-95.53591,29.79444],"type":"Point"},"properties":{"kind":"stop","name":"Long Point Rd @ Butlercrest St","stop_id":"10143"},"type":"Feature"},{"geometry":{"coordinates":[-95.51906,29.81001],"type":"Point"},"properties":{"kind":"stop","name":"Hammerly Blvd @ Bauer Dr","stop_id":"10145"},"type":"Feature"},{"geometry":{"coordinates":[-95.54484,29.82281],"type":"Point"},"properties":{"kind":"stop","name":"Kempwood Dr @ Gessner Rd","stop_id":"10146"},"type":"Feature"},{"geometry":{"coordinates":[-95.54519,29.83192],"type":"Point"},"properties":{"kind":"stop","name":"Gessner Rd @ Clay Rd","stop_id":"10147"},"type":"Feature"},{"geometry":{"coordinates":[-95.54505,29.8574],"type":"Point"},"properties":{"kind":"stop","name":"Gessner Rd @ Talley Ln","stop_id":"10148"},"type":"Feature"},{"geometry":{"coordinates":[-95.50724,29.83292],"type":"Point"},"properties":{"kind":"stop","name":"Clay Rd @ Sowden Rd","stop_id":"10149"},"type":"Feature"},{"geometry":{"coordinates":[-95.28405,29.73022],"type":"Point"},"properties":{"kind":"stop","name":"Harrisburg Blvd @ 79th St","stop_id":"1015"},"type":"Feature"},{"geometry":{"coordinates":[-95.49371,29.81761],"type":"Point"},"properties":{"kind":"stop","name":"Kempwood Dr @ Bingle Rd","stop_id":"10150"},"type":"Feature"},{"geometry":{"coordinates":[-95.52401,29.8099],"type":"Point"},"properties":{"kind":"stop","name":"Hammerly Blvd @ Blalock Rd","stop_id":"10151"},"type":"Feature"},{"geometry":{"coordinates":[-95.5246,29.85076],"type":"Point"},"properties":{"kind":"stop","name":"Tidwell Rd @ Fairbanks N Houston Rd","stop_id":"10152"},"type":"Feature"},{"geometry":{"coordinates":[-95.51604,29.85079],"type":"Point"},"properties":{"kind":"stop","name":"W Tidwell Rd @ Guhn Rd","stop_id":"10153"},"type":"Feature"},{"geometry":{"coordinates":[-95.49613,29.8111],"type":"Point"},"properties":{"kind":"stop","name":"Hammerly Blvd @ Pech Rd","stop_id":"10154"},"type":"Feature"},{"geometry":{"coordinates":[-95.43296,29.81735],"type":"Point"},"properties":{"kind":"stop","name":"W 34th St @ Ella Blvd Mb","stop_id":"10155"},"type":"Feature"},{"geometry":{"coordinates":[-95.46406,29.81962],"type":"Point"},"properties":{"kind":"stop","name":"W 34th St @ Kings Wood Ln","stop_id":"10156"},"type":"Feature"},{"geometry":{"coordinates":[-95.35426,29.726],"type":"Point"},"properties":{"kind":"stop","name":"Holman St @ Sampson St","stop_id":"10157"},"type":"Feature"},{"geometry":{"coordinates":[-95.36973,29.71904],"type":"Point"},"properties":{"kind":"stop","name":"Ennis St @ Wichita St","stop_id":"10159"},"type":"Feature"},{"geometry":{"coordinates":[-95.28593,29.73076],"type":"Point"},"properties":{"kind":"stop","name":"Harrisburg Blvd @ 78th St","stop_id":"1016"},"type":"Feature"},{"geometry":{"coordinates":[-95.31579,29.78113],"type":"Point"},"properties":{"kind":"stop","name":"Lockwood Dr @ Nichols","stop_id":"10161"},"type":"Feature"},{"geometry":{"coordinates":[-95.31898,29.8039],"type":"Point"},"properties":{"kind":"stop","name":"Rand St @ Pickfair St","stop_id":"10162"},"type":"Feature"},{"geometry":{"coordinates":[-95.27239,29.79691],"type":"Point"},"properties":{"kind":"stop","name":"N Loop E @ McCarty St","stop_id":"10163"},"type":"Feature"},{"geometry":{"coordinates":[-95.2686,29.7921],"type":"Point"},"properties":{"kind":"stop","name":"N Loop E @ Wallisville Rd","stop_id":"10164"},"type":"Feature"},{"geometry":{"coordinates":[-95.26175,29.67163],"type":"Point"},"properties":{"kind":"stop","name":"Winkler Dr @ Garland Dr","stop_id":"10167"},"type":"Feature"},{"geometry":{"coordinates":[-95.32696,29.74811],"type":"Point"},"properties":{"kind":"stop","name":"Canal St @ S Lockwood Dr","stop_id":"10168"},"type":"Feature"},{"geometry":{"coordinates":[-95.28799,29.73138],"type":"Point"},"properties":{"kind":"stop","name":"Harrisburg Blvd @ 77th St","stop_id":"1017"},"type":"Feature"},{"geometry":{"coordinates":[-95.3153,29.76813],"type":"Point"},"properties":{"kind":"stop","name":"Lockwood Dr @ Clinton Dr","stop_id":"10170"},"type":"Feature"},{"geometry":{"coordinates":[-95.31562,29.7735],"type":"Point"},"properties":{"kind":"stop","name":"Lockwood Dr @ East Freeway","stop_id":"10171"},"type":"Feature"},{"geometry":{"coordinates":[-95.29546,29.7569],"type":"Point"},"properties":{"kind":"stop","name":"Clinton Dr @ Wayside Dr","stop_id":"10172"},"type":"Feature"},{"geometry":{"coordinates":[-95.42851,29.67621],"type":"Point"},"properties":{"kind":"stop","name":"S Main St @ S Loop W","stop_id":"10173"},"type":"Feature"},{"geometry":{"coordinates":[-95.51026,29.6441],"type":"Point"},"properties":{"kind":"stop","name":"W Airport Blvd @ Braesridge Dr","stop_id":"10174"},"type":"Feature"},{"geometry":{"coordinates":[-95.52442,29.64905],"type":"Point"},"properties":{"kind":"stop","name":"Fondren Meadow Dr @ Braes Crossing","stop_id":"10175"},"type":"Feature"},{"geometry":{"coordinates":[-95.54225,29.65641],"type":"Point"},"properties":{"kind":"stop","name":"W Bellfort Ave @ Plainfield St","stop_id":"10176"},"type":"Feature"},{"geometry":{"coordinates":[-95.46369,29.63651],"type":"Point"},"properties":{"kind":"stop","name":"S Post Oak Rd @ Brookston St","stop_id":"10178"},"type":"Feature"},{"geometry":{"coordinates":[-95.29038,29.73208],"type":"Point"},"properties":{"kind":"stop","name":"Harrisburg Blvd @ 76th St","stop_id":"1018"},"type":"Feature"},{"geometry":{"coordinates":[-95.2759,29.67252],"type":"Point"},"properties":{"kind":"stop","name":"Bellfort Ave @ Broadway St","stop_id":"10182"},"type":"Feature"},{"geometry":{"coordinates":[-95.3595,29.71056],"type":"Point"},"properties":{"kind":"stop","name":"Mac Gregor Way @ Tierwester St Mb","stop_id":"10183"},"type":"Feature"},{"geometry":{"coordinates":[-95.35665,29.71034],"type":"Point"},"properties":{"kind":"stop","name":"Mac Gregor Way @ Scott St","stop_id":"10184"},"type":"Feature"},{"geometry":{"coordinates":[-95.36726,29.71649],"type":"Point"},"properties":{"kind":"stop","name":"Southmore Blvd @ Sampson St","stop_id":"10185"},"type":"Feature"},{"geometry":{"coordinates":[-95.36676,29.68012],"type":"Point"},"properties":{"kind":"stop","name":"Scott St @ S Loop E","stop_id":"10186"},"type":"Feature"},{"geometry":{"coordinates":[-95.36731,29.67981],"type":"Point"},"properties":{"kind":"stop","name":"Scott St @ S Loop E","stop_id":"10187"},"type":"Feature"},{"geometry":{"coordinates":[-95.35383,29.68839],"type":"Point"},"properties":{"kind":"stop","name":"Cullen Blvd @ Idaho St","stop_id":"10188"},"type":"Feature"},{"geometry":{"coordinates":[-95.33072,29.7104],"type":"Point"},"properties":{"kind":"stop","name":"Old Spanish Trail @ Produce","stop_id":"10190"},"type":"Feature"},{"geometry":{"coordinates":[-95.2969,29.69993],"type":"Point"},"properties":{"kind":"stop","name":"Woodridge Dr @ Village Way","stop_id":"10191"},"type":"Feature"},{"geometry":{"coordinates":[-95.29703,29.69866],"type":"Point"},"properties":{"kind":"stop","name":"Woodridge Dr @ Gulfgate Center","stop_id":"10192"},"type":"Feature"},{"geometry":{"coordinates":[-95.28331,29.73749],"type":"Point"},"properties":{"kind":"stop","name":"78th St @ E Navigation Blvd","stop_id":"10198"},"type":"Feature"},{"geometry":{"coordinates":[-95.28362,29.73722],"type":"Point"},"properties":{"kind":"stop","name":"78th St @ E Navigation Blvd","stop_id":"10199"},"type":"Feature"},{"geometry":{"coordinates":[-95.5475,29.71465],"type":"Point"},"properties":{"kind":"stop","name":"Ranchester Dr @ Town Park Dr Mb","stop_id":"102"},"type":"Feature"},{"geometry":{"coordinates":[-95.2926,29.73713],"type":"Point"},"properties":{"kind":"stop","name":"Canal St @ 74th St","stop_id":"10201"},"type":"Feature"},{"geometry":{"coordinates":[-95.38314,29.68649],"type":"Point"},"properties":{"kind":"stop","name":"El Camino St @ Holly Hall St","stop_id":"10202"},"type":"Feature"},{"geometry":{"coordinates":[-95.38962,29.72561],"type":"Point"},"properties":{"kind":"stop","name":"Main St @ Binz St","stop_id":"10203"},"type":"Feature"},{"geometry":{"coordinates":[-95.40709,29.70436],"type":"Point"},"properties":{"kind":"stop","name":"Pressler St @ Main St","stop_id":"10205"},"type":"Feature"},{"geometry":{"coordinates":[-95.40808,29.70609],"type":"Point"},"properties":{"kind":"stop","name":"Holcombe Blvd @ Pressler St","stop_id":"10206"},"type":"Feature"},{"geometry":{"coordinates":[-95.49777,29.92473],"type":"Point"},"properties":{"kind":"stop","name":"Old Bammel N Houston Rd @ SH 249 Mb","stop_id":"10208"},"type":"Feature"},{"geometry":{"coordinates":[-95.46146,29.89542],"type":"Point"},"properties":{"kind":"stop","name":"W Montgomery Rd @ W Mt Houston Rd","stop_id":"10209"},"type":"Feature"},{"geometry":{"coordinates":[-95.46553,29.89971],"type":"Point"},"properties":{"kind":"stop","name":"W Montgomery Rd @ Breen Dr","stop_id":"10210"},"type":"Feature"},{"geometry":{"coordinates":[-95.46933,29.90374],"type":"Point"},"properties":{"kind":"stop","name":"W Montgomery Rd @ Killough St","stop_id":"10211"},"type":"Feature"},{"geometry":{"coordinates":[-95.47023,29.86778],"type":"Point"},"properties":{"kind":"stop","name":"Victory Dr @ Huntington Park Dr","stop_id":"10212"},"type":"Feature"},{"geometry":{"coordinates":[-95.413,29.91383],"type":"Point"},"properties":{"kind":"stop","name":"North Freeway   @ West Rd","stop_id":"10215"},"type":"Feature"},{"geometry":{"coordinates":[-95.47231,30.00252],"type":"Point"},"properties":{"kind":"stop","name":"FM 1960 Rd @ Northgate Forest Dr","stop_id":"10216"},"type":"Feature"},{"geometry":{"coordinates":[-95.47312,29.83348],"type":"Point"},"properties":{"kind":"stop","name":"Antoine Dr @ W 43rd St","stop_id":"10217"},"type":"Feature"},{"geometry":{"coordinates":[-95.52257,29.97467],"type":"Point"},"properties":{"kind":"stop","name":"FM 1960 Rd @ Hollister Rd","stop_id":"10218"},"type":"Feature"},{"geometry":{"coordinates":[-95.48493,29.99541],"type":"Point"},"properties":{"kind":"stop","name":"FM 1960 Rd @ Walters Rd","stop_id":"10219"},"type":"Feature"},{"geometry":{"coordinates":[-95.37967,29.72043],"type":"Point"},"properties":{"kind":"stop","name":"Almeda Rd @ Binz St","stop_id":"10220"},"type":"Feature"},{"geometry":{"coordinates":[-95.43247,29.72519],"type":"Point"},"properties":{"kind":"stop","name":"Bissonnet St @ Mercer St","stop_id":"10223"},"type":"Feature"},{"geometry":{"coordinates":[-95.43066,29.72808],"type":"Point"},"properties":{"kind":"stop","name":"Westpark Dr @ Edloe St","stop_id":"10224"},"type":"Feature"},{"geometry":{"coordinates":[-95.43049,29.72824],"type":"Point"},"properties":{"kind":"stop","name":"Westpark Dr @ Buffalo Speedway Mb","stop_id":"10225"},"type":"Feature"},{"geometry":{"coordinates":[-95.37841,29.83463],"type":"Point"},"properties":{"kind":"stop","name":"Lyerly St @ Spady Mb","stop_id":"10226"},"type":"Feature"},{"geometry":{"coordinates":[-95.3658,29.85179],"type":"Point"},"properties":{"kind":"stop","name":"Turner Dr @ Malcolm Dr","stop_id":"10229"},"type":"Feature"},{"geometry":{"coordinates":[-95.42006,29.84109],"type":"Point"},"properties":{"kind":"stop","name":"Pinemont Dr @ Alba Rd","stop_id":"10232"},"type":"Feature"},{"geometry":{"coordinates":[-95.27,29.82233],"type":"Point"},"properties":{"kind":"stop","name":"E Houston Rd @ Sunbury St","stop_id":"10234"},"type":"Feature"},{"geometry":{"coordinates":[-95.25436,29.81357],"type":"Point"},"properties":{"kind":"stop","name":"Beaumont Hwy @ Bluebonnet Landfill","stop_id":"10235"},"type":"Feature"},{"geometry":{"coordinates":[-95.24079,29.81935],"type":"Point"},"properties":{"kind":"stop","name":"Beaumont Hwy @ Oates Rd","stop_id":"10236"},"type":"Feature"},{"geometry":{"coordinates":[-95.24039,29.80129],"type":"Point"},"properties":{"kind":"stop","name":"Oates Rd @ Needham St","stop_id":"10237"},"type":"Feature"},{"geometry":{"coordinates":[-95.24236,29.77411],"type":"Point"},"properties":{"kind":"stop","name":"East Freeway @ Westshire Dr","stop_id":"10238"},"type":"Feature"},{"geometry":{"coordinates":[-95.42316,29.94909],"type":"Point"},"properties":{"kind":"stop","name":"W Greens Rd @ Northborough Dr","stop_id":"10239"},"type":"Feature"},{"geometry":{"coordinates":[-95.39189,29.93905],"type":"Point"},"properties":{"kind":"stop","name":"Sam Houston Pkwy @ Atrium Dr","stop_id":"10240"},"type":"Feature"},{"geometry":{"coordinates":[-95.37302,29.95325],"type":"Point"},"properties":{"kind":"stop","name":"Greens Rd @ Air Center Blvd","stop_id":"10241"},"type":"Feature"},{"geometry":{"coordinates":[-95.3115,29.9014],"type":"Point"},"properties":{"kind":"stop","name":"Eastex Freeway @ Easthampton Dr","stop_id":"10242"},"type":"Feature"},{"geometry":{"coordinates":[-95.40681,30.02589],"type":"Point"},"properties":{"kind":"stop","name":"FM 1960 Rd @ Inverness Forest Blvd","stop_id":"10244"},"type":"Feature"},{"geometry":{"coordinates":[-95.39241,30.02434],"type":"Point"},"properties":{"kind":"stop","name":"FM 1960 Rd @ Briarcreek Blvd","stop_id":"10245"},"type":"Feature"},{"geometry":{"coordinates":[-95.40657,30.02652],"type":"Point"},"properties":{"kind":"stop","name":"FM 1960 Rd @ Inverness Forest Blvd","stop_id":"10246"},"type":"Feature"},{"geometry":{"coordinates":[-95.5562,29.67503],"type":"Point"},"properties":{"kind":"stop","name":"Bissonnet St @ Forum Park Dr","stop_id":"10247"},"type":"Feature"},{"geometry":{"coordinates":[-95.29293,29.7315],"type":"Point"},"properties":{"kind":"stop","name":"Capitol St @ S 75th St","stop_id":"1025"},"type":"Feature"},{"geometry":{"coordinates":[-95.29485,29.73208],"type":"Point"},"properties":{"kind":"stop","name":"Capitol St @ 74th St","stop_id":"1026"},"type":"Feature"},{"geometry":{"coordinates":[-95.2976,29.73292],"type":"Point"},"properties":{"kind":"stop","name":"Capitol St @ Forest Hill Blvd","stop_id":"1027"},"type":"Feature"},{"geometry":{"coordinates":[-95.36956,29.76251],"type":"Point"},"properties":{"kind":"stop","name":"Rusk St @ Bagby St","stop_id":"10271"},"type":"Feature"},{"geometry":{"coordinates":[-95.37161,29.7641],"type":"Point"},"properties":{"kind":"stop","name":"Memorial Dr @ Houston Ave","stop_id":"10273"},"type":"Feature"},{"geometry":{"coordinates":[-95.37214,29.76511],"type":"Point"},"properties":{"kind":"stop","name":"Houston Ave @ Lubbock St","stop_id":"10274"},"type":"Feature"},{"geometry":{"coordinates":[-95.30033,29.73377],"type":"Point"},"properties":{"kind":"stop","name":"Capitol St @ 71st St","stop_id":"1028"},"type":"Feature"},{"geometry":{"coordinates":[-95.20826,29.61376],"type":"Point"},"properties":{"kind":"stop","name":"South Point Park & Ride","stop_id":"10280"},"type":"Feature"},{"geometry":{"coordinates":[-95.34776,29.73407],"type":"Point"},"properties":{"kind":"stop","name":"Scott St @ Hadley St","stop_id":"10282"},"type":"Feature"},{"geometry":{"coordinates":[-95.35013,29.71154],"type":"Point"},"properties":{"kind":"stop","name":"Cullen Blvd @ N Mac Gregor Way","stop_id":"10283"},"type":"Feature"},{"geometry":{"coordinates":[-95.347,29.71196],"type":"Point"},"properties":{"kind":"stop","name":"Mac Gregor Way @ Rockwood Dr","stop_id":"10284"},"type":"Feature"},{"geometry":{"coordinates":[-95.34517,29.71306],"type":"Point"},"properties":{"kind":"stop","name":"Mac Gregor Way @ Faculty Ln","stop_id":"10285"},"type":"Feature"},{"geometry":{"coordinates":[-95.34358,29.71312],"type":"Point"},"properties":{"kind":"stop","name":"Mac Gregor Way @ University Oaks Bl","stop_id":"10286"},"type":"Feature"},{"geometry":{"coordinates":[-95.34154,29.71271],"type":"Point"},"properties":{"kind":"stop","name":"Mac Gregor Way @ Calhoun Rd","stop_id":"10287"},"type":"Feature"},{"geometry":{"coordinates":[-95.34697,29.71211],"type":"Point"},"properties":{"kind":"stop","name":"Mac Gregor Way @ Rockwood Dr","stop_id":"10288"},"type":"Feature"},{"geometry":{"coordinates":[-95.34336,29.71318],"type":"Point"},"properties":{"kind":"stop","name":"Mac Gregor Way @ University Oaks Bl","stop_id":"10289"},"type":"Feature"},{"geometry":{"coordinates":[-95.30061,29.7337],"type":"Point"},"properties":{"kind":"stop","name":"Capitol St @ 71st St","stop_id":"1029"},"type":"Feature"},{"geometry":{"coordinates":[-95.54767,29.71457],"type":"Point"},"properties":{"kind":"stop","name":"Ranchester Dr @ Harwin Dr Mb","stop_id":"103"},"type":"Feature"},{"geometry":{"coordinates":[-95.29791,29.73287],"type":"Point"},"properties":{"kind":"stop","name":"Capitol St @ Forest Hill Blvd","stop_id":"1030"},"type":"Feature"},{"geometry":{"coordinates":[-95.29589,29.73226],"type":"Point"},"properties":{"kind":"stop","name":"Capitol St @ Boles St","stop_id":"1031"},"type":"Feature"},{"geometry":{"coordinates":[-95.2929,29.73135],"type":"Point"},"properties":{"kind":"stop","name":"Capitol St @ S 75th St","stop_id":"1032"},"type":"Feature"},{"geometry":{"coordinates":[-95.43307,29.84102],"type":"Point"},"properties":{"kind":"stop","name":"Pinemont Dr @ Rosslyn Rd Mb2","stop_id":"10344"},"type":"Feature"},{"geometry":{"coordinates":[-95.43712,29.841],"type":"Point"},"properties":{"kind":"stop","name":"Pinemont Dr @ Rosslyn Rd Mb1","stop_id":"10345"},"type":"Feature"},{"geometry":{"coordinates":[-95.41872,29.87512],"type":"Point"},"properties":{"kind":"stop","name":"Ringold St @ Lawn St Mb","stop_id":"10356"},"type":"Feature"},{"geometry":{"coordinates":[-95.39245,29.81595],"type":"Point"},"properties":{"kind":"stop","name":"N Main St @ E 32nd St","stop_id":"10358"},"type":"Feature"},{"geometry":{"coordinates":[-95.50814,29.80309],"type":"Point"},"properties":{"kind":"stop","name":"Long Point Rd @ Springwood Dr","stop_id":"10368"},"type":"Feature"},{"geometry":{"coordinates":[-95.26145,29.85017],"type":"Point"},"properties":{"kind":"stop","name":"Tidwell Rd @ Mesa Dr","stop_id":"10373"},"type":"Feature"},{"geometry":{"coordinates":[-95.2566,29.85007],"type":"Point"},"properties":{"kind":"stop","name":"Tidwell Rd @ Balsam Ln","stop_id":"10374"},"type":"Feature"},{"geometry":{"coordinates":[-95.25636,29.85019],"type":"Point"},"properties":{"kind":"stop","name":"Tidwell Rd @ Balsam Ln","stop_id":"10375"},"type":"Feature"},{"geometry":{"coordinates":[-95.23843,29.85095],"type":"Point"},"properties":{"kind":"stop","name":"Tidwell Rd @ Brock Park Dr","stop_id":"10376"},"type":"Feature"},{"geometry":{"coordinates":[-95.23794,29.85105],"type":"Point"},"properties":{"kind":"stop","name":"Tidwell Rd @ Brock Park Dr","stop_id":"10377"},"type":"Feature"},{"geometry":{"coordinates":[-95.23694,29.85149],"type":"Point"},"properties":{"kind":"stop","name":"Brock Park Dr @ Tidwell Rd","stop_id":"10378"},"type":"Feature"},{"geometry":{"coordinates":[-95.23697,29.85302],"type":"Point"},"properties":{"kind":"stop","name":"Brock Park Dr @ Valley Park Dr","stop_id":"10379"},"type":"Feature"},{"geometry":{"coordinates":[-95.23616,29.85426],"type":"Point"},"properties":{"kind":"stop","name":"Valley Side Dr @ Valley Lake Dr","stop_id":"10380"},"type":"Feature"},{"geometry":{"coordinates":[-95.23863,29.85471],"type":"Point"},"properties":{"kind":"stop","name":"Valley Lake Dr @ Valley Falls Ct","stop_id":"10381"},"type":"Feature"},{"geometry":{"coordinates":[-95.24093,29.85387],"type":"Point"},"properties":{"kind":"stop","name":"Valley Hollow Dr @ Valley Lake Dr","stop_id":"10382"},"type":"Feature"},{"geometry":{"coordinates":[-95.23749,29.85309],"type":"Point"},"properties":{"kind":"stop","name":"Valley Park Dr @ Brock Park Dr","stop_id":"10383"},"type":"Feature"},{"geometry":{"coordinates":[-95.23716,29.85164],"type":"Point"},"properties":{"kind":"stop","name":"Brock Park Dr @ Tidwell Rd","stop_id":"10384"},"type":"Feature"},{"geometry":{"coordinates":[-95.24986,29.85083],"type":"Point"},"properties":{"kind":"stop","name":"Tidwell Rd @ Balsam Ln","stop_id":"10385"},"type":"Feature"},{"geometry":{"coordinates":[-95.24958,29.85094],"type":"Point"},"properties":{"kind":"stop","name":"Tidwell Rd @ Brock Park Dr Mb","stop_id":"10386"},"type":"Feature"},{"geometry":{"coordinates":[-95.27697,29.84157],"type":"Point"},"properties":{"kind":"stop","name":"Woodlyn Rd @ Denton","stop_id":"10387"},"type":"Feature"},{"geometry":{"coordinates":[-95.37606,29.83467],"type":"Point"},"properties":{"kind":"stop","name":"Lyerly St @ Fulton St","stop_id":"10388"},"type":"Feature"},{"geometry":{"coordinates":[-95.37102,29.68665],"type":"Point"},"properties":{"kind":"stop","name":"Tierwester St @ Mt Pleasant St","stop_id":"10389"},"type":"Feature"},{"geometry":{"coordinates":[-95.37169,29.68507],"type":"Point"},"properties":{"kind":"stop","name":"Tierwester St @ Mainer St","stop_id":"10390"},"type":"Feature"},{"geometry":{"coordinates":[-95.37567,29.68329],"type":"Point"},"properties":{"kind":"stop","name":"Bacon St @ Springhill St","stop_id":"10393"},"type":"Feature"},{"geometry":{"coordinates":[-95.4024,29.75306],"type":"Point"},"properties":{"kind":"stop","name":"W Gray St @ Dunlavy St","stop_id":"10397"},"type":"Feature"},{"geometry":{"coordinates":[-95.53701,29.6942],"type":"Point"},"properties":{"kind":"stop","name":"S Gessner Rd @ Hendon Ln","stop_id":"104"},"type":"Feature"},{"geometry":{"coordinates":[-95.6148,29.71393],"type":"Point"},"properties":{"kind":"stop","name":"Synott Rd @ Alief Clodine Rd","stop_id":"10400"},"type":"Feature"},{"geometry":{"coordinates":[-95.57057,29.65553],"type":"Point"},"properties":{"kind":"stop","name":"W Bellfort Ave @ Wilcrest Dr","stop_id":"10403"},"type":"Feature"},{"geometry":{"coordinates":[-95.46806,29.72294],"type":"Point"},"properties":{"kind":"stop","name":"S Rice Ave @ Glenmont Dr MB","stop_id":"10406"},"type":"Feature"},{"geometry":{"coordinates":[-95.46822,29.72322],"type":"Point"},"properties":{"kind":"stop","name":"S Rice Ave @ Westpark Dr MB","stop_id":"10407"},"type":"Feature"},{"geometry":{"coordinates":[-95.42759,29.61368],"type":"Point"},"properties":{"kind":"stop","name":"Fuqua St @ Alrover St","stop_id":"10409"},"type":"Feature"},{"geometry":{"coordinates":[-95.28592,29.73116],"type":"Point"},"properties":{"kind":"stop","name":"78th St @ Harrisburg Blvd","stop_id":"1041"},"type":"Feature"},{"geometry":{"coordinates":[-95.48007,29.65107],"type":"Point"},"properties":{"kind":"stop","name":"Gasmer Dr @ Burdine St","stop_id":"10410"},"type":"Feature"},{"geometry":{"coordinates":[-95.51073,29.71793],"type":"Point"},"properties":{"kind":"stop","name":"Harwin Dr @ Bintliff Dr","stop_id":"10411"},"type":"Feature"},{"geometry":{"coordinates":[-95.51111,29.71773],"type":"Point"},"properties":{"kind":"stop","name":"Harwin Dr @ Regency Square Blvd","stop_id":"10412"},"type":"Feature"},{"geometry":{"coordinates":[-95.52121,29.71115],"type":"Point"},"properties":{"kind":"stop","name":"Fondren Rd @ Moonmist Dr","stop_id":"10413"},"type":"Feature"},{"geometry":{"coordinates":[-95.6042,29.69327],"type":"Point"},"properties":{"kind":"stop","name":"Dairy Ashford Rd @ Grand Cross Ln","stop_id":"10414"},"type":"Feature"},{"geometry":{"coordinates":[-95.39329,30.02433],"type":"Point"},"properties":{"kind":"stop","name":"FM 1960 Rd @ Briarcreek Blvd","stop_id":"10415"},"type":"Feature"},{"geometry":{"coordinates":[-95.3901,30.02333],"type":"Point"},"properties":{"kind":"stop","name":"FM 1960 Rd @ Millstone Dr","stop_id":"10416"},"type":"Feature"},{"geometry":{"coordinates":[-95.39016,30.02296],"type":"Point"},"properties":{"kind":"stop","name":"FM 1960 Rd @ Millstone Dr","stop_id":"10417"},"type":"Feature"},{"geometry":{"coordinates":[-95.38675,30.02188],"type":"Point"},"properties":{"kind":"stop","name":"FM 1960 Rd @ Humble Westfield Rd","stop_id":"10418"},"type":"Feature"},{"geometry":{"coordinates":[-95.28534,29.7327],"type":"Point"},"properties":{"kind":"stop","name":"78th St @ Sherman St","stop_id":"1042"},"type":"Feature"},{"geometry":{"coordinates":[-95.41134,29.77035],"type":"Point"},"properties":{"kind":"stop","name":"Washington Ave @ Durham Dr","stop_id":"10426"},"type":"Feature"},{"geometry":{"coordinates":[-95.40965,29.77038],"type":"Point"},"properties":{"kind":"stop","name":"Washington Ave @ Shepherd Dr","stop_id":"10427"},"type":"Feature"},{"geometry":{"coordinates":[-95.28395,29.73608],"type":"Point"},"properties":{"kind":"stop","name":"78th St @ Avenue I","stop_id":"1043"},"type":"Feature"},{"geometry":{"coordinates":[-95.31291,29.8129],"type":"Point"},"properties":{"kind":"stop","name":"LBJ Hospital","stop_id":"10430"},"type":"Feature"},{"geometry":{"coordinates":[-95.40232,29.72563],"type":"Point"},"properties":{"kind":"stop","name":"Bissonnet St @ Dunlavy St","stop_id":"10433"},"type":"Feature"},{"geometry":{"coordinates":[-95.40497,29.72569],"type":"Point"},"properties":{"kind":"stop","name":"Bissonnet St @ Kent St","stop_id":"10434"},"type":"Feature"},{"geometry":{"coordinates":[-95.45793,29.71284],"type":"Point"},"properties":{"kind":"stop","name":"Bissonnet St @ Wilmington Dr","stop_id":"10435"},"type":"Feature"},{"geometry":{"coordinates":[-95.37523,29.68448],"type":"Point"},"properties":{"kind":"stop","name":"Springhill   @ Goodhope St","stop_id":"10439"},"type":"Feature"},{"geometry":{"coordinates":[-95.284,29.73625],"type":"Point"},"properties":{"kind":"stop","name":"78th St @ Avenue I","stop_id":"1044"},"type":"Feature"},{"geometry":{"coordinates":[-95.37474,29.68573],"type":"Point"},"properties":{"kind":"stop","name":"Springhill   @ Mainer St","stop_id":"10440"},"type":"Feature"},{"geometry":{"coordinates":[-95.37415,29.68717],"type":"Point"},"properties":{"kind":"stop","name":"Springhill   @ Seabrook","stop_id":"10441"},"type":"Feature"},{"geometry":{"coordinates":[-95.37343,29.68894],"type":"Point"},"properties":{"kind":"stop","name":"Springhill   @ Corder St","stop_id":"10442"},"type":"Feature"},{"geometry":{"coordinates":[-95.37505,29.69052],"type":"Point"},"properties":{"kind":"stop","name":"Peerless St @ Corder St","stop_id":"10443"},"type":"Feature"},{"geometry":{"coordinates":[-95.37397,29.69324],"type":"Point"},"properties":{"kind":"stop","name":"Peerless St @ Alice St","stop_id":"10444"},"type":"Feature"},{"geometry":{"coordinates":[-95.374,29.69345],"type":"Point"},"properties":{"kind":"stop","name":"Peerless St @ Alice St","stop_id":"10445"},"type":"Feature"},{"geometry":{"coordinates":[-95.37254,29.69677],"type":"Point"},"properties":{"kind":"stop","name":"Peerless St @ Yellowstone Blvd","stop_id":"10446"},"type":"Feature"},{"geometry":{"coordinates":[-95.37515,29.69051],"type":"Point"},"properties":{"kind":"stop","name":"Peerless St @ Corder St","stop_id":"10448"},"type":"Feature"},{"geometry":{"coordinates":[-95.28457,29.73488],"type":"Point"},"properties":{"kind":"stop","name":"78th St @ Canal St","stop_id":"1045"},"type":"Feature"},{"geometry":{"coordinates":[-95.29479,29.73786],"type":"Point"},"properties":{"kind":"stop","name":"Canal St @ W Hedrick St","stop_id":"10451"},"type":"Feature"},{"geometry":{"coordinates":[-95.38036,29.74352],"type":"Point"},"properties":{"kind":"stop","name":"Elgin St @ Smith St","stop_id":"10452"},"type":"Feature"},{"geometry":{"coordinates":[-95.50407,29.92786],"type":"Point"},"properties":{"kind":"stop","name":"Seton Lake Dr @ SH 249","stop_id":"10456"},"type":"Feature"},{"geometry":{"coordinates":[-95.37336,29.7522],"type":"Point"},"properties":{"kind":"stop","name":"St Joseph Pkwy @ Smith St","stop_id":"10457"},"type":"Feature"},{"geometry":{"coordinates":[-95.28545,29.73268],"type":"Point"},"properties":{"kind":"stop","name":"78th St @ Sherman St","stop_id":"1046"},"type":"Feature"},{"geometry":{"coordinates":[-95.31777,29.7697],"type":"Point"},"properties":{"kind":"stop","name":"Carroll Oliver Way @ Sonora St","stop_id":"10464"},"type":"Feature"},{"geometry":{"coordinates":[-95.39771,29.72569],"type":"Point"},"properties":{"kind":"stop","name":"Bissonnet St @ Mandell St Mb","stop_id":"10465"},"type":"Feature"},{"geometry":{"coordinates":[-95.37308,29.69555],"type":"Point"},"properties":{"kind":"stop","name":"Peerless St @ Ward St","stop_id":"10466"},"type":"Feature"},{"geometry":{"coordinates":[-95.28617,29.73089],"type":"Point"},"properties":{"kind":"stop","name":"78th St @ Harrisburg Blvd","stop_id":"1047"},"type":"Feature"},{"geometry":{"coordinates":[-95.36853,29.75904],"type":"Point"},"properties":{"kind":"stop","name":"McKinney St @ Smith St","stop_id":"10471"},"type":"Feature"},{"geometry":{"coordinates":[-95.52251,29.70531],"type":"Point"},"properties":{"kind":"stop","name":"Bellaire Blvd @ Fondren Rd","stop_id":"10477"},"type":"Feature"},{"geometry":{"coordinates":[-95.55541,29.82288],"type":"Point"},"properties":{"kind":"stop","name":"Kempwood Dr @ Kismet Ln","stop_id":"10478"},"type":"Feature"},{"geometry":{"coordinates":[-95.56723,29.81265],"type":"Point"},"properties":{"kind":"stop","name":"Hammerly Blvd @ Kersten Dr","stop_id":"10479"},"type":"Feature"},{"geometry":{"coordinates":[-95.56925,29.81286],"type":"Point"},"properties":{"kind":"stop","name":"Hammerly Blvd @ Brittmoore Rd","stop_id":"10480"},"type":"Feature"},{"geometry":{"coordinates":[-95.55042,29.82276],"type":"Point"},"properties":{"kind":"stop","name":"Kempwood Dr @ Bernadette Ln","stop_id":"10482"},"type":"Feature"},{"geometry":{"coordinates":[-95.56658,29.81277],"type":"Point"},"properties":{"kind":"stop","name":"Hammerly Blvd @ Kersten Dr","stop_id":"10485"},"type":"Feature"},{"geometry":{"coordinates":[-95.31622,29.91075],"type":"Point"},"properties":{"kind":"stop","name":"Lauder Rd @ Ciceter Rd","stop_id":"10493"},"type":"Feature"},{"geometry":{"coordinates":[-95.56131,29.67443],"type":"Point"},"properties":{"kind":"stop","name":"Bissonnet St @ Sam Houston Pkwy","stop_id":"10495"},"type":"Feature"},{"geometry":{"coordinates":[-95.2852,29.70076],"type":"Point"},"properties":{"kind":"stop","name":"Office City Dr @ Gulf Creek Dr Mb","stop_id":"10496"},"type":"Feature"},{"geometry":{"coordinates":[-95.43439,29.98426],"type":"Point"},"properties":{"kind":"stop","name":"Ella Blvd @ Airtex Dr","stop_id":"10497"},"type":"Feature"},{"geometry":{"coordinates":[-95.43431,29.98476],"type":"Point"},"properties":{"kind":"stop","name":"Ella Blvd @ Airtex Dr","stop_id":"10498"},"type":"Feature"},{"geometry":{"coordinates":[-95.51563,29.70526],"type":"Point"},"properties":{"kind":"stop","name":"Plazamericas","stop_id":"105"},"type":"Feature"},{"geometry":{"coordinates":[-95.35774,29.76719],"type":"Point"},"properties":{"kind":"stop","name":"University Of Houston Downtown","stop_id":"10509"},"type":"Feature"},{"geometry":{"coordinates":[-95.29139,29.7369],"type":"Point"},"properties":{"kind":"stop","name":"Canal St @ 75th St","stop_id":"1051"},"type":"Feature"},{"geometry":{"coordinates":[-95.36737,29.75052],"type":"Point"},"properties":{"kind":"stop","name":"San Jacinto St @ Pease St","stop_id":"10510"},"type":"Feature"},{"geometry":{"coordinates":[-95.39614,29.71522],"type":"Point"},"properties":{"kind":"stop","name":"Cambridge St @ Fannin St","stop_id":"10511"},"type":"Feature"},{"geometry":{"coordinates":[-95.39741,29.7157],"type":"Point"},"properties":{"kind":"stop","name":"Main St @ Cambridge St","stop_id":"10512"},"type":"Feature"},{"geometry":{"coordinates":[-95.29231,29.73719],"type":"Point"},"properties":{"kind":"stop","name":"Canal St @ 74th St","stop_id":"1052"},"type":"Feature"},{"geometry":{"coordinates":[-95.36365,29.75209],"type":"Point"},"properties":{"kind":"stop","name":"Austin St @ Clay St","stop_id":"10522"},"type":"Feature"},{"geometry":{"coordinates":[-95.2955,29.73823],"type":"Point"},"properties":{"kind":"stop","name":"Canal St @ Hedrick St","stop_id":"1053"},"type":"Feature"},{"geometry":{"coordinates":[-95.2981,29.73903],"type":"Point"},"properties":{"kind":"stop","name":"Canal St @ 71st St","stop_id":"1054"},"type":"Feature"},{"geometry":{"coordinates":[-95.30052,29.73981],"type":"Point"},"properties":{"kind":"stop","name":"Canal St @ 70th St","stop_id":"1055"},"type":"Feature"},{"geometry":{"coordinates":[-95.37241,29.75257],"type":"Point"},"properties":{"kind":"stop","name":"Jefferson St @ Louisiana St","stop_id":"10552"},"type":"Feature"},{"geometry":{"coordinates":[-95.37278,29.75052],"type":"Point"},"properties":{"kind":"stop","name":"Pierce St @ Milam St","stop_id":"10553"},"type":"Feature"},{"geometry":{"coordinates":[-95.30246,29.74044],"type":"Point"},"properties":{"kind":"stop","name":"Canal St @ Ssgt Macario Garcia Dr","stop_id":"1056"},"type":"Feature"},{"geometry":{"coordinates":[-95.42828,29.72827],"type":"Point"},"properties":{"kind":"stop","name":"Westpark Dr @ Buffalo Speedway","stop_id":"10560"},"type":"Feature"},{"geometry":{"coordinates":[-95.42762,29.72849],"type":"Point"},"properties":{"kind":"stop","name":"Westpark Dr @ Buffalo Speedway","stop_id":"10561"},"type":"Feature"},{"geometry":{"coordinates":[-95.42156,29.72894],"type":"Point"},"properties":{"kind":"stop","name":"Westpark Dr @ Wakeforest St","stop_id":"10562"},"type":"Feature"},{"geometry":{"coordinates":[-95.42232,29.72874],"type":"Point"},"properties":{"kind":"stop","name":"Westpark Dr @ Wakeforest St","stop_id":"10563"},"type":"Feature"},{"geometry":{"coordinates":[-95.4065,29.75296],"type":"Point"},"properties":{"kind":"stop","name":"W Gray St @ Driscoll St","stop_id":"10566"},"type":"Feature"},{"geometry":{"coordinates":[-95.27577,29.65534],"type":"Point"},"properties":{"kind":"stop","name":"Hobby Airport","stop_id":"10567"},"type":"Feature"},{"geometry":{"coordinates":[-95.30079,29.73975],"type":"Point"},"properties":{"kind":"stop","name":"Canal St @ 70th St","stop_id":"1057"},"type":"Feature"},{"geometry":{"coordinates":[-95.29848,29.73903],"type":"Point"},"properties":{"kind":"stop","name":"Canal St @ 71st St","stop_id":"1058"},"type":"Feature"},{"geometry":{"coordinates":[-95.35367,29.75809],"type":"Point"},"properties":{"kind":"stop","name":"Congress St @ Chenevert St","stop_id":"10581"},"type":"Feature"},{"geometry":{"coordinates":[-95.35455,29.75861],"type":"Point"},"properties":{"kind":"stop","name":"Congress St @ Jackson St","stop_id":"10582"},"type":"Feature"},{"geometry":{"coordinates":[-95.35521,29.75901],"type":"Point"},"properties":{"kind":"stop","name":"Congress St @ Crawford St","stop_id":"10583"},"type":"Feature"},{"geometry":{"coordinates":[-95.37671,29.83253],"type":"Point"},"properties":{"kind":"stop","name":"Northline Transit Center","stop_id":"10585"},"type":"Feature"},{"geometry":{"coordinates":[-95.4832,29.81858],"type":"Point"},"properties":{"kind":"stop","name":"W 34th St @ Hempstead Rd","stop_id":"10592"},"type":"Feature"},{"geometry":{"coordinates":[-95.36279,29.76434],"type":"Point"},"properties":{"kind":"stop","name":"Louisiana St @ Franklin St","stop_id":"10594"},"type":"Feature"},{"geometry":{"coordinates":[-95.35293,29.75781],"type":"Point"},"properties":{"kind":"stop","name":"Hamilton St @ Congress St","stop_id":"10596"},"type":"Feature"},{"geometry":{"coordinates":[-95.50007,29.71734],"type":"Point"},"properties":{"kind":"stop","name":"Hillcroft Ave @ Southwest Freeway","stop_id":"106"},"type":"Feature"},{"geometry":{"coordinates":[-95.37173,29.75121],"type":"Point"},"properties":{"kind":"stop","name":"St Joseph Pkwy @ Milam St","stop_id":"10601"},"type":"Feature"},{"geometry":{"coordinates":[-95.33123,29.92576],"type":"Point"},"properties":{"kind":"stop","name":"John F Kennedy Blvd @ Heathrow Fore","stop_id":"10602"},"type":"Feature"},{"geometry":{"coordinates":[-95.33117,29.92992],"type":"Point"},"properties":{"kind":"stop","name":"John F Kennedy Blvd @ Aldine Bender","stop_id":"10603"},"type":"Feature"},{"geometry":{"coordinates":[-95.33151,29.92622],"type":"Point"},"properties":{"kind":"stop","name":"John F Kennedy Blvd @ Heathrow Fore","stop_id":"10605"},"type":"Feature"},{"geometry":{"coordinates":[-95.33158,29.91142],"type":"Point"},"properties":{"kind":"stop","name":"John F Kennedy Blvd @ Lauder Rd","stop_id":"10606"},"type":"Feature"},{"geometry":{"coordinates":[-95.33153,29.90923],"type":"Point"},"properties":{"kind":"stop","name":"John F Kennedy Blvd @ Connorvale Rd","stop_id":"10607"},"type":"Feature"},{"geometry":{"coordinates":[-95.33181,29.90238],"type":"Point"},"properties":{"kind":"stop","name":"Aldine Mail Route @ John F Kennedy","stop_id":"10610"},"type":"Feature"},{"geometry":{"coordinates":[-95.32997,29.90242],"type":"Point"},"properties":{"kind":"stop","name":"Aldine Mail Route @ Gloger St Mb1","stop_id":"10611"},"type":"Feature"},{"geometry":{"coordinates":[-95.32584,29.90258],"type":"Point"},"properties":{"kind":"stop","name":"Aldine Mail Route Rd @ Determined D","stop_id":"10612"},"type":"Feature"},{"geometry":{"coordinates":[-95.32355,29.90268],"type":"Point"},"properties":{"kind":"stop","name":"Aldine Mail Route Rd @ Vickery Dr","stop_id":"10613"},"type":"Feature"},{"geometry":{"coordinates":[-95.3212,29.90273],"type":"Point"},"properties":{"kind":"stop","name":"Aldine Mail Route Rd @ Boreas Dr","stop_id":"10614"},"type":"Feature"},{"geometry":{"coordinates":[-95.31892,29.90275],"type":"Point"},"properties":{"kind":"stop","name":"Aldine Mail Route Rd @ MacNaughton","stop_id":"10615"},"type":"Feature"},{"geometry":{"coordinates":[-95.31588,29.90279],"type":"Point"},"properties":{"kind":"stop","name":"Aldine Mail Route Rd @ Fantasy Dr","stop_id":"10616"},"type":"Feature"},{"geometry":{"coordinates":[-95.3129,29.90282],"type":"Point"},"properties":{"kind":"stop","name":"Aldine Mail Route Rd @ Eastex Freew","stop_id":"10617"},"type":"Feature"},{"geometry":{"coordinates":[-95.18763,29.79203],"type":"Point"},"properties":{"kind":"stop","name":"Woodforest Blvd @ Claire Ln","stop_id":"10618"},"type":"Feature"},{"geometry":{"coordinates":[-95.19227,29.79388],"type":"Point"},"properties":{"kind":"stop","name":"Woodforest Blvd @ Grand Oaks Blvd","stop_id":"10619"},"type":"Feature"},{"geometry":{"coordinates":[-95.19685,29.79342],"type":"Point"},"properties":{"kind":"stop","name":"Woodforest Blvd @ Forestwood Dr","stop_id":"10620"},"type":"Feature"},{"geometry":{"coordinates":[-95.19845,29.79244],"type":"Point"},"properties":{"kind":"stop","name":"Woodforest Blvd @ Charlie Voix Ave","stop_id":"10621"},"type":"Feature"},{"geometry":{"coordinates":[-95.20274,29.79143],"type":"Point"},"properties":{"kind":"stop","name":"Woodforest Blvd @ Normandy St","stop_id":"10622"},"type":"Feature"},{"geometry":{"coordinates":[-95.19827,29.79226],"type":"Point"},"properties":{"kind":"stop","name":"Woodforest Blvd @ Charlie Voix Ave","stop_id":"10624"},"type":"Feature"},{"geometry":{"coordinates":[-95.19661,29.79327],"type":"Point"},"properties":{"kind":"stop","name":"Woodforest Blvd @ Forestwood Dr","stop_id":"10625"},"type":"Feature"},{"geometry":{"coordinates":[-95.19277,29.79374],"type":"Point"},"properties":{"kind":"stop","name":"Woodforest Blvd @ Grand Oaks Blvd","stop_id":"10626"},"type":"Feature"},{"geometry":{"coordinates":[-95.18764,29.7918],"type":"Point"},"properties":{"kind":"stop","name":"Woodforest Blvd @ Claire Ln","stop_id":"10627"},"type":"Feature"},{"geometry":{"coordinates":[-95.6252,29.76113],"type":"Point"},"properties":{"kind":"stop","name":"Eldridge Pkwy @ Brimhurst Dr","stop_id":"10628"},"type":"Feature"},{"geometry":{"coordinates":[-95.62523,29.76381],"type":"Point"},"properties":{"kind":"stop","name":"Eldridge Pkwy @ Sandbridge Dr","stop_id":"10629"},"type":"Feature"},{"geometry":{"coordinates":[-95.62543,29.75518],"type":"Point"},"properties":{"kind":"stop","name":"Eldridge Pkwy @ Briar Forest Dr","stop_id":"10630"},"type":"Feature"},{"geometry":{"coordinates":[-95.62515,29.75545],"type":"Point"},"properties":{"kind":"stop","name":"Eldridge Pkwy @ Briar Forest Dr","stop_id":"10631"},"type":"Feature"},{"geometry":{"coordinates":[-95.62517,29.75784],"type":"Point"},"properties":{"kind":"stop","name":"Eldridge Pkwy @ Westerloch Dr","stop_id":"10632"},"type":"Feature"},{"geometry":{"coordinates":[-95.6363,29.75577],"type":"Point"},"properties":{"kind":"stop","name":"Briar Forest Dr @ Briar Home Dr","stop_id":"10633"},"type":"Feature"},{"geometry":{"coordinates":[-95.63589,29.75531],"type":"Point"},"properties":{"kind":"stop","name":"Briar Home Dr @ Briar Forest Dr","stop_id":"10634"},"type":"Feature"},{"geometry":{"coordinates":[-95.63275,29.75604],"type":"Point"},"properties":{"kind":"stop","name":"Briar Forest Dr @ Parkway Plaza Dr","stop_id":"10635"},"type":"Feature"},{"geometry":{"coordinates":[-95.63326,29.75579],"type":"Point"},"properties":{"kind":"stop","name":"Briar Forest Dr @ Lakes Of Parkway","stop_id":"10636"},"type":"Feature"},{"geometry":{"coordinates":[-95.63943,29.75511],"type":"Point"},"properties":{"kind":"stop","name":"Valedictorian Dr @ Briar Forest Dr","stop_id":"10637"},"type":"Feature"},{"geometry":{"coordinates":[-95.62841,29.75576],"type":"Point"},"properties":{"kind":"stop","name":"Briar Forest Dr @ Lakes Of Parkway","stop_id":"10638"},"type":"Feature"},{"geometry":{"coordinates":[-95.62895,29.75604],"type":"Point"},"properties":{"kind":"stop","name":"Briar Forest Dr @ Eldridge Pkwy MB","stop_id":"10639"},"type":"Feature"},{"geometry":{"coordinates":[-95.28918,29.67764],"type":"Point"},"properties":{"kind":"stop","name":"Reveille St @ Westover St","stop_id":"10644"},"type":"Feature"},{"geometry":{"coordinates":[-95.28955,29.67942],"type":"Point"},"properties":{"kind":"stop","name":"Reveille St @ Oak Vista St","stop_id":"10645"},"type":"Feature"},{"geometry":{"coordinates":[-95.29007,29.68183],"type":"Point"},"properties":{"kind":"stop","name":"Reveille St @ Dixie Dr","stop_id":"10646"},"type":"Feature"},{"geometry":{"coordinates":[-95.29022,29.68513],"type":"Point"},"properties":{"kind":"stop","name":"Reveille St @ Park Place Blvd","stop_id":"10647"},"type":"Feature"},{"geometry":{"coordinates":[-95.2891,29.67564],"type":"Point"},"properties":{"kind":"stop","name":"Reveille St @ Telephone Rd","stop_id":"10648"},"type":"Feature"},{"geometry":{"coordinates":[-95.31086,29.72454],"type":"Point"},"properties":{"kind":"stop","name":"Lawndale Ave @ S Wayside Dr","stop_id":"1065"},"type":"Feature"},{"geometry":{"coordinates":[-95.28888,29.66524],"type":"Point"},"properties":{"kind":"stop","name":"Telephone Rd @ Drouet St","stop_id":"10651"},"type":"Feature"},{"geometry":{"coordinates":[-95.28896,29.66924],"type":"Point"},"properties":{"kind":"stop","name":"Telephone Rd @ Grahamcrest Dr","stop_id":"10652"},"type":"Feature"},{"geometry":{"coordinates":[-95.28903,29.67274],"type":"Point"},"properties":{"kind":"stop","name":"Telephone Rd @ Bellfort Ave","stop_id":"10653"},"type":"Feature"},{"geometry":{"coordinates":[-95.28947,29.67762],"type":"Point"},"properties":{"kind":"stop","name":"Reveille St @ Westover St","stop_id":"10655"},"type":"Feature"},{"geometry":{"coordinates":[-95.28989,29.67958],"type":"Point"},"properties":{"kind":"stop","name":"Reveille St @ Oak Vista St","stop_id":"10656"},"type":"Feature"},{"geometry":{"coordinates":[-95.29037,29.68204],"type":"Point"},"properties":{"kind":"stop","name":"Reveille St @ Dixie Dr","stop_id":"10657"},"type":"Feature"},{"geometry":{"coordinates":[-95.28934,29.67282],"type":"Point"},"properties":{"kind":"stop","name":"Telephone Rd @ Bellfort Ave","stop_id":"10658"},"type":"Feature"},{"geometry":{"coordinates":[-95.28928,29.6694],"type":"Point"},"properties":{"kind":"stop","name":"Telephone Rd @ Grahamcrest Dr","stop_id":"10659"},"type":"Feature"},{"geometry":{"coordinates":[-95.30604,29.72272],"type":"Point"},"properties":{"kind":"stop","name":"Lawndale St @ N Mac Gregor Way","stop_id":"1066"},"type":"Feature"},{"geometry":{"coordinates":[-95.2892,29.6655],"type":"Point"},"properties":{"kind":"stop","name":"Telephone Rd @ Brace St","stop_id":"10660"},"type":"Feature"},{"geometry":{"coordinates":[-95.29371,29.88432],"type":"Point"},"properties":{"kind":"stop","name":"Ribstone Dr @ Annunciation St","stop_id":"10663"},"type":"Feature"},{"geometry":{"coordinates":[-95.21096,29.7897],"type":"Point"},"properties":{"kind":"stop","name":"Woodforest Blvd @ Wild Plum","stop_id":"10664"},"type":"Feature"},{"geometry":{"coordinates":[-95.21112,29.78933],"type":"Point"},"properties":{"kind":"stop","name":"Woodforest Blvd @ Wild Plum","stop_id":"10665"},"type":"Feature"},{"geometry":{"coordinates":[-95.21444,29.78783],"type":"Point"},"properties":{"kind":"stop","name":"Woodforest Blvd @ Wild Plum Mb","stop_id":"10666"},"type":"Feature"},{"geometry":{"coordinates":[-95.21436,29.78757],"type":"Point"},"properties":{"kind":"stop","name":"Woodforest Blvd @ Maxey Rd","stop_id":"10667"},"type":"Feature"},{"geometry":{"coordinates":[-95.37031,29.74676],"type":"Point"},"properties":{"kind":"stop","name":"San Jacinto St @ Webster St","stop_id":"10668"},"type":"Feature"},{"geometry":{"coordinates":[-95.33926,29.78574],"type":"Point"},"properties":{"kind":"stop","name":"Eastex Freeway   @ Adelia","stop_id":"10674"},"type":"Feature"},{"geometry":{"coordinates":[-95.36678,29.76471],"type":"Point"},"properties":{"kind":"stop","name":"Preston St @ Bagby St","stop_id":"10678"},"type":"Feature"},{"geometry":{"coordinates":[-95.30288,29.72084],"type":"Point"},"properties":{"kind":"stop","name":"Lawndale St @ Forest Hill Blvd","stop_id":"1068"},"type":"Feature"},{"geometry":{"coordinates":[-95.4172,29.77071],"type":"Point"},"properties":{"kind":"stop","name":"Washington Ave @ TC Jester Blvd","stop_id":"10680"},"type":"Feature"},{"geometry":{"coordinates":[-95.33344,29.86432],"type":"Point"},"properties":{"kind":"stop","name":"Jensen Dr @ Saunders Rd","stop_id":"10681"},"type":"Feature"},{"geometry":{"coordinates":[-95.41291,29.92072],"type":"Point"},"properties":{"kind":"stop","name":"North Freeway   @ Greens Landing Dr","stop_id":"10682"},"type":"Feature"},{"geometry":{"coordinates":[-95.42606,29.76361],"type":"Point"},"properties":{"kind":"stop","name":"Memorial Dr @ Cowan Dr","stop_id":"10683"},"type":"Feature"},{"geometry":{"coordinates":[-95.40139,29.71173],"type":"Point"},"properties":{"kind":"stop","name":"University Blvd @ Main St","stop_id":"10684"},"type":"Feature"},{"geometry":{"coordinates":[-95.56068,29.71626],"type":"Point"},"properties":{"kind":"stop","name":"Harwin Dr @ Rogerdale Rd","stop_id":"10692"},"type":"Feature"},{"geometry":{"coordinates":[-95.55922,29.71664],"type":"Point"},"properties":{"kind":"stop","name":"Harwin Dr @ Rogerdale Rd","stop_id":"10693"},"type":"Feature"},{"geometry":{"coordinates":[-95.37997,30.00834],"type":"Point"},"properties":{"kind":"stop","name":"LSC North Harris 1","stop_id":"10694"},"type":"Feature"},{"geometry":{"coordinates":[-95.38728,29.9022],"type":"Point"},"properties":{"kind":"stop","name":"Aldine Mail Route Rd @ Sellers Rd","stop_id":"10695"},"type":"Feature"},{"geometry":{"coordinates":[-95.46196,29.89561],"type":"Point"},"properties":{"kind":"stop","name":"W Montgomery Rd @ W Mt Houston Rd","stop_id":"10697"},"type":"Feature"},{"geometry":{"coordinates":[-95.26864,29.7947],"type":"Point"},"properties":{"kind":"stop","name":"N Loop E @ Banner Dr","stop_id":"10699"},"type":"Feature"},{"geometry":{"coordinates":[-95.46826,29.72508],"type":"Point"},"properties":{"kind":"stop","name":"S Rice Ave @ Westpark Dr","stop_id":"107"},"type":"Feature"},{"geometry":{"coordinates":[-95.29883,29.71766],"type":"Point"},"properties":{"kind":"stop","name":"Lawndale St @ Rainbow Dr","stop_id":"1070"},"type":"Feature"},{"geometry":{"coordinates":[-95.54496,29.8443],"type":"Point"},"properties":{"kind":"stop","name":"Gessner Rd @ Genard Rd","stop_id":"10700"},"type":"Feature"},{"geometry":{"coordinates":[-95.54494,29.84128],"type":"Point"},"properties":{"kind":"stop","name":"Gessner Rd @ Clay Rd","stop_id":"10701"},"type":"Feature"},{"geometry":{"coordinates":[-95.42641,29.94905],"type":"Point"},"properties":{"kind":"stop","name":"W Greens Rd @ Greens Crossing Blvd","stop_id":"10704"},"type":"Feature"},{"geometry":{"coordinates":[-95.55434,29.96515],"type":"Point"},"properties":{"kind":"stop","name":"Tomball Pkwy @ Millsview Rd","stop_id":"10705"},"type":"Feature"},{"geometry":{"coordinates":[-95.26312,30.01912],"type":"Point"},"properties":{"kind":"stop","name":"Townsen Park & Ride","stop_id":"10706"},"type":"Feature"},{"geometry":{"coordinates":[-95.36847,29.64254],"type":"Point"},"properties":{"kind":"stop","name":"Scott St @ South Acres Dr","stop_id":"10709"},"type":"Feature"},{"geometry":{"coordinates":[-95.29645,29.71724],"type":"Point"},"properties":{"kind":"stop","name":"Lawndale St @ Redwood St","stop_id":"1071"},"type":"Feature"},{"geometry":{"coordinates":[-95.43174,29.9881],"type":"Point"},"properties":{"kind":"stop","name":"Ella Blvd @ Dunson Glen Dr","stop_id":"10716"},"type":"Feature"},{"geometry":{"coordinates":[-95.43159,29.98778],"type":"Point"},"properties":{"kind":"stop","name":"Ella Blvd @ Grand Point Dr","stop_id":"10717"},"type":"Feature"},{"geometry":{"coordinates":[-95.39977,29.67706],"type":"Point"},"properties":{"kind":"stop","name":"Knight Rd @ Bellfort St","stop_id":"10722"},"type":"Feature"},{"geometry":{"coordinates":[-95.39993,29.67706],"type":"Point"},"properties":{"kind":"stop","name":"Knight Rd @ Mansard St","stop_id":"10723"},"type":"Feature"},{"geometry":{"coordinates":[-95.28427,29.84148],"type":"Point"},"properties":{"kind":"stop","name":"Woodlyn Rd @ N Wayside Dr","stop_id":"10724"},"type":"Feature"},{"geometry":{"coordinates":[-95.43839,29.97911],"type":"Point"},"properties":{"kind":"stop","name":"Ella Blvd @ Woodfall Ct","stop_id":"10725"},"type":"Feature"},{"geometry":{"coordinates":[-95.43818,29.97884],"type":"Point"},"properties":{"kind":"stop","name":"Ella Blvd @ Woodfall Ct","stop_id":"10726"},"type":"Feature"},{"geometry":{"coordinates":[-95.29113,29.71682],"type":"Point"},"properties":{"kind":"stop","name":"Lawndale St @ Griggs Rd","stop_id":"1073"},"type":"Feature"},{"geometry":{"coordinates":[-95.37596,29.8291],"type":"Point"},"properties":{"kind":"stop","name":"Fulton St @ Van Molan","stop_id":"10732"},"type":"Feature"},{"geometry":{"coordinates":[-95.29035,29.71583],"type":"Point"},"properties":{"kind":"stop","name":"Evergreen Dr @ Bowie St","stop_id":"1074"},"type":"Feature"},{"geometry":{"coordinates":[-95.47843,29.96144],"type":"Point"},"properties":{"kind":"stop","name":"Veterans Memorial Dr @ Antoine Dr","stop_id":"10740"},"type":"Feature"},{"geometry":{"coordinates":[-95.48216,29.95808],"type":"Point"},"properties":{"kind":"stop","name":"Antoine Dr @ Wirksworth Dr","stop_id":"10741"},"type":"Feature"},{"geometry":{"coordinates":[-95.4835,29.95501],"type":"Point"},"properties":{"kind":"stop","name":"Antoine Dr @ Suttonford Dr","stop_id":"10742"},"type":"Feature"},{"geometry":{"coordinates":[-95.48345,29.95077],"type":"Point"},"properties":{"kind":"stop","name":"Antoine Dr @ Claverton Dr","stop_id":"10743"},"type":"Feature"},{"geometry":{"coordinates":[-95.4835,29.94759],"type":"Point"},"properties":{"kind":"stop","name":"Antoine Dr @ Breckenridge Dr","stop_id":"10744"},"type":"Feature"},{"geometry":{"coordinates":[-95.48361,29.94324],"type":"Point"},"properties":{"kind":"stop","name":"Antoine Dr @ W Greens Rd","stop_id":"10745"},"type":"Feature"},{"geometry":{"coordinates":[-95.4834,29.93898],"type":"Point"},"properties":{"kind":"stop","name":"Antoine Dr @ Sam Houston Pkwy","stop_id":"10746"},"type":"Feature"},{"geometry":{"coordinates":[-95.48335,29.93595],"type":"Point"},"properties":{"kind":"stop","name":"Antoine Dr @ Greenyard Dr","stop_id":"10747"},"type":"Feature"},{"geometry":{"coordinates":[-95.4832,29.9341],"type":"Point"},"properties":{"kind":"stop","name":"Antoine Dr @ Billikin Dr","stop_id":"10748"},"type":"Feature"},{"geometry":{"coordinates":[-95.48258,29.93255],"type":"Point"},"properties":{"kind":"stop","name":"Antoine Dr @ Canyon Way Dr","stop_id":"10749"},"type":"Feature"},{"geometry":{"coordinates":[-95.2903,29.71387],"type":"Point"},"properties":{"kind":"stop","name":"Evergreen Dr @ Vandeman St","stop_id":"1075"},"type":"Feature"},{"geometry":{"coordinates":[-95.48152,29.92969],"type":"Point"},"properties":{"kind":"stop","name":"Antoine Dr @ Trail Valley Way","stop_id":"10750"},"type":"Feature"},{"geometry":{"coordinates":[-95.48147,29.92615],"type":"Point"},"properties":{"kind":"stop","name":"Antoine Dr @ Cloud Swept Ln","stop_id":"10751"},"type":"Feature"},{"geometry":{"coordinates":[-95.48174,29.92299],"type":"Point"},"properties":{"kind":"stop","name":"Antoine Dr @ Frick Rd","stop_id":"10752"},"type":"Feature"},{"geometry":{"coordinates":[-95.4817,29.91973],"type":"Point"},"properties":{"kind":"stop","name":"Antoine Dr @ Fallbrook Rd","stop_id":"10753"},"type":"Feature"},{"geometry":{"coordinates":[-95.48131,29.91748],"type":"Point"},"properties":{"kind":"stop","name":"Antoine Dr @ Duckett Park Dr","stop_id":"10754"},"type":"Feature"},{"geometry":{"coordinates":[-95.47974,29.91351],"type":"Point"},"properties":{"kind":"stop","name":"Antoine Dr @ West Rd","stop_id":"10755"},"type":"Feature"},{"geometry":{"coordinates":[-95.47996,29.91172],"type":"Point"},"properties":{"kind":"stop","name":"Antoine Dr @ SH 249","stop_id":"10756"},"type":"Feature"},{"geometry":{"coordinates":[-95.48032,29.9088],"type":"Point"},"properties":{"kind":"stop","name":"Antoine Dr @ Romona Blvd","stop_id":"10757"},"type":"Feature"},{"geometry":{"coordinates":[-95.47945,29.91307],"type":"Point"},"properties":{"kind":"stop","name":"Antoine Dr @ West Rd","stop_id":"10758"},"type":"Feature"},{"geometry":{"coordinates":[-95.4811,29.91767],"type":"Point"},"properties":{"kind":"stop","name":"Antoine Dr @ Duckett Park Dr","stop_id":"10759"},"type":"Feature"},{"geometry":{"coordinates":[-95.29027,29.71223],"type":"Point"},"properties":{"kind":"stop","name":"Evergreen Dr @ Garden St","stop_id":"1076"},"type":"Feature"},{"geometry":{"coordinates":[-95.48142,29.91929],"type":"Point"},"properties":{"kind":"stop","name":"Antoine Dr @ Fallbrook Rd","stop_id":"10760"},"type":"Feature"},{"geometry":{"coordinates":[-95.48147,29.92268],"type":"Point"},"properties":{"kind":"stop","name":"Antoine Dr @ Frick Rd","stop_id":"10761"},"type":"Feature"},{"geometry":{"coordinates":[-95.48119,29.92595],"type":"Point"},"properties":{"kind":"stop","name":"Antoine Dr @ Cloud Swept Ln","stop_id":"10762"},"type":"Feature"},{"geometry":{"coordinates":[-95.48123,29.92939],"type":"Point"},"properties":{"kind":"stop","name":"Antoine Dr @ Wheat","stop_id":"10763"},"type":"Feature"},{"geometry":{"coordinates":[-95.48219,29.93234],"type":"Point"},"properties":{"kind":"stop","name":"Antoine Dr @ Canyon Way Dr","stop_id":"10764"},"type":"Feature"},{"geometry":{"coordinates":[-95.48279,29.93368],"type":"Point"},"properties":{"kind":"stop","name":"Antoine Dr @ Billikin Dr","stop_id":"10765"},"type":"Feature"},{"geometry":{"coordinates":[-95.48308,29.93561],"type":"Point"},"properties":{"kind":"stop","name":"Antoine Dr @ Greenyard Dr","stop_id":"10766"},"type":"Feature"},{"geometry":{"coordinates":[-95.4831,29.93863],"type":"Point"},"properties":{"kind":"stop","name":"Antoine Dr @ Sam Houston Pkwy","stop_id":"10767"},"type":"Feature"},{"geometry":{"coordinates":[-95.48325,29.94283],"type":"Point"},"properties":{"kind":"stop","name":"Antoine Dr @ W Greens Rd","stop_id":"10768"},"type":"Feature"},{"geometry":{"coordinates":[-95.48328,29.94727],"type":"Point"},"properties":{"kind":"stop","name":"Antoine Dr @ Breckenridge Dr","stop_id":"10769"},"type":"Feature"},{"geometry":{"coordinates":[-95.29023,29.71104],"type":"Point"},"properties":{"kind":"stop","name":"Evergreen Dr @ Ilex St","stop_id":"1077"},"type":"Feature"},{"geometry":{"coordinates":[-95.48318,29.95048],"type":"Point"},"properties":{"kind":"stop","name":"Antoine Dr @ Claverton Dr","stop_id":"10770"},"type":"Feature"},{"geometry":{"coordinates":[-95.48325,29.95479],"type":"Point"},"properties":{"kind":"stop","name":"Antoine Dr @ Suttonford Dr","stop_id":"10771"},"type":"Feature"},{"geometry":{"coordinates":[-95.48206,29.95776],"type":"Point"},"properties":{"kind":"stop","name":"Antoine Dr @ Wirksworth Dr","stop_id":"10772"},"type":"Feature"},{"geometry":{"coordinates":[-95.47815,29.96076],"type":"Point"},"properties":{"kind":"stop","name":"Antoine Dr @ Veterans Memorial Dr","stop_id":"10773"},"type":"Feature"},{"geometry":{"coordinates":[-95.46701,29.86913],"type":"Point"},"properties":{"kind":"stop","name":"Victory Dr @ Birchcroft Dr","stop_id":"10775"},"type":"Feature"},{"geometry":{"coordinates":[-95.47142,29.86764],"type":"Point"},"properties":{"kind":"stop","name":"Victory Dr @ Maple Tree Dr","stop_id":"10777"},"type":"Feature"},{"geometry":{"coordinates":[-95.29019,29.70946],"type":"Point"},"properties":{"kind":"stop","name":"Evergreen Dr @ Kernel St","stop_id":"1078"},"type":"Feature"},{"geometry":{"coordinates":[-95.29016,29.70799],"type":"Point"},"properties":{"kind":"stop","name":"Evergreen Dr @ Moss Rose St","stop_id":"1079"},"type":"Feature"},{"geometry":{"coordinates":[-95.46792,29.78688],"type":"Point"},"properties":{"kind":"stop","name":"Silber Rd @ Shavelson St","stop_id":"108"},"type":"Feature"},{"geometry":{"coordinates":[-95.28998,29.70571],"type":"Point"},"properties":{"kind":"stop","name":"Evergreen Dr @ Palmetto St","stop_id":"1080"},"type":"Feature"},{"geometry":{"coordinates":[-95.29452,29.70309],"type":"Point"},"properties":{"kind":"stop","name":"Woodridge Dr @ Office City Dr","stop_id":"1081"},"type":"Feature"},{"geometry":{"coordinates":[-95.41694,29.7873],"type":"Point"},"properties":{"kind":"stop","name":"TC Jester Blvd @ Cranston Ct","stop_id":"10818"},"type":"Feature"},{"geometry":{"coordinates":[-95.41826,29.77929],"type":"Point"},"properties":{"kind":"stop","name":"TC Jester Blvd @ Larkin St","stop_id":"10819"},"type":"Feature"},{"geometry":{"coordinates":[-95.29402,29.7028],"type":"Point"},"properties":{"kind":"stop","name":"Office City Dr @ Woodridge Dr","stop_id":"1082"},"type":"Feature"},{"geometry":{"coordinates":[-95.41795,29.77893],"type":"Point"},"properties":{"kind":"stop","name":"TC Jester Blvd @ Larkin St","stop_id":"10821"},"type":"Feature"},{"geometry":{"coordinates":[-95.41663,29.7874],"type":"Point"},"properties":{"kind":"stop","name":"TC Jester Blvd @ Cranston Ct","stop_id":"10822"},"type":"Feature"},{"geometry":{"coordinates":[-95.29148,29.70075],"type":"Point"},"properties":{"kind":"stop","name":"Office City Dr @ Evergreen Dr","stop_id":"1083"},"type":"Feature"},{"geometry":{"coordinates":[-95.28842,29.70016],"type":"Point"},"properties":{"kind":"stop","name":"Office City Dr @ Evergreen Dr Mb","stop_id":"1084"},"type":"Feature"},{"geometry":{"coordinates":[-95.28735,29.70026],"type":"Point"},"properties":{"kind":"stop","name":"Office City Dr @ Gulf Creek Dr","stop_id":"1085"},"type":"Feature"},{"geometry":{"coordinates":[-95.45886,29.86683],"type":"Point"},"properties":{"kind":"stop","name":"TC Jester Blvd @ Holder Forest Dr","stop_id":"10856"},"type":"Feature"},{"geometry":{"coordinates":[-95.45885,29.86917],"type":"Point"},"properties":{"kind":"stop","name":"TC Jester Blvd @ Cherry Forest Dr","stop_id":"10857"},"type":"Feature"},{"geometry":{"coordinates":[-95.46228,29.87064],"type":"Point"},"properties":{"kind":"stop","name":"Victory Dr @ Athlone Dr","stop_id":"10858"},"type":"Feature"},{"geometry":{"coordinates":[-95.4644,29.86999],"type":"Point"},"properties":{"kind":"stop","name":"Victory Dr @ Vogel Rd","stop_id":"10859"},"type":"Feature"},{"geometry":{"coordinates":[-95.29152,29.7],"type":"Point"},"properties":{"kind":"stop","name":"Gulf Freeway   @ Evergreen Dr","stop_id":"1086"},"type":"Feature"},{"geometry":{"coordinates":[-95.36818,29.76588],"type":"Point"},"properties":{"kind":"stop","name":"Franklin St @ Mentor","stop_id":"10860"},"type":"Feature"},{"geometry":{"coordinates":[-95.43974,29.91163],"type":"Point"},"properties":{"kind":"stop","name":"Veterans Memorial Dr @ Moorebrook D","stop_id":"10863"},"type":"Feature"},{"geometry":{"coordinates":[-95.44181,29.91434],"type":"Point"},"properties":{"kind":"stop","name":"Veterans Memorial Dr @ West Rd","stop_id":"10864"},"type":"Feature"},{"geometry":{"coordinates":[-95.44375,29.91684],"type":"Point"},"properties":{"kind":"stop","name":"Veterans Memorial Dr @ Forestburg D","stop_id":"10865"},"type":"Feature"},{"geometry":{"coordinates":[-95.44659,29.92053],"type":"Point"},"properties":{"kind":"stop","name":"Veterans Memorial Dr @ Fallbrook Dr","stop_id":"10866"},"type":"Feature"},{"geometry":{"coordinates":[-95.44864,29.92315],"type":"Point"},"properties":{"kind":"stop","name":"Veterans Memorial Dr @ Frick Rd","stop_id":"10867"},"type":"Feature"},{"geometry":{"coordinates":[-95.45134,29.92662],"type":"Point"},"properties":{"kind":"stop","name":"Veterans Memorial Dr @ Woodsdale Bl","stop_id":"10868"},"type":"Feature"},{"geometry":{"coordinates":[-95.45327,29.92906],"type":"Point"},"properties":{"kind":"stop","name":"Veterans Memorial Dr @ Moorewood Dr","stop_id":"10869"},"type":"Feature"},{"geometry":{"coordinates":[-95.2898,29.70555],"type":"Point"},"properties":{"kind":"stop","name":"Evergreen Dr @ Palmetto St","stop_id":"1087"},"type":"Feature"},{"geometry":{"coordinates":[-95.45606,29.93271],"type":"Point"},"properties":{"kind":"stop","name":"Veterans Memorial Dr @ TC Jester Bl","stop_id":"10870"},"type":"Feature"},{"geometry":{"coordinates":[-95.46158,29.93974],"type":"Point"},"properties":{"kind":"stop","name":"Veterans Memorial Dr @ Willow Tree","stop_id":"10871"},"type":"Feature"},{"geometry":{"coordinates":[-95.46612,29.94568],"type":"Point"},"properties":{"kind":"stop","name":"Veterans Memorial Dr @ Gears Rd","stop_id":"10872"},"type":"Feature"},{"geometry":{"coordinates":[-95.46822,29.94841],"type":"Point"},"properties":{"kind":"stop","name":"Veterans Memorial Dr @ Greens Rd","stop_id":"10873"},"type":"Feature"},{"geometry":{"coordinates":[-95.47119,29.9523],"type":"Point"},"properties":{"kind":"stop","name":"Veterans Memorial Dr @ Milroy Ln","stop_id":"10874"},"type":"Feature"},{"geometry":{"coordinates":[-95.47387,29.95581],"type":"Point"},"properties":{"kind":"stop","name":"Veterans Memorial Dr @ S Camden Pky","stop_id":"10875"},"type":"Feature"},{"geometry":{"coordinates":[-95.47544,29.95785],"type":"Point"},"properties":{"kind":"stop","name":"Veterans Memorial Dr @ N Camden Pky","stop_id":"10876"},"type":"Feature"},{"geometry":{"coordinates":[-95.4777,29.96083],"type":"Point"},"properties":{"kind":"stop","name":"Veterans Memorial Dr @ Antoine Dr","stop_id":"10877"},"type":"Feature"},{"geometry":{"coordinates":[-95.48021,29.96417],"type":"Point"},"properties":{"kind":"stop","name":"Veterans Memorial Dr @ Spears Rd","stop_id":"10878"},"type":"Feature"},{"geometry":{"coordinates":[-95.48214,29.96663],"type":"Point"},"properties":{"kind":"stop","name":"Veterans Memorial Dr @ Northcliff M","stop_id":"10879"},"type":"Feature"},{"geometry":{"coordinates":[-95.29002,29.70777],"type":"Point"},"properties":{"kind":"stop","name":"Evergreen Dr @ Moss Rose St","stop_id":"1088"},"type":"Feature"},{"geometry":{"coordinates":[-95.48411,29.9692],"type":"Point"},"properties":{"kind":"stop","name":"Veterans Memorial Dr @ Richey Rd","stop_id":"10880"},"type":"Feature"},{"geometry":{"coordinates":[-95.48626,29.97201],"type":"Point"},"properties":{"kind":"stop","name":"Veterans Memorial Dr @ Sableridge D","stop_id":"10881"},"type":"Feature"},{"geometry":{"coordinates":[-95.48873,29.97532],"type":"Point"},"properties":{"kind":"stop","name":"Veterans Memorial Dr @ Torrey Fores","stop_id":"10882"},"type":"Feature"},{"geometry":{"coordinates":[-95.4916,29.97908],"type":"Point"},"properties":{"kind":"stop","name":"Veterans Memorial Dr @ Bammel North","stop_id":"10883"},"type":"Feature"},{"geometry":{"coordinates":[-95.49476,29.98319],"type":"Point"},"properties":{"kind":"stop","name":"Veterans Memorial Dr @ Fountainhead","stop_id":"10884"},"type":"Feature"},{"geometry":{"coordinates":[-95.29007,29.70963],"type":"Point"},"properties":{"kind":"stop","name":"Evergreen Dr @ Kernel St","stop_id":"1089"},"type":"Feature"},{"geometry":{"coordinates":[-95.49519,29.98339],"type":"Point"},"properties":{"kind":"stop","name":"Veterans Memorial Dr @ Fountainhead","stop_id":"10896"},"type":"Feature"},{"geometry":{"coordinates":[-95.49153,29.9786],"type":"Point"},"properties":{"kind":"stop","name":"Veterans Memorial Dr @ Bammel North","stop_id":"10897"},"type":"Feature"},{"geometry":{"coordinates":[-95.48943,29.9759],"type":"Point"},"properties":{"kind":"stop","name":"Veterans Memorial Dr @ Torrey Fores","stop_id":"10898"},"type":"Feature"},{"geometry":{"coordinates":[-95.48641,29.97188],"type":"Point"},"properties":{"kind":"stop","name":"Veterans Memorial Dr @ Blackpool Pl","stop_id":"10899"},"type":"Feature"},{"geometry":{"coordinates":[-95.46796,29.78878],"type":"Point"},"properties":{"kind":"stop","name":"Silber Rd @ Hartland St","stop_id":"109"},"type":"Feature"},{"geometry":{"coordinates":[-95.29009,29.71062],"type":"Point"},"properties":{"kind":"stop","name":"Evergreen Dr @ Ilex St","stop_id":"1090"},"type":"Feature"},{"geometry":{"coordinates":[-95.48458,29.96947],"type":"Point"},"properties":{"kind":"stop","name":"Veterans Memorial Dr @ Richey Rd","stop_id":"10900"},"type":"Feature"},{"geometry":{"coordinates":[-95.4826,29.96685],"type":"Point"},"properties":{"kind":"stop","name":"Veterans Memorial Dr @ Northcliff M","stop_id":"10901"},"type":"Feature"},{"geometry":{"coordinates":[-95.48094,29.96469],"type":"Point"},"properties":{"kind":"stop","name":"Veterans Memorial Dr @ Spears Rd","stop_id":"10902"},"type":"Feature"},{"geometry":{"coordinates":[-95.47577,29.95797],"type":"Point"},"properties":{"kind":"stop","name":"Veterans Memorial Dr @ N Camden Pky","stop_id":"10903"},"type":"Feature"},{"geometry":{"coordinates":[-95.47425,29.95597],"type":"Point"},"properties":{"kind":"stop","name":"Veterans Memorial Dr @ Kelly Ln","stop_id":"10904"},"type":"Feature"},{"geometry":{"coordinates":[-95.47138,29.9522],"type":"Point"},"properties":{"kind":"stop","name":"Veterans Memorial Dr @ Milroy Ln","stop_id":"10905"},"type":"Feature"},{"geometry":{"coordinates":[-95.46864,29.9486],"type":"Point"},"properties":{"kind":"stop","name":"Veterans Memorial Dr @ Greens Rd","stop_id":"10906"},"type":"Feature"},{"geometry":{"coordinates":[-95.46667,29.94598],"type":"Point"},"properties":{"kind":"stop","name":"Veterans Memorial Dr @ Gears Rd","stop_id":"10907"},"type":"Feature"},{"geometry":{"coordinates":[-95.46201,29.9399],"type":"Point"},"properties":{"kind":"stop","name":"Veterans Memorial Dr @ Willow Tree","stop_id":"10908"},"type":"Feature"},{"geometry":{"coordinates":[-95.45659,29.933],"type":"Point"},"properties":{"kind":"stop","name":"Veterans Memorial Dr @ TC Jester Bl","stop_id":"10909"},"type":"Feature"},{"geometry":{"coordinates":[-95.29013,29.71359],"type":"Point"},"properties":{"kind":"stop","name":"Evergreen Dr @ Eden","stop_id":"1091"},"type":"Feature"},{"geometry":{"coordinates":[-95.45376,29.92934],"type":"Point"},"properties":{"kind":"stop","name":"Veterans Memorial Dr @ Moorewood Dr","stop_id":"10910"},"type":"Feature"},{"geometry":{"coordinates":[-95.4517,29.92669],"type":"Point"},"properties":{"kind":"stop","name":"Veterans Memorial Dr @ Woodsdale Bl","stop_id":"10911"},"type":"Feature"},{"geometry":{"coordinates":[-95.44939,29.92375],"type":"Point"},"properties":{"kind":"stop","name":"Veterans Memorial Dr @ Frick Rd","stop_id":"10912"},"type":"Feature"},{"geometry":{"coordinates":[-95.44714,29.92085],"type":"Point"},"properties":{"kind":"stop","name":"Veterans Memorial Dr @ Fallbrook Dr","stop_id":"10913"},"type":"Feature"},{"geometry":{"coordinates":[-95.44411,29.91694],"type":"Point"},"properties":{"kind":"stop","name":"Veterans Memorial Dr @ Forestburg D","stop_id":"10914"},"type":"Feature"},{"geometry":{"coordinates":[-95.44236,29.91466],"type":"Point"},"properties":{"kind":"stop","name":"Veterans Memorial Dr @ West Rd","stop_id":"10915"},"type":"Feature"},{"geometry":{"coordinates":[-95.44012,29.91178],"type":"Point"},"properties":{"kind":"stop","name":"Veterans Memorial Dr @ Stuebner Par","stop_id":"10916"},"type":"Feature"},{"geometry":{"coordinates":[-95.29013,29.71525],"type":"Point"},"properties":{"kind":"stop","name":"Evergreen Dr @ Bowie St","stop_id":"1092"},"type":"Feature"},{"geometry":{"coordinates":[-95.47112,29.74999],"type":"Point"},"properties":{"kind":"stop","name":"San Felipe Rd @ Yorktown St","stop_id":"10921"},"type":"Feature"},{"geometry":{"coordinates":[-95.37161,29.74514],"type":"Point"},"properties":{"kind":"stop","name":"San Jacinto St @ McIlhenny St","stop_id":"10923"},"type":"Feature"},{"geometry":{"coordinates":[-95.43427,29.90425],"type":"Point"},"properties":{"kind":"stop","name":"Veterans Memorial Dr @ Blue Bell Rd","stop_id":"10924"},"type":"Feature"},{"geometry":{"coordinates":[-95.29103,29.71704],"type":"Point"},"properties":{"kind":"stop","name":"Lawndale St @ Griggs Rd","stop_id":"1093"},"type":"Feature"},{"geometry":{"coordinates":[-95.43765,29.66455],"type":"Point"},"properties":{"kind":"stop","name":"S Main St @ Willowbend Blvd","stop_id":"10930"},"type":"Feature"},{"geometry":{"coordinates":[-95.43715,29.66597],"type":"Point"},"properties":{"kind":"stop","name":"S Main St @ Charleston Park Dr Mb","stop_id":"10931"},"type":"Feature"},{"geometry":{"coordinates":[-95.54855,29.71586],"type":"Point"},"properties":{"kind":"stop","name":"Ranchester Dr @ Harwin Dr","stop_id":"10934"},"type":"Feature"},{"geometry":{"coordinates":[-95.50778,29.63184],"type":"Point"},"properties":{"kind":"stop","name":"Fondren Rd @ E Hampton Cir","stop_id":"10935"},"type":"Feature"},{"geometry":{"coordinates":[-95.40014,29.68859],"type":"Point"},"properties":{"kind":"stop","name":"Knight Rd @ El Paseo St","stop_id":"10936"},"type":"Feature"},{"geometry":{"coordinates":[-95.29292,29.71745],"type":"Point"},"properties":{"kind":"stop","name":"Lawndale St @ S 76th St","stop_id":"1094"},"type":"Feature"},{"geometry":{"coordinates":[-95.45872,29.93609],"type":"Point"},"properties":{"kind":"stop","name":"Veterans Memorial Dr @ Marshwood Rd","stop_id":"10949"},"type":"Feature"},{"geometry":{"coordinates":[-95.2944,29.71743],"type":"Point"},"properties":{"kind":"stop","name":"Lawndale St @ S 75th St","stop_id":"1095"},"type":"Feature"},{"geometry":{"coordinates":[-95.4591,29.93621],"type":"Point"},"properties":{"kind":"stop","name":"Veterans Memorial Dr @ Marshwood Rd","stop_id":"10950"},"type":"Feature"},{"geometry":{"coordinates":[-95.3759,29.84135],"type":"Point"},"properties":{"kind":"stop","name":"Fulton St @ Fichter Ave","stop_id":"10953"},"type":"Feature"},{"geometry":{"coordinates":[-95.27324,29.74324],"type":"Point"},"properties":{"kind":"stop","name":"Clinton Dr @ Mississippi St","stop_id":"10956"},"type":"Feature"},{"geometry":{"coordinates":[-95.62795,29.70707],"type":"Point"},"properties":{"kind":"stop","name":"Metro Blvd @ Winter Rose Way","stop_id":"10957"},"type":"Feature"},{"geometry":{"coordinates":[-95.6277,29.70689],"type":"Point"},"properties":{"kind":"stop","name":"Metro Blvd @ Winter Rose Way","stop_id":"10958"},"type":"Feature"},{"geometry":{"coordinates":[-95.20849,29.58011],"type":"Point"},"properties":{"kind":"stop","name":"Beamer Rd @ S Canyon Dr","stop_id":"10959"},"type":"Feature"},{"geometry":{"coordinates":[-95.49682,29.98586],"type":"Point"},"properties":{"kind":"stop","name":"Veterans Memorial Dr @ Pecan Ridge","stop_id":"10963"},"type":"Feature"},{"geometry":{"coordinates":[-95.49318,29.98734],"type":"Point"},"properties":{"kind":"stop","name":"Sylvanfield Dr @ Torrey Chase Blvd","stop_id":"10964"},"type":"Feature"},{"geometry":{"coordinates":[-95.49227,29.99013],"type":"Point"},"properties":{"kind":"stop","name":"Torrey Chase Blvd @ FM 1960 Rd","stop_id":"10965"},"type":"Feature"},{"geometry":{"coordinates":[-95.49811,29.98721],"type":"Point"},"properties":{"kind":"stop","name":"Veterans Memorial Dr @ FM 1960 Rd","stop_id":"10966"},"type":"Feature"},{"geometry":{"coordinates":[-95.29918,29.71814],"type":"Point"},"properties":{"kind":"stop","name":"Lawndale St @ Santa Rosa St","stop_id":"1097"},"type":"Feature"},{"geometry":{"coordinates":[-95.40204,29.93253],"type":"Point"},"properties":{"kind":"stop","name":"Imperial Valley Dr @ Aldine Bender","stop_id":"10970"},"type":"Feature"},{"geometry":{"coordinates":[-95.35647,29.76694],"type":"Point"},"properties":{"kind":"stop","name":"San Jacinto St @ Wood St","stop_id":"10972"},"type":"Feature"},{"geometry":{"coordinates":[-95.30048,29.87579],"type":"Point"},"properties":{"kind":"stop","name":"Homestead Rd @ Leedale","stop_id":"10973"},"type":"Feature"},{"geometry":{"coordinates":[-95.29281,29.87235],"type":"Point"},"properties":{"kind":"stop","name":"Cheeves Dr @ E Little York Rd","stop_id":"10974"},"type":"Feature"},{"geometry":{"coordinates":[-95.29288,29.87539],"type":"Point"},"properties":{"kind":"stop","name":"Cheeves Dr @ Leedale","stop_id":"10975"},"type":"Feature"},{"geometry":{"coordinates":[-95.28722,29.87556],"type":"Point"},"properties":{"kind":"stop","name":"Leedale   @ Dalebrook Dr","stop_id":"10976"},"type":"Feature"},{"geometry":{"coordinates":[-95.2901,29.87553],"type":"Point"},"properties":{"kind":"stop","name":"Leedale   @ Valeview Dr","stop_id":"10977"},"type":"Feature"},{"geometry":{"coordinates":[-95.28692,29.87739],"type":"Point"},"properties":{"kind":"stop","name":"Dalebrook Dr @ Hopper Rd","stop_id":"10978"},"type":"Feature"},{"geometry":{"coordinates":[-95.28806,29.87803],"type":"Point"},"properties":{"kind":"stop","name":"Hopper Rd @ Tamworth Dr","stop_id":"10979"},"type":"Feature"},{"geometry":{"coordinates":[-95.28971,29.87874],"type":"Point"},"properties":{"kind":"stop","name":"Hopper Rd @ Spottswood Dr","stop_id":"10980"},"type":"Feature"},{"geometry":{"coordinates":[-95.2929,29.87935],"type":"Point"},"properties":{"kind":"stop","name":"Hopper Rd @ Cheeves Dr","stop_id":"10981"},"type":"Feature"},{"geometry":{"coordinates":[-95.29298,29.88069],"type":"Point"},"properties":{"kind":"stop","name":"Cheeves Dr @ Heath St","stop_id":"10982"},"type":"Feature"},{"geometry":{"coordinates":[-95.293,29.88256],"type":"Point"},"properties":{"kind":"stop","name":"Cheeves Dr @ Harmon","stop_id":"10983"},"type":"Feature"},{"geometry":{"coordinates":[-95.29951,29.88523],"type":"Point"},"properties":{"kind":"stop","name":"Hartwick Rd @ Homestead Rd","stop_id":"10984"},"type":"Feature"},{"geometry":{"coordinates":[-95.29361,29.8843],"type":"Point"},"properties":{"kind":"stop","name":"Ribstone Dr @ Hartwick Rd","stop_id":"10985"},"type":"Feature"},{"geometry":{"coordinates":[-95.30077,29.8819],"type":"Point"},"properties":{"kind":"stop","name":"Homestead Rd @ Van Zandt St","stop_id":"10986"},"type":"Feature"},{"geometry":{"coordinates":[-95.30076,29.8798],"type":"Point"},"properties":{"kind":"stop","name":"Homestead Rd @ Hopper Rd","stop_id":"10987"},"type":"Feature"},{"geometry":{"coordinates":[-95.30075,29.87603],"type":"Point"},"properties":{"kind":"stop","name":"Homestead Rd @ Leedale","stop_id":"10988"},"type":"Feature"},{"geometry":{"coordinates":[-95.30076,29.87782],"type":"Point"},"properties":{"kind":"stop","name":"Homestead Rd @ Mohawk St","stop_id":"10989"},"type":"Feature"},{"geometry":{"coordinates":[-95.30222,29.72056],"type":"Point"},"properties":{"kind":"stop","name":"Lawndale St @ Forest Hill Blvd","stop_id":"1099"},"type":"Feature"},{"geometry":{"coordinates":[-95.36187,29.76419],"type":"Point"},"properties":{"kind":"stop","name":"Milam St @ Franklin St","stop_id":"10991"},"type":"Feature"},{"geometry":{"coordinates":[-95.39988,29.67362],"type":"Point"},"properties":{"kind":"stop","name":"Knight Rd @ W Bellfort Ave","stop_id":"10997"},"type":"Feature"},{"geometry":{"coordinates":[-95.39957,29.6734],"type":"Point"},"properties":{"kind":"stop","name":"W Bellfort Ave @ Knight  Rd","stop_id":"10998"},"type":"Feature"},{"geometry":{"coordinates":[-95.468,29.79118],"type":"Point"},"properties":{"kind":"stop","name":"Silber Rd @ Hartland St","stop_id":"110"},"type":"Feature"},{"geometry":{"coordinates":[-95.37909,30.01832],"type":"Point"},"properties":{"kind":"stop","name":"Aldine Westfield Rd @ Woodcreek Ln","stop_id":"11003"},"type":"Feature"},{"geometry":{"coordinates":[-95.37975,30.01893],"type":"Point"},"properties":{"kind":"stop","name":"Aldine Westfield Rd @ FM 1960 Rd","stop_id":"11004"},"type":"Feature"},{"geometry":{"coordinates":[-95.39716,29.68523],"type":"Point"},"properties":{"kind":"stop","name":"Holly Hall St @ Knight Rd","stop_id":"11006"},"type":"Feature"},{"geometry":{"coordinates":[-95.30616,29.72297],"type":"Point"},"properties":{"kind":"stop","name":"Lawndale St @ Mac Gregor Way","stop_id":"1101"},"type":"Feature"},{"geometry":{"coordinates":[-95.37742,30.01492],"type":"Point"},"properties":{"kind":"stop","name":"Aldine Westfield Rd @ Woodcreek Ln","stop_id":"11010"},"type":"Feature"},{"geometry":{"coordinates":[-95.37696,30.01469],"type":"Point"},"properties":{"kind":"stop","name":"Aldine Westfield Rd @ Woodcreek Ln","stop_id":"11011"},"type":"Feature"},{"geometry":{"coordinates":[-95.37812,29.75287],"type":"Point"},"properties":{"kind":"stop","name":"Gray St @ Helena St","stop_id":"11012"},"type":"Feature"},{"geometry":{"coordinates":[-95.45011,29.79436],"type":"Point"},"properties":{"kind":"stop","name":"Hempstead Rd @ W Loop N","stop_id":"11013"},"type":"Feature"},{"geometry":{"coordinates":[-95.2943,29.75385],"type":"Point"},"properties":{"kind":"stop","name":"Harbor St @ Zoltowski St","stop_id":"11014"},"type":"Feature"},{"geometry":{"coordinates":[-95.31556,29.77581],"type":"Point"},"properties":{"kind":"stop","name":"Farmer St Wb @ 5Th Wd Dnvr Hrb Tc","stop_id":"11016"},"type":"Feature"},{"geometry":{"coordinates":[-95.3776,29.66928],"type":"Point"},"properties":{"kind":"stop","name":"Bellfort Ave @ Canyon St","stop_id":"11019"},"type":"Feature"},{"geometry":{"coordinates":[-95.39666,29.9412],"type":"Point"},"properties":{"kind":"stop","name":"Imperial Valley Dr @ Imperial Plaza","stop_id":"11021"},"type":"Feature"},{"geometry":{"coordinates":[-95.40361,29.70432],"type":"Point"},"properties":{"kind":"stop","name":"Texas Medical Center Transit Center","stop_id":"11025"},"type":"Feature"},{"geometry":{"coordinates":[-95.40214,29.67382],"type":"Point"},"properties":{"kind":"stop","name":"Fannin South PR","stop_id":"11029"},"type":"Feature"},{"geometry":{"coordinates":[-95.3108,29.72471],"type":"Point"},"properties":{"kind":"stop","name":"Lawndale St @ Wayside Dr","stop_id":"1103"},"type":"Feature"},{"geometry":{"coordinates":[-95.38319,29.73319],"type":"Point"},"properties":{"kind":"stop","name":"Wheeler Station (Bus)","stop_id":"11030"},"type":"Feature"},{"geometry":{"coordinates":[-95.37114,29.75023],"type":"Point"},"properties":{"kind":"stop","name":"Downtown Transit Center","stop_id":"11031"},"type":"Feature"},{"geometry":{"coordinates":[-95.40804,29.64234],"type":"Point"},"properties":{"kind":"stop","name":"Almeda Rd @ Airport Blvd","stop_id":"11035"},"type":"Feature"},{"geometry":{"coordinates":[-95.40812,29.64279],"type":"Point"},"properties":{"kind":"stop","name":"Almeda Rd @ Airport Blvd","stop_id":"11036"},"type":"Feature"},{"geometry":{"coordinates":[-95.32451,29.75061],"type":"Point"},"properties":{"kind":"stop","name":"Lockwood Dr @ Navigation Blvd","stop_id":"1104"},"type":"Feature"},{"geometry":{"coordinates":[-95.52629,29.71786],"type":"Point"},"properties":{"kind":"stop","name":"Harwin Dr @ Osage St","stop_id":"11040"},"type":"Feature"},{"geometry":{"coordinates":[-95.40314,29.7089],"type":"Point"},"properties":{"kind":"stop","name":"Main St @ Southgate Blvd","stop_id":"11041"},"type":"Feature"},{"geometry":{"coordinates":[-95.56291,29.71721],"type":"Point"},"properties":{"kind":"stop","name":"Westchase Park & Ride","stop_id":"11042"},"type":"Feature"},{"geometry":{"coordinates":[-95.37362,29.75109],"type":"Point"},"properties":{"kind":"stop","name":"Pierce St @ Louisiana St","stop_id":"11043"},"type":"Feature"},{"geometry":{"coordinates":[-95.38428,29.7347],"type":"Point"},"properties":{"kind":"stop","name":"Richmond Ave @ Bute","stop_id":"11047"},"type":"Feature"},{"geometry":{"coordinates":[-95.365,29.74583],"type":"Point"},"properties":{"kind":"stop","name":"Pierce St @ Jackson St","stop_id":"11048"},"type":"Feature"},{"geometry":{"coordinates":[-95.38369,29.73309],"type":"Point"},"properties":{"kind":"stop","name":"Main St @ Wheeler Station","stop_id":"11049"},"type":"Feature"},{"geometry":{"coordinates":[-95.32563,29.74913],"type":"Point"},"properties":{"kind":"stop","name":"Lockwood Dr @ Schroeder St","stop_id":"1105"},"type":"Feature"},{"geometry":{"coordinates":[-95.48411,29.79465],"type":"Point"},"properties":{"kind":"stop","name":"Westview Dr @ Wirt Rd","stop_id":"11051"},"type":"Feature"},{"geometry":{"coordinates":[-95.45611,29.79838],"type":"Point"},"properties":{"kind":"stop","name":"Hempstead Rd @ N Post Oak Rd","stop_id":"11052"},"type":"Feature"},{"geometry":{"coordinates":[-95.45651,29.79902],"type":"Point"},"properties":{"kind":"stop","name":"Hempstead Rd @ Post Oak Rd","stop_id":"11053"},"type":"Feature"},{"geometry":{"coordinates":[-95.32666,29.74807],"type":"Point"},"properties":{"kind":"stop","name":"Lockwood Dr @ Canal St","stop_id":"1106"},"type":"Feature"},{"geometry":{"coordinates":[-95.46305,29.66417],"type":"Point"},"properties":{"kind":"stop","name":"Willowbend Blvd @ Willowisp Dr","stop_id":"11064"},"type":"Feature"},{"geometry":{"coordinates":[-95.32767,29.74611],"type":"Point"},"properties":{"kind":"stop","name":"S Lockwood Dr @ Sherman St","stop_id":"1107"},"type":"Feature"},{"geometry":{"coordinates":[-95.32861,29.74381],"type":"Point"},"properties":{"kind":"stop","name":"Lockwood Dr @ Harrisburg Blvd","stop_id":"1108"},"type":"Feature"},{"geometry":{"coordinates":[-95.33008,29.74174],"type":"Point"},"properties":{"kind":"stop","name":"S Lockwood Dr @ Rusk St","stop_id":"1109"},"type":"Feature"},{"geometry":{"coordinates":[-95.46805,29.79273],"type":"Point"},"properties":{"kind":"stop","name":"Silber Rd @ Rolla St","stop_id":"111"},"type":"Feature"},{"geometry":{"coordinates":[-95.33074,29.74035],"type":"Point"},"properties":{"kind":"stop","name":"S Lockwood Dr @ McKinney St","stop_id":"1110"},"type":"Feature"},{"geometry":{"coordinates":[-95.39935,29.94993],"type":"Point"},"properties":{"kind":"stop","name":"Imperial Valley Dr @ Greens Rd","stop_id":"11105"},"type":"Feature"},{"geometry":{"coordinates":[-95.39737,29.94743],"type":"Point"},"properties":{"kind":"stop","name":"Imperial Valley Dr @ Seminar Dr","stop_id":"11106"},"type":"Feature"},{"geometry":{"coordinates":[-95.39597,29.94373],"type":"Point"},"properties":{"kind":"stop","name":"Imperial Valley Dr @ Benmar Dr","stop_id":"11108"},"type":"Feature"},{"geometry":{"coordinates":[-95.39955,29.94423],"type":"Point"},"properties":{"kind":"stop","name":"Benmar Dr @ City View Pl","stop_id":"11109"},"type":"Feature"},{"geometry":{"coordinates":[-95.33172,29.73798],"type":"Point"},"properties":{"kind":"stop","name":"S Lockwood Dr @ Polk St","stop_id":"1111"},"type":"Feature"},{"geometry":{"coordinates":[-95.40372,29.94374],"type":"Point"},"properties":{"kind":"stop","name":"Benmar Dr @ Northchase Dr","stop_id":"11111"},"type":"Feature"},{"geometry":{"coordinates":[-95.33325,29.73668],"type":"Point"},"properties":{"kind":"stop","name":"Ernestine St @ Bell St","stop_id":"1112"},"type":"Feature"},{"geometry":{"coordinates":[-95.33429,29.735],"type":"Point"},"properties":{"kind":"stop","name":"Ernestine St @ Pease St","stop_id":"1113"},"type":"Feature"},{"geometry":{"coordinates":[-95.3349,29.73351],"type":"Point"},"properties":{"kind":"stop","name":"Ernestine St @ Coyle St","stop_id":"1114"},"type":"Feature"},{"geometry":{"coordinates":[-95.33564,29.73167],"type":"Point"},"properties":{"kind":"stop","name":"Ernestine St @ Harby St","stop_id":"1115"},"type":"Feature"},{"geometry":{"coordinates":[-95.46819,29.79288],"type":"Point"},"properties":{"kind":"stop","name":"Silber Rd @ Rolla St","stop_id":"112"},"type":"Feature"},{"geometry":{"coordinates":[-95.36126,29.76359],"type":"Point"},"properties":{"kind":"stop","name":"Franklin St @ Travis St","stop_id":"11202"},"type":"Feature"},{"geometry":{"coordinates":[-95.40756,29.70517],"type":"Point"},"properties":{"kind":"stop","name":"Pressler St @ Holcombe Blvd","stop_id":"11205"},"type":"Feature"},{"geometry":{"coordinates":[-95.39995,29.67331],"type":"Point"},"properties":{"kind":"stop","name":"W Bellfort Ave @ Knight Rd","stop_id":"11210"},"type":"Feature"},{"geometry":{"coordinates":[-95.38241,29.7337],"type":"Point"},"properties":{"kind":"stop","name":"Wheeler Ave @ Fannin St","stop_id":"11211"},"type":"Feature"},{"geometry":{"coordinates":[-95.28391,29.76736],"type":"Point"},"properties":{"kind":"stop","name":"McCarty St @ Market St Mb","stop_id":"11212"},"type":"Feature"},{"geometry":{"coordinates":[-95.40638,29.70417],"type":"Point"},"properties":{"kind":"stop","name":"Pressler St @ Main St","stop_id":"11216"},"type":"Feature"},{"geometry":{"coordinates":[-95.39341,29.71247],"type":"Point"},"properties":{"kind":"stop","name":"Cambridge St @ Ben Taub Loop","stop_id":"11217"},"type":"Feature"},{"geometry":{"coordinates":[-95.39339,29.71192],"type":"Point"},"properties":{"kind":"stop","name":"Cambridge St @ Ben Taub Loop","stop_id":"11218"},"type":"Feature"},{"geometry":{"coordinates":[-95.50064,29.7656],"type":"Point"},"properties":{"kind":"stop","name":"Memorial Dr @ Voss Rd","stop_id":"11220"},"type":"Feature"},{"geometry":{"coordinates":[-95.35736,29.76432],"type":"Point"},"properties":{"kind":"stop","name":"San Jacinto St @ Baker","stop_id":"11226"},"type":"Feature"},{"geometry":{"coordinates":[-95.60557,29.67873],"type":"Point"},"properties":{"kind":"stop","name":"Bissonnet St @ Mellow Brook Dr","stop_id":"11239"},"type":"Feature"},{"geometry":{"coordinates":[-95.60851,29.67957],"type":"Point"},"properties":{"kind":"stop","name":"Bissonnet St @ Old Richmond Rd","stop_id":"11240"},"type":"Feature"},{"geometry":{"coordinates":[-95.38745,29.72834],"type":"Point"},"properties":{"kind":"stop","name":"Main St @ Southmore Blvd","stop_id":"11243"},"type":"Feature"},{"geometry":{"coordinates":[-95.44016,29.68008],"type":"Point"},"properties":{"kind":"stop","name":"Stella Link Rd @ S Loop W","stop_id":"11244"},"type":"Feature"},{"geometry":{"coordinates":[-95.38942,29.72618],"type":"Point"},"properties":{"kind":"stop","name":"Main St @ Bissonnet St","stop_id":"11245"},"type":"Feature"},{"geometry":{"coordinates":[-95.38738,29.72876],"type":"Point"},"properties":{"kind":"stop","name":"Main St @ Southmore Blvd","stop_id":"11246"},"type":"Feature"},{"geometry":{"coordinates":[-95.37301,29.76727],"type":"Point"},"properties":{"kind":"stop","name":"Washington Ave @ Houston Ave","stop_id":"11248"},"type":"Feature"},{"geometry":{"coordinates":[-95.37971,29.76354],"type":"Point"},"properties":{"kind":"stop","name":"Memorial Dr @ Sawyer St","stop_id":"11249"},"type":"Feature"},{"geometry":{"coordinates":[-95.38147,29.73313],"type":"Point"},"properties":{"kind":"stop","name":"Wheeler Ave @ San Jacinto St","stop_id":"11250"},"type":"Feature"},{"geometry":{"coordinates":[-95.3811,29.73308],"type":"Point"},"properties":{"kind":"stop","name":"Wheeler Ave @ San Jacinto St","stop_id":"11251"},"type":"Feature"},{"geometry":{"coordinates":[-95.39955,29.7046],"type":"Point"},"properties":{"kind":"stop","name":"Bertner Ave @ Pressler St","stop_id":"11254"},"type":"Feature"},{"geometry":{"coordinates":[-95.40146,29.70409],"type":"Point"},"properties":{"kind":"stop","name":"Pressler St @ Rjv Johnson MB","stop_id":"11255"},"type":"Feature"},{"geometry":{"coordinates":[-95.36563,29.764],"type":"Point"},"properties":{"kind":"stop","name":"Preston St @ Smith St MB","stop_id":"11256"},"type":"Feature"},{"geometry":{"coordinates":[-95.68496,29.96432],"type":"Point"},"properties":{"kind":"stop","name":"Cypress Park & Ride","stop_id":"11257"},"type":"Feature"},{"geometry":{"coordinates":[-95.42708,30.02156],"type":"Point"},"properties":{"kind":"stop","name":"FM 1960 Rd @ North Fwy","stop_id":"11258"},"type":"Feature"},{"geometry":{"coordinates":[-95.42715,30.02214],"type":"Point"},"properties":{"kind":"stop","name":"FM 1960 Rd @ North Fwy","stop_id":"11259"},"type":"Feature"},{"geometry":{"coordinates":[-95.34088,29.82873],"type":"Point"},"properties":{"kind":"stop","name":"Crosstimbers St @ Schuller Rd","stop_id":"11260"},"type":"Feature"},{"geometry":{"coordinates":[-95.34059,29.82897],"type":"Point"},"properties":{"kind":"stop","name":"Crosstimbers St @ Schuller Rd","stop_id":"11261"},"type":"Feature"},{"geometry":{"coordinates":[-95.54493,29.83816],"type":"Point"},"properties":{"kind":"stop","name":"Gessner Rd @ Clay Rd","stop_id":"11263"},"type":"Feature"},{"geometry":{"coordinates":[-95.5452,29.83854],"type":"Point"},"properties":{"kind":"stop","name":"Gessner Rd @ Genard Rd Mb2","stop_id":"11264"},"type":"Feature"},{"geometry":{"coordinates":[-95.46442,29.94342],"type":"Point"},"properties":{"kind":"stop","name":"Veterans Memorial Dr @ Broad Haven","stop_id":"11267"},"type":"Feature"},{"geometry":{"coordinates":[-95.46442,29.94306],"type":"Point"},"properties":{"kind":"stop","name":"Veterans Memorial Dr @ Broad Haven","stop_id":"11268"},"type":"Feature"},{"geometry":{"coordinates":[-95.5829,29.78528],"type":"Point"},"properties":{"kind":"stop","name":"Katy Freeway @ Oak Stream Dr","stop_id":"11269"},"type":"Feature"},{"geometry":{"coordinates":[-95.35832,29.74626],"type":"Point"},"properties":{"kind":"stop","name":"Leeland St @ Hutchins St","stop_id":"1127"},"type":"Feature"},{"geometry":{"coordinates":[-95.55996,29.78518],"type":"Point"},"properties":{"kind":"stop","name":"Katy Freeway @ Lumpkin Rd","stop_id":"11270"},"type":"Feature"},{"geometry":{"coordinates":[-95.47373,29.88164],"type":"Point"},"properties":{"kind":"stop","name":"Antoine Dr @ Arncliffe Dr","stop_id":"11273"},"type":"Feature"},{"geometry":{"coordinates":[-95.3904,29.69957],"type":"Point"},"properties":{"kind":"stop","name":"VA Hospital","stop_id":"11274"},"type":"Feature"},{"geometry":{"coordinates":[-95.31132,29.90114],"type":"Point"},"properties":{"kind":"stop","name":"East Hampton Dr @ Eastex Freeway","stop_id":"11275"},"type":"Feature"},{"geometry":{"coordinates":[-95.30938,29.90116],"type":"Point"},"properties":{"kind":"stop","name":"East Hampton Dr @ Aldine Mail Route","stop_id":"11276"},"type":"Feature"},{"geometry":{"coordinates":[-95.30937,29.90193],"type":"Point"},"properties":{"kind":"stop","name":"Aldine Mail Route Rd @ Eastex Freew","stop_id":"11277"},"type":"Feature"},{"geometry":{"coordinates":[-95.33224,29.90257],"type":"Point"},"properties":{"kind":"stop","name":"Aldine Mail Route Rd @ John F Kenne","stop_id":"11278"},"type":"Feature"},{"geometry":{"coordinates":[-95.33621,29.90255],"type":"Point"},"properties":{"kind":"stop","name":"Aldine Mail Route Rd @ Fern Meadow","stop_id":"11279"},"type":"Feature"},{"geometry":{"coordinates":[-95.33957,29.90253],"type":"Point"},"properties":{"kind":"stop","name":"Aldine Mail Route Rd @ Fall Meadow","stop_id":"11280"},"type":"Feature"},{"geometry":{"coordinates":[-95.34396,29.90247],"type":"Point"},"properties":{"kind":"stop","name":"Aldine Mail Route Rd @ Deergrove St","stop_id":"11281"},"type":"Feature"},{"geometry":{"coordinates":[-95.34811,29.90246],"type":"Point"},"properties":{"kind":"stop","name":"Aldine Mail Route Rd @ Russ Dr","stop_id":"11282"},"type":"Feature"},{"geometry":{"coordinates":[-95.35141,29.90243],"type":"Point"},"properties":{"kind":"stop","name":"Aldine Mail Route Rd @ Russ Dr","stop_id":"11283"},"type":"Feature"},{"geometry":{"coordinates":[-95.3549,29.90241],"type":"Point"},"properties":{"kind":"stop","name":"Aldine Mail Route Rd @ Aldine Westf","stop_id":"11284"},"type":"Feature"},{"geometry":{"coordinates":[-95.38923,29.90219],"type":"Point"},"properties":{"kind":"stop","name":"Aldine Mail Route Rd @ Burtcliff St","stop_id":"11285"},"type":"Feature"},{"geometry":{"coordinates":[-95.40852,29.91527],"type":"Point"},"properties":{"kind":"stop","name":"West Rd @ Sweetwater Ln","stop_id":"11286"},"type":"Feature"},{"geometry":{"coordinates":[-95.41145,29.91524],"type":"Point"},"properties":{"kind":"stop","name":"West Rd @ North Freeway","stop_id":"11287"},"type":"Feature"},{"geometry":{"coordinates":[-95.38936,29.90204],"type":"Point"},"properties":{"kind":"stop","name":"Aldine Mail Route Rd @ Burtcliff St","stop_id":"11290"},"type":"Feature"},{"geometry":{"coordinates":[-95.38688,29.90204],"type":"Point"},"properties":{"kind":"stop","name":"Aldine Mail Route Rd @ Sellers Rd","stop_id":"11291"},"type":"Feature"},{"geometry":{"coordinates":[-95.35194,29.90225],"type":"Point"},"properties":{"kind":"stop","name":"Aldine Mail Route Rd @ Aldine Westf","stop_id":"11292"},"type":"Feature"},{"geometry":{"coordinates":[-95.34835,29.90228],"type":"Point"},"properties":{"kind":"stop","name":"Aldine Mail Route Rd @ Russ Dr","stop_id":"11293"},"type":"Feature"},{"geometry":{"coordinates":[-95.33981,29.90232],"type":"Point"},"properties":{"kind":"stop","name":"Aldine Mail Route Rd @ Fall Meadow","stop_id":"11294"},"type":"Feature"},{"geometry":{"coordinates":[-95.33648,29.90235],"type":"Point"},"properties":{"kind":"stop","name":"Aldine Mail Route Rd @ Fern Meadow","stop_id":"11295"},"type":"Feature"},{"geometry":{"coordinates":[-95.33269,29.90238],"type":"Point"},"properties":{"kind":"stop","name":"Aldine Mail Route Rd @ John F Kenne","stop_id":"11296"},"type":"Feature"},{"geometry":{"coordinates":[-95.39005,29.69903],"type":"Point"},"properties":{"kind":"stop","name":"VA Hospital","stop_id":"11297"},"type":"Feature"},{"geometry":{"coordinates":[-95.2075,29.58507],"type":"Point"},"properties":{"kind":"stop","name":"Highland Meadow Dr @ Astoria Blvd","stop_id":"11298"},"type":"Feature"},{"geometry":{"coordinates":[-95.20845,29.58586],"type":"Point"},"properties":{"kind":"stop","name":"Highland Meadow Dr @ Resource Pkwy","stop_id":"11299"},"type":"Feature"},{"geometry":{"coordinates":[-95.46819,29.79106],"type":"Point"},"properties":{"kind":"stop","name":"Silber Rd @ Rolla St Mb","stop_id":"113"},"type":"Feature"},{"geometry":{"coordinates":[-95.3278,29.90251],"type":"Point"},"properties":{"kind":"stop","name":"Aldine Mail Route @ Gloger St Mb2","stop_id":"11301"},"type":"Feature"},{"geometry":{"coordinates":[-95.20855,29.58395],"type":"Point"},"properties":{"kind":"stop","name":"Memorial Hermann Southeast","stop_id":"11303"},"type":"Feature"},{"geometry":{"coordinates":[-95.37914,29.72199],"type":"Point"},"properties":{"kind":"stop","name":"Almeda Rd @ Prospect St","stop_id":"11306"},"type":"Feature"},{"geometry":{"coordinates":[-95.399,29.70594],"type":"Point"},"properties":{"kind":"stop","name":"Bertner Ave @ Holcombe Blvd","stop_id":"11307"},"type":"Feature"},{"geometry":{"coordinates":[-95.28434,29.80495],"type":"Point"},"properties":{"kind":"stop","name":"N Loop E @ N Wayside Dr","stop_id":"11309"},"type":"Feature"},{"geometry":{"coordinates":[-95.30168,29.80795],"type":"Point"},"properties":{"kind":"stop","name":"N Loop E @ Homestead Rd","stop_id":"11310"},"type":"Feature"},{"geometry":{"coordinates":[-95.30239,29.74658],"type":"Point"},"properties":{"kind":"stop","name":"Wayside Dr @ Avenue O","stop_id":"11311"},"type":"Feature"},{"geometry":{"coordinates":[-95.63122,29.78217],"type":"Point"},"properties":{"kind":"stop","name":"Grisby Rd @ Westlake Blvd","stop_id":"11317"},"type":"Feature"},{"geometry":{"coordinates":[-95.38127,29.76533],"type":"Point"},"properties":{"kind":"stop","name":"Sawyer St @ Lubbock St","stop_id":"11327"},"type":"Feature"},{"geometry":{"coordinates":[-95.50834,29.6871],"type":"Point"},"properties":{"kind":"stop","name":"Bissonnet St @ Fondren Rd","stop_id":"11328"},"type":"Feature"},{"geometry":{"coordinates":[-95.26398,29.84363],"type":"Point"},"properties":{"kind":"stop","name":"Talton   @ Surry","stop_id":"11329"},"type":"Feature"},{"geometry":{"coordinates":[-95.26414,29.84212],"type":"Point"},"properties":{"kind":"stop","name":"Surry   @ Woodlyn","stop_id":"11330"},"type":"Feature"},{"geometry":{"coordinates":[-95.26724,29.842],"type":"Point"},"properties":{"kind":"stop","name":"Woodlyn Rd @ Feland","stop_id":"11331"},"type":"Feature"},{"geometry":{"coordinates":[-95.26857,29.84201],"type":"Point"},"properties":{"kind":"stop","name":"Woodlyn Rd @ Burl","stop_id":"11332"},"type":"Feature"},{"geometry":{"coordinates":[-95.27327,29.84162],"type":"Point"},"properties":{"kind":"stop","name":"Woodlyn Rd @ Seeker","stop_id":"11333"},"type":"Feature"},{"geometry":{"coordinates":[-95.28027,29.84151],"type":"Point"},"properties":{"kind":"stop","name":"Woodlyn Rd @ Tremont St","stop_id":"11335"},"type":"Feature"},{"geometry":{"coordinates":[-95.29649,29.70105],"type":"Point"},"properties":{"kind":"stop","name":"Woodridge Dr @ Winkler Dr","stop_id":"11339"},"type":"Feature"},{"geometry":{"coordinates":[-95.43083,29.67406],"type":"Point"},"properties":{"kind":"stop","name":"S Main St @ W Bellfort Ave","stop_id":"11341"},"type":"Feature"},{"geometry":{"coordinates":[-95.43157,29.67222],"type":"Point"},"properties":{"kind":"stop","name":"S Main St @ W Bellfort Ave","stop_id":"11342"},"type":"Feature"},{"geometry":{"coordinates":[-95.41943,29.62849],"type":"Point"},"properties":{"kind":"stop","name":"W Orem Dr @ Grande Monde Dr","stop_id":"11343"},"type":"Feature"},{"geometry":{"coordinates":[-95.41977,29.62797],"type":"Point"},"properties":{"kind":"stop","name":"W Orem Dr @ Grande Monde Dr","stop_id":"11344"},"type":"Feature"},{"geometry":{"coordinates":[-95.38634,29.70001],"type":"Point"},"properties":{"kind":"stop","name":"Almeda Rd @ Payson St","stop_id":"11345"},"type":"Feature"},{"geometry":{"coordinates":[-95.3758,29.83712],"type":"Point"},"properties":{"kind":"stop","name":"Fulton St @ Berry Rd","stop_id":"11346"},"type":"Feature"},{"geometry":{"coordinates":[-95.37591,29.83501],"type":"Point"},"properties":{"kind":"stop","name":"Fulton St @ Lyerly St","stop_id":"11347"},"type":"Feature"},{"geometry":{"coordinates":[-95.56709,29.65446],"type":"Point"},"properties":{"kind":"stop","name":"W Bellfort Ave @ Southwest Fwy","stop_id":"11348"},"type":"Feature"},{"geometry":{"coordinates":[-95.56725,29.65427],"type":"Point"},"properties":{"kind":"stop","name":"W Bellfort Ave @ Southwest Fwy","stop_id":"11349"},"type":"Feature"},{"geometry":{"coordinates":[-95.36559,29.82893],"type":"Point"},"properties":{"kind":"stop","name":"Crosstimbers St @ Helmers St","stop_id":"11350"},"type":"Feature"},{"geometry":{"coordinates":[-95.36585,29.82871],"type":"Point"},"properties":{"kind":"stop","name":"Crosstimbers St @ Helmers St","stop_id":"11351"},"type":"Feature"},{"geometry":{"coordinates":[-95.33416,29.81321],"type":"Point"},"properties":{"kind":"stop","name":"Kelley St @ Eastex Freeway","stop_id":"11352"},"type":"Feature"},{"geometry":{"coordinates":[-95.33936,29.74916],"type":"Point"},"properties":{"kind":"stop","name":"York St @ Garrow St","stop_id":"11353"},"type":"Feature"},{"geometry":{"coordinates":[-95.32807,29.79864],"type":"Point"},"properties":{"kind":"stop","name":"Broyles St @ Crane St","stop_id":"11354"},"type":"Feature"},{"geometry":{"coordinates":[-95.32831,29.79866],"type":"Point"},"properties":{"kind":"stop","name":"Broyles St @ Cavalcade St","stop_id":"11355"},"type":"Feature"},{"geometry":{"coordinates":[-95.32677,29.7794],"type":"Point"},"properties":{"kind":"stop","name":"Waco St @ Sumpter","stop_id":"11356"},"type":"Feature"},{"geometry":{"coordinates":[-95.23865,29.62745],"type":"Point"},"properties":{"kind":"stop","name":"Almeda Genoa Rd @ Minnesota","stop_id":"11361"},"type":"Feature"},{"geometry":{"coordinates":[-95.23832,29.6277],"type":"Point"},"properties":{"kind":"stop","name":"Almeda Genoa Rd @ Minnesota St","stop_id":"11362"},"type":"Feature"},{"geometry":{"coordinates":[-95.21964,29.59018],"type":"Point"},"properties":{"kind":"stop","name":"Beamer Rd @ Sagedowne Ln","stop_id":"11365"},"type":"Feature"},{"geometry":{"coordinates":[-95.37894,29.74268],"type":"Point"},"properties":{"kind":"stop","name":"Elgin St @ Milam St","stop_id":"11367"},"type":"Feature"},{"geometry":{"coordinates":[-95.23388,29.62775],"type":"Point"},"properties":{"kind":"stop","name":"Almeda Genoa Rd @ Rowlett Rd","stop_id":"11379"},"type":"Feature"},{"geometry":{"coordinates":[-95.22963,29.62571],"type":"Point"},"properties":{"kind":"stop","name":"Almeda Mall","stop_id":"11380"},"type":"Feature"},{"geometry":{"coordinates":[-95.22958,29.62167],"type":"Point"},"properties":{"kind":"stop","name":"Kleckley Dr @ Thermon","stop_id":"11381"},"type":"Feature"},{"geometry":{"coordinates":[-95.22943,29.62144],"type":"Point"},"properties":{"kind":"stop","name":"Kleckley Dr @ Thermon","stop_id":"11382"},"type":"Feature"},{"geometry":{"coordinates":[-95.30745,29.78713],"type":"Point"},"properties":{"kind":"stop","name":"Kress St @ Alderson St","stop_id":"11384"},"type":"Feature"},{"geometry":{"coordinates":[-95.30745,29.78577],"type":"Point"},"properties":{"kind":"stop","name":"Kress St @ Gainesville","stop_id":"11385"},"type":"Feature"},{"geometry":{"coordinates":[-95.30748,29.77673],"type":"Point"},"properties":{"kind":"stop","name":"Kress St @ Lyons Ave","stop_id":"11390"},"type":"Feature"},{"geometry":{"coordinates":[-95.50574,29.7637],"type":"Point"},"properties":{"kind":"stop","name":"Memorial Dr @ Bryn Mawr Cir","stop_id":"11396"},"type":"Feature"},{"geometry":{"coordinates":[-95.46624,29.78485],"type":"Point"},"properties":{"kind":"stop","name":"Katy Freeway @ Silber Rd","stop_id":"11397"},"type":"Feature"},{"geometry":{"coordinates":[-95.39128,29.73887],"type":"Point"},"properties":{"kind":"stop","name":"Montrose Blvd @ Alabama St","stop_id":"11399"},"type":"Feature"},{"geometry":{"coordinates":[-95.46816,29.78878],"type":"Point"},"properties":{"kind":"stop","name":"Silber Rd @ Hartland St","stop_id":"114"},"type":"Feature"},{"geometry":{"coordinates":[-95.30135,29.92367],"type":"Point"},"properties":{"kind":"stop","name":"Old Humble Rd @ Homestead Rd Mb","stop_id":"11400"},"type":"Feature"},{"geometry":{"coordinates":[-95.33076,29.89082],"type":"Point"},"properties":{"kind":"stop","name":"Mount Houston Rd @ Hartley Rd","stop_id":"11401"},"type":"Feature"},{"geometry":{"coordinates":[-95.42913,29.84843],"type":"Point"},"properties":{"kind":"stop","name":"Wheatley St @ Paul Quinn St","stop_id":"11403"},"type":"Feature"},{"geometry":{"coordinates":[-95.42882,29.84824],"type":"Point"},"properties":{"kind":"stop","name":"Wheatley St @ Paul Quinn St","stop_id":"11404"},"type":"Feature"},{"geometry":{"coordinates":[-95.39589,29.73454],"type":"Point"},"properties":{"kind":"stop","name":"Richmond Ave @ Yupon St","stop_id":"11407"},"type":"Feature"},{"geometry":{"coordinates":[-95.39521,29.73435],"type":"Point"},"properties":{"kind":"stop","name":"Richmond Ave @ Graustark St","stop_id":"11408"},"type":"Feature"},{"geometry":{"coordinates":[-95.38563,29.73096],"type":"Point"},"properties":{"kind":"stop","name":"Main St @ Arbor Pl","stop_id":"11409"},"type":"Feature"},{"geometry":{"coordinates":[-95.38523,29.75339],"type":"Point"},"properties":{"kind":"stop","name":"W Gray St @ Taft St","stop_id":"11410"},"type":"Feature"},{"geometry":{"coordinates":[-95.31619,29.73314],"type":"Point"},"properties":{"kind":"stop","name":"Polk St @ Hughes St","stop_id":"11413"},"type":"Feature"},{"geometry":{"coordinates":[-95.29199,29.73258],"type":"Point"},"properties":{"kind":"stop","name":"Harrisburg Blvd @ 75th St","stop_id":"11414"},"type":"Feature"},{"geometry":{"coordinates":[-95.28453,29.73461],"type":"Point"},"properties":{"kind":"stop","name":"78th St @ Canal St","stop_id":"11415"},"type":"Feature"},{"geometry":{"coordinates":[-95.3147,29.78851],"type":"Point"},"properties":{"kind":"stop","name":"Liberty Rd @ Lockwood Dr","stop_id":"11419"},"type":"Feature"},{"geometry":{"coordinates":[-95.30626,29.79207],"type":"Point"},"properties":{"kind":"stop","name":"Liberty Rd @ Majestic St","stop_id":"11420"},"type":"Feature"},{"geometry":{"coordinates":[-95.34713,29.78354],"type":"Point"},"properties":{"kind":"stop","name":"Quitman St @ West Rd Mb","stop_id":"11421"},"type":"Feature"},{"geometry":{"coordinates":[-95.56657,29.67436],"type":"Point"},"properties":{"kind":"stop","name":"Bissonnet St @ South Course Dr","stop_id":"11422"},"type":"Feature"},{"geometry":{"coordinates":[-95.56677,29.67409],"type":"Point"},"properties":{"kind":"stop","name":"Bissonnet St @ Boone Loop Rd","stop_id":"11423"},"type":"Feature"},{"geometry":{"coordinates":[-95.33951,29.71821],"type":"Point"},"properties":{"kind":"stop","name":"M L King Blvd @ Uh University Dr","stop_id":"11424"},"type":"Feature"},{"geometry":{"coordinates":[-95.33898,29.71868],"type":"Point"},"properties":{"kind":"stop","name":"M L King Blvd @ Uh University Dr","stop_id":"11425"},"type":"Feature"},{"geometry":{"coordinates":[-95.35918,29.9512],"type":"Point"},"properties":{"kind":"stop","name":"Greens Rd @ Aldine Westfield Rd","stop_id":"11426"},"type":"Feature"},{"geometry":{"coordinates":[-95.51563,29.93723],"type":"Point"},"properties":{"kind":"stop","name":"Tomball Pkwy @ N Sam Houston Pky W","stop_id":"11429"},"type":"Feature"},{"geometry":{"coordinates":[-95.51431,29.93625],"type":"Point"},"properties":{"kind":"stop","name":"Tomball Pkwy @ N Sam Houston Pky W","stop_id":"11430"},"type":"Feature"},{"geometry":{"coordinates":[-95.50916,29.93136],"type":"Point"},"properties":{"kind":"stop","name":"Sh 249 @ Hollister St","stop_id":"11431"},"type":"Feature"},{"geometry":{"coordinates":[-95.50853,29.93131],"type":"Point"},"properties":{"kind":"stop","name":"Sh 249 @ Hollister St","stop_id":"11432"},"type":"Feature"},{"geometry":{"coordinates":[-95.4337,29.90392],"type":"Point"},"properties":{"kind":"stop","name":"Veterans Memorial Dr @ Blue Bell Rd","stop_id":"11433"},"type":"Feature"},{"geometry":{"coordinates":[-95.41309,29.91731],"type":"Point"},"properties":{"kind":"stop","name":"North Freeway @ Greens Landing MB","stop_id":"11435"},"type":"Feature"},{"geometry":{"coordinates":[-95.25676,29.73241],"type":"Point"},"properties":{"kind":"stop","name":"Clinton Dr @ Coast Guard Dr","stop_id":"11436"},"type":"Feature"},{"geometry":{"coordinates":[-95.28735,29.75277],"type":"Point"},"properties":{"kind":"stop","name":"Clinton Dr @ Dorsett","stop_id":"11438"},"type":"Feature"},{"geometry":{"coordinates":[-95.28296,29.76122],"type":"Point"},"properties":{"kind":"stop","name":"Munn St @ Pearl Mb","stop_id":"11439"},"type":"Feature"},{"geometry":{"coordinates":[-95.26254,29.84966],"type":"Point"},"properties":{"kind":"stop","name":"Mesa Rd @ Tidwell Rd","stop_id":"11440"},"type":"Feature"},{"geometry":{"coordinates":[-95.26223,29.84631],"type":"Point"},"properties":{"kind":"stop","name":"Mesa Rd @ Lake Forest Blvd","stop_id":"11441"},"type":"Feature"},{"geometry":{"coordinates":[-95.41663,29.7559],"type":"Point"},"properties":{"kind":"stop","name":"Kirby Dr @ Lazy Ln","stop_id":"11443"},"type":"Feature"},{"geometry":{"coordinates":[-95.41666,29.75547],"type":"Point"},"properties":{"kind":"stop","name":"Kirby Dr @ Pine Valley Dr","stop_id":"11444"},"type":"Feature"},{"geometry":{"coordinates":[-95.36183,29.84027],"type":"Point"},"properties":{"kind":"stop","name":"Irvington Blvd @ Knight St","stop_id":"11447"},"type":"Feature"},{"geometry":{"coordinates":[-95.36515,29.84613],"type":"Point"},"properties":{"kind":"stop","name":"Tidwell Rd @ Havens St Mb","stop_id":"11448"},"type":"Feature"},{"geometry":{"coordinates":[-95.3649,29.84631],"type":"Point"},"properties":{"kind":"stop","name":"Tidwell Rd @ Irvington Blvd","stop_id":"11449"},"type":"Feature"},{"geometry":{"coordinates":[-95.39158,29.85977],"type":"Point"},"properties":{"kind":"stop","name":"E Parker Rd @ Nordling Rd","stop_id":"11450"},"type":"Feature"},{"geometry":{"coordinates":[-95.41228,29.87054],"type":"Point"},"properties":{"kind":"stop","name":"Victory Dr @ Shepherd Dr","stop_id":"11451"},"type":"Feature"},{"geometry":{"coordinates":[-95.41412,29.86876],"type":"Point"},"properties":{"kind":"stop","name":"W Little York Rd @ Banjo St","stop_id":"11452"},"type":"Feature"},{"geometry":{"coordinates":[-95.45353,29.86351],"type":"Point"},"properties":{"kind":"stop","name":"Little York Rd @ Nuben St","stop_id":"11453"},"type":"Feature"},{"geometry":{"coordinates":[-95.45405,29.86338],"type":"Point"},"properties":{"kind":"stop","name":"Little York Rd @ Inwood Park Dr","stop_id":"11454"},"type":"Feature"},{"geometry":{"coordinates":[-95.47158,29.86732],"type":"Point"},"properties":{"kind":"stop","name":"Victory Dr @ Antoine Dr","stop_id":"11455"},"type":"Feature"},{"geometry":{"coordinates":[-95.47128,29.84879],"type":"Point"},"properties":{"kind":"stop","name":"Tidwell Rd @ Antoine Dr","stop_id":"11456"},"type":"Feature"},{"geometry":{"coordinates":[-95.44602,29.84686],"type":"Point"},"properties":{"kind":"stop","name":"W Tidwell Rd @ Rosslyn Rd Mb","stop_id":"11457"},"type":"Feature"},{"geometry":{"coordinates":[-95.44599,29.84661],"type":"Point"},"properties":{"kind":"stop","name":"Tidwell Rd @ Goldspier St","stop_id":"11458"},"type":"Feature"},{"geometry":{"coordinates":[-95.44816,29.83276],"type":"Point"},"properties":{"kind":"stop","name":"W 43rd St @ Donna Bell Ln","stop_id":"11459"},"type":"Feature"},{"geometry":{"coordinates":[-95.4139,29.69485],"type":"Point"},"properties":{"kind":"stop","name":"S Main St @ Kirby Dr","stop_id":"11463"},"type":"Feature"},{"geometry":{"coordinates":[-95.45456,30.01193],"type":"Point"},"properties":{"kind":"stop","name":"FM 1960 Rd @ Beaver Springs Dr","stop_id":"11469"},"type":"Feature"},{"geometry":{"coordinates":[-95.33675,29.71781],"type":"Point"},"properties":{"kind":"stop","name":"University Dr @ M L King Blvd","stop_id":"11472"},"type":"Feature"},{"geometry":{"coordinates":[-95.33999,29.71637],"type":"Point"},"properties":{"kind":"stop","name":"M L King Blvd @ Wheeler St","stop_id":"11474"},"type":"Feature"},{"geometry":{"coordinates":[-95.34193,29.7129],"type":"Point"},"properties":{"kind":"stop","name":"Mac Gregor Way @ Calhoun Rd","stop_id":"11475"},"type":"Feature"},{"geometry":{"coordinates":[-95.34501,29.71321],"type":"Point"},"properties":{"kind":"stop","name":"Mac Gregor Way @ Faculty Ln","stop_id":"11476"},"type":"Feature"},{"geometry":{"coordinates":[-95.34999,29.71106],"type":"Point"},"properties":{"kind":"stop","name":"Mac Gregor Way @ Cullen Blvd","stop_id":"11477"},"type":"Feature"},{"geometry":{"coordinates":[-95.349,29.7155],"type":"Point"},"properties":{"kind":"stop","name":"Cullen Blvd @ Mac Gregor Way","stop_id":"11478"},"type":"Feature"},{"geometry":{"coordinates":[-95.34927,29.71575],"type":"Point"},"properties":{"kind":"stop","name":"Cullen Blvd @ Wheeler St Mb","stop_id":"11479"},"type":"Feature"},{"geometry":{"coordinates":[-95.34809,29.73403],"type":"Point"},"properties":{"kind":"stop","name":"Scott St @ Hadley St","stop_id":"11481"},"type":"Feature"},{"geometry":{"coordinates":[-95.36416,29.71997],"type":"Point"},"properties":{"kind":"stop","name":"Blodgett St @ Sauer St","stop_id":"11483"},"type":"Feature"},{"geometry":{"coordinates":[-95.36375,29.71999],"type":"Point"},"properties":{"kind":"stop","name":"Blodgett St @ Sauer St","stop_id":"11484"},"type":"Feature"},{"geometry":{"coordinates":[-95.35906,29.71837],"type":"Point"},"properties":{"kind":"stop","name":"Blodgett St @ Tierwester St","stop_id":"11487"},"type":"Feature"},{"geometry":{"coordinates":[-95.35607,29.71766],"type":"Point"},"properties":{"kind":"stop","name":"Blodgett St @ Canfield St","stop_id":"11488"},"type":"Feature"},{"geometry":{"coordinates":[-95.35645,29.71758],"type":"Point"},"properties":{"kind":"stop","name":"Blodgett St @ Canfield St","stop_id":"11489"},"type":"Feature"},{"geometry":{"coordinates":[-95.36736,29.72179],"type":"Point"},"properties":{"kind":"stop","name":"Ennis St @ Blodgett St","stop_id":"11491"},"type":"Feature"},{"geometry":{"coordinates":[-95.35854,29.71841],"type":"Point"},"properties":{"kind":"stop","name":"Blodgett St @ Tierwester St","stop_id":"11492"},"type":"Feature"},{"geometry":{"coordinates":[-95.60482,29.71414],"type":"Point"},"properties":{"kind":"stop","name":"Dairy Ashford Rd @ Alief Clodine Rd","stop_id":"11496"},"type":"Feature"},{"geometry":{"coordinates":[-95.46813,29.78643],"type":"Point"},"properties":{"kind":"stop","name":"Silber Rd @ Shavelson St","stop_id":"115"},"type":"Feature"},{"geometry":{"coordinates":[-95.3486,29.71838],"type":"Point"},"properties":{"kind":"stop","name":"Wheeler St @ Cullen Blvd","stop_id":"11502"},"type":"Feature"},{"geometry":{"coordinates":[-95.35099,29.72388],"type":"Point"},"properties":{"kind":"stop","name":"Scott St @ Alabama St","stop_id":"11503"},"type":"Feature"},{"geometry":{"coordinates":[-95.37215,29.78128],"type":"Point"},"properties":{"kind":"stop","name":"Houston Ave @ Wrightwood","stop_id":"11504"},"type":"Feature"},{"geometry":{"coordinates":[-95.38207,29.80704],"type":"Point"},"properties":{"kind":"stop","name":"Airline Dr @ Nadine St","stop_id":"11506"},"type":"Feature"},{"geometry":{"coordinates":[-95.38852,29.727],"type":"Point"},"properties":{"kind":"stop","name":"Main St @ Prospect St","stop_id":"11509"},"type":"Feature"},{"geometry":{"coordinates":[-95.44619,29.768],"type":"Point"},"properties":{"kind":"stop","name":"Memorial Dr @ Picnic Ln","stop_id":"11512"},"type":"Feature"},{"geometry":{"coordinates":[-95.44198,29.74166],"type":"Point"},"properties":{"kind":"stop","name":"Westheimer Rd @ Weslayan St","stop_id":"11514"},"type":"Feature"},{"geometry":{"coordinates":[-95.40409,29.65286],"type":"Point"},"properties":{"kind":"stop","name":"Almeda Rd @ Reed Rd","stop_id":"11515"},"type":"Feature"},{"geometry":{"coordinates":[-95.40966,29.6389],"type":"Point"},"properties":{"kind":"stop","name":"Almeda Rd @  Airport Rd","stop_id":"11517"},"type":"Feature"},{"geometry":{"coordinates":[-95.38549,29.66791],"type":"Point"},"properties":{"kind":"stop","name":"W Bellfort Ave @ South Freeway","stop_id":"11518"},"type":"Feature"},{"geometry":{"coordinates":[-95.38572,29.66767],"type":"Point"},"properties":{"kind":"stop","name":"W Bellfort Ave @ Knight Rd","stop_id":"11519"},"type":"Feature"},{"geometry":{"coordinates":[-95.36156,29.66964],"type":"Point"},"properties":{"kind":"stop","name":"Bellfort Ave @ McLean St","stop_id":"11520"},"type":"Feature"},{"geometry":{"coordinates":[-95.36141,29.6694],"type":"Point"},"properties":{"kind":"stop","name":"Bellfort Ave @ McLean St","stop_id":"11521"},"type":"Feature"},{"geometry":{"coordinates":[-95.3396,29.63631],"type":"Point"},"properties":{"kind":"stop","name":"M L King Blvd @ Selinsky","stop_id":"11522"},"type":"Feature"},{"geometry":{"coordinates":[-95.36885,29.69165],"type":"Point"},"properties":{"kind":"stop","name":"Tierwester St @ Alice St","stop_id":"11524"},"type":"Feature"},{"geometry":{"coordinates":[-95.24738,29.62708],"type":"Point"},"properties":{"kind":"stop","name":"Almeda Genoa Rd @ East Haven Dr","stop_id":"11525"},"type":"Feature"},{"geometry":{"coordinates":[-95.24406,29.62722],"type":"Point"},"properties":{"kind":"stop","name":"Almeda Genoa Rd @ Almeda Oaks Dr","stop_id":"11526"},"type":"Feature"},{"geometry":{"coordinates":[-95.42517,29.70624],"type":"Point"},"properties":{"kind":"stop","name":"Holcombe Blvd @ Belmont St","stop_id":"11527"},"type":"Feature"},{"geometry":{"coordinates":[-95.44028,29.69153],"type":"Point"},"properties":{"kind":"stop","name":"Braeswood Blvd @ Stella Link Rd","stop_id":"11528"},"type":"Feature"},{"geometry":{"coordinates":[-95.44418,29.68824],"type":"Point"},"properties":{"kind":"stop","name":"Braeswood Blvd @ Linkwood Dr","stop_id":"11529"},"type":"Feature"},{"geometry":{"coordinates":[-95.44642,29.64773],"type":"Point"},"properties":{"kind":"stop","name":"Hiram Clarke Rd @ Town Plaza Dr","stop_id":"11531"},"type":"Feature"},{"geometry":{"coordinates":[-95.46412,29.6647],"type":"Point"},"properties":{"kind":"stop","name":"S Post Oak Rd @ Willowbend Blvd","stop_id":"11532"},"type":"Feature"},{"geometry":{"coordinates":[-95.63876,29.75054],"type":"Point"},"properties":{"kind":"stop","name":"Scholarship Rd @ Valedictorian Dr","stop_id":"11535"},"type":"Feature"},{"geometry":{"coordinates":[-95.51333,29.85105],"type":"Point"},"properties":{"kind":"stop","name":"Tidwell Rd @ Dow Rd","stop_id":"11538"},"type":"Feature"},{"geometry":{"coordinates":[-95.51172,29.80068],"type":"Point"},"properties":{"kind":"stop","name":"Long Point Rd @ Campbell Rd Mb","stop_id":"11544"},"type":"Feature"},{"geometry":{"coordinates":[-95.50974,29.80252],"type":"Point"},"properties":{"kind":"stop","name":"Long Point Rd @ Spring Branch Rd","stop_id":"11545"},"type":"Feature"},{"geometry":{"coordinates":[-95.47181,29.81014],"type":"Point"},"properties":{"kind":"stop","name":"Hempstead Rd @ Fairway Park Dr Mb","stop_id":"11546"},"type":"Feature"},{"geometry":{"coordinates":[-95.47192,29.80996],"type":"Point"},"properties":{"kind":"stop","name":"Hempstead Rd @ Antoine Dr","stop_id":"11547"},"type":"Feature"},{"geometry":{"coordinates":[-95.48598,29.795],"type":"Point"},"properties":{"kind":"stop","name":"Westview Dr @ Wirt Rd","stop_id":"11548"},"type":"Feature"},{"geometry":{"coordinates":[-95.45713,29.79245],"type":"Point"},"properties":{"kind":"stop","name":"N Post Oak Rd @ Clarkson Ln","stop_id":"11549"},"type":"Feature"},{"geometry":{"coordinates":[-95.3992,29.70748],"type":"Point"},"properties":{"kind":"stop","name":"Bertner Ave @ Bates St","stop_id":"11552"},"type":"Feature"},{"geometry":{"coordinates":[-95.60195,29.67965],"type":"Point"},"properties":{"kind":"stop","name":"Brookglade Cir @ Dairy Ashford Rd","stop_id":"11553"},"type":"Feature"},{"geometry":{"coordinates":[-95.60009,29.67978],"type":"Point"},"properties":{"kind":"stop","name":"Brookglade Cir @ Dairy View Ln","stop_id":"11554"},"type":"Feature"},{"geometry":{"coordinates":[-95.45885,29.86549],"type":"Point"},"properties":{"kind":"stop","name":"TC Jester Blvd @ Little York Rd","stop_id":"11555"},"type":"Feature"},{"geometry":{"coordinates":[-95.45978,29.87076],"type":"Point"},"properties":{"kind":"stop","name":"Victory Dr @ TC Jester Blvd","stop_id":"11556"},"type":"Feature"},{"geometry":{"coordinates":[-95.47552,29.86334],"type":"Point"},"properties":{"kind":"stop","name":"Little York Rd @ Deep Forest Dr","stop_id":"11557"},"type":"Feature"},{"geometry":{"coordinates":[-95.47983,29.86533],"type":"Point"},"properties":{"kind":"stop","name":"Little York Rd @ Victory Dr","stop_id":"11558"},"type":"Feature"},{"geometry":{"coordinates":[-95.47597,29.86564],"type":"Point"},"properties":{"kind":"stop","name":"Victory Dr @ Deep Forest Dr","stop_id":"11559"},"type":"Feature"},{"geometry":{"coordinates":[-95.47309,29.86663],"type":"Point"},"properties":{"kind":"stop","name":"Victory Dr @ Anotine Dr","stop_id":"11560"},"type":"Feature"},{"geometry":{"coordinates":[-95.32949,29.77587],"type":"Point"},"properties":{"kind":"stop","name":"Benson St @ Lyons Ave","stop_id":"11561"},"type":"Feature"},{"geometry":{"coordinates":[-95.29762,29.756],"type":"Point"},"properties":{"kind":"stop","name":"Zoltowski St @ Clinton Dr","stop_id":"11562"},"type":"Feature"},{"geometry":{"coordinates":[-95.32745,29.77604],"type":"Point"},"properties":{"kind":"stop","name":"Lyons Ave @ Copeland St","stop_id":"11564"},"type":"Feature"},{"geometry":{"coordinates":[-95.30542,29.77645],"type":"Point"},"properties":{"kind":"stop","name":"Lyons Ave @ Rouse St","stop_id":"11565"},"type":"Feature"},{"geometry":{"coordinates":[-95.30513,29.77656],"type":"Point"},"properties":{"kind":"stop","name":"Lyons Ave @ Rouse St","stop_id":"11566"},"type":"Feature"},{"geometry":{"coordinates":[-95.39153,29.90222],"type":"Point"},"properties":{"kind":"stop","name":"Aldine Mail Route Rd @ Lillja Rd","stop_id":"11568"},"type":"Feature"},{"geometry":{"coordinates":[-95.39906,29.9351],"type":"Point"},"properties":{"kind":"stop","name":"Imperial Valley Dr @ Cotillion Dr","stop_id":"11569"},"type":"Feature"},{"geometry":{"coordinates":[-95.3574,29.94685],"type":"Point"},"properties":{"kind":"stop","name":"Aldine Westfield Rd @ Marvel Dr","stop_id":"11570"},"type":"Feature"},{"geometry":{"coordinates":[-95.47952,29.91071],"type":"Point"},"properties":{"kind":"stop","name":"SH 249 @ Antoine Dr","stop_id":"11571"},"type":"Feature"},{"geometry":{"coordinates":[-95.35722,29.76389],"type":"Point"},"properties":{"kind":"stop","name":"San Jacinto St @ Baker","stop_id":"11574"},"type":"Feature"},{"geometry":{"coordinates":[-95.33149,29.74948],"type":"Point"},"properties":{"kind":"stop","name":"Canal St @ Sidney St","stop_id":"11575"},"type":"Feature"},{"geometry":{"coordinates":[-95.26148,29.84999],"type":"Point"},"properties":{"kind":"stop","name":"Tidwell Rd @ Mesa Dr","stop_id":"11576"},"type":"Feature"},{"geometry":{"coordinates":[-95.24273,29.69104],"type":"Point"},"properties":{"kind":"stop","name":"El Buey Way @ Ahrens St","stop_id":"11577"},"type":"Feature"},{"geometry":{"coordinates":[-95.45716,29.7943],"type":"Point"},"properties":{"kind":"stop","name":"N Post Oak Rd @ Westview Dr","stop_id":"11579"},"type":"Feature"},{"geometry":{"coordinates":[-95.35146,29.74545],"type":"Point"},"properties":{"kind":"stop","name":"Polk St @ Delano","stop_id":"1158"},"type":"Feature"},{"geometry":{"coordinates":[-95.60644,29.7758],"type":"Point"},"properties":{"kind":"stop","name":"Dairy Ashford Rd @ Fern Dr","stop_id":"11580"},"type":"Feature"},{"geometry":{"coordinates":[-95.60617,29.77555],"type":"Point"},"properties":{"kind":"stop","name":"Dairy Ashford Rd @ Fern Dr","stop_id":"11581"},"type":"Feature"},{"geometry":{"coordinates":[-95.58958,29.73092],"type":"Point"},"properties":{"kind":"stop","name":"Richmond Ave @ S Kirkwood Rd","stop_id":"11582"},"type":"Feature"},{"geometry":{"coordinates":[-95.58601,29.73086],"type":"Point"},"properties":{"kind":"stop","name":"Richmond Ave @ Kirkwood Rd","stop_id":"11583"},"type":"Feature"},{"geometry":{"coordinates":[-95.58604,29.73112],"type":"Point"},"properties":{"kind":"stop","name":"Richmond Ave @ Royal Oaks Club Dr","stop_id":"11584"},"type":"Feature"},{"geometry":{"coordinates":[-95.50749,29.62503],"type":"Point"},"properties":{"kind":"stop","name":"Fondren Dr @ W Orem Dr","stop_id":"11585"},"type":"Feature"},{"geometry":{"coordinates":[-95.54497,29.8462],"type":"Point"},"properties":{"kind":"stop","name":"Gessner Rd @ Tangiers Rd","stop_id":"11586"},"type":"Feature"},{"geometry":{"coordinates":[-95.545,29.85053],"type":"Point"},"properties":{"kind":"stop","name":"Gessner Rd @ Tanner Rd","stop_id":"11587"},"type":"Feature"},{"geometry":{"coordinates":[-95.545,29.85181],"type":"Point"},"properties":{"kind":"stop","name":"Gessner Rd @ Chickasaw Ln","stop_id":"11588"},"type":"Feature"},{"geometry":{"coordinates":[-95.54504,29.85556],"type":"Point"},"properties":{"kind":"stop","name":"Gessner Rd @ Grover Ln","stop_id":"11589"},"type":"Feature"},{"geometry":{"coordinates":[-95.54502,29.85368],"type":"Point"},"properties":{"kind":"stop","name":"Gessner Rd @ Alfred Ln","stop_id":"11590"},"type":"Feature"},{"geometry":{"coordinates":[-95.54498,29.84804],"type":"Point"},"properties":{"kind":"stop","name":"Gessner Rd @ Bamboo Rd","stop_id":"11591"},"type":"Feature"},{"geometry":{"coordinates":[-95.34862,29.74372],"type":"Point"},"properties":{"kind":"stop","name":"Polk St @ Palmer St","stop_id":"1160"},"type":"Feature"},{"geometry":{"coordinates":[-95.50725,29.62463],"type":"Point"},"properties":{"kind":"stop","name":"Fondren Dr @ W Orem Dr","stop_id":"11601"},"type":"Feature"},{"geometry":{"coordinates":[-95.59615,29.68897],"type":"Point"},"properties":{"kind":"stop","name":"Beechnut St @ Cook Rd","stop_id":"11603"},"type":"Feature"},{"geometry":{"coordinates":[-95.59572,29.68921],"type":"Point"},"properties":{"kind":"stop","name":"Beechnut St @ Cook Rd","stop_id":"11604"},"type":"Feature"},{"geometry":{"coordinates":[-94.97971,29.798],"type":"Point"},"properties":{"kind":"stop","name":"Baytown Park & Ride","stop_id":"11605"},"type":"Feature"},{"geometry":{"coordinates":[-95.24636,29.634],"type":"Point"},"properties":{"kind":"stop","name":"Clearwood St @ Meldrum Ln","stop_id":"11606"},"type":"Feature"},{"geometry":{"coordinates":[-95.41841,29.7054],"type":"Point"},"properties":{"kind":"stop","name":"Kiby Dr @ Dorrington","stop_id":"11607"},"type":"Feature"},{"geometry":{"coordinates":[-95.38953,29.64341],"type":"Point"},"properties":{"kind":"stop","name":"HCC South Campus","stop_id":"11608"},"type":"Feature"},{"geometry":{"coordinates":[-95.34537,29.74184],"type":"Point"},"properties":{"kind":"stop","name":"Polk St @ Scott St","stop_id":"1161"},"type":"Feature"},{"geometry":{"coordinates":[-95.54505,29.85974],"type":"Point"},"properties":{"kind":"stop","name":"Gessner Rd @ Papalote","stop_id":"11611"},"type":"Feature"},{"geometry":{"coordinates":[-95.38728,29.80308],"type":"Point"},"properties":{"kind":"stop","name":"N Main St @ Kern St","stop_id":"11613"},"type":"Feature"},{"geometry":{"coordinates":[-95.77625,29.78779],"type":"Point"},"properties":{"kind":"stop","name":"Grand Parkway Park & Ride","stop_id":"11616"},"type":"Feature"},{"geometry":{"coordinates":[-95.36674,29.83764],"type":"Point"},"properties":{"kind":"stop","name":"Berry Rd @ Melrose","stop_id":"11618"},"type":"Feature"},{"geometry":{"coordinates":[-95.57922,29.79912],"type":"Point"},"properties":{"kind":"stop","name":"Chatterton Dr @ Sherwood Forest St","stop_id":"11622"},"type":"Feature"},{"geometry":{"coordinates":[-95.50527,29.98392],"type":"Point"},"properties":{"kind":"stop","name":"FM 1960 Rd @ Wunderlich Rd","stop_id":"11623"},"type":"Feature"},{"geometry":{"coordinates":[-95.50519,29.98427],"type":"Point"},"properties":{"kind":"stop","name":"FM 1960 Rd @ Wunderlich Rd","stop_id":"11624"},"type":"Feature"},{"geometry":{"coordinates":[-95.33944,29.87967],"type":"Point"},"properties":{"kind":"stop","name":"Hopper Rd @ Foy St","stop_id":"11626"},"type":"Feature"},{"geometry":{"coordinates":[-95.34456,29.87878],"type":"Point"},"properties":{"kind":"stop","name":"Shady Ln @ Warwick Rd","stop_id":"11627"},"type":"Feature"},{"geometry":{"coordinates":[-95.3427,29.87156],"type":"Point"},"properties":{"kind":"stop","name":"Shady Ln @ E Little York Rd","stop_id":"11628"},"type":"Feature"},{"geometry":{"coordinates":[-95.28943,29.67616],"type":"Point"},"properties":{"kind":"stop","name":"Reveille St @ Telephone Rd","stop_id":"11629"},"type":"Feature"},{"geometry":{"coordinates":[-95.34294,29.74111],"type":"Point"},"properties":{"kind":"stop","name":"Polk St @ Milby St","stop_id":"1163"},"type":"Feature"},{"geometry":{"coordinates":[-95.40015,29.66275],"type":"Point"},"properties":{"kind":"stop","name":"Almeda Rd @ Almeda Park Dr","stop_id":"11630"},"type":"Feature"},{"geometry":{"coordinates":[-95.44393,29.64149],"type":"Point"},"properties":{"kind":"stop","name":"W Airport Blvd @ Del Santos St","stop_id":"11632"},"type":"Feature"},{"geometry":{"coordinates":[-95.60432,29.70286],"type":"Point"},"properties":{"kind":"stop","name":"Dairy Ashford Rd @ Bellaire Blvd","stop_id":"11633"},"type":"Feature"},{"geometry":{"coordinates":[-95.20167,29.79119],"type":"Point"},"properties":{"kind":"stop","name":"Woodforest Blvd @ Normandy St","stop_id":"11636"},"type":"Feature"},{"geometry":{"coordinates":[-95.49313,29.69379],"type":"Point"},"properties":{"kind":"stop","name":"Hillcroft Ave @ Bissonnet St","stop_id":"11637"},"type":"Feature"},{"geometry":{"coordinates":[-95.49794,29.9269],"type":"Point"},"properties":{"kind":"stop","name":"Old Bammel N Houston @ Seton Lake","stop_id":"11638"},"type":"Feature"},{"geometry":{"coordinates":[-95.34905,29.71863],"type":"Point"},"properties":{"kind":"stop","name":"Wheeler St @ Cullen Blvd","stop_id":"11641"},"type":"Feature"},{"geometry":{"coordinates":[-95.44496,29.94594],"type":"Point"},"properties":{"kind":"stop","name":"Gears Rd @ Trickey Rd","stop_id":"11649"},"type":"Feature"},{"geometry":{"coordinates":[-95.33915,29.73995],"type":"Point"},"properties":{"kind":"stop","name":"Polk St @ Cullen Blvd","stop_id":"1165"},"type":"Feature"},{"geometry":{"coordinates":[-95.4415,29.94598],"type":"Point"},"properties":{"kind":"stop","name":"Gears Rd @ Greensmark Dr","stop_id":"11650"},"type":"Feature"},{"geometry":{"coordinates":[-95.43641,29.94602],"type":"Point"},"properties":{"kind":"stop","name":"Gears Rd @ Spears Rd","stop_id":"11651"},"type":"Feature"},{"geometry":{"coordinates":[-95.4337,29.94604],"type":"Point"},"properties":{"kind":"stop","name":"Gears Rd @ Ella Blvd","stop_id":"11652"},"type":"Feature"},{"geometry":{"coordinates":[-95.42683,29.94882],"type":"Point"},"properties":{"kind":"stop","name":"W Greens Rd @ Greens Crossing Blvd","stop_id":"11653"},"type":"Feature"},{"geometry":{"coordinates":[-95.40978,29.74258],"type":"Point"},"properties":{"kind":"stop","name":"Westheimer Rd @ Huldy St","stop_id":"11656"},"type":"Feature"},{"geometry":{"coordinates":[-95.41774,29.70603],"type":"Point"},"properties":{"kind":"stop","name":"Holcombe Blvd @ Kirby Dr","stop_id":"11658"},"type":"Feature"},{"geometry":{"coordinates":[-95.41792,29.70629],"type":"Point"},"properties":{"kind":"stop","name":"Holcombe Blvd @ Kirby Dr","stop_id":"11659"},"type":"Feature"},{"geometry":{"coordinates":[-95.33655,29.73917],"type":"Point"},"properties":{"kind":"stop","name":"Polk St @ Sidney St","stop_id":"1166"},"type":"Feature"},{"geometry":{"coordinates":[-95.49257,29.7056],"type":"Point"},"properties":{"kind":"stop","name":"Bellaire Blvd @ Hillcroft Ave","stop_id":"11660"},"type":"Feature"},{"geometry":{"coordinates":[-95.49346,29.70531],"type":"Point"},"properties":{"kind":"stop","name":"Bellaire Blvd @ Hillcroft Ave","stop_id":"11661"},"type":"Feature"},{"geometry":{"coordinates":[-95.51614,29.70532],"type":"Point"},"properties":{"kind":"stop","name":"Plazamericas","stop_id":"11662"},"type":"Feature"},{"geometry":{"coordinates":[-95.51993,29.70534],"type":"Point"},"properties":{"kind":"stop","name":"Bellaire Blvd @ Fondren Rd","stop_id":"11663"},"type":"Feature"},{"geometry":{"coordinates":[-95.52016,29.70503],"type":"Point"},"properties":{"kind":"stop","name":"Bellaire Blvd @ Fondren Rd","stop_id":"11664"},"type":"Feature"},{"geometry":{"coordinates":[-95.53741,29.70486],"type":"Point"},"properties":{"kind":"stop","name":"Bellaire Blvd @ S Gessner Rd","stop_id":"11665"},"type":"Feature"},{"geometry":{"coordinates":[-95.53918,29.70514],"type":"Point"},"properties":{"kind":"stop","name":"Bellaire Blvd @ S Gessner Rd","stop_id":"11666"},"type":"Feature"},{"geometry":{"coordinates":[-95.54496,29.70508],"type":"Point"},"properties":{"kind":"stop","name":"Bellaire Blvd @ Ranchester Dr","stop_id":"11667"},"type":"Feature"},{"geometry":{"coordinates":[-95.54469,29.70478],"type":"Point"},"properties":{"kind":"stop","name":"Bellaire Blvd @ Ranchester Dr","stop_id":"11668"},"type":"Feature"},{"geometry":{"coordinates":[-95.33506,29.7387],"type":"Point"},"properties":{"kind":"stop","name":"Polk St @ Eastwood St","stop_id":"1167"},"type":"Feature"},{"geometry":{"coordinates":[-95.54819,29.65465],"type":"Point"},"properties":{"kind":"stop","name":"W Bellfort Ave @ Ruffino Rd","stop_id":"11670"},"type":"Feature"},{"geometry":{"coordinates":[-95.54827,29.65433],"type":"Point"},"properties":{"kind":"stop","name":"W Bellfort Ave @ Sam Houston Pkwy","stop_id":"11671"},"type":"Feature"},{"geometry":{"coordinates":[-95.46352,29.84823],"type":"Point"},"properties":{"kind":"stop","name":"W Tidwell Rd @ Deep Creek Ln","stop_id":"11672"},"type":"Feature"},{"geometry":{"coordinates":[-95.51567,29.70491],"type":"Point"},"properties":{"kind":"stop","name":"Bellaire Blvd @ Southwest Freeway","stop_id":"11673"},"type":"Feature"},{"geometry":{"coordinates":[-95.39423,29.68089],"type":"Point"},"properties":{"kind":"stop","name":"W Loop S @ Almeda Rd","stop_id":"11674"},"type":"Feature"},{"geometry":{"coordinates":[-95.33571,29.87082],"type":"Point"},"properties":{"kind":"stop","name":"Little York Rd @ Bentley Rd","stop_id":"11678"},"type":"Feature"},{"geometry":{"coordinates":[-95.46399,29.8482],"type":"Point"},"properties":{"kind":"stop","name":"W Tidwell Rd @ Deep Creek Ln","stop_id":"11679"},"type":"Feature"},{"geometry":{"coordinates":[-95.33314,29.7381],"type":"Point"},"properties":{"kind":"stop","name":"Polk St @ Fashion St","stop_id":"1168"},"type":"Feature"},{"geometry":{"coordinates":[-95.26239,29.85862],"type":"Point"},"properties":{"kind":"stop","name":"Mesa Dr @ Kentshire St","stop_id":"11681"},"type":"Feature"},{"geometry":{"coordinates":[-95.47378,29.81357],"type":"Point"},"properties":{"kind":"stop","name":"Antoine Dr @ Mitchelldale St","stop_id":"11682"},"type":"Feature"},{"geometry":{"coordinates":[-95.45628,30.01098],"type":"Point"},"properties":{"kind":"stop","name":"FM 1960 Rd @ Butte Creek Dr","stop_id":"11683"},"type":"Feature"},{"geometry":{"coordinates":[-95.38554,30.02109],"type":"Point"},"properties":{"kind":"stop","name":"FM 1960 Rd E @ N Woodcreek Dr","stop_id":"11684"},"type":"Feature"},{"geometry":{"coordinates":[-95.41366,30.02507],"type":"Point"},"properties":{"kind":"stop","name":"FM 1960 Rd @ Greenbrook Dr","stop_id":"11685"},"type":"Feature"},{"geometry":{"coordinates":[-95.28463,29.84919],"type":"Point"},"properties":{"kind":"stop","name":"N Wayside Dr @ Tidwell Rd","stop_id":"11686"},"type":"Feature"},{"geometry":{"coordinates":[-95.31223,29.93898],"type":"Point"},"properties":{"kind":"stop","name":"Sam Houston Pkwy @ Crosswinds Dr","stop_id":"11687"},"type":"Feature"},{"geometry":{"coordinates":[-95.33795,29.71882],"type":"Point"},"properties":{"kind":"stop","name":"University Dr @ M L King Blvd","stop_id":"11689"},"type":"Feature"},{"geometry":{"coordinates":[-95.3319,29.73773],"type":"Point"},"properties":{"kind":"stop","name":"Polk St @ S Lockwood Dr","stop_id":"1169"},"type":"Feature"},{"geometry":{"coordinates":[-95.42387,29.68268],"type":"Point"},"properties":{"kind":"stop","name":"S Main St @ Westridge St","stop_id":"11695"},"type":"Feature"},{"geometry":{"coordinates":[-95.21328,29.58393],"type":"Point"},"properties":{"kind":"stop","name":"Beamer Rd @ Scarsdale Blvd","stop_id":"11696"},"type":"Feature"},{"geometry":{"coordinates":[-95.54771,29.96618],"type":"Point"},"properties":{"kind":"stop","name":"Willow Chase Blvd @ Centerfield Dr","stop_id":"11697"},"type":"Feature"},{"geometry":{"coordinates":[-95.42942,29.78936],"type":"Point"},"properties":{"kind":"stop","name":"W 11th St @ Ella Blvd","stop_id":"11698"},"type":"Feature"},{"geometry":{"coordinates":[-95.48207,29.67893],"type":"Point"},"properties":{"kind":"stop","name":"Braes Valley Dr @ Burdine St","stop_id":"11699"},"type":"Feature"},{"geometry":{"coordinates":[-95.33259,29.73813],"type":"Point"},"properties":{"kind":"stop","name":"Polk St @ Telephone Rd","stop_id":"1170"},"type":"Feature"},{"geometry":{"coordinates":[-95.47965,29.67895],"type":"Point"},"properties":{"kind":"stop","name":"Braes Valley Dr @ Braesmont Dr","stop_id":"11700"},"type":"Feature"},{"geometry":{"coordinates":[-95.4818,29.67886],"type":"Point"},"properties":{"kind":"stop","name":"Burdine St @ Braes Valley Dr","stop_id":"11702"},"type":"Feature"},{"geometry":{"coordinates":[-95.48409,29.6792],"type":"Point"},"properties":{"kind":"stop","name":"Braes Valley Dr @ Renwick Dr","stop_id":"11703"},"type":"Feature"},{"geometry":{"coordinates":[-95.48432,29.67945],"type":"Point"},"properties":{"kind":"stop","name":"Renwick Dr @ Braes Valley Dr","stop_id":"11704"},"type":"Feature"},{"geometry":{"coordinates":[-95.48423,29.68185],"type":"Point"},"properties":{"kind":"stop","name":"Renwick Dr @ Birdwood Rd","stop_id":"11705"},"type":"Feature"},{"geometry":{"coordinates":[-95.48434,29.68203],"type":"Point"},"properties":{"kind":"stop","name":"Renwick Dr @ Birdwood Rd","stop_id":"11706"},"type":"Feature"},{"geometry":{"coordinates":[-95.48426,29.68375],"type":"Point"},"properties":{"kind":"stop","name":"Renwick Dr @ Imogene St","stop_id":"11707"},"type":"Feature"},{"geometry":{"coordinates":[-95.48436,29.68361],"type":"Point"},"properties":{"kind":"stop","name":"Renwick Dr @ Imogene St","stop_id":"11708"},"type":"Feature"},{"geometry":{"coordinates":[-95.48428,29.68489],"type":"Point"},"properties":{"kind":"stop","name":"Renwick Dr @ Jackwood St","stop_id":"11709"},"type":"Feature"},{"geometry":{"coordinates":[-95.33472,29.73873],"type":"Point"},"properties":{"kind":"stop","name":"Polk St @ Eastwood St","stop_id":"1171"},"type":"Feature"},{"geometry":{"coordinates":[-95.48439,29.68519],"type":"Point"},"properties":{"kind":"stop","name":"Renwick Dr @ Jackwood St","stop_id":"11710"},"type":"Feature"},{"geometry":{"coordinates":[-95.48429,29.68719],"type":"Point"},"properties":{"kind":"stop","name":"Renwick Dr @ Darnell St","stop_id":"11711"},"type":"Feature"},{"geometry":{"coordinates":[-95.48453,29.68748],"type":"Point"},"properties":{"kind":"stop","name":"Renwick Dr @ Darnell St","stop_id":"11712"},"type":"Feature"},{"geometry":{"coordinates":[-95.48432,29.6888],"type":"Point"},"properties":{"kind":"stop","name":"Renwick Dr @ Beechnut St","stop_id":"11713"},"type":"Feature"},{"geometry":{"coordinates":[-95.48456,29.68926],"type":"Point"},"properties":{"kind":"stop","name":"Renwick Dr @ Beechnut St","stop_id":"11714"},"type":"Feature"},{"geometry":{"coordinates":[-95.48434,29.69078],"type":"Point"},"properties":{"kind":"stop","name":"Renwick Dr @ Maple St","stop_id":"11715"},"type":"Feature"},{"geometry":{"coordinates":[-95.48459,29.69121],"type":"Point"},"properties":{"kind":"stop","name":"Renwick Dr @ Maple St","stop_id":"11716"},"type":"Feature"},{"geometry":{"coordinates":[-95.48441,29.69451],"type":"Point"},"properties":{"kind":"stop","name":"Renwick Dr @ Pine St","stop_id":"11717"},"type":"Feature"},{"geometry":{"coordinates":[-95.48463,29.69434],"type":"Point"},"properties":{"kind":"stop","name":"Renwick Dr @ Pine St","stop_id":"11718"},"type":"Feature"},{"geometry":{"coordinates":[-95.48445,29.69891],"type":"Point"},"properties":{"kind":"stop","name":"Renwick Dr @ Bissonnet St","stop_id":"11719"},"type":"Feature"},{"geometry":{"coordinates":[-95.33653,29.73926],"type":"Point"},"properties":{"kind":"stop","name":"Polk St @ Sidney St","stop_id":"1172"},"type":"Feature"},{"geometry":{"coordinates":[-95.4847,29.69932],"type":"Point"},"properties":{"kind":"stop","name":"Renwick Dr @ Bissonnet St","stop_id":"11720"},"type":"Feature"},{"geometry":{"coordinates":[-95.4845,29.70175],"type":"Point"},"properties":{"kind":"stop","name":"Renwick Dr @ Jessamine St","stop_id":"11721"},"type":"Feature"},{"geometry":{"coordinates":[-95.48473,29.70211],"type":"Point"},"properties":{"kind":"stop","name":"Renwick Dr @ Jessamine St","stop_id":"11722"},"type":"Feature"},{"geometry":{"coordinates":[-95.48452,29.70347],"type":"Point"},"properties":{"kind":"stop","name":"Renwick Dr @ Edgemoor Dr","stop_id":"11723"},"type":"Feature"},{"geometry":{"coordinates":[-95.48476,29.70385],"type":"Point"},"properties":{"kind":"stop","name":"Renwick Dr @ Edgemoor Dr","stop_id":"11724"},"type":"Feature"},{"geometry":{"coordinates":[-95.48454,29.70533],"type":"Point"},"properties":{"kind":"stop","name":"Renwick Dr @ Bellaire Blvd","stop_id":"11725"},"type":"Feature"},{"geometry":{"coordinates":[-95.48478,29.70577],"type":"Point"},"properties":{"kind":"stop","name":"Renwick Dr @ Bellaire Blvd","stop_id":"11726"},"type":"Feature"},{"geometry":{"coordinates":[-95.48456,29.70713],"type":"Point"},"properties":{"kind":"stop","name":"Renwick Dr @ Dashwood Dr","stop_id":"11727"},"type":"Feature"},{"geometry":{"coordinates":[-95.48479,29.70749],"type":"Point"},"properties":{"kind":"stop","name":"Renwick Dr @ Dashwood Dr","stop_id":"11728"},"type":"Feature"},{"geometry":{"coordinates":[-95.48458,29.70903],"type":"Point"},"properties":{"kind":"stop","name":"Renwick Dr @ Clarewood Dr","stop_id":"11729"},"type":"Feature"},{"geometry":{"coordinates":[-95.33945,29.74017],"type":"Point"},"properties":{"kind":"stop","name":"Polk St @ Cullen Blvd","stop_id":"1173"},"type":"Feature"},{"geometry":{"coordinates":[-95.48482,29.70935],"type":"Point"},"properties":{"kind":"stop","name":"Renwick Dr @ Clarewood Dr","stop_id":"11730"},"type":"Feature"},{"geometry":{"coordinates":[-95.48461,29.71059],"type":"Point"},"properties":{"kind":"stop","name":"Renwick Dr @ Moonmist Dr","stop_id":"11731"},"type":"Feature"},{"geometry":{"coordinates":[-95.48485,29.7112],"type":"Point"},"properties":{"kind":"stop","name":"Renwick Dr @ Moonmist Dr","stop_id":"11732"},"type":"Feature"},{"geometry":{"coordinates":[-95.48463,29.71263],"type":"Point"},"properties":{"kind":"stop","name":"Renwick Dr @ Elm St","stop_id":"11733"},"type":"Feature"},{"geometry":{"coordinates":[-95.48489,29.71294],"type":"Point"},"properties":{"kind":"stop","name":"Renwick Dr @ Elm St","stop_id":"11734"},"type":"Feature"},{"geometry":{"coordinates":[-95.48466,29.71625],"type":"Point"},"properties":{"kind":"stop","name":"Renwick Dr @ Gulfton Dr","stop_id":"11735"},"type":"Feature"},{"geometry":{"coordinates":[-95.48492,29.71675],"type":"Point"},"properties":{"kind":"stop","name":"Renwick Dr @ Gulfton Dr","stop_id":"11736"},"type":"Feature"},{"geometry":{"coordinates":[-95.48473,29.71985],"type":"Point"},"properties":{"kind":"stop","name":"Renwick Dr @ Glenmont Dr","stop_id":"11737"},"type":"Feature"},{"geometry":{"coordinates":[-95.48498,29.72034],"type":"Point"},"properties":{"kind":"stop","name":"Renwick Dr @ Glenmont Dr","stop_id":"11738"},"type":"Feature"},{"geometry":{"coordinates":[-95.48416,29.72421],"type":"Point"},"properties":{"kind":"stop","name":"Renwick Dr @ Westpark Dr","stop_id":"11739"},"type":"Feature"},{"geometry":{"coordinates":[-95.4844,29.72442],"type":"Point"},"properties":{"kind":"stop","name":"Fountain View Dr @ Westpark Dr","stop_id":"11740"},"type":"Feature"},{"geometry":{"coordinates":[-95.48405,29.72867],"type":"Point"},"properties":{"kind":"stop","name":"Fountain View Dr @ Schumacher Ln","stop_id":"11741"},"type":"Feature"},{"geometry":{"coordinates":[-95.48427,29.72903],"type":"Point"},"properties":{"kind":"stop","name":"Fountain View Dr @ Schumacher Ln","stop_id":"11742"},"type":"Feature"},{"geometry":{"coordinates":[-95.48411,29.73129],"type":"Point"},"properties":{"kind":"stop","name":"Fountain View Dr @ Richmond Ave","stop_id":"11743"},"type":"Feature"},{"geometry":{"coordinates":[-95.48432,29.73176],"type":"Point"},"properties":{"kind":"stop","name":"Fountain View Dr @ Richmond Ave","stop_id":"11744"},"type":"Feature"},{"geometry":{"coordinates":[-95.48415,29.73529],"type":"Point"},"properties":{"kind":"stop","name":"Fountain View Dr @ Winsome Ln","stop_id":"11745"},"type":"Feature"},{"geometry":{"coordinates":[-95.48419,29.7376],"type":"Point"},"properties":{"kind":"stop","name":"Fountain View Dr @ Westheimer Rd","stop_id":"11747"},"type":"Feature"},{"geometry":{"coordinates":[-95.48532,29.74206],"type":"Point"},"properties":{"kind":"stop","name":"Fountain View Dr @ Burgoyne Rd","stop_id":"11749"},"type":"Feature"},{"geometry":{"coordinates":[-95.34293,29.74122],"type":"Point"},"properties":{"kind":"stop","name":"Polk St @ Milby St","stop_id":"1175"},"type":"Feature"},{"geometry":{"coordinates":[-95.48555,29.74245],"type":"Point"},"properties":{"kind":"stop","name":"Fountain View Dr @ Burgoyne Rd","stop_id":"11750"},"type":"Feature"},{"geometry":{"coordinates":[-95.48537,29.74588],"type":"Point"},"properties":{"kind":"stop","name":"Fountain View Dr @ Inwood Dr","stop_id":"11751"},"type":"Feature"},{"geometry":{"coordinates":[-95.48561,29.74617],"type":"Point"},"properties":{"kind":"stop","name":"Fountain View Dr @ Inwood Dr","stop_id":"11752"},"type":"Feature"},{"geometry":{"coordinates":[-95.48593,29.7497],"type":"Point"},"properties":{"kind":"stop","name":"Fountain View Dr @ San Felipe Rd","stop_id":"11753"},"type":"Feature"},{"geometry":{"coordinates":[-95.48613,29.74908],"type":"Point"},"properties":{"kind":"stop","name":"Fountain View Dr @ San Felipe Rd","stop_id":"11754"},"type":"Feature"},{"geometry":{"coordinates":[-95.34473,29.74175],"type":"Point"},"properties":{"kind":"stop","name":"Polk St @ Scott St","stop_id":"1176"},"type":"Feature"},{"geometry":{"coordinates":[-95.5468,29.79079],"type":"Point"},"properties":{"kind":"stop","name":"Westview Dr @ Conrad Sauer Dr Mb","stop_id":"11764"},"type":"Feature"},{"geometry":{"coordinates":[-95.54877,29.79087],"type":"Point"},"properties":{"kind":"stop","name":"Westview Dr @ Conrad Sauer Dr","stop_id":"11765"},"type":"Feature"},{"geometry":{"coordinates":[-95.5493,29.79067],"type":"Point"},"properties":{"kind":"stop","name":"Westview Dr @ Conrad Sauer Dr","stop_id":"11766"},"type":"Feature"},{"geometry":{"coordinates":[-95.55324,29.79082],"type":"Point"},"properties":{"kind":"stop","name":"Westview Dr @ Shadowdale Dr","stop_id":"11767"},"type":"Feature"},{"geometry":{"coordinates":[-95.5538,29.79064],"type":"Point"},"properties":{"kind":"stop","name":"Westview Dr @ Shadowdale Dr","stop_id":"11768"},"type":"Feature"},{"geometry":{"coordinates":[-95.55905,29.79088],"type":"Point"},"properties":{"kind":"stop","name":"Westview Dr @ Lumpkin Rd","stop_id":"11769"},"type":"Feature"},{"geometry":{"coordinates":[-95.55901,29.79066],"type":"Point"},"properties":{"kind":"stop","name":"Westview Dr @ Lumpkin Rd","stop_id":"11770"},"type":"Feature"},{"geometry":{"coordinates":[-95.56569,29.79087],"type":"Point"},"properties":{"kind":"stop","name":"Westview Dr @ Clarborough Pl","stop_id":"11771"},"type":"Feature"},{"geometry":{"coordinates":[-95.56602,29.79067],"type":"Point"},"properties":{"kind":"stop","name":"Westview Dr @ Clarborough","stop_id":"11772"},"type":"Feature"},{"geometry":{"coordinates":[-95.56813,29.78876],"type":"Point"},"properties":{"kind":"stop","name":"Business Center @ Westview Cir","stop_id":"11773"},"type":"Feature"},{"geometry":{"coordinates":[-95.56949,29.78847],"type":"Point"},"properties":{"kind":"stop","name":"Westview Cir @ Brittmoore Rd","stop_id":"11774"},"type":"Feature"},{"geometry":{"coordinates":[-95.56973,29.7906],"type":"Point"},"properties":{"kind":"stop","name":"Brittmoore Rd @ Westview Dr","stop_id":"11775"},"type":"Feature"},{"geometry":{"coordinates":[-95.41278,29.69664],"type":"Point"},"properties":{"kind":"stop","name":"S Main St @ Braeswood Blvd","stop_id":"11776"},"type":"Feature"},{"geometry":{"coordinates":[-95.39075,29.70457],"type":"Point"},"properties":{"kind":"stop","name":"Cambridge St @ Woodbury St","stop_id":"11777"},"type":"Feature"},{"geometry":{"coordinates":[-95.39068,29.70418],"type":"Point"},"properties":{"kind":"stop","name":"Cambridge St @ Woodbury St","stop_id":"11778"},"type":"Feature"},{"geometry":{"coordinates":[-95.3924,29.70048],"type":"Point"},"properties":{"kind":"stop","name":"Cambridge St @ Butler Blvd","stop_id":"11779"},"type":"Feature"},{"geometry":{"coordinates":[-95.34857,29.74389],"type":"Point"},"properties":{"kind":"stop","name":"Polk St @ Palmer St","stop_id":"1178"},"type":"Feature"},{"geometry":{"coordinates":[-95.39235,29.70012],"type":"Point"},"properties":{"kind":"stop","name":"Cambridge St @ Butler Blvd","stop_id":"11780"},"type":"Feature"},{"geometry":{"coordinates":[-95.3932,29.69861],"type":"Point"},"properties":{"kind":"stop","name":"Cambridge St @ Old Spanish Trl","stop_id":"11781"},"type":"Feature"},{"geometry":{"coordinates":[-95.2122,29.584],"type":"Point"},"properties":{"kind":"stop","name":"Beamer Rd @ Resource Pkwy","stop_id":"11783"},"type":"Feature"},{"geometry":{"coordinates":[-95.3855,29.73081],"type":"Point"},"properties":{"kind":"stop","name":"Main St @ Arbor Pl","stop_id":"11786"},"type":"Feature"},{"geometry":{"coordinates":[-95.43358,29.69101],"type":"Point"},"properties":{"kind":"stop","name":"Braeswood Blvd @ Lookout Ct","stop_id":"11788"},"type":"Feature"},{"geometry":{"coordinates":[-95.46112,29.76377],"type":"Point"},"properties":{"kind":"stop","name":"Woodway Dr @ Post Oak Ln","stop_id":"11790"},"type":"Feature"},{"geometry":{"coordinates":[-95.57032,29.67999],"type":"Point"},"properties":{"kind":"stop","name":"Wilcrest Dr @ Glenwolde Dr","stop_id":"11791"},"type":"Feature"},{"geometry":{"coordinates":[-95.57014,29.67961],"type":"Point"},"properties":{"kind":"stop","name":"Wilcrest Dr @ Glenwolde Dr","stop_id":"11792"},"type":"Feature"},{"geometry":{"coordinates":[-95.39285,29.69742],"type":"Point"},"properties":{"kind":"stop","name":"Cambridge St @ Old Spanish Trl","stop_id":"11795"},"type":"Feature"},{"geometry":{"coordinates":[-95.30174,29.80022],"type":"Point"},"properties":{"kind":"stop","name":"Homestead Rd @ Cavalcade St","stop_id":"11798"},"type":"Feature"},{"geometry":{"coordinates":[-95.35113,29.7454],"type":"Point"},"properties":{"kind":"stop","name":"Polk St @ Delano","stop_id":"1180"},"type":"Feature"},{"geometry":{"coordinates":[-95.57806,29.99466],"type":"Point"},"properties":{"kind":"stop","name":"Tomball Pkwy @ Lsc University Prk 1","stop_id":"11801"},"type":"Feature"},{"geometry":{"coordinates":[-95.57265,29.98738],"type":"Point"},"properties":{"kind":"stop","name":"Chasewood Park Dr @ Tomball Pkwy","stop_id":"11802"},"type":"Feature"},{"geometry":{"coordinates":[-95.56562,29.97637],"type":"Point"},"properties":{"kind":"stop","name":"Tomball Pkwy @ Cypresswood Dr","stop_id":"11803"},"type":"Feature"},{"geometry":{"coordinates":[-95.45417,30.01244],"type":"Point"},"properties":{"kind":"stop","name":"FM 1960 Rd @ Beaver Springs Dr","stop_id":"11804"},"type":"Feature"},{"geometry":{"coordinates":[-95.37688,29.95323],"type":"Point"},"properties":{"kind":"stop","name":"Greens Rd @ Central Green Blvd","stop_id":"11805"},"type":"Feature"},{"geometry":{"coordinates":[-95.37652,29.9536],"type":"Point"},"properties":{"kind":"stop","name":"Greens Rd @ Central Green Blvd","stop_id":"11806"},"type":"Feature"},{"geometry":{"coordinates":[-95.58997,29.67525],"type":"Point"},"properties":{"kind":"stop","name":"Bissonnet St @ Keegan Rd Mb","stop_id":"11807"},"type":"Feature"},{"geometry":{"coordinates":[-95.58981,29.67549],"type":"Point"},"properties":{"kind":"stop","name":"Bissonnet St @ Kirkwood Dr Mb","stop_id":"11808"},"type":"Feature"},{"geometry":{"coordinates":[-95.64244,29.78832],"type":"Point"},"properties":{"kind":"stop","name":"Park Row Rd @ Park And Ride Dr MB","stop_id":"11809"},"type":"Feature"},{"geometry":{"coordinates":[-95.35365,29.74692],"type":"Point"},"properties":{"kind":"stop","name":"Polk St @ St. Charles St","stop_id":"1181"},"type":"Feature"},{"geometry":{"coordinates":[-95.64223,29.78421],"type":"Point"},"properties":{"kind":"stop","name":"Katy Freeway @ Addicks Howell Rd","stop_id":"11814"},"type":"Feature"},{"geometry":{"coordinates":[-95.64188,29.78266],"type":"Point"},"properties":{"kind":"stop","name":"Addicks Howell Rd @ Grisby Rd","stop_id":"11815"},"type":"Feature"},{"geometry":{"coordinates":[-95.63648,29.78215],"type":"Point"},"properties":{"kind":"stop","name":"Grisby Rd @ Helios Way","stop_id":"11816"},"type":"Feature"},{"geometry":{"coordinates":[-95.61872,29.77605],"type":"Point"},"properties":{"kind":"stop","name":"Eldridge Pkwy @ Memorial Dr MB","stop_id":"11817"},"type":"Feature"},{"geometry":{"coordinates":[-95.62096,29.77198],"type":"Point"},"properties":{"kind":"stop","name":"Eldridge Pkwy @ Buffalo Bayou","stop_id":"11818"},"type":"Feature"},{"geometry":{"coordinates":[-95.62252,29.7699],"type":"Point"},"properties":{"kind":"stop","name":"Eldridge Pkwy @ Enclave Pkwy","stop_id":"11819"},"type":"Feature"},{"geometry":{"coordinates":[-95.62375,29.76813],"type":"Point"},"properties":{"kind":"stop","name":"Eldridge Pkwy @ Enclave Pkwy","stop_id":"11820"},"type":"Feature"},{"geometry":{"coordinates":[-95.6254,29.75317],"type":"Point"},"properties":{"kind":"stop","name":"Eldridge Pkwy @ Cresent Plaza North","stop_id":"11821"},"type":"Feature"},{"geometry":{"coordinates":[-95.62537,29.74967],"type":"Point"},"properties":{"kind":"stop","name":"Eldridge Pkwy @ Cresent Plaza South","stop_id":"11822"},"type":"Feature"},{"geometry":{"coordinates":[-95.62519,29.74682],"type":"Point"},"properties":{"kind":"stop","name":"Eldridge Pkwy @ Briarbrook Ln","stop_id":"11823"},"type":"Feature"},{"geometry":{"coordinates":[-95.62399,29.74298],"type":"Point"},"properties":{"kind":"stop","name":"Eldridge Pkwy @ Briarbrook Ln","stop_id":"11824"},"type":"Feature"},{"geometry":{"coordinates":[-95.62377,29.74134],"type":"Point"},"properties":{"kind":"stop","name":"Eldridge Pkwy @ Rincon Dr","stop_id":"11825"},"type":"Feature"},{"geometry":{"coordinates":[-95.62392,29.73617],"type":"Point"},"properties":{"kind":"stop","name":"Eldridge Pkwy @ Westheimer Rd","stop_id":"11826"},"type":"Feature"},{"geometry":{"coordinates":[-95.62391,29.73396],"type":"Point"},"properties":{"kind":"stop","name":"Eldridge Pkwy @ Westheimer Rd","stop_id":"11827"},"type":"Feature"},{"geometry":{"coordinates":[-95.6239,29.73103],"type":"Point"},"properties":{"kind":"stop","name":"Eldridge Pkwy @ Homegoods Drwy","stop_id":"11828"},"type":"Feature"},{"geometry":{"coordinates":[-95.62378,29.72843],"type":"Point"},"properties":{"kind":"stop","name":"Eldridge Pkwy @ Richmond Ave","stop_id":"11830"},"type":"Feature"},{"geometry":{"coordinates":[-95.62365,29.7356],"type":"Point"},"properties":{"kind":"stop","name":"Eldridge Pkwy @ Westheimer Rd","stop_id":"11831"},"type":"Feature"},{"geometry":{"coordinates":[-95.62363,29.73663],"type":"Point"},"properties":{"kind":"stop","name":"Eldridge Pkwy @ Westheimer Rd","stop_id":"11832"},"type":"Feature"},{"geometry":{"coordinates":[-95.62345,29.74104],"type":"Point"},"properties":{"kind":"stop","name":"Eldridge Pkwy @ Rincon Dr","stop_id":"11833"},"type":"Feature"},{"geometry":{"coordinates":[-95.62484,29.74659],"type":"Point"},"properties":{"kind":"stop","name":"Eldridge Pkwy @ Whittington Dr","stop_id":"11834"},"type":"Feature"},{"geometry":{"coordinates":[-95.6251,29.74922],"type":"Point"},"properties":{"kind":"stop","name":"Eldridge Pkwy @ Cresent Plaza South","stop_id":"11835"},"type":"Feature"},{"geometry":{"coordinates":[-95.62513,29.75281],"type":"Point"},"properties":{"kind":"stop","name":"Eldridge Pkwy @ Cresent Plaza North","stop_id":"11836"},"type":"Feature"},{"geometry":{"coordinates":[-95.62315,29.76856],"type":"Point"},"properties":{"kind":"stop","name":"Eldridge Pkwy @ Enclave Pkwy","stop_id":"11837"},"type":"Feature"},{"geometry":{"coordinates":[-95.62059,29.77206],"type":"Point"},"properties":{"kind":"stop","name":"Eldridge Pkwy @ Buffalo Bayou Prk","stop_id":"11838"},"type":"Feature"},{"geometry":{"coordinates":[-95.61908,29.7748],"type":"Point"},"properties":{"kind":"stop","name":"Eldridge Pkwy @ Memorial Dr","stop_id":"11839"},"type":"Feature"},{"geometry":{"coordinates":[-95.62968,29.78054],"type":"Point"},"properties":{"kind":"stop","name":"Westlake Park Blvd @ Gracie Ln","stop_id":"11840"},"type":"Feature"},{"geometry":{"coordinates":[-95.63104,29.78237],"type":"Point"},"properties":{"kind":"stop","name":"Grisby Rd @ Westlake Park Blvd","stop_id":"11841"},"type":"Feature"},{"geometry":{"coordinates":[-95.63537,29.78235],"type":"Point"},"properties":{"kind":"stop","name":"Grisby Rd @ Westlake Club","stop_id":"11842"},"type":"Feature"},{"geometry":{"coordinates":[-95.64171,29.78263],"type":"Point"},"properties":{"kind":"stop","name":"Grisby Rd @ Addicks Howell Rd","stop_id":"11843"},"type":"Feature"},{"geometry":{"coordinates":[-95.44005,29.70611],"type":"Point"},"properties":{"kind":"stop","name":"Bellaire Blvd @ Stella Link Rd","stop_id":"11850"},"type":"Feature"},{"geometry":{"coordinates":[-95.43956,29.70585],"type":"Point"},"properties":{"kind":"stop","name":"Bellaire Blvd @ Stella Link Rd","stop_id":"11851"},"type":"Feature"},{"geometry":{"coordinates":[-95.5216,29.79862],"type":"Point"},"properties":{"kind":"stop","name":"Long Point Rd @ Freedonia Dr","stop_id":"11855"},"type":"Feature"},{"geometry":{"coordinates":[-95.37356,29.68906],"type":"Point"},"properties":{"kind":"stop","name":"Corder  St @ Springhill St","stop_id":"11858"},"type":"Feature"},{"geometry":{"coordinates":[-95.34194,29.87087],"type":"Point"},"properties":{"kind":"stop","name":"Little York Rd @ Shady Ln","stop_id":"11860"},"type":"Feature"},{"geometry":{"coordinates":[-95.46327,29.76244],"type":"Point"},"properties":{"kind":"stop","name":"Woodway Dr @ Post Oak Ln","stop_id":"11862"},"type":"Feature"},{"geometry":{"coordinates":[-95.355,29.62715],"type":"Point"},"properties":{"kind":"stop","name":"E Orem Dr @ Cullen Blvd","stop_id":"11863"},"type":"Feature"},{"geometry":{"coordinates":[-95.44503,30.00648],"type":"Point"},"properties":{"kind":"stop","name":"Ella Blvd @ Ella Crossing Dr","stop_id":"11869"},"type":"Feature"},{"geometry":{"coordinates":[-95.44412,30.00554],"type":"Point"},"properties":{"kind":"stop","name":"Ella Blvd @ Southridge Rd","stop_id":"11870"},"type":"Feature"},{"geometry":{"coordinates":[-95.50382,29.92789],"type":"Point"},"properties":{"kind":"stop","name":"Seton Lake Dr @ Sh 249","stop_id":"11871"},"type":"Feature"},{"geometry":{"coordinates":[-95.43421,29.86866],"type":"Point"},"properties":{"kind":"stop","name":"W Montgomery Rd @ Virgil St","stop_id":"11872"},"type":"Feature"},{"geometry":{"coordinates":[-95.37507,29.79227],"type":"Point"},"properties":{"kind":"stop","name":"N Main St @ Cottage St","stop_id":"11873"},"type":"Feature"},{"geometry":{"coordinates":[-95.25827,29.64647],"type":"Point"},"properties":{"kind":"stop","name":"Hansen Rd @ Airport Blvd Mb2","stop_id":"11879"},"type":"Feature"},{"geometry":{"coordinates":[-95.25814,29.64638],"type":"Point"},"properties":{"kind":"stop","name":"Hansen Rd @ Scranton Ave MB1","stop_id":"11880"},"type":"Feature"},{"geometry":{"coordinates":[-95.37142,29.76358],"type":"Point"},"properties":{"kind":"stop","name":"Memorial Service  Rd @ Houston Ave","stop_id":"11881"},"type":"Feature"},{"geometry":{"coordinates":[-95.57129,29.98787],"type":"Point"},"properties":{"kind":"stop","name":"Tomball Pkwy @ Chasewood Park Dr","stop_id":"11882"},"type":"Feature"},{"geometry":{"coordinates":[-95.4425,30.00299],"type":"Point"},"properties":{"kind":"stop","name":"Ella Blvd @ Southridge  Rd","stop_id":"11883"},"type":"Feature"},{"geometry":{"coordinates":[-95.44221,30.00295],"type":"Point"},"properties":{"kind":"stop","name":"Ella Blvd @ North Forest Blvd","stop_id":"11884"},"type":"Feature"},{"geometry":{"coordinates":[-95.39253,29.66767],"type":"Point"},"properties":{"kind":"stop","name":"W Bellfort Ave @ Almeda Rd Mb","stop_id":"11885"},"type":"Feature"},{"geometry":{"coordinates":[-95.39228,29.66786],"type":"Point"},"properties":{"kind":"stop","name":"W Bellfort Ave @ SH 288","stop_id":"11886"},"type":"Feature"},{"geometry":{"coordinates":[-95.28447,29.84904],"type":"Point"},"properties":{"kind":"stop","name":"Tidwell Rd @ N Wayside Dr","stop_id":"11888"},"type":"Feature"},{"geometry":{"coordinates":[-95.60005,29.68895],"type":"Point"},"properties":{"kind":"stop","name":"Beechnut St @ Dairy View Ln","stop_id":"11889"},"type":"Feature"},{"geometry":{"coordinates":[-95.60017,29.68918],"type":"Point"},"properties":{"kind":"stop","name":"Beechnut St @ Dairy View Ln","stop_id":"11890"},"type":"Feature"},{"geometry":{"coordinates":[-95.30073,29.87334],"type":"Point"},"properties":{"kind":"stop","name":"Homestead Rd @ Tautenhahn Rd","stop_id":"11892"},"type":"Feature"},{"geometry":{"coordinates":[-95.30047,29.87306],"type":"Point"},"properties":{"kind":"stop","name":"Homestead Rd @ Tautenhahn Rd","stop_id":"11893"},"type":"Feature"},{"geometry":{"coordinates":[-95.30311,29.77656],"type":"Point"},"properties":{"kind":"stop","name":"Lyons Ave @ Zoe St","stop_id":"11894"},"type":"Feature"},{"geometry":{"coordinates":[-95.30299,29.77644],"type":"Point"},"properties":{"kind":"stop","name":"Lyons Ave @ Zoe St","stop_id":"11895"},"type":"Feature"},{"geometry":{"coordinates":[-95.3819,29.71393],"type":"Point"},"properties":{"kind":"stop","name":"Almeda Rd @ N Mac Gregor Way","stop_id":"11898"},"type":"Feature"},{"geometry":{"coordinates":[-95.49192,29.6664],"type":"Point"},"properties":{"kind":"stop","name":"Willowbend Blvd @ Hillcroft Ave","stop_id":"11899"},"type":"Feature"},{"geometry":{"coordinates":[-95.39218,29.68543],"type":"Point"},"properties":{"kind":"stop","name":"Holly Hall St @ Almeda Rd","stop_id":"11902"},"type":"Feature"},{"geometry":{"coordinates":[-95.41075,29.89833],"type":"Point"},"properties":{"kind":"stop","name":"W Mt Houston Rd @ North Freeway","stop_id":"11903"},"type":"Feature"},{"geometry":{"coordinates":[-95.34492,29.98015],"type":"Point"},"properties":{"kind":"stop","name":"Airmail Rd @ Pallet Rd","stop_id":"11904"},"type":"Feature"},{"geometry":{"coordinates":[-95.28087,29.8499],"type":"Point"},"properties":{"kind":"stop","name":"Tidwell Rd @ Tidwell Fountains Ln","stop_id":"11905"},"type":"Feature"},{"geometry":{"coordinates":[-95.28135,29.84959],"type":"Point"},"properties":{"kind":"stop","name":"Tidwell Rd @ Tidwell Fountains Ln","stop_id":"11906"},"type":"Feature"},{"geometry":{"coordinates":[-95.42975,29.96548],"type":"Point"},"properties":{"kind":"stop","name":"Ella Blvd @ Rankin Rd","stop_id":"11910"},"type":"Feature"},{"geometry":{"coordinates":[-95.42931,29.9651],"type":"Point"},"properties":{"kind":"stop","name":"Ella Blvd @ Rankin Rd","stop_id":"11911"},"type":"Feature"},{"geometry":{"coordinates":[-95.42925,29.96239],"type":"Point"},"properties":{"kind":"stop","name":"Ella Blvd @ Green Pines Forest","stop_id":"11912"},"type":"Feature"},{"geometry":{"coordinates":[-95.429,29.96254],"type":"Point"},"properties":{"kind":"stop","name":"Ella Blvd @ Green Pines Forest","stop_id":"11913"},"type":"Feature"},{"geometry":{"coordinates":[-95.42883,29.96003],"type":"Point"},"properties":{"kind":"stop","name":"Rushcreek Dr @ Ella Blvd","stop_id":"11914"},"type":"Feature"},{"geometry":{"coordinates":[-95.42863,29.95995],"type":"Point"},"properties":{"kind":"stop","name":"Rushcreek Dr @ Ella Blvd","stop_id":"11915"},"type":"Feature"},{"geometry":{"coordinates":[-95.42505,29.96115],"type":"Point"},"properties":{"kind":"stop","name":"Rushcreek Dr @ Northborough Dr","stop_id":"11916"},"type":"Feature"},{"geometry":{"coordinates":[-95.42487,29.96108],"type":"Point"},"properties":{"kind":"stop","name":"Rushcreek Dr @ Northborough Dr","stop_id":"11917"},"type":"Feature"},{"geometry":{"coordinates":[-95.56421,29.82748],"type":"Point"},"properties":{"kind":"stop","name":"Sam Houston Pkwy @ Moss Ridge Rd","stop_id":"11923"},"type":"Feature"},{"geometry":{"coordinates":[-95.56248,29.81256],"type":"Point"},"properties":{"kind":"stop","name":"Hammerly Blvd @ Sam Houston Pkwy","stop_id":"11924"},"type":"Feature"},{"geometry":{"coordinates":[-95.55708,29.81259],"type":"Point"},"properties":{"kind":"stop","name":"Hammerly Blvd @ Sam Houston Pkwy","stop_id":"11925"},"type":"Feature"},{"geometry":{"coordinates":[-95.55465,29.81259],"type":"Point"},"properties":{"kind":"stop","name":"Hammerly Blvd @ Shadowdale Dr","stop_id":"11926"},"type":"Feature"},{"geometry":{"coordinates":[-95.62394,29.72912],"type":"Point"},"properties":{"kind":"stop","name":"Eldridge Pkwy @ Richmond Ave","stop_id":"11928"},"type":"Feature"},{"geometry":{"coordinates":[-95.62421,29.72028],"type":"Point"},"properties":{"kind":"stop","name":"Eldridge Pkwy @ Westpark Dr","stop_id":"11929"},"type":"Feature"},{"geometry":{"coordinates":[-95.62393,29.71991],"type":"Point"},"properties":{"kind":"stop","name":"Eldridge Pkwy @ Westpark Dr","stop_id":"11930"},"type":"Feature"},{"geometry":{"coordinates":[-95.62419,29.71671],"type":"Point"},"properties":{"kind":"stop","name":"Eldridge Pkwy @ Chipman Glen Dr","stop_id":"11931"},"type":"Feature"},{"geometry":{"coordinates":[-95.62391,29.71633],"type":"Point"},"properties":{"kind":"stop","name":"Eldridge Pkwy @ Chipman Glen Dr","stop_id":"11932"},"type":"Feature"},{"geometry":{"coordinates":[-95.62417,29.71445],"type":"Point"},"properties":{"kind":"stop","name":"Eldridge Pkwy @ Ashford Point Dr","stop_id":"11933"},"type":"Feature"},{"geometry":{"coordinates":[-95.6239,29.71417],"type":"Point"},"properties":{"kind":"stop","name":"Eldridge Pkwy @ Ashford Point Dr","stop_id":"11934"},"type":"Feature"},{"geometry":{"coordinates":[-95.49731,29.70564],"type":"Point"},"properties":{"kind":"stop","name":"Rookin St @ Bellaire Blvd","stop_id":"11935"},"type":"Feature"},{"geometry":{"coordinates":[-95.49688,29.70737],"type":"Point"},"properties":{"kind":"stop","name":"Rookin St @ De Moss Dr","stop_id":"11936"},"type":"Feature"},{"geometry":{"coordinates":[-95.4969,29.70901],"type":"Point"},"properties":{"kind":"stop","name":"Rookin St @ Hornwood Dr","stop_id":"11937"},"type":"Feature"},{"geometry":{"coordinates":[-95.4947,29.71074],"type":"Point"},"properties":{"kind":"stop","name":"High Star Dr @ Hillcroft Ave MB","stop_id":"11938"},"type":"Feature"},{"geometry":{"coordinates":[-95.4792,29.67981],"type":"Point"},"properties":{"kind":"stop","name":"Braesmont Dr @ Caversham Dr","stop_id":"11939"},"type":"Feature"},{"geometry":{"coordinates":[-95.47728,29.67989],"type":"Point"},"properties":{"kind":"stop","name":"Caversham Dr @ Chimney Rock Rd","stop_id":"11940"},"type":"Feature"},{"geometry":{"coordinates":[-95.37618,29.65825],"type":"Point"},"properties":{"kind":"stop","name":"Reed Rd @ Rosehaven Dr","stop_id":"11941"},"type":"Feature"},{"geometry":{"coordinates":[-95.3829,29.65807],"type":"Point"},"properties":{"kind":"stop","name":"Reed Rd @ Park South View","stop_id":"11942"},"type":"Feature"},{"geometry":{"coordinates":[-95.38548,29.65795],"type":"Point"},"properties":{"kind":"stop","name":"Reed Rd @ South Freeway","stop_id":"11943"},"type":"Feature"},{"geometry":{"coordinates":[-95.37919,29.64366],"type":"Point"},"properties":{"kind":"stop","name":"Airport Blvd @ Buffum","stop_id":"11944"},"type":"Feature"},{"geometry":{"coordinates":[-95.3683,29.64674],"type":"Point"},"properties":{"kind":"stop","name":"Scott St @ Jipsie Ln","stop_id":"11946"},"type":"Feature"},{"geometry":{"coordinates":[-95.36834,29.64832],"type":"Point"},"properties":{"kind":"stop","name":"Scott St @ Corksie St","stop_id":"11947"},"type":"Feature"},{"geometry":{"coordinates":[-95.36838,29.64974],"type":"Point"},"properties":{"kind":"stop","name":"Scott St @ Sunbeam St","stop_id":"11948"},"type":"Feature"},{"geometry":{"coordinates":[-95.36843,29.65217],"type":"Point"},"properties":{"kind":"stop","name":"Scott St @ Sparrow St","stop_id":"11949"},"type":"Feature"},{"geometry":{"coordinates":[-95.36846,29.65376],"type":"Point"},"properties":{"kind":"stop","name":"Scott St @ Dawson Ln","stop_id":"11950"},"type":"Feature"},{"geometry":{"coordinates":[-95.3685,29.65546],"type":"Point"},"properties":{"kind":"stop","name":"Scott St @ Wilmington St","stop_id":"11951"},"type":"Feature"},{"geometry":{"coordinates":[-95.36789,29.658],"type":"Point"},"properties":{"kind":"stop","name":"Scott St @ Reed Rd","stop_id":"11952"},"type":"Feature"},{"geometry":{"coordinates":[-95.35847,29.65847],"type":"Point"},"properties":{"kind":"stop","name":"Reed Rd @ Duane St","stop_id":"11953"},"type":"Feature"},{"geometry":{"coordinates":[-95.35871,29.65829],"type":"Point"},"properties":{"kind":"stop","name":"Reed Rd @ Duane St","stop_id":"11954"},"type":"Feature"},{"geometry":{"coordinates":[-95.3617,29.65843],"type":"Point"},"properties":{"kind":"stop","name":"Reed Rd @ Edgar St","stop_id":"11955"},"type":"Feature"},{"geometry":{"coordinates":[-95.36204,29.65824],"type":"Point"},"properties":{"kind":"stop","name":"Reed Rd @ Edgar St","stop_id":"11956"},"type":"Feature"},{"geometry":{"coordinates":[-95.36429,29.6584],"type":"Point"},"properties":{"kind":"stop","name":"Reed Rd @ Ferdinand St","stop_id":"11957"},"type":"Feature"},{"geometry":{"coordinates":[-95.36455,29.65821],"type":"Point"},"properties":{"kind":"stop","name":"Reed Rd @ Ferdinand St","stop_id":"11958"},"type":"Feature"},{"geometry":{"coordinates":[-95.35566,29.65832],"type":"Point"},"properties":{"kind":"stop","name":"Reed Rd @ Cullen Blvd","stop_id":"11960"},"type":"Feature"},{"geometry":{"coordinates":[-95.24067,29.81746],"type":"Point"},"properties":{"kind":"stop","name":"Oates Rd @ Reid Facility","stop_id":"11966"},"type":"Feature"},{"geometry":{"coordinates":[-95.24052,29.81708],"type":"Point"},"properties":{"kind":"stop","name":"Oates Rd @ Reid Facility","stop_id":"11967"},"type":"Feature"},{"geometry":{"coordinates":[-95.24608,29.79504],"type":"Point"},"properties":{"kind":"stop","name":"Wallisville Rd @ Oates Rd","stop_id":"11968"},"type":"Feature"},{"geometry":{"coordinates":[-95.44148,29.73701],"type":"Point"},"properties":{"kind":"stop","name":"Weslayan St @ W Main St","stop_id":"11969"},"type":"Feature"},{"geometry":{"coordinates":[-95.57966,29.79724],"type":"Point"},"properties":{"kind":"stop","name":"Sherwood Forest St @ Hazelhurst Dr","stop_id":"11970"},"type":"Feature"},{"geometry":{"coordinates":[-95.42853,29.69173],"type":"Point"},"properties":{"kind":"stop","name":"Braeswood Blvd @ Fairhope St","stop_id":"11971"},"type":"Feature"},{"geometry":{"coordinates":[-95.39963,29.68012],"type":"Point"},"properties":{"kind":"stop","name":"W Loop S @ Knight Rd","stop_id":"11972"},"type":"Feature"},{"geometry":{"coordinates":[-95.33956,29.7686],"type":"Point"},"properties":{"kind":"stop","name":"Meadow St @ Nance St","stop_id":"11976"},"type":"Feature"},{"geometry":{"coordinates":[-95.48035,29.95984],"type":"Point"},"properties":{"kind":"stop","name":"Antoine Dr @ Veterans Memorial Dr","stop_id":"11977"},"type":"Feature"},{"geometry":{"coordinates":[-95.48037,29.95953],"type":"Point"},"properties":{"kind":"stop","name":"Antoine Dr @ Wirksworth Dr Mb","stop_id":"11978"},"type":"Feature"},{"geometry":{"coordinates":[-95.60342,29.6891],"type":"Point"},"properties":{"kind":"stop","name":"Beechnut St @ Dairy Ashford Rd","stop_id":"11979"},"type":"Feature"},{"geometry":{"coordinates":[-95.60455,29.68884],"type":"Point"},"properties":{"kind":"stop","name":"Beechnut St @ Dairy Ashford Rd","stop_id":"11980"},"type":"Feature"},{"geometry":{"coordinates":[-95.60706,29.68904],"type":"Point"},"properties":{"kind":"stop","name":"Beechnut St @ Brookwulf Dr","stop_id":"11981"},"type":"Feature"},{"geometry":{"coordinates":[-95.60739,29.6888],"type":"Point"},"properties":{"kind":"stop","name":"Beechnut St @ Brookwulf Dr","stop_id":"11982"},"type":"Feature"},{"geometry":{"coordinates":[-95.61242,29.68885],"type":"Point"},"properties":{"kind":"stop","name":"Beechnut St @ Crescent Park Village","stop_id":"11983"},"type":"Feature"},{"geometry":{"coordinates":[-95.61276,29.68854],"type":"Point"},"properties":{"kind":"stop","name":"Beechnut St @ Crescent Park Village","stop_id":"11984"},"type":"Feature"},{"geometry":{"coordinates":[-95.6142,29.68866],"type":"Point"},"properties":{"kind":"stop","name":"Beechnut St @ Synott Rd","stop_id":"11985"},"type":"Feature"},{"geometry":{"coordinates":[-95.61467,29.68842],"type":"Point"},"properties":{"kind":"stop","name":"Beechnut St @ Synott Rd","stop_id":"11986"},"type":"Feature"},{"geometry":{"coordinates":[-95.61784,29.68841],"type":"Point"},"properties":{"kind":"stop","name":"Beechnut St @ Mystic Grove Ln","stop_id":"11987"},"type":"Feature"},{"geometry":{"coordinates":[-95.61744,29.68865],"type":"Point"},"properties":{"kind":"stop","name":"Beechnut St @ Mystic Grove Ln","stop_id":"11988"},"type":"Feature"},{"geometry":{"coordinates":[-95.62187,29.68864],"type":"Point"},"properties":{"kind":"stop","name":"Beechnut St @ Eldridge Pkwy","stop_id":"11989"},"type":"Feature"},{"geometry":{"coordinates":[-95.62255,29.6884],"type":"Point"},"properties":{"kind":"stop","name":"Beechnut St @ Eldridge Pkwy","stop_id":"11990"},"type":"Feature"},{"geometry":{"coordinates":[-95.62607,29.68808],"type":"Point"},"properties":{"kind":"stop","name":"Beechnut St @ Hemlock Hill Dr","stop_id":"11991"},"type":"Feature"},{"geometry":{"coordinates":[-95.62659,29.68785],"type":"Point"},"properties":{"kind":"stop","name":"Beechnut St @ Hemlock Hill Dr","stop_id":"11992"},"type":"Feature"},{"geometry":{"coordinates":[-95.62979,29.68895],"type":"Point"},"properties":{"kind":"stop","name":"Beechnut St @ Rustling Leaves Dr","stop_id":"11993"},"type":"Feature"},{"geometry":{"coordinates":[-95.63028,29.68893],"type":"Point"},"properties":{"kind":"stop","name":"Beechnut St @ Rustling Leaves Dr","stop_id":"11994"},"type":"Feature"},{"geometry":{"coordinates":[-95.63367,29.69007],"type":"Point"},"properties":{"kind":"stop","name":"Beechnut St @ Howell Sugar Land Rd","stop_id":"11995"},"type":"Feature"},{"geometry":{"coordinates":[-95.63406,29.69033],"type":"Point"},"properties":{"kind":"stop","name":"Beechnut St @ Howell Sugar Land Rd","stop_id":"11996"},"type":"Feature"},{"geometry":{"coordinates":[-95.63455,29.69301],"type":"Point"},"properties":{"kind":"stop","name":"Pavilion Point @ Howell Sugar Land","stop_id":"11997"},"type":"Feature"},{"geometry":{"coordinates":[-95.63506,29.69313],"type":"Point"},"properties":{"kind":"stop","name":"Pavilion Point @ Howell Sugar Land","stop_id":"11998"},"type":"Feature"},{"geometry":{"coordinates":[-95.63785,29.6931],"type":"Point"},"properties":{"kind":"stop","name":"Pavilion Point @ Pavilion Dr","stop_id":"11999"},"type":"Feature"},{"geometry":{"coordinates":[-95.46388,29.71668],"type":"Point"},"properties":{"kind":"stop","name":"Fournace Pl @ Anderson St","stop_id":"120"},"type":"Feature"},{"geometry":{"coordinates":[-95.63809,29.69333],"type":"Point"},"properties":{"kind":"stop","name":"Pavilion Dr @ Pavilion Point","stop_id":"12000"},"type":"Feature"},{"geometry":{"coordinates":[-95.63822,29.70329],"type":"Point"},"properties":{"kind":"stop","name":"Pavilion Dr @ Bellaire Blvd","stop_id":"12004"},"type":"Feature"},{"geometry":{"coordinates":[-95.63808,29.70051],"type":"Point"},"properties":{"kind":"stop","name":"Pavilion Dr @ Summer Garden","stop_id":"12005"},"type":"Feature"},{"geometry":{"coordinates":[-95.63805,29.69915],"type":"Point"},"properties":{"kind":"stop","name":"Pavilion Dr @ Rancho Mission Dr","stop_id":"12006"},"type":"Feature"},{"geometry":{"coordinates":[-95.63823,29.69556],"type":"Point"},"properties":{"kind":"stop","name":"Pavilion Dr @ Empanada Dr","stop_id":"12007"},"type":"Feature"},{"geometry":{"coordinates":[-95.50888,29.61928],"type":"Point"},"properties":{"kind":"stop","name":"Fondren Rd @ S Sam Houston W Pkwy","stop_id":"12008"},"type":"Feature"},{"geometry":{"coordinates":[-95.50861,29.61932],"type":"Point"},"properties":{"kind":"stop","name":"Fondren Rd @ Sam Houston Pkwy","stop_id":"12009"},"type":"Feature"},{"geometry":{"coordinates":[-95.50922,29.61511],"type":"Point"},"properties":{"kind":"stop","name":"Fondren Rd @ Bull Run Rd","stop_id":"12010"},"type":"Feature"},{"geometry":{"coordinates":[-95.50897,29.61478],"type":"Point"},"properties":{"kind":"stop","name":"Fondren Rd @ Cangelosi Rd","stop_id":"12011"},"type":"Feature"},{"geometry":{"coordinates":[-95.50918,29.61289],"type":"Point"},"properties":{"kind":"stop","name":"Fondren Rd @ Willow Oak Dr","stop_id":"12012"},"type":"Feature"},{"geometry":{"coordinates":[-95.50886,29.61265],"type":"Point"},"properties":{"kind":"stop","name":"Fondren Rd @ Willow Oak Dr","stop_id":"12013"},"type":"Feature"},{"geometry":{"coordinates":[-95.50779,29.6095],"type":"Point"},"properties":{"kind":"stop","name":"Fondren Rd @ Chasewood Dr","stop_id":"12014"},"type":"Feature"},{"geometry":{"coordinates":[-95.50743,29.60934],"type":"Point"},"properties":{"kind":"stop","name":"Fondren Rd @ Chasewood Dr","stop_id":"12015"},"type":"Feature"},{"geometry":{"coordinates":[-95.50743,29.60612],"type":"Point"},"properties":{"kind":"stop","name":"Fondren Rd @ Covenant Crest Dr","stop_id":"12016"},"type":"Feature"},{"geometry":{"coordinates":[-95.50723,29.60583],"type":"Point"},"properties":{"kind":"stop","name":"Fondren Rd @ Chasewind Dr","stop_id":"12017"},"type":"Feature"},{"geometry":{"coordinates":[-95.50768,29.60359],"type":"Point"},"properties":{"kind":"stop","name":"Fondren Rd @ Sign St","stop_id":"12018"},"type":"Feature"},{"geometry":{"coordinates":[-95.50742,29.6033],"type":"Point"},"properties":{"kind":"stop","name":"Fondren Rd @ Sign St","stop_id":"12019"},"type":"Feature"},{"geometry":{"coordinates":[-95.50728,29.60156],"type":"Point"},"properties":{"kind":"stop","name":"W Fuqua St @ Fondren Rd","stop_id":"12020"},"type":"Feature"},{"geometry":{"coordinates":[-95.50685,29.60133],"type":"Point"},"properties":{"kind":"stop","name":"W Fuqua St @ Fondren Rd","stop_id":"12021"},"type":"Feature"},{"geometry":{"coordinates":[-95.63857,29.69585],"type":"Point"},"properties":{"kind":"stop","name":"Pavilion Dr @ Empanada  Dr","stop_id":"12022"},"type":"Feature"},{"geometry":{"coordinates":[-95.2967,29.80524],"type":"Point"},"properties":{"kind":"stop","name":"N Loop E @ Kirkpatrick Blvd","stop_id":"12026"},"type":"Feature"},{"geometry":{"coordinates":[-95.50907,29.61786],"type":"Point"},"properties":{"kind":"stop","name":"Fondren @ S Sam Houston W Pkwy Mb","stop_id":"12027"},"type":"Feature"},{"geometry":{"coordinates":[-95.50882,29.61751],"type":"Point"},"properties":{"kind":"stop","name":"Fondren Rd @ Cangelosi Rd","stop_id":"12028"},"type":"Feature"},{"geometry":{"coordinates":[-95.61162,29.70355],"type":"Point"},"properties":{"kind":"stop","name":"Bellaire Blvd @ Westwick Dr","stop_id":"12030"},"type":"Feature"},{"geometry":{"coordinates":[-95.61159,29.70326],"type":"Point"},"properties":{"kind":"stop","name":"Bellaire Blvd @ Synott Rd","stop_id":"12031"},"type":"Feature"},{"geometry":{"coordinates":[-95.44573,30.02048],"type":"Point"},"properties":{"kind":"stop","name":"Peakwood Dr @ Red Oak Dr","stop_id":"12032"},"type":"Feature"},{"geometry":{"coordinates":[-95.35438,29.72191],"type":"Point"},"properties":{"kind":"stop","name":"Cleburne St @ Canfield St","stop_id":"12045"},"type":"Feature"},{"geometry":{"coordinates":[-95.35717,29.76771],"type":"Point"},"properties":{"kind":"stop","name":"Rothwell St @ Vine St","stop_id":"12053"},"type":"Feature"},{"geometry":{"coordinates":[-95.563,29.97396],"type":"Point"},"properties":{"kind":"stop","name":"Tomball Pkwy @ Perry Rd","stop_id":"12056"},"type":"Feature"},{"geometry":{"coordinates":[-95.50865,29.66473],"type":"Point"},"properties":{"kind":"stop","name":"Fondren Rd @ Creekbend Dr","stop_id":"12057"},"type":"Feature"},{"geometry":{"coordinates":[-95.54908,29.72741],"type":"Point"},"properties":{"kind":"stop","name":"Briarpark Dr @ Richmond Ave","stop_id":"12058"},"type":"Feature"},{"geometry":{"coordinates":[-95.57588,29.68816],"type":"Point"},"properties":{"kind":"stop","name":"Beechnut St @ Leamont","stop_id":"12059"},"type":"Feature"},{"geometry":{"coordinates":[-95.46319,29.75888],"type":"Point"},"properties":{"kind":"stop","name":"S Post Oak Ln @ Post Oak Timber","stop_id":"12060"},"type":"Feature"},{"geometry":{"coordinates":[-95.46332,29.66706],"type":"Point"},"properties":{"kind":"stop","name":"S Post Oak Rd @ W Bellfort Ave Mb1","stop_id":"12061"},"type":"Feature"},{"geometry":{"coordinates":[-95.54497,29.80436],"type":"Point"},"properties":{"kind":"stop","name":"Gessner Rd @ Shadow Wood Dr","stop_id":"12062"},"type":"Feature"},{"geometry":{"coordinates":[-95.39933,29.70118],"type":"Point"},"properties":{"kind":"stop","name":"Bertner Ave @ Braeswood Blvd","stop_id":"12064"},"type":"Feature"},{"geometry":{"coordinates":[-95.39911,29.70157],"type":"Point"},"properties":{"kind":"stop","name":"Bertner Ave @ Braeswood Blvd","stop_id":"12065"},"type":"Feature"},{"geometry":{"coordinates":[-95.39751,29.75729],"type":"Point"},"properties":{"kind":"stop","name":"W Dallas St @ Waugh Dr","stop_id":"12066"},"type":"Feature"},{"geometry":{"coordinates":[-95.26574,29.78549],"type":"Point"},"properties":{"kind":"stop","name":"N Loop E @ Glesby St Mb","stop_id":"12070"},"type":"Feature"},{"geometry":{"coordinates":[-95.45898,29.80137],"type":"Point"},"properties":{"kind":"stop","name":"W 18th St @ Mangum Rd","stop_id":"12071"},"type":"Feature"},{"geometry":{"coordinates":[-95.45915,29.8016],"type":"Point"},"properties":{"kind":"stop","name":"W 18th St @ Mangum Rd","stop_id":"12072"},"type":"Feature"},{"geometry":{"coordinates":[-95.42848,29.69146],"type":"Point"},"properties":{"kind":"stop","name":"Braeswood Blvd @ Fairhope St","stop_id":"12073"},"type":"Feature"},{"geometry":{"coordinates":[-95.34718,29.70122],"type":"Point"},"properties":{"kind":"stop","name":"Griggs Rd @ Cullen Blvd Mb","stop_id":"12074"},"type":"Feature"},{"geometry":{"coordinates":[-95.45434,29.80163],"type":"Point"},"properties":{"kind":"stop","name":"W 18th St @ Northwest Fwy Mb","stop_id":"12077"},"type":"Feature"},{"geometry":{"coordinates":[-95.28357,29.70095],"type":"Point"},"properties":{"kind":"stop","name":"Office City Dr @ Berkley","stop_id":"12078"},"type":"Feature"},{"geometry":{"coordinates":[-95.28346,29.69949],"type":"Point"},"properties":{"kind":"stop","name":"Berkley @ S Loop E","stop_id":"12079"},"type":"Feature"},{"geometry":{"coordinates":[-95.56148,29.8228],"type":"Point"},"properties":{"kind":"stop","name":"Kempwood Dr @ W Sam Houston Pkwy N","stop_id":"12081"},"type":"Feature"},{"geometry":{"coordinates":[-95.56157,29.82257],"type":"Point"},"properties":{"kind":"stop","name":"Kempwood Dr @ W Sam Houston Pkwy N","stop_id":"12082"},"type":"Feature"},{"geometry":{"coordinates":[-95.47318,29.85268],"type":"Point"},"properties":{"kind":"stop","name":"Antoine Dr @ Houston Rosslyn Rd","stop_id":"12083"},"type":"Feature"},{"geometry":{"coordinates":[-95.39872,29.71214],"type":"Point"},"properties":{"kind":"stop","name":"John Freeman St @ Fannin St","stop_id":"12084"},"type":"Feature"},{"geometry":{"coordinates":[-95.45679,29.79738],"type":"Point"},"properties":{"kind":"stop","name":"N Post Oak Rd @ Hempstead Hwy","stop_id":"12086"},"type":"Feature"},{"geometry":{"coordinates":[-95.45664,29.79726],"type":"Point"},"properties":{"kind":"stop","name":"N Post Oak Rd @ Hempstead Hwy","stop_id":"12087"},"type":"Feature"},{"geometry":{"coordinates":[-95.29759,29.69719],"type":"Point"},"properties":{"kind":"stop","name":"Woodridge Dr @ Gulfgate Mall","stop_id":"12088"},"type":"Feature"},{"geometry":{"coordinates":[-95.42788,29.72477],"type":"Point"},"properties":{"kind":"stop","name":"Buffalo Speedway   @ Bissonnet St","stop_id":"12089"},"type":"Feature"},{"geometry":{"coordinates":[-95.39418,29.694],"type":"Point"},"properties":{"kind":"stop","name":"East Rd @ Cambridge St","stop_id":"12091"},"type":"Feature"},{"geometry":{"coordinates":[-95.39212,29.75724],"type":"Point"},"properties":{"kind":"stop","name":"Montrose Blvd @ W Dallas St","stop_id":"12092"},"type":"Feature"},{"geometry":{"coordinates":[-95.39236,29.75687],"type":"Point"},"properties":{"kind":"stop","name":"Montrose Blvd @ W Dallas St","stop_id":"12093"},"type":"Feature"},{"geometry":{"coordinates":[-95.49921,29.66683],"type":"Point"},"properties":{"kind":"stop","name":"Willowbend Blvd @ Albury Dr","stop_id":"12094"},"type":"Feature"},{"geometry":{"coordinates":[-95.57165,29.71987],"type":"Point"},"properties":{"kind":"stop","name":"Wilcrest Dr @ Westpark Dr","stop_id":"12096"},"type":"Feature"},{"geometry":{"coordinates":[-95.29593,29.73381],"type":"Point"},"properties":{"kind":"stop","name":"Harrisburg Blvd @ 73rd St","stop_id":"12098"},"type":"Feature"},{"geometry":{"coordinates":[-95.29728,29.73392],"type":"Point"},"properties":{"kind":"stop","name":"Forest Hill Blvd @ Harrisburg Blvd","stop_id":"12099"},"type":"Feature"},{"geometry":{"coordinates":[-95.5297,29.67145],"type":"Point"},"properties":{"kind":"stop","name":"Braeswood Blvd @ S Gessner Rd Mb","stop_id":"121"},"type":"Feature"},{"geometry":{"coordinates":[-95.45781,29.77318],"type":"Point"},"properties":{"kind":"stop","name":"Memorial Dr @ N Post Oak Ln","stop_id":"12101"},"type":"Feature"},{"geometry":{"coordinates":[-95.41229,29.92994],"type":"Point"},"properties":{"kind":"stop","name":"North Freeway @ Fallbrook Dr","stop_id":"12102"},"type":"Feature"},{"geometry":{"coordinates":[-95.41123,29.91503],"type":"Point"},"properties":{"kind":"stop","name":"West Rd @ North Freeway","stop_id":"12103"},"type":"Feature"},{"geometry":{"coordinates":[-95.40874,29.91508],"type":"Point"},"properties":{"kind":"stop","name":"West Rd @ Sweetwater Ln","stop_id":"12105"},"type":"Feature"},{"geometry":{"coordinates":[-95.40533,29.91525],"type":"Point"},"properties":{"kind":"stop","name":"West Rd @ Airline Dr","stop_id":"12106"},"type":"Feature"},{"geometry":{"coordinates":[-95.5626,29.68162],"type":"Point"},"properties":{"kind":"stop","name":"South Course Dr @ Elmsworth Dr","stop_id":"12107"},"type":"Feature"},{"geometry":{"coordinates":[-95.56257,29.67986],"type":"Point"},"properties":{"kind":"stop","name":"South Course Dr @ Evesborough Mb","stop_id":"12108"},"type":"Feature"},{"geometry":{"coordinates":[-95.5628,29.6755],"type":"Point"},"properties":{"kind":"stop","name":"South Course Dr @ Bissonnet St MB","stop_id":"12109"},"type":"Feature"},{"geometry":{"coordinates":[-95.30574,29.73527],"type":"Point"},"properties":{"kind":"stop","name":"Capitol St @ S 69th St","stop_id":"12114"},"type":"Feature"},{"geometry":{"coordinates":[-95.45349,29.70598],"type":"Point"},"properties":{"kind":"stop","name":"Bellaire Blvd @ Alpine St","stop_id":"12122"},"type":"Feature"},{"geometry":{"coordinates":[-95.38349,30.00551],"type":"Point"},"properties":{"kind":"stop","name":"Hurricane Ln @ WW Thorne Lsc Nh","stop_id":"12124"},"type":"Feature"},{"geometry":{"coordinates":[-95.27624,29.77802],"type":"Point"},"properties":{"kind":"stop","name":"East Fwy @ Portwall","stop_id":"12125"},"type":"Feature"},{"geometry":{"coordinates":[-95.36838,29.63846],"type":"Point"},"properties":{"kind":"stop","name":"Scott St @ Kipp Academy Driveway N","stop_id":"12135"},"type":"Feature"},{"geometry":{"coordinates":[-95.36837,29.63665],"type":"Point"},"properties":{"kind":"stop","name":"Scott St @ Kipp Academy Driveway S","stop_id":"12136"},"type":"Feature"},{"geometry":{"coordinates":[-95.36818,29.64195],"type":"Point"},"properties":{"kind":"stop","name":"Scott St @ South Acres Dr","stop_id":"12137"},"type":"Feature"},{"geometry":{"coordinates":[-95.36816,29.63847],"type":"Point"},"properties":{"kind":"stop","name":"Scott St @ Kipp Academy Driveway N","stop_id":"12138"},"type":"Feature"},{"geometry":{"coordinates":[-95.36834,29.63428],"type":"Point"},"properties":{"kind":"stop","name":"Scott St @ Botany Ln","stop_id":"12139"},"type":"Feature"},{"geometry":{"coordinates":[-95.3681,29.63406],"type":"Point"},"properties":{"kind":"stop","name":"Scott St @ Botany Ln","stop_id":"12140"},"type":"Feature"},{"geometry":{"coordinates":[-95.36834,29.63208],"type":"Point"},"properties":{"kind":"stop","name":"Scott St @ Hickok Ln","stop_id":"12141"},"type":"Feature"},{"geometry":{"coordinates":[-95.36806,29.63183],"type":"Point"},"properties":{"kind":"stop","name":"Scott St @ Hickok Ln","stop_id":"12142"},"type":"Feature"},{"geometry":{"coordinates":[-95.36852,29.62482],"type":"Point"},"properties":{"kind":"stop","name":"Scott St @ Cork Dr","stop_id":"12143"},"type":"Feature"},{"geometry":{"coordinates":[-95.36827,29.62504],"type":"Point"},"properties":{"kind":"stop","name":"Scott St @ Cork Dr","stop_id":"12144"},"type":"Feature"},{"geometry":{"coordinates":[-95.36845,29.62128],"type":"Point"},"properties":{"kind":"stop","name":"Scott St @ Swingle Rd","stop_id":"12145"},"type":"Feature"},{"geometry":{"coordinates":[-95.36788,29.61966],"type":"Point"},"properties":{"kind":"stop","name":"MLK Clinic","stop_id":"12146"},"type":"Feature"},{"geometry":{"coordinates":[-95.31577,29.71393],"type":"Point"},"properties":{"kind":"stop","name":"S Wayside Dr @ Telephone Rd MB","stop_id":"12148"},"type":"Feature"},{"geometry":{"coordinates":[-95.3971,29.71428],"type":"Point"},"properties":{"kind":"stop","name":"Mem Hrm Hosp/houston Zoo Stn Nb","stop_id":"12153"},"type":"Feature"},{"geometry":{"coordinates":[-95.36813,29.63552],"type":"Point"},"properties":{"kind":"stop","name":"Scott St @ Bessie Swindle Way","stop_id":"12156"},"type":"Feature"},{"geometry":{"coordinates":[-95.57639,29.99447],"type":"Point"},"properties":{"kind":"stop","name":"Tomball Pkwy @ Vintage Preserve Pky","stop_id":"12166"},"type":"Feature"},{"geometry":{"coordinates":[-95.29893,29.73333],"type":"Point"},"properties":{"kind":"stop","name":"Capitol St @ 72nd St","stop_id":"12167"},"type":"Feature"},{"geometry":{"coordinates":[-95.57301,29.68007],"type":"Point"},"properties":{"kind":"stop","name":"El Franco Lee Clinic 2","stop_id":"12168"},"type":"Feature"},{"geometry":{"coordinates":[-95.3579,29.75925],"type":"Point"},"properties":{"kind":"stop","name":"Austin St @ Preston St","stop_id":"12169"},"type":"Feature"},{"geometry":{"coordinates":[-95.39669,29.68908],"type":"Point"},"properties":{"kind":"stop","name":"El Paseo St @ Cambridge St Mb","stop_id":"12170"},"type":"Feature"},{"geometry":{"coordinates":[-95.47329,29.59615],"type":"Point"},"properties":{"kind":"stop","name":"W Ridgecreek Dr @ Samoa Way","stop_id":"12171"},"type":"Feature"},{"geometry":{"coordinates":[-95.45782,29.76501],"type":"Point"},"properties":{"kind":"stop","name":"Woodway Dr @ N Post Oak Ln","stop_id":"12172"},"type":"Feature"},{"geometry":{"coordinates":[-95.3892,29.80698],"type":"Point"},"properties":{"kind":"stop","name":"N Main St @ E 22nd St","stop_id":"12173"},"type":"Feature"},{"geometry":{"coordinates":[-95.39083,29.70877],"type":"Point"},"properties":{"kind":"stop","name":"Cambridge St @ Mac Gregor Way","stop_id":"12175"},"type":"Feature"},{"geometry":{"coordinates":[-95.35852,29.77194],"type":"Point"},"properties":{"kind":"stop","name":"Burnett Transit Center","stop_id":"12176"},"type":"Feature"},{"geometry":{"coordinates":[-95.3717,29.8375],"type":"Point"},"properties":{"kind":"stop","name":"Berry Rd @ Bauman Rd","stop_id":"12179"},"type":"Feature"},{"geometry":{"coordinates":[-95.36083,29.78588],"type":"Point"},"properties":{"kind":"stop","name":"Fulton St @ Panama St","stop_id":"12185"},"type":"Feature"},{"geometry":{"coordinates":[-95.36055,29.78594],"type":"Point"},"properties":{"kind":"stop","name":"Fulton St @ Hammock St","stop_id":"12186"},"type":"Feature"},{"geometry":{"coordinates":[-95.37205,29.85821],"type":"Point"},"properties":{"kind":"stop","name":"Bauman Rd @ Wellington St","stop_id":"12192"},"type":"Feature"},{"geometry":{"coordinates":[-95.40636,29.68424],"type":"Point"},"properties":{"kind":"stop","name":"NRG Park","stop_id":"12194"},"type":"Feature"},{"geometry":{"coordinates":[-95.36411,29.76267],"type":"Point"},"properties":{"kind":"stop","name":"Louisiana St @ Preston St","stop_id":"12196"},"type":"Feature"},{"geometry":{"coordinates":[-95.35981,29.78164],"type":"Point"},"properties":{"kind":"stop","name":"Fulton St @ Quitman St","stop_id":"12197"},"type":"Feature"},{"geometry":{"coordinates":[-95.33711,29.7088],"type":"Point"},"properties":{"kind":"stop","name":"Old Spanish Trail @ M L King Blvd","stop_id":"12198"},"type":"Feature"},{"geometry":{"coordinates":[-95.33734,29.70839],"type":"Point"},"properties":{"kind":"stop","name":"Old Spanish Trail @ M L King Blvd","stop_id":"12199"},"type":"Feature"},{"geometry":{"coordinates":[-95.39829,29.75315],"type":"Point"},"properties":{"kind":"stop","name":"W Gray St @ Waugh Dr","stop_id":"122"},"type":"Feature"},{"geometry":{"coordinates":[-95.33449,29.70515],"type":"Point"},"properties":{"kind":"stop","name":"M L King Blvd @ Albemarle Dr","stop_id":"12200"},"type":"Feature"},{"geometry":{"coordinates":[-95.3342,29.7052],"type":"Point"},"properties":{"kind":"stop","name":"Martin Luther King @ Albemarle Dr","stop_id":"12201"},"type":"Feature"},{"geometry":{"coordinates":[-95.33986,29.71645],"type":"Point"},"properties":{"kind":"stop","name":"M L King Blvd @ Wheeler St","stop_id":"12213"},"type":"Feature"},{"geometry":{"coordinates":[-95.36641,29.76125],"type":"Point"},"properties":{"kind":"stop","name":"Capitol St @ Smith St","stop_id":"12223"},"type":"Feature"},{"geometry":{"coordinates":[-95.46479,29.61205],"type":"Point"},"properties":{"kind":"stop","name":"S Post Oak Rd @ W Fuqua St","stop_id":"12228"},"type":"Feature"},{"geometry":{"coordinates":[-95.31534,29.77567],"type":"Point"},"properties":{"kind":"stop","name":"Farmer St Eb @ 5Th Wd Dnvr Hrb Tc","stop_id":"12229"},"type":"Feature"},{"geometry":{"coordinates":[-95.29808,29.83502],"type":"Point"},"properties":{"kind":"stop","name":"Darien St @ W Knoll St","stop_id":"12230"},"type":"Feature"},{"geometry":{"coordinates":[-95.30185,29.83494],"type":"Point"},"properties":{"kind":"stop","name":"W Knoll St @ Homestead Rd","stop_id":"12231"},"type":"Feature"},{"geometry":{"coordinates":[-95.15789,29.54778],"type":"Point"},"properties":{"kind":"stop","name":"El Dorado Park & Ride","stop_id":"12237"},"type":"Feature"},{"geometry":{"coordinates":[-95.6391,29.77548],"type":"Point"},"properties":{"kind":"stop","name":"Memorial Dr @ Fleetwood Place Dr","stop_id":"12239"},"type":"Feature"},{"geometry":{"coordinates":[-95.49008,29.77497],"type":"Point"},"properties":{"kind":"stop","name":"Memorial Dr @ Three Corners Dr","stop_id":"12240"},"type":"Feature"},{"geometry":{"coordinates":[-95.5143,29.79434],"type":"Point"},"properties":{"kind":"stop","name":"Westview Dr @ Campbell Rd","stop_id":"12241"},"type":"Feature"},{"geometry":{"coordinates":[-95.57031,29.65518],"type":"Point"},"properties":{"kind":"stop","name":"W Bellfort Ave @ Wilcrest Dr","stop_id":"12242"},"type":"Feature"},{"geometry":{"coordinates":[-95.40842,29.6726],"type":"Point"},"properties":{"kind":"stop","name":"W Bellfort Ave @ Centerpoint Dr","stop_id":"12300"},"type":"Feature"},{"geometry":{"coordinates":[-95.40829,29.67243],"type":"Point"},"properties":{"kind":"stop","name":"W Bellfort Ave @ Centerpoint Dr","stop_id":"12301"},"type":"Feature"},{"geometry":{"coordinates":[-95.41191,29.67309],"type":"Point"},"properties":{"kind":"stop","name":"W Bellfort Ave @ Kirby Dr","stop_id":"12302"},"type":"Feature"},{"geometry":{"coordinates":[-95.41498,29.67323],"type":"Point"},"properties":{"kind":"stop","name":"W Bellfort Ave @ Interchange Dr","stop_id":"12303"},"type":"Feature"},{"geometry":{"coordinates":[-95.4251,29.672],"type":"Point"},"properties":{"kind":"stop","name":"W Bellfort Ave @ Buffalo Speedway","stop_id":"12304"},"type":"Feature"},{"geometry":{"coordinates":[-95.43066,29.67294],"type":"Point"},"properties":{"kind":"stop","name":"W Bellfort Ave @ S Main St","stop_id":"12305"},"type":"Feature"},{"geometry":{"coordinates":[-95.4318,29.67313],"type":"Point"},"properties":{"kind":"stop","name":"W Bellfort Ave @ S Main St","stop_id":"12306"},"type":"Feature"},{"geometry":{"coordinates":[-95.43955,29.67342],"type":"Point"},"properties":{"kind":"stop","name":"W Bellfort Ave @ Stella Link Rd","stop_id":"12307"},"type":"Feature"},{"geometry":{"coordinates":[-95.44046,29.67319],"type":"Point"},"properties":{"kind":"stop","name":"W Bellfort Ave @ Stella Link Rd","stop_id":"12308"},"type":"Feature"},{"geometry":{"coordinates":[-95.57451,29.68249],"type":"Point"},"properties":{"kind":"stop","name":"Boone Rd @ Shannon Hills Dr","stop_id":"12309"},"type":"Feature"},{"geometry":{"coordinates":[-95.57467,29.68282],"type":"Point"},"properties":{"kind":"stop","name":"Boone Rd @ Shannon Hills Dr","stop_id":"12310"},"type":"Feature"},{"geometry":{"coordinates":[-95.57457,29.68774],"type":"Point"},"properties":{"kind":"stop","name":"Boone Rd @ Beechnut St","stop_id":"12311"},"type":"Feature"},{"geometry":{"coordinates":[-95.57475,29.68761],"type":"Point"},"properties":{"kind":"stop","name":"Boone Rd @ Beechnut St","stop_id":"12312"},"type":"Feature"},{"geometry":{"coordinates":[-95.61426,29.68421],"type":"Point"},"properties":{"kind":"stop","name":"Synott Rd @ Newbrook Dr","stop_id":"12313"},"type":"Feature"},{"geometry":{"coordinates":[-95.61426,29.68828],"type":"Point"},"properties":{"kind":"stop","name":"Synott Rd @ Beechnut St","stop_id":"12314"},"type":"Feature"},{"geometry":{"coordinates":[-95.61066,29.68457],"type":"Point"},"properties":{"kind":"stop","name":"Beckford Dr @ Newbrook Dr","stop_id":"12315"},"type":"Feature"},{"geometry":{"coordinates":[-95.61068,29.68092],"type":"Point"},"properties":{"kind":"stop","name":"Beckford Dr @ Bissonnet St","stop_id":"12316"},"type":"Feature"},{"geometry":{"coordinates":[-95.63795,29.69882],"type":"Point"},"properties":{"kind":"stop","name":"Pavilion Dr @ Rancho Mission Dr","stop_id":"12317"},"type":"Feature"},{"geometry":{"coordinates":[-95.63793,29.70026],"type":"Point"},"properties":{"kind":"stop","name":"Pavilion Dr @ Summer Garden Dr","stop_id":"12318"},"type":"Feature"},{"geometry":{"coordinates":[-95.63796,29.70384],"type":"Point"},"properties":{"kind":"stop","name":"Pavilion Dr @ Bellaire Blvd","stop_id":"12319"},"type":"Feature"},{"geometry":{"coordinates":[-95.63434,29.70447],"type":"Point"},"properties":{"kind":"stop","name":"Howell Sugarland Rd @ Bellaire Blvd","stop_id":"12320"},"type":"Feature"},{"geometry":{"coordinates":[-95.63455,29.70425],"type":"Point"},"properties":{"kind":"stop","name":"Howell Sugarland Rd @ Bellaire Blvd","stop_id":"12321"},"type":"Feature"},{"geometry":{"coordinates":[-95.63437,29.70798],"type":"Point"},"properties":{"kind":"stop","name":"Howell Sugarland Rd @ Rio Bonito Rd","stop_id":"12322"},"type":"Feature"},{"geometry":{"coordinates":[-95.63459,29.7084],"type":"Point"},"properties":{"kind":"stop","name":"Howell Sugarland Rd @ Rio Bonito Rd","stop_id":"12323"},"type":"Feature"},{"geometry":{"coordinates":[-95.51373,29.71684],"type":"Point"},"properties":{"kind":"stop","name":"Bonhomme Rd @ Harwin Dr","stop_id":"12325"},"type":"Feature"},{"geometry":{"coordinates":[-95.51369,29.71265],"type":"Point"},"properties":{"kind":"stop","name":"Bonhomme Rd @ Bellerive Dr","stop_id":"12326"},"type":"Feature"},{"geometry":{"coordinates":[-95.49331,29.71628],"type":"Point"},"properties":{"kind":"stop","name":"Gulfton Dr @ Westward St","stop_id":"12327"},"type":"Feature"},{"geometry":{"coordinates":[-95.48917,29.71628],"type":"Point"},"properties":{"kind":"stop","name":"Gulfton Dr @ Rampart St","stop_id":"12328"},"type":"Feature"},{"geometry":{"coordinates":[-95.48518,29.71634],"type":"Point"},"properties":{"kind":"stop","name":"Gulfton Dr @ Renwick Dr","stop_id":"12329"},"type":"Feature"},{"geometry":{"coordinates":[-95.48076,29.71638],"type":"Point"},"properties":{"kind":"stop","name":"Gulfton Dr @ Alder Dr","stop_id":"12330"},"type":"Feature"},{"geometry":{"coordinates":[-95.47679,29.71642],"type":"Point"},"properties":{"kind":"stop","name":"Gulfton Dr @ Chimney Rock Rd","stop_id":"12331"},"type":"Feature"},{"geometry":{"coordinates":[-95.47243,29.71646],"type":"Point"},"properties":{"kind":"stop","name":"Gulfton Dr @ Royalton St","stop_id":"12332"},"type":"Feature"},{"geometry":{"coordinates":[-95.37889,29.7316],"type":"Point"},"properties":{"kind":"stop","name":"Wheeler Ave @ Labranch St","stop_id":"12333"},"type":"Feature"},{"geometry":{"coordinates":[-95.37853,29.73154],"type":"Point"},"properties":{"kind":"stop","name":"Wheeler Ave @ Labranch St","stop_id":"12334"},"type":"Feature"},{"geometry":{"coordinates":[-95.37642,29.73013],"type":"Point"},"properties":{"kind":"stop","name":"Wheeler Ave @ Almeda Rd","stop_id":"12335"},"type":"Feature"},{"geometry":{"coordinates":[-95.37591,29.72999],"type":"Point"},"properties":{"kind":"stop","name":"Wheeler Ave @ Almeda Rd","stop_id":"12336"},"type":"Feature"},{"geometry":{"coordinates":[-95.37119,29.72697],"type":"Point"},"properties":{"kind":"stop","name":"Wheeler Ave @ Emancipation Ave","stop_id":"12337"},"type":"Feature"},{"geometry":{"coordinates":[-95.37075,29.72689],"type":"Point"},"properties":{"kind":"stop","name":"Wheeler Ave @ Emancipation Ave","stop_id":"12338"},"type":"Feature"},{"geometry":{"coordinates":[-95.45446,29.74674],"type":"Point"},"properties":{"kind":"stop","name":"San Felipe Rd @ W Loop S","stop_id":"12339"},"type":"Feature"},{"geometry":{"coordinates":[-95.48288,29.74986],"type":"Point"},"properties":{"kind":"stop","name":"San Felipe Rd @ Augusta Dr","stop_id":"12340"},"type":"Feature"},{"geometry":{"coordinates":[-95.47982,29.7499],"type":"Point"},"properties":{"kind":"stop","name":"San Felipe Rd @ Bering Dr","stop_id":"12341"},"type":"Feature"},{"geometry":{"coordinates":[-95.47719,29.74994],"type":"Point"},"properties":{"kind":"stop","name":"San Felipe Rd @ Chimney Rock Rd","stop_id":"12342"},"type":"Feature"},{"geometry":{"coordinates":[-95.45517,29.74669],"type":"Point"},"properties":{"kind":"stop","name":"San Felipe Rd @ Westcreek Ln","stop_id":"12343"},"type":"Feature"},{"geometry":{"coordinates":[-95.45085,29.74656],"type":"Point"},"properties":{"kind":"stop","name":"San Felipe Rd @ Briarglen Dr","stop_id":"12344"},"type":"Feature"},{"geometry":{"coordinates":[-95.28912,29.66127],"type":"Point"},"properties":{"kind":"stop","name":"Telephone Rd @ Dillon St","stop_id":"12346"},"type":"Feature"},{"geometry":{"coordinates":[-95.28881,29.66097],"type":"Point"},"properties":{"kind":"stop","name":"Telephone Rd @ Morely St","stop_id":"12347"},"type":"Feature"},{"geometry":{"coordinates":[-95.28905,29.65757],"type":"Point"},"properties":{"kind":"stop","name":"Telephone Rd @ Fauna St","stop_id":"12348"},"type":"Feature"},{"geometry":{"coordinates":[-95.28873,29.6574],"type":"Point"},"properties":{"kind":"stop","name":"Telephone Rd @ Fauna St","stop_id":"12349"},"type":"Feature"},{"geometry":{"coordinates":[-95.28049,29.65766],"type":"Point"},"properties":{"kind":"stop","name":"Airport Blvd @ Rent A Car Rd","stop_id":"12350"},"type":"Feature"},{"geometry":{"coordinates":[-95.28004,29.65797],"type":"Point"},"properties":{"kind":"stop","name":"Airport Blvd @ Rent A Car Rd","stop_id":"12351"},"type":"Feature"},{"geometry":{"coordinates":[-95.28351,29.65761],"type":"Point"},"properties":{"kind":"stop","name":"Airport Blvd @ Fuel Farm Rd","stop_id":"12352"},"type":"Feature"},{"geometry":{"coordinates":[-95.28301,29.6579],"type":"Point"},"properties":{"kind":"stop","name":"Airport Blvd @ Fuel Farm Rd","stop_id":"12353"},"type":"Feature"},{"geometry":{"coordinates":[-95.46712,29.74995],"type":"Point"},"properties":{"kind":"stop","name":"Sage Rd @ San Felipe Rd","stop_id":"12354"},"type":"Feature"},{"geometry":{"coordinates":[-95.46729,29.74978],"type":"Point"},"properties":{"kind":"stop","name":"Sage Rd @ San Felipe Rd","stop_id":"12355"},"type":"Feature"},{"geometry":{"coordinates":[-95.46698,29.7458],"type":"Point"},"properties":{"kind":"stop","name":"Sage Rd @ Chevy Chase Dr","stop_id":"12356"},"type":"Feature"},{"geometry":{"coordinates":[-95.46715,29.7464],"type":"Point"},"properties":{"kind":"stop","name":"Sage Rd @ Chevy Chase Dr","stop_id":"12357"},"type":"Feature"},{"geometry":{"coordinates":[-95.46694,29.74341],"type":"Point"},"properties":{"kind":"stop","name":"Sage Rd @ Meadow Lake Ln","stop_id":"12358"},"type":"Feature"},{"geometry":{"coordinates":[-95.46709,29.74372],"type":"Point"},"properties":{"kind":"stop","name":"Sage Rd @ Meadow Lake Ln","stop_id":"12359"},"type":"Feature"},{"geometry":{"coordinates":[-95.34761,29.75825],"type":"Point"},"properties":{"kind":"stop","name":"Navigation Blvd @ Canal St","stop_id":"1236"},"type":"Feature"},{"geometry":{"coordinates":[-95.46705,29.74073],"type":"Point"},"properties":{"kind":"stop","name":"Sage Rd @ Westheimer Rd","stop_id":"12360"},"type":"Feature"},{"geometry":{"coordinates":[-95.46692,29.73826],"type":"Point"},"properties":{"kind":"stop","name":"Sage Rd @ Alabama St","stop_id":"12361"},"type":"Feature"},{"geometry":{"coordinates":[-95.46686,29.73481],"type":"Point"},"properties":{"kind":"stop","name":"Sage Rd @ Hidalgo St","stop_id":"12362"},"type":"Feature"},{"geometry":{"coordinates":[-95.29657,29.77548],"type":"Point"},"properties":{"kind":"stop","name":"East Fwy @ Port St","stop_id":"12365"},"type":"Feature"},{"geometry":{"coordinates":[-95.2928,29.777],"type":"Point"},"properties":{"kind":"stop","name":"East Freeway @ N Wayside Dr","stop_id":"12366"},"type":"Feature"},{"geometry":{"coordinates":[-95.28447,29.77755],"type":"Point"},"properties":{"kind":"stop","name":"East Freeway @ Mccarty St","stop_id":"12367"},"type":"Feature"},{"geometry":{"coordinates":[-95.27874,29.77755],"type":"Point"},"properties":{"kind":"stop","name":"East Fwy @ Allen St","stop_id":"12368"},"type":"Feature"},{"geometry":{"coordinates":[-95.27171,29.77812],"type":"Point"},"properties":{"kind":"stop","name":"Gellhorn Dr @ East Fwy","stop_id":"12369"},"type":"Feature"},{"geometry":{"coordinates":[-95.34712,29.75821],"type":"Point"},"properties":{"kind":"stop","name":"Canal St @ Navigation Blvd","stop_id":"1237"},"type":"Feature"},{"geometry":{"coordinates":[-95.28206,29.77852],"type":"Point"},"properties":{"kind":"stop","name":"East Fwy @ Pearl St","stop_id":"12371"},"type":"Feature"},{"geometry":{"coordinates":[-95.29251,29.778],"type":"Point"},"properties":{"kind":"stop","name":"East Fwy @ N Wayside Dr","stop_id":"12372"},"type":"Feature"},{"geometry":{"coordinates":[-95.29607,29.77654],"type":"Point"},"properties":{"kind":"stop","name":"East Fwy @ Port St","stop_id":"12373"},"type":"Feature"},{"geometry":{"coordinates":[-95.30086,29.77486],"type":"Point"},"properties":{"kind":"stop","name":"East Fwy @ Lathrop St","stop_id":"12374"},"type":"Feature"},{"geometry":{"coordinates":[-95.4176,29.79019],"type":"Point"},"properties":{"kind":"stop","name":"W 11th St @ TC Jester Blvd Mb","stop_id":"12375"},"type":"Feature"},{"geometry":{"coordinates":[-95.41738,29.7769],"type":"Point"},"properties":{"kind":"stop","name":"Katy Freeway @ TC Jester Blvd","stop_id":"12376"},"type":"Feature"},{"geometry":{"coordinates":[-95.4178,29.77799],"type":"Point"},"properties":{"kind":"stop","name":"Katy Freeway @ TC Jester Blvd","stop_id":"12377"},"type":"Feature"},{"geometry":{"coordinates":[-95.41374,29.77695],"type":"Point"},"properties":{"kind":"stop","name":"Katy Freeway @ Reinerman St","stop_id":"12378"},"type":"Feature"},{"geometry":{"coordinates":[-95.41389,29.77803],"type":"Point"},"properties":{"kind":"stop","name":"Katy Freeway @ Reinerman St","stop_id":"12379"},"type":"Feature"},{"geometry":{"coordinates":[-95.34503,29.7569],"type":"Point"},"properties":{"kind":"stop","name":"Canal St @ N St Charles St","stop_id":"1238"},"type":"Feature"},{"geometry":{"coordinates":[-95.40979,29.77701],"type":"Point"},"properties":{"kind":"stop","name":"Katy Freeway @ Shepherd Dr","stop_id":"12380"},"type":"Feature"},{"geometry":{"coordinates":[-95.40834,29.778],"type":"Point"},"properties":{"kind":"stop","name":"Katy Freeway @ Shepherd Dr","stop_id":"12381"},"type":"Feature"},{"geometry":{"coordinates":[-95.39885,29.77605],"type":"Point"},"properties":{"kind":"stop","name":"Katy Freeway @ Yale St","stop_id":"12382"},"type":"Feature"},{"geometry":{"coordinates":[-95.39854,29.77697],"type":"Point"},"properties":{"kind":"stop","name":"Katy Freeway @ Yale St","stop_id":"12383"},"type":"Feature"},{"geometry":{"coordinates":[-95.38077,29.77948],"type":"Point"},"properties":{"kind":"stop","name":"White Oak Dr @ Watson St","stop_id":"12384"},"type":"Feature"},{"geometry":{"coordinates":[-95.38081,29.7796],"type":"Point"},"properties":{"kind":"stop","name":"White Oak Dr @ Watson St","stop_id":"12385"},"type":"Feature"},{"geometry":{"coordinates":[-95.36742,29.7794],"type":"Point"},"properties":{"kind":"stop","name":"White Oak Dr @ South St","stop_id":"12387"},"type":"Feature"},{"geometry":{"coordinates":[-95.36711,29.77964],"type":"Point"},"properties":{"kind":"stop","name":"White Oak Dr @ South St","stop_id":"12388"},"type":"Feature"},{"geometry":{"coordinates":[-95.36411,29.78063],"type":"Point"},"properties":{"kind":"stop","name":"Quitman St @ N Main St","stop_id":"12389"},"type":"Feature"},{"geometry":{"coordinates":[-95.3431,29.75573],"type":"Point"},"properties":{"kind":"stop","name":"Canal St @ Delano St","stop_id":"1239"},"type":"Feature"},{"geometry":{"coordinates":[-95.36038,29.78197],"type":"Point"},"properties":{"kind":"stop","name":"Quitman St @ Fulton St","stop_id":"12390"},"type":"Feature"},{"geometry":{"coordinates":[-95.35984,29.78231],"type":"Point"},"properties":{"kind":"stop","name":"Quitman St @ Fulton St","stop_id":"12391"},"type":"Feature"},{"geometry":{"coordinates":[-95.37223,29.78064],"type":"Point"},"properties":{"kind":"stop","name":"White Oak Dr @ Houston Ave","stop_id":"12392"},"type":"Feature"},{"geometry":{"coordinates":[-95.38066,29.78108],"type":"Point"},"properties":{"kind":"stop","name":"Taylor St @ Usener St","stop_id":"12395"},"type":"Feature"},{"geometry":{"coordinates":[-95.3809,29.78071],"type":"Point"},"properties":{"kind":"stop","name":"Watson St @ Usener St","stop_id":"12396"},"type":"Feature"},{"geometry":{"coordinates":[-95.38283,29.7685],"type":"Point"},"properties":{"kind":"stop","name":"Sawyer St @ Washington Ave","stop_id":"12399"},"type":"Feature"},{"geometry":{"coordinates":[-95.34217,29.75516],"type":"Point"},"properties":{"kind":"stop","name":"Canal St @ N Paige St","stop_id":"1240"},"type":"Feature"},{"geometry":{"coordinates":[-95.43425,29.87063],"type":"Point"},"properties":{"kind":"stop","name":"Victory Dr @ Virgil St","stop_id":"12400"},"type":"Feature"},{"geometry":{"coordinates":[-95.42991,29.87076],"type":"Point"},"properties":{"kind":"stop","name":"Victory Dr @ Wheatley St","stop_id":"12401"},"type":"Feature"},{"geometry":{"coordinates":[-95.42949,29.871],"type":"Point"},"properties":{"kind":"stop","name":"N Victory Dr @ Wheatley St","stop_id":"12402"},"type":"Feature"},{"geometry":{"coordinates":[-95.42354,29.87103],"type":"Point"},"properties":{"kind":"stop","name":"N Victory Dr @ Knox St","stop_id":"12403"},"type":"Feature"},{"geometry":{"coordinates":[-95.42065,29.87176],"type":"Point"},"properties":{"kind":"stop","name":"De Priest St @ Prosper St","stop_id":"12405"},"type":"Feature"},{"geometry":{"coordinates":[-95.42077,29.87118],"type":"Point"},"properties":{"kind":"stop","name":"De Priest St @ N Victory Dr","stop_id":"12406"},"type":"Feature"},{"geometry":{"coordinates":[-95.42103,29.87419],"type":"Point"},"properties":{"kind":"stop","name":"De Priest St @ Ringold St","stop_id":"12407"},"type":"Feature"},{"geometry":{"coordinates":[-95.41504,29.8708],"type":"Point"},"properties":{"kind":"stop","name":"Victory Dr @ Banjo St","stop_id":"12408"},"type":"Feature"},{"geometry":{"coordinates":[-95.5361,29.78139],"type":"Point"},"properties":{"kind":"stop","name":"Memorial City Way @ Gaylord Dr","stop_id":"12409"},"type":"Feature"},{"geometry":{"coordinates":[-95.34062,29.7542],"type":"Point"},"properties":{"kind":"stop","name":"Canal St @ N Palmer St","stop_id":"1241"},"type":"Feature"},{"geometry":{"coordinates":[-95.53602,29.78031],"type":"Point"},"properties":{"kind":"stop","name":"Memorial City Way @ Barryknoll Ln","stop_id":"12410"},"type":"Feature"},{"geometry":{"coordinates":[-95.54406,29.77825],"type":"Point"},"properties":{"kind":"stop","name":"Barryknoll Ln @ Gessner Rd","stop_id":"12412"},"type":"Feature"},{"geometry":{"coordinates":[-95.42898,29.80153],"type":"Point"},"properties":{"kind":"stop","name":"W 18th St @ W TC Jester Blvd","stop_id":"12413"},"type":"Feature"},{"geometry":{"coordinates":[-95.43527,29.80151],"type":"Point"},"properties":{"kind":"stop","name":"W 18th St @ Seaspray Ct","stop_id":"12414"},"type":"Feature"},{"geometry":{"coordinates":[-95.43499,29.80172],"type":"Point"},"properties":{"kind":"stop","name":"W 18th St @ Seaspray Ct","stop_id":"12415"},"type":"Feature"},{"geometry":{"coordinates":[-95.56956,29.81303],"type":"Point"},"properties":{"kind":"stop","name":"Hammerly Blvd @ Brittmoore Rd","stop_id":"12416"},"type":"Feature"},{"geometry":{"coordinates":[-95.56983,29.8201],"type":"Point"},"properties":{"kind":"stop","name":"Brittmoore Rd @ Alcott Dr","stop_id":"12417"},"type":"Feature"},{"geometry":{"coordinates":[-95.57004,29.81624],"type":"Point"},"properties":{"kind":"stop","name":"Brittmoore Rd @ Alcott Dr","stop_id":"12418"},"type":"Feature"},{"geometry":{"coordinates":[-95.56984,29.82336],"type":"Point"},"properties":{"kind":"stop","name":"Brittmoore Rd @ Kempwood Dr","stop_id":"12419"},"type":"Feature"},{"geometry":{"coordinates":[-95.33809,29.75269],"type":"Point"},"properties":{"kind":"stop","name":"Canal St @ N Sampson St","stop_id":"1242"},"type":"Feature"},{"geometry":{"coordinates":[-95.57004,29.82373],"type":"Point"},"properties":{"kind":"stop","name":"Brittmoore Rd @ Kempwood Dr","stop_id":"12420"},"type":"Feature"},{"geometry":{"coordinates":[-95.56987,29.82728],"type":"Point"},"properties":{"kind":"stop","name":"Brittmoore Rd @ Mossridge Rd","stop_id":"12421"},"type":"Feature"},{"geometry":{"coordinates":[-95.57007,29.82763],"type":"Point"},"properties":{"kind":"stop","name":"Brittmoore Rd @ Mossridge Rd","stop_id":"12422"},"type":"Feature"},{"geometry":{"coordinates":[-95.56986,29.83157],"type":"Point"},"properties":{"kind":"stop","name":"Brittmoore Rd @ Clay Rd","stop_id":"12423"},"type":"Feature"},{"geometry":{"coordinates":[-95.57008,29.83153],"type":"Point"},"properties":{"kind":"stop","name":"Brittmoore Rd @ Clay Rd","stop_id":"12424"},"type":"Feature"},{"geometry":{"coordinates":[-95.56695,29.83201],"type":"Point"},"properties":{"kind":"stop","name":"Clay Rd @ Claymoore Park Dr","stop_id":"12425"},"type":"Feature"},{"geometry":{"coordinates":[-95.56336,29.83527],"type":"Point"},"properties":{"kind":"stop","name":"Sam Houston Pkwy @ Capital Park Dr","stop_id":"12426"},"type":"Feature"},{"geometry":{"coordinates":[-95.55948,29.83606],"type":"Point"},"properties":{"kind":"stop","name":"Capital Park Way @ Westway Park Bl*","stop_id":"12427"},"type":"Feature"},{"geometry":{"coordinates":[-95.55977,29.83224],"type":"Point"},"properties":{"kind":"stop","name":"Westway Park Blvd @ Clay Rd","stop_id":"12428"},"type":"Feature"},{"geometry":{"coordinates":[-95.56185,29.83209],"type":"Point"},"properties":{"kind":"stop","name":"Clay Rd @ Sam Houston Pkwy","stop_id":"12429"},"type":"Feature"},{"geometry":{"coordinates":[-95.33637,29.75165],"type":"Point"},"properties":{"kind":"stop","name":"Canal St @ N Hutcheson St","stop_id":"1243"},"type":"Feature"},{"geometry":{"coordinates":[-95.56318,29.83117],"type":"Point"},"properties":{"kind":"stop","name":"Sam Houston Pkwy @ Clay Rd","stop_id":"12430"},"type":"Feature"},{"geometry":{"coordinates":[-95.33533,29.75101],"type":"Point"},"properties":{"kind":"stop","name":"Canal St @ N Milby St","stop_id":"1244"},"type":"Feature"},{"geometry":{"coordinates":[-95.33298,29.74981],"type":"Point"},"properties":{"kind":"stop","name":"Canal St @ Hunt St","stop_id":"1245"},"type":"Feature"},{"geometry":{"coordinates":[-95.33141,29.74933],"type":"Point"},"properties":{"kind":"stop","name":"Canal St @ S Sidney St","stop_id":"1246"},"type":"Feature"},{"geometry":{"coordinates":[-95.50034,29.86581],"type":"Point"},"properties":{"kind":"stop","name":"Little York Rd @ Langfield Rd","stop_id":"12466"},"type":"Feature"},{"geometry":{"coordinates":[-95.49967,29.86554],"type":"Point"},"properties":{"kind":"stop","name":"Little York Rd @ Langfield Rd","stop_id":"12467"},"type":"Feature"},{"geometry":{"coordinates":[-95.49516,29.86555],"type":"Point"},"properties":{"kind":"stop","name":"Little York Rd @ Yorkfield Rd","stop_id":"12468"},"type":"Feature"},{"geometry":{"coordinates":[-95.49479,29.86585],"type":"Point"},"properties":{"kind":"stop","name":"Little York Rd @ Yorkfield Rd","stop_id":"12469"},"type":"Feature"},{"geometry":{"coordinates":[-95.32992,29.74888],"type":"Point"},"properties":{"kind":"stop","name":"Canal St @ Eastwood St","stop_id":"1247"},"type":"Feature"},{"geometry":{"coordinates":[-95.49144,29.8656],"type":"Point"},"properties":{"kind":"stop","name":"Little York Rd @ Pineburr Ln","stop_id":"12470"},"type":"Feature"},{"geometry":{"coordinates":[-95.4912,29.86584],"type":"Point"},"properties":{"kind":"stop","name":"Little York Rd @ Pineburr Ln","stop_id":"12471"},"type":"Feature"},{"geometry":{"coordinates":[-95.48707,29.86561],"type":"Point"},"properties":{"kind":"stop","name":"Little York Rd @ Bingle Rd","stop_id":"12472"},"type":"Feature"},{"geometry":{"coordinates":[-95.48716,29.86584],"type":"Point"},"properties":{"kind":"stop","name":"Little York Rd @ Bingle Rd","stop_id":"12473"},"type":"Feature"},{"geometry":{"coordinates":[-95.47931,29.86548],"type":"Point"},"properties":{"kind":"stop","name":"Victory Dr @ Little York Rd","stop_id":"12474"},"type":"Feature"},{"geometry":{"coordinates":[-95.39472,29.86981],"type":"Point"},"properties":{"kind":"stop","name":"Little York Rd @ Werner St","stop_id":"12478"},"type":"Feature"},{"geometry":{"coordinates":[-95.39438,29.87005],"type":"Point"},"properties":{"kind":"stop","name":"Little York Rd @ Werner St","stop_id":"12479"},"type":"Feature"},{"geometry":{"coordinates":[-95.32885,29.74855],"type":"Point"},"properties":{"kind":"stop","name":"Canal St @ Super","stop_id":"1248"},"type":"Feature"},{"geometry":{"coordinates":[-95.39142,29.86985],"type":"Point"},"properties":{"kind":"stop","name":"Little York Rd @ Nordling Rd","stop_id":"12480"},"type":"Feature"},{"geometry":{"coordinates":[-95.39166,29.87008],"type":"Point"},"properties":{"kind":"stop","name":"Little York Rd @ Nordling Rd","stop_id":"12481"},"type":"Feature"},{"geometry":{"coordinates":[-95.38595,29.8699],"type":"Point"},"properties":{"kind":"stop","name":"Little York Rd @ Airline Rd","stop_id":"12482"},"type":"Feature"},{"geometry":{"coordinates":[-95.38466,29.87013],"type":"Point"},"properties":{"kind":"stop","name":"Little York Rd @ Airline Rd","stop_id":"12483"},"type":"Feature"},{"geometry":{"coordinates":[-95.37967,29.86997],"type":"Point"},"properties":{"kind":"stop","name":"Little York Rd @ Odonnell Dr","stop_id":"12484"},"type":"Feature"},{"geometry":{"coordinates":[-95.37942,29.87018],"type":"Point"},"properties":{"kind":"stop","name":"Little York Rd @ Odonnell Dr","stop_id":"12485"},"type":"Feature"},{"geometry":{"coordinates":[-95.37537,29.87006],"type":"Point"},"properties":{"kind":"stop","name":"Little York Rd @ Downey St","stop_id":"12486"},"type":"Feature"},{"geometry":{"coordinates":[-95.37491,29.87026],"type":"Point"},"properties":{"kind":"stop","name":"Little York Rd @ Downey St","stop_id":"12487"},"type":"Feature"},{"geometry":{"coordinates":[-95.37212,29.87011],"type":"Point"},"properties":{"kind":"stop","name":"Little York Rd @ Bauman Rd","stop_id":"12488"},"type":"Feature"},{"geometry":{"coordinates":[-95.32702,29.74798],"type":"Point"},"properties":{"kind":"stop","name":"Canal St @ S Lockwood Dr","stop_id":"1249"},"type":"Feature"},{"geometry":{"coordinates":[-95.6412,29.70779],"type":"Point"},"properties":{"kind":"stop","name":"Sierra Blanca Dr @ Presidio Square","stop_id":"12492"},"type":"Feature"},{"geometry":{"coordinates":[-95.63993,29.70442],"type":"Point"},"properties":{"kind":"stop","name":"Tres Lagunas Dr @ Bellaire","stop_id":"12493"},"type":"Feature"},{"geometry":{"coordinates":[-95.6433,29.70389],"type":"Point"},"properties":{"kind":"stop","name":"Bellaire Blvd @ SH 6 MB","stop_id":"12494"},"type":"Feature"},{"geometry":{"coordinates":[-95.64849,29.70284],"type":"Point"},"properties":{"kind":"stop","name":"Bellaire Blvd @ Mission Bell Dr","stop_id":"12495"},"type":"Feature"},{"geometry":{"coordinates":[-95.65272,29.7011],"type":"Point"},"properties":{"kind":"stop","name":"Bellaire Blvd @ Winkleman Rd","stop_id":"12496"},"type":"Feature"},{"geometry":{"coordinates":[-95.65791,29.69955],"type":"Point"},"properties":{"kind":"stop","name":"Bellaire Blvd @ Mission Bay Dr","stop_id":"12497"},"type":"Feature"},{"geometry":{"coordinates":[-95.66247,29.69933],"type":"Point"},"properties":{"kind":"stop","name":"Bellaire Blvd @ Corta Calle Dr","stop_id":"12498"},"type":"Feature"},{"geometry":{"coordinates":[-95.66272,29.70352],"type":"Point"},"properties":{"kind":"stop","name":"Addicks Clodine Rd @ Cabildo Dr","stop_id":"12499"},"type":"Feature"},{"geometry":{"coordinates":[-95.32874,29.74863],"type":"Point"},"properties":{"kind":"stop","name":"Canal St @ N Super St","stop_id":"1250"},"type":"Feature"},{"geometry":{"coordinates":[-95.6606,29.70953],"type":"Point"},"properties":{"kind":"stop","name":"Addicks Clodine Rd @ Alief Clodine*","stop_id":"12500"},"type":"Feature"},{"geometry":{"coordinates":[-95.66036,29.71244],"type":"Point"},"properties":{"kind":"stop","name":"Addicks Clodine Rd @ Manordale Dr","stop_id":"12501"},"type":"Feature"},{"geometry":{"coordinates":[-95.66064,29.71275],"type":"Point"},"properties":{"kind":"stop","name":"Addicks Clodine Rd @ Manordale Dr","stop_id":"12502"},"type":"Feature"},{"geometry":{"coordinates":[-95.66026,29.71588],"type":"Point"},"properties":{"kind":"stop","name":"Addicks Clodine Rd @ Westpark Dr","stop_id":"12503"},"type":"Feature"},{"geometry":{"coordinates":[-95.66053,29.71536],"type":"Point"},"properties":{"kind":"stop","name":"Addicks Clodine Rd @ Westpark Dr","stop_id":"12504"},"type":"Feature"},{"geometry":{"coordinates":[-95.6571,29.71755],"type":"Point"},"properties":{"kind":"stop","name":"Westpark Dr @ Addicks Clodine Rd","stop_id":"12505"},"type":"Feature"},{"geometry":{"coordinates":[-95.65685,29.71793],"type":"Point"},"properties":{"kind":"stop","name":"Westpark Dr @ Green Crest Dr","stop_id":"12506"},"type":"Feature"},{"geometry":{"coordinates":[-95.65386,29.71903],"type":"Point"},"properties":{"kind":"stop","name":"Greencrest Dr @ Westpark Dr","stop_id":"12507"},"type":"Feature"},{"geometry":{"coordinates":[-95.6541,29.71902],"type":"Point"},"properties":{"kind":"stop","name":"Greencrest Dr @ Westpark Dr","stop_id":"12508"},"type":"Feature"},{"geometry":{"coordinates":[-95.65467,29.72417],"type":"Point"},"properties":{"kind":"stop","name":"Greencrest Dr @ Branch Forest Dr","stop_id":"12509"},"type":"Feature"},{"geometry":{"coordinates":[-95.33043,29.74915],"type":"Point"},"properties":{"kind":"stop","name":"Canal St @ Jenkins St","stop_id":"1251"},"type":"Feature"},{"geometry":{"coordinates":[-95.65484,29.72461],"type":"Point"},"properties":{"kind":"stop","name":"Greencrest Dr @ Branch Forest Dr","stop_id":"12510"},"type":"Feature"},{"geometry":{"coordinates":[-95.65448,29.72704],"type":"Point"},"properties":{"kind":"stop","name":"Greencrest Dr @ S Richmond Ave","stop_id":"12511"},"type":"Feature"},{"geometry":{"coordinates":[-95.64983,29.72719],"type":"Point"},"properties":{"kind":"stop","name":"S Richmond Ave @ West Oaks Plaza Dr","stop_id":"12512"},"type":"Feature"},{"geometry":{"coordinates":[-95.65404,29.72919],"type":"Point"},"properties":{"kind":"stop","name":"Greencrest Dr @ Caseta Dr","stop_id":"12513"},"type":"Feature"},{"geometry":{"coordinates":[-95.3329,29.74992],"type":"Point"},"properties":{"kind":"stop","name":"Canal St @ Drennan St","stop_id":"1252"},"type":"Feature"},{"geometry":{"coordinates":[-95.3346,29.75058],"type":"Point"},"properties":{"kind":"stop","name":"Canal St @ N Milby St","stop_id":"1253"},"type":"Feature"},{"geometry":{"coordinates":[-95.33688,29.75211],"type":"Point"},"properties":{"kind":"stop","name":"Canal St @ N York St","stop_id":"1254"},"type":"Feature"},{"geometry":{"coordinates":[-95.33774,29.75265],"type":"Point"},"properties":{"kind":"stop","name":"Canal St @ N Sampson St","stop_id":"1255"},"type":"Feature"},{"geometry":{"coordinates":[-95.34024,29.75416],"type":"Point"},"properties":{"kind":"stop","name":"Canal St @ N Palmer St","stop_id":"1256"},"type":"Feature"},{"geometry":{"coordinates":[-95.5452,29.86041],"type":"Point"},"properties":{"kind":"stop","name":"Gessner Rd @ Papalote St","stop_id":"12568"},"type":"Feature"},{"geometry":{"coordinates":[-95.53714,29.85681],"type":"Point"},"properties":{"kind":"stop","name":"Hempstead Rd @ Windfern Rd","stop_id":"12569"},"type":"Feature"},{"geometry":{"coordinates":[-95.34184,29.75513],"type":"Point"},"properties":{"kind":"stop","name":"Canal St @ N Paige St","stop_id":"1257"},"type":"Feature"},{"geometry":{"coordinates":[-95.53796,29.85713],"type":"Point"},"properties":{"kind":"stop","name":"Hempstead Rd @ Windfern Rd","stop_id":"12570"},"type":"Feature"},{"geometry":{"coordinates":[-95.53156,29.85288],"type":"Point"},"properties":{"kind":"stop","name":"Hempstead Rd @ Campbell Rd","stop_id":"12571"},"type":"Feature"},{"geometry":{"coordinates":[-95.53235,29.85312],"type":"Point"},"properties":{"kind":"stop","name":"Hempstead Rd @ Campbell Rd","stop_id":"12572"},"type":"Feature"},{"geometry":{"coordinates":[-95.5282,29.66303],"type":"Point"},"properties":{"kind":"stop","name":"S Gessner Rd @ Westbrae Pkwy","stop_id":"12574"},"type":"Feature"},{"geometry":{"coordinates":[-95.52816,29.66059],"type":"Point"},"properties":{"kind":"stop","name":"Gessner Rd @ Williamcrest Rd","stop_id":"12575"},"type":"Feature"},{"geometry":{"coordinates":[-95.52813,29.65829],"type":"Point"},"properties":{"kind":"stop","name":"S Gessner Rd @ Northern St","stop_id":"12576"},"type":"Feature"},{"geometry":{"coordinates":[-95.52814,29.65592],"type":"Point"},"properties":{"kind":"stop","name":"S Gessner Rd @ W Bellfort Ave","stop_id":"12577"},"type":"Feature"},{"geometry":{"coordinates":[-95.52809,29.65188],"type":"Point"},"properties":{"kind":"stop","name":"S Gessner Rd @ Mcgee Ln","stop_id":"12578"},"type":"Feature"},{"geometry":{"coordinates":[-95.52783,29.65194],"type":"Point"},"properties":{"kind":"stop","name":"S Gessner Rd @ Mcgee Ln","stop_id":"12579"},"type":"Feature"},{"geometry":{"coordinates":[-95.34276,29.75571],"type":"Point"},"properties":{"kind":"stop","name":"Canal St @ N Delano St","stop_id":"1258"},"type":"Feature"},{"geometry":{"coordinates":[-95.52063,29.72959],"type":"Point"},"properties":{"kind":"stop","name":"Fondren Rd @ Richmond Ave","stop_id":"12580"},"type":"Feature"},{"geometry":{"coordinates":[-95.5204,29.73271],"type":"Point"},"properties":{"kind":"stop","name":"Fondren Rd @ Clarkcrest St","stop_id":"12581"},"type":"Feature"},{"geometry":{"coordinates":[-95.52068,29.73323],"type":"Point"},"properties":{"kind":"stop","name":"Fondren Rd @ Clarkcrest St","stop_id":"12582"},"type":"Feature"},{"geometry":{"coordinates":[-95.52102,29.73718],"type":"Point"},"properties":{"kind":"stop","name":"Fondren Rd @ Westheimer Rd","stop_id":"12583"},"type":"Feature"},{"geometry":{"coordinates":[-95.52124,29.73647],"type":"Point"},"properties":{"kind":"stop","name":"Fondren Rd @ Westheimer Rd","stop_id":"12584"},"type":"Feature"},{"geometry":{"coordinates":[-95.52119,29.73961],"type":"Point"},"properties":{"kind":"stop","name":"Fondren Rd @ Woodway Dr","stop_id":"12585"},"type":"Feature"},{"geometry":{"coordinates":[-95.51755,29.74112],"type":"Point"},"properties":{"kind":"stop","name":"Woodway Dr @ Lazy Hollow Dr","stop_id":"12586"},"type":"Feature"},{"geometry":{"coordinates":[-95.51332,29.74158],"type":"Point"},"properties":{"kind":"stop","name":"Old Farm Rd @ Lazy Hollow Dr Mb","stop_id":"12587"},"type":"Feature"},{"geometry":{"coordinates":[-95.51025,29.7379],"type":"Point"},"properties":{"kind":"stop","name":"Old Farm Rd @ Westheimer Rd","stop_id":"12588"},"type":"Feature"},{"geometry":{"coordinates":[-95.50104,29.73854],"type":"Point"},"properties":{"kind":"stop","name":"S Voss Rd @ Westheimer Rd","stop_id":"12589"},"type":"Feature"},{"geometry":{"coordinates":[-95.34494,29.75701],"type":"Point"},"properties":{"kind":"stop","name":"Canal St @ N St Charles St","stop_id":"1259"},"type":"Feature"},{"geometry":{"coordinates":[-95.5011,29.74349],"type":"Point"},"properties":{"kind":"stop","name":"S Voss Rd @ Olympia Dr","stop_id":"12590"},"type":"Feature"},{"geometry":{"coordinates":[-95.50084,29.74429],"type":"Point"},"properties":{"kind":"stop","name":"S Voss Rd @ Olympia Dr","stop_id":"12591"},"type":"Feature"},{"geometry":{"coordinates":[-95.50098,29.75026],"type":"Point"},"properties":{"kind":"stop","name":"S Voss Rd @ San Felipe Rd","stop_id":"12592"},"type":"Feature"},{"geometry":{"coordinates":[-95.50125,29.75064],"type":"Point"},"properties":{"kind":"stop","name":"S Voss Rd @ San Felipe Rd","stop_id":"12593"},"type":"Feature"},{"geometry":{"coordinates":[-95.50018,29.75499],"type":"Point"},"properties":{"kind":"stop","name":"Woodway Dr @ S Voss Rd","stop_id":"12594"},"type":"Feature"},{"geometry":{"coordinates":[-95.49788,29.75579],"type":"Point"},"properties":{"kind":"stop","name":"Woodway Dr @ Winrock Blvd","stop_id":"12595"},"type":"Feature"},{"geometry":{"coordinates":[-95.49458,29.75672],"type":"Point"},"properties":{"kind":"stop","name":"Woodway Dr @ Clearbrook Ln","stop_id":"12596"},"type":"Feature"},{"geometry":{"coordinates":[-95.49152,29.75759],"type":"Point"},"properties":{"kind":"stop","name":"Woodway Dr @ Briar Ridge Dr","stop_id":"12597"},"type":"Feature"},{"geometry":{"coordinates":[-95.48876,29.75826],"type":"Point"},"properties":{"kind":"stop","name":"Woodway Dr @ Potomac Dr","stop_id":"12598"},"type":"Feature"},{"geometry":{"coordinates":[-95.48601,29.75868],"type":"Point"},"properties":{"kind":"stop","name":"Woodway Dr @ Fountain View Dr","stop_id":"12599"},"type":"Feature"},{"geometry":{"coordinates":[-95.48289,29.76043],"type":"Point"},"properties":{"kind":"stop","name":"Woodway Dr @ Augusta Dr","stop_id":"12600"},"type":"Feature"},{"geometry":{"coordinates":[-95.47977,29.76324],"type":"Point"},"properties":{"kind":"stop","name":"Woodway Dr @ Bering Dr","stop_id":"12601"},"type":"Feature"},{"geometry":{"coordinates":[-95.48463,29.78309],"type":"Point"},"properties":{"kind":"stop","name":"Chimney Rock Rd @ Katy Freeway","stop_id":"12604"},"type":"Feature"},{"geometry":{"coordinates":[-95.48497,29.78301],"type":"Point"},"properties":{"kind":"stop","name":"Chimney Rock Rd @ Katy Freeway","stop_id":"12605"},"type":"Feature"},{"geometry":{"coordinates":[-95.48371,29.77715],"type":"Point"},"properties":{"kind":"stop","name":"Chimney Rock Rd @ Memorial Dr","stop_id":"12606"},"type":"Feature"},{"geometry":{"coordinates":[-95.48449,29.77776],"type":"Point"},"properties":{"kind":"stop","name":"Chimney Rock Rd @ Memorial Dr","stop_id":"12607"},"type":"Feature"},{"geometry":{"coordinates":[-95.4781,29.77093],"type":"Point"},"properties":{"kind":"stop","name":"Chimney Rock Rd @ Indian Cir","stop_id":"12608"},"type":"Feature"},{"geometry":{"coordinates":[-95.47824,29.77074],"type":"Point"},"properties":{"kind":"stop","name":"Chimney Rock Rd @ Indian Cir","stop_id":"12609"},"type":"Feature"},{"geometry":{"coordinates":[-95.34786,29.75844],"type":"Point"},"properties":{"kind":"stop","name":"Navigation Blvd @ Canal St","stop_id":"1261"},"type":"Feature"},{"geometry":{"coordinates":[-95.47815,29.76719],"type":"Point"},"properties":{"kind":"stop","name":"Chimney Rock Rd @ Shady River Rd","stop_id":"12610"},"type":"Feature"},{"geometry":{"coordinates":[-95.47832,29.76748],"type":"Point"},"properties":{"kind":"stop","name":"Chimney Rock Rd @ Shady River Rd","stop_id":"12611"},"type":"Feature"},{"geometry":{"coordinates":[-95.4779,29.76419],"type":"Point"},"properties":{"kind":"stop","name":"Chimney Rock Rd @ Woodway Dr","stop_id":"12612"},"type":"Feature"},{"geometry":{"coordinates":[-95.47808,29.76407],"type":"Point"},"properties":{"kind":"stop","name":"Chimney Rock Rd @ Woodway Dr","stop_id":"12613"},"type":"Feature"},{"geometry":{"coordinates":[-95.47967,29.76271],"type":"Point"},"properties":{"kind":"stop","name":"Bering Dr @ Woodway Dr","stop_id":"12614"},"type":"Feature"},{"geometry":{"coordinates":[-95.47962,29.76001],"type":"Point"},"properties":{"kind":"stop","name":"Bering Dr @ Tanglewood Cv","stop_id":"12615"},"type":"Feature"},{"geometry":{"coordinates":[-95.47958,29.75665],"type":"Point"},"properties":{"kind":"stop","name":"Bering Dr @ Sugar Hill Dr","stop_id":"12616"},"type":"Feature"},{"geometry":{"coordinates":[-95.47955,29.75462],"type":"Point"},"properties":{"kind":"stop","name":"Bering Dr @ Doliver Dr","stop_id":"12617"},"type":"Feature"},{"geometry":{"coordinates":[-95.47949,29.74977],"type":"Point"},"properties":{"kind":"stop","name":"Bering Dr @ San Felipe Rd","stop_id":"12618"},"type":"Feature"},{"geometry":{"coordinates":[-95.47937,29.74231],"type":"Point"},"properties":{"kind":"stop","name":"Bering Dr @ Westheimer Rd","stop_id":"12619"},"type":"Feature"},{"geometry":{"coordinates":[-95.35136,29.75781],"type":"Point"},"properties":{"kind":"stop","name":"Franklin St @ Chartres St","stop_id":"1262"},"type":"Feature"},{"geometry":{"coordinates":[-95.47951,29.74266],"type":"Point"},"properties":{"kind":"stop","name":"Bering Dr @ Inwood Park Ct","stop_id":"12620"},"type":"Feature"},{"geometry":{"coordinates":[-95.47948,29.73862],"type":"Point"},"properties":{"kind":"stop","name":"Bering Dr @ Westheimer Rd","stop_id":"12621"},"type":"Feature"},{"geometry":{"coordinates":[-95.47645,29.73535],"type":"Point"},"properties":{"kind":"stop","name":"Chimney Rock Rd @ Hidalgo St","stop_id":"12622"},"type":"Feature"},{"geometry":{"coordinates":[-95.47666,29.73525],"type":"Point"},"properties":{"kind":"stop","name":"Chimney Rock Rd @ Winsome Ln","stop_id":"12623"},"type":"Feature"},{"geometry":{"coordinates":[-95.47636,29.73085],"type":"Point"},"properties":{"kind":"stop","name":"Chimney Rock Rd @ Richmond Ave","stop_id":"12624"},"type":"Feature"},{"geometry":{"coordinates":[-95.47659,29.73191],"type":"Point"},"properties":{"kind":"stop","name":"Chimney Rock Rd @ Richmond Ave","stop_id":"12625"},"type":"Feature"},{"geometry":{"coordinates":[-95.47629,29.72741],"type":"Point"},"properties":{"kind":"stop","name":"Chimney Rock Rd @ Star Ln","stop_id":"12626"},"type":"Feature"},{"geometry":{"coordinates":[-95.47651,29.72769],"type":"Point"},"properties":{"kind":"stop","name":"Chimney Rock Rd @ Star Ln","stop_id":"12627"},"type":"Feature"},{"geometry":{"coordinates":[-95.43604,29.94619],"type":"Point"},"properties":{"kind":"stop","name":"Gears Rd @ Spears Rd","stop_id":"12628"},"type":"Feature"},{"geometry":{"coordinates":[-95.44106,29.94616],"type":"Point"},"properties":{"kind":"stop","name":"Gears Rd @ Greensmark Dr","stop_id":"12629"},"type":"Feature"},{"geometry":{"coordinates":[-95.28443,29.80558],"type":"Point"},"properties":{"kind":"stop","name":"N Wayside Dr @ Rand St","stop_id":"1263"},"type":"Feature"},{"geometry":{"coordinates":[-95.44455,29.94612],"type":"Point"},"properties":{"kind":"stop","name":"Gears Rd @ Trickey Rd","stop_id":"12630"},"type":"Feature"},{"geometry":{"coordinates":[-95.44981,29.94608],"type":"Point"},"properties":{"kind":"stop","name":"Gears Rd @ Lilluex Rd","stop_id":"12631"},"type":"Feature"},{"geometry":{"coordinates":[-95.45029,29.94591],"type":"Point"},"properties":{"kind":"stop","name":"Gears Rd @ Lilleux Rd","stop_id":"12632"},"type":"Feature"},{"geometry":{"coordinates":[-95.45488,29.94604],"type":"Point"},"properties":{"kind":"stop","name":"Gears Rd @ TC Jester Blvd","stop_id":"12633"},"type":"Feature"},{"geometry":{"coordinates":[-95.45531,29.94585],"type":"Point"},"properties":{"kind":"stop","name":"Gears Rd @ TC Jester Blvd","stop_id":"12634"},"type":"Feature"},{"geometry":{"coordinates":[-95.46048,29.94582],"type":"Point"},"properties":{"kind":"stop","name":"Gears Rd @ Mckamy Dr","stop_id":"12635"},"type":"Feature"},{"geometry":{"coordinates":[-95.45981,29.946],"type":"Point"},"properties":{"kind":"stop","name":"Gears Rd @ Dovedale Ct","stop_id":"12636"},"type":"Feature"},{"geometry":{"coordinates":[-95.46485,29.94577],"type":"Point"},"properties":{"kind":"stop","name":"Gears Rd @ Walters Rd","stop_id":"12637"},"type":"Feature"},{"geometry":{"coordinates":[-95.46581,29.94595],"type":"Point"},"properties":{"kind":"stop","name":"Gears Rd @ Veterans Memorial Dr","stop_id":"12638"},"type":"Feature"},{"geometry":{"coordinates":[-95.47989,29.91316],"type":"Point"},"properties":{"kind":"stop","name":"West Rd @ Antoine Dr","stop_id":"12639"},"type":"Feature"},{"geometry":{"coordinates":[-95.2844,29.8069],"type":"Point"},"properties":{"kind":"stop","name":"N Wayside Dr @ Gates St","stop_id":"1264"},"type":"Feature"},{"geometry":{"coordinates":[-95.46667,29.73511],"type":"Point"},"properties":{"kind":"stop","name":"Sage Rd @ Hidalgo St","stop_id":"12640"},"type":"Feature"},{"geometry":{"coordinates":[-95.46672,29.73749],"type":"Point"},"properties":{"kind":"stop","name":"Sage Rd @ Alabama St","stop_id":"12641"},"type":"Feature"},{"geometry":{"coordinates":[-95.4554,29.76574],"type":"Point"},"properties":{"kind":"stop","name":"W Loop N @ Woodway Dr","stop_id":"12642"},"type":"Feature"},{"geometry":{"coordinates":[-95.45654,29.76828],"type":"Point"},"properties":{"kind":"stop","name":"W Loop N @ Woodway Dr","stop_id":"12643"},"type":"Feature"},{"geometry":{"coordinates":[-95.44158,29.74502],"type":"Point"},"properties":{"kind":"stop","name":"Willowick Rd @ Ella Lee Ln","stop_id":"12644"},"type":"Feature"},{"geometry":{"coordinates":[-95.41268,29.85888],"type":"Point"},"properties":{"kind":"stop","name":"N Shepherd Dr @ Parker Rd","stop_id":"12645"},"type":"Feature"},{"geometry":{"coordinates":[-95.41211,29.8549],"type":"Point"},"properties":{"kind":"stop","name":"N Shepherd Dr @ Leago St","stop_id":"12646"},"type":"Feature"},{"geometry":{"coordinates":[-95.41262,29.85558],"type":"Point"},"properties":{"kind":"stop","name":"N Shepherd Dr @ Leago St","stop_id":"12647"},"type":"Feature"},{"geometry":{"coordinates":[-95.41126,29.84872],"type":"Point"},"properties":{"kind":"stop","name":"N Shepherd Dr @ W Montgomery Rd","stop_id":"12648"},"type":"Feature"},{"geometry":{"coordinates":[-95.41206,29.85049],"type":"Point"},"properties":{"kind":"stop","name":"Shepherd Dr @ Montgomery Rd","stop_id":"12649"},"type":"Feature"},{"geometry":{"coordinates":[-95.28437,29.80863],"type":"Point"},"properties":{"kind":"stop","name":"N Wayside Dr @ Fields","stop_id":"1265"},"type":"Feature"},{"geometry":{"coordinates":[-95.42942,29.62831],"type":"Point"},"properties":{"kind":"stop","name":"W Orem Dr @ Townwood Dr","stop_id":"12652"},"type":"Feature"},{"geometry":{"coordinates":[-95.42969,29.6278],"type":"Point"},"properties":{"kind":"stop","name":"W Orem Dr @ Townwood Dr","stop_id":"12653"},"type":"Feature"},{"geometry":{"coordinates":[-95.39056,29.77351],"type":"Point"},"properties":{"kind":"stop","name":"Studemont St @ Summer St","stop_id":"12654"},"type":"Feature"},{"geometry":{"coordinates":[-95.39079,29.77391],"type":"Point"},"properties":{"kind":"stop","name":"Studemont St @ Katy Fwy Mb","stop_id":"12655"},"type":"Feature"},{"geometry":{"coordinates":[-95.39192,29.76844],"type":"Point"},"properties":{"kind":"stop","name":"Studemont St @ Washington Ave","stop_id":"12656"},"type":"Feature"},{"geometry":{"coordinates":[-95.3921,29.76856],"type":"Point"},"properties":{"kind":"stop","name":"Studemont St @ Washington Ave","stop_id":"12657"},"type":"Feature"},{"geometry":{"coordinates":[-95.3923,29.76122],"type":"Point"},"properties":{"kind":"stop","name":"Montrose Blvd @ Allen Pkwy","stop_id":"12658"},"type":"Feature"},{"geometry":{"coordinates":[-95.39255,29.76185],"type":"Point"},"properties":{"kind":"stop","name":"Montrose Blvd @ Allen Pkwy","stop_id":"12659"},"type":"Feature"},{"geometry":{"coordinates":[-95.28277,29.80943],"type":"Point"},"properties":{"kind":"stop","name":"Booker St @ Grandville Dr","stop_id":"1266"},"type":"Feature"},{"geometry":{"coordinates":[-95.37173,29.61662],"type":"Point"},"properties":{"kind":"stop","name":"Almeda Genoa Rd @ Land Rd","stop_id":"12661"},"type":"Feature"},{"geometry":{"coordinates":[-95.37151,29.61671],"type":"Point"},"properties":{"kind":"stop","name":"Almeda Genoa Rd @ Land Rd","stop_id":"12662"},"type":"Feature"},{"geometry":{"coordinates":[-95.38094,29.61415],"type":"Point"},"properties":{"kind":"stop","name":"Almeda Genoa Rd @ Furman Rd","stop_id":"12663"},"type":"Feature"},{"geometry":{"coordinates":[-95.38036,29.61407],"type":"Point"},"properties":{"kind":"stop","name":"Almeda Genoa Rd @ Furman Rd","stop_id":"12664"},"type":"Feature"},{"geometry":{"coordinates":[-95.38879,29.61388],"type":"Point"},"properties":{"kind":"stop","name":"Almeda Genoa Rd @ McGrath Rd","stop_id":"12665"},"type":"Feature"},{"geometry":{"coordinates":[-95.38841,29.61417],"type":"Point"},"properties":{"kind":"stop","name":"Almeda Genoa Rd @ McGrath Rd","stop_id":"12666"},"type":"Feature"},{"geometry":{"coordinates":[-95.39295,29.61385],"type":"Point"},"properties":{"kind":"stop","name":"Almeda Genoa Rd @ Lew Biggs Rd","stop_id":"12667"},"type":"Feature"},{"geometry":{"coordinates":[-95.39259,29.61409],"type":"Point"},"properties":{"kind":"stop","name":"Almeda Genoa Rd @ Lew Biggs Rd","stop_id":"12668"},"type":"Feature"},{"geometry":{"coordinates":[-95.39829,29.61378],"type":"Point"},"properties":{"kind":"stop","name":"Almeda Genoa Rd @ Elaine Rd","stop_id":"12669"},"type":"Feature"},{"geometry":{"coordinates":[-95.28091,29.80984],"type":"Point"},"properties":{"kind":"stop","name":"Eastland St @ Tate","stop_id":"1267"},"type":"Feature"},{"geometry":{"coordinates":[-95.39797,29.61402],"type":"Point"},"properties":{"kind":"stop","name":"Almeda Genoa Rd @ Elaine Rd","stop_id":"12670"},"type":"Feature"},{"geometry":{"coordinates":[-95.40429,29.61394],"type":"Point"},"properties":{"kind":"stop","name":"Almeda Genoa Rd @ Chiswick Rd","stop_id":"12671"},"type":"Feature"},{"geometry":{"coordinates":[-95.33215,29.9049],"type":"Point"},"properties":{"kind":"stop","name":"John F Kennedy Blvd @ Charriton Dr","stop_id":"12672"},"type":"Feature"},{"geometry":{"coordinates":[-95.33148,29.90734],"type":"Point"},"properties":{"kind":"stop","name":"John F Kennedy Blvd @ Cicada Ln","stop_id":"12673"},"type":"Feature"},{"geometry":{"coordinates":[-95.33079,29.91887],"type":"Point"},"properties":{"kind":"stop","name":"John F Kennedy Blvd @ Cypress Knee*","stop_id":"12675"},"type":"Feature"},{"geometry":{"coordinates":[-95.33106,29.91914],"type":"Point"},"properties":{"kind":"stop","name":"John F Kennedy Blvd @ Cypress Knee","stop_id":"12676"},"type":"Feature"},{"geometry":{"coordinates":[-95.32565,29.93014],"type":"Point"},"properties":{"kind":"stop","name":"Aldine Bender Rd @ Heathrow Forest","stop_id":"12677"},"type":"Feature"},{"geometry":{"coordinates":[-95.3219,29.93021],"type":"Point"},"properties":{"kind":"stop","name":"Aldine Bender Rd @ Heathrow Frst MB","stop_id":"12678"},"type":"Feature"},{"geometry":{"coordinates":[-95.33186,29.94582],"type":"Point"},"properties":{"kind":"stop","name":"John F Kennedy Blvd @ World Houston","stop_id":"12679"},"type":"Feature"},{"geometry":{"coordinates":[-95.2809,29.81097],"type":"Point"},"properties":{"kind":"stop","name":"Eastland St @ Bonaire","stop_id":"1268"},"type":"Feature"},{"geometry":{"coordinates":[-95.32687,29.94459],"type":"Point"},"properties":{"kind":"stop","name":"World Houston Pkwy @ International","stop_id":"12680"},"type":"Feature"},{"geometry":{"coordinates":[-95.32622,29.94446],"type":"Point"},"properties":{"kind":"stop","name":"World Houston Pkwy @ International","stop_id":"12681"},"type":"Feature"},{"geometry":{"coordinates":[-95.32186,29.94329],"type":"Point"},"properties":{"kind":"stop","name":"World Houston Pkwy @ Diplomatic Pl","stop_id":"12682"},"type":"Feature"},{"geometry":{"coordinates":[-95.32127,29.94355],"type":"Point"},"properties":{"kind":"stop","name":"World Houston Pkwy @ Diplomatic Pl","stop_id":"12683"},"type":"Feature"},{"geometry":{"coordinates":[-95.31599,29.94317],"type":"Point"},"properties":{"kind":"stop","name":"World Houston Pkwy @ Vickery Dr","stop_id":"12684"},"type":"Feature"},{"geometry":{"coordinates":[-95.31637,29.94347],"type":"Point"},"properties":{"kind":"stop","name":"World Houston Pkwy @ Vickery Dr","stop_id":"12685"},"type":"Feature"},{"geometry":{"coordinates":[-95.31546,29.93852],"type":"Point"},"properties":{"kind":"stop","name":"Vickery Dr @ Sam Houston Pkwy","stop_id":"12686"},"type":"Feature"},{"geometry":{"coordinates":[-95.37377,29.70102],"type":"Point"},"properties":{"kind":"stop","name":"Old Spanish Trail @ South Freeway","stop_id":"12687"},"type":"Feature"},{"geometry":{"coordinates":[-95.37695,29.70061],"type":"Point"},"properties":{"kind":"stop","name":"Old Spanish Trail @ Ardmore St","stop_id":"12688"},"type":"Feature"},{"geometry":{"coordinates":[-95.37684,29.70087],"type":"Point"},"properties":{"kind":"stop","name":"Old Spanish Trail @ Ardmore St","stop_id":"12689"},"type":"Feature"},{"geometry":{"coordinates":[-95.2809,29.81243],"type":"Point"},"properties":{"kind":"stop","name":"Eastland St @ Cinderella","stop_id":"1269"},"type":"Feature"},{"geometry":{"coordinates":[-95.38098,29.69986],"type":"Point"},"properties":{"kind":"stop","name":"Old Spanish Trail @ Yellowstone Blv","stop_id":"12690"},"type":"Feature"},{"geometry":{"coordinates":[-95.38128,29.70003],"type":"Point"},"properties":{"kind":"stop","name":"Old Spanish Trail @ Yellowstone Blv","stop_id":"12691"},"type":"Feature"},{"geometry":{"coordinates":[-95.38729,29.69867],"type":"Point"},"properties":{"kind":"stop","name":"Old Spanish Trail @ Almeda Rd","stop_id":"12692"},"type":"Feature"},{"geometry":{"coordinates":[-95.3864,29.69906],"type":"Point"},"properties":{"kind":"stop","name":"Old Spanish Trail @ Almeda Rd","stop_id":"12693"},"type":"Feature"},{"geometry":{"coordinates":[-95.39327,29.69742],"type":"Point"},"properties":{"kind":"stop","name":"Old Spanish Trail @ Cambridge St","stop_id":"12694"},"type":"Feature"},{"geometry":{"coordinates":[-95.39281,29.69777],"type":"Point"},"properties":{"kind":"stop","name":"Old Spanish Trail @ Cambridge St","stop_id":"12695"},"type":"Feature"},{"geometry":{"coordinates":[-95.3987,29.69705],"type":"Point"},"properties":{"kind":"stop","name":"Bertner Ave @ Old Spanish Trail","stop_id":"12696"},"type":"Feature"},{"geometry":{"coordinates":[-95.39816,29.69648],"type":"Point"},"properties":{"kind":"stop","name":"Old Spanish Trail @ Bertner Ave","stop_id":"12697"},"type":"Feature"},{"geometry":{"coordinates":[-95.37492,29.68591],"type":"Point"},"properties":{"kind":"stop","name":"Mainer St @ Springhill St","stop_id":"12698"},"type":"Feature"},{"geometry":{"coordinates":[-95.37456,29.68592],"type":"Point"},"properties":{"kind":"stop","name":"Mainer St @ Springhill St","stop_id":"12699"},"type":"Feature"},{"geometry":{"coordinates":[-95.45686,29.74103],"type":"Point"},"properties":{"kind":"stop","name":"Westheimer Rd @ W Loop S","stop_id":"127"},"type":"Feature"},{"geometry":{"coordinates":[-95.28089,29.8139],"type":"Point"},"properties":{"kind":"stop","name":"Eastland St @ Fowlie","stop_id":"1270"},"type":"Feature"},{"geometry":{"coordinates":[-95.32853,29.66244],"type":"Point"},"properties":{"kind":"stop","name":"Crestmont St @ Belneath St","stop_id":"12700"},"type":"Feature"},{"geometry":{"coordinates":[-95.32863,29.66268],"type":"Point"},"properties":{"kind":"stop","name":"Crestmont St @ Belneath St","stop_id":"12701"},"type":"Feature"},{"geometry":{"coordinates":[-95.32863,29.65878],"type":"Point"},"properties":{"kind":"stop","name":"Crestmont St @ Reed Rd","stop_id":"12702"},"type":"Feature"},{"geometry":{"coordinates":[-95.32903,29.65857],"type":"Point"},"properties":{"kind":"stop","name":"Reed Rd @ Crestmont St","stop_id":"12703"},"type":"Feature"},{"geometry":{"coordinates":[-95.33269,29.65851],"type":"Point"},"properties":{"kind":"stop","name":"Reed Rd @ Southbank St","stop_id":"12704"},"type":"Feature"},{"geometry":{"coordinates":[-95.33245,29.65864],"type":"Point"},"properties":{"kind":"stop","name":"Reed Rd @ Southbank St","stop_id":"12705"},"type":"Feature"},{"geometry":{"coordinates":[-95.33689,29.65853],"type":"Point"},"properties":{"kind":"stop","name":"Reed Rd @ Martin Luther King Blvd","stop_id":"12706"},"type":"Feature"},{"geometry":{"coordinates":[-95.3363,29.65873],"type":"Point"},"properties":{"kind":"stop","name":"Reed Rd @ Martin Luther King Blvd","stop_id":"12707"},"type":"Feature"},{"geometry":{"coordinates":[-95.34413,29.65864],"type":"Point"},"properties":{"kind":"stop","name":"Reed Rd @ Noel St","stop_id":"12708"},"type":"Feature"},{"geometry":{"coordinates":[-95.34874,29.65861],"type":"Point"},"properties":{"kind":"stop","name":"Reed Rd @ Jutland Rd","stop_id":"12709"},"type":"Feature"},{"geometry":{"coordinates":[-95.28087,29.81529],"type":"Point"},"properties":{"kind":"stop","name":"Eastland St @ Kenton St","stop_id":"1271"},"type":"Feature"},{"geometry":{"coordinates":[-95.3524,29.65854],"type":"Point"},"properties":{"kind":"stop","name":"Reed Rd @ Coffee St","stop_id":"12710"},"type":"Feature"},{"geometry":{"coordinates":[-95.35489,29.65852],"type":"Point"},"properties":{"kind":"stop","name":"Reed Rd @ Cullen Blvd","stop_id":"12711"},"type":"Feature"},{"geometry":{"coordinates":[-95.31606,29.93491],"type":"Point"},"properties":{"kind":"stop","name":"Vickery Dr @ Aero Park Dr","stop_id":"12712"},"type":"Feature"},{"geometry":{"coordinates":[-95.31624,29.93524],"type":"Point"},"properties":{"kind":"stop","name":"Vickery Dr @ Aero Park Dr","stop_id":"12713"},"type":"Feature"},{"geometry":{"coordinates":[-95.3269,29.91133],"type":"Point"},"properties":{"kind":"stop","name":"Lauder Rd @ Ponder Ln","stop_id":"12714"},"type":"Feature"},{"geometry":{"coordinates":[-95.32345,29.91078],"type":"Point"},"properties":{"kind":"stop","name":"Lauder Rd @ Vickery Dr","stop_id":"12715"},"type":"Feature"},{"geometry":{"coordinates":[-95.32049,29.9108],"type":"Point"},"properties":{"kind":"stop","name":"Lauder Rd @ Crieffe Rd","stop_id":"12716"},"type":"Feature"},{"geometry":{"coordinates":[-95.3177,29.91083],"type":"Point"},"properties":{"kind":"stop","name":"Lauder Rd @ Ciceter Rd","stop_id":"12717"},"type":"Feature"},{"geometry":{"coordinates":[-95.38804,29.72476],"type":"Point"},"properties":{"kind":"stop","name":"Binz St @ San Jacinto St","stop_id":"12718"},"type":"Feature"},{"geometry":{"coordinates":[-95.38771,29.72476],"type":"Point"},"properties":{"kind":"stop","name":"Binz St @ San Jacinto St","stop_id":"12719"},"type":"Feature"},{"geometry":{"coordinates":[-95.28086,29.81673],"type":"Point"},"properties":{"kind":"stop","name":"Eastland St @ Miley St","stop_id":"1272"},"type":"Feature"},{"geometry":{"coordinates":[-95.38419,29.72245],"type":"Point"},"properties":{"kind":"stop","name":"Binz St @ Crawford St","stop_id":"12720"},"type":"Feature"},{"geometry":{"coordinates":[-95.38418,29.72261],"type":"Point"},"properties":{"kind":"stop","name":"Binz St @ Crawford St","stop_id":"12721"},"type":"Feature"},{"geometry":{"coordinates":[-95.37951,29.71992],"type":"Point"},"properties":{"kind":"stop","name":"Binz St @ Almeda Rd","stop_id":"12723"},"type":"Feature"},{"geometry":{"coordinates":[-95.26511,29.69473],"type":"Point"},"properties":{"kind":"stop","name":"Park Place Blvd @ Alaska St","stop_id":"12727"},"type":"Feature"},{"geometry":{"coordinates":[-95.26535,29.69471],"type":"Point"},"properties":{"kind":"stop","name":"Park Place Blvd @ Alaska St","stop_id":"12728"},"type":"Feature"},{"geometry":{"coordinates":[-95.26131,29.6914],"type":"Point"},"properties":{"kind":"stop","name":"Galveston Rd @ Rockleigh Pl","stop_id":"12729"},"type":"Feature"},{"geometry":{"coordinates":[-95.28086,29.81818],"type":"Point"},"properties":{"kind":"stop","name":"Eastland St @ Filltop","stop_id":"1273"},"type":"Feature"},{"geometry":{"coordinates":[-95.26135,29.69165],"type":"Point"},"properties":{"kind":"stop","name":"Galveston Rd @ Rockleigh Pl","stop_id":"12730"},"type":"Feature"},{"geometry":{"coordinates":[-95.25606,29.68576],"type":"Point"},"properties":{"kind":"stop","name":"Galveston Rd @ Howard Dr","stop_id":"12731"},"type":"Feature"},{"geometry":{"coordinates":[-95.255,29.68496],"type":"Point"},"properties":{"kind":"stop","name":"Galveston Rd @ Howard Dr","stop_id":"12732"},"type":"Feature"},{"geometry":{"coordinates":[-95.29294,29.73039],"type":"Point"},"properties":{"kind":"stop","name":"75th St @ Capitol St","stop_id":"12734"},"type":"Feature"},{"geometry":{"coordinates":[-95.29576,29.72589],"type":"Point"},"properties":{"kind":"stop","name":"75th St @ John T Mason Park","stop_id":"12735"},"type":"Feature"},{"geometry":{"coordinates":[-95.29538,29.72635],"type":"Point"},"properties":{"kind":"stop","name":"75th St @ John T Mason Park","stop_id":"12736"},"type":"Feature"},{"geometry":{"coordinates":[-95.29487,29.72246],"type":"Point"},"properties":{"kind":"stop","name":"75th St @ Tipps St","stop_id":"12737"},"type":"Feature"},{"geometry":{"coordinates":[-95.29523,29.72279],"type":"Point"},"properties":{"kind":"stop","name":"75th St @ Tipps St","stop_id":"12738"},"type":"Feature"},{"geometry":{"coordinates":[-95.295,29.71803],"type":"Point"},"properties":{"kind":"stop","name":"75th St @ Lawndale St","stop_id":"12739"},"type":"Feature"},{"geometry":{"coordinates":[-95.28084,29.8196],"type":"Point"},"properties":{"kind":"stop","name":"Eastland St @ St Louis","stop_id":"1274"},"type":"Feature"},{"geometry":{"coordinates":[-95.30111,29.78123],"type":"Point"},"properties":{"kind":"stop","name":"Lathrop St @ Brownsville St","stop_id":"12741"},"type":"Feature"},{"geometry":{"coordinates":[-95.30113,29.77986],"type":"Point"},"properties":{"kind":"stop","name":"Lathrop St @ Hillsboro St","stop_id":"12742"},"type":"Feature"},{"geometry":{"coordinates":[-95.30113,29.7785],"type":"Point"},"properties":{"kind":"stop","name":"Lathrop St @ Hershe St","stop_id":"12743"},"type":"Feature"},{"geometry":{"coordinates":[-95.30104,29.77575],"type":"Point"},"properties":{"kind":"stop","name":"Lathrop St @ Bonham St","stop_id":"12744"},"type":"Feature"},{"geometry":{"coordinates":[-95.30066,29.77277],"type":"Point"},"properties":{"kind":"stop","name":"Market St @ Lathrop St","stop_id":"12746"},"type":"Feature"},{"geometry":{"coordinates":[-95.2964,29.77247],"type":"Point"},"properties":{"kind":"stop","name":"Market St @ Port St","stop_id":"12747"},"type":"Feature"},{"geometry":{"coordinates":[-95.29606,29.7726],"type":"Point"},"properties":{"kind":"stop","name":"Market St @ Port St","stop_id":"12748"},"type":"Feature"},{"geometry":{"coordinates":[-95.29222,29.77264],"type":"Point"},"properties":{"kind":"stop","name":"Market St @ N Wayside Dr","stop_id":"12749"},"type":"Feature"},{"geometry":{"coordinates":[-95.28083,29.82101],"type":"Point"},"properties":{"kind":"stop","name":"Eastland St @ Ethel","stop_id":"1275"},"type":"Feature"},{"geometry":{"coordinates":[-95.2922,29.77277],"type":"Point"},"properties":{"kind":"stop","name":"Market St @ N Wayside Dr","stop_id":"12750"},"type":"Feature"},{"geometry":{"coordinates":[-95.28332,29.77199],"type":"Point"},"properties":{"kind":"stop","name":"Market St @ Mccarty St","stop_id":"12751"},"type":"Feature"},{"geometry":{"coordinates":[-95.28123,29.77172],"type":"Point"},"properties":{"kind":"stop","name":"Market St @ Port Houston St","stop_id":"12752"},"type":"Feature"},{"geometry":{"coordinates":[-95.3011,29.78402],"type":"Point"},"properties":{"kind":"stop","name":"Lathrop St @ Texarkana St","stop_id":"12753"},"type":"Feature"},{"geometry":{"coordinates":[-95.30111,29.7854],"type":"Point"},"properties":{"kind":"stop","name":"Lathrop St @ Gainesville St","stop_id":"12754"},"type":"Feature"},{"geometry":{"coordinates":[-95.30112,29.78677],"type":"Point"},"properties":{"kind":"stop","name":"Lathrop St @ Alderson St","stop_id":"12755"},"type":"Feature"},{"geometry":{"coordinates":[-95.30745,29.7844],"type":"Point"},"properties":{"kind":"stop","name":"Kress St @ Texarkana St","stop_id":"12757"},"type":"Feature"},{"geometry":{"coordinates":[-95.30746,29.78115],"type":"Point"},"properties":{"kind":"stop","name":"Kress St @ Laredo St","stop_id":"12758"},"type":"Feature"},{"geometry":{"coordinates":[-95.44219,30.02184],"type":"Point"},"properties":{"kind":"stop","name":"Cali Dr @ Peakwood Dr","stop_id":"12759"},"type":"Feature"},{"geometry":{"coordinates":[-95.28127,29.82189],"type":"Point"},"properties":{"kind":"stop","name":"Sunbury St @ Eastland St","stop_id":"1276"},"type":"Feature"},{"geometry":{"coordinates":[-95.44243,30.02194],"type":"Point"},"properties":{"kind":"stop","name":"Cali Dr @ Peakwood Dr","stop_id":"12760"},"type":"Feature"},{"geometry":{"coordinates":[-95.43998,30.02433],"type":"Point"},"properties":{"kind":"stop","name":"Hollow Tree Ln @ Cypress Station Dr","stop_id":"12761"},"type":"Feature"},{"geometry":{"coordinates":[-95.43975,30.02459],"type":"Point"},"properties":{"kind":"stop","name":"Hollow Tree Ln @ Cypress Station Dr","stop_id":"12762"},"type":"Feature"},{"geometry":{"coordinates":[-95.43326,30.02824],"type":"Point"},"properties":{"kind":"stop","name":"Hollow Tree Ln @ Westfield Place Dr","stop_id":"12763"},"type":"Feature"},{"geometry":{"coordinates":[-95.43353,30.02828],"type":"Point"},"properties":{"kind":"stop","name":"Hollow Tree Ln @ Westfield Dr","stop_id":"12764"},"type":"Feature"},{"geometry":{"coordinates":[-95.42548,30.02855],"type":"Point"},"properties":{"kind":"stop","name":"Paramatta Ln @ Trevor Way","stop_id":"12765"},"type":"Feature"},{"geometry":{"coordinates":[-95.4261,30.02867],"type":"Point"},"properties":{"kind":"stop","name":"Paramatta Ln @ Trevor Way","stop_id":"12766"},"type":"Feature"},{"geometry":{"coordinates":[-95.42103,30.0288],"type":"Point"},"properties":{"kind":"stop","name":"Paramatta Ln @ Imperial Valley Dr","stop_id":"12767"},"type":"Feature"},{"geometry":{"coordinates":[-95.42059,30.02827],"type":"Point"},"properties":{"kind":"stop","name":"Imperial Valley Dr @ Paramatta Ln","stop_id":"12768"},"type":"Feature"},{"geometry":{"coordinates":[-95.4205,30.0255],"type":"Point"},"properties":{"kind":"stop","name":"Imperial Valley Dr @ Highland Cros*","stop_id":"12769"},"type":"Feature"},{"geometry":{"coordinates":[-95.28285,29.82187],"type":"Point"},"properties":{"kind":"stop","name":"Sunbury St @ Letcher","stop_id":"1277"},"type":"Feature"},{"geometry":{"coordinates":[-95.42063,30.02581],"type":"Point"},"properties":{"kind":"stop","name":"Imperial Valley Dr @ Highland Cros*","stop_id":"12770"},"type":"Feature"},{"geometry":{"coordinates":[-95.42549,29.67975],"type":"Point"},"properties":{"kind":"stop","name":"Buffalo Speedway @ S Main St","stop_id":"12771"},"type":"Feature"},{"geometry":{"coordinates":[-95.42512,29.679],"type":"Point"},"properties":{"kind":"stop","name":"Buffalo Speedway @ S Main St Mb","stop_id":"12772"},"type":"Feature"},{"geometry":{"coordinates":[-95.41852,29.67727],"type":"Point"},"properties":{"kind":"stop","name":"610 W Loop @ Lakes At 610 Dr","stop_id":"12773"},"type":"Feature"},{"geometry":{"coordinates":[-95.41955,29.67323],"type":"Point"},"properties":{"kind":"stop","name":"Lakes At 610 Dr @ W Bellfort Ave","stop_id":"12774"},"type":"Feature"},{"geometry":{"coordinates":[-95.42148,29.67307],"type":"Point"},"properties":{"kind":"stop","name":"W Bellfort Ave @ Lakes At 610 Dr","stop_id":"12775"},"type":"Feature"},{"geometry":{"coordinates":[-95.42453,29.67241],"type":"Point"},"properties":{"kind":"stop","name":"W Bellfort Ave @ Buffalo Speedway","stop_id":"12776"},"type":"Feature"},{"geometry":{"coordinates":[-95.42456,29.67692],"type":"Point"},"properties":{"kind":"stop","name":"Buffalo Speedway @ S Loop W","stop_id":"12777"},"type":"Feature"},{"geometry":{"coordinates":[-95.46479,29.65793],"type":"Point"},"properties":{"kind":"stop","name":"S Willow Dr @ S Post Oak Rd","stop_id":"12778"},"type":"Feature"},{"geometry":{"coordinates":[-95.4719,29.6546],"type":"Point"},"properties":{"kind":"stop","name":"S Willow Dr @ Ricecrest Dr","stop_id":"12779"},"type":"Feature"},{"geometry":{"coordinates":[-95.28396,29.82187],"type":"Point"},"properties":{"kind":"stop","name":"Sunbury St @ N Wayside Dr","stop_id":"1278"},"type":"Feature"},{"geometry":{"coordinates":[-95.47636,29.65179],"type":"Point"},"properties":{"kind":"stop","name":"S Willow Dr @ Gasmer Dr","stop_id":"12780"},"type":"Feature"},{"geometry":{"coordinates":[-95.47319,29.78458],"type":"Point"},"properties":{"kind":"stop","name":"Katy Freeway @ Antoine Dr","stop_id":"12781"},"type":"Feature"},{"geometry":{"coordinates":[-95.49215,29.78474],"type":"Point"},"properties":{"kind":"stop","name":"Katy Freeway @ Wirt Rd","stop_id":"12782"},"type":"Feature"},{"geometry":{"coordinates":[-95.51151,29.78508],"type":"Point"},"properties":{"kind":"stop","name":"Katy Freeway @ Campbell Rd","stop_id":"12783"},"type":"Feature"},{"geometry":{"coordinates":[-95.53014,29.78518],"type":"Point"},"properties":{"kind":"stop","name":"Katy Freeway @ Bunker Hill Rd","stop_id":"12784"},"type":"Feature"},{"geometry":{"coordinates":[-95.53723,29.78517],"type":"Point"},"properties":{"kind":"stop","name":"Katy Freeway @ Witte Rd","stop_id":"12785"},"type":"Feature"},{"geometry":{"coordinates":[-95.54523,29.78513],"type":"Point"},"properties":{"kind":"stop","name":"Katy Freeway @ Gessner Rd","stop_id":"12786"},"type":"Feature"},{"geometry":{"coordinates":[-95.54875,29.78513],"type":"Point"},"properties":{"kind":"stop","name":"Katy Freeway @ Conrad Sauer Dr","stop_id":"12787"},"type":"Feature"},{"geometry":{"coordinates":[-95.56959,29.78525],"type":"Point"},"properties":{"kind":"stop","name":"Katy Freeway @ Brittmoore Rd","stop_id":"12788"},"type":"Feature"},{"geometry":{"coordinates":[-95.5796,29.78828],"type":"Point"},"properties":{"kind":"stop","name":"Sherwood Forest St @ Sherwood Oak *","stop_id":"12789"},"type":"Feature"},{"geometry":{"coordinates":[-95.28396,29.82178],"type":"Point"},"properties":{"kind":"stop","name":"Sunbury St @ N Wayside Dr","stop_id":"1279"},"type":"Feature"},{"geometry":{"coordinates":[-95.58522,29.78409],"type":"Point"},"properties":{"kind":"stop","name":"Katy Freeway @ Patchester Dr","stop_id":"12790"},"type":"Feature"},{"geometry":{"coordinates":[-95.57695,29.78404],"type":"Point"},"properties":{"kind":"stop","name":"Katy Freeway @ Wilcrest Dr","stop_id":"12791"},"type":"Feature"},{"geometry":{"coordinates":[-95.57017,29.78395],"type":"Point"},"properties":{"kind":"stop","name":"Katy Freeway @ Brittmoore Rd","stop_id":"12792"},"type":"Feature"},{"geometry":{"coordinates":[-95.56561,29.78391],"type":"Point"},"properties":{"kind":"stop","name":"Katy Freeway @ W Sam Houston Pkwy N","stop_id":"12793"},"type":"Feature"},{"geometry":{"coordinates":[-95.53418,29.78381],"type":"Point"},"properties":{"kind":"stop","name":"Katy Freeway @ Memorial City Way","stop_id":"12795"},"type":"Feature"},{"geometry":{"coordinates":[-95.51011,29.78395],"type":"Point"},"properties":{"kind":"stop","name":"Katy Freeway @ Clifford St","stop_id":"12796"},"type":"Feature"},{"geometry":{"coordinates":[-95.49254,29.78355],"type":"Point"},"properties":{"kind":"stop","name":"Katy Freeway @ Hunters Creek Dr","stop_id":"12798"},"type":"Feature"},{"geometry":{"coordinates":[-95.48589,29.78346],"type":"Point"},"properties":{"kind":"stop","name":"Katy Freeway @ Wirt Rd","stop_id":"12799"},"type":"Feature"},{"geometry":{"coordinates":[-95.43868,29.74156],"type":"Point"},"properties":{"kind":"stop","name":"Westheimer Rd @ Eastgrove Ln","stop_id":"128"},"type":"Feature"},{"geometry":{"coordinates":[-95.28281,29.8218],"type":"Point"},"properties":{"kind":"stop","name":"Sunbury St @ Fleta Dr","stop_id":"1280"},"type":"Feature"},{"geometry":{"coordinates":[-95.47591,29.78306],"type":"Point"},"properties":{"kind":"stop","name":"Katy Freeway @ Antoine Dr","stop_id":"12800"},"type":"Feature"},{"geometry":{"coordinates":[-95.46874,29.78355],"type":"Point"},"properties":{"kind":"stop","name":"Katy Freeway @ Silber Rd","stop_id":"12801"},"type":"Feature"},{"geometry":{"coordinates":[-95.49724,29.78485],"type":"Point"},"properties":{"kind":"stop","name":"Katy Freeway @ Bingle Rd","stop_id":"12802"},"type":"Feature"},{"geometry":{"coordinates":[-95.52191,29.78967],"type":"Point"},"properties":{"kind":"stop","name":"Blalock Rd @ Westview Dr","stop_id":"12808"},"type":"Feature"},{"geometry":{"coordinates":[-95.52191,29.78737],"type":"Point"},"properties":{"kind":"stop","name":"Blalock Rd @ Westview Dr","stop_id":"12809"},"type":"Feature"},{"geometry":{"coordinates":[-95.28102,29.82181],"type":"Point"},"properties":{"kind":"stop","name":"Sunbury St @ Eastland St","stop_id":"1281"},"type":"Feature"},{"geometry":{"coordinates":[-95.52141,29.78518],"type":"Point"},"properties":{"kind":"stop","name":"Blalock Rd @ Katy Freeway","stop_id":"12810"},"type":"Feature"},{"geometry":{"coordinates":[-95.39806,29.86978],"type":"Point"},"properties":{"kind":"stop","name":"Little York Rd @ Northline Dr","stop_id":"12819"},"type":"Feature"},{"geometry":{"coordinates":[-95.28093,29.82118],"type":"Point"},"properties":{"kind":"stop","name":"Eastland St @ Ethel","stop_id":"1282"},"type":"Feature"},{"geometry":{"coordinates":[-95.39866,29.87001],"type":"Point"},"properties":{"kind":"stop","name":"Little York Rd @ Meadowshire St","stop_id":"12820"},"type":"Feature"},{"geometry":{"coordinates":[-95.40672,29.87005],"type":"Point"},"properties":{"kind":"stop","name":"Little York Rd @ North Freeway","stop_id":"12821"},"type":"Feature"},{"geometry":{"coordinates":[-95.41784,30.01669],"type":"Point"},"properties":{"kind":"stop","name":"Imperial Valley Dr @ Double Tree G","stop_id":"12822"},"type":"Feature"},{"geometry":{"coordinates":[-95.41831,30.01682],"type":"Point"},"properties":{"kind":"stop","name":"Imperial Valley Dr @ Double Tree G","stop_id":"12823"},"type":"Feature"},{"geometry":{"coordinates":[-95.4163,30.0137],"type":"Point"},"properties":{"kind":"stop","name":"Imperial Valley Dr @ Imperial Arbor","stop_id":"12824"},"type":"Feature"},{"geometry":{"coordinates":[-95.41666,30.01404],"type":"Point"},"properties":{"kind":"stop","name":"Imperial Valley Dr @ Imperial Arbor","stop_id":"12825"},"type":"Feature"},{"geometry":{"coordinates":[-95.41285,30.00931],"type":"Point"},"properties":{"kind":"stop","name":"Imperial Valley Dr @ North Vista Dr","stop_id":"12826"},"type":"Feature"},{"geometry":{"coordinates":[-95.41328,30.00942],"type":"Point"},"properties":{"kind":"stop","name":"Imperial Valley Dr @ North Vista Dr","stop_id":"12827"},"type":"Feature"},{"geometry":{"coordinates":[-95.40939,30.00487],"type":"Point"},"properties":{"kind":"stop","name":"Imperial Valley Dr @ North Sky Dr","stop_id":"12828"},"type":"Feature"},{"geometry":{"coordinates":[-95.40978,30.00497],"type":"Point"},"properties":{"kind":"stop","name":"Imperial Valley Dr @ North Sky Dr","stop_id":"12829"},"type":"Feature"},{"geometry":{"coordinates":[-95.28099,29.81933],"type":"Point"},"properties":{"kind":"stop","name":"Eastland St @ Blue","stop_id":"1283"},"type":"Feature"},{"geometry":{"coordinates":[-95.40781,30.00155],"type":"Point"},"properties":{"kind":"stop","name":"Imperial Valley Dr @ North Bend Dr","stop_id":"12830"},"type":"Feature"},{"geometry":{"coordinates":[-95.40816,30.00189],"type":"Point"},"properties":{"kind":"stop","name":"Imperial Valley Dr @ North Bend Dr","stop_id":"12831"},"type":"Feature"},{"geometry":{"coordinates":[-95.40766,29.9964],"type":"Point"},"properties":{"kind":"stop","name":"Imperial Valley Dr @ Richey Rd","stop_id":"12832"},"type":"Feature"},{"geometry":{"coordinates":[-95.40781,29.99712],"type":"Point"},"properties":{"kind":"stop","name":"Imperial Valley Dr @ Richey Rd","stop_id":"12833"},"type":"Feature"},{"geometry":{"coordinates":[-95.41065,29.98936],"type":"Point"},"properties":{"kind":"stop","name":"Imperial Valley Dr @ Lockhaven Dr","stop_id":"12834"},"type":"Feature"},{"geometry":{"coordinates":[-95.41089,29.99003],"type":"Point"},"properties":{"kind":"stop","name":"Imperial Valley Dr @ Lockhaven Dr","stop_id":"12835"},"type":"Feature"},{"geometry":{"coordinates":[-95.41028,29.9829],"type":"Point"},"properties":{"kind":"stop","name":"Imperial Valley Dr @ Airtex Blvd","stop_id":"12836"},"type":"Feature"},{"geometry":{"coordinates":[-95.41055,29.98332],"type":"Point"},"properties":{"kind":"stop","name":"Imperial Valley Dr @ Airtex Blvd","stop_id":"12837"},"type":"Feature"},{"geometry":{"coordinates":[-95.40946,29.97826],"type":"Point"},"properties":{"kind":"stop","name":"Imperial Valley Dr @ Remington Hei*","stop_id":"12838"},"type":"Feature"},{"geometry":{"coordinates":[-95.40969,29.9781],"type":"Point"},"properties":{"kind":"stop","name":"Imperial Valley Dr @ Remington Hei*","stop_id":"12839"},"type":"Feature"},{"geometry":{"coordinates":[-95.28096,29.81832],"type":"Point"},"properties":{"kind":"stop","name":"Eastland St @ Filltop","stop_id":"1284"},"type":"Feature"},{"geometry":{"coordinates":[-95.40212,29.96815],"type":"Point"},"properties":{"kind":"stop","name":"Imperial Valley Dr @ Cooper Elem S*","stop_id":"12840"},"type":"Feature"},{"geometry":{"coordinates":[-95.40214,29.96649],"type":"Point"},"properties":{"kind":"stop","name":"Imperial Valley Dr @ Rankin Rd","stop_id":"12841"},"type":"Feature"},{"geometry":{"coordinates":[-95.40241,29.9662],"type":"Point"},"properties":{"kind":"stop","name":"Imperial Valley Dr @ Rankin Rd","stop_id":"12843"},"type":"Feature"},{"geometry":{"coordinates":[-95.40134,29.95881],"type":"Point"},"properties":{"kind":"stop","name":"Imperial Valley Dr @ Regional Park*","stop_id":"12844"},"type":"Feature"},{"geometry":{"coordinates":[-95.40163,29.95916],"type":"Point"},"properties":{"kind":"stop","name":"Imperial Valley Dr @ Regional Park*","stop_id":"12845"},"type":"Feature"},{"geometry":{"coordinates":[-95.39975,29.95364],"type":"Point"},"properties":{"kind":"stop","name":"Imperial Valley Dr @ Harvest Time","stop_id":"12846"},"type":"Feature"},{"geometry":{"coordinates":[-95.4,29.95338],"type":"Point"},"properties":{"kind":"stop","name":"Imperial Valley Dr @ Harvest Time *","stop_id":"12847"},"type":"Feature"},{"geometry":{"coordinates":[-95.39969,29.95085],"type":"Point"},"properties":{"kind":"stop","name":"Imperial Valley Dr @ Greens Rd","stop_id":"12848"},"type":"Feature"},{"geometry":{"coordinates":[-95.55135,29.7045],"type":"Point"},"properties":{"kind":"stop","name":"Corporate Dr @ Bellaire Blvd","stop_id":"12849"},"type":"Feature"},{"geometry":{"coordinates":[-95.28098,29.81718],"type":"Point"},"properties":{"kind":"stop","name":"Eastland St @ Miley St","stop_id":"1285"},"type":"Feature"},{"geometry":{"coordinates":[-95.55184,29.70313],"type":"Point"},"properties":{"kind":"stop","name":"Corporate Dr @ Bellaire Blvd","stop_id":"12850"},"type":"Feature"},{"geometry":{"coordinates":[-95.55221,29.7004],"type":"Point"},"properties":{"kind":"stop","name":"Corporate Dr @ Stroud Dr","stop_id":"12851"},"type":"Feature"},{"geometry":{"coordinates":[-95.55237,29.70075],"type":"Point"},"properties":{"kind":"stop","name":"Corporate Dr @ Stroud Dr","stop_id":"12852"},"type":"Feature"},{"geometry":{"coordinates":[-95.55212,29.69602],"type":"Point"},"properties":{"kind":"stop","name":"Corporate Dr @ Sharpcrest St","stop_id":"12853"},"type":"Feature"},{"geometry":{"coordinates":[-95.55229,29.69666],"type":"Point"},"properties":{"kind":"stop","name":"Corporate Dr @ Sharpcrest St","stop_id":"12854"},"type":"Feature"},{"geometry":{"coordinates":[-95.55143,29.69107],"type":"Point"},"properties":{"kind":"stop","name":"Corporate Dr @ Beechnut St","stop_id":"12855"},"type":"Feature"},{"geometry":{"coordinates":[-95.55143,29.69065],"type":"Point"},"properties":{"kind":"stop","name":"Corporate Dr @ Beechnut St","stop_id":"12856"},"type":"Feature"},{"geometry":{"coordinates":[-95.54898,29.73287],"type":"Point"},"properties":{"kind":"stop","name":"Briarpark Dr @ Meadowglen Ln","stop_id":"12857"},"type":"Feature"},{"geometry":{"coordinates":[-95.5492,29.73327],"type":"Point"},"properties":{"kind":"stop","name":"Briarpark Dr @ Meadowglen Ln","stop_id":"12858"},"type":"Feature"},{"geometry":{"coordinates":[-95.54841,29.73558],"type":"Point"},"properties":{"kind":"stop","name":"Briarpark Dr @ Westheimer Rd","stop_id":"12859"},"type":"Feature"},{"geometry":{"coordinates":[-95.28099,29.81547],"type":"Point"},"properties":{"kind":"stop","name":"Eastland St @ Kenton St","stop_id":"1286"},"type":"Feature"},{"geometry":{"coordinates":[-95.56115,29.73974],"type":"Point"},"properties":{"kind":"stop","name":"Cityplace Dr @ City West Blvd","stop_id":"12860"},"type":"Feature"},{"geometry":{"coordinates":[-95.55999,29.7397],"type":"Point"},"properties":{"kind":"stop","name":"Cityplace Dr @ Rogerdale Rd","stop_id":"12861"},"type":"Feature"},{"geometry":{"coordinates":[-95.56095,29.74468],"type":"Point"},"properties":{"kind":"stop","name":"City West Blvd @ Del Monte Dr","stop_id":"12862"},"type":"Feature"},{"geometry":{"coordinates":[-95.56116,29.74511],"type":"Point"},"properties":{"kind":"stop","name":"City West Blvd @ Del Monte Dr","stop_id":"12863"},"type":"Feature"},{"geometry":{"coordinates":[-95.64113,29.77543],"type":"Point"},"properties":{"kind":"stop","name":"Memorial Dr @ Bayou River Dr","stop_id":"12864"},"type":"Feature"},{"geometry":{"coordinates":[-95.63753,29.77521],"type":"Point"},"properties":{"kind":"stop","name":"Memorial Dr @ Crossroads Dr","stop_id":"12865"},"type":"Feature"},{"geometry":{"coordinates":[-95.28383,29.76332],"type":"Point"},"properties":{"kind":"stop","name":"McCarty St @ Mendez St","stop_id":"12867"},"type":"Feature"},{"geometry":{"coordinates":[-95.2836,29.76278],"type":"Point"},"properties":{"kind":"stop","name":"McCarty St @ Mendez St","stop_id":"12868"},"type":"Feature"},{"geometry":{"coordinates":[-95.38382,29.83717],"type":"Point"},"properties":{"kind":"stop","name":"Berry Rd @ Airline Dr","stop_id":"12869"},"type":"Feature"},{"geometry":{"coordinates":[-95.28101,29.81401],"type":"Point"},"properties":{"kind":"stop","name":"Eastland St @ Fowlie","stop_id":"1287"},"type":"Feature"},{"geometry":{"coordinates":[-95.38143,29.83723],"type":"Point"},"properties":{"kind":"stop","name":"Berry Rd @ Meta St","stop_id":"12870"},"type":"Feature"},{"geometry":{"coordinates":[-95.37778,29.83729],"type":"Point"},"properties":{"kind":"stop","name":"Berry Rd @ Madie Dr","stop_id":"12871"},"type":"Feature"},{"geometry":{"coordinates":[-95.39058,29.65773],"type":"Point"},"properties":{"kind":"stop","name":"Reed Rd @ South Freeway FS","stop_id":"12872"},"type":"Feature"},{"geometry":{"coordinates":[-95.39045,29.65751],"type":"Point"},"properties":{"kind":"stop","name":"Reed Rd @ South Freeway","stop_id":"12873"},"type":"Feature"},{"geometry":{"coordinates":[-95.43905,29.61724],"type":"Point"},"properties":{"kind":"stop","name":"White Heather Dr @ Tiffany Dr","stop_id":"12874"},"type":"Feature"},{"geometry":{"coordinates":[-95.43786,29.62085],"type":"Point"},"properties":{"kind":"stop","name":"White Heather Dr @ Simsbrook Dr","stop_id":"12875"},"type":"Feature"},{"geometry":{"coordinates":[-95.43791,29.62229],"type":"Point"},"properties":{"kind":"stop","name":"White Heather Dr @ Heatherbrook Dr","stop_id":"12876"},"type":"Feature"},{"geometry":{"coordinates":[-95.43793,29.62383],"type":"Point"},"properties":{"kind":"stop","name":"White Heather Dr @ Darlinghurst Dr","stop_id":"12877"},"type":"Feature"},{"geometry":{"coordinates":[-95.43794,29.62458],"type":"Point"},"properties":{"kind":"stop","name":"White Heather Dr @ Prudence Dr","stop_id":"12878"},"type":"Feature"},{"geometry":{"coordinates":[-95.43795,29.62603],"type":"Point"},"properties":{"kind":"stop","name":"White Heather Dr @ Ripplebrook Dr","stop_id":"12879"},"type":"Feature"},{"geometry":{"coordinates":[-95.28101,29.81258],"type":"Point"},"properties":{"kind":"stop","name":"Eastland St @ Cinderella","stop_id":"1288"},"type":"Feature"},{"geometry":{"coordinates":[-95.44057,29.62813],"type":"Point"},"properties":{"kind":"stop","name":"W Orem Dr @ Lynden St","stop_id":"12880"},"type":"Feature"},{"geometry":{"coordinates":[-95.44591,29.62803],"type":"Point"},"properties":{"kind":"stop","name":"W Orem Dr @ Hiram Clarke Rd","stop_id":"12881"},"type":"Feature"},{"geometry":{"coordinates":[-95.52787,29.65484],"type":"Point"},"properties":{"kind":"stop","name":"Gessner Rd @ W Bellfort Ave","stop_id":"12882"},"type":"Feature"},{"geometry":{"coordinates":[-95.29121,29.77657],"type":"Point"},"properties":{"kind":"stop","name":"N Wayside Dr @ Lyons Ave","stop_id":"12883"},"type":"Feature"},{"geometry":{"coordinates":[-95.29173,29.77619],"type":"Point"},"properties":{"kind":"stop","name":"N Wayside Dr @ Bonham St","stop_id":"12884"},"type":"Feature"},{"geometry":{"coordinates":[-95.2838,29.77189],"type":"Point"},"properties":{"kind":"stop","name":"McCarty St @ Market St","stop_id":"12885"},"type":"Feature"},{"geometry":{"coordinates":[-95.28402,29.77231],"type":"Point"},"properties":{"kind":"stop","name":"McCarty St @ Market St","stop_id":"12886"},"type":"Feature"},{"geometry":{"coordinates":[-95.28365,29.76576],"type":"Point"},"properties":{"kind":"stop","name":"McCarty St @ Tilgham St","stop_id":"12887"},"type":"Feature"},{"geometry":{"coordinates":[-95.27774,29.7713],"type":"Point"},"properties":{"kind":"stop","name":"Market St @ Pleasantville Dr","stop_id":"12888"},"type":"Feature"},{"geometry":{"coordinates":[-95.27907,29.7717],"type":"Point"},"properties":{"kind":"stop","name":"Market St @ Aleen St","stop_id":"12889"},"type":"Feature"},{"geometry":{"coordinates":[-95.281,29.81114],"type":"Point"},"properties":{"kind":"stop","name":"Eastland St @ Bonaire","stop_id":"1289"},"type":"Feature"},{"geometry":{"coordinates":[-95.56281,29.68611],"type":"Point"},"properties":{"kind":"stop","name":"South Course Dr @ Spice Ln","stop_id":"12890"},"type":"Feature"},{"geometry":{"coordinates":[-95.56152,29.68148],"type":"Point"},"properties":{"kind":"stop","name":"Elmsworth Dr @ South Course Dr","stop_id":"12891"},"type":"Feature"},{"geometry":{"coordinates":[-95.412,29.90858],"type":"Point"},"properties":{"kind":"stop","name":"North Freeway @ Northville St","stop_id":"12892"},"type":"Feature"},{"geometry":{"coordinates":[-95.4129,29.909],"type":"Point"},"properties":{"kind":"stop","name":"North Freeway @ Northville St","stop_id":"12893"},"type":"Feature"},{"geometry":{"coordinates":[-95.41279,29.90306],"type":"Point"},"properties":{"kind":"stop","name":"North Freeway @ Blue Bell Rd","stop_id":"12894"},"type":"Feature"},{"geometry":{"coordinates":[-95.4091,29.89754],"type":"Point"},"properties":{"kind":"stop","name":"W Mt Houston Rd @ Sweetwater Ln","stop_id":"12895"},"type":"Feature"},{"geometry":{"coordinates":[-95.31528,29.77629],"type":"Point"},"properties":{"kind":"stop","name":"Lockwood Dr @ Lyons Ave","stop_id":"12896"},"type":"Feature"},{"geometry":{"coordinates":[-95.31582,29.77665],"type":"Point"},"properties":{"kind":"stop","name":"Lockwood Dr @ Lyons Ave","stop_id":"12897"},"type":"Feature"},{"geometry":{"coordinates":[-95.38269,29.76872],"type":"Point"},"properties":{"kind":"stop","name":"Sawyer St @ Washington Ave","stop_id":"12899"},"type":"Feature"},{"geometry":{"coordinates":[-95.43028,29.74198],"type":"Point"},"properties":{"kind":"stop","name":"Westheimer Rd @ Buffalo Speedway","stop_id":"129"},"type":"Feature"},{"geometry":{"coordinates":[-95.28101,29.81003],"type":"Point"},"properties":{"kind":"stop","name":"Eastland St @ Tate","stop_id":"1290"},"type":"Feature"},{"geometry":{"coordinates":[-95.39029,29.7061],"type":"Point"},"properties":{"kind":"stop","name":"Cambridge St @ Holcombe Blvd","stop_id":"12900"},"type":"Feature"},{"geometry":{"coordinates":[-95.39035,29.70503],"type":"Point"},"properties":{"kind":"stop","name":"Cambridge St @ Holcombe Blvd","stop_id":"12901"},"type":"Feature"},{"geometry":{"coordinates":[-95.43725,29.98137],"type":"Point"},"properties":{"kind":"stop","name":"Ella Blvd @ Kuykendahl Rd","stop_id":"12902"},"type":"Feature"},{"geometry":{"coordinates":[-95.43742,29.98073],"type":"Point"},"properties":{"kind":"stop","name":"Ella Blvd @ Kuykendahl Rd","stop_id":"12903"},"type":"Feature"},{"geometry":{"coordinates":[-95.40673,29.86974],"type":"Point"},"properties":{"kind":"stop","name":"Little York Rd @ North Freeway","stop_id":"12904"},"type":"Feature"},{"geometry":{"coordinates":[-95.48361,29.78453],"type":"Point"},"properties":{"kind":"stop","name":"Katy Freeway @ Wirt Rd","stop_id":"12906"},"type":"Feature"},{"geometry":{"coordinates":[-95.23607,29.68129],"type":"Point"},"properties":{"kind":"stop","name":"Flagstone Terrace @ Turtle Creek Rd","stop_id":"12907"},"type":"Feature"},{"geometry":{"coordinates":[-95.23606,29.67933],"type":"Point"},"properties":{"kind":"stop","name":"Flagstone Terrace @ Laurel Creek Wy","stop_id":"12908"},"type":"Feature"},{"geometry":{"coordinates":[-95.23626,29.67638],"type":"Point"},"properties":{"kind":"stop","name":"Flagstone Terrace @ Wood Creek Way","stop_id":"12909"},"type":"Feature"},{"geometry":{"coordinates":[-95.28265,29.80952],"type":"Point"},"properties":{"kind":"stop","name":"Booker St @ Grandville Dr","stop_id":"1291"},"type":"Feature"},{"geometry":{"coordinates":[-95.2353,29.67441],"type":"Point"},"properties":{"kind":"stop","name":"Flagstone Terrace @ S Richey St","stop_id":"12910"},"type":"Feature"},{"geometry":{"coordinates":[-95.45034,30.01414],"type":"Point"},"properties":{"kind":"stop","name":"Ella Blvd @ FM 1960 Rd","stop_id":"12912"},"type":"Feature"},{"geometry":{"coordinates":[-95.45025,30.01367],"type":"Point"},"properties":{"kind":"stop","name":"Ella Blvd @ FM 1960 Rd","stop_id":"12913"},"type":"Feature"},{"geometry":{"coordinates":[-95.31922,29.84047],"type":"Point"},"properties":{"kind":"stop","name":"Laura Koppe Rd @ Lockwood Dr","stop_id":"12914"},"type":"Feature"},{"geometry":{"coordinates":[-95.31876,29.84061],"type":"Point"},"properties":{"kind":"stop","name":"Laura Koppe Rd @ Lockwood Dr","stop_id":"12915"},"type":"Feature"},{"geometry":{"coordinates":[-95.4569,29.58545],"type":"Point"},"properties":{"kind":"stop","name":"Court Rd @ Lazy Ridge Dr","stop_id":"12916"},"type":"Feature"},{"geometry":{"coordinates":[-95.45402,29.58433],"type":"Point"},"properties":{"kind":"stop","name":"Court Rd @ Hiram Clarke Rd","stop_id":"12917"},"type":"Feature"},{"geometry":{"coordinates":[-95.2843,29.80949],"type":"Point"},"properties":{"kind":"stop","name":"Booker St @ N Wayside Dr","stop_id":"1292"},"type":"Feature"},{"geometry":{"coordinates":[-95.28429,29.82327],"type":"Point"},"properties":{"kind":"stop","name":"N Wayside Dr @ Henson St","stop_id":"1293"},"type":"Feature"},{"geometry":{"coordinates":[-95.49709,29.70609],"type":"Point"},"properties":{"kind":"stop","name":"Rookin St @ Bellaire Blvd","stop_id":"12931"},"type":"Feature"},{"geometry":{"coordinates":[-95.52087,29.71335],"type":"Point"},"properties":{"kind":"stop","name":"Fondren Rd @ Bellerive Dr","stop_id":"12933"},"type":"Feature"},{"geometry":{"coordinates":[-95.52148,29.71108],"type":"Point"},"properties":{"kind":"stop","name":"Fondren Rd @ Moonmist Dr","stop_id":"12934"},"type":"Feature"},{"geometry":{"coordinates":[-95.52142,29.70891],"type":"Point"},"properties":{"kind":"stop","name":"Fondren Rd @ Clarewood Dr","stop_id":"12935"},"type":"Feature"},{"geometry":{"coordinates":[-95.38736,29.78169],"type":"Point"},"properties":{"kind":"stop","name":"White Oak Dr @ Studewood St","stop_id":"12936"},"type":"Feature"},{"geometry":{"coordinates":[-95.44031,29.68958],"type":"Point"},"properties":{"kind":"stop","name":"S Braeswood Blvd @ Stella Link Rd","stop_id":"12937"},"type":"Feature"},{"geometry":{"coordinates":[-95.43963,29.68973],"type":"Point"},"properties":{"kind":"stop","name":"S Braeswood Blvd @ Stella Link Rd","stop_id":"12938"},"type":"Feature"},{"geometry":{"coordinates":[-95.54508,29.79098],"type":"Point"},"properties":{"kind":"stop","name":"Westview Dr @ Gessner Rd","stop_id":"12939"},"type":"Feature"},{"geometry":{"coordinates":[-95.28432,29.82464],"type":"Point"},"properties":{"kind":"stop","name":"N Wayside Dr @ Birmingham St","stop_id":"1294"},"type":"Feature"},{"geometry":{"coordinates":[-95.54495,29.79075],"type":"Point"},"properties":{"kind":"stop","name":"Westview Dr @ Gessner Rd","stop_id":"12940"},"type":"Feature"},{"geometry":{"coordinates":[-95.44642,29.81417],"type":"Point"},"properties":{"kind":"stop","name":"Sherwood Ln @ N Becca Ln","stop_id":"12944"},"type":"Feature"},{"geometry":{"coordinates":[-95.37619,29.83126],"type":"Point"},"properties":{"kind":"stop","name":"Fulton St @ Deerfield St","stop_id":"12945"},"type":"Feature"},{"geometry":{"coordinates":[-95.37589,29.83178],"type":"Point"},"properties":{"kind":"stop","name":"Fulton St @ Deerfield St","stop_id":"12946"},"type":"Feature"},{"geometry":{"coordinates":[-95.35403,29.74699],"type":"Point"},"properties":{"kind":"stop","name":"Polk St @ St Charles St","stop_id":"12947"},"type":"Feature"},{"geometry":{"coordinates":[-95.47615,29.70407],"type":"Point"},"properties":{"kind":"stop","name":"Chimney Rock Rd @ Bissonnet St","stop_id":"12948"},"type":"Feature"},{"geometry":{"coordinates":[-95.5814,30.00012],"type":"Point"},"properties":{"kind":"stop","name":"Tomball Pkwy @ Charterwood Dr Mb","stop_id":"12949"},"type":"Feature"},{"geometry":{"coordinates":[-95.28431,29.82628],"type":"Point"},"properties":{"kind":"stop","name":"N Wayside Dr @ Ritz","stop_id":"1295"},"type":"Feature"},{"geometry":{"coordinates":[-95.58452,30.00077],"type":"Point"},"properties":{"kind":"stop","name":"Jones Rd @ Tomball Pkwy","stop_id":"12950"},"type":"Feature"},{"geometry":{"coordinates":[-95.58415,29.99685],"type":"Point"},"properties":{"kind":"stop","name":"Compaq Center Dr @ Louetta Rd","stop_id":"12951"},"type":"Feature"},{"geometry":{"coordinates":[-95.42978,29.80175],"type":"Point"},"properties":{"kind":"stop","name":"W 18th St @ Ella Blvd","stop_id":"12952"},"type":"Feature"},{"geometry":{"coordinates":[-95.43043,29.80152],"type":"Point"},"properties":{"kind":"stop","name":"W 18th St @ Ella Blvd","stop_id":"12953"},"type":"Feature"},{"geometry":{"coordinates":[-95.43453,29.87086],"type":"Point"},"properties":{"kind":"stop","name":"Victory Dr @ Virgil St","stop_id":"12954"},"type":"Feature"},{"geometry":{"coordinates":[-95.40407,29.61371],"type":"Point"},"properties":{"kind":"stop","name":"Almeda Genoa Rd @ Chiswick Rd","stop_id":"12955"},"type":"Feature"},{"geometry":{"coordinates":[-95.29923,29.78748],"type":"Point"},"properties":{"kind":"stop","name":"Wallisville Rd @ Boyles St","stop_id":"12956"},"type":"Feature"},{"geometry":{"coordinates":[-95.29674,29.7875],"type":"Point"},"properties":{"kind":"stop","name":"Wallisville Rd @ Port St","stop_id":"12957"},"type":"Feature"},{"geometry":{"coordinates":[-95.29188,29.78784],"type":"Point"},"properties":{"kind":"stop","name":"N Wayside Dr @ Wallisville Rd","stop_id":"12958"},"type":"Feature"},{"geometry":{"coordinates":[-95.29153,29.78799],"type":"Point"},"properties":{"kind":"stop","name":"N Wayside Dr @ Wallisville Rd","stop_id":"12959"},"type":"Feature"},{"geometry":{"coordinates":[-95.2843,29.82842],"type":"Point"},"properties":{"kind":"stop","name":"N Wayside Dr @ Dockal Rd","stop_id":"1296"},"type":"Feature"},{"geometry":{"coordinates":[-95.37835,29.83477],"type":"Point"},"properties":{"kind":"stop","name":"Lyerly St @ Spady","stop_id":"12964"},"type":"Feature"},{"geometry":{"coordinates":[-95.38069,29.83472],"type":"Point"},"properties":{"kind":"stop","name":"Lyerly St @ Spady","stop_id":"12965"},"type":"Feature"},{"geometry":{"coordinates":[-95.38403,29.83467],"type":"Point"},"properties":{"kind":"stop","name":"Lyerly St @ Airline","stop_id":"12966"},"type":"Feature"},{"geometry":{"coordinates":[-95.392,29.75317],"type":"Point"},"properties":{"kind":"stop","name":"Montrose Blvd @ W Gray St","stop_id":"12967"},"type":"Feature"},{"geometry":{"coordinates":[-95.39228,29.75349],"type":"Point"},"properties":{"kind":"stop","name":"Montrose Blvd @ W Gray St","stop_id":"12968"},"type":"Feature"},{"geometry":{"coordinates":[-95.37843,29.74257],"type":"Point"},"properties":{"kind":"stop","name":"Elgin St @ Milam St","stop_id":"12969"},"type":"Feature"},{"geometry":{"coordinates":[-95.28425,29.83063],"type":"Point"},"properties":{"kind":"stop","name":"N Wayside Dr @ Ley Rd","stop_id":"1297"},"type":"Feature"},{"geometry":{"coordinates":[-95.36834,29.8375],"type":"Point"},"properties":{"kind":"stop","name":"Berry Rd @ Appleton St","stop_id":"12970"},"type":"Feature"},{"geometry":{"coordinates":[-95.29031,29.79156],"type":"Point"},"properties":{"kind":"stop","name":"N Wayside Dr @ Salina St","stop_id":"12971"},"type":"Feature"},{"geometry":{"coordinates":[-95.29054,29.79181],"type":"Point"},"properties":{"kind":"stop","name":"N Wayside Dr @ Salina St","stop_id":"12972"},"type":"Feature"},{"geometry":{"coordinates":[-95.38068,29.78435],"type":"Point"},"properties":{"kind":"stop","name":"Watson St @ Byrne St","stop_id":"12975"},"type":"Feature"},{"geometry":{"coordinates":[-95.3808,29.78458],"type":"Point"},"properties":{"kind":"stop","name":"Watson St @ Byrne St","stop_id":"12976"},"type":"Feature"},{"geometry":{"coordinates":[-95.5283,29.66979],"type":"Point"},"properties":{"kind":"stop","name":"S Gessner Rd @ Gustine Ln","stop_id":"12977"},"type":"Feature"},{"geometry":{"coordinates":[-95.52805,29.66942],"type":"Point"},"properties":{"kind":"stop","name":"S Gessner Rd @ Gustine Ln","stop_id":"12978"},"type":"Feature"},{"geometry":{"coordinates":[-95.55979,29.83426],"type":"Point"},"properties":{"kind":"stop","name":"Westway Park Blvd @ Capital Park Mb","stop_id":"12979"},"type":"Feature"},{"geometry":{"coordinates":[-95.28422,29.83292],"type":"Point"},"properties":{"kind":"stop","name":"N Wayside Dr @ Green River Dr","stop_id":"1298"},"type":"Feature"},{"geometry":{"coordinates":[-95.4365,29.67295],"type":"Point"},"properties":{"kind":"stop","name":"W Bellfort Ave @ Ice Palace Dr","stop_id":"12980"},"type":"Feature"},{"geometry":{"coordinates":[-95.43686,29.67272],"type":"Point"},"properties":{"kind":"stop","name":"W Bellfort Ave @ Ice Palace Dr","stop_id":"12981"},"type":"Feature"},{"geometry":{"coordinates":[-95.39872,29.76965],"type":"Point"},"properties":{"kind":"stop","name":"Washington Ave @ Yale St","stop_id":"12982"},"type":"Feature"},{"geometry":{"coordinates":[-95.34481,29.67727],"type":"Point"},"properties":{"kind":"stop","name":"Pershing St @ Jutland Rd","stop_id":"12983"},"type":"Feature"},{"geometry":{"coordinates":[-95.34586,29.67323],"type":"Point"},"properties":{"kind":"stop","name":"Jutland Rd @ Kenilwood Dr","stop_id":"12984"},"type":"Feature"},{"geometry":{"coordinates":[-95.34849,29.66711],"type":"Point"},"properties":{"kind":"stop","name":"Jutland Rd @ Bellfort Ave","stop_id":"12985"},"type":"Feature"},{"geometry":{"coordinates":[-95.36621,29.68318],"type":"Point"},"properties":{"kind":"stop","name":"Mainer St @ Scott St","stop_id":"12986"},"type":"Feature"},{"geometry":{"coordinates":[-95.38453,29.61401],"type":"Point"},"properties":{"kind":"stop","name":"Almeda Genoa Rd @ Hycohen Rd","stop_id":"12987"},"type":"Feature"},{"geometry":{"coordinates":[-95.4041,29.86972],"type":"Point"},"properties":{"kind":"stop","name":"Little York Rd @ North Freeway","stop_id":"12989"},"type":"Feature"},{"geometry":{"coordinates":[-95.28421,29.83445],"type":"Point"},"properties":{"kind":"stop","name":"N Wayside Dr @ Darlington Dr","stop_id":"1299"},"type":"Feature"},{"geometry":{"coordinates":[-95.4041,29.86995],"type":"Point"},"properties":{"kind":"stop","name":"Little York Rd @ North Freeway","stop_id":"12990"},"type":"Feature"},{"geometry":{"coordinates":[-95.38487,29.61411],"type":"Point"},"properties":{"kind":"stop","name":"Almeda Genoa Rd @ Hycohen Rd","stop_id":"12991"},"type":"Feature"},{"geometry":{"coordinates":[-95.34865,29.71798],"type":"Point"},"properties":{"kind":"stop","name":"Cullen Blvd @ Wheeler St","stop_id":"12992"},"type":"Feature"},{"geometry":{"coordinates":[-95.51678,29.79964],"type":"Point"},"properties":{"kind":"stop","name":"Long Point Rd @ Campbell Rd","stop_id":"12993"},"type":"Feature"},{"geometry":{"coordinates":[-95.43036,29.7782],"type":"Point"},"properties":{"kind":"stop","name":"Washington Ave @ Katy Freeway","stop_id":"12994"},"type":"Feature"},{"geometry":{"coordinates":[-95.1866,29.77974],"type":"Point"},"properties":{"kind":"stop","name":"Uvalde Rd @ Emporia St","stop_id":"12997"},"type":"Feature"},{"geometry":{"coordinates":[-95.32831,29.77601],"type":"Point"},"properties":{"kind":"stop","name":"Lyons Ave @ Featherstone St","stop_id":"12998"},"type":"Feature"},{"geometry":{"coordinates":[-95.50043,29.78384],"type":"Point"},"properties":{"kind":"stop","name":"Katy Freeway @ Voss Rd","stop_id":"12999"},"type":"Feature"},{"geometry":{"coordinates":[-95.28429,29.83606],"type":"Point"},"properties":{"kind":"stop","name":"N Wayside Dr @ Carolwood Dr","stop_id":"1300"},"type":"Feature"},{"geometry":{"coordinates":[-95.52052,29.7213],"type":"Point"},"properties":{"kind":"stop","name":"Westpark Dr @ Fondren Rd","stop_id":"13000"},"type":"Feature"},{"geometry":{"coordinates":[-95.51989,29.7216],"type":"Point"},"properties":{"kind":"stop","name":"Westpark Dr @ Fondren Rd","stop_id":"13001"},"type":"Feature"},{"geometry":{"coordinates":[-95.51349,29.93451],"type":"Point"},"properties":{"kind":"stop","name":"Tomball Pkwy @ Galena Creek Dr","stop_id":"13002"},"type":"Feature"},{"geometry":{"coordinates":[-95.50078,29.7386],"type":"Point"},"properties":{"kind":"stop","name":"S Voss Rd @ Westheimer Rd","stop_id":"13003"},"type":"Feature"},{"geometry":{"coordinates":[-95.24385,29.62747],"type":"Point"},"properties":{"kind":"stop","name":"Almeda Genoa Rd @ Windmill Lakes","stop_id":"13004"},"type":"Feature"},{"geometry":{"coordinates":[-95.41048,29.8271],"type":"Point"},"properties":{"kind":"stop","name":"N Shepherd Dr @ W Crosstimbers St","stop_id":"13005"},"type":"Feature"},{"geometry":{"coordinates":[-95.33494,29.75471],"type":"Point"},"properties":{"kind":"stop","name":"N York St @ Navigation Blvd","stop_id":"13008"},"type":"Feature"},{"geometry":{"coordinates":[-95.28436,29.8378],"type":"Point"},"properties":{"kind":"stop","name":"N Wayside Dr @ Richland Dr","stop_id":"1301"},"type":"Feature"},{"geometry":{"coordinates":[-95.35223,29.76947],"type":"Point"},"properties":{"kind":"stop","name":"Rothwell St @ McKee St","stop_id":"13013"},"type":"Feature"},{"geometry":{"coordinates":[-95.26351,29.78479],"type":"Point"},"properties":{"kind":"stop","name":"Gellhorn Dr @ N Loop E FS","stop_id":"13014"},"type":"Feature"},{"geometry":{"coordinates":[-95.42548,29.62788],"type":"Point"},"properties":{"kind":"stop","name":"W Orem Dr @ Waterloo Dr","stop_id":"13015"},"type":"Feature"},{"geometry":{"coordinates":[-95.35436,29.76844],"type":"Point"},"properties":{"kind":"stop","name":"Rothwell St @ Richey St","stop_id":"13016"},"type":"Feature"},{"geometry":{"coordinates":[-95.32885,29.81632],"type":"Point"},"properties":{"kind":"stop","name":"Hirsch Rd @ Caplin St","stop_id":"13017"},"type":"Feature"},{"geometry":{"coordinates":[-95.30127,29.77303],"type":"Point"},"properties":{"kind":"stop","name":"Lathrop St @ Market St","stop_id":"13018"},"type":"Feature"},{"geometry":{"coordinates":[-95.30099,29.77317],"type":"Point"},"properties":{"kind":"stop","name":"Lathrop St @ Market St","stop_id":"13019"},"type":"Feature"},{"geometry":{"coordinates":[-95.28438,29.83953],"type":"Point"},"properties":{"kind":"stop","name":"N Wayside Dr @ Oak Knoll Ln","stop_id":"1302"},"type":"Feature"},{"geometry":{"coordinates":[-95.27802,29.71582],"type":"Point"},"properties":{"kind":"stop","name":"Lawndale St @ Broadway St","stop_id":"13020"},"type":"Feature"},{"geometry":{"coordinates":[-95.28204,29.71608],"type":"Point"},"properties":{"kind":"stop","name":"Lawndale St @ Nueces St","stop_id":"13021"},"type":"Feature"},{"geometry":{"coordinates":[-95.28634,29.71686],"type":"Point"},"properties":{"kind":"stop","name":"Lawndale St @ Kellogg St","stop_id":"13022"},"type":"Feature"},{"geometry":{"coordinates":[-95.28613,29.71664],"type":"Point"},"properties":{"kind":"stop","name":"Lawndale St @ Kellogg St","stop_id":"13023"},"type":"Feature"},{"geometry":{"coordinates":[-95.28285,29.71609],"type":"Point"},"properties":{"kind":"stop","name":"Lawndale St @ Bowie St","stop_id":"13024"},"type":"Feature"},{"geometry":{"coordinates":[-95.27882,29.71552],"type":"Point"},"properties":{"kind":"stop","name":"Lawndale St @ Broadway St","stop_id":"13025"},"type":"Feature"},{"geometry":{"coordinates":[-95.27462,29.71563],"type":"Point"},"properties":{"kind":"stop","name":"Lawndale St @ San Saba St","stop_id":"13026"},"type":"Feature"},{"geometry":{"coordinates":[-95.26866,29.71475],"type":"Point"},"properties":{"kind":"stop","name":"Lawndale St @ Herbert St","stop_id":"13027"},"type":"Feature"},{"geometry":{"coordinates":[-95.26813,29.71479],"type":"Point"},"properties":{"kind":"stop","name":"Lawndale St @ Herbert St","stop_id":"13028"},"type":"Feature"},{"geometry":{"coordinates":[-95.27424,29.71588],"type":"Point"},"properties":{"kind":"stop","name":"Lawndale St @ San Saba St","stop_id":"13029"},"type":"Feature"},{"geometry":{"coordinates":[-95.28439,29.84122],"type":"Point"},"properties":{"kind":"stop","name":"N Wayside Dr @ Woodlyn Rd","stop_id":"1303"},"type":"Feature"},{"geometry":{"coordinates":[-95.37183,29.7803],"type":"Point"},"properties":{"kind":"stop","name":"White Oak Dr @ Houston Ave","stop_id":"13030"},"type":"Feature"},{"geometry":{"coordinates":[-95.51799,29.79942],"type":"Point"},"properties":{"kind":"stop","name":"Long Point Rd @ Crownover Rd","stop_id":"13031"},"type":"Feature"},{"geometry":{"coordinates":[-95.26004,29.71819],"type":"Point"},"properties":{"kind":"stop","name":"Central St @ Manchester St","stop_id":"13032"},"type":"Feature"},{"geometry":{"coordinates":[-95.42855,29.80176],"type":"Point"},"properties":{"kind":"stop","name":"W 18th St @ W TC Jester Blvd","stop_id":"13033"},"type":"Feature"},{"geometry":{"coordinates":[-95.45425,29.58137],"type":"Point"},"properties":{"kind":"stop","name":"Hiram Clarke Rd @ McHard Rd","stop_id":"13034"},"type":"Feature"},{"geometry":{"coordinates":[-95.64506,29.78222],"type":"Point"},"properties":{"kind":"stop","name":"Sh 6 @ Grisby Rd","stop_id":"13035"},"type":"Feature"},{"geometry":{"coordinates":[-95.34117,29.74869],"type":"Point"},"properties":{"kind":"stop","name":"Sampson St @ Harrisburg St","stop_id":"13036"},"type":"Feature"},{"geometry":{"coordinates":[-95.41155,29.84854],"type":"Point"},"properties":{"kind":"stop","name":"N Shepherd Dr @ W Montgomery Rd","stop_id":"13037"},"type":"Feature"},{"geometry":{"coordinates":[-95.41915,29.67312],"type":"Point"},"properties":{"kind":"stop","name":"W Bellfort Ave @ Lakes At 610 Dr","stop_id":"13038"},"type":"Feature"},{"geometry":{"coordinates":[-95.48147,29.81901],"type":"Point"},"properties":{"kind":"stop","name":"W 34th St @ Bolin Rd","stop_id":"13039"},"type":"Feature"},{"geometry":{"coordinates":[-95.2844,29.84306],"type":"Point"},"properties":{"kind":"stop","name":"N Wayside Dr @ Talton","stop_id":"1304"},"type":"Feature"},{"geometry":{"coordinates":[-95.52545,29.85098],"type":"Point"},"properties":{"kind":"stop","name":"W Tidwell Rd @ Fairbanks N Houston","stop_id":"13042"},"type":"Feature"},{"geometry":{"coordinates":[-95.52837,29.85105],"type":"Point"},"properties":{"kind":"stop","name":"W Tidwell Rd @ Kaiser St","stop_id":"13043"},"type":"Feature"},{"geometry":{"coordinates":[-95.40056,29.70405],"type":"Point"},"properties":{"kind":"stop","name":"Pressler St @ Richard Jv Johnson Av","stop_id":"13044"},"type":"Feature"},{"geometry":{"coordinates":[-95.32867,29.81795],"type":"Point"},"properties":{"kind":"stop","name":"Hirsch Rd @ King St","stop_id":"13045"},"type":"Feature"},{"geometry":{"coordinates":[-95.32892,29.81807],"type":"Point"},"properties":{"kind":"stop","name":"Hirsch Rd @ King St","stop_id":"13046"},"type":"Feature"},{"geometry":{"coordinates":[-95.33019,29.69562],"type":"Point"},"properties":{"kind":"stop","name":"Griggs Rd @ Sunrise Rd","stop_id":"13047"},"type":"Feature"},{"geometry":{"coordinates":[-95.46816,29.84905],"type":"Point"},"properties":{"kind":"stop","name":"W Tidwell Rd @ Bolivia Blvd","stop_id":"13048"},"type":"Feature"},{"geometry":{"coordinates":[-95.28444,29.84479],"type":"Point"},"properties":{"kind":"stop","name":"N Wayside Dr @ Lynette","stop_id":"1305"},"type":"Feature"},{"geometry":{"coordinates":[-95.46357,29.64343],"type":"Point"},"properties":{"kind":"stop","name":"S Post Oak Rd @ San Pablo Gardens D","stop_id":"13050"},"type":"Feature"},{"geometry":{"coordinates":[-95.31642,29.78921],"type":"Point"},"properties":{"kind":"stop","name":"Cushing St @ Lucille St","stop_id":"13053"},"type":"Feature"},{"geometry":{"coordinates":[-95.319,29.84688],"type":"Point"},"properties":{"kind":"stop","name":"Lockwood Dr @ Ireland St","stop_id":"13054"},"type":"Feature"},{"geometry":{"coordinates":[-95.4664,29.86908],"type":"Point"},"properties":{"kind":"stop","name":"Victory Dr @ Birchcroft Dr","stop_id":"13055"},"type":"Feature"},{"geometry":{"coordinates":[-95.28446,29.84657],"type":"Point"},"properties":{"kind":"stop","name":"N Wayside Dr @ Record St","stop_id":"1306"},"type":"Feature"},{"geometry":{"coordinates":[-95.28473,29.84846],"type":"Point"},"properties":{"kind":"stop","name":"N Wayside Dr @ Tidwell Rd","stop_id":"1307"},"type":"Feature"},{"geometry":{"coordinates":[-95.41118,29.89815],"type":"Point"},"properties":{"kind":"stop","name":"W Mt Houston Rd @ North Freeway","stop_id":"13070"},"type":"Feature"},{"geometry":{"coordinates":[-95.42792,29.80153],"type":"Point"},"properties":{"kind":"stop","name":"W 18th St @ W TC Jester Blvd","stop_id":"13071"},"type":"Feature"},{"geometry":{"coordinates":[-95.50125,29.72289],"type":"Point"},"properties":{"kind":"stop","name":"Westpark Dr @ Hillcroft Ave","stop_id":"13072"},"type":"Feature"},{"geometry":{"coordinates":[-95.30133,29.75892],"type":"Point"},"properties":{"kind":"stop","name":"Lathrop St @ Clinton Dr","stop_id":"13073"},"type":"Feature"},{"geometry":{"coordinates":[-95.24035,29.68338],"type":"Point"},"properties":{"kind":"stop","name":"Allendale Rd @ Howard Dr","stop_id":"13075"},"type":"Feature"},{"geometry":{"coordinates":[-95.39943,29.95092],"type":"Point"},"properties":{"kind":"stop","name":"Imperial Valley Dr @ Greens Rd","stop_id":"13077"},"type":"Feature"},{"geometry":{"coordinates":[-95.2795,29.84971],"type":"Point"},"properties":{"kind":"stop","name":"Tidwell Rd @ Maddox St","stop_id":"1308"},"type":"Feature"},{"geometry":{"coordinates":[-95.57469,29.73295],"type":"Point"},"properties":{"kind":"stop","name":"Meadowglen Ln @ Hayes Rd","stop_id":"13080"},"type":"Feature"},{"geometry":{"coordinates":[-95.57608,29.73633],"type":"Point"},"properties":{"kind":"stop","name":"Hayes Rd @ Westheimer Rd","stop_id":"13082"},"type":"Feature"},{"geometry":{"coordinates":[-95.35613,29.6585],"type":"Point"},"properties":{"kind":"stop","name":"Reed Rd @ Cullen Blvd","stop_id":"13083"},"type":"Feature"},{"geometry":{"coordinates":[-95.28388,29.77561],"type":"Point"},"properties":{"kind":"stop","name":"Mccarty St @ Amarillo St Mb","stop_id":"13085"},"type":"Feature"},{"geometry":{"coordinates":[-95.39154,29.65916],"type":"Point"},"properties":{"kind":"stop","name":"Star Of Hope","stop_id":"13086"},"type":"Feature"},{"geometry":{"coordinates":[-95.5827,29.78292],"type":"Point"},"properties":{"kind":"stop","name":"Britoak Ln @ Yorkchester Dr","stop_id":"13087"},"type":"Feature"},{"geometry":{"coordinates":[-95.37456,29.72902],"type":"Point"},"properties":{"kind":"stop","name":"Wheeler Ave @ Chartres St","stop_id":"13088"},"type":"Feature"},{"geometry":{"coordinates":[-95.37416,29.72896],"type":"Point"},"properties":{"kind":"stop","name":"Wheeler Ave @ Chartres St","stop_id":"13089"},"type":"Feature"},{"geometry":{"coordinates":[-95.27698,29.84974],"type":"Point"},"properties":{"kind":"stop","name":"Tidwell Rd @ Mosswood Dr","stop_id":"1309"},"type":"Feature"},{"geometry":{"coordinates":[-95.53611,29.71782],"type":"Point"},"properties":{"kind":"stop","name":"Harwin Dr @ Allday Dr MB2","stop_id":"13090"},"type":"Feature"},{"geometry":{"coordinates":[-95.54892,29.73399],"type":"Point"},"properties":{"kind":"stop","name":"Briarpark Dr @ Meadowglen Ln","stop_id":"13091"},"type":"Feature"},{"geometry":{"coordinates":[-95.35309,29.72444],"type":"Point"},"properties":{"kind":"stop","name":"Alabama St @ Canfield St","stop_id":"13092"},"type":"Feature"},{"geometry":{"coordinates":[-95.35461,29.72491],"type":"Point"},"properties":{"kind":"stop","name":"Alabama St @ Sampson St","stop_id":"13093"},"type":"Feature"},{"geometry":{"coordinates":[-95.37669,29.72069],"type":"Point"},"properties":{"kind":"stop","name":"South Freeway @ Oakdale St","stop_id":"13094"},"type":"Feature"},{"geometry":{"coordinates":[-95.37788,29.72168],"type":"Point"},"properties":{"kind":"stop","name":"South Freeway @ Oakdale St","stop_id":"13095"},"type":"Feature"},{"geometry":{"coordinates":[-95.54834,29.71657],"type":"Point"},"properties":{"kind":"stop","name":"Harwin Dr @ Ranchester Dr","stop_id":"13096"},"type":"Feature"},{"geometry":{"coordinates":[-95.2744,29.8498],"type":"Point"},"properties":{"kind":"stop","name":"Tidwell Rd @ Wiloak St","stop_id":"1310"},"type":"Feature"},{"geometry":{"coordinates":[-95.6107,29.68539],"type":"Point"},"properties":{"kind":"stop","name":"Beckford @ Newbrook Layover","stop_id":"13101"},"type":"Feature"},{"geometry":{"coordinates":[-95.46229,29.66875],"type":"Point"},"properties":{"kind":"stop","name":"S Post Oak Rd @ McDermed Dr","stop_id":"13103"},"type":"Feature"},{"geometry":{"coordinates":[-95.49958,29.66671],"type":"Point"},"properties":{"kind":"stop","name":"Willowbend Blvd @ Bob White Dr MB","stop_id":"13104"},"type":"Feature"},{"geometry":{"coordinates":[-95.41564,29.62806],"type":"Point"},"properties":{"kind":"stop","name":"Orem Dr @ Almeda Rd","stop_id":"13105"},"type":"Feature"},{"geometry":{"coordinates":[-95.41499,29.91795],"type":"Point"},"properties":{"kind":"stop","name":"North Freeway @ West Rd","stop_id":"13108"},"type":"Feature"},{"geometry":{"coordinates":[-95.41077,29.84209],"type":"Point"},"properties":{"kind":"stop","name":"Shepherd Dr @ Pinemont Dr","stop_id":"13109"},"type":"Feature"},{"geometry":{"coordinates":[-95.27152,29.84984],"type":"Point"},"properties":{"kind":"stop","name":"Tidwell Rd @ Haddick St","stop_id":"1311"},"type":"Feature"},{"geometry":{"coordinates":[-95.4074,29.94012],"type":"Point"},"properties":{"kind":"stop","name":"Greenspoint Dr @ Sam Houston Pkwy","stop_id":"13110"},"type":"Feature"},{"geometry":{"coordinates":[-95.56871,29.57328],"type":"Point"},"properties":{"kind":"stop","name":"SH 6 @ Wal Mart","stop_id":"13111"},"type":"Feature"},{"geometry":{"coordinates":[-95.34373,29.9766],"type":"Point"},"properties":{"kind":"stop","name":"John F Kennedy Service Rd @ Fed Ex*","stop_id":"13112"},"type":"Feature"},{"geometry":{"coordinates":[-95.30616,29.77475],"type":"Point"},"properties":{"kind":"stop","name":"East Freeway @ Henke St","stop_id":"13114"},"type":"Feature"},{"geometry":{"coordinates":[-95.30652,29.77382],"type":"Point"},"properties":{"kind":"stop","name":"East Freeway @ Henke St","stop_id":"13115"},"type":"Feature"},{"geometry":{"coordinates":[-95.26872,29.84989],"type":"Point"},"properties":{"kind":"stop","name":"Tidwell Rd @ Hillis","stop_id":"1312"},"type":"Feature"},{"geometry":{"coordinates":[-95.38424,29.83839],"type":"Point"},"properties":{"kind":"stop","name":"Airline Rd @ Wellford St","stop_id":"13125"},"type":"Feature"},{"geometry":{"coordinates":[-95.39244,29.76489],"type":"Point"},"properties":{"kind":"stop","name":"Studemont St @ Memorial Crest Blvd","stop_id":"13126"},"type":"Feature"},{"geometry":{"coordinates":[-95.39225,29.76518],"type":"Point"},"properties":{"kind":"stop","name":"Studemont St @ Memorial Ct","stop_id":"13127"},"type":"Feature"},{"geometry":{"coordinates":[-95.24254,29.68336],"type":"Point"},"properties":{"kind":"stop","name":"Allendale Rd @ Forest Oaks Dr","stop_id":"13128"},"type":"Feature"},{"geometry":{"coordinates":[-95.36817,29.61716],"type":"Point"},"properties":{"kind":"stop","name":"Scott St @ Almeda Genoa Rd","stop_id":"13129"},"type":"Feature"},{"geometry":{"coordinates":[-95.26651,29.8499],"type":"Point"},"properties":{"kind":"stop","name":"Tidwell Rd @ Mayberry St","stop_id":"1313"},"type":"Feature"},{"geometry":{"coordinates":[-95.36793,29.61732],"type":"Point"},"properties":{"kind":"stop","name":"Scott St @ Almeda Genoa Rd","stop_id":"13130"},"type":"Feature"},{"geometry":{"coordinates":[-95.52004,29.94052],"type":"Point"},"properties":{"kind":"stop","name":"Tomball Pkwy @ Cutten Rd","stop_id":"13131"},"type":"Feature"},{"geometry":{"coordinates":[-95.54179,29.78515],"type":"Point"},"properties":{"kind":"stop","name":"Katy Freeway @ Gessner Rd","stop_id":"13132"},"type":"Feature"},{"geometry":{"coordinates":[-95.55207,29.69391],"type":"Point"},"properties":{"kind":"stop","name":"Corporate Dr @ Langdon Ln","stop_id":"13133"},"type":"Feature"},{"geometry":{"coordinates":[-95.55224,29.69445],"type":"Point"},"properties":{"kind":"stop","name":"Corporate Dr @ Langdon Ln","stop_id":"13134"},"type":"Feature"},{"geometry":{"coordinates":[-95.34429,29.90228],"type":"Point"},"properties":{"kind":"stop","name":"Aldine Mail Route Rd @ Deergrove St","stop_id":"13135"},"type":"Feature"},{"geometry":{"coordinates":[-95.47938,29.73832],"type":"Point"},"properties":{"kind":"stop","name":"Bering Dr @ Westheimer Rd","stop_id":"13136"},"type":"Feature"},{"geometry":{"coordinates":[-95.30046,29.86906],"type":"Point"},"properties":{"kind":"stop","name":"Homestead Rd @ Little York Rd","stop_id":"13137"},"type":"Feature"},{"geometry":{"coordinates":[-95.30524,29.87145],"type":"Point"},"properties":{"kind":"stop","name":"Little York Rd @ Hfd 56","stop_id":"13138"},"type":"Feature"},{"geometry":{"coordinates":[-95.31357,29.87045],"type":"Point"},"properties":{"kind":"stop","name":"Little York Rd @ Caxton St","stop_id":"13139"},"type":"Feature"},{"geometry":{"coordinates":[-95.26218,29.85101],"type":"Point"},"properties":{"kind":"stop","name":"Mesa Dr @ Rinn Rd","stop_id":"1314"},"type":"Feature"},{"geometry":{"coordinates":[-95.32547,29.87003],"type":"Point"},"properties":{"kind":"stop","name":"Little York Rd @ Willie St","stop_id":"13140"},"type":"Feature"},{"geometry":{"coordinates":[-95.32907,29.87013],"type":"Point"},"properties":{"kind":"stop","name":"Little York Rd @ Eastex Freeway","stop_id":"13141"},"type":"Feature"},{"geometry":{"coordinates":[-95.35172,29.87107],"type":"Point"},"properties":{"kind":"stop","name":"Little York Rd @ Aldine Westfield *","stop_id":"13142"},"type":"Feature"},{"geometry":{"coordinates":[-95.3613,29.87091],"type":"Point"},"properties":{"kind":"stop","name":"Little York Rd @ Little York Plaza","stop_id":"13143"},"type":"Feature"},{"geometry":{"coordinates":[-95.37158,29.87032],"type":"Point"},"properties":{"kind":"stop","name":"Little York Rd @ Bauman Rd","stop_id":"13144"},"type":"Feature"},{"geometry":{"coordinates":[-95.36906,29.87013],"type":"Point"},"properties":{"kind":"stop","name":"Little York Rd @ Mcgallion Rd","stop_id":"13145"},"type":"Feature"},{"geometry":{"coordinates":[-95.36029,29.87067],"type":"Point"},"properties":{"kind":"stop","name":"Little York Rd @ Hardy Rd","stop_id":"13146"},"type":"Feature"},{"geometry":{"coordinates":[-95.35254,29.87082],"type":"Point"},"properties":{"kind":"stop","name":"Little York Rd @ Aldine Westfield *","stop_id":"13147"},"type":"Feature"},{"geometry":{"coordinates":[-95.32887,29.86977],"type":"Point"},"properties":{"kind":"stop","name":"Little York Rd @ Eastex Freeway","stop_id":"13148"},"type":"Feature"},{"geometry":{"coordinates":[-95.32509,29.86973],"type":"Point"},"properties":{"kind":"stop","name":"Little York Rd @ Willie St","stop_id":"13149"},"type":"Feature"},{"geometry":{"coordinates":[-95.26223,29.85239],"type":"Point"},"properties":{"kind":"stop","name":"Mesa Dr @ Rinn Rd Mb","stop_id":"1315"},"type":"Feature"},{"geometry":{"coordinates":[-95.31374,29.8701],"type":"Point"},"properties":{"kind":"stop","name":"Little York Rd @ Caxton St","stop_id":"13150"},"type":"Feature"},{"geometry":{"coordinates":[-95.3097,29.87104],"type":"Point"},"properties":{"kind":"stop","name":"Little York Rd @ Wicklowe St","stop_id":"13151"},"type":"Feature"},{"geometry":{"coordinates":[-95.3513,29.86965],"type":"Point"},"properties":{"kind":"stop","name":"Aldine Westfield Rd @ Pine Tree Dr","stop_id":"13152"},"type":"Feature"},{"geometry":{"coordinates":[-95.35271,29.85951],"type":"Point"},"properties":{"kind":"stop","name":"Parker Rd @ Burden St","stop_id":"13153"},"type":"Feature"},{"geometry":{"coordinates":[-95.35628,29.85948],"type":"Point"},"properties":{"kind":"stop","name":"Parker Rd @ Exeter St","stop_id":"13154"},"type":"Feature"},{"geometry":{"coordinates":[-95.36458,29.85912],"type":"Point"},"properties":{"kind":"stop","name":"Parker Rd @ Silvercrest St","stop_id":"13155"},"type":"Feature"}],"type":"FeatureCollection"}
