{"features":[{"geometry":{"coordinates":[[-76.85918,39.09479],[-76.85891,39.09504],[-76.8604,39.09603],[-76.86102,39.09616],[-76.86205,39.09598],[-76.86322,39.09538],[-76.86382,39.09421],[-76.86473,39.09359],[-76.86508,39.09303],[-76.8697,39.09349],[-76.8755,39.09437],[-76.87542,39.09515],[-76.87486,39.09629],[-76.87155,39.10044],[-76.87048,39.10411],[-76.86522,39.10518],[-76.86097,39.10767],[-76.85503,39.10638],[-76.854,39.10866],[-76.84364,39.10399],[-76.85071,39.09734],[-76.85824,39.09082],[-76.86365,39.08235],[-76.86518,39.08295],[-76.86565,39.08228],[-76.86568,39.08157],[-76.86611,39.08069],[-76.86656,39.08076],[-76.86696,39.08124],[-76.86713,39.08122],[-76.86645,39.08072],[-76.86492,39.08031],[-76.86625,39.07817],[-76.86835,39.07624],[-76.86645,39.07588],[-76.86224,39.07425],[-76.85908,39.07329],[-76.85641,39.0735],[-76.84785,39.07366],[-76.84674,39.07229],[-76.84358,39.07038],[-76.84201,39.06912],[-76.84044,39.06707],[-76.83966,39.06495],[-76.83943,39.06202],[-76.83969,39.05736],[-76.83949,39.05631],[-76.83765,39.05332],[-76.83612,39.05187],[-76.83735,39.05092],[-76.83758,39.05049],[-76.83782,39.04675],[-76.83765,39.04625]],"type":"LineString"},"properties":{"color":"#EE2F2D","color_name":"red","kind":"route","label":"301","long":"South Laurel","route_id":"301","text_color":"#FFFFFF","type_label":"Bus"},"type":"Feature"},{"geometry":{"coordinates":[[-76.9097,39.01193],[-76.91045,39.01106],[-76.91039,39.01086],[-76.91012,39.01084],[-76.90824,39.01288],[-76.90732,39.01314],[-76.9042,39.01125],[-76.90331,39.00975],[-76.89672,39.01008],[-76.89238,39.01182],[-76.89593,39.01452],[-76.89841,39.01718],[-76.90074,39.02076],[-76.90121,39.02186],[-76.9014,39.02305],[-76.91152,39.02327],[-76.91986,39.02627],[-76.90741,39.03482],[-76.90368,39.03424],[-76.89966,39.03141],[-76.89887,39.0326],[-76.89857,39.03368],[-76.89834,39.03815],[-76.89867,39.04125],[-76.89726,39.04401],[-76.8963,39.04483],[-76.89402,39.04541],[-76.89307,39.04601],[-76.88124,39.0599],[-76.8799,39.06151],[-76.88165,39.06244],[-76.88299,39.06104],[-76.88159,39.06009],[-76.87974,39.05925],[-76.87661,39.05848],[-76.87333,39.05709],[-76.87056,39.05631],[-76.86693,39.05647],[-76.86232,39.05562],[-76.8546,39.0558],[-76.84429,39.05239],[-76.84313,39.05266],[-76.84224,39.05326],[-76.84169,39.05405],[-76.84131,39.05532],[-76.84209,39.06261],[-76.84181,39.06317],[-76.84051,39.06447],[-76.8394,39.06469],[-76.83965,39.06569],[-76.84057,39.06766],[-76.84184,39.06921],[-76.84341,39.07049],[-76.84636,39.07222],[-76.84763,39.07366],[-76.85641,39.0735],[-76.85845,39.07325],[-76.85942,39.07336],[-76.86645,39.07588],[-76.86904,39.07642],[-76.87896,39.07933],[-76.88159,39.0808],[-76.88178,39.08165],[-76.88378,39.08347],[-76.88082,39.08527],[-76.87689,39.0889],[-76.87606,39.09069],[-76.87588,39.09338],[-76.87565,39.09428],[-76.87029,39.09337],[-76.86569,39.09296],[-76.86131,39.09206],[-76.86101,39.09309],[-76.85918,39.09479]],"type":"LineString"},"properties":{"color":"#EE2F2D","color_name":"red","kind":"route","label":"302","long":"Greenbelt Metro Station","route_id":"302","text_color":"#FFFFFF","type_label":"Bus"},"type":"Feature"},{"geometry":{"coordinates":[[-76.8938,39.20954],[-76.89409,39.20954],[-76.89425,39.20768],[-76.89496,39.20678],[-76.89669,39.20604],[-76.89823,39.20598],[-76.89941,39.20647],[-76.90036,39.20742],[-76.90198,39.2103],[-76.90191,39.2114],[-76.90096,39.21234],[-76.89954,39.21264],[-76.89485,39.21199],[-76.89336,39.21131],[-76.88893,39.2143],[-76.88545,39.21563],[-76.88437,39.21423],[-76.88449,39.21391],[-76.88514,39.21352],[-76.88541,39.21298],[-76.88626,39.21322],[-76.88701,39.21315],[-76.88846,39.22139],[-76.88845,39.22154],[-76.88683,39.22161],[-76.8871,39.22258],[-76.88699,39.2229],[-76.88833,39.22314],[-76.88863,39.223],[-76.88867,39.22263],[-76.8895,39.22272],[-76.88958,39.22247],[-76.89021,39.22215],[-76.89025,39.22165],[-76.88776,39.22152],[-76.8856,39.22178],[-76.88375,39.22164],[-76.88268,39.22106],[-76.88169,39.21972],[-76.88045,39.21904],[-76.8783,39.22024],[-76.87762,39.21961],[-76.87611,39.21927],[-76.87573,39.22043],[-76.87467,39.2212],[-76.87339,39.22024],[-76.87127,39.2198],[-76.87058,39.21948],[-76.86903,39.21825],[-76.86839,39.21658],[-76.86709,39.21575],[-76.86659,39.21555],[-76.86602,39.21615],[-76.86481,39.21623],[-76.86479,39.21497],[-76.86458,39.21498],[-76.86439,39.21466],[-76.86387,39.21464]],"type":"LineString"},"properties":{"color":"#EE2F2D","color_name":"red","kind":"route","label":"401","long":"Harper's Choice / Clary's Forest","route_id":"401","text_color":"#FFFFFF","type_label":"Bus"},"type":"Feature"},{"geometry":{"coordinates":[[-76.86387,39.21464],[-76.86354,39.21464],[-76.86321,39.21489],[-76.86333,39.21497],[-76.86479,39.21497],[-76.86481,39.21669],[-76.86463,39.21712],[-76.86243,39.2186],[-76.86161,39.21864],[-76.86111,39.21954],[-76.86121,39.22017],[-76.85886,39.22056],[-76.85656,39.22449],[-76.85541,39.22555],[-76.8542,39.22621],[-76.85179,39.22681],[-76.84939,39.22669],[-76.84296,39.22427],[-76.84067,39.22276],[-76.83831,39.2198],[-76.83677,39.22026],[-76.83688,39.2213],[-76.83808,39.22132],[-76.83853,39.22151],[-76.83886,39.22242],[-76.83956,39.22298],[-76.83984,39.22427],[-76.8401,39.22462],[-76.8404,39.2244],[-76.8401,39.22462],[-76.83989,39.22438],[-76.83956,39.22298],[-76.83886,39.22242],[-76.83853,39.22151],[-76.83808,39.22132],[-76.83688,39.2213],[-76.83678,39.22036],[-76.83838,39.21989],[-76.83351,39.2133],[-76.83229,39.21219],[-76.83074,39.21123],[-76.82469,39.20923],[-76.82315,39.21246],[-76.82223,39.21321],[-76.82066,39.21334],[-76.8172,39.21234],[-76.8166,39.21196],[-76.81623,39.21144],[-76.81579,39.20924],[-76.81543,39.20854],[-76.8148,39.20804],[-76.81367,39.20759],[-76.81393,39.20717],[-76.81674,39.20496],[-76.81667,39.20484],[-76.81393,39.20717],[-76.81367,39.20759],[-76.81183,39.20724],[-76.80827,39.20748],[-76.8064,39.20698],[-76.80727,39.20583],[-76.8077,39.20454],[-76.80778,39.20044],[-76.80796,39.19919],[-76.80856,39.1993],[-76.80926,39.19979],[-76.80925,39.20031],[-76.80954,39.20031],[-76.80938,39.19986],[-76.80856,39.1993],[-76.80796,39.19919],[-76.809,39.19586],[-76.81056,39.19637],[-76.81175,39.1972],[-76.81393,39.19567],[-76.81557,39.1971],[-76.81475,39.19769],[-76.81414,39.19979],[-76.81529,39.19981],[-76.81924,39.19809],[-76.82033,39.19732],[-76.82079,39.19673],[-76.82103,39.19551],[-76.82021,39.19384],[-76.81937,39.19418],[-76.81756,39.19436],[-76.81744,39.19375],[-76.81759,39.19359],[-76.81781,39.19434],[-76.81883,39.19425]],"type":"LineString"},"properties":{"color":"#EE2F2D","color_name":"red","kind":"route","label":"402","long":"Columbia Crossing / Dobbin Center","route_id":"402","text_color":"#FFFFFF","type_label":"Bus"},"type":"Feature"},{"geometry":{"coordinates":[[-76.81596,39.23387],[-76.81571,39.23208],[-76.81425,39.22937],[-76.81317,39.22843],[-76.81418,39.22754],[-76.81612,39.2269],[-76.81693,39.22597],[-76.81998,39.22656],[-76.81911,39.22863],[-76.81744,39.2296],[-76.81715,39.22998],[-76.81721,39.23044],[-76.81792,39.2315],[-76.81863,39.23162],[-76.82127,39.23096],[-76.8221,39.23106],[-76.8235,39.23158],[-76.82434,39.23161],[-76.82571,39.23121],[-76.82853,39.22991],[-76.83083,39.23493],[-76.82958,39.23534],[-76.82892,39.23633],[-76.82709,39.23593],[-76.82671,39.2363],[-76.82884,39.23702],[-76.8294,39.23551],[-76.83083,39.23493],[-76.8315,39.2368],[-76.83201,39.23763],[-76.83294,39.23851],[-76.83435,39.23925],[-76.83613,39.2398],[-76.83843,39.24015],[-76.84394,39.23995],[-76.84443,39.24015],[-76.84458,39.24083],[-76.84504,39.24158],[-76.84506,39.24216],[-76.84483,39.24263],[-76.84372,39.24378],[-76.84336,39.24455],[-76.84254,39.24428],[-76.84038,39.24301],[-76.8395,39.24278],[-76.83865,39.24279],[-76.83678,39.2433],[-76.83492,39.24317],[-76.83423,39.24348],[-76.83153,39.24588],[-76.83144,39.24613],[-76.83184,39.24667],[-76.83173,39.24679],[-76.83193,39.24675],[-76.83144,39.24613],[-76.83153,39.24588],[-76.83423,39.24348],[-76.83492,39.24317],[-76.83678,39.2433],[-76.83865,39.24279],[-76.8395,39.24278],[-76.84251,39.24439],[-76.84336,39.24455],[-76.84372,39.24378],[-76.84489,39.24255],[-76.84508,39.24198],[-76.84458,39.24065],[-76.84442,39.23909],[-76.84331,39.23716],[-76.84326,39.23607],[-76.84352,39.23541],[-76.84431,39.23465],[-76.84579,39.23389],[-76.84747,39.23188],[-76.84811,39.23138],[-76.8489,39.23111],[-76.85144,39.23089],[-76.85234,39.23064],[-76.85342,39.23008],[-76.85555,39.2285],[-76.85596,39.22792],[-76.85609,39.22713],[-76.85591,39.22653],[-76.85532,39.22588],[-76.8568,39.2246],[-76.85922,39.22108],[-76.86128,39.22034],[-76.86111,39.21954],[-76.86161,39.21864],[-76.86242,39.2186],[-76.86469,39.21704],[-76.86483,39.21498],[-76.86458,39.21497],[-76.8644,39.21466],[-76.86387,39.21464]],"type":"LineString"},"properties":{"color":"#EE2F2D","color_name":"red","kind":"route","label":"403","long":"Executive Park Drive","route_id":"403","text_color":"#FFFFFF","type_label":"Bus"},"type":"Feature"},{"geometry":{"coordinates":[[-76.86387,39.21464],[-76.86351,39.21466],[-76.86321,39.21489],[-76.86333,39.21496],[-76.86483,39.21498],[-76.86483,39.21452],[-76.8668,39.21452],[-76.8668,39.21219],[-76.86696,39.21168],[-76.86928,39.21348],[-76.87251,39.21438],[-76.87566,39.21475],[-76.87769,39.2159],[-76.87883,39.21632],[-76.88205,39.21657],[-76.88395,39.21629],[-76.88554,39.21579],[-76.88437,39.21423],[-76.88449,39.21391],[-76.88514,39.21352],[-76.88541,39.21298],[-76.88457,39.21286],[-76.88348,39.21321],[-76.88293,39.21218],[-76.8829,39.211],[-76.88373,39.21099],[-76.88371,39.21054],[-76.88373,39.21099],[-76.8849,39.21098],[-76.88495,39.20896],[-76.88477,39.20742],[-76.88416,39.20635],[-76.8821,39.2047],[-76.88184,39.20399],[-76.8824,39.20241],[-76.88178,39.20099],[-76.88241,39.19968],[-76.8824,39.19913],[-76.88219,39.1988],[-76.88323,39.19841],[-76.88411,39.19832],[-76.88431,39.19737],[-76.88501,39.19652],[-76.88409,39.19608],[-76.88197,39.1957],[-76.88129,39.1953],[-76.88088,39.19482],[-76.88069,39.19424],[-76.88083,39.19118],[-76.87986,39.18962],[-76.87798,39.18487],[-76.8782,39.18432],[-76.87731,39.18365],[-76.8766,39.18357],[-76.87421,39.18439],[-76.87329,39.18499],[-76.87287,39.18587],[-76.87273,39.18997],[-76.87229,39.19071],[-76.87028,39.19273],[-76.87141,39.19339],[-76.87242,39.19361],[-76.87381,39.19348],[-76.87602,39.19262],[-76.87892,39.19349],[-76.88176,39.1934],[-76.8827,39.19371],[-76.8829,39.19415],[-76.88357,39.19391],[-76.88427,39.19406],[-76.88481,39.19474],[-76.88398,39.19532]],"type":"LineString"},"properties":{"color":"#EE2F2D","color_name":"red","kind":"route","label":"404","long":"Hickory Ridge","route_id":"404","text_color":"#FFFFFF","type_label":"Bus"},"type":"Feature"},{"geometry":{"coordinates":[[-76.86372,39.28335],[-76.86476,39.27974],[-76.86028,39.27935],[-76.86114,39.27787],[-76.85611,39.27641],[-76.8367,39.27292],[-76.83625,39.27461],[-76.83586,39.27533],[-76.83556,39.27755],[-76.82571,39.27683],[-76.82336,39.27685],[-76.82178,39.27705],[-76.81956,39.27764],[-76.81622,39.27929],[-76.81519,39.27826],[-76.81419,39.27776],[-76.81345,39.27895],[-76.81233,39.27978],[-76.81177,39.28048],[-76.81118,39.28072],[-76.81041,39.28072],[-76.8094,39.28016],[-76.80877,39.28012],[-76.80744,39.27721],[-76.80462,39.27525],[-76.80385,39.2735],[-76.80384,39.27216],[-76.80366,39.2717],[-76.80133,39.26999],[-76.80109,39.27011],[-76.80086,39.26981],[-76.80075,39.26906],[-76.80034,39.26908],[-76.80037,39.26947],[-76.80082,39.26957],[-76.80109,39.27011],[-76.80133,39.26999],[-76.80366,39.2717],[-76.80384,39.27216],[-76.80385,39.2735],[-76.80451,39.27483],[-76.80434,39.27516],[-76.80741,39.27734],[-76.80914,39.28095],[-76.81032,39.28266],[-76.80658,39.28481],[-76.80765,39.28589],[-76.80847,39.28623],[-76.80929,39.287],[-76.81001,39.28715],[-76.81419,39.28704],[-76.82103,39.28718],[-76.82097,39.28614],[-76.81879,39.28195],[-76.82047,39.28102],[-76.82151,39.28226]],"type":"LineString"},"properties":{"color":"#EE2F2D","color_name":"red","kind":"route","label":"405","long":"Ellicott City","route_id":"405","text_color":"#FFFFFF","type_label":"Bus"},"type":"Feature"},{"geometry":{"coordinates":[[-76.86387,39.21464],[-76.86354,39.21464],[-76.86321,39.21489],[-76.86333,39.21497],[-76.86479,39.21497],[-76.86465,39.21334],[-76.86433,39.21308],[-76.86183,39.21281],[-76.86181,39.2116],[-76.85934,39.21141],[-76.85841,39.21168],[-76.85783,39.21216],[-76.85755,39.21285],[-76.85755,39.21603],[-76.8579,39.21773],[-76.85875,39.21975],[-76.85873,39.22074],[-76.85656,39.22449],[-76.85541,39.22555],[-76.8542,39.22621],[-76.85179,39.22681],[-76.84939,39.22669],[-76.84296,39.22427],[-76.84164,39.22354],[-76.83994,39.222],[-76.83856,39.21994],[-76.84017,39.21894],[-76.84058,39.21838],[-76.84064,39.21779],[-76.84023,39.21677],[-76.8402,39.21605],[-76.84047,39.21535],[-76.84141,39.21399],[-76.8415,39.21223],[-76.8418,39.21157],[-76.84322,39.2122],[-76.84428,39.21235],[-76.84807,39.21135],[-76.84785,39.21009],[-76.84662,39.21027],[-76.84645,39.20962],[-76.84787,39.2094],[-76.84776,39.20714],[-76.84685,39.2056],[-76.84399,39.2064],[-76.84075,39.20662],[-76.83714,39.20855],[-76.83616,39.20852],[-76.83483,39.20794],[-76.83414,39.20644],[-76.83315,39.20568],[-76.83402,39.20461],[-76.83437,39.20289],[-76.83463,39.20059],[-76.83479,39.19572],[-76.83433,39.19471],[-76.83149,39.19105],[-76.83358,39.19024],[-76.83485,39.19007],[-76.83639,39.19027],[-76.83796,39.19101],[-76.83965,39.1891],[-76.84014,39.18724],[-76.84049,39.18668],[-76.84191,39.18716],[-76.84246,39.18658],[-76.84236,39.18572],[-76.84135,39.18603],[-76.84055,39.18661],[-76.84014,39.18724],[-76.83965,39.1891],[-76.8379,39.19083],[-76.83625,39.19024],[-76.83465,39.19008],[-76.83334,39.1903],[-76.83149,39.19105],[-76.83016,39.189],[-76.82871,39.18593],[-76.8279,39.18511],[-76.82623,39.18395],[-76.8258,39.18322],[-76.8258,39.18265],[-76.82609,39.18212],[-76.82796,39.18089],[-76.82832,39.18044],[-76.82838,39.17955],[-76.82801,39.17897],[-76.82445,39.18062],[-76.82024,39.18358],[-76.81948,39.18302],[-76.81776,39.18257],[-76.81679,39.18207],[-76.8177,39.18255],[-76.8191,39.1829],[-76.82045,39.18374],[-76.82421,39.18094],[-76.8281,39.17909],[-76.8275,39.17818],[-76.82745,39.17744],[-76.82983,39.17478],[-76.83059,39.17299],[-76.83066,39.16906],[-76.83044,39.16381],[-76.83541,39.16486],[-76.83627,39.16535],[-76.83858,39.16726],[-76.84002,39.16641],[-76.84088,39.16633],[-76.84167,39.1665],[-76.84441,39.16863],[-76.84612,39.1697],[-76.8471,39.17006],[-76.84811,39.17009],[-76.84921,39.16975],[-76.85178,39.16721],[-76.84993,39.16511],[-76.84973,39.16405],[-76.84768,39.16391],[-76.8455,39.16272],[-76.84474,39.16267],[-76.84412,39.16293],[-76.8439,39.16326],[-76.84398,39.16362],[-76.84436,39.16386],[-76.84495,39.16381],[-76.84609,39.16314],[-76.84768,39.16391],[-76.84972,39.16414],[-76.85001,39.16533],[-76.85181,39.16733],[-76.85261,39.16698],[-76.85368,39.16692],[-76.85761,39.16825],[-76.85934,39.1685],[-76.86091,39.16921],[-76.86288,39.17064],[-76.86566,39.17152],[-76.8669,39.16896],[-76.86594,39.16858],[-76.86544,39.16906]],"type":"LineString"},"properties":{"color":"#EE2F2D","color_name":"red","kind":"route","label":"407","long":"Owen Brown / Kings Contrivance","route_id":"407","text_color":"#FFFFFF","type_label":"Bus"},"type":"Feature"},{"geometry":{"coordinates":[[-76.78677,39.1827],[-76.78708,39.18306],[-76.78734,39.18418],[-76.78787,39.18524],[-76.79107,39.18861],[-76.79555,39.18874],[-76.79689,39.18852],[-76.79733,39.18747],[-76.79759,39.18589],[-76.79798,39.18529],[-76.79869,39.18476],[-76.80405,39.18666],[-76.80468,39.18732],[-76.80499,39.18833],[-76.80568,39.18855],[-76.80638,39.18819],[-76.80802,39.18648],[-76.80815,39.18558],[-76.8078,39.1848],[-76.80728,39.18436],[-76.80648,39.18402],[-76.8014,39.18328],[-76.80035,39.18291],[-76.79954,39.18191],[-76.79919,39.17977],[-76.79919,39.17927],[-76.79949,39.17861],[-76.80174,39.17601],[-76.80289,39.17374],[-76.80373,39.17283],[-76.80486,39.17232],[-76.8065,39.17231],[-76.809,39.17331],[-76.80955,39.17408],[-76.80961,39.175],[-76.8111,39.17525],[-76.8141,39.17625],[-76.81672,39.17587],[-76.8177,39.17593],[-76.82188,39.17759],[-76.8217,39.17795],[-76.82105,39.17793],[-76.82063,39.17811],[-76.81678,39.18206],[-76.8177,39.18255],[-76.8191,39.1829],[-76.82024,39.18357],[-76.81753,39.18574],[-76.81914,39.18693],[-76.81732,39.1886],[-76.81721,39.19085],[-76.81679,39.19154],[-76.81657,39.19162],[-76.81932,39.19193],[-76.81943,39.19249],[-76.82021,39.19384],[-76.81937,39.19418],[-76.81756,39.19436],[-76.81744,39.19375],[-76.81759,39.19359],[-76.81781,39.19434],[-76.82025,39.19392],[-76.82103,39.19551],[-76.82103,39.19609],[-76.82067,39.19691],[-76.81936,39.19797],[-76.81593,39.19961],[-76.81435,39.19983],[-76.81348,39.19956],[-76.81287,39.19914],[-76.81198,39.1975],[-76.81121,39.19674],[-76.80993,39.19611],[-76.80877,39.19582],[-76.80773,39.19917],[-76.80856,39.1993],[-76.80948,39.19997],[-76.80856,39.1993],[-76.80796,39.19919],[-76.809,39.19586],[-76.81056,39.19637],[-76.81175,39.1972],[-76.81393,39.19567],[-76.81557,39.1971],[-76.81475,39.19769],[-76.81396,39.20029],[-76.81313,39.20151],[-76.81306,39.2032],[-76.81248,39.2045],[-76.81229,39.20604],[-76.81238,39.20731],[-76.81458,39.20793],[-76.81543,39.20854],[-76.81579,39.20924],[-76.8163,39.21158],[-76.81731,39.21238],[-76.81667,39.21345],[-76.81527,39.21475],[-76.815,39.21674],[-76.81476,39.21733],[-76.81275,39.21937],[-76.81239,39.22],[-76.81233,39.22203],[-76.8128,39.22267],[-76.81344,39.22305],[-76.81567,39.22331],[-76.81803,39.2242],[-76.81842,39.22377],[-76.81949,39.22337],[-76.82186,39.22329],[-76.82278,39.22298],[-76.82349,39.22246],[-76.82452,39.22055],[-76.82458,39.21962],[-76.82404,39.21886],[-76.82182,39.21727],[-76.82145,39.21664],[-76.82137,39.21578],[-76.82183,39.21419],[-76.8217,39.21337],[-76.8224,39.21314],[-76.82304,39.21262],[-76.82443,39.20981],[-76.82482,39.20953],[-76.82987,39.21101],[-76.83249,39.21256],[-76.83385,39.21398],[-76.83973,39.2221],[-76.84145,39.22374],[-76.84278,39.22448],[-76.84785,39.22649],[-76.84998,39.22703],[-76.85148,39.22707],[-76.85343,39.22675],[-76.85467,39.22625],[-76.85616,39.22525],[-76.85702,39.22433],[-76.85922,39.22108],[-76.86128,39.22034],[-76.86111,39.21954],[-76.86161,39.21864],[-76.86242,39.2186],[-76.86469,39.21704],[-76.86483,39.21498],[-76.86458,39.21497],[-76.8644,39.21466],[-76.86387,39.21464]],"type":"LineString"},"properties":{"color":"#EE2F2D","color_name":"red","kind":"route","label":"408","long":"Lark Brown / Waterloo","route_id":"408","text_color":"#FFFFFF","type_label":"Bus"},"type":"Feature"},{"geometry":{"coordinates":[[-76.72777,39.2066],[-76.72964,39.20507],[-76.73041,39.20467],[-76.73148,39.20573],[-76.73097,39.20663],[-76.73135,39.20732],[-76.73202,39.20751],[-76.73348,39.20723],[-76.73429,39.20738],[-76.73486,39.20663],[-76.73505,39.20482],[-76.73591,39.20325],[-76.73573,39.20237],[-76.73489,39.20143],[-76.74146,39.19756],[-76.75343,39.19113],[-76.76304,39.18442],[-76.77502,39.17642],[-76.78035,39.17366],[-76.78455,39.17236],[-76.78547,39.17188],[-76.78284,39.1682],[-76.78141,39.16579],[-76.77909,39.15836],[-76.78095,39.15801],[-76.78388,39.16719],[-76.78452,39.16781],[-76.7877,39.16941],[-76.79205,39.16419],[-76.79945,39.15449],[-76.80553,39.14836],[-76.80846,39.14598],[-76.80947,39.14421],[-76.80881,39.14303],[-76.80785,39.14188],[-76.80414,39.14401],[-76.79944,39.14875],[-76.79439,39.14581],[-76.79364,39.14568],[-76.7917,39.14579],[-76.79188,39.1446],[-76.79339,39.14211],[-76.79279,39.13607],[-76.79315,39.13444],[-76.79298,39.13269],[-76.79678,39.12456],[-76.79605,39.12446],[-76.79604,39.12377],[-76.79654,39.12374],[-76.7965,39.12332],[-76.79599,39.12336],[-76.79605,39.12446],[-76.79641,39.12459],[-76.79747,39.12447],[-76.79803,39.12688],[-76.79936,39.12888],[-76.80178,39.13108],[-76.80444,39.13305],[-76.80911,39.13589],[-76.81158,39.1361],[-76.81367,39.13554],[-76.81492,39.13615],[-76.81591,39.13517],[-76.81726,39.13298],[-76.82031,39.12947],[-76.82666,39.12134],[-76.83641,39.11127],[-76.83932,39.10799],[-76.84141,39.106],[-76.85126,39.09685],[-76.85471,39.09874],[-76.85892,39.09506],[-76.86028,39.09597],[-76.86081,39.09614],[-76.86189,39.09602],[-76.86298,39.09556],[-76.86342,39.09515],[-76.86382,39.09421],[-76.86473,39.09359],[-76.86513,39.09287],[-76.86251,39.09223],[-76.86131,39.09206],[-76.86101,39.09309],[-76.85918,39.09479]],"type":"LineString"},"properties":{"color":"#EE2F2D","color_name":"red","kind":"route","label":"409","long":"Elkridge Corners","route_id":"409","text_color":"#FFFFFF","type_label":"Bus"},"type":"Feature"},{"geometry":{"coordinates":[[-76.72436,39.1538],[-76.72656,39.15366],[-76.72665,39.15257],[-76.72501,39.1526],[-76.72242,39.15322],[-76.7209,39.15417],[-76.72001,39.15539],[-76.71895,39.15805],[-76.71794,39.15929],[-76.72113,39.16153],[-76.72733,39.16844],[-76.7348,39.17275],[-76.73637,39.17391],[-76.73718,39.17483],[-76.73901,39.17757],[-76.74056,39.17915],[-76.74269,39.1809],[-76.74671,39.18357],[-76.74734,39.18285],[-76.7488,39.18274],[-76.74925,39.18251],[-76.74928,39.18225],[-76.74592,39.18112],[-76.74621,39.18201],[-76.7474,39.18275],[-76.74671,39.18359],[-76.75012,39.18509],[-76.75339,39.18704],[-76.75402,39.18787],[-76.75428,39.1893],[-76.7549,39.18993],[-76.7555,39.1897],[-76.76304,39.18442],[-76.77502,39.17642],[-76.78035,39.17366],[-76.78455,39.17236],[-76.78547,39.17188],[-76.78313,39.16861],[-76.78312,39.16821],[-76.78413,39.16751],[-76.78736,39.16924],[-76.78725,39.16996],[-76.78658,39.17075],[-76.78522,39.17184],[-76.78642,39.17372],[-76.78824,39.17748],[-76.79014,39.17976],[-76.7918,39.18106],[-76.79577,39.18331],[-76.79942,39.18491],[-76.80463,39.18671],[-76.8075,39.18823],[-76.80951,39.19002],[-76.81083,39.19149],[-76.81029,39.19248],[-76.81095,39.19305],[-76.81172,39.19253],[-76.81228,39.19303],[-76.81151,39.19355],[-76.81036,39.19252],[-76.81104,39.19167],[-76.81331,39.18945],[-76.82027,39.1838],[-76.82005,39.18336],[-76.81679,39.18207],[-76.8177,39.18255],[-76.8191,39.1829],[-76.82024,39.18357],[-76.81753,39.18574],[-76.81914,39.18693],[-76.81732,39.1886],[-76.81721,39.19085],[-76.81679,39.19154],[-76.81657,39.19162],[-76.81932,39.19193],[-76.81943,39.19249],[-76.82021,39.19384],[-76.81937,39.19418],[-76.81756,39.19436],[-76.81744,39.19375],[-76.81759,39.19359],[-76.81781,39.19434],[-76.82025,39.19392],[-76.82103,39.19551],[-76.82092,39.19644],[-76.82033,39.19732],[-76.81936,39.19797],[-76.81783,39.19862],[-76.81834,39.20044],[-76.81839,39.20446],[-76.81878,39.20587],[-76.81968,39.20713],[-76.82126,39.20826],[-76.82988,39.21101],[-76.83147,39.21183],[-76.83279,39.21282],[-76.83384,39.21398],[-76.8381,39.21988],[-76.83677,39.22026],[-76.83688,39.2213],[-76.83808,39.22132],[-76.83853,39.22151],[-76.83886,39.22242],[-76.83956,39.22298],[-76.83984,39.22427],[-76.8401,39.22462],[-76.8404,39.2244],[-76.8401,39.22462],[-76.83989,39.22438],[-76.83956,39.22298],[-76.83886,39.22242],[-76.83853,39.22151],[-76.83808,39.22132],[-76.83688,39.2213],[-76.83679,39.22036],[-76.83813,39.22012],[-76.84065,39.22311],[-76.84182,39.22397],[-76.84309,39.22461],[-76.84931,39.22692],[-76.85148,39.22707],[-76.85404,39.22655],[-76.85559,39.2257],[-76.8566,39.22482],[-76.85922,39.22108],[-76.86128,39.22034],[-76.86111,39.21954],[-76.86161,39.21864],[-76.86242,39.2186],[-76.86463,39.21712],[-76.86481,39.21669],[-76.86483,39.21498],[-76.86458,39.21497],[-76.8644,39.21466],[-76.86387,39.21464]],"type":"LineString"},"properties":{"color":"#EE2F2D","color_name":"red","kind":"route","label":"501","long":"Columbia / Arundel Mills","route_id":"501","text_color":"#FFFFFF","type_label":"Bus"},"type":"Feature"},{"geometry":{"coordinates":[[-76.85918,39.09479],[-76.85891,39.09504],[-76.8604,39.09603],[-76.86102,39.09616],[-76.86189,39.09602],[-76.86318,39.09542],[-76.86382,39.09421],[-76.86498,39.09326],[-76.86513,39.09287],[-76.86295,39.09233],[-76.86101,39.09203],[-76.85914,39.09199],[-76.85907,39.09135],[-76.86126,39.08781],[-76.86233,39.0882],[-76.86307,39.08825],[-76.864,39.08797],[-76.8646,39.08741],[-76.86487,39.08562],[-76.86633,39.08338],[-76.86363,39.08229],[-76.86625,39.07817],[-76.86835,39.07624],[-76.86645,39.07588],[-76.86224,39.07425],[-76.85908,39.07329],[-76.85641,39.0735],[-76.84763,39.07366],[-76.84835,39.07536],[-76.84849,39.07696],[-76.84678,39.08721],[-76.8462,39.0889],[-76.84219,39.09521],[-76.83987,39.09514],[-76.83814,39.0955],[-76.8303,39.09916],[-76.82745,39.10009],[-76.82426,39.10067],[-76.82075,39.10079],[-76.81658,39.10024],[-76.80739,39.09812],[-76.80066,39.09627],[-76.79993,39.09582],[-76.79984,39.0953],[-76.80031,39.09477],[-76.8016,39.09414],[-76.8022,39.09407],[-76.80269,39.09426],[-76.80292,39.09462],[-76.8028,39.0951],[-76.79907,39.09838],[-76.78963,39.10511],[-76.78035,39.11255],[-76.77678,39.11482],[-76.77607,39.11466],[-76.77599,39.11434],[-76.77617,39.11404],[-76.77682,39.11375],[-76.7775,39.11398],[-76.77953,39.11718],[-76.78113,39.11897],[-76.7926,39.12721],[-76.79471,39.12891],[-76.79678,39.12456],[-76.79605,39.12446],[-76.79605,39.1238],[-76.79653,39.12377],[-76.79648,39.12333],[-76.79599,39.12336],[-76.79605,39.12446],[-76.79678,39.12456],[-76.79434,39.12975],[-76.79404,39.13005],[-76.79348,39.13002],[-76.79095,39.12846],[-76.79045,39.12788],[-76.78926,39.12567],[-76.78738,39.12397],[-76.78639,39.12328],[-76.78491,39.12305],[-76.78446,39.12267],[-76.78419,39.12167],[-76.78336,39.12106],[-76.78207,39.12043],[-76.78127,39.12038],[-76.77954,39.12181],[-76.77656,39.12254],[-76.77584,39.12293],[-76.77537,39.12345],[-76.77394,39.12637],[-76.77307,39.12704],[-76.77049,39.12834],[-76.76979,39.12902],[-76.76941,39.13001],[-76.76968,39.13195],[-76.76931,39.13292],[-76.76701,39.13589],[-76.76334,39.13825],[-76.76305,39.13862],[-76.76312,39.13927],[-76.76376,39.14],[-76.76378,39.14222],[-76.76357,39.14265],[-76.76301,39.14268],[-76.75768,39.14135],[-76.75466,39.1395],[-76.75447,39.13916],[-76.7546,39.13877],[-76.75512,39.13855],[-76.75563,39.13875],[-76.75576,39.13907],[-76.75558,39.13977],[-76.75119,39.14942],[-76.74991,39.15141],[-76.7488,39.1527],[-76.74721,39.154],[-76.74518,39.1553],[-76.74454,39.15546],[-76.74391,39.15508],[-76.74075,39.1512],[-76.73949,39.15051],[-76.73804,39.15022],[-76.73669,39.15031],[-76.73577,39.15057],[-76.73281,39.15211],[-76.73122,39.1526],[-76.72974,39.15272],[-76.72584,39.15255],[-76.72376,39.15279],[-76.72242,39.15322],[-76.72124,39.15389],[-76.72251,39.15485],[-76.72336,39.15413],[-76.72436,39.1538]],"type":"LineString"},"properties":{"color":"#EE2F2D","color_name":"red","kind":"route","label":"502","long":"Laurel / Arundel Mills","route_id":"502","text_color":"#FFFFFF","type_label":"Bus"},"type":"Feature"},{"geometry":{"coordinates":[[-76.85918,39.09479],[-76.85891,39.09504],[-76.8604,39.09603],[-76.86102,39.09616],[-76.86205,39.09598],[-76.86322,39.09538],[-76.86382,39.09421],[-76.86473,39.09359],[-76.86508,39.09303],[-76.87545,39.09433],[-76.87557,39.09454],[-76.87542,39.09515],[-76.87486,39.09629],[-76.87155,39.10044],[-76.87062,39.10399],[-76.86944,39.1044],[-76.86522,39.10518],[-76.86097,39.10767],[-76.85503,39.10638],[-76.8519,39.11298],[-76.85149,39.11422],[-76.85143,39.11656],[-76.85225,39.11873],[-76.84857,39.1208],[-76.84248,39.12469],[-76.84192,39.1245],[-76.83875,39.121],[-76.83744,39.12043],[-76.83762,39.11976],[-76.83621,39.11752],[-76.83686,39.11656],[-76.83741,39.11668],[-76.83743,39.11609],[-76.8371,39.11556],[-76.83646,39.11517],[-76.83625,39.11559],[-76.83672,39.11591],[-76.83688,39.11646],[-76.83629,39.11727],[-76.83623,39.11762],[-76.83762,39.11976],[-76.83744,39.12043],[-76.83875,39.121],[-76.84216,39.1247],[-76.84372,39.1254],[-76.84592,39.12706],[-76.84559,39.12811],[-76.84463,39.13376],[-76.84425,39.13473],[-76.84354,39.13578],[-76.84136,39.13432],[-76.84028,39.13329],[-76.83894,39.13284],[-76.8371,39.13298],[-76.8354,39.13338],[-76.83293,39.1333],[-76.83118,39.13365],[-76.82461,39.13381],[-76.82486,39.13452],[-76.82492,39.13596],[-76.82549,39.13727],[-76.82552,39.13783],[-76.82408,39.13785],[-76.82427,39.13949],[-76.82707,39.14818],[-76.82027,39.14869],[-76.81659,39.14964],[-76.81992,39.15428],[-76.82038,39.1541],[-76.82043,39.15391],[-76.82004,39.15391],[-76.82021,39.15417],[-76.81992,39.15428],[-76.82439,39.16126],[-76.82541,39.16191],[-76.83086,39.16396],[-76.83516,39.16478],[-76.83627,39.16535],[-76.83858,39.16726],[-76.83725,39.16843],[-76.83714,39.16897],[-76.83741,39.16961],[-76.84573,39.17509],[-76.84463,39.17681],[-76.84924,39.17826],[-76.8504,39.17823],[-76.85129,39.17788],[-76.85243,39.17655],[-76.85315,39.17683],[-76.85284,39.17726],[-76.85375,39.17768],[-76.85427,39.17712],[-76.85243,39.17655],[-76.85156,39.17768],[-76.85055,39.17819],[-76.84952,39.17825],[-76.84802,39.17774],[-76.84746,39.17934],[-76.8476,39.18114],[-76.84817,39.18232],[-76.85039,39.18525],[-76.84829,39.18588],[-76.84309,39.18566],[-76.84197,39.18579],[-76.84121,39.1861],[-76.84055,39.18661],[-76.84161,39.18716],[-76.84191,39.18716],[-76.84246,39.18658],[-76.84236,39.18572],[-76.84135,39.18603],[-76.84055,39.18661],[-76.84014,39.18724],[-76.83965,39.1891],[-76.83775,39.1909],[-76.83781,39.19208],[-76.83926,39.19394],[-76.84,39.19432],[-76.84082,39.19445],[-76.84214,39.1941],[-76.84429,39.19192],[-76.84581,39.19119],[-76.84719,39.19109],[-76.84972,39.19177],[-76.85155,39.19162],[-76.85103,39.19598],[-76.85133,39.1976],[-76.85325,39.19705],[-76.85313,39.19454],[-76.85249,39.19363],[-76.85218,39.19359],[-76.8521,39.19391],[-76.85275,39.194],[-76.85313,39.19454],[-76.85325,39.19705],[-76.85128,39.19748],[-76.85197,39.19843],[-76.85328,39.19928],[-76.86494,39.20491],[-76.86591,39.20565],[-76.8664,39.20637],[-76.86745,39.20983],[-76.8673,39.21061],[-76.86666,39.21197],[-76.86663,39.21447],[-76.86484,39.21446],[-76.86482,39.21498],[-76.86387,39.21455]],"type":"LineString"},"properties":{"color":"#EE2F2D","color_name":"red","kind":"route","label":"503","long":"Laurel / Columbia","route_id":"503","text_color":"#FFFFFF","type_label":"Bus"},"type":"Feature"},{"geometry":{"coordinates":[[-76.86387,39.21464],[-76.86354,39.21464],[-76.86321,39.21489],[-76.86333,39.21497],[-76.86479,39.21497],[-76.86481,39.21669],[-76.86463,39.21712],[-76.86243,39.2186],[-76.86161,39.21864],[-76.86111,39.21954],[-76.86121,39.22017],[-76.85886,39.22056],[-76.85656,39.22449],[-76.85569,39.22534],[-76.85454,39.22606],[-76.85179,39.22681],[-76.84939,39.22669],[-76.84486,39.22496],[-76.84448,39.22452],[-76.8446,39.22403],[-76.84528,39.22376],[-76.84587,39.22398],[-76.84609,39.22449],[-76.84583,39.22527],[-76.83728,39.2394],[-76.83588,39.24102],[-76.82745,39.24863],[-76.82445,39.25042],[-76.82303,39.25067],[-76.82179,39.25056],[-76.82083,39.25023],[-76.81954,39.24937],[-76.81717,39.24714],[-76.81668,39.24654],[-76.81667,39.24612],[-76.81694,39.24585],[-76.81752,39.24575],[-76.81799,39.24596],[-76.81812,39.24648],[-76.81523,39.24936],[-76.81634,39.24999],[-76.81541,39.25088],[-76.81734,39.25235],[-76.81684,39.25283],[-76.81752,39.2534],[-76.8185,39.25474],[-76.8199,39.25577],[-76.82034,39.25635],[-76.81965,39.26216],[-76.81704,39.27504],[-76.81622,39.2776],[-76.8144,39.28011],[-76.81284,39.28122],[-76.80658,39.28481],[-76.80765,39.28589],[-76.80847,39.28623],[-76.80959,39.28712],[-76.82103,39.28718],[-76.82097,39.28614],[-76.81879,39.28195],[-76.82047,39.28102],[-76.82161,39.28223],[-76.82182,39.28278],[-76.82024,39.28384],[-76.8198,39.28385],[-76.82097,39.28614],[-76.82103,39.28718],[-76.80959,39.28712],[-76.80847,39.28624],[-76.80765,39.28589],[-76.80658,39.28481],[-76.78689,39.29618],[-76.78513,39.29676],[-76.78337,39.29685],[-76.78189,39.29658],[-76.77967,39.29561],[-76.77007,39.289],[-76.76718,39.28738],[-76.76289,39.28574],[-76.75676,39.28415],[-76.754,39.28359],[-76.75153,39.28345],[-76.75119,39.28317],[-76.75119,39.28281],[-76.75203,39.28263],[-76.75204,39.2832],[-76.75251,39.2832],[-76.75338,39.28277]],"type":"LineString"},"properties":{"color":"#EE2F2D","color_name":"red","kind":"route","label":"505","long":"Columbia / Catonsville","route_id":"505","text_color":"#FFFFFF","type_label":"Bus"},"type":"Feature"},{"geometry":{"coordinates":[[-76.79365,39.26846],[-76.79363,39.26761],[-76.79478,39.26789],[-76.79673,39.26734],[-76.79886,39.26762],[-76.80132,39.26875],[-76.80111,39.26939],[-76.80133,39.26999],[-76.80109,39.27011],[-76.80077,39.26957]],"type":"LineString"},"properties":{"color":"#071370","color_name":"black","kind":"route","label":"OEC","long":"OEC Trolley","route_id":"OEC","text_color":"#FFFFFF","type_label":"Bus"},"type":"Feature"},{"geometry":{"coordinates":[-76.82142,39.15685],"type":"Point"},"properties":{"kind":"stop","name":"Guilford Rd / 12 Sons Ct","stop_id":"2560710"},"type":"Feature"},{"geometry":{"coordinates":[-76.82033,39.15384],"type":"Point"},"properties":{"kind":"stop","name":"Morningside Park Apartments","stop_id":"2560711"},"type":"Feature"},{"geometry":{"coordinates":[-76.81842,39.14904],"type":"Point"},"properties":{"kind":"stop","name":"Vollmerhausen Rd / Willowwood Way","stop_id":"2560712"},"type":"Feature"},{"geometry":{"coordinates":[-76.82045,39.14859],"type":"Point"},"properties":{"kind":"stop","name":"Vollmerhausen Rd / Castleford Dr","stop_id":"2560713"},"type":"Feature"},{"geometry":{"coordinates":[-76.82681,39.14757],"type":"Point"},"properties":{"kind":"stop","name":"Savage Guilford Rd / Patuxent Valley Middle School (Northbound)","stop_id":"2560714"},"type":"Feature"},{"geometry":{"coordinates":[-76.82444,39.14048],"type":"Point"},"properties":{"kind":"stop","name":"Savage Guilford Rd / Lincoln St (Northbound)","stop_id":"2560715"},"type":"Feature"},{"geometry":{"coordinates":[-76.82405,39.13824],"type":"Point"},"properties":{"kind":"stop","name":"Savage Guilford Rd / Baltimore St (Northbound)","stop_id":"2560716"},"type":"Feature"},{"geometry":{"coordinates":[-76.82525,39.13689],"type":"Point"},"properties":{"kind":"stop","name":"Foundry St / Washington St (Northbound)","stop_id":"2560717"},"type":"Feature"},{"geometry":{"coordinates":[-76.82544,39.13375],"type":"Point"},"properties":{"kind":"stop","name":"Gorman Rd / Foundry St (Eastbound)","stop_id":"2560718"},"type":"Feature"},{"geometry":{"coordinates":[-76.83537,39.13332],"type":"Point"},"properties":{"kind":"stop","name":"Gorman Rd / Rock Ripple Ln (Eastbound)","stop_id":"2560719"},"type":"Feature"},{"geometry":{"coordinates":[-76.8429,39.13529],"type":"Point"},"properties":{"kind":"stop","name":"Gorman Rd / Shantha Ct (Eastbound)","stop_id":"2560720"},"type":"Feature"},{"geometry":{"coordinates":[-76.84547,39.1281],"type":"Point"},"properties":{"kind":"stop","name":"Stephens Rd / Hammonds Overlook Ct","stop_id":"2560721"},"type":"Feature"},{"geometry":{"coordinates":[-76.84311,39.12516],"type":"Point"},"properties":{"kind":"stop","name":"Whiskey Bottom Rd / All Saints Rd","stop_id":"2560722"},"type":"Feature"},{"geometry":{"coordinates":[-76.84752,39.12135],"type":"Point"},"properties":{"kind":"stop","name":"All Saints Rd / North Laurel Rd (Eastbound)","stop_id":"2560723"},"type":"Feature"},{"geometry":{"coordinates":[-76.85,39.11995],"type":"Point"},"properties":{"kind":"stop","name":"All Saints Rd / Covered Wagon Dr","stop_id":"2560724"},"type":"Feature"},{"geometry":{"coordinates":[-76.85284,39.11089],"type":"Point"},"properties":{"kind":"stop","name":"7th St / Baltimore Ave","stop_id":"2560725"},"type":"Feature"},{"geometry":{"coordinates":[-76.85685,39.10511],"type":"Point"},"properties":{"kind":"stop","name":"8th St / Laurel Ave (Northbound)","stop_id":"2560726"},"type":"Feature"},{"geometry":{"coordinates":[-76.85724,39.10317],"type":"Point"},"properties":{"kind":"stop","name":"8th St / West St (Northbound)","stop_id":"2560727"},"type":"Feature"},{"geometry":{"coordinates":[-76.85778,39.10054],"type":"Point"},"properties":{"kind":"stop","name":"8th St / Laurelton Court Apartments","stop_id":"2560728"},"type":"Feature"},{"geometry":{"coordinates":[-76.85775,39.09876],"type":"Point"},"properties":{"kind":"stop","name":"Montrose Ave / 7th St (Westbound)","stop_id":"2560729"},"type":"Feature"},{"geometry":{"coordinates":[-76.85777,39.09864],"type":"Point"},"properties":{"kind":"stop","name":"Montrose Ave / 7th St (Eastbound)","stop_id":"2560730"},"type":"Feature"},{"geometry":{"coordinates":[-76.85796,39.10042],"type":"Point"},"properties":{"kind":"stop","name":"8th St / Laurel Park Apartments","stop_id":"2560731"},"type":"Feature"},{"geometry":{"coordinates":[-76.8574,39.10317],"type":"Point"},"properties":{"kind":"stop","name":"8th St / West St (Southbound)","stop_id":"2560732"},"type":"Feature"},{"geometry":{"coordinates":[-76.85694,39.10532],"type":"Point"},"properties":{"kind":"stop","name":"8th St / Laurel Ave (Southbound)","stop_id":"2560733"},"type":"Feature"},{"geometry":{"coordinates":[-76.85436,39.10817],"type":"Point"},"properties":{"kind":"stop","name":"7th St / Main St (Southbound)","stop_id":"2560735"},"type":"Feature"},{"geometry":{"coordinates":[-76.8533,39.11073],"type":"Point"},"properties":{"kind":"stop","name":"7th St / Pilgrim Ave","stop_id":"2560736"},"type":"Feature"},{"geometry":{"coordinates":[-76.85014,39.12003],"type":"Point"},"properties":{"kind":"stop","name":"All Saints Rd / Whiskey Run Rd","stop_id":"2560737"},"type":"Feature"},{"geometry":{"coordinates":[-76.84767,39.12148],"type":"Point"},"properties":{"kind":"stop","name":"All Saints Rd / North Laurel Rd (Westbound)","stop_id":"2560738"},"type":"Feature"},{"geometry":{"coordinates":[-76.84451,39.1235],"type":"Point"},"properties":{"kind":"stop","name":"All Saints Rd / Bourbon St","stop_id":"2560739"},"type":"Feature"},{"geometry":{"coordinates":[-76.84164,39.12432],"type":"Point"},"properties":{"kind":"stop","name":"Whiskey Bottom Rd / Harmony Ln","stop_id":"2560740"},"type":"Feature"},{"geometry":{"coordinates":[-76.83811,39.12074],"type":"Point"},"properties":{"kind":"stop","name":"Whiskey Bottom Rd / Manorwood Rd","stop_id":"2560741"},"type":"Feature"},{"geometry":{"coordinates":[-76.83676,39.11608],"type":"Point"},"properties":{"kind":"stop","name":"North Laurel Community Center","stop_id":"2560742"},"type":"Feature"},{"geometry":{"coordinates":[-76.83782,39.12045],"type":"Point"},"properties":{"kind":"stop","name":"Whiskey Bottom Rd / Glen Ridge Dr","stop_id":"2560743"},"type":"Feature"},{"geometry":{"coordinates":[-76.84134,39.12376],"type":"Point"},"properties":{"kind":"stop","name":"Whiskey Bottom Rd / Moonshine Hollow","stop_id":"2560744"},"type":"Feature"},{"geometry":{"coordinates":[-76.84568,39.12809],"type":"Point"},"properties":{"kind":"stop","name":"Stephens Rd / Boundless Shade Terrace","stop_id":"2560745"},"type":"Feature"},{"geometry":{"coordinates":[-76.84276,39.13538],"type":"Point"},"properties":{"kind":"stop","name":"Gorman Rd / Shantha Ct (Westbound)","stop_id":"2560746"},"type":"Feature"},{"geometry":{"coordinates":[-76.83512,39.13347],"type":"Point"},"properties":{"kind":"stop","name":"Gorman Rd / Rock Ripple Ln (Westbound)","stop_id":"2560747"},"type":"Feature"},{"geometry":{"coordinates":[-76.82542,39.1339],"type":"Point"},"properties":{"kind":"stop","name":"Gorman Rd / Foundry St (Westbound)","stop_id":"2560748"},"type":"Feature"},{"geometry":{"coordinates":[-76.82535,39.13682],"type":"Point"},"properties":{"kind":"stop","name":"Foundry St / Washington St (Southbound)","stop_id":"2560749"},"type":"Feature"},{"geometry":{"coordinates":[-76.82419,39.1382],"type":"Point"},"properties":{"kind":"stop","name":"Savage Guilford Rd / Baltimore St (Southbound)","stop_id":"2560750"},"type":"Feature"},{"geometry":{"coordinates":[-76.82463,39.14064],"type":"Point"},"properties":{"kind":"stop","name":"Savage Guilford Rd / Lincoln St (Southbound)","stop_id":"2560751"},"type":"Feature"},{"geometry":{"coordinates":[-76.82696,39.14752],"type":"Point"},"properties":{"kind":"stop","name":"Savage Guilford Rd / Patuxent Valley Middle School (Southbound)","stop_id":"2560752"},"type":"Feature"},{"geometry":{"coordinates":[-76.82057,39.14872],"type":"Point"},"properties":{"kind":"stop","name":"Vollmerhausen Rd / Rosewood Way","stop_id":"2560753"},"type":"Feature"},{"geometry":{"coordinates":[-76.81821,39.14928],"type":"Point"},"properties":{"kind":"stop","name":"Vollmerhausen Rd / Birchwood Way","stop_id":"2560754"},"type":"Feature"},{"geometry":{"coordinates":[-76.8201,39.15436],"type":"Point"},"properties":{"kind":"stop","name":"Guilford Rd / Morningside Park Apartments","stop_id":"2560755"},"type":"Feature"},{"geometry":{"coordinates":[-76.82061,39.15525],"type":"Point"},"properties":{"kind":"stop","name":"Guilford Rd / Guilford Neighborhood Park","stop_id":"2560756"},"type":"Feature"},{"geometry":{"coordinates":[-76.82473,39.16147],"type":"Point"},"properties":{"kind":"stop","name":"Guilford Rd / Stirling Bridge Dr (Southbound)","stop_id":"2560757"},"type":"Feature"},{"geometry":{"coordinates":[-76.82983,39.16351],"type":"Point"},"properties":{"kind":"stop","name":"Guilford Rd / Glen Oaks Ln","stop_id":"2560758"},"type":"Feature"},{"geometry":{"coordinates":[-76.83763,39.16971],"type":"Point"},"properties":{"kind":"stop","name":"Gerwig Ln / Howard County Food Bank (Southbound)","stop_id":"2560759"},"type":"Feature"},{"geometry":{"coordinates":[-76.84268,39.17306],"type":"Point"},"properties":{"kind":"stop","name":"Gerwig Ln / Berger Rd (Southbound)","stop_id":"2560760"},"type":"Feature"},{"geometry":{"coordinates":[-76.84532,39.17587],"type":"Point"},"properties":{"kind":"stop","name":"Minstrel Way / Snowden River Pkwy (Southbound)","stop_id":"2560761"},"type":"Feature"},{"geometry":{"coordinates":[-76.8543,39.17719],"type":"Point"},"properties":{"kind":"stop","name":"Community Resources Campus / Department of Social Services","stop_id":"2560762"},"type":"Feature"},{"geometry":{"coordinates":[-76.85282,39.17719],"type":"Point"},"properties":{"kind":"stop","name":"Community Resources Campus / Board of Elections","stop_id":"2560763"},"type":"Feature"},{"geometry":{"coordinates":[-76.85214,39.17709],"type":"Point"},"properties":{"kind":"stop","name":"Patuxent Woods Dr / Community Resources Campus","stop_id":"2560764"},"type":"Feature"},{"geometry":{"coordinates":[-76.84821,39.17825],"type":"Point"},"properties":{"kind":"stop","name":"Broken Land Pkwy / Patuxent Woods Dr","stop_id":"2560765"},"type":"Feature"},{"geometry":{"coordinates":[-76.83962,39.19408],"type":"Point"},"properties":{"kind":"stop","name":"Cradlerock Way / Garland Ln (Eastbound)","stop_id":"2560766"},"type":"Feature"},{"geometry":{"coordinates":[-76.84398,39.19207],"type":"Point"},"properties":{"kind":"stop","name":"Cradlerock Way / Frietchie Row (Eastbound)","stop_id":"2560767"},"type":"Feature"},{"geometry":{"coordinates":[-76.84564,39.19117],"type":"Point"},"properties":{"kind":"stop","name":"Cradlerock Way / East Columbia Library (Eastbound)","stop_id":"2560768"},"type":"Feature"},{"geometry":{"coordinates":[-76.85245,39.19358],"type":"Point"},"properties":{"kind":"stop","name":"Woodside Ct / Humanim","stop_id":"2560769"},"type":"Feature"},{"geometry":{"coordinates":[-76.85332,39.19682],"type":"Point"},"properties":{"kind":"stop","name":"Woodside Ct / Stevens Forest Rd","stop_id":"2560770"},"type":"Feature"},{"geometry":{"coordinates":[-76.78053,39.1214],"type":"Point"},"properties":{"kind":"stop","name":"National Business Pkwy / Hercules Rd (Southbound)","stop_id":"2560771"},"type":"Feature"},{"geometry":{"coordinates":[-76.77617,39.12295],"type":"Point"},"properties":{"kind":"stop","name":"National Business Pkwy / Technology Dr (Southbound)","stop_id":"2560772"},"type":"Feature"},{"geometry":{"coordinates":[-76.77368,39.12686],"type":"Point"},"properties":{"kind":"stop","name":"National Business Pkwy / 140 (Southbound)","stop_id":"2560773"},"type":"Feature"},{"geometry":{"coordinates":[-76.76814,39.13477],"type":"Point"},"properties":{"kind":"stop","name":"National Business Pkwy / 430 (Southbound)","stop_id":"2560774"},"type":"Feature"},{"geometry":{"coordinates":[-76.76393,39.14106],"type":"Point"},"properties":{"kind":"stop","name":"National Business Pkwy / Merritt Dr (Southbound)","stop_id":"2560775"},"type":"Feature"},{"geometry":{"coordinates":[-76.8547,39.08915],"type":"Point"},"properties":{"kind":"stop","name":"Cherry Ln / Cherry Lane Ct (Westbound)","stop_id":"2560776"},"type":"Feature"},{"geometry":{"coordinates":[-76.84909,39.08564],"type":"Point"},"properties":{"kind":"stop","name":"Cherry Ln / Kimberly Gardens","stop_id":"2560777"},"type":"Feature"},{"geometry":{"coordinates":[-76.8465,39.08902],"type":"Point"},"properties":{"kind":"stop","name":"Laurel Bowie Rd / Bowie Rd","stop_id":"2560778"},"type":"Feature"},{"geometry":{"coordinates":[-76.8439,39.09307],"type":"Point"},"properties":{"kind":"stop","name":"Laurel Bowie Rd / Morris Dr (Southbound)","stop_id":"2560779"},"type":"Feature"},{"geometry":{"coordinates":[-76.83772,39.09598],"type":"Point"},"properties":{"kind":"stop","name":"Fort Meade Rd / Laurel Plaza Shopping Center","stop_id":"2560780"},"type":"Feature"},{"geometry":{"coordinates":[-76.83338,39.09808],"type":"Point"},"properties":{"kind":"stop","name":"Fort Meade Rd / Laurel Race Track Rd (Westbound)","stop_id":"2560781"},"type":"Feature"},{"geometry":{"coordinates":[-76.82658,39.10062],"type":"Point"},"properties":{"kind":"stop","name":"Fort Meade Rd / Brock Bridge Rd (Westbound)","stop_id":"2560782"},"type":"Feature"},{"geometry":{"coordinates":[-76.82131,39.10113],"type":"Point"},"properties":{"kind":"stop","name":"Fort Meade Rd / Laureldale Dr","stop_id":"2560783"},"type":"Feature"},{"geometry":{"coordinates":[-76.81656,39.10057],"type":"Point"},"properties":{"kind":"stop","name":"Fort Meade Rd / Whiskey Bottom Rd","stop_id":"2560784"},"type":"Feature"},{"geometry":{"coordinates":[-76.81338,39.0998],"type":"Point"},"properties":{"kind":"stop","name":"Fort Meade Rd / Maryland City Plaza (Westbound)","stop_id":"2560785"},"type":"Feature"},{"geometry":{"coordinates":[-76.80704,39.09835],"type":"Point"},"properties":{"kind":"stop","name":"Fort Meade Rd / Russett Green East","stop_id":"2560786"},"type":"Feature"},{"geometry":{"coordinates":[-76.80269,39.10099],"type":"Point"},"properties":{"kind":"stop","name":"Walmart at Russett Green East - Laurel","stop_id":"2560787"},"type":"Feature"},{"geometry":{"coordinates":[-76.74259,39.15385],"type":"Point"},"properties":{"kind":"stop","name":"Arundel Mills Blvd / Milestone Pkwy (Northbound)","stop_id":"2560788"},"type":"Feature"},{"geometry":{"coordinates":[-76.73922,39.1506],"type":"Point"},"properties":{"kind":"stop","name":"Arundel Mills Blvd / Flaxpool Ct","stop_id":"2560789"},"type":"Feature"},{"geometry":{"coordinates":[-76.73345,39.152],"type":"Point"},"properties":{"kind":"stop","name":"Arundel Mills Blvd / Somerton Ct","stop_id":"2560790"},"type":"Feature"},{"geometry":{"coordinates":[-76.72894,39.15261],"type":"Point"},"properties":{"kind":"stop","name":"Arundel Mills Blvd / Arundel Mills Cir","stop_id":"2560791"},"type":"Feature"},{"geometry":{"coordinates":[-76.73394,39.15145],"type":"Point"},"properties":{"kind":"stop","name":"Arundel Mills Blvd / Rotherham Dr","stop_id":"2560792"},"type":"Feature"},{"geometry":{"coordinates":[-76.74282,39.15351],"type":"Point"},"properties":{"kind":"stop","name":"Arundel Mills Blvd / Milestone Pkwy (Southbound)","stop_id":"2560793"},"type":"Feature"},{"geometry":{"coordinates":[-76.76369,39.14086],"type":"Point"},"properties":{"kind":"stop","name":"National Business Pkwy / Merritt Dr (Northbound)","stop_id":"2560796"},"type":"Feature"},{"geometry":{"coordinates":[-76.76762,39.13509],"type":"Point"},"properties":{"kind":"stop","name":"National Business Pkwy / 430 (Northbound)","stop_id":"2560797"},"type":"Feature"},{"geometry":{"coordinates":[-76.77102,39.12796],"type":"Point"},"properties":{"kind":"stop","name":"National Business Pkwy / Sentinel Way (Northbound)","stop_id":"2560798"},"type":"Feature"},{"geometry":{"coordinates":[-76.77608,39.12272],"type":"Point"},"properties":{"kind":"stop","name":"National Business Pkwy / Technology Dr (Northbound)","stop_id":"2560799"},"type":"Feature"},{"geometry":{"coordinates":[-76.78019,39.12128],"type":"Point"},"properties":{"kind":"stop","name":"National Business Pkwy / Hercules Rd (Northbound)","stop_id":"2560800"},"type":"Feature"},{"geometry":{"coordinates":[-76.80672,39.09789],"type":"Point"},"properties":{"kind":"stop","name":"Fort Meade Rd / Corridor Marketplace Shopping Center","stop_id":"2560801"},"type":"Feature"},{"geometry":{"coordinates":[-76.8109,39.09891],"type":"Point"},"properties":{"kind":"stop","name":"Fort Meade Rd / Red Clay Rd","stop_id":"2560802"},"type":"Feature"},{"geometry":{"coordinates":[-76.81479,39.09976],"type":"Point"},"properties":{"kind":"stop","name":"Fort Meade Rd / Maryland City Plaza (Eastbound)","stop_id":"2560803"},"type":"Feature"},{"geometry":{"coordinates":[-76.8166,39.10018],"type":"Point"},"properties":{"kind":"stop","name":"Fort Meade Rd / Old Annapolis Rd","stop_id":"2560804"},"type":"Feature"},{"geometry":{"coordinates":[-76.81973,39.10065],"type":"Point"},"properties":{"kind":"stop","name":"Fort Meade Rd / Ethel Dr","stop_id":"2560805"},"type":"Feature"},{"geometry":{"coordinates":[-76.82463,39.10056],"type":"Point"},"properties":{"kind":"stop","name":"Fort Meade Rd / Brock Bridge Rd (Eastbound)","stop_id":"2560806"},"type":"Feature"},{"geometry":{"coordinates":[-76.83349,39.09759],"type":"Point"},"properties":{"kind":"stop","name":"Fort Meade Rd / Laurel Race Track Rd (Eastbound)","stop_id":"2560807"},"type":"Feature"},{"geometry":{"coordinates":[-76.83899,39.09519],"type":"Point"},"properties":{"kind":"stop","name":"Fort Meade Rd / Dutch Country Farmer's Market","stop_id":"2560808"},"type":"Feature"},{"geometry":{"coordinates":[-76.84335,39.09327],"type":"Point"},"properties":{"kind":"stop","name":"Laurel Bowie Rd / Morris Dr (Northbound)","stop_id":"2560809"},"type":"Feature"},{"geometry":{"coordinates":[-76.84461,39.09134],"type":"Point"},"properties":{"kind":"stop","name":"Laurel Bowie Rd / Greenview Dr","stop_id":"2560810"},"type":"Feature"},{"geometry":{"coordinates":[-76.846,39.0891],"type":"Point"},"properties":{"kind":"stop","name":"Laurel Bowie Rd / Clubhouse Blvd","stop_id":"2560811"},"type":"Feature"},{"geometry":{"coordinates":[-76.84692,39.08606],"type":"Point"},"properties":{"kind":"stop","name":"Laurel Bowie Rd / Cherry Ln (Northbound)","stop_id":"2560812"},"type":"Feature"},{"geometry":{"coordinates":[-76.84912,39.08536],"type":"Point"},"properties":{"kind":"stop","name":"Cherry Ln / Cherry Lane Professional Park","stop_id":"2560813"},"type":"Feature"},{"geometry":{"coordinates":[-76.85492,39.08881],"type":"Point"},"properties":{"kind":"stop","name":"Cherry Ln / Cherry Lane Ct (Eastbound)","stop_id":"2560814"},"type":"Feature"},{"geometry":{"coordinates":[-76.85297,39.09776],"type":"Point"},"properties":{"kind":"stop","name":"Marshall Ave / Laurel College Center (Eastbound)","stop_id":"2560815"},"type":"Feature"},{"geometry":{"coordinates":[-76.7244,39.15395],"type":"Point"},"properties":{"kind":"stop","name":"Arundel Mills Mall","stop_id":"2560816"},"type":"Feature"},{"geometry":{"coordinates":[-76.74604,39.181],"type":"Point"},"properties":{"kind":"stop","name":"Dorsey MARC Station","stop_id":"2560817"},"type":"Feature"},{"geometry":{"coordinates":[-76.81124,39.19299],"type":"Point"},"properties":{"kind":"stop","name":"Snowden River Park & Ride","stop_id":"2560818"},"type":"Feature"},{"geometry":{"coordinates":[-76.87152,39.21384],"type":"Point"},"properties":{"kind":"stop","name":"Little Patuxent Pkwy / Banneker Rd","stop_id":"2560819"},"type":"Feature"},{"geometry":{"coordinates":[-76.88211,39.21506],"type":"Point"},"properties":{"kind":"stop","name":"Campus Dr / HCC SET Building","stop_id":"2560820"},"type":"Feature"},{"geometry":{"coordinates":[-76.87902,39.21099],"type":"Point"},"properties":{"kind":"stop","name":"Campus Dr / Hickory Ridge Rd (Northbound)","stop_id":"2560821"},"type":"Feature"},{"geometry":{"coordinates":[-76.8775,39.20867],"type":"Point"},"properties":{"kind":"stop","name":"Hickory Ridge Rd / Athletic Field Dr","stop_id":"2560822"},"type":"Feature"},{"geometry":{"coordinates":[-76.87256,39.20719],"type":"Point"},"properties":{"kind":"stop","name":"Hickory Ridge Rd / College Sq (Westbound)","stop_id":"2560823"},"type":"Feature"},{"geometry":{"coordinates":[-76.86891,39.20636],"type":"Point"},"properties":{"kind":"stop","name":"Hickory Ridge Rd / Martin Rd (Westbound)","stop_id":"2560824"},"type":"Feature"},{"geometry":{"coordinates":[-76.86842,39.18947],"type":"Point"},"properties":{"kind":"stop","name":"Shaker Dr / Seneca Farm Rd (Northbound)","stop_id":"2560825"},"type":"Feature"},{"geometry":{"coordinates":[-76.87135,39.18499],"type":"Point"},"properties":{"kind":"stop","name":"Shaker Dr / Atholton Shopping Center (Northbound)","stop_id":"2560826"},"type":"Feature"},{"geometry":{"coordinates":[-76.8677,39.17992],"type":"Point"},"properties":{"kind":"stop","name":"Shaker Dr / Cape Ann Dr (Westbound)","stop_id":"2560827"},"type":"Feature"},{"geometry":{"coordinates":[-76.85949,39.17941],"type":"Point"},"properties":{"kind":"stop","name":"Shaker Dr / South Carlinda Ave (Eastbound)","stop_id":"2560828"},"type":"Feature"},{"geometry":{"coordinates":[-76.86378,39.17598],"type":"Point"},"properties":{"kind":"stop","name":"Old Columbia Rd / Fiducial Business Centers, Inc. (Eastbound)","stop_id":"2560829"},"type":"Feature"},{"geometry":{"coordinates":[-76.86791,39.17638],"type":"Point"},"properties":{"kind":"stop","name":"Old Columbia Rd / Guilford Rd (Eastbound)","stop_id":"2560830"},"type":"Feature"},{"geometry":{"coordinates":[-76.86986,39.17604],"type":"Point"},"properties":{"kind":"stop","name":"Guilford Rd / Old Columbia Rd (Northbound)","stop_id":"2560831"},"type":"Feature"},{"geometry":{"coordinates":[-76.866,39.17173],"type":"Point"},"properties":{"kind":"stop","name":"Guilford Rd / Eden Brook Dr (Northbound)","stop_id":"2560832"},"type":"Feature"},{"geometry":{"coordinates":[-76.86629,39.17167],"type":"Point"},"properties":{"kind":"stop","name":"Guilford Rd / Eden Brook Dr (Southbound)","stop_id":"2560833"},"type":"Feature"},{"geometry":{"coordinates":[-76.87004,39.17603],"type":"Point"},"properties":{"kind":"stop","name":"Guilford Rd / Old Columbia Rd (Southbound)","stop_id":"2560834"},"type":"Feature"},{"geometry":{"coordinates":[-76.86794,39.1767],"type":"Point"},"properties":{"kind":"stop","name":"Old Columbia Rd / Guilford Rd (Westbound)","stop_id":"2560835"},"type":"Feature"},{"geometry":{"coordinates":[-76.86341,39.17612],"type":"Point"},"properties":{"kind":"stop","name":"Old Columbia Rd / Fiducial Business Centers, Inc. (Westbound)","stop_id":"2560836"},"type":"Feature"},{"geometry":{"coordinates":[-76.858,39.17408],"type":"Point"},"properties":{"kind":"stop","name":"Old Columbia Road Circle","stop_id":"2560837"},"type":"Feature"},{"geometry":{"coordinates":[-76.85958,39.17933],"type":"Point"},"properties":{"kind":"stop","name":"Shaker Dr / South Carlinda Ave (Southbound)","stop_id":"2560838"},"type":"Feature"},{"geometry":{"coordinates":[-76.86759,39.17977],"type":"Point"},"properties":{"kind":"stop","name":"Shaker Dr / Cape Ann Dr (Eastbound)","stop_id":"2560839"},"type":"Feature"},{"geometry":{"coordinates":[-76.87167,39.18471],"type":"Point"},"properties":{"kind":"stop","name":"Shaker Dr / Atholton Shopping Center (Southbound)","stop_id":"2560840"},"type":"Feature"},{"geometry":{"coordinates":[-76.86862,39.18956],"type":"Point"},"properties":{"kind":"stop","name":"Shaker Dr / Seneca Farm Rd (Southbound)","stop_id":"2560841"},"type":"Feature"},{"geometry":{"coordinates":[-76.86935,39.20607],"type":"Point"},"properties":{"kind":"stop","name":"Hickory Ridge Rd / Martin Rd (Eastbound)","stop_id":"2560842"},"type":"Feature"},{"geometry":{"coordinates":[-76.87273,39.2071],"type":"Point"},"properties":{"kind":"stop","name":"Hickory Ridge Rd / College Sq (Eastbound)","stop_id":"2560843"},"type":"Feature"},{"geometry":{"coordinates":[-76.87788,39.20881],"type":"Point"},"properties":{"kind":"stop","name":"Hickory Ridge Rd / East Wind Way","stop_id":"2560844"},"type":"Feature"},{"geometry":{"coordinates":[-76.83887,39.10865],"type":"Point"},"properties":{"kind":"stop","name":"Washington Blvd / Madison Ave","stop_id":"2560845"},"type":"Feature"},{"geometry":{"coordinates":[-76.83432,39.1137],"type":"Point"},"properties":{"kind":"stop","name":"Washington Blvd / Hill St","stop_id":"2560846"},"type":"Feature"},{"geometry":{"coordinates":[-76.83331,39.11465],"type":"Point"},"properties":{"kind":"stop","name":"Washington Blvd / Brewers Ct (Southbound)","stop_id":"2560847"},"type":"Feature"},{"geometry":{"coordinates":[-76.82914,39.11895],"type":"Point"},"properties":{"kind":"stop","name":"Washington Blvd / Country Meadows Apartments","stop_id":"2560848"},"type":"Feature"},{"geometry":{"coordinates":[-76.82586,39.12253],"type":"Point"},"properties":{"kind":"stop","name":"Washington Blvd / Lynn Buff Ct","stop_id":"2560849"},"type":"Feature"},{"geometry":{"coordinates":[-76.82199,39.12745],"type":"Point"},"properties":{"kind":"stop","name":"Washington Blvd / Freestate Dr (Southbound)","stop_id":"2560850"},"type":"Feature"},{"geometry":{"coordinates":[-76.81966,39.13038],"type":"Point"},"properties":{"kind":"stop","name":"Washington Blvd / Gorman Rd","stop_id":"2560851"},"type":"Feature"},{"geometry":{"coordinates":[-76.81591,39.13537],"type":"Point"},"properties":{"kind":"stop","name":"Washington Blvd / Howard St","stop_id":"2560852"},"type":"Feature"},{"geometry":{"coordinates":[-76.81211,39.13611],"type":"Point"},"properties":{"kind":"stop","name":"Corridor Rd / RTA Administration (Westbound)","stop_id":"2560853"},"type":"Feature"},{"geometry":{"coordinates":[-76.81006,39.13615],"type":"Point"},"properties":{"kind":"stop","name":"Corridor Rd / Larkin Rd (Westbound)","stop_id":"2560854"},"type":"Feature"},{"geometry":{"coordinates":[-76.8027,39.13192],"type":"Point"},"properties":{"kind":"stop","name":"Corridor Rd / Bollman Pl (Northbound)","stop_id":"2560855"},"type":"Feature"},{"geometry":{"coordinates":[-76.80101,39.13052],"type":"Point"},"properties":{"kind":"stop","name":"Corridor Rd / Hilda Ave (Northbound)","stop_id":"2560856"},"type":"Feature"},{"geometry":{"coordinates":[-76.79772,39.1262],"type":"Point"},"properties":{"kind":"stop","name":"Corridor Rd / Junction Dr (Northbound)","stop_id":"2560857"},"type":"Feature"},{"geometry":{"coordinates":[-76.7939,39.13098],"type":"Point"},"properties":{"kind":"stop","name":"Dorsey Run Rd / Guilford Rd (Southbound)","stop_id":"2560858"},"type":"Feature"},{"geometry":{"coordinates":[-76.79324,39.13426],"type":"Point"},"properties":{"kind":"stop","name":"Dorsey Run Rd / Giant Dr (Southbound)","stop_id":"2560859"},"type":"Feature"},{"geometry":{"coordinates":[-76.79334,39.14032],"type":"Point"},"properties":{"kind":"stop","name":"Dorsey Run Rd / Clifton T. Perkins Hospital (Southbound)","stop_id":"2560860"},"type":"Feature"},{"geometry":{"coordinates":[-76.79201,39.14571],"type":"Point"},"properties":{"kind":"stop","name":"Patuxent Range Rd / Dorsey Run Rd (Eastbound)","stop_id":"2560861"},"type":"Feature"},{"geometry":{"coordinates":[-76.79968,39.1484],"type":"Point"},"properties":{"kind":"stop","name":"Stayton Dr / Patuxent Range Rd (Northbound)","stop_id":"2560862"},"type":"Feature"},{"geometry":{"coordinates":[-76.80181,39.14623],"type":"Point"},"properties":{"kind":"stop","name":"Stayton Dr / Wellmoor Ct (Northbound)","stop_id":"2560863"},"type":"Feature"},{"geometry":{"coordinates":[-76.8051,39.14333],"type":"Point"},"properties":{"kind":"stop","name":"Stayton Dr / Sandy Ct (Northbound)","stop_id":"2560864"},"type":"Feature"},{"geometry":{"coordinates":[-76.80904,39.14321],"type":"Point"},"properties":{"kind":"stop","name":"Guilford Rd / Washington Blvd (Southbound)","stop_id":"2560865"},"type":"Feature"},{"geometry":{"coordinates":[-76.7933,39.16284],"type":"Point"},"properties":{"kind":"stop","name":"Washington Blvd / Mission Place Apartments","stop_id":"2560866"},"type":"Feature"},{"geometry":{"coordinates":[-76.78984,39.16713],"type":"Point"},"properties":{"kind":"stop","name":"Washington Blvd / Cedar Ave","stop_id":"2560867"},"type":"Feature"},{"geometry":{"coordinates":[-76.77921,39.17442],"type":"Point"},"properties":{"kind":"stop","name":"Washington Blvd / Port Capital Dr (Southbound)","stop_id":"2560868"},"type":"Feature"},{"geometry":{"coordinates":[-76.77452,39.17689],"type":"Point"},"properties":{"kind":"stop","name":"Washington Blvd / Blue Stream Dr (Southbound)","stop_id":"2560869"},"type":"Feature"},{"geometry":{"coordinates":[-76.76558,39.18288],"type":"Point"},"properties":{"kind":"stop","name":"Washington Blvd / Cooney Ln (Southbound)","stop_id":"2560870"},"type":"Feature"},{"geometry":{"coordinates":[-76.76459,39.18358],"type":"Point"},"properties":{"kind":"stop","name":"Washington Blvd / Meadowridge Rd","stop_id":"2560871"},"type":"Feature"},{"geometry":{"coordinates":[-76.74638,39.19514],"type":"Point"},"properties":{"kind":"stop","name":"Washington Blvd / Troy Hill Dr","stop_id":"2560872"},"type":"Feature"},{"geometry":{"coordinates":[-76.7429,39.19692],"type":"Point"},"properties":{"kind":"stop","name":"Washington Blvd / Ducketts Ln","stop_id":"2560873"},"type":"Feature"},{"geometry":{"coordinates":[-76.7403,39.19836],"type":"Point"},"properties":{"kind":"stop","name":"Washington Blvd / Loudon Ave (Southbound)","stop_id":"2560874"},"type":"Feature"},{"geometry":{"coordinates":[-76.73548,39.20192],"type":"Point"},"properties":{"kind":"stop","name":"Rowanberry Dr / Elkridge Library (Southbound)","stop_id":"2560875"},"type":"Feature"},{"geometry":{"coordinates":[-76.73504,39.20594],"type":"Point"},"properties":{"kind":"stop","name":"Rowanberry Dr / Bayberry Ct","stop_id":"2560876"},"type":"Feature"},{"geometry":{"coordinates":[-76.73207,39.20757],"type":"Point"},"properties":{"kind":"stop","name":"Greenfield Rd / 6400","stop_id":"2560877"},"type":"Feature"},{"geometry":{"coordinates":[-76.73111,39.20549],"type":"Point"},"properties":{"kind":"stop","name":"Greenfield Rd / Penniman Park Apartments","stop_id":"2560878"},"type":"Feature"},{"geometry":{"coordinates":[-76.72788,39.20668],"type":"Point"},"properties":{"kind":"stop","name":"Washington Blvd / Elkridge Corners Shopping Center","stop_id":"2560879"},"type":"Feature"},{"geometry":{"coordinates":[-76.72815,39.20842],"type":"Point"},"properties":{"kind":"stop","name":"Montgomery Rd / Elkridge Corners Shopping Center","stop_id":"2560880"},"type":"Feature"},{"geometry":{"coordinates":[-76.7332,39.21109],"type":"Point"},"properties":{"kind":"stop","name":"Montgomery Rd / Steepridge Dr","stop_id":"2560881"},"type":"Feature"},{"geometry":{"coordinates":[-76.73663,39.21045],"type":"Point"},"properties":{"kind":"stop","name":"Rowanberry Dr / Montgomery Rd","stop_id":"2560882"},"type":"Feature"},{"geometry":{"coordinates":[-76.73415,39.20752],"type":"Point"},"properties":{"kind":"stop","name":"Rowanberry Dr / Greenfield Rd","stop_id":"2560883"},"type":"Feature"},{"geometry":{"coordinates":[-76.73487,39.20586],"type":"Point"},"properties":{"kind":"stop","name":"Rowanberry Dr / Orchard Club Dr","stop_id":"2560884"},"type":"Feature"},{"geometry":{"coordinates":[-76.73537,39.20206],"type":"Point"},"properties":{"kind":"stop","name":"Rowanberry Dr / Elkridge Library (Northbound)","stop_id":"2560885"},"type":"Feature"},{"geometry":{"coordinates":[-76.74012,39.19818],"type":"Point"},"properties":{"kind":"stop","name":"Washington Blvd / Loudon Ave (Northbound)","stop_id":"2560886"},"type":"Feature"},{"geometry":{"coordinates":[-76.76399,39.18362],"type":"Point"},"properties":{"kind":"stop","name":"Washington Blvd / Dorsey Rd","stop_id":"2560887"},"type":"Feature"},{"geometry":{"coordinates":[-76.76654,39.18191],"type":"Point"},"properties":{"kind":"stop","name":"Washington Blvd / Cooney Ln (Northbound)","stop_id":"2560888"},"type":"Feature"},{"geometry":{"coordinates":[-76.7742,39.17678],"type":"Point"},"properties":{"kind":"stop","name":"Washington Blvd / Blue Stream Dr (Northbound)","stop_id":"2560889"},"type":"Feature"},{"geometry":{"coordinates":[-76.77836,39.17457],"type":"Point"},"properties":{"kind":"stop","name":"Washington Blvd / Port Capital Dr (Northbound)","stop_id":"2560890"},"type":"Feature"},{"geometry":{"coordinates":[-76.78476,39.16804],"type":"Point"},"properties":{"kind":"stop","name":"Assateague Dr / Maryland Food Center","stop_id":"2560891"},"type":"Feature"},{"geometry":{"coordinates":[-76.78312,39.16528],"type":"Point"},"properties":{"kind":"stop","name":"Assateague Dr / Conowingo Dr","stop_id":"2560892"},"type":"Feature"},{"geometry":{"coordinates":[-76.78238,39.16289],"type":"Point"},"properties":{"kind":"stop","name":"Assateague Dr / Old Giant Warehouse","stop_id":"2560893"},"type":"Feature"},{"geometry":{"coordinates":[-76.78154,39.16021],"type":"Point"},"properties":{"kind":"stop","name":"Assateague Dr / Rappahannock Ave","stop_id":"2560894"},"type":"Feature"},{"geometry":{"coordinates":[-76.78035,39.1582],"type":"Point"},"properties":{"kind":"stop","name":"Oceano Ave / Assateague Dr","stop_id":"2560895"},"type":"Feature"},{"geometry":{"coordinates":[-76.79297,39.16276],"type":"Point"},"properties":{"kind":"stop","name":"Washington Blvd / Fleming St","stop_id":"2560896"},"type":"Feature"},{"geometry":{"coordinates":[-76.80859,39.1429],"type":"Point"},"properties":{"kind":"stop","name":"Guilford Rd / Washington Blvd (Northbound)","stop_id":"2560897"},"type":"Feature"},{"geometry":{"coordinates":[-76.80515,39.14347],"type":"Point"},"properties":{"kind":"stop","name":"Stayton Dr / Sandy Ct (Southbound)","stop_id":"2560898"},"type":"Feature"},{"geometry":{"coordinates":[-76.80192,39.14634],"type":"Point"},"properties":{"kind":"stop","name":"Stayton Dr / Wellmoor Ct (Southbound)","stop_id":"2560899"},"type":"Feature"},{"geometry":{"coordinates":[-76.79977,39.14854],"type":"Point"},"properties":{"kind":"stop","name":"Stayton Dr / Patuxent Range Rd (Southbound)","stop_id":"2560900"},"type":"Feature"},{"geometry":{"coordinates":[-76.79234,39.14582],"type":"Point"},"properties":{"kind":"stop","name":"Patuxent Range Rd / Dorsey Run Rd (Westbound)","stop_id":"2560901"},"type":"Feature"},{"geometry":{"coordinates":[-76.79317,39.14054],"type":"Point"},"properties":{"kind":"stop","name":"Dorsey Run Rd / Clifton T. Perkins Hospital (Northbound)","stop_id":"2560902"},"type":"Feature"},{"geometry":{"coordinates":[-76.79304,39.13463],"type":"Point"},"properties":{"kind":"stop","name":"Dorsey Run Rd / Giant Dr (Northbound)","stop_id":"2560903"},"type":"Feature"},{"geometry":{"coordinates":[-76.79362,39.13098],"type":"Point"},"properties":{"kind":"stop","name":"Dorsey Run Rd / Guilford Rd (Northbound)","stop_id":"2560904"},"type":"Feature"},{"geometry":{"coordinates":[-76.79601,39.1238],"type":"Point"},"properties":{"kind":"stop","name":"Savage MARC Station","stop_id":"2560905"},"type":"Feature"},{"geometry":{"coordinates":[-76.79791,39.12622],"type":"Point"},"properties":{"kind":"stop","name":"Corridor Rd / Junction Dr (Southbound)","stop_id":"2560906"},"type":"Feature"},{"geometry":{"coordinates":[-76.80146,39.13069],"type":"Point"},"properties":{"kind":"stop","name":"Corridor Rd / Hilda Ave (Southbound)","stop_id":"2560907"},"type":"Feature"},{"geometry":{"coordinates":[-76.8028,39.1318],"type":"Point"},"properties":{"kind":"stop","name":"Corridor Rd / Bollman Pl (Southbound)","stop_id":"2560908"},"type":"Feature"},{"geometry":{"coordinates":[-76.80928,39.13584],"type":"Point"},"properties":{"kind":"stop","name":"Corridor Rd / Larkin Rd (Eastbound)","stop_id":"2560909"},"type":"Feature"},{"geometry":{"coordinates":[-76.81201,39.13596],"type":"Point"},"properties":{"kind":"stop","name":"Corridor Rd / RTA Administration (Eastbound)","stop_id":"2560910"},"type":"Feature"},{"geometry":{"coordinates":[-76.81473,39.13539],"type":"Point"},"properties":{"kind":"stop","name":"Washington Blvd / Corridor Rd","stop_id":"2560911"},"type":"Feature"},{"geometry":{"coordinates":[-76.82205,39.12689],"type":"Point"},"properties":{"kind":"stop","name":"Washington Blvd / Freestate Dr (Northbound)","stop_id":"2560912"},"type":"Feature"},{"geometry":{"coordinates":[-76.82428,39.12412],"type":"Point"},"properties":{"kind":"stop","name":"Washington Blvd / Savage Industrial Park","stop_id":"2560913"},"type":"Feature"},{"geometry":{"coordinates":[-76.82675,39.12107],"type":"Point"},"properties":{"kind":"stop","name":"Washington Blvd / Maier Rd","stop_id":"2560914"},"type":"Feature"},{"geometry":{"coordinates":[-76.83306,39.11446],"type":"Point"},"properties":{"kind":"stop","name":"Washington Blvd / Brewers Ct (Northbound)","stop_id":"2560915"},"type":"Feature"},{"geometry":{"coordinates":[-76.83603,39.11045],"type":"Point"},"properties":{"kind":"stop","name":"2nd St / Davis Ave","stop_id":"2560916"},"type":"Feature"},{"geometry":{"coordinates":[-76.83656,39.10923],"type":"Point"},"properties":{"kind":"stop","name":"2nd St / Midway Plaza Shopping Center","stop_id":"2560917"},"type":"Feature"},{"geometry":{"coordinates":[-76.83918,39.1064],"type":"Point"},"properties":{"kind":"stop","name":"2nd St / Columbia St","stop_id":"2560918"},"type":"Feature"},{"geometry":{"coordinates":[-76.84244,39.10354],"type":"Point"},"properties":{"kind":"stop","name":"2nd St / Main St","stop_id":"2560919"},"type":"Feature"},{"geometry":{"coordinates":[-76.84381,39.10224],"type":"Point"},"properties":{"kind":"stop","name":"2nd St / Little Montgomery Ave","stop_id":"2560920"},"type":"Feature"},{"geometry":{"coordinates":[-76.84557,39.10057],"type":"Point"},"properties":{"kind":"stop","name":"2nd St / Laurel Ave","stop_id":"2560921"},"type":"Feature"},{"geometry":{"coordinates":[-76.85126,39.09905],"type":"Point"},"properties":{"kind":"stop","name":"Gorman Ave / Thomas Dr","stop_id":"2560922"},"type":"Feature"},{"geometry":{"coordinates":[-76.85485,39.09853],"type":"Point"},"properties":{"kind":"stop","name":"4th St / Marshall Ave","stop_id":"2560923"},"type":"Feature"},{"geometry":{"coordinates":[-76.85629,39.09733],"type":"Point"},"properties":{"kind":"stop","name":"4th St / Montrose Ave (Northbound)","stop_id":"2560924"},"type":"Feature"},{"geometry":{"coordinates":[-76.81706,39.19174],"type":"Point"},"properties":{"kind":"stop","name":"Stanford Blvd / Stanford Boulevard Cir (Westbound)","stop_id":"2560925"},"type":"Feature"},{"geometry":{"coordinates":[-76.84141,39.21222],"type":"Point"},"properties":{"kind":"stop","name":"Thunder Hill Rd / Timesweep Ln","stop_id":"2560926"},"type":"Feature"},{"geometry":{"coordinates":[-76.8455,39.21206],"type":"Point"},"properties":{"kind":"stop","name":"White Acre Rd / Basket Ring Dr (Eastbound)","stop_id":"2560927"},"type":"Feature"},{"geometry":{"coordinates":[-76.8478,39.20849],"type":"Point"},"properties":{"kind":"stop","name":"Stevens Forest Rd / Santiago Rd","stop_id":"2560928"},"type":"Feature"},{"geometry":{"coordinates":[-76.84703,39.20608],"type":"Point"},"properties":{"kind":"stop","name":"Stevens Forest Rd / Kilimanjaro Rd","stop_id":"2560929"},"type":"Feature"},{"geometry":{"coordinates":[-76.84291,39.20652],"type":"Point"},"properties":{"kind":"stop","name":"Kilimanjaro Rd / Pamplona Rd (Westbound)","stop_id":"2560930"},"type":"Feature"},{"geometry":{"coordinates":[-76.83948,39.20738],"type":"Point"},"properties":{"kind":"stop","name":"Kilimanjaro Rd / Oakland Mills High School","stop_id":"2560931"},"type":"Feature"},{"geometry":{"coordinates":[-76.83403,39.20646],"type":"Point"},"properties":{"kind":"stop","name":"Kilimanjaro Rd / Matador Rd","stop_id":"2560932"},"type":"Feature"},{"geometry":{"coordinates":[-76.83413,39.20372],"type":"Point"},"properties":{"kind":"stop","name":"Oakland Mills Rd / Farewell Rd (Northbound)","stop_id":"2560933"},"type":"Feature"},{"geometry":{"coordinates":[-76.83452,39.20095],"type":"Point"},"properties":{"kind":"stop","name":"Oakland Mills Rd / Sewells Orchard Dr","stop_id":"2560934"},"type":"Feature"},{"geometry":{"coordinates":[-76.8347,39.19717],"type":"Point"},"properties":{"kind":"stop","name":"Oakland Mills Rd / Loring Dr","stop_id":"2560935"},"type":"Feature"},{"geometry":{"coordinates":[-76.83292,39.1931],"type":"Point"},"properties":{"kind":"stop","name":"Oakland Mills Rd / Malindy Cir (Northbound)","stop_id":"2560936"},"type":"Feature"},{"geometry":{"coordinates":[-76.86535,39.16905],"type":"Point"},"properties":{"kind":"stop","name":"Kings Contrivance Village Center","stop_id":"2560938"},"type":"Feature"},{"geometry":{"coordinates":[-76.85929,39.16859],"type":"Point"},"properties":{"kind":"stop","name":"Guilford Rd / Blue Sea Dr","stop_id":"2560939"},"type":"Feature"},{"geometry":{"coordinates":[-76.85413,39.1671],"type":"Point"},"properties":{"kind":"stop","name":"Guilford Rd / Early April Way (Westbound)","stop_id":"2560940"},"type":"Feature"},{"geometry":{"coordinates":[-76.85118,39.16683],"type":"Point"},"properties":{"kind":"stop","name":"Murray Hill Rd / Guilford Rd (Northbound)","stop_id":"2560941"},"type":"Feature"},{"geometry":{"coordinates":[-76.84933,39.16417],"type":"Point"},"properties":{"kind":"stop","name":"Clocktower Ln / Murray Hill Rd","stop_id":"2560942"},"type":"Feature"},{"geometry":{"coordinates":[-76.84599,39.16328],"type":"Point"},"properties":{"kind":"stop","name":"Clocktower Lane Loop","stop_id":"2560943"},"type":"Feature"},{"geometry":{"coordinates":[-76.84672,39.16333],"type":"Point"},"properties":{"kind":"stop","name":"Clocktower Ln / Softwater Way","stop_id":"2560944"},"type":"Feature"},{"geometry":{"coordinates":[-76.85121,39.16649],"type":"Point"},"properties":{"kind":"stop","name":"Murray Hill Rd / Guilford Rd (Southbound)","stop_id":"2560945"},"type":"Feature"},{"geometry":{"coordinates":[-76.84976,39.16948],"type":"Point"},"properties":{"kind":"stop","name":"Guilford Rd / The Rivers Corporate Park (Westbound)","stop_id":"2560946"},"type":"Feature"},{"geometry":{"coordinates":[-76.84447,39.16876],"type":"Point"},"properties":{"kind":"stop","name":"Guilford Rd / The Rivers Technology Park (Westbound)","stop_id":"2560947"},"type":"Feature"},{"geometry":{"coordinates":[-76.83905,39.16701],"type":"Point"},"properties":{"kind":"stop","name":"Guilford Rd / Gerwig Ln (Westbound)","stop_id":"2560948"},"type":"Feature"},{"geometry":{"coordinates":[-76.83334,39.16452],"type":"Point"},"properties":{"kind":"stop","name":"Guilford Rd / Ridgeview Dr","stop_id":"2560949"},"type":"Feature"},{"geometry":{"coordinates":[-76.83101,39.16407],"type":"Point"},"properties":{"kind":"stop","name":"Guilford Rd / Oakland Mills Rd","stop_id":"2560950"},"type":"Feature"},{"geometry":{"coordinates":[-76.83075,39.17129],"type":"Point"},"properties":{"kind":"stop","name":"Oakland Mills Rd / Carters Cove","stop_id":"2560951"},"type":"Feature"},{"geometry":{"coordinates":[-76.82942,39.17536],"type":"Point"},"properties":{"kind":"stop","name":"Oakland Mills Rd / Oakwood Business Center (Southbound)","stop_id":"2560952"},"type":"Feature"},{"geometry":{"coordinates":[-76.82803,39.17679],"type":"Point"},"properties":{"kind":"stop","name":"Oakland Mills Rd / Berger Rd","stop_id":"2560953"},"type":"Feature"},{"geometry":{"coordinates":[-76.82756,39.18126],"type":"Point"},"properties":{"kind":"stop","name":"Oakland Mills Rd / Deerpasture Dr","stop_id":"2560954"},"type":"Feature"},{"geometry":{"coordinates":[-76.82586,39.18305],"type":"Point"},"properties":{"kind":"stop","name":"Oakland Mills Rd / Oak Hall Ln (Southbound)","stop_id":"2560955"},"type":"Feature"},{"geometry":{"coordinates":[-76.82699,39.1844],"type":"Point"},"properties":{"kind":"stop","name":"Oakland Mills Rd / Dobbin Rd (Southbound)","stop_id":"2560956"},"type":"Feature"},{"geometry":{"coordinates":[-76.83231,39.19067],"type":"Point"},"properties":{"kind":"stop","name":"Homespun Dr / Pigeon Wing Pl (Eastbound)","stop_id":"2560957"},"type":"Feature"},{"geometry":{"coordinates":[-76.83659,39.19027],"type":"Point"},"properties":{"kind":"stop","name":"Homespun Dr / Angelina Cir (Eastbound)","stop_id":"2560958"},"type":"Feature"},{"geometry":{"coordinates":[-76.83882,39.18988],"type":"Point"},"properties":{"kind":"stop","name":"Cradlerock Way / Talisman Ln (Northbound)","stop_id":"2560959"},"type":"Feature"},{"geometry":{"coordinates":[-76.83991,39.18798],"type":"Point"},"properties":{"kind":"stop","name":"Cradlerock Way / Smooth Path (Northbound)","stop_id":"2560960"},"type":"Feature"},{"geometry":{"coordinates":[-76.84269,39.18561],"type":"Point"},"properties":{"kind":"stop","name":"Cradlerock Way / Swan Point Way","stop_id":"2560961"},"type":"Feature"},{"geometry":{"coordinates":[-76.84253,39.18658],"type":"Point"},"properties":{"kind":"stop","name":"Owen Brown Village Center","stop_id":"2560962"},"type":"Feature"},{"geometry":{"coordinates":[-76.84142,39.18811],"type":"Point"},"properties":{"kind":"stop","name":"Park View Apartments at Owen Brown","stop_id":"2560963"},"type":"Feature"},{"geometry":{"coordinates":[-76.8401,39.18795],"type":"Point"},"properties":{"kind":"stop","name":"Cradlerock Way / Smooth Path (Southbound)","stop_id":"2560964"},"type":"Feature"},{"geometry":{"coordinates":[-76.83921,39.18974],"type":"Point"},"properties":{"kind":"stop","name":"Cradlerock Way / Talisman Ln (Southbound)","stop_id":"2560965"},"type":"Feature"},{"geometry":{"coordinates":[-76.83661,39.19042],"type":"Point"},"properties":{"kind":"stop","name":"Homespun Dr / Angelina Cir (Westbound)","stop_id":"2560966"},"type":"Feature"},{"geometry":{"coordinates":[-76.83219,39.19082],"type":"Point"},"properties":{"kind":"stop","name":"Homespun Dr / Pigeon Wing Pl (Westbound)","stop_id":"2560967"},"type":"Feature"},{"geometry":{"coordinates":[-76.83306,39.19301],"type":"Point"},"properties":{"kind":"stop","name":"Oakland Mills Rd / Malindy Cir (Southbound)","stop_id":"2560968"},"type":"Feature"},{"geometry":{"coordinates":[-76.83486,39.19743],"type":"Point"},"properties":{"kind":"stop","name":"Oakland Mills Rd / Fairmead Ln","stop_id":"2560969"},"type":"Feature"},{"geometry":{"coordinates":[-76.83469,39.20092],"type":"Point"},"properties":{"kind":"stop","name":"Oakland Mills Rd / Dawn Day Dr","stop_id":"2560970"},"type":"Feature"},{"geometry":{"coordinates":[-76.8344,39.20331],"type":"Point"},"properties":{"kind":"stop","name":"Oakland Mills Rd / Farewell Rd (Southbound)","stop_id":"2560971"},"type":"Feature"},{"geometry":{"coordinates":[-76.83434,39.20671],"type":"Point"},"properties":{"kind":"stop","name":"Kilimanjaro Rd / Afternoon Ln","stop_id":"2560972"},"type":"Feature"},{"geometry":{"coordinates":[-76.83902,39.20751],"type":"Point"},"properties":{"kind":"stop","name":"Kilimanjaro Rd / Macomber Ln","stop_id":"2560973"},"type":"Feature"},{"geometry":{"coordinates":[-76.84284,39.20639],"type":"Point"},"properties":{"kind":"stop","name":"Kilimanjaro Rd / Pamplona Rd (Eastbound)","stop_id":"2560974"},"type":"Feature"},{"geometry":{"coordinates":[-76.84767,39.20671],"type":"Point"},"properties":{"kind":"stop","name":"Stevens Forest Rd / Jacobs Ladder","stop_id":"2560975"},"type":"Feature"},{"geometry":{"coordinates":[-76.84797,39.20835],"type":"Point"},"properties":{"kind":"stop","name":"Stevens Forest Rd / Camelback Ln","stop_id":"2560976"},"type":"Feature"},{"geometry":{"coordinates":[-76.84659,39.20989],"type":"Point"},"properties":{"kind":"stop","name":"Oakland Mills Village Center","stop_id":"2560977"},"type":"Feature"},{"geometry":{"coordinates":[-76.84569,39.21217],"type":"Point"},"properties":{"kind":"stop","name":"White Acre Rd / Basket Ring Dr (Westbound)","stop_id":"2560978"},"type":"Feature"},{"geometry":{"coordinates":[-76.84175,39.21184],"type":"Point"},"properties":{"kind":"stop","name":"Thunder Hill Rd / White Acre Rd","stop_id":"2560979"},"type":"Feature"},{"geometry":{"coordinates":[-76.84055,39.2154],"type":"Point"},"properties":{"kind":"stop","name":"Thunder Hill Rd / Longlook Ln (Southbound)","stop_id":"2560980"},"type":"Feature"},{"geometry":{"coordinates":[-76.84073,39.21756],"type":"Point"},"properties":{"kind":"stop","name":"Thunder Hill Rd / Mirrorlight Pl","stop_id":"2560981"},"type":"Feature"},{"geometry":{"coordinates":[-76.84009,39.21915],"type":"Point"},"properties":{"kind":"stop","name":"Thunder Hill Rd / Twin Knolls Rd","stop_id":"2560982"},"type":"Feature"},{"geometry":{"coordinates":[-76.85842,39.21909],"type":"Point"},"properties":{"kind":"stop","name":"Little Patuxent Pkwy / Sterrett Pl (Northbound)","stop_id":"2560983"},"type":"Feature"},{"geometry":{"coordinates":[-76.85761,39.21689],"type":"Point"},"properties":{"kind":"stop","name":"Little Patuxent Pkwy / Wincopin Cir (Northbound)","stop_id":"2560984"},"type":"Feature"},{"geometry":{"coordinates":[-76.85877,39.21149],"type":"Point"},"properties":{"kind":"stop","name":"Little Patuxent Pkwy / Central Library","stop_id":"2560985"},"type":"Feature"},{"geometry":{"coordinates":[-76.86337,39.21293],"type":"Point"},"properties":{"kind":"stop","name":"Mall in Columbia / South Lot (Eastbound)","stop_id":"2560986"},"type":"Feature"},{"geometry":{"coordinates":[-76.8666,39.20713],"type":"Point"},"properties":{"kind":"stop","name":"Broken Land Pkwy / Hickory Ridge Rd (Northbound)","stop_id":"2560987"},"type":"Feature"},{"geometry":{"coordinates":[-76.85139,39.19787],"type":"Point"},"properties":{"kind":"stop","name":"Broken Land Pkwy / Stevens Forest Rd (Northbound)","stop_id":"2560988"},"type":"Feature"},{"geometry":{"coordinates":[-76.85138,39.19203],"type":"Point"},"properties":{"kind":"stop","name":"Broken Land Pkwy / Cradlerock Way North","stop_id":"2560989"},"type":"Feature"},{"geometry":{"coordinates":[-76.85057,39.18577],"type":"Point"},"properties":{"kind":"stop","name":"Broken Land Pkwy / Cradlerock Way South (Northbound)","stop_id":"2560990"},"type":"Feature"},{"geometry":{"coordinates":[-76.84435,39.17681],"type":"Point"},"properties":{"kind":"stop","name":"Snowden River Pkwy / Minstrel Way (Westbound)","stop_id":"2560991"},"type":"Feature"},{"geometry":{"coordinates":[-76.8376,39.17598],"type":"Point"},"properties":{"kind":"stop","name":"Snowden River Pkwy / Lincoln Tech (Westbound)","stop_id":"2560992"},"type":"Feature"},{"geometry":{"coordinates":[-76.83229,39.17728],"type":"Point"},"properties":{"kind":"stop","name":"Snowden River Pkwy / Rustling Leaf (Westbound)","stop_id":"2560993"},"type":"Feature"},{"geometry":{"coordinates":[-76.82858,39.17898],"type":"Point"},"properties":{"kind":"stop","name":"Snowden River Pkwy / Oakland Mills Rd (Westbound)","stop_id":"2560994"},"type":"Feature"},{"geometry":{"coordinates":[-76.81764,39.18262],"type":"Point"},"properties":{"kind":"stop","name":"Snowden Square (Westbound)","stop_id":"2560995"},"type":"Feature"},{"geometry":{"coordinates":[-76.82004,39.17864],"type":"Point"},"properties":{"kind":"stop","name":"Snowden Square / Regal UA Cinema (Northbound)","stop_id":"2560996"},"type":"Feature"},{"geometry":{"coordinates":[-76.81772,39.17602],"type":"Point"},"properties":{"kind":"stop","name":"Robert Fulton Dr / Lee Deforest Dr (Westbound)","stop_id":"2560997"},"type":"Feature"},{"geometry":{"coordinates":[-76.81271,39.17592],"type":"Point"},"properties":{"kind":"stop","name":"Robert Fulton Dr / 8671 (Westbound)","stop_id":"2560998"},"type":"Feature"},{"geometry":{"coordinates":[-76.80954,39.17432],"type":"Point"},"properties":{"kind":"stop","name":"Columbia Gateway Dr / Robert Fulton Dr (Northbound)","stop_id":"2560999"},"type":"Feature"},{"geometry":{"coordinates":[-76.80673,39.17241],"type":"Point"},"properties":{"kind":"stop","name":"Columbia Gateway Dr / Samuel Morse Dr (Westbound)","stop_id":"2561000"},"type":"Feature"},{"geometry":{"coordinates":[-76.80286,39.17386],"type":"Point"},"properties":{"kind":"stop","name":"Columbia Gateway Dr / Albert Einstein Dr (Southbound)","stop_id":"2561001"},"type":"Feature"},{"geometry":{"coordinates":[-76.80031,39.17784],"type":"Point"},"properties":{"kind":"stop","name":"Columbia Gateway Dr / Benjamin Franklin Dr (Southbound)","stop_id":"2561002"},"type":"Feature"},{"geometry":{"coordinates":[-76.79951,39.18155],"type":"Point"},"properties":{"kind":"stop","name":"Columbia Gateway Dr / John McAdam Dr (Southbound)","stop_id":"2561003"},"type":"Feature"},{"geometry":{"coordinates":[-76.8018,39.18328],"type":"Point"},"properties":{"kind":"stop","name":"Columbia Gateway Dr / Howard County Complex (Eastbound)","stop_id":"2561004"},"type":"Feature"},{"geometry":{"coordinates":[-76.80378,39.18232],"type":"Point"},"properties":{"kind":"stop","name":"Columbia Gateway Dr / 7178","stop_id":"2561005"},"type":"Feature"},{"geometry":{"coordinates":[-76.8054,39.18145],"type":"Point"},"properties":{"kind":"stop","name":"Columbia Gateway Dr / 7164","stop_id":"2561006"},"type":"Feature"},{"geometry":{"coordinates":[-76.80686,39.17924],"type":"Point"},"properties":{"kind":"stop","name":"Columbia Gateway Dr / Thomas Edison Dr","stop_id":"2561007"},"type":"Feature"},{"geometry":{"coordinates":[-76.81311,39.17588],"type":"Point"},"properties":{"kind":"stop","name":"Robert Fulton Dr / 8671 (Eastbound)","stop_id":"2561008"},"type":"Feature"},{"geometry":{"coordinates":[-76.81832,39.17601],"type":"Point"},"properties":{"kind":"stop","name":"Robert Fulton Dr / Lee Deforest Dr (Eastbound)","stop_id":"2561009"},"type":"Feature"},{"geometry":{"coordinates":[-76.81997,39.17889],"type":"Point"},"properties":{"kind":"stop","name":"Snowden Square / Regal UA Cinema (Southbound)","stop_id":"2561010"},"type":"Feature"},{"geometry":{"coordinates":[-76.81772,39.18248],"type":"Point"},"properties":{"kind":"stop","name":"Snowden Square (Eastbound)","stop_id":"2561011"},"type":"Feature"},{"geometry":{"coordinates":[-76.82848,39.17869],"type":"Point"},"properties":{"kind":"stop","name":"Snowden River Pkwy / Oakland Mills Rd (Eastbound)","stop_id":"2561012"},"type":"Feature"},{"geometry":{"coordinates":[-76.83255,39.17678],"type":"Point"},"properties":{"kind":"stop","name":"Snowden River Pkwy / Rustling Leaf (Eastbound)","stop_id":"2561013"},"type":"Feature"},{"geometry":{"coordinates":[-76.83764,39.17573],"type":"Point"},"properties":{"kind":"stop","name":"Snowden River Pkwy / Lincoln Tech (Eastbound)","stop_id":"2561014"},"type":"Feature"},{"geometry":{"coordinates":[-76.84565,39.17692],"type":"Point"},"properties":{"kind":"stop","name":"Snowden River Pkwy / Minstrel Way (Eastbound)","stop_id":"2561015"},"type":"Feature"},{"geometry":{"coordinates":[-76.8505,39.18481],"type":"Point"},"properties":{"kind":"stop","name":"Broken Land Pkwy / Cradlerock Way South (Southbound)","stop_id":"2561016"},"type":"Feature"},{"geometry":{"coordinates":[-76.85181,39.19763],"type":"Point"},"properties":{"kind":"stop","name":"Broken Land Pkwy / Stevens Forest Rd (Southbound)","stop_id":"2561017"},"type":"Feature"},{"geometry":{"coordinates":[-76.86698,39.20703],"type":"Point"},"properties":{"kind":"stop","name":"Broken Land Pkwy / Hickory Ridge Rd (Southbound)","stop_id":"2561018"},"type":"Feature"},{"geometry":{"coordinates":[-76.81828,39.25746],"type":"Point"},"properties":{"kind":"stop","name":"Toll House Rd / Old Columbia Pike (Southbound)","stop_id":"2561019"},"type":"Feature"},{"geometry":{"coordinates":[-76.81853,39.26605],"type":"Point"},"properties":{"kind":"stop","name":"Toll House Rd / Manahan Dr (Southbound)","stop_id":"2561020"},"type":"Feature"},{"geometry":{"coordinates":[-76.8096,39.2688],"type":"Point"},"properties":{"kind":"stop","name":"Main St / Rogers Ave (Westbound)","stop_id":"2561021"},"type":"Feature"},{"geometry":{"coordinates":[-76.80123,39.26918],"type":"Point"},"properties":{"kind":"stop","name":"Ellicott Mills Dr / Main St (Southbound)","stop_id":"2561022"},"type":"Feature"},{"geometry":{"coordinates":[-76.80391,39.27271],"type":"Point"},"properties":{"kind":"stop","name":"Ellicott Mills Dr / Milltowne Dr (Southbound)","stop_id":"2561023"},"type":"Feature"},{"geometry":{"coordinates":[-76.80519,39.27561],"type":"Point"},"properties":{"kind":"stop","name":"Court House Dr / Government Center (Southbound)","stop_id":"2561024"},"type":"Feature"},{"geometry":{"coordinates":[-76.80876,39.2799],"type":"Point"},"properties":{"kind":"stop","name":"Rogers Ave / Ellicott Center Dr","stop_id":"2561025"},"type":"Feature"},{"geometry":{"coordinates":[-76.80985,39.28187],"type":"Point"},"properties":{"kind":"stop","name":"Rogers Ave / Baltimore National Pike (Southbound)","stop_id":"2561026"},"type":"Feature"},{"geometry":{"coordinates":[-76.8074,39.28554],"type":"Point"},"properties":{"kind":"stop","name":"Normandy Center Dr / Normandy Shopping Center (Southbound)","stop_id":"2561027"},"type":"Feature"},{"geometry":{"coordinates":[-76.8112,39.28706],"type":"Point"},"properties":{"kind":"stop","name":"Town and Country Blvd / Rogers Ave (Eastbound)","stop_id":"2561028"},"type":"Feature"},{"geometry":{"coordinates":[-76.81586,39.28703],"type":"Point"},"properties":{"kind":"stop","name":"Town and Country Blvd / West Springs Dr (Eastbound)","stop_id":"2561029"},"type":"Feature"},{"geometry":{"coordinates":[-76.81982,39.28711],"type":"Point"},"properties":{"kind":"stop","name":"Town and Country Blvd / North Ridge Rd (Eastbound)","stop_id":"2561030"},"type":"Feature"},{"geometry":{"coordinates":[-76.81714,39.28052],"type":"Point"},"properties":{"kind":"stop","name":"North Ridge Rd / Executive Center Rd","stop_id":"2561031"},"type":"Feature"},{"geometry":{"coordinates":[-76.81761,39.27844],"type":"Point"},"properties":{"kind":"stop","name":"Baltimore National Pike / Lotte Plaza Shopping Center","stop_id":"2561032"},"type":"Feature"},{"geometry":{"coordinates":[-76.82627,39.27679],"type":"Point"},"properties":{"kind":"stop","name":"Baltimore National Pike / St. John's Ln (Eastbound)","stop_id":"2561033"},"type":"Feature"},{"geometry":{"coordinates":[-76.83247,39.27725],"type":"Point"},"properties":{"kind":"stop","name":"Baltimore National Pike / North Chatham Rd (Eastbound)","stop_id":"2561034"},"type":"Feature"},{"geometry":{"coordinates":[-76.83571,39.27579],"type":"Point"},"properties":{"kind":"stop","name":"Plumtree Dr / Harrington Dr (Northbound)","stop_id":"2561035"},"type":"Feature"},{"geometry":{"coordinates":[-76.83653,39.27327],"type":"Point"},"properties":{"kind":"stop","name":"Plumtree Dr / Joycin Ct (Northbound)","stop_id":"2561036"},"type":"Feature"},{"geometry":{"coordinates":[-76.83831,39.27191],"type":"Point"},"properties":{"kind":"stop","name":"Ellicott City Senior Center","stop_id":"2561037"},"type":"Feature"},{"geometry":{"coordinates":[-76.83935,39.27231],"type":"Point"},"properties":{"kind":"stop","name":"Miller Library","stop_id":"2561038"},"type":"Feature"},{"geometry":{"coordinates":[-76.83666,39.27336],"type":"Point"},"properties":{"kind":"stop","name":"Plumtree Dr / Joycin Ct (Southbound)","stop_id":"2561039"},"type":"Feature"},{"geometry":{"coordinates":[-76.83585,39.27584],"type":"Point"},"properties":{"kind":"stop","name":"Plumtree Dr / Harrington Dr (Southbound)","stop_id":"2561040"},"type":"Feature"},{"geometry":{"coordinates":[-76.83196,39.27757],"type":"Point"},"properties":{"kind":"stop","name":"Baltimore National Pike / North Chatham Rd (Westbound)","stop_id":"2561041"},"type":"Feature"},{"geometry":{"coordinates":[-76.82771,39.27726],"type":"Point"},"properties":{"kind":"stop","name":"Baltimore National Pike / St. John's Ln (Westbound)","stop_id":"2561042"},"type":"Feature"},{"geometry":{"coordinates":[-76.81447,39.27795],"type":"Point"},"properties":{"kind":"stop","name":"Ridge Rd / Ellicott Center Dr (Westbound)","stop_id":"2561043"},"type":"Feature"},{"geometry":{"coordinates":[-76.81203,39.27853],"type":"Point"},"properties":{"kind":"stop","name":"Park View Apartments at Ellicott City","stop_id":"2561045"},"type":"Feature"},{"geometry":{"coordinates":[-76.81391,39.27757],"type":"Point"},"properties":{"kind":"stop","name":"Ridge Rd / Ellicott Center Dr (Eastbound)","stop_id":"2561046"},"type":"Feature"},{"geometry":{"coordinates":[-76.82156,39.28225],"type":"Point"},"properties":{"kind":"stop","name":"Walmart at Ellicott City","stop_id":"2561047"},"type":"Feature"},{"geometry":{"coordinates":[-76.82125,39.29077],"type":"Point"},"properties":{"kind":"stop","name":"Ellicott City Healthcare Center","stop_id":"2561048"},"type":"Feature"},{"geometry":{"coordinates":[-76.81995,39.28725],"type":"Point"},"properties":{"kind":"stop","name":"Town and Country Blvd / North Ridge Rd (Westbound)","stop_id":"2561049"},"type":"Feature"},{"geometry":{"coordinates":[-76.81625,39.28718],"type":"Point"},"properties":{"kind":"stop","name":"Town and Country Blvd / West Springs Dr (Westbound)","stop_id":"2561050"},"type":"Feature"},{"geometry":{"coordinates":[-76.81118,39.28719],"type":"Point"},"properties":{"kind":"stop","name":"Town and Country Blvd / Rogers Ave (Westbound)","stop_id":"2561051"},"type":"Feature"},{"geometry":{"coordinates":[-76.80728,39.28562],"type":"Point"},"properties":{"kind":"stop","name":"Normandy Center Dr / Normandy Shopping Center (Northbound)","stop_id":"2561052"},"type":"Feature"},{"geometry":{"coordinates":[-76.80967,39.28202],"type":"Point"},"properties":{"kind":"stop","name":"Rogers Ave / Baltimore National Pike (Northbound)","stop_id":"2561053"},"type":"Feature"},{"geometry":{"coordinates":[-76.8085,39.27981],"type":"Point"},"properties":{"kind":"stop","name":"Rogers Ave / Oak West Dr","stop_id":"2561054"},"type":"Feature"},{"geometry":{"coordinates":[-76.80504,39.27583],"type":"Point"},"properties":{"kind":"stop","name":"Court House Dr / Government Center (Northbound)","stop_id":"2561055"},"type":"Feature"},{"geometry":{"coordinates":[-76.79757,39.2693],"type":"Point"},"properties":{"kind":"stop","name":"Howard County Circuit Court","stop_id":"2561056"},"type":"Feature"},{"geometry":{"coordinates":[-76.88297,39.21249],"type":"Point"},"properties":{"kind":"stop","name":"Charter Dr / Medical Pavilion (Northbound)","stop_id":"2561057"},"type":"Feature"},{"geometry":{"coordinates":[-76.88283,39.21139],"type":"Point"},"properties":{"kind":"stop","name":"Charter Dr / Hickory Ridge Rd (Northbound)","stop_id":"2561058"},"type":"Feature"},{"geometry":{"coordinates":[-76.88484,39.21053],"type":"Point"},"properties":{"kind":"stop","name":"Sunny Spring / Hickory Ridge Rd (Northbound)","stop_id":"2561059"},"type":"Feature"},{"geometry":{"coordinates":[-76.88474,39.20773],"type":"Point"},"properties":{"kind":"stop","name":"Sunny Spring / Misty Arch Run (Northbound)","stop_id":"2561060"},"type":"Feature"},{"geometry":{"coordinates":[-76.88207,39.20476],"type":"Point"},"properties":{"kind":"stop","name":"Sunny Spring / Slender Sky","stop_id":"2561061"},"type":"Feature"},{"geometry":{"coordinates":[-76.88231,39.19921],"type":"Point"},"properties":{"kind":"stop","name":"Sunny Spring / Owen Brown Rd (Northbound)","stop_id":"2561062"},"type":"Feature"},{"geometry":{"coordinates":[-76.88461,39.19636],"type":"Point"},"properties":{"kind":"stop","name":"Freetown Rd / Cedar Ln","stop_id":"2561063"},"type":"Feature"},{"geometry":{"coordinates":[-76.88394,39.19528],"type":"Point"},"properties":{"kind":"stop","name":"Hickory Ridge Village Center / Giant","stop_id":"2561064"},"type":"Feature"},{"geometry":{"coordinates":[-76.84672,39.19117],"type":"Point"},"properties":{"kind":"stop","name":"Cradlerock Way / East Columbia Library (Westbound)","stop_id":"2561065"},"type":"Feature"},{"geometry":{"coordinates":[-76.84384,39.1925],"type":"Point"},"properties":{"kind":"stop","name":"Cradlerock Way / Frietchie Row (Westbound)","stop_id":"2561066"},"type":"Feature"},{"geometry":{"coordinates":[-76.8392,39.19398],"type":"Point"},"properties":{"kind":"stop","name":"Cradlerock Way / Garland Ln (Westbound)","stop_id":"2561067"},"type":"Feature"},{"geometry":{"coordinates":[-76.84891,39.18573],"type":"Point"},"properties":{"kind":"stop","name":"Cradlerock Way / Broken Staff","stop_id":"2561068"},"type":"Feature"},{"geometry":{"coordinates":[-76.84774,39.17807],"type":"Point"},"properties":{"kind":"stop","name":"Broken Land Pkwy / Snowden River Pkwy","stop_id":"2561069"},"type":"Feature"},{"geometry":{"coordinates":[-76.84503,39.17602],"type":"Point"},"properties":{"kind":"stop","name":"Minstrel Way / Snowden River Pkwy (Northbound)","stop_id":"2561070"},"type":"Feature"},{"geometry":{"coordinates":[-76.84261,39.17319],"type":"Point"},"properties":{"kind":"stop","name":"Gerwig Ln / Berger Rd (Northbound)","stop_id":"2561071"},"type":"Feature"},{"geometry":{"coordinates":[-76.83768,39.16994],"type":"Point"},"properties":{"kind":"stop","name":"Gerwig Ln / Howard County Food Bank (Northbound)","stop_id":"2561072"},"type":"Feature"},{"geometry":{"coordinates":[-76.82499,39.16182],"type":"Point"},"properties":{"kind":"stop","name":"Guilford Rd / Stirling Bridge Dr (Northbound)","stop_id":"2561073"},"type":"Feature"},{"geometry":{"coordinates":[-76.80376,39.27286],"type":"Point"},"properties":{"kind":"stop","name":"Ellicott Mills Dr / Milltowne Dr (Northbound)","stop_id":"2561074"},"type":"Feature"},{"geometry":{"coordinates":[-76.80105,39.26922],"type":"Point"},"properties":{"kind":"stop","name":"Ellicott Mills Dr / Main St (Northbound)","stop_id":"2561075"},"type":"Feature"},{"geometry":{"coordinates":[-76.80965,39.26869],"type":"Point"},"properties":{"kind":"stop","name":"Main St / Rogers Ave (Eastbound)","stop_id":"2561076"},"type":"Feature"},{"geometry":{"coordinates":[-76.81836,39.266],"type":"Point"},"properties":{"kind":"stop","name":"Toll House Rd / Manahan Dr (Northbound)","stop_id":"2561077"},"type":"Feature"},{"geometry":{"coordinates":[-76.81662,39.25196],"type":"Point"},"properties":{"kind":"stop","name":"Long Gate Shopping Center / Montgomery Rd","stop_id":"2561079"},"type":"Feature"},{"geometry":{"coordinates":[-76.81603,39.25021],"type":"Point"},"properties":{"kind":"stop","name":"Long Gate Shopping Center / Long Gate Pkwy","stop_id":"2561080"},"type":"Feature"},{"geometry":{"coordinates":[-76.88366,39.19394],"type":"Point"},"properties":{"kind":"stop","name":"Hickory Ridge Village Center / Domino's Pizza","stop_id":"2561081"},"type":"Feature"},{"geometry":{"coordinates":[-76.88112,39.19344],"type":"Point"},"properties":{"kind":"stop","name":"Quarterstaff Rd / Freetown Rd","stop_id":"2561082"},"type":"Feature"},{"geometry":{"coordinates":[-76.87098,39.19326],"type":"Point"},"properties":{"kind":"stop","name":"Quarterstaff Rd / Martin Rd","stop_id":"2561083"},"type":"Feature"},{"geometry":{"coordinates":[-76.87251,39.19031],"type":"Point"},"properties":{"kind":"stop","name":"Martin Rd / Seneca Dr","stop_id":"2561084"},"type":"Feature"},{"geometry":{"coordinates":[-76.87277,39.18908],"type":"Point"},"properties":{"kind":"stop","name":"Martin Rd / High Bench","stop_id":"2561085"},"type":"Feature"},{"geometry":{"coordinates":[-76.8787,39.18653],"type":"Point"},"properties":{"kind":"stop","name":"Freetown Rd / Springing Step","stop_id":"2561086"},"type":"Feature"},{"geometry":{"coordinates":[-76.87927,39.18794],"type":"Point"},"properties":{"kind":"stop","name":"Freetown Rd / Atholton High School","stop_id":"2561087"},"type":"Feature"},{"geometry":{"coordinates":[-76.88457,39.19711],"type":"Point"},"properties":{"kind":"stop","name":"Cedar Ln / Freetown Rd","stop_id":"2561093"},"type":"Feature"},{"geometry":{"coordinates":[-76.88242,39.19916],"type":"Point"},"properties":{"kind":"stop","name":"Sunny Spring / Owen Brown Rd (Southbound)","stop_id":"2561094"},"type":"Feature"},{"geometry":{"coordinates":[-76.88252,39.20499],"type":"Point"},"properties":{"kind":"stop","name":"Sunny Spring / Bright Plume","stop_id":"2561095"},"type":"Feature"},{"geometry":{"coordinates":[-76.88492,39.20801],"type":"Point"},"properties":{"kind":"stop","name":"Sunny Spring / Misty Arch Run (Southbound)","stop_id":"2561096"},"type":"Feature"},{"geometry":{"coordinates":[-76.88498,39.21064],"type":"Point"},"properties":{"kind":"stop","name":"Sunny Spring / Hickory Ridge Rd (Southbound)","stop_id":"2561097"},"type":"Feature"},{"geometry":{"coordinates":[-76.88383,39.21049],"type":"Point"},"properties":{"kind":"stop","name":"Hickory Ridge Place","stop_id":"2561098"},"type":"Feature"},{"geometry":{"coordinates":[-76.88299,39.21136],"type":"Point"},"properties":{"kind":"stop","name":"Charter Dr / Hickory Ridge Rd (Southbound)","stop_id":"2561099"},"type":"Feature"},{"geometry":{"coordinates":[-76.88335,39.21287],"type":"Point"},"properties":{"kind":"stop","name":"Charter Dr / Medical Pavilion (Southbound)","stop_id":"2561100"},"type":"Feature"},{"geometry":{"coordinates":[-76.88131,39.21662],"type":"Point"},"properties":{"kind":"stop","name":"Little Patuxent Pkwy / Harpers Farm Rd","stop_id":"2561101"},"type":"Feature"},{"geometry":{"coordinates":[-76.87154,39.21417],"type":"Point"},"properties":{"kind":"stop","name":"Little Patuxent Pkwy / Century Plaza","stop_id":"2561103"},"type":"Feature"},{"geometry":{"coordinates":[-76.86847,39.21297],"type":"Point"},"properties":{"kind":"stop","name":"Little Patuxent Pkwy / Governor Warfield Pkwy","stop_id":"2561104"},"type":"Feature"},{"geometry":{"coordinates":[-76.85604,39.22797],"type":"Point"},"properties":{"kind":"stop","name":"Columbia Rd / Brook Way South (Southbound)","stop_id":"2561105"},"type":"Feature"},{"geometry":{"coordinates":[-76.85419,39.2296],"type":"Point"},"properties":{"kind":"stop","name":"Columbia Rd / Brook Way North (Southbound)","stop_id":"2561106"},"type":"Feature"},{"geometry":{"coordinates":[-76.85262,39.23062],"type":"Point"},"properties":{"kind":"stop","name":"Columbia Rd / Ten Mills Rd","stop_id":"2561107"},"type":"Feature"},{"geometry":{"coordinates":[-76.84663,39.23305],"type":"Point"},"properties":{"kind":"stop","name":"Columbia Rd / Tarkington Pl (Southbound)","stop_id":"2561108"},"type":"Feature"},{"geometry":{"coordinates":[-76.84433,39.23874],"type":"Point"},"properties":{"kind":"stop","name":"Columbia Rd / Clarksville Pike (Southbound)","stop_id":"2561109"},"type":"Feature"},{"geometry":{"coordinates":[-76.83055,39.23465],"type":"Point"},"properties":{"kind":"stop","name":"Old Annapolis Rd / Bendix Rd","stop_id":"2561110"},"type":"Feature"},{"geometry":{"coordinates":[-76.82706,39.23067],"type":"Point"},"properties":{"kind":"stop","name":"Red Branch Rd West / Old Annapolis Rd","stop_id":"2561111"},"type":"Feature"},{"geometry":{"coordinates":[-76.81964,39.23139],"type":"Point"},"properties":{"kind":"stop","name":"Red Branch Rd / Rumsey Rd","stop_id":"2561112"},"type":"Feature"},{"geometry":{"coordinates":[-76.8195,39.22764],"type":"Point"},"properties":{"kind":"stop","name":"Red Branch Rd East / Old Annapolis Rd","stop_id":"2561113"},"type":"Feature"},{"geometry":{"coordinates":[-76.8165,39.22682],"type":"Point"},"properties":{"kind":"stop","name":"Centre Park Dr / Old Annapolis Rd","stop_id":"2561114"},"type":"Feature"},{"geometry":{"coordinates":[-76.81364,39.22863],"type":"Point"},"properties":{"kind":"stop","name":"Columbia 100 Pkwy / Centre Park Dr","stop_id":"2561115"},"type":"Feature"},{"geometry":{"coordinates":[-76.81608,39.23385],"type":"Point"},"properties":{"kind":"stop","name":"Columbia 100 Pkwy / Blue Wing Ct","stop_id":"2561116"},"type":"Feature"},{"geometry":{"coordinates":[-76.81561,39.23541],"type":"Point"},"properties":{"kind":"stop","name":"Executive Park Dr / Columbia 100 Pkwy","stop_id":"2561117"},"type":"Feature"},{"geometry":{"coordinates":[-76.84158,39.24392],"type":"Point"},"properties":{"kind":"stop","name":"Dorsey Hall Rd / Dorsey's Search Village Center (Westbound)","stop_id":"2561118"},"type":"Feature"},{"geometry":{"coordinates":[-76.83789,39.24309],"type":"Point"},"properties":{"kind":"stop","name":"Dorsey Hall Dr / Crossroads Professional Center (Westbound)","stop_id":"2561119"},"type":"Feature"},{"geometry":{"coordinates":[-76.83531,39.24321],"type":"Point"},"properties":{"kind":"stop","name":"Dorsey Hall Dr / Dorsey Hall Professional Park","stop_id":"2561120"},"type":"Feature"},{"geometry":{"coordinates":[-76.83201,39.24677],"type":"Point"},"properties":{"kind":"stop","name":"Selborne House of Dorsey Hall","stop_id":"2561121"},"type":"Feature"},{"geometry":{"coordinates":[-76.83779,39.24298],"type":"Point"},"properties":{"kind":"stop","name":"Dorsey Hall Dr / Crossroads Professional Center (Eastbound)","stop_id":"2561122"},"type":"Feature"},{"geometry":{"coordinates":[-76.84215,39.24401],"type":"Point"},"properties":{"kind":"stop","name":"Dorsey Hall Rd / Dorsey's Search Village Center (Eastbound)","stop_id":"2561123"},"type":"Feature"},{"geometry":{"coordinates":[-76.84411,39.23892],"type":"Point"},"properties":{"kind":"stop","name":"Columbia Rd / Clarksville Pike (Northbound)","stop_id":"2561124"},"type":"Feature"},{"geometry":{"coordinates":[-76.84602,39.23356],"type":"Point"},"properties":{"kind":"stop","name":"Columbia Rd / Tarkington Pl (Northbound)","stop_id":"2561125"},"type":"Feature"},{"geometry":{"coordinates":[-76.84856,39.2311],"type":"Point"},"properties":{"kind":"stop","name":"Columbia Rd / April Journey","stop_id":"2561126"},"type":"Feature"},{"geometry":{"coordinates":[-76.85407,39.2295],"type":"Point"},"properties":{"kind":"stop","name":"Columbia Rd / Brook Way North (Northbound)","stop_id":"2561127"},"type":"Feature"},{"geometry":{"coordinates":[-76.85587,39.22792],"type":"Point"},"properties":{"kind":"stop","name":"Columbia Rd / Brook Way South (Northbound)","stop_id":"2561128"},"type":"Feature"},{"geometry":{"coordinates":[-76.82413,39.21067],"type":"Point"},"properties":{"kind":"stop","name":"Tamar Dr / Flamepool Way (Southbound)","stop_id":"2561129"},"type":"Feature"},{"geometry":{"coordinates":[-76.82212,39.21334],"type":"Point"},"properties":{"kind":"stop","name":"Tamar Dr / Phelps Luck Dr (Westbound)","stop_id":"2561130"},"type":"Feature"},{"geometry":{"coordinates":[-76.81691,39.21229],"type":"Point"},"properties":{"kind":"stop","name":"Tamar Dr / High Tor Hill (Westbound)","stop_id":"2561131"},"type":"Feature"},{"geometry":{"coordinates":[-76.81581,39.20986],"type":"Point"},"properties":{"kind":"stop","name":"Tamar Dr / Hayshed Ln (Northbound)","stop_id":"2561132"},"type":"Feature"},{"geometry":{"coordinates":[-76.81502,39.20832],"type":"Point"},"properties":{"kind":"stop","name":"Tamar Dr / Cloudleap Ct (Westbound)","stop_id":"2561133"},"type":"Feature"},{"geometry":{"coordinates":[-76.81201,39.20732],"type":"Point"},"properties":{"kind":"stop","name":"Tamar Dr / Old Dobbin Ln (Westbound)","stop_id":"2561134"},"type":"Feature"},{"geometry":{"coordinates":[-76.80764,39.20747],"type":"Point"},"properties":{"kind":"stop","name":"Tamar Dr / Snowden River Pkwy (Westbound)","stop_id":"2561135"},"type":"Feature"},{"geometry":{"coordinates":[-76.81297,39.19627],"type":"Point"},"properties":{"kind":"stop","name":"Columbia Crossing Cir East (Northbound)","stop_id":"2561136"},"type":"Feature"},{"geometry":{"coordinates":[-76.81479,39.19784],"type":"Point"},"properties":{"kind":"stop","name":"Columbia Crossing Cir West (Southbound)","stop_id":"2561137"},"type":"Feature"},{"geometry":{"coordinates":[-76.8633,39.21808],"type":"Point"},"properties":{"kind":"stop","name":"Mall in Columbia / AMC Theatre (Southbound)","stop_id":"2561138"},"type":"Feature"},{"geometry":{"coordinates":[-76.8614,39.21934],"type":"Point"},"properties":{"kind":"stop","name":"Windstream Dr / Mall in Columbia (Southbound)","stop_id":"2561139"},"type":"Feature"},{"geometry":{"coordinates":[-76.8569,39.22465],"type":"Point"},"properties":{"kind":"stop","name":"Little Patuxent Pkwy / Running Brook Rd","stop_id":"2561140"},"type":"Feature"},{"geometry":{"coordinates":[-76.81468,39.19778],"type":"Point"},"properties":{"kind":"stop","name":"Columbia Crossing Cir West (Northbound)","stop_id":"2561143"},"type":"Feature"},{"geometry":{"coordinates":[-76.81266,39.19663],"type":"Point"},"properties":{"kind":"stop","name":"Columbia Crossing Cir East (Southbound)","stop_id":"2561144"},"type":"Feature"},{"geometry":{"coordinates":[-76.80955,39.19995],"type":"Point"},"properties":{"kind":"stop","name":"Park View Apartments at Snowden River","stop_id":"2561145"},"type":"Feature"},{"geometry":{"coordinates":[-76.80744,39.20728],"type":"Point"},"properties":{"kind":"stop","name":"Tamar Dr / Snowden River Pkwy (Eastbound)","stop_id":"2561146"},"type":"Feature"},{"geometry":{"coordinates":[-76.81202,39.20719],"type":"Point"},"properties":{"kind":"stop","name":"Tamar Dr / Old Dobbin Ln (Eastbound)","stop_id":"2561147"},"type":"Feature"},{"geometry":{"coordinates":[-76.81382,39.20717],"type":"Point"},"properties":{"kind":"stop","name":"Foreland Garth / Tamar Dr","stop_id":"2561148"},"type":"Feature"},{"geometry":{"coordinates":[-76.81685,39.20493],"type":"Point"},"properties":{"kind":"stop","name":"Foreland Garth / Shalom Square","stop_id":"2561149"},"type":"Feature"},{"geometry":{"coordinates":[-76.8153,39.20828],"type":"Point"},"properties":{"kind":"stop","name":"Tamar Dr / Cloudleap Ct (Eastbound)","stop_id":"2561150"},"type":"Feature"},{"geometry":{"coordinates":[-76.81594,39.20957],"type":"Point"},"properties":{"kind":"stop","name":"Tamar Dr / Hayshed Ln (Southbound)","stop_id":"2561151"},"type":"Feature"},{"geometry":{"coordinates":[-76.81705,39.21217],"type":"Point"},"properties":{"kind":"stop","name":"Tamar Dr / High Tor Hill (Eastbound)","stop_id":"2561152"},"type":"Feature"},{"geometry":{"coordinates":[-76.82203,39.21321],"type":"Point"},"properties":{"kind":"stop","name":"Tamar Dr / Phelps Luck Dr (Eastbound)","stop_id":"2561153"},"type":"Feature"},{"geometry":{"coordinates":[-76.82391,39.21071],"type":"Point"},"properties":{"kind":"stop","name":"Tamar Dr / Flamepool Way (Northbound)","stop_id":"2561154"},"type":"Feature"},{"geometry":{"coordinates":[-76.83692,39.22052],"type":"Point"},"properties":{"kind":"stop","name":"Lightning View Rd / Thunder Hill Rd","stop_id":"2561155"},"type":"Feature"},{"geometry":{"coordinates":[-76.84043,39.22442],"type":"Point"},"properties":{"kind":"stop","name":"Knoll Dr / Columbia Medical Plan","stop_id":"2561156"},"type":"Feature"},{"geometry":{"coordinates":[-76.85689,39.22386],"type":"Point"},"properties":{"kind":"stop","name":"Little Patuxent Pkwy / Vantage Point Rd","stop_id":"2561157"},"type":"Feature"},{"geometry":{"coordinates":[-76.8611,39.21941],"type":"Point"},"properties":{"kind":"stop","name":"Windstream Dr / Mall in Columbia (Northbound)","stop_id":"2561158"},"type":"Feature"},{"geometry":{"coordinates":[-76.8634,39.21786],"type":"Point"},"properties":{"kind":"stop","name":"Mall in Columbia / AMC Theatre (Northbound)","stop_id":"2561159"},"type":"Feature"},{"geometry":{"coordinates":[-76.87031,39.21915],"type":"Point"},"properties":{"kind":"stop","name":"Twin Rivers Rd / Trumpeter Rd (Eastbound)","stop_id":"2561160"},"type":"Feature"},{"geometry":{"coordinates":[-76.87582,39.2199],"type":"Point"},"properties":{"kind":"stop","name":"Wilde Lake Village Center (Northbound)","stop_id":"2561161"},"type":"Feature"},{"geometry":{"coordinates":[-76.87944,39.21952],"type":"Point"},"properties":{"kind":"stop","name":"Twin Rivers Rd / Harpers Farm Rd (Eastbound)","stop_id":"2561162"},"type":"Feature"},{"geometry":{"coordinates":[-76.88375,39.22156],"type":"Point"},"properties":{"kind":"stop","name":"Harpers Farm Rd / Gloucester Rd (Eastbound)","stop_id":"2561163"},"type":"Feature"},{"geometry":{"coordinates":[-76.88516,39.22171],"type":"Point"},"properties":{"kind":"stop","name":"Harpers Farm Rd / Eliots Oak Rd (Eastbound)","stop_id":"2561164"},"type":"Feature"},{"geometry":{"coordinates":[-76.88836,39.22117],"type":"Point"},"properties":{"kind":"stop","name":"Cedar Ln / Harpers Farm Rd","stop_id":"2561165"},"type":"Feature"},{"geometry":{"coordinates":[-76.88809,39.21926],"type":"Point"},"properties":{"kind":"stop","name":"Cedar Ln / Grand Banks Rd","stop_id":"2561166"},"type":"Feature"},{"geometry":{"coordinates":[-76.88783,39.21775],"type":"Point"},"properties":{"kind":"stop","name":"Cedar Ln / Rock Coast Rd (Northbound)","stop_id":"2561167"},"type":"Feature"},{"geometry":{"coordinates":[-76.88741,39.21565],"type":"Point"},"properties":{"kind":"stop","name":"Cedar Ln / Little Patuxent Pkwy (Northbound)","stop_id":"2561168"},"type":"Feature"},{"geometry":{"coordinates":[-76.88504,39.21372],"type":"Point"},"properties":{"kind":"stop","name":"Howard County Hospital South (Southbound)","stop_id":"2561169"},"type":"Feature"},{"geometry":{"coordinates":[-76.88466,39.21469],"type":"Point"},"properties":{"kind":"stop","name":"Howard County Hospital East (Southbound)","stop_id":"2561170"},"type":"Feature"},{"geometry":{"coordinates":[-76.89181,39.21227],"type":"Point"},"properties":{"kind":"stop","name":"Little Patuxent Pkwy / Pear Tree Way","stop_id":"2561171"},"type":"Feature"},{"geometry":{"coordinates":[-76.89597,39.21208],"type":"Point"},"properties":{"kind":"stop","name":"Little Patuxent Pkwy / Green Meadow Dr","stop_id":"2561172"},"type":"Feature"},{"geometry":{"coordinates":[-76.90045,39.21247],"type":"Point"},"properties":{"kind":"stop","name":"Little Patuxent Pkwy / White Cord Way","stop_id":"2561173"},"type":"Feature"},{"geometry":{"coordinates":[-76.90103,39.20874],"type":"Point"},"properties":{"kind":"stop","name":"Little Patuxent Pkwy / Blue February Way","stop_id":"2561174"},"type":"Feature"},{"geometry":{"coordinates":[-76.89982,39.20692],"type":"Point"},"properties":{"kind":"stop","name":"Little Patuxent Pkwy / Lone Tree Ct","stop_id":"2561175"},"type":"Feature"},{"geometry":{"coordinates":[-76.89751,39.20602],"type":"Point"},"properties":{"kind":"stop","name":"Little Patuxent Pkwy / Dark Fire Way","stop_id":"2561176"},"type":"Feature"},{"geometry":{"coordinates":[-76.8938,39.20957],"type":"Point"},"properties":{"kind":"stop","name":"Hickory Ridge Rd / Little Patuxent Pkwy","stop_id":"2561177"},"type":"Feature"},{"geometry":{"coordinates":[-76.8889,39.21057],"type":"Point"},"properties":{"kind":"stop","name":"Hickory Ridge Rd / Snowflake Ct","stop_id":"2561178"},"type":"Feature"},{"geometry":{"coordinates":[-76.88437,39.21107],"type":"Point"},"properties":{"kind":"stop","name":"Hickory Ridge Rd / Sunny Spring","stop_id":"2561179"},"type":"Feature"},{"geometry":{"coordinates":[-76.88064,39.21102],"type":"Point"},"properties":{"kind":"stop","name":"Hickory Ridge Rd / Cordage Walk","stop_id":"2561180"},"type":"Feature"},{"geometry":{"coordinates":[-76.87923,39.21098],"type":"Point"},"properties":{"kind":"stop","name":"Campus Dr / Hickory Ridge Rd (Southbound)","stop_id":"2561181"},"type":"Feature"},{"geometry":{"coordinates":[-76.88168,39.21361],"type":"Point"},"properties":{"kind":"stop","name":"Campus Dr / HCC Student Services Hall (Southbound)","stop_id":"2561182"},"type":"Feature"},{"geometry":{"coordinates":[-76.88094,39.21618],"type":"Point"},"properties":{"kind":"stop","name":"Little Patuxent Pkwy / Campus Dr","stop_id":"2561183"},"type":"Feature"},{"geometry":{"coordinates":[-76.88441,39.21452],"type":"Point"},"properties":{"kind":"stop","name":"Howard County Hospital East (Northbound)","stop_id":"2561184"},"type":"Feature"},{"geometry":{"coordinates":[-76.88494,39.21361],"type":"Point"},"properties":{"kind":"stop","name":"Howard County Hospital South (Northbound)","stop_id":"2561185"},"type":"Feature"},{"geometry":{"coordinates":[-76.88769,39.21601],"type":"Point"},"properties":{"kind":"stop","name":"Cedar Ln / Little Patuxent Pkwy (Southbound)","stop_id":"2561186"},"type":"Feature"},{"geometry":{"coordinates":[-76.88796,39.21763],"type":"Point"},"properties":{"kind":"stop","name":"Cedar Ln / Rock Coast Rd (Southbound)","stop_id":"2561187"},"type":"Feature"},{"geometry":{"coordinates":[-76.88827,39.21952],"type":"Point"},"properties":{"kind":"stop","name":"Cedar Ln / Suffield Ct","stop_id":"2561188"},"type":"Feature"},{"geometry":{"coordinates":[-76.88981,39.2224],"type":"Point"},"properties":{"kind":"stop","name":"Harper's Choice Village Center","stop_id":"2561189"},"type":"Feature"},{"geometry":{"coordinates":[-76.88832,39.2232],"type":"Point"},"properties":{"kind":"stop","name":"Florence Bain Senior Center","stop_id":"2561190"},"type":"Feature"},{"geometry":{"coordinates":[-76.88532,39.22186],"type":"Point"},"properties":{"kind":"stop","name":"Harpers Farm Rd / Eliots Oak Rd (Westbound)","stop_id":"2561191"},"type":"Feature"},{"geometry":{"coordinates":[-76.87943,39.2197],"type":"Point"},"properties":{"kind":"stop","name":"Twin Rivers Rd / Harpers Farm Rd (Westbound)","stop_id":"2561192"},"type":"Feature"},{"geometry":{"coordinates":[-76.87599,39.2199],"type":"Point"},"properties":{"kind":"stop","name":"Wilde Lake Village Center (Southbound)","stop_id":"2561193"},"type":"Feature"},{"geometry":{"coordinates":[-76.87016,39.21926],"type":"Point"},"properties":{"kind":"stop","name":"Twin Rivers Rd / Trumpeter Rd (Westbound)","stop_id":"2561194"},"type":"Feature"},{"geometry":{"coordinates":[-76.86387,39.21455],"type":"Point"},"properties":{"kind":"stop","name":"Mall in Columbia","stop_id":"2561195"},"type":"Feature"},{"geometry":{"coordinates":[-76.89095,39.05665],"type":"Point"},"properties":{"kind":"stop","name":"Baltimore Ave / Ritz Way (Northbound)","stop_id":"2561196"},"type":"Feature"},{"geometry":{"coordinates":[-76.90213,39.04482],"type":"Point"},"properties":{"kind":"stop","name":"Baltimore Ave / Lincoln Ave (Northbound)","stop_id":"2561197"},"type":"Feature"},{"geometry":{"coordinates":[-76.90819,39.03416],"type":"Point"},"properties":{"kind":"stop","name":"Baltimore Ave / Powder Mill Rd (Northbound)","stop_id":"2561198"},"type":"Feature"},{"geometry":{"coordinates":[-76.91137,39.032],"type":"Point"},"properties":{"kind":"stop","name":"Baltimore Ave / Southard Dr (Northbound)","stop_id":"2561199"},"type":"Feature"},{"geometry":{"coordinates":[-76.91553,39.02895],"type":"Point"},"properties":{"kind":"stop","name":"Rhode Island Ave / Baltimore Ave (Northbound)","stop_id":"2561200"},"type":"Feature"},{"geometry":{"coordinates":[-76.91498,39.02455],"type":"Point"},"properties":{"kind":"stop","name":"Sunnyside Ave / Rhode Island Ave (Westbound)","stop_id":"2561201"},"type":"Feature"},{"geometry":{"coordinates":[-76.90925,39.02325],"type":"Point"},"properties":{"kind":"stop","name":"Sunnyside Ave / Tucker St (Westbound)","stop_id":"2561202"},"type":"Feature"},{"geometry":{"coordinates":[-76.89527,39.01045],"type":"Point"},"properties":{"kind":"stop","name":"Cherrywood Ln / Edmonston Rd (Eastbound)","stop_id":"2561203"},"type":"Feature"},{"geometry":{"coordinates":[-76.89844,39.00988],"type":"Point"},"properties":{"kind":"stop","name":"Cherrywood Ln / Ivy Ln (Eastbound)","stop_id":"2561204"},"type":"Feature"},{"geometry":{"coordinates":[-76.85722,39.09663],"type":"Point"},"properties":{"kind":"stop","name":"4th St / Greenhill Ave","stop_id":"2561209"},"type":"Feature"},{"geometry":{"coordinates":[-76.85637,39.09738],"type":"Point"},"properties":{"kind":"stop","name":"4th St / Montrose Ave (Southbound)","stop_id":"2561210"},"type":"Feature"},{"geometry":{"coordinates":[-76.85272,39.09779],"type":"Point"},"properties":{"kind":"stop","name":"Marshall Ave / Laurel College Center (Westbound)","stop_id":"2561211"},"type":"Feature"},{"geometry":{"coordinates":[-76.85056,39.09756],"type":"Point"},"properties":{"kind":"stop","name":"Washington Blvd / Bowie Rd","stop_id":"2561212"},"type":"Feature"},{"geometry":{"coordinates":[-76.84909,39.09894],"type":"Point"},"properties":{"kind":"stop","name":"Washington Blvd / Compton Ave","stop_id":"2561213"},"type":"Feature"},{"geometry":{"coordinates":[-76.84654,39.10136],"type":"Point"},"properties":{"kind":"stop","name":"Washington Blvd / Laurel Ave","stop_id":"2561214"},"type":"Feature"},{"geometry":{"coordinates":[-76.84448,39.1033],"type":"Point"},"properties":{"kind":"stop","name":"Washington Blvd / Prince George St","stop_id":"2561215"},"type":"Feature"},{"geometry":{"coordinates":[-76.84631,39.10515],"type":"Point"},"properties":{"kind":"stop","name":"Main St / C St (Eastbound)","stop_id":"2561216"},"type":"Feature"},{"geometry":{"coordinates":[-76.84807,39.10592],"type":"Point"},"properties":{"kind":"stop","name":"Main St / 4th St","stop_id":"2561217"},"type":"Feature"},{"geometry":{"coordinates":[-76.851,39.10723],"type":"Point"},"properties":{"kind":"stop","name":"Main St / Post Office Ave","stop_id":"2561218"},"type":"Feature"},{"geometry":{"coordinates":[-76.85415,39.1082],"type":"Point"},"properties":{"kind":"stop","name":"7th St / Main St (Northbound)","stop_id":"2561219"},"type":"Feature"},{"geometry":{"coordinates":[-76.85855,39.10702],"type":"Point"},"properties":{"kind":"stop","name":"Montgomery St / 9th St (Eastbound)","stop_id":"2561221"},"type":"Feature"},{"geometry":{"coordinates":[-76.86376,39.10593],"type":"Point"},"properties":{"kind":"stop","name":"Sandy Spring Rd / Westview Terrace","stop_id":"2561222"},"type":"Feature"},{"geometry":{"coordinates":[-76.86666,39.10484],"type":"Point"},"properties":{"kind":"stop","name":"Old Sandy Spring Rd / West St","stop_id":"2561223"},"type":"Feature"},{"geometry":{"coordinates":[-76.8701,39.10417],"type":"Point"},"properties":{"kind":"stop","name":"Old Sandy Spring Rd / Van Dusen Rd","stop_id":"2561224"},"type":"Feature"},{"geometry":{"coordinates":[-76.87236,39.0992],"type":"Point"},"properties":{"kind":"stop","name":"Van Dusen Rd / Alan Dr","stop_id":"2561225"},"type":"Feature"},{"geometry":{"coordinates":[-76.87432,39.09692],"type":"Point"},"properties":{"kind":"stop","name":"Van Dusen Rd / Erica Ln","stop_id":"2561226"},"type":"Feature"},{"geometry":{"coordinates":[-76.85984,39.09222],"type":"Point"},"properties":{"kind":"stop","name":"Cherry Ln / Laurel Pl (Westbound)","stop_id":"2561227"},"type":"Feature"},{"geometry":{"coordinates":[-76.86203,39.08801],"type":"Point"},"properties":{"kind":"stop","name":"Mulberry St / Laurel Pl","stop_id":"2561228"},"type":"Feature"},{"geometry":{"coordinates":[-76.86468,39.08699],"type":"Point"},"properties":{"kind":"stop","name":"Mulberry St / Yardarm Way (Northbound)","stop_id":"2561229"},"type":"Feature"},{"geometry":{"coordinates":[-76.86556,39.08438],"type":"Point"},"properties":{"kind":"stop","name":"Mulberry St / Briston St (Northbound)","stop_id":"2561230"},"type":"Feature"},{"geometry":{"coordinates":[-76.86698,39.07717],"type":"Point"},"properties":{"kind":"stop","name":"Baltimore Ave / Centre at Laurel (Northbound)","stop_id":"2561231"},"type":"Feature"},{"geometry":{"coordinates":[-76.86889,39.07553],"type":"Point"},"properties":{"kind":"stop","name":"Baltimore Ave / Contee Rd (Northbound)","stop_id":"2561232"},"type":"Feature"},{"geometry":{"coordinates":[-76.87421,39.07084],"type":"Point"},"properties":{"kind":"stop","name":"Baltimore Ave / Maryland National Cemetery (Northbound)","stop_id":"2561233"},"type":"Feature"},{"geometry":{"coordinates":[-76.88638,39.06096],"type":"Point"},"properties":{"kind":"stop","name":"Baltimore Ave / Muirkirk Meadows Dr (Northbound)","stop_id":"2561234"},"type":"Feature"},{"geometry":{"coordinates":[-76.88804,39.06123],"type":"Point"},"properties":{"kind":"stop","name":"Muirkirk Meadows Dr / Baltimore Ave (Southbound)","stop_id":"2561235"},"type":"Feature"},{"geometry":{"coordinates":[-76.88925,39.06292],"type":"Point"},"properties":{"kind":"stop","name":"Muirkirk Meadows Dr / Muirkirk Rd (Southbound)","stop_id":"2561236"},"type":"Feature"},{"geometry":{"coordinates":[-76.8834,39.0615],"type":"Point"},"properties":{"kind":"stop","name":"Muirkirk Rd / Muirkirk MARC Station (Westbound)","stop_id":"2561237"},"type":"Feature"},{"geometry":{"coordinates":[-76.88502,39.05536],"type":"Point"},"properties":{"kind":"stop","name":"Old Baltimore Pike / Distribution Dr (Northbound)","stop_id":"2561238"},"type":"Feature"},{"geometry":{"coordinates":[-76.88692,39.05308],"type":"Point"},"properties":{"kind":"stop","name":"Old Baltimore Pike / Mid Cities Ave (Northbound)","stop_id":"2561239"},"type":"Feature"},{"geometry":{"coordinates":[-76.88836,39.05134],"type":"Point"},"properties":{"kind":"stop","name":"Old Baltimore Pike / Industrial Dr (Northbound)","stop_id":"2561240"},"type":"Feature"},{"geometry":{"coordinates":[-76.8907,39.04861],"type":"Point"},"properties":{"kind":"stop","name":"Old Baltimore Pike / Ammendale Rd (Northbound)","stop_id":"2561241"},"type":"Feature"},{"geometry":{"coordinates":[-76.89204,39.04702],"type":"Point"},"properties":{"kind":"stop","name":"Old Baltimore Pike / Ammendale Way (Northbound)","stop_id":"2561242"},"type":"Feature"},{"geometry":{"coordinates":[-76.89839,39.03981],"type":"Point"},"properties":{"kind":"stop","name":"Edmonston Rd / Old Baltimore Pike (Northbound)","stop_id":"2561243"},"type":"Feature"},{"geometry":{"coordinates":[-76.89837,39.03566],"type":"Point"},"properties":{"kind":"stop","name":"Edmonston Rd / Hammett St (Northbound)","stop_id":"2561244"},"type":"Feature"},{"geometry":{"coordinates":[-76.89209,39.00688],"type":"Point"},"properties":{"kind":"stop","name":"Kenilworth Ave / Crescent Rd","stop_id":"2561245"},"type":"Feature"},{"geometry":{"coordinates":[-76.91184,38.99945],"type":"Point"},"properties":{"kind":"stop","name":"Cherrywood Ln / Beltway Plaza","stop_id":"2561246"},"type":"Feature"},{"geometry":{"coordinates":[-76.91,39.0021],"type":"Point"},"properties":{"kind":"stop","name":"Cherrywood Ln / Breezewood Dr","stop_id":"2561247"},"type":"Feature"},{"geometry":{"coordinates":[-76.90522,39.00851],"type":"Point"},"properties":{"kind":"stop","name":"Cherrywood Ln / Springhill Dr","stop_id":"2561248"},"type":"Feature"},{"geometry":{"coordinates":[-76.90433,39.01129],"type":"Point"},"properties":{"kind":"stop","name":"Greenbelt Metro Dr / Cherrywood Ln (Southbound)","stop_id":"2561249"},"type":"Feature"},{"geometry":{"coordinates":[-76.90978,39.01196],"type":"Point"},"properties":{"kind":"stop","name":"Greenbelt Metro Station (Bus Bay B)","stop_id":"2561250"},"type":"Feature"},{"geometry":{"coordinates":[-76.90433,39.01144],"type":"Point"},"properties":{"kind":"stop","name":"Greenbelt Metro Dr / Cherrywood Ln (Northbound)","stop_id":"2561251"},"type":"Feature"},{"geometry":{"coordinates":[-76.89841,39.01008],"type":"Point"},"properties":{"kind":"stop","name":"Cherrywood Ln / Ivy Ln (Westbound)","stop_id":"2561252"},"type":"Feature"},{"geometry":{"coordinates":[-76.89531,39.01056],"type":"Point"},"properties":{"kind":"stop","name":"Cherrywood Ln / Edmonston Rd (Westbound)","stop_id":"2561253"},"type":"Feature"},{"geometry":{"coordinates":[-76.90952,39.02308],"type":"Point"},"properties":{"kind":"stop","name":"Sunnyside Ave / Tucker St (Eastbound)","stop_id":"2561254"},"type":"Feature"},{"geometry":{"coordinates":[-76.91509,39.02441],"type":"Point"},"properties":{"kind":"stop","name":"Sunnyside Ave / Rhode Island Ave (Eastbound)","stop_id":"2561255"},"type":"Feature"},{"geometry":{"coordinates":[-76.91581,39.02876],"type":"Point"},"properties":{"kind":"stop","name":"Rhode Island Ave / Baltimore Ave (Southbound)","stop_id":"2561256"},"type":"Feature"},{"geometry":{"coordinates":[-76.91182,39.03191],"type":"Point"},"properties":{"kind":"stop","name":"Baltimore Ave / Southard Dr (Southbound)","stop_id":"2561257"},"type":"Feature"},{"geometry":{"coordinates":[-76.90971,39.03336],"type":"Point"},"properties":{"kind":"stop","name":"Baltimore Ave / Sellman Rd","stop_id":"2561258"},"type":"Feature"},{"geometry":{"coordinates":[-76.90734,39.03503],"type":"Point"},"properties":{"kind":"stop","name":"Baltimore Ave / Powder Mill Rd (Southbound)","stop_id":"2561259"},"type":"Feature"},{"geometry":{"coordinates":[-76.90426,39.04154],"type":"Point"},"properties":{"kind":"stop","name":"Baltimore Ave / Odell Rd","stop_id":"2561260"},"type":"Feature"},{"geometry":{"coordinates":[-76.9022,39.04512],"type":"Point"},"properties":{"kind":"stop","name":"Baltimore Ave / Lincoln Ave (Southbound)","stop_id":"2561261"},"type":"Feature"},{"geometry":{"coordinates":[-76.90086,39.04708],"type":"Point"},"properties":{"kind":"stop","name":"Baltimore Ave / Ammendale Rd","stop_id":"2561262"},"type":"Feature"},{"geometry":{"coordinates":[-76.89051,39.05743],"type":"Point"},"properties":{"kind":"stop","name":"Baltimore Ave / Ritz Way (Southbound)","stop_id":"2561263"},"type":"Feature"},{"geometry":{"coordinates":[-76.89857,39.03559],"type":"Point"},"properties":{"kind":"stop","name":"Edmonston Rd / Hammett St (Southbound)","stop_id":"2561266"},"type":"Feature"},{"geometry":{"coordinates":[-76.89871,39.04045],"type":"Point"},"properties":{"kind":"stop","name":"Edmonston Rd / Old Baltimore Pike (Southbound)","stop_id":"2561267"},"type":"Feature"},{"geometry":{"coordinates":[-76.89249,39.04685],"type":"Point"},"properties":{"kind":"stop","name":"Old Baltimore Pike / Ammendale Way (Southbound)","stop_id":"2561268"},"type":"Feature"},{"geometry":{"coordinates":[-76.89067,39.04899],"type":"Point"},"properties":{"kind":"stop","name":"Old Baltimore Pike / Ammendale Rd (Southbound)","stop_id":"2561269"},"type":"Feature"},{"geometry":{"coordinates":[-76.88885,39.05113],"type":"Point"},"properties":{"kind":"stop","name":"Old Baltimore Pike / Industrial Dr (Southbound)","stop_id":"2561270"},"type":"Feature"},{"geometry":{"coordinates":[-76.88683,39.05351],"type":"Point"},"properties":{"kind":"stop","name":"Old Baltimore Pike / Mid Cities Ave (Southbound)","stop_id":"2561271"},"type":"Feature"},{"geometry":{"coordinates":[-76.88516,39.05547],"type":"Point"},"properties":{"kind":"stop","name":"Old Baltimore Pike / Distribution Dr (Southbound)","stop_id":"2561272"},"type":"Feature"},{"geometry":{"coordinates":[-76.87944,39.05926],"type":"Point"},"properties":{"kind":"stop","name":"Muirkirk Rd / Longwood Dr","stop_id":"2561273"},"type":"Feature"},{"geometry":{"coordinates":[-76.86573,39.05633],"type":"Point"},"properties":{"kind":"stop","name":"Muirkirk Rd / Montpelier Dr","stop_id":"2561274"},"type":"Feature"},{"geometry":{"coordinates":[-76.8611,39.05553],"type":"Point"},"properties":{"kind":"stop","name":"FDA Muirkirk Campus","stop_id":"2561275"},"type":"Feature"},{"geometry":{"coordinates":[-76.88346,39.06124],"type":"Point"},"properties":{"kind":"stop","name":"Muirkirk Rd / Muirkirk MARC Station (Eastbound)","stop_id":"2561276"},"type":"Feature"},{"geometry":{"coordinates":[-76.88906,39.06244],"type":"Point"},"properties":{"kind":"stop","name":"Muirkirk Meadows Dr / Muirkirk Rd (Northbound)","stop_id":"2561277"},"type":"Feature"},{"geometry":{"coordinates":[-76.88759,39.06113],"type":"Point"},"properties":{"kind":"stop","name":"Muirkirk Meadows Dr / Baltimore Ave (Northbound)","stop_id":"2561278"},"type":"Feature"},{"geometry":{"coordinates":[-76.88684,39.06091],"type":"Point"},"properties":{"kind":"stop","name":"Baltimore Ave / Muirkirk Meadows Dr (Southbound)","stop_id":"2561279"},"type":"Feature"},{"geometry":{"coordinates":[-76.87503,39.07041],"type":"Point"},"properties":{"kind":"stop","name":"Baltimore Ave / Maryland National Cemetery (Southbound)","stop_id":"2561280"},"type":"Feature"},{"geometry":{"coordinates":[-76.86893,39.07585],"type":"Point"},"properties":{"kind":"stop","name":"Baltimore Ave / Contee Rd (Southbound)","stop_id":"2561281"},"type":"Feature"},{"geometry":{"coordinates":[-76.86639,39.07821],"type":"Point"},"properties":{"kind":"stop","name":"Baltimore Ave / Centre at Laurel (Southbound)","stop_id":"2561282"},"type":"Feature"},{"geometry":{"coordinates":[-76.8671,39.08136],"type":"Point"},"properties":{"kind":"stop","name":"Laurel Lakes Ct / Laurel Lakes Senior Housing","stop_id":"2561283"},"type":"Feature"},{"geometry":{"coordinates":[-76.86564,39.08298],"type":"Point"},"properties":{"kind":"stop","name":"Cypress St / Laurel Lakes Ave (Eastbound)","stop_id":"2561284"},"type":"Feature"},{"geometry":{"coordinates":[-76.86588,39.08431],"type":"Point"},"properties":{"kind":"stop","name":"Mulberry St / Briston St (Southbound)","stop_id":"2561285"},"type":"Feature"},{"geometry":{"coordinates":[-76.86471,39.08745],"type":"Point"},"properties":{"kind":"stop","name":"Mulberry St / Yardarm Way (Southbound)","stop_id":"2561286"},"type":"Feature"},{"geometry":{"coordinates":[-76.86092,39.08851],"type":"Point"},"properties":{"kind":"stop","name":"Laurel Pl / Holiday Inn","stop_id":"2561287"},"type":"Feature"},{"geometry":{"coordinates":[-76.8596,39.09066],"type":"Point"},"properties":{"kind":"stop","name":"Laurel Pl / Laurel Lake","stop_id":"2561288"},"type":"Feature"},{"geometry":{"coordinates":[-76.85961,39.09192],"type":"Point"},"properties":{"kind":"stop","name":"Cherry Ln / Laurel Pl (Eastbound)","stop_id":"2561289"},"type":"Feature"},{"geometry":{"coordinates":[-76.8123,39.20669],"type":"Point"},"properties":{"kind":"stop","name":"Old Dobbin Ln / Long Reach High School (Northbound)","stop_id":"2561290"},"type":"Feature"},{"geometry":{"coordinates":[-76.81299,39.20179],"type":"Point"},"properties":{"kind":"stop","name":"Old Dobbin Ln / Millrace Ct","stop_id":"2561291"},"type":"Feature"},{"geometry":{"coordinates":[-76.81717,39.18983],"type":"Point"},"properties":{"kind":"stop","name":"Stanford Blvd / University of Phoenix (Northbound)","stop_id":"2561293"},"type":"Feature"},{"geometry":{"coordinates":[-76.81876,39.18718],"type":"Point"},"properties":{"kind":"stop","name":"Stanford Blvd / McGaw Rd (Northbound)","stop_id":"2561294"},"type":"Feature"},{"geometry":{"coordinates":[-76.79482,39.1872],"type":"Point"},"properties":{"kind":"stop","name":"Marie Curie Dr / Gateway Overlook Dr","stop_id":"2561295"},"type":"Feature"},{"geometry":{"coordinates":[-76.80116,39.1868],"type":"Point"},"properties":{"kind":"stop","name":"Benson Drive Restaurant Park","stop_id":"2561296"},"type":"Feature"},{"geometry":{"coordinates":[-76.79567,39.1888],"type":"Point"},"properties":{"kind":"stop","name":"Lark Brown Rd / Waterloo Rd (Westbound)","stop_id":"2561297"},"type":"Feature"},{"geometry":{"coordinates":[-76.79416,39.18875],"type":"Point"},"properties":{"kind":"stop","name":"Lark Brown Rd / Marie Curie Dr (Westbound)","stop_id":"2561298"},"type":"Feature"},{"geometry":{"coordinates":[-76.79267,39.18868],"type":"Point"},"properties":{"kind":"stop","name":"Lark Brown Rd / Lark Brown Centre","stop_id":"2561299"},"type":"Feature"},{"geometry":{"coordinates":[-76.79015,39.1878],"type":"Point"},"properties":{"kind":"stop","name":"Old Waterloo Rd / Pirch Way (Northbound)","stop_id":"2561300"},"type":"Feature"},{"geometry":{"coordinates":[-76.82189,39.21374],"type":"Point"},"properties":{"kind":"stop","name":"Phelps Luck Dr / Tamar Dr (Southbound)","stop_id":"2561301"},"type":"Feature"},{"geometry":{"coordinates":[-76.82143,39.21617],"type":"Point"},"properties":{"kind":"stop","name":"Phelps Luck Dr / Sheerock Ct","stop_id":"2561302"},"type":"Feature"},{"geometry":{"coordinates":[-76.82375,39.21859],"type":"Point"},"properties":{"kind":"stop","name":"Phelps Luck Dr / Thurso Ct (Southbound)","stop_id":"2561303"},"type":"Feature"},{"geometry":{"coordinates":[-76.82458,39.2206],"type":"Point"},"properties":{"kind":"stop","name":"Phelps Luck Dr / Billow Row","stop_id":"2561304"},"type":"Feature"},{"geometry":{"coordinates":[-76.81772,39.22415],"type":"Point"},"properties":{"kind":"stop","name":"High Tor Hill / Phelps Luck Dr (Westbound)","stop_id":"2561306"},"type":"Feature"},{"geometry":{"coordinates":[-76.81221,39.22086],"type":"Point"},"properties":{"kind":"stop","name":"High Tor Hill / Eaglebeak Row (Northbound)","stop_id":"2561307"},"type":"Feature"},{"geometry":{"coordinates":[-76.81499,39.21579],"type":"Point"},"properties":{"kind":"stop","name":"High Tor Hill / Millwheel Pl","stop_id":"2561308"},"type":"Feature"},{"geometry":{"coordinates":[-76.81705,39.21267],"type":"Point"},"properties":{"kind":"stop","name":"High Tor Hill / Tamar Dr (Northbound)","stop_id":"2561309"},"type":"Feature"},{"geometry":{"coordinates":[-76.78813,39.18575],"type":"Point"},"properties":{"kind":"stop","name":"Old Waterloo Rd / Sherwood Crossing Apartments","stop_id":"2561310"},"type":"Feature"},{"geometry":{"coordinates":[-76.78666,39.18276],"type":"Point"},"properties":{"kind":"stop","name":"Waterloo Park","stop_id":"2561311"},"type":"Feature"},{"geometry":{"coordinates":[-76.79391,39.18857],"type":"Point"},"properties":{"kind":"stop","name":"Lark Brown Rd / Marie Curie Dr (Eastbound)","stop_id":"2561312"},"type":"Feature"},{"geometry":{"coordinates":[-76.81889,39.18744],"type":"Point"},"properties":{"kind":"stop","name":"Stanford Blvd / McGaw Rd (Southbound)","stop_id":"2561313"},"type":"Feature"},{"geometry":{"coordinates":[-76.81733,39.18992],"type":"Point"},"properties":{"kind":"stop","name":"Stanford Blvd / University of Phoenix (Southbound)","stop_id":"2561314"},"type":"Feature"},{"geometry":{"coordinates":[-76.81709,39.19243],"type":"Point"},"properties":{"kind":"stop","name":"Howard County Health Department","stop_id":"2561315"},"type":"Feature"},{"geometry":{"coordinates":[-76.81706,39.19163],"type":"Point"},"properties":{"kind":"stop","name":"Stanford Blvd / Stanford Boulevard Cir (Eastbound)","stop_id":"2561316"},"type":"Feature"},{"geometry":{"coordinates":[-76.81809,39.19168],"type":"Point"},"properties":{"kind":"stop","name":"Stanford Blvd / Lakeside Retail Center","stop_id":"2561317"},"type":"Feature"},{"geometry":{"coordinates":[-76.81884,39.1943],"type":"Point"},"properties":{"kind":"stop","name":"Dobbin Center","stop_id":"2561318"},"type":"Feature"},{"geometry":{"coordinates":[-76.81345,39.2011],"type":"Point"},"properties":{"kind":"stop","name":"Old Dobbin Ln / Columbia Crossing Business Center","stop_id":"2561320"},"type":"Feature"},{"geometry":{"coordinates":[-76.81317,39.20296],"type":"Point"},"properties":{"kind":"stop","name":"Old Dobbin Ln / Long Reach Tennis Club","stop_id":"2561321"},"type":"Feature"},{"geometry":{"coordinates":[-76.8125,39.2069],"type":"Point"},"properties":{"kind":"stop","name":"Old Dobbin Ln / Long Reach High School (Southbound)","stop_id":"2561322"},"type":"Feature"},{"geometry":{"coordinates":[-76.81709,39.21297],"type":"Point"},"properties":{"kind":"stop","name":"High Tor Hill / Tamar Dr (Southbound)","stop_id":"2561323"},"type":"Feature"},{"geometry":{"coordinates":[-76.81509,39.21651],"type":"Point"},"properties":{"kind":"stop","name":"High Tor Hill / Drystraw Dr","stop_id":"2561324"},"type":"Feature"},{"geometry":{"coordinates":[-76.81235,39.22093],"type":"Point"},"properties":{"kind":"stop","name":"High Tor Hill / Eaglebeak Row (Southbound)","stop_id":"2561325"},"type":"Feature"},{"geometry":{"coordinates":[-76.81758,39.22396],"type":"Point"},"properties":{"kind":"stop","name":"High Tor Hill / Phelps Luck Dr (Eastbound)","stop_id":"2561326"},"type":"Feature"},{"geometry":{"coordinates":[-76.81875,39.22352],"type":"Point"},"properties":{"kind":"stop","name":"Phelps Luck Dr / High Tor Hill","stop_id":"2561327"},"type":"Feature"},{"geometry":{"coordinates":[-76.8242,39.22105],"type":"Point"},"properties":{"kind":"stop","name":"Phelps Luck Dr / Halflight Garth","stop_id":"2561328"},"type":"Feature"},{"geometry":{"coordinates":[-76.8234,39.2185],"type":"Point"},"properties":{"kind":"stop","name":"Phelps Luck Dr / Thurso Ct (Northbound)","stop_id":"2561329"},"type":"Feature"},{"geometry":{"coordinates":[-76.82129,39.21609],"type":"Point"},"properties":{"kind":"stop","name":"Phelps Luck Dr / Lightspun Ln","stop_id":"2561330"},"type":"Feature"},{"geometry":{"coordinates":[-76.82168,39.21375],"type":"Point"},"properties":{"kind":"stop","name":"Phelps Luck Dr / Tamar Dr (Northbound)","stop_id":"2561331"},"type":"Feature"},{"geometry":{"coordinates":[-76.82724,39.18479],"type":"Point"},"properties":{"kind":"stop","name":"Oakland Mills Rd / Dobbin Rd (Northbound)","stop_id":"2561332"},"type":"Feature"},{"geometry":{"coordinates":[-76.8257,39.18319],"type":"Point"},"properties":{"kind":"stop","name":"Oakland Mills Rd / Oak Hall Ln (Northbound)","stop_id":"2561333"},"type":"Feature"},{"geometry":{"coordinates":[-76.82864,39.1759],"type":"Point"},"properties":{"kind":"stop","name":"Oakland Mills Rd / Oakwood Business Center (Northbound)","stop_id":"2561334"},"type":"Feature"},{"geometry":{"coordinates":[-76.83055,39.17165],"type":"Point"},"properties":{"kind":"stop","name":"Oakland Mills Rd / Monarch Mills Way North","stop_id":"2561335"},"type":"Feature"},{"geometry":{"coordinates":[-76.83056,39.17027],"type":"Point"},"properties":{"kind":"stop","name":"Oakland Mills Rd / Monarch Mills Way South","stop_id":"2561336"},"type":"Feature"},{"geometry":{"coordinates":[-76.83037,39.16416],"type":"Point"},"properties":{"kind":"stop","name":"Oakland Mills Rd / Guilford Rd","stop_id":"2561337"},"type":"Feature"},{"geometry":{"coordinates":[-76.83876,39.16704],"type":"Point"},"properties":{"kind":"stop","name":"Guilford Rd / Gerwig Ln (Eastbound)","stop_id":"2561338"},"type":"Feature"},{"geometry":{"coordinates":[-76.84459,39.16866],"type":"Point"},"properties":{"kind":"stop","name":"Guilford Rd / The Rivers Technology Park (Eastbound)","stop_id":"2561339"},"type":"Feature"},{"geometry":{"coordinates":[-76.84958,39.16942],"type":"Point"},"properties":{"kind":"stop","name":"Guilford Rd / The Rivers Corporate Park (Eastbound)","stop_id":"2561340"},"type":"Feature"},{"geometry":{"coordinates":[-76.85424,39.16698],"type":"Point"},"properties":{"kind":"stop","name":"Guilford Rd / Early April Way (Eastbound)","stop_id":"2561341"},"type":"Feature"},{"geometry":{"coordinates":[-76.85929,39.1684],"type":"Point"},"properties":{"kind":"stop","name":"Guilford Rd / Hammond High School","stop_id":"2561342"},"type":"Feature"},{"geometry":{"coordinates":[-76.85813,39.21213],"type":"Point"},"properties":{"kind":"stop","name":"Little Patuxent Pkwy / Swift Stream Pl","stop_id":"2561343"},"type":"Feature"},{"geometry":{"coordinates":[-76.85798,39.21687],"type":"Point"},"properties":{"kind":"stop","name":"Little Patuxent Pkwy / Wincopin Cir (Southbound)","stop_id":"2561344"},"type":"Feature"},{"geometry":{"coordinates":[-76.85909,39.21941],"type":"Point"},"properties":{"kind":"stop","name":"Little Patuxent Pkwy / Sterrett Pl (Southbound)","stop_id":"2561345"},"type":"Feature"},{"geometry":{"coordinates":[-76.84045,39.21842],"type":"Point"},"properties":{"kind":"stop","name":"Thunder Hill Rd / Oakland Mills Rd","stop_id":"2561346"},"type":"Feature"},{"geometry":{"coordinates":[-76.84045,39.21525],"type":"Point"},"properties":{"kind":"stop","name":"Thunder Hill Rd / Longlook Ln (Northbound)","stop_id":"2561347"},"type":"Feature"},{"geometry":{"coordinates":[-76.86256,39.09216],"type":"Point"},"properties":{"kind":"stop","name":"Cherry Ln / 4th St","stop_id":"2561348"},"type":"Feature"},{"geometry":{"coordinates":[-76.86475,39.09271],"type":"Point"},"properties":{"kind":"stop","name":"Cherry Ln / Ashford Blvd (Eastbound)","stop_id":"2561349"},"type":"Feature"},{"geometry":{"coordinates":[-76.86758,39.09304],"type":"Point"},"properties":{"kind":"stop","name":"Cherry Ln / Cambridge Cir","stop_id":"2561350"},"type":"Feature"},{"geometry":{"coordinates":[-76.87115,39.09345],"type":"Point"},"properties":{"kind":"stop","name":"Cherry Ln / Belle Ami Dr (Eastbound)","stop_id":"2561351"},"type":"Feature"},{"geometry":{"coordinates":[-76.87471,39.09399],"type":"Point"},"properties":{"kind":"stop","name":"Cherry Ln / Van Dusen Rd","stop_id":"2561352"},"type":"Feature"},{"geometry":{"coordinates":[-76.87561,39.09401],"type":"Point"},"properties":{"kind":"stop","name":"Van Dusen Rd / Cherry Ln (Northbound)","stop_id":"2561353"},"type":"Feature"},{"geometry":{"coordinates":[-76.87674,39.08894],"type":"Point"},"properties":{"kind":"stop","name":"Van Dusen Rd / Killbarron Dr","stop_id":"2561354"},"type":"Feature"},{"geometry":{"coordinates":[-76.87976,39.08604],"type":"Point"},"properties":{"kind":"stop","name":"Van Dusen Rd / UM Laurel Medical Center (Northbound)","stop_id":"2561355"},"type":"Feature"},{"geometry":{"coordinates":[-76.87777,39.07906],"type":"Point"},"properties":{"kind":"stop","name":"Contee Rd / Clarkwood Ln","stop_id":"2561356"},"type":"Feature"},{"geometry":{"coordinates":[-76.87,39.07681],"type":"Point"},"properties":{"kind":"stop","name":"Contee Rd / Baltimore Ave (Westbound)","stop_id":"2561357"},"type":"Feature"},{"geometry":{"coordinates":[-76.86029,39.07373],"type":"Point"},"properties":{"kind":"stop","name":"Contee Rd / Oaklands Manor Dr","stop_id":"2561358"},"type":"Feature"},{"geometry":{"coordinates":[-76.85349,39.07361],"type":"Point"},"properties":{"kind":"stop","name":"Contee Rd / Edinburgh Ln (Westbound)","stop_id":"2561359"},"type":"Feature"},{"geometry":{"coordinates":[-76.85147,39.07361],"type":"Point"},"properties":{"kind":"stop","name":"Contee Rd / Arden Way","stop_id":"2561360"},"type":"Feature"},{"geometry":{"coordinates":[-76.84837,39.07369],"type":"Point"},"properties":{"kind":"stop","name":"Contee Rd / Laurel Bowie Rd","stop_id":"2561361"},"type":"Feature"},{"geometry":{"coordinates":[-76.84877,39.07591],"type":"Point"},"properties":{"kind":"stop","name":"Laurel Bowie Rd / Snowhill Estates Ln (Southbound)","stop_id":"2561362"},"type":"Feature"},{"geometry":{"coordinates":[-76.84703,39.07829],"type":"Point"},"properties":{"kind":"stop","name":"Route 197 Park & Ride","stop_id":"2561363"},"type":"Feature"},{"geometry":{"coordinates":[-76.8445,39.07888],"type":"Point"},"properties":{"kind":"stop","name":"Park View Apartments at Laurel","stop_id":"2561364"},"type":"Feature"},{"geometry":{"coordinates":[-76.84839,39.07625],"type":"Point"},"properties":{"kind":"stop","name":"Laurel Bowie Rd / Snowhill Estates Ln (Northbound)","stop_id":"2561365"},"type":"Feature"},{"geometry":{"coordinates":[-76.84785,39.07427],"type":"Point"},"properties":{"kind":"stop","name":"Laurel Bowie Rd / Contee Rd (Northbound)","stop_id":"2561366"},"type":"Feature"},{"geometry":{"coordinates":[-76.84339,39.07055],"type":"Point"},"properties":{"kind":"stop","name":"Laurel Bowie Rd / Brock Bridge Rd","stop_id":"2561367"},"type":"Feature"},{"geometry":{"coordinates":[-76.83926,39.06436],"type":"Point"},"properties":{"kind":"stop","name":"Laurel Bowie Rd / Muirkirk Rd (Northbound)","stop_id":"2561368"},"type":"Feature"},{"geometry":{"coordinates":[-76.83783,39.05618],"type":"Point"},"properties":{"kind":"stop","name":"Laurel Bowie Rd / Mallard Dr","stop_id":"2561369"},"type":"Feature"},{"geometry":{"coordinates":[-76.83678,39.05133],"type":"Point"},"properties":{"kind":"stop","name":"South Laurel Dr / Laurel Bowie Rd (Northbound)","stop_id":"2561370"},"type":"Feature"},{"geometry":{"coordinates":[-76.8377,39.04623],"type":"Point"},"properties":{"kind":"stop","name":"South Laurel Dr / Laurelwalk Dr","stop_id":"2561371"},"type":"Feature"},{"geometry":{"coordinates":[-76.83785,39.04854],"type":"Point"},"properties":{"kind":"stop","name":"South Laurel Dr / Tabernacle Church of Laurel","stop_id":"2561372"},"type":"Feature"},{"geometry":{"coordinates":[-76.8372,39.05114],"type":"Point"},"properties":{"kind":"stop","name":"South Laurel Dr / Laurel Bowie Rd (Southbound)","stop_id":"2561373"},"type":"Feature"},{"geometry":{"coordinates":[-76.83965,39.06418],"type":"Point"},"properties":{"kind":"stop","name":"Laurel Bowie Rd / Muirkirk Rd (Southbound)","stop_id":"2561374"},"type":"Feature"},{"geometry":{"coordinates":[-76.84256,39.06954],"type":"Point"},"properties":{"kind":"stop","name":"Laurel Bowie Rd / Montpelier Dr","stop_id":"2561375"},"type":"Feature"},{"geometry":{"coordinates":[-76.84774,39.07331],"type":"Point"},"properties":{"kind":"stop","name":"Laurel Bowie Rd / Contee Rd (Southbound)","stop_id":"2561376"},"type":"Feature"},{"geometry":{"coordinates":[-76.85088,39.07346],"type":"Point"},"properties":{"kind":"stop","name":"Contee Rd / Deerfield Rd","stop_id":"2561377"},"type":"Feature"},{"geometry":{"coordinates":[-76.8535,39.07345],"type":"Point"},"properties":{"kind":"stop","name":"Contee Rd / Edinburgh Ln (Eastbound)","stop_id":"2561378"},"type":"Feature"},{"geometry":{"coordinates":[-76.86072,39.07363],"type":"Point"},"properties":{"kind":"stop","name":"Contee Rd / Larchdale Rd","stop_id":"2561379"},"type":"Feature"},{"geometry":{"coordinates":[-76.8695,39.07639],"type":"Point"},"properties":{"kind":"stop","name":"Contee Rd / Baltimore Ave (Eastbound)","stop_id":"2561380"},"type":"Feature"},{"geometry":{"coordinates":[-76.87966,39.07947],"type":"Point"},"properties":{"kind":"stop","name":"Contee Rd / Belle Chasse Blvd","stop_id":"2561381"},"type":"Feature"},{"geometry":{"coordinates":[-76.87958,39.08646],"type":"Point"},"properties":{"kind":"stop","name":"Van Dusen Rd / UM Laurel Medical Center (Southbound)","stop_id":"2561382"},"type":"Feature"},{"geometry":{"coordinates":[-76.87661,39.08959],"type":"Point"},"properties":{"kind":"stop","name":"Van Dusen Rd / Olive Branch Way","stop_id":"2561383"},"type":"Feature"},{"geometry":{"coordinates":[-76.87588,39.09385],"type":"Point"},"properties":{"kind":"stop","name":"Van Dusen Rd / Cherry Ln (Southbound)","stop_id":"2561384"},"type":"Feature"},{"geometry":{"coordinates":[-76.87129,39.09375],"type":"Point"},"properties":{"kind":"stop","name":"Cherry Ln / Belle Ami Dr (Westbound)","stop_id":"2561386"},"type":"Feature"},{"geometry":{"coordinates":[-76.86543,39.09314],"type":"Point"},"properties":{"kind":"stop","name":"Cherry Ln / Ashford Blvd (Westbound)","stop_id":"2561387"},"type":"Feature"},{"geometry":{"coordinates":[-76.86345,39.09525],"type":"Point"},"properties":{"kind":"stop","name":"Ashford Blvd / Fenwick Ct","stop_id":"2561388"},"type":"Feature"},{"geometry":{"coordinates":[-76.85913,39.09475],"type":"Point"},"properties":{"kind":"stop","name":"Towne Centre Laurel","stop_id":"2561389"},"type":"Feature"},{"geometry":{"coordinates":[-76.8817,39.21385],"type":"Point"},"properties":{"kind":"stop","name":"Campus Dr / HCC Student Services Hall (Northbound)","stop_id":"2561894"},"type":"Feature"},{"geometry":{"coordinates":[-76.83739,39.0533],"type":"Point"},"properties":{"kind":"stop","name":"Laurel Bowie Rd / Snowden Rd","stop_id":"2562434"},"type":"Feature"},{"geometry":{"coordinates":[-76.87394,39.09413],"type":"Point"},"properties":{"kind":"stop","name":"Cherry Ln / Kalmia Dr","stop_id":"2562436"},"type":"Feature"},{"geometry":{"coordinates":[-76.88236,39.21511],"type":"Point"},"properties":{"kind":"stop","name":"Campus Dr / Lot C","stop_id":"2562450"},"type":"Feature"},{"geometry":{"coordinates":[-76.83724,39.1688],"type":"Point"},"properties":{"kind":"stop","name":"Gerwig Ln / Humanim (Southbound)","stop_id":"2562451"},"type":"Feature"},{"geometry":{"coordinates":[-76.83705,39.1688],"type":"Point"},"properties":{"kind":"stop","name":"Gerwig Ln / Humanim (Northbound)","stop_id":"2562452"},"type":"Feature"},{"geometry":{"coordinates":[-76.77127,39.12806],"type":"Point"},"properties":{"kind":"stop","name":"National Business Pkwy / Sentinel Way (Southbound)","stop_id":"2562453"},"type":"Feature"},{"geometry":{"coordinates":[-76.77358,39.12669],"type":"Point"},"properties":{"kind":"stop","name":"National Business Pkwy / 140 (Northbound)","stop_id":"2562454"},"type":"Feature"},{"geometry":{"coordinates":[-76.84834,39.18597],"type":"Point"},"properties":{"kind":"stop","name":"Cradlerock Way / Hickory Log Cir","stop_id":"2562455"},"type":"Feature"},{"geometry":{"coordinates":[-76.84025,39.1332],"type":"Point"},"properties":{"kind":"stop","name":"Gorman Rd / Falling Waters Ct (Eastbound)","stop_id":"2562456"},"type":"Feature"},{"geometry":{"coordinates":[-76.84023,39.13339],"type":"Point"},"properties":{"kind":"stop","name":"Gorman Rd / Falling Waters Ct (Westbound)","stop_id":"2562457"},"type":"Feature"},{"geometry":{"coordinates":[-76.81473,39.22318],"type":"Point"},"properties":{"kind":"stop","name":"High Tor Hill / Elkhorn Branch Trail (Eastbound)","stop_id":"2562458"},"type":"Feature"},{"geometry":{"coordinates":[-76.81507,39.2233],"type":"Point"},"properties":{"kind":"stop","name":"High Tor Hill / Elkhorn Branch Trail (Westbound)","stop_id":"2562459"},"type":"Feature"},{"geometry":{"coordinates":[-76.83673,39.22085],"type":"Point"},"properties":{"kind":"stop","name":"Lightning View Rd / Weatherside Run","stop_id":"2562460"},"type":"Feature"},{"geometry":{"coordinates":[-76.87481,39.21438],"type":"Point"},"properties":{"kind":"stop","name":"Little Patuxent Pkwy / Faculty Dr (Eastbound)","stop_id":"2562461"},"type":"Feature"},{"geometry":{"coordinates":[-76.8749,39.21466],"type":"Point"},"properties":{"kind":"stop","name":"Little Patuxent Pkwy / Faculty Dr (Westbound)","stop_id":"2562462"},"type":"Feature"},{"geometry":{"coordinates":[-76.85325,39.19469],"type":"Point"},"properties":{"kind":"stop","name":"Woodside Ct / VEIP Facility","stop_id":"2562463"},"type":"Feature"},{"geometry":{"coordinates":[-76.86478,39.08284],"type":"Point"},"properties":{"kind":"stop","name":"Cypress St / Laurel Lakes Ave (Westbound)","stop_id":"2578125"},"type":"Feature"},{"geometry":{"coordinates":[-76.83572,39.20846],"type":"Point"},"properties":{"kind":"stop","name":"Kilimanjaro Rd / Reader Ln","stop_id":"2578207"},"type":"Feature"},{"geometry":{"coordinates":[-76.83556,39.20829],"type":"Point"},"properties":{"kind":"stop","name":"Kilimanjaro Rd / Torrent Row","stop_id":"2578208"},"type":"Feature"},{"geometry":{"coordinates":[-76.88352,39.22166],"type":"Point"},"properties":{"kind":"stop","name":"Harpers Farm Rd / Gloucester Rd (Westbound)","stop_id":"2578210"},"type":"Feature"},{"geometry":{"coordinates":[-76.86334,39.21303],"type":"Point"},"properties":{"kind":"stop","name":"Mall in Columbia / South Lot (Westbound)","stop_id":"2579376"},"type":"Feature"},{"geometry":{"coordinates":[-76.88315,39.19587],"type":"Point"},"properties":{"kind":"stop","name":"Freetown Rd / Hickory Ridge Village Center","stop_id":"2579573"},"type":"Feature"},{"geometry":{"coordinates":[-76.88088,39.19352],"type":"Point"},"properties":{"kind":"stop","name":"Freetown Rd / Quarterstaff Rd","stop_id":"2579574"},"type":"Feature"},{"geometry":{"coordinates":[-76.81676,39.14977],"type":"Point"},"properties":{"kind":"stop","name":"Guilford Rd / Vollmerhausen Rd (Southbound)","stop_id":"2738204"},"type":"Feature"},{"geometry":{"coordinates":[-76.81663,39.14993],"type":"Point"},"properties":{"kind":"stop","name":"Guilford Rd / Vollmerhausen Rd (Northbound)","stop_id":"2738205"},"type":"Feature"},{"geometry":{"coordinates":[-76.86659,39.21343],"type":"Point"},"properties":{"kind":"stop","name":"Broken Land Pkwy / Gramercy Pl (Northbound)","stop_id":"3449927"},"type":"Feature"},{"geometry":{"coordinates":[-76.86687,39.21294],"type":"Point"},"properties":{"kind":"stop","name":"Broken Land Pkwy / Gramercy Pl (Southbound)","stop_id":"3449928"},"type":"Feature"},{"geometry":{"coordinates":[-76.85657,39.09204],"type":"Point"},"properties":{"kind":"stop","name":"Baltimore Ave / Cherry Ln","stop_id":"4160608"},"type":"Feature"},{"geometry":{"coordinates":[-76.84994,39.09657],"type":"Point"},"properties":{"kind":"stop","name":"2nd St / Bowie Rd","stop_id":"4160611"},"type":"Feature"},{"geometry":{"coordinates":[-76.84907,39.1065],"type":"Point"},"properties":{"kind":"stop","name":"Main St / Orchard Towne Ct","stop_id":"4160612"},"type":"Feature"},{"geometry":{"coordinates":[-76.8461,39.10518],"type":"Point"},"properties":{"kind":"stop","name":"Main St / C St (Westbound)","stop_id":"4160616"},"type":"Feature"},{"geometry":{"coordinates":[-76.8583,39.10709],"type":"Point"},"properties":{"kind":"stop","name":"Montgomery St / 9th St (Westbound)","stop_id":"4160621"},"type":"Feature"},{"geometry":{"coordinates":[-76.86151,39.10742],"type":"Point"},"properties":{"kind":"stop","name":"Sandy Spring Rd / Montgomery St","stop_id":"4160622"},"type":"Feature"},{"geometry":{"coordinates":[-76.86397,39.10595],"type":"Point"},"properties":{"kind":"stop","name":"Sandy Spring Rd / Westview Terrace (Westbound)","stop_id":"4160623"},"type":"Feature"},{"geometry":{"coordinates":[-76.86705,39.10494],"type":"Point"},"properties":{"kind":"stop","name":"Old Sandy Spring Rd / Birch Run Terrace","stop_id":"4160629"},"type":"Feature"},{"geometry":{"coordinates":[-76.87005,39.10434],"type":"Point"},"properties":{"kind":"stop","name":"Old Sandy Spring Rd / Van Dusen Rd (Westbound)","stop_id":"4160630"},"type":"Feature"},{"geometry":{"coordinates":[-76.87291,39.09884],"type":"Point"},"properties":{"kind":"stop","name":"Van Dusen Rd / South Arbory Ln","stop_id":"4160631"},"type":"Feature"},{"geometry":{"coordinates":[-76.87423,39.09728],"type":"Point"},"properties":{"kind":"stop","name":"Van Dusen Rd / Laurel Oaks Ln","stop_id":"4160632"},"type":"Feature"},{"geometry":{"coordinates":[-76.86072,39.08858],"type":"Point"},"properties":{"kind":"stop","name":"Laurel Pl / Mulberry St (Northbound)","stop_id":"4160633"},"type":"Feature"},{"geometry":{"coordinates":[-76.85948,39.09058],"type":"Point"},"properties":{"kind":"stop","name":"Laurel Pl / Laurel Lake (Northbound)","stop_id":"4160635"},"type":"Feature"},{"geometry":{"coordinates":[-76.84119,39.06392],"type":"Point"},"properties":{"kind":"stop","name":"Muirkirk Rd / Montpelier Arts Center","stop_id":"4160637"},"type":"Feature"},{"geometry":{"coordinates":[-76.84106,39.06379],"type":"Point"},"properties":{"kind":"stop","name":"Muirkirk Rd / Homestead Apartments North","stop_id":"4160638"},"type":"Feature"},{"geometry":{"coordinates":[-76.84185,39.06114],"type":"Point"},"properties":{"kind":"stop","name":"Muirkirk Rd / Homestead Apartments South","stop_id":"4160639"},"type":"Feature"},{"geometry":{"coordinates":[-76.84197,39.06068],"type":"Point"},"properties":{"kind":"stop","name":"Muirkirk Rd / Crestleigh Apartments","stop_id":"4160640"},"type":"Feature"},{"geometry":{"coordinates":[-76.84139,39.05796],"type":"Point"},"properties":{"kind":"stop","name":"Muirkirk Rd / Sea Pearl Ct","stop_id":"4160641"},"type":"Feature"},{"geometry":{"coordinates":[-76.84159,39.05784],"type":"Point"},"properties":{"kind":"stop","name":"Muirkirk Rd / Apache Tears Cir","stop_id":"4160642"},"type":"Feature"},{"geometry":{"coordinates":[-76.84565,39.05296],"type":"Point"},"properties":{"kind":"stop","name":"Muirkirk Rd / Montpelier Elementary School","stop_id":"4160643"},"type":"Feature"},{"geometry":{"coordinates":[-76.8465,39.05314],"type":"Point"},"properties":{"kind":"stop","name":"Muirkirk Rd / Tuscany Dr","stop_id":"4160644"},"type":"Feature"},{"geometry":{"coordinates":[-76.85137,39.05463],"type":"Point"},"properties":{"kind":"stop","name":"Muirkirk Rd / Orvis Way","stop_id":"4160645"},"type":"Feature"},{"geometry":{"coordinates":[-76.85143,39.05485],"type":"Point"},"properties":{"kind":"stop","name":"Muirkirk Rd / Mt Pleasant Dr","stop_id":"4160646"},"type":"Feature"},{"geometry":{"coordinates":[-76.8611,39.05564],"type":"Point"},"properties":{"kind":"stop","name":"Muirkirk Rd / Snowden Woods Rd","stop_id":"4160647"},"type":"Feature"},{"geometry":{"coordinates":[-76.87961,39.05912],"type":"Point"},"properties":{"kind":"stop","name":"Muirkirk Rd / Muirkirk South Community Park","stop_id":"4160648"},"type":"Feature"},{"geometry":{"coordinates":[-76.88241,39.06171],"type":"Point"},"properties":{"kind":"stop","name":"Brickyard Blvd / Muirkirk MARC Station (Southbound)","stop_id":"4160649"},"type":"Feature"},{"geometry":{"coordinates":[-76.91467,39.02994],"type":"Point"},"properties":{"kind":"stop","name":"Baltimore Ave / Rhode Island Ave (Southbound)","stop_id":"4160650"},"type":"Feature"},{"geometry":{"coordinates":[-76.91467,39.02973],"type":"Point"},"properties":{"kind":"stop","name":"Baltimore Ave / Rhode Island Ave (Northbound)","stop_id":"4160652"},"type":"Feature"},{"geometry":{"coordinates":[-76.91644,39.02851],"type":"Point"},"properties":{"kind":"stop","name":"Baltimore Ave / Montgomery Rd (Northbound)","stop_id":"4160653"},"type":"Feature"},{"geometry":{"coordinates":[-76.91936,39.0265],"type":"Point"},"properties":{"kind":"stop","name":"Baltimore Ave / Sunnyside Ave","stop_id":"4160654"},"type":"Feature"},{"geometry":{"coordinates":[-76.91835,39.02579],"type":"Point"},"properties":{"kind":"stop","name":"Sunnyside Ave / Baltimore Ave (Westbound)","stop_id":"4160656"},"type":"Feature"},{"geometry":{"coordinates":[-76.91837,39.02562],"type":"Point"},"properties":{"kind":"stop","name":"Sunnyside Ave / Baltimore Ave (Eastbound)","stop_id":"4160657"},"type":"Feature"},{"geometry":{"coordinates":[-76.83667,39.10385],"type":"Point"},"properties":{"kind":"stop","name":"Laurel Race Track","stop_id":"4160729"},"type":"Feature"},{"geometry":{"coordinates":[-76.8609,39.2074],"type":"Point"},"properties":{"kind":"stop","name":"Merriweather Dr / Valencia Ln (Westbound)","stop_id":"4160730"},"type":"Feature"},{"geometry":{"coordinates":[-76.86112,39.2072],"type":"Point"},"properties":{"kind":"stop","name":"Merriweather Dr / Valencia Ln (Eastbound)","stop_id":"4160731"},"type":"Feature"},{"geometry":{"coordinates":[-76.75349,39.28272],"type":"Point"},"properties":{"kind":"stop","name":"Walmart at Catonsville","stop_id":"4211590"},"type":"Feature"},{"geometry":{"coordinates":[-76.76364,39.2859],"type":"Point"},"properties":{"kind":"stop","name":"Baltimore National Pike / Nuwood Dr (Eastbound)","stop_id":"4211591"},"type":"Feature"},{"geometry":{"coordinates":[-76.76325,39.28614],"type":"Point"},"properties":{"kind":"stop","name":"Baltimore National Pike / Nuwood Dr (Westbound)","stop_id":"4211592"},"type":"Feature"},{"geometry":{"coordinates":[-76.81316,39.27925],"type":"Point"},"properties":{"kind":"stop","name":"Ellicott Center Dr/Vogel Rd (Southbound)","stop_id":"4212237"},"type":"Feature"},{"geometry":{"coordinates":[-76.8131,39.2792],"type":"Point"},"properties":{"kind":"stop","name":"Ellicott Center Dr/Vogel Rd (Northbound)","stop_id":"4212238"},"type":"Feature"},{"geometry":{"coordinates":[-76.8099,39.28045],"type":"Point"},"properties":{"kind":"stop","name":"Ellicott Center Dr/Weber Quarry Rd","stop_id":"4212239"},"type":"Feature"},{"geometry":{"coordinates":[-76.86367,39.28335],"type":"Point"},"properties":{"kind":"stop","name":"Pine Orchard Lane","stop_id":"4212240"},"type":"Feature"},{"geometry":{"coordinates":[-76.86414,39.28226],"type":"Point"},"properties":{"kind":"stop","name":"Pine Orchard Ln / Patuxent Valley Ln","stop_id":"4212241"},"type":"Feature"},{"geometry":{"coordinates":[-76.86407,39.28183],"type":"Point"},"properties":{"kind":"stop","name":"Pine Orchard Ln / Corporate Ct","stop_id":"4212242"},"type":"Feature"},{"geometry":{"coordinates":[-76.86065,39.27927],"type":"Point"},"properties":{"kind":"stop","name":"Baltimore National Pike / Centennial Ln","stop_id":"4212243"},"type":"Feature"},{"geometry":{"coordinates":[-76.86113,39.27971],"type":"Point"},"properties":{"kind":"stop","name":"Baltimore National Pike / Bethany Ln","stop_id":"4212244"},"type":"Feature"},{"geometry":{"coordinates":[-76.86074,39.27837],"type":"Point"},"properties":{"kind":"stop","name":"Centennial Ln / Frederick Rd","stop_id":"4212245"},"type":"Feature"},{"geometry":{"coordinates":[-76.80077,39.2696],"type":"Point"},"properties":{"kind":"stop","name":"Historic Ellicott City (Lot F)","stop_id":"4212246"},"type":"Feature"},{"geometry":{"coordinates":[-76.84755,39.08475],"type":"Point"},"properties":{"kind":"stop","name":"Laurel Bowie Rd / Cherry Ln (Southbound)","stop_id":"4244302"},"type":"Feature"},{"geometry":{"coordinates":[-76.75599,39.28389],"type":"Point"},"properties":{"kind":"stop","name":"Baltimore National Pike / Geipe Rd","stop_id":"4244359"},"type":"Feature"},{"geometry":{"coordinates":[-76.75747,39.28464],"type":"Point"},"properties":{"kind":"stop","name":"Baltimore National Pike / Westpark Shopping Center","stop_id":"4244361"},"type":"Feature"},{"geometry":{"coordinates":[-76.84834,39.07983],"type":"Point"},"properties":{"kind":"stop","name":"Laurel Bowie Rd / Briarwood Dr (Southbound)","stop_id":"4244362"},"type":"Feature"},{"geometry":{"coordinates":[-76.84789,39.08015],"type":"Point"},"properties":{"kind":"stop","name":"Laurel Bowie Rd / Briarwood Dr (Northbound)","stop_id":"4244363"},"type":"Feature"},{"geometry":{"coordinates":[-76.80969,39.17432],"type":"Point"},"properties":{"kind":"stop","name":"Columbia Gateway Dr / Robert Fulton Dr (Southbound)","stop_id":"4247124"},"type":"Feature"},{"geometry":{"coordinates":[-76.80687,39.17226],"type":"Point"},"properties":{"kind":"stop","name":"Columbia Gateway Dr / Samuel Morse Dr (Eastbound)","stop_id":"4247125"},"type":"Feature"},{"geometry":{"coordinates":[-76.80262,39.17387],"type":"Point"},"properties":{"kind":"stop","name":"Columbia Gateway Dr / Albert Einstein Dr (Northbound)","stop_id":"4247126"},"type":"Feature"},{"geometry":{"coordinates":[-76.80037,39.17737],"type":"Point"},"properties":{"kind":"stop","name":"Columbia Gateway Dr / Benjamin Franklin Dr (Northbound)","stop_id":"4247127"},"type":"Feature"},{"geometry":{"coordinates":[-76.79923,39.18129],"type":"Point"},"properties":{"kind":"stop","name":"Columbia Gateway Dr / John Mcadams Dr (Northbound)","stop_id":"4247128"},"type":"Feature"},{"geometry":{"coordinates":[-76.80162,39.18353],"type":"Point"},"properties":{"kind":"stop","name":"Columbia Gateway Dr / Howard County Complex (Westbound)","stop_id":"4247129"},"type":"Feature"},{"geometry":{"coordinates":[-76.79573,39.18867],"type":"Point"},"properties":{"kind":"stop","name":"Lark Brown Rd / Waterloo Rd (Eastbound)","stop_id":"4247130"},"type":"Feature"},{"geometry":{"coordinates":[-76.79027,39.18772],"type":"Point"},"properties":{"kind":"stop","name":"Old Waterloo Rd / Pirch Way (Southbound)","stop_id":"4247131"},"type":"Feature"},{"geometry":{"coordinates":[-76.78794,39.1852],"type":"Point"},"properties":{"kind":"stop","name":"Old Waterloo Rd / Blue Smoke Ct","stop_id":"4247132"},"type":"Feature"},{"geometry":{"coordinates":[-76.81401,39.27795],"type":"Point"},"properties":{"kind":"stop","name":"Ellicott Center Dr / Ridge Rd","stop_id":"4247138"},"type":"Feature"},{"geometry":{"coordinates":[-76.83906,39.27339],"type":"Point"},"properties":{"kind":"stop","name":"Miller Library","stop_id":"4247139"},"type":"Feature"},{"geometry":{"coordinates":[-76.83886,39.27325],"type":"Point"},"properties":{"kind":"stop","name":"Ellicott City 50+ Center","stop_id":"4247140"},"type":"Feature"},{"geometry":{"coordinates":[-76.82954,39.27741],"type":"Point"},"properties":{"kind":"stop","name":"Chatham Station Shopping Center","stop_id":"4247141"},"type":"Feature"},{"geometry":{"coordinates":[-76.82795,39.23676],"type":"Point"},"properties":{"kind":"stop","name":"Howard County Circuit Court","stop_id":"4247235"},"type":"Feature"},{"geometry":{"coordinates":[-76.24206,38.96844],"type":"Point"},"properties":{"kind":"stop","name":"Best Western","stop_id":"4248583"},"type":"Feature"},{"geometry":{"coordinates":[-76.24067,38.96665],"type":"Point"},"properties":{"kind":"stop","name":"Hilton Garden Inn","stop_id":"4248584"},"type":"Feature"},{"geometry":{"coordinates":[-76.33343,38.97821],"type":"Point"},"properties":{"kind":"stop","name":"Chesapeake Bay Beach Club","stop_id":"4248585"},"type":"Feature"},{"geometry":{"coordinates":[-76.88985,39.23653],"type":"Point"},"properties":{"kind":"stop","name":"Homewood Center","stop_id":"4248667"},"type":"Feature"},{"geometry":{"coordinates":[-76.89002,39.231],"type":"Point"},"properties":{"kind":"stop","name":"Ashton Green Apartments / Cedar Lane","stop_id":"4248669"},"type":"Feature"},{"geometry":{"coordinates":[-76.8897,39.23064],"type":"Point"},"properties":{"kind":"stop","name":"Cedar Lane Park","stop_id":"4248672"},"type":"Feature"},{"geometry":{"coordinates":[-76.8894,39.22829],"type":"Point"},"properties":{"kind":"stop","name":"Cedar Lane/ Lightfoot Path (South bound)","stop_id":"4248677"},"type":"Feature"},{"geometry":{"coordinates":[-76.8892,39.22829],"type":"Point"},"properties":{"kind":"stop","name":"Cedar Lane/ Lightfoot Path (North bound)","stop_id":"4248678"},"type":"Feature"},{"geometry":{"coordinates":[-76.8933,39.2236],"type":"Point"},"properties":{"kind":"stop","name":"Harpers Farm / El Camino (southbound)","stop_id":"4248679"},"type":"Feature"},{"geometry":{"coordinates":[-76.89317,39.22388],"type":"Point"},"properties":{"kind":"stop","name":"Harpers Farm / El Camino (Northbound)","stop_id":"4248680"},"type":"Feature"},{"geometry":{"coordinates":[-76.89108,39.23483],"type":"Point"},"properties":{"kind":"stop","name":"Applications and Research Lab","stop_id":"4248864"},"type":"Feature"},{"geometry":{"coordinates":[-76.83157,39.24599],"type":"Point"},"properties":{"kind":"stop","name":"Dorsey Hall Dr. / Selborne house","stop_id":"4249206"},"type":"Feature"},{"geometry":{"coordinates":[-76.86944,39.05624],"type":"Point"},"properties":{"kind":"stop","name":"Muirkirk Rd/ Ellington Dr (Eastbound)","stop_id":"4249748"},"type":"Feature"},{"geometry":{"coordinates":[-76.86944,39.0563],"type":"Point"},"properties":{"kind":"stop","name":"Muirkirk Rd/ Ellington Dr (Westbound)","stop_id":"4249749"},"type":"Feature"},{"geometry":{"coordinates":[-76.79904,39.26764],"type":"Point"},"properties":{"kind":"stop","name":"Welcome Center (East Bound)","stop_id":"4254372"},"type":"Feature"},{"geometry":{"coordinates":[-76.79676,39.2673],"type":"Point"},"properties":{"kind":"stop","name":"Main Street  (East Bound)","stop_id":"4254373"},"type":"Feature"},{"geometry":{"coordinates":[-76.79572,39.26769],"type":"Point"},"properties":{"kind":"stop","name":"Tiber Park (West Bound)","stop_id":"4254374"},"type":"Feature"},{"geometry":{"coordinates":[-76.79365,39.26848],"type":"Point"},"properties":{"kind":"stop","name":"Lot A","stop_id":"4254375"},"type":"Feature"},{"geometry":{"coordinates":[-76.7955,39.2676],"type":"Point"},"properties":{"kind":"stop","name":"Tiber Park (East Bound)","stop_id":"4254421"},"type":"Feature"},{"geometry":{"coordinates":[-76.79677,39.26743],"type":"Point"},"properties":{"kind":"stop","name":"Main Street  (West Bound)","stop_id":"4254422"},"type":"Feature"},{"geometry":{"coordinates":[-76.79901,39.26773],"type":"Point"},"properties":{"kind":"stop","name":"Welcome Center (West Bound)","stop_id":"4254423"},"type":"Feature"}],"type":"FeatureCollection"}
