id,name,state,grade,score,size_tier,national_percentile,snapshot_date,days_until_expiry,service_horizon_status,expiry_status,mdb_id,validator_version,feed_url,top_fix,scorecard_url,country,subdivision_code,subdivision_name
10-15-transit,10-15 Transit,Iowa,C,76.5,medium,72,2026-07-10,53,within_review_threshold,current,195,8.0.1,https://data.trilliumtransit.com/gtfs/10-15transit-ia-us/10-15transit-ia-us.zip,Set wheelchair_boarding to 1 (accessible) or 2 (not accessible) for every stop. A field survey can start with the busiest stops.,https://gtfsscorecard.org/agency/10-15-transit/,US,US-IA,Iowa
10-15-transit-195,10-15 Transit,,C,76.5,medium,72,2026-07-10,53,within_review_threshold,current,,8.0.1,http://data.trilliumtransit.com/gtfs/10-15transit-ia-us/10-15transit-ia-us.zip,Set wheelchair_boarding to 1 (accessible) or 2 (not accessible) for every stop. A field survey can start with the busiest stops.,https://gtfsscorecard.org/agency/10-15-transit-195/,US,,
128-business-council,128 Business Council,Massachusetts,F,39.1,small,12,2026-07-10,-2747,within_review_threshold,stale,440,8.0.1,https://data.trilliumtransit.com/gtfs/route128corridor-ma-us/route128corridor-ma-us.zip,"Re-export the feed with a calendar that reaches further out, and set feed_info feed_end_date past your next service change.",https://gtfsscorecard.org/agency/128-business-council/,US,US-MA,Massachusetts
128-business-council-440,128 Business Council,,F,39.1,small,12,2026-07-10,-2747,within_review_threshold,stale,,8.0.1,http://data.trilliumtransit.com/gtfs/route128corridor-ma-us/route128corridor-ma-us.zip,"Re-export the feed with a calendar that reaches further out, and set feed_info feed_end_date past your next service change.",https://gtfsscorecard.org/agency/128-business-council-440/,US,,
81-connection-citygo-kanconnect,"81 Connection, CityGo, KanConnect",Kansas,F,50.1,medium,34,2026-07-10,-922,within_review_threshold,stale,1867,8.0.1,https://salinacitygo.com/wp-content/uploads/2022/11/export-2022-11-30T10-18-07.zip,"Re-export the feed with a calendar that reaches further out, and set feed_info feed_end_date past your next service change.",https://gtfsscorecard.org/agency/81-connection-citygo-kanconnect/,US,US-KS,Kansas
abq-ride,ABQ RIDE,New Mexico,D,61.5,large,51,2026-07-10,56,within_review_threshold,current,166,8.0.1,https://data.cabq.gov/transit/gtfs/google_transit.zip,Review the rule documentation for 'equal_shape_distance_diff_coordinates' at https://gtfs-validator.mobilitydata.org/rules.html and check the flagged rows in your feed.,https://gtfsscorecard.org/agency/abq-ride/,US,US-NM,New Mexico
academy-bus,Academy Bus,New York,F,42.3,medium,16,2026-07-10,-1185,within_review_threshold,stale,209,8.0.1,https://s3.amazonaws.com/datatools-511ny/public/Academy_Express_-_Staten_Island.zip,"Re-export the feed with a calendar that reaches further out, and set feed_info feed_end_date past your next service change.",https://gtfsscorecard.org/agency/academy-bus/,US,US-NY,New York
access-allegany,Access Allegany,New York,F,42.0,small,16,2026-07-10,-191,within_review_threshold,lapsed,531,8.0.1,https://s3.amazonaws.com/datatools-511ny/public/Access_Allegany.zip,"Re-export the feed with a calendar that reaches further out, and set feed_info feed_end_date past your next service change.",https://gtfsscorecard.org/agency/access-allegany/,US,US-NY,New York
adams-county,Flex,Colorado,D,64.4,small,54,2026-07-10,22,within_review_threshold,expiring_soon,2156,8.0.1,https://data.trilliumtransit.com/gtfs/adamscounty-co-us/adamscounty-co-us--flex-v2.zip,Re-export with a validity window that reaches at least 60 days out.,https://gtfsscorecard.org/agency/adams-county/,US,US-CO,Colorado
addison-county-transit-actr,Addison County Transit (ACTR),Vermont,F,37.8,medium,11,2026-07-10,-2382,within_review_threshold,stale,543,8.0.1,https://data.trilliumtransit.com/gtfs/addisoncounty-vt-us/addisoncounty-vt-us.zip,"Re-export the feed with a calendar that reaches further out, and set feed_info feed_end_date past your next service change.",https://gtfsscorecard.org/agency/addison-county-transit-actr/,US,US-VT,Vermont
addison-county-transit-actr-543,Addison County Transit (ACTR),,F,37.8,medium,11,2026-07-10,-2382,within_review_threshold,stale,,8.0.1,http://data.trilliumtransit.com/gtfs/addisoncounty-vt-us/addisoncounty-vt-us.zip,"Re-export the feed with a calendar that reaches further out, and set feed_info feed_end_date past your next service change.",https://gtfsscorecard.org/agency/addison-county-transit-actr-543/,US,,
adirondack-trailways-adp,Adirondack Trailways ADP,New York,F,45.1,small,22,2026-07-10,1635,within_review_threshold,current,823,8.0.1,https://s3.amazonaws.com/datatools-511ny/public/Trailways-ADP.zip,Review the rule documentation for 'trip_distance_exceeds_shape_distance' at https://gtfs-validator.mobilitydata.org/rules.html and check the flagged rows in your feed.,https://gtfsscorecard.org/agency/adirondack-trailways-adp/,US,US-NY,New York
adirondack-trailways-nyp,Adirondack Trailways NYP,New York,F,42.5,small,17,2026-07-10,1635,within_review_threshold,current,824,8.0.1,https://s3.amazonaws.com/datatools-511ny/public/Trailways-NYP.zip,Review the rule documentation for 'trip_distance_exceeds_shape_distance' at https://gtfs-validator.mobilitydata.org/rules.html and check the flagged rows in your feed.,https://gtfsscorecard.org/agency/adirondack-trailways-nyp/,US,US-NY,New York
adirondack-trailways-pine-hill-trailways,Adirondack Trailways Pine Hill Trailways,New York,F,2.3,small,0,2026-07-10,-1652,within_review_threshold,stale,826,8.0.1,https://s3.amazonaws.com/datatools-511ny/public/Trailways-PHK.zip,"Re-export the feed with a calendar that reaches further out, and set feed_info feed_end_date past your next service change.",https://gtfsscorecard.org/agency/adirondack-trailways-pine-hill-trailways/,US,US-NY,New York
advance-transit,Advance Transit,Vermont,C,74.3,medium,66,2026-07-10,144,within_review_threshold,current,631,8.0.1,https://data.trilliumtransit.com/gtfs/advancetransit-vt-us/advancetransit-vt-us.zip,Set wheelchair_boarding to 1 (accessible) or 2 (not accessible) for every stop. A field survey can start with the busiest stops.,https://gtfsscorecard.org/agency/advance-transit/,US,US-VT,Vermont
advance-transit-631,Advance Transit,,C,74.2,medium,66,2026-07-10,144,within_review_threshold,current,,8.0.1,http://data.trilliumtransit.com/gtfs/advancetransit-vt-us/advancetransit-vt-us.zip,Set wheelchair_boarding to 1 (accessible) or 2 (not accessible) for every stop. A field survey can start with the busiest stops.,https://gtfsscorecard.org/agency/advance-transit-631/,US,,
advance-transit-at,Advance Transit (AT),New Hampshire,F,42.3,medium,16,2026-07-10,-1206,within_review_threshold,stale,451,8.0.1,http://whereismybus.advancetransit.com/GTFS/feed.zip,"Re-export the feed with a calendar that reaches further out, and set feed_info feed_end_date past your next service change.",https://gtfsscorecard.org/agency/advance-transit-at/,US,US-NH,New Hampshire
airport-valet-express,Airport Valet Express,California,F,44.5,small,20,2026-07-10,-2200,within_review_threshold,stale,27,8.0.1,https://data.trilliumtransit.com/gtfs/airportvaletexpress-ca-us/airportvaletexpress-ca-us.zip,"Re-export the feed with a calendar that reaches further out, and set feed_info feed_end_date past your next service change.",https://gtfsscorecard.org/agency/airport-valet-express/,US,US-CA,California
airport-valet-express-27,Airport Valet Express,,F,44.5,small,20,2026-07-10,-2200,within_review_threshold,stale,,8.0.1,http://data.trilliumtransit.com/gtfs/airportvaletexpress-ca-us/airportvaletexpress-ca-us.zip,"Re-export the feed with a calendar that reaches further out, and set feed_info feed_end_date past your next service change.",https://gtfsscorecard.org/agency/airport-valet-express-27/,US,,
akron-metro-regional-transit-authority-metro,Akron Metro Regional Transit Authority (METRO),Ohio,F,33.4,large,7,2026-07-10,-1273,within_review_threshold,stale,411,8.0.1,https://www.akronmetro.org/Data/Sites/2/gtfs-data/akronmetrogtfs.zip,"Re-export the feed with a calendar that reaches further out, and set feed_info feed_end_date past your next service change.",https://gtfsscorecard.org/agency/akron-metro-regional-transit-authority-metro/,US,US-OH,Ohio
akron-metro-regional-transit-authority-metro-2071,Akron Metro Regional Transit Authority (METRO),Ohio,B,80.9,large,82,2026-07-10,43,within_review_threshold,current,2071,8.0.1,https://www.yourmetrobus.org/Data/Sites/2/gtfs-data/metro_rta_gtfs.zip,Set wheelchair_boarding to 1 (accessible) or 2 (not accessible) for every stop. A field survey can start with the busiest stops.,https://gtfsscorecard.org/agency/akron-metro-regional-transit-authority-metro-2071/,US,US-OH,Ohio
alameda-contra-costa-transit-district-ac-transit,Alameda-Contra Costa Transit District (AC Transit),California,F,52.2,large,39,2026-07-10,-860,within_review_threshold,stale,1244,8.0.1,https://transitfeeds.com/p/ac-transit/1269/latest/download,"Re-export the feed with a calendar that reaches further out, and set feed_info feed_end_date past your next service change.",https://gtfsscorecard.org/agency/alameda-contra-costa-transit-district-ac-transit/,US,US-CA,California
albany-transit-system,Albany Transit System,Georgia,F,33.6,medium,8,2026-07-10,-740,within_review_threshold,stale,2146,8.0.1,https://rapid.nationalrtap.org/GTFSFileManagement/UserUploadFiles/11834/ats_albany_ga_us(2).zip,"Re-export the feed with a calendar that reaches further out, and set feed_info feed_end_date past your next service change.",https://gtfsscorecard.org/agency/albany-transit-system/,US,US-GA,Georgia
alcatraz-cruises-hornblower-angel-island-tiburon-ferry-blue-gold-fleet,"Alcatraz Cruises - Hornblower, Angel Island Tiburon Ferry, Blue & Gold Fleet",California,F,46.7,small,26,2026-07-10,-1744,within_review_threshold,stale,595,8.0.1,https://data.trilliumtransit.com/gtfs/bayareaferries-ca-us/bayareaferries-ca-us.zip,"Re-export the feed with a calendar that reaches further out, and set feed_info feed_end_date past your next service change.",https://gtfsscorecard.org/agency/alcatraz-cruises-hornblower-angel-island-tiburon-ferry-blue-gold-fleet/,US,US-CA,California
alcatraz-cruises-hornblower-angel-island-tiburon-ferry-blue-gold-fleet-595,"Alcatraz Cruises - Hornblower, Angel Island Tiburon Ferry, Blue & Gold Fleet",,F,46.7,small,26,2026-07-10,-1744,within_review_threshold,stale,,8.0.1,http://data.trilliumtransit.com/gtfs/bayareaferries-ca-us/bayareaferries-ca-us.zip,"Re-export the feed with a calendar that reaches further out, and set feed_info feed_end_date past your next service change.",https://gtfsscorecard.org/agency/alcatraz-cruises-hornblower-angel-island-tiburon-ferry-blue-gold-fleet-595/,US,,
alexandria-dot,City of Alexandria,,C,75.5,small,70,2026-07-10,144,within_review_threshold,current,2936,8.0.1,https://data.trilliumtransit.com/gtfs/cityofalexandria-va-us/cityofalexandria-va-us--flex-v2.zip,Set wheelchair_boarding to 1 (accessible) or 2 (not accessible) for every stop. A field survey can start with the busiest stops.,https://gtfsscorecard.org/agency/alexandria-dot/,US,,
alexandria-transit-company-dash,Alexandria Transit Company (DASH),Virginia,C,71.0,medium,61,2026-07-10,52,within_review_threshold,current,482,8.0.1,http://dashbus.com/google_transit.zip,Set wheelchair_boarding to 1 (accessible) or 2 (not accessible) for every stop. A field survey can start with the busiest stops.,https://gtfsscorecard.org/agency/alexandria-transit-company-dash/,US,US-VA,Virginia
alhambra-community-transit,Alhambra Community Transit,California,F,47.6,small,29,2026-07-10,-1652,within_review_threshold,stale,211,8.0.1,https://data.trilliumtransit.com/gtfs/alhambra-ca-us/alhambra-ca-us.zip,"Re-export the feed with a calendar that reaches further out, and set feed_info feed_end_date past your next service change.",https://gtfsscorecard.org/agency/alhambra-community-transit/,US,US-CA,California
alhambra-community-transit-211,Alhambra Community Transit,,F,47.6,small,29,2026-07-10,-1652,within_review_threshold,stale,,8.0.1,http://data.trilliumtransit.com/gtfs/alhambra-ca-us/alhambra-ca-us.zip,"Re-export the feed with a calendar that reaches further out, and set feed_info feed_end_date past your next service change.",https://gtfsscorecard.org/agency/alhambra-community-transit-211/,US,,
all-points-transit,All Points Transit,Colorado,C,77.4,medium,74,2026-07-10,206,within_review_threshold,current,212,8.0.1,https://data.trilliumtransit.com/gtfs/allpointstransit-co-us/allpointstransit-co-us.zip,Set wheelchair_boarding to 1 (accessible) or 2 (not accessible) for every stop. A field survey can start with the busiest stops.,https://gtfsscorecard.org/agency/all-points-transit/,US,US-CO,Colorado
all-points-transit-2039,Flex v2 included,Colorado,F,59.8,medium,50,2026-07-10,22,within_review_threshold,expiring_soon,2039,8.0.1,https://data.trilliumtransit.com/gtfs/allpointstransit-co-us/allpointstransit-co-us--flex-v2.zip,Re-export with a validity window that reaches at least 60 days out.,https://gtfsscorecard.org/agency/all-points-transit-2039/,US,US-CO,Colorado
all-points-transit-212,All Points Transit,,C,77.4,medium,74,2026-07-10,206,within_review_threshold,current,,8.0.1,http://data.trilliumtransit.com/gtfs/allpointstransit-co-us/allpointstransit-co-us.zip,Set wheelchair_boarding to 1 (accessible) or 2 (not accessible) for every stop. A field survey can start with the busiest stops.,https://gtfsscorecard.org/agency/all-points-transit-212/,US,,
allegany-county-transit,Allegany County Transit,Maryland,F,25.1,medium,3,2026-07-10,-2171,within_review_threshold,stale,408,8.0.1,https://github.com/mobilityequity/maryland-local-gtfs/raw/master/Allegany_GTFS.zip,"Re-export the feed with a calendar that reaches further out, and set feed_info feed_end_date past your next service change.",https://gtfsscorecard.org/agency/allegany-county-transit/,US,US-MD,Maryland
allen-county-regional-transit-authority,Allen County Regional Transit Authority,Ohio,C,79.0,medium,77,2026-07-10,144,within_review_threshold,current,210,8.0.1,https://data.trilliumtransit.com/gtfs/acrta-oh-us/acrta-oh-us.zip,"Set wheelchair_accessible on every trip (most small-agency fleets are 100% accessible, so this is often a single default).",https://gtfsscorecard.org/agency/allen-county-regional-transit-authority/,US,US-OH,Ohio
altamont-corridor-express,Altamont Corridor Express,California,F,46.8,small,27,2026-07-10,-556,within_review_threshold,stale,1133,8.0.1,https://transitfeeds.com/p/altamont-corridor-express/823/latest/download,"Re-export the feed with a calendar that reaches further out, and set feed_info feed_end_date past your next service change.",https://gtfsscorecard.org/agency/altamont-corridor-express/,US,US-CA,California
altavista-community-transit-system,Altavista Community Transit System,Virginia,B,80.2,small,81,2026-07-10,82,within_review_threshold,current,882,8.0.1,https://data.trilliumtransit.com/gtfs/altavista-va-us/altavista-va-us.zip,Set wheelchair_boarding to 1 (accessible) or 2 (not accessible) for every stop. A field survey can start with the busiest stops.,https://gtfsscorecard.org/agency/altavista-community-transit-system/,US,US-VA,Virginia
altavista-community-transit-system-882,Altavista Community Transit System,,B,80.2,small,81,2026-07-10,82,within_review_threshold,current,,8.0.1,http://data.trilliumtransit.com/gtfs/altavista-va-us/altavista-va-us.zip,Set wheelchair_boarding to 1 (accessible) or 2 (not accessible) for every stop. A field survey can start with the busiest stops.,https://gtfsscorecard.org/agency/altavista-community-transit-system-882/,US,,
amador-transit,Amador Transit,California,C,78.4,small,76,2026-07-10,53,within_review_threshold,current,92,8.0.1,https://data.trilliumtransit.com/gtfs/amador-ca-us/amador-ca-us.zip,Set wheelchair_boarding to 1 (accessible) or 2 (not accessible) for every stop. A field survey can start with the busiest stops.,https://gtfsscorecard.org/agency/amador-transit/,US,US-CA,California
amador-transit-92,Amador Transit,,C,78.4,small,76,2026-07-10,53,within_review_threshold,current,,8.0.1,http://data.trilliumtransit.com/gtfs/amador-ca-us/amador-ca-us.zip,Set wheelchair_boarding to 1 (accessible) or 2 (not accessible) for every stop. A field survey can start with the busiest stops.,https://gtfsscorecard.org/agency/amador-transit-92/,US,,
amarillo-city-transit,Amarillo City Transit,Texas,F,50.2,medium,35,2026-07-10,-1652,within_review_threshold,stale,213,8.0.1,https://code.amarillo.gov/gtfs/gtfs.zip,"Re-export the feed with a calendar that reaches further out, and set feed_info feed_end_date past your next service change.",https://gtfsscorecard.org/agency/amarillo-city-transit/,US,US-TX,Texas
amtrak,Amtrak,,F,43.0,medium,18,2026-07-10,7,within_review_threshold,expiring_soon,11,8.0.1,https://content.amtrak.com/content/gtfs/GTFS.zip,Re-export with a validity window that reaches at least 60 days out.,https://gtfsscorecard.org/agency/amtrak/,US,,
amtrak-san-joaquins,Amtrak San Joaquins,,F,52.6,small,40,2026-07-10,-10,within_review_threshold,lapsed,,8.0.1,https://data.trilliumtransit.com/gtfs/sanjoaquins-ca-us/sanjoaquins-ca-us.zip,"Re-export the feed with a calendar that reaches further out, and set feed_info feed_end_date past your next service change.",https://gtfsscorecard.org/agency/amtrak-san-joaquins/,US,,
amtrak-vermonter,Amtrak Vermonter,,B,80.1,small,80,2026-07-10,143,within_review_threshold,current,2297,8.0.1,https://data.trilliumtransit.com/gtfs/amtrakvermonter-vt-us/amtrakvermonter-vt-us.zip,Set wheelchair_boarding to 1 (accessible) or 2 (not accessible) for every stop. A field survey can start with the busiest stops.,https://gtfsscorecard.org/agency/amtrak-vermonter/,US,,
anaheim-resort-transportation-art,Anaheim Resort Transportation (ART),California,F,42.6,small,17,2026-07-10,,unknown,unknown,100,8.0.1,https://art.tripshot.com/v1/gtfs.zip?regionId=CA558DDC-D7F2-4B48-9CAC-DEEA1134F820,Add feed_start_date and feed_end_date to feed_info.txt and include calendar end dates in your export.,https://gtfsscorecard.org/agency/anaheim-resort-transportation-art/,US,US-CA,California
anchorage-people-mover,Anchorage People Mover,Alaska,D,65.8,medium,56,2026-07-10,322,within_review_threshold,current,225,8.0.1,http://gtfs.muni.org/People_Mover.gtfs.zip,Check the trip updates endpoint with your AVL vendor; it should return a fresh GTFS-Realtime protobuf on every request.,https://gtfsscorecard.org/agency/anchorage-people-mover/,US,US-AK,Alaska
ann-arbor-area-transportation-authority-theride,Ann Arbor Area Transportation Authority (TheRide),Michigan,D,69.7,large,60,2026-07-10,43,within_review_threshold,current,415,8.0.1,https://www.theride.org/sites/default/files/google/google_transit.zip,"Add fare_attributes.txt (or Fares v2 files) with your fare structure. If your service is fare-free, ask to have it marked fare-free instead.",https://gtfsscorecard.org/agency/ann-arbor-area-transportation-authority-theride/,US,US-MI,Michigan
annapolis-transit,Annapolis Transit,Maryland,F,31.2,medium,6,2026-07-10,-1804,within_review_threshold,stale,491,8.0.1,https://github.com/mobilityequity/maryland-local-gtfs/raw/master/Annapolis_GTFS.zip,"Re-export the feed with a calendar that reaches further out, and set feed_info feed_end_date past your next service change.",https://gtfsscorecard.org/agency/annapolis-transit/,US,US-MD,Maryland
annapolis-transit-2285,Annapolis Transit,Maryland,A,93.6,medium,98,2026-07-10,82,within_review_threshold,current,2285,8.0.1,https://www.arcgis.com/sharing/rest/content/items/c307923d57ab4871aff79491b4a1bfd3/data,"Add fare_attributes.txt (or Fares v2 files) with your fare structure. If your service is fare-free, ask to have it marked fare-free instead.",https://gtfsscorecard.org/agency/annapolis-transit-2285/,US,US-MD,Maryland
antelope-valley-transit-authority-avta,Antelope Valley Transit Authority (AVTA),California,F,39.2,medium,13,2026-07-10,-1804,within_review_threshold,stale,214,8.0.1,https://www.avta.com/userfiles/files/google_transit.zip,"Re-export the feed with a calendar that reaches further out, and set feed_info feed_end_date past your next service change.",https://gtfsscorecard.org/agency/antelope-valley-transit-authority-avta/,US,US-CA,California
arcadia-transit,Arcadia Transit,California,F,44.7,small,21,2026-07-10,-1652,within_review_threshold,stale,215,8.0.1,https://data.trilliumtransit.com/gtfs/arcadia-ca-us/arcadia-ca-us.zip,"Re-export the feed with a calendar that reaches further out, and set feed_info feed_end_date past your next service change.",https://gtfsscorecard.org/agency/arcadia-transit/,US,US-CA,California
arcadia-transit-215,Arcadia Transit,,F,44.7,small,21,2026-07-10,-1652,within_review_threshold,stale,,8.0.1,http://data.trilliumtransit.com/gtfs/arcadia-ca-us/arcadia-ca-us.zip,"Re-export the feed with a calendar that reaches further out, and set feed_info feed_end_date past your next service change.",https://gtfsscorecard.org/agency/arcadia-transit-215/,US,,
arcadia-transit-2243,Arcadia Transit,California,F,59.3,small,49,2026-07-10,30,within_review_threshold,expiring_soon,2243,8.0.1,https://passio3.com/ArcadiaCity/passioTransit/gtfs/google_transit.zip,Set wheelchair_boarding to 1 (accessible) or 2 (not accessible) for every stop. A field survey can start with the busiest stops.,https://gtfsscorecard.org/agency/arcadia-transit-2243/,US,US-CA,California
areawide-community-transportation-system,Areawide Community Transportation System,Alabama,F,57.2,medium,47,2026-07-10,-283,within_review_threshold,lapsed,2211,8.0.1,https://www.earpdc.org/wp-content/uploads/static/ACTS_GTFS_Current.zip,"Re-export the feed with a calendar that reaches further out, and set feed_info feed_end_date past your next service change.",https://gtfsscorecard.org/agency/areawide-community-transportation-system/,US,US-AL,Alabama
arlington-transit,Arlington Transit,Virginia,C,71.1,medium,61,2026-07-10,325,within_review_threshold,current,485,8.0.1,https://www.arlingtontransit.com/shared/content/gtfs/art/google_transit.zip,Check the service alerts endpoint with your AVL vendor; it should return a fresh GTFS-Realtime protobuf on every request.,https://gtfsscorecard.org/agency/arlington-transit/,US,US-VA,Virginia
arlington-transit-2434,Flex,Virginia,C,72.6,small,63,2026-07-10,53,within_review_threshold,current,2434,8.0.1,https://data.trilliumtransit.com/gtfs/arlington-va-us/arlington-va-us--flex-v2.zip,Set wheelchair_boarding to 1 (accessible) or 2 (not accessible) for every stop. A field survey can start with the busiest stops.,https://gtfsscorecard.org/agency/arlington-transit-2434/,US,US-VA,Virginia
arvin-transit,Arvin Transit,California,F,42.3,small,16,2026-07-10,-1652,within_review_threshold,stale,216,8.0.1,https://data.trilliumtransit.com/gtfs/arvin-ca-us/arvin-ca-us.zip,"Re-export the feed with a calendar that reaches further out, and set feed_info feed_end_date past your next service change.",https://gtfsscorecard.org/agency/arvin-transit/,US,US-CA,California
arvin-transit-216,Arvin Transit,,F,42.3,small,16,2026-07-10,-1652,within_review_threshold,stale,,8.0.1,http://data.trilliumtransit.com/gtfs/arvin-ca-us/arvin-ca-us.zip,"Re-export the feed with a calendar that reaches further out, and set feed_info feed_end_date past your next service change.",https://gtfsscorecard.org/agency/arvin-transit-216/,US,,
asheville-rides-transit,Asheville Rides Transit,North Carolina,D,68.2,medium,58,2026-07-10,174,within_review_threshold,current,903,8.0.1,https://data.trilliumtransit.com/gtfs/asheville-nc-us/asheville-nc-us.zip,Check the trip updates endpoint with your AVL vendor; it should return a fresh GTFS-Realtime protobuf on every request.,https://gtfsscorecard.org/agency/asheville-rides-transit/,US,US-NC,North Carolina
asheville-rides-transit-903,Asheville Rides Transit,,D,68.2,medium,58,2026-07-10,174,within_review_threshold,current,,8.0.1,http://data.trilliumtransit.com/gtfs/asheville-nc-us/asheville-nc-us.zip,Check the trip updates endpoint with your AVL vendor; it should return a fresh GTFS-Realtime protobuf on every request.,https://gtfsscorecard.org/agency/asheville-rides-transit-903/,US,,
astoria-riverfront-trolley,Astoria Riverfront Trolley,Oregon,B,84.7,small,92,2026-07-10,114,within_review_threshold,current,1254,8.0.1,https://oregon-gtfs.trilliumtransit.com/gtfs_data/astoria-or-us/astoria-or-us.zip,Set wheelchair_boarding to 1 (accessible) or 2 (not accessible) for every stop. A field survey can start with the busiest stops.,https://gtfsscorecard.org/agency/astoria-riverfront-trolley/,US,US-OR,Oregon
athens-public-transit,Athens Public Transit,Ohio,F,50.3,medium,35,2026-07-10,-3113,within_review_threshold,stale,4,8.0.1,https://transitfeeds.com/p/athens-public-transit/298/latest/download,"Re-export the feed with a calendar that reaches further out, and set feed_info feed_end_date past your next service change.",https://gtfsscorecard.org/agency/athens-public-transit/,US,US-OH,Ohio
athens-public-transit-1973,Athens Public Transit,Ohio,F,43.3,medium,18,2026-07-10,-922,within_review_threshold,stale,1973,8.0.1,https://hosted-gtfs-feeds.s3.amazonaws.com/HAPCAP/gtfs.zip,"Re-export the feed with a calendar that reaches further out, and set feed_info feed_end_date past your next service change.",https://gtfsscorecard.org/agency/athens-public-transit-1973/,US,US-OH,Ohio
atlanta-streetcar,Atlanta Streetcar,Georgia,F,55.7,small,45,2026-07-10,-3113,within_review_threshold,stale,356,8.0.1,http://documents.atlantaregional.com/transitdata/gtfs_ASC.zip,"Re-export the feed with a calendar that reaches further out, and set feed_info feed_end_date past your next service change.",https://gtfsscorecard.org/agency/atlanta-streetcar/,US,US-GA,Georgia
atlantic-regional-commission,Atlantic Station Shuttle (FREE RIDE),Georgia,F,39.8,small,14,2026-07-10,-4574,within_review_threshold,stale,357,8.0.1,http://documents.atlantaregional.com/transitdata/gtfs_Atlantic.zip,"Re-export the feed with a calendar that reaches further out, and set feed_info feed_end_date past your next service change.",https://gtfsscorecard.org/agency/atlantic-regional-commission/,US,US-GA,Georgia
atomic-city-transit,Atomic City Transit,New Mexico,B,84.4,medium,92,2026-07-10,174,within_review_threshold,current,1240,8.0.1,https://gtfs.remix.com/act_los_alamos_nm_us.zip,Set wheelchair_boarding to 1 (accessible) or 2 (not accessible) for every stop. A field survey can start with the busiest stops.,https://gtfsscorecard.org/agency/atomic-city-transit/,US,US-NM,New Mexico
auburn-transit,Auburn Transit,California,F,17.5,small,1,2026-07-10,-1378,within_review_threshold,stale,217,8.0.1,https://data.trilliumtransit.com/gtfs/auburntransit-ca-us/auburntransit-ca-us.zip,"Re-export the feed with a calendar that reaches further out, and set feed_info feed_end_date past your next service change.",https://gtfsscorecard.org/agency/auburn-transit/,US,US-CA,California
auburn-transit-217,Auburn Transit,,F,17.5,small,1,2026-07-10,-1378,within_review_threshold,stale,,8.0.1,http://data.trilliumtransit.com/gtfs/auburntransit-ca-us/auburntransit-ca-us.zip,"Re-export the feed with a calendar that reaches further out, and set feed_info feed_end_date past your next service change.",https://gtfsscorecard.org/agency/auburn-transit-217/,US,,
auburn-transit-2275,Auburn Transit,California,D,63.2,small,53,2026-07-10,1635,within_review_threshold,current,2275,8.0.1,https://www.auburn.ca.gov/DocumentCenter/View/3431,Review the rule documentation for 'missing_required_field' at https://gtfs-validator.mobilitydata.org/rules.html and check the flagged rows in your feed.,https://gtfsscorecard.org/agency/auburn-transit-2275/,US,US-CA,California
avalon-transit,Avalon Transit,California,F,56.4,small,45,2026-07-10,-831,within_review_threshold,stale,12,8.0.1,https://data.trilliumtransit.com/gtfs/avalon-ca-us/avalon-ca-us.zip,"Re-export the feed with a calendar that reaches further out, and set feed_info feed_end_date past your next service change.",https://gtfsscorecard.org/agency/avalon-transit/,US,US-CA,California
avalon-transit-12,Avalon Transit,,F,56.4,small,45,2026-07-10,-831,within_review_threshold,stale,,8.0.1,http://data.trilliumtransit.com/gtfs/avalon-ca-us/avalon-ca-us.zip,"Re-export the feed with a calendar that reaches further out, and set feed_info feed_end_date past your next service change.",https://gtfsscorecard.org/agency/avalon-transit-12/,US,,
avon-transit,Avon Transit,Colorado,F,49.4,small,33,2026-07-10,-453,within_review_threshold,stale,218,8.0.1,https://data.trilliumtransit.com/gtfs/avon-co-us/avon-co-us.zip,"Re-export the feed with a calendar that reaches further out, and set feed_info feed_end_date past your next service change.",https://gtfsscorecard.org/agency/avon-transit/,US,US-CO,Colorado
avon-transit-2040,Flex v2 included,Colorado,C,76.4,small,72,2026-07-10,53,within_review_threshold,current,2040,8.0.1,https://data.trilliumtransit.com/gtfs/avon-co-us/avon-co-us--flex-v2.zip,Set wheelchair_boarding to 1 (accessible) or 2 (not accessible) for every stop. A field survey can start with the busiest stops.,https://gtfsscorecard.org/agency/avon-transit-2040/,US,US-CO,Colorado
avon-transit-218,Avon Transit,,F,49.4,small,33,2026-07-10,-453,within_review_threshold,stale,,8.0.1,http://data.trilliumtransit.com/gtfs/avon-co-us/avon-co-us.zip,"Re-export the feed with a calendar that reaches further out, and set feed_info feed_end_date past your next service change.",https://gtfsscorecard.org/agency/avon-transit-218/,US,,
avon-transit-2433,Avon Transit,Colorado,B,88.3,small,96,2026-07-10,138,within_review_threshold,current,2433,8.0.1,https://www.avon.org/DocumentCenter/View/25051/TownOfAvon_gtfs,Populate trip_headsign to match what the bus displays.,https://gtfsscorecard.org/agency/avon-transit-2433/,US,US-CO,Colorado
baca-area-transportation,Baca Area Transportation,Colorado,C,73.8,small,66,2026-07-10,144,within_review_threshold,current,1087,8.0.1,https://data.trilliumtransit.com/gtfs/bacacounty-co-us/bacacounty-co-us--flex-v2.zip,Set wheelchair_boarding to 1 (accessible) or 2 (not accessible) for every stop. A field survey can start with the busiest stops.,https://gtfsscorecard.org/agency/baca-area-transportation/,US,US-CO,Colorado
baldwin-park-transit,Baldwin Park Transit,California,F,39.1,medium,12,2026-07-10,-1652,within_review_threshold,stale,219,8.0.1,https://data.trilliumtransit.com/gtfs/baldwinpark-ca-us/baldwinpark-ca-us.zip,"Re-export the feed with a calendar that reaches further out, and set feed_info feed_end_date past your next service change.",https://gtfsscorecard.org/agency/baldwin-park-transit/,US,US-CA,California
baldwin-park-transit-219,Baldwin Park Transit,,F,39.1,medium,12,2026-07-10,-1652,within_review_threshold,stale,,8.0.1,http://data.trilliumtransit.com/gtfs/baldwinpark-ca-us/baldwinpark-ca-us.zip,"Re-export the feed with a calendar that reaches further out, and set feed_info feed_end_date past your next service change.",https://gtfsscorecard.org/agency/baldwin-park-transit-219/,US,,
barrie-transit,Barrie Transit (Ontario),,C,72.3,medium,63,2026-07-10,113,within_review_threshold,current,3,8.0.1,http://www.myridebarrie.ca/gtfs/Google_transit.zip,Set wheelchair_boarding to 1 (accessible) or 2 (not accessible) for every stop. A field survey can start with the busiest stops.,https://gtfsscorecard.org/agency/barrie-transit/,CA,CA-ON,Ontario
basin-transit-service-bts,Basin Transit Service (BTS),Oregon,C,75.0,medium,67,2026-07-10,52,within_review_threshold,current,125,8.0.1,https://oregon-gtfs.trilliumtransit.com/gtfs_data/basin-or-us/basin-or-us.zip,Set wheelchair_boarding to 1 (accessible) or 2 (not accessible) for every stop. A field survey can start with the busiest stops.,https://gtfsscorecard.org/agency/basin-transit-service-bts/,US,US-OR,Oregon
bay-area-rapid-transit-bart,Bay Area Rapid Transit (BART),California,D,60.1,medium,50,2026-07-10,28,within_review_threshold,expiring_soon,53,8.0.1,http://www.bart.gov/dev/schedules/google_transit.zip,Re-export with a validity window that reaches at least 60 days out.,https://gtfsscorecard.org/agency/bay-area-rapid-transit-bart/,US,US-CA,California
bay-area-transportation-authority,Bay Area Transportation Authority,Michigan,F,44.6,medium,20,2026-07-10,-1644,within_review_threshold,stale,223,8.0.1,https://rapid.nationalrtap.org/GTFSFileManagement/UserUploadFiles/5109/BATA_GTFS.zip,"Re-export the feed with a calendar that reaches further out, and set feed_info feed_end_date past your next service change.",https://gtfsscorecard.org/agency/bay-area-transportation-authority/,US,US-MI,Michigan
bay-area-transportation-authority-223,Bay Area Transportation Authority,,F,44.6,medium,20,2026-07-10,-1644,within_review_threshold,stale,,8.0.1,http://rapid.nationalrtap.org/GTFSFileManagement/UserUploadFiles/5109/BATA_GTFS.zip,"Re-export the feed with a calendar that reaches further out, and set feed_info feed_end_date past your next service change.",https://gtfsscorecard.org/agency/bay-area-transportation-authority-223/,US,,
bay-area-transportation-authority-2254,Bay Area Transportation Authority,Michigan,F,54.8,medium,43,2026-07-10,26837,unusually_distant,current,2254,8.0.1,https://batabustracker.com/gtfs,Set wheelchair_boarding to 1 (accessible) or 2 (not accessible) for every stop. A field survey can start with the busiest stops.,https://gtfsscorecard.org/agency/bay-area-transportation-authority-2254/,US,US-MI,Michigan
bay-state-cruise-company,Bay State Cruise Company,Massachusetts,B,80.2,small,81,2026-07-10,128,within_review_threshold,current,435,8.0.1,https://data.trilliumtransit.com/gtfs/baystatecruisecompany-ma-us/baystatecruisecompany-ma-us.zip,Set wheelchair_boarding to 1 (accessible) or 2 (not accessible) for every stop. A field survey can start with the busiest stops.,https://gtfsscorecard.org/agency/bay-state-cruise-company/,US,US-MA,Massachusetts
bay-town-trolley,Bay Town Trolley,Florida,F,53.3,medium,41,2026-07-10,-222,within_review_threshold,lapsed,337,8.0.1,https://data.trilliumtransit.com/gtfs/baytowntrolley-fl-us/baytowntrolley-fl-us.zip,"Re-export the feed with a calendar that reaches further out, and set feed_info feed_end_date past your next service change.",https://gtfsscorecard.org/agency/bay-town-trolley/,US,US-FL,Florida
bay-town-trolley-337,Bay Town Trolley,,F,53.3,medium,41,2026-07-10,-222,within_review_threshold,lapsed,,8.0.1,http://data.trilliumtransit.com/gtfs/baytowntrolley-fl-us/baytowntrolley-fl-us.zip,"Re-export the feed with a calendar that reaches further out, and set feed_info feed_end_date past your next service change.",https://gtfsscorecard.org/agency/bay-town-trolley-337/,US,,
bay-transit,Bay Transit,Virginia,B,80.5,medium,82,2026-07-10,114,within_review_threshold,current,224,8.0.1,https://data.trilliumtransit.com/gtfs/baytransit-va-us/baytransit-va-us.zip,Set wheelchair_boarding to 1 (accessible) or 2 (not accessible) for every stop. A field survey can start with the busiest stops.,https://gtfsscorecard.org/agency/bay-transit/,US,US-VA,Virginia
bay-transit-224,Bay Transit,,B,80.5,medium,82,2026-07-10,114,within_review_threshold,current,,8.0.1,http://data.trilliumtransit.com/gtfs/baytransit-va-us/baytransit-va-us.zip,Set wheelchair_boarding to 1 (accessible) or 2 (not accessible) for every stop. A field survey can start with the busiest stops.,https://gtfsscorecard.org/agency/bay-transit-224/,US,,
bay-transit-2439,Flex,Virginia,C,78.6,medium,76,2026-07-10,114,within_review_threshold,current,2439,8.0.1,https://data.trilliumtransit.com/gtfs/baytransit-va-us/baytransit-va-us--flex-v2.zip,Set wheelchair_boarding to 1 (accessible) or 2 (not accessible) for every stop. A field survey can start with the busiest stops.,https://gtfsscorecard.org/agency/bay-transit-2439/,US,US-VA,Virginia
beach-cities-transit,Beach Cities Transit,California,D,62.2,medium,52,2026-07-10,-1286,within_review_threshold,stale,803,8.0.1,https://www.redondo.org/civicax/filebank/blobdload.aspx?BlobID=33555,"Re-export the feed with a calendar that reaches further out, and set feed_info feed_end_date past your next service change.",https://gtfsscorecard.org/agency/beach-cities-transit/,US,US-CA,California
beach-cities-transit-1999,Beach Cities Transit,,D,68.1,medium,58,2026-07-10,26837,unusually_distant,current,,8.0.1,https://redondobeachbct.com/gtfs,Set wheelchair_boarding to 1 (accessible) or 2 (not accessible) for every stop. A field survey can start with the busiest stops.,https://gtfsscorecard.org/agency/beach-cities-transit-1999/,US,,
beaumont-transit,Beaumont Transit,California,B,84.0,medium,91,2026-07-10,175,within_review_threshold,current,106,8.0.1,https://data.trilliumtransit.com/gtfs/beaumont-ca-us/beaumont-ca-us.zip,Set wheelchair_boarding to 1 (accessible) or 2 (not accessible) for every stop. A field survey can start with the busiest stops.,https://gtfsscorecard.org/agency/beaumont-transit/,US,US-CA,California
beaumont-transit-106,Beaumont Transit,,B,84.0,medium,91,2026-07-10,175,within_review_threshold,current,,8.0.1,http://data.trilliumtransit.com/gtfs/beaumont-ca-us/beaumont-ca-us.zip,Set wheelchair_boarding to 1 (accessible) or 2 (not accessible) for every stop. A field survey can start with the busiest stops.,https://gtfsscorecard.org/agency/beaumont-transit-106/,US,,
beaver-county-transit-authority,Beaver County Transit Authority,Pennsylvania,F,45.0,medium,21,2026-07-10,-1652,within_review_threshold,stale,1312,8.0.1,https://transitfeeds.com/p/beaver-county-transit-authority/1154/latest/download,"Re-export the feed with a calendar that reaches further out, and set feed_info feed_end_date past your next service change.",https://gtfsscorecard.org/agency/beaver-county-transit-authority/,US,US-PA,Pennsylvania
beaver-county-transit-authority-2262,Beaver County Transit Authority,Pennsylvania,C,77.0,medium,73,2026-07-10,174,within_review_threshold,current,2262,8.0.1,https://bcta.rideralerts.com/InfoPoint/gtfs-zip.ashx,Set wheelchair_boarding to 1 (accessible) or 2 (not accessible) for every stop. A field survey can start with the busiest stops.,https://gtfsscorecard.org/agency/beaver-county-transit-authority-2262/,US,US-PA,Pennsylvania
bell-gardens-trolley,Bell Gardens Trolley,California,F,49.6,small,33,2026-07-10,-556,within_review_threshold,stale,228,8.0.1,https://raw.githubusercontent.com/LACMTA/los-angeles-regional-gtfs/main/bellgardens-ca-us/bellgardens-ca-us.zip,"Re-export the feed with a calendar that reaches further out, and set feed_info feed_end_date past your next service change.",https://gtfsscorecard.org/agency/bell-gardens-trolley/,US,US-CA,California
bellflower-bus,Bellflower Bus,California,F,46.7,small,26,2026-07-10,-556,within_review_threshold,stale,227,8.0.1,https://raw.githubusercontent.com/LACMTA/los-angeles-regional-gtfs/main/bellflower-ca-us/bellflower-ca-us.zip,"Re-export the feed with a calendar that reaches further out, and set feed_info feed_end_date past your next service change.",https://gtfsscorecard.org/agency/bellflower-bus/,US,US-CA,California
bellflower-bus-3095,Bellflower Bus,,C,79.0,small,77,2026-07-10,52,within_review_threshold,current,,8.0.1,https://gtfs.remix.com/CalITP.zip,Set wheelchair_boarding to 1 (accessible) or 2 (not accessible) for every stop. A field survey can start with the busiest stops.,https://gtfsscorecard.org/agency/bellflower-bus-3095/,US,,
beloit-transit,Beloit Transit,Wisconsin,F,37.8,small,11,2026-06-27,,unknown,unknown,392,8.0.1,https://data.trilliumtransit.com/gtfs/beloittransit-wi-us/beloittransit-wi-us.zip,Add feed_start_date and feed_end_date to feed_info.txt and include calendar end dates in your export.,https://gtfsscorecard.org/agency/beloit-transit/,US,US-WI,Wisconsin
beloit-transit-392,Beloit Transit,,F,37.8,small,11,2026-06-30,,unknown,unknown,,8.0.1,http://data.trilliumtransit.com/gtfs/beloittransit-wi-us/beloittransit-wi-us.zip,Add feed_start_date and feed_end_date to feed_info.txt and include calendar end dates in your export.,https://gtfsscorecard.org/agency/beloit-transit-392/,US,,
ben-franklin-transit,Ben Franklin Transit,Washington,F,55.9,medium,45,2026-07-10,-831,within_review_threshold,stale,273,8.0.1,https://www.bft.org/gtfs/google_transit.zip,"Re-export the feed with a calendar that reaches further out, and set feed_info feed_end_date past your next service change.",https://gtfsscorecard.org/agency/ben-franklin-transit/,US,US-WA,Washington
ben-franklin-transit-2024,Ben Franklin Transit,Washington,B,84.8,medium,92,2026-07-10,155,within_review_threshold,current,2024,8.0.1,http://realtime.bft.org/Static/google_transit.zip,Set wheelchair_boarding to 1 (accessible) or 2 (not accessible) for every stop. A field survey can start with the busiest stops.,https://gtfsscorecard.org/agency/ben-franklin-transit-2024/,US,US-WA,Washington
ben-franklin-transit-2122,Ben Franklin Transit,Washington,B,87.9,medium,96,2026-07-10,155,within_review_threshold,current,2122,8.0.1,https://myride.bft.org/Static/google_transit.zip,Set wheelchair_boarding to 1 (accessible) or 2 (not accessible) for every stop. A field survey can start with the busiest stops.,https://gtfsscorecard.org/agency/ben-franklin-transit-2122/,US,US-WA,Washington
benson-area-transit,Benson Area Transit,Arizona,F,51.7,small,38,2026-07-10,-191,within_review_threshold,lapsed,229,8.0.1,https://data.trilliumtransit.com/gtfs/benson-az-us/benson-az-us.zip,"Re-export the feed with a calendar that reaches further out, and set feed_info feed_end_date past your next service change.",https://gtfsscorecard.org/agency/benson-area-transit/,US,US-AZ,Arizona
benson-area-transit-229,Benson Area Transit,,F,51.7,small,38,2026-07-10,-191,within_review_threshold,lapsed,,8.0.1,http://data.trilliumtransit.com/gtfs/benson-az-us/benson-az-us.zip,"Re-export the feed with a calendar that reaches further out, and set feed_info feed_end_date past your next service change.",https://gtfsscorecard.org/agency/benson-area-transit-229/,US,,
bent-county-transit,Bent County Transit,Colorado,F,46.2,small,24,2026-07-10,-1302,within_review_threshold,stale,230,8.0.1,https://data.trilliumtransit.com/gtfs/bentcounty-co-us/bentcounty-co-us.zip,"Re-export the feed with a calendar that reaches further out, and set feed_info feed_end_date past your next service change.",https://gtfsscorecard.org/agency/bent-county-transit/,US,US-CO,Colorado
bent-county-transit-230,Bent County Transit,,F,46.2,small,24,2026-07-10,-1302,within_review_threshold,stale,,8.0.1,http://data.trilliumtransit.com/gtfs/bentcounty-co-us/bentcounty-co-us.zip,"Re-export the feed with a calendar that reaches further out, and set feed_info feed_end_date past your next service change.",https://gtfsscorecard.org/agency/bent-county-transit-230/,US,,
bent-county-transportation,Flex,Colorado,C,79.1,small,78,2026-07-10,144,within_review_threshold,current,2157,8.0.1,https://data.trilliumtransit.com/gtfs/bentcounty-co-us/bentcounty-co-us--flex-v2.zip,Set wheelchair_boarding to 1 (accessible) or 2 (not accessible) for every stop. A field survey can start with the busiest stops.,https://gtfsscorecard.org/agency/bent-county-transportation/,US,US-CO,Colorado
benton-area-transportation,Benton Area Transportation,Oregon,D,70.0,small,60,2026-07-10,83,within_review_threshold,current,126,8.0.1,https://oregon-gtfs.trilliumtransit.com/gtfs_data/benton-or-us/benton-or-us.zip,Check the trip updates endpoint with your AVL vendor; it should return a fresh GTFS-Realtime protobuf on every request.,https://gtfsscorecard.org/agency/benton-area-transportation/,US,US-OR,Oregon
benton-area-transportation-3109,Benton Area Transportation - Flex V2,Oregon,B,80.7,small,82,2026-07-10,83,within_review_threshold,current,3109,8.0.1,https://oregon-gtfs.trilliumtransit.com/gtfs_data/benton-or-us/benton-or-us--flex-v2.zip,Set wheelchair_boarding to 1 (accessible) or 2 (not accessible) for every stop. A field survey can start with the busiest stops.,https://gtfsscorecard.org/agency/benton-area-transportation-3109/,US,US-OR,Oregon
berks-area-regional-transportation-authority-barta,Berks Area Regional Transportation Authority (BARTA),Pennsylvania,F,45.4,medium,22,2026-07-10,-1287,within_review_threshold,stale,221,8.0.1,https://github.com/transitland/gtfs-archives-not-hosted-elsewhere/raw/master/barta.zip,"Re-export the feed with a calendar that reaches further out, and set feed_info feed_end_date past your next service change.",https://gtfsscorecard.org/agency/berks-area-regional-transportation-authority-barta/,US,US-PA,Pennsylvania
berks-area-regional-transportation-authority-barta-2064,Berks Area Regional Transportation Authority (BARTA),Pennsylvania,D,61.7,medium,51,2026-07-10,177,within_review_threshold,current,2064,8.0.1,https://busfinder.bartabus.com/InfoPoint/gtfs-zip.ashx,Set wheelchair_boarding to 1 (accessible) or 2 (not accessible) for every stop. A field survey can start with the busiest stops.,https://gtfsscorecard.org/agency/berks-area-regional-transportation-authority-barta-2064/,US,US-PA,Pennsylvania
berkshire-regional-transit-authority-brta,Berkshire Regional Transit Authority (BRTA),Massachusetts,B,84.6,medium,92,2026-07-10,53,within_review_threshold,current,537,8.0.1,https://data.trilliumtransit.com/gtfs/berkshire-ma-us/berkshire-ma-us.zip,Set wheelchair_boarding to 1 (accessible) or 2 (not accessible) for every stop. A field survey can start with the busiest stops.,https://gtfsscorecard.org/agency/berkshire-regional-transit-authority-brta/,US,US-MA,Massachusetts
berkshire-regional-transit-authority-brta-537,Berkshire Regional Transit Authority (BRTA),,B,84.6,medium,92,2026-07-10,53,within_review_threshold,current,,8.0.1,http://data.trilliumtransit.com/gtfs/berkshire-ma-us/berkshire-ma-us.zip,Set wheelchair_boarding to 1 (accessible) or 2 (not accessible) for every stop. A field survey can start with the busiest stops.,https://gtfsscorecard.org/agency/berkshire-regional-transit-authority-brta-537/,US,,
bethesda-circulator,Bethesda Circulator,Maryland,F,49.9,small,34,2026-07-10,-647,within_review_threshold,stale,231,8.0.1,https://github.com/transitland/gtfs-archives-not-hosted-elsewhere/raw/master/bethesdacirculator-md-us.zip,"Re-export the feed with a calendar that reaches further out, and set feed_info feed_end_date past your next service change.",https://gtfsscorecard.org/agency/bethesda-circulator/,US,US-MD,Maryland
bettendorf-transit,Bettendorf Transit,Iowa,B,84.9,medium,93,2026-07-10,83,within_review_threshold,current,1826,8.0.1,https://data.trilliumtransit.com/gtfs/bettendorf-ia-us/bettendorf-ia-us.zip,Set wheelchair_boarding to 1 (accessible) or 2 (not accessible) for every stop. A field survey can start with the busiest stops.,https://gtfsscorecard.org/agency/bettendorf-transit/,US,US-IA,Iowa
biddeford-saco-old-orchard-beach-transit,Biddeford Saco Old Orchard Beach Transit,Maine,C,78.9,medium,77,2026-07-10,174,within_review_threshold,current,2300,8.0.1,https://data.trilliumtransit.com/gtfs/bsoob-me-us/bsoob-me-us.zip,Set wheelchair_boarding to 1 (accessible) or 2 (not accessible) for every stop. A field survey can start with the busiest stops.,https://gtfsscorecard.org/agency/biddeford-saco-old-orchard-beach-transit/,US,US-ME,Maine
big-blue-bus,Big Blue Bus,California,F,43.8,medium,19,2026-07-10,29,within_review_threshold,expiring_soon,37,8.0.1,http://gtfs.bigbluebus.com/current.zip,Re-export with a validity window that reaches at least 60 days out.,https://gtfsscorecard.org/agency/big-blue-bus/,US,US-CA,California
birmingham-jefferson-county-transit-authority,Birmingham Jefferson County Transit Authority,Alabama,F,19.1,large,1,2026-07-10,-1314,within_review_threshold,stale,339,8.0.1,https://maxtransit.org/wp-content/uploads/2020/12/BJCTA-Working-GTFS-File.zip,"Re-export the feed with a calendar that reaches further out, and set feed_info feed_end_date past your next service change.",https://gtfsscorecard.org/agency/birmingham-jefferson-county-transit-authority/,US,US-AL,Alabama
birmingham-jefferson-county-transit-authority-max,Birmingham Jefferson County Transit Authority (MAX),Alabama,F,46.0,large,24,2026-07-10,-2748,within_review_threshold,stale,1248,8.0.1,https://transitfeeds.com/p/birmingham-jefferson-county-transit-authority/683/latest/download,"Re-export the feed with a calendar that reaches further out, and set feed_info feed_end_date past your next service change.",https://gtfsscorecard.org/agency/birmingham-jefferson-county-transit-authority-max/,US,US-AL,Alabama
birmingham-jefferson-county-transit-authority-max-2263,Birmingham Jefferson County Transit Authority (MAX),Alabama,F,34.8,large,8,2026-07-10,-405,within_review_threshold,stale,2263,8.0.1,https://maxtransit.org/wp-content/uploads/2024/09/google_transit_Working.zip,"Re-export the feed with a calendar that reaches further out, and set feed_info feed_end_date past your next service change.",https://gtfsscorecard.org/agency/birmingham-jefferson-county-transit-authority-max-2263/,US,US-AL,Alabama
birnie-bus,Birnie Bus,New York,F,58.8,medium,49,2026-07-10,217,within_review_threshold,current,233,8.0.1,https://s3.amazonaws.com/datatools-511ny/public/Birnie_Bus.zip,Set wheelchair_boarding to 1 (accessible) or 2 (not accessible) for every stop. A field survey can start with the busiest stops.,https://gtfsscorecard.org/agency/birnie-bus/,US,US-NY,New York
bisbee-bus,Bisbee Bus,Arizona,A,99.4,small,100,2026-07-10,549,within_review_threshold,current,2857,8.0.1,https://rapid.nationalrtap.org/GTFSFileManagement/UserUploadFiles/11816/Bisbee_AZ_GTFS.zip,Set wheelchair_boarding to 1 (accessible) or 2 (not accessible) for every stop. A field survey can start with the busiest stops.,https://gtfsscorecard.org/agency/bisbee-bus/,US,US-AZ,Arizona
black-ball-ferry-line,Black Ball Ferry Line,Washington,A,98.2,small,100,2026-07-10,177,within_review_threshold,current,286,8.0.1,https://mjcaction.com/MJC_GTFS_Public/blackball_google_transit.zip,Remove past service periods the next time you export the feed.,https://gtfsscorecard.org/agency/black-ball-ferry-line/,US,US-WA,Washington
black-ball-ferry-line-286,Black Ball Ferry Line,,A,98.2,small,100,2026-07-10,177,within_review_threshold,current,,8.0.1,http://mjcaction.com/MJC_GTFS_Public/blackball_google_transit.zip,Remove past service periods the next time you export the feed.,https://gtfsscorecard.org/agency/black-ball-ferry-line-286/,US,,
blackhawk-and-central-city-tramway,Blackhawk and Central City Tramway,Colorado,B,81.9,small,86,2026-07-10,174,within_review_threshold,current,234,8.0.1,https://data.trilliumtransit.com/gtfs/blackhawktramway-co-us/blackhawktramway-co-us.zip,Set wheelchair_boarding to 1 (accessible) or 2 (not accessible) for every stop. A field survey can start with the busiest stops.,https://gtfsscorecard.org/agency/blackhawk-and-central-city-tramway/,US,US-CO,Colorado
blackhawk-and-central-city-tramway-2041,Flex v2 included,Colorado,B,81.9,small,86,2026-07-10,174,within_review_threshold,current,2041,8.0.1,https://data.trilliumtransit.com/gtfs/blackhawktramway-co-us/blackhawktramway-co-us--flex-v2.zip,Set wheelchair_boarding to 1 (accessible) or 2 (not accessible) for every stop. A field survey can start with the busiest stops.,https://gtfsscorecard.org/agency/blackhawk-and-central-city-tramway-2041/,US,US-CO,Colorado
blackhawk-and-central-city-tramway-234,Blackhawk and Central City Tramway,,B,81.9,small,86,2026-07-10,174,within_review_threshold,current,,8.0.1,http://data.trilliumtransit.com/gtfs/blackhawktramway-co-us/blackhawktramway-co-us.zip,Set wheelchair_boarding to 1 (accessible) or 2 (not accessible) for every stop. A field survey can start with the busiest stops.,https://gtfsscorecard.org/agency/blackhawk-and-central-city-tramway-234/,US,,
blacksburg-transit,Blacksburg Transit,Virginia,F,57.0,medium,47,2026-07-10,21,within_review_threshold,expiring_soon,1189,8.0.1,http://www.bt4uclassic.org/gtfs/google_transit.zip,Re-export with a validity window that reaches at least 60 days out.,https://gtfsscorecard.org/agency/blacksburg-transit/,US,US-VA,Virginia
blackstone-area-bus-service,Blackstone Area Bus Service,Virginia,C,74.8,medium,67,2026-07-10,234,within_review_threshold,current,235,8.0.1,https://data.trilliumtransit.com/gtfs/blackstone-va-us/blackstone-va-us.zip,Set wheelchair_boarding to 1 (accessible) or 2 (not accessible) for every stop. A field survey can start with the busiest stops.,https://gtfsscorecard.org/agency/blackstone-area-bus-service/,US,US-VA,Virginia
blackstone-area-bus-service-235,Blackstone Area Bus Service,,C,74.8,medium,67,2026-07-10,234,within_review_threshold,current,,8.0.1,http://data.trilliumtransit.com/gtfs/blackstone-va-us/blackstone-va-us.zip,Set wheelchair_boarding to 1 (accessible) or 2 (not accessible) for every stop. A field survey can start with the busiest stops.,https://gtfsscorecard.org/agency/blackstone-area-bus-service-235/,US,,
block-island-ferry,Block Island Ferry,Rhode Island,C,77.0,small,73,2026-07-10,94,within_review_threshold,current,554,8.0.1,https://data.trilliumtransit.com/gtfs/blockislandferry-ri-us/blockislandferry-ri-us.zip,Set wheelchair_boarding to 1 (accessible) or 2 (not accessible) for every stop. A field survey can start with the busiest stops.,https://gtfsscorecard.org/agency/block-island-ferry/,US,US-RI,Rhode Island
block-island-ferry-554,Block Island Ferry,,C,77.0,small,73,2026-07-10,94,within_review_threshold,current,,8.0.1,http://data.trilliumtransit.com/gtfs/blockislandferry-ri-us/blockislandferry-ri-us.zip,Set wheelchair_boarding to 1 (accessible) or 2 (not accessible) for every stop. A field survey can start with the busiest stops.,https://gtfsscorecard.org/agency/block-island-ferry-554/,US,,
bloom-bus,Bloom Bus,Massachusetts,F,44.5,small,20,2026-07-10,-1316,within_review_threshold,stale,2192,8.0.1,https://data.trilliumtransit.com/gtfs/bloombus-ma-us/bloombus-ma-us.zip,"Re-export the feed with a calendar that reaches further out, and set feed_info feed_end_date past your next service change.",https://gtfsscorecard.org/agency/bloom-bus/,US,US-MA,Massachusetts
bloom-tours,Bloom Tours,Massachusetts,F,46.4,small,25,2026-07-10,-3842,within_review_threshold,stale,592,8.0.1,https://www.mass.gov/doc/bloom-tours-zip-file-6242015/download,"Re-export the feed with a calendar that reaches further out, and set feed_info feed_end_date past your next service change.",https://gtfsscorecard.org/agency/bloom-tours/,US,US-MA,Massachusetts
bloomington-transit,Bloomington Transit,Indiana,F,32.1,medium,7,2026-07-10,-1420,within_review_threshold,stale,363,8.0.1,https://data.bloomington.in.gov/dataset/5aca3228-b81b-4572-a45c-b05a30053949/resource/16145a82-0959-4922-93ae-14dcee02950c/download/googletransitfeed.zip,"Re-export the feed with a calendar that reaches further out, and set feed_info feed_end_date past your next service change.",https://gtfsscorecard.org/agency/bloomington-transit/,US,US-IN,Indiana
bloomington-transit-2066,Bloomington Transit,Indiana,C,75.3,medium,68,2026-07-10,347,within_review_threshold,current,2066,8.0.1,https://s3.amazonaws.com/etatransit.gtfs/bloomingtontransit.etaspot.net/gtfs.zip,Set wheelchair_boarding to 1 (accessible) or 2 (not accessible) for every stop. A field survey can start with the busiest stops.,https://gtfsscorecard.org/agency/bloomington-transit-2066/,US,US-IN,Indiana
blossom-express,Blossom Express,California,B,81.9,small,86,2026-07-10,207,within_review_threshold,current,236,8.0.1,https://data.trilliumtransit.com/gtfs/blossomexpress-ca-us/blossomexpress-ca-us.zip,Set wheelchair_boarding to 1 (accessible) or 2 (not accessible) for every stop. A field survey can start with the busiest stops.,https://gtfsscorecard.org/agency/blossom-express/,US,US-CA,California
blossom-express-236,Blossom Express,,B,81.9,small,86,2026-07-10,207,within_review_threshold,current,,8.0.1,http://data.trilliumtransit.com/gtfs/blossomexpress-ca-us/blossomexpress-ca-us.zip,Set wheelchair_boarding to 1 (accessible) or 2 (not accessible) for every stop. A field survey can start with the busiest stops.,https://gtfsscorecard.org/agency/blossom-express-236/,US,,
blue-apple-bus-company,Blue Apple Bus Company,Massachusetts,C,77.9,small,75,2026-07-10,174,within_review_threshold,current,2299,8.0.1,https://data.trilliumtransit.com/gtfs/blueapplebus-ma-us/blueapplebus-ma-us.zip,Set wheelchair_boarding to 1 (accessible) or 2 (not accessible) for every stop. A field survey can start with the busiest stops.,https://gtfsscorecard.org/agency/blue-apple-bus-company/,US,US-MA,Massachusetts
blue-gold-fleet,Blue & Gold Fleet,California,F,53.9,small,42,2026-07-10,-824,within_review_threshold,stale,1178,8.0.1,https://transitfeeds.com/p/blue-gold-fleet/824/latest/download,"Re-export the feed with a calendar that reaches further out, and set feed_info feed_end_date past your next service change.",https://gtfsscorecard.org/agency/blue-gold-fleet/,US,US-CA,California
blue-grass-community-action-partnership,Bluegrass Ultra-Transit Service,Kentucky,D,63.1,medium,53,2026-07-10,21,within_review_threshold,expiring_soon,362,8.0.1,https://data.trilliumtransit.com/gtfs/bgcap-ky-us/bgcap-ky-us.zip,Re-export with a validity window that reaches at least 60 days out.,https://gtfsscorecard.org/agency/blue-grass-community-action-partnership/,US,US-KY,Kentucky
blue-grass-community-action-partnership-362,Bluegrass Ultra-Transit Service,,D,63.1,medium,53,2026-07-10,21,within_review_threshold,expiring_soon,,8.0.1,http://data.trilliumtransit.com/gtfs/bgcap-ky-us/bgcap-ky-us.zip,Re-export with a validity window that reaches at least 60 days out.,https://gtfsscorecard.org/agency/blue-grass-community-action-partnership-362/,US,,
blue-sky-limo-llc,Blue Sky Limo LLC,Colorado,F,54.6,small,43,2026-07-10,-191,within_review_threshold,lapsed,2616,8.0.1,https://blueskylimovail.com/blueskylimo_gtfs.zip,"Re-export the feed with a calendar that reaches further out, and set feed_info feed_end_date past your next service change.",https://gtfsscorecard.org/agency/blue-sky-limo-llc/,US,US-CO,Colorado
blue-star-bus,Blue Star Bus,Oregon,F,47.5,small,28,2026-07-10,-2747,within_review_threshold,stale,256,8.0.1,https://oregon-gtfs.com/gtfs_data/bluestar-or-us/bluestar-or-us.zip,"Re-export the feed with a calendar that reaches further out, and set feed_info feed_end_date past your next service change.",https://gtfsscorecard.org/agency/blue-star-bus/,US,US-OR,Oregon
blue-star-bus-256,Blue Star Bus,,F,47.5,small,28,2026-07-10,-2747,within_review_threshold,stale,,8.0.1,http://oregon-gtfs.com/gtfs_data/bluestar-or-us/bluestar-or-us.zip,"Re-export the feed with a calendar that reaches further out, and set feed_info feed_end_date past your next service change.",https://gtfsscorecard.org/agency/blue-star-bus-256/,US,,
boston-express,Boston Express,,C,73.4,small,64,2026-07-10,905,within_review_threshold,current,3033,8.0.1,https://rapid.nationalrtap.org/GTFSFileManagement/UserUploadFiles/11782/GTFS.zip,Set wheelchair_boarding to 1 (accessible) or 2 (not accessible) for every stop. A field survey can start with the busiest stops.,https://gtfsscorecard.org/agency/boston-express/,US,,
boston-harbor-islands-ferries,Boston Harbor Islands Ferries,Massachusetts,F,38.7,small,12,2026-07-10,-2832,within_review_threshold,stale,446,8.0.1,http://nationalparkservice.github.io/nps-gtfs/boha/ferries/gtfs.zip,"Re-export the feed with a calendar that reaches further out, and set feed_info feed_end_date past your next service change.",https://gtfsscorecard.org/agency/boston-harbor-islands-ferries/,US,US-MA,Massachusetts
boston-harbor-islands-ferries-2073,Boston Harbor Islands Ferries,Massachusetts,A,95.3,small,99,2026-07-10,95,within_review_threshold,current,2073,8.0.1,https://www.nps.gov/external-resources/gtfs/boha/thompson-island-ferry.zip,"Set wheelchair_accessible on every trip (most small-agency fleets are 100% accessible, so this is often a single default).",https://gtfsscorecard.org/agency/boston-harbor-islands-ferries-2073/,US,US-MA,Massachusetts
boston-harbor-islands-ferry,Boston Harbor Islands Ferry,New York,A,98.2,small,100,2026-07-10,94,within_review_threshold,current,2679,8.0.1,https://www.nps.gov/external-resources/gtfs/boha/boston-harbor-islands-ferry.zip,Remove past service periods the next time you export the feed.,https://gtfsscorecard.org/agency/boston-harbor-islands-ferry/,US,US-NY,New York
boulder-county,Boulder County,Colorado,F,48.1,small,30,2026-07-10,-1470,within_review_threshold,stale,880,8.0.1,https://data.trilliumtransit.com/gtfs/bouldercounty-co-us/bouldercounty-co-us.zip,"Re-export the feed with a calendar that reaches further out, and set feed_info feed_end_date past your next service change.",https://gtfsscorecard.org/agency/boulder-county/,US,US-CO,Colorado
boulder-county-880,Boulder County,,F,48.1,small,30,2026-07-10,-1470,within_review_threshold,stale,,8.0.1,http://data.trilliumtransit.com/gtfs/bouldercounty-co-us/bouldercounty-co-us.zip,"Re-export the feed with a calendar that reaches further out, and set feed_info feed_end_date past your next service change.",https://gtfsscorecard.org/agency/boulder-county-880/,US,,
boxcar,Boxcar Commuter Bus,New Jersey,B,82.4,small,87,2026-07-10,365,within_review_threshold,current,3105,8.0.1,https://boxcar-gtfs.vercel.app/api/gtfs,Set wheelchair_boarding to 1 (accessible) or 2 (not accessible) for every stop. A field survey can start with the busiest stops.,https://gtfsscorecard.org/agency/boxcar/,US,US-NJ,New Jersey
breckenridge-free-ride,Breckenridge Free Ride,Colorado,F,46.7,medium,26,2026-07-10,-89,within_review_threshold,lapsed,237,8.0.1,https://data.trilliumtransit.com/gtfs/breckenridgefreeride-co-us/breckenridgefreeride-co-us.zip,"Re-export the feed with a calendar that reaches further out, and set feed_info feed_end_date past your next service change.",https://gtfsscorecard.org/agency/breckenridge-free-ride/,US,US-CO,Colorado
breckenridge-free-ride-237,Breckenridge Free Ride,,F,46.7,medium,26,2026-07-10,-89,within_review_threshold,lapsed,,8.0.1,http://data.trilliumtransit.com/gtfs/breckenridgefreeride-co-us/breckenridgefreeride-co-us.zip,"Re-export the feed with a calendar that reaches further out, and set feed_info feed_end_date past your next service change.",https://gtfsscorecard.org/agency/breckenridge-free-ride-237/,US,,
breeze-transit,Breeze Transit,Florida,F,31.7,large,6,2026-07-10,-441,within_review_threshold,stale,2260,8.0.1,https://breezerider.tripsparkhost.com/gtfs/2024Winter%20R02/google_transit.zip,"Re-export the feed with a calendar that reaches further out, and set feed_info feed_end_date past your next service change.",https://gtfsscorecard.org/agency/breeze-transit/,US,US-FL,Florida
brightline-trains-llc,Brightline Trains LLC,Florida,C,79.6,small,79,2026-07-10,294,within_review_threshold,current,1126,8.0.1,http://feed.gobrightline.com/bl_gtfs.zip,Review the rule documentation for 'invalid_phone_number' at https://gtfs-validator.mobilitydata.org/rules.html and check the flagged rows in your feed.,https://gtfsscorecard.org/agency/brightline-trains-llc/,US,US-FL,Florida
bristol-virginia-transit,Bristol Virginia Transit,Virginia,B,84.0,small,91,2026-07-10,206,within_review_threshold,current,238,8.0.1,https://data.trilliumtransit.com/gtfs/bristol-va-us/bristol-va-us.zip,Set wheelchair_boarding to 1 (accessible) or 2 (not accessible) for every stop. A field survey can start with the busiest stops.,https://gtfsscorecard.org/agency/bristol-virginia-transit/,US,US-VA,Virginia
bristol-virginia-transit-238,Bristol Virginia Transit,,B,84.0,small,91,2026-07-10,206,within_review_threshold,current,,8.0.1,http://data.trilliumtransit.com/gtfs/bristol-va-us/bristol-va-us.zip,Set wheelchair_boarding to 1 (accessible) or 2 (not accessible) for every stop. A field survey can start with the busiest stops.,https://gtfsscorecard.org/agency/bristol-virginia-transit-238/,US,,
brite,Brite,Virginia,F,35.2,medium,9,2026-07-10,-190,within_review_threshold,lapsed,1287,8.0.1,http://britebus.org/gtfs/brite.zip,"Re-export the feed with a calendar that reaches further out, and set feed_info feed_end_date past your next service change.",https://gtfsscorecard.org/agency/brite/,US,US-VA,Virginia
brockton-area-transit-authority-bat,Brockton Area Transit Authority (BAT),Massachusetts,C,76.9,medium,73,2026-07-10,53,within_review_threshold,current,422,8.0.1,https://data.trilliumtransit.com/gtfs/brockton-ma-us/brockton-ma-us.zip,Set wheelchair_boarding to 1 (accessible) or 2 (not accessible) for every stop. A field survey can start with the busiest stops.,https://gtfsscorecard.org/agency/brockton-area-transit-authority-bat/,US,US-MA,Massachusetts
brockton-area-transit-authority-bat-422,Brockton Area Transit Authority (BAT),,C,76.9,medium,73,2026-07-10,53,within_review_threshold,current,,8.0.1,http://data.trilliumtransit.com/gtfs/brockton-ma-us/brockton-ma-us.zip,Set wheelchair_boarding to 1 (accessible) or 2 (not accessible) for every stop. A field survey can start with the busiest stops.,https://gtfsscorecard.org/agency/brockton-area-transit-authority-bat-422/,US,,
broome-county-transit-b-c-transit,Broome County Transit (B.C. Transit),New York,F,38.3,medium,11,2026-07-10,-1287,within_review_threshold,stale,239,8.0.1,https://www.gobroomecounty.com/sites/default/files/dept/transit/BCT_GTFS_012222.zip,"Re-export the feed with a calendar that reaches further out, and set feed_info feed_end_date past your next service change.",https://gtfsscorecard.org/agency/broome-county-transit-b-c-transit/,US,US-NY,New York
broome-county-transit-b-c-transit-2079,Broome County Transit (B.C. Transit),New York,B,84.3,medium,92,2026-07-10,174,within_review_threshold,current,2079,8.0.1,https://www.gobroomecounty.com/sites/default/files/dept/transit/BCT_GTFS.zip,Set wheelchair_boarding to 1 (accessible) or 2 (not accessible) for every stop. A field survey can start with the busiest stops.,https://gtfsscorecard.org/agency/broome-county-transit-b-c-transit-2079/,US,US-NY,New York
broward-county-transit,Broward County Transit,Florida,A,90.4,large,97,2026-07-10,78,within_review_threshold,current,330,8.0.1,https://www.broward.org/bct/documents/google_transit.zip,"Set wheelchair_accessible on every trip (most small-agency fleets are 100% accessible, so this is often a single default).",https://gtfsscorecard.org/agency/broward-county-transit/,US,US-FL,Florida
brown-county-heartland-express,Flex v2 included,Minnesota,D,62.6,small,53,2026-07-10,22,within_review_threshold,expiring_soon,2037,8.0.1,https://data.trilliumtransit.com/gtfs/browncounty-mn-us/browncounty-mn-us--flex-v2.zip,Re-export with a validity window that reaches at least 60 days out.,https://gtfsscorecard.org/agency/brown-county-heartland-express/,US,US-MN,Minnesota
brown-county-heartland-express-2296,Fixed route + flex,Minnesota,B,80.2,small,81,2026-07-10,206,within_review_threshold,current,2296,8.0.1,https://data.trilliumtransit.com/gtfs/browncounty-mn-us/browncounty-mn-us.zip,Set wheelchair_boarding to 1 (accessible) or 2 (not accessible) for every stop. A field survey can start with the busiest stops.,https://gtfsscorecard.org/agency/brown-county-heartland-express-2296/,US,US-MN,Minnesota
buc-shuttle,Buc Shuttle,Georgia,F,39.8,small,14,2026-07-10,-4574,within_review_threshold,stale,371,8.0.1,http://documents.atlantaregional.com/transitdata/gtfs_Buc.zip,"Re-export the feed with a calendar that reaches further out, and set feed_info feed_end_date past your next service change.",https://gtfsscorecard.org/agency/buc-shuttle/,US,US-GA,Georgia
buena-vista-ferry,Buena Vista Ferry,Oregon,C,72.9,small,64,2026-07-10,53,within_review_threshold,current,834,8.0.1,https://oregon-gtfs.trilliumtransit.com/gtfs_data/buenavistaferry-or-us/buenavistaferry-or-us.zip,Set wheelchair_boarding to 1 (accessible) or 2 (not accessible) for every stop. A field survey can start with the busiest stops.,https://gtfsscorecard.org/agency/buena-vista-ferry/,US,US-OR,Oregon
bullhead-area-transit-system,Bullhead Area Transit System,Arizona,B,85.3,small,93,2026-07-10,174,within_review_threshold,current,109,8.0.1,https://data.trilliumtransit.com/gtfs/bullheadareatransit-az-us/bullheadareatransit-az-us.zip,Set wheelchair_boarding to 1 (accessible) or 2 (not accessible) for every stop. A field survey can start with the busiest stops.,https://gtfsscorecard.org/agency/bullhead-area-transit-system/,US,US-AZ,Arizona
bullhead-area-transit-system-109,Bullhead Area Transit System,,B,85.3,small,93,2026-07-10,174,within_review_threshold,current,,8.0.1,http://data.trilliumtransit.com/gtfs/bullheadareatransit-az-us/bullheadareatransit-az-us.zip,Set wheelchair_boarding to 1 (accessible) or 2 (not accessible) for every stop. A field survey can start with the busiest stops.,https://gtfsscorecard.org/agency/bullhead-area-transit-system-109/,US,,
burbankbus,BurbankBus,,F,55.0,small,44,2026-07-10,26837,unusually_distant,current,,8.0.1,https://rideburbankbus.com/gtfs,Re-generate shape distances in your export; flag to your vendor if it persists.,https://gtfsscorecard.org/agency/burbankbus/,US,,
burlington-urban-service,Burlington Urban Service,Iowa,C,75.2,medium,68,2026-07-10,82,within_review_threshold,current,199,8.0.1,https://data.trilliumtransit.com/gtfs/burlington-ia-us/burlington-ia-us.zip,Set wheelchair_boarding to 1 (accessible) or 2 (not accessible) for every stop. A field survey can start with the busiest stops.,https://gtfsscorecard.org/agency/burlington-urban-service/,US,US-IA,Iowa
burlington-urban-service-199,Burlington Urban Service,,C,75.2,medium,68,2026-07-10,82,within_review_threshold,current,,8.0.1,http://data.trilliumtransit.com/gtfs/burlington-ia-us/burlington-ia-us.zip,Set wheelchair_boarding to 1 (accessible) or 2 (not accessible) for every stop. A field survey can start with the busiest stops.,https://gtfsscorecard.org/agency/burlington-urban-service-199/,US,,
burns-paiute-tribal-transit,Burns Paiute Tribal Transit,Oregon,C,75.5,small,70,2026-07-10,83,within_review_threshold,current,2621,8.0.1,https://oregon-gtfs.trilliumtransit.com/gtfs_data/burnspaiute-or-us/burnspaiute-or-us.zip,Set wheelchair_boarding to 1 (accessible) or 2 (not accessible) for every stop. A field survey can start with the busiest stops.,https://gtfsscorecard.org/agency/burns-paiute-tribal-transit/,US,US-OR,Oregon
bustang-outrider,Bustang Outrider,Colorado,B,80.7,small,82,2026-07-10,206,within_review_threshold,current,2330,8.0.1,https://data.trilliumtransit.com/gtfs/outrider-co-us/outrider-co-us.zip,Set wheelchair_boarding to 1 (accessible) or 2 (not accessible) for every stop. A field survey can start with the busiest stops.,https://gtfsscorecard.org/agency/bustang-outrider/,US,US-CO,Colorado
butler-county-regional-transit-authority,Butler County Regional Transit Authority,Ohio,F,36.8,medium,10,2026-07-10,-1882,within_review_threshold,stale,240,8.0.1,https://www.butlercountyrta.com/wp-content/uploads/2019/11/Bcrta-GTFS-1.zip,"Re-export the feed with a calendar that reaches further out, and set feed_info feed_end_date past your next service change.",https://gtfsscorecard.org/agency/butler-county-regional-transit-authority/,US,US-OH,Ohio
butte-regional-transit-b-line,Butte Regional Transit (B-Line),Montana,F,45.2,medium,22,2026-07-10,-195,within_review_threshold,lapsed,241,8.0.1,https://d16k74nzx9emoe.cloudfront.net/c4326823-2c12-4f59-82f1-3fc4d987e12b/google_transit.zip,"Re-export the feed with a calendar that reaches further out, and set feed_info feed_end_date past your next service change.",https://gtfsscorecard.org/agency/butte-regional-transit-b-line/,US,US-MT,Montana
butte-silver-bow,Butte-Silver Bow,Montana,F,48.7,medium,32,2026-07-10,-1957,within_review_threshold,stale,291,8.0.1,https://data.trilliumtransit.com/gtfs/butte-mt-us/butte-mt-us.zip,"Re-export the feed with a calendar that reaches further out, and set feed_info feed_end_date past your next service change.",https://gtfsscorecard.org/agency/butte-silver-bow/,US,US-MT,Montana
butte-silver-bow-291,Butte-Silver Bow,,F,48.7,medium,32,2026-07-10,-1957,within_review_threshold,stale,,8.0.1,http://data.trilliumtransit.com/gtfs/butte-mt-us/butte-mt-us.zip,"Re-export the feed with a calendar that reaches further out, and set feed_info feed_end_date past your next service change.",https://gtfsscorecard.org/agency/butte-silver-bow-291/,US,,
bwi-thurgood-marshall-airport-bwi-shuttle,BWI Thurgood Marshall Airport (BWI) Shuttle,Maryland,F,46.2,small,24,2026-07-10,-1287,within_review_threshold,stale,490,8.0.1,https://github.com/mobilityequity/maryland-local-gtfs/raw/master/BWI_GTFS.zip,"Re-export the feed with a calendar that reaches further out, and set feed_info feed_end_date past your next service change.",https://gtfsscorecard.org/agency/bwi-thurgood-marshall-airport-bwi-shuttle/,US,US-MD,Maryland
c-tran,Clark County Public Transportation Benefit Area,Washington,B,84.1,medium,92,2026-07-10,64,within_review_threshold,current,258,8.0.1,https://www.c-tran.com/images/Google/GoogleTransitUpload.zip,Check the vehicle positions endpoint with your AVL vendor; it should return a fresh GTFS-Realtime protobuf on every request.,https://gtfsscorecard.org/agency/c-tran/,US,US-WA,Washington
c-tran-305,C TRAN,New York,F,37.2,small,10,2026-07-10,-1287,within_review_threshold,stale,305,8.0.1,https://s3.amazonaws.com/datatools-511ny/public/Chemung_C_Tran.zip,"Re-export the feed with a calendar that reaches further out, and set feed_info feed_end_date past your next service change.",https://gtfsscorecard.org/agency/c-tran-305/,US,US-NY,New York
calabasas-transit-system,Calabasas Transit System,California,F,47.5,small,28,2026-07-10,-1652,within_review_threshold,stale,296,8.0.1,https://data.trilliumtransit.com/gtfs/calabasas-ca-us/calabasas-ca-us.zip,"Re-export the feed with a calendar that reaches further out, and set feed_info feed_end_date past your next service change.",https://gtfsscorecard.org/agency/calabasas-transit-system/,US,US-CA,California
calabasas-transit-system-296,Calabasas Transit System,,F,47.5,small,28,2026-07-10,-1652,within_review_threshold,stale,,8.0.1,http://data.trilliumtransit.com/gtfs/calabasas-ca-us/calabasas-ca-us.zip,"Re-export the feed with a calendar that reaches further out, and set feed_info feed_end_date past your next service change.",https://gtfsscorecard.org/agency/calabasas-transit-system-296/,US,,
calaveras-transit,Calaveras Transit,California,B,80.7,small,82,2026-07-10,173,within_review_threshold,current,93,8.0.1,https://data.trilliumtransit.com/gtfs/calaveras-ca-us/calaveras-ca-us.zip,Set wheelchair_boarding to 1 (accessible) or 2 (not accessible) for every stop. A field survey can start with the busiest stops.,https://gtfsscorecard.org/agency/calaveras-transit/,US,US-CA,California
calaveras-transit-93,Calaveras Transit,,B,80.7,small,82,2026-07-10,173,within_review_threshold,current,,8.0.1,http://data.trilliumtransit.com/gtfs/calaveras-ca-us/calaveras-ca-us.zip,Set wheelchair_boarding to 1 (accessible) or 2 (not accessible) for every stop. A field survey can start with the busiest stops.,https://gtfsscorecard.org/agency/calaveras-transit-93/,US,,
caltrain,Caltrain,California,A,93.2,medium,98,2026-07-10,205,within_review_threshold,current,54,8.0.1,https://data.trilliumtransit.com/gtfs/caltrain-ca-us/caltrain-ca-us.zip,Set wheelchair_boarding to 1 (accessible) or 2 (not accessible) for every stop. A field survey can start with the busiest stops.,https://gtfsscorecard.org/agency/caltrain/,US,US-CA,California
caltrain-54,Caltrain,,A,93.2,medium,98,2026-07-10,205,within_review_threshold,current,,8.0.1,http://data.trilliumtransit.com/gtfs/caltrain-ca-us/caltrain-ca-us.zip,Set wheelchair_boarding to 1 (accessible) or 2 (not accessible) for every stop. A field survey can start with the busiest stops.,https://gtfsscorecard.org/agency/caltrain-54/,US,,
calvert-county-public-transportation,Calvert County Public Transportation,Maryland,F,30.9,medium,6,2026-07-10,-1810,within_review_threshold,stale,480,8.0.1,https://github.com/mobilityequity/maryland-local-gtfs/raw/master/Calvert_GTFS.zip,"Re-export the feed with a calendar that reaches further out, and set feed_info feed_end_date past your next service change.",https://gtfsscorecard.org/agency/calvert-county-public-transportation/,US,US-MD,Maryland
camarillo-area-transit,Camarillo Area Transit,California,B,83.4,small,90,2026-07-10,206,within_review_threshold,current,297,8.0.1,https://data.trilliumtransit.com/gtfs/camarillo-ca-us/camarillo-ca-us.zip,Set wheelchair_boarding to 1 (accessible) or 2 (not accessible) for every stop. A field survey can start with the busiest stops.,https://gtfsscorecard.org/agency/camarillo-area-transit/,US,US-CA,California
camarillo-area-transit-297,Camarillo Area Transit,,B,83.4,small,90,2026-07-10,206,within_review_threshold,current,,8.0.1,http://data.trilliumtransit.com/gtfs/camarillo-ca-us/camarillo-ca-us.zip,Set wheelchair_boarding to 1 (accessible) or 2 (not accessible) for every stop. A field survey can start with the busiest stops.,https://gtfsscorecard.org/agency/camarillo-area-transit-297/,US,,
campus-area-rapid-transit-cart,Campus Area Rapid Transit (CART),Oklahoma,D,66.9,small,57,2026-07-10,26837,unusually_distant,current,182,8.0.1,http://www.cartgps.com/gtfs,Set wheelchair_boarding to 1 (accessible) or 2 (not accessible) for every stop. A field survey can start with the busiest stops.,https://gtfsscorecard.org/agency/campus-area-rapid-transit-cart/,US,US-OK,Oklahoma
canby-area-transit-cat,Canby Area Transit (CAT),Oregon,B,83.2,small,89,2026-07-10,175,within_review_threshold,current,252,8.0.1,https://oregon-gtfs.trilliumtransit.com/gtfs_data/canbytransit-or-us/canbytransit-or-us.zip,Set wheelchair_boarding to 1 (accessible) or 2 (not accessible) for every stop. A field survey can start with the busiest stops.,https://gtfsscorecard.org/agency/canby-area-transit-cat/,US,US-OR,Oregon
canby-ferry,Canby Ferry,Oregon,C,79.3,small,78,2026-07-10,113,within_review_threshold,current,605,8.0.1,https://oregon-gtfs.trilliumtransit.com/gtfs_data/canbyferry-or-us/canbyferry-or-us.zip,Set wheelchair_boarding to 1 (accessible) or 2 (not accessible) for every stop. A field survey can start with the busiest stops.,https://gtfsscorecard.org/agency/canby-ferry/,US,US-OR,Oregon
cape-ann-transportation-authority-cata,Cape Ann Transportation Authority (CATA),Massachusetts,C,80.0,medium,80,2026-07-10,53,within_review_threshold,current,447,8.0.1,https://data.trilliumtransit.com/gtfs/capeann-ma-us/capeann-ma-us.zip,Set wheelchair_boarding to 1 (accessible) or 2 (not accessible) for every stop. A field survey can start with the busiest stops.,https://gtfsscorecard.org/agency/cape-ann-transportation-authority-cata/,US,US-MA,Massachusetts
cape-ann-transportation-authority-cata-447,Cape Ann Transportation Authority (CATA),,C,80.0,medium,80,2026-07-10,53,within_review_threshold,current,,8.0.1,http://data.trilliumtransit.com/gtfs/capeann-ma-us/capeann-ma-us.zip,Set wheelchair_boarding to 1 (accessible) or 2 (not accessible) for every stop. A field survey can start with the busiest stops.,https://gtfsscorecard.org/agency/cape-ann-transportation-authority-cata-447/,US,,
cape-cod-regional-transit-authority,Flex,Massachusetts,F,41.3,medium,15,2026-07-10,-14,within_review_threshold,lapsed,2446,8.0.1,https://data.trilliumtransit.com/gtfs/capecod-ma-us/capecod-ma-us--flex-v2.zip,"Re-export the feed with a calendar that reaches further out, and set feed_info feed_end_date past your next service change.",https://gtfsscorecard.org/agency/cape-cod-regional-transit-authority/,US,US-MA,Massachusetts
cape-cod-regional-transportation-authority-cape-cod-rta,Cape Cod Regional Transportation Authority (Cape Cod RTA),Massachusetts,F,51.9,medium,39,2026-07-10,-14,within_review_threshold,lapsed,645,8.0.1,https://data.trilliumtransit.com/gtfs/capecod-ma-us/capecod-ma-us.zip,"Re-export the feed with a calendar that reaches further out, and set feed_info feed_end_date past your next service change.",https://gtfsscorecard.org/agency/cape-cod-regional-transportation-authority-cape-cod-rta/,US,US-MA,Massachusetts
cape-cod-regional-transportation-authority-cape-cod-rta-645,Cape Cod Regional Transportation Authority (Cape Cod RTA),,F,51.9,medium,39,2026-07-10,-14,within_review_threshold,lapsed,,8.0.1,http://data.trilliumtransit.com/gtfs/capecod-ma-us/capecod-ma-us.zip,"Re-export the feed with a calendar that reaches further out, and set feed_info feed_end_date past your next service change.",https://gtfsscorecard.org/agency/cape-cod-regional-transportation-authority-cape-cod-rta-645/,US,,
cape-lookout-national-seashore,CALO Ferry Service,North Carolina,B,87.5,small,95,2026-07-10,233,within_review_threshold,current,3205,8.0.1,https://www.nps.gov/external-resources/gtfs/calo/calo-ferry-service.zip,Set wheelchair_boarding to 1 (accessible) or 2 (not accessible) for every stop. A field survey can start with the busiest stops.,https://gtfsscorecard.org/agency/cape-lookout-national-seashore/,US,US-NC,North Carolina
capital-area-transit-goraleigh,Capital Area Transit (GoRaleigh),North Carolina,F,51.8,large,38,2026-07-10,-831,within_review_threshold,stale,471,8.0.1,https://data.trilliumtransit.com/gtfs/capital-area-transit-nc-us/capital-area-transit-nc-us.zip,"Re-export the feed with a calendar that reaches further out, and set feed_info feed_end_date past your next service change.",https://gtfsscorecard.org/agency/capital-area-transit-goraleigh/,US,US-NC,North Carolina
capital-area-transit-goraleigh-1983,Capital Area Transit (GoRaleigh),North Carolina,F,42.8,large,17,2026-07-10,-709,within_review_threshold,stale,1983,8.0.1,https://goraleigh.org/sites/default/files/gtfsexport.zip,"Re-export the feed with a calendar that reaches further out, and set feed_info feed_end_date past your next service change.",https://gtfsscorecard.org/agency/capital-area-transit-goraleigh-1983/,US,US-NC,North Carolina
capital-area-transit-goraleigh-2074,Capital Area Transit (GoRaleigh),North Carolina,C,71.9,large,62,2026-07-10,52,within_review_threshold,current,2074,8.0.1,https://goraleigh.org/gr_gtfs,Set wheelchair_boarding to 1 (accessible) or 2 (not accessible) for every stop. A field survey can start with the busiest stops.,https://gtfsscorecard.org/agency/capital-area-transit-goraleigh-2074/,US,US-NC,North Carolina
capital-area-transit-goraleigh-471,Capital Area Transit (GoRaleigh),,F,51.8,large,38,2026-07-10,-831,within_review_threshold,stale,,8.0.1,http://data.trilliumtransit.com/gtfs/capital-area-transit-nc-us/capital-area-transit-nc-us.zip,"Re-export the feed with a calendar that reaches further out, and set feed_info feed_end_date past your next service change.",https://gtfsscorecard.org/agency/capital-area-transit-goraleigh-471/,US,,
capital-area-transit-system-cats,Capital Area Transit System (CATS),Louisiana,F,46.2,large,24,2026-07-10,-141,within_review_threshold,lapsed,222,8.0.1,https://github.com/transitland/gtfs-archives-not-hosted-elsewhere/raw/master/f-baton~rouge~cats.zip,Confirm your next service period is published: export its calendar and set feed_info feed_end_date past it.,https://gtfsscorecard.org/agency/capital-area-transit-system-cats/,US,US-LA,Louisiana
capital-area-transit-system-cats-2065,Capital Area Transit System (CATS),Louisiana,D,64.7,large,55,2026-07-10,174,within_review_threshold,current,2065,8.0.1,https://cats.rideralerts.com/InfoPoint/gtfs-zip.ashx,Set wheelchair_boarding to 1 (accessible) or 2 (not accessible) for every stop. A field survey can start with the busiest stops.,https://gtfsscorecard.org/agency/capital-area-transit-system-cats-2065/,US,US-LA,Louisiana
capital-area-transportation-authority-cata,Capital Area Transportation Authority (CATA),Michigan,D,64.3,large,54,2026-07-10,44,within_review_threshold,current,402,8.0.1,http://developers.cata.org/gtfsdownload.ashx?key=5b4690ed-0a69-4320-897b-7d92def4b96f&data=base,Set wheelchair_boarding to 1 (accessible) or 2 (not accessible) for every stop. A field survey can start with the busiest stops.,https://gtfsscorecard.org/agency/capital-area-transportation-authority-cata/,US,US-MI,Michigan
capital-district-transportation-authority-cdta,Capital District Transportation Authority (CDTA),New York,A,90.3,large,97,2026-07-10,50,within_review_threshold,current,538,8.0.1,http://www.cdta.org/schedules/google_transit.zip,Remove past service periods the next time you export the feed.,https://gtfsscorecard.org/agency/capital-district-transportation-authority-cdta/,US,US-NY,New York
capital-metro,Capital Metro,Texas,C,72.9,large,64,2026-07-10,36,within_review_threshold,current,150,8.0.1,https://data.texas.gov/download/r4v4-vz24/application/zip,Check the service alerts endpoint with your AVL vendor; it should return a fresh GTFS-Realtime protobuf on every request.,https://gtfsscorecard.org/agency/capital-metro/,US,US-TX,Texas
capital-trailways,Capital Trailways,Alabama,F,46.7,small,26,2026-07-10,-684,within_review_threshold,stale,1308,8.0.1,https://transitfeeds.com/p/capital-trailways/819/latest/download,"Re-export the feed with a calendar that reaches further out, and set feed_info feed_end_date past your next service change.",https://gtfsscorecard.org/agency/capital-trailways/,US,US-AL,Alabama
capital-transit,Capital Transit,Alaska,B,81.3,medium,84,2026-07-10,72,within_review_threshold,current,294,8.0.1,https://data.trilliumtransit.com/gtfs/cityandboroughofjuneau-ak-us/cityandboroughofjuneau-ak-us.zip,Set wheelchair_boarding to 1 (accessible) or 2 (not accessible) for every stop. A field survey can start with the busiest stops.,https://gtfsscorecard.org/agency/capital-transit/,US,US-AK,Alaska
capital-transit-294,Capital Transit,,B,81.3,medium,84,2026-07-10,72,within_review_threshold,current,,8.0.1,http://data.trilliumtransit.com/gtfs/cityandboroughofjuneau-ak-us/cityandboroughofjuneau-ak-us.zip,Set wheelchair_boarding to 1 (accessible) or 2 (not accessible) for every stop. A field survey can start with the busiest stops.,https://gtfsscorecard.org/agency/capital-transit-294/,US,,
capital-transit-310,Capital Transit,Montana,F,43.5,small,18,2026-07-10,-1561,within_review_threshold,stale,310,8.0.1,https://data.trilliumtransit.com/gtfs/cityofhelena-mt-us/cityofhelena-mt-us.zip,"Re-export the feed with a calendar that reaches further out, and set feed_info feed_end_date past your next service change.",https://gtfsscorecard.org/agency/capital-transit-310/,US,US-MT,Montana
capitol-corridor-joint-powers-authority-capitol-corridor,Capitol Corridor Joint Powers Authority (Capitol Corridor),,D,61.1,small,51,2026-07-10,-1106,within_review_threshold,stale,,8.0.1,https://www.capitolcorridor.org/googletransit/GTFS.zip,"Re-export the feed with a calendar that reaches further out, and set feed_info feed_end_date past your next service change.",https://gtfsscorecard.org/agency/capitol-corridor-joint-powers-authority-capitol-corridor/,US,,
caravan-airport-transportation,Caravan Airport Transportation,Oregon,B,84.0,small,91,2026-07-10,114,within_review_threshold,current,127,8.0.1,https://oregon-gtfs.trilliumtransit.com/gtfs_data/caravan-or-us/caravan-or-us.zip,Set wheelchair_boarding to 1 (accessible) or 2 (not accessible) for every stop. A field survey can start with the busiest stops.,https://gtfsscorecard.org/agency/caravan-airport-transportation/,US,US-OR,Oregon
carlsbad-municipal-transit-system,Carlsbad Municipal Transit System,New Mexico,F,42.9,small,18,2026-07-10,-3844,within_review_threshold,stale,149,8.0.1,https://github.com/ethan-nelson/carlsbadnmtransit/blob/master/gtfs-odbl/carlsbadtransit-odbl.zip?raw=true,"Re-export the feed with a calendar that reaches further out, and set feed_info feed_end_date past your next service change.",https://gtfsscorecard.org/agency/carlsbad-municipal-transit-system/,US,US-NM,New Mexico
carlsbad-municipal-transit-system-2284,Carlsbad Municipal Transit System,New Mexico,F,55.4,small,44,2026-07-10,-191,within_review_threshold,lapsed,2284,8.0.1,https://irp.cdn-website.com/f12fb9e8/files/uploaded/google_transit.zip,"Re-export the feed with a calendar that reaches further out, and set feed_info feed_end_date past your next service change.",https://gtfsscorecard.org/agency/carlsbad-municipal-transit-system-2284/,US,US-NM,New Mexico
carroll-transit-system,Carroll Transit System,Maryland,F,42.3,small,16,2026-07-10,-1621,within_review_threshold,stale,500,8.0.1,https://github.com/mobilityequity/maryland-local-gtfs/raw/master/Carroll_GTFS.zip,"Re-export the feed with a calendar that reaches further out, and set feed_info feed_end_date past your next service change.",https://gtfsscorecard.org/agency/carroll-transit-system/,US,US-MD,Maryland
carson-circuit,Carson Circuit,California,F,42.7,medium,17,2026-07-10,-1835,within_review_threshold,stale,298,8.0.1,https://data.trilliumtransit.com/gtfs/carson-ca-us/carson-ca-us.zip,"Re-export the feed with a calendar that reaches further out, and set feed_info feed_end_date past your next service change.",https://gtfsscorecard.org/agency/carson-circuit/,US,US-CA,California
carson-circuit-298,Carson Circuit,,F,42.7,medium,17,2026-07-10,-1835,within_review_threshold,stale,,8.0.1,http://data.trilliumtransit.com/gtfs/carson-ca-us/carson-ca-us.zip,"Re-export the feed with a calendar that reaches further out, and set feed_info feed_end_date past your next service change.",https://gtfsscorecard.org/agency/carson-circuit-298/,US,,
cascade-point,Cascade POINT,Oregon,F,49.6,small,33,2026-07-10,-1821,within_review_threshold,stale,639,8.0.1,https://oregon-gtfs.trilliumtransit.com/gtfs_data/cascadespoint-or-us/cascadespoint-or-us.zip,"Re-export the feed with a calendar that reaches further out, and set feed_info feed_end_date past your next service change.",https://gtfsscorecard.org/agency/cascade-point/,US,US-OR,Oregon
cascades-east-transit-cet,Cascades East Transit (CET),Oregon,F,48.4,medium,30,2026-07-10,-808,within_review_threshold,stale,138,8.0.1,https://oregon-gtfs.com/gtfs_data/cascadeseast-or-us/cascadeseast-or-us.zip,"Re-export the feed with a calendar that reaches further out, and set feed_info feed_end_date past your next service change.",https://gtfsscorecard.org/agency/cascades-east-transit-cet/,US,US-OR,Oregon
cascades-east-transit-cet-138,Cascades East Transit (CET),,F,48.4,medium,30,2026-07-10,-808,within_review_threshold,stale,,8.0.1,http://oregon-gtfs.com/gtfs_data/cascadeseast-or-us/cascadeseast-or-us.zip,"Re-export the feed with a calendar that reaches further out, and set feed_info feed_end_date past your next service change.",https://gtfsscorecard.org/agency/cascades-east-transit-cet-138/,US,,
casco-bay-lines,Casco Bay Lines,Maine,F,46.6,small,25,2026-07-10,-1404,within_review_threshold,stale,1,8.0.1,http://smttracker.com/downloads/gtfs/cascobaylines-portland-me-usa.zip,"Re-export the feed with a calendar that reaches further out, and set feed_info feed_end_date past your next service change.",https://gtfsscorecard.org/agency/casco-bay-lines/,US,US-ME,Maine
cat-tran-shuttle,Cat Tran Shuttle,Arizona,F,36.8,small,10,2026-07-10,-1712,within_review_threshold,stale,146,8.0.1,https://data.trilliumtransit.com/gtfs/cattran-az-us/cattran-az-us.zip,"Re-export the feed with a calendar that reaches further out, and set feed_info feed_end_date past your next service change.",https://gtfsscorecard.org/agency/cat-tran-shuttle/,US,US-AZ,Arizona
cat-tran-shuttle-146,Cat Tran Shuttle,,F,36.8,small,10,2026-07-10,-1712,within_review_threshold,stale,,8.0.1,http://data.trilliumtransit.com/gtfs/cattran-az-us/cattran-az-us.zip,"Re-export the feed with a calendar that reaches further out, and set feed_info feed_end_date past your next service change.",https://gtfsscorecard.org/agency/cat-tran-shuttle-146/,US,,
cat-tran-shuttle-2206,Cat Tran Shuttle,Arizona,F,34.9,small,8,2026-07-10,-574,within_review_threshold,stale,2206,8.0.1,https://api.transloc.com/gtfs/arizona.zip,"Re-export the feed with a calendar that reaches further out, and set feed_info feed_end_date past your next service change.",https://gtfsscorecard.org/agency/cat-tran-shuttle-2206/,US,US-AZ,Arizona
catalina-express,Catalina Express,California,F,26.2,small,4,2026-06-30,,unknown,unknown,299,8.0.1,https://gitlab.com/LACMTA/gtfs_lax/-/archive/master/gtfs_lax-master.zip?path=catalina_express,Add feed_start_date and feed_end_date to feed_info.txt and include calendar end dates in your export.,https://gtfsscorecard.org/agency/catalina-express/,US,US-CA,California
catalina-flyer,Catalina Flyer,California,F,47.6,small,29,2026-07-10,-1652,within_review_threshold,stale,300,8.0.1,https://data.trilliumtransit.com/gtfs/catalinaflyer-ca-us/catalinaflyer-ca-us.zip,"Re-export the feed with a calendar that reaches further out, and set feed_info feed_end_date past your next service change.",https://gtfsscorecard.org/agency/catalina-flyer/,US,US-CA,California
catalina-flyer-300,Catalina Flyer,,F,47.6,small,29,2026-07-10,-1652,within_review_threshold,stale,,8.0.1,http://data.trilliumtransit.com/gtfs/catalinaflyer-ca-us/catalinaflyer-ca-us.zip,"Re-export the feed with a calendar that reaches further out, and set feed_info feed_end_date past your next service change.",https://gtfsscorecard.org/agency/catalina-flyer-300/,US,,
catholic-community-services,Catholic Community Services,Washington,F,57.0,small,47,2026-07-10,22,within_review_threshold,expiring_soon,2158,8.0.1,https://data.trilliumtransit.com/gtfs/catholiccommunity-wa-us/catholiccommunity-wa-us-king--flex-v2.zip,Re-export with a validity window that reaches at least 60 days out.,https://gtfsscorecard.org/agency/catholic-community-services/,US,US-WA,Washington
catholic-community-services-2159,Catholic Community Services,Washington,F,57.0,small,47,2026-07-10,22,within_review_threshold,expiring_soon,2159,8.0.1,https://data.trilliumtransit.com/gtfs/catholiccommunity-wa-us/catholiccommunity-wa-us-northwest--flex-v2.zip,Re-export with a validity window that reaches at least 60 days out.,https://gtfsscorecard.org/agency/catholic-community-services-2159/,US,US-WA,Washington
catholic-community-services-2160,Catholic Community Services,Washington,F,57.0,small,47,2026-07-10,22,within_review_threshold,expiring_soon,2160,8.0.1,https://data.trilliumtransit.com/gtfs/catholiccommunity-wa-us/catholiccommunity-wa-us-southwest--flex-v2.zip,Re-export with a validity window that reaches at least 60 days out.,https://gtfsscorecard.org/agency/catholic-community-services-2160/,US,US-WA,Washington
cecil-transit,Cecil Transit,Maryland,F,26.8,small,4,2026-07-10,-1779,within_review_threshold,stale,504,8.0.1,https://github.com/mobilityequity/maryland-local-gtfs/raw/master/Cecil_GTFS.zip,"Re-export the feed with a calendar that reaches further out, and set feed_info feed_end_date past your next service change.",https://gtfsscorecard.org/agency/cecil-transit/,US,US-MD,Maryland
cecil-transit-3034,Cecil Transit,Maryland,F,58.7,small,49,2026-07-10,30,within_review_threshold,expiring_soon,3034,8.0.1,https://passio3.com/cecil/passioTransit/gtfs/google_transit.zip,Review the rule documentation for 'empty_file' at https://gtfs-validator.mobilitydata.org/rules.html and check the flagged rows in your feed.,https://gtfsscorecard.org/agency/cecil-transit-3034/,US,US-MD,Maryland
cecil-transit-3178,Cecil Transit,,F,40.0,medium,14,2026-07-10,-204,within_review_threshold,lapsed,3178,8.0.1,https://www.cecilcountymd.gov/DocumentCenter/View/5246/Cecil-County-MD---GTFS,"Re-export the feed with a calendar that reaches further out, and set feed_info feed_end_date past your next service change.",https://gtfsscorecard.org/agency/cecil-transit-3178/,US,,
cedar-rapids-transit,Cedar Rapids Transit,Iowa,B,87.8,medium,96,2026-07-10,52,within_review_threshold,current,198,8.0.1,https://data.trilliumtransit.com/gtfs/cedarrapids-ia-us/cedarrapids-ia-us.zip,"Set wheelchair_accessible on every trip (most small-agency fleets are 100% accessible, so this is often a single default).",https://gtfsscorecard.org/agency/cedar-rapids-transit/,US,US-IA,Iowa
cedar-rapids-transit-198,Cedar Rapids Transit,,B,87.8,medium,96,2026-07-10,52,within_review_threshold,current,,8.0.1,http://data.trilliumtransit.com/gtfs/cedarrapids-ia-us/cedarrapids-ia-us.zip,"Set wheelchair_accessible on every trip (most small-agency fleets are 100% accessible, so this is often a single default).",https://gtfsscorecard.org/agency/cedar-rapids-transit-198/,US,,
central-community-transit,Central Community Transit,Minnesota,B,83.6,small,90,2026-07-10,175,within_review_threshold,current,2301,8.0.1,https://data.trilliumtransit.com/gtfs/cctbus-mn-us/cctbus-mn-us.zip,Set wheelchair_boarding to 1 (accessible) or 2 (not accessible) for every stop. A field survey can start with the busiest stops.,https://gtfsscorecard.org/agency/central-community-transit/,US,US-MN,Minnesota
central-florida-regional-transit-authority-lynx,Central Florida Regional Transit Authority (LYNX),Florida,F,54.6,large,43,2026-07-10,29,within_review_threshold,expiring_soon,347,8.0.1,http://gtfsrt.golynx.com/gtfsrt/google_transit.zip,Re-export with a validity window that reaches at least 60 days out.,https://gtfsscorecard.org/agency/central-florida-regional-transit-authority-lynx/,US,US-FL,Florida
central-ohio-transit-authority-cota,Central Ohio Transit Authority (COTA),Ohio,D,65.7,large,56,2026-07-10,58,within_review_threshold,current,404,8.0.1,http://www.cota.com/data/cota.gtfs.zip,"Check with your AVL vendor that every vehicle assignment flows into TripUpdates, including school-day and tripper runs.",https://gtfsscorecard.org/agency/central-ohio-transit-authority-cota/,US,US-OH,Ohio
central-oregon-breeze,Central Oregon Breeze,Oregon,C,76.5,small,72,2026-07-10,52,within_review_threshold,current,139,8.0.1,https://oregon-gtfs.trilliumtransit.com/gtfs_data/cobreeze-or-us/cobreeze-or-us.zip,Set wheelchair_boarding to 1 (accessible) or 2 (not accessible) for every stop. A field survey can start with the busiest stops.,https://gtfsscorecard.org/agency/central-oregon-breeze/,US,US-OR,Oregon
centre-county-transit-authority-cata,CATABUS,Pennsylvania,F,22.0,medium,2,2026-07-10,-1784,within_review_threshold,stale,1236,8.0.1,https://transitfeeds.com/p/catabus/536/latest/download,"Re-export the feed with a calendar that reaches further out, and set feed_info feed_end_date past your next service change.",https://gtfsscorecard.org/agency/centre-county-transit-authority-cata/,US,US-PA,Pennsylvania
centro,Centro,New York,D,60.7,large,51,2026-07-10,58,within_review_threshold,current,534,8.0.1,https://www.centro.org/CentroGTFS/CentroGTFS.zip,Set wheelchair_boarding to 1 (accessible) or 2 (not accessible) for every stop. A field survey can start with the busiest stops.,https://gtfsscorecard.org/agency/centro/,US,US-NY,New York
champaign-urbana-mass-transit-district-mtd,Champaign Urbana Mass Transit District (MTD),Illinois,D,64.3,large,54,2026-07-10,29,within_review_threshold,expiring_soon,388,8.0.1,http://developer.cumtd.com/gtfs/google_transit.zip,Re-export with a validity window that reaches at least 60 days out.,https://gtfsscorecard.org/agency/champaign-urbana-mass-transit-district-mtd/,US,US-IL,Illinois
chapel-hill-transit-cht,Chapel Hill Transit (CHT),North Carolina,F,41.5,medium,15,2026-07-10,-556,within_review_threshold,stale,376,8.0.1,https://data.trilliumtransit.com/gtfs/chapel-hill-transit-nc-us/chapel-hill-transit-nc-us.zip,"Re-export the feed with a calendar that reaches further out, and set feed_info feed_end_date past your next service change.",https://gtfsscorecard.org/agency/chapel-hill-transit-cht/,US,US-NC,North Carolina
chapel-hill-transit-cht-376,Chapel Hill Transit (CHT),,F,41.5,medium,15,2026-07-10,-556,within_review_threshold,stale,,8.0.1,http://data.trilliumtransit.com/gtfs/chapel-hill-transit-nc-us/chapel-hill-transit-nc-us.zip,"Re-export the feed with a calendar that reaches further out, and set feed_info feed_end_date past your next service change.",https://gtfsscorecard.org/agency/chapel-hill-transit-cht-376/,US,,
charles-county-vango,Charles County VanGo,Maryland,F,25.8,medium,3,2026-07-10,-1779,within_review_threshold,stale,479,8.0.1,https://github.com/mobilityequity/maryland-local-gtfs/raw/master/Charles_GTFS.zip,"Re-export the feed with a calendar that reaches further out, and set feed_info feed_end_date past your next service change.",https://gtfsscorecard.org/agency/charles-county-vango/,US,US-MD,Maryland
charleston-area-regional-transportation-authority-carta,Charleston Area Regional Transportation Authority (CARTA),South Carolina,F,59.9,large,50,2026-07-10,36,within_review_threshold,current,352,8.0.1,https://data.trilliumtransit.com/gtfs/carta-sc-us/carta-sc-us.zip,Check the trip updates endpoint with your AVL vendor; it should return a fresh GTFS-Realtime protobuf on every request.,https://gtfsscorecard.org/agency/charleston-area-regional-transportation-authority-carta/,US,US-SC,South Carolina
charleston-area-regional-transportation-authority-carta-352,Charleston Area Regional Transportation Authority (CARTA),,D,63.7,large,53,2026-07-10,36,within_review_threshold,current,,8.0.1,http://data.trilliumtransit.com/gtfs/carta-sc-us/carta-sc-us.zip,Check the trip updates endpoint with your AVL vendor; it should return a fresh GTFS-Realtime protobuf on every request.,https://gtfsscorecard.org/agency/charleston-area-regional-transportation-authority-carta-352/,US,,
charlotte-area-transit-system-cats,Charlotte Area Transit System (CATS),North Carolina,F,44.1,large,19,2026-07-10,-1615,within_review_threshold,stale,640,8.0.1,https://transitfeeds.com/p/charlotte-area-transit-system/1252/latest/download,"Re-export the feed with a calendar that reaches further out, and set feed_info feed_end_date past your next service change.",https://gtfsscorecard.org/agency/charlotte-area-transit-system-cats/,US,US-NC,North Carolina
charlotte-area-transit-system-cats-2265,Charlotte Area Transit System (CATS),North Carolina,D,69.7,large,60,2026-07-10,86,within_review_threshold,current,2265,8.0.1,https://gtfsrealtime.ridetransit.org/GTFSStatic/GTFS.zip,Set wheelchair_boarding to 1 (accessible) or 2 (not accessible) for every stop. A field survey can start with the busiest stops.,https://gtfsscorecard.org/agency/charlotte-area-transit-system-cats-2265/,US,US-NC,North Carolina
charm-city-circulator,Charm City Circulator,Maryland,F,49.6,medium,33,2026-07-10,-1593,within_review_threshold,stale,493,8.0.1,https://github.com/mobilityequity/maryland-local-gtfs/raw/master/CCC_GTFS.zip,"Re-export the feed with a calendar that reaches further out, and set feed_info feed_end_date past your next service change.",https://gtfsscorecard.org/agency/charm-city-circulator/,US,US-MD,Maryland
chatham-area-transit-cat,Chatham Area Transit (CAT),Georgia,F,8.7,large,0,2026-07-10,-1706,within_review_threshold,stale,351,8.0.1,https://www.catchacat.org/wp-content/uploads/2019/07/cat_gtfs_06-07-2021.zip,"Re-export the feed with a calendar that reaches further out, and set feed_info feed_end_date past your next service change.",https://gtfsscorecard.org/agency/chatham-area-transit-cat/,US,US-GA,Georgia
chatham-area-transit-cat-2080,Chatham Area Transit (CAT),Georgia,F,46.0,large,24,2026-07-10,-348,within_review_threshold,lapsed,2080,8.0.1,https://catchacat.org/wp-content/uploads/GTFS.zip,"Re-export the feed with a calendar that reaches further out, and set feed_info feed_end_date past your next service change.",https://gtfsscorecard.org/agency/chatham-area-transit-cat-2080/,US,US-GA,Georgia
chattanooga-area-regional-transportation-authority-carta,Chattanooga Area Regional Transportation Authority (CARTA),Tennessee,F,33.8,large,8,2026-07-10,-1525,within_review_threshold,stale,359,8.0.1,https://www.gocarta.org/wp-content/uploads/2021/08/GTFS.zip,"Re-export the feed with a calendar that reaches further out, and set feed_info feed_end_date past your next service change.",https://gtfsscorecard.org/agency/chattanooga-area-regional-transportation-authority-carta/,US,US-TN,Tennessee
chattanooga-area-regional-transportation-authority-carta-2082,Chattanooga Area Regional Transportation Authority (CARTA),Tennessee,F,32.6,large,7,2026-07-10,-692,within_review_threshold,stale,2082,8.0.1,https://www.gocarta.org/wp-content/uploads/2024/01/GTFS.zip,"Re-export the feed with a calendar that reaches further out, and set feed_info feed_end_date past your next service change.",https://gtfsscorecard.org/agency/chattanooga-area-regional-transportation-authority-carta-2082/,US,US-TN,Tennessee
chautauqua-area-regional-transit-system-carts,Chautauqua Area Regional Transit System (CARTS),New York,F,54.2,medium,42,2026-07-10,174,within_review_threshold,current,304,8.0.1,https://s3.amazonaws.com/datatools-511ny/public/CARTS_Chautauqua_Area_Regional_Transit_System_-_City_Routes.zip,Set wheelchair_boarding to 1 (accessible) or 2 (not accessible) for every stop. A field survey can start with the busiest stops.,https://gtfsscorecard.org/agency/chautauqua-area-regional-transit-system-carts/,US,US-NY,New York
chenango-first-transit,Chenango First Transit,New York,D,61.2,small,51,2026-07-10,174,within_review_threshold,current,536,8.0.1,https://s3.amazonaws.com/datatools-511ny/public/Chenango_First_Transit.zip,Set wheelchair_boarding to 1 (accessible) or 2 (not accessible) for every stop. A field survey can start with the busiest stops.,https://gtfsscorecard.org/agency/chenango-first-transit/,US,US-NY,New York
cherokee-area-transportation-system-cats,Cherokee Area Transportation System (CATS),Georgia,F,45.1,small,22,2026-07-10,-4574,within_review_threshold,stale,358,8.0.1,http://documents.atlantaregional.com/transitdata/gtfs_CATS.zip,"Re-export the feed with a calendar that reaches further out, and set feed_info feed_end_date past your next service change.",https://gtfsscorecard.org/agency/cherokee-area-transportation-system-cats/,US,US-GA,Georgia
cherriots,Cherriots,Oregon,F,23.8,medium,3,2026-07-10,-189,within_review_threshold,lapsed,128,8.0.1,https://www.cherriots.org/media/doc/gtfs.zip,"Re-export the feed with a calendar that reaches further out, and set feed_info feed_end_date past your next service change.",https://gtfsscorecard.org/agency/cherriots/,US,US-OR,Oregon
chicago-transit-authority-cta,Chicago Transit Authority (CTA),Illinois,F,52.2,large,39,2026-07-10,82,within_review_threshold,current,389,8.0.1,http://www.transitchicago.com/downloads/sch_data/google_transit.zip,Review the rule documentation for 'equal_shape_distance_diff_coordinates' at https://gtfs-validator.mobilitydata.org/rules.html and check the flagged rows in your feed.,https://gtfsscorecard.org/agency/chicago-transit-authority-cta/,US,US-IL,Illinois
chicago-water-taxi,Chicago Water Taxi,Illinois,F,48.0,small,29,2026-07-10,-117,within_review_threshold,lapsed,306,8.0.1,https://data.trilliumtransit.com/gtfs/chicagowatertaxi-il-us/chicagowatertaxi-il-us.zip,"Re-export the feed with a calendar that reaches further out, and set feed_info feed_end_date past your next service change.",https://gtfsscorecard.org/agency/chicago-water-taxi/,US,US-IL,Illinois
chittenden-county-transportation-authority-ccta,Chittenden County Transportation Authority (CCTA),Vermont,B,81.1,large,83,2026-07-10,83,within_review_threshold,current,629,8.0.1,https://data.trilliumtransit.com/gtfs/ccta-vt-us/ccta-vt-us.zip,Set wheelchair_boarding to 1 (accessible) or 2 (not accessible) for every stop. A field survey can start with the busiest stops.,https://gtfsscorecard.org/agency/chittenden-county-transportation-authority-ccta/,US,US-VT,Vermont
chittenden-county-transportation-authority-ccta-629,Chittenden County Transportation Authority (CCTA),,B,81.1,large,83,2026-07-10,83,within_review_threshold,current,,8.0.1,http://data.trilliumtransit.com/gtfs/ccta-vt-us/ccta-vt-us.zip,Set wheelchair_boarding to 1 (accessible) or 2 (not accessible) for every stop. A field survey can start with the busiest stops.,https://gtfsscorecard.org/agency/chittenden-county-transportation-authority-ccta-629/,US,,
cincinnati-metro,Cincinnati Metro,Ohio,C,76.2,large,71,2026-07-10,36,within_review_threshold,current,307,8.0.1,https://www.go-metro.com/uploads/GTFS/google_transit_info.zip,Review the rule documentation for 'equal_shape_distance_same_coordinates' at https://gtfs-validator.mobilitydata.org/rules.html and check the flagged rows in your feed.,https://gtfsscorecard.org/agency/cincinnati-metro/,US,US-OH,Ohio
cincinnati-metro-307,Cincinnati Metro,,C,76.3,large,71,2026-07-10,36,within_review_threshold,current,,8.0.1,http://www.go-metro.com/uploads/GTFS/google_transit_info.zip,Review the rule documentation for 'equal_shape_distance_same_coordinates' at https://gtfs-validator.mobilitydata.org/rules.html and check the flagged rows in your feed.,https://gtfsscorecard.org/agency/cincinnati-metro-307/,US,,
citibus,Citibus,Texas,D,66.2,medium,56,2026-07-10,28,within_review_threshold,expiring_soon,569,8.0.1,https://data.trilliumtransit.com/gtfs/lubbock-tx-us/lubbock-tx-us.zip,Re-export with a validity window that reaches at least 60 days out.,https://gtfsscorecard.org/agency/citibus/,US,US-TX,Texas
citibus-2304,Citibus,Iowa,F,48.4,medium,30,2026-07-10,-556,within_review_threshold,stale,2304,8.0.1,https://data.trilliumtransit.com/gtfs/davenport-ia-us/davenport-ia-us.zip,"Re-export the feed with a calendar that reaches further out, and set feed_info feed_end_date past your next service change.",https://gtfsscorecard.org/agency/citibus-2304/,US,US-IA,Iowa
citibus-569,Citibus,,D,66.2,medium,56,2026-07-10,28,within_review_threshold,expiring_soon,,8.0.1,http://data.trilliumtransit.com/gtfs/lubbock-tx-us/lubbock-tx-us.zip,Re-export with a validity window that reaches at least 60 days out.,https://gtfsscorecard.org/agency/citibus-569/,US,,
cities-area-transit,Cities Area Transit,North Dakota,F,44.4,medium,20,2026-07-10,-709,within_review_threshold,stale,1247,8.0.1,https://transitfeeds.com/p/cities-area-transit/834/latest/download,"Re-export the feed with a calendar that reaches further out, and set feed_info feed_end_date past your next service change.",https://gtfsscorecard.org/agency/cities-area-transit/,US,US-ND,North Dakota
cities-area-transit-2199,Cities Area Transit,North Dakota,C,71.1,medium,61,2026-07-10,174,within_review_threshold,current,2199,8.0.1,https://data.trilliumtransit.com/gtfs/cityofgrandforks-nd-us/cityofgrandforks-nd-us.zip,Set wheelchair_boarding to 1 (accessible) or 2 (not accessible) for every stop. A field survey can start with the busiest stops.,https://gtfsscorecard.org/agency/cities-area-transit-2199/,US,US-ND,North Dakota
citilink,Citilink,Indiana,F,38.9,large,12,2026-07-10,-2748,within_review_threshold,stale,1140,8.0.1,https://transitfeeds.com/p/fort-wayne-citilink/378/latest/download,"Re-export the feed with a calendar that reaches further out, and set feed_info feed_end_date past your next service change.",https://gtfsscorecard.org/agency/citilink/,US,US-IN,Indiana
citilink-2266,Citilink,Indiana,B,83.0,medium,88,2026-07-10,174,within_review_threshold,current,2266,8.0.1,https://gtfs.remix.com/citilink_fortwayne_in_us.zip,Set wheelchair_boarding to 1 (accessible) or 2 (not accessible) for every stop. A field survey can start with the busiest stops.,https://gtfsscorecard.org/agency/citilink-2266/,US,US-IN,Indiana
citrus-county-transit,Citrus County Transit,Florida,F,26.2,small,4,2026-06-27,,unknown,unknown,630,8.0.1,https://ftis.org/PostFileDownload.aspx?id=152A0,Add feed_start_date and feed_end_date to feed_info.txt and include calendar end dates in your export.,https://gtfsscorecard.org/agency/citrus-county-transit/,US,US-FL,Florida
citrus-county-transit-2257,Citrus County Transit,Florida,F,48.4,medium,30,2026-07-10,-556,within_review_threshold,stale,2257,8.0.1,https://www.citrusbocc.com/document_center/Department/Community%20Services/Support%20Services/Transit/GTFS%20Text%20Files/GTFS%2011-18-24.zip,"Re-export the feed with a calendar that reaches further out, and set feed_info feed_end_date past your next service change.",https://gtfsscorecard.org/agency/citrus-county-transit-2257/,US,US-FL,Florida
city-2-city-shuttle,City 2 City Shuttle,Oregon,F,51.1,small,37,2026-07-10,-3296,within_review_threshold,stale,129,8.0.1,https://oregon-gtfs.trilliumtransit.com/gtfs_data/citytocityshuttle-or-us/citytocityshuttle-or-us.zip,"Re-export the feed with a calendar that reaches further out, and set feed_info feed_end_date past your next service change.",https://gtfsscorecard.org/agency/city-2-city-shuttle/,US,US-OR,Oregon
city-coach,City Coach,California,F,57.0,medium,47,2026-07-10,-10,within_review_threshold,lapsed,599,8.0.1,https://data.trilliumtransit.com/gtfs/vacavillecitycoach-ca-us/vacavillecitycoach-ca-us.zip,"Re-export the feed with a calendar that reaches further out, and set feed_info feed_end_date past your next service change.",https://gtfsscorecard.org/agency/city-coach/,US,US-CA,California
city-coach-599,City Coach,,F,53.5,medium,41,2026-07-10,-10,within_review_threshold,lapsed,,8.0.1,http://data.trilliumtransit.com/gtfs/vacavillecitycoach-ca-us/vacavillecitycoach-ca-us.zip,"Re-export the feed with a calendar that reaches further out, and set feed_info feed_end_date past your next service change.",https://gtfsscorecard.org/agency/city-coach-599/,US,,
city-of-banning-transit,City of Banning Transit,California,A,91.2,small,97,2026-07-10,206,within_review_threshold,current,220,8.0.1,https://data.trilliumtransit.com/gtfs/banning-ca-us/banning-ca-us.zip,"Set wheelchair_accessible on every trip (most small-agency fleets are 100% accessible, so this is often a single default).",https://gtfsscorecard.org/agency/city-of-banning-transit/,US,US-CA,California
city-of-banning-transit-220,City of Banning Transit,,A,91.2,small,97,2026-07-10,206,within_review_threshold,current,,8.0.1,http://data.trilliumtransit.com/gtfs/banning-ca-us/banning-ca-us.zip,"Set wheelchair_accessible on every trip (most small-agency fleets are 100% accessible, so this is often a single default).",https://gtfsscorecard.org/agency/city-of-banning-transit-220/,US,,
city-of-bell-la-campana,City of Bell (La Campana),California,F,44.7,small,21,2026-07-10,-1651,within_review_threshold,stale,562,8.0.1,https://data.trilliumtransit.com/gtfs/lacampana-ca-us/lacampana-ca-us.zip,"Re-export the feed with a calendar that reaches further out, and set feed_info feed_end_date past your next service change.",https://gtfsscorecard.org/agency/city-of-bell-la-campana/,US,US-CA,California
city-of-bell-la-campana-2249,City of Bell (La Campana),California,F,50.3,small,35,2026-07-10,-556,within_review_threshold,stale,2249,8.0.1,https://raw.githubusercontent.com/LACMTA/los-angeles-regional-gtfs/main/lacampana-ca-us/lacampana-ca-us.zip,"Re-export the feed with a calendar that reaches further out, and set feed_info feed_end_date past your next service change.",https://gtfsscorecard.org/agency/city-of-bell-la-campana-2249/,US,US-CA,California
city-of-bell-la-campana-562,City of Bell (La Campana),,F,44.7,small,21,2026-07-10,-1651,within_review_threshold,stale,,8.0.1,http://data.trilliumtransit.com/gtfs/lacampana-ca-us/lacampana-ca-us.zip,"Re-export the feed with a calendar that reaches further out, and set feed_info feed_end_date past your next service change.",https://gtfsscorecard.org/agency/city-of-bell-la-campana-562/,US,,
city-of-coolidge,Cotton Express and Central Arizona Regional Transit,Arizona,D,64.8,small,55,2026-07-10,-556,within_review_threshold,stale,2856,8.0.1,https://coolidgeaz.govoffice2.com/vertical/Sites/%7BAE188E70-DD7F-47BE-99EF-B58B70641DF9%7D/uploads/coolidge_gtfs.zip,"Re-export the feed with a calendar that reaches further out, and set feed_info feed_end_date past your next service change.",https://gtfsscorecard.org/agency/city-of-coolidge/,US,US-AZ,Arizona
city-of-corvallis,City of Corvallis,Oregon,F,45.3,medium,22,2026-07-10,-1835,within_review_threshold,stale,136,8.0.1,https://oregon-gtfs.com/gtfs_data/corvallis-or-us/corvallis-or-us.zip,"Re-export the feed with a calendar that reaches further out, and set feed_info feed_end_date past your next service change.",https://gtfsscorecard.org/agency/city-of-corvallis/,US,US-OR,Oregon
city-of-corvallis-136,City of Corvallis,,F,45.3,medium,22,2026-07-10,-1835,within_review_threshold,stale,,8.0.1,http://oregon-gtfs.com/gtfs_data/corvallis-or-us/corvallis-or-us.zip,"Re-export the feed with a calendar that reaches further out, and set feed_info feed_end_date past your next service change.",https://gtfsscorecard.org/agency/city-of-corvallis-136/,US,,
city-of-corvallis-2283,City of Corvallis,Oregon,C,73.5,medium,65,2026-07-10,539,within_review_threshold,current,2283,8.0.1,http://www.corvallistransit.com/rtt/public/resource/gtfs.zip,Set wheelchair_boarding to 1 (accessible) or 2 (not accessible) for every stop. A field survey can start with the busiest stops.,https://gtfsscorecard.org/agency/city-of-corvallis-2283/,US,US-OR,Oregon
city-of-douglas,City of Douglas,Arizona,D,69.8,small,60,2026-07-10,-71,within_review_threshold,lapsed,2864,8.0.1,https://rapid.nationalrtap.org/GTFSFileManagement/UserUploadFiles/13058/douglas_az_gtfs.zip,"Re-export the feed with a calendar that reaches further out, and set feed_info feed_end_date past your next service change.",https://gtfsscorecard.org/agency/city-of-douglas/,US,US-AZ,Arizona
city-of-ellensburg-public-transit-central-transit,City of Ellensburg Public Transit (Central Transit),Washington,D,69.7,small,60,2026-07-10,-466,within_review_threshold,stale,303,8.0.1,https://mjcaction.com/MJC_GTFS_Public/centraltransit_google_transit.zip,"Re-export the feed with a calendar that reaches further out, and set feed_info feed_end_date past your next service change.",https://gtfsscorecard.org/agency/city-of-ellensburg-public-transit-central-transit/,US,US-WA,Washington
city-of-ellensburg-public-transit-central-transit-2456,City of Ellensburg Public Transit (Central Transit),Washington,A,92.3,small,98,2026-07-10,114,within_review_threshold,current,2456,8.0.1,https://data.trilliumtransit.com/gtfs/ellensburg-wa-us/ellensburg-wa-us.zip,"Set wheelchair_accessible on every trip (most small-agency fleets are 100% accessible, so this is often a single default).",https://gtfsscorecard.org/agency/city-of-ellensburg-public-transit-central-transit-2456/,US,US-WA,Washington
city-of-ellensburg-public-transit-central-transit-303,City of Ellensburg Public Transit (Central Transit),,D,69.7,small,60,2026-07-10,-466,within_review_threshold,stale,,8.0.1,http://mjcaction.com/MJC_GTFS_Public/centraltransit_google_transit.zip,"Re-export the feed with a calendar that reaches further out, and set feed_info feed_end_date past your next service change.",https://gtfsscorecard.org/agency/city-of-ellensburg-public-transit-central-transit-303/,US,,
city-of-fountain-transit,City of Fountain Transit,Colorado,B,81.1,small,83,2026-07-10,143,within_review_threshold,current,309,8.0.1,https://data.trilliumtransit.com/gtfs/cityoffountaintransit-co-us/cityoffountaintransit-co-us.zip,Set wheelchair_boarding to 1 (accessible) or 2 (not accessible) for every stop. A field survey can start with the busiest stops.,https://gtfsscorecard.org/agency/city-of-fountain-transit/,US,US-CO,Colorado
city-of-fountain-transit-309,City of Fountain Transit,,B,81.1,small,83,2026-07-10,143,within_review_threshold,current,,8.0.1,http://data.trilliumtransit.com/gtfs/cityoffountaintransit-co-us/cityoffountaintransit-co-us.zip,Set wheelchair_boarding to 1 (accessible) or 2 (not accessible) for every stop. A field survey can start with the busiest stops.,https://gtfsscorecard.org/agency/city-of-fountain-transit-309/,US,,
city-of-gadsen,COG Trolley Routes,Alabama,B,88.4,medium,96,2026-07-10,949,within_review_threshold,current,2419,8.0.1,https://coggis.cityofgadsden.com/Public/Transportion/COG_trips.zip,Populate trip_headsign to match what the bus displays.,https://gtfsscorecard.org/agency/city-of-gadsen/,US,US-AL,Alabama
city-of-glendale,City of Glendale,California,F,49.1,medium,32,2026-07-10,-1409,within_review_threshold,stale,1245,8.0.1,https://transitfeeds.com/p/city-of-glendale/628/latest/download,"Re-export the feed with a calendar that reaches further out, and set feed_info feed_end_date past your next service change.",https://gtfsscorecard.org/agency/city-of-glendale/,US,US-CA,California
city-of-jackson-jtran,City of Jackson (JTRAN),Mississippi,C,71.1,large,61,2026-07-10,30,within_review_threshold,expiring_soon,2652,8.0.1,https://passio3.com/jtran/passioTransit/gtfs/google_transit.zip,Set wheelchair_boarding to 1 (accessible) or 2 (not accessible) for every stop. A field survey can start with the busiest stops.,https://gtfsscorecard.org/agency/city-of-jackson-jtran/,US,US-MS,Mississippi
city-of-las-vegas,City of Las Vegas,Nevada,F,51.9,small,39,2026-07-10,-375,within_review_threshold,stale,565,8.0.1,https://data.trilliumtransit.com/gtfs/lasvegasloop-nv-us/lasvegasloop-nv-us.zip,"Re-export the feed with a calendar that reaches further out, and set feed_info feed_end_date past your next service change.",https://gtfsscorecard.org/agency/city-of-las-vegas/,US,US-NV,Nevada
city-of-las-vegas-565,City of Las Vegas,,F,51.9,small,39,2026-07-10,-375,within_review_threshold,stale,,8.0.1,http://data.trilliumtransit.com/gtfs/lasvegasloop-nv-us/lasvegasloop-nv-us.zip,"Re-export the feed with a calendar that reaches further out, and set feed_info feed_end_date past your next service change.",https://gtfsscorecard.org/agency/city-of-las-vegas-565/,US,,
city-of-lompoc-transit-colt,City of Lompoc Transit (COLT),California,F,45.8,small,23,2026-07-10,-830,within_review_threshold,stale,919,8.0.1,https://www.cityoflompoc.com/home/showdocument?id=29896,"Re-export the feed with a calendar that reaches further out, and set feed_info feed_end_date past your next service change.",https://gtfsscorecard.org/agency/city-of-lompoc-transit-colt/,US,US-CA,California
city-of-long-beach-transportation,City of Long Beach Transportation,New York,D,64.2,medium,54,2026-07-10,174,within_review_threshold,current,916,8.0.1,https://s3.amazonaws.com/datatools-511ny/public/City_of_Long_Beach.zip,Set wheelchair_boarding to 1 (accessible) or 2 (not accessible) for every stop. A field survey can start with the busiest stops.,https://gtfsscorecard.org/agency/city-of-long-beach-transportation/,US,US-NY,New York
city-of-loveland,Flex,Colorado,D,64.4,small,54,2026-07-10,22,within_review_threshold,expiring_soon,2161,8.0.1,https://data.trilliumtransit.com/gtfs/cityofloveland-co-us/cityofloveland-co-us--flex-v2.zip,Re-export with a validity window that reaches at least 60 days out.,https://gtfsscorecard.org/agency/city-of-loveland/,US,US-CO,Colorado
city-of-madera,City of Madera,California,F,58.2,medium,48,2026-07-10,22,within_review_threshold,expiring_soon,91,8.0.1,https://data.trilliumtransit.com/gtfs/cityofmadera-ca-us/cityofmadera-ca-us.zip,Re-export with a validity window that reaches at least 60 days out.,https://gtfsscorecard.org/agency/city-of-madera/,US,US-CA,California
city-of-madera-91,City of Madera,,F,58.2,medium,48,2026-07-10,22,within_review_threshold,expiring_soon,,8.0.1,http://data.trilliumtransit.com/gtfs/cityofmadera-ca-us/cityofmadera-ca-us.zip,Re-export with a validity window that reaches at least 60 days out.,https://gtfsscorecard.org/agency/city-of-madera-91/,US,,
city-of-mechanicville-public-transit,City of Mechanicville Public Transit,New York,D,65.9,small,56,2026-07-10,77,within_review_threshold,current,541,8.0.1,https://s3.amazonaws.com/datatools-511ny/public/City_of_Mechanicville_Public_Transit.zip,Set wheelchair_boarding to 1 (accessible) or 2 (not accessible) for every stop. A field survey can start with the busiest stops.,https://gtfsscorecard.org/agency/city-of-mechanicville-public-transit/,US,US-NY,New York
city-of-miami-beach,City of Miami Beach,Florida,C,72.0,medium,62,2026-07-10,175,within_review_threshold,current,2322,8.0.1,https://data.trilliumtransit.com/gtfs/miamibeach-fl-us/miamibeach-fl-us.zip,Set wheelchair_boarding to 1 (accessible) or 2 (not accessible) for every stop. A field survey can start with the busiest stops.,https://gtfsscorecard.org/agency/city-of-miami-beach/,US,US-FL,Florida
city-of-miami-gardens,City of Miami Gardens,Florida,C,77.2,medium,73,2026-07-10,175,within_review_threshold,current,2323,8.0.1,https://data.trilliumtransit.com/gtfs/miamigardens-fl-us/miamigardens-fl-us.zip,Set wheelchair_boarding to 1 (accessible) or 2 (not accessible) for every stop. A field survey can start with the busiest stops.,https://gtfsscorecard.org/agency/city-of-miami-gardens/,US,US-FL,Florida
city-of-milton-freewater-public-transportation,City of Milton-Freewater Public Transportation,Oregon,F,52.8,small,40,2026-07-10,-898,within_review_threshold,stale,274,8.0.1,https://oregon-gtfs.com/gtfs_data/milton-freewater-or-us/milton-freewater-or-us.zip,"Re-export the feed with a calendar that reaches further out, and set feed_info feed_end_date past your next service change.",https://gtfsscorecard.org/agency/city-of-milton-freewater-public-transportation/,US,US-OR,Oregon
city-of-milton-freewater-public-transportation-2189,City of Milton-Freewater Public Transportation,Oregon,D,69.3,medium,59,2026-07-10,174,within_review_threshold,current,2189,8.0.1,https://oregon-gtfs.trilliumtransit.com/gtfs_data/ctuir-or-us/ctuir-or-us.zip,Set wheelchair_boarding to 1 (accessible) or 2 (not accessible) for every stop. A field survey can start with the busiest stops.,https://gtfsscorecard.org/agency/city-of-milton-freewater-public-transportation-2189/,US,US-OR,Oregon
city-of-milton-freewater-public-transportation-274,City of Milton-Freewater Public Transportation,,F,52.8,small,40,2026-07-10,-898,within_review_threshold,stale,,8.0.1,http://oregon-gtfs.com/gtfs_data/milton-freewater-or-us/milton-freewater-or-us.zip,"Re-export the feed with a calendar that reaches further out, and set feed_info feed_end_date past your next service change.",https://gtfsscorecard.org/agency/city-of-milton-freewater-public-transportation-274/,US,,
city-of-san-luis-obispo-transit,City of San Luis Obispo Transit,,B,86.4,medium,94,2026-07-10,175,within_review_threshold,current,,8.0.1,https://app.mecatran.com/urb/ws/feed/c2l0ZT1zbG90cmFuc2l0O2NsaWVudD1zZWxmO2V4cGlyZT07dHlwZT1ndGZzO2tleT0zZTMwMzM1OTRiMTE2NzA0N2IxNjQwNjA0ZjQwMGMzMzdiM2E1MTQ0,Set wheelchair_boarding to 1 (accessible) or 2 (not accessible) for every stop. A field survey can start with the busiest stops.,https://gtfsscorecard.org/agency/city-of-san-luis-obispo-transit/,US,,
city-of-show-low,City of Show Low,Arizona,F,57.2,small,47,2026-07-10,-71,within_review_threshold,lapsed,2863,8.0.1,https://mjcaction.com/MJC_GTFS_Public/showlow_gtfs.zip,"Re-export the feed with a calendar that reaches further out, and set feed_info feed_end_date past your next service change.",https://gtfsscorecard.org/agency/city-of-show-low/,US,US-AZ,Arizona
city-of-sierra-vista,City of Sierra Vista,Arizona,F,48.6,small,31,2026-07-10,-2748,within_review_threshold,stale,145,8.0.1,http://demopro.nationalrtap.org/admin/GTFSzipFiles/3746/google_transit.zip,"Re-export the feed with a calendar that reaches further out, and set feed_info feed_end_date past your next service change.",https://gtfsscorecard.org/agency/city-of-sierra-vista/,US,US-AZ,Arizona
city-of-tracy,City of Tracy,,C,72.6,small,63,2026-07-10,175,within_review_threshold,current,,8.0.1,https://data.trilliumtransit.com/gtfs/tracy-ca-us/tracy-ca-us--flex-v2.zip,Set wheelchair_boarding to 1 (accessible) or 2 (not accessible) for every stop. A field survey can start with the busiest stops.,https://gtfsscorecard.org/agency/city-of-tracy/,US,,
city-of-tracy-tracer,City of Tracy (TRACER),California,F,14.6,medium,1,2026-07-10,-1440,within_review_threshold,stale,877,8.0.1,https://data.trilliumtransit.com/gtfs/tracy-ca-us/tracy-ca-us.zip,"Re-export the feed with a calendar that reaches further out, and set feed_info feed_end_date past your next service change.",https://gtfsscorecard.org/agency/city-of-tracy-tracer/,US,US-CA,California
city-of-tracy-tracer-3099,City of Tracy (TRACER),California,D,69.8,medium,60,2026-07-10,327,within_review_threshold,current,3099,8.0.1,https://s3.amazonaws.com/etatransit.gtfs/tracer.etaspot.net/gtfs.zip,Set wheelchair_boarding to 1 (accessible) or 2 (not accessible) for every stop. A field survey can start with the busiest stops.,https://gtfsscorecard.org/agency/city-of-tracy-tracer-3099/,US,US-CA,California
city-of-tracy-tracer-877,City of Tracy (TRACER),,F,14.6,medium,1,2026-07-10,-1440,within_review_threshold,stale,,8.0.1,http://data.trilliumtransit.com/gtfs/tracy-ca-us/tracy-ca-us.zip,"Re-export the feed with a calendar that reaches further out, and set feed_info feed_end_date past your next service change.",https://gtfsscorecard.org/agency/city-of-tracy-tracer-877/,US,,
city-of-winona-mn-winona-transit-service,City of Winona MN - Winona Transit Service,Minnesota,D,61.7,small,51,2026-07-10,-190,within_review_threshold,lapsed,2032,8.0.1,https://www.cityofwinona.com/DocumentCenter/View/4850/WinonaMN-TXT-GTFS-Feed,"Re-export the feed with a calendar that reaches further out, and set feed_info feed_end_date past your next service change.",https://gtfsscorecard.org/agency/city-of-winona-mn-winona-transit-service/,US,US-MN,Minnesota
citybus-of-greater-lafayette-indiana-citybus,CityBus of Greater Lafayette Indiana (CityBus),Indiana,C,76.2,medium,71,2026-07-10,44,within_review_threshold,current,391,8.0.1,https://bus.gocitybus.com/GTFSRT/citybus-lafayette-in-us.zip,Set wheelchair_boarding to 1 (accessible) or 2 (not accessible) for every stop. A field survey can start with the busiest stops.,https://gtfsscorecard.org/agency/citybus-of-greater-lafayette-indiana-citybus/,US,US-IN,Indiana
clackamas-community-college-ccc-xpress,Clackamas Community College (CCC) Xpress,Oregon,F,54.8,small,43,2026-07-10,-1409,within_review_threshold,stale,257,8.0.1,https://oregon-gtfs.trilliumtransit.com/gtfs_data/cccxpress-or-us/cccxpress-or-us.zip,"Re-export the feed with a calendar that reaches further out, and set feed_info feed_end_date past your next service change.",https://gtfsscorecard.org/agency/clackamas-community-college-ccc-xpress/,US,US-OR,Oregon
clackco-connects-clackamas-county,ClackCo Connects (Clackamas County),Oregon,B,84.0,small,91,2026-07-10,144,within_review_threshold,current,312,8.0.1,https://oregon-gtfs.trilliumtransit.com/gtfs_data/clackamascounty-or-us/clackamascounty-or-us.zip,Set wheelchair_boarding to 1 (accessible) or 2 (not accessible) for every stop. A field survey can start with the busiest stops.,https://gtfsscorecard.org/agency/clackco-connects-clackamas-county/,US,US-OR,Oregon
clackco-connects-clackamas-county-2740,Static feed for realtime,Oregon,D,65.1,medium,55,2026-07-10,30,within_review_threshold,expiring_soon,2740,8.0.1,https://passio3.com/clackamas/passioTransit/gtfs/google_transit.zip,Set wheelchair_boarding to 1 (accessible) or 2 (not accessible) for every stop. A field survey can start with the busiest stops.,https://gtfsscorecard.org/agency/clackco-connects-clackamas-county-2740/,US,US-OR,Oregon
clackco-connects-clackamas-county-2741,Flex,Oregon,C,76.1,small,71,2026-07-10,144,within_review_threshold,current,2741,8.0.1,https://oregon-gtfs.trilliumtransit.com/gtfs_data/clackamascounty-or-us/clackamascounty-or-us--flex-v2.zip,Review the rule documentation for 'invalid_pickup_drop_off_window' at https://gtfs-validator.mobilitydata.org/rules.html and check the flagged rows in your feed.,https://gtfsscorecard.org/agency/clackco-connects-clackamas-county-2741/,US,US-OR,Oregon
clackco-connects-clackamas-county-312,ClackCo Connects (Clackamas County),,B,84.0,small,91,2026-07-10,144,within_review_threshold,current,,8.0.1,http://oregon-gtfs.trilliumtransit.com/gtfs_data/clackamascounty-or-us/clackamascounty-or-us.zip,Set wheelchair_boarding to 1 (accessible) or 2 (not accessible) for every stop. A field survey can start with the busiest stops.,https://gtfsscorecard.org/agency/clackco-connects-clackamas-county-312/,US,,
clallam-transit-system,Clallam Transit System,Washington,C,78.2,medium,76,2026-07-10,316,within_review_threshold,current,279,8.0.1,https://mjcaction.com/MJC_GTFS_Public/clallam_google_transit.zip,Re-generate shape distances in your export; flag to your vendor if it persists.,https://gtfsscorecard.org/agency/clallam-transit-system/,US,US-WA,Washington
clallam-transit-system-279,Clallam Transit System,,C,78.2,medium,76,2026-07-10,316,within_review_threshold,current,,8.0.1,http://mjcaction.com/MJC_GTFS_Public/clallam_google_transit.zip,Re-generate shape distances in your export; flag to your vendor if it persists.,https://gtfsscorecard.org/agency/clallam-transit-system-279/,US,,
clarkstown-minitrans,Clarkstown MiniTrans,New York,D,63.1,small,53,2026-07-10,174,within_review_threshold,current,911,8.0.1,https://s3.amazonaws.com/datatools-511ny/public/Clarkstown_Mini_Trans.zip,Set wheelchair_boarding to 1 (accessible) or 2 (not accessible) for every stop. A field survey can start with the busiest stops.,https://gtfsscorecard.org/agency/clarkstown-minitrans/,US,US-NY,New York
clear-creek-county-transit,Clear Creek County Transit,Colorado,C,75.9,small,70,2026-07-10,143,within_review_threshold,current,313,8.0.1,https://data.trilliumtransit.com/gtfs/clearcreek-co-us/clearcreek-co-us.zip,Set wheelchair_boarding to 1 (accessible) or 2 (not accessible) for every stop. A field survey can start with the busiest stops.,https://gtfsscorecard.org/agency/clear-creek-county-transit/,US,US-CO,Colorado
clear-creek-county-transit-313,Clear Creek County Transit,,C,75.9,small,70,2026-07-10,143,within_review_threshold,current,,8.0.1,http://data.trilliumtransit.com/gtfs/clearcreek-co-us/clearcreek-co-us.zip,Set wheelchair_boarding to 1 (accessible) or 2 (not accessible) for every stop. A field survey can start with the busiest stops.,https://gtfsscorecard.org/agency/clear-creek-county-transit-313/,US,,
clemson-area-transit-cat,Clemson Area Transit (CAT),South Carolina,F,46.6,medium,25,2026-07-10,-2401,within_review_threshold,stale,798,8.0.1,https://data.trilliumtransit.com/gtfs/clemson-sc-us/clemson-sc-us.zip,"Re-export the feed with a calendar that reaches further out, and set feed_info feed_end_date past your next service change.",https://gtfsscorecard.org/agency/clemson-area-transit-cat/,US,US-SC,South Carolina
clemson-area-transit-cat-798,Clemson Area Transit (CAT),,F,46.6,medium,25,2026-07-10,-2401,within_review_threshold,stale,,8.0.1,http://data.trilliumtransit.com/gtfs/clemson-sc-us/clemson-sc-us.zip,"Re-export the feed with a calendar that reaches further out, and set feed_info feed_end_date past your next service change.",https://gtfsscorecard.org/agency/clemson-area-transit-cat-798/,US,,
clinton-county-public-transit-ccpt,Clinton County Public Transit (CCPT),New York,F,35.3,medium,9,2026-07-10,-40,within_review_threshold,lapsed,544,8.0.1,https://s3.amazonaws.com/datatools-511ny/public/Clinton_County_Public_Transit.zip,"Re-export the feed with a calendar that reaches further out, and set feed_info feed_end_date past your next service change.",https://gtfsscorecard.org/agency/clinton-county-public-transit-ccpt/,US,US-NY,New York
clinton-municipal-transit-administration-clinton-mta,Clinton Municipal Transit Administration (Clinton MTA),Iowa,C,79.4,medium,78,2026-07-10,52,within_review_threshold,current,202,8.0.1,https://data.trilliumtransit.com/gtfs/clintonmta-ia-us/clintonmta-ia-us.zip,Set wheelchair_boarding to 1 (accessible) or 2 (not accessible) for every stop. A field survey can start with the busiest stops.,https://gtfsscorecard.org/agency/clinton-municipal-transit-administration-clinton-mta/,US,US-IA,Iowa
clinton-municipal-transit-administration-clinton-mta-202,Clinton Municipal Transit Administration (Clinton MTA),,C,79.4,medium,78,2026-07-10,52,within_review_threshold,current,,8.0.1,http://data.trilliumtransit.com/gtfs/clintonmta-ia-us/clintonmta-ia-us.zip,Set wheelchair_boarding to 1 (accessible) or 2 (not accessible) for every stop. A field survey can start with the busiest stops.,https://gtfsscorecard.org/agency/clinton-municipal-transit-administration-clinton-mta-202/,US,,
clovis-transit,Clovis Transit,California,F,59.8,medium,50,2026-07-10,-35,within_review_threshold,lapsed,89,8.0.1,https://data.trilliumtransit.com/gtfs/clovistransit-ca-us/clovistransit-ca-us.zip,"Re-export the feed with a calendar that reaches further out, and set feed_info feed_end_date past your next service change.",https://gtfsscorecard.org/agency/clovis-transit/,US,US-CA,California
clovis-transit-2894,Clovis Transit,California,C,72.7,medium,63,2026-07-10,30,within_review_threshold,expiring_soon,2894,8.0.1,https://passio3.com/clovis/passioTransit/gtfs/google_transit.zip,"Set wheelchair_accessible on every trip (most small-agency fleets are 100% accessible, so this is often a single default).",https://gtfsscorecard.org/agency/clovis-transit-2894/,US,US-CA,California
clovis-transit-89,Clovis Transit,,F,59.8,medium,50,2026-07-10,-35,within_review_threshold,lapsed,,8.0.1,http://data.trilliumtransit.com/gtfs/clovistransit-ca-us/clovistransit-ca-us.zip,"Re-export the feed with a calendar that reaches further out, and set feed_info feed_end_date past your next service change.",https://gtfsscorecard.org/agency/clovis-transit-89/,US,,
coach-company,Coach Company,Massachusetts,F,48.5,small,31,2026-07-10,-1501,within_review_threshold,stale,436,8.0.1,https://data.trilliumtransit.com/gtfs/coachcompany-ma-us/coachcompany-ma-us.zip,"Re-export the feed with a calendar that reaches further out, and set feed_info feed_end_date past your next service change.",https://gtfsscorecard.org/agency/coach-company/,US,US-MA,Massachusetts
coach-company-436,Coach Company,,F,48.5,small,31,2026-07-10,-1501,within_review_threshold,stale,,8.0.1,http://data.trilliumtransit.com/gtfs/coachcompany-ma-us/coachcompany-ma-us.zip,"Re-export the feed with a calendar that reaches further out, and set feed_info feed_end_date past your next service change.",https://gtfsscorecard.org/agency/coach-company-436/,US,,
coast-transportation,COAST Transportation,Washington,F,38.5,small,11,2026-07-10,-160,within_review_threshold,lapsed,2162,8.0.1,https://data.trilliumtransit.com/gtfs/coasttransportation-wa-us/coasttransportation-wa-us--flex-v2.zip,"Re-export the feed with a calendar that reaches further out, and set feed_info feed_end_date past your next service change.",https://gtfsscorecard.org/agency/coast-transportation/,US,US-WA,Washington
cobb-community-transit-cct,Cobb Community Transit (CCT),Georgia,F,26.2,small,4,2026-07-10,,unknown,unknown,354,8.0.1,https://www.arcgis.com/sharing/rest/content/items/1ce8e370a12c41b5854d8baa21f8451c/data,Add feed_start_date and feed_end_date to feed_info.txt and include calendar end dates in your export.,https://gtfsscorecard.org/agency/cobb-community-transit-cct/,US,US-GA,Georgia
cobblinc,CobbLinc,Georgia,D,61.2,medium,51,2026-07-10,174,within_review_threshold,current,3193,8.0.1,https://cobb.rideralerts.com/InfoPoint/GTFS-Zip.ashx,Check the trip updates endpoint with your AVL vendor; it should return a fresh GTFS-Realtime protobuf on every request.,https://gtfsscorecard.org/agency/cobblinc/,US,US-GA,Georgia
collier-area-transit-cat,Collier Area Transit (CAT),Florida,F,30.1,medium,5,2026-07-10,-2017,within_review_threshold,stale,323,8.0.1,https://ftis.org/PostFileDownload.aspx?id=396A0,"Re-export the feed with a calendar that reaches further out, and set feed_info feed_end_date past your next service change.",https://gtfsscorecard.org/agency/collier-area-transit-cat/,US,US-FL,Florida
collier-area-transit-cat-2259,Collier Area Transit (CAT),Florida,F,49.2,large,32,2026-07-10,15,within_review_threshold,expiring_soon,2259,8.0.1,https://cat.cadavl.com:4431/CAT/GTFS/GTFS_CAT.zip,Re-export with a validity window that reaches at least 60 days out.,https://gtfsscorecard.org/agency/collier-area-transit-cat-2259/,US,US-FL,Florida
colorado-mountain-express,Colorado Mountain Express,Colorado,C,75.4,small,69,2026-07-10,294,within_review_threshold,current,172,8.0.1,https://data.trilliumtransit.com/gtfs/cme-co-us/cme-co-us.zip,Set wheelchair_boarding to 1 (accessible) or 2 (not accessible) for every stop. A field survey can start with the busiest stops.,https://gtfsscorecard.org/agency/colorado-mountain-express/,US,US-CO,Colorado
colorado-mountain-express-172,Colorado Mountain Express,,C,75.4,small,69,2026-07-10,294,within_review_threshold,current,,8.0.1,http://data.trilliumtransit.com/gtfs/cme-co-us/cme-co-us.zip,Set wheelchair_boarding to 1 (accessible) or 2 (not accessible) for every stop. A field survey can start with the busiest stops.,https://gtfsscorecard.org/agency/colorado-mountain-express-172/,US,,
colorado-school-of-mines,Colorado School Of Mines,Colorado,C,76.4,small,72,2026-07-10,143,within_review_threshold,current,2413,8.0.1,https://data.trilliumtransit.com/gtfs/cityofgolden-co-us/cityofgolden-co-us.zip,Set wheelchair_boarding to 1 (accessible) or 2 (not accessible) for every stop. A field survey can start with the busiest stops.,https://gtfsscorecard.org/agency/colorado-school-of-mines/,US,US-CO,Colorado
columbia-area-transit-cat,Columbia Area Transit (CAT),Oregon,B,81.1,small,83,2026-07-10,175,within_review_threshold,current,260,8.0.1,https://oregon-gtfs.trilliumtransit.com/gtfs_data/hoodriver-or-us/hoodriver-or-us.zip,Set wheelchair_boarding to 1 (accessible) or 2 (not accessible) for every stop. A field survey can start with the busiest stops.,https://gtfsscorecard.org/agency/columbia-area-transit-cat/,US,US-OR,Oregon
columbia-county-public-transportation,Columbia County Public Transportation,Washington,C,73.1,small,64,2026-07-10,325,within_review_threshold,current,2168,8.0.1,http://data.trilliumtransit.com/gtfs/columbiacounty-wa-us/columbiacounty-wa-us--flex-v2.zip,Set wheelchair_boarding to 1 (accessible) or 2 (not accessible) for every stop. A field survey can start with the busiest stops.,https://gtfsscorecard.org/agency/columbia-county-public-transportation/,US,US-WA,Washington
columbia-county-public-transportation-3116,Columbia County Public Transportation,New York,C,77.7,small,74,2026-07-10,1270,within_review_threshold,current,3116,8.0.1,https://github.com/columbia-county-ny-transit/gtfs-generator/raw/refs/heads/main/columbia_county_gtfs.zip,Set wheelchair_boarding to 1 (accessible) or 2 (not accessible) for every stop. A field survey can start with the busiest stops.,https://gtfsscorecard.org/agency/columbia-county-public-transportation-3116/,US,US-NY,New York
columbia-county-rider,Columbia County Rider,,C,77.9,small,75,2026-07-10,114,within_review_threshold,current,3037,8.0.1,https://oregon-gtfs.trilliumtransit.com/gtfs_data/columbiacounty-or-us/columbiacounty-or-us--flex-v2.zip,Set wheelchair_boarding to 1 (accessible) or 2 (not accessible) for every stop. A field survey can start with the busiest stops.,https://gtfsscorecard.org/agency/columbia-county-rider/,US,,
colville-confederated-tribes-transit,Colville Confederated Tribes Transit,Washington,C,79.4,small,78,2026-07-10,234,within_review_threshold,current,2302,8.0.1,https://data.trilliumtransit.com/gtfs/ccttransit-wa-us/ccttransit-wa-us.zip,Set wheelchair_boarding to 1 (accessible) or 2 (not accessible) for every stop. A field survey can start with the busiest stops.,https://gtfsscorecard.org/agency/colville-confederated-tribes-transit/,US,US-WA,Washington
commerce-municipal-bus-lines,Commerce Municipal Bus Lines,,B,83.8,medium,90,2026-07-10,1635,within_review_threshold,current,,8.0.1,https://citycommbus.com/gtfs,Set wheelchair_boarding to 1 (accessible) or 2 (not accessible) for every stop. A field survey can start with the busiest stops.,https://gtfsscorecard.org/agency/commerce-municipal-bus-lines/,US,,
community-in-motion,Community in Motion,Washington,C,74.5,small,67,2026-07-10,144,within_review_threshold,current,2163,8.0.1,https://data.trilliumtransit.com/gtfs/communityinmotion-wa-us/communityinmotion-wa-us--flex-v2.zip,Set wheelchair_boarding to 1 (accessible) or 2 (not accessible) for every stop. A field survey can start with the busiest stops.,https://gtfsscorecard.org/agency/community-in-motion/,US,US-WA,Washington
community-transit-ct,Community Transit (CT),Washington,B,81.0,large,83,2026-07-10,49,within_review_threshold,current,287,8.0.1,https://www.communitytransit.org/docs/default-source/open-data/gtfs/current.zip,Set wheelchair_boarding to 1 (accessible) or 2 (not accessible) for every stop. A field survey can start with the busiest stops.,https://gtfsscorecard.org/agency/community-transit-ct/,US,US-WA,Washington
commute-org-san-mateo-county-shuttles,Commute.org San Mateo County Shuttles,California,B,85.5,medium,94,2026-07-10,175,within_review_threshold,current,61,8.0.1,https://data.trilliumtransit.com/gtfs/commute-ca-us/commute-ca-us.zip,"Set wheelchair_accessible on every trip (most small-agency fleets are 100% accessible, so this is often a single default).",https://gtfsscorecard.org/agency/commute-org-san-mateo-county-shuttles/,US,US-CA,California
commute-org-san-mateo-county-shuttles-61,Commute.org San Mateo County Shuttles,,B,85.5,medium,94,2026-07-10,175,within_review_threshold,current,,8.0.1,http://data.trilliumtransit.com/gtfs/commute-ca-us/commute-ca-us.zip,"Set wheelchair_accessible on every trip (most small-agency fleets are 100% accessible, so this is often a single default).",https://gtfsscorecard.org/agency/commute-org-san-mateo-county-shuttles-61/,US,,
compton-renaissance,Compton Renaissance,,F,32.4,medium,7,2026-07-10,-1287,within_review_threshold,stale,,8.0.1,https://raw.githubusercontent.com/LACMTA/los-angeles-regional-gtfs/main/compton-ca-us/compton-ca-us.zip,"Re-export the feed with a calendar that reaches further out, and set feed_info feed_end_date past your next service change.",https://gtfsscorecard.org/agency/compton-renaissance/,US,,
concord-area-transit,Flex,New Hampshire,F,41.1,small,15,2026-07-10,-9,within_review_threshold,lapsed,2164,8.0.1,https://data.trilliumtransit.com/gtfs/concordareatransit-nh-us/concordareatransit-nh-us--flex-v2.zip,"Re-export the feed with a calendar that reaches further out, and set feed_info feed_end_date past your next service change.",https://gtfsscorecard.org/agency/concord-area-transit/,US,US-NH,New Hampshire
concord-kannapolis-area-transit-rider-transit,Concord Kannapolis Area Transit (Rider Transit),North Carolina,F,42.9,medium,18,2026-07-10,-1287,within_review_threshold,stale,372,8.0.1,https://data.trilliumtransit.com/gtfs/ckrider-nc-us/ckrider-nc-us.zip,"Re-export the feed with a calendar that reaches further out, and set feed_info feed_end_date past your next service change.",https://gtfsscorecard.org/agency/concord-kannapolis-area-transit-rider-transit/,US,US-NC,North Carolina
concord-kannapolis-area-transit-rider-transit-2244,Concord Kannapolis Area Transit (Rider Transit),North Carolina,D,65.4,medium,55,2026-07-10,30,within_review_threshold,expiring_soon,2244,8.0.1,https://passio3.com/concordKat/passioTransit/gtfs/google_transit.zip,Set wheelchair_boarding to 1 (accessible) or 2 (not accessible) for every stop. A field survey can start with the busiest stops.,https://gtfsscorecard.org/agency/concord-kannapolis-area-transit-rider-transit-2244/,US,US-NC,North Carolina
concord-kannapolis-area-transit-rider-transit-372,Concord Kannapolis Area Transit (Rider Transit),,F,42.9,medium,18,2026-07-10,-1287,within_review_threshold,stale,,8.0.1,http://data.trilliumtransit.com/gtfs/ckrider-nc-us/ckrider-nc-us.zip,"Re-export the feed with a calendar that reaches further out, and set feed_info feed_end_date past your next service change.",https://gtfsscorecard.org/agency/concord-kannapolis-area-transit-rider-transit-372/,US,,
connect-transit,Connect Transit,Texas,F,35.0,large,8,2026-07-10,-1470,within_review_threshold,stale,625,8.0.1,https://data.trilliumtransit.com/gtfs/gulfcoastcenter-tx-us/gulfcoastcenter-tx-us.zip,"Re-export the feed with a calendar that reaches further out, and set feed_info feed_end_date past your next service change.",https://gtfsscorecard.org/agency/connect-transit/,US,US-TX,Texas
connect-transit-1238,Connect Transit,Illinois,F,37.4,medium,10,2026-07-10,-2504,within_review_threshold,stale,1238,8.0.1,https://transitfeeds.com/p/connect-transit/668/latest/download,"Re-export the feed with a calendar that reaches further out, and set feed_info feed_end_date past your next service change.",https://gtfsscorecard.org/agency/connect-transit-1238/,US,US-IL,Illinois
connect-transit-2267,Connect Transit,Illinois,D,64.4,medium,54,2026-07-10,26837,unusually_distant,current,2267,8.0.1,https://rideconnecttransit.com/gtfs,Set wheelchair_boarding to 1 (accessible) or 2 (not accessible) for every stop. A field survey can start with the busiest stops.,https://gtfsscorecard.org/agency/connect-transit-2267/,US,US-IL,Illinois
connecticut-transit,Connecticut Transit,Connecticut,F,53.6,large,41,2026-07-10,183,within_review_threshold,current,553,8.0.1,https://www.cttransit.com/sites/default/files/gtfs/googlect_transit.zip,Check the trip updates endpoint with your AVL vendor; it should return a fresh GTFS-Realtime protobuf on every request.,https://gtfsscorecard.org/agency/connecticut-transit/,US,US-CT,Connecticut
connecticut-transit-2840,Hartford Line - Rail,Connecticut,B,83.8,small,90,2026-07-10,112,within_review_threshold,current,2840,8.0.1,https://ctrides.com/hlgtfs.zip,"Add fare_attributes.txt (or Fares v2 files) with your fare structure. If your service is fare-free, ask to have it marked fare-free instead.",https://gtfsscorecard.org/agency/connecticut-transit-2840/,US,US-CT,Connecticut
connecticut-transit-597,Hartford Line - Rail,Connecticut,F,58.3,small,48,2026-07-10,-1141,within_review_threshold,stale,597,8.0.1,http://www.hartfordline.com/files/gtfs/gtfs.zip,"Re-export the feed with a calendar that reaches further out, and set feed_info feed_end_date past your next service change.",https://gtfsscorecard.org/agency/connecticut-transit-597/,US,US-CT,Connecticut
continuum,Flex,Colorado,F,22.5,small,2,2026-07-10,-1286,within_review_threshold,stale,2165,8.0.1,https://data.trilliumtransit.com/gtfs/continuum-co-us/continuum-co-us--flex-v2.zip,"Re-export the feed with a calendar that reaches further out, and set feed_info feed_end_date past your next service change.",https://gtfsscorecard.org/agency/continuum/,US,US-CO,Colorado
coos-county-area-transit-ccat,Coos County Area Transit (CCAT),Oregon,C,72.3,medium,63,2026-07-10,114,within_review_threshold,current,21,8.0.1,https://oregon-gtfs.trilliumtransit.com/gtfs_data/cooscounty-or-us/cooscounty-or-us.zip,Set wheelchair_boarding to 1 (accessible) or 2 (not accessible) for every stop. A field survey can start with the busiest stops.,https://gtfsscorecard.org/agency/coos-county-area-transit-ccat/,US,US-OR,Oregon
copper-mountain-transit,Copper Mountain Transit,Arizona,F,56.9,small,47,2026-07-10,-197,within_review_threshold,lapsed,2860,8.0.1,https://rapid.nationalrtap.org/GTFSFileManagement/UserUploadFiles/11492/CMT_gtfs.zip,"Re-export the feed with a calendar that reaches further out, and set feed_info feed_end_date past your next service change.",https://gtfsscorecard.org/agency/copper-mountain-transit/,US,US-AZ,Arizona
coralville-transit,Coralville Transit,Iowa,B,82.8,medium,88,2026-07-10,173,within_review_threshold,current,196,8.0.1,https://data.trilliumtransit.com/gtfs/coralvilletransitsystem-ia-us/coralvilletransitsystem-ia-us.zip,Set wheelchair_boarding to 1 (accessible) or 2 (not accessible) for every stop. A field survey can start with the busiest stops.,https://gtfsscorecard.org/agency/coralville-transit/,US,US-IA,Iowa
coralville-transit-196,Coralville Transit,,B,81.1,medium,83,2026-07-10,173,within_review_threshold,current,,8.0.1,http://data.trilliumtransit.com/gtfs/coralvilletransitsystem-ia-us/coralvilletransitsystem-ia-us.zip,Set wheelchair_boarding to 1 (accessible) or 2 (not accessible) for every stop. A field survey can start with the busiest stops.,https://gtfsscorecard.org/agency/coralville-transit-196/,US,,
corning-erwin-area-transit-system-ceats,Corning Erwin Area Transit System (CEATS),New York,F,40.9,small,15,2026-07-10,-191,within_review_threshold,lapsed,302,8.0.1,https://s3.amazonaws.com/datatools-511ny/public/Corning_Erwin_Area_Transit_System_CEATS.zip,"Re-export the feed with a calendar that reaches further out, and set feed_info feed_end_date past your next service change.",https://gtfsscorecard.org/agency/corning-erwin-area-transit-system-ceats/,US,US-NY,New York
corona-cruiser,Corona Cruiser,California,B,84.0,medium,91,2026-07-10,233,within_review_threshold,current,104,8.0.1,https://data.trilliumtransit.com/gtfs/corona-ca-us/corona-ca-us.zip,Set wheelchair_boarding to 1 (accessible) or 2 (not accessible) for every stop. A field survey can start with the busiest stops.,https://gtfsscorecard.org/agency/corona-cruiser/,US,US-CA,California
corona-cruiser-104,Corona Cruiser,,B,84.0,medium,91,2026-07-10,233,within_review_threshold,current,,8.0.1,http://data.trilliumtransit.com/gtfs/corona-ca-us/corona-ca-us.zip,Set wheelchair_boarding to 1 (accessible) or 2 (not accessible) for every stop. A field survey can start with the busiest stops.,https://gtfsscorecard.org/agency/corona-cruiser-104/,US,,
corpus-christi-regional-transportation-authority,Corpus Christi Regional Transportation Authority,Texas,F,40.0,large,14,2026-07-10,-416,within_review_threshold,stale,315,8.0.1,https://www.ccrta.org/gtfs/ccrta-gtfs.zip,"Re-export the feed with a calendar that reaches further out, and set feed_info feed_end_date past your next service change.",https://gtfsscorecard.org/agency/corpus-christi-regional-transportation-authority/,US,US-TX,Texas
corridorrides,CorridorRides,Iowa,B,86.7,small,95,2026-07-10,144,within_review_threshold,current,316,8.0.1,https://data.trilliumtransit.com/gtfs/corridorrides-ia-us/corridorrides-ia-us.zip,Set wheelchair_boarding to 1 (accessible) or 2 (not accessible) for every stop. A field survey can start with the busiest stops.,https://gtfsscorecard.org/agency/corridorrides/,US,US-IA,Iowa
corridorrides-316,CorridorRides,,B,86.7,small,95,2026-07-10,144,within_review_threshold,current,,8.0.1,http://data.trilliumtransit.com/gtfs/corridorrides-ia-us/corridorrides-ia-us.zip,Set wheelchair_boarding to 1 (accessible) or 2 (not accessible) for every stop. A field survey can start with the busiest stops.,https://gtfsscorecard.org/agency/corridorrides-316/,US,,
cortland-county-public-transportation,Cortland County Public Transportation,New York,F,32.8,medium,7,2026-07-10,-467,within_review_threshold,stale,899,8.0.1,https://s3.amazonaws.com/datatools-511ny/public/Cortland_Transit.zip,"Re-export the feed with a calendar that reaches further out, and set feed_info feed_end_date past your next service change.",https://gtfsscorecard.org/agency/cortland-county-public-transportation/,US,US-NY,New York
cortran,Flex,Virginia,C,78.4,small,76,2026-07-10,114,within_review_threshold,current,2435,8.0.1,https://data.trilliumtransit.com/gtfs/cortran-va-us/cortran-va-us--flex-v2.zip,Set wheelchair_boarding to 1 (accessible) or 2 (not accessible) for every stop. A field survey can start with the busiest stops.,https://gtfsscorecard.org/agency/cortran/,US,US-VA,Virginia
cottonwood-area-transit-cat,Cottonwood Area Transit (CAT),Arizona,C,79.4,medium,78,2026-07-10,144,within_review_threshold,current,158,8.0.1,https://data.trilliumtransit.com/gtfs/cottonwood-az-us/cottonwood-az-us.zip,Set wheelchair_boarding to 1 (accessible) or 2 (not accessible) for every stop. A field survey can start with the busiest stops.,https://gtfsscorecard.org/agency/cottonwood-area-transit-cat/,US,US-AZ,Arizona
cottonwood-area-transit-cat-158,Cottonwood Area Transit (CAT),,C,79.4,medium,78,2026-07-10,144,within_review_threshold,current,,8.0.1,http://data.trilliumtransit.com/gtfs/cottonwood-az-us/cottonwood-az-us.zip,Set wheelchair_boarding to 1 (accessible) or 2 (not accessible) for every stop. A field survey can start with the busiest stops.,https://gtfsscorecard.org/agency/cottonwood-area-transit-cat-158/,US,,
county-connection-cccta,County Connection (CCCTA),California,F,51.9,large,39,2026-07-10,-909,within_review_threshold,stale,1243,8.0.1,https://transitfeeds.com/p/county-connection/222/latest/download,"Re-export the feed with a calendar that reaches further out, and set feed_info feed_end_date past your next service change.",https://gtfsscorecard.org/agency/county-connection-cccta/,US,US-CA,California
county-connection-cccta-2421,County Connection (CCCTA),Tennessee,D,62.1,medium,52,2026-07-10,29,within_review_threshold,expiring_soon,2421,8.0.1,https://countyconnection.com/GTFS/google_transit.zip,Re-export with a validity window that reaches at least 60 days out.,https://gtfsscorecard.org/agency/county-connection-cccta-2421/,US,US-TN,Tennessee
cripple-creek-transportation,Cripple Creek Transportation,Colorado,C,78.4,small,76,2026-07-10,97,within_review_threshold,current,317,8.0.1,https://data.trilliumtransit.com/gtfs/cripplecreek-co-us/cripplecreek-co-us.zip,Set wheelchair_boarding to 1 (accessible) or 2 (not accessible) for every stop. A field survey can start with the busiest stops.,https://gtfsscorecard.org/agency/cripple-creek-transportation/,US,US-CO,Colorado
cripple-creek-transportation-2042,Flex v2 included,Colorado,C,77.5,small,74,2026-07-10,97,within_review_threshold,current,2042,8.0.1,https://data.trilliumtransit.com/gtfs/cripplecreek-co-us/cripplecreek-co-us--flex-v2.zip,Set wheelchair_boarding to 1 (accessible) or 2 (not accessible) for every stop. A field survey can start with the busiest stops.,https://gtfsscorecard.org/agency/cripple-creek-transportation-2042/,US,US-CO,Colorado
cripple-creek-transportation-317,Cripple Creek Transportation,,C,78.4,small,76,2026-07-10,97,within_review_threshold,current,,8.0.1,http://data.trilliumtransit.com/gtfs/cripplecreek-co-us/cripplecreek-co-us.zip,Set wheelchair_boarding to 1 (accessible) or 2 (not accessible) for every stop. A field survey can start with the busiest stops.,https://gtfsscorecard.org/agency/cripple-creek-transportation-317/,US,,
cudahy-area-rapid-transit,Cudahy Area Rapid Transit,California,F,41.7,small,16,2026-07-10,-1652,within_review_threshold,stale,318,8.0.1,https://data.trilliumtransit.com/gtfs/cudahy-ca-us/cudahy-ca-us.zip,"Re-export the feed with a calendar that reaches further out, and set feed_info feed_end_date past your next service change.",https://gtfsscorecard.org/agency/cudahy-area-rapid-transit/,US,US-CA,California
cudahy-area-rapid-transit-2248,Cudahy Area Rapid Transit,California,F,47.1,small,27,2026-07-10,-160,within_review_threshold,lapsed,2248,8.0.1,https://www.cityofcudahy.com/DocumentCenter/View/2041,"Re-export the feed with a calendar that reaches further out, and set feed_info feed_end_date past your next service change.",https://gtfsscorecard.org/agency/cudahy-area-rapid-transit-2248/,US,US-CA,California
cudahy-area-rapid-transit-318,Cudahy Area Rapid Transit,,F,41.7,small,16,2026-07-10,-1652,within_review_threshold,stale,,8.0.1,http://data.trilliumtransit.com/gtfs/cudahy-ca-us/cudahy-ca-us.zip,"Re-export the feed with a calendar that reaches further out, and set feed_info feed_end_date past your next service change.",https://gtfsscorecard.org/agency/cudahy-area-rapid-transit-318/,US,,
cue-bus,CUE Bus,,F,47.9,medium,29,2026-07-10,-183,within_review_threshold,lapsed,2862,8.0.1,https://data.trilliumtransit.com/gtfs/cuebus-va-us/cuebus-va-us.zip,"Re-export the feed with a calendar that reaches further out, and set feed_info feed_end_date past your next service change.",https://gtfsscorecard.org/agency/cue-bus/,US,,
culver-city-bus,Culver City Bus,,F,56.2,medium,45,2026-07-10,2,within_review_threshold,expiring_soon,,8.0.1,https://www.culvercity.org/files/assets/public/documents/information-technology/maps/gtfsexport.zip,Re-export with a validity window that reaches at least 60 days out.,https://gtfsscorecard.org/agency/culver-city-bus/,US,,
curry-public-transit,Curry Public Transit,Oregon,B,84.9,small,93,2026-07-10,114,within_review_threshold,current,22,8.0.1,https://oregon-gtfs.trilliumtransit.com/gtfs_data/currypublictransit-or-us/currypublictransit-brookings-or-us.zip,Set wheelchair_boarding to 1 (accessible) or 2 (not accessible) for every stop. A field survey can start with the busiest stops.,https://gtfsscorecard.org/agency/curry-public-transit/,US,US-OR,Oregon
cuttyhunk-ferry-company,Cuttyhunk Ferry Company,Massachusetts,B,83.1,small,89,2026-07-10,143,within_review_threshold,current,423,8.0.1,https://data.trilliumtransit.com/gtfs/cuttyhunkferryco-ma-us/cuttyhunkferryco-ma-us.zip,Set wheelchair_boarding to 1 (accessible) or 2 (not accessible) for every stop. A field survey can start with the busiest stops.,https://gtfsscorecard.org/agency/cuttyhunk-ferry-company/,US,US-MA,Massachusetts
cuttyhunk-ferry-company-423,Cuttyhunk Ferry Company,,B,83.1,small,89,2026-07-10,143,within_review_threshold,current,,8.0.1,http://data.trilliumtransit.com/gtfs/cuttyhunkferryco-ma-us/cuttyhunkferryco-ma-us.zip,Set wheelchair_boarding to 1 (accessible) or 2 (not accessible) for every stop. A field survey can start with the busiest stops.,https://gtfsscorecard.org/agency/cuttyhunk-ferry-company-423/,US,,
cyride,CyRide,Iowa,C,79.8,medium,79,2026-07-10,37,within_review_threshold,current,923,8.0.1,https://www.cyride.net/gtf/gtfs.zip,Set wheelchair_boarding to 1 (accessible) or 2 (not accessible) for every stop. A field survey can start with the busiest stops.,https://gtfsscorecard.org/agency/cyride/,US,US-IA,Iowa
dallas-area-rapid-transit-dart,Dallas Area Rapid Transit (DART),Texas,F,42.3,large,16,2026-07-10,65,within_review_threshold,current,152,8.0.1,http://www.dart.org/transitdata/latest/google_transit.zip,Review the rule documentation for 'trip_distance_exceeds_shape_distance' at https://gtfs-validator.mobilitydata.org/rules.html and check the flagged rows in your feed.,https://gtfsscorecard.org/agency/dallas-area-rapid-transit-dart/,US,US-TX,Texas
dallas-host-committee,Dallas Host Committee,Texas,F,53.4,small,41,2026-07-10,4,within_review_threshold,expiring_soon,3218,8.0.1,https://d2igk3wxwksqfb.cloudfront.net/dallashostcommitteedata.zip,Re-export with a validity window that reaches at least 60 days out.,https://gtfsscorecard.org/agency/dallas-host-committee/,US,US-TX,Texas
dana-point-trolley,Dana Point Trolley,California,D,62.2,small,52,2026-07-10,8939,unusually_distant,current,2361,8.0.1,https://dptrolley.com/Secure/Admin/Reports/GTFSDownload.aspx,Set wheelchair_boarding to 1 (accessible) or 2 (not accessible) for every stop. A field survey can start with the busiest stops.,https://gtfsscorecard.org/agency/dana-point-trolley/,US,US-CA,California
danville-transit,Flex,Virginia,B,85.0,medium,93,2026-07-10,82,within_review_threshold,current,2440,8.0.1,https://data.trilliumtransit.com/gtfs/danville-va-us/danville-va-us--flex-v2.zip,Set wheelchair_boarding to 1 (accessible) or 2 (not accessible) for every stop. A field survey can start with the busiest stops.,https://gtfsscorecard.org/agency/danville-transit/,US,US-VA,Virginia
dartmouth-college,Dartmouth College,New Hampshire,C,75.2,small,68,2026-07-10,48,within_review_threshold,current,1958,8.0.1,https://data.trilliumtransit.com/gtfs/dartmouth-vt-us/dartmouth-vt-us.zip,Set wheelchair_boarding to 1 (accessible) or 2 (not accessible) for every stop. A field survey can start with the busiest stops.,https://gtfsscorecard.org/agency/dartmouth-college/,US,US-NH,New Hampshire
dattco-motorcoach,DATTCO Motorcoach,Massachusetts,F,50.9,small,36,2026-07-10,-982,within_review_threshold,stale,555,8.0.1,https://data.trilliumtransit.com/gtfs/dattco-ma-us/dattco-ma-us.zip,"Re-export the feed with a calendar that reaches further out, and set feed_info feed_end_date past your next service change.",https://gtfsscorecard.org/agency/dattco-motorcoach/,US,US-MA,Massachusetts
dattco-motorcoach-555,DATTCO Motorcoach,,F,50.9,small,36,2026-07-10,-982,within_review_threshold,stale,,8.0.1,http://data.trilliumtransit.com/gtfs/dattco-ma-us/dattco-ma-us.zip,"Re-export the feed with a calendar that reaches further out, and set feed_info feed_end_date past your next service change.",https://gtfsscorecard.org/agency/dattco-motorcoach-555/,US,,
dc-circulator,Service Discontinued,District of Columbia,F,39.4,medium,13,2026-07-10,-1560,within_review_threshold,stale,486,8.0.1,https://extranet.ddot.dc.gov/ddot_data/gtfs/dc-circulator.zip,"Re-export the feed with a calendar that reaches further out, and set feed_info feed_end_date past your next service change.",https://gtfsscorecard.org/agency/dc-circulator/,US,US-DC,District of Columbia
dc-streetcar,DC Streetcar,District of Columbia,F,45.9,small,24,2026-07-10,-1135,within_review_threshold,stale,487,8.0.1,https://data.trilliumtransit.com/gtfs/dcstreetcar-dc-us/dcstreetcar-dc-us.zip,"Re-export the feed with a calendar that reaches further out, and set feed_info feed_end_date past your next service change.",https://gtfsscorecard.org/agency/dc-streetcar/,US,US-DC,District of Columbia
dc-streetcar-2223,DC Streetcar,District of Columbia,F,57.2,small,47,2026-07-10,-375,within_review_threshold,stale,2223,8.0.1,https://mjcaction.com/MJC_GTFS_Public/dcstreetcar_gtfs.zip,"Re-export the feed with a calendar that reaches further out, and set feed_info feed_end_date past your next service change.",https://gtfsscorecard.org/agency/dc-streetcar-2223/,US,US-DC,District of Columbia
dc-streetcar-487,DC Streetcar,,F,45.9,small,24,2026-07-10,-1135,within_review_threshold,stale,,8.0.1,http://data.trilliumtransit.com/gtfs/dcstreetcar-dc-us/dcstreetcar-dc-us.zip,"Re-export the feed with a calendar that reaches further out, and set feed_info feed_end_date past your next service change.",https://gtfsscorecard.org/agency/dc-streetcar-487/,US,,
dekalb-public-transit,DeKalb Public Transit,Illinois,C,74.3,medium,66,2026-07-10,539,within_review_threshold,current,308,8.0.1,https://data.trilliumtransit.com/gtfs/cityofdekalb-il-us/cityofdekalb-il-us.zip,Set wheelchair_boarding to 1 (accessible) or 2 (not accessible) for every stop. A field survey can start with the busiest stops.,https://gtfsscorecard.org/agency/dekalb-public-transit/,US,US-IL,Illinois
dekalb-public-transit-308,DeKalb Public Transit,,C,74.3,medium,66,2026-07-10,539,within_review_threshold,current,,8.0.1,http://data.trilliumtransit.com/gtfs/cityofdekalb-il-us/cityofdekalb-il-us.zip,Set wheelchair_boarding to 1 (accessible) or 2 (not accessible) for every stop. A field survey can start with the busiest stops.,https://gtfsscorecard.org/agency/dekalb-public-transit-308/,US,,
delano-area-rapid-transit,Delano Area Rapid Transit,,B,87.5,small,95,2026-07-10,82,within_review_threshold,current,,8.0.1,https://data.trilliumtransit.com/gtfs/delano-ca-us/delano-ca-us.zip,Set wheelchair_boarding to 1 (accessible) or 2 (not accessible) for every stop. A field survey can start with the busiest stops.,https://gtfsscorecard.org/agency/delano-area-rapid-transit/,US,,
delaware-transit-corporation-dart-first-state,Delaware Transit Corporation (DART First State),Delaware,F,48.0,large,29,2026-07-10,127,within_review_threshold,current,1235,8.0.1,http://dartfirststate.com/RiderInfo/Routes/gtfs_data/dartfirststate_de_us.zip,Review the rule documentation for 'equal_shape_distance_diff_coordinates' at https://gtfs-validator.mobilitydata.org/rules.html and check the flagged rows in your feed.,https://gtfsscorecard.org/agency/delaware-transit-corporation-dart-first-state/,US,US-DE,Delaware
delmarva-community-transit,Delmarva Community Transit,Maryland,F,31.4,medium,6,2026-07-10,-1595,within_review_threshold,stale,475,8.0.1,https://github.com/mobilityequity/maryland-local-gtfs/raw/master/Delmarva_GTFS.zip,"Re-export the feed with a calendar that reaches further out, and set feed_info feed_end_date past your next service change.",https://gtfsscorecard.org/agency/delmarva-community-transit/,US,US-MD,Maryland
des-moines-area-regional-transit-authority-dart,Des Moines Area Regional Transit Authority (DART),Iowa,F,57.0,medium,47,2026-07-10,43,within_review_threshold,current,193,8.0.1,https://www.ridedart.com/gtfs/data/gtfsdata,Ask your AVL vendor why the feed stopped advancing; the GTFS-Realtime header timestamp should move forward on every publish.,https://gtfsscorecard.org/agency/des-moines-area-regional-transit-authority-dart/,US,US-IA,Iowa
detroit-department-of-transportation-ddot,Detroit Department of Transportation (DDOT),Michigan,C,73.5,large,65,2026-07-10,72,within_review_threshold,current,464,8.0.1,https://www.detroitmi.gov/Portals/0/docs/deptoftransportation/pdfs/ddot_gtfs.zip,Set wheelchair_boarding to 1 (accessible) or 2 (not accessible) for every stop. A field survey can start with the busiest stops.,https://gtfsscorecard.org/agency/detroit-department-of-transportation-ddot/,US,US-MI,Michigan
detroit-people-mover,Detroit People Mover,Michigan,F,26.2,small,4,2026-07-10,,unknown,unknown,417,8.0.1,https://www.detroitmi.gov/Portals/0/docs/deptoftransportation/pdfs/PeopleMoverGTFS.zip,Add feed_start_date and feed_end_date to feed_info.txt and include calendar end dates in your export.,https://gtfsscorecard.org/agency/detroit-people-mover/,US,US-MI,Michigan
detroit-people-mover-2281,Detroit People Mover,Michigan,B,82.6,small,88,2026-07-10,174,within_review_threshold,current,2281,8.0.1,https://hosted-gtfs-feeds.s3.amazonaws.com/DPM/gtfs.zip,"Set wheelchair_accessible on every trip (most small-agency fleets are 100% accessible, so this is often a single default).",https://gtfsscorecard.org/agency/detroit-people-mover-2281/,US,US-MI,Michigan
devils-postpile-national-monument,Reds Meadow Shuttle,,B,85.6,medium,94,2026-07-10,174,within_review_threshold,current,,8.0.1,https://www.nps.gov/external-resources/gtfs/depo/reds-meadow-shuttle.zip,"Add fare_attributes.txt (or Fares v2 files) with your fare structure. If your service is fare-free, ask to have it marked fare-free instead.",https://gtfsscorecard.org/agency/devils-postpile-national-monument/,US,,
diamond-express,Diamond Express,Oregon,B,84.2,small,92,2026-07-10,52,within_review_threshold,current,130,8.0.1,https://oregon-gtfs.trilliumtransit.com/gtfs_data/diamondexpress-or-us/diamondexpress-or-us.zip,Set wheelchair_boarding to 1 (accessible) or 2 (not accessible) for every stop. A field survey can start with the busiest stops.,https://gtfsscorecard.org/agency/diamond-express/,US,US-OR,Oregon
discover-goodwill,Flex v2 included,Colorado,C,75.5,small,70,2026-07-10,83,within_review_threshold,current,2043,8.0.1,https://data.trilliumtransit.com/gtfs/discovergoodwill-co-us/discovergoodwill-co-us--flex-v2.zip,Set wheelchair_boarding to 1 (accessible) or 2 (not accessible) for every stop. A field survey can start with the busiest stops.,https://gtfsscorecard.org/agency/discover-goodwill/,US,US-CO,Colorado
dodger-area-rapid-transit,Dodger Area Rapid Transit,Iowa,C,71.2,medium,61,2026-07-10,21,within_review_threshold,expiring_soon,203,8.0.1,https://data.trilliumtransit.com/gtfs/dart-ia-us/dart-ia-us.zip,Re-export with a validity window that reaches at least 60 days out.,https://gtfsscorecard.org/agency/dodger-area-rapid-transit/,US,US-IA,Iowa
dodger-area-rapid-transit-203,Dodger Area Rapid Transit,,C,71.2,medium,61,2026-07-10,21,within_review_threshold,expiring_soon,,8.0.1,http://data.trilliumtransit.com/gtfs/dart-ia-us/dart-ia-us.zip,Re-export with a validity window that reaches at least 60 days out.,https://gtfsscorecard.org/agency/dodger-area-rapid-transit-203/,US,,
dolores-county,Dolores County,Colorado,F,59.7,small,49,2026-07-10,22,within_review_threshold,expiring_soon,1141,8.0.1,https://data.trilliumtransit.com/gtfs/dolorescounty-co-us/dolorescounty-co-us--flex-v2.zip,Re-export with a validity window that reaches at least 60 days out.,https://gtfsscorecard.org/agency/dolores-county/,US,US-CO,Colorado
downeylink,DowneyLINK,California,F,46.9,small,27,2026-07-10,-556,within_review_threshold,stale,383,8.0.1,https://raw.githubusercontent.com/LACMTA/los-angeles-regional-gtfs/main/downey-ca-us/downey-ca-us.zip,"Re-export the feed with a calendar that reaches further out, and set feed_info feed_end_date past your next service change.",https://gtfsscorecard.org/agency/downeylink/,US,US-CA,California
downtown-alliance,Downtown Alliance,New York,A,92.2,small,98,2026-07-10,113,within_review_threshold,current,519,8.0.1,https://mjcaction.com/MJC_GTFS_Public/downtown_nyc_google_transit.zip,Set wheelchair_boarding to 1 (accessible) or 2 (not accessible) for every stop. A field survey can start with the busiest stops.,https://gtfsscorecard.org/agency/downtown-alliance/,US,US-NY,New York
downtown-alliance-519,Downtown Alliance,,A,92.2,small,98,2026-07-10,113,within_review_threshold,current,,8.0.1,http://mjcaction.com/MJC_GTFS_Public/downtown_nyc_google_transit.zip,Set wheelchair_boarding to 1 (accessible) or 2 (not accessible) for every stop. A field survey can start with the busiest stops.,https://gtfsscorecard.org/agency/downtown-alliance-519/,US,,
dry-tortugas-national-park,DRTO Ferry Service,Florida,A,99.8,small,100,2026-07-10,113,within_review_threshold,current,3207,8.0.1,https://www.nps.gov/external-resources/gtfs/drto/drto-ferry-service.zip,Review the rule documentation for 'big_gap_in_service' at https://gtfs-validator.mobilitydata.org/rules.html and check the flagged rows in your feed.,https://gtfsscorecard.org/agency/dry-tortugas-national-park/,US,US-FL,Florida
duarte-transit,Duarte Transit,California,F,46.8,small,27,2026-07-10,-2382,within_review_threshold,stale,105,8.0.1,https://data.trilliumtransit.com/gtfs/duartetransit-ca-us/duartetransit-ca-us.zip,"Re-export the feed with a calendar that reaches further out, and set feed_info feed_end_date past your next service change.",https://gtfsscorecard.org/agency/duarte-transit/,US,US-CA,California
duarte-transit-105,Duarte Transit,,F,46.8,small,27,2026-07-10,-2382,within_review_threshold,stale,,8.0.1,http://data.trilliumtransit.com/gtfs/duartetransit-ca-us/duartetransit-ca-us.zip,"Re-export the feed with a calendar that reaches further out, and set feed_info feed_end_date past your next service change.",https://gtfsscorecard.org/agency/duarte-transit-105/,US,,
duke-university,Duke University,North Carolina,F,38.6,medium,12,2026-07-10,-334,within_review_threshold,lapsed,378,8.0.1,https://data.trilliumtransit.com/gtfs/duke-nc-us/duke-nc-us.zip,"Re-export the feed with a calendar that reaches further out, and set feed_info feed_end_date past your next service change.",https://gtfsscorecard.org/agency/duke-university/,US,US-NC,North Carolina
duke-university-378,Duke University,,F,38.6,medium,12,2026-07-10,-334,within_review_threshold,lapsed,,8.0.1,http://data.trilliumtransit.com/gtfs/duke-nc-us/duke-nc-us.zip,"Re-export the feed with a calendar that reaches further out, and set feed_info feed_end_date past your next service change.",https://gtfsscorecard.org/agency/duke-university-378/,US,,
duluth-transit,Duluth Transit,Minnesota,F,58.6,large,48,2026-07-10,50,within_review_threshold,current,301,8.0.1,https://duluthtransit.com/gtf/google_transit.zip,"Check with your AVL vendor that every vehicle assignment flows into TripUpdates, including school-day and tripper runs.",https://gtfsscorecard.org/agency/duluth-transit/,US,US-MN,Minnesota
durango-transit,Durango Transit,Colorado,B,86.6,medium,95,2026-07-10,539,within_review_threshold,current,456,8.0.1,https://durangogov.org/DocumentCenter/View/17688/Durango-Transit-GTFS-Data,"Add fare_attributes.txt (or Fares v2 files) with your fare structure. If your service is fare-free, ask to have it marked fare-free instead.",https://gtfsscorecard.org/agency/durango-transit/,US,US-CO,Colorado
durango-transit-2290,Flex,Colorado,B,80.2,small,81,2026-07-10,144,within_review_threshold,current,2290,8.0.1,https://data.trilliumtransit.com/gtfs/durangotransit-co-us/durangotransit-co-us--flex-v2.zip,Set wheelchair_boarding to 1 (accessible) or 2 (not accessible) for every stop. A field survey can start with the busiest stops.,https://gtfsscorecard.org/agency/durango-transit-2290/,US,US-CO,Colorado
dutchess-county,Dutchess County,New York,D,63.3,medium,53,2026-07-10,9213,unusually_distant,current,457,8.0.1,https://s3.amazonaws.com/datatools-511ny/public/Dutchess_County_Transit.zip,Set wheelchair_boarding to 1 (accessible) or 2 (not accessible) for every stop. A field survey can start with the busiest stops.,https://gtfsscorecard.org/agency/dutchess-county/,US,US-NY,New York
eastern-point,Eastern Point,Oregon,F,51.1,small,37,2026-07-10,-1821,within_review_threshold,stale,632,8.0.1,https://oregon-gtfs.trilliumtransit.com/gtfs_data/easternpoint-or-us/easternpoint-or-us.zip,"Re-export the feed with a calendar that reaches further out, and set feed_info feed_end_date past your next service change.",https://gtfsscorecard.org/agency/eastern-point/,US,US-OR,Oregon
eastern-sierra-transit,Eastern Sierra Transit,California,B,85.6,medium,94,2026-07-10,174,within_review_threshold,current,25,8.0.1,https://data.trilliumtransit.com/gtfs/easternsierra-ca-us/easternsierra-ca-us.zip,"Add fare_attributes.txt (or Fares v2 files) with your fare structure. If your service is fare-free, ask to have it marked fare-free instead.",https://gtfsscorecard.org/agency/eastern-sierra-transit/,US,US-CA,California
eastern-sierra-transit-25,Eastern Sierra Transit,,B,85.6,medium,94,2026-07-10,174,within_review_threshold,current,,8.0.1,http://data.trilliumtransit.com/gtfs/easternsierra-ca-us/easternsierra-ca-us.zip,"Add fare_attributes.txt (or Fares v2 files) with your fare structure. If your service is fare-free, ask to have it marked fare-free instead.",https://gtfsscorecard.org/agency/eastern-sierra-transit-25/,US,,
eastside-friends-of-seniors,Eastside Friends of Seniors,Washington,C,73.8,small,66,2026-07-10,144,within_review_threshold,current,2166,8.0.1,https://data.trilliumtransit.com/gtfs/eastside-wa-us/eastside-wa-us--flex-v2.zip,Set wheelchair_boarding to 1 (accessible) or 2 (not accessible) for every stop. A field survey can start with the busiest stops.,https://gtfsscorecard.org/agency/eastside-friends-of-seniors/,US,US-WA,Washington
easy-ride-transportation,Easy Ride Transportation,Colorado,D,64.4,small,54,2026-07-10,22,within_review_threshold,expiring_soon,1195,8.0.1,https://data.trilliumtransit.com/gtfs/broomfield-co-us/broomfield-co-us--flex-v2.zip,Re-export with a validity window that reaches at least 60 days out.,https://gtfsscorecard.org/agency/easy-ride-transportation/,US,US-CO,Colorado
eco-transit,ECO Transit,Colorado,F,45.6,small,23,2026-07-10,-1182,within_review_threshold,stale,173,8.0.1,https://www.eaglecounty.us/web/downloads/ecoTransit/GTFS.zip,"Re-export the feed with a calendar that reaches further out, and set feed_info feed_end_date past your next service change.",https://gtfsscorecard.org/agency/eco-transit/,US,US-CO,Colorado
eco-transit-2045,Flex v2 included,Colorado,C,73.8,medium,66,2026-07-10,295,within_review_threshold,current,2045,8.0.1,https://data.trilliumtransit.com/gtfs/ecotransit-co-us/ecotransit-co-us--flex-v2.zip,Set wheelchair_boarding to 1 (accessible) or 2 (not accessible) for every stop. A field survey can start with the busiest stops.,https://gtfsscorecard.org/agency/eco-transit-2045/,US,US-CO,Colorado
eco-transit-2061,ECO Transit,Colorado,F,45.6,small,23,2026-07-10,-1182,within_review_threshold,stale,2061,8.0.1,https://cms5.revize.com/revize/eagle/zip%20download/GTFS.zip,"Re-export the feed with a calendar that reaches further out, and set feed_info feed_end_date past your next service change.",https://gtfsscorecard.org/agency/eco-transit-2061/,US,US-CO,Colorado
el-dorado-transit,El Dorado Transit,,B,84.1,medium,92,2026-07-10,144,within_review_threshold,current,,8.0.1,http://data.trilliumtransit.com/gtfs/eldoradotransit-ca-us/eldoradotransit-ca-us.zip,Set wheelchair_boarding to 1 (accessible) or 2 (not accessible) for every stop. A field survey can start with the busiest stops.,https://gtfsscorecard.org/agency/el-dorado-transit/,US,,
el-dorado-transit-agency,El Dorado County Transit Authority,Colorado,B,84.1,medium,92,2026-07-10,144,within_review_threshold,current,75,8.0.1,https://data.trilliumtransit.com/gtfs/eldoradotransit-ca-us/eldoradotransit-ca-us.zip,Set wheelchair_boarding to 1 (accessible) or 2 (not accessible) for every stop. A field survey can start with the busiest stops.,https://gtfsscorecard.org/agency/el-dorado-transit-agency/,US,US-CO,Colorado
el-monte-transit,El Monte Transit,California,F,51.7,medium,38,2026-07-10,-252,within_review_threshold,lapsed,103,8.0.1,https://data.trilliumtransit.com/gtfs/elmonte-ca-us/elmonte-ca-us.zip,"Re-export the feed with a calendar that reaches further out, and set feed_info feed_end_date past your next service change.",https://gtfsscorecard.org/agency/el-monte-transit/,US,US-CA,California
el-monte-transit-103,El Monte Transit,,F,51.7,medium,38,2026-07-10,-252,within_review_threshold,lapsed,,8.0.1,http://data.trilliumtransit.com/gtfs/elmonte-ca-us/elmonte-ca-us.zip,"Re-export the feed with a calendar that reaches further out, and set feed_info feed_end_date past your next service change.",https://gtfsscorecard.org/agency/el-monte-transit-103/,US,,
el-paso-fountain-valley-senior-citizens-program-inc,Flex v2 included,Colorado,C,72.6,small,63,2026-07-10,53,within_review_threshold,current,2046,8.0.1,https://data.trilliumtransit.com/gtfs/elpaso-co-us/elpaso-co-us--flex-v2.zip,Set wheelchair_boarding to 1 (accessible) or 2 (not accessible) for every stop. A field survey can start with the busiest stops.,https://gtfsscorecard.org/agency/el-paso-fountain-valley-senior-citizens-program-inc/,US,US-CO,Colorado
el-paso-transportation-authority,El Paso Transportation Authority,Texas,C,77.7,medium,74,2026-07-10,294,within_review_threshold,current,3202,8.0.1,https://data.peaktransit.com/staticgtfs/193/gtfs.zip,Check the service alerts endpoint with your AVL vendor; it should return a fresh GTFS-Realtime protobuf on every request.,https://gtfsscorecard.org/agency/el-paso-transportation-authority/,US,US-TX,Texas
el-segundo-transportation,El Segundo Transportation,California,F,43.8,small,19,2026-07-10,-1652,within_review_threshold,stale,458,8.0.1,https://data.trilliumtransit.com/gtfs/elsegundo-ca-us/elsegundo-ca-us.zip,"Re-export the feed with a calendar that reaches further out, and set feed_info feed_end_date past your next service change.",https://gtfsscorecard.org/agency/el-segundo-transportation/,US,US-CA,California
el-segundo-transportation-2210,El Segundo Transportation,California,F,46.8,small,27,2026-07-10,-763,within_review_threshold,stale,2210,8.0.1,https://github.com/LACMTA/los-angeles-regional-gtfs/raw/main/elsegundo-ca-us/elsegundo-ca-us.zip,"Re-export the feed with a calendar that reaches further out, and set feed_info feed_end_date past your next service change.",https://gtfsscorecard.org/agency/el-segundo-transportation-2210/,US,US-CA,California
el-segundo-transportation-458,El Segundo Transportation,,F,43.8,small,19,2026-07-10,-1652,within_review_threshold,stale,,8.0.1,http://data.trilliumtransit.com/gtfs/elsegundo-ca-us/elsegundo-ca-us.zip,"Re-export the feed with a calendar that reaches further out, and set feed_info feed_end_date past your next service change.",https://gtfsscorecard.org/agency/el-segundo-transportation-458/,US,,
elevated-transit,Elevated Transit,Utah,F,47.5,small,28,2026-07-10,-3326,within_review_threshold,stale,1207,8.0.1,https://transitfeeds.com/p/elevated-transit/609/latest/download,"Re-export the feed with a calendar that reaches further out, and set feed_info feed_end_date past your next service change.",https://gtfsscorecard.org/agency/elevated-transit/,US,US-UT,Utah
elk-grove-transit,Elk Grove Transit,California,F,39.2,medium,13,2026-07-10,-551,within_review_threshold,stale,2136,8.0.1,https://elkgrovetransit.com/gtfs,"Re-export the feed with a calendar that reaches further out, and set feed_info feed_end_date past your next service change.",https://gtfsscorecard.org/agency/elk-grove-transit/,US,US-CA,California
elwha-transit,Elwha Transit,Washington,C,75.5,small,70,2026-07-10,206,within_review_threshold,current,2307,8.0.1,https://data.trilliumtransit.com/gtfs/elwhatransit-wa-us/elwhatransit-wa-us.zip,Set wheelchair_boarding to 1 (accessible) or 2 (not accessible) for every stop. A field survey can start with the busiest stops.,https://gtfsscorecard.org/agency/elwha-transit/,US,US-WA,Washington
embark,Embark,Oklahoma,F,43.7,large,18,2026-07-10,-951,within_review_threshold,stale,183,8.0.1,http://embarkok.com/data/gtfs/google_transit.zip,"Re-export the feed with a calendar that reaches further out, and set feed_info feed_end_date past your next service change.",https://gtfsscorecard.org/agency/embark/,US,US-OK,Oklahoma
embark-2062,Embark,Oklahoma,B,81.6,large,85,2026-07-10,364,within_review_threshold,current,2062,8.0.1,https://mna.mecatran.com/utw/ws/gtfsfeed/static/okc?apiKey=6a3b186a334d1e3e064f42782f6002520e60394c,Review the rule documentation for 'missing_bike_allowance' at https://gtfs-validator.mobilitydata.org/rules.html and check the flagged rows in your feed.,https://gtfsscorecard.org/agency/embark-2062/,US,US-OK,Oklahoma
emerald-coast-rider-ecr,Emerald Coast Rider (ECR),Florida,F,51.9,medium,39,2026-07-10,-3661,within_review_threshold,stale,336,8.0.1,https://data.trilliumtransit.com/gtfs/okaloosacountytransit-fl-us/okaloosacountytransit-fl-us.zip,"Re-export the feed with a calendar that reaches further out, and set feed_info feed_end_date past your next service change.",https://gtfsscorecard.org/agency/emerald-coast-rider-ecr/,US,US-FL,Florida
emerald-coast-rider-ecr-336,Emerald Coast Rider (ECR),,F,51.9,medium,39,2026-07-10,-3661,within_review_threshold,stale,,8.0.1,http://data.trilliumtransit.com/gtfs/okaloosacountytransit-fl-us/okaloosacountytransit-fl-us.zip,"Re-export the feed with a calendar that reaches further out, and set feed_info feed_end_date past your next service change.",https://gtfsscorecard.org/agency/emerald-coast-rider-ecr-336/,US,,
emery-go-round,Emery Go-Round,California,F,54.6,small,43,2026-07-10,-922,within_review_threshold,stale,63,8.0.1,https://data.trilliumtransit.com/gtfs/emerygoround-ca-us/emerygoround-ca-us.zip,"Re-export the feed with a calendar that reaches further out, and set feed_info feed_end_date past your next service change.",https://gtfsscorecard.org/agency/emery-go-round/,US,US-CA,California
emery-go-round-2224,Emery Go-Round,California,C,77.9,small,75,2026-07-10,505,within_review_threshold,current,2224,8.0.1,https://emerygoround.com/data/emerygoround-ca-us.zip,Set wheelchair_boarding to 1 (accessible) or 2 (not accessible) for every stop. A field survey can start with the busiest stops.,https://gtfsscorecard.org/agency/emery-go-round-2224/,US,US-CA,California
emery-go-round-63,Emery Go-Round,,F,54.6,small,43,2026-07-10,-922,within_review_threshold,stale,,8.0.1,http://data.trilliumtransit.com/gtfs/emerygoround-ca-us/emerygoround-ca-us.zip,"Re-export the feed with a calendar that reaches further out, and set feed_info feed_end_date past your next service change.",https://gtfsscorecard.org/agency/emery-go-round-63/,US,,
emory-university-cliff-shuttles,Emory University Cliff Shuttles,Georgia,F,39.8,small,14,2026-07-10,-4574,within_review_threshold,stale,370,8.0.1,http://documents.atlantaregional.com/transitdata/gtfs_CCTMA.zip,"Re-export the feed with a calendar that reaches further out, and set feed_info feed_end_date past your next service change.",https://gtfsscorecard.org/agency/emory-university-cliff-shuttles/,US,US-GA,Georgia
envida,Envida,Colorado,B,84.0,small,91,2026-07-10,144,within_review_threshold,current,455,8.0.1,https://data.trilliumtransit.com/gtfs/dsi-co-us/dsi-co-us.zip,Set wheelchair_boarding to 1 (accessible) or 2 (not accessible) for every stop. A field survey can start with the busiest stops.,https://gtfsscorecard.org/agency/envida/,US,US-CO,Colorado
envida-2044,Flex v2 included,Colorado,C,76.3,small,71,2026-07-10,144,within_review_threshold,current,2044,8.0.1,https://data.trilliumtransit.com/gtfs/dsi-co-us/dsi-co-us--flex-v2.zip,Review the rule documentation for 'trip_distance_exceeds_shape_distance' at https://gtfs-validator.mobilitydata.org/rules.html and check the flagged rows in your feed.,https://gtfsscorecard.org/agency/envida-2044/,US,US-CO,Colorado
envida-455,Envida,,B,84.0,small,91,2026-07-10,144,within_review_threshold,current,,8.0.1,http://data.trilliumtransit.com/gtfs/dsi-co-us/dsi-co-us.zip,Set wheelchair_boarding to 1 (accessible) or 2 (not accessible) for every stop. A field survey can start with the busiest stops.,https://gtfsscorecard.org/agency/envida-455/,US,,
erie-metropolitan-transit-authority,Erie Metropolitan Transit Authority,Pennsylvania,F,45.7,large,23,2026-07-10,-982,within_review_threshold,stale,412,8.0.1,https://data.trilliumtransit.com/gtfs/eriemta-pa-us/eriemta-pa-us.zip,"Re-export the feed with a calendar that reaches further out, and set feed_info feed_end_date past your next service change.",https://gtfsscorecard.org/agency/erie-metropolitan-transit-authority/,US,US-PA,Pennsylvania
erie-metropolitan-transit-authority-412,Erie Metropolitan Transit Authority,,F,45.7,large,23,2026-07-10,-982,within_review_threshold,stale,,8.0.1,http://data.trilliumtransit.com/gtfs/eriemta-pa-us/eriemta-pa-us.zip,"Re-export the feed with a calendar that reaches further out, and set feed_info feed_end_date past your next service change.",https://gtfsscorecard.org/agency/erie-metropolitan-transit-authority-412/,US,,
escambia-county-area-transit-ecat,Escambia County Area Transit (ECAT),Florida,F,46.7,large,26,2026-07-10,-1347,within_review_threshold,stale,335,8.0.1,https://data.trilliumtransit.com/gtfs/ecat-fl-us/ecat-fl-us.zip,"Re-export the feed with a calendar that reaches further out, and set feed_info feed_end_date past your next service change.",https://gtfsscorecard.org/agency/escambia-county-area-transit-ecat/,US,US-FL,Florida
escambia-county-area-transit-ecat-335,Escambia County Area Transit (ECAT),,F,46.7,large,26,2026-07-10,-1347,within_review_threshold,stale,,8.0.1,http://data.trilliumtransit.com/gtfs/ecat-fl-us/ecat-fl-us.zip,"Re-export the feed with a calendar that reaches further out, and set feed_info feed_end_date past your next service change.",https://gtfsscorecard.org/agency/escambia-county-area-transit-ecat-335/,US,,
estes-transit-2047,Flex v2 included,Colorado,C,70.2,small,60,2026-07-10,318,within_review_threshold,current,2047,8.0.1,https://data.trilliumtransit.com/gtfs/estestransit-co-us/estestransit-co-us--flex-v2.zip,Set wheelchair_boarding to 1 (accessible) or 2 (not accessible) for every stop. A field survey can start with the busiest stops.,https://gtfsscorecard.org/agency/estes-transit-2047/,US,US-CO,Colorado
estes-transit-459,Estes Transit,,C,72.8,small,64,2026-07-10,318,within_review_threshold,current,,8.0.1,http://data.trilliumtransit.com/gtfs/estestransit-co-us/estestransit-co-us.zip,Set wheelchair_boarding to 1 (accessible) or 2 (not accessible) for every stop. A field survey can start with the busiest stops.,https://gtfsscorecard.org/agency/estes-transit-459/,US,,
etrans,eTrans,California,A,96.7,small,99,2026-07-10,144,within_review_threshold,current,65,8.0.1,https://data.trilliumtransit.com/gtfs/escalon-ca-us/escalon-ca-us.zip,"Remove retired stops from the export, or add them back to the trips that should serve them.",https://gtfsscorecard.org/agency/etrans/,US,US-CA,California
etrans-65,eTrans,,A,96.7,small,99,2026-07-10,144,within_review_threshold,current,,8.0.1,http://data.trilliumtransit.com/gtfs/escalon-ca-us/escalon-ca-us.zip,"Remove retired stops from the export, or add them back to the trips that should serve them.",https://gtfsscorecard.org/agency/etrans-65/,US,,
eugene-to-bend,Eugene to BEND,Oregon,F,54.0,small,42,2026-07-10,-3477,within_review_threshold,stale,140,8.0.1,https://oregon-gtfs.trilliumtransit.com/gtfs_data/eugenetobend-or-us/eugenetobend-or-us.zip,"Re-export the feed with a calendar that reaches further out, and set feed_info feed_end_date past your next service change.",https://gtfsscorecard.org/agency/eugene-to-bend/,US,US-OR,Oregon
eugene-to-coos-bay,Eugene to Coos Bay,Oregon,F,54.8,small,43,2026-07-10,-3477,within_review_threshold,stale,634,8.0.1,https://oregon-gtfs.trilliumtransit.com/gtfs_data/eugenetocoosbay-or-us/eugenetocoosbay-or-us.zip,"Re-export the feed with a calendar that reaches further out, and set feed_info feed_end_date past your next service change.",https://gtfsscorecard.org/agency/eugene-to-coos-bay/,US,US-OR,Oregon
everett-transit,Everett Transit,Washington,C,71.3,medium,62,2026-07-10,57,within_review_threshold,current,288,8.0.1,https://gtfs.sound.obaweb.org/prod/97_gtfs.zip,"Set wheelchair_accessible on every trip (most small-agency fleets are 100% accessible, so this is often a single default).",https://gtfsscorecard.org/agency/everett-transit/,US,US-WA,Washington
everett-transit-3038,Everett Transit,Washington,C,77.2,medium,73,2026-07-10,57,within_review_threshold,current,3038,8.0.1,https://everett.prod.mapstrat.com/current/google_transit.zip,"Set wheelchair_accessible on every trip (most small-agency fleets are 100% accessible, so this is often a single default).",https://gtfsscorecard.org/agency/everett-transit-3038/,US,US-WA,Washington
express-arrow,Express Arrow,,F,49.9,small,34,2026-07-10,-830,within_review_threshold,stale,460,8.0.1,https://mjcaction.com/MJC_GTFS_Public/expressarrow_google_transit.zip,"Re-export the feed with a calendar that reaches further out, and set feed_info feed_end_date past your next service change.",https://gtfsscorecard.org/agency/express-arrow/,US,,
express-arrow-460,Express Arrow,,F,49.9,small,34,2026-07-10,-830,within_review_threshold,stale,,8.0.1,http://mjcaction.com/MJC_GTFS_Public/expressarrow_google_transit.zip,"Re-export the feed with a calendar that reaches further out, and set feed_info feed_end_date past your next service change.",https://gtfsscorecard.org/agency/express-arrow-460/,US,,
ez-rider,EZ Rider,Texas,F,46.3,medium,24,2026-07-10,8939,unusually_distant,current,2634,8.0.1,https://nebula.wsimg.com/40f314b8788fcc32949e0fe528a3c625?AccessKeyId=9E919CD400BCF69A0E80,Review the rule documentation for 'block_trips_with_overlapping_stop_times' at https://gtfs-validator.mobilitydata.org/rules.html and check the flagged rows in your feed.,https://gtfsscorecard.org/agency/ez-rider/,US,US-TX,Texas
fairfax-connector,Fairfax Connector,Virginia,D,61.3,large,51,2026-07-10,813,within_review_threshold,current,483,8.0.1,https://www.fairfaxcounty.gov/connector/sites/connector/files/Assets/connector_gtfs.zip,Review the rule documentation for 'block_trips_with_overlapping_stop_times' at https://gtfs-validator.mobilitydata.org/rules.html and check the flagged rows in your feed.,https://gtfsscorecard.org/agency/fairfax-connector/,US,US-VA,Virginia
fairfax-cue-bus-cue,Fairfax CUE Bus (CUE),Virginia,D,68.3,medium,59,2026-07-10,4952,unusually_distant,current,484,8.0.1,https://www.fairfaxva.gov/Home/ShowDocument?id=6713,Set wheelchair_boarding to 1 (accessible) or 2 (not accessible) for every stop. A field survey can start with the busiest stops.,https://gtfsscorecard.org/agency/fairfax-cue-bus-cue/,US,US-VA,Virginia
fairfax-cue-bus-cue-2885,Fairfax CUE Bus (CUE),Virginia,D,63.1,medium,53,2026-07-10,8939,unusually_distant,current,2885,8.0.1,https://www.fairfaxva.gov/files/assets/city/v/2/public-works/documents/schedules-and-maps/cue-gtfs.zip,Set wheelchair_boarding to 1 (accessible) or 2 (not accessible) for every stop. A field survey can start with the busiest stops.,https://gtfsscorecard.org/agency/fairfax-cue-bus-cue-2885/,US,US-VA,Virginia
fairfax-cue-bus-cue-484,Fairfax CUE Bus (CUE),,D,68.3,medium,59,2026-07-10,4952,unusually_distant,current,,8.0.1,http://www.fairfaxva.gov/Home/ShowDocument?id=6713,Set wheelchair_boarding to 1 (accessible) or 2 (not accessible) for every stop. A field survey can start with the busiest stops.,https://gtfsscorecard.org/agency/fairfax-cue-bus-cue-484/,US,,
fairfield-and-suisun-transit-fast-transit,Fairfield and Suisun Transit (FAST Transit),,F,48.4,medium,30,2026-07-10,-10,within_review_threshold,lapsed,,8.0.1,http://data.trilliumtransit.com/gtfs/fairfield-ca-us/fairfield-ca-us.zip,"Re-export the feed with a calendar that reaches further out, and set feed_info feed_end_date past your next service change.",https://gtfsscorecard.org/agency/fairfield-and-suisun-transit-fast-transit/,US,,
farmville-area-bus,Farmville Area Bus,Virginia,D,64.2,medium,54,2026-07-10,22,within_review_threshold,expiring_soon,461,8.0.1,https://data.trilliumtransit.com/gtfs/farmville-va-us/farmville-va-us.zip,Re-export with a validity window that reaches at least 60 days out.,https://gtfsscorecard.org/agency/farmville-area-bus/,US,US-VA,Virginia
farmville-area-bus-461,Farmville Area Bus,,D,64.2,medium,54,2026-07-10,22,within_review_threshold,expiring_soon,,8.0.1,http://data.trilliumtransit.com/gtfs/farmville-va-us/farmville-va-us.zip,Re-export with a validity window that reaches at least 60 days out.,https://gtfsscorecard.org/agency/farmville-area-bus-461/,US,,
fast-transit,Fairfield and Suisun Transit (FAST),California,F,50.1,medium,34,2026-07-10,-10,within_review_threshold,lapsed,76,8.0.1,https://data.trilliumtransit.com/gtfs/fairfield-ca-us/fairfield-ca-us.zip,"Re-export the feed with a calendar that reaches further out, and set feed_info feed_end_date past your next service change.",https://gtfsscorecard.org/agency/fast-transit/,US,US-CA,California
fcrta,Fresno County Rural Transit Agency (FCRTA),,A,90.3,small,97,2026-07-10,174,within_review_threshold,current,,8.0.1,https://rapid.nationalrtap.org/GTFSFileManagement/UserUploadFiles/7869/google_transit.zip,Set wheelchair_boarding to 1 (accessible) or 2 (not accessible) for every stop. A field survey can start with the busiest stops.,https://gtfsscorecard.org/agency/fcrta/,US,,
flixbus,Flixbus,,F,52.3,small,39,2026-07-10,-1946,within_review_threshold,stale,593,8.0.1,http://data.ndovloket.nl/flixbus/flixbus-us.zip,"Re-export the feed with a calendar that reaches further out, and set feed_info feed_end_date past your next service change.",https://gtfsscorecard.org/agency/flixbus/,US,,
florida-department-of-transportation-sunrail,Florida Department of Transportation (SunRail),Florida,A,91.9,small,97,2026-07-10,174,within_review_threshold,current,626,8.0.1,https://corporate.sunrail.com/gtfs/google_transit.zip,Add feed_info.txt with feed_start_date and feed_end_date to your export.,https://gtfsscorecard.org/agency/florida-department-of-transportation-sunrail/,US,US-FL,Florida
foothill-transit,Foothill Transit,California,F,50.9,large,36,2026-07-10,113,within_review_threshold,current,101,8.0.1,https://foothilltransit.rideralerts.com/myStop/GTFS-Zip.ashx,Review the rule documentation for 'invalid_phone_number' at https://gtfs-validator.mobilitydata.org/rules.html and check the flagged rows in your feed.,https://gtfsscorecard.org/agency/foothill-transit/,US,US-CA,California
fort-worth-transit-authority,Fort Worth Transit Authority,Texas,C,75.1,large,68,2026-07-10,78,within_review_threshold,current,885,8.0.1,http://sched.ridetm.org/gtfs/fwtatransitdata.zip,Set wheelchair_boarding to 1 (accessible) or 2 (not accessible) for every stop. A field survey can start with the busiest stops.,https://gtfsscorecard.org/agency/fort-worth-transit-authority/,US,US-TX,Texas
four-county-transit,Four County Transit,Virginia,B,80.9,medium,82,2026-07-10,294,within_review_threshold,current,2308,8.0.1,https://data.trilliumtransit.com/gtfs/fourcounty-va-us/fourcounty-va-us.zip,Set wheelchair_boarding to 1 (accessible) or 2 (not accessible) for every stop. A field survey can start with the busiest stops.,https://gtfsscorecard.org/agency/four-county-transit/,US,US-VA,Virginia
four-county-transit-2448,Flex,Virginia,C,75.7,medium,70,2026-07-10,294,within_review_threshold,current,2448,8.0.1,https://data.trilliumtransit.com/gtfs/fourcounty-va-us/fourcounty-va-us--flex-v2.zip,Set wheelchair_boarding to 1 (accessible) or 2 (not accessible) for every stop. A field survey can start with the busiest stops.,https://gtfsscorecard.org/agency/four-county-transit-2448/,US,US-VA,Virginia
franklin-county-public-transportation,Franklin County Public Transportation,New York,F,56.7,small,46,2026-07-10,52,within_review_threshold,current,545,8.0.1,https://s3.amazonaws.com/datatools-511ny/public/Franklin_County_Public_Transportation.zip,Set wheelchair_boarding to 1 (accessible) or 2 (not accessible) for every stop. A field survey can start with the busiest stops.,https://gtfsscorecard.org/agency/franklin-county-public-transportation/,US,US-NY,New York
franklin-regional-transit-authority-frta,Franklin Regional Transit Authority (FRTA),Massachusetts,C,77.7,medium,74,2026-07-10,52,within_review_threshold,current,429,8.0.1,https://data.trilliumtransit.com/gtfs/frta-ma-us/frta-ma-us.zip,Set wheelchair_boarding to 1 (accessible) or 2 (not accessible) for every stop. A field survey can start with the busiest stops.,https://gtfsscorecard.org/agency/franklin-regional-transit-authority-frta/,US,US-MA,Massachusetts
franklin-transit-authority,Franklin Transit Authority,Tennessee,C,71.7,medium,62,2026-07-10,22,within_review_threshold,expiring_soon,361,8.0.1,https://data.trilliumtransit.com/gtfs/tma-tn-us/tma-tn-us.zip,Re-export with a validity window that reaches at least 60 days out.,https://gtfsscorecard.org/agency/franklin-transit-authority/,US,US-TN,Tennessee
franklin-transit-authority-361,Franklin Transit Authority,,C,71.7,medium,62,2026-07-10,22,within_review_threshold,expiring_soon,,8.0.1,http://data.trilliumtransit.com/gtfs/tma-tn-us/tma-tn-us.zip,Re-export with a validity window that reaches at least 60 days out.,https://gtfsscorecard.org/agency/franklin-transit-authority-361/,US,,
frederick-county-transit,Frederick County TransIT,Maryland,F,34.3,medium,8,2026-07-10,-497,within_review_threshold,stale,498,8.0.1,https://maps.frederickcountymd.gov/google/google_transit.zip,"Re-export the feed with a calendar that reaches further out, and set feed_info feed_end_date past your next service change.",https://gtfsscorecard.org/agency/frederick-county-transit/,US,US-MD,Maryland
frederick-county-transit-2432,Frederick County TransIT,Maryland,F,50.2,medium,35,2026-07-10,30,within_review_threshold,expiring_soon,2432,8.0.1,https://passio3.com/frederick/passioTransit/gtfs/google_transit.zip,Review the rule documentation for 'stop_time_with_arrival_before_previous_departure_time' at https://gtfs-validator.mobilitydata.org/rules.html and check the flagged rows in your feed.,https://gtfsscorecard.org/agency/frederick-county-transit-2432/,US,US-MD,Maryland
fredericksburg-regional-transit,Fredericksburg Regional Transit,Virginia,F,25.8,medium,3,2026-07-10,-922,within_review_threshold,stale,1299,8.0.1,https://www.arcgis.com/sharing/rest/content/items/d1483daba66d43358e29682c91907817/data,"Re-export the feed with a calendar that reaches further out, and set feed_info feed_end_date past your next service change.",https://gtfsscorecard.org/agency/fredericksburg-regional-transit/,US,US-VA,Virginia
fredericksburg-regional-transit-2430,Fredericksburg Regional Transit,Virginia,F,38.6,medium,12,2026-07-10,-466,within_review_threshold,stale,2430,8.0.1,https://www.fredericksburgva.gov/DocumentCenter/View/28958/FXBGO-GTFS-Q1-CY2025,"Re-export the feed with a calendar that reaches further out, and set feed_info feed_end_date past your next service change.",https://gtfsscorecard.org/agency/fredericksburg-regional-transit-2430/,US,US-VA,Virginia
freedom-cruise-line,Freedom Cruise Line,Massachusetts,F,53.7,small,42,2026-07-10,-49,within_review_threshold,lapsed,425,8.0.1,https://data.trilliumtransit.com/gtfs/freedomcruiseline-ma-us/freedomcruiseline-ma-us.zip,"Re-export the feed with a calendar that reaches further out, and set feed_info feed_end_date past your next service change.",https://gtfsscorecard.org/agency/freedom-cruise-line/,US,US-MA,Massachusetts
freedom-cruise-line-425,Freedom Cruise Line,,F,53.7,small,42,2026-07-10,-49,within_review_threshold,lapsed,,8.0.1,http://data.trilliumtransit.com/gtfs/freedomcruiseline-ma-us/freedomcruiseline-ma-us.zip,"Re-export the feed with a calendar that reaches further out, and set feed_info feed_end_date past your next service change.",https://gtfsscorecard.org/agency/freedom-cruise-line-425/,US,,
fresno-area-express-fax,Fresno Area Express (FAX),California,F,50.6,large,35,2026-07-10,30,within_review_threshold,expiring_soon,90,8.0.1,http://gis4u.fresno.gov/downloads/fax_gtfs.zip,Set wheelchair_boarding to 1 (accessible) or 2 (not accessible) for every stop. A field survey can start with the busiest stops.,https://gtfsscorecard.org/agency/fresno-area-express-fax/,US,US-CA,California
froggy-transportation,Froggy Transportation,Ohio,B,82.4,small,87,2026-07-10,174,within_review_threshold,current,2216,8.0.1,https://rapid.nationalrtap.org/GTFSFileManagement/UserUploadFiles/11830/T.zip,Populate trip_headsign to match what the bus displays.,https://gtfsscorecard.org/agency/froggy-transportation/,US,US-OH,Ohio
gainesville-regional-transit-system,Gainesville Regional Transit System,Florida,F,40.9,large,15,2026-07-10,-1419,within_review_threshold,stale,345,8.0.1,https://ftis.org/PostFileDownload.aspx?id=468A0,"Re-export the feed with a calendar that reaches further out, and set feed_info feed_end_date past your next service change.",https://gtfsscorecard.org/agency/gainesville-regional-transit-system/,US,US-FL,Florida
gainesville-regional-transit-system-2412,Gainesville Regional Transit System,Florida,F,47.6,large,29,2026-07-10,-327,within_review_threshold,lapsed,2412,8.0.1,http://go-rts.com/wp-content/uploads/2025/01/RTSGTFS_Spring2025.zip,"Re-export the feed with a calendar that reaches further out, and set feed_info feed_end_date past your next service change.",https://gtfsscorecard.org/agency/gainesville-regional-transit-system-2412/,US,US-FL,Florida
gallup-express,Gallup Express,New Mexico,F,59.1,small,49,2026-07-10,-70,within_review_threshold,lapsed,462,8.0.1,https://mjcaction.com/MJC_GTFS_Public/gallupexpress_google_transit.zip,"Re-export the feed with a calendar that reaches further out, and set feed_info feed_end_date past your next service change.",https://gtfsscorecard.org/agency/gallup-express/,US,US-NM,New Mexico
gallup-express-462,Gallup Express,,F,59.1,small,49,2026-07-10,-70,within_review_threshold,lapsed,,8.0.1,http://mjcaction.com/MJC_GTFS_Public/gallupexpress_google_transit.zip,"Re-export the feed with a calendar that reaches further out, and set feed_info feed_end_date past your next service change.",https://gtfsscorecard.org/agency/gallup-express-462/,US,,
galveston-island-transit,Galveston Island Transit,,C,71.2,medium,61,2026-07-10,59,within_review_threshold,current,2861,8.0.1,https://gtfs.remix.com/island_transit_us.zip,Review the rule documentation for 'trip_distance_exceeds_shape_distance' at https://gtfs-validator.mobilitydata.org/rules.html and check the flagged rows in your feed.,https://gtfsscorecard.org/agency/galveston-island-transit/,US,,
garden-of-the-gods,Garden of the Gods,Colorado,F,45.5,small,23,2026-07-10,-1135,within_review_threshold,stale,879,8.0.1,https://data.trilliumtransit.com/gtfs/gardenofthegods-co-us/gardenofthegods-co-us.zip,"Re-export the feed with a calendar that reaches further out, and set feed_info feed_end_date past your next service change.",https://gtfsscorecard.org/agency/garden-of-the-gods/,US,US-CO,Colorado
garden-of-the-gods-879,Garden of the Gods,,F,45.5,small,23,2026-07-10,-1135,within_review_threshold,stale,,8.0.1,http://data.trilliumtransit.com/gtfs/gardenofthegods-co-us/gardenofthegods-co-us.zip,"Re-export the feed with a calendar that reaches further out, and set feed_info feed_end_date past your next service change.",https://gtfsscorecard.org/agency/garden-of-the-gods-879/,US,,
georgia-tech-trolley-stinger-shuttles,Georgia Tech Trolley & Stinger Shuttles,Georgia,F,37.4,small,10,2026-07-10,-4451,within_review_threshold,stale,355,8.0.1,http://documents.atlantaregional.com/transitdata/gtfs_GT.zip,"Re-export the feed with a calendar that reaches further out, and set feed_info feed_end_date past your next service change.",https://gtfsscorecard.org/agency/georgia-tech-trolley-stinger-shuttles/,US,US-GA,Georgia
get-around-town-express,Get Around Town Express,California,F,46.7,small,26,2026-07-10,-556,within_review_threshold,stale,606,8.0.1,https://raw.githubusercontent.com/LACMTA/los-angeles-regional-gtfs/main/getaroundtownexpress-ca-us/getaroundtownexpress-ca-us.zip,"Re-export the feed with a calendar that reaches further out, and set feed_info feed_end_date past your next service change.",https://gtfsscorecard.org/agency/get-around-town-express/,US,US-CA,California
glendale-beeline,Glendale Beeline,California,F,49.1,medium,32,2026-07-10,-1409,within_review_threshold,stale,1280,8.0.1,https://transitfeeds.com/p/glendale-beeline/917/latest/download,"Re-export the feed with a calendar that reaches further out, and set feed_info feed_end_date past your next service change.",https://gtfsscorecard.org/agency/glendale-beeline/,US,US-CA,California
glendora-transportation-division,Glendora Transportation Division,California,F,35.7,small,9,2026-07-10,-1287,within_review_threshold,stale,609,8.0.1,https://raw.githubusercontent.com/LACMTA/los-angeles-regional-gtfs/main/glendora-ca-us/glendora-ca-us.zip,"Re-export the feed with a calendar that reaches further out, and set feed_info feed_end_date past your next service change.",https://gtfsscorecard.org/agency/glendora-transportation-division/,US,US-CA,California
glendora-transportation-division-3097,Glendora Transportation Division,,D,64.3,small,54,2026-07-10,21,within_review_threshold,expiring_soon,,8.0.1,https://www.cityofglendora.gov/files/assets/city/v/3/recreation-amp-human-services/transportation/documents/gtfs-6-2025.zip,Re-export with a validity window that reaches at least 60 days out.,https://gtfsscorecard.org/agency/glendora-transportation-division-3097/,US,,
glenn-transit-service,Glenn Transit Service,California,F,33.5,small,7,2026-07-10,-1347,within_review_threshold,stale,835,8.0.1,https://data.trilliumtransit.com/gtfs/glenn-ca-us/glenn-ca-us.zip,"Re-export the feed with a calendar that reaches further out, and set feed_info feed_end_date past your next service change.",https://gtfsscorecard.org/agency/glenn-transit-service/,US,US-CA,California
glenn-transit-service-2207,Glenn Transit Service,California,F,49.7,small,33,2026-07-10,-435,within_review_threshold,stale,2207,8.0.1,https://cdn.hibuwebsites.com/af26dd3d53e046cf8ce6ac6dc92e7b14/files/uploaded/glenn-transit-service-google-transit-2024-01-19.zip,"Re-export the feed with a calendar that reaches further out, and set feed_info feed_end_date past your next service change.",https://gtfsscorecard.org/agency/glenn-transit-service-2207/,US,US-CA,California
glenn-transit-service-3094,Glenn Transit Service,California,B,85.2,small,93,2026-07-10,174,within_review_threshold,current,3094,8.0.1,https://cdn.hibuwebsites.com/af26dd3d53e046cf8ce6ac6dc92e7b14/files/uploaded/glenn-county-transit-service-google-transit-2026-01.zip,Set wheelchair_boarding to 1 (accessible) or 2 (not accessible) for every stop. A field survey can start with the busiest stops.,https://gtfsscorecard.org/agency/glenn-transit-service-3094/,US,US-CA,California
glenn-transit-service-835,Glenn Transit Service,,F,33.5,small,7,2026-07-10,-1347,within_review_threshold,stale,,8.0.1,http://data.trilliumtransit.com/gtfs/glenn-ca-us/glenn-ca-us.zip,"Re-export the feed with a calendar that reaches further out, and set feed_info feed_end_date past your next service change.",https://gtfsscorecard.org/agency/glenn-transit-service-835/,US,,
gloversville-transit-services,Gloversville Transit Services,New York,F,30.2,small,5,2026-07-10,-922,within_review_threshold,stale,540,8.0.1,https://s3.amazonaws.com/datatools-511ny/public/Gloversville_Transit_Services.zip,"Re-export the feed with a calendar that reaches further out, and set feed_info feed_end_date past your next service change.",https://gtfsscorecard.org/agency/gloversville-transit-services/,US,US-NY,New York
gloversville-transit-system,Gloversville Transit System,New York,F,32.2,small,7,2026-07-10,-56,within_review_threshold,lapsed,2650,8.0.1,https://s3.amazonaws.com/datatools-511ny/public/Gloversville_Transit_System.zip,"Re-export the feed with a calendar that reaches further out, and set feed_info feed_end_date past your next service change.",https://gtfsscorecard.org/agency/gloversville-transit-system/,US,US-NY,New York
go-transit,GO Transit,Wisconsin,B,87.5,medium,95,2026-07-10,113,within_review_threshold,current,397,8.0.1,https://data.trilliumtransit.com/gtfs/oshkosh-wi-us/oshkosh-wi-us.zip,Set wheelchair_boarding to 1 (accessible) or 2 (not accessible) for every stop. A field survey can start with the busiest stops.,https://gtfsscorecard.org/agency/go-transit/,US,US-WI,Wisconsin
go-transit-397,GO Transit,,B,87.5,medium,95,2026-07-10,113,within_review_threshold,current,,8.0.1,http://data.trilliumtransit.com/gtfs/oshkosh-wi-us/oshkosh-wi-us.zip,Set wheelchair_boarding to 1 (accessible) or 2 (not accessible) for every stop. A field survey can start with the busiest stops.,https://gtfsscorecard.org/agency/go-transit-397/,US,,
go-west-shuttle,Go West Shuttle,California,F,48.5,small,31,2026-07-10,-1651,within_review_threshold,stale,623,8.0.1,https://data.trilliumtransit.com/gtfs/westcovina-ca-us/westcovina-ca-us.zip,"Re-export the feed with a calendar that reaches further out, and set feed_info feed_end_date past your next service change.",https://gtfsscorecard.org/agency/go-west-shuttle/,US,US-CA,California
go-west-shuttle-623,Go West Shuttle,,F,48.5,small,31,2026-07-10,-1651,within_review_threshold,stale,,8.0.1,http://data.trilliumtransit.com/gtfs/westcovina-ca-us/westcovina-ca-us.zip,"Re-export the feed with a calendar that reaches further out, and set feed_info feed_end_date past your next service change.",https://gtfsscorecard.org/agency/go-west-shuttle-623/,US,,
gocary,GoCary,North Carolina,F,52.8,medium,40,2026-07-10,-556,within_review_threshold,stale,375,8.0.1,https://data.trilliumtransit.com/gtfs/cary-transit-nc-us/cary-transit-nc-us.zip,"Re-export the feed with a calendar that reaches further out, and set feed_info feed_end_date past your next service change.",https://gtfsscorecard.org/agency/gocary/,US,US-NC,North Carolina
gocary-2277,GoCary,North Carolina,B,81.1,medium,83,2026-07-10,147,within_review_threshold,current,2277,8.0.1,https://www.gocary.org/_GTFS,Set wheelchair_boarding to 1 (accessible) or 2 (not accessible) for every stop. A field survey can start with the busiest stops.,https://gtfsscorecard.org/agency/gocary-2277/,US,US-NC,North Carolina
gocary-375,GoCary,,F,52.8,medium,40,2026-07-10,-556,within_review_threshold,stale,,8.0.1,http://data.trilliumtransit.com/gtfs/cary-transit-nc-us/cary-transit-nc-us.zip,"Re-export the feed with a calendar that reaches further out, and set feed_info feed_end_date past your next service change.",https://gtfsscorecard.org/agency/gocary-375/,US,,
godurham,GoDurham,North Carolina,F,38.0,large,11,2026-07-10,-191,within_review_threshold,lapsed,377,8.0.1,https://data.trilliumtransit.com/gtfs/durham-area-transit-authority-nc-us/durham-area-transit-authority-nc-us.zip,"Re-export the feed with a calendar that reaches further out, and set feed_info feed_end_date past your next service change.",https://gtfsscorecard.org/agency/godurham/,US,US-NC,North Carolina
godurham-377,GoDurham,,F,38.0,large,11,2026-07-10,-191,within_review_threshold,lapsed,,8.0.1,http://data.trilliumtransit.com/gtfs/durham-area-transit-authority-nc-us/durham-area-transit-authority-nc-us.zip,"Re-export the feed with a calendar that reaches further out, and set feed_info feed_end_date past your next service change.",https://gtfsscorecard.org/agency/godurham-377/,US,,
gold-coast-transit-south-coast-area-transit,"Gold Coast Transit, South Coast Area Transit",California,F,46.0,medium,24,2026-07-10,176,within_review_threshold,current,32,8.0.1,http://www.goldcoasttransit.org/images/GTFS/GTFS.zip,Re-generate shape distances in your export; flag to your vendor if it persists.,https://gtfsscorecard.org/agency/gold-coast-transit-south-coast-area-transit/,US,US-CA,California
golden-empire-transit-district-get,Golden Empire Transit District (GET),,B,89.1,large,96,2026-07-10,539,within_review_threshold,current,,8.0.1,http://eta.getbus.org/rtt/public/utility/gtfs.aspx,"Use mixed case for stop names and headsigns (e.g. 'Main St & 2nd Ave', not 'MAIN ST & 2ND AVE').",https://gtfsscorecard.org/agency/golden-empire-transit-district-get/,US,,
golden-gate-national-recreation-area-alcatraz-island,Alcatraz Cruises Ferry,California,A,92.2,small,98,2026-07-10,114,within_review_threshold,current,3208,8.0.1,https://www.nps.gov/external-resources/gtfs/alca/alcatraz-cruises-ferry.zip,Set wheelchair_boarding to 1 (accessible) or 2 (not accessible) for every stop. A field survey can start with the busiest stops.,https://gtfsscorecard.org/agency/golden-gate-national-recreation-area-alcatraz-island/,US,US-CA,California
golden-gate-transit,Golden Gate Transit,California,D,69.1,medium,59,2026-07-10,64,within_review_threshold,current,67,8.0.1,https://realtime.goldengate.org/gtfsstatic/GTFSTransitData.zip,Set wheelchair_boarding to 1 (accessible) or 2 (not accessible) for every stop. A field survey can start with the busiest stops.,https://gtfsscorecard.org/agency/golden-gate-transit/,US,US-CA,California
gotriangle,GoTriangle,North Carolina,F,50.2,medium,35,2026-07-10,-556,within_review_threshold,stale,374,8.0.1,https://data.trilliumtransit.com/gtfs/tta-regionalbus-nc-us/tta-regionalbus-nc-us.zip,"Re-export the feed with a calendar that reaches further out, and set feed_info feed_end_date past your next service change.",https://gtfsscorecard.org/agency/gotriangle/,US,US-NC,North Carolina
gotriangle-3183,GoTriangle,,F,54.2,medium,42,2026-07-10,22,within_review_threshold,expiring_soon,3183,8.0.1,http://gotriangle.org/gtfs,Re-export with a validity window that reaches at least 60 days out.,https://gtfsscorecard.org/agency/gotriangle-3183/,US,,
gotriangle-374,GoTriangle,,F,50.2,medium,35,2026-07-10,-556,within_review_threshold,stale,,8.0.1,http://data.trilliumtransit.com/gtfs/tta-regionalbus-nc-us/tta-regionalbus-nc-us.zip,"Re-export the feed with a calendar that reaches further out, and set feed_info feed_end_date past your next service change.",https://gtfsscorecard.org/agency/gotriangle-374/,US,,
gowal,GoWal,Florida,F,47.6,small,29,2026-07-10,-1074,within_review_threshold,stale,610,8.0.1,https://data.trilliumtransit.com/gtfs/gowal-fl-us/gowal-fl-us.zip,"Re-export the feed with a calendar that reaches further out, and set feed_info feed_end_date past your next service change.",https://gtfsscorecard.org/agency/gowal/,US,US-FL,Florida
graham-transit,Graham Transit,Virginia,B,80.2,small,81,2026-07-10,206,within_review_threshold,current,611,8.0.1,https://data.trilliumtransit.com/gtfs/grahamtransit-va-us/grahamtransit-va-us.zip,Set wheelchair_boarding to 1 (accessible) or 2 (not accessible) for every stop. A field survey can start with the busiest stops.,https://gtfsscorecard.org/agency/graham-transit/,US,US-VA,Virginia
graham-transit-611,Graham Transit,,B,80.2,small,81,2026-07-10,206,within_review_threshold,current,,8.0.1,http://data.trilliumtransit.com/gtfs/grahamtransit-va-us/grahamtransit-va-us.zip,Set wheelchair_boarding to 1 (accessible) or 2 (not accessible) for every stop. A field survey can start with the busiest stops.,https://gtfsscorecard.org/agency/graham-transit-611/,US,,
grand-canyon-national-park,South Rim Shuttle,Arizona,A,98.2,small,100,2026-07-10,63,within_review_threshold,current,1905,8.0.1,https://www.nps.gov/external-resources/gtfs/grca/south-rim-shuttle-service.zip,Remove past service periods the next time you export the feed.,https://gtfsscorecard.org/agency/grand-canyon-national-park/,US,US-AZ,Arizona
grand-valley-transit,Grand Valley Transit,Colorado,F,55.2,medium,44,2026-07-10,-247,within_review_threshold,lapsed,161,8.0.1,http://emap.mesacounty.us/datadownload/Google_Transit_Feed/google_transit.zip,"Re-export the feed with a calendar that reaches further out, and set feed_info feed_end_date past your next service change.",https://gtfsscorecard.org/agency/grand-valley-transit/,US,US-CO,Colorado
grand-valley-transit-2288,Flex,Colorado,D,64.4,small,54,2026-07-10,22,within_review_threshold,expiring_soon,2288,8.0.1,https://data.trilliumtransit.com/gtfs/grandvalleytransit-co-us/grandvalleytransit-co-us--flex-v2.zip,Re-export with a validity window that reaches at least 60 days out.,https://gtfsscorecard.org/agency/grand-valley-transit-2288/,US,US-CO,Colorado
grant-transit-authority,Grant Transit Authority,Washington,C,79.1,medium,78,2026-07-10,265,within_review_threshold,current,2309,8.0.1,https://data.trilliumtransit.com/gtfs/granttransit-wa-us/granttransit-wa-us.zip,Set wheelchair_boarding to 1 (accessible) or 2 (not accessible) for every stop. A field survey can start with the busiest stops.,https://gtfsscorecard.org/agency/grant-transit-authority/,US,US-WA,Washington
grapeline,GrapeLine,,C,75.5,medium,70,2026-07-10,1086,within_review_threshold,current,,8.0.1,https://www.lodi.gov/DocumentCenter/View/2453/lodi_gtfs-ZIP,Set wheelchair_boarding to 1 (accessible) or 2 (not accessible) for every stop. A field survey can start with the busiest stops.,https://gtfsscorecard.org/agency/grapeline/,US,,
grays-harbor-transit,Grays Harbor Transit,Washington,A,95.0,medium,99,2026-07-10,112,within_review_threshold,current,263,8.0.1,https://mjcaction.com/MJC_GTFS_Public/graysharbor_google_transit.zip,Review the rule documentation for 'equal_shape_distance_same_coordinates' at https://gtfs-validator.mobilitydata.org/rules.html and check the flagged rows in your feed.,https://gtfsscorecard.org/agency/grays-harbor-transit/,US,US-WA,Washington
grays-harbor-transit-263,Grays Harbor Transit,,A,95.0,medium,99,2026-07-10,112,within_review_threshold,current,,8.0.1,http://mjcaction.com/MJC_GTFS_Public/graysharbor_google_transit.zip,Review the rule documentation for 'equal_shape_distance_same_coordinates' at https://gtfs-validator.mobilitydata.org/rules.html and check the flagged rows in your feed.,https://gtfsscorecard.org/agency/grays-harbor-transit-263/,US,,
greater-attleboro-taunton-regional-transit-authority-gatra,Greater Attleboro Taunton Regional Transit Authority (GATRA),Massachusetts,F,35.7,medium,9,2026-07-10,-446,within_review_threshold,stale,418,8.0.1,https://data.trilliumtransit.com/gtfs/gatra-ma-us/gatra-ma-us.zip,"Re-export the feed with a calendar that reaches further out, and set feed_info feed_end_date past your next service change.",https://gtfsscorecard.org/agency/greater-attleboro-taunton-regional-transit-authority-gatra/,US,US-MA,Massachusetts
greater-attleboro-taunton-regional-transit-authority-gatra-418,Greater Attleboro Taunton Regional Transit Authority (GATRA),,F,35.7,medium,9,2026-07-10,-446,within_review_threshold,stale,,8.0.1,http://data.trilliumtransit.com/gtfs/gatra-ma-us/gatra-ma-us.zip,"Re-export the feed with a calendar that reaches further out, and set feed_info feed_end_date past your next service change.",https://gtfsscorecard.org/agency/greater-attleboro-taunton-regional-transit-authority-gatra-418/,US,,
greater-bridgeport-transit,Greater Bridgeport Transit,Connecticut,C,75.2,large,68,2026-07-10,170,within_review_threshold,current,530,8.0.1,https://data.trilliumtransit.com/gtfs/gbt-ct-us/gbt-ct-us.zip,Set wheelchair_boarding to 1 (accessible) or 2 (not accessible) for every stop. A field survey can start with the busiest stops.,https://gtfsscorecard.org/agency/greater-bridgeport-transit/,US,US-CT,Connecticut
greater-bridgeport-transit-530,Greater Bridgeport Transit,,C,75.2,large,68,2026-07-10,170,within_review_threshold,current,,8.0.1,http://data.trilliumtransit.com/gtfs/gbt-ct-us/gbt-ct-us.zip,Set wheelchair_boarding to 1 (accessible) or 2 (not accessible) for every stop. A field survey can start with the busiest stops.,https://gtfsscorecard.org/agency/greater-bridgeport-transit-530/,US,,
greater-cleveland-regional-transit-authority,Greater Cleveland Regional Transit Authority,Ohio,F,20.6,large,2,2026-07-10,22,within_review_threshold,expiring_soon,406,8.0.1,http://www.riderta.com/sites/default/files/gtfs/latest/google_transit.zip,Re-export with a validity window that reaches at least 60 days out.,https://gtfsscorecard.org/agency/greater-cleveland-regional-transit-authority/,US,US-OH,Ohio
greater-dayton-regional-transit-authority-greater-dayton-rta,Greater Dayton Regional Transit Authority (Greater Dayton RTA),Ohio,C,76.0,large,71,2026-07-10,57,within_review_threshold,current,403,8.0.1,http://proc.greaterdaytonrta.org/gtfs/google_transit.zip,"Use mixed case for stop names and headsigns (e.g. 'Main St & 2nd Ave', not 'MAIN ST & 2ND AVE').",https://gtfsscorecard.org/agency/greater-dayton-regional-transit-authority-greater-dayton-rta/,US,US-OH,Ohio
greater-glens-falls-transit,Greater Glens Falls Transit,New York,F,20.2,small,2,2026-07-10,-922,within_review_threshold,stale,542,8.0.1,https://s3.amazonaws.com/datatools-511ny/public/Greater_Glens_Falls_Transit_System.zip,"Re-export the feed with a calendar that reaches further out, and set feed_info feed_end_date past your next service change.",https://gtfsscorecard.org/agency/greater-glens-falls-transit/,US,US-NY,New York
greater-lynchburg-transit-co,Greater Lynchburg Transit Co.,Virginia,B,81.4,medium,84,2026-07-10,174,within_review_threshold,current,381,8.0.1,https://data.trilliumtransit.com/gtfs/gltc-lynchburg-va-us/gltc-lynchburg-va-us.zip,Set wheelchair_boarding to 1 (accessible) or 2 (not accessible) for every stop. A field survey can start with the busiest stops.,https://gtfsscorecard.org/agency/greater-lynchburg-transit-co/,US,US-VA,Virginia
greater-lynchburg-transit-co-381,Greater Lynchburg Transit Co.,,B,81.4,medium,84,2026-07-10,174,within_review_threshold,current,,8.0.1,http://data.trilliumtransit.com/gtfs/gltc-lynchburg-va-us/gltc-lynchburg-va-us.zip,Set wheelchair_boarding to 1 (accessible) or 2 (not accessible) for every stop. A field survey can start with the busiest stops.,https://gtfsscorecard.org/agency/greater-lynchburg-transit-co-381/,US,,
greater-peoria-mass-transit-citylink,Greater Peoria Mass Transit (CityLink),Illinois,F,36.7,large,9,2026-07-10,-1679,within_review_threshold,stale,386,8.0.1,https://data.trilliumtransit.com/gtfs/ridecitylink-il-us/ridecitylink-il-us.zip,"Re-export the feed with a calendar that reaches further out, and set feed_info feed_end_date past your next service change.",https://gtfsscorecard.org/agency/greater-peoria-mass-transit-citylink/,US,US-IL,Illinois
greater-peoria-mass-transit-citylink-2208,Greater Peoria Mass Transit (CityLink),Illinois,D,64.8,medium,55,2026-07-10,57,within_review_threshold,current,2208,8.0.1,https://clk.rideralerts.com/InfoPoint/gtfs-zip.ashx,Set wheelchair_boarding to 1 (accessible) or 2 (not accessible) for every stop. A field survey can start with the busiest stops.,https://gtfsscorecard.org/agency/greater-peoria-mass-transit-citylink-2208/,US,US-IL,Illinois
greater-peoria-mass-transit-citylink-386,Greater Peoria Mass Transit (CityLink),,F,36.7,large,9,2026-07-10,-1679,within_review_threshold,stale,,8.0.1,http://data.trilliumtransit.com/gtfs/ridecitylink-il-us/ridecitylink-il-us.zip,"Re-export the feed with a calendar that reaches further out, and set feed_info feed_end_date past your next service change.",https://gtfsscorecard.org/agency/greater-peoria-mass-transit-citylink-386/,US,,
greater-portland-metro-bus,Greater Portland Metro Bus,Maine,F,23.5,medium,3,2026-07-10,-1161,within_review_threshold,stale,454,8.0.1,http://smttracker.com/downloads/gtfs/greater-portland-me.zip,"Re-export the feed with a calendar that reaches further out, and set feed_info feed_end_date past your next service change.",https://gtfsscorecard.org/agency/greater-portland-metro-bus/,US,US-ME,Maine
greater-portland-metro-bus-2642,Greater Portland Metro Bus,Maine,F,56.0,large,45,2026-07-10,30,within_review_threshold,expiring_soon,2642,8.0.1,https://gtfs.gptd.cadavl.com/GPTD/GTFS/GTFS_GPTD.zip,Check the trip updates endpoint with your AVL vendor; it should return a fresh GTFS-Realtime protobuf on every request.,https://gtfsscorecard.org/agency/greater-portland-metro-bus-2642/,US,US-ME,Maine
greeley-evans-transit-get-2076,Greeley-Evans Transit (GET),Colorado,B,80.0,medium,80,2026-07-10,52,within_review_threshold,current,2076,8.0.1,https://data.trilliumtransit.com/gtfs/greeleyevans-co-us/greeleyevans-co-us.zip,Set wheelchair_boarding to 1 (accessible) or 2 (not accessible) for every stop. A field survey can start with the busiest stops.,https://gtfsscorecard.org/agency/greeley-evans-transit-get-2076/,US,US-CO,Colorado
green-bay-metro,Green Bay Metro,Wisconsin,F,26.9,medium,4,2026-07-10,-2017,within_review_threshold,stale,917,8.0.1,https://github.com/transitland/gtfs-archives-not-hosted-elsewhere/raw/master/green-bay-wi-us.zip,"Re-export the feed with a calendar that reaches further out, and set feed_info feed_end_date past your next service change.",https://gtfsscorecard.org/agency/green-bay-metro/,US,US-WI,Wisconsin
green-mountain-community-network-gmcn,Green Mountain Community Network (GMCN),Vermont,C,78.0,medium,75,2026-07-10,206,within_review_threshold,current,539,8.0.1,https://data.trilliumtransit.com/gtfs/greenmtncn-vt-us/greenmtncn-vt-us.zip,Set wheelchair_boarding to 1 (accessible) or 2 (not accessible) for every stop. A field survey can start with the busiest stops.,https://gtfsscorecard.org/agency/green-mountain-community-network-gmcn/,US,US-VT,Vermont
green-mountain-community-network-gmcn-539,Green Mountain Community Network (GMCN),,C,78.0,medium,75,2026-07-10,206,within_review_threshold,current,,8.0.1,http://data.trilliumtransit.com/gtfs/greenmtncn-vt-us/greenmtncn-vt-us.zip,Set wheelchair_boarding to 1 (accessible) or 2 (not accessible) for every stop. A field survey can start with the busiest stops.,https://gtfsscorecard.org/agency/green-mountain-community-network-gmcn-539/,US,,
greene-county-transit,Greene County Transit,New York,F,54.8,medium,43,2026-07-10,175,within_review_threshold,current,613,8.0.1,https://s3.amazonaws.com/datatools-511ny/public/Greene_County_Transit.zip,Review the rule documentation for 'trip_distance_exceeds_shape_distance' at https://gtfs-validator.mobilitydata.org/rules.html and check the flagged rows in your feed.,https://gtfsscorecard.org/agency/greene-county-transit/,US,US-NY,New York
greensboro-transit-authority-gta,Greensboro Transit Authority (GTA),North Carolina,F,47.6,medium,29,2026-07-10,-497,within_review_threshold,stale,615,8.0.1,https://app.mecatran.com/urb/ws/feed/c2l0ZT1ncmVlbnNib3JvO2NsaWVudD1zZWxmO2V4cGlyZT07dHlwZT1ndGZzO2tleT00ZDQ3MDYyMjNiNjI3ZjFmMTU1YzFiNGIxNTY0Mzg0ZDFjNzYyOTQy,"Re-export the feed with a calendar that reaches further out, and set feed_info feed_end_date past your next service change.",https://gtfsscorecard.org/agency/greensboro-transit-authority-gta/,US,US-NC,North Carolina
greensville-emporia-transit,Greensville Emporia Transit,Virginia,D,66.5,small,57,2026-07-10,21,within_review_threshold,expiring_soon,463,8.0.1,https://data.trilliumtransit.com/gtfs/get-va-us/get-va-us.zip,Re-export with a validity window that reaches at least 60 days out.,https://gtfsscorecard.org/agency/greensville-emporia-transit/,US,US-VA,Virginia
greensville-emporia-transit-463,Greensville Emporia Transit,,D,66.5,small,57,2026-07-10,21,within_review_threshold,expiring_soon,,8.0.1,http://data.trilliumtransit.com/gtfs/get-va-us/get-va-us.zip,Re-export with a validity window that reaches at least 60 days out.,https://gtfsscorecard.org/agency/greensville-emporia-transit-463/,US,,
groome-transportation,Groome Transportation,,F,37.6,medium,11,2026-07-10,-1287,within_review_threshold,stale,319,8.0.1,https://data.trilliumtransit.com/gtfs/groometransportation-us/groometransportation-us.zip,"Re-export the feed with a calendar that reaches further out, and set feed_info feed_end_date past your next service change.",https://gtfsscorecard.org/agency/groome-transportation/,US,,
groome-transportation-319,Groome Transportation,,F,37.6,medium,11,2026-07-10,-1287,within_review_threshold,stale,,8.0.1,http://data.trilliumtransit.com/gtfs/groometransportation-us/groometransportation-us.zip,"Re-export the feed with a calendar that reaches further out, and set feed_info feed_end_date past your next service change.",https://gtfsscorecard.org/agency/groome-transportation-319/,US,,
groome-transportation-arizona-shuttle,Groome Transportation - Arizona Shuttle,Arizona,F,44.1,small,19,2026-07-10,-1287,within_review_threshold,stale,156,8.0.1,https://data.trilliumtransit.com/gtfs/arizonashuttle-az-us/arizonashuttle-az-us.zip,"Re-export the feed with a calendar that reaches further out, and set feed_info feed_end_date past your next service change.",https://gtfsscorecard.org/agency/groome-transportation-arizona-shuttle/,US,US-AZ,Arizona
groome-transportation-arizona-shuttle-156,Groome Transportation - Arizona Shuttle,,F,44.1,small,19,2026-07-10,-1287,within_review_threshold,stale,,8.0.1,http://data.trilliumtransit.com/gtfs/arizonashuttle-az-us/arizonashuttle-az-us.zip,"Re-export the feed with a calendar that reaches further out, and set feed_info feed_end_date past your next service change.",https://gtfsscorecard.org/agency/groome-transportation-arizona-shuttle-156/,US,,
groome-transportation-colorado-springs-shuttle,Groome Transportation - Colorado Springs Shuttle,Colorado,F,49.4,small,33,2026-07-10,-1287,within_review_threshold,stale,168,8.0.1,https://data.trilliumtransit.com/gtfs/coloradoshuttle-co-us/coloradoshuttle-co-us.zip,"Re-export the feed with a calendar that reaches further out, and set feed_info feed_end_date past your next service change.",https://gtfsscorecard.org/agency/groome-transportation-colorado-springs-shuttle/,US,US-CO,Colorado
groome-transportation-colorado-springs-shuttle-168,Groome Transportation - Colorado Springs Shuttle,,F,49.4,small,33,2026-07-10,-1287,within_review_threshold,stale,,8.0.1,http://data.trilliumtransit.com/gtfs/coloradoshuttle-co-us/coloradoshuttle-co-us.zip,"Re-export the feed with a calendar that reaches further out, and set feed_info feed_end_date past your next service change.",https://gtfsscorecard.org/agency/groome-transportation-colorado-springs-shuttle-168/,US,,
groome-transportation-greenride,Groome Transportation (Greenride),Colorado,F,45.0,small,21,2026-07-10,-1347,within_review_threshold,stale,614,8.0.1,https://data.trilliumtransit.com/gtfs/greenride-co-us/greenride-co-us.zip,"Re-export the feed with a calendar that reaches further out, and set feed_info feed_end_date past your next service change.",https://gtfsscorecard.org/agency/groome-transportation-greenride/,US,US-CO,Colorado
grtc-transit-system,GRTC Transit System,Virginia,F,31.8,large,6,2026-07-10,-783,within_review_threshold,stale,902,8.0.1,https://github.com/transitland/gtfs-archives-not-hosted-elsewhere/raw/master/grtc.zip,"Re-export the feed with a calendar that reaches further out, and set feed_info feed_end_date past your next service change.",https://gtfsscorecard.org/agency/grtc-transit-system/,US,US-VA,Virginia
gtrans,GTrans,California,F,23.0,medium,2,2026-07-10,-1043,within_review_threshold,stale,616,8.0.1,https://data.trilliumtransit.com/gtfs/gtrans-ca-us/gtrans-ca-us.zip,"Re-export the feed with a calendar that reaches further out, and set feed_info feed_end_date past your next service change.",https://gtfsscorecard.org/agency/gtrans/,US,US-CA,California
gtrans-2270,GTrans,California,D,66.1,medium,56,2026-07-10,8,within_review_threshold,expiring_soon,2270,8.0.1,https://ridegtrans.com/gtfs.zip,Re-export with a validity window that reaches at least 60 days out.,https://gtfsscorecard.org/agency/gtrans-2270/,US,US-CA,California
gtrans-616,GTrans,,F,23.0,medium,2,2026-07-10,-1043,within_review_threshold,stale,,8.0.1,http://data.trilliumtransit.com/gtfs/gtrans-ca-us/gtrans-ca-us.zip,"Re-export the feed with a calendar that reaches further out, and set feed_info feed_end_date past your next service change.",https://gtfsscorecard.org/agency/gtrans-616/,US,,
guadalupe-flyer,Guadalupe Flyer,California,F,47.5,small,28,2026-07-10,-355,within_review_threshold,lapsed,617,8.0.1,https://data.trilliumtransit.com/gtfs/guadalupeflyer-ca-us/guadalupeflyer-ca-us.zip,"Re-export the feed with a calendar that reaches further out, and set feed_info feed_end_date past your next service change.",https://gtfsscorecard.org/agency/guadalupe-flyer/,US,US-CA,California
guadalupe-flyer-617,Guadalupe Flyer,,F,47.5,small,28,2026-07-10,-355,within_review_threshold,lapsed,,8.0.1,http://data.trilliumtransit.com/gtfs/guadalupeflyer-ca-us/guadalupeflyer-ca-us.zip,"Re-export the feed with a calendar that reaches further out, and set feed_info feed_end_date past your next service change.",https://gtfsscorecard.org/agency/guadalupe-flyer-617/,US,,
guemes-island-ferry,Guemes Island Ferry,Washington,C,74.7,small,67,2026-07-10,313,within_review_threshold,current,2310,8.0.1,https://data.trilliumtransit.com/gtfs/guemesislandferry-wa-us/guemesislandferry-wa-us.zip,Set wheelchair_boarding to 1 (accessible) or 2 (not accessible) for every stop. A field survey can start with the busiest stops.,https://gtfsscorecard.org/agency/guemes-island-ferry/,US,US-WA,Washington
gulf-islands-national-seashore,Pensacola Bay City Ferry,Florida,A,96.5,small,99,2026-07-10,113,within_review_threshold,current,3209,8.0.1,https://www.nps.gov/external-resources/gtfs/guis/guis-ferry-service-fl.zip,Check the flagged stops' coordinates and the route shape in your scheduling software; re-snap whichever is misplaced.,https://gtfsscorecard.org/agency/gulf-islands-national-seashore/,US,US-FL,Florida
gulf-islands-national-seashore-3210,Ship Island Excursions,Mississippi,A,98.2,small,100,2026-07-10,114,within_review_threshold,current,3210,8.0.1,https://www.nps.gov/external-resources/gtfs/guis/guis-ferry-service-ms.zip,Remove past service periods the next time you export the feed.,https://gtfsscorecard.org/agency/gulf-islands-national-seashore-3210/,US,US-MS,Mississippi
gunnison-valley-rta,Flex v2 included,Colorado,C,75.5,small,70,2026-07-10,114,within_review_threshold,current,2048,8.0.1,https://data.trilliumtransit.com/gtfs/gunnisonvalleyrta-co-us/gunnisonvalleyrta-co-us--flex-v2.zip,Set wheelchair_boarding to 1 (accessible) or 2 (not accessible) for every stop. A field survey can start with the busiest stops.,https://gtfsscorecard.org/agency/gunnison-valley-rta/,US,US-CO,Colorado
gunnison-valley-transportation-authority-rta,Gunnison Valley Transportation Authority (RTA),Colorado,A,98.2,small,100,2026-07-10,138,within_review_threshold,current,163,8.0.1,https://mjcaction.com/MJC_GTFS_Public/gunnisonrta_google_transit.zip,Remove past service periods the next time you export the feed.,https://gtfsscorecard.org/agency/gunnison-valley-transportation-authority-rta/,US,US-CO,Colorado
gunnison-valley-transportation-authority-rta-163,Gunnison Valley Transportation Authority (RTA),,A,98.2,small,100,2026-07-10,138,within_review_threshold,current,,8.0.1,http://mjcaction.com/MJC_GTFS_Public/gunnisonrta_google_transit.zip,Remove past service periods the next time you export the feed.,https://gtfsscorecard.org/agency/gunnison-valley-transportation-authority-rta-163/,US,,
gwinnett-county-transit,Gwinnett County Transit,Georgia,F,42.4,medium,16,2026-07-10,-2016,within_review_threshold,stale,369,8.0.1,https://data.trilliumtransit.com/gtfs/gwinnettcountytransit-ga-us/gwinnettcountytransit-ga-us.zip,"Re-export the feed with a calendar that reaches further out, and set feed_info feed_end_date past your next service change.",https://gtfsscorecard.org/agency/gwinnett-county-transit/,US,US-GA,Georgia
gwinnett-county-transit-2241,Gwinnett County Transit,Georgia,C,71.7,medium,62,2026-07-10,169,within_review_threshold,current,2241,8.0.1,https://realtimegwinnett.availtec.com/InfoPoint/gtfs-zip.ashx,Set wheelchair_boarding to 1 (accessible) or 2 (not accessible) for every stop. A field survey can start with the busiest stops.,https://gtfsscorecard.org/agency/gwinnett-county-transit-2241/,US,US-GA,Georgia
gwinnett-county-transit-369,Gwinnett County Transit,,F,42.4,medium,16,2026-07-10,-2016,within_review_threshold,stale,,8.0.1,http://data.trilliumtransit.com/gtfs/gwinnettcountytransit-ga-us/gwinnettcountytransit-ga-us.zip,"Re-export the feed with a calendar that reaches further out, and set feed_info feed_end_date past your next service change.",https://gtfsscorecard.org/agency/gwinnett-county-transit-369/,US,,
hampton-roads-transit-hrt,Hampton Roads Transit (HRT),Virginia,D,62.3,large,52,2026-07-10,106,within_review_threshold,current,473,8.0.1,https://gtfs.gohrt.com/gtfs/google_transit.zip,Set wheelchair_boarding to 1 (accessible) or 2 (not accessible) for every stop. A field survey can start with the busiest stops.,https://gtfsscorecard.org/agency/hampton-roads-transit-hrt/,US,US-VA,Virginia
harbor-connector,Harbor Connector,Maryland,B,81.4,small,84,2026-07-10,113,within_review_threshold,current,618,8.0.1,https://data.trilliumtransit.com/gtfs/harborconnector-md-us/harborconnector-md-us.zip,Set wheelchair_boarding to 1 (accessible) or 2 (not accessible) for every stop. A field survey can start with the busiest stops.,https://gtfsscorecard.org/agency/harbor-connector/,US,US-MD,Maryland
harbor-connector-618,Harbor Connector,,B,81.4,small,84,2026-07-10,113,within_review_threshold,current,,8.0.1,http://data.trilliumtransit.com/gtfs/harborconnector-md-us/harborconnector-md-us.zip,Set wheelchair_boarding to 1 (accessible) or 2 (not accessible) for every stop. A field survey can start with the busiest stops.,https://gtfsscorecard.org/agency/harbor-connector-618/,US,,
harford-transit-link,Harford Transit LINK,Maryland,F,32.0,medium,7,2026-07-10,-1287,within_review_threshold,stale,501,8.0.1,https://github.com/mobilityequity/maryland-local-gtfs/raw/master/Harford_GTFS.zip,"Re-export the feed with a calendar that reaches further out, and set feed_info feed_end_date past your next service change.",https://gtfsscorecard.org/agency/harford-transit-link/,US,US-MD,Maryland
harney-county,Harney County,Oregon,C,78.7,small,77,2026-07-10,52,within_review_threshold,current,931,8.0.1,https://oregon-gtfs.trilliumtransit.com/gtfs_data/harneycounty-or-us/harneycounty-or-us.zip,Set wheelchair_boarding to 1 (accessible) or 2 (not accessible) for every stop. A field survey can start with the busiest stops.,https://gtfsscorecard.org/agency/harney-county/,US,US-OR,Oregon
harrisonburg-department-of-public-transportation-hdpt,HDPT,Virginia,F,30.4,medium,5,2026-07-10,-1889,within_review_threshold,stale,382,8.0.1,http://harrisonburgva.gov/sites/default/files/Transit/files/gtfs/google_transit_Working%20%281%29.zip,"Re-export the feed with a calendar that reaches further out, and set feed_info feed_end_date past your next service change.",https://gtfsscorecard.org/agency/harrisonburg-department-of-public-transportation-hdpt/,US,US-VA,Virginia
hawai-i-mass-transit-agency-hele-on-bus,Hawai'i Mass Transit Agency (Hele-On Bus),Hawaii,F,51.9,medium,39,2026-07-10,-928,within_review_threshold,stale,557,8.0.1,http://www.heleonbus.org/transit-info-and-statistics/MTA_FEED4.zip,"Re-export the feed with a calendar that reaches further out, and set feed_info feed_end_date past your next service change.",https://gtfsscorecard.org/agency/hawai-i-mass-transit-agency-hele-on-bus/,US,US-HI,Hawaii
herkimer-oneida-counties-transportation-study-hocts,Herkimer-Oneida Counties Transportation Study (HOCTS),New York,F,24.9,medium,3,2026-07-10,-1652,within_review_threshold,stale,588,8.0.1,https://s3.amazonaws.com/datatools-511ny/public/Oneida_County_Rural_Transit.zip,"Re-export the feed with a calendar that reaches further out, and set feed_info feed_end_date past your next service change.",https://gtfsscorecard.org/agency/herkimer-oneida-counties-transportation-study-hocts/,US,US-NY,New York
hernando-county-transit-thebus,Hernando County Transit (TheBus),Florida,F,50.2,medium,35,2026-07-10,-3477,within_review_threshold,stale,341,8.0.1,https://data.trilliumtransit.com/gtfs/thehernandoexpress-fl-us/thehernandoexpress-fl-us.zip,"Re-export the feed with a calendar that reaches further out, and set feed_info feed_end_date past your next service change.",https://gtfsscorecard.org/agency/hernando-county-transit-thebus/,US,US-FL,Florida
hernando-county-transit-thebus-341,Hernando County Transit (TheBus),,F,50.2,medium,35,2026-07-10,-3477,within_review_threshold,stale,,8.0.1,http://data.trilliumtransit.com/gtfs/thehernandoexpress-fl-us/thehernandoexpress-fl-us.zip,"Re-export the feed with a calendar that reaches further out, and set feed_info feed_end_date past your next service change.",https://gtfsscorecard.org/agency/hernando-county-transit-thebus-341/,US,,
hiawathaland-transit,Hiawathaland Transit,,C,76.2,medium,71,2026-07-10,83,within_review_threshold,current,2859,8.0.1,https://data.trilliumtransit.com/gtfs/threerivers-mn-us/threerivers-mn-us--flex-v2.zip,Set wheelchair_boarding to 1 (accessible) or 2 (not accessible) for every stop. A field survey can start with the busiest stops.,https://gtfsscorecard.org/agency/hiawathaland-transit/,US,,
high-desert-point,High Desert Point,Oregon,F,31.3,small,6,2026-07-10,,unknown,unknown,636,8.0.1,https://oregon-gtfs.com/gtfs_data/highdesertpoint-or-us/highdesertpoint-or-us.zip,Add feed_start_date and feed_end_date to feed_info.txt and include calendar end dates in your export.,https://gtfsscorecard.org/agency/high-desert-point/,US,US-OR,Oregon
high-desert-point-636,High Desert Point,,F,31.3,small,6,2026-07-10,,unknown,unknown,,8.0.1,http://oregon-gtfs.com/gtfs_data/highdesertpoint-or-us/highdesertpoint-or-us.zip,Add feed_start_date and feed_end_date to feed_info.txt and include calendar end dates in your export.,https://gtfsscorecard.org/agency/high-desert-point-636/,US,,
hillsborough-area-regional-transit-hart,Hillsborough Area Regional Transit (HART),Florida,F,55.7,large,45,2026-07-10,36,within_review_threshold,current,325,8.0.1,http://www.gohart.org/google/google_transit.zip,Check the trip updates endpoint with your AVL vendor; it should return a fresh GTFS-Realtime protobuf on every request.,https://gtfsscorecard.org/agency/hillsborough-area-regional-transit-hart/,US,US-FL,Florida
homage-d-arling-direct,Homage: DʼArling Direct,Washington,F,48.8,small,32,2026-07-10,-375,within_review_threshold,stale,2311,8.0.1,https://data.trilliumtransit.com/gtfs/homage-wa-us/homage-wa-us.zip,"Re-export the feed with a calendar that reaches further out, and set feed_info feed_end_date past your next service change.",https://gtfsscorecard.org/agency/homage-d-arling-direct/,US,US-WA,Washington
home-james,Home James,Colorado,B,83.2,small,89,2026-07-10,132,within_review_threshold,current,607,8.0.1,https://data.trilliumtransit.com/gtfs/homejames-co-us/homejames-co-us.zip,Set wheelchair_boarding to 1 (accessible) or 2 (not accessible) for every stop. A field survey can start with the busiest stops.,https://gtfsscorecard.org/agency/home-james/,US,US-CO,Colorado
home-james-607,Home James,,B,83.2,small,89,2026-07-10,132,within_review_threshold,current,,8.0.1,http://data.trilliumtransit.com/gtfs/homejames-co-us/homejames-co-us.zip,Set wheelchair_boarding to 1 (accessible) or 2 (not accessible) for every stop. A field survey can start with the busiest stops.,https://gtfsscorecard.org/agency/home-james-607/,US,,
hope-college-evening-shuttle,Hope College Evening Shuttle,,B,81.1,small,83,2026-07-10,667,within_review_threshold,current,3039,8.0.1,https://hope-college-cit.github.io/shuttle/hope-shuttle-gtfs.zip,Set wheelchair_boarding to 1 (accessible) or 2 (not accessible) for every stop. A field survey can start with the busiest stops.,https://gtfsscorecard.org/agency/hope-college-evening-shuttle/,US,,
hopelink-transportation,Hopelink Transportation,Washington,F,59.7,small,49,2026-07-10,22,within_review_threshold,expiring_soon,2167,8.0.1,https://data.trilliumtransit.com/gtfs/hopelink-wa-us/hopelink-wa-us--flex-v2.zip,Re-export with a validity window that reaches at least 60 days out.,https://gtfsscorecard.org/agency/hopelink-transportation/,US,US-WA,Washington
hornell-area-transit,Hornell Area Transit,New York,F,38.6,small,12,2026-07-10,8,within_review_threshold,expiring_soon,532,8.0.1,https://s3.amazonaws.com/datatools-511ny/public/Hornell_Area_Transit.zip,Re-export with a validity window that reaches at least 60 days out.,https://gtfsscorecard.org/agency/hornell-area-transit/,US,US-NY,New York
hudson-link,Hudson Link,New York,B,82.7,small,88,2026-07-10,83,within_review_threshold,current,2312,8.0.1,https://data.trilliumtransit.com/gtfs/hudsonlink-ny-us/hudsonlink-ny-us.zip,Set wheelchair_boarding to 1 (accessible) or 2 (not accessible) for every stop. A field survey can start with the busiest stops.,https://gtfsscorecard.org/agency/hudson-link/,US,US-NY,New York
humboldt-transit-authority,Humboldt Transit Authority,California,C,78.2,medium,76,2026-07-10,174,within_review_threshold,current,19,8.0.1,https://data.trilliumtransit.com/gtfs/humboldtcounty-ca-us/humboldtcounty-ca-us.zip,Check the trip updates endpoint with your AVL vendor; it should return a fresh GTFS-Realtime protobuf on every request.,https://gtfsscorecard.org/agency/humboldt-transit-authority/,US,US-CA,California
humboldt-transit-authority-19,Humboldt Transit Authority,,B,82.1,medium,86,2026-07-10,174,within_review_threshold,current,,8.0.1,http://data.trilliumtransit.com/gtfs/humboldtcounty-ca-us/humboldtcounty-ca-us.zip,Check the trip updates endpoint with your AVL vendor; it should return a fresh GTFS-Realtime protobuf on every request.,https://gtfsscorecard.org/agency/humboldt-transit-authority-19/,US,,
humboldt-transit-authority-3032,Humboldt Transit Authority,California,A,90.7,medium,97,2026-07-10,174,within_review_threshold,current,3032,8.0.1,https://hta.optibus.co/public_api/v1/feeds/gtfs,Review the rule documentation for 'trip_distance_exceeds_shape_distance_below_threshold' at https://gtfs-validator.mobilitydata.org/rules.html and check the flagged rows in your feed.,https://gtfsscorecard.org/agency/humboldt-transit-authority-3032/,US,US-CA,California
huntington-area-rapid-transit-hart,Huntington Area Rapid Transit (HART),New York,C,73.8,large,66,2026-07-10,176,within_review_threshold,current,905,8.0.1,https://s3.amazonaws.com/datatools-511ny/public/HART_Huntington_Area_Rapid_Transit.zip,Set wheelchair_boarding to 1 (accessible) or 2 (not accessible) for every stop. A field survey can start with the busiest stops.,https://gtfsscorecard.org/agency/huntington-area-rapid-transit-hart/,US,US-NY,New York
huntington-park-express,Huntington Park Express,California,F,44.9,small,21,2026-07-10,-556,within_review_threshold,stale,558,8.0.1,https://raw.githubusercontent.com/LACMTA/los-angeles-regional-gtfs/main/huntingtonpark-ca-us/huntingtonpark-ca-us.zip,"Re-export the feed with a calendar that reaches further out, and set feed_info feed_end_date past your next service change.",https://gtfsscorecard.org/agency/huntington-park-express/,US,US-CA,California
huntington-park-express-2648,Huntington Park Express,,F,48.8,small,32,2026-07-10,-40,within_review_threshold,lapsed,,8.0.1,https://www.hpca.gov/DocumentCenter/View/11702,"Re-export the feed with a calendar that reaches further out, and set feed_info feed_end_date past your next service change.",https://gtfsscorecard.org/agency/huntington-park-express-2648/,US,,
huntsville-shuttle,Huntsville Shuttle,Alabama,F,46.7,medium,26,2026-07-10,-1287,within_review_threshold,stale,353,8.0.1,http://maps.hsvcity.com/GoogleTransit/google_transit.zip,"Re-export the feed with a calendar that reaches further out, and set feed_info feed_end_date past your next service change.",https://gtfsscorecard.org/agency/huntsville-shuttle/,US,US-AL,Alabama
huntsville-shuttle-2081,Huntsville Shuttle,Alabama,C,72.3,medium,63,2026-07-10,174,within_review_threshold,current,2081,8.0.1,https://maps.huntsvilleal.gov/googletransit/google_transit.zip,Set wheelchair_boarding to 1 (accessible) or 2 (not accessible) for every stop. A field survey can start with the busiest stops.,https://gtfsscorecard.org/agency/huntsville-shuttle-2081/,US,US-AL,Alabama
hut-airport-shuttle,HUT Airport Shuttle,Oregon,F,31.5,small,6,2026-07-10,,unknown,unknown,635,8.0.1,https://oregon-gtfs.com/gtfs_data/hut-or-us/hut-or-us.zip,Add feed_start_date and feed_end_date to feed_info.txt and include calendar end dates in your export.,https://gtfsscorecard.org/agency/hut-airport-shuttle/,US,US-OR,Oregon
hut-airport-shuttle-635,HUT Airport Shuttle,,F,31.5,small,6,2026-07-10,,unknown,unknown,,8.0.1,http://oregon-gtfs.com/gtfs_data/hut-or-us/hut-or-us.zip,Add feed_start_date and feed_end_date to feed_info.txt and include calendar end dates in your export.,https://gtfsscorecard.org/agency/hut-airport-shuttle-635/,US,,
hy-line-cruises,Hy-Line Cruises,Massachusetts,B,81.2,small,83,2026-07-10,114,within_review_threshold,current,427,8.0.1,https://data.trilliumtransit.com/gtfs/hylinecruises-ma-us/hylinecruises-ma-us.zip,Set wheelchair_boarding to 1 (accessible) or 2 (not accessible) for every stop. A field survey can start with the busiest stops.,https://gtfsscorecard.org/agency/hy-line-cruises/,US,US-MA,Massachusetts
hy-line-cruises-427,Hy-Line Cruises,,B,81.2,small,83,2026-07-10,114,within_review_threshold,current,,8.0.1,http://data.trilliumtransit.com/gtfs/hylinecruises-ma-us/hylinecruises-ma-us.zip,Set wheelchair_boarding to 1 (accessible) or 2 (not accessible) for every stop. A field survey can start with the busiest stops.,https://gtfsscorecard.org/agency/hy-line-cruises-427/,US,,
i-ride-trolley-i-ride,I-RIDE Trolley (I-RIDE),Florida,D,69.5,medium,59,2026-07-10,8576,unusually_distant,current,1143,8.0.1,https://buswhere.com/iridetrolley/gtfs/schedule,Set wheelchair_boarding to 1 (accessible) or 2 (not accessible) for every stop. A field survey can start with the busiest stops.,https://gtfsscorecard.org/agency/i-ride-trolley-i-ride/,US,US-FL,Florida
indian-trails-detroit-ann-arbor-express,"Indian Trails, Detroit Ann Arbor Express",Michigan,F,56.1,medium,45,2026-07-10,-556,within_review_threshold,stale,384,8.0.1,https://data.trilliumtransit.com/gtfs/indiantrails-mi-us/indiantrails-mi-us.zip,"Re-export the feed with a calendar that reaches further out, and set feed_info feed_end_date past your next service change.",https://gtfsscorecard.org/agency/indian-trails-detroit-ann-arbor-express/,US,US-MI,Michigan
indian-trails-detroit-ann-arbor-express-384,"Indian Trails, Detroit Ann Arbor Express",,F,56.1,medium,45,2026-07-10,-556,within_review_threshold,stale,,8.0.1,http://data.trilliumtransit.com/gtfs/indiantrails-mi-us/indiantrails-mi-us.zip,"Re-export the feed with a calendar that reaches further out, and set feed_info feed_end_date past your next service change.",https://gtfsscorecard.org/agency/indian-trails-detroit-ann-arbor-express-384/,US,,
indygo,IndyGo,Indiana,F,37.4,large,10,2026-07-10,-867,within_review_threshold,stale,1237,8.0.1,https://transitfeeds.com/p/indygo/210/latest/download,"Re-export the feed with a calendar that reaches further out, and set feed_info feed_end_date past your next service change.",https://gtfsscorecard.org/agency/indygo/,US,US-IN,Indiana
inter-island-ferry,Inter-Island Ferry,Alaska,B,82.4,small,87,2026-07-10,52,within_review_threshold,current,243,8.0.1,https://data.trilliumtransit.com/gtfs/interisland-ak-us/interisland-ak-us.zip,Set wheelchair_boarding to 1 (accessible) or 2 (not accessible) for every stop. A field survey can start with the busiest stops.,https://gtfsscorecard.org/agency/inter-island-ferry/,US,US-AK,Alaska
inter-island-ferry-243,Inter-Island Ferry,,B,82.4,small,87,2026-07-10,52,within_review_threshold,current,,8.0.1,http://data.trilliumtransit.com/gtfs/interisland-ak-us/interisland-ak-us.zip,Set wheelchair_boarding to 1 (accessible) or 2 (not accessible) for every stop. A field survey can start with the busiest stops.,https://gtfsscorecard.org/agency/inter-island-ferry-243/,US,,
intercity-transit,Intercity Transit,Washington,B,83.5,large,90,2026-07-10,64,within_review_threshold,current,266,8.0.1,https://its.rideralerts.com/InfoPoint/gtfs-zip.ashx,Set wheelchair_boarding to 1 (accessible) or 2 (not accessible) for every stop. A field survey can start with the busiest stops.,https://gtfsscorecard.org/agency/intercity-transit/,US,US-WA,Washington
intercity-transit-2289,Intercity Transit,Washington,C,75.5,small,70,2026-07-10,295,within_review_threshold,current,2289,8.0.1,https://data.trilliumtransit.com/gtfs/intercitytransit-wa-us/intercitytransit-wa-us--flex-v2.zip,Set wheelchair_boarding to 1 (accessible) or 2 (not accessible) for every stop. A field survey can start with the busiest stops.,https://gtfsscorecard.org/agency/intercity-transit-2289/,US,US-WA,Washington
interurban-trolley,Interurban Trolley,Indiana,B,85.2,medium,93,2026-07-10,174,within_review_threshold,current,571,8.0.1,http://macog.com/google/google_transit.zip,Set wheelchair_boarding to 1 (accessible) or 2 (not accessible) for every stop. A field survey can start with the busiest stops.,https://gtfsscorecard.org/agency/interurban-trolley/,US,US-IN,Indiana
iowa-city-transit-system,Iowa City Transit System,Iowa,C,74.9,medium,67,2026-07-10,52,within_review_threshold,current,559,8.0.1,https://data.trilliumtransit.com/gtfs/iowacitytransit-ia-us/iowacitytransit-ia-us.zip,Set wheelchair_boarding to 1 (accessible) or 2 (not accessible) for every stop. A field survey can start with the busiest stops.,https://gtfsscorecard.org/agency/iowa-city-transit-system/,US,US-IA,Iowa
iowa-city-transit-system-559,Iowa City Transit System,,C,74.9,medium,67,2026-07-10,52,within_review_threshold,current,,8.0.1,http://data.trilliumtransit.com/gtfs/iowacitytransit-ia-us/iowacitytransit-ia-us.zip,Set wheelchair_boarding to 1 (accessible) or 2 (not accessible) for every stop. A field survey can start with the busiest stops.,https://gtfsscorecard.org/agency/iowa-city-transit-system-559/,US,,
island-transit,Island Transit,Washington,C,74.7,medium,67,2026-07-10,83,within_review_threshold,current,280,8.0.1,https://data.trilliumtransit.com/gtfs/islandtransit-wa-us/islandtransit-wa-us.zip,Set wheelchair_boarding to 1 (accessible) or 2 (not accessible) for every stop. A field survey can start with the busiest stops.,https://gtfsscorecard.org/agency/island-transit/,US,US-WA,Washington
jackson-transit-authority,Jackson Transit Authority,Tennessee,F,59.5,medium,49,2026-07-10,-101,within_review_threshold,lapsed,2313,8.0.1,https://data.trilliumtransit.com/gtfs/jackson-tn-us/jackson-tn-us.zip,"Re-export the feed with a calendar that reaches further out, and set feed_info feed_end_date past your next service change.",https://gtfsscorecard.org/agency/jackson-transit-authority/,US,US-TN,Tennessee
jamestown-s-klallam,Jamestown S'klallam,Washington,F,55.5,small,44,2026-07-10,-2108,within_review_threshold,stale,285,8.0.1,https://mjcaction.com/MJC_GTFS_Public/sevencedars_google_transit.zip,"Re-export the feed with a calendar that reaches further out, and set feed_info feed_end_date past your next service change.",https://gtfsscorecard.org/agency/jamestown-s-klallam/,US,US-WA,Washington
jamestown-s-klallam-285,Jamestown S'klallam,,F,55.5,small,44,2026-07-10,-2108,within_review_threshold,stale,,8.0.1,http://mjcaction.com/MJC_GTFS_Public/sevencedars_google_transit.zip,"Re-export the feed with a calendar that reaches further out, and set feed_info feed_end_date past your next service change.",https://gtfsscorecard.org/agency/jamestown-s-klallam-285/,US,,
janesville-transit-system,Janesville Transit System,Wisconsin,B,82.2,medium,87,2026-07-10,153,within_review_threshold,current,393,8.0.1,https://data.trilliumtransit.com/gtfs/jts-wi-us/jts-wi-us.zip,Set wheelchair_boarding to 1 (accessible) or 2 (not accessible) for every stop. A field survey can start with the busiest stops.,https://gtfsscorecard.org/agency/janesville-transit-system/,US,US-WI,Wisconsin
janesville-transit-system-2239,Janesville Transit System,Wisconsin,F,52.5,medium,40,2026-07-10,-316,within_review_threshold,lapsed,2239,8.0.1,https://gtfs.remix.com/Janesville_Transit.zip,"Re-export the feed with a calendar that reaches further out, and set feed_info feed_end_date past your next service change.",https://gtfsscorecard.org/agency/janesville-transit-system-2239/,US,US-WI,Wisconsin
janesville-transit-system-393,Janesville Transit System,,B,82.2,medium,87,2026-07-10,153,within_review_threshold,current,,8.0.1,http://data.trilliumtransit.com/gtfs/jts-wi-us/jts-wi-us.zip,Set wheelchair_boarding to 1 (accessible) or 2 (not accessible) for every stop. A field survey can start with the busiest stops.,https://gtfsscorecard.org/agency/janesville-transit-system-393/,US,,
jaunt-inc,JAUNT Inc,Virginia,F,26.2,small,4,2026-07-10,,unknown,unknown,1324,8.0.1,https://e8vkzj229xs.exactdn.com/wp-content/uploads/2022/04/GTFS-4.11.2022.zip,Add feed_start_date and feed_end_date to feed_info.txt and include calendar end dates in your export.,https://gtfsscorecard.org/agency/jaunt-inc/,US,US-VA,Virginia
jeffco-express,JeffCo Express,Missouri,F,43.7,small,18,2026-07-10,-1926,within_review_threshold,stale,189,8.0.1,https://data.trilliumtransit.com/gtfs/jeffersoncounty-mo-us/jeffersoncounty-mo-us.zip,"Re-export the feed with a calendar that reaches further out, and set feed_info feed_end_date past your next service change.",https://gtfsscorecard.org/agency/jeffco-express/,US,US-MO,Missouri
jeffco-express-189,JeffCo Express,,F,43.7,small,18,2026-07-10,-1926,within_review_threshold,stale,,8.0.1,http://data.trilliumtransit.com/gtfs/jeffersoncounty-mo-us/jeffersoncounty-mo-us.zip,"Re-export the feed with a calendar that reaches further out, and set feed_info feed_end_date past your next service change.",https://gtfsscorecard.org/agency/jeffco-express-189/,US,,
jefferson-transit-authority,Jefferson Transit Authority,Washington,A,98.0,medium,99,2026-07-10,327,within_review_threshold,current,838,8.0.1,https://mjcaction.com/MJC_GTFS_Public/jefferson_google_transit.zip,"Use mixed case for stop names and headsigns (e.g. 'Main St & 2nd Ave', not 'MAIN ST & 2ND AVE').",https://gtfsscorecard.org/agency/jefferson-transit-authority/,US,US-WA,Washington
jefferson-transit-authority-838,Jefferson Transit Authority,,A,98.0,medium,99,2026-07-10,327,within_review_threshold,current,,8.0.1,http://mjcaction.com/MJC_GTFS_Public/jefferson_google_transit.zip,"Use mixed case for stop names and headsigns (e.g. 'Main St & 2nd Ave', not 'MAIN ST & 2ND AVE').",https://gtfsscorecard.org/agency/jefferson-transit-authority-838/,US,,
jfk-airtrain,JFK Airtrain,New York,F,41.8,small,16,2026-07-10,-1652,within_review_threshold,stale,522,8.0.1,https://s3.amazonaws.com/datatools-511ny/public/Airtrain_JFK.zip,"Re-export the feed with a calendar that reaches further out, and set feed_info feed_end_date past your next service change.",https://gtfsscorecard.org/agency/jfk-airtrain/,US,US-NY,New York
johnson-county-transit,Johnson County Transit,Kansas,D,66.4,medium,57,2026-07-10,174,within_review_threshold,current,2303,8.0.1,https://data.trilliumtransit.com/gtfs/johnsoncounty-ks-us/johnsoncounty-ks-us.zip,Set wheelchair_boarding to 1 (accessible) or 2 (not accessible) for every stop. A field survey can start with the busiest stops.,https://gtfsscorecard.org/agency/johnson-county-transit/,US,US-KS,Kansas
jonesboro-economical-transportation-jet,Jonesboro Economical Transportation (JET),Arkansas,F,44.1,medium,19,2026-07-10,-3113,within_review_threshold,stale,186,8.0.1,http://www.jonesboro.org/DocumentCenter/View/2432,"Re-export the feed with a calendar that reaches further out, and set feed_info feed_end_date past your next service change.",https://gtfsscorecard.org/agency/jonesboro-economical-transportation-jet/,US,US-AR,Arkansas
josephine-county-transit-jct,Josephine County Transit (JCT),Oregon,B,84.9,medium,93,2026-07-10,175,within_review_threshold,current,121,8.0.1,https://oregon-gtfs.trilliumtransit.com/gtfs_data/josephinecounty-or-us/josephinecounty-or-us.zip,Set wheelchair_boarding to 1 (accessible) or 2 (not accessible) for every stop. A field survey can start with the busiest stops.,https://gtfsscorecard.org/agency/josephine-county-transit-jct/,US,US-OR,Oregon
jtran,JTRAN,Mississippi,F,45.4,medium,22,2026-07-10,-1652,within_review_threshold,stale,155,8.0.1,https://data.trilliumtransit.com/gtfs/jatran-ms-us/jatran-ms-us.zip,"Re-export the feed with a calendar that reaches further out, and set feed_info feed_end_date past your next service change.",https://gtfsscorecard.org/agency/jtran/,US,US-MS,Mississippi
jtran-155,JTRAN,,F,45.4,medium,22,2026-07-10,-1652,within_review_threshold,stale,,8.0.1,http://data.trilliumtransit.com/gtfs/jatran-ms-us/jatran-ms-us.zip,"Re-export the feed with a calendar that reaches further out, and set feed_info feed_end_date past your next service change.",https://gtfsscorecard.org/agency/jtran-155/,US,,
jump-around-carson,Jump Around Carson,Nevada,F,50.8,medium,36,2026-07-10,-1652,within_review_threshold,stale,95,8.0.1,http://r.peaktransit.com/res/76/google_transit.zip,"Re-export the feed with a calendar that reaches further out, and set feed_info feed_end_date past your next service change.",https://gtfsscorecard.org/agency/jump-around-carson/,US,US-NV,Nevada
kalamazoo-metro-transit,Kalamazoo Metro Transit,Michigan,F,31.8,medium,6,2026-07-10,-1161,within_review_threshold,stale,401,8.0.1,https://www.kmetro.com/sites/default/files/public/gtfs.zip,"Re-export the feed with a calendar that reaches further out, and set feed_info feed_end_date past your next service change.",https://gtfsscorecard.org/agency/kalamazoo-metro-transit/,US,US-MI,Michigan
kalamazoo-metro-transit-2070,Kalamazoo Metro Transit,Michigan,F,31.4,medium,6,2026-07-10,-677,within_review_threshold,stale,2070,8.0.1,https://www.kmetro.com/wp-content/uploads/gtfs.zip,"Re-export the feed with a calendar that reaches further out, and set feed_info feed_end_date past your next service change.",https://gtfsscorecard.org/agency/kalamazoo-metro-transit-2070/,US,US-MI,Michigan
kalispel-tribal-transit-kaltran,Kalispel Tribal Transit (KalTran),Washington,F,56.4,small,45,2026-07-10,-769,within_review_threshold,stale,2314,8.0.1,https://data.trilliumtransit.com/gtfs/kaltran-wa-us/kaltran-wa-us.zip,"Re-export the feed with a calendar that reaches further out, and set feed_info feed_end_date past your next service change.",https://gtfsscorecard.org/agency/kalispel-tribal-transit-kaltran/,US,US-WA,Washington
kansas-city-area-transportation-authority-kcata,Kansas City Area Transportation Authority (KCATA),Missouri,F,53.6,large,41,2026-07-10,85,within_review_threshold,current,187,8.0.1,http://www.kc-metro.com/gtf/google_transit.zip,Set wheelchair_boarding to 1 (accessible) or 2 (not accessible) for every stop. A field survey can start with the busiest stops.,https://gtfsscorecard.org/agency/kansas-city-area-transportation-authority-kcata/,US,US-MO,Missouri
kayak-transit-ctuir,Kayak Transit (CTUIR),Oregon,F,46.7,medium,26,2026-07-10,-375,within_review_threshold,stale,272,8.0.1,https://oregon-gtfs.com/gtfs_data/ctuir-or-us/ctuir-or-us.zip,"Re-export the feed with a calendar that reaches further out, and set feed_info feed_end_date past your next service change.",https://gtfsscorecard.org/agency/kayak-transit-ctuir/,US,US-OR,Oregon
kayak-transit-ctuir-272,Kayak Transit (CTUIR),,F,46.7,medium,26,2026-07-10,-375,within_review_threshold,stale,,8.0.1,http://oregon-gtfs.com/gtfs_data/ctuir-or-us/ctuir-or-us.zip,"Re-export the feed with a calendar that reaches further out, and set feed_info feed_end_date past your next service change.",https://gtfsscorecard.org/agency/kayak-transit-ctuir-272/,US,,
keep-tahoe-blue,Emerald Bay Shuttle,California,D,65.1,small,55,2026-07-10,-268,within_review_threshold,lapsed,2876,8.0.1,https://keeptahoeblue.sharepoint.com/sites/LeaguetoSaveLakeTahoe-CommunityEngagement/_layouts/15/guestaccess.aspx?share=EdcHnLwMfdJLscvyGDDa8FwB_bLXkpj9XIuG5GFiKdlKJw&e=1yNB6c&download=1,"Re-export the feed with a calendar that reaches further out, and set feed_info feed_end_date past your next service change.",https://gtfsscorecard.org/agency/keep-tahoe-blue/,US,US-CA,California
kern-transit,Kern Transit,California,B,83.1,medium,89,2026-07-10,204,within_review_threshold,current,47,8.0.1,https://data.trilliumtransit.com/gtfs/kerncounty-ca-us/kerncounty-ca-us.zip,Set wheelchair_boarding to 1 (accessible) or 2 (not accessible) for every stop. A field survey can start with the busiest stops.,https://gtfsscorecard.org/agency/kern-transit/,US,US-CA,California
kern-transit-47,Kern Transit,,B,83.1,medium,89,2026-07-10,204,within_review_threshold,current,,8.0.1,http://data.trilliumtransit.com/gtfs/kerncounty-ca-us/kerncounty-ca-us.zip,Set wheelchair_boarding to 1 (accessible) or 2 (not accessible) for every stop. A field survey can start with the busiest stops.,https://gtfsscorecard.org/agency/kern-transit-47/,US,,
ketchikan-gateway-borough,The Bus,Alaska,B,81.6,medium,85,2026-07-10,355,within_review_threshold,current,244,8.0.1,https://data.trilliumtransit.com/gtfs/kgb-ak-us/kgb-ak-us.zip,Review the rule documentation for 'invalid_phone_number' at https://gtfs-validator.mobilitydata.org/rules.html and check the flagged rows in your feed.,https://gtfsscorecard.org/agency/ketchikan-gateway-borough/,US,US-AK,Alaska
ketchikan-gateway-borough-244,The Bus,,B,81.6,medium,85,2026-07-10,355,within_review_threshold,current,,8.0.1,http://data.trilliumtransit.com/gtfs/kgb-ak-us/kgb-ak-us.zip,Review the rule documentation for 'invalid_phone_number' at https://gtfs-validator.mobilitydata.org/rules.html and check the flagged rows in your feed.,https://gtfsscorecard.org/agency/ketchikan-gateway-borough-244/,US,,
key-west-transit,Key West Transit,Florida,F,44.7,medium,21,2026-07-10,-543,within_review_threshold,stale,322,8.0.1,https://data.trilliumtransit.com/gtfs/keywest-fl-us/keywest-fl-us.zip,"Re-export the feed with a calendar that reaches further out, and set feed_info feed_end_date past your next service change.",https://gtfsscorecard.org/agency/key-west-transit/,US,US-FL,Florida
key-west-transit-322,Key West Transit,,F,44.7,medium,21,2026-07-10,-543,within_review_threshold,stale,,8.0.1,http://data.trilliumtransit.com/gtfs/keywest-fl-us/keywest-fl-us.zip,"Re-export the feed with a calendar that reaches further out, and set feed_info feed_end_date past your next service change.",https://gtfsscorecard.org/agency/key-west-transit-322/,US,,
kimball-county-transit-service,Kimball County Transit Service,Nebraska,F,51.9,small,39,2026-07-10,-177,within_review_threshold,lapsed,2316,8.0.1,https://data.trilliumtransit.com/gtfs/kimballcountytransit-ne-us/kimballcountytransit-ne-us.zip,"Re-export the feed with a calendar that reaches further out, and set feed_info feed_end_date past your next service change.",https://gtfsscorecard.org/agency/kimball-county-transit-service/,US,US-NE,Nebraska
king-county-metro,King County Metro,Washington,C,78.9,large,77,2026-07-10,49,within_review_threshold,current,1330,8.0.1,https://gtfs.sound.obaweb.org/prod/1_gtfs.zip,Review the rule documentation for 'trip_distance_exceeds_shape_distance_below_threshold' at https://gtfs-validator.mobilitydata.org/rules.html and check the flagged rows in your feed.,https://gtfsscorecard.org/agency/king-county-metro/,US,US-WA,Washington
kingman-area-regional-transit,Kingman Area Regional Transit,Arizona,F,57.2,medium,47,2026-07-10,-191,within_review_threshold,lapsed,2855,8.0.1,https://rapid.nationalrtap.org/GTFSFileManagement/UserUploadFiles/5565/KART_AZ_GTFS.zip,"Re-export the feed with a calendar that reaches further out, and set feed_info feed_end_date past your next service change.",https://gtfsscorecard.org/agency/kingman-area-regional-transit/,US,US-AZ,Arizona
kings-area-rural-transit,Kings Area Rural Transit,California,F,42.4,medium,16,2026-07-10,-2016,within_review_threshold,stale,42,8.0.1,https://data.trilliumtransit.com/gtfs/kcapta-ca-us/kcapta-ca-us.zip,"Re-export the feed with a calendar that reaches further out, and set feed_info feed_end_date past your next service change.",https://gtfsscorecard.org/agency/kings-area-rural-transit/,US,US-CA,California
kings-area-rural-transit-2204,Kings Area Rural Transit,California,C,73.5,medium,65,2026-07-10,539,within_review_threshold,current,2204,8.0.1,http://kart.connexionz.net/rtt/public/utility/gtfs.aspx,Set wheelchair_boarding to 1 (accessible) or 2 (not accessible) for every stop. A field survey can start with the busiest stops.,https://gtfsscorecard.org/agency/kings-area-rural-transit-2204/,US,US-CA,California
kings-area-rural-transit-42,Kings Area Rural Transit,,F,42.4,medium,16,2026-07-10,-2016,within_review_threshold,stale,,8.0.1,http://data.trilliumtransit.com/gtfs/kcapta-ca-us/kcapta-ca-us.zip,"Re-export the feed with a calendar that reaches further out, and set feed_info feed_end_date past your next service change.",https://gtfsscorecard.org/agency/kings-area-rural-transit-42/,US,,
kiowa-county-transit,Flex,Colorado,C,72.9,small,64,2026-07-10,144,within_review_threshold,current,2169,8.0.1,https://data.trilliumtransit.com/gtfs/kiowacounty-co-us/kiowacounty-co-us--flex-v2.zip,Set wheelchair_boarding to 1 (accessible) or 2 (not accessible) for every stop. A field survey can start with the busiest stops.,https://gtfsscorecard.org/agency/kiowa-county-transit/,US,US-CO,Colorado
kiryas-joel-area-transit,Kiryas Joel Area Transit,New York,F,50.7,small,35,2026-07-10,-739,within_review_threshold,stale,2317,8.0.1,https://data.trilliumtransit.com/gtfs/kiryasjoel-ny-us/kiryasjoel-ny-us.zip,"Re-export the feed with a calendar that reaches further out, and set feed_info feed_end_date past your next service change.",https://gtfsscorecard.org/agency/kiryas-joel-area-transit/,US,US-NY,New York
kitsap-transit,Kitsap Transit,Washington,C,71.5,large,62,2026-07-10,64,within_review_threshold,current,1304,8.0.1,http://pride.kitsaptransit.com/gtfs/google_transit.zip,Check the trip updates endpoint with your AVL vendor; it should return a fresh GTFS-Realtime protobuf on every request.,https://gtfsscorecard.org/agency/kitsap-transit/,US,US-WA,Washington
klamath-shuttle,Klamath Shuttle,Oregon,F,51.1,small,37,2026-07-10,-1404,within_review_threshold,stale,560,8.0.1,https://oregon-gtfs.com/gtfs_data/klamathshuttle-or-us/klamathshuttle-or-us.zip,"Re-export the feed with a calendar that reaches further out, and set feed_info feed_end_date past your next service change.",https://gtfsscorecard.org/agency/klamath-shuttle/,US,US-OR,Oregon
klamath-shuttle-crater-lake-trolley,Klamath Shuttle - Crater Lake Trolley,Oregon,F,50.9,small,36,2026-07-10,-2503,within_review_threshold,stale,124,8.0.1,https://oregon-gtfs.trilliumtransit.com/gtfs_data/craterlaketrolley-or-us/craterlaketrolley-or-us.zip,"Re-export the feed with a calendar that reaches further out, and set feed_info feed_end_date past your next service change.",https://gtfsscorecard.org/agency/klamath-shuttle-crater-lake-trolley/,US,US-OR,Oregon
knoxville-area-transit-kat,Knoxville Area Transit (KAT),Tennessee,F,56.8,large,46,2026-07-10,26837,unusually_distant,current,1121,8.0.1,http://www.knoxvilletn.gov/UserFiles/Servers/Server_109478/File/KAT/gtfs-kat.zip,Set wheelchair_boarding to 1 (accessible) or 2 (not accessible) for every stop. A field survey can start with the busiest stops.,https://gtfsscorecard.org/agency/knoxville-area-transit-kat/,US,US-TN,Tennessee
ku-on-wheels-lawrence-transit-system,KU on Wheels & Lawrence Transit System,Kansas,F,35.1,medium,8,2026-07-10,-1986,within_review_threshold,stale,188,8.0.1,https://assets.lawrenceks.org/assets/gis/google-transit/google_transit.zip,"Re-export the feed with a calendar that reaches further out, and set feed_info feed_end_date past your next service change.",https://gtfsscorecard.org/agency/ku-on-wheels-lawrence-transit-system/,US,US-KS,Kansas
ku-on-wheels-lawrence-transit-system-2063,KU on Wheels & Lawrence Transit System,Kansas,D,65.6,medium,56,2026-07-10,30,within_review_threshold,expiring_soon,2063,8.0.1,https://passio3.com/lawrencetransit/passioTransit/gtfs/google_transit.zip,Populate trip_headsign to match what the bus displays.,https://gtfsscorecard.org/agency/ku-on-wheels-lawrence-transit-system-2063/,US,US-KS,Kansas
l-e-w-i-s-mountain-highway-transit,L.E.W.I.S. Mountain Highway Transit,Washington,F,54.4,small,43,2026-07-10,-1135,within_review_threshold,stale,567,8.0.1,https://data.trilliumtransit.com/gtfs/lmht-morton-us/lmht-morton-us.zip,"Re-export the feed with a calendar that reaches further out, and set feed_info feed_end_date past your next service change.",https://gtfsscorecard.org/agency/l-e-w-i-s-mountain-highway-transit/,US,US-WA,Washington
l-e-w-i-s-mountain-highway-transit-567,L.E.W.I.S. Mountain Highway Transit,,F,54.4,small,43,2026-07-10,-1135,within_review_threshold,stale,,8.0.1,http://data.trilliumtransit.com/gtfs/lmht-morton-us/lmht-morton-us.zip,"Re-export the feed with a calendar that reaches further out, and set feed_info feed_end_date past your next service change.",https://gtfsscorecard.org/agency/l-e-w-i-s-mountain-highway-transit-567/,US,,
la-junta-transit,Flex,Colorado,D,64.4,small,54,2026-07-10,22,within_review_threshold,expiring_soon,2170,8.0.1,https://data.trilliumtransit.com/gtfs/lajunta-co-us/lajunta-co-us--flex-v2.zip,Re-export with a validity window that reaches at least 60 days out.,https://gtfsscorecard.org/agency/la-junta-transit/,US,US-CO,Colorado
la-puente-link,La Puente LINK,California,F,43.8,small,19,2026-07-10,-1652,within_review_threshold,stale,563,8.0.1,https://data.trilliumtransit.com/gtfs/lapuente-ca-us/lapuente-ca-us.zip,"Re-export the feed with a calendar that reaches further out, and set feed_info feed_end_date past your next service change.",https://gtfsscorecard.org/agency/la-puente-link/,US,US-CA,California
la-puente-link-2250,La Puente LINK,California,F,44.2,small,19,2026-07-10,-556,within_review_threshold,stale,2250,8.0.1,https://raw.githubusercontent.com/LACMTA/los-angeles-regional-gtfs/main/lapuente-ca-us/lapuente-ca-us.zip,"Re-export the feed with a calendar that reaches further out, and set feed_info feed_end_date past your next service change.",https://gtfsscorecard.org/agency/la-puente-link-2250/,US,US-CA,California
la-puente-link-563,La Puente LINK,,F,43.8,small,19,2026-07-10,-1652,within_review_threshold,stale,,8.0.1,http://data.trilliumtransit.com/gtfs/lapuente-ca-us/lapuente-ca-us.zip,"Re-export the feed with a calendar that reaches further out, and set feed_info feed_end_date past your next service change.",https://gtfsscorecard.org/agency/la-puente-link-563/,US,,
lady-of-the-lake,Lady of the Lake,Washington,D,67.5,small,58,2026-07-10,59,within_review_threshold,current,2318,8.0.1,https://data.trilliumtransit.com/gtfs/lakechelan-wa-us/lakechelan-wa-us.zip,Set wheelchair_boarding to 1 (accessible) or 2 (not accessible) for every stop. A field survey can start with the busiest stops.,https://gtfsscorecard.org/agency/lady-of-the-lake/,US,US-WA,Washington
laguna-beach-transit-lbt,Laguna Beach Transit (LBT),California,B,81.9,small,86,2026-07-10,166,within_review_threshold,current,16,8.0.1,https://data.trilliumtransit.com/gtfs/lagunabeach-ca-us/lagunabeach-ca-us.zip,Set wheelchair_boarding to 1 (accessible) or 2 (not accessible) for every stop. A field survey can start with the busiest stops.,https://gtfsscorecard.org/agency/laguna-beach-transit-lbt/,US,US-CA,California
laguna-beach-transit-lbt-16,Laguna Beach Transit (LBT),,B,81.9,small,86,2026-07-10,166,within_review_threshold,current,,8.0.1,http://data.trilliumtransit.com/gtfs/lagunabeach-ca-us/lagunabeach-ca-us.zip,Set wheelchair_boarding to 1 (accessible) or 2 (not accessible) for every stop. A field survey can start with the busiest stops.,https://gtfsscorecard.org/agency/laguna-beach-transit-lbt-16/,US,,
lake-champlain-ferries,Lake Champlain Ferries,Vermont,C,76.7,small,72,2026-07-10,139,within_review_threshold,current,547,8.0.1,https://data.trilliumtransit.com/gtfs/lctferries-vt-us/lctferries-vt-us.zip,Set wheelchair_boarding to 1 (accessible) or 2 (not accessible) for every stop. A field survey can start with the busiest stops.,https://gtfsscorecard.org/agency/lake-champlain-ferries/,US,US-VT,Vermont
lake-champlain-ferries-547,Lake Champlain Ferries,,C,76.7,small,72,2026-07-10,139,within_review_threshold,current,,8.0.1,http://data.trilliumtransit.com/gtfs/lctferries-vt-us/lctferries-vt-us.zip,Set wheelchair_boarding to 1 (accessible) or 2 (not accessible) for every stop. A field survey can start with the busiest stops.,https://gtfsscorecard.org/agency/lake-champlain-ferries-547/,US,,
lake-county-connection,Lake County Connection,Florida,F,49.6,medium,33,2026-07-10,-2272,within_review_threshold,stale,876,8.0.1,http://www.ftis.org/PostFileDownload.aspx?id=160A0,"Re-export the feed with a calendar that reaches further out, and set feed_info feed_end_date past your next service change.",https://gtfsscorecard.org/agency/lake-county-connection/,US,US-FL,Florida
lake-county-connection-2255,Lake County Connection,Florida,C,77.4,medium,74,2026-07-10,82,within_review_threshold,current,2255,8.0.1,https://www.ridelakexpress.com/gtfs/gtfs.zip,Set wheelchair_boarding to 1 (accessible) or 2 (not accessible) for every stop. A field survey can start with the busiest stops.,https://gtfsscorecard.org/agency/lake-county-connection-2255/,US,US-FL,Florida
lake-county-senior-center-transportation-program,Flex,Colorado,C,78.4,small,76,2026-07-10,144,within_review_threshold,current,2291,8.0.1,https://data.trilliumtransit.com/gtfs/lakecounty-co-us/lakecounty-co-us--flex-v2.zip,Set wheelchair_boarding to 1 (accessible) or 2 (not accessible) for every stop. A field survey can start with the busiest stops.,https://gtfsscorecard.org/agency/lake-county-senior-center-transportation-program/,US,US-CO,Colorado
lake-transit,Lake Transit Authority (LTA),California,C,79.8,medium,79,2026-07-10,174,within_review_threshold,current,68,8.0.1,https://data.trilliumtransit.com/gtfs/laketransit-ca-us/laketransit-ca-us.zip,Set wheelchair_boarding to 1 (accessible) or 2 (not accessible) for every stop. A field survey can start with the busiest stops.,https://gtfsscorecard.org/agency/lake-transit/,US,US-CA,California
lake-transit-authority-lta,Lake Transit Authority (LTA),,C,79.8,medium,79,2026-07-10,174,within_review_threshold,current,,8.0.1,http://data.trilliumtransit.com/gtfs/laketransit-ca-us/laketransit-ca-us.zip,Set wheelchair_boarding to 1 (accessible) or 2 (not accessible) for every stop. A field survey can start with the busiest stops.,https://gtfsscorecard.org/agency/lake-transit-authority-lta/,US,,
lakeland-area-mass-transit,Lakeland Area Mass Transit,Florida,F,24.0,large,3,2026-07-10,-2106,within_review_threshold,stale,321,8.0.1,https://ftis.org/PostFileDownload.aspx?id=313A0,"Re-export the feed with a calendar that reaches further out, and set feed_info feed_end_date past your next service change.",https://gtfsscorecard.org/agency/lakeland-area-mass-transit/,US,US-FL,Florida
lakes-region-explorer,Lakes Region Explorer,Maine,D,62.2,small,52,2026-07-10,1024,within_review_threshold,current,452,8.0.1,http://trilliumtransit.com/transit_feeds/rtp-me-us/rtp-me-us.zip,Set wheelchair_boarding to 1 (accessible) or 2 (not accessible) for every stop. A field survey can start with the busiest stops.,https://gtfsscorecard.org/agency/lakes-region-explorer/,US,US-ME,Maine
laketran,Laketran,Ohio,C,77.0,medium,73,2026-07-10,79,within_review_threshold,current,410,8.0.1,https://data.trilliumtransit.com/gtfs/lakecounty-oh-us/lakecounty-oh-us.zip,"Set wheelchair_accessible on every trip (most small-agency fleets are 100% accessible, so this is often a single default).",https://gtfsscorecard.org/agency/laketran/,US,US-OH,Ohio
laketran-410,Laketran,,C,77.0,medium,73,2026-07-10,79,within_review_threshold,current,,8.0.1,http://data.trilliumtransit.com/gtfs/lakecounty-oh-us/lakecounty-oh-us.zip,"Set wheelchair_accessible on every trip (most small-agency fleets are 100% accessible, so this is often a single default).",https://gtfsscorecard.org/agency/laketran-410/,US,,
lakewood-rides,Flex,Colorado,D,64.4,small,54,2026-07-10,22,within_review_threshold,expiring_soon,2171,8.0.1,https://data.trilliumtransit.com/gtfs/lakewoodrides-co-us/lakewoodrides-co-us--flex-v2.zip,Re-export with a validity window that reaches at least 60 days out.,https://gtfsscorecard.org/agency/lakewood-rides/,US,US-CO,Colorado
lakexpress,LakeXpress,Florida,F,26.2,small,4,2026-06-27,,unknown,unknown,342,8.0.1,https://ftis.org/PostFileDownload.aspx?id=450A0,Add feed_start_date and feed_end_date to feed_info.txt and include calendar end dates in your export.,https://gtfsscorecard.org/agency/lakexpress/,US,US-FL,Florida
lane-transit-district-ltd,Lane Transit District (LTD),Oregon,F,39.2,large,13,2026-07-10,-160,within_review_threshold,lapsed,131,8.0.1,https://www.ltd.org/files/library/ltdgtfs.zip,"Re-export the feed with a calendar that reaches further out, and set feed_info feed_end_date past your next service change.",https://gtfsscorecard.org/agency/lane-transit-district-ltd/,US,US-OR,Oregon
lassen-rural-bus-lrb,Lassen Rural Bus (LRB),California,B,80.5,small,82,2026-07-10,143,within_review_threshold,current,118,8.0.1,https://data.trilliumtransit.com/gtfs/lassen-ca-us/lassen-ca-us.zip,Set wheelchair_boarding to 1 (accessible) or 2 (not accessible) for every stop. A field survey can start with the busiest stops.,https://gtfsscorecard.org/agency/lassen-rural-bus-lrb/,US,US-CA,California
lassen-rural-bus-lrb-118,Lassen Rural Bus (LRB),,B,80.5,small,82,2026-07-10,143,within_review_threshold,current,,8.0.1,http://data.trilliumtransit.com/gtfs/lassen-ca-us/lassen-ca-us.zip,Set wheelchair_boarding to 1 (accessible) or 2 (not accessible) for every stop. A field survey can start with the busiest stops.,https://gtfsscorecard.org/agency/lassen-rural-bus-lrb-118/,US,,
lawndale-beat,Lawndale Beat,California,B,82.8,small,88,2026-07-10,114,within_review_threshold,current,36,8.0.1,https://data.trilliumtransit.com/gtfs/cityoflawndale-ca-us/cityoflawndale-ca-us.zip,Set wheelchair_boarding to 1 (accessible) or 2 (not accessible) for every stop. A field survey can start with the busiest stops.,https://gtfsscorecard.org/agency/lawndale-beat/,US,US-CA,California
lawndale-beat-36,Lawndale Beat,,B,82.8,small,88,2026-07-10,114,within_review_threshold,current,,8.0.1,http://data.trilliumtransit.com/gtfs/cityoflawndale-ca-us/cityoflawndale-ca-us.zip,Set wheelchair_boarding to 1 (accessible) or 2 (not accessible) for every stop. A field survey can start with the busiest stops.,https://gtfsscorecard.org/agency/lawndale-beat-36/,US,,
leetran,LeeTran,Florida,D,66.7,large,57,2026-07-10,131,within_review_threshold,current,324,8.0.1,https://www.leegov.com/leetran/Documents/GTFS.zip,Set wheelchair_boarding to 1 (accessible) or 2 (not accessible) for every stop. A field survey can start with the busiest stops.,https://gtfsscorecard.org/agency/leetran/,US,US-FL,Florida
lehigh-and-northampton-transportation-authority-lanta,Lehigh and Northampton Transportation Authority (LANTA),Pennsylvania,F,14.1,large,0,2026-07-10,-1403,within_review_threshold,stale,506,8.0.1,https://github.com/LANTA-Transportation-Authority/GTFS-data/raw/master/lanta_gtfs_feed.zip,"Re-export the feed with a calendar that reaches further out, and set feed_info feed_end_date past your next service change.",https://gtfsscorecard.org/agency/lehigh-and-northampton-transportation-authority-lanta/,US,US-PA,Pennsylvania
leprechaun-lines,Leprechaun Lines,New York,C,70.2,small,60,2026-07-10,174,within_review_threshold,current,910,8.0.1,https://s3.amazonaws.com/datatools-511ny/public/Leprechaun_Connection.zip,Set wheelchair_boarding to 1 (accessible) or 2 (not accessible) for every stop. A field survey can start with the busiest stops.,https://gtfsscorecard.org/agency/leprechaun-lines/,US,US-NY,New York
let-er-bus,Let'er Bus,Oregon,C,75.2,small,68,2026-07-10,53,within_review_threshold,current,590,8.0.1,https://oregon-gtfs.trilliumtransit.com/gtfs_data/pendleton-or-us/pendleton-or-us.zip,Set wheelchair_boarding to 1 (accessible) or 2 (not accessible) for every stop. A field survey can start with the busiest stops.,https://gtfsscorecard.org/agency/let-er-bus/,US,US-OR,Oregon
lewis-county-public-transportation,Lewis County Public Transportation,New York,F,49.9,medium,34,2026-07-10,356,within_review_threshold,current,566,8.0.1,https://s3.amazonaws.com/datatools-511ny/public/Lewis_County.zip,Set wheelchair_boarding to 1 (accessible) or 2 (not accessible) for every stop. A field survey can start with the busiest stops.,https://gtfsscorecard.org/agency/lewis-county-public-transportation/,US,US-NY,New York
lewiston-transit-system-and-asotin-county-public-transportation-benefit-area-ptba,Lewiston Transit System and Asotin County Public Transportation Benefit Area (PTBA),Washington,C,78.7,medium,77,2026-07-10,114,within_review_threshold,current,2298,8.0.1,https://data.trilliumtransit.com/gtfs/asotincounty-wa-us/asotincounty-wa-us.zip,Set wheelchair_boarding to 1 (accessible) or 2 (not accessible) for every stop. A field survey can start with the busiest stops.,https://gtfsscorecard.org/agency/lewiston-transit-system-and-asotin-county-public-transportation-benefit-area-ptba/,US,US-WA,Washington
lextran,Lextran,Kentucky,F,36.5,medium,9,2026-07-10,-1798,within_review_threshold,stale,365,8.0.1,https://lextran.com/wp-content/uploads/2021/05/GTFS.zip,"Re-export the feed with a calendar that reaches further out, and set feed_info feed_end_date past your next service change.",https://gtfsscorecard.org/agency/lextran/,US,US-KY,Kentucky
lextran-2067,Lextran,Kentucky,D,66.8,medium,57,2026-07-10,36,within_review_threshold,current,2067,8.0.1,https://mystop.lextran.com/InfoPoint/gtfs-zip.ashx,Set wheelchair_boarding to 1 (accessible) or 2 (not accessible) for every stop. A field survey can start with the busiest stops.,https://gtfsscorecard.org/agency/lextran-2067/,US,US-KY,Kentucky
limoliner,LimoLiner,Massachusetts,F,51.1,small,37,2026-07-10,-2382,within_review_threshold,stale,438,8.0.1,https://data.trilliumtransit.com/gtfs/limoliner-ma-us/limoliner-ma-us.zip,"Re-export the feed with a calendar that reaches further out, and set feed_info feed_end_date past your next service change.",https://gtfsscorecard.org/agency/limoliner/,US,US-MA,Massachusetts
limoliner-438,LimoLiner,,F,51.1,small,37,2026-07-10,-2382,within_review_threshold,stale,,8.0.1,http://data.trilliumtransit.com/gtfs/limoliner-ma-us/limoliner-ma-us.zip,"Re-export the feed with a calendar that reaches further out, and set feed_info feed_end_date past your next service change.",https://gtfsscorecard.org/agency/limoliner-438/,US,,
lincoln-county-transit-lct,Lincoln County Transit (LCT),Oregon,B,84.8,medium,92,2026-07-10,83,within_review_threshold,current,23,8.0.1,https://oregon-gtfs.trilliumtransit.com/gtfs_data/lincolncounty-or-us/lincolncounty-or-us.zip,Set wheelchair_boarding to 1 (accessible) or 2 (not accessible) for every stop. A field survey can start with the busiest stops.,https://gtfsscorecard.org/agency/lincoln-county-transit-lct/,US,US-OR,Oregon
link-lane,Link Lane,Oregon,B,84.9,small,93,2026-07-10,114,within_review_threshold,current,932,8.0.1,https://oregon-gtfs.trilliumtransit.com/gtfs_data/lcog-or-us/lcog-or-us.zip,Set wheelchair_boarding to 1 (accessible) or 2 (not accessible) for every stop. A field survey can start with the busiest stops.,https://gtfsscorecard.org/agency/link-lane/,US,US-OR,Oregon
link-transit,Link Transit,Washington,C,76.0,medium,71,2026-07-10,178,within_review_threshold,current,275,8.0.1,https://link.rideralerts.com/InfoPoint/gtfs-zip.ashx,Set wheelchair_boarding to 1 (accessible) or 2 (not accessible) for every stop. A field survey can start with the busiest stops.,https://gtfsscorecard.org/agency/link-transit/,US,US-WA,Washington
link-transit-1971,Link Transit,North Carolina,C,75.6,medium,70,2026-07-10,386,within_review_threshold,current,1971,8.0.1,https://mylinktransit.org/gtfs,Set wheelchair_boarding to 1 (accessible) or 2 (not accessible) for every stop. A field survey can start with the busiest stops.,https://gtfsscorecard.org/agency/link-transit-1971/,US,US-NC,North Carolina
linn-shuttle,Linn Shuttle,Oregon,C,79.3,small,78,2026-07-10,114,within_review_threshold,current,137,8.0.1,https://oregon-gtfs.trilliumtransit.com/gtfs_data/linnshuttle-or-us/linnshuttle-or-us.zip,Set wheelchair_boarding to 1 (accessible) or 2 (not accessible) for every stop. A field survey can start with the busiest stops.,https://gtfsscorecard.org/agency/linn-shuttle/,US,US-OR,Oregon
linx-transit-linn-benton-loop-albany-transit-system,"LINX Transit, Linn-Benton Loop, Albany Transit System",Oregon,C,76.7,medium,72,2026-07-10,175,within_review_threshold,current,135,8.0.1,https://oregon-gtfs.trilliumtransit.com/gtfs_data/albanytransit-or-us/albanytransit-or-us.zip,Set wheelchair_boarding to 1 (accessible) or 2 (not accessible) for every stop. A field survey can start with the busiest stops.,https://gtfsscorecard.org/agency/linx-transit-linn-benton-loop-albany-transit-system/,US,US-OR,Oregon
livermore-amador-valley-transit-authority,Livermore Amador Valley Transit Authority,California,F,58.3,medium,48,2026-07-10,-71,within_review_threshold,lapsed,64,8.0.1,http://webwatch.lavta.org/TMGTFSRealTimeWebService/GTFS-Static/google_transit.zip,"Re-export the feed with a calendar that reaches further out, and set feed_info feed_end_date past your next service change.",https://gtfsscorecard.org/agency/livermore-amador-valley-transit-authority/,US,US-CA,California
logan-express,Logan Express,Massachusetts,F,48.4,small,30,2026-07-10,-2016,within_review_threshold,stale,601,8.0.1,https://data.trilliumtransit.com/gtfs/loganexpress-ma-us/loganexpress-ma-us.zip,"Re-export the feed with a calendar that reaches further out, and set feed_info feed_end_date past your next service change.",https://gtfsscorecard.org/agency/logan-express/,US,US-MA,Massachusetts
logan-express-601,Logan Express,,F,48.4,small,30,2026-07-10,-2016,within_review_threshold,stale,,8.0.1,http://data.trilliumtransit.com/gtfs/loganexpress-ma-us/loganexpress-ma-us.zip,"Re-export the feed with a calendar that reaches further out, and set feed_info feed_end_date past your next service change.",https://gtfsscorecard.org/agency/logan-express-601/,US,,
london-transit-commission,London Transit Commission (Ontario),,C,73.8,large,66,2026-07-10,57,within_review_threshold,current,2,8.0.1,http://www.londontransit.ca/gtfsfeed/google_transit.zip,Set wheelchair_boarding to 1 (accessible) or 2 (not accessible) for every stop. A field survey can start with the busiest stops.,https://gtfsscorecard.org/agency/london-transit-commission/,CA,CA-ON,Ontario
long-beach-transit-lbt,Long Beach Transit (LBT),California,F,37.5,large,10,2026-07-10,43,within_review_threshold,current,1198,8.0.1,https://drive.google.com/uc?export=download&id=1869EVa1z6m_iD6QmvRXyTHtYiaSUBROl,Review the rule documentation for 'trip_distance_exceeds_shape_distance' at https://gtfs-validator.mobilitydata.org/rules.html and check the flagged rows in your feed.,https://gtfsscorecard.org/agency/long-beach-transit-lbt/,US,US-CA,California
long-island-rail-road,Long Island Rail Road,,C,77.8,medium,75,2026-07-10,59,within_review_threshold,current,3136,8.0.1,https://rrgtfsfeeds.s3.amazonaws.com/gtfslirr.zip,"Set wheelchair_accessible on every trip (most small-agency fleets are 100% accessible, so this is often a single default).",https://gtfsscorecard.org/agency/long-island-rail-road/,US,,
los-angeles-county-department-of-public-works-the-link-and-shuttles,Los Angeles County Department of Public Works (the LINK and shuttles),California,B,85.7,medium,94,2026-07-10,114,within_review_threshold,current,28,8.0.1,https://data.trilliumtransit.com/gtfs/dpwlacounty-ca-us/dpwlacounty-ca-us.zip,Set wheelchair_boarding to 1 (accessible) or 2 (not accessible) for every stop. A field survey can start with the busiest stops.,https://gtfsscorecard.org/agency/los-angeles-county-department-of-public-works-the-link-and-shuttles/,US,US-CA,California
los-angeles-county-department-of-public-works-the-link-and-shuttles-28,Los Angeles County Department of Public Works (the LINK and shuttles),,B,85.7,medium,94,2026-07-10,114,within_review_threshold,current,,8.0.1,http://data.trilliumtransit.com/gtfs/dpwlacounty-ca-us/dpwlacounty-ca-us.zip,Set wheelchair_boarding to 1 (accessible) or 2 (not accessible) for every stop. A field survey can start with the busiest stops.,https://gtfsscorecard.org/agency/los-angeles-county-department-of-public-works-the-link-and-shuttles-28/,US,,
los-angeles-county-metropolitan-transportation-authority-la-metro,Bus,California,C,72.2,large,63,2026-07-10,155,within_review_threshold,current,29,8.0.1,https://gitlab.com/LACMTA/gtfs_bus/raw/master/gtfs_bus.zip,Set wheelchair_boarding to 1 (accessible) or 2 (not accessible) for every stop. A field survey can start with the busiest stops.,https://gtfsscorecard.org/agency/los-angeles-county-metropolitan-transportation-authority-la-metro/,US,US-CA,California
los-angeles-county-metropolitan-transportation-authority-la-metro-30,Rail,California,F,54.3,medium,42,2026-07-10,14,within_review_threshold,expiring_soon,30,8.0.1,https://gitlab.com/LACMTA/gtfs_rail/raw/master/gtfs_rail.zip,Re-export with a validity window that reaches at least 60 days out.,https://gtfsscorecard.org/agency/los-angeles-county-metropolitan-transportation-authority-la-metro-30/,US,US-CA,California
los-angeles-department-of-transportation-ladot-dash-commuter-express,LADOT (DASH and Commuter Express),,F,50.2,large,35,2026-07-10,539,within_review_threshold,current,,8.0.1,https://ladotbus.com/gtfs,Review the rule documentation for 'duplicate_key' at https://gtfs-validator.mobilitydata.org/rules.html and check the flagged rows in your feed.,https://gtfsscorecard.org/agency/los-angeles-department-of-transportation-ladot-dash-commuter-express/,US,,
loudoun-county-transit,Loudoun County Transit,Virginia,C,74.8,medium,67,2026-07-10,260,within_review_threshold,current,1053,8.0.1,https://www.loudoun.gov/loudountransitgtfs,Set wheelchair_boarding to 1 (accessible) or 2 (not accessible) for every stop. A field survey can start with the busiest stops.,https://gtfsscorecard.org/agency/loudoun-county-transit/,US,US-VA,Virginia
loudoun-county-transit-2411,Flex,Virginia,C,77.3,small,74,2026-07-10,53,within_review_threshold,current,2411,8.0.1,https://data.trilliumtransit.com/gtfs/loudouncounty-va-us/loudouncounty-va-us--flex-v2.zip,Set wheelchair_boarding to 1 (accessible) or 2 (not accessible) for every stop. A field survey can start with the busiest stops.,https://gtfsscorecard.org/agency/loudoun-county-transit-2411/,US,US-VA,Virginia
lowell-regional-transit-authority-lrta,Lowell Regional Transit Authority (LRTA),Massachusetts,D,60.4,medium,50,2026-07-10,21,within_review_threshold,expiring_soon,444,8.0.1,https://data.trilliumtransit.com/gtfs/lowell-ma-us/lowell-ma-us.zip,Re-export with a validity window that reaches at least 60 days out.,https://gtfsscorecard.org/agency/lowell-regional-transit-authority-lrta/,US,US-MA,Massachusetts
lowell-regional-transit-authority-lrta-444,Lowell Regional Transit Authority (LRTA),,D,60.4,medium,50,2026-07-10,21,within_review_threshold,expiring_soon,,8.0.1,http://data.trilliumtransit.com/gtfs/lowell-ma-us/lowell-ma-us.zip,Re-export with a validity window that reaches at least 60 days out.,https://gtfsscorecard.org/agency/lowell-regional-transit-authority-lrta-444/,US,,
lower-columbia-cap-community-action-program,Lower Columbia CAP (Community Action Program),Washington,F,48.1,small,30,2026-07-10,-365,within_review_threshold,stale,568,8.0.1,https://data.trilliumtransit.com/gtfs/lowercolumbiacap-wa-us/lowercolumbiacap-wa-us.zip,"Re-export the feed with a calendar that reaches further out, and set feed_info feed_end_date past your next service change.",https://gtfsscorecard.org/agency/lower-columbia-cap-community-action-program/,US,US-WA,Washington
lower-columbia-cap-community-action-program-568,Lower Columbia CAP (Community Action Program),,F,48.1,small,30,2026-07-10,-365,within_review_threshold,stale,,8.0.1,http://data.trilliumtransit.com/gtfs/lowercolumbiacap-wa-us/lowercolumbiacap-wa-us.zip,"Re-export the feed with a calendar that reaches further out, and set feed_info feed_end_date past your next service change.",https://gtfsscorecard.org/agency/lower-columbia-cap-community-action-program-568/,US,,
lower-hudson-valley-transit,Lower Hudson Valley Transit,Connecticut,D,69.8,small,60,2026-07-10,353,within_review_threshold,current,915,8.0.1,https://s3.amazonaws.com/datatools-511ny/public/Hudson_Link.zip,Set wheelchair_boarding to 1 (accessible) or 2 (not accessible) for every stop. A field survey can start with the busiest stops.,https://gtfsscorecard.org/agency/lower-hudson-valley-transit/,US,US-CT,Connecticut
lummi-island-ferry,Lummi Island Ferry,Washington,D,65.5,small,56,2026-07-10,22,within_review_threshold,expiring_soon,2319,8.0.1,https://data.trilliumtransit.com/gtfs/lummiislandferry-wa-us/lummiislandferry-wa-us.zip,Re-export with a validity window that reaches at least 60 days out.,https://gtfsscorecard.org/agency/lummi-island-ferry/,US,US-WA,Washington
lummi-transit,Lummi Transit,Washington,F,42.6,small,17,2026-07-10,-58,within_review_threshold,lapsed,2320,8.0.1,https://data.trilliumtransit.com/gtfs/lummitransit-wa-us/lummitransit-wa-us.zip,"Re-export the feed with a calendar that reaches further out, and set feed_info feed_end_date past your next service change.",https://gtfsscorecard.org/agency/lummi-transit/,US,US-WA,Washington
lynwood-trolley-breeze,Lynwood Trolley / Breeze,California,F,46.8,small,27,2026-07-10,-556,within_review_threshold,stale,570,8.0.1,https://raw.githubusercontent.com/LACMTA/los-angeles-regional-gtfs/main/lynwood-ca-us/lynwood-ca-us.zip,"Re-export the feed with a calendar that reaches further out, and set feed_info feed_end_date past your next service change.",https://gtfsscorecard.org/agency/lynwood-trolley-breeze/,US,US-CA,California
madera-county-transit,Madera County Transit,California,C,73.8,small,66,2026-07-10,175,within_review_threshold,current,572,8.0.1,https://data.trilliumtransit.com/gtfs/maderactc-ca-us/maderactc-ca-us.zip,Check the trip updates endpoint with your AVL vendor; it should return a fresh GTFS-Realtime protobuf on every request.,https://gtfsscorecard.org/agency/madera-county-transit/,US,US-CA,California
madera-county-transit-572,Madera County Transit,,C,73.8,small,66,2026-07-10,175,within_review_threshold,current,,8.0.1,http://data.trilliumtransit.com/gtfs/maderactc-ca-us/maderactc-ca-us.zip,Check the trip updates endpoint with your AVL vendor; it should return a fresh GTFS-Realtime protobuf on every request.,https://gtfsscorecard.org/agency/madera-county-transit-572/,US,,
madison-county-transit,Madison County Transit,New York,D,63.1,small,53,2026-07-10,217,within_review_threshold,current,573,8.0.1,https://s3.amazonaws.com/datatools-511ny/public/Madison_Transit_Services.zip,Set wheelchair_boarding to 1 (accessible) or 2 (not accessible) for every stop. A field survey can start with the busiest stops.,https://gtfsscorecard.org/agency/madison-county-transit/,US,US-NY,New York
madison-county-transit-1145,Madison County Transit,Missouri,F,7.0,large,0,2026-07-10,-1525,within_review_threshold,stale,1145,8.0.1,https://transitfeeds.com/p/madison-county-transit/1146/latest/download,"Re-export the feed with a calendar that reaches further out, and set feed_info feed_end_date past your next service change.",https://gtfsscorecard.org/agency/madison-county-transit-1145/,US,US-MO,Missouri
makah-public-transit,Makah Public Transit,Washington,F,53.7,small,42,2026-07-10,-831,within_review_threshold,stale,574,8.0.1,https://mjcaction.com/MJC_GTFS_Public/makah_google_transit.zip,"Re-export the feed with a calendar that reaches further out, and set feed_info feed_end_date past your next service change.",https://gtfsscorecard.org/agency/makah-public-transit/,US,US-WA,Washington
makah-public-transit-2196,Makah Public Transit,Washington,B,80.2,small,81,2026-07-10,114,within_review_threshold,current,2196,8.0.1,https://data.trilliumtransit.com/gtfs/makah-wa-us/makah-wa-us.zip,Set wheelchair_boarding to 1 (accessible) or 2 (not accessible) for every stop. A field survey can start with the busiest stops.,https://gtfsscorecard.org/agency/makah-public-transit-2196/,US,US-WA,Washington
makah-public-transit-574,Makah Public Transit,,F,53.7,small,42,2026-07-10,-831,within_review_threshold,stale,,8.0.1,http://mjcaction.com/MJC_GTFS_Public/makah_google_transit.zip,"Re-export the feed with a calendar that reaches further out, and set feed_info feed_end_date past your next service change.",https://gtfsscorecard.org/agency/makah-public-transit-574/,US,,
malheur-council-on-aging-community-services,Malheur Council on Aging & Community Services,Oregon,C,72.6,small,63,2026-07-10,53,within_review_threshold,current,141,8.0.1,https://oregon-gtfs.trilliumtransit.com/gtfs_data/mcacs-or-us/mcacs-or-us.zip,Set wheelchair_boarding to 1 (accessible) or 2 (not accessible) for every stop. A field survey can start with the busiest stops.,https://gtfsscorecard.org/agency/malheur-council-on-aging-community-services/,US,US-OR,Oregon
manatee-county-area-transit,Manatee County Area Transit,Florida,F,39.0,medium,12,2026-07-10,-2041,within_review_threshold,stale,328,8.0.1,https://ftis.org/PostFileDownload.aspx?id=342A0,"Re-export the feed with a calendar that reaches further out, and set feed_info feed_end_date past your next service change.",https://gtfsscorecard.org/agency/manatee-county-area-transit/,US,US-FL,Florida
manatee-county-area-transit-2258,Manatee County Area Transit,Florida,C,74.3,medium,66,2026-07-10,329,within_review_threshold,current,2258,8.0.1,https://realtimemcat.availtec.com/InfoPoint/GTFS-Zip.ashx,Set wheelchair_boarding to 1 (accessible) or 2 (not accessible) for every stop. A field survey can start with the busiest stops.,https://gtfsscorecard.org/agency/manatee-county-area-transit-2258/,US,US-FL,Florida
manteca-transit,Manteca Transit,,C,79.6,medium,79,2026-07-10,144,within_review_threshold,current,,8.0.1,https://data.trilliumtransit.com/gtfs/manteca-ca-us/manteca-ca-us--flex-v2.zip,"Set wheelchair_accessible on every trip (most small-agency fleets are 100% accessible, so this is often a single default).",https://gtfsscorecard.org/agency/manteca-transit/,US,,
marble-valley-regional-transit-district-mvrtd,Marble Valley Regional Transit District (MVRTD),Vermont,C,71.3,medium,62,2026-07-10,52,within_review_threshold,current,430,8.0.1,https://data.trilliumtransit.com/gtfs/thebus-vt-us/thebus-vt-us.zip,Set wheelchair_boarding to 1 (accessible) or 2 (not accessible) for every stop. A field survey can start with the busiest stops.,https://gtfsscorecard.org/agency/marble-valley-regional-transit-district-mvrtd/,US,US-VT,Vermont
marble-valley-regional-transit-district-mvrtd-2831,Flex,Vermont,F,59.9,medium,50,2026-07-10,52,within_review_threshold,current,2831,8.0.1,https://data.trilliumtransit.com/gtfs/thebus-vt-us/thebus-vt-us--flex-v2.zip,Review the rule documentation for 'invalid_pickup_drop_off_window' at https://gtfs-validator.mobilitydata.org/rules.html and check the flagged rows in your feed.,https://gtfsscorecard.org/agency/marble-valley-regional-transit-district-mvrtd-2831/,US,US-VT,Vermont
marble-valley-regional-transit-district-mvrtd-430,Marble Valley Regional Transit District (MVRTD),,C,71.3,medium,62,2026-07-10,52,within_review_threshold,current,,8.0.1,http://data.trilliumtransit.com/gtfs/thebus-vt-us/thebus-vt-us.zip,Set wheelchair_boarding to 1 (accessible) or 2 (not accessible) for every stop. A field survey can start with the busiest stops.,https://gtfsscorecard.org/agency/marble-valley-regional-transit-district-mvrtd-430/,US,,
marin-transit,Marin Transit,,D,67.7,medium,58,2026-07-10,30,within_review_threshold,expiring_soon,,8.0.1,http://www.marintransit.org/data/google_transit.zip,Review the rule documentation for 'trip_distance_exceeds_shape_distance' at https://gtfs-validator.mobilitydata.org/rules.html and check the flagged rows in your feed.,https://gtfsscorecard.org/agency/marin-transit/,US,,
marin-transit-2937,Marin Transit,California,F,54.1,medium,42,2026-07-10,30,within_review_threshold,expiring_soon,2937,8.0.1,https://marintransit.gov/data/google_transit.zip,Review the rule documentation for 'trip_distance_exceeds_shape_distance' at https://gtfs-validator.mobilitydata.org/rules.html and check the flagged rows in your feed.,https://gtfsscorecard.org/agency/marin-transit-2937/,US,US-CA,California
marshalltown-municipal-transit,Marshalltown Municipal Transit,Iowa,D,67.4,medium,57,2026-07-10,21,within_review_threshold,expiring_soon,194,8.0.1,https://data.trilliumtransit.com/gtfs/marshalltownmunicipaltransit-ia-us/marshalltownmunicipaltransit-ia-us.zip,Re-export with a validity window that reaches at least 60 days out.,https://gtfsscorecard.org/agency/marshalltown-municipal-transit/,US,US-IA,Iowa
marshalltown-municipal-transit-194,Marshalltown Municipal Transit,,D,67.4,medium,57,2026-07-10,21,within_review_threshold,expiring_soon,,8.0.1,http://data.trilliumtransit.com/gtfs/marshalltownmunicipaltransit-ia-us/marshalltownmunicipaltransit-ia-us.zip,Re-export with a validity window that reaches at least 60 days out.,https://gtfsscorecard.org/agency/marshalltown-municipal-transit-194/,US,,
martha-s-vineyard-transit-authority,Martha's Vineyard Transit Authority,Massachusetts,B,83.9,medium,90,2026-07-10,85,within_review_threshold,current,420,8.0.1,https://data.trilliumtransit.com/gtfs/marthasvineyard-ma-us/marthasvineyard-ma-us.zip,Set wheelchair_boarding to 1 (accessible) or 2 (not accessible) for every stop. A field survey can start with the busiest stops.,https://gtfsscorecard.org/agency/martha-s-vineyard-transit-authority/,US,US-MA,Massachusetts
martha-s-vineyard-transit-authority-420,Martha's Vineyard Transit Authority,,B,83.9,medium,90,2026-07-10,85,within_review_threshold,current,,8.0.1,http://data.trilliumtransit.com/gtfs/marthasvineyard-ma-us/marthasvineyard-ma-us.zip,Set wheelchair_boarding to 1 (accessible) or 2 (not accessible) for every stop. A field survey can start with the busiest stops.,https://gtfsscorecard.org/agency/martha-s-vineyard-transit-authority-420/,US,,
maryland-transit-administration,Local Bus,Maryland,D,66.7,large,57,2026-07-10,43,within_review_threshold,current,466,8.0.1,https://mdotmta-gtfs.s3.amazonaws.com/mdotmta_gtfs_localbus.zip,Set wheelchair_boarding to 1 (accessible) or 2 (not accessible) for every stop. A field survey can start with the busiest stops.,https://gtfsscorecard.org/agency/maryland-transit-administration/,US,US-MD,Maryland
maryland-transit-administration-467,Commuter Bus,Maryland,F,54.8,medium,43,2026-07-10,174,within_review_threshold,current,467,8.0.1,https://mdotmta-gtfs.s3.amazonaws.com/mdotmta_gtfs_commuterbus.zip,Set wheelchair_boarding to 1 (accessible) or 2 (not accessible) for every stop. A field survey can start with the busiest stops.,https://gtfsscorecard.org/agency/maryland-transit-administration-467/,US,US-MD,Maryland
maryland-transit-administration-468,MARC Train,Maryland,D,60.7,small,51,2026-07-10,174,within_review_threshold,current,468,8.0.1,https://mdotmta-gtfs.s3.amazonaws.com/mdotmta_gtfs_marc.zip,Set wheelchair_boarding to 1 (accessible) or 2 (not accessible) for every stop. A field survey can start with the busiest stops.,https://gtfsscorecard.org/agency/maryland-transit-administration-468/,US,US-MD,Maryland
maryland-transit-administration-469,Light Rail,Maryland,C,70.8,medium,60,2026-07-10,174,within_review_threshold,current,469,8.0.1,https://mdotmta-gtfs.s3.amazonaws.com/mdotmta_gtfs_lightrail.zip,Add feed_info.txt with feed_start_date and feed_end_date to your export.,https://gtfsscorecard.org/agency/maryland-transit-administration-469/,US,US-MD,Maryland
maryland-transit-administration-metro-subway,Metro SubwayLink,Maryland,C,75.3,medium,68,2026-07-10,174,within_review_threshold,current,470,8.0.1,https://mdotmta-gtfs.s3.amazonaws.com/mdotmta_gtfs_metro.zip,Add feed_info.txt with feed_start_date and feed_end_date to your export.,https://gtfsscorecard.org/agency/maryland-transit-administration-metro-subway/,US,US-MD,Maryland
mason-city-public-transit,Mason City Public Transit,Iowa,C,70.9,small,61,2026-07-10,21,within_review_threshold,expiring_soon,204,8.0.1,https://data.trilliumtransit.com/gtfs/masoncity-ia-us/masoncity-ia-us.zip,Re-export with a validity window that reaches at least 60 days out.,https://gtfsscorecard.org/agency/mason-city-public-transit/,US,US-IA,Iowa
mason-city-public-transit-204,Mason City Public Transit,,C,70.9,small,61,2026-07-10,21,within_review_threshold,expiring_soon,,8.0.1,http://data.trilliumtransit.com/gtfs/masoncity-ia-us/masoncity-ia-us.zip,Re-export with a validity window that reaches at least 60 days out.,https://gtfsscorecard.org/agency/mason-city-public-transit-204/,US,,
mason-transit-authority,Mason Transit Authority,Washington,D,65.8,medium,56,2026-07-10,22,within_review_threshold,expiring_soon,264,8.0.1,https://data.trilliumtransit.com/gtfs/mason-wa-us/mason-wa-us.zip,Re-export with a validity window that reaches at least 60 days out.,https://gtfsscorecard.org/agency/mason-transit-authority/,US,US-WA,Washington
mass-transportation-authority-flint,Mass Transportation Authority Flint,Michigan,F,45.6,large,23,2026-07-10,-2383,within_review_threshold,stale,926,8.0.1,https://www.mtaflint.org/wp-content/media/stops.zip,"Re-export the feed with a calendar that reaches further out, and set feed_info feed_end_date past your next service change.",https://gtfsscorecard.org/agency/mass-transportation-authority-flint/,US,US-MI,Michigan
mass-transportation-authority-flint-2287,Mass Transportation Authority Flint,Michigan,C,75.2,large,68,2026-07-10,539,within_review_threshold,current,2287,8.0.1,https://rapid.nationalrtap.org/GTFSFileManagement/UserUploadFiles/5191/google_transit.zip,Set wheelchair_boarding to 1 (accessible) or 2 (not accessible) for every stop. A field survey can start with the busiest stops.,https://gtfsscorecard.org/agency/mass-transportation-authority-flint-2287/,US,US-MI,Michigan
massachusetts-area-express-max,Massachusetts Area Express (MAX),Massachusetts,F,31.3,small,6,2026-06-27,,unknown,unknown,431,8.0.1,https://data.trilliumtransit.com/gtfs/truenorthtransit-ma-us/truenorthtransit-ma-us.zip,Add feed_start_date and feed_end_date to feed_info.txt and include calendar end dates in your export.,https://gtfsscorecard.org/agency/massachusetts-area-express-max/,US,US-MA,Massachusetts
massachusetts-area-express-max-431,Massachusetts Area Express (MAX),,F,31.3,small,6,2026-06-30,,unknown,unknown,,8.0.1,http://data.trilliumtransit.com/gtfs/truenorthtransit-ma-us/truenorthtransit-ma-us.zip,Add feed_start_date and feed_end_date to feed_info.txt and include calendar end dates in your export.,https://gtfsscorecard.org/agency/massachusetts-area-express-max-431/,US,,
massachusetts-bay-transportation-authority-mbta,Massachusetts Bay Transportation Authority (MBTA),Massachusetts,C,75.1,large,68,2026-07-10,57,within_review_threshold,current,437,8.0.1,https://cdn.mbta.com/MBTA_GTFS.zip,Review the rule documentation for 'same_name_and_description_for_stop' at https://gtfs-validator.mobilitydata.org/rules.html and check the flagged rows in your feed.,https://gtfsscorecard.org/agency/massachusetts-bay-transportation-authority-mbta/,US,US-MA,Massachusetts
massachusetts-ferry-service,Massachusetts Ferry Service,Massachusetts,F,40.6,small,14,2026-07-10,-5670,within_review_threshold,stale,1309,8.0.1,https://transitfeeds.com/p/massdot/109/latest/download,"Re-export the feed with a calendar that reaches further out, and set feed_info feed_end_date past your next service change.",https://gtfsscorecard.org/agency/massachusetts-ferry-service/,US,US-MA,Massachusetts
massport,Massport,Massachusetts,B,88.3,small,96,2026-07-10,52,within_review_threshold,current,441,8.0.1,https://data.trilliumtransit.com/gtfs/massport-ma-us/massport-ma-us.zip,Populate trip_headsign to match what the bus displays.,https://gtfsscorecard.org/agency/massport/,US,US-MA,Massachusetts
matbus,MATBUS,North Dakota,F,41.2,medium,15,2026-07-10,-1241,within_review_threshold,stale,1285,8.0.1,https://transitfeeds.com/p/matbus/833/latest/download,"Re-export the feed with a calendar that reaches further out, and set feed_info feed_end_date past your next service change.",https://gtfsscorecard.org/agency/matbus/,US,US-ND,North Dakota
megabus,Megabus,,D,68.9,medium,59,2026-07-10,114,within_review_threshold,current,2321,8.0.1,https://data.trilliumtransit.com/gtfs/megabus-us/megabus-us.zip,Set wheelchair_boarding to 1 (accessible) or 2 (not accessible) for every stop. A field survey can start with the busiest stops.,https://gtfsscorecard.org/agency/megabus/,US,,
memphis-area-transit-authority,Memphis Area Transit Authority,Tennessee,F,27.4,large,4,2026-07-10,-1917,within_review_threshold,stale,602,8.0.1,https://www.matatransit.com/assets/2/6/Memphis_TN_transitfeed2.zip,"Re-export the feed with a calendar that reaches further out, and set feed_info feed_end_date past your next service change.",https://gtfsscorecard.org/agency/memphis-area-transit-authority/,US,US-TN,Tennessee
memphis-area-transit-authority-2352,Memphis Area Transit Authority,Tennessee,F,40.3,large,14,2026-07-10,-487,within_review_threshold,stale,2352,8.0.1,http://mata.cadavl.com:5053/MATA/GTFS/GTFS_MATA.zip,"Re-export the feed with a calendar that reaches further out, and set feed_info feed_end_date past your next service change.",https://gtfsscorecard.org/agency/memphis-area-transit-authority-2352/,US,US-TN,Tennessee
mendocino-transit-authority,Mendocino Transit Authority,California,C,78.0,medium,75,2026-07-10,52,within_review_threshold,current,69,8.0.1,https://data.trilliumtransit.com/gtfs/mendocino-ca-us/mendocino-ca-us.zip,Set wheelchair_boarding to 1 (accessible) or 2 (not accessible) for every stop. A field survey can start with the busiest stops.,https://gtfsscorecard.org/agency/mendocino-transit-authority/,US,US-CA,California
mendocino-transit-authority-69,Mendocino Transit Authority,,C,78.0,medium,75,2026-07-10,52,within_review_threshold,current,,8.0.1,http://data.trilliumtransit.com/gtfs/mendocino-ca-us/mendocino-ca-us.zip,Set wheelchair_boarding to 1 (accessible) or 2 (not accessible) for every stop. A field survey can start with the busiest stops.,https://gtfsscorecard.org/agency/mendocino-transit-authority-69/,US,,
merced-county-transit-the-bus,Merced County Transit (The Bus),California,F,54.9,medium,44,2026-07-10,-67,within_review_threshold,lapsed,86,8.0.1,https://data.trilliumtransit.com/gtfs/mercedthebus-ca-us/mercedthebus-ca-us.zip,"Re-export the feed with a calendar that reaches further out, and set feed_info feed_end_date past your next service change.",https://gtfsscorecard.org/agency/merced-county-transit-the-bus/,US,US-CA,California
merced-county-transit-the-bus-3117,Merced County Transit (The Bus),California,D,65.5,medium,56,2026-07-10,26837,unusually_distant,current,3117,8.0.1,https://thebuslive.com/gtfs,Set wheelchair_boarding to 1 (accessible) or 2 (not accessible) for every stop. A field survey can start with the busiest stops.,https://gtfsscorecard.org/agency/merced-county-transit-the-bus-3117/,US,US-CA,California
merced-county-transit-the-bus-86,Merced County Transit (The Bus),,F,54.9,medium,44,2026-07-10,-67,within_review_threshold,lapsed,,8.0.1,http://data.trilliumtransit.com/gtfs/mercedthebus-ca-us/mercedthebus-ca-us.zip,"Re-export the feed with a calendar that reaches further out, and set feed_info feed_end_date past your next service change.",https://gtfsscorecard.org/agency/merced-county-transit-the-bus-86/,US,,
merrimack-valley-regional-transit-authority-mvrta,Merrimack Valley Regional Transit Authority (MVRTA),Massachusetts,F,48.9,large,32,2026-07-10,-4,within_review_threshold,lapsed,445,8.0.1,https://data.trilliumtransit.com/gtfs/merrimackvalley-ma-us/merrimackvalley-ma-us.zip,"Re-export the feed with a calendar that reaches further out, and set feed_info feed_end_date past your next service change.",https://gtfsscorecard.org/agency/merrimack-valley-regional-transit-authority-mvrta/,US,US-MA,Massachusetts
merrimack-valley-regional-transit-authority-mvrta-445,Merrimack Valley Regional Transit Authority (MVRTA),,F,45.4,large,22,2026-07-10,-4,within_review_threshold,lapsed,,8.0.1,http://data.trilliumtransit.com/gtfs/merrimackvalley-ma-us/merrimackvalley-ma-us.zip,"Re-export the feed with a calendar that reaches further out, and set feed_info feed_end_date past your next service change.",https://gtfsscorecard.org/agency/merrimack-valley-regional-transit-authority-mvrta-445/,US,,
metra,Metra,Illinois,F,34.2,medium,8,2026-07-10,,unknown,unknown,1187,8.0.1,https://transitfeeds.com/p/metra/169/latest/download,Add feed_start_date and feed_end_date to feed_info.txt and include calendar end dates in your export.,https://gtfsscorecard.org/agency/metra/,US,US-IL,Illinois
metra-2854,Metra,Illinois,F,39.5,medium,13,2026-06-27,,unknown,unknown,2854,8.0.1,https://schedules.metrarail.com/gtfs/schedule.zip,Add feed_start_date and feed_end_date to feed_info.txt and include calendar end dates in your export.,https://gtfsscorecard.org/agency/metra-2854/,US,US-IL,Illinois
metro-houston-2060,METRO Houston,Texas,F,39.1,large,12,2026-07-10,-34,within_review_threshold,lapsed,2060,8.0.1,https://metro.resourcespace.com/pages/download.php?ref=4835&ext=zip,"Re-export the feed with a calendar that reaches further out, and set feed_info feed_end_date past your next service change.",https://gtfsscorecard.org/agency/metro-houston-2060/,US,US-TX,Texas
metro-north-railroad,Metro-North Railroad,New York,C,73.7,medium,65,2026-07-10,169,within_review_threshold,current,524,8.0.1,http://web.mta.info/developers/data/mnr/google_transit.zip,Check the vehicle positions endpoint with your AVL vendor; it should return a fresh GTFS-Realtime protobuf on every request.,https://gtfsscorecard.org/agency/metro-north-railroad/,US,US-NY,New York
metro-ride,Metro Ride,Wisconsin,C,77.8,medium,75,2026-07-10,175,within_review_threshold,current,830,8.0.1,https://data.trilliumtransit.com/gtfs/wausau-wi-us/wausau-wi-us.zip,Set wheelchair_boarding to 1 (accessible) or 2 (not accessible) for every stop. A field survey can start with the busiest stops.,https://gtfsscorecard.org/agency/metro-ride/,US,US-WI,Wisconsin
metro-ride-830,Metro Ride,,C,77.8,medium,75,2026-07-10,175,within_review_threshold,current,,8.0.1,http://data.trilliumtransit.com/gtfs/wausau-wi-us/wausau-wi-us.zip,Set wheelchair_boarding to 1 (accessible) or 2 (not accessible) for every stop. A field survey can start with the busiest stops.,https://gtfsscorecard.org/agency/metro-ride-830/,US,,
metro-rock-island-county-metropolitan-mass-transit-district,Metro Rock Island County Metropolitan Mass Transit District,Illinois,F,46.6,large,25,2026-07-10,23,within_review_threshold,expiring_soon,201,8.0.1,http://www.gogreenmetro.com/latest/google_transit.zip,Re-export with a validity window that reaches at least 60 days out.,https://gtfsscorecard.org/agency/metro-rock-island-county-metropolitan-mass-transit-district/,US,US-IL,Illinois
metro-st-louis,Metro St. Louis,Missouri,D,68.9,large,59,2026-07-10,51,within_review_threshold,current,190,8.0.1,http://metrostlouis.org/Transit/google_transit.zip,"Add fare_attributes.txt (or Fares v2 files) with your fare structure. If your service is fare-free, ask to have it marked fare-free instead.",https://gtfsscorecard.org/agency/metro-st-louis/,US,US-MO,Missouri
metro-st-louis-2035,Loop Trolley,Missouri,C,77.1,small,73,2026-07-10,107,within_review_threshold,current,2035,8.0.1,https://files.looptrolley.com/google_transit.zip,"Add fare_attributes.txt (or Fares v2 files) with your fare structure. If your service is fare-free, ask to have it marked fare-free instead.",https://gtfsscorecard.org/agency/metro-st-louis-2035/,US,US-MO,Missouri
metro-transit,Metro Transit,Minnesota,C,79.8,large,79,2026-07-10,42,within_review_threshold,current,205,8.0.1,https://svc.metrotransit.org/mtgtfs/gtfs.zip,"Add fare_attributes.txt (or Fares v2 files) with your fare structure. If your service is fare-free, ask to have it marked fare-free instead.",https://gtfsscorecard.org/agency/metro-transit/,US,US-MN,Minnesota
metro-transit-city-of-madison,Metro Transit - City of Madison,Wisconsin,B,84.1,large,92,2026-07-10,36,within_review_threshold,current,394,8.0.1,http://transitdata.cityofmadison.com/GTFS/mmt_gtfs.zip,"Use mixed case for stop names and headsigns (e.g. 'Main St & 2nd Ave', not 'MAIN ST & 2ND AVE').",https://gtfsscorecard.org/agency/metro-transit-city-of-madison/,US,US-WI,Wisconsin
metro-transit-intercity-transit-city-of-seattle-community-transit-pierce-transit-sound-transit-washington-state-ferries-seattlecentermonorail-everett-transit-seattle-children-s-hospital,Puget Sound Consolidated GTFS,Washington,F,44.4,large,20,2026-07-10,49,within_review_threshold,current,1080,8.0.1,https://gtfs.sound.obaweb.org/prod/gtfs_puget_sound_consolidated.zip,Review the rule documentation for 'block_trips_with_overlapping_stop_times' at https://gtfs-validator.mobilitydata.org/rules.html and check the flagged rows in your feed.,https://gtfsscorecard.org/agency/metro-transit-intercity-transit-city-of-seattle-community-transit-pierce-transit-sound-transit-washington-state-ferries-seattlecentermonorail-everett-transit-seattle-children-s-hospital/,US,US-WA,Washington
metrolink,Metrolink,,D,67.1,small,57,2026-07-10,539,within_review_threshold,current,,8.0.1,https://metrolinktrains.com/globalassets/about/gtfs/gtfs.zip,Check the trip updates endpoint with your AVL vendor; it should return a fresh GTFS-Realtime protobuf on every request.,https://gtfsscorecard.org/agency/metrolink/,US,,
metropolitan-area-commuter-system,Metropolitan Area Commuter System,Alaska,F,36.3,medium,9,2026-07-10,-2567,within_review_threshold,stale,232,8.0.1,https://www.fnsb.gov/DocumentCenter/View/690/General-Transit-Feed-Specification-ZIP,"Re-export the feed with a calendar that reaches further out, and set feed_info feed_end_date past your next service change.",https://gtfsscorecard.org/agency/metropolitan-area-commuter-system/,US,US-AK,Alaska
metropolitan-atlanta-rapid-transit-authority-marta,Metropolitan Atlanta Rapid Transit Authority (MARTA),Georgia,F,58.8,large,49,2026-07-10,42,within_review_threshold,current,368,8.0.1,https://www.itsmarta.com/google_transit_feed/google_transit.zip,Check the service alerts endpoint with your AVL vendor; it should return a fresh GTFS-Realtime protobuf on every request.,https://gtfsscorecard.org/agency/metropolitan-atlanta-rapid-transit-authority-marta/,US,US-GA,Georgia
metropolitan-transit-authority-mta,Long Island Rail Road,New York,D,65.0,medium,55,2026-07-10,59,within_review_threshold,current,507,8.0.1,http://web.mta.info/developers/data/lirr/google_transit.zip,Check the trip updates endpoint with your AVL vendor; it should return a fresh GTFS-Realtime protobuf on every request.,https://gtfsscorecard.org/agency/metropolitan-transit-authority-mta/,US,US-NY,New York
metropolitan-transit-authority-mta-510,NYC Bus Company,New York,D,62.2,large,52,2026-07-10,57,within_review_threshold,current,510,8.0.1,http://web.mta.info/developers/data/busco/google_transit.zip,Check the trip updates endpoint with your AVL vendor; it should return a fresh GTFS-Realtime protobuf on every request.,https://gtfsscorecard.org/agency/metropolitan-transit-authority-mta-510/,US,US-NY,New York
metropolitan-transit-authority-mta-511,NYC Subway Supplemented,New York,C,73.5,large,65,2026-07-10,59,within_review_threshold,current,511,8.0.1,http://web.mta.info/developers/files/google_transit_supplemented.zip,Set wheelchair_boarding to 1 (accessible) or 2 (not accessible) for every stop. A field survey can start with the busiest stops.,https://gtfsscorecard.org/agency/metropolitan-transit-authority-mta-511/,US,US-NY,New York
metropolitan-transit-authority-mta-512,Brooklyn Bus,New York,D,67.9,large,58,2026-07-10,57,within_review_threshold,current,512,8.0.1,http://web.mta.info/developers/data/nyct/bus/google_transit_brooklyn.zip,Set wheelchair_boarding to 1 (accessible) or 2 (not accessible) for every stop. A field survey can start with the busiest stops.,https://gtfsscorecard.org/agency/metropolitan-transit-authority-mta-512/,US,US-NY,New York
metropolitan-transit-authority-mta-513,Manhattan Bus,New York,D,69.2,large,59,2026-07-10,57,within_review_threshold,current,513,8.0.1,http://web.mta.info/developers/data/nyct/bus/google_transit_manhattan.zip,Set wheelchair_boarding to 1 (accessible) or 2 (not accessible) for every stop. A field survey can start with the busiest stops.,https://gtfsscorecard.org/agency/metropolitan-transit-authority-mta-513/,US,US-NY,New York
metropolitan-transit-authority-mta-514,Staten Island Bus,New York,D,68.0,large,58,2026-07-10,57,within_review_threshold,current,514,8.0.1,http://web.mta.info/developers/data/nyct/bus/google_transit_staten_island.zip,Set wheelchair_boarding to 1 (accessible) or 2 (not accessible) for every stop. A field survey can start with the busiest stops.,https://gtfsscorecard.org/agency/metropolitan-transit-authority-mta-514/,US,US-NY,New York
metropolitan-transit-authority-mta-516,NYC Subway,New York,D,65.2,large,55,2026-07-10,59,within_review_threshold,current,516,8.0.1,http://web.mta.info/developers/data/nyct/subway/google_transit.zip,Check the trip updates endpoint with your AVL vendor; it should return a fresh GTFS-Realtime protobuf on every request.,https://gtfsscorecard.org/agency/metropolitan-transit-authority-mta-516/,US,US-NY,New York
metropolitan-transit-authority-mta-520,Queens Bus,New York,D,68.2,large,58,2026-07-10,57,within_review_threshold,current,520,8.0.1,http://web.mta.info/developers/data/nyct/bus/google_transit_queens.zip,Set wheelchair_boarding to 1 (accessible) or 2 (not accessible) for every stop. A field survey can start with the busiest stops.,https://gtfsscorecard.org/agency/metropolitan-transit-authority-mta-520/,US,US-NY,New York
metropolitan-transit-authority-mta-528,Bronx Bus,New York,D,67.8,large,58,2026-07-10,57,within_review_threshold,current,528,8.0.1,http://web.mta.info/developers/data/nyct/bus/google_transit_bronx.zip,Set wheelchair_boarding to 1 (accessible) or 2 (not accessible) for every stop. A field survey can start with the busiest stops.,https://gtfsscorecard.org/agency/metropolitan-transit-authority-mta-528/,US,US-NY,New York
metropolitan-transit-authority-of-black-hawk-county,Metropolitan Transit Authority of Black Hawk County,Iowa,D,60.3,small,50,2026-07-10,-2383,within_review_threshold,stale,575,8.0.1,http://mettransit.org/sites/default/files/MET_Transit_GTFS.zip,"Re-export the feed with a calendar that reaches further out, and set feed_info feed_end_date past your next service change.",https://gtfsscorecard.org/agency/metropolitan-transit-authority-of-black-hawk-county/,US,US-IA,Iowa
metropolitan-transit-authority-of-black-hawk-county-2414,Metropolitan Transit Authority of Black Hawk County,Iowa,B,81.5,medium,84,2026-07-10,175,within_review_threshold,current,2414,8.0.1,https://data.trilliumtransit.com/gtfs/cedarfalls-ia-us/cedarfalls-ia-us.zip,Set wheelchair_boarding to 1 (accessible) or 2 (not accessible) for every stop. A field survey can start with the busiest stops.,https://gtfsscorecard.org/agency/metropolitan-transit-authority-of-black-hawk-county-2414/,US,US-IA,Iowa
metropolitan-tulsa-transit-authority-mtta,Metropolitan Tulsa Transit Authority (MTTA),Oklahoma,F,28.3,large,4,2026-07-10,-1056,within_review_threshold,stale,184,8.0.1,http://gtfs.tulsatransit.org/google_transit.zip,"Re-export the feed with a calendar that reaches further out, and set feed_info feed_end_date past your next service change.",https://gtfsscorecard.org/agency/metropolitan-tulsa-transit-authority-mtta/,US,US-OK,Oklahoma
metrowest-regional-transit-authority-mwrta,MetroWest Regional Transit Authority (MWRTA),Massachusetts,C,71.5,medium,62,2026-07-10,110,within_review_threshold,current,439,8.0.1,http://vc.mwrta.com/gtfs/google_transit.zip,Set wheelchair_boarding to 1 (accessible) or 2 (not accessible) for every stop. A field survey can start with the busiest stops.,https://gtfsscorecard.org/agency/metrowest-regional-transit-authority-mwrta/,US,US-MA,Massachusetts
miami-dade-transit,Miami-Dade Transit,Florida,F,26.2,small,4,2026-06-27,,unknown,unknown,331,8.0.1,http://www.miamidade.gov/transit/googletransit/current/google_transit.zip,Add feed_start_date and feed_end_date to feed_info.txt and include calendar end dates in your export.,https://gtfsscorecard.org/agency/miami-dade-transit/,US,US-FL,Florida
michigan-flyer,Michigan Flyer,Michigan,F,57.3,small,48,2026-07-10,-497,within_review_threshold,stale,413,8.0.1,https://data.trilliumtransit.com/gtfs/michiganflyer-mi-us/michiganflyer-mi-us.zip,"Re-export the feed with a calendar that reaches further out, and set feed_info feed_end_date past your next service change.",https://gtfsscorecard.org/agency/michigan-flyer/,US,US-MI,Michigan
michigan-flyer-413,Michigan Flyer,,F,57.3,small,48,2026-07-10,-497,within_review_threshold,stale,,8.0.1,http://data.trilliumtransit.com/gtfs/michiganflyer-mi-us/michiganflyer-mi-us.zip,"Re-export the feed with a calendar that reaches further out, and set feed_info feed_end_date past your next service change.",https://gtfsscorecard.org/agency/michigan-flyer-413/,US,,
microsoft-shuttles,Microsoft Shuttles,Washington,F,18.9,small,1,2026-07-10,-2017,within_review_threshold,stale,269,8.0.1,https://github.com/cookieguru/microsoft-gtfs/releases/download/20150518150359/gtfs_20150518150359.zip,"Re-export the feed with a calendar that reaches further out, and set feed_info feed_end_date past your next service change.",https://gtfsscorecard.org/agency/microsoft-shuttles/,US,US-WA,Washington
middlesex-3-tma,Middlesex 3 TMA,Massachusetts,D,65.6,small,56,2026-07-10,21,within_review_threshold,expiring_soon,442,8.0.1,https://data.trilliumtransit.com/gtfs/middlesex-ma-us/middlesex-ma-us.zip,Re-export with a validity window that reaches at least 60 days out.,https://gtfsscorecard.org/agency/middlesex-3-tma/,US,US-MA,Massachusetts
middlesex-3-tma-442,Middlesex 3 TMA,,D,65.6,small,56,2026-07-10,21,within_review_threshold,expiring_soon,,8.0.1,http://data.trilliumtransit.com/gtfs/middlesex-ma-us/middlesex-ma-us.zip,Re-export with a validity window that reaches at least 60 days out.,https://gtfsscorecard.org/agency/middlesex-3-tma-442/,US,,
middletown-area-transit,Middletown Area Transit,Connecticut,F,44.9,medium,21,2026-07-10,-1106,within_review_threshold,stale,576,8.0.1,https://data.trilliumtransit.com/gtfs/middletown-ct-us/middletown-ct-us.zip,"Re-export the feed with a calendar that reaches further out, and set feed_info feed_end_date past your next service change.",https://gtfsscorecard.org/agency/middletown-area-transit/,US,US-CT,Connecticut
middletown-area-transit-2324,Middletown Area Transit,New York,F,51.7,small,38,2026-07-10,-907,within_review_threshold,stale,2324,8.0.1,https://data.trilliumtransit.com/gtfs/middletown-ny-us/middletown-ny-us.zip,"Re-export the feed with a calendar that reaches further out, and set feed_info feed_end_date past your next service change.",https://gtfsscorecard.org/agency/middletown-area-transit-2324/,US,US-NY,New York
middletown-area-transit-576,Middletown Area Transit,,F,44.9,medium,21,2026-07-10,-1106,within_review_threshold,stale,,8.0.1,http://data.trilliumtransit.com/gtfs/middletown-ct-us/middletown-ct-us.zip,"Re-export the feed with a calendar that reaches further out, and set feed_info feed_end_date past your next service change.",https://gtfsscorecard.org/agency/middletown-area-transit-576/,US,,
middletown-area-transit-mat,Middletown Area Transit (MAT),Connecticut,C,77.7,medium,74,2026-07-10,321,within_review_threshold,current,551,8.0.1,https://data.trilliumtransit.com/gtfs/ninetown-connecticut-us/ninetown-connecticut-us.zip,Set wheelchair_boarding to 1 (accessible) or 2 (not accessible) for every stop. A field survey can start with the busiest stops.,https://gtfsscorecard.org/agency/middletown-area-transit-mat/,US,US-CT,Connecticut
middletown-area-transit-mat-551,Middletown Area Transit (MAT),,C,77.7,medium,74,2026-07-10,321,within_review_threshold,current,,8.0.1,http://data.trilliumtransit.com/gtfs/ninetown-connecticut-us/ninetown-connecticut-us.zip,Set wheelchair_boarding to 1 (accessible) or 2 (not accessible) for every stop. A field survey can start with the busiest stops.,https://gtfsscorecard.org/agency/middletown-area-transit-mat-551/,US,,
milwaukee-county-transit-system-mcts,Milwaukee County Transit System (MCTS),Wisconsin,F,39.6,large,13,2026-07-10,-860,within_review_threshold,stale,1318,8.0.1,https://transitfeeds.com/p/milwaukee-county-transit-system/182/latest/download,"Re-export the feed with a calendar that reaches further out, and set feed_info feed_end_date past your next service change.",https://gtfsscorecard.org/agency/milwaukee-county-transit-system-mcts/,US,US-WI,Wisconsin
milwaukee-county-transit-system-mcts-2127,Milwaukee County Transit System (MCTS),Wisconsin,D,64.5,large,55,2026-07-10,43,within_review_threshold,current,2127,8.0.1,https://kamino.mcts.org/gtfs/google_transit.zip,Set wheelchair_boarding to 1 (accessible) or 2 (not accessible) for every stop. A field survey can start with the busiest stops.,https://gtfsscorecard.org/agency/milwaukee-county-transit-system-mcts-2127/,US,US-WI,Wisconsin
minnesota-valley-transit-authority-mvta,Minnesota Valley Transit Authority (MVTA),Minnesota,F,47.4,medium,28,2026-07-10,30,within_review_threshold,expiring_soon,206,8.0.1,http://srv.mvta.com/InfoPoint/GTFS-Zip.ashx,Check the trip updates endpoint with your AVL vendor; it should return a fresh GTFS-Realtime protobuf on every request.,https://gtfsscorecard.org/agency/minnesota-valley-transit-authority-mvta/,US,US-MN,Minnesota
mission-bay-transportation-management-association-tma,Mission Bay Transportation Management Association (TMA),California,B,83.8,small,90,2026-07-10,186,within_review_threshold,current,51,8.0.1,https://data.trilliumtransit.com/gtfs/missionbaytma-ca-us/missionbaytma-ca-us.zip,Set wheelchair_boarding to 1 (accessible) or 2 (not accessible) for every stop. A field survey can start with the busiest stops.,https://gtfsscorecard.org/agency/mission-bay-transportation-management-association-tma/,US,US-CA,California
mission-bay-transportation-management-association-tma-51,Mission Bay Transportation Management Association (TMA),,B,83.8,small,90,2026-07-10,186,within_review_threshold,current,,8.0.1,http://data.trilliumtransit.com/gtfs/missionbaytma-ca-us/missionbaytma-ca-us.zip,Set wheelchair_boarding to 1 (accessible) or 2 (not accessible) for every stop. A field survey can start with the busiest stops.,https://gtfsscorecard.org/agency/mission-bay-transportation-management-association-tma-51/,US,,
modesto-area-express,Modesto Area Express,,F,31.6,medium,6,2026-07-10,-861,within_review_threshold,stale,,8.0.1,https://www.modestoareaexpress.com/preview-gtfs.zip,"Re-export the feed with a calendar that reaches further out, and set feed_info feed_end_date past your next service change.",https://gtfsscorecard.org/agency/modesto-area-express/,US,,
monroe-county-transportation-authority-mcta,Monroe County Transportation Authority (MCTA),Pennsylvania,F,52.4,medium,40,2026-07-10,-853,within_review_threshold,stale,523,8.0.1,https://www.gomcta.com/google_transit.zip,"Re-export the feed with a calendar that reaches further out, and set feed_info feed_end_date past your next service change.",https://gtfsscorecard.org/agency/monroe-county-transportation-authority-mcta/,US,US-PA,Pennsylvania
montachusett-regional-transit-authority-mart,Montachusett Regional Transit Authority (MART),Massachusetts,C,78.0,medium,75,2026-07-10,82,within_review_threshold,current,433,8.0.1,https://data.trilliumtransit.com/gtfs/montachusett-ma-us/montachusett-ma-us.zip,Set wheelchair_boarding to 1 (accessible) or 2 (not accessible) for every stop. A field survey can start with the busiest stops.,https://gtfsscorecard.org/agency/montachusett-regional-transit-authority-mart/,US,US-MA,Massachusetts
montachusett-regional-transit-authority-mart-433,Montachusett Regional Transit Authority (MART),,C,78.0,medium,75,2026-07-10,82,within_review_threshold,current,,8.0.1,http://data.trilliumtransit.com/gtfs/montachusett-ma-us/montachusett-ma-us.zip,Set wheelchair_boarding to 1 (accessible) or 2 (not accessible) for every stop. A field survey can start with the busiest stops.,https://gtfsscorecard.org/agency/montachusett-regional-transit-authority-mart-433/,US,,
montebello-bus-lines,Montebello Bus Lines,California,F,46.4,medium,25,2026-07-10,-1835,within_review_threshold,stale,577,8.0.1,https://data.trilliumtransit.com/gtfs/montebello-ca-us/montebello-ca-us.zip,"Re-export the feed with a calendar that reaches further out, and set feed_info feed_end_date past your next service change.",https://gtfsscorecard.org/agency/montebello-bus-lines/,US,US-CA,California
montebello-bus-lines-2201,Montebello Bus Lines,California,C,73.6,medium,65,2026-07-10,58,within_review_threshold,current,2201,8.0.1,https://mbl.rideralerts.com/infopoint/gtfs-zip.ashx,Set wheelchair_boarding to 1 (accessible) or 2 (not accessible) for every stop. A field survey can start with the busiest stops.,https://gtfsscorecard.org/agency/montebello-bus-lines-2201/,US,US-CA,California
montebello-bus-lines-577,Montebello Bus Lines,,F,46.4,medium,25,2026-07-10,-1835,within_review_threshold,stale,,8.0.1,http://data.trilliumtransit.com/gtfs/montebello-ca-us/montebello-ca-us.zip,"Re-export the feed with a calendar that reaches further out, and set feed_info feed_end_date past your next service change.",https://gtfsscorecard.org/agency/montebello-bus-lines-577/,US,,
monterey-salinas-transit-mst,Monterey-Salinas Transit (MST),California,D,66.3,medium,57,2026-07-10,49,within_review_threshold,current,56,8.0.1,https://www.mst.org/google/google_transit.zip,Check the trip updates endpoint with your AVL vendor; it should return a fresh GTFS-Realtime protobuf on every request.,https://gtfsscorecard.org/agency/monterey-salinas-transit-mst/,US,US-CA,California
montgomery-county-department-of-transportation-ride-on,Montgomery County Department of Transportation (Ride On),Maryland,F,50.8,large,36,2026-07-10,57,within_review_threshold,current,488,8.0.1,https://www.montgomerycountymd.gov/DOT-Transit/Resources/Files/GTFS/RideOnGTFS.zip,Re-generate shape distances in your export; flag to your vendor if it persists.,https://gtfsscorecard.org/agency/montgomery-county-department-of-transportation-ride-on/,US,US-MD,Maryland
montgomery-transit,Montgomery Transit,Alabama,C,78.5,large,76,2026-07-10,174,within_review_threshold,current,338,8.0.1,https://data.trilliumtransit.com/gtfs/montgomerytransit-al-us/montgomerytransit-al-us.zip,Set wheelchair_boarding to 1 (accessible) or 2 (not accessible) for every stop. A field survey can start with the busiest stops.,https://gtfsscorecard.org/agency/montgomery-transit/,US,US-AL,Alabama
montgomery-transit-338,Montgomery Transit,,C,78.5,large,76,2026-07-10,174,within_review_threshold,current,,8.0.1,http://data.trilliumtransit.com/gtfs/montgomerytransit-al-us/montgomerytransit-al-us.zip,Set wheelchair_boarding to 1 (accessible) or 2 (not accessible) for every stop. A field survey can start with the busiest stops.,https://gtfsscorecard.org/agency/montgomery-transit-338/,US,,
moorpark-city-transit,Moorpark City Transit,California,C,77.3,small,74,2026-07-10,53,within_review_threshold,current,578,8.0.1,https://data.trilliumtransit.com/gtfs/moorparkcitytransit-ca-us/moorparkcitytransit-ca-us.zip,Set wheelchair_boarding to 1 (accessible) or 2 (not accessible) for every stop. A field survey can start with the busiest stops.,https://gtfsscorecard.org/agency/moorpark-city-transit/,US,US-CA,California
moorpark-city-transit-578,Moorpark City Transit,,C,77.3,small,74,2026-07-10,53,within_review_threshold,current,,8.0.1,http://data.trilliumtransit.com/gtfs/moorparkcitytransit-ca-us/moorparkcitytransit-ca-us.zip,Set wheelchair_boarding to 1 (accessible) or 2 (not accessible) for every stop. A field survey can start with the busiest stops.,https://gtfsscorecard.org/agency/moorpark-city-transit-578/,US,,
moover,MOOver,Vermont,F,39.5,medium,13,2026-07-10,-1689,within_review_threshold,stale,434,8.0.1,https://data.trilliumtransit.com/gtfs/dvtamoover-vt-us/dvtamoover-vt-us.zip,"Re-export the feed with a calendar that reaches further out, and set feed_info feed_end_date past your next service change.",https://gtfsscorecard.org/agency/moover/,US,US-VT,Vermont
moover-434,MOOver,,F,39.5,medium,13,2026-07-10,-1689,within_review_threshold,stale,,8.0.1,http://data.trilliumtransit.com/gtfs/dvtamoover-vt-us/dvtamoover-vt-us.zip,"Re-export the feed with a calendar that reaches further out, and set feed_info feed_end_date past your next service change.",https://gtfsscorecard.org/agency/moover-434/,US,,
morongo-basin-transit-authority,Morongo Basin Transit Authority,California,C,77.5,medium,74,2026-07-10,175,within_review_threshold,current,579,8.0.1,https://data.trilliumtransit.com/gtfs/morongobasin-ca-us/morongobasin-ca-us.zip,Set wheelchair_boarding to 1 (accessible) or 2 (not accessible) for every stop. A field survey can start with the busiest stops.,https://gtfsscorecard.org/agency/morongo-basin-transit-authority/,US,US-CA,California
morongo-basin-transit-authority-579,Morongo Basin Transit Authority,,C,77.5,medium,74,2026-07-10,175,within_review_threshold,current,,8.0.1,http://data.trilliumtransit.com/gtfs/morongobasin-ca-us/morongobasin-ca-us.zip,Set wheelchair_boarding to 1 (accessible) or 2 (not accessible) for every stop. A field survey can start with the busiest stops.,https://gtfsscorecard.org/agency/morongo-basin-transit-authority-579/,US,,
morro-bay-transit,Morro Bay Transit,California,F,49.3,small,32,2026-07-10,-1729,within_review_threshold,stale,45,8.0.1,https://mjcaction.com/MJC_GTFS_Public/morrobay_google_transit.zip,"Re-export the feed with a calendar that reaches further out, and set feed_info feed_end_date past your next service change.",https://gtfsscorecard.org/agency/morro-bay-transit/,US,US-CA,California
morro-bay-transit-2059,Morro Bay Transit,California,F,48.0,small,29,2026-07-10,-405,within_review_threshold,stale,2059,8.0.1,https://www.morrobayca.gov/DocumentCenter/View/19231/Morro-Bay-GTFS-Data-Updated-20240510,"Re-export the feed with a calendar that reaches further out, and set feed_info feed_end_date past your next service change.",https://gtfsscorecard.org/agency/morro-bay-transit-2059/,US,US-CA,California
morro-bay-transit-45,Morro Bay Transit,,F,49.3,small,32,2026-07-10,-1729,within_review_threshold,stale,,8.0.1,http://mjcaction.com/MJC_GTFS_Public/morrobay_google_transit.zip,"Re-export the feed with a calendar that reaches further out, and set feed_info feed_end_date past your next service change.",https://gtfsscorecard.org/agency/morro-bay-transit-45/,US,,
morrow-county-public-transit,Morrow County Public Transit,Oregon,C,71.5,small,62,2026-07-10,205,within_review_threshold,current,2418,8.0.1,https://oregon-gtfs.trilliumtransit.com/gtfs_data/morrowcounty-or-us/morrowcounty-or-us.zip,Set wheelchair_boarding to 1 (accessible) or 2 (not accessible) for every stop. A field survey can start with the busiest stops.,https://gtfsscorecard.org/agency/morrow-county-public-transit/,US,US-OR,Oregon
mount-adams-transportation-service,Mount Adams Transportation Service,Washington,B,82.5,small,87,2026-07-10,175,within_review_threshold,current,580,8.0.1,https://data.trilliumtransit.com/gtfs/mountadams-wa-us/mountadams-wa-us.zip,Set wheelchair_boarding to 1 (accessible) or 2 (not accessible) for every stop. A field survey can start with the busiest stops.,https://gtfsscorecard.org/agency/mount-adams-transportation-service/,US,US-WA,Washington
mount-adams-transportation-service-580,Mount Adams Transportation Service,,B,82.5,small,87,2026-07-10,175,within_review_threshold,current,,8.0.1,http://data.trilliumtransit.com/gtfs/mountadams-wa-us/mountadams-wa-us.zip,Set wheelchair_boarding to 1 (accessible) or 2 (not accessible) for every stop. A field survey can start with the busiest stops.,https://gtfsscorecard.org/agency/mount-adams-transportation-service-580/,US,,
mountain-empire-transit,Flex,Virginia,B,80.2,small,81,2026-07-10,83,within_review_threshold,current,2436,8.0.1,https://data.trilliumtransit.com/gtfs/mountainempire-va-us/mountainempire-va-us--flex-v2.zip,Set wheelchair_boarding to 1 (accessible) or 2 (not accessible) for every stop. A field survey can start with the busiest stops.,https://gtfsscorecard.org/agency/mountain-empire-transit/,US,US-VA,Virginia
mountain-express,Flex,Colorado,F,59.7,small,49,2026-07-10,22,within_review_threshold,expiring_soon,2294,8.0.1,https://data.trilliumtransit.com/gtfs/mountainexpress-co-us/mountainexpress-co-us--flex-v2.zip,Re-export with a validity window that reaches at least 60 days out.,https://gtfsscorecard.org/agency/mountain-express/,US,US-CO,Colorado
mountain-express-mtnexp,Mountain Express (MtnExp),Colorado,F,55.8,small,45,2026-07-10,-1131,within_review_threshold,stale,581,8.0.1,https://mjcaction.com/MJC_GTFS_Public/cb_mtnexpress_google_transit.zip,"Re-export the feed with a calendar that reaches further out, and set feed_info feed_end_date past your next service change.",https://gtfsscorecard.org/agency/mountain-express-mtnexp/,US,US-CO,Colorado
mountain-express-mtnexp-581,Mountain Express (MtnExp),,F,55.8,small,45,2026-07-10,-1131,within_review_threshold,stale,,8.0.1,http://mjcaction.com/MJC_GTFS_Public/cb_mtnexpress_google_transit.zip,"Re-export the feed with a calendar that reaches further out, and set feed_info feed_end_date past your next service change.",https://gtfsscorecard.org/agency/mountain-express-mtnexp-581/,US,,
mountain-family-center,Flex,Colorado,F,59.7,small,49,2026-07-10,22,within_review_threshold,expiring_soon,2173,8.0.1,https://data.trilliumtransit.com/gtfs/mountainfamilycenter-co-us/mountainfamilycenter-co-us--flex-v2.zip,Re-export with a validity window that reaches at least 60 days out.,https://gtfsscorecard.org/agency/mountain-family-center/,US,US-CO,Colorado
mountain-line,Mountain Line,Montana,C,78.7,medium,77,2026-07-10,220,within_review_threshold,current,292,8.0.1,http://www.mountainline.com/files/MUTD_GTFS.zip,Set wheelchair_boarding to 1 (accessible) or 2 (not accessible) for every stop. A field survey can start with the busiest stops.,https://gtfsscorecard.org/agency/mountain-line/,US,US-MT,Montana
mountain-line-1148,Mountain Line,Arizona,F,28.3,medium,4,2026-07-10,-194,within_review_threshold,lapsed,1148,8.0.1,https://transitfeeds.com/p/mountain-line/243/latest/download,Review the rule documentation for 'trip_distance_exceeds_shape_distance' at https://gtfs-validator.mobilitydata.org/rules.html and check the flagged rows in your feed.,https://gtfsscorecard.org/agency/mountain-line-1148/,US,US-AZ,Arizona
mountain-line-transit,Mountain Line Transit,Arizona,C,76.6,medium,72,2026-07-10,173,within_review_threshold,current,1979,8.0.1,http://mountainline.syncromatics.com/gtfs,Set wheelchair_boarding to 1 (accessible) or 2 (not accessible) for every stop. A field survey can start with the busiest stops.,https://gtfsscorecard.org/agency/mountain-line-transit/,US,US-AZ,Arizona
mountain-line-transit-authority,Mountain Line Transit Authority,West Virginia,B,85.6,medium,94,2026-07-10,174,within_review_threshold,current,407,8.0.1,http://site.busride.org/google/google_transit.zip,Review the flagged fields and fill in the ones your riders would use.,https://gtfsscorecard.org/agency/mountain-line-transit-authority/,US,US-WV,West Virginia
mountain-lynx-transit,Mountain Lynx Transit,Virginia,C,79.6,small,79,2026-07-10,206,within_review_threshold,current,334,8.0.1,https://data.trilliumtransit.com/gtfs/districtthree-va-us/districtthree-va-us.zip,Set wheelchair_boarding to 1 (accessible) or 2 (not accessible) for every stop. A field survey can start with the busiest stops.,https://gtfsscorecard.org/agency/mountain-lynx-transit/,US,US-VA,Virginia
mountain-lynx-transit-2447,Flex,Virginia,F,48.0,small,29,2026-07-10,27,within_review_threshold,expiring_soon,2447,8.0.1,https://data.trilliumtransit.com/gtfs/districtthree-va-us/districtthree-va-us--flex-v2.zip,Re-export with a validity window that reaches at least 60 days out.,https://gtfsscorecard.org/agency/mountain-lynx-transit-2447/,US,US-VA,Virginia
mountain-lynx-transit-334,Mountain Lynx Transit,,C,79.6,small,79,2026-07-10,206,within_review_threshold,current,,8.0.1,http://data.trilliumtransit.com/gtfs/districtthree-va-us/districtthree-va-us.zip,Set wheelchair_boarding to 1 (accessible) or 2 (not accessible) for every stop. A field survey can start with the busiest stops.,https://gtfsscorecard.org/agency/mountain-lynx-transit-334/,US,,
mountain-metro-transit,Flex,Colorado,D,64.4,small,54,2026-07-10,22,within_review_threshold,expiring_soon,2292,8.0.1,https://data.trilliumtransit.com/gtfs/coloradosprings-co-us/coloradosprings-co-us--flex-v2.zip,Re-export with a validity window that reaches at least 60 days out.,https://gtfsscorecard.org/agency/mountain-metro-transit/,US,US-CO,Colorado
mountain-metropolitan-transit,Mountain Metropolitan Transit,Colorado,F,26.2,medium,4,2026-07-10,-3205,within_review_threshold,stale,1241,8.0.1,https://transitfeeds.com/p/mountain-metropolitan-transit/374/latest/download,"Re-export the feed with a calendar that reaches further out, and set feed_info feed_end_date past your next service change.",https://gtfsscorecard.org/agency/mountain-metropolitan-transit/,US,US-CO,Colorado
mountain-metropolitan-transit-2356,Mountain Metropolitan Transit,Colorado,F,44.3,medium,20,2026-07-10,-286,within_review_threshold,lapsed,2356,8.0.1,https://coloradosprings.gov/sites/default/files/google_transit_0.zip,"Re-export the feed with a calendar that reaches further out, and set feed_info feed_end_date past your next service change.",https://gtfsscorecard.org/agency/mountain-metropolitan-transit-2356/,US,US-CO,Colorado
mountain-rides-transportation-authority-mrta,Mountain Rides Transportation Authority (MRTA),Idaho,F,41.5,medium,15,2026-07-10,-5670,within_review_threshold,stale,143,8.0.1,https://data.trilliumtransit.com/gtfs/mountainrides-id-us/mountainrides-id-us.zip,"Re-export the feed with a calendar that reaches further out, and set feed_info feed_end_date past your next service change.",https://gtfsscorecard.org/agency/mountain-rides-transportation-authority-mrta/,US,US-ID,Idaho
mountain-rides-transportation-authority-mrta-143,Mountain Rides Transportation Authority (MRTA),,F,41.5,medium,15,2026-07-10,-5670,within_review_threshold,stale,,8.0.1,http://data.trilliumtransit.com/gtfs/mountainrides-id-us/mountainrides-id-us.zip,"Re-export the feed with a calendar that reaches further out, and set feed_info feed_end_date past your next service change.",https://gtfsscorecard.org/agency/mountain-rides-transportation-authority-mrta-143/,US,,
mountain-transit,Mountain Transit,California,B,80.6,medium,82,2026-07-10,175,within_review_threshold,current,107,8.0.1,https://data.trilliumtransit.com/gtfs/bigbear-ca-us/bigbear-ca-us.zip,Set wheelchair_boarding to 1 (accessible) or 2 (not accessible) for every stop. A field survey can start with the busiest stops.,https://gtfsscorecard.org/agency/mountain-transit/,US,US-CA,California
mountain-transit-107,Mountain Transit,,B,80.6,medium,82,2026-07-10,175,within_review_threshold,current,,8.0.1,http://data.trilliumtransit.com/gtfs/bigbear-ca-us/bigbear-ca-us.zip,Set wheelchair_boarding to 1 (accessible) or 2 (not accessible) for every stop. A field survey can start with the busiest stops.,https://gtfsscorecard.org/agency/mountain-transit-107/,US,,
mountain-view-community-shuttle,Mountain View Community Shuttle,,B,84.5,small,92,2026-07-10,289,within_review_threshold,current,,8.0.1,https://gtfs.mvcommunityshuttle.com/gtfs.zip,Add feed_info.txt with feed_start_date and feed_end_date to your export.,https://gtfsscorecard.org/agency/mountain-view-community-shuttle/,US,,
mountain-view-transportation-management-association-mvgo,Mountain View Transportation Management Association (MVgo),California,F,47.9,small,29,2026-07-10,-922,within_review_threshold,stale,60,8.0.1,https://data.trilliumtransit.com/gtfs/mountainview-ca-us/mountainview-ca-us.zip,"Re-export the feed with a calendar that reaches further out, and set feed_info feed_end_date past your next service change.",https://gtfsscorecard.org/agency/mountain-view-transportation-management-association-mvgo/,US,US-CA,California
mountain-view-transportation-management-association-mvgo-2025,Mountain View Transportation Management Association (MVgo),California,B,89.7,small,96,2026-07-10,175,within_review_threshold,current,2025,8.0.1,https://mvgo.org/data/gtfs.zip,Add feed_info.txt with feed_start_date and feed_end_date to your export.,https://gtfsscorecard.org/agency/mountain-view-transportation-management-association-mvgo-2025/,US,US-CA,California
mountain-view-transportation-management-association-mvgo-2880,Mountain View Transportation Management Association (MVgo),California,B,87.1,small,95,2026-07-10,175,within_review_threshold,current,2880,8.0.1,https://gtfs.mvgo.org/gtfs.zip,Add feed_info.txt with feed_start_date and feed_end_date to your export.,https://gtfsscorecard.org/agency/mountain-view-transportation-management-association-mvgo-2880/,US,US-CA,California
mountain-view-transportation-management-association-mvgo-60,Mountain View Transportation Management Association (MVgo),,F,47.9,small,29,2026-07-10,-922,within_review_threshold,stale,,8.0.1,http://data.trilliumtransit.com/gtfs/mountainview-ca-us/mountainview-ca-us.zip,"Re-export the feed with a calendar that reaches further out, and set feed_info feed_end_date past your next service change.",https://gtfsscorecard.org/agency/mountain-view-transportation-management-association-mvgo-60/,US,,
move-stanislaus,Move Stanislaus,,C,75.7,small,70,2026-07-10,83,within_review_threshold,current,,8.0.1,https://data.trilliumtransit.com/gtfs/movestanislaus-ca-us/movestanislaus-ca-us--flex-v2.zip,Set wheelchair_boarding to 1 (accessible) or 2 (not accessible) for every stop. A field survey can start with the busiest stops.,https://gtfsscorecard.org/agency/move-stanislaus/,US,,
mt-bachelor,Mt. Bachelor,Oregon,F,50.2,small,35,2026-07-10,-1105,within_review_threshold,stale,933,8.0.1,https://oregon-gtfs.trilliumtransit.com/gtfs_data/mtbachelor-or-us/mtbachelor-or-us.zip,"Re-export the feed with a calendar that reaches further out, and set feed_info feed_end_date past your next service change.",https://gtfsscorecard.org/agency/mt-bachelor/,US,US-OR,Oregon
mta,Metro-North Railroad,New York,C,79.9,medium,79,2026-07-10,169,within_review_threshold,current,3110,8.0.1,https://rrgtfsfeeds.s3.amazonaws.com/gtfsmnr.zip,Add feed_info.txt with feed_start_date and feed_end_date to your export.,https://gtfsscorecard.org/agency/mta/,US,US-NY,New York
muckleshoot-tribal-transit,Muckleshoot Tribal Transit,Washington,C,78.8,small,77,2026-07-10,83,within_review_threshold,current,2326,8.0.1,https://data.trilliumtransit.com/gtfs/muckleshoot-wa-us/muckleshoot-wa-us.zip,Set wheelchair_boarding to 1 (accessible) or 2 (not accessible) for every stop. A field survey can start with the busiest stops.,https://gtfsscorecard.org/agency/muckleshoot-tribal-transit/,US,US-WA,Washington
muletown-trolley,Muletown Trolley,Tennessee,F,55.5,small,44,2026-07-10,-197,within_review_threshold,lapsed,2420,8.0.1,https://www.sctdd.org/wp-content/uploads/2025/02/gtfs_muletown.zip,"Re-export the feed with a calendar that reaches further out, and set feed_info feed_end_date past your next service change.",https://gtfsscorecard.org/agency/muletown-trolley/,US,US-TN,Tennessee
muncie-indiana-transit-system-mits,Muncie Indiana Transit System (MITS),Indiana,F,29.5,medium,5,2026-07-10,-3492,within_review_threshold,stale,719,8.0.1,http://www.mitsbus.org/wp-content/uploads/2016/11/GTFS.zip,"Re-export the feed with a calendar that reaches further out, and set feed_info feed_end_date past your next service change.",https://gtfsscorecard.org/agency/muncie-indiana-transit-system-mits/,US,US-IN,Indiana
muscabus,MuscaBus,Iowa,C,71.2,medium,61,2026-07-10,21,within_review_threshold,expiring_soon,200,8.0.1,https://data.trilliumtransit.com/gtfs/muscabus-ia-us/muscabus-ia-us.zip,Re-export with a validity window that reaches at least 60 days out.,https://gtfsscorecard.org/agency/muscabus/,US,US-IA,Iowa
muscabus-200,MuscaBus,,C,71.2,medium,61,2026-07-10,21,within_review_threshold,expiring_soon,,8.0.1,http://data.trilliumtransit.com/gtfs/muscabus-ia-us/muscabus-ia-us.zip,Re-export with a validity window that reaches at least 60 days out.,https://gtfsscorecard.org/agency/muscabus-200/,US,,
nantucket-regional-transit-authority-wave,Nantucket Regional Transit Authority (WAVE),Massachusetts,C,76.4,medium,72,2026-07-10,53,within_review_threshold,current,426,8.0.1,https://data.trilliumtransit.com/gtfs/nantucket-ma-us/nantucket-ma-us.zip,Set wheelchair_boarding to 1 (accessible) or 2 (not accessible) for every stop. A field survey can start with the busiest stops.,https://gtfsscorecard.org/agency/nantucket-regional-transit-authority-wave/,US,US-MA,Massachusetts
nantucket-regional-transit-authority-wave-426,Nantucket Regional Transit Authority (WAVE),,C,76.4,medium,72,2026-07-10,53,within_review_threshold,current,,8.0.1,http://data.trilliumtransit.com/gtfs/nantucket-ma-us/nantucket-ma-us.zip,Set wheelchair_boarding to 1 (accessible) or 2 (not accessible) for every stop. A field survey can start with the busiest stops.,https://gtfsscorecard.org/agency/nantucket-regional-transit-authority-wave-426/,US,,
nashville-mta-wego-public-transit,Nashville MTA WeGo Public Transit,Tennessee,D,67.8,large,58,2026-07-10,176,within_review_threshold,current,360,8.0.1,https://www.wegotransit.com/googleexport/google_transit.zip,Set wheelchair_boarding to 1 (accessible) or 2 (not accessible) for every stop. A field survey can start with the busiest stops.,https://gtfsscorecard.org/agency/nashville-mta-wego-public-transit/,US,US-TN,Tennessee
nassau-inter-county-express-nice-bus,Nassau Inter-County Express (NICE Bus),New York,F,46.1,large,24,2026-07-10,64,within_review_threshold,current,521,8.0.1,https://www.nicebus.com/NICE/media/nicebus-gtfs/NICE_GTFS.zip,Review the rule documentation for 'trip_distance_exceeds_shape_distance' at https://gtfs-validator.mobilitydata.org/rules.html and check the flagged rows in your feed.,https://gtfsscorecard.org/agency/nassau-inter-county-express-nice-bus/,US,US-NY,New York
national-park-service,Cuyahoga Valley Scenic Railroad,Ohio,D,60.7,small,51,2026-07-10,-2812,within_review_threshold,stale,405,8.0.1,http://nationalparkservice.github.io/nps-gtfs/cuva/scenic-rail/gtfs.zip,"Re-export the feed with a calendar that reaches further out, and set feed_info feed_end_date past your next service change.",https://gtfsscorecard.org/agency/national-park-service/,US,US-OH,Ohio
navajo-transit-system,Navajo Transit System,New Mexico,F,56.5,medium,46,2026-07-10,-1986,within_review_threshold,stale,157,8.0.1,https://mjcaction.com/MJC_GTFS_Public/navajo_google_transit.zip,"Re-export the feed with a calendar that reaches further out, and set feed_info feed_end_date past your next service change.",https://gtfsscorecard.org/agency/navajo-transit-system/,US,US-NM,New Mexico
navajo-transit-system-157,Navajo Transit System,,F,56.5,medium,46,2026-07-10,-1986,within_review_threshold,stale,,8.0.1,http://mjcaction.com/MJC_GTFS_Public/navajo_google_transit.zip,"Re-export the feed with a calendar that reaches further out, and set feed_info feed_end_date past your next service change.",https://gtfsscorecard.org/agency/navajo-transit-system-157/,US,,
navajo-transit-system-2346,Navajo Transit System,New Mexico,A,90.3,medium,97,2026-07-10,206,within_review_threshold,current,2346,8.0.1,https://rapid.nationalrtap.org/GTFSFileManagement/UserUploadFiles/5372/Navajo_Transit_GTFS.zip,Set wheelchair_boarding to 1 (accessible) or 2 (not accessible) for every stop. A field survey can start with the busiest stops.,https://gtfsscorecard.org/agency/navajo-transit-system-2346/,US,US-NM,New Mexico
needles-area-transit,Needles Area Transit,California,B,80.2,small,81,2026-07-10,356,within_review_threshold,current,583,8.0.1,https://data.trilliumtransit.com/gtfs/needles-ca-us/needles-ca-us.zip,Set wheelchair_boarding to 1 (accessible) or 2 (not accessible) for every stop. A field survey can start with the busiest stops.,https://gtfsscorecard.org/agency/needles-area-transit/,US,US-CA,California
needles-area-transit-583,Needles Area Transit,,B,80.2,small,81,2026-07-10,356,within_review_threshold,current,,8.0.1,http://data.trilliumtransit.com/gtfs/needles-ca-us/needles-ca-us.zip,Set wheelchair_boarding to 1 (accessible) or 2 (not accessible) for every stop. A field survey can start with the busiest stops.,https://gtfsscorecard.org/agency/needles-area-transit-583/,US,,
nevada-county-connects-gold-country-stage,Nevada County Connects (Gold Country Stage),California,D,61.4,medium,51,2026-07-10,-160,within_review_threshold,lapsed,84,8.0.1,https://data.trilliumtransit.com/gtfs/goldcountrystage-ca-us/goldcountrystage-ca-us.zip,"Re-export the feed with a calendar that reaches further out, and set feed_info feed_end_date past your next service change.",https://gtfsscorecard.org/agency/nevada-county-connects-gold-country-stage/,US,US-CA,California
nevada-county-connects-gold-country-stage-84,Nevada County Connects (Gold Country Stage),,D,61.4,medium,51,2026-07-10,-160,within_review_threshold,lapsed,,8.0.1,http://data.trilliumtransit.com/gtfs/goldcountrystage-ca-us/goldcountrystage-ca-us.zip,"Re-export the feed with a calendar that reaches further out, and set feed_info feed_end_date past your next service change.",https://gtfsscorecard.org/agency/nevada-county-connects-gold-country-stage-84/,US,,
new-jersey-transit-nj-transit,Bus,New Jersey,F,39.0,large,12,2026-07-10,176,within_review_threshold,current,508,8.0.1,https://www.njtransit.com/bus_data.zip,Re-generate shape distances in your export; flag to your vendor if it persists.,https://gtfsscorecard.org/agency/new-jersey-transit-nj-transit/,US,US-NJ,New Jersey
new-jersey-transit-nj-transit-509,Rail,New Jersey,F,43.2,medium,18,2026-07-10,168,within_review_threshold,current,509,8.0.1,https://www.njtransit.com/rail_data.zip,Review the rule documentation for 'block_trips_with_overlapping_stop_times' at https://gtfs-validator.mobilitydata.org/rules.html and check the flagged rows in your feed.,https://gtfsscorecard.org/agency/new-jersey-transit-nj-transit-509/,US,US-NJ,New Jersey
new-york-trailways,New York Trailways,New York,F,14.6,small,1,2026-07-10,-1652,within_review_threshold,stale,825,8.0.1,https://s3.amazonaws.com/datatools-511ny/public/Trailways-NYT.zip,"Re-export the feed with a calendar that reaches further out, and set feed_info feed_end_date past your next service change.",https://gtfsscorecard.org/agency/new-york-trailways/,US,US-NY,New York
newburgh-beacon-shuttle-leprechaun-lines,Newburgh Beacon Shuttle (Leprechaun Lines),New York,F,40.1,small,14,2026-07-10,-191,within_review_threshold,lapsed,584,8.0.1,https://s3.amazonaws.com/datatools-511ny/public/Newburgh_Beacon_Shuttle.zip,"Re-export the feed with a calendar that reaches further out, and set feed_info feed_end_date past your next service change.",https://gtfsscorecard.org/agency/newburgh-beacon-shuttle-leprechaun-lines/,US,US-NY,New York
niagara-frontier-transportation-authority-nfta,Niagara Frontier Transportation Authority (NFTA),New York,F,29.7,large,5,2026-07-10,-755,within_review_threshold,stale,465,8.0.1,http://www.nfta.com/metro/__googletransit/google_transit.zip,"Re-export the feed with a calendar that reaches further out, and set feed_info feed_end_date past your next service change.",https://gtfsscorecard.org/agency/niagara-frontier-transportation-authority-nfta/,US,US-NY,New York
nisqually-transit,Nisqually Transit,Washington,F,45.2,small,22,2026-07-10,-556,within_review_threshold,stale,2327,8.0.1,https://data.trilliumtransit.com/gtfs/nisqually-wa-us/nisqually-wa-us.zip,"Re-export the feed with a calendar that reaches further out, and set feed_info feed_end_date past your next service change.",https://gtfsscorecard.org/agency/nisqually-transit/,US,US-WA,Washington
north-carolina-state-university-ncsu,North Carolina State University (NCSU),North Carolina,F,46.8,medium,27,2026-07-10,-2201,within_review_threshold,stale,1289,8.0.1,https://data.trilliumtransit.com/gtfs/ncsu-wolfline-nc-us/ncsu-wolfline-nc-us.zip,"Re-export the feed with a calendar that reaches further out, and set feed_info feed_end_date past your next service change.",https://gtfsscorecard.org/agency/north-carolina-state-university-ncsu/,US,US-NC,North Carolina
north-carolina-state-university-ncsu-1289,North Carolina State University (NCSU),,F,46.8,medium,27,2026-07-10,-2201,within_review_threshold,stale,,8.0.1,http://data.trilliumtransit.com/gtfs/ncsu-wolfline-nc-us/ncsu-wolfline-nc-us.zip,"Re-export the feed with a calendar that reaches further out, and set feed_info feed_end_date past your next service change.",https://gtfsscorecard.org/agency/north-carolina-state-university-ncsu-1289/,US,,
north-carolina-state-university-ncsu-2245,North Carolina State University (NCSU),North Carolina,D,64.6,medium,55,2026-07-10,30,within_review_threshold,expiring_soon,2245,8.0.1,https://passio3.com/ncstateuni/passioTransit/gtfs/google_transit.zip,Set wheelchair_boarding to 1 (accessible) or 2 (not accessible) for every stop. A field survey can start with the busiest stops.,https://gtfsscorecard.org/agency/north-carolina-state-university-ncsu-2245/,US,US-NC,North Carolina
north-central-regional-transit-district-ncrtd,North Central Regional Transit District (NCRTD),New Mexico,F,41.3,medium,15,2026-07-10,-1805,within_review_threshold,stale,582,8.0.1,https://www.ncrtd.org/wp-content/uploads/2021/05/gtfs-5.12.21.zip,"Re-export the feed with a calendar that reaches further out, and set feed_info feed_end_date past your next service change.",https://gtfsscorecard.org/agency/north-central-regional-transit-district-ncrtd/,US,US-NM,New Mexico
north-country-express-transit,North Country Express Transit,New York,D,61.6,small,51,2026-07-10,155,within_review_threshold,current,546,8.0.1,https://s3.amazonaws.com/datatools-511ny/public/North_Country_Express.zip,Review the rule documentation for 'trip_distance_exceeds_shape_distance' at https://gtfs-validator.mobilitydata.org/rules.html and check the flagged rows in your feed.,https://gtfsscorecard.org/agency/north-country-express-transit/,US,US-NY,New York
north-county-transit-district-nctd,North County Transit District (NCTD),California,F,23.5,large,3,2026-07-10,15,within_review_threshold,expiring_soon,14,8.0.1,http://www.gonctd.com/google_transit.zip,Re-export with a validity window that reaches at least 60 days out.,https://gtfsscorecard.org/agency/north-county-transit-district-nctd/,US,US-CA,California
north-county-transit-district-nctd-3093,North County Transit District (NCTD),California,F,23.5,large,3,2026-07-10,15,within_review_threshold,expiring_soon,3093,8.0.1,https://lfportal.nctd.org/staticGTFS/google_transit.zip,Re-export with a validity window that reaches at least 60 days out.,https://gtfsscorecard.org/agency/north-county-transit-district-nctd-3093/,US,US-CA,California
north-lake-tahoe-express,24 hour advance reservations required,Nevada,B,81.4,small,84,2026-07-10,206,within_review_threshold,current,2328,8.0.1,https://data.trilliumtransit.com/gtfs/nlte-nv-us/nlte-nv-us.zip,Set wheelchair_boarding to 1 (accessible) or 2 (not accessible) for every stop. A field survey can start with the busiest stops.,https://gtfsscorecard.org/agency/north-lake-tahoe-express/,US,US-NV,Nevada
northwest-point,NorthWest POINT,Oregon,F,45.9,small,24,2026-07-10,-1821,within_review_threshold,stale,638,8.0.1,https://oregon-gtfs.trilliumtransit.com/gtfs_data/northwestpoint-or-us/northwestpoint-or-us.zip,"Re-export the feed with a calendar that reaches further out, and set feed_info feed_end_date past your next service change.",https://gtfsscorecard.org/agency/northwest-point/,US,US-OR,Oregon
norwalk-transit-district,Norwalk Transit District,Connecticut,F,20.9,medium,2,2026-07-10,-1652,within_review_threshold,stale,529,8.0.1,https://www.norwalktransit.com/s/GTFS_Data.zip,"Re-export the feed with a calendar that reaches further out, and set feed_info feed_end_date past your next service change.",https://gtfsscorecard.org/agency/norwalk-transit-district/,US,US-CT,Connecticut
norwalk-transit-system-nts,Norwalk Transit System (NTS),California,F,22.7,medium,2,2026-07-10,-1286,within_review_threshold,stale,102,8.0.1,https://data.trilliumtransit.com/gtfs/nts-ca-us/nts-ca-us.zip,"Re-export the feed with a calendar that reaches further out, and set feed_info feed_end_date past your next service change.",https://gtfsscorecard.org/agency/norwalk-transit-system-nts/,US,US-CA,California
norwalk-transit-system-nts-102,Norwalk Transit System (NTS),,F,22.7,medium,2,2026-07-10,-1286,within_review_threshold,stale,,8.0.1,http://data.trilliumtransit.com/gtfs/nts-ca-us/nts-ca-us.zip,"Re-export the feed with a calendar that reaches further out, and set feed_info feed_end_date past your next service change.",https://gtfsscorecard.org/agency/norwalk-transit-system-nts-102/,US,,
norwalk-transit-system-nts-2242,Norwalk Transit System (NTS),California,C,73.1,medium,64,2026-07-10,1395,within_review_threshold,current,2242,8.0.1,https://mystop.norwalktransit.com/InfoPoint/gtfs-zip.ashx,Set wheelchair_boarding to 1 (accessible) or 2 (not accessible) for every stop. A field survey can start with the busiest stops.,https://gtfsscorecard.org/agency/norwalk-transit-system-nts-2242/,US,US-CA,California
ny-waterway,NY Waterway,New York,F,33.0,small,7,2026-07-10,-922,within_review_threshold,stale,525,8.0.1,https://s3.amazonaws.com/data.bytemark.co/nywaterway/nywaterway.zip,"Re-export the feed with a calendar that reaches further out, and set feed_info feed_end_date past your next service change.",https://gtfsscorecard.org/agency/ny-waterway/,US,US-NY,New York
ny-waterway-3192,NY Waterway,New York,C,76.4,small,72,2026-07-10,539,within_review_threshold,current,3192,8.0.1,https://nywaterway.connexionz.net/rtt/public/resource/gtfs.zip,Set wheelchair_boarding to 1 (accessible) or 2 (not accessible) for every stop. A field survey can start with the busiest stops.,https://gtfsscorecard.org/agency/ny-waterway-3192/,US,US-NY,New York
nyc-ferry,NYC Ferry,New York,C,77.0,small,73,2026-07-10,539,within_review_threshold,current,515,8.0.1,http://nycferry.connexionz.net/rtt/public/utility/gtfs.aspx,Check the vehicle positions endpoint with your AVL vendor; it should return a fresh GTFS-Realtime protobuf on every request.,https://gtfsscorecard.org/agency/nyc-ferry/,US,US-NY,New York
ocean-city-transportation,Ocean City Transportation,Maryland,F,34.7,medium,8,2026-07-10,-2240,within_review_threshold,stale,495,8.0.1,https://github.com/mobilityequity/maryland-local-gtfs/raw/master/OC_GTFS.zip,"Re-export the feed with a calendar that reaches further out, and set feed_info feed_end_date past your next service change.",https://gtfsscorecard.org/agency/ocean-city-transportation/,US,US-MD,Maryland
olean-area-transit-system,Olean Area Transit System,New York,D,62.3,small,52,2026-07-10,266,within_review_threshold,current,586,8.0.1,https://s3.amazonaws.com/datatools-511ny/public/Olean_Area_Transit_System.zip,Set wheelchair_boarding to 1 (accessible) or 2 (not accessible) for every stop. A field survey can start with the busiest stops.,https://gtfsscorecard.org/agency/olean-area-transit-system/,US,US-NY,New York
omaha-metro,Omaha Metro,Nebraska,F,39.3,large,13,2026-07-10,-2225,within_review_threshold,stale,587,8.0.1,https://s3.amazonaws.com/omaha-metro/TrapezeExport/google_transit.zip,"Re-export the feed with a calendar that reaches further out, and set feed_info feed_end_date past your next service change.",https://gtfsscorecard.org/agency/omaha-metro/,US,US-NE,Nebraska
omaha-metro-2261,Omaha Metro,Nebraska,C,75.9,large,70,2026-07-10,50,within_review_threshold,current,2261,8.0.1,https://www.ometro.com/wp-content/uploads/GTFSRT/google_transit.zip,"Set wheelchair_accessible on every trip (most small-agency fleets are 100% accessible, so this is often a single default).",https://gtfsscorecard.org/agency/omaha-metro-2261/,US,US-NE,Nebraska
omnibus,Flex,Colorado,F,59.7,small,49,2026-07-10,22,within_review_threshold,expiring_soon,2175,8.0.1,https://data.trilliumtransit.com/gtfs/omnibus-co-us/omnibus-co-us--flex-v2.zip,Re-export with a validity window that reaches at least 60 days out.,https://gtfsscorecard.org/agency/omnibus/,US,US-CO,Colorado
omnitrans,OmniTrans,California,C,75.0,large,67,2026-07-10,30,within_review_threshold,expiring_soon,97,8.0.1,http://www.omnitrans.org/google/google_transit.zip,Review the rule documentation for 'invalid_phone_number' at https://gtfs-validator.mobilitydata.org/rules.html and check the flagged rows in your feed.,https://gtfsscorecard.org/agency/omnitrans/,US,US-CA,California
orange-county-transportation-authority-octa,Orange County Transportation Authority (OCTA),California,F,46.4,large,25,2026-07-10,29,within_review_threshold,expiring_soon,15,8.0.1,https://www.octa.net/current/google_transit.zip,Re-export with a validity window that reaches at least 60 days out.,https://gtfsscorecard.org/agency/orange-county-transportation-authority-octa/,US,US-CA,California
oregon-department-of-transportation,Oregon Department of Transportation,Oregon,B,83.1,small,89,2026-07-10,83,within_review_threshold,current,800,8.0.1,https://oregon-gtfs.trilliumtransit.com/gtfs_data/point-or-us/point-or-us.zip,Set wheelchair_boarding to 1 (accessible) or 2 (not accessible) for every stop. A field survey can start with the busiest stops.,https://gtfsscorecard.org/agency/oregon-department-of-transportation/,US,US-OR,Oregon
oregon-department-of-transportation-800,Oregon Department of Transportation,,B,83.1,small,89,2026-07-10,83,within_review_threshold,current,,8.0.1,http://oregon-gtfs.trilliumtransit.com/gtfs_data/point-or-us/point-or-us.zip,Set wheelchair_boarding to 1 (accessible) or 2 (not accessible) for every stop. A field survey can start with the busiest stops.,https://gtfsscorecard.org/agency/oregon-department-of-transportation-800/,US,,
oregon-express-shuttle,Oregon Express Shuttle,Oregon,C,77.1,small,73,2026-07-10,53,within_review_threshold,current,132,8.0.1,https://oregon-gtfs.trilliumtransit.com/gtfs_data/oregonexpressshuttle-or-us/oregonexpressshuttle-or-us.zip,Set wheelchair_boarding to 1 (accessible) or 2 (not accessible) for every stop. A field survey can start with the busiest stops.,https://gtfsscorecard.org/agency/oregon-express-shuttle/,US,US-OR,Oregon
otsego-express-public-transportation,Otsego Express Public Transportation,New York,F,40.6,small,14,2026-07-10,-40,within_review_threshold,lapsed,589,8.0.1,https://s3.amazonaws.com/datatools-511ny/public/Otsego_Express_Public_Transit.zip,"Re-export the feed with a calendar that reaches further out, and set feed_info feed_end_date past your next service change.",https://gtfsscorecard.org/agency/otsego-express-public-transportation/,US,US-NY,New York
outback-express,Flex,Colorado,C,72.9,small,64,2026-07-10,295,within_review_threshold,current,2306,8.0.1,https://data.trilliumtransit.com/gtfs/eccog-co-us/eccog-co-us--flex-v2.zip,Set wheelchair_boarding to 1 (accessible) or 2 (not accessible) for every stop. A field survey can start with the busiest stops.,https://gtfsscorecard.org/agency/outback-express/,US,US-CO,Colorado
pace-bus,Pace Bus,Illinois,F,46.9,large,27,2026-07-10,-832,within_review_threshold,stale,390,8.0.1,https://public.pacebus.com/gtfs/gtfs.zip,"Re-export the feed with a calendar that reaches further out, and set feed_info feed_end_date past your next service change.",https://gtfsscorecard.org/agency/pace-bus/,US,US-IL,Illinois
pace-bus-2347,Pace Bus,Illinois,C,70.3,large,60,2026-07-10,50,within_review_threshold,current,2347,8.0.1,https://www.pacebus.com/gtfsdownload,Set wheelchair_boarding to 1 (accessible) or 2 (not accessible) for every stop. A field survey can start with the busiest stops.,https://gtfsscorecard.org/agency/pace-bus-2347/,US,US-IL,Illinois
pacific-crest-bus-lines,Pacific Crest Bus Lines,Oregon,B,82.1,small,86,2026-07-10,52,within_review_threshold,current,133,8.0.1,https://oregon-gtfs.trilliumtransit.com/gtfs_data/pacificcrest-or-us/pacificcrest-or-us.zip,Set wheelchair_boarding to 1 (accessible) or 2 (not accessible) for every stop. A field survey can start with the busiest stops.,https://gtfsscorecard.org/agency/pacific-crest-bus-lines/,US,US-OR,Oregon
pacific-transit,Pacific Transit,Washington,B,83.7,small,90,2026-07-10,206,within_review_threshold,current,242,8.0.1,https://mjcaction.com/MJC_GTFS_Public/pacific_google_transit.zip,"Set wheelchair_accessible on every trip (most small-agency fleets are 100% accessible, so this is often a single default).",https://gtfsscorecard.org/agency/pacific-transit/,US,US-WA,Washington
pacific-transit-242,Pacific Transit,,B,83.7,small,90,2026-07-10,206,within_review_threshold,current,,8.0.1,http://mjcaction.com/MJC_GTFS_Public/pacific_google_transit.zip,"Set wheelchair_accessible on every trip (most small-agency fleets are 100% accessible, so this is often a single default).",https://gtfsscorecard.org/agency/pacific-transit-242/,US,,
pacific-transit-3112,Pacific Transit,Washington,B,82.1,small,86,2026-07-10,206,within_review_threshold,current,3112,8.0.1,https://data.trilliumtransit.com/gtfs/pacifictransit-wa-us/pacifictransit-wa-us.zip,"Set wheelchair_accessible on every trip (most small-agency fleets are 100% accessible, so this is often a single default).",https://gtfsscorecard.org/agency/pacific-transit-3112/,US,US-WA,Washington
pahto-public-passage,Pahto Public Passage,Washington,C,79.3,small,78,2026-07-10,114,within_review_threshold,current,2331,8.0.1,https://data.trilliumtransit.com/gtfs/pahtopublicpassage-wa-us/pahtopublicpassage-wa-us.zip,Set wheelchair_boarding to 1 (accessible) or 2 (not accessible) for every stop. A field survey can start with the busiest stops.,https://gtfsscorecard.org/agency/pahto-public-passage/,US,US-WA,Washington
palm-tran,Palm Tran,Florida,D,69.4,large,59,2026-07-10,71,within_review_threshold,current,332,8.0.1,http://www.palmtran.org/feed/google_transit.zip,Set wheelchair_boarding to 1 (accessible) or 2 (not accessible) for every stop. A field survey can start with the busiest stops.,https://gtfsscorecard.org/agency/palm-tran/,US,US-FL,Florida
palo-verde-valley-transit-agency,Palo Verde Valley Transit Agency,California,F,50.7,medium,35,2026-07-10,-556,within_review_threshold,stale,18,8.0.1,https://data.trilliumtransit.com/gtfs/paloverde_valley-ca-us/paloverde_valley-ca-us.zip,"Re-export the feed with a calendar that reaches further out, and set feed_info feed_end_date past your next service change.",https://gtfsscorecard.org/agency/palo-verde-valley-transit-agency/,US,US-CA,California
palo-verde-valley-transit-agency-18,Palo Verde Valley Transit Agency,,F,50.7,medium,35,2026-07-10,-556,within_review_threshold,stale,,8.0.1,http://data.trilliumtransit.com/gtfs/paloverde_valley-ca-us/paloverde_valley-ca-us.zip,"Re-export the feed with a calendar that reaches further out, and set feed_info feed_end_date past your next service change.",https://gtfsscorecard.org/agency/palo-verde-valley-transit-agency-18/,US,,
palo-verde-valley-transit-agency-2190,Palo Verde Valley Transit Agency,,B,81.0,medium,83,2026-07-10,144,within_review_threshold,current,,8.0.1,https://data.trilliumtransit.com/gtfs/paloverde-valley-ca-us/paloverde-valley-ca-us.zip,Set wheelchair_boarding to 1 (accessible) or 2 (not accessible) for every stop. A field survey can start with the busiest stops.,https://gtfsscorecard.org/agency/palo-verde-valley-transit-agency-2190/,US,,
palos-verdes-peninsula-transit-authority-pvpta,Palos Verdes Peninsula Transit Authority (PVPTA),California,F,42.7,medium,17,2026-07-10,13,within_review_threshold,expiring_soon,35,8.0.1,https://data.trilliumtransit.com/gtfs/pvpta-ca-us/pvpta-ca-us.zip,Re-export with a validity window that reaches at least 60 days out.,https://gtfsscorecard.org/agency/palos-verdes-peninsula-transit-authority-pvpta/,US,US-CA,California
palos-verdes-peninsula-transit-authority-pvpta-35,Palos Verdes Peninsula Transit Authority (PVPTA),,F,42.7,medium,17,2026-07-10,13,within_review_threshold,expiring_soon,,8.0.1,http://data.trilliumtransit.com/gtfs/pvpta-ca-us/pvpta-ca-us.zip,Re-export with a validity window that reaches at least 60 days out.,https://gtfsscorecard.org/agency/palos-verdes-peninsula-transit-authority-pvpta-35/,US,,
paratransit-services,Paratransit Services,Washington,C,75.5,small,70,2026-07-10,144,within_review_threshold,current,2176,8.0.1,https://data.trilliumtransit.com/gtfs/paratransitservices-wa-us/paratransitservices-wa-us--flex-v2.zip,Set wheelchair_boarding to 1 (accessible) or 2 (not accessible) for every stop. A field survey can start with the busiest stops.,https://gtfsscorecard.org/agency/paratransit-services/,US,US-WA,Washington
part-putnam-area-rapid-transit,PART Putnam Area Rapid Transit,New York,D,65.2,medium,55,2026-07-10,174,within_review_threshold,current,928,8.0.1,https://s3.amazonaws.com/datatools-511ny/public/PART_Putnam_Area_Rapid_Transit.zip,Set wheelchair_boarding to 1 (accessible) or 2 (not accessible) for every stop. A field survey can start with the busiest stops.,https://gtfsscorecard.org/agency/part-putnam-area-rapid-transit/,US,US-NY,New York
pasadena-transit,Pasadena Transit,,B,83.1,medium,89,2026-07-10,539,within_review_threshold,current,,8.0.1,http://rt.pasadenatransit.net/rtt/public/utility/gtfs.aspx,Check the vehicle positions endpoint with your AVL vendor; it should return a fresh GTFS-Realtime protobuf on every request.,https://gtfsscorecard.org/agency/pasadena-transit/,US,,
pasco-county-public-transportation,Pasco County Public Transportation,Florida,F,45.3,large,22,2026-07-10,-1105,within_review_threshold,stale,340,8.0.1,https://data.trilliumtransit.com/gtfs/pascocountypublictransit-fl-us/pascocountypublictransit-fl-us.zip,"Re-export the feed with a calendar that reaches further out, and set feed_info feed_end_date past your next service change.",https://gtfsscorecard.org/agency/pasco-county-public-transportation/,US,US-FL,Florida
pasco-county-public-transportation-340,Pasco County Public Transportation,,F,45.3,large,22,2026-07-10,-1105,within_review_threshold,stale,,8.0.1,http://data.trilliumtransit.com/gtfs/pascocountypublictransit-fl-us/pascocountypublictransit-fl-us.zip,"Re-export the feed with a calendar that reaches further out, and set feed_info feed_end_date past your next service change.",https://gtfsscorecard.org/agency/pasco-county-public-transportation-340/,US,,
patco-speedline,PATCO Speedline,New Jersey,A,93.2,small,98,2026-07-10,52,within_review_threshold,current,505,8.0.1,http://www.ridepatco.org/developers/PortAuthorityTransitCorporation.zip,Remove past service periods the next time you export the feed.,https://gtfsscorecard.org/agency/patco-speedline/,US,US-NJ,New Jersey
patco-speedline-3035,PATCO Speedline,New Jersey,A,100.0,small,100,2026-07-10,174,within_review_threshold,current,3035,8.0.1,https://rapid.nationalrtap.org/GTFSFileManagement/UserUploadFiles/13562/PATCO_GTFS.zip,,https://gtfsscorecard.org/agency/patco-speedline-3035/,US,US-NJ,New Jersey
patriots-party-boats,Patriots Party Boats,Massachusetts,B,82.0,small,86,2026-07-10,53,within_review_threshold,current,424,8.0.1,https://data.trilliumtransit.com/gtfs/patriotpartyboats-ma-us/patriotpartyboats-ma-us.zip,Set wheelchair_boarding to 1 (accessible) or 2 (not accessible) for every stop. A field survey can start with the busiest stops.,https://gtfsscorecard.org/agency/patriots-party-boats/,US,US-MA,Massachusetts
patriots-party-boats-424,Patriots Party Boats,,B,82.0,small,86,2026-07-10,53,within_review_threshold,current,,8.0.1,http://data.trilliumtransit.com/gtfs/patriotpartyboats-ma-us/patriotpartyboats-ma-us.zip,Set wheelchair_boarding to 1 (accessible) or 2 (not accessible) for every stop. A field survey can start with the busiest stops.,https://gtfsscorecard.org/agency/patriots-party-boats-424/,US,,
people-for-people-community-connector,People for People (Community Connector),Washington,B,83.6,small,90,2026-07-10,173,within_review_threshold,current,271,8.0.1,https://data.trilliumtransit.com/gtfs/pfp-wa-us/pfp-wa-us.zip,Set wheelchair_boarding to 1 (accessible) or 2 (not accessible) for every stop. A field survey can start with the busiest stops.,https://gtfsscorecard.org/agency/people-for-people-community-connector/,US,US-WA,Washington
people-mover,People Mover,Oregon,C,74.8,medium,67,2026-07-10,144,within_review_threshold,current,112,8.0.1,https://oregon-gtfs.trilliumtransit.com/gtfs_data/peoplemover-or-us/peoplemover-or-us.zip,Set wheelchair_boarding to 1 (accessible) or 2 (not accessible) for every stop. A field survey can start with the busiest stops.,https://gtfsscorecard.org/agency/people-mover/,US,US-OR,Oregon
petaluma-transit,Petaluma Transit,California,F,48.1,medium,30,2026-07-10,-1106,within_review_threshold,stale,72,8.0.1,https://data.trilliumtransit.com/gtfs/petalumatransit-petaluma-ca-us/petalumatransit-petaluma-ca-us.zip,"Re-export the feed with a calendar that reaches further out, and set feed_info feed_end_date past your next service change.",https://gtfsscorecard.org/agency/petaluma-transit/,US,US-CA,California
petaluma-transit-72,Petaluma Transit,,F,48.1,medium,30,2026-07-10,-1106,within_review_threshold,stale,,8.0.1,http://data.trilliumtransit.com/gtfs/petalumatransit-petaluma-ca-us/petalumatransit-petaluma-ca-us.zip,"Re-export the feed with a calendar that reaches further out, and set feed_info feed_end_date past your next service change.",https://gtfsscorecard.org/agency/petaluma-transit-72/,US,,
peter-pan,Peter Pan,Massachusetts,F,43.7,small,18,2026-07-10,-556,within_review_threshold,stale,496,8.0.1,https://data.trilliumtransit.com/gtfs/peterpan-ma-us/peterpan-ma-us.zip,"Re-export the feed with a calendar that reaches further out, and set feed_info feed_end_date past your next service change.",https://gtfsscorecard.org/agency/peter-pan/,US,US-MA,Massachusetts
peter-pan-496,Peter Pan,,F,43.7,small,18,2026-07-10,-556,within_review_threshold,stale,,8.0.1,http://data.trilliumtransit.com/gtfs/peterpan-ma-us/peterpan-ma-us.zip,"Re-export the feed with a calendar that reaches further out, and set feed_info feed_end_date past your next service change.",https://gtfsscorecard.org/agency/peter-pan-496/,US,,
petersburg-area-transit,Petersburg Area Transit,Virginia,C,74.1,medium,66,2026-07-10,206,within_review_threshold,current,591,8.0.1,https://data.trilliumtransit.com/gtfs/petersburg-va-us/petersburg-va-us.zip,Set wheelchair_boarding to 1 (accessible) or 2 (not accessible) for every stop. A field survey can start with the busiest stops.,https://gtfsscorecard.org/agency/petersburg-area-transit/,US,US-VA,Virginia
petersburg-area-transit-2441,Flex,Virginia,F,46.0,medium,24,2026-07-10,22,within_review_threshold,expiring_soon,2441,8.0.1,https://data.trilliumtransit.com/gtfs/petersburg-va-us/petersburg-va-us--flex-v2.zip,Re-export with a validity window that reaches at least 60 days out.,https://gtfsscorecard.org/agency/petersburg-area-transit-2441/,US,US-VA,Virginia
petersburg-area-transit-591,Petersburg Area Transit,,C,74.1,medium,66,2026-07-10,206,within_review_threshold,current,,8.0.1,http://data.trilliumtransit.com/gtfs/petersburg-va-us/petersburg-va-us.zip,Set wheelchair_boarding to 1 (accessible) or 2 (not accessible) for every stop. A field survey can start with the busiest stops.,https://gtfsscorecard.org/agency/petersburg-area-transit-591/,US,,
philomath-connection,Philomath Connection,Oregon,F,46.4,small,25,2026-07-10,-1561,within_review_threshold,stale,878,8.0.1,https://oregon-gtfs.com/gtfs_data/philomathconnection-or-us/philomathconnection-or-us.zip,"Re-export the feed with a calendar that reaches further out, and set feed_info feed_end_date past your next service change.",https://gtfsscorecard.org/agency/philomath-connection/,US,US-OR,Oregon
philomath-connection-2205,Philomath Connection,Oregon,C,75.2,small,68,2026-07-10,539,within_review_threshold,current,2205,8.0.1,http://www.corvallistransit.com/rtt/public/resource/gtfs_PC.zip,Set wheelchair_boarding to 1 (accessible) or 2 (not accessible) for every stop. A field survey can start with the busiest stops.,https://gtfsscorecard.org/agency/philomath-connection-2205/,US,US-OR,Oregon
philomath-connection-878,Philomath Connection,,F,46.4,small,25,2026-07-10,-1561,within_review_threshold,stale,,8.0.1,http://oregon-gtfs.com/gtfs_data/philomathconnection-or-us/philomathconnection-or-us.zip,"Re-export the feed with a calendar that reaches further out, and set feed_info feed_end_date past your next service change.",https://gtfsscorecard.org/agency/philomath-connection-878/,US,,
phlash,Philly PHLASH,Pennsylvania,A,95.0,small,99,2026-07-10,330,within_review_threshold,current,2877,8.0.1,https://github.com/PhlashGTFS/GTFS/releases/latest/download/PHLASH_GTFS.zip,"Set wheelchair_accessible on every trip (most small-agency fleets are 100% accessible, so this is often a single default).",https://gtfsscorecard.org/agency/phlash/,US,US-PA,Pennsylvania
piedmont-authority-for-regional-transportation-part,Piedmont Authority for Regional Transportation (PART),North Carolina,B,84.9,medium,93,2026-07-10,174,within_review_threshold,current,373,8.0.1,https://rapid.nationalrtap.org/GTFSFileManagement/UserUploadFiles/5137/gtfs.zip,Set wheelchair_boarding to 1 (accessible) or 2 (not accessible) for every stop. A field survey can start with the busiest stops.,https://gtfsscorecard.org/agency/piedmont-authority-for-regional-transportation-part/,US,US-NC,North Carolina
piedmont-authority-for-regional-transportation-part-373,Piedmont Authority for Regional Transportation (PART),,B,84.9,medium,93,2026-07-10,174,within_review_threshold,current,,8.0.1,http://rapid.nationalrtap.org/GTFSFileManagement/UserUploadFiles/5137/gtfs.zip,Set wheelchair_boarding to 1 (accessible) or 2 (not accessible) for every stop. A field survey can start with the busiest stops.,https://gtfsscorecard.org/agency/piedmont-authority-for-regional-transportation-part-373/,US,,
pierce-transit,Pierce Transit,Washington,C,79.2,large,78,2026-07-10,50,within_review_threshold,current,265,8.0.1,https://gtfs.sound.obaweb.org/prod/3_gtfs.zip,Review the rule documentation for 'missing_required_agency_id' at https://gtfs-validator.mobilitydata.org/rules.html and check the flagged rows in your feed.,https://gtfsscorecard.org/agency/pierce-transit/,US,US-WA,Washington
pinellas-suncoast-transit-authority-psta,Pinellas Suncoast Transit Authority (PSTA),Florida,F,34.2,large,8,2026-07-10,-34,within_review_threshold,lapsed,326,8.0.1,http://www.psta.net/latest/Google_transit.zip,"Re-export the feed with a calendar that reaches further out, and set feed_info feed_end_date past your next service change.",https://gtfsscorecard.org/agency/pinellas-suncoast-transit-authority-psta/,US,US-FL,Florida
pioneer-valley-transit-authority-pvta,Pioneer Valley Transit Authority (PVTA),Massachusetts,F,30.3,large,5,2026-07-10,-846,within_review_threshold,stale,1234,8.0.1,https://transitfeeds.com/p/massdot/104/latest/download,"Re-export the feed with a calendar that reaches further out, and set feed_info feed_end_date past your next service change.",https://gtfsscorecard.org/agency/pioneer-valley-transit-authority-pvta/,US,US-MA,Massachusetts
pioneer-valley-transit-authority-pvta-2416,Pioneer Valley Transit Authority (PVTA),Massachusetts,F,44.3,large,20,2026-07-10,50,within_review_threshold,current,2416,8.0.1,https://www.pvta.com/g_trans/google_transit.zip,Review the rule documentation for 'equal_shape_distance_diff_coordinates' at https://gtfs-validator.mobilitydata.org/rules.html and check the flagged rows in your feed.,https://gtfsscorecard.org/agency/pioneer-valley-transit-authority-pvta-2416/,US,US-MA,Massachusetts
placer-county-transit,Placer County Transit,California,B,80.5,medium,82,2026-07-10,83,within_review_threshold,current,77,8.0.1,https://data.trilliumtransit.com/gtfs/placercounty-ca-us/placercounty-ca-us.zip,Set wheelchair_boarding to 1 (accessible) or 2 (not accessible) for every stop. A field survey can start with the busiest stops.,https://gtfsscorecard.org/agency/placer-county-transit/,US,US-CA,California
placer-county-transit-77,Placer County Transit,,B,80.5,medium,82,2026-07-10,83,within_review_threshold,current,,8.0.1,http://data.trilliumtransit.com/gtfs/placercounty-ca-us/placercounty-ca-us.zip,Set wheelchair_boarding to 1 (accessible) or 2 (not accessible) for every stop. A field survey can start with the busiest stops.,https://gtfsscorecard.org/agency/placer-county-transit-77/,US,,
playa-vista-shuttle,Playa Vista Shuttle,California,F,46.4,small,25,2026-07-10,-1658,within_review_threshold,stale,799,8.0.1,https://data.trilliumtransit.com/gtfs/playavistashuttle-ca-us/playavistashuttle-ca-us.zip,"Re-export the feed with a calendar that reaches further out, and set feed_info feed_end_date past your next service change.",https://gtfsscorecard.org/agency/playa-vista-shuttle/,US,US-CA,California
playa-vista-shuttle-799,Playa Vista Shuttle,,F,46.4,small,25,2026-07-10,-1658,within_review_threshold,stale,,8.0.1,http://data.trilliumtransit.com/gtfs/playavistashuttle-ca-us/playavistashuttle-ca-us.zip,"Re-export the feed with a calendar that reaches further out, and set feed_info feed_end_date past your next service change.",https://gtfsscorecard.org/agency/playa-vista-shuttle-799/,US,,
plumas-transit,Plumas Transit,California,C,79.1,small,78,2026-07-10,53,within_review_threshold,current,119,8.0.1,https://data.trilliumtransit.com/gtfs/plumas-ca-us/plumas-ca-us.zip,Set wheelchair_boarding to 1 (accessible) or 2 (not accessible) for every stop. A field survey can start with the busiest stops.,https://gtfsscorecard.org/agency/plumas-transit/,US,US-CA,California
plumas-transit-119,Plumas Transit,,C,79.1,small,78,2026-07-10,53,within_review_threshold,current,,8.0.1,http://data.trilliumtransit.com/gtfs/plumas-ca-us/plumas-ca-us.zip,Set wheelchair_boarding to 1 (accessible) or 2 (not accessible) for every stop. A field survey can start with the busiest stops.,https://gtfsscorecard.org/agency/plumas-transit-119/,US,,
plymouth-brockton-street-railway-co,Plymouth & Brockton Street Railway Co,Massachusetts,B,88.3,small,96,2026-07-10,83,within_review_threshold,current,556,8.0.1,https://data.trilliumtransit.com/gtfs/plymouthbrockton-ma-us/plymouthbrockton-ma-us.zip,"Set wheelchair_accessible on every trip (most small-agency fleets are 100% accessible, so this is often a single default).",https://gtfsscorecard.org/agency/plymouth-brockton-street-railway-co/,US,US-MA,Massachusetts
plymouth-brockton-street-railway-co-556,Plymouth & Brockton Street Railway Co,,B,88.3,small,96,2026-07-10,83,within_review_threshold,current,,8.0.1,http://data.trilliumtransit.com/gtfs/plymouthbrockton-ma-us/plymouthbrockton-ma-us.zip,"Set wheelchair_accessible on every trip (most small-agency fleets are 100% accessible, so this is often a single default).",https://gtfsscorecard.org/agency/plymouth-brockton-street-railway-co-556/,US,,
pocatello-regional-transit,Pocatello Regional Transit,Idaho,A,94.8,medium,98,2026-07-10,174,within_review_threshold,current,171,8.0.1,https://pocatellotransit.com/gtfs/pocatello-regional-transit-gtfs.zip?v=current,"Set wheelchair_accessible on every trip (most small-agency fleets are 100% accessible, so this is often a single default).",https://gtfsscorecard.org/agency/pocatello-regional-transit/,US,US-ID,Idaho
pony-express,Pony Express,Virginia,B,81.9,small,86,2026-07-10,206,within_review_threshold,current,828,8.0.1,https://data.trilliumtransit.com/gtfs/ponyexpress-va-us/ponyexpress-va-us.zip,Set wheelchair_boarding to 1 (accessible) or 2 (not accessible) for every stop. A field survey can start with the busiest stops.,https://gtfsscorecard.org/agency/pony-express/,US,US-VA,Virginia
pony-express-828,Pony Express,,B,81.9,small,86,2026-07-10,206,within_review_threshold,current,,8.0.1,http://data.trilliumtransit.com/gtfs/ponyexpress-va-us/ponyexpress-va-us.zip,Set wheelchair_boarding to 1 (accessible) or 2 (not accessible) for every stop. A field survey can start with the busiest stops.,https://gtfsscorecard.org/agency/pony-express-828/,US,,
port-authority-of-allegheny-county,Port Authority of Allegheny County,Pennsylvania,C,75.4,large,69,2026-07-10,96,within_review_threshold,current,409,8.0.1,https://www.portauthority.org/developerresources/GTFS.zip,Set wheelchair_boarding to 1 (accessible) or 2 (not accessible) for every stop. A field survey can start with the busiest stops.,https://gtfsscorecard.org/agency/port-authority-of-allegheny-county/,US,US-PA,Pennsylvania
port-authority-trans-hudson-path,Port Authority Trans-Hudson (PATH),New Jersey,F,52.9,small,40,2026-07-10,-39,within_review_threshold,lapsed,517,8.0.1,https://data.trilliumtransit.com/gtfs/path-nj-us/path-nj-us.zip,"Re-export the feed with a calendar that reaches further out, and set feed_info feed_end_date past your next service change.",https://gtfsscorecard.org/agency/port-authority-trans-hudson-path/,US,US-NJ,New Jersey
port-authority-trans-hudson-path-517,Port Authority Trans-Hudson (PATH),,F,52.9,small,40,2026-07-10,-39,within_review_threshold,lapsed,,8.0.1,http://data.trilliumtransit.com/gtfs/path-nj-us/path-nj-us.zip,"Re-export the feed with a calendar that reaches further out, and set feed_info feed_end_date past your next service change.",https://gtfsscorecard.org/agency/port-authority-trans-hudson-path-517/,US,,
portage-area-regional-transportation-authority-parta,Portage Area Regional Transportation Authority (PARTA),Ohio,F,36.8,medium,10,2026-07-10,-2372,within_review_threshold,stale,908,8.0.1,https://592f5f98-5029-425f-ac4d-0774faecf068.filesusr.com/archives/f64377_81ed397719364abbb0aa6a97a1dbf1c9.zip?dn=12_17google_transit.zip,"Re-export the feed with a calendar that reaches further out, and set feed_info feed_end_date past your next service change.",https://gtfsscorecard.org/agency/portage-area-regional-transportation-authority-parta/,US,US-OH,Ohio
portage-area-regional-transportation-authority-parta-2256,Portage Area Regional Transportation Authority (PARTA),Ohio,F,57.6,large,48,2026-07-10,30,within_review_threshold,expiring_soon,2256,8.0.1,https://passio3.com/parta/passioTransit/gtfs/google_transit.zip,Set wheelchair_boarding to 1 (accessible) or 2 (not accessible) for every stop. A field survey can start with the busiest stops.,https://gtfsscorecard.org/agency/portage-area-regional-transportation-authority-parta-2256/,US,US-OH,Ohio
porterville-transit,Porterville Transit,California,F,36.5,large,9,2026-07-10,-1013,within_review_threshold,stale,48,8.0.1,https://data.trilliumtransit.com/gtfs/porterville-ca-us/porterville-ca-us.zip,"Re-export the feed with a calendar that reaches further out, and set feed_info feed_end_date past your next service change.",https://gtfsscorecard.org/agency/porterville-transit/,US,US-CA,California
porterville-transit-48,Porterville Transit,,F,36.5,large,9,2026-07-10,-1013,within_review_threshold,stale,,8.0.1,http://data.trilliumtransit.com/gtfs/porterville-ca-us/porterville-ca-us.zip,"Re-export the feed with a calendar that reaches further out, and set feed_info feed_end_date past your next service change.",https://gtfsscorecard.org/agency/porterville-transit-48/,US,,
potomac-and-rappahannock-transportation-commission-prtc,Potomac and Rappahannock Transportation Commission (PRTC),Virginia,F,19.0,medium,1,2026-07-10,-579,within_review_threshold,stale,481,8.0.1,http://www.prtctransit.org/feeds/google_transit.zip,"Re-export the feed with a calendar that reaches further out, and set feed_info feed_end_date past your next service change.",https://gtfsscorecard.org/agency/potomac-and-rappahannock-transportation-commission-prtc/,US,US-VA,Virginia
potomac-and-rappahannock-transportation-commission-prtc-omniride,Potomac and Rappahannock Transportation Commission (PRTC) Omniride,Virginia,F,38.0,medium,11,2026-07-10,15,within_review_threshold,expiring_soon,1156,8.0.1,http://omniride.com/omniride/assets/File/google_transit.zip,Re-export with a validity window that reaches at least 60 days out.,https://gtfsscorecard.org/agency/potomac-and-rappahannock-transportation-commission-prtc-omniride/,US,US-VA,Virginia
prairie-express-transit,Prairie Express Transit,Colorado,C,75.5,small,70,2026-07-10,144,within_review_threshold,current,801,8.0.1,https://data.trilliumtransit.com/gtfs/prairieexpress-co-us/prairieexpress-co-us.zip,Set wheelchair_boarding to 1 (accessible) or 2 (not accessible) for every stop. A field survey can start with the busiest stops.,https://gtfsscorecard.org/agency/prairie-express-transit/,US,US-CO,Colorado
prairie-express-transit-801,Prairie Express Transit,,C,75.5,small,70,2026-07-10,144,within_review_threshold,current,,8.0.1,http://data.trilliumtransit.com/gtfs/prairieexpress-co-us/prairieexpress-co-us.zip,Set wheelchair_boarding to 1 (accessible) or 2 (not accessible) for every stop. A field survey can start with the busiest stops.,https://gtfsscorecard.org/agency/prairie-express-transit-801/,US,,
prince-george-s-county-the-bus,Prince George's County (The Bus),Maryland,C,72.9,large,64,2026-07-10,53,within_review_threshold,current,477,8.0.1,https://data.trilliumtransit.com/gtfs/princegeorgescounty-md-us/princegeorgescounty-md-us.zip,Set wheelchair_boarding to 1 (accessible) or 2 (not accessible) for every stop. A field survey can start with the busiest stops.,https://gtfsscorecard.org/agency/prince-george-s-county-the-bus/,US,US-MD,Maryland
prowers-area-transit,Flex v2 included,Colorado,C,75.5,small,70,2026-07-10,114,within_review_threshold,current,2049,8.0.1,https://data.trilliumtransit.com/gtfs/prowerscounty-co-us/prowerscounty-co-us--flex-v2.zip,Set wheelchair_boarding to 1 (accessible) or 2 (not accessible) for every stop. A field survey can start with the busiest stops.,https://gtfsscorecard.org/agency/prowers-area-transit/,US,US-CO,Colorado
pueblo-transit,Flex,Colorado,D,62.3,medium,52,2026-07-10,21,within_review_threshold,expiring_soon,1232,8.0.1,https://data.trilliumtransit.com/gtfs/pueblo-co-us/pueblo-co-us--flex-v2.zip,Re-export with a validity window that reaches at least 60 days out.,https://gtfsscorecard.org/agency/pueblo-transit/,US,US-CO,Colorado
pueblo-transit-2232,Pueblo Transit,Colorado,B,80.3,medium,81,2026-07-10,234,within_review_threshold,current,2232,8.0.1,https://data.trilliumtransit.com/gtfs/pueblo-co-us/pueblo-co-us.zip,Set wheelchair_boarding to 1 (accessible) or 2 (not accessible) for every stop. A field survey can start with the busiest stops.,https://gtfsscorecard.org/agency/pueblo-transit-2232/,US,US-CO,Colorado
puget-sound-educational-service-district,Puget Sound Educational Service District,Washington,C,75.5,small,70,2026-07-10,295,within_review_threshold,current,2177,8.0.1,https://data.trilliumtransit.com/gtfs/psesd-wa-us/psesd-wa-us--flex-v2.zip,Set wheelchair_boarding to 1 (accessible) or 2 (not accessible) for every stop. A field survey can start with the busiest stops.,https://gtfsscorecard.org/agency/puget-sound-educational-service-district/,US,US-WA,Washington
puget-sound-express,Puget Sound Express,Washington,F,53.7,small,42,2026-07-10,-2477,within_review_threshold,stale,281,8.0.1,https://mjcaction.com/MJC_GTFS_Public/pse_google_transit.zip,"Re-export the feed with a calendar that reaches further out, and set feed_info feed_end_date past your next service change.",https://gtfsscorecard.org/agency/puget-sound-express/,US,US-WA,Washington
puget-sound-express-281,Puget Sound Express,,F,53.7,small,42,2026-07-10,-2477,within_review_threshold,stale,,8.0.1,http://mjcaction.com/MJC_GTFS_Public/pse_google_transit.zip,"Re-export the feed with a calendar that reaches further out, and set feed_info feed_end_date past your next service change.",https://gtfsscorecard.org/agency/puget-sound-express-281/,US,,
pulaski-area-transit-pat,Pulaski Area Transit (PAT),Virginia,F,42.6,small,17,2026-07-10,-1471,within_review_threshold,stale,379,8.0.1,https://ridesolutions.org/gtfs/pulaski-va-us.zip,"Re-export the feed with a calendar that reaches further out, and set feed_info feed_end_date past your next service change.",https://gtfsscorecard.org/agency/pulaski-area-transit-pat/,US,US-VA,Virginia
pulaski-area-transit-pat-2198,Pulaski Area Transit (PAT),Virginia,C,73.6,small,65,2026-07-10,53,within_review_threshold,current,2198,8.0.1,https://data.trilliumtransit.com/gtfs/pulaski-va-us/pulaski-va-us.zip,Set wheelchair_boarding to 1 (accessible) or 2 (not accessible) for every stop. A field survey can start with the busiest stops.,https://gtfsscorecard.org/agency/pulaski-area-transit-pat-2198/,US,US-VA,Virginia
pulaski-area-transit-pat-2442,Flex,Virginia,C,76.5,small,72,2026-07-10,53,within_review_threshold,current,2442,8.0.1,https://data.trilliumtransit.com/gtfs/pulaski-va-us/pulaski-va-us--flex-v2.zip,Set wheelchair_boarding to 1 (accessible) or 2 (not accessible) for every stop. A field survey can start with the busiest stops.,https://gtfsscorecard.org/agency/pulaski-area-transit-pat-2442/,US,US-VA,Virginia
qline-detroit,Qline Detroit,Michigan,F,50.4,small,35,2026-07-10,-191,within_review_threshold,lapsed,802,8.0.1,https://data.trilliumtransit.com/gtfs/qline-mi-us/qline-mi-us.zip,"Re-export the feed with a calendar that reaches further out, and set feed_info feed_end_date past your next service change.",https://gtfsscorecard.org/agency/qline-detroit/,US,US-MI,Michigan
qline-detroit-802,Qline Detroit,,F,50.4,small,35,2026-07-10,-191,within_review_threshold,lapsed,,8.0.1,http://data.trilliumtransit.com/gtfs/qline-mi-us/qline-mi-us.zip,"Re-export the feed with a calendar that reaches further out, and set feed_info feed_end_date past your next service change.",https://gtfsscorecard.org/agency/qline-detroit-802/,US,,
quail-trail-public-transit,Quail Trail Public Transit,Oregon,C,78.1,small,75,2026-07-10,53,within_review_threshold,current,1327,8.0.1,https://oregon-gtfs.trilliumtransit.com/gtfs_data/quailtrail-or-us/quailtrail-or-us.zip,Set wheelchair_boarding to 1 (accessible) or 2 (not accessible) for every stop. A field survey can start with the busiest stops.,https://gtfsscorecard.org/agency/quail-trail-public-transit/,US,US-OR,Oregon
queen-anne-s-county-ride,Queen Anne's County Ride,Maryland,F,59.2,small,49,2026-07-10,-2017,within_review_threshold,stale,492,8.0.1,https://github.com/mobilityequity/maryland-local-gtfs/raw/master/QA_GTFS.zip,"Re-export the feed with a calendar that reaches further out, and set feed_info feed_end_date past your next service change.",https://gtfsscorecard.org/agency/queen-anne-s-county-ride/,US,US-MD,Maryland
rabbit-transit,Rabbit Transit,Pennsylvania,F,34.5,medium,8,2026-07-10,-1287,within_review_threshold,stale,499,8.0.1,http://www.rabbittransit.org/infopoint/gtfs/google_transit.zip,"Re-export the feed with a calendar that reaches further out, and set feed_info feed_end_date past your next service change.",https://gtfsscorecard.org/agency/rabbit-transit/,US,US-PA,Pennsylvania
radar,RADAR,Virginia,B,86.5,medium,95,2026-07-10,206,within_review_threshold,current,832,8.0.1,https://data.trilliumtransit.com/gtfs/radar-va-us/radar-va-us.zip,Set wheelchair_boarding to 1 (accessible) or 2 (not accessible) for every stop. A field survey can start with the busiest stops.,https://gtfsscorecard.org/agency/radar/,US,US-VA,Virginia
radar-2443,Flex,Virginia,F,57.5,medium,48,2026-07-10,22,within_review_threshold,expiring_soon,2443,8.0.1,https://data.trilliumtransit.com/gtfs/radar-va-us/radar-va-us--flex-v2.zip,Re-export with a validity window that reaches at least 60 days out.,https://gtfsscorecard.org/agency/radar-2443/,US,US-VA,Virginia
radar-832,RADAR,,B,86.5,medium,95,2026-07-10,206,within_review_threshold,current,,8.0.1,http://data.trilliumtransit.com/gtfs/radar-va-us/radar-va-us.zip,Set wheelchair_boarding to 1 (accessible) or 2 (not accessible) for every stop. A field survey can start with the busiest stops.,https://gtfsscorecard.org/agency/radar-832/,US,,
radford-transit,Radford Transit,Virginia,F,54.8,medium,43,2026-07-10,30,within_review_threshold,expiring_soon,380,8.0.1,https://passio3.com/radford/passioTransit/gtfs/google_transit.zip,Set wheelchair_boarding to 1 (accessible) or 2 (not accessible) for every stop. A field survey can start with the busiest stops.,https://gtfsscorecard.org/agency/radford-transit/,US,US-VA,Virginia
radford-transit-2415,Radford Transit,Virginia,C,75.5,medium,70,2026-07-10,206,within_review_threshold,current,2415,8.0.1,https://data.trilliumtransit.com/gtfs/radford-va-us/radford-va-us.zip,Set wheelchair_boarding to 1 (accessible) or 2 (not accessible) for every stop. A field survey can start with the busiest stops.,https://gtfsscorecard.org/agency/radford-transit-2415/,US,US-VA,Virginia
red-apple-transit,Red Apple Transit,New Mexico,F,56.7,medium,46,2026-07-10,-41,within_review_threshold,lapsed,160,8.0.1,https://data.trilliumtransit.com/gtfs/redappletransit-nm-us/redappletransit-nm-us.zip,"Re-export the feed with a calendar that reaches further out, and set feed_info feed_end_date past your next service change.",https://gtfsscorecard.org/agency/red-apple-transit/,US,US-NM,New Mexico
red-apple-transit-160,Red Apple Transit,,F,56.7,medium,46,2026-07-10,-41,within_review_threshold,lapsed,,8.0.1,http://data.trilliumtransit.com/gtfs/redappletransit-nm-us/redappletransit-nm-us.zip,"Re-export the feed with a calendar that reaches further out, and set feed_info feed_end_date past your next service change.",https://gtfsscorecard.org/agency/red-apple-transit-160/,US,,
red-rose-transit-authority-rrta,Red Rose Transit Authority (RRTA),Pennsylvania,F,48.0,large,29,2026-07-10,-1652,within_review_threshold,stale,807,8.0.1,https://github.com/transitland/gtfs-archives-not-hosted-elsewhere/raw/master/rrta.zip,"Re-export the feed with a calendar that reaches further out, and set feed_info feed_end_date past your next service change.",https://gtfsscorecard.org/agency/red-rose-transit-authority-rrta/,US,US-PA,Pennsylvania
red-rose-transit-authority-rrta-2000,Red Rose Transit Authority (RRTA),Pennsylvania,C,71.3,large,62,2026-07-10,539,within_review_threshold,current,2000,8.0.1,https://busfinder.redrosetransit.com/Infopoint/gtfs-zip.ashx,Set wheelchair_boarding to 1 (accessible) or 2 (not accessible) for every stop. A field survey can start with the busiest stops.,https://gtfsscorecard.org/agency/red-rose-transit-authority-rrta-2000/,US,US-PA,Pennsylvania
redding-area-bus-authority,Redding Area Bus Authority,,F,56.9,medium,47,2026-07-10,-46,within_review_threshold,lapsed,,8.0.1,https://rabagtfs.z5.web.core.windows.net/rabagtfs.zip,"Re-export the feed with a calendar that reaches further out, and set feed_info feed_end_date past your next service change.",https://gtfsscorecard.org/agency/redding-area-bus-authority/,US,,
redding-area-bus-authority-2853,Flex,California,F,37.8,medium,11,2026-07-10,-191,within_review_threshold,lapsed,2853,8.0.1,https://rabagtfs.z5.web.core.windows.net/rabagtfs_flex.zip,"Re-export the feed with a calendar that reaches further out, and set feed_info feed_end_date past your next service change.",https://gtfsscorecard.org/agency/redding-area-bus-authority-2853/,US,US-CA,California
redding-area-bus-authority-3031,Redding Area Bus Authority,California,A,91.9,medium,97,2026-07-10,174,within_review_threshold,current,3031,8.0.1,https://gtfs.remix.com/redding_area_bus_authority.zip,Review the rule documentation for 'trip_distance_exceeds_shape_distance_below_threshold' at https://gtfs-validator.mobilitydata.org/rules.html and check the flagged rows in your feed.,https://gtfsscorecard.org/agency/redding-area-bus-authority-3031/,US,US-CA,California
redding-area-bus-authority-raba,Redding Area Bus Authority (RABA),California,F,26.4,medium,4,2026-07-10,-1013,within_review_threshold,stale,114,8.0.1,https://data.trilliumtransit.com/gtfs/redding-ca-us/redding-ca-us.zip,"Re-export the feed with a calendar that reaches further out, and set feed_info feed_end_date past your next service change.",https://gtfsscorecard.org/agency/redding-area-bus-authority-raba/,US,US-CA,California
redding-area-bus-authority-raba-114,Redding Area Bus Authority (RABA),,F,26.4,medium,4,2026-07-10,-1013,within_review_threshold,stale,,8.0.1,http://data.trilliumtransit.com/gtfs/redding-ca-us/redding-ca-us.zip,"Re-export the feed with a calendar that reaches further out, and set feed_info feed_end_date past your next service change.",https://gtfsscorecard.org/agency/redding-area-bus-authority-raba-114/,US,,
redding-area-bus-authority-raba-1972,Redding Area Bus Authority (RABA),California,F,37.3,medium,10,2026-07-10,-191,within_review_threshold,lapsed,1972,8.0.1,https://hosted-gtfs-feeds.s3.amazonaws.com/RABA/gtfs.zip,"Re-export the feed with a calendar that reaches further out, and set feed_info feed_end_date past your next service change.",https://gtfsscorecard.org/agency/redding-area-bus-authority-raba-1972/,US,US-CA,California
redwood-coast-transit-rct,Redwood Coast Transit (RCT),California,F,55.5,medium,44,2026-07-10,-48,within_review_threshold,lapsed,20,8.0.1,https://data.trilliumtransit.com/gtfs/delnorte-ca-us/delnorte-ca-us.zip,"Re-export the feed with a calendar that reaches further out, and set feed_info feed_end_date past your next service change.",https://gtfsscorecard.org/agency/redwood-coast-transit-rct/,US,US-CA,California
redwood-coast-transit-rct-20,Redwood Coast Transit (RCT),,F,55.5,medium,44,2026-07-10,-48,within_review_threshold,lapsed,,8.0.1,http://data.trilliumtransit.com/gtfs/delnorte-ca-us/delnorte-ca-us.zip,"Re-export the feed with a calendar that reaches further out, and set feed_info feed_end_date past your next service change.",https://gtfsscorecard.org/agency/redwood-coast-transit-rct-20/,US,,
regional-transit-service,Regional Transit Service,New York,F,37.6,small,11,2026-07-10,-1926,within_review_threshold,stale,809,8.0.1,https://s3.amazonaws.com/datatools-511ny/public/RTS-Wyoming.zip,"Re-export the feed with a calendar that reaches further out, and set feed_info feed_end_date past your next service change.",https://gtfsscorecard.org/agency/regional-transit-service/,US,US-NY,New York
regional-transit-service-seneca-rts-seneca,Regional Transit Service Seneca (RTS Seneca),New York,F,38.8,small,12,2026-07-10,-5853,within_review_threshold,stale,808,8.0.1,https://s3.amazonaws.com/datatools-511ny/public/RTS-Seneca.zip,"Re-export the feed with a calendar that reaches further out, and set feed_info feed_end_date past your next service change.",https://gtfsscorecard.org/agency/regional-transit-service-seneca-rts-seneca/,US,US-NY,New York
regional-transportation-agency-of-central-maryland-rta,Regional Transportation Agency of Central Maryland (RTA),Maryland,B,81.4,medium,84,2026-07-10,233,within_review_threshold,current,489,8.0.1,https://data.trilliumtransit.com/gtfs/centralmarylandrta-md-us/centralmarylandrta-md-us.zip,Set wheelchair_boarding to 1 (accessible) or 2 (not accessible) for every stop. A field survey can start with the busiest stops.,https://gtfsscorecard.org/agency/regional-transportation-agency-of-central-maryland-rta/,US,US-MD,Maryland
regional-transportation-agency-of-central-maryland-rta-489,Regional Transportation Agency of Central Maryland (RTA),,B,81.4,medium,84,2026-07-10,233,within_review_threshold,current,,8.0.1,http://data.trilliumtransit.com/gtfs/centralmarylandrta-md-us/centralmarylandrta-md-us.zip,Set wheelchair_boarding to 1 (accessible) or 2 (not accessible) for every stop. A field survey can start with the busiest stops.,https://gtfsscorecard.org/agency/regional-transportation-agency-of-central-maryland-rta-489/,US,,
regional-transportation-commission-of-southern-nevada-rtc,Regional Transportation Commission of Southern Nevada (RTC),California,F,33.1,large,7,2026-07-10,-846,within_review_threshold,stale,110,8.0.1,http://rtcws.rtcsnv.com/g/google_transit.zip,"Re-export the feed with a calendar that reaches further out, and set feed_info feed_end_date past your next service change.",https://gtfsscorecard.org/agency/regional-transportation-commission-of-southern-nevada-rtc/,US,US-CA,California
regional-transportation-commission-of-southern-nevada-rtc-2351,Regional Transportation Commission of Southern Nevada (RTC),Nevada,F,51.2,large,37,2026-07-10,43,within_review_threshold,current,2351,8.0.1,https://developer.rtcsnv.com/transitData/google_transit.zip,Review the rule documentation for 'equal_shape_distance_diff_coordinates' at https://gtfs-validator.mobilitydata.org/rules.html and check the flagged rows in your feed.,https://gtfsscorecard.org/agency/regional-transportation-commission-of-southern-nevada-rtc-2351/,US,US-NV,Nevada
regional-transportation-commission-rtc,Regional Transportation Commission (RTC),Nevada,B,81.6,medium,85,2026-07-10,56,within_review_threshold,current,120,8.0.1,https://data.trilliumtransit.com/gtfs/rtc-nv-us/rtc-nv-us.zip,Set wheelchair_boarding to 1 (accessible) or 2 (not accessible) for every stop. A field survey can start with the busiest stops.,https://gtfsscorecard.org/agency/regional-transportation-commission-rtc/,US,US-NV,Nevada
regional-transportation-commission-rtc-120,Regional Transportation Commission (RTC),,B,81.6,medium,85,2026-07-10,56,within_review_threshold,current,,8.0.1,http://data.trilliumtransit.com/gtfs/rtc-nv-us/rtc-nv-us.zip,Set wheelchair_boarding to 1 (accessible) or 2 (not accessible) for every stop. A field survey can start with the busiest stops.,https://gtfsscorecard.org/agency/regional-transportation-commission-rtc-120/,US,,
regional-transportation-district,Flex v2 included,Colorado,F,44.4,large,20,2026-07-10,78,within_review_threshold,current,2054,8.0.1,https://www.rtd-denver.com/files/gtfs/google_transit_flex.zip,Review the rule documentation for 'stop_time_with_only_arrival_or_departure_time' at https://gtfs-validator.mobilitydata.org/rules.html and check the flagged rows in your feed.,https://gtfsscorecard.org/agency/regional-transportation-district/,US,US-CO,Colorado
regional-transportation-district-rtd,Bustang,Colorado,F,45.7,medium,23,2026-07-10,-1651,within_review_threshold,stale,169,8.0.1,https://data.trilliumtransit.com/gtfs/bustang-co-us/bustang-co-us.zip,"Re-export the feed with a calendar that reaches further out, and set feed_info feed_end_date past your next service change.",https://gtfsscorecard.org/agency/regional-transportation-district-rtd/,US,US-CO,Colorado
regional-transportation-district-rtd-169,Bustang,,F,45.7,medium,23,2026-07-10,-1651,within_review_threshold,stale,,8.0.1,http://data.trilliumtransit.com/gtfs/bustang-co-us/bustang-co-us.zip,"Re-export the feed with a calendar that reaches further out, and set feed_info feed_end_date past your next service change.",https://gtfsscorecard.org/agency/regional-transportation-district-rtd-169/,US,,
regional-transportation-district-rtd-178,Regional Transportation District (RTD),Colorado,C,76.1,large,71,2026-07-10,78,within_review_threshold,current,178,8.0.1,https://www.rtd-denver.com/files/gtfs/google_transit.zip,"Set wheelchair_accessible on every trip (most small-agency fleets are 100% accessible, so this is often a single default).",https://gtfsscorecard.org/agency/regional-transportation-district-rtd-178/,US,US-CO,Colorado
regional-transportation-district-rtd-2280,Bustang,Colorado,C,73.4,small,64,2026-07-10,78,within_review_threshold,current,2280,8.0.1,https://www.rtd-denver.com/files/gtfs/bustang-co-us.zip,Review the rule documentation for 'foreign_key_violation' at https://gtfs-validator.mobilitydata.org/rules.html and check the flagged rows in your feed.,https://gtfsscorecard.org/agency/regional-transportation-district-rtd-2280/,US,US-CO,Colorado
relaxsan,reLAXsan,,F,54.4,small,43,2026-07-10,-88,within_review_threshold,lapsed,,8.0.1,https://relaxsan.s3.amazonaws.com/gtfs.zip,"Re-export the feed with a calendar that reaches further out, and set feed_info feed_end_date past your next service change.",https://gtfsscorecard.org/agency/relaxsan/,US,,
rensselaer-county-yankee-trails,Rensselaer County (Yankee Trails),New York,C,74.1,small,66,2026-07-10,174,within_review_threshold,current,804,8.0.1,https://s3.amazonaws.com/datatools-511ny/public/Rensselaer_County_Yankee_Trails.zip,Set wheelchair_boarding to 1 (accessible) or 2 (not accessible) for every stop. A field survey can start with the busiest stops.,https://gtfsscorecard.org/agency/rensselaer-county-yankee-trails/,US,US-NY,New York
rhode-island-public-transit-authority,Rhode Island Public Transit Authority,Rhode Island,F,50.0,large,34,2026-07-10,-21,within_review_threshold,lapsed,624,8.0.1,https://ripta.com/RIPTA-GTFS.zip,"Re-export the feed with a calendar that reaches further out, and set feed_info feed_end_date past your next service change.",https://gtfsscorecard.org/agency/rhode-island-public-transit-authority/,US,US-RI,Rhode Island
rhody-express,Rhody Express,Oregon,C,79.9,small,79,2026-07-10,53,within_review_threshold,current,24,8.0.1,https://oregon-gtfs.trilliumtransit.com/gtfs_data/rhodyexpress-or-us/rhodyexpress-or-us.zip,Set wheelchair_boarding to 1 (accessible) or 2 (not accessible) for every stop. A field survey can start with the busiest stops.,https://gtfsscorecard.org/agency/rhody-express/,US,US-OR,Oregon
ride-connection,Ride Connection,Oregon,B,83.4,medium,90,2026-07-10,206,within_review_threshold,current,253,8.0.1,https://oregon-gtfs.trilliumtransit.com/gtfs_data/rideconnection-or-us/rideconnection-or-us.zip,Set wheelchair_boarding to 1 (accessible) or 2 (not accessible) for every stop. A field survey can start with the busiest stops.,https://gtfsscorecard.org/agency/ride-connection/,US,US-OR,Oregon
ride-sitka,RIDE Sitka,Alaska,F,52.9,small,40,2026-07-10,-1652,within_review_threshold,stale,1293,8.0.1,https://transitfeeds.com/p/ride-sitka/713/latest/download,"Re-export the feed with a calendar that reaches further out, and set feed_info feed_end_date past your next service change.",https://gtfsscorecard.org/agency/ride-sitka/,US,US-AK,Alaska
ridgecrest-transit,Ridgecrest Transit,,F,52.3,small,39,2026-07-10,-343,within_review_threshold,lapsed,,8.0.1,https://www.ridgecrest-ca.gov/DocumentCenter/View/7499/Ridgecrest_gtfszip,"Re-export the feed with a calendar that reaches further out, and set feed_info feed_end_date past your next service change.",https://gtfsscorecard.org/agency/ridgecrest-transit/,US,,
ridgerunner,Ridgerunner,California,F,19.5,small,1,2026-07-10,-1652,within_review_threshold,stale,311,8.0.1,https://data.trilliumtransit.com/gtfs/cityofridgecrest-ca-us/cityofridgecrest-ca-us.zip,"Re-export the feed with a calendar that reaches further out, and set feed_info feed_end_date past your next service change.",https://gtfsscorecard.org/agency/ridgerunner/,US,US-CA,California
ridgerunner-311,Ridgerunner,,F,19.5,small,1,2026-07-10,-1652,within_review_threshold,stale,,8.0.1,http://data.trilliumtransit.com/gtfs/cityofridgecrest-ca-us/cityofridgecrest-ca-us.zip,"Re-export the feed with a calendar that reaches further out, and set feed_info feed_end_date past your next service change.",https://gtfsscorecard.org/agency/ridgerunner-311/,US,,
rio-metro-regional-transit-district,Rio Metro Regional Transit District,New Mexico,D,63.0,medium,53,2026-07-10,-801,within_review_threshold,stale,165,8.0.1,https://www.riometro.org/DocumentCenter/View/2195/nmrailrunner_google_transit,"Re-export the feed with a calendar that reaches further out, and set feed_info feed_end_date past your next service change.",https://gtfsscorecard.org/agency/rio-metro-regional-transit-district/,US,US-NM,New Mexico
rio-vista-delta-breeze,Rio Vista Delta Breeze,California,F,52.0,small,39,2026-07-10,-525,within_review_threshold,stale,81,8.0.1,https://data.trilliumtransit.com/gtfs/riovista-ca-us/riovista-ca-us.zip,"Re-export the feed with a calendar that reaches further out, and set feed_info feed_end_date past your next service change.",https://gtfsscorecard.org/agency/rio-vista-delta-breeze/,US,US-CA,California
rio-vista-delta-breeze-81,Rio Vista Delta Breeze,,F,52.0,small,39,2026-07-10,-525,within_review_threshold,stale,,8.0.1,http://data.trilliumtransit.com/gtfs/riovista-ca-us/riovista-ca-us.zip,"Re-export the feed with a calendar that reaches further out, and set feed_info feed_end_date past your next service change.",https://gtfsscorecard.org/agency/rio-vista-delta-breeze-81/,US,,
rivercities-transit-rct,RiverCities Transit (RCT),Washington,B,80.3,medium,81,2026-07-10,143,within_review_threshold,current,259,8.0.1,https://data.trilliumtransit.com/gtfs/rivercitiestransit-wa-us/rivercitiestransit-wa-us.zip,Set wheelchair_boarding to 1 (accessible) or 2 (not accessible) for every stop. A field survey can start with the busiest stops.,https://gtfsscorecard.org/agency/rivercities-transit-rct/,US,US-WA,Washington
rivercities-transit-rct-259,RiverCities Transit (RCT),,B,80.3,medium,81,2026-07-10,143,within_review_threshold,current,,8.0.1,http://data.trilliumtransit.com/gtfs/rivercitiestransit-wa-us/rivercitiestransit-wa-us.zip,Set wheelchair_boarding to 1 (accessible) or 2 (not accessible) for every stop. A field survey can start with the busiest stops.,https://gtfsscorecard.org/agency/rivercities-transit-rct-259/,US,,
riverside-transit-agency,Riverside Transit Agency,California,C,73.6,large,65,2026-07-10,64,within_review_threshold,current,98,8.0.1,http://www.riversidetransit.com/google_transit.zip,Set wheelchair_boarding to 1 (accessible) or 2 (not accessible) for every stop. A field survey can start with the busiest stops.,https://gtfsscorecard.org/agency/riverside-transit-agency/,US,US-CA,California
roadrunner,RoadRunner,Arizona,F,52.5,medium,40,2026-07-10,-3477,within_review_threshold,stale,644,8.0.1,https://data.trilliumtransit.com/gtfs/naipta-az-us/naipta-az-us.zip,"Re-export the feed with a calendar that reaches further out, and set feed_info feed_end_date past your next service change.",https://gtfsscorecard.org/agency/roadrunner/,US,US-AZ,Arizona
roadrunner-644,RoadRunner,,F,52.5,medium,40,2026-07-10,-3477,within_review_threshold,stale,,8.0.1,http://data.trilliumtransit.com/gtfs/naipta-az-us/naipta-az-us.zip,"Re-export the feed with a calendar that reaches further out, and set feed_info feed_end_date past your next service change.",https://gtfsscorecard.org/agency/roadrunner-644/,US,,
roadrunner-transit,RoadRUNNER Transit,New Mexico,D,61.8,medium,52,2026-07-10,-1072,within_review_threshold,stale,564,8.0.1,https://mjcaction.com/MJC_GTFS_Public/lascrucesroadrunner_google_transit.zip,"Re-export the feed with a calendar that reaches further out, and set feed_info feed_end_date past your next service change.",https://gtfsscorecard.org/agency/roadrunner-transit/,US,US-NM,New Mexico
roadrunner-transit-2075,RoadRUNNER Transit,New Mexico,F,55.7,medium,45,2026-07-10,30,within_review_threshold,expiring_soon,2075,8.0.1,https://passio3.com/roadrunner/passioTransit/gtfs/google_transit.zip,Set wheelchair_boarding to 1 (accessible) or 2 (not accessible) for every stop. A field survey can start with the busiest stops.,https://gtfsscorecard.org/agency/roadrunner-transit-2075/,US,US-NM,New Mexico
roadrunner-transit-564,RoadRUNNER Transit,,D,61.8,medium,52,2026-07-10,-1072,within_review_threshold,stale,,8.0.1,http://mjcaction.com/MJC_GTFS_Public/lascrucesroadrunner_google_transit.zip,"Re-export the feed with a calendar that reaches further out, and set feed_info feed_end_date past your next service change.",https://gtfsscorecard.org/agency/roadrunner-transit-564/,US,,
roadrunnertransit,RoadrunnerTransit,Colorado,C,72.3,small,63,2026-07-10,206,within_review_threshold,current,805,8.0.1,https://data.trilliumtransit.com/gtfs/roadrunnertransit-co-us/roadrunnertransit-co-us.zip,Review the rule documentation for 'stop_time_timepoint_without_times' at https://gtfs-validator.mobilitydata.org/rules.html and check the flagged rows in your feed.,https://gtfsscorecard.org/agency/roadrunnertransit/,US,US-CO,Colorado
roaring-fork-transportation-authority,Roaring Fork Transportation Authority,Colorado,B,83.7,medium,90,2026-07-10,72,within_review_threshold,current,162,8.0.1,https://data.trilliumtransit.com/gtfs/rfta-co-us/rfta-co-us.zip,Set wheelchair_boarding to 1 (accessible) or 2 (not accessible) for every stop. A field survey can start with the busiest stops.,https://gtfsscorecard.org/agency/roaring-fork-transportation-authority/,US,US-CO,Colorado
roaring-fork-transportation-authority-162,Roaring Fork Transportation Authority,,B,83.7,medium,90,2026-07-10,72,within_review_threshold,current,,8.0.1,http://data.trilliumtransit.com/gtfs/rfta-co-us/rfta-co-us.zip,Set wheelchair_boarding to 1 (accessible) or 2 (not accessible) for every stop. A field survey can start with the busiest stops.,https://gtfsscorecard.org/agency/roaring-fork-transportation-authority-162/,US,,
roaring-fork-transportation-authority-2278,Roaring Fork Transportation Authority,Colorado,B,84.6,medium,92,2026-07-10,72,within_review_threshold,current,2278,8.0.1,https://www.rfta.com/RFTAGTFSExport.zip,Set wheelchair_boarding to 1 (accessible) or 2 (not accessible) for every stop. A field survey can start with the busiest stops.,https://gtfsscorecard.org/agency/roaring-fork-transportation-authority-2278/,US,US-CO,Colorado
roaring-fork-transportation-authority-rfta,Flex,Colorado,C,76.7,medium,72,2026-07-10,83,within_review_threshold,current,2179,8.0.1,https://data.trilliumtransit.com/gtfs/rfta-co-us/rfta-co-us--flex-v2.zip,Set wheelchair_boarding to 1 (accessible) or 2 (not accessible) for every stop. A field survey can start with the busiest stops.,https://gtfsscorecard.org/agency/roaring-fork-transportation-authority-rfta/,US,US-CO,Colorado
rochester-city-lines,Rochester City Lines,Minnesota,F,50.9,medium,36,2026-07-10,-3843,within_review_threshold,stale,1279,8.0.1,https://transitfeeds.com/p/rochester-city-lines/774/latest/download,"Re-export the feed with a calendar that reaches further out, and set feed_info feed_end_date past your next service change.",https://gtfsscorecard.org/agency/rochester-city-lines/,US,US-MN,Minnesota
rochester-genesee-regional-transportation-authority-rgrta,Rochester-Genesee Regional Transportation Authority (RGRTA),New York,D,61.9,large,52,2026-07-10,58,within_review_threshold,current,533,8.0.1,https://scheduledata.rgrta.com/google_transit.zip,Check the trip updates endpoint with your AVL vendor; it should return a fresh GTFS-Realtime protobuf on every request.,https://gtfsscorecard.org/agency/rochester-genesee-regional-transportation-authority-rgrta/,US,US-NY,New York
rochester-genesee-regional-transportation-authority-rgrta-533,Rochester-Genesee Regional Transportation Authority (RGRTA),,D,64.3,large,54,2026-07-10,58,within_review_threshold,current,,8.0.1,http://scheduledata.rgrta.com/google_transit.zip,Check the trip updates endpoint with your AVL vendor; it should return a fresh GTFS-Realtime protobuf on every request.,https://gtfsscorecard.org/agency/rochester-genesee-regional-transportation-authority-rgrta-533/,US,,
rochester-transit-service,Livingston County,New York,C,76.3,small,71,2026-07-10,1306,within_review_threshold,current,3114,8.0.1,https://scheduledata.rgrta.com/Regionals/Livingston.zip,Set wheelchair_boarding to 1 (accessible) or 2 (not accessible) for every stop. A field survey can start with the busiest stops.,https://gtfsscorecard.org/agency/rochester-transit-service/,US,US-NY,New York
rock-region-metro,Rock Region Metro,Arkansas,F,39.7,large,13,2026-07-10,-3844,within_review_threshold,stale,1190,8.0.1,https://transitfeeds.com/p/central-arkansas-transit-authority/334/latest/download,"Re-export the feed with a calendar that reaches further out, and set feed_info feed_end_date past your next service change.",https://gtfsscorecard.org/agency/rock-region-metro/,US,US-AR,Arkansas
rock-region-metro-2264,Rock Region Metro,Arkansas,F,36.9,large,10,2026-07-10,-264,within_review_threshold,lapsed,2264,8.0.1,https://rrmetro.org/gtfs.zip,"Re-export the feed with a calendar that reaches further out, and set feed_info feed_end_date past your next service change.",https://gtfsscorecard.org/agency/rock-region-metro-2264/,US,US-AR,Arkansas
rockingham-moover,Rockingham MOOver,Vermont,B,81.1,medium,83,2026-07-10,83,within_review_threshold,current,2194,8.0.1,https://data.trilliumtransit.com/gtfs/sevt-vt-us/sevt-vt-us.zip,Set wheelchair_boarding to 1 (accessible) or 2 (not accessible) for every stop. A field survey can start with the busiest stops.,https://gtfsscorecard.org/agency/rockingham-moover/,US,US-VT,Vermont
rocky-mountain-national-park,Rocky Mountain National Park Shuttles,Colorado,B,81.3,small,84,2026-07-10,102,within_review_threshold,current,3211,8.0.1,https://www.nps.gov/external-resources/gtfs/romo/rocky-mountain-national-park-shuttle.zip,Set wheelchair_boarding to 1 (accessible) or 2 (not accessible) for every stop. A field survey can start with the busiest stops.,https://gtfsscorecard.org/agency/rocky-mountain-national-park/,US,US-CO,Colorado
rocky-mountain-national-park-shuttles,Rocky Mountain National Park Shuttles,Colorado,B,81.3,small,84,2026-07-10,102,within_review_threshold,current,176,8.0.1,https://data.trilliumtransit.com/gtfs/rockymountainnationalpark-co-us/rockymountainnationalpark-co-us.zip,Set wheelchair_boarding to 1 (accessible) or 2 (not accessible) for every stop. A field survey can start with the busiest stops.,https://gtfsscorecard.org/agency/rocky-mountain-national-park-shuttles/,US,US-CO,Colorado
rocky-mountain-national-park-shuttles-176,Rocky Mountain National Park Shuttles,,B,81.3,small,84,2026-07-10,102,within_review_threshold,current,,8.0.1,http://data.trilliumtransit.com/gtfs/rockymountainnationalpark-co-us/rockymountainnationalpark-co-us.zip,Set wheelchair_boarding to 1 (accessible) or 2 (not accessible) for every stop. A field survey can start with the busiest stops.,https://gtfsscorecard.org/agency/rocky-mountain-national-park-shuttles-176/,US,,
rogue-valley-transportation-district-rvtd,Rogue Valley Transportation District (RVTD),Oregon,F,47.4,medium,28,2026-07-10,-117,within_review_threshold,lapsed,122,8.0.1,https://data.trilliumtransit.com/gtfs/rvtd-or-us/rvtd-or-us.zip,"Re-export the feed with a calendar that reaches further out, and set feed_info feed_end_date past your next service change.",https://gtfsscorecard.org/agency/rogue-valley-transportation-district-rvtd/,US,US-OR,Oregon
rogue-valley-transportation-district-rvtd-122,Rogue Valley Transportation District (RVTD),,F,47.4,medium,28,2026-07-10,-117,within_review_threshold,lapsed,,8.0.1,http://data.trilliumtransit.com/gtfs/rvtd-or-us/rvtd-or-us.zip,"Re-export the feed with a calendar that reaches further out, and set feed_info feed_end_date past your next service change.",https://gtfsscorecard.org/agency/rogue-valley-transportation-district-rvtd-122/,US,,
rogue-valley-transportation-district-rvtd-3103,Rogue Valley Transportation District (RVTD),Oregon,F,44.1,medium,19,2026-07-10,-19,within_review_threshold,lapsed,3103,8.0.1,https://rvtd.org/wp-content/uploads/2026/05/rvtd-or-us.zip,"Re-export the feed with a calendar that reaches further out, and set feed_info feed_end_date past your next service change.",https://gtfsscorecard.org/agency/rogue-valley-transportation-district-rvtd-3103/,US,US-OR,Oregon
rogue-valley-transportation-district-rvtd-3219,Rogue Valley Transportation District (RVTD),Oregon,D,68.4,medium,59,2026-07-10,30,within_review_threshold,expiring_soon,3219,8.0.1,https://gtfs.rvtd.cadavl.com/RVTD/GTFS/GTFS_RVTD.zip,Set wheelchair_boarding to 1 (accessible) or 2 (not accessible) for every stop. A field survey can start with the busiest stops.,https://gtfsscorecard.org/agency/rogue-valley-transportation-district-rvtd-3219/,US,US-OR,Oregon
roosevelt-island-operating-corporation-tramway-rioc-tramway,Roosevelt Island Operating Corporation Tramway (RIOC Tramway),New York,A,92.9,small,98,2026-07-10,174,within_review_threshold,current,1109,8.0.1,https://rapid.nationalrtap.org/GTFSFileManagement/UserUploadFiles/7707/gtfs.zip,Review the rule documentation for 'equal_shape_distance_diff_coordinates_distance_below_threshold' at https://gtfs-validator.mobilitydata.org/rules.html and check the flagged rows in your feed.,https://gtfsscorecard.org/agency/roosevelt-island-operating-corporation-tramway-rioc-tramway/,US,US-NY,New York
roosevelt-island-operating-corporation-tramway-rioc-tramway-1109,Roosevelt Island Operating Corporation Tramway (RIOC Tramway),,A,92.9,small,98,2026-07-10,174,within_review_threshold,current,,8.0.1,http://rapid.nationalrtap.org/GTFSFileManagement/UserUploadFiles/7707/gtfs.zip,Review the rule documentation for 'equal_shape_distance_diff_coordinates_distance_below_threshold' at https://gtfs-validator.mobilitydata.org/rules.html and check the flagged rows in your feed.,https://gtfsscorecard.org/agency/roosevelt-island-operating-corporation-tramway-rioc-tramway-1109/,US,,
rosemead-explorer,Rosemead Explorer,California,F,46.7,small,26,2026-07-10,-556,within_review_threshold,stale,806,8.0.1,https://raw.githubusercontent.com/LACMTA/los-angeles-regional-gtfs/main/rosemead-ca-us/rosemead-ca-us.zip,"Re-export the feed with a calendar that reaches further out, and set feed_info feed_end_date past your next service change.",https://gtfsscorecard.org/agency/rosemead-explorer/,US,US-CA,California
rosemead-explorer-3098,Rosemead Explorer,,F,57.2,small,47,2026-07-10,30,within_review_threshold,expiring_soon,,8.0.1,https://passio3.com/rosemead/passioTransit/gtfs/google_transit.zip,Set wheelchair_boarding to 1 (accessible) or 2 (not accessible) for every stop. A field survey can start with the busiest stops.,https://gtfsscorecard.org/agency/rosemead-explorer-3098/,US,,
roseville-transit,Roseville Transit,,D,67.5,medium,58,2026-07-10,174,within_review_threshold,current,,8.0.1,https://iportal.sacrt.com/gtfs/Roseville/google_transit.zip,Set wheelchair_boarding to 1 (accessible) or 2 (not accessible) for every stop. A field survey can start with the busiest stops.,https://gtfsscorecard.org/agency/roseville-transit/,US,,
routt-county-council-on-aging-rccoca-transportation,Flex,Colorado,D,61.7,small,51,2026-07-10,22,within_review_threshold,expiring_soon,2178,8.0.1,https://data.trilliumtransit.com/gtfs/rccoa-co-us/rccoa-co-us--flex-v2.zip,Re-export with a validity window that reaches at least 60 days out.,https://gtfsscorecard.org/agency/routt-county-council-on-aging-rccoca-transportation/,US,US-CO,Colorado
rural-community-transportation-rct,Rural Community Transportation (RCT),Vermont,B,83.1,medium,89,2026-07-10,173,within_review_threshold,current,448,8.0.1,https://data.trilliumtransit.com/gtfs/ruralcommunity-vt-us/ruralcommunity-vt-us.zip,Set wheelchair_boarding to 1 (accessible) or 2 (not accessible) for every stop. A field survey can start with the busiest stops.,https://gtfsscorecard.org/agency/rural-community-transportation-rct/,US,US-VT,Vermont
rural-community-transportation-rct-2882,Rural Community Transportation (RCT),Vermont,B,81.2,medium,83,2026-07-10,173,within_review_threshold,current,2882,8.0.1,https://data.trilliumtransit.com/gtfs/ruralcommunity-vt-us/ruralcommunity-vt-us--flex-v2.zip,Set wheelchair_boarding to 1 (accessible) or 2 (not accessible) for every stop. A field survey can start with the busiest stops.,https://gtfsscorecard.org/agency/rural-community-transportation-rct-2882/,US,US-VT,Vermont
rural-community-transportation-rct-448,Rural Community Transportation (RCT),,B,81.3,medium,84,2026-07-10,173,within_review_threshold,current,,8.0.1,http://data.trilliumtransit.com/gtfs/ruralcommunity-vt-us/ruralcommunity-vt-us.zip,Set wheelchair_boarding to 1 (accessible) or 2 (not accessible) for every stop. A field survey can start with the busiest stops.,https://gtfsscorecard.org/agency/rural-community-transportation-rct-448/,US,,
ruraltransit,ruralTRANSIT,Washington,C,76.0,small,71,2026-07-10,52,within_review_threshold,current,822,8.0.1,https://data.trilliumtransit.com/gtfs/thurston-wa-us/thurston-wa-us.zip,Set wheelchair_boarding to 1 (accessible) or 2 (not accessible) for every stop. A field survey can start with the busiest stops.,https://gtfsscorecard.org/agency/ruraltransit/,US,US-WA,Washington
ruraltransit-822,ruralTRANSIT,,C,76.0,small,71,2026-07-10,52,within_review_threshold,current,,8.0.1,http://data.trilliumtransit.com/gtfs/thurston-wa-us/thurston-wa-us.zip,Set wheelchair_boarding to 1 (accessible) or 2 (not accessible) for every stop. A field survey can start with the busiest stops.,https://gtfsscorecard.org/agency/ruraltransit-822/,US,,
ryde-racine,Ryde Racine,Wisconsin,F,45.3,medium,22,2026-07-10,-1470,within_review_threshold,stale,395,8.0.1,https://data.trilliumtransit.com/gtfs/racine-wi-us/racine-wi-us.zip,"Re-export the feed with a calendar that reaches further out, and set feed_info feed_end_date past your next service change.",https://gtfsscorecard.org/agency/ryde-racine/,US,US-WI,Wisconsin
ryde-racine-2246,Ryde Racine,Wisconsin,C,78.4,medium,76,2026-07-10,539,within_review_threshold,current,2246,8.0.1,https://racine.connexionz.net/rtt/public/utility/gtfs.aspx,Set wheelchair_boarding to 1 (accessible) or 2 (not accessible) for every stop. A field survey can start with the busiest stops.,https://gtfsscorecard.org/agency/ryde-racine-2246/,US,US-WI,Wisconsin
ryde-racine-395,Ryde Racine,,F,45.3,medium,22,2026-07-10,-1470,within_review_threshold,stale,,8.0.1,http://data.trilliumtransit.com/gtfs/racine-wi-us/racine-wi-us.zip,"Re-export the feed with a calendar that reaches further out, and set feed_info feed_end_date past your next service change.",https://gtfsscorecard.org/agency/ryde-racine-395/,US,,
sacramento-regional-transit-sacrt,Sacramento Regional Transit (SacRT),California,F,59.2,large,49,2026-07-10,36,within_review_threshold,current,1296,8.0.1,https://iportal.sacrt.com/GTFS/SRTD/google_transit.zip,Set wheelchair_boarding to 1 (accessible) or 2 (not accessible) for every stop. A field survey can start with the busiest stops.,https://gtfsscorecard.org/agency/sacramento-regional-transit-sacrt/,US,US-CA,California
sacramento-regional-transit-sacrt-1296,Sacramento Regional Transit (SacRT),,F,59.2,large,49,2026-07-10,36,within_review_threshold,current,,8.0.1,http://iportal.sacrt.com/GTFS/SRTD/google_transit.zip,Set wheelchair_boarding to 1 (accessible) or 2 (not accessible) for every stop. A field survey can start with the busiest stops.,https://gtfsscorecard.org/agency/sacramento-regional-transit-sacrt-1296/,US,,
sacramento-regional-transit-sacrt-2137,Sacramento Regional Transit (SacRT),California,F,39.1,large,12,2026-07-10,-461,within_review_threshold,stale,2137,8.0.1,https://www.sacrt.com/wp-content/uploads/google_transit.zip,"Re-export the feed with a calendar that reaches further out, and set feed_info feed_end_date past your next service change.",https://gtfsscorecard.org/agency/sacramento-regional-transit-sacrt-2137/,US,US-CA,California
sage-stage,Sage Stage,California,B,86.0,small,94,2026-07-10,173,within_review_threshold,current,113,8.0.1,https://data.trilliumtransit.com/gtfs/sagestage-ca-us/sagestage-ca-us.zip,"Set wheelchair_accessible on every trip (most small-agency fleets are 100% accessible, so this is often a single default).",https://gtfsscorecard.org/agency/sage-stage/,US,US-CA,California
sage-stage-113,Sage Stage,,B,86.0,small,94,2026-07-10,173,within_review_threshold,current,,8.0.1,http://data.trilliumtransit.com/gtfs/sagestage-ca-us/sagestage-ca-us.zip,"Set wheelchair_accessible on every trip (most small-agency fleets are 100% accessible, so this is often a single default).",https://gtfsscorecard.org/agency/sage-stage-113/,US,,
saint-mary-s-transit-system,Saint Maryʼs Transit System,Maryland,F,42.6,medium,17,2026-07-10,-1985,within_review_threshold,stale,1203,8.0.1,https://transitfeeds.com/p/saint-marys-transit-system/1147/latest/download,"Re-export the feed with a calendar that reaches further out, and set feed_info feed_end_date past your next service change.",https://gtfsscorecard.org/agency/saint-mary-s-transit-system/,US,US-MD,Maryland
saint-mary-s-transit-system-2268,Saint Maryʼs Transit System,Maryland,D,66.2,medium,56,2026-07-10,1271,within_review_threshold,current,2268,8.0.1,https://stmgis.stmarysmd.com/Downloads/GTFS/StMarys_GTFS_5_31_22.zip,Set wheelchair_boarding to 1 (accessible) or 2 (not accessible) for every stop. A field survey can start with the busiest stops.,https://gtfsscorecard.org/agency/saint-mary-s-transit-system-2268/,US,US-MD,Maryland
san-benito-county-express-sbce,San Benito County Express (SBCE),California,F,50.4,medium,35,2026-07-10,-35,within_review_threshold,lapsed,58,8.0.1,https://data.trilliumtransit.com/gtfs/sanbenitocounty-ca-us/sanbenitocounty-ca-us.zip,"Re-export the feed with a calendar that reaches further out, and set feed_info feed_end_date past your next service change.",https://gtfsscorecard.org/agency/san-benito-county-express-sbce/,US,US-CA,California
san-benito-county-express-sbce-58,San Benito County Express (SBCE),,F,50.4,medium,35,2026-07-10,-35,within_review_threshold,lapsed,,8.0.1,http://data.trilliumtransit.com/gtfs/sanbenitocounty-ca-us/sanbenitocounty-ca-us.zip,"Re-export the feed with a calendar that reaches further out, and set feed_info feed_end_date past your next service change.",https://gtfsscorecard.org/agency/san-benito-county-express-sbce-58/,US,,
san-diego-international-airport-metropolitan-transit-system-mts,"San Diego International Airport, Metropolitan Transit System (MTS)",California,F,53.7,large,42,2026-07-10,57,within_review_threshold,current,13,8.0.1,https://www.sdmts.com/google_transit_files/google_transit.zip,Review the rule documentation for 'trip_distance_exceeds_shape_distance' at https://gtfs-validator.mobilitydata.org/rules.html and check the flagged rows in your feed.,https://gtfsscorecard.org/agency/san-diego-international-airport-metropolitan-transit-system-mts/,US,US-CA,California
san-francisco-bay-area-water-emergency-transportation-authority-weta,San Francisco Bay Area Water Emergency Transportation Authority (WETA),California,A,90.3,small,97,2026-07-10,114,within_review_threshold,current,62,8.0.1,https://data.trilliumtransit.com/gtfs/sfbayferry-ca-us/sfbayferry-ca-us.zip,Populate trip_headsign to match what the bus displays.,https://gtfsscorecard.org/agency/san-francisco-bay-area-water-emergency-transportation-authority-weta/,US,US-CA,California
san-francisco-bay-area-water-emergency-transportation-authority-weta-3143,San Francisco Bay Area Water Emergency Transportation Authority (WETA),California,A,90.3,small,97,2026-07-10,114,within_review_threshold,current,3143,8.0.1,https://gtfs.sanfranciscobayferry.com/gtfs.zip,Populate trip_headsign to match what the bus displays.,https://gtfsscorecard.org/agency/san-francisco-bay-area-water-emergency-transportation-authority-weta-3143/,US,US-CA,California
san-francisco-bay-area-water-emergency-transportation-authority-weta-62,San Francisco Bay Area Water Emergency Transportation Authority (WETA),,A,90.3,small,97,2026-07-10,114,within_review_threshold,current,,8.0.1,http://data.trilliumtransit.com/gtfs/sfbayferry-ca-us/sfbayferry-ca-us.zip,Populate trip_headsign to match what the bus displays.,https://gtfsscorecard.org/agency/san-francisco-bay-area-water-emergency-transportation-authority-weta-62/,US,,
san-francisco-municipal-transportation-agency-sfmta-muni,San Francisco Municipal Transportation Agency (SFMTA - Muni),California,F,31.6,large,6,2026-07-10,-693,within_review_threshold,stale,50,8.0.1,https://gtfs.sfmta.com/transitdata/google_transit.zip,"Re-export the feed with a calendar that reaches further out, and set feed_info feed_end_date past your next service change.",https://gtfsscorecard.org/agency/san-francisco-municipal-transportation-agency-sfmta-muni/,US,US-CA,California
san-francisco-municipal-transportation-agency-sfmta-muni-2886,San Francisco Municipal Transportation Agency (SFMTA - Muni),,D,60.0,large,50,2026-07-10,49,within_review_threshold,current,2886,8.0.1,https://muni-gtfs.apps.sfmta.com/data/muni_gtfs-current.zip,Review the rule documentation for 'invalid_phone_number' at https://gtfs-validator.mobilitydata.org/rules.html and check the flagged rows in your feed.,https://gtfsscorecard.org/agency/san-francisco-municipal-transportation-agency-sfmta-muni-2886/,US,,
san-joaquin-regional-transit-district,San Joaquin Regional Transit District,,B,80.2,small,81,2026-07-10,326,within_review_threshold,current,,8.0.1,https://data.trilliumtransit.com/gtfs/sanjoaquin-ca-us/sanjoaquin-ca-us--flex-v2.zip,Set wheelchair_boarding to 1 (accessible) or 2 (not accessible) for every stop. A field survey can start with the busiest stops.,https://gtfsscorecard.org/agency/san-joaquin-regional-transit-district/,US,,
san-joaquin-regional-transit-district-rtd,San Joaquin Regional Transit District (RTD),California,D,61.2,medium,51,2026-07-10,15,within_review_threshold,expiring_soon,886,8.0.1,http://sjrtd.com/RTD-GTFS/RTD-GTFS.zip,Re-export with a validity window that reaches at least 60 days out.,https://gtfsscorecard.org/agency/san-joaquin-regional-transit-district-rtd/,US,US-CA,California
san-juan-capistrano-free-weekend-trolley,San Juan Capistrano Free Weekend Trolley,California,F,46.4,small,25,2026-07-10,-1679,within_review_threshold,stale,596,8.0.1,https://data.trilliumtransit.com/gtfs/sanjuancapistrano-ca-us/sanjuancapistrano-ca-us.zip,"Re-export the feed with a calendar that reaches further out, and set feed_info feed_end_date past your next service change.",https://gtfsscorecard.org/agency/san-juan-capistrano-free-weekend-trolley/,US,US-CA,California
san-juan-capistrano-free-weekend-trolley-596,San Juan Capistrano Free Weekend Trolley,,F,46.4,small,25,2026-07-10,-1679,within_review_threshold,stale,,8.0.1,http://data.trilliumtransit.com/gtfs/sanjuancapistrano-ca-us/sanjuancapistrano-ca-us.zip,"Re-export the feed with a calendar that reaches further out, and set feed_info feed_end_date past your next service change.",https://gtfsscorecard.org/agency/san-juan-capistrano-free-weekend-trolley-596/,US,,
san-leandro-links,San Leandro Links,California,F,44.5,small,20,2026-07-10,-1652,within_review_threshold,stale,810,8.0.1,https://data.trilliumtransit.com/gtfs/sanleandro-ca-us/sanleandro-ca-us.zip,"Re-export the feed with a calendar that reaches further out, and set feed_info feed_end_date past your next service change.",https://gtfsscorecard.org/agency/san-leandro-links/,US,US-CA,California
san-leandro-links-810,San Leandro Links,,F,44.5,small,20,2026-07-10,-1652,within_review_threshold,stale,,8.0.1,http://data.trilliumtransit.com/gtfs/sanleandro-ca-us/sanleandro-ca-us.zip,"Re-export the feed with a calendar that reaches further out, and set feed_info feed_end_date past your next service change.",https://gtfsscorecard.org/agency/san-leandro-links-810/,US,,
san-luis-obispo-regional-transit-authority-slorta,San Luis Obispo Regional Transit Authority (SLORTA),,B,81.7,medium,85,2026-07-10,539,within_review_threshold,current,,8.0.1,http://slo.connexionz.net/rtt/public/resource/gtfs.zip,Set wheelchair_boarding to 1 (accessible) or 2 (not accessible) for every stop. A field survey can start with the busiest stops.,https://gtfsscorecard.org/agency/san-luis-obispo-regional-transit-authority-slorta/,US,,
san-mateo-county-transit-district-samtrans,San Mateo County Transit District (samTrans),California,C,70.7,large,60,2026-07-10,22,within_review_threshold,expiring_soon,49,8.0.1,http://www.samtrans.com/Assets/GTFS/samtrans/ST-GTFS.zip,Re-export with a validity window that reaches at least 60 days out.,https://gtfsscorecard.org/agency/san-mateo-county-transit-district-samtrans/,US,US-CA,California
san-miguel-authority-for-regional-transportation-smart,San Miguel Authority for Regional Transportation (SMART),Colorado,F,48.7,small,32,2026-07-10,-1197,within_review_threshold,stale,811,8.0.1,https://data.trilliumtransit.com/gtfs/sanmiguel-co-us/sanmiguel-co-us.zip,"Re-export the feed with a calendar that reaches further out, and set feed_info feed_end_date past your next service change.",https://gtfsscorecard.org/agency/san-miguel-authority-for-regional-transportation-smart/,US,US-CO,Colorado
san-miguel-authority-for-regional-transportation-smart-811,San Miguel Authority for Regional Transportation (SMART),,F,48.7,small,32,2026-07-10,-1197,within_review_threshold,stale,,8.0.1,http://data.trilliumtransit.com/gtfs/sanmiguel-co-us/sanmiguel-co-us.zip,"Re-export the feed with a calendar that reaches further out, and set feed_info feed_end_date past your next service change.",https://gtfsscorecard.org/agency/san-miguel-authority-for-regional-transportation-smart-811/,US,,
san-miguel-county,San Miguel County,Colorado,B,83.4,small,90,2026-07-10,101,within_review_threshold,current,2195,8.0.1,https://data.trilliumtransit.com/gtfs/sanmiguelcounty-co-us/sanmiguelcounty-co-us.zip,Set wheelchair_boarding to 1 (accessible) or 2 (not accessible) for every stop. A field survey can start with the busiest stops.,https://gtfsscorecard.org/agency/san-miguel-county/,US,US-CO,Colorado
sandia-shuttle,Sandia Shuttle,New Mexico,F,49.4,small,33,2026-07-10,-1287,within_review_threshold,stale,167,8.0.1,https://data.trilliumtransit.com/gtfs/sandiashuttle-nm-us/sandiashuttle-nm-us.zip,"Re-export the feed with a calendar that reaches further out, and set feed_info feed_end_date past your next service change.",https://gtfsscorecard.org/agency/sandia-shuttle/,US,US-NM,New Mexico
sandia-shuttle-167,Sandia Shuttle,,F,49.4,small,33,2026-07-10,-1287,within_review_threshold,stale,,8.0.1,http://data.trilliumtransit.com/gtfs/sandiashuttle-nm-us/sandiashuttle-nm-us.zip,"Re-export the feed with a calendar that reaches further out, and set feed_info feed_end_date past your next service change.",https://gtfsscorecard.org/agency/sandia-shuttle-167/,US,,
sandy-area-metro-sam,Sandy Area Metro (SAM),Oregon,C,80.0,medium,80,2026-07-10,144,within_review_threshold,current,261,8.0.1,https://oregon-gtfs.trilliumtransit.com/gtfs_data/sandy-or-us/sandy-or-us.zip,Set wheelchair_boarding to 1 (accessible) or 2 (not accessible) for every stop. A field survey can start with the busiest stops.,https://gtfsscorecard.org/agency/sandy-area-metro-sam/,US,US-OR,Oregon
sandy-area-metro-sam-2739,Static feed for realtime,Oregon,D,62.3,medium,52,2026-07-10,30,within_review_threshold,expiring_soon,2739,8.0.1,https://passio3.com/sandyor/passioTransit/gtfs/google_transit.zip,Set wheelchair_boarding to 1 (accessible) or 2 (not accessible) for every stop. A field survey can start with the busiest stops.,https://gtfsscorecard.org/agency/sandy-area-metro-sam-2739/,US,US-OR,Oregon
sanford-trolley,Sanford Trolley,Florida,F,57.0,small,47,2026-07-10,-1652,within_review_threshold,stale,1157,8.0.1,https://transitfeeds.com/p/sanford-trolley/947/latest/download,"Re-export the feed with a calendar that reaches further out, and set feed_info feed_end_date past your next service change.",https://gtfsscorecard.org/agency/sanford-trolley/,US,US-FL,Florida
santa-barbara-metropolitan-transit-district-mtd,Santa Barbara Metropolitan Transit District (MTD),,B,85.2,medium,93,2026-07-10,37,within_review_threshold,current,,8.0.1,http://sbmtd.gov/google_transit/feed.zip,Check the flagged stop times for transposed minutes.,https://gtfsscorecard.org/agency/santa-barbara-metropolitan-transit-district-mtd/,US,,
santa-clara-valley-transportation-authority-vta,Santa Clara Valley Transportation Authority (VTA),California,D,68.0,large,58,2026-07-10,30,within_review_threshold,expiring_soon,57,8.0.1,https://gtfs.vta.org/gtfs_vta.zip,"Use mixed case for stop names and headsigns (e.g. 'Main St & 2nd Ave', not 'MAIN ST & 2ND AVE').",https://gtfsscorecard.org/agency/santa-clara-valley-transportation-authority-vta/,US,US-CA,California
santa-clarita-transit,Santa Clarita Transit,,F,26.2,small,4,2026-06-27,,unknown,unknown,,8.0.1,https://gitlab.com/LACMTA/gtfs_lax/-/archive/master/gtfs_lax-master.zip?path=santa_clarita,Add feed_start_date and feed_end_date to feed_info.txt and include calendar end dates in your export.,https://gtfsscorecard.org/agency/santa-clarita-transit/,US,,
santa-cruz-metro-scmtd,Santa Cruz Metro (SCMTD),California,F,56.2,medium,45,2026-07-10,-667,within_review_threshold,stale,1211,8.0.1,http://scmtd.com/google_transit/google_transit.zip,"Re-export the feed with a calendar that reaches further out, and set feed_info feed_end_date past your next service change.",https://gtfsscorecard.org/agency/santa-cruz-metro-scmtd/,US,US-CA,California
santa-cruz-metro-scmtd-2425,Santa Cruz Metro (SCMTD),California,A,92.4,medium,98,2026-07-10,61,within_review_threshold,current,2425,8.0.1,https://developer.scmetro.org/gtfs.zip,Set wheelchair_boarding to 1 (accessible) or 2 (not accessible) for every stop. A field survey can start with the busiest stops.,https://gtfsscorecard.org/agency/santa-cruz-metro-scmtd-2425/,US,US-CA,California
santa-fe-trails,Santa Fe Trails,New Mexico,D,64.8,medium,55,2026-07-10,-102,within_review_threshold,lapsed,839,8.0.1,https://mjcaction.com/MJC_GTFS_Public/santafetrails_google_transit.zip,"Re-export the feed with a calendar that reaches further out, and set feed_info feed_end_date past your next service change.",https://gtfsscorecard.org/agency/santa-fe-trails/,US,US-NM,New Mexico
santa-fe-trails-839,Santa Fe Trails,,D,64.8,medium,55,2026-07-10,-102,within_review_threshold,lapsed,,8.0.1,http://mjcaction.com/MJC_GTFS_Public/santafetrails_google_transit.zip,"Re-export the feed with a calendar that reaches further out, and set feed_info feed_end_date past your next service change.",https://gtfsscorecard.org/agency/santa-fe-trails-839/,US,,
santa-maria-area-transit,Santa Maria Area Transit,California,F,33.6,medium,8,2026-07-10,-1713,within_review_threshold,stale,26,8.0.1,https://data.trilliumtransit.com/gtfs/smat-ca-us/smat-ca-us.zip,"Re-export the feed with a calendar that reaches further out, and set feed_info feed_end_date past your next service change.",https://gtfsscorecard.org/agency/santa-maria-area-transit/,US,US-CA,California
santa-maria-area-transit-2272,Santa Maria Area Transit,California,D,60.2,medium,50,2026-07-10,357,within_review_threshold,current,2272,8.0.1,https://smrt.tripshot.com/v1/gtfs.zip?regionId=CA558DDC-D7F2-4B48-9CAC-DEEA1134F820,Set wheelchair_boarding to 1 (accessible) or 2 (not accessible) for every stop. A field survey can start with the busiest stops.,https://gtfsscorecard.org/agency/santa-maria-area-transit-2272/,US,US-CA,California
santa-maria-area-transit-26,Santa Maria Area Transit,,F,33.6,medium,8,2026-07-10,-1713,within_review_threshold,stale,,8.0.1,http://data.trilliumtransit.com/gtfs/smat-ca-us/smat-ca-us.zip,"Re-export the feed with a calendar that reaches further out, and set feed_info feed_end_date past your next service change.",https://gtfsscorecard.org/agency/santa-maria-area-transit-26/,US,,
santa-rosa-citybus,Santa Rosa CityBus,California,F,36.5,medium,9,2026-07-10,-2297,within_review_threshold,stale,73,8.0.1,https://srcity.org/DocumentCenter/View/21635/google_transit,"Re-export the feed with a calendar that reaches further out, and set feed_info feed_end_date past your next service change.",https://gtfsscorecard.org/agency/santa-rosa-citybus/,US,US-CA,California
santa-rosa-citybus-1986,Santa Rosa CityBus,,F,39.6,medium,13,2026-07-10,-859,within_review_threshold,stale,,8.0.1,https://www.srcity.org/DocumentCenter/View/38683/Santa_Rosa_GTFS,"Re-export the feed with a calendar that reaches further out, and set feed_info feed_end_date past your next service change.",https://gtfsscorecard.org/agency/santa-rosa-citybus-1986/,US,,
santa-ynez-valley-transit,Santa Ynez Valley Transit,California,A,96.5,small,99,2026-07-10,204,within_review_threshold,current,813,8.0.1,https://mjcaction.com/MJC_GTFS_Public/syvt_google_transit.zip,Review the rule documentation for 'equal_shape_distance_same_coordinates' at https://gtfs-validator.mobilitydata.org/rules.html and check the flagged rows in your feed.,https://gtfsscorecard.org/agency/santa-ynez-valley-transit/,US,US-CA,California
santa-ynez-valley-transit-813,Santa Ynez Valley Transit,,A,96.5,small,99,2026-07-10,204,within_review_threshold,current,,8.0.1,http://mjcaction.com/MJC_GTFS_Public/syvt_google_transit.zip,Review the rule documentation for 'equal_shape_distance_same_coordinates' at https://gtfs-validator.mobilitydata.org/rules.html and check the flagged rows in your feed.,https://gtfsscorecard.org/agency/santa-ynez-valley-transit-813/,US,,
sarasota-county-area-transit,Sarasota County Area Transit,Florida,F,22.6,large,2,2026-07-10,-1680,within_review_threshold,stale,327,8.0.1,https://ftis.org/PostFileDownload.aspx?id=457A0,"Re-export the feed with a calendar that reaches further out, and set feed_info feed_end_date past your next service change.",https://gtfsscorecard.org/agency/sarasota-county-area-transit/,US,US-FL,Florida
sarasota-county-area-transit-scat,Sarasota County Area Transit (SCAT),Florida,F,51.1,large,37,2026-07-10,1085,within_review_threshold,current,348,8.0.1,https://data.trilliumtransit.com/gtfs/spacecoast-fl-us/spacecoast-fl-us.zip,Set wheelchair_boarding to 1 (accessible) or 2 (not accessible) for every stop. A field survey can start with the busiest stops.,https://gtfsscorecard.org/agency/sarasota-county-area-transit-scat/,US,US-FL,Florida
sarasota-county-area-transit-scat-348,Sarasota County Area Transit (SCAT),,F,51.1,large,37,2026-07-10,1085,within_review_threshold,current,,8.0.1,http://data.trilliumtransit.com/gtfs/spacecoast-fl-us/spacecoast-fl-us.zip,Set wheelchair_boarding to 1 (accessible) or 2 (not accessible) for every stop. A field survey can start with the busiest stops.,https://gtfsscorecard.org/agency/sarasota-county-area-transit-scat-348/,US,,
schuyler-county-transit,Schuyler County Transit,New York,F,45.9,small,24,2026-07-10,-922,within_review_threshold,stale,814,8.0.1,https://s3.amazonaws.com/datatools-511ny/public/Schuyler_County_Public_Transit.zip,"Re-export the feed with a calendar that reaches further out, and set feed_info feed_end_date past your next service change.",https://gtfsscorecard.org/agency/schuyler-county-transit/,US,US-NY,New York
seastreak-ferry,Seastreak Ferry,Massachusetts,C,73.5,small,65,2026-07-10,1350,within_review_threshold,current,549,8.0.1,http://seastreak.com/api/transit/google_transit.zip,"Set wheelchair_accessible on every trip (most small-agency fleets are 100% accessible, so this is often a single default).",https://gtfsscorecard.org/agency/seastreak-ferry/,US,US-MA,Massachusetts
seattle-children-s-hospital-shuttle,Seattle Children's Hospital Shuttle,Washington,F,37.9,small,11,2026-07-10,-739,within_review_threshold,stale,270,8.0.1,https://gtfs.sound.obaweb.org/prod/98_gtfs.zip,"Re-export the feed with a calendar that reaches further out, and set feed_info feed_end_date past your next service change.",https://gtfsscorecard.org/agency/seattle-children-s-hospital-shuttle/,US,US-WA,Washington
sedona-shuttle,Sedona Shuttle,Arizona,A,99.8,small,100,2026-07-10,417,within_review_threshold,current,2858,8.0.1,https://sedonashuttle.com/gtfs/Sedona_Shuttle_Transit_Feed.zip,Review the rule documentation for 'service_window_outside_feed_period' at https://gtfs-validator.mobilitydata.org/rules.html and check the flagged rows in your feed.,https://gtfsscorecard.org/agency/sedona-shuttle/,US,US-AZ,Arizona
selah-transit,Selah Transit,Washington,D,62.4,small,52,2026-07-10,-100,within_review_threshold,lapsed,278,8.0.1,http://trilliumtransit.com/transit_feeds/selah-wa-us/selah-wa-us.zip,"Re-export the feed with a calendar that reaches further out, and set feed_info feed_end_date past your next service change.",https://gtfsscorecard.org/agency/selah-transit/,US,US-WA,Washington
senior-resource-development-agency,Flex,Colorado,F,54.4,small,43,2026-07-10,22,within_review_threshold,expiring_soon,2185,8.0.1,https://data.trilliumtransit.com/gtfs/srda-co-us/srda-co-us--flex-v2.zip,Re-export with a validity window that reaches at least 60 days out.,https://gtfsscorecard.org/agency/senior-resource-development-agency/,US,US-CO,Colorado
shawnee-mass-transit-district,Shawnee Mass Transit District,Illinois,B,82.6,small,88,2026-07-10,8607,unusually_distant,current,2332,8.0.1,https://rapid.nationalrtap.org/GTFSFileManagement/UserUploadFiles/11557/S1.zip,Set wheelchair_boarding to 1 (accessible) or 2 (not accessible) for every stop. A field survey can start with the busiest stops.,https://gtfsscorecard.org/agency/shawnee-mass-transit-district/,US,US-IL,Illinois
shore-line-east,Shore Line East,Connecticut,F,47.9,small,29,2026-07-10,-556,within_review_threshold,stale,550,8.0.1,http://www.shorelineeast.com/google_transit.zip,"Re-export the feed with a calendar that reaches further out, and set feed_info feed_end_date past your next service change.",https://gtfsscorecard.org/agency/shore-line-east/,US,US-CT,Connecticut
shore-transit,Shore Transit,Maryland,F,42.3,medium,16,2026-07-10,-2382,within_review_threshold,stale,494,8.0.1,https://github.com/mobilityequity/maryland-local-gtfs/raw/master/Shore_GTFS.zip,"Re-export the feed with a calendar that reaches further out, and set feed_info feed_end_date past your next service change.",https://gtfsscorecard.org/agency/shore-transit/,US,US-MD,Maryland
shore-transit-3149,Shore Transit,Maryland,F,49.2,small,32,2026-07-10,-49,within_review_threshold,lapsed,3149,8.0.1,https://myride.shoretransit.org/gtfs/google_transit.zip,"Re-export the feed with a calendar that reaches further out, and set feed_info feed_end_date past your next service change.",https://gtfsscorecard.org/agency/shore-transit-3149/,US,US-MD,Maryland
shoreline-metro,Shoreline Metro,Wisconsin,B,83.1,medium,89,2026-07-10,539,within_review_threshold,current,399,8.0.1,https://data.trilliumtransit.com/gtfs/sheboygan-wi-us/sheboygan-wi-us.zip,Set wheelchair_boarding to 1 (accessible) or 2 (not accessible) for every stop. A field survey can start with the busiest stops.,https://gtfsscorecard.org/agency/shoreline-metro/,US,US-WI,Wisconsin
shoreline-metro-399,Shoreline Metro,,B,83.1,medium,89,2026-07-10,539,within_review_threshold,current,,8.0.1,http://data.trilliumtransit.com/gtfs/sheboygan-wi-us/sheboygan-wi-us.zip,Set wheelchair_boarding to 1 (accessible) or 2 (not accessible) for every stop. A field survey can start with the busiest stops.,https://gtfsscorecard.org/agency/shoreline-metro-399/,US,,
shreveport-and-bossier-city,Shreveport and Bossier City,Louisiana,F,34.7,medium,8,2026-07-10,26837,unusually_distant,current,1060,8.0.1,http://sportranbus.com/gtfs,Re-generate shape distances in your export; flag to your vendor if it persists.,https://gtfsscorecard.org/agency/shreveport-and-bossier-city/,US,US-LA,Louisiana
shuttle-oregon,Shuttle Oregon,Oregon,F,42.1,small,16,2026-07-10,-1135,within_review_threshold,stale,1284,8.0.1,https://oregon-gtfs.trilliumtransit.com/gtfs_data/shuttleoregon-or-us/shuttleoregon-or-us.zip,"Re-export the feed with a calendar that reaches further out, and set feed_info feed_end_date past your next service change.",https://gtfsscorecard.org/agency/shuttle-oregon/,US,US-OR,Oregon
sierra-madre-gateway-coach,Sierra Madre Gateway Coach,California,F,48.5,small,31,2026-07-10,-1652,within_review_threshold,stale,829,8.0.1,https://data.trilliumtransit.com/gtfs/sierramadre-ca-us/sierramadre-ca-us.zip,"Re-export the feed with a calendar that reaches further out, and set feed_info feed_end_date past your next service change.",https://gtfsscorecard.org/agency/sierra-madre-gateway-coach/,US,US-CA,California
sierra-madre-gateway-coach-2251,Sierra Madre Gateway Coach,California,F,54.1,small,42,2026-07-10,-556,within_review_threshold,stale,2251,8.0.1,https://raw.githubusercontent.com/LACMTA/los-angeles-regional-gtfs/main/sierramadre-ca-us/sierramadre-ca-us.zip,"Re-export the feed with a calendar that reaches further out, and set feed_info feed_end_date past your next service change.",https://gtfsscorecard.org/agency/sierra-madre-gateway-coach-2251/,US,US-CA,California
sierra-madre-gateway-coach-829,Sierra Madre Gateway Coach,,F,48.5,small,31,2026-07-10,-1652,within_review_threshold,stale,,8.0.1,http://data.trilliumtransit.com/gtfs/sierramadre-ca-us/sierramadre-ca-us.zip,"Re-export the feed with a calendar that reaches further out, and set feed_info feed_end_date past your next service change.",https://gtfsscorecard.org/agency/sierra-madre-gateway-coach-829/,US,,
silver-key-senior-services,Flex,Colorado,C,77.3,small,74,2026-07-10,53,within_review_threshold,current,2182,8.0.1,https://data.trilliumtransit.com/gtfs/silverkey-co-us/silverkey-co-us--flex-v2.zip,Set wheelchair_boarding to 1 (accessible) or 2 (not accessible) for every stop. A field survey can start with the busiest stops.,https://gtfsscorecard.org/agency/silver-key-senior-services/,US,US-CO,Colorado
simi-valley-transit,Simi Valley Transit,California,F,56.6,medium,46,2026-07-10,-1135,within_review_threshold,stale,40,8.0.1,https://data.trilliumtransit.com/gtfs/simivalley-ca-us/simivalley-ca-us.zip,"Re-export the feed with a calendar that reaches further out, and set feed_info feed_end_date past your next service change.",https://gtfsscorecard.org/agency/simi-valley-transit/,US,US-CA,California
simi-valley-transit-40,Simi Valley Transit,,F,56.6,medium,46,2026-07-10,-1135,within_review_threshold,stale,,8.0.1,http://data.trilliumtransit.com/gtfs/simivalley-ca-us/simivalley-ca-us.zip,"Re-export the feed with a calendar that reaches further out, and set feed_info feed_end_date past your next service change.",https://gtfsscorecard.org/agency/simi-valley-transit-40/,US,,
sioux-area-metro-sam,Sioux Area Metro (SAM),South Dakota,F,50.0,medium,34,2026-07-10,-830,within_review_threshold,stale,192,8.0.1,https://data.trilliumtransit.com/gtfs/siouxareametro-sd-us/siouxareametro-sd-us.zip,"Re-export the feed with a calendar that reaches further out, and set feed_info feed_end_date past your next service change.",https://gtfsscorecard.org/agency/sioux-area-metro-sam/,US,US-SD,South Dakota
sioux-area-metro-sam-192,Sioux Area Metro (SAM),,F,50.0,medium,34,2026-07-10,-830,within_review_threshold,stale,,8.0.1,http://data.trilliumtransit.com/gtfs/siouxareametro-sd-us/siouxareametro-sd-us.zip,"Re-export the feed with a calendar that reaches further out, and set feed_info feed_end_date past your next service change.",https://gtfsscorecard.org/agency/sioux-area-metro-sam-192/,US,,
sioux-city-transit-system,Sioux City Transit System,Iowa,B,82.6,medium,88,2026-07-10,175,within_review_threshold,current,191,8.0.1,https://data.trilliumtransit.com/gtfs/siouxcity-ia-us/siouxcity-ia-us.zip,Set wheelchair_boarding to 1 (accessible) or 2 (not accessible) for every stop. A field survey can start with the busiest stops.,https://gtfsscorecard.org/agency/sioux-city-transit-system/,US,US-IA,Iowa
sioux-city-transit-system-191,Sioux City Transit System,,B,82.6,medium,88,2026-07-10,175,within_review_threshold,current,,8.0.1,http://data.trilliumtransit.com/gtfs/siouxcity-ia-us/siouxcity-ia-us.zip,Set wheelchair_boarding to 1 (accessible) or 2 (not accessible) for every stop. A field survey can start with the busiest stops.,https://gtfsscorecard.org/agency/sioux-city-transit-system-191/,US,,
siskiyou-county,Siskiyou County,California,B,81.8,medium,85,2026-07-10,1476,within_review_threshold,current,117,8.0.1,https://data.trilliumtransit.com/gtfs/siskiyou-ca-us/siskiyou-ca-us.zip,"Set wheelchair_accessible on every trip (most small-agency fleets are 100% accessible, so this is often a single default).",https://gtfsscorecard.org/agency/siskiyou-county/,US,US-CA,California
siskiyou-county-117,Siskiyou County,,B,81.8,medium,85,2026-07-10,1476,within_review_threshold,current,,8.0.1,http://data.trilliumtransit.com/gtfs/siskiyou-ca-us/siskiyou-ca-us.zip,"Set wheelchair_accessible on every trip (most small-agency fleets are 100% accessible, so this is often a single default).",https://gtfsscorecard.org/agency/siskiyou-county-117/,US,,
skamania-county-transit,Skamania County Transit,Washington,B,80.2,small,81,2026-07-10,114,within_review_threshold,current,262,8.0.1,https://data.trilliumtransit.com/gtfs/skamaniacounty-wa-us/skamaniacounty-wa-us.zip,Set wheelchair_boarding to 1 (accessible) or 2 (not accessible) for every stop. A field survey can start with the busiest stops.,https://gtfsscorecard.org/agency/skamania-county-transit/,US,US-WA,Washington
snoqualmie-valley-transportation,Snoqualmie Valley Transportation,Washington,B,81.7,small,85,2026-07-10,114,within_review_threshold,current,816,8.0.1,https://data.trilliumtransit.com/gtfs/snoqualmie-wa-us/snoqualmie-wa-us.zip,Set wheelchair_boarding to 1 (accessible) or 2 (not accessible) for every stop. A field survey can start with the busiest stops.,https://gtfsscorecard.org/agency/snoqualmie-valley-transportation/,US,US-WA,Washington
snowmass-village-transportation,Snowmass Village Transportation,Colorado,C,75.5,small,70,2026-07-10,72,within_review_threshold,current,164,8.0.1,https://data.trilliumtransit.com/gtfs/snowmassvillagetransportation-co-us/snowmassvillagetransportation-co-us.zip,Set wheelchair_boarding to 1 (accessible) or 2 (not accessible) for every stop. A field survey can start with the busiest stops.,https://gtfsscorecard.org/agency/snowmass-village-transportation/,US,US-CO,Colorado
snowmass-village-transportation-164,Snowmass Village Transportation,,C,75.5,small,70,2026-07-10,72,within_review_threshold,current,,8.0.1,http://data.trilliumtransit.com/gtfs/snowmassvillagetransportation-co-us/snowmassvillagetransportation-co-us.zip,Set wheelchair_boarding to 1 (accessible) or 2 (not accessible) for every stop. A field survey can start with the busiest stops.,https://gtfsscorecard.org/agency/snowmass-village-transportation-164/,US,,
soltrans,SolTrans (Solano County Transit),,A,94.0,medium,98,2026-07-10,539,within_review_threshold,current,,8.0.1,https://soltrans.connexionz.net/rtt/public/resource/gtfs.zip,Review the rule documentation for 'missing_feed_contact_email_and_url' at https://gtfs-validator.mobilitydata.org/rules.html and check the flagged rows in your feed.,https://gtfsscorecard.org/agency/soltrans/,US,,
sonoma-county-airport-express,Sonoma County Airport Express,California,F,49.4,small,33,2026-07-10,-1287,within_review_threshold,stale,66,8.0.1,https://data.trilliumtransit.com/gtfs/airportexpressinc-ca-us/airportexpressinc-ca-us.zip,"Re-export the feed with a calendar that reaches further out, and set feed_info feed_end_date past your next service change.",https://gtfsscorecard.org/agency/sonoma-county-airport-express/,US,US-CA,California
sonoma-county-airport-express-66,Sonoma County Airport Express,,F,49.4,small,33,2026-07-10,-1287,within_review_threshold,stale,,8.0.1,http://data.trilliumtransit.com/gtfs/airportexpressinc-ca-us/airportexpressinc-ca-us.zip,"Re-export the feed with a calendar that reaches further out, and set feed_info feed_end_date past your next service change.",https://gtfsscorecard.org/agency/sonoma-county-airport-express-66/,US,,
sonoma-county-transit-sct,Sonoma County Transit (SCT),California,D,66.9,large,57,2026-07-10,29,within_review_threshold,expiring_soon,70,8.0.1,https://data.trilliumtransit.com/gtfs/sonomacounty-ca-us/sonomacounty-ca-us.zip,Re-export with a validity window that reaches at least 60 days out.,https://gtfsscorecard.org/agency/sonoma-county-transit-sct/,US,US-CA,California
sonoma-county-transit-sct-70,Sonoma County Transit (SCT),,D,66.9,large,57,2026-07-10,29,within_review_threshold,expiring_soon,,8.0.1,http://data.trilliumtransit.com/gtfs/sonomacounty-ca-us/sonomacounty-ca-us.zip,Re-export with a validity window that reaches at least 60 days out.,https://gtfsscorecard.org/agency/sonoma-county-transit-sct-70/,US,,
sonoma-marin-area-rail-transit-smart,Sonoma-Marin Area Rail Transit (SMART),California,A,98.9,small,100,2026-07-10,184,within_review_threshold,current,815,8.0.1,https://data.trilliumtransit.com/gtfs/smart-ca-us/smart-ca-us.zip,Set wheelchair_boarding to 1 (accessible) or 2 (not accessible) for every stop. A field survey can start with the busiest stops.,https://gtfsscorecard.org/agency/sonoma-marin-area-rail-transit-smart/,US,US-CA,California
sonoma-marin-area-rail-transit-smart-815,Sonoma-Marin Area Rail Transit (SMART),,A,98.9,small,100,2026-07-10,184,within_review_threshold,current,,8.0.1,http://data.trilliumtransit.com/gtfs/smart-ca-us/smart-ca-us.zip,Set wheelchair_boarding to 1 (accessible) or 2 (not accessible) for every stop. A field survey can start with the busiest stops.,https://gtfsscorecard.org/agency/sonoma-marin-area-rail-transit-smart-815/,US,,
sound-generations-hyde-shuttle,do not use - deprecfated,Washington,C,74.6,small,67,2026-07-10,114,within_review_threshold,current,2183,8.0.1,https://data.trilliumtransit.com/gtfs/soundgenerations-wa-us/soundgenerations-wa-us-hyde--flex-v2.zip,Set wheelchair_boarding to 1 (accessible) or 2 (not accessible) for every stop. A field survey can start with the busiest stops.,https://gtfsscorecard.org/agency/sound-generations-hyde-shuttle/,US,US-WA,Washington
sound-transit,Sound Transit,Washington,B,82.5,medium,87,2026-07-10,49,within_review_threshold,current,268,8.0.1,https://gtfs.sound.obaweb.org/prod/40_gtfs.zip,"Remove retired stops from the export, or add them back to the trips that should serve them.",https://gtfsscorecard.org/agency/sound-transit/,US,US-WA,Washington
sound-transit-metro-transit-city-of-seattle-king-county-metro,"Sound Transit, Metro Transit, City of Seattle - King County Metro",Washington,B,88.8,large,96,2026-07-10,49,within_review_threshold,current,267,8.0.1,http://metro.kingcounty.gov/GTFS/google_transit.zip,Review the rule documentation for 'route_short_name_too_long' at https://gtfs-validator.mobilitydata.org/rules.html and check the flagged rows in your feed.,https://gtfsscorecard.org/agency/sound-transit-metro-transit-city-of-seattle-king-county-metro/,US,US-WA,Washington
south-central-council-of-governments-sccog,Flex,Colorado,C,72.0,small,62,2026-07-10,114,within_review_threshold,current,2181,8.0.1,https://data.trilliumtransit.com/gtfs/sccog-co-us/sccog-co-us--flex-v2.zip,Set wheelchair_boarding to 1 (accessible) or 2 (not accessible) for every stop. A field survey can start with the busiest stops.,https://gtfsscorecard.org/agency/south-central-council-of-governments-sccog/,US,US-CO,Colorado
south-clackamas-transportation-district,South Clackamas Transportation District,Oregon,C,72.5,small,63,2026-07-10,52,within_review_threshold,current,883,8.0.1,https://oregon-gtfs.trilliumtransit.com/gtfs_data/sctd-or-us/sctd-or-us.zip,Set wheelchair_boarding to 1 (accessible) or 2 (not accessible) for every stop. A field survey can start with the busiest stops.,https://gtfsscorecard.org/agency/south-clackamas-transportation-district/,US,US-OR,Oregon
south-county-transit-link,South County Transit Link,California,F,30.0,small,5,2026-07-10,-1652,within_review_threshold,stale,817,8.0.1,https://data.trilliumtransit.com/gtfs/southcountytransitlink-ca-us/southcountytransitlink-ca-us.zip,"Re-export the feed with a calendar that reaches further out, and set feed_info feed_end_date past your next service change.",https://gtfsscorecard.org/agency/south-county-transit-link/,US,US-CA,California
south-county-transit-link-817,South County Transit Link,,F,30.0,small,5,2026-07-10,-1652,within_review_threshold,stale,,8.0.1,http://data.trilliumtransit.com/gtfs/southcountytransitlink-ca-us/southcountytransitlink-ca-us.zip,"Re-export the feed with a calendar that reaches further out, and set feed_info feed_end_date past your next service change.",https://gtfsscorecard.org/agency/south-county-transit-link-817/,US,,
south-florida-regional-transportation-authority-tri-rail,South Florida Regional Transportation Authority (Tri-Rail),Florida,D,67.4,small,57,2026-07-10,503,within_review_threshold,current,333,8.0.1,http://www.tri-rail.com/GTDF/Current/google_transit.zip,Set wheelchair_boarding to 1 (accessible) or 2 (not accessible) for every stop. A field survey can start with the busiest stops.,https://gtfsscorecard.org/agency/south-florida-regional-transportation-authority-tri-rail/,US,US-FL,Florida
south-metro-area-regional-transit-smart,South Metro Area Regional Transit (SMART),Oregon,F,30.1,medium,5,2026-07-10,-1051,within_review_threshold,stale,248,8.0.1,https://data.trilliumtransit.com/gtfs/wilsonville-or-us/wilsonville-or-us.zip,"Re-export the feed with a calendar that reaches further out, and set feed_info feed_end_date past your next service change.",https://gtfsscorecard.org/agency/south-metro-area-regional-transit-smart/,US,US-OR,Oregon
south-metro-area-regional-transit-smart-248,South Metro Area Regional Transit (SMART),,F,30.1,medium,5,2026-07-10,-1051,within_review_threshold,stale,,8.0.1,http://data.trilliumtransit.com/gtfs/wilsonville-or-us/wilsonville-or-us.zip,"Re-export the feed with a calendar that reaches further out, and set feed_info feed_end_date past your next service change.",https://gtfsscorecard.org/agency/south-metro-area-regional-transit-smart-248/,US,,
south-metro-area-regional-transit-smart-2706,South Metro Area Regional Transit (SMART),Oregon,C,72.1,medium,62,2026-07-10,26837,unusually_distant,current,2706,8.0.1,https://mysmartbus.com/gtfs,Set wheelchair_boarding to 1 (accessible) or 2 (not accessible) for every stop. A field survey can start with the busiest stops.,https://gtfsscorecard.org/agency/south-metro-area-regional-transit-smart-2706/,US,US-OR,Oregon
south-portland,South Portland,Maine,F,37.2,medium,10,2026-07-10,-1562,within_review_threshold,stale,453,8.0.1,http://smttracker.com/downloads/gtfs/south-portland-me-us.zip,"Re-export the feed with a calendar that reaches further out, and set feed_info feed_end_date past your next service change.",https://gtfsscorecard.org/agency/south-portland/,US,US-ME,Maine
south-portland-2641,South Portland,Maine,F,37.0,medium,10,2026-07-10,-278,within_review_threshold,lapsed,2641,8.0.1,https://gtfs.remix.com/South_Portland_Bus_ME_US.zip,"Re-export the feed with a calendar that reaches further out, and set feed_info feed_end_date past your next service change.",https://gtfsscorecard.org/agency/south-portland-2641/,US,US-ME,Maine
south-shore-line,South Shore Line,Indiana,B,89.7,small,96,2026-07-10,1635,within_review_threshold,current,585,8.0.1,http://www.mysouthshoreline.com/google/google_transit.zip,"Check with your AVL vendor that every vehicle assignment flows into TripUpdates, including school-day and tripper runs.",https://gtfsscorecard.org/agency/south-shore-line/,US,US-IN,Indiana
southeast-area-transit-district,Southeast Area Transit District,Connecticut,F,44.5,medium,20,2026-07-10,-1139,within_review_threshold,stale,552,8.0.1,https://data.trilliumtransit.com/gtfs/seatbus-ct-us/seatbus-ct-us.zip,"Re-export the feed with a calendar that reaches further out, and set feed_info feed_end_date past your next service change.",https://gtfsscorecard.org/agency/southeast-area-transit-district/,US,US-CT,Connecticut
southeast-area-transit-district-2240,Southeast Area Transit District,Connecticut,C,78.0,medium,75,2026-07-10,352,within_review_threshold,current,2240,8.0.1,https://gtfs.remix.com/seat_preston_ct_us.zip,Set wheelchair_boarding to 1 (accessible) or 2 (not accessible) for every stop. A field survey can start with the busiest stops.,https://gtfsscorecard.org/agency/southeast-area-transit-district-2240/,US,US-CT,Connecticut
southeast-area-transit-district-552,Southeast Area Transit District,,F,44.5,medium,20,2026-07-10,-1139,within_review_threshold,stale,,8.0.1,http://data.trilliumtransit.com/gtfs/seatbus-ct-us/seatbus-ct-us.zip,"Re-export the feed with a calendar that reaches further out, and set feed_info feed_end_date past your next service change.",https://gtfsscorecard.org/agency/southeast-area-transit-district-552/,US,,
southeastern-pennsylvania-transportation-authority-septa,Bus,Pennsylvania,D,60.8,large,51,2026-07-10,22,within_review_threshold,expiring_soon,502,8.0.1,https://www3.septa.org/developer/google_bus.zip,Re-export with a validity window that reaches at least 60 days out.,https://gtfsscorecard.org/agency/southeastern-pennsylvania-transportation-authority-septa/,US,US-PA,Pennsylvania
southeastern-pennsylvania-transportation-authority-septa-503,Rail,Pennsylvania,C,73.7,medium,65,2026-07-10,15,within_review_threshold,expiring_soon,503,8.0.1,https://www3.septa.org/developer/google_rail.zip,Re-export with a validity window that reaches at least 60 days out.,https://gtfsscorecard.org/agency/southeastern-pennsylvania-transportation-authority-septa-503/,US,US-PA,Pennsylvania
southeastern-regional-transit-authority-srta,Southeastern Regional Transit Authority (SRTA),Massachusetts,F,52.4,large,40,2026-07-10,-13,within_review_threshold,lapsed,421,8.0.1,https://data.trilliumtransit.com/gtfs/srta-ma-us/srta-ma-us.zip,"Re-export the feed with a calendar that reaches further out, and set feed_info feed_end_date past your next service change.",https://gtfsscorecard.org/agency/southeastern-regional-transit-authority-srta/,US,US-MA,Massachusetts
southeastern-regional-transit-authority-srta-421,Southeastern Regional Transit Authority (SRTA),,F,51.5,large,37,2026-07-10,-13,within_review_threshold,lapsed,,8.0.1,http://data.trilliumtransit.com/gtfs/srta-ma-us/srta-ma-us.zip,"Re-export the feed with a calendar that reaches further out, and set feed_info feed_end_date past your next service change.",https://gtfsscorecard.org/agency/southeastern-regional-transit-authority-srta-421/,US,,
southwest-point,SouthWest POINT,Oregon,F,48.5,small,31,2026-07-10,-1821,within_review_threshold,stale,637,8.0.1,https://oregon-gtfs.trilliumtransit.com/gtfs_data/southwestpoint-or-us/southwestpoint-or-us.zip,"Re-export the feed with a calendar that reaches further out, and set feed_info feed_end_date past your next service change.",https://gtfsscorecard.org/agency/southwest-point/,US,US-OR,Oregon
southwest-rides,Flex,Colorado,C,75.5,small,70,2026-07-10,326,within_review_threshold,current,2184,8.0.1,https://data.trilliumtransit.com/gtfs/southwestrides-co-us/southwestrides-co-us--flex-v2.zip,Set wheelchair_boarding to 1 (accessible) or 2 (not accessible) for every stop. A field survey can start with the busiest stops.,https://gtfsscorecard.org/agency/southwest-rides/,US,US-CO,Colorado
spirit-bus,Spirit Bus,California,F,52.3,medium,39,2026-07-10,-830,within_review_threshold,stale,39,8.0.1,https://data.trilliumtransit.com/gtfs/montereypark-ca-us/montereypark-ca-us.zip,"Re-export the feed with a calendar that reaches further out, and set feed_info feed_end_date past your next service change.",https://gtfsscorecard.org/agency/spirit-bus/,US,US-CA,California
spirit-bus-2202,Spirit Bus,California,D,63.2,medium,53,2026-07-10,30,within_review_threshold,expiring_soon,2202,8.0.1,https://passio3.com/montereyp/passioTransit/gtfs/google_transit.zip,Set wheelchair_boarding to 1 (accessible) or 2 (not accessible) for every stop. A field survey can start with the busiest stops.,https://gtfsscorecard.org/agency/spirit-bus-2202/,US,US-CA,California
spirit-bus-39,Spirit Bus,,F,52.3,medium,39,2026-07-10,-830,within_review_threshold,stale,,8.0.1,http://data.trilliumtransit.com/gtfs/montereypark-ca-us/montereypark-ca-us.zip,"Re-export the feed with a calendar that reaches further out, and set feed_info feed_end_date past your next service change.",https://gtfsscorecard.org/agency/spirit-bus-39/,US,,
spokane-transit-authority-sta,Spokane Transit Authority (STA),Washington,B,82.4,large,87,2026-07-10,71,within_review_threshold,current,290,8.0.1,https://www.spokanetransit.com/gtfs,"Use mixed case for stop names and headsigns (e.g. 'Main St & 2nd Ave', not 'MAIN ST & 2ND AVE').",https://gtfsscorecard.org/agency/spokane-transit-authority-sta/,US,US-WA,Washington
springfield-mass-transit-district-smtd,Springfield Mass Transit District (SMTD),Illinois,F,55.8,large,45,2026-07-10,-34,within_review_threshold,lapsed,385,8.0.1,http://data.smtd.org/gtfs/smtd_gtfs_feed.zip,"Re-export the feed with a calendar that reaches further out, and set feed_info feed_end_date past your next service change.",https://gtfsscorecard.org/agency/springfield-mass-transit-district-smtd/,US,US-IL,Illinois
springfield-mass-transit-district-smtd-3187,Springfield Mass Transit District (SMTD),,C,72.9,large,64,2026-07-10,43,within_review_threshold,current,3187,8.0.1,https://ride.smtd.org/gtfs/smtd_gtfs_feed.zip,"Set wheelchair_accessible on every trip (most small-agency fleets are 100% accessible, so this is often a single default).",https://gtfsscorecard.org/agency/springfield-mass-transit-district-smtd-3187/,US,,
squaxin-island-transit,Squaxin Island Transit,Washington,F,53.8,small,42,2026-07-10,-983,within_review_threshold,stale,846,8.0.1,https://mjcaction.com/MJC_GTFS_Public/squaxintribe_google_transit.zip,"Re-export the feed with a calendar that reaches further out, and set feed_info feed_end_date past your next service change.",https://gtfsscorecard.org/agency/squaxin-island-transit/,US,US-WA,Washington
squaxin-island-transit-2197,Squaxin Island Transit,Washington,B,83.1,small,89,2026-07-10,83,within_review_threshold,current,2197,8.0.1,https://data.trilliumtransit.com/gtfs/squaxinisland-wa-us/squaxinisland-wa-us.zip,Set wheelchair_boarding to 1 (accessible) or 2 (not accessible) for every stop. A field survey can start with the busiest stops.,https://gtfsscorecard.org/agency/squaxin-island-transit-2197/,US,US-WA,Washington
squaxin-island-transit-846,Squaxin Island Transit,,F,53.8,small,42,2026-07-10,-983,within_review_threshold,stale,,8.0.1,http://mjcaction.com/MJC_GTFS_Public/squaxintribe_google_transit.zip,"Re-export the feed with a calendar that reaches further out, and set feed_info feed_end_date past your next service change.",https://gtfsscorecard.org/agency/squaxin-island-transit-846/,US,,
st-lawrence-county-public-transit,St Lawrence County Public Transit,New York,F,40.4,medium,14,2026-07-10,-71,within_review_threshold,lapsed,5,8.0.1,https://s3.amazonaws.com/datatools-511ny/public/St_Lawrence_County_Public_Transit.zip,"Re-export the feed with a calendar that reaches further out, and set feed_info feed_end_date past your next service change.",https://gtfsscorecard.org/agency/st-lawrence-county-public-transit/,US,US-NY,New York
st-lawrence-county-public-transit-2611,St Lawrence County Public Transit,New York,F,55.5,medium,44,2026-07-10,30,within_review_threshold,expiring_soon,2611,8.0.1,https://passio3.com/stlawrence/passioTransit/gtfs/google_transit.zip,Set wheelchair_boarding to 1 (accessible) or 2 (not accessible) for every stop. A field survey can start with the busiest stops.,https://gtfsscorecard.org/agency/st-lawrence-county-public-transit-2611/,US,US-NY,New York
st-mary-s-transit-system-sts,St. Mary's Transit System (STS),Maryland,F,42.6,medium,17,2026-07-10,-1985,within_review_threshold,stale,476,8.0.1,https://github.com/mobilityequity/maryland-local-gtfs/raw/master/SM_GTFS.zip,"Re-export the feed with a calendar that reaches further out, and set feed_info feed_end_date past your next service change.",https://gtfsscorecard.org/agency/st-mary-s-transit-system-sts/,US,US-MD,Maryland
stagecoach-transportation-services-sts,Stagecoach Transportation Services (STS),Vermont,F,21.4,medium,2,2026-07-10,-2382,within_review_threshold,stale,449,8.0.1,https://data.trilliumtransit.com/gtfs/stagecoach-vt-us/stagecoach-vt-us.zip,"Re-export the feed with a calendar that reaches further out, and set feed_info feed_end_date past your next service change.",https://gtfsscorecard.org/agency/stagecoach-transportation-services-sts/,US,US-VT,Vermont
stagecoach-transportation-services-sts-449,Stagecoach Transportation Services (STS),,F,21.4,medium,2,2026-07-10,-2382,within_review_threshold,stale,,8.0.1,http://data.trilliumtransit.com/gtfs/stagecoach-vt-us/stagecoach-vt-us.zip,"Re-export the feed with a calendar that reaches further out, and set feed_info feed_end_date past your next service change.",https://gtfsscorecard.org/agency/stagecoach-transportation-services-sts-449/,US,,
stanford-marguerite-shuttle-sms,Stanford Marguerite Shuttle (SMS),California,A,92.9,medium,98,2026-07-10,343,within_review_threshold,current,59,8.0.1,https://transportation-forms.stanford.edu/google/google_transit.zip,Review the rule documentation for 'equal_shape_distance_same_coordinates' at https://gtfs-validator.mobilitydata.org/rules.html and check the flagged rows in your feed.,https://gtfsscorecard.org/agency/stanford-marguerite-shuttle-sms/,US,US-CA,California
stanislaus-regional-transit-authority,Stanislaus Regional Transit Authority,,F,44.4,small,20,2026-07-10,-39,within_review_threshold,lapsed,,8.0.1,https://data.trilliumtransit.com/gtfs/stanrta-ca-us/stanrta-ca-us--flex-v2.zip,"Re-export the feed with a calendar that reaches further out, and set feed_info feed_end_date past your next service change.",https://gtfsscorecard.org/agency/stanislaus-regional-transit-authority/,US,,
stanislaus-regional-transit-authority-stanrta,Stanislaus Regional Transit Authority (StanRTA),,F,42.7,medium,17,2026-07-10,-861,within_review_threshold,stale,,8.0.1,https://www.stanrta.org/DocumentCenter/View/609/preview-gtfs.zip,"Re-export the feed with a calendar that reaches further out, and set feed_info feed_end_date past your next service change.",https://gtfsscorecard.org/agency/stanislaus-regional-transit-authority-stanrta/,US,,
stanislaus-regional-transit-start,Stanislaus Regional Transit (StaRT),California,F,47.6,medium,29,2026-07-10,-2017,within_review_threshold,stale,87,8.0.1,https://data.trilliumtransit.com/gtfs/stanislaus-ca-us/stanislaus-ca-us.zip,"Re-export the feed with a calendar that reaches further out, and set feed_info feed_end_date past your next service change.",https://gtfsscorecard.org/agency/stanislaus-regional-transit-start/,US,US-CA,California
stanislaus-regional-transit-start-2273,Stanislaus Regional Transit (StaRT),California,C,75.2,medium,68,2026-07-10,355,within_review_threshold,current,2273,8.0.1,https://stanrta.rideralerts.com/InfoPoint/gtfs-zip.ashx,Set wheelchair_boarding to 1 (accessible) or 2 (not accessible) for every stop. A field survey can start with the busiest stops.,https://gtfsscorecard.org/agency/stanislaus-regional-transit-start-2273/,US,US-CA,California
stanislaus-regional-transit-start-87,Stanislaus Regional Transit (StaRT),,F,47.6,medium,29,2026-07-10,-2017,within_review_threshold,stale,,8.0.1,http://data.trilliumtransit.com/gtfs/stanislaus-ca-us/stanislaus-ca-us.zip,"Re-export the feed with a calendar that reaches further out, and set feed_info feed_end_date past your next service change.",https://gtfsscorecard.org/agency/stanislaus-regional-transit-start-87/,US,,
star-transit,STAR Transit,Texas,B,85.4,medium,94,2026-07-10,539,within_review_threshold,current,153,8.0.1,https://data.trilliumtransit.com/gtfs/startransit-tx-us/startransit-tx-us.zip,"Set wheelchair_accessible on every trip (most small-agency fleets are 100% accessible, so this is often a single default).",https://gtfsscorecard.org/agency/star-transit/,US,US-TX,Texas
star-transit-153,STAR Transit,,B,85.4,medium,94,2026-07-10,539,within_review_threshold,current,,8.0.1,http://data.trilliumtransit.com/gtfs/startransit-tx-us/startransit-tx-us.zip,"Set wheelchair_accessible on every trip (most small-agency fleets are 100% accessible, so this is often a single default).",https://gtfsscorecard.org/agency/star-transit-153/,US,,
star-transit-2444,Flex,Virginia,D,66.0,medium,56,2026-07-10,114,within_review_threshold,current,2444,8.0.1,https://data.trilliumtransit.com/gtfs/startransit-va-us/startransit-va-us--flex-v2.zip,Review the rule documentation for 'invalid_pickup_drop_off_window' at https://gtfs-validator.mobilitydata.org/rules.html and check the flagged rows in your feed.,https://gtfsscorecard.org/agency/star-transit-2444/,US,US-VA,Virginia
star-transit-819,STAR Transit,Virginia,C,78.2,medium,76,2026-07-10,114,within_review_threshold,current,819,8.0.1,https://data.trilliumtransit.com/gtfs/startransit-va-us/startransit-va-us.zip,Set wheelchair_boarding to 1 (accessible) or 2 (not accessible) for every stop. A field survey can start with the busiest stops.,https://gtfsscorecard.org/agency/star-transit-819/,US,US-VA,Virginia
stark-area-regional-transit-authority-sarta,Stark Area Regional Transit Authority (SARTA),Ohio,F,29.2,large,5,2026-07-10,-972,within_review_threshold,stale,818,8.0.1,https://github.com/transitland/gtfs-archives-not-hosted-elsewhere/raw/master/stark-area-regional-transit-authority.zip,"Re-export the feed with a calendar that reaches further out, and set feed_info feed_end_date past your next service change.",https://gtfsscorecard.org/agency/stark-area-regional-transit-authority-sarta/,US,US-OH,Ohio
stark-area-regional-transit-authority-sarta-2001,Stark Area Regional Transit Authority (SARTA),Ohio,F,50.9,large,36,2026-07-10,29,within_review_threshold,expiring_soon,2001,8.0.1,https://rapid.nationalrtap.org/GTFSFileManagement/UserUploadFiles/11346/gtfs.zip,Re-export with a validity window that reaches at least 60 days out.,https://gtfsscorecard.org/agency/stark-area-regional-transit-authority-sarta-2001/,US,US-OH,Ohio
starmetro,StarMetro,Florida,F,56.8,medium,46,2026-07-10,-677,within_review_threshold,stale,344,8.0.1,https://data.trilliumtransit.com/gtfs/starmetro-fl-us/starmetro-fl-us.zip,"Re-export the feed with a calendar that reaches further out, and set feed_info feed_end_date past your next service change.",https://gtfsscorecard.org/agency/starmetro/,US,US-FL,Florida
starmetro-344,StarMetro,,F,56.8,medium,46,2026-07-10,-677,within_review_threshold,stale,,8.0.1,http://data.trilliumtransit.com/gtfs/starmetro-fl-us/starmetro-fl-us.zip,"Re-export the feed with a calendar that reaches further out, and set feed_info feed_end_date past your next service change.",https://gtfsscorecard.org/agency/starmetro-344/,US,,
startran,StarTran,Nebraska,F,52.1,large,39,2026-07-10,-2017,within_review_threshold,stale,1188,8.0.1,https://transitfeeds.com/p/startran/781/latest/download,"Re-export the feed with a calendar that reaches further out, and set feed_info feed_end_date past your next service change.",https://gtfsscorecard.org/agency/startran/,US,US-NE,Nebraska
startran-2269,StarTran,Nebraska,D,68.2,medium,58,2026-07-10,539,within_review_threshold,current,2269,8.0.1,https://startran.connexionz.net/rtt/public/resource/gtfs.zip,Set wheelchair_boarding to 1 (accessible) or 2 (not accessible) for every stop. A field survey can start with the busiest stops.,https://gtfsscorecard.org/agency/startran-2269/,US,US-NE,Nebraska
staten-island-ferry,Staten Island Ferry,New York,F,26.2,small,4,2026-06-27,,unknown,unknown,518,8.0.1,http://www.nyc.gov/html/dot/downloads/misc/siferry-gtfs.zip,Add feed_start_date and feed_end_date to feed_info.txt and include calendar end dates in your export.,https://gtfsscorecard.org/agency/staten-island-ferry/,US,US-NY,New York
steamboat-springs-transit,Flex v2 included,Colorado,B,84.0,medium,91,2026-07-10,140,within_review_threshold,current,2051,8.0.1,https://data.trilliumtransit.com/gtfs/steamboatsprings-co-us/steamboatsprings-co-us--flex-v2.zip,Set wheelchair_boarding to 1 (accessible) or 2 (not accessible) for every stop. A field survey can start with the busiest stops.,https://gtfsscorecard.org/agency/steamboat-springs-transit/,US,US-CO,Colorado
steel-valley-regional-transit-authority,Steel Valley Regional Transit Authority,Ohio,F,45.9,medium,24,2026-07-10,-191,within_review_threshold,lapsed,3113,8.0.1,https://svrta.com/wp-content/uploads/2025/12/svrta-steubenville-oh-us-2.zip,"Re-export the feed with a calendar that reaches further out, and set feed_info feed_end_date past your next service change.",https://gtfsscorecard.org/agency/steel-valley-regional-transit-authority/,US,US-OH,Ohio
steuben-area-rides,Steuben Area Rides,New York,F,18.2,small,1,2026-07-10,-2017,within_review_threshold,stale,850,8.0.1,https://s3.amazonaws.com/datatools-511ny/public/Steuben_Area_Rides.zip,"Re-export the feed with a calendar that reaches further out, and set feed_info feed_end_date past your next service change.",https://gtfsscorecard.org/agency/steuben-area-rides/,US,US-NY,New York
steuben-county-transit,Steuben County Transit,New York,F,26.5,small,4,2026-07-10,-191,within_review_threshold,lapsed,851,8.0.1,https://s3.amazonaws.com/datatools-511ny/public/Steuben_County_Transit.zip,"Re-export the feed with a calendar that reaches further out, and set feed_info feed_end_date past your next service change.",https://gtfsscorecard.org/agency/steuben-county-transit/,US,US-NY,New York
streamline,Streamline,Montana,B,80.3,medium,81,2026-07-10,905,within_review_threshold,current,295,8.0.1,https://data.trilliumtransit.com/gtfs/streamlinetransit-mt-us/streamlinetransit-mt-us.zip,Set wheelchair_boarding to 1 (accessible) or 2 (not accessible) for every stop. A field survey can start with the busiest stops.,https://gtfsscorecard.org/agency/streamline/,US,US-MT,Montana
streamline-295,Streamline,,B,80.3,medium,81,2026-07-10,905,within_review_threshold,current,,8.0.1,http://data.trilliumtransit.com/gtfs/streamlinetransit-mt-us/streamlinetransit-mt-us.zip,Set wheelchair_boarding to 1 (accessible) or 2 (not accessible) for every stop. A field survey can start with the busiest stops.,https://gtfsscorecard.org/agency/streamline-295/,US,,
suburban-mobility-authority-for-regional-transit-smart,Suburban Mobility Authority for Regional Transit (SMART),Michigan,B,84.3,large,92,2026-07-10,58,within_review_threshold,current,414,8.0.1,https://apps1.smartbus.org/gtfs/smart_gtfs.zip,Set wheelchair_boarding to 1 (accessible) or 2 (not accessible) for every stop. A field survey can start with the busiest stops.,https://gtfsscorecard.org/agency/suburban-mobility-authority-for-regional-transit-smart/,US,US-MI,Michigan
suffolk-county-transit,Suffolk County Transit,New York,F,32.5,large,7,2026-07-10,-191,within_review_threshold,lapsed,548,8.0.1,https://www.suffolkcountyny.gov/Portals/0/formsdocs/publicworks/Zip/google_transit.zip,"Re-export the feed with a calendar that reaches further out, and set feed_info feed_end_date past your next service change.",https://gtfsscorecard.org/agency/suffolk-county-transit/,US,US-NY,New York
suffolk-county-transit-3115,Suffolk County Transit,New York,F,58.4,large,48,2026-07-10,26837,unusually_distant,current,3115,8.0.1,https://tracksctbus.org/gtfs,Set wheelchair_boarding to 1 (accessible) or 2 (not accessible) for every stop. A field survey can start with the busiest stops.,https://gtfsscorecard.org/agency/suffolk-county-transit-3115/,US,US-NY,New York
sullivan-county-transit,Sullivan County Transit,New York,F,51.7,medium,38,2026-07-10,174,within_review_threshold,current,927,8.0.1,https://s3.amazonaws.com/datatools-511ny/public/Sullivan_County.zip,Set wheelchair_boarding to 1 (accessible) or 2 (not accessible) for every stop. A field survey can start with the busiest stops.,https://gtfsscorecard.org/agency/sullivan-county-transit/,US,US-NY,New York
summit-stage,Summit Stage,Colorado,C,79.6,medium,79,2026-07-10,127,within_review_threshold,current,820,8.0.1,https://data.trilliumtransit.com/gtfs/summitstage-co-us/summitstage-co-us.zip,Set wheelchair_boarding to 1 (accessible) or 2 (not accessible) for every stop. A field survey can start with the busiest stops.,https://gtfsscorecard.org/agency/summit-stage/,US,US-CO,Colorado
summit-stage-820,Summit Stage,,C,79.6,medium,79,2026-07-10,127,within_review_threshold,current,,8.0.1,http://data.trilliumtransit.com/gtfs/summitstage-co-us/summitstage-co-us.zip,Set wheelchair_boarding to 1 (accessible) or 2 (not accessible) for every stop. A field survey can start with the busiest stops.,https://gtfsscorecard.org/agency/summit-stage-820/,US,,
sun-metro,Sun Metro,Texas,C,71.3,large,62,2026-07-10,155,within_review_threshold,current,148,8.0.1,http://transit.sunmetro.net/google_transit/google_transit.zip,Set wheelchair_boarding to 1 (accessible) or 2 (not accessible) for every stop. A field survey can start with the busiest stops.,https://gtfsscorecard.org/agency/sun-metro/,US,US-TX,Texas
sunline-transit-agency,SunLine Transit Agency,,F,20.3,medium,2,2026-07-10,-191,within_review_threshold,lapsed,,8.0.1,http://www.sunline.org/transit/google_transit.zip,"Re-export the feed with a calendar that reaches further out, and set feed_info feed_end_date past your next service change.",https://gtfsscorecard.org/agency/sunline-transit-agency/,US,,
sunset-empire-transportation-district-setd-tillamook-county-transportation-district-columbia-county-rider,"Sunset Empire Transportation District (SETD), Tillamook County Transportation District, Columbia County Rider",Oregon,B,81.0,small,83,2026-07-10,53,within_review_threshold,current,246,8.0.1,https://oregon-gtfs.trilliumtransit.com/gtfs_data/tillamookcounty-or-us/tillamookcounty-or-us.zip,Set wheelchair_boarding to 1 (accessible) or 2 (not accessible) for every stop. A field survey can start with the busiest stops.,https://gtfsscorecard.org/agency/sunset-empire-transportation-district-setd-tillamook-county-transportation-district-columbia-county-rider/,US,US-OR,Oregon
sunshine-bus-company,Sunshine Bus Company,Florida,F,41.2,medium,15,2026-07-10,-1287,within_review_threshold,stale,350,8.0.1,https://data.trilliumtransit.com/gtfs/sunshinebuscompany-fl-us/sunshinebuscompany-fl-us.zip,"Re-export the feed with a calendar that reaches further out, and set feed_info feed_end_date past your next service change.",https://gtfsscorecard.org/agency/sunshine-bus-company/,US,US-FL,Florida
sunshine-bus-company-350,Sunshine Bus Company,,F,41.2,medium,15,2026-07-10,-1287,within_review_threshold,stale,,8.0.1,http://data.trilliumtransit.com/gtfs/sunshinebuscompany-fl-us/sunshinebuscompany-fl-us.zip,"Re-export the feed with a calendar that reaches further out, and set feed_info feed_end_date past your next service change.",https://gtfsscorecard.org/agency/sunshine-bus-company-350/,US,,
suntran,SunTran,Arizona,F,47.3,large,27,2026-07-10,-419,within_review_threshold,stale,144,8.0.1,https://www.suntran.com/wp-content/uploads/2021/08/SunTranGTFS.zip,"Re-export the feed with a calendar that reaches further out, and set feed_info feed_end_date past your next service change.",https://gtfsscorecard.org/agency/suntran/,US,US-AZ,Arizona
suntran-2354,SunTran,Arizona,F,55.7,large,45,2026-07-10,-55,within_review_threshold,lapsed,2354,8.0.1,https://www.suntran.com/wp-content/uploads/2024/07/SunTranGTFS.zip,"Re-export the feed with a calendar that reaches further out, and set feed_info feed_end_date past your next service change.",https://gtfsscorecard.org/agency/suntran-2354/,US,US-AZ,Arizona
suntran-343,SunTran,Florida,F,54.6,medium,43,2026-07-10,-708,within_review_threshold,stale,343,8.0.1,https://data.trilliumtransit.com/gtfs/suntran-fl-us/suntran-fl-us.zip,"Re-export the feed with a calendar that reaches further out, and set feed_info feed_end_date past your next service change.",https://gtfsscorecard.org/agency/suntran-343/,US,US-FL,Florida
suntran-utah,SunTran Utah,Utah,F,58.6,medium,48,2026-07-10,1665,within_review_threshold,current,111,8.0.1,http://www.fivecounty.utah.gov/transit/google_transit.zip,Set wheelchair_boarding to 1 (accessible) or 2 (not accessible) for every stop. A field survey can start with the busiest stops.,https://gtfsscorecard.org/agency/suntran-utah/,US,US-UT,Utah
swan-island-evening-shuttle,Swan Island Evening Shuttle,Oregon,C,79.8,small,79,2026-07-10,144,within_review_threshold,current,255,8.0.1,https://oregon-gtfs.trilliumtransit.com/gtfs_data/swanisland-or-us/swanisland-or-us.zip,Set wheelchair_boarding to 1 (accessible) or 2 (not accessible) for every stop. A field survey can start with the busiest stops.,https://gtfsscorecard.org/agency/swan-island-evening-shuttle/,US,US-OR,Oregon
taft-area-transit,Taft Area Transit,California,F,51.1,small,37,2026-07-10,-1652,within_review_threshold,stale,821,8.0.1,https://data.trilliumtransit.com/gtfs/taft-ca-us/taft-ca-us.zip,"Re-export the feed with a calendar that reaches further out, and set feed_info feed_end_date past your next service change.",https://gtfsscorecard.org/agency/taft-area-transit/,US,US-CA,California
taft-area-transit-821,Taft Area Transit,,F,51.1,small,37,2026-07-10,-1652,within_review_threshold,stale,,8.0.1,http://data.trilliumtransit.com/gtfs/taft-ca-us/taft-ca-us.zip,"Re-export the feed with a calendar that reaches further out, and set feed_info feed_end_date past your next service change.",https://gtfsscorecard.org/agency/taft-area-transit-821/,US,,
tahoe-area-regional-transit-tart-north-lake-tahoe-express,Placer County,California,C,75.4,medium,69,2026-07-10,59,within_review_threshold,current,94,8.0.1,https://data.trilliumtransit.com/gtfs/laketahoe-ca-us/laketahoe-ca-us.zip,Set wheelchair_boarding to 1 (accessible) or 2 (not accessible) for every stop. A field survey can start with the busiest stops.,https://gtfsscorecard.org/agency/tahoe-area-regional-transit-tart-north-lake-tahoe-express/,US,US-CA,California
tahoe-area-regional-transit-tart-north-lake-tahoe-express-94,Placer County,,C,75.4,medium,69,2026-07-10,59,within_review_threshold,current,,8.0.1,http://data.trilliumtransit.com/gtfs/laketahoe-ca-us/laketahoe-ca-us.zip,Set wheelchair_boarding to 1 (accessible) or 2 (not accessible) for every stop. A field survey can start with the busiest stops.,https://gtfsscorecard.org/agency/tahoe-area-regional-transit-tart-north-lake-tahoe-express-94/,US,,
tahoe-transportation-district,Tahoe Transportation District,Nevada,D,69.0,medium,59,2026-07-10,26837,unusually_distant,current,897,8.0.1,https://data.trilliumtransit.com/gtfs/tahoe-ca-us/tahoe-ca-us.zip,Set wheelchair_boarding to 1 (accessible) or 2 (not accessible) for every stop. A field survey can start with the busiest stops.,https://gtfsscorecard.org/agency/tahoe-transportation-district/,US,US-NV,Nevada
tahoe-transportation-district-897,Tahoe Transportation District,,D,69.0,medium,59,2026-07-10,26837,unusually_distant,current,,8.0.1,http://data.trilliumtransit.com/gtfs/tahoe-ca-us/tahoe-ca-us.zip,Set wheelchair_boarding to 1 (accessible) or 2 (not accessible) for every stop. A field survey can start with the busiest stops.,https://gtfsscorecard.org/agency/tahoe-transportation-district-897/,US,,
tar-river-transit,Tar River Transit,North Carolina,B,85.9,medium,94,2026-07-10,206,within_review_threshold,current,472,8.0.1,https://data.trilliumtransit.com/gtfs/tarriver-nc-us/tarriver-nc-us.zip,Set wheelchair_boarding to 1 (accessible) or 2 (not accessible) for every stop. A field survey can start with the busiest stops.,https://gtfsscorecard.org/agency/tar-river-transit/,US,US-NC,North Carolina
tar-river-transit-472,Tar River Transit,,B,85.9,medium,94,2026-07-10,206,within_review_threshold,current,,8.0.1,http://data.trilliumtransit.com/gtfs/tarriver-nc-us/tarriver-nc-us.zip,Set wheelchair_boarding to 1 (accessible) or 2 (not accessible) for every stop. A field survey can start with the busiest stops.,https://gtfsscorecard.org/agency/tar-river-transit-472/,US,,
tehama-rural-area-express-trax-susanville-indian-rancheria-public-transportation-program,"Tehama Rural Area Express (TRAX), Susanville Indian Rancheria Public Transportation Program",California,F,51.4,medium,37,2026-07-10,-70,within_review_threshold,lapsed,116,8.0.1,https://data.trilliumtransit.com/gtfs/tehama-ca-us/tehama-ca-us.zip,"Re-export the feed with a calendar that reaches further out, and set feed_info feed_end_date past your next service change.",https://gtfsscorecard.org/agency/tehama-rural-area-express-trax-susanville-indian-rancheria-public-transportation-program/,US,US-CA,California
tehama-rural-area-express-trax-susanville-indian-rancheria-public-transportation-program-116,"Tehama Rural Area Express (TRAX), Susanville Indian Rancheria Public Transportation Program",,F,51.4,medium,37,2026-07-10,-70,within_review_threshold,lapsed,,8.0.1,http://data.trilliumtransit.com/gtfs/tehama-ca-us/tehama-ca-us.zip,"Re-export the feed with a calendar that reaches further out, and set feed_info feed_end_date past your next service change.",https://gtfsscorecard.org/agency/tehama-rural-area-express-trax-susanville-indian-rancheria-public-transportation-program-116/,US,,
teller-senior-coalition-transit-tsc-transit,Teller Senior Coalition Transit (TSC Transit),Colorado,B,86.6,small,95,2026-07-10,175,within_review_threshold,current,827,8.0.1,https://data.trilliumtransit.com/gtfs/tsctransit-co-us/tsctransit-co-us.zip,Set wheelchair_boarding to 1 (accessible) or 2 (not accessible) for every stop. A field survey can start with the busiest stops.,https://gtfsscorecard.org/agency/teller-senior-coalition-transit-tsc-transit/,US,US-CO,Colorado
teller-senior-coalition-transit-tsc-transit-827,Teller Senior Coalition Transit (TSC Transit),,B,86.6,small,95,2026-07-10,175,within_review_threshold,current,,8.0.1,http://data.trilliumtransit.com/gtfs/tsctransit-co-us/tsctransit-co-us.zip,Set wheelchair_boarding to 1 (accessible) or 2 (not accessible) for every stop. A field survey can start with the busiest stops.,https://gtfsscorecard.org/agency/teller-senior-coalition-transit-tsc-transit-827/,US,,
terre-haute-transit-utility,Terre Haute Transit Utility,Indiana,F,52.0,medium,39,2026-07-10,-374,within_review_threshold,stale,387,8.0.1,https://data.trilliumtransit.com/gtfs/terrehautetransit-in-us/terrehautetransit-in-us.zip,"Re-export the feed with a calendar that reaches further out, and set feed_info feed_end_date past your next service change.",https://gtfsscorecard.org/agency/terre-haute-transit-utility/,US,US-IN,Indiana
terre-haute-transit-utility-387,Terre Haute Transit Utility,,F,52.0,medium,39,2026-07-10,-374,within_review_threshold,stale,,8.0.1,http://data.trilliumtransit.com/gtfs/terrehautetransit-in-us/terrehautetransit-in-us.zip,"Re-export the feed with a calendar that reaches further out, and set feed_info feed_end_date past your next service change.",https://gtfsscorecard.org/agency/terre-haute-transit-utility-387/,US,,
the-comet,The Comet,South Carolina,F,36.3,large,9,2026-07-10,-1582,within_review_threshold,stale,1197,8.0.1,https://data.trilliumtransit.com/gtfs/thecomet-sc-us/thecomet-sc-us.zip,"Re-export the feed with a calendar that reaches further out, and set feed_info feed_end_date past your next service change.",https://gtfsscorecard.org/agency/the-comet/,US,US-SC,South Carolina
the-comet-1197,The Comet,,F,36.3,large,9,2026-07-10,-1582,within_review_threshold,stale,,8.0.1,http://data.trilliumtransit.com/gtfs/thecomet-sc-us/thecomet-sc-us.zip,"Re-export the feed with a calendar that reaches further out, and set feed_info feed_end_date past your next service change.",https://gtfsscorecard.org/agency/the-comet-1197/,US,,
the-comet-2209,The Comet,South Carolina,B,81.1,large,83,2026-07-10,183,within_review_threshold,current,2209,8.0.1,https://comet.mapstrat.com/current/google_transit.zip,"Set wheelchair_accessible on every trip (most small-agency fleets are 100% accessible, so this is often a single default).",https://gtfsscorecard.org/agency/the-comet-2209/,US,US-SC,South Carolina
the-current,The Current,Vermont,F,39.5,medium,13,2026-07-10,-1689,within_review_threshold,stale,428,8.0.1,https://data.trilliumtransit.com/gtfs/crtransit-vt-us/crtransit-vt-us.zip,"Re-export the feed with a calendar that reaches further out, and set feed_info feed_end_date past your next service change.",https://gtfsscorecard.org/agency/the-current/,US,US-VT,Vermont
the-current-428,The Current,,F,39.5,medium,13,2026-07-10,-1689,within_review_threshold,stale,,8.0.1,http://data.trilliumtransit.com/gtfs/crtransit-vt-us/crtransit-vt-us.zip,"Re-export the feed with a calendar that reaches further out, and set feed_info feed_end_date past your next service change.",https://gtfsscorecard.org/agency/the-current-428/,US,,
the-jo,The JO,Kansas,F,40.9,small,15,2026-07-10,-2597,within_review_threshold,stale,1160,8.0.1,https://transitfeeds.com/p/the-jo/632/latest/download,"Re-export the feed with a calendar that reaches further out, and set feed_info feed_end_date past your next service change.",https://gtfsscorecard.org/agency/the-jo/,US,US-KS,Kansas
the-jule,The Jule,Iowa,F,41.7,medium,16,2026-07-10,-2597,within_review_threshold,stale,207,8.0.1,http://www.cityofdubuque.org/gtfs.zip,"Re-export the feed with a calendar that reaches further out, and set feed_info feed_end_date past your next service change.",https://gtfsscorecard.org/agency/the-jule/,US,US-IA,Iowa
the-jule-2083,The Jule,Iowa,C,76.0,medium,71,2026-07-10,447,within_review_threshold,current,2083,8.0.1,https://myride.cityofdubuque.org/gtfs/google_transit.zip,Set wheelchair_boarding to 1 (accessible) or 2 (not accessible) for every stop. A field survey can start with the busiest stops.,https://gtfsscorecard.org/agency/the-jule-2083/,US,US-IA,Iowa
the-moccasin-express,The Moccasin Express,Washington,B,82.2,small,87,2026-07-10,114,within_review_threshold,current,2325,8.0.1,https://data.trilliumtransit.com/gtfs/moccasinexpress-wa-us/moccasinexpress-wa-us.zip,Set wheelchair_boarding to 1 (accessible) or 2 (not accessible) for every stop. A field survey can start with the busiest stops.,https://gtfsscorecard.org/agency/the-moccasin-express/,US,US-WA,Washington
the-otter-express,Flex v2 included,Minnesota,D,61.7,small,51,2026-07-10,22,within_review_threshold,expiring_soon,2038,8.0.1,https://data.trilliumtransit.com/gtfs/otterexpress-mn-us/otterexpress-mn-us--flex-v2.zip,Re-export with a validity window that reaches at least 60 days out.,https://gtfsscorecard.org/agency/the-otter-express/,US,US-MN,Minnesota
the-rapid,The Rapid,Michigan,D,68.7,large,59,2026-07-10,51,within_review_threshold,current,400,8.0.1,http://connect.ridetherapid.org/InfoPoint/gtfs-zip.ashx,Set wheelchair_boarding to 1 (accessible) or 2 (not accessible) for every stop. A field survey can start with the busiest stops.,https://gtfsscorecard.org/agency/the-rapid/,US,US-MI,Michigan
the-santa-cruzer,The Santa Cruzer,,A,91.6,small,97,2026-07-10,59,within_review_threshold,current,,8.0.1,https://www.pinpointavl.com/santacruzer.zip,Set wheelchair_boarding to 1 (accessible) or 2 (not accessible) for every stop. A field survey can start with the busiest stops.,https://gtfsscorecard.org/agency/the-santa-cruzer/,US,,
the-victoria-clipper,The Victoria Clipper,Washington,F,58.1,small,48,2026-07-10,-3054,within_review_threshold,stale,282,8.0.1,https://addtransit.com/gtfsfile/42017/TheVictoriaClipper.zip,"Re-export the feed with a calendar that reaches further out, and set feed_info feed_end_date past your next service change.",https://gtfsscorecard.org/agency/the-victoria-clipper/,US,US-WA,Washington
thebus,TheBus,Hawaii,F,9.5,large,0,2026-07-10,-951,within_review_threshold,stale,10,8.0.1,http://webapps.thebus.org/transitdata/Production/google_transit.zip,"Re-export the feed with a calendar that reaches further out, and set feed_info feed_end_date past your next service change.",https://gtfsscorecard.org/agency/thebus/,US,US-HI,Hawaii
thebus-2350,TheBus,Hawaii,F,40.1,large,14,2026-07-10,43,within_review_threshold,current,2350,8.0.1,https://www.thebus.org/transitdata/production/google_transit.zip,Re-generate shape distances in your export; flag to your vendor if it persists.,https://gtfsscorecard.org/agency/thebus-2350/,US,US-HI,Hawaii
thousand-oaks-transit,Thousand Oaks Transit,California,C,72.7,medium,63,2026-07-10,338,within_review_threshold,current,33,8.0.1,https://data.trilliumtransit.com/gtfs/thousandoaks-ca-us/thousandoaks-ca-us.zip,Check the trip updates endpoint with your AVL vendor; it should return a fresh GTFS-Realtime protobuf on every request.,https://gtfsscorecard.org/agency/thousand-oaks-transit/,US,US-CA,California
thousand-oaks-transit-33,Thousand Oaks Transit,,C,72.7,medium,63,2026-07-10,338,within_review_threshold,current,,8.0.1,http://data.trilliumtransit.com/gtfs/thousandoaks-ca-us/thousandoaks-ca-us.zip,Check the trip updates endpoint with your AVL vendor; it should return a fresh GTFS-Realtime protobuf on every request.,https://gtfsscorecard.org/agency/thousand-oaks-transit-33/,US,,
thousand-oaks-transit-kanan-shuttle,Thousand Oaks Transit - Kanan Shuttle,,F,56.6,small,46,2026-07-10,-96,within_review_threshold,lapsed,,8.0.1,https://data.trilliumtransit.com/gtfs/kananshuttle-ca-us/kananshuttle-ca-us.zip,"Re-export the feed with a calendar that reaches further out, and set feed_info feed_end_date past your next service change.",https://gtfsscorecard.org/agency/thousand-oaks-transit-kanan-shuttle/,US,,
tompkins-consolidated-area-transit-inc,Tompkins Consolidated Area Transit Inc,New York,C,73.0,medium,64,2026-07-10,36,within_review_threshold,current,535,8.0.1,https://s3.amazonaws.com/tcat-gtfs/tcat-ny-us.zip,Set wheelchair_boarding to 1 (accessible) or 2 (not accessible) for every stop. A field survey can start with the busiest stops.,https://gtfsscorecard.org/agency/tompkins-consolidated-area-transit-inc/,US,US-NY,New York
torrance-transit,Torrance Transit,California,F,54.3,medium,42,2026-07-10,-909,within_review_threshold,stale,34,8.0.1,https://transit.torranceca.gov/home/showdocument?id=16673,"Re-export the feed with a calendar that reaches further out, and set feed_info feed_end_date past your next service change.",https://gtfsscorecard.org/agency/torrance-transit/,US,US-CA,California
town-of-estes-park,Town of Estes Park,Colorado,C,72.8,small,64,2026-07-10,318,within_review_threshold,current,177,8.0.1,https://data.trilliumtransit.com/gtfs/estestransit-co-us/estestransit-co-us.zip,Set wheelchair_boarding to 1 (accessible) or 2 (not accessible) for every stop. A field survey can start with the busiest stops.,https://gtfsscorecard.org/agency/town-of-estes-park/,US,US-CO,Colorado
town-of-mountain-village,Town of Mountain Village,Colorado,F,51.1,small,37,2026-07-10,-1195,within_review_threshold,stale,594,8.0.1,https://data.trilliumtransit.com/gtfs/mountainvillage-co-us/mountainvillage-co-us.zip,"Re-export the feed with a calendar that reaches further out, and set feed_info feed_end_date past your next service change.",https://gtfsscorecard.org/agency/town-of-mountain-village/,US,US-CO,Colorado
town-of-mountain-village-594,Town of Mountain Village,,F,51.1,small,37,2026-07-10,-1195,within_review_threshold,stale,,8.0.1,http://data.trilliumtransit.com/gtfs/mountainvillage-co-us/mountainvillage-co-us.zip,"Re-export the feed with a calendar that reaches further out, and set feed_info feed_end_date past your next service change.",https://gtfsscorecard.org/agency/town-of-mountain-village-594/,US,,
town-of-telluride,Town of Telluride,Colorado,F,43.9,small,19,2026-07-10,-1197,within_review_threshold,stale,603,8.0.1,https://data.trilliumtransit.com/gtfs/telluride-co-us/telluride-co-us.zip,"Re-export the feed with a calendar that reaches further out, and set feed_info feed_end_date past your next service change.",https://gtfsscorecard.org/agency/town-of-telluride/,US,US-CO,Colorado
town-of-telluride-2050,Flex v2 included,Colorado,B,81.6,small,85,2026-07-10,101,within_review_threshold,current,2050,8.0.1,https://data.trilliumtransit.com/gtfs/sanmiguelcounty-co-us/sanmiguelcounty-co-us--flex-v2.zip,Set wheelchair_boarding to 1 (accessible) or 2 (not accessible) for every stop. A field survey can start with the busiest stops.,https://gtfsscorecard.org/agency/town-of-telluride-2050/,US,US-CO,Colorado
town-of-telluride-603,Town of Telluride,,F,43.9,small,19,2026-07-10,-1197,within_review_threshold,stale,,8.0.1,http://data.trilliumtransit.com/gtfs/telluride-co-us/telluride-co-us.zip,"Re-export the feed with a calendar that reaches further out, and set feed_info feed_end_date past your next service change.",https://gtfsscorecard.org/agency/town-of-telluride-603/,US,,
towson-loop,Towson Loop,Maryland,D,67.8,small,58,2026-07-10,30,within_review_threshold,expiring_soon,1784,8.0.1,https://passio3.com/towson/passioTransit/gtfs/google_transit.zip,Set wheelchair_boarding to 1 (accessible) or 2 (not accessible) for every stop. A field survey can start with the busiest stops.,https://gtfsscorecard.org/agency/towson-loop/,US,US-MD,Maryland
transfort,Flex,Colorado,B,80.2,small,81,2026-07-10,83,within_review_threshold,current,2293,8.0.1,https://data.trilliumtransit.com/gtfs/transfort-co-us/transfort-co-us--flex-v2.zip,Set wheelchair_boarding to 1 (accessible) or 2 (not accessible) for every stop. A field survey can start with the busiest stops.,https://gtfsscorecard.org/agency/transfort/,US,US-CO,Colorado
transfort-city-of-fort-collins-transfort,Transfort – City of Fort Collins (Transfort),Colorado,F,39.9,medium,14,2026-07-10,-790,within_review_threshold,stale,179,8.0.1,http://www.ridetransfort.com/img/site_specific/uploads/google_transit.zip,"Re-export the feed with a calendar that reaches further out, and set feed_info feed_end_date past your next service change.",https://gtfsscorecard.org/agency/transfort-city-of-fort-collins-transfort/,US,US-CO,Colorado
transit-authority-of-northern-kentucky-tank,Transit Authority of Northern Kentucky (TANK),Kentucky,F,30.6,medium,5,2026-07-10,-922,within_review_threshold,stale,367,8.0.1,https://www.tankbus.org/Portals/tankbus/gtfs/tank-google-transit.zip,"Re-export the feed with a calendar that reaches further out, and set feed_info feed_end_date past your next service change.",https://gtfsscorecard.org/agency/transit-authority-of-northern-kentucky-tank/,US,US-KY,Kentucky
transit-authority-of-northern-kentucky-tank-2068,Transit Authority of Northern Kentucky (TANK),Kentucky,C,70.9,medium,61,2026-07-10,119,within_review_threshold,current,2068,8.0.1,https://tank.rideralerts.com/InfoPoint/GTFS-Zip.ashx,Set wheelchair_boarding to 1 (accessible) or 2 (not accessible) for every stop. A field survey can start with the busiest stops.,https://gtfsscorecard.org/agency/transit-authority-of-northern-kentucky-tank-2068/,US,US-KY,Kentucky
transit-authority-of-river-city-tarc,Transit Authority of River City (TARC),Kentucky,F,16.4,large,1,2026-07-10,-398,within_review_threshold,stale,364,8.0.1,http://googletransit.ridetarc.org/feed/google_transit.zip,"Re-export the feed with a calendar that reaches further out, and set feed_info feed_end_date past your next service change.",https://gtfsscorecard.org/agency/transit-authority-of-river-city-tarc/,US,US-KY,Kentucky
transit-authority-of-river-city-tarc-2662,Fixed Route,Kentucky,D,62.9,large,53,2026-07-10,22,within_review_threshold,expiring_soon,2662,8.0.1,https://tarc.rideralerts.com/InfoPoint/gtfs-zip.ashx,Re-export with a validity window that reaches at least 60 days out.,https://gtfsscorecard.org/agency/transit-authority-of-river-city-tarc-2662/,US,US-KY,Kentucky
transit-orange-newburgh-local-transit,Transit Orange / Newburgh Local Transit,New York,F,55.3,small,44,2026-07-10,-907,within_review_threshold,stale,924,8.0.1,https://s3.amazonaws.com/datatools-511ny/public/Newburgh_Bus.zip,"Re-export the feed with a calendar that reaches further out, and set feed_info feed_end_date past your next service change.",https://gtfsscorecard.org/agency/transit-orange-newburgh-local-transit/,US,US-NY,New York
transportation-management-association-of-chester-county-tmacc,Transportation Management Association of Chester County (TMACC),,C,71.7,small,62,2026-07-10,538,within_review_threshold,current,3130,8.0.1,https://www.modeshift.app/api/v1/0045359e-7cae-4a10-b680-cafe365c6554/transport/gtfs/gtfs.zip,Set wheelchair_boarding to 1 (accessible) or 2 (not accessible) for every stop. A field survey can start with the busiest stops.,https://gtfsscorecard.org/agency/transportation-management-association-of-chester-county-tmacc/,US,,
tri-delta-transit,Tri Delta Transit,California,F,50.2,medium,35,2026-07-10,-1652,within_review_threshold,stale,1323,8.0.1,https://transitfeeds.com/p/tri-delta-transit/1148/latest/download,"Re-export the feed with a calendar that reaches further out, and set feed_info feed_end_date past your next service change.",https://gtfsscorecard.org/agency/tri-delta-transit/,US,US-CA,California
tri-valley-transit,Tri-Valley Transit,Vermont,C,78.8,medium,77,2026-07-10,114,within_review_threshold,current,852,8.0.1,https://data.trilliumtransit.com/gtfs/trivalleytransit-vt-us/trivalleytransit-vt-us.zip,Set wheelchair_boarding to 1 (accessible) or 2 (not accessible) for every stop. A field survey can start with the busiest stops.,https://gtfsscorecard.org/agency/tri-valley-transit/,US,US-VT,Vermont
tri-valley-transit-852,Tri-Valley Transit,,C,78.8,medium,77,2026-07-10,114,within_review_threshold,current,,8.0.1,http://data.trilliumtransit.com/gtfs/trivalleytransit-vt-us/trivalleytransit-vt-us.zip,Set wheelchair_boarding to 1 (accessible) or 2 (not accessible) for every stop. A field survey can start with the busiest stops.,https://gtfsscorecard.org/agency/tri-valley-transit-852/,US,,
trimet-portland-streetcar,"TriMet, Portland Streetcar",Oregon,C,71.8,large,62,2026-07-10,141,within_review_threshold,current,247,8.0.1,http://developer.trimet.org/schedule/gtfs.zip,Review the rule documentation for 'block_trips_with_overlapping_stop_times' at https://gtfs-validator.mobilitydata.org/rules.html and check the flagged rows in your feed.,https://gtfsscorecard.org/agency/trimet-portland-streetcar/,US,US-OR,Oregon
trinity-metro,Trinity Metro,,C,75.1,large,68,2026-07-10,78,within_review_threshold,current,2890,8.0.1,https://gtfsdata.ridetm.org/gtfs/fwtatransitdata.zip,Set wheelchair_boarding to 1 (accessible) or 2 (not accessible) for every stop. A field survey can start with the busiest stops.,https://gtfsscorecard.org/agency/trinity-metro/,US,,
trinity-transit,Trinity Transit,California,F,53.7,medium,42,2026-07-10,-184,within_review_threshold,lapsed,115,8.0.1,https://data.trilliumtransit.com/gtfs/weaverville-ca-us/weaverville-ca-us.zip,"Re-export the feed with a calendar that reaches further out, and set feed_info feed_end_date past your next service change.",https://gtfsscorecard.org/agency/trinity-transit/,US,US-CA,California
trinity-transit-115,Trinity Transit,,F,53.7,medium,42,2026-07-10,-184,within_review_threshold,lapsed,,8.0.1,http://data.trilliumtransit.com/gtfs/weaverville-ca-us/weaverville-ca-us.zip,"Re-export the feed with a calendar that reaches further out, and set feed_info feed_end_date past your next service change.",https://gtfsscorecard.org/agency/trinity-transit-115/,US,,
trinity-transit-2709,Trinity Transit,California,B,87.6,small,96,2026-07-10,174,within_review_threshold,current,2709,8.0.1,https://gtfs.remix.com/trinity_county_ca.zip,Set wheelchair_boarding to 1 (accessible) or 2 (not accessible) for every stop. A field survey can start with the busiest stops.,https://gtfsscorecard.org/agency/trinity-transit-2709/,US,US-CA,California
tsc-transit,Flex v2 included,Colorado,F,55.5,small,44,2026-07-10,-9,within_review_threshold,lapsed,2052,8.0.1,https://data.trilliumtransit.com/gtfs/tsctransit-co-us/tsctransit-co-us--flex-v2.zip,"Re-export the feed with a calendar that reaches further out, and set feed_info feed_end_date past your next service change.",https://gtfsscorecard.org/agency/tsc-transit/,US,US-CO,Colorado
tulare-county-area-transit-tcat,Tulare County Area Transit (TCAT),,C,73.8,medium,66,2026-07-10,83,within_review_threshold,current,,8.0.1,https://data.trilliumtransit.com/gtfs/tcrta-ca-us/tcrta-ca-us.zip,Set wheelchair_boarding to 1 (accessible) or 2 (not accessible) for every stop. A field survey can start with the busiest stops.,https://gtfsscorecard.org/agency/tulare-county-area-transit-tcat/,US,,
turlock-transit,Turlock Transit,California,B,80.6,medium,82,2026-07-10,173,within_review_threshold,current,619,8.0.1,https://data.trilliumtransit.com/gtfs/turlock-ca-us/turlock-ca-us.zip,Set wheelchair_boarding to 1 (accessible) or 2 (not accessible) for every stop. A field survey can start with the busiest stops.,https://gtfsscorecard.org/agency/turlock-transit/,US,US-CA,California
turlock-transit-619,Turlock Transit,,B,80.6,medium,82,2026-07-10,173,within_review_threshold,current,,8.0.1,http://data.trilliumtransit.com/gtfs/turlock-ca-us/turlock-ca-us.zip,Set wheelchair_boarding to 1 (accessible) or 2 (not accessible) for every stop. A field survey can start with the busiest stops.,https://gtfsscorecard.org/agency/turlock-transit-619/,US,,
ucsc-transportation-and-parking-services,UCSC Transportation and Parking Services,California,F,50.8,small,36,2026-07-10,-188,within_review_threshold,lapsed,1842,8.0.1,https://pinpointavl.com/TAPS-GTFS.zip,"Re-export the feed with a calendar that reaches further out, and set feed_info feed_end_date past your next service change.",https://gtfsscorecard.org/agency/ucsc-transportation-and-parking-services/,US,US-CA,California
ulster-county-area-transit,Ulster County Area Transit,New York,F,53.3,medium,41,2026-07-10,174,within_review_threshold,current,526,8.0.1,https://s3.amazonaws.com/datatools-511ny/public/UCAT_Ulster_County_Area_Transit.zip,Set wheelchair_boarding to 1 (accessible) or 2 (not accessible) for every stop. A field survey can start with the busiest stops.,https://gtfsscorecard.org/agency/ulster-county-area-transit/,US,US-NY,New York
union-city-transit,Union City Transit,,F,51.9,medium,39,2026-07-10,-1017,within_review_threshold,stale,,8.0.1,https://data.trilliumtransit.com/gtfs/unioncity-ca-us/unioncity-ca-us.zip,"Re-export the feed with a calendar that reaches further out, and set feed_info feed_end_date past your next service change.",https://gtfsscorecard.org/agency/union-city-transit/,US,,
union-gap,Union Gap,Washington,B,83.1,small,89,2026-07-10,265,within_review_threshold,current,277,8.0.1,https://data.trilliumtransit.com/gtfs/uniongap-wa-us/uniongap-wa-us.zip,Set wheelchair_boarding to 1 (accessible) or 2 (not accessible) for every stop. A field survey can start with the busiest stops.,https://gtfsscorecard.org/agency/union-gap/,US,US-WA,Washington
union-gap-277,Union Gap,,B,83.1,small,89,2026-07-10,265,within_review_threshold,current,,8.0.1,http://data.trilliumtransit.com/gtfs/uniongap-wa-us/uniongap-wa-us.zip,Set wheelchair_boarding to 1 (accessible) or 2 (not accessible) for every stop. A field survey can start with the busiest stops.,https://gtfsscorecard.org/agency/union-gap-277/,US,,
unitrans,Unitrans (ASUCD / City of Davis),,B,80.8,medium,82,2026-07-10,74,within_review_threshold,current,,8.0.1,https://unitrans.ucdavis.edu/media/gtfs/Unitrans_GTFS.zip,Set wheelchair_boarding to 1 (accessible) or 2 (not accessible) for every stop. A field survey can start with the busiest stops.,https://gtfsscorecard.org/agency/unitrans/,US,,
university-of-california-berkeley-shuttle-bear-transit,University of California Berkeley Shuttle (Bear Transit),California,F,45.1,small,22,2026-07-10,-1652,within_review_threshold,stale,226,8.0.1,https://data.trilliumtransit.com/gtfs/beartransit-ca-us/beartransit-ca-us.zip,"Re-export the feed with a calendar that reaches further out, and set feed_info feed_end_date past your next service change.",https://gtfsscorecard.org/agency/university-of-california-berkeley-shuttle-bear-transit/,US,US-CA,California
university-of-california-berkeley-shuttle-bear-transit-226,University of California Berkeley Shuttle (Bear Transit),,F,45.1,small,22,2026-07-10,-1652,within_review_threshold,stale,,8.0.1,http://data.trilliumtransit.com/gtfs/beartransit-ca-us/beartransit-ca-us.zip,"Re-export the feed with a calendar that reaches further out, and set feed_info feed_end_date past your next service change.",https://gtfsscorecard.org/agency/university-of-california-berkeley-shuttle-bear-transit-226/,US,,
university-of-colorado-boulder,University of Colorado Boulder,Colorado,C,72.9,small,64,2026-07-10,41,within_review_threshold,current,181,8.0.1,https://data.trilliumtransit.com/gtfs/universitycoloradoboulder-co-us/universitycoloradoboulder-co-us.zip,"Set wheelchair_accessible on every trip (most small-agency fleets are 100% accessible, so this is often a single default).",https://gtfsscorecard.org/agency/university-of-colorado-boulder/,US,US-CO,Colorado
university-of-colorado-boulder-181,University of Colorado Boulder,,C,72.9,small,64,2026-07-10,41,within_review_threshold,current,,8.0.1,http://data.trilliumtransit.com/gtfs/universitycoloradoboulder-co-us/universitycoloradoboulder-co-us.zip,"Set wheelchair_accessible on every trip (most small-agency fleets are 100% accessible, so this is often a single default).",https://gtfsscorecard.org/agency/university-of-colorado-boulder-181/,US,,
university-of-iowa-cambus-cambus,University of Iowa - CAMBUS (CAMBUS),Iowa,C,73.5,small,65,2026-07-10,42,within_review_threshold,current,197,8.0.1,https://data.trilliumtransit.com/gtfs/cambus-ia-us/cambus-ia-us.zip,Set wheelchair_boarding to 1 (accessible) or 2 (not accessible) for every stop. A field survey can start with the busiest stops.,https://gtfsscorecard.org/agency/university-of-iowa-cambus-cambus/,US,US-IA,Iowa
university-of-iowa-cambus-cambus-197,University of Iowa - CAMBUS (CAMBUS),,C,73.5,small,65,2026-07-10,42,within_review_threshold,current,,8.0.1,http://data.trilliumtransit.com/gtfs/cambus-ia-us/cambus-ia-us.zip,Set wheelchair_boarding to 1 (accessible) or 2 (not accessible) for every stop. A field survey can start with the busiest stops.,https://gtfsscorecard.org/agency/university-of-iowa-cambus-cambus-197/,US,,
university-of-michigan-transit-services,University of Michigan Transit Services,Michigan,F,48.6,medium,31,2026-07-10,-1532,within_review_threshold,stale,416,8.0.1,http://ltp.umich.edu/gtfs/google_transit.zip,"Re-export the feed with a calendar that reaches further out, and set feed_info feed_end_date past your next service change.",https://gtfsscorecard.org/agency/university-of-michigan-transit-services/,US,US-MI,Michigan
university-of-michigan-transit-services-2072,University of Michigan Transit Services,Michigan,C,71.9,medium,62,2026-07-10,43,within_review_threshold,current,2072,8.0.1,https://webapps.fo.umich.edu/transit_uploads/google_transit.zip,"Set wheelchair_accessible on every trip (most small-agency fleets are 100% accessible, so this is often a single default).",https://gtfsscorecard.org/agency/university-of-michigan-transit-services-2072/,US,US-MI,Michigan
university-of-montana-udash,University of Montana (UDASH),Montana,F,49.9,small,34,2026-07-10,-790,within_review_threshold,stale,293,8.0.1,https://data.trilliumtransit.com/gtfs/udash-mt-us/udash-mt-us.zip,"Re-export the feed with a calendar that reaches further out, and set feed_info feed_end_date past your next service change.",https://gtfsscorecard.org/agency/university-of-montana-udash/,US,US-MT,Montana
university-of-montana-udash-293,University of Montana (UDASH),,F,49.9,small,34,2026-07-10,-790,within_review_threshold,stale,,8.0.1,http://data.trilliumtransit.com/gtfs/udash-mt-us/udash-mt-us.zip,"Re-export the feed with a calendar that reaches further out, and set feed_info feed_end_date past your next service change.",https://gtfsscorecard.org/agency/university-of-montana-udash-293/,US,,
upper-arkansas-area-council-of-governments,Flex,Colorado,F,57.0,small,47,2026-07-10,22,within_review_threshold,expiring_soon,2188,8.0.1,https://data.trilliumtransit.com/gtfs/uaacog-co-us/uaacog-co-us--flex-v2.zip,Re-export with a validity window that reaches at least 60 days out.,https://gtfsscorecard.org/agency/upper-arkansas-area-council-of-governments/,US,US-CO,Colorado
upper-merion-rambler,Upper Merion Rambler,,B,81.7,small,85,2026-07-10,174,within_review_threshold,current,3036,8.0.1,https://rapid.nationalrtap.org/GTFSFileManagement/UserUploadFiles/13641/UPPER_MERION_RAMBLER.zip,Set wheelchair_boarding to 1 (accessible) or 2 (not accessible) for every stop. A field survey can start with the busiest stops.,https://gtfsscorecard.org/agency/upper-merion-rambler/,US,,
usf-bull-runner,USF Bull Runner,Florida,C,70.2,medium,60,2026-07-10,1635,within_review_threshold,current,329,8.0.1,https://github.com/CUTR-at-USF/bullrunner-gtfs-realtime-generator/raw/master/bullrunner-gtfs.zip,Set wheelchair_boarding to 1 (accessible) or 2 (not accessible) for every stop. A field survey can start with the busiest stops.,https://gtfsscorecard.org/agency/usf-bull-runner/,US,US-FL,Florida
uta,UTA,Utah,F,19.6,large,1,2026-07-10,-818,within_review_threshold,stale,1171,8.0.1,https://transitfeeds.com/p/utah-transportation-authority/59/latest/download,"Re-export the feed with a calendar that reaches further out, and set feed_info feed_end_date past your next service change.",https://gtfsscorecard.org/agency/uta/,US,US-UT,Utah
uta-2349,UTA,Utah,F,48.2,large,30,2026-07-10,36,within_review_threshold,current,2349,8.0.1,https://gtfsfeed.rideuta.com/gtfs.zip,Re-generate shape distances in your export; flag to your vendor if it persists.,https://gtfsscorecard.org/agency/uta-2349/,US,US-UT,Utah
utah-transit-authority-uta,Utah Transit Authority (UTA),Utah,F,48.2,large,30,2026-07-10,36,within_review_threshold,current,170,8.0.1,https://gtfsfeed.rideuta.com/GTFS.zip,Re-generate shape distances in your export; flag to your vendor if it persists.,https://gtfsscorecard.org/agency/utah-transit-authority-uta/,US,US-UT,Utah
utrans,UTrans,Oregon,F,48.6,medium,31,2026-07-10,-404,within_review_threshold,stale,123,8.0.1,https://oregon-gtfs.com/gtfs_data/umpquatransit-or-us/umpquatransit-or-us.zip,"Re-export the feed with a calendar that reaches further out, and set feed_info feed_end_date past your next service change.",https://gtfsscorecard.org/agency/utrans/,US,US-OR,Oregon
utrans-123,UTrans,,F,48.6,medium,31,2026-07-10,-404,within_review_threshold,stale,,8.0.1,http://oregon-gtfs.com/gtfs_data/umpquatransit-or-us/umpquatransit-or-us.zip,"Re-export the feed with a calendar that reaches further out, and set feed_info feed_end_date past your next service change.",https://gtfsscorecard.org/agency/utrans-123/,US,,
vail-transit,Vail Transit,Colorado,B,80.0,medium,80,2026-07-10,149,within_review_threshold,current,174,8.0.1,https://data.trilliumtransit.com/gtfs/vailtransit-co-us/vailtransit-co-us.zip,Set wheelchair_boarding to 1 (accessible) or 2 (not accessible) for every stop. A field survey can start with the busiest stops.,https://gtfsscorecard.org/agency/vail-transit/,US,US-CO,Colorado
vail-transit-174,Vail Transit,,B,80.0,medium,80,2026-07-10,149,within_review_threshold,current,,8.0.1,http://data.trilliumtransit.com/gtfs/vailtransit-co-us/vailtransit-co-us.zip,Set wheelchair_boarding to 1 (accessible) or 2 (not accessible) for every stop. A field survey can start with the busiest stops.,https://gtfsscorecard.org/agency/vail-transit-174/,US,,
valley-metro,Valley Metro,Virginia,F,46.3,large,24,2026-07-10,-3843,within_review_threshold,stale,1239,8.0.1,https://data.trilliumtransit.com/gtfs/roanoke-va-us/roanoke-va-us.zip,"Re-export the feed with a calendar that reaches further out, and set feed_info feed_end_date past your next service change.",https://gtfsscorecard.org/agency/valley-metro/,US,US-VA,Virginia
valley-metro-1239,Valley Metro,,F,46.3,large,24,2026-07-10,-3843,within_review_threshold,stale,,8.0.1,http://data.trilliumtransit.com/gtfs/roanoke-va-us/roanoke-va-us.zip,"Re-export the feed with a calendar that reaches further out, and set feed_info feed_end_date past your next service change.",https://gtfsscorecard.org/agency/valley-metro-1239/,US,,
valley-metro-2274,Valley Metro,Virginia,F,33.0,medium,7,2026-07-10,26837,unusually_distant,current,2274,8.0.1,https://vmgoapp.com/gtfs,Re-generate shape distances in your export; flag to your vendor if it persists.,https://gtfsscorecard.org/agency/valley-metro-2274/,US,US-VA,Virginia
valley-metro-2437,Flex,Virginia,C,74.3,small,66,2026-07-10,53,within_review_threshold,current,2437,8.0.1,https://data.trilliumtransit.com/gtfs/valleymetro-va-us/valleymetro-va-us--flex-v2.zip,Set wheelchair_boarding to 1 (accessible) or 2 (not accessible) for every stop. A field survey can start with the busiest stops.,https://gtfsscorecard.org/agency/valley-metro-2437/,US,US-VA,Virginia
valley-metro-vm,Valley Metro (VM),Arizona,B,80.0,large,80,2026-07-10,107,within_review_threshold,current,147,8.0.1,https://phoenixopendata.com/dataset/3eae9a4a-98b9-40c8-8df7-8c00c1756235/resource/28ccc0a5-49c8-495c-b91f-193de5ce2cb7/download/googletransit.zip,Set wheelchair_boarding to 1 (accessible) or 2 (not accessible) for every stop. A field survey can start with the busiest stops.,https://gtfsscorecard.org/agency/valley-metro-vm/,US,US-AZ,Arizona
valley-regional-transit,Valley Regional Transit,Idaho,C,78.6,medium,76,2026-07-10,334,within_review_threshold,current,142,8.0.1,https://www.valleyregionaltransit.org/GTFS/vrt_transit1.zip,Set wheelchair_boarding to 1 (accessible) or 2 (not accessible) for every stop. A field survey can start with the busiest stops.,https://gtfsscorecard.org/agency/valley-regional-transit/,US,US-ID,Idaho
valley-retriever-busline,Valley Retriever Busline,Oregon,F,44.5,small,20,2026-07-10,-3343,within_review_threshold,stale,633,8.0.1,https://oregon-gtfs.trilliumtransit.com/gtfs_data/valleyretriever-or-us/valleyretriever-or-us.zip,"Re-export the feed with a calendar that reaches further out, and set feed_info feed_end_date past your next service change.",https://gtfsscorecard.org/agency/valley-retriever-busline/,US,US-OR,Oregon
valley-transit-wi,Valley Transit (WI),Wisconsin,F,47.3,medium,27,2026-07-10,-922,within_review_threshold,stale,398,8.0.1,http://gis.appleton.org/DataDownload/google_transit.zip,"Re-export the feed with a calendar that reaches further out, and set feed_info feed_end_date past your next service change.",https://gtfsscorecard.org/agency/valley-transit-wi/,US,US-WI,Wisconsin
valley-transit-wi-2069,Valley Transit (WI),Wisconsin,D,60.4,medium,50,2026-07-10,26837,unusually_distant,current,2069,8.0.1,https://ridemyvalleytransit.com/gtfs,Set wheelchair_boarding to 1 (accessible) or 2 (not accessible) for every stop. A field survey can start with the busiest stops.,https://gtfsscorecard.org/agency/valley-transit-wi-2069/,US,US-WI,Wisconsin
valparaiso-transit,Valparaiso Transit,Indiana,B,84.9,medium,93,2026-07-10,114,within_review_threshold,current,620,8.0.1,https://data.trilliumtransit.com/gtfs/valpotransit-chi-us/valpotransit-chi-us.zip,Set wheelchair_boarding to 1 (accessible) or 2 (not accessible) for every stop. A field survey can start with the busiest stops.,https://gtfsscorecard.org/agency/valparaiso-transit/,US,US-IN,Indiana
valparaiso-transit-620,Valparaiso Transit,,B,84.9,medium,93,2026-07-10,114,within_review_threshold,current,,8.0.1,http://data.trilliumtransit.com/gtfs/valpotransit-chi-us/valpotransit-chi-us.zip,Set wheelchair_boarding to 1 (accessible) or 2 (not accessible) for every stop. A field survey can start with the busiest stops.,https://gtfsscorecard.org/agency/valparaiso-transit-620/,US,,
ventura-county-transportation-commission,Ventura County Transportation Commission,California,F,45.8,medium,23,2026-07-10,-329,within_review_threshold,lapsed,31,8.0.1,https://data.trilliumtransit.com/gtfs/vctc-ca-us/vctc-ca-us.zip,"Re-export the feed with a calendar that reaches further out, and set feed_info feed_end_date past your next service change.",https://gtfsscorecard.org/agency/ventura-county-transportation-commission/,US,US-CA,California
ventura-county-transportation-commission-3096,Ventura County Transportation Commission,California,B,82.4,medium,87,2026-07-10,1635,within_review_threshold,current,3096,8.0.1,https://www.goventura.org/wp-content/uploads/2026/02/20260213-GMV_Schedule.zip,Set wheelchair_boarding to 1 (accessible) or 2 (not accessible) for every stop. A field survey can start with the busiest stops.,https://gtfsscorecard.org/agency/ventura-county-transportation-commission-3096/,US,US-CA,California
ventura-county-transportation-commission-31,Ventura County Transportation Commission,,F,45.8,medium,23,2026-07-10,-329,within_review_threshold,lapsed,,8.0.1,http://data.trilliumtransit.com/gtfs/vctc-ca-us/vctc-ca-us.zip,"Re-export the feed with a calendar that reaches further out, and set feed_info feed_end_date past your next service change.",https://gtfsscorecard.org/agency/ventura-county-transportation-commission-31/,US,,
verde-lynx,Verde Lynx,Arizona,F,51.3,small,37,2026-07-10,-3477,within_review_threshold,stale,159,8.0.1,https://data.trilliumtransit.com/gtfs/verdelynx-az-us/verdelynx-az-us.zip,"Re-export the feed with a calendar that reaches further out, and set feed_info feed_end_date past your next service change.",https://gtfsscorecard.org/agency/verde-lynx/,US,US-AZ,Arizona
verde-lynx-159,Verde Lynx,,F,51.3,small,37,2026-07-10,-3477,within_review_threshold,stale,,8.0.1,http://data.trilliumtransit.com/gtfs/verdelynx-az-us/verdelynx-az-us.zip,"Re-export the feed with a calendar that reaches further out, and set feed_info feed_end_date past your next service change.",https://gtfsscorecard.org/agency/verde-lynx-159/,US,,
vermont-translines,Vermont Translines,Vermont,B,84.0,small,91,2026-07-10,206,within_review_threshold,current,450,8.0.1,https://data.trilliumtransit.com/gtfs/vttranslines-vt-us/vttranslines-vt-us.zip,Set wheelchair_boarding to 1 (accessible) or 2 (not accessible) for every stop. A field survey can start with the busiest stops.,https://gtfsscorecard.org/agency/vermont-translines/,US,US-VT,Vermont
vermont-translines-450,Vermont Translines,,B,84.0,small,91,2026-07-10,206,within_review_threshold,current,,8.0.1,http://data.trilliumtransit.com/gtfs/vttranslines-vt-us/vttranslines-vt-us.zip,Set wheelchair_boarding to 1 (accessible) or 2 (not accessible) for every stop. A field survey can start with the busiest stops.,https://gtfsscorecard.org/agency/vermont-translines-450/,US,,
via-metropolitan-transit-via,VIA Metropolitan Transit (VIA),Texas,F,12.4,large,0,2026-07-10,-796,within_review_threshold,stale,1242,8.0.1,https://transitfeeds.com/p/via-metropolitan-transit/62/latest/download,"Re-export the feed with a calendar that reaches further out, and set feed_info feed_end_date past your next service change.",https://gtfsscorecard.org/agency/via-metropolitan-transit-via/,US,US-TX,Texas
via-metropolitan-transit-via-2348,VIA Metropolitan Transit (VIA),Texas,F,50.7,large,35,2026-07-10,44,within_review_threshold,current,2348,8.0.1,https://www.viainfo.net/BusService/google_transit.zip,Set wheelchair_boarding to 1 (accessible) or 2 (not accessible) for every stop. A field survey can start with the busiest stops.,https://gtfsscorecard.org/agency/via-metropolitan-transit-via-2348/,US,US-TX,Texas
via-mobility,Via Mobility,Colorado,F,50.0,medium,34,2026-07-10,-496,within_review_threshold,stale,180,8.0.1,https://data.trilliumtransit.com/gtfs/viamobilityservices-co-us/viamobilityservices-co-us.zip,"Re-export the feed with a calendar that reaches further out, and set feed_info feed_end_date past your next service change.",https://gtfsscorecard.org/agency/via-mobility/,US,US-CO,Colorado
via-mobility-180,Via Mobility,,F,50.0,medium,34,2026-07-10,-496,within_review_threshold,stale,,8.0.1,http://data.trilliumtransit.com/gtfs/viamobilityservices-co-us/viamobilityservices-co-us.zip,"Re-export the feed with a calendar that reaches further out, and set feed_info feed_end_date past your next service change.",https://gtfsscorecard.org/agency/via-mobility-180/,US,,
via-mobility-2395,Via Mobility,Colorado,D,65.5,medium,56,2026-07-10,30,within_review_threshold,expiring_soon,2395,8.0.1,https://passio3.com/viaboulder/passioTransit/gtfs/google_transit.zip,Review the rule documentation for 'empty_file' at https://gtfs-validator.mobilitydata.org/rules.html and check the flagged rows in your feed.,https://gtfsscorecard.org/agency/via-mobility-2395/,US,US-CO,Colorado
victor-valley-transit-authority-vvta,Victor Valley Transit Authority (VVTA),California,F,43.7,large,18,2026-07-10,-468,within_review_threshold,stale,99,8.0.1,https://data.trilliumtransit.com/gtfs/victorville-ca-us/victorville-ca-us.zip,"Re-export the feed with a calendar that reaches further out, and set feed_info feed_end_date past your next service change.",https://gtfsscorecard.org/agency/victor-valley-transit-authority-vvta/,US,US-CA,California
victor-valley-transit-authority-vvta-99,Victor Valley Transit Authority (VVTA),,F,43.7,large,18,2026-07-10,-468,within_review_threshold,stale,,8.0.1,http://data.trilliumtransit.com/gtfs/victorville-ca-us/victorville-ca-us.zip,"Re-export the feed with a calendar that reaches further out, and set feed_info feed_end_date past your next service change.",https://gtfsscorecard.org/agency/victor-valley-transit-authority-vvta-99/,US,,
village-of-cooperstown-trolly-system,Village of Cooperstown Trolly System,New York,F,44.7,small,21,2026-07-10,-1766,within_review_threshold,stale,870,8.0.1,https://s3.amazonaws.com/datatools-511ny/public/Village_of_Cooperstown_Trolley_System.zip,"Re-export the feed with a calendar that reaches further out, and set feed_info feed_end_date past your next service change.",https://gtfsscorecard.org/agency/village-of-cooperstown-trolly-system/,US,US-NY,New York
vine-transit,VINE Transit,,B,87.8,medium,96,2026-07-10,113,within_review_threshold,current,,8.0.1,https://data.trilliumtransit.com/gtfs/vinetransit-ca-us/vinetransit-ca-us.zip,Set wheelchair_boarding to 1 (accessible) or 2 (not accessible) for every stop. A field survey can start with the busiest stops.,https://gtfsscorecard.org/agency/vine-transit/,US,,
vineyard-fast-ferry,Vineyard Fast Ferry,Rhode Island,C,76.5,small,72,2026-07-10,94,within_review_threshold,current,419,8.0.1,https://data.trilliumtransit.com/gtfs/vineyardfastferry-ri-us/vineyardfastferry-ri-us.zip,Set wheelchair_boarding to 1 (accessible) or 2 (not accessible) for every stop. A field survey can start with the busiest stops.,https://gtfsscorecard.org/agency/vineyard-fast-ferry/,US,US-RI,Rhode Island
vineyard-fast-ferry-419,Vineyard Fast Ferry,,C,76.5,small,72,2026-07-10,94,within_review_threshold,current,,8.0.1,http://data.trilliumtransit.com/gtfs/vineyardfastferry-ri-us/vineyardfastferry-ri-us.zip,Set wheelchair_boarding to 1 (accessible) or 2 (not accessible) for every stop. A field survey can start with the busiest stops.,https://gtfsscorecard.org/agency/vineyard-fast-ferry-419/,US,,
virginia-breeze,Virginia Breeze,Virginia,F,40.4,small,14,2026-07-10,-1470,within_review_threshold,stale,1328,8.0.1,https://data.trilliumtransit.com/gtfs/virginiabreeze-va-us/virginiabreeze-va-us.zip,"Re-export the feed with a calendar that reaches further out, and set feed_info feed_end_date past your next service change.",https://gtfsscorecard.org/agency/virginia-breeze/,US,US-VA,Virginia
virginia-railway-express-vre,Virginia Railway Express (VRE),Virginia,F,28.3,small,4,2026-07-10,-588,within_review_threshold,stale,478,8.0.1,https://www.vre.org/gtfs/google_transit.zip,"Re-export the feed with a calendar that reaches further out, and set feed_info feed_end_date past your next service change.",https://gtfsscorecard.org/agency/virginia-railway-express-vre/,US,US-VA,Virginia
virginia-regional-transit,Virginia Regional Transit,Virginia,B,83.2,medium,89,2026-07-10,113,within_review_threshold,current,621,8.0.1,https://data.trilliumtransit.com/gtfs/vatransit-va-us/vatransit-va-us.zip,Set wheelchair_boarding to 1 (accessible) or 2 (not accessible) for every stop. A field survey can start with the busiest stops.,https://gtfsscorecard.org/agency/virginia-regional-transit/,US,US-VA,Virginia
virginia-regional-transit-2445,Flex,Virginia,C,75.8,medium,70,2026-07-10,53,within_review_threshold,current,2445,8.0.1,https://data.trilliumtransit.com/gtfs/vatransit-va-us/vatransit-va-us--flex-v2.zip,Set wheelchair_boarding to 1 (accessible) or 2 (not accessible) for every stop. A field survey can start with the busiest stops.,https://gtfsscorecard.org/agency/virginia-regional-transit-2445/,US,US-VA,Virginia
virginia-regional-transit-621,Virginia Regional Transit,,B,83.2,medium,89,2026-07-10,113,within_review_threshold,current,,8.0.1,http://data.trilliumtransit.com/gtfs/vatransit-va-us/vatransit-va-us.zip,Set wheelchair_boarding to 1 (accessible) or 2 (not accessible) for every stop. A field survey can start with the busiest stops.,https://gtfsscorecard.org/agency/virginia-regional-transit-621/,US,,
votran,Votran,Florida,F,39.2,large,13,2026-07-10,-1637,within_review_threshold,stale,349,8.0.1,https://ftis.org/PostFileDownload.aspx?id=425A0,"Re-export the feed with a calendar that reaches further out, and set feed_info feed_end_date past your next service change.",https://gtfsscorecard.org/agency/votran/,US,US-FL,Florida
vtrans,Springfield MicroMoo,Vermont,D,62.8,medium,53,2026-07-10,83,within_review_threshold,current,2884,8.0.1,https://data.trilliumtransit.com/gtfs/sevt-vt-us/sevt-vt-us--flex-v2.zip,Review the rule documentation for 'trip_distance_exceeds_shape_distance' at https://gtfs-validator.mobilitydata.org/rules.html and check the flagged rows in your feed.,https://gtfsscorecard.org/agency/vtrans/,US,US-VT,Vermont
wahkiakum-ferry,Wahkiakum Ferry,Washington,F,48.5,small,31,2026-07-10,-982,within_review_threshold,stale,604,8.0.1,https://oregon-gtfs.com/gtfs_data/wahkiakumferry-or-us/wahkiakumferry-or-us.zip,"Re-export the feed with a calendar that reaches further out, and set feed_info feed_end_date past your next service change.",https://gtfsscorecard.org/agency/wahkiakum-ferry/,US,US-WA,Washington
wahkiakum-ferry-2193,Wahkiakum Ferry,Washington,B,83.1,small,89,2026-07-10,144,within_review_threshold,current,2193,8.0.1,https://data.trilliumtransit.com/gtfs/wahkiakumferry-wa-us/wahkiakumferry-wa-us.zip,Set wheelchair_boarding to 1 (accessible) or 2 (not accessible) for every stop. A field survey can start with the busiest stops.,https://gtfsscorecard.org/agency/wahkiakum-ferry-2193/,US,US-WA,Washington
wahkiakum-ferry-604,Wahkiakum Ferry,,F,48.5,small,31,2026-07-10,-982,within_review_threshold,stale,,8.0.1,http://oregon-gtfs.com/gtfs_data/wahkiakumferry-or-us/wahkiakumferry-or-us.zip,"Re-export the feed with a calendar that reaches further out, and set feed_info feed_end_date past your next service change.",https://gtfsscorecard.org/agency/wahkiakum-ferry-604/,US,,
wahkiakum-on-the-move,Wahkiakum on the Move,Oregon,B,81.8,small,85,2026-07-10,113,within_review_threshold,current,249,8.0.1,https://data.trilliumtransit.com/gtfs/wotm-wa-us/wotm-wa-us.zip,Set wheelchair_boarding to 1 (accessible) or 2 (not accessible) for every stop. A field survey can start with the busiest stops.,https://gtfsscorecard.org/agency/wahkiakum-on-the-move/,US,US-OR,Oregon
wahkiakum-on-the-move-249,Wahkiakum on the Move,,B,81.8,small,85,2026-07-10,113,within_review_threshold,current,,8.0.1,http://data.trilliumtransit.com/gtfs/wotm-wa-us/wotm-wa-us.zip,Set wheelchair_boarding to 1 (accessible) or 2 (not accessible) for every stop. A field survey can start with the busiest stops.,https://gtfsscorecard.org/agency/wahkiakum-on-the-move-249/,US,,
wallowa-community-connection-wcc-northeast-oregon-public-transit,"Wallowa Community Connection (WCC), Northeast Oregon Public Transit",Oregon,B,80.1,small,80,2026-07-10,144,within_review_threshold,current,289,8.0.1,https://oregon-gtfs.trilliumtransit.com/gtfs_data/northeast-or-us/northeast-or-us.zip,Set wheelchair_boarding to 1 (accessible) or 2 (not accessible) for every stop. A field survey can start with the busiest stops.,https://gtfsscorecard.org/agency/wallowa-community-connection-wcc-northeast-oregon-public-transit/,US,US-OR,Oregon
washington-county-transit,Washington County Transit,Maryland,F,29.4,small,5,2026-07-10,-1744,within_review_threshold,stale,497,8.0.1,https://github.com/mobilityequity/maryland-local-gtfs/raw/master/WC_GTFS.zip,"Re-export the feed with a calendar that reaches further out, and set feed_info feed_end_date past your next service change.",https://gtfsscorecard.org/agency/washington-county-transit/,US,US-MD,Maryland
washington-county-transit-2286,Washington County Transit,Maryland,C,78.3,small,76,2026-07-10,175,within_review_threshold,current,2286,8.0.1,https://rapid.nationalrtap.org/GTFSFileManagement/UserUploadFiles/11756/WCT_MD_GTFS.zip,Set wheelchair_boarding to 1 (accessible) or 2 (not accessible) for every stop. A field survey can start with the busiest stops.,https://gtfsscorecard.org/agency/washington-county-transit-2286/,US,US-MD,Maryland
washington-metropolitan-area-transit-authority-wmata,Bus,District of Columbia,F,39.9,large,14,2026-07-10,-566,within_review_threshold,stale,1846,8.0.1,https://api.wmata.com/gtfs/bus-gtfs-static.zip,"Re-export the feed with a calendar that reaches further out, and set feed_info feed_end_date past your next service change.",https://gtfsscorecard.org/agency/washington-metropolitan-area-transit-authority-wmata/,US,US-DC,District of Columbia
washington-metropolitan-area-transit-authority-wmata-1847,Rail,District of Columbia,F,26.7,large,4,2026-07-10,-637,within_review_threshold,stale,1847,8.0.1,https://api.wmata.com/gtfs/rail-gtfs-static.zip,"Re-export the feed with a calendar that reaches further out, and set feed_info feed_end_date past your next service change.",https://gtfsscorecard.org/agency/washington-metropolitan-area-transit-authority-wmata-1847/,US,US-DC,District of Columbia
washington-park-shuttle,Washington Park Shuttle,Oregon,F,58.5,small,48,2026-07-10,28,within_review_threshold,expiring_soon,254,8.0.1,https://oregon-gtfs.trilliumtransit.com/gtfs_data/washingtonparkshuttle-or-us/washingtonparkshuttle-or-us.zip,Re-export with a validity window that reaches at least 60 days out.,https://gtfsscorecard.org/agency/washington-park-shuttle/,US,US-OR,Oregon
washington-state-department-of-transportation-wsdot-apple-line,Washington State Department of Transportation (WSDOT Apple Line),Washington,C,70.1,small,60,2026-07-10,174,within_review_threshold,current,245,8.0.1,https://business.wsdot.wa.gov/Transit/csv_files/InterCityBus/WSDOT_GTFS_Intercity.zip,Set wheelchair_boarding to 1 (accessible) or 2 (not accessible) for every stop. A field survey can start with the busiest stops.,https://gtfsscorecard.org/agency/washington-state-department-of-transportation-wsdot-apple-line/,US,US-WA,Washington
washington-state-ferries,Washington State Ferries,Washington,D,65.4,small,55,2026-07-10,51,within_review_threshold,current,283,8.0.1,https://business.wsdot.wa.gov/Transit/csv_files/wsf/google_transit.zip,Set wheelchair_boarding to 1 (accessible) or 2 (not accessible) for every stop. A field survey can start with the busiest stops.,https://gtfsscorecard.org/agency/washington-state-ferries/,US,US-WA,Washington
washington-state-ferries-1331,Washington State Ferries,Washington,F,37.3,small,10,2026-07-10,16,within_review_threshold,expiring_soon,1331,8.0.1,https://gtfs.sound.obaweb.org/prod/95_gtfs.zip,Re-export with a validity window that reaches at least 60 days out.,https://gtfsscorecard.org/agency/washington-state-ferries-1331/,US,US-WA,Washington
water-avenue-shuttle,Water Avenue Shuttle,Oregon,F,41.5,small,15,2026-07-10,-2247,within_review_threshold,stale,831,8.0.1,https://oregon-gtfs.trilliumtransit.com/gtfs_data/ceic-or-us/ceic-or-us.zip,"Re-export the feed with a calendar that reaches further out, and set feed_info feed_end_date past your next service change.",https://gtfsscorecard.org/agency/water-avenue-shuttle/,US,US-OR,Oregon
watertown-citibus,Watertown Citibus,New York,F,45.7,small,23,2026-07-10,-191,within_review_threshold,lapsed,871,8.0.1,https://s3.amazonaws.com/datatools-511ny/public/Watertown_Citibus.zip,"Re-export the feed with a calendar that reaches further out, and set feed_info feed_end_date past your next service change.",https://gtfsscorecard.org/agency/watertown-citibus/,US,US-NY,New York
watertown-citibus-2881,Watertown Citibus,New York,D,63.7,small,53,2026-07-10,30,within_review_threshold,expiring_soon,2881,8.0.1,https://passio3.com/watertown/passioTransit/gtfs/google_transit.zip,Set wheelchair_boarding to 1 (accessible) or 2 (not accessible) for every stop. A field survey can start with the busiest stops.,https://gtfsscorecard.org/agency/watertown-citibus-2881/,US,US-NY,New York
waukesha-metro-transit,Waukesha Metro Transit,Wisconsin,F,51.6,medium,37,2026-07-10,-404,within_review_threshold,stale,396,8.0.1,https://data.trilliumtransit.com/gtfs/waukeshacounty-wi-us/waukeshacounty-wi-us.zip,"Re-export the feed with a calendar that reaches further out, and set feed_info feed_end_date past your next service change.",https://gtfsscorecard.org/agency/waukesha-metro-transit/,US,US-WI,Wisconsin
waukesha-metro-transit-396,Waukesha Metro Transit,,F,51.6,medium,37,2026-07-10,-404,within_review_threshold,stale,,8.0.1,http://data.trilliumtransit.com/gtfs/waukeshacounty-wi-us/waukeshacounty-wi-us.zip,"Re-export the feed with a calendar that reaches further out, and set feed_info feed_end_date past your next service change.",https://gtfsscorecard.org/agency/waukesha-metro-transit-396/,US,,
wave-transit,fixed route,North Carolina,C,72.6,medium,63,2026-07-10,174,within_review_threshold,current,1110,8.0.1,https://www.wavetransit.com/gtransit/google_transit.zip,Set wheelchair_boarding to 1 (accessible) or 2 (not accessible) for every stop. A field survey can start with the busiest stops.,https://gtfsscorecard.org/agency/wave-transit/,US,US-NC,North Carolina
wave-transit-1861,fixed route,,F,44.1,medium,19,2026-07-10,-1228,within_review_threshold,stale,,8.0.1,https://drive.google.com/u/0/uc?id=18zwweT64NI5O_goGVc_h-OGTTShfiacG&export=download,"Re-export the feed with a calendar that reaches further out, and set feed_info feed_end_date past your next service change.",https://gtfsscorecard.org/agency/wave-transit-1861/,US,,
wave-transit-1862,UNCW Seahawk Shuttle,North Carolina,F,50.3,small,35,2026-07-10,-1158,within_review_threshold,stale,1862,8.0.1,https://drive.google.com/u/0/uc?id=1w_7Ma9B9-aA-iBTWz3gxwGlORXPjppQ-&export=download,"Re-export the feed with a calendar that reaches further out, and set feed_info feed_end_date past your next service change.",https://gtfsscorecard.org/agency/wave-transit-1862/,US,US-NC,North Carolina
wave-transit-2026,UNCW Seahawk Shuttle,North Carolina,F,48.2,small,30,2026-07-10,-428,within_review_threshold,stale,2026,8.0.1,https://www.wavetransit.com/gtransit/google_transit_uncw.zip,"Re-export the feed with a calendar that reaches further out, and set feed_info feed_end_date past your next service change.",https://gtfsscorecard.org/agency/wave-transit-2026/,US,US-NC,North Carolina
west-berkeley-shuttle,West Berkeley Shuttle,California,F,47.3,small,27,2026-07-10,-1652,within_review_threshold,stale,622,8.0.1,https://data.trilliumtransit.com/gtfs/westberkeleyshuttle-ca-us/westberkeleyshuttle-ca-us.zip,"Re-export the feed with a calendar that reaches further out, and set feed_info feed_end_date past your next service change.",https://gtfsscorecard.org/agency/west-berkeley-shuttle/,US,US-CA,California
west-berkeley-shuttle-622,West Berkeley Shuttle,,F,47.3,small,27,2026-07-10,-1652,within_review_threshold,stale,,8.0.1,http://data.trilliumtransit.com/gtfs/westberkeleyshuttle-ca-us/westberkeleyshuttle-ca-us.zip,"Re-export the feed with a calendar that reaches further out, and set feed_info feed_end_date past your next service change.",https://gtfsscorecard.org/agency/west-berkeley-shuttle-622/,US,,
westcat,WestCAT,California,C,75.7,medium,70,2026-07-10,52,within_review_threshold,current,78,8.0.1,https://data.trilliumtransit.com/gtfs/westcat-ca-us/westcat-ca-us.zip,Set wheelchair_boarding to 1 (accessible) or 2 (not accessible) for every stop. A field survey can start with the busiest stops.,https://gtfsscorecard.org/agency/westcat/,US,US-CA,California
westcat-78,WestCAT,,C,75.7,medium,70,2026-07-10,52,within_review_threshold,current,,8.0.1,http://data.trilliumtransit.com/gtfs/westcat-ca-us/westcat-ca-us.zip,Set wheelchair_boarding to 1 (accessible) or 2 (not accessible) for every stop. A field survey can start with the busiest stops.,https://gtfsscorecard.org/agency/westcat-78/,US,,
westchester-county-bee-line-system-wcdot,Westchester County Bee-Line System (WCDOT),New York,D,62.5,large,52,2026-07-10,67,within_review_threshold,current,527,8.0.1,https://s3.amazonaws.com/datatools-511ny/public/Westchester_County_Bee-Line_System.zip,"Set wheelchair_accessible on every trip (most small-agency fleets are 100% accessible, so this is often a single default).",https://gtfsscorecard.org/agency/westchester-county-bee-line-system-wcdot/,US,US-NY,New York
westchester-county-bee-line-system-wcdot-2353,Westchester County Bee-Line System (WCDOT),New York,F,30.4,large,5,2026-07-10,-313,within_review_threshold,lapsed,2353,8.0.1,https://planning.westchestergov.com/images/stories/zip/GTFS.zip,"Re-export the feed with a calendar that reaches further out, and set feed_info feed_end_date past your next service change.",https://gtfsscorecard.org/agency/westchester-county-bee-line-system-wcdot-2353/,US,US-NY,New York
western-reserve-transit-authority,Western Reserve Transit Authority,Ohio,F,16.9,medium,1,2026-07-10,-2043,within_review_threshold,stale,922,8.0.1,https://github.com/transitland/gtfs-archives-not-hosted-elsewhere/raw/master/western-reserve-transit-authority.zip,"Re-export the feed with a calendar that reaches further out, and set feed_info feed_end_date past your next service change.",https://gtfsscorecard.org/agency/western-reserve-transit-authority/,US,US-OH,Ohio
whatcom-transportation-authority,Whatcom Transportation Authority,Washington,A,94.2,medium,98,2026-07-10,71,within_review_threshold,current,284,8.0.1,https://github.com/whatcomtrans/publicwtadata/raw/master/GTFS/wta_gtfs_latest.zip,Review the flagged fields and fill in the ones your riders would use.,https://gtfsscorecard.org/agency/whatcom-transportation-authority/,US,US-WA,Washington
wheatland-ferry,Wheatland Ferry,Oregon,B,82.2,small,87,2026-07-10,113,within_review_threshold,current,833,8.0.1,https://oregon-gtfs.trilliumtransit.com/gtfs_data/wheatlandferry-or-us/wheatlandferry-or-us.zip,Set wheelchair_boarding to 1 (accessible) or 2 (not accessible) for every stop. A field survey can start with the busiest stops.,https://gtfsscorecard.org/agency/wheatland-ferry/,US,US-OR,Oregon
whitehorse-transit,Whitehorse Transit (Yukon),,F,58.7,medium,49,2026-07-10,8939,unusually_distant,current,689,8.0.1,https://data.whitehorse.ca/Google_transit_Feed_Docs.zip,Set wheelchair_boarding to 1 (accessible) or 2 (not accessible) for every stop. A field survey can start with the busiest stops.,https://gtfsscorecard.org/agency/whitehorse-transit/,CA,CA-YT,Yukon
wichita-transit,Wichita Transit,Kansas,F,11.7,large,0,2026-07-10,-1057,within_review_threshold,stale,185,8.0.1,https://github.com/transitland/gtfs-archives-not-hosted-elsewhere/blob/master/wichita-transit.zip?raw=true,"Re-export the feed with a calendar that reaches further out, and set feed_info feed_end_date past your next service change.",https://gtfsscorecard.org/agency/wichita-transit/,US,US-KS,Kansas
williamsburg-area-transit-authority,Williamsburg Area Transit Authority,Virginia,F,43.0,medium,18,2026-07-10,-1106,within_review_threshold,stale,901,8.0.1,https://data.trilliumtransit.com/gtfs/williamsburg-va-us/williamsburg-va-us.zip,"Re-export the feed with a calendar that reaches further out, and set feed_info feed_end_date past your next service change.",https://gtfsscorecard.org/agency/williamsburg-area-transit-authority/,US,US-VA,Virginia
williamsburg-area-transit-authority-2438,Flex,Virginia,C,78.5,medium,76,2026-07-10,114,within_review_threshold,current,2438,8.0.1,https://data.trilliumtransit.com/gtfs/williamsburg-va-us/williamsburg-va-us--flex-v2.zip,Set wheelchair_boarding to 1 (accessible) or 2 (not accessible) for every stop. A field survey can start with the busiest stops.,https://gtfsscorecard.org/agency/williamsburg-area-transit-authority-2438/,US,US-VA,Virginia
williamsburg-area-transit-authority-2649,Williamsburg Area Transit Authority,Virginia,F,58.6,medium,48,2026-07-10,31,within_review_threshold,current,2649,8.0.1,https://gtfs.wata.cadavl.com/WATA/GTFS/GTFS_WATA.zip,Set wheelchair_boarding to 1 (accessible) or 2 (not accessible) for every stop. A field survey can start with the busiest stops.,https://gtfsscorecard.org/agency/williamsburg-area-transit-authority-2649/,US,US-VA,Virginia
williamsburg-area-transit-authority-901,Williamsburg Area Transit Authority,,F,43.0,medium,18,2026-07-10,-1106,within_review_threshold,stale,,8.0.1,http://data.trilliumtransit.com/gtfs/williamsburg-va-us/williamsburg-va-us.zip,"Re-export the feed with a calendar that reaches further out, and set feed_info feed_end_date past your next service change.",https://gtfsscorecard.org/agency/williamsburg-area-transit-authority-901/,US,,
williamsburg-area-transit-authority-wata,Williamsburg Area Transit Authority (WATA),Virginia,F,35.1,medium,8,2026-07-10,-1106,within_review_threshold,stale,474,8.0.1,http://www.gowata.org/DocumentCenter/View/500,"Re-export the feed with a calendar that reaches further out, and set feed_info feed_end_date past your next service change.",https://gtfsscorecard.org/agency/williamsburg-area-transit-authority-wata/,US,US-VA,Virginia
winter-park-transit,Winter Park Transit,Colorado,C,78.8,medium,77,2026-07-10,127,within_review_threshold,current,175,8.0.1,https://data.trilliumtransit.com/gtfs/winterpark-co-us/winterpark-co-us.zip,Set wheelchair_boarding to 1 (accessible) or 2 (not accessible) for every stop. A field survey can start with the busiest stops.,https://gtfsscorecard.org/agency/winter-park-transit/,US,US-CO,Colorado
winter-park-transit-175,Winter Park Transit,,C,78.8,medium,77,2026-07-10,127,within_review_threshold,current,,8.0.1,http://data.trilliumtransit.com/gtfs/winterpark-co-us/winterpark-co-us.zip,Set wheelchair_boarding to 1 (accessible) or 2 (not accessible) for every stop. A field survey can start with the busiest stops.,https://gtfsscorecard.org/agency/winter-park-transit-175/,US,,
wintran,WinTran,Virginia,C,74.9,medium,67,2026-07-10,206,within_review_threshold,current,608,8.0.1,https://data.trilliumtransit.com/gtfs/wintran-va-us/wintran-va-us.zip,Set wheelchair_boarding to 1 (accessible) or 2 (not accessible) for every stop. A field survey can start with the busiest stops.,https://gtfsscorecard.org/agency/wintran/,US,US-VA,Virginia
wintran-608,WinTran,,C,74.9,medium,67,2026-07-10,206,within_review_threshold,current,,8.0.1,http://data.trilliumtransit.com/gtfs/wintran-va-us/wintran-va-us.zip,Set wheelchair_boarding to 1 (accessible) or 2 (not accessible) for every stop. A field survey can start with the busiest stops.,https://gtfsscorecard.org/agency/wintran-608/,US,,
woodburn-transit-service-wts,Woodburn Transit Service (WTS),Oregon,B,83.6,small,90,2026-07-10,52,within_review_threshold,current,251,8.0.1,https://oregon-gtfs.trilliumtransit.com/gtfs_data/woodburn-or-us/woodburn-or-us.zip,Set wheelchair_boarding to 1 (accessible) or 2 (not accessible) for every stop. A field survey can start with the busiest stops.,https://gtfsscorecard.org/agency/woodburn-transit-service-wts/,US,US-OR,Oregon
worcester-regional-transit-authority-wrta,Worcester Regional Transit Authority (WRTA),Massachusetts,F,54.3,large,42,2026-07-10,32,within_review_threshold,current,432,8.0.1,https://data.trilliumtransit.com/gtfs/wrta-ma-us/wrta-ma-us.zip,Set wheelchair_boarding to 1 (accessible) or 2 (not accessible) for every stop. A field survey can start with the busiest stops.,https://gtfsscorecard.org/agency/worcester-regional-transit-authority-wrta/,US,US-MA,Massachusetts
worcester-regional-transit-authority-wrta-432,Worcester Regional Transit Authority (WRTA),,F,54.3,large,42,2026-07-10,32,within_review_threshold,current,,8.0.1,http://data.trilliumtransit.com/gtfs/wrta-ma-us/wrta-ma-us.zip,Set wheelchair_boarding to 1 (accessible) or 2 (not accessible) for every stop. A field survey can start with the busiest stops.,https://gtfsscorecard.org/agency/worcester-regional-transit-authority-wrta-432/,US,,
xpress,Xpress,Georgia,F,56.7,small,46,2026-07-10,-1106,within_review_threshold,stale,1118,8.0.1,https://gamobility.info/GTFS/Google_Transit.zip,"Re-export the feed with a calendar that reaches further out, and set feed_info feed_end_date past your next service change.",https://gtfsscorecard.org/agency/xpress/,US,US-GA,Georgia
xpress-1118,Xpress,,F,56.7,small,46,2026-07-10,-1106,within_review_threshold,stale,,8.0.1,http://gamobility.info/GTFS/Google_Transit.zip,"Re-export the feed with a calendar that reaches further out, and set feed_info feed_end_date past your next service change.",https://gtfsscorecard.org/agency/xpress-1118/,US,,
xpress-2355,Xpress,Georgia,F,26.2,small,4,2026-07-10,,unknown,unknown,2355,8.0.1,https://gamobility.info/wp-content/uploads/2024/07/Google_Transit.zip,Add feed_start_date and feed_end_date to feed_info.txt and include calendar end dates in your export.,https://gtfsscorecard.org/agency/xpress-2355/,US,US-GA,Georgia
yakima-transit,Yakima Transit,Washington,F,28.4,medium,4,2026-07-10,3461,within_review_threshold,current,276,8.0.1,https://yakimatransit.org/gtfs/yakima_gtfs.zip,Review the rule documentation for 'stop_time_with_arrival_before_previous_departure_time' at https://gtfs-validator.mobilitydata.org/rules.html and check the flagged rows in your feed.,https://gtfsscorecard.org/agency/yakima-transit/,US,US-WA,Washington
yamhill-county-transit-area,Yamhill County Transit Area,Oregon,B,81.7,medium,85,2026-07-10,539,within_review_threshold,current,250,8.0.1,http://ycta.connexionz.net/rtt/public/resource/gtfs.zip,Set wheelchair_boarding to 1 (accessible) or 2 (not accessible) for every stop. A field survey can start with the busiest stops.,https://gtfsscorecard.org/agency/yamhill-county-transit-area/,US,US-OR,Oregon
yankee-line,Yankee Line,Massachusetts,B,87.5,small,95,2026-07-10,83,within_review_threshold,current,443,8.0.1,https://data.trilliumtransit.com/gtfs/yankeeline-ma-us/yankeeline-ma-us.zip,Set wheelchair_boarding to 1 (accessible) or 2 (not accessible) for every stop. A field survey can start with the busiest stops.,https://gtfsscorecard.org/agency/yankee-line/,US,US-MA,Massachusetts
yankee-line-443,Yankee Line,,B,87.5,small,95,2026-07-10,83,within_review_threshold,current,,8.0.1,http://data.trilliumtransit.com/gtfs/yankeeline-ma-us/yankeeline-ma-us.zip,Set wheelchair_boarding to 1 (accessible) or 2 (not accessible) for every stop. A field survey can start with the busiest stops.,https://gtfsscorecard.org/agency/yankee-line-443/,US,,
yates-transit-service,Yates Transit Service,New York,F,34.7,small,8,2026-07-10,-191,within_review_threshold,lapsed,875,8.0.1,https://s3.amazonaws.com/datatools-511ny/public/Yates_Transit_Service.zip,"Re-export the feed with a calendar that reaches further out, and set feed_info feed_end_date past your next service change.",https://gtfsscorecard.org/agency/yates-transit-service/,US,US-NY,New York
yolo-county-transportation-district-yolobus,Yolo County Transportation District (Yolobus),California,F,55.4,medium,44,2026-07-10,-159,within_review_threshold,lapsed,1295,8.0.1,http://www.yolobus.com/GTFS/google_transit.zip,"Re-export the feed with a calendar that reaches further out, and set feed_info feed_end_date past your next service change.",https://gtfsscorecard.org/agency/yolo-county-transportation-district-yolobus/,US,US-CA,California
yolobus,Yolobus (Yolo County Transportation District),,B,82.2,medium,87,2026-07-10,59,within_review_threshold,current,,8.0.1,https://avl.yctd.org/RealTime/google_transit.zip,"Set wheelchair_accessible on every trip (most small-agency fleets are 100% accessible, so this is often a single default).",https://gtfsscorecard.org/agency/yolobus/,US,,
yosemite-area-regional-transportation-system-yarts,Yosemite Area Regional Transportation System (YARTS),California,F,53.7,small,42,2026-07-10,-283,within_review_threshold,lapsed,88,8.0.1,https://data.trilliumtransit.com/gtfs/yosemite-ca-us/yosemite-ca-us.zip,"Re-export the feed with a calendar that reaches further out, and set feed_info feed_end_date past your next service change.",https://gtfsscorecard.org/agency/yosemite-area-regional-transportation-system-yarts/,US,US-CA,California
yosemite-area-regional-transportation-system-yarts-2394,Yosemite Area Regional Transportation System (YARTS),California,F,47.5,small,28,2026-07-10,-50,within_review_threshold,lapsed,2394,8.0.1,https://www.planeteria.com/gtfs/yosemite-ca-us/yosemite-ca-us-gtfs.zip,"Re-export the feed with a calendar that reaches further out, and set feed_info feed_end_date past your next service change.",https://gtfsscorecard.org/agency/yosemite-area-regional-transportation-system-yarts-2394/,US,US-CA,California
yosemite-area-regional-transportation-system-yarts-88,Yosemite Area Regional Transportation System (YARTS),,F,53.7,small,42,2026-07-10,-283,within_review_threshold,lapsed,,8.0.1,http://data.trilliumtransit.com/gtfs/yosemite-ca-us/yosemite-ca-us.zip,"Re-export the feed with a calendar that reaches further out, and set feed_info feed_end_date past your next service change.",https://gtfsscorecard.org/agency/yosemite-area-regional-transportation-system-yarts-88/,US,,
yuba-sutter-transit,Yuba-Sutter Transit,California,C,79.3,medium,78,2026-07-10,174,within_review_threshold,current,79,8.0.1,https://data.trilliumtransit.com/gtfs/yubasutter-ca-us/yubasutter-ca-us.zip,Set wheelchair_boarding to 1 (accessible) or 2 (not accessible) for every stop. A field survey can start with the busiest stops.,https://gtfsscorecard.org/agency/yuba-sutter-transit/,US,US-CA,California
yuba-sutter-transit-79,Yuba-Sutter Transit,,C,79.3,medium,78,2026-07-10,174,within_review_threshold,current,,8.0.1,http://data.trilliumtransit.com/gtfs/yubasutter-ca-us/yubasutter-ca-us.zip,Set wheelchair_boarding to 1 (accessible) or 2 (not accessible) for every stop. A field survey can start with the busiest stops.,https://gtfsscorecard.org/agency/yuba-sutter-transit-79/,US,,
yuma-county-intergovernmental-public-transportation-authority-ycipta,Yuma County Intergovernmental Public Transportation Authority (YCIPTA),Arizona,D,69.3,medium,59,2026-07-10,175,within_review_threshold,current,17,8.0.1,http://www.ycipta.org/gtfs/google_transit.zip,Set wheelchair_boarding to 1 (accessible) or 2 (not accessible) for every stop. A field survey can start with the busiest stops.,https://gtfsscorecard.org/agency/yuma-county-intergovernmental-public-transportation-authority-ycipta/,US,US-AZ,Arizona
