id,name,date,grade,score,correctness,freshness,completeness,realtime,days_until_expiry,service_horizon_status
10-15-transit,10-15 Transit,2026-07-10,C,76.5,100.0,88.3,34.0,,53,within_review_threshold
10-15-transit-195,10-15 Transit,2026-07-10,C,76.5,100.0,88.3,34.0,,53,within_review_threshold
128-business-council,128 Business Council,2026-07-10,F,39.1,68.0,0.0,30.0,,-2747,within_review_threshold
128-business-council-440,128 Business Council,2026-07-10,F,39.1,68.0,0.0,30.0,,-2747,within_review_threshold
81-connection-citygo-kanconnect,"81 Connection, CityGo, KanConnect",2026-07-10,F,50.1,59.5,0.0,77.0,,-922,within_review_threshold
abq-ride,ABQ RIDE,2026-07-10,D,61.5,39.0,93.3,67.5,,56,within_review_threshold
academy-bus,Academy Bus,2026-07-10,F,42.3,68.8,0.0,38.9,,-1185,within_review_threshold
access-allegany,Access Allegany,2026-07-10,F,42.0,59.5,0.0,51.1,,-191,within_review_threshold
adams-county,Flex,2026-07-10,D,64.4,94.0,36.7,45.0,,22,within_review_threshold
addison-county-transit-actr,Addison County Transit (ACTR),2026-07-10,F,37.8,46.0,0.0,56.6,,-2382,within_review_threshold
addison-county-transit-actr-543,Addison County Transit (ACTR),2026-07-10,F,37.8,46.0,0.0,56.6,,-2382,within_review_threshold
adirondack-trailways-adp,Adirondack Trailways ADP,2026-07-10,F,45.1,49.2,85.0,7.5,,1635,within_review_threshold
adirondack-trailways-nyp,Adirondack Trailways NYP,2026-07-10,F,42.5,43.2,85.0,7.5,,1635,within_review_threshold
adirondack-trailways-pine-hill-trailways,Adirondack Trailways Pine Hill Trailways,2026-07-10,F,2.3,0.0,0.0,7.5,,-1652,within_review_threshold
advance-transit,Advance Transit,2026-07-10,C,74.3,69.8,100.0,59.9,,144,within_review_threshold
advance-transit-631,Advance Transit,2026-07-10,C,74.2,69.8,100.0,59.9,,144,within_review_threshold
advance-transit-at,Advance Transit (AT),2026-07-10,F,42.3,70.0,0.0,37.3,,-1206,within_review_threshold
airport-valet-express,Airport Valet Express,2026-07-10,F,44.5,69.5,0.0,45.0,,-2200,within_review_threshold
airport-valet-express-27,Airport Valet Express,2026-07-10,F,44.5,69.5,0.0,45.0,,-2200,within_review_threshold
akron-metro-regional-transit-authority-metro,Akron Metro Regional Transit Authority (METRO),2026-07-10,F,33.4,49.5,0.0,37.5,,-1273,within_review_threshold
akron-metro-regional-transit-authority-metro-2071,Akron Metro Regional Transit Authority (METRO),2026-07-10,B,80.9,90.5,71.7,75.0,,43,within_review_threshold
alameda-contra-costa-transit-district-ac-transit,Alameda-Contra Costa Transit District (AC Transit),2026-07-10,F,52.2,76.5,0.0,60.0,,-860,within_review_threshold
albany-transit-system,Albany Transit System,2026-07-10,F,33.6,50.0,0.0,37.5,,-740,within_review_threshold
alcatraz-cruises-hornblower-angel-island-tiburon-ferry-blue-gold-fleet,"Alcatraz Cruises - Hornblower, Angel Island Tiburon Ferry, Blue & Gold Fleet",2026-07-10,F,46.7,63.8,0.0,60.0,,-1744,within_review_threshold
alcatraz-cruises-hornblower-angel-island-tiburon-ferry-blue-gold-fleet-595,"Alcatraz Cruises - Hornblower, Angel Island Tiburon Ferry, Blue & Gold Fleet",2026-07-10,F,46.7,63.8,0.0,60.0,,-1744,within_review_threshold
alexandria-dot,City of Alexandria,2026-07-10,C,75.5,94.0,100.0,30.0,,144,within_review_threshold
alexandria-transit-company-dash,Alexandria Transit Company (DASH),2026-07-10,C,71.0,75.0,86.7,52.9,,52,within_review_threshold
alhambra-community-transit,Alhambra Community Transit,2026-07-10,F,47.6,66.0,0.0,60.0,,-1652,within_review_threshold
alhambra-community-transit-211,Alhambra Community Transit,2026-07-10,F,47.6,66.0,0.0,60.0,,-1652,within_review_threshold
all-points-transit,All Points Transit,2026-07-10,C,77.4,86.0,100.0,47.4,,206,within_review_threshold
all-points-transit-2039,Flex v2 included,2026-07-10,F,59.8,82.0,36.7,47.1,,22,within_review_threshold
all-points-transit-212,All Points Transit,2026-07-10,C,77.4,86.0,100.0,47.4,,206,within_review_threshold
allegany-county-transit,Allegany County Transit,2026-07-10,F,25.1,30.5,0.0,37.5,,-2171,within_review_threshold
allen-county-regional-transit-authority,Allen County Regional Transit Authority,2026-07-10,C,79.0,84.0,100.0,55.1,,144,within_review_threshold
altamont-corridor-express,Altamont Corridor Express,2026-07-10,F,46.8,41.0,0.0,92.5,,-556,within_review_threshold
altavista-community-transit-system,Altavista Community Transit System,2026-07-10,B,80.2,94.0,100.0,45.0,,82,within_review_threshold
altavista-community-transit-system-882,Altavista Community Transit System,2026-07-10,B,80.2,94.0,100.0,45.0,,82,within_review_threshold
amador-transit,Amador Transit,2026-07-10,C,78.4,91.5,88.3,52.2,,53,within_review_threshold
amador-transit-92,Amador Transit,2026-07-10,C,78.4,91.5,88.3,52.2,,53,within_review_threshold
amarillo-city-transit,Amarillo City Transit,2026-07-10,F,50.2,77.2,0.0,52.5,,-1652,within_review_threshold
amtrak,Amtrak,2026-07-10,F,43.0,59.5,11.7,45.0,,7,within_review_threshold
amtrak-san-joaquins,Amtrak San Joaquins,2026-07-10,F,52.6,88.0,0.0,45.0,,-10,within_review_threshold
amtrak-vermonter,Amtrak Vermonter,2026-07-10,B,80.1,93.8,100.0,45.0,,143,within_review_threshold
anaheim-resort-transportation-art,Anaheim Resort Transportation (ART),2026-07-10,F,42.6,92.0,0.0,7.5,,,unknown
anchorage-people-mover,Anchorage People Mover,2026-07-10,D,65.8,88.0,100.0,60.1,0.0,322,within_review_threshold
ann-arbor-area-transportation-authority-theride,Ann Arbor Area Transportation Authority (TheRide),2026-07-10,D,69.7,71.5,56.7,77.5,,43,within_review_threshold
annapolis-transit,Annapolis Transit,2026-07-10,F,31.2,44.5,0.0,37.5,,-1804,within_review_threshold
annapolis-transit-2285,Annapolis Transit,2026-07-10,A,93.6,96.0,100.0,85.0,,82,within_review_threshold
antelope-valley-transit-authority-avta,Antelope Valley Transit Authority (AVTA),2026-07-10,F,39.2,52.0,0.0,52.5,,-1804,within_review_threshold
arcadia-transit,Arcadia Transit,2026-07-10,F,44.7,70.0,0.0,45.0,,-1652,within_review_threshold
arcadia-transit-215,Arcadia Transit,2026-07-10,F,44.7,70.0,0.0,45.0,,-1652,within_review_threshold
arcadia-transit-2243,Arcadia Transit,2026-07-10,F,59.3,85.5,50.0,30.0,,30,within_review_threshold
areawide-community-transportation-system,Areawide Community Transportation System,2026-07-10,F,57.2,88.0,0.0,59.9,,-283,within_review_threshold
arlington-transit,Arlington Transit,2026-07-10,C,71.1,68.0,100.0,37.9,89.2,325,within_review_threshold
arlington-transit-2434,Flex,2026-07-10,C,72.6,94.0,88.3,30.0,,53,within_review_threshold
arvin-transit,Arvin Transit,2026-07-10,F,42.3,74.0,0.0,31.9,,-1652,within_review_threshold
arvin-transit-216,Arvin Transit,2026-07-10,F,42.3,74.0,0.0,31.9,,-1652,within_review_threshold
asheville-rides-transit,Asheville Rides Transit,2026-07-10,D,68.2,84.0,100.0,75.3,0.0,174,within_review_threshold
asheville-rides-transit-903,Asheville Rides Transit,2026-07-10,D,68.2,84.0,100.0,75.3,0.0,174,within_review_threshold
astoria-riverfront-trolley,Astoria Riverfront Trolley,2026-07-10,B,84.7,93.5,100.0,60.0,,114,within_review_threshold
athens-public-transit,Athens Public Transit,2026-07-10,F,50.3,77.5,0.0,52.5,,-3113,within_review_threshold
athens-public-transit-1973,Athens Public Transit,2026-07-10,F,43.3,66.8,0.0,45.0,,-922,within_review_threshold
atlanta-streetcar,Atlanta Streetcar,2026-07-10,F,55.7,79.0,0.0,67.5,,-3113,within_review_threshold
atlantic-regional-commission,Atlantic Station Shuttle (FREE RIDE),2026-07-10,F,39.8,75.0,0.0,22.5,,-4574,within_review_threshold
atomic-city-transit,Atomic City Transit,2026-07-10,B,84.4,90.5,100.0,63.4,,174,within_review_threshold
auburn-transit,Auburn Transit,2026-07-10,F,17.5,7.8,0.0,45.0,,-1378,within_review_threshold
auburn-transit-217,Auburn Transit,2026-07-10,F,17.5,7.8,0.0,45.0,,-1378,within_review_threshold
auburn-transit-2275,Auburn Transit,2026-07-10,D,63.2,55.2,100.0,45.0,,1635,within_review_threshold
avalon-transit,Avalon Transit,2026-07-10,F,56.4,86.0,0.0,60.0,,-831,within_review_threshold
avalon-transit-12,Avalon Transit,2026-07-10,F,56.4,86.0,0.0,60.0,,-831,within_review_threshold
avon-transit,Avon Transit,2026-07-10,F,49.4,72.0,0.0,57.4,,-453,within_review_threshold
avon-transit-2040,Flex v2 included,2026-07-10,C,76.4,92.0,88.3,45.0,,53,within_review_threshold
avon-transit-218,Avon Transit,2026-07-10,F,49.4,72.0,0.0,57.4,,-453,within_review_threshold
avon-transit-2433,Avon Transit,2026-07-10,B,88.3,84.0,100.0,85.0,,138,within_review_threshold
baca-area-transportation,Baca Area Transportation,2026-07-10,C,73.8,90.0,100.0,30.0,,144,within_review_threshold
baldwin-park-transit,Baldwin Park Transit,2026-07-10,F,39.1,68.0,0.0,30.0,,-1652,within_review_threshold
baldwin-park-transit-219,Baldwin Park Transit,2026-07-10,F,39.1,68.0,0.0,30.0,,-1652,within_review_threshold
barrie-transit,Barrie Transit (Ontario),2026-07-10,C,72.3,76.0,100.0,45.0,,113,within_review_threshold
basin-transit-service-bts,Basin Transit Service (BTS),2026-07-10,C,75.0,92.0,86.7,42.0,,52,within_review_threshold
bay-area-rapid-transit-bart,Bay Area Rapid Transit (BART),2026-07-10,D,60.1,48.8,46.7,67.5,84.2,28,within_review_threshold
bay-area-transportation-authority,Bay Area Transportation Authority,2026-07-10,F,44.6,52.8,0.0,68.7,,-1644,within_review_threshold
bay-area-transportation-authority-223,Bay Area Transportation Authority,2026-07-10,F,44.6,52.8,0.0,68.7,,-1644,within_review_threshold
bay-area-transportation-authority-2254,Bay Area Transportation Authority,2026-07-10,F,54.8,49.0,85.0,38.7,,26837,unusually_distant
bay-state-cruise-company,Bay State Cruise Company,2026-07-10,B,80.2,94.0,100.0,45.0,,128,within_review_threshold
bay-town-trolley,Bay Town Trolley,2026-07-10,F,53.3,66.0,0.0,78.3,,-222,within_review_threshold
bay-town-trolley-337,Bay Town Trolley,2026-07-10,F,53.3,66.0,0.0,78.3,,-222,within_review_threshold
bay-transit,Bay Transit,2026-07-10,B,80.5,84.0,100.0,60.0,,114,within_review_threshold
bay-transit-224,Bay Transit,2026-07-10,B,80.5,84.0,100.0,60.0,,114,within_review_threshold
bay-transit-2439,Flex,2026-07-10,C,78.6,79.8,100.0,59.9,,114,within_review_threshold
beach-cities-transit,Beach Cities Transit,2026-07-10,D,62.2,83.0,0.0,52.5,100.0,-1286,within_review_threshold
beach-cities-transit-1999,Beach Cities Transit,2026-07-10,D,68.1,75.0,85.0,45.0,,26837,unusually_distant
beaumont-transit,Beaumont Transit,2026-07-10,B,84.0,91.2,100.0,61.2,,175,within_review_threshold
beaumont-transit-106,Beaumont Transit,2026-07-10,B,84.0,91.2,100.0,61.2,,175,within_review_threshold
beaver-county-transit-authority,Beaver County Transit Authority,2026-07-10,F,45.0,76.0,0.0,37.5,,-1652,within_review_threshold
beaver-county-transit-authority-2262,Beaver County Transit Authority,2026-07-10,C,77.0,92.0,100.0,37.5,,174,within_review_threshold
bell-gardens-trolley,Bell Gardens Trolley,2026-07-10,F,49.6,70.5,0.0,60.0,,-556,within_review_threshold
bellflower-bus,Bellflower Bus,2026-07-10,F,46.7,74.5,0.0,45.0,,-556,within_review_threshold
bellflower-bus-3095,Bellflower Bus,2026-07-10,C,79.0,98.8,86.7,45.0,,52,within_review_threshold
beloit-transit,Beloit Transit,2026-06-27,F,37.8,86.5,0.0,0.0,,,unknown
beloit-transit-392,Beloit Transit,2026-06-30,F,37.8,86.5,0.0,0.0,,,unknown
ben-franklin-transit,Ben Franklin Transit,2026-07-10,F,55.9,84.0,0.0,61.2,,-831,within_review_threshold
ben-franklin-transit-2024,Ben Franklin Transit,2026-07-10,B,84.8,100.0,100.0,51.5,,155,within_review_threshold
ben-franklin-transit-2122,Ben Franklin Transit,2026-07-10,B,87.9,100.0,100.0,51.5,100.0,155,within_review_threshold
benson-area-transit,Benson Area Transit,2026-07-10,F,51.7,86.0,0.0,45.0,,-191,within_review_threshold
benson-area-transit-229,Benson Area Transit,2026-07-10,F,51.7,86.0,0.0,45.0,,-191,within_review_threshold
bent-county-transit,Bent County Transit,2026-07-10,F,46.2,74.0,0.0,44.3,,-1302,within_review_threshold
bent-county-transit-230,Bent County Transit,2026-07-10,F,46.2,74.0,0.0,44.3,,-1302,within_review_threshold
bent-county-transportation,Flex,2026-07-10,C,79.1,92.0,100.0,44.3,,144,within_review_threshold
benton-area-transportation,Benton Area Transportation,2026-07-10,D,70.0,92.0,100.0,60.0,13.9,83,within_review_threshold
benton-area-transportation-3109,Benton Area Transportation - Flex V2,2026-07-10,B,80.7,87.8,100.0,55.2,,83,within_review_threshold
berks-area-regional-transportation-authority-barta,Berks Area Regional Transportation Authority (BARTA),2026-07-10,F,45.4,77.0,0.0,37.5,,-1287,within_review_threshold
berks-area-regional-transportation-authority-barta-2064,Berks Area Regional Transportation Authority (BARTA),2026-07-10,D,61.7,57.0,100.0,37.5,,177,within_review_threshold
berkshire-regional-transit-authority-brta,Berkshire Regional Transit Authority (BRTA),2026-07-10,B,84.6,88.0,88.3,76.7,,53,within_review_threshold
berkshire-regional-transit-authority-brta-537,Berkshire Regional Transit Authority (BRTA),2026-07-10,B,84.6,88.0,88.3,76.7,,53,within_review_threshold
bethesda-circulator,Bethesda Circulator,2026-07-10,F,49.9,82.0,0.0,45.0,,-647,within_review_threshold
bettendorf-transit,Bettendorf Transit,2026-07-10,B,84.9,94.0,100.0,60.0,,83,within_review_threshold
biddeford-saco-old-orchard-beach-transit,Biddeford Saco Old Orchard Beach Transit,2026-07-10,C,78.9,82.0,100.0,57.6,,174,within_review_threshold
big-blue-bus,Big Blue Bus,2026-07-10,F,43.8,53.5,48.3,38.1,29.4,29,within_review_threshold
birmingham-jefferson-county-transit-authority,Birmingham Jefferson County Transit Authority,2026-07-10,F,19.1,19.5,0.0,33.8,,-1314,within_review_threshold
birmingham-jefferson-county-transit-authority-max,Birmingham Jefferson County Transit Authority (MAX),2026-07-10,F,46.0,69.2,0.0,50.3,,-2748,within_review_threshold
birmingham-jefferson-county-transit-authority-max-2263,Birmingham Jefferson County Transit Authority (MAX),2026-07-10,F,34.8,53.5,0.0,36.4,,-405,within_review_threshold
birnie-bus,Birnie Bus,2026-07-10,F,58.8,59.5,100.0,24.7,,217,within_review_threshold
bisbee-bus,Bisbee Bus,2026-07-10,A,99.4,99.5,100.0,98.9,,549,within_review_threshold
black-ball-ferry-line,Black Ball Ferry Line,2026-07-10,A,98.2,96.0,100.0,100.0,,177,within_review_threshold
black-ball-ferry-line-286,Black Ball Ferry Line,2026-07-10,A,98.2,96.0,100.0,100.0,,177,within_review_threshold
blackhawk-and-central-city-tramway,Blackhawk and Central City Tramway,2026-07-10,B,81.9,98.0,100.0,45.0,,174,within_review_threshold
blackhawk-and-central-city-tramway-2041,Flex v2 included,2026-07-10,B,81.9,98.0,100.0,45.0,,174,within_review_threshold
blackhawk-and-central-city-tramway-234,Blackhawk and Central City Tramway,2026-07-10,B,81.9,98.0,100.0,45.0,,174,within_review_threshold
blacksburg-transit,Blacksburg Transit,2026-07-10,F,57.0,92.0,20.0,37.5,,21,within_review_threshold
blackstone-area-bus-service,Blackstone Area Bus Service,2026-07-10,C,74.8,81.8,100.0,44.8,,234,within_review_threshold
blackstone-area-bus-service-235,Blackstone Area Bus Service,2026-07-10,C,74.8,81.8,100.0,44.8,,234,within_review_threshold
block-island-ferry,Block Island Ferry,2026-07-10,C,77.0,76.0,100.0,60.0,,94,within_review_threshold
block-island-ferry-554,Block Island Ferry,2026-07-10,C,77.0,76.0,100.0,60.0,,94,within_review_threshold
bloom-bus,Bloom Bus,2026-07-10,F,44.5,69.5,0.0,45.0,,-1316,within_review_threshold
bloom-tours,Bloom Tours,2026-07-10,F,46.4,79.2,0.0,37.5,,-3842,within_review_threshold
bloomington-transit,Bloomington Transit,2026-07-10,F,32.1,57.0,0.0,22.9,,-1420,within_review_threshold
bloomington-transit-2066,Bloomington Transit,2026-07-10,C,75.3,77.5,100.0,52.5,,347,within_review_threshold
blossom-express,Blossom Express,2026-07-10,B,81.9,98.0,100.0,45.0,,207,within_review_threshold
blossom-express-236,Blossom Express,2026-07-10,B,81.9,98.0,100.0,45.0,,207,within_review_threshold
blue-apple-bus-company,Blue Apple Bus Company,2026-07-10,C,77.9,99.5,100.0,30.0,,174,within_review_threshold
blue-gold-fleet,Blue & Gold Fleet,2026-07-10,F,53.9,63.0,0.0,84.2,,-824,within_review_threshold
blue-grass-community-action-partnership,Bluegrass Ultra-Transit Service,2026-07-10,D,63.1,92.0,35.0,45.0,,21,within_review_threshold
blue-grass-community-action-partnership-362,Bluegrass Ultra-Transit Service,2026-07-10,D,63.1,92.0,35.0,45.0,,21,within_review_threshold
blue-sky-limo-llc,Blue Sky Limo LLC,2026-07-10,F,54.6,82.0,0.0,60.0,,-191,within_review_threshold
blue-star-bus,Blue Star Bus,2026-07-10,F,47.5,76.5,0.0,45.0,,-2747,within_review_threshold
blue-star-bus-256,Blue Star Bus,2026-07-10,F,47.5,76.5,0.0,45.0,,-2747,within_review_threshold
boston-express,Boston Express,2026-07-10,C,73.4,87.0,85.0,45.0,,905,within_review_threshold
boston-harbor-islands-ferries,Boston Harbor Islands Ferries,2026-07-10,F,38.7,61.5,0.0,37.7,,-2832,within_review_threshold
boston-harbor-islands-ferries-2073,Boston Harbor Islands Ferries,2026-07-10,A,95.3,100.0,100.0,85.0,,95,within_review_threshold
boston-harbor-islands-ferry,Boston Harbor Islands Ferry,2026-07-10,A,98.2,96.0,100.0,100.0,,94,within_review_threshold
boulder-county,Boulder County,2026-07-10,F,48.1,67.2,0.0,60.0,,-1470,within_review_threshold
boulder-county-880,Boulder County,2026-07-10,F,48.1,67.2,0.0,60.0,,-1470,within_review_threshold
boxcar,Boxcar Commuter Bus,2026-07-10,B,82.4,99.0,100.0,45.0,,365,within_review_threshold
breckenridge-free-ride,Breckenridge Free Ride,2026-07-10,F,46.7,80.0,0.0,37.4,,-89,within_review_threshold
breckenridge-free-ride-237,Breckenridge Free Ride,2026-07-10,F,46.7,80.0,0.0,37.4,,-89,within_review_threshold
breeze-transit,Breeze Transit,2026-07-10,F,31.7,50.0,0.0,31.6,,-441,within_review_threshold
brightline-trains-llc,Brightline Trains LLC,2026-07-10,C,79.6,78.0,85.0,77.5,,294,within_review_threshold
bristol-virginia-transit,Bristol Virginia Transit,2026-07-10,B,84.0,92.0,100.0,60.0,,206,within_review_threshold
bristol-virginia-transit-238,Bristol Virginia Transit,2026-07-10,B,84.0,92.0,100.0,60.0,,206,within_review_threshold
brite,Brite,2026-07-10,F,35.2,56.5,0.0,33.7,,-190,within_review_threshold
brockton-area-transit-authority-bat,Brockton Area Transit Authority (BAT),2026-07-10,C,76.9,82.5,88.3,59.8,,53,within_review_threshold
brockton-area-transit-authority-bat-422,Brockton Area Transit Authority (BAT),2026-07-10,C,76.9,82.5,88.3,59.8,,53,within_review_threshold
broome-county-transit-b-c-transit,Broome County Transit (B.C. Transit),2026-07-10,F,38.3,45.0,0.0,59.4,,-1287,within_review_threshold
broome-county-transit-b-c-transit-2079,Broome County Transit (B.C. Transit),2026-07-10,B,84.3,92.8,100.0,59.9,,174,within_review_threshold
broward-county-transit,Broward County Transit,2026-07-10,A,90.4,100.0,100.0,69.3,,78,within_review_threshold
brown-county-heartland-express,Flex v2 included,2026-07-10,D,62.6,90.0,36.7,45.0,,22,within_review_threshold
brown-county-heartland-express-2296,Fixed route + flex,2026-07-10,B,80.2,94.0,100.0,45.0,,206,within_review_threshold
buc-shuttle,Buc Shuttle,2026-07-10,F,39.8,75.0,0.0,22.5,,-4574,within_review_threshold
buena-vista-ferry,Buena Vista Ferry,2026-07-10,C,72.9,84.0,88.3,45.0,,53,within_review_threshold
bullhead-area-transit-system,Bullhead Area Transit System,2026-07-10,B,85.3,95.0,100.0,60.0,,174,within_review_threshold
bullhead-area-transit-system-109,Bullhead Area Transit System,2026-07-10,B,85.3,95.0,100.0,60.0,,174,within_review_threshold
burbankbus,BurbankBus,2026-07-10,F,55.0,45.0,85.0,45.0,,26837,unusually_distant
burlington-urban-service,Burlington Urban Service,2026-07-10,C,75.2,88.0,100.0,37.5,,82,within_review_threshold
burlington-urban-service-199,Burlington Urban Service,2026-07-10,C,75.2,88.0,100.0,37.5,,82,within_review_threshold
burns-paiute-tribal-transit,Burns Paiute Tribal Transit,2026-07-10,C,75.5,94.0,100.0,30.0,,83,within_review_threshold
bustang-outrider,Bustang Outrider,2026-07-10,B,80.7,86.0,100.0,57.8,,206,within_review_threshold
butler-county-regional-transit-authority,Butler County Regional Transit Authority,2026-07-10,F,36.8,68.0,0.0,22.5,,-1882,within_review_threshold
butte-regional-transit-b-line,Butte Regional Transit (B-Line),2026-07-10,F,45.2,82.0,0.0,30.0,,-195,within_review_threshold
butte-silver-bow,Butte-Silver Bow,2026-07-10,F,48.7,74.0,0.0,52.3,,-1957,within_review_threshold
butte-silver-bow-291,Butte-Silver Bow,2026-07-10,F,48.7,74.0,0.0,52.3,,-1957,within_review_threshold
bwi-thurgood-marshall-airport-bwi-shuttle,BWI Thurgood Marshall Airport (BWI) Shuttle,2026-07-10,F,46.2,61.0,0.0,62.5,,-1287,within_review_threshold
c-tran,Clark County Public Transportation Benefit Area,2026-07-10,B,84.1,83.5,100.0,75.1,80.4,64,within_review_threshold
c-tran-305,C TRAN,2026-07-10,F,37.2,35.0,0.0,69.9,,-1287,within_review_threshold
calabasas-transit-system,Calabasas Transit System,2026-07-10,F,47.5,70.0,0.0,53.9,,-1652,within_review_threshold
calabasas-transit-system-296,Calabasas Transit System,2026-07-10,F,47.5,70.0,0.0,53.9,,-1652,within_review_threshold
calaveras-transit,Calaveras Transit,2026-07-10,B,80.7,88.0,100.0,55.0,,173,within_review_threshold
calaveras-transit-93,Calaveras Transit,2026-07-10,B,80.7,88.0,100.0,55.0,,173,within_review_threshold
caltrain,Caltrain,2026-07-10,A,93.2,90.5,100.0,91.7,,205,within_review_threshold
caltrain-54,Caltrain,2026-07-10,A,93.2,90.5,100.0,91.7,,205,within_review_threshold
calvert-county-public-transportation,Calvert County Public Transportation,2026-07-10,F,30.9,32.5,0.0,53.3,,-1810,within_review_threshold
camarillo-area-transit,Camarillo Area Transit,2026-07-10,B,83.4,98.0,100.0,49.8,,206,within_review_threshold
camarillo-area-transit-297,Camarillo Area Transit,2026-07-10,B,83.4,98.0,100.0,49.8,,206,within_review_threshold
campus-area-rapid-transit-cart,Campus Area Rapid Transit (CART),2026-07-10,D,66.9,83.0,85.0,30.0,,26837,unusually_distant
canby-area-transit-cat,Canby Area Transit (CAT),2026-07-10,B,83.2,94.0,100.0,54.6,,175,within_review_threshold
canby-ferry,Canby Ferry,2026-07-10,C,79.3,92.0,100.0,45.0,,113,within_review_threshold
cape-ann-transportation-authority-cata,Cape Ann Transportation Authority (CATA),2026-07-10,C,80.0,90.0,88.3,59.2,,53,within_review_threshold
cape-ann-transportation-authority-cata-447,Cape Ann Transportation Authority (CATA),2026-07-10,C,80.0,90.0,88.3,59.2,,53,within_review_threshold
cape-cod-regional-transit-authority,Flex,2026-07-10,F,41.3,51.8,0.0,59.6,,-14,within_review_threshold
cape-cod-regional-transportation-authority-cape-cod-rta,Cape Cod Regional Transportation Authority (Cape Cod RTA),2026-07-10,F,51.9,75.8,0.0,59.9,,-14,within_review_threshold
cape-cod-regional-transportation-authority-cape-cod-rta-645,Cape Cod Regional Transportation Authority (Cape Cod RTA),2026-07-10,F,51.9,75.8,0.0,59.9,,-14,within_review_threshold
cape-lookout-national-seashore,CALO Ferry Service,2026-07-10,B,87.5,100.0,100.0,60.0,,233,within_review_threshold
capital-area-transit-goraleigh,Capital Area Transit (GoRaleigh),2026-07-10,F,51.8,76.8,0.0,58.3,,-831,within_review_threshold
capital-area-transit-goraleigh-1983,Capital Area Transit (GoRaleigh),2026-07-10,F,42.8,71.0,0.0,37.5,,-709,within_review_threshold
capital-area-transit-goraleigh-2074,Capital Area Transit (GoRaleigh),2026-07-10,C,71.9,88.0,86.7,37.5,,52,within_review_threshold
capital-area-transit-goraleigh-471,Capital Area Transit (GoRaleigh),2026-07-10,F,51.8,76.8,0.0,58.3,,-831,within_review_threshold
capital-area-transit-system-cats,Capital Area Transit System (CATS),2026-07-10,F,46.2,58.8,35.0,37.5,,-141,within_review_threshold
capital-area-transit-system-cats-2065,Capital Area Transit System (CATS),2026-07-10,D,64.7,64.0,100.0,37.5,,174,within_review_threshold
capital-area-transportation-authority-cata,Capital Area Transportation Authority (CATA),2026-07-10,D,64.3,62.0,73.3,37.1,93.2,44,within_review_threshold
capital-district-transportation-authority-cdta,Capital District Transportation Authority (CDTA),2026-07-10,A,90.3,83.0,83.3,100.0,97.9,50,within_review_threshold
capital-metro,Capital Metro,2026-07-10,C,72.9,69.2,60.0,74.9,89.6,36,within_review_threshold
capital-trailways,Capital Trailways,2026-07-10,F,46.7,80.0,0.0,37.5,,-684,within_review_threshold
capital-transit,Capital Transit,2026-07-10,B,81.3,84.0,100.0,62.7,,72,within_review_threshold
capital-transit-294,Capital Transit,2026-07-10,B,81.3,84.0,100.0,62.7,,72,within_review_threshold
capital-transit-310,Capital Transit,2026-07-10,F,43.5,69.2,0.0,42.3,,-1561,within_review_threshold
capitol-corridor-joint-powers-authority-capitol-corridor,Capitol Corridor Joint Powers Authority (Capitol Corridor),2026-07-10,D,61.1,73.5,0.0,92.5,,-1106,within_review_threshold
caravan-airport-transportation,Caravan Airport Transportation,2026-07-10,B,84.0,92.0,100.0,60.0,,114,within_review_threshold
carlsbad-municipal-transit-system,Carlsbad Municipal Transit System,2026-07-10,F,42.9,71.5,0.0,37.2,,-3844,within_review_threshold
carlsbad-municipal-transit-system-2284,Carlsbad Municipal Transit System,2026-07-10,F,55.4,84.0,0.0,59.7,,-191,within_review_threshold
carroll-transit-system,Carroll Transit System,2026-07-10,F,42.3,49.5,0.0,66.2,,-1621,within_review_threshold
carson-circuit,Carson Circuit,2026-07-10,F,42.7,65.5,0.0,45.0,,-1835,within_review_threshold
carson-circuit-298,Carson Circuit,2026-07-10,F,42.7,65.5,0.0,45.0,,-1835,within_review_threshold
cascade-point,Cascade POINT,2026-07-10,F,49.6,70.5,0.0,60.0,,-1821,within_review_threshold
cascades-east-transit-cet,Cascades East Transit (CET),2026-07-10,F,48.4,68.0,0.0,59.8,,-808,within_review_threshold
cascades-east-transit-cet-138,Cascades East Transit (CET),2026-07-10,F,48.4,68.0,0.0,59.8,,-808,within_review_threshold
casco-bay-lines,Casco Bay Lines,2026-07-10,F,46.6,79.5,0.0,37.7,,-1404,within_review_threshold
cat-tran-shuttle,Cat Tran Shuttle,2026-07-10,F,36.8,52.0,0.0,45.0,,-1712,within_review_threshold
cat-tran-shuttle-146,Cat Tran Shuttle,2026-07-10,F,36.8,52.0,0.0,45.0,,-1712,within_review_threshold
cat-tran-shuttle-2206,Cat Tran Shuttle,2026-07-10,F,34.9,63.0,0.0,23.4,,-574,within_review_threshold
catalina-express,Catalina Express,2026-06-30,F,26.2,60.0,0.0,0.0,,,unknown
catalina-flyer,Catalina Flyer,2026-07-10,F,47.6,66.0,0.0,60.0,,-1652,within_review_threshold
catalina-flyer-300,Catalina Flyer,2026-07-10,F,47.6,66.0,0.0,60.0,,-1652,within_review_threshold
catholic-community-services,Catholic Community Services,2026-07-10,F,57.0,88.0,36.7,30.0,,22,within_review_threshold
catholic-community-services-2159,Catholic Community Services,2026-07-10,F,57.0,88.0,36.7,30.0,,22,within_review_threshold
catholic-community-services-2160,Catholic Community Services,2026-07-10,F,57.0,88.0,36.7,30.0,,22,within_review_threshold
cecil-transit,Cecil Transit,2026-07-10,F,26.8,33.0,0.0,39.6,,-1779,within_review_threshold
cecil-transit-3034,Cecil Transit,2026-07-10,F,58.7,71.0,50.0,15.6,100.0,30,within_review_threshold
cecil-transit-3178,Cecil Transit,2026-07-10,F,40.0,69.5,0.0,30.8,,-204,within_review_threshold
cedar-rapids-transit,Cedar Rapids Transit,2026-07-10,B,87.8,96.0,86.7,77.3,,52,within_review_threshold
cedar-rapids-transit-198,Cedar Rapids Transit,2026-07-10,B,87.8,96.0,86.7,77.3,,52,within_review_threshold
central-community-transit,Central Community Transit,2026-07-10,B,83.6,94.0,100.0,56.0,,175,within_review_threshold
central-florida-regional-transit-authority-lynx,Central Florida Regional Transit Authority (LYNX),2026-07-10,F,54.6,72.0,48.3,47.5,39.2,29,within_review_threshold
central-ohio-transit-authority-cota,Central Ohio Transit Authority (COTA),2026-07-10,D,65.7,72.0,96.7,37.6,58.8,58,within_review_threshold
central-oregon-breeze,Central Oregon Breeze,2026-07-10,C,76.5,96.0,86.7,41.2,,52,within_review_threshold
centre-county-transit-authority-cata,CATABUS,2026-07-10,F,22.0,12.8,0.0,52.5,,-1784,within_review_threshold
centro,Centro,2026-07-10,D,60.7,56.8,96.7,37.5,,58,within_review_threshold
champaign-urbana-mass-transit-district-mtd,Champaign Urbana Mass Transit District (MTD),2026-07-10,D,64.3,48.0,48.3,100.0,,29,within_review_threshold
chapel-hill-transit-cht,Chapel Hill Transit (CHT),2026-07-10,F,41.5,55.8,0.0,54.6,,-556,within_review_threshold
chapel-hill-transit-cht-376,Chapel Hill Transit (CHT),2026-07-10,F,41.5,55.8,0.0,54.6,,-556,within_review_threshold
charles-county-vango,Charles County VanGo,2026-07-10,F,25.8,43.0,0.0,22.5,,-1779,within_review_threshold
charleston-area-regional-transportation-authority-carta,Charleston Area Regional Transportation Authority (CARTA),2026-07-10,F,59.9,81.8,60.0,65.8,13.9,36,within_review_threshold
charleston-area-regional-transportation-authority-carta-352,Charleston Area Regional Transportation Authority (CARTA),2026-07-10,D,63.7,81.8,60.0,65.8,33.3,36,within_review_threshold
charlotte-area-transit-system-cats,Charlotte Area Transit System (CATS),2026-07-10,F,44.1,74.0,0.0,37.5,,-1615,within_review_threshold
charlotte-area-transit-system-cats-2265,Charlotte Area Transit System (CATS),2026-07-10,D,69.7,84.0,85.0,37.5,,86,within_review_threshold
charm-city-circulator,Charm City Circulator,2026-07-10,F,49.6,79.5,0.0,47.5,,-1593,within_review_threshold
chatham-area-transit-cat,Chatham Area Transit (CAT),2026-07-10,F,8.7,3.5,0.0,23.0,,-1706,within_review_threshold
chatham-area-transit-cat-2080,Chatham Area Transit (CAT),2026-07-10,F,46.0,47.5,0.0,80.6,,-348,within_review_threshold
chattanooga-area-regional-transportation-authority-carta,Chattanooga Area Regional Transportation Authority (CARTA),2026-07-10,F,33.8,32.2,0.0,63.0,,-1525,within_review_threshold
chattanooga-area-regional-transportation-authority-carta-2082,Chattanooga Area Regional Transportation Authority (CARTA),2026-07-10,F,32.6,16.0,0.0,81.8,,-692,within_review_threshold
chautauqua-area-regional-transit-system-carts,Chautauqua Area Regional Transit System (CARTS),2026-07-10,F,54.2,59.5,85.0,22.2,,174,within_review_threshold
chenango-first-transit,Chenango First Transit,2026-07-10,D,61.2,75.5,85.0,22.3,,174,within_review_threshold
cherokee-area-transportation-system-cats,Cherokee Area Transportation System (CATS),2026-07-10,F,45.1,87.0,0.0,22.5,,-4574,within_review_threshold
cherriots,Cherriots,2026-07-10,F,23.8,27.5,0.0,37.5,,-189,within_review_threshold
chicago-transit-authority-cta,Chicago Transit Authority (CTA),2026-07-10,F,52.2,26.0,85.0,62.5,,82,within_review_threshold
chicago-water-taxi,Chicago Water Taxi,2026-07-10,F,48.0,77.5,0.0,45.0,,-117,within_review_threshold
chittenden-county-transportation-authority-ccta,Chittenden County Transportation Authority (CCTA),2026-07-10,B,81.1,85.8,100.0,59.5,,83,within_review_threshold
chittenden-county-transportation-authority-ccta-629,Chittenden County Transportation Authority (CCTA),2026-07-10,B,81.1,85.8,100.0,59.5,,83,within_review_threshold
cincinnati-metro,Cincinnati Metro,2026-07-10,C,76.2,65.5,60.0,85.8,99.2,36,within_review_threshold
cincinnati-metro-307,Cincinnati Metro,2026-07-10,C,76.3,65.5,60.0,85.8,99.8,36,within_review_threshold
citibus,Citibus,2026-07-10,D,66.2,82.0,46.7,59.8,,28,within_review_threshold
citibus-2304,Citibus,2026-07-10,F,48.4,76.0,0.0,48.5,,-556,within_review_threshold
citibus-569,Citibus,2026-07-10,D,66.2,82.0,46.7,59.8,,28,within_review_threshold
cities-area-transit,Cities Area Transit,2026-07-10,F,44.4,80.0,0.0,29.9,,-709,within_review_threshold
cities-area-transit-2199,Cities Area Transit,2026-07-10,C,71.1,84.0,100.0,29.9,,174,within_review_threshold
citilink,Citilink,2026-07-10,F,38.9,51.5,0.0,52.5,,-2748,within_review_threshold
citilink-2266,Citilink,2026-07-10,B,83.0,78.5,100.0,75.7,,174,within_review_threshold
citrus-county-transit,Citrus County Transit,2026-06-27,F,26.2,60.0,0.0,0.0,,,unknown
citrus-county-transit-2257,Citrus County Transit,2026-07-10,F,48.4,84.0,0.0,37.4,,-556,within_review_threshold
city-2-city-shuttle,City 2 City Shuttle,2026-07-10,F,51.1,74.0,0.0,60.0,,-3296,within_review_threshold
city-coach,City Coach,2026-07-10,F,57.0,96.0,0.0,47.9,,-10,within_review_threshold
city-coach-599,City Coach,2026-07-10,F,53.5,88.0,0.0,47.9,,-10,within_review_threshold
city-of-banning-transit,City of Banning Transit,2026-07-10,A,91.2,94.0,100.0,80.2,,206,within_review_threshold
city-of-banning-transit-220,City of Banning Transit,2026-07-10,A,91.2,94.0,100.0,80.2,,206,within_review_threshold
city-of-bell-la-campana,City of Bell (La Campana),2026-07-10,F,44.7,70.0,0.0,45.0,,-1651,within_review_threshold
city-of-bell-la-campana-2249,City of Bell (La Campana),2026-07-10,F,50.3,82.8,0.0,45.0,,-556,within_review_threshold
city-of-bell-la-campana-562,City of Bell (La Campana),2026-07-10,F,44.7,70.0,0.0,45.0,,-1651,within_review_threshold
city-of-coolidge,Cotton Express and Central Arizona Regional Transit,2026-07-10,D,64.8,87.5,0.0,85.0,,-556,within_review_threshold
city-of-corvallis,City of Corvallis,2026-07-10,F,45.3,63.8,0.0,55.6,,-1835,within_review_threshold
city-of-corvallis-136,City of Corvallis,2026-07-10,F,45.3,63.8,0.0,55.6,,-1835,within_review_threshold
city-of-corvallis-2283,City of Corvallis,2026-07-10,C,73.5,84.0,100.0,37.5,,539,within_review_threshold
city-of-douglas,City of Douglas,2026-07-10,D,69.8,88.0,0.0,100.0,,-71,within_review_threshold
city-of-ellensburg-public-transit-central-transit,City of Ellensburg Public Transit (Central Transit),2026-07-10,D,69.7,88.0,0.0,99.7,,-466,within_review_threshold
city-of-ellensburg-public-transit-central-transit-2456,City of Ellensburg Public Transit (Central Transit),2026-07-10,A,92.3,94.0,100.0,83.8,,114,within_review_threshold
city-of-ellensburg-public-transit-central-transit-303,City of Ellensburg Public Transit (Central Transit),2026-07-10,D,69.7,88.0,0.0,99.7,,-466,within_review_threshold
city-of-fountain-transit,City of Fountain Transit,2026-07-10,B,81.1,96.0,100.0,45.0,,143,within_review_threshold
city-of-fountain-transit-309,City of Fountain Transit,2026-07-10,B,81.1,96.0,100.0,45.0,,143,within_review_threshold
city-of-gadsen,COG Trolley Routes,2026-07-10,B,88.4,95.0,100.0,70.0,,949,within_review_threshold
city-of-glendale,City of Glendale,2026-07-10,F,49.1,85.5,0.0,37.5,,-1409,within_review_threshold
city-of-jackson-jtran,City of Jackson (JTRAN),2026-07-10,C,71.1,91.0,50.0,60.0,,30,within_review_threshold
city-of-las-vegas,City of Las Vegas,2026-07-10,F,51.9,86.0,0.0,45.6,,-375,within_review_threshold
city-of-las-vegas-565,City of Las Vegas,2026-07-10,F,51.9,86.0,0.0,45.6,,-375,within_review_threshold
city-of-lompoc-transit-colt,City of Lompoc Transit (COLT),2026-07-10,F,45.8,78.0,0.0,37.5,,-830,within_review_threshold
city-of-long-beach-transportation,City of Long Beach Transportation,2026-07-10,D,64.2,73.5,100.0,22.5,,174,within_review_threshold
city-of-loveland,Flex,2026-07-10,D,64.4,94.0,36.7,45.0,,22,within_review_threshold
city-of-madera,City of Madera,2026-07-10,F,58.2,80.0,36.7,45.0,,22,within_review_threshold
city-of-madera-91,City of Madera,2026-07-10,F,58.2,80.0,36.7,45.0,,22,within_review_threshold
city-of-mechanicville-public-transit,City of Mechanicville Public Transit,2026-07-10,D,65.9,77.5,100.0,22.5,,77,within_review_threshold
city-of-miami-beach,City of Miami Beach,2026-07-10,C,72.0,86.0,100.0,30.0,,175,within_review_threshold
city-of-miami-gardens,City of Miami Gardens,2026-07-10,C,77.2,98.0,100.0,30.0,,175,within_review_threshold
city-of-milton-freewater-public-transportation,City of Milton-Freewater Public Transportation,2026-07-10,F,52.8,88.5,0.0,45.0,,-898,within_review_threshold
city-of-milton-freewater-public-transportation-2189,City of Milton-Freewater Public Transportation,2026-07-10,D,69.3,73.0,100.0,39.6,,174,within_review_threshold
city-of-milton-freewater-public-transportation-274,City of Milton-Freewater Public Transportation,2026-07-10,F,52.8,88.5,0.0,45.0,,-898,within_review_threshold
city-of-san-luis-obispo-transit,City of San Luis Obispo Transit,2026-07-10,B,86.4,86.0,100.0,76.2,,175,within_review_threshold
city-of-show-low,City of Show Low,2026-07-10,F,57.2,88.0,0.0,60.0,,-71,within_review_threshold
city-of-sierra-vista,City of Sierra Vista,2026-07-10,F,48.6,56.0,0.0,77.2,,-2748,within_review_threshold
city-of-tracy,City of Tracy,2026-07-10,C,72.6,98.0,100.0,15.0,,175,within_review_threshold
city-of-tracy-tracer,City of Tracy (TRACER),2026-07-10,F,14.6,1.2,0.0,45.0,,-1440,within_review_threshold
city-of-tracy-tracer-3099,City of Tracy (TRACER),2026-07-10,D,69.8,75.5,100.0,37.5,,327,within_review_threshold
city-of-tracy-tracer-877,City of Tracy (TRACER),2026-07-10,F,14.6,1.2,0.0,45.0,,-1440,within_review_threshold
city-of-winona-mn-winona-transit-service,City of Winona MN - Winona Transit Service,2026-07-10,D,61.7,91.0,0.0,70.0,,-190,within_review_threshold
citybus-of-greater-lafayette-indiana-citybus,CityBus of Greater Lafayette Indiana (CityBus),2026-07-10,C,76.2,100.0,73.3,45.2,,44,within_review_threshold
clackamas-community-college-ccc-xpress,Clackamas Community College (CCC) Xpress,2026-07-10,F,54.8,82.5,0.0,60.0,,-1409,within_review_threshold
clackco-connects-clackamas-county,ClackCo Connects (Clackamas County),2026-07-10,B,84.0,92.0,100.0,60.0,,144,within_review_threshold
clackco-connects-clackamas-county-2740,Static feed for realtime,2026-07-10,D,65.1,83.5,50.0,33.0,88.3,30,within_review_threshold
clackco-connects-clackamas-county-2741,Flex,2026-07-10,C,76.1,74.0,100.0,60.0,,144,within_review_threshold
clackco-connects-clackamas-county-312,ClackCo Connects (Clackamas County),2026-07-10,B,84.0,92.0,100.0,60.0,,144,within_review_threshold
clallam-transit-system,Clallam Transit System,2026-07-10,C,78.2,70.8,100.0,71.2,,316,within_review_threshold
clallam-transit-system-279,Clallam Transit System,2026-07-10,C,78.2,70.8,100.0,71.2,,316,within_review_threshold
clarkstown-minitrans,Clarkstown MiniTrans,2026-07-10,D,63.1,79.5,85.0,22.5,,174,within_review_threshold
clear-creek-county-transit,Clear Creek County Transit,2026-07-10,C,75.9,92.0,100.0,34.2,,143,within_review_threshold
clear-creek-county-transit-313,Clear Creek County Transit,2026-07-10,C,75.9,92.0,100.0,34.2,,143,within_review_threshold
clemson-area-transit-cat,Clemson Area Transit (CAT),2026-07-10,F,46.6,63.8,0.0,59.8,,-2401,within_review_threshold
clemson-area-transit-cat-798,Clemson Area Transit (CAT),2026-07-10,F,46.6,63.8,0.0,59.8,,-2401,within_review_threshold
clinton-county-public-transit-ccpt,Clinton County Public Transit (CCPT),2026-07-10,F,35.3,49.8,0.0,43.2,,-40,within_review_threshold
clinton-municipal-transit-administration-clinton-mta,Clinton Municipal Transit Administration (Clinton MTA),2026-07-10,C,79.4,100.0,86.7,44.9,,52,within_review_threshold
clinton-municipal-transit-administration-clinton-mta-202,Clinton Municipal Transit Administration (Clinton MTA),2026-07-10,C,79.4,100.0,86.7,44.9,,52,within_review_threshold
clovis-transit,Clovis Transit,2026-07-10,F,59.8,78.0,0.0,82.1,,-35,within_review_threshold
clovis-transit-2894,Clovis Transit,2026-07-10,C,72.7,91.5,50.0,42.8,100.0,30,within_review_threshold
clovis-transit-89,Clovis Transit,2026-07-10,F,59.8,78.0,0.0,82.1,,-35,within_review_threshold
coach-company,Coach Company,2026-07-10,F,48.5,68.0,0.0,60.0,,-1501,within_review_threshold
coach-company-436,Coach Company,2026-07-10,F,48.5,68.0,0.0,60.0,,-1501,within_review_threshold
coast-transportation,COAST Transportation,2026-07-10,F,38.5,66.5,0.0,30.0,,-160,within_review_threshold
cobb-community-transit-cct,Cobb Community Transit (CCT),2026-07-10,F,26.2,60.0,0.0,0.0,,,unknown
cobblinc,CobbLinc,2026-07-10,D,61.2,91.0,100.0,37.5,0.0,174,within_review_threshold
collier-area-transit-cat,Collier Area Transit (CAT),2026-07-10,F,30.1,42.0,0.0,37.5,,-2017,within_review_threshold
collier-area-transit-cat-2259,Collier Area Transit (CAT),2026-07-10,F,49.2,81.0,10.0,36.1,,15,within_review_threshold
colorado-mountain-express,Colorado Mountain Express,2026-07-10,C,75.4,75.2,100.0,56.0,,294,within_review_threshold
colorado-mountain-express-172,Colorado Mountain Express,2026-07-10,C,75.4,75.2,100.0,56.0,,294,within_review_threshold
colorado-school-of-mines,Colorado School Of Mines,2026-07-10,C,76.4,96.0,100.0,30.0,,143,within_review_threshold
columbia-area-transit-cat,Columbia Area Transit (CAT),2026-07-10,B,81.1,96.0,100.0,45.0,,175,within_review_threshold
columbia-county-public-transportation,Columbia County Public Transportation,2026-07-10,C,73.1,88.5,100.0,30.0,,325,within_review_threshold
columbia-county-public-transportation-3116,Columbia County Public Transportation,2026-07-10,C,77.7,99.0,100.0,30.0,,1270,within_review_threshold
columbia-county-rider,Columbia County Rider,2026-07-10,C,77.9,88.0,100.0,46.0,,114,within_review_threshold
colville-confederated-tribes-transit,Colville Confederated Tribes Transit,2026-07-10,C,79.4,81.5,100.0,60.0,,234,within_review_threshold
commerce-municipal-bus-lines,Commerce Municipal Bus Lines,2026-07-10,B,83.8,93.0,100.0,45.0,100.0,1635,within_review_threshold
community-in-motion,Community in Motion,2026-07-10,C,74.5,91.8,100.0,30.0,,144,within_review_threshold
community-transit-ct,Community Transit (CT),2026-07-10,B,81.0,85.0,81.7,60.0,99.7,49,within_review_threshold
commute-org-san-mateo-county-shuttles,Commute.org San Mateo County Shuttles,2026-07-10,B,85.5,84.0,100.0,75.9,,175,within_review_threshold
commute-org-san-mateo-county-shuttles-61,Commute.org San Mateo County Shuttles,2026-07-10,B,85.5,84.0,100.0,75.9,,175,within_review_threshold
compton-renaissance,Compton Renaissance,2026-07-10,F,32.4,42.0,0.0,44.9,,-1287,within_review_threshold
concord-area-transit,Flex,2026-07-10,F,41.1,61.8,0.0,45.0,,-9,within_review_threshold
concord-kannapolis-area-transit-rider-transit,Concord Kannapolis Area Transit (Rider Transit),2026-07-10,F,42.9,66.0,0.0,44.9,,-1287,within_review_threshold
concord-kannapolis-area-transit-rider-transit-2244,Concord Kannapolis Area Transit (Rider Transit),2026-07-10,D,65.4,99.5,50.0,29.9,,30,within_review_threshold
concord-kannapolis-area-transit-rider-transit-372,Concord Kannapolis Area Transit (Rider Transit),2026-07-10,F,42.9,66.0,0.0,44.9,,-1287,within_review_threshold
connect-transit,Connect Transit,2026-07-10,F,35.0,48.0,0.0,44.9,,-1470,within_review_threshold
connect-transit-1238,Connect Transit,2026-07-10,F,37.4,69.5,0.0,22.5,,-2504,within_review_threshold
connect-transit-2267,Connect Transit,2026-07-10,D,64.4,67.0,85.0,44.3,,26837,unusually_distant
connecticut-transit,Connecticut Transit,2026-07-10,F,53.6,39.2,85.0,37.5,67.4,183,within_review_threshold
connecticut-transit-2840,Hartford Line - Rail,2026-07-10,B,83.8,92.0,100.0,59.4,,112,within_review_threshold
connecticut-transit-597,Hartford Line - Rail,2026-07-10,F,58.3,78.0,0.0,77.5,,-1141,within_review_threshold
continuum,Flex,2026-07-10,F,22.5,30.0,0.0,30.0,,-1286,within_review_threshold
coos-county-area-transit-ccat,Coos County Area Transit (CCAT),2026-07-10,C,72.3,73.5,100.0,48.5,,114,within_review_threshold
copper-mountain-transit,Copper Mountain Transit,2026-07-10,F,56.9,87.2,0.0,60.0,,-197,within_review_threshold
coralville-transit,Coralville Transit,2026-07-10,B,82.8,100.0,100.0,45.0,,173,within_review_threshold
coralville-transit-196,Coralville Transit,2026-07-10,B,81.1,96.0,100.0,45.0,,173,within_review_threshold
corning-erwin-area-transit-system-ceats,Corning Erwin Area Transit System (CEATS),2026-07-10,F,40.9,77.5,0.0,22.5,,-191,within_review_threshold
corona-cruiser,Corona Cruiser,2026-07-10,B,84.0,92.0,100.0,60.1,,233,within_review_threshold
corona-cruiser-104,Corona Cruiser,2026-07-10,B,84.0,92.0,100.0,60.1,,233,within_review_threshold
corpus-christi-regional-transportation-authority,Corpus Christi Regional Transportation Authority,2026-07-10,F,40.0,65.5,0.0,36.4,,-416,within_review_threshold
corridorrides,CorridorRides,2026-07-10,B,86.7,100.0,100.0,57.5,,144,within_review_threshold
corridorrides-316,CorridorRides,2026-07-10,B,86.7,100.0,100.0,57.5,,144,within_review_threshold
cortland-county-public-transportation,Cortland County Public Transportation,2026-07-10,F,32.8,59.0,0.0,22.2,,-467,within_review_threshold
cortran,Flex,2026-07-10,C,78.4,90.0,100.0,45.0,,114,within_review_threshold
cottonwood-area-transit-cat,Cottonwood Area Transit (CAT),2026-07-10,C,79.4,84.0,100.0,56.6,,144,within_review_threshold
cottonwood-area-transit-cat-158,Cottonwood Area Transit (CAT),2026-07-10,C,79.4,84.0,100.0,56.6,,144,within_review_threshold
county-connection-cccta,County Connection (CCCTA),2026-07-10,F,51.9,55.5,0.0,88.4,,-909,within_review_threshold
county-connection-cccta-2421,County Connection (CCCTA),2026-07-10,D,62.1,59.5,33.3,88.6,,29,within_review_threshold
cripple-creek-transportation,Cripple Creek Transportation,2026-07-10,C,78.4,90.0,100.0,45.0,,97,within_review_threshold
cripple-creek-transportation-2042,Flex v2 included,2026-07-10,C,77.5,87.8,100.0,45.0,,97,within_review_threshold
cripple-creek-transportation-317,Cripple Creek Transportation,2026-07-10,C,78.4,90.0,100.0,45.0,,97,within_review_threshold
cudahy-area-rapid-transit,Cudahy Area Rapid Transit,2026-07-10,F,41.7,74.0,0.0,30.0,,-1652,within_review_threshold
cudahy-area-rapid-transit-2248,Cudahy Area Rapid Transit,2026-07-10,F,47.1,75.5,0.0,45.0,,-160,within_review_threshold
cudahy-area-rapid-transit-318,Cudahy Area Rapid Transit,2026-07-10,F,41.7,74.0,0.0,30.0,,-1652,within_review_threshold
cue-bus,CUE Bus,2026-07-10,F,47.9,88.0,0.0,30.0,,-183,within_review_threshold
culver-city-bus,Culver City Bus,2026-07-10,F,56.2,72.8,3.3,75.1,,2,within_review_threshold
curry-public-transit,Curry Public Transit,2026-07-10,B,84.9,94.0,100.0,60.0,,114,within_review_threshold
cuttyhunk-ferry-company,Cuttyhunk Ferry Company,2026-07-10,B,83.1,90.0,100.0,60.0,,143,within_review_threshold
cuttyhunk-ferry-company-423,Cuttyhunk Ferry Company,2026-07-10,B,83.1,90.0,100.0,60.0,,143,within_review_threshold
cyride,CyRide,2026-07-10,C,79.8,93.5,61.7,75.0,,37,within_review_threshold
dallas-area-rapid-transit-dart,Dallas Area Rapid Transit (DART),2026-07-10,F,42.3,0.0,100.0,55.5,,65,within_review_threshold
dallas-host-committee,Dallas Host Committee,2026-07-10,F,53.4,91.5,6.7,37.5,,4,within_review_threshold
dana-point-trolley,Dana Point Trolley,2026-07-10,D,62.2,77.5,85.0,22.5,,8939,unusually_distant
danville-transit,Flex,2026-07-10,B,85.0,94.0,100.0,60.3,,82,within_review_threshold
dartmouth-college,Dartmouth College,2026-07-10,C,75.2,94.0,80.0,45.0,,48,within_review_threshold
dattco-motorcoach,DATTCO Motorcoach,2026-07-10,F,50.9,73.5,0.0,60.0,,-982,within_review_threshold
dattco-motorcoach-555,DATTCO Motorcoach,2026-07-10,F,50.9,73.5,0.0,60.0,,-982,within_review_threshold
dc-circulator,Service Discontinued,2026-07-10,F,39.4,61.5,0.0,39.9,,-1560,within_review_threshold
dc-streetcar,DC Streetcar,2026-07-10,F,45.9,62.0,0.0,60.0,,-1135,within_review_threshold
dc-streetcar-2223,DC Streetcar,2026-07-10,F,57.2,88.0,0.0,60.0,,-375,within_review_threshold
dc-streetcar-487,DC Streetcar,2026-07-10,F,45.9,62.0,0.0,60.0,,-1135,within_review_threshold
dekalb-public-transit,DeKalb Public Transit,2026-07-10,C,74.3,76.5,100.0,50.8,,539,within_review_threshold
dekalb-public-transit-308,DeKalb Public Transit,2026-07-10,C,74.3,76.5,100.0,50.8,,539,within_review_threshold
delano-area-rapid-transit,Delano Area Rapid Transit,2026-07-10,B,87.5,100.0,100.0,60.0,,82,within_review_threshold
delaware-transit-corporation-dart-first-state,Delaware Transit Corporation (DART First State),2026-07-10,F,48.0,25.5,100.0,37.9,,127,within_review_threshold
delmarva-community-transit,Delmarva Community Transit,2026-07-10,F,31.4,45.0,0.0,37.5,,-1595,within_review_threshold
des-moines-area-regional-transit-authority-dart,Des Moines Area Regional Transit Authority (DART),2026-07-10,F,57.0,84.0,71.7,22.7,37.9,43,within_review_threshold
detroit-department-of-transportation-ddot,Detroit Department of Transportation (DDOT),2026-07-10,C,73.5,73.2,100.0,52.5,,72,within_review_threshold
detroit-people-mover,Detroit People Mover,2026-07-10,F,26.2,60.0,0.0,0.0,,,unknown
detroit-people-mover-2281,Detroit People Mover,2026-07-10,B,82.6,90.0,100.0,58.4,,174,within_review_threshold
devils-postpile-national-monument,Reds Meadow Shuttle,2026-07-10,B,85.6,79.8,100.0,82.1,,174,within_review_threshold
diamond-express,Diamond Express,2026-07-10,B,84.2,100.0,86.7,60.0,,52,within_review_threshold
discover-goodwill,Flex v2 included,2026-07-10,C,75.5,94.0,100.0,30.0,,83,within_review_threshold
dodger-area-rapid-transit,Dodger Area Rapid Transit,2026-07-10,C,71.2,100.0,35.0,59.8,,21,within_review_threshold
dodger-area-rapid-transit-203,Dodger Area Rapid Transit,2026-07-10,C,71.2,100.0,35.0,59.8,,21,within_review_threshold
dolores-county,Dolores County,2026-07-10,F,59.7,94.0,36.7,30.0,,22,within_review_threshold
downeylink,DowneyLINK,2026-07-10,F,46.9,74.5,0.0,45.9,,-556,within_review_threshold
downtown-alliance,Downtown Alliance,2026-07-10,A,92.2,100.0,100.0,75.0,,113,within_review_threshold
downtown-alliance-519,Downtown Alliance,2026-07-10,A,92.2,100.0,100.0,75.0,,113,within_review_threshold
dry-tortugas-national-park,DRTO Ferry Service,2026-07-10,A,99.8,99.5,100.0,100.0,,113,within_review_threshold
duarte-transit,Duarte Transit,2026-07-10,F,46.8,64.0,0.0,60.0,,-2382,within_review_threshold
duarte-transit-105,Duarte Transit,2026-07-10,F,46.8,64.0,0.0,60.0,,-2382,within_review_threshold
duke-university,Duke University,2026-07-10,F,38.6,54.0,0.0,48.0,,-334,within_review_threshold
duke-university-378,Duke University,2026-07-10,F,38.6,54.0,0.0,48.0,,-334,within_review_threshold
duluth-transit,Duluth Transit,2026-07-10,F,58.6,70.0,83.3,22.5,58.8,50,within_review_threshold
durango-transit,Durango Transit,2026-07-10,B,86.6,86.5,100.0,76.1,,539,within_review_threshold
durango-transit-2290,Flex,2026-07-10,B,80.2,94.0,100.0,45.0,,144,within_review_threshold
dutchess-county,Dutchess County,2026-07-10,D,63.3,60.8,100.0,37.5,,9213,unusually_distant
eastern-point,Eastern Point,2026-07-10,F,51.1,74.0,0.0,60.0,,-1821,within_review_threshold
eastern-sierra-transit,Eastern Sierra Transit,2026-07-10,B,85.6,79.8,100.0,82.1,,174,within_review_threshold
eastern-sierra-transit-25,Eastern Sierra Transit,2026-07-10,B,85.6,79.8,100.0,82.1,,174,within_review_threshold
eastside-friends-of-seniors,Eastside Friends of Seniors,2026-07-10,C,73.8,90.0,100.0,30.0,,144,within_review_threshold
easy-ride-transportation,Easy Ride Transportation,2026-07-10,D,64.4,94.0,36.7,45.0,,22,within_review_threshold
eco-transit,ECO Transit,2026-07-10,F,45.6,63.0,0.0,57.7,,-1182,within_review_threshold
eco-transit-2045,Flex v2 included,2026-07-10,C,73.8,90.0,100.0,30.0,,295,within_review_threshold
eco-transit-2061,ECO Transit,2026-07-10,F,45.6,63.0,0.0,57.7,,-1182,within_review_threshold
el-dorado-transit,El Dorado Transit,2026-07-10,B,84.1,90.0,100.0,63.1,,144,within_review_threshold
el-dorado-transit-agency,El Dorado County Transit Authority,2026-07-10,B,84.1,90.0,100.0,63.1,,144,within_review_threshold
el-monte-transit,El Monte Transit,2026-07-10,F,51.7,86.0,0.0,45.0,,-252,within_review_threshold
el-monte-transit-103,El Monte Transit,2026-07-10,F,51.7,86.0,0.0,45.0,,-252,within_review_threshold
el-paso-fountain-valley-senior-citizens-program-inc,Flex v2 included,2026-07-10,C,72.6,94.0,88.3,30.0,,53,within_review_threshold
el-paso-transportation-authority,El Paso Transportation Authority,2026-07-10,C,77.7,96.0,85.0,41.9,83.3,294,within_review_threshold
el-segundo-transportation,El Segundo Transportation,2026-07-10,F,43.8,68.0,0.0,45.0,,-1652,within_review_threshold
el-segundo-transportation-2210,El Segundo Transportation,2026-07-10,F,46.8,74.8,0.0,45.0,,-763,within_review_threshold
el-segundo-transportation-458,El Segundo Transportation,2026-07-10,F,43.8,68.0,0.0,45.0,,-1652,within_review_threshold
elevated-transit,Elevated Transit,2026-07-10,F,47.5,76.5,0.0,45.0,,-3326,within_review_threshold
elk-grove-transit,Elk Grove Transit,2026-07-10,F,39.2,57.5,0.0,45.0,,-551,within_review_threshold
elwha-transit,Elwha Transit,2026-07-10,C,75.5,94.0,100.0,30.0,,206,within_review_threshold
embark,Embark,2026-07-10,F,43.7,60.8,0.0,54.7,,-951,within_review_threshold
embark-2062,Embark,2026-07-10,B,81.6,60.2,100.0,96.9,,364,within_review_threshold
emerald-coast-rider-ecr,Emerald Coast Rider (ECR),2026-07-10,F,51.9,86.5,0.0,44.9,,-3661,within_review_threshold
emerald-coast-rider-ecr-336,Emerald Coast Rider (ECR),2026-07-10,F,51.9,86.5,0.0,44.9,,-3661,within_review_threshold
emery-go-round,Emery Go-Round,2026-07-10,F,54.6,82.0,0.0,60.0,,-922,within_review_threshold
emery-go-round-2224,Emery Go-Round,2026-07-10,C,77.9,86.8,85.0,52.5,86.8,505,within_review_threshold
emery-go-round-63,Emery Go-Round,2026-07-10,F,54.6,82.0,0.0,60.0,,-922,within_review_threshold
emory-university-cliff-shuttles,Emory University Cliff Shuttles,2026-07-10,F,39.8,75.0,0.0,22.5,,-4574,within_review_threshold
envida,Envida,2026-07-10,B,84.0,92.0,100.0,60.0,,144,within_review_threshold
envida-2044,Flex v2 included,2026-07-10,C,76.3,76.0,100.0,57.9,,144,within_review_threshold
envida-455,Envida,2026-07-10,B,84.0,92.0,100.0,60.0,,144,within_review_threshold
erie-metropolitan-transit-authority,Erie Metropolitan Transit Authority,2026-07-10,F,45.7,67.8,0.0,51.3,,-982,within_review_threshold
erie-metropolitan-transit-authority-412,Erie Metropolitan Transit Authority,2026-07-10,F,45.7,67.8,0.0,51.3,,-982,within_review_threshold
escambia-county-area-transit-ecat,Escambia County Area Transit (ECAT),2026-07-10,F,46.7,63.8,0.0,60.0,,-1347,within_review_threshold
escambia-county-area-transit-ecat-335,Escambia County Area Transit (ECAT),2026-07-10,F,46.7,63.8,0.0,60.0,,-1347,within_review_threshold
estes-transit-2047,Flex v2 included,2026-07-10,C,70.2,82.0,100.0,29.8,,318,within_review_threshold
estes-transit-459,Estes Transit,2026-07-10,C,72.8,88.0,100.0,29.8,,318,within_review_threshold
etrans,eTrans,2026-07-10,A,96.7,94.0,100.0,97.7,,144,within_review_threshold
etrans-65,eTrans,2026-07-10,A,96.7,94.0,100.0,97.7,,144,within_review_threshold
eugene-to-bend,Eugene to BEND,2026-07-10,F,54.0,80.5,0.0,60.0,,-3477,within_review_threshold
eugene-to-coos-bay,Eugene to Coos Bay,2026-07-10,F,54.8,82.5,0.0,60.0,,-3477,within_review_threshold
everett-transit,Everett Transit,2026-07-10,C,71.3,83.5,95.0,35.2,,57,within_review_threshold
everett-transit-3038,Everett Transit,2026-07-10,C,77.2,84.0,95.0,35.2,100.0,57,within_review_threshold
express-arrow,Express Arrow,2026-07-10,F,49.9,82.0,0.0,45.0,,-830,within_review_threshold
express-arrow-460,Express Arrow,2026-07-10,F,49.9,82.0,0.0,45.0,,-830,within_review_threshold
ez-rider,EZ Rider,2026-07-10,F,46.3,41.2,85.0,22.5,,8939,unusually_distant
fairfax-connector,Fairfax Connector,2026-07-10,D,61.3,44.8,100.0,53.5,,813,within_review_threshold
fairfax-cue-bus-cue,Fairfax CUE Bus (CUE),2026-07-10,D,68.3,91.5,85.0,22.5,,4952,unusually_distant
fairfax-cue-bus-cue-2885,Fairfax CUE Bus (CUE),2026-07-10,D,63.1,79.5,85.0,22.5,,8939,unusually_distant
fairfax-cue-bus-cue-484,Fairfax CUE Bus (CUE),2026-07-10,D,68.3,91.5,85.0,22.5,,4952,unusually_distant
fairfield-and-suisun-transit-fast-transit,Fairfield and Suisun Transit (FAST Transit),2026-07-10,F,48.4,67.0,0.0,61.0,,-10,within_review_threshold
farmville-area-bus,Farmville Area Bus,2026-07-10,D,64.2,86.0,36.7,55.6,,22,within_review_threshold
farmville-area-bus-461,Farmville Area Bus,2026-07-10,D,64.2,86.0,36.7,55.6,,22,within_review_threshold
fast-transit,Fairfield and Suisun Transit (FAST),2026-07-10,F,50.1,71.0,0.0,61.0,,-10,within_review_threshold
fcrta,Fresno County Rural Transit Agency (FCRTA),2026-07-10,A,90.3,98.8,100.0,70.5,,174,within_review_threshold
flixbus,Flixbus,2026-07-10,F,52.3,64.2,0.0,77.5,,-1946,within_review_threshold
florida-department-of-transportation-sunrail,Florida Department of Transportation (SunRail),2026-07-10,A,91.9,95.5,85.0,92.5,,174,within_review_threshold
foothill-transit,Foothill Transit,2026-07-10,F,50.9,61.5,100.0,37.5,0.0,113,within_review_threshold
fort-worth-transit-authority,Fort Worth Transit Authority,2026-07-10,C,75.1,77.0,100.0,52.5,,78,within_review_threshold
four-county-transit,Four County Transit,2026-07-10,B,80.9,93.5,100.0,48.1,,294,within_review_threshold
four-county-transit-2448,Flex,2026-07-10,C,75.7,81.5,100.0,48.0,,294,within_review_threshold
franklin-county-public-transportation,Franklin County Public Transportation,2026-07-10,F,56.7,69.5,71.7,26.8,,52,within_review_threshold
franklin-regional-transit-authority-frta,Franklin Regional Transit Authority (FRTA),2026-07-10,C,77.7,88.0,86.7,56.1,,52,within_review_threshold
franklin-transit-authority,Franklin Transit Authority,2026-07-10,C,71.7,100.0,36.7,60.0,,22,within_review_threshold
franklin-transit-authority-361,Franklin Transit Authority,2026-07-10,C,71.7,100.0,36.7,60.0,,22,within_review_threshold
frederick-county-transit,Frederick County TransIT,2026-07-10,F,34.3,25.0,0.0,74.8,,-497,within_review_threshold
frederick-county-transit-2432,Frederick County TransIT,2026-07-10,F,50.2,28.8,50.0,58.0,78.0,30,within_review_threshold
fredericksburg-regional-transit,Fredericksburg Regional Transit,2026-07-10,F,25.8,21.5,0.0,52.5,,-922,within_review_threshold
fredericksburg-regional-transit-2430,Fredericksburg Regional Transit,2026-07-10,F,38.6,61.5,0.0,37.5,,-466,within_review_threshold
freedom-cruise-line,Freedom Cruise Line,2026-07-10,F,53.7,80.0,0.0,60.0,,-49,within_review_threshold
freedom-cruise-line-425,Freedom Cruise Line,2026-07-10,F,53.7,80.0,0.0,60.0,,-49,within_review_threshold
fresno-area-express-fax,Fresno Area Express (FAX),2026-07-10,F,50.6,68.0,50.0,26.7,,30,within_review_threshold
froggy-transportation,Froggy Transportation,2026-07-10,B,82.4,79.0,85.0,85.0,,174,within_review_threshold
gainesville-regional-transit-system,Gainesville Regional Transit System,2026-07-10,F,40.9,66.8,0.0,37.5,,-1419,within_review_threshold
gainesville-regional-transit-system-2412,Gainesville Regional Transit System,2026-07-10,F,47.6,71.2,0.0,52.5,,-327,within_review_threshold
gallup-express,Gallup Express,2026-07-10,F,59.1,83.5,0.0,72.3,,-70,within_review_threshold
gallup-express-462,Gallup Express,2026-07-10,F,59.1,83.5,0.0,72.3,,-70,within_review_threshold
galveston-island-transit,Galveston Island Transit,2026-07-10,C,71.2,49.8,98.3,79.6,,59,within_review_threshold
garden-of-the-gods,Garden of the Gods,2026-07-10,F,45.5,71.8,0.0,45.0,,-1135,within_review_threshold
garden-of-the-gods-879,Garden of the Gods,2026-07-10,F,45.5,71.8,0.0,45.0,,-1135,within_review_threshold
georgia-tech-trolley-stinger-shuttles,Georgia Tech Trolley & Stinger Shuttles,2026-07-10,F,37.4,66.5,0.0,26.7,,-4451,within_review_threshold
get-around-town-express,Get Around Town Express,2026-07-10,F,46.7,74.5,0.0,45.0,,-556,within_review_threshold
glendale-beeline,Glendale Beeline,2026-07-10,F,49.1,85.5,0.0,37.5,,-1409,within_review_threshold
glendora-transportation-division,Glendora Transportation Division,2026-07-10,F,35.7,40.0,0.0,58.1,,-1287,within_review_threshold
glendora-transportation-division-3097,Glendora Transportation Division,2026-07-10,D,64.3,90.0,35.0,51.8,,21,within_review_threshold
glenn-transit-service,Glenn Transit Service,2026-07-10,F,33.5,33.8,0.0,60.0,,-1347,within_review_threshold
glenn-transit-service-2207,Glenn Transit Service,2026-07-10,F,49.7,70.8,0.0,60.0,,-435,within_review_threshold
glenn-transit-service-3094,Glenn Transit Service,2026-07-10,B,85.2,94.8,100.0,60.0,,174,within_review_threshold
glenn-transit-service-835,Glenn Transit Service,2026-07-10,F,33.5,33.8,0.0,60.0,,-1347,within_review_threshold
gloversville-transit-services,Gloversville Transit Services,2026-07-10,F,30.2,43.0,0.0,36.6,,-922,within_review_threshold
gloversville-transit-system,Gloversville Transit System,2026-07-10,F,32.2,47.0,0.0,37.2,,-56,within_review_threshold
go-transit,GO Transit,2026-07-10,B,87.5,100.0,100.0,59.9,,113,within_review_threshold
go-transit-397,GO Transit,2026-07-10,B,87.5,100.0,100.0,59.9,,113,within_review_threshold
go-west-shuttle,Go West Shuttle,2026-07-10,F,48.5,68.0,0.0,60.0,,-1651,within_review_threshold
go-west-shuttle-623,Go West Shuttle,2026-07-10,F,48.5,68.0,0.0,60.0,,-1651,within_review_threshold
gocary,GoCary,2026-07-10,F,52.8,78.0,0.0,59.7,,-556,within_review_threshold
gocary-2277,GoCary,2026-07-10,B,81.1,96.0,100.0,45.0,,147,within_review_threshold
gocary-375,GoCary,2026-07-10,F,52.8,78.0,0.0,59.7,,-556,within_review_threshold
godurham,GoDurham,2026-07-10,F,38.0,43.8,0.0,60.2,,-191,within_review_threshold
godurham-377,GoDurham,2026-07-10,F,38.0,43.8,0.0,60.2,,-191,within_review_threshold
gold-coast-transit-south-coast-area-transit,"Gold Coast Transit, South Coast Area Transit",2026-07-10,F,46.0,19.5,85.0,51.9,,176,within_review_threshold
golden-empire-transit-district-get,Golden Empire Transit District (GET),2026-07-10,B,89.1,82.0,100.0,90.3,,539,within_review_threshold
golden-gate-national-recreation-area-alcatraz-island,Alcatraz Cruises Ferry,2026-07-10,A,92.2,100.0,100.0,75.0,,114,within_review_threshold
golden-gate-transit,Golden Gate Transit,2026-07-10,D,69.1,73.2,85.0,50.5,,64,within_review_threshold
gotriangle,GoTriangle,2026-07-10,F,50.2,72.0,0.0,60.0,,-556,within_review_threshold
gotriangle-3183,GoTriangle,2026-07-10,F,54.2,58.0,36.7,62.9,,22,within_review_threshold
gotriangle-374,GoTriangle,2026-07-10,F,50.2,72.0,0.0,60.0,,-556,within_review_threshold
gowal,GoWal,2026-07-10,F,47.6,66.0,0.0,60.0,,-1074,within_review_threshold
graham-transit,Graham Transit,2026-07-10,B,80.2,94.0,100.0,45.0,,206,within_review_threshold
graham-transit-611,Graham Transit,2026-07-10,B,80.2,94.0,100.0,45.0,,206,within_review_threshold
grand-canyon-national-park,South Rim Shuttle,2026-07-10,A,98.2,96.0,100.0,100.0,,63,within_review_threshold
grand-valley-transit,Grand Valley Transit,2026-07-10,F,55.2,78.0,0.0,67.5,,-247,within_review_threshold
grand-valley-transit-2288,Flex,2026-07-10,D,64.4,94.0,36.7,45.0,,22,within_review_threshold
grant-transit-authority,Grant Transit Authority,2026-07-10,C,79.1,82.0,100.0,58.4,,265,within_review_threshold
grapeline,GrapeLine,2026-07-10,C,75.5,78.0,100.0,52.5,,1086,within_review_threshold
grays-harbor-transit,Grays Harbor Transit,2026-07-10,A,95.0,88.8,100.0,99.7,,112,within_review_threshold
grays-harbor-transit-263,Grays Harbor Transit,2026-07-10,A,95.0,88.8,100.0,99.7,,112,within_review_threshold
greater-attleboro-taunton-regional-transit-authority-gatra,Greater Attleboro Taunton Regional Transit Authority (GATRA),2026-07-10,F,35.7,65.5,0.0,22.4,,-446,within_review_threshold
greater-attleboro-taunton-regional-transit-authority-gatra-418,Greater Attleboro Taunton Regional Transit Authority (GATRA),2026-07-10,F,35.7,65.5,0.0,22.4,,-446,within_review_threshold
greater-bridgeport-transit,Greater Bridgeport Transit,2026-07-10,C,75.2,72.0,100.0,60.0,,170,within_review_threshold
greater-bridgeport-transit-530,Greater Bridgeport Transit,2026-07-10,C,75.2,72.0,100.0,60.0,,170,within_review_threshold
greater-cleveland-regional-transit-authority,Greater Cleveland Regional Transit Authority,2026-07-10,F,20.6,5.5,36.7,45.3,0.0,22,within_review_threshold
greater-dayton-regional-transit-authority-greater-dayton-rta,Greater Dayton Regional Transit Authority (Greater Dayton RTA),2026-07-10,C,76.0,64.0,95.0,77.5,,57,within_review_threshold
greater-glens-falls-transit,Greater Glens Falls Transit,2026-07-10,F,20.2,27.5,0.0,26.3,,-922,within_review_threshold
greater-lynchburg-transit-co,Greater Lynchburg Transit Co.,2026-07-10,B,81.4,86.0,100.0,60.2,,174,within_review_threshold
greater-lynchburg-transit-co-381,Greater Lynchburg Transit Co.,2026-07-10,B,81.4,86.0,100.0,60.2,,174,within_review_threshold
greater-peoria-mass-transit-citylink,Greater Peoria Mass Transit (CityLink),2026-07-10,F,36.7,41.2,0.0,59.9,,-1679,within_review_threshold
greater-peoria-mass-transit-citylink-2208,Greater Peoria Mass Transit (CityLink),2026-07-10,D,64.8,67.0,95.0,37.5,,57,within_review_threshold
greater-peoria-mass-transit-citylink-386,Greater Peoria Mass Transit (CityLink),2026-07-10,F,36.7,41.2,0.0,59.9,,-1679,within_review_threshold
greater-portland-metro-bus,Greater Portland Metro Bus,2026-07-10,F,23.5,37.5,0.0,22.6,,-1161,within_review_threshold
greater-portland-metro-bus-2642,Greater Portland Metro Bus,2026-07-10,F,56.0,75.5,35.0,20.7,87.2,30,within_review_threshold
greeley-evans-transit-get-2076,Greeley-Evans Transit (GET),2026-07-10,B,80.0,92.0,86.7,57.9,,52,within_review_threshold
green-bay-metro,Green Bay Metro,2026-07-10,F,26.9,55.5,0.0,8.3,,-2017,within_review_threshold
green-mountain-community-network-gmcn,Green Mountain Community Network (GMCN),2026-07-10,C,78.0,87.5,100.0,47.0,,206,within_review_threshold
green-mountain-community-network-gmcn-539,Green Mountain Community Network (GMCN),2026-07-10,C,78.0,87.5,100.0,47.0,,206,within_review_threshold
greene-county-transit,Greene County Transit,2026-07-10,F,54.8,47.5,100.0,28.8,,175,within_review_threshold
greensboro-transit-authority-gta,Greensboro Transit Authority (GTA),2026-07-10,F,47.6,66.0,0.0,60.0,,-497,within_review_threshold
greensville-emporia-transit,Greensville Emporia Transit,2026-07-10,D,66.5,90.0,35.0,58.9,,21,within_review_threshold
greensville-emporia-transit-463,Greensville Emporia Transit,2026-07-10,D,66.5,90.0,35.0,58.9,,21,within_review_threshold
groome-transportation,Groome Transportation,2026-07-10,F,37.6,43.2,0.0,59.9,,-1287,within_review_threshold
groome-transportation-319,Groome Transportation,2026-07-10,F,37.6,43.2,0.0,59.9,,-1287,within_review_threshold
groome-transportation-arizona-shuttle,Groome Transportation - Arizona Shuttle,2026-07-10,F,44.1,58.0,0.0,60.0,,-1287,within_review_threshold
groome-transportation-arizona-shuttle-156,Groome Transportation - Arizona Shuttle,2026-07-10,F,44.1,58.0,0.0,60.0,,-1287,within_review_threshold
groome-transportation-colorado-springs-shuttle,Groome Transportation - Colorado Springs Shuttle,2026-07-10,F,49.4,70.0,0.0,60.0,,-1287,within_review_threshold
groome-transportation-colorado-springs-shuttle-168,Groome Transportation - Colorado Springs Shuttle,2026-07-10,F,49.4,70.0,0.0,60.0,,-1287,within_review_threshold
groome-transportation-greenride,Groome Transportation (Greenride),2026-07-10,F,45.0,60.0,0.0,60.0,,-1347,within_review_threshold
grtc-transit-system,GRTC Transit System,2026-07-10,F,31.8,54.0,0.0,26.0,,-783,within_review_threshold
gtrans,GTrans,2026-07-10,F,23.0,9.8,0.0,60.0,,-1043,within_review_threshold
gtrans-2270,GTrans,2026-07-10,D,66.1,88.0,13.3,77.5,,8,within_review_threshold
gtrans-616,GTrans,2026-07-10,F,23.0,9.8,0.0,60.0,,-1043,within_review_threshold
guadalupe-flyer,Guadalupe Flyer,2026-07-10,F,47.5,76.5,0.0,45.0,,-355,within_review_threshold
guadalupe-flyer-617,Guadalupe Flyer,2026-07-10,F,47.5,76.5,0.0,45.0,,-355,within_review_threshold
guemes-island-ferry,Guemes Island Ferry,2026-07-10,C,74.7,81.5,100.0,45.0,,313,within_review_threshold
gulf-islands-national-seashore,Pensacola Bay City Ferry,2026-07-10,A,96.5,92.0,100.0,100.0,,113,within_review_threshold
gulf-islands-national-seashore-3210,Ship Island Excursions,2026-07-10,A,98.2,96.0,100.0,100.0,,114,within_review_threshold
gunnison-valley-rta,Flex v2 included,2026-07-10,C,75.5,94.0,100.0,30.0,,114,within_review_threshold
gunnison-valley-transportation-authority-rta,Gunnison Valley Transportation Authority (RTA),2026-07-10,A,98.2,96.0,100.0,100.0,,138,within_review_threshold
gunnison-valley-transportation-authority-rta-163,Gunnison Valley Transportation Authority (RTA),2026-07-10,A,98.2,96.0,100.0,100.0,,138,within_review_threshold
gwinnett-county-transit,Gwinnett County Transit,2026-07-10,F,42.4,59.2,0.0,52.7,,-2016,within_review_threshold
gwinnett-county-transit-2241,Gwinnett County Transit,2026-07-10,C,71.7,80.0,100.0,37.5,,169,within_review_threshold
gwinnett-county-transit-369,Gwinnett County Transit,2026-07-10,F,42.4,59.2,0.0,52.7,,-2016,within_review_threshold
hampton-roads-transit-hrt,Hampton Roads Transit (HRT),2026-07-10,D,62.3,69.2,100.0,22.6,,106,within_review_threshold
harbor-connector,Harbor Connector,2026-07-10,B,81.4,86.0,100.0,60.0,,113,within_review_threshold
harbor-connector-618,Harbor Connector,2026-07-10,B,81.4,86.0,100.0,60.0,,113,within_review_threshold
harford-transit-link,Harford Transit LINK,2026-07-10,F,32.0,46.5,0.0,37.2,,-1287,within_review_threshold
harney-county,Harney County,2026-07-10,C,78.7,87.5,86.7,60.0,,52,within_review_threshold
harrisonburg-department-of-public-transportation-hdpt,HDPT,2026-07-10,F,30.4,32.0,0.0,52.5,,-1889,within_review_threshold
hawai-i-mass-transit-agency-hele-on-bus,Hawai'i Mass Transit Agency (Hele-On Bus),2026-07-10,F,51.9,65.0,0.0,75.0,,-928,within_review_threshold
herkimer-oneida-counties-transportation-study-hocts,Herkimer-Oneida Counties Transportation Study (HOCTS),2026-07-10,F,24.9,31.5,0.0,35.7,,-1652,within_review_threshold
hernando-county-transit-thebus,Hernando County Transit (TheBus),2026-07-10,F,50.2,82.5,0.0,45.0,,-3477,within_review_threshold
hernando-county-transit-thebus-341,Hernando County Transit (TheBus),2026-07-10,F,50.2,82.5,0.0,45.0,,-3477,within_review_threshold
hiawathaland-transit,Hiawathaland Transit,2026-07-10,C,76.2,84.0,100.0,46.3,,83,within_review_threshold
high-desert-point,High Desert Point,2026-07-10,F,31.3,71.5,0.0,0.0,,,unknown
high-desert-point-636,High Desert Point,2026-07-10,F,31.3,71.5,0.0,0.0,,,unknown
hillsborough-area-regional-transit-hart,Hillsborough Area Regional Transit (HART),2026-07-10,F,55.7,82.0,60.0,60.0,0.0,36,within_review_threshold
homage-d-arling-direct,Homage: DʼArling Direct,2026-07-10,F,48.8,79.5,0.0,45.0,,-375,within_review_threshold
home-james,Home James,2026-07-10,B,83.2,91.5,100.0,58.3,,132,within_review_threshold
home-james-607,Home James,2026-07-10,B,83.2,91.5,100.0,58.3,,132,within_review_threshold
hope-college-evening-shuttle,Hope College Evening Shuttle,2026-07-10,B,81.1,96.0,100.0,45.0,,667,within_review_threshold
hopelink-transportation,Hopelink Transportation,2026-07-10,F,59.7,94.0,36.7,30.0,,22,within_review_threshold
hornell-area-transit,Hornell Area Transit,2026-07-10,F,38.6,65.5,13.3,21.2,,8,within_review_threshold
hudson-link,Hudson Link,2026-07-10,B,82.7,100.0,100.0,44.5,,83,within_review_threshold
humboldt-transit-authority,Humboldt Transit Authority,2026-07-10,C,78.2,87.0,100.0,100.0,13.9,174,within_review_threshold
humboldt-transit-authority-19,Humboldt Transit Authority,2026-07-10,B,82.1,87.0,100.0,100.0,33.3,174,within_review_threshold
humboldt-transit-authority-3032,Humboldt Transit Authority,2026-07-10,A,90.7,79.0,100.0,99.7,,174,within_review_threshold
huntington-area-rapid-transit-hart,Huntington Area Rapid Transit (HART),2026-07-10,C,73.8,79.5,100.0,45.0,,176,within_review_threshold
huntington-park-express,Huntington Park Express,2026-07-10,F,44.9,70.5,0.0,45.0,,-556,within_review_threshold
huntington-park-express-2648,Huntington Park Express,2026-07-10,F,48.8,79.5,0.0,45.0,,-40,within_review_threshold
huntsville-shuttle,Huntsville Shuttle,2026-07-10,F,46.7,80.0,0.0,37.5,,-1287,within_review_threshold
huntsville-shuttle-2081,Huntsville Shuttle,2026-07-10,C,72.3,90.0,85.0,37.5,,174,within_review_threshold
hut-airport-shuttle,HUT Airport Shuttle,2026-07-10,F,31.5,72.0,0.0,0.0,,,unknown
hut-airport-shuttle-635,HUT Airport Shuttle,2026-07-10,F,31.5,72.0,0.0,0.0,,,unknown
hy-line-cruises,Hy-Line Cruises,2026-07-10,B,81.2,85.5,100.0,60.0,,114,within_review_threshold
hy-line-cruises-427,Hy-Line Cruises,2026-07-10,B,81.2,85.5,100.0,60.0,,114,within_review_threshold
i-ride-trolley-i-ride,I-RIDE Trolley (I-RIDE),2026-07-10,D,69.5,83.5,85.0,37.5,,8576,unusually_distant
indian-trails-detroit-ann-arbor-express,"Indian Trails, Detroit Ann Arbor Express",2026-07-10,F,56.1,80.0,0.0,67.5,,-556,within_review_threshold
indian-trails-detroit-ann-arbor-express-384,"Indian Trails, Detroit Ann Arbor Express",2026-07-10,F,56.1,80.0,0.0,67.5,,-556,within_review_threshold
indygo,IndyGo,2026-07-10,F,37.4,48.0,0.0,52.4,,-867,within_review_threshold
inter-island-ferry,Inter-Island Ferry,2026-07-10,B,82.4,96.0,86.7,60.0,,52,within_review_threshold
inter-island-ferry-243,Inter-Island Ferry,2026-07-10,B,82.4,96.0,86.7,60.0,,52,within_review_threshold
intercity-transit,Intercity Transit,2026-07-10,B,83.5,88.0,100.0,52.5,98.1,64,within_review_threshold
intercity-transit-2289,Intercity Transit,2026-07-10,C,75.5,94.0,100.0,30.0,,295,within_review_threshold
interurban-trolley,Interurban Trolley,2026-07-10,B,85.2,84.8,100.0,74.0,,174,within_review_threshold
iowa-city-transit-system,Iowa City Transit System,2026-07-10,C,74.9,100.0,86.7,30.3,,52,within_review_threshold
iowa-city-transit-system-559,Iowa City Transit System,2026-07-10,C,74.9,100.0,86.7,30.3,,52,within_review_threshold
island-transit,Island Transit,2026-07-10,C,74.7,72.0,100.0,58.3,,83,within_review_threshold
jackson-transit-authority,Jackson Transit Authority,2026-07-10,F,59.5,94.0,0.0,58.8,,-101,within_review_threshold
jamestown-s-klallam,Jamestown S'klallam,2026-07-10,F,55.5,84.0,0.0,60.0,,-2108,within_review_threshold
jamestown-s-klallam-285,Jamestown S'klallam,2026-07-10,F,55.5,84.0,0.0,60.0,,-2108,within_review_threshold
janesville-transit-system,Janesville Transit System,2026-07-10,B,82.2,90.0,100.0,56.9,,153,within_review_threshold
janesville-transit-system-2239,Janesville Transit System,2026-07-10,F,52.5,77.2,0.0,60.0,,-316,within_review_threshold
janesville-transit-system-393,Janesville Transit System,2026-07-10,B,82.2,90.0,100.0,56.9,,153,within_review_threshold
jaunt-inc,JAUNT Inc,2026-07-10,F,26.2,60.0,0.0,0.0,,,unknown
jeffco-express,JeffCo Express,2026-07-10,F,43.7,64.0,0.0,50.2,,-1926,within_review_threshold
jeffco-express-189,JeffCo Express,2026-07-10,F,43.7,64.0,0.0,50.2,,-1926,within_review_threshold
jefferson-transit-authority,Jefferson Transit Authority,2026-07-10,A,98.0,95.5,100.0,100.0,,327,within_review_threshold
jefferson-transit-authority-838,Jefferson Transit Authority,2026-07-10,A,98.0,95.5,100.0,100.0,,327,within_review_threshold
jfk-airtrain,JFK Airtrain,2026-07-10,F,41.8,79.5,0.0,22.5,,-1652,within_review_threshold
johnson-county-transit,Johnson County Transit,2026-07-10,D,66.4,80.0,100.0,20.4,,174,within_review_threshold
jonesboro-economical-transportation-jet,Jonesboro Economical Transportation (JET),2026-07-10,F,44.1,74.0,0.0,37.5,,-3113,within_review_threshold
josephine-county-transit-jct,Josephine County Transit (JCT),2026-07-10,B,84.9,94.0,100.0,60.0,,175,within_review_threshold
jtran,JTRAN,2026-07-10,F,45.4,62.8,0.0,57.4,,-1652,within_review_threshold
jtran-155,JTRAN,2026-07-10,F,45.4,62.8,0.0,57.4,,-1652,within_review_threshold
jump-around-carson,Jump Around Carson,2026-07-10,F,50.8,84.0,0.0,45.0,,-1652,within_review_threshold
kalamazoo-metro-transit,Kalamazoo Metro Transit,2026-07-10,F,31.8,46.0,0.0,37.5,,-1161,within_review_threshold
kalamazoo-metro-transit-2070,Kalamazoo Metro Transit,2026-07-10,F,31.4,45.0,0.0,37.5,,-677,within_review_threshold
kalispel-tribal-transit-kaltran,Kalispel Tribal Transit (KalTran),2026-07-10,F,56.4,86.0,0.0,60.0,,-769,within_review_threshold
kansas-city-area-transportation-authority-kcata,Kansas City Area Transportation Authority (KCATA),2026-07-10,F,53.6,49.0,100.0,22.8,,85,within_review_threshold
kayak-transit-ctuir,Kayak Transit (CTUIR),2026-07-10,F,46.7,76.0,0.0,43.1,,-375,within_review_threshold
kayak-transit-ctuir-272,Kayak Transit (CTUIR),2026-07-10,F,46.7,76.0,0.0,43.1,,-375,within_review_threshold
keep-tahoe-blue,Emerald Bay Shuttle,2026-07-10,D,65.1,88.0,0.0,85.0,,-268,within_review_threshold
kern-transit,Kern Transit,2026-07-10,B,83.1,89.8,100.0,60.2,,204,within_review_threshold
kern-transit-47,Kern Transit,2026-07-10,B,83.1,89.8,100.0,60.2,,204,within_review_threshold
ketchikan-gateway-borough,The Bus,2026-07-10,B,81.6,65.5,100.0,89.3,,355,within_review_threshold
ketchikan-gateway-borough-244,The Bus,2026-07-10,B,81.6,65.5,100.0,89.3,,355,within_review_threshold
key-west-transit,Key West Transit,2026-07-10,F,44.7,64.0,0.0,53.4,,-543,within_review_threshold
key-west-transit-322,Key West Transit,2026-07-10,F,44.7,64.0,0.0,53.4,,-543,within_review_threshold
kimball-county-transit-service,Kimball County Transit Service,2026-07-10,F,51.9,78.0,0.0,56.8,,-177,within_review_threshold
king-county-metro,King County Metro,2026-07-10,C,78.9,56.8,81.7,92.2,98.3,49,within_review_threshold
kingman-area-regional-transit,Kingman Area Regional Transit,2026-07-10,F,57.2,88.0,0.0,60.0,,-191,within_review_threshold
kings-area-rural-transit,Kings Area Rural Transit,2026-07-10,F,42.4,54.0,0.0,60.0,,-2016,within_review_threshold
kings-area-rural-transit-2204,Kings Area Rural Transit,2026-07-10,C,73.5,84.0,100.0,37.5,,539,within_review_threshold
kings-area-rural-transit-42,Kings Area Rural Transit,2026-07-10,F,42.4,54.0,0.0,60.0,,-2016,within_review_threshold
kiowa-county-transit,Flex,2026-07-10,C,72.9,88.0,100.0,30.0,,144,within_review_threshold
kiryas-joel-area-transit,Kiryas Joel Area Transit,2026-07-10,F,50.7,83.8,0.0,45.0,,-739,within_review_threshold
kitsap-transit,Kitsap Transit,2026-07-10,C,71.5,85.2,100.0,60.0,33.3,64,within_review_threshold
klamath-shuttle,Klamath Shuttle,2026-07-10,F,51.1,74.0,0.0,60.0,,-1404,within_review_threshold
klamath-shuttle-crater-lake-trolley,Klamath Shuttle - Crater Lake Trolley,2026-07-10,F,50.9,73.5,0.0,60.0,,-2503,within_review_threshold
knoxville-area-transit-kat,Knoxville Area Transit (KAT),2026-07-10,F,56.8,49.0,85.0,45.0,,26837,unusually_distant
ku-on-wheels-lawrence-transit-system,KU on Wheels & Lawrence Transit System,2026-07-10,F,35.1,53.5,0.0,37.5,,-1986,within_review_threshold
ku-on-wheels-lawrence-transit-system-2063,KU on Wheels & Lawrence Transit System,2026-07-10,D,65.6,80.5,50.0,57.4,,30,within_review_threshold
l-e-w-i-s-mountain-highway-transit,L.E.W.I.S. Mountain Highway Transit,2026-07-10,F,54.4,81.5,0.0,60.0,,-1135,within_review_threshold
l-e-w-i-s-mountain-highway-transit-567,L.E.W.I.S. Mountain Highway Transit,2026-07-10,F,54.4,81.5,0.0,60.0,,-1135,within_review_threshold
la-junta-transit,Flex,2026-07-10,D,64.4,94.0,36.7,45.0,,22,within_review_threshold
la-puente-link,La Puente LINK,2026-07-10,F,43.8,68.0,0.0,45.0,,-1652,within_review_threshold
la-puente-link-2250,La Puente LINK,2026-07-10,F,44.2,68.8,0.0,45.0,,-556,within_review_threshold
la-puente-link-563,La Puente LINK,2026-07-10,F,43.8,68.0,0.0,45.0,,-1652,within_review_threshold
lady-of-the-lake,Lady of the Lake,2026-07-10,D,67.5,66.0,98.3,45.0,,59,within_review_threshold
laguna-beach-transit-lbt,Laguna Beach Transit (LBT),2026-07-10,B,81.9,100.0,100.0,42.0,,166,within_review_threshold
laguna-beach-transit-lbt-16,Laguna Beach Transit (LBT),2026-07-10,B,81.9,100.0,100.0,42.0,,166,within_review_threshold
lake-champlain-ferries,Lake Champlain Ferries,2026-07-10,C,76.7,86.0,100.0,45.0,,139,within_review_threshold
lake-champlain-ferries-547,Lake Champlain Ferries,2026-07-10,C,76.7,86.0,100.0,45.0,,139,within_review_threshold
lake-county-connection,Lake County Connection,2026-07-10,F,49.6,76.0,0.0,52.4,,-2272,within_review_threshold
lake-county-connection-2255,Lake County Connection,2026-07-10,C,77.4,90.0,100.0,41.6,,82,within_review_threshold
lake-county-senior-center-transportation-program,Flex,2026-07-10,C,78.4,90.0,100.0,45.0,,144,within_review_threshold
lake-transit,Lake Transit Authority (LTA),2026-07-10,C,79.8,86.0,100.0,54.9,,174,within_review_threshold
lake-transit-authority-lta,Lake Transit Authority (LTA),2026-07-10,C,79.8,86.0,100.0,54.9,,174,within_review_threshold
lakeland-area-mass-transit,Lakeland Area Mass Transit,2026-07-10,F,24.0,28.0,0.0,37.5,,-2106,within_review_threshold
lakes-region-explorer,Lakes Region Explorer,2026-07-10,D,62.2,77.5,85.0,22.5,,1024,within_review_threshold
laketran,Laketran,2026-07-10,C,77.0,80.0,100.0,54.5,,79,within_review_threshold
laketran-410,Laketran,2026-07-10,C,77.0,80.0,100.0,54.5,,79,within_review_threshold
lakewood-rides,Flex,2026-07-10,D,64.4,94.0,36.7,45.0,,22,within_review_threshold
lakexpress,LakeXpress,2026-06-27,F,26.2,60.0,0.0,0.0,,,unknown
lane-transit-district-ltd,Lane Transit District (LTD),2026-07-10,F,39.2,69.2,0.0,60.0,0.0,-160,within_review_threshold
lassen-rural-bus-lrb,Lassen Rural Bus (LRB),2026-07-10,B,80.5,82.0,100.0,62.8,,143,within_review_threshold
lassen-rural-bus-lrb-118,Lassen Rural Bus (LRB),2026-07-10,B,80.5,82.0,100.0,62.8,,143,within_review_threshold
lawndale-beat,Lawndale Beat,2026-07-10,B,82.8,100.0,100.0,45.0,,114,within_review_threshold
lawndale-beat-36,Lawndale Beat,2026-07-10,B,82.8,100.0,100.0,45.0,,114,within_review_threshold
leetran,LeeTran,2026-07-10,D,66.7,68.0,100.0,38.1,,131,within_review_threshold
lehigh-and-northampton-transportation-authority-lanta,Lehigh and Northampton Transportation Authority (LANTA),2026-07-10,F,14.1,0.0,0.0,45.0,,-1403,within_review_threshold
leprechaun-lines,Leprechaun Lines,2026-07-10,C,70.2,85.5,85.0,36.9,,174,within_review_threshold
let-er-bus,Let'er Bus,2026-07-10,C,75.2,100.0,88.3,30.0,,53,within_review_threshold
lewis-county-public-transportation,Lewis County Public Transportation,2026-07-10,F,49.9,38.5,100.0,25.8,,356,within_review_threshold
lewiston-transit-system-and-asotin-county-public-transportation-benefit-area-ptba,Lewiston Transit System and Asotin County Public Transportation Benefit Area (PTBA),2026-07-10,C,78.7,88.0,100.0,48.6,,114,within_review_threshold
lextran,Lextran,2026-07-10,F,36.5,46.0,0.0,52.4,,-1798,within_review_threshold
lextran-2067,Lextran,2026-07-10,D,66.8,81.0,60.0,52.5,,36,within_review_threshold
limoliner,LimoLiner,2026-07-10,F,51.1,74.0,0.0,60.0,,-2382,within_review_threshold
limoliner-438,LimoLiner,2026-07-10,F,51.1,74.0,0.0,60.0,,-2382,within_review_threshold
lincoln-county-transit-lct,Lincoln County Transit (LCT),2026-07-10,B,84.8,94.0,100.0,59.8,,83,within_review_threshold
link-lane,Link Lane,2026-07-10,B,84.9,94.0,100.0,60.0,,114,within_review_threshold
link-transit,Link Transit,2026-07-10,C,76.0,79.0,100.0,52.5,,178,within_review_threshold
link-transit-1971,Link Transit,2026-07-10,C,75.6,83.5,100.0,45.0,,386,within_review_threshold
linn-shuttle,Linn Shuttle,2026-07-10,C,79.3,92.0,100.0,45.0,,114,within_review_threshold
linx-transit-linn-benton-loop-albany-transit-system,"LINX Transit, Linn-Benton Loop, Albany Transit System",2026-07-10,C,76.7,86.0,100.0,45.1,,175,within_review_threshold
livermore-amador-valley-transit-authority,Livermore Amador Valley Transit Authority,2026-07-10,F,58.3,67.2,0.0,92.5,,-71,within_review_threshold
logan-express,Logan Express,2026-07-10,F,48.4,67.8,0.0,60.0,,-2016,within_review_threshold
logan-express-601,Logan Express,2026-07-10,F,48.4,67.8,0.0,60.0,,-2016,within_review_threshold
london-transit-commission,London Transit Commission (Ontario),2026-07-10,C,73.8,87.5,95.0,37.5,,57,within_review_threshold
long-beach-transit-lbt,Long Beach Transit (LBT),2026-07-10,F,37.5,7.2,71.7,52.5,,43,within_review_threshold
long-island-rail-road,Long Island Rail Road,2026-07-10,C,77.8,85.5,83.3,62.5,,59,within_review_threshold
los-angeles-county-department-of-public-works-the-link-and-shuttles,Los Angeles County Department of Public Works (the LINK and shuttles),2026-07-10,B,85.7,97.8,100.0,57.2,,114,within_review_threshold
los-angeles-county-department-of-public-works-the-link-and-shuttles-28,Los Angeles County Department of Public Works (the LINK and shuttles),2026-07-10,B,85.7,97.8,100.0,57.2,,114,within_review_threshold
los-angeles-county-metropolitan-transportation-authority-la-metro,Bus,2026-07-10,C,72.2,75.8,100.0,45.0,,155,within_review_threshold
los-angeles-county-metropolitan-transportation-authority-la-metro-30,Rail,2026-07-10,F,54.3,87.2,8.3,45.0,,14,within_review_threshold
los-angeles-department-of-transportation-ladot-dash-commuter-express,LADOT (DASH and Commuter Express),2026-07-10,F,50.2,25.5,100.0,45.0,,539,within_review_threshold
loudoun-county-transit,Loudoun County Transit,2026-07-10,C,74.8,87.5,100.0,37.0,,260,within_review_threshold
loudoun-county-transit-2411,Flex,2026-07-10,C,77.3,94.0,88.3,45.0,,53,within_review_threshold
lowell-regional-transit-authority-lrta,Lowell Regional Transit Authority (LRTA),2026-07-10,D,60.4,86.0,35.0,45.0,,21,within_review_threshold
lowell-regional-transit-authority-lrta-444,Lowell Regional Transit Authority (LRTA),2026-07-10,D,60.4,86.0,35.0,45.0,,21,within_review_threshold
lower-columbia-cap-community-action-program,Lower Columbia CAP (Community Action Program),2026-07-10,F,48.1,88.5,0.0,30.0,,-365,within_review_threshold
lower-columbia-cap-community-action-program-568,Lower Columbia CAP (Community Action Program),2026-07-10,F,48.1,88.5,0.0,30.0,,-365,within_review_threshold
lower-hudson-valley-transit,Lower Hudson Valley Transit,2026-07-10,D,69.8,75.5,100.0,37.5,,353,within_review_threshold
lummi-island-ferry,Lummi Island Ferry,2026-07-10,D,65.5,86.0,36.7,60.0,,22,within_review_threshold
lummi-transit,Lummi Transit,2026-07-10,F,42.6,76.0,0.0,30.0,,-58,within_review_threshold
lynwood-trolley-breeze,Lynwood Trolley / Breeze,2026-07-10,F,46.8,74.5,0.0,45.4,,-556,within_review_threshold
madera-county-transit,Madera County Transit,2026-07-10,C,73.8,98.0,100.0,51.3,33.3,175,within_review_threshold
madera-county-transit-572,Madera County Transit,2026-07-10,C,73.8,98.0,100.0,51.3,33.3,175,within_review_threshold
madison-county-transit,Madison County Transit,2026-07-10,D,63.1,65.5,100.0,30.2,,217,within_review_threshold
madison-county-transit-1145,Madison County Transit,2026-07-10,F,7.0,0.0,0.0,22.5,,-1525,within_review_threshold
makah-public-transit,Makah Public Transit,2026-07-10,F,53.7,69.2,0.0,75.0,,-831,within_review_threshold
makah-public-transit-2196,Makah Public Transit,2026-07-10,B,80.2,94.0,100.0,45.0,,114,within_review_threshold
makah-public-transit-574,Makah Public Transit,2026-07-10,F,53.7,69.2,0.0,75.0,,-831,within_review_threshold
malheur-council-on-aging-community-services,Malheur Council on Aging & Community Services,2026-07-10,C,72.6,94.0,88.3,30.0,,53,within_review_threshold
manatee-county-area-transit,Manatee County Area Transit,2026-07-10,F,39.0,46.2,0.0,60.0,,-2041,within_review_threshold
manatee-county-area-transit-2258,Manatee County Area Transit,2026-07-10,C,74.3,70.0,100.0,59.8,,329,within_review_threshold
manteca-transit,Manteca Transit,2026-07-10,C,79.6,90.0,100.0,48.8,,144,within_review_threshold
marble-valley-regional-transit-district-mvrtd,Marble Valley Regional Transit District (MVRTD),2026-07-10,C,71.3,73.8,86.7,55.6,,52,within_review_threshold
marble-valley-regional-transit-district-mvrtd-2831,Flex,2026-07-10,F,59.9,47.8,86.7,55.5,,52,within_review_threshold
marble-valley-regional-transit-district-mvrtd-430,Marble Valley Regional Transit District (MVRTD),2026-07-10,C,71.3,73.8,86.7,55.6,,52,within_review_threshold
marin-transit,Marin Transit,2026-07-10,D,67.7,58.2,50.0,95.0,,30,within_review_threshold
marin-transit-2937,Marin Transit,2026-07-10,F,54.1,58.2,50.0,95.0,0.0,30,within_review_threshold
marshalltown-municipal-transit,Marshalltown Municipal Transit,2026-07-10,D,67.4,92.0,35.0,59.0,,21,within_review_threshold
marshalltown-municipal-transit-194,Marshalltown Municipal Transit,2026-07-10,D,67.4,92.0,35.0,59.0,,21,within_review_threshold
martha-s-vineyard-transit-authority,Martha's Vineyard Transit Authority,2026-07-10,B,83.9,92.0,100.0,59.7,,85,within_review_threshold
martha-s-vineyard-transit-authority-420,Martha's Vineyard Transit Authority,2026-07-10,B,83.9,92.0,100.0,59.7,,85,within_review_threshold
maryland-transit-administration,Local Bus,2026-07-10,D,66.7,58.5,71.7,74.1,,43,within_review_threshold
maryland-transit-administration-467,Commuter Bus,2026-07-10,F,54.8,40.8,85.0,50.1,,174,within_review_threshold
maryland-transit-administration-468,MARC Train,2026-07-10,D,60.7,53.2,85.0,51.9,,174,within_review_threshold
maryland-transit-administration-469,Light Rail,2026-07-10,C,70.8,54.5,85.0,82.1,,174,within_review_threshold
maryland-transit-administration-metro-subway,Metro SubwayLink,2026-07-10,C,75.3,69.0,85.0,76.5,,174,within_review_threshold
mason-city-public-transit,Mason City Public Transit,2026-07-10,C,70.9,99.2,35.0,60.0,,21,within_review_threshold
mason-city-public-transit-204,Mason City Public Transit,2026-07-10,C,70.9,99.2,35.0,60.0,,21,within_review_threshold
mason-transit-authority,Mason Transit Authority,2026-07-10,D,65.8,88.0,36.7,58.1,,22,within_review_threshold
mass-transportation-authority-flint,Mass Transportation Authority Flint,2026-07-10,F,45.6,56.0,0.0,67.5,,-2383,within_review_threshold
mass-transportation-authority-flint-2287,Mass Transportation Authority Flint,2026-07-10,C,75.2,88.0,100.0,37.5,,539,within_review_threshold
massachusetts-area-express-max,Massachusetts Area Express (MAX),2026-06-27,F,31.3,71.5,0.0,0.0,,,unknown
massachusetts-area-express-max-431,Massachusetts Area Express (MAX),2026-06-30,F,31.3,71.5,0.0,0.0,,,unknown
massachusetts-bay-transportation-authority-mbta,Massachusetts Bay Transportation Authority (MBTA),2026-07-10,C,75.1,34.5,95.0,98.8,96.6,57,within_review_threshold
massachusetts-ferry-service,Massachusetts Ferry Service,2026-07-10,F,40.6,67.5,0.0,35.4,,-5670,within_review_threshold
massport,Massport,2026-07-10,B,88.3,91.2,86.7,85.5,,52,within_review_threshold
matbus,MATBUS,2026-07-10,F,41.2,67.5,0.0,37.5,,-1241,within_review_threshold
megabus,Megabus,2026-07-10,D,68.9,65.0,100.0,49.4,,114,within_review_threshold
memphis-area-transit-authority,Memphis Area Transit Authority,2026-07-10,F,27.4,47.5,0.0,21.3,,-1917,within_review_threshold
memphis-area-transit-authority-2352,Memphis Area Transit Authority,2026-07-10,F,40.3,65.5,0.0,37.4,,-487,within_review_threshold
mendocino-transit-authority,Mendocino Transit Authority,2026-07-10,C,78.0,86.0,86.7,59.9,,52,within_review_threshold
mendocino-transit-authority-69,Mendocino Transit Authority,2026-07-10,C,78.0,86.0,86.7,59.9,,52,within_review_threshold
merced-county-transit-the-bus,Merced County Transit (The Bus),2026-07-10,F,54.9,74.0,0.0,49.2,83.3,-67,within_review_threshold
merced-county-transit-the-bus-3117,Merced County Transit (The Bus),2026-07-10,D,65.5,69.0,85.0,45.0,,26837,unusually_distant
merced-county-transit-the-bus-86,Merced County Transit (The Bus),2026-07-10,F,54.9,74.0,0.0,49.2,83.3,-67,within_review_threshold
merrimack-valley-regional-transit-authority-mvrta,Merrimack Valley Regional Transit Authority (MVRTA),2026-07-10,F,48.9,69.0,0.0,59.9,,-4,within_review_threshold
merrimack-valley-regional-transit-authority-mvrta-445,Merrimack Valley Regional Transit Authority (MVRTA),2026-07-10,F,45.4,61.0,0.0,59.9,,-4,within_review_threshold
metra,Metra,2026-07-10,F,34.2,67.5,0.0,15.0,,,unknown
metra-2854,Metra,2026-06-27,F,39.5,79.5,0.0,15.0,,,unknown
metro-houston-2060,METRO Houston,2026-07-10,F,39.1,41.0,0.0,67.8,,-34,within_review_threshold
metro-north-railroad,Metro-North Railroad,2026-07-10,C,73.7,81.0,85.0,74.4,49.0,169,within_review_threshold
metro-ride,Metro Ride,2026-07-10,C,77.8,82.0,100.0,54.3,,175,within_review_threshold
metro-ride-830,Metro Ride,2026-07-10,C,77.8,82.0,100.0,54.3,,175,within_review_threshold
metro-rock-island-county-metropolitan-mass-transit-district,Metro Rock Island County Metropolitan Mass Transit District,2026-07-10,F,46.6,57.8,38.3,37.4,,23,within_review_threshold
metro-st-louis,Metro St. Louis,2026-07-10,D,68.9,59.0,70.0,62.5,93.3,51,within_review_threshold
metro-st-louis-2035,Loop Trolley,2026-07-10,C,77.1,83.0,85.0,62.5,,107,within_review_threshold
metro-transit,Metro Transit,2026-07-10,C,79.8,74.2,70.0,84.9,93.1,42,within_review_threshold
metro-transit-city-of-madison,Metro Transit - City of Madison,2026-07-10,B,84.1,80.2,60.0,96.9,99.2,36,within_review_threshold
metro-transit-intercity-transit-city-of-seattle-community-transit-pierce-transit-sound-transit-washington-state-ferries-seattlecentermonorail-everett-transit-seattle-children-s-hospital,Puget Sound Consolidated GTFS,2026-07-10,F,44.4,0.0,81.7,76.7,,49,within_review_threshold
metrolink,Metrolink,2026-07-10,D,67.1,89.0,100.0,52.5,13.9,539,within_review_threshold
metropolitan-area-commuter-system,Metropolitan Area Commuter System,2026-07-10,F,36.3,67.0,0.0,22.5,,-2567,within_review_threshold
metropolitan-atlanta-rapid-transit-authority-marta,Metropolitan Atlanta Rapid Transit Authority (MARTA),2026-07-10,F,58.8,57.5,55.0,52.4,73.1,42,within_review_threshold
metropolitan-transit-authority-mta,Long Island Rail Road,2026-07-10,D,65.0,85.5,83.3,62.5,13.9,59,within_review_threshold
metropolitan-transit-authority-mta-510,NYC Bus Company,2026-07-10,D,62.2,81.0,95.0,32.7,33.3,57,within_review_threshold
metropolitan-transit-authority-mta-511,NYC Subway Supplemented,2026-07-10,C,73.5,85.0,98.3,37.5,,59,within_review_threshold
metropolitan-transit-authority-mta-512,Brooklyn Bus,2026-07-10,D,67.9,78.2,95.0,31.9,,57,within_review_threshold
metropolitan-transit-authority-mta-513,Manhattan Bus,2026-07-10,D,69.2,79.0,95.0,34.7,,57,within_review_threshold
metropolitan-transit-authority-mta-514,Staten Island Bus,2026-07-10,D,68.0,79.0,95.0,31.0,,57,within_review_threshold
metropolitan-transit-authority-mta-516,NYC Subway,2026-07-10,D,65.2,90.0,98.3,45.0,13.9,59,within_review_threshold
metropolitan-transit-authority-mta-520,Queens Bus,2026-07-10,D,68.2,79.0,95.0,31.8,,57,within_review_threshold
metropolitan-transit-authority-mta-528,Bronx Bus,2026-07-10,D,67.8,79.0,95.0,30.5,,57,within_review_threshold
metropolitan-transit-authority-of-black-hawk-county,Metropolitan Transit Authority of Black Hawk County,2026-07-10,D,60.3,82.5,0.0,77.5,,-2383,within_review_threshold
metropolitan-transit-authority-of-black-hawk-county-2414,Metropolitan Transit Authority of Black Hawk County,2026-07-10,B,81.5,90.0,100.0,54.8,,175,within_review_threshold
metropolitan-tulsa-transit-authority-mtta,Metropolitan Tulsa Transit Authority (MTTA),2026-07-10,F,28.3,40.0,0.0,34.6,,-1056,within_review_threshold
metrowest-regional-transit-authority-mwrta,MetroWest Regional Transit Authority (MWRTA),2026-07-10,C,71.5,88.0,85.0,37.5,,110,within_review_threshold
miami-dade-transit,Miami-Dade Transit,2026-06-27,F,26.2,60.0,0.0,0.0,,,unknown
michigan-flyer,Michigan Flyer,2026-07-10,F,57.3,86.0,0.0,63.1,,-497,within_review_threshold
michigan-flyer-413,Michigan Flyer,2026-07-10,F,57.3,86.0,0.0,63.1,,-497,within_review_threshold
microsoft-shuttles,Microsoft Shuttles,2026-07-10,F,18.9,25.2,0.0,25.1,,-2017,within_review_threshold
middlesex-3-tma,Middlesex 3 TMA,2026-07-10,D,65.6,100.0,35.0,42.0,,21,within_review_threshold
middlesex-3-tma-442,Middlesex 3 TMA,2026-07-10,D,65.6,100.0,35.0,42.0,,21,within_review_threshold
middletown-area-transit,Middletown Area Transit,2026-07-10,F,44.9,60.0,0.0,59.6,,-1106,within_review_threshold
middletown-area-transit-2324,Middletown Area Transit,2026-07-10,F,51.7,86.0,0.0,45.0,,-907,within_review_threshold
middletown-area-transit-576,Middletown Area Transit,2026-07-10,F,44.9,60.0,0.0,59.6,,-1106,within_review_threshold
middletown-area-transit-mat,Middletown Area Transit (MAT),2026-07-10,C,77.7,77.8,100.0,59.8,,321,within_review_threshold
middletown-area-transit-mat-551,Middletown Area Transit (MAT),2026-07-10,C,77.7,77.8,100.0,59.8,,321,within_review_threshold
milwaukee-county-transit-system-mcts,Milwaukee County Transit System (MCTS),2026-07-10,F,39.6,63.5,0.0,37.8,,-860,within_review_threshold
milwaukee-county-transit-system-mcts-2127,Milwaukee County Transit System (MCTS),2026-07-10,D,64.5,73.5,56.7,37.3,90.6,43,within_review_threshold
minnesota-valley-transit-authority-mvta,Minnesota Valley Transit Authority (MVTA),2026-07-10,F,47.4,80.0,50.0,37.5,0.0,30,within_review_threshold
mission-bay-transportation-management-association-tma,Mission Bay Transportation Management Association (TMA),2026-07-10,B,83.8,91.5,100.0,60.0,,186,within_review_threshold
mission-bay-transportation-management-association-tma-51,Mission Bay Transportation Management Association (TMA),2026-07-10,B,83.8,91.5,100.0,60.0,,186,within_review_threshold
modesto-area-express,Modesto Area Express,2026-07-10,F,31.6,45.5,0.0,37.4,,-861,within_review_threshold
monroe-county-transportation-authority-mcta,Monroe County Transportation Authority (MCTA),2026-07-10,F,52.4,54.0,0.0,92.0,,-853,within_review_threshold
montachusett-regional-transit-authority-mart,Montachusett Regional Transit Authority (MART),2026-07-10,C,78.0,80.0,100.0,57.5,,82,within_review_threshold
montachusett-regional-transit-authority-mart-433,Montachusett Regional Transit Authority (MART),2026-07-10,C,78.0,80.0,100.0,57.5,,82,within_review_threshold
montebello-bus-lines,Montebello Bus Lines,2026-07-10,F,46.4,63.2,0.0,60.0,,-1835,within_review_threshold
montebello-bus-lines-2201,Montebello Bus Lines,2026-07-10,C,73.6,71.0,96.7,37.5,100.0,58,within_review_threshold
montebello-bus-lines-577,Montebello Bus Lines,2026-07-10,F,46.4,63.2,0.0,60.0,,-1835,within_review_threshold
monterey-salinas-transit-mst,Monterey-Salinas Transit (MST),2026-07-10,D,66.3,100.0,81.7,60.0,0.0,49,within_review_threshold
montgomery-county-department-of-transportation-ride-on,Montgomery County Department of Transportation (Ride On),2026-07-10,F,50.8,12.0,95.0,69.9,,57,within_review_threshold
montgomery-transit,Montgomery Transit,2026-07-10,C,78.5,79.5,100.0,60.0,,174,within_review_threshold
montgomery-transit-338,Montgomery Transit,2026-07-10,C,78.5,79.5,100.0,60.0,,174,within_review_threshold
moorpark-city-transit,Moorpark City Transit,2026-07-10,C,77.3,94.0,88.3,45.0,,53,within_review_threshold
moorpark-city-transit-578,Moorpark City Transit,2026-07-10,C,77.3,94.0,88.3,45.0,,53,within_review_threshold
moover,MOOver,2026-07-10,F,39.5,47.8,0.0,59.5,,-1689,within_review_threshold
moover-434,MOOver,2026-07-10,F,39.5,47.8,0.0,59.5,,-1689,within_review_threshold
morongo-basin-transit-authority,Morongo Basin Transit Authority,2026-07-10,C,77.5,77.2,100.0,60.0,,175,within_review_threshold
morongo-basin-transit-authority-579,Morongo Basin Transit Authority,2026-07-10,C,77.5,77.2,100.0,60.0,,175,within_review_threshold
morro-bay-transit,Morro Bay Transit,2026-07-10,F,49.3,80.0,0.0,45.7,,-1729,within_review_threshold
morro-bay-transit-2059,Morro Bay Transit,2026-07-10,F,48.0,75.5,0.0,47.8,,-405,within_review_threshold
morro-bay-transit-45,Morro Bay Transit,2026-07-10,F,49.3,80.0,0.0,45.7,,-1729,within_review_threshold
morrow-county-public-transit,Morrow County Public Transit,2026-07-10,C,71.5,84.0,100.0,31.1,,205,within_review_threshold
mount-adams-transportation-service,Mount Adams Transportation Service,2026-07-10,B,82.5,92.0,100.0,55.1,,175,within_review_threshold
mount-adams-transportation-service-580,Mount Adams Transportation Service,2026-07-10,B,82.5,92.0,100.0,55.1,,175,within_review_threshold
mountain-empire-transit,Flex,2026-07-10,B,80.2,94.0,100.0,45.0,,83,within_review_threshold
mountain-express,Flex,2026-07-10,F,59.7,94.0,36.7,30.0,,22,within_review_threshold
mountain-express-mtnexp,Mountain Express (MtnExp),2026-07-10,F,55.8,74.0,0.0,75.0,,-1131,within_review_threshold
mountain-express-mtnexp-581,Mountain Express (MtnExp),2026-07-10,F,55.8,74.0,0.0,75.0,,-1131,within_review_threshold
mountain-family-center,Flex,2026-07-10,F,59.7,94.0,36.7,30.0,,22,within_review_threshold
mountain-line,Mountain Line,2026-07-10,C,78.7,96.0,100.0,37.5,,220,within_review_threshold
mountain-line-1148,Mountain Line,2026-07-10,F,28.3,0.0,35.0,62.5,,-194,within_review_threshold
mountain-line-transit,Mountain Line Transit,2026-07-10,C,76.6,75.5,100.0,40.7,100.0,173,within_review_threshold
mountain-line-transit-authority,Mountain Line Transit Authority,2026-07-10,B,85.6,73.0,100.0,91.8,,174,within_review_threshold
mountain-lynx-transit,Mountain Lynx Transit,2026-07-10,C,79.6,92.0,100.0,45.9,,206,within_review_threshold
mountain-lynx-transit-2447,Flex,2026-07-10,F,48.0,51.8,45.0,45.2,,27,within_review_threshold
mountain-lynx-transit-334,Mountain Lynx Transit,2026-07-10,C,79.6,92.0,100.0,45.9,,206,within_review_threshold
mountain-metro-transit,Flex,2026-07-10,D,64.4,94.0,36.7,45.0,,22,within_review_threshold
mountain-metropolitan-transit,Mountain Metropolitan Transit,2026-07-10,F,26.2,45.5,0.0,20.0,,-3205,within_review_threshold
mountain-metropolitan-transit-2356,Mountain Metropolitan Transit,2026-07-10,F,44.3,46.0,0.0,77.3,,-286,within_review_threshold
mountain-rides-transportation-authority-mrta,Mountain Rides Transportation Authority (MRTA),2026-07-10,F,41.5,68.0,0.0,37.5,,-5670,within_review_threshold
mountain-rides-transportation-authority-mrta-143,Mountain Rides Transportation Authority (MRTA),2026-07-10,F,41.5,68.0,0.0,37.5,,-5670,within_review_threshold
mountain-transit,Mountain Transit,2026-07-10,B,80.6,85.8,100.0,57.7,,175,within_review_threshold
mountain-transit-107,Mountain Transit,2026-07-10,B,80.6,85.8,100.0,57.7,,175,within_review_threshold
mountain-view-community-shuttle,Mountain View Community Shuttle,2026-07-10,B,84.5,78.5,85.0,92.5,,289,within_review_threshold
mountain-view-transportation-management-association-mvgo,Mountain View Transportation Management Association (MVgo),2026-07-10,F,47.9,66.0,0.0,99.3,0.0,-922,within_review_threshold
mountain-view-transportation-management-association-mvgo-2025,Mountain View Transportation Management Association (MVgo),2026-07-10,B,89.7,84.5,85.0,92.5,100.0,175,within_review_threshold
mountain-view-transportation-management-association-mvgo-2880,Mountain View Transportation Management Association (MVgo),2026-07-10,B,87.1,84.5,85.0,92.5,,175,within_review_threshold
mountain-view-transportation-management-association-mvgo-60,Mountain View Transportation Management Association (MVgo),2026-07-10,F,47.9,66.0,0.0,99.3,0.0,-922,within_review_threshold
move-stanislaus,Move Stanislaus,2026-07-10,C,75.7,94.5,100.0,30.0,,83,within_review_threshold
mt-bachelor,Mt. Bachelor,2026-07-10,F,50.2,71.8,0.0,60.0,,-1105,within_review_threshold
mta,Metro-North Railroad,2026-07-10,C,79.9,81.0,85.0,74.4,,169,within_review_threshold
muckleshoot-tribal-transit,Muckleshoot Tribal Transit,2026-07-10,C,78.8,94.0,100.0,40.6,,83,within_review_threshold
muletown-trolley,Muletown Trolley,2026-07-10,F,55.5,78.0,0.0,68.5,,-197,within_review_threshold
muncie-indiana-transit-system-mits,Muncie Indiana Transit System (MITS),2026-07-10,F,29.5,62.0,0.0,7.5,,-3492,within_review_threshold
muscabus,MuscaBus,2026-07-10,C,71.2,100.0,35.0,60.0,,21,within_review_threshold
muscabus-200,MuscaBus,2026-07-10,C,71.2,100.0,35.0,60.0,,21,within_review_threshold
nantucket-regional-transit-authority-wave,Nantucket Regional Transit Authority (WAVE),2026-07-10,C,76.4,92.0,88.3,45.0,,53,within_review_threshold
nantucket-regional-transit-authority-wave-426,Nantucket Regional Transit Authority (WAVE),2026-07-10,C,76.4,92.0,88.3,45.0,,53,within_review_threshold
nashville-mta-wego-public-transit,Nashville MTA WeGo Public Transit,2026-07-10,D,67.8,60.5,85.0,40.5,97.6,176,within_review_threshold
nassau-inter-county-express-nice-bus,Nassau Inter-County Express (NICE Bus),2026-07-10,F,46.1,40.0,100.0,37.4,13.9,64,within_review_threshold
national-park-service,Cuyahoga Valley Scenic Railroad,2026-07-10,D,60.7,83.5,0.0,77.5,,-2812,within_review_threshold
navajo-transit-system,Navajo Transit System,2026-07-10,F,56.5,74.8,0.0,76.3,,-1986,within_review_threshold
navajo-transit-system-157,Navajo Transit System,2026-07-10,F,56.5,74.8,0.0,76.3,,-1986,within_review_threshold
navajo-transit-system-2346,Navajo Transit System,2026-07-10,A,90.3,95.5,100.0,75.2,,206,within_review_threshold
needles-area-transit,Needles Area Transit,2026-07-10,B,80.2,94.0,100.0,45.0,,356,within_review_threshold
needles-area-transit-583,Needles Area Transit,2026-07-10,B,80.2,94.0,100.0,45.0,,356,within_review_threshold
nevada-county-connects-gold-country-stage,Nevada County Connects (Gold Country Stage),2026-07-10,D,61.4,81.0,0.0,83.0,,-160,within_review_threshold
nevada-county-connects-gold-country-stage-84,Nevada County Connects (Gold Country Stage),2026-07-10,D,61.4,81.0,0.0,83.0,,-160,within_review_threshold
new-jersey-transit-nj-transit,Bus,2026-07-10,F,39.0,24.0,85.0,23.2,,176,within_review_threshold
new-jersey-transit-nj-transit-509,Rail,2026-07-10,F,43.2,34.0,85.0,22.6,,168,within_review_threshold
new-york-trailways,New York Trailways,2026-07-10,F,14.6,28.0,0.0,7.5,,-1652,within_review_threshold
newburgh-beacon-shuttle-leprechaun-lines,Newburgh Beacon Shuttle (Leprechaun Lines),2026-07-10,F,40.1,75.5,0.0,22.5,,-191,within_review_threshold
niagara-frontier-transportation-authority-nfta,Niagara Frontier Transportation Authority (NFTA),2026-07-10,F,29.7,41.0,0.0,37.5,,-755,within_review_threshold
nisqually-transit,Nisqually Transit,2026-07-10,F,45.2,82.0,0.0,30.0,,-556,within_review_threshold
north-carolina-state-university-ncsu,North Carolina State University (NCSU),2026-07-10,F,46.8,64.0,0.0,60.0,,-2201,within_review_threshold
north-carolina-state-university-ncsu-1289,North Carolina State University (NCSU),2026-07-10,F,46.8,64.0,0.0,60.0,,-2201,within_review_threshold
north-carolina-state-university-ncsu-2245,North Carolina State University (NCSU),2026-07-10,D,64.6,84.8,50.0,47.9,,30,within_review_threshold
north-central-regional-transit-district-ncrtd,North Central Regional Transit District (NCRTD),2026-07-10,F,41.3,57.0,0.0,52.5,,-1805,within_review_threshold
north-country-express-transit,North Country Express Transit,2026-07-10,D,61.6,65.5,85.0,37.5,,155,within_review_threshold
north-county-transit-district-nctd,North County Transit District (NCTD),2026-07-10,F,23.5,0.0,10.0,67.1,,15,within_review_threshold
north-county-transit-district-nctd-3093,North County Transit District (NCTD),2026-07-10,F,23.5,0.0,10.0,67.1,,15,within_review_threshold
north-lake-tahoe-express,24 hour advance reservations required,2026-07-10,B,81.4,86.0,100.0,60.0,,206,within_review_threshold
northwest-point,NorthWest POINT,2026-07-10,F,45.9,62.0,0.0,60.0,,-1821,within_review_threshold
norwalk-transit-district,Norwalk Transit District,2026-07-10,F,20.9,22.2,0.0,35.6,,-1652,within_review_threshold
norwalk-transit-system-nts,Norwalk Transit System (NTS),2026-07-10,F,22.7,9.0,0.0,60.0,,-1286,within_review_threshold
norwalk-transit-system-nts-102,Norwalk Transit System (NTS),2026-07-10,F,22.7,9.0,0.0,60.0,,-1286,within_review_threshold
norwalk-transit-system-nts-2242,Norwalk Transit System (NTS),2026-07-10,C,73.1,72.5,100.0,52.5,,1395,within_review_threshold
ny-waterway,NY Waterway,2026-07-10,F,33.0,38.0,0.0,52.5,,-922,within_review_threshold
ny-waterway-3192,NY Waterway,2026-07-10,C,76.4,88.0,100.0,37.5,81.0,539,within_review_threshold
nyc-ferry,NYC Ferry,2026-07-10,C,77.0,80.0,100.0,77.0,49.0,539,within_review_threshold
ocean-city-transportation,Ocean City Transportation,2026-07-10,F,34.7,52.5,0.0,37.5,,-2240,within_review_threshold
olean-area-transit-system,Olean Area Transit System,2026-07-10,D,62.3,69.0,100.0,22.9,,266,within_review_threshold
omaha-metro,Omaha Metro,2026-07-10,F,39.3,64.0,0.0,36.3,,-2225,within_review_threshold
omaha-metro-2261,Omaha Metro,2026-07-10,C,75.9,76.0,83.3,69.8,,50,within_review_threshold
omnibus,Flex,2026-07-10,F,59.7,94.0,36.7,30.0,,22,within_review_threshold
omnitrans,OmniTrans,2026-07-10,C,75.0,71.5,50.0,100.0,,30,within_review_threshold
orange-county-transportation-authority-octa,Orange County Transportation Authority (OCTA),2026-07-10,F,46.4,42.0,33.3,37.4,78.4,29,within_review_threshold
oregon-department-of-transportation,Oregon Department of Transportation,2026-07-10,B,83.1,90.0,100.0,60.0,,83,within_review_threshold
oregon-department-of-transportation-800,Oregon Department of Transportation,2026-07-10,B,83.1,90.0,100.0,60.0,,83,within_review_threshold
oregon-express-shuttle,Oregon Express Shuttle,2026-07-10,C,77.1,83.0,88.3,60.0,,53,within_review_threshold
otsego-express-public-transportation,Otsego Express Public Transportation,2026-07-10,F,40.6,58.5,0.0,47.9,,-40,within_review_threshold
outback-express,Flex,2026-07-10,C,72.9,88.0,100.0,30.0,,295,within_review_threshold
pace-bus,Pace Bus,2026-07-10,F,46.9,75.0,0.0,45.0,,-832,within_review_threshold
pace-bus-2347,Pace Bus,2026-07-10,C,70.3,81.0,83.3,45.0,,50,within_review_threshold
pacific-crest-bus-lines,Pacific Crest Bus Lines,2026-07-10,B,82.1,99.5,86.7,54.0,,52,within_review_threshold
pacific-transit,Pacific Transit,2026-07-10,B,83.7,90.0,100.0,61.7,,206,within_review_threshold
pacific-transit-242,Pacific Transit,2026-07-10,B,83.7,90.0,100.0,61.7,,206,within_review_threshold
pacific-transit-3112,Pacific Transit,2026-07-10,B,82.1,88.0,100.0,59.5,,206,within_review_threshold
pahto-public-passage,Pahto Public Passage,2026-07-10,C,79.3,92.0,100.0,45.0,,114,within_review_threshold
palm-tran,Palm Tran,2026-07-10,D,69.4,64.0,100.0,52.4,,71,within_review_threshold
palo-verde-valley-transit-agency,Palo Verde Valley Transit Agency,2026-07-10,F,50.7,80.0,0.0,50.3,,-556,within_review_threshold
palo-verde-valley-transit-agency-18,Palo Verde Valley Transit Agency,2026-07-10,F,50.7,80.0,0.0,50.3,,-556,within_review_threshold
palo-verde-valley-transit-agency-2190,Palo Verde Valley Transit Agency,2026-07-10,B,81.0,92.0,100.0,50.3,,144,within_review_threshold
palos-verdes-peninsula-transit-authority-pvpta,Palos Verdes Peninsula Transit Authority (PVPTA),2026-07-10,F,42.7,56.0,21.7,40.8,,13,within_review_threshold
palos-verdes-peninsula-transit-authority-pvpta-35,Palos Verdes Peninsula Transit Authority (PVPTA),2026-07-10,F,42.7,56.0,21.7,40.8,,13,within_review_threshold
paratransit-services,Paratransit Services,2026-07-10,C,75.5,94.0,100.0,30.0,,144,within_review_threshold
part-putnam-area-rapid-transit,PART Putnam Area Rapid Transit,2026-07-10,D,65.2,61.2,100.0,42.9,,174,within_review_threshold
pasadena-transit,Pasadena Transit,2026-07-10,B,83.1,91.2,100.0,52.5,90.2,539,within_review_threshold
pasco-county-public-transportation,Pasco County Public Transportation,2026-07-10,F,45.3,68.5,0.0,49.0,,-1105,within_review_threshold
pasco-county-public-transportation-340,Pasco County Public Transportation,2026-07-10,F,45.3,68.5,0.0,49.0,,-1105,within_review_threshold
patco-speedline,PATCO Speedline,2026-07-10,A,93.2,92.0,86.7,100.0,,52,within_review_threshold
patco-speedline-3035,PATCO Speedline,2026-07-10,A,100.0,100.0,100.0,100.0,,174,within_review_threshold
patriots-party-boats,Patriots Party Boats,2026-07-10,B,82.0,94.0,88.3,60.0,,53,within_review_threshold
patriots-party-boats-424,Patriots Party Boats,2026-07-10,B,82.0,94.0,88.3,60.0,,53,within_review_threshold
people-for-people-community-connector,People for People (Community Connector),2026-07-10,B,83.6,92.0,100.0,58.8,,173,within_review_threshold
people-mover,People Mover,2026-07-10,C,74.8,76.0,100.0,53.0,,144,within_review_threshold
petaluma-transit,Petaluma Transit,2026-07-10,F,48.1,65.5,0.0,62.2,,-1106,within_review_threshold
petaluma-transit-72,Petaluma Transit,2026-07-10,F,48.1,65.5,0.0,62.2,,-1106,within_review_threshold
peter-pan,Peter Pan,2026-07-10,F,43.7,67.8,0.0,44.9,,-556,within_review_threshold
peter-pan-496,Peter Pan,2026-07-10,F,43.7,67.8,0.0,44.9,,-556,within_review_threshold
petersburg-area-transit,Petersburg Area Transit,2026-07-10,C,74.1,74.0,100.0,53.5,,206,within_review_threshold
petersburg-area-transit-2441,Flex,2026-07-10,F,46.0,46.0,36.7,53.4,,22,within_review_threshold
petersburg-area-transit-591,Petersburg Area Transit,2026-07-10,C,74.1,74.0,100.0,53.5,,206,within_review_threshold
philomath-connection,Philomath Connection,2026-07-10,F,46.4,74.0,0.0,45.0,,-1561,within_review_threshold
philomath-connection-2205,Philomath Connection,2026-07-10,C,75.2,88.0,100.0,37.5,,539,within_review_threshold
philomath-connection-878,Philomath Connection,2026-07-10,F,46.4,74.0,0.0,45.0,,-1561,within_review_threshold
phlash,Philly PHLASH,2026-07-10,A,95.0,99.0,100.0,85.4,,330,within_review_threshold
piedmont-authority-for-regional-transportation-part,Piedmont Authority for Regional Transportation (PART),2026-07-10,B,84.9,74.0,100.0,88.0,,174,within_review_threshold
piedmont-authority-for-regional-transportation-part-373,Piedmont Authority for Regional Transportation (PART),2026-07-10,B,84.9,74.0,100.0,88.0,,174,within_review_threshold
pierce-transit,Pierce Transit,2026-07-10,C,79.2,72.8,83.3,85.0,,50,within_review_threshold
pinellas-suncoast-transit-authority-psta,Pinellas Suncoast Transit Authority (PSTA),2026-07-10,F,34.2,58.0,0.0,28.1,,-34,within_review_threshold
pioneer-valley-transit-authority-pvta,Pioneer Valley Transit Authority (PVTA),2026-07-10,F,30.3,0.0,0.0,97.0,,-846,within_review_threshold
pioneer-valley-transit-authority-pvta-2416,Pioneer Valley Transit Authority (PVTA),2026-07-10,F,44.3,9.5,83.3,97.4,0.0,50,within_review_threshold
placer-county-transit,Placer County Transit,2026-07-10,B,80.5,83.8,100.0,60.3,,83,within_review_threshold
placer-county-transit-77,Placer County Transit,2026-07-10,B,80.5,83.8,100.0,60.3,,83,within_review_threshold
playa-vista-shuttle,Playa Vista Shuttle,2026-07-10,F,46.4,74.0,0.0,45.0,,-1658,within_review_threshold
playa-vista-shuttle-799,Playa Vista Shuttle,2026-07-10,F,46.4,74.0,0.0,45.0,,-1658,within_review_threshold
plumas-transit,Plumas Transit,2026-07-10,C,79.1,95.5,88.3,48.6,,53,within_review_threshold
plumas-transit-119,Plumas Transit,2026-07-10,C,79.1,95.5,88.3,48.6,,53,within_review_threshold
plymouth-brockton-street-railway-co,Plymouth & Brockton Street Railway Co,2026-07-10,B,88.3,100.0,100.0,62.6,,83,within_review_threshold
plymouth-brockton-street-railway-co-556,Plymouth & Brockton Street Railway Co,2026-07-10,B,88.3,100.0,100.0,62.6,,83,within_review_threshold
pocatello-regional-transit,Pocatello Regional Transit,2026-07-10,A,94.8,100.0,100.0,83.5,,174,within_review_threshold
pony-express,Pony Express,2026-07-10,B,81.9,98.0,100.0,45.0,,206,within_review_threshold
pony-express-828,Pony Express,2026-07-10,B,81.9,98.0,100.0,45.0,,206,within_review_threshold
port-authority-of-allegheny-county,Port Authority of Allegheny County,2026-07-10,C,75.4,66.2,100.0,52.6,95.2,96,within_review_threshold
port-authority-trans-hudson-path,Port Authority Trans-Hudson (PATH),2026-07-10,F,52.9,78.0,0.0,60.0,,-39,within_review_threshold
port-authority-trans-hudson-path-517,Port Authority Trans-Hudson (PATH),2026-07-10,F,52.9,78.0,0.0,60.0,,-39,within_review_threshold
portage-area-regional-transportation-authority-parta,Portage Area Regional Transportation Authority (PARTA),2026-07-10,F,36.8,68.0,0.0,22.4,,-2372,within_review_threshold
portage-area-regional-transportation-authority-parta-2256,Portage Area Regional Transportation Authority (PARTA),2026-07-10,F,57.6,78.5,50.0,34.3,,30,within_review_threshold
porterville-transit,Porterville Transit,2026-07-10,F,36.5,62.0,0.0,30.0,,-1013,within_review_threshold
porterville-transit-48,Porterville Transit,2026-07-10,F,36.5,62.0,0.0,30.0,,-1013,within_review_threshold
potomac-and-rappahannock-transportation-commission-prtc,Potomac and Rappahannock Transportation Commission (PRTC),2026-07-10,F,19.0,17.0,0.0,37.0,,-579,within_review_threshold
potomac-and-rappahannock-transportation-commission-prtc-omniride,Potomac and Rappahannock Transportation Commission (PRTC) Omniride,2026-07-10,F,38.0,35.5,25.0,51.9,,15,within_review_threshold
prairie-express-transit,Prairie Express Transit,2026-07-10,C,75.5,94.0,100.0,30.0,,144,within_review_threshold
prairie-express-transit-801,Prairie Express Transit,2026-07-10,C,75.5,94.0,100.0,30.0,,144,within_review_threshold
prince-george-s-county-the-bus,Prince George's County (The Bus),2026-07-10,C,72.9,91.5,88.3,34.4,,53,within_review_threshold
prowers-area-transit,Flex v2 included,2026-07-10,C,75.5,94.0,100.0,30.0,,114,within_review_threshold
pueblo-transit,Flex,2026-07-10,D,62.3,80.0,35.0,59.5,,21,within_review_threshold
pueblo-transit-2232,Pueblo Transit,2026-07-10,B,80.3,84.0,100.0,59.5,,234,within_review_threshold
puget-sound-educational-service-district,Puget Sound Educational Service District,2026-07-10,C,75.5,94.0,100.0,30.0,,295,within_review_threshold
puget-sound-express,Puget Sound Express,2026-07-10,F,53.7,80.0,0.0,60.0,,-2477,within_review_threshold
puget-sound-express-281,Puget Sound Express,2026-07-10,F,53.7,80.0,0.0,60.0,,-2477,within_review_threshold
pulaski-area-transit-pat,Pulaski Area Transit (PAT),2026-07-10,F,42.6,71.0,0.0,37.0,,-1471,within_review_threshold
pulaski-area-transit-pat-2198,Pulaski Area Transit (PAT),2026-07-10,C,73.6,92.0,88.3,36.0,,53,within_review_threshold
pulaski-area-transit-pat-2442,Flex,2026-07-10,C,76.5,88.0,88.3,50.9,,53,within_review_threshold
qline-detroit,Qline Detroit,2026-07-10,F,50.4,76.0,0.0,55.0,,-191,within_review_threshold
qline-detroit-802,Qline Detroit,2026-07-10,F,50.4,76.0,0.0,55.0,,-191,within_review_threshold
quail-trail-public-transit,Quail Trail Public Transit,2026-07-10,C,78.1,96.0,88.3,45.0,,53,within_review_threshold
queen-anne-s-county-ride,Queen Anne's County Ride,2026-07-10,F,59.2,80.0,0.0,77.5,,-2017,within_review_threshold
rabbit-transit,Rabbit Transit,2026-07-10,F,34.5,41.5,0.0,52.5,,-1287,within_review_threshold
radar,RADAR,2026-07-10,B,86.5,97.8,100.0,59.9,,206,within_review_threshold
radar-2443,Flex,2026-07-10,F,57.5,67.8,36.7,59.8,,22,within_review_threshold
radar-832,RADAR,2026-07-10,B,86.5,97.8,100.0,59.9,,206,within_review_threshold
radford-transit,Radford Transit,2026-07-10,F,54.8,75.2,50.0,29.9,,30,within_review_threshold
radford-transit-2415,Radford Transit,2026-07-10,C,75.5,94.0,100.0,29.9,,206,within_review_threshold
red-apple-transit,Red Apple Transit,2026-07-10,F,56.7,88.0,0.0,58.2,,-41,within_review_threshold
red-apple-transit-160,Red Apple Transit,2026-07-10,F,56.7,88.0,0.0,58.2,,-41,within_review_threshold
red-rose-transit-authority-rrta,Red Rose Transit Authority (RRTA),2026-07-10,F,48.0,83.0,0.0,37.5,,-1652,within_review_threshold
red-rose-transit-authority-rrta-2000,Red Rose Transit Authority (RRTA),2026-07-10,C,71.3,79.0,100.0,37.5,,539,within_review_threshold
redding-area-bus-authority,Redding Area Bus Authority,2026-07-10,F,56.9,76.5,0.0,75.1,,-46,within_review_threshold
redding-area-bus-authority-2853,Flex,2026-07-10,F,37.8,65.0,0.0,30.1,,-191,within_review_threshold
redding-area-bus-authority-3031,Redding Area Bus Authority,2026-07-10,A,91.9,81.5,100.0,100.0,,174,within_review_threshold
redding-area-bus-authority-raba,Redding Area Bus Authority (RABA),2026-07-10,F,26.4,17.5,0.0,60.0,,-1013,within_review_threshold
redding-area-bus-authority-raba-114,Redding Area Bus Authority (RABA),2026-07-10,F,26.4,17.5,0.0,60.0,,-1013,within_review_threshold
redding-area-bus-authority-raba-1972,Redding Area Bus Authority (RABA),2026-07-10,F,37.3,45.0,0.0,56.4,,-191,within_review_threshold
redwood-coast-transit-rct,Redwood Coast Transit (RCT),2026-07-10,F,55.5,72.0,0.0,76.9,,-48,within_review_threshold
redwood-coast-transit-rct-20,Redwood Coast Transit (RCT),2026-07-10,F,55.5,72.0,0.0,76.9,,-48,within_review_threshold
regional-transit-service,Regional Transit Service,2026-07-10,F,37.6,59.5,0.0,37.1,,-1926,within_review_threshold
regional-transit-service-seneca-rts-seneca,Regional Transit Service Seneca (RTS Seneca),2026-07-10,F,38.8,72.5,0.0,22.5,,-5853,within_review_threshold
regional-transportation-agency-of-central-maryland-rta,Regional Transportation Agency of Central Maryland (RTA),2026-07-10,B,81.4,86.0,100.0,60.1,,233,within_review_threshold
regional-transportation-agency-of-central-maryland-rta-489,Regional Transportation Agency of Central Maryland (RTA),2026-07-10,B,81.4,86.0,100.0,60.1,,233,within_review_threshold
regional-transportation-commission-of-southern-nevada-rtc,Regional Transportation Commission of Southern Nevada (RTC),2026-07-10,F,33.1,49.0,0.0,37.4,,-846,within_review_threshold
regional-transportation-commission-of-southern-nevada-rtc-2351,Regional Transportation Commission of Southern Nevada (RTC),2026-07-10,F,51.2,49.2,71.7,37.5,,43,within_review_threshold
regional-transportation-commission-rtc,Regional Transportation Commission (RTC),2026-07-10,B,81.6,90.5,93.3,59.9,,56,within_review_threshold
regional-transportation-commission-rtc-120,Regional Transportation Commission (RTC),2026-07-10,B,81.6,90.5,93.3,59.9,,56,within_review_threshold
regional-transportation-district,Flex v2 included,2026-07-10,F,44.4,0.0,100.0,62.1,,78,within_review_threshold
regional-transportation-district-rtd,Bustang,2026-07-10,F,45.7,61.5,0.0,60.0,,-1651,within_review_threshold
regional-transportation-district-rtd-169,Bustang,2026-07-10,F,45.7,61.5,0.0,60.0,,-1651,within_review_threshold
regional-transportation-district-rtd-178,Regional Transportation District (RTD),2026-07-10,C,76.1,60.8,100.0,62.1,96.3,78,within_review_threshold
regional-transportation-district-rtd-2280,Bustang,2026-07-10,C,73.4,55.2,100.0,77.5,,78,within_review_threshold
relaxsan,reLAXsan,2026-07-10,F,54.4,81.5,0.0,60.0,,-88,within_review_threshold
rensselaer-county-yankee-trails,Rensselaer County (Yankee Trails),2026-07-10,C,74.1,85.5,100.0,37.5,,174,within_review_threshold
rhode-island-public-transit-authority,Rhode Island Public Transit Authority,2026-07-10,F,50.0,59.0,0.0,37.5,100.0,-21,within_review_threshold
rhody-express,Rhody Express,2026-07-10,C,79.9,100.0,88.3,45.0,,53,within_review_threshold
ride-connection,Ride Connection,2026-07-10,B,83.4,93.8,100.0,55.6,,206,within_review_threshold
ride-sitka,RIDE Sitka,2026-07-10,F,52.9,83.5,0.0,52.5,,-1652,within_review_threshold
ridgecrest-transit,Ridgecrest Transit,2026-07-10,F,52.3,87.5,0.0,45.0,,-343,within_review_threshold
ridgerunner,Ridgerunner,2026-07-10,F,19.5,1.8,0.0,60.0,,-1652,within_review_threshold
ridgerunner-311,Ridgerunner,2026-07-10,F,19.5,1.8,0.0,60.0,,-1652,within_review_threshold
rio-metro-regional-transit-district,Rio Metro Regional Transit District,2026-07-10,D,63.0,73.0,0.0,99.3,,-801,within_review_threshold
rio-vista-delta-breeze,Rio Vista Delta Breeze,2026-07-10,F,52.0,76.0,0.0,60.0,,-525,within_review_threshold
rio-vista-delta-breeze-81,Rio Vista Delta Breeze,2026-07-10,F,52.0,76.0,0.0,60.0,,-525,within_review_threshold
rivercities-transit-rct,RiverCities Transit (RCT),2026-07-10,B,80.3,86.0,100.0,56.7,,143,within_review_threshold
rivercities-transit-rct-259,RiverCities Transit (RCT),2026-07-10,B,80.3,86.0,100.0,56.7,,143,within_review_threshold
riverside-transit-agency,Riverside Transit Agency,2026-07-10,C,73.6,70.0,100.0,37.5,98.8,64,within_review_threshold
roadrunner,RoadRunner,2026-07-10,F,52.5,80.2,0.0,55.7,,-3477,within_review_threshold
roadrunner-644,RoadRunner,2026-07-10,F,52.5,80.2,0.0,55.7,,-3477,within_review_threshold
roadrunner-transit,RoadRUNNER Transit,2026-07-10,D,61.8,88.0,0.0,74.6,,-1072,within_review_threshold
roadrunner-transit-2075,RoadRUNNER Transit,2026-07-10,F,55.7,77.5,50.0,29.9,,30,within_review_threshold
roadrunner-transit-564,RoadRUNNER Transit,2026-07-10,D,61.8,88.0,0.0,74.6,,-1072,within_review_threshold
roadrunnertransit,RoadrunnerTransit,2026-07-10,C,72.3,76.0,100.0,45.0,,206,within_review_threshold
roaring-fork-transportation-authority,Roaring Fork Transportation Authority,2026-07-10,B,83.7,86.0,100.0,67.5,,72,within_review_threshold
roaring-fork-transportation-authority-162,Roaring Fork Transportation Authority,2026-07-10,B,83.7,86.0,100.0,67.5,,72,within_review_threshold
roaring-fork-transportation-authority-2278,Roaring Fork Transportation Authority,2026-07-10,B,84.6,88.0,100.0,67.5,,72,within_review_threshold
roaring-fork-transportation-authority-rfta,Flex,2026-07-10,C,76.7,86.0,100.0,44.9,,83,within_review_threshold
rochester-city-lines,Rochester City Lines,2026-07-10,F,50.9,79.0,0.0,52.1,,-3843,within_review_threshold
rochester-genesee-regional-transportation-authority-rgrta,Rochester-Genesee Regional Transportation Authority (RGRTA),2026-07-10,D,61.9,46.0,96.7,67.9,47.6,58,within_review_threshold
rochester-genesee-regional-transportation-authority-rgrta-533,Rochester-Genesee Regional Transportation Authority (RGRTA),2026-07-10,D,64.3,42.0,96.7,67.9,66.7,58,within_review_threshold
rochester-transit-service,Livingston County,2026-07-10,C,76.3,79.8,100.0,52.5,,1306,within_review_threshold
rock-region-metro,Rock Region Metro,2026-07-10,F,39.7,64.0,0.0,37.5,,-3844,within_review_threshold
rock-region-metro-2264,Rock Region Metro,2026-07-10,F,36.9,57.5,0.0,37.5,,-264,within_review_threshold
rockingham-moover,Rockingham MOOver,2026-07-10,B,81.1,85.8,100.0,59.3,,83,within_review_threshold
rocky-mountain-national-park,Rocky Mountain National Park Shuttles,2026-07-10,B,81.3,85.8,100.0,60.0,,102,within_review_threshold
rocky-mountain-national-park-shuttles,Rocky Mountain National Park Shuttles,2026-07-10,B,81.3,85.8,100.0,60.0,,102,within_review_threshold
rocky-mountain-national-park-shuttles-176,Rocky Mountain National Park Shuttles,2026-07-10,B,81.3,85.8,100.0,60.0,,102,within_review_threshold
rogue-valley-transportation-district-rvtd,Rogue Valley Transportation District (RVTD),2026-07-10,F,47.4,66.0,0.0,59.2,,-117,within_review_threshold
rogue-valley-transportation-district-rvtd-122,Rogue Valley Transportation District (RVTD),2026-07-10,F,47.4,66.0,0.0,59.2,,-117,within_review_threshold
rogue-valley-transportation-district-rvtd-3103,Rogue Valley Transportation District (RVTD),2026-07-10,F,44.1,58.0,0.0,59.9,,-19,within_review_threshold
rogue-valley-transportation-district-rvtd-3219,Rogue Valley Transportation District (RVTD),2026-07-10,D,68.4,85.0,50.0,59.9,,30,within_review_threshold
roosevelt-island-operating-corporation-tramway-rioc-tramway,Roosevelt Island Operating Corporation Tramway (RIOC Tramway),2026-07-10,A,92.9,89.2,100.0,92.5,,174,within_review_threshold
roosevelt-island-operating-corporation-tramway-rioc-tramway-1109,Roosevelt Island Operating Corporation Tramway (RIOC Tramway),2026-07-10,A,92.9,89.2,100.0,92.5,,174,within_review_threshold
rosemead-explorer,Rosemead Explorer,2026-07-10,F,46.7,74.5,0.0,45.0,,-556,within_review_threshold
rosemead-explorer-3098,Rosemead Explorer,2026-07-10,F,57.2,91.5,50.0,15.0,,30,within_review_threshold
roseville-transit,Roseville Transit,2026-07-10,D,67.5,82.8,100.0,20.0,,174,within_review_threshold
routt-county-council-on-aging-rccoca-transportation,Flex,2026-07-10,D,61.7,88.0,36.7,45.0,,22,within_review_threshold
rural-community-transportation-rct,Rural Community Transportation (RCT),2026-07-10,B,83.1,90.0,100.0,59.9,,173,within_review_threshold
rural-community-transportation-rct-2882,Rural Community Transportation (RCT),2026-07-10,B,81.2,86.0,100.0,59.4,,173,within_review_threshold
rural-community-transportation-rct-448,Rural Community Transportation (RCT),2026-07-10,B,81.3,86.0,100.0,59.9,,173,within_review_threshold
ruraltransit,ruralTRANSIT,2026-07-10,C,76.0,92.0,86.7,45.0,,52,within_review_threshold
ruraltransit-822,ruralTRANSIT,2026-07-10,C,76.0,92.0,86.7,45.0,,52,within_review_threshold
ryde-racine,Ryde Racine,2026-07-10,F,45.3,67.0,0.0,51.2,,-1470,within_review_threshold
ryde-racine-2246,Ryde Racine,2026-07-10,C,78.4,95.2,100.0,37.5,,539,within_review_threshold
ryde-racine-395,Ryde Racine,2026-07-10,F,45.3,67.0,0.0,51.2,,-1470,within_review_threshold
sacramento-regional-transit-sacrt,Sacramento Regional Transit (SacRT),2026-07-10,F,59.2,83.5,60.0,24.5,,36,within_review_threshold
sacramento-regional-transit-sacrt-1296,Sacramento Regional Transit (SacRT),2026-07-10,F,59.2,83.5,60.0,24.5,,36,within_review_threshold
sacramento-regional-transit-sacrt-2137,Sacramento Regional Transit (SacRT),2026-07-10,F,39.1,71.5,0.0,24.9,,-461,within_review_threshold
sage-stage,Sage Stage,2026-07-10,B,86.0,86.0,100.0,74.7,,173,within_review_threshold
sage-stage-113,Sage Stage,2026-07-10,B,86.0,86.0,100.0,74.7,,173,within_review_threshold
saint-mary-s-transit-system,Saint Maryʼs Transit System,2026-07-10,F,42.6,71.5,0.0,36.3,,-1985,within_review_threshold
saint-mary-s-transit-system-2268,Saint Maryʼs Transit System,2026-07-10,D,66.2,67.5,100.0,37.5,,1271,within_review_threshold
san-benito-county-express-sbce,San Benito County Express (SBCE),2026-07-10,F,50.4,80.0,0.0,49.3,,-35,within_review_threshold
san-benito-county-express-sbce-58,San Benito County Express (SBCE),2026-07-10,F,50.4,80.0,0.0,49.3,,-35,within_review_threshold
san-diego-international-airport-metropolitan-transit-system-mts,"San Diego International Airport, Metropolitan Transit System (MTS)",2026-07-10,F,53.7,0.0,95.0,95.7,,57,within_review_threshold
san-francisco-bay-area-water-emergency-transportation-authority-weta,San Francisco Bay Area Water Emergency Transportation Authority (WETA),2026-07-10,A,90.3,94.0,100.0,77.4,,114,within_review_threshold
san-francisco-bay-area-water-emergency-transportation-authority-weta-3143,San Francisco Bay Area Water Emergency Transportation Authority (WETA),2026-07-10,A,90.3,94.0,100.0,77.4,,114,within_review_threshold
san-francisco-bay-area-water-emergency-transportation-authority-weta-62,San Francisco Bay Area Water Emergency Transportation Authority (WETA),2026-07-10,A,90.3,94.0,100.0,77.4,,114,within_review_threshold
san-francisco-municipal-transportation-agency-sfmta-muni,San Francisco Municipal Transportation Agency (SFMTA - Muni),2026-07-10,F,31.6,34.8,0.0,52.5,,-693,within_review_threshold
san-francisco-municipal-transportation-agency-sfmta-muni-2886,San Francisco Municipal Transportation Agency (SFMTA - Muni),2026-07-10,D,60.0,51.5,66.7,66.6,,49,within_review_threshold
san-joaquin-regional-transit-district,San Joaquin Regional Transit District,2026-07-10,B,80.2,94.0,100.0,45.0,,326,within_review_threshold
san-joaquin-regional-transit-district-rtd,San Joaquin Regional Transit District (RTD),2026-07-10,D,61.2,72.0,25.0,75.0,,15,within_review_threshold
san-juan-capistrano-free-weekend-trolley,San Juan Capistrano Free Weekend Trolley,2026-07-10,F,46.4,74.0,0.0,45.0,,-1679,within_review_threshold
san-juan-capistrano-free-weekend-trolley-596,San Juan Capistrano Free Weekend Trolley,2026-07-10,F,46.4,74.0,0.0,45.0,,-1679,within_review_threshold
san-leandro-links,San Leandro Links,2026-07-10,F,44.5,70.0,0.0,44.5,,-1652,within_review_threshold
san-leandro-links-810,San Leandro Links,2026-07-10,F,44.5,70.0,0.0,44.5,,-1652,within_review_threshold
san-luis-obispo-regional-transit-authority-slorta,San Luis Obispo Regional Transit Authority (SLORTA),2026-07-10,B,81.7,92.0,100.0,52.5,,539,within_review_threshold
san-mateo-county-transit-district-samtrans,San Mateo County Transit District (samTrans),2026-07-10,C,70.7,97.8,36.7,60.0,,22,within_review_threshold
san-miguel-authority-for-regional-transportation-smart,San Miguel Authority for Regional Transportation (SMART),2026-07-10,F,48.7,68.0,0.0,60.5,,-1197,within_review_threshold
san-miguel-authority-for-regional-transportation-smart-811,San Miguel Authority for Regional Transportation (SMART),2026-07-10,F,48.7,68.0,0.0,60.5,,-1197,within_review_threshold
san-miguel-county,San Miguel County,2026-07-10,B,83.4,91.8,100.0,58.3,,101,within_review_threshold
sandia-shuttle,Sandia Shuttle,2026-07-10,F,49.4,70.0,0.0,60.0,,-1287,within_review_threshold
sandia-shuttle-167,Sandia Shuttle,2026-07-10,F,49.4,70.0,0.0,60.0,,-1287,within_review_threshold
sandy-area-metro-sam,Sandy Area Metro (SAM),2026-07-10,C,80.0,83.2,100.0,59.4,,144,within_review_threshold
sandy-area-metro-sam-2739,Static feed for realtime,2026-07-10,D,62.3,72.8,50.0,45.0,78.0,30,within_review_threshold
sanford-trolley,Sanford Trolley,2026-07-10,F,57.0,87.5,0.0,60.0,,-1652,within_review_threshold
santa-barbara-metropolitan-transit-district-mtd,Santa Barbara Metropolitan Transit District (MTD),2026-07-10,B,85.2,88.0,61.7,100.0,,37,within_review_threshold
santa-clara-valley-transportation-authority-vta,Santa Clara Valley Transportation Authority (VTA),2026-07-10,D,68.0,55.5,50.0,100.0,,30,within_review_threshold
santa-clarita-transit,Santa Clarita Transit,2026-06-27,F,26.2,60.0,0.0,0.0,,,unknown
santa-cruz-metro-scmtd,Santa Cruz Metro (SCMTD),2026-07-10,F,56.2,75.0,0.0,75.0,,-667,within_review_threshold
santa-cruz-metro-scmtd-2425,Santa Cruz Metro (SCMTD),2026-07-10,A,92.4,99.0,100.0,74.9,95.3,61,within_review_threshold
santa-fe-trails,Santa Fe Trails,2026-07-10,D,64.8,76.8,0.0,100.0,,-102,within_review_threshold
santa-fe-trails-839,Santa Fe Trails,2026-07-10,D,64.8,76.8,0.0,100.0,,-102,within_review_threshold
santa-maria-area-transit,Santa Maria Area Transit,2026-07-10,F,33.6,33.8,0.0,60.3,,-1713,within_review_threshold
santa-maria-area-transit-2272,Santa Maria Area Transit,2026-07-10,D,60.2,71.0,85.0,25.1,,357,within_review_threshold
santa-maria-area-transit-26,Santa Maria Area Transit,2026-07-10,F,33.6,33.8,0.0,60.3,,-1713,within_review_threshold
santa-rosa-citybus,Santa Rosa CityBus,2026-07-10,F,36.5,46.0,0.0,52.5,,-2297,within_review_threshold
santa-rosa-citybus-1986,Santa Rosa CityBus,2026-07-10,F,39.6,53.0,0.0,52.5,,-859,within_review_threshold
santa-ynez-valley-transit,Santa Ynez Valley Transit,2026-07-10,A,96.5,92.0,100.0,100.0,,204,within_review_threshold
santa-ynez-valley-transit-813,Santa Ynez Valley Transit,2026-07-10,A,96.5,92.0,100.0,100.0,,204,within_review_threshold
sarasota-county-area-transit,Sarasota County Area Transit,2026-07-10,F,22.6,35.0,0.0,23.3,,-1680,within_review_threshold
sarasota-county-area-transit-scat,Sarasota County Area Transit (SCAT),2026-07-10,F,51.1,42.2,85.0,36.5,,1085,within_review_threshold
sarasota-county-area-transit-scat-348,Sarasota County Area Transit (SCAT),2026-07-10,F,51.1,42.2,85.0,36.5,,1085,within_review_threshold
schuyler-county-transit,Schuyler County Transit,2026-07-10,F,45.9,73.5,0.0,43.9,,-922,within_review_threshold
seastreak-ferry,Seastreak Ferry,2026-07-10,C,73.5,71.0,100.0,55.9,,1350,within_review_threshold
seattle-children-s-hospital-shuttle,Seattle Children's Hospital Shuttle,2026-07-10,F,37.9,49.2,0.0,52.5,,-739,within_review_threshold
sedona-shuttle,Sedona Shuttle,2026-07-10,A,99.8,99.5,100.0,100.0,,417,within_review_threshold
selah-transit,Selah Transit,2026-07-10,D,62.4,82.0,0.0,85.0,,-100,within_review_threshold
senior-resource-development-agency,Flex,2026-07-10,F,54.4,82.0,36.7,30.0,,22,within_review_threshold
shawnee-mass-transit-district,Shawnee Mass Transit District,2026-07-10,B,82.6,99.5,100.0,45.0,,8607,unusually_distant
shore-line-east,Shore Line East,2026-07-10,F,47.9,72.0,0.0,52.5,,-556,within_review_threshold
shore-transit,Shore Transit,2026-07-10,F,42.3,67.2,0.0,41.3,,-2382,within_review_threshold
shore-transit-3149,Shore Transit,2026-07-10,F,49.2,88.0,0.0,34.3,,-49,within_review_threshold
shoreline-metro,Shoreline Metro,2026-07-10,B,83.1,90.0,100.0,60.0,,539,within_review_threshold
shoreline-metro-399,Shoreline Metro,2026-07-10,B,83.1,90.0,100.0,60.0,,539,within_review_threshold
shreveport-and-bossier-city,Shreveport and Bossier City,2026-07-10,F,34.7,20.5,85.0,42.1,0.0,26837,unusually_distant
shuttle-oregon,Shuttle Oregon,2026-07-10,F,42.1,64.0,0.0,45.0,,-1135,within_review_threshold
sierra-madre-gateway-coach,Sierra Madre Gateway Coach,2026-07-10,F,48.5,68.0,0.0,60.0,,-1652,within_review_threshold
sierra-madre-gateway-coach-2251,Sierra Madre Gateway Coach,2026-07-10,F,54.1,80.8,0.0,60.0,,-556,within_review_threshold
sierra-madre-gateway-coach-829,Sierra Madre Gateway Coach,2026-07-10,F,48.5,68.0,0.0,60.0,,-1652,within_review_threshold
silver-key-senior-services,Flex,2026-07-10,C,77.3,94.0,88.3,45.0,,53,within_review_threshold
simi-valley-transit,Simi Valley Transit,2026-07-10,F,56.6,69.5,0.0,83.8,,-1135,within_review_threshold
simi-valley-transit-40,Simi Valley Transit,2026-07-10,F,56.6,69.5,0.0,83.8,,-1135,within_review_threshold
sioux-area-metro-sam,Sioux Area Metro (SAM),2026-07-10,F,50.0,72.0,0.0,59.3,,-830,within_review_threshold
sioux-area-metro-sam-192,Sioux Area Metro (SAM),2026-07-10,F,50.0,72.0,0.0,59.3,,-830,within_review_threshold
sioux-city-transit-system,Sioux City Transit System,2026-07-10,B,82.6,90.0,100.0,58.3,,175,within_review_threshold
sioux-city-transit-system-191,Sioux City Transit System,2026-07-10,B,82.6,90.0,100.0,58.3,,175,within_review_threshold
siskiyou-county,Siskiyou County,2026-07-10,B,81.8,71.5,100.0,81.6,,1476,within_review_threshold
siskiyou-county-117,Siskiyou County,2026-07-10,B,81.8,71.5,100.0,81.6,,1476,within_review_threshold
skamania-county-transit,Skamania County Transit,2026-07-10,B,80.2,94.0,100.0,45.0,,114,within_review_threshold
snoqualmie-valley-transportation,Snoqualmie Valley Transportation,2026-07-10,B,81.7,90.0,100.0,55.5,,114,within_review_threshold
snowmass-village-transportation,Snowmass Village Transportation,2026-07-10,C,75.5,79.2,100.0,50.7,,72,within_review_threshold
snowmass-village-transportation-164,Snowmass Village Transportation,2026-07-10,C,75.5,79.2,100.0,50.7,,72,within_review_threshold
soltrans,SolTrans (Solano County Transit),2026-07-10,A,94.0,92.0,100.0,92.1,,539,within_review_threshold
sonoma-county-airport-express,Sonoma County Airport Express,2026-07-10,F,49.4,70.0,0.0,60.0,,-1287,within_review_threshold
sonoma-county-airport-express-66,Sonoma County Airport Express,2026-07-10,F,49.4,70.0,0.0,60.0,,-1287,within_review_threshold
sonoma-county-transit-sct,Sonoma County Transit (SCT),2026-07-10,D,66.9,84.0,48.3,57.9,,29,within_review_threshold
sonoma-county-transit-sct-70,Sonoma County Transit (SCT),2026-07-10,D,66.9,84.0,48.3,57.9,,29,within_review_threshold
sonoma-marin-area-rail-transit-smart,Sonoma-Marin Area Rail Transit (SMART),2026-07-10,A,98.9,98.0,100.0,99.4,,184,within_review_threshold
sonoma-marin-area-rail-transit-smart-815,Sonoma-Marin Area Rail Transit (SMART),2026-07-10,A,98.9,98.0,100.0,99.4,,184,within_review_threshold
sound-generations-hyde-shuttle,do not use - deprecfated,2026-07-10,C,74.6,92.0,100.0,30.0,,114,within_review_threshold
sound-transit,Sound Transit,2026-07-10,B,82.5,70.8,81.7,99.5,,49,within_review_threshold
sound-transit-metro-transit-city-of-seattle-king-county-metro,"Sound Transit, Metro Transit, City of Seattle - King County Metro",2026-07-10,B,88.8,85.0,81.7,99.8,,49,within_review_threshold
south-central-council-of-governments-sccog,Flex,2026-07-10,C,72.0,86.0,100.0,30.0,,114,within_review_threshold
south-clackamas-transportation-district,South Clackamas Transportation District,2026-07-10,C,72.5,84.0,86.7,45.0,,52,within_review_threshold
south-county-transit-link,South County Transit Link,2026-07-10,F,30.0,27.8,0.0,57.2,,-1652,within_review_threshold
south-county-transit-link-817,South County Transit Link,2026-07-10,F,30.0,27.8,0.0,57.2,,-1652,within_review_threshold
south-florida-regional-transportation-authority-tri-rail,South Florida Regional Transportation Authority (Tri-Rail),2026-07-10,D,67.4,78.8,85.0,37.5,,503,within_review_threshold
south-metro-area-regional-transit-smart,South Metro Area Regional Transit (SMART),2026-07-10,F,30.1,37.5,0.0,43.8,,-1051,within_review_threshold
south-metro-area-regional-transit-smart-248,South Metro Area Regional Transit (SMART),2026-07-10,F,30.1,37.5,0.0,43.8,,-1051,within_review_threshold
south-metro-area-regional-transit-smart-2706,South Metro Area Regional Transit (SMART),2026-07-10,C,72.1,68.2,85.0,45.0,100.0,26837,unusually_distant
south-portland,South Portland,2026-07-10,F,37.2,66.5,0.0,25.9,,-1562,within_review_threshold
south-portland-2641,South Portland,2026-07-10,F,37.0,72.5,0.0,46.6,0.0,-278,within_review_threshold
south-shore-line,South Shore Line,2026-07-10,B,89.7,94.0,100.0,100.0,58.8,1635,within_review_threshold
southeast-area-transit-district,Southeast Area Transit District,2026-07-10,F,44.5,60.0,0.0,58.3,,-1139,within_review_threshold
southeast-area-transit-district-2240,Southeast Area Transit District,2026-07-10,C,78.0,69.5,100.0,72.4,,352,within_review_threshold
southeast-area-transit-district-552,Southeast Area Transit District,2026-07-10,F,44.5,60.0,0.0,58.3,,-1139,within_review_threshold
southeastern-pennsylvania-transportation-authority-septa,Bus,2026-07-10,D,60.8,32.2,36.7,92.5,95.5,22,within_review_threshold
southeastern-pennsylvania-transportation-authority-septa-503,Rail,2026-07-10,C,73.7,76.8,25.0,92.5,93.3,15,within_review_threshold
southeastern-regional-transit-authority-srta,Southeastern Regional Transit Authority (SRTA),2026-07-10,F,52.4,71.5,0.0,67.5,,-13,within_review_threshold
southeastern-regional-transit-authority-srta-421,Southeastern Regional Transit Authority (SRTA),2026-07-10,F,51.5,69.5,0.0,67.5,,-13,within_review_threshold
southwest-point,SouthWest POINT,2026-07-10,F,48.5,68.0,0.0,60.0,,-1821,within_review_threshold
southwest-rides,Flex,2026-07-10,C,75.5,94.0,100.0,30.0,,326,within_review_threshold
spirit-bus,Spirit Bus,2026-07-10,F,52.3,86.0,0.0,47.0,,-830,within_review_threshold
spirit-bus-2202,Spirit Bus,2026-07-10,D,63.2,83.5,50.0,30.0,82.5,30,within_review_threshold
spirit-bus-39,Spirit Bus,2026-07-10,F,52.3,86.0,0.0,47.0,,-830,within_review_threshold
spokane-transit-authority-sta,Spokane Transit Authority (STA),2026-07-10,B,82.4,65.2,100.0,92.5,,71,within_review_threshold
springfield-mass-transit-district-smtd,Springfield Mass Transit District (SMTD),2026-07-10,F,55.8,63.5,0.0,70.2,79.9,-34,within_review_threshold
springfield-mass-transit-district-smtd-3187,Springfield Mass Transit District (SMTD),2026-07-10,C,72.9,75.5,71.7,70.2,,43,within_review_threshold
squaxin-island-transit,Squaxin Island Transit,2026-07-10,F,53.8,77.5,0.0,63.8,,-983,within_review_threshold
squaxin-island-transit-2197,Squaxin Island Transit,2026-07-10,B,83.1,90.0,100.0,60.0,,83,within_review_threshold
squaxin-island-transit-846,Squaxin Island Transit,2026-07-10,F,53.8,77.5,0.0,63.8,,-983,within_review_threshold
st-lawrence-county-public-transit,St Lawrence County Public Transit,2026-07-10,F,40.4,66.8,0.0,35.7,,-71,within_review_threshold
st-lawrence-county-public-transit-2611,St Lawrence County Public Transit,2026-07-10,F,55.5,72.8,50.0,35.7,,30,within_review_threshold
st-mary-s-transit-system-sts,St. Mary's Transit System (STS),2026-07-10,F,42.6,71.5,0.0,36.3,,-1985,within_review_threshold
stagecoach-transportation-services-sts,Stagecoach Transportation Services (STS),2026-07-10,F,21.4,15.0,0.0,47.5,,-2382,within_review_threshold
stagecoach-transportation-services-sts-449,Stagecoach Transportation Services (STS),2026-07-10,F,21.4,15.0,0.0,47.5,,-2382,within_review_threshold
stanford-marguerite-shuttle-sms,Stanford Marguerite Shuttle (SMS),2026-07-10,A,92.9,83.8,100.0,100.0,,343,within_review_threshold
stanislaus-regional-transit-authority,Stanislaus Regional Transit Authority,2026-07-10,F,44.4,80.0,0.0,30.0,,-39,within_review_threshold
stanislaus-regional-transit-authority-stanrta,Stanislaus Regional Transit Authority (StanRTA),2026-07-10,F,42.7,45.5,0.0,37.4,87.2,-861,within_review_threshold
stanislaus-regional-transit-start,Stanislaus Regional Transit (StaRT),2026-07-10,F,47.6,66.0,0.0,59.9,,-2017,within_review_threshold
stanislaus-regional-transit-start-2273,Stanislaus Regional Transit (StaRT),2026-07-10,C,75.2,88.0,100.0,37.5,,355,within_review_threshold
stanislaus-regional-transit-start-87,Stanislaus Regional Transit (StaRT),2026-07-10,F,47.6,66.0,0.0,59.9,,-2017,within_review_threshold
star-transit,STAR Transit,2026-07-10,B,85.4,84.0,100.0,75.6,,539,within_review_threshold
star-transit-153,STAR Transit,2026-07-10,B,85.4,84.0,100.0,75.6,,539,within_review_threshold
star-transit-2444,Flex,2026-07-10,D,66.0,60.0,100.0,47.1,,114,within_review_threshold
star-transit-819,STAR Transit,2026-07-10,C,78.2,88.0,100.0,47.1,,114,within_review_threshold
stark-area-regional-transit-authority-sarta,Stark Area Regional Transit Authority (SARTA),2026-07-10,F,29.2,40.0,0.0,37.6,,-972,within_review_threshold
stark-area-regional-transit-authority-sarta-2001,Stark Area Regional Transit Authority (SARTA),2026-07-10,F,50.9,62.0,48.3,37.5,,29,within_review_threshold
starmetro,StarMetro,2026-07-10,F,56.8,71.8,0.0,81.4,,-677,within_review_threshold
starmetro-344,StarMetro,2026-07-10,F,56.8,71.8,0.0,81.4,,-677,within_review_threshold
startran,StarTran,2026-07-10,F,52.1,65.5,0.0,75.0,,-2017,within_review_threshold
startran-2269,StarTran,2026-07-10,D,68.2,72.0,100.0,37.5,,539,within_review_threshold
staten-island-ferry,Staten Island Ferry,2026-06-27,F,26.2,60.0,0.0,0.0,,,unknown
steamboat-springs-transit,Flex v2 included,2026-07-10,B,84.0,92.0,100.0,59.9,,140,within_review_threshold
steel-valley-regional-transit-authority,Steel Valley Regional Transit Authority,2026-07-10,F,45.9,67.5,0.0,52.4,,-191,within_review_threshold
steuben-area-rides,Steuben Area Rides,2026-07-10,F,18.2,25.5,0.0,22.5,,-2017,within_review_threshold
steuben-county-transit,Steuben County Transit,2026-07-10,F,26.5,44.5,0.0,22.5,,-191,within_review_threshold
streamline,Streamline,2026-07-10,B,80.3,83.5,100.0,60.0,,905,within_review_threshold
streamline-295,Streamline,2026-07-10,B,80.3,83.5,100.0,60.0,,905,within_review_threshold
suburban-mobility-authority-for-regional-transit-smart,Suburban Mobility Authority for Regional Transit (SMART),2026-07-10,B,84.3,94.5,96.7,60.2,,58,within_review_threshold
suffolk-county-transit,Suffolk County Transit,2026-07-10,F,32.5,66.0,0.0,37.5,0.0,-191,within_review_threshold
suffolk-county-transit-3115,Suffolk County Transit,2026-07-10,F,58.4,52.8,85.0,45.0,,26837,unusually_distant
sullivan-county-transit,Sullivan County Transit,2026-07-10,F,51.7,53.5,85.0,22.5,,174,within_review_threshold
summit-stage,Summit Stage,2026-07-10,C,79.6,84.0,100.0,57.1,,127,within_review_threshold
summit-stage-820,Summit Stage,2026-07-10,C,79.6,84.0,100.0,57.1,,127,within_review_threshold
sun-metro,Sun Metro,2026-07-10,C,71.3,73.0,100.0,45.9,,155,within_review_threshold
sunline-transit-agency,SunLine Transit Agency,2026-07-10,F,20.3,9.0,0.0,52.5,,-191,within_review_threshold
sunset-empire-transportation-district-setd-tillamook-county-transportation-district-columbia-county-rider,"Sunset Empire Transportation District (SETD), Tillamook County Transportation District, Columbia County Rider",2026-07-10,B,81.0,92.0,88.3,59.7,,53,within_review_threshold
sunshine-bus-company,Sunshine Bus Company,2026-07-10,F,41.2,62.0,0.0,45.0,,-1287,within_review_threshold
sunshine-bus-company-350,Sunshine Bus Company,2026-07-10,F,41.2,62.0,0.0,45.0,,-1287,within_review_threshold
suntran,SunTran,2026-07-10,F,47.3,76.0,0.0,44.8,,-419,within_review_threshold
suntran-2354,SunTran,2026-07-10,F,55.7,72.0,0.0,77.5,,-55,within_review_threshold
suntran-343,SunTran,2026-07-10,F,54.6,82.0,0.0,60.0,,-708,within_review_threshold
suntran-utah,SunTran Utah,2026-07-10,F,58.6,69.2,85.0,22.5,,1665,within_review_threshold
swan-island-evening-shuttle,Swan Island Evening Shuttle,2026-07-10,C,79.8,90.0,100.0,49.3,,144,within_review_threshold
taft-area-transit,Taft Area Transit,2026-07-10,F,51.1,74.0,0.0,60.0,,-1652,within_review_threshold
taft-area-transit-821,Taft Area Transit,2026-07-10,F,51.1,74.0,0.0,60.0,,-1652,within_review_threshold
tahoe-area-regional-transit-tart-north-lake-tahoe-express,Placer County,2026-07-10,C,75.4,84.0,98.3,45.0,,59,within_review_threshold
tahoe-area-regional-transit-tart-north-lake-tahoe-express-94,Placer County,2026-07-10,C,75.4,84.0,98.3,45.0,,59,within_review_threshold
tahoe-transportation-district,Tahoe Transportation District,2026-07-10,D,69.0,77.0,85.0,45.0,,26837,unusually_distant
tahoe-transportation-district-897,Tahoe Transportation District,2026-07-10,D,69.0,77.0,85.0,45.0,,26837,unusually_distant
tar-river-transit,Tar River Transit,2026-07-10,B,85.9,98.0,100.0,57.7,,206,within_review_threshold
tar-river-transit-472,Tar River Transit,2026-07-10,B,85.9,98.0,100.0,57.7,,206,within_review_threshold
tehama-rural-area-express-trax-susanville-indian-rancheria-public-transportation-program,"Tehama Rural Area Express (TRAX), Susanville Indian Rancheria Public Transportation Program",2026-07-10,F,51.4,76.0,0.0,58.1,,-70,within_review_threshold
tehama-rural-area-express-trax-susanville-indian-rancheria-public-transportation-program-116,"Tehama Rural Area Express (TRAX), Susanville Indian Rancheria Public Transportation Program",2026-07-10,F,51.4,76.0,0.0,58.1,,-70,within_review_threshold
teller-senior-coalition-transit-tsc-transit,Teller Senior Coalition Transit (TSC Transit),2026-07-10,B,86.6,98.0,100.0,60.0,,175,within_review_threshold
teller-senior-coalition-transit-tsc-transit-827,Teller Senior Coalition Transit (TSC Transit),2026-07-10,B,86.6,98.0,100.0,60.0,,175,within_review_threshold
terre-haute-transit-utility,Terre Haute Transit Utility,2026-07-10,F,52.0,76.0,0.0,59.9,,-374,within_review_threshold
terre-haute-transit-utility-387,Terre Haute Transit Utility,2026-07-10,F,52.0,76.0,0.0,59.9,,-374,within_review_threshold
the-comet,The Comet,2026-07-10,F,36.3,38.5,0.0,62.2,,-1582,within_review_threshold
the-comet-1197,The Comet,2026-07-10,F,36.3,38.5,0.0,62.2,,-1582,within_review_threshold
the-comet-2209,The Comet,2026-07-10,B,81.1,85.5,100.0,59.7,,183,within_review_threshold
the-current,The Current,2026-07-10,F,39.5,47.8,0.0,59.4,,-1689,within_review_threshold
the-current-428,The Current,2026-07-10,F,39.5,47.8,0.0,59.4,,-1689,within_review_threshold
the-jo,The JO,2026-07-10,F,40.9,77.5,0.0,22.5,,-2597,within_review_threshold
the-jule,The Jule,2026-07-10,F,41.7,72.0,0.0,32.8,,-2597,within_review_threshold
the-jule-2083,The Jule,2026-07-10,C,76.0,84.0,100.0,45.6,,447,within_review_threshold
the-moccasin-express,The Moccasin Express,2026-07-10,B,82.2,90.0,100.0,57.0,,114,within_review_threshold
the-otter-express,Flex v2 included,2026-07-10,D,61.7,88.0,36.7,45.0,,22,within_review_threshold
the-rapid,The Rapid,2026-07-10,D,68.7,71.0,85.0,52.5,,51,within_review_threshold
the-santa-cruzer,The Santa Cruzer,2026-07-10,A,91.6,99.5,98.3,75.0,,59,within_review_threshold
the-victoria-clipper,The Victoria Clipper,2026-07-10,F,58.1,77.5,0.0,77.5,,-3054,within_review_threshold
thebus,TheBus,2026-07-10,F,9.5,5.5,0.0,22.6,,-951,within_review_threshold
thebus-2350,TheBus,2026-07-10,F,40.1,34.5,71.7,22.6,,43,within_review_threshold
thousand-oaks-transit,Thousand Oaks Transit,2026-07-10,C,72.7,92.0,100.0,55.2,33.3,338,within_review_threshold
thousand-oaks-transit-33,Thousand Oaks Transit,2026-07-10,C,72.7,92.0,100.0,55.2,33.3,338,within_review_threshold
thousand-oaks-transit-kanan-shuttle,Thousand Oaks Transit - Kanan Shuttle,2026-07-10,F,56.6,86.5,0.0,60.0,,-96,within_review_threshold
tompkins-consolidated-area-transit-inc,Tompkins Consolidated Area Transit Inc,2026-07-10,C,73.0,81.0,60.0,52.5,97.5,36,within_review_threshold
torrance-transit,Torrance Transit,2026-07-10,F,54.3,73.5,0.0,70.9,,-909,within_review_threshold
town-of-estes-park,Town of Estes Park,2026-07-10,C,72.8,88.0,100.0,29.8,,318,within_review_threshold
town-of-mountain-village,Town of Mountain Village,2026-07-10,F,51.1,73.2,0.0,60.9,,-1195,within_review_threshold
town-of-mountain-village-594,Town of Mountain Village,2026-07-10,F,51.1,73.2,0.0,60.9,,-1195,within_review_threshold
town-of-telluride,Town of Telluride,2026-07-10,F,43.9,66.0,0.0,48.2,,-1197,within_review_threshold
town-of-telluride-2050,Flex v2 included,2026-07-10,B,81.6,87.8,100.0,58.2,,101,within_review_threshold
town-of-telluride-603,Town of Telluride,2026-07-10,F,43.9,66.0,0.0,48.2,,-1197,within_review_threshold
towson-loop,Towson Loop,2026-07-10,D,67.8,95.5,50.0,30.0,84.5,30,within_review_threshold
transfort,Flex,2026-07-10,B,80.2,94.0,100.0,45.0,,83,within_review_threshold
transfort-city-of-fort-collins-transfort,Transfort – City of Fort Collins (Transfort),2026-07-10,F,39.9,53.5,0.0,52.8,,-790,within_review_threshold
transit-authority-of-northern-kentucky-tank,Transit Authority of Northern Kentucky (TANK),2026-07-10,F,30.6,50.0,0.0,52.5,0.0,-922,within_review_threshold
transit-authority-of-northern-kentucky-tank-2068,Transit Authority of Northern Kentucky (TANK),2026-07-10,C,70.9,67.5,100.0,52.5,,119,within_review_threshold
transit-authority-of-river-city-tarc,Transit Authority of River City (TARC),2026-07-10,F,16.4,20.0,0.0,37.5,0.0,-398,within_review_threshold
transit-authority-of-river-city-tarc-2662,Fixed Route,2026-07-10,D,62.9,64.0,36.7,52.5,100.0,22,within_review_threshold
transit-orange-newburgh-local-transit,Transit Orange / Newburgh Local Transit,2026-07-10,F,55.3,83.2,0.0,60.4,,-907,within_review_threshold
transportation-management-association-of-chester-county-tmacc,Transportation Management Association of Chester County (TMACC),2026-07-10,C,71.7,83.2,85.0,45.0,,538,within_review_threshold
tri-delta-transit,Tri Delta Transit,2026-07-10,F,50.2,88.0,0.0,37.5,,-1652,within_review_threshold
tri-valley-transit,Tri-Valley Transit,2026-07-10,C,78.8,81.8,100.0,57.8,,114,within_review_threshold
tri-valley-transit-852,Tri-Valley Transit,2026-07-10,C,78.8,81.8,100.0,57.8,,114,within_review_threshold
trimet-portland-streetcar,"TriMet, Portland Streetcar",2026-07-10,C,71.8,46.2,100.0,85.0,,141,within_review_threshold
trinity-metro,Trinity Metro,2026-07-10,C,75.1,77.0,100.0,52.5,,78,within_review_threshold
trinity-transit,Trinity Transit,2026-07-10,F,53.7,80.0,0.0,60.0,,-184,within_review_threshold
trinity-transit-115,Trinity Transit,2026-07-10,F,53.7,80.0,0.0,60.0,,-184,within_review_threshold
trinity-transit-2709,Trinity Transit,2026-07-10,B,87.6,88.8,100.0,76.0,,174,within_review_threshold
tsc-transit,Flex v2 included,2026-07-10,F,55.5,88.0,0.0,54.4,,-9,within_review_threshold
tulare-county-area-transit-tcat,Tulare County Area Transit (TCAT),2026-07-10,C,73.8,75.0,100.0,51.0,,83,within_review_threshold
turlock-transit,Turlock Transit,2026-07-10,B,80.6,78.0,100.0,68.7,,173,within_review_threshold
turlock-transit-619,Turlock Transit,2026-07-10,B,80.6,78.0,100.0,68.7,,173,within_review_threshold
ucsc-transportation-and-parking-services,UCSC Transportation and Parking Services,2026-07-10,F,50.8,83.0,0.0,46.4,,-188,within_review_threshold
ulster-county-area-transit,Ulster County Area Transit,2026-07-10,F,53.3,42.0,85.0,43.9,,174,within_review_threshold
union-city-transit,Union City Transit,2026-07-10,F,51.9,58.0,0.0,84.9,,-1017,within_review_threshold
union-gap,Union Gap,2026-07-10,B,83.1,90.0,100.0,60.0,,265,within_review_threshold
union-gap-277,Union Gap,2026-07-10,B,83.1,90.0,100.0,60.0,,265,within_review_threshold
unitrans,Unitrans (ASUCD / City of Davis),2026-07-10,B,80.8,84.8,100.0,60.0,,74,within_review_threshold
university-of-california-berkeley-shuttle-bear-transit,University of California Berkeley Shuttle (Bear Transit),2026-07-10,F,45.1,68.0,0.0,49.1,,-1652,within_review_threshold
university-of-california-berkeley-shuttle-bear-transit-226,University of California Berkeley Shuttle (Bear Transit),2026-07-10,F,45.1,68.0,0.0,49.1,,-1652,within_review_threshold
university-of-colorado-boulder,University of Colorado Boulder,2026-07-10,C,72.9,88.0,68.3,55.3,,41,within_review_threshold
university-of-colorado-boulder-181,University of Colorado Boulder,2026-07-10,C,72.9,88.0,68.3,55.3,,41,within_review_threshold
university-of-iowa-cambus-cambus,University of Iowa - CAMBUS (CAMBUS),2026-07-10,C,73.5,96.0,70.0,44.7,,42,within_review_threshold
university-of-iowa-cambus-cambus-197,University of Iowa - CAMBUS (CAMBUS),2026-07-10,C,73.5,96.0,70.0,44.7,,42,within_review_threshold
university-of-michigan-transit-services,University of Michigan Transit Services,2026-07-10,F,48.6,58.0,0.0,74.2,,-1532,within_review_threshold
university-of-michigan-transit-services-2072,University of Michigan Transit Services,2026-07-10,C,71.9,68.0,71.7,77.4,,43,within_review_threshold
university-of-montana-udash,University of Montana (UDASH),2026-07-10,F,49.9,74.0,0.0,56.0,,-790,within_review_threshold
university-of-montana-udash-293,University of Montana (UDASH),2026-07-10,F,49.9,74.0,0.0,56.0,,-790,within_review_threshold
upper-arkansas-area-council-of-governments,Flex,2026-07-10,F,57.0,88.0,36.7,30.0,,22,within_review_threshold
upper-merion-rambler,Upper Merion Rambler,2026-07-10,B,81.7,92.0,100.0,52.5,,174,within_review_threshold
usf-bull-runner,USF Bull Runner,2026-07-10,C,70.2,85.0,85.0,37.5,,1635,within_review_threshold
uta,UTA,2026-07-10,F,19.6,0.0,0.0,62.6,,-818,within_review_threshold
uta-2349,UTA,2026-07-10,F,48.2,30.0,60.0,64.1,,36,within_review_threshold
utah-transit-authority-uta,Utah Transit Authority (UTA),2026-07-10,F,48.2,30.0,60.0,64.1,,36,within_review_threshold
utrans,UTrans,2026-07-10,F,48.6,76.0,0.0,49.2,,-404,within_review_threshold
utrans-123,UTrans,2026-07-10,F,48.6,76.0,0.0,49.2,,-404,within_review_threshold
vail-transit,Vail Transit,2026-07-10,B,80.0,88.0,100.0,52.9,,149,within_review_threshold
vail-transit-174,Vail Transit,2026-07-10,B,80.0,88.0,100.0,52.9,,149,within_review_threshold
valley-metro,Valley Metro,2026-07-10,F,46.3,72.2,0.0,47.1,,-3843,within_review_threshold
valley-metro-1239,Valley Metro,2026-07-10,F,46.3,72.2,0.0,47.1,,-3843,within_review_threshold
valley-metro-2274,Valley Metro,2026-07-10,F,33.0,0.0,85.0,37.6,,26837,unusually_distant
valley-metro-2437,Flex,2026-07-10,C,74.3,98.0,88.3,30.0,,53,within_review_threshold
valley-metro-vm,Valley Metro (VM),2026-07-10,B,80.0,83.2,100.0,45.0,98.3,107,within_review_threshold
valley-regional-transit,Valley Regional Transit,2026-07-10,C,78.6,83.5,100.0,37.5,100.0,334,within_review_threshold
valley-retriever-busline,Valley Retriever Busline,2026-07-10,F,44.5,69.5,0.0,45.0,,-3343,within_review_threshold
valley-transit-wi,Valley Transit (WI),2026-07-10,F,47.3,63.5,0.0,62.5,,-922,within_review_threshold
valley-transit-wi-2069,Valley Transit (WI),2026-07-10,D,60.4,61.0,85.0,39.7,,26837,unusually_distant
valparaiso-transit,Valparaiso Transit,2026-07-10,B,84.9,94.0,100.0,60.0,,114,within_review_threshold
valparaiso-transit-620,Valparaiso Transit,2026-07-10,B,84.9,94.0,100.0,60.0,,114,within_review_threshold
ventura-county-transportation-commission,Ventura County Transportation Commission,2026-07-10,F,45.8,62.0,0.0,59.9,,-329,within_review_threshold
ventura-county-transportation-commission-3096,Ventura County Transportation Commission,2026-07-10,B,82.4,99.0,100.0,45.0,,1635,within_review_threshold
ventura-county-transportation-commission-31,Ventura County Transportation Commission,2026-07-10,F,45.8,62.0,0.0,59.9,,-329,within_review_threshold
verde-lynx,Verde Lynx,2026-07-10,F,51.3,74.5,0.0,60.0,,-3477,within_review_threshold
verde-lynx-159,Verde Lynx,2026-07-10,F,51.3,74.5,0.0,60.0,,-3477,within_review_threshold
vermont-translines,Vermont Translines,2026-07-10,B,84.0,92.0,100.0,60.0,,206,within_review_threshold
vermont-translines-450,Vermont Translines,2026-07-10,B,84.0,92.0,100.0,60.0,,206,within_review_threshold
via-metropolitan-transit-via,VIA Metropolitan Transit (VIA),2026-07-10,F,12.4,1.0,0.0,38.2,,-796,within_review_threshold
via-metropolitan-transit-via-2348,VIA Metropolitan Transit (VIA),2026-07-10,F,50.7,57.0,73.3,23.8,,44,within_review_threshold
via-mobility,Via Mobility,2026-07-10,F,50.0,71.8,0.0,59.4,,-496,within_review_threshold
via-mobility-180,Via Mobility,2026-07-10,F,50.0,71.8,0.0,59.4,,-496,within_review_threshold
via-mobility-2395,Via Mobility,2026-07-10,D,65.5,72.8,50.0,44.9,94.2,30,within_review_threshold
victor-valley-transit-authority-vvta,Victor Valley Transit Authority (VVTA),2026-07-10,F,43.7,71.5,0.0,39.8,,-468,within_review_threshold
victor-valley-transit-authority-vvta-99,Victor Valley Transit Authority (VVTA),2026-07-10,F,43.7,71.5,0.0,39.8,,-468,within_review_threshold
village-of-cooperstown-trolly-system,Village of Cooperstown Trolly System,2026-07-10,F,44.7,75.5,0.0,37.5,,-1766,within_review_threshold
vine-transit,VINE Transit,2026-07-10,B,87.8,89.2,100.0,76.0,,113,within_review_threshold
vineyard-fast-ferry,Vineyard Fast Ferry,2026-07-10,C,76.5,85.5,100.0,45.0,,94,within_review_threshold
vineyard-fast-ferry-419,Vineyard Fast Ferry,2026-07-10,C,76.5,85.5,100.0,45.0,,94,within_review_threshold
virginia-breeze,Virginia Breeze,2026-07-10,F,40.4,61.5,0.0,43.1,,-1470,within_review_threshold
virginia-railway-express-vre,Virginia Railway Express (VRE),2026-07-10,F,28.3,54.0,0.0,37.5,0.0,-588,within_review_threshold
virginia-regional-transit,Virginia Regional Transit,2026-07-10,B,83.2,91.8,100.0,57.7,,113,within_review_threshold
virginia-regional-transit-2445,Flex,2026-07-10,C,75.8,81.8,88.3,57.3,,53,within_review_threshold
virginia-regional-transit-621,Virginia Regional Transit,2026-07-10,B,83.2,91.8,100.0,57.7,,113,within_review_threshold
votran,Votran,2026-07-10,F,39.2,37.2,0.0,38.0,83.3,-1637,within_review_threshold
vtrans,Springfield MicroMoo,2026-07-10,D,62.8,43.8,100.0,59.5,,83,within_review_threshold
wahkiakum-ferry,Wahkiakum Ferry,2026-07-10,F,48.5,68.0,0.0,60.0,,-982,within_review_threshold
wahkiakum-ferry-2193,Wahkiakum Ferry,2026-07-10,B,83.1,90.0,100.0,60.0,,144,within_review_threshold
wahkiakum-ferry-604,Wahkiakum Ferry,2026-07-10,F,48.5,68.0,0.0,60.0,,-982,within_review_threshold
wahkiakum-on-the-move,Wahkiakum on the Move,2026-07-10,B,81.8,89.2,100.0,56.9,,113,within_review_threshold
wahkiakum-on-the-move-249,Wahkiakum on the Move,2026-07-10,B,81.8,89.2,100.0,56.9,,113,within_review_threshold
wallowa-community-connection-wcc-northeast-oregon-public-transit,"Wallowa Community Connection (WCC), Northeast Oregon Public Transit",2026-07-10,B,80.1,90.0,100.0,50.3,,144,within_review_threshold
washington-county-transit,Washington County Transit,2026-07-10,F,29.4,51.0,0.0,22.8,,-1744,within_review_threshold
washington-county-transit-2286,Washington County Transit,2026-07-10,C,78.3,90.0,100.0,44.7,,175,within_review_threshold
washington-metropolitan-area-transit-authority-wmata,Bus,2026-07-10,F,39.9,59.0,0.0,45.0,,-566,within_review_threshold
washington-metropolitan-area-transit-authority-wmata-1847,Rail,2026-07-10,F,26.7,27.0,0.0,47.7,,-637,within_review_threshold
washington-park-shuttle,Washington Park Shuttle,2026-07-10,F,58.5,100.0,46.7,30.0,33.3,28,within_review_threshold
washington-state-department-of-transportation-wsdot-apple-line,Washington State Department of Transportation (WSDOT Apple Line),2026-07-10,C,70.1,65.5,100.0,52.5,,174,within_review_threshold
washington-state-ferries,Washington State Ferries,2026-07-10,D,65.4,72.0,70.0,52.5,,51,within_review_threshold
washington-state-ferries-1331,Washington State Ferries,2026-07-10,F,37.3,41.2,11.7,52.5,,16,within_review_threshold
water-avenue-shuttle,Water Avenue Shuttle,2026-07-10,F,41.5,73.5,0.0,30.0,,-2247,within_review_threshold
watertown-citibus,Watertown Citibus,2026-07-10,F,45.7,76.5,0.0,39.2,,-191,within_review_threshold
watertown-citibus-2881,Watertown Citibus,2026-07-10,D,63.7,95.5,50.0,30.0,,30,within_review_threshold
waukesha-metro-transit,Waukesha Metro Transit,2026-07-10,F,51.6,76.0,0.0,58.7,,-404,within_review_threshold
waukesha-metro-transit-396,Waukesha Metro Transit,2026-07-10,F,51.6,76.0,0.0,58.7,,-404,within_review_threshold
wave-transit,fixed route,2026-07-10,C,72.6,82.0,100.0,37.5,,174,within_review_threshold
wave-transit-1861,fixed route,2026-07-10,F,44.1,74.0,0.0,37.5,,-1228,within_review_threshold
wave-transit-1862,UNCW Seahawk Shuttle,2026-07-10,F,50.3,77.5,0.0,52.5,,-1158,within_review_threshold
wave-transit-2026,UNCW Seahawk Shuttle,2026-07-10,F,48.2,83.5,0.0,37.5,,-428,within_review_threshold
west-berkeley-shuttle,West Berkeley Shuttle,2026-07-10,F,47.3,70.0,0.0,53.3,,-1652,within_review_threshold
west-berkeley-shuttle-622,West Berkeley Shuttle,2026-07-10,F,47.3,70.0,0.0,53.3,,-1652,within_review_threshold
westcat,WestCAT,2026-07-10,C,75.7,80.8,86.7,59.9,,52,within_review_threshold
westcat-78,WestCAT,2026-07-10,C,75.7,80.8,86.7,59.9,,52,within_review_threshold
westchester-county-bee-line-system-wcdot,Westchester County Bee-Line System (WCDOT),2026-07-10,D,62.5,51.0,100.0,48.5,,67,within_review_threshold
westchester-county-bee-line-system-wcdot-2353,Westchester County Bee-Line System (WCDOT),2026-07-10,F,30.4,53.2,0.0,22.8,,-313,within_review_threshold
western-reserve-transit-authority,Western Reserve Transit Authority,2026-07-10,F,16.9,22.5,0.0,22.5,,-2043,within_review_threshold
whatcom-transportation-authority,Whatcom Transportation Authority,2026-07-10,A,94.2,92.0,100.0,92.5,,71,within_review_threshold
wheatland-ferry,Wheatland Ferry,2026-07-10,B,82.2,88.0,100.0,60.0,,113,within_review_threshold
whitehorse-transit,Whitehorse Transit (Yukon),2026-07-10,F,58.7,69.5,85.0,22.5,,8939,unusually_distant
wichita-transit,Wichita Transit,2026-07-10,F,11.7,0.0,0.0,37.5,,-1057,within_review_threshold
williamsburg-area-transit-authority,Williamsburg Area Transit Authority,2026-07-10,F,43.0,55.2,0.0,60.4,,-1106,within_review_threshold
williamsburg-area-transit-authority-2438,Flex,2026-07-10,C,78.5,90.0,100.0,45.1,,114,within_review_threshold
williamsburg-area-transit-authority-2649,Williamsburg Area Transit Authority,2026-07-10,F,58.6,87.5,36.7,35.6,,31,within_review_threshold
williamsburg-area-transit-authority-901,Williamsburg Area Transit Authority,2026-07-10,F,43.0,55.2,0.0,60.4,,-1106,within_review_threshold
williamsburg-area-transit-authority-wata,Williamsburg Area Transit Authority (WATA),2026-07-10,F,35.1,37.2,0.0,60.1,,-1106,within_review_threshold
winter-park-transit,Winter Park Transit,2026-07-10,C,78.8,88.0,100.0,49.1,,127,within_review_threshold
winter-park-transit-175,Winter Park Transit,2026-07-10,C,78.8,88.0,100.0,49.1,,127,within_review_threshold
wintran,WinTran,2026-07-10,C,74.9,82.0,100.0,45.0,,206,within_review_threshold
wintran-608,WinTran,2026-07-10,C,74.9,82.0,100.0,45.0,,206,within_review_threshold
woodburn-transit-service-wts,Woodburn Transit Service (WTS),2026-07-10,B,83.6,100.0,86.7,58.1,,52,within_review_threshold
worcester-regional-transit-authority-wrta,Worcester Regional Transit Authority (WRTA),2026-07-10,F,54.3,75.5,38.3,37.5,,32,within_review_threshold
worcester-regional-transit-authority-wrta-432,Worcester Regional Transit Authority (WRTA),2026-07-10,F,54.3,75.5,38.3,37.5,,32,within_review_threshold
xpress,Xpress,2026-07-10,F,56.7,76.0,0.0,75.0,,-1106,within_review_threshold
xpress-1118,Xpress,2026-07-10,F,56.7,76.0,0.0,75.0,,-1106,within_review_threshold
xpress-2355,Xpress,2026-07-10,F,26.2,60.0,0.0,0.0,,,unknown
yakima-transit,Yakima Transit,2026-07-10,F,28.4,9.2,85.0,10.0,,3461,within_review_threshold
yamhill-county-transit-area,Yamhill County Transit Area,2026-07-10,B,81.7,92.0,100.0,52.5,,539,within_review_threshold
yankee-line,Yankee Line,2026-07-10,B,87.5,100.0,100.0,60.0,,83,within_review_threshold
yankee-line-443,Yankee Line,2026-07-10,B,87.5,100.0,100.0,60.0,,83,within_review_threshold
yates-transit-service,Yates Transit Service,2026-07-10,F,34.7,61.5,0.0,25.0,,-191,within_review_threshold
yolo-county-transportation-district-yolobus,Yolo County Transportation District (Yolobus),2026-07-10,F,55.4,82.0,0.0,62.4,,-159,within_review_threshold
yolobus,Yolobus (Yolo County Transportation District),2026-07-10,B,82.2,90.0,83.3,62.4,92.2,59,within_review_threshold
yosemite-area-regional-transportation-system-yarts,Yosemite Area Regional Transportation System (YARTS),2026-07-10,F,53.7,80.0,0.0,60.0,,-283,within_review_threshold
yosemite-area-regional-transportation-system-yarts-2394,Yosemite Area Regional Transportation System (YARTS),2026-07-10,F,47.5,65.8,0.0,60.0,,-50,within_review_threshold
yosemite-area-regional-transportation-system-yarts-88,Yosemite Area Regional Transportation System (YARTS),2026-07-10,F,53.7,80.0,0.0,60.0,,-283,within_review_threshold
yuba-sutter-transit,Yuba-Sutter Transit,2026-07-10,C,79.3,82.0,100.0,59.1,,174,within_review_threshold
yuba-sutter-transit-79,Yuba-Sutter Transit,2026-07-10,C,79.3,82.0,100.0,59.1,,174,within_review_threshold
yuma-county-intergovernmental-public-transportation-authority-ycipta,Yuma County Intergovernmental Public Transportation Authority (YCIPTA),2026-07-10,D,69.3,83.0,85.0,37.5,,175,within_review_threshold
